# c0 + a0 * (PF / NBI) + a1 * (Al + O) + a2 * (AAV / E_T) + a3 * (O + E_T)
# Property Label: $ln_{D}$; Unit of the Property: Unitless
# RMSE: 0.328320095752139; Max AE: 1.65905783213083
# Coefficients
# Task   a0                      a1                      a2                      a3                      c0
# all , -1.136791607691088e+00, -2.134287142510275e+00,  7.711971032979245e-01, -5.630559117492897e-01, -1.268897312144537e+01, 
# Feature Rung, Units, and Expressions
# 0;  1; Unitless;                                         2|4|div; (PF / NBI); $\left(\frac{ PF }{ NBI } \right)$; (PF ./ NBI); (newdata$PF / newdata$NBI); PF,NBI
# 1;  1; Unitless;                                         14|11|add; (Al + O); $\left(Al + O\right)$; (Al + O); (newdata$Al + newdata$O); Al,O
# 2;  1; A^3;                                              1|0|div; (AAV / E_T); $\left(\frac{ AAV }{ E_{T} } \right)$; (AAV ./ E_T); (newdata$AAV / newdata$E_T); AAV,E_T
# 3;  1; Unitless;                                         11|0|add; (O + E_T); $\left(O + E_{T}\right)$; (O + E_T); (newdata$O + newdata$E_T); O,E_T
# Number of Samples Per Task
# Task, n_samples               
# all , 1041                  

# Sample ID , Property Value        ,  Property Value (EST) ,  Feature 0 Value      ,  Feature 1 Value      ,  Feature 2 Value      ,  Feature 3 Value      
s1          , -2.244947812336508e+01, -2.213227834364886e+01,  5.165081433357119e-01,  6.313868613138686e-01,  1.036155960055312e+00,  1.475459637507883e+01
s2          , -2.298888400764099e+01, -2.296949304472161e+01,  5.681630383731537e-01,  4.679245283018868e-01,  1.146956204277227e+00,  1.690858891402743e+01
s3          , -1.755271246623431e+01, -1.784873275711635e+01,  7.046190773197187e-01,  1.086956521739130e-01,  2.405148651695441e+00,  1.062347521346189e+01
s4          , -1.917258847351942e+01, -1.883024016373108e+01,  6.064510126509773e-01,  0.000000000000000e+00,  2.101804607194077e+00,  1.256138883866988e+01
s5          , -2.000094091703784e+01, -2.068621168751101e+01,  5.493112987054934e-01,  4.076923076923077e-01,  1.610837343161285e+00,  1.375516458063223e+01
s6          , -2.179532463031582e+01, -2.162869500119581e+01,  5.784278636291468e-01,  6.183206106870229e-01,  1.078765494109917e+00,  1.384309598910606e+01
s7          , -2.156980503382011e+01, -2.147751531143392e+01,  8.154276614488759e-01,  6.607929515418502e-01,  1.193422153329478e+00,  1.309215039088110e+01
s8          , -2.070680399014268e+01, -2.067347836101320e+01,  6.583487515437011e-01,  0.000000000000000e+00,  1.690396250097580e+00,  1.516675061424882e+01
s9          , -2.311678210871720e+01, -2.283651805841796e+01,  9.967377234843064e-01,  4.682926829268293e-01,  9.560669124771134e-01,  1.554429437036547e+01
s10         , -1.955558688693647e+01, -1.937679064650111e+01,  1.137912260768169e+00,  0.000000000000000e+00,  1.933140051067598e+00,  1.222805813900046e+01
s11         , -1.929232032084748e+01, -1.916404066224813e+01,  4.370992251447368e-01,  0.000000000000000e+00,  1.940399180315321e+00,  1.327507070089868e+01
s12         , -1.972420304545977e+01, -1.938499555273378e+01,  8.896597755200102e-01,  3.947368421052632e-01,  1.998681886941838e+00,  1.133734758203288e+01
s13         , -1.649771434553038e+01, -1.648551713901348e+01,  5.077693086052749e-01,  0.000000000000000e+00,  2.737351526953811e+00,  9.466828401885049e+00
s14         , -1.814284237715737e+01, -1.827526550754439e+01,  5.932910316447554e-01,  0.000000000000000e+00,  2.402013438895067e+00,  1.201349596978806e+01
s15         , -2.140988745272463e+01, -2.112391854124670e+01,  1.124064064911505e+00,  0.000000000000000e+00,  1.439787720781966e+00,  1.468322909220248e+01
s16         , -2.271802967642396e+01, -2.242357538156651e+01,  8.536807828944921e-01,  5.575221238938053e-01,  9.524813963997988e-01,  1.475658727713754e+01
s17         , -1.845283706311921e+01, -1.830069247559945e+01,  6.713726943614471e-01,  0.000000000000000e+00,  2.056665709362223e+00,  1.142800033320397e+01
s18         , -2.106370881996578e+01, -2.159545091040869e+01,  6.738585009138754e-01,  4.897119341563786e-01,  1.319237659752585e+00,  1.440824491533685e+01
s19         , -2.166440903696862e+01, -2.176103888547529e+01,  8.530733714530758e-01,  3.059360730593607e-01,  8.763575189251922e-01,  1.443051728603995e+01
s20         , -1.957524373940041e+01, -1.929743221083905e+01,  6.455695321164151e-01,  3.952569169960474e-02,  2.093182556888432e+00,  1.315052032586146e+01
s21         , -2.230012329283520e+01, -2.295310258397862e+01,  1.203673876794372e+00,  5.212765957446809e-01,  1.127273411898110e+00,  1.536721127393174e+01
s22         , -1.709175230426198e+01, -1.665830271651082e+01,  7.055250488689214e-01,  0.000000000000000e+00,  3.118769270840444e+00,  9.896851008472128e+00
s23         , -2.271630669020732e+01, -2.268778842471485e+01,  7.471572549410471e-01,  3.166666666666667e-01,  8.725584942673178e-01,  1.624440842103852e+01
s24         , -1.997593461761007e+01, -2.048603692912095e+01,  7.118488392719141e-01,  3.472803347280335e-01,  1.506705259829999e+00,  1.315785989508156e+01
s25         , -2.228124530569044e+01, -2.292757439241928e+01,  1.371367113476184e+00,  5.141242937853108e-01,  9.093562118081087e-01,  1.471194330614414e+01
s26         , -1.806502239865187e+01, -1.822994946223205e+01,  7.386681433347492e-01,  1.673469387755102e-01,  2.781885066555508e+00,  1.152546264842853e+01
s27         , -2.017409009594002e+01, -2.011258484289012e+01,  8.716589586265744e-01,  1.052631578947368e-01,  1.622988379193338e+00,  1.324859416106476e+01
s28         , -1.658938425028538e+01, -1.685973398607170e+01,  4.931255786548856e-01,  5.862068965517241e-02,  2.861928863887989e+00,  1.010943601151142e+01
s29         , -2.262132344831001e+01, -2.328367720631492e+01,  1.324878781895523e+00,  4.293785310734464e-01,  8.440411851861376e-01,  1.567002114573491e+01
s30         , -1.697997334312175e+01, -1.711287692606889e+01,  6.065444886669565e-01,  0.000000000000000e+00,  2.479604187836506e+00,  1.002858254282004e+01
s31         , -1.964904728113367e+01, -1.978653925432305e+01,  1.188172242085945e+00,  2.842105263157895e-01,  1.964530410062725e+00,  1.181998989834859e+01
s32         , -2.151059652715050e+01, -2.105076989348076e+01,  8.905464125598285e-01,  0.000000000000000e+00,  1.364694787682733e+00,  1.492192795742413e+01
s33         , -2.289264810431292e+01, -2.340226036720595e+01,  1.089624002350999e+00,  4.126984126984127e-01,  8.533303850978228e-01,  1.643154904597763e+01
s34         , -2.302504917991390e+01, -2.258983472542775e+01,  1.478090003144594e+00,  7.954545454545454e-02,  1.363775669393310e+00,  1.616633110132655e+01
s35         , -2.244061385591441e+01, -2.238389151668464e+01,  1.036655803575196e+00,  5.145631067961165e-01,  9.578189981795995e-01,  1.448683589230736e+01
s36         , -2.239655424600443e+01, -2.200330769255451e+01,  3.266187212906813e-01,  6.102236421725240e-01,  1.233385749643939e+00,  1.525928067599527e+01
s37         , -2.226102540809307e+01, -2.203184260106898e+01,  3.531495909957666e-01,  5.389830508474577e-01,  1.212763995904474e+00,  1.549818995129651e+01
s38         , -2.102436377352775e+01, -2.150548772681313e+01,  1.419667749389314e+00,  3.099415204678362e-01,  1.389566521505559e+00,  1.352045780437927e+01
s39         , -2.141661104833067e+01, -2.099706932964384e+01,  8.758796084894347e-01,  8.161434977578476e-01,  1.258530240392281e+00,  1.161713035157313e+01
s40         , -1.990275935468409e+01, -1.976520152124269e+01,  1.368793378547939e+00,  1.702127659574468e-01,  1.926602339311937e+00,  1.179759001050850e+01
s41         , -1.952311408648237e+01, -1.943974063056534e+01,  1.123356305609270e+00,  2.189054726368159e-01,  2.071346978201281e+00,  1.172877329673941e+01
s42         , -1.862175379272403e+01, -1.909841589686895e+01,  5.911563542438496e-01,  6.521739130434782e-02,  2.015493775638456e+00,  1.270312834940833e+01
s43         , -2.257821044890805e+01, -2.243954306596299e+01,  9.293985973693624e-01,  7.235023041474655e-01,  1.007957810908817e+00,  1.407890359041090e+01
s44         , -1.984867902879579e+01, -1.973767044336857e+01,  1.174568436442579e+00,  0.000000000000000e+00,  1.998128279017881e+00,  1.288399317036714e+01
s45         , -1.928264199244582e+01, -1.945905155125197e+01,  9.760875891627540e-01,  3.030303030303030e-02,  1.867600606601592e+00,  1.249624222608577e+01
s46         , -2.007096062658339e+01, -2.010280727671413e+01,  6.699102141004497e-01,  1.098039215686274e-01,  1.747680422343079e+00,  1.379212732718986e+01
s47         , -1.842882744186564e+01, -1.852080543946486e+01,  5.542553454313331e-01,  0.000000000000000e+00,  1.909992251218413e+00,  1.185448877277465e+01
s48         , -1.712958329507449e+01, -1.705444213779192e+01,  7.054977995873041e-01,  0.000000000000000e+00,  3.030082022642366e+00,  1.047898688927233e+01
s49         , -2.142142340445580e+01, -2.196117288883665e+01,  6.135359833781386e-01,  3.359683794466403e-01,  1.315424159134331e+00,  1.575711280873738e+01
s50         , -2.022197746600499e+01, -2.012337704682783e+01,  7.740164354920850e-01,  0.000000000000000e+00,  1.755264668041759e+00,  1.404507687388660e+01
s51         , -2.208446385448407e+01, -2.242218697765475e+01,  9.948458408447785e-01,  4.070351758793970e-01,  9.594456075374770e-01,  1.504907950960228e+01
s52         , -2.030062191637932e+01, -2.039541289341729e+01,  2.515395917343078e-01,  4.397759103641457e-01,  1.532077992568908e+00,  1.361040272199163e+01
s53         , -1.881589086732163e+01, -1.906164426039611e+01,  6.687496114257532e-01,  6.188524590163935e-01,  1.702674556068679e+00,  9.954128737823392e+00
s54         , -2.389190768082197e+01, -2.404780838667152e+01,  1.117580237155085e+00,  3.333333333333333e-01,  7.362363092669901e-01,  1.766207135869826e+01
s55         , -1.989931101552115e+01, -1.986341022522194e+01,  7.875229153275906e-01,  9.016393442622951e-02,  1.812169616279344e+00,  1.329227122811093e+01
s56         , -2.293632659980805e+01, -2.334865023607061e+01,  1.280628866217657e+00,  5.108695652173912e-01,  8.759004303621019e-01,  1.560949510283250e+01
s57         , -2.165250835772914e+01, -2.136982757706821e+01,  5.925559493349998e-01,  3.983050847457627e-01,  8.885075629773588e-01,  1.392820623909980e+01
s58         , -2.493828100106786e+01, -2.455769655544156e+01,  9.446088604714257e-01,  5.333333333333333e-01,  7.668164644031927e-01,  1.820064394160582e+01
s59         , -2.019609135900962e+01, -1.982196719824449e+01,  1.086945615369124e+00,  0.000000000000000e+00,  1.808095980815346e+00,  1.295033344640037e+01
s60         , -1.686951544328429e+01, -1.708440989647771e+01,  5.335302302029524e-01,  5.594405594405594e-02,  2.893533050058825e+00,  1.048032280800659e+01
s61         , -1.698686520707895e+01, -1.741573902764067e+01,  4.648362379384635e-01,  4.620462046204620e-02,  2.565919914346682e+00,  1.079565976127190e+01
s62         , -1.961666852236879e+01, -1.975423052306402e+01,  1.041298572475540e+00,  0.000000000000000e+00,  1.864052097140146e+00,  1.299883252854930e+01
s63         , -2.363642228074260e+01, -2.315896828798942e+01,  9.438404065223605e-01,  4.528301886792453e-01,  9.602475451750238e-01,  1.628810851264553e+01
s64         , -2.123215125329894e+01, -2.169810169944535e+01,  1.199061044823546e+00,  5.051546391752577e-01,  1.066252430269236e+00,  1.312514729915971e+01
s65         , -2.229595939650926e+01, -2.200626954964547e+01,  8.334584047995836e-01,  4.868421052631579e-01,  1.087081754113368e+00,  1.450854380874742e+01
s66         , -2.209517036440609e+01, -2.191651271708441e+01,  9.418791211678947e-01,  2.906403940886699e-01,  1.308484767873070e+00,  1.517719420649046e+01
s67         , -2.100952424313996e+01, -2.059562411411256e+01,  4.155252200714535e-01,  5.231316725978647e-01,  1.260333277051735e+00,  1.294673837424978e+01
s68         , -2.306714632630091e+01, -2.298527453360752e+01,  1.092895558657403e+00,  3.492063492063492e-01,  1.048015208950573e+00,  1.619168966157265e+01
s69         , -2.116954741071400e+01, -2.119630410434413e+01,  6.595879562819226e-01,  3.794466403162055e-01,  1.085725620350663e+00,  1.382629528419714e+01
s70         , -2.268552320802911e+01, -2.176542674250586e+01,  7.361822749193626e-01,  5.254237288135594e-01,  1.157407018864510e+00,  1.422727557521243e+01
s71         , -1.844586653395837e+01, -1.892592120747635e+01,  5.149793095740114e-01,  0.000000000000000e+00,  2.060987133836947e+00,  1.286009272831540e+01
s72         , -2.185924535832699e+01, -2.166927465977105e+01,  7.988555005713230e-01,  4.893617021276596e-01,  1.034775257187849e+00,  1.389870248804440e+01
s73         , -1.814705961150877e+01, -1.827573917532324e+01,  6.222313699637819e-01,  0.000000000000000e+00,  1.783096977674916e+00,  1.110820035458225e+01
s74         , -2.269683109870329e+01, -2.353754826576602e+01,  1.292648197431861e+00,  4.382022471910113e-01,  8.072563677339127e-01,  1.610214489007334e+01
s75         , -2.162544692540680e+01, -2.174961970192711e+01,  1.061121807980006e+00,  5.637254901960784e-01,  1.308464709272564e+00,  1.360487330389796e+01
s76         , -1.799713371423827e+01, -1.831141677344862e+01,  5.785312986038351e-01,  0.000000000000000e+00,  2.235378662189497e+00,  1.187926729201374e+01
s77         , -1.808839931225978e+01, -1.783120479273879e+01,  8.653833293989871e-01,  0.000000000000000e+00,  2.460307685758818e+00,  1.075533210664907e+01
s78         , -1.710463489071706e+01, -1.709366581701299e+01,  5.545745806935953e-01,  0.000000000000000e+00,  2.645450331813020e+00,  1.032654213885252e+01
s79         , -2.130172009097587e+01, -2.135084128528255e+01,  5.227374846440092e-01,  4.448398576512456e-01,  1.075199049408754e+00,  1.411475985979630e+01
s80         , -2.075517304342145e+01, -2.066268217196977e+01,  1.008255869511903e+00,  2.000000000000000e-02,  1.452606657602781e+00,  1.403962267054964e+01
s81         , -1.679587307458704e+01, -1.698995538129811e+01,  6.001881855397231e-01,  0.000000000000000e+00,  2.521072250576480e+00,  9.879901566191508e+00
s82         , -1.961963418382102e+01, -1.950327624870497e+01,  1.115636707744321e+00,  1.015228426395939e-02,  2.041634778484727e+00,  1.260779164185863e+01
s83         , -1.732943596118787e+01, -1.748358583087756e+01,  7.694340516372967e-01,  0.000000000000000e+00,  2.606902655566480e+00,  1.053245723854915e+01
s84         , -2.091958911511147e+01, -2.114184142227432e+01,  5.076203313639354e-01,  1.349480968858132e-01,  1.551846754028081e+00,  1.560159713860114e+01
s85         , -1.931803893900067e+01, -1.916080056859193e+01,  7.733978917621470e-01,  1.731601731601732e-01,  1.861091893625949e+00,  1.182534491088885e+01
s86         , -2.124992178205270e+01, -2.099636989938280e+01,  9.094791665717095e-01,  5.963302752293578e-01,  1.465185909255171e+00,  1.266431172306523e+01
s87         , -2.000999990609716e+01, -1.991068479823475e+01,  9.473782830797750e-01,  1.026785714285714e-01,  1.783409506128339e+00,  1.296666020769036e+01
s88         , -1.933594922663024e+01, -1.952851129580490e+01,  1.037700466934006e+00,  0.000000000000000e+00,  1.987769196219324e+00,  1.277466533661714e+01
s89         , -2.128477820873118e+01, -2.148273451735114e+01,  6.716692583902315e-01,  5.180722891566265e-01,  1.203219078223844e+00,  1.394607053773596e+01
s90         , -2.009844325702736e+01, -2.037699177421364e+01,  7.255650527916814e-01,  1.841004184100418e-01,  1.582100080818975e+00,  1.365830652508399e+01
s91         , -2.185233402642529e+01, -2.232981846657760e+01,  1.153555875873310e+00,  4.791666666666667e-01,  9.424092506884553e-01,  1.426784901333161e+01
s92         , -1.852873985612102e+01, -1.863793770386929e+01,  8.531187389475353e-01,  2.280701754385965e-01,  2.431092977751686e+00,  1.130834584278522e+01
s93         , -2.244477787769646e+01, -2.222385763672393e+01,  7.972140327623323e-01,  5.462555066079295e-01,  1.177640454734012e+00,  1.486698731291654e+01
s94         , -2.069748145715988e+01, -2.067436597518751e+01,  1.018579921525696e+00,  1.850000000000000e-01,  1.502296558390489e+00,  1.348214843596203e+01
s95         , -1.839144268754908e+01, -1.779174072667211e+01,  5.149023581629019e-01,  0.000000000000000e+00,  2.560431169014763e+00,  1.152998821423509e+01
s96         , -2.061908691885885e+01, -2.038673823834305e+01,  1.018322964500566e+00,  0.000000000000000e+00,  1.634394653273932e+00,  1.385401409772986e+01
s97         , -2.336181657728519e+01, -2.313429201292768e+01,  8.501796412932897e-01,  2.982456140350877e-01,  8.377497322907254e-01,  1.685155949830643e+01
s98         , -1.913590175727989e+01, -1.911424399511197e+01,  1.050082431409472e+00,  2.572815533980582e-01,  2.141740011288164e+00,  1.124957011796191e+01
s99         , -1.764848235022367e+01, -1.789408641838317e+01,  5.428235647603717e-01,  2.173913043478261e-01,  2.869415112664520e+00,  1.125455758320133e+01
s100        , -2.003395952271198e+01, -1.989401696937999e+01,  1.193826676542591e+00,  2.574257425742574e-01,  1.917576764689887e+00,  1.203667478368263e+01
s101        , -2.047737186068138e+01, -2.026468670376146e+01,  3.724452115651787e-01,  3.973509933774834e-01,  1.270830049791948e+00,  1.293711721418137e+01
s102        , -1.813404261594337e+01, -1.837906836222627e+01,  6.201785748882279e-01,  1.861313868613139e-01,  2.797082783100908e+00,  1.197914028615624e+01
s103        , -2.094885731266024e+01, -2.077146449475620e+01,  1.232748122929018e+00,  1.666666666666667e-01,  1.496556737191034e+00,  1.328383059938385e+01
s104        , -1.695125455205811e+01, -1.684779888557531e+01,  7.909910529525900e-01,  1.034482758620690e-01,  3.163638692626756e+00,  9.730178352806050e+00
s105        , -2.089913046364001e+01, -2.160415030429526e+01,  6.795689542159608e-01,  4.801762114537445e-01,  1.180745739132042e+00,  1.425862425174133e+01
s106        , -2.193421435204462e+01, -2.207306941778413e+01,  1.017194508046695e+00,  4.384236453201971e-01,  9.356966596485239e-01,  1.423241023366987e+01
s107        , -1.938858975045087e+01, -1.954795372764160e+01,  1.011959219005111e+00,  0.000000000000000e+00,  2.217253767190358e+00,  1.317548290753482e+01
s108        , -2.184761912256448e+01, -2.204809004744275e+01,  9.156123275592406e-01,  5.377358490566038e-01,  9.853850515648519e-01,  1.408474671757332e+01
s109        , -1.765266017099491e+01, -1.819747366622088e+01,  5.130131141241472e-01,  0.000000000000000e+00,  2.171623743704563e+00,  1.172185806929322e+01
s110        , -2.222643790681205e+01, -2.174384136299345e+01,  2.938827010936310e-01,  5.243902439024390e-01,  1.384160170409748e+00,  1.539642090794856e+01
s111        , -2.198367498730207e+01, -2.176768317528429e+01,  1.015442496951398e+00,  4.264705882352941e-01,  1.152845563128723e+00,  1.403630411474320e+01
s112        , -2.341727175416096e+01, -2.304892016613056e+01,  9.947059062094259e-01,  7.101449275362318e-01,  8.954383511197690e-01,  1.492583563625486e+01
s113        , -2.064750776227555e+01, -2.055450461395301e+01,  1.172752553472776e+00,  2.769230769230769e-01,  1.635895316111798e+00,  1.279254945745329e+01
s114        , -2.335281852671257e+01, -2.309896238880863e+01,  7.909516043358269e-01,  5.594713656387665e-01,  8.523997223284921e-01,  1.593827111771199e+01
s115        , -2.467653405274963e+01, -2.442506218677179e+01,  8.396861710704765e-01,  4.511627906976744e-01,  7.634794701735030e-01,  1.848381815774889e+01
s116        , -2.119630992652875e+01, -2.166058749579860e+01,  7.870781361690424e-01,  8.418803418803418e-01,  1.125745795088011e+00,  1.269541427842483e+01
s117        , -1.681518237222159e+01, -1.691969008791809e+01,  5.039787707507953e-01,  2.380952380952381e-02,  2.716308484747896e+00,  1.012650943718846e+01
s118        , -1.725426000439147e+01, -1.699539776281524e+01,  4.956447975653270e-01,  0.000000000000000e+00,  2.765109009733373e+00,  1.043488529488588e+01
s119        , -2.026224064054247e+01, -2.085484072531887e+01,  4.400676975570681e-01,  5.693950177935944e-01,  1.535942889241976e+00,  1.355969171211263e+01
s120        , -2.061376236446881e+01, -2.074056629918947e+01,  1.260844229027587e+00,  2.972972972972973e-01,  1.559711883243773e+00,  1.276356997028038e+01
s121        , -2.090204853596659e+01, -2.135799750544394e+01,  1.008272564481744e+00,  3.575129533678756e-01,  1.288911010639156e+00,  1.377091967385798e+01
s122        , -1.679179791839329e+01, -1.682260285426968e+01,  4.574046020180055e-01,  0.000000000000000e+00,  2.730542042051373e+00,  1.015785824080087e+01
s123        , -1.729435756680531e+01, -1.746749512639568e+01,  5.191095888860333e-01,  1.227436823104693e-01,  2.713963301363941e+00,  1.069064870595319e+01
s124        , -1.927065840811719e+01, -1.989955968784339e+01,  8.476466947455584e-01,  3.399014778325123e-01,  1.800025898355193e+00,  1.227181204948513e+01
s125        , -2.074667074869674e+01, -2.067974921374671e+01,  1.025697467010929e+00,  0.000000000000000e+00,  1.849698911352858e+00,  1.465441369143456e+01
s126        , -1.981090987888966e+01, -1.968832520178973e+01,  8.622151733188381e-01,  1.880341880341880e-01,  1.897230945026535e+00,  1.257603910863909e+01
s127        , -1.791042209268825e+01, -1.805511070794526e+01,  8.011641255756935e-01,  2.179487179487180e-01,  2.830408814554687e+00,  1.096342074710310e+01
s128        , -2.199486439730610e+01, -2.228412658534163e+01,  1.089272723219923e+00,  5.400000000000000e-01,  1.019722749949334e+00,  1.419178696268343e+01
s129        , -1.847106084369403e+01, -1.793615209097016e+01,  6.454897128663565e-01,  0.000000000000000e+00,  2.353677795945652e+00,  1.123963188621170e+01
s130        , -2.183307419908922e+01, -2.145752166834858e+01,  9.848052808437169e-01,  8.056872037914692e-01,  1.165879518501869e+00,  1.212772141001261e+01
s131        , -1.937195493711046e+01, -1.944026537925793e+01,  1.006060765042960e+00,  0.000000000000000e+00,  1.862611936809212e+00,  1.251039480543867e+01
s132        , -1.756898825137140e+01, -1.768902305789212e+01,  6.052317610465406e-01,  3.292181069958848e-02,  2.298157319244474e+00,  1.068116876943261e+01
s133        , -1.952720456066259e+01, -1.951406577489416e+01,  8.136982045805679e-01,  1.371681415929203e-01,  1.730232708901185e+00,  1.232858313110352e+01
s134        , -1.792604080418195e+01, -1.806778495240968e+01,  6.041382905826171e-01,  0.000000000000000e+00,  2.021861370159095e+00,  1.110242516566509e+01
s135        , -2.163690184151209e+01, -2.204906843269961e+01,  5.633007783876781e-01,  5.444015444015444e-01,  1.219453073793193e+00,  1.509311774902272e+01
s136        , -2.266590946104735e+01, -2.258042334222378e+01,  1.083245978083588e+00,  4.179894179894180e-01,  1.145514815534177e+00,  1.536496353258194e+01
s137        , -1.871948299194560e+01, -1.885392372786735e+01,  9.999781689171237e-01,  2.890995260663507e-01,  2.174079303716616e+00,  1.081208091250872e+01
s138        , -2.098569970792443e+01, -2.112775402740041e+01,  7.066927683428578e-01,  4.310344827586207e-01,  1.359717429685272e+00,  1.378917639300211e+01
s139        , -1.946420871832499e+01, -1.953817297603612e+01,  1.077844036902696e+00,  0.000000000000000e+00,  1.870098919550478e+00,  1.254960745678858e+01
s140        , -1.890485827097119e+01, -1.914306585907069e+01,  5.346935501059673e-01,  0.000000000000000e+00,  1.817718669266467e+00,  1.287274819122136e+01
s141        , -2.048387804329865e+01, -2.106052126611392e+01,  4.649310006932499e-01,  3.573883161512028e-01,  1.127827857891488e+00,  1.411942687752941e+01
s142        , -1.712146112463541e+01, -1.710718338748734e+01,  5.262839997360403e-01,  0.000000000000000e+00,  2.811451451097972e+00,  1.063503307944266e+01
s143        , -2.146398341435241e+01, -2.173536098797894e+01,  9.181051625968438e-01,  5.169082125603864e-01,  9.241925283622067e-01,  1.351943477141218e+01
s144        , -2.296743054539722e+01, -2.217866106803744e+01,  7.241722100473169e-01,  7.797356828193833e-01,  9.591004616624904e-01,  1.374984357600055e+01
s145        , -2.169591974109321e+01, -2.162619063530273e+01,  1.046264850690956e+00,  2.060301507537688e-01,  1.291095042620013e+00,  1.474772486021735e+01
s146        , -2.268369172314783e+01, -2.245303686110777e+01,  8.355252121758885e-01,  4.953703703703703e-01,  9.019701654785615e-01,  1.501197248920169e+01
s147        , -2.121406114253308e+01, -2.168780043527572e+01,  9.525786446612381e-01,  3.417085427135679e-01,  1.218822291033892e+00,  1.443301065918475e+01
s148        , -2.139826235530006e+01, -2.089699200428281e+01,  6.752210187753243e-01,  3.574297188755020e-01,  1.411705574043046e+00,  1.379308649347700e+01
s149        , -1.818204101397333e+01, -1.830939122723932e+01,  1.001507916211850e+00,  0.000000000000000e+00,  2.235276714566152e+00,  1.102155418219650e+01
s150        , -2.236615053154114e+01, -2.198137476571487e+01,  8.192665386896096e-01,  5.638766519823789e-01,  1.024576759107227e+00,  1.411536952764653e+01
s151        , -2.007280490017163e+01, -1.995615730834795e+01,  1.212174062471298e+00,  5.263157894736842e-02,  1.914932508149346e+00,  1.288265380989843e+01
s152        , -2.043501428229088e+01, -2.031327980670768e+01,  9.575732219994915e-01,  0.000000000000000e+00,  1.778879532948835e+00,  1.404409768312792e+01
s153        , -2.294208833005412e+01, -2.258118239985757e+01,  5.966646513335934e-01,  6.093750000000000e-01,  9.631752726649149e-01,  1.537350462418146e+01
s154        , -1.941555486932839e+01, -1.954263969476231e+01,  9.105931730914657e-01,  0.000000000000000e+00,  1.834026474855951e+00,  1.284580740558312e+01
s155        , -2.030625886040805e+01, -2.046077636600135e+01,  5.826773387407713e-01,  0.000000000000000e+00,  1.694053192246129e+00,  1.494677397921330e+01
s156        , -1.755225478861601e+01, -1.774199420393555e+01,  9.376184969797923e-01,  7.619047619047620e-02,  2.638428091049416e+00,  1.040621343103610e+01
s157        , -1.981494689568535e+01, -1.957410873852336e+01,  1.196344758196731e+00,  1.479591836734694e-01,  1.979408058379191e+00,  1.196305228847324e+01
s158        , -2.120666701656112e+01, -2.121964503009422e+01,  1.059213625424540e+00,  2.575757575757576e-01,  1.346904627203272e+00,  1.388060209426527e+01
s159        , -2.199339551508707e+01, -2.183930997192997e+01,  8.444359871327072e-01,  4.587155963302753e-01,  1.163234983229535e+00,  1.440077546134532e+01
s160        , -1.822712376873660e+01, -1.793964206842242e+01,  6.617399842531654e-01,  0.000000000000000e+00,  2.525975852866973e+00,  1.144901174575771e+01
s161        , -1.850131544535105e+01, -1.884748129481785e+01,  3.836456054471414e-01,  0.000000000000000e+00,  1.600682162509401e+00,  1.235547726368276e+01
s162        , -2.165239460618542e+01, -2.180178414507717e+01,  4.578620124910687e-01,  6.425992779783394e-01,  1.383062635112103e+00,  1.471868011421221e+01
s163        , -2.054863013411503e+01, -2.034947074999036e+01,  1.049297637989982e+00,  0.000000000000000e+00,  1.740304054373744e+00,  1.387034957334042e+01
s164        , -2.244259094688993e+01, -2.297426728449453e+01,  1.250920792589270e+00,  3.314606741573033e-01,  9.810631037402437e-01,  1.582865659844279e+01
s165        , -2.169401378729562e+01, -2.132096032715815e+01,  6.038266447616210e-01,  6.124031007751938e-01,  1.122875453177346e+00,  1.332811932116928e+01
s166        , -1.893544650248816e+01, -1.864712769790106e+01,  8.159082697407197e-01,  0.000000000000000e+00,  1.808306204331776e+00,  1.141129553095953e+01
s167        , -1.990371422830687e+01, -1.987364588656068e+01,  7.072164574664194e-01,  0.000000000000000e+00,  1.666815829329050e+00,  1.361527054558242e+01
s168        , -2.358382467591309e+01, -2.347572105658919e+01,  9.501293933551611e-01,  2.769953051643192e-01,  7.369272415473448e-01,  1.719860718653397e+01
s169        , -2.234616115486217e+01, -2.291825813311851e+01,  1.119902342709900e+00,  3.043478260869565e-01,  1.005067042898177e+00,  1.612935478977028e+01
s170        , -1.980105726485419e+01, -1.979936433544218e+01,  6.094734541133141e-01,  1.477272727272727e-01,  1.792396828733343e+00,  1.329272204335284e+01
s171        , -2.225344967355102e+01, -2.189507638307843e+01,  6.478374111644303e-01,  5.160000000000000e-01,  1.026278102981660e+00,  1.449202023078759e+01
s172        , -2.076076397080535e+01, -2.067483304499454e+01,  1.088380936422621e+00,  7.575757575757576e-02,  1.563809609880073e+00,  1.384039216674582e+01
s173        , -2.167162181633835e+01, -2.157478547579906e+01,  1.129512463011905e+00,  2.760416666666666e-01,  1.324638508576296e+00,  1.426891557079287e+01
s174        , -2.217746151284670e+01, -2.216446897533173e+01,  6.604528859937616e-01,  4.637096774193548e-01,  1.113985712337177e+00,  1.526333589360475e+01
s175        , -1.912249737452136e+01, -1.921390947463925e+01,  6.574006082816690e-01,  1.121076233183857e-01,  1.634416961282701e+00,  1.207481616662599e+01
s176        , -2.262880123350610e+01, -2.219223794126832e+01,  8.292413684118819e-01,  3.716814159292036e-01,  9.142217776010312e-01,  1.504710337676838e+01
s177        , -1.998504477748202e+01, -2.036239616426471e+01,  6.450504445520450e-01,  4.344262295081967e-01,  1.363530324357924e+00,  1.254670323833827e+01
s178        , -1.778030448780716e+01, -1.805475274438815e+01,  4.632428660697666e-01,  0.000000000000000e+00,  2.352126481419850e+00,  1.181609501064194e+01
s179        , -2.322340610724453e+01, -2.373289006635723e+01,  1.294169291768898e+00,  6.702127659574468e-01,  8.781902783506105e-01,  1.566371523811240e+01
s180        , -1.682543251402466e+01, -1.660392173018912e+01,  4.966049517108261e-01,  0.000000000000000e+00,  3.115778742854569e+00,  1.021797602734254e+01
s181        , -1.586682207916231e+01, -1.555022354443244e+01,  4.064508564543290e-01,  0.000000000000000e+00,  3.580369206312803e+00,  9.164935050667212e+00
s182        , -2.348293513803748e+01, -2.329465450815172e+01,  1.069871007914503e+00,  4.166666666666667e-01,  1.094015404023320e+00,  1.659493490750253e+01
s183        , -2.155098810628208e+01, -2.133138536562745e+01,  1.189063039196796e+00,  8.994708994708994e-02,  1.479111628621521e+00,  1.463337632043750e+01
s184        , -2.324937775466465e+01, -2.304150920568496e+01,  6.683951190884319e-01,  5.875000000000000e-01,  8.822251989802131e-01,  1.601827768028003e+01
s185        , -2.378592453308165e+01, -2.393374763868701e+01,  1.273352726236760e+00,  5.026737967914439e-01,  8.187790467119131e-01,  1.661616091207551e+01
s186        , -2.071202883303041e+01, -2.111064951670458e+01,  9.531325203565901e-01,  2.970297029702970e-01,  1.268492215111830e+00,  1.364424745508790e+01
s187        , -2.027503475690737e+01, -2.016868728895227e+01,  8.822752148698231e-01,  7.725321888412018e-02,  1.726447385152100e+00,  1.357467636644940e+01
s188        , -2.214013663755619e+01, -2.235843168663419e+01,  1.211196656981948e+00,  2.762430939226519e-01,  1.139811931419569e+00,  1.524185745578024e+01
s189        , -2.074030596943589e+01, -2.068167500608494e+01,  5.228528300318327e-01,  4.022556390977444e-01,  1.492934602855953e+00,  1.365964696847662e+01
s190        , -1.914542963593283e+01, -1.907217138280501e+01,  8.503005298966844e-01,  0.000000000000000e+00,  2.051667127850298e+00,  1.243006840855953e+01
s191        , -1.679323473828856e+01, -1.720024721074110e+01,  5.803745625466344e-01,  2.796934865900383e-01,  2.929134262274666e+00,  9.792105345470995e+00
s192        , -1.690928184419942e+01, -1.702723769585977e+01,  5.320280744922641e-01,  0.000000000000000e+00,  2.772030126979435e+00,  1.042745668048493e+01
s193        , -2.273712334380998e+01, -2.322436869702366e+01,  1.275073081720478e+00,  4.860335195530726e-01,  9.971574027117803e-01,  1.566020855474843e+01
s194        , -2.090019731082972e+01, -2.123279777231654e+01,  7.344686645827394e-01,  3.333333333333333e-01,  1.260445484629287e+00,  1.415402898658779e+01
s195        , -1.910778599576077e+01, -1.902750148404795e+01,  6.781522397899419e-01,  0.000000000000000e+00,  2.073598094135898e+00,  1.272833351311171e+01
s196        , -1.918378235513936e+01, -1.892419143333008e+01,  9.080747440886828e-01,  0.000000000000000e+00,  1.918825805002795e+00,  1.186866051266241e+01
s197        , -2.010118773573690e+01, -2.035259799744029e+01,  1.052152919372514e+00,  5.076142131979695e-02,  1.539914038689628e+00,  1.340325872950210e+01
s198        , -2.040069724820686e+01, -2.046846293654380e+01,  6.915099596952803e-01,  4.631147540983607e-01,  1.208319001453340e+00,  1.231994762888217e+01
s199        , -2.033728659050214e+01, -2.038431065812615e+01,  7.417408596733366e-01,  5.474137931034483e-01,  1.519260975717726e+00,  1.217542352836298e+01
s200        , -1.788348829912646e+01, -1.760884885295732e+01,  5.588947494798128e-01,  0.000000000000000e+00,  2.527958967492725e+00,  1.107187292348849e+01
s201        , -1.891783601993355e+01, -1.907042858328116e+01,  4.950972367853852e-01,  0.000000000000000e+00,  1.631702467897850e+00,  1.256890682981615e+01
s202        , -2.174492495952721e+01, -2.195148347832197e+01,  6.325248727551147e-01,  4.693877551020408e-01,  1.163442821752966e+00,  1.498767120138662e+01
s203        , -2.185008698942601e+01, -2.154491847082505e+01,  1.080592958192465e+00,  0.000000000000000e+00,  1.488753148636309e+00,  1.558576737373445e+01
s204        , -2.086349108831322e+01, -2.104486939171031e+01,  1.087251017094973e+00,  1.554404145077720e-01,  1.436795188260265e+00,  1.402385816917237e+01
s205        , -2.088054945703831e+01, -2.126924558686112e+01,  5.614123099787931e-01,  5.175438596491229e-01,  1.027448082614272e+00,  1.355077050703550e+01
s206        , -2.114956534802060e+01, -2.158883507746041e+01,  6.459530356135883e-01,  5.250000000000000e-01,  1.276111857651157e+00,  1.426000654092923e+01
s207        , -1.936064601068155e+01, -1.935449146173845e+01,  4.366240979304583e-01,  3.605015673981191e-01,  2.436730727333023e+00,  1.292758569165825e+01
s208        , -2.173553987268506e+01, -2.150533973258247e+01,  1.295018671809335e+00,  0.000000000000000e+00,  1.469084855556071e+00,  1.505561714464207e+01
s209        , -1.958079034508013e+01, -1.957171646708816e+01,  8.389155196601711e-01,  0.000000000000000e+00,  1.899157104226923e+00,  1.313137030716577e+01
s210        , -2.077095411669474e+01, -2.130857224548581e+01,  7.087254998165521e-01,  4.045454545454545e-01,  1.226728393966190e+00,  1.402446716334467e+01
s211        , -2.106003856984427e+01, -2.073835427127531e+01,  9.960996147296189e-01,  1.190476190476190e-01,  1.563053215675869e+00,  1.397439155284893e+01
s212        , -1.921431398034701e+01, -1.919108905294616e+01,  1.028682193308380e+00,  1.179245283018868e-01,  2.153649982427038e+00,  1.197380638388994e+01
s213        , -1.891211086691480e+01, -1.891855851553985e+01,  8.475650480120273e-01,  2.139737991266376e-01,  2.151616522412231e+00,  1.148859167756084e+01
s214        , -1.797391097043976e+01, -1.747020547987669e+01,  4.525470714634127e-01,  0.000000000000000e+00,  2.805728179941672e+00,  1.142080201332158e+01
s215        , -2.046416066581664e+01, -2.035087704682347e+01,  8.547642766740035e-01,  0.000000000000000e+00,  1.678649382241011e+00,  1.418115757870495e+01
s216        , -2.054695205981560e+01, -2.052298845102314e+01,  9.640903923787983e-01,  4.593301435406699e-01,  1.579897933132375e+00,  1.238973893516988e+01
s217        , -2.064527960557822e+01, -2.060154966735054e+01,  6.488109682508439e-01,  2.539682539682540e-01,  1.488867720754026e+00,  1.381955648495783e+01
s218        , -2.267569057486860e+01, -2.274732400058204e+01,  9.499654263235440e-01,  4.788732394366197e-01,  1.027731211451861e+00,  1.553836538743195e+01
s219        , -1.969996813819463e+01, -2.017212588128934e+01,  5.531592451118033e-01,  1.684981684981685e-01,  1.679750164420826e+00,  1.383543054291951e+01
s220        , -2.056541179285701e+01, -2.130150762101172e+01,  8.436187977847595e-01,  4.708737864077670e-01,  1.022627200762091e+00,  1.320860476174501e+01
s221        , -2.147236245537334e+01, -2.131757121150044e+01,  1.077131592792200e+00,  0.000000000000000e+00,  1.478252112744971e+00,  1.517459901226886e+01
s222        , -1.817717386569833e+01, -1.828292124487377e+01,  8.875431025859044e-01,  0.000000000000000e+00,  2.403094224751516e+00,  1.143448766575017e+01
s223        , -2.049263974761081e+01, -2.034876506181491e+01,  9.283097646189181e-01,  6.912442396313365e-02,  1.576723667407794e+00,  1.362729772694011e+01
s224        , -2.147370851727396e+01, -2.150218178464829e+01,  3.908848017563372e-01,  4.898648648648649e-01,  1.231653153512649e+00,  1.469337056935865e+01
s225        , -2.297636192643720e+01, -2.242304826208280e+01,  7.304910512777335e-01,  5.922746781115880e-01,  9.348770040116872e-01,  1.484852405719847e+01
s226        , -2.349615644619751e+01, -2.266069183559024e+01,  7.629981101434895e-01,  5.726495726495726e-01,  9.602111122143216e-01,  1.531404269832646e+01
s227        , -1.994214785348108e+01, -2.059179022581841e+01,  9.711826788801304e-01,  3.333333333333333e-01,  1.548443031615645e+00,  1.293212692850615e+01
s228        , -1.935600154849446e+01, -1.953785799143305e+01,  7.995324016819904e-01,  0.000000000000000e+00,  1.887966299887363e+00,  1.313542249169904e+01
s229        , -1.931982821700711e+01, -1.923342297583693e+01,  3.654547808502773e-01,  1.149068322981366e-01,  2.145391164153573e+00,  1.338815390391039e+01
s230        , -1.663964761443124e+01, -1.661671628016801e+01,  4.883472792689399e-01,  0.000000000000000e+00,  2.721782129140221e+00,  9.717728647609446e+00
s231        , -1.912412961575534e+01, -1.920715831958023e+01,  8.878916544826505e-01,  3.686635944700461e-02,  2.000932241264567e+00,  1.238467978520177e+01
s232        , -2.205202611453251e+01, -2.182888050566495e+01,  9.178318799365831e-01,  3.242009132420091e-01,  9.963769135764730e-01,  1.451541273985609e+01
s233        , -2.108987100746543e+01, -2.088597487913632e+01,  6.792688140988181e-01,  5.446808510638298e-01,  1.200059830233371e+00,  1.276568072216728e+01
s234        , -2.119865480781422e+01, -2.156184996138559e+01,  1.301923870515655e+00,  4.419889502762431e-01,  1.193356709499451e+00,  1.308900672235156e+01
s235        , -1.634470488909293e+01, -1.587484912033754e+01,  6.514418194089603e-01,  4.868913857677903e-02,  3.754768307152605e+00,  9.301158439141952e+00
s236        , -2.035495556536669e+01, -2.069925007766030e+01,  6.437151328714663e-01,  0.000000000000000e+00,  1.695292177584065e+00,  1.524877233833640e+01
s237        , -2.057488800817375e+01, -2.061475198049531e+01,  6.023285095169668e-01,  5.058365758754864e-01,  1.438184521406598e+00,  1.291271426062128e+01
s238        , -2.181497599002021e+01, -2.103840725444152e+01,  4.824348534004922e-01,  6.217228464419475e-01,  1.177748735876991e+00,  1.311121581800404e+01
s239        , -1.938605784207409e+01, -1.937811677020986e+01,  7.777381838137519e-01,  2.365145228215768e-01,  2.089263211094054e+00,  1.227491106220577e+01
s240        , -1.879589433372550e+01, -1.893040316887843e+01,  8.959160000394141e-01,  2.431192660550459e-01,  2.216131767074152e+00,  1.138989609952614e+01
s241        , -1.732119998261703e+01, -1.667694544744022e+01,  5.702635618945290e-01,  0.000000000000000e+00,  3.078236382548448e+00,  1.014753305475080e+01
s242        , -2.017650413285683e+01, -2.010657474718434e+01,  9.901810558560763e-01,  0.000000000000000e+00,  1.649393166316610e+00,  1.343379793298011e+01
s243        , -1.996072124442394e+01, -1.966776009149096e+01,  6.978698069008132e-01,  0.000000000000000e+00,  1.614568011307923e+00,  1.319692138674588e+01
s244        , -2.121993688931675e+01, -2.126244142039078e+01,  9.694938558357424e-01,  4.354066985645934e-01,  1.248209538067408e+00,  1.332849602478203e+01
s245        , -2.152256201120388e+01, -2.150680749097781e+01,  9.453924405394513e-01,  1.730769230769231e-01,  1.313889467104816e+00,  1.489548711173752e+01
s246        , -1.806013829922115e+01, -1.816487319882745e+01,  8.963392890645295e-01,  9.216589861751152e-02,  2.447723355647662e+00,  1.091884062806907e+01
s247        , -1.662499542985015e+01, -1.679580173530469e+01,  6.419306787426584e-01,  0.000000000000000e+00,  2.434512882716281e+00,  9.332246370192067e+00
s248        , -2.087245838906029e+01, -2.067543498001890e+01,  7.483743535664789e-01,  3.939393939393939e-01,  1.421478315116183e+00,  1.312689591815216e+01
s249        , -2.031192930505803e+01, -2.055166029870867e+01,  9.850376669418283e-01,  3.809523809523809e-01,  1.819987749407106e+00,  1.302430537181656e+01
s250        , -1.829082894515480e+01, -1.841523115519348e+01,  9.062749530977501e-01,  1.084905660377359e-01,  2.235430847864721e+00,  1.099077359457607e+01
s251        , -2.316191337748571e+01, -2.267869375510802e+01,  5.275609311912670e-01,  5.614035087719298e-01,  7.939745478682884e-01,  1.563629506714978e+01
s252        , -1.836403387539604e+01, -1.840669434425381e+01,  8.867356831792271e-01,  0.000000000000000e+00,  2.292609442478497e+00,  1.150461466755237e+01
s253        , -1.948978591890307e+01, -1.955228209047053e+01,  6.120043232294867e-01,  0.000000000000000e+00,  1.612687446518574e+00,  1.316261373539625e+01
s254        , -1.974328758235917e+01, -2.007668941372742e+01,  6.748350206882550e-01,  1.229508196721311e-01,  1.598696005441779e+00,  1.348190600728651e+01
s255        , -2.045692599174058e+01, -2.013733425563284e+01,  1.043847561836937e+00,  0.000000000000000e+00,  1.691418282390359e+00,  1.343763684590525e+01
s256        , -1.776850461240055e+01, -1.796186816746351e+01,  8.926397628359349e-01,  1.238938053097345e-01,  2.660326550493877e+00,  1.073669719586372e+01
s257        , -2.163660994039700e+01, -2.137715345806017e+01,  8.394548102783324e-01,  2.266666666666667e-01,  1.408707603319741e+00,  1.480583801726971e+01
s258        , -1.860059101905129e+01, -1.862117305777700e+01,  8.566615760003397e-01,  0.000000000000000e+00,  2.132990048915299e+00,  1.172762749737372e+01
s259        , -2.094542362420654e+01, -2.104578997181186e+01,  1.353315348883762e+00,  0.000000000000000e+00,  1.464416716333615e+00,  1.411535352530372e+01
s260        , -1.742875942837962e+01, -1.750603219530475e+01,  6.520579126363153e-01,  3.333333333333333e-02,  2.819362925271317e+00,  1.097394876507680e+01
s261        , -2.065616574581777e+01, -2.036024288905206e+01,  1.062231640106739e+00,  0.000000000000000e+00,  1.695558407648670e+00,  1.380208132797446e+01
s262        , -2.014040040752147e+01, -2.004619635611279e+01,  8.691880247770615e-01,  5.291479820627802e-01,  1.740151486405425e+00,  1.168939619719242e+01
s263        , -1.686996628366655e+01, -1.684024169512901e+01,  7.568309014649842e-01,  0.000000000000000e+00,  3.128447708502187e+00,  1.012965008990526e+01
s264        , -2.074271161967796e+01, -2.035115626093319e+01,  8.410720987255790e-01,  4.234234234234234e-01,  1.483512699050753e+00,  1.233702163320824e+01
s265        , -2.059536695716665e+01, -2.055756710434327e+01,  8.970849238835275e-01,  4.084507042253521e-01,  1.391394506124825e+00,  1.252110767193357e+01
s266        , -2.198651133619990e+01, -2.176933406970467e+01,  9.369966670378935e-01,  5.067873303167421e-01,  1.017856237519701e+00,  1.370828178612517e+01
s267        , -1.899333543245141e+01, -1.893880170460195e+01,  9.200799325832550e-01,  5.092592592592592e-02,  2.063366877741104e+00,  1.187530635607446e+01
s268        , -1.857298059991068e+01, -1.861819506527519e+01,  9.772994468496251e-01,  2.289719626168224e-01,  2.362732526179738e+00,  1.092551657896158e+01
s269        , -2.106917022960664e+01, -2.111063368625399e+01,  1.323883576984537e+00,  0.000000000000000e+00,  1.498130042533237e+00,  1.433611512757188e+01
s270        , -1.920756052964929e+01, -1.934084504597865e+01,  8.886714837237468e-01,  0.000000000000000e+00,  1.546025037230218e+00,  1.213720969370208e+01
s271        , -1.965184309682283e+01, -1.988281360504087e+01,  9.865094067529588e-01,  0.000000000000000e+00,  1.837594834508731e+00,  1.330157898392447e+01
s272        , -2.112049940018463e+01, -2.102566842592181e+01,  1.448239508465277e+00,  5.142857142857143e-02,  1.531751057723328e+00,  1.378525163006306e+01
s273        , -1.945398506004425e+01, -1.934686584280968e+01,  7.229194256332824e-01,  2.742616033755274e-01,  1.806798301856900e+00,  1.180012224273201e+01
s274        , -2.135203005648119e+01, -2.158263509539964e+01,  8.447541091667525e-01,  4.641148325358851e-01,  9.918389219798286e-01,  1.368905185984844e+01
s275        , -2.088724638081418e+01, -2.101775683773702e+01,  8.612689889376632e-01,  3.721973094170403e-01,  1.449668407091792e+00,  1.362796188071177e+01
s276        , -1.839432489855567e+01, -1.863131481538509e+01,  8.113556461348168e-01,  0.000000000000000e+00,  2.151100675205171e+00,  1.186191615221904e+01
s277        , -2.199306195501885e+01, -2.033400412288802e+01,  7.166345258724959e-01,  8.512396694214877e-01,  1.268164108130469e+00,  1.064118388010568e+01
s278        , -2.276883612887764e+01, -2.231148928548448e+01,  5.591611800125703e-01,  2.878787878787879e-01,  1.303028979802545e+00,  1.665437199173823e+01
s279        , -2.262380984036664e+01, -2.268376836878900e+01,  7.015750241817840e-01,  3.709677419354839e-01,  9.108397888487263e-01,  1.617589973297932e+01
s280        , -1.620731240668889e+01, -1.643858782430084e+01,  4.855967362403169e-01,  0.000000000000000e+00,  3.166838675629042e+00,  1.001649943450639e+01
s281        , -2.072632910940930e+01, -2.017359144506485e+01,  6.998465649521640e-01,  6.936170212765957e-01,  1.248514554425156e+00,  1.096074370340589e+01
s282        , -1.840721485531197e+01, -1.890355771937235e+01,  6.926100733480517e-01,  3.489361702127660e-01,  1.830138459307504e+00,  1.082290168487959e+01
s283        , -1.945843055355910e+01, -1.955917973577206e+01,  5.908556037106059e-01,  0.000000000000000e+00,  1.968392042086177e+00,  1.370475827117980e+01
s284        , -2.290375248734285e+01, -2.329439477350382e+01,  5.526456105428381e-01,  3.886792452830189e-01,  9.735823763947506e-01,  1.757986968282270e+01
s285        , -2.162506652538119e+01, -2.131433120979208e+01,  9.057597344673831e-01,  3.551401869158878e-01,  1.340841080658277e+00,  1.398045821386913e+01
s286        , -2.308167299949378e+01, -2.374766544651856e+01,  1.280185512184214e+00,  3.595505617977528e-01,  7.867586045516985e-01,  1.677053698787324e+01
s287        , -1.888746545864790e+01, -1.894654793834564e+01,  8.679526572708062e-01,  3.000000000000000e-01,  2.417999805019285e+00,  1.153590911196497e+01
s288        , -2.031934863671701e+01, -2.025630826979551e+01,  7.435631014285090e-01,  0.000000000000000e+00,  1.636637810339312e+00,  1.418017114594138e+01
s289        , -2.410980627565496e+01, -2.431628097561339e+01,  1.189001233931199e+00,  4.648648648648649e-01,  7.588973196067883e-01,  1.752715020740317e+01
s290        , -2.087284446952964e+01, -2.090410660750863e+01,  1.279635084812040e+00,  0.000000000000000e+00,  1.660684860773245e+00,  1.428130003977539e+01
s291        , -2.204275686911580e+01, -2.121951575095920e+01,  8.911370371494350e-01,  8.839285714285714e-01,  1.144779813854660e+00,  1.156865398252174e+01
s292        , -1.820983264392220e+01, -1.819937606411057e+01,  6.638331828634515e-01,  2.427983539094650e-01,  2.080081182160515e+00,  1.037501606308570e+01
s293        , -1.668568749246811e+01, -1.687107598500195e+01,  6.934940943933160e-01,  4.032258064516129e-02,  2.917691419288470e+00,  9.870777815383827e+00
s294        , -2.280852590517532e+01, -2.343497631455803e+01,  1.193459140203968e+00,  4.946236559139785e-01,  8.181486179994124e-01,  1.592128526921126e+01
s295        , -1.673628435422914e+01, -1.716584827669235e+01,  5.697854753988735e-01,  1.877394636015326e-01,  2.741595235209785e+00,  9.844081330949466e+00
s296        , -2.103716924286631e+01, -2.075426987641574e+01,  7.819490824969361e-01,  6.483050847457628e-01,  1.190172250112372e+00,  1.191812685957452e+01
s297        , -2.124288787488653e+01, -2.145014387005622e+01,  1.335186859389953e+00,  3.259668508287293e-01,  1.454072326905744e+00,  1.362033659538016e+01
s298        , -2.177880180045448e+01, -2.165695334132206e+01,  5.236743506165560e-01,  5.636363636363636e-01,  1.073830173743621e+00,  1.420435221708238e+01
s299        , -1.893486515270964e+01, -1.898542502767331e+01,  6.887688193593370e-01,  6.589147286821706e-02,  2.013980610834254e+00,  1.230074995758987e+01
s300        , -1.774017522269403e+01, -1.785025463695735e+01,  7.830891473189510e-01,  2.394957983193277e-01,  2.912623186988812e+00,  1.066701544411830e+01
s301        , -2.283171483494903e+01, -2.306326745630939e+01,  1.069429156410339e+00,  5.049504950495050e-01,  8.842104578609805e-01,  1.556287263236856e+01
s302        , -1.721456897049112e+01, -1.738400251432989e+01,  7.292270003160821e-01,  0.000000000000000e+00,  2.462742227218851e+00,  1.023932048366665e+01
s303        , -2.130552121943375e+01, -2.074081671856900e+01,  6.769048413234497e-01,  6.812227074235808e-01,  1.158997454246571e+00,  1.193884004737933e+01
s304        , -2.313677054561944e+01, -2.284104309714168e+01,  8.801665966406640e-01,  3.041474654377880e-01,  1.089302424097769e+00,  1.659237143147819e+01
s305        , -1.858159986173835e+01, -1.882168642626235e+01,  8.032526181423725e-01,  4.888888888888889e-02,  2.113033129100366e+00,  1.197892505927130e+01
s306        , -2.163460095493751e+01, -2.150249559851337e+01,  9.034144418577689e-01,  1.863636363636364e-01,  1.337934353275269e+00,  1.495515086567969e+01
s307        , -1.987289536762319e+01, -1.998276729157369e+01,  6.939876125176758e-01,  0.000000000000000e+00,  1.757949260178495e+00,  1.396060336024161e+01
s308        , -2.028550026196297e+01, -1.973311880040824e+01,  8.273405008389638e-01,  7.665198237885462e-01,  1.426105970282758e+00,  9.887947561896846e+00
s309        , -2.129242792516701e+01, -2.127445673113104e+01,  3.051711186311175e-01,  3.846153846153846e-01,  1.617285380765976e+00,  1.538911783530099e+01
s310        , -1.894855963686166e+01, -1.904999722236084e+01,  7.409913018472150e-01,  3.225806451612903e-02,  2.134954436859320e+00,  1.260317841366193e+01
s311        , -2.010039836844276e+01, -1.998750681347124e+01,  7.428021470159417e-01,  0.000000000000000e+00,  1.601209140528952e+00,  1.365578468430495e+01
s312        , -1.830057188159682e+01, -1.859809520380481e+01,  8.472446768175793e-01,  0.000000000000000e+00,  2.111478847086854e+00,  1.167619001497639e+01
s313        , -1.990312271450173e+01, -1.952875739378976e+01,  1.002416829664778e+00,  1.481481481481481e-01,  1.957513966310608e+00,  1.224333765408960e+01
s314        , -1.980645538479249e+01, -1.956457846210055e+01,  1.078890284666454e+00,  0.000000000000000e+00,  1.865358292785559e+00,  1.258789879217502e+01
s315        , -1.914671781515828e+01, -1.979052205893411e+01,  4.498738488298080e-01,  3.903345724907063e-01,  1.742752210709229e+00,  1.261163477864707e+01
s316        , -2.257620253811652e+01, -2.237422734593156e+01,  9.337440277538456e-01,  5.391304347826087e-01,  9.623294077408018e-01,  1.459050189359800e+01
s317        , -1.647333233405121e+01, -1.637512818597668e+01,  7.912260584142033e-01,  5.752212389380531e-02,  3.306468430219894e+00,  9.259943744194796e+00
s318        , -2.027102701488289e+01, -2.010698791858781e+01,  1.122864733411525e+00,  1.650485436893204e-01,  1.811009891319219e+00,  1.276238476361241e+01
s319        , -1.996146248057647e+01, -1.987673055321757e+01,  1.037951678699887e+00,  2.189054726368159e-01,  1.620492872772973e+00,  1.205978803572949e+01
s320        , -2.548773082504399e+01, -2.443336662938775e+01,  5.584568135166349e-01,  5.798319327731093e-01,  7.040613082950310e-01,  1.849725129301717e+01
s321        , -1.727661852750149e+01, -1.738909964147846e+01,  4.990947613721076e-01,  0.000000000000000e+00,  2.671427082547049e+00,  1.099883063540610e+01
s322        , -2.011073789818953e+01, -2.054171941216887e+01,  9.664546297742368e-01,  1.836734693877551e-01,  1.406205694837482e+00,  1.322522054623737e+01
s323        , -2.178223238748198e+01, -2.158519000299347e+01,  1.142304931512834e+00,  2.153846153846154e-01,  1.311592628194496e+00,  1.447362130862317e+01
s324        , -1.879130547869734e+01, -1.867361791530472e+01,  6.125599623208359e-01,  0.000000000000000e+00,  2.218222165136770e+00,  1.243034329568784e+01
s325        , -2.032679436678044e+01, -2.014342515500971e+01,  1.329938742899886e+00,  0.000000000000000e+00,  1.760298143786552e+00,  1.296518784189929e+01
s326        , -2.071891083121713e+01, -2.047897409861118e+01,  6.892182195038156e-01,  5.665236051502146e-01,  1.176550448722966e+00,  1.190775480906385e+01
s327        , -1.834375983430116e+01, -1.885522995744588e+01,  5.943369811387068e-01,  0.000000000000000e+00,  2.084441360832451e+00,  1.260644730843445e+01
s328        , -2.099505369246730e+01, -2.085646988602019e+01,  4.892253230179272e-01,  4.618473895582329e-01,  1.020072465722472e+00,  1.316443243700744e+01
s329        , -2.140321290954873e+01, -2.094410227712383e+01,  4.765200283068304e-01,  6.360294117647058e-01,  1.245766862176347e+00,  1.299460219426232e+01
s330        , -2.114112529442132e+01, -2.136615878428364e+01,  4.970026205503140e-01,  5.021834061135371e-01,  1.008211174478896e+00,  1.388480795970728e+01
s331        , -1.934637322166436e+01, -1.978360892043676e+01,  5.871975351625834e-01,  2.272727272727273e-01,  1.703717683576397e+00,  1.288673344920433e+01
s332        , -1.962462779654497e+01, -2.040259178414711e+01,  7.133278693347376e-01,  3.017241379310345e-01,  1.498184504257114e+00,  1.316768543641335e+01
s333        , -2.293624249800790e+01, -2.328610841526287e+01,  1.308167326739511e+00,  4.293478260869565e-01,  8.469751644289083e-01,  1.571221386581282e+01
s334        , -1.807355423930957e+01, -1.815156748073808e+01,  8.427112003212739e-01,  0.000000000000000e+00,  2.489250727326970e+00,  1.140971998570818e+01
s335        , -1.850164643907080e+01, -1.873703953071803e+01,  7.922713216510221e-01,  1.166666666666667e-01,  2.203917510703659e+00,  1.171832763968810e+01
s336        , -2.151296308555482e+01, -2.144746749258297e+01,  7.938496394427370e-01,  3.362831858407080e-01,  1.383150395301744e+00,  1.457228188273385e+01
s337        , -1.775953587894473e+01, -1.646314307141497e+01,  3.093658342380352e-01,  4.169381107491857e-01,  2.939430265695027e+00,  8.524020124833086e+00
s338        , -2.118082550420247e+01, -2.161411010425359e+01,  7.411908413835084e-01,  4.893617021276596e-01,  1.257141618578230e+00,  1.422171914604862e+01
s339        , -1.761381998690202e+01, -1.817694052167447e+01,  4.964666613321042e-01,  0.000000000000000e+00,  2.356298436851913e+00,  1.197173967003016e+01
s340        , -1.906967392812366e+01, -1.927882625928384e+01,  9.353532035381252e-01,  1.792452830188679e-01,  2.073533722285879e+00,  1.197588662588536e+01
s341        , -2.371082699534004e+01, -2.354213382489429e+01,  9.351086682265464e-01,  4.212962962962963e-01,  7.854210219780320e-01,  1.686632529311710e+01
s342        , -1.901967676945428e+01, -1.928090545399764e+01,  6.982622936918732e-01,  5.263157894736842e-02,  1.998489038678974e+00,  1.283540678940368e+01
s343        , -1.943128604912865e+01, -1.912643611409865e+01,  9.583098028078767e-01,  2.876712328767123e-01,  2.053328981221052e+00,  1.122022283801668e+01
s344        , -2.171448714042025e+01, -2.196847668645056e+01,  5.255438666791795e-01,  4.094202898550725e-01,  9.896690544442119e-01,  1.522314032500174e+01
s345        , -1.896311499883081e+01, -1.859906649880152e+01,  9.254902076742730e-01,  0.000000000000000e+00,  2.111202117630493e+00,  1.151956084381350e+01
s346        , -2.211462969107367e+01, -2.196900147006727e+01,  9.724657192292989e-01,  4.928909952606635e-01,  1.066716203357197e+00,  1.411088108066717e+01
s347        , -1.640817037109120e+01, -1.681658251879243e+01,  4.981898599182543e-01,  1.549295774647887e-01,  2.992446904731998e+00,  9.836276308463226e+00
s348        , -2.058778590237884e+01, -2.054596726388041e+01,  9.373675984311339e-01,  1.531100478468899e-01,  1.552951048335499e+00,  1.360833428236837e+01
s349        , -1.918353701640313e+01, -1.888133454536595e+01,  6.439825418783848e-01,  0.000000000000000e+00,  2.054653774472387e+00,  1.251177790155898e+01
s350        , -2.047073332015930e+01, -2.095192838251761e+01,  7.784753165567657e-01,  2.775330396475771e-01,  1.404535225385670e+00,  1.397521842746461e+01
s351        , -2.167714580870165e+01, -2.219929395396684e+01,  1.135370440242317e+00,  3.591160220994475e-01,  1.156193267108320e+00,  1.482061951595202e+01
s352        , -2.086238589025425e+01, -2.082753605048239e+01,  9.820231154328080e-01,  6.372549019607843e-02,  1.766405954386838e+00,  1.464942607231303e+01
s353        , -1.920058764071421e+01, -1.919402394072189e+01,  5.513428267095810e-01,  0.000000000000000e+00,  1.718292511283955e+00,  1.279345617001628e+01
s354        , -2.053223705409261e+01, -2.123667988028171e+01,  1.081060329794631e+00,  6.192893401015229e-01,  1.306778840687572e+00,  1.244069919676819e+01
s355        , -1.704257081119439e+01, -1.723928269568405e+01,  5.402213871645349e-01,  0.000000000000000e+00,  2.354473457536014e+00,  1.021559924198003e+01
s356        , -2.127143545968418e+01, -2.103457532973752e+01,  5.508189735799791e-01,  4.461538461538462e-01,  1.166334782997485e+00,  1.361621332887939e+01
s357        , -1.906625211198675e+01, -1.925718287144221e+01,  5.452810790548203e-01,  9.854014598540146e-02,  1.926930308945071e+00,  1.283010932070438e+01
s358        , -2.032987192881253e+01, -1.995485106585643e+01,  1.124832510792093e+00,  3.076923076923077e-02,  1.624330738630787e+00,  1.274151718007906e+01
s359        , -2.136102912880764e+01, -2.138853962717076e+01,  9.348116573856780e-01,  3.190476190476190e-01,  1.213693374899165e+00,  1.401625998056094e+01
s360        , -1.881386071055488e+01, -1.886572788074533e+01,  1.149742908159191e+00,  1.494845360824742e-01,  2.374149435682587e+00,  1.133392045330953e+01
s361        , -2.182643688719446e+01, -2.136028561370695e+01,  8.464956460384270e-01,  5.545851528384279e-01,  1.134553573469525e+00,  1.314317754194726e+01
s362        , -2.091897008712596e+01, -2.100744779883373e+01,  1.145699997208890e+00,  0.000000000000000e+00,  1.466868471865310e+00,  1.446978369650596e+01
s363        , -1.798497754334610e+01, -1.821549282890859e+01,  6.155494276729572e-01,  0.000000000000000e+00,  1.761834020927278e+00,  1.098556901423778e+01
s364        , -1.789393844733154e+01, -1.755862453678461e+01,  5.968038153342675e-01,  0.000000000000000e+00,  2.678743161969201e+00,  1.111265983191569e+01
s365        , -2.184332997178521e+01, -2.147665719869931e+01,  3.791693305979844e-01,  6.621621621621622e-01,  1.152703869638417e+00,  1.391045737583827e+01
s366        , -2.293131491804218e+01, -2.267635668190461e+01,  7.708400183262724e-01,  5.043103448275862e-01,  9.944988039383685e-01,  1.563203657952656e+01
s367        , -2.320311495695380e+01, -2.261642493690466e+01,  9.231338466395150e-01,  5.352112676056338e-01,  9.873626285875809e-01,  1.509121474547532e+01
s368        , -1.944159222026194e+01, -1.942477696289580e+01,  5.638516701846837e-01,  0.000000000000000e+00,  1.732899590915713e+00,  1.319803057663501e+01
s369        , -2.221834550731525e+01, -2.245338233882688e+01,  8.760185402751082e-01,  4.622641509433962e-01,  9.459882642845777e-01,  1.511661185039299e+01
s370        , -1.739352775780219e+01, -1.774426376771886e+01,  4.882501757202735e-01,  0.000000000000000e+00,  2.476406011828203e+00,  1.138439176858629e+01
s371        , -2.131349702655302e+01, -2.106468888517137e+01,  1.438038072582093e+00,  4.469273743016760e-02,  1.581695882996184e+00,  1.396908927790588e+01
s372        , -2.230067528571091e+01, -2.202234697191246e+01,  1.014213373818108e+00,  3.826530612244898e-01,  1.150201759701992e+00,  1.465354538192490e+01
s373        , -1.609460498694387e+01, -1.577176397535346e+01,  4.710174167545308e-01,  0.000000000000000e+00,  3.567913923811994e+00,  9.410978518745713e+00
s374        , -1.846307154319872e+01, -1.930314201791259e+01,  5.580394397178630e-01,  4.508196721311475e-01,  1.884297192140978e+00,  1.149225168605967e+01
s375        , -2.092466765927065e+01, -2.081858332693589e+01,  1.090010076391534e+00,  0.000000000000000e+00,  1.443502836731689e+00,  1.421478922008639e+01
s376        , -2.335896110191541e+01, -2.383319126569579e+01,  1.155977206319709e+00,  4.042553191489361e-01,  7.617348825915935e-01,  1.696947596682559e+01
s377        , -2.209438728501526e+01, -2.262110854185894e+01,  1.018611383075769e+00,  5.606060606060607e-01,  9.416682432777699e-01,  1.474792092521441e+01
s378        , -2.111108779470583e+01, -2.099630509805331e+01,  9.428101264984101e-01,  0.000000000000000e+00,  1.345690315700707e+00,  1.469364877967337e+01
s379        , -1.875225846070942e+01, -1.886918943272040e+01,  1.090377739529592e+00,  1.862745098039216e-01,  2.461731306018889e+00,  1.144042833827933e+01
s380        , -1.834869608623442e+01, -1.818690552130151e+01,  5.961884358862579e-01,  5.343511450381679e-02,  2.116540571300276e+00,  1.125716707138615e+01
s381        , -2.068155326614140e+01, -2.044449204316804e+01,  1.279503481648863e+00,  6.914893617021277e-02,  1.643550894619165e+00,  1.317970018711688e+01
s382        , -1.804666933121612e+01, -1.798275025613389e+01,  6.569880511025300e-01,  0.000000000000000e+00,  2.488613610845774e+00,  1.148399316093682e+01
s383        , -2.062194236740874e+01, -2.094555379093016e+01,  5.874112630626700e-01,  2.846441947565543e-01,  1.453371562890760e+00,  1.438958334432223e+01
s384        , -1.800916137079852e+01, -1.816429012490917e+01,  5.443516978445088e-01,  0.000000000000000e+00,  1.984561724086488e+00,  1.134343975682669e+01
s385        , -2.216424509641620e+01, -2.178078127106169e+01,  3.931872820771015e-01,  4.587813620071685e-01,  9.786407120835013e-01,  1.495480234123265e+01
s386        , -2.182057698940036e+01, -2.188507810973953e+01,  1.082466729765487e+00,  2.680412371134021e-01,  1.219992002946561e+00,  1.480198156713127e+01
s387        , -1.799817167842237e+01, -1.769263371117446e+01,  7.606306467533137e-01,  0.000000000000000e+00,  2.605125193090924e+00,  1.091907025269803e+01
s388        , -2.351217009702901e+01, -2.364419704218267e+01,  1.053652749342753e+00,  3.673469387755102e-01,  7.499297085766140e-01,  1.696414137425691e+01
s389        , -2.149803565649794e+01, -2.140399469159517e+01,  4.153718889208169e-01,  4.194756554307116e-01,  9.664107220056195e-01,  1.437306984138770e+01
s390        , -2.025125341850577e+01, -2.002672611246112e+01,  1.193678264491960e+00,  0.000000000000000e+00,  1.721175759315366e+00,  1.297944869241107e+01
s391        , -1.925641978436478e+01, -1.908953914380516e+01,  9.760665446722822e-01,  0.000000000000000e+00,  2.093962444902107e+00,  1.226492679261023e+01
s392        , -1.954014294555121e+01, -2.040117319783558e+01,  7.599435522786949e-01,  2.863636363636364e-01,  1.444301562750383e+00,  1.305547357688047e+01
s393        , -2.007195889273447e+01, -1.999031081523282e+01,  8.840727597426136e-01,  0.000000000000000e+00,  1.742214512411800e+00,  1.356867377785590e+01
s394        , -1.933645012315517e+01, -1.949405770625421e+01,  6.531425812255349e-01,  2.620967741935484e-01,  2.022997222722698e+00,  1.254464655346664e+01
s395        , -2.191328817199827e+01, -2.139830139094552e+01,  8.715102059668367e-01,  7.946428571428572e-01,  1.130442066106364e+00,  1.224461061754997e+01
s396        , -1.985518647713905e+01, -1.957409560643354e+01,  5.807024233902724e-01,  6.953125000000000e-01,  1.630817770069823e+00,  1.065377368365364e+01
s397        , -1.859895904181181e+01, -1.866038097377709e+01,  7.673758407790421e-01,  0.000000000000000e+00,  2.161776703543735e+00,  1.201695467030607e+01
s398        , -2.089338265909714e+01, -2.113671661628106e+01,  1.142915877080533e+00,  2.540540540540541e-01,  1.246334599354828e+00,  1.343992930587578e+01
s399        , -1.650074457052408e+01, -1.629168928418014e+01,  5.006434800727606e-01,  0.000000000000000e+00,  3.045858073836010e+00,  9.559522717769433e+00
s400        , -1.659170957499870e+01, -1.655754919989577e+01,  4.882979456677478e-01,  0.000000000000000e+00,  3.053738398899783e+00,  1.006741455144807e+01
s401        , -1.654426837808786e+01, -1.651716003073632e+01,  4.616848652629114e-01,  0.000000000000000e+00,  2.851119209398223e+00,  9.771893323015084e+00
s402        , -1.877939202276407e+01, -1.840263638092439e+01,  6.756083281196651e-01,  0.000000000000000e+00,  2.094914938489074e+00,  1.165289197270022e+01
s403        , -2.106694758002669e+01, -2.113592803819811e+01,  1.167501297048301e+00,  2.688172043010753e-01,  1.395086411237999e+00,  1.353667118597851e+01
s404        , -2.165676773412189e+01, -2.155907401894788e+01,  5.210756169680653e-01,  4.150943396226415e-01,  1.003842552483615e+00,  1.450295840149879e+01
s405        , -2.212611753855641e+01, -2.217809147542252e+01,  8.003010212230401e-01,  5.113122171945701e-01,  1.110997578788680e+00,  1.482064874705715e+01
s406        , -1.885653015374473e+01, -1.879681015907900e+01,  9.321153769511511e-01,  0.000000000000000e+00,  1.895590764975619e+00,  1.156206705383457e+01
s407        , -1.790225292709843e+01, -1.797142619408534e+01,  5.890536249074578e-01,  1.378091872791520e-01,  3.049746768498533e+00,  1.184723082254745e+01
s408        , -1.653237145459570e+01, -1.666369512972221e+01,  5.835297074897943e-01,  0.000000000000000e+00,  2.961394377337499e+00,  9.937182050191840e+00
s409        , -1.984138826084547e+01, -1.976392412981937e+01,  7.186159481343454e-01,  0.000000000000000e+00,  1.782517594667044e+00,  1.355585950825662e+01
s410        , -1.632163885458830e+01, -1.655532262431974e+01,  5.052884500943597e-01,  0.000000000000000e+00,  2.627520923105754e+00,  9.445382327263019e+00
s411        , -1.826950002229553e+01, -1.803631073962531e+01,  5.551357133032594e-01,  0.000000000000000e+00,  2.316513883783848e+00,  1.154903564530227e+01
s412        , -2.254085603631221e+01, -2.238453928526637e+01,  1.298756569897991e+00,  0.000000000000000e+00,  1.222540318463492e+00,  1.627186564568172e+01
s413        , -1.907038707751166e+01, -1.912244177066486e+01,  6.368687134654695e-01,  0.000000000000000e+00,  1.908477306811680e+00,  1.275413979575000e+01
s414        , -1.996831080241482e+01, -1.990773595966368e+01,  1.033286509228438e+00,  5.970149253731343e-02,  1.646365717948237e+00,  1.276317964338590e+01
s415        , -2.069762370804266e+01, -2.040866952358984e+01,  9.412342739047751e-01,  1.674008810572687e-01,  1.765262953082241e+00,  1.359330955750099e+01
s416        , -1.735494379178349e+01, -1.769285446697097e+01,  5.892862760780990e-01,  0.000000000000000e+00,  2.515773004898993e+00,  1.114301861567057e+01
s417        , -1.714858900796163e+01, -1.700705987184154e+01,  8.687162396933151e-01,  0.000000000000000e+00,  3.160215467674845e+00,  1.024354120747453e+01
s418        , -2.014294405560549e+01, -1.997180380098002e+01,  1.130817696473672e+00,  0.000000000000000e+00,  1.715861895231973e+00,  1.300154066915580e+01
s419        , -1.771416578387462e+01, -1.752910495189253e+01,  5.673720769705713e-01,  0.000000000000000e+00,  2.590235871183905e+00,  1.099842890626034e+01
s420        , -2.335906844703241e+01, -2.312143703619751e+01,  1.008498171330658e+00,  3.875598086124402e-01,  8.559301539595721e-01,  1.619544064063693e+01
s421        , -2.045819521600993e+01, -2.065405810054462e+01,  8.848042485213693e-01,  6.334841628959276e-01,  1.365398262637993e+00,  1.182866723729220e+01
s422        , -1.913624718404630e+01, -1.904372477561028e+01,  8.630469838412314e-01,  0.000000000000000e+00,  2.064962484612038e+00,  1.237202208001072e+01
s423        , -2.001718266940652e+01, -1.981848276991512e+01,  7.148754973316868e-01,  0.000000000000000e+00,  1.573440443857964e+00,  1.337394340053949e+01
s424        , -2.199980092896302e+01, -2.176019279945946e+01,  9.140316399443498e-01,  6.055045871559632e-01,  1.057956703949586e+00,  1.341914455260729e+01
s425        , -1.799669141475633e+01, -1.824531187518429e+01,  5.526744700711405e-01,  2.631578947368421e-02,  2.204609065566028e+00,  1.167217249901363e+01
s426        , -2.179879403652462e+01, -2.155374237585566e+01,  1.035950053859443e+00,  3.692307692307693e-01,  1.254034694956358e+00,  1.397050133716619e+01
s427        , -1.855895626610580e+01, -1.876613748246454e+01,  6.372271012458908e-01,  0.000000000000000e+00,  1.911819170797528e+00,  1.212518899849137e+01
s428        , -2.201089453299450e+01, -2.218625998827949e+01,  9.611098465734808e-01,  2.216748768472906e-01,  1.180522713311283e+00,  1.570359698226117e+01
s429        , -2.010895188317044e+01, -2.038638289022440e+01,  7.803155728825719e-01,  3.196347031963470e-01,  1.475341186920111e+00,  1.290447366763037e+01
s430        , -2.197039083997888e+01, -2.141707471827519e+01,  5.538870850092397e-01,  6.441947565543071e-01,  1.150170163614134e+00,  1.351652395519842e+01
s431        , -2.053790779896415e+01, -2.043133034816674e+01,  1.114723340814963e+00,  5.970149253731343e-02,  1.721549513491638e+00,  1.363165326551225e+01
s432        , -2.056150222449639e+01, -2.020088200112405e+01,  5.518203872795233e-01,  6.641509433962264e-01,  1.302358424538691e+00,  1.149351278391562e+01
s433        , -1.961788415450921e+01, -2.008360431632433e+01,  4.271663036038449e-01,  3.670033670033670e-01,  1.940151886902230e+00,  1.353681031401948e+01
s434        , -2.169585176655818e+01, -2.130792763459905e+01,  7.509867821925257e-01,  3.659574468085106e-01,  1.205157221960777e+00,  1.405472238494031e+01
s435        , -1.969212203292086e+01, -1.965790152128515e+01,  9.179767735751074e-01,  0.000000000000000e+00,  1.918165709106774e+00,  1.315085019370129e+01
s436        , -1.841763911968392e+01, -1.852425267433776e+01,  9.657360380444061e-01,  1.961722488038277e-01,  2.280049290551025e+00,  1.079309941108426e+01
s437        , -2.085473352476042e+01, -2.031284548598103e+01,  2.832462460843042e-01,  4.111111111111111e-01,  1.950814451803095e+00,  1.408192959054166e+01
s438        , -2.075193174001312e+01, -2.112619738871200e+01,  7.988828666916979e-01,  3.073394495412844e-01,  1.359338121444487e+00,  1.406863465901897e+01
s439        , -1.747889033992054e+01, -1.741707882286383e+01,  8.630165702687349e-01,  0.000000000000000e+00,  2.828629686609785e+00,  1.052909063548621e+01
s440        , -2.292628299240021e+01, -2.286194251992471e+01,  7.127857641897295e-01,  3.692946058091287e-01,  1.080547123908984e+00,  1.670849095145359e+01
s441        , -1.928590410708185e+01, -1.923363273898132e+01,  9.717379692883074e-01,  1.490384615384615e-01,  1.999071183774747e+00,  1.183467386477541e+01
s442        , -2.265396374356312e+01, -2.241080103991033e+01,  1.211061358279138e+00,  1.530054644808743e-01,  1.238807738857974e+00,  1.593786813510100e+01
s443        , -1.939450551490213e+01, -1.955552874632731e+01,  8.238315559274767e-01,  2.869565217391304e-01,  2.079743854858679e+00,  1.229269687642633e+01
s444        , -2.014197468633274e+01, -2.029114230712314e+01,  8.119613711879282e-01,  2.088888888888889e-01,  1.593179300544184e+00,  1.325261763401860e+01
s445        , -2.136890748153691e+01, -2.130040063227511e+01,  1.005844078213399e+00,  1.000000000000000e-01,  1.422980938724313e+00,  1.483327373628776e+01
s446        , -1.984877428373165e+01, -1.976809686505773e+01,  8.101410401916882e-01,  3.765690376569038e-02,  1.715923783441035e+00,  1.314453300173797e+01
s447        , -2.124129540469972e+01, -2.113012883032552e+01,  5.461722478625208e-01,  5.665399239543726e-01,  1.248478907407905e+00,  1.345148139752708e+01
s448        , -1.996883442559681e+01, -2.049057944823523e+01,  7.269559572581673e-01,  2.925764192139738e-01,  1.658256149554115e+00,  1.355035794055736e+01
s449        , -2.213132573342666e+01, -2.218072386980245e+01,  6.162293971420639e-01,  5.000000000000000e-01,  1.114506603471108e+00,  1.524464419093716e+01
s450        , -2.393776981346641e+01, -2.279658335017123e+01,  9.035420630060720e-01,  4.814814814814815e-01,  1.027527818729363e+00,  1.570941313608402e+01
s451        , -1.778758837631850e+01, -1.810324968086197e+01,  6.628783070460216e-01,  1.904761904761905e-01,  2.495258410574629e+00,  1.097320374059862e+01
s452        , -2.093231028730361e+01, -2.078337127595021e+01,  9.147074615078350e-01,  0.000000000000000e+00,  1.640995646282688e+00,  1.477668079509072e+01
s453        , -1.913112365245808e+01, -1.890272173278932e+01,  7.072545460389921e-01,  0.000000000000000e+00,  2.016899621853172e+00,  1.237030742343517e+01
s454        , -1.694745233262931e+01, -1.740492765395063e+01,  5.631741654791810e-01,  0.000000000000000e+00,  2.737098052419122e+00,  1.098751443310090e+01
s455        , -1.959305905778561e+01, -1.930671655900248e+01,  8.434324843736883e-01,  0.000000000000000e+00,  1.951693901536368e+00,  1.272356261885064e+01
s456        , -1.690137029519855e+01, -1.716826221038752e+01,  4.762326181265431e-01,  3.630363036303631e-02,  2.744180033771025e+00,  1.061481292016045e+01
s457        , -1.744399185749123e+01, -1.727601508246027e+01,  9.322128762910601e-01,  0.000000000000000e+00,  2.800414667464981e+00,  1.010020807450448e+01
s458        , -2.020627098912283e+01, -2.055435264752145e+01,  7.983200104956575e-01,  4.072398190045249e-01,  1.616061215055525e+00,  1.302710956943502e+01
s459        , -1.884232545378780e+01, -1.991119866537402e+01,  6.116572975663718e-01,  5.863453815261044e-01,  1.783036515399532e+00,  1.181151233720206e+01
s460        , -2.233016805188693e+01, -2.214981355313176e+01,  7.685236432531061e-01,  3.275109170305677e-01,  1.085124212029809e+00,  1.549585277668621e+01
s461        , -1.623645396367353e+01, -1.628258230307314e+01,  6.917927657279551e-01,  0.000000000000000e+00,  2.930212710651265e+00,  8.999029084067216e+00
s462        , -2.313545884021418e+01, -2.276621025828447e+01,  1.127285847317462e+00,  4.512820512820513e-01,  9.811092420631978e-01,  1.525463278638868e+01
s463        , -2.090493117250811e+01, -2.062186656286936e+01,  8.566419483844948e-01,  1.025641025641026e-01,  1.690600451438512e+00,  1.428624550679425e+01
s464        , -1.633431188033305e+01, -1.643570319018134e+01,  4.544215973869842e-01,  0.000000000000000e+00,  3.044171316433905e+00,  9.906304854024759e+00
s465        , -1.999082968954132e+01, -2.020739469757537e+01,  1.036460758912839e+00,  0.000000000000000e+00,  1.670352673325174e+00,  1.354812669163080e+01
s466        , -1.900684695054017e+01, -1.857078662959127e+01,  9.040241399874948e-01,  2.467532467532468e-01,  2.234624582179710e+00,  1.074639311871643e+01
s467        , -1.783078222536251e+01, -1.807798340278207e+01,  6.480967148969348e-01,  1.400778210116732e-01,  2.467262144748296e+00,  1.111086549505184e+01
s468        , -1.945030486126850e+01, -1.893187378320665e+01,  9.095821038442510e-01,  2.334801762114538e-01,  2.123699155838467e+00,  1.127485233042290e+01
s469        , -2.270314762369042e+01, -2.247684877158800e+01,  1.001559686137317e+00,  3.316831683168317e-01,  1.161703435353265e+00,  1.569525516497014e+01
s470        , -2.119907484802825e+01, -2.146847333426203e+01,  8.286257618080582e-01,  3.788546255506608e-01,  1.333626781364258e+00,  1.431017735045052e+01
s471        , -1.972012875359749e+01, -1.967377515392435e+01,  1.037679165262524e+00,  0.000000000000000e+00,  1.860992707008934e+00,  1.285905910896535e+01
s472        , -1.766462305551830e+01, -1.776405037789343e+01,  6.982394910740940e-01,  0.000000000000000e+00,  2.576445051774296e+00,  1.113259144033673e+01
s473        , -2.127822401317911e+01, -2.136861814829988e+01,  7.366485485330029e-01,  2.583333333333334e-01,  1.346138196520651e+00,  1.479250875666726e+01
s474        , -1.654177405306909e+01, -1.696532445816784e+01,  4.797577198073714e-01,  2.014388489208633e-01,  2.973088859396583e+00,  9.934849881429388e+00
s475        , -2.297159509003216e+01, -2.303263972101442e+01,  9.133372959056278e-01,  3.708920187793427e-01,  7.695373843128228e-01,  1.617471226439854e+01
s476        , -2.252587602064435e+01, -2.290691410712453e+01,  1.093337125236554e+00,  7.400000000000000e-01,  9.930029665802483e-01,  1.449496022146822e+01
s477        , -2.178946083596680e+01, -2.126377043180759e+01,  3.317243957146969e-01,  5.317725752508361e-01,  1.419047239778229e+00,  1.448720345829865e+01
s478        , -1.788602657411998e+01, -1.844273729442168e+01,  7.023923279190358e-01,  3.013100436681223e-01,  2.540792780820007e+00,  1.113861024981563e+01
s479        , -1.952938513246325e+01, -1.890009990727764e+01,  8.532209986396898e-01,  0.000000000000000e+00,  1.958969551138957e+00,  1.199160477222104e+01
s480        , -2.203955610850313e+01, -2.214187048916283e+01,  1.271498661103599e+00,  4.535519125683060e-01,  1.016186391612055e+00,  1.389407016870879e+01
s481        , -1.615402914764109e+01, -1.664940467848264e+01,  3.169821877770737e-01,  0.000000000000000e+00,  2.558551791979904e+00,  9.898193910232713e+00
s482        , -2.215324565636576e+01, -2.225887839462717e+01,  9.524540855807668e-01,  6.037735849056604e-01,  1.088958537484561e+00,  1.427627126314562e+01
s483        , -2.217560840271064e+01, -2.208782139312934e+01,  7.678459149819034e-01,  5.654008438818565e-01,  1.010418700291388e+00,  1.438306841978405e+01
s484        , -2.403070638423247e+01, -2.447356686661821e+01,  1.352367538654275e+00,  5.138121546961326e-01,  7.988922372931934e-01,  1.734590504553633e+01
s485        , -1.896886917982663e+01, -1.895630558913652e+01,  4.407536014388815e-01,  0.000000000000000e+00,  1.865681960075732e+00,  1.279641301237167e+01
s486        , -2.293847835350512e+01, -2.285787313531588e+01,  8.855123469115418e-01,  3.364055299539171e-01,  9.480946639799067e-01,  1.629578640272527e+01
s487        , -1.935879902533930e+01, -1.977673132763107e+01,  6.785636633216813e-01,  4.250000000000000e-01,  1.545904654816756e+00,  1.172440915171407e+01
s488        , -2.071941340396909e+01, -2.037796897852805e+01,  1.147217097649149e+00,  0.000000000000000e+00,  1.722831084323686e+00,  1.369933477123674e+01
s489        , -2.120929532988995e+01, -2.104957088346239e+01,  1.034049573867423e+00,  1.869158878504673e-02,  1.637474372138046e+00,  1.493283523706653e+01
s490        , -2.336106814107168e+01, -2.302941266866145e+01,  1.125974757863198e+00,  3.626943005181347e-01,  9.152746355563441e-01,  1.597035759641332e+01
s491        , -1.878377211600346e+01, -1.871749068236786e+01,  9.300010000663038e-01,  0.000000000000000e+00,  2.295353213953768e+00,  1.197300274781819e+01
s492        , -2.196689093989351e+01, -2.217690042409285e+01,  6.049413450488004e-01,  4.747081712062257e-01,  1.182379352242436e+00,  1.544947644120042e+01
s493        , -2.118321097196467e+01, -2.056015426693735e+01,  6.442484948754069e-01,  5.744680851063830e-01,  1.113886023451845e+00,  1.202678197459420e+01
s494        , -2.014379663919148e+01, -2.000073054329127e+01,  6.404223152039475e-01,  0.000000000000000e+00,  1.800739156321292e+00,  1.415926085373197e+01
s495        , -1.971897958689983e+01, -1.968344196827741e+01,  1.030828935731570e+00,  0.000000000000000e+00,  1.948544096697169e+00,  1.300997391891361e+01
s496        , -2.171934681583978e+01, -2.142318873831227e+01,  9.389885432112527e-01,  3.842592592592592e-01,  1.067369918195925e+00,  1.362176322779444e+01
s497        , -1.930074135275753e+01, -1.920801483385314e+01,  8.515351799331111e-01,  8.071748878923767e-02,  2.008512746356350e+00,  1.230376670428985e+01
s498        , -2.146882601091719e+01, -2.163852961693327e+01,  7.008085931255695e-01,  4.930875576036866e-01,  9.595087820473635e-01,  1.392483936958388e+01
s499        , -1.852368794388046e+01, -1.861467969762150e+01,  9.174567717059706e-01,  8.071748878923767e-02,  2.290635178810922e+00,  1.150330934928207e+01
s500        , -2.050589701281523e+01, -2.098587951066617e+01,  4.785715111411889e-01,  5.111111111111111e-01,  1.388317211393823e+00,  1.373341170808192e+01
s501        , -2.141899489528082e+01, -2.142543271641037e+01,  5.277458013467559e-01,  5.018726591760300e-01,  1.318825385694652e+00,  1.435462514803555e+01
s502        , -1.777920620854658e+01, -1.764760238369290e+01,  8.231488112577161e-01,  0.000000000000000e+00,  2.166897114812984e+00,  1.011264647258088e+01
s503        , -2.264989988763092e+01, -2.279411951867917e+01,  1.083355377256030e+00,  4.300518134715026e-01,  9.585425830898554e-01,  1.544245983772722e+01
s504        , -1.994570445298742e+01, -1.993845465233809e+01,  8.310759165659691e-01,  4.166666666666666e-02,  1.750527959541498e+00,  1.343702233901355e+01
s505        , -2.256898602446125e+01, -2.251053181754512e+01,  1.178645856108668e+00,  3.655913978494624e-01,  1.078602979183763e+00,  1.515519555640092e+01
s506        , -2.050664132584332e+01, -2.005327712027533e+01,  9.242227471749261e-01,  0.000000000000000e+00,  1.716417651458787e+00,  1.356410881706434e+01
s507        , -2.255451727781655e+01, -2.193913060332455e+01,  4.190754038489863e-01,  6.211604095563140e-01,  1.136925055081516e+00,  1.478505871206251e+01
s508        , -2.063695726234980e+01, -2.036229804305397e+01,  7.685916454133548e-01,  4.329004329004329e-02,  1.474156993822088e+00,  1.393124278837736e+01
s509        , -2.049565878814769e+01, -2.038485203368410e+01,  7.349784778455698e-01,  2.000000000000000e-01,  1.613319009392648e+00,  1.363575251554410e+01
s510        , -1.886667658587990e+01, -1.903063878418953e+01,  6.527698131614648e-01,  3.127572016460906e-01,  1.806514604865706e+00,  1.123381788830528e+01
s511        , -2.270091090950000e+01, -2.291494544734730e+01,  7.602995067012697e-01,  5.492957746478874e-01,  8.807298539315541e-01,  1.575071222087609e+01
s512        , -2.052865138648571e+01, -2.049151603757667e+01,  7.116070595421835e-01,  7.874015748031496e-02,  1.664028436068215e+00,  1.440147171471724e+01
s513        , -1.872228566034903e+01, -1.880015001529529e+01,  9.245446578180719e-01,  0.000000000000000e+00,  2.101290728321068e+00,  1.186502347168211e+01
s514        , -2.338235400416073e+01, -2.360923498414558e+01,  1.265404250422397e+00,  4.525139664804469e-01,  9.576279986564274e-01,  1.643617611591547e+01
s515        , -2.063189590001077e+01, -2.064563623517688e+01,  6.469434214157153e-01,  0.000000000000000e+00,  1.766006316972781e+00,  1.524388970715969e+01
s516        , -2.353360034901451e+01, -2.327723190607847e+01,  9.307970005967767e-01,  4.807692307692308e-01,  8.962921658722515e-01,  1.633098011813252e+01
s517        , -2.274108402549141e+01, -2.274297195536963e+01,  1.234213376633382e+00,  3.516483516483516e-01,  1.070867430352849e+00,  1.549808206942169e+01
s518        , -2.095244706423326e+01, -2.100125108082063e+01,  7.205486309470972e-01,  0.000000000000000e+00,  1.597508081345804e+00,  1.549607729097999e+01
s519        , -2.165153402286209e+01, -2.094565992869120e+01,  5.011200729321513e-01,  6.206896551724138e-01,  1.176907769480872e+00,  1.291153413779788e+01
s520        , -1.917430642162448e+01, -1.985910452885664e+01,  7.480826400075926e-01,  3.285714285714286e-01,  1.405171635915390e+00,  1.190310894601459e+01
s521        , -2.048146586988528e+01, -2.002936077467384e+01,  1.055690861664108e+00,  2.990654205607476e-01,  1.893883362728022e+00,  1.236565122136660e+01
s522        , -1.837039701152461e+01, -1.854227629861328e+01,  6.575104484427844e-01,  0.000000000000000e+00,  2.006711474874358e+00,  1.181662558753012e+01
s523        , -2.237538522976599e+01, -2.225129096920645e+01,  1.025715054631475e+00,  2.878787878787879e-01,  1.189758098158215e+00,  1.545035831006585e+01
s524        , -2.219430447580721e+01, -2.232688775933819e+01,  1.057270203052646e+00,  7.416267942583732e-01,  1.016936527520601e+00,  1.356425278087907e+01
s525        , -2.096151325596525e+01, -2.077329980644429e+01,  9.220148005908952e-01,  1.377777777777778e-01,  1.669464537712809e+00,  1.426078068958011e+01
s526        , -2.193172581512368e+01, -2.218076066458163e+01,  1.151218135130757e+00,  4.590163934426229e-01,  1.228436304843316e+00,  1.447598007865737e+01
s527        , -2.063376120076111e+01, -2.132383497564634e+01,  1.038370506356749e+00,  6.381909547738693e-01,  1.396219186409585e+00,  1.273253378605974e+01
s528        , -1.776721144005281e+01, -1.814010817969824e+01,  5.720968749548977e-01,  2.873134328358209e-01,  2.828751207903695e+00,  1.131165728132457e+01
s529        , -2.226349149791107e+01, -2.285438166035453e+01,  1.239100376632544e+00,  4.565217391304348e-01,  8.730018612694430e-01,  1.501754529470892e+01
s530        , -2.300566448791293e+01, -2.266853929984460e+01,  8.711161849761792e-01,  3.242009132420091e-01,  9.702106835042223e-01,  1.606514424096265e+01
s531        , -1.846679125419261e+01, -1.784469697482619e+01,  7.376698561981505e-01,  6.557377049180328e-02,  2.341046540993672e+00,  1.062523611354124e+01
s532        , -1.859817726729017e+01, -1.901681436202357e+01,  6.172591327289265e-01,  0.000000000000000e+00,  1.962011129667897e+00,  1.267945756288998e+01
s533        , -2.134099683522431e+01, -2.201128492907014e+01,  8.848597877652612e-01,  3.800000000000000e-01,  1.048571000416552e+00,  1.476591623920543e+01
s534        , -2.286936511308830e+01, -2.304260643388728e+01,  9.132070652768853e-01,  5.159817351598173e-01,  9.116083235140916e-01,  1.583729699624593e+01
s535        , -1.777040539985326e+01, -1.790645184289360e+01,  5.836124601753312e-01,  0.000000000000000e+00,  2.156478177840579e+00,  1.104171463067964e+01
s536        , -1.995222678224889e+01, -2.004091167219221e+01,  8.534124488792936e-01,  1.473214285714286e-01,  1.701278507560505e+00,  1.310594758547707e+01
s537        , -2.015268820600640e+01, -2.091620100076057e+01,  5.979624449768055e-01,  4.745762711864407e-01,  1.185687732487239e+00,  1.322956734080835e+01
s538        , -1.740140208992538e+01, -1.772201236008268e+01,  6.326259492587882e-01,  4.366812227074236e-02,  2.254485960243264e+00,  1.058390112673434e+01
s539        , -1.924950405987826e+01, -1.972531081208436e+01,  5.922367976576955e-01,  7.352941176470588e-02,  1.809835768739590e+00,  1.350113716033931e+01
s540        , -2.157643164881004e+01, -2.124285050730087e+01,  5.353797322064695e-01,  5.967741935483871e-01,  1.079119929107587e+00,  1.332689830253135e+01
s541        , -1.586673793577160e+01, -1.576063247039725e+01,  4.132804995531302e-01,  0.000000000000000e+00,  3.197014921046591e+00,  8.999770868235213e+00
s542        , -2.009907109345192e+01, -1.982711782227895e+01,  8.225950315280411e-01,  0.000000000000000e+00,  1.719555720148802e+00,  1.337192595920160e+01
s543        , -1.879069098033760e+01, -1.876226212684440e+01,  7.133114816438775e-01,  2.644628099173554e-01,  1.944135623951328e+00,  1.100649963317823e+01
s544        , -2.248614661420541e+01, -2.213675108815082e+01,  6.714127448676790e-01,  7.154471544715447e-01,  1.023152684573259e+00,  1.411334851630438e+01
s545        , -1.987972862262733e+01, -2.035475314226944e+01,  5.449393652737914e-01,  4.980988593155893e-01,  1.514633487530197e+00,  1.270085677365125e+01
s546        , -2.126472237694319e+01, -2.096875201646079e+01,  1.363510829337636e+00,  5.494505494505494e-02,  1.585336267746365e+00,  1.391529558052589e+01
s547        , -1.738356621674509e+01, -1.767998406046753e+01,  6.285806520209061e-01,  2.470588235294118e-01,  2.849344728198393e+00,  1.056122053803580e+01
s548        , -1.943625792183643e+01, -2.012969532515211e+01,  5.183026891201680e-01,  4.494382022471910e-01,  1.658890149531751e+00,  1.273696094547664e+01
s549        , -2.233202963006129e+01, -2.310502483182408e+01,  1.381186715039989e+00,  5.142857142857142e-01,  1.010853797915193e+00,  1.514567949532016e+01
s550        , -2.412763530103872e+01, -2.399075128236830e+01,  1.188590826943102e+00,  4.421052631578947e-01,  8.136767808993782e-01,  1.711113138231590e+01
s551        , -1.731823103856605e+01, -1.704517784411091e+01,  4.711405852505648e-01,  0.000000000000000e+00,  2.759612612938811e+00,  1.056524083754167e+01
s552        , -2.060923402045430e+01, -2.115736129495797e+01,  9.665432255164795e-01,  2.666666666666667e-01,  1.245746383569385e+00,  1.378407108205701e+01
s553        , -1.992869680942914e+01, -1.978919725104887e+01,  9.476595711962555e-01,  7.305936073059360e-02,  1.794797118176818e+00,  1.287819773331189e+01
s554        , -1.812921854031919e+01, -1.778118225690349e+01,  7.143897907613226e-01,  0.000000000000000e+00,  2.520663645677666e+00,  1.105400935992092e+01
s555        , -2.102602816640752e+01, -2.024542703546168e+01,  6.180021528537543e-01,  5.555555555555556e-01,  1.365700489291098e+00,  1.193739963474790e+01
s556        , -1.941820686683750e+01, -1.978872753842078e+01,  8.938182274446538e-01,  3.961352657004831e-01,  1.847418195678000e+00,  1.183350778312954e+01
s557        , -2.190718211184164e+01, -2.154156885820628e+01,  7.461639122087496e-01,  5.063291139240507e-01,  1.077752755438634e+00,  1.377282572994624e+01
s558        , -1.909304407213536e+01, -1.904480528291438e+01,  9.709757661508118e-01,  7.655502392344497e-02,  2.224144094895625e+00,  1.208387656946085e+01
s559        , -2.023025085829861e+01, -2.012059507618241e+01,  9.855804913921871e-01,  2.369668246445497e-02,  1.582898125041369e+00,  1.328708764342597e+01
s560        , -2.107002513254548e+01, -2.099101571355627e+01,  8.241207698659383e-01,  0.000000000000000e+00,  1.573626357032577e+00,  1.523608033661852e+01
s561        , -2.121559386756793e+01, -2.086238476677413e+01,  6.395965823597217e-01,  5.638766519823789e-01,  1.046469893265483e+00,  1.252075208371225e+01
s562        , -1.764234380631898e+01, -1.791742255123539e+01,  5.793943009372234e-01,  0.000000000000000e+00,  2.456024801728061e+00,  1.147999324539413e+01
s563        , -1.646928563220792e+01, -1.696515981477113e+01,  4.311603554384648e-01,  0.000000000000000e+00,  2.291092450901234e+00,  9.862130856534749e+00
s564        , -1.863449571719480e+01, -1.796425415987789e+01,  5.666762603981976e-01,  0.000000000000000e+00,  2.338220315793732e+00,  1.142749205093428e+01
s565        , -2.028655126138008e+01, -2.027975251191788e+01,  9.894218033030980e-01,  0.000000000000000e+00,  1.797551500606617e+00,  1.394582551120427e+01
s566        , -1.821002786093300e+01, -1.821854144878233e+01,  8.292586730726154e-01,  0.000000000000000e+00,  2.386854578837867e+00,  1.141557921735863e+01
s567        , -2.066943738863287e+01, -2.098518194668972e+01,  1.169973812616876e+00,  9.139784946236559e-02,  1.417081048268499e+00,  1.396659158415362e+01
s568        , -2.062629415098700e+01, -2.052769986349372e+01,  1.002667508344737e+00,  3.940886699507389e-02,  1.666751649028980e+00,  1.403091020611629e+01
s569        , -2.065075063553067e+01, -2.111475964788788e+01,  5.880936030854720e-01,  3.764705882352941e-01,  1.417413900485291e+00,  1.429139743359223e+01
s570        , -2.031634942577389e+01, -2.026327551537095e+01,  9.331370412214062e-01,  0.000000000000000e+00,  1.597896449290754e+00,  1.375673887454256e+01
s571        , -2.047206271335130e+01, -2.023782141083764e+01,  9.052482336252012e-01,  0.000000000000000e+00,  1.720402064198924e+00,  1.393562987123336e+01
s572        , -2.393038589894997e+01, -2.353227317762624e+01,  9.812010226008593e-01,  3.551401869158878e-01,  8.064290707406400e-01,  1.703529506879304e+01
s573        , -1.926109501090367e+01, -1.902012751199150e+01,  6.188342287552013e-01,  1.472868217054264e-01,  2.033711315683342e+00,  1.222206994885711e+01
s574        , -2.085894290369713e+01, -2.057037365596342e+01,  8.703839990909878e-01,  0.000000000000000e+00,  1.388794068942014e+00,  1.414244856641143e+01
s575        , -2.021973442813006e+01, -2.061946874097335e+01,  6.271463288751418e-01,  2.398190045248869e-01,  1.330793628445214e+00,  1.373224638651599e+01
s576        , -1.844714179521902e+01, -1.863806047899944e+01,  9.412625563016213e-01,  1.339712918660287e-01,  2.255945586795898e+00,  1.124739718881762e+01
s577        , -1.949977509463960e+01, -1.928407554219122e+01,  8.870097975186737e-01,  1.461187214611872e-01,  1.829069367653589e+00,  1.187354697295929e+01
s578        , -2.108198153892643e+01, -2.076934483142000e+01,  7.024228638462292e-01,  1.967871485943775e-01,  1.549290531668546e+00,  1.430883010784320e+01
s579        , -2.029210259566103e+01, -2.028725122429040e+01,  9.554910358238684e-01,  0.000000000000000e+00,  1.744665665942863e+00,  1.395521271676762e+01
s580        , -2.195204710511243e+01, -2.171316706677428e+01,  4.056845520664736e-01,  3.937007874015748e-01,  8.676113260474466e-01,  1.490410417321991e+01
s581        , -2.000078291173359e+01, -2.023898184082515e+01,  1.112957642679057e+00,  0.000000000000000e+00,  1.654632823856817e+00,  1.342825054221829e+01
s582        , -2.354247422413414e+01, -2.304655329268168e+01,  8.552097341577889e-01,  5.412844036697247e-01,  8.877990131315464e-01,  1.583287986263723e+01
s583        , -1.881717670098672e+01, -1.908994966551509e+01,  6.732807318445980e-01,  0.000000000000000e+00,  1.945201489815852e+00,  1.267321817223502e+01
s584        , -2.079214981383572e+01, -2.065979726122738e+01,  1.346710824208526e+00,  2.808988764044944e-02,  1.585116307600753e+00,  1.350199800229880e+01
s585        , -2.214462266832296e+01, -2.252265945580227e+01,  1.204740558367065e+00,  4.708994708994709e-01,  9.426408564350888e-01,  1.453865312328435e+01
s586        , -1.671124709479596e+01, -1.676542358782357e+01,  7.018779996877751e-01,  0.000000000000000e+00,  2.756716648467742e+00,  9.598573121860897e+00
s587        , -1.722924462132460e+01, -1.704665854869973e+01,  8.726460007308743e-01,  4.035874439461883e-02,  3.178865840387075e+00,  1.017849850463892e+01
s588        , -2.306180681354529e+01, -2.256479452947396e+01,  7.510720320228480e-01,  5.714285714285714e-01,  9.540290276547723e-01,  1.516396616537394e+01
s589        , -2.054966159202169e+01, -2.100112764991208e+01,  4.472150165059322e-01,  3.539518900343643e-01,  1.567021459757779e+00,  1.466428381476465e+01
s590        , -2.302597507766974e+01, -2.289324776243613e+01,  6.683491590001359e-01,  4.691358024691358e-01,  9.192062019990368e-01,  1.625437080770972e+01
s591        , -2.031576031139625e+01, -2.031228836332817e+01,  8.655951856575295e-01,  0.000000000000000e+00,  1.634849212019286e+00,  1.403076446043130e+01
s592        , -1.675983730084032e+01, -1.635817741374044e+01,  7.079822755326988e-01,  1.054687500000000e-01,  3.553456365219966e+00,  9.554451927968445e+00
s593        , -1.833051427645905e+01, -1.877174881211872e+01,  4.913235598558557e-01,  4.090909090909091e-01,  1.850574224049385e+00,  1.079516807827938e+01
s594        , -1.700453572465554e+01, -1.708299370226888e+01,  7.643549324389802e-01,  0.000000000000000e+00,  2.692317383123558e+00,  9.948240589377303e+00
s595        , -2.121342929627275e+01, -2.105475118607893e+01,  1.175920297051480e+00,  4.764397905759162e-01,  1.154712507467166e+00,  1.225926807140859e+01
s596        , -1.895402289388661e+01, -1.919409434702829e+01,  7.819598136841592e-01,  3.348416289592760e-01,  2.171911730266016e+00,  1.168004737387136e+01
s597        , -2.389559541191659e+01, -2.376858645451090e+01,  8.790216862635335e-01,  5.865384615384616e-01,  7.658846030679013e-01,  1.672863236295061e+01
s598        , -1.923753651242740e+01, -1.941076564050083e+01,  8.186497897417795e-01,  2.837837837837838e-01,  1.714409457433213e+00,  1.155769737800565e+01
s599        , -2.358158831573873e+01, -2.325184418251380e+01,  1.111073152733546e+00,  4.170854271356784e-01,  8.738044973355938e-01,  1.613251485100199e+01
s600        , -1.942143232536245e+01, -1.993684098796666e+01,  4.341098397070569e-01,  3.704918032786885e-01,  2.341699482433810e+00,  1.379889855927800e+01
s601        , -2.073803555561576e+01, -2.061142896692630e+01,  1.092077808840279e+00,  1.500000000000000e-01,  1.681211829711447e+00,  1.359970372282023e+01
s602        , -1.821856306700227e+01, -1.825740794693530e+01,  1.084060213888268e+00,  2.248803827751196e-01,  2.534771970063538e+00,  1.032034943977535e+01
s603        , -1.722454836479658e+01, -1.701169391784170e+01,  5.557175668216061e-01,  0.000000000000000e+00,  2.800897198704804e+00,  1.039156043719634e+01
s604        , -1.805154515236764e+01, -1.765184586854533e+01,  5.467497350781250e-01,  1.161048689138577e-01,  2.350347736942886e+00,  1.048938897732969e+01
s605        , -2.021935755598555e+01, -1.992150515476283e+01,  7.564427182542274e-01,  3.221757322175732e-01,  1.838917692786015e+00,  1.261538441611977e+01
s606        , -1.827906736534894e+01, -1.840863566701904e+01,  6.712229413890974e-01,  0.000000000000000e+00,  1.687457046859770e+00,  1.111432061151542e+01
s607        , -2.237721630921111e+01, -2.227091260365997e+01,  7.215187918645183e-01,  5.133928571428571e-01,  9.200627532293328e-01,  1.487515672270770e+01
s608        , -2.098562136420296e+01, -2.123942912371982e+01,  7.366677724417110e-01,  3.054393305439331e-01,  1.344448881433599e+00,  1.438215626338870e+01
s609        , -1.946776205882490e+01, -1.942553627515106e+01,  8.389664410786885e-01,  0.000000000000000e+00,  1.942842705944096e+00,  1.293148275225396e+01
s610        , -2.069261977150295e+01, -2.064512566507462e+01,  3.837427679759538e-01,  5.234899328859061e-01,  1.523471780151368e+00,  1.345787517398978e+01
s611        , -2.170289912291919e+01, -2.140785243777538e+01,  4.469380729105015e-01,  6.028880866425993e-01,  1.130797057073614e+00,  1.384611159628168e+01
s612        , -1.930046031145336e+01, -1.931605786005816e+01,  1.103422117983631e+00,  1.589743589743590e-01,  2.028501862098624e+00,  1.171784440445263e+01
s613        , -2.385958137896088e+01, -2.392016426296887e+01,  1.284810493740242e+00,  4.623655913978494e-01,  8.007834295020966e-01,  1.669704568041845e+01
s614        , -1.933674081040147e+01, -1.939633531720994e+01,  9.645872100613765e-01,  7.281553398058252e-02,  1.930735838105959e+00,  1.233340425560398e+01
s615        , -1.973716697922491e+01, -1.958705733193066e+01,  8.252061396897944e-01,  6.250000000000000e-02,  1.777460061670056e+00,  1.278270194924501e+01
s616        , -1.815004309366292e+01, -1.760610127166993e+01,  5.232781874905567e-01,  0.000000000000000e+00,  2.664711038367347e+00,  1.132620615295482e+01
s617        , -1.832352306169715e+01, -1.847576563019768e+01,  7.643146843611275e-01,  3.250000000000000e-01,  2.393354171391801e+00,  1.078051104002229e+01
s618        , -1.700993990522181e+01, -1.702296513458343e+01,  4.596155472153513e-01,  0.000000000000000e+00,  3.007522390452631e+00,  1.088861220348914e+01
s619        , -2.331208521979489e+01, -2.322395637347572e+01,  1.155308221723878e+00,  6.850000000000001e-01,  9.259807639187495e-01,  1.504959876040769e+01
s620        , -2.294394567846179e+01, -2.329166640742013e+01,  1.127960736313093e+00,  4.210526315789473e-01,  9.017263808485415e-01,  1.619235026550474e+01
s621        , -2.117716243218820e+01, -2.122184999374436e+01,  1.083171946591812e+00,  0.000000000000000e+00,  1.441425967224490e+00,  1.494196126656608e+01
s622        , -2.002792552777272e+01, -1.983064127621666e+01,  7.211388083250045e-01,  4.745762711864407e-01,  1.571188768071200e+00,  1.158090638310814e+01
s623        , -1.988853831837967e+01, -1.966752502477139e+01,  9.900697760923908e-01,  0.000000000000000e+00,  1.969244068713294e+00,  1.309234848349534e+01
s624        , -2.364575476956619e+01, -2.312973810403029e+01,  9.792594756907185e-01,  4.396135265700483e-01,  1.015339140387703e+00,  1.629024035441051e+01
s625        , -2.144171537166414e+01, -2.132562329105372e+01,  8.228413903241565e-01,  6.946902654867256e-01,  1.114661969794269e+00,  1.257105451791261e+01
s626        , -2.037069722396305e+01, -2.016049442290060e+01,  9.227407479811066e-01,  2.631578947368421e-02,  1.688956516030484e+00,  1.362015765164471e+01
s627        , -1.998545144661707e+01, -1.997547233752416e+01,  8.745092952169873e-01,  0.000000000000000e+00,  1.747472694390042e+00,  1.356883057083668e+01
s628        , -2.158119065398551e+01, -2.157028548358473e+01,  1.081519577179665e+00,  4.504950495049505e-01,  1.040470187003637e+00,  1.330733170411377e+01
s629        , -1.843917864187274e+01, -1.794450643184224e+01,  5.814325021066519e-01,  0.000000000000000e+00,  2.667697858682168e+00,  1.181390061599216e+01
s630        , -1.962256463480217e+01, -1.968847348548978e+01,  7.062181764503404e-01,  0.000000000000000e+00,  1.725745746166047e+00,  1.336912983462380e+01
s631        , -2.101091990223662e+01, -2.092871873532227e+01,  8.074915217860295e-01,  3.590909090909091e-01,  1.442922488236782e+00,  1.361884388666149e+01
s632        , -2.022844039713042e+01, -2.006711595791023e+01,  1.250193430374739e+00,  1.032608695652174e-01,  1.774062370456176e+00,  1.261810186785853e+01
s633        , -2.473876586737651e+01, -2.488050161180384e+01,  1.287484002749459e+00,  5.294117647058824e-01,  7.879931685368839e-01,  1.812556905011127e+01
s634        , -2.051539403555230e+01, -2.034301507122016e+01,  9.165415746873405e-01,  0.000000000000000e+00,  1.641301209593425e+00,  1.399131374639726e+01
s635        , -2.382235458298951e+01, -2.439115396440682e+01,  1.433488903332209e+00,  5.875706214689266e-01,  8.127504919578469e-01,  1.677515304115082e+01
s636        , -1.910586081968059e+01, -1.986053159190391e+01,  4.933957640122228e-01,  4.370370370370371e-01,  2.027063488810267e+00,  1.286048706243918e+01
s637        , -1.917066616024459e+01, -1.900986834590123e+01,  9.238304522315431e-01,  0.000000000000000e+00,  2.103777167780548e+00,  1.224233550055599e+01
s638        , -2.192001400012589e+01, -2.170979839783875e+01,  9.486935433440682e-01,  4.883720930232558e-01,  1.025326358768535e+00,  1.365896476083977e+01
s639        , -2.010078758798683e+01, -1.963318430826609e+01,  7.522122587126426e-01,  4.938271604938271e-02,  1.836640117089090e+00,  1.314277515193250e+01
s640        , -1.983289623130970e+01, -1.979195434931454e+01,  1.006621037141236e+00,  9.756097560975610e-02,  1.937399399407318e+00,  1.286649584605885e+01
s641        , -2.307886864739055e+01, -2.298618572952715e+01,  9.502965964337494e-01,  4.905660377358491e-01,  9.810994475925113e-01,  1.585372871735673e+01
s642        , -2.260273435105626e+01, -2.270954918518454e+01,  9.804995850605474e-01,  4.830917874396136e-01,  1.024289420733821e+00,  1.538892430913656e+01
s643        , -2.012782689900612e+01, -1.991759817135587e+01,  8.655320027153773e-01,  9.333333333333334e-02,  1.665181174884933e+00,  1.301767399173636e+01
s644        , -1.902512926743999e+01, -1.877669562042840e+01,  9.147162067425912e-01,  3.141592920353982e-01,  2.213836816714494e+00,  1.080652749985080e+01
s645        , -2.049081123370357e+01, -2.014265827702389e+01,  9.023761850715283e-01,  0.000000000000000e+00,  1.720728565662848e+00,  1.377286376892369e+01
s646        , -2.159630341817387e+01, -2.222505478865119e+01,  1.177015108893088e+00,  3.370165745856354e-01,  1.047467071128592e+00,  1.471714269485131e+01
s647        , -2.046804100673445e+01, -2.031136760506565e+01,  1.156308751846121e+00,  0.000000000000000e+00,  1.705134226767711e+00,  1.353845473597210e+01
s648        , -2.112203592795417e+01, -2.084294202228301e+01,  5.223577580274692e-01,  3.625498007968128e-01,  9.432887295911175e-01,  1.334473714951294e+01
s649        , -2.130712394597167e+01, -2.197858076377438e+01,  1.138512267593263e+00,  3.551912568306011e-01,  1.067740844157067e+00,  1.431601160128836e+01
s650        , -1.872664219670308e+01, -1.891709011721092e+01,  6.972328257254603e-01,  3.114754098360656e-01,  2.195824576772873e+00,  1.148046584099941e+01
s651        , -2.286060777226206e+01, -2.291748098159012e+01,  9.710512338323585e-01,  3.062200956937799e-01,  8.234492024394056e-01,  1.617264787294776e+01
s652        , -2.513277458672901e+01, -2.498805241497790e+01,  1.208480970074943e+00,  4.656084656084656e-01,  7.977695918916745e-01,  1.873132576248845e+01
s653        , -2.212366926194319e+01, -2.188806141449368e+01,  6.463151838244268e-01,  5.725806451612904e-01,  1.039359883787145e+00,  1.428608113500775e+01
s654        , -2.219498706816524e+01, -2.207436512628287e+01,  5.759637014160712e-01,  5.175097276264592e-01,  1.017717011824383e+00,  1.493810326988803e+01
s655        , -2.136195741190379e+01, -2.146510871611445e+01,  5.916076744659398e-01,  5.038759689922481e-01,  1.200469130442473e+00,  1.412645370250185e+01
s656        , -2.204727614381470e+01, -2.174820959202834e+01,  8.420598327095878e-01,  3.640552995391705e-01,  1.266005025579253e+00,  1.474335072215601e+01
s657        , -2.036339525797458e+01, -2.002762177263654e+01,  1.062111316751952e+00,  0.000000000000000e+00,  1.768281526933623e+00,  1.331118784984449e+01
s658        , -1.602366185676991e+01, -1.592474444988243e+01,  7.482659996955998e-01,  2.074688796680498e-02,  3.653829692316899e+00,  9.161953139004774e+00
s659        , -1.871169938684588e+01, -1.882116495052060e+01,  7.072661347622778e-01,  0.000000000000000e+00,  2.046753712499909e+00,  1.226632739803797e+01
s660        , -2.183022460938435e+01, -2.167032133656056e+01,  1.429637992359790e+00,  1.299435028248588e-01,  1.525209336766687e+00,  1.466115148817675e+01
s661        , -2.183692812512830e+01, -2.249717438914480e+01,  1.257116294703737e+00,  4.463276836158192e-01,  1.067755728022841e+00,  1.465215181979173e+01
s662        , -1.575332316936146e+01, -1.545498067051460e+01,  6.550221509464230e-01,  0.000000000000000e+00,  3.917716429235338e+00,  8.955976345446677e+00
s663        , -2.161244100467384e+01, -2.174026369374852e+01,  9.700122025697524e-01,  3.461538461538461e-01,  1.184233954289549e+00,  1.442676431160421e+01
s664        , -1.792030659393350e+01, -1.779359189984355e+01,  8.465749657306824e-01,  0.000000000000000e+00,  2.698024951280312e+00,  1.105209688642420e+01
s665        , -2.036353189911458e+01, -2.014184981511059e+01,  6.137386833958489e-01,  3.255813953488372e-01,  1.576368212978869e+00,  1.292232258090890e+01
s666        , -1.896012969757172e+01, -1.823069696976842e+01,  8.249130462565534e-01,  0.000000000000000e+00,  2.200198775744839e+00,  1.119028574484320e+01
s667        , -1.834472710605888e+01, -1.895246231760536e+01,  8.845188905783177e-01,  2.727272727272727e-01,  2.149705162517529e+00,  1.124887155080778e+01
s668        , -2.315183675604283e+01, -2.298950953667035e+01,  1.092538721356814e+00,  6.534653465346535e-01,  9.129702145413104e-01,  1.486165883131973e+01
s669        , -2.168824836514504e+01, -2.163569313045784e+01,  1.515884727808705e+00,  1.477272727272727e-01,  1.540739919151849e+00,  1.437938319635824e+01
s670        , -1.765957516951316e+01, -1.766190514924617e+01,  5.377225767415089e-01,  0.000000000000000e+00,  2.669010692853464e+00,  1.140204142489034e+01
s671        , -1.925271531654228e+01, -1.943995791151576e+01,  7.096112846119030e-01,  1.705069124423963e-01,  1.564233046731392e+00,  1.205337832170705e+01
s672        , -2.010246672918431e+01, -2.010277956710979e+01,  5.391751259198966e-01,  5.580524344569289e-01,  1.587367634145289e+00,  1.213734858377546e+01
s673        , -2.045224673553428e+01, -2.037747172186180e+01,  1.049382583197780e+00,  0.000000000000000e+00,  1.725196257270777e+00,  1.389921583185920e+01
s674        , -1.961862741224291e+01, -1.954917138796086e+01,  9.677620411997114e-01,  6.698564593301436e-02,  1.990540211209285e+00,  1.270244498393146e+01
s675        , -1.819835804307071e+01, -1.837338881341154e+01,  9.044639358944324e-01,  0.000000000000000e+00,  2.424659500639823e+00,  1.159053466517055e+01
s676        , -2.030955144796039e+01, -2.011965196772383e+01,  9.646305999588484e-01,  3.301886792452830e-02,  1.626536739070594e+00,  1.335214389042429e+01
s677        , -1.708028116046972e+01, -1.743222777787744e+01,  6.047177132526571e-01,  2.000000000000000e-01,  2.753663753707675e+00,  1.021670600869125e+01
s678        , -1.996975063415185e+01, -1.967537445268774e+01,  8.618898088083086e-01,  4.072398190045249e-02,  1.655978650224598e+00,  1.278164627503913e+01
s679        , -2.075675552323975e+01, -2.063244587594365e+01,  1.024001830047578e+00,  5.687203791469194e-02,  1.615250436986331e+00,  1.403713397147316e+01
s680        , -1.844365265503332e+01, -1.858731713613209e+01,  8.175279943610130e-01,  0.000000000000000e+00,  2.308543019857968e+00,  1.198695653585989e+01
s681        , -1.908965101407623e+01, -1.929597110181527e+01,  3.797539427511824e-01,  3.745928338762215e-01,  2.125712761798624e+00,  1.245906773057804e+01
s682        , -2.132701003782740e+01, -2.136759606576636e+01,  7.378656983536168e-01,  9.349593495934959e-02,  1.453090105460542e+00,  1.555954734923685e+01
s683        , -2.134055790648813e+01, -2.084858216297170e+01,  5.640028904764011e-01,  8.093385214007782e-01,  1.225286615169683e+00,  1.196334473455133e+01
s684        , -2.228765611405496e+01, -2.222350280140670e+01,  1.005763788862670e+00,  4.589371980676328e-01,  9.540036972962470e-01,  1.446997856213854e+01
s685        , -2.220524684044785e+01, -2.251443975840498e+01,  4.471263403989054e-01,  4.583333333333333e-01,  1.225398032911532e+00,  1.648856791117663e+01
s686        , -2.092862014660340e+01, -2.082146154630816e+01,  9.656996997243353e-01,  1.886792452830189e-02,  1.611141804956426e+00,  1.462896892305781e+01
s687        , -2.266843571203506e+01, -2.260789508586891e+01,  1.079189361643892e+00,  6.274509803921569e-01,  9.706158453540750e-01,  1.438841854652308e+01
s688        , -1.791243182954496e+01, -1.830678132452104e+01,  3.414955948832878e-01,  3.824561403508772e-01,  2.137035678966898e+00,  1.076518912705497e+01
s689        , -2.022924986754604e+01, -2.033641986260199e+01,  1.164297176303303e+00,  0.000000000000000e+00,  1.662862370524273e+00,  1.350892152428879e+01
s690        , -1.926971843911773e+01, -1.920269412996297e+01,  5.914214798337027e-01,  2.972972972972973e-01,  1.872743218715154e+00,  1.181256468711976e+01
s691        , -1.839442212707931e+01, -1.913415838573203e+01,  5.693804942530922e-01,  3.536121673003803e-01,  2.350588854091649e+00,  1.217636750984857e+01
s692        , -1.811967055159425e+01, -1.828116340419601e+01,  9.763160342236208e-01,  0.000000000000000e+00,  2.415069854049711e+00,  1.126853861561337e+01
s693        , -1.897178714286070e+01, -1.910438707388422e+01,  8.957547109913164e-01,  5.140186915887850e-02,  2.033740364394684e+00,  1.217611910435158e+01
s694        , -2.117746495604092e+01, -2.082657375381849e+01,  1.074433570180359e+00,  5.000000000000000e-01,  1.210012466823290e+00,  1.204535457910931e+01
s695        , -2.262578130233349e+01, -2.238230617678035e+01,  6.779976602741489e-01,  3.266932270916335e-01,  9.050815321835366e-01,  1.584803555142481e+01
s696        , -2.110358706695218e+01, -2.114002493068270e+01,  9.797844205404852e-01,  6.809523809523810e-01,  1.283395072870751e+00,  1.220774635421528e+01
s697        , -2.080079623838923e+01, -2.058624154837421e+01,  1.069631146181875e+00,  0.000000000000000e+00,  1.708697372781584e+00,  1.420651664250340e+01
s698        , -2.284382050270110e+01, -2.285244802784264e+01,  8.677775728695495e-01,  3.488372093023256e-01,  9.228199705317618e-01,  1.624021659466149e+01
s699        , -1.710021253686445e+01, -1.732559779512648e+01,  6.536729858869433e-01,  0.000000000000000e+00,  2.738289584321004e+00,  1.066554063150242e+01
s700        , -1.768315556313765e+01, -1.727450076746133e+01,  4.691155169185429e-01,  0.000000000000000e+00,  2.707433973136871e+00,  1.090514489355520e+01
s701        , -1.903295584190279e+01, -1.949239107843580e+01,  4.043779155293931e-01,  4.536082474226804e-01,  2.155598674136786e+00,  1.249962142759825e+01
s702        , -1.837939645173277e+01, -1.832835984667744e+01,  7.494883582487883e-01,  0.000000000000000e+00,  2.103375415559332e+00,  1.138340179615064e+01
s703        , -2.091048572489854e+01, -2.061441356689145e+01,  7.020013223338907e-01,  7.102040816326531e-01,  1.212952606466905e+00,  1.162772149900116e+01
s704        , -2.101614044515869e+01, -2.086522962212496e+01,  1.028611858948796e+00,  0.000000000000000e+00,  1.581360198589966e+00,  1.461041329043226e+01
s705        , -1.998067347119072e+01, -1.996300329303747e+01,  1.185687949882904e+00,  1.878172588832487e-01,  1.948484240981926e+00,  1.248181460466569e+01
s706        , -2.205053681559340e+01, -2.188867560697226e+01,  8.266642677380227e-01,  4.751131221719457e-01,  1.106435879376646e+00,  1.438437929848286e+01
s707        , -2.095566328486310e+01, -2.074325301208336e+01,  9.204348293047622e-01,  1.345291479820628e-02,  1.580274043118040e+00,  1.455970448329908e+01
s708        , -2.098548818691052e+01, -2.075282772920958e+01,  7.816079348145536e-01,  0.000000000000000e+00,  1.510127451895044e+00,  1.481191300800673e+01
s709        , -2.115794840593145e+01, -2.126251158562216e+01,  6.147083846068804e-01,  1.482889733840304e-01,  1.476097794013207e+00,  1.544538303135428e+01
s710        , -2.144561556804213e+01, -2.206316474989304e+01,  1.190594882689743e+00,  5.916230366492147e-01,  1.186363283871095e+00,  1.362734976257496e+01
s711        , -2.158487030708884e+01, -2.171138817998853e+01,  9.460664272603528e-01,  5.904761904761905e-01,  1.030358184855007e+00,  1.328695433940170e+01
s712        , -1.701606937532507e+01, -1.700475065078023e+01,  6.150494411575238e-01,  0.000000000000000e+00,  2.879108952202573e+00,  1.036656369026571e+01
s713        , -2.069677260469373e+01, -2.049245249963895e+01,  1.073390950729427e+00,  0.000000000000000e+00,  1.617705885960696e+00,  1.390772653917274e+01
s714        , -1.667903695847065e+01, -1.656143920833808e+01,  7.760953545379521e-01,  0.000000000000000e+00,  3.335177613784383e+00,  9.878746674623725e+00
s715        , -1.903979308955687e+01, -1.913919539301159e+01,  8.315512039113931e-01,  0.000000000000000e+00,  1.954597251217183e+00,  1.245400578081391e+01
s716        , -1.775292931769286e+01, -1.760008573862525e+01,  9.727933610333620e-01,  0.000000000000000e+00,  2.801795067705672e+00,  1.059572487224863e+01
s717        , -1.980553907801730e+01, -2.039669221675324e+01,  5.492793786046669e-01,  2.683823529411765e-01,  1.597589314426483e+00,  1.375095082434055e+01
s718        , -2.205506805307129e+01, -2.197670699718345e+01,  6.594049734657337e-01,  3.149606299212598e-01,  9.261252440805319e-01,  1.523851599721952e+01
s719        , -2.211926724507942e+01, -2.224055177895700e+01,  8.620385722892379e-01,  5.000000000000000e-01,  9.605557682724456e-01,  1.464375832979663e+01
s720        , -2.227273745316376e+01, -2.236875096877931e+01,  7.954809794675534e-01,  5.283018867924528e-01,  8.220343559220038e-01,  1.470881339265356e+01
s721        , -1.785735939085095e+01, -1.802256627679542e+01,  5.485615490478004e-01,  5.434782608695652e-02,  2.450383687811633e+00,  1.151524704805075e+01
s722        , -2.185625504194673e+01, -2.163878586502868e+01,  8.224396253681107e-01,  5.682819383259912e-01,  1.055235091653630e+00,  1.352581072750537e+01
s723        , -2.033801839240394e+01, -2.009428285014928e+01,  1.033734482623266e+00,  2.970297029702970e-02,  1.549514951536726e+00,  1.307464439179439e+01
s724        , -2.101306363073858e+01, -2.102362419384626e+01,  1.015270635605723e+00,  4.079601990049751e-01,  1.273112383185235e+00,  1.295007504023640e+01
s725        , -1.977835943733275e+01, -2.060915287050197e+01,  4.988644816231332e-01,  6.159695817490494e-01,  1.579999771320876e+00,  1.288843599701539e+01
s726        , -1.782642809085736e+01, -1.798553854242762e+01,  7.388544281650941e-01,  2.697095435684647e-01,  2.702746920345859e+00,  1.059460484851916e+01
s727        , -2.098840179836340e+01, -2.073025704478680e+01,  8.345902180918024e-01,  0.000000000000000e+00,  1.564888205010337e+00,  1.473986125544507e+01
s728        , -2.135488943619893e+01, -2.112015072515575e+01,  9.726957088738175e-01,  3.465346534653465e-01,  1.351887815792489e+00,  1.354819767991309e+01
s729        , -1.830313789299144e+01, -1.916207815654354e+01,  6.125596721160752e-01,  3.821138211382114e-01,  1.900783092882139e+00,  1.141465706390808e+01
s730        , -1.974102380594271e+01, -1.962938864538984e+01,  8.179707191456781e-01,  1.033057851239669e-01,  1.852631373330584e+00,  1.282077474741319e+01
s731        , -1.858542568590836e+01, -1.844052225667139e+01,  9.694510174542249e-01,  2.844036697247707e-01,  2.340016289207997e+00,  1.038458156789735e+01
s732        , -1.728575125425960e+01, -1.769983595122514e+01,  5.108278328166251e-01,  0.000000000000000e+00,  2.505057602734342e+00,  1.129914644447386e+01
s733        , -2.189672381410002e+01, -2.220904251295757e+01,  8.845754470623001e-01,  5.120772946859903e-01,  1.101414099338844e+00,  1.468944495786918e+01
s734        , -1.907291800543370e+01, -1.903649389566713e+01,  5.315697285165131e-01,  1.444444444444444e-01,  1.964074161861227e+00,  1.234271589486634e+01
s735        , -2.104653345651221e+01, -2.075923138364356e+01,  1.448086821098101e+00,  1.067415730337079e-01,  1.664100609072139e+00,  1.328396978542303e+01
s736        , -1.839280423093862e+01, -1.909794356185034e+01,  5.383653456149299e-01,  3.976833976833977e-01,  2.016885621183113e+00,  1.155055276785412e+01
s737        , -2.165426899727042e+01, -2.185775932721630e+01,  1.087841584491269e+00,  6.019900497512438e-01,  1.249170314220206e+00,  1.351672856631304e+01
s738        , -1.806822955624155e+01, -1.839077421972905e+01,  6.284143179273756e-01,  1.107011070110701e-01,  2.443800404379463e+00,  1.178534614517284e+01
s739        , -1.955458939471557e+01, -2.022303648224260e+01,  7.181554020618314e-01,  4.333333333333333e-01,  1.563681266113865e+00,  1.242988286212224e+01
s740        , -1.834079412742093e+01, -1.814739333136667e+01,  5.892606430007589e-01,  6.296296296296296e-02,  2.278358133790180e+00,  1.138649941005885e+01
s741        , -2.108323768665554e+01, -2.084582279623646e+01,  1.189610978007867e+00,  0.000000000000000e+00,  1.626105589633398e+00,  1.431218046165300e+01
s742        , -1.784982580383593e+01, -1.797187871953339e+01,  7.974623214873122e-01,  0.000000000000000e+00,  2.336632150441435e+00,  1.097290862335469e+01
s743        , -2.007117762213282e+01, -2.025711531412681e+01,  6.358012487227839e-01,  0.000000000000000e+00,  2.023496953047606e+00,  1.492903898581072e+01
s744        , -2.048858578542649e+01, -2.056150167621414e+01,  9.727158465966328e-01,  7.692307692307693e-02,  1.517764746252144e+00,  1.380515331292497e+01
s745        , -2.120349313282904e+01, -2.149455946697775e+01,  1.248801059511634e+00,  4.010989010989011e-01,  1.264852963296408e+00,  1.332967177626812e+01
s746        , -1.892251493836264e+01, -1.892928824965889e+01,  1.013410848412974e+00,  1.477832512315271e-01,  2.274247598926201e+00,  1.159167200253645e+01
s747        , -2.116880416688591e+01, -2.123480295869177e+01,  1.320261110352880e+00,  2.756756756756757e-01,  1.564387844763924e+00,  1.360974683215372e+01
s748        , -2.167842994358758e+01, -2.142009912663936e+01,  1.265849734638984e+00,  6.349206349206349e-02,  1.546369921980404e+00,  1.482830423361539e+01
s749        , -2.059667445248301e+01, -2.107851629021726e+01,  1.110853304254785e+00,  4.974358974358974e-01,  1.370139958145056e+00,  1.264832005707439e+01
s750        , -2.032384862658092e+01, -2.034860320753221e+01,  6.989985344819273e-01,  5.976095617529881e-02,  1.450676970727084e+00,  1.395283326508115e+01
s751        , -2.236553637276776e+01, -2.180148599166996e+01,  2.803900975058158e-01,  5.074626865671642e-01,  1.456594700118100e+00,  1.568941574420401e+01
s752        , -1.716732359631470e+01, -1.680720805099851e+01,  4.295114969749479e-01,  0.000000000000000e+00,  2.950583286517860e+00,  1.048821444683904e+01
s753        , -2.206691124025960e+01, -2.201774997273075e+01,  5.443610642062378e-01,  4.208633093525180e-01,  9.921788891083088e-01,  1.523272186348914e+01
s754        , -1.859855862913608e+01, -1.871786948654082e+01,  6.525727343263089e-01,  0.000000000000000e+00,  2.175723963426953e+00,  1.236994236298383e+01
s755        , -2.251644582892857e+01, -2.202790839212062e+01,  9.275270297435283e-01,  5.420560747663551e-01,  1.025125893845463e+00,  1.406290382728060e+01
s756        , -2.026279534630465e+01, -2.026504725037422e+01,  7.197205219982271e-01,  2.766798418972332e-02,  1.761633114975155e+00,  1.431015400767722e+01
s757        , -1.901185247831666e+01, -1.925019812232275e+01,  6.585993508659531e-01,  8.745247148288973e-02,  1.970873596360303e+00,  1.269113414828457e+01
s758        , -1.866312886885699e+01, -1.877044436574828e+01,  6.853942131010153e-01,  0.000000000000000e+00,  1.952758128035090e+00,  1.209166287859398e+01
s759        , -2.105033567951521e+01, -2.089472815160825e+01,  9.322860479188450e-01,  0.000000000000000e+00,  1.322459609752621e+00,  1.450267535567043e+01
s760        , -1.976737462921502e+01, -2.002684068761961e+01,  1.127356736064508e+00,  2.210526315789474e-01,  1.894383557293392e+00,  1.251288027573730e+01
s761        , -2.282845273202710e+01, -2.264172791207509e+01,  8.535995755641694e-01,  3.727272727272727e-01,  1.057535714547929e+00,  1.598855677170639e+01
s762        , -1.737428124739802e+01, -1.682597574912162e+01,  6.037550424257394e-01,  0.000000000000000e+00,  3.166939855556125e+00,  1.046608992517440e+01
s763        , -2.048674857080450e+01, -2.041782208937554e+01,  7.999008057842133e-01,  7.500000000000000e-02,  1.677165364585216e+00,  1.412449778824443e+01
s764        , -1.996103637141938e+01, -1.972777089380955e+01,  4.212261089340418e-01,  5.434782608695652e-01,  1.596695542540879e+00,  1.177748007126653e+01
s765        , -1.985538741097363e+01, -1.990625785770622e+01,  1.002722843398278e+00,  0.000000000000000e+00,  1.724706191872535e+00,  1.315586265535196e+01
s766        , -1.902823974868692e+01, -1.879442123315280e+01,  6.626395844197478e-01,  2.978723404255319e-02,  1.874016169897307e+00,  1.195942744553548e+01
s767        , -2.019726225103009e+01, -2.011798255174796e+01,  9.493404843552348e-01,  2.325581395348837e-01,  1.706488071264049e+00,  1.273319362343254e+01
s768        , -2.180287541987858e+01, -2.116139143610389e+01,  7.106200470579939e-01,  4.440000000000000e-01,  1.111968412442927e+00,  1.345250902833756e+01
s769        , -2.332774774981945e+01, -2.358280869899136e+01,  1.304170743622538e+00,  1.929824561403509e-01,  1.031876776358737e+00,  1.739643510142021e+01
s770        , -2.255011500408412e+01, -2.227751925922421e+01,  9.929324062083775e-01,  0.000000000000000e+00,  1.363012787810862e+00,  1.689164473127726e+01
s771        , -1.837836194936116e+01, -1.840393170604207e+01,  9.995754193230935e-01,  2.242990654205607e-01,  2.400077079924210e+00,  1.056886783852959e+01
s772        , -2.036442085092615e+01, -2.034623522109848e+01,  1.041159532386866e+00,  0.000000000000000e+00,  1.734483097380630e+00,  1.387306102003137e+01
s773        , -2.207703951964118e+01, -2.220056825368335e+01,  1.015667315980144e+00,  5.544554455445545e-01,  9.359219604952379e-01,  1.402241955514265e+01
s774        , -2.410464814655394e+01, -2.358069477131238e+01,  9.585028632207137e-01,  4.528301886792453e-01,  8.687583034341172e-01,  1.688219176513709e+01
s775        , -2.145476048405246e+01, -2.126642773618082e+01,  8.578739654368635e-01,  5.381165919282511e-01,  1.427588032867850e+00,  1.341729473939093e+01
s776        , -1.783304251394927e+01, -1.778975917311385e+01,  8.462197377429055e-01,  0.000000000000000e+00,  2.269347933485320e+00,  1.045886382743628e+01
s777        , -1.926023008452307e+01, -1.928197383470806e+01,  8.541167321538388e-01,  0.000000000000000e+00,  1.693584736125395e+00,  1.230452514267539e+01
s778        , -1.976550707196644e+01, -1.965659020982866e+01,  1.017542478292188e+00,  0.000000000000000e+00,  1.910902348798690e+00,  1.293755299014401e+01
s779        , -2.301809423461469e+01, -2.273432331618004e+01,  6.419228106700046e-01,  5.200000000000000e-01,  1.063058349949869e+00,  1.602969749265507e+01
s780        , -1.989864127452180e+01, -1.994937148277359e+01,  7.300083889692836e-01,  0.000000000000000e+00,  1.725978978108367e+00,  1.378477834529889e+01
s781        , -1.803783397921168e+01, -1.802101152211046e+01,  9.620463520804606e-01,  2.083333333333333e-01,  2.562877627611554e+00,  1.024806366265619e+01
s782        , -2.003060740563550e+01, -1.993149055250118e+01,  9.535845944192822e-01,  4.901960784313725e-02,  1.614488282270955e+00,  1.296311268993788e+01
s783        , -2.170310297580588e+01, -2.115902332032276e+01,  8.937223024086536e-01,  6.728110599078341e-01,  1.194201669440594e+00,  1.232393962095321e+01
s784        , -1.828106793020000e+01, -1.841624499069979e+01,  5.112900267582642e-01,  0.000000000000000e+00,  1.758110008986729e+00,  1.154750508479557e+01
s785        , -1.904288077315707e+01, -1.922800633471311e+01,  1.009635007870736e+00,  1.287128712871287e-01,  2.040774098516287e+00,  1.188233231705360e+01
s786        , -2.022975758111321e+01, -1.994103359703941e+01,  1.074510713621697e+00,  9.178743961352658e-02,  1.744689169698459e+00,  1.275213357281550e+01
s787        , -1.858814151939532e+01, -1.922033427133944e+01,  4.677178698481144e-01,  0.000000000000000e+00,  2.008720455711059e+00,  1.340680852459366e+01
s788        , -1.926046054059691e+01, -1.951440387832770e+01,  9.833452333275891e-01,  3.482587064676617e-02,  1.841202608234995e+00,  1.252659586925770e+01
s789        , -2.212378523930028e+01, -2.264032225410755e+01,  1.403956814559470e+00,  4.914285714285714e-01,  9.486174557284539e-01,  1.427578326257372e+01
s790        , -2.174169856486492e+01, -2.184095099675330e+01,  1.204932585051650e+00,  4.064171122994653e-01,  1.064934131095705e+00,  1.373945955132695e+01
s791        , -1.907773631846257e+01, -1.922516606312121e+01,  8.270017671957954e-01,  3.097345132743363e-02,  2.007262119907651e+00,  1.257060376952167e+01
s792        , -2.217884458062024e+01, -2.195956154564522e+01,  7.055864740181712e-01,  6.584362139917695e-01,  1.063868141672958e+00,  1.400152908617240e+01
s793        , -2.046845693654859e+01, -2.024655521974748e+01,  8.322156566135229e-01,  5.131578947368421e-01,  1.720789793363855e+00,  1.215397616557521e+01
s794        , -1.973890233992908e+01, -1.942561664686366e+01,  9.585653349018328e-01,  3.488372093023256e-01,  1.856570270447087e+00,  1.124971287770339e+01
s795        , -2.098054198937622e+01, -2.082922911086627e+01,  1.137287113342382e+00,  0.000000000000000e+00,  1.578571593087118e+00,  1.432324430857980e+01
s796        , -1.872193723420701e+01, -1.881051680480295e+01,  9.546216404177296e-01,  1.428571428571429e-02,  2.215576128240170e+00,  1.192509260592476e+01
s797        , -1.738396768625594e+01, -1.768263738674846e+01,  4.643749886831158e-01,  0.000000000000000e+00,  2.068386501425104e+00,  1.076429574270196e+01
s798        , -1.812351947027918e+01, -1.831599057237074e+01,  6.195676644660840e-01,  0.000000000000000e+00,  2.321479724575902e+00,  1.192246884979062e+01
s799        , -2.115781411801412e+01, -2.019257527104484e+01,  8.881759507734841e-01,  8.161434977578476e-01,  1.314156793245340e+00,  1.023969449715409e+01
s800        , -2.197753832223543e+01, -2.251016194550995e+01,  1.367590326671416e+00,  4.022988505747127e-01,  1.185742491361532e+00,  1.478066983162709e+01
s801        , -2.000340332694237e+01, -2.055932424105334e+01,  1.102790033632192e+00,  2.258064516129032e-01,  1.377864749049625e+00,  1.278270596395830e+01
s802        , -2.346278750692302e+01, -2.314327526613227e+01,  9.361063346928035e-01,  4.537037037037037e-01,  9.328723241878710e-01,  1.623504625666435e+01
s803        , -2.201425716118592e+01, -2.211602036550362e+01,  1.040193787732151e+00,  4.336734693877551e-01,  1.133200618858671e+00,  1.455077698286752e+01
s804        , -1.618324989548500e+01, -1.629719200316212e+01,  7.116906832721664e-01,  0.000000000000000e+00,  3.265444923751958e+00,  9.443958301329650e+00
s805        , -2.141738653455062e+01, -2.148681784389791e+01,  8.265415736552747e-01,  7.797356828193833e-01,  1.226769806270363e+00,  1.268105090050788e+01
s806        , -2.157933013723432e+01, -2.160715601483055e+01,  8.091125592622611e-01,  3.377192982456140e-01,  1.239570693900619e+00,  1.462297744677701e+01
s807        , -1.912040169626662e+01, -1.990673529234896e+01,  3.064121380314574e-01,  3.625730994152047e-01,  1.373236004939377e+00,  1.270679483058542e+01
s808        , -2.304047586711122e+01, -2.303345823087380e+01,  9.239254879183230e-01,  7.419354838709677e-01,  1.030505764417766e+00,  1.510577171432135e+01
s809        , -2.047218776779852e+01, -2.033686964930133e+01,  8.995623206009061e-01,  3.017241379310345e-02,  1.675071356923104e+00,  1.394656383282514e+01
s810        , -2.119146876442327e+01, -2.179311670193737e+01,  3.833008971413066e-01,  4.368932038834951e-01,  1.088621274224213e+00,  1.523027497629974e+01
s811        , -2.180116494254657e+01, -2.189217880660308e+01,  9.808434487930431e-01,  4.158415841584158e-01,  1.078038892584598e+00,  1.426509524421925e+01
s812        , -2.372646511684069e+01, -2.327280420563270e+01,  9.446571754784751e-01,  4.906542056074766e-01,  9.135526751171804e-01,  1.628130485441724e+01
s813        , -2.269928091374550e+01, -2.250449033332878e+01,  9.629495120776186e-01,  4.809523809523810e-01,  1.042441924912078e+00,  1.509314052230302e+01
s814        , -1.832573741415099e+01, -1.846135247445600e+01,  5.354186889595162e-01,  0.000000000000000e+00,  1.696140728369564e+00,  1.149402494895817e+01
s815        , -2.057906464758977e+01, -2.074721157290017e+01,  1.147798411084024e+00,  4.153846153846154e-01,  1.605318442310440e+00,  1.261845864846453e+01
s816        , -1.808215553271357e+01, -1.840191865440482e+01,  6.980755029983063e-01,  2.931726907630522e-01,  2.587128118656424e+00,  1.116913975135418e+01
s817        , -2.152086258044021e+01, -2.149215288933746e+01,  4.019816666301296e-01,  4.668989547038328e-01,  1.095567404256661e+00,  1.455381638764244e+01
s818        , -2.057353864229959e+01, -2.073759024417813e+01,  1.139296334866966e+00,  0.000000000000000e+00,  1.522612915283153e+00,  1.407979050546423e+01
s819        , -2.244567325669163e+01, -2.275027948125702e+01,  1.327693208075567e+00,  4.375000000000000e-01,  9.237357724262316e-01,  1.479538251265494e+01
s820        , -2.103220827040201e+01, -2.102396739649885e+01,  8.009015023490774e-01,  0.000000000000000e+00,  1.618939618641140e+00,  1.540354613445207e+01
s821        , -2.251724700203312e+01, -2.284452748916862e+01,  1.013463860970999e+00,  3.865979381443299e-01,  1.055864666663218e+00,  1.597110647793039e+01
s822        , -1.967652212859418e+01, -1.965821633131385e+01,  6.711429193098304e-01,  0.000000000000000e+00,  1.773316177320695e+00,  1.345136373275347e+01
s823        , -1.898228811729100e+01, -1.915065148622262e+01,  6.592634811575606e-01,  2.393162393162393e-01,  1.772953656914221e+00,  1.166626650568252e+01
s824        , -2.375965705343503e+01, -2.404284843209097e+01,  1.304623493540246e+00,  4.475138121546961e-01,  8.061115216675535e-01,  1.693852771642091e+01
s825        , -2.074394606294202e+01, -2.042258346626478e+01,  1.285276242816520e+00,  9.523809523809523e-02,  1.726415126390013e+00,  1.314373909661389e+01
s826        , -2.229590893513048e+01, -2.247028564572803e+01,  1.170735043582432e+00,  3.809523809523809e-01,  1.047075539958651e+00,  1.499828068663168e+01
s827        , -2.030439908572953e+01, -1.914600103923802e+01,  6.390093036026950e-01,  7.309236947791165e-01,  1.604863018753643e+00,  9.605213369926036e+00
s828        , -2.126632247755481e+01, -2.106025713982700e+01,  1.040273188641408e+00,  1.165048543689320e-01,  1.530613818244231e+00,  1.442212069628689e+01
s829        , -1.836528680868646e+01, -1.813750736761818e+01,  9.164294794896474e-01,  2.977777777777778e-01,  2.472977964644814e+00,  1.008488668136733e+01
s830        , -2.038358031572328e+01, -2.031880595397918e+01,  5.846591101622567e-01,  2.386363636363636e-01,  1.637022194256525e+00,  1.370795573456032e+01
s831        , -2.014217587228185e+01, -2.023293690327724e+01,  9.414472792924116e-01,  4.691943127962085e-01,  1.457143609856549e+00,  1.171479389502659e+01
s832        , -1.638297894992474e+01, -1.662312500545053e+01,  5.112438897885559e-01,  0.000000000000000e+00,  2.642676385676402e+00,  9.574534929309275e+00
s833        , -2.087813803835245e+01, -2.078586293280831e+01,  1.313471297793210e+00,  1.639344262295082e-02,  1.554384360894848e+00,  1.379524644662494e+01
s834        , -2.163260872857058e+01, -2.157284749171416e+01,  3.532624545995500e-01,  4.627831715210356e-01,  1.512272052355833e+00,  1.538184050512519e+01
s835        , -1.845033213930005e+01, -1.826193524229986e+01,  9.547881399831906e-01,  0.000000000000000e+00,  2.498189602745136e+00,  1.139169916784511e+01
s836        , -2.085703068105029e+01, -2.088520058807377e+01,  9.391419786386689e-01,  5.882352941176471e-02,  1.822519094799774e+00,  1.493385242128451e+01
s837        , -1.604298594536770e+01, -1.598160833668430e+01,  4.884270707512054e-01,  0.000000000000000e+00,  3.350028291515344e+00,  9.450087324528051e+00
s838        , -1.819387371328009e+01, -1.832996505791762e+01,  7.746105169478446e-01,  2.875000000000000e-01,  2.636397289311066e+00,  1.097581158781247e+01
s839        , -2.199016371973259e+01, -2.153474370430173e+01,  6.452575300370396e-01,  5.951417004048583e-01,  1.036382323004644e+00,  1.357111939458288e+01
s840        , -1.816847175772266e+01, -1.850150239421612e+01,  7.702094194037945e-01,  1.421800947867299e-01,  1.900879008660606e+00,  1.083278015260137e+01
s841        , -2.076446728280485e+01, -2.057983081392693e+01,  9.436557095933669e-01,  7.692307692307693e-02,  1.662883544927034e+00,  1.409514166282318e+01
s842        , -1.719569444321167e+01, -1.711059863214205e+01,  5.500966314537916e-01,  0.000000000000000e+00,  2.690268637454287e+00,  1.042704202980296e+01
s843        , -1.999816334280537e+01, -1.970450812459420e+01,  1.001188163440495e+00,  0.000000000000000e+00,  1.874667109156389e+00,  1.300604503504452e+01
s844        , -1.581596700213373e+01, -1.585353208144124e+01,  6.426611906071785e-01,  0.000000000000000e+00,  3.498891467231582e+00,  9.115119776049767e+00
s845        , -2.003183538643507e+01, -2.012083541174805e+01,  9.470754557728701e-01,  9.004739336492891e-02,  1.651647597012452e+00,  1.320791337726134e+01
s846        , -2.166933569232110e+01, -2.133069187840465e+01,  6.185258341695595e-01,  6.439999999999999e-01,  1.110305498746734e+00,  1.317873960529850e+01
s847        , -2.001719781047365e+01, -1.980082313852749e+01,  9.595362858723480e-01,  0.000000000000000e+00,  1.746173776660616e+00,  1.308520383979809e+01
s848        , -1.670780899311153e+01, -1.646213486559571e+01,  3.988041322057497e-01,  0.000000000000000e+00,  3.048126257206155e+00,  1.007095490032780e+01
s849        , -2.103364362191806e+01, -2.138615354202309e+01,  1.156426959134843e+00,  2.252747252747253e-01,  1.278947093675872e+00,  1.400941387551857e+01
s850        , -1.674889176362534e+01, -1.635070688207836e+01,  7.321253473512211e-01,  0.000000000000000e+00,  3.486083638720936e+00,  9.799945793800703e+00
s851        , -1.887785873496733e+01, -1.920210052246137e+01,  5.927688024024980e-01,  0.000000000000000e+00,  1.846551726798016e+00,  1.289983462099634e+01
s852        , -1.916613881673827e+01, -1.950024048645354e+01,  8.003562839267409e-01,  6.074766355140187e-02,  1.744370656367835e+00,  1.264000528150015e+01
s853        , -2.151831650372089e+01, -2.146232912999894e+01,  7.575149222728532e-01,  5.756302521008403e-01,  1.084698387962267e+00,  1.335600116105550e+01
s854        , -2.092228526657664e+01, -2.059331206387345e+01,  1.256709903944712e+00,  0.000000000000000e+00,  1.629193076883930e+00,  1.373247397031194e+01
s855        , -1.984690981488844e+01, -1.993508764302240e+01,  1.188297050877042e+00,  0.000000000000000e+00,  1.942418864552537e+00,  1.313058979429040e+01
s856        , -1.857995804240183e+01, -1.868758504477427e+01,  8.239551292756323e-01,  1.484716157205240e-01,  2.231811114390499e+00,  1.148417362892294e+01
s857        , -2.294003947989728e+01, -2.306006409247422e+01,  1.040381226521005e+00,  2.834224598930482e-01,  1.058774094882175e+00,  1.669463499226623e+01
s858        , -2.107902559750898e+01, -2.128871929878483e+01,  9.093422660855821e-01,  3.000000000000000e-01,  1.333707988247553e+00,  1.412697913152377e+01
s859        , -1.829183386036745e+01, -1.842777740612491e+01,  7.862437414121481e-01,  0.000000000000000e+00,  2.266645697171422e+00,  1.170938703621948e+01
s860        , -2.148418071954308e+01, -2.140383809253305e+01,  4.923431187316761e-01,  6.507352941176471e-01,  1.176220384750320e+00,  1.362815853210019e+01
s861        , -2.060440939951398e+01, -2.023617473657720e+01,  1.244635699346682e+00,  1.538461538461539e-02,  1.689036232029001e+00,  1.314621639826747e+01
s862        , -1.983634035476443e+01, -1.946909432013457e+01,  1.085321423246606e+00,  5.970149253731343e-02,  1.823515960175204e+00,  1.212172160715673e+01
s863        , -2.017821382918477e+01, -2.072590279527064e+01,  5.473885714935135e-01,  3.195488721804511e-01,  1.561840106341249e+00,  1.409654048649093e+01
s864        , -2.145828954671971e+01, -2.129120325396559e+01,  1.147294558896481e+00,  3.168316831683168e-01,  1.593997522035019e+00,  1.394368059462684e+01
s865        , -2.179521899962700e+01, -2.189259372721488e+01,  8.128216450972822e-01,  4.444444444444444e-01,  1.076208110073133e+00,  1.449413481765078e+01
s866        , -2.240641608733365e+01, -2.213931074399495e+01,  9.224897743289087e-01,  5.263157894736842e-01,  9.403835363450153e-01,  1.421452267660385e+01
s867        , -1.970162478711471e+01, -1.968577340651645e+01,  1.086158403100687e+00,  6.217616580310881e-02,  2.049568130883018e+00,  1.280509376006337e+01
s868        , -1.579821539399930e+01, -1.544158871227551e+01,  7.266405165932149e-01,  0.000000000000000e+00,  3.858864717432199e+00,  8.706989731499114e+00
s869        , -1.927595790821999e+01, -1.925376511641549e+01,  8.597897072106585e-01,  0.000000000000000e+00,  1.870319142749706e+00,  1.248503892752878e+01
s870        , -1.834436146157947e+01, -1.837112496314840e+01,  6.340522670485870e-01,  0.000000000000000e+00,  1.912976722947731e+00,  1.143163319802662e+01
s871        , -1.954632707936713e+01, -1.961398077060716e+01,  6.111802391659003e-01,  2.023346303501946e-01,  1.698554236597756e+00,  1.262450644985692e+01
s872        , -2.222687656829416e+01, -2.195906854933367e+01,  5.128823285480488e-01,  5.948275862068966e-01,  9.132552269319466e-01,  1.442453910511111e+01
s873        , -2.174135075548704e+01, -2.137519205871279e+01,  1.257543001631122e+00,  5.851063829787234e-02,  1.455469582842436e+00,  1.465969872204263e+01
s874        , -2.306987923711809e+01, -2.314326415456396e+01,  8.538462968104499e-01,  4.644549763033176e-01,  7.695360308319547e-01,  1.613663796563399e+01
s875        , -2.178123430913379e+01, -2.196398714035766e+01,  1.083530772869479e+00,  3.794871794871795e-01,  1.150852118175537e+00,  1.442283860646056e+01
s876        , -2.287277527114560e+01, -2.269898500286057e+01,  1.138674947334888e+00,  4.975124378109453e-01,  9.096790569567013e-01,  1.483917145250417e+01
s877        , -2.189016288213647e+01, -2.158710321425752e+01,  1.035724180292084e+00,  4.102564102564102e-01,  1.163351837612936e+00,  1.375049255492321e+01
s878        , -1.876974537203656e+01, -1.887091237308415e+01,  6.689277466809956e-01,  1.975806451612903e-01,  2.207244548840950e+00,  1.190296458125806e+01
s879        , -1.761744622782913e+01, -1.794693490178538e+01,  7.819049293308822e-01,  1.152263374485597e-01,  2.623779446894122e+00,  1.091654258315224e+01
s880        , -1.792977215528789e+01, -1.826971350740466e+01,  6.960664896434854e-01,  0.000000000000000e+00,  2.235869624928460e+00,  1.156857406930946e+01
s881        , -2.116921283478955e+01, -2.024447379523095e+01,  9.032620979312544e-01,  8.258928571428572e-01,  1.337633250202116e+00,  1.029660849317773e+01
s882        , -1.809005639564229e+01, -1.829087873461811e+01,  7.220854705683993e-01,  0.000000000000000e+00,  2.357563616192268e+00,  1.172031232447370e+01
s883        , -1.958200153707774e+01, -1.980248598499389e+01,  7.271012907616357e-01,  0.000000000000000e+00,  1.771267487532081e+00,  1.359180574100335e+01
s884        , -1.866641101726497e+01, -1.888989739823145e+01,  7.949985209564950e-01,  0.000000000000000e+00,  2.023115076674621e+00,  1.217889196030519e+01
s885        , -1.949202935470739e+01, -1.946937060631348e+01,  6.364032249932927e-01,  0.000000000000000e+00,  1.606477188563998e+00,  1.295759451535879e+01
s886        , -1.753621319174707e+01, -1.734328844263507e+01,  8.757100295381414e-01,  3.167420814479638e-02,  2.838722013077801e+00,  1.026617024451859e+01
s887        , -2.072504645987743e+01, -2.046445316175949e+01,  9.762063217845098e-01,  1.100917431192661e-01,  1.716497549761431e+00,  1.377221563769913e+01
s888        , -2.163711888094086e+01, -2.168222602428063e+01,  6.651812531662715e-01,  4.000000000000000e-01,  1.069776239534524e+00,  1.457825723069431e+01
s889        , -1.784767272504274e+01, -1.808394513732654e+01,  7.893409551850390e-01,  1.161825726141079e-01,  2.631552197732336e+00,  1.115188416025415e+01
s890        , -2.036577167825686e+01, -2.100636782792037e+01,  1.198593097627193e+00,  2.696629213483146e-01,  1.285388359019674e+00,  1.309034085513910e+01
s891        , -1.925489904031788e+01, -1.926926467754442e+01,  5.507141067632857e-01,  1.839080459770115e-01,  1.923264266423451e+00,  1.251198591027242e+01
s892        , -1.797999052112338e+01, -1.902578287188097e+01,  4.042653307860274e-01,  3.543307086614173e-01,  1.767193432468406e+00,  1.151547325978306e+01
s893        , -2.224398236502422e+01, -2.207691479226883e+01,  8.331584764530046e-01,  0.000000000000000e+00,  1.316486053009701e+00,  1.679421908234697e+01
s894        , -2.015695897880840e+01, -1.996207503125489e+01,  1.072826864199006e+00,  0.000000000000000e+00,  1.850182821612774e+00,  1.328531822611013e+01
s895        , -1.853378696029952e+01, -1.912368605260779e+01,  6.204511291278660e-01,  3.117408906882591e-01,  2.071171948794380e+00,  1.183066617033402e+01
s896        , -2.478440805107692e+01, -2.411068113503058e+01,  6.519648265709668e-01,  6.944444444444444e-01,  8.042873181352839e-01,  1.743819728439546e+01
s897        , -2.202247365131235e+01, -2.198577569169087e+01,  4.003596193813885e-01,  3.806451612903226e-01,  1.561601620867084e+00,  1.639903514928922e+01
s898        , -2.008627742560493e+01, -1.973592575770898e+01,  8.363832250330584e-01,  2.103004291845494e-01,  1.844307171256321e+00,  1.255584375139603e+01
s899        , -1.802005794967191e+01, -1.743424745885002e+01,  6.316403764950863e-01,  0.000000000000000e+00,  2.571139627010649e+00,  1.067404882079883e+01
s900        , -1.770516073583232e+01, -1.804670851671158e+01,  6.587215022580127e-01,  1.912350597609562e-01,  2.497099896960328e+00,  1.088082350222784e+01
s901        , -2.425916197575684e+01, -2.384265296936783e+01,  1.070521934277504e+00,  4.183673469387755e-01,  9.156565391636934e-01,  1.731614021793483e+01
s902        , -1.641892815066793e+01, -1.637670630075114e+01,  6.865433229160781e-01,  0.000000000000000e+00,  3.224582815473639e+00,  9.579981855403648e+00
s903        , -2.332207101034287e+01, -2.299726558383124e+01,  7.596132330990515e-01,  4.545454545454545e-01,  8.205627728682022e-01,  1.617504663044944e+01
s904        , -2.132463334662818e+01, -2.030366154845000e+01,  6.621424863336588e-01,  7.695473251028806e-01,  1.265128090166905e+00,  1.100281239054041e+01
s905        , -2.166343218809494e+01, -2.189156675266168e+01,  6.377377663888294e-01,  3.574297188755020e-01,  1.150647657308234e+00,  1.527758966358866e+01
s906        , -1.790842270146736e+01, -1.716929161342000e+01,  5.192710449708149e-01,  0.000000000000000e+00,  3.076537177038060e+00,  1.112257584792662e+01
s907        , -1.911599503394165e+01, -1.969202049545763e+01,  6.014846422519098e-01,  2.038461538461538e-01,  1.821534116260852e+00,  1.294539340989185e+01
s908        , -2.062377494321661e+01, -2.027074650546565e+01,  9.193544922380094e-01,  1.780821917808219e-01,  1.756908690236594e+00,  1.334059924858259e+01
s909        , -2.034650826700463e+01, -2.055883779733855e+01,  5.332010018474065e-01,  5.568627450980392e-01,  1.308775260295577e+00,  1.258231162580759e+01
s910        , -1.701866755175476e+01, -1.652785323535323e+01,  6.527577258511278e-01,  0.000000000000000e+00,  3.331955981751307e+00,  1.006369934584871e+01
s911        , -1.800428066961873e+01, -1.806767303714535e+01,  6.618660273501985e-01,  0.000000000000000e+00,  2.437859631950496e+00,  1.155545359000985e+01
s912        , -2.018815932170212e+01, -2.014223000232089e+01,  9.663500204248824e-01,  9.803921568627451e-03,  1.503201785384144e+00,  1.330784138842544e+01
s913        , -1.735412329082851e+01, -1.770649977881199e+01,  6.824044977718702e-01,  1.673640167364017e-01,  2.522575412949946e+00,  1.035416698745716e+01
s914        , -2.004618788210774e+01, -2.060129520794087e+01,  7.678405168582032e-01,  2.727272727272727e-01,  1.323457053223632e+00,  1.328112396839052e+01
s915        , -1.937730144245923e+01, -1.935928273746386e+01,  1.013124452674652e+00,  1.067961165048544e-01,  1.826991120870574e+00,  1.189870274462995e+01
s916        , -2.191302790761547e+01, -2.216402349654700e+01,  8.131539318566292e-01,  4.663677130044843e-01,  1.123676840356456e+00,  1.495744444671500e+01
s917        , -1.792924589211810e+01, -1.742207244028743e+01,  8.511500734193920e-01,  4.741379310344827e-02,  2.564835087190884e+00,  1.002088368390266e+01
s918        , -2.621730238337609e+01, -2.571471531799287e+01,  1.213252000255408e+00,  5.263157894736842e-01,  7.127090186891889e-01,  1.966564488875607e+01
s919        , -1.919355775511356e+01, -1.881406873862317e+01,  9.705078134058118e-01,  0.000000000000000e+00,  1.768629734969045e+00,  1.134131171498565e+01
s920        , -1.675861595936722e+01, -1.641784180414243e+01,  7.792160460430745e-01,  0.000000000000000e+00,  3.302832174540979e+00,  9.573111504887864e+00
s921        , -2.192756432754418e+01, -2.178038153303924e+01,  1.193988909798461e+00,  3.697916666666667e-01,  9.863113657519301e-01,  1.368512530836076e+01
s922        , -2.290193110331377e+01, -2.282031757181214e+01,  1.096699216369833e+00,  3.940886699507389e-01,  8.965267492572618e-01,  1.551342638188478e+01
s923        , -1.925371616601646e+01, -1.878676906636561e+01,  5.889905385412861e-01,  0.000000000000000e+00,  2.040264192526251e+00,  1.243514566285807e+01
s924        , -1.798705044323696e+01, -1.884915737215787e+01,  5.286804136862179e-01,  5.482625482625483e-01,  1.866734767513434e+00,  1.035182369905365e+01
s925        , -2.338449219749342e+01, -2.355225001548834e+01,  1.063949552212498e+00,  4.352331606217616e-01,  8.540289431036139e-01,  1.666530780446585e+01
s926        , -1.762302148317026e+01, -1.719628707218703e+01,  4.305180955464084e-01,  0.000000000000000e+00,  2.954198221204947e+00,  1.118214651892327e+01
s927        , -1.720744831710588e+01, -1.730286410880854e+01,  7.843635984793510e-01,  0.000000000000000e+00,  2.899295500354515e+00,  1.058182890612209e+01
s928        , -1.827654667645005e+01, -1.828754680168163e+01,  6.944081829027319e-01,  0.000000000000000e+00,  2.011800098068193e+00,  1.129669462821888e+01
s929        , -2.066098735264480e+01, -2.096353232981034e+01,  9.471612382991291e-01,  2.338308457711443e-01,  1.350015980435403e+00,  1.374623788844717e+01
s930        , -1.982419875205301e+01, -2.044454783801806e+01,  6.407828299221139e-01,  4.220183486238532e-01,  1.215332497156131e+00,  1.254527408689964e+01
s931        , -2.184683786579889e+01, -2.218643152324321e+01,  8.984229313898927e-01,  3.168316831683168e-01,  1.088692810854375e+00,  1.534399253669433e+01
s932        , -2.007807490293144e+01, -2.007266349363625e+01,  8.765518375251954e-01,  0.000000000000000e+00,  1.758135869694488e+00,  1.375192539128573e+01
s933        , -2.186904116931162e+01, -2.172053232560184e+01,  9.273015484285255e-01,  0.000000000000000e+00,  1.312992939727825e+00,  1.596641958689822e+01
s934        , -1.595875499840616e+01, -1.611300933443260e+01,  5.801029429051592e-01,  0.000000000000000e+00,  3.433641762421104e+00,  9.612890165777580e+00
s935        , -1.706347068237267e+01, -1.750185459390806e+01,  5.809487923517032e-01,  3.449612403100775e-01,  2.913857581542443e+00,  1.005828342992470e+01
s936        , -1.818003510858343e+01, -1.723188310049223e+01,  6.686103479723822e-01,  0.000000000000000e+00,  2.451209196511295e+00,  1.007573965604551e+01
s937        , -2.175658784400171e+01, -2.219807725458501e+01,  1.239252925233405e+00,  5.645161290322580e-01,  1.023093182437816e+00,  1.364784318988912e+01
s938        , -2.010166135357230e+01, -1.976813992449438e+01,  7.918524791879034e-01,  0.000000000000000e+00,  1.903490901035985e+00,  1.358117739223147e+01
s939        , -1.813809060682595e+01, -1.816924334403846e+01,  9.273708280486973e-01,  1.877934272300469e-01,  2.539672816032148e+00,  1.062741007606656e+01
s940        , -2.094308051046411e+01, -2.107275685087877e+01,  1.248463508881618e+00,  2.122905027932961e-01,  1.363219594869912e+00,  1.343163768348734e+01
s941        , -1.827480816862776e+01, -1.813187692448260e+01,  5.668195657449404e-01,  0.000000000000000e+00,  2.229906387044090e+00,  1.157655090359761e+01
s942        , -1.770857434290158e+01, -1.778116125040430e+01,  7.231322884133586e-01,  0.000000000000000e+00,  2.589014476600605e+00,  1.112993886792070e+01
s943        , -1.938132201948424e+01, -1.946904559234252e+01,  9.868756791559671e-01,  0.000000000000000e+00,  1.770999706589277e+00,  1.247476525526453e+01
s944        , -1.770272330222015e+01, -1.792574338141446e+01,  6.534475002371050e-01,  0.000000000000000e+00,  2.284271648002207e+00,  1.111001620475500e+01
s945        , -1.924477319915050e+01, -1.910210394528349e+01,  8.249241815977442e-01,  1.131221719457014e-01,  1.879331665573926e+00,  1.186962739803775e+01
s946        , -2.185513295241253e+01, -2.205985880407696e+01,  1.228085661581487e+00,  2.637362637362637e-01,  1.275671915618081e+00,  1.491097705077557e+01
s947        , -2.017292248813791e+01, -2.007172049234062e+01,  7.100490174687780e-01,  2.904564315352697e-01,  1.707222939139714e+00,  1.291569347395239e+01
s948        , -1.792501053388721e+01, -1.781774878370271e+01,  5.962007287573173e-01,  0.000000000000000e+00,  2.404949210943954e+00,  1.119908238379894e+01
s949        , -2.005207290213696e+01, -2.046397445688527e+01,  4.274352695086606e-01,  4.909090909090909e-01,  1.542995734236006e+00,  1.319817309957555e+01
s950        , -2.257823345395823e+01, -2.221474685693493e+01,  6.944327937195902e-01,  5.515695067264574e-01,  8.577264120778295e-01,  1.460000083464812e+01
s951        , -1.571913272603913e+01, -1.555648378845855e+01,  4.429920226982368e-01,  0.000000000000000e+00,  3.491873604170093e+00,  8.981068764989418e+00
s952        , -2.233989362366768e+01, -2.297528701510619e+01,  1.210570499679035e+00,  3.833333333333334e-01,  9.214506932457144e-01,  1.563365915579059e+01
s953        , -2.342860552534396e+01, -2.297776583012135e+01,  9.555391129195955e-01,  3.472222222222222e-01,  8.495133786857854e-01,  1.619131245481053e+01
s954        , -2.204077204416149e+01, -2.203579407523355e+01,  7.855757006392825e-01,  3.206751054852321e-01,  9.613880739705819e-01,  1.511535862732579e+01
s955        , -1.756302978982562e+01, -1.768407302984450e+01,  6.365062230176137e-01,  0.000000000000000e+00,  2.049946976296602e+00,  1.039406215926516e+01
s956        , -2.291971088639473e+01, -2.272581783926517e+01,  8.758659606222297e-01,  4.305555555555556e-01,  1.022086483365413e+00,  1.582519321317857e+01
s957        , -1.872997367448807e+01, -1.881935332687338e+01,  1.093495612567926e+00,  1.393034825870647e-01,  2.237707421489870e+00,  1.121683173537963e+01
s958        , -2.138547156076431e+01, -2.123676138989100e+01,  8.233816917870739e-01,  1.637931034482759e-01,  1.402034840232348e+00,  1.481813509099448e+01
s959        , -1.926386090665138e+01, -1.871427077362612e+01,  7.818363246474510e-01,  0.000000000000000e+00,  2.088538160251865e+00,  1.198315676694502e+01
s960        , -1.680470785163838e+01, -1.691119075173552e+01,  4.587423038585335e-01,  0.000000000000000e+00,  2.752754317354045e+00,  1.034291491001743e+01
s961        , -2.001579976967623e+01, -2.015373964443765e+01,  6.767748237492971e-01,  3.469387755102041e-01,  1.691759372242481e+00,  1.289326226953952e+01
s962        , -1.871905926332032e+01, -1.841423676657835e+01,  2.864510681238264e-01,  3.687500000000000e-01,  2.346583287032316e+00,  1.140612893083570e+01
s963        , -1.918665598310528e+01, -1.950344215668788e+01,  5.805193003732922e-01,  0.000000000000000e+00,  1.881968152757995e+00,  1.350826409184036e+01
s964        , -1.746488927974545e+01, -1.716866305637301e+01,  5.086087719206799e-01,  0.000000000000000e+00,  2.776090077000362e+00,  1.073147488766165e+01
s965        , -1.971186761143078e+01, -1.983904137227361e+01,  3.690125179276866e-01,  4.475524475524476e-01,  1.796048538176446e+00,  1.271717384279479e+01
s966        , -1.765956881606673e+01, -1.746370149743465e+01,  9.546059286703430e-01,  0.000000000000000e+00,  2.937744035297364e+00,  1.057642755117430e+01
s967        , -2.223688117086612e+01, -2.191753345213168e+01,  8.141276923727440e-01,  7.478260869565216e-01,  1.046599812640637e+00,  1.334525717110203e+01
s968        , -1.998239594820018e+01, -2.005588521071057e+01,  1.074554709258628e+00,  0.000000000000000e+00,  1.576488504025110e+00,  1.307356965419692e+01
s969        , -2.101894011109180e+01, -2.098220790672826e+01,  1.117285551846042e+00,  9.278350515463918e-02,  1.484528993289433e+00,  1.415481410911208e+01
s970        , -1.986554229461376e+01, -1.983422812276686e+01,  8.689192967983154e-01,  0.000000000000000e+00,  1.766151853268516e+00,  1.335484784596927e+01
s971        , -1.914500631305469e+01, -1.872223307729065e+01,  9.620882838105778e-01,  1.855203619909502e-01,  2.162588205223578e+00,  1.103157603989559e+01
s972        , -1.930540895911451e+01, -1.927183704619468e+01,  6.557008623006150e-01,  0.000000000000000e+00,  1.631316814462695e+00,  1.260183108132322e+01
s973        , -2.013055280326089e+01, -2.010065542903781e+01,  6.551377133892458e-01,  6.122448979591837e-02,  1.622148131383997e+00,  1.383033618739860e+01
s974        , -1.991254970003848e+01, -2.011278530020631e+01,  9.089376983560833e-01,  2.463768115942029e-01,  1.663390558767857e+00,  1.269412575480593e+01
s975        , -2.002907222040815e+01, -2.058900479701871e+01,  3.811349706267657e-01,  3.867595818815331e-01,  1.727651207881765e+00,  1.416140755714652e+01
s976        , -2.147573630129902e+01, -2.155996644826477e+01,  1.155051441966457e+00,  3.191489361702128e-01,  1.223756080384317e+00,  1.388945937920346e+01
s977        , -1.918950409415471e+01, -1.937060831336148e+01,  6.796645234100779e-01,  2.142857142857143e-01,  1.827585887101349e+00,  1.218543277821098e+01
s978        , -1.698999961978807e+01, -1.693002098883913e+01,  3.845947213818099e-01,  4.833836858006042e-02,  2.803813193548471e+00,  1.041276425293613e+01
s979        , -2.115978794608996e+01, -2.161104390257165e+01,  1.312697244744908e+00,  4.666666666666667e-01,  1.217078256254253e+00,  1.309357379121013e+01
s980        , -1.730989298326385e+01, -1.676849113566115e+01,  5.556319363102731e-01,  0.000000000000000e+00,  3.106126089108224e+00,  1.037786055082451e+01
s981        , -2.142850865946883e+01, -2.111129214007319e+01,  9.280337153712617e-01,  1.737089201877934e-01,  1.476392968034305e+00,  1.444826912383623e+01
s982        , -2.110948756566415e+01, -2.147076500361109e+01,  7.191136271314897e-01,  3.832599118942731e-01,  1.178374073469234e+00,  1.430600646871156e+01
s983        , -1.831465175322002e+01, -1.863193158725230e+01,  7.708405836738836e-01,  9.716599190283401e-02,  2.266849187413256e+00,  1.173503487181169e+01
s984        , -2.150201864035685e+01, -2.131424031460308e+01,  1.066544595860023e+00,  0.000000000000000e+00,  1.658074789056006e+00,  1.543635461480974e+01
s985        , -1.659952594735737e+01, -1.706669407962419e+01,  5.745748541032720e-01,  3.167938931297710e-01,  3.220453904513078e+00,  9.825000608535394e+00
s986        , -2.105203087443673e+01, -2.075196867026646e+01,  1.148966212029044e+00,  0.000000000000000e+00,  1.616128106047900e+00,  1.421388808536641e+01
s987        , -2.066592788190784e+01, -2.116505457684205e+01,  5.223559391776917e-01,  4.469696969696970e-01,  1.467443069022858e+00,  1.431473785475792e+01
s988        , -2.133344594608628e+01, -2.162453120725952e+01,  3.352659973714495e-01,  5.063291139240507e-01,  1.145001319358841e+00,  1.484186618471067e+01
s989        , -2.008246059204520e+01, -2.034765157744717e+01,  9.058992653743476e-01,  3.168316831683168e-01,  1.740091435291061e+00,  1.295538028841926e+01
s990        , -2.181814335912880e+01, -2.221986335243186e+01,  1.002971778341765e+00,  5.000000000000000e-01,  9.471994713954259e-01,  1.430418201795404e+01
s991        , -1.674874949890157e+01, -1.667626388527289e+01,  5.980244333412230e-01,  0.000000000000000e+00,  3.313473915075765e+00,  1.041247053735078e+01
s992        , -1.990187356431624e+01, -1.994861613524203e+01,  7.079637952143337e-01,  1.372549019607843e-01,  1.994713413364883e+00,  1.367574939888319e+01
s993        , -2.167451347953028e+01, -2.157219498639202e+01,  8.038525632890339e-01,  4.070796460176991e-01,  1.216355136378600e+00,  1.427679481330367e+01
s994        , -2.085856003252748e+01, -2.051295656769897e+01,  4.451323763973147e-01,  6.445993031358885e-01,  1.295047548903497e+00,  1.232726176070692e+01
s995        , -1.532250426373563e+01, -1.500092213900746e+01,  5.876979278074478e-01,  0.000000000000000e+00,  4.156488746611713e+00,  8.612521288666915e+00
s996        , -2.197589637081217e+01, -2.252398629956707e+01,  1.018874700362419e+00,  7.129186602870813e-01,  1.065037540574232e+00,  1.416652509795626e+01
s997        , -1.843774602570321e+01, -1.863258490657241e+01,  8.053782077450173e-01,  2.677824267782427e-01,  2.747364599832077e+00,  1.167788045728526e+01
s998        , -2.004154224207673e+01, -1.963805335815083e+01,  8.249893713483385e-01,  1.140350877192982e-01,  1.779449838424131e+00,  1.268108909483207e+01
s999        , -1.918982967461324e+01, -1.965060077246940e+01,  5.038178702216710e-01,  3.272727272727273e-01,  2.027000841040473e+00,  1.288258372937828e+01
s1000       , -2.386287011937712e+01, -2.373179270714561e+01,  1.068649193869865e+00,  4.646464646464646e-01,  8.249205632648163e-01,  1.682333019938849e+01
s1001       , -2.142986106465667e+01, -2.133792625531273e+01,  8.747868385406813e-01,  2.636363636363636e-01,  1.385095881980628e+00,  1.449236009743765e+01
s1002       , -1.703565403983971e+01, -1.704986534035721e+01,  3.941385165653924e-01,  0.000000000000000e+00,  2.754447821498512e+00,  1.072195658754672e+01
s1003       , -2.272857267296788e+01, -2.250897694249397e+01,  8.199650759896703e-01,  4.766355140186916e-01,  7.988105592306013e-01,  1.507246006498045e+01
s1004       , -1.957549960274314e+01, -1.908850373801076e+01,  9.337482230635231e-01,  1.176470588235294e-01,  2.029181998627656e+00,  1.181385366620019e+01
s1005       , -2.033955634118916e+01, -2.029512885034823e+01,  1.218109507696040e+00,  6.735751295336788e-02,  1.679697062512810e+00,  1.309467877813229e+01
s1006       , -2.103463075725037e+01, -2.119991325125825e+01,  6.687162565190548e-01,  0.000000000000000e+00,  1.718903250824415e+00,  1.611982419501173e+01
s1007       , -1.845815321471510e+01, -1.893364496433973e+01,  5.229484920336622e-01,  0.000000000000000e+00,  2.051129323956099e+00,  1.284421889213790e+01
s1008       , -2.105860584214290e+01, -2.086346448579007e+01,  7.428936602035009e-01,  5.066666666666667e-01,  1.126158339975258e+00,  1.264011945340512e+01
s1009       , -2.225664818829298e+01, -2.197692222937469e+01,  7.410883563205857e-01,  5.375000000000000e-01,  1.076644527667041e+00,  1.443659806460750e+01
s1010       , -2.029000137617794e+01, -2.052082277628856e+01,  1.136592912224885e+00,  1.170212765957447e-01,  1.482994282398874e+00,  1.320242644558132e+01
s1011       , -2.150175758271834e+01, -2.125760142062013e+01,  6.039422421294877e-01,  6.679389312977100e-01,  1.075146525038635e+00,  1.293947561413003e+01
s1012       , -1.789395613621291e+01, -1.785358393638304e+01,  6.233362398667690e-01,  2.052238805970149e-01,  3.007058349032157e+00,  1.125471782638213e+01
s1013       , -1.907481979836395e+01, -1.944143073386780e+01,  5.925366843551995e-01,  3.166023166023166e-01,  2.121155533227783e+00,  1.250137949850511e+01
s1014       , -1.701362802016618e+01, -1.699645695913577e+01,  6.422573576574846e-01,  1.847826086956522e-01,  3.514005781832884e+00,  1.046607073042243e+01
s1015       , -1.771043360260808e+01, -1.804990275224008e+01,  8.087297531978010e-01,  2.816901408450704e-01,  2.636033867120294e+00,  1.043105373490047e+01
s1016       , -2.325177194237830e+01, -2.276675766280345e+01,  9.115976779543616e-01,  4.095238095238095e-01,  1.091457683760333e+00,  1.600049900257526e+01
s1017       , -2.061131053204120e+01, -2.072764334867466e+01,  8.605174939288016e-01,  1.279620853080569e-01,  1.442123809913351e+00,  1.402968136631057e+01
s1018       , -1.637685178145171e+01, -1.622813225587943e+01,  8.201853736973305e-01,  0.000000000000000e+00,  3.476877935604865e+00,  9.391851443125473e+00
s1019       , -2.229355013298489e+01, -2.214923885271286e+01,  9.029230919658133e-01,  4.434389140271493e-01,  9.731932287909636e-01,  1.463074624087106e+01
s1020       , -1.626620443538163e+01, -1.606770546682575e+01,  4.098639060802122e-01,  0.000000000000000e+00,  3.123762950170744e+00,  9.451706880547947e+00
s1021       , -2.225684084822025e+01, -2.241228582829773e+01,  1.122423993596659e+00,  5.891089108910891e-01,  9.744913464325737e-01,  1.410436813547085e+01
s1022       , -1.619907626993357e+01, -1.636734841948083e+01,  6.426844961753478e-01,  0.000000000000000e+00,  3.141755258388585e+00,  9.538465716921277e+00
s1023       , -2.164326276096592e+01, -2.134691782457968e+01,  1.007076547969474e+00,  1.869158878504673e-02,  1.532494577714427e+00,  1.537160078782734e+01
s1024       , -1.814482992541786e+01, -1.780907165611019e+01,  6.219808901937625e-01,  0.000000000000000e+00,  2.621019722940757e+00,  1.142756618357285e+01
s1025       , -1.966276460675046e+01, -1.993560893328466e+01,  1.026413040208632e+00,  1.185567010309278e-01,  1.553560030546771e+00,  1.247635427993114e+01
s1026       , -1.787958226759213e+01, -1.786509075220718e+01,  7.684208980537144e-01,  0.000000000000000e+00,  2.456296932832956e+00,  1.100578495458461e+01
s1027       , -2.228548280106830e+01, -2.254662353640759e+01,  1.028701458918257e+00,  4.000000000000000e-01,  8.690940976302955e-01,  1.510464422050675e+01
s1028       , -1.939576101741603e+01, -1.917401632667507e+01,  7.209573037242260e-01,  0.000000000000000e+00,  1.918574443815198e+00,  1.268979491607855e+01
s1029       , -2.072177297910414e+01, -2.059478953717571e+01,  1.380744484507513e+00,  2.043010752688172e-01,  1.726820485832947e+00,  1.284398106992824e+01
s1030       , -2.116639743005703e+01, -2.097531222640483e+01,  1.232131509051219e+00,  1.570680628272251e-02,  1.530788781397113e+00,  1.426621977952033e+01
s1031       , -1.871817432191781e+01, -1.887322276252712e+01,  7.695646647795975e-01,  0.000000000000000e+00,  2.089412149585272e+00,  1.229143223883232e+01
s1032       , -1.793076662035363e+01, -1.888583995269162e+01,  3.883853048180677e-01,  3.601532567049809e-01,  1.918535722837260e+00,  1.148421012576948e+01
s1033       , -2.190726556241366e+01, -2.174604107044835e+01,  4.637780655510827e-01,  6.268656716417911e-01,  1.024688539823373e+00,  1.417652183436398e+01
s1034       , -1.655942363042545e+01, -1.653165087974384e+01,  4.415853783271055e-01,  0.000000000000000e+00,  3.046967308471232e+00,  1.010645559265062e+01
s1035       , -1.920990065585595e+01, -1.951560523579866e+01,  5.685256350820339e-01,  2.941176470588235e-01,  1.743314151792532e+00,  1.224930617228555e+01
s1036       , -1.624542641970273e+01, -1.617801543116862e+01,  8.344094257576876e-01,  0.000000000000000e+00,  3.244976442634513e+00,  8.956497933403799e+00
s1037       , -1.865413258865576e+01, -1.893816591065811e+01,  7.158931821332983e-01,  0.000000000000000e+00,  2.039082985967573e+00,  1.244619970004507e+01
s1038       , -2.303917859954092e+01, -2.324034308791006e+01,  1.184262642049273e+00,  5.583756345177665e-01,  8.954467106452907e-01,  1.545839751261079e+01
s1039       , -2.268866240524940e+01, -2.310464977441231e+01,  9.746324021110981e-01,  5.000000000000000e-01,  7.872524783394801e-01,  1.571372539146203e+01
s1040       , -2.002650999928207e+01, -2.061650720729093e+01,  5.832908294878604e-01,  4.179687500000000e-01,  1.507916950776456e+00,  1.338284469474207e+01
s1041       , -2.439240447433291e+01, -2.409007522319144e+01,  1.080738908509672e+00,  3.917525773195876e-01,  8.755777001066639e-01,  1.778092986637706e+01
