sample_id,E_T,rho,AAV,PF,VPA,NBI,SBI,RBI,WE,B,N,S,O,F,Na,Al,Si,P,Cl,Ge,Br,I,cub_root_V,Na-Na,Na-Na-max,Na-Na-avg,bottleneck_min,bottleneck_avg,poly_dist_max,poly_dist_std,poly_dist_avg,poly_dist_avg_fixed,face-area-max,face-area-avg,face-area-min,face-area-count,pockets-per-ion,pockets-per-volume,paths-per-ion,paths-per-volume,ln_D
s1,14.123209513764964,0.8237295187368368,-1.1837717020948668,0.3401421168257149,-1.6297414821043423,0.6585416342693257,0.32102036987048566,2.0514013940455293,2.805802919708029,0.0,0.0,0.0,0.6313868613138686,0.0,0.12773722627737227,0.0,0.0,0.17153284671532848,0.0,0.06934306569343066,0.0,0.0,-1.1711039746825085,-0.8704565357644342,-0.2591001110525122,-0.4740234494738752,-0.33155621768321203,-0.7945892211419883,0.5623303589265172,0.07503429439863338,0.3851971018417861,0.3851971018417861,-0.7279987794086361,-0.6310063749131175,-0.01400896469210762,24.78405485524708,5.371428571428571,1.853828520009215,45.34285714285714,1.881513331761286,-22.44947812336508
s2,16.44066438572554,1.3911235862156104,-0.4279047013646754,0.36900415891111077,-0.8450735420364613,0.6494687862267433,0.19975996511423472,3.251245993436864,2.6508679245283018,0.0,0.0,0.0,0.4679245283018868,0.0,0.18490566037735848,0.0,0.0,0.13584905660377358,0.0,0.05660377358490566,0.15471698113207547,0.0,-0.45990810868707704,-0.46358691563878224,-0.49022476869882137,-0.584819731207542,-0.31107310255283627,-0.9541117227184711,0.7481877843294252,0.12754273884234585,0.37597387633853996,0.37597387633853996,-0.37657420992421525,-0.08203576446244078,-0.20845145520521483,29.00826512304658,1.1734693877551021,-0.3597249033617807,5.48469387755102,-0.3998140882527937,-22.98888400764099
s3,10.62347521346189,-1.5111760827779965,0.7703341007995106,0.3390892607546219,0.7640161031500143,0.4812376951876953,0.17102590480756955,2.8138292601296966,2.2230000000000003,0.11304347826086956,0.0,0.30434782608695654,0.0,0.0,0.20869565217391303,0.10869565217391304,0.0,0.0,0.26521739130434785,0.0,0.0,0.0,0.917703190625674,0.023470564728873843,0.4194689587434141,0.5889939857201193,0.7015916417630247,0.48566337400897225,0.4180961942069896,0.08186930894081618,0.07738705545540749,0.08075171004042521,1.0460460492339003,0.8653543270942704,-0.3016539895303469,39.47400904384479,2.5833333333333335,0.24048527050421478,14.566666666666666,0.035062711840410744,-17.552712466234308
s4,12.561388838669885,-1.3173283551330315,0.9225766266362139,0.2489657494249539,0.49957258190716763,0.4105290357033963,0.09680956800127805,4.240583283028147,2.2344569288389513,0.0,0.0,0.6217228464419475,0.0,0.0,0.10112359550561797,0.0,0.24344569288389514,0.033707865168539325,0.0,0.0,0.0,0.0,0.7617016844405637,2.459406760039142,1.306185405103418,1.8813357730487175,1.5593363107692348,-0.03530795458181958,0.27249142505208535,0.057804138208237266,0.11600986784268008,0.11600986784268008,0.10411416143995274,0.9710823959051844,0.3001374194354944,40.58767222111217,8.425925925925926,0.9395247773072308,51.56481481481482,0.5588607604022077,-19.17258847351942
s5,13.347472272939923,0.6286967288435793,0.04533345217292657,0.3603967288325272,-0.35530666242210385,0.6560883231090237,0.16551605893493365,3.9638952699262844,2.586269230769231,0.0,0.0,0.0,0.4076923076923077,0.0,0.21923076923076923,0.0,0.0,0.16153846153846155,0.0,0.0,0.21153846153846154,0.0,-0.07696518662854242,-0.1403662085653324,-0.3741990584992538,-0.39493313117851936,-0.7175223086999646,-0.8685222327805123,0.7786703442683791,0.19065665774112397,0.325544000447842,0.3638432946181763,1.0712030125713432,0.4877779802794841,-0.30119592646153326,35.067899134662326,2.1052631578947367,0.2633942798255153,13.359649122807017,0.15008600356157054,-20.000940917037838
s6,13.224775378419034,0.02587931251294889,-1.2495368391361492,0.38953970854465964,-1.6412710063224976,0.6734456153281183,0.32336615383827105,2.082610091793765,2.751297709923664,0.0,0.0,0.0,0.6183206106870229,0.0,0.16793893129770993,0.0,0.0,0.21374045801526717,0.0,0.0,0.0,0.0,-1.3871800713348013,-0.28628051914353964,-0.806376955757992,-0.6248389596939782,-0.18137045586867137,-0.963427286312686,0.5610470921185245,0.0843480708935893,0.3779116394913297,0.3779116394913297,-0.9974067543355569,-0.7396768650071568,0.20467276032671303,24.008806553182456,3.0568181818181817,1.1716819864434775,19.21590909090909,0.7502877188518524,-21.795324630315818
s7,12.585542461365678,1.4376982966852512,-1.1146770883818302,0.4805963160809025,-1.2246724559369024,0.589379461602964,0.38274907138722014,1.5398586323589005,2.538502202643172,0.0,0.0,0.0,0.5066079295154186,0.0,0.18061674008810572,0.15418502202643172,0.0,0.0,0.05286343612334802,0.10572687224669604,0.0,0.0,-0.9792205203457576,-0.6625995519269627,-0.6071507428902334,-0.5426501122701192,-0.016883774665754685,-0.6172575471088882,0.6289888673586531,0.10925450908862427,0.3449130602758376,0.3449130602758376,-1.2029189220958232,-1.0619046624457986,-0.28280985329200753,24.72788230554392,1.9414634146341463,0.3810279572090106,10.536585365853659,0.08660365978049345,-21.569805033820113
s8,15.166750614248818,1.220163169332842,0.7858673845165227,0.27459193891392325,0.34008393639717016,0.4170919110426776,0.07801377879468985,5.346387746968972,2.27625,0.0,0.0,0.625,0.0,0.0,0.08333333333333333,0.0,0.0,0.0,0.0,0.2916666666666667,0.0,0.0,0.43881814864416685,1.9533116069245935,1.5065876245313432,2.2779677894918207,1.833251042088043,-0.6106295574899993,0.2229100601280844,0.05059506642016903,0.09268620819597542,0.09268620819597542,-0.8036678234979332,0.7543839701294754,0.8928627284017128,38.56046123200643,5.654761904761905,0.07031559968920195,35.04761904761905,0.001320499691421309,-20.706803990142678
s9,15.076001687438636,0.891166630803825,-1.2231827257612424,0.6824233068359701,-1.111079384091102,0.6846568467885572,0.24903678699646453,2.749219723904794,2.378390243902439,0.0,0.0,0.0,0.4682926829268293,0.0,0.3463414634146341,0.0,0.0,0.09268292682926829,0.04878048780487805,0.04390243902439024,0.0,0.0,-1.423374941335033,-1.2008718660683149,-1.3281601171505755,-1.3302423891732285,-0.3858426714796312,-0.9276231465829652,0.6161481374363929,0.09616110243147595,0.3782415454990412,0.3782415454990412,-1.1570657423299595,-1.3211206523538217,-0.2784025111033093,17.4728605222126,0.1323943661971831,-0.880618417600901,0.2676056338028169,-0.7156660232505526,-23.1167821087172
s10,12.228058139000456,0.2290630030436654,0.42801117632805913,0.5347046365926674,1.1991508561141055,0.4698997058276752,0.09299531316994382,5.0529396569584035,1.9053645833333333,0.0,0.0,0.40625,0.0,0.0,0.390625,0.0,0.0,0.0,0.057291666666666664,0.125,0.020833333333333332,0.0,0.631557314661738,-0.4516471178910126,-0.806116065280236,-0.5301000310328409,-1.422100541868625,0.2893919814313145,0.3561391222007734,0.07193939791409239,0.0913488365189688,0.0913488365189688,-0.4270758578988682,0.0692409764812211,-0.30104367467783966,31.072973373015767,0.13777777777777778,-0.9372087144982278,0.4177777777777778,-0.7125074164406101,-19.55558688693647
s11,13.275070700898683,-1.5003442444012378,0.80754670741914,0.2238020835493611,0.09876059331209115,0.5120166558868949,0.27119322851111954,1.8880141613340506,2.5446127946127945,0.0,0.0,0.4107744107744108,0.0,0.16498316498316498,0.09090909090909091,0.0,0.24579124579124578,0.0,0.08754208754208755,0.0,0.0,0.0,1.0734877666488751,1.8631644038341144,1.9211024554403515,2.068305662314117,1.1516776422106698,0.2410203649403296,0.24940784641412067,0.07284812373539344,0.09783261142487631,0.09874693489613684,0.07290652445547151,1.0621025423801338,0.46251549738091613,38.311956461230636,8.87037037037037,0.8789911612697408,50.101851851851855,0.42089613432009876,-19.292320320847477
s12,11.284716003085512,-0.7237561513734239,0.2339837640419888,0.32520201411601857,0.2467764604567822,0.36553525635789985,0.23402843045896615,1.5619267096780864,2.134210526315789,0.0,0.0,0.5087719298245614,0.05263157894736842,0.0,0.09649122807017543,0.34210526315789475,0.0,0.0,0.0,0.0,0.0,0.0,0.04303822636527491,1.8088446995391125,0.8121648489228956,1.48722225252968,-0.3376633048039118,3.82359509072081,0.33256325803483194,0.04482723729746356,0.00643022681551661,0.09305721115804044,0.07151075981234695,0.3381990598063782,-0.30021975314142424,38.52126546921191,3.494949494949495,-0.14418667052514067,17.232323232323232,-0.2668068349948256,-19.724203045459767
s13,9.46682840188505,-0.8089727600572,0.8353087539352296,0.22422205575933948,0.5986668690513498,0.4415825296239856,0.08466054159187654,5.215919025804542,2.3274900398406375,0.3147410358565737,0.0,0.4342629482071713,0.0,0.0,0.08764940239043825,0.0,0.0,0.0,0.0,0.0,0.16334661354581673,0.0,0.4634492138274938,1.5587594430364373,1.3697947922561609,1.439025860042049,0.681704781172817,1.010635841644334,0.2681988040721139,0.06429653932451315,0.09003621213941702,0.09003621213941702,0.9454210149756685,0.7408349038901427,1.6205594868268933,37.93094562803379,9.125,0.8513419822566757,57.11363636363637,0.5299928852163087,-16.497714345530376
s14,12.01349596978806,0.9196717049033379,1.3620045354558412,0.27936191506645613,0.8256869636514217,0.4708682588577026,0.096286865597775,4.890264689108163,2.3243984962406015,0.0,0.0,0.42857142857142855,0.0,0.0,0.13157894736842105,0.0,0.0,0.0,0.07894736842105263,0.23308270676691728,0.12781954887218044,0.0,1.0863183966738819,0.5961469089791969,0.87630642222914,0.8370242620218964,-1.4759175750834983,0.9185091755096095,0.29926554224800117,0.07776057262670263,0.08192919939745243,0.08311657909886477,0.24487984034907864,1.4651742581482408,-0.18365052158602885,42.96885468525203,3.2785714285714285,-0.14433358266587135,16.77857142857143,-0.24823565904333214,-18.142842377157372
s15,14.683229092202485,0.25695810251819096,-0.019081619053948347,0.5937263263724936,0.6800512533617412,0.5281961632847288,0.2868560893633168,1.8413280486988144,1.9966494845360825,0.0,0.0,0.36597938144329895,0.0,0.1134020618556701,0.41237113402061853,0.0,0.0,0.0,0.0,0.10824742268041238,0.0,0.0,0.26150433996564215,-1.325446951413027,-0.8014698457859358,-0.9352601046183618,-1.2152414693327487,0.24207232104950677,0.35817855029239454,0.0755940031156608,0.09467829418004933,0.09467829418004933,-0.9374308572402746,-0.3512551928986587,-0.2573819105195056,26.21456862784396,0.08125,-0.980498012269912,0.15416666666666667,-0.7384988322087366,-21.409887452724632
s16,14.199065153243735,0.41446333607831365,-1.3823653899390156,0.5849090311240057,-1.5104421590949209,0.6851612954678583,0.32336615383827105,2.1188404764542432,2.5412389380530973,0.0,0.0,0.0,0.5575221238938053,0.0,0.2743362831858407,0.0,0.0,0.168141592920354,0.0,0.0,0.0,0.0,-1.6374898427552365,-1.1572056119322738,-1.2615699872819532,-1.1539437128050123,-0.3848762810230679,-1.126419646192443,0.6468962636595266,0.07808426496286965,0.3761455065514202,0.3761455065514202,-1.25892081809459,-1.342666062997047,-0.30161483836595226,19.629689624828288,0.7311827956989247,-0.15169849765205132,4.630824372759856,-0.1319826687533781,-22.71802967642396
s17,11.42800033320397,-1.193590583498563,0.4038519736065745,0.33399734063865505,0.17138657418962766,0.49748424897787225,0.2994485549334896,1.661334612512551,2.331578947368421,0.0,0.0,0.44129554655870445,0.0,0.15384615384615385,0.19433198380566802,0.0,0.21052631578947367,0.0,0.0,0.0,0.0,0.0,0.8712546905420858,0.7379723150837573,0.2770353133275848,0.6674639128336465,1.4207415836950548,0.18212597313327863,0.37556561942285416,0.06733891637709034,0.11374786219313719,0.11374786219313719,0.6551933193445102,0.4987594713312887,-0.264418031039542,37.64068851338993,2.3541666666666665,0.13816269616166485,14.166666666666666,0.022756623105293115,-18.45283706311921
s18,14.062565902991167,-0.534967355786631,-0.4824718483779579,0.35070497678424095,-0.7081641758060427,0.5204430548974611,0.25785458179027915,2.018358763625744,2.447407407407408,0.0,0.0,0.24279835390946503,0.345679012345679,0.0,0.13991769547325103,0.1440329218106996,0.03292181069958848,0.09465020576131687,0.0,0.0,0.0,0.0,-0.04905709853630742,0.061367526865901835,0.678472737207601,0.47200445500463317,-0.5521295922414824,-0.3968911470771716,0.6603964584826777,0.1809193644251432,0.21482303268851244,0.17355922738232196,0.42095526123712246,-0.15161344920773392,-0.2876660586600181,33.62453708704192,2.9647058823529413,0.3192925229364111,22.270588235294117,0.36182011078358,-21.063708819965775
s19,14.12458121298059,-0.03669853447686162,-1.5875210057167333,0.586876090898531,-1.6736009367457303,0.6879549995786179,0.316743644154986,2.171961497172124,2.640045662100457,0.1963470319634703,0.0,0.0,0.3059360730593607,0.2374429223744292,0.2602739726027397,0.0,0.0,0.0,0.0,0.0,0.0,0.0,-1.680747361759552,-1.1457096773597735,-0.9212325053991955,-1.2198729061500946,-0.7131694318644084,-0.5988626169987405,0.6335384608472288,0.13520867914832504,0.3022573739409308,0.3033216604688918,-0.16132445024091846,-1.5493722923952995,-0.28334731367603005,13.945711794351723,0.7263157894736842,-0.12414772543713767,5.066666666666666,-0.047927017779047384,-21.664409036968618
s20,13.150520325861455,-0.5465896930877615,1.1239183152529326,0.26175212462117087,0.8039143283800361,0.40545922878833957,0.08850733749321589,4.581080397084797,2.2137944664031624,0.06324110671936758,0.0,0.5335968379446641,0.0,0.0,0.1067193675889328,0.039525691699604744,0.18181818181818182,0.0,0.0,0.0,0.0,0.07509881422924901,0.7161867731613166,1.5207351958862994,1.2751675884686369,1.4715945679749307,1.522326814428809,0.2583070667162098,0.2866757488427311,0.06794286367661943,0.10392724847714145,0.10392724847714145,0.3127131866891123,1.1270563598541297,1.2583965124593341,42.85265581994504,4.7407407407407405,0.07028221930160133,20.47222222222222,-0.22913084928862543,-19.575243739400413
s21,15.04806233776153,-0.3357240172937633,-0.7668183896789758,0.6262146604743649,-0.1876963170073568,0.520252763266826,0.35819900651324543,1.452412636012122,2.1142553191489366,0.0,0.0,0.14893617021276595,0.3191489361702128,0.0,0.32978723404255317,0.20212765957446807,0.0,0.0,0.0,0.0,0.0,0.0,-0.888292625052278,-1.052086830070474,-0.9434864771081526,-1.1101362109490294,-0.017520866990441454,-0.8503334851277891,0.7110362985296717,0.18120147736801948,0.2472968374447873,0.16627358459934913,-1.002457738904438,-0.8908045959722061,-0.2971425154187471,19.485002233986002,0.6217008797653959,-0.3234491093439417,3.868035190615836,-0.2569523170329021,-22.300123292835202
s22,9.896851008472128,0.16646708194881268,1.7216769201418294,0.3006630002838638,1.490725347463295,0.4261549618484539,0.07056713486347356,6.039000487591528,2.1507599999999996,0.028,0.0,0.432,0.0,0.0,0.18,0.0,0.192,0.0,0.0,0.0,0.0,0.168,1.1067561097897045,1.8152028139121381,0.5407223774590906,0.9923107485641088,1.1139723016925331,0.7646307670537867,0.3284747338476227,0.08156975619514625,0.08283492066309923,0.08668770767068526,1.950055441657066,1.9133205048774546,3.0795765502815318,48.169304740579165,2.716666666666667,-0.08845050839950677,16.322222222222223,-0.12363728661670224,-17.091752304261984
s23,15.927741754371858,0.07820381067267049,-1.3155039911122268,0.5518958188196993,-1.5582443375220845,0.7386608577644682,0.2498276820302972,2.956681388393497,2.7104166666666667,0.041666666666666664,0.0,0.0,0.31666666666666665,0.26666666666666666,0.275,0.0,0.0,0.1,0.0,0.0,0.0,0.0,-1.3752950554692536,-0.9872509631457304,-0.93856597621479,-1.126808659581818,-0.7102909971754868,-0.7263381254077458,0.6467306252799954,0.13589845685948304,0.3433516157285768,0.3433516157285768,-1.396471226467787,-1.1645135196708947,-0.30156382836946105,17.24528354806313,0.8080808080808081,-0.07925562000634037,3.676767676767677,-0.2732715423999133,-22.71630669020732
s24,12.81057956035353,1.0401580232396288,-0.34824443980190095,0.46018718107851925,-0.4980550931781334,0.6464675584063649,0.20195877559859926,3.2009877089532557,2.4956066945606694,0.0,0.0,0.0,0.3472803347280335,0.0,0.25523012552301255,0.0,0.0,0.0,0.2301255230125523,0.16736401673640167,0.0,0.0,0.0315674132990063,-0.20964875994441912,-0.032454002623443653,-0.41527294020109795,-0.05848018135235479,-0.5992483874733452,0.7317343897613819,0.19796841151994926,0.2194775750884235,0.2688379935822055,-0.3882075795256205,0.058342129128083516,0.6884014635979219,32.789926305616056,0.8459016393442623,-0.37983030573528875,3.301639344262295,-0.4673436943098136,-19.975934617610072
s25,14.276915057556574,0.32537299215039267,-1.47929824138895,0.8707589881064157,-0.8938086974345041,0.6349568832077274,0.4455131661377713,1.4252258551913866,2.157231638418079,0.07344632768361582,0.0,0.0,0.4350282485875706,0.0,0.4124293785310734,0.07909604519774012,0.0,0.0,0.0,0.0,0.0,0.0,-1.6302958717296194,-1.953060684651324,-1.513149211806704,-1.8028971354809915,-0.6492637203129735,-0.9652464197548779,0.6813581942909249,0.11064834608280033,0.35645647521223245,0.35645647521223245,-1.9188417629343693,-1.7458479626172507,-0.1049647528571707,6.646953176850578,0.14383561643835616,-0.7937765009527774,0.4931506849315068,-0.6540595532278486,-22.28124530569044
s26,11.525462648428528,0.7423303463220328,1.9358457827875355,0.29695383239254614,1.8337797382591197,0.40201250733778127,0.10713228811548074,3.752486896428846,2.137061224489796,0.09387755102040816,0.0,0.3469387755102041,0.0,0.0,0.1510204081632653,0.1673469387755102,0.0,0.0,0.0,0.0,0.0,0.24081632653061225,2.078538650548445,0.6251263107019787,0.9500643245659071,1.438153766826494,1.2134728115184128,0.587813709701553,0.3273684195171923,0.07482874402253403,0.0664551825771137,0.0718959577588657,2.905525916194605,1.9512359196369622,-0.21720475998778876,48.630679030442636,3.4054054054054053,-0.07609903893135064,17.708108108108107,-0.2021949681294996,-18.065022398651873
s27,13.143331003170026,-0.5686260062400678,0.015059694330033749,0.434018549447077,0.006264810145617037,0.4979224330246504,0.11690183000977723,4.259321115700294,2.1623684210526317,0.0,0.0,0.45614035087719296,0.10526315789473684,0.0,0.2675438596491228,0.0,0.0,0.17105263157894737,0.0,0.0,0.0,0.0,0.2190250211131101,-0.09475845800427282,-0.3607766575181594,-0.09449993866127658,-0.3652527124210496,0.5814758763079562,0.7829807134714034,0.18016772005402834,0.10056991341785501,0.13381353851942415,-0.4036277897006556,-0.0727731132834391,-0.16393174035102676,31.88894080658613,0.3114754098360656,-0.835237903903265,1.1311475409836065,-0.6639250167482125,-20.174090095940016
s28,10.109436011511418,-1.6140719226122608,1.3755915644342587,0.24651771240108422,0.686684724061529,0.4999085893567283,0.13336684700456167,3.7483722573094154,2.3904137931034484,0.0,0.0,0.38620689655172413,0.0,0.0,0.1310344827586207,0.05862068965517241,0.041379310344827586,0.11379310344827587,0.2689655172413793,0.0,0.0,0.0,1.4356054448674902,0.9989928045293587,1.5324822602962256,1.388910658195879,0.7332840584276226,0.4065549293115665,0.4004710787643551,0.079547426524667,0.08712926933451147,0.09070992423866946,0.8418966316259068,1.2873689845280123,-0.30083468695639964,41.277677622496135,7.059210526315789,0.9206251088526198,39.01973684210526,0.42022010744523874,-16.589384250285384
s29,15.268891202232082,0.18999154029215815,-1.4963434987990993,0.8828060552719429,-0.9179746452532972,0.66632968037189,0.35891410560630416,1.8565157232989682,2.178587570621469,0.10734463276836158,0.0,0.0,0.4011299435028249,0.03389830508474576,0.4293785310734463,0.02824858757062147,0.0,0.0,0.0,0.0,0.0,0.0,-1.652065028516924,-1.6889928873555846,-1.6165402163179436,-1.7428578461064856,-0.6469406010423704,-0.8564006798674909,0.6286765097437637,0.11870959243429598,0.3510689120129225,0.3510689120129225,-1.8960519910717282,-1.7573300773914915,0.012227350770198646,7.275031785998616,0.09210526315789473,-0.8876613107466897,0.2741228070175439,-0.6976373884113156,-22.62132344831001
s30,10.028582542820041,-1.261538066728355,0.6478807510986556,0.2841644157587383,0.5605940278050984,0.46849723485785105,0.10543677654672558,4.443394896943107,2.2828270042194094,0.26582278481012656,0.0,0.3755274261603376,0.0,0.0,0.15611814345991562,0.0,0.0,0.0,0.1350210970464135,0.0,0.06751054852320675,0.0,0.9285328602944244,0.915213506194285,1.2453061436288715,0.6664615130564827,0.8486476516428384,0.8816585475271632,0.2672919946845021,0.06959185480639879,0.08827376667600728,0.08923850729541723,0.7234797224717103,0.6966470847116666,-0.20376937862409358,37.813667543708675,4.102702702702703,0.5318672934562171,26.34054054054054,0.34451446295321186,-16.97997334312175
s31,11.725253056243329,-0.1440072467938914,0.3199111486880829,0.5108965902753333,1.1209999167469251,0.42998529352815673,0.21778014746495586,1.974400782318085,1.9352105263157893,0.0,0.0,0.3263157894736842,0.09473684210526316,0.0,0.33157894736842103,0.18947368421052632,0.0,0.0,0.0,0.0,0.0,0.05789473684210526,0.4973411015061629,-0.6844934727257314,-0.6696577790681842,-0.48174379077393464,-0.44909666735062065,1.4884071053598906,0.805665779251939,0.1376863476054741,0.05354579918977087,0.097074930913445,0.8383041012979702,0.025159230200991808,-0.2766972676943528,31.073318778463072,0.1984126984126984,-0.9009615534322236,0.5582010582010583,-0.7049602189197554,-19.64904728113367
s32,14.921927957424133,-0.5338399734825455,-0.1581337200604305,0.5075580230652603,-0.08240108032305728,0.569940000775829,0.29314469044146363,1.9442276096405606,2.2223529411764704,0.0,0.0,0.3755656108597285,0.0,0.17194570135746606,0.334841628959276,0.0,0.0,0.11764705882352941,0.0,0.0,0.0,0.0,-0.055007247754545796,-1.0216064331006725,-0.787559355292073,-0.8903255928508562,-1.477438873042034,0.3278424639718426,0.3257277247168634,0.07124953768603666,0.11385682712554916,0.11385682712554916,-0.7111045368387359,-0.3249918941086563,-0.22316023536943555,27.211395413124222,0.22162162162162163,-0.8516603329268629,0.6216216216216216,-0.6903783514281847,-21.510596527150504
s33,16.01885063327922,-0.4548528865968075,-1.3564065774581338,0.6607848436345075,-0.9838221255735159,0.6064338177286682,0.3126341148260656,1.9397557367213698,2.290952380952381,0.20634920634920634,0.0,0.0582010582010582,0.4126984126984127,0.0,0.32275132275132273,0.0,0.0,0.0,0.0,0.0,0.0,0.0,-1.2766645613127015,-1.2463629352043328,-1.1482166000861516,-1.3741539798647628,-0.6875289969348822,-0.963452202092903,0.6922179602904386,0.12103756318189948,0.3413596812577875,0.21695134208266822,-1.3814102220302094,-1.5177069022894176,-0.2862410755570497,14.26310740775077,0.31420765027322406,-0.6154919839865249,1.133879781420765,-0.5799771103049092,-22.89264810431292
s34,16.16633110132655,-0.4001077168824034,0.14317885423592774,0.6194854106192373,1.4480529977201257,0.4191121036616849,0.15406155700004773,2.7204197583278678,1.7456818181818183,0.0,0.0,0.4318181818181818,0.0,0.0,0.4431818181818182,0.07954545454545454,0.0,0.0,0.0,0.045454545454545456,0.0,0.0,0.06442031395506828,-0.5837872265850331,-0.9630144825595973,-0.9560166464080726,1.077552687638446,0.1095181425051063,0.3089214260532502,0.06845554332506701,0.09640909884560715,0.09640909884560715,-1.1913367311925152,-0.22392571237577166,-0.2775735161033153,22.48696537508562,0.017094017094017096,-1.058157320258347,0.03205128205128205,-0.7542601551324531,-23.0250491799139
s35,13.972272785511247,0.6256473787255242,-1.4076817067337377,0.6905717920592388,-1.3172108301880339,0.6661534037407687,0.36611561077631494,1.8195165246525566,2.3963106796116502,0.0,0.0,0.0,0.5145631067961165,0.0,0.32524271844660196,0.0,0.08737864077669903,0.06310679611650485,0.0,0.009708737864077669,0.0,0.0,-1.6310130108800438,-1.4593491231140712,-1.314448403461399,-1.4734485822985495,-0.4004165543994215,-1.0059989598618055,0.6179562006535573,0.08850797876207672,0.36668339933466565,0.36668339933466565,-1.5380863775366522,-1.572593936397535,-0.2947723875453467,14.922891737713154,0.47761194029850745,-0.3534373217600781,2.8776119402985074,-0.292073344674373,-22.440613855914414
s36,14.649057033822748,-0.26996190396786834,-0.5690918699330224,0.21530577697453068,-1.2573489553340524,0.659196068503724,0.25304164746446467,2.6050892219088033,2.910287539936102,0.0,0.0,0.0,0.610223642172524,0.0,0.07667731629392971,0.0,0.0,0.24281150159744408,0.0,0.0,0.07028753993610223,0.0,-0.03660991267717528,1.2132815256908331,1.4325442385139269,0.7842106199133101,0.07559165986599871,-0.59656038370103,0.6806397616496389,0.11223235777565152,0.41597944375703255,0.41597944375703255,-0.09782738579866937,0.44378696649229993,-0.26939398791503627,31.989031968709625,11.09375,1.8659301430808666,76.02083333333333,1.393424689259778,-22.39655424600443
s37,14.959206900449049,-1.0773870091740605,-0.555837519417798,0.2306028078091257,-1.173999202348017,0.6529890269981653,0.21911857329033918,2.9800715530076665,2.8619322033898302,0.05423728813559322,0.0,0.0,0.5389830508474577,0.0,0.09152542372881356,0.0,0.0,0.18983050847457628,0.12542372881355932,0.0,0.0,0.0,-0.22738289724701294,0.21514957278703786,1.491933282717094,0.14806277205700846,-0.35926302337394517,-0.3668386208933328,0.6053545943301326,0.11220741384684778,0.3774831112918476,0.3774831112918476,0.028691152954483115,0.06623423391459404,-0.27942308716670883,29.92482295252502,8.703703703703704,1.6675803877154796,64.69444444444444,1.4185085777485942,-22.26102540809307
s38,13.33332330145529,-0.5354030153467666,-0.48682619644073893,0.7240729102842457,0.7377491013426135,0.5100298366260091,0.2787260399366495,1.8298607361620451,1.8595321637426903,0.0,0.0,0.22807017543859648,0.1871345029239766,0.0,0.4619883040935672,0.12280701754385964,0.0,0.0,0.0,0.0,0.0,0.0,-0.6267556196034486,-1.478364178442669,-1.2551409851501054,-1.329111633457556,-0.23034390273304126,-0.24866276039432683,0.790057915703715,0.18387819149212814,0.12739053338208328,0.1367371868366084,-1.3329292662739667,-0.6146439612050054,-0.1436287075671962,14.415006745069737,0.1350210970464135,-0.8690113701130285,0.310126582278481,-0.7069754862173814,-21.024363773527753
s39,11.128341113904973,0.510792111888155,-1.2962680165207972,0.4527664622767244,-1.3852672590820467,0.5169277351456755,0.47445597903520564,1.089516747574422,2.48304932735426,0.0,0.0,0.06278026905829596,0.48878923766816146,0.0,0.1210762331838565,0.3273542600896861,0.0,0.0,0.0,0.0,0.0,0.0,-1.253901545123495,-0.3596441369893282,-0.4336207903942311,-0.5469082133421509,0.07964536509358318,-0.292939171308288,0.57875130681987,0.12274899446212288,0.31534745456805,0.20215463720918664,-0.12861360342639971,-1.2100450110323264,-0.21011286861332995,22.41981917412146,2.7333333333333334,0.3987458468616728,18.525925925925925,0.3097405522664882,-21.416611048330665
s40,11.797590010508499,-0.7578046036520036,0.2652551860882693,0.5296114128323024,1.2338093985825214,0.3869184503172652,0.19346441343942983,1.9999463644945858,1.8265425531914894,0.0,0.0,0.4627659574468085,0.0,0.0,0.35106382978723405,0.1702127659574468,0.0,0.0,0.0,0.015957446808510637,0.0,0.0,0.40988301062190874,-0.7366623141818601,-0.8757369408154636,-0.653915460455425,1.6154120073559228,0.11494900714622602,0.3392576273123365,0.06714365021619736,0.10086410141387779,0.10086410141387779,-0.39679084529079,-0.10225708366724832,0.0194591508124844,27.322258104895056,0.32323232323232326,-0.7672992843317539,1.22979797979798,-0.6318560564722416,-19.902759354684093
s41,11.728773296739408,-0.39488413246718335,0.5453969297373016,0.4439575138367989,1.096704391579773,0.39520632200129197,0.18690271433034172,2.1145028493421636,1.9483084577114427,0.0,0.0,0.4228855721393035,0.0,0.0,0.2736318407960199,0.21890547263681592,0.0,0.0,0.0,0.0,0.0845771144278607,0.0,0.2334138255011022,-0.20275279330115004,-0.0633197130422177,-0.0007641268910120829,1.0800392796812595,0.5468773473255202,0.31745143937922227,0.06721960353180643,0.09629831285468299,0.09664976655123293,0.2720225334244475,0.3543496171709512,0.1627444237446578,35.3136512436137,0.5672727272727273,-0.6799060915317937,3.0872727272727274,-0.526613265771937,-19.523114086482373
s42,12.703128349408328,-1.0665539813433333,0.7796487488879986,0.2539743208713006,0.24401356483851042,0.42962292301866595,0.08040472989721238,5.343254352920361,2.2730434782608695,0.0,0.0,0.6376811594202898,0.0,0.0,0.10144927536231885,0.06521739130434782,0.0,0.1956521739130435,0.0,0.0,0.0,0.0,0.7708772693706321,2.048708197400836,1.4512606010233011,1.8137304714440805,0.7664037487009485,0.21787313825072163,0.2832584931972614,0.05996862099965128,0.12264619291332823,0.12264619291332823,0.17726506783591117,0.6880550474322767,-0.008141756075824994,39.026319135959035,5.919642857142857,0.38787536042608306,36.267857142857146,0.2000181350433881,-18.621753792724025
s43,13.62268239225422,0.34245631382790653,-1.3453596107607482,0.5368181668821485,-1.3769607684549168,0.5775973499439291,0.4865958883604019,1.1870165033456388,2.5098617511520738,0.0,0.0,0.0,0.45622119815668205,0.08294930875576037,0.1935483870967742,0.2672811059907834,0.0,0.0,0.0,0.0,0.0,0.0,-1.3979726257680185,-1.041294139336801,-0.6139119614992204,-0.8576879603588736,-0.07827038407097019,-0.6076263305234777,0.6737139688760888,0.1076217094685039,0.335062783544956,0.335062783544956,-0.6453363273273648,-1.4666369483032227,-0.29498512217836886,19.90427686831363,2.4952380952380953,1.1208959255527051,19.233333333333334,1.0498106936728053,-22.578210448908045
s44,12.883993170367136,0.785048202354492,0.8048501336047963,0.5342260516453995,1.8788240743990285,0.45482752223736955,0.045060090856141675,10.09379949298031,1.8322105263157897,0.03684210526315789,0.0,0.35789473684210527,0.0,0.0,0.42105263157894735,0.0,0.0,0.0,0.0,0.07368421052631578,0.0,0.11052631578947368,0.9130750556367047,-0.37526156885536055,-0.6094210847641941,-0.4990207528753512,0.9408756758470844,0.08556231268191446,0.4090866339640517,0.07705097144643301,0.08045466025834384,0.08079129063599381,1.356422234737325,0.3990678764471801,-0.2654920276670218,32.97898219313799,0.09791666666666667,-0.9794588748107137,0.25833333333333336,-0.7303744731447781,-19.848679028795786
s45,12.465939195782735,-0.1825983922630809,0.36408305586400314,0.47245589182561487,1.0043846691750302,0.4840302213358406,0.09709047366113982,4.9853523531585395,2.0153030303030306,0.16666666666666666,0.0,0.31313131313131315,0.030303030303030304,0.0,0.3383838383838384,0.0,0.0,0.0,0.0,0.0,0.15151515151515152,0.0,0.6894588060063646,0.04249266074794084,-0.6513583402157659,-0.19157810794556152,-0.7822593780175899,4.363053318596803,0.6403511773698742,0.05593114587550479,0.008707110237038315,0.08254880566344149,0.13564873758525628,0.16186056356016063,-0.2754491093289858,33.616552748986926,0.16666666666666666,-0.92809582923632,0.6044776119402985,-0.6999535217702976,-19.282641992445825
s46,13.682323405621235,1.2460542971561186,0.4770159799261186,0.30550604559779587,0.15452172444806286,0.4560402859479118,0.1442669496961432,3.1610863535163762,2.3238431372549018,0.0,0.0,0.4980392156862745,0.10980392156862745,0.0,0.11764705882352941,0.0,0.0,0.0,0.0,0.27450980392156865,0.0,0.0,0.22970752219112758,1.3041997450314062,1.0352824030320944,1.424220600006313,-0.12017542241420151,0.04903891642414327,0.8932314945964062,0.17921620198578292,0.08547164525407602,0.12167301675664793,0.17771591048196422,0.43819655133369806,3.1827802270137333,36.83608190971587,3.1083333333333334,-0.12285436147372947,16.466666666666665,-0.21816101904414606,-20.070960626583393
s47,11.85448877277465,0.07729001017791116,0.24963213072557874,0.30597554387898174,-0.3017025035757445,0.5520479800530659,0.28833665772212586,1.9145951972054915,2.5434982332155474,0.0,0.0,0.4134275618374558,0.0,0.2226148409893993,0.1519434628975265,0.0,0.0,0.08480565371024736,0.007067137809187279,0.12014134275618374,0.0,0.0,0.4087629383433891,0.46784912889541014,0.22619811999053085,0.21289300555831053,1.3142779613827333,0.1669162894140156,0.29106581910293616,0.07463136350160969,0.10397607873660498,0.1064516996589051,0.0410734395014964,0.3731297474738424,-0.07812824310415992,31.048999418796363,2.2848837209302326,-0.12032868285586025,10.813953488372093,-0.27449696115522776,-18.428827441865636
s48,10.478986889272328,2.057177235913495,1.8803000514471426,0.31784120078163774,1.4858163003393152,0.45052047074784035,0.0573756609763547,7.8521181818455394,2.2045173745173745,0.0,0.0,0.3783783783783784,0.0,0.0,0.1776061776061776,0.0,0.0,0.0,0.0,0.20463320463320464,0.05019305019305019,0.1891891891891892,1.3559966550043505,1.488032314513906,1.5848075130130785,0.9674086394776376,-1.5002983323209016,1.4873649298485665,0.4640420181702264,0.0724717385630728,0.052263524043527895,0.05793065315668152,1.5427221490855467,2.2959488326380004,-0.29728802299205687,48.96906455298017,1.2554347826086956,-0.640302792479265,3.8152173913043477,-0.6162096750759674,-17.12958329507449
s49,15.42114442929074,-0.8883582896885207,-0.17219032242604448,0.41633641542526734,-0.4609618001895671,0.6785851632253297,0.1401590874479529,4.841535255267108,2.533162055335968,0.0,0.0,0.0,0.3359683794466403,0.0,0.2648221343873518,0.0,0.0,0.13438735177865613,0.2648221343873518,0.0,0.0,0.0,-0.37008183953307766,-0.006410712614069641,-0.710031873883872,-0.5935313036186511,-0.5994875113741001,-0.528400917919085,0.7776151288946517,0.1979430014161733,0.27463850795166583,0.30165213168461646,-0.07476965774913125,0.07333771613753597,-0.2935816143809298,31.628046675210694,1.3320895522388059,0.008372807744514916,8.216417910447761,-0.043070017641130866,-21.4214234044558
s50,14.045076873886602,0.6078027253707116,0.6095603799334064,0.3264013449334234,0.3982918053679144,0.4216982094519892,0.09514463762006861,4.432180520103652,2.191659751037345,0.0,0.0,0.5850622406639004,0.0,0.008298755186721992,0.14937759336099585,0.0,0.06224066390041494,0.0,0.0,0.1950207468879668,0.0,0.0,0.9594266330087144,0.8151427290540639,0.6236024974642767,0.9479382889167195,0.9551017545261581,0.24641391078449812,0.2918922224780844,0.059757262221799855,0.1207193002108941,0.1207193002108941,-0.0632653991491466,0.6058363523738797,-0.22437223734768225,37.64820180783119,1.761111111111111,-0.41201860073655666,7.2,-0.4675536733853297,-20.221977466004994
s51,14.642044333722879,-0.38804229327837064,-1.2885907524019227,0.629353528597335,-1.0392056140769454,0.6326141224683778,0.2748435772528992,2.301724234531679,2.3596984924623117,0.19597989949748743,0.0,0.0,0.40703517587939697,0.0,0.31155778894472363,0.0,0.0,0.0,0.08542713567839195,0.0,0.0,0.0,-1.0305586391114334,-1.0322320858612901,-1.1649508664497712,-1.2118053803190565,-0.677613988061906,-0.8683024571548676,0.6834591614688517,0.12272748184984464,0.3377657790494329,0.3377657790494329,-1.0428318444977847,-1.3634894600692296,-0.2943205280918107,17.434961434995216,0.11827956989247312,-0.9155358322881522,0.1424731182795699,-0.7374812634150386,-22.08446385448407
s52,13.170626811627484,-1.401832651404884,-0.19132803001861046,0.17367169340429003,-1.0819390558238917,0.6904348226331432,0.2132549818795506,3.237602313192901,3.0492717086834733,0.0,0.0,0.0,0.43977591036414565,0.1484593837535014,0.06442577030812324,0.0,0.0,0.2184873949579832,0.12885154061624648,0.0,0.0,0.0,-0.19488882810439437,0.6574464334695783,1.4173105637055012,1.536659095946536,0.5903766292438389,-0.8078523896295904,0.6466965810862118,0.15209872419030204,0.3426900866923701,0.3426900866923701,-0.8523488606173951,0.9065813707098327,0.9427797285415139,30.803522712052,14.115942028985508,1.7401369129191488,83.81159420289855,1.0263846009169741,-20.30062191637932
s53,9.531997590282408,-0.23881206836608443,-0.8980905684071219,0.3920234664707779,-1.1524604117308908,0.5862036549598828,0.35464526512050515,1.652929596453787,2.6160245901639345,0.0,0.0,0.0,0.42213114754098363,0.06147540983606557,0.14344262295081966,0.19672131147540983,0.06967213114754098,0.0,0.10655737704918032,0.0,0.0,0.0,-0.4914655572346912,0.2823561487992972,0.4936786684749262,-0.023246056802662687,-0.3365734948367972,-0.4879990417390585,0.6372464711363821,0.15919986181587853,0.30279101232306216,0.3192073925092523,-0.22441326527440683,-0.4505651667614141,0.037334916442113356,30.01164153797285,3.337142857142857,0.765667506771631,20.81142857142857,0.4683512068800317,-18.815890867321635
s54,17.32873802536493,0.055891434280756276,-1.5195279701724222,0.7770768926755256,-1.2490748225727433,0.6953208967381658,0.29720364045367753,2.339543673411158,2.373333333333333,0.14583333333333334,0.0,0.0,0.3333333333333333,0.14583333333333334,0.375,0.0,0.0,0.0,0.0,0.0,0.0,0.0,-1.8341234001782416,-1.5213022262743081,-1.5186162769997353,-1.5798822539624593,-0.7269287475482694,-0.7371095122667268,0.6772619643080793,0.13185551819037708,0.3296101544384784,0.3296101544384784,-1.737952955910923,-1.7237356764766427,-0.29685489228803774,11.19982671808873,0.15343915343915343,-0.7974808974225502,0.3333333333333333,-0.6932034845866473,-23.891907680821966
s55,13.292271228110925,-0.8619022024077021,0.5084331500898714,0.32597644743638754,0.317454252171045,0.41392630118044144,0.10614990440690884,3.8994505317095767,2.1522131147540984,0.0,0.0,0.5901639344262295,0.0,0.0,0.1598360655737705,0.09016393442622951,0.04918032786885246,0.11065573770491803,0.0,0.0,0.0,0.0,0.9181549661866267,0.8246408695626631,0.34497530569875007,1.1249835650717208,0.5714801490983135,0.14428614509029233,0.28619736181248107,0.05970757673084333,0.11652214929002505,0.11652214929002505,-0.126142120109707,0.6177785389444539,-0.08079703874384113,37.182832426796494,2.2,-0.16631164042090504,12.005128205128205,-0.22719468649821908,-19.89931101552115
s56,15.15297336370206,0.5846741756070348,-1.4274448128869897,0.8654474207121701,-0.9788687119081375,0.6757987763217242,0.4125954321610042,1.6379211296212608,2.1950000000000003,0.0,0.0,0.0,0.45652173913043476,0.0,0.42391304347826086,0.05434782608695652,0.0,0.06521739130434782,0.0,0.0,0.0,0.0,-1.7073993447840412,-1.6293786904506993,-1.5667839656889497,-1.7894418146893134,-0.49397670995140724,-0.9773080101808882,0.6322581078425812,0.10379772767987828,0.35686831321579854,0.35686831321579854,-2.2049308217141714,-1.657974740134492,-0.3010200478398463,8.374944394376437,0.1048951048951049,-0.8700445824637411,0.4755244755244755,-0.6572494478732437,-22.936326599808048
s57,13.529901154354034,-0.4014728397438241,-1.6513793391800224,0.38191111633604075,-1.9022966736875961,0.6445148627140497,0.33765201987869153,1.9088138816572309,2.7958898305084743,0.2796610169491525,0.0,0.0,0.3983050847457627,0.18220338983050846,0.13983050847457626,0.0,0.0,0.0,0.0,0.0,0.0,0.0,-1.5457409890477183,0.30014546251245355,-0.24378143801033778,-0.23365712858102541,-0.778273180414145,-0.5577174087286949,0.5593637548476218,0.08885153518759126,0.3266833894096039,0.3266833894096039,-1.141058024330248,-1.3624257462719633,-0.20072346133404714,16.507175212988088,2.6121212121212123,0.8213109930366375,15.096969696969698,0.4127843818493337,-21.65250835772914
s58,17.667310608272484,0.34893344575253,-1.3782057152743126,0.598779141557712,-1.3841742358050009,0.6338910914501473,0.4472779356966061,1.4172196767607224,2.462666666666667,0.0,0.0,0.0,0.5333333333333333,0.0,0.26666666666666666,0.0,0.2,0.0,0.0,0.0,0.0,0.0,-1.6674728200627753,-1.3273441373374217,-1.033536697182565,-1.3461138257211642,-0.023014857015651046,-0.9222798160337913,0.6182983500538605,0.08647914926633975,0.36595249103079247,0.36595249103079247,-1.115929920576296,-1.5420959677667203,-0.2997943063566644,16.675077264865116,1.4253731343283582,0.6757213829128865,12.055970149253731,0.8243544096251313,-24.93828100106786
s59,12.950333446400371,-0.9537945545146832,0.3880771777868779,0.4567270303558595,0.859596221813292,0.42019308408614003,0.10916851536569128,3.849031771464352,1.9483091787439613,0.0,0.0,0.5120772946859904,0.0,0.0,0.30917874396135264,0.0,0.178743961352657,0.0,0.0,0.0,0.0,0.0,0.20681796459462187,0.1242595743391589,-0.5237589370911913,-0.25163078949616974,1.4716160123196358,0.17717463565311375,0.3190416754501884,0.06382966121561219,0.10686614275422839,0.10686614275422839,0.3648983272726801,0.0711582769815339,-0.2836248394370279,33.321834782759666,0.484375,-0.6795047296957979,2.315625,-0.5546079393459288,-20.19609135900962
s60,10.480322808006585,-0.3234139335322312,1.624871087595559,0.25494303938153834,0.9592422932974413,0.4778417884297937,0.08670889727560709,5.510873779318838,2.3200000000000003,0.0,0.0,0.42657342657342656,0.0,0.0,0.13986013986013987,0.055944055944055944,0.0,0.15384615384615385,0.0,0.0,0.22377622377622378,0.0,1.0423429721452222,1.4909687466945067,0.8481409637364121,0.954051727167668,0.7299316187731598,0.7933710078898109,0.3655421849676106,0.0776223902944478,0.0787141348258151,0.08043780201178187,1.2121134898375743,1.4623643280623853,5.472241784866696,42.65919672679677,5.585714285714285,0.5321198526822657,29.62857142857143,0.1529269127351832,-16.869515443284293
s61,10.795659761271896,-1.3915204358437376,1.1551273709597565,0.21092703896512086,0.3760734393412547,0.4537663412400392,0.08647244871692022,5.247525055356156,2.375115511551155,0.0,0.0,0.5973597359735974,0.0,0.0,0.07260726072607261,0.0462046204620462,0.0,0.21122112211221122,0.07260726072607261,0.0,0.0,0.0,1.4369916381047567,1.9962965988665466,2.183362117227055,2.1860372817710085,1.6400411216100592,0.6457156243567963,0.24257574336780802,0.060382205090047464,0.1005852196334097,0.1005852196334097,0.858847469242378,0.9936740753648485,-0.13152409891886868,39.37110475164346,13.113636363636363,1.0708762616756968,85.95454545454545,0.7442533958750184,-16.98686520707895
s62,12.998832528549299,-0.07969565491906187,0.5339667473060914,0.5110967937160327,1.3022750209382328,0.4908263654880198,0.0660076700492098,7.435898966318622,1.9286153846153846,0.08205128205128205,0.0,0.3333333333333333,0.0,0.0,0.39487179487179486,0.0,0.0,0.035897435897435895,0.0,0.0,0.15384615384615385,0.0,0.7820284870367102,0.053634136417417294,-0.6194190196970321,-0.26689135065744357,-1.2956791812222113,0.23234629866142337,0.3819745632497359,0.07673933713357303,0.08557607466712794,0.08632346396553078,-0.41231925035342626,0.21643797111987348,0.02151313729241205,33.24221613253512,0.07792207792207792,-1.000206596993685,0.13203463203463203,-0.7442051433253919,-19.616668522368787
s63,15.835278323966278,1.0808931337501488,-1.0813982696111228,0.6468505750517445,-1.0109613286402899,0.6853389307998651,0.2157132531154462,3.1770830994472226,2.380283018867925,0.0,0.0,0.0,0.4528301886792453,0.0,0.3443396226415094,0.0,0.0,0.12735849056603774,0.0,0.0,0.07547169811320754,0.0,-1.1557078836061034,-1.349896801780465,-1.2812378935650073,-1.2047755762386199,-0.4007392161979297,-0.9322708074205361,0.6944506734402923,0.10749018413234042,0.377464982720808,0.377464982720808,-1.2514286346724008,-1.1224239727532084,0.12812422157107986,20.52738385203843,0.0684931506849315,-0.9826136333901628,0.07671232876712329,-0.7469701684345061,-23.6364222807426
s64,12.774631835242188,0.4356456317340184,-1.3650680257227497,0.7774968693944774,-1.0516667951589096,0.6484214233720635,0.41029305268499694,1.5803860658344853,2.3079896907216493,0.0,0.0,0.0,0.35051546391752575,0.12886597938144329,0.36597938144329895,0.15463917525773196,0.0,0.0,0.0,0.0,0.0,0.0,-1.2069374248311766,-1.4934233219560626,-1.378597283201297,-1.5993990349742075,0.14357456259650717,-0.6742178767769232,0.6422804061891356,0.1456198243202811,0.31151534087744764,0.3122483181501005,-1.4834721296576407,-1.6119969578501854,0.0011730927481190387,12.305029636470545,0.43661971830985913,-0.34567182699526355,1.8685446009389672,-0.42366981505723905,-21.232151253298944
s65,14.06994731751935,0.06957750878087007,-1.0653969906045033,0.5129526788731085,-1.1570504556250711,0.6154508442403372,0.25607497080763036,2.403401012989585,2.457061403508772,0.0,0.021929824561403508,0.09649122807017543,0.43859649122807015,0.0,0.24561403508771928,0.04824561403508772,0.0,0.14912280701754385,0.0,0.0,0.0,0.0,-0.9072635931199419,-0.8975069903326025,-0.7103021261861907,-0.8840374615040983,-0.4367795790019759,-0.9492782631032438,0.6354970618290048,0.11698463610432873,0.33528819141089666,0.21888185774601132,-0.6044069813211995,-1.093836616284291,-0.30164999909300644,21.98640863481975,0.7321428571428571,-0.3440767162064789,4.2,-0.3086788571319589,-22.29595939650926
s66,14.886553812401788,1.4478552009208399,-0.31655161933773746,0.6056658028360138,0.09127024264301654,0.6430398436744313,0.18695058669342915,3.4396246358344946,2.193004926108374,0.014778325123152709,0.0,0.0,0.29064039408866993,0.0,0.39408866995073893,0.0,0.07881773399014778,0.0,0.0,0.009852216748768473,0.21182266009852216,0.0,-0.4964367410773321,-0.8681372727015475,-0.7309262936648983,-0.9494120481839473,-0.6737679174909448,-0.970024195348827,0.8680533969777351,0.20610176540901512,0.254987838263968,0.29478362805083,-0.3959075136879015,-0.3659697522718581,-0.039762272702760865,26.69372955837809,0.0525,-1.0132010900099406,0.095,-0.7457372758806254,-22.095170364406094
s67,12.423606701651915,-0.6129088307479414,-1.0004757058894327,0.2638313897106644,-1.5048453654314593,0.634934721086956,0.37625400310663043,1.6875161881188423,2.8744483985765124,0.0,0.0,0.0,0.5231316725978647,0.12099644128113879,0.08540925266903915,0.0,0.2704626334519573,0.0,0.0,0.0,0.0,0.0,-0.877435514749426,-0.5685709534221722,1.7228459705645924,-0.34518147704759167,-0.34349682055821673,-0.6706146804718733,0.874951100402213,0.11532762358844291,0.35637031192617163,0.35637031192617163,2.411932511195415,-0.608493175525249,-0.15981448676920573,26.825995538971878,19.927083333333332,5.720996525609072,241.03125,8.011308282983263,-21.009524243139957
s68,15.842483312366296,1.045659252461272,-0.8312770081166858,0.7185700553952451,-0.2960319008317181,0.6574919713993458,0.22439793500994903,2.9300268354528076,2.160952380952381,0.026455026455026454,0.0,0.0,0.3492063492063492,0.0,0.42328042328042326,0.0,0.07936507936507936,0.0,0.005291005291005291,0.0,0.1164021164021164,0.0,-0.6582774908390098,-1.3339025431786673,-0.9277930655191616,-1.4350812268687956,-0.6997673796555001,-0.9900796096505632,0.7977209086136782,0.17608351855564866,0.30782136568877505,0.31571422121925646,-0.8315459164397355,-1.0199564875997764,-0.1969898416428904,17.029208583714738,0.035416666666666666,-1.0231646465290922,0.029166666666666667,-0.7535978143630081,-23.067146326300914
s69,13.446848643880935,-0.10549179435364568,-1.1899039522507175,0.44932727610934975,-1.505730738294371,0.6812241973643577,0.3349657840453259,2.03371278444421,2.745375494071146,0.0,0.0,0.0,0.3794466403162055,0.22134387351778656,0.20553359683794467,0.0,0.19367588932806323,0.0,0.0,0.0,0.0,0.0,-1.423216002198143,-1.1316457668479103,-0.7161701381445714,-1.0402010683352194,-0.04294005225443704,-0.5142173102341986,0.6163667245676442,0.12797787778101533,0.3261450871367328,0.3261450871367328,-1.012743827507275,-1.022597619782831,-0.29272176518323967,19.399458555060423,3.3990384615384617,1.9142167914583526,24.620192307692307,1.5534082821401225,-21.169547410714003
s70,13.701851846398876,3.3272186421662373,-0.9645455284176663,0.4638720146029094,-1.1725689774136008,0.6301048400733628,0.3231990860256531,1.949587320377972,2.6077542372881357,0.0,0.0,0.0,0.5254237288135594,0.0,0.1906779661016949,0.0,0.0,0.0,0.0,0.2288135593220339,0.05508474576271186,0.0,-0.6783484077640334,-0.45397626770111427,-0.3869300769686967,-0.5969195323090023,0.0351548778453094,-0.5077155273492999,0.6035422656663769,0.11733974874257559,0.3374398786240763,0.3374398786240763,-1.0133734123918745,-0.7371292329790587,-0.301631153756876,25.614757211657157,1.3822222222222222,-0.03986006181379048,6.964444444444444,-0.19999827106300996,-22.68552320802911
s71,12.860092728315397,-1.2126897174513076,0.9409951852515518,0.22681589549631057,0.26216706154654795,0.44043690936618735,0.05003686046409431,8.802249087594898,2.3223529411764705,0.0,0.0,0.657439446366782,0.0,0.0,0.08650519031141868,0.0,0.05190311418685121,0.2041522491349481,0.0,0.0,0.0,0.0,1.0782269611137638,2.003329300887554,1.6158148121605924,1.928822428741616,1.0419424666217534,-0.16508879792989284,0.23479830771721655,0.04947969419360381,0.11758624518825331,0.11758624518825331,0.21613222421620684,0.8736542023449462,0.8086319418604044,38.25932659694549,8.08,0.5702880626091464,46.27,0.2487683450573014,-18.445866533958373
s72,13.502957807193333,0.9899004105036129,-1.302143867876865,0.5340968015259444,-1.503311268390607,0.6685774850945768,0.33028308286577324,2.0242559179644273,2.6515744680851068,0.0,0.0,0.0,0.39574468085106385,0.17872340425531916,0.2297872340425532,0.09361702127659574,0.0,0.05106382978723404,0.0,0.05106382978723404,0.0,0.0,-1.098095070161161,-1.0252621675863496,-0.827644189659218,-0.9069545732503491,-0.5006078969823181,-0.7379928544678176,0.6425316804817705,0.11027288726239254,0.3530394179303605,0.3530394179303605,-1.5876347009797698,-1.197253714006412,-0.13520308554265242,19.649646669939223,1.2407407407407407,0.1969800043615056,5.907407407407407,-0.11052689339434807,-21.859245358326994
s73,11.108200354582248,-1.2457451726859214,-0.25781140341089737,0.33677713117129165,-0.42169815999274923,0.5412410036332536,0.2842221476633384,1.9042886280429996,2.469152542372881,0.24152542372881355,0.0,0.3220338983050847,0.0,0.19915254237288135,0.17796610169491525,0.0,0.0,0.0,0.059322033898305086,0.0,0.0,0.0,0.07808605072117472,0.7528736763734731,0.26076259568985943,0.4285871630117593,0.7343821733541851,0.5038435828399074,0.3558337496363711,0.07649877544083106,0.10597811489355481,0.10856294696412933,-0.07797654055405018,0.0727450565068287,-0.3009437795968117,31.340984884683746,1.4285714285714286,-0.2765817065200099,7.385714285714286,-0.31590929973321225,-18.147059611508766
s74,15.663942642882333,0.008326290778193178,-1.5397951675564383,0.8448151083321006,-1.0028208010994044,0.6535537743451914,0.3873736058155839,1.687140694496174,2.204494382022472,0.15730337078651685,0.0,0.0,0.43820224719101125,0.0,0.4044943820224719,0.0,0.0,0.0,0.0,0.0,0.0,0.0,-1.6914993226370139,-1.7945584361590388,-1.5615738908655215,-1.7068020984234664,-0.6671936342878313,-0.8776112578419112,0.6728862318035536,0.09850051371958261,0.3624535211224192,0.3624535211224192,-2.1268381930417255,-1.7976516303754837,-0.30144107590877,7.806561158209345,0.14583333333333334,-0.7877842121795865,0.39814814814814814,-0.6736020249095008,-22.696831098703285
s75,13.305853696054827,-0.2420058492500228,-0.686815565245719,0.5070351297067198,-0.41830121946469173,0.47782933673932526,0.33954324342830505,1.4072709323112167,2.2083333333333335,0.0,0.0,0.2107843137254902,0.29901960784313725,0.0,0.22549019607843138,0.2647058823529412,0.0,0.0,0.0,0.0,0.0,0.0,-0.8485114055080877,-0.18115536750428535,-0.8296255023268317,-0.5750497352789771,-0.19215795230772162,-0.3761389857021705,0.8122691946182452,0.17847364457325102,0.1918883002709491,0.15998989973262812,-0.6732989414189579,-0.7435651793920134,-0.25421447917952505,25.105494414479235,0.5260869565217391,-0.6533556323011047,2.0608695652173914,-0.5805162244876905,-21.6254469254068
s76,11.879267292013738,-1.2306314754522454,0.9499761788490539,0.28296243942286603,0.39721487889645757,0.48910480747668617,0.07561702016098139,6.468184099762579,2.3089642857142856,0.0,0.0,0.5071428571428571,0.0,0.0,0.16428571428571428,0.0,0.0,0.19642857142857142,0.13214285714285715,0.0,0.0,0.0,0.963873867389927,0.4367173366509537,0.3303771037578754,0.25397950513831746,-1.3613858218658306,0.7735234272891988,0.3160139940996574,0.07171680035185171,0.09302027810873274,0.09404247896707046,0.5854126467415535,0.753482448224923,-0.06349787954354168,38.43041569212887,3.5489130434782608,0.2940363868900775,18.82608695652174,0.018345451602707036,-17.997133714238274
s77,10.755332106649067,-0.1918534245005852,0.9332878316075488,0.40067606342959794,1.1272777516743897,0.4630041391112415,0.10218261662710806,4.53114389114607,2.0556756756756758,0.0,0.0,0.38738738738738737,0.0,0.0,0.2882882882882883,0.0,0.16216216216216217,0.0,0.0,0.0,0.16216216216216217,0.0,0.9162106572342876,0.17811091890678604,0.12372085967977117,0.16638447474608437,1.557037914845396,0.6950729157812661,0.36314465958708153,0.08101519296375843,0.09759563749717118,0.09914477460030088,0.28039916217347727,0.8487085433894692,0.4002327147050508,39.97961236410693,0.84375,-0.5045303510549453,4.56875,-0.42654177028990564,-18.08839931225978
s78,10.326542138852519,-0.5727511851273174,1.0866723779485161,0.25519956312359887,0.6776288623593616,0.4601717641014593,0.07009693379121262,6.564791628006225,2.30212927756654,0.14068441064638784,0.0,0.45627376425855515,0.0,0.0,0.12927756653992395,0.0,0.026615969581749048,0.08365019011406843,0.0,0.0,0.1634980988593156,0.0,0.8334806110380631,1.0881316675777872,1.304318537603994,0.7291588043075732,0.7966185784739189,1.2179249866536506,0.35713085230963904,0.08188726006560375,0.09685913728086237,0.0975766123718317,0.40685152903226046,1.0455257132910714,0.24761425955842442,41.23464474000167,5.477941176470588,0.542232801531056,32.73529411764706,0.2747571256951888,-17.10463489071706
s79,13.69838975303473,0.17710331245017935,-1.1668303393317663,0.3684612267154237,-1.6641323808013317,0.7048685765597056,0.2762599581075306,2.5514684842069824,2.896014234875445,0.0,0.0,0.0,0.41637010676156583,0.2277580071174377,0.1601423487544484,0.028469750889679714,0.0,0.14590747330960854,0.0,0.021352313167259787,0.0,0.0,-1.071961166181813,-0.10777635316339332,-0.48462180287561935,-0.4007800156068083,-0.21529644145174384,-0.8793625688136907,0.7570654653228431,0.12241589521280791,0.35458630322257306,0.35458630322257306,-1.0361245446803267,-0.4503699829884899,-0.21356220053114103,21.464221110406797,3.4277777777777776,1.2521666555745083,21.716666666666665,0.8164719994661268,-21.30172009097587
s80,14.039622670549642,-1.0338650909105016,-0.15273311855911598,0.43865835694280114,0.26984386356716766,0.4350665046513994,0.1480746601209223,2.9381563617712225,2.07005,0.22,0.0,0.47,0.0,0.035,0.255,0.02,0.0,0.0,0.0,0.0,0.0,0.0,-0.3923162746508105,0.45230058696179554,-0.42544740549146187,-0.13519685162915637,0.8441177711320872,0.1726636545330691,0.27698238672870396,0.06107312244160984,0.1194211589315322,0.1194211589315322,-0.4138379546313438,-0.28008833746913303,-0.2800364175710534,28.2655802146257,0.2235294117647059,-0.904789335096997,0.49411764705882355,-0.7173465410542901,-20.755173043421454
s81,9.879901566191508,-1.739833888075518,0.6552249265229312,0.2971130743772605,0.5483587696705575,0.4950331938141695,0.1297290907891958,3.8158996629258515,2.305847457627119,0.24152542372881355,0.0,0.3220338983050847,0.0,0.0,0.17796610169491525,0.0,0.0,0.0,0.2584745762711864,0.0,0.0,0.0,0.9186993236855147,-0.041343582747377185,0.8162521705832051,0.2631720184049584,0.6697910016416221,0.8636792378088254,0.345080904794761,0.08016743282821705,0.08822807349789445,0.0912704208598908,0.17332865143919468,0.5079208571460053,-0.12436078068319616,36.36246838606013,3.8904761904761904,0.6594946791918027,23.766666666666666,0.37414368404786147,-16.79587307458704
s82,12.607791641858634,0.20239851441013293,0.8042477839184413,0.48921869113177174,1.5827722463694711,0.4385107515159761,0.06880852873821222,6.372912770513184,1.8852284263959391,0.030456852791878174,0.0,0.38578680203045684,0.0,0.0,0.37055837563451777,0.01015228426395939,0.09644670050761421,0.0,0.0,0.0,0.0,0.1065989847715736,1.051191381775409,-0.1909002270131844,-0.5467448322988601,-0.19471515457461572,1.0660076250546562,0.10253485546196144,0.29647967653605534,0.06959101705858001,0.08641562326055234,0.08701159307614237,0.8094011778168454,0.46203632237532294,-0.28736407770752037,36.085247537228135,0.13470319634703196,-0.958330141687018,0.4817351598173516,-0.7122987625527838,-19.619634183821024
s83,10.532457238549148,0.3398489119229776,1.1115052931313303,0.3993970657219081,1.0938164382417848,0.519079009919072,0.056173449598626184,9.240646847007362,2.120295358649789,0.0,0.0,0.32489451476793246,0.0,0.0,0.3080168776371308,0.0,0.0,0.11814345991561181,0.0,0.0,0.2489451476793249,0.0,1.3127113755991489,0.23204447485372387,-0.33597539074050115,0.24497119914285193,0.876092502299382,0.29340895318214943,0.38596410720879226,0.0769224864692839,0.06717474178948529,0.07475238034500652,0.6251181142310183,1.0030156124988328,-0.21559897201154624,41.34208170101622,0.6383561643835617,-0.6316144351558795,2.96986301369863,-0.5363269322026333,-17.329435961187873
s84,15.46664904171533,-0.6947472633548476,0.4930431217818032,0.2481572079700877,-0.1151929754310542,0.4888638075297518,0.1199790903733165,4.074575044773599,2.4252249134948096,0.0,0.0,0.5155709342560554,0.13494809688581316,0.0,0.10034602076124567,0.0,0.0,0.2041522491349481,0.0,0.04498269896193772,0.0,0.0,0.7013076550124516,-0.20755989411584808,1.4210214910111942,0.2887391425644169,-0.21562835092470736,-0.864778459389133,0.7142245190495451,0.21357675248280042,0.22426151790945176,0.17345791903402263,-0.13957341793555342,0.4250529209165698,-0.2760765729723355,34.37505106449219,5.827586206896552,0.44467358608786467,36.241379310344826,0.25210814355441025,-20.91958911511147
s85,11.652184737728675,-0.930749059709183,0.07847942764537283,0.3677416755613064,0.03310603729139699,0.47548833463125434,0.19759681681015626,2.4063562475709617,2.2413852813852815,0.0,0.0,0.3939393939393939,0.17316017316017315,0.0,0.19913419913419914,0.0,0.23376623376623376,0.0,0.0,0.0,0.0,0.0,0.32523248209082745,0.8848159485674703,0.46527558792715684,0.3614283286637802,-0.3625725444153452,0.5212585042704241,0.5599960718513874,0.13321626494860678,0.07904396555509884,0.1144960167801911,1.0885426305789865,0.13969335991009624,-0.2990154005211121,36.28159988207774,1.7173913043478262,-0.0929788922599037,9.92608695652174,-0.15056757449755406,-19.318038939000672
s86,12.37990805334046,-0.31695883820747794,-0.5563961041305049,0.4118888666134075,-0.4889623721200106,0.4528843339710865,0.3283882660809846,1.3791124128028365,2.279816513761468,0.0,0.0,0.25688073394495414,0.28440366972477066,0.0,0.14678899082568808,0.3119266055045872,0.0,0.0,0.0,0.0,0.0,0.0,-0.4963770475367316,0.167784762945903,-0.08301447818735694,-0.02414475349402109,-0.6126604554915094,0.3990742342593386,0.7882418381744838,0.18840422567586343,0.14504652450026784,0.1416533728981526,-0.3685762001083264,-0.4702257194039193,1.3465271203090088,30.75473309882571,1.725,-0.2062673060121495,8.6,-0.2943315932312342,-21.249921782052695
s87,12.966660207690357,-0.750146075392188,0.3360651109298008,0.40063495146308914,0.42326105693471516,0.4228880465369009,0.13367540805304773,3.1635440856038537,2.0663392857142857,0.0,0.0,0.5446428571428571,0.0,0.008928571428571428,0.23214285714285715,0.10267857142857142,0.0,0.11160714285714286,0.0,0.0,0.0,0.0,0.44685329649244815,0.23318371129839102,-0.0134856005206872,0.2789704152798194,0.8346291553744026,0.1881662814209927,0.32581845452013536,0.062165762140268116,0.11848339543217422,0.11848339543217422,0.8333399115737314,0.25965271939677326,-0.3015718037188951,34.53368203893779,0.573076923076923,-0.7197207739646532,2.6923076923076925,-0.5782772711740943,-20.00999990609716
s88,12.774665336617137,0.09221410330206435,0.7420619294334592,0.5115915021832308,1.6291796027644363,0.4930049840825274,0.07725782711942207,6.381294976371261,1.9191191709844562,0.09844559585492228,0.0,0.27979274611398963,0.0,0.0,0.40414507772020725,0.0,0.0,0.0,0.10362694300518134,0.015544041450777202,0.0,0.09844559585492228,0.9204903870481577,-0.2683094734158086,-0.7467579697876069,-0.34686173406199433,0.7616601954692631,0.23795593039391646,0.35376083645941636,0.0797616913518235,0.07573753998162296,0.07859239182128504,0.2791482658178713,0.3931663504519318,0.23130496388312427,34.260951844803714,0.06623931623931624,-1.0136969603489643,0.14102564102564102,-0.7435861217770291,-19.335949226630238
s89,13.427998248579335,0.6203557792007183,-0.9111689227740616,0.4510309149048316,-1.1875534871503488,0.6715074558954851,0.23293369647515677,2.882826598542834,2.607911646586346,0.0,0.0,0.0,0.5180722891566265,0.0,0.2289156626506024,0.0,0.0,0.17670682730923695,0.0,0.0,0.07630522088353414,0.0,-0.43864325552705025,-0.3794025078949275,-0.8315108668141165,-0.6585010674889781,-0.44172543127324565,-0.6107125805140458,0.7585875071963695,0.12190013445992531,0.36209672742732096,0.36465571490030557,0.033649256455478144,-0.48235344899725513,-0.27061342888392453,27.577921675097908,1.3649122807017544,0.13027154393882767,6.32280701754386,-0.1610036044941349,-21.284778208731176
s90,13.474206106673947,-0.7407158722772302,0.012566151857296164,0.39854773583561315,-0.17087689823863034,0.549292905304855,0.13796208752309486,3.981477195413583,2.312259414225941,0.0,0.0,0.3305439330543933,0.18410041841004185,0.0,0.24267782426778242,0.0,0.0,0.17154811715481172,0.07112970711297072,0.0,0.0,0.0,0.38652440409839944,-0.11028144302769698,-0.05017436868141172,-0.22589306988671612,-0.4124644425440622,-0.46692777653106105,0.8239320583667747,0.19126830067529757,0.16001186578077398,0.14177958514184186,0.1372454739056216,0.15322572390230785,0.23849793675313746,32.81375633207548,0.7172413793103448,-0.5688058628621508,3.0206896551724136,-0.5291823015243828,-20.098443257027355
s91,13.788682346664947,0.36694763728197444,-1.4771896255644905,0.7856878665882816,-1.1945787753151578,0.6811008318027675,0.3284217007480571,2.0738606195979172,2.300520833333333,0.0625,0.0,0.0,0.4791666666666667,0.0,0.3802083333333333,0.0,0.0,0.078125,0.0,0.0,0.0,0.0,-1.3834102758621942,-1.4301354583071213,-1.499870602651078,-1.5794867865966526,-0.638205819311492,-1.0425255003026985,0.6534557412559938,0.09644121609675556,0.37642591955210697,0.37642591955210697,-1.8746446045251164,-1.6968268646897273,-0.2990641292976266,11.809366688349906,0.1187214611872146,-0.8623238021998977,0.8584474885844748,-0.5910168051736628,-21.852334026425286
s92,11.308345842785215,0.021689497203490386,1.1176894149573733,0.360768767065723,1.2601895837176256,0.4228822443998729,0.18397430591626981,2.298594047107505,2.085833333333334,0.0,0.0,0.34210526315789475,0.0,0.0,0.2149122807017544,0.22807017543859648,0.0,0.0,0.0,0.0,0.2149122807017544,0.0,1.165988893690428,1.2556492699692214,0.3221798855821159,0.7337258454754223,1.4616912611005057,0.6858269052117971,0.36230622987031763,0.0807065262897022,0.07607314293202723,0.07701619842292014,1.3641514346172974,1.090129017664626,-0.2409564597451294,42.946064199677124,1.8612244897959183,-0.16933519300245037,10.902040816326531,-0.19007642632982913,-18.528739856121025
s93,14.488132687365884,-0.28568673550652846,-0.7491820553165824,0.4091989550365027,-0.8217501194181385,0.5132861919384882,0.3094520979973749,1.6586935272380752,2.403876651982379,0.0,0.0,0.18061674008810572,0.3788546255506608,0.0,0.15859030837004406,0.16740088105726872,0.1145374449339207,0.0,0.0,0.0,0.0,0.0,-0.565444177771105,-0.0021940244313216244,-0.24332655004284415,0.030570556292729152,-0.16165579892070106,-0.66839729411288,0.6501365634775069,0.1611531822306448,0.2443896462395525,0.18007260784808599,-0.38272703747688236,-0.667978536756246,-0.30037961861669865,28.562024527174106,2.316666666666667,0.2676000799418585,16.294444444444444,0.25171553806999464,-22.44477787769646
s94,13.297148435962033,0.4511651597514213,-0.22751463415354187,0.5199691916345117,0.2221818136652843,0.5104844309670541,0.1761543166707028,2.8979388107833723,2.1155500000000003,0.055,0.0,0.315,0.185,0.0,0.315,0.0,0.0,0.0,0.0,0.13,0.0,0.0,-0.46189750118293965,-0.8474298188227825,-0.7597711516954319,-0.6879843469682977,-0.676960197703541,-0.501275356860084,0.6885075427159721,0.20865168095549538,0.18047528262193346,0.15879818976641685,-0.10797568949339127,-0.48920940495678084,-0.30160949387111813,28.37778488753644,0.24126984126984127,-0.8416242586808834,0.7142857142857143,-0.6834272324056844,-20.69748145715988
s95,11.529988214235086,-0.84931839946339,1.481064279571828,0.2225677454118915,0.8515870364495981,0.4322523326674624,0.10843859390831007,3.9861484466771313,2.308480565371025,0.0,0.0,0.5123674911660777,0.0,0.0,0.08480565371024736,0.0,0.26855123674911663,0.0,0.0,0.0,0.13427561837455831,0.0,1.4186035949617115,1.8626321206692884,2.5147636714434065,1.6335291926732962,1.2711896622506256,0.6929816651578162,0.3151409036780838,0.07201941059377841,0.113409924031261,0.113409924031261,1.625013638815715,1.4709997609227516,-0.2992117799526579,43.93638327216135,11.84375,1.0490080658638934,73.40625,0.6480197629926507,-18.391442687549077
s96,13.854014097729856,-1.0368841784726024,0.2498012562229413,0.4503372525183434,0.6919293516941414,0.4422342107734066,0.10001037244231017,4.421883450424147,2.0065853658536583,0.09268292682926829,0.0,0.45365853658536587,0.0,0.0,0.2975609756097561,0.0,0.0975609756097561,0.0,0.05853658536585366,0.0,0.0,0.0,0.05337049382474623,-0.3570682053763291,-0.5674160564904019,-0.10449345029032177,1.0634956738272952,0.17955147874726868,0.258869343669336,0.0649011455944597,0.10713108281008984,0.10713108281008984,-0.16003668707635807,0.030078622558023314,1.9076704354238374,32.54259459260764,0.25245901639344265,-0.8720834884887755,1.3049180327868852,-0.644171293372233,-20.619086918858848
s97,16.55331388427134,0.3270555208394159,-1.3209368170623395,0.6483898788481882,-1.4614711322188565,0.7626504415723955,0.22486186268164549,3.3916397937703615,2.6138596491228068,0.0,0.0,0.0,0.2982456140350877,0.2631578947368421,0.3333333333333333,0.0,0.0,0.10526315789473684,0.0,0.0,0.0,0.0,-1.5367290745104651,-1.1743800387438497,-1.0504541500737998,-1.372915885299968,-0.5140773659521403,-0.48829359411135626,0.6351919607241076,0.14485441694135257,0.32398164425966997,0.325887418637668,-1.6020920634808258,-1.3273310683733355,-0.29839077458723734,15.00672523719892,0.3216374269005848,-0.5959501809214206,1.2660818713450293,-0.5555609611510204,-23.36181657728519
s98,11.205880797573563,-0.14819562528264027,0.49272346712285087,0.4439343928907641,0.9606400381689737,0.4227614705398827,0.20158951507687792,2.097140173082211,2.006116504854369,0.0,0.0,0.35436893203883496,0.043689320388349516,0.0,0.27184466019417475,0.21359223300970873,0.0,0.0,0.0,0.0,0.11650485436893204,0.0,0.2778642277083542,0.17061085380390878,-0.37339338822377915,0.0005384558062877632,-0.41986111967286005,4.747710700228654,0.3837688848570939,0.03905690830546539,0.005827131749240724,0.08071072650512551,0.2829670451737246,0.33872863204562836,-0.2568376528731238,36.51112823812332,0.475,-0.7430382576573844,2.210714285714286,-0.591530020358446,-19.13590175727989
s99,11.254557583201331,-0.1364585533929613,1.9772801241024234,0.23698434951120886,1.4023569083532645,0.43657712173167185,0.1734259846828382,2.517368562329832,2.3025,0.0,0.0,0.322463768115942,0.0,0.0,0.09057971014492754,0.21739130434782608,0.05434782608695652,0.0,0.0,0.0,0.31521739130434784,0.0,1.6787372612608438,2.9087592651059597,2.2422080718075996,2.801730234215082,2.162165778497991,0.23031780417836747,0.3206223660215979,0.0841579043720072,0.08060435978681904,0.08484669451244109,0.17042962735741535,1.7886995075253338,-0.2711724511698358,44.72995923048436,12.71,1.1507797922984866,87.64,0.881122926973609,-17.648482350223674
s100,12.036674783682631,-0.8604359382488864,0.3282579183551412,0.4343832653227385,0.8577782958633626,0.36385789818396774,0.20960700880260708,1.735905207857926,1.9382178217821782,0.0,0.0,0.504950495049505,0.0,0.0,0.2376237623762376,0.25742574257425743,0.0,0.0,0.0,0.0,0.0,0.0,0.06898618819490306,0.4933701145509956,-0.21906117228715233,0.056771828863865906,1.2946095178116872,0.2898124731156318,0.2879812187103309,0.0627387206037942,0.10073841933388174,0.10073841933388174,0.013516986319307521,-0.00951633904336132,-0.20987036096574127,32.84948051996067,0.6875,-0.6368244635349134,3.0833333333333335,-0.546819686476349,-20.033959522711978
s101,12.539766220803884,-0.6747951808790736,-0.9507107221783508,0.2491839300585317,-1.5582411476838456,0.6690485535076452,0.3499382728641873,1.9119044854156495,2.99317880794702,0.0,0.0,0.0,0.3973509933774834,0.271523178807947,0.08609271523178808,0.0,0.24503311258278146,0.0,0.0,0.0,0.0,0.0,-1.0172645574356927,-0.1438089614129684,1.5679918347838058,0.0019506088766367202,-0.4745168172801493,-0.6457961085688706,0.6346921428014851,0.1417872807231394,0.3221027734862965,0.3221027734862965,0.23902926299141639,-0.1957486521641522,-0.18523847471958899,24.932208415985194,18.043956043956044,5.019310895352321,209.02197802197801,6.773770279028317,-20.47737186068138
s102,11.979140286156236,0.5063103332647613,2.1943364759834325,0.2530502734187546,1.6031653385525764,0.408028080403069,0.10720831091241975,3.8059370297923443,2.2293795620437957,0.0,0.0,0.41605839416058393,0.0,0.0,0.0948905109489051,0.18613138686131386,0.0,0.08029197080291971,0.0,0.0,0.0,0.22262773722627738,1.7995730350744026,1.3329963103965137,1.7639310278758378,2.197596901466875,-1.3980808713617028,0.9872337024998216,0.2874435538682576,0.07392674027457817,0.07058391899584665,0.07414876338957628,1.6474858829654664,2.1245944939267947,2.614132098372742,47.619793711642735,7.019230769230769,0.16404628313512526,33.90384615384615,-0.11810278850762193,-18.134042615943372
s103,13.117163932717189,0.5404143435195476,-0.28938915231264034,0.6560176949424955,0.6274460014687653,0.5321587457653499,0.18383997881661393,2.8946845468046685,1.941833333333333,0.0,0.0,0.2833333333333333,0.16666666666666666,0.0,0.43333333333333335,0.0,0.0,0.0,0.0,0.11666666666666667,0.0,0.0,-0.4540331772565153,-0.9289095208833476,-1.1420392906451573,-1.1601810266874355,-0.014117218668355693,-0.1155080177522607,0.7398856581197948,0.19403406745763715,0.13263533693836804,0.12806816753924877,-1.137776408327643,-0.5424445679949739,-0.3016291703050339,21.03405201034331,0.05656108597285068,-1.0015394379222655,0.05656108597285068,-0.7502294388972732,-20.948857312660238
s104,9.73017835280605,0.16402669745540913,1.706779993768527,0.35887766203070876,1.7843492663124405,0.45370634811999444,0.1278056168159491,3.5499718981315977,2.090818965517242,0.0,0.0,0.28879310344827586,0.0,0.0,0.2543103448275862,0.10344827586206896,0.07327586206896551,0.0,0.11637931034482758,0.0,0.0,0.16379310344827586,1.6850527346122761,0.5523194033088543,0.20531852405075632,0.7656136349104834,1.5243933624362869,0.7551171901185052,0.42256171154516714,0.07633928090831338,0.05332968292232552,0.06292902584834412,1.8350271153761553,1.733289014158791,-0.2539898321762002,47.65687103669784,1.1627118644067798,-0.4786709860622433,5.898305084745763,-0.4335217818814102,-16.95125455205811
s105,13.848932621785384,-0.8377933809537279,-0.8762214270172232,0.4090148399893083,-0.9617985355244156,0.6018739341340292,0.26955330167567404,2.2328568427561044,2.5427312775330395,0.16740088105726872,0.0,0.0,0.40969162995594716,0.0,0.1894273127753304,0.07048458149779736,0.0,0.013215859030837005,0.14977973568281938,0.0,0.0,0.0,-0.7053231955590585,-0.4282543970918659,-0.10203614789540873,-0.2712606676465708,-0.8759066871090535,-1.1791845995566583,0.6304393877720775,0.15869228409889724,0.2657698660752469,0.30556428452501655,0.07958898938639998,-0.5188375682396704,-0.25096201556914655,29.873521611869933,1.8046511627906976,0.22831545741415132,11.269767441860465,0.11227081490562439,-20.899130463640013
s106,13.858025997216668,0.20137555025115145,-1.4821429415970209,0.6683460783312959,-1.3942548666247403,0.6570484534120341,0.3367949169209333,1.950885896434964,2.467192118226601,0.09852216748768473,0.0,0.0,0.37438423645320196,0.13793103448275862,0.30049261083743845,0.06403940886699508,0.024630541871921183,0.0,0.0,0.0,0.0,0.0,-1.7668734739865217,-1.331007164292793,-1.300394289240529,-1.49238761124101,-0.7207597208322885,-0.7946656393734853,0.7255118753533859,0.12246015959075408,0.3405218716368795,0.34164200937252714,-1.6076143061941948,-1.6469513622459862,-0.3010140762265025,13.51689990297474,0.7245901639344262,-0.029086245522930817,3.5213114754098362,-0.2142436236943861,-21.934214352044624
s107,13.175482907534823,1.2176663380354065,1.4258712633656936,0.46866169081382975,2.361417480702258,0.46312310023183145,0.04018138774315307,11.525811482475437,1.891522842639594,0.116751269035533,0.0,0.24873096446700507,0.0,0.0,0.39086294416243655,0.0,0.0,0.0,0.0,0.0,0.0,0.2436548223350254,1.5494481590777984,0.29162547649271325,-0.39342571487608874,0.11704450359424803,0.8237865614886256,0.18528533141959605,0.3420269446517028,0.08157611311097646,0.06398034550874128,0.0705463475537911,1.0061614078117285,1.045345742153903,-0.19955613486016965,41.28013342188225,0.13203463203463203,-0.9691294995994493,0.3484848484848485,-0.7274567113223267,-19.38858975045087
s108,13.69795426474313,0.06390197273334848,-1.387124117112795,0.57286310988764,-1.3928393895850624,0.6256612025033875,0.38322184548436083,1.6326344906371486,2.5332547169811326,0.07547169811320754,0.0,0.0,0.3867924528301887,0.14622641509433962,0.24056603773584906,0.1509433962264151,0.0,0.0,0.0,0.0,0.0,0.0,-1.5200361302274987,-1.1623019485873627,-0.9452977298330084,-1.1192126641556754,-0.6671254682573822,-0.5957100135068573,0.6123250006091135,0.11499451079021661,0.33158764393869694,0.33289310710380987,-0.6947578212802891,-1.4445508376277512,-0.3015140385025638,18.63401755114702,1.7607843137254902,0.8837669286867081,14.337254901960785,0.9459007513897635,-21.847619122564478
s109,11.721858069293223,-1.11244671502771,0.7532273741384713,0.2429515797367488,0.06986807839037314,0.47357771769934803,0.12858667159783904,3.6829456102611084,2.3823232323232326,0.0,0.0,0.6094276094276094,0.0,0.050505050505050504,0.10774410774410774,0.0,0.0,0.23232323232323232,0.0,0.0,0.0,0.0,1.0278106595812313,0.90785232119288,0.6982446167092385,1.4496478778059885,0.8631238026539104,0.1178383499417052,0.2749973532356176,0.059316969195505324,0.11889508410338868,0.11889508410338868,0.12235872455338914,0.7657594222753142,0.7103690626465875,36.50247621377489,4.953125,0.23202089702608233,25.203125,-0.046992565435783104,-17.652660170994906
s110,14.872030664046122,-1.3683258842858075,-0.11850542235249382,0.194769701767009,-0.9191647259526418,0.6627463986216576,0.19597194131912526,3.3818433096114817,2.915060975609756,0.0,0.0,0.0,0.524390243902439,0.0,0.07621951219512195,0.0,0.0,0.22865853658536586,0.17073170731707318,0.0,0.0,0.0,0.600955205235189,-0.16928542947000755,1.017724750147207,1.1450674014207853,0.13580712312849447,-0.39597700333766933,0.6627589326722971,0.13091270851292697,0.3907093355780884,0.3907093355780884,0.8926279692460733,0.6479500042900053,-0.2772251972638796,31.578508244281764,12.25,1.758136784680776,73.32,1.0522810518355976,-22.226437906812052
s111,13.609833526507904,2.153707020656748,-0.9947208417187525,0.6273205190395101,-0.7908058600849458,0.6177804463796592,0.2969497660935593,2.080420720671713,2.328529411764706,0.0,0.0,0.08333333333333333,0.4264705882352941,0.0,0.3137254901960784,0.0,0.0,0.0,0.0,0.17647058823529413,0.0,0.0,-1.177876431162439,-1.0908799886585332,-0.9892753022350018,-1.217583393555367,-0.5194135544017688,-0.920724668101789,0.7398682149260304,0.12839495110692054,0.33145135605888354,0.20565135393818446,-0.7344236195409015,-1.2034713107277424,-0.10920682398176039,19.066795584972088,0.559375,-0.37987188617432543,1.64375,-0.5393229463355029,-21.983674987302074
s112,14.408927423694472,0.28817309040559824,-1.493706354295301,0.5684637392548058,-1.4328794669467515,0.5714892569815717,0.4665134345212723,1.225022078020162,2.45,0.0821256038647343,0.0,0.0,0.5169082125603864,0.0,0.20772946859903382,0.1932367149758454,0.0,0.0,0.0,0.0,0.0,0.0,-1.724449180925069,-0.6917148769041856,-0.9875345679994595,-1.0438635369574565,-0.6665705618729678,-0.8517794828415537,0.5673380642993014,0.08214417702273182,0.3493797938173801,0.3493797938173801,-1.3387509641454374,-1.721668326786669,-0.2894287690395532,15.382570640992485,1.4325581395348836,0.3633831246762941,8.376744186046512,0.14105130975626043,-23.417271754160964
s113,12.674600739504571,-0.6918372464691311,-0.09182689315400519,0.5243238021412268,0.510029341346342,0.4470881777989652,0.22617210968473186,1.976760876582771,1.9886153846153845,0.0,0.0,0.36923076923076925,0.11794871794871795,0.0,0.31794871794871793,0.15897435897435896,0.0,0.035897435897435895,0.0,0.0,0.0,0.0,0.2103798582855419,-0.7167629372882454,-0.6792987020832318,-0.6247368863897063,-0.3283012823192714,0.5743955380536949,0.8078706873619784,0.17555794330403274,0.08627531061290213,0.1273294012958461,-0.0928099843322352,-0.339589045207506,-0.29922598768082886,27.547998106074402,0.1424731182795699,-0.9429662262135409,0.30376344086021506,-0.7274870367357813,-20.647507762275552
s114,15.378799752073228,0.15994977298533108,-1.4567301615474013,0.5094147232847426,-1.6017523366057445,0.644052961637906,0.3366175764185418,1.913307583312604,2.587577092511013,0.07929515418502203,0.0,0.0,0.5594713656387665,0.0,0.21585903083700442,0.0,0.06167400881057269,0.08370044052863436,0.0,0.0,0.0,0.0,-1.4019809170297137,-1.0326543138155468,-0.8640479754371139,-1.0056824217600229,-0.5076243920149227,-1.0004478006659248,0.5526298275865623,0.0770715861972536,0.3549022669239446,0.3549022669239446,-0.6899075952322078,-1.3988922577163425,-0.22418172275837728,19.36424261556804,1.6,0.5687323586036682,10.269387755102041,0.3694103859461393,-23.352818526712568
s115,18.032655367051213,-0.22986983983426604,-1.3388311736452012,0.5303598863775193,-1.3469006401013184,0.6316167928565364,0.26543954113782636,2.379512826721535,2.502511627906977,0.18604651162790697,0.0,0.0,0.4511627906976744,0.0,0.24186046511627907,0.0,0.0,0.037209302325581395,0.08372093023255814,0.0,0.0,0.0,-1.4180216486561117,-0.4481473180659227,-0.9525325214697992,-0.885579188946132,-0.670806603893369,-0.5518066037445573,0.7690859184765573,0.1077152487369255,0.33662896664098213,0.33662896664098213,-1.3477532826755192,-1.222535187609332,-0.051316360429597745,20.87694290668888,0.6384615384615384,-0.37791356005273463,4.719230769230769,-0.20555553744799007,-24.676534052749634
s116,12.182593765604317,0.6681366665558676,-1.3483282925587754,0.4234829371868268,-1.5445264890055752,0.5380443411222827,0.48001900375348777,1.1208813336869339,2.5743589743589745,0.0,0.0,0.0,0.5128205128205128,0.0,0.09829059829059829,0.32905982905982906,0.0,0.0,0.05982905982905983,0.0,0.0,0.0,-1.1696923981404546,-0.5316317173433324,0.8300552716145414,-0.05989113013063786,-0.37187066293401205,-1.333048980325803,0.6729792855828485,0.16017946916515008,0.29859347893986343,0.333381068719265,-0.3383176198928905,-0.8723910047201688,0.3176065549280024,26.259532428207567,2.2782608695652176,-0.05808054620767397,9.73913043478261,-0.29297177621210263,-21.19630992652875
s117,10.126509437188458,-0.519934567596773,1.1203892340067254,0.22766900443645316,0.8130974859101029,0.4517432432665496,0.09644507526804467,4.683943083781557,2.3378571428571426,0.27380952380952384,0.0,0.38095238095238093,0.0,0.0,0.09523809523809523,0.023809523809523808,0.0,0.0,0.0,0.0,0.2261904761904762,0.0,0.6986958325027001,0.7457693451729116,1.8378101240384561,1.2245734722745947,0.8474162302559314,0.8302011247527706,0.30327666363649997,0.06822269090853682,0.07318187139474203,0.07720285333950806,0.5327667744483784,1.1526769709714841,0.014747764694150227,41.181632724889205,8.71875,0.8090359542034544,55.78125,0.5297151661572502,-16.815182372221585
s118,10.434885294885879,-1.7051263130151189,1.3614705221461088,0.24109878407724944,0.7470834679258083,0.4864346105548946,0.14617789531671005,3.3276892480972036,2.375709219858156,0.02127659574468085,0.0,0.37943262411347517,0.0,0.0,0.12411347517730496,0.0,0.20921985815602837,0.0,0.26595744680851063,0.0,0.0,0.0,1.313947272996434,0.527260399797797,1.1510027692030977,1.0042527063841078,1.5065399653312839,0.6416805716430506,0.35275272162084237,0.0757698360654957,0.08795560759362082,0.08795560759362082,0.3559763364730501,1.1245992406651315,0.2745307882770278,41.838847241406384,8.071428571428571,1.092567290144581,45.607142857142854,0.5500203880630137,-17.25426000439147
s119,13.114851854461389,-1.1241328940926931,-0.19755056627108816,0.2709595746773845,-0.7360327005315743,0.6157224812944749,0.25974503192571385,2.3704880002115667,2.728113879003559,0.0,0.0,0.0,0.44483985765124556,0.0,0.1103202846975089,0.12455516014234876,0.0,0.12099644128113879,0.199288256227758,0.0,0.0,0.0,-0.03345893584299345,0.10131308570891832,0.5288951498927643,0.0312757703199996,-0.2970548552377625,-0.3382817577375895,0.7381196529902663,0.15654063137903448,0.34992579955199254,0.35860164582187665,1.3577810422593768,0.3618579860389451,6.925565587411289,35.479286318885976,7.217741935483871,1.3935102985551941,51.91935483870968,1.138121944126743,-20.262240640542466
s120,12.61762402433443,-0.7239374005275798,-0.28056869820625463,0.5774451089580455,0.540135815432919,0.4579829099137759,0.24152291242858212,1.8962296591599797,1.958540540540541,0.03783783783783784,0.0,0.31351351351351353,0.14594594594594595,0.0,0.35135135135135137,0.15135135135135136,0.0,0.0,0.0,0.0,0.0,0.0,-0.15785666365172615,-0.7205726892505929,-0.8711581856507301,-0.8608998069142456,-0.7137416392655688,0.21153764585952367,0.7999398408070632,0.17574319393659257,0.10734916612266512,0.1295189398660048,-0.7527423434844792,-0.5109110405359005,-0.26546898645399447,22.495580167023945,0.34102564102564104,-0.6987287899257014,1.5128205128205128,-0.5783991647790134,-20.613762364468812
s121,13.480764233443473,-0.396935041680483,-0.6930328209406618,0.6442347424344432,-0.2500146338407154,0.6389489956672403,0.23001655155701453,2.777839209144317,2.2120207253886006,0.05699481865284974,0.0,0.0,0.29015544041450775,0.0,0.38341968911917096,0.06735751295336788,0.0,0.0,0.19689119170984457,0.0051813471502590676,0.0,0.0,-0.43771023766681044,-1.0662170753123872,-1.1299931886588077,-1.0827041446276355,-0.689605710243651,-1.0627367774965246,0.7353504217694817,0.19879590883340037,0.26053175423822067,0.2966053817481281,-0.21044124289364993,-0.8479305402879395,-0.29744446121616125,22.863657554380282,0.15765765765765766,-0.8619915281360562,0.5900900900900901,-0.6717010549901148,-20.902048535966593
s122,10.15785824080087,-1.547928895409867,1.1615103885913058,0.25322309859740416,0.3817244244565508,0.5536085502424309,0.1537899901116092,3.5997697238985675,2.4941666666666666,0.0,0.0,0.36666666666666664,0.0,0.07333333333333333,0.15333333333333332,0.0,0.0,0.17666666666666667,0.23,0.0,0.0,0.0,1.4025332696163426,0.3475211026641795,0.8830828959783938,-0.027451148821634616,-1.3016880537321847,0.9213582192207461,0.294235824770139,0.07508397777224965,0.06439197791235139,0.07010724222409856,0.12948843745044605,0.7720312093639607,-0.2661343474496852,37.041684726379934,5.331521739130435,0.7643902686206587,32.71195652173913,0.4476993383501101,-16.791797918393293
s123,10.690648705953185,-1.6776192253698088,1.3901869684992,0.24302429616999133,0.8242412264486508,0.4681560529280563,0.18092893178588373,2.587513496636818,2.357184115523466,0.0,0.0,0.3574007220216607,0.0,0.0,0.10830324909747292,0.12274368231046931,0.1299638989169675,0.0,0.2815884476534296,0.0,0.0,0.0,1.265384249087487,1.8825857809895536,1.1408344142674876,2.2298227722678954,1.6240115113339715,1.0848437578467627,0.3002189537791275,0.07628983867404049,0.0838410205552975,0.08599079031312565,0.4939362602314534,1.5733299354859314,0.11755335492328424,43.186890789220584,10.733333333333333,1.4270484092383848,73.725,1.0771182418360148,-17.29435756680531
s124,11.931910571652619,1.8411608995460327,0.04124188868057746,0.5061482342011673,0.4397059531223488,0.5971216986259822,0.22129776138325605,2.698272657136612,2.260689655172414,0.12315270935960591,0.0,0.0,0.3399014778325123,0.0,0.3251231527093596,0.0,0.0,0.0,0.0,0.03940886699507389,0.0,0.1724137931034483,-0.16492846120359736,-1.3690242454341632,-0.38690100501186747,-0.5732718819256316,-0.7995049218562683,-1.2782117331584182,0.8429330478205526,0.19554548837222938,0.283363458402459,0.3327755917181903,1.468988994298219,0.08995451983248672,-0.22380633578822676,34.205320816823146,0.4818181818181818,-0.6233275057837414,2.1363636363636362,-0.5428418259163476,-19.270658408117193
s125,14.654413691434558,1.2157631329458387,1.0487076307637169,0.4576519622574364,1.598819536376638,0.4461861094296336,0.05236205345643272,8.521172871894299,1.9501951219512195,0.0,0.0,0.40487804878048783,0.0,0.0,0.33658536585365856,0.0,0.0,0.0,0.0,0.14634146341463414,0.0,0.11219512195121951,0.7063906249742851,0.17168806575004203,-0.4934543492633993,0.034057246829192374,-1.169538596627751,0.4359744461398457,0.3320984965090588,0.07509323977642274,0.08771318020286255,0.08771318020286255,0.7589764636025531,0.7313444128028779,-0.2620486439283625,39.56945061047232,0.21739130434782608,-0.9107661424058963,1.063768115942029,-0.6704486587038214,-20.746670748696744
s126,12.576039108639089,-0.8495742170941567,0.467586927790909,0.337531671615568,0.4112731239361961,0.3914703452925113,0.14877518441349352,2.631287918316342,2.1104273504273507,0.0,0.0,0.5726495726495726,0.0,0.0,0.15384615384615385,0.18803418803418803,0.0,0.08547008547008547,0.0,0.0,0.0,0.0,0.33634501517862064,0.8908680253182649,0.9013119880347293,1.2755643004584631,1.0275101342212005,0.4281337367895022,0.24962225171092436,0.06276924439752385,0.1088607599392834,0.1088607599392834,-0.043336838388564225,0.4839652373409492,-0.2918906640561773,37.79097800001965,2.1358024691358026,-0.21803002187462625,13.54320987654321,-0.17606303698636852,-19.81090987888966
s127,10.963420747103095,0.6089155302588036,1.751205102974411,0.3392007213893626,1.7937715479019798,0.42338481037905024,0.1532754136953191,2.762248687977151,2.0943589743589746,0.0,0.0,0.2905982905982906,0.0,0.0,0.2094017094017094,0.21794871794871795,0.0,0.0,0.0,0.0,0.1623931623931624,0.11965811965811966,1.7527885212662795,1.1805814710428622,0.5382173911580954,0.9418373406488495,1.757740547087003,0.5587593853879501,0.3246594815882748,0.07947867999524554,0.060790914317963005,0.06619455114622637,0.734974389893742,1.7116631844162749,-0.14713032344539806,46.544693580828934,1.8612244897959183,-0.2938435966199565,10.50204081632653,-0.2858350061581625,-17.91042209268825
s128,13.721786962683431,0.3582841485063466,-1.2985833834607874,0.700840630468215,-1.0990075592448008,0.6434023505119165,0.356224880469404,1.8061690403660002,2.3202,0.0,0.0,0.03,0.47,0.0,0.34,0.07,0.0,0.09,0.0,0.0,0.0,0.0,-1.5865606420154559,-1.41789441469659,-1.234927630654305,-1.427872715969057,-0.4930612441862534,-1.0160939752561324,0.5932775928678454,0.10339571855701986,0.3552253926355361,0.2616811321246981,-1.522652599540367,-1.4628909056936341,-0.28214610372710597,15.181592173496155,0.2823529411764706,-0.6504026268111154,1.4323529411764706,-0.5263995392357111,-21.994864397306095
s129,11.239631886211695,-1.3413645546871908,0.9320430679889837,0.2778382921049836,0.5989340137645789,0.4304302401214376,0.12492274944209956,3.4455712994128236,2.2247876447876447,0.0,0.0,0.5328185328185329,0.0,0.0,0.138996138996139,0.0,0.25096525096525096,0.0,0.07722007722007722,0.0,0.0,0.0,0.6554078565250924,0.4895590351783083,0.9550021683384773,0.9768960093159355,0.9627862161136249,0.3658270879885641,0.3813265315673411,0.06592460861986188,0.11609894962205643,0.11609894962205643,0.581645955686238,0.8963964438813266,1.2807724347668368,39.6468294824443,6.131944444444445,0.9360951340218497,40.666666666666664,0.6666888333133768,-18.471060843694026
s130,11.611133732287495,0.7219034862982332,-1.3800675430815132,0.540932708176472,-1.3729839465979334,0.5492788459796196,0.5386020065060717,1.0198232448906177,2.452085308056872,0.0,0.0,0.0,0.5165876777251185,0.0,0.18009478672985782,0.2890995260663507,0.0,0.0,0.0,0.0,0.014218009478672985,0.0,-1.525464617207,-1.4585089008645382,-0.7407599954014774,-0.9093697604934048,-0.08590614594036432,-0.716295287604904,0.5714323620804995,0.09221406041250887,0.3516031726856746,0.3516031726856746,-0.25478221778998833,-1.5538630384152163,-0.061186187510204076,19.09376991796819,1.563157894736842,0.22144431585338759,8.5,-0.004265624809741877,-21.833074199089218
s131,12.510394805438668,-0.2696917563467609,0.3677730236021596,0.466901950180617,1.0084524853087544,0.4640892144926056,0.07881695957782159,5.888189762437833,1.9923000000000002,0.175,0.0,0.36,0.0,0.0,0.33,0.0,0.0,0.0,0.0,0.0,0.135,0.0,0.06746549508633709,0.31593532758335324,-0.461702278868722,-0.14834737113470015,0.8364857715060666,0.3655935081307742,0.34763446969675216,0.07637235091430929,0.09792694139872858,0.0985240568950623,0.23528076420575694,0.19662747757412663,-0.27155531490886137,33.529923764250896,0.15151515151515152,-0.9454065747413827,0.3090909090909091,-0.7293596054324019,-19.37195493711046
s132,10.68116876943261,-1.558960861446786,0.5906191080727777,0.2706991682948922,0.416504240132449,0.4472653051565088,0.11949362283763534,3.7430056477929425,2.2810288065843625,0.20164609053497942,0.0,0.4403292181069959,0.0,0.0,0.12757201646090535,0.03292181069958848,0.04938271604938271,0.0,0.14814814814814814,0.0,0.0,0.0,0.9745898191986685,1.3342727707845266,0.9306720828408277,1.3323271339181026,1.1315897070235335,0.8634263758696419,0.44891527082421007,0.07279533401514804,0.10295054739221221,0.10295054739221221,1.5496101403673557,0.7036378553692161,-0.0817103865789694,38.23393877288013,4.748387096774193,0.4643112488964955,26.335483870967742,0.15439014670368048,-17.5689882513714
s133,12.328583131103517,-0.950501491193686,0.015031826083259401,0.38645468873476985,0.03543683459502728,0.474936145316891,0.309902513104574,1.5325340235515539,2.2673893805309735,0.061946902654867256,0.0,0.4026548672566372,0.0,0.15486725663716813,0.20353982300884957,0.13716814159292035,0.03982300884955752,0.0,0.0,0.0,0.0,0.0,0.18752930213641175,0.13428477014292434,0.23811450737761444,0.30153621706710154,1.2647234915344476,0.45206899890718466,0.33408782533575027,0.07256835623898769,0.11710257360957209,0.11710257360957209,0.07755966252058226,0.11996569390487075,-0.29995544925752665,32.695039512471816,0.908695652173913,-0.5371739558411539,4.01304347826087,-0.5031386140073192,-19.52720456066259
s134,11.102425165665094,-1.1900305841409025,0.21483272863855135,0.33808020938557437,-0.1318754083301769,0.5596073194757074,0.34931663892497117,1.6020059084442984,2.478871595330739,0.0,0.0,0.35797665369649806,0.0,0.2529182879377432,0.20233463035019456,0.0,0.16731517509727625,0.019455252918287938,0.0,0.0,0.0,0.0,0.03316464866167985,0.6196160615102161,-0.027138898538298803,0.7195282444514832,-1.257066226843377,0.37854177106045084,0.3142640290018137,0.078028502527047,0.10100967880994047,0.10349760193333798,0.2099865899196649,0.5297649316279676,-0.2949215962487125,36.14895353843124,1.6538461538461537,-0.1469790909328824,6.25,-0.38278192024189983,-17.92604080418195
s135,14.633658289563257,-0.5907409049862824,-0.6089856895484798,0.3574879661142952,-0.9994461657144468,0.6346306978973545,0.2500504210897633,2.53801091448486,2.659420849420849,0.0,0.0,0.0,0.4594594594594595,0.0,0.16602316602316602,0.08494208494208494,0.0,0.13127413127413126,0.1583011583011583,0.0,0.0,0.0,-0.7180414763563225,-0.06138729698474599,0.20397979963696417,-0.4013552011905844,-0.38778986533096405,-0.494219745286298,0.7092316242398855,0.15525349524386248,0.3361692652986012,0.34831996163469525,1.349561644591058,-0.13667472689848506,-0.2050320745547941,30.112386170873332,3.308139534883721,0.8459595034851296,20.6453488372093,0.5226534016997401,-21.636901841512092
s136,15.021048188666596,1.1520016003584181,-0.7232240476285844,0.6972125342349103,-0.1993305485563091,0.6436327005509641,0.2530401003135575,2.5435996103123553,2.1587830687830687,0.0,0.0,0.0,0.3439153439153439,0.0,0.4126984126984127,0.07407407407407407,0.0,0.037037037037037035,0.0,0.0,0.13227513227513227,0.0,-0.5402724655140697,-1.5103112910398981,-0.9730232324834378,-1.3654580863452015,-0.33936986743882236,-1.0598710578427484,0.8064048177044024,0.17266586274444193,0.3253064964990567,0.3368217707114127,-0.4716713965080133,-0.898398553092675,-0.012985064894366705,19.20712604261921,0.07692307692307693,-0.9642244684077033,0.11324786324786325,-0.7404397283761093,-22.66590946104735
s137,10.769426884072697,-0.9926682536269504,0.38774465207944714,0.411600577899664,0.724970134357861,0.4116095637821636,0.22632532010122305,1.8186633453034462,2.05175355450237,0.0,0.0,0.3981042654028436,0.04265402843601896,0.0,0.22748815165876776,0.24644549763033174,0.0,0.0,0.08530805687203792,0.0,0.0,0.0,0.2751354617562753,0.23438780477462529,0.06174784658852687,0.26705706056617284,-0.35442498369781567,3.1440276463905072,0.5784556097579047,0.08102174903055814,0.016855979332385595,0.09784028542597975,0.35333908034469846,0.21835815300387904,0.2662132003311233,35.973418860498334,1.425,-0.21341086667578985,8.4125,-0.21334788846817263,-18.7194829919456
s138,13.35814191024349,2.3894516845493685,-0.5520230165106214,0.43905462603255135,-0.6907052277537586,0.6212807682496907,0.23831147363263092,2.6070115667507734,2.530431034482759,0.05603448275862069,0.0,0.0,0.43103448275862066,0.0,0.21551724137931033,0.0,0.0,0.0,0.0,0.15517241379310345,0.14224137931034483,0.0,-0.28181732718396324,-0.609179014819842,0.08203137346156962,-0.30662371310281955,-0.7824702249941112,-0.6137225491137702,0.7079554518279435,0.1799700915760674,0.30845322068305286,0.32954403919129577,0.365309810594358,-0.1478466476500995,-0.2938116490959208,32.415096380925384,1.116,-0.2511672081800495,5.316,-0.33781164677270115,-20.985699707924425
s139,12.549607456788584,-0.2670282043036576,0.39766433588496564,0.5143433623931762,1.100196288676896,0.4771964632946327,0.10014945329797008,4.7648434173160386,1.9454040404040407,0.04040404040404041,0.0,0.3888888888888889,0.0,0.0,0.37373737373737376,0.0,0.0,0.0,0.10101010101010101,0.09595959595959595,0.0,0.0,0.7194673119407133,-0.10321707537919933,-0.6769673316860284,-0.4076793280324059,-1.3841661522565436,0.16529482802868414,0.34927180957280085,0.07747473480792107,0.09447401087521862,0.0946872704934471,-0.03443114453081938,0.03736858667005607,-0.1639791327350306,31.845104090870354,0.10810810810810811,-0.9719435000015783,0.34684684684684686,-0.7217145033053035,-19.46420871832499
s140,12.872748191221357,-0.37943776765434595,0.3851396901151496,0.2850107554228351,-0.20895581644738198,0.5330357087089432,0.26003187982339265,2.0498859950209494,2.507859649122807,0.0,0.0,0.4666666666666667,0.0,0.1824561403508772,0.14035087719298245,0.0,0.0,0.13333333333333333,0.0,0.07719298245614035,0.0,0.0,0.5550956608066104,0.6080840966598148,0.5094539829027709,0.5472739310496674,1.1526191117791973,0.37445153915449725,0.31472828989634916,0.06987732050812757,0.10862823842830946,0.10862823842830946,0.055765695573752425,0.47969752095935286,-0.26170152795862045,32.616398066468534,3.15,0.10246748266752455,19.6875,0.029132675049784416,-18.90485827097119
s141,13.762038561378207,-0.442912632715186,-1.024939547077122,0.3400956486355893,-1.5914309815614043,0.7314970353202497,0.2595219496350791,2.8186326295283606,2.963230240549828,0.0,0.0,0.0,0.35738831615120276,0.3024054982817869,0.16494845360824742,0.0,0.024054982817869417,0.15120274914089346,0.0,0.0,0.0,0.0,-0.792919681541279,0.2554365589997511,-0.5695800123105405,-0.3866973751457191,-0.12079786203811795,-0.9317481115976685,0.714871846462721,0.15121372433724695,0.34164362463261044,0.34164362463261044,-0.9507842689270521,-0.3087172812545329,-0.2636561835796203,22.899361278930442,4.854166666666667,2.1478895945030234,34.338541666666664,1.6756200391905347,-20.483878043298652
s142,10.635033079442662,0.9009937579627066,1.5487485157638878,0.23855346837670968,0.8308844977829635,0.45327896819275726,0.08840955347847551,5.127036053893362,2.3624067796610166,0.0,0.0,0.46779661016949153,0.0,0.0,0.08135593220338982,0.0,0.061016949152542375,0.0,0.0,0.2,0.18983050847457628,0.0,1.6363365434764536,1.6749793498874723,1.721508799483677,1.8947723581197848,1.4560068837957971,0.2543942150083697,0.2970471098536221,0.07810842109534936,0.08851705585817941,0.09137244475683036,1.3607544845460717,1.7536616027126397,0.07029860969614979,44.54357308218803,8.40625,0.3514018124500773,46.125,0.07859358754595246,-17.12146112463541
s143,13.002526558851796,-0.06603998737090346,-1.6521994168996146,0.5649631221314244,-1.6219894924940697,0.6153577445675574,0.37304485329275955,1.649554307306405,2.506231884057971,0.21739130434782608,0.0,0.0,0.5169082125603864,0.0,0.22705314009661837,0.0,0.03864734299516908,0.0,0.0,0.0,0.0,0.0,-1.930259501403832,-1.5360206691400276,-0.9336294738081881,-1.2714962463187742,-0.6966020874778761,-0.9380792579537223,0.6342379585373504,0.07917607922620319,0.35085065615692324,0.35085065615692324,-1.2493768545318398,-1.745056569287636,-0.2974975037751333,13.917079285461588,0.8893617021276595,-0.02829746084267872,5.068085106382979,-0.11981053344365246,-21.463983414352406
s144,13.190372210361787,0.1899753389071334,-1.538707847598778,0.4022950793563976,-1.6921246749907775,0.5555240504604725,0.448405772220459,1.238886929821565,2.616079295154185,0.11894273127753303,0.0,0.0,0.5594713656387665,0.0,0.1013215859030837,0.22026431718061673,0.0,0.0,0.0,0.0,0.0,0.0,-1.509335905551119,-0.42777193376675154,0.031999240497127705,-0.0366575663266847,-0.49299586664412537,-0.549793877739596,0.4869637184011468,0.07195362652308974,0.3397801162176733,0.3397801162176733,-0.4707145966681257,-1.5422124003666953,0.8381952065127026,19.118274821768594,6.426086956521739,2.1403929095653345,67.13913043478261,2.82821883043306,-22.967430545397225
s145,14.556770086348006,0.5038825994541309,-0.43910044414174215,0.5918626364089787,-0.017856762987315578,0.5656910255736021,0.22352906326827982,2.5307269547077156,2.1438190954773866,0.0,0.0,0.25125628140703515,0.19095477386934673,0.05527638190954774,0.36180904522613067,0.01507537688442211,0.0,0.03015075376884422,0.0,0.09547738693467336,0.0,0.0,-0.0645955338803225,-1.4067915867565177,-0.9087846911289714,-1.041043376032657,-0.35628160560037136,-0.5092536750847281,0.7572803809859173,0.2118216621278102,0.20048256388226443,0.16258634699968857,-0.8198152400585359,-0.6773947574072792,-0.21658100147268028,24.75571564472151,0.1087962962962963,-0.9486153185033077,0.18518518518518517,-0.7347777930730732,-21.695919741093206
s146,14.51660211883132,1.3590071192147533,-1.459476391168806,0.5309950763248777,-1.5198545480726446,0.6355225055890913,0.33043631761556796,1.923282858782075,2.578888888888889,0.14351851851851852,0.0,0.0,0.49537037037037035,0.046296296296296294,0.2175925925925926,0.0,0.0,0.0,0.0,0.09722222222222222,0.0,0.0,-1.5550739148659722,-1.2113628174307927,-0.6039979804710012,-1.0506350915158893,-0.6356298478979615,-0.7983437045563052,0.5722561245707964,0.09534026839799244,0.36125504362989475,0.36125504362989475,-1.4687570378168262,-1.4707171378046102,-0.2950961035296992,18.385719944067475,1.4723404255319148,0.45118567627860295,8.27659574468085,0.1589009132770139,-22.683691723147827
s147,14.136528247124444,-0.5802699095556658,-0.7190924303649401,0.6067727947047155,-0.3649780211450044,0.6369792122733339,0.21993430547048093,2.896224901843827,2.264723618090452,0.10050251256281408,0.0,0.0,0.2964824120603015,0.0,0.35678391959798994,0.04522613065326633,0.0,0.0,0.20100502512562815,0.0,0.0,0.0,-0.3628823433647314,-0.9344722565768306,-1.0617736754023424,-0.9741241683973775,-0.8314634665303685,-1.102863678042603,0.7336141582393471,0.1918665758986108,0.2747076230314952,0.31714213390627904,-0.7278161586900492,-0.7951771404882174,-0.3016536491776136,25.21897158500954,0.18309859154929578,-0.8424407560361363,0.5821596244131455,-0.6781473478261857,-21.214061142533083
s148,13.435656774601497,2.131114044038167,-0.4081313731066545,0.3681878355557865,-0.6655712020241602,0.5452849145951998,0.2354249055624879,2.3161734451687694,2.5000401606425706,0.0,0.0,0.23694779116465864,0.357429718875502,0.0,0.14457831325301204,0.0,0.0,0.0,0.0,0.26104417670682734,0.0,0.0,0.11449564484470226,-0.03862709957626923,0.6665793715159866,0.33090872788856773,-0.32716186998193075,-1.1962707279404547,0.6381206812748987,0.15576177304438263,0.2841148991648211,0.1877959885109288,-0.2954230245461073,-0.33736234007929516,-0.2084978866857264,31.017398162620047,1.8277777777777777,-0.20797285100576896,8.405555555555555,-0.33117757391510144,-21.398262355300055
s149,11.021554182196503,0.08747612952985856,0.6065884123586618,0.4346676451201091,1.2241399997791576,0.43401318959536167,0.05288642987363598,8.206513289559716,1.9887562189054724,0.19900497512437812,0.0,0.39303482587064675,0.0,0.0,0.29850746268656714,0.0,0.0,0.0,0.0,0.0,0.0,0.10945273631840796,0.28358187954329356,0.6410680903844267,-0.3321070174029843,0.20272723497210826,0.9749986895947229,0.4430493986529289,0.32720362103566697,0.07534104621540987,0.09925954021466975,0.10094190530305397,0.4569176976404957,0.4572354295273493,-0.25409577013781437,37.035283397154494,0.17666666666666667,-0.9457279628325057,0.4266666666666667,-0.7240737094875228,-18.182041013973326
s150,13.551492875664152,1.5237373245577255,-1.3178920704366317,0.5417499097671322,-1.4701011809502529,0.6612620974776338,0.3338715033847079,1.9805886120076732,2.575418502202643,0.0,0.0,0.0,0.5638766519823789,0.0,0.23788546255506607,0.0,0.013215859030837005,0.09691629955947137,0.0,0.0881057268722467,0.0,0.0,-1.225729655845471,-0.834208915364448,-0.9130927383543338,-1.1230417129818775,-0.3173153658157736,-0.9505121372310877,0.6054884535408321,0.08334357258819404,0.3717417969933527,0.3717417969933527,-1.0818547566531571,-1.2255020059607897,-0.2988961023488602,19.908876401259242,1.3925925925925926,0.4131226796490799,7.355555555555555,0.0820619143104798,-22.366150531541145
s151,12.882653809898429,0.06372977293461349,0.6125290540771006,0.5386579314066219,1.5609977764759895,0.44437341804562525,0.07986288948616214,5.564204111630871,1.8309473684210527,0.0,0.0,0.4,0.0,0.0,0.4105263157894737,0.05263157894736842,0.0,0.05263157894736842,0.0,0.010526315789473684,0.0,0.07368421052631578,0.4298577546403942,-1.0044395756186268,-0.5449533689243116,-0.5759982074227916,-1.175494135790987,0.08379661684601564,0.33308028331045514,0.07402944530843784,0.09104471272279688,0.09104471272279688,-0.11502845929645823,0.20911016076821573,-0.24929933452299877,31.145797608506296,0.053613053613053616,-1.0238360147168115,0.13053613053613053,-0.7440679590579038,-20.07280490017163
s152,14.044097683127918,0.8598912915420418,0.668615832134024,0.42676896430057615,0.9268445201103219,0.4456776301758392,0.07932944633432704,5.618060515606899,2.043225806451613,0.0,0.0,0.47465437788018433,0.0,0.0,0.2764976958525346,0.0,0.0,0.0,0.0,0.18433179723502305,0.06451612903225806,0.0,0.6144372153354276,0.0052666645921965165,-0.4351051988271077,0.11212479377606892,-1.4861303698585955,0.44554887658765163,0.31743062534568234,0.07088518726489369,0.10520673350579922,0.10520673350579922,0.6670920423575926,0.46397718693070517,0.03600522766134749,37.60391023405832,0.36,-0.8303750522672617,0.9066666666666666,-0.691623735851737,-20.43501428229088
s153,14.764129624181455,0.01831128238728635,-1.2577681713411315,0.3868922349702348,-1.6122098431651763,0.6484249303281158,0.3497070597757231,1.8541945671441944,2.723125,0.0,0.0,0.0,0.609375,0.0,0.15625,0.0,0.109375,0.125,0.0,0.0,0.0,0.0,-1.4671138874820926,-0.41470224922557763,0.04023710661017637,-0.7350207988206465,-0.24383222299252144,-0.9448551538248858,0.582552407969944,0.08497204254706274,0.35994362325509616,0.35994362325509616,-0.48628878401922854,-0.9421060642820546,-0.2968907803871842,23.996402709349674,4.2875,1.8677911759844783,34.91875,1.8006958819161503,-22.942088330054116
s154,12.845807405583116,-1.00938025518476,0.4138710375836049,0.47317167484851425,0.7321693666902729,0.5196301584846013,0.09510999729486234,5.463465179939298,2.058714285714286,0.047619047619047616,0.0,0.34285714285714286,0.0,0.0,0.3476190476190476,0.0,0.0,0.0761904761904762,0.18571428571428572,0.0,0.0,0.0,0.28040144844406417,-0.4207654840436135,-0.5251956170723733,-0.22732915990674288,-1.3373956412742705,0.2925834648700275,0.3036310796970038,0.07485356890029353,0.08720775675401617,0.08866526800895794,0.7060284399315667,0.1679754504642459,-0.30165658502311177,34.556780888336505,0.23835616438356164,-0.8596176118783156,0.7123287671232876,-0.6884501478856858,-19.415554869328393
s155,14.946773979213301,0.2928271292405138,0.7290927638799622,0.2514273466181994,0.12475520915296441,0.4315035610644496,0.0555518883704693,7.767576831714537,2.31794425087108,0.0,0.0,0.6480836236933798,0.0,0.0,0.07665505226480836,0.0,0.0,0.11846689895470383,0.0,0.156794425087108,0.0,0.0,0.8766335067935755,2.163715161143771,1.3272496829523681,2.26479065788207,1.6370301951199542,-0.003422127998360927,0.2749154601942587,0.05347507662470338,0.10719319218026149,0.10719319218026149,-0.12487926708679492,0.7433374121462939,0.2428998758289498,36.78633081133489,5.534090909090909,-0.031447502334186556,29.556818181818183,-0.16169872118513462,-20.306258860408054
s156,10.406213431036097,0.31030395053260507,1.1113182615985786,0.39292036964205085,1.5981148743648688,0.4190620928530158,0.0828373407443549,5.058854969116974,2.0062857142857142,0.13333333333333333,0.0,0.37142857142857144,0.0,0.0,0.26666666666666666,0.0761904761904762,0.0,0.0,0.0,0.0,0.0,0.1523809523809524,0.8453037198813887,0.8414950953848293,0.0024597609640965557,0.5246462074003391,1.0269068429422246,0.519239115947129,0.3301193738020053,0.08063695317778313,0.08902821250945264,0.09301455038301022,2.20009793035678,1.077375132459931,-0.05715257487911961,42.88381951817753,0.7821428571428571,-0.6043732368595791,3.4535714285714287,-0.5348159875289233,-17.552254788616015
s157,11.963052288473236,-0.45668230394205195,0.43538806489191717,0.4891432442204795,1.1488117940695526,0.40886478656685293,0.16265931018290242,2.51362670914505,1.898622448979592,0.0,0.0,0.42346938775510207,0.0,0.0,0.32653061224489793,0.14795918367346939,0.03571428571428571,0.0,0.0,0.0,0.0663265306122449,0.0,0.7149294787775555,-0.6788985313485526,-0.47108205615519577,-0.3247792855971437,1.5697040609447328,0.177348933877613,0.32095451467507496,0.07102052415647765,0.09935344335724598,0.09935344335724598,-0.09019609770297808,0.14714198142279053,-0.20254894950462982,32.30997724239173,0.28125,-0.8370092043135182,1.3541666666666667,-0.6340011827273215,-19.814946895685345
s158,13.623026336689511,-0.49475145804523907,-0.518798455473387,0.5732315982039128,-0.09578397971190522,0.5411860123817401,0.234735377573714,2.3055153338008942,2.124949494949495,0.0,0.0,0.23737373737373738,0.25757575757575757,0.0,0.3434343434343434,0.0,0.16161616161616163,0.0,0.0,0.0,0.0,0.0,-0.16515006377852726,-1.730790859034684,-1.042071349567422,-0.9948281048857094,-0.1380679651088549,-0.508306315381009,0.7145940575098503,0.19347175258651808,0.20317587645034274,0.16168054936370918,-0.3927420112000745,-0.6623347327795511,-0.3014318714511286,22.97915412345272,0.2916666666666667,-0.7381051189276451,1.6544117647058822,-0.5520079543312113,-21.206667016561124
s159,13.942059865015047,0.753853180121867,-0.9002381308804552,0.5305736633985887,-0.9085460634534797,0.6283172099286746,0.3125496404286605,2.010295737556889,2.436284403669725,0.0,0.0,0.0,0.45871559633027525,0.0,0.2706422018348624,0.0,0.1834862385321101,0.0,0.0,0.0,0.0871559633027523,0.0,-0.8632159032559925,-0.7524461528875925,-0.5146791481414471,-0.9408960434919736,-0.1107372076377536,-0.6977583463509976,0.745778968290593,0.13465889215781424,0.34264048138879893,0.3497541246010232,0.27523296183627605,-0.8018611942025415,-0.2881031995906959,25.036069605603082,0.7423728813559322,-0.30455487173741863,3.6372881355932205,-0.35367744055386324,-21.993395515087066
s160,11.44901174575771,-0.462875730148444,1.3733434939344833,0.31699226642128425,1.1255181399149485,0.47902843105217413,0.11212352378168736,4.272327651643176,2.207620967741936,0.0,0.0,0.3548387096774194,0.0,0.0,0.21370967741935484,0.0,0.18548387096774194,0.0,0.06451612903225806,0.0,0.1814516129032258,0.0,1.7024141883805144,0.6349339852750447,0.08363704946270482,0.2960631630675506,1.302897599621558,0.8594813747553331,0.3171522021995999,0.08142611137550994,0.08807224367621336,0.08976594066998668,1.1083908234543836,1.2007318007073184,-0.11156215919560883,42.265072833931114,2.9283018867924526,0.2742170083050222,17.9811320754717,0.12776485740288016,-18.2271237687366
s161,12.355477263682758,-1.6618373718392074,-0.26314655748241794,0.2149455799028211,-0.7184962812270492,0.5602711900017743,0.35465050512902374,1.5797839898689687,2.7235205992509366,0.2883895131086142,0.0,0.31835205992509363,0.0,0.31086142322097376,0.08239700374531835,0.0,0.0,0.0,0.0,0.0,0.0,0.0,-0.2733086683904517,1.0524526644480143,1.1605063729111993,1.2144274467575704,0.5277763650766688,1.7185602348663047,0.3541849340645956,0.07794128704316074,0.07772274952350101,0.08657723997554544,-0.6743302333645477,0.21333790162953636,0.804559183531172,25.193645553872695,10.125,1.5595717560388154,75.25,1.3326687898377365,-18.50131544535105
s162,14.224095276667082,0.3114916263275882,-0.28182942695666374,0.2729847671322716,-0.7896147040144534,0.5962162391395084,0.29326916138620446,2.0330001160754665,2.7153068592057763,0.0,0.0,0.0,0.49458483754512633,0.0,0.09386281588447654,0.148014440433213,0.0,0.11913357400722022,0.0,0.0,0.1444043321299639,0.0,-0.1653138187935403,-0.35660061155378253,1.1062634928837343,0.5664988760114841,-0.16170355237011197,-0.3828413235254064,0.6961191970382307,0.1753652277791717,0.30565777641432845,0.31473672026821936,2.110231746741516,0.3820360469222304,0.10560388599202064,36.01152056201081,8.240384615384615,1.3801995971638137,52.46153846153846,0.9110555356701292,-21.652394606185418
s163,13.870349573340425,0.11419940683818643,0.5175216423672593,0.4609001052776099,0.9668683300901887,0.4392463001827612,0.08422590987033879,5.215097122238952,1.9740579710144928,0.0,0.0,0.47342995169082125,0.0,0.0,0.3140096618357488,0.0,0.07246376811594203,0.0,0.0,0.0966183574879227,0.043478260869565216,0.0,0.3160510803382999,0.17946477598022792,-0.4822499795282323,-0.17562707748272607,-1.2887771699590433,0.19363700175725287,0.3093972268810763,0.07227114627953682,0.09886897461170288,0.09886897461170288,-0.3515265349355033,0.24836087753220037,-0.291674538442794,34.997615170684256,0.3723076923076923,-0.7766384006251101,1.1753846153846155,-0.6565675473751662,-20.548630134115033
s164,15.497195924285485,-0.2179401241923776,-1.0817669970912673,0.7636076345502693,-0.30841009781151896,0.6104364393605486,0.25712452609162467,2.374088729065945,2.0842134831460672,0.12359550561797752,0.0,0.10112359550561797,0.33146067415730335,0.0,0.42696629213483145,0.0,0.0,0.0,0.0,0.016853932584269662,0.0,0.0,-1.1326524144413612,-2.200381298891103,-1.3393570169924531,-1.4750908623275656,-0.7734331740029973,-1.020637151669162,0.8288774214907739,0.17018614385700198,0.3032021755053939,0.19179950284049319,-1.73088188924991,-1.2859631217166683,-0.0853784482322927,11.918320354062418,0.14035087719298245,-0.8330554111951051,0.20175438596491227,-0.7207644487812164,-22.442590946889926
s165,12.71571622039409,1.3516979559815487,-1.247436481605688,0.3943158811108823,-1.614543058511753,0.6530282897114461,0.32800195520510145,1.990928039752397,2.743798449612403,0.0,0.0,0.0,0.6124031007751938,0.0,0.1511627906976744,0.0,0.015503875968992248,0.12790697674418605,0.0,0.09302325581395349,0.0,0.0,-1.431367260289757,-0.5618220646269789,-0.46165012057273463,-0.6609777530581774,-0.16513342257694325,-1.1764794856419114,0.5748017522114337,0.08746474373462897,0.3675871304760204,0.3675871304760204,-1.0294531966213722,-0.8991401852462905,-0.299299654482366,22.757530501182245,3.5128205128205128,1.2471678222111027,24.98076923076923,1.0055539675352685,-21.694013787295624
s166,11.411295530959533,-1.0960993953705145,-0.1095836691901434,0.3349275229882713,0.020154471559247013,0.4104965415961588,0.07056993086455979,5.81687606275253,2.156605504587156,0.28440366972477066,0.0,0.5412844036697247,0.0,0.0,0.1559633027522936,0.0,0.01834862385321101,0.0,0.0,0.0,0.0,0.0,-0.0565266902450363,0.7074125914001956,0.4260785491168433,0.9104562204685053,0.9809029403913272,0.25463287487954234,0.2563257468673304,0.053976197266199684,0.1184298048252314,0.1184298048252314,0.16789997127829415,-0.0863726018942699,-0.28613541801936765,30.897568553693862,1.4941176470588236,-0.37311810963002484,7.464705882352941,-0.3822215175547894,-18.935446502488162
s167,13.615270545582415,0.9367335046066185,0.25896964244484655,0.36305659523549283,-0.012845511255632712,0.5133599358478331,0.28434625372517464,1.8054042531680548,2.3785600000000002,0.0,0.0,0.436,0.0,0.164,0.188,0.0,0.0,0.0,0.0,0.212,0.0,0.0,-0.02533977750234048,-0.3323596874076319,0.1642849340479941,-0.021776647270574902,-1.5079660350942434,0.3474657757008302,0.37528951870090965,0.07090501092269332,0.11025219449340436,0.11143770196107536,-0.36010725819752637,0.2332572527709438,-0.22516976361370547,32.40509363842548,1.4042553191489362,-0.3518339739766322,6.920212765957447,-0.3761636015140306,-19.903714228306868
s168,16.921611881369646,0.12012485760154475,-1.571086930095816,0.6714647295230171,-1.5703533161625536,0.706708722221397,0.30520948275923837,2.315487434506999,2.566572769953052,0.1643192488262911,0.0,0.0,0.27699530516431925,0.24882629107981222,0.30985915492957744,0.0,0.0,0.0,0.0,0.0,0.0,0.0,-1.7405661206577583,-1.5231795404875657,-1.295016370439084,-1.4630341234005337,-0.8062502615730431,-0.6955402288548581,0.6387400687288067,0.14756776750620107,0.2977274251358482,0.30045886940314953,-1.8177244056489035,-1.6090846227783973,-0.29588592804442637,12.39904032425815,0.41515151515151516,-0.4342398964309905,1.9636363636363636,-0.4330907958128081,-23.58382467591309
s169,15.82500696368332,-0.7764744545927748,-0.9562091833812786,0.6382015758490788,-0.3422280336994317,0.5698725250496227,0.24167925228669426,2.3579704077104893,2.1501086956521736,0.18478260869565216,0.0,0.15217391304347827,0.30434782608695654,0.0,0.358695652173913,0.0,0.0,0.0,0.0,0.0,0.0,0.0,-1.1599820462149666,-1.1098190764060738,-1.2167709522042467,-1.2306304379378303,-0.7235491823770355,-0.9169593953719427,0.7471370631607085,0.17824229206556363,0.26982283179657435,0.17679877737155397,-1.4010546905483507,-1.0824874145128662,0.22296881367454038,15.578076955504416,0.23415977961432508,-0.7492599759915828,0.512396694214876,-0.6814777804215421,-22.34616115486217
s170,13.144994770625564,1.3990875851177258,0.41413882398527146,0.2840710954980071,-0.0013688988756192116,0.4660926469903186,0.1586252056092069,2.9383265112266983,2.3929545454545456,0.0,0.0,0.4734848484848485,0.14772727272727273,0.0,0.09090909090909091,0.0,0.0,0.0,0.0,0.2878787878787879,0.0,0.0,0.30114839307556757,0.4611055704591931,1.1481035775598185,1.660108047842575,-0.36987768044146124,0.10764508456491521,0.7437870908373965,0.21052015941723637,0.1678650223418191,0.16367775757364855,0.5003184252678214,0.42065613201940183,2.410077351332136,36.801175001303015,4.677083333333333,0.04941939643067447,23.395833333333332,-0.15641555305588303,-19.801057264854194
s171,13.97602023078759,-0.04529779148700189,-1.2357807986601648,0.4133360277298715,-1.5316427861059105,0.6380243261761259,0.3839187671755945,1.6618732417535351,2.69808,0.0,0.0,0.0,0.516,0.08,0.168,0.0,0.236,0.0,0.0,0.0,0.0,0.0,-1.512572101906617,-0.7175842703215812,-0.4585130384867754,-0.9347288586593551,-0.18537588344471426,-0.969875166877162,0.5616115557757397,0.09561836460942195,0.34443459088679956,0.34443459088679956,-0.9882436165358359,-1.145120223384874,-0.20726587072808372,21.7198756927135,4.5773809523809526,2.27472814999476,38.220238095238095,2.227525235916729,-22.253449673551025
s172,13.84039216674582,-0.8679184923368205,0.07095305871618521,0.5250105470715715,0.6391120603718008,0.4823775660727934,0.3021953104370692,1.5962443804145212,2.020151515151515,0.0,0.0,0.3888888888888889,0.0,0.10606060606060606,0.35353535353535354,0.07575757575757576,0.07575757575757576,0.0,0.0,0.0,0.0,0.0,0.42040219051775535,-0.5256806104845259,-0.8843431416704538,-0.5661641339693231,1.6333660843870144,0.08134566784028689,0.4129250979222923,0.07246287471974108,0.09910385846739257,0.09910385846739257,-0.7649921175062098,-0.2274877344388438,-0.29600900065612984,28.458859671891236,0.1976190476190476,-0.8776962003164965,0.6095238095238096,-0.6921468541600553,-20.760763970805346
s173,14.024123904126203,0.8353607570506149,-0.47799199212097515,0.613017554579762,0.09154428773919968,0.54272757021655,0.2221405296980412,2.4431722160484957,2.0873958333333333,0.0,0.0,0.234375,0.24479166666666666,0.0,0.3645833333333333,0.03125,0.0,0.0,0.0,0.125,0.0,0.0,-0.2284980409482512,-0.935510349262775,-0.9983639824473373,-1.0547412058701795,-0.2504452990731752,-0.636499579474906,0.7379868407660334,0.19970783830026598,0.21300927100983005,0.16026529002175882,-0.9820662383519124,-0.7364536593130772,-0.282554531003915,22.30794390961716,0.19047619047619047,-0.8457723460055105,0.42142857142857143,-0.7033886599011594,-21.67162181633835
s174,14.799626216185397,-0.26174597425427504,-0.852146092650776,0.4141715124036072,-1.1386055091687153,0.6271022826714082,0.22840085014723346,2.7456214907569776,2.5624193548387093,0.0,0.0,0.13306451612903225,0.4637096774193548,0.0,0.2056451612903226,0.0,0.0,0.1975806451612903,0.0,0.0,0.0,0.0,-0.3841684108444772,-0.40694650186124803,-0.5436563961966173,-0.5488033562210928,-0.4932526150037022,-0.8356987299460711,0.7280367223256399,0.11651171808571154,0.3517723129146234,0.23401631908330167,-0.3768753981516498,-0.6302854226081246,-0.3016552344918049,26.275647415227713,0.9254901960784314,-0.3573934270167572,4.662745098039216,-0.37060607241989624,-22.177461512846705
s175,11.9627085433076,-1.3447435364080293,-0.3034448504745036,0.2936837228680773,-0.2750975284635001,0.4467347902760777,0.14205252399628757,3.1448564073930343,2.2998654708520183,0.3273542600896861,0.0,0.43946188340807174,0.11210762331838565,0.0,0.1210762331838565,0.0,0.0,0.0,0.0,0.0,0.0,0.0,-0.16482947398858205,0.9664932777134181,0.9775790347128283,1.2615983080871256,-0.7426866799568624,0.2833264903038015,0.5400666067804725,0.11430839024341537,0.06079370176085127,0.11654449017762367,-0.011763334307801285,-0.1346214936265721,2.2768835688262876,31.74814459033675,3.0814814814814815,0.11422538606885528,21.037037037037038,0.11040046518449953,-19.122497374521355
s176,14.675421960839177,1.8670062914093888,-1.4016528426410158,0.5682388249703514,-1.552697554752954,0.6852514196905197,0.29651357237894865,2.3110288483346673,2.650973451327434,0.0752212389380531,0.0,0.0,0.37168141592920356,0.1902654867256637,0.24778761061946902,0.0,0.0,0.0,0.0,0.11504424778761062,0.0,0.0,-1.3447520879258037,-0.8175673537759954,-1.0925293540377692,-1.186656571541516,-0.735615855780416,-0.5441068275538345,0.8401315721320827,0.1326077227722691,0.333226618935892,0.333226618935892,-1.3746461943693649,-1.325807993595098,-0.3014544182566166,16.41886635448752,0.8035714285714286,-0.15112364482481658,5.067857142857143,-0.13423436178225517,-22.6288012335061
s177,12.112277008830073,-0.47325699430801765,-0.846975893356097,0.38541965456454275,-1.0990420374724272,0.5975031221506982,0.3226225073509175,1.8520193369546663,2.5882786885245896,0.0,0.0,0.09836065573770492,0.4344262295081967,0.05737704918032787,0.1721311475409836,0.0,0.23770491803278687,0.0,0.0,0.0,0.0,0.0,-0.7808694756743747,-0.12301523646165168,-0.17447377510922654,-0.23578834141568042,-0.2280699933274804,-0.5991387071280179,0.6440993474315707,0.14478444178907351,0.28872929985455276,0.18961721585222344,0.47172091244042114,-0.6479536526772074,-0.2424953541884137,28.8103175222666,3.693121693121693,1.3285716627851787,25.53968253968254,1.0169891740095878,-19.985044777482017
s178,11.816095010641943,-1.3983100667197603,1.1716219093167513,0.21801121844898144,0.36880861211902494,0.4706196995511808,0.06367403886670743,7.391076613442983,2.3839933993399343,0.0,0.0,0.5907590759075908,0.0,0.0,0.0924092409240924,0.0,0.0,0.23432343234323433,0.08250825082508251,0.0,0.0,0.0,1.450227202863275,0.8847991685380643,1.7327485012236252,0.6579914829258439,-1.3295289070338765,1.2413260820039265,0.30711930313413965,0.0668048099477843,0.10594711479166619,0.1069015933033028,0.08093104578323569,0.8016348400662298,-0.2813480454620585,39.27473798205882,9.982142857142858,0.9968806419931188,57.767857142857146,0.5226359975849898,-17.780304487807157
s179,15.195630131729423,0.5413563659974834,-1.4145288639421851,0.7593712350186488,-1.0411379506774519,0.5867634472926831,0.5670898161093587,1.0346922667705436,2.242340425531915,0.0,0.0,0.0,0.46808510638297873,0.0,0.32978723404255317,0.20212765957446807,0.0,0.0,0.0,0.0,0.0,0.0,-1.6280122328989588,-1.5399855205323303,-1.3653836578750376,-1.6100755408636473,0.10160097487940455,-0.8501286935798913,0.5688930726703977,0.09621774290046317,0.336513815744575,0.336513815744575,-1.709303443080418,-1.7042425846658122,-0.09255511284900368,9.611717120580625,0.4252199413489736,-0.42218697074481565,2.2463343108504397,-0.38826200088612034,-23.22340610724453
s180,10.217976027342539,-0.20778743614332792,1.8954720249576467,0.2349398484207372,1.1379456739177802,0.47309203746631806,0.10563596533371933,4.478512938010759,2.3790816326530613,0.023809523809523808,0.0,0.3707482993197279,0.0,0.0,0.10204081632653061,0.0,0.1292517006802721,0.0,0.1870748299319728,0.08503401360544217,0.0,0.10204081632653061,1.879179793321943,1.695989313925894,3.512847273156114,1.3297841541073563,1.2544163575499419,1.188469329861339,0.32225990887117295,0.0828830595252717,0.07531392451626699,0.07927781528028104,1.8156503335111265,1.8931233651841815,0.6158198764429333,45.298942713474815,6.8,0.2839422534912105,37.416666666666664,0.04137842112150888,-16.825432514024662
s181,9.164935050667212,-0.04576708357808369,2.07033053627623,0.19995144432035689,1.011148647461081,0.49194494523798477,0.05792178066725526,8.493263493815453,2.4546846846846844,0.05405405405405406,0.0,0.3993993993993994,0.0,0.0,0.07807807807807808,0.0,0.0,0.17117117117117117,0.0,0.0,0.25225225225225223,0.04504504504504504,2.5352905360535303,1.13623238759472,4.157812553652018,1.1075467779134334,-1.5241626085664668,1.492917866112817,0.31440678076223083,0.06979246069683594,0.04690310534416809,0.056068079951649204,0.8383131378805689,1.7349946251649986,-0.25943550057196674,44.94819783356954,11.0,0.5579132328664116,53.84615384615385,0.09606490428934993,-15.866822079162311
s182,16.204309907502534,2.4488499463869484,-0.6299807184698235,0.6804922642320247,-0.10408888805990356,0.6360507567716102,0.2849296045354845,2.232308425123293,2.188229166666667,0.0,0.0,0.0,0.390625,0.0,0.3958333333333333,0.026041666666666668,0.0,0.0,0.0,0.09895833333333333,0.0,0.08854166666666667,-0.38763164128109767,-1.5387500493981756,-0.6966803990009176,-1.3598744217720466,0.27719313513896837,-0.9748008831452019,0.8660991946002978,0.16504791585635664,0.3129645512140345,0.3185532039142851,0.2741422205115564,-0.8282450497862635,-0.2860384001982453,20.70589423633158,0.14035087719298245,-0.8835869308818495,0.5021929824561403,-0.6837619728790058,-23.482935138037483
s183,14.543429230490412,0.4461466886922937,0.04725736739802304,0.5749231141634434,0.8546314608533468,0.4835093642737393,0.14968182918258294,3.230247565213485,1.932910052910053,0.0,0.0,0.38095238095238093,0.08994708994708994,0.0,0.3915343915343915,0.0,0.0,0.0,0.0,0.13756613756613756,0.0,0.0,0.2301921803405705,-0.49038319964127985,-0.8757949670898093,-0.8185602729857743,-0.05877139174782438,0.9951682781136789,0.8881751552475556,0.17556187967755282,0.07579510926685844,0.11967280862172171,-0.1546712394193055,-0.2983285950012118,-0.28963946237906846,26.690927302525367,0.13288288288288289,-0.928332311290346,0.49324324324324326,-0.6986736663930441,-21.550988106282077
s184,15.626611013613358,-0.12189839850075149,-1.335496910624359,0.4083975863716268,-1.579382982831766,0.6110122212271779,0.3941670696399659,1.5501351287038754,2.723333333333333,0.08333333333333333,0.0,0.0,0.39166666666666666,0.19166666666666668,0.1375,0.19583333333333333,0.0,0.0,0.0,0.0,0.0,0.0,-1.0741287572485263,-1.295283924198279,0.2267358531778077,-0.15053218542092048,-0.7522911327825985,-0.3965193038876139,0.7162993239584186,0.11365385015652142,0.3218819196214605,0.3218819196214605,-0.8364582222580264,-1.1061691062428436,-0.2978030554240851,22.088828744092414,5.121212121212121,2.1160457865292623,44.29090909090909,2.1880397716116144,-23.249377754664646
s185,16.199048612610266,0.5850452737108649,-1.4290654753883099,0.8268603806669945,-1.0411664565883825,0.6493569013753796,0.40860949127164453,1.5891870239100385,2.2389839572192516,0.0,0.0,0.0,0.41711229946524064,0.0481283422459893,0.39037433155080214,0.0855614973262032,0.058823529411764705,0.0,0.0,0.0,0.0,0.0,-1.4013691951359573,-1.8615650615476997,-1.4791859417294428,-1.7083331373911401,-0.10073642151926304,-0.8873257243085166,0.6665759693078963,0.11950089117542889,0.3382941241467013,0.3382941241467013,-1.9207119470679737,-1.6767564296591018,-0.3011125426815717,9.231443267758738,0.24885844748858446,-0.6213952511679115,0.8333333333333334,-0.5949545917072466,-23.785924533081648
s186,13.347217752117599,-0.7952383722715064,-0.7726247168257908,0.5177456899192745,-0.4502247417108549,0.543204306706032,0.2236467184807176,2.428849886088832,2.2432178217821783,0.15346534653465346,0.0,0.20297029702970298,0.297029702970297,0.0,0.28217821782178215,0.0,0.06435643564356436,0.0,0.0,0.0,0.0,0.0,-0.9694254791471211,-0.6999164678397234,-0.7624646185709353,-0.784418541227501,-0.8009921535312985,-0.6423593733328856,0.7688889809646641,0.18471723724399003,0.21931603404059752,0.16466123513107594,-0.7556446778183239,-0.780228456816977,-0.22780266824486778,23.32875014280501,0.6210526315789474,-0.4320534970855864,2.712280701754386,-0.4570299107692996,-20.71202883303041
s187,13.574676366449399,-0.6711219725072545,0.39174988475053996,0.3780234950246679,0.3441113174749478,0.42846437104146023,0.09727598933289279,4.4046261978913614,2.1006866952789696,0.0,0.0,0.5622317596566524,0.0,0.0,0.2145922746781116,0.07725321888412018,0.0,0.13733905579399142,0.0,0.0,0.008583690987124463,0.0,0.6412732378569251,1.0499071881199946,0.20662232072320227,0.6548820294832101,1.1309228432081255,0.24949713499271708,0.28169393745624494,0.05950419394497418,0.11871439752293415,0.11871439752293415,-0.4751069949532227,0.2844123089025969,0.2978268207090325,36.1352428733463,0.528,-0.7771732964444489,2.012,-0.6356704014317015,-20.275034756907367
s188,14.965614361857588,-0.4601785278304048,-0.7498667690444284,0.7006772721156752,0.019572039173613467,0.5785000049963961,0.23404656193169512,2.471730412195618,2.0346408839779007,0.03867403314917127,0.0,0.1712707182320442,0.27624309392265195,0.0,0.425414364640884,0.0,0.08839779005524862,0.0,0.0,0.0,0.0,0.0,-0.7114254876340009,-1.2468856129945425,-1.211091925024974,-1.3493133887931426,-0.7909905476778134,-0.9099291502609672,0.7966208819266012,0.19754845081700093,0.24380464555742012,0.16803588231744437,-0.82553821996833,-0.8899654961339752,-0.2774829769087871,15.93158433268675,0.15800865800865802,-0.8331084219440461,0.354978354978355,-0.699505778708869,-22.140136637556186
s189,13.25739132937888,1.976730467842288,-0.26042116791872477,0.2909483193650179,-0.708114665872338,0.5564631243313806,0.24229113246365439,2.2966714409775375,2.635676691729323,0.0,0.0,0.19924812030075187,0.40225563909774437,0.0,0.08646616541353383,0.0,0.0,0.0,0.02631578947368421,0.2857142857142857,0.0,0.0,-0.28348353624719735,1.1202925189299986,0.9942191079063646,1.1777839390063132,0.5778464434163497,-0.21853231119278146,0.6109780603225232,0.1347277481400738,0.32429235350770785,0.2026118266018273,-0.24231075852021813,-0.013781060967169034,-0.20491607819042623,31.0521143620938,5.521739130434782,0.42958399420255666,26.57608695652174,0.01587940614675593,-20.740305969435894
s190,12.43006840855953,0.7645414295230226,0.7616217117746157,0.3770610601895532,0.7597917919211042,0.44344446102528945,0.0825759977093252,5.3701374894222065,2.1197844827586207,0.0,0.0,0.4827586206896552,0.0,0.0,0.22413793103448276,0.0,0.04741379310344827,0.0,0.0,0.15948275862068967,0.08620689655172414,0.0,0.9434539649146585,0.5133293706361558,-0.08143235597161295,0.37385156056033425,-1.2317994973642936,0.5277611459484151,0.29258552578105906,0.07131865939212798,0.10602824299251742,0.10602824299251742,0.38268802506865773,0.718307063028681,-0.20586693490775093,39.19424270472689,0.9076923076923077,-0.5805315744002054,4.2846153846153845,-0.5073722048272601,-19.145429635932828
s191,9.792105345470995,-1.6532491835081888,1.3308261072420338,0.2579724655234595,0.9447285889597111,0.4444930604668443,0.23756519798352724,1.8710360955213037,2.3068965517241384,0.0,0.0,0.32567049808429116,0.0,0.0,0.10344827586206896,0.2796934865900383,0.0,0.0,0.29118773946360155,0.0,0.0,0.0,0.9899497247397873,2.657152014875894,1.5364982890170011,2.3614489761600654,1.4624217761249851,0.9642713957663681,0.3355717927686088,0.08085383031647662,0.06342602214458966,0.06715696462368317,0.16577009349194574,1.5372075514730328,-0.23603250994608546,44.537781042509735,11.796296296296296,1.5822249173733365,82.46296296296296,1.2253187186600571,-16.793234738288557
s192,10.427456680484928,-0.2195833729750601,1.370711727105683,0.26959141704671646,0.7463338005263546,0.5067240432828634,0.13201005862237558,3.8385260075702603,2.39791519434629,0.0,0.0,0.35335689045936397,0.0,0.0,0.13780918727915195,0.0,0.0176678445229682,0.0,0.29328621908127206,0.1978798586572438,0.0,0.0,1.334967223127954,1.0094005057409285,0.8848270801710976,0.8291231378169168,-1.6083727338090894,1.4146627271170766,0.3059391885489201,0.07171794903082512,0.04998271769858799,0.05530002809205479,0.5776902384012975,1.494915051998421,-0.09891687955328195,42.62687379378809,5.519230769230769,0.5666685682612179,30.55128205128205,0.21302338039732668,-16.909281844199416
s193,15.297080063128316,0.06676432858981021,-1.0728406827702321,0.8068084057340845,-0.37291820149757127,0.6327546375972773,0.3654352001350408,1.7315098199720576,2.099441340782123,0.0,0.0,0.0,0.36312849162011174,0.0,0.43575418994413406,0.12290502793296089,0.0,0.0,0.0782122905027933,0.0,0.0,0.0,-1.1048576860776629,-1.5638415001654473,-1.1658708418176045,-1.6759122426763748,0.015447836398512183,-0.9268935860278329,0.7516165262267295,0.1575284202697053,0.32216227109531687,0.32919638181792205,-0.6897486683240838,-1.2936074190769922,-0.29919062140198166,11.80771028254707,0.16025641025641027,-0.7932249355383183,0.3482905982905983,-0.6921896853598407,-22.73712334380998
s194,13.820695653254452,-0.9976075984296682,-0.6850268041088148,0.3931858474065351,-0.6492251562652053,0.5353337267695536,0.22927939177041878,2.3348532226812257,2.393150684931507,0.1643835616438356,0.0,0.2100456621004566,0.3333333333333333,0.0,0.1917808219178082,0.0,0.1004566210045662,0.0,0.0,0.0,0.0,0.0,-0.6153455589938795,0.24816214689828106,-0.38940281710820046,0.0017144205590146511,-0.7490804991984019,-0.7318047330894143,0.6240376980414795,0.15451395985038846,0.1931748076631524,0.14858778934040384,-0.15339435715562424,-0.5999619711319674,-0.301311161465403,29.326515203606643,1.9857142857142858,0.2880824439233676,19.433333333333334,0.6685156109860176,-20.900197310829718
s195,12.728333513111712,0.0070103482876778065,0.9211201889238991,0.2912848315784426,0.6051423846662499,0.42952719830088343,0.08726324725775397,4.922200488736876,2.223529411764706,0.0196078431372549,0.0,0.5294117647058824,0.0,0.0,0.13725490196078433,0.0,0.13725490196078433,0.0,0.0,0.09803921568627451,0.0784313725490196,0.0,0.5890700497765489,1.3693585377400213,1.089074214182778,1.0740602961069206,1.4428004752817072,0.41388558905311446,0.29164962846822656,0.06521800681933608,0.10316525704353288,0.10316525704353288,0.6863418680960215,0.9592892064875472,-0.28997414610482947,41.05820023442518,2.942857142857143,-0.12216205575128168,14.378571428571428,-0.2597935282200699,-19.107785995760768
s196,11.868660512662405,-0.8096440616129984,0.2732432269193673,0.4470673263030784,0.4930986901365143,0.49232437000738527,0.25730938172088036,1.913355691559822,2.124675925925926,0.0,0.0,0.41203703703703703,0.0,0.10185185185185185,0.30092592592592593,0.0,0.16203703703703703,0.0,0.0,0.0,0.023148148148148147,0.0,0.2597513900129318,-0.5353312162541869,-0.44904135623414365,-0.13584621815253436,1.5754302169295882,0.3147881570631816,0.36850562632070283,0.0679100130562998,0.09722444388152697,0.09722444388152697,0.5372786011102783,0.11032379687681138,-0.2751424506537555,34.0621072956977,0.4307692307692308,-0.7235311007333963,1.7076923076923076,-0.608042714572316,-19.183782355139364
s197,13.3524973081823,-0.7856725189762094,-0.12272509392214133,0.46618096711637025,0.421646520667912,0.44307339601775064,0.11019196972377093,4.020922732649633,2.0330964467005077,0.19289340101522842,0.0,0.4416243654822335,0.050761421319796954,0.0,0.28426395939086296,0.0,0.0,0.0,0.0,0.030456852791878174,0.0,0.0,0.21697226357556684,0.029204536545810136,-0.5427838237340717,-0.3425569824018519,-0.7118007890377654,2.563810388677277,0.567748210087697,0.08904603250263231,0.02427465012797387,0.1025077086791173,-0.7944480803065129,-0.3535993684888394,-0.2282462025411583,27.859487416314032,0.22023809523809523,-0.8891578108065352,0.7321428571428571,-0.6910417451431683,-20.1011877357369
s198,11.971586973144461,-0.008150588955925159,-1.2139055592668315,0.4534571344634047,-1.501170488093577,0.6557492456988246,0.3657508139338723,1.7928852670096422,2.731803278688525,0.0,0.0,0.0,0.3483606557377049,0.2459016393442623,0.1885245901639344,0.11475409836065574,0.10245901639344263,0.0,0.0,0.0,0.0,0.0,-0.8686038405506475,-0.6485247643854621,-0.40448576066620257,-0.6357319777996223,-0.27129682806138966,-0.5944208453808005,0.6543365455283922,0.1290569611891381,0.3143791001141049,0.3143791001141049,-0.09891055108845302,-1.0099464791308457,-0.24370865143717307,21.136589562130045,4.060869565217391,2.231569491261718,38.95652173913044,2.628032350795338,-20.400697248206857
s199,11.839216631811256,-0.17738805978134423,-0.5836043718577121,0.35947588163412003,-0.72468221258144,0.4846381009567594,0.2921749129388102,1.6587259189438228,2.4067241379310347,0.0,0.0,0.23706896551724138,0.33620689655172414,0.0,0.11637931034482758,0.21120689655172414,0.08189655172413793,0.0,0.0,0.017241379310344827,0.0,0.0,-0.315050805568006,0.6811991522875163,0.37708066255547174,0.6399136879244385,-0.40545130136662083,-0.5769170987216722,0.6816121169579542,0.16439086310174195,0.1703392795444608,0.14746383016775988,0.5754774218546894,-0.3049420347595764,-0.27118394128741397,32.32503503902972,2.9555555555555557,0.11679428286419927,19.081481481481482,0.06497395582405004,-20.33728659050214
s200,11.071872923488492,-1.5617746092776923,1.2067566237982894,0.2553234273814302,0.7190737309447721,0.45683633209843294,0.13786727637321405,3.3135951047712924,2.299074074074074,0.0,0.0,0.46296296296296297,0.0,0.0,0.12962962962962962,0.0,0.24074074074074073,0.0,0.16666666666666666,0.0,0.0,0.0,0.8305916546542613,0.12782258968923604,1.032806162847766,0.9738145519534929,1.0859129698334766,0.6618774137906737,0.3886211421502256,0.0771594499898693,0.11843972200292303,0.11843972200292303,1.2165509437588775,1.0885526650507327,-0.30065994698893883,40.92714220069292,7.646616541353383,1.1360775662423492,49.31578947368421,0.7649580065885494,-17.88348829912646
s201,12.568906829816152,-1.4445862300679624,-0.13220848455125478,0.24540033559578578,-0.4297499275978542,0.4956608871201637,0.2707616924671932,1.8306167412519787,2.50511811023622,0.2795275590551181,0.0,0.4251968503937008,0.0,0.17716535433070865,0.09448818897637795,0.0,0.023622047244094488,0.0,0.0,0.0,0.0,0.0,-0.31959819517181515,-0.007256726240443828,1.136950808071238,1.5742793849575276,0.702467917851307,0.07266336317871874,0.3237840754107013,0.0679299002348772,0.106902969382488,0.106902969382488,-0.6002660480515094,0.1679372239582207,-0.29850659057318585,29.113249813175926,5.604166666666667,0.5357629256052581,40.177083333333336,0.47615305806558916,-18.917836019933553
s202,14.518283446284578,0.0276985650945054,-0.7797216568680286,0.4172319638671048,-1.1015538567836916,0.6596293392380767,0.21287818701388578,3.0986234357353384,2.6273877551020406,0.0,0.0,0.0,0.46938775510204084,0.0,0.20816326530612245,0.0,0.04081632653061224,0.11428571428571428,0.1346938775510204,0.0326530612244898,0.0,0.0,-0.34331951377310155,-1.1164361530544793,-0.09572589099738044,-0.6211633510598197,-0.4998280153348225,-0.755133351856281,0.651049795511439,0.1270489050675236,0.3630806891607574,0.3674030783174331,-0.2558786782084198,-0.39042367408861317,-0.3016126636010735,27.93943062111636,1.4431372549019608,0.0330656073788615,8.392156862745098,-0.06869105564913218,-21.74492495952721
s203,15.585767373734447,0.45124441035096774,0.3501152359764607,0.4709385822548368,0.7413764528717561,0.4358149650008709,0.06838483586479745,6.372976691243562,1.9832352941176472,0.0,0.0,0.5196078431372549,0.0,0.0,0.30392156862745096,0.0,0.0,0.029411764705882353,0.0,0.14705882352941177,0.0,0.0,0.12248089054276352,0.16385163862026034,-0.6584295467947283,-0.2397863745182917,0.5800320400566363,0.18611217710817363,0.27539479015447066,0.06426988245789712,0.1073592265373927,0.1073592265373927,0.5225554321051333,0.06376305468923406,-0.0887883874492557,32.374900218238366,0.2129032258064516,-0.9051828829835985,0.8580645161290322,-0.6835892822736888,-21.850086989426014
s204,13.92541257331745,-1.0484821352488276,-0.2218395654107537,0.4899414704742525,0.39543648713388024,0.4506240626781178,0.16404403352541558,2.746970145721892,2.0325388601036267,0.16580310880829016,0.0,0.38341968911917096,0.09844559585492228,0.0,0.29533678756476683,0.05699481865284974,0.0,0.0,0.0,0.0,0.0,0.0,0.04733138888116442,-0.09379866106000051,-0.636013896256777,-0.4606794475922261,-0.706245106267216,0.6105920479281107,0.6038838330901855,0.14097898900221253,0.06701176474923151,0.11773888431460576,-0.36957539845651455,-0.4687523108506726,-0.3012047708388102,26.590587823040998,0.23684210526315788,-0.8609256565378134,0.9883040935672515,-0.6612487085022967,-20.863491088313225
s205,13.033226647386378,-0.3785369366327787,-1.4062398412632706,0.3333755005578202,-1.5551856842737917,0.5938158010293954,0.336573861315785,1.764295654772363,2.6734649122807017,0.3201754385964912,0.0,0.0,0.5175438596491229,0.0,0.11842105263157894,0.0,0.0,0.0,0.0,0.0,0.043859649122807015,0.0,-1.3236468541643518,-0.1785946186641074,0.4969116128996691,0.1112942615218259,-0.7151714792897007,-1.051689947867552,0.6022510610979244,0.10824823511994565,0.30159724649912895,0.3061325434389655,0.33127411928112926,-0.919849024136194,-0.06677199742898332,24.350619303289147,4.940740740740741,1.6540021062512407,45.65185185185185,1.9343611220738948,-20.880549457038313
s206,13.735006540929225,0.5535986551486792,-0.6658438426918487,0.392023345074402,-0.894879770320574,0.6068914045771463,0.361292946666272,1.679776508722532,2.582208333333333,0.0,0.0,0.0,0.525,0.0,0.17916666666666667,0.0,0.23333333333333334,0.0,0.0,0.0,0.0,0.0625,-0.287734824346165,-0.5939323963941978,0.5870938573596882,-0.34710241849485546,-0.29715587661959786,-0.6458081908808286,0.7093542772252408,0.1417995716119366,0.34177160744579876,0.3499090266706988,1.4647465032645788,-0.23257659614294396,-0.30040434484697615,32.95435589040345,3.832558139534884,1.37145739807867,28.67906976744186,1.196918067836473,-21.149565348020598
s207,12.56708412426013,1.9274481708243494,1.6781108422874282,0.25952756186076914,0.7134733791875131,0.5943958729966948,0.16885398851880215,3.520176681704548,2.637335423197492,0.0,0.0,0.0,0.3605015673981191,0.0,0.12539184952978055,0.0,0.0,0.18495297805642633,0.0,0.0,0.0,0.329153605015674,2.0569019505468553,-0.026573376997525645,1.8184672538038202,0.08739841028864007,-0.14243929934466493,-0.7748087429894102,0.6468324829387658,0.18097528124611076,0.30728977239973604,0.3172023457029533,2.476040452444844,1.242738490604168,-0.30162839123014124,38.650335559947465,6.63125,0.6192045060728586,34.8875,0.19433691784991486,-19.360646010681545
s208,15.055617144642069,-0.853836169560579,0.15583908491018073,0.56247910664495,1.0925514169340558,0.4343405380086777,0.09050177418566484,4.799248875691939,1.8301612903225806,0.026881720430107527,0.0,0.46236559139784944,0.0,0.0,0.4032258064516129,0.0,0.0967741935483871,0.010752688172043012,0.0,0.0,0.0,0.0,0.2725625458714416,-0.551032094175027,-0.8637024982053456,-0.7102824771676761,1.0587194040951076,0.0551106460041152,0.3157161546713701,0.07114925200770406,0.09997376026141569,0.09997376026141569,-0.9198455706853982,-0.18893503877739812,-0.2783127240552919,26.234294077064806,0.06444444444444444,-1.0061496488505748,0.13555555555555557,-0.742073499078222,-21.735539872685063
s209,13.13137030716577,0.6887729665323741,0.6607002532121515,0.3745107139673548,0.6244369158099492,0.4464224408663486,0.09748189019539394,4.579542312644264,2.14656779661017,0.0,0.0,0.5042372881355932,0.0,0.0,0.211864406779661,0.0,0.0,0.0,0.06779661016949153,0.21610169491525424,0.0,0.0,0.9233768006589577,0.7434471413434022,-0.1347693492503428,0.2792892572450418,-1.38663704290044,0.7072894018782253,0.2906064688369573,0.0652626867226246,0.10958818905629308,0.10958818905629308,-0.19824049874372718,0.5439871419351793,-0.2992256501745446,37.52174531962518,0.948,-0.5757719352088045,4.436,-0.5071802176312477,-19.58079034508013
s210,13.674467163344671,-0.9813982573735837,-0.8005449570117834,0.3778229004075312,-0.7933123776815567,0.5331018857164411,0.24208356180474655,2.202139962507725,2.4301818181818184,0.2,0.0,0.19545454545454546,0.35,0.0,0.16818181818181818,0.05454545454545454,0.0,0.031818181818181815,0.0,0.0,0.0,0.0,-0.7242505357532779,-0.5952047969996302,-0.01030419683466497,0.14158996678900587,-0.8143459776995632,-0.8851845045348831,0.6033602106960723,0.16354125419641746,0.2344011846692319,0.18049098167544722,-0.16105135604026274,-0.6630465982058197,-0.22456779587013337,29.07177375536713,2.0648648648648646,0.21557413581011256,14.443243243243243,0.20734352449650598,-20.770954116694742
s211,13.855343933801313,0.9699582092650085,0.07326236381145981,0.47750830554653734,0.375850712681402,0.4793780646889941,0.15696754086152406,3.0539948709007225,2.1023809523809525,0.0,0.0,0.40476190476190477,0.11904761904761904,0.0,0.2857142857142857,0.0,0.0,0.0,0.0,0.19047619047619047,0.0,0.0,-0.1601875799617589,-0.004790189614739246,-0.49145422140286543,-0.31797588620112105,-0.3720719156863064,0.8999754254775965,0.7899722109641822,0.18433729283143127,0.10021380824813639,0.12883433452497658,-0.13754547010973867,-0.1613758154431041,-0.2590841660290807,30.83731576381123,0.23958333333333334,-0.881898461256282,0.7534722222222222,-0.6922512331256798,-21.060038569844266
s212,11.973806383889944,0.02723891860374813,0.81263935882263,0.4305862619520231,1.2002190356727354,0.4185804563868263,0.10835564702483774,3.8630239205795847,1.9718867924528305,0.0,0.0,0.44339622641509435,0.0,0.0,0.28773584905660377,0.1179245283018868,0.0,0.0660377358490566,0.0,0.0,0.0,0.08490566037735849,0.6455925213553212,0.1571318739787913,-0.2842222037087286,0.195773454727792,-1.4098281944162894,0.2698998379524576,0.3847572656496216,0.07417088566156177,0.10088615446016201,0.10155206967112017,0.8981046815230671,0.6850161128162838,0.3850929616909775,38.826076223308995,0.3737704918032787,-0.818724168382587,1.4360655737704917,-0.6516746939162551,-19.214313980347008
s213,11.488591677560835,-1.0534615927097721,0.6214126979268607,0.3363125290579901,0.6186181441636962,0.3967984874397719,0.1709228085951631,2.3215069463292264,2.111572052401747,0.0,0.0,0.519650655021834,0.0,0.0,0.1615720524017467,0.21397379912663755,0.0,0.056768558951965066,0.048034934497816595,0.0,0.0,0.0,0.7758659243714554,0.5174182110486703,0.5691579688923355,1.0334551226249529,1.4756057273337102,0.4831172922435331,0.2729907235909878,0.05866692968257747,0.09802169588719452,0.09802169588719452,-0.07896130064170337,0.6819236350237733,-0.12212402855422008,38.83119100433608,2.6594594594594594,0.007928627861081075,15.313513513513513,-0.09089486722805241,-18.9121108669148
s214,11.420802013321582,-0.4532697137922021,1.9324724034101843,0.20671614278755754,1.0831440914748105,0.4567837376984772,0.11246023763574751,4.061735483593538,2.3791776315789472,0.0,0.0,0.41776315789473684,0.0,0.0,0.0756578947368421,0.0,0.2532894736842105,0.0,0.0,0.0,0.2532894736842105,0.0,2.045167316430115,0.8136999134491565,2.507179852229621,2.0935861321391065,2.0906330659214367,0.5620840341067974,0.2772152968823978,0.06413341419037556,0.0934606825899467,0.0934606825899467,1.546388463168784,1.802722905523963,-0.107924511870418,44.5865759756427,14.5,1.062322548511099,83.79347826086956,0.5611266073500885,-17.97391097043976
s215,14.181157578704955,0.854790528522131,0.457839093906222,0.38830010755814304,0.4456873628538604,0.45427741677397676,0.17422321891755718,2.6074447458633045,2.1722077922077925,0.0,0.0,0.5151515151515151,0.0,0.05194805194805195,0.21645021645021645,0.0,0.0,0.0,0.0,0.21645021645021645,0.0,0.0,0.667369666721015,-0.17092565734011822,0.04551418527047339,0.08662665226331301,-1.5268133589310342,0.21916185053129478,0.3413651187704943,0.07003695841616515,0.11688788826872806,0.11688788826872806,-0.09669893764140912,0.2720413573267254,-0.2912690355037901,34.986974729635705,1.22,-0.3856210453887611,5.576,-0.42037071682559507,-20.464160665816642
s216,12.16964324138998,-0.6669118373229164,-0.3616641903436901,0.4328382244764063,-0.1185529278519445,0.44896020943474035,0.27347905403694794,1.6416621412405659,2.190287081339713,0.0430622009569378,0.0,0.3014354066985646,0.22009569377990432,0.0,0.19617224880382775,0.23923444976076555,0.0,0.0,0.0,0.0,0.0,0.0,-0.4425250969948608,-0.34662483329258326,-0.4134139972663029,-0.05333870180548991,-0.8290340846205863,-0.09753780984097046,0.7161031386217938,0.16832847830376155,0.13209631939667366,0.13439291505162068,0.10187749981829179,-0.476147779701107,-0.24982796611773173,30.098772130680103,1.2585365853658537,-0.2762562675212742,8.77560975609756,-0.1613082306207305,-20.546952059815602
s217,13.819556484957829,-0.8509187648018842,-0.1202561456094158,0.3396677164467021,-0.4225908030509519,0.5235233882719742,0.44676262779014964,1.1718155362759666,2.5201587301587303,0.0,0.0,0.30158730158730157,0.0,0.30158730158730157,0.14285714285714285,0.25396825396825395,0.0,0.0,0.0,0.0,0.0,0.0,-0.33539964137005046,0.13329525094735026,0.3351941576042249,0.3425301742670605,1.5799590440366484,0.10842309288246717,0.31091920911384374,0.07824380366244765,0.0903869553043931,0.09166001101290568,0.7165823978543299,0.29994229609452894,0.48211163547843705,32.91918513041932,2.9583333333333335,0.20543517452776489,13.868055555555555,-0.11629146543956614,-20.645279605578224
s218,15.111135340483592,-0.021664635428583698,-1.0233330878648073,0.5810656788279522,-0.9278657291471015,0.6116703437058034,0.28257087273409903,2.1646616927902156,2.3503286384976527,0.0,0.0,0.09859154929577464,0.4272300469483568,0.0,0.29577464788732394,0.051643192488262914,0.03286384976525822,0.09389671361502347,0.0,0.0,0.0,0.0,-1.0748477369318243,-1.0413959598155673,-1.1117963454876547,-1.100781960044167,-0.3677252942931284,-0.8969937816606197,0.7347135854110513,0.12891621930323183,0.3456489142056477,0.22284872976538117,0.0010602472250412149,-1.1186610906057628,-0.2987841719339194,21.580900023993053,0.47619047619047616,-0.512241784372519,2.073015873015873,-0.4952068605183882,-22.675690574868597
s219,13.666932374421338,-0.9897917587280548,0.3060240657344939,0.27917783698030774,-0.1891031239802954,0.5046970460086606,0.13568548408831943,3.7196097239123,2.4049084249084247,0.0,0.0,0.4652014652014652,0.1684981684981685,0.0,0.13553113553113552,0.0,0.02197802197802198,0.2087912087912088,0.0,0.0,0.0,0.0,0.3284038534699999,0.15944734725173865,1.058029282462185,0.6994094473863003,-0.4416419567106065,-1.1160025246967857,0.8206661160762121,0.23078916147649944,0.21223308646157876,0.18173095890389793,0.25655954655329355,0.41883654709035145,-0.30070902995827953,34.385610122890895,4.02027027027027,0.40530029511544463,24.06081081081081,0.18894700633180225,-19.69996813819463
s220,12.737730975337247,-0.628767863862549,-1.4715748910623816,0.501014978177974,-1.3937940490759024,0.5938878786171888,0.3358820906738096,1.768143926417144,2.485728155339806,0.27184466019417475,0.0,0.043689320388349516,0.470873786407767,0.0,0.21359223300970873,0.0,0.0,0.0,0.0,0.0,0.0,0.0,-1.7106862499779352,-0.5890845669217618,-0.9270916224674819,-0.8755497196759584,-0.6914891982788167,-0.7842792674973125,0.6674497930629769,0.09369466076952605,0.33188472903490535,0.22046671614277638,-1.1725689381814342,-1.5110713026028806,-0.28078911147777685,17.39257228401362,1.4318181818181819,0.3892668938315183,10.345454545454546,0.3729913881462209,-20.56541179285701
s221,15.174599012268864,-0.7427312516059924,0.2120258408999147,0.4731997601774601,0.7398468824217485,0.4393147163670186,0.069794907033492,6.294366380575701,1.9675124378109454,0.0945273631840796,0.0,0.472636815920398,0.0,0.0,0.31840796019900497,0.0,0.04975124378109453,0.03482587064676617,0.0,0.0,0.029850746268656716,0.0,-0.048511764438672486,-0.2551585683704029,-0.5834495673757091,-0.2010785307758618,1.133623195967374,0.040950741293323316,0.28909456938167694,0.06821727986656058,0.10534158987876907,0.10534158987876907,-0.48572489355939147,-0.02136635266598537,-0.2772271429010754,31.77626005173793,0.15,-0.9464434082161742,0.34375,-0.7260108747454358,-21.47236245537334
s222,11.434487665750174,1.2147665481274763,1.1152749904469017,0.387098914083265,1.2718476382513397,0.43614660849194997,0.05526991652487433,7.891211637630417,2.0672,0.02666666666666667,0.0,0.4488888888888889,0.0,0.0,0.24888888888888888,0.0,0.0,0.0,0.0,0.1688888888888889,0.0,0.10666666666666667,1.1126411413914268,0.18418279065677337,-0.12481883830737732,0.47815128858374273,-1.4614232247396741,0.4221309637029937,0.3787602232802888,0.07911582745580734,0.10299482618265736,0.10336398326574935,0.8628410242785131,1.0954975797897277,0.04056396984778844,42.63916264586142,0.5642857142857143,-0.759875183741943,1.925,-0.6422532045944926,-18.177173865698325
s223,13.627297726940107,-0.8372204910983307,0.04280536154305172,0.4629621580032817,0.24890001158434782,0.498715165614285,0.31878058596037495,1.564446480050941,2.1682949308755766,0.0,0.0,0.3870967741935484,0.0,0.14746543778801843,0.2903225806451613,0.06912442396313365,0.10599078341013825,0.0,0.0,0.0,0.0,0.0,0.06910321779284823,0.1201058559283423,-0.5707273595436122,-0.22408783179152694,1.5169002117931036,0.1720295289793531,0.33688144560051503,0.0714820076127237,0.10838526307828593,0.10873043907535054,0.10185365764507792,-0.10630608412520216,-0.27533265275208757,31.558401205937468,0.4253968253968254,-0.720035000873581,1.5015873015873016,-0.623221542483476,-20.492639747610813
s224,14.203505704493786,-0.834378877407842,-0.6718601932689645,0.262278144730362,-1.2866535619545427,0.6709857829004472,0.24473580601197514,2.7416739456081682,2.889256756756757,0.0,0.0,0.0,0.48986486486486486,0.0945945945945946,0.11148648648648649,0.0,0.07094594594594594,0.15202702702702703,0.08108108108108109,0.0,0.0,0.0,-0.3398905062243745,-0.09636618477414763,0.5951622824063426,-0.27605443610098535,0.03634091913767546,-0.6048491628018405,0.6099912472912796,0.12953417814216175,0.38168278827251934,0.38168278827251934,-0.34935538063468957,0.11783592567659612,-0.2786500037223868,28.972309765964205,7.2727272727272725,1.8201610796528054,43.583333333333336,1.0941481694516615,-21.473708517273963
s225,14.282000452048251,0.03597728984159524,-1.4132295253684983,0.4443649456093129,-1.5865938254878673,0.6083099099325788,0.3956991395729354,1.5373041007597514,2.6128326180257515,0.07296137339055794,0.0,0.0,0.5665236051502146,0.0,0.16738197424892703,0.02575107296137339,0.16738197424892703,0.0,0.0,0.0,0.0,0.0,-1.2659702210465014,-0.7561140208824139,-0.42950374542251735,-0.8386584733423558,-0.4788929110731301,-0.9713535547063574,0.5701915566921576,0.08292117808556428,0.3522085880782175,0.3522085880782175,-1.1185397277237854,-1.4235050007283183,-0.3010309639227908,20.02252179817021,3.764102564102564,1.8726519786665217,30.235897435897435,1.7697842408247573,-22.9763619264372
s226,14.741393125676888,1.7943177686606129,-1.269509264859805,0.48184808749867597,-1.45963583874911,0.6315193721883001,0.3750113818890638,1.684000546882379,2.6122222222222224,0.0,0.0,0.0,0.5726495726495726,0.0,0.19230769230769232,0.0,0.10256410256410256,0.01282051282051282,0.0,0.11965811965811966,0.0,0.0,-1.0707553144169533,-0.9225024324416473,-0.49944418689211634,-0.9814433323029603,-0.17486591777032195,-0.9316731983835057,0.5989728640365652,0.0870411480108181,0.3627098353832859,0.3627098353832859,-1.2577833299930794,-1.2679294297829593,-0.28324627992159923,21.43177626860612,2.617777777777778,1.1454937036784578,20.102222222222224,1.0631691071438252,-23.49615644619751
s227,12.598793595172813,1.5107794285107243,-0.31123815477291544,0.5901955839677804,0.306182462298368,0.6077081035344805,0.23325454600663859,2.6053430209123754,2.180833333333333,0.14583333333333334,0.0,0.0,0.3333333333333333,0.0,0.375,0.0,0.0,0.0,0.0,0.0,0.0,0.14583333333333334,-0.5144407739451053,-1.1137973470511333,-0.6565804408698174,-1.0188102122963563,-0.7014797205392116,-1.1947525217715815,0.658634050948219,0.18973546473104025,0.2981590522053262,0.32954421559536057,0.9855666523028865,-0.40658684148304663,0.010425256427641465,26.17428813211701,0.14814814814814814,-0.9014842162669294,0.3783068783068783,-0.7100512975186355,-19.942147853481078
s228,13.135422491699037,-0.6817261306456017,0.6357664231346911,0.3960995122718684,0.5824928801164663,0.4954139587571272,0.0850618901197504,5.824158833758359,2.1467088607594937,0.0,0.0,0.4345991561181435,0.0,0.0,0.270042194092827,0.0,0.0,0.11392405063291139,0.13924050632911392,0.04219409282700422,0.0,0.0,0.9181441288835863,0.38418013666089545,0.1102195720088877,0.013140838056895665,-1.4042364133237046,0.666610860176494,0.4268750666825615,0.07926137480068465,0.10841096634951497,0.10875081263901189,0.1797839303327269,0.533703744787817,0.34512298204430897,37.00297344524752,1.021875,-0.3834683987129969,5.64375,-0.34862846872289466,-19.35600154849446
s229,13.273247071612252,-0.8232979476444923,1.2939383631555443,0.18554181946377393,0.31052529149376323,0.5077011690258564,0.09885652389161843,5.135737622966348,2.5353726708074533,0.0,0.0,0.45652173913043476,0.11490683229813664,0.0,0.059006211180124224,0.0,0.0,0.2422360248447205,0.0,0.0,0.12732919254658384,0.0,1.7944524880393908,0.667625714325576,2.5797040948242804,1.022304953475922,-0.04907078781071724,-0.9474655401926728,0.7391220783050071,0.199545063132036,0.15704962691842161,0.12108532094072005,0.04061799881816157,1.005978651871764,-0.3009715165652009,34.75511600679261,16.473684210526315,1.056042090067933,98.57894736842105,0.6039721271063654,-19.31982821700711
s230,9.717728647609446,-1.7715712496784901,0.9311603014116294,0.2308356752977529,0.5049582651091783,0.472687542445851,0.12354080941724405,3.8261651730757755,2.379351145038168,0.183206106870229,0.0,0.3969465648854962,0.0,0.0,0.10305343511450382,0.0,0.0916030534351145,0.0,0.22519083969465647,0.0,0.0,0.0,0.697663456072983,0.3524727974360618,1.980153230933195,1.1341027561216692,-1.2958561774437352,1.0786332086327963,0.430374312382833,0.07633304844981309,0.10619975788666798,0.10619975788666798,0.49800123246190553,0.9188429882165214,-0.29449485693487465,38.80562113061824,8.703703703703704,1.0420416959281473,56.416666666666664,0.7076636804082352,-16.639647614431244
s231,12.384679785201769,-0.4990877640625619,0.6324854869726717,0.4305776291830597,0.8425151237520295,0.484943885900071,0.13735606605619222,3.530560388222541,2.0880184331797236,0.0,0.0,0.35944700460829493,0.0,0.0,0.29493087557603687,0.03686635944700461,0.05069124423963134,0.0,0.18433179723502305,0.07373271889400922,0.0,0.0,0.5843898975501456,-0.22625691376765236,-0.3109839834409069,-0.09188047107192039,0.4839334594967975,0.6380888337016867,0.3487198366197441,0.08136336693817266,0.08731158055535773,0.08841679043580529,-0.03679835616848848,0.4954961733190827,-0.14465673323200712,37.571951815897435,0.6125,-0.6235724394971451,1.7,-0.6235993476227956,-19.124129615755344
s232,14.19121182661408,2.1672262236355646,-1.2722037700133249,0.6603470164359557,-1.3157002002676828,0.7194640226286124,0.28465994305051046,2.527450876714852,2.5601826484018266,0.0,0.0,0.0,0.3242009132420091,0.2191780821917808,0.319634703196347,0.0,0.0,0.0,0.0,0.136986301369863,0.0,0.0,-1.2802389847573798,-1.1816552019366768,-1.1639003083357469,-1.4249610406800204,-0.31818541479727763,-0.3962221985781273,0.6888871859353025,0.1654896344868594,0.31872571729377663,0.31872571729377663,-1.2630689595349571,-1.3607016747685843,-0.30164152651612364,16.130385037771582,0.6371428571428571,-0.17853577914175925,3.0028571428571427,-0.3057714449098623,-22.05202611453251
s233,12.220999871103446,0.20892804154721736,-1.1780289971414246,0.4169005330828652,-1.390782025325898,0.6137489671684172,0.3595809291875996,1.7068451559849376,2.6169361702127656,0.05106382978723404,0.0,0.0,0.5446808510638298,0.0,0.1702127659574468,0.0,0.2,0.0,0.0,0.0,0.03404255319148936,0.0,-0.9448754289209477,-0.7341279588467583,-0.09410145891177317,-0.7439374346802852,-0.6105835692884567,-0.857024282332206,0.930493806389996,0.11467795635671127,0.3500934420503236,0.35362973944477133,-0.2658835586927951,-0.9981546398887348,-0.29505176693509355,24.11592625825701,3.935,1.7776863230344966,38.125,2.1929241866020854,-21.089871007465433
s234,12.718840976495212,0.8545232312375962,-1.086351542329228,0.7980591170679204,-0.3973669627541748,0.6129844725497134,0.3367874027810036,1.8200932323716017,2.092099447513812,0.0,0.0,0.0718232044198895,0.3701657458563536,0.0,0.425414364640884,0.0718232044198895,0.0,0.0,0.0,0.06077348066298342,0.0,0.0,-1.0855517176536889,-1.4374734541460124,-1.3498250473689097,-1.6234136661146796,0.2594144468126004,-0.7912860036604062,0.7156213193302641,0.16089211615763324,0.30636232711869904,0.19970828068661228,-1.6683288627008266,-1.3078367838399048,-0.29005466513943745,11.335586000329481,0.22727272727272727,-0.6811113886430848,0.6298701298701299,-0.6407989692487982,-21.198654807814222
s235,9.301158439141952,0.9845716724643292,2.4479788177506365,0.28818340631971073,1.9756705582470266,0.4423778113925409,0.08652470889506644,5.112733888871423,2.2005243445692884,0.0,0.0,0.31835205992509363,0.0,0.0,0.16853932584269662,0.04868913857677903,0.10486891385767791,0.0,0.0449438202247191,0.052434456928838954,0.0,0.26217228464419473,1.8635221239514443,1.8294535180546614,0.8983291076231751,1.2711017402240934,1.2221897747096104,1.0526262153332502,0.40947587906982175,0.09331167068924459,0.0696447238204273,0.08527925365766609,1.38236988965631,2.4073045849892187,0.43892185065782957,50.93563276500092,2.6166666666666667,-0.28958773801237186,10.244444444444444,-0.42878306070704986,-16.344704889092927
s236,15.248772338336403,-1.1464373990795877,0.8240477870475121,0.30602661600863623,0.409470783169619,0.47540690032176397,0.06519020749532982,7.292612166571518,2.247011494252874,0.0,0.0,0.5402298850574713,0.0,0.0,0.1839080459770115,0.0,0.0,0.19540229885057472,0.08045977011494253,0.0,0.0,0.0,0.5983069357499028,0.6027333886916798,0.13439988407064182,0.3682729033545228,0.5788476058505666,0.6108460698298084,0.27394952492346675,0.06410020690113373,0.10415743421087499,0.10415743421087499,0.888702812560836,0.7654464682455271,-0.28899339914961286,38.03496775232759,2.8645833333333335,0.19536649374941933,15.5,-0.023027062330105836,-20.354955565366687
s237,12.406877684745794,2.9395625921144255,-0.6092864231051811,0.37626254632284684,-0.963909661758681,0.6246799551702907,0.27472461991961084,2.2738404565017976,2.6720622568093386,0.0,0.0,0.0,0.5058365758754864,0.0,0.1517509727626459,0.0,0.0,0.01556420233463035,0.0,0.22178988326848248,0.10505836575875487,0.0,-0.7436231088677728,0.023110668645657015,0.23966047567589066,-0.1689614753321301,-0.17855756141773862,-0.5243390644243333,0.8541068316035685,0.17003645567959738,0.322493034918186,0.32457363514346466,0.01625613624631664,-0.057705255320333534,-0.2867874789761907,31.81097489470605,2.5961538461538463,0.30174537930321166,10.98076923076923,-0.13563391341676326,-20.574888008173755
s238,12.489492971562097,0.5338175961813527,-1.170233199186445,0.29392308391680194,-1.5765388844251773,0.6092492734408688,0.3914600564989852,1.5563510588785914,2.7876779026217227,0.02247191011235955,0.0,0.0,0.6217228464419475,0.0,0.08239700374531835,0.0,0.20973782771535582,0.0,0.0,0.06367041198501873,0.0,0.0,-1.2354094704094736,-0.4796775815363603,0.9638932530230474,0.08223453164241376,-0.026882474953960678,-1.2187509212732177,0.5585628547138421,0.08377651060722607,0.3624568197793543,0.3624568197793543,0.2749310366412932,-0.9331053483081323,-0.17978122074877542,24.87892910855786,16.636363636363637,4.75086543431929,180.60227272727272,5.989595838852329,-21.814975990020212
s239,12.27491106220577,-0.20875603408143462,0.7872459453248389,0.29490639985618106,0.6506646846088223,0.3791846742178258,0.1595519977185619,2.3765586118619457,2.1586721991701245,0.0,0.0,0.5394190871369294,0.0,0.0,0.0995850622406639,0.23651452282157676,0.0,0.0,0.0,0.07883817427385892,0.04564315352697095,0.0,1.111378932309811,1.5432717467358181,1.9439833272841374,1.9158106023259893,1.2681258748252922,0.8319612039946177,0.2962522397435104,0.06506121544996417,0.10276895407246377,0.10276895407246377,0.44623943402846367,0.8387018508793065,0.20407224207395028,39.70553730628082,4.866666666666666,0.10270307806051411,27.691666666666666,-0.041292829258191284,-19.386057842074095
s240,11.389896099526135,-1.2040559856452084,0.7149308701078739,0.37360301966770165,0.9163798206848409,0.417006750243623,0.21585915184514995,1.9318465150959618,2.0838073394495416,0.0,0.0,0.3944954128440367,0.0,0.0,0.21100917431192662,0.24311926605504589,0.0,0.0,0.15137614678899083,0.0,0.0,0.0,0.6698426589163715,-0.19798313527814493,0.14622813592044337,0.4868750078780476,1.33186820034896,0.6380185508574534,0.3912618854355521,0.08181316517236864,0.10026141222537235,0.10069923498618184,0.8977304980570957,0.615536480429107,-0.2826250047312307,38.9745331579548,2.4217391304347826,0.18697015196109093,15.47391304347826,0.10428956461167173,-18.795894333725496
s241,10.1475330547508,-0.29153123433220723,1.7879959116728437,0.24949981113939024,1.2276950095939063,0.43751666389222243,0.09301378366009992,4.703783102631742,2.2627338129496404,0.0,0.0,0.44964028776978415,0.0,0.0,0.1223021582733813,0.0,0.24100719424460432,0.0,0.0,0.0,0.11151079136690648,0.07553956834532374,1.5732432513573607,1.362159207157347,1.9548649993362943,1.0621845549352535,1.3030746244406592,0.5312481533365077,0.307005565661457,0.07747218328182202,0.08954381061520304,0.09225725942172434,1.091397780060167,1.6962217320672563,0.3190756870115142,46.06770379185272,5.926470588235294,0.37213097874705087,34.463235294117645,0.14151067578803325,-17.321199982617035
s242,13.433797932980111,-0.7855919165999284,0.16293355804317627,0.439703185761263,0.4034083207132293,0.4440634196754156,0.04702178341457578,9.443780891087282,2.0332710280373836,0.07476635514018691,0.0,0.5327102803738317,0.0,0.0,0.2803738317757009,0.0,0.0,0.11214953271028037,0.0,0.0,0.0,0.0,0.12865115617148673,0.8014893893762143,-0.5184577289339706,0.007431510225161535,0.4646391574836507,0.020931666987787315,0.2988275563397476,0.06709381179018216,0.11778060361997075,0.11778060361997075,-0.721991788973054,-0.02819772553806932,-0.29996584138181964,31.96550038446337,0.14333333333333334,-0.9661816630565794,0.4533333333333333,-0.7202946244788633,-20.176504132856827
s243,13.196921386745885,-0.1793470077420104,0.010737652553985727,0.2863430440335888,-0.1192080538898639,0.4103101197416986,0.06527807184415328,6.285573518796398,2.241898734177215,0.24050632911392406,0.0,0.5780590717299579,0.0,0.0,0.0970464135021097,0.0,0.0,0.0,0.0,0.08438818565400844,0.0,0.0,0.354302355006866,2.2386257863349486,0.9084814834855197,1.6031899429984757,0.8646786000478615,0.6647744513634893,0.28009177515720896,0.0543264255326108,0.13873339957079542,0.13873339957079542,0.3231569695206299,0.051088295073986136,-0.22188851619655692,31.909532237934236,2.4695652173913043,-0.37592581300235656,14.539130434782608,-0.31684821400650537,-19.960721244423937
s244,12.94093621616959,0.2606115196126448,-0.9118533327455287,0.5831515621972212,-0.7692060706445554,0.6015010396270343,0.25452262444183354,2.3632517578589414,2.3079425837320575,0.0,0.0,0.1339712918660287,0.3875598086124402,0.0,0.3062200956937799,0.04784688995215311,0.0,0.09569377990430622,0.0,0.028708133971291867,0.0,0.0,-1.0105752950930271,-0.8230775039290023,-1.0796913217861066,-1.028672561877451,-0.392791819171497,-1.0701861198816947,0.6151935511168459,0.15209471367066063,0.32536679040241767,0.2121901442808102,-0.5098922438506596,-1.0325394252312026,-0.07444581880149655,22.10576470627363,0.334375,-0.6830588587924977,1.453125,-0.5748060524801264,-21.219936889316745
s245,14.722410188660593,-0.8263254327011734,-0.34075319142308863,0.48932694637782714,-0.037246471706517646,0.5175913466143349,0.21460174236077398,2.4118692649950404,2.178125,0.07211538461538461,0.0,0.30288461538461536,0.17307692307692307,0.038461538461538464,0.2932692307692308,0.0,0.1201923076923077,0.0,0.0,0.0,0.0,0.0,-0.43828954794233677,-0.9366218194071837,-0.5320860717073161,-0.5081637285160953,-0.751717698677885,-0.1124742981322241,0.8298669420479234,0.1723315576735448,0.1241665458073287,0.1321612963862746,-0.4832988724182534,-0.47484984602567415,-0.28964330293306173,27.883814495261596,0.26229508196721313,-0.830853721381746,1.0918032786885246,-0.6481445201299094,-21.522562011203878
s246,10.918840628069072,0.29086825322278437,0.9806987275796182,0.4301126093806625,1.2838390542466964,0.4798546874248393,0.12319205727378771,3.8951755335848324,2.0337327188940097,0.0,0.0,0.3087557603686636,0.0,0.0,0.31797235023041476,0.09216589861751152,0.0,0.05069124423963134,0.0,0.0,0.2304147465437788,0.0,0.8674781935766274,-0.013113203446659524,-0.3474703242332258,0.08090859402291216,1.340577091545841,0.5367772529153021,0.30473028427805277,0.07913805528353403,0.07469593258675682,0.0783285615271462,0.9440908052472603,0.8824133870786203,-0.25158986287901336,40.28993443866366,0.5855072463768116,-0.6438250849774387,2.4608695652173913,-0.5632646148132923,-18.06013829922115
s247,9.332246370192067,-0.39194681210229815,0.26350275042220456,0.3295191025567126,0.17275031755516437,0.5133250574690362,0.24934878861355467,2.0586627283142604,2.3862231759656654,0.24034334763948498,0.0,0.33047210300429186,0.0,0.16738197424892703,0.18454935622317598,0.0,0.0,0.0,0.0,0.0,0.0,0.07725321888412018,0.5264338073776206,0.9324918179697698,0.27716545416935623,0.8227584911884507,0.7445573748736171,0.4749960355380003,0.2923840985613253,0.07407943321147813,0.08630171025836968,0.09324054123391698,1.5825696524307766,0.9102626754660925,-0.30084968823697783,38.69408637261382,1.3627906976744186,-0.3870622161652037,7.879069767441861,-0.33164705442355746,-16.62499542985015
s248,12.732956524212762,2.051897597367518,-0.5634207485123199,0.425475885689585,-0.6916998751331417,0.5685334935142049,0.25556909971685604,2.2245783787792845,2.4687878787878788,0.0,0.0,0.1774891774891775,0.3939393939393939,0.0,0.19047619047619047,0.0,0.0,0.0,0.0,0.23809523809523808,0.0,0.0,-0.3084889849901319,0.03563846750862864,-0.06262673386085747,-0.16675265777103807,-0.3950240266583769,-0.675707526737455,0.655105531864297,0.14946416246333347,0.2950375664611634,0.19732924106285984,0.030674293598475115,-0.6431279999879217,-0.2928308268419224,29.4529713691769,1.8136363636363637,0.1144874934750757,7.759090909090909,-0.21389226033164943,-20.87245838906029
s249,12.900495848007038,0.03949245278721612,0.3994072060232543,0.41176914627416616,0.7152922831722244,0.41802375695190885,0.2320710232836094,1.8012751055139284,2.0891904761904763,0.0,0.0,0.3333333333333333,0.12380952380952381,0.0,0.21428571428571427,0.2571428571428571,0.0,0.0,0.0,0.0,0.0,0.07142857142857142,0.26804834057052884,0.24502266998043884,-0.10036483650945724,0.34121042579782096,-0.41729662959598185,1.9686865974319672,0.614175688642668,0.10872747274151744,0.034717191611436306,0.0880876744118306,0.8918222481926283,0.46042722967457744,-0.09328208821647478,38.55851841374186,0.9333333333333333,-0.5467012438418297,3.551111111111111,-0.5423702962523353,-20.311929305058033
s250,10.990773594576075,-0.10830289718606827,0.5945763228884223,0.4109156670809887,0.9002086392560363,0.4534116999222284,0.2103963746232401,2.1550357069324955,2.1096226415094343,0.08018867924528301,0.0,0.36792452830188677,0.0,0.08018867924528301,0.25943396226415094,0.10849056603773585,0.018867924528301886,0.0,0.0,0.0,0.0,0.08490566037735849,0.46704329233267045,0.4972811960767378,-0.22665757353258287,0.310129265074667,1.0073689226754268,0.24848409825188764,0.43113606173042895,0.07807191453238795,0.09967449068560583,0.10114570088022731,1.2001088525760117,0.6491680769442385,-0.1742603779661705,38.50792027084732,0.4036363636363636,-0.8129928327624941,1.8690909090909091,-0.6269093190513807,-18.2908289451548
s251,15.074891558377853,-0.8337620103873198,-1.6607477317389645,0.3129044142198346,-1.834789991082365,0.593115213276457,0.38737360581558383,1.5311193234957265,2.718859649122807,0.34210526315789475,0.0,0.0,0.5614035087719298,0.0,0.09649122807017543,0.0,0.0,0.0,0.0,0.0,0.0,0.0,-1.9665574939866362,0.35376189135913294,0.11373554945184076,0.2940953498661939,-0.6577740443480102,-0.9076874880985438,0.4639828421256457,0.06846600318441265,0.32579630832841605,0.32579630832841605,-1.4185731006342333,-1.4968770059749439,-0.28797858322995623,20.109511887749356,8.909090909090908,3.4139550575289412,108.36363636363636,5.068621931862006,-23.16191337748571
s252,11.504614667552373,0.9345150200978081,0.9179233839531696,0.4293421006095204,1.215615157866669,0.48418272632290327,0.08035139977552473,6.025815700480015,2.057351598173516,0.0319634703196347,0.0,0.3424657534246575,0.0,0.0,0.3105022831050228,0.0,0.0,0.0,0.0,0.1187214611872146,0.1963470319634703,0.0,0.8521834537001172,0.6272049805758697,-0.18868305565041624,0.1066936415809457,-1.5994567252615481,0.634382758570908,0.31343878750598825,0.07974563754604402,0.08126724484581137,0.08372988862901777,0.9019835119118412,0.760206331631547,-0.21584588679826983,39.675469664306966,0.3264705882352941,-0.8391963716169751,0.8558823529411764,-0.6913491575837891,-18.36403387539604
s253,13.16261373539625,-0.8822500570910494,-0.0036078135213087085,0.37219156139370385,-0.4105806564428685,0.6081518500223749,0.3273168920194924,1.8579910320856836,2.5224436090225564,0.0,0.0,0.3458646616541353,0.0,0.2744360902255639,0.23308270676691728,0.0,0.0,0.14661654135338345,0.0,0.0,0.0,0.0,-0.04206743624570875,-0.28113386850915995,-0.21481774860431474,-0.25808357211986677,-1.5310936199088876,0.4075234445871931,0.2715253569264754,0.07082861314082253,0.10333537444042422,0.10546161671286093,-0.6574533566611381,0.09380779671480426,0.647469877960096,29.910764250659756,1.092741935483871,-0.32894898281159685,6.19758064516129,-0.30462896659674843,-19.489785918903074
s254,13.358955187614379,-0.9215021400307296,0.01961236027030691,0.32452522798671624,-0.19339731579519961,0.4808956530675267,0.12108220387767045,3.971646019537077,2.303360655737705,0.10655737704918032,0.0,0.4672131147540984,0.12295081967213115,0.0,0.16393442622950818,0.0,0.0,0.13934426229508196,0.0,0.0,0.0,0.0,0.08979758756919126,1.074391887534658,0.4693142953277927,0.7840259401801408,-0.7133642690360986,0.6501520032138162,0.6816932858477525,0.1697571591691874,0.10013059526275928,0.14317084222405493,-0.40771889511922244,0.20577178150002956,-0.1640996771746285,34.79711363703033,1.6222222222222222,-0.3005845707182227,9.338888888888889,-0.2803960213764513,-19.743287582359166
s255,13.437636845905253,-1.0156329006984899,0.26514781161758094,0.4366373342643736,0.6930294945506135,0.4182960714071987,0.0873993530801433,4.786031665745059,1.98803738317757,0.07476635514018691,0.0,0.514018691588785,0.0,0.0,0.2803738317757009,0.0,0.1308411214953271,0.0,0.0,0.0,0.0,0.0,0.21928851853643958,-0.22960802485865828,-0.5847754466907115,-0.09473946340457391,1.180221369064902,0.07194981608877687,0.30578173342930315,0.06697727225439058,0.108104332428737,0.108104332428737,-0.291726983267905,0.03028651736284583,0.17642402431832516,33.001031538941945,0.48333333333333334,-0.7066244136393531,1.9666666666666666,-0.596734015513468,-20.456925991740576
s256,10.73669719586372,0.31262594303757896,1.3094774371671922,0.3757670599756844,1.4674250021003759,0.4209615968505197,0.09912263903537531,4.246876404292315,2.034690265486726,0.0,0.0,0.415929203539823,0.0,0.0,0.24778761061946902,0.12389380530973451,0.0,0.07079646017699115,0.0,0.0,0.0,0.1415929203539823,0.8741006757394624,1.0635464141932822,-0.11254226042872324,0.7728391622609704,1.2215680868799959,0.39832336572826343,0.31311480678524956,0.07360090750875986,0.08427799171480302,0.08776055335591058,1.2731908694414074,1.3673834241854261,-0.19071671454980463,44.79869250238066,0.503968253968254,-0.8061212389275793,1.6349206349206349,-0.6639517664510645,-17.768504612400548
s257,14.579171350603042,1.4171131492034204,-0.12700456415346234,0.42991253370303606,-0.10729622352664889,0.5121330278165812,0.1941700582080973,2.6375489225414683,2.2815999999999996,0.0,0.0,0.3288888888888889,0.22666666666666666,0.0,0.2222222222222222,0.0,0.0,0.0,0.0,0.2222222222222222,0.0,0.0,0.03756758811119556,-0.5587619114225713,-0.24423077339508067,-0.08332610973537131,-0.393967335925415,-0.2758794490280425,0.7595416000335681,0.1860527514703289,0.1887606463346513,0.15604991322619222,-0.2660022977433902,-0.3448803633368482,-0.30106592446040126,31.411166802805305,0.892,-0.47579937968362673,4.476,-0.4355062900687381,-21.636609940397
s258,11.727627497373724,-0.922528163280384,0.6743713358793797,0.4488817939617953,0.9744770736210334,0.5239896436788678,0.12304215285247468,4.258618949126499,2.081627906976744,0.03255813953488372,0.0,0.2744186046511628,0.0,0.0,0.3395348837209302,0.0,0.09302325581395349,0.0,0.2186046511627907,0.0,0.04186046511627907,0.0,0.5849056416326175,-0.6925765808386918,-0.5058622040556832,-0.23517215441306233,1.024064519344827,0.6267645987762215,0.35803675628586284,0.08153632810658426,0.07608333463704654,0.08240479864249849,-0.07104772948425629,0.4427358364392912,-0.2514854229680036,36.69569603229309,0.5808219178082191,-0.586409927896803,2.717808219178082,-0.5124914844432688,-18.60059101905129
s259,14.115353525303721,-0.9879902467664721,-0.1032037772198946,0.5864126062697189,1.019157017456064,0.4333155659199479,0.07030620524304565,6.163262039559579,1.8276404494382024,0.15730337078651685,0.0,0.43820224719101125,0.0,0.0,0.4044943820224719,0.0,0.0,0.0,0.0,0.0,0.0,0.0,-0.12137271616453617,-0.4053327661663391,-1.0172503404509627,-0.7958344329189604,0.9734351096533556,0.018808467747853153,0.34918528287317485,0.07146164628894146,0.10475874149158113,0.10475874149158113,-0.6292233468934302,-0.44288329374598856,-0.26275543182944117,21.482501741239865,0.02546296296296296,-1.0484812101586807,0.05555555555555555,-0.751306144800067,-20.945423624206537
s260,10.9739487650768,1.9064040143398335,1.734841799663744,0.31569764380184484,1.2684660731806707,0.4841558359831221,0.1702361048145483,2.844025575600144,2.3125555555555555,0.0,0.0,0.3148148148148148,0.0,0.09259259259259259,0.17407407407407408,0.03333333333333333,0.0,0.0,0.0,0.16666666666666666,0.0,0.21851851851851853,1.4181390862460768,1.2430769572687514,1.0076446655098208,1.0117848416266069,-1.5294756908368177,0.6295065344807329,0.3457988553666137,0.0812714843764471,0.060611442659638866,0.07211994443045637,1.4331458228225382,2.2026625676179346,-0.18959449949893661,47.98162286999011,1.622340425531915,-0.5085754462171581,7.441489361702128,-0.4792854259514877,-17.428759428379617
s261,13.802081327974456,-0.42190372515086355,0.38571252776198783,0.4481410237242729,0.769137624184416,0.42188634456345236,0.09301192700063646,4.535830599021623,1.9782159624413147,0.0,0.0,0.5211267605633803,0.0,0.0,0.29107981220657275,0.0,0.13145539906103287,0.0,0.0,0.056338028169014086,0.0,0.0,0.3073618389095495,0.2223200407296506,-0.5331873936416783,-0.11707429887483649,1.1824844583708798,0.04754904805799432,0.29150700817622915,0.06261443776414485,0.1027265092006039,0.1027265092006039,-0.34685404030796013,0.12895474354565403,-0.24067101164108215,34.28643671451765,0.5193548387096775,-0.6754951782846119,3.3516129032258064,-0.48048626504399305,-20.65616574581777
s262,11.48760247521933,-0.5577304209288659,-0.2250251585849964,0.3643616647086389,-0.1874090344823792,0.41919775045462027,0.29217107739052994,1.4347681303659647,2.2362331838565024,0.0,0.0,0.34977578475336324,0.20179372197309417,0.0,0.1210762331838565,0.3273542600896861,0.0,0.0,0.0,0.0,0.0,0.0,-0.08811396523666892,0.28000671963270196,0.7882745511772276,0.7170710131299899,-0.1339288046535201,0.40029396683466517,0.6016595805145603,0.1612349397443302,0.09622378687665246,0.1212208383762753,0.03200862968121763,-0.09073880895989679,0.6435284975722739,34.72655542966749,2.3851851851851853,-0.1757990978083394,11.688888888888888,-0.2863169574803691,-20.140400407521465
s263,10.129650089905262,1.8546694228152065,1.8691829132321434,0.3350037997296292,1.6580053231738934,0.4426402239670291,0.05147632692244387,8.598908477559544,2.146265060240964,0.0,0.0,0.39357429718875503,0.0,0.0,0.20481927710843373,0.0,0.0,0.0,0.0,0.19678714859437751,0.0,0.20481927710843373,2.0974845298813944,1.4021837962124803,0.7638965857382066,1.0681559539920944,-1.580611408247532,0.837251058357146,0.3865856666200256,0.07527453869221905,0.07080924894397883,0.0761871665852937,2.256598919715091,2.0586527200072164,-0.2817622221292699,49.313722050101006,1.5137254901960784,-0.4675455452948321,6.686274509803922,-0.4703009650011529,-16.86996628366655
s264,11.913598209784821,2.734862340308663,-0.6396088524200385,0.5369964973338294,-0.6086494669548044,0.6384666643293776,0.24929207801242498,2.561118946978956,2.4245495495495497,0.0,0.0,0.0,0.42342342342342343,0.0,0.28378378378378377,0.0,0.0,0.0,0.0,0.17117117117117117,0.12162162162162163,0.0,-0.5223223755445346,-1.0686278469946677,-0.9253908124948866,-0.7824979711808473,0.05534419180006448,-0.4800274717079514,0.8476326499078263,0.15917603815783068,0.343534531388433,0.3479529819529144,-0.7572900606136116,-0.5739008334357394,-0.2253080227759369,28.29933984167051,0.6,-0.4769024199880768,2.746031746031746,-0.46444980255204693,-20.742711619677962
s265,12.112656967708219,2.0402133841233088,-0.7864711970597433,0.5325186777429138,-0.7121157915002995,0.5936101070984592,0.2736741220747981,2.169039961097305,2.382394366197183,0.0,0.0,0.1267605633802817,0.4084507042253521,0.0,0.26291079812206575,0.0,0.0,0.0,0.0,0.20187793427230047,0.0,0.0,-0.814076716943498,-0.47343656931035066,-0.950261796926846,-0.797215313822427,-0.3861957741740377,-0.723586275408256,0.6933031961504391,0.14140910572852206,0.31370148434359335,0.19768295957853488,-0.5138941084791975,-0.9718128796440871,-0.1917630884522877,24.510016721580225,0.8535714285714285,-0.24656252873735943,3.0892857142857144,-0.4370994522730201,-20.595366957166654
s266,13.201494455808424,0.4344787865460433,-1.3979596477506662,0.6162838238406443,-1.4335079229021739,0.6577225357576655,0.3637255262938523,1.8082935846143893,2.4860180995475116,0.0,0.0,0.0,0.5067873303167421,0.03167420814479638,0.28054298642533937,0.0,0.14027149321266968,0.04072398190045249,0.0,0.0,0.0,0.0,-1.4082003987207312,-1.31055438491065,-1.014490343898452,-1.3519798017618563,-0.2571736049311296,-0.9034428873897429,0.6039586579444362,0.09156337357544607,0.36091981777153076,0.36091981777153076,-1.5414138552883674,-1.511317765716449,-0.2836766851602027,16.657594313362985,0.7225806451612903,-0.13578786411148916,3.132258064516129,-0.3223481307760785,-21.9865113361999
s267,11.875306356074455,-1.1356524815262714,0.5827626565632963,0.4326669459106172,0.8923674279881418,0.47024930181429275,0.14840238743874096,3.1687448559977316,2.051296296296296,0.013888888888888888,0.0,0.37037037037037035,0.0,0.0,0.30092592592592593,0.05092592592592592,0.10185185185185185,0.0,0.16203703703703703,0.0,0.0,0.0,0.5257631081682977,0.00566202898499032,-0.24279048943477508,-0.046053074003868474,1.1112031852836215,0.38974626922831646,0.37116276995442193,0.07797178529219163,0.09075590513481392,0.09160145704600785,0.24043851831222374,0.37316954921023615,-0.2606813395879755,36.840395554633375,0.8584615384615385,-0.420035194188701,4.018461538461539,-0.4293682409678075,-18.993335432451406
s268,10.925516578961583,-0.23217988689650573,0.8174158856355704,0.39638917624742126,1.1611559289660693,0.40559643978639515,0.18381892301043626,2.2064999247295534,2.017943925233645,0.0,0.0,0.3925233644859813,0.0,0.0,0.2383177570093458,0.22897196261682243,0.0,0.0,0.0,0.0,0.14018691588785046,0.0,0.6844292554706115,0.22882629230303855,0.07526013881644171,0.3165817321351181,1.3333917513166775,0.6407642023465597,0.4176252801350676,0.08176164545020223,0.09233376883888167,0.09418044421565933,0.37719704039505275,0.6900169704595344,-0.28660418615888916,39.722214538210466,1.2705882352941176,-0.3457509937415092,8.60392156862745,-0.228718504751717,-18.57298059991068
s269,14.336115127571876,-0.6628682801624001,0.04117328405618162,0.599814919846236,1.2618428518336333,0.4530722567104115,0.07156207280946458,6.33117849893372,1.8092090395480227,0.12994350282485875,0.0,0.3898305084745763,0.0,0.0,0.4350282485875706,0.0,0.0,0.0,0.0,0.0,0.04519774011299435,0.0,-0.007684887119520427,-0.7461892222449734,-0.9799697464332953,-0.8462352367030433,1.0095256813310762,0.07740128592867178,0.35044811604251774,0.0751115389182157,0.09460135828368155,0.09460135828368155,-0.9245836104817075,-0.261229317539549,-0.20863241261233836,22.07750485075717,0.021645021645021644,-1.0522255134140355,0.047619047619047616,-0.7521239415082616,-21.069170229606637
s270,12.137209693702083,-0.9656405844689121,-0.444424359582842,0.4988946011547188,-0.19882796449038728,0.5613937324333067,0.330941483915639,1.6963534634310542,2.275,0.17307692307692307,0.0,0.3076923076923077,0.0,0.21153846153846154,0.3076923076923077,0.0,0.0,0.0,0.0,0.0,0.0,0.0,-0.5398537030307295,-0.11669485253299544,-0.7144299822915616,-0.4862056061616725,0.6924625585708453,0.017742069059095235,0.34514488654239317,0.07710526053275632,0.10008935066903775,0.10365240198735298,-0.4231754380813089,-0.49864098323181294,-0.29140691845638494,25.593001407631625,0.153125,-0.9225607435976773,0.290625,-0.7267697902712154,-19.207560529649285
s271,13.301578983924474,-0.532781285728733,0.5719870756034969,0.5119937079733042,1.3504082055582267,0.5189952619494053,0.09891305480693607,5.246984464916271,1.9676923076923076,0.11282051282051282,0.0,0.2512820512820513,0.0,0.0,0.4,0.0,0.0,0.0,0.1794871794871795,0.0,0.0,0.05641025641025641,0.8149350154158318,-0.0962910240900159,-0.7903381442476088,-0.3370057919219114,0.7049793800504289,0.273979560082699,0.40319559864383125,0.08284718244115744,0.07260345664752163,0.07883623598849217,-0.23399359605948863,0.31259922751661784,-0.28619858580384167,33.965755841330704,0.1047008547008547,-0.9724563680482453,0.24572649572649571,-0.7317347368972194,-19.65184309682283
s272,13.785251630063064,-0.9033583223331092,-0.023584948978363225,0.6119048179949081,1.2507619046227685,0.4225163133709517,0.11508522761597807,3.6713340375953765,1.7736,0.09142857142857143,0.0,0.42857142857142855,0.0,0.0,0.42857142857142855,0.05142857142857143,0.0,0.0,0.0,0.0,0.0,0.0,-0.10649241909898646,-0.5230426629017872,-1.033136224765209,-0.9221222083240697,1.0879508465597425,0.024259859485915924,0.3237851043907659,0.06718515243033016,0.09572977487463355,0.09572977487463355,-1.2009492178516128,-0.32262742004903155,0.06814700133427953,20.38661612428733,0.02666666666666667,-1.0457928527414602,0.05333333333333334,-0.7513372101686648,-21.12049940018463
s273,11.576493550748882,-0.6069305628405683,-0.05923774471907891,0.3471101707791613,-0.19386855141753023,0.480150565154741,0.2137035963180335,2.2468061999302127,2.317974683544304,0.0,0.0,0.35443037974683544,0.22362869198312235,0.0,0.16033755274261605,0.05063291139240506,0.18565400843881857,0.0,0.0,0.02531645569620253,0.0,0.0,0.28743440533582487,0.7607217679505383,0.2602654848071276,0.7410250889990944,-0.33957846945187736,0.4866037765969833,0.5376167229228116,0.1665828306077723,0.12791240349490146,0.1380140147850898,1.7455256460840423,0.024757891212978514,-0.271872757298839,35.98437301052326,2.4210526315789473,0.08149279634993443,15.615789473684211,0.03991535675265906,-19.453985060044246
s274,13.224937027312556,-0.4602596011653298,-1.455276260808235,0.518896999769295,-1.4118574949638747,0.6142580357272532,0.31483705472617307,1.951034754347766,2.5044497607655503,0.2535885167464115,0.0,0.0,0.46411483253588515,0.0,0.22488038277511962,0.0,0.0,0.0,0.05741626794258373,0.0,0.0,0.0,-1.6476070232682882,-1.280583486341178,-0.7118093006108289,-0.8951397315884159,-0.7958427329973751,-0.6121163614965734,0.6483100655042667,0.1020186454623479,0.33958028998066525,0.33958028998066525,-0.8129965662955553,-1.4146834705523488,-0.1550957921663815,19.83411151272812,0.9744680851063829,-0.034407517911604214,4.68936170212766,-0.22229409720142262,-21.352030056481187
s275,13.381325109411323,-0.7724707609129609,-0.33093278909619306,0.4139400663246223,-0.2087694313091923,0.480616475969022,0.24051792423154492,1.998256377376415,2.25152466367713,0.04035874439461883,0.0,0.2914798206278027,0.24663677130044842,0.0,0.20179372197309417,0.12556053811659193,0.09417040358744394,0.0,0.0,0.0,0.0,0.0,-0.19199115608776074,-0.12124442305636252,-0.13949632743548296,0.027296285834598602,-0.7534527208809872,-0.19045030210143438,0.7890947794817811,0.1772042342522784,0.15088338071645507,0.14612195517095972,0.03175156073237138,-0.32378265852200433,-0.3016025665002825,31.80481948326345,1.3288888888888888,-0.21476045602211044,5.391111111111111,-0.38447647382605116,-20.88724638081418
s276,11.86191615221904,-0.03549397269062304,0.7640941655563358,0.42103405243296105,0.8464881206445009,0.5189266315440184,0.12461608869883158,4.164202527637862,2.150660792951542,0.0,0.0,0.31718061674008813,0.0,0.0,0.29515418502202645,0.0,0.0,0.0,0.2422907488986784,0.14537444933920704,0.0,0.0,0.8626130205442052,0.130407166756173,0.031865574923225955,-0.16111719402842212,-1.578548078204839,0.24585153028333423,0.39338274052698013,0.08005913493062286,0.06489424487776944,0.0727075987760962,0.4768816454092675,0.6271640634869153,0.04544642052531085,37.84141589466999,0.8716417910447761,-0.4488343557714744,4.113432835820896,-0.44117332291614847,-18.394324898555674
s277,10.05440702060155,0.833594390777428,-1.5208539567916843,0.4045038033778676,-1.7895234212579783,0.564449225894312,0.49021350936290803,1.1514354768147501,2.6555371900826445,0.0,0.0,0.0,0.5867768595041323,0.0,0.09090909090909091,0.2644628099173554,0.0,0.05785123966942149,0.0,0.0,0.0,0.0,-1.6093643398919675,-0.33536338695557033,0.8885841099633833,-0.08275439550190973,-0.1993093720868654,-1.154156046039613,0.5094552592844652,0.08187404422584695,0.34788692540336386,0.34788692540336386,-1.4269352015830177,-1.45809000642919,-0.2609622966437901,20.284329317167394,4.575757575757576,0.961487152826028,30.858585858585858,0.7090135449746869,-21.993061955018845
s278,16.366493203859438,1.7986613332086148,0.014082651276874178,0.285779645882333,-0.4215282670323318,0.5110863487982276,0.20641424176420264,2.4760227028427,2.5238257575757572,0.0,0.0,0.3371212121212121,0.2878787878787879,0.0,0.08333333333333333,0.0,0.0,0.0,0.0,0.2916666666666667,0.0,0.0,-0.052190690408669506,1.0817035112771707,1.2237889044553814,1.3567632031278567,-0.07292967906434038,-0.3419627147853581,0.7347146436317753,0.16360150168791038,0.26606193951194135,0.18751533633193024,-0.29771824444351863,0.024048197926091332,-0.3002513774113394,32.72518503171576,4.954545454545454,0.13163352304138665,28.772727272727273,-0.008598129118133704,-22.768836128877638
s279,15.804931991043837,0.046526643912364156,-1.226387687986264,0.5173609195833254,-1.5253817154508487,0.7374277899739955,0.24038657128473379,3.067674646020575,2.7276612903225805,0.0,0.0,0.0,0.3709677419354839,0.22580645161290322,0.2620967741935484,0.0,0.0,0.14112903225806453,0.0,0.0,0.0,0.0,-0.831798339404688,-0.821614260643616,-0.8061197219217514,-1.029542343317581,-0.425623149684359,-0.7393512062410801,0.6585621779751751,0.12389379130368237,0.35696791560739466,0.35696791560739466,-1.4282716263196054,-0.9748281020418694,-0.2858419330309691,19.581863430795277,0.9876923076923076,0.045425096552123415,4.9107692307692306,-0.1621759377178386,-22.623809840366643
s280,10.016499434506391,0.24912636984099723,1.8746524515909972,0.2344146173052075,0.9210765029130665,0.48273515823054886,0.08806507096657958,5.48157348801485,2.403208722741433,0.0,0.0,0.46417445482866043,0.0,0.04672897196261682,0.1059190031152648,0.0,0.0,0.2087227414330218,0.0,0.0,0.0,0.17445482866043613,2.2318927399401867,1.5656020302330238,1.1808928568250885,1.2980641676184665,1.3670759285894085,0.8574697300522249,0.28543407235380835,0.07834544827592958,0.09330064520583367,0.09760682883071828,1.4871917171160036,1.8045635334453172,0.2946862485084262,45.018993939316296,4.919117647058823,-0.05198453412133143,25.235294117647058,-0.19649065605976065,-16.207312406688885
s281,10.48840327787398,0.15992610181994169,-1.459228998935765,0.40685757260659877,-1.6719614839187167,0.5813525320859556,0.41596355975368055,1.3976044738875992,2.6767234042553194,0.08936170212765958,0.0,0.0,0.4723404255319149,0.10212765957446808,0.1148936170212766,0.22127659574468084,0.0,0.0,0.0,0.0,0.0,0.0,-1.2994665532740288,-0.7433772311574458,0.011428412244648002,-0.30391774763221285,-0.572876387840976,-0.48693924048421017,0.5530929601545235,0.09269197775939456,0.3324094908259485,0.3324094908259485,-0.8985630629916481,-1.321581552451502,-0.2688135122810432,20.132436105057188,5.014814814814815,1.6731959986549672,44.666666666666664,1.8555545823050437,-20.7263291094093
s282,10.47396551466682,-0.8282433992537035,-0.37204350257810687,0.38204753993573004,-0.5047340891692966,0.5516055203888766,0.2544212742935551,2.1680793869164643,2.4205957446808513,0.0,0.0,0.19148936170212766,0.34893617021276596,0.0,0.19574468085106383,0.0,0.2297872340425532,0.0,0.03404255319148936,0.0,0.0,0.0,-0.05171439127223148,-0.1947109371383833,-0.13319668943412122,0.0884296113233949,-0.2943866276516288,-0.2325236711417343,0.6823334515139291,0.16207649785668532,0.18055571652087135,0.14206081150714683,1.3965447724775046,-0.12122545596026782,0.019237377841910628,33.913392900696934,2.7130434782608694,0.653695766521303,21.204347826086956,0.6857761194588249,-18.407214855311967
s283,13.704758271179797,0.7398425521754796,1.025453524999858,0.2628221095283892,0.4794732905916057,0.44481614099595873,0.10234762614847177,4.3461305135761625,2.333010752688172,0.0,0.0,0.5412186379928315,0.0,0.0,0.08960573476702509,0.0,0.0,0.0,0.0967741935483871,0.2724014336917563,0.0,0.0,1.0105493520938558,0.9336707832013104,1.4035201386989389,1.0889131079595296,-1.3092476238657262,1.1463996612639002,0.25907722362712343,0.06214299632666663,0.10423917172560859,0.10423917172560859,0.9651711912999696,1.1015547011330247,1.437200393990263,40.51495784239764,6.8,0.333521856592978,43.7,0.2096801153385674,-19.458430553559104
s284,17.191190437539678,-0.4805953235941548,-0.8073139720686566,0.39194086689859775,-1.2564395285540244,0.7092083234201615,0.20923312093609292,3.3895605067076278,2.772377358490566,0.0,0.0,0.0,0.3886792452830189,0.1509433962264151,0.20754716981132076,0.0,0.0,0.16226415094339622,0.09056603773584905,0.0,0.0,0.0,-0.851629101690474,-0.20321682597265078,-0.4896466674194404,-0.5730618050335806,-0.28333285243452255,-0.5757884596333012,0.6813638773011101,0.15396803919509858,0.3479403053704845,0.35275054000694284,-0.9493834586063599,-0.3523586472055363,-0.29925366700762474,26.949405792969177,2.081818181818182,0.535505797265287,12.14090909090909,0.2456814449262355,-22.90375248734285
s285,13.625318026953245,2.1147680874628985,-0.5330339976182549,0.5481951789331773,-0.3688651397479863,0.6052324452858729,0.22379578390510527,2.7043961004310337,2.3185514018691586,0.0,0.0,0.09345794392523364,0.35514018691588783,0.0,0.3037383177570093,0.0,0.0,0.0,0.0,0.16822429906542055,0.0794392523364486,0.0,-0.5341957002430742,-0.8818390756978141,-0.7390400058364504,-0.7843300853732337,-0.43372127329442917,-0.5007113388815295,0.7017096437550957,0.1694902088956105,0.30633928215955386,0.19459748218812226,-0.5826526667712553,-0.6499939818900283,-0.0019656563167010713,26.902604614440968,0.3630769230769231,-0.7019885343821517,1.3384615384615384,-0.6101250998913981,-21.625066525381193
s286,16.410986426075482,0.12998807373186336,-1.492063450714815,0.8916155766289302,-0.9356392257784496,0.6964737283330779,0.3010588856139062,2.313413626416835,2.203314606741573,0.11797752808988764,0.0,0.0,0.3595505617977528,0.07865168539325842,0.4438202247191011,0.0,0.0,0.0,0.0,0.0,0.0,0.0,-1.629924267335872,-1.7900631470664035,-1.6349931673786327,-1.7500686920928374,-0.6734622465021349,-0.8199587613039307,0.6329665517927415,0.12022051747302438,0.3501947950929696,0.3501947950929696,-1.933586810174684,-1.729592427722745,-0.29405919211185033,7.4508806097680225,0.11181434599156118,-0.8391843434542046,0.3291139240506329,-0.6830962891023629,-23.081672999493776
s287,11.535909111964969,-0.21737240506593708,1.1896780567408165,0.31595941837946445,1.259697730495977,0.3640284014717675,0.17023443731539273,2.1383945998971607,2.0742608695652174,0.0,0.0,0.46956521739130436,0.0,0.0,0.13478260869565217,0.3,0.0,0.0,0.0,0.0,0.0,0.09565217391304348,1.2568733265239413,1.4882270514591127,0.5584582553301616,1.361820178997886,1.4913558583225945,0.40185906694124507,0.3272893291097726,0.07513694361031102,0.10485971449870012,0.10485971449870012,1.5908217579777837,1.1501800684556238,-0.07772237476391518,43.61123442347946,3.7161290322580647,0.04378860210386449,23.864516129032257,0.010619109187315678,-18.887465458647895
s288,14.180171145941376,0.8262113216252406,0.35091068356785665,0.41854591580509354,0.1984005524381402,0.5628922615995829,0.23675504180432091,2.3775301987647466,2.330042016806723,0.0,0.0,0.3025210084033613,0.0,0.1638655462184874,0.2689075630252101,0.0,0.01680672268907563,0.029411764705882353,0.0,0.10084033613445378,0.11764705882352941,0.0,0.6839196309842189,-0.5177353270929415,-0.20332193825465233,-0.21931374053794636,-1.5069533801896398,0.5335066906893117,0.5584436962711382,0.08906172516393136,0.08986767655149752,0.09397926959633726,1.863171139091955,0.39549519226776736,-0.2772821195399604,34.2311186382115,0.68125,-0.5857882009518951,3.7,-0.47258902480930653,-20.319348636717013
s289,17.062285342538303,0.6650700780535188,-1.4854339198194102,0.7769745945629069,-1.113409503387283,0.6534682827821741,0.357841716412842,1.8261377944774546,2.283297297297297,0.11891891891891893,0.0,0.0,0.4648648648648649,0.0,0.3675675675675676,0.0,0.0,0.010810810810810811,0.0,0.03783783783783784,0.0,0.0,-1.5063905387508756,-1.3805844781384131,-1.4042221888840734,-1.6151242037442146,-0.5930958940542382,-0.9893088007131516,0.6413821248732726,0.10051954704462746,0.36351998481932357,0.36351998481932357,-1.8522569549737002,-1.7425627182583185,-0.3001675829021797,10.91542066416749,0.13970588235294118,-0.8315329511058192,0.6593137254901961,-0.6337168114277655,-24.10980627565496
s290,14.28130003977539,0.19428472331353563,0.44200664723489075,0.5794035620121527,1.752964151461063,0.4527881181823479,0.04566213496842773,9.916052293556142,1.790225988700565,0.11299435028248588,0.0,0.3446327683615819,0.0,0.0,0.4463276836158192,0.0,0.0,0.0,0.0,0.0,0.0,0.096045197740113,0.3453999717520072,-0.4253019707545355,-0.8637605553213762,-0.6852443083530554,0.9972868965402294,0.09179148921026553,0.36270058387234155,0.07782725945338827,0.08498011175556547,0.08515977372545039,-0.2850521788696471,0.09379174258128063,-0.30149637865227286,26.55962328283563,0.004219409282700422,-1.0746877015562433,0.002109704641350211,-0.7582928722263031,-20.872844469529642
s291,11.015082553950311,0.9297567539416383,-1.5460551581013775,0.4789194361475144,-1.6737051558090636,0.5374251278787375,0.5670898161093587,0.9476896121426723,2.544107142857143,0.0,0.0,0.0,0.5535714285714286,0.0,0.11607142857142858,0.33035714285714285,0.0,0.0,0.0,0.0,0.0,0.0,-1.867856415220606,-0.39310924802231345,-0.3519594705761306,-0.5520874045328006,0.004861660128578484,-1.1039929637753692,0.5452402768984215,0.08554572527725433,0.3377368880159769,0.3377368880159769,-1.344142264536247,-1.7804699134209168,-0.14340058002106185,17.65583461964963,3.341880341880342,0.8449488299185195,21.307692307692307,0.5497195995735362,-22.0427568691158
s292,10.132217709176237,-0.9461440462930677,-0.030697859304912364,0.3278793717138643,-0.2346759466874876,0.49391832191869817,0.22003527493510652,2.244723361126374,2.3572839506172842,0.0,0.0,0.345679012345679,0.24279835390946503,0.0,0.15637860082304528,0.0,0.2551440329218107,0.0,0.0,0.0,0.0,0.0,0.40541242442386266,1.100019702812313,0.3834403228171237,0.6998411758798642,-0.3232503583671259,-0.45103551321725627,0.5921056487234051,0.1606486463037291,0.13070227805905515,0.1373223051095992,0.53763120190968,0.09202587918162052,-0.21278231483303794,36.23776808365775,3.4105263157894736,0.5035922169405816,22.652631578947368,0.3625800222953845,-18.209832643922198
s293,9.870777815383827,0.6359564144158832,1.3518564935980866,0.35787971239736666,1.103460505668541,0.5160530064938011,0.1822652093138289,2.831330282046575,2.2525403225806455,0.0,0.0,0.31451612903225806,0.0,0.10887096774193548,0.25,0.04032258064516129,0.0,0.10887096774193548,0.0,0.0,0.0,0.1774193548387097,1.6854904089062124,1.0335982770565075,0.02042413938230187,0.7428584344673674,-1.458755202264463,0.13863650516182352,0.30802631167845235,0.07574213777956819,0.0706406024273636,0.08021460348894767,2.2965522384486095,1.6386075716752377,-0.298105709255117,46.24133245819862,1.064516129032258,-0.5015110737228139,5.670967741935484,-0.43019469091666523,-16.685687492468112
s294,15.458919677813409,-0.02607911432887109,-1.5392803235968817,0.7513500106713319,-1.1686149520705604,0.6295565431280055,0.39687831800082174,1.5862709414292115,2.291505376344086,0.16129032258064516,0.0,0.0,0.46236559139784944,0.0,0.34408602150537637,0.03225806451612903,0.0,0.0,0.0,0.0,0.0,0.0,-1.8165064685168004,-1.354071071765706,-1.3752735527131177,-1.5988478608025518,-0.7590047938815815,-1.0337515346002404,0.5982028526290096,0.09669115605199965,0.3698979833317035,0.3698979833317035,-2.003045466748554,-1.782909079684411,-0.26406824499037523,10.244368776107875,0.2556818181818182,-0.6444540877501531,1.0795454545454546,-0.5626532079968691,-22.80852590517532
s295,9.844081330949466,-1.6855768597758447,1.0276281799324727,0.25126255072108017,0.7332869501530267,0.4409774583060159,0.1803439439133539,2.44520247665141,2.3067049808429116,0.10727969348659004,0.0,0.3793103448275862,0.0,0.0,0.09961685823754789,0.18773946360153257,0.0,0.0,0.2260536398467433,0.0,0.0,0.0,0.7589138482543368,2.6344459110682377,1.808040965011131,2.2137295198465408,1.233580662535051,0.9409248142727393,0.2505931040360334,0.06956932954427188,0.0780741065650364,0.07960497139964495,0.5545243864495655,1.1438419220703615,-0.22228181765668803,41.02100857902694,10.221153846153847,1.280764027025792,71.5576923076923,1.0032496445506156,-16.73628435422914
s296,11.536770927371126,0.36828473385713567,-1.3454212756537172,0.47055328112480715,-1.5580310174988197,0.6017697208905555,0.447973081657676,1.3433166981010813,2.663220338983051,0.0,0.0,0.0,0.3813559322033898,0.19491525423728814,0.15677966101694915,0.2669491525423729,0.0,0.0,0.0,0.0,0.0,0.0,-1.1394545785229167,-0.44762768059433017,-0.41827358391186925,-0.5954036846388732,0.11049245562092147,-0.4485062773673156,0.6563939460254097,0.12415341723041434,0.304496618898434,0.304496618898434,-0.941038852875306,-1.2023234253588566,0.4945857360774912,21.02191391898955,3.3189189189189188,1.291320933035116,17.237837837837837,0.5543258326689275,-21.037169242866305
s297,13.465640462783472,-0.6238377608506527,-0.29843993929190926,0.6169783228447389,0.6417271184726174,0.46209136833973663,0.27212419939082083,1.6980899507437326,1.917900552486188,0.0,0.0,0.292817679558011,0.15469613259668508,0.0,0.3812154696132597,0.1712707182320442,0.0,0.0,0.0,0.0,0.0,0.0,-0.25043864832726465,-0.9241296794495194,-1.05709968713968,-1.007610640186542,-0.2858514865733651,0.20821641927259202,0.6251192417385013,0.16164912048889168,0.09421870945469583,0.1170048198763791,-0.6112756863334462,-0.48580707724654093,-0.20661977495542824,20.557068321844287,0.16183574879227053,-0.8825192828179413,0.41545893719806765,-0.7046024941084058,-21.242887874886534
s298,13.640715853446011,-0.13923005998881804,-1.1812721364197114,0.35610372446777117,-1.6327254880161368,0.6800098650019941,0.29083521585620475,2.338127667930715,2.817345454545455,0.0,0.0,0.0,0.5636363636363636,0.06909090909090909,0.15272727272727274,0.0,0.02909090909090909,0.18545454545454546,0.0,0.0,0.0,0.0,-1.156780139750006,-0.9551994052447524,-0.749777791082784,-0.49020448952237505,-0.2289721305104758,-0.8628895168762647,0.6094304629678187,0.08524954762812366,0.38814307651693863,0.38814307651693863,-0.9006767218974083,-0.5259025061198416,-0.296948554047957,25.033870964606827,3.880952380952381,1.4520728854252423,20.077380952380953,0.6378063824650853,-21.77880180045448
s299,12.300749957589872,-0.9627359010387442,0.6311549985501038,0.28810887020889236,0.2774201877591139,0.41829546011806806,0.09360261535084943,4.468843723545296,2.2092248062015503,0.0,0.0,0.6124031007751938,0.0,0.0,0.12790697674418605,0.06589147286821706,0.06976744186046512,0.12403100775193798,0.0,0.0,0.0,0.0,0.39959440022775866,0.47136308228693646,0.5952158875352652,1.6195786107563501,0.8053455216078801,0.24228107710346264,0.24869306780426065,0.04634777788951414,0.1112383987723738,0.1112383987723738,0.1642684749017458,0.7892832153738433,-0.29877526923157577,38.09279902497127,3.2045454545454546,-0.044492598913740605,16.803030303030305,-0.17987200571964393,-18.934865152709644
s300,10.667015444118302,0.3142864551603657,1.7580129051747226,0.30016589002300137,1.7269115645221778,0.3833099859073188,0.1346810353660199,2.846057612087738,2.106344537815126,0.037815126050420166,0.0,0.3949579831932773,0.0,0.0,0.14285714285714285,0.23949579831932774,0.0,0.0,0.0,0.0,0.0,0.18487394957983194,1.8273165623223229,1.2953307860033756,0.8867464104135949,1.6650107302579649,1.2827606047757296,1.132948278037127,0.37141805190743327,0.07922867106469039,0.09601082538560626,0.09715381140210155,1.5485621101258917,1.7289991292235891,-0.25876422008227373,47.26349810867119,4.329411764705882,0.16582963516446403,26.511764705882353,0.05457447913326358,-17.740175222694027
s301,15.057922137319052,0.5447615105976104,-1.4199492212814335,0.7469572037403222,-1.2775360375156477,0.6984634739598545,0.32336615383827105,2.159977059037494,2.3596039603960395,0.0,0.0,0.0,0.504950495049505,0.0,0.36633663366336633,0.0,0.0,0.12871287128712872,0.0,0.0,0.0,0.0,-1.703959229795247,-1.4745446146983914,-1.4367671792085783,-1.50087679821856,-0.35995913769880933,-1.081796213392094,0.6075295299473933,0.09090928300839288,0.3809083522862292,0.3809083522862292,-1.6481728181869193,-1.5961070544351907,-0.1413139580004779,13.766821378354399,0.20540540540540542,-0.7260604069841291,0.5621621621621622,-0.6553839931450387,-22.831714834949025
s302,10.239320483666653,-1.0368434006358351,0.7105090800169577,0.36791006129375303,0.8360676274510972,0.5045206240776645,0.11679407524820827,4.319745012796822,2.1982882882882886,0.19369369369369369,0.0,0.27927927927927926,0.0,0.0,0.25225225225225223,0.0,0.0,0.0,0.23423423423423423,0.0,0.0,0.04054054054054054,0.7341482677183913,0.3269830036152216,0.40964271972421396,0.057645544668505945,0.6244402846382442,0.5538916680635727,0.39705661195038894,0.0766226269595305,0.057802410684642105,0.07098541663026225,0.4785873238396167,0.7672998383665905,-0.15147930254792916,38.41877699573566,1.2785714285714285,-0.2794439257019993,6.396428571428571,-0.3317519218396733,-17.21456897049112
s303,11.37115445785968,-0.08318116323529415,-1.444155076071873,0.3933567613668675,-1.6255185520807818,0.5811108701745972,0.4015138929950456,1.4472995338713415,2.6386026200873363,0.11353711790393013,0.0,0.0,0.5676855895196506,0.0,0.1222707423580786,0.11353711790393013,0.08296943231441048,0.0,0.0,0.0,0.0,0.0,-1.359010896831239,-0.6016069800316506,0.027175837594087936,-0.21558743653289247,-0.567655249154461,-1.0821164649322612,0.5097640478688372,0.07369544047507329,0.3379256798889893,0.3379256798889893,-0.7773659631362716,-1.4217376007944011,-0.3000679213571615,20.61687516669232,4.857142857142857,1.739709833048668,42.7,1.8839189743520368,-21.305521219433746
s304,16.288223966040405,1.6029157213902867,-0.6272891575807874,0.5233567077743,-0.5555532813702468,0.594610963165153,0.25662271958083294,2.317062823339997,2.3705990783410136,0.0,0.0,0.17050691244239632,0.30414746543778803,0.06451612903225806,0.2764976958525346,0.0,0.0,0.0,0.0,0.18433179723502305,0.0,0.0,-0.5850378253806419,-1.180006470054844,-0.5497963404282064,-0.8965929907649045,-0.5217048869791133,-0.839210977207467,0.8510875626783386,0.188995373259877,0.28117980877068,0.19160366718859684,0.053025658524743155,-0.7505421924530791,-0.1540865656606221,26.264748499043794,0.91,-0.192406346199841,4.616666666666666,-0.2786633799035799,-23.136770545619438
s305,11.978925059271305,-1.0491106640081425,0.727523944666232,0.41696876564473295,0.8014581899642547,0.5191004127805126,0.13207218046357508,3.9304296405076626,2.1360444444444444,0.0,0.0,0.32,0.0,0.0,0.3022222222222222,0.04888888888888889,0.0,0.07555555555555556,0.24,0.013333333333333334,0.0,0.0,0.7987574648665348,0.3869128474936722,-0.24946290942414193,-0.02846226342821472,-1.5184364949608276,0.6453851134420808,0.29086493383598483,0.07607092996430244,0.08564589975710286,0.08797464023388209,0.26004359807529515,0.5911554807967974,-0.2986861549858568,38.33003523756939,0.7529411764705882,-0.5171871284287375,2.5352941176470587,-0.5566381532949511,-18.581599861738347
s306,14.768787229316056,-0.44943218760583054,-0.26628328857734457,0.4836538343340549,-0.18920633635611744,0.5353620796004499,0.14974858346003453,3.575072746803841,2.190727272727273,0.0,0.0,0.35909090909090907,0.18636363636363637,0.0,0.29545454545454547,0.0,0.0,0.1590909090909091,0.0,0.0,0.0,0.0,-0.17510841490561693,-0.22201028401394696,-0.4301176800302122,-0.461149656025118,-0.41390654558792384,-0.5680056651856025,0.7784880288085877,0.20589016025276624,0.18099572170805708,0.16604087607803006,-0.6578359316471053,-0.37661775088384136,-0.29843255099696425,28.95983643754319,0.07692307692307693,-1.0076938346810271,0.26153846153846155,-0.7324724902587004,-21.63460095493751
s307,13.960603360241606,0.32958804360835503,0.5897288236806818,0.3008003932614213,0.1830985305893186,0.43343769807383975,0.05600481452647984,7.739293518576059,2.242813688212928,0.0,0.0,0.6197718631178707,0.0,0.0,0.12927756653992395,0.0,0.0,0.10646387832699619,0.0,0.1444866920152091,0.0,0.0,0.4353277680457899,1.5385912685538625,1.0742179946253239,1.2615690667057926,1.4448527108853504,0.18023948265754527,0.30521057361641607,0.06111930928580722,0.11013683786064611,0.11013683786064611,-0.4557396975274954,0.6692118664862275,-0.27622856085007985,36.67703878941859,2.4926470588235294,-0.25815409242458975,16.955882352941178,-0.16278470137397966,-19.872895367623194
s308,9.32847619625808,0.5037249615140148,-1.4219139666320215,0.4692545609483168,-1.5633709050269065,0.5671843218994714,0.4805378615397263,1.180311412054224,2.560528634361234,0.0,0.0,0.0,0.5594713656387665,0.0,0.14537444933920704,0.20704845814977973,0.0881057268722467,0.0,0.0,0.0,0.0,0.0,-1.3571431185787248,-0.32202451300313906,-0.2652679096060703,-0.45963148793513287,-0.5650746237454272,-0.7750042319367377,0.6065043049008811,0.08093242270843257,0.33452516337877236,0.33452516337877236,-1.2096279053216852,-1.587144560660399,-0.29978242838124275,19.787591718179616,4.024242424242424,1.671687155314543,38.21212121212121,2.0267584853634557,-20.285500261962973
s309,15.004502450685605,-1.6725223083839902,0.5404215073531334,0.2019992080049198,-0.3838860493694073,0.6619211179321689,0.15359635314963352,4.309484596208645,2.8576923076923073,0.0,0.0,0.0,0.38461538461538464,0.0,0.09763313609467456,0.0,0.0,0.19822485207100593,0.31952662721893493,0.0,0.0,0.0,0.26128268341290417,-0.31699813961224754,1.036100359202265,0.3289016784227164,-0.10406686209031561,-0.07783301937357455,0.6895842361158039,0.14914873640982995,0.3648999416774477,0.3648999416774477,-0.2348292576255617,0.6934163858423716,-0.2453340116972002,30.462322245618015,9.767676767676768,1.3790993182205424,67.52525252525253,1.0536291551753632,-21.29242792516701
s310,12.60317841366193,1.0549978993133133,1.0130805201584019,0.3275783336417484,0.7890938223609232,0.4420812131331763,0.09502962586042732,4.6520357112893755,2.200322580645161,0.0,0.0,0.47580645161290325,0.0,0.0,0.1693548387096774,0.03225806451612903,0.0,0.0,0.0,0.20161290322580644,0.12096774193548387,0.0,1.0006988921295525,1.5050618650675178,0.5666812879644576,0.637298349048959,-1.4762342964152624,0.8373903417208662,0.32197787763522895,0.07050720126332113,0.09278815297144904,0.09278815297144904,0.8525462077087111,1.0051218681976077,-0.2986688579836915,41.107384462560915,2.1375661375661377,-0.23790505213726365,11.148148148148149,-0.2905215236718979,-18.948559636861656
s311,13.655784684304951,0.826206550429955,0.11069480072952921,0.40621923067991117,-0.08648733506017191,0.546874066414341,0.29319608474405817,1.865216129648279,2.380658436213992,0.0,0.0,0.3662551440329218,0.0,0.18930041152263374,0.23045267489711935,0.0,0.0,0.0,0.03292181069958848,0.18106995884773663,0.0,0.0,0.5401404466903411,-0.4609684623800699,-0.1342045178257255,-0.29209382294729,-1.4382801060728,0.7126910663637382,0.4303119981979129,0.08039951260101928,0.11040751014434065,0.11200761898701224,-0.29391323573898454,0.05263104437711365,-0.2992120199450587,30.842040971465018,0.475,-0.766438512536349,2.007142857142857,-0.6174524777255396,-20.100398368442757
s312,11.676190014976392,-0.42026415152648144,0.6097753572921555,0.43827692846236194,0.8398223420018704,0.5172967626171673,0.1198517249077109,4.316139488317752,2.1188532110091747,0.05045871559633028,0.0,0.3073394495412844,0.0,0.0,0.3119266055045872,0.0,0.0,0.0,0.23394495412844038,0.0963302752293578,0.0,0.0,0.5824097741105324,0.09720232184451998,-0.5815945234678704,-0.20046238166158917,-1.5395111347179509,0.6441581518624467,0.49278322071151787,0.08775868622443017,0.08113731897504119,0.08540770418425388,0.1257590755306272,0.5021227890407919,-0.2980675873231196,36.65869270758158,0.5558823529411765,-0.6396256058128019,2.6735294117647057,-0.5329274781893211,-18.300571881596824
s313,12.2433376540896,-0.7898293759143192,0.48671307813313314,0.39094941963544727,0.7382589298714081,0.39000683953619003,0.15144694640356743,2.5752043788121117,2.019953703703704,0.0,0.0,0.5138888888888888,0.0,0.0,0.2175925925925926,0.14814814814814814,0.09722222222222222,0.0,0.0,0.0,0.023148148148148147,0.0,0.4445927559011266,0.10403951573817946,0.10844646009956972,0.39484259089810164,1.45009649185306,0.20826054986993853,0.3140175446660076,0.06516222789900142,0.11742853404580597,0.11742853404580597,0.19490320397472793,0.3519450796509185,0.2106761999984807,36.72570408347435,1.3957446808510638,-0.2868251532801904,6.5702127659574465,-0.3606644050523927,-19.903122714501734
s314,12.587898792175023,-0.971702224059135,0.3998004540141136,0.4913928397537917,0.9703247820599514,0.4554613631595625,0.12297321842107832,3.703744351879903,1.9423383084577117,0.0,0.0,0.42786069651741293,0.0,0.0,0.35323383084577115,0.0,0.14427860696517414,0.0,0.07462686567164178,0.0,0.0,0.0,0.11212396258694292,0.04720131505128346,-0.7005085199059775,-0.3209320138907,0.7530577726633051,0.2843051670915674,0.39572049986374735,0.07183444408132357,0.10287762851134383,0.10287762851134383,0.2770911629480808,0.07040901941170709,-0.19366817145417928,33.08196421780464,0.2619718309859155,-0.8330879295113582,1.0225352112676056,-0.6559516838146799,-19.806455384792486
s315,12.22130020615636,-0.08968423238562483,0.0091930878978725,0.2790930057368686,-0.4458316068694563,0.620380594388478,0.21407206255236233,2.897998865390163,2.7079553903345728,0.08921933085501858,0.0,0.0,0.3903345724907063,0.0,0.12639405204460966,0.0,0.0,0.0,0.2379182156133829,0.15613382899628253,0.0,0.0,0.008935347148787956,0.27830688105903745,2.145362539718589,0.3348467119372514,-0.7422189211494454,-0.6549794403782353,0.6034557454485503,0.18459137129574835,0.23219864281965644,0.2794603134820644,1.8839908649932584,0.4181732229467892,-0.07042874058813091,35.25915856737219,6.5,1.3337033466628052,40.98529411764706,0.8638104704808136,-19.14671781515828
s316,14.05137145881539,1.0803840243101233,-1.3827766150954535,0.6342185223285607,-1.4195566406894702,0.6792209679286473,0.32477628246562623,2.091350275864232,2.483565217391304,0.0,0.0,0.0,0.5391304347826087,0.0,0.2956521739130435,0.0,0.0,0.12173913043478261,0.0,0.043478260869565216,0.0,0.0,-1.5859437850117486,-1.1795362034125698,-1.1882023766167535,-1.303735549419673,-0.302249379894815,-0.9605021474289875,0.605953351156781,0.08501089842782093,0.3783274463470013,0.3783274463470013,-1.3850924146070982,-1.4316038427315743,0.0641260770044443,18.22350277960582,0.33986928104575165,-0.6147279359270573,1.0620915032679739,-0.6036588083559579,-22.576202538116522
s317,9.259943744194796,0.6928423643107301,1.6772358536054717,0.34957536272862033,1.874259940803691,0.44181477469188607,0.07938952234703574,5.565152196792158,2.084159292035398,0.12389380530973451,0.0,0.3008849557522124,0.0,0.0,0.24336283185840707,0.05752212389380531,0.017699115044247787,0.0,0.0,0.0,0.06637168141592921,0.1902654867256637,1.5573358872044056,1.2490798741771048,0.2036541977846127,0.8548291842562696,1.1050503158112375,0.16238738369995978,0.41325102744054093,0.08475696328309232,0.062184952113648495,0.07500377996163744,1.1513214962935732,1.766241544010891,0.7983568773530276,48.27566092699996,0.9709090909090909,-0.5968248008301904,4.123636363636364,-0.5399277496427617,-16.473332334051207
s318,12.762384763612411,-0.8389877773260938,0.33390644348722975,0.4435499172677955,0.7702798454190601,0.3950163399648214,0.16117720229529955,2.450820180146168,1.9585436893203885,0.0,0.0,0.5145631067961165,0.0,0.0,0.2669902912621359,0.1650485436893204,0.0,0.05339805825242718,0.0,0.0,0.0,0.0,0.1432238170293224,-0.11052230760435991,-0.345311477422713,-0.04671793072200278,0.9848857684236109,0.17080439209081144,0.3253872611159037,0.06255922907727178,0.1051409880308558,0.1051409880308558,-0.03415377717269428,0.13822325980642886,-0.25896644118024215,33.35158501761626,0.46545454545454545,-0.7432564360299512,1.3127272727272727,-0.657407886048935,-20.271027014882893
s319,11.840882563092677,-0.5869191271568955,-0.368596322308893,0.5394227778719258,0.02718091314951496,0.5196993163955318,0.21946791977497745,2.3679967301297813,2.111442786069652,0.0,0.0,0.2835820895522388,0.21890547263681592,0.0,0.3283582089552239,0.0,0.1691542288557214,0.0,0.0,0.0,0.0,0.0,-0.5793573941301866,-0.6304155329691188,-0.8177014802735387,-0.7762141226669962,-0.4700147874972629,-0.28869690799565273,0.7550065888062383,0.19062662912138556,0.15522944138953332,0.14708587962075706,-0.05019279511840735,-0.5578004533860162,-0.29262415998862984,25.840816695391656,0.17575757575757575,-0.8914790930529665,0.30303030303030304,-0.7239677063510094,-19.961462480576472
s320,17.917419360244057,-0.3568806759631899,-1.5451391481272296,0.3352668050110157,-1.7866224689779997,0.600345088279649,0.36394364129255286,1.6495550963536878,2.7198739495798314,0.20588235294117646,0.0,0.0,0.5798319327731093,0.0,0.10504201680672269,0.0,0.1092436974789916,0.0,0.0,0.0,0.0,0.0,-1.3748715711325086,-0.13432494512963364,0.4433418272406555,-0.06852048409038212,-0.7413296420350197,-1.0815078472926336,0.5180350114049042,0.07118032398602658,0.3372680152407587,0.3372680152407587,-1.273570146793618,-1.4218465055329792,-0.2936391574400674,19.88614428419754,7.12,2.6296455937113015,79.504,3.6572878348714855,-25.487730825043986
s321,10.998830635406101,-0.5643128947209026,1.4561542630832731,0.23602346849534694,0.6937126521377006,0.47290311732880747,0.06187450793124401,7.642939445341615,2.350677966101695,0.0,0.0,0.5050847457627119,0.0,0.0,0.1152542372881356,0.0,0.04745762711864407,0.17288135593220338,0.0,0.0,0.15932203389830507,0.0,1.5658676741512478,1.0797065072242364,2.3803046777018477,0.8535458849631132,0.9151144605247634,0.8785816285492446,0.36166076671074576,0.07682297494839314,0.10297467249884537,0.10529740947250356,0.9535387890321183,1.295732615618624,-0.29437749256797113,40.830150784091046,6.419117647058823,0.4956955159440024,35.904411764705884,0.1808684738278495,-17.276618527501487
s322,13.041547076849612,-1.1412528956840247,-0.5205560713663778,0.47890295843781594,-0.054934823933009205,0.49552554634632706,0.1825077611130298,2.715093009329289,2.1566326530612243,0.23469387755102042,0.0,0.30612244897959184,0.1836734693877551,0.0,0.2755102040816326,0.0,0.0,0.0,0.0,0.0,0.0,0.0,-0.49668395051353914,-0.21425705886340238,-0.4550869679599233,-0.47750143918819354,-0.7653406646361461,-0.6445571451591893,0.7178220539319733,0.1442772035400925,0.10010816792298975,0.12341421828525269,-0.3979547313478776,-0.6309839243755463,-0.2690737054957354,24.746123058588047,0.3602693602693603,-0.7410283753745175,1.5353535353535352,-0.6047011862814561,-20.110737898189527
s323,14.258236693238558,-0.5051185319058529,-0.4557782620919404,0.6075322642100394,0.1404056301332538,0.5318477119812851,0.21986685311233417,2.418953582373574,2.0414358974358975,0.0,0.0,0.26153846153846155,0.2153846153846154,0.0,0.37948717948717947,0.0,0.14358974358974358,0.0,0.0,0.0,0.0,0.0,-0.15224678265087505,-0.9788218329607816,-1.0361393647690194,-1.079068851158088,-0.4215406411578023,-0.21733745102205665,0.7186281903133322,0.18307289253495032,0.15919759319923363,0.1414666388406553,-0.7486512664907689,-0.6274568310319633,-0.29881999125683645,21.30686863924867,0.21621621621621623,-0.8051473756503233,0.9369369369369369,-0.6317369107685584,-21.782232387481976
s324,12.430343295687837,-1.5554468092782692,1.1322993736296465,0.2980621284149699,0.8068313817039187,0.4865844109133208,0.14246869915523905,3.4153776499574886,2.270625,0.015625,0.0,0.375,0.0,0.0,0.1875,0.0,0.1875,0.0,0.234375,0.0,0.0,0.0,0.7667809678433632,0.5192808930037569,0.4014461694281494,0.38618417969981056,1.1141520622231642,1.1428608566742409,0.3913323999907247,0.08816088420828894,0.10804466456612564,0.10918197682471643,1.106980990273665,0.9855656183030534,-0.30053248211559325,39.841155600227175,4.078125,0.6553808910985756,23.395833333333332,0.30264758901796796,-18.79130547869734
s325,12.965187841899294,0.058905347768726066,0.2819609310161276,0.591305604483952,1.4344264915215263,0.4446111579505011,0.07801377879468985,5.699136291302997,1.7932786885245902,0.0,0.0,0.44808743169398907,0.0,0.0,0.4371584699453552,0.0,0.0,0.0,0.0,0.11475409836065574,0.0,0.0,0.3269812314386543,-0.4895148848791541,-0.9783768842336179,-0.8165638450474336,0.3654113634406723,0.0381137961069043,0.2882580111908439,0.0693584413920686,0.10346947965884554,0.10346947965884554,-0.5599197611108352,-0.07851878010312091,-0.18258043746173228,25.68390496537866,0.05,-1.0197347723375876,0.07708333333333334,-0.7487089300961713,-20.326794366780437
s326,11.341231203913633,1.6951406833608107,-1.4147300513804197,0.4239569469219701,-1.588227416165146,0.6151273064533708,0.34987144117157387,1.7581523784666888,2.6624034334763946,0.15021459227467812,0.0,0.0,0.5665236051502146,0.0,0.15021459227467812,0.0,0.0,0.0,0.0,0.13304721030042918,0.0,0.0,-1.267905712827955,-0.3986444626578051,-0.7113259923029519,-0.566114819380434,-0.6768033205958697,-0.8358030999892064,0.6596467945743367,0.07698560295709367,0.3636193084325638,0.3636193084325638,-0.601744234065362,-1.3535290674106126,-0.2852317427871069,21.00926795637227,4.0,1.7376654630941428,31.85142857142857,1.6332048428554968,-20.718910831217134
s327,12.606447308434449,-0.8792412985038984,0.9003483649199393,0.2723744119455546,0.3535955160486217,0.45828279341410805,0.042427497543097624,10.8015513511865,2.2749999999999995,0.0,0.0,0.5985401459854015,0.0,0.0,0.14233576642335766,0.0,0.0,0.21897810218978103,0.0,0.0,0.040145985401459854,0.0,0.8415181511157939,1.0661419618027952,0.7196970638244297,1.0226278942364342,1.1595511006505428,0.43595300922210944,0.2596945557705074,0.061056062429702,0.10719092590616922,0.10719092590616922,0.11821381600319879,0.8225517646435851,-0.28738245061154793,38.84308819154521,3.4935897435897436,0.10430842751888336,18.435897435897434,-0.09245114078412417,-18.343759834301164
s328,12.758809947047602,-0.6806290129753388,-1.4735508805423791,0.30817205693046595,-1.7873387417108957,0.6299184494977037,0.34722711632485304,1.8141395642279705,2.846224899598394,0.24497991967871485,0.0,0.0,0.40562248995983935,0.1927710843373494,0.10040160642570281,0.05622489959839357,0.0,0.0,0.0,0.0,0.0,0.0,-1.1392067651371722,0.9003392058313117,0.12729038805596832,0.3281322159859566,-0.7573969268368513,-0.5835558096282397,0.5415902303191569,0.09343139316248801,0.30876892908090764,0.30876892908090764,-0.8415375025359808,-1.0156226330269624,-0.20493926450024322,18.770075964005205,7.176,2.383857925367003,68.76,2.7796483070080025,-20.9950536924673
s329,12.358572782497609,2.5115860510717862,-1.0473692272390798,0.3008920206634918,-1.516147629225577,0.6314362519716548,0.3585842797760095,1.760914483942472,2.8427573529411765,0.0,0.0,0.0,0.6360294117647058,0.0,0.08088235294117647,0.0,0.0,0.058823529411764705,0.0,0.22426470588235295,0.0,0.0,-1.0348688535218753,-0.08322195888533358,1.1855578874821786,0.3053442385891527,0.028727262604625305,-0.8347299698671368,0.5301639338328552,0.07297836441172449,0.38365242993891735,0.38365242993891735,-0.5214936514844558,-0.5378745507766962,0.430584611862297,25.515143905383567,12.943181818181818,3.174611252562414,103.86363636363636,2.8810953436716558,-21.403212909548728
s330,13.382624553593745,-1.168289670181299,-1.3880634303151382,0.2844615084147924,-1.5442378036130002,0.5723541419154248,0.3278396881917764,1.7458354266754146,2.674279475982533,0.34497816593886466,0.0,0.0611353711790393,0.5021834061135371,0.0,0.09170305676855896,0.0,0.0,0.0,0.0,0.0,0.0,0.0,-1.2870314604033521,0.12549910139205445,0.5520234200755597,0.9342034595928906,-0.7359254102034821,-0.744133150714859,0.5023007203270141,0.08038528965877215,0.2913111769070297,0.18475560094120846,-0.4935162777930956,-1.1575191257395772,0.5033323369119951,24.664115713989705,8.114285714285714,2.3707988372031346,104.4095238095238,3.97490442072395,-21.14112529442132
s331,12.659460721931602,-0.8658846325196344,0.05742273005266198,0.31245747463460155,-0.3555297157574636,0.5321164615380891,0.1527125505874121,3.4844317607903985,2.4225,0.0,0.0,0.3939393939393939,0.22727272727272727,0.0,0.16287878787878787,0.0,0.0,0.2159090909090909,0.0,0.0,0.0,0.0,-0.012752949413827897,0.10120011239571085,0.2300662143421031,0.16977500569658135,-0.5611784622224493,-0.9622969500194007,0.7693143249389534,0.20212150057887004,0.23502837492052378,0.17725185185071884,0.2580593119182235,0.1656619122782527,0.5167276828501511,32.52049752213447,2.2674418604651163,-0.008326748924927874,11.616279069767442,-0.1734086472130871,-19.346373221664365
s332,12.865961298482315,-0.7200122697030807,-0.3529311614863219,0.47947645882251144,-0.4483904762327778,0.6721684087146067,0.14463484205832902,4.647347756244871,2.4403879310344827,0.03879310344827586,0.0,0.0,0.3017241379310345,0.0,0.3017241379310345,0.0,0.0,0.09051724137931035,0.2672413793103448,0.0,0.0,0.0,-0.07711355654658703,-0.4747929747328533,-0.8396558107847761,-0.6181519608062866,-0.8414257203658826,-0.680358407751939,0.7556502950306192,0.21796975681781267,0.22908218695424584,0.31197963203885626,1.2459608693981497,-0.04789678387722239,0.714160081259438,32.086819833481904,0.7685714285714286,-0.326956021629327,4.934285714285714,-0.24335920704520125,-19.624627796544967
s333,15.282866039725858,0.5895120937658781,-1.4862062115435777,0.8863737794316677,-1.0205425459184543,0.6775691162084551,0.3742604302521698,1.8104214644116168,2.19375,0.02717391304347826,0.0,0.0,0.42934782608695654,0.021739130434782608,0.42934782608695654,0.0,0.09239130434782608,0.0,0.0,0.0,0.0,0.0,-1.5236449059535835,-1.90894128553336,-1.5840296387816402,-1.809451082263586,-0.6016892535972567,-0.9706286647086666,0.6062492742094595,0.1052350236850489,0.3571261614949956,0.3571261614949956,-1.6433518989945082,-1.7251366329968805,-0.29450084018895006,6.9541925410381165,0.04852320675105485,-0.9789583392723246,0.06962025316455696,-0.7431542826729494,-22.936242498007903
s334,11.409719985708175,1.282602318595564,1.2805759239983856,0.40767598863496984,1.5170408909357238,0.4837671416726728,0.06670046490141257,7.2528301322593585,2.0703153153153155,0.04954954954954955,0.0,0.2972972972972973,0.0,0.0,0.30180180180180183,0.0,0.0,0.0,0.0,0.0990990990990991,0.17117117117117117,0.08108108108108109,1.188967290759672,0.65626585986906,-0.3137030636891943,0.25794597232906746,-1.5357377570360293,0.40352976933735085,0.3539275488101687,0.08304230965268537,0.07037616243850386,0.07704579874803527,0.9658121740493192,1.2428737731979005,-0.16105501173857203,43.03761709124435,0.23283582089552238,-0.9248585813598482,0.41194029850746267,-0.7293592219255167,-18.073554239309566
s335,11.718327639688102,-0.8306135276999169,0.8195913894625475,0.3843891457938676,0.8802297256132333,0.4851736208157014,0.1778079118356059,2.7286391016406153,2.16175,0.0125,0.0,0.30833333333333335,0.0,0.0,0.25,0.11666666666666667,0.0,0.0,0.25416666666666665,0.058333333333333334,0.0,0.0,1.1224793331756515,-0.05702138540143916,-0.03269702745137889,0.1006062406781143,-1.1395750227382369,0.809689115778287,0.42679831620811715,0.08843246118376388,0.07847862203220798,0.08378500572833594,1.5775948545698188,0.7870621014248486,-0.2916002625152449,39.163080111897195,1.33,-0.2741554851872392,5.4366666666666665,-0.40751534535863443,-18.501646439070797
s336,14.23599869689314,2.1015967522939647,-0.2786589994896536,0.5166502824036505,-0.2894603905368341,0.6508162966053954,0.16356890552189227,3.9788509590430032,2.3737168141592924,0.0,0.0,0.0,0.336283185840708,0.0,0.3141592920353982,0.0,0.0,0.06637168141592921,0.0,0.061946902654867256,0.22123893805309736,0.0,-0.09415700786282763,-0.9010397499277764,-0.8576890254182253,-0.6766732829887983,-0.38069476112317047,-1.0906367142403524,0.874744649314035,0.19886586843733317,0.3125187451998236,0.34888098913816784,-0.22361900915187918,-0.11089087608147237,-0.30165622856259694,30.123714807610074,0.19436619718309858,-0.8856349377719644,0.4619718309859155,-0.7093927260108377,-21.512963085554823
s337,8.1070820140839,-1.823403170115506,0.4623158695496295,0.18862310087337575,-0.30551951666983895,0.60970889477163,0.254650884669397,2.3942932519680444,2.8072312703583058,0.0,0.0,0.0,0.4169381107491857,0.0,0.06514657980456026,0.0,0.25732899022801303,0.0,0.26058631921824105,0.0,0.0,0.0,0.902096047934991,-0.14162592357371445,3.6352539230765775,0.20626439508112931,-0.14412781115549045,-0.5363798864097489,0.7459318024069747,0.19683004280266336,0.14017297598742878,0.23859229955307024,2.4730207960320483,1.1249555620922989,-0.28878229883066814,39.80160519092653,21.225,2.5506783872961813,158.225,2.126714396029223,-17.75953587894473
s338,13.82597446519756,-0.32058749054018587,-0.6920121167904236,0.47017756036084457,-0.8482597646127835,0.6343542500919332,0.24643326260922233,2.574142156685441,2.498127659574468,0.0,0.0,0.0,0.39574468085106385,0.0,0.2425531914893617,0.09361702127659574,0.0,0.08936170212765958,0.17872340425531916,0.0,0.0,0.0,-0.3875433277464751,-0.7167598337370683,-0.7272597675344791,-0.6579209729654989,-0.4385058899973037,-0.8026378015395933,0.8165015806899938,0.1824365765847628,0.28772955751236984,0.31298825912605116,-0.3246305899166135,-0.3455727688282486,-0.2934867375353883,29.124496805823295,0.8456140350877193,-0.34135343302360055,3.992982456140351,-0.38687511156179866,-21.18082550420247
s339,11.971739670030162,-0.587758860696081,1.246090626572097,0.22444147687192512,0.4301689761522721,0.45207764056041666,0.03198919217118655,14.132199342239534,2.350944625407166,0.0,0.0,0.6156351791530945,0.0,0.0,0.08469055374592833,0.0,0.0,0.24104234527687296,0.0,0.0,0.0,0.05863192182410423,1.562290660879726,2.223340841622868,0.8868959922727503,1.8008754855621647,0.7545542351542334,0.07101017004206574,0.3015436270133865,0.05892156731985728,0.11305972255859204,0.11305972255859204,0.8252902191125179,1.0312733985605718,-0.057438611047431816,39.83362171619748,6.778846153846154,0.1936661244593571,33.03846153846154,-0.09692797800393023,-17.613819986902023
s340,11.975886625885357,-1.1442410126901654,0.6417035966609849,0.435871203625183,1.0006613314452495,0.46599637653073667,0.21576786127180952,2.1597117095381804,2.054905660377359,0.0,0.0,0.3018867924528302,0.0,0.0,0.29245283018867924,0.1792452830188679,0.0,0.0,0.22641509433962265,0.0,0.0,0.0,0.5061226075520107,0.18562692865441588,-0.4753123324786161,-0.001110639102173506,1.4079246807057715,0.7220320854895835,0.30742312550143286,0.07640235013549486,0.07233403313876281,0.07400511641259562,0.0789810548448525,0.42008423368106984,-0.285482446678836,37.49986820758728,0.7161290322580646,-0.5519846106127277,2.97741935483871,-0.5246606031999198,-19.06967392812366
s341,16.445028996820806,0.4741958647829525,-1.4912066623638456,0.6426699737474443,-1.5102021092836067,0.6872676893972993,0.2791797560914614,2.4617389850148923,2.5257870370370368,0.09259259259259259,0.0,0.0,0.4212962962962963,0.1111111111111111,0.2962962962962963,0.0,0.0,0.06481481481481481,0.0,0.013888888888888888,0.0,0.0,-1.5956800077461215,-1.267238691801193,-1.0642811202377411,-1.3566684777419151,-0.8695110494540496,-0.8582403243706255,0.6473776749061579,0.09419641005720863,0.35819619772703415,0.35819619772703415,-1.426217722040014,-1.5347804794401247,-0.3009831971433005,15.879799352006845,0.334375,-0.5997478835896197,1.2875,-0.5615496061248132,-23.710826995340035
s342,12.78277521045631,0.3703404280037101,0.7694747630911549,0.3466485899192794,0.5502918080718819,0.496444664205579,0.13377617381619247,3.711009591944904,2.276518218623482,0.0,0.0,0.3765182186234818,0.05263157894736842,0.0,0.19838056680161945,0.0,0.0,0.0,0.1659919028340081,0.20647773279352227,0.0,0.0,1.1919068538281659,0.360958046528041,0.16134904385876545,0.14482376423876517,-0.10513001110543924,3.5702437888220913,0.7196832148851826,0.0995322702287437,0.02239531567412691,0.07501760493477493,0.3950005045079382,0.8392191834782906,-0.3008114311919432,39.47016957881318,2.3346938775510204,0.054668347319893,12.889795918367346,-0.09088130352017981,-19.01967676945428
s343,11.220222838016678,-0.8999040765226297,0.3206615850407468,0.37137558565155887,0.492281156705932,0.38753186554433355,0.28250851215660927,1.371752881306119,2.098904109589041,0.0,0.0,0.4885844748858447,0.0,0.0547945205479452,0.1689497716894977,0.2876712328767123,0.0,0.0,0.0,0.0,0.0,0.0,0.35119033995726495,0.30807319727934424,0.2158262596611762,0.6159079081017493,1.397525394798854,0.0872536902716425,0.3251227154062848,0.06828015943526361,0.1128577066700075,0.1128577066700075,0.6005250396954745,0.24901286406121473,-0.05898797327204915,36.06425470688985,2.254054054054054,-0.04547386542967776,12.383783783783784,-0.15280029986433052,-19.43128604912865
s344,14.813720035146671,-0.2402077473787511,-1.1789688437274524,0.3748727845033624,-1.6503520119574413,0.7133044609046976,0.260407648558512,2.7391839865426317,2.883731884057971,0.028985507246376812,0.0,0.0,0.40942028985507245,0.22826086956521738,0.17391304347826086,0.0,0.010869565217391304,0.14855072463768115,0.0,0.0,0.0,0.0,-1.1427120637953867,-0.48162893452923033,-0.5822772769765654,-0.4754929930387236,-0.355993221299057,-0.7464329179050939,0.6193171075123888,0.11709430375099225,0.3681974235894998,0.3681974235894998,-1.0839930641801263,-0.574972037647702,-0.28216593976727156,22.369270427059348,2.4895833333333335,0.7680793495313728,13.765625,0.3306776935386389,-21.714487140420246
s345,11.519560843813503,-1.063578736599594,0.5500081817040284,0.4001425075616316,0.7452731805001112,0.432357365041362,0.11940202340416127,3.6210220958976977,2.044372093023256,0.0,0.0,0.49767441860465117,0.0,0.0,0.26046511627906976,0.0,0.19534883720930232,0.0,0.046511627906976744,0.0,0.0,0.0,0.4811995808390912,0.1699168765415737,-0.13948259242120298,0.1536652281371463,1.042606388626812,0.37104348341720633,0.28842516551356945,0.06359225174455214,0.1124181489525297,0.1124181489525297,-0.3705566526570281,0.39924910529471996,0.3607628333197681,36.976211470122735,0.9107142857142857,-0.4694153009573212,4.357142857142857,-0.4472904661767916,-18.96311499883081
s346,13.617990085406507,0.8012548167291664,-1.202980751870114,0.6239519473065461,-1.112289311562808,0.6416184498524453,0.34821126741423974,1.8426125455876246,2.397345971563981,0.018957345971563982,0.0,0.0,0.4928909952606635,0.0,0.3033175355450237,0.0,0.12796208530805686,0.02843601895734597,0.0,0.0,0.0,0.02843601895734597,-1.311666362943734,-1.3083156266211924,-1.0333085614229927,-1.2973991433744938,-0.4067963795051231,-0.9374490459908794,0.6168987432257704,0.09972275360208735,0.3668393878240344,0.3668393878240344,-0.23544435004274505,-1.2970689315168273,-0.2530279697576914,19.275243722202802,0.4625,-0.47545346883864026,2.06875,-0.4704257626730714,-22.114629691073674
s347,9.836276308463226,-1.7059815212946492,1.4654548645121668,0.24080309828826266,0.8270485684293112,0.4833560810085033,0.17598198458071085,2.746622514572343,2.382394366197183,0.0,0.0,0.352112676056338,0.0,0.0,0.11267605633802817,0.15492957746478872,0.0,0.08450704225352113,0.29577464788732394,0.0,0.0,0.0,1.1668967163828496,2.629123120074463,1.4149788524643185,2.0028446015132197,1.0826510726192653,0.8549812677529153,0.30584872723656575,0.07680017558987008,0.08244382919029199,0.08678297809504419,0.09418464029197589,1.55548282523272,2.04647877575723,42.50845678925994,10.216666666666667,1.3672582048509718,58.266666666666666,0.7292349788282035,-16.4081703710912
s348,13.455224234521475,0.6237714733745665,-0.06301169861051142,0.4574073946662319,0.19442352340698169,0.4879701361896781,0.16126465950607588,3.02589629795047,2.1590430622009573,0.05263157894736842,0.0,0.37320574162679426,0.15311004784688995,0.0,0.2631578947368421,0.0,0.0,0.0,0.0,0.15789473684210525,0.0,0.0,-0.15928662110448086,-0.1698298588064082,-0.43453786300842695,-0.31397822081088717,-0.8825706744653685,0.6960152053075173,0.6552796596769102,0.19092590231078144,0.13461188169802013,0.15218040451780937,-0.4764258942553555,-0.24459495013761806,-0.30046761077766426,31.486735531145797,0.4072727272727273,-0.7587422116881938,1.24,-0.6543890226160338,-20.58778590237884
s349,12.51177790155898,-0.58098046951541,0.798316976980402,0.26255534646181444,0.40396946570599157,0.4077056898095192,0.09293890430560846,4.386814035044697,2.2340074906367042,0.0,0.0,0.6179775280898876,0.0,0.0,0.09737827715355805,0.0,0.20973782771535582,0.0,0.0,0.0749063670411985,0.0,0.0,0.6620104080159684,1.2876905629994513,1.6148609583562163,1.5950290202512474,1.049018474464637,0.5110683170751618,0.3180833551056494,0.06411102130830844,0.12163283891982285,0.12163283891982285,-0.14792723473816385,0.905486223752698,-0.27215257743185917,40.19097466347479,6.115384615384615,0.36966061203614237,34.73076923076923,0.11898163051854417,-19.18353701640313
s350,13.69768538781703,-0.5085713621356769,-0.3595006191951876,0.5364826752307741,-0.36203553684862155,0.689145389482178,0.12101109544248904,5.694894232320182,2.367621145374449,0.0,0.0,0.0,0.2775330396475771,0.0,0.34801762114537443,0.0,0.0,0.09691629955947137,0.2775330396475771,0.0,0.0,0.0,-0.15920169547348798,-0.38602054798748164,-0.9185743419501351,-0.7495104557268413,-0.4523045473125667,-0.7593958577339927,0.7683002097074287,0.20866797326107725,0.25111513510085287,0.3090046054979342,-0.38376723340208857,-0.177371085305784,-0.29297712097655787,29.810596513645752,0.18227848101265823,-0.8733592653033558,0.43291139240506327,-0.7063219082667375,-20.4707333201593
s351,14.461503493852572,1.2148060521305901,-0.8103115880692334,0.7212978248430368,-0.06373282596744509,0.6352973437366339,0.2616547471336982,2.427998538899105,2.1253591160220995,0.1270718232044199,0.0,0.0,0.35911602209944754,0.0,0.425414364640884,0.0,0.0,0.0,0.0,0.0,0.0,0.08839779005524862,-0.7765307323121637,-1.3848471828685378,-0.7813070405379968,-1.45697111038928,-0.7908228545256298,-1.1167781131147252,0.7810918075365516,0.1703922299155636,0.3420141191186724,0.3495808031699705,-0.17262047233577307,-1.0271262663436838,-0.2697776908537298,16.252472426140166,0.02813852813852814,-1.0348633135614016,0.025974025974025976,-0.7541495635283837,-21.67714580870165
s352,14.649426072313032,0.44275097885216735,0.8286495269634709,0.4765773108381024,1.3617454675950413,0.48530152024788137,0.10974210449572108,4.422199870121896,1.9705392156862744,0.0,0.0,0.3088235294117647,0.0,0.0,0.3627450980392157,0.06372549019607843,0.0,0.03431372549019608,0.0,0.024509803921568627,0.20588235294117646,0.0,0.5161624874023851,0.5137250818131912,-0.7616010006981144,-0.11532963574160476,-1.4242786662661846,0.4195254693090551,0.38403110297099596,0.0833110918325577,0.07640967921674788,0.07963825721182173,-0.299972759213199,0.5429859748406098,-0.2275611681157347,37.59937236695,0.3216216216216216,-0.7975768037534083,1.2918918918918918,-0.6377584150573238,-20.862385890254245
s353,12.793456170016281,0.35675038376663154,0.1316607863648762,0.31338716349442525,-0.4208079742816795,0.5684070750765412,0.31752406966932967,1.790122795000964,2.5914590747330957,0.0,0.0,0.3807829181494662,0.0,0.26334519572953735,0.15302491103202848,0.0,0.0,0.060498220640569395,0.0,0.1423487544483986,0.0,0.0,0.27621897601457607,-0.3479789512587831,0.5312246594248788,0.07114161422459744,-1.3534167989402566,0.48151119499677947,0.33129811746961474,0.0813108416639579,0.10351029536748872,0.1092255877497427,-0.547106902515834,0.30254824708876477,-0.23361691372371735,28.29603410869924,2.622093023255814,0.06232887558283741,14.877906976744185,-0.06773473002068102,-19.200587640714208
s354,11.988922547021993,0.7887982464220027,-0.9988673849646625,0.6408821694124993,-0.6758088394872119,0.5928273859926466,0.4358883636191898,1.3600440742909239,2.2801015228426396,0.0,0.0,0.0,0.4517766497461929,0.0,0.3147208121827411,0.16751269035532995,0.0,0.025380710659898477,0.0,0.0,0.0,0.04060913705583756,-0.7126128015718637,-1.6737295129575407,-0.5920175739623502,-1.3133462740146244,-0.2275394615819987,-1.0236832715861064,0.773514052455879,0.12864895626043615,0.33388941909673214,0.3384383212642625,0.7331482654687675,-1.1636233814819663,-0.20973927224819017,19.09576830141124,0.6370967741935484,-0.27893030198394253,3.6693548387096775,-0.26687978235733395,-20.532237054092608
s355,10.215599241980028,-1.7783823574235007,0.5020801730940265,0.24401372204484567,0.3367861362627355,0.4516920800296389,0.11005317999794234,4.104307390645905,2.323884297520661,0.30578512396694213,0.0,0.4380165289256198,0.0,0.0,0.10743801652892562,0.0,0.0,0.0,0.1487603305785124,0.0,0.0,0.0,0.48804739751943105,1.209382322019499,2.0342812906920025,1.1109497749875392,0.9980058501715586,1.3005849886550893,0.30018091005851283,0.06716881285909962,0.10549949061124186,0.10549949061124186,0.5432549722733399,0.4750572484006887,-0.29674747542716795,36.70700920082753,7.829059829059829,1.1083323544905626,52.72649572649573,0.8124453317835323,-17.042570811194388
s356,13.170059482725549,1.6906663680777687,-1.0536701501581451,0.356252542454893,-1.4328133735023376,0.6467688288576446,0.28629079559605825,2.2591324583491064,2.8016923076923073,0.08461538461538462,0.0,0.0,0.4461538461538462,0.11923076923076924,0.13076923076923078,0.0,0.0,0.0,0.05,0.16923076923076924,0.0,0.0,-1.183461551998552,-0.36915820612345535,0.2134149952316262,-0.07691251424000026,-0.793015672645199,-0.3748828336595836,0.5920781671156587,0.12146558039665759,0.3300634070345323,0.3300634070345323,-0.8321496484074188,-0.5644687831013133,0.08095880323501663,24.56028252768478,4.242647058823529,1.1801261123827103,31.308823529411764,1.0193496800171966,-21.271435459684177
s357,12.731569174718976,-0.7941618455053655,0.5880846207208227,0.24601914147373058,0.07642133980189292,0.4511785772948062,0.1316772736803616,3.42639670980745,2.357591240875912,0.0,0.0,0.5364963503649635,0.09854014598540146,0.0,0.08759124087591241,0.0,0.16058394160583941,0.072992700729927,0.0,0.043795620437956206,0.0,0.0,0.584488639714182,1.2156649150816297,1.5289019202215979,1.804073668300237,-0.18446529196540826,2.9391022467615655,0.30528919249161546,0.06958119190867776,0.02288480789563732,0.11424245858291286,0.7952468382684029,0.7997157768717498,-0.2936023654539627,38.93186885651917,7.28125,0.5468428307686325,46.645833333333336,0.35233821978838054,-19.06625211198675
s358,12.74151718007906,-0.9391351454937177,-0.09860751925877545,0.47535745899106663,0.5014451669650181,0.4226028803668964,0.09736244065666809,4.3405123938617445,1.986051282051282,0.13333333333333333,0.05128205128205128,0.4358974358974359,0.0,0.0,0.28717948717948716,0.03076923076923077,0.06153846153846154,0.0,0.0,0.0,0.0,0.0,0.20384583782938595,0.06771426795375587,-0.6553826747477177,-0.3833916513968618,1.0815738934497958,0.13651076203296408,0.3597751635754339,0.07070004257246175,0.1123372113186963,0.1123372113186963,-0.6898472076583458,-0.30449297369344874,0.3876346213481534,28.119691599849045,0.15178571428571427,-0.9478835712139227,0.5505952380952381,-0.7075966914416978,-20.329871928812526
s359,13.697212361513316,-0.16195705990377166,-0.8275087586601738,0.6289978867117619,-0.6526230689421088,0.6728605508309943,0.22439641898729046,2.9985351542936356,2.3313333333333333,0.0,0.0,0.0,0.319047619047619,0.047619047619047616,0.3619047619047619,0.0,0.11904761904761904,0.0,0.1523809523809524,0.0,0.0,0.0,-0.9037912090064462,-1.162569603330738,-1.0085048808594843,-1.1403177307015764,-0.10420636198437977,-0.8429669016949257,0.7220714998420732,0.18323113675017694,0.2837842976017056,0.3098794054271498,-0.8529881113258243,-0.8518274560405869,-0.23033869475459728,23.08873911107416,0.1868421052631579,-0.8251703373268854,0.6526315789473685,-0.6637881152604443,-21.36102912880764
s360,11.333920453309533,0.3738378236077717,1.0132969547019153,0.4867097188439856,1.942365437307075,0.42332047920455335,0.1677345651548966,2.523752208220367,1.870721649484536,0.0,0.0,0.32989690721649484,0.0,0.020618556701030927,0.36597938144329895,0.14948453608247422,0.0,0.0,0.0,0.0,0.0,0.13402061855670103,1.1636200539619161,-0.9967992569971375,-0.33488464149782027,-0.2122461215876375,1.6940274699188593,0.34618655023929595,0.3369133694795862,0.07475304593269157,0.07601876612279103,0.07784614030843504,1.2463995838618207,0.637645303338864,-0.26172908763316804,37.20599086608045,0.2511737089201878,-0.865919787589011,0.903755868544601,-0.6765664888038787,-18.813860710554877
s361,12.588592389108829,2.543339733580442,-1.2466727402772089,0.5487652097981015,-1.3453543009411055,0.6482788332891084,0.3685066394481641,1.7592053002352985,2.5546724890829693,0.0,0.0,0.0,0.5545851528384279,0.0,0.23580786026200873,0.0,0.0,0.034934497816593885,0.0,0.17467248908296942,0.0,0.0,-1.110407544450314,-1.7943730363406383,-0.8406310447681101,-1.1484496452610264,-0.2565255930476078,-1.0642562138589677,0.6082272719331313,0.09415313160284193,0.3755298752805649,0.3755298752805649,-1.1979547938954087,-1.3007987824117946,-0.2896624339039965,21.032983854682772,1.262962962962963,0.22495731042215078,6.5777777777777775,-0.03414997486727604,-21.82643688719446
s362,14.46978369650596,-0.7586552020068781,-0.003950126991434801,0.4862347140991384,0.6743234855007537,0.4243996816650821,0.06775886961839564,6.263381960992206,1.9541968911917098,0.17616580310880828,0.0,0.48186528497409326,0.0,0.0,0.31088082901554404,0.0,0.0,0.0,0.0,0.031088082901554404,0.0,0.0,0.25727764552415255,-0.08150093173672347,-0.6638217544492663,-0.3651172999769322,1.0381566472898969,0.04413313170086304,0.35086296011779133,0.06985551149503941,0.11516909776261279,0.11516909776261279,-0.8040032440927619,-0.2531024740468705,-0.2338472471148344,27.554357080291798,0.11666666666666667,-0.9727447135089966,0.29444444444444445,-0.7297908818205268,-20.918970087125963
s363,10.98556901423778,-1.0837121148168871,-0.3387610742270284,0.3448966707900047,-0.5781555791487899,0.5603070286229704,0.3205400973383023,1.74800916726376,2.515510204081633,0.18775510204081633,0.0,0.33877551020408164,0.0,0.2530612244897959,0.1836734693877551,0.0,0.0,0.036734693877551024,0.0,0.0,0.0,0.0,0.128788832144401,0.016333876480041785,0.051463035443966625,0.39727375393547004,0.3815477632361722,0.35535707086814955,0.3592640982343898,0.07506311391930659,0.10505080434846388,0.10599296402871915,-0.10645636018119112,-0.011193165212076946,-0.299293499734479,29.518037319351773,1.431111111111111,-0.22995256899361943,10.488888888888889,-0.09460652585381123,-17.984977543346105
s364,11.112659831915689,-0.275829258433885,1.5251361159102361,0.24853902361970512,1.0895255411653622,0.41645012520655444,0.0721785742951703,5.7697194669363325,2.2409056603773587,0.07169811320754717,0.0,0.4981132075471698,0.0,0.0,0.10566037735849057,0.0,0.2,0.0,0.0,0.0,0.0,0.12452830188679245,1.1924555673488513,1.643913092756058,1.7577716100081704,1.34540254129681,1.2664523098285263,0.45455297389590177,0.33034055439110577,0.07753442832185019,0.10169769069446076,0.10354673961617825,2.083450369817481,1.6749244198379658,0.9024448408889773,46.81547550857037,5.526785714285714,0.14770066590688602,31.116071428571427,-0.021849338215912336,-17.893938447331536
s365,13.248295213676112,-0.42829378545133084,-1.0696609468536897,0.2527921107355813,-1.6423748041336623,0.6666997838061037,0.32336615383827105,2.061748812893845,2.9027702702702705,0.0,0.0,0.0,0.6621621621621622,0.0,0.09121621621621621,0.0,0.0,0.24662162162162163,0.0,0.0,0.0,0.0,-0.7903018438815271,-0.22332233525897607,0.5426693187826254,0.10684477358255766,-0.01674965295310154,-0.8020969752988291,0.6201705021898173,0.09044195929087716,0.4114612435404255,0.4114612435404255,-0.3983879789505413,0.04448008114362959,-0.27431831341966156,29.10398399762102,12.462962962962964,3.5778201656521875,98.28703703703704,3.157403024076075,-21.84332997178521
s366,15.127726234698974,0.0048135600047008635,-1.1102666062095943,0.49538928641121505,-1.2693468232224026,0.6426616089378124,0.3039969672560497,2.114039540389603,2.5460775862068963,0.0,0.0,0.0,0.5043103448275862,0.0,0.23275862068965517,0.0,0.15086206896551724,0.04741379310344827,0.06465517241379311,0.0,0.0,0.0,-0.9044885184931658,-0.8577358041972883,-0.7675976978448112,-0.8922251557097243,-0.31671211234248964,-0.6840909256015729,0.6477904769468331,0.1104859612513066,0.35645901936784935,0.35645901936784935,-1.1287177984705474,-0.9734709614105358,-0.29619627702283563,23.74463639214906,1.5518518518518518,0.4224936240103815,9.85925925925926,0.2589083304887109,-22.931314918042176
s367,14.556003477869691,2.879784928021832,-1.2306310976725812,0.5954967982951874,-1.22395296848239,0.6450817511057307,0.4002395778963622,1.6117390351455143,2.4914084507042253,0.0,0.0,0.0,0.5352112676056338,0.0,0.26291079812206575,0.0,0.0,0.0,0.0,0.20187793427230047,0.0,0.0,-1.3155206223639473,-1.2333194033076391,-1.0548866686080027,-1.25541723030465,0.00786837094245154,-0.8465282643665792,0.672008999198847,0.09703960700533328,0.3641757282644022,0.3641757282644022,-0.8189856236804677,-1.3566657724544182,-0.3010393037409666,20.365557823760042,1.3821428571428571,0.5022388018216273,8.157142857142857,0.23679141397029846,-23.203114956953797
s368,13.198030576635013,0.7255701289340377,0.2906001761419575,0.3039761757878205,-0.2370968505746976,0.5391066336440153,0.3066148858062114,1.7582532962367157,2.5433212996389893,0.0,0.0,0.4151624548736462,0.0,0.22382671480144403,0.1371841155234657,0.0,0.0,0.021660649819494584,0.0,0.20216606498194944,0.0,0.0,0.3674459146295695,0.11045629577043166,0.8704934688531912,0.19474766519238576,-1.573267750506378,0.4495725024957026,0.4033254519625137,0.08084543547362394,0.10788066384952566,0.11308869589743378,-0.3279881983798249,0.37211075722632586,1.5041012625500272,30.13680194141971,2.7960526315789473,-0.03035097357322107,16.861842105263158,-0.08391458255502075,-19.441592220261942
s369,14.654347699449596,-0.21541287499919526,-1.3217768926843667,0.5400617906503544,-1.2915895924935774,0.6164958454883288,0.2759679174164248,2.2339402755939224,2.455943396226415,0.1509433962264151,0.0,0.0660377358490566,0.46226415094339623,0.0,0.25,0.0,0.0,0.07075471698113207,0.0,0.0,0.0,0.0,-1.4396853193265828,-0.8908100728384095,-0.9812758410052139,-1.0098569132183566,-0.5632750145036527,-0.802452938595843,0.6905690949861706,0.10086755336074932,0.354819835179178,0.2399749018723398,-1.206745792238645,-1.342890034304219,-0.25678429837162997,20.420069478103798,0.6490566037735849,-0.34732823562305726,4.656603773584906,-0.19840706658852925,-22.218345507315245
s370,11.384391768586287,-0.9110518784734996,1.2431166042800934,0.22316245686001865,0.48007265223056683,0.45706579937386865,0.05523699419721414,8.27463199286323,2.3512211221122112,0.0,0.0,0.5874587458745875,0.0,0.0,0.0924092409240924,0.0,0.0429042904290429,0.19801980198019803,0.0,0.0,0.07920792079207921,0.0,1.5072602488355173,1.7784417248179736,2.0539471918882475,1.2051817207465727,1.257313578805362,1.317908358098985,0.28664936359124915,0.06723132843695859,0.10689820283191812,0.10689820283191812,0.9643338652978172,1.0489434116859917,-0.0722752059963888,40.8123157421811,8.026785714285714,0.5664601074501154,46.285714285714285,0.25343753848818285,-17.393527757802193
s371,13.969089277905876,-0.8359933867602435,0.1516992987920377,0.6116281497769096,1.4092004343483076,0.42532124944278454,0.13987108019282293,3.040809071156431,1.749832402234637,0.0,0.0,0.43575418994413406,0.0,0.0,0.44692737430167595,0.0446927374301676,0.07262569832402235,0.0,0.0,0.0,0.0,0.0,0.13182517345548903,-0.5268642162126592,-1.053140057020229,-0.9541274916311632,1.301032435437046,0.12373781096637518,0.31541947600629855,0.0700911540808424,0.09994575979816825,0.09994575979816825,-1.1325433918764112,-0.20730856966004457,-0.2321910788380358,22.915965610799542,0.07916666666666666,-0.9794660073075588,0.325,-0.7147069535399063,-21.313497026553016
s372,14.270892320700414,1.2471237100900117,-0.8650634607292869,0.6825328459517166,-0.5642501823461488,0.6729677044015437,0.20058026230072962,3.3551043192503385,2.2503571428571427,0.0,0.0,0.0,0.3826530612244898,0.0,0.39285714285714285,0.0,0.04591836734693878,0.061224489795918366,0.0,0.0,0.11734693877551021,0.0,-0.5760388943410549,-1.2136063346310426,-1.1740583911579856,-1.2831382249910521,-0.46536327550054823,-0.9134030892633355,0.6922824777477542,0.14310256836620627,0.33332175219067434,0.338449779147454,-0.8173737984460018,-0.962491522238822,-0.2911648509496805,19.48779456638121,0.06060606060606061,-0.9889028362801169,0.1341991341991342,-0.737133385668794,-22.300675285710913
s373,9.410978518745713,0.7987606131695107,2.2070296636674884,0.22420539731201306,1.3085427667728282,0.47600235009750597,0.09033551894503732,5.2692712197415865,2.4023355263157895,0.01644736842105263,0.0,0.34539473684210525,0.0,0.0,0.08881578947368421,0.0,0.08881578947368421,0.0,0.0,0.13157894736842105,0.2894736842105263,0.039473684210526314,2.2424197795691585,0.9987690535898767,2.4249697851335132,1.9241540828334869,-1.0112032904919086,1.2421660583112675,0.4468355628094228,0.08822246926244266,0.061454733953218266,0.06913657569737054,0.6070667646524478,1.9852443057474471,-0.3014502175152717,46.72837861125732,8.916666666666666,0.39597796963629445,46.824074074074076,0.06759058609000167,-16.09460498694387
s374,11.188972997535084,-1.3579639723645793,-0.029352721134543378,0.32528048021345646,-0.27176827726974034,0.5828987291255144,0.26673771199265583,2.185288029843952,2.5496311475409836,0.09836065573770492,0.0,0.0,0.30327868852459017,0.0,0.1598360655737705,0.14754098360655737,0.0,0.0,0.29098360655737704,0.0,0.0,0.0,0.42166714749706913,-0.22027684444397522,0.30447828254285664,0.49279875504967147,-0.7291942265930507,-0.7062334698789385,0.6457943941523671,0.19091537139044934,0.2139767593659959,0.25288162470526787,1.9268463607488404,0.5651650080039033,-0.3006512908664255,37.54204741197254,4.758974358974359,1.1776143428356671,29.712820512820514,0.7439849632696252,-18.463071543198716
s375,14.21478922008639,-1.0543756755640714,-0.13035191581253983,0.4574196333051406,0.4364191315575082,0.41964716034499727,0.07030620524304565,5.968849533185504,1.9986734693877553,0.23469387755102042,0.0,0.4897959183673469,0.0,0.0,0.2755102040816326,0.0,0.0,0.0,0.0,0.0,0.0,0.0,-0.11459850801801107,0.3577028369550448,-0.4995234378317117,-0.2309341509946639,0.9762867330362749,0.25409028666404593,0.30984172732675525,0.0666501078650676,0.1195701041651445,0.1195701041651445,-0.4573927000766734,-0.32540407385840875,-0.12603621785994734,26.675807275733487,0.2222222222222222,-0.8929738875939359,0.8080808080808081,-0.6861837664903739,-20.92466765927065
s376,16.565220647676654,-0.04255846667036605,-1.5445404705564467,0.766590608422752,-1.212444919383136,0.6631537406030267,0.3327107618012783,1.9931839205102586,2.3282978723404257,0.1702127659574468,0.0,0.0,0.40425531914893614,0.06382978723404255,0.3617021276595745,0.0,0.0,0.0,0.0,0.0,0.0,0.0,-1.7922147134042157,-1.4152764177827464,-1.4563801551652094,-1.5993390878222682,-0.6430543916673949,-1.0008143787337878,0.6452952575520547,0.11264041505621683,0.3497095195004173,0.3497095195004173,-1.5198926358468074,-1.7371815351948863,-0.30067394189853647,10.245509235588372,0.21122994652406418,-0.7008291243470259,0.767379679144385,-0.6118313682680802,-23.358961101915412
s377,14.278223955517442,-0.2350604381806839,-1.396505040544926,0.6009486334171301,-1.1895040943789272,0.5899685035941019,0.37876729701534195,1.5576014831349214,2.3806060606060604,0.15151515151515152,0.0,0.025252525252525252,0.4696969696969697,0.0,0.26262626262626265,0.09090909090909091,0.0,0.0,0.0,0.0,0.0,0.0,-1.1838607012567468,-1.4250414330817824,-0.9174029494581136,-1.2445036446502706,-0.7923416941506891,-0.84757097016286,0.629096618868583,0.0981704097581619,0.351700244841833,0.2503517878100402,-1.4468450926230425,-1.6037324669531046,-0.162606464243364,15.954859356475927,1.0929487179487178,0.256019360811625,6.346153846153846,0.06828788823707838,-22.09438728501526
s378,14.693648779673365,0.5965971477274762,-0.26387885566718666,0.5590066827152333,-0.0370642787986445,0.5929154418306686,0.3508236475339583,1.6900669210825556,2.239859154929577,0.0,0.0,0.3004694835680751,0.0,0.22535211267605634,0.3568075117370892,0.0,0.0,0.0,0.0,0.11737089201877934,0.0,0.0,-0.28360992012657443,-1.060790002264071,-0.47240172578944317,-1.1043335977285698,-1.435260195071083,0.4241976776381799,0.4149745718509314,0.08533090160020558,0.09124324884574747,0.09525394110270338,-0.4841106020916291,-0.5369081170132632,-0.28521055602434714,25.02125771529945,0.18947368421052632,-0.86573982246491,0.531578947368421,-0.6945732060031976,-21.111087794705828
s379,11.440428338279332,0.5281457505471715,1.2379050975261268,0.43424820882812426,1.910231071351693,0.39825483691135005,0.13908337933942694,2.863425082154687,1.910392156862745,0.0,0.0,0.35294117647058826,0.0,0.0,0.30392156862745096,0.18627450980392157,0.0,0.0,0.0,0.0,0.0,0.1568627450980392,0.8318508621902984,0.48612640812939817,-0.28562185361486747,0.2566563008746491,1.6875512056664805,0.4944662978503074,0.38377735797482704,0.07838044821519086,0.07344083057775977,0.07563673581098182,1.5698496592537168,1.0196904675644027,0.4871515276914189,41.79899036927494,0.3419354838709677,-0.8487909216154835,1.1258064516129032,-0.6775194441147397,-18.752258460709424
s380,11.257167071386151,-1.064327899821946,0.46160859214456995,0.290186229375108,0.06556158473352788,0.4867357565292836,0.2852469605163865,1.7063661454906975,2.4035114503816795,0.0,0.0,0.44274809160305345,0.0,0.15648854961832062,0.13740458015267176,0.05343511450381679,0.17557251908396945,0.0,0.019083969465648856,0.015267175572519083,0.0,0.0,0.3140907473975933,1.1522262985845881,0.8116036084640665,1.2411571374609018,1.396205072915416,0.3943319089704427,0.31042928640662987,0.07104066299147785,0.11124147996038317,0.1120193924076586,0.04952228165238083,0.7560895090884218,-0.30154460227521196,36.89619460845999,3.8333333333333335,0.30345543954866727,21.020833333333332,0.050059932037314854,-18.348696086234423
s381,13.179700187116879,-0.7385668577219182,0.0741337297643268,0.58749083035359,0.9790878005203293,0.4591553198405569,0.21645811238380328,2.121220197219616,1.8597340425531916,0.0,0.0,0.425531914893617,0.0,0.03723404255319149,0.4148936170212766,0.06914893617021277,0.0,0.05319148936170213,0.0,0.0,0.0,0.0,0.23610513778079775,-0.9487095870072136,-0.8240887523678241,-0.8048244784386273,1.1516737525002072,0.04537136891369848,0.3220073091507074,0.0712367252443721,0.09887819107574325,0.09887819107574325,-0.09479680141212324,-0.25199137372661523,-0.22387954478636388,24.891548305613316,0.09188034188034189,-0.9695510926682196,0.5641025641025641,-0.6864878030268348,-20.681553266141396
s382,11.483993160936821,0.16696518027372614,1.3123594242730094,0.2991501943194961,0.9761922817458014,0.455335822040408,0.09467875134878247,4.8092715160872626,2.2259143968871595,0.0,0.0,0.43190661478599224,0.0,0.0,0.17120622568093385,0.0,0.14007782101167315,0.0,0.0,0.07782101167315175,0.17898832684824903,0.0,0.9171517465122714,0.6863268976666158,0.3039936487332888,0.7976914590392856,1.357051716159653,0.6629339996708643,0.3589478289530773,0.07689026466390932,0.09411942744012097,0.09520125993943271,0.6284838602336031,1.2728041510097938,-0.30135206398356457,43.06926598934046,2.9204545454545454,0.014942164905100128,13.448863636363637,-0.22115168469607419,-18.046669331216115
s383,14.104939149565677,-0.785316261424295,-0.13381921771938599,0.3251406192717472,-0.5263335249465867,0.5535144450184954,0.168962209215574,3.275965954684472,2.4634456928838953,0.0,0.0,0.3333333333333333,0.2846441947565543,0.0,0.16853932584269662,0.0,0.0,0.21348314606741572,0.0,0.0,0.0,0.0,-0.15011175960808074,-0.07726742635731987,0.3925033024630039,-0.13587272551603022,-0.5739206453714385,-0.8519011319649572,0.7060349307273462,0.19306264470370765,0.2875998704699318,0.20496764879613144,-0.014728541291538578,-0.08303376221352624,-0.301290408295298,31.203838267184224,2.3333333333333335,0.12057616760661062,14.65,0.04485516140052775,-20.621942367408742
s384,11.343439756826694,-1.2691237288409962,0.22632264340641858,0.30915040637187924,-0.22392007721907167,0.5679240233768619,0.373211797835029,1.5217204457933604,2.5583955223880595,0.0,0.0,0.33955223880597013,0.0,0.2873134328358209,0.17537313432835822,0.0,0.19776119402985073,0.0,0.0,0.0,0.0,0.0,0.19170223471361394,1.013231368619519,0.16188342608341805,0.9684566928128998,1.3307094524729643,0.20297342176096198,0.37065076300382116,0.0788121670368646,0.0893728570147193,0.09131574521069145,0.9825938374311101,0.7615811827926601,-0.2710699835887663,36.2382179263088,2.978723404255319,0.372184628764248,21.27127659574468,0.34678008788310005,-18.009161370798523
s385,14.496020979225477,0.3982154517363372,-1.2638625922590223,0.25837109200223196,-1.747374443723944,0.6571196571703127,0.29740541403209564,2.2095080525312736,2.9551971326164876,0.15053763440860216,0.0,0.0,0.45878136200716846,0.1827956989247312,0.07885304659498207,0.0,0.0,0.053763440860215055,0.0,0.07526881720430108,0.0,0.0,-1.2114009691981715,0.5284835306299811,1.079225014713517,0.5808519873138808,-0.10177548283192073,-0.9213072505906947,0.5852939755901901,0.11022601980290801,0.33226855982417475,0.33226855982417475,-0.7851328701998523,-0.4292730025207337,-0.18455925506557108,21.296733887058448,10.704545454545455,2.6429721596422886,80.4090909090909,2.222698648654911,-22.164245096416202
s386,14.533940330017865,-0.32743322521702345,-0.6293495295187054,0.6455461060652489,-0.14854635941809097,0.5963657711725742,0.18181869304183212,3.280002518967424,2.1028865979381446,0.0,0.0,0.21649484536082475,0.26804123711340205,0.0,0.4020618556701031,0.0,0.0,0.1134020618556701,0.0,0.0,0.0,0.0,-0.6423755850865948,-1.0982489867314282,-1.2069764011269728,-1.131882762282596,-0.4015588220107131,-0.761714165811184,0.6791080133177232,0.2017098378296746,0.25147019851240426,0.18317073058866506,-1.0329468465358629,-0.8053028199693484,-0.27899320513777454,20.66277419436168,0.05128205128205128,-1.0069024103995636,0.053613053613053616,-0.7504486368242164,-21.82057698940036
s387,10.919070252698033,-0.286426967014117,1.2884321678767796,0.31942996210346974,1.1591555400407993,0.4199541044880705,0.08327754294619011,5.042825347998372,2.121404255319149,0.0,0.0,0.48936170212765956,0.0,0.0,0.19148936170212766,0.0,0.22127659574468084,0.0,0.0,0.0,0.0,0.09787234042553192,1.4191871938028502,1.0480012937506378,0.37225151215110847,1.0417702060463516,1.3130079662548342,0.6043566449632182,0.35736570083250213,0.07071284281483084,0.09848867216505561,0.09892835373722104,2.7837678405812394,1.4484492420652,0.006818787112007961,45.6472850269827,2.368888888888889,-0.08193249943925937,12.693333333333333,-0.1885852623321585,-17.998171678422374
s388,16.596794435481403,0.012003447195634051,-1.5753053684211469,0.7098696204232132,-1.4120201184181895,0.6737225531523694,0.3149645392083104,2.1390425564916837,2.439285714285714,0.17857142857142858,0.0,0.0,0.3673469387755102,0.12755102040816327,0.32653061224489793,0.0,0.0,0.0,0.0,0.0,0.0,0.0,-1.4515570375598752,-1.4163321744605883,-1.472309873195654,-1.5071211520581296,-0.8505009958822928,-0.7401231829929213,0.6472749437828555,0.11058630785828202,0.3400885225596535,0.3400885225596535,-1.7481913416890587,-1.7160110928245766,-0.20055246200416244,11.551376828382985,0.14583333333333334,-0.840285074082969,0.515625,-0.6683256424542507,-23.512170097029006
s389,13.953594185956993,-0.6408639362242118,-1.389425317833199,0.26806218681741795,-1.8083201171045056,0.6453546664264493,0.32484348752874215,1.986663396997757,2.9181647940074904,0.1947565543071161,0.0,0.0,0.41947565543071164,0.20599250936329588,0.08614232209737828,0.0,0.09363295880149813,0.0,0.0,0.0,0.0,0.0,-1.5003343007993173,0.9297446419227801,0.5471188153528548,0.6153217926345194,-0.7783262559105589,-1.1036685908146306,0.5257321035310426,0.09649888089172608,0.3083531726095989,0.3083531726095989,-1.3174617406345805,-0.8700543974386555,-0.2243544032504131,19.58515645827174,9.771739130434783,2.8258350548460927,106.5,3.7794594612610433,-21.498035656497944
s390,12.979448692411072,-0.5366701257789733,0.19556370398998316,0.5364935205828737,0.8457601152331194,0.4494456643316782,0.05946064291576303,7.5587084547404055,1.8898989898989897,0.0,0.0,0.4898989898989899,0.0,0.0,0.3787878787878788,0.0,0.03535353535353535,0.07575757575757576,0.0,0.020202020202020204,0.0,0.0,0.5363823897568074,-0.7159473320959747,-0.9553543973797358,-0.6228315901229474,-1.3248358258109625,0.11398986396982713,0.30420620718322966,0.06632714427493967,0.10963154101502838,0.10963154101502838,-0.36156235461071784,-0.13662994982196802,-0.2442666799851611,28.261446166192485,0.07111111111111111,-1.0042182827567026,0.3422222222222222,-0.7198523891019578,-20.251253418505772
s391,12.264926792610227,0.7642472682657951,0.7938286083074703,0.48887356207538357,1.3200202297428465,0.5008608939050612,0.0757080577319993,6.615688064248989,1.9729411764705882,0.0,0.0,0.3137254901960784,0.0,0.0,0.37745098039215685,0.0,0.024509803921568627,0.0196078431372549,0.0,0.06372549019607843,0.20098039215686275,0.0,0.4884568401973009,0.4205726731067417,-0.734047275743993,-0.17349126542361537,-1.4977021452469017,0.4100998069713582,0.3448480257842839,0.07413260215671083,0.07636130873393945,0.07757019488803876,0.3519502604509009,0.5362841890650375,-0.2763124076456861,36.83489308263886,0.11168831168831168,-0.9769559830829325,0.4103896103896104,-0.7183257748374463,-19.256419784364784
s392,12.769109940516836,-0.7514588923833893,-0.5020575109086909,0.48361965506345783,-0.4558034750139398,0.6363889181154595,0.1921355948111929,3.3121864730000903,2.4085,0.12727272727272726,0.0,0.0,0.2863636363636364,0.0,0.2863636363636364,0.0,0.031818181818181815,0.0,0.2590909090909091,0.00909090909090909,0.0,0.0,-0.41010517622156856,-0.38417062351146014,0.6923416317879676,-0.49140586172393225,-0.8488262286123168,-0.8930639001197332,0.7850457348165172,0.18759971514106197,0.16254190984344621,0.25990203858216016,-0.6915662437914081,-0.21127252824646228,-0.21850647316853894,31.516621776987936,0.8412698412698413,-0.2623779704588338,10.203174603174602,0.2982171239198636,-19.54014294555121
s393,13.568673777855901,-0.8298830939001043,0.4281886366788413,0.3897410248944046,0.4287645804042078,0.4408472273344025,0.06034433915165561,7.3055274700494826,2.083478260869565,0.0,0.0,0.5652173913043478,0.0,0.0,0.24347826086956523,0.0,0.06956521739130435,0.12173913043478261,0.0,0.0,0.0,0.0,0.24090405741156443,0.6911390066470812,-0.2650470296102767,0.4672421398270372,0.7560911005494899,0.18808066601183912,0.2819643398612987,0.05933597503005611,0.11685935771500494,0.11685935771500494,-0.3062821132321773,0.3257348349752727,0.22725318591371463,36.663423271890146,0.6904761904761905,-0.6347122345914625,3.7698412698412698,-0.499562329001204,-20.07195889273447
s394,12.544646553466636,-0.39630358474583355,0.7393231303090279,0.3061081909468556,0.47465999002557313,0.46866978167689577,0.3124281316739815,1.500088289635686,2.3533467741935485,0.0,0.0,0.3225806451612903,0.0,0.14516129032258066,0.13709677419354838,0.2620967741935484,0.0,0.0,0.0,0.0,0.13306451612903225,0.0,1.1818637152149156,0.41569320929150283,0.9271506754303903,1.3001059698516269,2.0209530080880875,0.8474716560501,0.40303791574702746,0.09052525379393911,0.09345879317110461,0.09571081228366135,1.1341885476487674,1.0543759024025088,-0.23020411733088017,39.92471227931174,3.711764705882353,0.1748971169940657,18.394117647058824,-0.0957305980934047,-19.33645012315517
s395,11.691039188978543,0.5811353076008549,-1.4375496029227521,0.4983498975355926,-1.552813581105549,0.5718233637697138,0.5004441019280087,1.1426318375353204,2.5396428571428573,0.0,0.0,0.0,0.5535714285714286,0.0,0.16071428571428573,0.24107142857142858,0.0,0.044642857142857144,0.0,0.0,0.0,0.0,-1.731499583571212,-0.8099364192086763,-0.4443507591872506,-0.8515500565415007,-0.26589625552089163,-0.7908833480933355,0.509145942740189,0.0748749568772759,0.3428341729358578,0.3428341729358578,-0.8381639071027015,-1.508696930132222,-0.27441453140420546,19.089883921755092,2.9876543209876543,1.1934435687652758,21.969135802469136,1.0234673652385242,-21.913288171998268
s396,10.083461183653636,2.5919059287826305,-0.8597147375321877,0.3379337993793447,-1.2093309922679705,0.5819397091653424,0.37909744087995895,1.5350663085842708,2.708125,0.0,0.0,0.0,0.5703125,0.0,0.0859375,0.125,0.0,0.0,0.0,0.1796875,0.0,0.0390625,-1.0182620255043289,0.7047137401748712,0.9841597786442001,1.2838212535741276,-0.10984884223041702,-0.5914896118907468,0.6826435073318802,0.09622758356120091,0.34919330599339576,0.34919330599339576,0.38748236223852983,-0.547529951511402,0.051232750310708175,29.594816763050265,8.0,1.5360726351870109,61.09090909090909,1.3710127728380535,-19.85518647713905
s397,12.016954670306072,-0.8017090664651783,0.8467527871520601,0.36947990643637646,0.8146480377310691,0.4814849345026023,0.12562955827642777,3.832576832302249,2.161589958158996,0.0,0.0,0.39330543933054396,0.0,0.0,0.24686192468619247,0.0,0.11715481171548117,0.0,0.1799163179916318,0.06276150627615062,0.0,0.0,1.1290083726346942,0.2855369542992829,0.3317709613211507,0.1805561416051835,1.0290069327182132,0.7416421343644032,0.4400693450017271,0.08057957183998261,0.0931021392496046,0.0940586680775115,0.8630088889250511,0.7866825666516305,-0.3016144891894483,40.02094406920714,1.5593220338983051,-0.15257048011982147,7.179661016949153,-0.3034642634979833,-18.598959041811813
s398,13.18587525182173,-0.5916533699714043,-0.861553919423629,0.6600635134365671,-0.2397582505671833,0.5775258937889944,0.2345111782870123,2.4626795959473418,2.1214594594594596,0.12432432432432433,0.0,0.17297297297297298,0.25405405405405407,0.032432432432432434,0.3837837837837838,0.0,0.032432432432432434,0.0,0.0,0.0,0.0,0.0,-0.7616278879169799,-1.0787555756691454,-1.1533127051071976,-1.2512042227331261,-0.7246175681618282,-1.0080182873943446,0.6694607990185009,0.18791499409549284,0.23867963845872345,0.1705299463086973,-1.4130651116381172,-0.9907882214994407,-0.16950294602528854,16.003355157473248,0.1596244131455399,-0.8464295511250818,0.352112676056338,-0.7037082316190446,-20.893382659097142
s399,9.559522717769433,-0.3062242283299497,1.4086091923767965,0.23911288560508026,0.9623632372366,0.4776111047532847,0.08158382505335819,5.854237705095504,2.3494736842105266,0.20300751879699247,0.0,0.3533834586466165,0.0,0.0,0.12406015037593984,0.0,0.0,0.04887218045112782,0.0,0.0,0.2706766917293233,0.0,1.1210978098138225,0.4490890758607196,3.4152051187007766,0.5053109203591903,0.7808319484978444,0.47269872738073665,0.3591377320619532,0.07205041876356874,0.05551412268421233,0.06542735887782167,0.6931213225776073,1.2509057732257096,0.5836048836585438,42.67158902427559,7.651515151515151,0.9600563963970977,45.43181818181818,0.53264470707594,-16.500744570524077
s400,10.067414551448067,-0.21875682113494746,1.699706470103956,0.24365785123150618,0.8695327693251288,0.4989942173488031,0.05670573746455539,8.799713038926713,2.3721498371335503,0.0,0.0,0.42671009771986973,0.0,0.0,0.13680781758957655,0.0,0.0,0.19218241042345277,0.0,0.0,0.24429967426710097,0.0,1.9135545010145156,0.9751491327756925,2.131777415167667,0.3548853108084314,-1.274229678797507,0.9963947197246563,0.4124693910142896,0.08179334181705787,0.05766519462235716,0.07071352333252558,1.22114801652394,1.3271629051645009,-0.16132907367387686,42.6840542839279,6.2976190476190474,0.6737100350629454,35.339285714285715,0.2904210205824676,-16.591709574998696
s401,9.771893323015084,-0.7849220044123297,1.1837724855748863,0.20991217553204952,0.6523558845294465,0.4546654900903299,0.0685230372506495,6.635220917415192,2.3685920577617328,0.19855595667870035,0.0,0.4729241877256318,0.0,0.0,0.07942238267148015,0.0,0.0,0.08664259927797834,0.0,0.0,0.1588447653429603,0.0036101083032490976,1.1072338906396877,1.1581115866062914,3.0335284430903635,1.0052013439340621,0.991834594502526,1.119270793218924,0.29510418388807813,0.07243753640281005,0.09206771239524757,0.09531716106802099,1.052106538441482,1.194956606748981,6.0510990782554135,41.54156227449482,11.886363636363637,1.0403295009015057,79.22727272727273,0.7479498183170867,-16.54426837808786
s402,11.652891972700221,-1.1698606587278042,0.566421208401255,0.3044992757435083,0.2972852765124914,0.4507038517286821,0.22733772869604332,1.9825299316299818,2.2658498023715414,0.0,0.0,0.5217391304347826,0.0,0.07905138339920949,0.15810276679841898,0.0,0.24110671936758893,0.0,0.0,0.0,0.0,0.0,0.2756338410700987,1.0944509595712513,0.4450162525980924,1.154608587666784,1.739574705530011,0.27470076132945453,0.3118719585315118,0.06519414476814644,0.12593513725095726,0.12593513725095726,1.5624537863387364,0.62021803064955,-0.23224023996070844,37.87799760698368,3.40625,0.3005724133989031,22.8125,0.22694998723405094,-18.779392022764075
s403,13.310864734365609,0.0270854422649526,-0.47926070865027653,0.6389245909056409,0.19441104251946106,0.5472581422572994,0.21029533838805523,2.602331304403197,2.0316666666666667,0.0,0.0,0.24193548387096775,0.22580645161290322,0.0,0.3978494623655914,0.043010752688172046,0.0,0.043010752688172046,0.0,0.04838709677419355,0.0,0.0,-0.33804858211308375,-1.3143595850927383,-1.0669469120617034,-1.1566731185790156,-0.4436780278635538,-0.8288607508696751,0.7753759251058665,0.2062266068307402,0.2130089296238304,0.1730543600893815,-0.9952508303993417,-0.6647600397137251,-0.22740550232659582,20.10487006357077,0.0990990990990991,-0.9468196480908391,0.23873873873873874,-0.7244398202133239,-21.066947580026692
s404,14.170882929800676,0.4798351173621562,-1.256892765247238,0.3436163195776948,-1.6662338240884162,0.6594365738643911,0.3414000912337026,1.9315653123624368,2.896943396226415,0.10943396226415095,0.0,0.0,0.3320754716981132,0.29056603773584905,0.12075471698113208,0.0830188679245283,0.0,0.0,0.0,0.06415094339622641,0.0,0.0,-1.3612878489966374,-0.1629348836188476,0.09857836864655095,0.16654681707899527,-3.102831313597933,-0.1503146676543972,0.6091290453036685,0.12367216593347818,0.278802908634606,0.278802908634606,-1.0213042755148374,-0.54909957790246,-0.2715178118253515,19.879421411399992,6.0078125,2.1110956726804964,45.5859375,1.8226340165711687,-21.656767734121892
s405,14.309336529862577,0.9546216132206695,-0.9575614280042508,0.5379101201545535,-1.0604949665453764,0.672134741665712,0.26419177332343824,2.54411684819136,2.499049773755656,0.0,0.0,0.0,0.5113122171945701,0.0,0.28054298642533937,0.0,0.0,0.1583710407239819,0.0,0.0,0.0,0.049773755656108594,-0.8833829965120806,-0.7092117522330975,-0.7612541270841262,-0.9207429047307247,-0.32308173156227066,-0.8474466193713689,0.6576005880527088,0.09690912473878689,0.36804284782801194,0.36804284782801194,0.09363940535853606,-0.7946202225872168,-0.26321567637046966,25.842912170981727,0.3870967741935484,-0.6522686893819452,1.632258064516129,-0.566424063915624,-22.126117538556407
s406,11.562067053834566,-0.6374969228598638,0.11985573642094856,0.4059734764653831,0.4938487822410553,0.4355399411962053,0.07644134575945633,5.697701118014736,2.075454545454545,0.23923444976076555,0.0,0.4449760765550239,0.0,0.0,0.24401913875598086,0.0,0.0,0.0,0.0,0.0,0.07177033492822966,0.0,0.0067636110085168765,0.4163565362988261,-0.2561793204875959,0.17260108682224046,1.0130701089403304,0.5087795951582057,0.27942804929514165,0.06247822989674071,0.10653946899672036,0.10653946899672036,-0.20633584101268498,0.12404669369138958,-0.2966066213761147,33.22347910279008,0.30980392156862746,-0.8638486404531256,1.4352941176470588,-0.6519637650134938,-18.85653015374473
s407,11.847230822547452,0.548998980870627,2.6640882143320592,0.2464699239590768,1.9799442382131613,0.4184167850555168,0.09348992129963797,4.4755282627148505,2.237879858657244,0.0,0.0,0.37809187279151946,0.0,0.0,0.10600706713780919,0.13780918727915195,0.04240282685512368,0.06713780918727916,0.0,0.0,0.0,0.26855123674911663,2.2497084451212723,1.9445195660540353,2.1954483183288893,1.7016084908360303,1.6879092931104764,0.712102584977408,0.3833943093948506,0.07949468909083726,0.06654697471410746,0.07259669968811724,1.4223093063517718,2.440119673010964,-0.16351782398528955,49.94737690758658,7.408333333333333,0.28025282879209407,37.275,-0.029067235534837716,-17.90225292709843
s408,9.93718205019184,-0.0822235325218436,1.4642700093634786,0.2860948525663465,0.9249623750181901,0.49028326903365105,0.05866230772479648,8.357722156682373,2.281466165413534,0.0,0.0,0.4323308270676692,0.0,0.0,0.18045112781954886,0.0,0.0,0.15037593984962405,0.0,0.03383458646616541,0.20300751879699247,0.0,1.1623648931962973,0.8816165157367949,0.6947214461879755,0.6323929085577882,-1.5469377544434437,0.8298771429473506,0.29486219327915403,0.07101448509024362,0.0778360556825495,0.08211276203873354,0.5507812056986463,1.3256729638620774,-0.017963175515515087,43.2824698431778,3.5416666666666665,0.2791043966133766,18.515625,-0.0012257808418158066,-16.532371454595697
s409,13.555859508256617,0.003704210740881764,0.5219843950382902,0.2960862573253242,0.275300872260516,0.41202294228790315,0.076748462107841,5.368484670206946,2.211832669322709,0.055776892430278883,0.0,0.5976095617529881,0.0,0.0,0.11952191235059761,0.0,0.10358565737051793,0.0,0.0,0.12350597609561753,0.0,0.0,0.21053572397347928,1.0545329287677074,1.2639745907461062,1.5180782335434548,1.3273938924509456,0.42058910318882053,0.3194168365071225,0.06446813800781467,0.1221016685189401,0.1221016685189401,-0.5159963115555812,0.5301761313855208,0.35574791901263303,36.77039819838604,2.6333333333333333,-0.26471225933284404,12.158333333333333,-0.357406153311739,-19.841388260845473
s410,9.445382327263019,-1.8577375756572247,0.6391144412847046,0.23565024431190248,0.39655754750679323,0.4663677633397244,0.11930671408803026,3.9089817107494533,2.360894308943089,0.2967479674796748,0.0,0.3983739837398374,0.0,0.0,0.10569105691056911,0.0,0.0,0.0,0.1991869918699187,0.0,0.0,0.0,1.063945605760917,1.3633785983485605,1.8559377573171785,1.3441183357269133,0.7510066526748365,0.833106071323803,0.3477730005887305,0.07469401447714283,0.10879752225906317,0.10879752225906317,0.785058809836902,0.6355857287920659,-0.24966673146354518,36.692553681756245,8.815384615384616,1.269159132489059,65.08461538461539,1.0902793585046473,-16.3216388545883
s411,11.549035645302267,-0.6357584540600206,0.9855673853046513,0.27546316237923363,0.48503136411408293,0.49620868515219035,0.22076463982257968,2.247681900285185,2.3896654275092937,0.0,0.0,0.3940520446096654,0.0,0.11152416356877323,0.14869888475836432,0.0,0.21933085501858737,0.0,0.0,0.0,0.12639405204460966,0.0,0.8397750196926276,0.755560368975406,1.3193836081760633,0.9067575183809659,0.8902147725369137,0.6179904610047169,0.3260105006864642,0.08112637382050907,0.10441877822472823,0.10507550010035548,1.0160850361384934,1.0584647195499417,-0.26992758545237316,40.34852690332154,3.65,0.1896169986046711,19.4125,-0.03884970243147591,-18.269500022295528
s412,16.271865645681718,-0.870435791936,-0.24241557769088648,0.642552740655536,0.8597841753311004,0.4947445545596005,0.23019179087196723,2.1492710608206598,1.874406779661017,0.11864406779661017,0.0,0.3672316384180791,0.0,0.06779661016949153,0.4463276836158192,0.0,0.0,0.0,0.0,0.0,0.0,0.0,-0.27260787207659115,-0.7196873128306195,-1.1805012238081847,-1.0501002945260647,0.8883691561683486,-0.00825980742404547,0.38461647403972105,0.07881642731638766,0.10378473311598757,0.10378473311598757,-0.8422297611468649,-0.5345143565223142,-0.2986196621630864,19.181801381129727,0.006329113924050633,-1.0707712830490714,0.0,-0.758557702904592,-22.540856036312206
s413,12.75413979575,0.49436272358043887,0.5537429023886058,0.30199892153757085,0.15894280645944903,0.4741933700813598,0.22591741765577103,2.098967733439151,2.3664566929133857,0.0,0.0,0.5078740157480315,0.0,0.11023622047244094,0.13385826771653545,0.0,0.051181102362204724,0.0,0.0,0.1968503937007874,0.0,0.0,0.27937081894556753,0.5699874891685673,0.7789568565131946,0.9368195676221384,1.0737650780161252,0.3859062931648484,0.26940866566527283,0.06881378343030921,0.10724057087163066,0.10724057087163066,-0.3225946077655451,0.6164718183862106,0.40472697405703656,36.33064465780609,3.1323529411764706,-0.0019189125123743793,18.875,-0.06618208268126756,-19.07038707751166
s414,12.763179643385904,-0.8143082229035269,-0.041969790466984826,0.5349438922450003,0.42808812726394974,0.5177110970358517,0.33408838225035825,1.5496231672249254,2.0858706467661694,0.0,0.0,0.35323383084577115,0.0,0.14925373134328357,0.3582089552238806,0.05970149253731343,0.07960199004975124,0.0,0.0,0.0,0.0,0.0,-0.27397368273413397,-0.3801224886915533,-0.7800795730589766,-0.6223759841747766,1.1871472254300712,0.07262704544654992,0.42158738153415626,0.07651414415626104,0.09946156514556972,0.09946156514556972,-0.3473656158422557,-0.2937716289014446,-0.21932251963591004,27.478423149760065,0.21666666666666667,-0.8485672363366682,1.0722222222222222,-0.6366352121658782,-19.96831080241482
s415,13.593309557500985,0.005346081083009683,0.4919506637678042,0.3619412495537979,0.5840553176398986,0.3845389607969329,0.14475605244773274,2.656462056643738,2.07863436123348,0.0,0.0,0.5550660792951542,0.0,0.0,0.16740088105726872,0.16740088105726872,0.0,0.0,0.0,0.11013215859030837,0.0,0.0,0.6320464134141656,1.467213384931999,0.31290051120782314,0.8151771641559915,1.3176676963520928,0.14008583555468299,0.30480182538348716,0.07258036400410087,0.11876757851875776,0.11876757851875776,0.5619870172146408,0.40984471542131107,1.6909625948577656,37.070562822185636,1.668421052631579,-0.35143374714049747,8.263157894736842,-0.37403945348559214,-20.697623708042663
s416,11.143018615670568,-0.44103780309136775,1.2146439687091553,0.283652062229672,0.6647388629298058,0.481348495195702,0.05104804387742185,9.429323018753294,2.279202898550724,0.0,0.0,0.4927536231884058,0.0,0.0,0.17028985507246377,0.0,0.0,0.19202898550724637,0.0,0.0,0.14492753623188406,0.0,1.1171330456082706,0.6896675108061963,0.21569385117209958,0.512727484134471,0.7748685721175168,1.0223967929149191,0.3003509062801558,0.07137775437872322,0.09606348054062602,0.09762126671155509,0.643355888370688,1.121098523141579,-0.20676914468675023,40.65562447699092,3.4680851063829787,0.23841651844206008,20.30851063829787,0.06432952474966691,-17.354943791783494
s417,10.243541207474527,1.9926170387268396,1.991205773069199,0.39915430897323395,2.2385173042304554,0.45947605297921945,0.044431400438368976,10.341246245806747,2.013946188340807,0.0,0.0,0.2914798206278027,0.0,0.0,0.3094170403587444,0.0,0.0,0.0,0.0,0.13452914798206278,0.0,0.2645739910313901,1.7289065369416836,0.7921166137621813,0.013467810048706282,0.7286428074198152,-1.3831541375245422,0.3243233411326247,0.45643824619637363,0.09410649798327679,0.07254880927594712,0.08343113066733918,1.6051840724793838,1.9089288506612194,-0.2959920085124457,48.89871942634568,0.3159420289855073,-0.8907175239711489,0.7507246376811594,-0.7106940475088022,-17.148589007961625
s418,13.001540669155805,-0.6592486792667754,0.19000340640605917,0.5201312672258233,0.6889099539341802,0.45996031796088294,0.03731112663147751,12.327698450489503,1.9253465346534653,0.0,0.0,0.504950495049505,0.0,0.0,0.36633663366336633,0.0,0.0,0.12871287128712872,0.0,0.0,0.0,0.0,-0.05038501893158546,-0.5517449159164123,-0.8262598524388908,-0.48914267796473726,-1.4501392208146968,-0.006726021143709352,0.34798705064746266,0.06632047347082784,0.10602129836376321,0.10602129836376321,-0.9453695246535687,-0.18264733011159665,-0.2784370079423105,29.272012157826804,0.06486486486486487,-1.0130137917605642,0.327027027027027,-0.7227369567946492,-20.14294405560549
s419,10.99842890626034,-1.6312019752064717,1.2961253221638118,0.28475347020658887,0.851194793162494,0.5018813610408934,0.1523589665695124,3.294071706714515,2.3150375939849623,0.0,0.0,0.3383458646616541,0.0,0.0,0.18045112781954886,0.0,0.19548872180451127,0.0,0.2857142857142857,0.0,0.0,0.0,1.036796345835203,0.6821067695512247,0.9007772002582403,0.49240890122041897,1.043534882347411,0.7769737568831109,0.39400157340388603,0.08492268909010742,0.08402426617875942,0.08490873213853585,0.7845800848541402,1.0981505352810688,-0.20103020809834865,41.673249845351584,4.572916666666667,0.732593511695679,25.125,0.3029997052788856,-17.714165783874616
s420,15.807880832024493,0.42595652994358324,-1.3812741615827566,0.6949553057323257,-1.324342684649531,0.6890992224759026,0.3253043819321504,2.118321365310197,2.4506220095693783,0.0,0.0,0.0,0.3875598086124402,0.1339712918660287,0.3349282296650718,0.0,0.14354066985645933,0.0,0.0,0.0,0.0,0.0,-1.5554357344580594,-1.1566433848807551,-1.3114341326665857,-1.5027469226140397,-0.2661745386630281,-0.6286555601112435,0.6872760119881253,0.1221806095642923,0.3301131105256195,0.3301131105256195,-1.6243886277082018,-1.4998357722728637,-0.29455312238617537,14.068581251452825,0.45714285714285713,-0.3716664038305108,2.045714285714286,-0.42077879163942544,-23.359068447032406
s421,11.394278097020704,-0.002029930261437738,-1.018403233508515,0.4709666100422377,-1.0253387631943631,0.5322833958237523,0.36596003562846136,1.4544850366233697,2.409502262443439,0.0,0.0,0.1085972850678733,0.4343891402714932,0.0,0.18099547511312217,0.19909502262443438,0.07692307692307693,0.0,0.0,0.0,0.0,0.0,-0.9525023513323841,0.06041751801565004,-0.6996042423061459,-0.48280230892019055,-0.049397460106499196,-0.8431917100522772,0.5587967334088223,0.1333189319765802,0.2885340901647196,0.1934686854139915,0.011474997339605846,-1.050049730254123,-0.28503580279038404,23.517028357054873,1.675,0.1395342095382543,10.14,0.02832009445616988,-20.458195216009933
s422,12.372022080010723,0.6091825187501747,0.7697477840095455,0.38797167719013065,0.8133366650490179,0.4495371450849112,0.08553145410180682,5.2558108570191475,2.1033480176211454,0.0,0.0,0.45374449339207046,0.0,0.0,0.2422907488986784,0.0,0.07488986784140969,0.0,0.0,0.11894273127753303,0.11013215859030837,0.0,0.8673045329854198,0.28159789086298403,-0.036448285589926174,0.311925046990242,-1.5610139916342634,0.6582250401585715,0.35697269767413203,0.07349659026010616,0.10797492033107096,0.10797492033107096,0.2353253240611361,0.7761443450263928,-0.26420535478096474,39.29412924502544,0.6618181818181819,-0.6869586573373667,2.6145454545454547,-0.5931605779532415,-19.136247184046297
s423,13.37394340053949,-1.1732024997799417,-0.036556665222095025,0.315186108796563,-0.06236011887710309,0.4408965057174473,0.16277577414316494,2.7086125563726022,2.25609243697479,0.23949579831932774,0.0,0.5042016806722689,0.0,0.058823529411764705,0.14705882352941177,0.0,0.05042016806722689,0.0,0.0,0.0,0.0,0.0,0.32439729521233807,1.405608956192738,0.3049684476825179,1.0860173216200992,1.2336736816316785,0.30708130856532867,0.29849940782778,0.06474426523886442,0.11888626828267523,0.11888626828267523,0.2545005309920835,0.03404602185251192,-0.27753686301858504,32.90392841061442,1.92,-0.24016186730522465,12.82857142857143,-0.16054918018636627,-20.017182669406516
s424,12.877860148937561,0.880158838117584,-1.3644887603797835,0.5603587207647558,-1.4097370649839913,0.6130627171712271,0.4233085030749326,1.448264593595241,2.49651376146789,0.0,0.0,0.0,0.5412844036697247,0.0,0.22935779816513763,0.06422018348623854,0.12844036697247707,0.0,0.0,0.03669724770642202,0.0,0.0,-1.4077372620721216,-1.247982872465605,-1.0461139302356377,-1.1791471323594098,-0.19114527830314587,-0.9203336526584196,0.5398375583329788,0.08434664045296929,0.3592021330008251,0.3592021330008251,-1.5351713716452013,-1.4977799783399837,-0.21136221431234412,18.37298069047982,1.464,0.46232160964716057,9.116,0.2650982291858178,-21.99980092896302
s425,11.672172499013628,-0.39103669316630474,0.8028286179890135,0.24523469341335058,0.39125535982698734,0.4437235781522238,0.10656528941493493,4.163865932221986,2.3418045112781956,0.13157894736842105,0.0,0.4924812030075188,0.0,0.0,0.08270676691729323,0.02631578947368421,0.0,0.0,0.12781954887218044,0.13909774436090225,0.0,0.0,0.6516890251884997,0.31536250727762927,1.209716931864221,1.7464323249433384,1.2484785138288905,1.1982804085947747,0.34082746676450204,0.067303667428975,0.10210285033686711,0.10210285033686711,-0.4764408683942299,1.0884132953228087,0.8960320420403691,38.23277376649935,7.715909090909091,0.4719446010376668,43.29545454545455,0.16965571292792156,-17.996691414756327
s426,13.601270567935416,2.2212300339584714,-0.7501389506569601,0.6823953021700523,-0.32338418295299415,0.6587144810966329,0.22147163464732303,2.9742611605571354,2.223897435897436,0.010256410256410256,0.0,0.0,0.36923076923076925,0.0,0.39487179487179486,0.0,0.0,0.0,0.0,0.1076923076923077,0.11794871794871795,0.0,-0.4652855641955136,-1.2626710082633863,-0.9429055479715905,-1.3171033775042411,-0.6029896007835789,-0.8311958737389975,0.6718577742653805,0.16600926134386837,0.31357686398035317,0.31700768306110105,-0.5635353609267775,-0.9518700201527706,-0.29583402614310567,20.22033738601247,0.13203463203463203,-0.8884108083592386,0.28354978354978355,-0.714770804722022,-21.798794036524622
s427,12.125188998491366,-0.918050217038352,0.3461431065202446,0.33131907954982864,-0.06540990082955703,0.5199387767752528,0.22879348571817817,2.2725243909072645,2.362873563218391,0.0,0.0,0.4942528735632184,0.0,0.12643678160919541,0.19540229885057472,0.0,0.0,0.1839080459770115,0.0,0.0,0.0,0.0,0.20182568502359127,-0.17777914065854736,0.32541773431294924,0.4437794775734845,-1.539317087058674,0.25315518827373845,0.321735737186031,0.06492377992270999,0.11964213890804232,0.11964213890804232,-0.39172351944242834,0.4149000222715297,-0.1560770876227539,34.51232810171213,1.5147058823529411,-0.28081968863741,5.96078431372549,-0.4234028386426055,-18.5589562661058
s428,15.481922105413883,-0.7482631174079555,-0.5317140023411322,0.5112388646176848,-0.2118231464999271,0.5319255300945441,0.1740462561598874,3.0562308080094027,2.1814285714285715,0.12315270935960591,0.0,0.2857142857142857,0.22167487684729065,0.0,0.30049261083743845,0.0,0.0,0.06896551724137931,0.0,0.0,0.0,0.0,-0.706853181513716,-0.2495905619701434,-0.7867966475612733,-0.6288580382749956,-0.7718928830433682,-0.49029684510047095,0.7088845910159631,0.19607988766810452,0.1915886873278238,0.1581753508886733,-0.4615194990517803,-0.627968282690998,-0.24474186202233283,25.454590943394184,0.16393442622950818,-0.9110238420656629,0.47540983606557374,-0.7064201655272506,-22.010894532994502
s429,12.653332115118953,-0.4889943575774493,-0.46168793197194347,0.3844417056181693,-0.3635828355248889,0.4926746549450489,0.21077918615085786,2.337397083374419,2.318310502283105,0.1643835616438356,0.0,0.2876712328767123,0.2511415525114155,0.0,0.1780821917808219,0.0684931506849315,0.0,0.0,0.0,0.0502283105022831,0.0,0.0,-0.38448369448484954,0.0884155931431799,-0.21710215901198485,0.1720716844260912,-0.762514232531262,-0.9555941888088969,0.5933577847224543,0.17532839036690673,0.17813057237183008,0.15963494322548716,0.8106984578025255,-0.49554123777727865,-0.2785900663581088,30.176789998798387,1.3897435897435897,-0.25020079167349774,8.825641025641026,-0.1969705594861152,-20.10895188317044
s430,12.906037063812656,1.17194850289415,-1.1461309738707832,0.33627298443510756,-1.504117235984352,0.6071146873364957,0.3917678542501978,1.5496796910467525,2.743820224719101,0.0,0.0,0.0,0.6104868913857678,0.0,0.10112359550561797,0.033707865168539325,0.149812734082397,0.0,0.0,0.10486891385767791,0.0,0.0,-1.2071884531647343,-0.40197492964513676,0.5720285179531629,0.042456114863434,0.19371389620897536,-1.2784715388999264,0.5417232722836283,0.07686243215534559,0.3507705556970884,0.3507705556970884,-0.3888650507047086,-1.0059702253449871,0.2911205778190886,24.558928565588648,10.962962962962964,3.5929641327193154,106.45370370370371,4.078776051964089,-21.970390839978876
s431,13.63165326551225,-0.5559895924270307,0.39740635285852727,0.49405936179533155,0.9673862197233738,0.44321253866823096,0.10277263850321916,4.312553857944867,1.925223880597015,0.0,0.0,0.4577114427860697,0.0,0.0,0.3482587064676617,0.05970149253731343,0.014925373134328358,0.07462686567164178,0.0,0.0,0.04477611940298507,0.0,0.11010630597930969,-0.04341249002221672,-0.7523873226506645,-0.3390880187101734,-1.2539368156831212,-0.024288255871937635,0.3523514188266051,0.07092926711041043,0.107779136705171,0.107779136705171,-0.5157537174883803,0.07952030535832215,-0.009096975892450482,32.31705484769998,0.16,-0.931100181837354,0.5142857142857142,-0.7076496866472647,-20.53790779896415
s432,10.991625991462787,0.04138541088575272,-1.2408367955496133,0.3465445580866512,-1.6503294640862138,0.628002455282809,0.37121791885378175,1.6917352945189361,2.801509433962264,0.0,0.0,0.0,0.5018867924528302,0.12075471698113208,0.10943396226415095,0.16226415094339622,0.0,0.10566037735849057,0.0,0.0,0.0,0.0,-1.3420939387171464,-0.006910181964090245,0.10870150770245994,-0.13603216855278405,-0.21701028286279211,-0.5989994720095416,0.5798987311620503,0.0874406397862092,0.35062950540725546,0.35062950540725546,-0.8175708467801849,-0.8064196023643826,-0.30156667989696073,23.715047098585618,7.887931034482759,2.6930920210224754,69.03448275862068,2.7616923423955506,-20.561502224496394
s433,13.169806947016111,0.38869528834622114,0.770403677790173,0.27513601499610746,0.0859207682519587,0.6440957834803124,0.15091297609571128,4.267994708896452,2.662188552188552,0.0,0.0,0.0,0.367003367003367,0.0,0.16835016835016836,0.0,0.0,0.1717171717171717,0.0,0.0,0.29292929292929293,0.0,1.042293269348942,0.4170884810860852,0.8429588556611612,-0.013785267105889794,-0.26751836647620336,-0.21524909061695202,0.8410047162264138,0.2198038782652128,0.2896705109615703,0.33879591925329866,1.319708473293143,1.1384835392701498,0.39177386602313946,37.5060617336194,4.635,0.8310031563072788,26.96,0.42629969150414243,-19.617884154509206
s434,13.688764938131802,1.9023369749941068,-0.8502591840857242,0.4688313951077795,-1.0414683120723653,0.6242871462251491,0.26977344803282044,2.314116347540618,2.5618297872340423,0.0,0.0,0.1148936170212766,0.3659574468085106,0.09787234042553192,0.2170212765957447,0.0,0.0,0.02553191489361702,0.0,0.17872340425531916,0.0,0.0,-0.5622002253816715,-0.8293701109684739,-0.645750986076405,-0.739556583393858,-0.38174633176707223,-0.9435590358406596,0.7364198714536418,0.13599293808952426,0.33158330185432616,0.2084253773060029,-0.7276758111066006,-0.8505142475983383,-0.295204205033149,23.866027866586315,0.7333333333333333,-0.4760813977844514,2.533333333333333,-0.5362602648994704,-21.695851766558178
s435,13.150850193701293,0.13025279823972707,0.7120668521085204,0.4614048499731965,0.9937272077406636,0.5026323794405295,0.05155314240120378,9.749791303290039,2.020140186915888,0.0,0.0,0.37383177570093457,0.0,0.0,0.35046728971962615,0.0,0.0,0.11214953271028037,0.0,0.0,0.16355140186915887,0.0,0.5986803956173026,0.20653971316867578,-0.37416895468474326,-0.025959793586633438,-1.4825435415221262,0.2548125158739455,0.2991803848153608,0.0734183137362762,0.09225080973386203,0.09274545214530365,-0.12373756411932842,0.48514238592346526,-0.30140431968033776,37.02798689516428,0.24533333333333332,-0.8664008045632029,1.3786666666666667,-0.6307919108672253,-19.692122032920857
s436,10.793099411084258,-1.110285255019304,0.601679557714229,0.4302893259568491,0.9733407249927472,0.4455558341057411,0.21369884921506102,2.084970675987802,2.0400478468899523,0.0,0.0,0.3397129186602871,0.0,0.0,0.27751196172248804,0.19617224880382775,0.0,0.0,0.18660287081339713,0.0,0.0,0.0,0.42088878753476955,-0.10633187372368756,-0.1478300038866136,-0.0048674629143095755,1.7720128886144464,0.49973197279592363,0.38299021726094296,0.08221809722856357,0.08819296899621151,0.09005620073556811,-0.05611070505582113,0.38066653501129905,-0.03527883787193617,36.70731123351415,0.993103448275862,-0.37897401842333106,5.36896551724138,-0.35469877433963365,-18.417639119683916
s437,13.67081847943055,0.2797409378800187,0.9704833966328597,0.18038076330706518,-0.11186604397275689,0.6368337296635432,0.15851318368455145,4.017544250015644,2.862944444444444,0.0,0.0,0.0,0.4111111111111111,0.0,0.06388888888888888,0.0,0.0,0.21388888888888888,0.0,0.0,0.3111111111111111,0.0,0.8418779428826468,0.054966705054511115,1.7544800468877313,1.6778025730062553,1.3519158692908757,-0.20893774856301484,0.5765458474762182,0.17482690412977744,0.34506603802709074,0.34506603802709074,0.4007441090599156,1.2478581038536323,-0.19527027285644993,35.71501915432066,14.855072463768115,1.1468541863398092,85.94202898550725,0.6147512029914882,-20.854733524760423
s438,13.761295209477689,-0.5061540639695504,-0.454837644012316,0.5252213053718533,-0.43682891164949883,0.657444698428543,0.1884125066337969,3.489389903964116,2.374816513761468,0.0,0.0,0.0,0.3073394495412844,0.0,0.3211009174311927,0.0,0.10550458715596331,0.022935779816513763,0.24311926605504589,0.0,0.0,0.0,-0.3930165430564278,-0.38367760443488497,-0.6688045306139178,-0.7315867334991901,-0.4929505541444937,-0.824367549686852,0.8107416188734702,0.20426063343787196,0.23028777757556773,0.2963261843803261,0.7696885775153719,-0.25634131754521505,-0.20155206476675866,30.393193847852604,0.46285714285714286,-0.5825638119410023,2.0628571428571427,-0.5223621745811653,-20.751931740013116
s439,10.529090635486211,1.7128931727213228,1.5278097073616017,0.3839004174248427,1.6286651648343269,0.44483551144944977,0.05079384150105164,8.757666250548109,2.0643478260869563,0.0,0.0,0.391304347826087,0.0,0.0,0.2608695652173913,0.0,0.0,0.0,0.0,0.17391304347826086,0.0,0.17391304347826086,1.014974797436783,0.3128535501985712,-0.005080149958125519,0.6562945160806691,-1.4762478719970655,0.4646910103945037,0.3945800253913314,0.08353400953101242,0.08771127031846089,0.0904522475159128,2.2043813988959067,1.5173531536843365,-0.22549033020639234,45.72683817040282,0.5871212121212122,-0.757905243482101,2.018939393939394,-0.6405996712430072,-17.47889033992054
s440,16.339196345644467,-0.3631864725058688,-0.6429564991276294,0.42846956438490547,-0.8570292023364179,0.6011196995102379,0.20149022358052698,2.9833690629163265,2.459834024896266,0.0,0.0,0.2074688796680498,0.36929460580912865,0.008298755186721992,0.22821576763485477,0.0,0.0,0.18672199170124482,0.0,0.0,0.0,0.0,-0.24871677866947134,-0.4170564561044431,-0.19408380125941183,-0.47057921652942203,-0.28084833131749204,-0.9587285217774355,0.7077895541084951,0.15438254737821636,0.327611850645346,0.22033978365014245,0.025104923426270794,-0.4991961650023531,-0.01804752504264106,28.218228141972563,0.7127272727272728,-0.5032482384600967,2.850909090909091,-0.5127460925193917,-22.926282992400214
s441,11.834673864775414,0.0352321786198108,0.4315564210754227,0.4877802795018843,0.8887060646054401,0.501966882964479,0.2726379263302686,1.8411484041160342,2.0762980769230768,0.0,0.0,0.2692307692307692,0.0,0.10096153846153846,0.33653846153846156,0.14903846153846154,0.0,0.0,0.0,0.0,0.14423076923076922,0.0,0.2610484948323478,0.13176354916269206,-0.541556315900262,-0.27910070717114355,1.561758683335832,0.5619947168992324,0.40955813079337644,0.08108058296821583,0.07076824793178978,0.0746050806509832,-0.0438606613752052,0.27055506786834826,-0.17367294555754273,34.60661411392087,0.22,-0.883857931657352,0.6057142857142858,-0.7010844540096354,-19.285904107081848
s442,15.78486267062013,0.29886572500812647,-0.303023090426217,0.6294342999220893,0.5145289925717597,0.5197377454239696,0.16860657457589526,3.0825473249266375,1.9633879781420767,0.0273224043715847,0.0,0.30601092896174864,0.15300546448087432,0.0,0.4098360655737705,0.0,0.0,0.01092896174863388,0.0,0.09289617486338798,0.0,0.0,-0.21727240470069673,-1.0619559437804371,-1.0597246982709656,-1.0957857798719588,-0.7507687960967017,-0.5603382790077732,0.7645348593089836,0.2049442900955968,0.15695266227586677,0.14764349315983086,-1.0205308226708703,-0.5934366272907715,-0.29866325729605986,21.66336530308101,0.051111111111111114,-1.0126339929792492,0.042222222222222223,-0.7526549538155825,-22.653963743563118
s443,12.29269687642633,-1.227488707232905,0.7729516482985064,0.3256900649283857,0.8049681201158199,0.39533574865522236,0.2164979947692956,1.8260480845399962,2.128347826086957,0.0,0.0,0.4434782608695652,0.0,0.0,0.14782608695652175,0.28695652173913044,0.0,0.0,0.12173913043478261,0.0,0.0,0.0,0.525359343594972,1.3012865412929109,0.326348531167779,1.4504764043392016,1.9119848606875223,0.8042068755024732,0.2992021261041591,0.06490929792233348,0.0943132924018705,0.0943132924018705,0.6104221146509019,0.8661279407119323,-0.3012094395689212,41.87361679434835,4.281045751633987,0.4690857538943296,28.45098039215686,0.3387769009914893,-19.394505514902132
s444,13.043728745129707,-0.8365290824939163,-0.08347171783397972,0.4092516988160547,-0.058967280524320584,0.5040285330536168,0.19340004556659615,2.6061448516053094,2.240533333333333,0.0,0.0,0.3466666666666667,0.2088888888888889,0.0,0.23555555555555555,0.0,0.1688888888888889,0.04,0.0,0.0,0.0,0.0,0.07904734775658807,-0.19908120214946423,-0.16394369199385367,0.0772080984180569,-0.5106674163325422,-0.4060768504506216,0.747619071874143,0.18386704232941983,0.1394627431626179,0.15033702496258589,0.2348070407837717,-0.08740291693931775,-0.27697085184584075,34.08314210734476,1.060377358490566,-0.3276478661968617,5.667924528301887,-0.3300103903918558,-20.14197468633274
s445,14.733273736287762,-0.5697549960972271,-0.05050665667609524,0.505940804538233,0.23011825415860385,0.5030012260318674,0.1197237642381413,4.201348238862193,2.0602857142857145,0.0,0.0,0.4238095238095238,0.1,0.0,0.3333333333333333,0.0,0.0,0.14285714285714285,0.0,0.0,0.0,0.0,-0.13125761304393563,-0.3209398845103456,-0.782915023935214,-0.4435841792165672,-0.27751735921090587,0.4364824815654781,0.700797094315605,0.17191095356972902,0.08316698573041305,0.12403460151421458,-0.6148489754366118,-0.29689461755598756,-0.18811883390056724,29.00076766323124,0.07142857142857142,-1.0086019353948057,0.2714285714285714,-0.7297715422181764,-21.368907481536908
s446,13.144533001737965,-0.38931800511447223,0.23406598027196043,0.3795348522123535,0.06234052222014017,0.46847997247806555,0.1733745964577576,2.7021258134100967,2.204476987447699,0.0,0.0,0.5271966527196653,0.0,0.058577405857740586,0.21338912133891214,0.03765690376569038,0.0,0.13389121338912133,0.0,0.029288702928870293,0.0,0.0,0.5934568755420272,0.765211792801995,-0.22348656662060806,0.44457088527272814,-1.2611196807152376,0.1821816060718521,0.2943318716452684,0.06380499541118882,0.11816593118308952,0.11816593118308952,-0.3748990082439932,0.24762184392812508,-0.2673341785171181,33.9136959096774,0.5686274509803921,-0.743072922387801,2.196078431372549,-0.6199699840352472,-19.84877428373165
s447,12.884941473572711,1.2289473235973447,-0.9237425032750193,0.33815355234378913,-1.3053354672109048,0.6191335309825319,0.326228552359289,1.8978520626258812,2.735475285171102,0.0,0.0,0.0,0.5665399239543726,0.0,0.11787072243346007,0.0,0.12927756653992395,0.0,0.049429657794676805,0.13688212927756654,0.0,0.0,-1.0024775962471661,-0.7703219603720308,0.8016226444063855,-0.2724828941941798,0.22176379010245711,-0.5324915361240412,0.6341483716054098,0.1248832980181104,0.3418848712956403,0.3418848712956403,0.013539387752464818,-0.5034731713585796,-0.2992137942386275,27.317544093127474,8.201612903225806,2.6802465653646608,72.87903225806451,2.803432021981523,-21.24129540469972
s448,13.257781521343384,1.2616623678311425,0.13200048142928283,0.4792386283689601,0.12003818917100514,0.6592402518805769,0.13206535472465347,4.991772848034552,2.3460262008733626,0.0,0.0,0.0,0.2925764192139738,0.0,0.3318777292576419,0.0,0.0,0.10480349344978165,0.0,0.0,0.27074235807860264,0.0,0.34330410472589096,-0.24026436756364264,-0.7020830001215429,-0.4639969844338999,-0.3952174066734398,-0.9789679559945658,0.8258228763260907,0.21460460844304685,0.22800556654252457,0.31853718855205637,0.35962127919965586,0.43443419458549737,0.056393822554243044,35.582504936399914,0.5210526315789473,-0.587534361929268,2.036842105263158,-0.5534600080740547,-19.968834425596807
s449,14.744644190937155,1.7821986400502818,-0.8617345654671271,0.3851758233455068,-1.1485151322201643,0.6250526591750853,0.27506114662042075,2.272413486437059,2.6725000000000003,0.056451612903225805,0.0,0.0,0.5,0.0,0.1532258064516129,0.0,0.0,0.0,0.0967741935483871,0.1935483870967742,0.0,0.0,-0.744291030241593,-0.4382765265894166,0.6907849834955624,-0.19037269493132655,-0.44221460649288635,-0.14540492284524908,0.7263490359681568,0.13588436099620887,0.34149921748603695,0.34149921748603695,0.5006586235104848,-0.48790120446891355,-0.2598741550794427,29.036673252400888,3.508771929824561,0.9672842918554238,28.75438596491228,1.0298513120957904,-22.131325733426657
s450,15.227931654602541,2.9132735029016223,-1.0024019533084305,0.5809656202911829,-0.9719207326209166,0.6429868005904654,0.3111076834890001,2.0667660579112623,2.451296296296296,0.0,0.0,0.0,0.48148148148148145,0.0,0.2777777777777778,0.0,0.0,0.0,0.0,0.18518518518518517,0.05555555555555555,0.0,-1.1681440745612395,-0.9826156144954483,-0.6438598322290376,-1.0704891834029056,0.28506115193246934,-0.6804366547368582,0.6393002492357452,0.1235425214081927,0.344819055651226,0.344819055651226,-0.46196251393376697,-1.0337592220075753,-0.2094031661365501,22.593762763587883,0.5263157894736842,-0.4950751463459284,1.656140350877193,-0.5624440135107035,-23.937769813466407
s451,10.973203740598622,-1.2060904137772321,1.097881772982186,0.30136866925947786,0.8561760294898628,0.45463649369137493,0.19795821355475865,2.2966285941230455,2.2510317460317464,0.0,0.0,0.3492063492063492,0.0,0.0,0.15476190476190477,0.19047619047619047,0.01984126984126984,0.0,0.25,0.03571428571428571,0.0,0.0,0.6815867128971684,1.5735212188093244,1.218307319984385,1.422294458727288,1.4893897971333925,1.1802654071189396,0.31809717851079505,0.07668841578883022,0.07732693387553957,0.07782581731989789,0.26429535642768226,1.1919113045631484,-0.15132303432255106,43.1776414651815,4.916666666666667,0.6590290994725989,26.53205128205128,0.24175020685059656,-17.7875883763185
s452,14.776680795090725,0.9341161584994461,0.5371828693667313,0.3881342003012747,0.5918239494012745,0.4243260459048416,0.07801377879468985,5.439116685035184,2.0987999999999998,0.0,0.0,0.56,0.0,0.0,0.21333333333333335,0.0,0.0,0.0,0.0,0.22666666666666666,0.0,0.0,0.3845887135180977,0.8112742913790217,0.10827341307569051,0.4491401144144886,0.7707786233395586,0.2623234597244418,0.2695515368520739,0.05831103128225095,0.11846097060187304,0.11846097060187304,0.13311679406118984,0.38459634667567844,-0.07003910041247088,36.75343889184745,0.6741071428571429,-0.708600705928419,2.2410714285714284,-0.6270419192736894,-20.93231028730361
s453,12.370307423435168,-0.34924842584565546,0.6626930158935684,0.2904784977929229,0.4021566621504855,0.41071280406716304,0.08387690628394384,4.8966136480618365,2.2022,0.028,0.0,0.6,0.0,0.0,0.124,0.0,0.152,0.0,0.0,0.096,0.0,0.0,0.31116445291476985,1.4360553214751002,0.5567625541993153,1.3730701335180464,1.833373720179313,0.13904961477132097,0.2703938688582316,0.06329781747973698,0.10972234135713566,0.10972234135713566,-0.09826831029715623,0.615535038795941,-0.23989416837524732,37.85210951439914,3.903225806451613,0.1340561041810573,17.282258064516128,-0.1856229407458944,-19.131123652458083
s454,10.987514433100902,0.027182987919543364,1.579897888282145,0.25807231455387397,0.85185176695928,0.4582460105113153,0.027697079889433675,16.544921426396808,2.2938566552901025,0.0,0.0,0.5290102389078498,0.0,0.0,0.1296928327645051,0.0,0.0,0.21160409556313994,0.0,0.0,0.0,0.1296928327645051,1.6322903532563968,2.092668127443373,0.6978418716426231,1.3923184841381175,0.8112965261973176,0.6736488059168246,0.33027550618948703,0.07337132044007671,0.09265729482574123,0.0971304056104322,1.9028797578017316,1.734700702602428,-0.2579565461761682,45.29864594586484,3.111842105263158,-0.24004358049297375,14.263157894736842,-0.348268931473052,-16.94745233262931
s455,12.723562618850643,-1.1061460993103114,0.6417205645242808,0.3750136699841821,0.7241894674697795,0.44462796599855625,0.11902965591922576,3.735438555751883,2.098125,0.017857142857142856,0.0,0.46875,0.0,0.0,0.24107142857142858,0.0,0.18303571428571427,0.0,0.08035714285714286,0.0,0.008928571428571428,0.0,0.7102238570307938,0.02879365406906409,-0.050571347201080814,0.21723186961382643,1.1898029187946773,0.618093214525829,0.3551990707882438,0.07164019439970039,0.10883684123670039,0.10883684123670039,0.3635481450848886,0.5848391603021209,-0.1438534408695047,38.11900068943869,1.4037037037037037,-0.22707453313174508,6.992592592592593,-0.30575260231159535,-19.593059057785606
s456,10.614812920160446,-0.47677663915427604,1.4107585865918635,0.2262583825047706,0.611403931959939,0.47510055777962257,0.09719203433866912,4.888266420312982,2.4064686468646865,0.0,0.0,0.47194719471947194,0.0,0.0,0.0858085808580858,0.036303630363036306,0.0,0.11551155115511551,0.12871287128712872,0.0924092409240924,0.06930693069306931,0.0,1.6389114621350258,1.4525720247572942,0.7667554523387069,1.5547278181727804,1.034005514743073,0.4478407853772017,0.34350553705578857,0.07960918064729897,0.09737762175311558,0.09928698688552962,0.13865338678646322,1.480614093119615,0.7846465072637557,42.73612545250739,9.009615384615385,0.5808754325711505,50.01923076923077,0.2242998130891104,-16.901370295198554
s457,10.100208074504481,0.3709734206224985,1.259654639488507,0.40832850455781006,1.6731718289851145,0.4380206656041937,0.061431332282722025,7.130248512083629,1.9864953271028039,0.04672897196261682,0.0,0.37850467289719625,0.0,0.0,0.3037383177570093,0.0,0.11682242990654206,0.0,0.0,0.0,0.0,0.1542056074766355,1.0308132968776733,0.5977600601395533,-0.07796208606740761,0.45786077672393755,0.9433101309984006,0.3100488145987966,0.31473019204795943,0.07970750467945886,0.08859081711076518,0.09169431707324421,1.6217844801603136,1.121941242640321,0.1535258323474398,43.405367925196124,0.48615384615384616,-0.7530260608910923,1.6307692307692307,-0.6417457708705921,-17.443991857491227
s458,12.624394637308326,1.6528764879257687,-0.15134678259390677,0.5164355663192972,-0.07475571083256143,0.6469029455977872,0.2052807585420174,3.151308238494147,2.348325791855203,0.0,0.0,0.0,0.40271493212669685,0.0,0.3257918552036199,0.004524886877828055,0.0,0.12217194570135746,0.0,0.0,0.0,0.14479638009049775,-0.04852097016190067,-0.6657264384243005,-0.38881883723268185,-0.6781819314997805,-0.4027964093563295,-1.110862683560591,0.780214854226691,0.1650696755295191,0.3311750256082195,0.3569551174220329,1.0090808612254603,-0.03820242276678474,-0.2878990205122526,32.72618029711028,0.3388888888888889,-0.7410734930379603,0.9777777777777777,-0.6544075779053153,-20.206270989122828
s459,11.486211132382785,-0.9098181462664807,-0.1372887529641028,0.3421679343409026,-0.410058026460293,0.5594111861369127,0.33491751270202097,1.6702954157987722,2.5330120481927714,0.0,0.0,0.0,0.3253012048192771,0.0,0.14056224899598393,0.26104417670682734,0.0,0.0,0.27309236947791166,0.0,0.0,0.0,0.38988212032808534,0.532629128567075,0.3086968734538052,0.36337252926783037,-0.4744420853965395,-0.25479193455781757,0.6618117405743618,0.19214029382910458,0.15997585130524658,0.20585127925307467,1.040394118829872,0.7383078460608742,-0.20632549379481918,39.144881562052,4.502857142857143,0.8538917370396856,26.897142857142857,0.4728038636500855,-18.8423254537878
s460,15.168341859655644,1.9459472821498351,-0.8569855654456768,0.4959995759956065,-1.0120220017304153,0.6453927349535734,0.2868074089398005,2.250265212252722,2.5723144104803497,0.0,0.0,0.09170305676855896,0.32751091703056767,0.15283842794759825,0.24017467248908297,0.0,0.0,0.0,0.0,0.18777292576419213,0.0,0.0,-0.655106915988534,-0.39971202297446684,-0.7122756075929054,-0.7026964205720753,-0.4954441797646533,-0.3278228871464476,0.6329309270663224,0.1479113420686323,0.29449013840896493,0.18509689099884943,-0.5217946376015219,-0.8671378836014313,-0.2540533922601627,24.463565940484933,1.1490909090909092,-0.030598852773719862,4.749090909090909,-0.29631729483699537,-22.330168051886933
s461,8.999029084067216,-0.17452125058559995,0.9167565588326866,0.2954045421354644,0.8894898208177386,0.4270130547326815,0.0516196296149723,8.272299857975465,2.191163793103448,0.2413793103448276,0.0,0.45689655172413796,0.0,0.0,0.15517241379310345,0.0,0.0,0.03017241379310345,0.0,0.0,0.0,0.11637931034482758,1.0717843740016941,1.7607122820414498,0.5708474919252774,1.0961436543950165,0.4884730561305747,0.29958489443231345,0.3957787685523107,0.0745877664165143,0.07656025662534777,0.08352027995492484,1.3162348718519903,1.5154909873100846,0.31212820039469014,46.11951607785475,2.611111111111111,-0.11830897215124463,15.466666666666667,-0.15145213207789798,-16.236453963673526
s462,14.80335073510663,2.3046959010231087,-1.2034866700801237,0.7289270940939477,-0.8973158256615613,0.6466213479292181,0.3395856727514714,1.904147906741794,2.288102564102564,0.0,0.0,0.035897435897435895,0.4512820512820513,0.0,0.358974358974359,0.0,0.0,0.0,0.0,0.15384615384615385,0.0,0.0,-0.989448500860031,-1.7736112388923502,-1.326280036016509,-1.5054952921048204,-0.35940379568407216,-0.8692012337913313,0.6406208986755123,0.11693235353461062,0.3424939965866326,0.23143812134909694,-1.00480873310953,-1.5029065116523386,-0.3012106715294529,14.582920966037598,0.3261904761904762,-0.5752357234136884,1.1976190476190476,-0.5611098083253753,-23.135458840214177
s463,14.286245506794248,0.5776996876654882,0.5199751965109951,0.34111363921473786,0.43320713652738574,0.3981986171212253,0.1177903643839706,3.3805703819981883,2.1408974358974358,0.0,0.0,0.5769230769230769,0.0,0.0,0.1452991452991453,0.10256410256410256,0.0,0.0,0.0,0.1752136752136752,0.0,0.0,0.7698704236035941,1.0071306059000618,0.6796826186403527,1.1524397086419005,-1.3475292414820872,0.06514717145768739,0.2516081133786206,0.0626202473140862,0.10950635738086441,0.10950635738086441,-0.022047117833427086,0.5304465772172499,3.5311123941346647,38.09318144795832,1.7647058823529411,-0.41543672075829347,7.252941176470588,-0.46750884145548977,-20.90493117250811
s464,9.906304854024759,-0.14567969313832263,1.5946800176281013,0.2294106088701652,0.7490288895153043,0.5048409014653407,0.13391516199955633,3.7698561830288733,2.478827361563518,0.0,0.0,0.36482084690553745,0.0,0.0,0.08794788273615635,0.0,0.0,0.0,0.30944625407166126,0.23778501628664495,0.0,0.0,1.8339949019916144,2.0111815986035633,0.4809589104159575,1.5473851333619026,-1.2925627092432654,1.8044669253852306,0.2953460099503357,0.07399471609240786,0.046872472480913356,0.054432548687512274,0.040471336085553644,1.7558929734137176,-0.288895081746309,43.69781117703281,11.407407407407407,1.0017970715408595,60.19444444444444,0.4124204719564565,-16.334311880333047
s465,13.548126691630795,-0.7213665662554472,0.24751426899505571,0.49055347291558965,0.8596526071047226,0.4732967154782968,0.10058974509724876,4.705218360188906,1.991530612244898,0.11734693877551021,0.0,0.3826530612244898,0.0,0.0,0.34183673469387754,0.0,0.0,0.0,0.11224489795918367,0.04591836734693878,0.0,0.0,0.5465362612108604,0.13109711393599596,-0.6426844070092927,-0.2842175275087614,-1.2947798421200563,0.3670510409947109,0.3341813893163058,0.07279677477109142,0.09186622484025625,0.09232555596445753,-0.549938540519797,-0.015580009921430927,-0.2989749010706727,31.469203554406644,0.19154228855721392,-0.8986339019898841,0.9253731343283582,-0.6653190539073284,-19.99082968954132
s466,10.746393118716426,-0.3624555994121478,0.49524207857604474,0.33206120894105257,0.5223258306118576,0.36731453758043003,0.17022416381808392,2.157828414848163,2.0964935064935064,0.0,0.0,0.5627705627705628,0.0,0.0,0.12554112554112554,0.24675324675324675,0.0,0.0,0.0,0.06493506493506493,0.0,0.0,0.6999856113483094,1.1441371945644567,0.6251385304786282,1.5269997247679485,1.1280694446105104,0.3812611189221709,0.3251253563397411,0.06415872268744378,0.11201275844799584,0.11201275844799584,0.17254382652949582,0.4030636339351825,-0.28739359481106264,38.7361042287249,2.2758620689655173,-0.33526722427649924,10.455172413793104,-0.393973622628764,-19.006846950540172
s467,11.110865495051844,-0.7298769923075661,1.103688126024607,0.30228420890814084,0.7972729276412147,0.4664183631238007,0.17631492058515075,2.6453709168563835,2.276303501945525,0.0,0.0,0.35797665369649806,0.0,0.0,0.1556420233463035,0.14007782101167315,0.0,0.0,0.2490272373540856,0.09727626459143969,0.0,0.0,0.7595823313009786,1.1846563083214718,1.0774795581320282,1.196109925923421,-1.467493898556047,0.7369146034272832,0.2802877269854007,0.06927216818314925,0.07198797352820707,0.07383381900328931,1.3286935029528073,1.2353285360202921,-0.3013530251434929,41.92045556905693,4.1375,0.3900713369974976,22.64375,0.09899301213905001,-17.830782225362512
s468,11.274852330422897,-0.9213707944075016,0.48275551854754545,0.3333872981491006,0.536339925044884,0.36652798767706074,0.17171348212476217,2.134532379995368,2.0802643171806166,0.0,0.0,0.5594713656387665,0.0,0.0,0.13656387665198239,0.23348017621145375,0.07048458149779736,0.0,0.0,0.0,0.0,0.0,0.624088090156373,1.4530728459565612,0.8787521360886303,1.375300525345783,1.4000288625005057,0.3380882536446233,0.31438038525971546,0.05832847527502559,0.11441109255993702,0.11441109255993702,-0.0026750826676940655,0.5112460521820518,-0.29176388606658943,37.97279926458845,3.0064516129032257,-0.006849715653046762,18.780645161290323,-0.04407738997439892,-19.450304861268503
s469,15.363571996653308,1.7375650218702081,-0.608474701487974,0.5956975166658917,-0.2863759318275747,0.5947698623566801,0.22665526656561957,2.62411666566983,2.2345544554455445,0.0,0.0,0.13366336633663367,0.3316831683168317,0.0,0.33663366336633666,0.0,0.0,0.0,0.0,0.15841584158415842,0.039603960396039604,0.0,-0.8001508459525251,-1.2504944339240256,-1.080620494603311,-1.0188544506858117,-0.5215146294351198,-0.6953365246465772,0.7468124154390716,0.17703396981907296,0.28428797575862597,0.1854012415731017,-1.0252042538772261,-0.8440868706181592,-0.29484961594675607,23.373601759709025,0.21470588235294116,-0.8262893464640272,0.788235294117647,-0.6593892070105386,-22.70314762369042
s470,14.032644310802942,-0.41601941132606707,-0.4533954778100107,0.4349660869190055,-0.4956745010428778,0.5249246486977561,0.2249856228569065,2.333147523082461,2.3105726872246697,0.0,0.0,0.28193832599118945,0.2775330396475771,0.0,0.22026431718061673,0.1013215859030837,0.0,0.11894273127753303,0.0,0.0,0.0,0.0,-0.2541646426290455,-0.3818064776673054,-0.2621402174542956,-0.16681034647032403,-0.4152649278694074,-0.6641280790190169,0.6707767851102393,0.18700261955884864,0.18407611462320317,0.15775422283775084,-0.3048584921951075,-0.3706289782579198,-0.30163463941842306,30.85634266329298,0.744,-0.5317848065140246,3.128,-0.51298231103804,-21.19907484802825
s471,12.859059108965353,-0.6620969945190535,0.4802891394382769,0.516414733901311,1.0952749968806397,0.4976631999454882,0.08918259376228571,5.580272774662719,1.9406500000000002,0.0,0.0,0.365,0.0,0.0,0.395,0.0,0.055,0.05,0.09,0.0,0.045,0.0,0.16175532248842028,-0.18294450845422686,-0.6715552564840186,-0.3888030264701134,-1.3481870449076088,0.24939992902614294,0.37322414601753434,0.07526023192859092,0.0907855709807514,0.091015991211667,-0.4726671611165785,0.1581816088751429,0.11488866881102562,33.339059007693486,0.11645569620253164,-0.9593908239680377,0.26582278481012656,-0.7292903654631102,-19.720128753597493
s472,11.132591440336732,1.2749870791427422,1.330847382883841,0.33162803814368363,1.0678675833391318,0.4749488426006153,0.08658271879160243,5.485492361862401,2.2189156626506024,0.0,0.0,0.3855421686746988,0.0,0.0,0.20080321285140562,0.0,0.0,0.0,0.0,0.19678714859437751,0.21686746987951808,0.0,1.6852478181986037,0.38443470136923014,0.36177646014288195,0.5017823189504018,-1.4255140610322419,1.099399876728957,0.35106033640782613,0.07890231881727747,0.0786141090798541,0.08188969695818135,0.03402881112100207,1.369798976421568,1.8234604588633374,43.10162968617501,1.792,-0.2947337226460861,8.792,-0.34798605043247216,-17.664623055518298
s473,14.534175423333924,-0.5279011967152969,-0.30112599946664736,0.4078100709060619,-0.48573581457553516,0.5536019472490571,0.16608579066522453,3.3332288393348493,2.350916666666667,0.0,0.0,0.325,0.25833333333333336,0.0,0.22916666666666666,0.0,0.0,0.1875,0.0,0.0,0.0,0.0,0.09403442257914692,-0.15610656272218162,-0.371840154801692,-0.2505542938806306,-0.5758782182138976,-0.8717136014931047,0.8415306054550757,0.19618129811447024,0.24673206755969224,0.19326350864842093,0.10484498503066056,-0.2544629849635678,-0.161274803388619,30.44947608211942,0.6290909090909091,-0.6186356896581868,3.5345454545454547,-0.48240280309862676,-21.278224013179113
s474,9.934849881429388,-1.8539971492238736,1.483829782684115,0.22090785223990617,0.9042769358351691,0.4604571080765587,0.19184928576012852,2.400098109576878,2.3835971223021586,0.04316546762589928,0.0,0.35251798561151076,0.0,0.0,0.07913669064748201,0.2014388489208633,0.0,0.03597122302158273,0.28776978417266186,0.0,0.0,0.0,1.3499911792364603,2.596444873362836,1.9018580248171988,2.717015758704591,1.571771963088016,1.6445290063057696,0.4124362531882293,0.0741090690879621,0.051761743831578964,0.05765865135669555,-0.1755983187536303,1.7491995478381153,0.11644837031845268,43.6558329624931,17.227272727272727,1.8080984481745277,114.51136363636364,1.287910740461954,-16.54177405306909
s475,15.803820245619198,-0.03672523096796533,-1.6262824846966752,0.6070587213233716,-1.6350949134921968,0.6646599498835061,0.3224586046128798,2.0612256592794234,2.5679812206572765,0.2112676056338028,0.0,0.0,0.37089201877934275,0.15492957746478872,0.26291079812206575,0.0,0.0,0.0,0.0,0.0,0.0,0.0,-1.8134729868528052,-1.3500051429608433,-1.1472823820078455,-1.3274180421198127,-0.8041263561993987,-0.7537415154429484,0.5768845909458871,0.10768450357013529,0.3236608618347481,0.3236608618347481,-1.0660409670002946,-1.6937195817740975,-0.06959777956528652,13.925339718217828,0.3678571428571429,-0.5821125169552704,1.0392857142857144,-0.6086930001356118,-22.97159509003216
s476,14.004960221468217,0.5503795686106634,-1.3138786077250053,0.616188967327821,-1.1482761602576281,0.5635855154872773,0.533324903570229,1.0567395441586829,2.36035,0.0,0.0,0.0,0.49,0.0,0.245,0.25,0.0,0.0,0.0,0.0,0.015,0.0,-1.6047670430035024,-1.2058626848409775,-0.9192832911810583,-1.1752996050197453,0.014533132277065305,-0.6682145410806407,0.5991805611077573,0.0991049636076292,0.34117343038108483,0.34117343038108483,-0.6862041151618866,-1.5378627432744485,-0.2898744915303677,16.122791067592093,1.346938775510204,0.40496840869866924,6.718367346938775,0.03092966387886626,-22.525876020644354
s477,13.95543088304781,-1.3485219012461322,-0.2584527022022746,0.20621716674967663,-0.9036010342035725,0.6216520985904092,0.2754643104349562,2.256742797674315,2.8400668896321073,0.0,0.0,0.0,0.5317725752508361,0.0,0.06688963210702341,0.0,0.20735785953177258,0.06020066889632107,0.13377926421404682,0.0,0.0,0.0,0.1250950203541626,-0.5166097839205254,1.8001710764560799,-0.056962571588219296,-0.1535221111564955,-0.25951834112694944,0.6829354280300713,0.17471502188268268,0.3310637731366465,0.3352544538092622,2.4142750324899667,0.6963855066194173,-0.3007125583724795,36.33593634444068,20.45,3.241968707406591,202.975,3.814524768874628,-21.7894608359668
s478,10.837300206147507,2.004447221990706,1.125510349070369,0.40340593074809233,1.1254193922470983,0.5743313454793211,0.2140080606934364,2.683690248013802,2.3015720524017467,0.0,0.0,0.0,0.30131004366812225,0.0,0.2794759825327511,0.0,0.1222707423580786,0.0,0.0,0.026200873362445413,0.0,0.27074235807860264,1.1892298029158803,0.010710598257070329,-0.1093751105432611,0.36819736605085684,-0.21891348110117814,-0.4066032558103978,0.8696769464945696,0.20075374639623053,0.16167743356145164,0.30079522523060775,1.9092459400949806,1.615769955139553,-0.29959440870628695,47.64437342671401,1.05,-0.4128820670172723,3.875,-0.4962121979926486,-17.88602657411998
s479,11.991604772221043,-0.9964103191488758,0.4016346391868892,0.35714956010464505,0.4469121317905244,0.41858974483053857,0.11258545560115867,3.717973539259104,2.1104405286343613,0.0,0.048458149779735685,0.5110132158590308,0.0,0.0,0.19823788546255505,0.0,0.2422907488986784,0.0,0.0,0.0,0.0,0.0,0.5533804449268774,0.876107147764997,-0.01738208458855353,0.4852935390198086,1.666025725170311,0.1362618711898426,0.30170530906344145,0.06476187700529311,0.11837555295397874,0.11837555295397874,0.43123574583776514,0.39471690543088844,2.861285284685741,37.05794223983314,2.4133333333333336,0.19453364258226408,14.946666666666667,0.08278666806940761,-19.529385132463254
s480,13.440518256140487,2.1830263227927977,-1.3584292453282794,0.8644171270493188,-0.8640019471064365,0.6798411618452249,0.4002395778963622,1.698585545733467,2.1982513661202185,0.0,0.0,0.0,0.453551912568306,0.0,0.4262295081967213,0.0,0.0,0.0,0.0,0.12021857923497267,0.0,0.0,-1.3779649891487542,-1.6213850759124473,-1.565689910717926,-1.7768652546856287,0.20646784128403123,-0.9970804367814513,0.6198606435073167,0.11947762042952254,0.3521578937016762,0.3521578937016762,-1.8978573295135663,-1.6472864564645824,-0.300981650110501,9.706083942725412,0.09401709401709402,-0.8960881783326375,0.202991452991453,-0.7163025522002221,-22.03955610850313
s481,9.898193910232713,-1.4914336786715146,0.729882410319775,0.1786841353174059,-0.2765319890067326,0.5637040256756332,0.28952123049306666,1.9470213797987175,2.742401129943503,0.0,0.0,0.4632768361581921,0.0,0.2514124293785311,0.062146892655367235,0.0,0.0,0.2231638418079096,0.0,0.0,0.0,0.0,0.5854782739828969,2.340769229630075,1.6221409554588797,2.5544106020974535,0.9384785975555259,-0.15043633050544983,0.3068452226837066,0.08200894152066959,0.11559510182181049,0.12715461200399153,-0.27180668707002814,0.8867900675104936,-0.28131156425688125,28.68663839506189,14.227272727272727,1.104712794683152,92.33333333333333,0.7528288102227936,-16.154029147641094
s482,13.82344107446637,0.05547199526793487,-1.108718575886124,0.5326337962909574,-1.042856220207076,0.5592225434847912,0.37696724387932096,1.483477815552101,2.3852830188679244,0.0,0.0,0.07547169811320754,0.4528301886792453,0.0,0.22641509433962265,0.1509433962264151,0.09433962264150944,0.0,0.0,0.0,0.0,0.0,-1.345199739229758,-0.7601087969657211,-0.5865792554644066,-0.8128425630779492,-0.026957739155964066,-0.5455355360574085,0.799239419930129,0.12151290040964337,0.32141227942662454,0.20744866762128913,-0.008159943946475984,-1.22327389920733,-0.147917529929964,21.13101849396522,0.9429824561403509,-0.19226174708610502,3.1666666666666665,-0.4408498153894665,-22.153245656365762
s483,14.058173905016119,0.15214078113365706,-1.2605967644132932,0.4805768736877943,-1.4756628050421554,0.6258767082183677,0.4339822946818537,1.4421710652440076,2.6811814345991563,0.0,0.0,0.0,0.32489451476793246,0.25316455696202533,0.18143459915611815,0.24050632911392406,0.0,0.0,0.0,0.0,0.0,0.0,-1.0194743609584456,-0.8144913281078481,-0.7200171850118826,-0.6056762690840596,-0.12912416155431325,-0.3766194659852336,0.6706340874648941,0.1389848808290261,0.3124300737419315,0.31389002735754795,-0.7698419396048094,-1.1216855879888796,-0.2695163889146866,22.288918468549262,3.9069767441860463,2.0425797511608086,29.348837209302324,1.7419517563078395,-22.175608402710644
s484,16.964689575923067,0.46065346706546084,-1.3772437766798862,0.874642853684038,-0.8032850873912875,0.6467493700376635,0.4448062787588305,1.454002339720399,2.1623756906077345,0.0,0.0,0.0,0.3812154696132597,0.06077348066298342,0.425414364640884,0.13259668508287292,0.0,0.0,0.0,0.0,0.0,0.0,-1.4347690131490327,-2.015697237464184,-1.4903600350474733,-1.816089595960514,-0.03893946383801834,-0.8427034942582051,0.7412812436356453,0.13540268085017254,0.3328830785633405,0.3336051676708532,-1.9118292572965012,-1.6355986526983,-0.17422140128817204,7.902897439138204,0.21212121212121213,-0.6630769700658822,0.8874458874458875,-0.5727482979025088,-24.030706384232474
s485,12.796413012371673,-1.4077434953349333,0.47016199041158063,0.2363117005392773,-0.18722509537850746,0.5361537597601371,0.350631924522969,1.5291070842723995,2.611740614334471,0.0,0.0,0.3993174061433447,0.0,0.2593856655290102,0.10238907849829351,0.0,0.23890784982935154,0.0,0.0,0.0,0.0,0.0,0.7327707216494221,1.4557232188978158,0.9770732931297966,1.7170958107903864,1.6273089001858556,0.5110387184742241,0.35632243230077193,0.08203858132076872,0.10376117257038929,0.10733914403833375,0.18628173903912082,1.129570487235502,-0.2544962975763874,34.76923223076118,6.775,0.7382530075811936,41.208333333333336,0.42029787533300944,-18.96886917982663
s486,15.968597462633104,0.6390898604262129,-1.093219911013727,0.6063010502461609,-1.0885358148221644,0.6846895499094913,0.29666606927650613,2.3079469505200807,2.499447004608295,0.027649769585253458,0.0,0.0,0.3271889400921659,0.17972350230414746,0.31336405529953915,0.009216589861751152,0.11059907834101383,0.0,0.0,0.0,0.0,0.03225806451612903,-1.0963940274062849,-1.4314813772457806,-1.130024285668314,-1.335839214547164,-0.7292017871665271,-0.6939417676483467,0.7103425620024792,0.16154524293889028,0.30518459111316326,0.3144326090256834,-0.9910478046461716,-1.0944125762279078,-0.23122346057299856,20.048168815432764,0.5852941176470589,-0.3217069448581808,3.0823529411764707,-0.3329976556429531,-22.938478353505122
s487,11.299409151714068,-0.5849088763703134,-0.6765110504333776,0.3821871178723399,-0.8588501627718137,0.5632295664071825,0.2978816070452919,1.8907832947253616,2.4895833333333335,0.0,0.0,0.15416666666666667,0.425,0.0,0.175,0.0,0.24583333333333332,0.0,0.0,0.0,0.0,0.0,-0.2993360237206246,-0.40283303135622756,-0.218443368542713,-0.03220660519613627,-0.40191407154315334,-0.7047756334008612,0.7004519898516761,0.1567282410204275,0.2331082260323558,0.15652542074932127,0.6364570983102247,-0.5463079580907598,-0.1624174652798563,30.549037500448083,3.0476190476190474,0.8306166333628213,22.30952380952381,0.7323051341979419,-19.3587990253393
s488,13.699334771236742,-0.547137289492332,0.4214046776131118,0.5101633155069103,1.1312035944827392,0.4446964018862039,0.10105682353700002,4.400458933120799,1.8931122448979594,0.0,0.0,0.4336734693877551,0.0,0.0,0.37244897959183676,0.0,0.1377551020408163,0.0,0.0,0.0,0.05612244897959184,0.0,0.7025694711098145,0.11575137872136913,-0.5285854676845456,-0.42020626358310426,1.6070925308057669,0.27007196235483405,0.332449806779861,0.06767723537008094,0.097643094886634,0.097643094886634,-0.5595664421461344,0.08369766876280166,-0.23464274326022344,31.79348746751074,0.1963470319634703,-0.885797642933644,0.5525114155251142,-0.7003991427283257,-20.71941340396909
s489,14.932835237066534,0.6367279753307289,0.5736377844041347,0.44683431902012866,0.9237579053806371,0.4321207902527678,0.072646190846351,5.948292473678585,1.997429906542056,0.0,0.0,0.4953271028037383,0.0,0.0,0.2897196261682243,0.018691588785046728,0.0,0.02336448598130841,0.0,0.14018691588785046,0.0,0.03271028037383177,0.4839536595357753,0.14966147536523633,-0.3068637258702174,-0.011630253754202183,-1.409424643703579,0.267950118985571,0.38268133442679364,0.06900956280029988,0.10744663778234459,0.10744663778234459,-0.0531774496998321,0.337699226026279,-0.2218833312881611,35.59095904103495,0.2064516129032258,-0.9266124120425631,0.43548387096774194,-0.7241400710023163,-21.209295329889954
s490,15.60766329589518,1.8005907154041279,-1.2461597708913055,0.7962829845017286,-0.9156393940350257,0.7071943477781538,0.26333314850182665,2.685550041085117,2.3001036269430055,0.0,0.0,0.0,0.3626943005181347,0.09326424870466321,0.40932642487046633,0.0,0.0,0.0,0.025906735751295335,0.10880829015544041,0.0,0.0,-1.0743289180738624,-1.6881561160449823,-1.3770327973057022,-1.5853070554176707,-0.040533629351417334,-0.7518052394890318,0.7915534003045259,0.1470658508037246,0.33312043918208545,0.33312043918208545,-1.6384305891999928,-1.5112523481040192,-0.3016210089822088,13.789382640977589,0.09282700421940929,-0.9132417653317497,0.2805907172995781,-0.7049284747498046,-23.361068141071684
s491,11.97300274781819,0.5577834719124747,1.1160122763159226,0.40343036876208066,1.3695483989499007,0.4337956289652574,0.06575398353115072,6.597252450260268,2.0155045871559634,0.0,0.0,0.43119266055045874,0.0,0.0,0.2798165137614679,0.0,0.11467889908256881,0.0,0.0,0.05963302752293578,0.0,0.11467889908256881,0.9913910142579807,0.7378228598036928,-0.1316741801444126,0.49229991284816366,-1.574408368910142,0.28980006749136317,0.3658519406303822,0.07517714738533685,0.08666353667185236,0.08723557321754116,1.023489751365321,0.9892628568603826,-0.20141668776941504,42.265730918458026,0.5377049180327869,-0.7371248503599684,2.944262295081967,-0.5585968359786913,-18.783772116003462
s492,14.974768269994193,0.9144939647477743,-0.633902079755728,0.3927422431585053,-0.9682510209832188,0.6492236749445898,0.22750432862396705,2.8536761426533825,2.6518677042801557,0.0,0.0,0.0,0.47470817120622566,0.0,0.1867704280155642,0.0,0.0,0.07003891050583658,0.13229571984435798,0.13618677042801555,0.0,0.0,-0.7687836942773841,-0.47902971784450676,-0.494026631246406,-0.6585974258677842,-0.5449410911320604,-0.6934763912087447,0.7683498701889145,0.13870372196249897,0.35571936449688185,0.3575817695466037,0.5150543571681043,-0.29791310563489354,-0.28980005505386763,28.67912506374982,2.1770833333333335,0.3571604917206933,14.973958333333334,0.2950418225629095,-21.966890939893506
s493,11.452313889487815,1.0016399324601115,-1.5197917618904584,0.3978554541650485,-1.736983061431717,0.6175496835921843,0.3380801103503872,1.8266371332881843,2.695914893617021,0.17872340425531916,0.0,0.0,0.574468085106383,0.0,0.13617021276595745,0.0,0.0,0.03404255319148936,0.0,0.07659574468085106,0.0,0.0,-1.3795062703479417,-0.4784230438648943,-0.32169338736330433,-0.4064713728422552,-0.7169469146120375,-0.9668519043920584,0.5320553873307698,0.07293082241724418,0.3459264778134246,0.3459264778134246,-0.007933982162387406,-1.3027974516972665,-0.3014135499209778,19.436617028727458,3.65,1.3580203071262054,31.21875,1.4642987000893721,-21.18321097196467
s494,14.15926085373197,0.23943369028391867,0.7606860578826311,0.2633313213061566,0.3152345129285137,0.41118386267083257,0.08230474419407638,4.995870732569827,2.2624999999999997,0.0,0.0,0.625,0.0,0.0,0.08333333333333333,0.0,0.125,0.0,0.0,0.16666666666666666,0.0,0.0,0.4187510429607894,1.571836707848059,1.7523967770094209,2.275930734087261,1.9205330440111308,0.42292811176110945,0.21134546317714814,0.05071699158883761,0.10018075896444,0.10018075896444,-0.10241658121112485,0.869983548963955,-0.2670820113835353,39.10351082718383,5.607142857142857,0.06692327678351548,29.928571428571427,-0.10608682872982374,-20.14379663919148
s495,13.009973918913605,0.24376038400135833,0.7344406784366028,0.4824989226971748,1.1995356027310584,0.4680688579572612,0.024993875333030314,18.727342267675123,1.9412135922330098,0.0,0.0,0.42718446601941745,0.0,0.0,0.3640776699029126,0.0,0.0,0.11650485436893204,0.0,0.0,0.0,0.09223300970873786,0.4765572305368838,0.24693059306900533,-0.698096351576025,-0.1822523745152921,-1.0417629731444107,0.2356714031344857,0.3451749835701056,0.07146376652013439,0.09418551656164442,0.09418551656164442,0.3746179386332763,0.47733295476241755,0.5506954471798553,36.00903961733947,0.096,-0.9933949190930728,0.3413333333333333,-0.7258587489266042,-19.71897958689983
s496,13.237503968535176,2.3826188365744696,-1.2740800355443815,0.6550279727390602,-1.2839304304446315,0.6975888869729188,0.2992380608949124,2.3312171081669346,2.525462962962963,0.0,0.0,0.0,0.38425925925925924,0.1527777777777778,0.3101851851851852,0.0,0.0,0.0,0.0,0.1527777777777778,0.0,0.0,-1.3248588483538246,-1.288509697546225,-1.2252155743690987,-1.4155679465005138,-2.9767559175829934,-0.6234588878589079,0.7973913414368676,0.1319310805342874,0.3437939379856029,0.3437939379856029,-1.6484590229751692,-1.3715215586416425,-0.2702340521137733,16.005592726330566,0.48059701492537316,-0.4195461196844176,1.964179104477612,-0.4709312300748933,-21.719346815839785
s497,12.22304921550061,-0.10630508872785543,0.5911818569965942,0.41855969890671374,0.7655456803263497,0.4915354159995973,0.1393994693172617,3.5260924478909117,2.1175784753363227,0.0,0.0,0.32286995515695066,0.08071748878923767,0.0,0.28699551569506726,0.0,0.16591928251121077,0.0,0.0,0.0,0.14349775784753363,0.0,0.6508673859367906,-0.26357165843323244,-0.3650004572632565,0.04948055449813284,-0.4772998967730581,1.494524576430808,0.5498655077691899,0.07521242786041234,0.023280283826074864,0.07938935443405015,0.4019020827564034,0.5530566599144376,-0.2163041489320561,38.919056538074614,0.83125,-0.47167808207247963,3.715625,-0.4688229343600581,-19.30074135275753
s498,13.43175181198019,-0.6168103764032187,-1.4962878685063477,0.423502353754662,-1.5719719260075922,0.604305309479531,0.32756681472339216,1.8448306797800187,2.6029493087557602,0.2903225806451613,0.0,0.0,0.4930875576036866,0.0,0.16589861751152074,0.0,0.0,0.0,0.05069124423963134,0.0,0.0,0.0,-1.588488396159643,-0.1948924912548108,-0.6207958202315309,-0.6299861896377406,-0.7738450597724494,-0.5627303788103405,0.545816695653573,0.08456292199963898,0.30958745214094324,0.3113169909797195,-0.06237786266864045,-1.343286066242878,-0.04556917452013423,20.556170230906258,2.066666666666667,0.5847783246669208,23.68888888888889,1.275454831846468,-21.46882601091719
s499,11.50330934928207,0.7193780078596878,0.9133226873624102,0.3783877431753034,1.0854856407278082,0.4124311410026523,0.09123052041527784,4.520758394507469,2.0626905829596414,0.03587443946188341,0.0,0.4663677130044843,0.0,0.0,0.21973094170403587,0.08071748878923767,0.0,0.0,0.0,0.11210762331838565,0.0,0.08520179372197309,0.917240177719884,0.6120975218197642,-0.0014021808662965309,0.689646295280459,1.0794736412700527,0.10938626367778881,0.3630522198153403,0.07655092631379226,0.10383288770829367,0.10383288770829367,1.8444666983406173,0.9062901019842258,-0.29876771796811175,41.42498417000121,0.6326530612244898,-0.7495803804704602,2.6816326530612247,-0.6093952362608418,-18.52368794388046
s500,13.222300596970806,0.26384736466355,-0.5173968857016613,0.3103868634663826,-0.9886661825699287,0.6485694535519725,0.21631580209443624,2.998252773363403,2.7291111111111106,0.04814814814814815,0.0,0.0,0.5111111111111111,0.0,0.14814814814814814,0.0,0.0,0.17037037037037037,0.0,0.0,0.12222222222222222,0.0,-0.48728004066515207,0.23495834215405556,0.24424409981827988,-0.22971191364522908,-0.1307509795789953,-0.8159420159692194,0.6313308137559444,0.16137621983971853,0.33396414011971914,0.3425273231997119,0.8267833622705885,0.2794627190571143,-0.23745445476643093,32.74832793290578,3.3,0.5866298531892844,18.31875,0.2275948618415962,-20.505897012815225
s501,13.852752488859522,1.9227832530478202,-0.533038383588761,0.3308317566117154,-0.9638533736556029,0.6268770983444396,0.2755512813080593,2.274992500011666,2.7363295880149807,0.0,0.0,0.0,0.50187265917603,0.0,0.12359550561797752,0.0,0.0,0.0,0.12359550561797752,0.250936329588015,0.0,0.0,-0.5404207840771599,-0.345999428602115,0.39369008013497525,-0.11887275696715811,-0.48968939512160187,-0.26970193062121145,0.787220022459268,0.14241896907090676,0.33790657442815675,0.33790657442815675,0.3326422284198718,-0.028847879265282695,-0.23439743701218388,31.10769835363423,4.946969696969697,1.014232812106645,26.666666666666668,0.4448029794655135,-21.418994895280818
s502,10.112646472580877,-0.7566130282221193,0.11916069276564407,0.3527849328743384,0.3161420342092102,0.4285797756730119,0.07631310108992213,5.616070760484531,2.143935185185185,0.27314814814814814,0.0,0.4722222222222222,0.0,0.0,0.18981481481481483,0.0,0.0,0.0,0.0,0.0,0.06481481481481481,0.0,0.12228350462013526,0.6575241456936903,0.07015544965744898,0.4853594516121937,0.9588227251476463,0.6571868204149172,0.2948898106776414,0.06603096699633776,0.10915186408398987,0.10915186408398987,0.33791489914117445,0.28068232253123204,-0.28992721029186347,35.90789267352981,1.3707317073170733,-0.33678294822647437,6.0634146341463415,-0.40821583883122287,-17.779206208546576
s503,15.012408024255713,0.9817806961827213,-1.2274130614032197,0.7085151578092941,-0.8916445938450002,0.6540006840634809,0.2712890621718963,2.410715267426034,2.2901036269430053,0.09844559585492228,0.0,0.0,0.43005181347150256,0.0,0.3626943005181347,0.0,0.0,0.025906735751295335,0.0,0.031088082901554404,0.05181347150259067,0.0,-1.0513204726741499,-1.9916380321182963,-1.0869453487401577,-1.4351383083796743,-0.8053084627749004,-0.9246011907423526,0.6551245028978782,0.1177230466793422,0.351034673068138,0.351034673068138,-0.7110393763199919,-1.3885998896315999,-0.2788816201627942,14.94818516616454,0.08333333333333333,-0.9482444432918342,0.13095238095238096,-0.7365416155895117,-22.649899887630923
s504,13.437022339013545,-0.7338925071088173,0.4071287869012787,0.3644205382514205,0.2631066298124918,0.4384924782289652,0.07225086411261036,6.0690274589038795,2.1308333333333334,0.0,0.0,0.5833333333333334,0.0,0.0,0.20833333333333334,0.041666666666666664,0.0,0.16666666666666666,0.0,0.0,0.0,0.0,0.12886221932335912,1.1244655818226088,-0.02930615989107575,0.7463289831179178,0.24172086080404712,0.1209875061944494,0.29423830207979457,0.05919940870290156,0.11473900049074905,0.11473900049074905,-0.0819562271052205,0.29513611158384956,-0.250348426510947,36.60938031029886,0.8285714285714286,-0.6205088709838885,5.1761904761904765,-0.4527526193279987,-19.945704452987425
s505,14.789604158551453,1.4773181934345168,-0.9478111394397551,0.7380553362438086,-0.3796379509184221,0.6261892258973523,0.27175169339425065,2.304269821012274,2.1466666666666665,0.0,0.0,0.0967741935483871,0.3655913978494624,0.0,0.40860215053763443,0.0,0.0,0.0,0.0,0.12903225806451613,0.0,0.0,-1.1169997383470105,-1.4930659135982003,-1.2095476242223726,-1.4712785852597927,-0.3938454182184016,-0.8931867606121908,0.6949471153760335,0.154218337588925,0.31690167103459244,0.19225754859881586,-1.3694214373648843,-1.1987828310028983,-0.25993867081554306,15.390274107747043,0.16267942583732056,-0.8189502898493304,0.30861244019138756,-0.7058294125231283,-22.568986024461253
s506,13.564108817064342,-1.0314612318683296,0.36413320912592384,0.3821787932646424,0.5450433627742775,0.41351372754333215,0.09119533362256495,4.534373757047304,2.0586425339366516,0.06334841628959276,0.0,0.5429864253393665,0.0,0.0,0.22624434389140272,0.0,0.167420814479638,0.0,0.0,0.0,0.0,0.0,0.4223138337934473,0.5879675717516389,0.04902310370572297,0.2769006286733838,1.141013898085874,-0.008864686189454317,0.2937875535077176,0.06576295879304063,0.1173222741895151,0.1173222741895151,0.3014935976205393,0.21281274070992198,0.31067579478493,35.993095606924086,0.976,-0.4862546847868225,4.484,-0.46790331961090487,-20.50664132584332
s507,14.163898302506198,0.8358780174672211,-0.920750948454635,0.26897831395970206,-1.4613156266351912,0.6418375105989955,0.2973852483905276,2.1582694974706067,2.8549829351535836,0.0,0.0,0.0,0.621160409556314,0.0,0.08532423208191127,0.0,0.04436860068259386,0.13651877133105803,0.0,0.08191126279863481,0.030716723549488054,0.0,-0.6504212405609022,-0.6876624902902811,0.4227961042447082,-0.15326323345218396,-0.10262874671620947,-0.8528444632667114,0.6155763805932983,0.08839921960861119,0.3922239385968493,0.3922239385968493,-0.28756791671186377,-0.20963987091707778,-0.23081800223315135,27.196120089316466,9.5,2.0696611586276434,67.01,1.609788287995038,-22.55451727781655
s508,13.887952745087313,-0.6027190952426812,-0.13859741079398658,0.4413374004632186,-0.2922074113207381,0.5742157140230998,0.2646461221633848,2.169749208222276,2.340735930735931,0.0,0.0,0.36796536796536794,0.04329004329004329,0.16883116883116883,0.27705627705627706,0.0,0.0,0.14285714285714285,0.0,0.0,0.0,0.0,0.11932169880356619,-0.6528572436207934,-0.2740490502590925,-0.5450386529102615,-0.1617436392666753,1.9799873489595186,0.7351546795254289,0.11743846670074881,0.032922973751214765,0.1008194377467339,-0.5000404785613041,-0.16576992800377027,-0.1315548036663664,28.70150272022486,0.359375,-0.7753789068425712,1.196875,-0.6505181938494266,-20.636957262349796
s509,13.435752515544099,1.1969674162242656,0.07675543046062669,0.3616103358452328,-0.08619929308341695,0.49200125819359386,0.17964425970472742,2.7387530166690133,2.33175,0.0,0.0,0.38333333333333336,0.2,0.0,0.16666666666666666,0.0,0.025,0.0,0.0,0.225,0.0,0.0,0.08382067382299303,0.43150810640540455,0.3670119259651292,0.5827829657053476,-0.38329169644099353,-0.30298185152532275,0.6823764045809153,0.18984547228148665,0.16114190153631416,0.1566252143370855,-0.06472606513168541,0.04488693333066191,-0.2967766075370606,34.28161091968642,1.7444444444444445,-0.24046892719632132,10.605555555555556,-0.2146218248379295,-20.495658788147686
s510,10.921060686659187,-0.8224911674837746,-0.2717626657289363,0.33861661344290345,-0.48732738536529574,0.5187381625429813,0.2450675894106969,2.11671467365541,2.4174485596707815,0.0,0.0,0.2757201646090535,0.31275720164609055,0.0,0.15637860082304528,0.0,0.2551440329218107,0.0,0.0,0.0,0.0,0.0,0.16772693879240524,-0.06304385762746438,0.5481813119189071,0.6411748441891049,-0.3481788708733033,-0.11183782469971384,0.573235193043082,0.15903986364829267,0.15503931561308792,0.14970013105611435,0.595930800849712,-0.09022440766104613,-0.2772895366140097,35.61039834504912,3.205263157894737,0.5098779001487226,19.647368421052633,0.28022137566932914,-18.866676585879905
s511,15.257754474397213,-0.671099092124337,-1.3978278381753937,0.44082089663364393,-1.3920964452936737,0.5797990038770964,0.35085455967353457,1.6525337576247876,2.533380281690141,0.23943661971830985,0.0,0.03755868544600939,0.49295774647887325,0.0,0.17370892018779344,0.056338028169014086,0.0,0.0,0.0,0.0,0.0,0.0,-1.5192396394880199,-0.7605846450434604,-0.5336547818695747,-0.6243774211327854,-0.7446036491570304,-0.7251886247018603,0.6137995651499335,0.08144099657691574,0.3436689279933076,0.22704524069003199,-0.40336156280539437,-1.4565885906918876,-0.28160509396516786,20.688956721661217,3.151351351351351,1.469055382046442,35.34594594594594,2.289170047203217,-22.7009109095
s512,14.322731557236924,0.9914588103599359,0.4628940820120612,0.3208347433465392,0.1795790569847999,0.45085941608413793,0.12275742561328577,3.6727669534586784,2.2772047244094487,0.0,0.0,0.5236220472440944,0.07874015748031496,0.0,0.1377952755905512,0.0,0.0,0.027559055118110236,0.0,0.23228346456692914,0.0,0.0,0.20383625551245624,0.14580483301172448,0.6541127268689234,0.6187779262136811,-0.3774162554454636,-0.42981843337305886,0.7160909498434684,0.20958071765392963,0.1321971875183778,0.15016148111064867,0.12365246075841274,0.29955831247666337,-0.3007383744596678,36.279090043438124,2.4214285714285713,-0.20375599629023308,12.964285714285714,-0.2585875194763152,-20.528651386485713
s513,11.865023471682115,0.08891284584409527,0.6595061170007737,0.45567393793212607,1.091148093810762,0.492863091121545,0.06679550667580418,7.378686316636301,2.0208056872037914,0.08530805687203792,0.0,0.33649289099526064,0.0,0.0,0.3412322274881517,0.0,0.0,0.052132701421800945,0.0,0.0,0.1848341232227488,0.0,0.503438427564346,0.3365945370550086,-0.5727361675680306,-0.044641598145054806,0.680779008835091,0.2692373713936792,0.3593067168237279,0.0779479815334937,0.08343268632986235,0.08508715886331572,0.5328427597674227,0.49265488312201566,-0.1597092964122693,37.118291850597124,0.25277777777777777,-0.8631999627397486,0.775,-0.6878047162334999,-18.722285660349034
s514,16.06187443993781,0.8507340826818619,-1.0499824894963754,0.8133574001197942,-0.340974475774181,0.6427648712640978,0.3393830655115056,1.8939214609760988,2.091284916201117,0.0,0.0,0.0,0.3743016759776536,0.0,0.44692737430167595,0.0782122905027933,0.0335195530726257,0.0,0.0,0.0,0.0670391061452514,0.0,-1.078678004293873,-1.7921641734670617,-1.0788631323380664,-1.6740671837207064,-0.07066004728521796,-0.8308880350953587,0.7256344676039211,0.14933067795434424,0.32764132982143473,0.33109018592481826,-0.7203997922634643,-1.2699436854694055,-0.00687734693133371,11.58316049082158,0.12708333333333333,-0.8486262137209138,0.25833333333333336,-0.7084883335224805,-23.382354004160728
s515,15.243889707159687,1.2698988260347688,1.0155137299418597,0.28088760744635055,0.5559613965604691,0.43417646450702024,0.08153394981544511,5.325100347644062,2.281622641509434,0.0,0.0,0.5509433962264151,0.0,0.0,0.10566037735849057,0.0,0.0,0.0,0.0,0.2679245283018868,0.07547169811320754,0.0,0.8067231769508578,1.6024627953267268,2.2572389397171984,1.4173359023964034,1.3708084829158609,1.126782421361141,0.26097999237263403,0.06649939326649751,0.1017223714387142,0.1017223714387142,0.16219342000850454,1.0269135597364698,-0.01621927613093644,41.14061121053516,4.107142857142857,-0.07110228599036346,23.151785714285715,-0.1524408208415463,-20.63189590001077
s516,15.850210887363284,0.5221573657844331,-1.260278506798218,0.5842375669785554,-1.1956417613866122,0.6276745268882193,0.3257375738669103,1.9269331426428389,2.431201923076923,0.07692307692307693,0.0,0.0,0.4807692307692308,0.0,0.27403846153846156,0.0,0.125,0.0,0.0,0.0,0.04326923076923077,0.0,-1.423237841072426,-1.9522693857515687,-0.9805921183800699,-1.1943718324332842,-0.6936151641414641,-0.8143183218490425,0.6579743313068526,0.09818273294021557,0.35490350016300304,0.35490350016300304,-0.7603215052220381,-1.2647314476450005,-0.1482682383535199,18.488214136438806,0.42105263157894735,-0.5714983288139622,1.3473684210526315,-0.5851928644129433,-23.53360034901451
s517,15.179400750740367,0.41989903113063,-0.8935734689237125,0.7526822117664043,-0.2055016747454634,0.6098477184063006,0.24738778144428958,2.4651489044685704,2.0658241758241758,0.0,0.0,0.13186813186813187,0.31868131868131866,0.0,0.4340659340659341,0.03296703296703297,0.0,0.038461538461538464,0.0,0.04395604395604396,0.0,0.0,-0.8499350355831387,-1.4315206304548431,-1.23231754725995,-1.4696357873815646,-0.4915877136904977,-0.9529653747649736,0.6567481704049541,0.17501626817724916,0.2757978219238481,0.18347319529736936,-1.4648597873615745,-1.0544830739954878,-0.013932199370486552,13.967345284252612,0.12236286919831224,-0.8752232057136503,0.3037974683544304,-0.7044452405857349,-22.741084025491407
s518,15.49607729097999,0.9505980072330805,0.6278681032216151,0.3225462089830267,0.3542931735288763,0.4476397499486861,0.16642795446503908,2.6896908718704475,2.2662151394422314,0.0,0.0,0.549800796812749,0.0,0.05179282868525897,0.14741035856573706,0.0,0.0,0.0,0.0,0.250996015936255,0.0,0.0,0.29733171314272094,0.6905395369163866,0.551612292806357,0.587786916947936,1.3955641739589462,0.4759086244894003,0.3175997206957723,0.0632419762722125,0.10899230382778975,0.10899230382778975,-0.3220962463751992,0.52011309944687,-0.25994063546511353,36.6321851455834,2.9594594594594597,0.02292541530188983,16.93243243243243,-0.08599884679181674,-20.95244706423326
s519,12.290844482625461,-0.1500250376585631,-1.2139602690056153,0.304871600173585,-1.6156415438043517,0.6083803396453903,0.4472779356966061,1.3601841072215595,2.766666666666666,0.0,0.0,0.0,0.6206896551724138,0.0,0.09195402298850575,0.0,0.28735632183908044,0.0,0.0,0.0,0.0,0.0,-1.3566773447055436,-0.568797793825535,-0.1568896401072312,-0.46055950072995666,0.29842646451715155,-1.2843004189741665,0.5599855392586659,0.07663427144344398,0.3509399030697014,0.3509399030697014,0.18865724947312285,-1.0644818080300755,-0.28873245612097087,23.054914247100953,14.510416666666666,4.691482426914186,156.27083333333334,5.867760519809118,-21.65153402286209
s520,11.574537517443156,-1.1971368630116124,-0.8919471444558006,0.39984885333477155,-0.7606400996015521,0.5344982384977057,0.2390763434933166,2.23568016261152,2.3939999999999997,0.2857142857142857,0.0,0.19523809523809524,0.32857142857142857,0.0,0.19047619047619047,0.0,0.0,0.0,0.0,0.0,0.0,0.0,-0.9736550682354354,0.16389252170592591,-0.2375592934518988,-0.16964461577975154,-0.8415308409786951,-1.0850851750125086,0.7791720615335054,0.16539602569327103,0.19087131692609116,0.15592181983408773,-0.1260382338724717,-0.7735696216046185,-0.15258748735941902,26.41482430714219,2.11,0.46639996039859427,16.77,0.5514942445537729,-19.17430642162448
s521,12.3656512213666,-0.8605341199412732,0.38873144602223986,0.37523602335771483,0.6648329648194856,0.35544119683504916,0.20960700880260705,1.6957505327017874,2.012336448598131,0.0,0.0,0.5327102803738317,0.0,0.0,0.16822429906542055,0.29906542056074764,0.0,0.0,0.0,0.0,0.0,0.0,0.3268698787088681,1.3850844950070489,0.24960785834096175,0.8270759975377644,1.7617953270536726,0.30349679339407437,0.341989379166592,0.06539922967360264,0.10595587060192038,0.10595587060192038,0.1895810969400263,0.28583052286769617,-0.19335556671038628,36.705192965920524,1.8722222222222222,-0.23823946877442337,11.938888888888888,-0.18651270070701628,-20.481465869885277
s522,11.816625587530124,-0.1520425611706182,0.4412583457308188,0.36788863442403436,0.11823940961638499,0.5595175488014279,0.2110655894564001,2.650917898282077,2.3716470588235294,0.0196078431372549,0.0,0.34901960784313724,0.0,0.14901960784313725,0.23921568627450981,0.0,0.0,0.12549019607843137,0.0,0.00784313725490196,0.10980392156862745,0.0,0.19971049602384744,-0.19326493637437756,-0.010749922660618548,0.12809222434313913,-1.3508540718116366,0.5698055581126567,0.3613775739763476,0.07945925855618155,0.09340215530717669,0.09656833006335216,-0.08936037653614023,0.6160175962407879,-0.29759182033866766,35.28963557356581,1.0204918032786885,-0.4355520756666418,4.540983606557377,-0.45298893776847027,-18.370397011524613
s523,15.162479522187061,0.8899438160411355,-0.5741494010172075,0.5799204088748705,-0.20540060861867035,0.5653815903903526,0.2105565057842218,2.685177493255684,2.186818181818182,0.020202020202020204,0.0,0.21212121212121213,0.2878787878787879,0.0,0.3333333333333333,0.0,0.0,0.020202020202020204,0.0,0.12626262626262627,0.0,0.0,-0.223605291754826,-0.9313967558688692,-0.8783812234545393,-0.9936468728520467,-0.6325155384687157,-1.0419598978588096,0.7574464427586934,0.19014247005670173,0.2814031583726941,0.1923384454033602,-0.30022315747212197,-0.8448237233373292,-0.30151387239122845,22.85181886160791,0.26515151515151514,-0.7731215226228525,0.6338383838383839,-0.6804351973521968,-22.375385229765985
s524,13.047506369395812,0.5549570303082876,-1.4281625893806231,0.6020038615242248,-1.353786965586794,0.5693945216521422,0.5232162052572139,1.0882585744304822,2.4124401913875597,0.0,0.0,0.0,0.5167464114832536,0.0,0.22488038277511962,0.22488038277511962,0.03349282296650718,0.0,0.0,0.0,0.0,0.0,-1.613614490584434,-1.664593706500566,-0.9403365827066894,-1.2215556030719825,-0.26931521396277225,-1.1742400846685666,0.5495537821961798,0.08548418666447709,0.35034804602674796,0.35034804602674796,-1.515372070522212,-1.6788533121674505,-0.2937220897768056,14.848285071610578,1.4340425531914893,0.4409872070300223,7.812765957446809,0.12469057910910075,-22.194304475807208
s525,14.26078068958011,-0.22467618967281883,0.4583181220773255,0.36663221915304195,0.5049653909992523,0.39764244447928265,0.1298716446680732,3.0618111096966536,2.085288888888889,0.0,0.0,0.56,0.0,0.0,0.18222222222222223,0.13777777777777778,0.0,0.044444444444444446,0.0,0.07555555555555556,0.0,0.0,0.570142857512966,0.8722465555922327,0.3478352656640718,0.7835213275920965,1.1358594759174951,0.4045287696239034,0.28152417190191403,0.06429989574807159,0.11420846122610132,0.11420846122610132,0.09087874465649502,0.36226415915209736,0.15639994254272716,36.52885924358831,1.2439024390243902,-0.48399063134382475,5.15609756097561,-0.49531899826611187,-20.96151325596525
s526,14.142646745324033,0.9715175716013623,-0.6934202959810446,0.7065942154505702,-0.010032289443986209,0.6137796077806872,0.3201628717375679,1.9170855272806022,2.1072677595628413,0.0,0.0,0.0,0.3333333333333333,0.0,0.41530054644808745,0.12568306010928962,0.0,0.0,0.0,0.0,0.12568306010928962,0.0,-0.6152119639744568,-1.7391075186200664,-0.9884572691414528,-1.3993572636355829,0.10719525654425653,-0.9410758065413702,0.7639465720290026,0.18014629014796052,0.29548623803561286,0.3083334657762917,-0.5675805523933642,-0.8895462491034574,-0.0672390789290332,17.66131479037378,0.07236842105263158,-0.9714218556229076,0.10087719298245613,-0.7424727447842542,-21.931725815123684
s527,12.305398107667777,1.0140724101505567,-0.7278421352157642,0.5844700009232577,-0.3758255050222983,0.5628723055452938,0.43643744409277024,1.2896975572646976,2.2673366834170854,0.0,0.0,0.0,0.4271356783919598,0.0,0.2914572864321608,0.21105527638190955,0.0,0.0,0.0,0.0,0.0,0.07035175879396985,-0.37248949181291163,-1.2443339577913202,-0.6224219211911238,-0.9869945556055008,-0.0981064706282953,-0.8093913796006952,0.8013575697156076,0.15166368736153263,0.33105490948164307,0.33884443676356407,1.36329655268842,-0.8032566612667895,-0.1917736004049272,24.553296210498978,0.7816091954022989,-0.25009094819260713,4.212643678160919,-0.2818763615199506,-20.633761200761114
s528,11.311657281324566,-0.1548801413700705,1.9242741708224236,0.24190626401104653,1.4466647332652307,0.42284143577976663,0.1975511772763119,2.140414659176364,2.2759701492537316,0.0,0.0,0.3208955223880597,0.0,0.0,0.08582089552238806,0.2873134328358209,0.0,0.0,0.0,0.0,0.30597014925373134,0.0,1.5227821679287161,3.020002238282768,2.5401123351446646,3.1601990512855034,2.252423223685089,-0.20984903393345994,0.31597596789735494,0.07618897553553905,0.05924723412252579,0.06194029021900425,1.2408429805556374,2.037171866710846,-0.27152452812474176,47.087860846480204,13.293478260869565,1.15106747808666,88.52173913043478,0.8251308163032682,-17.76721144005281
s529,14.561023555578485,0.2203160647974267,-1.527805606718131,0.8213041862178455,-1.1144564303436868,0.6628229655210605,0.3568297477934443,1.8575328139534613,2.2473369565217394,0.11413043478260869,0.0,0.0,0.45652173913043476,0.0,0.391304347826087,0.0,0.010869565217391304,0.02717391304347826,0.0,0.0,0.0,0.0,-1.5777644965249633,-1.518847536601682,-1.5778440911574385,-1.6975090115443456,-0.6240062091482362,-0.8712898009242374,0.5880424737491727,0.09877051875834339,0.3639334894486173,0.3639334894486173,-1.7830798595598045,-1.7764843706208044,-0.2584069201731607,8.974884092998341,0.18287037037037038,-0.727458503602413,0.9398148148148148,-0.5655842064996055,-22.263491497911073
s530,15.740943327720643,0.1599653737442838,-1.0695409807513574,0.6338063166922822,-1.1115242375404208,0.7275795440646229,0.18220523918216613,3.993186734532916,2.47986301369863,0.0,0.0,0.0,0.3242009132420091,0.1278538812785388,0.3470319634703196,0.0,0.0,0.1050228310502283,0.0958904109589041,0.0,0.0,0.0,-1.0401269674216767,-1.3690367403711021,-1.2044962924752372,-1.2225181848934148,-0.35925724745977133,-0.6322534710812493,0.6892535763178049,0.1505203513983093,0.33504910661594695,0.34042422597342203,-1.250709438275182,-1.067799649931034,-0.2664071994773414,20.34553707536467,0.17894736842105263,-0.8252464402583056,0.4631578947368421,-0.6883556971925142,-23.005664487912934
s531,10.625236113541236,-1.0621608412689068,0.6491797031892581,0.29107729209174965,0.4324546461201726,0.39459019457826594,0.12373457829494539,3.1890050462505606,2.1658196721311476,0.0,0.0,0.5942622950819673,0.0,0.0,0.12295081967213115,0.06557377049180328,0.21721311475409835,0.0,0.0,0.0,0.0,0.0,1.0412015277561828,0.6451590477276327,0.525229995164208,1.3009410225099316,2.246764376482668,0.23130093031302953,0.32716338042084775,0.06373089022504146,0.11925952322517408,0.11925952322517408,0.23567629456525002,0.6368035705013322,1.0455862987638322,38.82787714834223,4.866666666666666,0.4253889581143186,29.073333333333334,0.20001575188176243,-18.466791254192607
s532,12.67945756288998,-1.0317870207688067,0.6497282476513713,0.2750885026309381,0.1829882930471115,0.44566129206507027,0.040360641748932086,11.041977351038085,2.261375464684015,0.03345724907063197,0.0,0.6282527881040892,0.0,0.0,0.13382899628252787,0.0,0.0,0.20446096654275092,0.0,0.0,0.0,0.0,0.5679433651100938,0.8975180838640724,0.4996309157792511,1.2956570403951115,1.0794827369299766,0.11338184286108126,0.2549317303505578,0.05240138941040223,0.10989748243919559,0.10989748243919559,-0.480416393222529,0.6158481643953432,-0.27137138912768305,37.17323364988895,3.548611111111111,0.11472142981483478,22.57638888888889,0.05156413005835766,-18.598177267290172
s533,14.385916239205427,-0.9579161834395027,-1.1030802080988877,0.5036135893974071,-0.8578496337377937,0.5691450740114404,0.27319773353506716,2.083271580063771,2.3593,0.25,0.0,0.12,0.38,0.0,0.25,0.0,0.0,0.0,0.0,0.0,0.0,0.0,-1.3601148992847607,-0.6017687601418878,-0.9588236951299958,-0.793461103289326,-0.7166327820079732,-0.936107983016355,0.7694336635693414,0.15215286915311338,0.27003610968182334,0.18042661305005028,-0.6333672098263232,-1.1061505999199563,-0.25367197962815513,21.320656785024415,0.976,-0.06763488623449367,4.716,-0.23721150001478325,-21.34099683522431
s534,15.522228503095246,0.1816571264340558,-1.270342799207387,0.5862124521923939,-1.31358790589683,0.6419271975459955,0.4172248506350445,1.5385641496879652,2.5537899543378995,0.0,0.0,0.0,0.3150684931506849,0.228310502283105,0.2557077625570776,0.2009132420091324,0.0,0.0,0.0,0.0,0.0,0.0,-1.2779768436745758,-0.9454783907479549,-0.9933174096855698,-1.1386713858472601,-0.01947043211683224,-0.3991565338563937,0.6441375370039097,0.1595026584586078,0.2899120142773693,0.2962604525462168,-1.0841253041468337,-1.305561938384062,-0.30164815033589193,19.303881543234763,1.5035714285714286,0.6203117996946738,7.928571428571429,0.1971482267437587,-22.869365113088303
s535,11.041714630679644,-1.5122921709708972,0.45891757227930313,0.26787504478101676,0.2474523724359801,0.45899473205308305,0.10053340642090734,4.565594148191805,2.3074897119341564,0.24279835390946503,0.0,0.448559670781893,0.0,0.0,0.12757201646090535,0.0,0.0,0.037037037037037035,0.1440329218106996,0.0,0.0,0.0,0.8586537454352607,0.5131830870536264,0.7319784790121814,0.9503153199786484,0.9965975483734295,1.0968811978539055,0.4257856134053851,0.07193732939794246,0.10946432273093899,0.10946432273093899,0.28081926657390527,0.5586353014010166,-0.2982531612242863,36.08239607268588,5.103225806451613,0.6309645756070825,31.29032258064516,0.35967362160448174,-17.77040539985326
s536,12.998804728334209,0.5034183168704971,0.15523193363813928,0.38596111240035835,0.2217855884627057,0.45225624832073263,0.151511702963942,2.984959177895085,2.1909375,0.049107142857142856,0.0,0.44642857142857145,0.10714285714285714,0.0,0.19642857142857142,0.04017857142857143,0.0,0.0,0.0,0.16071428571428573,0.0,0.0,0.2848800564915354,0.11636920370846184,0.026125523614663363,0.33246469677162566,-0.7254602547640798,-0.35891127173859055,0.8677065450212611,0.1670365030265557,0.08311602256633266,0.13705495047418936,-0.25070230325862286,0.02936296071888799,-0.28759352221359,34.52595010360679,0.9545454545454546,-0.5491898788547329,4.9772727272727275,-0.4636643109713393,-19.952226782248893
s537,12.754991069621912,-0.7245035659895378,-1.0961385083615458,0.3747070675619972,-1.3123801523959306,0.6266398010606364,0.25097818922437215,2.496789872447547,2.6491525423728812,0.1906779661016949,0.0,0.0,0.4745762711864407,0.0,0.1652542372881356,0.0,0.0,0.0635593220338983,0.1059322033898305,0.0,0.0,0.0,-0.8327182480406342,-0.7949685129192774,0.063654796338385,-0.4752253056345652,-0.7564085504477002,-0.7137859580888735,0.7195041361123714,0.15465676266099931,0.29208115295808906,0.3095425262327574,-0.5014991879181915,-0.5867484462847844,-0.13682465138864802,27.465617332716555,2.9025641025641025,0.9046973194147945,28.107692307692307,1.290126831554871,-20.152688206006395
s538,10.540233004463598,-1.6842779058730182,0.4502526191165466,0.3175605727618639,0.43266122780130417,0.5019720944642431,0.138610343285706,3.621462024876236,2.3,0.24017467248908297,0.0,0.30131004366812225,0.043668122270742356,0.0,0.19213973799126638,0.0,0.0,0.0,0.22270742358078602,0.0,0.0,0.0,0.6283926258843084,0.42328632428905555,0.6663404936245982,0.21001944595911465,-0.8178602480453777,2.746073304916632,0.5604675287831722,0.060734618491643695,0.012510460737526785,0.07656315573012419,0.3083521772856361,0.42031891097088886,0.07564264206932915,36.413857680063884,3.0272727272727273,0.4518054730952916,19.936363636363637,0.3167015131787005,-17.401402089925384
s539,13.427607748574605,-1.0098796069223528,0.5467224956822759,0.2818483036819995,0.05417803096853231,0.47590474755488565,0.09264305221429137,5.136971809327665,2.319191176470588,0.0,0.0,0.5588235294117647,0.07352941176470588,0.0,0.14338235294117646,0.0,0.0,0.22426470588235295,0.0,0.0,0.0,0.0,0.5225584677506856,0.3509434724374296,0.32112872739942994,0.8195006909717621,-0.24769926247766244,0.989158544654523,0.7150597036139553,0.1396378804858786,0.051581550227741135,0.10735186292712448,-0.002625210795648535,0.5348015846665571,-0.30159625344882385,35.597702715795045,3.769230769230769,0.3117238343421357,24.102564102564102,0.19001127207731694,-19.24950405987826
s540,12.730124108982965,-0.3464696102089688,-1.3442424223313805,0.3239227382348901,-1.6471838016180216,0.6050336214632217,0.3831292075875493,1.5791894992108237,2.7320161290322584,0.10483870967741936,0.0,0.0,0.5967741935483871,0.0,0.10483870967741936,0.0,0.1935483870967742,0.0,0.0,0.0,0.0,0.0,-1.3105916687784889,-0.7737287708370627,0.17715826350780597,-0.258177053783303,-0.6299302035016742,-1.191483153938044,0.6025055385065938,0.07644453306598363,0.34686726360194986,0.34686726360194986,-0.39779513030282615,-1.2454992335697643,1.3008017763835698,21.52331602621692,11.05982905982906,4.201180965458885,133.4957264957265,6.037146375178657,-21.576431648810043
s541,8.999770868235213,-1.9061118295977535,1.346937397806114,0.20363364050737418,0.6509576996412451,0.49272501540130276,0.13906742067419597,3.54306575193947,2.460549828178694,0.12027491408934708,0.0,0.35051546391752575,0.0,0.0,0.08247422680412371,0.0,0.140893470790378,0.0,0.30584192439862545,0.0,0.0,0.0,1.4272208273876412,0.7474291535735653,1.9147138558300276,1.7177056108079687,0.9715105666949712,0.6842277647141738,0.29613015266359544,0.07356001131856023,0.10875013796386164,0.10875013796386164,0.33110702295231115,1.1137987318914027,-0.22543960207344027,40.154369055516796,14.3125,1.4871478828379565,86.40625,0.8935375141439383,-15.866737935771596
s542,13.371925959201599,-1.0233630262964504,0.31260026311566685,0.3932297163090282,0.3331451450823457,0.4780356083339941,0.266289381541389,1.795173377049185,2.190877192982456,0.0,0.0,0.45614035087719296,0.0,0.10526315789473684,0.24561403508771928,0.0,0.19298245614035087,0.0,0.0,0.0,0.0,0.0,0.11111295549357185,0.48893836107809974,-0.11769145738673494,0.23860895027682563,1.2779451173411622,0.1939403898548719,0.36807663932106655,0.07400221746881955,0.11749621384622369,0.11749621384622369,-0.15165325411524921,0.23524725055899928,-0.2948079777183468,35.27926203241433,0.8333333333333334,-0.522730731019619,3.9325396825396823,-0.47836046043511055,-20.099071093451915
s543,11.006499633178233,-0.8971300970444733,0.026990424682397922,0.3461724661087981,-0.16258151877051588,0.4853033702906601,0.4116219027641256,1.1790027863720283,2.4019834710743804,0.0,0.0,0.35537190082644626,0.0,0.23140495867768596,0.1487603305785124,0.2644628099173554,0.0,0.0,0.0,0.0,0.0,0.0,0.06754884130144675,0.7393964009438627,0.5194054508189063,0.5945310392237367,1.8526784295941505,0.3862713537019952,0.3739317467341677,0.07627407020881828,0.09965823801993634,0.09965823801993634,0.7461368600311916,0.25774622665835456,-0.2734964440774019,34.73001541711525,2.9444444444444446,0.20105108349042194,17.308641975308642,0.04408475178958462,-18.7906909803376
s544,13.51985258134503,0.2441988730470528,-1.3271408765910813,0.4171865388548976,-1.6153748914694663,0.6213562998973398,0.4045627796781437,1.5358711456147043,2.6716260162601624,0.0,0.0,0.0,0.5934959349593496,0.0,0.15040650406504066,0.12195121951219512,0.0,0.13414634146341464,0.0,0.0,0.0,0.0,-0.9853966286127795,-0.6964507211665477,0.37042142350348817,-0.6306007947292315,-0.3858593317942851,-0.807600670303497,0.6065481894339849,0.08308842609416459,0.35804377291497835,0.35804377291497835,-0.9904626260145516,-1.1224549963049455,-0.1547607652004958,22.939180785330706,3.848648648648649,1.53851210589663,26.91891891891892,1.1938009729125554,-22.486146614205413
s545,12.202757914335658,0.467702027903872,-0.4948511730809828,0.361134764715502,-0.9162891078568375,0.6627063261140231,0.20555216107097962,3.22402996232758,2.6696958174904943,0.0,0.0,0.0,0.49809885931558934,0.0,0.19011406844106463,0.0,0.0,0.18631178707224336,0.0,0.0,0.12547528517110265,0.0,-0.5519964172681966,-0.489382173458145,-0.23375178929020501,-0.4224141610923551,-0.29014616452723246,-0.870415533238727,0.7022326071369464,0.1573201229788246,0.3481753860110951,0.35894369691865474,0.5684812662805653,0.03453360226433593,-0.2507956657207787,31.50420716118854,1.715,0.02403610999485448,8.33,-0.18702447212748566,-19.879728622627326
s546,13.915295580525886,-0.7657403671857962,0.14553686806215876,0.5980733648558877,1.2169480606344338,0.43862751361235536,0.11703332887959253,3.747885476825399,1.786923076923077,0.0,0.0,0.45054945054945056,0.0,0.0,0.4340659340659341,0.054945054945054944,0.0,0.06043956043956044,0.0,0.0,0.0,0.0,0.18539712169173234,-0.8372070832151758,-0.9131581102359645,-0.8956264377080275,0.8014359070535445,-0.02399870627495923,0.3101986892335856,0.06659432164674295,0.09905227232987614,0.09905227232987614,0.21388254293341627,-0.20836247072058844,-0.28084162644206473,24.195863354062723,0.08016877637130802,-0.9809637043929855,0.25316455696202533,-0.7253305938857586,-21.264722376943194
s547,10.561220538035796,-0.14679336399992993,1.5832367804704452,0.2661157088529927,1.2769743772011568,0.42335968820774633,0.17800775889473747,2.3783215452877786,2.2370980392156863,0.03137254901960784,0.0,0.3411764705882353,0.0,0.0,0.11372549019607843,0.24705882352941178,0.0,0.0,0.0,0.0,0.26666666666666666,0.0,1.0851862036433786,0.9545605609232153,0.9711344477743986,2.328973121903473,1.6603347344885746,1.054508868659149,0.3023859780754881,0.07175828314130453,0.07352945752236018,0.07481944800520858,1.1455255687903647,1.6244335764980544,-0.29653793801955575,44.75921295002957,7.9655172413793105,0.8037665192885196,51.991379310344826,0.5520654300738683,-17.383566216745088
s548,12.358683791918587,-1.011346865521785,-0.13346456945415883,0.3313636437887958,-0.591380530311592,0.6393245698788367,0.2099306408273066,3.045408556651616,2.643183520599251,0.0,0.0,0.0,0.3782771535580524,0.0,0.1760299625468165,0.07116104868913857,0.0,0.12359550561797752,0.250936329588015,0.0,0.0,0.0,-0.14977793403025444,-0.5903415466742736,0.3277135654644579,-0.2709440884039992,-0.4356258406052544,-0.8720237393786571,0.8845433669158387,0.19238741371565413,0.2846002518983264,0.3165967299223985,1.034047779952775,0.3274688210683344,-0.10579422615037155,33.777674864645945,3.2872340425531914,0.6862291072165971,20.56382978723404,0.4191798627251075,-19.436257921836432
s549,14.774250923891591,0.07422520403373556,-1.1299376305536422,0.8178152087302025,-0.3414032179448616,0.5921105378620184,0.4291686710474648,1.3796685960717125,2.053714285714286,0.0,0.0,0.05714285714285714,0.37142857142857144,0.0,0.42857142857142855,0.14285714285714285,0.0,0.0,0.0,0.0,0.0,0.0,-1.3451794770651504,-1.5558172953278233,-1.4233443552511418,-1.6582489639331486,-0.12113755922553705,-0.8370111657822202,0.6737502926852078,0.15328005915457651,0.3151707696257043,0.20395347473312966,-1.8663993763683295,-1.3252835744563982,-0.20567441252609803,9.142832877921865,0.3425287356321839,-0.46467514584749436,1.089655172413793,-0.5499807775783946,-22.332029630061292
s550,16.669026119158005,0.37537282372022374,-1.375410757519768,0.7815131696648362,-1.027406154983573,0.6575123683856661,0.33841474608352023,1.9429187882474632,2.2531052631578947,0.03684210526315789,0.0,0.0,0.4421052631578947,0.0,0.38421052631578945,0.0,0.10526315789473684,0.0,0.031578947368421054,0.0,0.0,0.0,-1.284420416194995,-1.814266408045359,-1.385671247913959,-1.6258841120284293,-0.6520361658003287,-0.9302794537063729,0.646658415370964,0.11528615816502562,0.3542747578603176,0.3542747578603176,-1.5202315635843753,-1.5890543219971596,-0.2917862971731203,11.03142698451208,0.04337899543378995,-1.0027742891082847,0.04794520547945205,-0.7494982896111125,-24.12763530103872
s551,10.565240837541669,-1.6818438549242871,1.4155939518072498,0.22417624668627686,0.7066954629496854,0.47581603815144496,0.1476959849952484,3.2215908791748986,2.391815068493151,0.0,0.0,0.4143835616438356,0.0,0.0,0.09931506849315068,0.0,0.24315068493150685,0.0,0.24315068493150685,0.0,0.0,0.0,1.493762750456572,1.0349170823127438,2.1971186254082684,1.4667251299767141,1.4083143402799272,0.3300525091578676,0.3001192982353802,0.07234448261710885,0.0913594270625847,0.0913594270625847,1.4552831393421306,1.308946548056138,-0.008232415664282634,42.241626985822215,10.698275862068966,1.2003525334615415,66.42241379310344,0.7506536284387173,-17.318231038566054
s552,13.517404415390343,-1.013338165698931,-0.789017682589722,0.5136113647860996,-0.37260409413505563,0.531389958800495,0.21808657991867328,2.4366009086788183,2.219333333333333,0.23076923076923078,0.0,0.2205128205128205,0.26666666666666666,0.0,0.28205128205128205,0.0,0.0,0.0,0.0,0.0,0.0,0.0,-0.5081152286603541,-0.8991269531497237,-0.7338556025438409,-0.7095077201952886,-0.8110914122046222,-0.777166068144853,0.6771430901889987,0.17740033263636512,0.18346884638428249,0.1577897290336879,-0.40888999436965995,-0.8558969515299549,-0.24314802671707528,22.3491532835388,0.6393939393939394,-0.4096035128794763,3.712121212121212,-0.34381852334041496,-20.6092340204543
s553,12.805138372581295,0.8596357356772927,0.3106051437806556,0.4327100044868979,0.52043693255079,0.4566091217130606,0.13277987705346825,3.4388427813439812,2.1037899543378993,0.0,0.0,0.4657534246575342,0.0730593607305936,0.0,0.2557077625570776,0.0,0.0,0.0,0.0,0.2054794520547945,0.0,0.0,0.342352632143896,-0.3985580819143716,-0.23748403379471267,-0.04907656208656746,-0.18832527743655478,1.8384994199919316,0.716854204242693,0.14096476220188117,0.04622434461486238,0.10350149310188919,-0.13975200809895807,0.03102372118950658,-0.2953621355103086,34.220281030673206,0.7857142857142857,-0.5327104016484288,5.089285714285714,-0.3808560499880298,-19.928696809429145
s554,11.054009359920919,-0.2337543651523618,1.1842390799090643,0.3270001605334995,1.0010491277320013,0.4577335297373394,0.10608492433336676,4.314783958359001,2.1701612903225804,0.0,0.0,0.40725806451612906,0.0,0.0,0.20967741935483872,0.0,0.1975806451612903,0.0,0.0,0.0,0.18548387096774194,0.0,1.551827504240125,0.3312750245497578,0.5542912422926303,0.4201930003930374,0.7210231081132373,0.6274820694245398,0.33752280472489005,0.0741553264779943,0.08788109805835785,0.0892542402155197,1.0564060209559583,1.066065390038247,-0.30153474533842317,42.14234413636411,2.65,0.16800875576836036,14.965384615384615,-0.007362857061189991,-18.129218540319194
s555,11.381844079192343,2.750728328642523,-1.0208263560056787,0.3864634444290908,-1.3434479389869662,0.6253432009007007,0.3265552179448528,1.9149692503345817,2.714206349206349,0.023809523809523808,0.0,0.0,0.5555555555555556,0.0,0.1349206349206349,0.0,0.0,0.0,0.047619047619047616,0.23809523809523808,0.0,0.0,-1.2435233981620415,0.12379221515312726,0.009929675213511131,-0.29339173013159775,0.023101923941382302,-0.03254949239547074,0.6479624423927397,0.09921760101982856,0.36520741277447116,0.36520741277447116,-0.5062367882765211,-0.6574962130439567,0.24864050112784208,25.313182175013903,4.551470588235294,1.3920514843005325,34.81617647058823,1.2572037404977539,-21.02602816640752
s556,11.485681696173017,2.3180164467044277,-0.005097858981551023,0.5242770141647634,0.30133117636791784,0.5865588752465077,0.24588439619873956,2.385506702801967,2.2536714975845413,0.0,0.0,0.03864734299516908,0.34782608695652173,0.0,0.3188405797101449,0.04830917874396135,0.0,0.0,0.0,0.1111111111111111,0.0,0.13526570048309178,-0.13942352463197252,-0.8187139820565479,-0.651492336428887,-0.5282553103660207,-0.41089382092725,-0.9059213068556293,0.7265337735568022,0.18881736382500236,0.25021630076558243,0.1920962159528048,0.539785465834449,-0.03516384727832811,-0.29313409230271187,33.115694902477095,0.3515151515151515,-0.7491868013248414,1.206060606060606,-0.6376737901801596,-19.4182068668375
s557,13.350884801676195,1.585455341637092,-1.227606281905346,0.4836907258060206,-1.46037631646281,0.6482365575336234,0.3464077732522698,1.8713106563620565,2.682616033755274,0.0,0.0,0.0,0.4219409282700422,0.16033755274261605,0.1940928270042194,0.08438818565400844,0.029535864978902954,0.0,0.0,0.10970464135021098,0.0,0.0,-0.9785938597240099,-0.803152098451029,-0.5173506007756387,-0.7940922092396154,-0.09144784232507988,-0.561515274418956,0.615040152769874,0.10781179500032267,0.33989832445700435,0.33989832445700435,-1.0174058992000596,-1.1083355142030662,-0.2947133008692922,20.74315386469887,2.5521739130434784,1.074244413277764,16.88695652173913,0.7608679694978583,-21.907182111841642
s558,12.007321545537403,1.6113044554259892,0.9770673236475599,0.47275361792913045,1.5169728277474637,0.48688508447872264,0.09978552517673216,4.87931574861575,2.005023923444976,0.0,0.0,0.291866028708134,0.07655502392344497,0.0,0.3492822966507177,0.0,0.0,0.0,0.0,0.1339712918660287,0.0,0.14832535885167464,0.7230384166021243,0.16832618657590642,-0.45156336599712577,-0.07058276035466376,-0.27917032527380753,2.15486767383627,0.7042752421127554,0.1315929499221996,0.04186705195084493,0.08103878271018129,0.9131695156249544,0.6763724769868851,-0.18724382359186187,39.32372548350634,0.13150684931506848,-0.9720461770413049,0.4383561643835616,-0.7203155432134555,-19.093044072135363
s559,13.287087643425968,-0.6053888377104792,-0.03852511428574328,0.5167836942328851,0.2252098552259232,0.5243444840338707,0.2621427899235866,2.000224702677173,2.104739336492891,0.0,0.0,0.41232227488151657,0.0,0.11374407582938388,0.3459715639810427,0.023696682464454975,0.0,0.10426540284360189,0.0,0.0,0.0,0.0,-0.10375235698377389,-0.2818914763260921,-0.6650347775798221,-0.5743638972566697,0.3815782027173752,0.013706668050666468,0.4024319298260363,0.07019795128701455,0.10871845217028027,0.10871845217028027,-0.45046099278972757,-0.2265409488998447,-0.2980231093785287,28.53766309267517,0.15342465753424658,-0.9217536809853588,0.7178082191780822,-0.6797962267837921,-20.23025085829861
s560,15.236080336618517,0.5753256926489,0.48839438963739573,0.35572142035593735,0.32240098563618724,0.4316374897502018,0.06204052660998483,6.957347291129116,2.1599999999999997,0.0,0.0,0.5867768595041323,0.0,0.0,0.18181818181818182,0.0,0.0,0.06611570247933884,0.0,0.1652892561983471,0.0,0.0,0.476378982145734,1.5386518067248502,0.3873654949243285,0.6890746330290262,-1.3484883957954783,0.27386522784372996,0.25601320119603355,0.056340513098337645,0.11237943617476137,0.11237943617476137,-0.00937049588748006,0.35467362353408016,0.30433211868413723,36.27698472776606,0.5505050505050505,-0.818464419890923,1.6464646464646464,-0.6752735016585667,-21.07002513254548
s561,11.956875431729872,0.7955218522492659,-1.5634773100414803,0.3871627139528176,-1.7387196542650722,0.6053233000783448,0.35483891750842234,1.7059101192415769,2.6853744493392067,0.23348017621145375,0.0,0.0,0.5638766519823789,0.0,0.1277533039647577,0.0,0.0,0.0,0.0,0.07488986784140969,0.0,0.0,-1.5422818517628687,-0.3736422088094263,0.42872160408106386,-0.30260618580247206,-0.7878184877871124,-1.0399448604904988,0.5787681245512561,0.06996053191292219,0.34161946209596317,0.34161946209596317,0.098945128488293,-1.5189159803791854,-0.27082579262949247,18.886876362321004,4.7379310344827585,1.9469192545351623,50.42068965517242,2.6753155342403976,-21.215593867567932
s562,11.479993245394128,0.1428113305974973,1.243612759483512,0.27174412160254513,0.653456288562002,0.4690141431542804,0.0606199167378975,7.736964489445905,2.3040714285714285,0.0,0.0,0.5,0.0,0.0,0.1392857142857143,0.0,0.0,0.13214285714285715,0.0,0.08571428571428572,0.14285714285714285,0.0,1.1954873925948082,1.1874269783706595,1.0241770210162373,0.9810405921411999,1.1153505175519836,0.5177215335471447,0.3139204202264143,0.07067707842828706,0.10551231051866103,0.10619303510265238,0.14196382399154012,1.2030128788848136,-0.3015809665740167,41.33171471243052,3.7628205128205128,0.08334690791378793,16.294871794871796,-0.22161131833269965,-17.64234380631898
s563,9.86213085653475,-1.2117351946113049,0.2412322987432059,0.26494467219937706,-0.5000122340521959,0.6144921926551987,0.3341839222219716,1.8387844291534792,2.7211858974358973,0.0,0.0,0.3525641025641026,0.0,0.32371794871794873,0.14743589743589744,0.0,0.0,0.1762820512820513,0.0,0.0,0.0,0.0,0.7619327946428401,0.43332587835987335,0.4139282691556254,0.8733700254082214,1.1224096908750374,0.5324782105759708,0.39848859819030263,0.07658342314827421,0.0832788239886673,0.09013708008185167,-0.44801894888422134,0.6539211581960839,-0.16249628516711778,30.78287494115593,4.010869565217392,0.5577767663278899,24.57608695652174,0.3111136800445341,-16.46928563220792
s564,11.427492050934282,-1.368497907196671,0.9795697888292823,0.22825149293520994,0.4965298117506169,0.40278993295893484,0.10916851536569128,3.689616292844822,2.2562962962962962,0.0,0.0,0.6296296296296297,0.0,0.0,0.07407407407407407,0.0,0.2962962962962963,0.0,0.0,0.0,0.0,0.0,0.6564781689890735,0.9788741963614831,1.4380096562329072,2.167094553154763,1.8953093598660637,-0.35237962584833016,0.30008795484605383,0.06373583830436097,0.13054709174181242,0.13054709174181242,0.6431186887697131,1.0224871347265747,0.18704648696824458,41.60380771192968,14.460526315789474,1.4284681282859872,111.48684210526316,1.3030274021652686,-18.6344957171948
s565,13.945825511204267,0.7020222893515279,0.6839343897320467,0.4730248105919983,1.2146928107434902,0.4780820566242288,0.07681195376241717,6.224058017101845,1.9885365853658536,0.04390243902439024,0.0,0.35609756097560974,0.0,0.0,0.3463414634146341,0.0,0.0,0.0,0.0,0.0975609756097561,0.15609756097560976,0.0,0.4178912252187303,0.37520971217895843,-0.5190797155495375,-0.12214262076793661,-1.4367364958510846,0.3275007903852769,0.3728548373096058,0.07760878094784494,0.09008518082203638,0.09008518082203638,0.03871308888761655,0.4268116931963268,-0.2800848720553537,36.28812072174936,0.12394366197183099,-0.9725190502270534,0.2112676056338028,-0.7390879872641648,-20.28655126138008
s566,11.415579217358633,1.3081125114203795,1.0739590428112846,0.40449997845185715,1.1643985842072853,0.4877850441444059,0.08441508056634255,5.778411166249511,2.1085398230088495,0.0,0.0,0.3407079646017699,0.0,0.0,0.2831858407079646,0.0,0.0,0.0,0.0,0.15486725663716813,0.22123893805309736,0.0,1.0971474003644168,0.8267573838248179,0.29310907524905866,0.1745179061413612,-1.490833618550393,0.6309753173178969,0.4618168174716791,0.08767373292109971,0.07768635640673877,0.08342159077233695,0.412278016326606,0.9970858817748232,-0.18274353330537213,41.464672308389744,0.53125,-0.7342086285447225,1.821875,-0.6322546120297606,-18.210027860932996
s567,13.875193734691257,-0.9752731584472618,-0.2837161280317923,0.5553159377484561,0.5062166373090494,0.4746396301865792,0.1379740237380381,3.4400651465216754,1.9708602150537635,0.16129032258064516,0.0,0.3709677419354839,0.0913978494623656,0.0,0.3602150537634409,0.0,0.0,0.016129032258064516,0.0,0.0,0.0,0.0,-0.14232424083500117,-0.4426149057855705,-0.8741176923352316,-0.6924457142341047,-0.7233791106904796,0.9400736640143904,0.7477917066769604,0.17070589732026006,0.08342765130111064,0.117332057918904,-0.5438273327556465,-0.560946802872572,-0.21555976631884316,23.94703441974687,0.05472636815920398,-1.0169279909310458,0.09950248756218906,-0.746398367712485,-20.669437388632872
s568,13.991501339121212,0.1231650446517441,0.3710570583925653,0.5123819979703363,0.8855495998325301,0.5110188509211863,0.12612928368770557,4.051548030562531,2.0194088669950743,0.0,0.0,0.33004926108374383,0.03940886699507389,0.0,0.3645320197044335,0.0,0.0,0.0,0.13793103448275862,0.12807881773399016,0.0,0.0,0.12289064280108858,0.09792231586575001,-0.6498561447026762,-0.3972996348331428,0.19052229458743597,4.135402963717378,0.7592523971446862,0.10120226117639824,0.02033894084549015,0.08910233635278907,-0.29784378290664154,0.029143713402816733,-0.22962845215173583,33.188157680334605,0.17027027027027028,-0.9131327169572611,0.4756756756756757,-0.7089602706009656,-20.626294150986997
s569,13.914926845356934,-0.24141431584897569,-0.2728088640909214,0.38806911602389854,-0.6292678421258822,0.6598764448174036,0.17281620651091853,3.8183713098442107,2.596980392156863,0.0,0.0,0.0,0.3764705882352941,0.0,0.2196078431372549,0.0,0.01568627450980392,0.09411764705882353,0.23529411764705882,0.058823529411764705,0.0,0.0,-0.43823772297154945,-0.9892904994284223,0.13711416458348802,-0.6040299925635715,-0.47494506327188885,-0.819861183445024,0.8189664149158196,0.17259464619293993,0.3686971410647602,0.37370207963125013,-0.03972424228807682,-0.12227184807956336,-0.28583638184849214,29.85307795601746,1.7142857142857142,0.11457554271087882,10.709821428571429,0.03686913626884856,-20.65075063553067
s570,13.756738874542563,-0.5455539872124688,0.13147181776208824,0.39176688780824354,0.48356357529153027,0.41983853442946617,0.06261048337806036,6.705562899017385,2.076116504854369,0.25728155339805825,0.0,0.47572815533980584,0.0,0.0,0.22330097087378642,0.0,0.0,0.0,0.0,0.0,0.0,0.043689320388349516,-0.03348642499426921,0.6729202042539598,-0.3017547754251703,0.32986601355224415,0.8925047518466842,0.35069379097568487,0.35739969977311525,0.06296564489643207,0.11240934151523246,0.11240934151523246,0.032099663282564875,0.17406322450224093,-0.23285907284936103,33.933824494553974,0.5043478260869565,-0.7591087978374309,1.7347826086956522,-0.6410085983581122,-20.316349425773893
s571,13.93562987123336,0.08148984804463694,0.4882133915681211,0.37850892788463925,0.5260750654697235,0.41812722060648927,0.08470790594195078,4.93610621059416,2.0905701754385966,0.0,0.0,0.5614035087719298,0.0,0.0,0.21052631578947367,0.0,0.10964912280701754,0.0,0.0,0.11842105263157894,0.0,0.0,0.6451488453841228,0.6117445450048196,-0.07612095749718045,0.5309561393435158,0.9136268211723727,0.25332148621883294,0.2544313533203282,0.060125307442252106,0.11504771524230173,0.11504771524230173,0.02917965761318612,0.40537639305581835,-0.2586823769892042,36.70805573857419,0.7666666666666667,-0.6584527794989823,2.7375,-0.5982140623652382,-20.4720627133513
s572,16.680154881877147,0.5236640858265718,-1.3954289796873787,0.7330608414981348,-1.3761661714854105,0.7471056639902577,0.22404495793156376,3.334623866958286,2.478271028037383,0.0,0.0,0.0,0.35514018691588783,0.17289719626168223,0.3691588785046729,0.0,0.0,0.102803738317757,0.0,0.0,0.0,0.0,-1.5021950567076097,-1.2768764351475874,-1.3446110781723333,-1.4770910095299903,-0.369580171914274,-0.6309678165069933,0.6829614436922591,0.12183110274168597,0.35151695026587315,0.35151695026587315,-1.628669882923932,-1.5161330246736506,-0.2955757971012849,13.668309146139002,0.23544303797468355,-0.675389087955599,1.4151898734177215,-0.4994922182260249,-23.93038589894997
s573,12.222069948857106,-1.2163651070415673,0.645955977709762,0.25883206814048726,0.2923265199099268,0.41825751730173955,0.2351661809696451,1.7785615073441519,2.2995348837209306,0.0,0.0,0.5348837209302325,0.0,0.07751937984496124,0.08527131782945736,0.14728682170542637,0.15503875968992248,0.0,0.0,0.0,0.0,0.0,0.41172141144493907,2.0048890692644665,1.477131875072631,2.296630742144916,1.6931834020336596,0.14807561518293644,0.3074730986036895,0.06447870441870794,0.09671469375719566,0.09671469375719566,0.3498703163151897,0.875809623899243,0.2991187526654737,39.56102283252967,8.704545454545455,0.7886588653897479,71.875,0.886172024800052,-19.261095010903666
s574,14.14244856641143,-0.5032203630009794,-0.2875332345277821,0.5300960184767552,-0.22816743000183756,0.6090369526902807,0.3268445344805075,1.8633842345208398,2.281266968325792,0.0,0.0,0.3212669683257919,0.0,0.22624434389140272,0.34841628959276016,0.0,0.0,0.10407239819004525,0.0,0.0,0.0,0.0,-0.18024502184705418,-1.1750682966953738,-0.6662906530178088,-1.0110142691702173,-1.4751998384647615,0.2691134171041835,0.3410697393152505,0.07761004581311197,0.10260543626722138,0.10395550779705325,-0.4706223528377342,-0.46038728211343855,-0.2928959724626631,25.153803829731277,0.13246753246753246,-0.9326343833833851,0.412987012987013,-0.7096901980448588,-20.858942903697127
s575,13.492427381991103,-1.397292781429235,-0.5891931606268451,0.3084212876205759,-0.5679822001950104,0.491785207726185,0.19725509254887305,2.493143276411672,2.3962443438914027,0.3212669683257919,0.0,0.3076923076923077,0.2398190045248869,0.0,0.13122171945701358,0.0,0.0,0.0,0.0,0.0,0.0,0.0,-0.48463599637574706,0.9939366581842685,0.4723278396479061,0.753165040714431,-0.764661224021871,-0.6724777779363534,0.496955276063933,0.14289106332576312,0.12416053905440584,0.131178709405239,-0.1350868304465658,-0.35636104391761636,0.17986417628553336,30.16574186794253,3.4551724137931035,0.50017169668627,37.80689655172414,1.0844354875560471,-20.219734428130064
s576,11.24739718881762,0.1092694995025712,0.7385589916003236,0.4273822984628756,1.1337426327697817,0.4540521617497805,0.22254268288104234,2.040292477252505,2.0742105263157895,0.04784688995215311,0.0,0.3397129186602871,0.0,0.08133971291866028,0.2822966507177033,0.1339712918660287,0.009569377990430622,0.0,0.0,0.0,0.0,0.10526315789473684,0.5329827287581973,0.017843920087070368,-0.22754698312958313,0.17048854051374965,1.0352895241968703,0.3731705002468798,0.3828720478943918,0.08058750450281743,0.08786284214903585,0.09031198060615182,1.2356036513369781,0.6096903201700411,-0.2806712263831676,39.06071311650808,0.44745762711864406,-0.7681887775913441,1.3728813559322033,-0.6566737327253168,-18.447141795219018
s577,11.727428251498106,-0.8462390341729231,0.03632524728984165,0.41915087111747495,0.16954527941871494,0.4725436768455208,0.18954466003785433,2.4930466347674907,2.1559817351598176,0.0,0.0,0.3972602739726027,0.1461187214611872,0.0,0.2465753424657534,0.0,0.2100456621004566,0.0,0.0,0.0,0.0,0.0,0.09554694420550945,0.37793802066861637,-0.25563855933166,-0.07469812293480142,-0.5725936860581767,0.7542936767683555,0.7988357909801267,0.1506957491617193,0.07439441291192582,0.11764341290719668,-0.18442772904786187,-0.00020919451675893315,-0.29845069086261494,33.14743381277158,0.9555555555555556,-0.39241700515519257,6.029629629629629,-0.296224482879905,-19.499775094639595
s578,14.11204295924882,1.5185669419620837,0.11031663790504166,0.34354006302648915,-0.127598087122621,0.48907870274236287,0.17937196132470998,2.7266173549666606,2.3618875502008034,0.0,0.0,0.39759036144578314,0.19678714859437751,0.0,0.14457831325301204,0.0,0.0,0.0,0.0,0.26104417670682734,0.0,0.0,0.6300077396583179,0.23309244565061446,0.5211024389287857,0.8449194118646526,-0.30304198851072245,-0.7360729374982548,0.787158926817805,0.19006195467303547,0.18447118228369458,0.15863051351300808,-0.29801233894791773,0.1112917311116413,-0.16882847725165714,34.89756001761092,1.6055555555555556,-0.41539170607762466,6.644444444444445,-0.46547725186083183,-21.081981538926428
s579,13.955212716767617,0.06997605214812253,0.5548516094920765,0.47788532503629655,0.9406586673434525,0.500146319660908,0.11457828103702984,4.36510580481888,2.037644230769231,0.0,0.0,0.3557692307692308,0.0,0.0,0.34134615384615385,0.0,0.0,0.0,0.16826923076923078,0.1346153846153846,0.0,0.0,0.36460487085450694,0.1443932320514964,-0.6648394888515325,-0.2812607020001533,-1.5840441793269642,0.4938191635016871,0.31270328707510453,0.0799160456665479,0.0967460550918699,0.09757059533413016,-0.1769472898328982,0.3056060880609741,0.003586951923294351,35.28601511536862,0.24507042253521127,-0.864688523522424,0.6112676056338028,-0.7013933227206832,-20.29210259566103
s580,14.510403385818334,-0.8477808617505085,-1.54971626094662,0.26047920594035334,-1.910915864696431,0.6420732675511698,0.3424623295105059,1.8748726859065312,2.919488188976378,0.30708661417322836,0.0,0.0,0.3937007874015748,0.21653543307086615,0.08267716535433071,0.0,0.0,0.0,0.0,0.0,0.0,0.0,-1.8497370020496988,0.8575255033640187,1.1020740458864886,0.6532922250363021,-0.9186775964669615,-0.3823568105082577,0.5775422712605675,0.08413615090634051,0.30396145214411036,0.30396145214411036,-1.4130665138648695,-0.9104617707244528,-0.219462465112482,15.57372245032353,8.428571428571429,2.383482742670057,83.3452380952381,2.892422269639224,-21.952047105112435
s581,13.42825054221829,-1.0702189251113043,0.17388967887081624,0.5298850316704442,0.957279305943114,0.47610529938491725,0.08971729564450434,5.306728161662787,1.9275647668393785,0.10880829015544041,0.0,0.38860103626943004,0.0,0.0,0.38341968911917096,0.0,0.0,0.031088082901554404,0.08808290155440414,0.0,0.0,0.0,0.42275960893948605,-0.4429647593025621,-0.9046007049653128,-0.4588799815057596,0.9647458915390975,0.20390301395649213,0.37696182501712927,0.07507853938020052,0.09270755620765804,0.09270755620765804,-0.7063941610049763,-0.13066475708857286,-0.2930587594065671,29.27167198229493,0.08333333333333333,-0.9896838030503337,0.20495495495495494,-0.7349659863622332,-20.000782911733587
s582,15.291595458967507,2.0945478778817685,-1.3731440118570222,0.5381262713732278,-1.419599221828235,0.6292330990633249,0.3579767325358112,1.7577485961336268,2.548990825688073,0.09174311926605505,0.0,0.0,0.5412844036697247,0.0,0.22018348623853212,0.0,0.0,0.0,0.0,0.14678899082568808,0.0,0.0,-1.41852108035882,-1.2125594403492719,-0.6435658607924436,-1.0706194048117577,-0.8712665991879389,-1.1981948595919363,0.5575339273663409,0.08200050282488482,0.3548728411577312,0.3548728411577312,-1.1900744377639523,-1.4728395954058258,-0.3001481323980691,18.55643127004236,1.6208333333333333,0.5650592537111884,10.35,0.36115193147899777,-23.542474224134143
s583,12.67321817223502,-0.6503812999348904,0.609405670980628,0.29882500604252193,0.1889003918512736,0.4438341867051895,0.04631317893711953,9.583323729683798,2.2328838951310863,0.0,0.0,0.6217228464419475,0.0,0.0,0.149812734082397,0.0,0.018726591760299626,0.1797752808988764,0.0,0.0299625468164794,0.0,0.0,0.506952364274675,1.5855875217716147,0.4136051538124454,1.3086279223156505,1.5073861101899744,0.36102657900830887,0.24251492906668776,0.05890678336815598,0.1160930949117703,0.1160930949117703,-0.011599541833226075,0.5581420190155483,-0.16660590086305999,37.04064913429173,2.18125,-0.2503060742186434,11.0375,-0.3111373652484489,-18.817176700986717
s584,13.47390811465835,-0.3195094846007143,0.01975612503742783,0.6147459115399644,1.1922209774717218,0.45647952068793707,0.1027484603207785,4.4426896448162605,1.8117415730337076,0.056179775280898875,0.0,0.4101123595505618,0.028089887640449437,0.0,0.43820224719101125,0.0,0.0056179775280898875,0.0,0.0,0.06179775280898876,0.0,0.0,-0.007519943603201468,-0.7189962388965355,-1.0641837543371298,-0.9262715750639936,-0.47579594422218924,4.040423218384129,0.7312613700700297,0.0804599793246857,0.014378261327383374,0.08896225456984375,-0.9457961158126388,-0.3330320664049501,-0.24793864649497213,22.093256359069805,0.014957264957264958,-1.0604554878239953,0.004273504273504274,-0.75797284305636,-20.792149813835717
s585,14.067753652384875,0.5759435398584966,-1.4295312575531909,0.8405629467409582,-1.0795974219824074,0.6977128319480488,0.3432428430015101,2.032709046012007,2.2427513227513227,0.0,0.0,0.0,0.4708994708994709,0.0,0.41798941798941797,0.0,0.031746031746031744,0.07936507936507936,0.0,0.0,0.0,0.0,-1.369602047984655,-1.624583279712533,-1.451004572340376,-1.724107847424978,-0.3506743991973081,-0.944503694566447,0.6254756546696905,0.10459081173288613,0.3531006370281091,0.3531006370281091,-1.9528692739079887,-1.626033219453837,-0.24110459703865128,9.59136044819006,0.11392405063291139,-0.8549859460935841,0.4810126582278481,-0.6574233830193071,-22.14462266832296
s586,9.598573121860897,0.12561092257941994,0.9331303319605537,0.3384261388433282,0.9344780978156877,0.4821723134132633,0.17161846690551474,2.8095596127118725,2.248085106382979,0.17446808510638298,0.0,0.33617021276595743,0.0,0.09361702127659574,0.2127659574468085,0.0,0.0425531914893617,0.0,0.0,0.0,0.0,0.14042553191489363,1.1349382782502535,1.5408620384834648,0.0828113334402367,0.8884933650895547,0.6398272590121766,0.8804791052984514,0.44599895064528927,0.088395923284649,0.0842905187826383,0.09449609728995324,2.049920542157114,1.4088732169440017,-0.2646123649729027,44.70038023222975,1.036,-0.5584633170554211,4.592,-0.5122641780069757,-16.711247094795958
s587,10.178498504638918,0.940825904655949,1.9883926819171287,0.38369255896633503,2.2876233497055227,0.43968866945471347,0.07656104466403707,5.742981582659202,1.9920179372197313,0.0,0.0,0.3004484304932735,0.0,0.0,0.3004484304932735,0.04035874439461883,0.10762331838565023,0.0,0.0,0.0,0.0,0.25112107623318386,1.7269252603566998,1.3165517784586591,-0.08715570248888915,0.6372710516743691,0.9835528871077197,0.2225520497359895,0.38307665221415865,0.07910733115773093,0.061610917109117924,0.07092665715310827,2.021660372968217,1.8836896940127994,-0.2951093529097191,48.934454848970255,0.8149253731343283,-0.606213649944176,3.1522388059701494,-0.5633122565592225,-17.229244621324597
s588,14.59253759394537,0.1359778667639051,-1.311240708200926,0.4667252846040244,-1.4988472325749103,0.6214121478428668,0.4472779356966061,1.3893199244784074,2.5952380952380953,0.0,0.0,0.0,0.5714285714285714,0.0,0.19047619047619047,0.0,0.23809523809523808,0.0,0.0,0.0,0.0,0.0,-1.5779236238036203,-1.0839600855466949,-0.9315367771899021,-1.068893633506122,-0.04549976473714045,-1.020171340367711,0.5465299607839568,0.08530049981918142,0.3509771290762779,0.3509771290762779,-0.7178134378007689,-1.3073519062866013,0.09082936170742165,20.49832767701624,4.213541666666667,2.527215068951786,42.322916666666664,3.103970430775915,-23.06180681354529
s589,14.310331924730283,-1.3262665295897342,0.21072172520000368,0.299348690428864,-0.396863820685278,0.6693618938998512,0.14645023477302904,4.570575765462166,2.6929553264604813,0.0,0.0,0.0,0.3539518900343643,0.0,0.18213058419243985,0.0,0.0,0.16494845360824742,0.29896907216494845,0.0,0.0,0.0,0.47532374972163116,-0.18970888460987326,0.8894714731664499,-0.5408218702506605,-0.2571140554957593,-0.62202511337471,0.7715032115863575,0.19198543702616028,0.2964810478743907,0.3127063788525912,1.081140156700713,0.33847491343878017,-0.05936146525239564,31.922208432847565,3.830188679245283,0.8666604905234562,25.278301886792452,0.6109166555565946,-20.549661592021693
s590,15.785235005240587,-0.10102279052903926,-1.2059600563093114,0.4362224376421141,-1.485329225697939,0.6526864465494531,0.36136507997426237,1.806169114613785,2.6956378600823045,0.0,0.0,0.0,0.4691358024691358,0.12345679012345678,0.18930041152263374,0.0,0.21810699588477367,0.0,0.0,0.0,0.0,0.0,-0.8719553490269005,-0.8694244807776836,-0.6440363495946213,-1.0159886730359098,-0.13526854730979607,-0.5558242766884801,0.6075318322039688,0.10468396136511852,0.3346718136206375,0.3346718136206375,-0.46857468904437294,-1.1198114236834367,-0.30123265322851916,21.797787878382152,4.48695652173913,2.5828172353202534,38.07826086956522,2.5551366273010068,-23.025975077669738
s591,14.030764460431298,0.03369783357639657,0.30265045359355064,0.37324798311347795,0.2814481242653173,0.4312038575283303,0.05683081364171786,7.587501038552719,2.1293562231759653,0.06437768240343347,0.0,0.5665236051502146,0.0,0.0,0.2017167381974249,0.0,0.0,0.06866952789699571,0.0,0.09871244635193133,0.0,0.0,0.5617416847329506,1.0860807148408487,0.022265376164443795,0.378759298769818,-1.2350777909974295,-0.009765118452199276,0.3192467066052481,0.06220649503392593,0.1120615922054874,0.1120615922054874,-0.40844996439515513,0.22092946502871286,-0.29924917900528625,34.35856901441448,0.5191489361702127,-0.7940217627757571,1.872340425531915,-0.6487290910794589,-20.315760311396254
s592,9.554451927968445,0.7374968099594023,2.2739314735603195,0.2931630610324347,1.9623029578848157,0.4140824864744721,0.09769349522760257,4.238588101590168,2.1449609375,0.0,0.0,0.35546875,0.0,0.0,0.1640625,0.10546875,0.12109375,0.0,0.0,0.0,0.0,0.25390625,1.5768566732246818,1.567037059047028,1.582651872212602,1.3356606629585053,1.4695999901292067,1.032274381628663,0.49009772853164923,0.07971748203551514,0.06771547481013533,0.08011408287396295,1.9927088521001484,2.2872605492844813,-0.30165396677023837,50.410656559800024,3.8511904761904763,0.08469162077641769,19.702380952380953,-0.12349142802974075,-16.759837300840317
s593,10.386077169188468,-0.9320715234166926,-0.3628433109724391,0.264538943660924,-0.7727852501412483,0.5384210432297086,0.27856834009573056,1.9328149173185982,2.586060606060606,0.0,0.0,0.21212121212121213,0.4090909090909091,0.0,0.09090909090909091,0.0,0.2878787878787879,0.0,0.0,0.0,0.0,0.0,-0.40847075446003206,0.8476720950028922,1.1172989077354998,1.3527720503779692,-0.20675665192091966,-0.6829791100192331,0.5748796226083945,0.14740035064765697,0.20081187699695113,0.15095800022107267,0.7677637815109646,0.0037831322370580405,-0.13579135754156618,35.636258541718,9.822916666666666,1.8272083559569143,91.82291666666667,2.138439822191072,-18.33051427645905
s594,9.948240589377303,0.6593949697783398,0.9909944058547764,0.3716546454697061,1.0784341169450127,0.48623307013116707,0.08421289440470651,5.7738553408988675,2.153815789473684,0.11842105263157894,0.0,0.31140350877192985,0.0,0.0,0.2543859649122807,0.0,0.0,0.0,0.0,0.06578947368421052,0.25,0.0,1.0648923335605514,0.7946692365041057,0.08539515827625774,0.2699373953090414,-1.4519452112544815,0.6339525981269368,0.29034978181922894,0.07908697940013508,0.07099790400801807,0.076257008008612,0.235715107539249,1.0546528881125852,-0.3010124983820076,40.7396212823917,0.9379310344827586,-0.5223076455116695,4.682758620689655,-0.46189007219436506,-17.004535724655543
s595,11.782828280832671,2.145051390383542,-1.3677892728297085,0.7796222574937897,-1.035822369325939,0.6629890303353262,0.38071954539125535,1.741410543170275,2.290628272251309,0.02617801047120419,0.0,0.0,0.47643979057591623,0.0,0.3717277486910995,0.0,0.0,0.0,0.0,0.1256544502617801,0.0,0.0,-1.2585967665512565,-1.36167935160827,-1.4017816443035154,-1.6597068747212684,-0.5927052890985309,-0.9783041783638039,0.6588681814614045,0.11132041151739602,0.34695969457478304,0.34695969457478304,-1.5509300087536866,-1.6342957551568702,-0.2991233893167153,11.663489972815825,0.20892018779342722,-0.7225334393719439,0.5375586854460094,-0.6605917367577487,-21.21342929627275
s596,11.345205744912082,2.7002785351634655,0.6074049838473584,0.46997997727148216,0.8213685539187863,0.6010282997245066,0.2163651408426821,2.777842573825286,2.2820361990950224,0.0,0.0,0.0,0.334841628959276,0.0,0.3167420814479638,0.0,0.0,0.0,0.0,0.14027149321266968,0.0,0.2081447963800905,0.631074354695504,-0.5648731935869329,-0.3733593617304048,-0.24607224194147662,0.13702300749584423,-1.0555428243623715,0.697637675665693,0.2043502261788571,0.2517214959763156,0.29865262234478124,2.8265647670125382,0.7249568837709612,0.24269443596200505,40.36126029910133,0.6171428571428571,-0.5833241376895728,2.0428571428571427,-0.5833968721600501,-18.954022893886613
s597,16.20940159371984,-0.22973285211982422,-1.581014922157395,0.5233707661603614,-1.5489137139384026,0.5954014267669082,0.39623047703620773,1.5026643866986036,2.5138461538461536,0.21153846153846154,0.0,0.0,0.5192307692307693,0.0,0.20192307692307693,0.0673076923076923,0.0,0.0,0.0,0.0,0.0,0.0,-1.8226665806618878,-0.9465783145283082,-0.8554348930881521,-1.0397735019632768,-0.6397603405951459,-1.017393872860609,0.5708146844432133,0.0817957996248503,0.3481736422884559,0.3481736422884559,-1.2590421365302833,-1.6925027250729474,-0.29643990020217914,16.310227832164635,1.5333333333333334,0.48071291542977246,10.342857142857143,0.3635742786372985,-23.895595411916588
s598,11.273913594221863,-0.7220752498048352,-0.3435303808240439,0.4293012005975132,-0.30570162667792355,0.5244015279511944,0.23913194955342396,2.1929379530025495,2.2905405405405403,0.0,0.0,0.26576576576576577,0.28378378378378377,0.0,0.23423423423423423,0.0,0.21621621621621623,0.0,0.0,0.0,0.0,0.0,-0.21991768813745793,-0.47204178050077544,-0.44512751952526547,-0.22978053444161792,-0.5162624144233159,-0.5417276917363039,0.6184243974839657,0.17432770234504408,0.16383717445898865,0.14369158763252501,-0.0036552353943465673,-0.3116140673690564,-0.291518929681019,30.951777272679486,1.5,0.05767657268184804,9.803846153846154,0.03395344601888601,-19.2375365124274
s599,15.715429423866313,1.8537609036347582,-1.345158460504659,0.7772960739588116,-1.1100512840995462,0.6995903663466704,0.2936938426803683,2.3820396095537,2.3469849246231154,0.0,0.0,0.0,0.41708542713567837,0.07537688442211055,0.38190954773869346,0.0,0.0,0.02512562814070352,0.0,0.10050251256281408,0.0,0.0,-1.1021979539540046,-1.4405779423208112,-1.4382502851796763,-1.5897139369303497,-0.2983475650637443,-0.7805361846940796,0.6967492960600792,0.11729712351784441,0.3450674192900052,0.3450674192900052,-1.5553465267951176,-1.5667279467999498,-0.1797524044423646,12.738827971215583,0.2149122807017544,-0.7057034292772123,0.7587719298245614,-0.6177977790031376,-23.58158831573873
s600,13.428406755999314,2.1962803241172626,1.8253675517713683,0.24357613786649296,0.9513314410307782,0.5610933353431043,0.2091762010556736,2.682395666961012,2.635377049180328,0.0,0.0,0.0,0.3704918032786885,0.0,0.08852459016393442,0.0,0.08524590163934426,0.013114754098360656,0.0,0.1377049180327869,0.0,0.30491803278688523,1.980180077461224,-0.8723965155887824,2.478937309701392,1.169528221327611,-0.3234715803614143,-1.1771728545408113,0.873629312225141,0.1919948893311603,0.2542932672311488,0.3017986028677371,2.2706980657391873,1.7008803197493427,0.10522769462264557,44.51952656777548,11.481481481481481,0.94262391793156,65.25,0.46672576150605916,-19.421432325362453
s601,13.599703722820232,-0.7744774007012997,0.2893688785490041,0.43211232942412314,0.809787996771639,0.39567906785231755,0.14201988525352763,2.786082154241772,1.97845,0.09,0.0,0.47,0.0,0.0,0.255,0.15,0.0,0.0,0.0,0.0,0.035,0.0,0.0007548105117275639,0.10769359173311252,-0.17051356541751728,0.07312454481228722,1.0274350756104995,0.23906146422376343,0.3458502220811371,0.06579272159748285,0.10539458437255217,0.10539458437255217,-0.1307146899689557,0.07140017238516788,-0.026273894219658093,32.90323942682422,0.49019607843137253,-0.7376029568617173,2.466666666666667,-0.5750532781277299,-20.73803555561576
s602,10.32034943977535,-0.041688492207997106,0.8792866125996349,0.4177258557155033,1.4002667563987121,0.38533455094456354,0.1637789409931329,2.352772271013282,1.9507655502392345,0.0,0.0,0.41626794258373206,0.0,0.0,0.2583732057416268,0.22488038277511962,0.0,0.0,0.0,0.0,0.023923444976076555,0.07655502392344497,0.6459039955199729,-0.011325306479763302,-0.05517586303694286,0.3907009283661735,1.5139094856711093,0.5337227472675481,0.37059799489503487,0.07798125533354727,0.09120884387734626,0.09258040543941162,1.031765881084946,0.7594988355590687,-0.21034889955892438,40.53395439845224,0.8407407407407408,-0.5601249741595983,3.837037037037037,-0.5057688343063982,-18.218563067002272
s603,10.391560437196338,-0.10614431291065314,1.4065942746374624,0.2649643972314525,1.071332193497689,0.47679687138000826,0.0952442127717345,5.006045590640932,2.3030739299610894,0.17120622568093385,0.0,0.31906614785992216,0.0,0.0,0.1517509727626459,0.0,0.06614785992217899,0.0,0.0,0.0,0.2918287937743191,0.0,0.9869061623587193,0.7213187872826182,1.1957585093120586,0.4525228453273511,0.6693721678481909,1.1255883167091447,0.31494663426562386,0.08351347967536757,0.07623493844320428,0.08145650956945115,0.9149728989656872,1.0905957796522856,-0.26388026581841356,41.29331485986809,5.391025641025641,0.6789154360856038,33.01923076923077,0.3897764402869658,-17.224548364796576
s604,10.373284108415827,-1.2298732331075404,0.5608737274337101,0.24118449934118424,0.114832394512353,0.441124126574513,0.17116875001199108,2.577130034212497,2.345243445692884,0.0,0.0,0.5093632958801498,0.11610486891385768,0.0,0.08239700374531835,0.0,0.29213483146067415,0.0,0.0,0.0,0.0,0.0,0.4664052366137241,1.0296511172769056,1.694079647119977,1.8402397384330855,-0.2981766876424282,0.20043645922164768,0.42812208980163424,0.07773348752407172,0.026745813663663364,0.098808382637615,0.13791137345659946,0.7905377331588259,10.038081547150469,40.8457963292284,10.420454545454545,1.1237003769508027,72.94318181818181,0.885797013928082,-18.051545152367638
s605,12.61538441611977,-0.9622342674708925,0.3492727767316359,0.30410428532392386,0.21509566585915543,0.40201892091149677,0.320837208925682,1.2530308509341868,2.24928870292887,0.0,0.0,0.4811715481171548,0.0,0.100418410041841,0.09623430962343096,0.32217573221757323,0.0,0.0,0.0,0.0,0.0,0.0,0.698104638775046,0.47185032542758537,0.5769473134061001,1.1405806585198721,1.5287654978773262,0.7008541923645688,0.3280716653667043,0.0703172122063054,0.11716137424330403,0.11716137424330403,0.5366329948222848,0.3432458702014158,-0.1625386291816436,37.086738662821396,5.721739130434782,0.40535711896182747,47.86086956521739,0.5657701690758264,-20.21935755598555
s606,11.114320611515424,-1.1114108863413716,-0.4461232640320623,0.36415630165122737,-0.5532428543957494,0.5425266021116696,0.3245753874206831,1.6714964323788954,2.457826086956522,0.2391304347826087,0.0,0.3391304347826087,0.0,0.23043478260869565,0.19130434782608696,0.0,0.0,0.0,0.0,0.0,0.0,0.0,-0.2017228181413255,0.6002960955051324,0.018759793893307453,0.1838492721407186,0.505382675727369,-0.08196910623988655,0.3067566055986224,0.07215699062444042,0.1181579916355763,0.12319790597074307,0.06888737068623085,-0.1655743524416276,-0.29688722915835786,28.722749863719155,1.05,-0.4095651861296802,5.6454545454545455,-0.3744474608181217,-18.279067365348936
s607,14.361763865564845,-0.3199185204512556,-1.4379645979528135,0.44003484193283715,-1.5532759482405372,0.6098730163295093,0.3225639102033061,1.8907044372853663,2.599866071428572,0.19642857142857142,0.0,0.0,0.5133928571428571,0.0,0.17410714285714285,0.0,0.07589285714285714,0.0,0.04017857142857143,0.0,0.0,0.0,-1.4181769952737704,-0.3270292915227216,-0.1857346378028706,-0.688590992424065,-0.6721426599166311,-0.8881336801367642,0.6196479323029302,0.08684077017535176,0.33291807049060784,0.33291807049060784,-0.973725203972529,-1.3451005722227367,-0.2538065086960661,20.356402138811895,2.948717948717949,1.3512023018787869,25.671794871794873,1.4977346464839407,-22.377216309211114
s608,14.076716932844768,-0.545661658778086,-0.4156070764006505,0.41070486524320327,-0.5700092055145058,0.5575170797575516,0.19289197672477051,2.8903072549930338,2.377824267782427,0.0,0.0,0.2719665271966527,0.3054393305439331,0.0,0.2217573221757322,0.0,0.07112970711297072,0.1297071129707113,0.0,0.0,0.0,0.0,-0.037408662849324245,0.16500159691115493,-0.12267590563016777,-0.20604084260812755,-0.5227742574724703,-0.8716592527808952,0.6661121683880679,0.193459925357515,0.24719183755754942,0.183340448825554,0.040392663272020214,-0.2954028301390062,-0.30086830770179024,31.56890621318057,1.150943396226415,-0.2358912052517714,7.588679245283019,-0.1654326435291922,-20.985621364202956
s609,12.931482752253956,-1.1756302503900111,0.6938680570859124,0.42276883051535297,0.8626420506213581,0.5039162591197144,0.14079099437334855,3.579179629795304,2.1014732142857144,0.0,0.0,0.33035714285714285,0.0,0.0,0.3080357142857143,0.0,0.14285714285714285,0.0,0.21875,0.0,0.0,0.0,0.753940389740999,-0.1911489875153815,-0.14828841370616777,-0.13283656642951164,1.242551987498181,0.7082946172637935,0.3147784517306608,0.07700215899700198,0.08068142026575535,0.08162782988764104,0.21227055155063784,0.5607343210839204,-0.291269971807818,37.05940580192341,0.8144927536231884,-0.4548610431635908,4.211594202898551,-0.4141210144303554,-19.467762058824896
s610,12.934385241103872,0.12670213397628866,-0.27603787554059,0.24875614686551198,-0.9143761004395238,0.6482367033978855,0.2094374137586748,3.0951332513340675,2.813053691275168,0.030201342281879196,0.0,0.0,0.5234899328859061,0.0,0.10738255033557047,0.0,0.0,0.19798657718120805,0.0,0.0,0.14093959731543623,0.0,0.09562332244865344,-0.2421394643396248,0.7674610100983035,0.17167079910874208,-0.3319417601912294,-1.0641006265062853,0.6485668108527791,0.12244959951606949,0.3808264146159238,0.3808264146159238,-0.12424130556822582,0.24094156435421105,-0.28698980101196747,32.518481685768855,5.3359375,0.7396230184153451,30.0546875,0.33392232082424506,-20.692619771502955
s611,13.24322350963908,-0.32060142869335195,-1.1226363943446462,0.29064644190120686,-1.6157096761908112,0.6503058466433408,0.3288307602711826,1.9776308217243477,2.8471841155234654,0.0,0.0,0.0,0.6028880866425993,0.039711191335740074,0.10469314079422383,0.0,0.12274368231046931,0.1299638989169675,0.0,0.0,0.0,0.0,-1.0647604174276324,0.07069452848044286,0.48242563530291743,-0.4462122604645001,-0.4509088105610537,-0.8992165262152786,0.5826331224682105,0.08300556175320639,0.3858745054085957,0.3858745054085957,-0.3466978464947716,-0.4906343772887671,-0.25838153643876344,26.95122465279351,10.448275862068966,3.490378863535339,78.96551724137932,2.923792717198559,-21.70289912291919
s612,11.717844404452626,-1.0226282104664395,0.4514808487952248,0.4998647132628851,1.1417419627181424,0.4530131353324029,0.20412962183036948,2.2192425149783217,1.9426153846153846,0.0,0.0,0.3333333333333333,0.0,0.0,0.3487179487179487,0.15897435897435896,0.0,0.0,0.15897435897435896,0.0,0.0,0.0,0.7099701090208543,0.10016083040832256,-0.635097125716376,-0.39016366133837793,1.3437546065524701,0.47954240467357884,0.370507166905664,0.07680752600670983,0.08422429190703692,0.08590877774517766,0.5547966213188402,0.14302592183338392,0.14915354628357114,32.95976082415607,0.27450980392156865,-0.8276885340624613,1.0906862745098038,-0.6518246845545539,-19.300460311453357
s613,16.234680089020603,0.6928596656701602,-1.4761369648173235,0.855314274312043,-1.084386290312695,0.6657123976487128,0.4472779356966061,1.488364045080626,2.2156989247311825,0.0,0.0,0.0,0.46236559139784944,0.0,0.40860215053763443,0.0,0.12903225806451613,0.0,0.0,0.0,0.0,0.0,-1.7364011669493695,-1.9134242933254277,-1.5358102235811781,-1.7508720670622009,-0.16317472249894327,-0.9350346514976895,0.6034256863551661,0.09790756236502254,0.3577808317041811,0.3577808317041811,-1.5544573428861195,-1.7331031777158026,-0.3007952853368534,8.004316698373609,0.1076555023923445,-0.8679595402460606,0.39712918660287083,-0.6753005757710313,-23.859581378960875
s614,12.333404255603977,-0.43304661884806883,0.45915544659484353,0.48460259425310354,0.8726588128659545,0.5023937589036334,0.18162752680274818,2.766066178114317,2.050922330097088,0.0,0.0,0.3106796116504854,0.0,0.024271844660194174,0.33980582524271846,0.07281553398058252,0.0,0.0,0.18446601941747573,0.06796116504854369,0.0,0.0,0.24968635391391195,-0.19113091661794168,-0.3928594950524508,-0.3220097853724489,-1.392923765185592,0.6648528092648659,0.4906495454700866,0.08603722125803766,0.08735595724316272,0.08913873188077828,-0.14485822583390556,0.24949253462217752,-0.21346277694001795,34.25744921161782,0.14,-0.9546620710767606,0.26285714285714284,-0.7335374003215717,-19.336740810401473
s615,12.72020194924501,-1.1319790921762287,0.24384513576784614,0.3775204999737304,0.3571721850660697,0.45748629562504856,0.1336467725076565,3.423100214401658,2.1574107142857146,0.09375,0.0,0.42857142857142855,0.0625,0.0,0.22321428571428573,0.0,0.13392857142857142,0.0,0.05803571428571429,0.0,0.0,0.0,0.36485419735567576,0.4613619124768074,-0.12838885677847142,0.10897225011003997,-0.6580349931835002,2.2491488385891434,0.6968266170804327,0.08994988826112472,0.025853129616277556,0.09883750816026254,0.6487270311929397,0.18234679572338655,-0.22037492402444267,35.80677150873489,1.296,-0.279143209233011,7.092,-0.29152785742038606,-19.737166979224906
s616,11.326206152954821,-0.7072292356239543,1.5990792247281382,0.23138753640570914,0.9823555936064277,0.4421883845672143,0.10890774316161203,4.060210704311772,2.3046830985915494,0.0,0.0,0.47183098591549294,0.0,0.0,0.10211267605633803,0.0,0.2535211267605634,0.0,0.0,0.0,0.17253521126760563,0.0,1.520908460277083,1.744195907465027,2.320666902389177,1.5161313097535734,1.3799241204168555,0.8049373548206136,0.3294651354199756,0.07708636366297401,0.1158039859404215,0.1158039859404215,2.227232768753484,1.4847473185261202,-0.29811201892764033,43.631571407698004,10.39655172413793,1.1210876195041595,67.02586206896552,0.7540811902277792,-18.15004309366292
s617,10.780511040022292,-1.247736647620752,0.815179841877046,0.2878126932869585,0.7296710095204966,0.3765630821649519,0.2153684902807451,1.7484594969026364,2.1573750000000005,0.0,0.0,0.49166666666666664,0.0,0.0,0.09583333333333334,0.325,0.0,0.0,0.0875,0.0,0.0,0.0,1.1187771361131051,1.9968889554112916,2.4211716912956613,2.1204580923854555,1.8564307609489223,0.426314164916134,0.25189010520587124,0.06300526102341358,0.10831691414031588,0.10831691414031588,0.3304617384139561,0.9623385526401389,-0.27784229496902846,41.20078592190246,8.730434782608695,0.9491532188597936,58.417391304347824,0.6887478008164601,-18.32352306169715
s618,10.888612203489137,1.5323153504475175,2.058497951546488,0.22269688613863353,1.0685808049972163,0.48452861851143963,0.0956908789327928,5.063477563538128,2.45410094637224,0.0,0.0,0.35331230283911674,0.0,0.0,0.0694006309148265,0.0,0.0,0.0,0.0,0.24290220820189273,0.334384858044164,0.0,2.314259745256893,2.0878192955024875,2.8861859293383794,2.861231558685669,-1.4054556659569943,0.761802086813388,0.30566509813701787,0.06779833753333087,0.045562004078951286,0.05275600472299623,0.5177746441911809,2.0696329303663576,-0.29676311201789773,46.782613647895914,11.988636363636363,0.5099404469996699,61.43181818181818,0.10984900092448383,-17.00993990522181
s619,14.554598760407693,0.9927090807795503,-1.3907900631910284,0.677345152539394,-1.182689304935178,0.586289563081878,0.5128548877083391,1.1431880189378272,2.33945,0.0,0.0,0.0,0.495,0.0,0.28,0.19,0.0,0.0,0.0,0.035,0.0,0.0,-1.697465869722248,-1.1794496955378893,-1.258407151085979,-1.4389833919539126,-0.04045417697341385,-1.0215495178413867,0.5755305241678373,0.08724399270224228,0.347840390701755,0.347840390701755,-0.9503620315957466,-1.7062909458551854,-0.29666412008220694,13.367409281919528,0.8714285714285714,0.05306441891747999,6.289285714285715,0.1130176358156361,-23.31208521979489
s620,15.771297633925796,0.43379501752339694,-1.2575980272387512,0.7273602038574304,-0.8367669453546361,0.6448453216863868,0.2985387993210584,2.1600050752294306,2.252368421052632,0.11578947368421053,0.0,0.0,0.42105263157894735,0.0,0.3736842105263158,0.0,0.042105263157894736,0.0,0.0,0.0,0.04736842105263158,0.0,-1.137505172022956,-1.415316448685174,-1.284304351226666,-1.5165793165847457,-0.8008212347089194,-0.9184228828799291,0.6606643035055662,0.11733373479616309,0.36181341250840926,0.36352007954854326,-1.1438976463817179,-1.4457562045239045,-0.26530047454828126,13.594562396687156,0.24178403755868544,-0.6821666884047315,0.6455399061032864,-0.6454132104059739,-22.943945678461795
s621,14.94196126656608,-0.909831387023161,0.051978441645251776,0.485810857618294,0.566943325740166,0.44850760689186275,0.09106989955022922,4.924872093929238,1.9832673267326735,0.11386138613861387,0.0,0.48514851485148514,0.0,0.01485148514851485,0.3217821782178218,0.0,0.0,0.06435643564356436,0.0,0.0,0.0,0.0,-0.17233912501574553,-0.2491648347237112,-0.6647966427120104,-0.3167255853342795,0.6171779508689128,0.11249498511700243,0.3400955409679817,0.06778408272060628,0.11184107190741822,0.11184107190741822,-0.741213443097467,-0.23855523802765563,-0.3005881837751804,29.63463685216321,0.06769230769230769,-1.0163801326317876,0.19076923076923077,-0.7395461257028896,-21.1771624321882
s622,11.106330111921704,3.0623997167107695,-0.6796735213322435,0.4532731572644839,-0.8699062514294813,0.6285518849239379,0.2746676742473298,2.2884086620180364,2.565042372881356,0.0,0.0,0.0,0.4745762711864407,0.0,0.2076271186440678,0.0,0.0,0.0,0.0,0.211864406779661,0.1059322033898305,0.0,-0.35981682696741796,0.027489418418324855,-0.24947429264316973,-0.4482971877005919,-0.24731547870929604,-0.4538563584541258,0.7290300681565007,0.15977177722683153,0.31900496903269765,0.3325796485660039,-0.026554035924022418,-0.19581059775599263,-0.21011006668229948,30.868210763916736,1.346938775510204,-0.07696271432354614,7.142857142857143,-0.1916597648497713,-20.02792552777272
s623,13.092348483495343,0.162946784170312,0.8116802559408629,0.4866181842073246,1.42115370747681,0.4914988781173688,0.09531251961574018,5.156708479629797,1.947192118226601,0.0,0.0,0.3103448275862069,0.0,0.0,0.3842364532019704,0.0,0.10837438423645321,0.0,0.0,0.0,0.19704433497536947,0.0,0.48465065643758126,0.5289279769590982,-0.6514488012162997,-0.2510001087626686,1.4706617678457037,0.4094618462653859,0.38495778645506745,0.08331367428614135,0.08449895919229394,0.08604332659267531,0.5352434065111731,0.5312555928683216,-0.16010958021056257,36.60843458589144,0.20512820512820512,-0.888387951963724,0.676923076923077,-0.6912649087495152,-19.888538318379673
s624,15.850626827840467,2.5703408748529264,-0.9224565845166837,0.6379572502402344,-0.7188522975605952,0.6514690601183641,0.28144877689030606,2.3146984943987605,2.347487922705314,0.0,0.0,0.0,0.4396135265700483,0.0,0.3333333333333333,0.0,0.0,0.0,0.0,0.15458937198067632,0.07246376811594203,0.0,-1.0525723328080199,-0.9792534034093484,-0.9371226126149448,-1.2216837949183434,0.18837121181569255,-0.8875664292194566,0.6426277476773693,0.13067703900539285,0.35016980473565734,0.35016980473565734,-0.96072290618025,-1.0782850419821655,-0.20125614659924818,21.82925204613187,0.2985507246376812,-0.6927774977349545,1.2202898550724637,-0.5899676464788733,-23.645754769566192
s625,12.013532394018801,0.3096001543160773,-1.4062283940265397,0.5008182386663784,-1.5368407495044827,0.6086449278749605,0.4173023765565415,1.458522553591289,2.5629646017699113,0.030973451327433628,0.0,0.0,0.5575221238938053,0.0,0.1902654867256637,0.13716814159292035,0.0,0.084070796460177,0.0,0.0,0.0,0.0,-1.3505779665287228,-0.5376495009624512,-0.838060064053261,-0.8579411841471117,-0.36777254027757483,-0.9015141558363453,0.5529464080579761,0.07639306381960391,0.3605649756106095,0.3605649756106095,-1.1253397720763036,-1.431038148572881,-0.29746639952195536,20.216692082729082,1.8883720930232557,0.5990272455716892,11.613953488372093,0.3421549799926679,-21.441715371664138
s626,13.593841862171029,-0.7836330731849397,0.30644933420335324,0.4154378055866216,0.3980515100596356,0.45022158877839846,0.0882470262199049,5.101832980257945,2.0736842105263156,0.0,0.0,0.5263157894736842,0.02631578947368421,0.0,0.2631578947368421,0.0,0.07894736842105263,0.10526315789473684,0.0,0.0,0.0,0.0,0.1058182303575569,0.5467148842460515,-0.19059230355497497,0.19201750380978042,-0.026158482874607075,6.029283917283173,0.6256863569918285,0.04865744251259121,0.004812907717454837,0.09623437133763486,0.1169366228537603,0.13873493695622927,-0.29582992161426475,35.292344108242204,0.5666666666666667,-0.6732887806543696,3.762962962962963,-0.4708619537764169,-20.37069722396305
s627,13.568830570836685,-0.3906226779555439,0.44100824825262763,0.41776961195262724,0.5747899468614797,0.47771889245496046,0.16016136299286768,2.982734933869377,2.1288738738738737,0.018018018018018018,0.0,0.42342342342342343,0.0,0.04054054054054054,0.2702702702702703,0.0,0.08558558558558559,0.0,0.08558558558558559,0.07657657657657657,0.0,0.0,0.5057095244335746,0.13839307547128432,-0.42241160222358637,0.005748371148992234,0.9423896207145448,0.47510515611752796,0.3313776729701498,0.06878631889582625,0.09759340656698615,0.09759340656698615,0.011493166528399741,0.39545691911302594,-0.29440935440122795,35.58274729769953,0.5366666666666666,-0.6969322837121898,2.4833333333333334,-0.5697462841221137,-19.985451446617073
s628,12.856836654608815,0.4820423679601564,-1.4087114711996975,0.7203542874301953,-1.2638099015902184,0.6660575570057646,0.3741365911541316,1.7802523804237353,2.375693069306931,0.0,0.0,0.0,0.4504950495049505,0.054455445544554455,0.3415841584158416,0.0,0.15346534653465346,0.0,0.0,0.0,0.0,0.0,-1.690136242422896,-1.3209394665035408,-1.3368010248804771,-1.5215641694165816,0.010653018031089928,-0.9118808210457152,0.726917848937759,0.1068449931765049,0.3503852618936016,0.3503852618936016,-1.438298871584832,-1.6034548985179033,-0.2980671983379529,13.280951994800777,0.3217391304347826,-0.5656442340926902,1.0318840579710145,-0.5828007005449406,-21.581190653985505
s629,11.813900615992164,-0.3160287786827891,1.838008828222613,0.24214918986943096,1.2761425171559388,0.41646999263383744,0.08183985453370803,5.088840822197486,2.242410071942446,0.0,0.0,0.5035971223021583,0.0,0.0,0.10431654676258993,0.0,0.2589928057553957,0.0,0.0,0.0,0.0,0.13309352517985612,1.6091709139654875,1.4666833987243184,1.4690587730613824,1.3755763341595828,1.5776420985390291,1.1359999268191872,0.34270591752959617,0.07126089213754425,0.09960705307956998,0.09960705307956998,1.8466611868155756,1.8897888029413115,-0.30164229823075445,46.889369678349595,7.413793103448276,0.45566358700725207,47.543103448275865,0.2911262450281116,-18.439178641872743
s630,13.369129834623795,0.29852257217322203,0.32655229884733306,0.2921015597897927,0.1397452214787068,0.4136137662980876,0.06578836685662263,6.287035019420776,2.234320987654321,0.14814814814814814,0.0,0.588477366255144,0.0,0.0,0.10699588477366255,0.0,0.0,0.0,0.0,0.15637860082304528,0.0,0.0,0.7397012499096836,1.5948623123089247,0.9553495163969077,1.5500552669592231,1.499459173751028,-0.4300143597833958,0.3152598695321776,0.06043743930817748,0.12614998862739785,0.12614998862739785,0.2713834179470931,0.2992638808515844,-0.1964084579005717,35.01150083221681,3.4307692307692306,-0.08421907419505194,17.415384615384614,-0.21983165864448326,-19.622564634802174
s631,13.259752977570576,2.3194014241387877,-0.37848929972418255,0.508450133146448,-0.3160811117923981,0.6296662186890156,0.20564608449391175,3.0618925725651596,2.387590909090909,0.04090909090909091,0.0,0.0,0.35909090909090907,0.0,0.2909090909090909,0.0,0.0,0.0,0.0,0.12272727272727273,0.18636363636363637,0.0,-0.2855980492994244,-0.3112337301274906,-0.2652703463807529,-0.6079875188259268,-0.833246143060412,-0.8177828464853165,0.7367361325682816,0.19461561807782654,0.2821070322141364,0.3247275190954088,0.280230788265092,-0.11332016741591128,0.161759026737818,31.021317711069077,0.4125,-0.6872477773492766,1.871875,-0.5687108154151505,-21.010919902236623
s632,12.552884476554187,-0.17902097098062122,0.18297823008575703,0.5967522954295131,1.1968174079137208,0.47732797256072573,0.13553078764551255,3.52191543230163,1.8482608695652174,0.0,0.0,0.34782608695652173,0.06521739130434782,0.0,0.43478260869565216,0.03804347826086957,0.03260869565217391,0.03804347826086957,0.0,0.0,0.0,0.043478260869565216,0.2582672461795739,-0.5826288842924082,-0.98055042846177,-0.8687950805133962,-0.2947300220280312,1.812683710842698,0.6698227094738631,0.13264939252213898,0.04525247141804034,0.10132924979523164,-0.6477008381021252,-0.09525813240268005,-0.0572026650301904,25.38887165895644,0.0625,-1.0033117707152035,0.15208333333333332,-0.7387520506229234,-20.228440397130424
s633,17.69776156348025,0.3889577226001519,-1.3069429387654634,0.785608153838676,-0.8407919040223168,0.6101886719842631,0.4197185152730583,1.4538045136924438,2.182887700534759,0.0,0.0,0.03208556149732621,0.42780748663101603,0.0,0.37967914438502676,0.10160427807486631,0.058823529411764705,0.0,0.0,0.0,0.0,0.0,-1.2477550465401634,-1.6279727562758224,-1.367848743124768,-1.6519766327364853,-0.15299163005954786,-0.7948600755117389,0.7061938184637231,0.11922524224184139,0.34613022949849376,0.23725564060287946,-1.8099146149459133,-1.484970738160821,-0.1418004328759517,9.307522363917467,0.11502347417840375,-0.8837273252542642,0.24647887323943662,-0.7137963267980204,-24.738765867376507
s634,13.991313746397257,-0.18019611355347548,0.30726418142957473,0.4099096777241983,0.296812466722544,0.447235225378653,0.046136592530576656,9.693720338844951,2.0887826086956522,0.0,0.0,0.5652173913043478,0.0,0.0,0.24782608695652175,0.0,0.0,0.13478260869565217,0.0,0.05217391304347826,0.0,0.0,0.5181376249553327,0.4464092290666057,-0.1111679327264712,0.29373164375504834,-1.45950258690389,0.10182882983243603,0.28540065592488584,0.05973356035009402,0.12218398732248956,0.12218398732248956,-0.5725407973952553,0.1253181545198414,-0.30148075208681185,34.340579135894,0.24561403508771928,-0.9138160773602793,1.0491228070175438,-0.6830355533620516,-20.515394035552298
s635,16.340124792563245,0.5879309936612477,-1.4260220700332216,0.8822623422099333,-0.8182762988330681,0.6154650657979109,0.5670898161093587,1.0853043879723339,2.1256497175141242,0.0,0.0,0.0,0.4350282485875706,0.0,0.4124293785310734,0.15254237288135594,0.0,0.0,0.0,0.0,0.0,0.0,-1.562933634777265,-2.1426562029328866,-1.5198826322974568,-1.875369096811193,0.11753052997441543,-0.8727650587268905,0.6453832407768383,0.11685959984511875,0.3512487122969181,0.3512487122969181,-2.0022753829842745,-1.6871924727141543,-0.30118502274104053,5.985076114052237,0.2009132420091324,-0.68928204432392,0.6894977168949772,-0.6157283081780213,-23.822354582989508
s636,12.53456113651325,0.5018861346768048,0.744794261435541,0.2919588990628104,0.26655228684603094,0.5917336960671145,0.2235540380039983,2.6469380797162394,2.56337037037037,0.018518518518518517,0.0,0.0,0.32592592592592595,0.0,0.15925925925925927,0.1111111111111111,0.0,0.08148148148148149,0.0,0.0,0.3037037037037037,0.0,0.6600492376906658,0.38603289878081976,0.8314364225292047,0.40051695932450093,-0.5350124294506238,0.2890616699771344,0.8181961694272277,0.20442427797236012,0.17966336519869647,0.27591159655514097,1.5711557366816327,1.1565970430605097,1.0018583448813707,40.23895622255878,5.622093023255814,1.1251038543443475,39.627906976744185,0.8982691383653236,-19.105860819680593
s637,12.242335500555987,0.09162946496400497,0.8068682504541451,0.46234005309879533,1.237267297932816,0.5004598538422257,0.09715235587758077,5.151288914422647,2.0102884615384613,0.019230769230769232,0.0,0.2932692307692308,0.0,0.0,0.3557692307692308,0.0,0.10096153846153846,0.0,0.04326923076923077,0.0,0.1875,0.0,0.570349825250739,0.48287931028822784,-0.5427988403388228,-0.10367284560222007,1.187409835797359,0.538510449143145,0.39381587737002016,0.0853358872787821,0.07840364777772921,0.08384205109179135,0.2975550520604255,0.5768776248739206,-0.26936548435844226,38.00967233350462,0.21351351351351353,-0.8951266966871578,0.7162162162162162,-0.6925649417586598,-19.17066616024459
s638,13.170592667816514,0.3914919836918029,-1.3859791936057733,0.61617221619283,-1.4012659422826992,0.6494955304753869,0.39234828363348084,1.6554055607444043,2.478139534883721,0.0,0.0,0.0,0.4883720930232558,0.046511627906976744,0.27906976744186046,0.0,0.18604651162790697,0.0,0.0,0.0,0.0,0.0,-1.5985113133800517,-1.4590508651956569,-1.2454901441271269,-1.4107494502849958,-0.23113515999089865,-1.0023090597293676,0.6367442990500192,0.09373318124775475,0.35659924036300544,0.35659924036300544,-1.6152105211904595,-1.4856013625803752,-0.30096527992009486,16.16029174405242,0.7638888888888888,-0.09198872908516649,3.9166666666666665,-0.21866216099820096,-21.92001400012589
s639,13.09339243588312,-1.0590999227855626,0.5012733686229999,0.320460726421427,0.3546338515390004,0.42602433383613364,0.142483020369734,2.9900007224062817,2.180164609053498,0.0,0.0,0.5349794238683128,0.04938271604938271,0.0,0.1646090534979424,0.0,0.25102880658436216,0.0,0.0,0.0,0.0,0.0,0.896196662919341,0.7941742531060205,0.5269555995323847,0.6888179050708368,-0.20525578525094626,3.443003405898732,0.5454997293039399,0.07294741828163193,0.014952427587755524,0.10194526583930018,0.12694190120219379,0.5893674459789467,2.3454285048883907,38.512977293153114,3.39,0.37216224142828475,24.22,0.34730035077428073,-20.10078758798683
s640,12.768934870449097,1.1417366877135917,0.6249000417233125,0.49279797466961367,1.1948759323346076,0.48955660222355435,0.1194379864695947,4.098835024719548,2.008878048780488,0.0,0.0,0.3121951219512195,0.0975609756097561,0.0,0.35121951219512193,0.0,0.024390243902439025,0.0,0.0,0.11707317073170732,0.0,0.0975609756097561,0.36974591034826565,-0.7225784045400229,-0.49515669661278516,-0.3095131846950933,-0.15493255076955023,1.143471862839365,0.798045742384204,0.17004026936297958,0.07928962563642278,0.11671596840622007,1.4012280317997854,0.3787449287027716,-0.230081428842042,35.77127201066302,0.13055555555555556,-0.9636885473993234,0.3861111111111111,-0.7219927614920585,-19.8328962313097
s641,15.41504947207371,0.4786665843175216,-1.0960919553006863,0.6245931068531259,-1.028115364435773,0.6572612268602077,0.26226701895355437,2.506076553135353,2.3927358490566037,0.0,0.0,0.0,0.4386792452830189,0.0,0.3160377358490566,0.05188679245283019,0.0,0.08018867924528301,0.08962264150943396,0.02358490566037736,0.0,0.0,-1.172575505972442,-1.2219105071963914,-1.1301659108554047,-1.1437331872898293,-0.28930406457765245,-0.8307100614138341,0.6503432644702886,0.11948613121351134,0.35836542737664234,0.3616036691902867,-1.4674494508062246,-1.1253681903756334,-0.03960919487383589,20.65034900792175,0.19701492537313434,-0.8220739758534742,0.4746268656716418,-0.6923998983676942,-23.078868647390546
s642,14.949310782566517,-0.062406229876767784,-1.0623115238385827,0.5813562058985424,-0.9181497616326275,0.5929183599426437,0.3433013755743334,1.727107440075672,2.3404830917874397,0.0,0.0,0.07729468599033816,0.4396135265700483,0.0,0.28502415458937197,0.043478260869565216,0.15458937198067632,0.0,0.0,0.0,0.0,0.0,-1.2082028898481336,-1.113713750547192,-0.8719330872561706,-1.097910312433605,-0.19188127070587296,-0.663895870190497,0.8649939957459791,0.12724361001076473,0.32416718364148633,0.199870297871408,-0.7576011716611333,-1.2036825343112587,-0.19193512212859137,18.75736059132824,0.8711864406779661,-0.06508129055905809,4.098305084745762,-0.24970759268380016,-22.60273435105626
s643,13.017673991736356,-0.08185572238566692,0.07686832756127678,0.4243248664926268,0.08485145678693154,0.49024746070788827,0.2886900511873531,1.6981792711302308,2.231955555555556,0.0,0.0,0.4222222222222222,0.0,0.13777777777777778,0.24,0.09333333333333334,0.0,0.035555555555555556,0.0,0.07111111111111111,0.0,0.0,0.22909217318762765,-0.034853119023224494,-0.2117980587732532,-0.02900166255410813,-1.2936033535051956,-0.05368520004102034,0.30979707642408216,0.07302629525425794,0.11226060186716134,0.11226060186716134,-0.36186382815983137,0.0472993963706641,0.36040056506361445,31.912187159203764,0.3333333333333333,-0.8487524615509867,1.4,-0.6551644561083609,-20.127826899006116
s644,10.802102721089737,-0.9245502357563132,0.477331716152913,0.3246586900762341,0.5468588416304746,0.3549283238703955,0.20115716961036081,1.764432878817532,2.081504424778761,0.0,0.0,0.5530973451327433,0.004424778761061947,0.0,0.11504424778761062,0.30973451327433627,0.017699115044247787,0.0,0.0,0.0,0.0,0.0,0.6030186694004265,1.1902357106531234,0.9057669651147835,1.6330352773756578,7.500596272481,13.052760328172534,0.0,0.0,0.0,0.1127213933449833,0.718856804264329,0.48482761449687645,0.2716880352807774,39.55614891557636,4.323076923076923,0.2215290245533023,25.415384615384614,0.05700145042117695,-19.025129267439986
s645,13.772863768923687,-0.5437343878486849,0.4388959820499703,0.37470240293131013,0.5378301766206821,0.4152396851005202,0.08650357761311452,4.800260250017302,2.079464285714286,0.03571428571428571,0.0,0.5535714285714286,0.0,0.0,0.21428571428571427,0.0,0.14285714285714285,0.0,0.0,0.05357142857142857,0.0,0.0,0.15555778713219126,0.3509329632516166,0.03518578842838121,0.4343989219146067,1.142340346261631,0.3065577515924673,0.2789572723135103,0.061372244585655315,0.11749904647595881,0.11749904647595881,0.4858509067198751,0.3502375665670938,-0.3010921875417083,36.04391430680128,0.8935185185185185,-0.5741860029092717,3.287037037037037,-0.5603096292770562,-20.490811233703575
s646,14.38012612026567,-0.5844019923890468,-1.107008397964651,0.6984853298212709,-0.47263946403643275,0.593437862049328,0.2632175582299193,2.2545527207229954,2.148342541436464,0.1712707182320442,0.0,0.11049723756906077,0.3370165745856354,0.0,0.3812154696132597,0.0,0.0,0.0,0.0,0.0,0.0,0.0,-1.1095038132180606,-1.3477060773275984,-1.3343403054886462,-1.3880830290079995,-0.6981105383523131,-1.0104568074590483,0.6844836194159378,0.17741964397742102,0.2874996917545217,0.18751389686636435,-1.1453717387276023,-1.1988881710005455,-0.3016342412296018,12.904790457040594,0.2584541062801932,-0.670408386645029,0.9154589371980676,-0.604013012022951,-21.596303418173868
s647,13.538454735972095,-0.946322226358463,0.3289084985629191,0.5569419879150591,1.1917086477744807,0.4816550830613928,0.12400011623751289,3.8843115448280607,1.8747368421052633,0.0,0.0,0.3684210526315789,0.0,0.0,0.42105263157894735,0.0,0.10526315789473684,0.0,0.10526315789473684,0.0,0.0,0.0,0.05905432724385928,-0.6048003954487449,-0.9523748462267226,-0.6174289624480325,1.4773586261718783,0.32187462494374774,0.3855655218748971,0.07828567661379687,0.09533291261747602,0.09533291261747602,-0.6910199750570791,-0.026257526833733082,-0.28887670274632427,29.218619127217544,0.08962264150943396,-0.9773826359623042,0.2028301886792453,-0.7338808887120721,-20.46804100673445
s648,12.982187348716131,-0.49787803152834725,-1.6111896611724608,0.3417985755624388,-1.9262386360093007,0.6543380859377697,0.33796724654614907,1.936099112043452,2.8664940239043823,0.2788844621513944,0.0,0.0,0.36254980079681276,0.2350597609561753,0.12350597609561753,0.0,0.0,0.0,0.0,0.0,0.0,0.0,-1.963158687060775,-0.3437323657612409,-0.5326116883120224,-0.059329793861556575,-0.8474766391999804,-0.13391630960534595,0.5226979835038,0.09294433849808513,0.30217775250368817,0.30217775250368817,-1.4341064243524557,-1.1796882537875133,-0.28033545699572365,15.88116641857354,3.435483870967742,1.0881400837224917,23.516129032258064,0.823451729944322,-21.122035927954173
s649,13.960820344457762,-0.33670082233378645,-1.1349618986503043,0.752430782443152,-0.5601200717837689,0.6608894817038196,0.2350730782613624,2.8114213953884577,2.1864480874316943,0.13114754098360656,0.0,0.0,0.3551912568306011,0.0,0.41530054644808745,0.0,0.0,0.0,0.09836065573770492,0.0,0.0,0.0,-1.1077266295445425,-1.1900245304954435,-1.22510474282872,-1.4951907735890468,-0.6854493025721444,-0.9345273977207471,0.6806720207038224,0.14964274915969775,0.349783028045695,0.3520994719400374,-1.0538939199039368,-1.3310501305280822,-0.2942985957023815,14.113158881908141,0.06359649122807018,-0.9688011076679814,0.1074561403508772,-0.7385883162939074,-21.30712394597167
s650,11.480465840999415,-1.2620782717986792,0.7091276285607786,0.285526416815898,0.5271938768847856,0.40951373240181577,0.2746673766427181,1.4909442009725935,2.251557377049181,0.0,0.0,0.4426229508196721,0.0,0.06147540983606557,0.09836065573770492,0.3114754098360656,0.0,0.0,0.0860655737704918,0.0,0.0,0.0,1.0928233369515035,2.4884418534763295,1.521949941288988,1.9310367566299642,1.4555306239545325,0.9905727964885233,0.3358150881523545,0.07151194079525279,0.09999533655830681,0.09999533655830681,0.40083048321226056,0.8863407573073393,4.434836353233276,40.27907277008965,8.3,0.946521170827867,56.44166666666667,0.7104087309746502,-18.726642196703082
s651,15.866427777253975,0.7900392119903317,-1.4645499108477882,0.6868163194470915,-1.422824504449107,0.7072915367570224,0.2868213219245392,2.46596568208798,2.523971291866029,0.11004784688995216,0.0,0.0,0.3062200956937799,0.215311004784689,0.3253588516746411,0.0,0.0,0.0,0.0,0.0430622009569378,0.0,0.0,-1.6592934811244369,-1.330508403344743,-1.3064480629740842,-1.452011337118149,-0.7471832381652157,-0.5579605987259983,0.710692676823895,0.14404059049498902,0.3085118543409049,0.3131165088833065,-1.7961978987648362,-1.578264754430656,-0.3015840913677736,14.254396249746282,0.3058823529411765,-0.6030754485378987,1.3588235294117648,-0.5328442251871488,-22.860607772262064
s652,18.29217232333501,1.8054931217667174,-1.19109412227232,0.7887636648871954,-0.7284271077498269,0.6526901824844462,0.35866735131939276,1.8197646930601903,2.2062433862433863,0.0,0.0,0.0,0.43915343915343913,0.0,0.4021164021164021,0.026455026455026454,0.037037037037037035,0.0,0.0,0.06878306878306878,0.0,0.026455026455026454,-1.0731847500326737,-1.4133297696243345,-1.2420339619844147,-1.648503995271744,0.0684351524257569,-0.9984526833699987,0.7620749052812905,0.12210565103846016,0.34867113167009967,0.34867113167009967,-0.8121442736286919,-1.424164879964284,-0.2849056877152085,12.759987355711907,0.16885964912280702,-0.7885371719628771,0.6995614035087719,-0.6299749719329801,-25.13277458672901
s653,13.713500489846457,0.3767556889502034,-1.251894016933597,0.4217293832089545,-1.5338056652405703,0.652513500786821,0.29685034297050594,2.198122778829508,2.675685483870968,0.07258064516129033,0.0,0.0,0.5725806451612904,0.0,0.1814516129032258,0.0,0.0,0.1532258064516129,0.0,0.0,0.0,0.020161290322580645,-0.8638448847660384,-0.40287693100180366,-0.6303820717425384,-0.6273871639300521,-0.6080071671736897,-0.7898992472124213,0.650088604722467,0.07802213711004469,0.35864684048648193,0.35864684048648193,-0.6700921356527592,-0.881178689101118,0.08000939859479869,24.470406305991222,1.7244444444444444,0.29385092034359095,9.653333333333334,0.06117382450626882,-22.123669261943192
s654,14.506196655102036,-0.18639616984093352,-1.160617927888314,0.36746221443376387,-1.5374217518757327,0.6379954388276846,0.3655238265014237,1.7454277739817863,2.7885992217898825,0.0,0.0,0.0,0.43190661478599224,0.1828793774319066,0.13618677042801555,0.08560311284046693,0.16342412451361868,0.0,0.0,0.0,0.0,0.0,-1.341563395075239,0.13249583158361164,-0.1657249567318375,-0.21267624370374752,-0.09279241225631746,-0.7864679576285043,0.582260098383664,0.12391507767258332,0.32523432191706386,0.32523432191706386,-0.4666807951712788,-0.8254005645865145,-0.25468493835363143,22.82773168931354,7.75,3.393263285664649,79.24285714285715,4.117425845656609,-22.194987068165236
s655,13.622577733509603,-0.3271157711344395,-0.8759679970413669,0.37562513528531377,-1.2404304707737606,0.6349226886287449,0.24161376052446557,2.6278415900258847,2.6375193798449614,0.0,0.0,0.10852713178294573,0.5038759689922481,0.0,0.17829457364341086,0.0,0.0,0.20930232558139536,0.0,0.0,0.0,0.0,-1.011155008873141,-0.31023540422997614,-0.696351453716231,-0.4798689773057854,-0.246128363900923,-0.7920508198606161,0.6166958251848416,0.10558319159873669,0.35729066673734755,0.23701452886600918,-0.9153485028221247,-0.48276235746205004,-0.2651684410103453,27.101462319704464,2.489130434782609,0.6182379545318494,15.36413043478261,0.3587778017348004,-21.361957411903788
s656,14.379295422616844,1.5278641563062552,-0.5446911057125363,0.5611973062958526,-0.4926564345555538,0.6664577557274366,0.16156673375507866,4.1249689229821875,2.3565437788018437,0.009216589861751152,0.0,0.0,0.3640552995391705,0.0,0.33640552995391704,0.0,0.0,0.10138248847926268,0.0,0.009216589861751152,0.17972350230414746,0.0,-0.4997118436318848,-1.0153161214162516,-0.9017041206507708,-0.7896086185848081,-0.6196135150256821,-0.9360616345969786,0.8516978590971903,0.16324826741306417,0.3393540619279873,0.3559317028842396,-0.22201965883495908,-0.4487939299883498,-0.28917740881276377,27.74195096061034,0.09315068493150686,-0.9719568754592386,0.18082191780821918,-0.736268787243164,-22.0472761438147
s657,13.311187849844488,-0.9689104682455467,0.4100006083581025,0.46595902256164,0.8860014984418927,0.4387101570356974,0.11853914521934257,3.700972840861274,1.9594685990338163,0.0,0.0,0.46859903381642515,0.0,0.0,0.32367149758454106,0.0,0.1642512077294686,0.0,0.043478260869565216,0.0,0.0,0.0,0.2254749684428567,0.223801629091385,-0.6406495776306335,-0.23115353176079867,1.1607215576333785,0.2630466532781149,0.2882395400402239,0.0668021693798006,0.10411736161693272,0.10411736161693272,0.2411551361249784,0.11503698982354929,-0.30023532072107106,33.71275084045408,0.2626865671641791,-0.8536553983629097,2.0,-0.57510926827046,-20.363395257974577
s658,9.161953139004774,0.9128313282435169,2.188889591053239,0.3502265814871748,2.0837686949248067,0.46805090920828896,0.03623751921795994,12.916196232779502,2.083609958506224,0.0,0.0,0.3278008298755187,0.0,0.0,0.27385892116182575,0.02074688796680498,0.0,0.11618257261410789,0.0,0.0,0.0,0.26141078838174275,2.191037849835027,1.445436175095516,0.10902004643961263,0.9832265795109787,-1.2772446289571069,0.38365002297288725,0.3737433555916373,0.07556951518270943,0.05650127465697817,0.0675558718724739,1.6574881863410853,2.3143743507439414,0.4484849149699368,51.17836553685414,1.3818181818181818,-0.3724000779495897,5.384848484848485,-0.4647171086440133,-16.023661856769913
s659,12.266327398037966,-1.0515620236564525,0.6907024137756618,0.31756984478835987,0.3947181126811549,0.4490103925237416,0.07112888980465687,6.31263040596965,2.195612648221344,0.0,0.0,0.5691699604743083,0.0,0.0,0.18181818181818182,0.0,0.07509881422924901,0.1383399209486166,0.03557312252964427,0.0,0.0,0.0,0.37695577841218364,0.8134101883034798,0.3944577839117518,0.8636346008087438,0.48735334235012606,0.23241632809404694,0.33196493019957646,0.06302921929635273,0.11085427513958228,0.11085427513958228,0.11402945271844704,0.7469760888645957,3.700179328039306,38.37023641392078,2.0489130434782608,-0.1512972708154376,11.141304347826088,-0.22036105413933538,-18.711699386845883
s660,14.661151488176754,-0.8810406874362803,0.19939643406275998,0.6042868887086651,1.4861640395269866,0.42268524755082687,0.19812861483041733,2.133388192879724,1.7623728813559323,0.0,0.0,0.3898305084745763,0.0,0.0,0.4350282485875706,0.12994350282485875,0.0,0.0,0.04519774011299435,0.0,0.0,0.0,0.1344944383427913,-1.1457297708378833,-1.0907681261646613,-0.8605821099667654,1.3347747127365768,0.1872572879774544,0.32949045858143783,0.072326267325074,0.09314161075258864,0.09314161075258864,-0.8163521494481265,-0.15320594456011188,-0.23560343411296797,23.57735658808187,0.08874458874458875,-0.9716375774345272,0.22510822510822512,-0.7293458526443475,-21.830224609384352
s661,14.262321311317152,0.8093235839828516,-1.0773014420848634,0.7978818417370963,-0.3238769304012536,0.634692148290968,0.3470549709987827,1.8287942871539915,2.1066101694915256,0.07344632768361582,0.0,0.0,0.3898305084745763,0.0,0.4350282485875706,0.05649717514124294,0.0,0.0,0.0,0.0,0.0,0.04519774011299435,-1.1451319947993688,-1.7712161358024956,-0.8771690865043117,-1.6714469107179704,-0.7832949788067689,-0.9157886956285725,0.7637415867442265,0.14238455075638293,0.3560198962045064,0.3575678087966999,0.1285409470004082,-1.3149042474090626,-0.2606223778705103,11.71807765570553,0.0735930735930736,-0.9481250008604246,0.15800865800865802,-0.7284495580529978,-21.836928125128296
s662,8.955976345446677,1.8715880666158082,2.4772050071275,0.3004456147651303,1.8858818664446586,0.4586800833086712,0.038537045683828305,11.902315685323845,2.213913043478261,0.0,0.0,0.3333333333333333,0.0,0.0,0.18115942028985507,0.0,0.0,0.06521739130434782,0.0,0.11594202898550725,0.0,0.30434782608695654,2.0205108181985962,2.1521878664009377,1.0397245912218671,1.3875063899970648,-1.5126312015513343,0.6160033881100732,0.3906080513463466,0.0772407525716857,0.0545675820137569,0.06907288862500872,1.8843871366584792,2.58071493562066,7.797370887731295,52.512877796820305,2.24,-0.35605665494337163,11.21,-0.37248563769059195,-15.753323169361463
s663,14.080610465450363,-0.13143663856528737,-0.8184658085162676,0.5973673288413751,-0.6431287061435937,0.6158348598696305,0.20120608117942307,3.0607169339005575,2.260096153846154,0.0,0.0,0.17307692307692307,0.34615384615384615,0.0,0.34134615384615385,0.0,0.0,0.13942307692307693,0.0,0.0,0.0,0.0,-0.9246986448404356,-1.0828997368407691,-1.0968048173730747,-1.07280446772526,-0.43009977420234113,-0.8873762273146439,0.7259391679493762,0.15496582276889725,0.32658216575055765,0.21694478936027745,-0.622682552496748,-0.9467144508201446,-0.30162831259230094,21.926400473943392,0.14647887323943662,-0.8920500508444126,0.5014084507042254,-0.6900916250575941,-21.612441004673837
s664,11.052096886424204,0.288483488745675,1.534241805947668,0.40806185524533045,1.8287140844649779,0.48201502733208107,0.0891534060477447,5.406580059027084,2.027219730941704,0.0,0.0,0.2825112107623318,0.0,0.0,0.3273542600896861,0.0,0.12556053811659193,0.0,0.1031390134529148,0.0,0.0,0.16143497757847533,1.3982657077008647,0.6196540768551859,-0.14218702786451146,0.31222856662539417,1.5331666215561515,0.43323639382104634,0.42870860738005295,0.08505603395111633,0.06554423685352795,0.078181851148816,1.3303935918524252,1.4148111374908663,-0.29792952883891693,45.167134575117885,0.5068493150684932,-0.7315259278018996,1.7205479452054795,-0.6325660101763804,-17.920306593933496
s665,12.596741185560058,2.107454627957378,-0.24884312938229272,0.32383180003434525,-0.6088417443439692,0.5276379162587025,0.2208757112241967,2.388845352593483,2.5218604651162786,0.0,0.0,0.2868217054263566,0.32558139534883723,0.0,0.10852713178294573,0.0,0.0,0.0,0.0,0.27906976744186046,0.0,0.0,-0.3760534055778506,0.6407793849794785,1.0149387847524447,0.6569047774928911,-0.42546641179058703,-0.909364456185592,0.7163694977271893,0.16852685517393526,0.2931897954561711,0.18979802848290375,0.1614875732875121,-0.16788928885006374,-0.024605173799445518,31.121250389666063,2.8482142857142856,-0.1057204205170166,11.866071428571429,-0.325966993490113,-20.36353189911458
s666,11.190285744843202,-1.0702124122240049,0.6038372062439444,0.3381871330549948,0.5580190947146836,0.40996700754059406,0.10916851536569129,3.7553593741500637,2.107008547008547,0.0,0.0,0.5726495726495726,0.0,0.0,0.18803418803418803,0.0,0.23931623931623933,0.0,0.0,0.0,0.0,0.0,0.4505063909183184,1.0009665873623614,0.225180528373949,0.7099613822428548,1.6890646359000134,0.3162094844666193,0.2655140302171473,0.05710053751460012,0.12193195439739699,0.12193195439739699,0.5898936202299537,0.45839209052793517,-0.22321435820108967,38.520540768368384,2.2474747474747474,-0.005756462711786178,13.469696969696969,-0.07237569090666748,-18.960129697571716
s667,10.976144278080511,1.7905262002389255,0.4203010468481863,0.5199651297620902,1.0744385443439848,0.5878507913178945,0.1998256623963914,2.94181830435664,2.144747474747475,0.13131313131313133,0.0,0.0,0.2727272727272727,0.0,0.37373737373737376,0.0,0.0,0.0,0.0,0.0,0.0,0.2222222222222222,0.4179512226368532,-0.8185422597919108,-0.5482662114856037,-0.5168367430667498,-0.7392488615008406,-1.2913546101179931,0.7868398150661909,0.21139673640330114,0.2551173599957613,0.33711936856582747,1.253598970053592,0.30921979469759325,-0.3014976444683263,35.441029797391224,0.19164619164619165,-0.8897347306928278,0.5651105651105651,-0.6988515581733733,-18.344727106058876
s668,14.371559821418735,0.4451987953303776,-1.454596305889642,0.6462779283844647,-1.3198550594989866,0.5915377787085278,0.4585561112647551,1.2900008617854697,2.3886138613861387,0.034653465346534656,0.0,0.0,0.4900990099009901,0.01485148514851485,0.2623762376237624,0.16336633663366337,0.034653465346534656,0.0,0.0,0.0,0.0,0.0,-1.7468523093754604,-1.3087707376682918,-1.1453619672644668,-1.285140842028143,-0.7772779818554357,-0.9317074652153938,0.5436476499907048,0.0810158517634981,0.3419962250678368,0.3419962250678368,-1.4534346852317679,-1.6747713821983112,-0.29196666925676973,13.631488703706907,0.6566037735849056,-0.2581655848903298,4.369811320754717,-0.17568401713397802,-23.151836756042826
s669,14.379383196358235,-0.8506438712533041,0.1624458357060443,0.5998080447783736,1.4755718605393147,0.39568183106206845,0.20960700880260708,1.8877318717652871,1.7429545454545454,0.0,0.0,0.4318181818181818,0.0,0.0,0.42045454545454547,0.14772727272727273,0.0,0.0,0.0,0.0,0.0,0.0,0.08160482572531363,-0.48228317808509386,-0.9868477210917518,-0.8967390243543538,1.61272830002365,0.05892964067414318,0.325235797247062,0.06924818744776814,0.10085100193050822,0.10085100193050822,-0.5671326900959645,-0.20455946912761783,-0.2498748866130368,22.862235048753167,0.1373873873873874,-0.9165266869087486,0.41216216216216217,-0.7063823543691584,-21.688248365145036
s670,11.402041424890344,1.4049503196283626,1.644025192026501,0.25118145247004003,0.9216990005274249,0.4671208971588088,0.08928083027907746,5.2320402453546215,2.369515570934256,0.0,0.0,0.42214532871972316,0.0,0.0,0.09688581314878893,0.0,0.0,0.0,0.0,0.24567474048442905,0.23529411764705882,0.0,1.6245873450871642,1.261927684764521,2.677833223292746,1.9634806308180852,1.9648100655567178,1.33393930235089,0.2771359975678484,0.0762174895679396,0.07015994703870833,0.07629042784791584,0.9828938954691905,1.6931355660583438,-0.24325507420773426,45.232075413419906,6.589285714285714,0.23284816866347072,32.3125,-0.07236578205755059,-17.659575169513158
s671,11.882871409264649,-1.2763183533777454,-0.4760793436070627,0.3339753896211181,-0.3825829652004854,0.47064554477001336,0.17009220571798234,2.7670024195603466,2.308986175115207,0.3087557603686636,0.0,0.3686635944700461,0.17050691244239632,0.0,0.15207373271889402,0.0,0.0,0.0,0.0,0.0,0.0,0.0,-0.42992394338955103,0.028455642806510462,0.0293170413362386,0.5774959406533556,-0.7670307666478728,-0.2831190742202605,0.5324545693773505,0.15157909927711516,0.099785378324723,0.12510268620361556,0.11913322401339796,-0.3899794217980762,-0.1418811153662471,30.22738286391451,2.224242424242424,0.05888474312381782,18.8,0.2674177749859133,-19.252715316542275
s672,11.579296149318528,3.402041857630965,-0.5131274541635829,0.329032402182796,-0.9442195877366737,0.6102514496035546,0.32654035397844733,1.8688393093486788,2.738576779026217,0.0,0.0,0.0,0.5580524344569289,0.0,0.10486891385767791,0.0,0.0,0.0,0.0,0.2696629213483146,0.0,0.06741573033707865,-0.5202232848740939,0.1726498339591959,0.5341302805561552,0.7769230267254272,-0.04322599932718412,-0.6449021463307496,0.48640411981537673,0.10089819920619043,0.3130309160930582,0.3130309160930582,0.4994021611542049,-0.18201583312742226,-0.2036926191803433,31.092508097193107,5.517857142857143,0.8900100709111286,33.19642857142857,0.5047997010914154,-20.102466729184307
s673,13.899215831859202,-0.19031373935828935,0.4889273492901728,0.5138084542143788,1.0540249139173057,0.48962929482653705,0.047662161327894415,10.272914219271465,1.9317821782178217,0.0,0.0,0.40594059405940597,0.0,0.0,0.3910891089108911,0.0,0.0,0.10396039603960396,0.0,0.0,0.09900990099009901,0.0,0.20441098616031692,0.011875678864610845,-0.7720886190253515,-0.3787775666691042,-1.265917445309595,0.2954816197765765,0.33845130591015166,0.07134528060735051,0.09760845609947727,0.09760845609947727,-0.21883057255105082,0.14386813998596004,-0.2930387644853253,32.79495002813631,0.06329113924050633,-1.0150717617801637,0.1291139240506329,-0.7445112141520296,-20.452246735534285
s674,12.635459337998448,1.209081796781111,0.6987998569813678,0.45304133217230336,1.0871509654653146,0.46813298402433606,0.10710713592691652,4.370698366388603,2.0430143540669854,0.0,0.0,0.3827751196172249,0.06698564593301436,0.0,0.3062200956937799,0.0,0.0,0.0,0.0,0.1674641148325359,0.0,0.07655502392344497,0.5006578064858132,-0.45212487475928304,-0.4406046339817905,-0.07856639355710186,-0.1479766560440409,2.2573666455738484,0.694943403574987,0.11739107544741526,0.03603276468898291,0.0930341876018448,0.5724175610687436,0.43679283520000145,0.18143294950359257,37.601679275168806,0.315625,-0.8392315896852334,1.915625,-0.6029862262656721,-19.618627412242912
s675,11.59053466517055,1.139004834610214,1.2271367416878705,0.39932748201879364,1.5472467913622547,0.4415073571992621,0.048521837677979095,9.099147483435763,2.0335454545454543,0.07727272727272727,0.0,0.38636363636363635,0.0,0.0,0.2772727272727273,0.0,0.0,0.0,0.0,0.10454545454545454,0.0,0.15454545454545454,1.1127025384376537,1.0922675282930485,-0.20522560816624671,0.5267397189376914,0.9360505122770771,0.48383162467162416,0.37939211223546543,0.0837564906145255,0.09306543900946887,0.09367973233626405,1.793995695032136,1.1807575930040008,-0.20867906067545466,43.124402733789914,0.3836065573770492,-0.8428599678503831,0.9901639344262295,-0.6933936918396375,-18.198358043070712
s676,13.352143890424285,-0.2540795848429559,0.08420113789993987,0.479780943394291,0.3498091670729603,0.4973727180277701,0.2797794609602308,1.7777313471143938,2.1307075471698114,0.0,0.0,0.4056603773584906,0.0,0.12264150943396226,0.30660377358490565,0.0330188679245283,0.07075471698113207,0.0,0.0,0.06132075471698113,0.0,0.0,0.024737565442052294,-0.399430497643851,-0.5666382629224125,-0.391059061484371,-1.1410850659071536,0.11422422765331623,0.31864408169007896,0.06953095174569103,0.09891897838233309,0.09922428387116744,-0.5740746044185673,-0.14990387818333786,-0.2923492577072101,30.14563163049323,0.18769230769230769,-0.9138711805408746,0.46153846153846156,-0.7150948437769286,-20.309551447960388
s677,10.216706008691247,-1.092741252013396,1.2325554160224155,0.2723307024430212,0.8585299700544683,0.4503435180990617,0.19511873719802048,2.308048548110584,2.297,0.0,0.0,0.36538461538461536,0.0,0.0,0.11923076923076924,0.2,0.0,0.0,0.25,0.06538461538461539,0.0,0.0,0.901474483890436,1.9691014958040944,1.3115797374158435,1.846562203144012,1.8400134916263062,0.9195089606224884,0.3270106579387297,0.08248239227956618,0.07847772244884751,0.08042345110460407,0.553291467735002,1.4742592385066529,-0.293401457500391,43.53558081470517,6.967741935483871,0.767883219237536,39.74193548387097,0.36491709573867426,-17.080281160469724
s678,12.781646275039128,-0.9059312760844893,-0.014535113259126937,0.3548022832517615,0.07936030509285502,0.4116561996971848,0.0799817690751118,5.146875399950128,2.133393665158371,0.19909502262443438,0.0,0.5475113122171946,0.0,0.0,0.17194570135746606,0.04072398190045249,0.0,0.04072398190045249,0.0,0.0,0.0,0.0,0.08055025646152698,1.319874265782315,0.17357508118624074,0.8058077502840256,0.9109582739247215,0.056437140915764995,0.27446179367879386,0.057358928503964283,0.11910896902756705,0.11910896902756705,-0.31524382291988856,0.10442939148704132,-0.28539817921542887,32.483289715081284,0.9052631578947369,-0.619547889973696,5.9,-0.4388525866705354,-19.969750634151847
s679,14.037133971473164,-0.0022263217867987215,0.25527133546935765,0.4192482273063579,0.5696579191587345,0.409421365279082,0.09651997163240054,4.241830559569336,2.0334597156398106,0.07582938388625593,0.0,0.5260663507109005,0.0,0.0,0.23696682464454977,0.05687203791469194,0.0,0.0,0.0,0.10426540284360189,0.0,0.0,0.1602554514087247,0.7292263338481331,-0.04917064335057677,0.14113289476141586,1.1227574279034176,0.12929000890720743,0.2986656620162055,0.06510759777140085,0.11306435549313366,0.11306435549313366,-0.0849254932169424,0.10060293074537095,-0.19601356717827537,33.25297760420791,0.192,-0.9541089967988103,0.476,-0.7253740670237095,-20.75675552323975
s680,11.986956535859889,1.3053385240810074,1.150045114037285,0.352590923706959,1.0802215269570046,0.4312891132034532,0.061526117041139465,7.009854252870721,2.1294117647058823,0.0,0.0,0.4957983193277311,0.0,0.0,0.20168067226890757,0.0,0.0,0.0,0.0,0.2184873949579832,0.0,0.08403361344537816,0.9504721799586195,0.6237335876764027,0.47947518853661686,0.8236196947764782,-1.4494470651487945,0.5322849366178968,0.3044911737690977,0.0761658121896121,0.11144264832332518,0.11144264832332518,1.3498551501492362,1.0821874378932224,0.4426977245336111,42.616679642936,0.8981481481481481,-0.6701119381602497,3.759259259259259,-0.5758034739621826,-18.44365265503332
s681,12.084474896701817,0.7299368834820347,0.7948714985341946,0.2332619277690577,0.017432112193056935,0.6142449136384415,0.20724779184918812,2.96381885740631,2.7743973941368076,0.0,0.0,0.0,0.3745928338762215,0.0,0.08469055374592833,0.0,0.0,0.0,0.250814332247557,0.24104234527687296,0.0,0.048859934853420196,1.1913395876045139,0.4344097279585122,1.6801736180542932,1.280778360632502,-0.010061573842712467,-0.7227975140969566,0.6352056317889385,0.18271635765603533,0.2182607129363457,0.24944081478439512,1.6477902058229812,1.075739707378082,-0.2768376271948074,38.7398791213096,11.01923076923077,1.1932890871327093,60.91346153846154,0.5810069160695003,-19.08965101407623
s682,15.466051414277501,-0.2442039269565206,0.2194868677433167,0.35418356140290835,-0.03655375589949478,0.48001087758001243,0.10919472379640305,4.395916404120474,2.2532113821138213,0.0,0.0,0.5040650406504065,0.09349593495934959,0.0,0.1910569105691057,0.0,0.0,0.15853658536585366,0.0,0.052845528455284556,0.0,0.0,0.6873238673831299,0.43822926959596736,0.027211086870667315,0.39300461492227423,-0.3125351111884352,0.22777348861995642,0.8497922198944263,0.202463979430304,0.10944540098338826,0.14035781725346935,0.09173643149672486,0.2479085130009891,-0.2995180932066685,34.156865585181066,1.0,-0.5477609229431395,3.6893617021276595,-0.5493441713350701,-21.3270100378274
s683,11.35244979291709,0.19996938470019868,-1.3133348731408716,0.3327640609536819,-1.6747200163821214,0.590004176525768,0.43940345776702244,1.3427390387960854,2.7355642023346305,0.0,0.0,0.0,0.6108949416342413,0.0,0.08171206225680934,0.19844357976653695,0.0,0.10894941634241245,0.0,0.0,0.0,0.0,-1.5217417301171616,-0.49533725243180615,0.48209915958387234,0.1478253046115178,-0.1751345401741393,-0.962659185386246,0.4835728357474635,0.06916169159776181,0.33964032043754405,0.33964032043754405,-0.6649837931059531,-1.0473705176787487,-0.24265353575804005,23.232383936478023,11.476190476190476,3.138199276895304,119.48809523809524,3.923441224216368,-21.34055790648813
s684,14.011041364070907,0.5327700971506988,-1.4106034277122408,0.7174094400203258,-1.3601555983295208,0.7132981401443982,0.2651063477244756,2.6906113198229686,2.4317391304347824,0.0,0.0,0.0,0.45893719806763283,0.06280193236714976,0.3526570048309179,0.0,0.0,0.12560386473429952,0.0,0.0,0.0,0.0,-1.6202835807636133,-1.1889657794518456,-1.4617384957501462,-1.461773458596415,-0.32970861947958024,-0.8908097224648932,0.5670204740063195,0.0885809040282355,0.35882407573231834,0.35882407573231834,-1.6460737368426268,-1.499407380103563,-0.2695044316726311,13.793606926922589,0.09863013698630137,-0.9168473923678525,0.30684931506849317,-0.7045563078462292,-22.28765611405496
s685,16.030234577843302,0.14947264800076368,-0.2870912585363586,0.30060764243645416,-0.86637937877019,0.6723102963879648,0.20556266016956978,3.2705856979734174,2.779513888888889,0.0,0.0,0.0,0.4583333333333333,0.0625,0.15625,0.0,0.0,0.1909722222222222,0.0,0.0,0.13194444444444445,0.0,-0.035350654650625805,-0.28403539290932817,0.2848753855945719,-0.37893630468700096,-0.2598475486011656,-1.2087334011883255,0.6738836445645943,0.13965168076225584,0.38308982038964895,0.38308982038964895,3.2934068229667055,0.13633147078887337,-0.0023035681425006647,30.683118133236682,3.738888888888889,0.7810621585288379,24.616666666666667,0.5475530174055351,-22.20524684044785
s686,14.62896892305781,-0.8775747850843377,0.4156238353593612,0.45914178252614857,0.6931406886709003,0.4754498553299885,0.1020776477833359,4.6577273835614905,2.026556603773585,0.0,0.0,0.4339622641509434,0.0,0.0,0.32075471698113206,0.018867924528301886,0.04716981132075472,0.08018867924528301,0.09905660377358491,0.0,0.0,0.0,0.31605490953814014,-0.08535879441029567,-0.6743234979222089,-0.1451053991427717,-1.2170128655392092,0.5769011639043842,0.28952631758009917,0.07046247421281772,0.10858238816901859,0.10858238816901859,-0.16857288710618082,0.15702703773278845,-0.2693899679076687,34.60875691902786,0.29411764705882354,-0.8292284536068015,1.0529411764705883,-0.6629754072413827,-20.928620146603404
s687,13.878614624954448,1.2651197968440588,-1.3919490839979416,0.6545175548318412,-1.2713736675917642,0.606489998970002,0.4475513109346196,1.3551295329768365,2.3906372549019608,0.0,0.0,0.0,0.5098039215686274,0.0,0.27450980392156865,0.11764705882352941,0.04411764705882353,0.0,0.0,0.05392156862745098,0.0,0.0,-1.6405105102009476,-1.3858510372009039,-1.2457377141973722,-1.4007796347191426,-0.0785766988968831,-0.9871582863180213,0.6090697764319646,0.09065545485677648,0.35161792178418594,0.35161792178418594,-1.2445664465214321,-1.622129774262552,-0.28122244036604055,14.59923474258745,0.8178571428571428,-0.036913846196870194,4.764285714285714,-0.11095307466795068,-22.668435712035055
s688,10.38273298670409,-1.863234499759371,0.16842084137239932,0.20906054497608625,-0.4148706080231058,0.6121910446532595,0.21543221165097903,2.8416876007617096,2.7656842105263157,0.13333333333333333,0.0,0.0,0.3824561403508772,0.0,0.08771929824561403,0.0,0.10526315789473684,0.02456140350877193,0.26666666666666666,0.0,0.0,0.0,0.36081792926119216,-0.026518103782997567,1.9292651209150575,0.20715417603146893,-0.7321244035779864,-1.143556478756705,0.7392154874941849,0.20316931734143218,0.1929020746406175,0.2679195481119688,1.5837114903443152,0.5375018445042266,0.009819985626788229,36.28791990558145,12.44,1.997341294991213,94.9,1.7440091175694818,-17.91243182954496
s689,13.508921524288787,-0.2110735464299118,0.2176810003819091,0.504174796746925,1.0193301944731108,0.43302930472416273,0.05772852866035696,7.501131845432437,1.9185714285714288,0.15873015873015872,0.0,0.42857142857142855,0.0,0.0,0.3439153439153439,0.0,0.0,0.0,0.0,0.021164021164021163,0.0,0.047619047619047616,0.3863988862856554,-0.09192837341203416,-0.7414684542734552,-0.36727530667160474,0.9365449284051887,0.12113344801034212,0.35412874271482264,0.06959493617020576,0.10668427765189979,0.10668427765189979,-0.4472380004113263,-0.08248797002775464,-0.21490076316214368,29.107313277840507,0.017948717948717947,-1.062463089108144,0.010256410256410256,-0.7575102904542482,-20.229249867546038
s690,11.812564687119764,-1.0495567082944088,0.15654096763371778,0.283313949493117,-0.21029340760641724,0.4790389919094245,0.41512855260958614,1.1539533691385084,2.4910424710424715,0.0,0.0,0.3667953667953668,0.0,0.2471042471042471,0.0888030888030888,0.2972972972972973,0.0,0.0,0.0,0.0,0.0,0.0,0.009071514601626368,1.5863918387578027,0.633830650964161,1.3574705045320874,1.9897913106886904,0.4747979953902671,0.33709339941135474,0.0796675633670754,0.09940352778976705,0.10049587424899528,0.2885078095857589,0.6824075295139729,2.616324242815533,37.494878541631564,8.467391304347826,1.0469661312159781,68.3586956521739,1.0718472657019533,-19.269718439117728
s691,11.82275534254819,1.6579019780983926,1.1711720899725093,0.34783152029789777,0.7617182327975458,0.610894689594486,0.17393886414449866,3.5121230243690045,2.464866920152091,0.0,0.0,0.0,0.35361216730038025,0.0,0.23193916349809887,0.0,0.0,0.1482889733840304,0.0,0.0,0.0,0.2661596958174905,0.8984611104008664,-0.14338563530527654,0.42511388649315957,0.22553178938665658,-0.35221691366423996,-0.9118060883418214,0.8299029617383644,0.213983510659577,0.262757448413326,0.3304784402724306,2.6903836181393355,1.6982986632304824,-0.2652725855262581,45.673663334098045,1.8237704918032787,-0.1273335558403927,8.008196721311476,-0.3127359817601617,-18.394422127079306
s692,11.268538615613375,0.6392242620900264,1.0680487467071862,0.43476406030964126,1.761381721147885,0.44531078571844956,0.046837255248907916,9.50761916666397,1.9642574257425742,0.16831683168316833,0.0,0.32673267326732675,0.0,0.0,0.32673267326732675,0.0,0.0,0.0,0.0,0.0,0.0,0.1782178217821782,0.6662114043607668,0.5749784103639394,-0.3510896410364346,0.3101627171387119,1.058402733098357,0.0877675473223027,0.39833122521481246,0.08219106669822875,0.07855074157981945,0.08416150883552083,1.3466353494518786,0.8826787229253545,0.10426182270514756,41.306093120650964,0.11515151515151516,-0.9931589672432686,0.22727272727272727,-0.7403569071968992,-18.11967055159425
s693,12.176119104351576,-0.32946321687072394,0.6292922116920627,0.45223039903914214,0.8987255980754756,0.5048596379009456,0.14872576471344004,3.394567436743006,2.0853738317757013,0.0,0.0,0.308411214953271,0.0,0.0,0.3177570093457944,0.0514018691588785,0.0,0.0,0.22897196261682243,0.09345794392523364,0.0,0.0,0.530365480581831,0.4344908015875417,-0.4411400755715831,-0.22072804126020154,-1.5900738421200196,0.6612073415093344,0.3388657612233115,0.08381467366610876,0.07997506016793487,0.08366621679107034,0.724019004970345,0.5076664209941185,-0.2807980154354607,36.67818543921529,0.4823529411764706,-0.6924064098861014,2.1852941176470586,-0.5715117052576469,-18.9717871428607
s694,11.54535457910931,2.4984433808578084,-1.3025920072705535,0.7049872991172327,-1.103952294287141,0.6561478705462365,0.39210616882551885,1.6733933886110628,2.3689,0.01,0.0,0.0,0.5,0.0,0.33,0.0,0.0,0.0,0.0,0.16,0.0,0.0,-1.591325053032699,-1.5210066759891967,-1.3114592126463498,-1.5061095818158163,-0.39071025427301054,-1.00997563275076,0.632189465210548,0.10309983655252714,0.3641560436474118,0.3641560436474118,-1.2722266161156688,-1.5163334869458143,-0.30064251544833365,15.714433239507853,0.49696969696969695,-0.34517276766621136,2.4272727272727272,-0.3761002086451918,-21.17746495604092
s695,15.521342324333181,0.20031190164065843,-1.2886202557028357,0.48997681767343687,-1.6442156503058263,0.7226821660052843,0.2802512718010968,2.5786936179122666,2.786972111553785,0.0,0.0,0.0,0.32669322709163345,0.28286852589641437,0.23107569721115537,0.0,0.09163346613545817,0.06772908366533864,0.0,0.0,0.0,0.0,-1.5628404475905524,-1.1704691275560968,-0.51306340685304,-0.8873916045011243,-0.30748576337631356,-0.8007900725068107,0.6647585512934531,0.13967623063246015,0.34360008929420827,0.34360008929420827,-1.4029827305368496,-0.9918261110390677,-0.2905551263059733,18.66401130041987,1.5301724137931034,0.49509806250854277,7.655172413793103,0.08136640629672903,-22.62578130233349
s696,11.736317782786712,1.164169431238003,-1.107075730585861,0.5608171315524593,-1.0139443402893042,0.5723882925624515,0.4300430857857748,1.3310021983415534,2.3980952380952383,0.0,0.0,0.0,0.4714285714285714,0.0,0.23333333333333334,0.20952380952380953,0.0,0.0,0.0,0.03333333333333333,0.05238095238095238,0.0,-1.214646687135153,-0.8845790462005014,-0.9069245891624111,-0.8244696985735417,0.10847761009023138,-0.7837337980309658,0.7392524028759093,0.11637465739625621,0.36239478387560575,0.3638800083996861,-0.08228697278301325,-1.1659183487693416,-0.3005682548703451,23.044898643117612,0.6122448979591837,-0.4862595749117384,1.9306122448979592,-0.5590648260352125,-21.10358706695218
s697,14.206516642503404,0.7120221272275215,0.5418669163287543,0.4815784946184393,1.0681621873271985,0.4502285636852182,0.07815377431015853,5.760803846765682,1.962941176470588,0.0,0.0,0.45098039215686275,0.0,0.0,0.3333333333333333,0.0,0.0,0.0,0.0,0.1568627450980392,0.058823529411764705,0.0,0.283687378206804,-0.4011519906584201,-0.5458861818000988,-0.2431175091880319,-1.5065170904229133,0.30347484153866167,0.2925020522468542,0.06845321206686257,0.10304016166648512,0.10304016166648512,-0.4273662886203029,0.25611958843682014,-0.2373116418998542,34.31083315822721,0.28823529411764703,-0.8320229535859879,1.1058823529411765,-0.6572639418970275,-20.80079623838923
s698,15.89137938535917,0.6208271235201881,-1.1782167209457104,0.6050875748975715,-1.1877923212531207,0.6972841818170986,0.2547206938285951,2.7374461467442073,2.5192093023255815,0.08372093023255814,0.0,0.0,0.3488372093023256,0.15813953488372093,0.3116279069767442,0.0,0.0,0.06511627906976744,0.0,0.0,0.0,0.03255813953488372,-1.2245924476834764,-1.1259041650247594,-0.779057095667461,-1.1931301339409468,-0.6417711709042564,-0.8398258569825435,0.7163039766185958,0.14438851625663562,0.33286370309112767,0.33587150763713186,-0.6480928821457046,-1.1435265626600806,-0.00030225688729481313,20.279139646685547,0.4298507462686567,-0.5081633515092716,1.662686567164179,-0.5228813927098219,-22.843820502701096
s699,10.665540631502422,0.5765017133009103,1.4244303140797836,0.3141591529955927,0.9740685609933681,0.4806059907299403,0.09593207967488562,5.009856894155916,2.256022304832714,0.0,0.0,0.4349442379182156,0.0,0.04460966542750929,0.19330855018587362,0.0,0.0,0.137546468401487,0.0,0.04460966542750929,0.0,0.1449814126394052,1.1764717936443772,0.8922673451578392,0.3432402562499842,0.8620497910697088,0.8686799482545229,0.383304571452011,0.4815617561828538,0.07843954750201122,0.09508623120686008,0.09600939850013054,1.4507212282416462,1.4594743348059271,-0.011396319733418706,43.656972304954245,1.4278846153846154,-0.4883434137272326,5.7548076923076925,-0.5044794996111731,-17.100212536864447
s700,10.9051448935552,-0.3485929510451038,1.48164038169159,0.2344396907113055,0.7255594605379979,0.49974831839129624,0.19115405139473285,2.6143747137188145,2.4515488215488217,0.0,0.0,0.3501683501683502,0.0,0.08754208754208755,0.1111111111111111,0.0,0.2255892255892256,0.0,0.0,0.0,0.2255892255892256,0.0,1.612623103621697,0.8991067672776711,1.419349181429858,1.3509369733656078,1.4438972669056032,0.9959356512359577,0.3760047351043486,0.08787782917926824,0.10539295804878268,0.10539295804878268,0.643709990610379,1.4602517524469663,1.8155891364369419,41.634831902659634,6.545454545454546,0.461487457107309,34.57575757575758,0.10937821304316403,-17.68315556313765
s701,12.149105963680729,0.3734820962070817,0.8844531210937298,0.22940454634596016,0.1934314108689293,0.5673023613211771,0.2531129537720489,2.2413011774659473,2.657731958762887,0.0,0.0,0.0,0.35051546391752575,0.0,0.08247422680412371,0.10309278350515463,0.15463917525773196,0.0,0.0,0.0,0.30927835051546393,0.0,0.7277933932000853,1.3386029564906607,1.2675563753163346,2.4285160860738952,-0.15720458429421796,-2.109656213113065,0.8035749715731342,0.1836832516171994,0.23072555938753536,0.27071798968137484,3.0144133098857107,1.1502897475713765,-0.13098511966469154,41.59723319565765,11.977272727272727,1.280273441519394,82.5,0.9744789706780728,-19.03295584190279
s702,11.383401796150636,-1.3612131839264978,0.4826075101095514,0.34562020734139953,0.5243987142896612,0.46114152880100223,0.11179982516388541,4.1247070657313,2.183478260869565,0.15217391304347827,0.0,0.41739130434782606,0.0,0.0,0.20869565217391303,0.0,0.0782608695652174,0.0,0.14347826086956522,0.0,0.0,0.0,0.6728027881321217,0.2292583364885748,0.6444334759939028,0.26213875052181557,1.114982867454114,0.5445800825338962,0.3952910285175337,0.07484494662149725,0.10174319963194517,0.10216890339609556,0.1086547363393606,0.5021708571245055,-0.28835146944018153,36.96187650341635,1.9291666666666667,-0.02762289913372863,11.541666666666666,-0.08752938284709531,-18.379396451732774
s703,11.215476601041976,0.42327084569348866,-1.368136092976692,0.41141875325236416,-1.6508831296501167,0.5860654961226446,0.46023447840780035,1.2734063257280543,2.7151020408163267,0.0,0.0,0.0,0.4122448979591837,0.17959183673469387,0.11020408163265306,0.2979591836734694,0.0,0.0,0.0,0.0,0.0,0.0,-1.0511220582583802,-0.9527375294295098,-0.3523407458643555,-0.31438068848562384,-0.010464515130202053,-0.4100474617027753,0.6824372098375856,0.13129629179117216,0.3180740087532203,0.32044769538570694,0.882568380438172,-0.9724965199154256,-0.20894988449040605,22.86942424903249,6.207407407407407,2.066508361766982,56.49629629629629,2.294281089193416,-20.910485724898535
s704,14.610413290432263,0.470732162691379,0.33238876105414683,0.4383306113650372,0.6600706792867284,0.4261380107098854,0.0713132427996431,5.975580326744279,2.024644549763033,0.04739336492890995,0.0,0.5260663507109005,0.0,0.0,0.26540284360189575,0.0,0.0,0.0,0.0,0.16113744075829384,0.0,0.0,0.22742993938603184,0.1439475694452938,-0.04902214475236549,-0.06539743881917208,1.0943002496434735,0.18952643836159688,0.2838192830614954,0.06456611451616001,0.11032571434897591,0.11032571434897591,-0.4561929218140223,0.08992575867290416,-0.2937042058055763,33.059548947346386,0.23214285714285715,-0.9128148172469706,0.6392857142857142,-0.7095736127223856,-21.016140445158687
s705,12.481814604665692,-0.4450112573975823,0.5500972861688032,0.4811730857643522,1.321224059740498,0.405817640140369,0.1819163401200271,2.230792681254545,1.8945685279187818,0.0,0.0,0.4010152284263959,0.0,0.0,0.3248730964467005,0.18781725888324874,0.0,0.0,0.0,0.0,0.08629441624365482,0.0,0.8345415461495937,-0.24577354221975337,-0.6012646387313891,-0.25862524138819326,1.545498726966442,0.49476117249962775,0.29211468556799997,0.07256005238996775,0.0862128595747737,0.08666423580291387,-0.22183734228113144,0.21137825409840474,-0.22454674655817558,34.06478594398931,0.3619791666666667,-0.7771332285245601,1.6041666666666667,-0.6156234256621935,-19.980673471190716
s706,13.909266176310913,0.6671993871151343,-1.0484770685830165,0.5214025188004624,-1.1358142128277957,0.6307306837238301,0.2633660313236346,2.3948824400545536,2.4761085972850676,0.0,0.0,0.08144796380090498,0.4751131221719457,0.0,0.25339366515837103,0.0,0.03619909502262444,0.09954751131221719,0.0,0.05429864253393665,0.0,0.0,-0.9870399967886431,-0.7146411838614897,-0.8248990689337162,-0.9896904328158337,-0.3537513498027239,-0.847087867838346,0.7104890109991233,0.10604012284726663,0.3607122122541288,0.24619296561065648,0.3783053347381001,-1.080281290122823,-0.23857539710885198,22.422540700333325,0.6607142857142857,-0.399021198110131,2.232142857142857,-0.5134059233045162,-22.050536815593404
s707,14.559704483299083,0.7843664714945285,0.31520485067444465,0.42403455318243,0.41667336846957365,0.46068938254185654,0.19738376774968192,2.333978056017724,2.1405381165919284,0.0,0.0,0.48878923766816146,0.0,0.06278026905829596,0.24663677130044842,0.013452914798206279,0.0,0.0,0.0,0.18834080717488788,0.0,0.0,0.4121076586744818,-0.13943021865834015,-0.03022916027780962,-0.03160382466237074,-1.5081985027422646,0.39384867055250905,0.3816652100712689,0.06977886380119644,0.11953770906089352,0.11953770906089352,-0.4415755238863127,0.14130179576460294,-0.2781967647577336,34.010302291086084,0.5927272727272728,-0.6821322733384388,3.0545454545454547,-0.5401503619863816,-20.9556632848631
s708,14.811913008006734,-0.12571399665145166,0.20056907606013566,0.44882046500111283,0.12368623374920588,0.5742271092828672,0.22874776223084783,2.510307002275145,2.2735042735042734,0.0,0.0,0.3333333333333333,0.0,0.15384615384615385,0.3076923076923077,0.0,0.0,0.11965811965811966,0.0,0.0,0.08547008547008547,0.0,0.10537069838701571,-0.3875972667539737,-0.10275589524235966,-0.44854656027932543,-1.3388522884422167,0.06940684101575728,0.30702855642465937,0.0730993573179053,0.09284399979267591,0.09342067059884158,-0.1302477747447921,0.10358572393049932,-0.14306307025235088,32.530636343932315,0.2006172839506173,-0.9069943543399401,0.5493827160493827,-0.7081479399150502,-20.985488186910523
s709,15.297094057970254,-0.062137550159137744,0.23853902643572605,0.30210277336588,-0.1909105218574517,0.4914570565994173,0.13050751422455525,3.765737624530961,2.3725095057034222,0.0,0.0,0.4752851711026616,0.1482889733840304,0.0,0.13688212927756654,0.0,0.0,0.1520912547528517,0.0,0.08745247148288973,0.0,0.0,0.13545672180647472,-0.37528702363987404,0.7464159923020336,0.2706567477440137,-0.44257823287970033,-1.0157862507070516,0.6926786313427241,0.2119277803145235,0.20489880124460289,0.17640836692346085,-0.2672835878013525,0.058346061712011926,-0.2822620190350849,32.7944410906794,3.0069444444444446,0.060812233172397784,16.17361111111111,-0.10455813699445742,-21.15794840593145
s710,13.250386411789622,-0.07411403418642801,-0.9893983378865241,0.639963052930732,-0.5459866777945277,0.5375153733946461,0.40562240359901475,1.3251619452608354,2.186282722513089,0.0,0.0,0.09947643979057591,0.3769633507853403,0.0,0.3089005235602094,0.21465968586387435,0.0,0.0,0.0,0.0,0.0,0.0,-0.8022228028866112,-1.171233256324302,-1.2240754773718914,-1.2181483255743044,-0.17062978193858555,-0.7861957554048565,0.6746661384998367,0.16459953891544366,0.2713640606649785,0.18099528019676756,-0.6325823793576955,-1.1014462425842897,-0.2967902553172088,16.778276359091063,0.4406779661016949,-0.537868537253843,1.0564971751412429,-0.6200772347053131,-21.44561556804213
s711,12.767906720354084,0.9315450645192087,-1.4483832379957378,0.5742497871271114,-1.3903817588186265,0.6069867512263816,0.38740308780535826,1.566809275230527,2.475095238095238,0.11428571428571428,0.0,0.0,0.5190476190476191,0.0,0.23333333333333334,0.07142857142857142,0.0,0.0,0.0,0.06190476190476191,0.0,0.0,-1.624811282276009,-1.2086994774621702,-0.914067680463145,-1.196835239646411,-0.7062588503708978,-1.0135645275276566,0.6554467338023259,0.08545255613760311,0.3616723142032227,0.3616723142032227,-1.1651270385820347,-1.6220916870410873,-0.12288070147169584,16.369929286071216,1.2816326530612245,0.34256637858023226,8.902040816326531,0.29463106702014225,-21.584870307088842
s712,10.36656369026571,0.8064090120195895,1.5391879617571531,0.29872294509578073,1.0677851473618287,0.48568932041232943,0.08456147743992656,5.7436238712523515,2.2756716417910448,0.0,0.0,0.3619402985074627,0.0,0.0,0.1791044776119403,0.0,0.04477611940298507,0.033582089552238806,0.0,0.11567164179104478,0.26492537313432835,0.0,1.246776756790901,0.7027569320368141,0.7476781886049163,0.8885623174378288,-1.3283072558370763,0.9205910861032655,0.4212225157253365,0.08475713056957969,0.07560171829995031,0.0776231546181308,1.0878214538139332,1.4586092873574468,-0.29784391061993315,44.40684812493915,2.8125,-0.023711319721999455,12.244791666666666,-0.26842610318695936,-17.01606937532507
s713,13.907726539172744,-0.663533519399855,0.2239697242262276,0.48379173861258085,0.5721182642877063,0.4507134500098201,0.051973027436241666,8.672064573547049,1.9697584541062803,0.0,0.0,0.5217391304347826,0.0,0.0,0.3285024154589372,0.0,0.033816425120772944,0.11594202898550725,0.0,0.0,0.0,0.0,0.06505134775075928,-0.2839799863320775,-0.6556813919654649,-0.24054976016201068,-1.3471665948005347,0.1957190412415147,0.27308753412051784,0.06210568867071427,0.11363908771827401,0.11363908771827401,-0.4563151665360503,-0.08677772548152655,-0.29691933292250017,31.359171862459966,0.11764705882352941,-0.9721828531155192,0.6352941176470588,-0.6966840904873755,-20.696772604693734
s714,9.878746674623725,2.087445578311402,2.0942303782898333,0.3496638129183832,1.9494633123331044,0.4505423346162861,0.048317720996303264,9.324577511649538,2.1151851851851853,0.0,0.0,0.3333333333333333,0.0,0.0,0.2345679012345679,0.0,0.0,0.0,0.0,0.1728395061728395,0.0,0.25925925925925924,1.5684389408048898,1.6932781376045398,0.34253317327328225,1.0073044045329993,-1.465923205376403,0.3884534602571227,0.3942759944066729,0.08432350188954968,0.06217726470342207,0.07278570797035663,2.568688680489691,2.3500417564213527,0.10744637618080417,50.26594617787232,0.8987854251012146,-0.6793067027911295,3.174089068825911,-0.6078225120143571,-16.67903695847065
s715,12.454005780813906,-0.37783238753470844,0.5540255505987236,0.38729001287591264,0.5983768046061028,0.4657440348281677,0.05628055062764709,8.27539939880007,2.1139035087719296,0.07456140350877193,0.0,0.4649122807017544,0.0,0.0,0.2543859649122807,0.0,0.0,0.10964912280701754,0.0,0.0,0.09649122807017543,0.0,0.7018955075898575,0.8135616788043377,-0.003113293034695154,0.3921742030606632,0.8664173348845191,0.6827373119480546,0.34716872474207217,0.06874920169716764,0.10763190696929237,0.10763190696929237,6.979484050261738e-05,0.537354073620134,-0.28677985487952473,37.83990249381362,0.4413793103448276,-0.7910707292231696,1.1206896551724137,-0.6804381151877148,-19.039793089556866
s716,10.595724872248626,0.9224028827104167,1.5106534216382104,0.4406794814090568,2.1538339893755145,0.45300420321633306,0.05294016657800737,8.556909290204652,1.925885167464115,0.03827751196172249,0.0,0.3014354066985646,0.0,0.0,0.3588516746411483,0.0,0.0861244019138756,0.0,0.0,0.0,0.0,0.215311004784689,1.1264190621359675,0.6364377423253108,-0.09308234285148259,0.32277675453968985,-1.4241192848159065,0.13056444263564318,0.4216336400729667,0.08534818680462324,0.08025577519441172,0.08723453825479535,1.0312992702758144,1.1980500569077146,-0.2910667131494263,43.95128943742679,0.27466666666666667,-0.8719306817797707,0.768,-0.6966339972547893,-17.752929317692864
s717,13.5266861184582,-0.8302519210297442,0.06493009388313589,0.28153775839761597,-0.4157356960968272,0.5125583980829677,0.16899236776177673,3.0330269045375187,2.451029411764706,0.0,0.0,0.40808823529411764,0.22426470588235295,0.0,0.1213235294117647,0.04411764705882353,0.0,0.20220588235294118,0.0,0.0,0.0,0.0,0.09911663896766548,0.7618555241865138,0.71926435657766,0.7821821538955301,-0.26758633755506167,-1.2100974459695695,0.6662152621379995,0.19978368460106563,0.19200474415296753,0.16362858366917252,-0.0038966031808601817,0.2641569051464642,-0.20385652435132615,34.02964584444737,3.7954545454545454,0.2535196154246636,20.886363636363637,0.023608580047746693,-19.805539078017304
s718,14.92355536729826,-0.019630270220987133,-1.329251586870891,0.45834933661518557,-1.6554093332534179,0.6950953587841022,0.3179493159354157,2.186182903835199,2.79251968503937,0.05905511811023622,0.0,0.0,0.31496062992125984,0.2874015748031496,0.2047244094488189,0.0,0.13385826771653545,0.0,0.0,0.0,0.0,0.0,-1.5759842645235334,-0.7592870594482231,-0.3588430524474036,-0.8207183520122454,-0.6111179257797963,-0.4092141158858041,0.8241866714362303,0.13932197274948058,0.33262957096724105,0.33262957096724105,-1.2196621650672705,-1.1032574441106562,-0.3003532897791677,18.90702779965733,2.3701923076923075,1.116920060273321,16.033653846153847,0.8256345548357719,-22.05506805307129
s719,14.143758329796633,0.05365811525710611,-1.3713531299138284,0.5513190160901762,-1.417558615768463,0.6395526068237157,0.28390294369774666,2.2527156587168276,2.498073394495413,0.10091743119266056,0.0,0.04128440366972477,0.5,0.0,0.25229357798165136,0.0,0.0,0.10550458715596331,0.0,0.0,0.0,0.0,-1.4162876722670454,-0.965587923445037,-1.0033097887581366,-1.0500174454828761,-0.6090074648449194,-0.951072054472609,0.6437562416104405,0.0866382611806927,0.3632304273814584,0.2599116551344425,-1.3603141229151707,-1.3673332922453663,-0.29140884556867624,19.72507985727342,0.41818181818181815,-0.5937870279014564,1.3345454545454545,-0.593247395113694,-22.119267245079417
s720,14.180511505861103,-0.3410827014725614,-1.7166317480169337,0.4811842642291061,-1.7525600028792596,0.604897259204339,0.3873736058155839,1.561534524095354,2.5806603773584906,0.29245283018867924,0.0,0.0,0.5283018867924528,0.0,0.1792452830188679,0.0,0.0,0.0,0.0,0.0,0.0,0.0,-1.9489641533241704,-0.9011001695728356,-0.8907839461623387,-0.9967310097260988,-0.721916198557222,-1.094050132797473,0.5509143822910479,0.06786825673619509,0.3581887529023127,0.3581887529023127,-1.0396440734036332,-1.7782491812909869,-0.30140075047329556,14.59589260027358,2.0736842105263156,0.9153470063561145,17.42105263157895,1.0282920762209102,-22.272737453163764
s721,11.51524704805075,-0.27120224582172386,1.2474835640564366,0.25494245039400626,0.66890266386849,0.46474721175142214,0.13672429018111543,3.3991561494726543,2.3608333333333333,0.0,0.0,0.43478260869565216,0.0,0.0,0.10144927536231885,0.05434782608695652,0.028985507246376812,0.0,0.20652173913043478,0.17391304347826086,0.0,0.0,1.1424475935827125,1.4538489047550247,1.692217213112185,1.9355247070327737,-1.1916181834770048,0.8592293102166878,0.25550632486321684,0.07178758638898004,0.08234665834156686,0.08461308013078428,0.4937720887774018,1.5217616758640349,-0.248654651875559,42.102270090983154,8.142857142857142,0.7520403526098355,46.49107142857143,0.35640138413734385,-17.857359390850952
s722,12.966339361866606,0.27529691064271045,-1.3540502489741137,0.51901108197898,-1.488557829034455,0.6310628354594163,0.4156740688194364,1.5181674364525781,2.553039647577093,0.0,0.0,0.0,0.5594713656387665,0.0,0.22026431718061673,0.00881057268722467,0.18502202643171806,0.02643171806167401,0.0,0.0,0.0,0.0,-1.2709860088885658,-1.4506972326926104,-0.7265116312963286,-1.1332044873943585,-0.2972666765395355,-0.9610114374951284,0.5761940814575751,0.08330850891968944,0.3605455215119908,0.3605455215119908,-1.294160750058012,-1.3975670150987691,-0.1369627807641933,19.277692707228493,2.208,1.1442256154029515,15.772,0.9350471364738802,-21.856255041946735
s723,13.07464439179439,0.2953969368626816,-0.1768421792899906,0.5707379908622406,0.2408333962349373,0.5521127527969288,0.33296748458314057,1.6581581636661842,2.1275247524752476,0.0,0.0,0.3316831683168317,0.0,0.17326732673267325,0.3712871287128713,0.0297029702970297,0.0,0.0,0.0,0.09405940594059406,0.0,0.0,-0.38109760228230444,-0.8650173999414267,-0.8943315723461609,-0.8158490419383805,-1.2870640972440333,0.22787501899664775,0.3764646671036754,0.07616219728699355,0.09428125856234128,0.09739799438258394,-0.5754948602237773,-0.40988772071326285,-0.19987413774856774,25.555858966494803,0.14133333333333334,-0.9176002196698082,0.30666666666666664,-0.7210691575249356,-20.338018392403935
s724,12.542114841231422,1.396336776436091,-0.9450527407246869,0.6174563527421673,-0.7147647034649699,0.6081692221638868,0.27943359126708534,2.176435622525399,2.3007462686567166,0.0,0.0,0.09950248756218906,0.4079601990049751,0.0,0.31840796019900497,0.0,0.04975124378109453,0.0,0.0,0.12437810945273632,0.0,0.0,-1.1694226431326342,-1.1477502745924943,-0.8734537804296139,-1.210584422345554,-0.31535748253547957,-0.8155528774108258,0.8380030389086127,0.14600264695119836,0.31906643247720157,0.20924220076548916,-1.0845805184395614,-1.1735793954693308,-0.298151298782156,20.174404660749566,0.334375,-0.6624836917435237,1.115625,-0.6101650433544973,-21.01306363073858
s725,12.462580483707406,-1.0333073550587277,-0.27859687278265644,0.2846530361262584,-0.6810104634173264,0.57060193020777,0.3196980440144392,1.7848152057570883,2.6528136882129276,0.0,0.0,0.0,0.42585551330798477,0.0,0.09505703422053231,0.19011406844106463,0.09505703422053231,0.0,0.19391634980988592,0.0,0.0,0.0,-0.33953866277325134,1.1737728285899207,0.8857872346535716,1.4669775968991812,-0.10429769091094952,0.010329889933839362,0.6791025746165401,0.17244417077029145,0.27684313890306733,0.3076034876700748,2.052857570677436,0.32905536305971045,-0.2819646470175688,37.17258123585784,9.63,1.8289211844653754,69.55,1.4810098873255775,-19.77835943733275
s726,10.594604848519158,-0.1698318957673898,1.3222602592190764,0.30298421428171585,1.2146672239803307,0.4100729490573145,0.18948549277239987,2.1641390222409944,2.160746887966805,0.0,0.0,0.36929460580912865,0.0,0.0,0.14522821576763487,0.2697095435684647,0.0,0.0,0.0,0.0,0.2157676348547718,0.0,1.546465476803855,1.2403612689799788,0.8868484790130057,1.5636879980531966,1.783617942596489,0.5570541856505563,0.2947848138659948,0.07575292869833672,0.08546045586528148,0.08644843801401304,1.4357208110350452,1.2740496274015845,-0.28382011203891594,43.67085288109288,5.142857142857143,0.552269744086385,34.58857142857143,0.4115915566922453,-17.826428090857362
s727,14.73986125544507,0.11155921853342997,0.32557071289604184,0.46828599074599503,0.38310975872461256,0.5610969079132976,0.1872952327481694,2.9957885189086944,2.1874122807017544,0.0,0.0,0.32456140350877194,0.0,0.10964912280701754,0.3333333333333333,0.0,0.0,0.10964912280701754,0.0,0.0,0.12280701754385964,0.0,0.5023762151143704,-0.6633302133545825,-0.5699194351030826,-0.4460612673105345,-1.5280661647214242,0.329916000080341,0.323189922286902,0.07952012413859982,0.09963608701511126,0.1015059331521241,-0.13728453133787547,0.25259954168707044,0.06388455985637959,33.295717234692454,0.1631578947368421,-0.9321377065187486,0.5078947368421053,-0.7095997190766629,-20.9884017983634
s728,13.20166302644774,1.261111868853354,-0.6086084049975389,0.6262211052455127,-0.2865392414342775,0.6437995968652401,0.22715136934939767,2.8342316346548904,2.236633663366337,0.0,0.0,0.0,0.3465346534653465,0.0,0.37623762376237624,0.0,0.1188118811881188,0.0,0.0,0.0,0.15841584158415842,0.0,-0.8002863362725033,-1.4311279007075768,-0.9191049863325168,-1.154019164174373,-0.15736156484469604,-1.031198117778066,0.8559792154416954,0.17748938436922573,0.31981006852617405,0.34623312262092926,-0.21329692740039555,-0.6911081053839074,-0.2446918784092413,23.88234132420866,0.04736842105263158,-1.0171792248708322,0.09210526315789473,-0.7456060513113126,-21.354889436198928
s729,11.097583893176376,-0.1398523270625925,-0.02742864248782578,0.37827198024846714,-0.2647113213183361,0.6175267446871487,0.2257301730603189,2.7356854261664667,2.5322357723577236,0.028455284552845527,0.0,0.0,0.3170731707317073,0.0,0.2073170731707317,0.06504065040650407,0.0,0.0,0.2764227642276423,0.10569105691056911,0.0,0.0,0.4533224641250346,0.08746697115572495,0.9884860534323852,-0.0054181112083283205,-0.8577392287645634,-0.6978963920062559,0.7535416161652997,0.20666463473886032,0.20476785179276563,0.28533225249811606,0.7178947060413876,0.43337467498201493,-0.2787941126401219,36.29870454181543,2.929411764705882,0.7216585723028408,18.36078431372549,0.4451279397700026,-18.30313789299144
s730,12.820774747413193,-0.42501828605504105,0.44834852240793505,0.33799292463751895,0.2803087054322764,0.41320907549176394,0.10761216698608875,3.8397988542055876,2.1484297520661157,0.0,0.0,0.5867768595041323,0.0,0.0,0.16115702479338842,0.10330578512396695,0.0,0.10743801652892562,0.0,0.04132231404958678,0.0,0.0,0.8336406758388091,1.0563073901669642,0.34970091761517014,1.1403924074079823,0.8144010364260094,0.10910503623347484,0.26696969228030026,0.05902873695489751,0.11924256296660882,0.11924256296660882,-0.3125530523346282,0.4311004817184384,-0.2275326427884819,36.689790171366944,1.0153846153846153,-0.6486217316368559,3.758974358974359,-0.5884346766471933,-19.741023805942707
s731,10.384581567897351,-1.0314752968718583,0.5464227233876459,0.36429367965102954,0.7676356916537509,0.37577316758887264,0.21146680371802187,1.7769841931783454,2.048440366972477,0.0,0.0,0.48623853211009177,0.0,0.0,0.1743119266055046,0.28440366972477066,0.0,0.0,0.05504587155963303,0.0,0.0,0.0,0.52906210101748,1.1508630170578094,0.49277781551701993,0.838704871056077,1.715424641212959,0.6323095643343772,0.2952775255365803,0.06984421400616632,0.11218742469644177,0.11218742469644177,0.6108670161468588,0.4993122897532405,-0.3010981110292827,38.896194038229034,2.042105263157895,-0.16315599161227065,11.294736842105262,-0.21812313916033382,-18.585425685908362
s732,11.299146444473859,-0.8938759595797526,1.2632778021931175,0.23815822331577238,0.5475492085802078,0.46622013918584865,0.0466470429662566,9.994634376354822,2.332749140893471,0.0,0.0,0.5738831615120275,0.0,0.0,0.11683848797250859,0.0,0.0,0.22336769759450173,0.0,0.0,0.0859106529209622,0.0,1.3622188536996753,0.5946082547613623,1.0720159239022977,0.8448767128635911,1.34290110477936,0.8092647237752486,0.26889320795671845,0.06134174054391803,0.09887956235486417,0.09887956235486417,1.011883007934314,1.0590300587506865,1.1073019218152627,39.86544482713883,7.044117647058823,0.7395599002569638,43.4264705882353,0.43714961654134604,-17.2857512542596
s733,14.307802445791882,-0.6287982760580204,-0.9824098220595545,0.4712577903955395,-0.8228130155541606,0.5327502498069553,0.3020723228489825,1.7636513162885747,2.3606763285024157,0.14492753623188406,0.0,0.13526570048309178,0.38164251207729466,0.0,0.20772946859903382,0.13043478260869565,0.0,0.0,0.0,0.0,0.0,0.0,-1.1186572763894331,-0.6243081477368974,-0.5750819311445563,-0.509716365998147,-0.874702219352684,-0.5700234888792287,0.5594307793489454,0.1449324094948954,0.2683559746495627,0.171643164890328,-0.2315062391361166,-0.995688386583363,0.5521149177634158,24.19906722927276,1.1069767441860465,-0.16670352728148688,5.944186046511628,-0.23590317522946055,-21.896723814100017
s734,12.198271450421892,-0.9802284502450257,0.4852462843165985,0.24212599125294035,0.012308575695936056,0.45549243733020206,0.16729895069000186,2.7226257872603816,2.38262962962963,0.0,0.0,0.48518518518518516,0.14444444444444443,0.0,0.08148148148148149,0.0,0.24074074074074073,0.022222222222222223,0.0,0.025925925925925925,0.0,0.0,0.44334383781000664,1.4945262627807678,2.059757263976911,1.8197328461415905,-0.26738285496580144,0.47236839759457155,0.5345439187158806,0.1194307739509462,0.05839160845503351,0.11984350900151297,0.3061029382637242,0.7004223331293326,8.347884133057024,39.41427934801061,9.613636363636363,0.9659665074880769,64.79545454545455,0.7113669073634667,-19.072918005433696
s735,13.283969785423034,-0.8068264631298153,0.15367023380882833,0.5867332647868164,1.3102074045323953,0.40517823671780234,0.1727285975238048,2.345750747278326,1.7730337078651686,0.0,0.0,0.4438202247191011,0.0,0.0,0.4101123595505618,0.10674157303370786,0.03932584269662921,0.0,0.0,0.0,0.0,0.0,0.11373167771624998,-0.801386412064315,-0.7196320726000325,-0.8350106203751411,1.7072518400559669,0.1312000140223909,0.29142169429333215,0.06852237339390958,0.1016868205042956,0.1016868205042956,-0.6841496764141612,-0.20233753190838077,-0.3004528600086779,23.667491899806482,0.13470319634703196,-0.9233019941803349,0.7511415525114156,-0.6656043700256724,-21.04653345651221
s736,11.152869370170725,1.8694511344023337,0.22315544434502577,0.32939215131681204,-0.16864996885125172,0.6118375820430545,0.2165861181698881,2.824915960510151,2.605096525096525,0.015444015444015444,0.0,0.0,0.39768339768339767,0.0,0.16602316602316602,0.0,0.03474903474903475,0.0,0.0,0.16602316602316602,0.22007722007722008,0.0,0.06774355833480088,0.8842691693720928,1.079297244205347,0.25911422249680033,-0.5965343825694838,-0.8887008304542133,0.6883123470187076,0.20113319948487776,0.21056764414792548,0.2723130435597231,2.137815016104852,0.9483237937543063,0.21254369637724166,38.83296605818343,3.9651162790697674,0.7513585783831459,26.319767441860463,0.5372203904062208,-18.392804230938623
s737,13.168469859845374,-0.12351161385765558,-0.8587528353870016,0.5466555238520548,-0.5744459082542877,0.5025139061104189,0.37183754539282093,1.3514340128820164,2.2311442786069655,0.0,0.0,0.15422885572139303,0.3482587064676617,0.0,0.24378109452736318,0.2537313432835821,0.0,0.0,0.0,0.0,0.0,0.0,-1.0763196011564387,-0.46016475183492217,-0.8608198516898324,-0.8676394376630913,-0.22269285659226437,-0.7574641933585506,0.8944182280272883,0.1874063678127209,0.2579438564342406,0.17775186715988778,-0.24817578076099409,-0.9296338120532923,-0.050806702637541064,21.536800971996986,0.8163265306122449,-0.32274970284806026,5.640816326530612,-0.2009448291349527,-21.65426899727042
s738,11.674645038161774,1.693640975465886,1.303638965019748,0.2953621868207869,0.8325035727393247,0.47001186700351605,0.11342260348475636,4.14389947473463,2.328929889298893,0.0,0.0,0.36531365313653136,0.11070110701107011,0.0,0.13284132841328414,0.0,0.04059040590405904,0.01107011070110701,0.0,0.1881918819188192,0.0,0.15129151291512916,1.1144138427107857,0.6087549770802531,0.589029589321803,1.397975460703693,-0.4704489278161685,0.4203612012000728,0.6789216487235351,0.16566304470591078,0.08997182706542148,0.10995315042938351,1.8722589427868706,1.5016597917722112,0.09102956510840401,45.07370384326654,1.7777777777777777,-0.5617672387348114,7.493055555555555,-0.5258394087563152,-18.068229556241548
s739,12.129882862122239,-0.49981277185110534,-0.4081172268893841,0.37037222647982737,-0.5988583430969259,0.5157271328969816,0.23759436570292383,2.1706202138725,2.393416666666667,0.0,0.0,0.2833333333333333,0.3,0.0,0.1625,0.13333333333333333,0.0,0.12083333333333333,0.0,0.0,0.0,0.0,-0.01509505221844325,0.6611089152083204,-0.06292097501762715,0.29046653632035135,-0.49445559255002225,-0.05396476516484631,0.8555737729246122,0.18707126630055074,0.15940821014760823,0.15966485892696705,0.20002135787525394,-0.06744945429541967,-0.25095992884654644,33.21128412434112,2.2102564102564104,0.10509282074180042,17.215384615384615,0.22525637952534566,-19.55458939471557
s740,11.386499410058846,-1.1892841819832778,0.8404076277604543,0.23805160818109222,0.36021164555048446,0.4039835529636512,0.10503733677498073,3.846094782744698,2.2562962962962962,0.0,0.0,0.6296296296296297,0.0,0.0,0.07407407407407407,0.06296296296296296,0.17037037037037037,0.06296296296296296,0.0,0.0,0.0,0.0,0.7377992721901091,2.58247994408248,1.8342649271896652,2.3143754128753153,1.2788723085895597,-0.38718190583146317,0.29475061756962834,0.05241905796353237,0.10909423246238245,0.10909423246238245,-0.00952550278977169,0.8988719109037111,0.10922717872412811,39.143070205786955,8.6,0.45668472490659917,53.125,0.25325641436678714,-18.340794127420928
s741,14.312180461652996,0.39118629834295704,0.3626011767675895,0.5185698653964351,1.0853286921290826,0.4359155009353031,0.07801377879468985,5.587673199147412,1.9,0.0,0.0,0.48717948717948717,0.0,0.0,0.358974358974359,0.0,0.0,0.0,0.0,0.15384615384615385,0.0,0.0,0.11221312942363298,-0.65494042220302,-0.7005720230191169,-0.5166737777571627,-1.3459238215016671,0.05022785854014131,0.36014083846705286,0.06820239769159041,0.10230982358403329,0.10230982358403329,-0.3601760338982802,-0.045949621783895875,0.029843621513765156,30.75368025736766,0.18681318681318682,-0.8993741399904089,0.5714285714285714,-0.699765651607814,-21.083237686655544
s742,10.972908623354694,0.24814063754813298,0.786195427438014,0.38899159882996437,1.0371523900528083,0.48778680615840647,0.08835977109293966,5.52046253770097,2.1260648148148147,0.18518518518518517,0.0,0.28703703703703703,0.0,0.0,0.27314814814814814,0.0,0.0,0.0,0.0,0.0,0.25462962962962965,0.0,0.6938479560381692,0.41729090131713803,0.14146684497349354,0.07087597320824127,0.7789229707339511,0.5153909430773612,0.3510956620725874,0.07472916864471559,0.053140875778910614,0.0655922943714587,0.7755666051710743,0.8709180919478924,-0.27992630293866233,39.790258513824334,1.0610169491525423,-0.37245374770004563,4.769491525423729,-0.4196308250912686,-17.849825803835934
s743,14.929038985810724,1.9684160476257864,1.6040549467592362,0.2731354111683688,0.9992673419085065,0.429592442161841,0.05842822176679714,7.352481885833541,2.284,0.0,0.0,0.49642857142857144,0.0,0.0,0.09642857142857143,0.0,0.0,0.0,0.0,0.26071428571428573,0.0,0.14642857142857144,1.4678240336447383,2.124344219744146,1.0136165951310787,1.9773776502778324,1.7136774470011684,1.0039482121507977,0.28591524896738485,0.0759991152459562,0.09289213117602685,0.0937602819346813,1.2207214429997275,1.9587026910683176,0.5287943492121521,46.07313723974568,3.3518518518518516,-0.4102473600361519,17.90740740740741,-0.37727085960557893,-20.07117762213282
s744,13.72823023600189,-0.35209043267396856,-0.07358675915683538,0.4471274856821961,0.24166712334543128,0.45966916982654193,0.11617935137352378,3.9565479096941867,2.0963461538461536,0.125,0.0,0.4423076923076923,0.07692307692307693,0.0,0.2644230769230769,0.0,0.0,0.03365384615384615,0.0,0.057692307692307696,0.0,0.0,-0.1855756387055397,0.06356271423137162,-0.39949302948345966,-0.24654545938254563,-0.8606687192955084,0.8908075303740046,0.6594047799854298,0.13110565978049993,0.054207416518522934,0.12312427777587813,-1.0031919412933519,-0.23582938339851708,-0.22589816235842763,29.395453289889126,0.2290909090909091,-0.8977597237919995,0.730909090909091,-0.6966860835981126,-20.488585785426494
s745,13.016484963081306,0.25387892035620874,-0.8561971762782952,0.708114738968881,-0.15433685067377526,0.5670356647885948,0.28972565156571173,1.9571469137243007,2.0743956043956047,0.02197802197802198,0.0,0.13736263736263737,0.3131868131868132,0.0,0.3956043956043956,0.08791208791208792,0.0,0.0,0.0,0.04395604395604396,0.0,0.0,-0.8087375819408864,-1.1994131202769882,-1.2927652325662922,-1.3553310314421725,-0.6440513167980901,-0.9212814866793567,0.8495329687221437,0.1870150547888591,0.2550014850910172,0.1713555783730346,-1.0728038508262263,-1.0140125522227208,-0.28898952332310046,14.915531837612962,0.24305555555555555,-0.714256283152848,0.9328703703703703,-0.6090386891168431,-21.20349313282904
s746,11.591672002536452,0.27072862539901893,0.9155506463507233,0.46477691356464473,1.547414440174715,0.4586263451713556,0.16743748183027216,2.73909007802838,1.953793103448276,0.0,0.0,0.28078817733990147,0.0,0.0,0.3448275862068966,0.1477832512315271,0.0,0.0,0.0,0.0,0.22660098522167488,0.0,0.566544155086656,0.2096473546923328,-0.46680301605895613,-0.05895706662287498,1.6421067245860628,0.47721270122538006,0.37198738023841216,0.07749332484713994,0.06164932810746812,0.06538565102307226,0.23875164803122748,0.6237361783415138,-0.22734691104430155,38.57086739332704,0.5085714285714286,-0.6634528106331102,2.1857142857142855,-0.567853904303725,-18.92251493836264
s747,13.523260345667234,-0.7914234989719446,-0.01641619875361942,0.5564254593476057,0.8947248123966237,0.4214510712951956,0.24764411262711555,1.7018416744265021,1.891135135135135,0.0,0.0,0.372972972972973,0.08648648648648649,0.0,0.35135135135135137,0.1891891891891892,0.0,0.0,0.0,0.0,0.0,0.0,0.09474697894899058,-0.3138747512952166,-0.8807231928047771,-0.7113296090283072,-0.2731189457948861,1.3891115912088023,0.6698266149578247,0.14616555092973035,0.0611726788138076,0.11445838955767211,-0.4949498383061389,-0.35093373872648115,-0.018763158797962788,24.641211791191825,0.2794871794871795,-0.7892449985565986,1.541025641025641,-0.5878420155683787,-21.168804166885913
s748,14.828304233615395,-0.013077637020893504,0.3011933461290075,0.5288186903911671,1.1274954312687724,0.4177578711915475,0.12217333966832525,3.419386523489263,1.8674603174603173,0.0,0.0,0.47619047619047616,0.0,0.0,0.35978835978835977,0.06349206349206349,0.0,0.0,0.0,0.10052910052910052,0.0,0.0,0.46133621506609,-0.5263645205611308,-0.829739357993324,-0.6044901633040556,-1.3897835554562197,0.12146413987511838,0.3098703500037424,0.06515374806581654,0.10366310982740697,0.10366310982740697,-0.5812431014829218,-0.0963414163067504,-0.262207320745476,29.008030305125786,0.10784313725490197,-0.9737865179976073,0.44607843137254904,-0.7118701370911559,-21.67842994358758
s749,12.356012364766693,-0.3379163474983023,-0.7728709308995149,0.5958614560839,-0.35216254049989176,0.5363997692599323,0.35982481163144797,1.490724796958532,2.1965128205128206,0.0,0.0,0.14358974358974358,0.2923076923076923,0.05128205128205128,0.3076923076923077,0.20512820512820512,0.0,0.0,0.0,0.0,0.0,0.0,-0.4902831548929017,-1.0663744794989607,-0.9861288679200205,-0.9827047390678766,-0.019408086440614078,-0.7828153539773495,0.6767959519733997,0.18550535107955438,0.24143205998890538,0.17114563569122246,0.17549229977016856,-0.8274715464182095,-0.2666260008311771,20.975641460740885,0.6083333333333333,-0.387904429223676,2.475,-0.4585058205806395,-20.596674452483008
s750,13.952833265081148,-0.6017167325245492,-0.1801183108910316,0.393289473904332,-0.4740657606233083,0.5626470650554712,0.3306184290959577,1.7018018825930912,2.4461354581673307,0.01593625498007968,0.0,0.36254980079681276,0.0,0.23904382470119523,0.21912350597609562,0.05976095617529881,0.0,0.10358565737051793,0.0,0.0,0.0,0.0,-0.40424457278580667,0.6868946408469002,0.04311828912893672,0.15887617387731495,-1.2317926879864505,0.1350207330398021,0.31934929371244436,0.07161935817315154,0.0966648367741652,0.09984161544749459,0.543651071631832,0.03280042478125143,-0.14564950243818015,30.145342669588413,0.9954545454545455,-0.4054192009292228,4.704545454545454,-0.41883756214831575,-20.32384862658092
s751,15.214788878532373,-1.5395301121059555,0.16367930497470456,0.18184441087464753,-0.7007536938095715,0.6485407740580986,0.19886226990126116,3.2612560159356083,2.905313432835821,0.0,0.0,0.0,0.4746268656716418,0.0,0.0626865671641791,0.03283582089552239,0.0,0.20298507462686566,0.22686567164179106,0.0,0.0,0.0,-0.090678710941587,0.255843972956255,2.0260229331071495,1.3935154011579802,0.1736972893073868,-0.24012555101885638,0.6125740138829513,0.1587218071469518,0.36462813028928726,0.36462813028928726,0.3008148088076152,0.8492732656137966,2.348825505518599,32.80736161988446,17.253968253968253,1.9738154983965381,121.55555555555556,1.5349089190863456,-22.365536372767764
s752,10.488214446839041,-0.7947841535009107,1.7360600222131168,0.19894220272430183,0.9192032275794533,0.46318248551075575,0.09694985584013197,4.777546923582153,2.4049337748344373,0.052980132450331126,0.0,0.4337748344370861,0.0,0.0,0.0695364238410596,0.0,0.16887417218543047,0.039735099337748346,0.046357615894039736,0.0,0.18874172185430463,0.0,1.872881162438122,1.2246015184307686,2.480278701531779,1.4289170449063835,1.380276212434239,1.5091103024562038,0.274466821704792,0.06903806770190159,0.09881777453887997,0.09881777453887997,1.1988788707132003,1.3012790153009022,0.6334504597723034,42.89524118887895,14.726190476190476,0.9906206790421886,86.26190476190476,0.5343565956694136,-17.167323596314702
s753,14.811858554136618,0.945733846446399,-1.1726444550294794,0.3846708772269011,-1.6545925190323227,0.7066465669946663,0.2662654905466462,2.6539172070098624,2.8867625899280576,0.0,0.0,0.0,0.420863309352518,0.21942446043165467,0.16546762589928057,0.0,0.0,0.11870503597122302,0.0,0.07553956834532374,0.0,0.0,-1.112596211097278,-0.43778103859840617,-0.6106593840439296,-0.521818945727099,-0.13940847124838718,-0.8045531453996431,0.6990820907876778,0.11345669075258562,0.3824813864783828,0.3824813864783828,-0.9686089629667464,-0.5240662523325078,-0.2839526125719608,21.76323669593517,3.3315217391304346,1.2672257292532834,19.85326086956522,0.7324954529965458,-22.0669112402596
s754,12.36994236298383,0.4902184177439245,1.0142204137977109,0.2967983907827688,0.6326987599330984,0.45481273606868067,0.1064490479172693,4.272586227564522,2.2780232558139537,0.0,0.0,0.5,0.0,0.0,0.13953488372093023,0.0,0.0,0.0,0.11627906976744186,0.2441860465116279,0.0,0.0,0.7051664060995069,0.5348516842338106,1.0087222566087626,0.6489728499323223,-1.266222193224794,0.7194011661350683,0.28967682211752277,0.0709410001641798,0.09207146702076677,0.09336824824641139,0.5862368321697179,1.0397532518454125,-0.1979338728703214,41.12671339119486,4.069444444444445,0.24036712350088837,22.11111111111111,0.006104582039649204,-18.59855862913608
s755,13.525520649710508,1.735470368242143,-1.321325739359453,0.5907598251682972,-1.3400258390718602,0.636919255422291,0.3882646293152417,1.6404256461516622,2.4882242990654206,0.0,0.0,0.0,0.5373831775700935,0.0,0.2570093457943925,0.004672897196261682,0.09813084112149532,0.0,0.0,0.102803738317757,0.0,0.0,-1.4106935058872028,-1.4407829281330164,-1.0655085329482488,-1.2534426116519555,-0.039019687927229894,-0.9421749266394465,0.6195432243929431,0.08752450678000917,0.35838088292169684,0.35838088292169684,-0.9247429410052284,-1.4249756099762738,-0.25582506019085,18.411563676915144,1.04,0.12645189253253417,6.378181818181818,0.030052507239300807,-22.516445828928568
s756,14.310154007677216,1.026403386007752,0.7091548595293199,0.2969150796641382,0.3836543704927679,0.412542189070537,0.0887737231577362,4.647120503637297,2.230632411067193,0.0,0.0,0.6086956521739131,0.0,0.0,0.1067193675889328,0.02766798418972332,0.0,0.0,0.0,0.25691699604743085,0.0,0.0,0.39183948594561707,1.6292671523303321,0.942730452202598,1.524680975110916,1.8256766025833426,0.4005136464760454,0.250644179286645,0.06048337720211293,0.11329938130417769,0.11329938130417769,0.2577735521962854,0.6242177743036212,-0.2613737070791789,38.24827944907448,3.685185185185185,-0.1035928717713725,23.444444444444443,-0.09653757289813805,-20.262795346304646
s757,12.691134148284574,-0.9899216447500208,0.6739611636096351,0.2754163791964009,0.2669218273261136,0.4181850146591737,0.09747960789767258,4.289974320558979,2.2284410646387833,0.0,0.0,0.6197718631178707,0.0,0.0,0.11406844106463879,0.08745247148288973,0.030418250950570342,0.1482889733840304,0.0,0.0,0.0,0.0,0.5048567162247727,1.4835481298420101,1.135598396157414,1.68485854303533,1.040660978936353,0.6035288986465405,0.25520264564617323,0.05557734817455885,0.11974388664025497,0.11974388664025497,-0.11985866013877991,0.6297006471919365,7.199567419373298,38.4496070178213,4.325,0.15437909034202146,24.933333333333334,-9.466202078115968e-05,-19.01185247831666
s758,12.091662878593985,-1.130278221642138,0.4232757304051661,0.3119086661934168,0.2159747037270153,0.4550792233599539,0.07345772311151338,6.195117464628129,2.2329795918367346,0.1306122448979592,0.0,0.5183673469387755,0.0,0.0,0.1673469387755102,0.0,0.0,0.11020408163265306,0.07346938775510205,0.0,0.0,0.0,0.8578919491950315,0.41606346906391284,0.5347002821001471,0.572993474746306,-1.3529292837983404,0.7753034130188985,0.3157448989203836,0.06652191710246702,0.10257895891420653,0.10257895891420653,0.2335655975658762,0.5193697013462899,-0.09559797514154812,37.09513616788907,2.4878048780487805,0.02349435922581346,13.478048780487805,-0.12138363644527918,-18.66312886885699
s759,14.502675355670432,-0.5413743324958188,-0.3701828149078301,0.5727605214723844,-0.14455197070748665,0.6143613569579484,0.3435791735479466,1.7881216449000334,2.2372169811320752,0.014150943396226415,0.0,0.28773584905660377,0.0,0.2358490566037736,0.37735849056603776,0.0,0.0330188679245283,0.05188679245283019,0.0,0.0,0.0,0.0,-0.4029289289699046,-1.1234736208831217,-0.8817954683481638,-0.956688278181998,-1.3534700533123334,0.15715231784061653,0.35957826921736763,0.08061995782594687,0.09142124574686548,0.0923446926736015,-0.1200827875965036,-0.5624714347878231,-0.30153531946949863,24.615222997034312,0.2025,-0.8303779371049274,0.515,-0.6909683026858462,-21.05033567951521
s760,12.386564486263614,0.333431290656679,0.3969298805713872,0.5520285221984121,1.3417222955789943,0.489666229454121,0.17639248748527467,2.7760038788216455,1.9280000000000002,0.015789473684210527,0.0,0.24210526315789474,0.12631578947368421,0.0,0.4,0.09473684210526316,0.0,0.021052631578947368,0.0,0.0,0.0,0.1,0.5654708015261428,-0.7600014372567274,-0.7392907730281181,-0.6920785491989628,-0.7554690797900754,0.11674272534861652,0.8673618558172174,0.1770879803750634,0.0953482389278531,0.11415290023493374,0.29799195468941025,0.12199227604753216,-0.28367229621298584,29.729264648824294,0.14692982456140352,-0.922949547785456,0.5131578947368421,-0.7002078182094155,-19.76737462921502
s761,15.615829498979112,-0.07130564562093394,-0.8471834526117942,0.5848741799449664,-0.8460479539261622,0.6851856499089817,0.15781120648953384,4.341806042490548,2.403318181818182,0.013636363636363636,0.0,0.0,0.37272727272727274,0.0,0.33181818181818185,0.0,0.0,0.10909090909090909,0.17272727272727273,0.0,0.0,0.0,-0.7751925096750197,-1.1411885898887328,-1.0379230594403033,-0.914772847029918,-0.41435102691650855,-0.7097554481301316,0.6985227784449581,0.15043757262397006,0.3299955389154261,0.3402496375822896,-1.0540176490875275,-0.7304863207764128,-0.2874462343642205,25.016018948655034,0.06301369863013699,-1.0004402666554253,0.18356164383561643,-0.7339557379468485,-22.8284527320271
s762,10.466089925174401,0.13637655329113113,2.129689445447355,0.2556708053154388,1.570557053947847,0.42346777641511085,0.07537844130220397,5.617889798455267,2.224801444043321,0.0,0.0,0.44404332129963897,0.0,0.0,0.1263537906137184,0.0,0.23826714801444043,0.0,0.0,0.0,0.0,0.19133574007220217,1.7997857726001254,1.5933716764050556,2.7264030739449754,1.3512099271248852,1.3220321493182874,0.8053459953706551,0.33136746176729376,0.08347312218151949,0.0958638797708209,0.09941439383640686,2.6757875331154883,2.171584462017431,-0.20869917761324927,49.17494040091817,6.042857142857143,0.3616009334460647,35.23571428571429,0.1374151623640087,-17.374281247398017
s763,14.049497788244429,1.1394513556771015,0.41454767011223853,0.3592872886107245,0.30303256154811625,0.4491648039515143,0.13003840878189107,3.4540933571779004,2.215625,0.0,0.0,0.5041666666666667,0.075,0.0,0.175,0.0,0.0,0.0,0.0,0.24583333333333332,0.0,0.0,0.7722344634105449,0.6577230117159966,0.30167580782377806,0.6314324183938992,-0.001819783785331972,1.6840888958317415,0.8517183159054897,0.1444314911712341,0.05773130195349886,0.12308941774274296,0.051839348002530976,0.23538410771130788,-0.2624755789766652,36.48201453392044,1.4476190476190476,-0.4070034020916507,6.276190476190476,-0.44764013747662285,-20.4867485708045
s764,11.234001810396963,-0.4210483413909987,-0.592478725111898,0.2550688838559433,-1.1006458176631826,0.6055391117645169,0.33031030993042954,1.8332431460951264,2.769963768115942,0.0,0.0,0.0,0.5434782608695652,0.0,0.08333333333333333,0.0,0.2753623188405797,0.0,0.050724637681159424,0.0,0.04710144927536232,0.0,-0.49107887916567555,0.07773067060295294,2.901149611304906,-0.1894059211366572,0.005890473777128356,-0.18053854211725232,0.762914372995867,0.17111957987017373,0.2940789880699484,0.3039917629487108,1.6400430204273673,-0.13794156325867488,0.8588929334603788,32.089060880155024,13.26086956521739,2.7748541309546644,129.7391304347826,3.2619501426534634,-19.961036371419382
s765,13.155862655351962,0.08147760694748142,0.2582266968842457,0.42440317246628384,0.5936379012003312,0.4232507270184052,0.06746843555714833,6.2733146770521415,2.0389999999999997,0.1,0.0,0.5238095238095238,0.0,0.0,0.2523809523809524,0.0,0.0,0.0,0.0,0.12380952380952381,0.0,0.0,0.14595465193074036,0.1805660127391027,-0.37980019639942797,0.043265672227206786,-1.6006204609591845,0.07425098618062084,0.3085473296899872,0.062466175293490404,0.11135634615935795,0.11135634615935795,-0.4850921966934929,0.03906214767408656,0.1220905409497878,32.9102826965218,0.28679245283018867,-0.8800721484061755,1.079245283018868,-0.6784839727323019,-19.855387410973634
s766,11.929640211492924,-1.2247428327820296,0.1985038865936685,0.2761284281199779,0.07622864460234699,0.41670982931358486,0.09651366563206239,4.317625142352395,2.2392340425531914,0.19574468085106383,0.0,0.548936170212766,0.029787234042553193,0.0,0.11063829787234042,0.0,0.1148936170212766,0.0,0.0,0.0,0.0,0.0,0.49863162203868994,0.6379753038866564,1.1641514205954635,1.4576857610655511,-0.8804692461229437,3.924893260471405,0.5680059805126016,0.053247692245624874,0.006329456928616112,0.10972593383813709,0.6860615527266702,0.26369045748392506,0.33107980780461715,35.83367960765339,4.630769230769231,0.35415870364112106,31.43076923076923,0.2789888587893939,-19.028239748686918
s767,12.733193623432541,-0.8551159839943455,0.08622205391315554,0.42859107654216083,0.2962956045245028,0.451461918674255,0.3626863310601871,1.2447723556456165,2.1660465116279073,0.0,0.0,0.3953488372093023,0.0,0.13953488372093023,0.23255813953488372,0.23255813953488372,0.0,0.0,0.0,0.0,0.0,0.0,-0.0670591279282873,-0.01150268347969508,-0.06727156838716729,0.04167823976614447,1.7476594670123986,0.25090287789298643,0.34421872544711063,0.08054322322149099,0.10642004357346639,0.10642004357346639,0.2497004272104902,-0.04456861123823325,-0.2502003457290918,32.90917479986557,0.6958333333333333,-0.6137144733847812,2.408333333333333,-0.5866262548946327,-20.197262251030093
s768,13.00850902833756,2.9913239848697732,-1.2139851907330539,0.4774336661290094,-1.5090879095119512,0.671855048426527,0.32206847163796704,2.0860627710921995,2.737,0.0,0.0,0.0,0.444,0.152,0.192,0.0,0.0,0.0,0.0,0.212,0.0,0.0,-1.4871766714369534,-0.6107836976259678,-0.19342279126407674,-0.7993436057717067,-0.26635827693834296,-0.6443648101742739,0.6274874397536707,0.11908500786503784,0.32995977313654373,0.32995977313654373,-0.8364298138107364,-0.9772208600593436,-0.235917134909817,20.688516997754867,2.015625,0.5942307270017906,12.072916666666666,0.3103525383037389,-21.802875419878582
s769,17.203452645279857,-0.8166965500873732,-0.625670804536276,0.7158291037163059,0.5315035884715528,0.5488768301365038,0.1953534655647329,2.809660061825862,1.9173684210526318,0.12280701754385964,0.0,0.2222222222222222,0.19298245614035087,0.0,0.4619883040935672,0.0,0.0,0.0,0.0,0.0,0.0,0.0,-0.7666839252608358,-1.0500433749047617,-1.2741858300041702,-1.3096447311411,-0.8215121628164794,-0.6992403888890688,0.775602113457812,0.19605344706848954,0.1692203241821304,0.14432350463948826,-1.4924258596397226,-0.7645998505017764,-0.17997372020142455,13.676800772561222,0.07383966244725738,-0.9594259154010372,0.1729957805907173,-0.7285266321893505,-23.327747749819448
s770,16.891644731277257,0.0029540632603696714,0.3179263939360798,0.44105433952428413,0.48917657883982757,0.4441937203041837,0.05247966781298706,8.46411074641482,2.036164383561644,0.0,0.0,0.54337899543379,0.0,0.0,0.2785388127853881,0.0,0.0,0.0958904109589041,0.0,0.0821917808219178,0.0,0.0,0.34878804863687707,0.1204116240257393,-0.40314349730677085,-0.0038603471964042103,-1.428238347835711,0.08082384792139878,0.3147894606146071,0.06127506060057532,0.10851449909303927,0.10851449909303927,-0.643987179808064,0.055651473615028015,-0.16659874960755014,33.064663323162584,0.06885245901639345,-1.0275400778201387,0.14098360655737704,-0.7471806377056185,-22.550115004084116
s771,10.568867838529588,-0.11222003396410253,0.7372311121135854,0.4128288983262781,1.1148394065643747,0.4130042519511368,0.24070729737245003,1.71579447926786,2.0386448598130844,0.0,0.0,0.3925233644859813,0.0,0.056074766355140186,0.24766355140186916,0.22429906542056074,0.0,0.0,0.0,0.0,0.0,0.0794392523364486,0.6192831040434618,0.722228512341317,-0.19405993758070425,0.31583580324578764,1.2710566370104532,0.3154302926816456,0.3155494849993328,0.07860060731493348,0.09023517776096764,0.09057697767672887,0.9408071221858262,0.6440609042577826,-0.28865640098143364,39.00774037382048,0.8075471698113208,-0.5863554835435223,4.958490566037736,-0.435629697297318,-18.378361949361157
s772,13.873061020031374,-0.023940036992946386,0.503911738296676,0.5110855428239355,1.1244140475647593,0.4908811060417111,0.1087275331331139,4.5147819682502215,1.9633168316831684,0.0,0.0,0.3712871287128713,0.0,0.0,0.37623762376237624,0.0,0.0,0.0,0.12871287128712872,0.12376237623762376,0.0,0.0,0.21686758572689144,-0.08283261251217233,-0.7165410690002769,-0.4004900815997078,-1.4291319862219207,0.37752489958358615,0.3104715828369658,0.07619846800677411,0.09308891913726355,0.09308891913726355,-0.09783778575297945,0.1317527759488213,-0.2813458348145103,33.232721573908165,0.2131578947368421,-0.8711316324774171,0.5263157894736842,-0.7036650736720079,-20.364420850926148
s773,13.51746906009315,0.09212290553044106,-1.5386355222016967,0.6335381678698621,-1.4225031605669,0.6237654376605413,0.37676170730882724,1.655596695630344,2.4286138613861383,0.13861386138613863,0.0,0.0,0.504950495049505,0.0,0.2722772277227723,0.04950495049504951,0.0,0.034653465346534656,0.0,0.0,0.0,0.0,-1.852675253835828,-1.1407489179493988,-1.0700974245828823,-1.3598248450914565,-0.5860128140172883,-0.9508191978825502,0.578704498434525,0.08025011908748428,0.3689166803694247,0.3689166803694247,-1.3500886678513428,-1.6946804277418728,-0.3001592644161272,14.933547280965385,0.7163636363636363,-0.1150611193816097,4.385454545454546,-0.12899543420766252,-22.077039519641183
s774,16.429361576457847,2.513129333635839,-1.2483352658625133,0.6454985155728402,-1.2058507028781824,0.6734445355790261,0.33206099248396376,2.0280748140314877,2.4801886792452827,0.0,0.0,0.0,0.4528301886792453,0.07547169811320754,0.3018867924528302,0.0,0.0,0.0,0.0,0.16981132075471697,0.0,0.0,-1.5063495609914306,-1.3478893922689867,-1.2337191611889018,-1.3683550551886094,0.19510572373274349,-0.9097412517971497,0.6151525657065641,0.11219684409562092,0.34771866302536947,0.34771866302536947,-1.1973261130088713,-1.3819881107377514,-0.28818170529926945,18.077164681564717,0.7039473684210527,-0.14811972197911122,3.588815789473684,-0.2522396605877327,-24.10464814655394
s775,13.152720748359537,-0.4225267410669054,-0.4422340750837876,0.3874720291623459,-0.43029092177525086,0.4516654482748288,0.29596588119960415,1.5260726893388712,2.288430493273543,0.0,0.0,0.28699551569506726,0.2645739910313901,0.0,0.13901345291479822,0.273542600896861,0.03587443946188341,0.0,0.0,0.0,0.0,0.0,-0.3034607861970921,0.7212683845689654,-0.0640791462979671,0.40641975225689325,-0.25749210843228376,-0.01683227577455948,0.6465782995031829,0.1753448652797612,0.15477992203251026,0.14808210383844192,-0.2001098665181037,-0.2998755404110533,-0.23430271732410365,32.97643666100683,1.8451612903225807,-0.2249676103918754,10.348387096774193,-0.24751313312214174,-21.454760484052457
s776,10.458863827436277,-0.014085726752350688,0.4452396714974606,0.3923431745375822,0.7102705982725064,0.4636421924925392,0.08351184119686188,5.551813800866858,2.1172093023255814,0.21395348837209302,0.0,0.3581395348837209,0.0,0.0,0.25116279069767444,0.0,0.0,0.0,0.0,0.0,0.17674418604651163,0.0,0.3922895296794893,0.6494146276982647,-0.2399353139687587,0.11380271984858364,0.6812863491348103,0.1934661872712147,0.44040619348091964,0.07955244199695265,0.08140911169682091,0.08722404824659384,0.46749063077610375,0.6193620342394928,-0.2997313240260112,37.64876221182322,0.6925925925925925,-0.6211101203515127,4.411111111111111,-0.4471957935682593,-17.833042513949273
s777,12.304525142675391,-0.8774286348078592,-0.07313353220399503,0.48867354860688045,0.0646362571859153,0.5721390650837447,0.3537340376335421,1.6174272312365474,2.2584545454545455,0.0,0.0,0.32272727272727275,0.0,0.21818181818181817,0.32727272727272727,0.0,0.12272727272727273,0.00909090909090909,0.0,0.0,0.0,0.0,0.009736015581855328,-0.38827504432742543,-0.6015188010233453,-0.46878840096631996,-1.44088362432052,0.03495214991598583,0.40278697921821244,0.08082584598941665,0.09489463150274383,0.09596086331738139,-0.06549543808770517,-0.2091932329813192,-0.3016539391420226,29.049221469448195,0.33055555555555555,-0.7548546435006975,0.7416666666666667,-0.6808624352852671,-19.26023008452307
s778,12.937552990144013,0.27725171397513443,0.6220135296428327,0.4959871159054496,1.1906023469176887,0.4874362756215341,0.09140178882687258,5.332896455066155,1.967241379310345,0.0,0.0,0.35467980295566504,0.0,0.0,0.3694581280788177,0.0,0.034482758620689655,0.0,0.06403940886699508,0.08866995073891626,0.08866995073891626,0.0,0.33188484208946123,0.05501463897406872,-0.6743308360168061,-0.26266834933773847,-1.4106413272441676,0.41297494165051496,0.3912658615873097,0.07847579952390969,0.09324992730106242,0.09476618628156752,-0.07297004577253939,0.3345168670549039,-0.2997737431656483,34.95450614263185,0.208,-0.8851766480302382,0.9013333333333333,-0.6687098296106887,-19.765507071966436
s779,15.509697492655068,2.506404610507052,-0.8519418123945605,0.40501234370914374,-1.1547924445774582,0.6309362075580608,0.3026002664383123,2.085048420427226,2.6728,0.0,0.0,0.0,0.52,0.0,0.16,0.0,0.0,0.0,0.08,0.24,0.0,0.0,-1.0847356437379694,-0.5701408090203177,1.2017312425805122,-0.33103566476406476,0.06551372448197437,-0.38344726786661365,0.6228635676232197,0.12217576379189027,0.34291233362802753,0.34506901497160003,-0.4533965225626407,-0.47635398694341513,-0.23378924746264027,28.794000915051367,3.36875,0.9656740391685342,22.24375,0.6812859533778602,-23.018094234614694
s780,13.78477834529889,0.511807385757112,0.4555204539552971,0.3084032376323121,0.19499451527593636,0.42246533367617056,0.06303019977173531,6.702585985862877,2.2234523809523807,0.06349206349206349,0.0,0.5992063492063492,0.0,0.0,0.12698412698412698,0.0,0.0,0.03968253968253968,0.0,0.17063492063492064,0.0,0.0,0.16947506868998927,1.4074341525076084,0.581292285578643,1.3257886101247909,1.5879333950921422,0.06865110044299882,0.2713682143285677,0.053775157870977974,0.11610680993283101,0.11610680993283101,-0.3567323879999821,0.5346655368679618,-0.28023993608619907,36.251126802214465,2.5625,-0.22397249676771183,12.546875,-0.3118766826676018,-19.898641274521797
s781,10.248063662656186,-0.013014263223639409,0.8980452386193737,0.4059451357356698,1.257603461311989,0.4219600592609686,0.17989772137210053,2.345555330232261,2.01875,0.0,0.0,0.35185185185185186,0.0,0.0,0.25925925925925924,0.20833333333333334,0.0,0.0,0.0,0.0,0.18055555555555555,0.0,0.7841540745165649,0.9078987896117696,-0.03768969746955905,0.29362150611850857,1.5283517591886764,0.7848481148455659,0.46510558506713845,0.07983016290684475,0.08326680776027955,0.08478074971955736,0.8126199891230264,0.7664768250707336,-0.27828785307975257,39.91694788418673,1.167857142857143,-0.35839994313781065,5.682142857142857,-0.38442599272153777,-18.03783397921168
s782,12.914093082094746,-1.0887047256255407,-0.07118322089854767,0.41512385329854967,0.28349317325862083,0.4353298655703991,0.11122504117055101,3.913955535452399,2.0859313725490196,0.19117647058823528,0.0,0.46568627450980393,0.049019607843137254,0.0,0.24019607843137256,0.0,0.05392156862745098,0.0,0.0,0.0,0.0,0.0,-0.2499965339895819,0.4360374810991918,-0.40679556985999205,-0.04861773463654506,-0.7646066399900207,3.2264758729631917,0.6671027999845961,0.10586150519068796,0.028240193938804815,0.10816069482961284,-0.36346065698440405,-0.17304096953853765,-0.1508236954687164,30.3386012782936,0.6448979591836734,-0.6148268553432211,3.053061224489796,-0.5239456087767053,-20.030607405635497
s783,11.780160819109895,1.9561489718186202,-1.2850748557954506,0.5344749734843606,-1.3324109212540287,0.5980324895595729,0.43865183985702116,1.3633420294201934,2.517004608294931,0.0,0.0,0.0,0.543778801843318,0.0,0.20276497695852536,0.12903225806451613,0.0,0.0,0.0,0.12442396313364056,0.0,0.0,-1.324056260742955,-0.9839640842891266,-0.8238631891316518,-0.9560247479751564,0.0029109960492866567,-0.8647025780494146,0.5905244328665158,0.09509640093553987,0.35145019407031064,0.35145019407031064,-0.431873431047927,-1.4362529550684175,-0.21644093608677384,20.483862036454077,2.3636363636363638,1.0518166866390062,18.672727272727272,1.036670172052165,-21.703102975805876
s784,11.547505084795567,-1.4313888820551701,-0.16924796936952424,0.24241100845082172,-0.4063336310876851,0.47411644226229477,0.24149641599406974,1.9632442175619589,2.4541975308641977,0.32098765432098764,0.0,0.4567901234567901,0.0,0.13580246913580246,0.08641975308641975,0.0,0.0,0.0,0.0,0.0,0.0,0.0,-0.23215194644568538,1.2626019660592236,1.049504900127605,1.616701838700256,1.2826158538008385,0.6472607787803754,0.29040436059953245,0.0599668160559922,0.10646340618354024,0.10646340618354024,-0.2879047757372787,0.14511234536857215,-0.22110674494416663,31.051502445188856,6.1098901098901095,0.5475677995388125,51.10989010989011,0.6926565643055232,-18.281067930199995
s785,11.882332317053596,-1.089401065130853,0.5373058685639417,0.5038363875882694,1.1656065200883199,0.4990282465054698,0.2056750918229149,2.426294025603889,1.983217821782178,0.0,0.0,0.25742574257425743,0.0,0.0,0.3712871287128713,0.12871287128712872,0.0,0.0,0.24257425742574257,0.0,0.0,0.0,0.24452472331302483,0.09846120752344462,-0.73506175711156,-0.37177551684566085,1.3908832612895388,0.4918710477363273,0.3826458754870306,0.08406558530601876,0.07003177857450386,0.07418620611705917,-0.38883048064425474,0.20495703827287387,-0.26574567034274005,34.673405406669374,0.42933333333333334,-0.6683707352982918,1.8506666666666667,-0.5695457590979541,-19.042880773157066
s786,12.752133572815504,-0.8904014279925032,0.17920314009798413,0.45133776577946877,0.6080216916415838,0.42004026582313936,0.1883901170491998,2.22963004855208,2.00792270531401,0.043478260869565216,0.0,0.4782608695652174,0.0,0.033816425120772944,0.2753623188405797,0.09178743961352658,0.07729468599033816,0.0,0.0,0.0,0.0,0.0,0.02571230554910757,0.4086380579143134,-0.5107498760235047,-0.18683986295595945,0.6020623721375851,0.23456792164687656,0.2789744333835391,0.0689748753221827,0.10898710693364567,0.10898710693364567,0.17422364943077326,-0.10261376840176675,-0.010251957569260763,31.7704850038117,0.3649122807017544,-0.7970850778673685,1.6631578947368422,-0.6212531769066151,-20.22975758111321
s787,13.406808524593657,-1.2496303457675073,1.0172544435925999,0.20957516749537303,0.22782118674155513,0.44808030867717324,0.03731112663147751,12.009294522324891,2.3619607843137254,0.0,0.0,0.673202614379085,0.0,0.0,0.0718954248366013,0.0,0.0,0.2549019607843137,0.0,0.0,0.0,0.0,0.847109086504596,2.674836339249663,1.599354677140517,2.0130465095484626,1.5562576931745167,0.5213757091010963,0.23918336235662693,0.05436500541931936,0.1091601732947809,0.1091601732947809,0.5197111995765715,0.7667131996714991,0.5341555392069509,36.97127159940249,11.467532467532468,0.8357524067439056,65.24675324675324,0.4033269906755602,-18.58814151939532
s788,12.5265958692577,-1.2001581038138254,0.32517083511654105,0.4896119504732183,0.9293946223585705,0.49790443262372563,0.13574669728776453,3.66789352943325,2.0141293532338307,0.11442786069651742,0.0,0.3034825870646766,0.0,0.0,0.35323383084577115,0.03482587064676617,0.0,0.0,0.19402985074626866,0.0,0.0,0.0,0.04886501573513209,-0.21414595941035675,-0.41239256132814167,-0.31392984715330824,0.749750483881031,0.396926126546841,0.3143502388519591,0.07805302310415783,0.08978319607238514,0.09238560755274411,0.5188492889940646,0.05877702612156739,-0.2869421025897,32.87220718830883,0.4647887323943662,-0.6342885329778656,2.352112676056338,-0.5182688936032861,-19.260460540596913
s789,13.841497548288006,0.6511865918064956,-1.4528994235909944,0.9214759329476807,-0.8506846360407758,0.656342077898471,0.4731542914427473,1.3871628975342176,2.1198857142857146,0.0,0.0,0.0,0.4342857142857143,0.0,0.44571428571428573,0.05714285714285714,0.06285714285714286,0.0,0.0,0.0,0.0,0.0,-1.6304965559544022,-1.757834025578756,-1.6306552550498932,-1.874607964148318,0.021518814218729396,-0.910385748101353,0.6949927950975869,0.11593455560260199,0.34889521740621127,0.34889521740621127,-2.0306250972915847,-1.697667554651321,-0.2853799433031266,5.801649383391429,0.10042735042735043,-0.866366296266311,0.12179487179487179,-0.7309799329749654,-22.123785239300275
s790,13.33304243902748,0.8746057077388251,-1.2616402679708874,0.8073949863264662,-0.7800365312737086,0.6700748210671527,0.2729872830273165,2.45460086505239,2.199946524064171,0.0427807486631016,0.0,0.0,0.40641711229946526,0.0,0.41711229946524064,0.0,0.03208556149732621,0.0,0.053475935828877004,0.0481283422459893,0.0,0.0,-1.1920455523279747,-1.6948325935833772,-1.4313765194278205,-1.6163531300951532,-0.6658826490906602,-0.9133733183111906,0.6730721181148498,0.1329889622242867,0.3492478742022454,0.3492478742022454,-1.611145002370453,-1.4971272842042642,-0.272967316525248,11.6127296410094,0.08333333333333333,-0.9264924340326012,0.1282051282051282,-0.7334357055688012,-21.74169856486492
s791,12.570603769521673,-1.17981703151162,0.7133174588035884,0.39937931441492724,0.807919475064695,0.4829243784679518,0.12895327485544072,3.7449562952885063,2.1100884955752215,0.0,0.0,0.3893805309734513,0.0,0.0,0.27876106194690264,0.030973451327433628,0.08849557522123894,0.04424778761061947,0.168141592920354,0.0,0.0,0.0,0.803637397690894,0.522127046837191,0.16473282464317188,0.1465910683597766,0.8717770449311061,0.7152632818891499,0.33500092639532963,0.07224661019230523,0.09576671381802435,0.09607170335247667,0.3263778458554097,0.6549301833315284,-0.2994604167605938,38.62573824596772,0.8698412698412699,-0.4784170825856683,3.3365079365079366,-0.5126841449510774,-19.077736318462566
s792,13.445973530616845,0.20614718093528311,-1.242679325222347,0.44437635697847017,-1.504910559351235,0.6297971593018746,0.3529384916014619,1.7844388591455802,2.633744855967078,0.0,0.0,0.0,0.5555555555555556,0.0,0.17695473251028807,0.102880658436214,0.0,0.13168724279835392,0.03292181069958848,0.0,0.0,0.0,-0.9176023342363246,-0.6630403206306597,-0.5088238723657152,-0.6708296247072498,-0.3869661890111696,-0.7273775940948749,0.5833970583010386,0.0845128407773891,0.3539920320493766,0.3539920320493766,-0.9492182027333439,-1.0646393785829118,-0.26440274485220666,22.633781141560593,1.4930232558139536,0.07588085622345699,7.097674418604651,-0.17289714145528845,-22.178844580620243
s793,11.982923533996265,-0.5984821065370215,-0.1122728666594706,0.3368506427943828,-0.13362371112217594,0.4047636452372281,0.27990543409441976,1.4460728372307707,2.2360526315789477,0.0,0.0,0.39035087719298245,0.17105263157894737,0.0,0.09649122807017543,0.34210526315789475,0.0,0.0,0.0,0.0,0.0,0.0,0.09838371634582062,0.4197890904379535,0.9162178433695687,1.3782906413115765,-0.40524779093045005,1.0107683981169946,0.6980979206238818,0.1510190060151535,0.07407242415937089,0.11492848848019568,0.3297709925762707,0.15336667918534944,-0.21231466983632694,37.69520261310919,4.181818181818182,0.14467111793732845,29.1,0.14976044847173892,-20.468456936548588
s794,11.091573342819668,-0.6491209798318948,-0.1172501727979451,0.41675970581792376,0.06167643918273839,0.4347744390950715,0.23582418422100296,1.8436380498092684,2.1504186046511626,0.0,0.0,0.3767441860465116,0.15813953488372093,0.0,0.2,0.19069767441860466,0.07441860465116279,0.0,0.0,0.0,0.0,0.0,-0.11191528855274299,0.20277758440225388,-0.0607135150125139,0.19068686454014622,-0.21532286040820064,0.7409171075912004,0.7066582053487002,0.16904490619049417,0.10021542996859213,0.12827793330347687,-0.27304510998234005,-0.21563908641747231,0.06665082942045178,32.49295544034004,0.6558139534883721,-0.6811440163051361,2.697674418604651,-0.5837893626417565,-19.738902339929083
s795,14.323244308579804,-0.8181150493836553,0.24395533225127122,0.50179334168935,0.8037514931682939,0.44121957929746136,0.06945844539391352,6.3522812351357985,1.92145,0.015,0.0,0.5,0.0,0.0,0.35,0.0,0.07,0.065,0.0,0.0,0.0,0.0,-0.03827605229250294,-0.5881446368586075,-0.7980226791570623,-0.4001472712789853,1.271987854108333,0.22936251501327387,0.27273669104151504,0.06460927054816125,0.10557660360186515,0.10557660360186515,0.041313521616358394,-0.058658390787198485,0.07014488158252322,31.146179785998985,0.15142857142857144,-0.9329979367755009,0.6685714285714286,-0.6895245110546787,-20.98054198937622
s796,11.925092605924762,0.12994448248063098,0.9260429377090778,0.4618042629659779,1.3799615081375032,0.4837563317377747,0.06186721904861385,7.819267443678857,1.9794761904761904,0.023809523809523808,0.0,0.3523809523809524,0.0,0.0,0.35714285714285715,0.014285714285714285,0.0,0.08095238095238096,0.06666666666666667,0.0,0.0,0.10476190476190476,0.7007468582827275,-0.1996369368381617,-0.5554994999553269,-0.035240137588683225,-1.506422601241334,0.1609283598641895,0.3623781069920528,0.08007105547150159,0.0897382672568331,0.0902194375906499,0.4241057658310503,0.6771636536474817,-0.2585375426694333,38.75449318832426,0.072,-1.0187636347712012,0.08266666666666667,-0.7511040058600112,-18.72193723420701
s797,10.764295742701956,-0.7152245789185779,0.18210546160063815,0.28360744897311563,-0.4954605971989366,0.6107293801015758,0.33429234062274127,1.8269320169402323,2.7009836065573767,0.0,0.0,0.34098360655737703,0.0,0.32459016393442625,0.1540983606557377,0.0,0.0,0.13114754098360656,0.0,0.04918032786885246,0.0,0.0,0.6221858604707264,0.3220009384302039,0.5816844365093901,0.3306245240121534,0.596050784105355,0.5036915130310802,0.2813728505315106,0.07358451454937909,0.08769825963635337,0.09262512815524962,0.5634977952644563,0.4254256161200794,0.07448405969487709,28.688431304844382,3.595744680851064,0.47740141814787146,21.97340425531915,0.25588104145370405,-17.38396768625594
s798,11.922468849790615,1.4901771814373066,1.1510053893045347,0.2616291590075097,0.6332936194387858,0.4222769747562119,0.059567520860202894,7.089047330796932,2.297216117216117,0.05860805860805861,0.0,0.5421245421245421,0.0,0.0,0.07692307692307693,0.0,0.0,0.0,0.0,0.23076923076923078,0.0,0.09157509157509157,1.0256519135218054,1.5606240432956333,2.2592977892588837,2.173183006583307,1.563862532941672,0.5939227372558025,0.42956829540767105,0.07886809965076014,0.10937104187719807,0.10937104187719807,0.7794749945920885,1.2452318416235788,-0.2316085797317323,41.44076970044968,5.678571428571429,-0.09224088982384465,37.642857142857146,-0.06071761293925506,-18.12351947027918
s799,9.732968039754981,0.8395462079569238,-1.5136927932393176,0.49271405812443436,-1.6490360249841773,0.5547482542117307,0.5185847460449531,1.0697350017380627,2.562735426008969,0.0,0.0,0.0,0.5067264573991032,0.04932735426008968,0.13452914798206278,0.3094170403587444,0.0,0.0,0.0,0.0,0.0,0.0,-1.5296946087600385,-0.5463826638326936,-0.3796291641488471,-0.7314260005305209,-0.28704166137162923,-0.7718720761030987,0.49823212270467016,0.07486180935944967,0.3355382711005666,0.3355382711005666,-1.2251401638531618,-1.6731517230844084,-0.29918779428846276,17.146014170829805,2.42,0.5128253436701933,11.933333333333334,0.07865047428419256,-21.157814118014116
s800,14.516302015535137,-0.36334575521734513,-0.7221925310182397,0.738520019298918,0.27962553536337664,0.5400155330846812,0.32126426165610183,1.6809075815060384,1.952873563218391,0.0,0.0,0.16091954022988506,0.26436781609195403,0.0,0.4367816091954023,0.13793103448275862,0.0,0.0,0.0,0.0,0.0,0.0,-0.8102979111342254,-1.5302288692336292,-1.2574916651924959,-1.4068296545502679,-0.1705065558410389,-0.9122580547316115,0.7910458016519706,0.1957101936114849,0.1919593307128159,0.1490253148777696,-1.6158713952748316,-0.8352900700556652,-0.21148909476305425,13.060447598068256,0.2807017543859649,-0.6340014471943469,0.9035087719298246,-0.6056257907973394,-21.977538322235432
s801,12.556899512345394,-0.9248167253641367,-0.7062418703492862,0.5836867885751138,-0.05740206339857625,0.5292818857390834,0.20409377200406623,2.59332698171965,2.1019354838709674,0.1935483870967742,0.0,0.23655913978494625,0.22580645161290322,0.0,0.34408602150537637,0.0,0.0,0.0,0.0,0.0,0.0,0.0,-0.859188202359819,-0.48457771416688133,-1.0448293595666278,-0.9455777635927399,-0.8362594837347557,-0.6350073405711046,0.9316776841421064,0.20097491927785763,0.21062814606520497,0.1615289590939824,-1.049165906328766,-0.9186373792322873,-0.2912434319898997,20.08332856311409,0.3522727272727273,-0.6413349755415997,2.934659090909091,-0.3692585495428633,-20.00340332694237
s802,15.781342552960645,0.283730271466689,-1.1679970071984498,0.6479612827896217,-1.135783035401559,0.6921876914787244,0.20864210756017415,3.317583873998644,2.407638888888889,0.0,0.0,0.0,0.4537037037037037,0.0,0.33796296296296297,0.0,0.0,0.12962962962962962,0.0787037037037037,0.0,0.0,0.0,-1.1981593608906216,-1.0833521300643827,-1.267785844785533,-1.1984895372126028,-0.352271903502116,-0.8383684192290172,0.6079053226861802,0.10662959210140899,0.3677458881184752,0.3677458881184752,-1.5585865147245395,-1.1867794185707288,-0.2932234311414828,19.707383124671402,0.1643835616438356,-0.8435555507275918,0.7315068493150685,-0.6465445221490326,-23.462787506923025
s803,14.117103513479762,1.6185059649962612,-0.9396849547319193,0.7041864652692215,-0.6198838434271403,0.6769762265207346,0.24666438620668493,2.7445235890416826,2.2612755102040816,0.0,0.0,0.0,0.4336734693877551,0.0,0.39285714285714285,0.0,0.0,0.08673469387755102,0.0,0.025510204081632654,0.0,0.061224489795918366,-0.6608801606494312,-1.656147665847976,-0.7157036197345645,-1.4153041958826194,-0.3776372935783568,-0.9559558718104278,0.7674504242986913,0.13087179844797386,0.356532572752332,0.35886285100561516,-0.1339601991730513,-1.0721859238611338,-0.30129801288923713,18.053835765905166,0.05411255411255411,-0.996514737133165,0.04329004329004329,-0.7514665303856304,-22.014257161185924
s804,9.44395830132965,0.49351372508902813,1.7167959273725122,0.33237807623997523,1.420237135638736,0.46702603259015324,0.02417459128398428,19.318880187213715,2.1471984435797666,0.0,0.0,0.42412451361867703,0.0,0.0,0.23346303501945526,0.0,0.0,0.15953307392996108,0.0,0.0,0.0,0.1828793774319066,1.2107475967448418,1.8900861894165337,-0.010450990432733405,1.0574227271478536,-1.6344105526270158,0.24618936839832906,0.38553663075843225,0.07940164190045709,0.07981478952998726,0.08475906852742013,1.9903060347495374,1.8700168145625433,-0.2986628976887595,47.958267692568626,1.2333333333333334,-0.49548853035492957,5.441666666666666,-0.4837673904715402,-16.183249895484998
s805,12.240522266146645,0.306586150628467,-1.1153146732043302,0.40936345587614204,-1.225375330512941,0.4952726746287962,0.421360572126374,1.1754129536359528,2.462643171806168,0.0,0.0,0.11894273127753303,0.44052863436123346,0.0,0.1013215859030837,0.3392070484581498,0.0,0.0,0.0,0.0,0.0,0.0,-0.979974172300129,-0.35389196058671774,-0.10239185513798815,-0.13405613937750407,-0.06061644809151565,-0.5081817478565863,0.6031486606332914,0.17012290400437324,0.25175927262540665,0.18946918639710392,0.3974751725695506,-0.8105095833522857,-0.22659702742098045,28.18379100497314,3.4434782608695653,0.3740325894729324,26.73913043478261,0.4449088133875237,-21.417386534550623
s806,14.285258148531392,-0.308759228534843,-0.633592322813795,0.4797303192498707,-0.706349236022058,0.5929092482352306,0.19152455176449085,3.0957349476755573,2.362280701754386,0.0,0.0,0.2236842105263158,0.33771929824561403,0.0,0.2675438596491228,0.0,0.0,0.17105263157894737,0.0,0.0,0.0,0.0,-0.4267379382797243,-0.4183650500695212,-0.7914103300157588,-0.6374951587311969,-0.5146284901843501,-0.9262091790394669,0.7270044782561706,0.17447023185611832,0.30255527295979695,0.2056211653212346,-0.552293317706037,-0.6196106949284895,-0.2532631133992867,27.679397392132074,0.33114754098360655,-0.7666212947210145,1.2131147540983607,-0.6362974585706388,-21.579330137234322
s807,12.344221731170219,-0.9639028827431654,-0.768921713469684,0.2250878684625059,-1.532770393326988,0.7345918797753289,0.26048094321427584,2.820136746706425,3.126637426900585,0.0,0.0,0.0,0.36257309941520466,0.34210526315789475,0.1023391812865497,0.0,0.0,0.19298245614035087,0.0,0.0,0.0,0.0,-0.9153934390261242,-0.17098494413534018,1.0046267764770038,0.264046355717351,0.7967621382948221,-0.6759718871119205,0.6073035208164018,0.17264754460244086,0.31335937349515014,0.31335937349515014,-1.080904544780783,0.4805697936250524,-0.24952673213871068,26.46057473977025,10.266666666666667,2.7982523495292684,61.93333333333333,1.7354929933007097,-19.120401696266622
s808,14.672591990819045,0.20042606823848408,-1.096719487884699,0.46804436577654795,-1.0925390134368902,0.506582372601376,0.42590829987026874,1.1894165311070022,2.402119815668203,0.0,0.0,0.10599078341013825,0.43317972350230416,0.0,0.15207373271889402,0.3087557603686636,0.0,0.0,0.0,0.0,0.0,0.0,-1.1004489020849326,-0.05404801369154332,-0.4195477974594977,-0.5398299008628494,0.1044778612983854,-0.5162758342709662,0.7137294087179951,0.16002211249764667,0.26536012065182674,0.18174549500833626,-0.9277097181879101,-1.0393311841902104,-0.174529729557715,24.009519612286475,1.9515151515151514,0.14835982858788802,9.16969696969697,-0.1433812509770972,-23.04047586711122
s809,13.946563832825143,0.09450974664873027,0.37841936026929385,0.38738817155396094,0.34439805214362146,0.43064072680944027,0.07405649387373817,5.815029908702627,2.1057758620689655,0.0,0.0,0.5689655172413793,0.0,0.0,0.21551724137931033,0.03017241379310345,0.0,0.09051724137931035,0.0,0.09482758620689655,0.0,0.0,0.6134842232136964,0.7812410297415474,-0.00035247158449131335,0.4651457399245179,-1.5183282424187776,0.18001610512535365,0.3377788537438318,0.06083871871483665,0.12193833365896807,0.12193833365896807,-0.4864175174648081,0.24509738005003073,-0.30028772671221954,35.434895693734525,0.292,-0.9111171598761987,0.72,-0.7142517823790512,-20.472187767798516
s810,14.793381772416245,-0.6854094976574248,-0.9205541885337534,0.2751344461872197,-1.5599122196041872,0.717802771241074,0.25740297444111615,2.7886343302737533,3.0057605177993527,0.0,0.0,0.0,0.4368932038834951,0.23948220064724918,0.1262135922330097,0.0,0.0,0.19741100323624594,0.0,0.0,0.0,0.0,-0.47385784178809953,-0.192479402970443,0.5644505831500224,-0.14386899454231442,-0.02727218242462199,-0.7647158559713002,0.6966638090168007,0.14587520441789828,0.3620453364018474,0.3620453364018474,-0.21198605452529629,0.09406623844313716,-0.2672447021286233,26.422091425853726,6.980769230769231,2.3432909377459215,43.41025641025641,1.5107948780666105,-21.19146876442327
s811,13.849253660060835,0.69787153993422,-1.1307562714021206,0.6293273603836523,-0.8919887314790597,0.641618559167682,0.24994043639094224,2.5670858562641685,2.342128712871287,0.13861386138613863,0.0,0.0,0.4158415841584158,0.0,0.32673267326732675,0.0,0.0,0.034653465346534656,0.0,0.0,0.08415841584158416,0.0,-1.361190952129804,-0.699738145826738,-1.1747594472910887,-1.1975015410165204,-0.9164976666977203,-0.8681607817574535,0.615060603318534,0.11927008991840583,0.36155271524220783,0.36155271524220783,-0.8232396176685689,-1.2012907177210455,-0.1672049856103894,19.663403131160578,0.20606060606060606,-0.7975176396316763,0.6515151515151515,-0.6634525459348073,-21.801164942546574
s812,15.790650648809768,1.1578516010139945,-1.2210482720485516,0.6438955381024072,-1.1989404019409413,0.6816182153872593,0.25779646262954736,2.6440169443548274,2.425233644859813,0.0,0.0,0.0,0.49065420560747663,0.0,0.32242990654205606,0.0,0.0,0.12149532710280374,0.0,0.02336448598130841,0.04205607476635514,0.0,-1.2897279566668791,-1.0187942521854614,-1.2459977539000613,-1.2647091022349355,-0.4601040605686891,-0.9191089893372835,0.6253724173426385,0.09191224266320613,0.3732920479444945,0.3732920479444945,-1.4447333215246034,-1.2493172021700907,-0.2956411203975649,19.158284189873584,0.1826086956521739,-0.8242926353706367,0.4492753623188406,-0.6915750905747665,-23.72646511684069
s813,14.612188141350641,1.0188788475265822,-1.076642341849188,0.6065230355111866,-0.9781103929549564,0.6298596425918307,0.37045793727966164,1.7002190510939024,2.3822380952380957,0.0,0.0,0.0,0.48095238095238096,0.0,0.3,0.0,0.1761904761904762,0.0,0.0,0.0,0.0,0.04285714285714286,-1.179794059279652,-1.282742590041578,-1.0323425795540921,-1.2394049615684952,-0.13655090473920256,-0.8138476101789007,0.6447127464932152,0.11030670518832543,0.35119661764644927,0.3523150782122023,0.3936489433827167,-1.1301941342980102,-0.2992077011398742,20.7459761309569,0.45714285714285713,-0.5163540280026215,1.3904761904761904,-0.5758884442918769,-22.699280913745504
s814,11.494024948958174,-1.3162417609999464,-0.31357049368598,0.27207939878695586,-0.5620705091200985,0.5081619383060575,0.29084455107659746,1.7471942878937652,2.5073170731707317,0.2926829268292683,0.0,0.3983739837398374,0.0,0.1951219512195122,0.11382113821138211,0.0,0.0,0.0,0.0,0.0,0.0,0.0,-0.19960058836077899,0.994542999181705,0.7696833108828783,1.0476305064665747,0.8535603453171757,0.359467030989745,0.29803715550951304,0.0704543582875219,0.11491324215887253,0.11583254809614352,0.02340008235578911,0.12972747089324888,0.463493040603415,29.35507626755712,3.134920634920635,0.0654628421197129,21.706349206349206,0.08676682609942077,-18.325737414150986
s815,12.42871505872094,-0.5047004702759984,-0.2318489317060333,0.5189460006758208,0.33276346979012883,0.4521229474309069,0.2828973745671815,1.5981871451533682,2.051282051282051,0.0,0.0,0.28717948717948716,0.18974358974358974,0.0,0.28717948717948716,0.22564102564102564,0.0,0.0,0.0,0.0,0.0,0.010256410256410256,0.07380018204932637,-0.5555170134844172,-0.46369059624432396,-0.6470604647684771,-0.2139261768715933,0.09716949366046315,0.6743468475425966,0.18199740987103818,0.11850627295779008,0.13056824151882215,-0.5446173067134736,-0.38264291881872325,-0.23801996066625156,26.778305850294323,0.6309523809523809,-0.511460520113363,3.357142857142857,-0.436240421727523,-20.57906464758977
s816,11.169139751354177,-0.34708920737566124,1.3690598760118,0.279091694810399,1.1785502754569113,0.39980158824034273,0.19136539608900044,2.089205239877342,2.1848594377510047,0.0,0.0,0.39759036144578314,0.0,0.0,0.11244979919678715,0.2931726907630522,0.0,0.0,0.0,0.0,0.19678714859437751,0.0,1.7154348163085391,1.461776311113626,1.0179355064856495,2.1166390728279114,1.7185159260662446,0.8977907154851628,0.2830621942534232,0.07315187773352763,0.08842597326488073,0.08842597326488073,0.936101377780062,1.4189370137676827,0.45287759266611644,44.1266138277862,8.071428571428571,0.885542821126333,53.02857142857143,0.6179502667642504,-18.08215553271357
s817,14.212352973008297,-0.6991445982580694,-1.016100815693402,0.2601071483990039,-1.5502779478189823,0.647062216989943,0.3671816467628562,1.762240086601734,2.9664808362369333,0.04529616724738676,0.0,0.0,0.34146341463414637,0.31010452961672474,0.07665505226480836,0.1254355400696864,0.10104529616724739,0.0,0.0,0.0,0.0,0.0,-0.8274087697611348,-0.40442398758241954,1.545485154612934,1.2093247798885371,-0.6794932143410684,-1.0013336123914975,0.6247012249106696,0.15612194845346275,0.2501446463555308,0.2589732809327848,-0.3784728659413436,-0.1996641653371426,1.140322924206575,24.50982243300115,18.068181818181817,4.485600386194371,177.6590909090909,5.0755025720466955,-21.520862580440205
s818,14.079790505464231,-1.1035818919744886,0.03413993225223217,0.5223102086251862,0.8374508559251653,0.45844982788097477,0.09595309115646579,4.777853661154117,1.9378835978835978,0.1693121693121693,0.0,0.3968253968253968,0.0,0.0,0.35978835978835977,0.0,0.0,0.0,0.07407407407407407,0.0,0.0,0.0,0.21797945683392908,-0.4318678450514729,-0.7096356734074112,-0.5221092479073153,0.9529939141048013,-0.014355677886348455,0.33557817223568437,0.07362856240276941,0.1076323570435805,0.1076323570435805,-0.5304021899783089,-0.2716904731883368,-0.1644479621263619,27.246985620149403,0.0784313725490196,-0.9973014560919766,0.20833333333333334,-0.7352355870443634,-20.573538642299592
s819,14.357882512654943,1.4770505387801254,-1.4291642596461724,0.9005250757566384,-0.8417464098394526,0.6782629226987684,0.37146156654523865,1.8259302813126046,2.1583522727272726,0.045454545454545456,0.0,0.0,0.4375,0.0,0.4431818181818182,0.0,0.0,0.0,0.0,0.07386363636363637,0.0,0.0,-1.5837562911227954,-1.6935959203287565,-1.5592128742612184,-1.8130760279348135,-0.5967876465088416,-0.918717360026316,0.6058233920674735,0.11154339978551832,0.3570506247699995,0.3570506247699995,-2.046579616638154,-1.683165552455993,-0.2662259568291462,7.171152987486473,0.038461538461538464,-0.9992466027909677,0.029914529914529916,-0.7518900383993464,-22.445673256691634
s820,15.403546134452073,1.027690946654376,0.6604990461926725,0.33717370517199213,0.49752553831613155,0.42099272405289245,0.07801377879468986,5.396389337335215,2.1738750000000002,0.0,0.0,0.5875,0.0,0.0,0.15833333333333333,0.0,0.0,0.0,0.0,0.25416666666666665,0.0,0.0,0.987449484628002,1.1671681710385577,0.9286122356628211,1.0755176534944415,-1.4552814597346992,0.15702616004201728,0.3587518702853335,0.05933608100600971,0.11775908662651971,0.11775908662651971,-0.041759364114762325,0.46475117953674994,-0.2679903633819415,37.610673897852166,1.7947368421052632,-0.36670951771960286,8.33157894736842,-0.40570285913608795,-21.03220827040201
s821,15.63090029236338,0.1557811710269376,-0.849005978734909,0.6374129041085911,-0.4281453268799377,0.6289448777165927,0.23610126135975745,2.6638776688204255,2.245103092783505,0.10824742268041238,0.0,0.0,0.3402061855670103,0.0,0.36082474226804123,0.04639175257731959,0.0,0.0,0.08247422680412371,0.0,0.061855670103092786,0.0,-0.5919439073654985,-1.0196165794568166,-1.053027351153547,-1.1564592593303553,-0.7640413698137972,-0.9192708461765874,0.7625701985565607,0.17471317428465158,0.312792891190325,0.32278381891876295,-0.5058279653234047,-0.9532886748284726,-0.2509529550533656,21.07676449944529,0.09761904761904762,-0.9461273497018776,0.29285714285714287,-0.7158498575956448,-22.51724700203312
s822,13.451363732753471,0.960836876757789,0.4664897606345262,0.32447475248942775,0.11766255406298337,0.48346595509508056,0.24228136360297609,1.995473147028061,2.3635,0.0,0.0,0.49230769230769234,0.0,0.11923076923076924,0.15,0.0,0.0,0.0,0.0,0.23846153846153847,0.0,0.0,0.290591071943724,-0.1006561232979163,0.49619812990745477,0.4333005916025186,-1.5564919393632475,0.6723505041944676,0.3120281270027487,0.07196090550702974,0.1129646956105206,0.1129646956105206,-0.3070737836650828,0.5357074661657518,-0.2918507712149422,34.550039155012634,2.423076923076923,-0.12633075956942894,13.192307692307692,-0.2051982690939582,-19.676522128594183
s823,11.426950266366282,-1.1241897549024669,-0.1768249438245099,0.32518066317894523,-0.28277937089218,0.4932484089790326,0.19683671058429875,2.5058761016420785,2.3603418803418803,0.10256410256410256,0.0,0.3333333333333333,0.23931623931623933,0.0,0.15384615384615385,0.0,0.17094017094017094,0.0,0.0,0.0,0.0,0.0,-0.23930176730294916,1.3455490056589232,1.1250971082029986,0.7071466011201323,-0.7737332355665917,-0.4760182141516249,0.5262982470089143,0.14648265761930415,0.11119082108970943,0.12496241442251291,0.16933423941971293,0.019025672507173495,-0.27447184887297316,35.56832504286278,3.2037037037037037,0.4424550755125671,24.833333333333332,0.49932956131353384,-18.982288117291
s824,16.56836197056456,0.5070111019087312,-1.4125075218916727,0.8929784598299841,-0.8936774244447485,0.6844721594019314,0.3539927399954032,1.9335768281881138,2.1877348066298343,0.011049723756906077,0.0,0.0,0.3701657458563536,0.07734806629834254,0.4419889502762431,0.07734806629834254,0.0,0.022099447513812154,0.0,0.0,0.0,0.0,-1.4789676878976574,-2.0191173315766218,-1.5800616221235486,-1.795879617299572,-0.5877920023463182,-0.8146544673891744,0.6629611283583878,0.13635097838010815,0.3308745680052446,0.3308745680052446,-1.1853877914202242,-1.6557277635272671,-0.2723382040531526,7.688751835113279,0.1125,-0.8467263829590925,0.29375,-0.6937148126615149,-23.75965705343503
s825,13.143739096613887,-0.8648010641697768,0.2585045328327319,0.5176852097965337,1.072204856475187,0.4027812796586765,0.15202417877022917,2.6494553887210537,1.8574603174603177,0.0,0.0,0.47619047619047616,0.0,0.0,0.3492063492063492,0.09523809523809523,0.07936507936507936,0.0,0.0,0.0,0.0,0.0,0.0021492894081503035,-0.22757597461470716,-0.67977611562136,-0.5320067755057128,1.4632125829968659,0.23514116240295438,0.29683724192994015,0.06349490470025537,0.10368410903898968,0.10368410903898968,-0.7013965438797378,-0.10050568264363448,-0.09505204572163693,28.698149850462126,0.125,-0.9593010643969938,0.20170454545454544,-0.7378524073609507,-20.74394606294202
s826,14.617328305679298,0.021668171106686247,-1.0635598160855133,0.7221755804402148,-0.6002650920741892,0.6168565504201261,0.3087007924617889,1.9982344246702277,2.168042328042328,0.0,0.0,0.08994708994708994,0.38095238095238093,0.0,0.3915343915343915,0.0,0.13756613756613756,0.0,0.0,0.0,0.0,0.0,-0.9219995925174345,-1.4641047419367366,-1.3995002925223061,-1.4826546905202498,-0.27277482221641414,-0.9582477052915079,0.7934480926060246,0.1550659285671152,0.3053235034244617,0.1980426043011174,-1.345068274966303,-1.1677903921766608,-0.3011591514039696,14.06279295690155,0.16441441441441443,-0.8165085195271807,0.4166666666666667,-0.6874592030086623,-22.295908935130477
s827,9.0429643739421,2.259306973615273,-1.2054529343193583,0.3618061835986681,-1.5110111234160852,0.5661986164502256,0.3955711131490364,1.4313447004329234,2.680401606425703,0.0,0.0,0.03614457831325301,0.5622489959839357,0.0,0.08032128514056225,0.1686746987951807,0.0,0.0,0.0,0.15261044176706828,0.0,0.0,-0.7926244766917551,0.4342375649670909,0.9600618850174614,0.572611027698884,-0.14620759616264573,-0.8341708913293682,0.5183410912914076,0.08468923857080221,0.34915304061317187,0.231154109180014,-1.092693613835453,-1.0400590780682701,-0.10404147145650385,25.045053876437333,7.15,1.3961861561294957,52.51,1.1799684163466095,-20.30439908572953
s828,14.422120696286886,-1.0019659696171062,0.14809190450089513,0.40754850019263256,0.5475600723906303,0.39177064702098974,0.12278331612304104,3.1907482171958668,2.017184466019417,0.1262135922330097,0.0,0.5145631067961165,0.0,0.0,0.22330097087378642,0.11650485436893204,0.019417475728155338,0.0,0.0,0.0,0.0,0.0,-0.018753022893910166,0.5172043163544496,-0.23942946028434753,0.20413800147699052,1.2457579361031632,0.24911777532121393,0.2857521789801463,0.05951993802587876,0.10919583668938578,0.10919583668938578,-0.05580890558539112,-0.0379800663004696,-0.2345995757584701,32.14920969528933,0.6739130434782609,-0.65314033738485,2.708695652173913,-0.5757881514555656,-21.26632247755481
s829,10.08488668136733,-0.537146447768555,0.6609091980155265,0.34087699251310527,0.7674235001311566,0.37196205506498664,0.19615498211234558,1.8962661618859598,2.076177777777778,0.0,0.0,0.48444444444444446,0.0,0.0,0.14666666666666667,0.29777777777777775,0.0,0.0,0.0,0.0,0.07111111111111111,0.0,0.7430487493889057,0.838883312647918,0.37830607770559066,1.0934691962965999,1.4312071062683438,0.659109348803198,0.28334307262061964,0.06637142081597609,0.10608439278662561,0.10608439278662561,0.6891106352703626,0.7366710050214804,-0.30118185187721697,40.05552741710882,2.812121212121212,-0.04496825968060123,19.01818181818182,-0.012526611917204207,-18.36528680868646
s830,13.469319370923955,1.6416693955107926,0.14359514518745262,0.29000404704500876,-0.26997458254111595,0.4960224548019542,0.19064829493527735,2.601767065214758,2.4711363636363637,0.0,0.0,0.38257575757575757,0.23863636363636365,0.0,0.09090909090909091,0.0,0.0,0.0,0.0,0.2878787878787879,0.0,0.0,0.06479220066828595,1.1271709272894985,1.4975675175580971,1.3968872709946143,-0.228964653250234,-0.45135250921683007,0.7852235221058821,0.1751195738127919,0.22406073698080584,0.16487262432639152,-0.28649725258525843,0.14544663733747115,-0.30080077870151484,31.97118598998222,4.802083333333333,0.15906039588544452,26.34375,-0.034067573937005956,-20.383580315723275
s831,11.29299294715929,0.8872005951105438,-0.8577055665980993,0.5843601712056982,-0.7038073667548593,0.6207040840830739,0.3055174285187534,2.0316486921628223,2.342511848341232,0.0,0.0,0.0,0.4218009478672986,0.0,0.3080568720379147,0.04739336492890995,0.12322274881516587,0.0,0.0,0.0,0.0995260663507109,0.0,-0.9212281478340563,-0.9849165663143876,-0.9817824451657546,-1.007672131354562,-0.12763811601581257,-0.742597208723458,0.7555684557330116,0.1419113742094742,0.33480225769361344,0.34003354297007615,-0.26268340178006694,-0.9086922112928428,0.007810498465371026,24.105318512933945,0.46153846153846156,-0.5390727335870507,2.4984615384615383,-0.44656823299157244,-20.14217587228185
s832,9.574534929309275,-1.8683121312287532,0.7258292093127295,0.24710966019850836,0.46705668828896846,0.48334985539036923,0.12770930310765993,3.784766212238286,2.3701999999999996,0.276,0.0,0.352,0.0,0.0,0.124,0.0,0.0,0.0,0.248,0.0,0.0,0.0,0.3619309270042542,0.6540170310065895,1.189051363867192,0.9313980595822954,0.7142097303136495,0.6766155902317857,0.41239305017394934,0.07401720657997078,0.08956360026702352,0.09103185600910586,1.4008625503089194,0.571994663917501,0.38057895132644776,35.60829255449022,7.395161290322581,1.1878201120168157,50.314516129032256,0.8861968354074639,-16.382978949924738
s833,13.795246446624942,-0.9422109642484069,0.035042858318616595,0.5600228665359586,1.0309098704856825,0.4263685605287792,0.0887638086719222,4.803405429623575,1.8410928961748636,0.09836065573770492,0.0,0.453551912568306,0.0,0.0,0.3879781420765027,0.01639344262295082,0.04371584699453552,0.0,0.0,0.0,0.0,0.0,0.10404323861153762,-0.5307997953720623,-0.8610007428813495,-0.6990506125174012,0.9914387724644426,0.14945399461810008,0.3587671523452349,0.07060682490462436,0.10429142136936088,0.10429142136936088,-0.6178620273407793,-0.3117975013000371,-0.28389531441759747,24.45350742376775,0.051643192488262914,-1.021194581281827,0.08685446009389672,-0.7480753378034954,-20.87813803835245
s834,14.919057333604155,0.09580123168026934,0.23525747784462442,0.22516403027514525,-0.48826537979554746,0.6373845489195445,0.1854752671384441,3.436493494541147,2.7967637540453074,0.04854368932038835,0.0,0.0,0.4627831715210356,0.0,0.10032362459546926,0.0,0.0,0.1779935275080906,0.0,0.0,0.21035598705501618,0.0,0.7201450643195383,-0.24526631547157285,0.9066160249260858,0.14895348473937478,0.016179573873461098,-0.7828262316006037,0.6583876002307415,0.13793651642801358,0.3713731840870895,0.3713731840870895,1.5445406801649408,0.49883578270188134,0.4687510399025142,32.68415159455893,8.274193548387096,1.22227677642675,63.82258064516129,1.1344572550265686,-21.632608728570585
s835,11.391699167845115,0.3761693062428766,1.29077329857273,0.4188524972252989,1.7092004404525118,0.4386863217977058,0.06829380900431865,6.423515223319362,1.9659813084112148,0.0,0.0,0.38317757009345793,0.0,0.0,0.3177570093457944,0.0,0.14953271028037382,0.0,0.0,0.0,0.0,0.14953271028037382,1.0544146335841376,0.368465553339553,-0.31385727319890117,0.2889870908901479,1.5329333840259274,0.28595917749246585,0.4728991790988848,0.08325484614052266,0.08896549927704175,0.09083564490749008,2.3235968453577245,1.0332490446191716,-0.23171698075801928,43.384125718378286,0.48823529411764705,-0.7385842597882781,2.0294117647058822,-0.607410822308323,-18.45033213930005
s836,14.933852421284515,0.6354580580784529,1.068571996034201,0.3938459424610876,1.29946202095099,0.4193678393888708,0.08697133247849702,4.821908868563744,2.026742081447964,0.0,0.0,0.4434389140271493,0.0,0.0,0.25339366515837103,0.058823529411764705,0.058823529411764705,0.0,0.0,0.08144796380090498,0.0,0.10407239819004525,1.0066502361764031,0.9582115443202831,-0.2180735985149705,0.5387923234056039,-1.2925224247505558,0.43736310492859365,0.42868475891567204,0.07666089093441206,0.10562362301957212,0.10638350519956905,1.0098710120386936,1.007617984622034,-0.2620840052384278,42.497643923123185,0.29285714285714287,-0.9090700394296231,0.6964285714285714,-0.715308692913824,-20.857030681050286
s837,9.45008732452805,0.2686069591103505,1.8634514133726034,0.24617925611315836,1.0364965359435905,0.5040245941620974,0.06717642943764801,7.502997679117856,2.383311036789298,0.013377926421404682,0.0,0.36454849498327757,0.0,0.0,0.13712374581939799,0.0,0.0,0.13377926421404682,0.0,0.046822742474916385,0.30434782608695654,0.0,1.9256469097246802,0.7348695267519663,0.7113512660192851,0.9100977281565947,1.184428340175999,0.8464978259759511,0.2657163589273549,0.06378061392994515,0.04470067513973377,0.053510297247564516,0.5184802402132956,1.6381660956838242,-0.30165616814727275,44.300426621750944,6.25,0.6140712013528883,35.46951219512195,0.2662240110922089,-16.042985945367697
s838,10.975811587812474,0.059515735538164784,1.3763278002915926,0.30315578032831525,1.2878471218712697,0.3913654329440599,0.21051929366257785,1.859047815215188,2.157,0.0,0.0,0.4083333333333333,0.0,0.041666666666666664,0.12916666666666668,0.2875,0.0,0.0,0.0,0.0,0.0,0.13333333333333333,1.5719587746441355,1.823071512145069,1.5349209579957293,1.6673470491939875,1.9476408048187637,0.6959257114186773,0.306716895158786,0.07842827233148673,0.08694186376912912,0.0886578216066777,2.2388484572120073,1.5390841914848579,0.1339107030071036,45.92179184829994,3.92258064516129,0.0158378455711094,23.703225806451613,-0.052795841570421526,-18.193873713280095
s839,12.975977694178024,0.6926293959134258,-1.3960174915263235,0.4202079436364091,-1.6938690396770504,0.6512251683638438,0.3171771720814089,2.0531905372959685,2.7077732793522267,0.06477732793522267,0.0,0.0,0.5951417004048583,0.0,0.1659919028340081,0.0,0.0,0.13360323886639677,0.0,0.04048582995951417,0.0,0.0,-1.061794940701385,-0.6630656191564851,-0.8374231342523898,-0.7010281811634027,-0.35171622592325796,-0.7923152143051633,0.5554528970974907,0.08178961175573998,0.3673188221576566,0.3673188221576566,-0.9144336939360935,-1.0339031907797285,-0.2903205103025748,21.12155617078979,2.375609756097561,0.7549253933662181,15.546341463414635,0.5214211611278411,-21.990163719732593
s840,10.690600057814638,-0.8471575500454525,-0.1657123161096123,0.37163027153503425,0.03801895608736287,0.4825054876928234,0.15207856110846887,3.1727383805839673,2.2461137440758296,0.26540284360189575,0.0,0.32701421800947866,0.14218009478672985,0.0,0.2037914691943128,0.0,0.0,0.0,0.0,0.0,0.061611374407582936,0.0,-0.2223126832924755,0.8014518979492151,-0.14161520234944822,0.1905990905848088,-0.813301409351361,-0.16496685557994822,0.5344850387120785,0.11997075980287997,0.06202730746902352,0.1137639897070699,0.005056264617278619,-0.025121818375288346,-0.29730227971524736,32.834034467843736,1.1023255813953488,-0.3880249277561799,5.437209302325582,-0.39484935121185427,-18.16847175772266
s841,14.095141662823181,0.36089852077150963,0.39221788423493364,0.406254773455626,0.5375606307252272,0.43051164670077213,0.18372067098407063,2.343294548157291,2.1039819004524887,0.0,0.0,0.5067873303167421,0.0,0.04072398190045249,0.22624434389140272,0.07692307692307693,0.0,0.0,0.0,0.1493212669683258,0.0,0.0,0.44682241619758994,0.4997016662577107,-0.20636032517333025,0.22299286547706462,-1.2021212388023126,0.33460303199034486,0.3202997980412062,0.06530941847524745,0.10975838422408137,0.10975838422408137,-0.7182349539848817,0.26729595628568537,-0.2970120446996612,35.1016298937562,0.46,-0.8018512380889723,1.308,-0.6743402750123493,-20.764467282804855
s842,10.427042029802962,-0.5209267431906883,1.2179085822121483,0.25475405434480725,0.8318286492768877,0.4631078246589967,0.0767991233865547,6.030118629453958,2.3012260536398466,0.14942528735632185,0.0,0.421455938697318,0.0,0.0,0.13409961685823754,0.0,0.0421455938697318,0.05747126436781609,0.0,0.0,0.19540229885057472,0.0,0.9049977565692995,1.0711768533923622,1.7212724170412552,0.5265807334764466,0.782099885403437,0.515962777874692,0.3278257707514505,0.07565539418941024,0.07703558069635721,0.08170440376886372,1.2271561951888044,1.1780345722594883,-0.1559415839574208,41.10822328496089,6.578571428571428,0.8879467580825109,39.40714285714286,0.49803198682129074,-17.195694443211675
s843,13.006045035044522,-0.6796848245825221,0.5610849430649887,0.4342939179179361,0.9281949441923256,0.4337785181414083,0.10420549748767584,4.162722011789352,1.9879146919431279,0.0,0.0,0.47393364928909953,0.0,0.0,0.2985781990521327,0.0,0.17535545023696683,0.0,0.0,0.0,0.052132701421800945,0.0,0.4218552591026681,-0.22088496751767764,-0.4196090110022118,-0.07752111722730778,0.736101357335044,0.20182868972780524,0.30857760262318734,0.06642347121826543,0.10814475672584789,0.10814475672584789,-0.04600925050112851,0.36747986948264827,-0.29409905988707985,35.47975440887837,0.5206349206349207,-0.6807622247579357,2.6253968253968254,-0.544105053375887,-19.998163342805366
s844,9.115119776049767,0.3577779650445065,1.9054710139851192,0.2955389932606454,1.4840511809471169,0.45986749718218356,0.029260492042809807,15.716328232258384,2.1999999999999997,0.0421455938697318,0.0,0.42528735632183906,0.0,0.0,0.19157088122605365,0.0,0.0,0.14559386973180077,0.0,0.0,0.0,0.19540229885057472,1.4040064806342198,1.1094455045787401,0.5613094095056209,1.0704394215624677,-1.2740956851189476,0.29861931889950755,0.32416908223632207,0.07804140755520735,0.07403708283363368,0.0871024503925102,3.0556213714911524,2.2514156820330067,-0.3016493512235704,49.31406510146704,2.515,-0.13448636707581998,11.86,-0.28336570944323763,-15.81596700213373
s845,13.207913377261336,-0.9331540072566463,0.10157528541479846,0.4283849018410187,0.34859000912526367,0.4523239402201919,0.21950152960750982,2.060686962086284,2.1104739336492893,0.07582938388625593,0.0,0.4597156398104265,0.0,0.07109004739336493,0.2559241706161137,0.09004739336492891,0.0,0.04739336492890995,0.0,0.0,0.0,0.0,0.02379394082333603,-0.009370591120270185,-0.35803195807596283,0.00031207040457070307,0.6976607555827513,0.14975962266031267,0.3280797203246812,0.07002192068799605,0.11225628795932455,0.11225628795932455,-0.5187206995409172,0.013187263698994775,-0.28393218881746374,32.570587156278364,0.3148148148148148,-0.8485823902835212,0.7518518518518519,-0.6997221612463844,-20.03183538643507
s846,12.706739605298498,0.1164570200170285,-1.2778300695957325,0.37309958748745176,-1.6097698097265398,0.6032077673657397,0.4004875041022269,1.5061837415325878,2.7429200000000002,0.0,0.0,0.0,0.472,0.132,0.112,0.172,0.112,0.0,0.0,0.0,0.0,0.0,-1.5619754378873676,0.4055051943424064,0.022412917330237675,0.16126355571164222,-0.0920376655595139,-0.25472724718926376,0.513493778167014,0.07866922932213694,0.3312697834689364,0.3312697834689364,-0.8278388835115305,-1.0442765053765644,-0.22273183647206427,23.427916112686212,7.803571428571429,2.79621976752124,73.3125,3.1235467005369837,-21.6693356923211
s847,13.085203839798092,-0.9745485969805822,0.2866941838615152,0.40675542115927876,0.5274554269878993,0.42390832649906846,0.07500610977024796,5.651650616163759,2.0413023255813956,0.07441860465116279,0.0,0.5348837209302325,0.0,0.0,0.25116279069767444,0.0,0.10232558139534884,0.037209302325581395,0.0,0.0,0.0,0.0,0.25491922836466546,0.7111699668692463,-0.2968541875491637,0.17105640572712935,0.9997382980901894,0.10190676233326133,0.3223478314029959,0.06296211692720717,0.1108874431925588,0.1108874431925588,-0.12778437531638942,0.15221557264699748,-0.29673691807075786,34.46459353541893,0.5555555555555556,-0.6975796672369278,2.533333333333333,-0.5728082844331992,-20.01719781047365
s848,10.070954900327797,-1.8623905242147534,1.6915249773094023,0.19625274854248453,0.7830170422347184,0.4921030969690015,0.15656143435108108,3.1431948679359007,2.472700964630225,0.0,0.0,0.36977491961414793,0.0,0.0,0.07395498392282958,0.0,0.24437299035369775,0.0,0.31189710610932475,0.0,0.0,0.0,1.9610998882698238,1.2532455225420434,2.5865640440856046,1.9017245824831335,1.1264091020859166,0.7797836918523269,0.40217693442818514,0.08314657602698342,0.1001305523677412,0.1001305523677412,0.552026758934113,1.410009125908614,-0.26100263706556076,42.233373667049456,17.119565217391305,1.5007712844145025,93.1413043478261,0.7382083990213307,-16.707808993111534
s849,13.784139150243842,-0.7747988375277272,-0.6476258867148135,0.6223511517335284,0.07913519891634917,0.538167280533764,0.2024138316607094,2.658747557508086,2.0537912087912087,0.12637362637362637,0.0,0.23076923076923078,0.22527472527472528,0.0,0.3791208791208791,0.0,0.038461538461538464,0.0,0.0,0.0,0.0,0.0,-0.5850155332008378,-0.9067634100643202,-1.089844362548844,-1.0994266650557203,-0.7848673697909625,-0.6253337772813289,0.8561542147232953,0.1999667122600158,0.2066692351921617,0.15721232707621222,-0.2591453844138879,-0.822822031068019,0.18116973604604322,19.427741328321183,0.24879227053140096,-0.7449082279010779,0.9685990338164251,-0.6196145064322335,-21.03364362191806
s850,9.799945793800703,0.7734863509144224,2.311896470681854,0.32266725536153446,2.1487470320572277,0.44072679156502675,0.06602531795611964,6.67511804877537,2.101902834008097,0.0,0.0,0.3319838056680162,0.0,0.0,0.23076923076923078,0.0,0.17408906882591094,0.0,0.0,0.0,0.0,0.2631578947368421,2.382642454032734,1.4923700993090092,1.1033007089999682,0.9429853587563556,0.9241526844232217,0.44251556723040925,0.5142203605440483,0.08387239732617499,0.06369009104251555,0.07892033020485621,2.94081339781748,2.319099445653347,-0.28681771200888073,51.32307410499245,1.9719298245614034,-0.24627609921674617,9.750877192982456,-0.31921047278423786,-16.748891763625345
s851,12.899834620996344,-1.0400540768589137,0.460527663057723,0.25820498580054124,0.034969733298978574,0.4355913886730101,0.046326831686335675,9.402572393084458,2.2832830188679245,0.10943396226415095,0.0,0.6226415094339622,0.0,0.0,0.10566037735849057,0.0,0.0,0.16226415094339622,0.0,0.0,0.0,0.0,0.3543370671418318,2.1873741476010102,1.5425741970772744,1.806160902720651,0.9034588531176615,0.3546867018795642,0.25729062559783566,0.051402418918297305,0.12802188034755094,0.12802188034755094,0.2838026371798171,0.5180740319323475,1.6466029090298682,35.487636813883974,4.785714285714286,0.24849787865812284,27.205357142857142,0.04639200679643312,-18.87785873496733
s852,12.579257617948745,-1.3331126884215612,0.12449888770142338,0.40803519611853073,0.35890936589409866,0.5098169456690109,0.13967669124463347,3.6499786838170727,2.1978504672897197,0.205607476635514,0.0,0.2850467289719626,0.06074766355140187,0.0,0.2616822429906542,0.0,0.0,0.0,0.18691588785046728,0.0,0.0,0.0,0.09416687116442221,0.2023552160687203,-0.5830544260070225,-0.2377506792663863,-0.8052603488738255,1.8831030420300003,0.5847310360471593,0.08000818238191992,0.020531988829542956,0.07417332608936293,0.6132085799918785,0.1540118203217158,0.4842003376440382,34.02741212736044,0.9464285714285714,-0.37349541003747544,4.642857142857143,-0.38922856657712157,-19.166138816738272
s853,12.780370908954662,0.2162919437795909,-1.3217756794525517,0.5033684147589088,-1.5297669986985276,0.6644996685327315,0.3391790755558402,1.959141103983971,2.605378151260504,0.0,0.0,0.0,0.5756302521008403,0.0,0.226890756302521,0.0,0.06302521008403361,0.13445378151260504,0.0,0.0,0.0,0.0,-1.0830062576031387,-1.055340392769328,-0.581196531015107,-0.9691160628613673,-0.48738141879893676,-0.9673290535092756,0.5736396202992206,0.07938488868925751,0.3761181245252419,0.3761181245252419,-1.19306728126067,-1.246979797556548,-0.3013047180594246,21.41690880868162,1.6814814814814816,0.6421789174780415,8.34074074074074,0.15201945492091895,-21.518316503720886
s854,13.732473970311936,-0.17033311861932346,0.201459581629798,0.5763048772364302,1.1203948578656504,0.4585822674170507,0.11942639925221869,3.839873514469467,1.8502139037433156,0.0,0.0,0.44919786096256686,0.0,0.016042780748663103,0.41711229946524064,0.0,0.016042780748663103,0.026737967914438502,0.0,0.0748663101604278,0.0,0.0,0.33319596154383424,-0.8773519271504052,-0.8852052983668626,-0.789275712915944,-1.3618778498269568,0.04403701407249499,0.38066159383875775,0.07216261179127638,0.10275851758389375,0.10275851758389375,-0.8957036166544075,-0.14176823199662655,-0.21842514716425954,26.61618830381539,0.07051282051282051,-0.9974059654481174,0.1987179487179487,-0.7338452115253841,-20.922285266576637
s855,13.1305897942904,0.6575581094407211,0.7621126136506629,0.5442248250344002,1.9856912789576655,0.45798718816370537,0.04118496263271931,11.120252608894159,1.8163186813186813,0.10989010989010989,0.0,0.3076923076923077,0.0,0.0,0.4340659340659341,0.0,0.0,0.0,0.0,0.0,0.0,0.14835164835164835,0.7154904873669053,-0.5608361809611843,-0.6507201668394185,-0.5026482017930822,0.7477987370938469,0.17420264794733306,0.39454062238010545,0.07974964229621392,0.07490806930435817,0.0761940447430596,0.26677228626594407,0.43485958382643813,-0.3012603114060865,31.41527353044659,0.03375527426160337,-1.0437134989536812,0.04219409282700422,-0.7537677855992547,-19.846909814888438
s856,11.484173628922944,-0.6411029674849472,0.7845585805769616,0.3670944332588191,0.834506028264632,0.44552721406266943,0.1736123614664941,2.566218270976361,2.13938864628821,0.0,0.0,0.3930131004366812,0.0,0.0,0.21397379912663755,0.14847161572052403,0.0,0.0,0.1703056768558952,0.07423580786026202,0.0,0.0,0.9129344793594111,0.5609746061189429,0.29884979796994443,0.48124819368108274,-1.6075013546445678,1.0113577914388738,0.2998010484822738,0.0807229927728274,0.09881287934974757,0.09962615407690598,1.087404767041965,0.8098437175298832,-0.22495586981257462,39.73047354865176,1.889795918367347,-0.09257353280892563,9.289795918367346,-0.24123997118401022,-18.579958042401834
s857,16.41121253237318,0.9125229197805383,-0.6929860602225011,0.6879219926338364,-0.06535760204792276,0.6612210746384005,0.19797257439195456,3.339963005831741,2.1619251336898397,0.10695187165775401,0.0,0.0,0.28342245989304815,0.03208556149732621,0.42780748663101603,0.0,0.0,0.0,0.0,0.0,0.1497326203208556,0.0,-0.5431587787358084,-1.439180204518479,-0.9536794728514227,-1.3134727186494484,-0.6977415991793281,-1.013304497553722,0.7440776329267648,0.1862535172306223,0.3005748993660301,0.31709000372680096,-0.04029820557766823,-0.8746492126773707,-0.2987943630608063,20.04636375859783,0.08958333333333333,-0.9416597045431016,0.22708333333333333,-0.7212638336472436,-22.94003947989728
s858,13.826979131523771,1.0716808341586401,-0.5022889353433587,0.5683800693875556,-0.11675897507081516,0.6250452558795534,0.1963815766036383,3.1828100511744917,2.2555,0.15,0.0,0.0,0.3,0.0,0.35,0.0,0.0,0.0,0.0,0.0,0.2,0.0,-0.7262295292704082,-0.6835607043682524,-0.8700402448857719,-0.8025569086091646,-0.9019854455057686,-0.988918448211842,0.7235265644640888,0.19158560636535563,0.2843468145649761,0.31694708629854024,0.03646903147592699,-0.48604289742927975,-0.2971519314939136,27.6010487694691,0.11142857142857143,-0.9473399927107381,0.2857142857142857,-0.7223867691839845,-21.079025597508984
s859,11.709387036219477,0.9967527045682908,0.9475366972146557,0.4003964808565197,1.0356597138118302,0.5092523600090983,0.11910624036949878,4.275614429850728,2.159652173913044,0.05652173913043478,0.0,0.29130434782608694,0.0,0.030434782608695653,0.2826086956521739,0.0,0.0,0.0,0.0,0.1,0.2391304347826087,0.0,1.0634552164933024,-0.27708003121339225,-0.019277704858394553,0.1704177599640387,-1.5665539261622852,0.6463376376067642,0.35936756367456857,0.0845438004974987,0.07160846677888393,0.07706209173224265,1.2243110670510748,0.9174893867309406,-0.24633121696747268,40.40403991741177,0.676923076923077,-0.6286915667116345,2.923076923076923,-0.5509441296700993,-18.29183386036745
s860,13.028893826217837,-0.2782842462294202,-1.0600867014960682,0.3137058534512694,-1.513015008418096,0.6371691641784418,0.3228349090819667,1.9736687274320346,2.7738970588235294,0.0,0.0,0.03308823529411765,0.5992647058823529,0.0,0.11764705882352941,0.051470588235294115,0.0,0.19852941176470587,0.0,0.0,0.0,0.0,-1.049470000348638,-0.4518869508678804,-0.026989834129075425,-0.43419784809262046,-0.22546461295888062,-0.967753583985428,0.594610591034965,0.08908743650558577,0.36964537621725124,0.2991860193897822,-0.14184219929051825,-0.6237341422548726,-0.021217343633832927,26.58980213486643,7.484375,2.5151495674723217,63.8203125,2.5095136762183103,-21.484180719543076
s861,13.13083178288285,-0.7925141366050609,0.16666308955820225,0.5418891626832197,0.9453536344494133,0.4353797363900628,0.12465393449627375,3.4927075358626363,1.8694358974358976,0.0,0.0,0.46153846153846156,0.015384615384615385,0.0,0.37948717948717947,0.0,0.14358974358974358,0.0,0.0,0.0,0.0,0.0,0.4537513371012728,-0.5985696116193495,-0.7014908521271669,-0.5959532346559699,0.47161022276446124,8.138576889125167,0.8663506890274956,0.05983437755996444,0.006259955392160966,0.0971176370997973,-0.6229785718056334,-0.21598497341861683,-0.2994611394004886,28.24852054796742,0.09234234234234234,-0.9808000274406852,0.5337837837837838,-0.6976350144109422,-20.604409399513983
s862,12.062020114619417,-0.8030864285312975,0.13387784634768776,0.48550448311784417,0.5965505679687,0.44733704939271984,0.15356025077063176,2.9131044469372056,1.9875621890547264,0.0,0.0,0.44776119402985076,0.05970149253731343,0.0,0.31840796019900497,0.0,0.17412935323383086,0.0,0.0,0.0,0.0,0.0,-0.11684192710961483,-0.15984674842318433,-0.6834967542031407,-0.4343622944760678,-0.555463147792331,2.5372663572962804,0.5792533454926112,0.09737806735739454,0.028041993886223082,0.09742661431393144,-0.30983441252741345,-0.1598723054961547,-0.20275717604865282,30.61423988152716,0.309375,-0.7994516219571038,1.325,-0.6306142823720504,-19.836340354764427
s863,13.77699161431048,-0.6085275404396839,0.048349720461417806,0.36360626615865727,-0.38198887959195255,0.6642562250917692,0.15085590868402707,4.4032496365991,2.5965413533834583,0.0,0.0,0.0,0.31954887218045114,0.0,0.22180451127819548,0.0,0.0,0.10526315789473684,0.30451127819548873,0.04887218045112782,0.0,0.0,0.0054415317828321276,-0.5326215068446362,0.38325718046145957,-0.5055297687391949,-0.4907137984524513,-0.9402746311918766,0.7729959063789398,0.1893077993407689,0.3440372203975722,0.36738816295849336,0.5023339863376433,0.22145818599493403,-0.2873566649815007,32.562936154607826,2.01271186440678,0.21840801221799483,10.898305084745763,-0.009205219391155057,-20.17821382918477
s864,13.884274654032785,-0.8133054330717825,0.15825912260487268,0.44420930808455295,0.6501365027414191,0.38717982634887865,0.2376476278410677,1.6292181405985422,1.9893069306930695,0.0,0.0,0.44554455445544555,0.0594059405940594,0.0,0.2376237623762376,0.25742574257425743,0.0,0.0,0.0,0.0,0.0,0.0,-0.07818127034108718,0.6491439227228785,-0.4232311756739981,-0.054235285697306984,-0.36976990557759504,3.2394076751165404,0.6033863386618317,0.093974101610766,0.023181186973428355,0.10269753360133327,-0.20805281938321046,-0.12796648792491408,0.836273923298948,32.17519077840872,0.5208333333333334,-0.7297808289044283,2.341666666666667,-0.5908504352522078,-21.458289546719712
s865,14.049690373206335,0.6201199803069949,-1.096683671614972,0.4985421556393947,-1.0801989205300029,0.613347538966838,0.27361604911733883,2.2416358285467646,2.47625,0.16203703703703703,0.0,0.0,0.4444444444444444,0.0,0.2361111111111111,0.0,0.06481481481481481,0.0,0.0,0.0,0.09259259259259259,0.0,-1.1148868991754561,-0.9588518764154027,-0.4753457607451669,-0.6934294535428008,-0.7253999555079034,-0.7753315718924523,0.7394280950475893,0.14424124813906386,0.331973466415793,0.34134368522591607,-0.38189875379507127,-0.8703842143005416,-0.28690305785838865,25.230851227068,0.7137254901960784,-0.3823558083319336,2.819607843137255,-0.46486720154040234,-21.795218999627
s866,13.688206887130162,1.3175982501473067,-1.4991015428793155,0.5838412777654061,-1.4884556661112025,0.6328972895012717,0.34530623176431763,1.8328580004696933,2.506411483253588,0.1291866028708134,0.0,0.0,0.5263157894736842,0.0,0.24401913875598086,0.0,0.0,0.019138755980861243,0.0,0.08133971291866028,0.0,0.0,-1.7031087191971659,-1.1377307074371652,-0.92952901500043,-1.1867079573617938,-0.5609624730347584,-0.9531162257903733,0.6230092786172822,0.09394382245908656,0.3609592682497764,0.3609592682497764,-1.6407799636238194,-1.5705806113307548,-0.3013108879423886,16.480195187238486,0.5607843137254902,-0.4145308914643015,2.619607843137255,-0.4273073315266208,-22.406416087333646
s867,12.805093760063372,0.40705275891575965,0.8945332067212075,0.512444072561546,1.824334802430931,0.4717949712478932,0.10754477367573378,4.386963263044629,1.8740414507772023,0.0,0.0,0.3005181347150259,0.0,0.0,0.40932642487046633,0.06217616580310881,0.015544041450777202,0.0,0.0,0.031088082901554404,0.14507772020725387,0.03626943005181347,1.046924355784741,0.06544638747405133,-0.6476714242850012,-0.34377349663553103,1.5539711538700633,0.3620044441452992,0.4121212394137603,0.08076209660789871,0.07224612151769928,0.07412264415452265,0.5852657497842065,0.5081690841555246,0.07004469149718293,35.53227896607258,0.1308016877637131,-0.9520197963129884,0.47257383966244726,-0.7093942795346033,-19.70162478711471
s868,8.706989731499114,1.5233362638602856,2.210884140972095,0.32330308449004885,1.9935995262760113,0.44492851294038027,0.051916564390830956,8.570068496654212,2.1392800000000003,0.032,0.0,0.332,0.0,0.0,0.212,0.0,0.056,0.0,0.0,0.1,0.0,0.268,1.4400431172334616,2.0661394942014346,0.5612878582587429,1.2777566295581297,-1.6981429146056661,0.3928404876906908,0.47598966851954994,0.08227455113279092,0.058427956356326284,0.07037912924739302,2.4545314390371162,2.4392068041157398,-0.09299259459945747,52.23520189496913,1.929245283018868,-0.31804909157934474,8.60377358490566,-0.3964439430120598,-15.798215393999303
s869,12.48503892752878,-0.22012516484669647,0.3765430968799475,0.40188371926576333,0.4395493422210525,0.4674209471168944,0.2134183852196957,2.1901625140482865,2.161184210526316,0.0,0.0,0.4780701754385965,0.0,0.07894736842105263,0.24561403508771928,0.0,0.10526315789473684,0.0,0.0,0.09210526315789473,0.0,0.0,0.5475185436898358,0.4479016339083331,-0.005473227686459037,0.10532756955052375,-1.3183961679551275,0.2390908068647136,0.2809159826900243,0.06089202996120142,0.10338928720224004,0.10338928720224004,-0.11362056333646,0.2282642382894677,-0.2981451168308095,35.076812888792404,0.5785714285714286,-0.6989060625097496,2.085714285714286,-0.612222047944244,-19.275957908219986
s870,11.43163319802662,-1.1570871478605464,0.11117467430459589,0.26500726753406634,-0.06203758101116855,0.4179580790202569,0.059216673599748214,7.058114777693863,2.2547302904564317,0.25311203319502074,0.0,0.5850622406639004,0.0,0.0,0.0995850622406639,0.0,0.0,0.06224066390041494,0.0,0.0,0.0,0.0,0.5101857358465247,1.7324035881710307,0.6273819619760256,1.790772199604321,0.33251747616829,0.23777084826437558,0.28653795151334305,0.05409508738988238,0.1269694222852327,0.1269694222852327,-0.3303897491654502,0.31704497931708553,1.776411775603578,34.69305393321306,5.525,0.4944848631432869,41.916666666666664,0.5146836963244117,-18.344361461579467
s871,12.624506449856923,-0.44469022989667156,0.0350954079492074,0.31713540752896174,-0.33786489549749077,0.5188901525379287,0.39619879195866675,1.309671213212739,2.527587548638132,0.0,0.0,0.33852140077821014,0.0,0.27626459143968873,0.12840466926070038,0.20233463035019456,0.0,0.0,0.0,0.054474708171206226,0.0,0.0,-0.1264815278201077,0.3803123487917341,0.746398615467981,0.5557720785803417,1.3093984103212313,0.7306101711601105,0.3324227391931361,0.07777526338335826,0.08515380582951523,0.08646386438073854,0.3532944355462903,0.3928262351162413,-0.2248931704595912,31.890826821651707,4.0227272727272725,0.4274460482341018,29.863636363636363,0.43426928746754,-19.546327079367128
s872,13.85557358786973,-0.8414466157359609,-1.5382097221817885,0.3022608657922123,-1.7332398308133345,0.5893376491404994,0.3771907095061349,1.5624394617569812,2.721336206896552,0.28879310344827586,0.0,0.0,0.5689655172413793,0.0,0.09051724137931035,0.02586206896551724,0.02586206896551724,0.0,0.0,0.0,0.0,0.0,-1.4430510455973926,0.5139128489733541,0.7860410707198829,0.5257693896149763,-0.5825950841186263,-0.9304450342795085,0.5151134366507619,0.0715524940416231,0.3294201306897775,0.3294201306897775,-0.7397304094878158,-1.3693087975763036,0.08794343045430018,20.96920321319774,10.838095238095239,3.7710240299691633,146.8761904761905,6.249760519953094,-22.22687656829416
s873,14.62246467948944,-0.623508900550201,0.006303169154286993,0.5946966893278719,0.8309905074519683,0.47290366099330866,0.11069305311058132,4.2722072226238295,1.8627659574468087,0.0,0.0,0.4308510638297872,0.03723404255319149,0.0,0.42021276595744683,0.02127659574468085,0.0,0.09042553191489362,0.0,0.0,0.0,0.0,0.17305831260103507,-0.8911839932685391,-1.0205893596244335,-0.8868451239813095,-0.32551126342369435,3.6800890609805523,0.8205617316674172,0.0906790214909576,0.01701728996087024,0.09382938508841751,-0.9028280254965025,-0.2953918068205311,-0.2542099578805947,23.183549180433616,0.004219409282700422,-1.074443413082606,0.002109704641350211,-0.7582798499846025,-21.741350755487037
s874,15.672182989330677,-0.12768466283928065,-1.6444182842111106,0.5387958278549339,-1.6801425561845007,0.6310220350754114,0.3438004007559891,1.8354313540293883,2.5736492890995257,0.22748815165876776,0.0,0.0,0.46445497630331756,0.06635071090047394,0.21800947867298578,0.0,0.023696682464454975,0.0,0.0,0.0,0.0,0.0,-1.8649322730338187,-1.1501308071372223,-0.8383098093810374,-1.150423836595866,-0.7166674327702335,-0.7189069305728307,0.6081982828574335,0.08832880177856865,0.33900282792463104,0.33900282792463104,-1.5046820800448362,-1.7236984026545648,-0.046381348816188106,14.696760881561392,1.065217391304348,0.12507551494229494,10.191304347826087,0.47027984912397025,-23.069879237118094
s875,14.068992452614408,-0.11181332211773116,-0.9049925574390227,0.6740540325828837,-0.5194266049439124,0.6220903452495479,0.2341198995774438,2.6571442511821535,2.1848205128205125,0.0,0.0,0.13333333333333333,0.35384615384615387,0.0,0.38461538461538464,0.02564102564102564,0.0,0.10256410256410256,0.0,0.0,0.0,0.0,-0.6381052085895088,-1.2492823689248944,-1.1840204341856797,-1.2787920465776172,-0.38919637466012136,-0.9310956005897733,0.7365437572449129,0.16595923041740165,0.2929745927232467,0.19345318018392968,-1.220114822754301,-1.0335918752854265,-0.09538817403196437,18.0995274130245,0.16,-0.8418627143644285,0.35555555555555557,-0.7022199679265875,-21.781234309133794
s876,14.34165901469322,0.6430491229255816,-1.4679311785694311,0.7381421265985154,-1.293499531906145,0.6482465679307033,0.4472779356966062,1.4493148805140625,2.338009950248756,0.0,0.0,0.0,0.4975124378109453,0.0,0.3383084577114428,0.0,0.16417910447761194,0.0,0.0,0.0,0.0,0.0,-1.7779338202216837,-1.666572638287272,-1.310615446478801,-1.5939893098345908,-0.23945913113895112,-0.919450750516691,0.5573504154016679,0.08837664162153451,0.35624045527103576,0.35624045527103576,-1.7940144569105023,-1.6533876668076886,-0.2650674080887463,11.37589542242914,0.25588235294117645,-0.6645099833211778,1.3088235294117647,-0.5321693186184764,-22.8727752711456
s877,13.340236144666804,1.0209043679858625,-1.0252657157784453,0.6727478307800617,-0.7793460611273785,0.6495434243799741,0.29087646229493075,2.233055982788244,2.2918974358974364,0.0,0.0,0.0,0.41025641025641024,0.010256410256410256,0.358974358974359,0.0,0.13846153846153847,0.0,0.0,0.0,0.08205128205128205,0.0,-0.7766297307534559,-1.6899432253896727,-1.05083335691535,-1.3922084375611552,-0.25329436821821855,-0.8399247913937166,0.6949977828255837,0.1293115096331039,0.33630852247789306,0.33711116811626507,-1.114842337791849,-1.1339905758068891,-0.2994051081739487,17.90013494968251,0.12142857142857143,-0.9039262256800129,0.3142857142857143,-0.7100666905007887,-21.890162882136465
s878,11.902964581258056,-1.3806104280317768,0.8995166724258199,0.2587733853709649,0.6717263390446041,0.3868480365105427,0.1590724423634163,2.4318985159399964,2.1995967741935485,0.020161290322580645,0.0,0.5443548387096774,0.0,0.0,0.0846774193548387,0.1975806451612903,0.10080645161290322,0.0,0.05241935483870968,0.0,0.0,0.0,1.3177441940440597,2.2916428825475728,2.471834291823927,2.4861917525139017,1.0802362787050905,0.7359590734903702,0.24740186253019814,0.05634590959330315,0.11997915265643022,0.11997915265643022,0.8365573676505713,0.8666080969874412,-0.22749577923178307,40.97995997509292,11.704761904761904,1.2806029774416885,94.11428571428571,1.264765909227478,-18.769745372036557
s879,10.916542583152244,0.09391778983598348,1.3237037404241931,0.33046877909351846,1.18482413627852,0.4226457292913069,0.09196474051786985,4.5957366585423225,2.1188477366255145,0.0,0.0,0.46502057613168724,0.0,0.0,0.1934156378600823,0.11522633744855967,0.0,0.102880658436214,0.0,0.0,0.0,0.12345679012345678,1.5808656341531238,1.4189237446109306,0.7934539798330402,1.1123167881201383,1.1452901492331276,0.15956590496876116,0.3288171450380162,0.07695650753304249,0.09848213259800605,0.10240398743597974,1.459928078058859,1.5139394580095857,-0.24487666528012939,45.35004062882274,1.6212765957446809,-0.39468619448714315,6.906382978723404,-0.44747376883237583,-17.617446227829127
s880,11.568574069309458,-1.182276859985335,0.8266787948481539,0.36388079880401475,0.5964488757314277,0.5227672991273994,0.08953388573883797,5.838764785125746,2.219193548387097,0.0,0.0,0.3870967741935484,0.0,0.0,0.25806451612903225,0.0,0.0,0.14516129032258066,0.20967741935483872,0.0,0.0,0.0,0.6357801220806049,0.31615462150590035,0.3927088945450262,0.010634584524470914,-1.282123982678443,0.5451402586814149,0.32588933383738145,0.07932211676405093,0.08076736144086503,0.08717746949172732,0.39485185481593404,0.6803568881515631,-0.2737470336648833,38.301104098846956,1.7316176470588236,0.0012529146674278278,8.691176470588236,-0.18015763744751512,-17.929772155287893
s881,9.747501350320592,1.1721598614026305,-1.4693138916463522,0.4990414153483509,-1.5670637199087298,0.5524879395374918,0.5253055260202476,1.0517459119898853,2.5302232142857144,0.0,0.0,0.0,0.5491071428571429,0.0,0.14285714285714285,0.2767857142857143,0.0,0.0,0.0,0.03125,0.0,0.0,-1.458534375589735,-0.6881584217709228,-0.2981004984739197,-0.6705092606710643,-0.01025970177300709,-0.8004009816649976,0.6800925248550064,0.08130329573561164,0.3458312643975541,0.3458312643975541,-0.7167321699648762,-1.688401620571859,-0.2991631105346954,18.337430654584406,2.3125,0.5055598979415691,15.33125,0.36190381519298925,-21.169212834789555
s882,11.720312324473698,0.3186861031512096,1.1427022760703751,0.3753639749623767,0.9737914409697359,0.5198331641639374,0.15342227926975013,3.3882508240537628,2.215,0.0,0.0,0.36363636363636365,0.0,0.09090909090909091,0.2727272727272727,0.0,0.0,0.13636363636363635,0.0,0.0,0.0,0.13636363636363635,0.7304376030304011,-0.06965515703362697,0.3721143409247811,0.14731632376920734,-1.351817702648791,0.3377159596115232,0.35062084621357265,0.08323213869259641,0.08642911077694437,0.09070127214614693,1.1298732539481353,1.128740576677323,-0.2742135540013429,41.73629421775701,0.717391304347826,-0.6366421245199239,4.0978260869565215,-0.4887668217701058,-18.090056395642293
s883,13.591805741003354,-0.7938183583947798,0.506083601910513,0.32834315544429377,0.17302428673735898,0.451578287119193,0.03731112663147751,12.103046139009356,2.196328125,0.0,0.0,0.609375,0.0,0.0,0.18359375,0.0,0.0,0.20703125,0.0,0.0,0.0,0.0,0.2680243407748884,1.2449958642297285,0.16012723447882357,0.9853729957726308,1.0190713636094952,0.028746082754260147,0.2366779607893983,0.054889002234336494,0.11347005420003531,0.11347005420003531,-0.1300419073153818,0.4556978849919636,-0.2991424573807797,36.204476669301755,1.4627659574468086,-0.38173447453641046,7.547872340425532,-0.3746127981053108,-19.582001537077744
s884,12.178891960305192,-0.8825892592021494,0.6071390894559714,0.4185392713005479,0.6240343497784834,0.5264654716552004,0.09788163919100117,5.37859271673907,2.1538695652173914,0.021739130434782608,0.0,0.34347826086956523,0.0,0.0,0.3,0.0,0.0,0.09130434782608696,0.2217391304347826,0.021739130434782608,0.0,0.0,0.780103787174786,0.10044493192633995,-0.5117527684139133,-0.12117911982282616,-1.4478009317336198,0.4857032272163438,0.36761727694010154,0.07277468910045652,0.08186617705413061,0.08481630956058576,0.15585712987105055,0.5649086612021701,-0.27040304651759856,37.445730672191,0.5710144927536231,-0.6446699968720977,2.681159420289855,-0.5408051237877514,-18.666411017264966
s885,12.957594515358789,-1.2906986757092416,-0.07719238125198216,0.2587712038039323,-0.12270446192558256,0.40661516730475333,0.07030620524304565,5.783489037690222,2.248695652173913,0.34782608695652173,0.0,0.5652173913043478,0.0,0.0,0.08695652173913043,0.0,0.0,0.0,0.0,0.0,0.0,0.0,-0.2823924379938764,2.4175825919981935,1.0260949267587238,2.219576746481592,1.254383267672667,0.09371311982680541,0.24118010715975846,0.0528495966178307,0.11817741265202998,0.11817741265202998,-0.5689384967644198,-0.01835661857500628,0.17097301609023152,32.67858430868254,5.284090909090909,0.3013913844339072,35.11363636363637,0.21986562347497526,-19.49202935470739
s886,10.234496036373795,0.4526632944161117,1.397142822880161,0.3951556233481167,1.669591462606343,0.4512402622093136,0.09007930462043016,5.009366625449853,2.0276470588235296,0.0,0.0,0.34841628959276016,0.03167420814479638,0.0,0.29411764705882354,0.0,0.1583710407239819,0.0,0.0,0.0,0.0,0.167420814479638,1.259996252469654,0.35313926556314357,0.16901819002502352,0.5037991899949344,-0.4748759424602095,5.143573501089058,0.564155278125684,0.04135708481835742,0.005142782719708276,0.0875017749300826,1.662831759028756,1.2291555439780484,-0.27003464696492274,44.99072729812027,0.6584615384615384,-0.6625970556142441,2.4184615384615387,-0.595245468816604,-17.536213191747073
s887,13.772215637699128,-0.1950300944092154,0.42826632467366743,0.40139944183262866,0.5924870585605612,0.41118299776923034,0.1268185205111546,3.2422945490289314,2.05243119266055,0.0,0.0,0.5275229357798165,0.0,0.0,0.22477064220183487,0.11009174311926606,0.0,0.04128440366972477,0.01834862385321101,0.0779816513761468,0.0,0.0,0.42816480909251103,0.6458477513070457,0.1164711414009972,0.3124026250405302,1.1418176286724282,0.21838374739671068,0.2785626466501174,0.06307294345506528,0.11024912158987397,0.11024912158987397,0.07066095539404042,0.30676101396603467,-0.2455438644401526,35.33769522819768,0.746938775510204,-0.6353186242632772,3.2122448979591836,-0.554830504860089,-20.72504645987743
s888,14.178257230694314,0.6820256665378616,-1.0882401944340496,0.4011349860373456,-1.2519073138112868,0.60304613836896,0.27797518129238513,2.169424390930256,2.617829787234043,0.16170212765957448,0.0,0.08936170212765958,0.4,0.08085106382978724,0.16595744680851063,0.0,0.0,0.0,0.0,0.10212765957446808,0.0,0.0,-0.8370175049453209,-0.41947000728961115,-0.3254649727638588,-0.3064183393847396,-0.737854690632371,-0.9457321547125724,0.7506737609180019,0.13157643207420558,0.3280803167538053,0.2134148164125734,-0.02243361049293977,-0.9124444857037438,-0.2906764423514677,24.473738561943275,2.3846153846153846,0.552773230687706,14.594871794871795,0.30663702859149805,-21.63711888094086
s889,11.151884160254154,0.18007385084870012,1.4497447273422799,0.3297313518548231,1.3490590745993625,0.41772994254115037,0.09525127055911549,4.385557694812018,2.106721991701245,0.0,0.0,0.44398340248962653,0.0,0.0,0.1950207468879668,0.11618257261410789,0.03319502074688797,0.07053941908713693,0.0,0.0,0.0,0.14107883817427386,1.6456255979577827,0.7148047027361629,0.7180464768620825,1.1206191859794072,1.017632750859921,0.37236740523276435,0.3243025861029252,0.07290196886664599,0.08187331378352249,0.08438696815406924,1.6962453916579223,1.5521861075090553,0.08379781516282941,46.179742912533996,1.3829787234042554,-0.504651458037316,5.514893617021277,-0.5140990040640803,-17.84767272504274
s890,12.820677933790785,-0.77542859059645,-0.8534029816870196,0.6818158134536246,-0.036735535662419765,0.568846771104713,0.22703572982125197,2.505538540354741,2.059550561797753,0.15730337078651685,0.0,0.16853932584269662,0.2696629213483146,0.0,0.4044943820224719,0.0,0.0,0.0,0.0,0.0,0.0,0.0,-0.8773083458794995,-1.2693228417308378,-1.3614437796542993,-1.290372394783936,-0.800901571388855,-0.7568991502513978,0.7378021777102154,0.19503678011099615,0.23655051428830975,0.1627834234890287,-1.3025530653098367,-1.007501230760933,-0.18107469833995593,15.342606533179314,0.2222222222222222,-0.7383924076954896,0.6504629629629629,-0.6520606734957504,-20.365771678256856
s891,12.328077864295409,-0.7875580037422031,0.4408275924063643,0.2613342177426064,0.0286754581422449,0.4745369957536535,0.1842293218707415,2.5757951608083154,2.39551724137931,0.0,0.0,0.40229885057471265,0.1839080459770115,0.0,0.10344827586206896,0.0,0.25287356321839083,0.0,0.0,0.022988505747126436,0.034482758620689655,0.0,0.28270885734548223,1.7284376916337152,1.441631910749367,1.3576877658593134,-0.14845328047532372,1.1180360098869446,0.45072031405043966,0.1200294863848782,0.0563134921503141,0.11208515108189432,1.674234788869754,0.7015124903747372,1.01735080557438,40.101233335144244,7.2592592592592595,0.901945381059311,58.333333333333336,0.9391131760009884,-19.254899040317884
s892,11.16114255112164,-1.8682020675900732,-0.27268588118428877,0.2432680020623653,-0.5970585884856892,0.6017533128289054,0.22924972306464972,2.624881307530337,2.6959055118110236,0.28346456692913385,0.0,0.0,0.3543307086614173,0.0,0.11023622047244094,0.0,0.0,0.0,0.25196850393700787,0.0,0.0,0.0,-0.4513065678600853,-0.30870655828698534,1.4443242720453497,0.21963316170619754,-0.8183949990033391,-1.4220005451901319,0.5768030496428368,0.16149170889921674,0.1508531234579006,0.20858703490475144,0.4978786503907856,0.14165434001094454,-0.24243511672996937,33.346228713319654,8.25,1.8051762575804666,70.79464285714286,1.880687528957962,-17.979990521123376
s893,16.794219082346967,0.7773526306866976,0.15429545489009805,0.43114934549933354,0.14016157801151855,0.517487798161594,0.2847451774709765,1.8173715978538054,2.2651541850220265,0.0,0.0,0.41409691629955947,0.0,0.14977973568281938,0.2555066079295154,0.0,0.0,0.0,0.0,0.18061674008810572,0.0,0.0,0.33201185454294646,-0.6805730453275578,-0.20870871452562256,-0.4247095830263052,-1.5158860211775549,0.372062491271382,0.35462979034520664,0.07203760626636087,0.11543958848048835,0.11543958848048835,-0.06629418632859821,0.0018832034424886763,-0.3001266249853948,31.648331538310092,0.5862068965517241,-0.6558059381912363,3.475862068965517,-0.4906184307006044,-22.24398236502422
s894,13.285318226110126,0.7216789002089922,0.5965726777812218,0.4959495473835294,1.2118465090326829,0.4622829311361582,0.07775909608420016,5.945065650397771,1.9435820895522389,0.0,0.0,0.4129353233830846,0.0,0.0,0.3582089552238806,0.0,0.0,0.0,0.0,0.13930348258706468,0.08955223880597014,0.0,0.2754023481301181,-0.1335829967709325,-0.6748151693417008,-0.3528544098159528,-1.4680878030126383,0.11570268206744089,0.3433924566073585,0.07162323898545395,0.09497220226138653,0.09497220226138653,-0.16288266891260877,0.29403259964262096,-0.294867362774644,34.0540887553918,0.20833333333333334,-0.8897038632355752,0.6416666666666667,-0.6961832008258757,-20.1569589788084
s895,11.518925279645758,2.2944335894467667,0.46723330050361855,0.3831847346254959,0.20716838417298591,0.6175905186345902,0.18853795695376532,3.275682672142461,2.479635627530364,0.0,0.0,0.0,0.3117408906882591,0.0,0.23076923076923078,0.0,0.0,0.0,0.0,0.1700404858299595,0.2874493927125506,0.0,0.9281360481984134,-0.09894864801344863,0.6416776405784004,-0.04547532644370089,-0.3583190539990582,-0.4426497267533006,0.879219500952845,0.20688940702718386,0.156710234479204,0.25091245408187157,1.0018314667129873,0.9863659750236972,-0.2985989566502382,40.16542868798113,1.817543859649123,0.020286020837735116,9.27017543859649,-0.16044156740502066,-18.53378696029952
s896,17.001689347887528,0.3784069142497458,-1.3555346733907043,0.3907214867842347,-1.685696149024381,0.5992984143627025,0.42811168764689006,1.3998646419973673,2.7493650793650795,0.0,0.0,0.0,0.4365079365079365,0.16666666666666666,0.10714285714285714,0.25793650793650796,0.0,0.031746031746031744,0.0,0.0,0.0,0.0,-1.6311759096510252,-0.34122407794764886,0.5548286493238209,-0.01840351344927786,-0.39651545444642966,-0.4250485508528087,0.6289378353256713,0.1151357310202444,0.31439633600127687,0.31439633600127687,-1.0108759549608002,-1.0067051391688175,-0.2933650936634802,22.343868269219556,7.074074074074074,2.388228054639558,57.28703703703704,2.235526887456251,-24.784408051076923
s897,16.018389987998898,1.004060964878419,0.6742694921032147,0.25340154128036335,-0.11194226946375847,0.6329348141351121,0.16213522796572896,3.903746410181121,2.7265161290322584,0.0,0.0,0.0,0.38064516129032255,0.0,0.12580645161290321,0.0,0.0,0.14516129032258066,0.0,0.05161290322580645,0.2967741935483871,0.0,1.1257711732201356,0.28847259944770376,0.7346129783260225,0.1569458358289448,-0.17065858952892357,-0.9437017289424763,0.7958860012505654,0.1599937939515064,0.36072619798320316,0.3630534637766432,0.6562283992803669,0.8064561698022896,0.9501383876410029,34.65818459116345,5.217948717948718,0.5622514779165287,28.756410256410255,0.20615111828760402,-22.02247365131235
s898,12.555843751396026,-0.2559411702749288,0.34178710220938585,0.3457203943672808,0.2901268744052405,0.41335165988487643,0.25466053565584423,1.623147688825614,2.195793991416309,0.0,0.0,0.4978540772532189,0.0,0.07296137339055794,0.1459227467811159,0.21030042918454936,0.0,0.0,0.0,0.07296137339055794,0.0,0.0,0.5968159586563699,1.4160297055262896,0.43761765101666006,1.046942243198655,1.473733697140294,0.5759241584460865,0.29251533499050475,0.06526564934906326,0.11261121886914309,0.11261121886914309,-0.050526089585430665,0.38911254485516233,-0.29651656738199456,36.64252432973214,1.7529411764705882,-0.38854731839090567,8.870588235294118,-0.3856992113346823,-20.086277425604933
s899,10.674048820798832,-0.8758778157955296,1.1092462447796034,0.2686210387311816,0.734944767917687,0.4252752811999365,0.10720366125132702,3.966984674179421,2.2237692307692307,0.0,0.0,0.5307692307692308,0.0,0.0,0.13076923076923078,0.0,0.25384615384615383,0.0,0.0,0.0,0.08461538461538462,0.0,0.8075421783426128,0.3039676656782817,1.6099393166680938,0.9620844083270493,1.3626879159661591,0.35653089137363103,0.3106978977458778,0.060507931133571335,0.11425723090871431,0.11425723090871431,0.3693380221831932,1.093927738193886,-0.28157314563940045,41.59760153714709,6.3088235294117645,0.8011074159482641,38.955882352941174,0.4795874093680013,-18.020057949671905
s900,10.880823502227837,-1.4243388821786829,1.0602079972042275,0.3039494147089678,0.7975340591621061,0.46142324740739177,0.19433983565831892,2.3743111948424667,2.2511553784860556,0.0,0.0,0.3545816733067729,0.0,0.0,0.16334661354581673,0.19123505976095617,0.0,0.043824701195219126,0.24701195219123506,0.0,0.0,0.0,0.6380432939453275,1.1458076667423867,0.5415588954852376,1.267996063202488,-1.4348226390350918,0.5764143237669089,0.37225770715218603,0.08241867236814257,0.08891229366986454,0.0894577678641582,0.7938521700443342,1.190567903877645,-0.18342342010493498,41.85606210532882,4.152439024390244,0.4822352619342416,21.03048780487805,0.08479565558060635,-17.705160735832315
s901,16.897772870996057,1.8282709813237932,-1.0336483399551453,0.724341035059011,-0.701032288848164,0.6766241885065805,0.23559417569294083,2.871990305008437,2.2601020408163266,0.0,0.0,0.0,0.41836734693877553,0.0,0.39285714285714285,0.0,0.0,0.04591836734693878,0.0,0.07142857142857142,0.07142857142857142,0.0,-0.7698356106469574,-1.536704329495873,-1.2845529309244461,-1.4308976049965416,-0.31078154798425517,-0.9362934849361657,0.6559000564238364,0.12777826066687825,0.34100707251343737,0.34100707251343737,-1.0340321562788646,-1.2070126527811866,-0.29635032396258637,16.962442815978346,0.02813852813852814,-1.0349555976891738,0.021645021645021644,-0.7548918216911741,-24.259161975756836
s902,9.579981855403648,0.9092224154263998,1.7262323151772627,0.34572848408038864,1.47267264184443,0.5035785398245726,0.054093194174879476,9.309462077549695,2.1793172690763054,0.0,0.0,0.30522088353413657,0.0,0.0,0.2570281124497992,0.0,0.0,0.08835341365461848,0.0,0.05220883534136546,0.21285140562248997,0.08433734939759036,1.99065564718722,0.6268674401399716,0.38708644178343854,0.5103754162912413,-1.6311508229661837,0.3984247534565088,0.34134984690715237,0.07215306577446146,0.05298010874662189,0.06863819756647369,2.287590210197961,1.662195326864152,-0.2916028709424829,45.848960012216324,1.19375,-0.4582277748161539,5.4125,-0.4581658884691259,-16.418928150667934
s903,15.720501175903989,0.1589459484194232,-1.4941803608939028,0.5154378744022379,-1.6963001827528332,0.6785530477126722,0.2821118080611949,2.4052628366604294,2.6675324675324674,0.10822510822510822,0.0,0.0,0.45454545454545453,0.11688311688311688,0.22510822510822512,0.0,0.0,0.09523809523809523,0.0,0.0,0.0,0.0,-1.3977945399096534,-0.8214468400838087,-0.7937516680122252,-0.9125771554664074,-0.8011649129883728,-0.7521737280936601,0.6005172761956763,0.08479238067154572,0.35697181808274114,0.35697181808274114,-0.8311129985632891,-1.3096748229947017,-0.22009308215504725,18.550232019082344,0.9346153846153846,-0.05923072345009502,4.507692307692308,-0.23385269459375063,-23.322071010342874
s904,10.414335024285268,0.45707743440490467,-1.4448122128717245,0.37616493567332127,-1.716758840426684,0.5681027021180586,0.4498456884907677,1.2628835101744402,2.668230452674897,0.01646090534979424,0.0,0.0,0.588477366255144,0.0,0.09053497942386832,0.18106995884773663,0.12345679012345678,0.0,0.0,0.0,0.0,0.0,-1.177029548346385,-0.7243299291150345,0.40797439389031953,0.5188728188203982,-0.558256458375986,-0.6270988459681764,0.4894417088226589,0.06376842584091057,0.32490616659710087,0.32490616659710087,-0.8596063549191421,-1.4339983293037226,-0.2621149348911378,20.317987573639854,7.336363636363636,2.074377170758003,68.32727272727273,2.37322938933532,-21.324633346628183
s905,14.92015994471316,-0.3575045082948376,-0.7302023160110294,0.402066079231252,-1.0422870426957824,0.6304567495005649,0.24253818796495855,2.5994123019986115,2.5970682730923693,0.0,0.0,0.14457831325301204,0.357429718875502,0.10040160642570281,0.20481927710843373,0.0,0.05622489959839357,0.1285140562248996,0.0,0.008032128514056224,0.0,0.0,-0.23276256073037754,-0.6803825382458334,-0.019745442057547982,-0.4773992928095859,-0.3728053590194844,-0.8607273096212716,0.6740961011978902,0.15222924252635844,0.32477361929502924,0.2130757304855062,-0.5069941209295633,-0.49402619123027514,-0.29002584458813047,27.598863007643367,1.415686274509804,-0.02294281502633929,7.454901960784314,-0.1652981930274562,-21.66343218809494
s906,11.122575847926617,0.14322241435222335,2.321846254798373,0.21821327157978837,1.4875437130534341,0.42023000067730104,0.07670445663757679,5.478560426584579,2.300769230769231,0.0,0.0,0.46153846153846156,0.0,0.0,0.07023411371237458,0.0,0.26421404682274247,0.0,0.0,0.0,0.0,0.2040133779264214,2.2523697045546234,1.750357317976202,3.726383306559841,1.9377494819169587,1.7824607289798993,0.8537397437759201,0.3216430840226562,0.07653048560718492,0.09144171471129271,0.09144171471129271,1.4918137852628248,1.8756263621289968,-0.276859829681091,47.323398861055985,12.119047619047619,0.47661109003239227,73.25,0.2442922802445336,-17.90842270146736
s907,12.80308571758416,-1.1362743889323632,0.37121806278785474,0.307906403864404,0.021577053582077545,0.5119106661005132,0.1547150884859995,3.308731366216018,2.3756153846153847,0.03461538461538462,0.0,0.35,0.1423076923076923,0.0,0.16153846153846155,0.06153846153846154,0.0,0.13076923076923078,0.11923076923076924,0.0,0.0,0.0,0.20963627237151936,0.9379843608583199,0.4201132838500246,0.7275410855427723,-0.6436578929382929,1.1162752080110414,0.7119097131141381,0.16053626396610643,0.07916773100732301,0.11508810954339176,0.7674100889326623,0.5570017604876282,1.4852008717403917,37.84911253222973,3.238095238095238,0.3236380507648598,19.607142857142858,0.14735442177599448,-19.115995033941648
s908,13.34059924858259,-1.0072252395818446,0.3921526622789749,0.34679473043380615,0.5337449147383079,0.37721546298163444,0.14583548560899545,2.5865821436148937,2.073607305936073,0.0547945205479452,0.0,0.547945205479452,0.0,0.0,0.1598173515981735,0.1780821917808219,0.0593607305936073,0.0,0.0,0.0,0.0,0.0,0.41360704996404796,0.4881625722789005,0.44785210663071956,1.003139806586549,1.1098900644154586,0.21664374693623434,0.31565763476165626,0.06240011037179439,0.11054954495602548,0.11054954495602548,0.05567151805578001,0.35065535441092266,-0.05097364580584626,37.14960337829934,2.5314285714285716,0.00028539383066980063,15.342857142857143,-0.060721620634164426,-20.62377494321661
s909,12.025448880709556,-0.40979441005775197,-0.9860264490820106,0.3156915270690397,-1.3483116533276158,0.5920685182046704,0.3791770593903531,1.561456590112829,2.688392156862745,0.0,0.0,0.054901960784313725,0.5568627450980392,0.0,0.10980392156862745,0.0,0.2784313725490196,0.0,0.0,0.0,0.0,0.0,-1.168253966908759,-0.23595196124266846,0.6436023531973125,0.41163842790248717,-0.3640209465247474,-0.6069194073983134,0.7318964225041351,0.10119530781791886,0.32380702997052374,0.21083603125769904,0.7037684697881156,-0.7486736020449439,-0.14257547885734104,28.288815138295607,8.901785714285714,2.8059937362884235,94.33928571428571,3.6317184707807533,-20.34650826700463
s910,10.063699345848706,0.32408721632687326,2.1988392689522427,0.2881316117097293,1.7984136750075708,0.44140666636160575,0.07964986802927233,5.541838012831148,2.183473282442748,0.0,0.0,0.3702290076335878,0.0,0.0,0.17938931297709923,0.0,0.20229007633587787,0.0,0.03435114503816794,0.0,0.0,0.21374045801526717,1.6201860374793509,0.7350657574259891,0.44532953197229996,0.8358667706188816,1.4324040227032384,0.8053716705328827,0.3717250756107637,0.08037722339191052,0.05970403198428682,0.07149272619774473,2.433375588316281,2.2272694145973144,-0.2768293582485271,50.000971778087205,3.7872340425531914,0.1879868081740929,22.882978723404257,0.05802465711965819,-17.01866755175476
s911,11.555453590009849,-0.34093199135506785,1.2392141201033142,0.3115334597368529,0.9541313246457459,0.4706896061489769,0.08006420489972803,5.878901898026291,2.208181818181818,0.019762845849802372,0.0,0.42292490118577075,0.0,0.0,0.2015810276679842,0.0,0.10276679841897234,0.07114624505928854,0.0,0.0,0.18181818181818182,0.0,0.8030949056630271,0.7089923575600302,1.459959903496258,0.42799150033150823,-1.4292607785695082,0.43150699267971226,0.3272375579486419,0.07613597452812543,0.08954052103541976,0.09319523617972263,0.4325311781104887,1.1826971502410906,-0.24983701692027765,41.75923018517094,2.465686274509804,0.024236764241149903,11.612745098039216,-0.204268225379271,-18.00428066961873
s912,13.307841388425445,-0.731640777621833,-0.22248301928966435,0.5654886016653772,0.14344955707582033,0.5851798931165175,0.36789014967816014,1.5906375683840628,2.1749019607843136,0.0,0.0,0.29411764705882354,0.0,0.21568627450980393,0.38235294117647056,0.00980392156862745,0.09803921568627451,0.0,0.0,0.0,0.0,0.0,-0.39059488054265956,-0.5486826329433371,-0.9637305645539485,-0.8832000356954147,-1.2635579680909508,0.2831712982709097,0.3893325193114031,0.07907903608123432,0.08975965732571431,0.09022233597172315,-0.5743595428895617,-0.4290762605492469,-0.26150901740485283,25.807351238108986,0.18717948717948718,-0.8558182718406709,0.7743589743589744,-0.6598321324466839,-20.188159321702123
s913,10.354166987457162,-1.4970428775998723,0.8720256671148622,0.31397091542121885,0.7694625401923163,0.46009502640496996,0.18794985456360183,2.4479669190128304,2.2372803347280334,0.0794979079497908,0.0,0.3305439330543933,0.0,0.0,0.17154811715481172,0.16736401673640167,0.0,0.0,0.2510460251046025,0.0,0.0,0.0,1.1500606604023889,0.6551518563296532,0.7180427931904132,1.1993057674279266,0.9437038096082878,0.9296995076720116,0.3862812855532116,0.07959326604819054,0.08819692063666675,0.08950677589364694,1.00161083478818,0.9938968735291266,-0.2471101785689831,40.77551800917446,3.2390243902439027,0.25133752153608935,16.98048780487805,-0.014640546969607093,-17.35412329082851
s914,13.008396695663247,-1.249696011000997,-0.72157352844484,0.3954119104678911,-0.5441813598010538,0.5149661964776361,0.21487998138144357,2.3965294168724602,2.338421052631579,0.2822966507177033,0.0,0.24880382775119617,0.2727272727272727,0.0,0.19617224880382775,0.0,0.0,0.0,0.0,0.0,0.0,0.0,-0.8065513661890849,0.2963014227322833,-0.4722166461768618,-0.0947959495341594,-0.7607335003184782,-1.176418068027736,0.579492466336754,0.15292863162122933,0.1600262872181609,0.1460820241667322,-0.5218314683873008,-0.719095064573017,-0.29954249412605805,26.92398461489212,1.6682926829268292,0.10969842030148742,15.239024390243902,0.3997098465682781,-20.046187882107738
s915,11.898702744629949,-0.8412757331977568,0.08797283160911465,0.4670440938206019,0.4319123884082337,0.4609938024766886,0.25363299966502645,1.8175623956091043,2.0740776699029126,0.03398058252427184,0.0,0.4368932038834951,0.0,0.0825242718446602,0.2912621359223301,0.10679611650485436,0.0,0.04854368932038835,0.0,0.0,0.0,0.0,-0.07224490672598596,0.18093809566427108,-0.6113135320200317,-0.2713563863049408,0.719289381027926,0.15255517389934187,0.3571122937200711,0.06502920340595449,0.11008446733957485,0.11008446733957485,0.09639964858443481,-0.1340408803653841,-0.16154542045399783,30.57186627202033,0.20666666666666667,-0.9064136538516883,0.8966666666666666,-0.6784218648402013,-19.37730144245923
s916,14.522466868239663,-0.3093768226418146,-0.8822192303058968,0.466132759578238,-0.9222800472851562,0.5732404915191678,0.31739283223334686,1.8060914844407137,2.4269058295964125,0.0,0.0,0.11659192825112108,0.4349775784753363,0.0,0.21973094170403587,0.03139013452914798,0.19730941704035873,0.0,0.0,0.0,0.0,0.0,-0.7699305714934189,-0.42825750193685114,-0.19929041565990846,-0.5664073734920111,-0.21816668741976414,-0.7333762808984454,0.6565970051034419,0.1445525934635843,0.29436192745598294,0.1877603663111775,0.30170449785741593,-0.8924195500738843,-0.21015000118273555,25.56849338975293,2.159183673469388,0.7393496540339181,14.10204081632653,0.5080412938481929,-21.91302790761547
s917,10.020883683902664,-0.577694339358199,0.7973400996752221,0.3455707940514971,0.7985107472473805,0.4060045400257189,0.10765177737773449,3.7714615579555906,2.088448275862069,0.0,0.0,0.5258620689655172,0.0,0.0,0.1939655172413793,0.04741379310344827,0.1896551724137931,0.0,0.0,0.0,0.0,0.04310344827586207,0.9732555135938613,0.6013171027665664,0.3076478157283649,0.8166580961642934,1.0467727405281555,0.6030178869946015,0.3441904390704938,0.07106050730763012,0.10747700698375487,0.10747700698375487,1.032712794221671,0.7253676757348647,-0.20158922420151382,41.227310354111786,1.5777777777777777,-0.33468382451154405,8.364444444444445,-0.3374977456054926,-17.9292458921181
s918,19.19196067822975,1.9391608196059316,-1.3548114802167017,0.7837620570892017,-1.000584794474849,0.6460010425898396,0.4271221334073828,1.5124504025027738,2.2684210526315787,0.0,0.0,0.0,0.47368421052631576,0.0,0.3684210526315789,0.05263157894736842,0.0,0.0,0.0,0.10526315789473684,0.0,0.0,-1.6332393819125162,-1.6638284777930843,-1.4918792193729156,-1.6642957711600022,-0.1341726687696584,-0.9519619794612085,0.6439843835197753,0.10088109662663691,0.3607584952858539,0.3607584952858539,-1.438644381694382,-1.6273561097465656,-0.2818280160110346,11.42307914677152,0.33153638814016173,-0.5209552602442031,1.202156334231806,-0.5425737087834056,-26.217302383376087
s919,11.341311714985654,-0.9786586009317867,-0.2127797468776961,0.4024487588005465,0.11501452064915256,0.4146785355475186,0.07030620524304565,5.898178320306038,2.0807766990291263,0.27184466019417475,0.0,0.5145631067961165,0.0,0.0,0.21359223300970873,0.0,0.0,0.0,0.0,0.0,0.0,0.0,-0.34846134905297954,-0.01955287531606236,-0.2443852792500393,0.12062673643639857,1.1229114136455478,0.13121808107093863,0.3353919729233706,0.06127288502660543,0.12594871519479517,0.12594871519479517,-0.5113868126557635,-0.3060190589873608,-0.041138396042997245,28.36048181339721,0.2545454545454545,-0.9100714629814977,0.65,-0.7123891371820044,-19.19355775511356
s920,9.573111504887864,0.32448426424218557,1.8563490939605727,0.33826288382140257,1.8499735989194441,0.43410667110762197,0.06965074479241026,6.232620661867293,2.0749789029535863,0.0,0.0,0.3881856540084388,0.0,0.0,0.24050632911392406,0.0,0.18143459915611815,0.0,0.0,0.0,0.0,0.189873417721519,1.8822156119487667,1.0873898803659068,0.2887058220431555,0.8456206878834863,1.4306241413086838,0.38239837016832173,0.3899056400898035,0.08099548212285594,0.08322035977444482,0.09192946719270068,2.0822736874046304,1.9278807814725274,-0.056723599972757305,49.213461847145005,1.9719298245614034,-0.1412009698776653,9.16140350877193,-0.29372499774896427,-16.75861595936722
s921,13.315333641694092,0.6579292822470129,-1.4524020504748385,0.8416291420912396,-1.1626733034315548,0.7048885757517649,0.3106034923581104,2.2694161305149247,2.2978645833333333,0.0,0.0,0.0,0.3697916666666667,0.109375,0.4114583333333333,0.0,0.109375,0.0,0.0,0.0,0.0,0.0,-1.3510967618320866,-1.516881335285351,-1.5421728051618826,-1.709040160647083,-0.29777784474163876,-0.9354400595027066,0.6842285883729089,0.1338585154032561,0.3357040772279512,0.3357040772279512,-2.089313655087906,-1.6701880266035825,-0.23913342712904628,9.252489014689212,0.07383966244725738,-0.9349171081794984,0.14135021097046413,-0.7290181435588321,-21.92756432754418
s922,15.203081554298574,1.1848104434903535,-1.3634594032922245,0.7611676647670473,-1.193785666731174,0.6940532585466562,0.331034874868119,2.096616735089196,2.405073891625616,0.0,0.0,0.0,0.3103448275862069,0.1921182266009852,0.3645320197044335,0.08374384236453201,0.0,0.0,0.0,0.04926108374384237,0.0,0.0,-1.6202829219028558,-1.3644349714163815,-1.2604669177384233,-1.533672030178491,-0.01830596567419215,-0.5372455238093238,0.7628254323613837,0.15811193085665998,0.3074385278155889,0.3125061958565052,-1.645376231053708,-1.5683754674607,-0.21915750851851076,12.540842035580233,0.26216216216216215,-0.6409777786970383,1.4054054054054055,-0.5078369958670529,-22.901931103313775
s923,12.435145662858071,-1.2799345729366716,0.7381054889963496,0.2577790722255614,0.30992650984361797,0.4376625011056812,0.20515341541273144,2.1333425048039474,2.307056603773585,0.0,0.0,0.5584905660377358,0.0,0.06415094339622641,0.10943396226415095,0.0,0.2679245283018868,0.0,0.0,0.0,0.0,0.0,0.5852096523844329,0.7826924361917948,0.6821695373822616,1.5872579103346571,1.0659795882289258,0.09927180486993752,0.2917452487325711,0.06401106655029645,0.12250219158439074,0.12250219158439074,0.722460249646903,0.8896877073430035,0.1362114092865322,38.990840577615906,7.396551724137931,0.9164297825460913,55.974137931034484,0.8519026319575099,-19.253716166016464
s924,9.803561150791104,0.32331482846013965,-0.5274382498530473,0.31721955697056287,-0.8974619562167674,0.6000213905386683,0.36344686572596424,1.6509191497363997,2.670617760617761,0.0,0.0,0.0,0.5482625482625483,0.0,0.1274131274131274,0.0,0.25868725868725867,0.0,0.0,0.0,0.0,0.06563706563706563,-0.6353928208750785,-0.31859477554966453,0.9054751908081998,0.0935630119643773,-0.2404708466398337,-0.5837547040426145,0.850341600877848,0.16554023515973376,0.29663068071652504,0.3059003894889165,1.6319344711279713,0.32135309224142095,0.6645620168056078,37.60994324991857,7.378787878787879,2.134506023510084,65.40151515151516,2.278711501676757,-17.987050443236964
s925,16.230074643844084,-0.09684158005296735,-1.3221147339160852,0.6826759410236451,-1.046640460622019,0.6416431489669888,0.2977804271309993,2.1547525979090554,2.3255440414507773,0.11917098445595854,0.0,0.0,0.43523316062176165,0.0,0.33678756476683935,0.0,0.05699481865284974,0.0,0.05181347150259067,0.0,0.0,0.0,-1.168719247804193,-1.6857912195448181,-1.2400497730792928,-1.4365256173420493,-0.6677189349178212,-0.7759575266297921,0.6449600614709144,0.11005517400103967,0.34535045974859147,0.34535045974859147,-1.1917360208127497,-1.5015921321343153,-0.14433598516870622,14.829267310940326,0.2230769230769231,-0.7405363779787224,0.4512820512820513,-0.6854170586255381,-23.384492197493422
s926,11.182146518923268,-0.15789384979397783,2.1097853766896444,0.20024271721640385,1.1625754225172276,0.46512032662008834,0.10868930408994573,4.279356929502267,2.4125477707006366,0.0,0.0,0.39171974522292996,0.0,0.0,0.06687898089171974,0.0,0.21656050955414013,0.0,0.0,0.03503184713375796,0.2898089171974522,0.0,2.3108519724205405,1.7635778423486737,2.7067471139608994,2.3732801691925975,1.7483792812092238,0.3445878419772618,0.3225603230276951,0.0850444361593452,0.09162582782012622,0.09162582782012622,0.6500258592184095,1.6696086827768934,-0.28234279072040724,44.01849597372442,16.44047619047619,1.0027925930438215,94.9047619047619,0.5230662614303291,-17.623021483170263
s927,10.581828906122091,1.1247815384628024,1.6883580215827236,0.36179150061536147,1.5864303540456675,0.46125483298404996,0.03255834765025732,14.167022170131673,2.0989029535864976,0.0,0.0,0.3881856540084388,0.0,0.0,0.25738396624472576,0.0,0.0,0.09282700421940929,0.0,0.06329113924050633,0.0,0.19831223628691982,1.7583481151304594,1.5023523639704017,0.021118130693574058,0.9357104323215739,-1.2404461199454861,0.32920239357147085,0.36046339497713564,0.08397838389182136,0.08638445721701439,0.09085261879720481,2.0019332229986158,1.6984814658644174,-0.2885963250879752,47.326097420670955,0.7344262295081967,-0.6941672175511607,2.557377049180328,-0.6154474282787828,-17.207448317105875
s928,11.296694628218882,-1.1412100193456216,0.26479460871023974,0.36398014593386013,0.08737486974787259,0.5241587799446252,0.3280320323516726,1.5978890115910735,2.3486776859504133,0.0,0.0,0.39669421487603307,0.0,0.19008264462809918,0.2231404958677686,0.0,0.19008264462809918,0.0,0.0,0.0,0.0,0.0,0.2821228022285906,1.224265012868122,-0.24236136027234068,0.3851200699018159,1.5478641362842098,0.10798437015032826,0.41591961518068793,0.07497465723778385,0.10726224380629519,0.10726224380629519,-0.10460629757419553,0.38538466116657905,-0.2657792460690831,35.67977095987336,1.2469135802469136,-0.31368260295012296,5.08641975308642,-0.42543659169310377,-18.276546676450046
s929,13.512407042676026,-0.930620798498982,-0.5379421253895534,0.48872378998731114,-0.18067713730396165,0.5159879545587613,0.19824810387636946,2.602738409445466,2.1934328358208957,0.14925373134328357,0.0,0.26865671641791045,0.23383084577114427,0.0,0.27860696517412936,0.0,0.06965174129353234,0.0,0.0,0.0,0.0,0.0,-0.7453664014879012,-1.4087844009298411,-0.7813107572618626,-0.5850560858319119,-0.80191617597204,-0.6302690740442953,0.746291766098414,0.1939120093908277,0.17996412011788138,0.15402107399012324,-0.517857832689198,-0.61980528380997,-0.26782644817348983,25.94373089436733,0.40714285714285714,-0.690608658517593,2.35,-0.5191511779431552,-20.6609873526448
s930,12.123255738275791,-1.1575032844029514,-1.1658832795670062,0.3576635374566498,-1.1834376435224985,0.5581665437260909,0.2833631328525995,1.9697923936224944,2.532293577981651,0.3119266055045872,0.0,0.11926605504587157,0.42201834862385323,0.0,0.14678899082568808,0.0,0.0,0.0,0.0,0.0,0.0,0.0,-1.167003648642935,-0.15591394790522944,0.7188804756146354,0.06865137752965017,-0.9507616398373064,-0.8284489092792398,0.5245596411518244,0.13030762380014382,0.23848578803778656,0.1603879634575681,-0.1413351240334857,-0.9440888904952448,-0.29190740372009455,24.895989805144342,2.59375,0.5370918701057488,18.09375,0.4438603063731128,-19.82419875205301
s931,15.02716085352601,-0.6139912075592663,-0.8748084874918076,0.5739132628300698,-0.6464099820734556,0.6388007727520993,0.20812178650178795,3.069360413868115,2.342623762376238,0.16831683168316833,0.0,0.0,0.31683168316831684,0.0,0.3217821782178218,0.0,0.0,0.0,0.19306930693069307,0.0,0.0,0.0,-1.0779081673140694,-0.5846408136054994,-1.1082274267268795,-0.9018295045528899,-0.688620489291955,-1.0040631811748248,0.8467971221558641,0.18001858053701858,0.273254484564924,0.30836009542916765,-1.1570572867930629,-0.7942707593848329,-0.2868505181681148,24.8672973043288,0.12615384615384614,-0.9244116119235505,0.40307692307692305,-0.7056747848635773,-21.84683786579889
s932,13.751925391285733,-0.005698499350054196,0.5245252475990776,0.4165148538070256,0.5544183956413816,0.4751742406735339,0.07163860908685417,6.632935043412636,2.103333333333333,0.0,0.0,0.46320346320346323,0.0,0.0,0.2727272727272727,0.0,0.0,0.09523809523809523,0.06060606060606061,0.06926406926406926,0.03896103896103896,0.0,0.7253891475546961,0.4765189441226264,-0.2625866930266372,0.12941207577956812,0.5385251829436573,0.41423162402320396,0.35803701171128305,0.07011395079109288,0.11252850513732414,0.11252850513732414,-0.5548681839803735,0.3539027346001167,-0.28549870032033653,36.22161702767617,0.22857142857142856,-0.9183426684359456,0.6603174603174603,-0.7088740878434772,-20.078074902931437
s933,15.966419586898223,0.590855049200138,-0.05075214649800023,0.5112760610854502,0.15600693994631654,0.5513590071664356,0.31777884427244824,1.7350400037761073,2.2089719626168227,0.0,0.0,0.35514018691588783,0.0,0.17757009345794392,0.32710280373831774,0.0,0.0,0.0,0.0,0.14018691588785046,0.0,0.0,-0.06598955087939022,-1.0460202373082168,-0.5680147733700516,-0.9342085130779247,-1.3781897712852642,0.4928151333313762,0.40344612390800955,0.0829973382214222,0.10233778874527624,0.102925936956456,-0.09882034594758266,-0.3146936560302175,-0.29217121340081165,28.062403362225535,0.29714285714285715,-0.7895778477801187,1.0685714285714285,-0.6473421115872535,-21.86904116931162
s934,9.61289016577758,0.6097467409886697,2.1049424886682946,0.2699153335407043,1.353299197981015,0.46528868167599113,0.024791428243983792,18.76812731791296,2.2697945205479453,0.0,0.0,0.4383561643835616,0.0,0.0,0.1541095890410959,0.0,0.0,0.18835616438356165,0.0,0.0,0.0,0.2191780821917808,2.0006803282913217,1.2575973381440997,1.0807490118119873,1.4503647954517553,1.123406855621283,0.6530726192398351,0.31171015524375884,0.07204541868147762,0.06992404259276623,0.08068158760703795,2.209519456968526,2.4017574985541623,-0.16820194761094212,49.42524617965239,2.7055555555555557,-0.2893190201397369,11.761111111111111,-0.392274644250253,-15.958754998406164
s935,9.713322189614626,2.603422041485493,1.2629600527808564,0.33813488778767725,0.913722414208909,0.5820390578985355,0.2030021607335673,2.8671569592918758,2.475271317829457,0.0,0.0,0.0,0.3449612403100775,0.0,0.19767441860465115,0.0,0.0,0.0,0.0,0.18992248062015504,0.03875968992248062,0.22868217054263565,0.8949996174775537,0.6386331061268005,1.1003298627109013,0.8286129936704882,-0.05592752396034141,0.3560234914854251,0.7618753612805428,0.19967517760593478,0.16911820890553947,0.25939935802052666,3.1351076320557993,2.1058891032313194,-0.27686228634846943,48.619928535343874,2.926470588235294,0.19911745416084736,13.67156862745098,-0.12164416393298688,-17.063470682372675
s936,10.075739656045512,-1.1131382773805412,0.6176005006852396,0.2743109053186696,0.32629636373688786,0.4102702061829297,0.11189502679534878,3.6665633668714905,2.2165882352941177,0.0,0.03529411764705882,0.5686274509803921,0.0,0.0,0.11372549019607843,0.0,0.2823529411764706,0.0,0.0,0.0,0.0,0.0,0.3460499958399097,1.242388132317236,0.9694874051881458,1.7779177212671946,0.8618834924435261,-0.001749757354351945,0.2816542821921031,0.06715767294605708,0.11695044884373301,0.11695044884373301,0.687465335215039,0.8341049977550375,11.23368828372032,40.44343775027379,5.603448275862069,0.5346689031664433,35.508620689655174,0.3320839630210729,-18.180035108583425
s937,13.19623028666331,0.44384112858342567,-1.3865488551926293,0.7545039895854698,-0.9648822485741498,0.6088377717110203,0.43363089910525215,1.4040460976542204,2.2424731182795696,0.07526881720430108,0.0,0.0,0.45161290322580644,0.0,0.34946236559139787,0.11290322580645161,0.0,0.0,0.0,0.0,0.0,0.010752688172043012,-1.3636692446442775,-1.6810193363773736,-1.3372086638585412,-1.6171798068860388,-0.7240555883525,-0.986209168909014,0.6753518485425389,0.11187918792935059,0.35164673019332837,0.35164673019332837,-1.2812315940784444,-1.6367388824724007,-0.2642391509353212,10.497473514868062,0.21794871794871795,-0.7266964194937932,0.4153846153846154,-0.6868388188902248,-21.756587844001707
s938,13.581177392231469,-0.887816988928602,0.8241414236469954,0.3496050112984,0.7898492889775514,0.4415027047170994,0.11454312049371895,3.854467233074111,2.1237500000000002,0.0,0.0,0.47413793103448276,0.0,0.0,0.21982758620689655,0.0,0.20689655172413793,0.0,0.04741379310344827,0.0,0.05172413793103448,0.0,0.9955159870756517,0.7208103837620337,0.2114264206624479,0.45732713220770516,1.0734324546515148,0.6716578870244534,0.3550724804212405,0.07538110740292657,0.11062843957394587,0.11062843957394587,0.43663614808362444,0.7819521911058153,-0.17217369273656932,39.82586811851469,2.168627450980392,0.07410012217742304,11.666666666666666,-0.09681595622771093,-20.101661353572297
s939,10.627410076066555,0.2095186139158526,1.0279249516836337,0.4092945458122016,1.3787424814293912,0.4413493862788501,0.17755520328900046,2.4857023511751497,2.0282159624413145,0.0,0.0,0.3051643192488263,0.0,0.0,0.27699530516431925,0.18779342723004694,0.0,0.0,0.0,0.0,0.2300469483568075,0.0,0.834216843562925,0.1033129846596406,-0.14619919807080448,0.2475092656146248,1.484688357753227,0.7231790483594301,0.4484651257338814,0.08031711484528026,0.07078076464673422,0.07430720843696298,0.6989020617804025,0.8616080875819864,-0.2790183936450827,40.531180867690296,0.5830508474576271,-0.7052791964392224,2.074576271186441,-0.6165393783881251,-18.138090606825955
s940,13.219347180694042,-0.5718322325778118,-0.5775162133157413,0.6851828990786611,0.31928475639909165,0.5488209260456899,0.2068644636056428,2.653045943608457,1.9662569832402237,0.0446927374301676,0.0,0.22905027932960895,0.2122905027932961,0.0,0.43575418994413406,0.0,0.0782122905027933,0.0,0.0,0.0,0.0,0.0,-0.5672829829536702,-0.9894145866991961,-0.9911259851386863,-1.279680134878189,-0.7775894519823234,-0.7579228396490677,0.7986446606952868,0.20360868383582326,0.1982263816291386,0.1562422954161248,-1.1779666553276635,-0.7259649988602009,-0.29989618897201714,16.237715476853165,0.09188034188034189,-0.9406530088982766,0.13247863247863248,-0.7371899250940185,-20.943080510464114
s941,11.576550903597608,-0.8081762501031213,0.8175145850512815,0.23637685016884674,0.4537622679731564,0.4170230959797398,0.0809697101111158,5.15035925665849,2.27984555984556,0.12355212355212356,0.0,0.5637065637065637,0.0,0.0,0.08108108108108109,0.0,0.138996138996139,0.0,0.0,0.04247104247104247,0.05019305019305019,0.0,0.5646370754365143,1.9774583025444263,1.5924081755839892,1.7137754716874478,1.9240164729606684,1.0156814854534502,0.28038504891042504,0.06430133868322449,0.109607767574003,0.109607767574003,0.40942853946138996,0.9135834717741614,6.781936725546322,38.52329782185526,8.464285714285714,0.5836766111288552,55.595238095238095,0.4062093769200905,-18.27480816862776
s942,11.129938867920696,1.4231872719107317,1.3546647437423984,0.35696016907596245,1.1797336336164677,0.4936305220987671,0.0885433936283103,5.575012452887697,2.19320987654321,0.0,0.0,0.32098765432098764,0.0,0.0,0.23868312757201646,0.0,0.0,0.0,0.0,0.16872427983539096,0.2716049382716049,0.0,1.6051599065584499,0.18365232635268322,0.224669739082191,0.40947557277294167,-1.520682004059003,0.8665934778697381,0.354001293133904,0.08186336294109084,0.061491729830698644,0.06754773352614624,0.3923640387903877,1.4319838925151618,-0.24767068005862666,43.33171366391755,1.2689655172413794,-0.42202926828186693,6.355172413793103,-0.40742637482494887,-17.708574342901585
s943,12.474765255264526,-0.8635080480734795,0.15133318672453994,0.4573691659821177,0.6653516392905553,0.46345165418737055,0.09485949319455043,4.885664455710958,2.035771144278607,0.19402985074626866,0.0,0.38308457711442784,0.0,0.0,0.3034825870646766,0.0,0.0,0.0,0.07960199004975124,0.0,0.03980099502487562,0.0,-0.10150162926766972,0.15057440600051192,-0.5474763560638495,-0.19534920337239275,0.7046300100775352,0.43296826708535613,0.33307734743494727,0.07080793989586123,0.10451507455874415,0.10520494303767977,-0.3361457728937212,0.03718977191456964,-0.2994324144974063,31.334614333525668,0.2262295081967213,-0.8852240051557505,0.9540983606557377,-0.6711350793392495,-19.381322019484237
s944,11.110016204755,-0.5419833079797705,0.7394143968807614,0.2985986348244859,0.5191394006806733,0.4569588753742859,0.06353505013288395,7.192232860736769,2.237246963562753,0.145748987854251,0.0,0.47368421052631576,0.0,0.0,0.1659919028340081,0.0,0.0,0.0931174089068826,0.0,0.0,0.1214574898785425,0.0,1.1662030917834134,0.6797084732497137,0.6728693909931294,0.6978928370582608,0.8043719510609428,0.6241682129392349,0.2950712384619862,0.07057179927482923,0.09856137854317513,0.10002516139282627,0.5451379692548902,0.8632884670497719,-0.286634843468624,39.737663083108714,2.731707317073171,0.03822026225150684,16.75609756097561,-0.027511001903092525,-17.70272330222015
s945,11.756505226092052,-1.042033483187567,0.15161365896585322,0.37559564751734764,0.23000802536863368,0.45530929495833167,0.16114344746873505,2.82549059307342,2.173348416289593,0.049773755656108594,0.0,0.43891402714932126,0.11312217194570136,0.0,0.21266968325791855,0.0,0.18552036199095023,0.0,0.0,0.0,0.0,0.0,0.23318654301093758,0.3283313005504752,-0.10929144251294276,0.22170491012519017,-0.7720392914246716,1.6523975691017216,0.6424650848662758,0.12821247429198895,0.05521712269622436,0.11781834240382057,0.8655721907329514,0.06421486667152548,-0.3016353975064817,35.39960786782538,1.3872340425531915,-0.24422845719300382,9.731914893617022,-0.13371601984951695,-19.244773199150497
s946,14.779108918907435,-0.6175099195927123,-0.42851826131659954,0.6583444059054195,0.4311175883412969,0.5360736848418421,0.31872751687321327,1.681918430202834,1.9995604395604396,0.0,0.0,0.23076923076923078,0.13186813186813187,0.08791208791208792,0.4175824175824176,0.13186813186813187,0.0,0.0,0.0,0.0,0.0,0.0,-0.6505796389718623,-1.3282861283357994,-1.1199173641872358,-1.1434231010280251,-0.20225432754765282,0.5458778915365166,0.7158293103082296,0.159847861407252,0.08875053777082094,0.10794805256979631,-0.3049784401978684,-0.6437315994809684,-0.29965087976730787,18.785192948119157,0.2727272727272727,-0.7017195068931478,0.7727272727272727,-0.6443937546158605,-21.85513295241253
s947,12.915693473952393,-0.9168826921598046,0.14366556514493561,0.32197757547445466,-0.05708659383399183,0.4534582367598481,0.3838246708722871,1.1814202451585785,2.3611203319502074,0.0,0.0,0.4024896265560166,0.0,0.18672199170124482,0.12033195020746888,0.29045643153526973,0.0,0.0,0.0,0.0,0.0,0.0,0.5405986580707697,0.27708685572020636,0.7159140281180884,0.8699182148496977,1.3997060199903963,0.557938294434731,0.34387165393725333,0.08038439287740856,0.10996697014652673,0.10996697014652673,0.5854040944961494,0.3816053151315409,-0.13240828423548645,35.451224596008515,3.268965517241379,0.03648338813407227,21.53793103448276,0.025457979769565677,-20.172922488137907
s948,11.199082383798936,-1.59313107351133,1.0177366185878576,0.2872326449626181,0.7088184861052614,0.4817717106138186,0.13245184737462495,3.6373347760955137,2.288531746031746,0.07142857142857142,0.0,0.38095238095238093,0.0,0.0,0.17063492063492064,0.0,0.15079365079365079,0.0,0.2261904761904762,0.0,0.0,0.0,0.6202353010220134,0.3064842082621682,0.3090547572290967,0.39319041955344897,1.4284859354235246,0.7106331422131341,0.2638100111169565,0.07496411964153438,0.09237606792294807,0.0951418184595633,0.37395146214907576,0.7962177091123541,0.34394462859727476,38.42672044147502,4.75,0.8031615698508656,26.953488372093023,0.38049108487291206,-17.92501053388721
s949,12.707264008666463,-1.2496005089506073,-0.2935643360021339,0.2620249232437814,-0.7869651764502196,0.6130166178026923,0.2973859755880004,2.061350124499374,2.7334545454545456,0.0,0.0,0.0,0.4909090909090909,0.0,0.10909090909090909,0.0,0.2545454545454545,0.0,0.14545454545454545,0.0,0.0,0.0,-0.3765396526740427,-0.20451819619547157,1.6498015482398376,-0.3998231342902765,-0.2170364667539566,-1.1024429720633564,0.7586472430466558,0.19679868286299398,0.26495057153986035,0.3146288037035842,1.0857209770610359,0.3989680867036077,-0.2937044785487467,35.23304714147795,12.131578947368421,3.143373793250886,112.90350877192982,3.4315675092858995,-20.052072902136956
s950,14.04843132792166,-0.28688667723986494,-1.6463154171902328,0.4189792998568869,-1.7766884524980668,0.6033403140607865,0.3689462718858744,1.6353067100442658,2.6404035874439464,0.24663677130044842,0.0,0.0,0.5515695067264574,0.0,0.14798206278026907,0.0,0.053811659192825115,0.0,0.0,0.0,0.0,0.0,-1.706599370931633,-0.9353974895619933,-0.6005624505297782,-0.6415439615846317,-0.7033581535456652,-1.0563040540196418,0.5363356208205303,0.07222843182752822,0.3404497199432212,0.3404497199432212,-1.3658699270476324,-1.5779820945055345,-0.29973507429845575,17.259300413291886,2.787878787878788,1.062452217760409,25.78181818181818,1.353441652637033,-22.578233453958227
s951,8.981068764989418,-0.27661510928454186,1.8102361237889517,0.2261751930868064,0.8765129676110244,0.5105626771994389,0.08651683774334447,5.901309970598357,2.4525949367088606,0.0,0.0,0.3639240506329114,0.0,0.0,0.10759493670886076,0.0,0.0189873417721519,0.10443037974683544,0.1550632911392405,0.08544303797468354,0.16455696202531644,0.0,2.1172523871610607,1.573828165386886,1.4843975945866412,1.485598623158834,-1.2704166524883205,0.8341219514156425,0.332013383698059,0.08000186862912113,0.06815784561032107,0.07356719843653706,1.015129976764788,1.745570709611113,-0.28740948753429885,44.169781671061116,8.073529411764707,0.6533649028512388,45.595588235294116,0.28490252482474526,-15.719132726039126
s952,15.250325822457256,-0.3857114226494648,-1.2878428853969963,0.7494600427241629,-0.6979246152832879,0.6190965688680432,0.30173889723184866,2.0517625488381923,2.178,0.16666666666666666,0.0,0.06111111111111111,0.38333333333333336,0.0,0.3888888888888889,0.0,0.0,0.0,0.0,0.0,0.0,0.0,-1.3415544590638062,-1.3532138601066284,-1.409318242927298,-1.5229313057676932,-0.7497141475194065,-0.9950862374125047,0.7163753763724082,0.13878783876253153,0.33637348683790974,0.21489686877216316,-1.7045241795743467,-1.4869345304762969,-0.15625766581604938,11.423228962247354,0.24047619047619048,-0.663283855621433,0.8166666666666667,-0.6078043706457084,-22.339893623667685
s953,15.89501615851423,1.078214914709428,-1.3861809088547055,0.6902634465463396,-1.4363975374544626,0.7223811534383756,0.28972757914135744,2.4933116673919655,2.5492129629629625,0.0,0.0,0.0,0.2962962962962963,0.24537037037037038,0.3287037037037037,0.05092592592592592,0.0,0.041666666666666664,0.0,0.037037037037037035,0.0,0.0,-1.4626570954631475,-1.6720905418484369,-1.3002314959771106,-1.437085083731148,-0.4245070846481992,-0.6741659314530608,0.7273068611044291,0.15110576903943354,0.32995847650166577,0.33659557229336595,-1.613966871106468,-1.4637436811287359,0.24135863725100395,14.08215416238889,0.4253521126760563,-0.4318317912928413,1.7464788732394365,-0.4749718791062652,-23.428605525343965
s954,14.79468352184056,0.09861464092533934,-1.2572333889830039,0.554716061652211,-1.4521010126832559,0.7061268076403031,0.317519293471881,2.2238863028423705,2.658481012658228,0.0,0.0,0.0,0.3206751054852321,0.25316455696202533,0.270042194092827,0.0,0.15611814345991562,0.0,0.0,0.0,0.0,0.0,-1.0152904689721465,-1.093800085993652,-1.0113156383988897,-1.2814433562010008,-0.25410304442723575,-0.5588145776763976,0.792004634265411,0.15644402590019613,0.287933054242841,0.2906579727372527,-0.6323531186941805,-1.216674016802221,-0.30154270714240766,17.93010646321342,1.628125,0.8543153141599275,11.325,0.6756538232131649,-22.040772044161486
s955,10.394062159265156,-0.6785381842905098,0.010728555395984307,0.3323270109842905,-0.10659299171003492,0.5221111734128233,0.2476373354931533,2.1083701792101484,2.4065677966101693,0.24152542372881355,0.0,0.3305084745762712,0.0,0.16101694915254236,0.18220338983050846,0.0,0.0,0.0,0.0,0.0,0.0847457627118644,0.0,0.3389889477902762,-0.14432909492790666,0.46452774194605556,0.37402571944015073,0.7101622335628337,0.9831512504908743,0.28094767727761094,0.07182756940747367,0.09164679898571039,0.0925073323095199,0.0988450939589422,0.2542174246438653,-0.30121604813195196,33.11898477953797,1.5302325581395348,-0.2609629649588495,10.516279069767442,-0.15871359513404631,-17.56302978982562
s956,15.394637657623015,-0.04357326229222746,-0.9867350704921465,0.5606758079838965,-0.9815733856636448,0.6401388262486912,0.2855223777594365,2.241991788076354,2.4246296296296297,0.0,0.0,0.0,0.4305555555555556,0.0,0.28703703703703703,0.0,0.1712962962962963,0.0,0.1111111111111111,0.0,0.0,0.0,-0.9893197587021748,-0.8843058716800846,-1.069086442138973,-0.9924158017498308,-0.09871476129870413,-0.5649113941976711,0.7144880694073382,0.15226543609683058,0.3360759798617137,0.3449786548249379,-0.852515546028688,-0.9581561772525226,0.48095455711389873,23.672907125135694,0.5903225806451613,-0.40589574366213904,1.8612903225806452,-0.5320709940856723,-22.91971088639473
s957,11.216831735379627,-0.17941655911425577,0.6895991836884814,0.4360802300908013,1.3260288968251421,0.39879467743517166,0.12078502542654222,3.301689725418044,1.9430348258706467,0.07462686567164178,0.0,0.4228855721393035,0.0,0.0,0.2835820895522388,0.13930348258706468,0.0,0.0,0.0,0.0,0.0,0.07960199004975124,0.35090210916600095,0.22197537755939276,-0.2780056506839607,0.18634069475210896,1.219926827171931,0.38122958111007693,0.3694965768231199,0.07792371371009277,0.10079505117839081,0.10150738369555257,1.3614007806641428,0.4690563063037912,-0.2981616360193059,37.6423993127503,0.5298245614035088,-0.7051380131414186,3.6912280701754385,-0.48037895347600473,-18.72997367448807
s958,14.654341987546204,-0.5239198396587509,-0.1255531962588535,0.4282213759113347,-0.20191134334697047,0.5200763876373299,0.13920304569275804,3.736099199906993,2.2323275862068965,0.0,0.0,0.4051724137931034,0.16379310344827586,0.0,0.2543103448275862,0.0,0.0,0.17672413793103448,0.0,0.0,0.0,0.0,0.14725839217291237,-0.25486654559434563,-0.33866254366553544,-0.2443297654077,-0.38456100566662355,-0.7805514845039322,0.7624399747977408,0.20457256295584822,0.17443047652480573,0.16359307595836192,-0.7733070971360947,-0.1751849539096659,-0.28486103281239983,31.373201857385133,0.30847457627118646,-0.8407683249838578,1.264406779661017,-0.6541641943803577,-21.38547156076431
s959,11.983156766945017,-1.125359936380472,0.67658502687846,0.33322818324519726,0.5731983018109467,0.42621220419178907,0.1200383781319354,3.550632812810374,2.1395884773662552,0.0,0.0,0.5308641975308642,0.0,0.0,0.18930041152263374,0.0,0.23045267489711935,0.0,0.04938271604938271,0.0,0.0,0.0,1.0490205404033415,0.7939889783192261,0.3741104362482111,0.5240415713105832,1.2232825118047557,0.3374876393472925,0.3505971634795373,0.06784806526542253,0.11334556084361774,0.11334556084361774,0.4945495102175118,0.6521391040190365,-0.03235718360464981,38.67647283368035,2.260869565217391,-0.0097428608355479,12.321739130434782,-0.13689087812803263,-19.263860906651384
s960,10.342914910017427,-1.1946928562290269,1.2930786011422903,0.2200733531034934,0.45796526861277176,0.47973197861289774,0.06448043107646946,7.439962335921233,2.395718954248366,0.0,0.0,0.5490196078431373,0.0,0.0,0.09803921568627451,0.0,0.0,0.22549019607843138,0.08496732026143791,0.0,0.042483660130718956,0.0,1.586464757089193,0.37007438266155496,1.5676466905004076,0.5540501247075701,0.9628821159379403,0.5690302447179887,0.26262134317329655,0.069190322736928,0.08982843283277661,0.090583293612884,0.17608549366666182,0.9037357148241875,1.469893613801191,39.87068840263078,8.891666666666667,0.8359565025802497,51.625,0.42720358670200553,-16.80470785163838
s961,12.54632349402932,2.328491236643499,-0.0039338638051496615,0.3741477345184212,-0.22922698972825725,0.5528393217195379,0.2173681254110585,2.543332057881438,2.465795918367347,0.0,0.0,0.17959183673469387,0.3469387755102041,0.0,0.17142857142857143,0.0,0.0,0.0,0.0,0.23673469387755103,0.0,0.0653061224489796,0.4611107056685418,0.10190836558452657,0.2412900609607756,0.2809197558328411,-0.36530089844224917,-0.7929942640497246,0.7399784681987764,0.17325452732628435,0.257429242330353,0.1665586192426596,1.8925993574588715,0.042788319879529337,-0.29139796820026914,34.81682550884292,1.138095238095238,-0.5045578912201378,3.9714285714285715,-0.5446025900422334,-20.01579976967623
s962,11.037378930835699,-2.0182879849308466,0.8328192678358269,0.1747557808577064,-0.0482972926159473,0.610072016844997,0.23991473984012684,2.542870093148648,2.81584375,0.0,0.0,0.0,0.36875,0.0,0.059375,0.0,0.25,0.0,0.321875,0.0,0.0,0.0,1.386811248604333,0.14169757654238802,3.9877277151513457,-0.20755328804646023,-0.18366546801158906,-0.31536519666552654,0.8694841479699195,0.22275571266338628,0.17800184895552873,0.25524793435132426,1.270640817488444,1.042240105531305,3.2657875621512145,39.09884673466758,25.07894736842105,2.5173903939130358,183.44736842105263,2.046623772847805,-18.71905926332032
s963,13.508264091840356,-0.2203102833166637,0.7472592866847259,0.2543673183235993,0.14890228754980564,0.43817202659762233,0.04869462112509747,8.998366071520497,2.30719723183391,0.0,0.0,0.6470588235294118,0.0,0.0,0.09342560553633218,0.0,0.0,0.16262975778546712,0.0,0.09688581314878893,0.0,0.0,0.9182582864337815,2.4526025341464432,1.8584168086913229,1.8929556680455788,0.9553160478202541,0.19330323202504734,0.24668930532876765,0.058185989341066065,0.10943029280787393,0.10943029280787393,-0.1990662631649148,0.6879379389161389,-0.3013069236707662,38.14937000597375,5.351851851851852,0.15087706895458644,33.157407407407405,0.054239974570571836,-19.186655983105283
s964,10.731474887661648,-0.9204732907445992,1.5293566769580274,0.24707278250929007,0.9175064579670396,0.4857815990397868,0.11944589818938461,4.066959237642195,2.3588256227758007,0.03558718861209965,0.0,0.3487544483985765,0.0,0.0,0.13167259786476868,0.0,0.18861209964412812,0.0,0.15658362989323843,0.0,0.1387900355871886,0.0,1.426581054779122,0.6627701169265809,2.7307851883554433,0.8897812454639205,1.0699903260670667,0.8740815792793242,0.39289205724945375,0.09007540895050013,0.09864360143338079,0.10068450353200246,0.6454171606231306,1.3570228563177291,-0.2661753257175232,42.25988989340014,6.54054054054054,0.7289799025629611,39.75675675675676,0.41353284869108237,-17.464889279745453
s965,12.269621395242346,-1.6244917110112205,0.1413149147792464,0.2259335495024083,-0.4676991739334997,0.612265271571853,0.2693343612236732,2.273253471224888,2.7575874125874127,0.0,0.0,0.0,0.44755244755244755,0.0,0.0944055944055944,0.0,0.2517482517482518,0.0,0.2062937062937063,0.0,0.0,0.0,0.348698581453225,-0.25779736108393053,1.2171640708004894,-0.3138962972408827,-0.20778764221053883,-1.0032618279483405,0.7816021436719788,0.2078540631048868,0.21879686059602838,0.2685234198223984,3.457502702617872,0.8444558170319509,-0.29882237245144116,39.353969064345456,14.824074074074074,2.893641756681328,135.83333333333334,3.1229695326463776,-19.711867611430783
s966,10.5764275511743,1.1101458892249887,1.758342331002585,0.4369996119130983,2.3627658960222213,0.45778011511178107,0.05583685493463703,8.198529728217345,1.9187735849056604,0.0,0.0,0.2783018867924528,0.0,0.0,0.36792452830188677,0.0,0.10849056603773585,0.0,0.0,0.0,0.0,0.24528301886792453,1.3607833506698581,0.3436441144243319,-0.25067620308906957,0.35081031577373645,1.3310191312192412,0.2521765875996421,0.38498100130846646,0.08224508464776965,0.06544408937866196,0.07596188945737549,1.4930529039367018,1.4279854280908952,-0.30138427034967735,46.00201101162527,0.3871794871794872,-0.7928068799974919,2.264102564102564,-0.5797238777590529,-17.65956881606673
s967,12.78003977979768,0.49054499692077713,-1.408992132848938,0.485489255172934,-1.5759571713274174,0.5963305998816896,0.4536425321401864,1.3145385576355286,2.5769565217391306,0.0,0.0,0.0,0.5652173913043478,0.0,0.16956521739130434,0.1826086956521739,0.0,0.08260869565217391,0.0,0.0,0.0,0.0,-1.3003868254470625,-0.9718176913524901,-0.24376420069138863,-0.804466400626028,-0.2541622388580816,-0.8808443959760235,0.561729821199907,0.07390947921692895,0.34019096179412467,0.34019096179412467,-0.9565967390101522,-1.3860596053941296,-0.24651823107080537,19.366496483413933,2.4461538461538463,0.8605272244282929,17.605128205128207,0.7301549665754304,-22.236881170866123
s968,13.073569654196923,-0.5668647658394373,-0.11401988705178695,0.5674194143042699,0.6149922059626921,0.5280507445691174,0.23292379673001487,2.2670536543811717,2.025,0.13157894736842105,0.0,0.3157894736842105,0.0,0.10526315789473684,0.39473684210526316,0.0,0.0,0.0,0.0,0.0,0.05263157894736842,0.0,-0.2694063920042751,-0.7562476757669095,-0.8313338475750156,-0.7741715475011842,1.0223233322134508,0.24095516035979597,0.3442981161408805,0.07824920876636132,0.0978767968054907,0.0978767968054907,-0.4626472750997596,-0.3845412926966845,-0.2590748674408651,24.937221984595045,0.037037037037037035,-1.035275070507992,0.07901234567901234,-0.7484636540142964,-19.98239594820018
s969,14.154814109112076,-0.7730501927614347,-0.04190346931412169,0.5677674890917588,0.5992091126330198,0.5081668586456358,0.3276822681938143,1.5507914463808286,2.011237113402062,0.0,0.0,0.36082474226804123,0.0,0.12371134020618557,0.3865979381443299,0.09278350515463918,0.0,0.03608247422680412,0.0,0.0,0.0,0.0,0.2398019505588755,-0.5473244050331998,-0.8454537659128246,-0.8086511297879044,-1.1695746905458493,0.053467919098663726,0.4432660730820558,0.07746918152576814,0.10100356869857298,0.10100356869857298,-0.6125926577978267,-0.3035022245855581,-0.29344501296395886,26.433874838089448,0.18444444444444444,-0.867347303240429,0.5777777777777777,-0.6876529589511402,-21.0189401110918
s970,13.354847845969275,-0.7845348802827581,0.41872863454918535,0.4147036662404834,0.413783762825193,0.4772637318201257,0.0636201472159656,7.501770314991592,2.100657894736842,0.0,0.0,0.5,0.0,0.0,0.27631578947368424,0.0,0.0,0.15789473684210525,0.06578947368421052,0.0,0.0,0.0,0.3323171134292316,-0.024859482042425867,-0.3983178706964826,0.14315097913246974,0.4302392201813714,0.2963662519502488,0.3062510607895425,0.06356090933112489,0.10903532050396039,0.10903532050396039,0.8626183626955107,0.26669289702413446,-0.24130006044543623,35.382641519696044,0.2619047619047619,-0.8876929272825677,0.6258503401360545,-0.7096522833656221,-19.86554229461376
s971,11.031576039895594,-0.9391691522263192,0.4670688608768779,0.36160613684873244,0.6218789813766916,0.3758554624701446,0.16109117188703825,2.333184730530766,2.0473303167420815,0.0,0.0,0.5475113122171946,0.0,0.0,0.17647058823529413,0.18552036199095023,0.09049773755656108,0.0,0.0,0.0,0.0,0.0,0.5116126533223236,0.35984970926279236,0.14258479926336778,0.7710031669435826,1.331379258530815,0.5077233022970892,0.2668297356338372,0.05960019581090805,0.1150008782838803,0.1150008782838803,-0.21363633928805928,0.3512750939959242,1.2704936497719164,37.406097069656745,2.348717948717949,0.007337423155727201,12.025641025641026,-0.16519949308916798,-19.145006313054694
s972,12.60183108132322,0.9590639632444052,-0.12346238965891644,0.3905551188168823,-0.4825685477215703,0.5956300216634869,0.3651508783572073,1.6311887961031122,2.5562790697674416,0.0,0.0,0.31007751937984496,0.0,0.3023255813953488,0.20930232558139536,0.0,0.0,0.0,0.0,0.17829457364341086,0.0,0.0,-0.25824235158468223,-0.7632268366262743,-0.01651733892470146,-0.33081044165276546,-1.281471233420622,0.1534880280390454,0.41159463013634334,0.08065710199134588,0.08521054616552898,0.09487359779254773,-0.08142248362196544,-0.0778451867484183,-0.27573923447081117,27.013510505100957,1.2546296296296295,-0.2804609729239215,5.958333333333333,-0.3539122516655383,-19.305408959114505
s973,13.769111697602682,-0.44051504800774055,0.19478084955670255,0.2819029730782777,0.006789239540626029,0.4302957489958862,0.10882894184953504,3.953872395367084,2.2796326530612245,0.15510204081632653,0.0,0.5265306122448979,0.061224489795918366,0.0,0.10612244897959183,0.0,0.07346938775510205,0.0,0.0,0.07755102040816327,0.0,0.0,0.6491839452183935,1.6179847889701267,0.6989567408278602,1.4374002268915638,-0.6708280042093192,1.5257410141719452,0.47595045867451335,0.09912619781875806,0.03197977899634798,0.10453094980586969,0.14360651680884012,0.312851161796213,-0.27035476988699614,35.42228395548477,3.9076923076923076,0.08196991640517362,24.592307692307692,0.020837796319759343,-20.130552803260894
s974,12.549198218574046,-0.5410927571373806,-0.06678608841297866,0.427701817147547,0.2696867116668554,0.47055130172408316,0.18428650524719348,2.553368197486339,2.157729468599034,0.14009661835748793,0.0,0.30434782608695654,0.14492753623188406,0.0,0.24154589371980675,0.10144927536231885,0.0,0.0,0.0,0.0,0.06763285024154589,0.0,-0.19588834714796077,0.424727504067754,-0.34678848703009235,-0.015383218816036976,-0.7334631511404256,0.6104505452547894,0.6145050512698056,0.14996006882205828,0.0826407508642835,0.11584361255767317,0.16666720080878897,-0.13467398315016857,-0.30105103697133745,32.68511914123826,0.68,-0.5873517421342458,3.848,-0.4615468694115358,-19.912549700038475
s975,13.830397104184849,-0.8310025169586823,0.47375355769081884,0.23000404544737404,-0.1400093411527046,0.6034713767386364,0.22144943395016126,2.7250978517942466,2.734355400696864,0.08362369337979095,0.0,0.0,0.3310104529616725,0.0,0.09059233449477352,0.05574912891986063,0.0,0.0,0.3205574912891986,0.11846689895470383,0.0,0.0,0.6586118853092979,-0.1323528991782912,2.006902711079294,1.6558594262118642,-0.6140963569897321,-0.15561555867043095,0.7382942583998017,0.17562581951109604,0.26208322825797986,0.2869121656718937,1.1999001880322246,0.5525664534464104,-0.18961367157562237,36.67238750346383,12.317307692307692,1.8421512968795286,83.75,1.359478253204747,-20.029072220408153
s976,13.570310443033245,-0.28044126465087443,-0.8306350554082175,0.6784834878084236,-0.2717829600669689,0.5874054290199546,0.2618782981194251,2.2430473744413844,2.1124468085106387,0.010638297872340425,0.0,0.14893617021276595,0.3191489361702128,0.0,0.39361702127659576,0.0,0.1276595744680851,0.0,0.0,0.0,0.0,0.0,-0.956194139592515,-1.1865852141263777,-1.288666996871929,-1.3302793141181373,-0.5604563704879669,-0.9518411759731731,0.8042146700330635,0.18533878671285178,0.2500448164419765,0.17209607219029352,-1.0788153905692042,-0.9754285971246212,-0.19078285105955123,16.76510334376823,0.28501228501228504,-0.6569989929488934,1.1277641277641277,-0.5802560863220182,-21.475736301299023
s977,11.97114706392527,-1.0501355311800074,0.11293797733995678,0.3449707220770846,-0.05290786441791393,0.5075602892236666,0.2039412914379297,2.4887568654930505,2.336218487394958,0.0,0.0,0.31092436974789917,0.21428571428571427,0.0,0.18487394957983194,0.0,0.23109243697478993,0.0,0.058823529411764705,0.0,0.0,0.0,0.46590705429900403,0.19569066980979635,0.8530241847797706,0.3925955561183676,-0.3724829085441215,0.3714477951264511,0.5625370937608759,0.1461124115568919,0.08805922183502468,0.11243664601497681,0.5737428495176962,0.3014332337109055,-0.23095680093613313,37.85520203485429,2.5318181818181817,0.2588790945729204,15.686363636363636,0.1256050505386143,-19.189504094154707
s978,10.36442588435607,-1.6484042879257121,1.3984002247282492,0.20812019574812912,0.4084694378464324,0.5411415814558617,0.10705100361336292,5.0549883998314264,2.5428398791540787,0.0,0.0,0.36555891238670696,0.04833836858006042,0.0,0.09969788519637462,0.0,0.0,0.20241691842900303,0.283987915407855,0.0,0.0,0.0,1.9923325733592057,0.3087120597966314,1.5973980621386894,0.4364452950630469,-0.25190500533818616,1.2742948683614086,0.8028684391135283,0.15572061659039124,0.06152244479751432,0.08597495086525028,-0.3396507693686242,0.7598582085368307,-0.09103661931839188,36.636620296950625,10.212121212121213,1.1123545501966683,58.96969696969697,0.5909280269880951,-16.989999619788065
s979,12.743573791210133,0.21591707213641514,-1.0269592921677066,0.7610196705676404,-0.3358925701325228,0.5797373869825765,0.35039308641744493,1.6545343200404916,2.0778333333333334,0.0,0.0,0.09444444444444444,0.35,0.0,0.40555555555555556,0.11666666666666667,0.016666666666666666,0.0,0.0,0.016666666666666666,0.0,0.0,-1.0348724331856307,-1.9028183069174915,-1.335880370541546,-1.5273446020751715,0.020917061883685577,-1.0460841606868851,0.7603778234722774,0.1734124600532186,0.2778330649671225,0.17814822621412021,-1.2945249578955178,-1.178505410956622,-0.3004060065039477,11.28577325667718,0.18036529680365296,-0.7845833375899012,0.5182648401826484,-0.668163591550748,-21.15978794608996
s980,10.377860550824513,-0.5195512416852412,1.9667098051660858,0.25179397507384804,1.36941487030214,0.45316685132591544,0.10525065511429173,4.305596490908502,2.2831294964028777,0.0,0.0,0.39928057553956836,0.0,0.0,0.13309352517985612,0.0,0.22661870503597123,0.0,0.11510791366906475,0.0,0.0,0.12589928057553956,1.7006594951396024,1.2361970055377332,1.266481607439238,0.8656151959373646,1.770004268787791,1.0774345149995275,0.3302379607554717,0.0808769271682784,0.08322378286332956,0.08735546002675725,1.7142446994981035,1.8995536560147448,-0.29559888729032613,48.29302122424999,5.763513513513513,0.40919903459480095,29.79054054054054,0.061899966660995516,-17.309892983263847
s981,14.274560203648432,1.1344732326753357,-0.030872392984191685,0.4624320060904137,0.1586146780343309,0.4982922478257343,0.1775295951332318,2.806812280801844,2.1805164319248824,0.0,0.0,0.3615023474178404,0.17370892018779344,0.0,0.26291079812206575,0.0,0.0,0.0,0.0,0.20187793427230047,0.0,0.0,-0.06389989064002193,-0.8376212164993617,-0.584738561004371,-0.36893082667182225,-0.2263584153712383,-0.15327214608813686,0.7164003466954734,0.1981201489077317,0.1507822603259234,0.14672910019552474,-0.34655751506440124,-0.26194901701352546,-0.25186761560172893,31.438186780452206,0.29642857142857143,-0.8482901461985687,0.6428571428571429,-0.7050635921759838,-21.428508659468825
s982,13.92274655681729,-0.6527289234086413,-0.8665315448663551,0.4151460473865291,-0.9511163932143616,0.5773024341681955,0.21760704365186237,2.6529583991398282,2.4619823788546253,0.13656387665198239,0.0,0.1762114537444934,0.3832599118942731,0.0,0.2026431718061674,0.0,0.0,0.1013215859030837,0.0,0.0,0.0,0.0,-0.6945129903463106,0.015788729117985956,-0.33616267341540246,-0.29840366854465666,-0.6901631126548813,-0.763595785786139,0.850855812316024,0.16956404153719276,0.29160337457634095,0.19529520408793985,-0.4960599964409951,-0.6863419704614568,-0.2350955752320235,28.12921475085543,1.4391304347826086,0.032483185635115784,7.904347826086957,-0.10732275151526388,-21.109487565664146
s983,11.735034871811687,-0.1971869332829812,0.958369834387459,0.3275986728484817,0.7460491110278258,0.4249888755040919,0.0886451450398188,4.794271308521068,2.1471255060728747,0.0,0.0,0.5222672064777328,0.0,0.0,0.17813765182186234,0.09716599190283401,0.0,0.12955465587044535,0.0,0.0,0.0,0.0728744939271255,1.3509015136250275,1.7883734963985232,0.3383638603392451,1.177837255123486,1.0223150477909326,0.1082202745162861,0.2744412471396208,0.06522002818187507,0.1035509098641742,0.10402374506903345,0.7626660307098757,1.075301164082404,-0.298244000020008,42.02658405419809,1.3136363636363637,-0.5292805150902139,5.959090909090909,-0.4923770404540508,-18.31465175322002
s984,15.436354614809744,1.0401599289942518,0.7781370240132669,0.5066996064830459,1.4912185756397724,0.47508525049012296,0.12113633343768236,3.9219054845714547,1.9379899497487438,0.0,0.0,0.36683417085427134,0.0,0.035175879396984924,0.38190954773869346,0.0,0.0,0.0,0.0,0.12060301507537688,0.0,0.09547738693467336,1.0682320726294585,-0.12815862751445664,-0.47419158575925635,-0.4069339656587379,-1.372039578059257,0.18042391891671872,0.34609748374514265,0.07544406679054398,0.08554577526337924,0.08592262889890073,0.32524672099247576,0.39290805777895466,0.27141458974976307,35.08506154020197,0.12280701754385964,-0.9650068588754842,0.3157894736842105,-0.7271267837144713,-21.50201864035685
s985,9.508206715405622,2.7917370346585475,1.6777781655247304,0.32619602349720184,1.245125390456498,0.567717193273781,0.20220110044843057,2.8076859721076137,2.455381679389313,0.0,0.0,0.0,0.31679389312977096,0.0,0.19083969465648856,0.0,0.0,0.0,0.0,0.18702290076335878,0.0,0.3053435114503817,1.258418590392792,1.5855652224280017,0.8099253963121424,1.1610519557795618,-0.2609602586607831,-0.09445649335956785,0.575995040204541,0.17812150648690084,0.12883372217977407,0.23639215078857634,3.4226543886451926,2.579000288610088,-0.26830339524622787,50.43050782986351,3.46,0.26950630623877014,17.22,-0.04268807448929731,-16.599525947357375
s986,14.213888085366413,-0.5708931966686552,0.3086073226468428,0.48882241344812727,0.9088609690795225,0.425445420701171,0.09123984262696226,4.662934617726398,1.9214427860696517,0.014925373134328358,0.0,0.4975124378109453,0.0,0.0,0.3333333333333333,0.0,0.11442786069651742,0.0,0.0,0.03980099502487562,0.0,0.0,0.0347219459076217,-0.34077998788072406,-0.6484059884676552,-0.32817574711824965,1.274695672854462,-0.012632522346184527,0.3084065456509014,0.06935689163952657,0.09760316264495196,0.09760316264495196,-0.8095129283224543,0.008790443781291499,-0.2753584091865586,31.676291193856393,0.28059701492537314,-0.8249093056262784,1.3253731343283581,-0.630272663132036,-21.052030874436728
s987,13.996556036576097,-0.30879214917175746,-0.12676120203570485,0.3236547989934781,-0.5605157240796097,0.619605856311283,0.27449934431513623,2.257221626001229,2.68405303030303,0.0,0.0,0.0,0.3181818181818182,0.09090909090909091,0.14772727272727273,0.12878787878787878,0.0,0.015151515151515152,0.2159090909090909,0.08333333333333333,0.0,0.0,-0.1824522713793557,0.1306509843404637,0.5054771371419975,0.3594545323988502,-0.5369315254369776,-0.44272589634448034,0.7665095300884414,0.1949356072077352,0.25361106569542374,0.2709816866334665,0.5612335385222609,0.3430612522455678,1.0852417797939262,33.51488687171497,4.67948717948718,1.0261170037564418,31.673076923076923,0.7609967471417833,-20.66592788190784
s988,14.335537070786623,-0.8182803327305368,-0.865098650852388,0.2352878900108863,-1.5374421673366658,0.701794670069703,0.265231206862168,2.645973218507439,3.016518987341772,0.0,0.0,0.0,0.5063291139240507,0.17721518987341772,0.0981012658227848,0.0,0.0,0.21835443037974683,0.0,0.0,0.0,0.0,-0.33417890283475826,-0.13998588486629504,1.2120168971105545,0.2325948352147393,-0.0877098388143278,-0.729917425299397,0.6362499828200047,0.131825333863209,0.3727598409438421,0.3727598409438421,-0.7029485360045912,0.27989627998937344,2.152401311218603,28.766394479262114,12.346774193548388,3.537166665695919,88.62096774193549,2.774403951841909,-21.33344594608628
s989,12.638548605250943,2.0280179568008307,0.1333308407354155,0.564588685908046,0.6196883273647797,0.62323561513734,0.2023024229271738,3.080712559541102,2.1812871287128712,0.0,0.0,0.0,0.31683168316831684,0.0,0.38613861386138615,0.0,0.039603960396039604,0.0,0.034653465346534656,0.06930693069306931,0.0,0.15346534653465346,-0.10011349674220614,-1.2444012795442418,-0.5814513680443295,-0.8121696865397214,-0.07800190133954865,-1.0657323251967081,0.7714342452405,0.205283851389715,0.2760255151341446,0.32424684006721805,1.0224328364327555,-0.016667344616457882,-0.278287264672368,31.102016645844866,0.2641025641025641,-0.7895331293309086,0.7538461538461538,-0.6702691367352336,-20.082460592045198
s990,13.804182017954036,0.8278716929216482,-1.462739103233066,0.6339062847007237,-1.3014976352607537,0.6320280374675891,0.3584453811391796,1.7632478216316614,2.424090909090909,0.15151515151515152,0.0,0.0,0.5,0.0,0.2828282828282828,0.0,0.0,0.0,0.0,0.06565656565656566,0.0,0.0,-1.270233474070119,-1.3963929497203804,-1.1338818896803264,-1.3859536457903912,-0.6651746476014737,-0.9148921391947431,0.7123167287225397,0.09456381961681208,0.36670849053665816,0.36670849053665816,-1.2212396750376404,-1.6332543411032734,-0.28497755871844577,15.901762782546939,0.6517857142857143,-0.19757050034024265,2.5416666666666665,-0.3918356007160758,-21.818143359128804
s991,10.41247053735078,2.4541493597264408,2.372399639090755,0.26587447522567326,1.5057770543438789,0.4445879806953801,0.04856429992792113,9.154625545003947,2.310401337792642,0.0,0.0,0.3779264214046823,0.0,0.0,0.10033444816053512,0.0,0.0,0.023411371237458192,0.0,0.20735785953177258,0.0,0.2909698996655518,2.28739123920468,2.4173438624593633,1.9974240922466446,2.222658298539925,-1.3485195810294242,0.6991804087926035,0.23846577634821428,0.06295392392381269,0.051237698036198785,0.05800494117305522,2.036481065275138,2.5013734803633727,0.005833438888357054,50.433717594936866,4.125,-0.32911947443148476,17.933333333333334,-0.41068405978611267,-16.74874949890157
s992,13.675749398883186,0.8221614923175397,1.0796641449791264,0.27961169938387465,0.7342534274756753,0.39495197533261306,0.11054002772632535,3.572931755639088,2.215960784313726,0.0,0.0,0.5450980392156862,0.0,0.0,0.08627450980392157,0.13725490196078433,0.0,0.0,0.0,0.16470588235294117,0.0,0.06666666666666667,0.711889427142111,2.417142434460172,1.9126412082021806,2.486191271511221,2.289481238666864,0.6533774299680715,0.26048486412966065,0.06368181078832949,0.1109278605866185,0.1109278605866185,0.6052133799794529,1.2028335999041306,-0.0767303389466977,42.26449151248106,3.840909090909091,-0.3196447177409247,17.329545454545453,-0.3929748568655155,-19.901873564316244
s993,13.869715167285968,1.5729007079570194,-0.7834256363980223,0.5178326279091983,-0.8478614892117882,0.644188563373413,0.23069234732085303,2.7924140997943834,2.4838495575221238,0.022123893805309734,0.0,0.0,0.40707964601769914,0.0,0.2610619469026549,0.0,0.0,0.0,0.1504424778761062,0.1592920353982301,0.0,0.0,-0.6173333155725846,-0.7425575453285266,-0.8325668561296647,-0.7205161339313612,-0.7436176717272052,-0.6119345628236705,0.6953659488840107,0.16653101168374448,0.30954961365523065,0.31929068541361205,-0.9653467254859687,-0.5767388524358449,-0.15920834661326824,27.243463207403618,0.6305084745762712,-0.4692177293113963,4.4271186440677965,-0.3015909777467669,-21.674513479530283
s994,11.682662457571029,1.0444322308632885,-1.0950346660633308,0.28763760475111283,-1.597282429721924,0.6461844161485442,0.326909148306236,1.9766483119133247,2.856724738675958,0.0,0.0,0.0,0.6445993031358885,0.0,0.09059233449477352,0.0,0.020905923344947737,0.13937282229965156,0.0,0.10452961672473868,0.0,0.0,-0.9197148601558074,-0.23217030768205962,1.0937135553845572,-0.06838777839826063,-0.1780709052654873,-1.1422894804652621,0.5898859308394634,0.08219008134114514,0.3831827314228319,0.3831827314228319,-0.3506467892214673,-0.4322487863398039,-0.04697642494652573,26.21223510870495,11.85576923076923,3.361833892721701,100.46153846153847,3.2539096538754535,-20.85856003252748
s995,8.612521288666915,0.9100781655024591,2.604446492260725,0.27710447354522044,1.8532975379883563,0.471508338610325,0.023516506013560035,20.05010175994873,2.2440068493150687,0.0,0.0,0.363013698630137,0.0,0.0,0.1780821917808219,0.0,0.0,0.1678082191780822,0.0,0.0,0.0,0.2910958904109589,2.343818689776875,1.4748266768273166,0.5357236651124722,1.1365072291576073,-1.3900828936371161,0.8455553654376602,0.27805803929175665,0.07416496470329158,0.05074223758504137,0.06989659217012323,1.9488124681495465,2.6959771243104202,-0.2808791357479984,52.27942335878026,3.1826923076923075,-0.08906734815377695,14.85576923076923,-0.265603585045297,-15.322504263735626
s996,13.70241026542037,0.2036915189542548,-1.1909791225679098,0.5758205720725933,-1.0706968724188126,0.5651534696737205,0.4697570699651289,1.2030760276065096,2.381483253588516,0.0,0.0,0.0,0.46411483253588515,0.0,0.23444976076555024,0.24880382775119617,0.0,0.0,0.05263157894736842,0.0,0.0,0.0,-1.32673888625667,-1.275435672488675,-0.6269491072254335,-0.9905524829006289,-0.17855171643999398,-0.7030789536284372,0.6582098884570862,0.11559161965810914,0.3408298809881763,0.34648680847345725,0.7911678689684877,-1.2923184381071435,0.29069998004227143,20.614018514298696,0.9142857142857143,-0.16067829978775208,5.289795918367347,-0.19169927507283469,-21.975896370812173
s997,11.67788045728526,0.5168468079408194,1.9395836935208097,0.3065426449170897,1.9015821652681228,0.38061949276648555,0.14775391161914897,2.5760366584918017,2.0884518828451886,0.0,0.0,0.3723849372384937,0.0,0.0,0.1506276150627615,0.26778242677824265,0.0,0.0,0.0,0.0,0.0,0.20920502092050208,1.9776179041050357,1.5427573365938407,1.4515615080087167,1.5026176613844615,1.972015804719545,0.6617172127711549,0.4522417216443138,0.08706806396843708,0.07830294855848897,0.07963011717812438,2.0834210036225462,1.739883142420184,0.692350864969024,48.952242179178,4.65,0.2862232837586394,28.9,0.14648672515613195,-18.437746025703213
s998,12.567054007112768,-0.9221797853726482,0.19959638498628057,0.375254922859959,0.20899822393192,0.4548603120142667,0.17527294734730478,2.5951541233169158,2.1756140350877198,0.0,0.0,0.4473684210526316,0.11403508771929824,0.0,0.21052631578947367,0.0,0.22807017543859648,0.0,0.0,0.0,0.0,0.0,0.012983939178307115,0.4929624482869127,0.09232863942933314,0.30404992343758314,-0.3017654539458046,1.304329803679981,0.6061338154284747,0.12508981833278648,0.048891614388918196,0.10936438291028562,0.29561859893143155,0.19301346286193566,-0.23954593089352877,35.904390928620316,1.537037037037037,-0.17432660616016066,9.101851851851851,-0.1869939214811592,-20.04154224207673
s999,12.555311002105547,1.6271667517143222,0.7521821698007498,0.31132662572109154,0.22656992790903122,0.6179348612309311,0.1762609033026197,3.5057965189819096,2.5854545454545454,0.0,0.0,0.0,0.32727272727272727,0.0,0.1781818181818182,0.0,0.014545454545454545,0.04363636363636364,0.0,0.12727272727272726,0.3090909090909091,0.0,0.7346749645535938,-0.029370640152913272,-0.043478092085908714,-0.25266097405703447,-0.4990379199575016,-0.9420415876772308,0.8369103673020715,0.21515465637784867,0.2463908987038811,0.3018288509122543,1.573683855817029,0.9411637295726701,-0.268200630451609,38.51022150225723,3.9744897959183674,0.6613426726428928,22.755102040816325,0.304137082125028,-19.189829674613243
s1000,16.358683734742023,1.5692819776049918,-1.3876870102419265,0.7022925224284795,-1.1785158469643924,0.6571777964715347,0.33612524708368013,1.955157496122054,2.381868686868687,0.07575757575757576,0.0,0.0,0.46464646464646464,0.030303030303030304,0.3282828282828283,0.0,0.0,0.0,0.0,0.10101010101010101,0.0,0.0,-1.172481548901791,-1.66873602716907,-1.3782460511855152,-1.4983031233841768,-0.6193232386156068,-0.961603984972392,0.6519994364079874,0.09221000663248675,0.35761355615016177,0.35761355615016177,-1.5342713407877013,-1.601089348168038,-0.299634303091353,14.207617248044953,0.4205128205128205,-0.4396233906869434,2.7743589743589743,-0.30836534978289065,-23.86287011937712
s1001,14.26508737016492,0.5887322720093437,-0.2664898502493768,0.45131666227709094,-0.2224894326864731,0.5159161551058279,0.18957724298078826,2.7214034078874687,2.2548636363636363,0.0,0.0,0.32272727272727275,0.22727272727272727,0.0,0.2409090909090909,0.03636363636363636,0.0,0.05909090909090909,0.0,0.11363636363636363,0.0,0.0,-0.17530965441878035,-0.30213331093399864,-0.29709293131423786,-0.3828616841813984,-0.5382237627789991,-0.8488714584151072,1.0067587255479815,0.21900955523089685,0.23631756144702704,0.19347032895463792,-0.579099899925689,-0.3312502791817116,-0.29890762873396787,29.590989765760355,0.5471698113207547,-0.6622522804141726,2.0830188679245283,-0.5891473691139612,-21.42986106465667
s1002,10.721956587546716,-1.6318866277225637,1.4830920543144799,0.19671924168793672,0.5001160494706179,0.4991119452171039,0.09576554710249559,5.211811140001281,2.4793846153846153,0.0,0.0,0.47384615384615386,0.0,0.0,0.07692307692307693,0.0,0.046153846153846156,0.18153846153846154,0.22153846153846155,0.0,0.0,0.0,1.9834066042467409,1.0027464671562438,2.8030089405598546,0.9123750458599897,0.7872314573419256,0.5759443626296743,0.338273028368942,0.07960730321911641,0.10645706527682888,0.10753238916851403,0.28683303760089146,0.9642425698266094,0.9702559636971329,38.46805061837762,14.34,1.2572016598927933,82.68,0.67791143914131,-17.035654039839706
s1003,14.59582455096176,-0.1822183781544169,-1.7161965916468798,0.510519154251006,-1.7722140246012557,0.6226108516083159,0.35759630589738023,1.7410997858210178,2.598224299065421,0.27102803738317754,0.0,0.0,0.4766355140186916,0.056074766355140186,0.19626168224299065,0.0,0.0,0.0,0.0,0.0,0.0,0.0,-1.9215232388072332,-1.2243707802274257,-0.9194242613769681,-1.0393725079769385,-0.6914721822595586,-0.7524084684452619,0.5144423485864682,0.08137256276527699,0.3351455894815431,0.3351455894815431,-1.8258449775639638,-1.75006374018428,-0.2861033140094339,14.945985443707887,1.2857142857142858,0.2744187649676583,10.061904761904762,0.371214974908429,-22.728572672967882
s1004,11.813853666200194,-0.9621848323810472,0.4877789381257424,0.3628970376204787,0.6055885172328664,0.3886454920683589,0.1410461343566272,2.7554494410012733,2.056923076923077,0.0,0.0,0.5520361990950227,0.0,0.0,0.19004524886877827,0.11764705882352941,0.14027149321266968,0.0,0.0,0.0,0.0,0.0,0.5294051967651985,0.8406231803910937,0.13146235923578348,0.6776281015740072,1.473076678990234,0.15826135655366258,0.27094015841391195,0.06241244106903285,0.1159576341215047,0.1159576341215047,0.7792716118647066,0.38089328524906674,-0.28430267757505434,38.07200038355961,1.8714285714285714,-0.15143196218415095,10.5,-0.20331672895420386,-19.575499602743143
s1005,13.094678778132288,-0.8619881161711193,0.13384335201411834,0.5127845248878043,0.8506918768884675,0.42096750878966266,0.1073090821999437,3.92294389402469,1.898652849740933,0.06217616580310881,0.0,0.48186528497409326,0.0,0.0,0.34196891191709844,0.06735751295336788,0.0,0.046632124352331605,0.0,0.0,0.0,0.0,0.3859332434357481,-0.8549561290743684,-0.8331375219749264,-0.4740058721232752,1.0430642691220766,0.08493504901699267,0.36946021760278797,0.06888029650909389,0.11051984673038574,0.11051984673038574,-0.5266769477114971,-0.15521319226386354,-0.04504026863023499,28.203342566546734,0.08585858585858586,-0.9961378488390393,0.43434343434343436,-0.7135131941386575,-20.33955634118916
s1006,16.11982419501173,1.4180937363426953,1.1564912729779733,0.2829254016740275,0.7131936739054477,0.42308736914333667,0.06701922531538866,6.312925390472832,2.2568421052631575,0.0,0.0,0.5639097744360902,0.0,0.0,0.10526315789473684,0.0,0.0,0.0,0.0,0.2706766917293233,0.0,0.06015037593984962,0.930404216230255,0.6075300490062494,1.505135579644483,1.6122229969457667,1.825434169547243,0.3334542637514194,0.25524762940325224,0.06639706003574519,0.09506481033091586,0.09506481033091586,0.46662244230044486,1.246770525921887,-0.3015548956060335,41.96606450318309,3.3214285714285716,-0.2902058247710603,17.723214285714285,-0.3094454242207424,-21.03463075725037
s1007,12.844218892137896,-1.1629746302448138,0.9124758592848943,0.23765923467933822,0.2269257921608368,0.45446012045109807,0.045580841784684405,9.970419646874555,2.329761092150171,0.0,0.0,0.6382252559726962,0.0,0.0,0.10238907849829351,0.0,0.0,0.23890784982935154,0.020477815699658702,0.0,0.0,0.0,1.1080766833416207,1.4497879127009208,1.27016232201596,1.26614082510402,1.324276931731866,0.4201925072840656,0.2576258788791588,0.05646842405508569,0.11722776250105253,0.11722776250105253,-0.021654530307507306,0.823708865045065,-0.2724371189404182,38.09838644038153,6.141666666666667,0.4137373604818755,34.19166666666667,0.1278243276324687,-18.458153214715104
s1008,12.133452786738458,0.41548373672846517,-1.3573342883976571,0.4519991092284971,-1.4731737193534586,0.6084304301435026,0.31391370461990087,1.938209199500271,2.578977777777778,0.1688888888888889,0.0,0.0,0.5066666666666667,0.0,0.18222222222222223,0.0,0.09333333333333334,0.0,0.0,0.0,0.04888888888888889,0.0,-1.3023260867134372,-1.5651817725862958,-0.4088548516657808,-0.6929993192298531,-0.6795576132639923,-0.6504200168285431,0.751566181315557,0.10471776641665172,0.33820869439269086,0.33820869439269086,-0.6951452158560206,-1.1877623128697965,-0.29906812697142005,21.233896097911085,1.5463414634146342,0.21054677352898715,12.463414634146341,0.350112306586228,-21.0586058421429
s1009,13.899098064607504,1.1402792310007621,-1.1246071663614174,0.4802669901567159,-1.336033586658749,0.6480563161742058,0.2947092433684922,2.1989684095652984,2.5909583333333335,0.0,0.0,0.0,0.5375,0.0,0.21666666666666667,0.0,0.075,0.08333333333333333,0.0,0.04583333333333333,0.041666666666666664,0.0,-0.8125812614948532,-0.7655419898091063,-0.9115419909701404,-0.9198119633026965,-0.2243876936227137,-0.7280599886175886,0.600992882636166,0.09025032250406476,0.3737063274862335,0.3737063274862335,0.07665283462174736,-0.9899725519671188,-0.24911867113069908,23.24431503348464,1.5307692307692307,0.3070294448304282,8.865384615384615,0.09764877021103041,-22.256648188292985
s1010,13.101362615794084,-1.0207503607012456,-0.3254266639670573,0.529853779331099,0.393893900301621,0.46617726859998465,0.15318533168446877,3.0432239397452028,2.0067553191489367,0.18617021276595744,0.0,0.3670212765957447,0.10106382978723404,0.0,0.32978723404255317,0.015957446808510637,0.0,0.0,0.0,0.0,0.0,0.0,-0.14656474215557583,-0.5830502384846906,-0.8382574734471844,-0.6596899197434738,-0.758594218995791,0.6514380497190225,0.7214652976561137,0.15910184164342323,0.07772487017735402,0.12011324366386258,-0.6893668054630602,-0.5570535228536633,-0.301054799581058,23.66719865700248,0.14516129032258066,-0.9254985781029627,0.4274193548387097,-0.710165002130635,-20.290001376177937
s1011,12.573063400389575,0.4843326904925592,-1.3835216844181495,0.3616195880444417,-1.774918150775757,0.5987651845139672,0.4536392585803007,1.3199148292144056,2.8230534351145042,0.0,0.0,0.0,0.366412213740458,0.25190839694656486,0.08015267175572519,0.3015267175572519,0.0,0.0,0.0,0.0,0.0,0.0,-1.5496471138319228,-0.24629647233750965,0.7763410592557125,-0.05874807972919337,-0.28186606223618665,-0.47799629917007874,0.5393867626690889,0.16151004098540966,0.21930597635818364,0.2331861014441446,-0.5694867937186671,-0.6400766553995595,0.2734476148439814,23.34643304524364,9.523809523809524,2.453436293343116,80.32142857142857,2.418231851214903,-21.501757582718344
s1012,11.254717826382132,0.2790156521673591,2.2546476434798643,0.24218738768995607,1.7364462754964245,0.388534104389183,0.12165576594444348,3.193717135993495,2.2139179104477615,0.0,0.0,0.417910447761194,0.0,0.0,0.07462686567164178,0.20522388059701493,0.08955223880597014,0.0,0.0,0.0,0.0,0.2126865671641791,1.7498719630096258,2.559588839449532,3.2600242002781834,3.392134128324725,0.8739674727033286,0.5523153075534267,0.42080284930221745,0.08323056368658956,0.0942294571060331,0.0942294571060331,1.4629267847572704,2.021655876290272,0.018600375115829345,47.1444633957795,11.1,0.4517022200698751,72.6875,0.3105617877338814,-17.89395613621291
s1013,12.184777181902795,2.1692879878294646,0.8230960925625473,0.33213521586590317,0.43032103327991716,0.560531060160999,0.1740322202086826,3.220846458712441,2.4725096525096526,0.019305019305019305,0.0,0.10810810810810811,0.3166023166023166,0.0,0.17374517374517376,0.0,0.0,0.05405405405405406,0.0,0.13513513513513514,0.0,0.19305019305019305,0.5690953145836531,-0.1711846048450956,1.0428605145348449,0.2682702775760902,-0.5758014583937581,-1.0704882218201621,0.7732837395226065,0.1917068765244977,0.28647726189471373,0.22575780974079587,1.6665466042506236,0.732087798067634,-0.21240346754492723,39.12595981996935,1.6777777777777778,-0.3740012885157068,8.561111111111112,-0.37467322077603343,-19.074819798363954
s1014,10.466070730422432,1.3856404679509369,2.7798574689848854,0.26065688628046607,2.178605881401333,0.40584492053335763,0.11186849223297024,3.6278751275933057,2.215217391304348,0.0,0.0,0.322463768115942,0.0,0.0,0.10144927536231885,0.18478260869565216,0.0,0.0,0.0,0.07608695652173914,0.0,0.31521739130434784,2.218677897347869,2.2684213379666307,2.6171712874137394,2.519981997576031,2.0832934062391133,0.8669555938115059,0.34072179291408955,0.07798336326322695,0.061550808133715766,0.06692903408714725,1.9655961963880741,2.5646556311170765,3.2322363800702987,50.836474764834385,6.669642857142857,0.07141071292549131,32.107142857142854,-0.1677961109562898,-17.013628020166184
s1015,10.163448101097652,1.9948118911705024,0.9923140050824144,0.4664275925472036,1.33770544419826,0.576740982637155,0.21532255123573826,2.678497813290957,2.1744131455399063,0.0,0.0,0.0,0.2676056338028169,0.0,0.3474178403755869,0.014084507042253521,0.10328638497652583,0.0,0.0,0.0,0.0,0.2676056338028169,0.8062692762466785,-0.0739284889531732,-0.4219538242039683,0.009263158406943979,-0.32299875120710636,-0.23337790982915427,0.886685621772948,0.2063252052721366,0.1719019828839242,0.2986090782490702,1.1393413247432982,1.0942250286094062,-0.23762100680561343,42.96057999205886,0.42162162162162165,-0.737583421766724,1.672972972972973,-0.6138482967308613,-17.71043360260808
s1016,15.59097519305145,2.2596694499166925,-0.7572227102806999,0.5977749319850456,-0.6343182688787559,0.6557442459994646,0.21925972679332623,2.9907190690681094,2.3607142857142858,0.0,0.0,0.0,0.4095238095238095,0.0,0.32857142857142857,0.0,0.0,0.0380952380952381,0.0,0.10476190476190476,0.11904761904761904,0.0,-0.8287280330407661,-0.8799010412212978,-0.8821218418560526,-1.0288981693705923,-0.4642567993765974,-0.7885876392840891,0.7835338450432543,0.15469321796496158,0.34382927101256183,0.34888558382157014,-0.8487315016966875,-0.7753869180452975,-0.25928445350336754,24.9134181909582,0.17971014492753623,-0.8625570502803249,0.4608695652173913,-0.6992002274331642,-23.251771942378305
s1017,13.901719281002512,-0.9704733694309963,-0.21467363380089316,0.3992295026004897,0.018692667689449084,0.4639411812277713,0.14969269959982667,3.099290629857199,2.184407582938389,0.1895734597156398,0.0,0.3981042654028436,0.12796208530805686,0.0,0.21800947867298578,0.0,0.052132701421800945,0.0,0.0,0.014218009478672985,0.0,0.0,-0.26868965109847387,0.7852068265603509,-0.1962801690284103,0.07724302817494924,-0.9475258920872636,0.6721552666182551,0.5830243155939343,0.12857204122457522,0.06039235139771048,0.12285778504943397,-0.07838856430809961,-0.2842704843742039,-0.27313960684554145,31.267818731224637,0.908695652173913,-0.4614147893456634,5.678260869565217,-0.34668080309006827,-20.611310532041202
s1018,9.391851443125473,1.1721153000546094,2.0417756736314607,0.39455463839988786,2.2109982990975814,0.4810554431387467,0.020218527553674523,23.79280300514859,2.013187772925764,0.0,0.0,0.2925764192139738,0.0,0.0,0.3318777292576419,0.0,0.0,0.10480349344978165,0.0,0.0,0.0,0.27074235807860264,1.873544440358233,1.0100194154854936,0.16143827264752544,0.7820292280234837,-1.4650678827556776,0.27492399050222277,0.3226429627530578,0.07594305474233427,0.061024745054457714,0.07069939975821321,1.9907267021582535,1.9264357978411735,-0.3016499824339299,49.30135422889871,0.5842105263157895,-0.7081702716833935,2.281578947368421,-0.6038824866145069,-16.376851781451712
s1019,14.187307326843907,0.2547996399621856,-1.3317735929115828,0.6004640082414361,-1.3812868568860035,0.6650223187161227,0.3552032345980286,1.8722304696034253,2.517828054298642,0.0,0.0,0.0,0.4434389140271493,0.09954751131221719,0.28054298642533937,0.0,0.17647058823529413,0.0,0.0,0.0,0.0,0.0,-1.3254475164142314,-1.3380406337003985,-1.2240924265483313,-1.3562199736369107,-0.00325242484598501,-0.7539838900152623,0.6230219106419925,0.11426201209295234,0.3536469916850932,0.3536469916850932,-1.2965182434294114,-1.4313249147114078,-0.028375344939573784,17.62049420045052,1.5096774193548388,0.8395411292048482,12.667741935483871,0.9583515758901116,-22.29355013298489
s1020,9.451706880547947,-1.6369351986949623,1.4816282105887346,0.2076671927013925,0.532642234025044,0.5066735314349713,0.08698974308264132,5.8245203799903775,2.464024767801858,0.0,0.0,0.47368421052631576,0.0,0.0,0.09597523219814241,0.0,0.0,0.21362229102167182,0.21671826625386997,0.0,0.0,0.0,1.9565709475759976,0.28686211497701913,3.0101484492393826,0.24367629501606936,-1.2297520155755681,0.6213400794566263,0.39993082481336795,0.07818687467946062,0.060799541700434334,0.069166451108751,0.22221237198764807,0.8164618717285823,0.41813940822834056,39.23531281858667,11.903225806451612,1.3412090639570433,68.55645161290323,0.7279493285715558,-16.26620443538163
s1021,13.604368135470851,0.5666145689489748,-1.430157793703505,0.7138340361600943,-1.2613077969018334,0.6359753891866724,0.4277059494493409,1.4869453885443313,2.347821782178218,0.0,0.0,0.0,0.5,0.0,0.3217821782178218,0.0891089108910891,0.034653465346534656,0.054455445544554455,0.0,0.0,0.0,0.0,-1.7165539952313842,-1.565966192767981,-1.168060165072068,-1.5289145008142437,-0.34380074803188504,-0.9281887950143861,0.6233205947874836,0.0931905428146949,0.35930021476331125,0.35930021476331125,-1.9173551201812111,-1.653691015871644,-0.30028748701883745,13.53073869385765,0.3169230769230769,-0.598379423432411,1.0923076923076922,-0.5817104180286011,-22.25684084822025
s1022,9.538465716921277,0.4219076326475875,1.560856644698708,0.2874453740567424,1.1747233023329868,0.447257364643688,0.03745843499648046,11.940097462312872,2.2229501915708814,0.08812260536398467,0.0,0.4521072796934866,0.0,0.0,0.16091954022988506,0.0,0.0,0.10727969348659004,0.0,0.02681992337164751,0.0,0.16475095785440613,1.1592313979326034,1.6467377938766,0.38510911456872277,1.2718085436725854,0.8337622068289665,0.6491349701715856,0.28115718020799385,0.07737474103883618,0.08381158358220511,0.09578466695109154,1.456356803695932,1.9402690204387125,-0.29927900787512346,47.498745423156095,2.8214285714285716,-0.1317569381145258,12.892857142857142,-0.29675671304116025,-16.19907626993357
s1023,15.371600787827344,-0.044197894715645704,0.4133956282660101,0.41992478982007103,0.6509380771210443,0.41697405293246825,0.09413731443714056,4.429423713918452,2.0260280373831776,0.0,0.0,0.5373831775700935,0.0,0.0,0.2523364485981308,0.018691588785046728,0.09345794392523364,0.0,0.0,0.09813084112149532,0.0,0.0,0.3480864531192611,0.4635022424775893,0.05445976726678462,0.05894214310935225,0.826202766655249,0.07141983102036888,0.25888059571680916,0.05883387460519254,0.10867055609372148,0.10867055609372148,-0.0208832671487004,0.23971026542136453,-0.28664080856303936,35.45183265339329,0.3,-0.8785992059442258,0.9555555555555556,-0.6902820810582982,-21.64326276096592
s1024,11.42756618357285,-0.12232684551995718,1.558055670341948,0.29335834313368997,1.176960328454413,0.47165169824156744,0.1094782537458221,4.308177031546474,2.235813953488372,0.0,0.0,0.36046511627906974,0.0,0.0,0.18604651162790697,0.0,0.19767441860465115,0.0,0.0,0.0,0.2558139534883721,0.0,1.1123172571812379,0.878106167427677,0.34583846132955753,0.4886675495608931,1.3051634813481274,0.6778835030793318,0.3535956416006133,0.07584453865667842,0.0782619178854369,0.08347937907779937,0.6856236707366268,1.2267798540662576,-0.08551792780182833,43.13592966705778,3.6302083333333335,0.33113971749712523,22.380208333333332,0.1687191135460238,-18.144829925417856
s1025,12.357797578900211,-1.1214731512412783,-0.36671428036523834,0.4831292514488816,0.1857599846224517,0.47069672005597185,0.15380995885220636,3.060248657294403,2.0831958762886593,0.2268041237113402,0.0,0.36597938144329895,0.11855670103092783,0.0,0.28865979381443296,0.0,0.0,0.0,0.0,0.0,0.0,0.0,-0.07906306848500072,-0.39902269279043895,-0.41404847518525034,-0.45413232336628806,-0.9258971835990781,0.5765323769392046,0.8294462540867025,0.15110385628744152,0.07500572754387932,0.11884908938324135,-0.5750947144602072,-0.5064809692881816,-0.11408998756182026,25.043668102008922,0.22916666666666666,-0.8640781446579002,0.875,-0.6708024720196537,-19.662764606750464
s1026,11.005784954584607,-0.7498058346793957,1.0356809815724306,0.39112187430132367,1.0863181351896134,0.5089943223719865,0.12627344666468057,4.0308895956853235,2.141929824561404,0.0,0.0,0.3026315789473684,0.0,0.0,0.2894736842105263,0.0,0.11842105263157894,0.0,0.22807017543859648,0.02631578947368421,0.0,0.03508771929824561,1.100751189374029,0.4919529143978038,-0.2197918207233807,0.061862414574852635,1.2987756834697644,0.6270128864327016,0.31985856411529445,0.07902963623963898,0.07018332281601723,0.07745985461299561,0.4153084286190342,0.9662609410814328,-0.13385793953984104,40.471303409464205,0.8606060606060606,-0.503092959869643,3.087878787878788,-0.5380035581761338,-17.87958226759213
s1027,14.70464422050675,0.4461908089414428,-1.515648577771076,0.6849586415776614,-1.3667627599608152,0.6658478372315498,0.3131392995561178,2.126363053680597,2.44345,0.155,0.0,0.0,0.4,0.1,0.315,0.0,0.0,0.0,0.0,0.03,0.0,0.0,-1.8522437231435227,-1.3927188738057534,-1.3195810430905075,-1.5001950894262026,-0.7656694114920644,-0.7798319790930192,0.6086389991574348,0.10261813813893791,0.3539923599351826,0.3539923599351826,-1.479146512372606,-1.6758235082030999,-0.30131877001082247,13.143023864610514,0.5650793650793651,-0.20822337528981866,3.0507936507936506,-0.25696657560062675,-22.285482801068298
s1028,12.689794916078554,-1.0682886672509868,0.554696911751687,0.3032910390515606,0.33439456054281147,0.4206782253052432,0.07588276350678358,5.543791578803485,2.1823360655737702,0.045081967213114756,0.0,0.5942622950819673,0.0,0.0,0.15163934426229508,0.0,0.14344262295081966,0.06557377049180328,0.0,0.0,0.0,0.0,0.958892294916012,1.3636465738917005,0.23664499364419733,1.0563323068134907,1.0304314912982393,0.22058399131273615,0.294696810585304,0.06389658612975678,0.12505641473333437,0.12505641473333437,-0.09607001085082932,0.5405702864348967,-0.2911117998857913,37.84736405358992,2.5837837837837836,-0.07279405957058822,13.31891891891892,-0.20521346251790956,-19.39576101741603
s1029,12.84398106992824,-0.8327850595761795,0.16680610414416286,0.5268822075156222,1.1071806253164564,0.38159283881083317,0.20324585727340724,1.8774938093695694,1.8417204301075267,0.0,0.021505376344086023,0.44086021505376344,0.0,0.0,0.3333333333333333,0.20430107526881722,0.0,0.0,0.0,0.0,0.0,0.0,-0.026075490614966296,-0.8198440999320539,-0.6038337151818259,-0.6106374475741788,1.480743842043658,0.1990064448213183,0.28720261462864277,0.06419397250638034,0.1018393641554304,0.1018393641554304,-0.5635372796825394,-0.2006876174291357,-0.2892913870785071,26.19119050275733,0.3519061583577713,-0.7487580290616213,1.7947214076246334,-0.5786388311512827,-20.721772979104145
s1030,14.266219779520334,-0.7674432267785473,0.10582652400447927,0.5506571538170351,0.8718068739651683,0.44691426992323163,0.06447056910076983,6.932066463143648,1.872251308900524,0.041884816753926704,0.0,0.47643979057591623,0.0,0.0,0.387434554973822,0.015706806282722512,0.0,0.07853403141361257,0.0,0.0,0.0,0.0,0.3223351940419497,-0.2135250181408559,-0.9019670911016326,-0.6175704588556383,-1.2435383737725862,0.09415259903323575,0.3076626049800651,0.06764345564645469,0.10536736394181172,0.10536736394181172,-0.713550073972446,-0.2255571558105752,-0.2856231832631909,26.45652473444186,0.04954954954954955,-1.0246574940595443,0.18018018018018017,-0.7372356523911181,-21.16639743005703
s1031,12.291432238832325,0.44451203374393655,0.7937519565695775,0.3604967717935515,0.663328950640878,0.468442469219656,0.11029527600687775,4.247167115212124,2.1951851851851854,0.0,0.0,0.448559670781893,0.0,0.0,0.20987654320987653,0.0,0.0,0.0,0.13580246913580246,0.205761316872428,0.0,0.0,1.1489477114278035,0.15489367194538708,-0.19366861405236982,0.15075910012727592,-1.3870835685683156,0.698194268525575,0.3363488266203327,0.08017293008255183,0.0979603853897027,0.10032087660391241,0.4669442362413289,0.7486196459836479,-0.21358218770343637,39.344454835457164,1.8823529411764706,-0.11721642009999661,11.925490196078432,-0.10848592090540929,-18.71817432191781
s1032,11.166202462934235,-1.8959008503924848,0.03139908471007529,0.2308302803979527,-0.37816234384173836,0.5943331983327256,0.2297465703260336,2.586907815378078,2.69551724137931,0.23754789272030652,0.0,0.0,0.31800766283524906,0.0,0.09961685823754789,0.0421455938697318,0.0,0.0,0.30268199233716475,0.0,0.0,0.0,-0.07622966252682603,0.6693369829218095,1.1644883577174487,1.0251357604845726,-0.8303169997822237,-1.1406576486884363,0.5780319629036273,0.15548361102691918,0.2027572769665015,0.2342972978279573,0.07106058529989621,0.3312572240048816,0.1612756271551663,35.000711856183244,10.490384615384615,1.9723396327260503,85.16346153846153,1.8829904836359175,-17.930766620353626
s1033,13.54965616272219,-0.2817332029161087,-1.3179578081441514,0.3007439976423707,-1.7433106038817003,0.6484653328419331,0.31567989563847143,2.054186350798152,2.8238059701492535,0.08955223880597014,0.0,0.0,0.6268656716417911,0.0,0.10820895522388059,0.0,0.0,0.17537313432835822,0.0,0.0,0.0,0.0,-1.4009086894669343,-0.5278093083367518,0.0499694807542933,-0.12167795456408831,-0.14621350581141,-0.9593911098110119,0.540907843981067,0.07354610510996917,0.37246138558324526,0.37246138558324526,-0.46995667146964465,-0.6396479004408967,-0.18386339731733684,25.314665128237092,8.629310344827585,3.1281351186454343,85.21551724137932,3.671501337296122,-21.907265562413656
s1034,10.106455592650622,-0.33160558786742933,1.7087974422975574,0.2171883284660756,0.7424478930290972,0.491837681059251,0.05552932074213611,8.85726089363165,2.418633540372671,0.0,0.0,0.4658385093167702,0.0,0.0,0.09937888198757763,0.0,0.0,0.2111801242236025,0.0,0.0,0.2236024844720497,0.0,1.5697500525190986,0.8595960834699123,0.900359874888027,0.6607998690691137,1.4261174022773027,0.9627048558002798,0.315780345296716,0.0747073931770488,0.08481096963563627,0.08877409905786225,0.5763908393106576,1.3067721320336547,14.400162193448272,42.05644676010751,7.276785714285714,0.38961568432201177,42.419642857142854,0.15459251544459254,-16.559423630425453
s1035,11.955188525226728,-1.0055751680974003,-0.07261563665824092,0.2871516247683805,-0.40317477318470796,0.505081225980156,0.2357524307322272,2.1424221349973624,2.452156862745098,0.0,0.0,0.3137254901960784,0.29411764705882354,0.0,0.11764705882352941,0.0,0.27450980392156865,0.0,0.0,0.0,0.0,0.0,-0.2513096490252373,1.3091847860295172,0.9674375996396477,1.2067888058061929,-0.35983864251350933,0.4357904271603174,0.5261932277786423,0.15178303092084156,0.10994580178730097,0.13588471665871363,0.5529512441289236,0.25023121227861456,-0.21266946642796203,37.5150978630124,6.491666666666666,1.2130071851713784,47.63333333333333,1.0349685713656873,-19.209900655855954
s1036,8.9564979334038,0.7165095857514794,1.3990644273704238,0.3681524193614488,1.766362286084694,0.4412131598671085,0.04859371460096802,9.079634341399355,2.0592237442922374,0.2009132420091324,0.0,0.3242009132420091,0.0,0.0,0.2602739726027397,0.0,0.0,0.0,0.0,0.0,0.0,0.2146118721461187,1.2258224927763572,0.38102049417422756,0.02596643835401085,0.7805147927401792,0.6457713479934429,0.3676354281915728,0.3743649145471836,0.0804860959596035,0.0625174777664621,0.08173156496991604,1.4070501353343168,1.664749844916924,-0.24785872126311487,48.12176299218115,0.8666666666666667,-0.5940676145776249,3.680701754385965,-0.5386910473690398,-16.24542641970273
s1037,12.446199700045073,-1.0935508297196035,0.7395108784785317,0.3579999403892644,0.5063614123837538,0.5000745213447295,0.07980424151492886,6.26626494847622,2.2020967741935484,0.0,0.0,0.45161290322580644,0.0,0.0,0.24193548387096775,0.0,0.0,0.16129032258064516,0.14516129032258066,0.0,0.0,0.0,0.5653742319902251,0.2052081018746118,-0.27931592861035404,0.0854271248094091,-1.203813821323308,0.7994178391636559,0.2920213934761533,0.06834442797077964,0.09113065765798252,0.09113065765798252,0.09824001376096367,0.6659416645922371,-0.24827470655747752,37.80300250638936,1.3607843137254902,-0.26803674512094877,5.980392156862745,-0.37827607312638273,-18.654132588655763
s1038,15.07768685271231,0.48814092822135335,-1.3864966148269524,0.7434959106211716,-1.1298209187404455,0.6278133618524104,0.43644547774440584,1.4384691648015535,2.331522842639594,0.0,0.0,0.0,0.38071065989847713,0.1065989847715736,0.3350253807106599,0.17766497461928935,0.0,0.0,0.0,0.0,0.0,0.0,-1.186699891800611,-1.4471686123894378,-1.2739803145893258,-1.5316702954757861,-0.09238023165364527,-0.7123924170933168,0.7079884835963226,0.13633067094297377,0.3135009922996861,0.31750995639559004,-1.6940952381772305,-1.6492106848045407,-0.12493632680869696,12.466121781415854,0.33585858585858586,-0.5582273151502025,2.255050505050505,-0.3853012735004917,-23.039178599540918
s1039,15.213725391462031,-0.23040972002491997,-1.6593224406082616,0.6013801274049536,-1.5439879669031318,0.6170327665100575,0.3873736058155839,1.5928621807129701,2.4625,0.25,0.0,0.0,0.5,0.0,0.25,0.0,0.0,0.0,0.0,0.0,0.0,0.0,-2.037481846039692,-0.9006074754100029,-1.2830442827311797,-1.2783622120180198,-0.6321550915986526,-1.1022811270286008,0.6306693803439959,0.0856080796242391,0.368284165746214,0.368284165746214,-1.6647654912699232,-1.7718915446504544,-0.2155820465299223,13.897762234827029,0.412,-0.5416057619181956,1.924,-0.4906758794320725,-22.688662405249396
s1040,12.964875944742069,0.8605992024957028,-0.3038202972397329,0.3740681603102342,-0.6466977016011032,0.641306431370904,0.21699466803896655,2.9554017947378424,2.6302343749999997,0.0,0.0,0.0,0.41796875,0.0,0.1875,0.0,0.0,0.02734375,0.19140625,0.17578125,0.0,0.0,-0.4547090949779851,-0.12900905368950816,-0.15147103051906427,-0.33527413758486446,-0.5658142773644765,-0.32394495484406316,0.690560317059617,0.18404436774045954,0.28376473928620793,0.3010101101820548,0.39549627744919164,0.17843574344966867,0.49801198199018465,32.194260543254245,3.0260416666666665,0.7361333128607713,16.453125,0.2940139266379564,-20.026509999282066
s1041,17.38917728905747,0.1363096005119318,-1.077856217644287,0.7158105313847373,-0.7559626403563869,0.6623343767384415,0.26671504264266105,2.483303416919842,2.2517010309278347,0.0,0.0,0.0,0.3917525773195876,0.0,0.3865979381443299,0.0,0.12371134020618557,0.0,0.0979381443298969,0.0,0.0,0.0,-0.8550230339442982,-1.4688388912988626,-1.1674195136399481,-1.429745389092147,-0.4463950374637259,-0.9165888490074143,0.7636723278237358,0.14066835504048295,0.3366038913913615,0.3426962695160921,-0.9229442007462481,-1.2457039167982493,-0.2975159621318088,15.919591719523119,0.09777777777777778,-0.9243237312251467,0.3377777777777778,-0.7013486629396657,-24.392404474332906
