sample_id,E_T,AAV,cub_root_V,Na-Na,face-area-avg,face-area-count,ln_D
s1,14.123209513764964,14.633847712797454,25.218719343339046,2.6971205306858037,2.521378495397306,24.78405485524708,-22.44947812336508
s2,16.44066438572554,18.856722019647552,27.138802971719223,2.826186487941879,2.837638352641486,29.00826512304658,-22.98888400764099
s3,10.62347521346189,25.551037085977804,30.858072203381134,2.9806893970629145,3.383426140560227,39.47400904384479,-17.552712466234308
s4,12.561388838669885,26.401584933872623,30.4368999885941,3.7534097509820605,3.4443356743536517,40.58767222111217,-19.17258847351942
s5,13.347472272939923,21.500606774061463,28.172670673156876,2.9287175885694885,3.1659058593845337,35.067899134662326,-20.000940917037838
s6,13.224775378419034,14.266431345592876,24.63535800013767,2.882431089797915,2.458773844019737,24.008806553182456,-21.795324630315818
s7,12.585542461365678,15.019865185062612,25.73676549186854,2.7630562979791664,2.2731396492594924,24.72788230554392,-21.569805033820113
s8,15.166750614248818,25.637818364491373,29.565180367321513,3.5928677685671118,3.3194965447241036,38.56046123200643,-20.706803990142678
s9,15.076001687438636,14.413666385809208,24.537639241295448,2.5923071733145093,2.1238063144632653,17.4728605222126,-23.1167821087172
s10,12.228058139000456,23.638548935284895,30.085536762672614,2.8299739946750777,2.924788301262471,31.072973373015767,-19.55558688693647
s11,13.275070700898683,25.75893630665174,31.278658751023155,3.564271543915988,3.496772030658555,38.311956461230636,-19.292320320847477
s12,11.284716003085512,22.55455747464971,28.496655386308532,3.5470404106833415,3.079734018606523,38.52126546921191,-19.724203045459767
s13,9.46682840188505,25.91403718130974,29.63167921422057,3.4677091177345565,3.3116909797756895,37.93094562803379,-16.497714345530376
s14,12.01349596978806,28.856578767542644,31.313298832371682,3.1623520646903267,3.7289800958286325,42.96885468525203,-18.142842377157372
s15,14.683229092202485,21.140732948381665,29.08646928728332,2.5527898393948445,2.6825420753841303,26.21456862784396,-21.409887452724632
s16,14.199065153243735,13.524345404733316,23.95957272478984,2.6061588511274527,2.1113940862591,19.629689624828288,-22.71802967642396
s17,11.42800033320397,23.503576411880665,30.732670736868833,3.2073414934819473,3.1722322541427537,37.64068851338993,-18.45283706311921
s18,14.062565902991167,18.551866531978558,28.24801681281742,2.9927109574187902,2.7975549160676003,33.62453708704192,-21.063708819965775
s19,14.12458121298059,12.378182947665053,23.84278625566677,2.6098055569190888,1.9923114225308793,13.945711794351723,-21.664409036968618
s20,13.150520325861455,27.526439760099983,30.3140190212362,3.4556471804096254,3.534191675081644,42.85265581994504,-19.575243739400413
s21,15.04806233776153,16.963280573943894,25.98225224378,2.639504314970135,2.3717097394743125,19.485002233986002,-22.300123292835202
s22,9.896851008472128,30.86599480330913,31.36847648487434,3.5490573126030394,3.9871554249209176,48.169304740579165,-17.091752304261984
s23,15.927741754371858,13.897886362273395,24.66744511632828,2.660071353685351,2.214027081263627,17.24528354806313,-22.71630669020732
s24,12.81057956035353,19.301767605055343,28.46568653310531,2.9067399859848484,2.918509517221191,32.789926305616056,-19.975934617610072
s25,14.276915057556574,12.982801393045792,23.978994977715896,2.353700098454137,1.8791225445956157,6.646953176850578,-22.28124530569044
s26,11.525462648428528,32.06251242680661,33.99209092932126,3.1715448233507155,4.00899834953459,48.630679030442636,-18.065022398651873
s27,13.143331003170026,21.331473482036472,28.971783799679528,2.943185142039422,2.842974530359941,31.88894080658613,-20.174090095940016
s28,10.109436011511418,28.9324867189732,32.256302546127934,3.290141628137717,3.6265471615660285,41.277677622496135,-16.589384250285384
s29,15.268891202232082,12.887573026810156,23.920222699150354,2.4374668909415007,1.8725077424363863,7.275031785998616,-22.62132344831001
s30,10.028582542820041,24.866915271240646,30.887310100317766,3.2635654110819456,3.286234547101008,37.813667543708675,-16.97997334312175
s31,11.725253056243329,23.03461619467093,29.723180391010494,2.756111174268261,2.8993929767764945,31.073318778463072,-19.64904728113367
s32,14.921927957424133,20.36387730567396,28.231952624811534,2.6491732148286147,2.6976722608038353,27.211395413124222,-21.510596527150504
s33,16.01885063327922,13.66937197972066,24.933727312476844,2.577876633175314,2.0105537319802798,14.26310740775077,-22.89264810431292
s34,16.16633110132655,22.047249019345504,28.554382657071404,2.7880569067999774,2.755896099382036,22.48696537508562,-23.0250491799139
s35,13.972272785511247,13.382908321710465,23.97705884843304,2.510313795191973,1.9789335227356735,14.922891737713154,-22.440613855914414
s36,14.649057033822748,18.06793819123829,28.281621673208548,3.3581176518018694,3.1405628055388277,31.989031968709625,-22.39655424600443
s37,14.959206900449049,18.141987536150367,27.766573566317383,3.0414932355340243,2.923056128434292,29.92482295252502,-22.26102540809307
s38,13.33332330145529,18.52753968011224,26.68834875866202,2.5042818965274702,2.5308048190018604,14.415006745069737,-21.024363773527753
s39,11.128341113904973,14.005353817250128,24.99518280850433,2.8591589035823124,2.187796564212342,22.41981917412146,-21.416611048330665
s40,11.797590010508499,22.729264512488818,29.487061402549838,2.7395623312767485,2.825988928422307,27.322258104895056,-19.902759354684093
s41,11.728773296739408,24.294359126209045,29.010630633664817,2.908927503784149,3.089038292586401,35.3136512436137,-19.523114086482373
s42,12.703128349408328,25.6030761193689,30.461672194462277,3.6231291880974754,3.2812847074708213,39.026319135959035,-18.621753792724025
s43,13.62268239225422,13.731089122802647,24.606220306758903,2.642927939866189,2.0399749360478006,19.90427686831363,-22.578210448908045
s44,12.883993170367136,25.743871100383817,30.845577183869434,2.8542047888144206,3.114800309761233,32.97898219313799,-19.848679028795786
s45,12.465939195782735,23.281395603902403,30.24185896715282,2.9867235291540735,2.978146089147606,33.616552748986926,-19.282641992445825
s46,13.682323405621235,23.91232874817072,29.000624371469616,3.386958455909055,3.1373421888676662,36.83608190971587,-20.070960626583393
s47,11.85448877277465,22.641981698155252,29.484037436090784,3.121653828741352,3.0998574534222487,31.048999418796363,-18.428827441865636
s48,10.478986889272328,31.75218978868913,32.04137506777789,3.445273270732967,4.2075861328886655,48.96906455298017,-17.12958329507449
s49,15.42114442929074,20.285345943788844,27.38131555798076,2.971210548130644,2.9271484172217006,31.628046675210694,-21.4214234044558
s50,14.045076873886602,24.65282719666355,30.970716978849858,3.231821260115419,3.233918833475081,37.64820180783119,-20.221977466004994
s51,14.642044333722879,14.04824512135942,25.598163053262063,2.6458025772160148,2.099397807296223,17.434961434995216,-22.08446385448407
s52,13.170626811627484,20.178427486432476,27.854300918462307,3.181797315493889,3.4071768818207717,30.803522712052,-20.30062191637932
s53,9.531997590282408,16.229889765481815,27.053604303944468,3.0628123034561923,2.62532998140523,30.01164153797285,-18.815890867321635
s54,17.32873802536493,12.758046128049227,23.428702267789053,2.490661218128365,1.8918613475935213,11.19982671808873,-23.891907680821966
s55,13.292271228110925,24.08785005092674,30.859291905153547,3.234834231682371,3.240798681226662,37.182832426796494,-19.89931101552115
s56,15.15297336370206,13.2724958905321,23.77083134322143,2.456377527196931,1.9297459700922348,8.374944394376437,-22.936326599808048
s57,13.529901154354034,12.021419501979656,24.207275896798414,3.068455376051802,2.1000106087235997,16.507175212988088,-21.65250835772914
s58,17.667310608272484,13.547584656148526,23.878624807892542,2.5521880197816005,1.9965032851633937,16.675077264865116,-24.93828100106786
s59,12.950333446400371,23.415445854655054,28.93882723947926,3.0126613835735463,2.92589285070643,33.321834782759666,-20.19609135900962
s60,10.480322808006585,30.325160420252367,31.19457416491265,3.446204756918123,3.727361305913651,42.65919672679677,-16.869515443284293
s61,10.795659761271896,27.700798369958708,32.26004498483984,3.606503338435709,3.4573506539988355,39.37110475164346,-16.98686520707895
s62,12.998832528549299,24.23050103521587,30.491778205339003,2.99025779455851,3.009587923728554,33.24221613253512,-19.616668522368787
s63,15.835278323966278,15.205787137751884,25.26028564571832,2.545033931392997,2.2382747073591878,20.52738385203843,-23.6364222807426
s64,12.774631835242188,13.62098224012173,25.12197634430244,2.499504880311778,1.9562335936276758,12.305029636470545,-21.232151253298944
s65,14.06994731751935,15.295183010211613,25.93103450343183,2.6885396668405885,2.2547437734689857,21.98640863481975,-22.29595939650926
s66,14.886553812401788,19.478828909650517,27.040183122570525,2.697856240339544,2.674065074323985,26.69372955837809,-22.095170364406094
s67,12.423606701651915,15.65788494709486,26.01156422482596,2.792883767210514,2.5343482629749765,26.825995538971878,-21.009524243139957
s68,15.842483312366296,16.603163458905527,26.60324614236574,2.5501075820047205,2.297305831448309,17.029208583714738,-23.067146326300914
s69,13.446848643880935,14.5995880856391,24.53806834451334,2.6142668683151493,2.295784285355905,19.399458555060423,-21.169547410714003
s70,13.701851846398876,15.858619498463701,26.54905876468691,2.8292351487771197,2.4602415250324885,25.614757211657157,-22.68552320802911
s71,12.860092728315397,26.504485653008114,31.29145360844405,3.6087342310203105,3.3882076667693775,38.25932659694549,-18.445866533958373
s72,13.502957807193333,13.972526637735161,25.415828478810752,2.648013553729508,2.195165581231418,19.649646669939223,-21.859245358326994
s73,11.108200354582248,19.806998479663037,28.59127735611135,3.2120684584951666,2.926806988287922,31.340984884683746,-18.147059611508766
s74,15.663942642882333,12.644817442285538,23.813758156600272,2.4039797050332163,1.8492786508460146,7.806561158209345,-22.696831098703285
s75,13.305853696054827,17.410239988031655,26.089653414140976,2.9157785742422444,2.4565338010577547,25.105494414479235,-21.6254469254068
s76,11.879267292013738,26.554660627013117,30.98272360365635,3.1117782952328854,3.318977181422301,38.43041569212887,-17.997133714238274
s77,10.755332106649067,26.461426244877284,30.854042667965317,3.0297439451420436,3.3738365685904705,39.97961236410693,-18.08839931225978
s78,10.326542138852519,27.318354327708533,30.630688434804565,3.3184179901932342,3.487222183177714,41.23464474000167,-17.10463489071706
s79,13.69838975303473,14.728495640893552,25.486384683614013,2.9390556444877194,2.625442426026101,21.464221110406797,-21.30172009097587
s80,14.039622670549642,20.39404936147135,27.321287122922175,3.116721567030639,2.7235410270769753,28.2655802146257,-20.755173043421454
s81,9.879901566191508,24.907945676952515,30.860761559255288,2.960129248125829,3.1775100932743285,36.36246838606013,-16.79587307458704
s82,12.607791641858634,25.740505895907646,31.218463064272804,2.9126873392160126,3.1510761892728403,36.085247537228135,-19.619634183821024
s83,10.532457238549148,27.457090744814174,31.924513651240463,3.046852585557039,3.462732277612547,41.34208170101622,-17.329435961187873
s84,15.46664904171533,24.00186911107746,30.273848440207324,2.9074026097208274,3.1297701939370475,34.37505106449219,-20.91958911511147
s85,11.652184737728675,21.685786558418844,29.25852225920321,3.253922789270713,2.965375648383725,36.28159988207774,-19.318038939000672
s86,12.37990805334046,18.138866837629052,27.0403442829421,3.0264683130035337,2.614003612645788,30.75473309882571,-21.249921782052695
s87,12.966660207690357,23.124865077131044,29.58687362591984,3.0472139707158195,3.0344837739994373,34.53368203893779,-20.00999990609716
s88,12.774665336617137,25.393086248138307,30.865597064640557,2.888131810876638,3.111400463333666,34.260951844803714,-19.335949226630238
s89,13.427998248579335,16.15682367504702,27.196213733458293,2.852891212585958,2.607016874272425,27.577921675097908,-21.284778208731176
s90,13.474206106673947,21.31754257034038,29.423997934225554,2.9382609874148984,2.973171591231812,32.81375633207548,-20.098443257027355
s91,13.788682346664947,12.994581798301644,24.645535678208343,2.519580866083387,1.9073634105679926,11.809366688349906,-21.852334026425286
s92,11.308345842785215,27.491640168382606,31.528392907436743,3.371557420222972,3.512917975275252,42.946064199677124,-18.528739856121025
s93,14.488132687365884,17.061811166196264,26.853877133225748,2.972548153274495,2.500078975160845,28.562024527174106,-22.44477787769646
s94,13.297148435962033,19.97626033175323,27.1334320181685,2.7044249965823264,2.6030671844133413,28.37778488753644,-20.69748145715988
s95,11.529988214235086,29.52174120210038,32.2104010227683,3.564102694651257,3.7323361455711312,43.93638327216135,-18.391442687549077
s96,13.854014097729856,22.642926567711346,28.52455039883818,2.8599760328616015,2.9022270197925417,32.54259459260764,-20.619086918858848
s97,16.55331388427134,13.867534275072662,24.231606226023715,2.6007108311055207,2.1202285176807636,15.00672523719892,-23.36181657728519
s98,11.205880797573563,24.00008326588902,29.130637643876554,3.0273647970461823,3.0800391031367282,36.51112823812332,-19.13590175727989
s99,11.254557583201331,32.293997615590975,32.91270880847566,3.895952001234005,3.915361747660393,44.72995923048436,-17.648482350223674
s100,12.036674783682631,23.08124788931849,28.56670958527265,3.1297495190579196,2.8794165147030935,32.84948051996067,-20.033959522711978
s101,12.539766220803884,15.935911730763586,25.634054359441425,2.9276254888650697,2.772128795396075,24.932208415985194,-20.47737186068138
s102,11.979140286156236,33.50664705075809,33.238940725891716,3.3960932157699335,4.108869557415732,47.619793711642735,-18.134042615943372
s103,13.117163932717189,19.630580056347142,27.15466408705612,2.678578250540833,2.572398611738735,21.03405201034331,-20.948857312660238
s104,9.73017835280605,30.782768723096492,32.929759297050396,3.148449235150628,3.8834399755503233,47.65687103669784,-16.95125455205811
s105,13.848932621785384,16.352068184699828,26.47623234527042,2.8373945632145365,2.585998513501138,29.873521611869933,-20.899130463640013
s106,13.858025997216668,12.96690863491804,23.610263337621433,2.5510260453871894,1.9360964956959743,13.51689990297474,-21.934214352044624
s107,13.175482907534823,29.213389111283753,32.563654630436844,3.065752691710055,3.4871185024977915,41.28013342188225,-19.38858975045087
s108,13.69795426474313,13.497759369496892,24.276673767273163,2.604542206540705,2.0526986594609165,18.63401755114702,-21.847619122564478
s109,11.721858069293223,25.45546530361209,31.155339888153225,3.2612303181141984,3.326049898953354,36.50247621377489,-17.652660170994906
s110,14.872030664046122,20.585272498285082,30.0029173154665,2.9195439202872286,3.2581803463675305,31.578508244281764,-22.226437906812052
s111,13.609833526507904,15.690036195955177,25.200435093622787,2.6271984658713294,2.191583647674218,19.066795584972088,-21.983674987302074
s112,14.408927423694472,12.902306213677399,23.72480026682431,2.753820422152786,1.8930523397985286,15.382570640992485,-23.417271754160964
s113,12.674600739504571,20.734319983342658,28.94844362518813,2.745874751768553,2.68926289819897,27.547998106074402,-20.647507762275552
s114,15.378799752073228,13.108884638412704,24.595398738753037,2.645668639334195,2.079002391737039,19.36424261556804,-23.352818526712568
s115,18.032655367051213,13.767562165457635,24.552092038509528,2.8310841906501185,2.1806010215257206,20.87694290668888,-24.676534052749634
s116,12.182593765604317,13.714503704894481,25.22253031179119,2.804601520586525,2.3823177385727363,26.259532428207567,-21.19630992652875
s117,10.126509437188458,27.50672350511465,30.266797052704966,3.209814843917648,3.548951610605025,41.181632724889205,-16.815182372221585
s118,10.434885294885879,28.853595344423223,31.927850321871365,3.1405000934205596,3.5327761381673697,41.838847241406384,-17.25426000439147
s119,13.114851854461389,20.143663449321917,28.29012866730398,3.0053823674606868,3.0933638350127595,35.479286318885976,-20.262240640542466
s120,12.61762402433443,19.679858129056527,27.954280201369876,2.744666233708697,2.5905649556244756,22.495580167023945,-20.613762364468812
s121,13.480764233443473,17.37550545231581,27.198732691180194,2.6350219610705063,2.396409318052943,22.863657554380282,-20.902048535966593
s122,10.15785824080087,27.73645898370478,32.16701442552593,3.0834837341408465,3.329663051372739,37.041684726379934,-16.791797918393293
s123,10.690648705953185,29.01402825573085,31.796740072767633,3.570432334768409,3.7912881655573285,43.186890789220584,-17.29435756680531
s124,11.931910571652619,21.477748045832826,27.935187791877926,2.538966381242008,2.9367212939192444,34.205320816823146,-19.270658408117193
s125,14.654413691434558,27.106253051560913,30.287571421278937,3.0277065069800733,3.3062235443623957,39.56945061047232,-20.746670748696744
s126,12.576039108639089,23.859650562774,29.288523829617066,3.2558426108562797,3.1637093528421163,37.79097800001965,-19.81090987888966
s127,10.963420747103095,31.030962720272328,33.11263209092943,3.347744638810231,3.8709814182123625,46.544693580828934,-17.91042209268825
s128,13.721786962683431,13.992418335806475,24.097071168218037,2.523463933123189,2.042133016787253,15.181592173496155,-21.994864397306095
s129,11.239631886211695,26.454472005179213,30.14992835597262,3.128540579920948,3.4013093846478695,39.6468294824443,-18.471060843694026
s130,11.611133732287495,13.537183005060157,24.26201796080046,2.5105803279670433,1.9897243210209956,19.09376991796819,-21.833074199089218
s131,12.510394805438668,23.302010698806022,28.562604024370014,3.0734641895623573,2.998175174591453,33.529923764250896,-19.37195493711046
s132,10.68116876943261,24.547006185557045,31.011654485589524,3.3964981306953277,3.2902619031891023,38.23393877288013,-17.5689882513714
s133,12.328583131103517,21.331317787842696,28.88675178914249,3.015841546036138,2.9540106158741493,32.695039512471816,-19.52720456066259
s134,11.102425165665094,22.447564557540446,28.469998742465872,3.1697968786739055,3.190094380567277,36.14895353843124,-17.92604080418195
s135,14.633658289563257,17.845059582047146,26.441895583897676,2.9537710413759264,2.806161056533034,30.112386170873332,-21.636901841512092
s136,15.021048188666596,17.2068332449704,26.92183561683614,2.4941477295487324,2.3673348899848903,19.20712604261921,-22.66590946104735
s137,10.769426884072697,23.41358810155177,29.12327053295707,3.047595929627099,3.010694133126576,35.973418860498334,-18.7194829919456
s138,13.35814191024349,18.163298383567387,27.619611719743858,2.780002200100674,2.7997249559571795,32.415096380925384,-20.985699707924425
s139,12.549607456788584,23.469007345722947,30.322875806130146,2.94050192487462,2.906426740079014,31.845104090870354,-19.46420871832499
s140,12.872748191221357,23.3990347119492,29.879105908971553,3.166138743465873,3.161250737849058,32.616398066468534,-18.90485827097119
s141,13.762038561378207,15.521210470899238,26.239739718302346,3.05427295213931,2.707048002674104,22.899361278930442,-20.483878043298652
s142,10.635033079442662,29.899879183674003,32.79823552770732,3.5045760470602416,3.8951765454596763,44.54357308218803,-17.12146112463541
s143,13.002526558851796,12.016837895521984,23.16915442325653,2.4859922779474877,1.8795784632489703,13.917079285461588,-21.463983414352406
s144,13.190372210361787,12.650892076458074,24.305562189160078,2.837547608779545,1.9964362087903682,19.118274821768594,-22.967430545397225
s145,14.556770086348006,18.794173695043217,28.206066209979017,2.526985938811135,2.4946543266602075,24.75571564472151,-21.695919741093206
s146,14.51660211883132,13.093542015308723,24.18207890265752,2.5889792652743195,2.0376243545691697,18.385719944067475,-22.683691723147827
s147,14.136528247124444,17.229915745425544,27.400752727664077,2.6768136562537976,2.4268003487788112,25.21897158500954,-21.214061142533083
s148,13.435656774601497,18.967191559634145,28.689575826244752,2.9609909627476796,2.690545694459037,31.017398162620047,-21.398262355300055
s149,11.021554182196503,24.63622342179303,29.14607413641814,3.1766018267574707,3.1483104133681916,37.035283397154494,-18.182041013973326
s150,13.551492875664152,13.884544651612648,25.07124115750438,2.7086188918161684,2.178891848884345,19.908876401259242,-22.366150531541145
s151,12.882653809898429,24.669412571808525,29.540989133017305,2.6546188337305976,3.005366400368997,31.145797608506296,-20.07280490017163
s152,14.044097683127918,24.9827579272504,30.039315990021354,2.9749148106088836,3.1521943138782933,37.60391023405832,-20.43501428229088
s153,14.764129624181455,14.22044457643112,24.419553017183297,2.8416935348032686,2.3421551608953792,23.996402709349674,-22.942088330054116
s154,12.845807405583116,23.559550872740072,29.137487621820963,2.839770173689169,2.981668851974131,34.556780888336505,-19.415554869328393
s155,14.946773979213301,25.320630173267674,30.747192442517523,3.6596113512582753,3.313132665156976,36.78633081133489,-20.306258860408054
s156,10.406213431036097,27.456045837901364,30.662608414675162,3.240180678509431,3.505570511062488,42.88381951817753,-17.552254788616015
s157,11.963052288473236,23.67976210261555,30.310624583110584,2.757885984745421,2.969666770588494,32.30997724239173,-19.814946895685345
s158,13.623026336689511,18.348917209399144,27.934589510171755,2.4242078640707816,2.5033303489247674,22.97915412345272,-21.206667016561124
s159,13.942059865015047,16.217891773265944,26.049954272541232,2.7345554294316274,2.4229496911420223,25.036069605603082,-21.993395515087066
s160,11.44901174575771,28.919927208974325,32.976631677415845,3.174655984382689,3.5766358131886054,42.265072833931114,-18.2271237687366
s161,12.355477263682758,19.777192065267453,27.64258336121428,3.3071000041232383,3.007801985618577,25.193645553872695,-18.50131544535105
s162,14.224095276667082,19.6728146954328,27.93414740506622,2.8601243615677245,3.104988338279288,36.01152056201081,-21.652394606185418
s163,13.870349573340425,24.13862559806547,29.233734349102054,3.030173411611223,3.0279785873316447,34.997615170684256,-20.548630134115033
s164,15.497195924285485,15.203727132750174,25.322530705067596,2.2752457970094637,2.1440604326413513,11.918320354062418,-22.442590946889926
s165,12.71571622039409,14.278165613449543,24.516061611965053,2.795024629417177,2.3669076385536387,22.757530501182245,-21.694013787295624
s166,11.411295530959533,20.635116508097592,28.227850440322353,3.1976474298418998,2.8351399172772402,30.897568553693862,-18.935446502488162
s167,13.615270545582415,22.694148465974347,28.3120487370787,2.8678139946219905,3.0192774471978527,32.40509363842548,-19.903714228306868
s168,16.921611881369646,12.469996766272509,23.681287820253754,2.4900657021595647,1.9579113786611857,12.39904032425815,-23.58382467591309
s169,15.82500696368332,15.90519295283225,25.248746279359903,2.621190665414421,2.2612820049584994,15.578076955504416,-22.34616115486217
s170,13.144994770625564,23.561046940585644,29.193500136278008,3.1195146574151327,3.127237220764204,36.801175001303015,-19.801057264854194
s171,13.97602023078759,14.343283529685987,24.296825119756956,2.7456142109738364,2.225199484664013,21.7198756927135,-22.253449673551025
s172,13.84039216674582,21.643738274866,29.515461040494486,2.806489312806617,2.7538440321716564,28.458859671891236,-20.760763970805346
s173,14.024123904126203,18.576894572450914,27.763562906010687,2.6764843556139746,2.4606307204230866,22.30794390961716,-21.67162181633835
s174,14.799626216185397,16.486572152761248,27.34328469159324,2.844153789657156,2.5217938332473047,26.275647415227713,-22.177461512846705
s175,11.9627085433076,19.55205374606341,27.93545503714756,3.279832225981878,2.807343916323891,31.74814459033675,-19.122497374521355
s176,14.675421960839177,13.416590352083603,24.749904892525436,2.713897877934587,2.121105955202496,16.41886635448752,-22.6288012335061
s177,12.112277008830073,16.515456998563092,26.272272813768627,2.934221611758031,2.511615233859592,28.8103175222666,-19.985044777482017
s178,11.816095010641943,27.792949981503885,32.295778307290504,3.25391746636025,3.3467175891596033,39.27473798205882,-17.780304487807157
s179,15.195630131729423,13.344654655096386,23.985160336292253,2.484734559712915,1.903091242811919,9.611717120580625,-23.22340610724453
s180,10.217976027342539,31.83695250099146,33.45386271929445,3.511240764666086,3.9755199304253352,45.298942713474815,-16.825432514024662
s181,9.164935050667212,32.81385123326576,35.22522776197507,3.333676355936478,3.884422571490923,44.94819783356954,-15.866822079162311
s182,16.204309907502534,17.727764650375477,27.333934676526216,2.4851264721504736,2.407750053417138,20.70589423633158,-23.482935138037483
s183,14.543429230490412,21.511355294852514,29.001932849517086,2.8176862513191008,2.713032884867948,26.690927302525367,-21.550988106282077
s184,15.626611013613358,13.786190010871435,25.480532630306033,2.5623580641741,2.247639073436765,22.088828744092414,-23.249377754664646
s185,16.199048612610266,13.263441580672973,24.597050262966665,2.3827240648465247,1.9189259109947518,9.231443267758738,-23.785924533081648
s186,13.347217752117599,16.930841811963592,25.763210103183155,2.7512187381420925,2.4354122279465753,23.32875014280501,-20.71202883303041
s187,13.574676366449399,23.435964517142576,30.11176777153199,3.3062925357778576,3.0487476782840544,36.1352428733463,-20.275034756907367
s188,14.965614361857588,17.057985810669333,26.4597574026155,2.577710830898631,2.3721931416637934,15.93158433268675,-22.140136637556186
s189,13.25739132937888,19.79241825923221,27.61511329547462,3.328619958737019,2.87695962480565,31.0521143620938,-20.740305969435894
s190,12.43006840855953,25.502362750772047,30.927594036246667,3.1360809342467824,3.298712777301396,39.19424270472689,-19.145429635932828
s191,9.792105345470995,28.682391267221995,31.053123094411777,3.816137906012338,3.7704781990604697,44.537781042509735,-16.793234738288557
s192,10.427456680484928,28.905224066077196,31.98459989543702,3.2934431278154066,3.746113652777455,42.62687379378809,-16.909281844199416
s193,15.297080063128316,15.253596624823189,25.397570796606534,2.477167037599372,2.139656582333366,11.80771028254707,-22.73712334380998
s194,13.820695653254452,17.420233430580183,26.719153592636406,3.051965385009915,2.53926305701345,29.326515203606643,-20.900197310829718
s195,12.728333513111712,26.393448114314527,29.970829822403044,3.4076279321702474,3.4375416632888087,41.05820023442518,-19.107785995760768
s196,11.868660512662405,22.77389206251432,29.08173668032299,2.803427976668083,2.9484559560806973,34.0621072956977,-19.183782355139364
s197,13.3524973081823,20.561698056435397,28.966241773453948,2.9825083103580474,2.681191604842734,27.859487416314032,-20.1011877357369
s198,11.971586973144461,14.465496017201732,26.035407941938303,2.7675210597538564,2.303072558827026,21.136589562130045,-20.400697248206857
s199,11.839216631811256,17.986859811779098,27.529888113617417,3.1893320815221924,2.7092229076595937,32.32503503902972,-20.33728659050214
s200,11.071872923488492,27.989240443872625,30.622888842426622,3.013791632587306,3.5120098445973142,40.92714220069292,-17.88348829912646
s201,12.568906829816152,20.508716292989156,27.517611090159303,2.9709421782324297,2.9816468298310355,29.113249813175926,-18.917836019933553
s202,14.518283446284578,16.89119265975471,27.45356837328247,2.619091616260543,2.659977264019389,27.93943062111636,-21.74492495952721
s203,15.585767373734447,23.203360251560216,28.711134359226353,3.0252206591336295,2.921632491587147,32.374900218238366,-21.850086989426014
s204,13.92541257331745,20.00796577988151,28.508246048536577,2.9434896059395426,2.614852437646328,26.590587823040998,-20.863491088313225
s205,13.033226647386378,13.390963729134373,24.806884714478958,2.9165908872880006,2.3549773561189618,24.350619303289147,-20.880549457038313
s206,13.735006540929225,17.527404711795988,27.603635685622475,2.7848386865442087,2.7509123585165716,32.95435589040345,-21.149565348020598
s207,12.56708412426013,30.622600038563668,33.93367625703252,2.9648146083731364,3.6008357056731444,38.650335559947465,-19.360646010681545
s208,15.055617144642069,22.117979138244003,29.116324185398152,2.798447391393645,2.776054091861842,26.234294077064806,-21.735539872685063
s209,13.13137030716577,24.93853520708835,30.87338979205057,3.2090782014027637,3.198287741224167,37.52174531962518,-19.58079034508013
s210,13.674467163344671,16.774857141633213,26.425132391272747,2.784435059450835,2.5029202459906523,29.07177375536713,-20.770954116694742
s211,13.855343933801313,21.656639890023285,27.947987203252186,2.9717246055628492,2.791930854427162,30.83731576381123,-21.060038569844266
s212,11.973806383889944,25.787387908249332,30.1234289550795,3.0230890356034212,3.279533988926819,38.826076223308995,-19.214313980347008
s213,11.488591677560835,24.71904367268754,30.475140544396105,3.1373779839054556,3.277752424364761,38.83119100433608,-18.9121108669148
s214,11.420802013321582,32.04366604631095,33.901995140859206,3.2313635744884266,3.9234405733109754,44.5865759756427,-17.97391097043976
s215,14.181157578704955,23.80519140895551,30.18222280117561,2.919023612135176,3.0416208206620263,34.986974729635705,-20.464160665816642
s216,12.16964324138998,19.22679420403041,27.185733554077782,2.8632888479460843,2.6105919364858523,30.098772130680103,-20.546952059815602
s217,13.819556484957829,20.57549156559068,27.474950411715263,3.015527653732848,3.0576944441742944,32.91918513041932,-20.645279605578224
s218,15.111135340483592,15.530185429888231,25.478591531960213,2.642895640680135,2.240442489291632,21.580900023993053,-22.675690574868597
s219,13.666932374421338,22.957031903062546,29.26708431440602,3.0238235430713947,3.126188964885018,34.385610122890895,-19.69996813819463
s220,12.737730975337247,13.025950171369704,23.761957370308217,2.7863765004298484,2.014376475438023,17.39257228401362,-20.56541179285701
s221,15.174599012268864,22.4318830499442,28.249489103536376,2.8923035014244474,2.8725897674323133,31.77626005173793,-21.47236245537334
s222,11.434487665750174,27.478151272556687,31.384364868611147,3.0316700460377217,3.5160107832670993,42.63916264586142,-18.177173865698325
s223,13.627297726940107,21.486482848878893,28.567025541292356,3.011343753511369,2.82365631483164,31.558401205937468,-20.492639747610813
s224,14.203505704493786,17.493792591874676,27.462825993539706,2.942675143788641,2.9527836645892993,28.972309765964205,-21.473708517273963
s225,14.282000452048251,13.351913793904432,24.962599847657735,2.733391919377241,2.0648230851527303,20.02252179817021,-22.9763619264372
s226,14.741393125676888,14.15484948879476,25.48964023717199,2.6806106878673086,2.154449573203645,21.43177626860612,-23.49615644619751
s227,12.598793595172813,19.508514149209155,26.991575909836175,2.6199286903648464,2.650665725449809,26.17428813211701,-19.942147853481078
s228,13.135422491699037,24.799234999110283,30.859262646648066,3.09511260265506,3.1923635156793058,37.00297344524752,-19.35600154849446
s229,13.273247071612252,28.47630698706422,33.225116294394894,3.1850263563533465,3.464439273198928,34.75511600679261,-19.31982821700711
s230,9.717728647609446,26.44954016889736,30.264009847132208,3.085054495864407,3.4142407525060614,38.80562113061824,-16.639647614431244
s231,12.384679785201769,24.780905079947754,29.958194366970993,2.9014715973772405,3.1703522807091336,37.571951815897435,-19.124129615755344
s232,14.19121182661408,14.139795839711677,24.924077098991113,2.598403025717184,2.1010038396856174,16.130385037771582,-22.05202611453251
s233,12.220999871103446,14.665931030598449,25.829490226239283,2.7403662718542017,2.3098657920609416,24.11592625825701,-21.089871007465433
s234,12.718840976495212,15.178114216357113,25.449692969517386,2.5172531291120324,2.131459100022064,11.335586000329481,-21.198654807814222
s235,9.301158439141952,34.9236949270952,33.41159020892938,3.5535778781128453,4.27173775352461,50.93563276500092,-16.344704889092927
s236,15.248772338336403,25.851124462941968,29.995767528571832,3.1644414079762098,3.325869607340469,38.03496775232759,-20.354955565366687
s237,12.406877684745794,17.84337944518633,26.37283039929663,2.980575231909766,2.8516550653788837,31.81097489470605,-20.574888008173755
s238,12.489492971562097,14.709484559001826,25.045107634576652,2.8210822552977284,2.3473404387496366,24.87892910855786,-21.814975990020212
s239,12.27491106220577,25.645520101717956,31.380957161804794,3.462796157292552,3.3680717515228458,39.70553730628082,-19.386057842074095
s240,11.389896099526135,25.241510569833842,30.18889937517505,2.910440520357697,3.2395070399393178,38.9745331579548,-18.795894333725496
s241,10.1475330547508,31.236505442246912,32.62789652118214,3.405344182174441,3.8620856569046045,46.06770379185272,-17.321199982617035
s242,13.433797932980111,22.157614508335598,28.727792816597848,3.227490188764553,2.868654239795354,31.96550038446337,-20.176504132856827
s243,13.196921386745885,21.3073271187853,29.337004980678334,3.683374274491434,2.914330611322133,31.909532237934236,-19.960721244423937
s244,12.94093621616959,16.153000016544837,25.652114001973395,2.7121499646745533,2.290056849475011,22.10576470627363,-21.219936889316745
s245,14.722410188660593,19.343619677277783,27.19716867171808,2.6761317783974565,2.6113396710841905,27.883814495261596,-21.522562011203878
s246,10.918840628069072,26.726301221919258,30.722474966135753,2.9690844041461384,3.393253799405099,40.28993443866366,-18.06013829922115
s247,9.332246370192067,22.71947401291484,29.801724756803285,3.2690463851797,3.4092976673319146,38.69408637261382,-16.62499542985015
s248,12.732956524212762,18.099621586485572,27.547603689405122,2.9845492625883447,2.51439527381359,29.4529713691769,-20.87245838906029
s249,12.900495848007038,23.47874440465004,29.104136752782388,3.050969489583858,3.150149197156791,38.55851841374186,-20.311929305058033
s250,10.990773594576075,24.56911433521238,29.641382492356534,3.130990180577132,3.258882073338715,38.50792027084732,-18.2908289451548
s251,15.074891558377853,11.969080209226533,23.071157254496615,3.0854634183617975,2.0225537551316437,20.109511887749356,-23.16191337748571
s252,11.504614667552373,26.375588218907183,30.681182291302616,3.172204212756615,3.322850784791632,39.675469664306966,-18.36403387539604
s253,13.16261373539625,21.22718193444648,28.26688747387406,2.8840636948338565,2.9389411519107744,29.910764250659756,-19.489785918903074
s254,13.358955187614379,21.356908295314838,28.62289611437504,3.314059498489659,3.0034431729125823,34.79711363703033,-19.743287582359166
s255,13.437636845905253,22.728664633286467,28.972495188922416,2.900408567995252,2.9023467871900004,33.001031538941945,-20.456925991740576
s256,10.73669719586372,28.56312061476941,30.740354315817154,3.3106191300535306,3.672643172503212,44.79869250238066,-17.768504612400548
s257,14.579171350603042,20.537789531695836,28.481885780000788,2.7959953620134206,2.686214590175986,31.411166802805305,-21.636609940397
s258,11.727627497373724,25.014912749283592,29.95958677069061,2.753547075022214,3.1399572535581184,36.69569603229309,-18.60059101905129
s259,14.115353525303721,20.670759659413388,28.052779410403925,2.844665694041065,2.629755478903597,21.482501741239865,-20.945423624206537
s260,10.9739487650768,30.939544292084488,32.209146944078064,3.3675692689987353,4.153844274405807,47.98162286999011,-17.428759428379617
s261,13.802081327974456,23.40223503869781,29.2102751713873,3.0437678298099535,2.959189172798756,34.28643671451765,-20.65616574581777
s262,11.48760247521933,19.99016852248756,28.14257124723862,3.0620670246017565,2.8326245621799244,34.72655542966749,-20.140400407521465
s263,10.129650089905262,31.690080611693084,34.04324093520824,3.4180406619425456,4.070880755084195,49.313722050101006,-16.86996628366655
s264,11.913598209784821,17.6739742356041,26.970297194759144,2.6342572233277295,2.5542767782045783,28.29933984167051,-20.742711619677962
s265,12.112656967708219,16.853484359443797,26.182620042495454,2.8230620104265287,2.3250411788228913,24.510016721580225,-20.595366957166654
s266,13.201494455808424,13.437223476426352,24.578607408062133,2.557514014552074,2.0142344889862365,16.657594313362985,-21.9865113361999
s267,11.875306356074455,24.503113798152445,29.799914005879437,2.975040226912527,3.0998803830495008,36.840395554633375,-18.993335432451406
s268,10.925516578961583,25.81407338642851,30.228280207624607,3.045831723366835,3.2824149637809272,39.722214538210466,-18.57298059991068
s269,14.336115127571876,21.47736476583064,28.359713336390527,2.736540234152671,2.7344056359233377,22.07750485075717,-21.069170229606637
s270,12.137209693702083,18.76443006857673,26.92296619003951,2.9362265449396383,2.597633688444586,25.593001407631625,-19.207560529649285
s271,13.301578983924474,24.442912831669503,30.580619113207813,2.942698986034819,3.0649860536858,33.965755841330704,-19.65184309682283
s272,13.785251630063064,21.115573765331327,28.09295317426714,2.807326114605317,2.6990344252154066,20.38661612428733,-21.12049940018463
s273,11.576493550748882,20.91638888895043,29.156475169460982,3.2145580065024975,2.8991617669291196,35.98437301052326,-19.453985060044246
s274,13.224937027312556,13.117007284420804,23.932258403099727,2.5670212928602925,2.069905134757967,19.83411151272812,-21.352030056481187
s275,13.381325109411323,19.39848425613771,27.862124041269364,2.9347833438608233,2.698368896774375,31.80481948326345,-20.88724638081418
s276,11.86191615221904,25.516175844265497,30.709339992304436,3.0146115043514925,3.246205645817214,37.84141589466999,-18.394324898555674
s277,10.05440702060155,12.75063811206189,24.035505839941088,2.8668611700848707,2.0448987963884058,20.284329317167394,-21.993061955018845
s278,16.366493203859438,21.32601494237025,28.239556754569293,3.3163788697839136,2.8987529153561478,32.72518503171576,-22.768836128877638
s279,15.804931991043837,14.395760917490847,26.134775280197182,2.712614130308912,2.3233041207965988,19.581863430795277,-22.623809840366643
s280,10.016499434506391,31.720637803611268,34.4061156593077,3.4698797026663164,3.9245009519770924,45.018993939316296,-16.207312406688885
s281,10.48840327787398,13.094924145106178,24.872166589822584,2.7374322455085327,2.1235407916896936,20.132436105057188,-20.7263291094093
s282,10.47396551466682,19.168807109852263,28.240842664988367,2.9114785172106186,2.815061322099958,33.913392900696934,-18.407214855311967
s283,13.704758271179797,26.97633711970503,31.10873788229854,3.26942037298477,3.5195002675762304,40.51495784239764,-19.458430553559104
s284,17.191190437539678,16.737040039234593,26.08123627101025,2.9087803047356506,2.6819063796020153,26.949405792969177,-22.90375248734285
s285,13.625318026953245,18.269386147572696,26.93824164233239,2.6935097956005607,2.510439808047547,26.902604614440968,-21.625066525381193
s286,16.410986426075482,12.911484779896012,23.97999823370596,2.4054056871198233,1.8884872957267258,7.4508806097680225,-23.081672999493776
s287,11.535909111964969,27.89382598345148,31.773762319580328,3.4453350446010638,3.547513154669159,43.61123442347946,-18.887465458647895
s288,14.180171145941376,23.207804254530192,30.226904325564924,2.80900969170905,3.112742100146638,34.2311186382115,-20.319348636717013
s289,17.062285342538303,12.94852261281851,24.313514078144706,2.535299278990392,1.8810151612351753,10.91542066416749,-24.10980627565496
s290,14.28130003977539,23.716738768215336,29.312970363551734,2.838331123017989,2.9389319031861985,26.55962328283563,-20.872844469529642
s291,11.015082553950311,12.609844155704947,23.337630014679018,2.848543201705089,1.8591769718996687,17.65583461964963,-22.0427568691158
s292,10.132217709176237,21.075835390411008,29.474991732605798,3.3221890769776548,2.937914596073472,36.23776808365775,-18.209832643922198
s293,9.870777815383827,28.799883733648382,32.93094092828102,3.3011190720585386,3.828894360696845,46.24133245819862,-16.685687492468112
s294,15.458919677813409,12.647693770166962,23.476264386303452,2.5437097820221886,1.8577717775967273,10.244368776107875,-22.80852590517532
s295,9.844081330949466,26.988486471948654,30.429373400103195,3.8089351440499533,3.543861772914223,41.02100857902694,-16.73628435422914
s296,11.536770927371126,13.730744613660296,25.304166250892557,2.831249028486073,2.192244940020266,21.02191391898955,-21.037169242866305
s297,13.465640462783472,19.580015160995703,27.704327745853792,2.680094497465336,2.6050272523212663,20.557068321844287,-21.242887874886534
s298,13.640715853446011,14.647812274893301,25.25739077305978,2.67023865248923,2.5819284299613514,25.033870964606827,-21.77880180045448
s299,12.300749957589872,24.773471913306274,29.45928425518279,3.122768514468172,3.3396018656808164,38.09279902497127,-18.934865152709644
s300,10.667015444118302,31.06899651850673,33.31384258487214,3.384145071399137,3.880968589338797,47.26349810867119,-17.740175222694027
s301,15.057922137319052,13.314372227473873,23.780118951298967,2.5054935270512817,1.9653877058697218,13.766821378354399,-22.831714834949025
s302,10.239320483666653,25.216806933152817,30.362511389217005,3.0769687001278494,3.32693732673883,38.41877699573566,-17.21456897049112
s303,11.37115445785968,13.179139068503915,24.711409019800968,2.7824041782036653,2.0658412774569324,20.61687516669232,-21.305521219433746
s304,16.288223966040405,17.74280185045519,26.800978285251336,2.59892603148626,2.4525143706680805,26.264748499043794,-23.136770545619438
s305,11.978925059271305,25.311865501250832,30.536943029807748,3.095979464966941,3.2254612398247096,38.33003523756939,-18.581599861738347
s306,14.768787229316056,19.759667790315024,27.90770399539444,2.9028187004961827,2.667930803277676,28.95983643754319,-21.63460095493751
s307,13.960603360241606,24.542032348782136,29.555757052361184,3.4613114300799777,3.270429223401954,36.67703878941859,-19.872895367623194
s308,9.32847619625808,13.30339559712424,24.716451639725477,2.8710924875640598,1.9705509640620693,19.787591718179616,-20.285500261962973
s309,15.004502450685605,24.266562459161094,29.08587085984809,2.87268693861455,3.284373353908237,30.462322245618015,-21.29242792516701
s310,12.60317841366193,26.90721167277714,31.08214365163186,3.450675333544056,3.4639456834195856,41.107384462560915,-18.948559636861656
s311,13.655784684304951,21.865767257604354,29.83872988436773,2.8270171058097397,2.9152193832619826,30.842040971465018,-20.100398368442757
s312,11.676190014976392,24.654028231189386,29.952848437979615,3.0040783633105406,3.1741698485392935,36.65869270758158,-18.300571881596824
s313,12.2433376540896,23.966504452136952,29.58077062787357,3.006247237394966,3.0876530477693795,36.72570408347435,-19.903122714501734
s314,12.587898792175023,23.480941400729,28.683172768391668,2.9882171943111357,2.9254612063022276,33.08196421780464,-19.806455384792486
s315,12.22130020615636,21.298697952020156,28.40458457544611,3.0615278069215988,3.125806826397172,35.25915856737219,-19.14671781515828
s316,14.05137145881539,13.52204797390782,24.09873655618006,2.5990752080562185,2.0601573734242096,18.22350277960582,-22.576202538116522
s317,9.259943744194796,30.617711655792295,32.58494988588636,3.3694734962469286,3.9024238012569565,48.27566092699996,-16.473332334051207
s318,12.762384763612411,23.112805043723764,28.76713602551246,2.9381845810782776,2.9645287293682627,33.35158501761626,-20.271027014882893
s319,11.840882563092677,19.188065800833456,26.8163142898144,2.7732656156811344,2.5635521452263617,25.840816695391656,-19.961462480576472
s320,17.917419360244057,12.614961716044148,24.66858843757175,2.930633979987761,2.065778537855904,19.88614428419754,-25.487730825043986
s321,10.998830635406101,29.382574035772027,32.60798396864854,3.3157453861641324,3.63136541726935,40.830150784091046,-17.276618527501487
s322,13.041547076849612,18.33909776895704,27.039515707567237,2.9052781552609988,2.5213914290656523,24.746123058588047,-20.110737898189527
s323,14.258236693238558,18.70099813790396,27.969425734663744,2.66274521701243,2.523423373975076,21.30686863924867,-21.782232387481976
s324,12.430343295687837,27.573263018754012,30.45061301670903,3.1379688582733247,3.4526794030720716,39.841155600227175,-18.79130547869734
s325,12.965187841899294,22.822596091939296,29.263243525388024,2.8179616955165288,2.8396644738039565,25.68390496537866,-20.326794366780437
s326,11.341231203913633,13.343530662035489,24.957374415030632,2.8467873375653014,2.1051359511974495,21.00926795637227,-20.718910831217134
s327,12.606447308434449,26.27740018285569,30.652388151933966,3.3114424818602397,3.3587677489584875,38.84308819154521,-18.343759834301164
s328,12.758809947047602,13.01491072236925,25.304835296436284,3.258847030254523,2.2998025483989486,18.770075964005205,-20.9950536924673
s329,12.358572782497609,15.395900436230049,25.58652635440033,2.9468447155944837,2.5750313810811036,25.515143905383567,-21.403212909548728
s330,13.382624553593745,13.49251161878886,24.905738801613992,3.0130545826174497,2.2180565247058035,24.664115713989705,-21.14112529442132
s331,12.659460721931602,21.568147096495686,28.346030602977432,3.0053465304060327,2.9803360315234504,32.52049752213447,-19.346373221664365
s332,12.865961298482315,19.275583849757943,28.172270104671874,2.8226317355777244,2.8573056880521728,32.086819833481904,-19.624627796544967
s333,15.282866039725858,12.944207976941788,24.26693080964158,2.367695521555435,1.8910542619305348,6.9541925410381165,-22.936242498007903
s334,11.409719985708175,28.40165377302114,31.59042988786452,3.181422817486849,3.6009136414550733,43.03761709124435,-18.073554239309566
s335,11.718327639688102,25.82622748127128,31.410925977696497,2.9551559827181206,3.338322290477591,39.163080111897195,-18.501646439070797
s336,14.23599869689314,19.690527225122857,28.126256265998045,2.6874190154664066,2.82101503381954,30.123714807610074,-21.512963085554823
s337,8.1070820140839,23.830202238670015,30.815936104735187,2.92831798556306,3.5329814135710866,39.80160519092653,-17.75953587894473
s338,13.82597446519756,17.381207917599745,27.334173105038108,2.7458757362677235,2.685815698035502,29.124496805823295,-21.18082550420247
s339,11.971739670030162,28.208991470890105,32.598326763159115,3.6785256302985805,3.4790114794783547,39.83362171619748,-17.613819986902023
s340,11.975886625885357,24.832404773045745,29.746888664353104,3.0321281511501605,3.1269077523311113,37.49986820758728,-19.06967392812366
s341,16.445028996820806,12.916271481141367,24.07245074270958,2.5712544884504593,2.000717709851705,15.879799352006845,-23.710826995340035
s342,12.78277521045631,25.54623614199425,31.598366107958412,3.087746161062399,3.3683697848433694,39.47016957881318,-19.01967676945428
s343,11.220222838016678,23.038808729057973,29.328603175446172,3.070970188232286,3.0283541942633563,36.06425470688985,-19.43128604912865
s344,14.813720035146671,14.660680299984884,25.295371705760317,2.8204632529699274,2.5536596615781044,22.369270427059348,-21.714487140420246
s345,11.519560843813503,24.32012124763238,29.679601580935966,3.0271446556661266,3.114904715003263,36.976211470122735,-18.96311499883081
s346,13.617990085406507,14.526530681260775,24.83922959463439,2.5582241867237014,2.137662418330356,19.275243722202802,-22.114629691073674
s347,9.836276308463226,29.43453459334947,31.530843843349807,3.8072466642989378,3.781006513983544,42.50845678925994,-16.4081703710912
s348,13.455224234521475,20.89530458058934,27.9504196082118,2.91937121805048,2.7439886310049197,31.486735531145797,-20.58778590237884
s349,12.51177790155898,25.70737169079836,30.167753896909115,3.3817214628354235,3.406545971870892,40.19097466347479,-19.18353701640313
s350,13.69768538781703,19.238881633439586,27.950648890075623,2.850791857811225,2.7827160409798624,29.810596513645752,-20.4707333201593
s351,14.461503493852572,16.720292971855795,26.28398653497518,2.5339470766157746,2.29317534949016,16.252472426140166,-21.67714580870165
s352,14.649426072313032,25.876833442483523,29.773994290037002,3.13620646055628,3.1977109727116484,37.59937236695,-20.862385890254245
s353,12.793456170016281,21.982899930378487,29.126195800225837,2.862859298717289,3.059195722519133,28.29603410869924,-19.200587640714208
s354,11.988922547021993,15.666870307090495,26.45655189740542,2.4423086926642075,2.2145398864506425,19.09576830141124,-20.532237054092608
s355,10.215599241980028,24.052357268066995,29.698089287806514,3.3568807581399103,3.158577494675307,36.70700920082753,-17.042570811194388
s356,13.170059482725549,15.360698468848671,25.185356407718256,2.856140879184675,2.559710546124935,24.56028252768478,-21.271435459684177
s357,12.731569174718976,24.532846523196778,29.958460950653016,3.3588737034164926,3.345612024234314,38.93186885651917,-19.06625211198675
s358,12.74151718007906,20.696438012394687,28.93080310405292,2.9947242515391705,2.709481610012623,28.119691599849045,-20.329871928812526
s359,13.697212361513316,16.62421589775566,25.94040923155745,2.6044573019079698,2.3941643198760585,23.08873911107416,-21.36102912880764
s360,11.333920453309533,26.90842084829616,31.521997523832248,2.6570424726258275,3.2522438477832503,37.20599086608045,-18.813860710554877
s361,12.588592389108829,14.282432480014691,25.382587312153568,2.4040385170060286,2.1355136655754205,21.032983854682772,-21.82643688719446
s362,14.46978369650596,21.22526949911528,29.075058075284907,2.947390654650662,2.739087479202216,27.554357080291798,-20.918970087125963
s363,10.98556901423778,19.354749228528664,28.728164513614455,2.9784255182798556,2.8784505015966615,29.518037319351773,-17.984977543346105
s364,11.112659831915689,29.767961536033965,31.599847522429606,3.4947213024032404,3.8498163572424775,46.81547550857037,-17.893938447331536
s365,13.248295213676112,15.271361158916573,26.24680734548155,2.9024024955461636,2.910523644693195,29.10398399762102,-21.84332997178521
s366,15.127726234698974,15.044505646715209,25.938526638317835,2.701155762896565,2.324085964294511,23.74463639214906,-22.931314918042176
s367,14.556003477869691,14.372053855639388,24.82882388115077,2.5820142631358083,2.103328907486026,20.365557823760042,-23.203114956953797
s368,13.198030576635013,22.87086178714388,29.37248990804763,3.0082827490586497,3.099270417059868,30.13680194141971,-19.441592220261942
s369,14.654347699449596,13.862840944425018,24.493604550921603,2.6906640428674495,2.111265057250471,20.420069478103798,-22.218345507315245
s370,11.384391768586287,28.192376216734587,32.449755886581805,3.537396070477739,3.489191106077965,40.8123157421811,-17.393527757802193
s371,13.969089277905876,22.094851000069863,28.736362015203465,2.806113852957174,2.765469171388145,22.915965610799542,-21.313497026553016
s372,14.270892320700414,16.414405459787254,26.82527356168387,2.588267583495323,2.3304111769725027,19.48779456638121,-22.300675285710913
s373,9.410978518745713,33.57756129372841,34.43453651692701,3.2900706505376145,4.028590449970672,46.72837861125732,-16.09460498694387
s374,11.188972997535084,21.083350402196583,29.518876166063567,2.9033685769833357,3.2104882284126024,37.54204741197254,-18.463071543198716
s375,14.21478922008639,20.519088562737732,28.07106838926234,3.0867135532715344,2.697434805635318,26.675807275733487,-20.92466765927065
s376,16.565220647676654,12.618306405161816,23.5418471652908,2.5242944062307027,1.8841152401010526,10.245509235588372,-23.358961101915412
s377,14.278223955517442,13.44535006931868,25.18427878621821,2.521196777445341,1.9609947350468147,15.954859356475927,-22.09438728501526
s378,14.693648779673365,19.773100865113953,27.61477208480498,2.6367435208612404,2.575588139855145,25.02125771529945,-21.111087794705828
s379,11.440428338279332,28.163260594607888,30.62628844567276,3.127451692291948,3.472338597481429,41.79899036927494,-18.752258460709424
s380,11.257167071386151,23.8262508244943,29.22844185041696,3.338749896279791,3.320479099158553,36.89619460845999,-18.348696086234423
s381,13.179700187116879,21.66150803334833,29.017896627316045,2.672297333112736,2.73972757982323,24.891548305613316,-20.681553266141396
s382,11.483993160936821,28.579221687167163,30.856583416867128,3.1909586894899107,3.618156416995066,43.06926598934046,-18.046669331216115
s383,14.104939149565677,20.49971745628333,27.97518986095678,2.9487335944950592,2.8370634099755585,31.203838267184224,-20.621942367408742
s384,11.343439756826694,22.511756360879197,28.898017855084262,3.294658342616623,3.3236428312576325,36.2382179263088,-18.009161370798523
s385,14.496020979225477,14.186396293486595,25.109925685864457,3.1408880913046398,2.637596315330919,21.296733887058448,-22.164245096416202
s386,14.533940330017865,17.73129097392429,26.64617804109454,2.6248608944645415,2.420966983774856,20.66277419436168,-21.82057698940036
s387,10.919070252698033,28.445545000433327,32.21197662048194,3.305687953697893,3.7193448783905136,45.6472850269827,-17.998171678422374
s388,16.596794435481403,12.446429214306537,24.461553335623012,2.5239595022724934,1.8963114505253842,11.551376828382985,-23.512170097029006
s389,13.953594185956993,13.484903031824112,24.32986468406968,3.2681749342560695,2.383663849040618,19.58515645827174,-21.498035656497944
s390,12.979448692411072,22.339912458655466,29.828583897955816,2.746133475594753,2.806186852434595,28.261446166192485,-20.251253418505772
s391,12.264926792610227,25.682296093199465,29.699194699438003,3.1066569336176646,3.193850099702575,36.83489308263886,-19.256419784364784
s392,12.769109940516836,18.442445442019913,27.273260720764913,2.8513786852899523,2.763185550092584,31.516621776987936,-19.54014294555121
s393,13.568673777855901,23.639540369962,29.03085273049031,3.192485172228515,3.0725534266209,36.663423271890146,-20.07195889273447
s394,12.544646553466636,25.377785137700872,31.571251684280114,3.1051090847809397,3.4923207430854464,39.92471227931174,-19.33645012315517
s395,11.691039188978543,13.21604249571937,23.70576561920948,2.716318540048375,2.01574434228612,19.089883921755092,-21.913288171998268
s396,10.083461183653636,16.444287682111636,25.631361399316102,3.1967913083728634,2.5694689418541903,29.594816763050265,-19.85518647713905
s397,12.016954670306072,25.97797265380875,31.428553051156506,3.063821309010783,3.338103641954497,40.02094406920714,-18.598959041811813
s398,13.18587525182173,16.434012549121984,26.324221172024764,2.631044535696253,2.3141095573624875,16.003355157473248,-20.893382659097142
s399,9.559522717769433,29.116949451936783,31.407196146694794,3.115702821137616,3.605540845778625,42.67158902427559,-16.500744570524077
s400,10.067414551448067,30.743250393399393,33.54666741154119,3.2825780102926783,3.649472286190369,42.6840542839279,-16.591709574998696
s401,9.771893323015084,27.860832765438538,31.369766395617454,3.340616809646324,3.5733087461616075,41.54156227449482,-16.54426837808786
s402,11.652891972700221,24.41181747020911,29.12461605534682,3.320422576994444,3.2422040630152584,37.87799760698368,-18.779392022764075
s403,13.310864734365609,18.56980651274056,27.467798812561732,2.5563069403942627,2.501933138928142,20.10487006357077,-21.066947580026692
s404,14.170882929800676,14.225335291197597,24.705261713855556,2.921558421343182,2.568564686127358,19.879421411399992,-21.656767734121892
s405,14.309336529862577,15.897638238749733,25.99550723840552,2.7482701159819327,2.4271211870395746,25.842912170981727,-22.126117538556407
s406,11.562067053834566,21.91694753127767,28.398721331285852,3.1053195033792798,2.9563616641549277,33.22347910279008,-18.85653015374473
s407,11.847230822547452,36.13105391672031,34.45421442574017,3.5900787838037798,4.290642399521401,49.94737690758658,-17.90225292709843
s408,9.93718205019184,29.42791505001724,31.51860884603998,3.2529078748103015,3.6486139367366164,43.2824698431778,-16.532371454595697
s409,13.555859508256617,24.16355808430196,28.94886443072138,3.3077598993144397,3.1903312711660576,36.77039819838604,-19.841388260845473
s410,9.445382327263019,24.817939691616903,31.252896864915037,3.405730993780859,3.251057334808322,36.692553681756245,-16.3216388545883
s411,11.549035645302267,26.753501416657258,30.647682052998686,3.212920723042257,3.4946762949177805,40.34852690332154,-18.269500022295528
s412,16.271865645681718,19.893011808466873,27.644475368175247,2.7449470901539152,2.5769671760671615,19.181801381129727,-22.540856036312206
s413,12.75413979575,24.34098636809263,29.134705132605816,3.154053852211155,3.2400458845389326,36.33064465780609,-19.07038707751166
s414,12.763179643385904,21.012861416885354,27.640787958266944,2.8526628224429587,2.7156581355111395,27.478423149760065,-19.96831080241482
s415,13.593309557500985,23.99576577163524,30.086857229441474,3.4386691525028916,3.1210088052446325,37.070562822185636,-20.697623708042663
s416,11.143018615670568,28.033305426390957,31.396492092853293,3.1920183887433202,3.5307593882664197,40.65562447699092,-17.354943791783494
s417,10.243541207474527,32.37179736762566,33.0481556094039,3.2245169850724267,3.9846254098180105,48.89871942634568,-17.148589007961625
s418,13.001540669155805,22.30884821351325,28.244431698880913,2.7982212722246187,2.779676416640589,29.272012157826804,-20.14294405560549
s419,10.99842890626034,28.488525079661496,31.179599406368876,3.189619993140972,3.5175391407219325,41.673249845351584,-17.714165783874616
s420,15.807880832024493,13.530441874329291,24.181102063634107,2.6063371991018656,2.020849221247342,14.068581251452825,-23.359068447032406
s421,11.394278097020704,15.557727517686203,25.80889909297021,2.992409598468418,2.2799692300989856,23.517028357054873,-20.458195216009933
s422,12.372022080010723,25.547761454013944,30.722006117996983,3.062571771154058,3.332032613008031,39.29412924502544,-19.136247184046297
s423,13.37394340053949,21.04310344027614,29.256267425157205,3.4191271808904844,2.904512623266789,32.90392841061442,-20.017182669406516
s424,12.877860148937561,13.624218477093708,24.579857782451548,2.577362761549174,2.022033556225133,18.37298069047982,-21.99980092896302
s425,11.672172499013628,25.732577306175923,30.139888270663484,3.073282481227704,3.5119295542330975,38.23277376649935,-17.996691414756327
s426,13.601270567935416,17.056465187679777,27.124284939798944,2.572703435285241,2.3365301834721324,20.22033738601247,-21.798794036524622
s427,12.125188998491366,23.181168776859067,28.925349103945926,2.916849570768415,3.123921148077454,34.51232810171213,-18.5589562661058
s428,15.481922105413883,18.276760691157136,26.472101695580722,2.894069767669235,2.523128728641438,25.454590943394184,-22.010894532994502
s429,12.653332115118953,18.667982021213955,27.34243349013789,3.001291063657552,2.599419439878783,30.176789998798387,-20.10895188317044
s430,12.906037063812656,14.84413876129548,25.121298619056034,2.8457308568437942,2.3053632633396957,24.558928565588648,-21.970390839978876
s431,13.63165326551225,23.467566047329317,28.677725507510043,2.9594729555822403,2.930710183092482,32.31705484769998,-20.53790779896415
s432,10.991625991462787,14.315036709360003,24.757081352655995,2.97105210796556,2.4203236097324163,23.715047098585618,-20.561502224496394
s433,13.169806947016111,25.551425798391406,31.194439977510857,3.1055516887034065,3.5407748291922934,37.5060617336194,-19.617884154509206
s434,13.688764938131802,16.49711392491301,26.86263514233689,2.7101538427941954,2.39492085420881,23.866027866586315,-21.695851766558178
s435,13.150850193701293,25.225509887157997,29.996775793961913,3.038762041759613,3.1643875036129856,37.02798689516428,-19.692122032920857
s436,10.793099411084258,24.60879865508935,29.516774753088526,2.9395138579113826,3.1041993677347817,36.70731123351415,-18.417639119683916
s437,13.67081847943055,26.66923025764993,30.65335951624328,2.9906805079739347,3.6037850951752377,35.71501915432066,-20.854733524760423
s438,13.761295209477689,18.706253178694425,27.31939654120568,2.851535079318693,2.7372215939199753,30.393193847852604,-20.751931740013116
s439,10.529090635486211,29.782898344541387,31.120685681150484,3.0724865974086493,3.759040156857869,45.72683817040282,-17.47889033992054
s440,16.339196345644467,17.65527161827031,27.708976442363728,2.840946740377315,2.5973138503619033,28.218228141972563,-22.926282992400214
s441,11.834673864775414,23.658355492444652,29.0852385984965,3.0150417718992357,3.040764575021583,34.60661411392087,-19.285904107081848
s442,15.78486267062013,19.554410033174562,27.79386983186284,2.63637366439993,2.5430222825027555,21.66336530308101,-22.653963743563118
s443,12.29269687642633,25.565660788388136,29.79882392397088,3.386034338180445,3.3838718163899095,41.87361679434835,-19.394505514902132
s444,13.043728745129707,20.780998638653816,28.59387266183226,2.9100921948871585,2.834546356742559,34.08314210734476,-20.14197468633274
s445,14.733273736287762,20.965167691745027,28.026092207097708,2.8714365501525774,2.713858993758815,29.00076766323124,-21.368907481536908
s446,13.144533001737965,22.555016799907747,29.9826733562811,3.2159823186823497,3.0275528329147887,33.9136959096774,-19.84877428373165
s447,12.884941473572711,16.086577652940864,25.673976135493714,2.7288849195420175,2.5948498834501916,27.317544093127474,-21.24129540469972
s448,13.257781521343384,21.984797737212574,29.30731195050897,2.8970281950107983,3.1351747096157063,35.582504936399914,-19.968834425596807
s449,14.744644190937155,16.433003316631368,26.37102714796147,2.8342153734363804,2.603820833682835,29.036673252400888,-22.131325733426657
s450,15.227931654602541,15.647123396813575,25.226710469323073,2.6615417650436126,2.2893541292436934,22.593762763587883,-23.937769813466407
s451,10.973203740598622,27.380978924677695,30.220605923058002,3.472391803849924,3.5715543592851113,43.1776414651815,-17.7875883763185
s452,14.776680795090725,24.248468851252884,29.41877196488215,3.2305941259502764,3.1064633171198914,36.75343889184745,-20.93231028730361
s453,12.370307423435168,24.949668364533874,29.22054145279524,3.428785285319423,3.2395062094199956,37.85210951439914,-19.131123652458083
s454,10.987514433100902,30.07390435576748,32.78731164025197,3.637074024898262,3.884253243833103,45.29864594586484,-16.94745233262931
s455,12.723562618850643,24.832499569026897,30.297920365173855,2.9823779714544827,3.2218224318813937,38.11900068943869,-19.593059057785606
s456,10.614812920160446,29.128957677719004,32.80518728234641,3.4340246642614356,3.7378749253713504,42.73612545250739,-16.901370295198554
s457,10.100208074504481,28.284770836290576,31.163446395784273,3.162863783649943,3.531244875728399,43.405367925196124,-17.443991857491227
s458,12.624394637308326,20.401794536908945,28.249464249963257,2.762064396448437,2.862890572201697,32.72618029711028,-20.206270989122828
s459,11.486211132382785,20.480333872627117,29.433063082477425,3.1422031454145647,3.310235151479752,39.144881562052,-18.8423254537878
s460,15.168341859655644,16.459535008257593,26.611806047103702,2.8464486892922847,2.3853440414448235,24.463565940484933,-22.330168051886933
s461,8.999029084067216,26.36906940565417,31.274059938669293,3.531771989960589,3.7579673699718783,46.11951607785475,-16.236453963673526
s462,14.80335073510663,14.523704219716148,25.709152032797935,2.4106245119524994,2.019080180101424,14.582920966037598,-23.135458840214177
s463,14.286245506794248,24.152333103147765,30.45895391646598,3.292723077014498,3.190487073969535,38.09318144795832,-20.90493117250811
s464,9.906304854024759,30.156489088472135,33.33187273841616,3.6112251132863875,3.8964620295383274,43.69781117703281,-16.334311880333047
s465,13.548126691630795,22.63014963791364,29.855997277695188,3.014830367320894,2.8759232572321705,31.469203554406644,-19.99082968954132
s466,10.746393118716426,24.01415423285061,30.270279192244992,3.3361838950301035,3.1171022502816927,38.7361042287249,-19.006846950540172
s467,11.110865495051844,27.41341783133145,30.431178167840294,3.3490372464368807,3.5965668593373477,41.92045556905693,-17.830782225362512
s468,11.274852330422897,23.944394376322474,30.065371381551657,3.434183533256072,3.1794257253453164,37.97279926458845,-19.450304861268503
s469,15.363571996653308,17.847914367809366,26.220217050829124,2.57656605157673,2.398623641366281,23.373601759709025,-22.70314762369042
s470,14.032644310802942,18.714310266245594,27.69426832200116,2.852128632524584,2.6713809121536083,30.85634266329298,-21.19907484802825
s471,12.859059108965353,23.930615220781327,28.817167306545638,2.9152110283308565,2.976026657503467,33.339059007693486,-19.720128753597493
s472,11.132591440336732,28.682510129880455,32.93028598290191,3.095193354906247,3.674034762855819,43.10162968617501,-17.664623055518298
s473,14.534175423333924,19.565008692281502,28.634334703837844,2.9237244807621865,2.7383036940958685,30.44947608211942,-21.278224013179113
s474,9.934849881429388,29.53719150225518,32.025161509384354,3.79688056915528,3.892605972808302,43.6558329624931,-16.54177405306909
s475,15.803820245619198,12.16163049396383,23.484454167429185,2.544999563729588,1.9091535043045365,13.925339718217828,-22.97159509003216
s476,14.004960221468217,13.90696704675631,24.047917602877856,2.590724000793085,1.9989420295116738,16.122791067592093,-22.525876020644354
s477,13.95543088304781,19.803415674504848,28.71819197597206,2.8093667331291887,3.286083852968138,36.33593634444068,-21.7894608359668
s478,10.837300206147507,27.535334127358766,31.59113861708735,2.9766417188736947,3.8157376976480823,47.64437342671401,-17.88602657411998
s479,11.991604772221043,23.491188618073636,29.874475176303832,3.2511602096714385,3.1122937320933386,37.05794223983314,-19.529385132463254
s480,13.440518256140487,13.658071748103355,24.660236840532562,2.458913237560356,1.9359034492054716,9.706083942725412,-22.03955610850313
s481,9.898193910232713,25.325041766390484,29.961132761118034,3.7157759103821792,3.395775188168427,28.68663839506189,-16.154029147641094
s482,13.82344107446637,15.05315417545491,24.74869632540484,2.732124708522185,2.180175452615327,21.13101849396522,-22.153245656365762
s483,14.058173905016119,14.204641805576689,25.62808834112095,2.7148736455460423,2.2387000879819614,22.288918468549262,-22.175608402710644
s484,16.964689575923067,13.552958810293696,24.506877573804555,2.333830719547165,1.9426367480019007,7.902897439138204,-24.030706384232474
s485,12.796413012371673,23.874036910860184,30.358792296093952,3.435024276589632,3.535640054196281,34.76923223076118,-18.96886917982663
s486,15.968597462633104,15.139742045565525,25.420420946935185,2.51915391772545,2.25441196516071,20.048168815432764,-22.938478353505122
s487,11.299409151714068,17.467809204313827,27.572314816009015,2.8454586523997003,2.570172927563823,30.549037500448083,-19.3587990253393
s488,13.699334771236742,23.601639778442966,30.277255086036433,3.009962439347647,2.9331167460829364,31.79348746751074,-20.71941340396909
s489,14.932835237066534,24.452135004056405,29.687037031097606,3.0207192982220823,3.0794460662882557,35.59095904103495,-21.209295329889954
s490,15.60766329589518,14.285298335036591,25.479992236945854,2.437732329020102,2.0142721758211497,13.789382640977589,-23.361068141071684
s491,11.97300274781819,27.482270337881783,31.057014281832792,3.2072940837274846,3.4548093679847263,42.265730918458026,-18.783772116003462
s492,14.974768269994193,17.705856807056314,26.304901955902437,2.8212877686696403,2.7132722466938395,28.67912506374982,-21.966890939893506
s493,11.452313889487815,12.756572377683913,24.65607569598886,2.821480215964911,2.13436223988729,19.436617028727458,-21.18321097196467
s494,14.15926085373197,25.49713544388241,29.51100327921696,3.4718574483488744,3.38609301747456,39.10351082718383,-20.14379663919148
s495,13.009973918913605,25.350507877883235,29.667068182980962,3.0515747152080293,3.1598885203575366,36.00903961733947,-19.71897958689983
s496,13.237503968535176,14.129313528013622,24.803612577628666,2.564506963979514,2.094770546201504,16.005592726330566,-21.719346815839785
s497,12.22304921550061,24.550150148673964,30.13767001244367,2.8896347262966673,3.203512655649074,38.919056538074614,-19.30074135275753
s498,13.43175181198019,12.88788382187558,24.091866625631706,2.9114209251598204,2.111036904773817,20.556170230906258,-21.46882601091719
s499,11.50330934928207,26.349885068210085,30.856822163072067,3.167411870124935,3.40700908302822,41.42498417000121,-18.52368794388046
s500,13.222300596970806,18.356747492997396,27.06490434409619,3.047776913778739,3.0458962386110553,32.74832793290578,-20.505897012815225
s501,13.852752488859522,18.269361644052708,26.92143518699903,2.863487236941121,2.8682796887337108,31.10769835363423,-21.418994895280818
s502,10.112646472580877,21.913064464559202,28.710601457536914,3.181821967131906,3.0465988474816874,35.90789267352981,-17.779206208546576
s503,15.012408024255713,14.390032365968944,25.54211034173072,2.3414627083101216,2.084931785404421,14.94818516616454,-22.649899887630923
s504,13.437022339013545,23.52188329742691,28.72836264401367,3.3299437251975332,3.0549256197631136,36.60938031029886,-19.945704452987425
s505,14.789604158551453,15.952111106362167,25.364789734606575,2.4996182563161713,2.194284662810992,15.390274107747043,-22.568986024461253
s506,13.564108817064342,23.281675799917,29.520622087025348,3.1597574399339514,3.0074994424326476,35.993095606924086,-20.50664132584332
s507,14.163898302506198,16.10329085774585,26.62445641405136,2.7551059080470974,2.7641261177005583,27.196120089316466,-22.55451727781655
s508,13.887952745087313,20.47302266904112,28.702605186564675,2.766146723720541,2.7893994230814836,28.70150272022486,-20.636957262349796
s509,13.435752515544099,21.67615493882239,28.606759667608365,3.1101258388808937,2.91075803067332,34.28161091968642,-20.495658788147686
s510,10.921060686659187,19.729055631074516,28.833289451299954,2.953245552190867,2.8329209067897154,35.61039834504912,-18.866676585879905
s511,15.257754474397213,13.437959869559373,24.2788241296447,2.731973761426054,2.0457637562199595,20.688956721661217,-22.7009109095
s512,14.322731557236924,23.833432593413832,28.930777233753698,3.0194959057333617,3.05747323268891,36.279090043438124,-20.528651386485713
s513,11.865023471682115,24.931863812357484,29.73964192643411,3.080017641859409,3.1687154243546996,37.118291850597124,-18.722285660349034
s514,16.06187443993781,15.381300674588472,25.468250592135014,2.404739205843739,2.153289168249861,11.58316049082158,-23.382354004160728
s515,15.243889707159687,26.920805518080368,30.55844882602057,3.4815725637124197,3.476499793100488,41.14061121053516,-20.63189590001077
s516,15.850210887363284,14.206419845766778,24.538009384011772,2.3539511119113254,2.1562919184133276,18.488214136438806,-23.53360034901451
s517,15.179400750740367,16.255125876241443,26.085809903610794,2.5191414659405234,2.2774151978209964,13.967345284252612,-22.741084025491407
s518,15.49607729097999,24.755108701499736,29.183195879737415,3.1922950102434196,3.184533997170372,36.6321851455834,-20.95244706423326
s519,12.290844482625461,14.46519036508301,24.717709134082774,2.7928118095799706,2.2716549656005407,23.054914247100953,-21.65153402286209
s520,11.574537517443156,16.26421181834966,25.751791076229335,3.0252336279431105,2.4392483573013766,26.41482430714219,-19.17430642162448
s521,12.3656512213666,23.419101117443653,29.262942895753262,3.412616473039458,3.0495647058946505,36.705192965920524,-20.481465869885277
s522,11.816625587530124,23.712558160790657,28.91963852551947,2.911937213224201,3.239784208907972,35.28963557356581,-18.370397011524613
s523,15.162479522187061,18.03968279968016,27.776772329846295,2.6777892573389614,2.398199143348831,22.85181886160791,-22.375385229765985
s524,13.047506369395812,13.2684858200963,24.02403130085426,2.4452067257130046,1.917717905046667,14.848285071610578,-22.194304475807208
s525,14.26078068958011,23.80786764135361,29.919730267787884,3.2499355642329335,3.093597829781034,36.52885924358831,-20.96151325596525
s526,14.142646745324033,17.3733407085302,26.719514271911823,2.4215696783290475,2.3724346682655777,17.66131479037378,-21.931725815123684
s527,12.305398107667777,17.181032934333945,27.374815388412323,2.578520259288221,2.422145767933518,24.553296210498978,-20.633761200761114
s528,11.311657281324566,31.997864197939492,32.49166189891524,3.931240162627433,4.058505718119254,47.087860846480204,-17.76721144005281
s529,14.561023555578485,12.711800666008221,24.12081896507215,2.491439887403958,1.8614730277777225,8.974884092998341,-22.263491497911073
s530,15.740943327720643,15.272031384989074,25.57233052045656,2.53896241763569,2.2697435696423955,20.34553707536467,-23.005664487912934
s531,10.625236113541236,24.87417225084676,31.191492498118883,3.1778995479425314,3.251758928732999,38.82787714834223,-18.466791254192607
s532,12.67945756288998,24.877236856541924,29.913792087385794,3.2579521224284598,3.2396865998734756,37.17323364988895,-18.598177267290172
s533,14.385916239205427,15.084654582852362,24.70842843858832,2.7823528588036415,2.247649734858202,21.320656785024415,-21.34099683522431
s534,15.522228503095246,14.150192702909305,24.9301844180376,2.6733223234724357,2.1327696297397236,19.303881543234763,-22.869365113088303
s535,11.041714630679644,23.811216647003707,30.698650757903028,3.136034530608673,3.2067264895530667,36.08239607268588,-17.77040539985326
s536,12.998804728334209,22.114587108290852,29.149578949120574,3.0101584239319745,2.9018147297595758,34.52595010360679,-19.952226782248893
s537,12.754991069621912,15.123436439234995,26.132291714704273,2.721066614266263,2.546875317856397,27.465617332716555,-20.152688206006395
s538,10.540233004463598,23.762807326255857,30.076992749130078,3.107517749884547,3.1270429490151663,36.413857680063884,-17.401402089925384
s539,13.427607748574605,24.30176479197519,29.79126213106561,3.0845693679877098,3.192995977010965,35.597702715795045,-19.24950405987826
s540,12.730124108982965,13.73733062601648,24.842131049452767,2.7278042213721134,2.1673715229716306,21.52331602621692,-21.576431648810043
s541,8.999770868235213,28.772401751748408,32.23366579087802,3.210341363346712,3.52655400660346,40.154369055516796,-15.866737935771596
s542,13.371925959201599,22.993771772551362,28.680443255663917,3.128343691549526,3.020423877269674,35.27926203241433,-20.099071093451915
s543,11.006499633178233,21.398128031869028,28.562829042133433,3.2077932377156224,3.033385450865537,34.73001541711525,-18.7906909803376
s544,13.51985258134503,13.832873463637869,25.72009126056657,2.7523181318786962,2.238256834810354,22.939180785330706,-22.486146614205413
s545,12.202757914335658,18.482705777276927,26.890183340860787,2.8180037938343783,2.9047935164667216,31.50420716118854,-19.879728622627326
s546,13.915295580525886,22.060422760218394,28.88099533728397,2.7076678220274015,2.7648620230406524,24.195863354062723,-21.264722376943194
s547,10.561220538035796,30.092558063392886,31.31024214235705,3.276046965448743,3.8207287765909204,44.75921295002957,-17.383566216745088
s548,12.358683791918587,20.501698803591456,27.976091121857422,2.785977765093061,3.0735523693399007,33.777674864645945,-19.436257921836432
s549,14.774250923891591,14.934607657767872,24.748751029112213,2.4797124517255655,2.1214080710512935,9.142832877921865,-22.332029630061292
s550,16.669026119158005,13.563199513364141,24.912788087861497,2.397728001462185,1.969450757901236,11.03142698451208,-24.12763530103872
s551,10.565240837541669,29.155971874016192,32.41331539683679,3.3015374194956806,3.638977912923519,42.241626985822215,-17.318231038566054
s552,13.517404415390343,16.839257665717355,27.00865359057442,2.688025787107699,2.391819899176621,22.3491532835388,-20.6092340204543
s553,12.805138372581295,22.982625448964303,29.30474316880636,2.8468147390049476,2.9027714874791255,34.220281030673206,-19.928696809429145
s554,11.054009359920919,27.863439532533302,32.57007837656767,3.078330202100663,3.4990550119525925,42.14234413636411,-18.129218540319194
s555,11.381844079192343,15.544190027987964,25.023201686321794,3.012513129298113,2.506117801534655,25.313182175013903,-21.02602816640752
s556,11.485681696173017,21.218857355275784,28.004045913100985,2.713534147959858,2.864641083853707,33.115694902477095,-19.4182068668375
s557,13.350884801676195,14.388952882550305,25.7384573475976,2.718470641875608,2.2463910141432626,20.74315386469887,-21.907182111841642
s558,12.007321545537403,26.706013311020026,30.332517059578674,3.0266400617791387,3.274554423570429,39.32372548350634,-19.093044072135363
s559,13.287087643425968,21.0321061180393,28.10035078252067,2.883823368760637,2.754389471679172,28.53766309267517,-20.23025085829861
s560,15.236080336618517,23.97589759556867,29.666586948719072,3.461330633816513,3.0892249514060146,36.27698472776606,-21.07002513254548
s561,11.956875431729872,12.512510156831036,24.216614861191385,2.854718477338047,2.009857186743089,18.886876362321004,-21.215593867567932
s562,11.479993245394128,28.19514813435859,31.608032831564838,3.3499161500572314,3.5779499335532368,41.33171471243052,-17.64234380631898
s563,9.86213085653475,22.595053555206885,30.437523938952868,3.1107024670334313,3.261620305166726,30.78287494115593,-16.46928563220792
s564,11.427492050934282,26.719994072065916,30.152817981092227,3.283759663760419,3.473949746677088,41.60380771192968,-18.6344957171948
s565,13.945825511204267,25.068339574863277,29.50868194686837,3.092267031579006,3.1307834158828713,36.28812072174936,-20.28655126138008
s566,11.415579217358633,27.24732752503885,31.34253493130311,3.2355056259713,3.459316182549221,41.464672308389744,-18.210027860932996
s567,13.875193734691257,19.662274082484792,27.996214571612214,2.8328391658352365,2.5617395453885643,23.94703441974687,-20.669437388632872
s568,13.991501339121212,23.320357929371465,28.71224060666186,3.004306757648609,2.9016884222240504,33.188157680334605,-20.626294150986997
s569,13.914926845356934,19.72321073484485,27.197308588557743,2.6594243781195597,2.814458499624638,29.85307795601746,-20.65075063553067
s570,13.756738874542563,21.981844201451647,28.290054452208185,3.186705858525513,2.985175995182782,33.933824494553974,-20.316349425773893
s571,13.93562987123336,23.974886396382054,30.122231120545674,3.1672998998812587,3.118434621915817,36.70805573857419,-20.4720627133513
s572,16.680154881877147,13.451361801202138,24.32484102304077,2.568197232491151,2.011460436821316,13.668309146139002,-23.93038589894997
s573,12.222069948857106,24.856161956064014,29.492024709412934,3.609229016053909,3.3894493968366817,39.56102283252967,-19.261095010903666
s574,14.14244856641143,19.640948689349685,27.89383620542933,2.6004925039880398,2.619671498528493,25.153803829731277,-20.858942903697127
s575,13.492427381991103,17.955636392213506,27.072042723824666,3.2885377326002367,2.6796006142501,30.16574186794253,-20.219734428130064
s576,11.24739718881762,25.3735160510537,29.819405507392005,2.978904529771496,3.236139089499419,39.06071311650808,-18.447141795219018
s577,11.727428251498106,21.45027977617047,28.63841820340696,3.093132497392843,2.8847783248679724,33.14743381277158,-19.499775094639595
s578,14.11204295924882,21.86365453926397,30.08135322655089,3.0471850197015087,2.9490135792705394,34.89756001761092,-21.081981538926428
s579,13.955212716767617,24.347180487873683,29.364819669930633,3.019048121922078,3.0609573329422344,35.28601511536862,-20.29210259566103
s580,14.510403385818334,12.589390323053204,23.38654873067383,3.245265796317933,2.3603853167044564,15.57372245032353,-21.952047105112435
s581,13.42825054221829,22.21882411412748,29.52182558890264,2.8327281863547435,2.8096233770251353,29.27167198229493,-20.000782911733587
s582,15.291595458967507,13.57586335767819,24.55074367488466,2.5885996761509036,2.0364016149084505,18.55643127004236,-23.542474224134143
s583,12.67321817223502,24.651962869392886,29.749128838087096,3.4762194401868145,3.2064423114680483,37.04064913429173,-18.817176700986717
s584,13.47390811465835,21.357711479659066,28.360158650206923,2.745166310548915,2.6930403484678416,22.093256359069805,-20.792149813835717
s585,14.067753652384875,13.260839351001927,24.682815074155755,2.457898712969332,1.9481473573037158,9.59136044819006,-22.14462266832296
s586,9.598573121860897,26.460546326568917,31.444562585568434,3.4620317568878183,3.696545282534468,44.70038023222975,-16.711247094795958
s587,10.178498504638918,32.35608120282758,33.042806567155466,3.3908767308047207,3.9700852287470423,48.934454848970255,-17.229244621324597
s588,14.59253759394537,13.921704451767411,24.1203893539099,2.6293935767252017,2.1317384361155987,20.49832767701624,-23.06180681354529
s589,14.310331924730283,22.42459722230919,29.66373803662814,2.913065253270288,3.079892936823169,31.922208432847565,-20.549661592021693
s590,15.785235005240587,14.509885916829445,26.02635955335322,2.6974479160648466,2.239779786829965,21.797787878382152,-23.025975077669738
s591,14.030764460431298,22.938184222164313,29.897048816607732,3.317767393134161,3.0121754560943694,34.35856901441448,-20.315760311396254
s592,9.554451927968445,33.95132801962765,32.637652022446424,3.470334918190917,4.202580846265352,50.410656559800024,-16.759837300840317
s593,10.386077169188468,19.22020669828798,27.2776733258098,3.242140127751253,2.887078288955663,35.636258541718,-18.33051427645905
s594,9.948240589377303,26.78382107027586,31.25545283667405,3.2253267203817337,3.492480313487686,40.7396212823917,-17.004535724655543
s595,11.782828280832671,13.605779189215333,24.982506669305398,2.5412963063720544,1.9433873422643477,11.663489972815825,-21.21342929627275
s596,11.345205744912082,24.64078543965595,30.08423286937308,2.7940567594646195,3.3025437134546562,40.36126029910133,-18.954022893886613
s597,16.20940159371984,12.414531105574326,23.459633341264666,2.672973408958798,1.9098545307698265,16.310227832164635,-23.895595411916588
s598,11.273913594221863,19.328104088218833,27.786728106689505,2.823504461137944,2.70537917533507,30.951777272679486,-19.2375365124274
s599,15.715429423866313,13.732212908134505,25.4047515302844,2.5162683327098168,1.982312896781226,12.738827971215583,-23.58158831573873
s600,13.428406755999314,31.44529315043427,33.72654286453987,2.696505136120317,3.864769451350516,44.51952656777548,-19.421432325362453
s601,13.599703722820232,22.863982779376183,28.38249879680312,3.0074063723926265,2.9260322057180916,32.90323942682422,-20.73803555561576
s602,10.32034943977535,26.159732481203502,30.124269871728213,2.969651555444966,3.32244319902543,40.53395439845224,-18.218563067002272
s603,10.391560437196338,29.105692518714893,31.044906097408198,3.202058711477528,3.513186875061095,41.29331485986809,-17.224548364796576
s604,10.373284108415827,24.380824828880737,29.639659872191654,3.2998669659041404,3.3403245885516513,40.8457963292284,-18.051545152367638
s605,12.61538441611977,23.198653604099615,30.265200950348436,3.122923076271889,3.0826414666641937,37.086738662821396,-20.21935755598555
s606,11.114320611515424,18.754938636960485,27.83585054070588,3.1636682571616115,2.7895120934106163,28.722749863719155,-18.279067365348936
s607,14.361763865564845,13.213724003381136,24.55167263436005,2.8695048867737007,2.1099915748577263,20.356402138811895,-22.377216309211114
s608,14.076716932844768,18.925426334620546,28.279465210830125,3.0255854454442246,2.714718406752064,31.56890621318057,-20.985621364202956
s609,12.931482752253956,25.12383694225848,30.415946077582806,2.9126084281576405,3.207935726719193,37.05940580192341,-19.467762058824896
s610,12.934385241103872,19.70517090842809,28.638624409068772,2.8964333824507817,3.023704349545774,32.518481685768855,-20.692619771502955
s611,13.24322350963908,14.975398170867965,25.505825235023334,2.9956696408204606,2.6022462633335754,26.95122465279351,-21.70289912291919
s612,11.717844404452626,23.769669194214096,30.297235297356515,3.0050168524995824,2.967295524490118,32.95976082415607,-19.300460311453357
s613,16.234680089020603,13.000462798555322,23.69253234487883,2.366273435306059,1.8864647661586804,8.004316698373609,-23.859581378960875
s614,12.333404255603977,23.81254560214315,29.054563137904076,2.912614160553379,3.0286305306286305,34.25744921161782,-19.336740810401473
s615,12.72020194924501,22.609650941160606,29.365492800577062,3.1195959734590244,2.989948128703228,35.80677150873489,-19.737166979224906
s616,11.326206152954821,30.181066558602875,32.48660327082376,3.526532715289633,3.740256060630934,43.631571407698004,-18.15004309366292
s617,10.780511040022292,25.80158106737272,31.40093080153095,3.60669124399735,3.439298379879001,41.20078592190246,-18.32352306169715
s618,10.888612203489137,32.74774500294934,34.628489756218336,3.6355358930125954,4.077206412040297,46.782613647895914,-17.00993990522181
s619,14.554598760407693,13.4772784786932,23.797649697701566,2.5991026498240566,1.9019111898090746,13.367409281919528,-23.31208521979489
s620,15.771297633925796,14.221395136725073,25.309429250418564,2.5242817077482256,2.0520042522280932,13.594562396687156,-22.943945678461795
s621,14.94196126656608,21.537730970890884,27.91518051267191,2.8942048155859945,2.747468085921686,29.63463685216321,-21.1771624321882
s622,11.106330111921704,17.45014112634233,27.409028996029015,2.981964245743779,2.7720931087788694,30.868210763916736,-20.02792552777272
s623,13.092348483495343,25.782029596650695,29.688918780421776,3.141029077232512,3.1909531447745025,36.60843458589144,-19.888538318379673
s624,15.850626827840467,16.093761817985808,25.538730574970263,2.6626083155326623,2.2637029756103804,21.82925204613187,-23.645754769566192
s625,12.013532394018801,13.391027682504252,24.734176209807718,2.8026925773650535,2.0604832676532747,20.216692082729082,-21.441715371664138
s626,13.593841862171029,22.959407791001727,28.66614857885754,3.1466713864688387,2.9648235046062634,35.292344108242204,-20.37069722396305
s627,13.568830570836685,23.711160917341953,29.74577342427538,3.017144770296876,3.1127200511293966,35.58274729769953,-19.985451446617073
s628,12.856836654608815,13.377155238296044,23.81743819486882,2.5542196902017946,1.9611546411547576,13.280951994800777,-21.581190653985505
s629,11.813900615992164,31.51591737596625,32.72489387462327,3.4385010318719984,3.973598901942524,46.889369678349595,-18.439178641872743
s630,13.369129834623795,23.071718942043603,30.37750330734249,3.479161561347588,3.057303611762137,35.01150083221681,-19.622564634802174
s631,13.259752977570576,19.132795759801215,27.60940454196845,2.874515507255129,2.819615528425247,31.021317711069077,-21.010919902236623
s632,12.552884476554187,22.26959999053826,29.077729795000895,2.788424352658387,2.830020997326641,25.38887165895644,-20.228440397130424
s633,17.69776156348025,13.94571521041708,25.011777099705952,2.456823513407608,2.029412910225783,9.307522363917467,-24.738765867376507
s634,13.991313746397257,22.963960175762928,29.779326758152386,3.1148527281970932,2.9570941478479393,34.340579135894,-20.515394035552298
s635,16.340124792563245,13.280444463808388,24.16085926367072,2.2935571783439688,1.912913746729573,5.985076114052237,-23.822354582989508
s636,12.53456113651325,25.40835122808614,30.162459137456587,3.0957003302826522,3.5512099490582334,40.23895622255878,-19.105860819680593
s637,12.242335500555987,25.755145906378925,29.920289038421828,3.1264216576802575,3.2172358219426576,38.00967233350462,-19.17066616024459
s638,13.170592667816514,13.504155822915868,24.064806795585337,2.5104084076718567,2.029049609923169,16.16029174405242,-21.92001400012589
s639,13.09339243588312,24.047849816533777,30.80000896971141,3.225169703236831,3.2244311598432387,38.512977293153114,-20.10078758798683
s640,12.768934870449097,24.738526749079238,29.378699426881983,2.744029986736673,3.103092337731271,35.77127201066302,-19.8328962313097
s641,15.41504947207371,15.12369652166275,25.214746509309006,2.5856333588485296,2.236578554910882,20.65034900792175,-23.078868647390546
s642,14.949310782566517,15.312420881844927,25.11855984713545,2.6199552085964144,2.191461962580157,18.75736059132824,-22.60273435105626
s643,13.017673991736356,21.676785671828583,28.998963054800253,2.9621881335086573,2.9121478413519126,31.912187159203764,-20.127826899006116
s644,10.802102721089737,23.91409270188028,30.00848824740081,3.3508071276647518,3.1642061650047935,39.55614891557636,-19.025129267439986
s645,13.772863768923687,23.69936011816986,28.800435226477727,3.084566034295392,3.0866693560491805,36.04391430680128,-20.490811233703575
s646,14.38012612026567,15.062708589654438,25.38502720195956,2.5457288664154403,2.1942239768435035,12.904790457040594,-21.596303418173868
s647,13.538454735972095,23.08488254785143,28.539895588561976,2.781391172569093,2.8697719808065805,29.218619127217544,-20.46804100673445
s648,12.982187348716131,12.245951011484317,23.080333339238386,2.864206387797424,2.20528497530371,15.88116641857354,-21.122035927954173
s649,13.960820344457762,14.906538099716489,25.389825235018105,2.5957481324821123,2.118085980277574,14.113158881908141,-21.30712394597167
s650,11.480465840999415,25.20908904646796,31.330860842962352,3.762620176000603,3.395516342288515,40.27907277008965,-18.726642196703082
s651,15.866427777253975,13.065197298742216,23.900707352993525,2.551184260835131,1.975666586277745,14.254396249746282,-22.860607772262064
s652,18.29217232333501,14.592938849199154,25.483081257044315,2.5249119161050664,2.0644429312629007,12.759987355711907,-25.13277458672901
s653,13.713500489846457,14.253262275441772,26.04825615088764,2.8454447266861567,2.377255187399834,24.470406305991222,-22.123669261943192
s654,14.506196655102036,14.763203112767298,24.75851371216436,3.015274064326497,2.4093887504003284,22.82773168931354,-22.194987068165236
s655,13.622577733509603,16.353484046131264,25.650548893131283,2.874832193193923,2.6067813036785896,27.101462319704464,-21.361957411903788
s656,14.379295422616844,18.20426026932168,27.031341014373705,2.6511686085833466,2.626350384097708,27.74195096061034,-22.0472761438147
s657,13.311187849844488,23.537927576423304,28.989197340539228,3.0442378148142595,2.951171208409553,33.71275084045408,-20.363395257974577
s658,9.161953139004774,33.47621641891166,34.295815797650896,3.43176105149244,4.2182010030017505,51.17836553685414,-16.023661856769913
s659,12.266327398037966,25.106151140673553,29.398164598565643,3.231271668749049,3.3152288928194062,38.37023641392078,-18.711699386845883
s660,14.661151488176754,22.361325137517998,28.7435684853968,2.609799182926393,2.7966374856201095,23.57735658808187,-21.830224609384352
s661,14.262321311317152,15.228675275061125,25.288838386143713,2.4113842793515095,2.1273875614425664,11.71807765570553,-21.836928125128296
s662,8.955976345446677,35.08697566839951,33.835427629922876,3.6559546974877204,4.371638789557012,52.512877796820305,-15.753323169361463
s663,14.080610465450363,16.674737010311095,25.883963423622298,2.6297299373527494,2.339500287135442,21.926400473943392,-21.612441004673837
s664,11.052096886424204,29.81883316353995,32.15549287969194,3.1698089377873075,3.699966095723241,45.167134575117885,-17.920306593933496
s665,12.596741185560058,19.857102392038627,27.365193548916054,3.1765102444971802,2.7881784674493644,31.121250389666063,-20.36353189911458
s666,11.190285744843202,24.62085299603894,29.596736234991987,3.2907677455919484,3.1489767613219097,38.520540768368384,-18.960129697571716
s667,10.976144278080511,23.595474019126907,29.508843927647213,2.7135886211802,3.0630391754366464,35.441029797391224,-18.344727106058876
s668,14.371559821418735,13.12080605345394,23.66431639421084,2.5580798177660644,1.9200694892020755,13.631488703706907,-23.151836756042826
s669,14.379383196358235,22.154889703410444,28.600777330169752,2.8202557157967414,2.767052917631357,22.862235048753167,-21.688248365145036
s670,11.402041424890344,30.432170483390472,32.76651509097181,3.3735490400823163,3.8603077285368013,45.232075413419906,-17.659575169513158
s671,11.882871409264649,18.58758014843139,27.219754095946925,2.9822707485383275,2.660233196055296,30.22738286391451,-19.252715316542275
s672,11.579296149318528,18.380599933611407,26.97596431098339,3.028011596198911,2.7800402196243246,31.092508097193107,-20.102466729184307
s673,13.899215831859202,23.978875132122226,28.932328889156167,2.9770113022400966,2.9677807231284996,32.79495002813631,-20.452246735534285
s674,12.635459337998448,25.151389899385762,29.73213481726082,2.829822442078155,3.13653351340198,37.601679275168806,-19.618627412242912
s675,11.59053466517055,28.103099993400978,31.384530628100098,3.3197299554909336,3.565128748955001,43.124402733789914,-18.198358043070712
s676,13.352143890424285,21.717752583132068,28.447247338389083,2.846537993910989,2.7985397933594474,30.14563163049323,-20.309551447960388
s677,10.216706008691247,28.133373018420503,30.814258008723943,3.59787658963016,3.734213918070699,43.53558081470517,-17.080281160469724
s678,12.781646275039128,21.16613334618756,28.59793020847627,3.391930680241315,2.945060211806559,32.483289715081284,-19.969750634151847
s679,14.037133971473164,22.673486781457694,28.813117960869572,3.204567119617487,2.9428558024905165,33.25297760420791,-20.75675552323975
s680,11.986956535859889,27.672404840200187,30.946541783907573,3.1711030279410877,3.5083428617136434,42.616679642936,-18.44365265503332
s681,12.084474896701817,25.688122507554166,31.596834604977243,3.1110462825434877,3.504628348962964,38.7398791213096,-19.08965101407623
s682,15.466051414277501,22.473566280630664,30.236095068775356,3.1122579060546394,3.0277179818650866,34.156865585181066,-21.3270100378274
s683,11.35244979291709,13.91000478064715,24.272068995815268,2.816114741591958,2.281512714158941,23.232383936478023,-21.34055790648813
s684,14.011041364070907,13.366585264294297,24.006026119045014,2.5960839863040213,2.0210960163284053,13.793606926922589,-22.28765611405496
s685,16.030234577843302,19.643417918799607,28.28502141276876,2.8831432819898257,2.9634388769913986,30.683118133236682,-22.20524684044785
s686,14.62896892305781,23.56934339534682,29.23374468715979,2.946166875055682,2.975361513509038,34.60875691902786,-20.928620146603404
s687,13.878614624954448,13.470803266543589,23.951417539437106,2.5336286369635035,1.9503961170650859,14.59923474258745,-22.668435712035055
s688,10.38273298670409,22.18827083777318,29.354595700834892,2.9648321419760175,3.194551586317777,36.28791990558145,-17.91243182954496
s689,13.508921524288787,22.463477269105223,29.42365906175899,2.944082892962433,2.83737783875457,29.107313277840507,-20.229249867546038
s690,11.812564687119764,22.121900413437633,28.404952199766516,3.4764745832022297,3.2780311941194227,37.494878541631564,-19.269718439117728
s691,11.82275534254819,27.790436932846266,30.806122515563533,2.9277597750998194,3.8632821689595005,45.673663334098045,-18.394422127079306
s692,11.268538615613375,27.21430790976293,30.179095729293422,3.1556370572228034,3.393406658365875,41.306093120650964,-18.11967055159425
s693,12.176119104351576,24.76306490419705,29.812339471697584,3.1110720004762635,3.1773635135858322,36.67818543921529,-18.9717871428607
s694,11.54535457910931,13.97002297461762,24.084208231254422,2.490754971700955,2.0113449512773354,15.714433239507853,-21.17746495604092
s695,15.521342324333181,14.048080292452651,24.161110850048168,2.6019514385906284,2.313511633190612,18.66401130041987,-22.62578130233349
s696,11.736317782786712,15.06233241607384,25.101162910135418,2.6926406303980235,2.213217764623229,23.044898643117612,-21.10358706695218
s697,14.206516642503404,24.27463766342341,29.14635896126922,2.8459919070742123,3.0324483508424445,34.31083315822721,-20.80079623838923
s698,15.89137938535917,14.664882256106194,25.074311387350065,2.616088201977907,2.22611758647807,20.279139646685547,-22.843820502701096
s699,10.665540631502422,29.205338822395543,31.556694596945796,3.2562864988874045,3.7256963919140222,43.656972304954245,-17.100212536864447
s700,10.9051448935552,29.524959766791408,32.73421408183746,3.258456079803035,3.7261442592269414,41.634831902659634,-17.68315556313765
s701,12.149105963680729,26.188596707257503,30.345354525536518,3.397871739182209,3.5475763403858993,41.59723319565765,-19.03295584190279
s702,11.383401796150636,23.943567483457198,30.196891119667402,3.0459687751240194,3.1741975403774427,36.96187650341635,-18.379396451732774
s703,11.215476601041976,13.603841576002454,25.542646020141646,2.671019601331372,2.3246473362919726,22.86942424903249,-20.910485724898535
s704,14.610413290432263,23.104326062439448,28.994475362925783,3.0189067501704465,2.9367047247258293,33.059548947346386,-21.016140445158687
s705,12.481814604665692,24.32061905604915,30.633552742987195,2.895280591194956,3.0066730402130375,34.06478594398931,-19.980673471190716
s706,13.909266176310913,15.389711153270405,25.71565450202965,2.7465478080095203,2.262552944734465,22.422540700333325,-22.050536815593404
s707,14.559704483299083,23.008323070426886,29.493067498069916,2.9290145004728414,2.966302262093182,34.010302291086084,-20.9556632848631
s708,14.811913008006734,22.367876448472263,28.664940333912796,2.8502916958260216,2.9445741781721275,32.530636343932315,-20.985488186910523
s709,15.297094057970254,22.580006793782427,28.746166454272636,2.8541967141242313,2.9185117827676668,32.7944410906794,-21.15794840593145
s710,13.250386411789622,15.71977193605167,26.214623190152953,2.6017090439608577,2.2503598970255028,16.778276359091063,-21.44561556804213
s711,12.767906720354084,13.155517192782073,23.99380224941386,2.5898241219693032,1.9504180589668816,16.369929286071216,-21.584870307088842
s712,10.36656369026571,29.846466324222153,31.746503642788,3.1961705755803123,3.7251980414060757,44.40684812493915,-17.01606937532507
s713,13.907726539172744,22.49861108275153,28.55608631947721,2.8831608578976287,2.8349065271367975,31.359171862459966,-20.696772604693734
s714,9.878746674623725,32.94737476145197,32.61492586361997,3.510380733467154,4.238748858229461,50.26594617787232,-16.67903695847065
s715,12.454005780813906,24.342565465821767,30.27543552214037,3.231319724110131,3.194466456079804,37.83990249381362,-19.039793089556866
s716,10.595724872248626,29.687049685832513,31.42156244148748,3.1751330016717,3.5750908709001066,43.95128943742679,-17.752929317692864
s717,13.5266861184582,21.610089202449853,28.64805565041537,3.214917653245958,3.0370786180859524,34.02964584444737,-19.805539078017304
s718,14.92355536729826,13.821081357088433,24.12562522799366,2.732385377626151,2.249316470792359,18.90702779965733,-22.05506805307129
s719,14.143758329796633,13.585868648737607,24.556773420721985,2.6669432379886886,2.0971833903635977,19.72507985727342,-22.119267245079417
s720,14.180511505861103,11.656867642365096,23.11865568213052,2.68739984932831,1.8604563271383991,14.59589260027358,-22.272737453163764
s721,11.51524704805075,28.21677352766462,31.464836203736922,3.4344297122941625,3.76157988952965,42.102270090983154,-17.857359390850952
s722,12.966339361866606,13.682536304931384,24.949058244592457,2.513058321851338,2.0797658589119092,19.277692707228493,-21.856255041946735
s723,13.07464439179439,20.25935697111121,27.35157524772276,2.698845916993647,2.6487641016210373,25.555858966494803,-20.338018392403935
s724,12.542114841231422,15.96752171570304,25.223258595234547,2.60915824480192,2.2088042650850834,20.174404660749566,-21.01306363073858
s725,12.462580483707406,19.69087431432571,27.463775899019414,3.345584821727963,3.074466370079016,37.17258123585784,-19.77835943733275
s726,10.594604848519158,28.634535626616458,32.555601997292186,3.3667078065270686,3.6188739311540576,43.67085288109288,-17.826428090857362
s727,14.73986125544507,23.06623502213485,29.73677416969848,2.762824519758525,3.0304204654486258,33.295717234692454,-20.9884017983634
s728,13.20166302644774,17.847167393652892,26.219851254629184,2.519266046489836,2.4867541196347935,23.88234132420866,-21.354889436198928
s729,11.097583893176376,21.0940998359908,29.604339057672863,3.000990144643625,3.1345643244472368,36.29870454181543,-18.30313789299144
s730,12.820774747413193,23.752169527462172,30.631120577085035,3.3083227886229074,3.133254170455033,36.689790171366944,-19.741023805942707
s731,10.384581567897351,24.300090025488924,29.80882061299391,3.3383174402138676,3.1725507307094043,38.896194038229034,-18.585425685908362
s732,11.299146444473859,28.305012705137948,32.058173733825676,3.1618639774267714,3.4950019846569367,39.86544482713883,-17.2857512542596
s733,14.307802445791882,15.758815344349976,25.360314720323107,2.775202982056842,2.311286591104527,24.19906722927276,-21.896723814100017
s734,12.198271450421892,23.958309775143107,29.57739880402784,3.447333261471954,3.2884094531941632,39.41427934801061,-19.072918005433696
s735,13.283969785423034,22.105862210818362,28.687513270982414,2.7190307476009874,2.7683329671174026,23.667491899806482,-21.04653345651221
s736,11.152869370170725,22.494061867630894,28.56335473836676,3.2537493416187666,3.4312245311880734,38.83296605818343,-18.392804230938623
s737,13.168469859845374,16.449661632622355,25.47461779907451,2.827272056451752,2.3493403774339177,21.536800971996986,-21.65426899727042
s738,11.674645038161774,28.530502265246433,31.389150800228656,3.166351558135205,3.7499992714196932,45.07370384326654,-18.068229556241548
s739,12.129882862122239,18.96727059165617,28.339707403608394,3.1829591169363205,2.8460414698272207,33.21128412434112,-19.55458939471557
s740,11.386499410058846,25.942523546304656,30.37236835583966,3.792450656287797,3.4027354916783885,39.143070205786955,-18.340794127420928
s741,14.312180461652996,23.27311664853584,28.683413500644917,2.765485904075743,2.858427440645014,30.75368025736766,-21.083237686655544
s742,10.972908623354694,25.63965107318665,30.253708776075396,3.1056158998403323,3.3866314040931913,39.790258513824334,-17.849825803835934
s743,14.929038985810724,30.208864899716925,32.3432861575331,3.647122219633638,4.013299927837692,46.07313723974568,-20.07117762213282
s744,13.72823023600189,20.836223880636418,27.879444628300547,2.9934073081529475,2.7490384402894215,29.395453289889126,-20.488585785426494
s745,13.016484963081306,16.46393957725653,26.19703461687417,2.5927699122673284,2.3007301097576214,14.915531837612962,-21.20349313282904
s746,11.591672002536452,26.36233221930859,29.910014506008956,3.0397478384576697,3.244230854369191,38.57086739332704,-18.92251493836264
s747,13.523260345667234,21.1556241063398,28.63625846054883,2.873677730463043,2.682727263896353,24.641211791191825,-21.168804166885913
s748,14.828304233615395,22.930043660837526,29.625974548990435,2.806272364908942,2.8293969216360044,29.008030305125786,-21.67842994358758
s749,12.356012364766693,16.929466264301226,27.056796548847988,2.6349720297878267,2.4081956657324453,20.975641460740885,-20.596674452483008
s750,13.952833265081148,20.241053894048008,27.289083153441297,3.191138787274101,2.9037950395848187,30.145342669588413,-20.32384862658092
s751,15.214788878532373,22.16178084388606,28.135646957497315,3.054402190769315,3.3741619028918857,32.80736161988446,-22.365536372767764
s752,10.488214446839041,30.946350252258437,33.43685770194342,3.3617085458545155,3.6345606767938925,42.89524118887895,-17.167323596314702
s753,14.811858554136618,14.69601336587267,25.37667835908206,2.834372550646733,2.582986288705683,21.76323669593517,-22.0669112402596
s754,12.36994236298383,26.913580025354154,30.28426628027432,3.1429081778389407,3.4838966903407607,41.12671339119486,-18.59855862913608
s755,13.525520649710508,13.86536144575976,24.571876527747694,2.5162033077269537,2.063975872821202,18.411563676915144,-22.516445828928568
s756,14.310154007677216,25.209241180318614,29.438347569995805,3.4900753612283304,3.244508299950659,38.24827944907448,-20.262795346304646
s757,12.691134148284574,25.012621200720666,29.7434710162354,3.443850811157311,3.2476669619335348,38.4496070178213,-19.01185247831666
s758,12.091662878593985,23.612092967634574,30.696594063595647,3.1052265374724057,3.1841057283838663,37.09513616788907,-18.66312886885699
s759,14.502675355670432,19.179202391228873,27.292635123120082,2.6168592118807763,2.5608612108061877,24.615222997034312,-21.05033567951521
s760,12.386564486263614,23.464904094132066,29.907116670549634,2.732158764846193,2.955178122051949,29.729264648824294,-19.76737462921502
s761,15.615829498979112,16.514297407461502,26.287599462861245,2.611239722689706,2.464068481202637,25.016018948655034,-22.8284527320271
s762,10.466089925174401,33.145477315869236,33.23951507377507,3.478688706309176,4.135940297301157,49.17494040091817,-17.374281247398017
s763,14.049497788244429,23.56333108026016,30.465336341262294,3.181885050813422,3.0205027201487424,36.48201453392044,-20.4867485708045
s764,11.234001810396963,17.937280615556997,27.05464825578006,2.997901624663715,2.805431236978402,32.089060880155024,-19.961036371419382
s765,13.155862655351962,22.689997781110186,28.77450872217273,3.0305227426239583,2.9074023940597056,32.9102826965218,-19.855387410973634
s766,11.929640211492924,22.35633865739487,29.726664532953762,3.17562074232605,3.0368098993816024,35.83367960765339,-19.028239748686918
s767,12.733193623432541,21.72904302748308,28.199415009058647,2.9695952884465,2.8592230355087636,32.90917479986557,-20.197262251030093
s768,13.00850902833756,14.46505113249,24.365387596863343,2.7794931674469185,2.3219256621056954,20.688516997754867,-21.802875419878582
s769,17.203452645279857,17.75184325785157,26.31057090352267,2.6401525336722123,2.444415807934424,13.676800772561222,-23.327747749819448
s770,16.891644731277257,23.023527775888876,29.322117479373656,3.011440748347643,2.916959440928849,33.064663323162584,-22.550115004084116
s771,10.568867838529588,25.366097460002994,30.052398900114238,3.2023472917246956,3.2559398507971222,39.00774037382048,-18.378361949361157
s772,13.873061020031374,24.062589848174497,28.96595916463533,2.946968222880038,2.9608011085045014,33.232721573908165,-20.364420850926148
s773,13.51746906009315,12.651296143656102,23.37861605077459,2.61137919410001,1.9085999646380818,14.933547280965385,-22.077039519641183
s774,16.429361576457847,14.273144289669192,24.313624709728494,2.5456707158010436,2.0887408057951156,18.077164681564717,-24.10464814655394
s775,13.152720748359537,18.776666740010743,27.561178799504003,3.202042722880287,2.7121416955671593,32.97643666100683,-21.454760484052457
s776,10.458863827436277,23.734801013396883,29.4395625961887,3.17924949022237,3.2417109267757356,37.64876221182322,-17.833042513949273
s777,12.304525142675391,20.838755966906188,28.406746216737346,2.8500766932625536,2.7643834240975016,29.049221469448195,-19.26023008452307
s778,12.937552990144013,24.72240039657371,29.276482272940903,2.990695713427738,3.0776127215247526,34.95450614263185,-19.765507071966436
s779,15.509697492655068,16.487713424763513,25.45189620246634,2.792385782338933,2.6104731412866675,28.794000915051367,-23.018094234614694
s780,13.78477834529889,23.792237641869317,28.83800904509559,3.4197061641763002,3.1929176003974575,36.251126802214465,-19.898641274521797
s781,10.248063662656186,26.26453308736046,30.497516857538628,3.261245058686287,3.326463191944539,39.91694788418673,-18.03783397921168
s782,12.914093082094746,20.849651957198365,27.705521364295976,3.1115626334993873,2.7852106040189946,30.3386012782936,-20.030607405635497
s783,11.780160819109895,14.067887716459708,24.80577940030812,2.661114007511118,2.057479037688249,20.483862036454077,-21.703102975805876
s784,11.547505084795567,20.30178426840423,27.75369810721092,3.3737629335667543,2.968497505063992,31.051502445188856,-18.281067930199995
s785,11.882332317053596,24.249156022605995,29.040627789167708,3.004477703239573,3.002973802473062,34.673405406669374,-19.042880773157066
s786,12.752133572815504,22.248509335039326,28.449878937658664,3.102871070879085,2.8257834437186227,31.7704850038117,-20.22975758111321
s787,13.406808524593657,26.930530529152676,30.66748253594356,3.8217476742054575,3.326599366442902,36.97127159940249,-18.58814151939532
s788,12.5265958692577,23.064000986782993,28.512386527911026,2.905313397895368,2.9187600597064476,32.87220718830883,-19.260460540596913
s789,13.841497548288006,13.1302861877286,23.978453171284077,2.415629312110652,1.9068790923145584,5.801649383391429,-22.123785239300275
s790,13.33304243902748,14.198811964667886,25.162181359483878,2.435614436894547,2.022409570806346,11.6127296410094,-21.74169856486492
s791,12.570603769521673,25.232496770929185,30.550117852063686,3.1388717066327003,3.262201600666369,38.62573824596772,-19.077736318462566
s792,13.445973530616845,14.304742873001121,25.903122013350295,2.7629164786565696,2.2715641898110954,22.633781141560593,-22.178844580620243
s793,11.982923533996265,20.620092511960312,28.646076908982298,3.1064083678800576,2.973252795028234,37.69520261310919,-20.468456936548588
s794,11.091573342819668,20.592285320762407,28.07831253396698,3.037568630586744,2.7606699927248073,32.49295544034004,-19.738902339929083
s795,14.323244308579804,22.610266586370823,28.27712343643448,2.7866746622176892,2.8511059677023476,31.146179785998985,-20.98054198937622
s796,11.925092605924762,26.420950504740258,30.27233440353884,2.9099159064005544,3.275010217401596,38.75449318832426,-18.72193723420701
s797,10.764295742701956,22.26472401155244,30.06023574979188,3.075388304393172,3.1299849022103388,28.688431304844382,-17.38396768625594
s798,11.922468849790615,27.677769701676684,31.149511714558976,3.468300600621086,3.6022721156055653,41.44076970044968,-18.12351947027918
s799,9.732968039754981,12.790646067883785,24.250597847274058,2.799922269703909,1.9210025685881043,17.146014170829805,-21.157814118014116
s800,14.516302015535137,17.212596117257068,26.19282204663542,2.4878295352952446,2.403691444336309,13.060447598068256,-21.977538322235432
s801,12.556899512345394,17.30170919541915,26.06082824259719,2.81952784996158,2.3556753800879053,20.08332856311409,-20.00340332694237
s802,15.781342552960645,14.721977706185347,25.145675324663557,2.629586430534905,2.201199782545953,19.707383124671402,-23.462787506923025
s803,14.117103513479762,15.997510437967183,26.596219465282804,2.4478859533277713,2.2672166541016376,18.053835765905166,-22.014257161185924
s804,9.44395830132965,30.83872569520207,31.649232266987887,3.5728115917725094,3.9622083354840223,47.958267692568626,-16.183249895484998
s805,12.240522266146645,15.016303129088781,25.7347307854701,2.8609835916813635,2.4179673874160637,28.18379100497314,-21.417386534550623
s806,14.285258148531392,17.707587355724524,27.22835565923463,2.8405316321352445,2.527943502806683,27.679397392132074,-21.579330137234322
s807,12.344221731170219,16.95152973419803,25.909085579412334,2.919004805356298,3.1617532507768553,26.46057473977025,-19.120401696266622
s808,14.672591990819045,15.120190625488979,25.409473613214807,2.956099186749666,2.286144143261013,24.009519612286475,-23.04047586711122
s809,13.946563832825143,23.361489603865095,30.03674310587171,3.22106706501718,3.0260984989841457,35.434895693734525,-20.472187767798516
s810,14.793381772416245,16.104390115173025,27.101141540560512,2.9121863977681444,2.939090039196455,26.422091425853726,-21.19146876442327
s811,13.849253660060835,14.930034078815176,24.7055233156119,2.751275304914757,2.192839878918436,19.663403131160578,-21.801164942546574
s812,15.790650648809768,14.425591142061004,24.89845881226487,2.6500652864010434,2.165172005945554,19.158284189873584,-23.72646511684069
s813,14.612188141350641,15.232357533247002,25.195257889241784,2.5663363884778487,2.2337983471786202,20.7459761309569,-22.699280913745504
s814,11.494024948958174,19.49548384882386,27.84158012780294,3.288730074267903,2.9596343380516617,29.35507626755712,-18.325737414150986
s815,12.42871505872094,19.95204549798621,28.57970638577298,2.7970246987784924,2.6644597272042345,26.778305850294323,-20.57906464758977
s816,11.169139751354177,28.89599551193161,33.01178471430933,3.436944420297957,3.7023429971774773,44.1266138277862,-18.08215553271357
s817,14.212352973008297,15.570590655018144,26.146626221985805,2.8449539740503496,2.76987308331686,24.50982243300115,-21.520862580440205
s818,14.079790505464231,21.438070868100954,28.968960989605872,2.8362483161200553,2.7283790043894953,27.246985620149403,-20.573538642299592
s819,14.357882512654943,13.262889693232397,24.10464234304439,2.4360067306651443,1.915233640002064,7.171152987486473,-22.445673256691634
s820,15.403546134452073,24.937411104631046,31.046372956601374,3.3434897121226994,3.1526402080417255,37.610673897852166,-21.03220827040201
s821,15.63090029236338,16.504115326842253,26.782333273955025,2.6498044302171326,2.335712901969853,21.07676449944529,-22.51724700203312
s822,13.451363732753471,23.853520914316622,29.16499752478373,2.941314302391908,3.193517851858473,34.550039155012634,-19.676522128594183
s823,11.426950266366282,20.259453262131025,27.73439505072497,3.400075144009467,2.8958594577798156,35.56832504286278,-18.982288117291
s824,16.56836197056456,13.355947479630622,24.387550176334166,2.3327458075785805,1.9310404446733942,7.688751835113279,-23.75965705343503
s825,13.143739096613887,22.691549993718024,28.386263605103004,2.9010531688623478,2.826997903815818,28.698149850462126,-20.74394606294202
s826,14.617328305679298,15.305446928422022,25.89125031381011,2.5088052320913348,2.212139287616477,14.06279295690155,-22.295908935130477
s827,9.0429643739421,14.512719103646361,26.240536711122033,3.1109916695171207,2.2857248063974693,25.045053876437333,-20.30439908572953
s828,14.422120696286886,22.074697226122822,28.329831629657953,3.1373101328738326,2.8630186709067194,32.14920969528933,-21.26632247755481
s829,10.08488668136733,24.939702538961377,30.386540872454134,3.239352176644435,3.3092921736525325,40.05552741710882,-18.36528680868646
s830,13.469319370923955,22.04957475173185,28.555386675266394,3.330801906750348,2.96869008938153,31.97118598998222,-20.383580315723275
s831,11.29299294715929,16.45551250910823,25.893333056944005,2.660811864027607,2.3614047530869735,24.105318512933945,-20.14217587228185
s832,9.574534929309275,25.3023973615195,29.357600567492668,3.180709450758337,3.2144227669163814,35.60829255449022,-16.382978949924738
s833,13.795246446624942,21.44311533132403,28.661356463555702,2.804865420372287,2.705273499752951,24.45350742376775,-20.87813803835245
s834,14.919057333604155,22.5616734531039,30.324705599171555,2.8954414921385547,3.1722762168298453,32.68415159455893,-21.632608728570585
s835,11.391699167845115,28.45862441871109,31.227165186042626,3.090127669794693,3.4801496415740356,43.384125718378286,-18.45033213930005
s836,14.933852421284515,27.217231196712873,31.09821106543104,3.2772051194218097,3.4653836864911995,42.497643923123185,-20.857030681050286
s837,9.45008732452805,31.658059894459516,33.57931444606743,3.2063572362988184,3.828640028076185,44.300426621750944,-16.042985945367697
s838,10.975811587812474,28.936599918097798,32.624428696316976,3.5515533973917703,3.7715593241533982,45.92179184829994,-18.193873713280095
s839,12.975977694178024,13.448073905948666,25.51383141670219,2.7629084535342914,2.289271189387785,21.12155617078979,-21.990163719732593
s840,10.690600057814638,20.321537239885707,27.78026210877378,3.2274782958468338,2.870426258081358,32.834034467843736,-18.16847175772266
s841,14.095141662823181,23.438579134524147,29.586790255428767,3.1317579948484964,3.038887013373921,35.1016298937562,-20.764467282804855
s842,10.427042029802962,28.0515441541966,30.82377012558578,3.3130396350280957,3.563560027177299,41.10822328496089,-17.195694443211675
s843,13.006045035044522,24.382004847404723,29.51938402899063,2.903175670010796,3.0966025804419353,35.47975440887837,-19.998163342805366
s844,9.115119776049767,31.89281480721438,32.170991794478454,3.32517910146637,4.181930756107372,49.31406510146704,-15.81596700213373
s845,13.207913377261336,21.81481839110231,28.444699744584952,2.970271624372595,2.8924959729209596,32.570587156278364,-20.03183538643507
s846,12.706739605298498,14.108362854905833,24.163446199631718,3.1018772733187365,2.28329516274612,23.427916112686212,-21.6693356923211
s847,13.085203839798092,22.849039807314227,29.06869083048873,3.198839333188072,2.9725896469788453,34.46459353541893,-20.01719781047365
s848,10.070954900327797,30.697542066828152,33.675030249458054,3.3707949106932737,3.6971996753200775,42.233373667049456,-16.707808993111534
s849,13.784139150243842,17.62918470502817,26.801038469585258,2.685603373211516,2.4108742336428453,19.427741328321183,-21.03364362191806
s850,9.799945793800703,34.163430692120684,34.81310910773974,3.446649289779997,4.220923112005522,51.32307410499245,-16.748891763625345
s851,12.899834620996344,23.820211894809628,29.337098696355323,3.6671163837890135,3.183359298217864,35.487636813883974,-18.87785873496733
s852,12.579257617948745,21.942887867641335,28.634692287975138,3.0374346481742323,2.9736244583555695,34.02741212736044,-19.166138816738272
s853,12.780370908954662,13.86284772250298,25.456565191929585,2.638472229595733,2.166518575753351,21.41690880868162,-21.518316503720886
s854,13.732473970311936,22.37285152092099,29.28002202776733,2.694933195367893,2.8032267078365014,26.61618830381539,-20.922285266576637
s855,13.1305897942904,25.50510531913069,30.312139191756803,2.7953373684686444,3.1354197747212913,31.41527353044659,-19.846909814888438
s856,11.484173628922944,25.6305063446205,30.845197656623178,3.1511948125559517,3.3514466918936434,39.73047354865176,-18.579958042401834
s857,16.41121253237318,17.375766694882426,26.914043160456096,2.5167117188918455,2.381016793654053,20.04636375859783,-22.94003947989728
s858,13.826979131523771,18.441152521045467,26.41978951284137,2.756407064241366,2.604891397220996,27.6010487694691,-21.079025597508984
s859,11.709387036219477,26.541031742161707,31.251572914018666,2.8853496409091055,3.413460947896405,40.40403991741177,-18.29183386036745
s860,13.028893826217837,15.324850509145014,25.547106239185794,2.8298979155794415,2.5255680006614494,26.58980213486643,-21.484180719543076
s861,13.13083178288285,22.178450637967103,29.605496927142728,2.7833676830766807,2.7604707285537895,28.24852054796742,-20.604409399513983
s862,12.062020114619417,21.995286190962844,28.065011615769492,2.9225380303025372,2.792797020724839,30.61423988152716,-19.836340354764427
s863,13.77699161431048,21.517458047957177,28.395151987314616,2.804287542537664,3.0124800502094566,32.562936154607826,-20.17821382918477
s864,13.884274654032785,22.131499393781883,28.169387495429277,3.1791636180042095,2.8111778395123066,32.17519077840872,-21.458289546719712
s865,14.049690373206335,15.12039072366108,25.3704939689767,2.669080026569102,2.3834738428150186,25.230851227068,-21.795218999627
s866,13.688206887130162,12.872164398741655,23.78241515625912,2.6123366217615827,1.9800933915630472,16.480195187238486,-22.406416087333646
s867,12.805093760063372,26.24491208359488,31.20694296532638,2.9940048413139366,3.1776530958997884,35.53227896607258,-19.70162478711471
s868,8.706989731499114,33.59909546992638,32.26828335544562,3.6286586916448016,4.290116499261915,52.23520189496913,-15.798215393999303
s869,12.48503892752878,23.351007304132338,29.858649239828974,3.1153261443726525,3.0164009907590765,35.076812888792404,-19.275957908219986
s870,11.43163319802662,21.868448213101455,29.757858281151123,3.522791991228006,3.0675472341989147,34.69305393321306,-18.344361461579467
s871,12.624506449856923,21.443408915360166,28.038986662035498,3.0938856746193846,3.1112045241969173,31.890826821651707,-19.546327079367128
s872,13.85557358786973,12.653675001262256,24.484517777194164,3.1362660234901263,2.0960453093405818,20.96920321319774,-22.22687656829416
s873,14.62246467948944,21.28255256718475,28.847683072039576,2.690545428953151,2.71472475724344,23.183549180433616,-21.741350755487037
s874,15.672182989330677,12.060309492081608,23.34552460154089,2.6084030994274148,1.8918828208990588,14.696760881561392,-23.069879237118094
s875,14.068992452614408,16.19132976468694,26.657707185724195,2.576950539190529,2.2894505370466787,18.0995274130245,-21.781234309133794
s876,14.34165901469322,13.046306847680702,23.58040266105433,2.444578974923165,1.9323885653931243,11.37589542242914,-22.8727752711456
s877,13.340236144666804,15.519388233088637,26.283719259396893,2.437165427568422,2.2316112318271295,17.90013494968251,-21.890162882136465
s878,11.902964581258056,26.272753687028747,31.93810123345617,3.700192198305718,3.3841484325734656,40.97995997509292,-18.769745372036557
s879,10.916542583152244,28.642600060819326,32.648475398415776,3.4233508580289382,3.7570735399093125,45.35004062882274,-17.617446227829127
s880,11.568574069309458,25.86582336530405,30.096937480503588,3.073533753320952,3.276849827517662,38.301104098846956,-17.929772155287893
s881,9.747501350320592,13.038581912578845,24.442715947554035,2.7549485901542976,1.9122171612993422,18.337430654584406,-21.169212834789555
s882,11.720312324473698,27.63138190658902,30.352493352191654,2.951148335676399,3.5351619459156947,41.73629421775701,-18.090056395642293
s883,13.591805741003354,24.074723605891126,29.104071958234364,3.368177978893879,3.1474246398750196,36.204476669301755,-19.582001537077744
s884,12.178891960305192,24.639299942084765,30.486581908691168,3.0051069743287067,3.2103405480060783,37.445730672191,-18.666411017264966
s885,12.957594515358789,20.81608000758587,27.618059037981467,3.74014241418022,2.8743236636661655,32.67858430868254,-19.49202935470739
s886,10.234496036373795,29.052889191211793,31.782193582004236,3.08526591087931,3.593010622364212,44.99072729812027,-17.536213191747073
s887,13.772215637699128,23.639974396896612,29.53641852569849,3.178118016420751,3.061622681314094,35.33769522819768,-20.72504645987743
s888,14.178257230694314,15.16756270340533,26.12068459887081,2.8401811209289916,2.3592430822307535,24.473738561943275,-21.63711888094086
s889,11.151884160254154,29.34676527077325,32.823314078196034,3.1999923331684874,3.7791072875826903,46.179742912533996,-17.84767272504274
s890,12.820677933790785,16.47955017083508,26.01190755480981,2.570593360677755,2.3044812570080824,15.342606533179314,-20.365771678256856
s891,12.328077864295409,23.710151630085292,29.143717154735064,3.521533941455676,3.2890374885903064,40.101233335144244,-19.254899040317884
s892,11.16114255112164,19.723897815185836,27.16202537571567,2.8753171691060304,2.966505361477553,33.346228713319654,-17.979990521123376
s893,16.794219082346967,22.109355193099166,29.276825180632297,2.7573548004570188,2.8859837472845684,31.648331538310092,-22.24398236502422
s894,13.285318226110126,24.580267561608046,29.123991071674396,2.9308693386147353,3.0542898907780707,34.0540887553918,-20.1569589788084
s895,11.518925279645758,23.85767491946075,30.886238788678423,2.9418559425665,3.453140485500523,40.16542868798113,-18.53378696029952
s896,17.001689347887528,13.674243129381683,23.976619055011565,2.865002059314101,2.3049398823123934,22.343868269219556,-24.784408051076923
s897,16.018389987998898,25.01434376894014,31.419813273698722,3.064752545535958,3.3494951386768745,34.65818459116345,-22.02247365131235
s898,12.555843751396026,23.156832671873556,29.99174219484246,3.4224328196541873,3.1090650815210084,36.64252432973214,-20.086277425604933
s899,10.674048820798832,27.444469903802165,30.560659962557096,3.0696678438449796,3.5151064035616186,41.59760153714709,-18.020057949671905
s900,10.880823502227837,27.170503246256644,30.103047582450795,3.3367137971905243,3.5707804313171456,41.85606210532882,-17.705160735832315
s901,16.897772870996057,15.472556226630397,26.302061996481672,2.485775409265481,2.189543494137846,16.962442815978346,-24.259161975756836
s902,9.579981855403648,30.89144486348387,33.75482476393012,3.1720971391946753,3.842483175738569,45.848960012216324,-16.418928150667934
s903,15.720501175903989,12.89965803577761,24.60670110221546,2.712667238955385,2.1304002127344037,18.550232019082344,-23.322071010342874
s904,10.414335024285268,13.175467779632331,25.202721504312176,2.743474373378611,2.0587779189196067,20.317987573639854,-21.324633346628183
s905,14.92015994471316,17.167847087048354,27.752049573315617,2.7574152325405428,2.600292252367379,27.598863007643367,-21.66343218809494
s906,11.122575847926617,34.21901810057186,34.461399282842365,3.5284872194018515,3.9654399742617605,47.323398861055985,-17.90842270146736
s907,12.80308571758416,23.321257427991593,28.946436095043378,3.270788713116256,3.205785412915746,37.84911253222973,-19.115995033941648
s908,13.34059924858259,23.438214752798533,29.497115548410594,3.1280975981597905,3.0869100420191256,37.14960337829934,-20.62377494321661
s909,12.025448880709556,15.738609989021809,25.226413782422256,2.89839616357459,2.4535908584152835,28.288815138295607,-20.34650826700463
s910,10.063699345848706,33.53180323394731,32.754632459076305,3.206419484003078,4.168020184308414,50.000971778087205,-17.01866755175476
s911,11.555453590009849,28.170573835962454,30.548653234352816,3.198148558512054,3.566246120419414,41.75923018517094,-18.00428066961873
s912,13.307841388425445,20.004370934690133,27.325934535545173,2.7991926804196736,2.6377096576239887,25.807351238108986,-20.188159321702123
s913,10.354166987457162,26.11916706413745,31.485389929737234,3.1810694366343886,3.4574790071643555,40.77551800917446,-17.35412329082851
s914,13.008396695663247,17.21605435800651,26.202936953029155,3.067235981313495,2.4706309400886606,26.92398461489212,-20.046187882107738
s915,11.898702744629949,21.738824264317245,28.185414465121394,3.0306407736504593,2.8076784053905217,30.57186627202033,-19.37730144245923
s916,14.522466868239663,16.31855968468486,26.301805621585043,2.837393578304948,2.37077937062773,25.56849338975293,-21.91302790761547
s917,10.020883683902664,25.701914077132194,31.008052132891002,3.163992138014455,3.3027803691250837,41.227310354111786,-17.9292458921181
s918,19.19196067822975,13.678283461702627,23.971048101219026,2.4454494692622046,1.947385245294141,11.42307914677152,-26.217302383376087
s919,11.341311714985654,20.058581132676398,27.439686467871077,2.96704163080272,2.7086024381443896,28.36048181339721,-19.19355775511356
s920,9.573111504887864,31.61838068881205,33.462058809742665,3.31818268268477,3.9955435442659826,49.213461847145005,-16.75861595936722
s921,13.315333641694092,13.133064909581922,24.73277556841468,2.4920635998722718,1.922709942731816,9.252489014689212,-21.92756432754418
s922,15.203081554298574,13.62996928456834,24.006027897834535,2.540422176943915,1.9813637664652188,12.540842035580233,-22.901931103313775
s923,12.435145662858071,25.370982424777434,29.96040753764852,3.221527475806295,3.3974445073311093,38.990840577615906,-19.253716166016464
s924,9.803561150791104,18.300648445625768,26.66503007874609,2.872180458564286,3.0700291214848727,37.60994324991857,-17.987050443236964
s925,16.230074643844084,13.860953494574925,25.22515761900422,2.438482514375575,2.019837389086425,14.829267310940326,-23.384492197493422
s926,11.182146518923268,33.034277355456204,34.61928946534887,3.5326809943832163,3.846753981566843,44.01849597372442,-17.623021483170263
s927,10.581828906122091,30.679848933041118,33.12764185922176,3.4498158337547187,3.8633874808538198,47.326097420670955,-17.207448317105875
s928,11.296694628218882,22.726691360897178,29.142134925578407,3.3616018005719566,3.1069174620661046,35.67977095987336,-18.276546676450046
s929,13.512407042676026,18.24196544176052,26.368123865162467,2.526353784292363,2.5278314009004847,25.94373089436733,-20.6609873526448
s930,12.123255738275791,14.733786670061107,25.229789386453803,2.9237855814551406,2.341012862340255,24.895989805144342,-19.82419875205301
s931,15.02716085352601,16.359961988786058,25.470328994797512,2.7877861344924657,2.4273225114463717,24.8672973043288,-21.84683786579889
s932,13.751925391285733,24.177753307781856,30.338863553185526,3.124404041453691,3.088780845256131,36.22161702767617,-20.078074902931437
s933,15.966419586898223,20.963796190329415,28.202302648707683,2.6414287412812016,2.703605036152009,28.062403362225535,-21.86904116931162
s934,9.61289016577758,33.007221130781026,33.78188935610231,3.3721753805506887,4.268542098364433,49.42524617965239,-15.958754998406164
s935,9.713322189614626,28.30323750417302,30.79677719142768,3.175829408374361,4.098093453780255,48.619928535343874,-17.063470682372675
s936,10.075739656045512,24.697745706552315,29.31472529586913,3.3673507620192225,3.365423522118251,40.44343775027379,-18.180035108583425
s937,13.19623028666331,13.500973240164656,24.698832431833043,2.43999623680275,1.9419798660145633,10.497473514868062,-21.756587844001707
s938,13.581177392231469,25.851647591468225,31.068150866216108,3.2018974372417266,3.3353784907964,39.82586811851469,-20.101661353572297
s939,10.627410076066555,26.990144475012375,30.632676112299976,3.006016769391238,3.381267946385889,40.531180867690296,-18.138090606825955
s940,13.219347180694042,18.02087310811044,26.848912734674467,2.659385015528711,2.466673197368776,16.237715476853165,-20.943080510464114
s941,11.576550903597608,25.814624799873343,29.904865780335292,3.600527510731647,3.411210765312633,38.52329782185526,-18.27480816862776
s942,11.129938867920696,28.81557285272643,32.71406497357955,3.0315017737465233,3.709859253843335,43.33171366391755,-17.708574342901585
s943,12.474765255264526,22.09280560684358,28.106427287807417,3.021008895332611,2.9063237255861307,31.334614333525668,-19.381322019484237
s944,11.110016204755,25.378295025366924,31.52897119855349,3.188859212800964,3.3822360065342485,39.737663083108714,-17.70272330222015
s945,11.756505226092052,22.09437254788014,29.01001701734722,3.0773964028267144,2.921892778732398,35.39960786782538,-19.244773199150497
s946,14.779108918907435,18.853294185710908,26.624028770683072,2.5518892042300862,2.5140475424671944,18.785192948119157,-21.85513295241253
s947,12.915693473952393,22.049968173628635,29.839966961538682,3.0611407941527804,3.1047401953513414,35.451224596008515,-20.172922488137907
s948,11.199082383798936,26.933224342213588,30.054969637539646,3.070466133915063,3.3435968008523034,38.42672044147502,-17.92501053388721
s949,12.707264008666463,19.60725415918308,27.363880781036787,2.9083674879873738,3.1147428212737696,35.23304714147795,-20.052072902136956
s950,14.04843132792166,12.049710598220024,23.772991109286707,2.6765201566288366,1.9758294255734483,17.259300413291886,-22.578233453958227
s951,8.981068764989418,31.360756957703046,34.0966101137224,3.4724891725201315,3.890515413062869,44.169781671061116,-15.719132726039126
s952,15.250325822457256,14.052423301326257,24.7585378375707,2.5439817041266597,2.028281577025924,11.423228962247354,-22.339893623667685
s953,15.89501615851423,13.503028881084576,24.431585445660218,2.442828602150313,2.0416417361390136,14.08215416238889,-23.428605525343965
s954,14.79468352184056,14.223432296066601,25.639383995229625,2.626272161376731,2.1839776194846148,17.93010646321342,-22.040772044161486
s955,10.394062159265156,21.307276294824533,29.295661907838422,2.9274604936757367,3.031352521597376,33.11898477953797,-17.56302978982562
s956,15.394637657623015,15.734651066164671,25.709499610337964,2.6927272859978313,2.332908752544619,23.672907125135694,-22.91971088639473
s957,11.216831735379627,25.09998761986209,29.327825011159845,3.0436584967956417,3.1551203750139516,37.6423993127503,-18.72997367448807
s958,14.654341987546204,20.545898027219533,28.77802855463288,2.8923961360112243,2.7839754628689244,31.373201857385133,-21.38547156076431
s959,11.983156766945017,25.02728018804503,31.212602235804006,3.225110930926169,3.260593670609419,38.67647283368035,-19.263860906651384
s960,10.342914910017427,28.471503672576,32.66359188713128,3.090638017793744,3.405537510409939,39.87068840263078,-16.80470785163838
s961,12.54632349402932,21.22536035821013,29.625365719660877,3.0055712003525525,2.9095490275357547,34.81682550884292,-20.01579976967623
s962,11.037378930835699,25.900128931741666,32.124568178867904,3.0181930141885287,3.4853293571843316,39.09884673466758,-18.71905926332032
s963,13.508264091840356,25.422122819887957,30.85957084872525,3.7512513349077503,3.281217241705094,38.14937000597375,-19.186655983105283
s964,10.731474887661648,29.79154094721608,32.23193853546184,3.1834860783494054,3.666674489203178,42.25988989340014,-17.464889279745453
s965,12.269621395242346,22.036835570903463,29.321875936244933,2.8914664315359,3.3713865892926296,39.353969064345456,-19.711867611430783
s966,10.5764275511743,31.070836953217,32.05429816874181,3.0822538875912517,3.7075557538673047,46.00201101162527,-17.65956881606673
s967,12.78003977979768,13.37558723907614,24.869682042853764,2.664967049748804,2.0863952333832527,19.366496483413933,-22.236881170866123
s968,13.073569654196923,20.610332266412975,27.653118710702042,2.733349521776742,2.663366081314617,24.937221984595045,-19.98239594820018
s969,14.154814109112076,21.013231939599212,29.027877267012872,2.7996235333925243,2.7100523767630853,26.433874838089448,-21.0189401110918
s970,13.354847845969275,23.58668927327769,29.277649317298437,2.965358284976339,3.0385395932528123,35.382641519696044,-19.86554229461376
s971,11.031576039895594,23.85675622890524,29.761710666992112,3.087394577648386,3.0872670716104187,37.406097069656745,-19.145006313054694
s972,12.60183108132322,20.557578935981176,27.683259340395146,2.731135613358414,2.8400525283448435,27.013510505100957,-19.305408959114505
s973,13.769111697602682,22.335538811083723,30.1331250662238,3.4864964038543538,3.0651311920552917,35.42228395548477,-20.130552803260894
s974,12.549198218574046,20.874217836882472,27.851602421123435,3.107974916599669,2.807313677311231,32.68511914123826,-19.912549700038475
s975,13.830397104184849,23.894102262529415,30.15857857950113,2.9312595464736155,3.203230249588263,36.67238750346383,-20.029072220408153
s976,13.570310443033245,16.606749917364734,25.79893201844595,2.596839142077134,2.322958177889034,16.76510334376823,-21.475736301299023
s977,11.97114706392527,21.878299426444574,29.63831488165926,3.0353205408532684,3.0585533676006835,37.85520203485429,-19.189504094154707
s978,10.36442588435607,29.059914038112833,33.759352122204795,3.0711728462786727,3.322650232415708,36.636620296950625,-16.989999619788065
s979,12.743573791210133,15.509926568253434,25.586516690039076,2.3696378344174067,2.2059664065091673,11.28577325667718,-21.15978794608996
s980,10.377860550824513,32.234943406043065,32.97189436393331,3.365386831401735,3.979224396240806,48.29302122424999,-17.309892983263847
s981,14.274560203648432,21.074860306448887,28.20794430469351,2.7075364519124774,2.7339910198244692,31.438186780452206,-21.428508659468825
s982,13.92274655681729,16.406203574036546,26.50541769215004,2.978252588273168,2.4894998716322334,28.12921475085543,-21.109487565664146
s983,11.735034871811687,26.60155426343254,32.02761922636418,3.540546597189211,3.5043757058570377,42.02658405419809,-18.31465175322002
s984,15.436354614809744,25.594630421744366,31.26446945026234,2.9325900407167533,3.1112516619182022,35.08506154020197,-21.50201864035685
s985,9.508206715405622,30.62074144154551,31.77793421651895,3.4762123664560978,4.370650988009052,50.43050782986351,-16.599525947357375
s986,14.213888085366413,22.97146403098004,28.474203127065703,2.865142932229552,2.889962981877305,31.676291193856393,-21.052030874436728
s987,13.996556036576097,20.539149146063636,27.88787708236161,3.014688847432312,3.0825351089699025,33.51488687171497,-20.66592788190784
s988,14.335537070786623,16.414208859768262,27.478246156513872,2.9288382337094925,3.046146011396579,28.766394479262114,-21.33344594608628
s989,12.638548605250943,21.992230182506944,28.110174962201494,2.578498903684226,2.875296847896444,31.102016645844866,-20.082460592045198
s990,13.804182017954036,13.075313910452307,24.951089934951995,2.5302845631783537,1.9439872968951653,15.901762782546939,-21.818143359128804
s991,10.41247053735078,34.50144951700675,34.555950275807156,3.7400666851138795,4.325930482344326,50.433717594936866,-16.74874949890157
s992,13.675749398883186,27.279200763769023,30.302417064403375,3.7400027887297607,3.5778466516220035,42.26449151248106,-19.901873564316244
s993,13.869715167285968,16.870499283836462,26.71378705572799,2.737692263782018,2.5526418063741323,27.243463207403618,-21.674513479530283
s994,11.682662457571029,15.12960338034427,25.897418624696805,2.899595768343951,2.635881977718135,26.21223510870495,-20.85856003252748
s995,8.612521288666915,35.797847816297846,34.708292871166954,3.441084218061327,4.438040893142756,52.27942335878026,-15.322504263735626
s996,13.70241026542037,14.59358132902243,24.7985368591514,2.568654266888789,2.1403991593124507,20.614018514298696,-21.975896370812173
s997,11.67788045728526,32.08339536941635,33.71962551961492,3.4626329776543767,3.8872388274795475,48.952242179178,-18.437746025703213
s998,12.567054007112768,22.36244222242414,28.41551494729661,3.1296202003916633,2.996093154615889,35.904390928620316,-20.04154224207673
s999,12.555311002105547,25.44962596079264,30.363933363132695,2.9639272689676144,3.427099645751885,38.51022150225723,-19.189829674613243
s1000,16.358683734742023,13.494614600734378,25.215000174215895,2.4438927112083655,1.962517425612997,14.207617248044953,-23.86287011937712
s1001,14.26508737016492,19.758513772509296,27.90716068979737,2.8774023148626298,2.6940668292340857,29.590989765760355,-21.42986106465667
s1002,10.721956587546716,29.533069964769673,33.73525382807835,3.2913323537072636,3.4403952768569455,38.46805061837762,-17.035654039839706
s1003,14.59582455096176,11.659298771985503,23.192740548523837,2.584852918436774,1.876693851353864,14.945985443707887,-22.728572672967882
s1004,11.813853666200194,23.972459193874773,29.809746901460503,3.239904092257359,3.104329997674639,38.07200038355961,-19.575499602743143
s1005,13.094678778132288,21.99509347817763,29.42240192113778,2.7020375230793228,2.795481117938202,28.203342566546734,-20.33955634118916
s1006,16.11982419501173,27.708418211523725,30.89236237925675,3.1659629901354798,3.603158545711773,41.96606450318309,-21.03463075725037
s1007,12.844218892137896,26.345154012974962,31.372041763833824,3.4331414966079916,3.3594343500493706,38.09838644038153,-18.458153214715104
s1008,12.133452786738458,13.66418904848155,24.864446433387016,2.4767418804128334,2.2006335409206423,21.233896097911085,-21.0586058421429
s1009,13.899098064607504,14.96438787076723,26.186657466869253,2.7304012074284643,2.314579461442851,23.24431503348464,-22.256648188292985
s1010,13.101362615794084,19.429245850856976,27.984766083859316,2.788290691948713,2.5639824490332255,23.66719865700248,-20.290001376177937
s1011,12.573063400389575,13.517885424019289,24.196730157421733,2.895114708875688,2.5161531416949434,23.34643304524364,-21.501757582718344
s1012,11.254717826382132,33.84359320582344,33.104757979130454,3.785189208919994,4.0495670157151595,47.1444633957795,-17.89395613621291
s1013,12.184777181902795,25.845807540540743,29.916902115762866,2.918941469586419,3.3066518057542327,39.12595981996935,-19.074819798363954
s1014,10.466070730422432,36.77783305977634,34.37043828247479,3.692825929771394,4.362387085999376,50.836474764834385,-17.013628020166184
s1015,10.163448101097652,26.791193401212848,30.55722338679535,2.949792762176714,3.515277671426569,42.96057999205886,-17.71043360260808
s1016,15.59097519305145,17.016889671772752,26.143064480493962,2.6941245730686587,2.4382014198115396,24.9134181909582,-23.251771942378305
s1017,13.901719281002512,20.04800037386523,27.65505376480573,3.222325083157104,2.7211317083302284,31.267818731224637,-20.611310532041202
s1018,9.391851443125473,32.65432105708167,33.43864841690165,3.293639456503237,3.994711094753618,49.30135422889871,-16.376851781451712
s1019,14.187307326843907,13.806991425260916,24.80202329405802,2.548794909374519,2.060318062783822,17.62049420045052,-22.29355013298489
s1020,9.451706880547947,29.524891769329574,33.66280303429005,3.0642416724956196,3.3552593850729417,39.23531281858667,-16.26620443538163
s1021,13.604368135470851,13.257339021699392,23.746115656182273,2.476493049001904,1.9322138071641128,13.53073869385765,-22.25684084822025
s1022,9.538465716921277,29.96752482309666,31.510149048615535,3.4956173455975503,4.00268036108708,47.498745423156095,-16.19907626993357
s1023,15.371600787827344,23.55689485813622,29.32022331472573,3.120274922504936,3.022995002966351,35.45183265339329,-21.64326276096592
s1024,11.42756618357285,29.95187635235527,31.38349044737333,3.2517943326768814,3.591641996543346,43.13592966705778,-18.144829925417856
s1025,12.357797578900211,19.198580384167027,28.16700682048357,2.8466673565401357,2.593117102631462,25.043668102008922,-19.662764606750464
s1026,11.005784954584607,27.033475827365265,31.35226442581839,3.1292999590874833,3.4415580527738423,40.471303409464205,-17.87958226759213
s1027,14.70464422050675,12.779719499795855,23.37978109553519,2.5314500424903907,1.9194633634573763,13.143023864610514,-22.285482801068298
s1028,12.689794916078554,24.34631622324434,30.969274375099086,3.405816000176731,3.196319303912275,37.84736405358992,-19.39576101741603
s1029,12.84398106992824,22.17924963120265,28.310062461890276,2.7131756553661632,2.7692834765030376,26.19119050275733,-20.721772979104145
s1030,14.266219779520334,21.83856919143532,29.250700173030697,2.905510371017429,2.7549562310940607,26.45652473444186,-21.16639743005703
s1031,12.291432238832325,25.681867855620354,31.48238519474439,3.0223790398856663,3.3161757397542857,39.344454835457164,-18.71817432191781
s1032,11.166202462934235,21.42275831357273,28.174656438054438,3.1855691998308884,3.075734853700789,35.000711856183244,-17.930766620353626
s1033,13.54965616272219,13.884177388488569,24.59829353424838,2.805814053675887,2.516400145777563,25.314665128237092,-21.907265562413656
s1034,10.106455592650622,30.794039795322696,32.61846559754954,3.245922619511958,3.637725240216149,42.05644676010751,-16.559423630425453
s1035,11.955188525226728,20.84164934337544,27.701976221807538,3.3885397956222123,3.029056079985421,37.5150978630124,-19.209900655855954
s1036,8.9564979334038,29.06362480240003,31.689931408326586,3.094110310367907,3.8439548237636503,48.12176299218115,-16.24542641970273
s1037,12.446199700045073,25.378834048316616,29.90685595251993,3.0383396320296647,3.2685452726685913,37.80300250638936,-18.654132588655763
s1038,15.07768685271231,13.501265096400983,25.176613551447062,2.51417766017176,1.9347949086597385,12.466121781415854,-23.039178599540918
s1039,15.213725391462031,11.97704301920476,22.879675985071717,2.6875561402888906,1.8641189371544336,13.897762234827029,-22.688662405249396
s1040,12.964875944742069,19.549956201790483,27.152839247214974,2.932320271083118,2.9876949865309266,32.194260543254245,-20.026509999282066
s1041,17.38917728905747,15.225575857499974,26.072073346887684,2.5073034794684004,2.1672536057509477,15.919591719523119,-24.392404474332906
