sample_id,E_T,rho,AAV,PF,VPA,NBI,SBI,RBI,WE,B,N,S,O,F,Na,Al,Si,P,Cl,Ge,Br,I,cub_root_V,Na-Na,Na-Na-max,Na-Na-avg,bottleneck_min,bottleneck_avg,poly_dist_max,poly_dist_std,poly_dist_avg,poly_dist_avg_fixed,face-area-max,face-area-avg,face-area-min,face-area-count,pockets-per-ion,pockets-per-volume,paths-per-ion,paths-per-volume,ln_D
s1,26.205216086662706,0.8237295187368368,-1.1837717020948668,-0.6035828660942556,-1.6297414821043423,1.3940366388442194,0.9516336363514662,-0.5936999130785857,1.96372370706827,-0.5582749381717423,-0.06544656127666788,-1.2421742124175847,2.0711377807621774,-0.4324161530479095,-0.9896089803416546,-0.5609384697647599,-0.5795449505715446,2.141482687299577,-0.4327027368627905,0.4222229141890688,-0.402668050488517,-0.35370725586820484,-1.1711039746825085,-0.8704565357644342,-0.2591001110525122,-0.4740234494738752,-0.33155621768321203,-0.7945892211419883,0.25206226316391495,-0.6997691748668643,1.6980833904798602,1.8072741910701895,-0.7279987794086361,-0.6310063749131175,-0.01400896469210762,-0.6007294868722473,0.7183004065674095,1.853828520009215,0.9362285045121651,1.881513331761286,-22.44947812336508
s2,76.12084086348924,1.3911235862156104,-0.4279047013646754,-0.4141184995763575,-0.8450735420364613,1.2961181958401182,-0.09381144292509946,-0.10466077101608282,1.360246258367401,-0.5582749381717423,-0.06544656127666788,-1.2421742124175847,1.2996444338139022,-0.4324161530479095,-0.44057695806292446,-0.5609384697647599,-0.5795449505715446,1.5726047051825238,-0.4327027368627905,0.23908264382592523,1.9893688117082842,-0.35370725586820484,-0.45990810868707704,-0.46358691563878224,-0.49022476869882137,-0.584819731207542,-0.31107310255283627,-0.9541117227184711,1.229707820560327,0.4583952272739553,1.6190120322863368,1.723352972695475,-0.37657420992421525,-0.08203576446244078,-0.20845145520521483,-0.17748301160911573,-0.43735797302797225,-0.3597249033617807,-0.4509559380636018,-0.3998140882527937,-22.98888400764099
s3,-49.175507079147174,-1.5111760827779965,0.7703341007995106,-0.6104943212142343,0.7640161031500143,-0.5195108571442417,-0.3415417883385362,-0.2829454456221405,-0.30631488991125994,0.8924327331418191,-0.06544656127666788,0.20812118445626468,-0.9088194600200015,-0.4324161530479095,-0.21210354416439864,0.7720665666887594,-0.5795449505715446,-0.5931276049690055,3.2398646973464116,-0.5746541250308533,-0.402668050488517,-0.35370725586820484,0.917703190625674,0.023470564728873843,0.4194689587434141,0.5889939857201193,0.7015916417630247,0.48566337400897225,-0.5066369927691873,-0.5490111279520152,-0.940793694853916,-0.9628443753191115,1.0460460492339003,0.8653543270942704,-0.3016539895303469,0.8711364804768866,-0.049235789960166546,0.24048527050421478,-0.13487585988489367,0.035062711840410744,-17.552712466234308
s4,-7.434815367663715,-1.3173283551330315,0.9225766266362139,-1.2021085227292465,0.49957258190716763,-1.2826319643328834,-0.9813970178508723,0.2985786647888547,-0.26168973484117913,-0.5582749381717423,-0.06544656127666788,1.7204945009394812,-0.9088194600200015,-0.4324161530479095,-1.245199950303157,-0.5609384697647599,2.7488121769029448,-0.05575020591455305,-0.4327027368627905,-0.5746541250308533,-0.402668050488517,-0.35370725586820484,0.7617016844405637,2.459406760039142,1.306185405103418,1.8813357730487175,1.5593363107692348,-0.03530795458181958,-1.2725458898252582,-1.079810018857865,-0.6096776192857294,-0.642033878018382,0.10411416143995274,0.9710823959051844,0.3001374194354944,0.9827204179531573,1.5591745810723334,0.9395247773072308,1.1527714201366124,0.5588607604022077,-19.17258847351942
s5,9.496623610091637,0.6286967288435793,0.04533345217292657,-0.4706218226039099,-0.35530666242210385,1.3675593510186224,-0.3890448563573039,0.18580467004407278,1.1086319935984197,-0.5582749381717423,-0.06544656127666788,-1.2421742124175847,1.0153663581497985,-0.4324161530479095,-0.11092678965416278,-0.5609384697647599,-0.5795449505715446,1.9821502381919478,-0.4327027368627905,-0.5746541250308533,2.8678701546257774,-0.35370725586820484,-0.07696518662854242,-0.1403662085653324,-0.3741990584992538,-0.39493313117851936,-0.7175223086999646,-0.8685222327805123,1.3900519081736369,1.850481679702091,1.1866731743884285,1.612978007103594,1.0712030125713432,0.4877779802794841,-0.30119592646153326,0.42966449625795416,-0.18084397863168908,0.2633942798255153,-0.17688371527986452,0.15008600356157054,-20.000940917037838
s6,6.8538570896781525,0.02587931251294889,-1.2495368391361492,-0.2793132459873919,-1.6412710063224976,1.5548874117206293,0.9718577838058371,-0.5809797034952552,1.7514239299687304,-0.5582749381717423,-0.06544656127666788,-1.2421742124175847,2.009468983783541,-0.4324161530479095,-0.6035213822842104,-0.5609384697647599,-0.5795449505715446,2.814364706592561,-0.4327027368627905,-0.5746541250308533,-0.402668050488517,-0.35370725586820484,-1.3871800713348013,-0.28628051914353964,-0.806376955757992,-0.6248389596939782,-0.18137045586867137,-0.963427286312686,0.24531203464294765,-0.4943377533072889,1.6356246115076216,1.740984488334609,-0.9974067543355569,-0.7396768650071568,0.20467276032671303,-0.6784058075336017,0.08111010165570737,1.1716819864434775,0.02693181594160557,0.7502877188518524,-21.795324630315818
s7,-6.914570860609165,1.4376982966852512,-1.1146770883818302,0.3184262491279788,-1.2246724559369024,0.6476059447020738,1.4838268727217683,-0.8021972746789275,0.9225776794513946,-0.5582749381717423,-0.06544656127666788,-1.2421742124175847,1.4822185236587047,-0.4324161530479095,-0.4817667268028258,1.3299321105789987,-0.5795449505715446,-0.5931276049690055,0.2993176371111676,0.945277108428504,-0.402668050488517,-0.35370725586820484,-0.9792205203457576,-0.6625995519269627,-0.6071507428902334,-0.5426501122701192,-0.016883774665754685,-0.6172575471088882,0.6026987496538935,0.055016743997078316,1.3527254808176918,1.4407336735384229,-1.2029189220958232,-1.0619046624457986,-0.28280985329200753,-0.6063577184613891,-0.2259364956363512,0.3810279572090106,-0.27513485891582595,0.08660365978049345,-21.569805033820113
s8,48.682031769757806,1.220163169332842,0.7858673845165227,-1.0338858535421642,0.34008393639717016,-1.2118023271741487,-1.1434446819391308,0.7492884205429238,-0.09890420063448446,-0.5582749381717423,-0.06544656127666788,1.736110977591213,-0.9088194600200015,-0.4324161530479095,-1.41605339016186,-0.5609384697647599,-0.5795449505715446,-0.5931276049690055,-0.4327027368627905,3.618350614495048,-0.402668050488517,-0.35370725586820484,0.43881814864416685,1.9533116069245935,1.5065876245313432,2.2779677894918207,1.833251042088043,-0.6106295574899993,-1.5333533396353392,-1.238818544169798,-0.8096329869235825,-0.8542535547268953,-0.8036678234979332,0.7543839701294754,0.8928627284017128,0.7796031838764904,0.7962993881103487,0.07031559968920195,0.5779231299451776,0.001320499691421309,-20.706803990142678
s9,46.72739203356978,0.891166630803825,-1.2231827257612424,1.643315972331986,-1.111079384091102,1.6758842942444456,0.33102806724080497,-0.3092793493464321,0.29893576914397424,-0.5582749381717423,-0.06544656127666788,-1.2421742124175847,1.3013820135887517,-0.4324161530479095,1.109814036637551,-0.5609384697647599,-0.5795449505715446,0.8844417963335622,0.24277947814569928,0.05648805178976999,-0.402668050488517,-0.35370725586820484,-1.423374941335033,-1.2008718660683149,-1.3281601171505755,-1.3302423891732285,-0.3858426714796312,-0.9276231465829652,0.5351540576136878,-0.2337809466166386,1.6384529188168997,1.7439862705317961,-1.1570657423299595,-1.3211206523538217,-0.2784025111033093,-1.3332775929665488,-0.7239560602914227,-0.880618417600901,-0.6325263631506961,-0.7156660232505526,-23.1167821087172
s10,-14.61442017145437,0.2290630030436654,0.42801117632805913,0.673619365359218,1.1991508561141055,-0.6418757705341334,-1.0142815686862485,0.6296832631321656,-1.54351640558355,-0.5582749381717423,-0.06544656127666788,0.6937111610881338,-0.9088194600200015,-0.4324161530479095,1.5351025726606748,-0.5609384697647599,-0.5795449505715446,-0.5931276049690055,0.3606370521185347,1.2223479061945326,-0.08056959089392743,-0.35370725586820484,0.631557314661738,-0.4516471178910126,-0.806116065280236,-0.5301000310328409,-1.422100541868625,0.2893919814313145,-0.8325430256589508,-0.7680324604141731,-0.8210983679741971,-0.866422167596084,-0.4270758578988682,0.0692409764812211,-0.30104367467783966,0.029391275854181803,-0.7224740581013773,-0.9372087144982278,-0.627299919060844,-0.7125074164406101,-19.55558688693647
s11,7.937167265552128,-1.5003442444012378,0.80754670741914,-1.3672949638092295,0.09876059331209115,-0.18732983804141953,0.5220495536224182,-0.6602941638254922,0.9463786577107106,-0.5582749381717423,-0.06544656127666788,0.715271138052844,-0.9088194600200015,1.9988829242536352,-1.343297619121551,-0.5609384697647599,2.780880264222823,-0.5931276049690055,0.779526288724836,-0.5746541250308533,-0.402668050488517,-0.35370725586820484,1.0734877666488751,1.8631644038341144,1.9211024554403515,2.068305662314117,1.1516776422106698,0.2410203649403296,-1.3939699225497735,-0.7479889434391984,-0.7655125116107427,-0.7991076007724252,0.07290652445547151,1.0621025423801338,0.46251549738091613,0.7547041467431618,1.6815259246691006,0.8789911612697408,1.1018558912704532,0.42089613432009876,-19.292320320847477
s12,-34.933051900694565,-0.7237561513734239,0.2339837640419888,-0.7016569069826247,0.2467764604567822,-1.7682259914457994,0.20163370704799752,-0.7932026485376603,-0.6521531234767892,-0.5582749381717423,-0.06544656127666788,1.182254433484314,-0.6604141408918248,-0.4324161530479095,-1.2896881036181655,3.6345194870731587,-0.5795449505715446,-0.5931276049690055,-0.4327027368627905,-0.5746541250308533,-0.402668050488517,-0.35370725586820484,0.04303822636527491,1.8088446995391125,0.8121648489228956,1.48722225252968,-0.3376633048039118,3.82359509072081,-0.956556574289832,-1.3660379740790094,-1.549111556288245,-0.8508778353989698,0.07151075981234695,0.3381990598063782,-0.30021975314142424,0.7756759483942774,0.20172350003092943,-0.14418667052514067,-0.04210296183348277,-0.2668068349948256,-19.724203045459767
s13,-74.08850493059555,-0.8089727600572,0.8353087539352296,-1.3645380636396836,0.5986668690513498,-0.9474880535928141,-1.0861396987221823,0.6961112745220042,0.10067762062215559,3.4808544500855993,-0.06544656127666788,0.8272000391263767,-0.9088194600200015,-0.4324161530479095,-1.3746028911229589,-0.5609384697647599,-0.5795449505715446,-0.5931276049690055,-0.4327027368627905,-0.5746541250308533,2.1227891944602972,-0.35370725586820484,0.4634492138274938,1.5587594430364373,1.3697947922561609,1.439025860042049,0.681704781172817,1.010635841644334,-1.2951258960938163,-0.9366089026002602,-0.8323515887105394,-0.8783656072486837,0.9454210149756685,0.7408349038901427,1.6205594868268933,0.71652861049751,1.7516230486047484,0.8513419822566757,1.3458871659857032,0.5299928852163087,-16.497714345530376
s14,-19.235871427869675,0.9196717049033379,1.3620045354558412,-1.0025734291693091,0.8256869636514217,-0.631422690726991,-0.9859034901553871,0.5633793211442749,0.08863594571111927,-0.5582749381717423,-0.06544656127666788,0.8000784893027336,-0.9088194600200015,-0.4324161530479095,-0.9527140061683133,-0.5609384697647599,-0.5795449505715446,-0.5931276049690055,0.66051190058516,2.776146654998438,1.5735149798061077,-0.35370725586820484,1.0863183966738819,0.5961469089791969,0.87630642222914,0.8370242620218964,-1.4759175750834983,0.9185091755096095,-1.1317089193730223,-0.6396364014142801,-0.9018535767269579,-0.9413266652066283,0.24487984034907864,1.4651742581482408,-0.18365052158602885,1.2213039687266793,0.142156668951919,-0.14433358266587135,-0.05789489481256908,-0.24823565904333214,-18.142842377157372
s15,38.267469157124815,0.25695810251819096,-0.019081619053948347,1.0610662075426052,0.6800512533617412,-0.012712985038521297,0.657086714666358,-0.6793227417604609,-1.1879583909539793,-0.5582749381717423,-0.06544656127666788,0.5018113421442678,-0.9088194600200015,1.238750286157676,1.7439472633723865,-0.5609384697647599,-0.5795449505715446,-0.5931276049690055,-0.4327027368627905,0.9815125824220583,-0.402668050488517,-0.35370725586820484,0.26150433996564215,-1.325446951413027,-0.8014698457859358,-0.9352601046183618,-1.2152414693327487,0.24207232104950677,-0.8218152443551876,-0.6874238327319635,-0.7925546942651664,-0.8361277610084359,-0.9374308572402746,-0.3512551928986587,-0.2573819105195056,-0.457398574421624,-0.7380356196150911,-0.980498012269912,-0.6364743817622337,-0.7384988322087366,-21.409887452724632
s16,27.83906953651447,0.41446333607831365,-1.3823653899390156,1.0031852283065128,-1.5104421590949209,1.6813285416319044,0.9718577838058371,-0.566212727638596,0.9332373635404237,-0.5582749381717423,-0.06544656127666788,-1.2421742124175847,1.722518301010331,-0.4324161530479095,0.41829343898717003,-0.5609384697647599,-0.5795449505715446,2.0874186540312283,-0.4327027368627905,-0.5746541250308533,-0.402668050488517,-0.35370725586820484,-1.6374898427552365,-1.1572056119322738,-1.2615699872819532,-1.1539437128050123,-0.3848762810230679,-1.126419646192443,0.6968950746063856,-0.6324968080599902,1.6204834301215854,1.7249146190598357,-1.25892081809459,-1.342666062997047,-0.30161483836595226,-1.1171732189997268,-0.5591152803120164,-0.15169849765205132,-0.4806731752868027,-0.1319826687533781,-22.71802967642396
s17,-31.846852922182794,-1.193590583498563,0.4038519736065745,-0.6439201410601405,0.17138657418962766,-0.344170407943495,0.7656525007756781,-0.7526854386080906,0.11660406435410987,-0.5582749381717423,-0.06544656127666788,0.860712172754619,-0.9088194600200015,1.8347606945456818,-0.35004879342146183,-0.5609384697647599,2.2987428325399972,-0.5931276049690055,-0.4327027368627905,-0.5746541250308533,-0.402668050488517,-0.35370725586820484,0.8712546905420858,0.7379723150837573,0.2770353133275848,0.6674639128336465,1.4207415836950548,0.18212597313327863,-0.7303559397043863,-0.8695040238038185,-0.6290699521401986,-0.6626156441275718,0.6551933193445102,0.4987594713312887,-0.264418031039542,0.6874461801957971,-0.11232320150224964,0.13816269616166485,-0.14879706777741308,0.022756623105293115,-18.45283706311921
s18,24.899014288680856,-0.534967355786631,-0.4824718483779579,-0.5342431580882148,-0.7081641758060427,-0.09638817701354482,0.40705057595495964,-0.6071676068450764,0.567760134486576,-0.5582749381717423,-0.06544656127666788,-0.08517782584626574,0.722682142155184,-0.4324161530479095,-0.8726306558484408,1.2054303439720024,-0.12944233428249685,0.9158045429932226,-0.4327027368627905,-0.5746541250308533,-0.402668050488517,-0.35370725586820484,-0.04905709853630742,0.061367526865901835,0.678472737207601,0.47200445500463317,-0.5521295922414824,-0.3968911470771716,0.7679086779866529,1.635708863419908,0.23745456337754306,-0.1183979366059734,0.42095526123712246,-0.15161344920773392,-0.2876660586600181,0.28504624563707665,0.05575245855264754,0.3192925229364111,0.13324387447642375,0.36182011078358,-21.063708819965775
s19,26.234761094931166,-0.03669853447686162,-1.5875210057167333,1.0160979575229896,-1.6736009367457303,1.7114795102644484,0.9147618985103128,-0.5445613751129978,1.3180931520820778,1.9614825028699021,-0.06544656127666788,-1.2421742124175847,0.5351073493415007,3.066696972461834,0.2832423581083712,-0.5609384697647599,-0.5795449505715446,-0.5931276049690055,-0.4327027368627905,-0.5746541250308533,-0.402668050488517,-0.35370725586820484,-1.680747361759552,-1.1457096773597735,-0.9212325053991955,-1.2198729061500946,-0.7131694318644084,-0.5988626169987405,0.6266304804008537,0.6274807765676316,0.9870352944516629,1.062297632428912,-0.16132445024091846,-1.5493722923952995,-0.28334731367603005,-1.686681702173835,-0.5604551210016584,-0.12414772543713767,-0.4655045473322296,-0.047927017779047384,-21.664409036968618
s20,5.254478656858059,-0.5465896930877615,1.1239183152529326,-1.118172588139323,0.8039143283800361,-1.3373477048725522,-1.0529745954543805,0.4373603175274628,-0.3421707785212258,0.25330977305262764,-0.06544656127666788,1.3005514834002032,-0.9088194600200015,-0.4324161530479095,-1.1914594882548193,-0.07620936559984379,1.9062490439338782,-0.5931276049690055,-0.4327027368627905,-0.5746541250308533,-0.402668050488517,0.9503062421283056,0.7161867731613166,1.5207351958862994,1.2751675884686369,1.4715945679749307,1.522326814428809,0.2583070667162098,-1.1979336374036227,-0.8561829233504719,-0.71326276132007,-0.7519724388783591,0.3127131866891123,1.1270563598541297,1.2583965124593341,1.2096613758979897,0.5446780237491401,0.07028221930160133,0.07065530663938592,-0.22913084928862543,-19.575243739400413
s21,46.12560681140011,-0.3357240172937633,-0.7668183896789758,1.2743353040819485,-0.1876963170073568,-0.09844189378484412,1.272168792163578,-0.8378389861571667,-0.7298793821272633,-0.5582749381717423,-0.06544656127666788,-0.5324551884154882,0.597468113416815,-0.4324161530479095,0.9508311613409589,1.917883661853061,-0.5795449505715446,-0.5931276049690055,-0.4327027368627905,-0.5746541250308533,-0.402668050488517,-0.35370725586820484,-0.888292625052278,-1.052086830070474,-0.9434864771081526,-1.1101362109490294,-0.017520866990441454,-0.8503334851277891,1.0342839091181713,1.6419313514650973,0.515854765875706,-0.18468928107920923,-1.002457738904438,-0.8908045959722061,-0.2971425154187471,-1.1316702312947413,-0.5892546142185514,-0.3234491093439417,-0.5072205422437822,-0.2569523170329021,-22.300123292835202
s22,-64.82625463365919,0.16646708194881268,1.7216769201418294,-0.8627428307342107,1.490725347463295,-1.1139896205572646,-1.207645830456355,1.0315872620991045,-0.5876923207723769,-0.1989458072771525,-0.06544656127666788,0.8164165109164963,-0.9088194600200015,-0.4324161530479095,-0.487689751687517,-0.5609384697647599,2.0454535076261817,-0.5931276049690055,-0.4327027368627905,-0.5746541250308533,-0.402668050488517,2.5634395714393574,1.1067561097897045,1.8152028139121381,0.5407223774590906,0.9923107485641088,1.1139723016925331,0.7646307670537867,-0.9780629924448654,-0.5556182809590016,-0.8940887648838295,-0.908833318858927,1.950055441657066,1.9133205048774546,3.0795765502815318,1.7423651887321316,-0.012530386881136434,-0.08845050839950677,-0.0737772252455029,-0.12363728661670224,-17.091752304261984
s23,65.07300821053542,0.07820381067267049,-1.3155039911122268,0.7864705780593212,-1.5582443375220845,2.25872097859307,0.3378467589894157,-0.22472100365409664,1.5921907776628617,-0.023558969578602717,-0.06544656127666788,-1.2421742124175847,0.5857525434011952,3.4973570494476487,0.42466761715795853,-0.5609384697647599,-0.5795449505715446,1.0010920122258704,-0.4327027368627905,-0.5746541250308533,-0.402668050488517,-0.35370725586820484,-1.3752950554692536,-0.9872509631457304,-0.93856597621479,-1.126808659581818,-0.7102909971754868,-0.7263381254077458,0.6960237850922218,0.6426950149423702,1.3393391073573087,1.426526243742354,-1.396471226467787,-1.1645135196708947,-0.30156382836946105,-1.356079760958529,-0.5379459862586169,-0.07925562000634037,-0.513877229302196,-0.2732715423999133,-22.71630669020732
s24,-2.0675002531715996,1.0401580232396288,-0.34824443980190095,0.18445084215698723,-0.4980550931781334,1.263727533735697,-0.07485442553956963,-0.1251453140459595,0.7554981132867118,-0.5582749381717423,-0.06544656127666788,-1.2421742124175847,0.7302399051060854,-0.4324161530479095,0.2348024523134364,-0.5609384697647599,-0.5795449505715446,-0.5931276049690055,2.7539340724345824,1.831373699203973,-0.402668050488517,-0.35370725586820484,0.0315674132990063,-0.20964875994441912,-0.032454002623443653,-0.41527294020109795,-0.05848018135235479,-0.5992483874733452,1.143159822444745,2.0117550336086563,0.2773582813556815,0.7485341515143467,-0.3882075795256205,0.058342129128083516,0.6884014635979219,0.2014220770799748,-0.5275342698362987,-0.37983030573528875,-0.52693282806015,-0.4673436943098136,-19.975934617610072
s25,29.515877425897024,0.32537299215039267,-1.47929824138895,2.879642232235723,-0.8938086974345041,1.1394989135619027,2.0249467390467184,-0.8489199211172093,-0.5624850534476076,0.38427524375514793,-0.06544656127666788,-1.2421742124175847,1.144383827463177,-0.4324161530479095,1.744506629775632,0.40906745506695363,-0.5795449505715446,-0.5931276049690055,-0.4327027368627905,-0.5746541250308533,-0.402668050488517,-0.35370725586820484,-1.6302958717296194,-1.953060684651324,-1.513149211806704,-1.8028971354809915,-0.6492637203129735,-0.9652464197548779,0.8781714121433564,0.08576022547217979,1.4516879855174731,1.5457660665256896,-1.9188417629343693,-1.7458479626172507,-0.1049647528571707,-2.4179838066647172,-0.7208063925276954,-0.7937765009527774,-0.6246767142859675,-0.6540595532278486,-22.28124530569044
s26,-29.74761361638603,0.7423303463220328,1.9358457827875355,-0.8870915979752029,1.8337797382591197,-1.374546343747964,-0.8923998141071159,0.09963770337817013,-0.6410495502713272,0.6464728767809641,-0.06544656127666788,0.4110779746893397,-0.9088194600200015,-0.4324161530479095,-0.7660028480915071,1.4913452026853116,-0.5795449505715446,-0.5931276049690055,-0.4327027368627905,-0.5746541250308533,-0.402668050488517,3.827820023314161,2.078538650548445,0.6251263107019787,0.9500643245659071,1.438153766826494,1.2134728115184128,0.587813709701553,-0.9838824171349717,-0.7043029433105308,-1.034513406659878,-1.0434219911251614,2.905525916194605,1.9512359196369622,-0.21720475998778876,1.7885927743829444,0.17707286078047513,-0.07609903893135064,-0.025544211413688355,-0.2021949681294996,-18.065022398651873
s27,5.099627946189689,-0.5686260062400678,0.015059694330033749,0.012667321087278218,0.006264810145617037,-0.33944131963424784,-0.8081718295419231,0.3062159318305583,-0.5424770980129124,-0.5582749381717423,-0.06544656127666788,0.9314514701151517,-0.41200882176364806,-0.4324161530479095,0.3530606214498647,-0.5609384697647599,-0.5795449505715446,2.1338270033906506,-0.4327027368627905,-0.5746541250308533,-0.402668050488517,-0.35370725586820484,0.2190250211131101,-0.09475845800427282,-0.3607766575181594,-0.09449993866127658,-0.3652527124210496,0.5814758763079562,1.4127252734854598,1.6191300490421952,-0.7420454299163305,-0.4800400360366718,-0.4036277897006556,-0.0727731132834391,-0.16393174035102676,0.11114746654874791,-0.6746567461120834,-0.835237903903265,-0.6024724971162799,-0.6639250167482125,-20.174090095940016
s28,-60.24738952897969,-1.6140719226122608,1.3755915644342587,-1.2181786186208508,0.686684724061529,-0.3180057864161197,-0.6662188892395771,0.0979606365431117,0.34576793115964666,-0.5582749381717423,-0.06544656127666788,0.5982006360292309,-0.9088194600200015,-0.4324161530479095,-0.9579429145770176,0.15796493610189669,-0.013812524235827727,1.220984373218267,3.2917664417529853,-0.5746541250308533,-0.402668050488517,-0.35370725586820484,1.4356054448674902,0.9989928045293587,1.5324822602962256,1.388910658195879,0.7332840584276226,0.4065549293115665,-0.5993484664901663,-0.6002242535517149,-0.8572730129664977,-0.8722355673637051,0.8418966316259068,1.2873689845280123,-0.30083468695639964,1.051855791320927,1.1829307837947751,0.9206251088526198,0.7161648239217231,0.42022010744523874,-16.589384250285384
s29,50.88203632041549,0.18999154029215815,-1.4963434987990993,2.958724992289978,-0.9179746452532972,1.4780888950738087,1.2783340101466134,-0.6731324673197946,-0.47930291976773554,0.8192984046444818,-0.06544656127666788,-1.2421742124175847,0.9843939609060463,0.0671312879472886,1.9072822531200522,-0.21450778232486226,-0.5795449505715446,-0.5931276049690055,-0.4327027368627905,-0.5746541250308533,-0.402668050488517,-0.35370725586820484,-1.652065028516924,-1.6889928873555846,-1.6165402163179436,-1.7428578461064856,-0.6469406010423704,-0.8564006798674909,0.601055688937575,0.26356493212651627,1.4055000288885318,1.496745160813503,-1.8960519910717282,-1.7573300773914915,0.012227350770198646,-2.355053213569844,-0.735047268542045,-0.8876613107466897,-0.6322995458427115,-0.6976373884113156,-22.62132344831001
s30,-61.98889114522877,-1.261538066728355,0.6478807510986556,-0.9710474980285803,0.5605940278050984,-0.6570118968176444,-0.907017646118931,0.3812417177538786,-0.07328652967628817,2.853077570321199,-0.06544656127666788,0.5473102224231444,-0.9088194600200015,-0.4324161530479095,-0.7170454126986379,-0.5609384697647599,-0.5795449505715446,-0.5931276049690055,1.436986432105856,-0.5746541250308533,0.641094046425596,-0.35370725586820484,0.9285328602944244,0.915213506194285,1.2453061436288715,0.6664615130564827,0.8486476516428384,0.8816585475271632,-1.2998958866781696,-0.8198115768710751,-0.8474611571022884,-0.885623844878059,0.7234797224717103,0.6966470847116666,-0.20376937862409358,0.7047778848779555,0.36903219850459223,0.5318672934562171,0.27489050486135896,0.34451446295321186,-16.97997334312175
s31,-25.44433110109123,-0.1440072467938914,0.3199111486880829,0.517331864973896,1.1209999167469251,-1.0726508796783825,0.06154933625172152,-0.6250842382791825,-1.4272653707270886,-0.5582749381717423,-0.06544656127666788,0.31280416047121923,-0.46168988558928337,-0.4324161530479095,0.968038349295845,1.7626997832531643,-0.5795449505715446,-0.5931276049690055,-0.4327027368627905,-0.5746541250308533,-0.402668050488517,0.6515751720886618,0.4973411015061629,-0.6844934727257314,-0.6696577790681842,-0.48174379077393464,-0.44909666735062065,1.4884071053598906,1.5320530524617795,0.6821300322783636,-1.1451864545560662,-0.814320999957503,0.8383041012979702,0.025159230200991808,-0.2766972676943528,0.029425883894227314,-0.705781839082104,-0.9009615534322236,-0.6224127648615391,-0.7049602189197554,-19.64904728113367
s32,43.40880033695405,-0.5338399734825455,-0.1581337200604305,0.49541589937235025,-0.08240108032305728,0.4378061411455159,0.711303811054064,-0.6373823829614236,-0.3088352075937192,-0.5582749381717423,-0.06544656127666788,0.547492182302634,-0.9088194600200015,2.101487382497869,0.9993723660496662,-0.5609384697647599,-0.5795449505715446,1.2824248858484955,-0.4327027368627905,-0.5746541250308533,-0.402668050488517,-0.35370725586820484,-0.055007247754545796,-1.0216064331006725,-0.787559355292073,-0.8903255928508562,-1.477438873042034,0.3278424639718426,-0.9925127851663146,-0.7832485188415631,-0.6281357881432056,-0.6616241829641304,-0.7111045368387359,-0.3249918941086563,-0.22316023536943555,-0.35752110702047357,-0.6993926424715007,-0.8516603329268629,-0.620205537741443,-0.6903783514281847,-21.510596527150504
s33,67.03540094939805,-0.4548528865968075,-1.3564065774581338,1.5012706620675262,-0.9838221255735159,0.8316645766144314,0.8793316422473666,-0.6392050530779728,-0.04163789138860498,2.089842239622854,-0.06544656127666788,-0.964831252924702,1.0389936772707813,-0.4324161530479095,0.8832599454136203,-0.5609384697647599,-0.5795449505715446,-0.5931276049690055,-0.4327027368627905,-0.5746541250308533,-0.402668050488517,-0.35370725586820484,-1.2766645613127015,-1.2463629352043328,-1.1482166000861516,-1.3741539798647628,-0.6875289969348822,-0.963452202092903,0.9352958555750526,0.3149123463884213,1.3222621136328925,0.2764226315593352,-1.3814102220302094,-1.5177069022894176,-0.2862410755570497,-1.65488011889112,-0.673904586212923,-0.6154919839865249,-0.6023774068984348,-0.5799771103049092,-22.89264810431292
s34,70.21198047810023,-0.4001077168824034,0.14317885423592774,1.2301612620245597,1.4480529977201257,-1.1899994583403326,-0.48779970306478265,-0.321017794862055,-2.1654865912304477,-0.5582749381717423,-0.06544656127666788,0.8155501006794028,-0.9088194600200015,-0.4324161530479095,2.0398457342528187,0.41457885236713377,-0.5795449505715446,-0.5931276049690055,-0.4327027368627905,0.07880115905110521,-0.402668050488517,-0.35370725586820484,0.06442031395506828,-0.5837872265850331,-0.9630144825595973,-0.9560166464080726,1.077552687638446,0.1095181425051063,-1.080917126231192,-0.8448748885224633,-0.7777163846493844,-0.8203793402145249,-1.1913367311925152,-0.22392571237577166,-0.2775735161033153,-0.8308873067264231,-0.7556971537088072,-1.058157320258347,-0.6407243659024979,-0.7542601551324531,-23.0250491799139
s35,22.954192222633623,0.6256473787255242,-1.4076817067337377,1.6968065599466524,-1.3172108301880339,1.4761864347684674,1.3404216978671544,-0.6882128005331292,0.36873651886392966,-0.5582749381717423,-0.06544656127666788,-1.2421742124175847,1.5197645823302315,-0.4324161530479095,0.9071867161641245,-0.5609384697647599,0.6150842021276635,0.41293331850348886,-0.4327027368627905,-0.4350811517317943,-0.402668050488517,-0.35370725586820484,-1.6310130108800438,-1.4593491231140712,-1.314448403461399,-1.4734485822985495,-0.4004165543994215,-1.0059989598618055,0.5446648154858617,-0.40258380286161854,1.5393641222679288,1.63881983955534,-1.5380863775366522,-1.572593936397535,-0.2947723875453467,-1.5887727581332722,-0.6289209337362672,-0.3534373217600781,-0.541690262166913,-0.292073344674373,-22.440613855914414
s36,37.53143771825081,-0.26996190396786834,-0.5690918699330224,-1.4230688185551703,-1.2573489553340524,1.4010996008799674,0.365555922214373,-0.3680248377846127,2.3706951080133734,-0.5582749381717423,-0.06544656127666788,-1.2421742124175847,1.9712537128750578,-0.4324161530479095,-1.4799761921940806,-0.5609384697647599,-0.5795449505715446,3.2778209863028973,-0.4327027368627905,-0.5746541250308533,0.6840283499328459,-0.35370725586820484,-0.03660991267717528,1.2132815256908331,1.4325442385139269,0.7842106199133101,0.07559165986599871,-0.59656038370103,0.8743923192256576,0.12069833827804753,1.96198256357926,2.087359681449376,-0.09782738579866937,0.44378696649229993,-0.26939398791503627,0.12117614146975927,2.2936012659435523,1.8659301430808666,2.003914715185614,1.393424689259778,-22.39655424600443
s37,44.211750916325684,-1.0773870091740605,-0.555837519417798,-1.3226517292824815,-1.173999202348017,1.334110289802169,0.07308855794520296,-0.21518751403267664,2.1823493111444026,0.13776211925119197,-0.06544656127666788,-1.2421742124175847,1.6350194182383784,-0.4324161530479095,-1.3373785055453904,-0.5609384697647599,-0.5795449505715446,2.4331876005534707,1.3040879752861567,-0.5746541250308533,-0.402668050488517,-0.35370725586820484,-0.22738289724701294,0.21514957278703786,1.491933282717094,0.14806277205700846,-0.35926302337394517,-0.3668386208933328,0.47837795924943666,0.12014815686063766,1.631950809241229,1.7370853525500827,0.028691152954483115,0.06623423391459404,-0.27942308716670883,-0.08564812506033172,1.635644170820313,1.6675803877154796,1.6097221792012537,1.4185085777485942,-22.26102540809307
s38,9.191869131309723,-0.5354030153467666,-0.48682619644073893,1.9167240600099569,0.7377491013426135,-0.2087725258990163,0.5869935941257355,-0.6839966509380236,-1.7220353490298916,-0.5582749381717423,-0.06544656127666788,-0.15536137115121648,-0.025600547564261993,-0.4324161530479095,2.220458744817796,0.9451233608950057,-0.5795449505715446,-0.5931276049690055,-0.4327027368627905,-0.5746541250308533,-0.402668050488517,-0.35370725586820484,-0.6267556196034486,-1.478364178442669,-1.2551409851501054,-1.329111633457556,-0.23034390273304126,-0.24866276039432683,1.4499527090114612,1.7009709030285298,-0.5121103765646098,-0.4534380486092873,-1.3329292662739667,-0.6146439612050054,-0.1436287075671962,-1.6396605026695652,-0.7232329461819141,-0.8690113701130285,-0.6310465057419039,-0.7069754862173814,-21.024363773527753
s39,-38.30120822912829,0.510792111888155,-1.2962680165207972,0.13573766438773543,-1.3852672590820467,-0.13432716101734204,2.2744768423386197,-0.9857500523315788,0.7065867106992383,-0.5582749381717423,-0.06544656127666788,-0.9430101395198399,1.3981196247981782,-0.4324161530479095,-1.0535795712121592,3.4536184023526553,-0.5795449505715446,-0.5931276049690055,-0.4327027368627905,-0.5746541250308533,-0.402668050488517,-0.35370725586820484,-1.253901545123495,-0.3596441369893282,-0.4336207903942311,-0.5469082133421509,0.07964536509358318,-0.292939171308288,0.3384395855731338,0.35266091819366313,1.0992574724396948,0.14178887458607176,-0.12861360342639971,-1.2100450110323264,-0.21011286861332995,-0.8376150477913098,-0.007942211496257687,0.3987458468616728,0.0029183182364326847,0.3097405522664882,-21.416611048330665
s40,-23.88626655783477,-0.7578046036520036,0.2652551860882693,0.6401849877626394,1.2338093985825214,-1.5374485057953498,-0.14808846379589474,-0.6146722319265092,-1.8505310835537785,-0.5582749381717423,-0.06544656127666788,0.9630241835889292,-0.9088194600200015,-0.4324161530479095,1.1551665183052313,1.5264906937028788,-0.5795449505715446,-0.5931276049690055,-0.4327027368627905,-0.345249610406336,-0.402668050488517,-0.35370725586820484,0.40988301062190874,-0.7366623141818601,-0.8757369408154636,-0.653915460455425,1.6154120073559228,0.11494900714622602,-0.9213429132292879,-0.873810956124607,-0.7395233356227924,-0.779843711625571,-0.39679084529079,-0.10225708366724832,0.0194591508124844,-0.346413174281455,-0.6714201792732718,-0.7672992843317539,-0.5990391639477219,-0.6318560564722416,-19.902759354684093
s41,-25.368508695290583,-0.39488413246718335,0.5453969297373016,0.07791147762932114,1.096704391579773,-1.4480018968244033,-0.20466007147837656,-0.5679806811240344,-1.3762484509360577,-0.5582749381717423,-0.06544656127666788,0.7729839260958307,-0.9088194600200015,-0.4324161530479095,0.4115281420894844,2.123640827530686,-0.5795449505715446,-0.5931276049690055,-0.4327027368627905,-0.5746541250308533,0.9049555466716079,-0.35370725586820484,0.2334138255011022,-0.20275279330115004,-0.0633197130422177,-0.0007641268910120829,1.0800392796812595,0.5468773473255202,-1.0360476268577314,-0.8721356746095111,-0.7786661607085413,-0.8181895285187734,0.2720225334244475,0.3543496171709512,0.1627444237446578,0.45428772931409,-0.6042381687892288,-0.6799060915317937,-0.5343934336609696,-0.526613265771937,-19.523114086482373
s42,-4.381890229973531,-1.0665539813433333,0.7796487488879986,-1.1692298437558735,0.24401356483851042,-1.0765617526383842,-1.1228311265914674,0.7480112948734381,-0.1113937195846074,-0.5582749381717423,-0.06544656127666788,1.7965399524609564,-0.9088194600200015,-0.4324161530479095,-1.2420721985437297,0.23886455210735166,-0.5795449505715446,2.525997733020969,-0.4327027368627905,-0.5746541250308533,-0.402668050488517,-0.35370725586820484,0.7708772693706321,2.048708197400836,1.4512606010233011,1.8137304714440805,0.7664037487009485,0.21787313825072163,-1.2159090548131712,-1.032068613744458,-0.55278393967601,-0.5816506113115839,0.17726506783591117,0.6880550474322767,-0.008141756075824994,0.8262800070745274,0.8692186040486003,0.38787536042608306,0.6203911004506312,0.2000181350433881,-18.621753792724025
s43,15.424370129209954,0.34245631382790653,-1.3453596107607482,0.6874935976892835,-1.3769607684549168,0.5204478545920584,2.3791409203812575,-0.946010575287762,0.8110220778557753,-0.5582749381717423,-0.06544656127666788,-1.2421742124175847,1.2444082140818442,0.7899787371292804,-0.35757426954317073,2.716902486233387,-0.5795449505715446,-0.5931276049690055,-0.4327027368627905,-0.5746541250308533,-0.402668050488517,-0.35370725586820484,-1.3979726257680185,-1.041294139336801,-0.6139119614992204,-0.8576879603588736,-0.07827038407097019,-0.6076263305234777,0.8379613263727701,0.019002529219117718,1.2682783685337364,1.3511069779434013,-0.6453363273273648,-1.4666369483032227,-0.29498512217836886,-1.0896608378468984,-0.07348757413738291,1.1208959255527051,0.027538232194499475,1.0498106936728053,-22.578210448908045
s44,-0.4862456383400952,0.785048202354492,0.8048501336047963,0.6704777029089022,1.8788240743990285,-0.804541864235691,-1.4275544947722827,2.6842641402857863,-1.828454121816438,-0.08547345015254522,-0.06544656127666788,0.46328593849271626,-0.9088194600200015,-0.4324161530479095,1.8273222977929686,-0.5609384697647599,-0.5795449505715446,-0.5931276049690055,-0.4327027368627905,0.4846312828493741,-0.402668050488517,1.5654682884130862,0.9130750556367047,-0.37526156885536055,-0.6094210847641941,-0.4990207528753512,0.9408756758470844,0.08556231268191446,-0.5540290005219525,-0.6552878806270451,-0.914494904036779,-0.9624842353872681,1.356422234737325,0.3990678764471801,-0.2654920276670218,0.22036460904420002,-0.7334474442302122,-0.9794588748107137,-0.63284906720689,-0.7303744731447781,-19.848679028795786
s45,-9.490703754998892,-0.1825983922630809,0.36408305586400314,0.26498857759553346,1.0043846691750302,-0.48937260163822316,-0.9789751931799606,0.6021356648170417,-1.1153021508604843,1.580588936200816,-0.06544656127666788,0.249976751465611,-0.7657982156734755,-0.4324161530479095,1.033390901528544,-0.5609384697647599,-0.5795449505715446,-0.5931276049690055,-0.4327027368627905,-0.5746541250308533,1.9398662011084984,-0.35370725586820484,0.6894588060063646,0.04249266074794084,-0.6513583402157659,-0.19157810794556152,-0.7822593780175899,4.363053318596803,0.6624666705758052,-1.1211220986239834,-1.5295916752526275,-0.9464927796472598,0.13564873758525628,0.16186056356016063,-0.2754491093289858,0.28424625162047984,-0.7145212207675875,-0.92809582923632,-0.6208022010486558,-0.6999535217702976,-19.282641992445825
s46,16.708976997096478,1.2460542971561186,0.4770159799261186,-0.8309507451393415,0.15452172444806286,-0.7914531479130077,-0.572243788748782,-0.1414085239982161,0.08647280223656481,-0.5582749381717423,-0.06544656127666788,1.1311102997776612,-0.3905777746231779,-0.4324161530479095,-1.0865125448616368,-0.5609384697647599,-0.5795449505715446,-0.5931276049690055,-0.4327027368627905,3.371703276875877,-0.402668050488517,-0.35370725586820484,0.22970752219112758,1.3041997450314062,1.0352824030320944,1.424220600006313,-0.12017542241420151,0.04903891642414327,1.992665440700628,1.5981426751767025,-0.871483940300779,-0.5905054450932244,0.17771591048196422,0.43819655133369806,3.1827802270137333,0.6068282924986761,0.09529173466351451,-0.12285436147372947,-0.06875012239542652,-0.21816101904414606,-20.070960626583393
s47,-22.66072499415362,0.07729001017791116,0.24963213072557874,-0.8278687319483508,-0.3017025035757445,0.24470703895098314,0.6698514164530698,-0.6494601216634519,0.9420374004779534,-0.5582749381717423,-0.06544656127666788,0.727914082881521,-0.9088194600200015,2.848180734194407,-0.7571380503162346,-0.5609384697647599,-0.5795449505715446,0.7588607629701118,-0.3348413558898291,1.1524997707052067,-0.402668050488517,-0.35370725586820484,0.4087629383433891,0.46784912889541014,0.22619811999053085,0.21289300555831053,1.3142779613827333,0.1669162894140156,-1.1748410293076945,-0.7086565114924189,-0.7128441360858323,-0.7290027067790485,0.0410734395014964,0.3731297474738424,-0.07812824310415992,0.02698919570707585,-0.13139613987543747,-0.12032868285586025,-0.2654816106749837,-0.27449696115522776,-18.428827441865636
s48,-52.28763886740383,2.057177235913495,1.8803000514471426,-0.7499768363669918,1.4858163003393152,-0.8510255895018708,-1.3213759593588217,1.7705875643933593,-0.3783053892726858,-0.5582749381717423,-0.06544656127666788,0.5608957404526064,-0.9088194600200015,-0.4324161530479095,-0.510679451695003,-0.5609384697647599,-0.5795449505715446,-0.5931276049690055,-0.4327027368627905,2.367156150025377,0.3733529486891814,2.93136800010878,1.3559966550043505,1.488032314513906,1.5848075130130785,0.9674086394776376,-1.5002983323209016,1.4873649298485665,-0.26495318282078373,-0.756290768273158,-1.156179489189725,-1.1704909191023443,1.5427221490855467,2.2959488326380004,-0.29728802299205687,1.8224974501955649,-0.4147936766032247,-0.640302792479265,-0.5090587611553836,-0.6162096750759674,-17.12958329507449
s49,54.161416231917904,-0.8883582896885207,-0.17219032242604448,-0.10340673601562872,-0.4609618001895671,1.6103558297386502,-0.6076596722958401,0.5435179153164621,0.9017776112105188,-0.5582749381717423,-0.06544656127666788,-1.2421742124175847,0.6768508577349608,-0.4324161530479095,0.3269218204124999,-0.5609384697647599,-0.5795449505715446,1.5493019201150173,3.234391422481718,-0.5746541250308533,-0.402668050488517,-0.35370725586820484,-0.37008183953307766,-0.006410712614069641,-0.710031873883872,-0.5935313036186511,-0.5994875113741001,-0.528400917919085,1.3845012737559663,2.011194569897347,0.7502568220216582,1.0471067548298842,-0.07476965774913125,0.07333771613753597,-0.2935816143809298,0.08500707236353797,-0.3936913449741992,0.008372807744514916,-0.3558836926462341,-0.043070017641130866,-21.4214234044558
s50,24.52231836029112,0.6078027253707116,0.6095603799334064,-0.6937839209723946,0.3982918053679144,-1.1620889884149026,-0.9957511945326365,0.3766709014739082,-0.4283863009807464,-0.5582749381717423,-0.06544656127666788,1.5457973181466675,-0.9088194600200015,-0.31012030649721783,-0.7817800500967594,-0.5609384697647599,0.2714011263857059,-0.5931276049690055,-0.4327027368627905,2.2289673012792925,-0.402668050488517,-0.35370725586820484,0.9594266330087144,0.8151427290540639,0.6236024974642767,0.9479382889167195,0.9551017545261581,0.24641391078449812,-1.1704939897068842,-1.0367304965174262,-0.5693033257650774,-0.5991832177960188,-0.0632653991491466,0.6058363523738797,-0.22437223734768225,0.6881989778048834,-0.2755857756141856,-0.41201860073655666,-0.3912581052387928,-0.4675536733853297,-20.221977466004994
s51,37.380391278860436,-0.38804229327837064,-1.2885907524019227,1.294940348546306,-1.0392056140769454,1.1142147378706988,0.5535209901346754,-0.4916719777842182,0.22613071656205846,1.956771024658301,-0.06544656127666788,-1.2421742124175847,1.0122648924335864,-0.4324161530479095,0.7757599132886558,-0.5609384697647599,-0.5795449505715446,-0.5931276049690055,0.7502397351495647,-0.5746541250308533,-0.402668050488517,-0.35370725586820484,-1.0305586391114334,-1.0322320858612901,-1.1649508664497712,-1.2118053803190565,-0.677613988061906,-0.8683024571548676,0.8892229007953864,0.35218642038665937,1.291451338299547,1.37570126720991,-1.0428318444977847,-1.3634894600692296,-0.2943205280918107,-1.337074907509038,-0.7278417299494936,-0.9155358322881522,-0.6368813525574787,-0.7374812634150386,-22.08446385448407
s52,5.687551943945883,-1.401832651404884,-0.19132803001861046,-1.6963750262673496,-1.0819390558238917,1.7382429269209532,0.022535677146070993,-0.11022173589809134,2.912043506857544,-0.5582749381717423,-0.06544656127666788,-1.2421742124175847,1.1667913717989096,1.7553777517027689,-1.5976371212456566,-0.5609384697647599,-0.5795449505715446,2.8900413065492105,1.35155420642294,-0.5746541250308533,-0.402668050488517,-0.35370725586820484,-0.19488882810439437,0.6574464334695783,1.4173105637055012,1.536659095946536,0.5903766292438389,-0.8078523896295904,0.6958447061302943,1.0000198819517592,1.3336677725993211,1.4205070563453661,-0.8523488606173951,0.9065813707098327,0.9427797285415139,0.0023935566876963576,3.1255820904896394,1.7401369129191488,2.275056719450921,1.0263846009169741,-20.30062191637932
s53,-72.68482678591569,-0.23881206836608443,-0.8980905684071219,-0.2630086608626297,-1.1524604117308908,0.6133311458392375,1.2415302547157616,-0.7561112004479861,1.2245302020816808,-0.5582749381717423,-0.06544656127666788,-1.2421742124175847,1.0835133659383671,0.47352541515034935,-0.8387780920715394,1.851582120800298,0.373003157978689,-0.5931276049690055,1.0428383311680498,-0.5746541250308533,-0.402668050488517,-0.35370725586820484,-0.4914655572346912,0.2823561487992972,0.4936786684749262,-0.023246056802662687,-0.3365734948367972,-0.4879990417390585,0.6461353227718931,1.1566477329531664,0.9916102136753632,1.2068403400892722,-0.22441326527440683,-0.4505651667614141,0.037334916442113356,-0.07694930138712788,0.15828082816163583,0.765667506771631,0.08246071190379625,0.4683512068800317,-18.815890867321635
s54,95.24904530309853,0.055891434280756276,-1.5195279701724222,2.2646677681154577,-1.2490748225727433,1.7909757365658392,0.7462979983638325,-0.4762573266266533,0.27923891831300135,1.3132309519042464,-0.06544656127666788,-1.2421742124175847,0.6644142277917845,1.716678567066849,1.3850437948900376,-0.5609384697647599,-0.5795449505715446,-0.5931276049690055,-0.4327027368627905,-0.5746541250308533,-0.402668050488517,-0.35370725586820484,-1.8341234001782416,-1.5213022262743081,-1.5186162769997353,-1.5798822539624593,-0.7269287475482694,-0.7371095122667268,0.8566244600314266,0.5535210221455261,1.2215325973257163,1.301494043964938,-1.737952955910923,-1.7237356764766427,-0.29685489228803774,-1.9618067803133188,-0.7181626298032054,-0.7974808974225502,-0.6302388407270426,-0.6932034845866473,-23.891907680821966
s55,8.30764915612874,-0.8619022024077021,0.5084331500898714,-0.6965731531020113,0.317454252171045,-1.245967077582596,-0.9008694230957418,0.15953793558201912,-0.5820323858851301,-0.5582749381717423,-0.06544656127666788,1.5701081965087553,-0.9088194600200015,-0.4324161530479095,-0.6813393744105426,0.544800134244225,0.09284194958156153,1.1709678730745043,-0.4327027368627905,-0.5746541250308533,-0.402668050488517,-0.35370725586820484,0.9181549661866267,0.8246408695626631,0.34497530569875007,1.1249835650717208,0.5714801490983135,0.14428614509029233,-1.2004500445572575,-1.0378263958063574,-0.6052857945596989,-0.6373726796993318,-0.126142120109707,0.6177785389444539,-0.08079703874384113,0.6415711023603862,-0.15476382381237813,-0.16631164042090504,-0.2240251335042968,-0.22719468649821908,-19.89931101552115
s56,48.38528378252882,0.5846741756070348,-1.4274448128869897,2.844774541703282,-0.9788687119081375,1.5802838318469707,1.741146902850211,-0.7622284324188392,-0.4153759096248701,-0.5582749381717423,-0.06544656127666788,-1.2421742124175847,1.2458266776352704,-0.4324161530479095,1.8547930122589893,0.10556404846199972,-0.5795449505715446,0.44658084102765255,-0.4327027368627905,-0.5746541250308533,-0.402668050488517,-0.35370725586820484,-1.7073993447840412,-1.6293786904506993,-1.5667839656889497,-1.7894418146893134,-0.49397670995140724,-0.9773080101808882,0.6198955790420335,-0.0653419915325589,1.4552187015653697,1.5495133398651642,-2.2049308217141714,-1.657974740134492,-0.3010200478398463,-2.244847019966726,-0.7315263463199353,-0.8700445824637411,-0.6252901595997484,-0.6572494478732437,-22.936326599808048
s57,13.425956475770812,-0.4014728397438241,-1.6513793391800224,-0.32939100507155217,-1.9022966736875961,1.2426531234783085,1.0950232011173102,-0.6518165014789282,1.925111863617719,3.0306661391652625,-0.06544656127666788,-1.2421742124175847,0.9710614720262852,2.25265134230128,-0.8734679790137929,-0.5609384697647599,-0.5795449505715446,-0.5931276049690055,-0.4327027368627905,-0.5746541250308533,-0.402668050488517,-0.35370725586820484,-1.5457409890477183,0.30014546251245355,-0.24378143801033778,-0.23365712858102541,-0.778273180414145,-0.5577174087286949,0.23645735907144302,-0.3950060727198656,1.1964412357554106,1.274863697885553,-1.141058024330248,-1.3624257462719633,-0.20072346133404714,-1.430034827439059,-0.0413107597499214,0.8213109930366375,-0.11641971305768987,0.4127843818493337,-21.65250835772914
s58,102.54155494918145,0.34893344575253,-1.3782057152743126,1.0942353237599163,-1.3841742358050009,1.1279963876759806,2.0401616779630904,-0.8521831225625611,0.6271955050183302,-0.5582749381717423,-0.06544656127666788,-1.2421742124175847,1.6083544404788563,-0.4324161530479095,0.3446362690136184,-0.5609384697647599,2.1548284433844205,-0.5931276049690055,-0.4327027368627905,-0.5746541250308533,-0.402668050488517,-0.35370725586820484,-1.6674728200627753,-1.3273441373374217,-1.033536697182565,-1.3461138257211642,-0.023014857015651046,-0.9222798160337913,0.5464645866838491,-0.4473331403228474,1.5330979941892175,1.632169377050694,-1.115929920576296,-1.5420959677667203,-0.2997943063566644,-1.4132118126880868,-0.3680112588648031,0.6757213829128865,-0.22225568031971854,0.8243544096251313,-24.93828100106786
s59,0.9426565448832769,-0.9537945545146832,0.3880771777868779,0.16173674373022004,0.859596221813292,-1.1783330092183175,-0.8748445060632367,0.138987984974509,-1.376245642488139,-0.5582749381717423,-0.06544656127666788,1.1980053442273049,-0.9088194600200015,-0.4324161530479095,0.7529121320108306,-0.5609384697647599,1.8642187106934482,-0.5931276049690055,-0.4327027368627905,-0.5746541250308533,-0.402668050488517,-0.35370725586820484,0.20681796459462187,0.1242595743391589,-0.5237589370911913,-0.25163078949616974,1.4716160123196358,0.17717463565311375,-1.0276826813807278,-0.9469067053936291,-0.6880674148553599,-0.7252317299668393,0.3648983272726801,0.0711582769815339,-0.2836248394370279,0.25471686447011294,-0.627059127493336,-0.6795047296957979,-0.5612491047388539,-0.5546079393459288,-20.19609135900962
s60,-52.258864534372194,-0.3234139335322312,1.624871087595559,-1.1628707081710348,0.9592422932974413,-0.5561610799585313,-1.0684798255387726,0.8163305259809528,0.07150364266803194,-0.5582749381717423,-0.06544656127666788,0.7905574976863219,-0.9088194600200015,-0.4324161530479095,-0.873183406245708,0.12513964689942905,-0.5795449505715446,1.8595179599461882,-0.4327027368627905,-0.5746541250308533,3.057074844177844,-0.35370725586820484,1.0423429721452222,1.4909687466945067,0.8481409637364121,0.954051727167668,0.7299316187731598,0.7933710078898109,-0.7830811194693572,-0.642684251334761,-0.9294165504686026,-0.9657005934840128,1.2121134898375743,1.4623643280623853,5.472241784866696,1.1902776629453526,0.7772912329444222,0.5321198526822657,0.389323908734617,0.1529269127351832,-16.869515443284293
s61,-45.466826757109004,-1.3915204358437376,1.1551273709597565,-1.4518129670338553,0.3760734393412547,-0.8159946286285745,-1.0705183638619633,0.7089934307477055,0.2861805673753952,-0.5582749381717423,-0.06544656127666788,1.6043980351947844,-0.9088194600200015,-0.4324161530479095,-1.5190640362882382,0.005698654641884562,-0.5795449505715446,2.7742009594030095,0.5727179858066118,-0.5746541250308533,-0.402668050488517,-0.35370725586820484,1.4369916381047567,1.9962965988665466,2.183362117227055,2.1860372817710085,1.6400411216100592,0.6457156243567963,-1.4299080895421457,-1.0229463025455017,-0.7419142086584,-0.7823812294159747,0.858847469242378,0.9936740753648485,-0.13152409891886868,0.8608259428373035,2.8496568395768707,1.0708762616756968,2.3496378941451987,0.7442533958750184,-16.98686520707895
s62,1.987277527952634,-0.07969565491906187,0.5339667473060914,0.5186460969313778,1.3022750209382328,-0.4160254177451924,-1.246955199939232,1.6009426885698832,-1.4529536878342988,0.49470419998090187,-0.06544656127666788,0.3462445555871073,-0.9088194600200015,-0.4324161530479095,1.5758877789265402,-0.5609384697647599,-0.5795449505715446,-0.0208436398221271,-0.4327027368627905,-0.5746541250308533,1.9759051895946065,-0.35370725586820484,0.7820284870367102,0.053634136417417294,-0.6194190196970321,-0.26689135065744357,-1.2956791812222113,0.23234629866142337,-0.6966436710319287,-0.6621615134581784,-0.8705886596289076,-0.91214753637547,-0.41231925035342626,0.21643797111987348,0.02151313729241205,0.24673944125100275,-0.7389517650247341,-1.000206596993685,-0.6372446434002261,-0.7442051433253919,-19.616668522368787
s63,63.0814398078254,1.0808931337501488,-1.0813982696111228,1.4097994015755562,-1.0109613286402899,1.6832456656761938,0.04372963219067253,-0.1348884838948715,0.3063081965662697,-0.5582749381717423,-0.06544656127666788,-1.2421742124175847,1.2284036630450665,-0.4324161530479095,1.0905888347363337,-0.5609384697647599,-0.5795449505715446,1.4372464357980532,-0.4327027368627905,-0.5746541250308533,0.764179199363581,-0.35370725586820484,-1.1557078836061034,-1.349896801780465,-1.2812378935650073,-1.2047755762386199,-0.4007392161979297,-0.9322708074205361,0.9470403532036145,0.016101510841255894,1.631795391732061,1.7369204024717722,-1.2514286346724008,-1.1224239727532084,0.12812422157107986,-1.027228378794441,-0.7415474593360515,-0.9826136333901628,-0.6391700266124261,-0.7469701684345061,-23.6364222807426
s64,-2.8417777504159076,0.4356456317340184,-1.3650680257227497,2.2674246978840804,-1.0516667951589096,1.284814563341344,1.721296966684671,-0.7856788844582696,0.024723050633289344,-0.5582749381717423,-0.06544656127666788,-1.2421742124175847,0.7455087477820828,1.466636618776619,1.2984119231874014,1.3355016851897314,-0.5795449505715446,-0.5931276049690055,-0.4327027368627905,-0.5746541250308533,-0.402668050488517,-0.35370725586820484,-1.2069374248311766,-1.4934233219560626,-1.378597283201297,-1.5993990349742075,0.14357456259650717,-0.6742178767769232,0.6726147826582967,0.8571165589912642,1.0664044933857535,1.1435204094668772,-1.4834721296576407,-1.6119969578501854,0.0011730927481190387,-1.851070521935891,-0.6402057039702553,-0.34567182699526355,-0.5768088526888518,-0.42366981505723905,-21.232151253298944
s65,25.05800246246103,0.06957750878087007,-1.0653969906045033,0.5308290223312842,-1.1570504556250711,0.9289805674042463,0.3917076818868051,-0.45023000727407225,0.6053628008839329,-0.5582749381717423,8.306157206458158,-0.7823687795741212,1.161224866048138,-0.4324161530479095,0.14245181054370687,0.030728677994433712,-0.5795449505715446,1.7842174382163354,-0.4327027368627905,-0.5746541250308533,-0.402668050488517,-0.35370725586820484,-0.9072635931199419,-0.8975069903326025,-0.7103021261861907,-0.8840374615040983,-0.4367795790019759,-0.9492782631032438,0.6369330956684146,0.225518041997118,1.2702108059550223,0.2939882030074367,-0.6044069813211995,-1.093836616284291,-0.30164999909300644,-0.8810407940188764,-0.5588509844949151,-0.3440767162064789,-0.4956671644326884,-0.3086788571319589,-22.29595939650926
s66,42.64687717240818,1.4478552009208399,-0.31655161933773746,1.1394426903300388,0.09127024264301654,1.2267340243064762,-0.204247340492333,-0.027880386533150624,-0.4231467950900396,-0.36862198379388,-0.06544656127666788,-1.2421742124175847,0.4629163170375656,-0.4324161530479095,1.568366833742836,-0.5609384697647599,0.4980406234012495,-0.5931276049690055,-0.4327027368627905,-0.4330184969539756,2.8722640707096745,-0.35370725586820484,-0.4964367410773321,-0.8681372727015475,-0.7309262936648983,-0.9494120481839473,-0.6737679174909448,-0.970024195348827,1.8602238380731022,2.191150196503405,0.5817902545424506,0.9846109182968147,-0.3959075136879015,-0.3659697522718581,-0.039762272702760865,-0.409388849035009,-0.745950222154007,-1.0132010900099406,-0.6385335604296688,-0.7457372758806254,-22.095170364406094
s67,-10.402502693769,-0.6129088307479414,-1.0004757058894327,-1.104523289110582,-1.5048453654314593,1.139259729531771,1.427829721902776,-0.7420142106183655,2.2311003472156217,-0.5582749381717423,-0.06544656127666788,-1.2421742124175847,1.5602056514568585,1.35066599399189,-1.3961167553928076,-0.5609384697647599,3.1181841942799386,-0.5931276049690055,-0.4327027368627905,-0.5746541250308533,-0.402668050488517,-0.35370725586820484,-0.877435514749426,-0.5685709534221722,1.7228459705645924,-0.34518147704759167,-0.34349682055821673,-0.6706146804718733,1.896507075584652,0.1889697699975929,1.4509493016315758,1.5449820752915113,2.411932511195415,-0.608493175525249,-0.15981448676920573,-0.39613640501954955,4.725334219929298,5.720996525609072,7.746775502305405,8.011308282983263,-21.009524243139957
s68,63.23662794194959,1.045659252461272,-0.8312770081166858,1.8806006660900247,-0.2960319008317181,1.3827081834986374,0.11860450969038853,-0.2355850103002797,-0.5479926257732227,-0.21877273589038385,-0.06544656127666788,-1.2421742124175847,0.7393301176875838,-0.4324161530479095,1.8487174785834353,-0.5609384697647599,0.5055238565538382,-0.5931276049690055,-0.35943614740419766,-0.5746541250308533,1.3969931840717293,-0.35370725586820484,-0.6582774908390098,-1.3339025431786673,-0.9277930655191616,-1.4350812268687956,-0.6997673796555001,-0.9900796096505632,1.4902615153911094,1.5290459333022182,1.0347357853834698,1.1750563193532677,-0.8315459164397355,-1.0199564875997764,-0.1969898416428904,-1.3777294803747702,-0.7506531019235076,-1.0231646465290922,-0.640824759228646,-0.7535978143630081,-23.067146326300914
s69,11.637089732470882,-0.10549179435364568,-1.1899039522507175,0.1131611874145948,-1.505730738294371,1.6388375272955225,1.0718638521161785,-0.6009095321143308,1.728356683545883,-0.5582749381717423,-0.06544656127666788,-1.2421742124175847,0.8820552517973675,2.829450932027455,-0.24247117033774485,-0.5609384697647599,2.068366043575536,-0.5931276049690055,-0.4327027368627905,-0.5746541250308533,-0.402668050488517,-0.35370725586820484,-1.423216002198143,-1.1316457668479103,-0.7161701381445714,-1.0402010683352194,-0.04294005225443704,-0.5142173102341986,0.5363038676753985,0.4679929678677099,1.1918263326697605,1.2699657386437107,-1.012743827507275,-1.022597619782831,-0.29272176518323967,-1.140241315187578,0.17532010147284222,1.9142167914583526,0.2150171913688373,1.5534082821401225,-21.169547410714003
s70,17.1295997820867,3.3272186421662373,-0.9645455284176663,0.20863986687522612,-1.1725689774136008,1.087133382157004,0.9704174107264464,-0.6351978431117993,1.192316876437895,-0.5582749381717423,-0.06544656127666788,-1.2421742124175847,1.571023471615526,-0.4324161530479095,-0.3851411089805323,-0.5609384697647599,-0.5795449505715446,-0.5931276049690055,-0.4327027368627905,2.714773321957989,0.4489821138632792,-0.35370725586820484,-0.6783484077640334,-0.45397626770111427,-0.3869300769686967,-0.5969195323090023,0.0351548778453094,-0.5077155273492999,0.46884476431346933,0.23335066436338722,1.288657371128331,1.3727359314111554,-1.0133734123918745,-0.7371292329790587,-0.301631153756876,-0.5174969245579438,-0.37989029603042956,-0.03986006181379048,-0.39945614988660977,-0.19999827106300996,-22.68552320802911
s71,-1.001036891403665,-1.2126897174513076,0.9409951852515518,-1.3475108484079918,0.26216706154654795,-0.9598521261961543,-1.3846473371738415,2.1578470505221854,0.0806684342406028,-0.5582749381717423,-0.06544656127666788,1.8906932538892474,-0.9088194600200015,-0.4324161530479095,-1.3855916313525958,-0.5609384697647599,0.13006752190837706,2.661507599684893,-0.4327027368627905,-0.5746541250308533,-0.402668050488517,-0.35370725586820484,1.0782269611137638,2.003329300887554,1.6158148121605924,1.928822428741616,1.0419424666217534,-0.16508879792989284,-1.4708188865966831,-1.2634200044040496,-0.5961632258995863,-0.6276905761645737,0.21613222421620684,0.8736542023449462,0.8086319418604044,0.7494308759682512,1.46394445197285,0.5702880626091464,0.9684958756630406,0.2487683450573014,-18.445866533958373
s72,12.845624136454262,0.9899004105036129,-1.302143867876865,0.6696292427780333,-1.503311268390607,1.5023482607757073,1.0314920018347409,-0.6047640128297658,1.3629982712523023,-0.5582749381717423,-0.06544656127666788,-1.2421742124175847,0.958977131041651,2.2013680145820924,-0.00954501639112004,0.5871475701424413,-0.5795449505715446,0.22094198679007993,-0.4327027368627905,0.15944032176760217,-0.402668050488517,-0.35370725586820484,-1.098095070161161,-1.0252621675863496,-0.827644189659218,-0.9069545732503491,-0.5006078969823181,-0.7379928544678176,0.6739365334323097,0.077478832929077,1.4223933141243048,1.5146745996359383,-1.5876347009797698,-1.197253714006412,-0.13520308554265242,-1.1151736147034494,-0.4188388070754004,0.1969800043615056,-0.436244230743323,-0.11052689339434807,-21.859245358326994
s73,-38.735019733825716,-1.2457451726859214,-0.25781140341089737,-0.6256722551080602,-0.42169815999274923,0.1280730669453339,0.6343782188892004,-0.653660928787466,0.6524582270988823,2.541265083164762,-0.06544656127666788,0.2923998515869482,-0.9088194600200015,2.502425062798879,-0.5072228264888473,-0.5609384697647599,-0.5795449505715446,-0.5931276049690055,0.3887523296941441,-0.5746541250308533,-0.402668050488517,-0.35370725586820484,0.07808605072117472,0.7528736763734731,0.26076259568985943,0.4285871630117593,0.7343821733541851,0.5038435828399074,-0.8341493436755242,-0.6674675169401737,-0.6956805398984846,-0.7097926759625635,-0.07797654055405018,0.0727450565068287,-0.3009437795968117,0.05624479886843905,-0.36713079876962385,-0.2765817065200099,-0.3847946872886945,-0.31590929973321225,-18.147059611508766
s74,59.39104321311932,0.008326290778193178,-1.5397951675564383,2.70933409077042,-1.0028208010994044,1.3402053087699668,1.5236972390775156,-0.7421672563370968,-0.3783949458776803,1.4604280443821331,-0.06544656127666788,-1.2421742124175847,1.159364152047178,-0.4324161530479095,1.6683008136031507,-0.5609384697647599,-0.5795449505715446,-0.5931276049690055,-0.4327027368627905,-0.5746541250308533,-0.402668050488517,-0.35370725586820484,-1.6914993226370139,-1.7945584361590388,-1.5615738908655215,-1.7068020984234664,-0.6671936342878313,-0.8776112578419112,0.8336072712689607,-0.18218119148094872,1.503101080112253,1.6003325952584888,-2.1268381930417255,-1.7976516303754837,-0.30144107590877,-2.3017964107534894,-0.7202564399986858,-0.7877842121795865,-0.6279830894481622,-0.6736020249095008,-22.696831098703285
s75,8.600201723876264,-0.2420058492500228,-0.686815565245719,0.49198337513726087,-0.41830121946469173,-0.5562954644580528,1.1113283615505924,-0.8562380855574802,-0.36344209071362776,-0.5582749381717423,-0.06544656127666788,-0.23773293264991174,0.5024637011052772,-0.4324161530479095,-0.050812745346649466,2.685320854304399,-0.5795449505715446,-0.5931276049690055,-0.4327027368627905,-0.5746541250308533,-0.402668050488517,-0.35370725586820484,-0.8485114055080877,-0.18115536750428535,-0.8296255023268317,-0.5750497352789771,-0.19215795230772162,-0.3761389857021705,1.566788278576729,1.5817642893598813,0.040833496113872866,-0.24186390938168154,-0.6732989414189579,-0.7435651793920134,-0.25421447917952505,-0.5685227187830217,-0.6155762211632454,-0.6533556323011047,-0.5701153631622486,-0.5805162244876905,-21.6254469254068
s76,-22.127020850082296,-1.2306314754522454,0.9499761788490539,-0.9789378504981574,0.39721487889645757,-0.434605281446188,-1.1641083068450586,1.206516236726227,0.02851913362274268,-0.5582749381717423,-0.06544656127666788,1.1744914846181254,-0.9088194600200015,-0.4324161530479095,-0.6386060081882722,-0.5609384697647599,-0.5795449505715446,2.538375214520929,1.3971303348655648,-0.5746541250308533,-0.402668050488517,-0.35370725586820484,0.963873867389927,0.4367173366509537,0.3303771037578754,0.25397950513831746,-1.3613858218658306,0.7735234272891988,-1.0436088635880936,-0.7729422339814863,-0.806768982164725,-0.8419129808662379,0.5854126467415535,0.753482448224923,-0.06349787954354168,0.766573217826637,0.2165791535333531,0.2940363868900775,0.013364828506825667,0.018345451602707036,-17.997133714238274
s77,-46.335443488609606,-0.1918534245005852,0.9332878316075488,-0.20620884064592226,1.1272777516743897,-0.7162959694986817,-0.9350733456028779,0.41700692673480294,-0.9580492268291757,-0.5582749381717423,-0.06544656127666788,0.603825977425706,-0.9088194600200015,-0.4324161530479095,0.5522851723070409,-0.5609384697647599,1.6375145580414001,-0.5931276049690055,-0.4327027368627905,-0.5746541250308533,2.104476716085586,-0.35370725586820484,0.9162106572342876,0.17811091890678604,0.12372085967977117,0.16638447474608437,1.557037914845396,0.6950729157812661,-0.7956925609113019,-0.5678501305240379,-0.7675441056895717,-0.7954876965773545,0.28039916217347727,0.8487085433894692,0.4002327147050508,0.9217956119158531,-0.5281265957568876,-0.5045303510549453,-0.482833550906772,-0.42654177028990564,-18.08839931225978
s78,-55.57114399763083,-0.5727511851273174,1.0866723779485161,-1.1611867625880266,0.6776288623593616,-0.7468642926602651,-1.2116996631831538,1.2458920548555237,0.0018965279676004256,1.2471538835419764,-0.06544656127666788,0.9320872190717278,-0.9088194600200015,-0.4324161530479095,-0.9748159194040925,-0.5609384697647599,-0.21565495517816527,0.7404401356502821,-0.4327027368627905,-0.5746541250308533,2.125131267394498,-0.35370725586820484,0.8334806110380631,1.0881316675777872,1.304318537603994,0.7291588043075732,0.7966185784739189,1.2179249866536506,-0.8273263358604833,-0.548615184900805,-0.7738581736252265,-0.8097562498915962,0.40685152903226046,1.0455257132910714,0.24761425955842442,1.047544094061197,0.7476223173253952,0.542232801531056,0.49744723978218885,0.2747571256951888,-17.10463489071706
s79,17.055029806464773,0.17710331245017935,-1.1668303393317663,-0.4176825684046707,-1.6641323808013317,1.8940187874401664,0.5657323001482981,-0.3898798676574474,2.3151000649919924,-0.5582749381717423,-0.06544656127666788,-1.2421742124175847,1.0563229756452543,2.923973770791713,-0.6783979037069119,-0.2117955135975748,-0.5795449505715446,1.7329579574861513,-0.4327027368627905,-0.2676929239674422,-0.402668050488517,-0.35370725586820484,-1.071961166181813,-0.10777635316339332,-0.48462180287561935,-0.4007800156068083,-0.21529644145174384,-0.8793625688136907,1.2764061182709643,0.3453138391281238,1.4356548700714933,1.528749556207554,-1.0361245446803267,-0.4503699829884899,-0.21356220053114103,-0.9333615865748053,0.18323176287369078,1.2521666555745083,0.11396573119389071,0.8164719994661268,-21.30172009097587
s80,24.404840358661748,-1.0338650909105016,-0.15273311855911598,0.04312525560699738,0.26984386356716766,-1.0178120595606117,-0.5394156604335483,-0.2322715340566487,-0.9020607100968555,2.2650253760000347,-0.06544656127666788,0.997496250469031,-0.9088194600200015,0.08336657977963259,0.23259238161154253,-0.31566554305731237,-0.5795449505715446,-0.5931276049690055,-0.4327027368627905,-0.5746541250308533,-0.402668050488517,-0.35370725586820484,-0.3923162746508105,0.45230058696179554,-0.42544740549146187,-0.13519685162915637,0.8441177711320872,0.1726636545330691,-1.2489225736081864,-1.007706927433966,-0.580432381869159,-0.6109948771497035,-0.4138379546313438,-0.28008833746913303,-0.2800364175710534,-0.2518966297276112,-0.6988674459250599,-0.904789335096997,-0.624643061083971,-0.7173465410542901,-20.755173043421454
s81,-65.19132840976256,-1.739833888075518,0.6552249265229312,-0.8860462567735066,0.5483587696705575,-0.37062334799280566,-0.6975817594411622,0.12548382123312987,0.016378974713513225,2.541265083164762,-0.06544656127666788,0.2923998515869482,-0.9088194600200015,-0.4324161530479095,-0.5072228264888473,-0.5609384697647599,-0.5795449505715446,-0.5931276049690055,3.1464943388495668,-0.5746541250308533,-0.402668050488517,-0.35370725586820484,0.9186993236855147,-0.041343582747377185,0.8162521705832051,0.2631720184049584,0.6697910016416221,0.8636792378088254,-0.8907113613941262,-0.5865489440375599,-0.8478528879183992,-0.8671356639371598,0.17332865143919468,0.5079208571460053,-0.12436078068319616,0.5593743918128403,0.3106082509396108,0.6594946791918027,0.1853119216430527,0.37414368404786147,-16.79587307458704
s82,-6.435346104815445,0.20239851441013293,0.8042477839184413,0.37502767816266547,1.5827722463694711,-0.9806401275809022,-1.2228076314064322,1.167685033799687,-1.6219474701801746,-0.16741656518995496,-0.06544656127666788,0.5961987779634802,-0.9088194600200015,-0.4324161530479095,1.3423874925796024,-0.43643444605539566,0.7390615084427532,-0.5931276049690055,-0.4327027368627905,-0.5746541250308533,-0.402668050488517,1.4972742335401468,1.051191381775409,-0.1909002270131844,-0.5467448322988601,-0.19471515457461572,1.0660076250546562,0.10253485546196144,-1.1463631051333305,-0.8198300548456554,-0.863391150739185,-0.9058863175273232,0.8094011778168454,0.46203632237532294,-0.28736407770752037,0.5315981354952976,-0.7233204612317384,-0.958330141687018,-0.6250740090317586,-0.7122987625527838,-19.619634183821024
s83,-51.135941838270455,0.3398489119229776,1.1115052931313303,-0.21460479855313902,1.0938164382417848,-0.1111095919258807,-1.3317408098772,2.3365315770466655,-0.7063532083032116,-0.5582749381717423,-0.06544656127666788,0.3060314222198999,-0.9088194600200015,-0.4324161530479095,0.7417538446159129,-0.5609384697647599,-0.5795449505715446,1.2903386094384428,-0.4327027368627905,-0.5746541250308533,3.4462046818822754,-0.35370725586820484,1.3127113755991489,0.23204447485372387,-0.33597539074050115,0.24497119914285193,0.876092502299382,0.29340895318214943,-0.6756579077827402,-0.6581218386374275,-1.0283445751374505,-1.0174316839882904,0.6251181142310183,1.0030156124988328,-0.21559897201154624,1.058308784306145,-0.5846695722037583,-0.6316144351558795,-0.538479646239135,-0.5363269322026333,-17.329435961187873
s84,55.14153937773744,-0.6947472633548476,0.4930431217818032,-1.2074161788575424,-0.1151929754310542,-0.437206266214932,-0.7816412673919638,0.23091613044691134,0.4813585128473289,-0.5582749381717423,-0.06544656127666788,1.21465343221251,-0.27190478363945136,-0.4324161530479095,-1.2526675929121696,-0.5609384697647599,-0.5795449505715446,2.661507599684893,-0.4327027368627905,0.07201788620596379,-0.402668050488517,-0.35370725586820484,0.7013076550124516,-0.20755989411584808,1.4210214910111942,0.2887391425644169,-0.21562835092470736,-0.864778459389133,1.051054558020131,2.35602394256536,0.31837135820669477,-0.11931973126640073,-0.13957341793555342,0.4250529209165698,-0.2760765729723355,0.3602443005286511,0.8438762806481308,0.44467358608786467,0.6194695919232629,0.25210814355441025,-20.91958911511147
s85,-27.01814848764751,-0.930749059709183,0.07847942764537283,-0.42240604927233394,0.03310603729139699,-0.5815606601734193,-0.11246099926453348,-0.4490254968024637,-0.23470354935410218,-0.5582749381717423,-0.06544656127666788,0.6350479679515968,-0.0915552066112815,-0.4324161530479095,-0.30392946140285065,-0.5609384697647599,2.616475899506856,-0.5931276049690055,-0.4327027368627905,-0.5746541250308533,-0.402668050488517,-0.35370725586820484,0.32523248209082745,0.8848159485674703,0.46527558792715684,0.3614283286637802,-0.3625725444153452,0.5212585042704241,0.23978346728723038,0.5835346413339512,-0.9265888885265579,-0.6558082593947473,1.0885426305789865,0.13969335991009624,-0.2990154005211121,0.5512717389853385,-0.28762142408756325,-0.0929788922599037,-0.2963820471017311,-0.15056757449755406,-19.318038939000672
s86,-11.343727206384296,-0.31695883820747794,-0.5563961041305049,-0.1326025917940676,-0.4889623721200106,-0.8255136658800308,1.0151558623688546,-0.867715087020098,-0.08501249964704524,-0.5582749381717423,-0.06544656127666788,-0.018071675606629256,0.43348084242491697,-0.4324161530479095,-0.8066403721820239,3.2644191027367158,-0.5795449505715446,-0.5931276049690055,-0.4327027368627905,-0.5746541250308533,-0.402668050488517,-0.35370725586820484,-0.4963770475367316,0.167784762945903,-0.08301447818735694,-0.02414475349402109,-0.6126604554915094,0.3990742342593386,1.440399794327039,1.800800401502701,-0.36074432816036345,-0.40870615694119666,-0.3685762001083264,-0.4702257194039193,1.3465271203090088,-0.0024949385619106187,-0.28552682228142295,-0.2062673060121495,-0.34253387761497484,-0.2943315932312342,-21.249921782052695
s87,1.2943184047244876,-0.750146075392188,0.3360651109298008,-0.20647871942538798,0.42326105693471516,-1.149247707018336,-0.6635586339778153,-0.14040678828003295,-0.9165140773777797,-0.5582749381717423,-0.06544656127666788,1.353188596018653,-0.9088194600200015,-0.30083892528578143,0.013077826701353039,0.6982752164565109,-0.5795449505715446,1.1861353606502754,-0.4327027368627905,-0.5746541250308533,-0.402668050488517,-0.35370725586820484,0.44685329649244815,0.23318371129839102,-0.0134856005206872,0.2789704152798194,0.8346291553744026,0.1881662814209927,-0.9920355290712192,-0.9836068723521894,-0.5884718940259906,-0.6195274946581618,0.8333399115737314,0.25965271939677326,-0.3015718037188951,0.3761383958849959,-0.602640328690159,-0.7197207739646532,-0.5481394095660307,-0.5782772711740943,-20.00999990609716
s88,-2.841056164817107,0.09221410330206435,0.7420619294334592,0.5218936019440658,1.6291796027644363,-0.3925127412765967,-1.149962109954221,1.1711014985347905,-1.4899417857631323,0.7050954332193027,-0.06544656127666788,0.09110993481951433,-0.9088194600200015,-0.4324161530479095,1.6649461782964077,-0.5609384697647599,-0.5795449505715446,-0.5931276049690055,1.002259481549027,-0.35119273254686756,-0.402668050488517,1.3556990394329205,0.9204903870481577,-0.2683094734158086,-0.7467579697876069,-0.34686173406199433,0.7616601954692631,0.23795593039391646,-0.845053262923975,-0.5954982728438017,-0.9549351065354877,-0.9824917986359525,0.2791482658178713,0.3931663504519318,0.23130496388312427,0.34881208255135376,-0.7421679185995491,-1.0136969603489643,-0.6369317291369077,-0.7435861217770291,-19.335949226630238
s89,11.231071358540918,0.6203557792007183,-0.9111689227740616,0.1243446942574668,-1.1875534871503488,1.5339698836140812,0.19219547155149797,-0.25482313778388044,1.1929299913870095,-0.5582749381717423,-0.06544656127666788,-1.2421742124175847,1.5363268740489193,-0.4324161530479095,-0.017915380411343343,-0.5609384697647599,-0.5795449505715446,2.223967300917522,-0.4327027368627905,-0.5746541250308533,0.7770660665808232,-0.35370725586820484,-0.43864325552705025,-0.3794025078949275,-0.8315108668141165,-0.6585010674889781,-0.44172543127324565,-0.6107125805140458,1.2844123492439725,0.33393784522203324,1.500042262775913,1.6203701390518608,0.033649256455478144,-0.48235344899725513,-0.27061342888392453,-0.3207968583119581,-0.38465555888630365,0.13027154393882767,-0.42178706991537046,-0.1610036044941349,-21.284778208731176
s90,12.226341702010503,-0.7407158722772302,0.012566151857296164,-0.22018020962057047,-0.17087689823863034,0.21497297656631825,-0.6266010799649864,0.19297080619243495,0.04135377917876227,-0.5582749381717423,-0.06544656127666788,0.33295234832346965,-0.039920519471232575,-0.4324161530479095,0.11425314130104147,-0.5609384697647599,-0.5795449505715446,2.141726131641451,0.5522577314654886,-0.5746541250308533,-0.402668050488517,-0.35370725586820484,0.38652440409839944,-0.11028144302769698,-0.05017436868141172,-0.22589306988671612,-0.4124644425440622,-0.46692777653106105,1.6281371695642783,1.8639725206646371,-0.23244540925582802,-0.40755776419502776,0.1372454739056216,0.15322572390230785,0.23849793675313746,0.20380973632631041,-0.562953220122282,-0.5688058628621508,-0.5367107256330473,-0.5291823015243828,-20.098443257027355
s91,18.999840589321327,0.36694763728197444,-1.4771896255644905,2.3211943545799683,-1.1945787753151578,1.6375061081364508,1.0154441189373402,-0.584545860627877,-0.004368420897613872,0.24379901471796714,-0.06544656127666788,-1.2421742124175847,1.3527039662094409,-0.4324161530479095,1.4350633874802499,-0.5609384697647599,-0.5795449505715446,0.6523564709644911,-0.4327027368627905,-0.5746541250308533,-0.402668050488517,-0.35370725586820484,-1.3834102758621942,-1.4301354583071213,-1.499870602651078,-1.5794867865966526,-0.638205819311492,-1.0425255003026985,0.7313991796596301,-0.22760255609075286,1.6228874304153675,1.727466069271853,-1.8746446045251164,-1.6968268646897273,-0.2990641292976266,-1.9007336737230478,-0.7277200814638141,-0.8623238021998977,-0.611963282420653,-0.5910168051736628,-21.852334026425286
s92,-34.42408914752173,0.021689497203490386,1.1176894149573733,-0.46817958418002026,1.2601895837176256,-1.149310326409867,-0.22990730838771692,-0.4929477964803972,-0.8405840519606702,-0.5582749381717423,-0.06544656127666788,0.3880450494819678,-0.9088194600200015,-0.4324161530479095,-0.1524005247249138,2.2360335014605193,-0.5795449505715446,-0.5931276049690055,-0.4327027368627905,-0.5746541250308533,2.9200318484872496,-0.35370725586820484,1.165988893690428,1.2556492699692214,0.3221798855821159,0.7337258454754223,1.4616912611005057,0.6858269052117971,-0.8001028613661071,-0.5746583069574943,-0.9520579589375157,-0.9968334267722708,1.3641514346172974,1.090129017664626,-0.2409564597451294,1.2190204667043854,-0.2480255112274649,-0.16933519300245037,-0.26241590566210804,-0.19007642632982913,-18.528739856121025
s93,34.065290699646205,-0.28568673550652846,-0.7491820553165824,-0.15026046892554418,-0.8217501194181385,-0.17362840791428072,0.8518979235292335,-0.753761906408503,0.3982062567880972,-0.5582749381717423,-0.06544656127666788,-0.381489153102267,0.8792611190788567,-0.4324161530479095,-0.6933033298275126,1.4920067317513208,0.9863957596235015,-0.5931276049690055,-0.4327027368627905,-0.5746541250308533,-0.402668050488517,-0.35370725586820484,-0.565444177771105,-0.0021940244313216244,-0.24332655004284415,0.030570556292729152,-0.16165579892070106,-0.66839729411288,0.7139396705638164,1.199731587261254,0.49093121206632817,-0.0591333307224244,-0.38272703747688236,-0.667978536756246,-0.30037961861669865,-0.22219427060161173,-0.12264659611822676,0.2676000799418585,-0.07474397579359456,0.25171553806999464,-22.44477787769646
s94,8.412699260879428,0.4511651597514213,-0.22751463415354187,0.5768887966733317,0.2221818136652843,-0.20386632997633747,-0.29732724891329276,-0.248663620699311,-0.7248365530622387,0.147550140371202,-0.06544656127666788,0.25888152334684933,-0.03567476328446023,-0.4324161530479095,0.80881808825079,-0.5609384697647599,-0.5795449505715446,-0.5931276049690055,-0.4327027368627905,1.2942279874435483,-0.402668050488517,-0.35370725586820484,-0.46189750118293965,-0.8474298188227825,-0.7597711516954319,-0.6879843469682977,-0.676960197703541,-0.501275356860084,0.9157783504234617,2.247392986509585,-0.05701110350875377,-0.25270716072347515,-0.10797568949339127,-0.48920940495678084,-0.30160949387111813,-0.24065423663947974,-0.6939836738067016,-0.8416242586808834,-0.6169805474960717,-0.6834272324056844,-20.69748145715988
s95,-29.650137524214333,-0.84931839946339,1.481064279571828,-1.3753977547549505,0.8515870364495981,-1.048183927106455,-0.8811375148768843,0.19487474001140026,0.026635025269449133,-0.5582749381717423,-0.06544656127666788,1.1993882048334437,-0.9088194600200015,-0.4324161530479095,-1.4019135760020827,-0.5609384697647599,3.092051832832225,-0.5931276049690055,-0.4327027368627905,-0.5746541250308533,1.6733305018101807,-0.35370725586820484,1.4186035949617115,1.8626321206692884,2.5147636714434065,1.6335291926732962,1.2711896622506256,0.6929816651578162,-1.0482014859705806,-0.7662676426155506,-0.6319671196696673,-0.6656905101026018,1.625013638815715,1.4709997609227516,-0.2992117799526579,1.3182458911606227,2.5000691582630967,1.0490080658638934,1.9129193198464898,0.6480197629926507,-18.391442687549077
s96,20.40702016879255,-1.0368841784726024,0.2498012562229413,0.11979115974856304,0.6919293516941414,-0.9404548041449082,-0.9538013219653931,0.3724739662004756,-1.1492577713736853,0.6311420456256804,-0.06544656127666788,0.9196249889156305,-0.9088194600200015,-0.4324161530479095,0.6413378523780005,-0.5609384697647599,0.754295729406975,-0.5931276049690055,0.37787592114739726,-0.5746541250308533,-0.402668050488517,-0.35370725586820484,0.05337049382474623,-0.3570682053763291,-0.5674160564904019,-0.10449345029032177,1.0634956738272952,0.17955147874726868,-1.3442006397900066,-0.9232732674165924,-0.685796065201222,-0.722821066552361,-0.16003668707635807,0.030078622558023314,1.9076704354238374,0.1766405749493682,-0.6909033999339492,-0.8720834884887755,-0.5964247592613329,-0.644171293372233,-20.619086918858848
s97,78.54719667681852,0.3270555208394159,-1.3209368170623395,1.4199041342139782,-1.4614711322188565,2.5176278492651867,0.12260425637184011,-0.04743830762305893,1.2160976778829224,-0.5582749381717423,-0.06544656127666788,-1.2421742124175847,0.49881068170633336,3.445649507309549,0.9848870541683377,-0.5609384697647599,-0.5795449505715446,1.084998307867706,-0.4327027368627905,-0.5746541250308533,-0.402668050488517,-0.35370725586820484,-1.5367290745104651,-1.1743800387438497,-1.0504541500737998,-1.372915885299968,-0.5140773659521403,-0.48829359411135626,0.635328205580688,0.8402341777133119,1.1732789853666663,1.267621238406707,-1.6020920634808258,-1.3273310683733355,-0.29839077458723734,-1.5803730263687814,-0.6718592391187148,-0.5959501809214206,-0.5977763749542817,-0.5555609611510204,-23.36181657728519
s98,-36.63108217742195,-0.14819562528264027,0.49272346712285087,0.07775970058662902,0.9606400381689737,-1.1506137747064025,-0.07803800055880751,-0.5750574544881715,-1.1510840020410582,-0.5582749381717423,-0.06544656127666788,0.44648457492720933,-0.7026189281223402,-0.4324161530479095,0.39436448533631496,2.0584811358487576,-0.5795449505715446,-0.5931276049690055,-0.4327027368627905,-0.5746541250308533,1.398581587632683,-0.35370725586820484,0.2778642277083542,0.17061085380390878,-0.37339338822377915,0.0005384558062877632,-0.41986111967286005,4.747710700228654,-0.6872051966520588,-1.493312542921691,-1.554281932529557,-0.9632172804610755,0.2829670451737246,0.33872863204562836,-0.2568376528731238,0.5742694264844123,-0.6296399761473302,-0.7430382576573844,-0.5649003143981643,-0.591530020358446,-19.13590175727989
s99,-35.582633641860134,-0.1364585533929613,1.9772801241024234,-1.2807602112666956,1.4023569083532645,-1.0015087695924068,-0.32084952938959027,-0.4037784979864581,0.0033405053470253816,-0.5582749381717423,-0.06544656127666788,0.2944482914130413,-0.9088194600200015,-0.4324161530479095,-1.3464609135146082,2.1050716031422785,0.16349129778605456,-0.5931276049690055,-0.4327027368627905,-0.5746541250308533,4.470821685986143,-0.35370725586820484,1.6787372612608438,2.9087592651059597,2.2422080718075996,2.801730234215082,2.162165778497991,0.23031780417836747,-1.0193679470546346,-0.49853220427815,-0.9132115194948639,-0.9255845158484569,0.17042962735741535,1.7886995075253338,-0.2711724511698358,1.3977585588358385,2.738539573892171,1.1507797922984866,2.40829680194686,0.881122926973609,-17.648482350223674
s100,-18.736623312563534,-0.8604359382488864,0.3282579183551412,0.01506149202420551,0.8577782958633626,-1.7863288297145297,-0.008915277601195032,-0.722291552608777,-1.4155518453647855,-0.5582749381717423,-0.06544656127666788,1.1640443173320973,-0.9088194600200015,-0.4324161530479095,0.06571513488680981,2.5960397947865452,-0.5795449505715446,-0.5931276049690055,-0.4327027368627905,-0.5746541250308533,-0.402668050488517,-0.35370725586820484,0.06898618819490306,0.4933701145509956,-0.21906117228715233,0.056771828863865906,1.2946095178116872,0.2898124731156318,-1.1910666165482169,-0.9709692841815369,-0.7406008168968193,-0.7809872804646312,0.013516986319307521,-0.00951633904336132,-0.20987036096574127,0.20738913594079092,-0.571140739990126,-0.6368244635349134,-0.5345305364659717,-0.546819686476349,-20.033959522711978
s101,-7.900544600690349,-0.6747951808790736,-0.9507107221783508,-1.2006762798059987,-1.5582411476838456,1.507432252631361,1.2009489792165413,-0.6505568165070252,2.693559615678547,-0.5582749381717423,-0.06544656127666788,-1.2421742124175847,0.966558445980803,3.5689257667116405,-1.3895529437564496,-0.5609384697647599,2.7705151678513267,-0.5931276049690055,-0.4327027368627905,-0.5746541250308533,-0.402668050488517,-0.35370725586820484,-1.0172645574356927,-0.1438089614129684,1.5679918347838058,0.0019506088766367202,-0.4745168172801493,-0.6457961085688706,0.6326990678397577,0.7725831927701335,1.1571712946386812,1.2331851257791595,0.23902926299141639,-0.1957486521641522,-0.18523847471958899,-0.5858851802670381,4.2069271233864365,5.019310895352321,6.632756178069805,6.773770279028317,-20.47737186068138
s102,-19.97585796821886,0.5063103332647613,2.1943364759834325,-1.1752957369699126,1.6031653385525764,-1.3096234501245048,-0.8917443845039202,0.12142319741337404,-0.28146626341759673,-0.5582749381717423,-0.06544656127666788,0.7404506731941112,-0.9088194600200015,-0.4324161530479095,-1.3050610095237245,1.7217110306147703,-0.5795449505715446,0.6869027446035224,-0.4327027368627905,-0.5746541250308533,-0.402668050488517,3.511993918657371,1.7995730350744026,1.3329963103965137,1.7639310278758378,2.197596901466875,-1.3980808713617028,0.9872337024998216,-1.1938948363144257,-0.724198193351692,-0.9991174601835205,-1.0229239350791384,1.6474858829654664,2.1245944939267947,2.614132098372742,1.6873067064665892,1.1719247355537201,0.16404628313512526,0.5381163793550751,-0.11810278850762193,-18.134042615943372
s103,4.53601581892198,0.5404143435195476,-0.28938915231264034,1.4699767985094205,0.6274460014687653,0.030053068680957692,-0.23106540781539922,-0.24999001118771058,-1.4014692962020965,-0.5582749381717423,-0.06544656127666788,0.10798174038640354,-0.1222026161141085,-0.4324161530479095,1.9452632319004173,-0.5609384697647599,-0.5795449505715446,-0.5931276049690055,-0.4327027368627905,1.102547770779507,-0.402668050488517,-0.35370725586820484,-0.4540331772565153,-0.9289095208833476,-1.1420392906451573,-1.1601810266874355,-0.014117218668355693,-0.1155080177522607,1.1860370509464995,1.9249762823617298,-0.4671463083535814,-0.5323165994256236,-1.137776408327643,-0.5424445679949739,-0.3016291703050339,-0.9764625554723191,-0.7448322436722165,-1.0015394379222655,-0.6398713507130053,-0.7502294388972732,-20.948857312660238
s104,-68.4162143957437,0.16402669745540913,1.706779993768527,-0.48059370984783206,1.7843492663124405,-0.8166421025946509,-0.7141649665027704,0.01709554660860505,-0.821164833035885,-0.5582749381717423,-0.06544656127666788,0.1339989443451011,-0.9088194600200015,-0.4324161530479095,0.22596909762718315,0.7077145994116929,0.4222728877312873,-0.5931276049690055,1.1788464269613435,-0.5746541250308533,-0.402668050488517,2.490391149244874,1.6850527346122761,0.5523194033088543,0.20531852405075632,0.7656136349104834,1.5243933624362869,0.7551171901185052,-0.4831475186323224,-0.6709854442346317,-1.1470392344527092,-1.1250112193999364,1.8350271153761553,1.733289014158791,-0.2539898321762002,1.691021684213171,-0.4403194172577141,-0.4786709860622433,-0.43656101905851696,-0.4335217818814102,-16.95125455205811
s105,20.29757033672648,-0.8377933809537279,-0.8762214270172232,-0.15146908890745292,-0.9617985355244156,0.7824521683638562,0.5079109447010942,-0.5197413212701114,0.93905008016333,1.5900112440174354,-0.06544656127666788,-1.2421742124175847,1.0248025615636476,-0.4324161530479095,-0.39715208559295084,0.30345950982095843,-0.5795449505715446,-0.38243778771858145,1.6413549893967574,-0.5746541250308533,-0.402668050488517,-0.35370725586820484,-0.7053231955590585,-0.4282543970918659,-0.10203614789540873,-0.2712606676465708,-0.8759066871090535,-1.1791845995566583,0.6103287640857785,1.1454522300325305,0.674225334094404,1.082703047332862,0.07958898938639998,-0.5188375682396704,-0.25096201556914655,-0.09078828386683203,-0.26359961201182797,0.22831545741415132,-0.2496179086579267,0.11227081490562439,-20.899130463640013
s106,20.493432410018446,0.20137555025115145,-1.4821429415970209,1.550906253952587,-1.3942548666247403,1.3779215287946187,1.0876336985717519,-0.634668562469009,0.6448223036537213,0.7060780910140066,-0.06544656127666788,-1.2421742124175847,0.8581622189016104,1.600225158587724,0.6694925787226634,0.22441819210637765,-0.24279945870504646,-0.5931276049690055,-0.4327027368627905,-0.5746541250308533,-0.402668050488517,-0.35370725586820484,-1.7668734739865217,-1.331007164292793,-1.300394289240529,-1.49238761124101,-0.7207597208322885,-0.7946656393734853,1.1104282081246573,0.3462901664096361,1.3150795130763435,1.410970704274047,-1.6076143061941948,-1.6469513622459862,-0.3010140762265025,-1.729646684991977,-0.560930169359023,-0.029086245522930817,-0.5192875745454056,-0.2142436236943861,-21.934214352044624
s107,5.792147318865088,1.2176663380354065,1.4258712633656936,0.24008161193411268,2.361417480702258,-0.715012085138278,-1.4696161732977477,3.267931321120015,-1.5974304896789275,0.9400154915917759,-0.06544656127666788,-0.056907415987687573,-0.9088194600200015,-0.4324161530479095,1.5373877317130198,-0.5609384697647599,-0.5795449505715446,-0.5931276049690055,-0.4327027368627905,-0.5746541250308533,-0.402668050488517,3.877107577065171,1.5494481590777984,0.29162547649271325,-0.39342571487608874,0.11704450359424803,0.8237865614886256,0.18528533141959605,-0.906775775069577,-0.5554780682046543,-1.0557303581737505,-1.0557019611531029,1.0061614078117285,1.045345742153903,-0.19955613486016965,1.052101851144712,-0.7240550916972056,-0.9691294995994493,-0.6297115222462654,-0.7274567113223267,-19.38858975045087
s108,17.045649830862533,0.06390197273334848,-1.387124117112795,0.9241099906840388,-1.3928393895850624,1.0391755556746969,1.4879028887507324,-0.7643831892886004,0.9021385316930178,0.4102671936196049,-0.06544656127666788,-1.2421742124175847,0.9167252909314108,1.72247127520732,0.09397204652379901,1.2901779582159763,-0.5795449505715446,-0.5931276049690055,-0.4327027368627905,-0.5746541250308533,-0.402668050488517,-0.35370725586820484,-1.5200361302274987,-1.1623019485873627,-0.9452977298330084,-1.1192126641556754,-0.6671254682573822,-0.5957100135068573,0.5150436276623122,0.18162239208742104,1.2384857533057667,1.3313653061870496,-0.6947578212802891,-1.4445508376277512,-0.3015140385025638,-1.216934989599999,-0.27567573983741855,0.8837669286867081,-0.14286008205854447,0.9459007513897635,-21.847619122564478
s109,-25.517455672695235,-1.11244671502771,0.7532273741384713,-1.2415884336356025,0.06986807839037314,-0.6021809366589814,-0.7074311123645325,0.07129369037628187,0.314254902275887,-0.5582749381717423,-0.06544656127666788,1.6619045452475594,-0.9088194600200015,0.3118590746974614,-1.1816181279208644,-0.5609384697647599,-0.5795449505715446,3.110614940029191,-0.4327027368627905,-0.5746541250308533,-0.402668050488517,-0.35370725586820484,1.0278106595812313,0.90785232119288,0.6982446167092385,1.4496478778059885,0.8631238026539104,0.1178383499417052,-1.259364228933993,-1.0464419194126866,-0.5849424582148032,-0.6157815800790132,0.12235872455338914,0.7657594222753142,0.7103690626465875,0.5734025333665963,0.6031453975772827,0.23202089702608233,0.23530500936124094,-0.046992565435783104,-17.652660170994906
s110,42.3340633037669,-1.3683258842858075,-0.11850542235249382,-1.5578775222652161,-0.9191647259526418,1.4394164332204855,-0.1264698432062149,-0.05143121154638185,2.3892878138028752,-0.5582749381717423,-0.06544656127666788,-1.2421742124175847,1.566145731781467,-0.4324161530479095,-1.4843728336997115,-0.5609384697647599,-0.5795449505715446,3.052191641665619,1.9314850156669237,-0.5746541250308533,-0.402668050488517,-0.35370725586820484,0.600955205235189,-0.16928542947000755,1.017724750147207,1.1450674014207853,0.13580712312849447,-0.39597700333766933,0.7803357434694452,0.5327257268747415,1.7453401563538138,1.8574294616915008,0.8926279692460733,0.6479500042900053,-0.2772251972638796,0.08004354901798777,2.611905933269517,1.758136784680776,1.9099175593946651,1.0522810518355976,-22.226437906812052
s111,15.147618607891955,2.153707020656748,-0.9947208417187525,1.2815946931398574,-0.7908058600849458,0.954122729295509,0.744109223709207,-0.581872059201759,0.10472601211860563,-0.5582749381717423,-0.06544656127666788,-0.8450695204164117,1.103994228798019,-0.4324161530479095,0.7965779997110674,-0.5609384697647599,-0.5795449505715446,-0.5931276049690055,-0.4327027368627905,1.9622899190520446,-0.402668050488517,-0.35370725586820484,-1.177876431162439,-1.0908799886585332,-0.9892753022350018,-1.217583393555367,-0.5194135544017688,-0.920724668101789,1.1859452964155541,0.47719224018025563,1.2373173477671222,0.17360515492156417,-0.7344236195409015,-1.2034713107277424,-0.10920682398176039,-1.1735726175173267,-0.6064123382613816,-0.37987188617432543,-0.5846323836208202,-0.5393229463355029,-21.983674987302074
s112,32.359289745924464,0.28817309040559824,-1.493706354295301,0.8952303997125758,-1.4328794669467515,0.4545264427276412,2.206000293083174,-0.9305200578975519,0.5778583770526496,0.4956579854321272,-0.06544656127666788,-1.2421742124175847,1.5308327804997248,-0.4324161530479095,-0.22138254105069874,1.8088482617081634,-0.5795449505715446,-0.5931276049690055,-0.4327027368627905,-0.5746541250308533,-0.402668050488517,-0.35370725586820484,-1.724449180925069,-0.6917148769041856,-0.9875345679994595,-1.0438635369574565,-0.6665705618729678,-0.8517794828415537,0.27840374992366906,-0.5429484378241317,1.391019100299729,1.4813760410951433,-1.3387509641454374,-1.721668326786669,-0.2894287690395532,-1.5427150424345817,-0.3660332950230748,0.3633831246762941,-0.3503038541131252,0.14105130975626043,-23.417271754160964
s113,-4.996345980100342,-0.6918372464691311,-0.09182689315400519,0.6054745605858727,0.510029341346342,-0.8880685092014442,0.13390053469753907,-0.6241222983121448,-1.2192515027337065,-0.5582749381717423,-0.06544656127666788,0.517305038295305,-0.3521367704866003,-0.4324161530479095,0.837136872978787,1.3886668450893103,-0.5795449505715446,-0.0208436398221271,-0.4327027368627905,-0.5746541250308533,-0.402668050488517,-0.35370725586820484,0.2103798582855419,-0.7167629372882454,-0.6792987020832318,-0.6247368863897063,-0.3283012823192714,0.5743955380536949,1.5436512902700041,1.5174534636810646,-0.8645940608943717,-0.5390385605463446,-0.0928099843322352,-0.339589045207506,-0.29922598768082886,-0.32379506254744217,-0.7211814753585405,-0.9429662262135409,-0.6312679622782369,-0.7274870367357813,-20.647507762275552
s114,53.249354881831295,0.15994977298533108,-1.4567301615474013,0.5076041752350567,-1.6017523366057445,1.2376680698341134,1.0861047596245803,-0.6499849342881908,1.1137261627128188,0.4593343060231314,-0.06544656127666788,-1.2421742124175847,1.7317181393469172,-0.4324161530479095,-0.14330816196332627,-0.5609384697647599,0.263653893379634,0.7412412376170138,-0.4327027368627905,-0.5746541250308533,-0.402668050488517,-0.35370725586820484,-1.4019809170297137,-1.0326543138155468,-0.8640479754371139,-1.0056824217600229,-0.5076243920149227,-1.0004478006659248,0.20103561546161047,-0.6548331867047179,1.4383636490120613,1.5316244787356816,-0.6899075952322078,-1.3988922577163425,-0.22418172275837728,-1.143769790646494,-0.31993813766801366,0.5687323586036682,-0.28443414263497035,0.3694103859461393,-23.352818526712568
s115,110.41071007881338,-0.22986983983426604,-1.3388311736452012,0.6450983291568605,-1.3469006401013184,1.1034510876590946,0.47244420912273327,-0.4599664832509469,0.7823930801368115,1.8292940378720441,-0.06544656127666788,-1.2421742124175847,1.2205340430182765,-0.4324161530479095,0.1064034187234902,-0.5609384697647599,-0.5795449505715446,7.039212676217949e-05,0.7266132507564315,-0.5746541250308533,-0.402668050488517,-0.35370725586820484,-1.4180216486561117,-0.4481473180659227,-0.9525325214697992,-0.885579188946132,-0.670806603893369,-0.5518066037445573,1.339635997831302,0.021065699287016647,1.2817053659045519,1.3653575233269155,-1.3477532826755192,-1.222535187609332,-0.051316360429597745,-0.9922041663623772,-0.5846405637187116,-0.37791356005273463,-0.4775963657260526,-0.20555553744799007,-24.676534052749634
s116,-15.593676609460179,0.6681366665558676,-1.3483282925587754,-0.056493519883726556,-1.5445264890055752,0.09357318174779074,2.3224383911171556,-0.9729663049267987,1.0622411111286651,-0.5582749381717423,-0.06544656127666788,-1.2421742124175847,1.5115400596904385,-0.4324161530479095,-1.272407380672019,3.474534897003074,-0.5795449505715446,-0.5931276049690055,0.3957733131689897,-0.5746541250308533,-0.402668050488517,-0.35370725586820484,-1.1696923981404546,-0.5316317173433324,0.8300552716145414,-0.05989113013063786,-0.37187066293401205,-1.333048980325803,0.8340967519218289,1.1782546644100302,0.9556244660044033,1.3358052207564888,-0.3383176198928905,-0.8723910047201688,0.3176065549280024,-0.4528934080563508,-0.13321934809207783,-0.05808054620767397,-0.302888698616713,-0.29297177621210263,-21.19630992652875
s117,-59.87964527641129,-0.519934567596773,1.1203892340067254,-1.3419106298081909,0.8130974859101029,-0.8378288534143421,-0.984539487440652,0.4792856469225744,0.14105786442415882,2.9555728554403187,-0.06544656127666788,0.5731615224449205,-0.9088194600200015,-0.4324161530479095,-1.301722892812803,-0.2689468903511319,-0.5795449505715446,-0.5931276049690055,-0.4327027368627905,-0.5746541250308533,3.0944009393955985,-0.35370725586820484,0.6986958325027001,0.7457693451729116,1.8378101240384561,1.2245734722745947,0.8474162302559314,0.8302011247527706,-1.1106096547235604,-0.8500108506069395,-0.976845032318618,-0.9951350721120518,0.5327667744483784,1.1526769709714841,0.014747764694150227,1.0422325335278633,1.6397862735983284,0.8090359542034544,1.2995160970823534,0.5297151661572502,-16.815182372221585
s118,-53.237542429319305,-1.7051263130151189,1.3614705221461088,-1.253751078083127,0.7470834679258083,-0.4634233024103916,-0.5557685947247927,-0.0735036164191273,0.2884930828530383,-0.28522848612418167,-0.06544656127666788,0.5659194915877562,-0.9088194600200015,-0.4324161530479095,-1.024410622647005,-0.5609384697647599,2.28088111757388,-0.5931276049690055,3.250112531135624,-0.5746541250308533,-0.402668050488517,-0.35370725586820484,1.313947272996434,0.527260399797797,1.1510027692030977,1.0042527063841078,1.5065399653312839,0.6416805716430506,-0.8503561395302806,-0.6835455334340191,-0.8501887571980519,-0.8972968226220618,0.3559763364730501,1.1245992406651315,0.2745307882770278,1.1080824107766494,1.4615848189177691,1.092567290144581,0.9454264454411511,0.5500203880630137,-17.25426000439147
s119,4.486216000997809,-1.1241328940926931,-0.19755056627108816,-1.0577304445451796,-0.7360327005315743,0.9319122022424522,0.42334906840746855,-0.46364487078207944,1.6611220642182094,-0.5582749381717423,-0.06544656127666788,-1.2421742124175847,1.1906916891950157,-0.4324161530479095,-1.1568771381641756,0.966561963466675,-0.5795449505715446,1.335821398042588,2.3269185543462707,-0.5746541250308533,-0.402668050488517,-0.35370725586820484,-0.03345893584299345,0.10131308570891832,0.5288951498927643,0.0312757703199996,-0.2970548552377625,-0.3382817577375895,1.1767475266486136,1.097993814299308,1.3957000457024045,1.5652847621403212,1.3577810422593768,0.3618579860389451,6.925565587411289,0.4708836034170745,1.2265729783512835,1.3935102985551941,1.16511048358376,1.138121944126743,-20.262240640542466
s120,-6.223566570179293,-0.7239374005275798,-0.28056869820625463,0.9541884428147437,0.540135815432919,-0.7704874364641777,0.26624729062139446,-0.6569456468505049,-1.3363941156812156,-0.0726950315574317,-0.06544656127666788,0.25179803424628794,-0.21999822373484107,-0.4324161530479095,1.157927806912857,1.2951809755888974,-0.5795449505715446,-0.5931276049690055,-0.4327027368627905,-0.5746541250308533,-0.402668050488517,-0.35370725586820484,-0.15785666365172615,-0.7205726892505929,-0.8711581856507301,-0.8608998069142456,-0.7137416392655688,0.21153764585952367,1.5019335225564079,1.521539486231873,-0.6839264216889172,-0.5191161652388162,-0.7527423434844792,-0.5109110405359005,-0.26546898645399447,-0.8300241441251636,-0.6665218475103942,-0.6987287899257014,-0.5891891251465367,-0.5783991647790134,-20.613762364468812
s121,12.367597093443235,-0.396935041680483,-0.6930328209406618,1.392627814468606,-0.2500146338407154,1.1825836687014277,0.1670453427329544,-0.2976144649814844,-0.3490795643696528,0.1731500136862311,-0.06544656127666788,-1.2421742124175847,0.4606274806659055,-0.4324161530479095,1.4659044834296553,0.26511024712560755,-0.5795449505715446,-0.5931276049690055,2.2937254781196628,-0.5001669942028582,-0.402668050488517,-0.35370725586820484,-0.43771023766681044,-1.0662170753123872,-1.1299931886588077,-1.0827041446276355,-0.689605710243651,-1.0627367774965246,1.162180841489092,2.0300069155956306,0.6293186344612377,1.0011868753524118,-0.21044124289364993,-0.8479305402879395,-0.29744446121616125,-0.7931444797746042,-0.7170013155702246,-0.8619915281360562,-0.621302930255493,-0.6717010549901148,-20.902048535966593
s122,-59.20442387846632,-1.547928895409867,1.1615103885913058,-1.1741612291310597,0.3817244244565508,0.26154944636528715,-0.49014101363341545,0.037392413387862054,0.7498891521961409,-0.5582749381717423,-0.06544656127666788,0.5050864323875764,-0.9088194600200015,0.648271477638369,-0.7437900657494048,-0.5609384697647599,-0.5795449505715446,2.223327052075275,2.7521959069022386,-0.5746541250308533,-0.402668050488517,-0.35370725586820484,1.4025332696163426,0.3475211026641795,0.8830828959783938,-0.027451148821634616,-1.3016880537321847,0.9213582192207461,-1.1581661940099177,-0.6986733222795284,-1.0522014047486759,-1.0596973372012826,0.12948843745044605,0.7720312093639607,-0.2661343474496852,0.6274287507951253,0.7073144338290818,0.7643902686206587,0.4966350209713243,0.4476993383501101,-16.791797918393293
s123,-47.72865825947298,-1.6776192253698088,1.3901869684992,-1.2411110878913556,0.8242412264486508,-0.6606940926606522,-0.25616296377306774,-0.3751884468157308,0.21633712681581252,-0.5582749381717423,-0.06544656127666788,0.46093183125531634,-0.9088194600200015,-0.4324161530479095,-1.1762482675632964,0.9443466399921384,1.1973041862951472,-0.5931276049690055,3.466561024142896,-0.5746541250308533,-0.402668050488517,-0.35370725586820484,1.265384249087487,1.8825857809895536,1.1408344142674876,2.2298227722678954,1.6240115113339715,1.0848437578467627,-1.1266937926125202,-0.6720759780774034,-0.8854634000451973,-0.915174501098514,0.4939362602314534,1.5733299354859314,0.11755335492328424,1.2431501853291655,2.194381973245549,1.4270484092383848,1.924012782385841,1.0771182418360148,-17.29435756680531
s124,-20.993138061135944,1.8411608995460327,0.04124188868057746,0.48616136522438264,0.4397059531223488,0.7311638078013524,0.09187640112565036,-0.33004462997990064,-0.15951231041991154,1.022166348310444,-0.06544656127666788,-1.2421742124175847,0.6954139063693566,-0.4324161530479095,0.9060384353069191,-0.5609384697647599,-0.5795449505715446,-0.5931276049690055,-0.4327027368627905,-0.008111612723342489,-0.402668050488517,2.640080538987668,-0.16492846120359736,-1.3690242454341632,-0.38690100501186747,-0.5732718819256316,-0.7995049218562683,-1.2782117331584182,1.728086003383276,1.9583132802194418,0.8250564332935066,1.3302960452939383,1.468988994298219,0.08995451983248672,-0.22380633578822676,0.3432381089526614,-0.6277629953080617,-0.6233275057837414,-0.5674879415145498,-0.5428418259163476,-19.270658408117193
s125,37.646814684009264,1.2157631329458387,1.0487076307637169,0.16780844289433192,1.598819536376638,-0.897804055282855,-1.3646007145595191,2.04328448846196,-1.3688998250129412,-0.5582749381717423,-0.06544656127666788,0.6871734618905536,-0.9088194600200015,-0.4324161530479095,1.0161187997856413,-0.5609384697647599,-0.5795449505715446,-0.5931276049690055,-0.4327027368627905,1.5291531310378912,-0.402668050488517,1.5944453872233728,0.7063906249742851,0.17168806575004203,-0.4934543492633993,0.034057246829192374,-1.169538596627751,0.4359744461398457,-0.9590013086873728,-0.6984690327859165,-0.852267104197572,-0.899502645519125,0.7589764636025531,0.7313444128028779,-0.2620486439283625,0.8806992872757392,-0.7005572087266521,-0.9107661424058963,-0.6048175045754854,-0.6704486587038214,-20.746670748696744
s126,-7.119263428547308,-0.8495742170941567,0.467586927790909,-0.6207190876619048,0.4112731239361961,-1.4883223144822824,-0.533376098912585,-0.35734663160624747,-0.744789459706119,-0.5582749381717423,-0.06544656127666788,1.486647773641758,-0.9088194600200015,-0.4324161530479095,-0.7388650597097529,1.7450463112454306,-0.5795449505715446,0.7694532644283242,-0.4327027368627905,-0.5746541250308533,-0.402668050488517,-0.35370725586820484,0.33634501517862064,0.8908680253182649,0.9013119880347293,1.2755643004584631,1.0275101342212005,0.4281337367895022,-1.3928421097360109,-0.9702960292091133,-0.6709674220336586,-0.7070829051005226,-0.043336838388564225,0.4839652373409492,-0.2918906640561773,0.7025044967691974,-0.17243679566524447,-0.21803002187462625,-0.17049524674569175,-0.17606303698636852,-19.81090987888966
s127,-41.85342546836832,0.6089155302588036,1.751205102974411,-0.6097626398421977,1.7937715479019798,-1.1438863980075709,-0.4945774278397149,-0.30396893380166834,-0.8073763696760787,-0.5582749381717423,-0.06544656127666788,0.14260112379163414,-0.9088194600200015,-0.4324161530479095,-0.20532273874748672,2.111907526406143,-0.5795449505715446,-0.5931276049690055,-0.4327027368627905,-0.5746541250308533,2.108048147377002,1.724032649621512,1.7527885212662795,1.1805814710428622,0.5382173911580954,0.9418373406488495,1.757740547087003,0.5587593853879501,-0.9981319480629268,-0.6017405769543632,-1.0830735751460414,-1.0952985270738864,0.734974389893742,1.7116631844162749,-0.14713032344539806,1.5795866092000035,-0.2480255112274649,-0.2938435966199565,-0.2763371135546274,-0.2858350061581625,-17.91042209268825
s128,17.558981944553757,0.3582841485063466,-1.2985833834607874,1.7642161686733957,-1.0990075592448008,1.2306463685823081,1.2551488889020448,-0.6936530402670926,0.07228264995169878,-0.5582749381717423,-0.06544656127666788,-1.0992165232971625,1.3094400397946169,-0.4324161530479095,1.04891213268381,0.2975167737113066,-0.5795449505715446,0.8416700505063825,-0.4327027368627905,-0.5746541250308533,-0.402668050488517,-0.35370725586820484,-1.5865606420154559,-1.41789441469659,-1.234927630654305,-1.427872715969057,-0.4930612441862534,-1.0160939752561324,0.41485062478497087,-0.07420899683738348,1.4411338283678403,0.6834145756087521,-1.522652599540367,-1.4628909056936341,-0.28214610372710597,-1.5628521621750533,-0.6826738857431349,-0.6504026268111154,-0.5919896396301939,-0.5263995392357111,-21.994864397306095
s129,-35.90411799932553,-1.3413645546871908,0.9320430679889837,-1.0125752252429687,0.5989340137645789,-1.067848806786876,-0.7390195718973032,-0.025456613274550642,-0.2993519483603237,-0.5582749381717423,-0.06544656127666788,1.29684265999146,-0.9088194600200015,-0.4324161530479095,-0.8814810647189718,-0.5609384697647599,2.8516185746627745,-0.5931276049690055,0.6365934336139694,-0.5746541250308533,-0.402668050488517,-0.35370725586820484,0.6554078565250924,0.4895590351783083,0.9550021683384773,0.9768960093159355,0.9627862161136249,0.3658270879885641,-0.7000524414588943,-0.9006990233024138,-0.6089139149522395,-0.6412233317016277,0.581645955686238,0.8963964438813266,1.2807724347668368,0.8884522949968814,0.9276632190702704,0.9360951340218497,0.7734829551019977,0.6666888333133768,-18.471060843694026
s130,-27.90234546127826,0.7219034862982332,-1.3800675430815132,0.7145034314887844,-1.3729839465979334,0.2148212417163271,2.827511024513402,-1.0141561065631919,0.5859807278776294,-0.5582749381717423,-0.06544656127666788,-1.2421742124175847,1.5293199518968426,-0.4324161530479095,-0.48677944251431116,2.984475873636733,-0.5795449505715446,-0.5931276049690055,-0.4327027368627905,-0.5746541250308533,-0.18284730081258857,-0.35370725586820484,-1.525464617207,-1.4585089008645382,-0.7407599954014774,-0.9093697604934048,-0.08590614594036432,-0.716295287604904,0.29994053828587164,-0.3208397732216054,1.4100802830533057,1.5016063459348328,-0.25478221778998833,-1.5538630384152163,-0.061186187510204076,-1.1708699131916915,-0.3300804200977457,0.22144431585338759,-0.3460141795881047,-0.004265624809741877,-21.833074199089218
s131,-8.53317506364909,-0.2696917563467609,0.3677730236021596,0.2285298255663641,1.0084524853087544,-0.7045853256758614,-1.1365200687549473,0.9701190122270792,-1.2048997916230404,1.6875321299194441,-0.06544656127666788,0.4733180570274827,-0.9088194600200015,-0.4324161530479095,0.952874514910602,-0.5609384697647599,-0.5795449505715446,-0.5931276049690055,-0.4327027368627905,-0.5746541250308533,1.6845299676844236,-0.35370725586820484,0.06746549508633709,0.31593532758335324,-0.461702278868722,-0.14834737113470015,0.8364857715060666,0.3655935081307742,-0.8772791222648952,-0.670256028154441,-0.7647038141384502,-0.8011355457025923,0.23528076420575694,0.19662747757412663,-0.27155531490886137,0.2755664250681315,-0.7186922892992954,-0.9454065747413827,-0.6310825502962862,-0.7293596054324019,-19.37195493711046
s132,-47.932846466110576,-1.558960861446786,0.5906191080727777,-1.0594398776528628,0.416504240132449,-0.8861568674564597,-0.7858267197442513,0.09577328485185793,-0.08029057495217472,2.029486292550612,-0.06544656127666788,0.8561073700083666,-0.9088194600200015,-0.4324161530479095,-0.9911956160622778,-0.15719702662492852,0.09560897386202695,-0.5931276049690055,1.618761767977808,-0.5746541250308533,-0.402668050488517,-0.35370725586820484,0.9745898191986685,1.3342727707845266,0.9306720828408277,1.3323271339181026,1.1315897070235335,0.8634263758696419,-0.34452276315168306,-0.7491533118647902,-0.7216360881250214,-0.7608593456341701,1.5496101403673557,0.7036378553692161,-0.0817103865789694,0.7468871325537306,0.5467829931013425,0.4643112488964955,0.2747145174904422,0.15439014670368048,-17.5689882513714
s133,-12.449213915565242,-0.950501491193686,0.015031826083259401,-0.29956480414971925,0.03543683459502728,-0.5875201469467228,0.8557811718030595,-0.8051826782961171,-0.13341663615542404,0.23670101513487235,-0.06544656127666788,0.6765794321190567,-0.9088194600200015,1.8498083284898867,-0.2616188992302309,1.121243107211097,-0.03509007124402947,-0.5931276049690055,-0.4327027368627905,-0.5746541250308533,-0.402668050488517,-0.35370725586820484,0.18752930213641175,0.13428477014292434,0.23811450737761444,0.30153621706710154,1.2647234915344476,0.45206899890718466,-0.9485370590863715,-0.7541596986128837,-0.6003097762178529,-0.6320914561129023,0.07755966252058226,0.11996569390487075,-0.29995544925752665,0.1919148560371543,-0.5102476731973329,-0.5371739558411539,-0.5021738159476703,-0.5031386140073192,-19.52720456066259
s134,-38.85941143892073,-1.1900305841409025,0.21483272863855135,-0.6171182211397822,-0.1318754083301769,0.3262909851308976,1.1955895699009351,-0.77686695224072,0.6903142923215462,-0.5582749381717423,-0.06544656127666788,0.46367629329951654,-0.9088194600200015,3.294752010797586,-0.27319328241972957,-0.5609384697647599,1.7079658653838345,-0.28296814637078066,-0.4327027368627905,-0.5746541250308533,-0.402668050488517,-0.35370725586820484,0.03316464866167985,0.6196160615102161,-0.027138898538298803,0.7195282444514832,-1.257066226843377,0.37854177106045084,-1.0528140142555842,-0.6337267448602639,-0.7382752904107458,-0.7558817503674669,0.2099865899196649,0.5297649316279676,-0.2949215962487125,0.5379811843382639,-0.3051148018091746,-0.1469790909328824,-0.42432097398352636,-0.38278192024189983,-17.92604080418195
s135,37.19976440292935,-0.5907409049862824,-0.6089856895484798,-0.48971634419493654,-0.9994461657144468,1.1359785682885535,0.3397671010346989,-0.39536497660779946,1.3935602123072273,-0.5582749381717423,-0.06544656127666788,-1.2421742124175847,1.2596918393962442,-0.4324161530479095,-0.6219199356021936,0.48076121895412927,-0.5795449505715446,1.4996703481053486,1.7593544126145668,-0.5746541250308533,-0.402668050488517,-0.35370725586820484,-0.7180414763563225,-0.06138729698474599,0.20397979963696417,-0.4013552011905844,-0.38778986533096405,-0.494219745286298,1.0247909776513107,1.0696038044969165,1.2777643141008577,1.471732732687218,1.349561644591058,-0.13667472689848506,-0.2050320745547941,-0.06685515169438078,0.15029648840549134,0.8459595034851296,0.07668063563679417,0.5226534016997401,-21.636901841512092
s136,45.54374947031313,1.1520016003584181,-0.7232240476285844,1.7403995949023778,-0.1993305485563091,1.2331324145365237,0.36554258347196944,-0.3930871057784329,-0.55644217567545,-0.5582749381717423,-0.06544656127666788,-1.2421742124175847,0.7143581543889841,-0.4324161530479095,1.747090369828718,0.3474797772998606,-0.5795449505715446,-0.0026758948968293624,-0.4327027368627905,-0.5746541250308533,1.6424015342390357,-0.35370725586820484,-0.5402724655140697,-1.5103112910398981,-0.9730232324834378,-1.3654580863452015,-0.33936986743882236,-1.0598710578427484,1.5359405358820928,1.453663633536084,1.184637036401759,1.3671118285309296,-0.4716713965080133,-0.898398553092675,-0.012985064894366705,-1.1595121499255592,-0.7392267805323192,-0.9642244684077033,-0.6378984796849994,-0.7404397283761093,-22.66590946104735
s137,-46.031856294872554,-0.9926682536269504,0.38774465207944714,-0.1344950579737672,0.724970134357861,-1.2709703971382675,0.13522143640767764,-0.6885605439801773,-0.9733260316363569,-0.5582749381717423,-0.06544656127666788,0.6548946479482087,-0.7075051966507209,-0.4324161530479095,-0.031624855911430105,2.46138195411848,-0.5795449505715446,-0.5931276049690055,0.7485908050240946,-0.5746541250308533,-0.402668050488517,-0.35370725586820484,0.2751354617562753,0.23438780477462529,0.06174784658852687,0.26705706056617284,-0.35442498369781567,3.1440276463905072,0.3368841625474524,-0.5677055251512083,-1.4597308497872241,-0.807357114800635,0.35333908034469846,0.21835815300387904,0.2662132003311233,0.520393415498278,-0.3681139792092407,-0.21341086667578985,-0.3490594438145933,-0.21334788846817263,-18.7194829919456
s138,9.72643676356164,2.3894516845493685,-0.5520230165106214,0.04572655706162098,-0.6907052277537586,0.991899849105964,0.23855991077655705,-0.36724131809152727,0.8911401855280142,0.1608258471776524,-0.06544656127666788,-1.2421742124175847,1.12553444663317,-0.4324161530479095,-0.14659062649301993,-0.5609384697647599,-0.5795449505715446,-0.5931276049690055,-0.4327027368627905,1.6561070171799708,1.7964869495021292,-0.35370725586820484,-0.28181732718396324,-0.609179014819842,0.08203137346156962,-0.30662371310281955,-0.7824702249941112,-0.6137225491137702,1.0180780670086378,1.6147710117397474,1.0401527225017613,1.3008924678574516,0.365309810594358,-0.1478466476500995,-0.2938116490959208,0.16386583948976727,-0.453178750844893,-0.2511672081800495,-0.4568269944125592,-0.33781164677270115,-20.985699707924425
s139,-7.68857437046235,-0.2670282043036576,0.39766433588496564,0.5399581397851682,1.100196288676896,-0.5631257323113318,-0.9526022380891394,0.5122594417992969,-1.3875612621224547,-0.03976248377839475,-0.06544656127666788,0.6109810169212228,-0.9088194600200015,-0.4324161530479095,1.3729178330499863,-0.5609384697647599,-0.5795449505715446,-0.5931276049690055,0.966023061892163,0.8048625858088369,-0.402668050488517,-0.35370725586820484,0.7194673119407133,-0.10321707537919933,-0.6769673316860284,-0.4076793280324059,-1.3841661522565436,0.16529482802868414,-0.868666401776075,-0.6459410480288502,-0.7943060293445854,-0.8360460864189347,-0.03443114453081938,0.03736858667005607,-0.1639791327350306,0.10675522889068273,-0.730641836984729,-0.9719435000015783,-0.6297685296495926,-0.7217145033053035,-19.46420871832499
s140,-0.7284510708838844,-0.37943776765434595,0.3851396901151496,-0.9654917162220598,-0.20895581644738198,0.039517665200807274,0.4258221240081977,-0.5943175675975451,0.803223817538542,-0.5582749381717423,-0.06544656127666788,0.9816120627889843,-0.9088194600200015,2.256376038133262,-0.8684704818058502,-0.5609384697647599,-0.5795449505715446,1.532498551290829,-0.4327027368627905,0.535073445129385,-0.402668050488517,-0.35370725586820484,0.5550956608066104,0.6080840966598148,0.5094539829027709,0.5472739310496674,1.1526191117791973,0.37445153915449725,-1.0503719132739768,-0.8135151379405934,-0.6729608452320233,-0.7091985953752963,0.055765695573752425,0.47969752095935286,-0.26170152795862045,0.18403534419461914,0.10676217312571139,0.10246748266752455,0.043344603655797516,0.029132675049784416,-18.90485827097119
s141,18.425960508591984,-0.442912632715186,-1.024939547077122,-0.6038879057092396,-1.5914309815614043,2.1814056376545414,0.421425767198911,-0.2809876623801077,2.576908854989278,-0.5582749381717423,-0.06544656127666788,-1.2421742124175847,0.7779465557782022,4.024027684833651,-0.632241217614201,-0.5609384697647599,-0.2506684255252945,1.8173762835730747,-0.4327027368627905,-0.5746541250308533,-0.402668050488517,-0.35370725586820484,-0.792919681541279,0.2554365589997511,-0.5695800123105405,-0.3866973751457191,-0.12079786203811795,-0.9317481115976685,1.0544596238564856,0.9804996821711883,1.3246963800713962,1.4109854013660927,-0.9507842689270521,-0.3087172812545329,-0.2636561835796203,-0.7895671304923458,0.5759031062295652,2.1478895945030234,0.5532450958648742,1.6756200391905347,-20.483878043298652
s142,-48.92656238188584,0.9009937579627066,1.5487485157638878,-1.270459758132999,0.8308844977829635,-0.8212545877646724,-1.0538176391276037,0.6598838727822627,0.23667959383234707,-0.5582749381717423,-0.06544656127666788,0.9869965331890002,-0.9088194600200015,-0.4324161530479095,-1.4350438795520426,-0.5609384697647599,0.2546706611438346,-0.5931276049690055,-0.4327027368627905,2.3005491249297645,2.532249438969981,-0.35370725586820484,1.6363365434764536,1.6749793498874723,1.721508799483677,1.8947723581197848,1.4560068837957971,0.2543942150083697,-1.1433782975000857,-0.6319640028506986,-0.8453754219046212,-0.866207358570291,1.3607544845460717,1.7536616027126397,0.07029860969614979,1.3790835224851064,1.5537579851318517,0.3514018124500773,0.9634494378020022,0.07859358754595246,-17.12146112463541
s143,2.0668431897157706,-0.06603998737090346,-1.6521994168996146,0.8722506603115736,-1.6219894924940697,0.9279757919511575,1.4001620764886231,-0.7574869190282805,0.7968836133304991,2.2315475066620296,-0.06544656127666788,-1.2421742124175847,1.5308327804997248,-0.4324161530479095,-0.03580260332469308,-0.5609384697647599,-0.051163618406140775,-0.5931276049690055,-0.4327027368627905,-0.5746541250308533,-0.402668050488517,-0.35370725586820484,-1.930259501403832,-1.5360206691400276,-0.9336294738081881,-1.2714962463187742,-0.6966020874778761,-0.9380792579537223,0.6303099718587495,-0.608414959379479,1.4036289061493687,1.4947592723250962,-1.2493768545318398,-1.745056569287636,-0.2974975037751333,-1.6895505481112798,-0.5155701264190146,-0.02829746084267872,-0.46545518134679514,-0.11981053344365246,-21.463983414352406
s144,6.112847783021479,0.1899753389071334,-1.538707847598778,-0.195580839132866,-1.6921246749907775,0.28222242557141297,2.0498853065990046,-0.9248689467176361,1.224743280010972,0.9681389281205681,-0.06544656127666788,-1.2421742124175847,1.7317181393469172,-0.4324161530479095,-1.2432984976916992,2.1403052164406096,-0.5795449505715446,-0.5931276049690055,-0.4327027368627905,-0.5746541250308533,-0.402668050488517,-0.35370725586820484,-1.509335905551119,-0.42777193376675154,0.031999240497127705,-0.0366575663266847,-0.49299586664412537,-0.549793877739596,-0.14438066143697575,-0.7677186238759304,1.3087203919181976,1.394029522256554,-0.4707145966681257,-1.5422124003666953,0.8381952065127026,-1.1684146343341866,1.0086378650838372,2.1403929095653345,1.6948046339598222,2.82821883043306,-22.967430545397225
s145,35.543670578668596,0.5038825994541309,-0.43910044414174215,1.0488320476284052,-0.017856762987315578,0.39194920248497656,0.11111354271995444,-0.3983338122737179,-0.6147273966641975,-0.5582749381717423,-0.06544656127666788,-0.04487363351957569,-0.007570010720787388,0.3821725132985317,1.258361007626384,-0.37605937928175925,-0.5795449505715446,-0.11245837365396764,-0.4327027368627905,0.797930341030748,-0.402668050488517,-0.35370725586820484,-0.0645955338803225,-1.4067915867565177,-0.9087846911289714,-1.041043376032657,-0.35628160560037136,-0.5092536750847281,1.2775366157087928,2.31731239448533,0.11451271995814542,-0.21823909200941613,-0.8198152400585359,-0.6773947574072792,-0.21658100147268028,-0.6035689456601112,-0.7304523852984165,-0.9486153185033077,-0.6353948436501979,-0.7347777930730732,-21.695919741093206
s146,34.67849334528655,1.3590071192147533,-1.459476391168806,0.6492680223697915,-1.5198545480726446,1.1456033763118008,1.032813113334155,-0.6459191576368629,1.0798852931946632,1.2835245092046275,-0.06544656127666788,-1.2421742124175847,1.429180603811403,0.2498361390520138,-0.12665944783638347,-0.5609384697647599,-0.5795449505715446,-0.5931276049690055,-0.4327027368627905,0.8230141214777802,-0.402668050488517,-0.35370725586820484,-1.5550739148659722,-1.2113628174307927,-0.6039979804710012,-1.0506350915158893,-0.6356298478979615,-0.7983437045563052,0.3042736863279406,-0.25188585845925376,1.4928264486327427,1.5894277668628343,-1.4687570378168262,-1.4707171378046102,-0.2950961035296992,-1.241813269882063,-0.35508160870112765,0.45118567627860295,-0.3537893222940331,0.1589009132770139,-22.683691723147827
s147,26.492088079260316,-0.5802699095556658,-0.7190924303649401,1.1467095189391672,-0.3649780211450044,1.1613248399321814,0.08012138284341255,-0.24936218496154444,-0.143799877943906,0.7314922222539212,-0.06544656127666788,-1.2421742124175847,0.49048889547088365,-0.4324161530479095,1.210100898192611,-0.006301198315757891,-0.5795449505715446,-0.5931276049690055,2.3506913149309865,-0.5746541250308533,-0.402668050488517,-0.35370725586820484,-0.3628823433647314,-0.9344722565768306,-1.0617736754023424,-0.9741241683973775,-0.8314634665303685,-1.102863678042603,1.1530477636848246,1.8771685136837604,0.750849350441552,1.1880487559347512,-0.7278161586900492,-0.7951771404882174,-0.3016536491776136,-0.5571528272755129,-0.7099976675712281,-0.8424407560361363,-0.6215789344089261,-0.6781473478261857,-21.214061142533083
s148,11.396028232519797,2.131114044038167,-0.4081313731066545,-0.4194772398530387,-0.6655712020241602,0.17171685588377278,0.21367339987471795,-0.4857826904739885,0.7727666251352064,-0.5582749381717423,-0.06544656127666788,-0.11305725684798427,0.7781419642601065,-0.4324161530479095,-0.8278711929564703,-0.5609384697647599,-0.5795449505715446,-0.5931276049690055,-0.4327027368627905,3.1781212012229654,-0.402668050488517,-0.35370725586820484,0.11449564484470226,-0.03862709957626923,0.6665793715159866,0.33090872788856773,-0.32716186998193075,-1.1962707279404547,0.6507338350793724,1.080814748968751,0.8314985875768462,0.011140947508044572,-0.2954230245461073,-0.33736234007929516,-0.2084978866857264,0.023822894921229687,-0.2572330740746706,-0.20797285100576896,-0.34930113145161623,-0.33117757391510144,-21.398262355300055
s149,-40.60129030568632,0.08747612952985856,0.6065884123586618,0.016928298191277256,1.2241399997791576,-1.0291799310157403,-1.3600798097666,1.915033836448598,-1.2187029480448626,1.9955923745119097,-0.06544656127666788,0.6307374692595895,-0.9088194600200015,-0.4324161530479095,0.6504276887890066,-0.5609384697647599,-0.5795449505715446,-0.5931276049690055,-0.4327027368627905,-0.5746541250308533,-0.402668050488517,1.5468266875328367,0.28358187954329356,0.6410680903844267,-0.3321070174029843,0.20272723497210826,0.9749986895947229,0.4430493986529289,-0.9847492886251995,-0.6930032339168636,-0.7532793511600201,-0.7791357817184406,0.4569176976404957,0.4572354295273493,-0.25409577013781437,0.6267873669955736,-0.7117683155366602,-0.9457279628325057,-0.6269905588854547,-0.7240737094875228,-18.182041013973326
s150,13.891020228356355,1.5237373245577255,-1.3178920704366317,0.7198679369258478,-1.4701011809502529,1.4233971572125677,1.0624295249399647,-0.622562169234441,1.0663680106660025,-0.5582749381717423,-0.06544656127666788,-1.2421742124175847,1.7525097739876019,-0.4324161530479095,0.06822844106136056,-0.5609384697647599,-0.3988594840105778,0.951931054867438,-0.4327027368627905,0.6919552361852779,-0.402668050488517,-0.35370725586820484,-1.225729655845471,-0.834208915364448,-0.9130927383543338,-1.1230417129818775,-0.3173153658157736,-0.9505121372310877,0.479082084265552,-0.516493697777643,1.582730119663802,1.6848457005072826,-1.0818547566531571,-1.2255020059607897,-0.2988961023488602,-1.0891999857624446,-0.37703543134650497,0.4131226796490799,-0.38584430216947974,0.0820619143104798,-22.366150531541145
s151,-0.515094102836985,0.06372977293461349,0.6125290540771006,0.6995706994806303,1.5609977764759895,-0.9173674732014614,-1.1275025969912595,0.8380671908565668,-1.8333741678185569,-0.5582749381717423,-0.06544656127666788,0.6639283091880459,-0.9088194600200015,-0.4324161530479095,1.726230068558013,0.08451660051799677,-0.5795449505715446,0.24593535144935008,-0.4327027368627905,-0.42332763819082087,-0.402668050488517,0.9257431069859889,0.4298577546403942,-1.0044395756186268,-0.5449533689243116,-0.5759982074227916,-1.175494135790987,0.08379661684601564,-0.9538369225854197,-0.7219328565016458,-0.8237056425782736,-0.8691893599955878,-0.11502845929645823,0.20911016076821573,-0.24929933452299877,0.03668792991045703,-0.7456438090426393,-1.0238360147168115,-0.6372967957774459,-0.7440679590579038,-20.07280490017163
s152,24.50122758562845,0.8598912915420418,0.668615832134024,-0.034922452818371974,0.9268445201103219,-0.9032918025258103,-1.1321016705246263,0.8600182748622532,-1.0065419208605102,-0.5582749381717423,-0.06544656127666788,1.0196755540038431,-0.9088194600200015,-0.4324161530479095,0.4390511313405819,-0.5609384697647599,-0.5795449505715446,-0.5931276049690055,-0.4327027368627905,2.075302787375246,0.5947981469656959,-0.35370725586820484,0.6144372153354276,0.0052666645921965165,-0.4351051988271077,0.11212479377606892,-1.4861303698585955,0.44554887658765163,-1.0361571126497449,-0.7912848964593603,-0.7022936465598767,-0.740330530908162,0.6670920423575926,0.46397718693070517,0.03600522766134749,0.6837611654577742,-0.6612983863029938,-0.8303750522672617,-0.6102851094144315,-0.691623735851737,-20.43501428229088
s153,40.00998446880019,0.01831128238728635,-1.2577681713411315,-0.29669253959964426,-1.6122098431651763,1.2848524120603686,1.1989555784350978,-0.6740785366816933,1.64169019881264,-0.5582749381717423,-0.06544656127666788,-1.2421742124175847,1.96724837551092,-0.4324161530479095,-0.7157790938988857,-0.5609384697647599,0.9158154992481238,1.3996469165245893,-0.4327027368627905,-0.5746541250308533,-0.402668050488517,-0.35370725586820484,-1.4671138874820926,-0.41470224922557763,0.04023710661017637,-0.7350207988206465,-0.24383222299252144,-0.9448551538248858,0.3584341036534759,-0.48057498115408676,1.4815835499134726,1.5774952823306294,-0.48628878401922854,-0.9421060642820546,-0.2968907803871842,-0.6796486157389504,0.419905143143687,1.8677911759844783,0.5734380979381383,1.8006958819161503,-22.942088330054116
s154,-1.308728237607583,-1.00938025518476,0.4138710375836049,0.26968732263223744,0.7321693666902729,-0.10516133740345494,-0.9960498456678049,0.7970074729966611,-0.946213730067645,0.05282902593470294,-0.06544656127666788,0.39162794895867004,-0.9088194600200015,-0.4324161530479095,1.122083650987206,-0.5609384697647599,-0.5795449505715446,0.6215159128937571,2.138954553133817,-0.5746541250308533,-0.402668050488517,-0.35370725586820484,0.28040144844406417,-0.4207654840436135,-0.5251956170723733,-0.22732915990674288,-1.3373956412742705,0.2925834648700275,-1.108745358549919,-0.7037553877694527,-0.8566001348221699,-0.8908396925577003,0.7060284399315667,0.1679754504642459,-0.30165658502311177,0.3784527945467208,-0.6947857814408487,-0.8596176118783156,-0.6170486551667788,-0.6884501478856858,-19.415554869328393
s155,43.94395841741143,0.2928271292405138,0.7290927638799622,-1.1859494113448001,0.12475520915296441,-1.0562650223908228,-1.3370995923153082,1.7361297443074548,0.06349642494391063,-0.5582749381717423,-0.06544656127666788,1.8461103609155798,-0.9088194600200015,-0.4324161530479095,-1.4801900106259651,-0.5609384697647599,-0.5795449505715446,1.2954949380493144,-0.4327027368627905,1.6794250778999442,-0.402668050488517,-0.35370725586820484,0.8766335067935755,2.163715161143771,1.3272496829523681,2.26479065788207,1.6370301951199542,-0.003422127998360927,-1.259795001973556,-1.1752949465459994,-0.6852635972208732,-0.7222559395243537,-0.12487926708679492,0.7433374121462939,0.2428998758289498,0.6018434608507979,0.7630798065899601,-0.031447502334186556,0.386826679072079,-0.16169872118513462,-20.306258860408054
s156,-53.855105262966724,0.31030395053260507,1.1113182615985786,-0.25712095580453515,1.5981148743648688,-1.1905391985073968,-1.1018584022710098,0.6320942580097747,-1.1504249251436414,1.1528161613263046,-0.06544656127666788,0.527778129073358,-0.9088194600200015,-0.4324161530479095,0.3446362690136184,0.3734345843588499,-0.5795449505715446,-0.5931276049690055,-0.4327027368627905,-0.5746541250308533,-0.402668050488517,2.2922309094901285,0.8453037198813887,0.8414950953848293,0.0024597609640965557,0.5246462074003391,1.0269068429422246,0.519239115947129,-0.9694118721496544,-0.5761928620642865,-0.8409932401340896,-0.8512660015796715,2.20009793035678,1.077375132459931,-0.05715257487911961,1.212783835386716,-0.5450864583402788,-0.6043732368595791,-0.5216451327321219,-0.5348159875289233,-17.552254788616015
s157,-20.322377102408385,-0.45668230394205195,0.43538806489191717,0.37453240824339146,1.1488117940695526,-1.3005933237049798,-0.4136742803769905,-0.4053036227168922,-1.569777264428735,-0.5582749381717423,-0.06544656127666788,0.7757659571393967,-0.9088194600200015,-0.4324161530479095,0.9195553413974479,1.2535806308770714,-0.09126398736512233,-0.5931276049690055,-0.4327027368627905,-0.5746541250308533,0.6227882698534417,-0.35370725586820484,0.7149294787775555,-0.6788985313485526,-0.47108205615519577,-0.3247792855971437,1.5697040609447328,0.177348933877613,-1.0176207816951495,-0.7882998076457514,-0.7524743129421504,-0.7935890401568424,-0.09019609770297808,0.14714198142279053,-0.20254894950462982,0.15333338441616085,-0.6829775149965459,-0.8370092043135182,-0.5947107580846753,-0.6340011827273215,-19.814946895685345
s158,15.431778343101762,-0.49475145804523907,-0.518798455473387,0.926528925740862,-0.09578397971190522,0.12747957549680866,0.2077286428508882,-0.4901267810687175,-0.6882251779199231,-0.5582749381717423,-0.06544656127666788,-0.11102751399000092,0.3068611169254695,-0.4324161530479095,1.0818947488887498,-0.5609384697647599,1.6300497112110537,-0.5931276049690055,-0.4327027368627905,-0.5746541250308533,-0.402668050488517,-0.35370725586820484,-0.16515006377852726,-1.730790859034684,-1.042071349567422,-0.9948281048857094,-0.1380679651088549,-0.508306315381009,1.052998400905188,1.9125734569986088,0.13760267723206057,-0.22648085528253276,-0.3927420112000745,-0.6623347327795511,-0.3014318714511286,-0.7815722538043381,-0.6801099053809967,-0.7381051189276451,-0.584261322013391,-0.5520079543312113,-21.206667016561124
s159,22.30343659362558,0.753853180121867,-0.9002381308804552,0.6465016646434195,-0.9085460634534797,1.0678404369193537,0.8786033472753223,-0.6104539785578305,0.5244356298469328,-0.5582749381717423,-0.06544656127666788,-1.2421742124175847,1.2561810277943832,-0.4324161530479095,0.38281636170633093,-0.5609384697647599,1.9290544934247538,-0.5931276049690055,-0.4327027368627905,-0.5746541250308533,0.9448264226778395,-0.35370725586820484,-0.8632159032559925,-0.7524461528875925,-0.5146791481414471,-0.9408960434919736,-0.1107372076377536,-0.6977583463509976,1.2170369880991305,0.6153542752416912,1.333242502857668,1.4847820399430987,0.27523296183627605,-0.8018611942025415,-0.2881031995906959,-0.575478765899482,-0.5560347557780464,-0.30455487173741863,-0.5152512365526732,-0.35367744055386324,-21.993395515087066
s160,-31.394288430958724,-0.462875730148444,1.3733434939344833,-0.7555496510113525,1.1255181399149485,-0.543354274703946,-0.8493679375664234,0.3115172059971785,-0.36621678063529617,-0.5582749381717423,-0.06544656127666788,0.4487231857809586,-0.9088194600200015,-0.4324161530479095,-0.16395004016170306,-0.5609384697647599,1.9563658583392294,-0.5931276049690055,0.4606769668581153,-0.5746541250308533,2.402705629851457,-0.35370725586820484,1.7024141883805144,0.6349339852750447,0.08363704946270482,0.2960631630675506,1.302897599621558,0.8594813747553331,-1.0376216715784707,-0.5587866154700926,-0.8491888278933073,-0.8808247806689299,1.1083908234543836,1.2007318007073184,-0.11156215919560883,1.1507882583236293,0.045730783572135336,0.2742170083050222,-0.016042152890415856,0.12776485740288016,-18.2271237687366
s161,-11.869941608360428,-1.6618373718392074,-0.26314655748241794,-1.4254333258832084,-0.7184962812270492,0.3334557880641868,1.241575431384371,-0.7859242818320479,1.6432310723021073,3.142680529843696,-0.06544656127666788,0.2748549480363347,-0.9088194600200015,4.14863968693989,-1.4250456764702129,-0.5609384697647599,-0.5795449505715446,-0.5931276049690055,-0.4327027368627905,-0.5746541250308533,-0.402668050488517,-0.35370725586820484,-0.2733086683904517,1.0524526644480143,1.1605063729111993,1.2144274467575704,0.5277763650766688,1.7185602348663047,-0.8428224285157875,-0.6356504329417274,-0.9379157660976124,-0.9098384535120826,-0.6743302333645477,0.21333790162953636,0.804559183531172,-0.5596903793222906,2.026913571697474,1.5595717560388154,1.9770873874760715,1.3326687898377365,-18.50131544535105
s162,28.378192979233543,0.3114916263275882,-0.28182942695666374,-1.0444361043731736,-0.7896147040144534,0.7213916631889123,0.7123769357640943,-0.601200005337115,1.611238255695404,-0.5582749381717423,-0.06544656127666788,-1.2421742124175847,1.425473123700735,-0.4324161530479095,-1.3149307481022248,1.2542582802362057,-0.5795449505715446,1.3061232025194747,-0.4327027368627905,-0.5746541250308533,1.8299277705281327,-0.35370725586820484,-0.1653138187935403,-0.35660061155378253,1.1062634928837343,0.5664988760114841,-0.16170355237011197,-0.3828413235254064,0.9558171060258344,1.5132027900418334,1.0161871830053515,1.1661621346947006,2.110231746741516,0.3820360469222304,0.10560388599202064,0.5242110310629226,1.5080968166381061,1.3801995971638137,1.1839801109070573,0.9110555356701292,-21.652394606185418
s163,20.758869726250513,0.11419940683818643,0.5175216423672593,0.1891308204951913,0.9668683300901887,-0.9727017404430047,-1.089886870731813,0.6957762786277208,-1.2759531588660644,-0.5582749381717423,-0.06544656127666788,1.0138408493861808,-0.9088194600200015,-0.4324161530479095,0.7993071164423323,-0.5609384697647599,0.4111700472385877,-0.5931276049690055,-0.4327027368627905,0.8143329522448073,0.26953743040453954,-0.35370725586820484,0.3160510803382999,0.17946477598022792,-0.4822499795282323,-0.17562707748272607,-1.2887771699590433,0.19363700175725287,-1.078414322996286,-0.7607151774248052,-0.7566276974277539,-0.7979971734477542,-0.3515265349355033,0.24836087753220037,-0.291674538442794,0.42262236574470785,-0.6579101952495449,-0.7766384006251101,-0.6009329133430467,-0.6565675473751662,-20.548630134115033
s164,55.79948821071026,-0.2179401241923776,-1.0817669970912673,2.1762490605750435,-0.30841009781151896,0.8748627516845726,0.4007564097818355,-0.4621772662684298,-0.8468934274323339,1.0278488338348741,-0.06544656127666788,-0.7602943614498692,0.6555758362872239,-0.4324161530479095,1.8841156850036178,-0.5609384697647599,-0.5795449505715446,-0.5931276049690055,-0.4327027368627905,-0.33236171632630696,-0.402668050488517,-0.35370725586820484,-1.1326524144413612,-2.200381298891103,-1.3393570169924531,-1.4750908623275656,-0.7734331740029973,-1.020637151669162,1.654150724187715,1.3989691520450582,0.9951351444335562,0.047568529182093595,-1.73088188924991,-1.2859631217166683,-0.0853784482322927,-1.8898170166306345,-0.721765708217396,-0.8330554111951051,-0.6348181854285293,-0.7207644487812164,-22.442590946889926
s165,-4.110760270781343,1.3516979559815487,-1.247436481605688,-0.24796014536609448,-1.614543058511753,1.3345340314690115,1.0118252879321712,-0.6183479694320149,1.7222140379457325,-0.5582749381717423,-0.06544656127666788,-1.2421742124175847,1.9815401059597917,-0.4324161530479095,-0.764635440149791,-0.5609384697647599,-0.36757802080751634,1.4459905100476962,-0.4327027368627905,0.7626497121601316,-0.402668050488517,-0.35370725586820484,-1.431367260289757,-0.5618220646269789,-0.46165012057273463,-0.6609777530581774,-0.16513342257694325,-1.1764794856419114,0.31766417394639,-0.4255941526188197,1.5471118726361217,1.6470427999978625,-1.0294531966213722,-0.8991401852462905,-0.299299654482366,-0.803777923270193,0.20664322188884143,1.2471678222111027,0.22756635713733436,1.0055539675352685,-21.694013787295624
s166,-32.2066574003166,-1.0960993953705145,-0.1095836691901434,-0.6378139754224241,0.020154471559247013,-1.2829826560200548,-1.2076217247675842,0.9410525893510705,-0.5649238675218105,3.091529471308037,-0.06544656127666788,1.3371847044340712,-0.9088194600200015,-0.4324161530479095,-0.7185324659680716,-0.5609384697647599,-0.3286850061719148,-0.5931276049690055,-0.4327027368627905,-0.5746541250308533,-0.402668050488517,-0.35370725586820484,-0.0565266902450363,0.7074125914001956,0.4260785491168433,0.9104562204685053,0.9809029403913272,0.25463287487954234,-1.3575804448093525,-1.1642418655738305,-0.5889313300525622,-0.6200151103004876,0.16789997127829415,-0.0863726018942699,-0.28613541801936765,0.011816518250830793,-0.3490865459954788,-0.37311810963002484,-0.3820455411922726,-0.3822215175547894,-18.935446502488162
s167,15.26472647795725,0.9367335046066185,0.25896964244484655,-0.45316117648715026,-0.012845511255632712,-0.1728325289631292,0.6354481977657832,-0.6939647563637716,0.2995969753262105,-0.5582749381717423,-0.06544656127666788,0.8354775361325525,-0.9088194600200015,1.9843943664868589,-0.4108596574689506,-0.5609384697647599,-0.5795449505715446,-0.5931276049690055,-0.4327027368627905,2.4730613199274014,-0.402668050488517,-0.35370725586820484,-0.02533977750234048,-0.3323596874076319,0.1642849340479941,-0.021776647270574902,-1.5079660350942434,0.3474657757008302,-0.731808282238551,-0.7908476514594945,-0.6590385561512164,-0.6836355640294768,-0.36010725819752637,0.2332572527709438,-0.22516976361370547,0.1628636106143908,-0.3738247932521217,-0.3518339739766322,-0.40099554586574115,-0.3761636015140306,-19.903714228306868
s168,86.47996156110857,0.12012485760154475,-1.571086930095816,1.5713785847281256,-1.5703533161625536,1.913878504835179,0.8153202687466244,-0.486062298404589,1.0319135614069317,1.5504640928997944,-0.06544656127666788,-1.2421742124175847,0.39851557633063767,3.2344496873088615,0.7594466368603379,-0.5609384697647599,-0.5795449505715446,-0.5931276049690055,-0.4327027368627905,-0.5746541250308533,-0.402668050488517,-0.35370725586820484,-1.7405661206577583,-1.5231795404875657,-1.295016370439084,-1.4630341234005337,-0.8062502615730431,-0.6955402288548581,0.6539919313932944,0.9000818092329411,0.9481997260879772,1.0362493791248177,-1.8177244056489035,-1.6090846227783973,-0.29588592804442637,-1.8416510826275594,-0.6461156968475767,-0.4342398964309905,-0.5734993721954105,-0.4330907958128081,-23.58382467591309
s169,62.86020513696509,-0.7764744545927748,-0.9562091833812786,1.3530231987657062,-0.3422280336994317,0.4370779113747012,0.26759517277374817,-0.4687468587399536,-0.5902291749265844,1.8130741399369639,-0.06544656127666788,-0.51702651398066,0.5276112984168467,-0.4324161530479095,1.22846072243372,-0.5609384697647599,-0.5795449505715446,-0.5931276049690055,-0.4327027368627905,-0.5746541250308533,-0.402668050488517,-0.35370725586820484,-1.1599820462149666,-1.1098190764060738,-1.2167709522042467,-1.2306304379378303,-0.7235491823770355,-0.9169593953719427,1.22418082651943,1.576661410354643,0.7089716930752576,-0.0889215910491551,-1.4010546905483507,-1.0824874145128662,0.22296881367454038,-1.5231262073002063,-0.6959410063990701,-0.7492599759915828,-0.6240068950451297,-0.6814777804215421,-22.34616115486217
s170,5.135463807777063,1.3990875851177258,0.41413882398527146,-0.9716600972351926,-0.0013688988756192116,-0.6829633399532791,-0.4484542630459801,-0.2322021836226254,0.35566425409716135,-0.5582749381717423,-0.06544656127666788,1.0141024466799895,-0.2115908938306872,-0.4324161530479095,-1.343297619121551,-0.5609384697647599,-0.5795449505715446,-0.5931276049690055,-0.4327027368627905,3.5638960074882178,-0.402668050488517,-0.35370725586820484,0.30114839307556757,0.4611055704591931,1.1481035775598185,1.660108047842575,-0.36987768044146124,0.10764508456491521,1.206559332235911,2.2886055050574354,-0.16511974805740376,-0.20830845493656877,0.5003184252678214,0.42065613201940183,2.410077351332136,0.6033307805351509,0.5271537427652281,0.04941939643067447,0.1724058018260295,-0.15641555305588303,-19.801057264854194
s171,23.034908388695268,-0.04529779148700189,-1.2357807986601648,-0.12310272815417225,-1.5316427861059105,1.1726042006845092,1.493911390488838,-0.7524659011929667,1.5441390117152343,-0.5582749381717423,-0.06544656127666788,-1.2421742124175847,1.5265462887126435,0.746515807700758,-0.6029348930153663,-0.5609384697647599,2.647015654296494,-0.5931276049690055,-0.4327027368627905,-0.5746541250308533,-0.402668050488517,-0.35370725586820484,-1.512572101906617,-0.7175842703215812,-0.4585130384867754,-0.9347288586593551,-0.18537588344471426,-0.969875166877162,0.24828122129552208,-0.24575196636132357,1.3486235292355746,1.4363801278001185,-0.9882436165358359,-1.145120223384874,-0.20726587072808372,-0.9077461711512385,0.4997066221592571,2.27472814999476,0.6883398532593568,2.227525235916729,-22.253449673551025
s172,20.113617607231657,-0.8679184923368205,0.07095305871618521,0.6099826855758566,0.6391120603718008,-0.5072088344749913,0.7893336193647623,-0.7792152669525424,-1.0964171258018522,-0.5582749381717423,-0.06544656127666788,0.6109810169212228,-0.9088194600200015,1.1305618252173695,1.178902443609162,0.36812564655132934,0.45620254713904823,-0.5931276049690055,-0.4327027368627905,-0.5746541250308533,-0.402668050488517,-0.35370725586820484,0.42040219051775535,-0.5256806104845259,-0.8843431416704538,-0.5661641339693231,1.6333660843870144,0.08134566784028689,-0.5338379469341551,-0.7564862756419577,-0.7546140216826929,-0.795859988431613,-0.7649921175062098,-0.2274877344388438,-0.29600900065612984,-0.23253091546570642,-0.7060003236242411,-0.8776962003164965,-0.6206265781345887,-0.6921468541600553,-20.760763970805346
s173,24.07101266749224,0.8353607570506149,-0.47799199212097515,1.1877031350624272,0.09154428773919968,0.14411679263930996,0.09914231772417577,-0.4340198455309684,-0.834498057557011,-0.5582749381717423,-0.06544656127666788,-0.12531726616428557,0.24652402946677887,-0.4324161530479095,1.2850046097096124,-0.17769952178437312,-0.5795449505715446,-0.5931276049690055,-0.4327027368627905,1.2223479061945326,-0.402668050488517,-0.35370725586820484,-0.2284980409482512,-0.935510349262775,-0.9983639824473373,-1.0547412058701795,-0.2504452990731752,-0.636499579474906,1.1760489089812929,2.0501210945048762,0.22190505747829936,-0.23935816032629093,-0.9820662383519124,-0.7364536593130772,-0.282554531003915,-0.8488244356694474,-0.707966684503475,-0.8457723460055105,-0.6271728604173806,-0.7033886599011594,-21.67162181633835
s174,40.77454501699581,-0.26174597425427504,-0.852146092650776,-0.11761820374053591,-1.1386055091687153,1.0547283705829154,0.15311559301926023,-0.3107459366465221,1.0157358582760705,-0.5582749381717423,-0.06544656127666788,-0.6080876880931311,1.2797515976213942,-0.4324161530479095,-0.24139973191429004,-0.5609384697647599,-0.5795449505715446,2.5567417999724826,-0.4327027368627905,-0.5746541250308533,-0.402668050488517,-0.35370725586820484,-0.3841684108444772,-0.40694650186124803,-0.5436563961966173,-0.5488033562210928,-0.4932526150037022,-0.8356987299460711,1.12370938545819,0.21508701856658122,1.4115303340819225,0.4316951727029512,-0.3768753981516498,-0.6302854226081246,-0.3016552344918049,-0.4512787603416809,-0.5056242944207543,-0.3573934270167572,-0.4795622376550678,-0.37060607241989624,-22.177461512846705
s175,-20.329781024234144,-1.3447435364080293,-0.3034448504745036,-0.9085581743063049,-0.2750975284635001,-0.8918824335453562,-0.5913354325214645,-0.14802361309550935,-0.006921081629550848,3.642722267994987,-0.06544656127666788,0.8519742978666281,-0.37970499102500616,-0.4324161530479095,-1.0535795712121592,-0.5609384697647599,-0.5795449505715446,-0.5931276049690055,-0.4327027368627905,-0.5746541250308533,-0.402668050488517,-0.35370725586820484,-0.16482947398858205,0.9664932777134181,0.9775790347128283,1.2615983080871256,-0.7426866799568624,0.2833264903038015,0.13495067437820876,0.1664888187869508,-1.0830496782029397,-0.6371694021684736,-0.011763334307801285,-0.1346214936265721,2.2768835688262876,0.09704033208335613,0.08789967432120982,0.11422538606885528,0.09031256778391569,0.11040046518449953,-19.122497374521355
s176,38.099311474992874,1.8670062914093888,-1.4016528426410158,0.8937539538568428,-1.552697554752954,1.6823012046279715,0.7403485849956245,-0.48787955303709296,1.3606572890931328,0.407053005129147,-0.06544656127666788,-1.2421742124175847,0.8454057140002202,2.371459638555669,0.16332631215564472,-0.5609384697647599,-0.5795449505715446,-0.5931276049690055,-0.4327027368627905,1.0792238506102099,-0.402668050488517,-0.35370725586820484,-1.3447520879258037,-0.8175673537759954,-1.0925293540377692,-1.186656571541516,-0.735615855780416,-0.5441068275538345,1.7133497061648608,0.5701121929391768,1.2525368007433284,1.3343998974242328,-1.3746461943693649,-1.325807993595098,-0.3014544182566166,-1.4388829696302259,-0.5391873757025775,-0.15112364482481658,-0.46546311516588285,-0.13423436178225517,-22.6288012335061
s177,-17.108228150089356,-0.47325699430801765,-0.846975893356097,-0.30635926771561095,-1.0990420374724272,0.7352803098622313,0.9654464448161,-0.6749651287505453,1.1164589047366638,-0.5582749381717423,-0.06544656127666788,-0.773460477596528,1.1415424773740475,0.41312931060379876,-0.5632603361647953,-0.5609384697647599,2.670325066835135,-0.5931276049690055,-0.4327027368627905,-0.5746541250308533,-0.402668050488517,-0.35370725586820484,-0.7808694756743747,-0.12301523646165168,-0.17447377510922654,-0.23578834141568042,-0.2280699933274804,-0.5991387071280179,0.682182761021156,0.838690754912226,0.8710581678622679,0.02771211530232601,0.47172091244042114,-0.6479536526772074,-0.2424953541884137,-0.19731645241947657,0.25627842812818924,1.3285716627851787,0.2470182280555297,1.0169891740095878,-19.985044777482017
s178,-23.487687645109414,-1.3983100667197603,1.1716219093167513,-1.405308995684999,0.36880861211902494,-0.6341052596595426,-1.2670745723056491,1.5826737519037137,0.3207602636306555,-0.5582749381717423,-0.06544656127666788,1.5729441982045926,-0.9088194600200015,-0.4324161530479095,-1.3288905357472327,-0.5609384697647599,-0.5795449505715446,3.1425025211311985,0.7098208116251666,-0.5746541250308533,-0.402668050488517,-0.35370725586820484,1.450227202863275,0.8847991685380643,1.7327485012236252,0.6579914829258439,-1.3295289070338765,1.2413260820039265,-1.0903966370009732,-0.8812846632786729,-0.6959463059430866,-0.7249091689203453,0.08093104578323569,0.8016348400662298,-0.2813480454620585,0.8511704349498042,1.9875863541127992,0.9968806419931188,1.3686560246735495,0.5226359975849898,-17.780304487807157
s179,49.30406725175975,0.5413563659974834,-1.4145288639421851,2.1484392905248044,-1.0411379506774519,0.6193726879631859,3.073118322534472,-1.008095710319248,-0.2309832281181971,-0.5582749381717423,-0.06544656127666788,-1.2421742124175847,1.3004023143539962,-0.4324161530479095,0.9508311613409589,1.917883661853061,-0.5795449505715446,-0.5931276049690055,-0.4327027368627905,-0.5746541250308533,-0.402668050488517,-0.35370725586820484,-1.6280122328989588,-1.5399855205323303,-1.3653836578750376,-1.6100755408636473,0.10160097487940455,-0.8501286935798913,0.286583390970675,-0.23253164327892725,1.2807181692049907,1.3643097766877355,-1.709303443080418,-1.7042425846658122,-0.09255511284900368,-2.1209280708893683,-0.6433439545329579,-0.42218697074481565,-0.5636606299605214,-0.38826200088612034,-23.22340610724453
s180,-57.90954780051766,-0.20778743614332792,1.8954720249576467,-1.2941813026366429,1.1379456739177802,-0.6074226261475478,-0.9053003424563852,0.39555531860131543,0.30162875350688023,-0.2527229561185197,-0.06544656127666788,0.5245364581182465,-0.9088194600200015,-0.4324161530479095,-1.2363911800419134,-0.5609384697647599,1.1875671067469362,-0.5931276049690055,2.1577945332803123,0.6477962363469603,-0.402668050488517,1.418126337005679,1.879179793321943,1.695989313925894,3.512847273156114,1.3297841541073563,1.2544163575499419,1.188469329861339,-1.0107541588862967,-0.526651108492204,-0.9585667915881505,-0.976255198244765,1.8156503335111265,1.8931233651841815,0.6158198764429333,1.4547680915985388,1.111572582414161,0.2839422534912105,0.6603731409752774,0.04137842112150888,-16.825432514024662
s181,-80.59098117051458,-0.04576708357808369,2.07033053627623,-1.523862064612424,1.011148647461081,-0.40395317901944455,-1.3166675952007465,2.0319090334087804,0.5961053945079493,0.13541064270584427,-0.06544656127666788,0.6610662933898391,-0.9088194600200015,-0.4324161530479095,-1.4665236097123449,-0.5609384697647599,-0.5795449505715446,2.1357167848240253,-0.4327027368627905,-0.5746541250308533,3.497334919737865,0.4284535193644105,2.5352905360535303,1.13623238759472,4.157812553652018,1.1075467779134334,-1.5241626085664668,1.492917866112817,-1.052063112729429,-0.8153868675957294,-1.2021347341195125,-1.1874382888292794,0.8383131378805689,1.7349946251649986,-0.25943550057196674,1.4196250649201267,2.2677927794036092,0.5579132328664116,1.2321689074580862,0.09606490428934993,-15.866822079162311
s182,71.03000539909837,2.4488499463869484,-0.6299807184698235,1.6306396771969056,-0.10408888805990356,1.1513045115082192,0.6404775495591929,-0.5199648482908422,-0.4417485520407359,-0.5582749381717423,-0.06544656127666788,-1.2421742124175847,0.9348137678844354,-0.4324161530479095,1.5851221652508871,-0.24157267978110422,-0.5795449505715446,-0.5931276049690055,-0.4327027368627905,0.8479724830225772,-0.402668050488517,1.1837275179484048,-0.38763164128109767,-1.5387500493981756,-0.6966803990009176,-1.3598744217720466,0.27719313513896837,-0.9748008831452019,1.8499443603045203,1.2856366619384463,1.0788286750976377,1.200887942642504,0.2741422205115564,-0.8282450497862635,-0.2860384001982453,-1.0093424578387824,-0.721765708217396,-0.8835869308818495,-0.6243620150268014,-0.6837619728790058,-23.482935138037483
s183,35.25632208992498,0.4461466886922937,0.04725736739802304,0.9376328524408217,0.8546314608533468,-0.4949939360096665,-0.5255594722536054,-0.11321942380181146,-1.4362257984218618,-0.5582749381717423,-0.06544656127666788,0.5731615224449205,-0.4842960839438053,-0.4324161530479095,1.5438361523192832,-0.5609384697647599,-0.5795449505715446,-0.5931276049690055,-0.4327027368627905,1.4029989040425872,-0.402668050488517,-0.35370725586820484,0.2301921803405705,-0.49038319964127985,-0.8757949670898093,-0.8185602729857743,-0.05877139174782438,0.9951682781136789,1.9660681299374119,1.5175402871955068,-0.9544415610212641,-0.6087051414605034,-0.1546712394193055,-0.2983285950012118,-0.28963946237906846,-0.4096696222061488,-0.7238215762774769,-0.928332311290346,-0.6246734929772179,-0.6986736663930441,-21.550988106282077
s184,58.586957825548765,-0.12189839850075149,-1.335496910624359,-0.15552103940038361,-1.579382982831766,0.8810768603774248,1.5822670033853279,-0.7980087247962975,1.6425016647331274,0.5111569990145369,-0.06544656127666788,-1.2421742124175847,0.9397301231588472,2.392108336245773,-0.8958496272236505,1.8406922709123308,-0.5795449505715446,-0.5931276049690055,-0.4327027368627905,-0.5746541250308533,-0.402668050488517,-0.35370725586820484,-1.0741287572485263,-1.295283924198279,0.2267358531778077,-0.15053218542092048,-0.7522911327825985,-0.3965193038876139,1.0619684281398054,0.15205180705586915,1.1552778989878076,1.2311755982648123,-0.8364582222580264,-1.1061691062428436,-0.2978030554240851,-0.8707787692858363,0.649418189100918,2.1160457865292623,0.899617535703916,2.1880397716116144,-23.249377754664646
s185,70.91668244948667,0.5850452737108649,-1.4290654753883099,2.5914705975011065,-1.0411664565883825,1.2949106819051486,1.7067821627898039,-0.7820917424327273,-0.24405679443303627,-0.5582749381717423,-0.06544656127666788,-1.2421742124175847,1.0598259033380624,0.2768343580976792,1.5326952125894882,0.4883574733687055,0.22468251823903332,-0.5931276049690055,-0.4327027368627905,-0.5746541250308533,-0.402668050488517,-0.35370725586820484,-1.4013691951359573,-1.8615650615476997,-1.4791859417294428,-1.7083331373911401,-0.10073642151926304,-0.8873257243085166,0.8004140852474138,0.2810183921013475,1.2959808778213984,1.3805086270938753,-1.9207119470679737,-1.6767564296591018,-0.3011125426815717,-2.1590297650849646,-0.6918946024311989,-0.6213952511679115,-0.6128373308613934,-0.5949545917072466,-23.785924533081648
s186,9.491141490021606,-0.7952383722715064,-0.7726247168257908,0.5622926588573577,-0.4502247417108549,0.14926195704129536,0.11212790567826363,-0.4398574181294224,-0.22756573777010383,1.411173975854475,-0.06544656127666788,-0.274968724969183,0.4930719449607979,-0.4324161530479095,0.4936055111040727,-0.5609384697647599,0.30032767619646394,-0.5931276049690055,-0.4327027368627905,-0.5746541250308533,-0.402668050488517,-0.35370725586820484,-0.9694254791471211,-0.6999164678397234,-0.7624646185709353,-0.784418541227501,-0.8009921535312985,-0.6423593733328856,1.3386000689026099,1.7194775057639358,0.2759733786390441,-0.1993598897264428,-0.7556446778183239,-0.780228456816977,-0.22780266824486778,-0.7465443376788566,-0.5894330708008927,-0.4320534970855864,-0.547444288524164,-0.4570299107692996,-20.71202883303041
s187,14.390369079138656,-0.6711219725072545,0.39174988475053996,-0.3549112266428953,0.3441113174749478,-1.0890653904393122,-0.9773757721112887,0.3654401620084405,-0.782729666247586,-0.5582749381717423,-0.06544656127666788,1.437004224603205,-0.9088194600200015,-0.4324161530479095,-0.15547378634328687,0.3864676848992007,-0.5795449505715446,1.5963585645690213,-0.4327027368627905,-0.5746541250308533,-0.2699579555482569,-0.35370725586820484,0.6412732378569251,1.0499071881199946,0.20662232072320227,0.6548820294832101,1.1309228432081255,0.24949713499271708,-1.224138916849557,-1.0423123543049828,-0.5864914969235341,-0.6174256294379243,-0.4751069949532227,0.2844123089025969,0.2978268207090325,0.5366074386431334,-0.6150495784234158,-0.7771732964444489,-0.5718161716047695,-0.6356704014317015,-20.275034756907367
s188,44.349761128869815,-0.4601785278304048,-0.7498667690444284,1.7631438056476687,0.019572039173613467,0.5301897324337815,0.20179002731579346,-0.4223799417053178,-1.0399805065442733,-0.06196398389744699,-0.06544656127666788,-0.42602534266931746,0.3949653641334125,-0.4324161530479095,1.8692113430560722,-0.5609384697647599,0.6290178754863405,-0.5931276049690055,-0.4327027368627905,-0.5746541250308533,-0.402668050488517,-0.35370725586820484,-0.7114254876340009,-1.2468856129945425,-1.211091925024974,-1.3493133887931426,-0.7909905476778134,-0.9099291502609672,1.484475164906016,2.0024920752101423,0.48591596024752953,-0.16865430810912627,-0.82553821996833,-0.8899654961339752,-0.2774829769087871,-1.4877063910774029,-0.716904688499992,-0.8331084219440461,-0.6294855286116466,-0.699505778708869,-22.140136637556186
s189,7.556371554813645,1.976730467842288,-0.26042116791872477,-0.9265146823851365,-0.708114665872338,0.2923573524293946,0.27287049014874526,-0.49373142267065584,1.3010758533758482,-0.5582749381717423,-0.06544656127666788,-0.2927058510914718,0.9897069076024922,-0.4324161530479095,-1.3859664171752661,-0.5609384697647599,-0.5795449505715446,-0.5931276049690055,-0.06829785771347366,3.5327790891986,-0.402668050488517,-0.35370725586820484,-0.28348353624719735,1.1202925189299986,0.9942191079063646,1.1777839390063132,0.5778464434163497,-0.21853231119278146,0.5079584644819408,0.6168730128156626,1.1759427175108057,0.14594879573783115,-0.24231075852021813,-0.013781060967169034,-0.20491607819042623,0.02730129872461133,0.7596794789825894,0.42958399420255666,0.2830882314243892,0.01587940614675593,-20.740305969435894
s190,-10.263324088256182,0.7645414295230226,0.7616217117746157,-0.36122911315315137,0.7597917919211042,-0.9273932142501476,-1.1041115680139761,0.7589684688420344,-0.7083430885045655,-0.5582749381717423,-0.06544656127666788,1.058294348140935,-0.9088194600200015,-0.4324161530479095,-0.06379957668853019,-0.5609384697647599,0.0686901212714643,-0.5931276049690055,-0.4327027368627905,1.718072604463605,0.9301531616270261,-0.35370725586820484,0.9434539649146585,0.5133293706361558,-0.08143235597161295,0.37385156056033425,-1.2317994973642936,0.5277611459484151,-1.1668470819085432,-0.7817239202696892,-0.6952507881953262,-0.7328556971845895,0.38268802506865773,0.718307063028681,-0.20586693490775093,0.8431051777191754,-0.5105238844245162,-0.5805315744002054,-0.49272229353234764,-0.5073722048272601,-19.145429635932828
s191,-67.08236985498435,-1.6532491835081888,1.3308261072420338,-1.1429840936621372,0.9447285889597111,-0.9160762359242552,0.23212590450132115,-0.6672141755863139,0.02046523442767341,-0.5582749381717423,-0.06544656127666788,0.3097291816099879,-0.9088194600200015,-0.4324161530479095,-1.2228742739513843,2.8691235320826864,-0.5795449505715446,-0.5931276049690055,3.599486117479076,-0.5746541250308533,-0.402668050488517,-0.35370725586820484,0.9899497247397873,2.657152014875894,1.5364982890170011,2.3614489761600654,1.4624217761249851,0.9642713957663681,-0.9407311069437005,-0.571409262315065,-1.0604826111969956,-1.0865416218480524,0.16577009349194574,1.5372075514730328,-0.23603250994608546,1.378503186700898,2.487005603347817,1.5822249173733365,2.228120279797197,1.2253187186600571,-16.793234738288557
s192,-53.39754724043172,-0.2195833729750601,1.370711727105683,-1.0667116911951633,0.7463338005263546,-0.24445020236123782,-0.6779164234893374,0.13470598898595837,0.37498616218911973,-0.5582749381717423,-0.06544656127666788,0.44166193741071086,-0.9088194600200015,-0.4324161530479095,-0.8928802662500972,-0.5609384697647599,-0.33799253061077034,-0.5931276049690055,3.628544573515108,2.270069938534422,-0.402668050488517,-0.35370725586820484,1.334967223127954,1.0094005057409285,0.8848270801710976,0.8291231378169168,-1.6083727338090894,1.4146627271170766,-1.0966042651275196,-0.7729168978834436,-1.175733001722551,-1.194426716880772,0.5776902384012975,1.494915051998421,-0.09891687955328195,1.18703905345416,0.7589889509146311,0.5666685682612179,0.42143702474309347,0.21302338039732668,-16.909281844199416
s193,51.48919576088916,0.06676432858981021,-1.0728406827702321,2.459839761510506,-0.37291820149757127,1.1157312432255544,1.334555545941987,-0.7240830485423566,-0.7875803673665506,-0.5582749381717423,-0.06544656127666788,-1.2421742124175847,0.8050384680431175,-0.4324161530479095,1.9685125620875994,0.9463253256441356,-0.5795449505715446,-0.5931276049690055,0.6503329933463523,-0.5746541250308533,-0.402668050488517,-0.35370725586820484,-1.1048576860776629,-1.5638415001654473,-1.1658708418176045,-1.6759122426763748,0.015447836398512183,-0.9268935860278329,1.2477436578484613,1.1197812037778034,1.1576813718077636,1.2977291677364464,-0.6897486683240838,-1.2936074190769922,-0.29919062140198166,-1.900899637979846,-0.7162859036079254,-0.7932249355383183,-0.6297182827396086,-0.6921896853598407,-22.73712334380998
s194,19.68937470665035,-0.9976075984296682,-0.6850268041088148,-0.255378231699159,-0.6492251562652053,0.06431895686073301,0.16068992875354196,-0.47816908586782175,0.35642822450300077,1.551289431072425,-0.06544656127666788,-0.2412527969625733,0.6644142277917845,-0.4324161530479095,-0.3745495444478474,-0.5609384697647599,0.7938846080364743,-0.5931276049690055,-0.4327027368627905,-0.5746541250308533,-0.402668050488517,-0.35370725586820484,-0.6153455589938795,0.24816214689828106,-0.38940281710820046,0.0017144205590146511,-0.7490804991984019,-0.7318047330894143,0.5766546533453448,1.053292074528169,0.051862814088557425,-0.3456105862705503,-0.15339435715562424,-0.5999619711319674,-0.301311161465403,-0.14559581463977028,-0.21375465018939083,0.2880824439233676,0.03449883614075915,0.6685156109860176,-20.900197310829718
s195,-3.8389965973599662,0.0070103482876778065,0.9211201889238991,-0.9243056538918164,0.6051423846662499,-1.0775948588116917,-1.063700504026549,0.5763958868390563,-0.304252811807432,-0.30664389412791193,-0.06544656127666788,1.280608536766338,-0.9088194600200015,-0.4324161530479095,-0.8982034904043663,-0.5609384697647599,1.2969858099864708,-0.5931276049690055,-0.4327027368627905,0.8347592327929788,0.8099379150440555,-0.35370725586820484,0.5890700497765489,1.3693585377400213,1.089074214182778,1.0740602961069206,1.4428004752817072,0.41388558905311446,-1.1717700805355091,-0.9162843460162651,-0.7197953672469286,-0.7589057237120672,0.6863418680960215,0.9592892064875472,-0.28997414610482947,1.0298651646683905,0.04973770762793254,-0.12216205575128168,-0.14142214216768553,-0.2597935282200699,-19.107785995760768
s196,-22.355480107087715,-0.8096440616129984,0.2732432269193673,0.09832578674749824,0.4930986901365143,-0.39985824846593854,0.40235014030228367,-0.6499653260689618,-0.6892907392296553,-0.5582749381717423,-0.06544656127666788,0.7212878758104374,-0.9088194600200015,1.068538889571922,0.6736540336070159,-0.5609384697647599,1.635803863976112,-0.5931276049690055,-0.4327027368627905,-0.5746541250308533,-0.04478087316119525,-0.35370725586820484,0.2597513900129318,-0.5353312162541869,-0.44904135623414365,-0.13584621815253436,1.5754302169295882,0.3147881570631816,-0.7674928519187076,-0.8569075005007857,-0.7707263745532595,-0.8129605962202374,0.5372786011102783,0.11032379687681138,-0.2751424506537555,0.328888771636661,-0.6418162877456625,-0.7235311007333963,-0.58240699822454,-0.608042714572316,-19.183782355139364
s197,9.604857766745,-0.7856725189762094,-0.12272509392214133,0.22379694494989658,0.421646520667912,-0.9313979223220755,-0.8660208069780382,0.2090482313005683,-1.0459961459855658,1.917161424046244,-0.06544656127666788,0.8622790792028449,-0.6692407258354655,-0.4324161530479095,0.51363647626258,-0.5609384697647599,-0.5795449505715446,-0.5931276049690055,-0.4327027368627905,-0.1368059143769522,-0.402668050488517,-0.35370725586820484,0.21697226357556684,0.029204536545810136,-0.5427838237340717,-0.3425569824018519,-0.7118007890377654,2.563810388677277,0.2805611951107019,-0.39071609862181395,-1.3961300654855358,-0.7648886913693835,-0.7944480803065129,-0.3535993684888394,-0.2282462025411583,-0.2925852637251538,-0.6997735141733342,-0.8891578108065352,-0.61635906500087,-0.6910417451431683,-20.1011877357369
s198,-20.138548660788306,-0.008150588955925159,-1.2139055592668315,0.14027156978270836,-1.501170488093577,1.36389986814084,1.33727660640359,-0.6990673123560295,1.6754924103529762,-0.5582749381717423,-0.06544656127666788,-1.2421742124175847,0.7353386973242831,3.1913501197451257,-0.4058216185037988,0.8463652080648573,0.8212610914140932,-0.5931276049690055,-0.4327027368627905,-0.5746541250308533,-0.402668050488517,-0.35370725586820484,-0.8686038405506475,-0.6485247643854621,-0.40448576066620257,-0.6357319777996223,-0.27129682806138966,-0.5944208453808005,0.7360323783708426,0.4917940155557305,1.0909557018867317,1.162908184215221,-0.09891055108845302,-1.0099464791308457,-0.24370865143717307,-0.9661887635385539,0.35751593220365085,2.231569491261718,0.7139647474455743,2.628032350795338,-20.400697248206857
s199,-22.989671403031327,-0.17738805978134423,-0.5836043718577121,-0.47666670780606535,-0.72468221258144,-0.4828120788856179,0.7029428863137904,-0.75374870402213,0.40929731825883126,-0.5582749381717423,-0.06544656127666788,-0.11247983000045454,0.6779765871694724,-0.4324161530479095,-1.0986876992446502,2.0292282131371646,0.5401338098845617,-0.5931276049690055,-0.4327027368627905,-0.32679177589631736,-0.402668050488517,-0.35370725586820484,-0.315050805568006,0.6811991522875163,0.37708066255547174,0.6399136879244385,-0.40545130136662083,-0.5769170987216722,0.8795070938725381,1.2711442289824662,-0.1439077677730522,-0.35583737982975794,0.5754774218546894,-0.3049420347595764,-0.27118394128741397,0.15484210650815516,0.05323346030212587,0.11679428286419927,0.02225332919826525,0.06497395582405004,-20.33728659050214
s200,-39.51747571237424,-1.5617746092776923,1.2067566237982894,-1.1603736578508501,0.7190737309447721,-0.7828618434788762,-0.6274184931206054,-0.07924818347698302,-0.010003600901003237,-0.5582749381717423,-0.06544656127666788,0.9639629653667099,-0.9088194600200015,-0.4324161530479095,-0.9714347893599716,-0.5609384697647599,2.7118304310421166,-0.5931276049690055,1.8751948310828825,-0.5746541250308533,-0.402668050488517,-0.35370725586820484,0.8305916546542613,0.12782258968923604,1.032806162847766,0.9738145519534929,1.0859129698334766,0.6618774137906737,-0.6616813964827043,-0.6528951990548709,-0.5888463093936561,-0.619924874879655,1.2165509437588775,1.0885526650507327,-0.30065994698893883,1.0167337513827088,1.344638092942288,1.1360775662423492,1.0744985468130535,0.7649580065885494,-17.88348829912646
s201,-7.2728854722111915,-1.4445862300679624,-0.13220848455125478,-1.2255136189632134,-0.4297499275978542,-0.36384898663256,0.5183290709590122,-0.6836885143003594,0.7925454237329823,3.0289534495554626,-0.06544656127666788,0.7839977593679281,-0.9088194600200015,2.1784075789250252,-1.308924813905657,-0.5609384697647599,-0.25658746309643066,-0.5931276049690055,-0.4327027368627905,-0.5746541250308533,-0.402668050488517,-0.35370725586820484,-0.31959819517181515,-0.007256726240443828,1.136950808071238,1.5742793849575276,0.702467917851307,0.07266336317871874,-1.002736751764295,-0.8564688544404925,-0.687751697592115,-0.7248966481116801,-0.6002660480515094,0.1679372239582207,-0.29850659057318585,-0.16696402764836119,0.7823709985491095,0.5357629256052581,0.7564439766918829,0.47615305806558916,-18.917836019933553
s202,34.71470743139418,0.0276985650945054,-0.7797216568680286,-0.09752792405503347,-1.1015538567836916,1.4057756624108046,0.019287144873745173,-0.16686749738348233,1.2687901433432447,-0.5582749381717423,-0.06544656127666788,-1.2421742124175847,1.306550426898636,-0.4324161530479095,-0.2172164608160334,-0.5609384697647599,-0.02150956404991915,1.228837671825138,1.4324552976402436,-0.10523318626177289,-0.402668050488517,-0.35370725586820484,-0.34331951377310155,-1.1164361530544793,-0.09572589099738044,-0.6211633510598197,-0.4998280153348225,-0.755133351856281,0.7187434454945749,0.4475028707276274,1.5084778356290207,1.6453681275757575,-0.2558786782084198,-0.39042367408861317,-0.3016126636010735,-0.28457532162739674,-0.3631209648198138,0.0330656073788615,-0.3497674464218722,-0.06869105564913218,-21.74492495952721
s203,57.70722729556836,0.45124441035096774,0.3501152359764607,0.2550282256638013,0.7413764528717561,-1.0097343234708427,-1.2264604942723152,1.167711086956204,-1.2402071511563753,-0.5582749381717423,-0.06544656127666788,1.2338903377073767,-0.9088194600200015,-0.4324161530479095,0.702423472482432,-0.5609384697647599,-0.5795449505715446,-0.12423948226463032,-0.4327027368627905,1.539465911704895,-0.402668050488517,-0.35370725586820484,0.12248089054276352,0.16385163862026034,-0.6584295467947283,-0.2397863745182917,0.5800320400566363,0.18611217710817363,-1.257273634828217,-0.937196865818641,-0.6838401730488703,-0.7207452092990535,0.5225554321051333,0.06376305468923406,-0.0887883874492557,0.15983836853121433,-0.7017927342159883,-0.9051828829835985,-0.6119766110185763,-0.6835892822736888,-21.850086989426014
s204,21.944870834273964,-1.0484821352488276,-0.2218395654107537,0.3797723504159373,0.39543648713388024,-0.849907576671396,-0.40173590521240354,-0.3101962445719696,-1.0481679660867973,1.569506739960544,-0.06544656127666788,0.584918878240662,-0.4441856765729973,-0.4324161530479095,0.6199772802459589,0.13802582914247405,-0.5795449505715446,-0.5931276049690055,-0.4327027368627905,-0.5746541250308533,-0.402668050488517,-0.35370725586820484,0.04733138888116442,-0.09379866106000051,-0.636013896256777,-0.4606794475922261,-0.706245106267216,0.6105920479281107,0.4706414742039342,0.7547549232862386,-1.029741788717742,-0.6263017278218066,-0.36957539845651455,-0.4687523108506726,-0.3012047708388102,-0.41972317738668175,-0.6952025875680978,-0.8609256565378134,-0.607443880435198,-0.6612487085022967,-20.863491088313225
s205,2.72809192359559,-0.3785369366327787,-1.4062398412632706,-0.6480021993095956,-1.5551856842737917,0.6954850061869644,1.08572787040704,-0.7107200209213814,1.4482623486078545,3.5505951362808044,-0.06544656127666788,-1.2421742124175847,1.5338328447404037,-0.4324161530479095,-1.0790792927120079,-0.5609384697647599,-0.5795449505715446,-0.5931276049690055,-0.4327027368627905,-0.5746541250308533,0.27543396971061895,-0.35370725586820484,-1.3236468541643518,-0.1785946186641074,0.4969116128996691,0.1112942615218259,-0.7151714792897007,-1.051689947867552,0.46205278165632746,0.03282163420718808,0.9813759756606699,1.087873579094674,0.33127411928112926,-0.919849024136194,-0.06677199742898332,-0.644157739253133,0.5997361283676853,1.6540021062512407,0.9469824534661748,1.9343611220738948,-20.880549457038313
s206,17.84371823668561,0.5535986551486792,-0.6658438426918487,-0.2630094577669994,-0.894879770320574,0.8366030690846937,1.2988431589122265,-0.7451687909479603,1.0928146501944405,-0.5582749381717423,-0.06544656127666788,-1.2421742124175847,1.5690235982835619,-0.4324161530479095,-0.49569288650195087,-0.5609384697647599,2.6105573423770814,-0.5931276049690055,-0.4327027368627905,-0.5746541250308533,-0.402668050488517,0.731540819767049,-0.287734824346165,-0.5939323963941978,0.5870938573596882,-0.34710241849485546,-0.29715587661959786,-0.6458081908808286,1.0254361557816656,0.7728542895437364,1.3257935856922136,1.4861914785837744,1.4647465032645788,-0.23257659614294396,-0.30040434484697615,0.21789716657084368,0.29466396039946735,1.37145739807867,0.3562783836874238,1.196918067836473,-21.149565348020598
s207,-7.312144699095734,1.9274481708243494,1.6781108422874282,-1.1327756911675761,0.7134733791875131,0.7017454156638683,-0.36026693774948143,0.0049514513762369304,1.3075366728526185,-0.5582749381717423,-0.06544656127666788,-1.2421742124175847,0.7926401709990147,-0.4324161530479095,-1.012133419903593,-0.5609384697647599,-0.5795449505715446,2.355429053792677,-0.4327027368627905,-0.5746541250308533,-0.402668050488517,5.361705807038461,2.0569019505468553,-0.026573376997525645,1.8184672538038202,0.08739841028864007,-0.14243929934466493,-0.7748087429894102,0.6965595758327202,1.6369422054511107,1.0301783988860798,1.1885966171288265,2.476040452444844,1.242738490604168,-0.30162839123014124,0.7886081789184395,1.0651173066422632,0.6192045060728586,0.5723505035715352,0.19433691784991486,-19.360646010681545
s208,46.28832968038582,-0.853836169560579,0.15583908491018073,0.8559443844363939,1.0925514169340558,-1.025647032988425,-1.035779584187177,0.5262826043446407,-1.8364359706397677,-0.21329689391810386,-0.06544656127666788,0.9611163367502139,-0.9088194600200015,-0.4324161530479095,1.6561177160240919,-0.5609384697647599,0.7435389497297288,-0.42170614075450275,-0.4327027368627905,-0.5746541250308533,-0.402668050488517,-0.35370725586820484,0.2725625458714416,-0.551032094175027,-0.8637024982053456,-0.7102824771676761,1.0587194040951076,0.0551106460041152,-1.0451755558698324,-0.7854604926282531,-0.7471562926784328,-0.7879448378809649,-0.9198455706853982,-0.18893503877739812,-0.2783127240552919,-0.4554221749702647,-0.7426620297948439,-1.0061496488505748,-0.637122104629455,-0.742073499078222,-21.735539872685063
s209,4.842006699259876,0.6887729665323741,0.6607002532121515,-0.3779708159737787,0.6244369158099492,-0.8952534552719827,-0.975600600372803,0.43673341676414773,-0.6040211056488651,-0.5582749381717423,-0.06544656127666788,1.160645703589513,-0.9088194600200015,-0.4324161530479095,-0.181671579800007,-0.5609384697647599,-0.5795449505715446,-0.5931276049690055,0.5061030534879919,2.532027352680831,-0.402668050488517,-0.35370725586820484,0.9233768006589577,0.7434471413434022,-0.1347693492503428,0.2792892572450418,-1.38663704290044,0.7072894018782253,-1.1772572994451376,-0.9152988536058905,-0.664731121267595,-0.7004640993736964,-0.19824049874372718,0.5439871419351793,-0.2992256501745446,0.6755286182549955,-0.499427558724471,-0.5757719352088045,-0.4874536517761019,-0.5071802176312477,-19.58079034508013
s210,16.539761515760674,-0.9813982573735837,-0.8005449570117834,-0.3562280264712048,-0.7933123776815567,0.040231878588538605,0.2710809222811994,-0.5322610732205927,0.5006658371254844,2.0083617110753282,-0.06544656127666788,-0.3107832075421061,0.7430759121823738,-0.4324161530479095,-0.601188754510399,0.10798769398282429,-0.5795449505715446,-0.08587590858881784,-0.4327027368627905,-0.5746541250308533,-0.402668050488517,-0.35370725586820484,-0.7242505357532779,-0.5952047969996302,-0.01030419683466497,0.14158996678900587,-0.8143459776995632,-0.8851845045348831,0.4678871203961793,1.2524046376593323,0.4052994314760034,-0.05532658856742776,-0.16105135604026274,-0.6630465982058197,-0.22456779587013337,-0.17111973822205095,-0.19196524585193578,0.21557413581011256,-0.13917136772560348,0.20734352449650598,-20.770954116694742
s211,20.435663487443833,0.9699582092650085,0.07326236381145981,0.2981550584075505,0.375850712681402,-0.5395808640639144,-0.46274579915819075,-0.18505744887326103,-0.776130473133326,-0.5582749381717423,-0.06544656127666788,0.6866200058738271,-0.3469502858015065,-0.4324161530479095,0.5275650647721095,-0.5609384697647599,-0.5795449505715446,-0.5931276049690055,-0.4327027368627905,2.163634684455449,-0.402668050488517,-0.35370725586820484,-0.1601875799617589,-0.004790189614739246,-0.49145422140286543,-0.31797588620112105,-0.3720719156863064,0.8999754254775965,1.4495018857114486,1.711097175741218,-0.7450983444763699,-0.5253453216553761,-0.13754547010973867,-0.1613758154431041,-0.2590841660290807,0.005779465328302208,-0.6944479534587428,-0.881898461256282,-0.6156167386871568,-0.6922512331256798,-21.060038569844266
s212,-20.09074480694088,0.02723891860374813,0.81263935882263,-0.009863869673015991,1.2002190356727354,-1.1957372457624518,-0.8818526404064567,0.14469098068111566,-1.2844099784344651,-0.5582749381717423,-0.06544656127666788,0.8707224506829964,-0.9088194600200015,-0.4324161530479095,0.5469796775294966,0.8852462395951903,-0.5795449505715446,0.45965893468798785,-0.4327027368627905,-0.5746541250308533,-0.402668050488517,1.1205920166928947,0.6455925213553212,0.1571318739787913,-0.2842222037087286,0.195773454727792,-1.4098281944162894,0.2698998379524576,-0.6820061248972666,-0.7188131453056694,-0.7393342733124993,-0.7735839563663518,0.8981046815230671,0.6850161128162838,0.3850929616909775,0.8062165865526835,-0.657507500411225,-0.818724168382587,-0.5918604288047692,-0.6516746939162551,-19.214313980347008
s213,-30.541776889749837,-1.0534615927097721,0.6214126979268607,-0.6287221274912794,0.6186181441636962,-1.4308184986225168,-0.3424306310582107,-0.48360883326529464,-0.7403308038276954,-0.5582749381717423,-0.06544656127666788,1.234094347310254,-0.9088194600200015,-0.4324161530479095,-0.6646673704660924,2.063160527760334,-0.5795449505715446,0.3118878982420593,0.23245551416085336,-0.5746541250308533,-0.402668050488517,-0.35370725586820484,0.7758659243714554,0.5174182110486703,0.5691579688923355,1.0334551226249529,1.4756057273337102,0.4831172922435331,-1.2699194841419001,-1.0607796632143534,-0.7638914772726437,-0.805706478922145,-0.07896130064170337,0.6819236350237733,-0.12212402855422008,0.8067290641293697,-0.028278988877882518,0.007928627861081075,-0.10888333433782478,-0.09089486722805241,-18.9121108669148
s214,-32.00189742320853,-0.4532697137922021,1.9324724034101843,-1.4794553207659347,1.0831440914748105,-0.7834294669781602,-0.8464649632397333,0.22568291275593588,0.3020026728193279,-0.5582749381717423,-0.06544656127666788,0.7485743093251379,-0.9088194600200015,-0.4324161530479095,-1.4897664739790153,-0.5609384697647599,2.8833950384845295,-0.5931276049690055,-0.4327027368627905,-0.5746541250308533,3.513371116161493,-0.35370725586820484,2.045167316430115,0.8136999134491565,2.507179852229621,2.0935861321391065,2.0906330659214367,0.5620840341067974,-1.247697421712653,-0.9402069090819628,-0.8029933637032827,-0.8472066886691141,1.546388463168784,1.802722905523963,-0.107924511870418,1.3833922149807303,3.2313096102281498,1.062322548511099,2.274426229963035,0.5611266073500885,-17.97391097043976
s215,27.453358564466665,0.854790528522131,0.457839093906222,-0.2874505848129134,0.4456873628538604,-0.8104788611092923,-0.31397618429897195,-0.36706476060928406,-0.5041523890299656,-0.5582749381717423,-0.06544656127666788,1.2126547926805757,-0.9088194600200015,0.33312408120447207,-0.13763055616785863,-0.5609384697647599,-0.5795449505715446,-0.5931276049690055,-0.4327027368627905,2.5370377039308543,-0.402668050488517,-0.35370725586820484,0.667369666721015,-0.17092565734011822,0.04551418527047339,0.08662665226331301,-1.5268133589310342,0.21916185053129478,-0.9102571056170695,-0.8099940482514949,-0.6021502886805268,-0.6340448568363781,-0.09669893764140912,0.2720413573267254,-0.2912690355037901,0.42155624240246464,-0.4245485364432495,-0.3856210453887611,-0.44777820928242157,-0.42037071682559507,-20.464160665816642
s216,-15.872617750954356,-0.6669118373229164,-0.3616641903436901,0.004919098622917642,-0.1185529278519445,-0.8678646633782587,0.54175677011131,-0.7607036506982072,-0.43373289944337906,-0.005649822305148216,-0.06544656127666788,0.19424275960579723,0.12996641997055589,-0.4324161530479095,-0.3323753267719941,2.3729482133386797,-0.5795449505715446,-0.5931276049690055,-0.4327027368627905,-0.5746541250308533,-0.402668050488517,-0.35370725586820484,-0.4425250969948608,-0.34662483329258326,-0.4134139972663029,-0.05333870180548991,-0.8290340846205863,-0.09753780984097046,1.0609364557966947,1.3579951308635199,-0.47176734348894794,-0.4747683461639112,0.10187749981829179,-0.476147779701107,-0.24982796611773173,-0.0682192160189714,-0.41393977969967616,-0.2762562675212742,-0.3364221278085029,-0.1613082306207305,-20.546952059815602
s217,19.66483817826317,-0.8509187648018842,-0.1202561456094158,-0.606697059020022,-0.4225908030509519,-0.06314377056583789,2.0357189572233723,-0.9522062675449459,0.8511291860856179,-0.5582749381717423,-0.06544656127666788,0.19496657768189854,-0.9088194600200015,4.011970206917304,-0.8444009034165749,2.553638377313939,-0.5795449505715446,-0.5931276049690055,-0.4327027368627905,-0.5746541250308533,-0.402668050488517,-0.35370725586820484,-0.33539964137005046,0.13329525094735026,0.3351941576042249,0.3425301742670605,1.5799590440366484,0.10842309288246717,-1.0704084057450611,-0.6289779065847588,-0.8293446429926891,-0.8635908215936333,0.7165823978543299,0.29994229609452894,0.48211163547843705,0.21437321789123367,0.05399815619960566,0.20543517452776489,-0.15918963616939805,-0.11629146543956614,-20.645279605578224
s218,47.48413524512048,-0.021664635428583698,-1.0233330878648073,0.9779556099059029,-0.9278657291471015,0.8881796276794405,0.62014177251764,-0.547536668808501,0.1896347941351543,-0.5582749381717423,-0.06544656127666788,-0.7723602106133801,1.1075786468936961,-0.4324161530479095,0.6241823864755381,0.07239537854085587,-0.13023476846610432,0.9037922233829904,-0.4327027368627905,-0.5746541250308533,-0.402668050488517,-0.35370725586820484,-1.0748477369318243,-1.0413959598155673,-1.1117963454876547,-1.100781960044167,-0.3677252942931284,-0.8969937816606197,1.1588309606045464,0.4886897102601978,1.3590340080939298,0.3300823799182055,0.0010602472250412149,-1.1186610906057628,-0.2987841719339194,-0.9216708951124601,-0.6293122493341247,-0.512241784372519,-0.5696926349722756,-0.4952068605183882,-22.675690574868597
s219,16.377469813246726,-0.9897917587280548,0.3060240657344939,-1.0037818065210828,-0.1891031239802954,-0.26632651023412907,-0.6462287883099679,0.0862374478375036,0.4022250499105054,-0.5582749381717423,-0.06544656127666788,0.9746300022702823,-0.1135584749722854,-0.4324161530479095,-0.9147581325544563,-0.5609384697647599,-0.27906435782913086,2.7354628045587575,-0.4327027368627905,-0.5746541250308533,-0.402668050488517,-0.35370725586820484,0.3284038534699999,0.15944734725173865,1.058029282462185,0.6994094473863003,-0.4416419567106065,-1.1160025246967857,1.6109576893032134,2.7356733414912835,0.2152507729855853,-0.044044158171265356,0.25655954655329355,0.41883654709035145,-0.30070902995827953,0.3613022697030117,0.346339331060462,0.40530029511544463,0.1955490260955473,0.18894700633180225,-19.69996813819463
s220,-3.636584803292387,-0.628767863862549,-1.4715748910623816,0.4524641965441175,-1.3937940490759024,0.696262901412268,1.0797637783763818,-0.7091515215802652,0.7170208432614165,2.930357400610683,-0.06544656127666788,-1.0339834030189115,1.3135640504325703,-0.4324161530479095,-0.16507794829402245,-0.5609384697647599,-0.5795449505715446,-0.5931276049690055,-0.4327027368627905,-0.5746541250308533,-0.402668050488517,-0.35370725586820484,-1.7106862499779352,-0.5890845669217618,-0.9270916224674819,-0.8755497196759584,-0.6914891982788167,-0.7842792674973125,0.8050105651042182,-0.2881825759753134,1.2410326846420963,0.3084086731088247,-1.1725689381814342,-1.5110713026028806,-0.28078911147777685,-1.3413221058265836,-0.3662369983699721,0.3892668938315183,-0.28178678862943557,0.3729913881462209,-20.56541179285701
s221,48.85107829377336,-0.7427312516059924,0.2120258408999147,0.2698716882790422,0.7398468824217485,-0.9719633608066078,-1.2143035831379285,1.1356706719676466,-1.3014482490713561,0.6548120353529924,-0.06544656127666788,1.0100613541562324,-0.9088194600200015,-0.4324161530479095,0.8415473261486245,-0.5609384697647599,0.10064743598466562,-0.03792674325934729,-0.4327027368627905,-0.5746541250308533,0.05884616027388002,-0.35370725586820484,-0.048511764438672486,-0.2551585683704029,-0.5834495673757091,-0.2010785307758618,1.133623195967374,0.040950741293323316,-1.1852101793609149,-0.8501302004803125,-0.7011375134296582,-0.7391034860829822,-0.48572489355939147,-0.02136635266598537,-0.2772271429010754,0.09985737223619971,-0.7191093961524663,-0.9464434082161742,-0.6298763092715083,-0.7260108747454358,-21.47236245537334
s222,-31.707122366435282,1.2147665481274763,1.1152749904469017,-0.2953357982052933,1.2718476382513397,-1.0061550709443492,-1.339530609093327,1.7865214862420664,-0.9131615638891337,-0.21605671827213294,-0.06544656127666788,0.8968963951620673,-0.9088194600200015,-0.4324161530479095,0.17390272630569314,-0.5609384697647599,-0.5795449505715446,-0.5931276049690055,-0.4327027368627905,1.8532952860470016,-0.402668050488517,1.4984494598826283,1.1126411413914268,0.18418279065677337,-0.12481883830737732,0.47815128858374273,-1.4614232247396741,0.4221309637029937,-0.7135517132276026,-0.6097439162049519,-0.7212564829534432,-0.7570975334335642,0.8628410242785131,1.0954975797897277,0.04056396984778844,1.1882703400131442,-0.6050604651569083,-0.759875183741943,-0.5748440343213924,-0.6422532045944926,-18.177173865698325
s223,15.523779751890272,-0.8372204910983307,0.04280536154305172,0.2026671292650273,0.24890001158434782,-0.3308857767075596,0.9323233670828215,-0.7921756269200605,-0.5193931264188735,-0.5582749381717423,-0.06544656127666788,0.6024411310717351,-0.9088194600200015,1.7407303183782057,0.5718220314878739,0.2867790188554506,0.869546940234612,-0.5931276049690055,-0.4327027368627905,-0.5746541250308533,-0.402668050488517,-0.35370725586820484,0.06910321779284823,0.1201058559283423,-0.5707273595436122,-0.22408783179152694,1.5169002117931036,0.1720295289793531,-0.933842082897074,-0.778120993230976,-0.6750438899247011,-0.7082686817767019,0.10185365764507792,-0.10630608412520216,-0.27533265275208757,0.07802891608835448,-0.6432952600308981,-0.720035000873581,-0.5895800748187319,-0.623221542483476,-20.492639747610813
s224,27.93471450146357,-0.834378877407842,-0.6718601932689645,-1.1147195384047028,-1.2866535619545427,1.5283397433106556,0.29394721289816167,-0.31235489841857667,2.2887794416235447,-0.5582749381717423,-0.06544656127666788,-1.2421742124175847,1.4031962636223192,0.9615912329724743,-1.1456772139985496,-0.5609384697647599,0.3904185844466186,1.8305170833340152,0.6900582421378074,-0.5746541250308533,-0.402668050488517,-0.35370725586820484,-0.3398905062243745,-0.09636618477414763,0.5951622824063426,-0.27605443610098535,0.03634091913767546,-0.6048491628018405,0.502767639450954,0.5023198594070483,1.6679549341234532,1.7752977988221783,-0.34935538063468957,0.11783592567659612,-0.2786500037223868,-0.181085573315844,1.2417099206034494,1.8201610796528054,0.8749917626516185,1.0941481694516615,-21.473708517273963
s225,29.62541165949096,0.03597728984159524,-1.4132295253684983,0.08058605631818291,-1.5865938254878673,0.8519122459986056,1.5954757253564458,-0.8032384644648825,1.2120973543571212,0.37805173644628765,-0.06544656127666788,-1.2421742124175847,1.7650026016686995,-0.4324161530479095,-0.6088702651009209,-0.24513641821010643,1.7088791344988983,-0.5931276049690055,-0.4327027368627905,-0.5746541250308533,-0.402668050488517,-0.35370725586820484,-1.2659702210465014,-0.7561140208824139,-0.42950374542251735,-0.8386584733423558,-0.4788929110731301,-0.9713535547063574,0.29341366494262866,-0.5258103378302764,1.4152705516142101,1.5071149608274343,-1.1185397277237854,-1.4235050007283183,-0.3010309639227908,-1.0778132387439294,0.2758187892300905,1.8726519786665217,0.4104606877509147,1.7697842408247573,-22.9763619264372
s226,39.52026337786357,1.7943177686606129,-1.269509264859805,0.32664348053495784,-1.45963583874911,1.102399677990891,1.4171164784502162,-0.7434471346611554,1.2097198404727716,-0.5582749381717423,-0.06544656127666788,-1.2421742124175847,1.79391533698999,-0.4324161530479095,-0.3694896067358763,-0.5609384697647599,0.8226978155597194,-0.3887404745594061,-0.4327027368627905,1.1455529475951574,-0.402668050488517,-0.35370725586820484,-1.0707553144169533,-0.9225024324416473,-0.49944418689211634,-0.9814433323029603,-0.17486591777032195,-0.9316731983835057,0.44480883896014517,-0.4349372876786048,1.505298480221788,1.6026647734158133,-1.2577833299930794,-1.2679294297829593,-0.28324627992159923,-0.9366124107672665,-0.03975356083141708,1.1454937036784578,0.057778189338805554,1.0631691071438252,-23.49615644619751
s227,-6.629154893727863,1.5107794285107243,-0.31123815477291544,1.037888711263319,0.306182462298368,0.8454172683228937,0.19496167181736476,-0.3679213930159934,-0.47055559221806736,1.3132309519042464,-0.06544656127666788,-1.2421742124175847,0.6644142277917845,-0.4324161530479095,1.3850437948900376,-0.5609384697647599,-0.5795449505715446,-0.5931276049690055,-0.4327027368627905,-0.5746541250308533,-0.402668050488517,2.1785382539473876,-0.5144407739451053,-1.1137973470511333,-0.6565804408698174,-1.0188102122963563,-0.7014797205392116,-1.1947525217715815,0.7586380777259946,1.8301631773529383,0.9519000951838755,1.3008940729406233,0.9855666523028865,-0.40658684148304663,0.010425256427641465,-0.4614344951636008,-0.7196191934174526,-0.9014842162669294,-0.6286736255539418,-0.7100512975186355,-19.942147853481078
s228,4.929286639480626,-0.6817261306456017,0.6357664231346911,-0.23625153004989644,0.5824928801164663,-0.3665139536559916,-1.0826794773549184,0.9440209404911557,-0.6034716556499262,-0.5582749381717423,-0.06544656127666788,0.8288021559935962,-0.9088194600200015,-0.4324161530479095,0.37705403028727486,-0.5609384697647599,-0.5795449505715446,1.223071958923891,1.4954142186361263,0.031928839095859196,-0.402668050488517,-0.35370725586820484,0.9181441288835863,0.38418013666089545,0.1102195720088877,0.013140838056895665,-1.4042364133237046,0.666610860176494,-0.4604584467353834,-0.6065336182148121,-0.6748235339803103,-0.7080833047321426,0.1797839303327269,0.533703744787817,0.34512298204430897,0.6235500581511746,-0.4790904713309958,-0.3834683987129969,-0.44542030469562605,-0.34862846872289466,-19.35600154849446
s229,7.897888142452515,-0.8232979476444923,1.2939383631555443,-1.618453792984772,0.31052529149376323,-0.23390460180405379,-0.9637492129688568,0.6634305053013483,0.9103880389789064,-0.5582749381717423,-0.06544656127666788,0.9332688828931891,-0.36649356142649764,-0.4324161530479095,-1.6496852760490637,-0.5609384697647599,-0.5795449505715446,3.268646623018582,-0.4327027368627905,-0.5746541250308533,1.5659337149840056,-0.35370725586820484,1.7944524880393908,0.667625714325576,2.5797040948242804,1.022304953475922,-0.04907078781071724,-0.9474655401926728,1.1820204752728267,2.046530807125509,-0.2578408904849708,-0.5958528313074106,0.04061799881816157,1.005978651871764,-0.3009715165652009,0.39832506284911573,3.774646168963793,1.056042090067933,2.7890052030496544,0.6039721271063654,-19.31982821700711
s230,-68.68436840413221,-1.7715712496784901,0.9311603014116294,-1.3211230747581473,0.5049582651091783,-0.6117881266410152,-0.7509339507231422,0.12966789330304582,0.30267851406206514,1.7928426031232838,-0.06544656127666788,0.6493779082597585,-0.9088194600200015,-0.4324161530479095,-1.2266662304309792,-0.5609384697647599,0.6728398100189737,-0.5931276049690055,2.6856016106668594,-0.5746541250308533,-0.402668050488517,-0.35370725586820484,0.697663456072983,0.3524727974360618,1.980153230933195,1.1341027561216692,-1.2958561774437352,1.0786332086327963,-0.44205174597703184,-0.6711229118676824,-0.6937803789956238,-0.7312951000939666,0.49800123246190553,0.9188429882165214,-0.29449485693487465,0.8041670801754709,1.635644170820313,1.0420416959281473,1.3216305158699495,0.7076636804082352,-16.639647614431244
s231,-11.240948947352559,-0.4990877640625619,0.6324854869726717,-0.00992053933270628,0.8425151237520295,-0.4795119039678151,-0.6318258865437115,0.009183698560217383,-0.8320730084812662,-0.5582749381717423,-0.06544656127666788,0.4706828922510694,-0.9088194600200015,-0.4324161530479095,0.6160789982036378,-0.10882247583398101,0.11349899720531291,-0.5931276049690055,2.119810702339797,0.4853286399315863,-0.402668050488517,-0.35370725586820484,0.5843898975501456,-0.22625691376765236,-0.3109839834409069,-0.09188047107192039,0.4839334594967975,0.6380888337016867,-0.8715698849389838,-0.5601705523687431,-0.8557100461019057,-0.8931005654671205,-0.03679835616848848,0.4954961733190827,-0.14465673323200712,0.6805590786808238,-0.5917875292220804,-0.6235724394971451,-0.5826747137609347,-0.6235993476227956,-19.124129615755344
s232,27.669916855252517,2.1672262236355646,-1.2722037700133249,1.4983965531402201,-1.3157002002676828,2.051539705602807,0.638152666402954,-0.39966909383582405,1.0070238052472698,-0.5582749381717423,-0.06544656127666788,-1.2421742124175847,0.6213119349750232,2.7975344243456997,0.853328673657094,-0.5609384697647599,-0.5795449505715446,-0.5931276049690055,-0.4327027368627905,1.3946631694627203,-0.402668050488517,-0.35370725586820484,-1.2802389847573798,-1.1816552019366768,-1.1639003083357469,-1.4249610406800204,-0.31818541479727763,-0.3962221985781273,0.9177753462710551,1.2953795289959364,1.1282195553860288,1.2024576248526782,-1.2630689595349571,-1.3607016747685843,-0.30164152651612364,-1.4677874731323424,-0.5850035841887241,-0.17853577914175925,-0.5373313509110144,-0.3057714449098623,-22.05202611453251
s233,-14.766448094925195,0.20892804154721736,-1.1780289971414246,-0.09970359559603878,-1.390782025325898,0.9106131096572786,1.2840830214022843,-0.7341360055016495,1.228080839570113,0.09703654674240324,-0.06544656127666788,-1.2421742124175847,1.6619113319788321,-0.4324161530479095,-0.5816840158910821,-0.5609384697647599,2.1548284433844205,-0.5931276049690055,-0.4327027368627905,-0.5746541250308533,0.12365453880647195,-0.35370725586820484,-0.9448754289209477,-0.7341279588467583,-0.09410145891177317,-0.7439374346802852,-0.6105835692884567,-0.857024282332206,2.1886723180387286,0.17464023750048133,1.3971372565815408,1.520045876821423,-0.2658835586927951,-0.9981546398887348,-0.29505176693509355,-0.6676729048773028,0.32286523375350124,1.7776863230344966,0.685025279951614,2.1929241866020854,-21.089871007465433
s234,-4.043456197269535,0.8545232312375962,-1.086351542329228,2.4024052102853246,-0.3973669627541748,0.9023623241930948,1.087568915507319,-0.6879777428862591,-0.8161773090262113,-0.5582749381717423,-0.06544656127666788,-0.8999182347812147,0.8382522043455731,-0.4324161530479095,1.8692113430560722,0.3198759079139191,-0.5795449505715446,-0.5931276049690055,-0.4327027368627905,0.29902642053729006,-0.402668050488517,-0.35370725586820484,-1.0855517176536889,-1.4374734541460124,-1.3498250473689097,-1.6234136661146796,0.2594144468126004,-0.7912860036604062,1.0584019942931484,1.1939733242699977,1.0222273455375566,0.11952971808153735,-1.6683288627008266,-1.3078367838399048,-0.29005466513943745,-1.9482043235107642,-0.6978369466407556,-0.6811113886430848,-0.6199184647461163,-0.6407989692487982,-21.198654807814222
s235,-77.65686770526274,0.9845716724643292,2.4479788177506365,-0.9446649053338885,1.9756705582470266,-0.9389049987283441,-1.0700678033826798,0.6540545191180352,-0.39385838634001646,-0.5582749381717423,-0.06544656127666788,0.2748549480363347,-0.9088194600200015,-0.4324161530479095,-0.5977553361017552,0.03616790611479406,0.8542088889559277,-0.5931276049690055,0.18965166348211016,0.17914447982773557,-0.402668050488517,4.198644222451961,1.8635221239514443,1.8294535180546614,0.8983291076231751,1.2711017402240934,1.2221897747096104,1.0526262153332502,-0.551981496917674,-0.29663008345823894,-1.0071692461994945,-0.9216487028865348,1.38236988965631,2.4073045849892187,0.43892185065782957,2.019538556422478,-0.040059439190409045,-0.28958773801237186,-0.2853022451679506,-0.42878306070704986,-16.344704889092927
s236,50.44869642098385,-1.1464373990795877,0.8240477870475121,-0.8275334698534831,0.409470783169619,-0.582439537539709,-1.254002943233216,1.5425410808510562,-0.21278924533747876,-0.5582749381717423,-0.06544656127666788,1.33215965296933,-0.9088194600200015,-0.4324161530479095,-0.45015780910948167,-0.5609384697647599,-0.5795449505715446,2.522014175756614,0.6814547097316725,-0.5746541250308533,-0.402668050488517,-0.35370725586820484,0.5983069357499028,0.6027333886916798,0.13439988407064182,0.3682729033545228,0.5788476058505666,0.6108460698298084,-1.2648760059968018,-0.9409393531811726,-0.7112893629035748,-0.7498780016101173,0.888702812560836,0.7654464682455271,-0.28899339914961286,0.7269511497807329,0.02818966965966261,0.19536649374941933,-0.10239304146901504,-0.023027062330105836,-20.354955565366687
s237,-10.762828731127643,2.9395625921144255,-0.6092864231051811,-0.36647094335572855,-0.963909661758681,1.0285854729787436,0.5524954009575637,-0.5030369986311779,1.4427989544645068,-0.5582749381717423,-0.06544656127666788,-1.2421742124175847,1.4785779650640318,-0.4324161530479095,-0.7589866797161121,-0.5609384697647599,-0.5795449505715446,-0.3450000380904257,-0.4327027368627905,2.6138008408787807,1.221610562875639,-0.35370725586820484,-0.7436231088677728,0.023110668645657015,0.23966047567589066,-0.1689614753321301,-0.17855756141773862,-0.5243390644243333,1.7868622403352952,1.395667520844058,1.1605170332264656,1.2556672520843155,0.01625613624631664,-0.057705255320333534,-0.2867874789761907,0.10333564012394487,-0.04570642427949058,0.30174537930321166,-0.2596759191008449,-0.13563391341676326,-20.574888008173755
s238,-8.983379341434143,0.5338175961813527,-1.170233199186445,-0.9069868929211731,-1.5765388844251773,0.8620502987594276,1.5589285230836663,-0.7954752024040597,1.893126105434013,-0.269888797806903,-0.06544656127666788,-1.2421742124175847,2.0255265194941163,-0.4324161530479095,-1.4250456764702129,-0.5609384697647599,2.2879627284834,-0.5931276049690055,-0.4327027368627905,0.3406727522974332,-0.402668050488517,-0.35370725586820484,-1.2354094704094736,-0.4796775815363603,0.9638932530230474,0.08223453164241376,-0.026882474953960678,-1.2187509212732177,0.23224447139148913,-0.5069445022665521,1.503129359729181,1.6003626094123113,0.2749310366412932,-0.9331053483081323,-0.17978122074877542,-0.5912235222631687,3.8194302731989733,4.75086543431929,5.643664613940487,5.989595838852329,-21.814975990020212
s239,-13.605255780505384,-0.20875603408143462,0.7872459453248389,-0.900531932770045,0.6506646846088223,-1.6209150546282227,-0.44046393634217945,-0.46117057809884193,-0.556874016855555,-0.5582749381717423,-0.06544656127666788,1.3282959930671865,-0.9088194600200015,-0.4324161530479095,-1.2599756572662593,2.3395919912984167,-0.5795449505715446,-0.5931276049690055,-0.4327027368627905,0.5587247494349502,0.3030082427311647,-0.35370725586820484,1.111378932309811,1.5432717467358181,1.9439833272841374,1.9158106023259893,1.2681258748252922,0.8319612039946177,-1.147559466103779,-0.9197426503803207,-0.7231929003732231,-0.762511645324407,0.44623943402846367,0.8387018508793065,0.20407224207395028,0.8943345494146089,0.5793442377682241,0.10270307806051411,0.32191377408839944,-0.041292829258191284,-19.386057842074095
s240,-32.66757942421054,-1.2040559856452084,0.7149308701078739,-0.3839293592039097,0.9163798206848409,-1.212721422568371,0.04498749628363913,-0.6424287363449841,-0.848475371921382,-0.5582749381717423,-0.06544656127666788,0.6376975405420968,-0.9088194600200015,-0.4324161530479095,-0.18988502868435828,2.4205902264496255,-0.5795449505715446,-0.5931276049690055,1.6634611092530047,-0.5746541250308533,-0.402668050488517,-0.35370725586820484,0.6698426589163715,-0.19798313527814493,0.14622813592044337,0.4868750078780476,1.33186820034896,0.6380185508574534,-0.6477905824055847,-0.5502494757017315,-0.7446902322455525,-0.781343814976233,0.8977304980570957,0.615536480429107,-0.2826250047312307,0.8210912898306382,-0.09372114260486068,0.18697015196109093,-0.10330094633157066,0.10428956461167173,-18.795894333725496
s241,-59.426817901694974,-0.29153123433220723,1.7879959116728437,-1.1986026840187436,1.2276950095939063,-0.9913687887323683,-1.0141223255838991,0.48737214895952174,-0.1515502414327746,-0.5582749381717423,-0.06544656127666788,0.9004770034160826,-0.9088194600200015,-0.4324161530479095,-1.0418060786955223,-0.5609384697647599,2.7154733479005717,-0.5931276049690055,-0.4327027368627905,-0.5746541250308533,1.3213697476292863,0.9579594830290804,1.5732432513573607,1.362159207157347,1.9548649993362943,1.0621845549352535,1.3030746244406592,0.5312481533365077,-1.0909949178317588,-0.6459973263423738,-0.8365729814632653,-0.858156517279727,1.091397780060167,1.6962217320672563,0.3190756870115142,1.5317944222296673,0.8710982137125739,0.37213097874705087,0.5575848106414178,0.14151067578803325,-17.321199982617035
s242,11.355990671480217,-0.7855919165999284,0.16293355804317627,0.0499840159685757,0.4034083207132293,-0.9207131214039077,-1.410641786651352,2.4193260478397374,-1.0453161453204711,0.4012153979953867,-0.06544656127666788,1.296326809346923,-0.9088194600200015,-0.4324161530479095,0.47627661736318666,-0.5609384697647599,-0.5795449505715446,1.194782246090668,-0.4327027368627905,-0.5746541250308533,-0.402668050488517,-0.35370725586820484,0.12865115617148673,0.8014893893762143,-0.5184577289339706,0.007431510225161535,0.4646391574836507,0.020931666987787315,-1.134012808908122,-0.8749102286603115,-0.5944969774524619,-0.6259221279806507,-0.721991788973054,-0.02819772553806932,-0.29996584138181964,0.11881838476301894,-0.7209446663064176,-0.9661816630565794,-0.6260624783592869,-0.7202946244788633,-20.176504132856827
s243,6.253910392240416,-0.1793470077420104,0.010737652553985727,-0.9567459311210401,-0.1192080538898639,-1.284994608346932,-1.2532454218369617,1.1320868298742575,-0.23270363203042124,2.528186855226634,-0.06544656127666788,1.512425423236122,-0.9088194600200015,-0.4324161530479095,-1.2843562349876299,-0.5609384697647599,-0.5795449505715446,-0.5931276049690055,-0.4327027368627905,0.6385118032225717,-0.402668050488517,-0.35370725586820484,0.354302355006866,2.2386257863349486,0.9084814834855197,1.6031899429984757,0.8646786000478615,0.6647744513634893,-1.232566596564182,-1.1565169764616485,-0.4148671903242652,-0.4352747059989247,0.3231569695206299,0.051088295073986136,-0.22188851619655692,0.11321063343348925,-0.08055507410912165,-0.37592581300235656,-0.13583420390648016,-0.31684821400650537,-19.960721244423937
s244,0.7402497477471089,0.2606115196126448,-0.9118533327455287,0.9916483545155691,-0.7692060706445554,0.7784277154733903,0.37832414690094246,-0.4665942575223952,0.024539567193270922,-0.5582749381717423,-0.06544656127666788,-0.6037666692960816,0.9203469808329365,-0.4324161530479095,0.7244979788661791,0.02583886685592801,-0.5795449505715446,0.9324414067007321,-0.4327027368627905,-0.16194552455803743,-0.402668050488517,-0.35370725586820484,-1.0105752950930271,-0.8230775039290023,-1.0796913217861066,-1.028672561877451,-0.392791819171497,-1.0701861198816947,0.5301327512417023,0.999931423016592,1.185153940257993,0.23310096276631828,-0.5098922438506596,-1.0325394252312026,-0.07444581880149655,-0.8690818636291672,-0.6683527059572448,-0.6830588587924977,-0.591266709257099,-0.5748060524801264,-21.219936889316745
s245,39.11139018998317,-0.8263254327011734,-0.34075319142308863,0.37573831781717915,-0.037246471706517646,-0.12716515395342742,0.03414675597175445,-0.4467784713854932,-0.48110464918441265,0.36719500747023004,-0.06544656127666788,0.20114861043283253,-0.09194812211772797,0.13437805885048837,0.6001209573205498,-0.5609384697647599,1.0637082909885305,-0.5931276049690055,-0.4327027368627905,-0.5746541250308533,-0.402668050488517,-0.35370725586820484,-0.43828954794233677,-0.9366218194071837,-0.5320860717073161,-0.5081637285160953,-0.751717698677885,-0.1124742981322241,1.659355791322119,1.446289957993605,-0.5397498478369067,-0.4950736241035737,-0.4832988724182534,-0.47484984602567415,-0.28964330293306173,-0.29014780210150026,-0.6881956242969716,-0.830853721381746,-0.6038417962532491,-0.6481445201299094,-21.522562011203878
s246,-42.8136359652942,0.29086825322278437,0.9806987275796182,-0.012973153628631212,1.2838390542466964,-0.5344369273446752,-0.7539407130129141,0.15779550875749174,-1.043517842619896,-0.5582749381717423,-0.06544656127666788,0.22912612107984898,-0.9088194600200015,-0.4324161530479095,0.8373638317824579,0.5693515150621874,-0.5795449505715446,0.2150021548993647,-0.4327027368627905,-0.5746541250308533,3.159711226133672,-0.35370725586820484,0.8674781935766274,-0.013113203446659524,-0.3474703242332258,0.08090859402291216,1.340577091545841,0.5367772529153021,-1.1029633324995598,-0.6092536430863573,-0.963864879681281,-0.9848923644380677,0.9440908052472603,0.8824133870786203,-0.25158986287901336,0.9528884590815551,-0.5992183784867211,-0.6438250849774387,-0.5561941552697293,-0.5632646148132923,-18.06013829922115
s247,-76.98726523741726,-0.39194681210229815,0.26350275042220456,-0.6733174560110767,0.17275031755516437,-0.1732089528302843,0.3337179853222173,-0.5907402992395846,0.3294453247926486,2.526095284099415,-0.06544656127666788,0.33261005972440627,-0.9088194600200015,2.034233335642972,-0.443998818279963,-0.5609384697647599,-0.5795449505715446,-0.5931276049690055,-0.4327027368627905,-0.5746541250308533,-0.402668050488517,0.9877152582217227,0.5264338073776206,0.9324918179697698,0.27716545416935623,0.8227584911884507,0.7445573748736171,0.4749960355380003,-1.1679066275580352,-0.7208302869920695,-0.8643677348848633,-0.8492097331361689,1.5825696524307766,0.9102626754660925,-0.30084968823697783,0.7929918094853378,-0.3852396105876835,-0.3870622161652037,-0.3676244267235854,-0.33164705442355746,-16.62499542985015
s248,-3.7394216324917746,2.051897597367518,-0.5634207485123199,-0.04341084456710576,-0.6916998751331417,0.42262645330264637,0.38734632053673074,-0.5231155023289528,0.6510378491548547,-0.5582749381717423,-0.06544656127666788,-0.39639279049300835,0.9504567164848365,-0.4324161530479095,-0.38707891402034683,-0.5609384697647599,-0.5795449505715446,-0.5931276049690055,-0.4327027368627905,2.8482068868270245,-0.402668050488517,-0.35370725586820484,-0.3084889849901319,0.03563846750862864,-0.06262673386085747,-0.16675265777103807,-0.3950240266583769,-0.675707526737455,0.7400773933782663,0.9419100742866605,0.9251393792840201,0.097883071394133,0.030674293598475115,-0.6431279999879217,-0.2928308268419224,-0.13292548741650367,-0.2611260713709313,0.1144874934750757,-0.3718000532981123,-0.21389226033164943,-20.87245838906029
s249,-0.1307947189487557,0.03949245278721612,0.3994072060232543,-0.1333884938507051,0.7152922831722244,-1.2017454078778687,0.18475794530424605,-0.6956477366657605,-0.8275078582705199,-0.5582749381717423,-0.06544656127666788,0.3462445555871073,-0.32447551883276665,-0.4324161530479095,-0.15841791932223273,2.5925705879024226,-0.5795449505715446,-0.5931276049690055,-0.4327027368627905,-0.5746541250308533,-0.402668050488517,0.8865762591435137,0.26804834057052884,0.24502266998043884,-0.10036483650945724,0.34121042579782096,-0.41729662959598185,1.9686865974319672,0.5247786002102689,0.04339204739217702,-1.3066054259980837,-0.8960951596802704,0.8918222481926283,0.46042722967457744,-0.09328208821647478,0.7794085224059605,-0.5034651530631643,-0.5467012438418297,-0.5182504572361086,-0.5423702962523353,-20.311929305058033
s250,-41.26427290813577,-0.10830289718606827,0.5945763228884223,-0.138991142970027,0.9002086392560363,-0.8198220845169539,-0.002109769945264516,-0.5514600801133928,-0.7479238302475688,0.4708010768565641,-0.06544656127666788,0.5110804654743867,-0.9088194600200015,0.749296307608184,0.27517509892607805,0.7695514628463943,-0.32158519642475547,-0.5931276049690055,-0.4327027368627905,-0.5746541250308533,-0.402668050488517,1.1205920166928947,0.46704329233267045,0.4972811960767378,-0.22665757353258287,0.310129265074667,1.0073689226754268,0.24848409825188764,-0.438044798910417,-0.6327692181282479,-0.7497219517113771,-0.7772814658796111,1.2001088525760117,0.6491680769442385,-0.1742603779661705,0.7743388207866496,-0.6492857089316748,-0.8129928327624941,-0.5767898395154605,-0.6269093190513807,-18.2908289451548
s251,46.703480980835856,-0.8337620103873198,-1.6607477317389645,-0.7823842847311318,-1.834789991082365,0.6879239336732954,1.5236972390775152,-0.805759289385527,1.625076501808962,3.8320245934350887,-0.06544656127666788,-1.2421742124175847,1.7408372773472172,-0.4324161530479095,-1.2896881036181655,-0.5609384697647599,-0.5795449505715446,-0.5931276049690055,-0.4327027368627905,-0.5746541250308533,-0.402668050488517,-0.35370725586820484,-1.9665574939866362,0.35376189135913294,0.11373554945184076,0.2940953498661939,-0.6577740443480102,-0.9076874880985438,-0.26526446011822374,-0.8446441782648302,1.1888362275191255,1.2667922346968625,-1.4185731006342333,-1.4968770059749439,-0.28797858322995623,-1.0690972311441522,1.6921853220279095,3.4139550575289412,3.1295419272147518,5.068621931862006,-23.16191337748571
s252,-30.196657955224996,0.9345150200978081,0.9179233839531696,-0.018031144875022928,1.215615157866669,-0.4877266960952835,-1.1232909115757548,1.0262133353584566,-0.9515214476657665,-0.14808186637426538,-0.06544656127666788,0.38976287799819476,-0.9088194600200015,-0.4324161530479095,0.7656230866495981,-0.5609384697647599,-0.5795449505715446,-0.5931276049690055,-0.4327027368627905,1.1320875301969104,2.632999623498848,-0.35370725586820484,0.8521834537001172,0.6272049805758697,-0.18868305565041624,0.1066936415809457,-1.5994567252615481,0.634382758570908,-1.0571549421492314,-0.595852367248419,-0.9075285594585654,-0.9357462223351894,0.9019835119118412,0.760206331631547,-0.21584588679826983,0.8913219097309466,-0.670528715606691,-0.8391963716169751,-0.6120525568870602,-0.6913491575837891,-18.36403387539604
s253,5.5149584184771205,-0.8822500570910494,-0.0036078135213087085,-0.39319485216377037,-0.4105806564428685,0.8502063891126648,1.0059190241535851,-0.6725311529965076,0.8600288724717233,-0.5582749381717423,-0.06544656127666788,0.4059595468654792,-0.9088194600200015,3.611852321324869,0.022103918597331025,-0.5609384697647599,-0.5795449505715446,1.744262059339271,-0.4327027368627905,-0.5746541250308533,-0.402668050488517,-0.35370725586820484,-0.04206743624570875,-0.28113386850915995,-0.21481774860431474,-0.25808357211986677,-1.5310936199088876,0.4075234445871931,-1.2776275926902225,-0.7925327364453982,-0.7183369388891041,-0.7380113737681414,-0.6574533566611381,0.09380779671480426,0.647469877960096,-0.08705674244299517,-0.4595814755916625,-0.32894898281159685,-0.42614532582427994,-0.30462896659674843,-19.489785918903074
s254,9.743953932321203,-0.9215021400307296,0.01961236027030691,-0.7060996575987097,-0.19339731579519961,-0.5232023365663089,-0.7721307879627674,0.18896376243147542,0.0066927907890419564,0.8091954077385819,-0.06544656127666788,0.9842160279824346,-0.32852834566319516,-0.4324161530479095,-0.6419796949952937,-0.5609384697647599,-0.5795449505715446,1.6283259599746738,-0.4327027368627905,-0.5746541250308533,-0.402668050488517,-0.35370725586820484,0.08979758756919126,1.074391887534658,0.4693142953277927,0.7840259401801408,-0.7133642690360986,0.6501520032138162,0.8799340577365754,1.3895071540797037,-0.7458117352278798,-0.3948988533432136,-0.40771889511922244,0.20577178150002956,-0.1640996771746285,0.4025330325856169,-0.31382057048817535,-0.3005845707182227,-0.3168183130357376,-0.2803960213764513,-19.743287582359166
s255,11.438676957819924,-1.0156329006984899,0.26514781161758094,0.0298582878590594,0.6930294945506135,-1.1988064622078491,-1.0625270693628281,0.5208954625296413,-1.2215028393838487,0.4012153979953867,-0.06544656127666788,1.2072565980569403,-0.9088194600200015,-0.4324161530479095,0.47627661736318666,-0.5609384697647599,1.2092974566893668,-0.5931276049690055,-0.4327027368627905,-0.5746541250308533,-0.402668050488517,-0.35370725586820484,0.21928851853643958,-0.22960802485865828,-0.5847754466907115,-0.09473946340457391,1.180221369064902,0.07194981608877687,-1.0974325091314874,-0.877480709336815,-0.6774523280584325,-0.7139655643475359,-0.291726983267905,0.03028651736284583,0.17642402431832516,0.22257385226405618,-0.6273458884548909,-0.7066244136393531,-0.5733939084992551,-0.596734015513468,-20.456925991740576
s256,-46.736820544864486,0.31262594303757896,1.3094774371671922,-0.3697235547477306,1.4674250021003759,-1.1700388580362797,-0.9614549045495435,0.3011436491422328,-1.0397881637690065,-0.5582749381717423,-0.06544656127666788,0.7398350467741106,-0.9088194600200015,-0.4324161530479095,0.16332631215564472,0.9584513416973045,-0.5795449505715446,0.5355234514521454,-0.4327027368627905,-0.5746541250308533,-0.402668050488517,2.104907853535556,0.8741006757394624,1.0635464141932822,-0.11254226042872324,0.7728391622609704,1.2215680868799959,0.39832336572826343,-1.0588591426223932,-0.7313849975775605,-0.8817172156912163,-0.899071601876026,1.2731908694414074,1.3673834241854261,-0.19071671454980463,1.4046453171218,-0.6216652903593267,-0.8061212389275793,-0.5849396721878921,-0.6639517664510645,-17.768504612400548
s257,36.02617106427029,1.4171131492034204,-0.12700456415346234,-0.014286546887672646,-0.10729622352664889,-0.18607389744693564,-0.14200475615362226,-0.35479473768910297,-0.07806575579635013,-0.5582749381717423,-0.06544656127666788,0.3250656386803782,0.160979447692013,-0.4324161530479095,-0.08219758775619469,-0.5609384697647599,-0.5795449505715446,-0.5931276049690055,-0.4327027368627905,2.6200161527031662,-0.402668050488517,-0.35370725586820484,0.03756758811119556,-0.5587619114225713,-0.24423077339508067,-0.08332610973537131,-0.393967335925415,-0.2758794490280425,1.289431059804548,1.7489345778955696,0.01401989987085082,-0.27771345766429284,-0.2660022977433902,-0.3448803633368482,-0.30106592446040126,0.06327670485536079,-0.5148438280176636,-0.47579937968362673,-0.48606153098684995,-0.4355062900687381,-21.636609940397
s258,-25.39318805017206,-0.922528163280384,0.6743713358793797,0.11023682770949454,0.9744770736210334,-0.05811172293636271,-0.7552331121265287,0.30592973898607867,-0.8569643407742481,-0.14045036736407973,-0.06544656127666788,0.06550077333511535,-0.9088194600200015,-0.4324161530479095,1.0444452667408697,-0.5609384697647599,0.6922566280126251,-0.5931276049690055,2.5944001196985114,-0.5746541250308533,0.24452513344107696,-0.35370725586820484,0.5849056416326175,-0.6925765808386918,-0.5058622040556832,-0.23517215441306233,1.024064519344827,0.6267645987762215,-0.8225611079129692,-0.5563555951684448,-0.9519705847366028,-0.9478030853150324,-0.07104772948425629,0.4427358364392912,-0.2514854229680036,0.5927622720998227,-0.6005082050392302,-0.586409927896803,-0.547251914226202,-0.5124914844432688,-18.60059101905129
s259,26.036006072251194,-0.9879902467664721,-0.1032037772198946,1.0130554208470037,1.019157017456064,-1.0367090138107689,-1.209895431950447,1.0822344565746542,-1.8462547376892693,1.4604280443821331,-0.06544656127666788,0.8459718084425162,-0.9088194600200015,-0.4324161530479095,1.6683008136031507,-0.5609384697647599,-0.5795449505715446,-0.5931276049690055,-0.4327027368627905,-0.5746541250308533,-0.402668050488517,-0.35370725586820484,-0.12137271616453617,-0.4053327661663391,-1.0172503404509627,-0.7958344329189604,0.9734351096533556,0.018808467747853153,-0.8691215487431772,-0.778570097382411,-0.7061343134731609,-0.7444067660215822,-0.6292233468934302,-0.44288329374598856,-0.26275543182944117,-0.9315299512926646,-0.7533932622228103,-1.0484812101586807,-0.6399063462079588,-0.751306144800067,-20.945423624206537
s260,-41.62666265146198,1.9064040143398335,1.734841799663744,-0.7640481783763287,1.2684660731806707,-0.488016909288634,-0.34835103920634,-0.27063786827536795,0.042507260442586584,-0.5582749381717423,-0.06544656127666788,0.25799906847573567,-0.9088194600200015,0.932088431151937,-0.5446009325901586,-0.15215025858568065,-0.5795449505715446,-0.5931276049690055,-0.4327027368627905,1.8213485832696612,-0.402668050488517,3.4406415715380163,1.4181390862460768,1.2430769572687514,1.0076446655098208,1.0117848416266069,-1.5294756908368177,0.6295065344807329,-0.8869348042537246,-0.5621971809100269,-1.0846121982422605,-1.0413839585114115,1.4331458228225382,2.2026625676179346,-0.18959449949893661,1.723560326956397,-0.31378803023721874,-0.5085754462171581,-0.3828535462185749,-0.4792854259514877,-17.428759428379617
s261,19.288441041278034,-0.42190372515086355,0.38571252776198783,0.10537405454284776,0.769137624184416,-1.1600585458127104,-1.0141383327504914,0.4189171604431689,-1.2597576308314342,-0.5582749381717423,-0.06544656127666788,1.2411283685474972,-0.9088194600200015,-0.4324161530479095,0.579094303013938,-0.5609384697647599,1.2176957778502167,-0.5931276049690055,-0.4327027368627905,0.23526228340875727,-0.402668050488517,-0.35370725586820484,0.3073618389095495,0.2223200407296506,-0.5331873936416783,-0.11707429887483649,1.1824844583708798,0.04754904805799432,-1.1725202905126655,-0.9737105567940433,-0.7235567832323302,-0.7628978470234747,-0.34685404030796013,0.12895474354565403,-0.24067101164108215,0.3513655494943197,-0.6174295093972497,-0.6754951782846119,-0.5251935973014996,-0.48048626504399305,-20.65616574581777
s262,-30.563083303740612,-0.5577304209288659,-0.2250251585849964,-0.4445940709351636,-0.1874090344823792,-1.1890751178715881,0.7029098181817486,-0.8450306290646658,-0.25477115685955287,-0.5582749381717423,-0.06544656127666788,0.4245970508698501,0.043586584170990074,-0.4324161530479095,-1.0535795712121592,3.4536184023526553,-0.5795449505715446,-0.5931276049690055,-0.4327027368627905,-0.5746541250308533,-0.402668050488517,-0.35370725586820484,-0.08811396523666892,0.28000671963270196,0.7882745511772276,0.7170710131299899,-0.1339288046535201,0.40029396683466517,0.45894148081183017,1.2015348903863254,-0.7793050771376691,-0.5946197715390237,0.03200862968121763,-0.09073880895989679,0.6435284975722739,0.39546342414428276,-0.10378409731372519,-0.1757990978083394,-0.2350312166671861,-0.2863169574803691,-20.140400407521465
s263,-59.811998805939275,1.8546694228152065,1.8691829132321434,-0.6373132580983115,1.6580053231738934,-0.9360729188127555,-1.3722369949133961,2.0749683864613555,-0.6052002748320797,-0.5582749381717423,-0.06544656127666788,0.6333081883590397,-0.9088194600200015,-0.4324161530479095,-0.24933132685280815,-0.5609384697647599,-0.5795449505715446,-0.5931276049690055,-0.4327027368627905,2.2543611209143326,-0.402668050488517,3.2027683654906993,2.0974845298813944,1.4021837962124803,0.7638965857382066,1.0681559539920944,-1.580611408247532,0.837251058357146,-0.6723883865584315,-0.6944701721712758,-0.9971856907570638,-1.0043767056241815,2.256598919715091,2.0586527200072164,-0.2817622221292699,1.8570305490664685,-0.34368869260150375,-0.4675455452948321,-0.40913730361055783,-0.4703009650011529,-16.86996628366655
s264,-21.387567741225972,2.734862340308663,-0.6396088524200385,0.6886642447959092,-0.6086494669548044,1.1773781220644803,0.333229055576246,-0.3859464799196468,0.47872794568490556,-0.5582749381717423,-0.06544656127666788,-1.2421742124175847,1.0896125217949701,-0.4324161530479095,0.5090249841209111,-0.5609384697647599,-0.5795449505715446,-0.5931276049690055,-0.4327027368627905,1.8861054132237294,1.4776905244420602,-0.35370725586820484,-0.5223223755445346,-1.0686278469946677,-0.9253908124948866,-0.7824979711808473,0.05534419180006448,-0.4800274717079514,1.7528068080118444,1.156122261041513,1.3409072561198647,1.4683936207894361,-0.7572900606136116,-0.5739008334357394,-0.2253080227759369,-0.2485140700899356,-0.5952286607607395,-0.4769024199880768,-0.5462696502642271,-0.46444980255204693,-20.742711619677962
s265,-17.10004422166786,2.0402133841233088,-0.7864711970597433,0.6592696770219426,-0.7121157915002995,0.6932650605471684,0.5434385467860992,-0.5457521505653014,0.31453197130550126,-0.5582749381717423,-0.06544656127666788,-0.6381276386693215,1.0189457630733139,-0.4324161530479095,0.3085658022443386,-0.5609384697647599,-0.5795449505715446,-0.5931276049690055,-0.4327027368627905,2.327546338544418,-0.402668050488517,-0.35370725586820484,-0.814076716943498,-0.47343656931035066,-0.950261796926846,-0.797215313822427,-0.3861957741740377,-0.723586275408256,0.9410044034845955,0.764241890315152,1.0851464544289047,0.1011015212506064,-0.5138941084791975,-0.9718128796440871,-0.1917630884522877,-0.628186849742255,-0.5254228495479412,-0.24656252873735943,-0.5343233756342377,-0.4370994522730201,-20.595366957166654
s266,6.352409656310707,0.4344787865460433,-1.3979596477506662,1.2091445020509075,-1.4335079229021739,1.385196542487231,1.3198156140736146,-0.6927871070478799,0.7181501865097181,-0.5582749381717423,-0.06544656127666788,-1.2421742124175847,1.4830652418114922,0.03435555086841812,0.47790113832184056,-0.5609384697647599,1.338228244284449,0.05610210339089863,-0.4327027368627905,-0.5746541250308533,-0.402668050488517,-0.35370725586820484,-1.4082003987207312,-1.31055438491065,-1.014490343898452,-1.3519798017618563,-0.2571736049311296,-0.9034428873897429,0.4710350672292462,-0.33519179487472417,1.4899525338712418,1.5863775798697142,-1.5414138552883674,-1.511317765716449,-0.2836766851602027,-1.4149635241634553,-0.5614833708332441,-0.13578786411148916,-0.5328278080812684,-0.3223481307760785,-21.9865113361999
s267,-22.212335388243293,-1.1356524815262714,0.5827626565632963,0.0037947434969252845,0.8923674279881418,-0.6381027662327927,-0.5365901634178758,-0.1382870301940472,-0.9751070690016006,-0.3800362819740291,-0.06544656127666788,0.5227355298098508,-0.9088194600200015,-0.4324161530479095,0.6736540336070159,0.0635990750921667,0.8129600185726967,-0.5931276049690055,1.811086565306614,-0.5746541250308533,-0.402668050488517,-0.35370725586820484,0.5257631081682977,0.00566202898499032,-0.24279048943477508,-0.046053074003868474,1.1112031852836215,0.38974626922831646,-0.7535157688764876,-0.6349777414017395,-0.8261816102568662,-0.8641235983582272,0.24043851831222374,0.37316954921023615,-0.2606813395879755,0.6072604999152402,-0.5240766486383119,-0.420035194188701,-0.501985251091601,-0.4293682409678075,-18.993335432451406
s268,-42.66984276189208,-0.23217988689650573,0.8174158856355704,-0.2343500359882913,1.1611559289660693,-1.3358668592516862,-0.23124694018784095,-0.530484016270493,-1.105015768928723,-0.5582749381717423,-0.06544656127666788,0.6283002246720526,-0.9088194600200015,-0.4324161530479095,0.07238009401791992,2.2470927004840555,-0.5795449505715446,-0.5931276049690055,-0.4327027368627905,-0.5746541250308533,1.7647234533255436,-0.35370725586820484,0.6844292554706115,0.22882629230303855,0.07526013881644171,0.3165817321351181,1.3333917513166775,0.6407642023465597,-0.509114090734641,-0.5513858321269401,-0.8126544742152515,-0.8406576486886962,0.37719704039505275,0.6900169704595344,-0.28660418615888916,0.8960055314879152,-0.410622074686794,-0.3457509937415092,-0.34239739518465606,-0.228718504751717,-18.57298059991068
s269,30.790986821725596,-0.6628682801624001,0.04117328405618162,1.101034672077252,1.2618428518336333,-0.8234855152978315,-1.199067985265151,1.1506747539866358,-1.9180457504529305,1.1093138452373712,-0.06544656127666788,0.6154680755879027,-0.9088194600200015,-0.4324161530479095,1.961540794234859,-0.5609384697647599,-0.5795449505715446,-0.5931276049690055,-0.4327027368627905,-0.5746541250308533,0.29612182795398245,-0.35370725586820484,-0.007684887119520427,-0.7461892222449734,-0.9799697464332953,-0.8462352367030433,1.0095256813310762,0.07740128592867178,-0.8624788050644433,-0.6980654136187736,-0.7932142710929796,-0.8368277931346875,-0.9245836104817075,-0.261229317539549,-0.20863241261233836,-0.871913371409441,-0.7544443052853637,-1.0522255134140355,-0.6401825606502708,-0.7521239415082616,-21.069170229606637
s270,-16.571203434826096,-0.9656405844689121,-0.444424359582842,0.43854501895087866,-0.19882796449038728,0.3455707939130457,1.037168398339901,-0.73841226621736,-0.10377299615741425,1.6628529313689917,-0.06544656127666788,0.22405849650982346,-0.9088194600200015,2.6849520123932784,0.7386367521857536,-0.5609384697647599,-0.5795449505715446,-0.5931276049690055,-0.4327027368627905,-0.5746541250308533,-0.402668050488517,-0.35370725586820484,-0.5398537030307295,-0.11669485253299544,-0.7144299822915616,-0.4862056061616725,0.6924625585708453,0.017742069059095235,-0.8903748051807199,-0.6540904410938323,-0.7461653280184446,-0.7544732399572163,-0.4231754380813089,-0.49864098323181294,-0.29140691845638494,-0.5196767562392673,-0.7182491132678014,-0.9225607435976773,-0.6317252196947335,-0.7267697902712154,-19.207560529649285
s271,8.508128765170856,-0.532781285728733,0.5719870756034969,0.5245338747633148,1.3504082055582267,-0.1120134394008996,-0.9632618323818909,0.7087730939765416,-1.3007476493328871,0.8895713767881435,-0.06544656127666788,-0.04475083346020145,-0.9088194600200015,-0.4324161530479095,1.6251378393230576,-0.5609384697647599,-0.5795449505715446,-0.5931276049690055,2.0527254132325496,-0.5746541250308533,-0.402668050488517,0.6257986995769474,0.8149350154158318,-0.0962910240900159,-0.7903381442476088,-0.3370057919219114,0.7049793800504289,0.273979560082699,-0.5850169715260357,-0.5274424395269347,-0.9818038224561662,-0.9802730846298396,-0.23399359605948863,0.31259922751661784,-0.28619858580384167,0.3192347982636568,-0.7315798215575213,-0.9724563680482453,-0.6332878232248701,-0.7317347368972194,-19.65184309682283
s272,18.92594643729824,-0.9033583223331092,-0.023584948978363225,1.1803985953653795,1.2507619046227685,-1.1532596261700614,-0.8238336446036237,0.06656098287622178,-2.0567442563147025,0.6150446729126327,-0.06544656127666788,0.8000784893027336,-0.9088194600200015,-0.4324161530479095,1.899531032960794,0.06976334176867664,-0.5795449505715446,-0.5931276049690055,-0.4327027368627905,-0.5746541250308533,-0.402668050488517,-0.35370725586820484,-0.10649241909898646,-0.5230426629017872,-1.033136224765209,-0.9221222083240697,1.0879508465597425,0.024259859485915924,-1.0027313391326145,-0.8728955531350907,-0.7835402766294075,-0.8265604419663133,-1.2009492178516128,-0.32262742004903155,0.06814700133427953,-1.0413326588430971,-0.753061894000569,-1.0457928527414602,-0.6399836862518061,-0.7513372101686648,-21.12049940018463
s273,-28.64845979765788,-0.6069305628405683,-0.05923774471907891,-0.5578411987428565,-0.19386855141753023,-0.5312436757333189,0.026403400976839363,-0.5140557669339832,0.06361496131442436,-0.5582749381717423,-0.06544656127666788,0.44677738900512587,0.14664111534739924,-0.4324161530479095,-0.676523211106567,0.060005648481942744,1.9586919552103639,-0.5931276049690055,-0.4327027368627905,-0.2107043465548258,-0.402668050488517,-0.35370725586820484,0.28743440533582487,0.7607217679505383,0.2602654848071276,0.7410250889990944,-0.33957846945187736,0.4866037765969833,0.1220638173457974,1.319491856931245,-0.5076363475379295,-0.441820317149319,1.7455256460840423,0.024757891212978514,-0.271872757298839,0.5214909710396992,-0.09391012923398614,0.08149279634993443,-0.09836321813170676,0.03991535675265906,-19.453985060044246
s274,6.857338842704847,-0.4602596011653298,-1.455276260808235,0.5698504120736602,-1.4118574949638747,0.9161072169573914,0.8983242613396315,-0.6346078901569422,0.7899421782045428,2.6960729663759784,-0.06544656127666788,-1.2421742124175847,1.281663808655739,-0.4324161530479095,-0.0566692470402966,-0.5609384697647599,-0.5795449505715446,-0.5931276049690055,0.36236245400844624,-0.5746541250308533,-0.402668050488517,-0.35370725586820484,-1.6476070232682882,-1.280583486341178,-0.7118093006108289,-0.8951397315884159,-0.7958427329973751,-0.6121163614965734,0.7043319423535455,-0.10458272156473886,1.307007267593376,1.3922113230520514,-0.8129965662955553,-1.4146834705523488,-0.1550957921663815,-1.0966910843437474,-0.492141145730272,-0.034407517911604214,-0.4786358994577976,-0.22229409720142262,-21.352030056481187
s275,10.225779333200984,-0.7724707609129609,-0.33093278909619306,-0.1191375274463285,-0.2087694313091923,-0.5262153471093797,0.2575827973151455,-0.6153610460035874,-0.19521028606784788,-0.040343775767625024,-0.06544656127666788,0.1468018403219443,0.25523237176898816,-0.4324161530479095,-0.27838803761675884,0.9788915633761665,0.7079402797664658,-0.5931276049690055,-0.4327027368627905,-0.5746541250308533,-0.402668050488517,-0.35370725586820484,-0.19199115608776074,-0.12124442305636252,-0.13949632743548296,0.027296285834598602,-0.7534527208809872,-0.19045030210143438,1.4448864285198424,1.5537652529946615,-0.31070455103122385,-0.3680469679611987,0.03175156073237138,-0.32378265852200433,-0.3016025665002825,0.10271889615721251,-0.3945724572620416,-0.21476045602211044,-0.4542129009305194,-0.38447647382605116,-20.88724638081418
s276,-22.500746782751552,-0.03549397269062304,0.7640941655563358,-0.07256918068394695,0.8464881206445009,-0.11275413101247296,-0.7416634437011393,0.26744698398194056,-0.5880787358390753,-0.5582749381717423,-0.06544656127666788,0.2692727210141929,-0.9088194600200015,-0.4324161530479095,0.6182236089255472,-0.5609384697647599,-0.5795449505715446,-0.5931276049690055,2.9223906438511835,1.515251320975763,-0.402668050488517,-0.35370725586820484,0.8626130205442052,0.130407166756173,0.031865574923225955,-0.16111719402842212,-1.578548078204839,0.24585153028333423,-0.6366344795298386,-0.5889376411537871,-1.0478954348775753,-1.0360369496312825,0.4768816454092675,0.6271640634869153,0.04544642052531085,0.7075581422501482,-0.5204482500101781,-0.4488343557714744,-0.4986799631556963,-0.44117332291614847,-18.394324898555674
s277,-61.43265811622969,0.833594390777428,-1.5208539567916843,-0.18108170922713998,-1.7895234212579783,0.37854711633205274,2.4103301950943012,-0.9605128822508437,1.3784332177484817,-0.5582749381717423,-0.06544656127666788,-1.2421742124175847,1.8605919077809117,-0.4324161530479095,-1.343297619121551,2.682339899920497,-0.5795449505715446,0.3291482066313358,-0.4327027368627905,-0.5746541250308533,-0.402668050488517,-0.35370725586820484,-1.6093643398919675,-0.33536338695557033,0.8885841099633833,-0.08275439550190973,-0.1993093720868654,-1.154156046039613,-0.02607086038432435,-0.5489066830648218,1.3782206348324226,1.4677925787659096,-1.4269352015830177,-1.45809000642919,-0.2609622966437901,-1.0515813273124308,0.4992597219594313,0.961487152826028,0.432132125212191,0.7090135449746869,-21.993061955018845
s278,74.5232689202004,1.7986613332086148,0.014082651276874178,-0.9604443483539303,-0.4215282670323318,-0.19737014966247252,-0.03644167911936464,-0.4206304667011408,0.865412391422001,-0.5582749381717423,-0.06544656127666788,0.3642947688598879,0.4498823612719957,-0.4324161530479095,-1.41605339016186,-0.5609384697647599,-0.5795449505715446,-0.5931276049690055,-0.4327027368627905,3.618350614495048,-0.402668050488517,-0.35370725586820484,-0.052190690408669506,1.0817035112771707,1.2237889044553814,1.3567632031278567,-0.07292967906434038,-0.3419627147853581,1.1588365270476806,1.253733500106213,0.6767293001227259,0.00858732103617874,-0.29771824444351863,0.024048197926091332,-0.3002513774113394,0.19493529866574133,0.6035364352521303,0.13163352304138665,0.35953794769185626,-0.008598129118133704,-22.768836128877638
s279,62.427810610624334,0.046526643912364156,-1.226387687986264,0.5597668407693729,-1.5253817154508487,2.245413131090839,0.2564503395094157,-0.1794817722467926,1.659359214823269,-0.5582749381717423,-0.06544656127666788,-1.2421742124175847,0.8420373860931153,2.895214381323329,0.300748110353819,-0.5609384697647599,-0.5795449505715446,1.6567791128463436,-0.4327027368627905,-0.5746541250308533,-0.402668050488517,-0.35370725586820484,-0.831798339404688,-0.821614260643616,-0.8061197219217514,-1.029542343317581,-0.425623149684359,-0.7393512062410801,0.7582600121596558,0.3779113891155114,1.4560725998442372,1.550419612193954,-1.4282716263196054,-0.9748281020418694,-0.2858419330309691,-1.121965184069275,-0.48850064257709813,0.045425096552123415,-0.470930248869827,-0.1621759377178386,-22.623809840366643
s280,-62.24914902900438,0.24912636984099723,1.8746524515909972,-1.2976291730362803,0.9210765029130665,-0.5033495317341594,-1.0567875908417048,0.804388155003284,0.3956046480697364,-0.5582749381717423,-0.06544656127666788,0.9697360346169865,-0.9088194600200015,0.25621232869780747,-1.1991459979949575,-0.5609384697647599,-0.5795449505715446,2.734371284503165,-0.4327027368627905,-0.5746541250308533,-0.402668050488517,2.675521017556055,2.2318927399401867,1.5656020302330238,1.1808928568250885,1.2980641676184665,1.3670759285894085,0.8574697300522249,-1.2044650929023057,-0.6267359591370425,-0.804365375405599,-0.8094813133150333,1.4871917171160036,1.8045635334453172,0.2946862485084262,1.426718509687326,0.5937834955971073,-0.05198453412133143,0.23642459179744996,-0.19649065605976065,-16.207312406688885
s281,-52.0848194184127,0.15992610181994169,-1.459228998935765,-0.16563043261506266,-1.6719614839187167,0.5609755463177744,1.7701851732173368,-0.8601779928893687,1.4609542935178694,0.5885201604280126,-0.06544656127666788,-1.2421742124175847,1.3204861486664872,1.0726033713120915,-1.1129559439981898,2.1527194427431704,-0.5795449505715446,-0.5931276049690055,-0.4327027368627905,-0.5746541250308533,-0.402668050488517,-0.35370725586820484,-1.2994665532740288,-0.7433772311574458,0.011428412244648002,-0.30391774763221285,-0.572876387840976,-0.48693924048421017,0.20347178122992057,-0.310298480974376,1.2455315042287198,1.3269649294154218,-0.8985630629916481,-1.321581552451502,-0.2688135122810432,-1.0668003298161886,0.6201280189671465,1.6731959986549672,0.9126950340271918,1.8555545823050437,-20.7263291094093
s282,-52.39579417765607,-0.8282433992537035,-0.37204350257810687,-0.32849545475613284,-0.5047340891692966,0.23993180616782672,0.3774503578515439,-0.5461436665778949,0.4633277317303024,-0.5582749381717423,-0.06544656127666788,-0.32967832441488926,0.7380549536042512,-0.4324161530479095,-0.33648158753395546,-0.5609384697647599,2.5620755446119046,-0.5931276049690055,0.038697617441006624,-0.5746541250308533,-0.402668050488517,-0.35370725586820484,-0.05171439127223148,-0.1947109371383833,-0.13319668943412122,0.0884296113233949,-0.2943866276516288,-0.2325236711417343,0.8833014514157818,1.2200969075701964,-0.05632153805992235,-0.4049989132586412,1.3965447724775046,-0.12122545596026782,0.019237377841910628,0.31398827201315344,-0.013527816312631884,0.653695766521303,0.0961354884764791,0.6857761194588249,-18.407214855311967
s283,17.19220122065703,0.7398425521754796,1.025453524999858,-1.1111486910765296,0.4794732905916057,-0.9125893989104146,-0.9336507180560688,0.34159817506581835,0.12218099821851784,-0.5582749381717423,-0.06544656127666788,1.336871314127668,-0.9088194600200015,-0.4324161530479095,-1.3558147410209593,-0.5609384697647599,-0.5795449505715446,-0.5931276049690055,0.9073668187185682,3.3413933121914936,-0.402668050488517,-0.35370725586820484,1.0105493520938558,0.9336707832013104,1.4035201386989389,1.0889131079595296,-1.3092476238657262,1.1463996612639002,-1.3431071515058444,-0.9841090116781273,-0.7105886214652273,-0.7491342800323514,0.9651711912999696,1.1015547011330247,1.437200393990263,0.9754347710414791,1.111572582414161,0.333521856592978,0.8790521149536034,0.2096801153385674,-19.458430553559104
s284,92.2864099284409,-0.4805953235941548,-0.8073139720686566,-0.2635508842982223,-1.2564395285540244,1.9408553765259053,-0.012138747216310988,-0.04828579467411272,1.8335299288226912,-0.5582749381717423,-0.06544656127666788,-1.2421742124175847,0.9256303872775152,1.7919837728929724,-0.22313329518018934,-0.5609384697647599,-0.5795449505715446,1.9937193210453212,0.8214000925114621,-0.5746541250308533,-0.402668050488517,-0.35370725586820484,-0.851629101690474,-0.20321682597265078,-0.4896466674194404,-0.5730618050335806,-0.28333285243452255,-0.5757884596333012,0.8782013058624164,1.0412508519010562,1.3786782650290461,1.5120461279276154,-0.9493834586063599,-0.3523586472055363,-0.29925366700762474,-0.3837712641519539,-0.18729815835970026,0.535505797265287,-0.21929954865733145,0.2456814449262355,-22.90375248734285
s285,15.481139024378995,2.1147680874628985,-0.5330339976182549,0.7621777927554865,-0.3688651397479863,0.8186988002105465,0.11341307139026681,-0.32754880388984575,0.06586130019285985,-0.5582749381717423,-0.06544656127666788,-0.796823155967671,0.7673360578355463,-0.4324161530479095,0.7006635747772239,-0.5609384697647599,-0.5795449505715446,-0.5931276049690055,-0.4327027368627905,1.843741131945367,0.8255204683394506,-0.35370725586820484,-0.5341957002430742,-0.8818390756978141,-0.7390400058364504,-0.7843300853732337,-0.43372127329442917,-0.5007113388815295,0.9852239235622132,1.3836191048854463,1.0220297794888373,0.07302706706102517,-0.5826526667712553,-0.6499939818900283,-0.0019656563167010713,-0.3884605273738209,-0.6604513385396314,-0.7019885343821517,-0.5952573439714811,-0.6101250998913981,-21.625066525381193
s286,75.48160774790288,0.12998807373186336,-1.492063450714815,3.016554939952346,-0.9356392257784496,1.8034176373107784,0.7795359468126075,-0.4869075523064113,-0.38299021356224155,0.9557522987436643,-0.06544656127666788,-1.2421742124175847,0.7881517088556329,0.7266461679128591,2.045976838553968,-0.5609384697647599,-0.5795449505715446,-0.5931276049690055,-0.4327027368627905,-0.5746541250308533,-0.402668050488517,-0.35370725586820484,-1.629924267335872,-1.7900631470664035,-1.6349931673786327,-1.7500686920928374,-0.6734622465021349,-0.8199587613039307,0.623622129536517,0.2968909925858833,1.3980061633144665,1.4887916572481197,-1.933586810174684,-1.729592427722745,-0.29405919211185033,-2.3374339687593007,-0.7296215448190873,-0.8391843434542046,-0.6303856889115628,-0.6830962891023629,-23.081672999493776
s287,-29.522607399247207,-0.21737240506593708,1.1896780567408165,-0.7623297637758495,1.259697730495977,-1.7844886780454974,-0.34836541552967804,-0.5582427523958355,-0.8856592197874413,-0.5582749381717423,-0.06544656127666788,0.9954243999020685,-0.9088194600200015,-0.4324161530479095,-0.9219468059663701,3.1181554308469535,-0.5795449505715446,-0.5931276049690055,-0.4327027368627905,-0.5746541250308533,-0.402668050488517,1.30719414684314,1.2568733265239413,1.4882270514591127,0.5584582553301616,1.361820178997886,1.4913558583225945,0.40185906694124507,-0.9842984477846966,-0.6975050692714242,-0.705268664811424,-0.7434880225974513,1.5908217579777837,1.1501800684556238,-0.07772237476391518,1.2856674692980756,0.2626121305540127,0.04378860210386449,0.18871737841245934,0.010619109187315678,-18.887465458647895
s288,27.43211180437217,0.8262113216252406,0.35091068356785665,-0.08890250971915858,0.1984005524381402,0.36174362542849997,0.22514115302618562,-0.46077457346155315,0.110617663843831,-0.5582749381717423,-0.06544656127666788,0.19941592997322818,-0.9088194600200015,1.9824129682334997,0.3661573038087349,-0.5609384697647599,-0.34976567376852236,-0.12423948226463032,-0.4327027368627905,0.8750281858736598,1.4162408978103418,-0.35370725586820484,0.6839196309842189,-0.5177353270929415,-0.20332193825465233,-0.21931374053794636,-1.5069533801896398,0.5335066906893117,0.23161767522295704,-0.3903699698822566,-0.8337964561092654,-0.8424881166907672,1.863171139091955,0.39549519226776736,-0.2772821195399604,0.34582293221662636,-0.5728613057594556,-0.5857882009518951,-0.5130686742983376,-0.47258902480930653,-20.319348636717013
s289,89.50992507354222,0.6650700780535188,-1.4854339198194102,2.2639962339583826,-1.113409503387283,1.3392826436155025,1.2690884199836252,-0.6855140676170707,-0.07145472101062082,0.9678333397589483,-0.06544656127666788,-1.2421742124175847,1.2852037370364355,-0.4324161530479095,1.3136644843829237,-0.5609384697647599,-0.5795449505715446,-0.4207795382452352,-0.4327027368627905,-0.030696753416682425,-0.402668050488517,-0.35370725586820484,-1.5063905387508756,-1.3805844781384131,-1.4042221888840734,-1.6151242037442146,-0.5930958940542382,-0.9893088007131516,0.66788965136025,-0.13764792547818952,1.5122439480762464,1.6100362431596615,-1.8522569549737002,-1.7425627182583185,-0.3001675829021797,-1.9903029611931513,-0.7219432691843031,-0.8315329511058192,-0.6188937387067909,-0.6337168114277655,-24.10980627565496
s290,29.610325490338635,0.19428472331353563,0.44200664723489075,0.9670446733667469,1.752964151461063,-0.8265520719220456,-1.4223639789071736,2.611816976749355,-1.9919854248350395,0.8918022647927042,-0.06544656127666788,0.4000892595872664,-0.9088194600200015,-0.4324161530479095,2.0700578764644724,-0.5609384697647599,-0.5795449505715446,-0.5931276049690055,-0.4327027368627905,-0.5746541250308533,-0.402668050488517,1.314018600475236,0.3453999717520072,-0.4253019707545355,-0.8637605553213762,-0.6852443083530554,0.9972868965402294,0.09179148921026553,-0.7980284839917062,-0.6381655083117083,-0.8756978914083567,-0.9227358389951923,-0.2850521788696471,0.09379174258128063,-0.30149637865227286,-0.4228256821554352,-0.7592414112277981,-1.0746877015562433,-0.641766423211882,-0.7582928722263031,-20.872844469529642
s291,-40.740682606757886,0.9297567539416383,-1.5460551581013775,0.30741840036364265,-1.6737051558090636,0.08689034120963851,3.073118322534472,-1.0435567221852498,0.9444091257074483,-0.5582749381717423,-0.06544656127666788,-1.2421742124175847,1.7038722000960007,-0.4324161530479095,-1.101644522451953,3.4904446945993293,-0.5795449505715446,-0.5931276049690055,-0.4327027368627905,-0.5746541250308533,-0.402668050488517,-0.35370725586820484,-1.867856415220606,-0.39310924802231345,-0.3519594705761306,-0.5520874045328006,0.004861660128578484,-1.1039929637753692,0.16216516739769654,-0.4679214180316237,1.2912036534463276,1.3754383905484993,-1.344142264536247,-1.7804699134209168,-0.14340058002106185,-1.314944428447014,0.15958501281316184,0.8449488299185195,0.09973218850891095,0.5497195995735362,-22.0427568691158
s292,-59.756694894026936,-0.9461440462930677,-0.030697859304912364,-0.6840814402253923,-0.2346759466874876,-0.382655569809067,0.08099188983340819,-0.5149047016228592,0.216725988142063,-0.5582749381717423,-0.06544656127666788,0.4050748803280218,0.23711618912685506,-0.4324161530479095,-0.7145440422299915,-0.5609384697647599,2.9087503256685756,-0.5931276049690055,-0.4327027368627905,-0.5746541250308533,-0.402668050488517,-0.35370725586820484,0.40541242442386266,1.100019702812313,0.3834403228171237,0.6998411758798642,-0.3232503583671259,-0.45103551321725627,0.40868597473752166,1.1886031762724034,-0.4837185575088822,-0.4481141152038411,0.53763120190968,0.09202587918162052,-0.21278231483303794,0.5468799940177352,0.1784825988788163,0.5035922169405816,0.1465401365037991,0.3625800222953845,-18.209832643922198
s293,-65.38784473781871,0.6359564144158832,1.3518564935980866,-0.4871447326250319,1.103460505668541,-0.14376764401018094,-0.244642263599369,-0.2758122845879625,-0.19125425765004042,-0.5582749381717423,-0.06544656127666788,0.2565757541674877,-0.9088194600200015,1.1719771403096522,0.18457357272493854,-0.0664366014029705,-0.5795449505715446,1.142514720202835,-0.4327027368627905,-0.5746541250308533,-0.402668050488517,2.7269969588383223,1.6854904089062124,1.0335982770565075,0.02042413938230187,0.7428584344673674,-1.458755202264463,0.13863650516182352,-1.085625598814333,-0.6841564669534066,-0.9986315091552672,-0.9677314548100305,2.2965522384486095,1.6386075716752377,-0.298105709255117,1.5491912174592337,-0.4673517726144411,-0.5015110737228139,-0.44447304508600405,-0.43019469091666523,-16.685687492468112
s294,54.97505672775796,-0.02607911432887109,-1.5392803235968817,2.0957841046870938,-1.1686149520705604,1.0812159036605813,1.6056419975827416,-0.7832802950797372,-0.039483954198738236,1.5115933273500886,-0.06544656127666788,-1.2421742124175847,1.2734079133963467,-0.4324161530479095,1.0881533098384542,-0.16533697507532838,-0.5795449505715446,-0.5931276049690055,-0.4327027368627905,-0.5746541250308533,-0.402668050488517,-0.35370725586820484,-1.8165064685168004,-1.354071071765706,-1.3752735527131177,-1.5988478608025518,-0.7590047938815815,-1.0337515346002404,0.44075843188004404,-0.22208969883696983,1.5669229760098748,1.6680690220137246,-2.003045466748554,-1.782909079684411,-0.26406824499037523,-2.0575392795423926,-0.6900161931438031,-0.6444540877501531,-0.604268405548763,-0.5626532079968691,-22.80852590517532
s295,-65.96285990467656,-1.6855768597758447,1.0276281799324727,-1.1870312111065793,0.7332869501530267,-0.9540182678192574,-0.2612064294781519,-0.43319234094919484,0.019719058868600967,0.8184650269416287,-0.06544656127666788,0.5653367994498234,-0.9088194600200015,-0.4324161530479095,-1.2596702960867132,1.7414319150369508,-0.5795449505715446,-0.5931276049690055,2.6975491369026052,-0.5746541250308533,-0.402668050488517,-0.35370725586820484,0.7589138482543368,2.6344459110682377,1.808040965011131,2.2137295198465408,1.233580662535051,0.9409248142727393,-1.387735241067873,-0.8203084104189103,-0.934903557573026,-0.9732784370101948,0.5545243864495655,1.1438419220703615,-0.22228181765668803,1.026138731546323,2.0533838143025442,1.280764027025792,1.8485839300066615,1.0032496445506156,-16.73628435422914
s296,-29.504044770493955,0.36828473385713567,-1.3454212756537172,0.25249892318743083,-1.5580310174988197,0.7813274500291651,2.04615487026556,-0.8823048977473713,1.408359362523118,-0.5582749381717423,-0.06544656127666788,-1.2421742124175847,0.8910665387477198,2.4399816326744794,-0.7106923556693726,2.7128315265422733,-0.5795449505715446,-0.5931276049690055,-0.4327027368627905,-0.5746541250308533,-0.402668050488517,-0.35370725586820484,-1.1394545785229167,-0.44762768059433017,-0.41827358391186925,-0.5954036846388732,0.11049245562092147,-0.4485062773673156,0.7468546979598175,0.3836378871940465,1.0062324982992172,1.0729884631921973,-0.941038852875306,-1.2023234253588566,0.4945857360774912,-0.9776787364993531,0.1532639506751583,1.291320933035116,-0.04191103690894763,0.5543258326689275,-21.037169242866305
s297,12.04184643024406,-0.6238377608506527,-0.29843993929190926,1.2137035285213411,0.6417271184726174,-0.7261470209376486,0.5300759075430562,-0.7377044993398615,-1.4946883491939533,-0.5582749381717423,-0.06544656127666788,0.15317708102300104,-0.17869995849408976,-0.4324161530479095,1.44473568438996,1.539465046238244,-0.5795449505715446,-0.5931276049690055,-0.4327027368627905,-0.5746541250308533,-0.402668050488517,-0.35370725586820484,-0.25043864832726465,-0.9241296794495194,-1.05709968713968,-1.007610640186542,-0.2858514865733651,0.20821641927259202,0.5823437797723966,1.2106703618230674,-0.7964947463029171,-0.6329809076813742,-0.6112756863334462,-0.48580707724654093,-0.20661977495542824,-1.0242541312028481,-0.715851126676248,-0.8825192828179413,-0.6273806217152934,-0.7046024941084058,-21.242887874886534
s298,15.812792571937145,-0.13923005998881804,-1.1812721364197114,-0.4988031740834935,-1.6327254880161368,1.625731881344652,0.6913927044918974,-0.47683446978807853,2.008682300620039,-0.5582749381717423,-0.06544656127666788,-1.2421742124175847,1.7513756848253823,0.5857523585077579,-0.7496105274326293,-0.5609384697647599,-0.181817911450677,2.363425139646946,-0.4327027368627905,-0.5746541250308533,-0.402668050488517,-0.35370725586820484,-1.156780139750006,-0.9551994052447524,-0.749777791082784,-0.49020448952237505,-0.2289721305104758,-0.8628895168762647,0.49981780679669957,-0.47445412745706883,1.7233394376930666,1.83407932382476,-0.9006767218974083,-0.5259025061198416,-0.296948554047957,-0.5756990596332309,0.3079864364339658,1.4520728854252423,0.05691363813436927,0.6378063824650853,-21.77880180045448
s299,-13.048712210986203,-0.9627359010387442,0.6311549985501038,-0.9451541963195064,0.2774201877591139,-1.1988130595276343,-1.0090457204475929,0.3916142879470065,-0.35996977142595854,-0.5582749381717423,-0.06544656127666788,1.6760835241491752,-0.9088194600200015,-0.4324161530479095,-0.987978737296786,0.2471312500078387,0.3743062333665827,1.384199052016887,-0.4327027368627905,-0.5746541250308533,-0.402668050488517,-0.35370725586820484,0.39959440022775866,0.47136308228693646,0.5952158875352652,1.6195786107563501,0.8053455216078801,0.24228107710346264,-1.3977297945642317,-1.3324998259891172,-0.6505837577981963,-0.6854490040690717,0.1642684749017458,0.7892832153738433,-0.29877526923157577,0.732745577793231,0.1217780198398601,-0.044492598913740605,-0.05704365212217146,-0.17987200571964393,-18.934865152709644
s300,-48.23769472196277,0.3142864551603657,1.7580129051747226,-0.8660061022790713,1.7269115645221778,-1.5763927507556232,-0.6548886305414406,-0.2698096398689253,-0.7606921635200046,-0.07298649608721226,-0.06544656127666788,0.6399018068148655,-0.9088194600200015,-0.4324161530479095,-0.8444009034165749,2.3761532996311456,-0.5795449505715446,-0.5931276049690055,-0.4327027368627905,-0.5746541250308533,-0.402668050488517,2.85643831239742,1.8273165623223229,1.2953307860033756,0.8867464104135949,1.6650107302579649,1.2827606047757296,1.132948278037127,-0.7521729370434094,-0.6072549555777227,-0.7811308109152955,-0.8136032741779781,1.5485621101258917,1.7289991292235891,-0.25876422008227373,1.6516075228205978,0.43144305477330863,0.16582963516446403,0.28084962286622517,0.05457447913326358,-17.740175222694027
s301,46.337976882137085,0.5447615105976104,-1.4199492212814335,2.0669476010205594,-1.2775360375156477,1.8248919078853287,0.9718577838058371,-0.5494460571346811,0.22576251072122705,-0.5582749381717423,-0.06544656127666788,-1.2421742124175847,1.4743959284473578,-0.4324161530479095,1.3018428884033475,-0.5609384697647599,-0.5795449505715446,1.458838238945191,-0.4327027368627905,-0.5746541250308533,-0.402668050488517,-0.35370725586820484,-1.703959229795247,-1.4745446146983914,-1.4367671792085783,-1.50087679821856,-0.35995913769880933,-1.081796213392094,0.4898185360207366,-0.3496188916695869,1.6613156401748936,1.7682512822320964,-1.6481728181869193,-1.5961070544351907,-0.1413139580004779,-1.7046057005615063,-0.7038568131162476,-0.7260604069841291,-0.622274906482223,-0.6553839931450387,-22.831714834949025
s302,-57.449809884655494,-1.0368434006358351,0.7105090800169577,-0.42130068409982596,0.8360676274510972,-0.26823053868405317,-0.809100835885563,0.33084383015268226,-0.4025679069879757,1.9274317266396093,-0.06544656127666788,0.08866313374850857,-0.9088194600200015,-0.4324161530479095,0.20620366681800317,-0.5609384697647599,-0.5795449505715446,-0.5931276049690055,2.8108289802500472,-0.5746541250308533,-0.402668050488517,0.350237441841149,0.7341482677183913,0.3269830036152216,0.40964271972421396,0.057645544668505945,0.6244402846382442,0.5538916680635727,-0.6173092141133241,-0.6647357578559271,-1.1086942260961663,-1.051706914969406,0.4785873238396167,0.7672998383665905,-0.15147930254792916,0.7654070738819019,-0.40842437723353275,-0.2794439257019993,-0.4192248175228719,-0.3317519218396733,-17.21456897049112
s303,-33.07125535526894,-0.08318116323529415,-1.444155076071873,-0.2542562700192604,-1.6255185520807818,0.5583674173176464,1.6456075500404492,-0.8399230119430674,1.3124724508877736,0.8987677011388217,-0.06544656127666788,-1.2421742124175847,1.7704868205328221,-0.4324161530479095,-1.0421077896621058,0.8314405901465144,0.5548020905892269,-0.5931276049690055,-0.4327027368627905,-0.5746541250308533,-0.402668050488517,-0.35370725586820484,-1.359010896831239,-0.6016069800316506,0.027175837594087936,-0.21558743653289247,-0.567655249154461,-1.0821164649322612,-0.024446573450231865,-0.7292999097869604,1.2928221793958163,1.377156189164273,-0.7773659631362716,-1.4217376007944011,-0.3000679213571615,-1.0182617599254293,0.576722423262579,1.739709833048668,0.8442490952223048,1.8839189743520368,-21.305521219433746
s304,72.83742901288964,1.6029157213902867,-0.6272891575807874,0.59912608666117,-0.5555532813702468,0.7040667699180198,0.3964300911577908,-0.4854201929155155,0.26858889554088017,-0.5582749381717423,-0.06544656127666788,-0.42966507302347945,0.5266656560478956,0.5183354282010159,0.4390511313405819,-0.5609384697647599,-0.5795449505715446,-0.5931276049690055,-0.4327027368627905,2.075302787375246,-0.402668050488517,-0.35370725586820484,-0.5850378253806419,-1.180006470054844,-0.5497963404282064,-0.8965929907649045,-0.5217048869791133,-0.839210977207467,1.7709803090918323,1.8138391821306434,0.8063358520670382,0.045786639917588065,0.053025658524743155,-0.7505421924530791,-0.1540865656606221,-0.4523707817058151,-0.5098885986019945,-0.192406346199841,-0.48116590621131394,-0.2786633799035799,-23.136770545619438
s305,-19.98049373677692,-1.0491106640081425,0.727523944666232,-0.09925568414639424,0.8014581899642547,-0.11087860217952333,-0.6773808408040565,0.1721645680610604,-0.645009945577417,-0.5582749381717423,-0.06544656127666788,0.2827078048669197,-0.9088194600200015,-0.4324161530479095,0.6861033544294688,0.038617573297889694,-0.5795449505715446,0.611393883578234,2.890669760978979,-0.38297390836681217,-0.402668050488517,-0.35370725586820484,0.7987574648665348,0.3869128474936722,-0.24946290942414193,-0.02846226342821472,-1.5184364949608276,0.6453851134420808,-1.1758977241820348,-0.676904387633679,-0.8699900442423101,-0.8971236465071495,0.26004359807529515,0.5911554807967974,-0.2986861549858568,0.7565155571316968,-0.5531254042877344,-0.5171871284287375,-0.5536039561030265,-0.5566381532949511,-18.581599861738347
s306,40.110304554023955,-0.44943218760583054,-0.26628328857734457,0.3384972738058741,-0.18920633635611744,0.06462495394600268,-0.5249839510764931,0.027326286077651012,-0.4320183379577909,-0.5582749381717423,-0.06544656127666788,0.46898600584201533,-0.029238807288866523,-0.4324161530479095,0.6211081989667928,-0.5609384697647599,-0.5795449505715446,1.9431308769319333,-0.4327027368627905,-0.5746541250308533,-0.402668050488517,-0.35370725586820484,-0.17510841490561693,-0.22201028401394696,-0.4301176800302122,-0.461149656025118,-0.41390654558792384,-0.5680056651856025,1.3890928940318916,2.1864828794294895,-0.05254934277414883,-0.18680667294265235,-0.6578359316471053,-0.37661775088384136,-0.29843255099696425,-0.18233534355792635,-0.7392267805323192,-1.0076938346810271,-0.6327375190667256,-0.7324724902587004,-21.63460095493751
s307,22.702844651568352,0.32958804360835503,0.5897288236806818,-0.8618409169548628,0.1830985305893186,-1.0353909061676452,-1.3331946950652234,1.7246018787830835,-0.22913985274020918,-0.5582749381717423,-0.06544656127666788,1.7111975653553977,-0.9088194600200015,-0.4324161530479095,-0.9748159194040925,-0.5609384697647599,-0.5795449505715446,1.1041404285464516,-0.4327027368627905,1.5024889072600869,-0.402668050488517,-0.35370725586820484,0.4353277680457899,1.5385912685538625,1.0742179946253239,1.2615690667057926,1.4448527108853504,0.18023948265754527,-1.100436918841898,-1.0066881968399952,-0.6600275166429246,-0.6954719980632675,-0.4557396975274954,0.6692118664862275,-0.27622856085007985,0.5908929020201757,-0.07420086190730103,-0.25815409242458975,-0.05172393921315392,-0.16278470137397966,-19.872895367623194
s308,-77.06847095568568,0.5037249615140148,-1.4219139666320215,0.2439734974814215,-1.5633709050269065,0.4080655587257733,2.326911717101493,-0.948743472609855,1.0083714331593965,-0.5582749381717423,-0.06544656127666788,-1.2421742124175847,1.7317181393469172,-0.4324161530479095,-0.820225291642325,1.9782305952682875,0.6250248265015678,-0.5931276049690055,-0.4327027368627905,-0.5746541250308533,-0.402668050488517,-0.35370725586820484,-1.3571431185787248,-0.32202451300313906,-0.2652679096060703,-0.45963148793513287,-0.5650746237454272,-0.7750042319367377,0.4844256564525337,-0.569675771414567,1.2636693131964896,1.3462152251229733,-1.2096279053216852,-1.587144560660399,-0.29978242838124275,-1.1013521541826967,0.3474328274052612,1.671687155314543,0.6880573612160832,2.0267584853634557,-20.285500261962973
s309,45.187371074898664,-1.6725223083839902,0.5404215073531334,-1.5104195560010742,-0.3838860493694073,1.430509615892915,-0.4918104523052595,0.32666183414417305,2.1658347629925743,-0.5582749381717423,-0.06544656127666788,-1.2421742124175847,0.9064501797628287,-0.4324161530479095,-1.278721490979265,-0.5609384697647599,-0.5795449505715446,2.567011872902494,3.991905618251992,-0.5746541250308533,-0.402668050488517,-0.35370725586820484,0.26128268341290417,-0.31699813961224754,1.036100359202265,0.3289016784227164,-0.10406686209031561,-0.07783301937357455,0.9214419633608605,0.9349528080688974,1.5240744148670604,1.6225923343880027,-0.2348292576255617,0.6934163858423716,-0.2453340116972002,-0.03179316357979369,1.9285458721580282,1.3790993182205424,1.7082428486931367,1.0536291551753632,-21.29242792516701
s310,-6.534710355857728,1.0549978993133133,1.0130805201584019,-0.6860575993433942,0.7890938223609232,-0.9421060266325262,-0.9967427669953676,0.46628066771363286,-0.39464426417239973,-0.5582749381717423,-0.06544656127666788,1.025165480621371,-0.9088194600200015,-0.4324161530479095,-0.5899233448009319,-0.16533697507532838,-0.5795449505715446,-0.5931276049690055,-0.4327027368627905,2.3237362479133177,1.4675810697381322,-0.35370725586820484,1.0006988921295525,1.5050618650675178,0.5666812879644576,0.637298349048959,-1.4762342964152624,0.8373903417208662,-1.0122376970568592,-0.7996220303464279,-0.808759007223683,-0.8533259692784346,0.8525462077087111,1.0051218681976077,-0.2986688579836915,1.034793198520226,-0.1719512744604954,-0.23790505213726365,-0.25385062733670305,-0.2905215236718979,-18.948559636861656
s311,16.13735988760788,0.826206550429955,0.11069480072952921,-0.16982081694073994,-0.08648733506017191,0.188867729688461,0.7117469063979921,-0.6695863087099042,0.3077704608012786,-0.5582749381717423,-0.06544656127666788,0.5031254215628794,-0.9088194600200015,2.3572376635384433,-0.003154280946969897,-0.5609384697647599,-0.5795449505715446,-0.5931276049690055,0.02317826421289811,2.028410545715385,-0.402668050488517,-0.35370725586820484,0.5401404466903411,-0.4609684623800699,-0.1342045178257255,-0.29209382294729,-1.4382801060728,0.7126910663637382,-0.44237953049205936,-0.5814300239445335,-0.6577070241981138,-0.6784499452703688,-0.29391323573898454,0.05263104437711365,-0.2992120199450587,0.006252909441536176,-0.6296399761473302,-0.766438512536349,-0.5719852148434644,-0.6174524777255396,-20.100398368442757
s312,-26.501099190913184,-0.42026415152648144,0.6097753572921555,0.040621375070600214,0.8398223420018704,-0.13034444299267933,-0.7827393471778165,0.32937427101242,-0.7119704258840321,0.08927100544563782,-0.06544656127666788,0.22237703698123684,-0.9088194600200015,-0.4324161530479095,0.7793019396691162,-0.5609384697647599,-0.5795449505715446,-0.5931276049690055,2.806823207134347,0.8101914770143983,-0.402668050488517,-0.35370725586820484,0.5824097741105324,0.09720232184451998,-0.5815945234678704,-0.20046238166158917,-1.5395111347179509,0.6441581518624467,-0.11376896772789334,-0.4191107434915634,-0.9086424230481153,-0.9204799442252262,0.1257590755306272,0.5021227890407919,-0.2980675873231196,0.5890547088479291,-0.6073738308971833,-0.6396256058128019,-0.5487929504342881,-0.5329274781893211,-18.300571881596824
s313,-14.285314931395781,-0.7898293759143192,0.48671307813313314,-0.2700592223809167,0.7382589298714081,-1.5041171568861158,-0.5103415359723112,-0.3802054635390583,-1.097187608595042,-0.5582749381717423,-0.06544656127666788,1.206638054922982,-0.9088194600200015,-0.4324161530479095,-0.12665944783638347,1.255898024364481,0.7496643381570495,-0.5931276049690055,-0.4327027368627905,-0.5746541250308533,-0.04478087316119525,-0.35370725586820484,0.4445927559011266,0.10403951573817946,0.10844646009956972,0.39484259089810164,1.45009649185306,0.20826054986993853,-1.0541105689417705,-0.9175146464109132,-0.5975152945691828,-0.6291255742810992,0.19490320397472793,0.3519450796509185,0.2106761999984807,0.5957689410596513,-0.376167691320996,-0.2868251532801904,-0.41317660277169566,-0.3606644050523927,-19.903122714501734
s314,-6.863817887616071,-0.971702224059135,0.3998004540141136,0.38929983846816263,0.9703247820599514,-0.7977011549102265,-0.7558274294739011,0.07977095381722643,-1.3995023997022844,-0.5582749381717423,-0.06544656127666788,0.7966916689018708,-0.9088194600200015,-0.4324161530479095,1.1760066915279557,-0.5609384697647599,1.393012970441465,-0.5931276049690055,0.6006842338591527,-0.5746541250308533,-0.402668050488517,-0.35370725586820484,0.11212396258694292,0.04720131505128346,-0.7005085199059775,-0.3209320138907,0.7530577726633051,0.2843051670915674,-0.62433741889372,-0.7703473984068875,-0.7222612267976242,-0.7615228273329361,0.2770911629480808,0.07040901941170709,-0.19366817145417928,0.2306829351199346,-0.6882846122287032,-0.8330879295113582,-0.6062525341704481,-0.6559516838146799,-19.806455384792486
s315,-14.759979182848427,-0.08968423238562483,0.0091930878978725,-1.0043386797233171,-0.4458316068694563,0.9821847494471532,0.029580128057150146,-0.2486391433183263,1.5826040167137496,0.5866930837972109,-0.06544656127666788,-1.2421742124175847,0.933443036859971,-0.4324161530479095,-1.0025085056985423,-0.5609384697647599,-0.5795449505715446,-0.5931276049690055,2.8618424902418136,1.6699283377636809,-0.402668050488517,-0.35370725586820484,0.008935347148787956,0.27830688105903745,2.145362539718589,0.3348467119372514,-0.7422189211494454,-0.6549794403782353,0.46838965144187,1.716701314958065,0.38641688594323814,0.8451855916909299,1.8839908649932584,0.4181732229467892,-0.07042874058813091,0.4488278133334189,1.028985425486343,1.3337033466628052,0.7845721525654017,0.8638104704808136,-19.14671781515828
s316,24.65789732807721,1.0803840243101233,-1.3827766150954535,1.326876514139614,-1.4195566406894702,1.6172177331135713,0.9840151903193551,-0.5774173320669402,0.7085961211813855,-0.5582749381717423,-0.06544656127666788,-1.2421742124175847,1.635715026353844,-0.4324161530479095,0.6230061756026269,-0.5609384697647599,-0.5795449505715446,1.3476614942247562,-0.4327027368627905,0.05039005974319394,-0.402668050488517,-0.35370725586820484,-1.5859437850117486,-1.1795362034125698,-1.1882023766167535,-1.303735549419673,-0.302249379894815,-0.9605021474289875,0.48152753452341096,-0.4797179476162487,1.6391893528025794,1.7447678738676022,-1.3850924146070982,-1.4316038427315743,0.0641260770044443,-1.2580666850136304,-0.6668401824541415,-0.6147279359270573,-0.6048758557594622,-0.6036588083559579,-22.576202538116522
s317,-78.54459038464039,0.6928423643107301,1.6772358536054717,-0.541658489644611,1.874259940803691,-0.9449815555959927,-1.1315837259243662,0.8384536165271188,-0.8471045037819404,1.031676968441487,-0.06544656127666788,0.1916197197636419,-0.9088194600200015,-0.4324161530479095,0.12083179101705707,0.14449251412834144,-0.3375650042037601,-0.5931276049690055,-0.4327027368627905,-0.5746541250308533,0.623486334060618,2.9500567973930987,1.5573358872044056,1.2490798741771048,0.2036541977846127,0.8548291842562696,1.1050503158112375,0.16238738369995978,-0.5321234954138602,-0.48531892567211976,-1.0711223914913466,-1.0151442236937136,1.1513214962935732,1.766241544010891,0.7983568773530276,1.7530215903246782,-0.4931209031045285,-0.5968248008301904,-0.49832484957580564,-0.5399277496427617,-16.473332334051207
s318,-3.105567237530971,-0.8389877773260938,0.33390644348722975,0.07523581713680993,0.7702798454190601,-1.4500522723098779,-0.4264522551921498,-0.4309026470181378,-1.3363818510690362,-0.5582749381717423,-0.06544656127666788,1.2098508760556779,-0.9088194600200015,-0.4324161530479095,0.34774428253378686,1.463158498209322,-0.5795449505715446,0.2581547148923358,-0.4327027368627905,-0.5746541250308533,-0.402668050488517,-0.35370725586820484,0.1432238170293224,-0.11052230760435991,-0.345311477422713,-0.04671793072200278,0.9848857684236109,0.17080439209081144,-0.9943036887377584,-0.9749282797051433,-0.7028572871210909,-0.7409287424945462,-0.03415377717269428,0.13822325980642886,-0.25896644118024215,0.2576977014178585,-0.6322677493223063,-0.7432564360299512,-0.5961529741296011,-0.657407886048935,-20.271027014882893
s319,-22.953788934831614,-0.5869191271568955,-0.368596322308893,0.7045915206201571,0.02718091314951496,-0.10441495270397007,0.07610044434012135,-0.464660276097118,-0.7408343008988724,-0.5582749381717423,-0.06544656127666788,0.10916712752670552,0.12434893197579833,-0.4324161530479095,0.9371071448284335,-0.5609384697647599,1.7331091637195701,-0.5931276049690055,-0.4327027368627905,-0.5746541250308533,-0.402668050488517,-0.35370725586820484,-0.5793573941301866,-0.6304155329691188,-0.8177014802735387,-0.7762141226669962,-0.4700147874972629,-0.28869690799565273,1.2655760345370322,1.8498193466470005,-0.273445468501928,-0.3592763145471953,-0.05019279511840735,-0.5578004533860162,-0.29262415998862984,-0.49484680213866583,-0.7120185796485626,-0.8914790930529665,-0.6312934776885971,-0.7239677063510094,-19.961462480576472
s320,107.92864350389902,-0.3568806759631899,-1.5451391481272296,-0.6355867645646481,-1.7866224689779997,0.7659521448925524,1.3216960898362207,-0.7574865974241274,1.6290272390282134,2.083851024288477,-0.06544656127666788,-1.2421742124175847,1.8278139297030218,-0.4324161530479095,-1.207568365584168,-0.5609384697647599,0.9140203486481001,-0.5931276049690055,-0.4327027368627905,-0.5746541250308533,-0.402668050488517,-0.35370725586820484,-1.3748715711325086,-0.13432494512963364,0.4433418272406555,-0.06852048409038212,-0.7413296420350197,-1.0815078472926336,0.019060274548411697,-0.7847751464981498,1.287183974306593,1.371172163452003,-1.273570146793618,-1.4218465055329792,-0.2936391574400674,-1.091477639527688,1.1996655498038333,2.6296455937113015,2.1251394334130156,3.6572878348714855,-25.487730825043986
s321,-41.090732429851116,-0.5643128947209026,1.4561542630832731,-1.2870678977578558,0.6937126521377006,-0.6094615411200389,-1.2825892060005297,1.685329365215323,0.1909954378748324,-0.5582749381717423,-0.06544656127666788,1.164684056389525,-0.9088194600200015,-0.4324161530479095,-1.109492632863202,-0.5609384697647599,0.06928941409597252,2.162980885774678,-0.4327027368627905,-0.5746541250308533,2.0605662710212935,-0.35370725586820484,1.5658676741512478,1.0797065072242364,2.3803046777018477,0.8535458849631132,0.9151144605247634,0.8785816285492446,-0.8034981208724222,-0.6603167370450943,-0.7214292618962389,-0.739505479238282,0.9535387890321183,1.295732615618624,-0.29437749256797113,1.0070156567318698,1.0067192802361962,0.4956955159440024,0.6077421037835835,0.1808684738278495,-17.276618527501487
s322,2.907305525592271,-1.1412528956840247,-0.5205560713663778,0.30731023272877983,-0.054934823933009205,-0.3653096479140954,-0.2425511062636007,-0.3231888999881428,-0.5648181232266116,2.4535945992100237,-0.06544656127666788,0.21657771738264275,-0.04193559122575198,-0.4324161530479095,0.4295674956157748,-0.5609384697647599,-0.5795449505715446,-0.5931276049690055,-0.4327027368627905,-0.5746541250308533,-0.402668050488517,-0.35370725586820484,-0.49668395051353914,-0.21425705886340238,-0.4550869679599233,-0.47750143918819354,-0.7653406646361461,-0.6445571451591893,1.0699782786503937,0.8275027395444539,-0.7460040063824362,-0.5746624242687853,-0.3979547313478776,-0.6309839243755463,-0.2690737054957354,-0.6045300787506191,-0.6612242339735411,-0.7410283753745175,-0.588404907918714,-0.6047011862814561,-20.110737898189527
s323,29.11356442467161,-0.5051185319058529,-0.4557782620919404,1.1516950431196848,0.1404056301332538,0.026696245805234376,0.07953984317222411,-0.44389100704664963,-1.0135136816622434,-0.5582749381717423,-0.06544656127666788,0.004123590170712242,0.10773153825838341,-0.4324161530479095,1.4281375977369897,-0.5609384697647599,1.383594922012225,-0.5931276049690055,-0.4327027368627905,-0.5746541250308533,-0.402668050488517,-0.35370725586820484,-0.15224678265087505,-0.9788218329607816,-1.0361393647690194,-1.079068851158088,-0.4215406411578023,-0.21733745102205665,1.0742187099927665,1.6832086441163607,-0.23942622512544773,-0.4104052316967377,-0.7486512664907689,-0.6274568310319633,-0.29881999125683645,-0.9491275817714208,-0.700880699353083,-0.8051473756503233,-0.6092316126009435,-0.6317369107685584,-21.782232387481976
s324,-10.257403298635364,-1.5554468092782692,1.1322993736296465,-0.8798162082719542,0.8068313817039187,-0.4618065864916744,-0.587747383537812,-0.03776310399248488,-0.12081378048766589,-0.357756449949315,-0.06544656127666788,0.5447969015876939,-0.9088194600200015,-0.4324161530479095,-0.41566153835761094,-0.5609384697647599,1.9839301062621726,-0.5931276049690055,2.8127782180608123,-0.5746541250308533,-0.402668050488517,-0.35370725586820484,0.7667809678433632,0.5192808930037569,0.4014461694281494,0.38618417969981056,1.1141520622231642,1.1428608566742409,-0.6474196623767141,-0.4102395725312931,-0.6779638648234746,-0.7041601843691924,1.106980990273665,0.9855656183030534,-0.30053248211559325,0.90792287983735,0.3622661898711476,0.6553808910985756,0.1724058018260295,0.30264758901796796,-18.79130547869734
s325,1.2626051406388787,0.058905347768726066,0.2819609310161276,1.0451754213753779,1.4344264915215263,-0.9148016723397993,-1.1434446819391308,0.8930635774027532,-1.9800950478461912,-0.5582749381717423,-0.06544656127666788,0.8930772462116735,-0.9088194600200015,-0.4324161530479095,1.9819989326879828,-0.5609384697647599,-0.5795449505715446,-0.5931276049690055,-0.4327027368627905,1.0750526577334354,-0.402668050488517,-0.35370725586820484,0.3269812314386543,-0.4895148848791541,-0.9783768842336179,-0.8165638450474336,0.3654113634406723,0.0381137961069043,-1.1896106352318523,-0.8249599127306366,-0.7171872454594378,-0.7561376321669571,-0.5599197611108352,-0.07851878010312091,-0.18258043746173228,-0.510568637096005,-0.7466384484617389,-1.0197347723375876,-0.6391571145331878,-0.7487089300961713,-20.326794366780437
s326,-33.71577186091673,1.6951406833608107,-1.4147300513804197,-0.05338189133275543,-1.588227416165146,0.9254887954486197,1.200372790605569,-0.7132239306572787,1.4051774858243469,1.3694564507477311,-0.06544656127666788,-1.2421742124175847,1.7650026016686995,-0.4324161530479095,-0.7737417119218786,-0.5609384697647599,-0.5795449505715446,-0.5931276049690055,-0.4327027368627905,1.3380347322390853,-0.402668050488517,-0.35370725586820484,-1.267905712827955,-0.3986444626578051,-0.7113259923029519,-0.566114819380434,-0.6768033205958697,-0.8358030999892064,0.7639653026389036,-0.656729695523232,1.5130954563687442,1.6109399789117111,-0.601744234065362,-1.3535290674106126,-0.2852317427871069,-0.9789458038953286,0.3407591177545284,1.7376654630941428,0.4666860497373319,1.6332048428554968,-20.718910831217134
s327,-6.46430168172376,-0.8792412985038984,0.9003483649199393,-1.0484427702376364,0.3535955160486217,-0.7672509526944365,-1.4502513654481695,2.9727334651515886,-0.10377299615741598,-0.5582749381717423,-0.06544656127666788,1.6100229914448554,-0.9088194600200015,-0.4324161530479095,-0.8494080784829571,-0.5609384697647599,-0.5795449505715446,2.8978642575015257,-0.4327027368627905,-0.5746541250308533,0.2180180322339038,-0.35370725586820484,0.8415181511157939,1.0661419618027952,0.7196970638244297,1.0226278942364342,1.1595511006505428,0.43595300922210944,-1.3398598665178545,-1.008083215452038,-0.6852830261473861,-0.722276560128602,0.11821381600319879,0.8225517646435851,-0.28738245061154793,0.8079211076671162,0.20134917336782748,0.10430842751888336,-0.00021494507840789614,-0.09245114078412417,-18.343759834301164
s328,-3.182565156435028,-0.6806290129753388,-1.4735508805423791,-0.8134497607398538,-1.7873387417108957,1.0851217674056586,1.1775747766572398,-0.690404371103416,2.1211687908427774,2.5855972627132235,-0.06544656127666788,-1.2421742124175847,1.0055974371967502,2.4083837523705665,-1.2521337614324892,0.1285838141517593,-0.5795449505715446,-0.5931276049690055,-0.4327027368627905,-0.5746541250308533,-0.402668050488517,-0.35370725586820484,-1.1392067651371722,0.9003392058313117,0.12729038805596832,0.3281322159859566,-0.7573969268368513,-0.5835558096282397,0.14296522521205507,-0.2939893976006447,1.0428593127073995,1.1118617917974338,-0.8415375025359808,-1.0156226330269624,-0.20493926450024322,-1.203302561282902,1.2150818190970256,2.383857925367003,1.7512157894199443,2.7796483070080025,-20.9950536924673
s329,-11.803267276307112,2.5115860510717862,-1.0473692272390798,-0.8612394304890885,-1.516147629225577,1.1015026055217083,1.2754904208315934,-0.7120981367895992,2.1076625703306116,-0.5582749381717423,-0.06544656127666788,-1.2421742124175847,2.093049231062046,-0.4324161530479095,-1.4395920219690188,-0.5609384697647599,-0.5795449505715446,0.3446486404397449,-0.4327027368627905,2.649378930991163,-0.402668050488517,-0.35370725586820484,-1.0348688535218753,-0.08322195888533358,1.1855578874821786,0.3053442385891527,0.028727262604625305,-0.8347299698671368,0.08286072320945567,-0.7451162604520065,1.6848408100745325,1.7932193739097166,-0.5214936514844558,-0.5378745507766962,0.430584611862297,-0.527477720516656,2.8027323185951563,3.174611252562414,2.9729283384239085,2.8810953436716558,-21.403212909548728
s330,10.253768041422651,-1.168289670181299,-1.3880634303151382,-0.9690972385247703,-1.5442378036130002,0.46386068768612865,1.0104263048844848,-0.7182441403910106,1.451435103891547,3.868893081271895,-0.06544656127666788,-0.9508484995084272,1.4613360958536499,-0.4324161530479095,-1.335672560147894,-0.5609384697647599,-0.5795449505715446,-0.5931276049690055,-0.4327027368627905,-0.5746541250308533,-0.402668050488517,-0.35370725586820484,-1.2870314604033521,0.12549910139205445,0.5520234200755597,0.9342034595928906,-0.7359254102034821,-0.744133150714859,-0.06370510185629402,-0.5817437354928159,0.8931927806564783,-0.016523238854141278,-0.4935162777930956,-1.1575191257395772,0.5033323369119951,-0.6127468381793627,1.4733829841931718,2.3707988372031346,2.9919268699741974,3.97490442072395,-21.14112529442132
s331,-5.322446585307629,-0.8658846325196344,0.05742273005266198,-0.7853182117601829,-0.3555297157574636,0.029596717414235373,-0.4994301451603485,-0.009617656544751715,0.47074487554821004,-0.5582749381717423,-0.06544656127666788,0.6350479679515968,0.16383987257894353,-0.4324161530479095,-0.6521177942386154,-0.5609384697647599,-0.5795449505715446,2.84893747761084,-0.4327027368627905,-0.5746541250308533,-0.402668050488517,-0.35370725586820484,-0.012752949413827897,0.10120011239571085,0.2300662143421031,0.16977500569658135,-0.5611784622224493,-0.9622969500194007,1.3408374594503796,2.1033585834361266,0.4106763774259784,-0.08479911108890444,0.2580593119182235,0.1656619122782527,0.5167276828501511,0.1744265499367631,-0.13619771876658968,-0.008326748924927874,-0.2375582576347558,-0.1734086472130871,-19.346373221664365
s332,-0.8746338490089146,-0.7200122697030807,-0.3529311614863219,0.3110749658950129,-0.4483904762327778,1.5411031972818297,-0.5690720093000516,0.46436992567741,0.5404190183763325,-0.060435932929853685,-0.06544656127666788,-1.2421742124175847,0.5152282746372187,-0.4324161530479095,0.681319871551876,-0.5609384697647599,-0.5795449505715446,0.8499160140435975,3.267891639325961,-0.5746541250308533,-0.402668050488517,-0.35370725586820484,-0.07711355654658703,-0.4747929747328533,-0.8396558107847761,-0.6181519608062866,-0.8414257203658826,-0.680358407751939,1.2689620522286589,2.4529192380395095,0.3596992915461958,1.1410756610642663,1.2459608693981497,-0.04789678387722239,0.714160081259438,0.13097403657073753,-0.5488225440108229,-0.326956021629327,-0.470111804229992,-0.24335920704520125,-19.624627796544967
s333,51.18304012985162,0.5895120937658781,-1.4862062115435777,2.9821452546481604,-1.0205425459184543,1.5993901724891975,1.410642158204101,-0.6919198143076566,-0.4202447051477999,-0.20954713256752083,-0.06544656127666788,-1.2421742124175847,1.1175739313462665,-0.11205420719229332,1.9069873697444286,-0.5609384697647599,0.683616671636374,-0.5931276049690055,-0.4327027368627905,-0.5746541250308533,-0.402668050488517,-0.35370725586820484,-1.5236449059535835,-1.90894128553336,-1.5840296387816402,-1.809451082263586,-0.6016892535972567,-0.9706286647086666,0.48308414630340957,-0.033639946534592007,1.4574292529214867,1.5518594759038444,-1.6433518989945082,-1.7251366329968805,-0.29450084018895006,-2.3871998329251234,-0.7470449956477407,-0.9789583392723246,-0.639416852259558,-0.7431542826729494,-22.936242498007903
s334,-32.24059304520753,1.282602318595564,1.2805759239983856,-0.16025795502305334,1.5170408909357238,-0.49221188108857117,-1.2409822776927706,1.5263265044472547,-0.9010272972813579,0.07760351096604536,-0.06544656127666788,0.17452360769470832,-0.9088194600200015,-0.4324161530479095,0.6820657368654303,-0.5609384697647599,-0.5795449505715446,-0.5931276049690055,-0.4327027368627905,0.8499961339586419,2.243762536450814,1.0541821395505029,1.188967290759672,0.65626585986906,-0.3137030636891943,0.25794597232906746,-1.5357377570360293,0.40352976933735085,-0.8441763241160538,-0.5231385719742992,-1.0008985716999768,-0.996564096336072,0.9658121740493192,1.2428737731979005,-0.16105501173857203,1.2281936461153053,-0.6963054796873225,-0.9248585813598482,-0.6275030809670699,-0.7293592219255167,-18.073554239309566
s335,-25.593497541558502,-0.8306135276999169,0.8195913894625475,-0.313124024375913,0.8802297256132333,-0.47703249671480785,-0.28307079865866547,-0.31766771052278114,-0.544885870534783,-0.39786014759380045,-0.06544656127666788,0.22711314798675555,-0.9088194600200015,-0.4324161530479095,0.18457357272493854,0.8698202693620175,-0.5795449505715446,-0.5931276049690055,3.0868410542543607,0.2639468228743268,-0.402668050488517,-0.35370725586820484,1.1224793331756515,-0.05702138540143916,-0.03269702745137889,0.1006062406781143,-1.1395750227382369,0.809689115778287,-0.4608621688907178,-0.4042494734383116,-0.9314356181424778,-0.9352447172894294,1.5775948545698188,0.7870621014248486,-0.2916002625152449,0.8399828289867343,-0.39426657890304967,-0.2741554851872392,-0.4526274300316491,-0.40751534535863443,-18.501646439070797
s336,28.634580564059327,2.1015967522939647,-0.2786589994896536,0.5551018755298102,-0.2894603905368341,1.3106611615759276,-0.4058322154161211,0.19190039058846992,0.28073259009584917,-0.5582749381717423,-0.06544656127666788,-1.2421742124175847,0.6783366498078183,-0.4324161530479095,0.8007441292344583,-0.5609384697647599,-0.5795449505715446,0.4649827604258236,-0.4327027368627905,0.31589555416048837,3.0178465646752666,-0.35370725586820484,-0.09415700786282763,-0.9010397499277764,-0.8576890254182253,-0.6766732829887983,-0.38069476112317047,-1.0906367142403524,1.8954211034275568,2.0315499954510945,1.0750067489155128,1.476837466558961,-0.22361900915187918,-0.11089087608147237,-0.30165622856259694,-0.06572007430372326,-0.7068958025222959,-0.8856349377719644,-0.6257618325550351,-0.7093927260108377,-21.512963085554823
s337,-103.37606142471914,-1.823403170115506,0.4623158695496295,-1.5982267754852382,-0.30551951666983895,0.8670107483193,0.37942994086594406,-0.45394219770135263,1.9692871848692615,-0.5582749381717423,-0.06544656127666788,-1.2421742124175847,1.0590037846696594,-0.4324161530479095,-1.590714638555045,-0.5609384697647599,2.9386227712936224,-0.5931276049690055,3.1757364573193696,-0.5746541250308533,-0.402668050488517,-0.35370725586820484,0.902096047934991,-0.14162592357371445,3.6352539230765775,0.20626439508112931,-0.14412781115549045,-0.5363798864097489,1.2178409247434439,1.9866463460663213,-0.40252560088285966,0.47333156727518816,2.4730207960320483,1.1249555620922989,-0.28878229883066814,0.9039601104034239,5.082638378026732,2.5506783872961813,4.8648679496805665,2.126714396029223,-17.75953587894473
s338,19.80307495575019,-0.32058749054018587,-0.6920121167904236,0.2500325108552344,-0.8482597646127835,1.132995013560016,0.30858181394905526,-0.38063840977040386,0.765317363824827,-0.5582749381717423,-0.06544656127666788,-1.2421742124175847,0.958977131041651,-0.4324161530479095,0.11305619778744318,0.5871475701424413,-0.5795449505715446,0.8314941806093942,2.0421491232321443,-0.5746541250308533,-0.402668050488517,-0.35370725586820484,-0.3875433277464751,-0.7167598337370683,-0.7272597675344791,-0.6579209729654989,-0.4385058899973037,-0.8026378015395933,1.5890514377228404,1.6691735971857364,0.8624873067451722,1.1502530593630873,-0.3246305899166135,-0.3455727688282486,-0.2934867375353883,-0.1658371306206266,-0.5276134445625262,-0.34135343302360055,-0.5028720000963607,-0.38687511156179866,-21.18082550420247
s339,-20.135259724920118,-0.587758860696081,1.246090626572097,-1.3630976776138546,0.4301689761522721,-0.8342198805530563,-1.5402450860611465,4.330256961846954,0.19203408558093196,-0.5582749381717423,-0.06544656127666788,1.6914852060145342,-0.9088194600200015,-0.4324161530479095,-1.4030189686399805,-0.5609384697647599,-0.5795449505715446,3.2496167491815093,-0.4327027368627905,-0.5746541250308533,-0.402668050488517,0.6643756294182873,1.562290660879726,2.223340841622868,0.8868959922727503,1.8008754855621647,0.7545542351542334,0.07101017004206574,-1.1197257583805396,-1.0551631904723573,-0.634969421421431,-0.6688769587319512,0.8252902191125179,1.0312733985605718,-0.057438611047431816,0.9071680192460301,1.1057491290410457,0.1936661244593571,0.5079983815106822,-0.09692797800393023,-17.613819986902023
s340,-20.045938506656757,-1.1442410126901654,0.6417035966609849,0.024829036782689752,1.0006613314452495,-0.6840023360287462,0.044200435735103696,-0.5495542097167379,-0.9610484644588019,-0.5582749381717423,-0.06544656127666788,0.19639372841685337,-0.9088194600200015,-0.4324161530479095,0.5922804406300664,1.6372622884623642,-0.5795449505715446,-0.5931276049690055,2.702554336572841,-0.5746541250308533,-0.402668050488517,-0.35370725586820484,0.5061226075520107,0.18562692865441588,-0.4753123324786161,-0.001110639102173506,1.4079246807057715,0.7220320854895835,-1.0887984733172895,-0.6695943435351923,-0.9841136090659944,-1.02423096474244,0.0789810548448525,0.42008423368106984,-0.285482446678836,0.6733366320677635,-0.563259438724165,-0.5519846106127277,-0.5382166627493404,-0.5246606031999198,-19.06967392812366
s341,76.21485015461458,0.4741958647829525,-1.4912066623638456,1.3823559180050045,-1.5102021092836067,1.704061735548095,0.5909053023407117,-0.42645230155835273,0.8730516463502334,0.6299827698130124,-0.06544656127666788,-1.2421742124175847,1.079573117631006,1.2049893479919063,0.6291921735268269,-0.5609384697647599,-0.5795449505715446,0.44016288765730277,-0.4327027368627905,-0.37498723267247713,-0.402668050488517,-0.35370725586820484,-1.5956800077461215,-1.267238691801193,-1.0642811202377411,-1.3566684777419151,-0.8695110494540496,-0.8582403243706255,0.6994273897158279,-0.2771156291260992,1.46660274847939,1.5615956299495368,-1.426217722040014,-1.5347804794401247,-0.3009831971433005,-1.4928950083939734,-0.6683527059572448,-0.5997478835896197,-0.5970309594000952,-0.5615496061248132,-23.710826995340035
s342,-2.666377717162538,0.3703404280037101,0.7694747630911549,-0.5608712381612581,0.5502918080718819,-0.3553900957191493,-0.6626898831976166,0.08273215960176605,-0.09785947932794536,-0.5582749381717423,-0.06544656127666788,0.552031602454112,-0.6604141408918248,-0.4324161530479095,-0.31116716679263257,-0.5609384697647599,-0.5795449505715446,-0.5931276049690055,1.8658511162329003,2.393673116831323,-0.402668050488517,-0.35370725586820484,1.1919068538281659,0.360958046528041,0.16134904385876545,0.14482376423876517,-0.10513001110543924,3.5702437888220913,1.0797683407561196,-0.15942402026311936,-1.4122417313786941,-1.0150184316278807,0.3950005045079382,0.8392191834782906,-0.3008114311919432,0.8707517837079042,-0.11768387580397019,0.054668347319893,-0.19323602562479222,-0.09088130352017981,-19.01967676945428
s343,-36.322169189318345,-0.8999040765226297,0.3206615850407468,-0.3985513105398635,0.492281156705932,-1.5308282401778022,0.6196041315703863,-0.8707147246156354,-0.7896729024286749,-0.5582749381717423,-0.06544656127666788,1.086056036575594,-0.9088194600200015,0.3750714913004929,-0.5938135119665869,2.966959791095787,-0.5795449505715446,-0.5931276049690055,-0.4327027368627905,-0.5746541250308533,-0.402668050488517,-0.35370725586820484,0.35119033995726495,0.30807319727934424,0.2158262596611762,0.6159079081017493,1.397525394798854,0.0872536902716425,-0.9956952497000204,-0.8487432830260755,-0.6367013177825717,-0.6707150813599948,0.6005250396954745,0.24901286406121473,-0.05898797327204915,0.5294947502745837,-0.13988325499655513,-0.04547386542967776,-0.21084677592898043,-0.15280029986433052,-19.43128604912865
s344,41.07811156642698,-0.2402077473787511,-1.1789688437274524,-0.3755940103223799,-1.6503520119574413,1.9850628186580839,0.42906180950872175,-0.31336976938253186,2.267259861255063,-0.18629861219390606,-0.06544656127666788,-1.2421742124175847,1.0235219174009966,2.93138427843606,-0.5461474320712087,-0.5609384697647599,-0.4309377009000248,1.775097188690049,-0.4327027368627905,-0.5746541250308533,-0.402668050488517,-0.35370725586820484,-1.1427120637953867,-0.48162893452923033,-0.5822772769765654,-0.4754929930387236,-0.355993221299057,-0.7464329179050939,0.5518234455039126,0.2279369512940484,1.5523439582402294,1.652595796791757,-1.0839930641801263,-0.574972037647702,-0.28216593976727156,-0.8426798001749907,-0.0750442765001096,0.7680793495313728,-0.1627545288154859,0.3306776935386389,-21.714487140420246
s345,-29.87473249504645,-1.063578736599594,0.5500081817040284,-0.2097113587361893,0.7452731805001112,-1.0470503683309738,-0.7866164431266075,0.04605456994923689,-1.002077092918104,-0.5582749381717423,-0.06544656127666788,1.1293719481847695,-0.9088194600200015,-0.4324161530479095,0.2850780564410863,-0.5609384697647599,2.091238364455212,-0.5931276049690055,0.2113617007034439,-0.5746541250308533,-0.402668050488517,-0.35370725586820484,0.4811995808390912,0.1699168765415737,-0.13948259242120298,0.1536652281371463,1.042606388626812,0.37104348341720633,-1.1887313715669328,-0.9521431811838722,-0.6404696768792002,-0.6747145736399744,-0.3705566526570281,0.39924910529471996,0.3607628333197681,0.6208686311092994,-0.5096919625140712,-0.4694153009573212,-0.49019811847491285,-0.4472904661767916,-18.96311499883081
s346,15.323302604322201,0.8012548167291664,-1.202980751870114,1.2594817633766837,-1.112289311562808,1.2113936737030833,1.186059623097693,-0.6787991995810784,0.37276901872187523,-0.3149918434563802,-0.06544656127666788,-1.2421742124175847,1.4174786944694642,-0.4324161530479095,0.69662248265318,-0.5609384697647599,1.1699356569358261,-0.1397950124017423,-0.4327027368627905,-0.5746541250308533,-0.402668050488517,0.14005490176679217,-1.311666362943734,-1.3083156266211924,-1.0333085614229927,-1.2973991433744938,-0.4067963795051231,-0.9374490459908794,0.5391023874355941,-0.15522258057958796,1.5407014225120357,1.6402391634215567,-0.23544435004274505,-1.2970689315168273,-0.2530279697576914,-1.1526870711631143,-0.6330811076859894,-0.47545346883864026,-0.5698411002350182,-0.4704257626730714,-22.114629691073674
s347,-66.13097216373784,-1.7059815212946492,1.4654548645121668,-1.2556921022328724,0.8270485684293112,-0.4966482410966745,-0.29881300789492976,-0.31033793395342446,0.31453197130550126,-0.5582749381717423,-0.06544656127666788,0.43573293688314624,-0.9088194600200015,-0.4324161530479095,-1.1342528685268602,1.3390630751520871,-0.5795449505715446,0.7541002405477909,3.6630028062520665,-0.5746541250308533,-0.402668050488517,-0.35370725586820484,1.1668967163828496,2.629123120074463,1.4149788524643185,2.0028446015132197,1.0826510726192653,0.8549812677529153,-1.0970801089091053,-0.6608196162621955,-0.8974416194705346,-0.9079664626723941,0.09418464029197589,1.55548282523272,2.04647877575723,1.175174213259103,2.0521485363143075,1.3672582048509718,1.3860161023728517,0.7292349788282035,-16.4081703710912
s348,11.817491450215565,0.6237714733745665,-0.06301169861051142,0.1662029832528672,0.19442352340698169,-0.44685118760749803,-0.42569824393153133,-0.1965100169939518,-0.5554294918442443,0.11715575899853929,-0.06544656127666788,0.5362468005637452,-0.18618580437439644,-0.4324161530479095,0.310938859268633,-0.5609384697647599,-0.5795449505715446,-0.5931276049690055,-0.4327027368627905,1.6952431775696342,-0.402668050488517,-0.35370725586820484,-0.15928662110448086,-0.1698298588064082,-0.43453786300842695,-0.31397822081088717,-0.8825706744653685,0.6960152053075173,0.740993338931969,1.856420333557687,-0.45020125170057257,-0.3129217354197011,-0.4764258942553555,-0.24459495013761806,-0.30046761077766426,0.07084834449509204,-0.648284652484065,-0.7587422116881938,-0.598684102837332,-0.6543890226160338,-20.58778590237884
s349,-8.503384577626212,-0.58098046951541,0.798316976980402,-1.1128998525248226,0.40396946570599157,-1.3131028410292573,-1.014767897012181,0.35818018447365874,-0.2634403130067262,-0.5582749381717423,-0.06544656127666788,1.7026470990517881,-0.9088194600200015,-0.4324161530479095,-1.2811690955365682,-0.5609384697647599,2.2879627284834,-0.5931276049690055,-0.4327027368627905,0.5022010247671308,-0.402668050488517,-0.35370725586820484,0.6620104080159684,1.2876905629994513,1.6148609583562163,1.5950290202512474,1.049018474464637,0.5110683170751618,-1.032723629437391,-0.9407008227590149,-0.5614714944331934,-0.5908710192643032,-0.14792723473816385,0.905486223752698,-0.27215257743185917,0.9429731439371367,0.9231044550660638,0.36966061203614237,0.5668957995174951,0.11898163051854417,-19.18353701640313
s350,17.039858494894474,-0.5085713621356769,-0.3595006191951876,0.6852912686575533,-0.36203553684862155,1.724326757939857,-0.7727438484568742,0.8913345760915945,0.25698973818472676,-0.5582749381717423,-0.06544656127666788,-1.2421742124175847,0.40105352234311553,-0.4324161530479095,1.1259114561847958,-0.5609384697647599,-0.5795449505715446,0.951931054867438,3.410404226500489,-0.5746541250308533,-0.402668050488517,-0.35370725586820484,-0.15920169547348798,-0.38602054798748164,-0.9185743419501351,-0.7495104557268413,-0.4523045473125667,-0.7593958577339927,1.335503019631046,2.2477523414391327,0.5485892990979491,1.1140061882509407,-0.38376723340208857,-0.177371085305784,-0.29297712097655787,-0.09709308981647634,-0.7102234362298528,-0.8733592653033558,-0.6267732235723648,-0.7063219082667375,-20.4707333201593
s351,33.491724910899904,1.2148060521305901,-0.8103115880692334,1.8985070605476173,-0.06373282596744509,1.1431733237072528,0.43981365444460135,-0.4402044148150538,-0.6866296889244083,1.0724610544437996,-0.06544656127666788,-1.2421742124175847,0.7861008113794367,-0.4324161530479095,1.8692113430560722,-0.5609384697647599,-0.5795449505715446,-0.5931276049690055,-0.4327027368627905,-0.5746541250308533,-0.402668050488517,1.181229248897679,-0.7765307323121637,-1.3848471828685378,-0.7813070405379968,-1.45697111038928,-0.7908228545256298,-1.1167781131147252,1.4027892674768525,1.403514735890328,1.3278726552482116,1.483205005351537,-0.17262047233577307,-1.0271262663436838,-0.2697776908537298,-1.4555548773273987,-0.7526567044860603,-1.0348633135614016,-0.6409358727656669,-0.7541495635283837,-21.67714580870165
s352,37.53938643260641,0.44275097885216735,0.8286495269634709,0.2920435600546881,1.3617454675950413,-0.47565214589206833,-0.8698993144755822,0.37260293424983587,-1.289658839016714,-0.5582749381717423,-0.06544656127666788,0.22944905793970363,-0.9088194600200015,-0.4324161530479095,1.2673506358542435,0.22056840454818566,-0.5795449505715446,-0.046091461813901065,-0.4327027368627905,-0.22230078557489533,2.780422609034486,-0.35370725586820484,0.5161624874023851,0.5137250818131912,-0.7616010006981144,-0.11532963574160476,-1.4242786662661846,0.4195254693090551,-0.6858258792878508,-0.5172101169237667,-0.9491728097990826,-0.9729755726910383,-0.299972759213199,0.5429859748406098,-0.2275611681157347,0.683306492007106,-0.6718635901622281,-0.7975768037534083,-0.5968781082999239,-0.6377584150573238,-20.862385890254245
s353,-2.4363206937863127,0.35675038376663154,0.1316607863648762,-0.7792152856275109,-0.4208079742816795,0.4212620860692327,0.921490327426186,-0.7001932556171659,1.1288466248431914,-0.5582749381717423,-0.06544656127666788,0.5723539887550351,-0.9088194600200015,3.448409696391654,-0.7467520800579496,-0.5609384697647599,-0.5795449505715446,0.3713468965367912,-0.4327027368627905,1.4717538820585545,-0.402668050488517,-0.35370725586820484,0.27621897601457607,-0.3479789512587831,0.5312246594248788,0.07114161422459744,-1.3534167989402566,0.48151119499677947,-0.9632114553115898,-0.5613290879805423,-0.7168373295306869,-0.7037633728674716,-0.547106902515834,0.30254824708876477,-0.23361691372371735,-0.24884528935686384,-0.03856561464649498,0.06232887558283741,-0.12404375723209031,-0.06773473002068102,-19.200587640714208
s354,-19.765158002169038,0.7887982464220027,-0.9988673849646625,1.3706199079619141,-0.6758088394872119,0.6848175662622535,1.9419666232184227,-0.8754870634170028,-0.083902378896323,-0.5582749381717423,-0.06544656127666788,-1.2421742124175847,1.2234312742223687,-0.4324161530479095,0.8061368349627055,1.49337792143975,-0.5795449505715446,-0.188503336645433,-0.4327027368627905,-0.5746541250308533,-0.402668050488517,0.35142854962069103,-0.7126128015718637,-1.6737295129575407,-0.5920175739623502,-1.3133462740146244,-0.2275394615819987,-1.0236832715861064,1.3629288283601608,0.4827947624007997,1.2582190329418224,1.3818206624320113,0.7331482654687675,-1.1636233814819663,-0.20973927224819017,-1.1706696843453808,-0.5850162703879449,-0.27893030198394253,-0.5141352184513935,-0.26687978235733395,-20.532237054092608
s355,-57.96074134381621,-1.7783823574235007,0.5020801730940265,-1.2346160191765,0.3367861362627355,-0.8383810311289727,-0.8672173808820534,0.24303460055901938,0.08663312297068593,3.3659215916688194,-0.06544656127666788,0.8450868133075892,-0.9088194600200015,-0.4324161530479095,-1.1845577550336042,-0.5609384697647599,-0.5795449505715446,-0.5931276049690055,1.6272388940308684,-0.5746541250308533,-0.402668050488517,-0.35370725586820484,0.48804739751943105,1.209382322019499,2.0342812906920025,1.1109497749875392,0.9980058501715586,1.3005849886550893,-1.1268939098495105,-0.8732559505901275,-0.6997838193914954,-0.7376667629055306,0.5432549722733399,0.4750572484006887,-0.29674747542716795,0.5938957996476244,1.3948630010497522,1.1083323544905626,1.1932014238273156,0.8124453317835323,-17.042570811194388
s356,5.675332255469215,1.6906663680777687,-1.0536701501581451,-0.4978262610302492,-1.4328133735023376,1.2669789861323422,0.6522130414461992,-0.5090317639547021,1.947712723565354,0.5276097980481721,-0.06544656127666788,-1.2421742124175847,1.1968933221280815,1.3246459038371239,-0.9604903314940789,-0.5609384697647599,-0.5795449505715446,-0.5931276049690055,0.2596665335209115,1.8582101633973618,-0.402668050488517,-0.35370725586820484,-1.183461551998552,-0.36915820612345535,0.2134149952316262,-0.07691251424000026,-0.793015672645199,-0.3748828336595836,0.4085414162316396,0.32435300506509734,1.225418363575507,1.305618144593179,-0.8321496484074188,-0.5644687831013133,0.08095880323501663,-0.6231504467435247,0.40755755350496914,1.1801261123827103,0.44780175575371894,1.0193496800171966,-21.271435459684177
s357,-3.7693037318603744,-0.7941618455053655,0.5880846207208227,-1.221451478685146,0.07642133980189292,-0.8439229941418188,-0.6807855247494329,-0.033271896065979883,0.21792289489041974,-0.5582749381717423,-0.06544656127666788,1.314368403239602,-0.44373942822162676,-0.4324161530479095,-1.3751614604530733,-0.5609384697647599,1.6159373365463834,0.570536349187838,-0.4327027368627905,0.054952426055413305,-0.402668050488517,-0.35370725586820484,0.584488639714182,1.2156649150816297,1.5289019202215979,1.804073668300237,-0.18446529196540826,2.9391022467615655,-1.1000233685417173,-0.820046765490639,-1.4080452802818009,-0.6581153604015476,0.7952468382684029,0.7997157768717498,-0.2936023654539627,0.8168165227008285,1.244056146652535,0.5468428307686325,0.9815760105787202,0.35233821978838054,-19.06625211198675
s358,-3.5550337977012285,-0.9391351454937177,-0.09860751925877545,0.2840358641071701,0.5014451669650181,-1.152325354437672,-0.976630433093004,0.33930831148970425,-1.229238775601253,1.1528161613263046,19.511226864810926,0.8349887918962434,-0.9088194600200015,-0.4324161530479095,0.5416365105996858,-0.18359550559945598,0.2618007091072139,-0.5931276049690055,-0.4327027368627905,-0.5746541250308533,-0.402668050488517,-0.35370725586820484,0.20384583782938595,0.06771426795375587,-0.6553826747477177,-0.3833916513968618,1.0815738934497958,0.13651076203296408,-0.813416753524597,-0.7953685823177339,-0.6411635608825702,-0.6754510171803905,-0.6898472076583458,-0.30449297369344874,0.3876346213481534,-0.26651399914596774,-0.7186178059326578,-0.9478835712139227,-0.6226774703687545,-0.7075966914416978,-20.329871928812526
s359,17.02966998862777,-0.16195705990377166,-0.8275087586601738,1.2926057436573672,-0.6526230689421088,1.5485731205138895,0.11859143931979504,-0.20766201970044812,0.115647388742587,-0.5582749381717423,-0.06544656127666788,-1.2421742124175847,0.5969899268855651,0.2693290616834402,1.2592802478060747,-0.5609384697647599,1.0480582601165298,-0.5931276049690055,1.6773750395446825,-0.5746541250308533,-0.402668050488517,-0.35370725586820484,-0.9037912090064462,-1.162569603330738,-1.0085048808594843,-1.1403177307015764,-0.10420636198437977,-0.8429669016949257,1.0923311758047547,1.6866989935041938,0.8286643172223761,1.1219659064501815,-0.8529881113258243,-0.8518274560405869,-0.23033869475459728,-0.770592341155082,-0.7089671137227342,-0.8251703373268854,-0.6191262975847683,-0.6637881152604443,-21.36102912880764
s360,-33.87323800552501,0.3738378236077717,1.0132969547019153,0.35855757380518855,1.942365437307075,-1.1445806902974665,-0.36991803243100363,-0.40117661711695063,-1.6784518945628701,-0.5582749381717423,-0.06544656127666788,0.32986910437056416,-0.9088194600200015,-0.12856770955598487,1.2984119231874014,1.2722870133579152,-0.5795449505715446,-0.5931276049690055,-0.4327027368627905,-0.5746541250308533,-0.402668050488517,1.973422638277494,1.1636200539619161,-0.9967992569971375,-0.33488464149782027,-0.2122461215876375,1.6940274699188593,0.34618655023929595,-0.9336741571955254,-0.705972595380677,-0.9525241351314104,-0.9892818674844593,1.2463995838618207,0.637645303338864,-0.26172908763316804,0.6438914716550318,-0.6912572329005965,-0.865919787589011,-0.6103864139789076,-0.6765664888038787,-18.813860710554877
s361,-6.848878513946689,2.543339733580442,-1.2466727402772089,0.7659197503203384,-1.3453543009411055,1.283275664106477,1.3610359219778077,-0.712794775116102,0.9855615340294471,-0.5582749381717423,-0.06544656127666788,-1.2421742124175847,1.7086566755969876,-0.4324161530479095,0.04827564357082244,-0.5609384697647599,-0.5795449505715446,-0.03619498760835028,-0.4327027368627905,1.9364404164194675,-0.402668050488517,-0.35370725586820484,-1.110407544450314,-1.7943730363406383,-0.8406310447681101,-1.1484496452610264,-0.2565255930476078,-1.0642562138589677,0.49348879213822533,-0.27807021016079214,1.6152055801204335,1.7193130508989394,-1.1979547938954087,-1.3007987824117946,-0.2896624339039965,-0.9765695797655463,-0.41272123989556203,0.22495731042215078,-0.4129133175160452,-0.03414997486727604,-21.82643688719446
s362,33.67007206825921,-0.7586552020068781,-0.003950126991434801,0.3554394135305552,0.6743234855007537,-1.1329334297983156,-1.2318572545207198,1.1230418748900053,-1.3533127880834257,1.7024930948438115,-0.06544656127666788,1.0540373744907525,-0.9088194600200015,-0.4324161530479095,0.769258551396023,-0.5609384697647599,-0.5795449505715446,-0.5931276049690055,-0.4327027368627905,-0.12773134006288173,-0.402668050488517,-0.35370725586820484,0.25727764552415255,-0.08150093173672347,-0.6638217544492663,-0.3651172999769322,1.0381566472898969,0.04413313170086304,-0.8602966459910341,-0.8139961733792191,-0.6168856000659889,-0.6496839619795104,-0.8040032440927619,-0.2531024740468705,-0.2338472471148344,-0.3231579225252425,-0.7282857469222237,-0.9727447135089966,-0.6315922914943709,-0.7297908818205268,-20.918970087125963
s363,-41.37637428384341,-1.0837121148168871,-0.3387610742270284,-0.5723716804042749,-0.5781555791487899,0.33384257531891337,0.9474929726575584,-0.7173581554618538,0.8330230077237053,1.8512206917336704,-0.06544656127666788,0.37217792322800036,-0.9088194600200015,3.2968584166672628,-0.45241062679123634,-0.5609384697647599,-0.5795449505715446,-0.007495908856602143,-0.4327027368627905,-0.5746541250308533,-0.402668050488517,-0.35370725586820484,0.128788832144401,0.016333876480041785,0.051463035443966625,0.39727375393547004,0.3815477632361722,0.35535707086814955,-0.816105054834743,-0.6991335105792609,-0.7036304381463057,-0.7331766969935942,-0.10645636018119112,-0.011193165212076946,-0.299293499734479,-0.12640617793016337,-0.3664316482347852,-0.22995256899361943,-0.2767948403447443,-0.09460652585381123,-17.984977543346105
s364,-38.63896712025809,-0.275829258433885,1.5251361159102361,-1.2049097567558995,1.0895255411653622,-1.2187287817472137,-1.1937528253339822,0.9218322493401723,-0.2365716906469638,0.36184008703003756,-0.06544656127666788,1.1314628899592383,-0.9088194600200015,-0.4324161530479095,-1.2016297781524965,-0.5609384697647599,2.1548284433844205,-0.5931276049690055,-0.4327027368627905,-0.5746541250308533,-0.402668050488517,1.8085983438880744,1.1924555673488513,1.643913092756058,1.7577716100081704,1.34540254129681,1.2664523098285263,0.45455297389590177,-0.9682484200042928,-0.6446244045136245,-0.7323769163394236,-0.7554346514419755,2.083450369817481,1.6749244198379658,0.9024448408889773,1.6067177151856962,0.7610687556907438,0.14770066590688602,0.4410934005849234,-0.021849338215912336,-17.893938447331536
s365,7.360450458856397,-0.42829378545133084,-1.0696609468536897,-1.176990441352966,-1.6423748041336623,1.4820832253941878,0.9718577838058371,-0.5894824562189986,2.341415068898453,-0.5582749381717423,-0.06544656127666788,-1.2421742124175847,2.216388000903412,-0.4324161530479095,-1.3403480608361333,-0.5609384697647599,-0.5795449505715446,3.3385626671670057,-0.4327027368627905,-0.5746541250308533,-0.402668050488517,-0.35370725586820484,-0.7903018438815271,-0.22332233525897607,0.5426693187826254,0.10684477358255766,-0.01674965295310154,-0.8020969752988291,0.5563124645102023,-0.35992652313033235,1.9232477166873945,2.046249023696824,-0.3983879789505413,0.04448008114362959,-0.27431831341966156,-0.16789241982711856,2.6705326187429677,3.5778201656521875,2.7788458420267266,3.157403024076075,-21.84332997178521
s366,47.84148625997168,0.0048135600047008635,-1.1102666062095943,0.4155344421053881,-1.2693468232224026,1.2226519371464175,0.8048665813380822,-0.5681695190892052,0.9520840743150198,-0.5582749381717423,-0.06544656127666788,-1.2421742124175847,1.4713746107642094,-0.4324161530479095,0.018991473115959296,-0.5609384697647599,1.4830211871107566,0.16275238594235794,0.46260235415061735,-0.5746541250308533,-0.402668050488517,-0.35370725586820484,-0.9044885184931658,-0.8577358041972883,-0.7675976978448112,-0.8922251557097243,-0.31671211234248964,-0.6840909256015729,0.7015988072972098,0.08217854764347769,1.4517097967417585,1.545789215546499,-1.1287177984705474,-0.9734709614105358,-0.29619627702283563,-0.7048744448501154,-0.33319286655766345,0.4224936240103815,-0.2987078527681545,0.2589083304887109,-22.931314918042176
s367,35.52715861046708,2.879784928021832,-1.2306310976725812,1.072688439270992,-1.22395296848239,1.248771249606949,1.634621058183983,-0.7728998718921791,0.7391458005727765,-0.5582749381717423,-0.06544656127666788,-1.2421742124175847,1.6172177288608944,-0.4324161530479095,0.3085658022443386,-0.5609384697647599,-0.5795449505715446,-0.5931276049690055,-0.4327027368627905,2.327546338544418,-0.402668050488517,-0.35370725586820484,-1.3155206223639473,-1.2333194033076391,-1.0548866686080027,-1.25541723030465,0.00786837094245154,-0.8465282643665792,0.8289928602120151,-0.21440401143338203,1.5178656825562955,1.6160027880341052,-0.8189856236804677,-1.3566657724544182,-0.3010393037409666,-1.0434426038761717,-0.3799121444846433,0.5022388018216273,-0.3579466434959785,0.23679141397029846,-23.203114956953797
s368,6.277801216170516,0.7255701289340377,0.2906001761419575,-0.8409935485398851,-0.2370968505746976,0.10503794223476928,0.8274369337273463,-0.7131827980475243,0.9413482377536321,-0.5582749381717423,-0.06544656127666788,0.7361812928590175,-0.9088194600200015,2.8660396938120805,-0.8988833064854396,-0.5609384697647599,-0.5795449505715446,-0.24780927633473643,-0.4327027368627905,2.331688510308399,-0.402668050488517,-0.35370725586820484,0.3674459146295695,0.11045629577043166,0.8704934688531912,0.19474766519238576,-1.573267750506378,0.4495725024957026,-0.5843339182670774,-0.5715944250685334,-0.679369854452776,-0.6686133331819604,-0.3279881983798249,0.37211075722632586,1.5041012625500272,-0.06440880357971404,0.009323816925786063,-0.03035097357322107,-0.05499682380862825,-0.08391458255502075,-19.441592220261942
s369,37.64539328366211,-0.21541287499919526,-1.3217768926843667,0.7087863087402629,-1.2915895924935774,0.940258712332986,0.5632144749432871,-0.5192997298625595,0.6010081218031799,1.3788093254109521,-0.06544656127666788,-0.9274874753600514,1.2729291447755888,-0.4324161530479095,0.18457357272493854,-0.5609384697647599,-0.5795449505715446,0.534857973234916,-0.4327027368627905,-0.5746541250308533,-0.402668050488517,-0.35370725586820484,-1.4396853193265828,-0.8908100728384095,-0.9812758410052139,-1.0098569132183566,-0.5632750145036527,-0.802452938595843,0.9266225091323795,-0.12997204531600795,1.4376569558910195,0.4859117292933423,-1.206745792238645,-1.342890034304219,-0.25678429837162997,-1.037980786376785,-0.5817238426467568,-0.34732823562305726,-0.47977597429122754,-0.19840706658852925,-22.218345507315245
s370,-32.78613712350607,-0.9110518784734996,1.2431166042800934,-1.3714937819367081,0.48007265223056683,-0.7803853247247207,-1.3398144485339083,1.9427980254434556,0.1931110503166343,-0.5582749381717423,-0.06544656127666788,1.5572172797094963,-0.9088194600200015,-0.4324161530479095,-1.3288905357472327,-0.5609384697647599,0.0070368006071277285,2.5637429241297585,-0.4327027368627905,-0.5746541250308533,0.8219439147027938,-0.35370725586820484,1.5072602488355173,1.7784417248179736,2.0539471918882475,1.2051817207465727,1.257313578805362,1.317908358098985,-1.198072428866144,-0.871877061582415,-0.6877925615639789,-0.724940018484781,0.9643338652978172,1.0489434116859917,-0.0722752059963888,1.0052286674141038,1.449295063422558,0.5664601074501154,0.969042780258818,0.25343753848818285,-17.393527757802193
s371,22.88562270137711,-0.8359933867602435,0.1516992987920377,1.1785824117251633,1.4092004343483076,-1.1229874369312631,-0.6101427232824901,-0.190431788348246,-2.1493199151873243,-0.5582749381717423,-0.06544656127666788,0.8343061882142473,-0.9088194600200015,-0.4324161530479095,2.0758171629515187,-0.012842544161525141,0.4133839355018506,-0.5931276049690055,-0.4327027368627905,-0.5746541250308533,-0.402668050488517,-0.35370725586820484,0.13182517345548903,-0.5268642162126592,-1.053140057020229,-0.9541274916311632,1.301032435437046,0.12373781096637518,-1.0467361423153443,-0.8087986692939857,-0.7473963426108825,-0.7881996113319616,-1.1325433918764112,-0.20730856966004457,-0.2321910788380358,-0.7879034526704185,-0.738609141538201,-0.9794660073075588,-0.6305288658914702,-0.7147069535399063,-21.313497026553016
s372,29.386153789558275,1.2471237100900117,-0.8650634607292869,1.644035039926456,-0.5642501823461488,1.5497295722412072,-0.08673926088109803,-0.06232963365243168,-0.19975782218087226,-0.5582749381717423,-0.06544656127666788,-1.2421742124175847,0.8971885999680181,-0.4324161530479095,1.5565395409136231,-0.5609384697647599,0.048244859265284115,0.382925221885,-0.4327027368627905,-0.5746541250308533,1.4116008239626407,-0.35370725586820484,-0.5760388943410549,-1.2136063346310426,-1.1740583911579856,-1.2831382249910521,-0.46536327550054823,-0.9134030892633355,0.9356352297237173,0.801594132684926,1.2533523847992925,1.3819249165800953,-0.8173737984460018,-0.962491522238822,-0.2911648509496805,-1.1313904524084855,-0.7437187004895432,-0.9889028362801169,-0.6371693121886866,-0.737133385668794,-22.300675285710913
s373,-75.29145470292671,0.7987606131695107,2.2070296636674884,-1.364647417723519,1.3085427667728282,-0.5760131635219643,-1.0372129516872062,0.7178568498768129,0.39220351619148724,-0.34720284530602935,-0.06544656127666788,0.40372023469254026,-0.9088194600200015,-0.4324161530479095,-1.3634011874353207,-0.5609384697647599,0.6347327079286372,-0.5931276049690055,-0.4327027368627905,1.3169269604695528,4.07280528282578,0.33171258137511334,2.2424197795691585,0.9987690535898767,2.4249697851335132,1.9241540828334869,-1.0112032904919086,1.2421660583112675,-0.3554624245449837,-0.4088812078305216,-1.0773826029219868,-1.0685293361077277,0.6070667646524478,1.9852443057474471,-0.3014502175152717,1.5979910059413414,1.6942708562937636,0.39597796963629445,0.9877793265956415,0.06759058609000167,-16.09460498694387
s374,-36.99525902191359,-1.3579639723645793,-0.029352721134543378,-0.7011418176691169,-0.27176827726974034,0.5776628319397277,0.483636373085651,-0.5391296749513229,0.9659253251261064,0.7040053811300955,-0.06544656127666788,-1.2421742124175847,0.5225652887267875,-0.4324161530479095,-0.6813393744105426,1.2484519731590336,-0.5795449505715446,-0.5931276049690055,3.5966594104521965,-0.5746541250308533,-0.402668050488517,-0.35370725586820484,0.42166714749706913,-0.22027684444397522,0.30447828254285664,0.49279875504967147,-0.7291942265930507,-0.7062334698789385,0.6910990305356696,1.8561880559273052,0.23019940291434307,0.6033487262509521,1.9268463607488404,0.5651650080039033,-0.3006512908664255,0.6775627947002325,0.549697566050546,1.1776143428356671,0.39225603127608166,0.7439849632696252,-18.463071543198716
s375,28.1777499699417,-1.0543756755640714,-0.13035191581253983,0.1662833235822527,0.4364191315575082,-1.1842248749787474,-1.209895431950447,1.0029947572238975,-1.1800748962465388,2.4535945992100237,-0.06544656127666788,1.0918288752627792,-0.9088194600200015,-0.4324161530479095,0.4295674956157748,-0.5609384697647599,-0.5795449505715446,-0.5931276049690055,-0.4327027368627905,-0.5746541250308533,-0.402668050488517,-0.35370725586820484,-0.11459850801801107,0.3577028369550448,-0.4995234378317117,-0.2309341509946639,0.9762867330362749,0.25409028666404593,-1.0760761657500166,-0.8846968848182312,-0.5791554639499309,-0.609639639172333,-0.4573927000766734,-0.32540407385840875,-0.12603621785994734,-0.411184579473861,-0.6992273028179915,-0.8929738875939359,-0.613716194996022,-0.6861837664903739,-20.92466765927065
s376,78.80365627033079,-0.04255846667036605,-1.5445404705564467,2.1958307399800274,-1.212444919383136,1.4438126594549225,1.0524222057400374,-0.6174285053689357,0.10382415762875194,1.6260966782087427,-0.06544656127666788,-1.2421742124175847,0.9991447996666326,0.5082210496770911,1.2573341967873677,-0.5609384697647599,-0.5795449505715446,-0.5931276049690055,-0.4327027368627905,-0.5746541250308533,-0.402668050488517,-0.35370725586820484,-1.7922147134042157,-1.4152764177827464,-1.4563801551652094,-1.5993390878222682,-0.6430543916673949,-1.0008143787337878,0.6884734766802267,0.1296987461437146,1.393845861672945,1.4843761825359199,-1.5198926358468074,-1.7371815351948863,-0.30067394189853647,-2.0574250107383563,-0.7022533721449169,-0.7008291243470259,-0.6151327171894826,-0.6118313682680802,-23.358961101915412
s377,29.54406975890696,-0.2350604381806839,-1.396505040544926,1.1084769148293987,-1.1895040943789272,0.6539631628948132,1.4494980542402762,-0.7949655477322464,0.3075664559009522,1.386146765803311,-0.06544656127666788,-1.121839457265714,1.308009827351152,-0.4324161530479095,0.3058331911254538,0.5539384698145472,-0.5795449505715446,-0.5931276049690055,-0.4327027368627905,-0.5746541250308533,-0.402668050488517,-0.35370725586820484,-1.1838607012567468,-1.4250414330817824,-0.9174029494581136,-1.2445036446502706,-0.7923416941506891,-0.84757097016286,0.6032655431772482,-0.1894622043003815,1.410912489446559,0.5803299900764881,-1.4468450926230425,-1.6037324669531046,-0.162606464243364,-1.4853743405505795,-0.45952455033874845,0.256019360811625,-0.4209745297785938,0.06828788823707838,-22.09438728501526
s378,38.491898645000155,0.5965971477274762,-0.26387885566718666,0.8331497187582415,-0.0370642787986445,0.6857679062785378,1.2085822259774173,-0.7409745691007575,-0.24064786747806735,-0.5582749381717423,-0.06544656127666788,0.1896398883190392,-0.9088194600200015,2.888518947652562,1.2103274714763375,-0.5609384697647599,-0.5795449505715446,-0.5931276049690055,-0.4327027368627905,1.112671725885002,-0.402668050488517,-0.35370725586820484,-0.28360992012657443,-1.060790002264071,-0.47240172578944317,-1.1043335977285698,-1.435260195071083,0.4241976776381799,-0.5230573226088683,-0.4726597251388085,-0.8220035784916204,-0.8308900064847304,-0.4841106020916291,-0.5369081170132632,-0.28521055602434714,-0.5769628493057426,-0.7082426649777533,-0.86573982246491,-0.6233392947101362,-0.6945732060031976,-21.111087794705828
s379,-31.579166312371285,0.5281457505471715,1.2379050975261268,0.014174916045953214,1.910231071351693,-1.4151008902092066,-0.6169338764439869,-0.2627309126190418,-1.5239338235905926,-0.5582749381717423,-0.06544656127666788,0.4396809537050306,-0.9088194600200015,-0.4324161530479095,0.702423472482432,1.7234662397653888,-0.5795449505715446,-0.5931276049690055,-0.4327027368627905,-0.5746541250308533,-0.402668050488517,2.3700526202359615,0.8318508621902984,0.48612640812939817,-0.28562185361486747,0.2566563008746491,1.6875512056664805,0.4944662978503074,-0.6871606264343709,-0.6259639750465035,-0.9746249571062434,-1.009385020903357,1.5698496592537168,1.0196904675644027,0.4871515276914189,1.1040889351740641,-0.6662713763975721,-0.8487909216154835,-0.6026583831550351,-0.6775194441147397,-18.752258460709424
s380,-35.52642791605764,-1.064327899821946,0.46160859214456995,-0.9315174086905273,0.06556158473352788,-0.4601731934268924,0.6432136302219607,-0.7343312431859803,0.39678378325333485,-0.5582749381717423,-0.06544656127666788,0.8676339221840674,-0.9088194600200015,1.873700754905114,-0.8967660167062192,0.09437087640017629,1.8208591738936153,-0.5931276049690055,-0.16843965656366758,-0.3551729609117223,-0.402668050488517,-0.35370725586820484,0.3140907473975933,1.1522262985845881,0.8116036084640665,1.2411571374609018,1.396205072915416,0.3943319089704427,-1.0729854927629026,-0.7878556108685488,-0.6505573425575992,-0.6783428200781318,0.04952228165238083,0.7560895090884218,-0.30154460227521196,0.6128513089322916,0.2948773639057408,0.30345543954866727,0.08974862996419551,0.050059932037314854,-18.348696086234423
s381,5.88298323879771,-0.7385668577219182,0.0741337297643268,1.0201334038397019,0.9790878005203293,-0.7578342371540882,0.05015142715682617,-0.5652427881964077,-1.7212490237108968,-0.5582749381717423,-0.06544656127666788,0.7855944275884053,-0.9088194600200015,0.11628888187500754,1.7681725891980478,0.28707962789396835,-0.5795449505715446,0.2548615531133752,-0.4327027368627905,-0.5746541250308533,-0.402668050488517,-0.35370725586820484,0.23610513778079775,-0.9487095870072136,-0.8240887523678241,-0.8048244784386273,1.1516737525002072,0.04537136891369848,-1.0120828816638632,-0.7835311193641571,-0.7565486840360552,-0.7979133137512628,-0.09479680141212324,-0.25199137372661523,-0.22387954478636388,-0.5899591366536059,-0.7351091872381973,-0.9695510926682196,-0.6222073746352045,-0.6864878030268348,-20.681553266141396
s382,-30.640824268454605,0.16696518027372614,1.3123594242730094,-0.8726736188210472,0.9761922817458014,-0.7990560537096888,-0.9997678272562173,0.5303676862482609,-0.2949632078982687,-0.5582749381717423,-0.06544656127666788,0.8159715064367441,-0.9088194600200015,-0.4324161530479095,-0.5721430653713495,-0.5609384697647599,1.33558038371668,-0.5931276049690055,-0.4327027368627905,0.544102003358492,2.364621438946712,-0.35370725586820484,0.9171517465122714,0.6863268976666158,0.3039936487332888,0.7976914590392856,1.357051716159653,0.6629339996708643,-0.8177686916635963,-0.6588325461884301,-0.7973458979671435,-0.8313693471888601,0.6284838602336031,1.2728041510097938,-0.30135206398356457,1.2313647204027882,0.043570484870335685,0.014942164905100128,-0.17377878080423528,-0.22115168469607419,-18.046669331216115
s383,25.811690993707597,-0.785316261424295,-0.13381921771938599,-0.7020599323556361,-0.5263335249465867,0.26053381853121915,-0.3593339143512548,-0.09458527570070505,0.6302298405052792,-0.5582749381717423,-0.06544656127666788,0.3462445555871073,0.43461604867320897,-0.4324161530479095,-0.5977553361017552,-0.5609384697647599,-0.5795449505715446,2.810262589042527,-0.4327027368627905,-0.5746541250308533,-0.402668050488517,-0.35370725586820484,-0.15011175960808074,-0.07726742635731987,0.3925033024630039,-0.13587272551603022,-0.5739206453714385,-0.8519011319649572,1.007975759189541,1.9035498762864786,0.8613754906476402,0.16738418932661564,-0.014728541291538578,-0.08303376221352624,-0.301290408295298,0.04250333744228438,-0.118058420733348,0.12057616760661062,-0.13197560824061877,0.04485516140052775,-20.621942367408742
s384,-33.66820187375458,-1.2691237288409962,0.22632264340641858,-0.8070274030770777,-0.22392007721907167,0.4160487649487765,1.4016013867942296,-0.8095901347218707,1.000062884339478,-0.5582749381717423,-0.06544656127666788,0.3758792340946575,-0.9088194600200015,3.801621205984152,-0.532125067373628,-0.5609384697647599,2.124219785989391,-0.5931276049690055,-0.4327027368627905,-0.5746541250308533,-0.402668050488517,-0.35370725586820484,0.19170223471361394,1.013231368619519,0.16188342608341805,0.9684566928128998,1.3307094524729643,0.20297342176096198,-0.7562090232327545,-0.6164416710381893,-0.8380385786530516,-0.8667232621434603,0.9825938374311101,0.7615811827926601,-0.2710699835887663,0.5469250661861194,0.059611349489616834,0.372184628764248,0.09846481176746844,0.34678008788310005,-18.009161370798523
s385,34.23519649645702,0.3982154517363372,-1.2638625922590223,-1.1403673171688307,-1.747374443723944,1.378689993240839,0.7480375867736623,-0.5292579472944657,2.545619607036436,1.3736021096486333,-0.06544656127666788,-1.2421742124175847,1.2564914221295538,2.2613799938240455,-1.4590809966910752,-0.5609384697647599,-0.5795449505715446,0.26397971610350834,-0.4327027368627905,0.5074116142016372,-0.402668050488517,-0.35370725586820484,-1.2114009691981715,0.5284835306299811,1.079225014713517,0.5808519873138808,-0.10177548283192073,-0.9213072505906947,0.3728552729902677,0.0764450901898126,1.2443232928803252,1.3256826121424177,-0.7851328701998523,-0.4292730025207337,-0.18455925506557108,-0.9501430374117035,2.1864569430353042,2.6429721596422886,2.156639330180725,2.222698648654911,-22.164245096416202
s386,35.05194080886401,-0.32743322521702345,-0.6293495295187054,1.4012362379076018,-0.14854635941809097,0.723005483214148,-0.24849189811373734,-0.09294003102917325,-0.7741609652732891,-0.5582749381717423,-0.06544656127666788,-0.21052078577536196,0.3562550518286512,-0.4324161530479095,1.6449394099979457,-0.5609384697647599,-0.5795449505715446,1.2147503114375544,-0.4327027368627905,-0.5746541250308533,-0.402668050488517,-0.35370725586820484,-0.6423755850865948,-1.0982489867314282,-1.2069764011269728,-1.131882762282596,-0.4015588220107131,-0.761714165811184,0.866335030427535,2.0942786507346987,0.5516332825922606,-0.03094381773997614,-1.0329468465358629,-0.8053028199693484,-0.27899320513777454,-1.0136628880777974,-0.7462855118936712,-1.0069024103995636,-0.6399739511413919,-0.7504486368242164,-21.82057698940036
s387,-42.80869008394936,-0.286426967014117,1.2884321678767796,-0.7395474406749472,1.1591555400407993,-1.180912189431949,-1.0980632044344167,0.6255608184598488,-0.7020340153918749,-0.5582749381717423,-0.06544656127666788,1.0897597235893035,-0.9088194600200015,-0.4324161530479095,-0.37734865892680997,-0.5609384697647599,2.4457192299754804,-0.5931276049690055,-0.4327027368627905,-0.5746541250308533,-0.402668050488517,1.3457450498074266,1.4191871938028502,1.0480012937506378,0.37225151215110847,1.0417702060463516,1.3130079662548342,0.6043566449632182,-0.8260909877728808,-0.7950862508716644,-0.7598880569375737,-0.7974568886463304,2.7837678405812394,1.4484492420652,0.006818787112007961,1.48967039215424,-0.10827031324560671,-0.08193249943925937,-0.20007351684819288,-0.1885852623321585,-17.998171678422374
s388,79.48372359932765,0.012003447195634051,-1.5753053684211469,1.8234868140788296,-1.4120201184181895,1.5578762549628327,0.8994233672250399,-0.5579786547474901,0.5361258439989708,1.7333649272274274,-0.06544656127666788,-1.2421742124175847,0.8249482775684975,1.4472585292682056,0.9195553413974479,-0.5609384697647599,-0.5795449505715446,-0.5931276049690055,-0.4327027368627905,-0.5746541250308533,-0.402668050488517,-0.35370725586820484,-1.4515570375598752,-1.4163321744605883,-1.472309873195654,-1.5071211520581296,-0.8505009958822928,-0.7401231829929213,0.6988870043850551,0.0843918653165834,1.3113643810874192,1.3968356811176115,-1.7481913416890587,-1.7160110928245766,-0.20055246200416244,-1.9265830732467863,-0.7202564399986858,-0.840285074082969,-0.6238945402551913,-0.6683256424542507,-23.512170097029006
s389,22.551874154658467,-0.6408639362242118,-1.389425317833199,-1.0767502960796274,-1.8083201171045056,1.2517166800992605,0.984594597939495,-0.6200861755588668,2.401377299497974,1.9410716116568654,-0.06544656127666788,-1.2421742124175847,1.0709802370015722,2.6032232589921986,-1.3890765312368016,-0.5609384697647599,0.7005924061494129,-0.5931276049690055,-0.4327027368627905,-0.5746541250308533,-0.402668050488517,-0.35370725586820484,-1.5003343007993173,0.9297446419227801,0.5471188153528548,0.6153217926345194,-0.7783262559105589,-1.1036685908146306,0.05954844931827707,-0.22633065947490097,1.0392950033611128,1.1080788647067839,-1.3174617406345805,-0.8700543974386555,-0.2243544032504131,-1.1216352378345948,1.9296642021266746,2.8258350548460927,3.0646817540791504,3.7794594612610433,-21.498035656497944
s390,1.56976938006252,-0.5366701257789733,0.19556370398998316,0.6853624627802399,0.8457601152331194,-0.8626254058227733,-1.3034003133652554,1.6509980431427924,-1.6037554552416078,-0.5582749381717423,-0.06544656127666788,1.0923200375287052,-0.9088194600200015,-0.4324161530479095,1.421421680410192,-0.5609384697647599,-0.09619611830660132,0.6146145292695367,-0.4327027368627905,-0.28422955432776065,-0.402668050488517,-0.35370725586820484,0.5363823897568074,-0.7159473320959747,-0.9553543973797358,-0.6228315901229474,-1.3248358258109625,0.11398986396982713,-1.1057200781198993,-0.8918204044203921,-0.6643594618891766,-0.7000696441806931,-0.36156235461071784,-0.13662994982196802,-0.2442666799851611,-0.25231084240098667,-0.7408267596408924,-1.0042182827567026,-0.6299294805516533,-0.7198523891019578,-20.251253418505772
s391,-13.820306809473283,0.7642472682657951,0.7938286083074703,0.3727620845556008,1.3200202297428465,-0.30772806786502843,-1.1633234275529163,1.2666366992259916,-1.2803031142863797,-0.5582749381717423,-0.06544656127666788,0.2528081574691843,-0.9088194600200015,-0.4324161530479095,1.4085824266971962,-0.5609384697647599,-0.24445017190047047,-0.2805355231660887,-0.4327027368627905,0.3414645575546375,2.7046347361887006,-0.35370725586820484,0.4884568401973009,0.4205726731067417,-0.734047275743993,-0.17349126542361537,-1.4977021452469017,0.4100998069713582,-0.8919363494703907,-0.7196575541046212,-0.9495874933358553,-0.9917926676244351,0.3519502604509009,0.5362841890650375,-0.2763124076456861,0.6067091774835264,-0.7296562408683563,-0.9769559830829325,-0.6275570495962326,-0.7183257748374463,-19.256419784364784
s392,-2.9607137558167578,-0.7514588923833893,-0.5020575109086909,0.3382729045865182,-0.4558034750139398,1.154954107767133,-0.15954485715804625,-0.07982232122217112,0.41621436569140585,1.0750392931673023,-0.06544656127666788,-1.2421742124175847,0.44273129905466935,-0.4324161530479095,0.533801273718422,-0.5609384697647599,-0.14453100153309567,-0.5931276049690055,3.155028936943665,-0.4439630682144617,-0.402668050488517,-0.35370725586820484,-0.41010517622156856,-0.38417062351146014,0.6923416317879676,-0.49140586172393225,-0.8488262286123168,-0.8930639001197332,1.4235876801910443,1.7830555326073152,-0.210755164313368,0.6672267790900803,-0.6915662437914081,-0.21127252824646228,-0.21850647316853894,0.07384280911915586,-0.528809359951066,-0.2623779704588338,-0.28673856026797245,0.2982171239198636,-19.54014294555121
s393,14.261079415918932,-0.8298830939001043,0.4281886366788413,-0.2779917083580976,0.4287645804042078,-0.9554237817120776,-1.2957815372012949,1.547805169996888,-0.8497571449748873,-0.5582749381717423,-0.06544656127666788,1.4512315246338494,-0.9088194600200015,-0.4324161530479095,0.12194034374241172,-0.5609384697647599,0.3715414473261824,1.3476614942247562,-0.4327027368627905,-0.5746541250308533,-0.402668050488517,-0.35370725586820484,0.24090405741156443,0.6911390066470812,-0.2650470296102767,0.4672421398270372,0.7560911005494899,0.18808066601183912,-1.2227165485506468,-1.0460227129166098,-0.6023948831157497,-0.6343044535282845,-0.3062821132321773,0.3257348349752727,0.22725318591371463,0.5895286896733791,-0.5703214229571121,-0.6347122345914625,-0.510637987205993,-0.499562329001204,-20.07195889273447
s394,-7.795427190669792,-0.39630358474583355,0.7393231303090279,-0.8269979726094648,0.47465999002557313,-0.6551496903983511,0.8775557610502593,-0.8184070857617619,0.20139054258617015,-0.5582749381717423,-0.06544656127666788,0.2950052404901818,-0.9088194600200015,1.7067749047621728,-0.89972211181128,2.653323674586871,-0.5795449505715446,-0.5931276049690055,-0.4327027368627905,-0.5746541250308533,1.654605981760797,-0.35370725586820484,1.1818637152149156,0.41569320929150283,0.9271506754303903,1.3001059698516269,2.0209530080880875,0.8474716560501,-0.5858464136815128,-0.358089319050829,-0.8030095618233426,-0.8267329807096594,1.1341885476487674,1.0543759024025088,-0.23020411733088017,0.9162948754685376,0.26141067286309566,0.1748971169940657,-0.001669007893727541,-0.0957305980934047,-19.33645012315517
s395,-26.18126306089605,0.5811353076008549,-1.4375496029227521,0.4349693216446244,-1.552813581105549,0.45813228031451864,2.4985331223133493,-0.9641011170959429,0.9270205702684166,-0.5582749381717423,-0.06544656127666788,-1.2421742124175847,1.7038722000960007,-0.4324161530479095,-0.6729051573929892,2.395476271798224,-0.5795449505715446,0.11857758127870688,-0.4327027368627905,-0.5746541250308533,-0.402668050488517,-0.35370725586820484,-1.731499583571212,-0.8099364192086763,-0.4443507591872506,-0.8515500565415007,-0.26589625552089163,-0.7908833480933355,-0.027697924488356344,-0.7032836390090921,1.3349030340559083,1.4218180828512523,-0.8381639071027015,-1.508696930132222,-0.27441453140420546,-1.1712592721714319,0.062069946228558985,1.1934435687652758,0.122752419508768,1.0234673652385242,-21.913288171998268
s396,-60.806860945954824,2.5919059287826305,-0.8597147375321877,-0.6180793270449053,-1.2093309922679705,0.567312637505834,1.4523443854842712,-0.8041505558858602,1.5832646525374914,-0.5582749381717423,-0.06544656127666788,-1.2421742124175847,1.7828850527204765,-0.4324161530479095,-1.3910435938667538,0.9720173221567873,-0.5795449505715446,-0.5931276049690055,-0.4327027368627905,2.008536294855639,-0.402668050488517,0.32457279140382883,-1.0182620255043289,0.7047137401748712,0.9841597786442001,1.2838212535741276,-0.10984884223041702,-0.5914896118907468,0.8849324042405486,-0.23231459051568623,1.3894203271239234,1.4796792067940296,0.38748236223852983,-0.547529951511402,0.051232750310708175,-0.11871323017001816,1.4419212101254317,1.5360726351870109,1.4843082671897312,1.3710127728380535,-19.85518647713905
s397,-19.16137453070832,-0.8017090664651783,0.8467527871520601,-0.4109954633327602,0.8146480377310691,-0.5168425341819843,-0.7329258282773394,0.1322811919993122,-0.5455092393339528,-0.5582749381717423,-0.06544656127666788,0.6320270117553157,-0.9088194600200015,-0.4324161530479095,0.15443624497183986,-0.5609384697647599,1.022180050072117,-0.5931276049690055,2.058667859496974,0.32760630905720656,-0.402668050488517,-0.35370725586820484,1.1290083726346942,0.2855369542992829,0.3317709613211507,0.1805561416051835,1.0290069327182132,0.7416421343644032,-0.39105402259779254,-0.577458506542843,-0.806067180870836,-0.8417656777484581,0.8630088889250511,0.7866825666516305,-0.3016144891894483,0.9259368590108735,-0.3311363962344974,-0.15257048011982147,-0.39196596326722594,-0.3034642634979833,-18.598959041811813
s398,6.015987862322147,-0.5916533699714043,-0.861553919423629,1.4965355026980454,-0.2397582505671833,0.5196766661624251,0.20579571147456008,-0.42606892227435794,-0.7018189932549219,1.0372018978467068,-0.06544656127666788,-0.41791366253406875,0.2902397290689815,0.04552923644479358,1.4694011618529907,-0.5609384697647599,-0.13613304884895566,-0.5931276049690055,-0.4327027368627905,-0.5746541250308533,-0.402668050488517,-0.35370725586820484,-0.7616278879169799,-1.0787555756691454,-1.1533127051071976,-1.2512042227331261,-0.7246175681618282,-1.0080182873943446,0.8155888405433278,1.7900095543010532,0.44197891545742135,-0.14596106605657283,-1.4130651116381172,-0.9907882214994407,-0.16950294602528854,-1.480515283937408,-0.71645988642317,-0.8464295511250818,-0.629585262891713,-0.7037082316190446,-20.893382659097142
s399,-72.09196348911534,-0.3062242283299497,1.4086091923767965,-1.266787473598217,0.9623632372366,-0.5586507266851385,-1.1126655722914522,0.9562806493237728,0.1863047160507794,2.04695775091363,-0.06544656127666788,0.4417885416325023,-0.9088194600200015,-0.4324161530479095,-1.0249227413361388,-0.5609384697647599,-0.5795449505715446,0.18600228313375325,-0.4327027368627905,-0.5746541250308533,3.782190131311865,-0.35370725586820484,1.1210978098138225,0.4490890758607196,3.4152051187007766,0.5053109203591903,0.7808319484978444,0.47269872738073665,-0.8167697650383844,-0.7655837038927952,-1.1283118793854894,-1.102279133789999,0.6931213225776073,1.2509057732257096,0.5836048836585438,1.1915193142590441,1.3459866338961488,0.9600563963970977,0.9393246173064429,0.53264470707594,-16.500744570524077
s400,-61.15248910976338,-0.21875682113494746,1.699706470103956,-1.2369521268577266,0.8695327693251288,-0.32787411915159026,-1.327151696626977,2.1568133941090575,0.27462915751387673,-0.5582749381717423,-0.06544656127666788,0.791208770728487,-0.9088194600200015,-0.4324161530479095,-0.902497182199809,-0.5609384697647599,-0.5795449505715446,2.4706820827996485,-0.4327027368627905,-0.5746541250308533,3.3743822900343576,-0.35370725586820484,1.9135545010145156,0.9751491327756925,2.131777415167667,0.3548853108084314,-1.274229678797507,0.9963947197246563,-0.5362350523127425,-0.5506867140296834,-1.1098705890081453,-1.0541808452453112,1.22114801652394,1.3271629051645009,-0.16132907367387686,1.1927682760475462,0.9732718672413866,0.6737100350629454,0.5880740107001395,0.2904210205824676,-16.591709574998696
s401,-67.51771629520933,-0.7849220044123297,1.1837724855748863,-1.458475020151238,0.6523558845294465,-0.8062905913696922,-1.2252689927341283,1.2745980050144903,0.2607714772922171,1.9898300385175876,-0.06544656127666788,1.0114307544627186,-0.9088194600200015,-0.4324161530479095,-1.4536132286411534,-0.5609384697647599,-0.5795449505715446,0.7881457095680708,-0.4327027368627905,-0.5746541250308533,2.053187352629798,-0.29102144644522987,1.1072338906396877,1.1581115866062914,3.0335284430903635,1.0052013439340621,0.991834594502526,1.119270793218924,-1.1535984591882529,-0.757045155970457,-0.8149353947399511,-0.8303147742611235,1.052106538441482,1.194956606748981,6.0510990782554135,1.07829582194295,2.5118002885085255,1.0403295009015057,2.1155084886801,0.7479498183170867,-16.54426837808786
s402,-27.002915364493333,-1.1698606587278042,0.566421208401255,-0.8375596681014637,0.2972852765124914,-0.8490464557131957,0.14394990458160226,-0.6217709156979042,-0.13941334915529777,-0.5582749381717423,-0.06544656127666788,1.2440464679375856,-0.9088194600200015,0.7325363773361493,-0.6979855629379406,-0.5609384697647599,2.716834042142168,-0.5931276049690055,-0.4327027368627905,-0.5746541250308533,-0.402668050488517,-0.35370725586820484,0.2756338410700987,1.0944509595712513,0.4450162525980924,1.154608587666784,1.739574705530011,0.27470076132945453,-1.0653967618278168,-0.9168106647549495,-0.5245875895263042,-0.5517248314547104,1.5624537863387364,0.62021803064955,-0.23224023996070844,0.7112234618754246,0.1773053696682224,0.3005724133989031,0.1521040403161054,0.22694998723405094,-18.779392022764075
s403,8.708134400835654,0.0270854422649526,-0.47926070865027653,1.35776941835991,0.19441104251946106,0.19301285681518746,-0.002980852596810815,-0.3691489246967888,-1.0515651912875963,-0.5582749381717423,-0.06544656127666788,-0.08928962273675976,0.1569194897879826,-0.4324161530479095,1.604484588189034,-0.03346981017885116,-0.5795449505715446,0.0925582518890056,-0.4327027368627905,0.12095956447574767,-0.402668050488517,-0.35370725586820484,-0.33804858211308375,-1.3143595850927383,-1.0669469120617034,-1.1566731185790156,-0.4436780278635538,-0.8288607508696751,1.372722634126878,2.1939037896080276,0.22190213075221507,-0.12299167426599224,-0.9952508303993417,-0.6647600397137251,-0.22740550232659582,-1.069562320615989,-0.7331219317873663,-0.9468196480908391,-0.6335310182691924,-0.7244398202133239,-21.066947580026692
s404,27.23205306004245,0.4798351173621562,-1.256892765247238,-0.5807765233687117,-1.6662338240884162,1.4036952478411129,1.1273371519304403,-0.6425433504738626,2.3187191822925377,0.8461111529257113,-0.06544656127666788,-1.2421742124175847,0.6584774968943815,3.8495537043882884,-1.0566673362306733,0.45717556562464495,-0.5795449505715446,-0.5931276049690055,-0.4327027368627905,0.3475808796734957,-0.402668050488517,-0.35370725586820484,-1.3612878489966374,-0.1629348836188476,0.09857836864655095,0.16654681707899527,-3.102831313597933,-0.1503146676543972,0.49823229231085975,0.3730230589221284,0.7859585207328327,0.8392039298802395,-1.0213042755148374,-0.54909957790246,-0.2715178118253515,-1.0921512405169418,0.893490871151642,2.1110956726804964,0.9446884349780991,1.8226340165711687,-21.656767734121892
s405,30.21420301830418,0.9546216132206695,-0.9575614280042508,0.6946617056981087,-1.0604949665453764,1.5407398466566629,0.4616865943493545,-0.39287628717015727,0.7689090321424238,-0.5582749381717423,-0.06544656127666788,-1.2421742124175847,1.504421355220702,-0.4324161530479095,0.47790113832184056,-0.5609384697647599,-0.5795449505715446,1.9316545942083996,-0.4327027368627905,-0.5746541250308533,-0.402668050488517,0.5105627048186941,-0.8833829965120806,-0.7092117522330975,-0.7612541270841262,-0.9207429047307247,-0.32308173156227066,-0.8474466193713689,0.753201865498588,-0.21728202310989755,1.5510187694111865,1.6511893271970697,0.09363940535853606,-0.7946202225872168,-0.26321567637046966,-0.4946368451049788,-0.6538389011611263,-0.6522686893819452,-0.5850323376782162,-0.566424063915624,-22.126117538556407
s406,-28.959191892393267,-0.6374969228598638,0.11985573642094856,-0.1714340661500958,0.4938487822410553,-1.0127025097135227,-1.1570013938970138,0.8924786217226941,-0.8810098087268112,2.5118645944204467,-0.06544656127666788,0.8782508415216932,-0.9088194600200015,-0.4324161530479095,0.12713480611416822,-0.5609384697647599,-0.5795449505715446,-0.5931276049690055,-0.4327027368627905,-0.5746541250308533,0.7069534371100691,-0.35370725586820484,0.0067636110085168765,0.4163565362988261,-0.2561793204875959,0.17260108682224046,1.0130701089403304,0.5087795951582057,-1.2360579213738985,-0.9767148564831741,-0.6908680118572711,-0.7282041022384996,-0.20633584101268498,0.12404669369138958,-0.2966066213761147,0.24486207689323375,-0.6751168909915698,-0.8638486404531256,-0.5918872778074549,-0.6519637650134938,-18.85653015374473
s407,-22.81705387225737,0.548998980870627,2.6640882143320592,-1.2184923250060409,1.9799442382131613,-1.1975036637439955,-1.0100173108157726,0.3943388085242715,-0.2483572985414965,-0.5582749381717423,-0.06544656127666788,0.5595304678986915,-0.9088194600200015,-0.4324161530479095,-1.1983002521012884,1.1291046647918577,0.00018085733431372894,0.47719651964946236,-0.4327027368627905,-0.5746541250308533,-0.402668050488517,4.309408150394936,2.2497084451212723,1.9445195660540353,2.1954483183288893,1.7016084908360303,1.6879092931104764,0.712102584977408,-0.6891755351294051,-0.6013874687101325,-1.0337264662407126,-1.0370460094852958,1.4223093063517718,2.440119673010964,-0.16351782398528955,1.9205198566439152,1.2790409839622356,0.28025282879209407,0.6554427131800102,-0.029067235534837716,-17.90225292709843
s408,-63.957564947530976,-0.0822235325218436,1.4642700093634786,-0.9583751796328772,0.9249623750181901,-0.4218867700970938,-1.3102831503365402,1.9766643631746585,-0.07858704638466775,-0.5582749381717423,-0.06544656127666788,0.8179929866862453,-0.9088194600200015,-0.4324161530479095,-0.4833572275774475,-0.5609384697647599,-0.5795449505715446,1.8041951276548678,-0.4327027368627905,-0.08824756018789176,2.7359755858617696,-0.35370725586820484,1.1623648931962973,0.8816165157367949,0.6947214461879755,0.6323929085577882,-1.5469377544434437,0.8298771429473506,-1.1548713760127134,-0.788433009678463,-0.9369443844606241,-0.9504602975440236,0.5507812056986463,1.3256729638620774,-0.017963175515515087,1.2527267677272407,0.21458429467036233,0.2791043966133766,0.002559814908182064,-0.0012257808418158066,-16.532371454595697
s409,13.985073060478756,0.003704210740881764,0.5219843950382902,-0.8927867792112216,0.275300872260516,-1.266509021893868,-1.1543535940993013,0.7582948038595648,-0.3498120495949908,0.15752014329158404,-0.06544656127666788,1.605588519064931,-0.9088194600200015,-0.4324161530479095,-1.068506898220304,-0.5609384697647599,0.8366643769753697,-0.5931276049690055,-0.4327027368627905,1.2008697942675362,-0.402668050488517,-0.35370725586820484,0.21053572397347928,1.0545329287677074,1.2639745907461062,1.5180782335434548,1.3273938924509456,0.42058910318882053,-1.0257092625634563,-0.9328239973615018,-0.5574521854451959,-0.5866051850228872,-0.5159963115555812,0.5301761313855208,0.35574791901263303,0.6002470861807826,-0.0354712638055303,-0.26471225933284404,-0.2186931324044376,-0.357406153311739,-19.841388260845473
s410,-74.55043160141071,-1.8577375756572247,0.6391144412847046,-1.2895179213312482,0.39655754750679323,-0.6799941549242392,-0.7874381512163889,0.16342270501205192,0.23078846530434094,3.2499461064428132,-0.06544656127666788,0.6561799249538766,-0.9088194600200015,-0.4324161530479095,-1.2013351390428995,-0.5609384697647599,-0.5795449505715446,-0.5931276049690055,2.3255163077552092,-0.5746541250308533,-0.402668050488517,-0.35370725586820484,1.063945605760917,1.3633785983485605,1.8559377573171785,1.3441183357269133,0.7510066526748365,0.833106071323803,-0.8765504233129368,-0.7072746360552279,-0.6715095630950759,-0.7076582985102798,0.785058809836902,0.6355857287920659,-0.24966673146354518,0.5924474230027262,1.6663888674164238,1.269159132489059,1.6233013061306025,1.0902793585046473,-16.3216388545883
s411,-29.239875199965724,-0.6357584540600206,0.9855673853046513,-1.0281667224612046,0.48503136411408293,-0.3579368926434389,0.08728010018647989,-0.5136988442537321,0.34285301991617906,-0.5582749381717423,-0.06544656127666788,0.6355847772682595,-0.9088194600200015,1.211076357289452,-0.7882982058326509,-0.5609384697647599,2.419117321610648,-0.5931276049690055,-0.4327027368627905,-0.5746541250308533,1.5514757638548664,-0.35370725586820484,0.8397750196926276,0.755560368975406,1.3193836081760633,0.9067575183809659,0.8902147725369137,0.6179904610047169,-0.9910253295544692,-0.5653978447659607,-0.7090488423694244,-0.7415246107094664,1.0160850361384934,1.0584647195499417,-0.26992758545237316,0.958759155039204,0.24440743467207432,0.1896169986046711,0.033773773229690475,-0.03884970243147591,-18.269500022295528
s412,72.48508740275393,-0.870435791936,-0.24241557769088648,1.3815863434396423,0.8597841753311004,-0.3737384785741416,0.16855616631861994,-0.553809665709941,-1.6640981783191409,0.9643061249409265,-0.06544656127666788,0.5077786675875846,-0.9088194600200015,0.5666787289424867,2.0700578764644724,-0.5609384697647599,-0.5795449505715446,-0.5931276049690055,-0.4327027368627905,-0.5746541250308533,-0.402668050488517,-0.35370725586820484,-0.27260787207659115,-0.7196873128306195,-1.1805012238081847,-1.0501002945260647,0.8883691561683486,-0.00825980742404547,-0.6827467156573052,-0.6163477032176025,-0.714484555492392,-0.7532691720809612,-0.8422297611468649,-0.5345143565223142,-0.2986196621630864,-1.1620495647399591,-0.7586606295335098,-1.0707712830490714,-0.6418398473041421,-0.758557702904592,-22.540856036312206
s413,-3.2831554732703587,0.49436272358043887,0.5537429023886058,-0.8539731992125561,0.15894280645944903,-0.5955365266131585,0.13170471052110408,-0.5743125675674161,0.2524541534414553,-0.5582749381717423,-0.06544656127666788,1.1779756427706665,-0.9088194600200015,1.1920963912908054,-0.9308239565308226,-0.5609384697647599,0.12019627229120233,-0.5931276049690055,-0.4327027368627905,2.255270333591802,-0.402668050488517,-0.35370725586820484,0.27937081894556753,0.5699874891685673,0.7789568565131946,0.9368195676221384,1.0737650780161252,0.3859062931648484,-1.2887617930236686,-0.8369732844717956,-0.6848574163815698,-0.7218248454886174,-0.3225946077655451,0.6164718183862106,0.40472697405703656,0.5561858003461873,0.10190410507113389,-0.0019189125123743793,0.01506715012411747,-0.06618208268126756,-19.07038707751166
s414,-3.088446334338249,-0.8143082229035269,-0.041969790466984826,0.6751899548715937,0.42808812726394974,-0.12587275108621573,1.0642993433967727,-0.7982173928209414,-0.8404387147808825,-0.5582749381717423,-0.06544656127666788,0.4410755268112681,-0.9088194600200015,1.7670837737219922,1.22378660086786,0.1712195204067253,0.5087628679183916,-0.5931276049690055,-0.4327027368627905,-0.5746541250308533,-0.402668050488517,-0.35370725586820484,-0.27397368273413397,-0.3801224886915533,-0.7800795730589766,-0.6223759841747766,1.1871472254300712,0.07262704544654992,-0.48827268059256057,-0.6671285333860767,-0.751547377278476,-0.7926052506782281,-0.3473656158422557,-0.2937716289014446,-0.21932251963591004,-0.3307661537478737,-0.7007566946129511,-0.8485672363366682,-0.6045232761478053,-0.6366352121658782,-19.96831080241482
s415,14.791709094074541,0.005346081083009683,0.4919506637678042,-0.4604828435544201,0.5840553176398986,-1.563129075764336,-0.5680269954275182,-0.34708602034372416,-0.8686243104642374,-0.5582749381717423,-0.06544656127666788,1.4028579210880259,-0.9088194600200015,-0.4324161530479095,-0.6086886886176379,1.4920067317513208,-0.5795449505715446,-0.5931276049690055,-0.4327027368627905,1.0086075764893105,-0.402668050488517,-0.35370725586820484,0.6320464134141656,1.467213384931999,0.31290051120782314,0.8151771641559915,1.3176676963520928,0.14008583555468299,-1.1025870126202353,-0.7538948466209673,-0.5860355725217751,-0.616941740806737,0.5619870172146408,0.40984471542131107,1.6909625948577656,0.6303222034140076,-0.3011024702985114,-0.35143374714049747,-0.35425700005078065,-0.37403945348559214,-20.697623708042663
s416,-37.98506974476901,-0.44103780309136775,1.2146439687091553,-0.9744108337388722,0.6647388629298058,-0.5183150513489793,-1.3759294318869975,2.4134332301483052,-0.08740255323974114,-0.5582749381717423,-0.06544656127666788,1.1059230968067428,-0.9088194600200015,-0.4324161530479095,-0.5809436703948346,-0.5609384697647599,-0.5795449505715446,2.468236152687821,-0.4327027368627905,-0.5746541250308533,1.8380168858216714,-0.35370725586820484,1.1171330456082706,0.6896675108061963,0.21569385117209958,0.512727484134471,0.7748685721175168,1.0223967929149191,-1.1259996972534672,-0.7804204783082163,-0.7806793945835753,-0.8093499444625479,0.643355888370688,1.121098523141579,-0.20676914468675023,0.9895289220198458,0.194327988449887,0.23841651844206008,0.06495764915382463,0.06432952474966691,-17.354943791783494
s417,-57.35889977959605,1.9926170387268396,1.991205773069199,-0.21619837095073322,2.2385173042304554,-0.7543727342819739,-1.4329747414304561,2.785119824238342,-1.1205870997172809,-0.5582749381717423,-0.06544656127666788,0.1468018403219443,-0.9088194600200015,-0.4324161530479095,0.7552006738437749,-0.5609384697647599,-0.5795449505715446,-0.5931276049690055,-0.4327027368627905,1.3593390924314455,-0.402668050488517,4.240347378211076,1.7289065369416836,0.7921166137621813,0.013467810048706282,0.7286428074198152,-1.3831541375245422,0.3243233411326247,-0.3049504757649707,-0.2790987951568915,-0.9822723181999363,-0.9384645915363318,1.6051840724793838,1.9089288506612194,-0.2959920085124457,1.815449191464946,-0.6734271281899775,-0.8907175239711489,-0.6157123629261528,-0.7106940475088022,-17.148589007961625
s418,2.0456081267456745,-0.6592486792667754,0.19000340640605917,0.5779527390355872,0.6889099539341802,-0.7491463188517423,-1.4943620939589224,3.5947687424557744,-1.4656859774820745,-0.5582749381717423,-0.06544656127666788,1.1640443173320973,-0.9088194600200015,-0.4324161530479095,1.3018428884033475,-0.5609384697647599,-0.5795449505715446,1.458838238945191,-0.4327027368627905,-0.5746541250308533,-0.402668050488517,-0.35370725586820484,-0.05038501893158546,-0.5517449159164123,-0.8262598524388908,-0.48914267796473726,-1.4501392208146968,-0.006726021143709352,-0.8754244791192826,-0.8919675405227434,-0.6953103249840074,-0.7329188856760785,-0.9453695246535687,-0.18264733011159665,-0.2784370079423105,-0.151056769600575,-0.7425462920373875,-1.0130137917605642,-0.6304583192298526,-0.7227369567946492,-20.14294405560549
s419,-41.09938526773128,-1.6312019752064717,1.2961253221638118,-0.9671806604889375,0.851194793162494,-0.29671470661301863,-0.5024785653958502,-0.08720563550091555,0.052174890516853714,-0.5582749381717423,-0.06544656127666788,0.3701305520984561,-0.9088194600200015,-0.4324161530479095,-0.4833572275774475,-0.5609384697647599,2.09315084803203,-0.5931276049690055,3.5236930939012208,-0.5746541250308533,-0.402668050488517,-0.35370725586820484,1.036796345835203,0.6821067695512247,0.9007772002582403,0.49240890122041897,1.043534882347411,0.7769737568831109,-0.6333793003968751,-0.4816635568598386,-0.8838924224815399,-0.9250200416127229,0.7845800848541402,1.0981505352810688,-0.20103020809834865,1.091490311958269,0.49847764660973604,0.732593511695679,0.23258602344473323,0.3029997052788856,-17.714165783874616
s420,62.491325651067115,0.42595652994358324,-1.3812741615827566,1.7255820581853647,-1.324342684649531,1.7238285018959525,0.9885681933359297,-0.5664243097623545,0.5802811269779353,-0.5582749381717423,-0.06544656127666788,-1.2421742124175847,0.9203469808329365,1.541871819497706,1.0002040585978769,-0.5609384697647599,1.3829239924590524,-0.5931276049690055,-0.4327027368627905,-0.5746541250308533,-0.402668050488517,-0.35370725586820484,-1.5554357344580594,-1.1566433848807551,-1.3114341326665857,-1.5027469226140397,-0.2661745386630281,-0.6286555601112435,0.9093002635659332,0.34012420791104403,1.2258444750856115,1.3060703917520546,-1.6243886277082018,-1.4998357722728637,-0.29455312238617537,-1.6743707466724114,-0.6345558783454146,-0.3716664038305108,-0.5706428126538285,-0.42077879163942544,-23.359068447032406
s421,-32.57319564769847,-0.002029930261437738,-1.018403233508515,0.2552122135801483,-1.0253387631943631,0.03139835073372022,1.3390804086548331,-0.8369943059232027,0.4201182144093373,-0.5582749381717423,-0.06544656127666788,-0.7246803151490877,1.141367427264136,-0.4324161530479095,-0.47812944584584016,1.8806924748342653,0.47213712402690355,-0.5931276049690055,-0.4327027368627905,-0.5746541250308533,-0.402668050488517,-0.35370725586820484,-0.9525023513323841,0.06041751801565004,-0.6996042423061459,-0.48280230892019055,-0.049397460106499196,-0.8431917100522772,0.23347471799918498,0.585799139898556,0.8693846215196991,0.06275625664343765,0.011474997339605846,-1.050049730254123,-0.28503580279038404,-0.7276797250061541,-0.29929134843605926,0.1395342095382543,-0.2889372272287751,0.02832009445616988,-20.458195216009933
s422,-11.513583064416277,0.6091825187501747,0.7697477840095455,-0.28960656017448333,0.8133366650490179,-0.8616381025108059,-1.0786311372934354,0.7123706025403069,-0.7723637188038606,-0.5582749381717423,-0.06544656127666788,0.9200345951306524,-0.9088194600200015,-0.4324161530479095,0.11053576166629803,-0.5609384697647599,0.44433935994060086,-0.5931276049690055,-0.4327027368627905,1.1352685126109237,1.3000550839322207,-0.35370725586820484,0.8673045329854198,0.28159789086298403,-0.036448285589926174,0.311925046990242,-1.5610139916342634,0.6582250401585715,-0.828158259451644,-0.7336858946085038,-0.6785617870351782,-0.7151430722491631,0.2353253240611361,0.7761443450263928,-0.26420535478096474,0.8531133504727567,-0.5782107011513711,-0.6869586573373667,-0.5508457702612198,-0.5931605779532415,-19.136247184046297
s423,10.066784819557482,-1.1732024997799417,-0.036556665222095025,-0.7674061409016655,-0.06236011887710309,-0.9548919462268077,-0.4126701877845712,-0.3258302380045177,-0.1774186427227269,2.515218528363615,-0.06544656127666788,1.1604760249004369,-0.9088194600200015,0.4344455827966989,-0.8040489631757312,-0.5609384697647599,0.10979287983752221,-0.5931276049690055,-0.4327027368627905,-0.5746541250308533,-0.402668050488517,-0.35370725586820484,0.32439729521233807,1.405608956192738,0.3049684476825179,1.0860173216200992,1.2336736816316785,0.30708130856532867,-1.1357389327592187,-0.9267335345254459,-0.585018036863201,-0.6158617943614229,0.2545005309920835,0.03404602185251192,-0.27753686301858504,0.21284456461118137,-0.23184517027834142,-0.24016186730522465,-0.1953668227511982,-0.16054918018636627,-20.017182669406516
s424,-0.6183446924061894,0.880158838117584,-1.3644887603797835,0.8420251487019349,-1.4097370649839913,0.9032067769466404,1.8335095111840747,-0.8395296676886078,0.7590311719242093,-0.5582749381717423,-0.06544656127666788,-1.2421742124175847,1.6458811156009723,-0.4324161530479095,-0.013669216256453839,0.226635148103191,1.1764746602258642,-0.5931276049690055,-0.4327027368627905,-0.047093895680281286,-0.402668050488517,-0.35370725586820484,-1.4077372620721216,-1.247982872465605,-1.0461139302356377,-1.1791471323594098,-0.19114527830314587,-0.9203336526584196,0.13374583579489502,-0.4943693041449308,1.475226702032887,1.5707485357039201,-1.5351713716452013,-1.4977799783399837,-0.21136221431234412,-1.2430896846049662,-0.35737764880862444,0.46232160964716057,-0.32457551943362484,0.2650982291858178,-21.99980092896302
s425,-26.587632405328094,-0.39103669316630474,0.8028286179890135,-1.2266009741500319,0.39125535982698734,-0.9243808509484681,-0.8972881863885162,0.2673097926044192,0.15643300818077793,1.1303018047539617,-0.06544656127666788,1.1046249448224303,-0.9088194600200015,-0.4324161530479095,-1.422070784759179,-0.23821093462338158,-0.5795449505715446,-0.5931276049690055,1.3372638190053199,1.4250173082124333,-0.402668050488517,-0.35370725586820484,0.6516890251884997,0.31536250727762927,1.209716931864221,1.7464323249433384,1.2484785138288905,1.1982804085947747,-0.9130852578630404,-0.8702815002145672,-0.7289034543494726,-0.7685724574595484,-0.4764408683942299,1.0884132953228087,0.8960320420403691,0.7467704042629817,1.3637136751559076,0.4719446010376668,0.8649727115168507,0.16965571292792156,-17.996691414756327
s426,14.963181175148252,2.2212300339584714,-0.7501389506569601,1.6431321361962072,-0.32338418295299415,1.3959020830937745,0.09337544732050657,-0.2175557451690218,-0.30281934440761965,-0.42665254590266183,-0.06544656127666788,-1.2421742124175847,0.8338393941715155,-0.4324161530479095,1.5758877789265402,-0.5609384697647599,-0.5795449505715446,-0.5931276049690055,-0.4327027368627905,0.9735322403325563,1.420904766908544,-0.35370725586820484,-0.4652855641955136,-1.2626710082633863,-0.9429055479715905,-1.3171033775042411,-0.6029896007835789,-0.8311958737389975,0.828197388177198,1.306840796503665,1.0840780753269839,1.1868254009669175,-0.5635353609267775,-0.9518700201527706,-0.29583402614310567,-1.0579930250238498,-0.7240550916972056,-0.8884108083592386,-0.6319714585924535,-0.714770804722022,-21.798794036524622
s427,-16.83011700373937,-0.918050217038352,0.3461431065202446,-0.6615015387679899,-0.06540990082955703,-0.10183058366864589,0.15650069573616282,-0.5035734077541384,0.23849773278780415,-0.5582749381717423,-0.06544656127666788,1.113067409106614,-0.9088194600200015,1.4308383826180882,-0.3397697427034954,-0.5609384697647599,-0.5795449505715446,2.338770541596283,-0.4327027368627905,-0.5746541250308533,-0.402668050488517,-0.35370725586820484,0.20182568502359127,-0.17777914065854736,0.32541773431294924,0.4437794775734845,-1.539317087058674,0.25315518827373845,-1.0135114020697806,-0.9227740282270949,-0.5785379050540711,-0.6089842021576827,-0.39172351944242834,0.4149000222715297,-0.1560770876227539,0.3739988294120278,-0.343418799931805,-0.28081968863741,-0.4343865532195392,-0.4234028386426055,-18.5589562661058
s428,55.4705056613935,-0.7482631174079555,-0.5317140023411322,0.5195787188609868,-0.2118231464999271,0.02753609548111094,-0.3155018665246991,-0.18414611355042892,-0.4682371181595289,1.022166348310444,-0.06544656127666788,0.11932758872929417,0.13741969197305826,-0.4324161530479095,0.6694925787226634,-0.5609384697647599,-0.5795449505715446,0.5063341999929777,-0.4327027368627905,-0.5746541250308533,-0.402668050488517,-0.35370725586820484,-0.706853181513716,-0.2495905619701434,-0.7867966475612733,-0.6288580382749956,-0.7718928830433682,-0.49029684510047095,1.0229655166082494,1.970100379372135,0.038264893368885375,-0.25837431018794205,-0.4615194990517803,-0.627968282690998,-0.24474186202233283,-0.5335448493061752,-0.7152733806667478,-0.9110238420656629,-0.6252941493990986,-0.7064201655272506,-22.010894532994502
s429,-5.454450553007776,-0.4889943575774493,-0.46168793197194347,-0.31277899633575745,-0.3635828355248889,-0.39607780868089715,0.0011906349036456365,-0.47713224538734883,0.06492298753201788,1.551289431072425,-0.06544656127666788,0.12865294353167003,0.2764935924409332,-0.4324161530479095,-0.5061079249590911,0.2790373066306084,-0.5795449505715446,-0.5931276049690055,-0.4327027368627905,0.14742888295012363,-0.402668050488517,-0.35370725586820484,-0.38448369448484954,0.0884155931431799,-0.21710215901198485,0.1720716844260912,-0.762514232531262,-0.9555941888088969,0.4152724492572929,1.5123902773116569,-0.077112468696095,-0.24509362360029388,0.8106984578025255,-0.49554123777727865,-0.2785900663581088,-0.06040218381763429,-0.37781973483109965,-0.25020079167349774,-0.33468088854739975,-0.1969705594861152,-20.10895188317044
s430,-0.011442557097735456,1.17194850289415,-1.1461309738707832,-0.6289817174711381,-1.504117235984352,0.839012841632689,1.5615821975874289,-0.7981943545363616,1.7222988527793353,-0.5582749381717423,-0.06544656127666788,-1.2421742124175847,1.9724961704667532,-0.4324161530479095,-1.245199950303157,-0.1475571326173764,1.4686748201819873,-0.5931276049690055,-0.4327027368627905,0.9329430846863245,-0.402668050488517,-0.35370725586820484,-1.2071884531647343,-0.40197492964513676,0.5720285179531629,0.042456114863434,0.19371389620897536,-1.2784715388999264,0.143665051356912,-0.6594464402198053,1.4029421992973206,1.494030446148251,-0.3888650507047086,-1.0059702253449871,0.2911205778190886,-0.6232861075294464,2.257596834103879,3.5929641327193154,3.0630705031656644,4.078776051964089,-21.970390839978876
s431,15.617593630079908,-0.5559895924270307,0.39740635285852727,0.4068041754070236,0.9673862197233738,-0.9298962293997923,-0.9299864792982026,0.32791282041940256,-1.466163719498806,-0.5582749381717423,-0.06544656127666788,0.938938125738112,-0.9088194600200015,-0.4324161530479095,1.1282267821880514,0.1712195204067253,-0.37548723460468153,0.5965885272659762,-0.4327027368627905,-0.5746541250308533,0.2896032656550785,-0.35370725586820484,0.11010630597930969,-0.04341249002221672,-0.7523873226506645,-0.3390880187101734,-1.2539368156831212,-0.024288255871937635,-0.8524670688789807,-0.7903126393591888,-0.6802402537718436,-0.7169244881342632,-0.5157537174883803,0.07952030535832215,-0.009096975892450482,0.15404252797439086,-0.7163564909215389,-0.931100181837354,-0.6239411514423314,-0.7076496866472647,-20.53790779896415
s432,-41.24591314472771,0.04138541088575272,-1.2408367955496133,-0.561554153292775,-1.6503294640862138,1.064443456753168,1.384411183827251,-0.7402945644448369,1.9470004237268776,-0.5582749381717423,-0.06544656127666788,-1.2421742124175847,1.4599361680437823,1.347103787704796,-1.1653891676720407,1.4290116903145316,-0.5795449505715446,1.0913308584821841,-0.4327027368627905,-0.5746541250308533,-0.402668050488517,-0.35370725586820484,-1.3420939387171464,-0.006910181964090245,0.10870150770245994,-0.13603216855278405,-0.21701028286279211,-0.5989994720095416,0.3444752567772799,-0.4261258068185693,1.4017329652840398,1.4927470434849721,-0.8175708467801849,-0.8064196023643826,-0.30156667989696073,-0.7078391562191774,1.4110696859857301,2.6930920210224754,1.760768618284121,2.7616923423955506,-20.561502224496394
s433,5.669892892715075,0.38869528834622114,0.770403677790173,-1.030314275691104,0.0859207682519587,1.2381302232963245,-0.5149451543747909,0.30975116179067147,1.40434051538258,-0.5582749381717423,-0.06544656127666788,-1.2421742124175847,0.8233267215101469,-0.4324161530479095,-0.599571959598392,-0.5609384697647599,-0.5795449505715446,2.144421232638357,-0.4327027368627905,-0.5746541250308533,4.126231502599046,-0.35370725586820484,1.042293269348942,0.4170884810860852,0.8429588556611612,-0.013785267105889794,-0.26751836647620336,-0.21524909061695202,1.7179426108763043,2.4933739533160004,0.8791272366010203,1.385074411233632,1.319708473293143,1.1384835392701498,0.39177386602313946,0.6739571949413798,0.5155685999184093,0.8310031563072788,0.29644956465166605,0.42629969150414243,-19.617884154509206
s434,16.847721066582157,1.9023369749941068,-0.8502591840857242,0.24119563278036543,-1.0414683120723653,1.0243460941061089,0.5098089337954074,-0.48662113343545227,1.0134394709848171,-0.5582749381717423,-0.06544656127666788,-0.6946766796159675,0.8183902908542146,1.009894224463758,-0.13214623056968325,-0.5609384697647599,-0.5795449505715446,-0.18609280908946282,-0.4327027368627905,1.9946764387637412,-0.402668050488517,-0.35370725586820484,-0.5622002253816715,-0.8293701109684739,-0.645750986076405,-0.739556583393858,-0.38174633176707223,-0.9435590358406596,1.1678063510984689,0.64477896160016,1.2384485283123556,0.1988457197050359,-0.7276758111066006,-0.8505142475983383,-0.295204205033149,-0.6927115764261138,-0.5585232576817094,-0.4760813977844514,-0.5536721973181858,-0.5362602648994704,-21.695851766558178
s435,5.2615836751772855,0.13025279823972707,0.7120668521085204,0.19244420815222657,0.9937272077406636,-0.2886093628428316,-1.3715747312136892,2.544051424377453,-1.0964612496921746,-0.5582749381717423,-0.06544656127666788,0.5392300133820699,-0.9088194600200015,-0.4324161530479095,1.1494374896052983,-0.5609384697647599,-0.5795449505715446,1.194782246090668,-0.4327027368627905,-0.5746541250308533,2.1259553706278873,-0.35370725586820484,0.5986803956173026,0.20653971316867578,-0.37416895468474326,-0.025959793586633438,-1.4825435415221262,0.2548125158739455,-1.1321568637342425,-0.7354124184921119,-0.8133656884326762,-0.8537144998802796,-0.12373756411932842,0.48514238592346526,-0.30140431968033776,0.6260562909947768,-0.6928650329509597,-0.8664008045632029,-0.5938580841012585,-0.6307919108672253,-19.692122032920857
s436,-45.521974100347336,-1.110285255019304,0.601679557714229,-0.011813100779240098,0.9733407249927472,-0.9046062829945728,0.026362473887296938,-0.5800175638401667,-1.018920189089201,-0.5582749381717423,-0.06544656127666788,0.3766449147833694,-0.9088194600200015,-0.4324161530479095,0.4487918991344819,1.8448486103800605,-0.5795449505715446,-0.5931276049690055,2.1512591334687285,-0.5746541250308533,-0.402668050488517,-0.35370725586820484,0.42088878753476955,-0.10633187372368756,-0.1478300038866136,-0.0048674629143095755,1.7720128886144464,0.49973197279592363,-0.6913011369375502,-0.5413180000554974,-0.848153841269892,-0.878183732985498,-0.05611070505582113,0.38066653501129905,-0.03527883787193617,0.5939260619361758,-0.48701100685532317,-0.37897401842333106,-0.454983634470929,-0.35469877433963365,-18.417639119683916
s437,16.46117256915802,0.2797409378800187,0.9704833966328597,-1.6523334551514663,-0.11186604397275689,1.1597547231873606,-0.44942005868337337,0.20767121110175477,2.1862920269162656,-0.5582749381717423,-0.06544656127666788,-1.2421742124175847,1.0315020882812014,-0.4324161530479095,-1.6027932024986533,-0.5609384697647599,-0.5795449505715446,2.8167310206978122,-0.4327027368627905,-0.5746541250308533,4.407335612790687,-0.35370725586820484,0.8418779428826468,0.054966705054511115,1.7544800468877313,1.6778025730062553,1.3519158692908757,-0.20893774856301484,0.3268384481708192,1.501329132496573,1.3540369697930743,1.4421256029957334,0.4007441090599156,1.2478581038536323,-0.19527027285644993,0.49450295126584703,3.3290576945146975,1.1468541863398092,2.349202283226296,0.6147512029914882,-20.854733524760423
s438,18.409949463461263,-0.5061540639695504,-0.454837644012316,0.6113662047230166,-0.43682891164949883,1.3821979913654219,-0.19164341581447988,-0.0075967897715646495,0.28501596009556107,-0.5582749381717423,-0.06544656127666788,-1.2421742124175847,0.5417308668156361,-0.4324161530479095,0.8674098458830684,-0.5609384697647599,0.8628997297263269,-0.22748090377752025,2.9338634402322743,-0.5746541250308533,-0.402668050488517,-0.35370725586820484,-0.3930165430564278,-0.38367760443488497,-0.6688045306139178,-0.7315867334991901,-0.4929505541444937,-0.824367549686852,1.5587529383839533,2.1505408520215443,0.37003490437705894,0.9986464860640102,0.7696885775153719,-0.25634131754521505,-0.20155206476675866,-0.03871951166379647,-0.6329827896420276,-0.5825638119410023,-0.5700461894584349,-0.5223621745811653,-20.751931740013116
s439,-51.2084550497661,1.7128931727213228,1.5278097073616017,-0.3163322731395542,1.6286651648343269,-0.912380343866483,-1.3781210345296806,2.1396757370111406,-0.9242708851518878,-0.5582749381717423,-0.06544656127666788,0.6224912978487931,-0.9088194600200015,-0.4324161530479095,0.2889622876958166,-0.5609384697647599,-0.5795449505715446,-0.5931276049690055,-0.4327027368627905,1.9255226140653359,-0.402668050488517,2.6661134763342407,1.014974797436783,0.3128535501985712,-0.005080149958125519,0.6562945160806691,-1.4762478719970655,0.4646910103945037,-0.6303365324554427,-0.5122932821995123,-0.8522834777703073,-0.8745801424272696,2.2043813988959067,1.5173531536843365,-0.22549033020639234,1.497641251892292,-0.5987740690126913,-0.757905243482101,-0.5715746597405735,-0.6405996712430072,-17.47889033992054
s440,73.93532231173337,-0.3631864725058688,-0.6429564991276294,-0.023758893541297392,-0.8570292023364179,0.7743121135900072,-0.07889404096608431,-0.2138434971345785,0.6161622621624981,-0.5582749381717423,-0.06544656127666788,-0.2535318256926726,0.8341406837382844,-0.31012030649721783,-0.024637005411717778,-0.5609384697647599,-0.5795449505715446,2.3836310163492276,-0.4327027368627905,-0.5746541250308533,-0.402668050488517,-0.35370725586820484,-0.24871677866947134,-0.4170564561044431,-0.19408380125941183,-0.47057921652942203,-0.28084833131749204,-0.9587285217774355,1.0172054133169741,1.0503935455605056,1.2044009989547735,0.3072537268886082,0.025104923426270794,-0.4991961650023531,-0.01804752504264106,-0.2566410900116121,-0.5641959108848322,-0.5032482384600967,-0.5426196019610947,-0.5127460925193917,-22.926282992400214
s441,-23.087517992215517,0.0352321786198108,0.4315564210754227,0.36558525037317435,0.8887060646054401,-0.29579171379302294,0.5345049979952702,-0.6793959622697532,-0.8777242229368623,-0.5582749381717423,-0.06544656127666788,0.040779407893897314,-0.9088194600200015,1.0554186531853846,1.0156683419161612,1.266816512910931,-0.5795449505715446,-0.5931276049690055,-0.4327027368627905,-0.5746541250308533,1.8272443620894105,-0.35370725586820484,0.2610484948323478,0.13176354916269206,-0.541556315900262,-0.27910070717114355,1.561758683335832,0.5619947168992324,-0.5515488371412506,-0.5664078410747748,-0.9975371953060912,-1.0187719493633816,-0.0438606613752052,0.27055506786834826,-0.17367294555754273,0.38344585496332795,-0.6998390595359754,-0.883857931657352,-0.6207591610668984,-0.7010844540096354,-19.285904107081848
s442,61.9955378272721,0.29886572500812647,-0.303023090426217,1.2954705704838987,0.5145289925717597,-0.10400020855603274,-0.36240001399705263,-0.17341988545238476,-1.3175131696875877,-0.20764151614345405,-0.06544656127666788,0.21604629591459168,-0.18667940659819804,-0.4324161530479095,1.7196010699196553,-0.5609384697647599,-0.5795449505715446,-0.4188959528165601,-0.4327027368627905,0.7608227943497615,-0.402668050488517,-0.35370725586820484,-0.21727240470069673,-1.0619559437804371,-1.0597246982709656,-1.0957857798719588,-0.7507687960967017,-0.5603382790077732,1.3156965573328594,2.165620079994338,-0.2586721751565711,-0.3542026440005042,-1.0205308226708703,-0.5934366272907715,-0.29866325729605986,-0.913408252750258,-0.7463325701027469,-1.0126339929792492,-0.6403703864710428,-0.7526549538155825,-22.653963743563118
s443,-13.222167402075506,-1.227488707232905,0.7729516482985064,-0.6984531060277201,0.8049681201158199,-1.446605063506286,0.050495272649891884,-0.6855506320778945,-0.67498855437792,-0.5582749381717423,-0.06544656127666788,0.87111336588431,-0.9088194600200015,-0.4324161530479095,-0.7966803480013163,2.958194826472531,-0.5795449505715446,-0.5931276049690055,1.2530659214627449,-0.5746541250308533,-0.402668050488517,-0.35370725586820484,0.525359343594972,1.3012865412929109,0.326348531167779,1.4504764043392016,1.9119848606875223,0.8042068755024732,-1.1320425004024595,-0.9230934537497048,-0.7956838800726145,-0.8394488761565936,0.6104221146509019,0.8661279407119323,-0.3012094395689212,1.1115661603525977,0.4181283497348369,0.4690857538943296,0.34834018465888045,0.3387769009914893,-19.394505514902132
s444,2.9542964450592586,-0.8365290824939163,-0.08347171783397972,-0.14991423331439055,-0.058967280524320584,-0.2735414164442551,-0.14864341061512013,-0.3675945785315587,-0.2380219180429779,-0.5582749381717423,-0.06544656127666788,0.40978130630729515,0.07707365100871784,-0.4324161530479095,0.04585256927474922,-0.5609384697647599,1.7294814709912705,0.04456024190894478,-0.4327027368627905,-0.5746541250308533,-0.402668050488517,-0.35370725586820484,0.07904734775658807,-0.19908120214946423,-0.16394369199385367,0.0772080984180569,-0.5106674163325422,-0.4060768504506216,1.2267162844183763,1.700724988995097,-0.4086144766315502,-0.32969446402174457,0.2348070407837717,-0.08740291693931775,-0.27697085184584075,0.3309963631917758,-0.46849113692182426,-0.3276478661968617,-0.4445789581101407,-0.3300103903918558,-20.14197468633274
s445,39.34537997492523,-0.5697549960972271,-0.05050665667609524,0.48479969685841645,0.23011825415860385,-0.28462859696185777,-0.7838425585072804,0.28258703358308374,-0.9400929585531066,-0.5582749381717423,-0.06544656127666788,0.7773867926169523,-0.43684935367646566,-0.4324161530479095,0.9848870541683377,-0.5609384697647599,-0.5795449505715446,1.684328991023674,-0.4327027368627905,-0.5746541250308533,-0.402668050488517,-0.35370725586820484,-0.13125761304393563,-0.3209398845103456,-0.782915023935214,-0.4435841792165672,-0.27751735921090587,0.4364824815654781,0.9804237392085956,1.4370128082780775,-0.8912419478053697,-0.5690176185101712,-0.6148489754366118,-0.29689461755598756,-0.18811883390056724,-0.1782342226613825,-0.7407393658240374,-1.0086019353948057,-0.6323933133770754,-0.7297715422181764,-21.368907481536908
s446,5.1255177748225975,-0.38931800511447223,0.23406598027196043,-0.3449899490250509,0.06234052222014017,-0.6571982005387261,-0.32129257233630704,-0.328474139735436,-0.37846269837990276,-0.5582749381717423,-0.06544656127666788,1.2700529604099202,-0.9088194600200015,0.4308185462450479,-0.16702858439454651,-0.09912751989718083,-0.5795449505715446,1.5413923845806188,-0.4327027368627905,-0.15359925578975872,-0.402668050488517,-0.35370725586820484,0.5934568755420272,0.765211792801995,-0.22348656662060806,0.44457088527272814,-1.2611196807152376,0.1821816060718521,-1.1576609691012625,-0.9474507522976263,-0.591193537267195,-0.6224160705218035,-0.3748990082439932,0.24762184392812508,-0.2673341785171181,0.31401863212186615,-0.6038652261910995,-0.743072922387801,-0.5654096863256042,-0.6199699840352472,-19.84877428373165
s447,-0.4658201502078563,1.2289473235973447,-0.9237425032750193,-0.6166367625833988,-1.3053354672109048,0.9687258546806446,0.9965359172389391,-0.6562843788834314,1.6897950093310063,-0.5582749381717423,-0.06544656127666788,-1.2421742124175847,1.765079621546038,-0.4324161530479095,-1.0843645328336071,-0.5609384697647599,1.187920741339155,-0.5931276049690055,0.2517687851895385,1.3931655897710904,-0.402668050488517,-0.35370725586820484,-1.0024775962471661,-0.7703219603720308,0.8016226444063855,-0.2724828941941798,0.22176379010245711,-0.5324915361240412,0.6298387274851516,0.39973666816292935,1.326764604609408,1.413180480938112,0.013539387752464818,-0.5034731713585796,-0.2992137942386275,-0.3468854966182921,1.497423331716707,2.6802465653646608,1.8945705503712185,2.803432021981523,-21.24129540469972
s448,7.564775893524544,1.2616623678311425,0.13200048142928283,0.3095137320749162,0.12003818917100514,1.4015764486622504,-0.6774396888277157,0.6047525647950678,0.17287664290089402,-0.5582749381717423,-0.06544656127666788,-1.2421742124175847,0.4720537768802999,-0.4324161530479095,0.9709077793833003,-0.5609384697647599,-0.5795449505715446,1.0776702471129604,-0.4327027368627905,-0.5746541250308533,3.7832053807494685,-0.35370725586820484,0.34330410472589096,-0.24026436756364264,-0.7020830001215429,-0.4639969844338999,-0.3952174066734398,-0.9789679559945658,1.6380832331867745,2.378695080442274,0.3504693493547456,1.2007422204425564,0.35962127919965586,0.43443419458549737,0.056393822554243044,0.48122563500989707,-0.6169621231101653,-0.587534361929268,-0.5709515913251288,-0.5534600080740547,-19.968834425596807
s449,39.59028802240786,1.7821986400502818,-0.8617345654671271,-0.3079598934549555,-1.1485151322201643,1.0326078698798709,0.5553967617448223,-0.5036186107970889,1.4445039801340158,0.16617895476089845,-0.06544656127666788,-1.2421742124175847,1.4510310716976778,-0.4324161530479095,-0.7448227283061059,-0.5609384697647599,-0.5795449505715446,-0.5931276049690055,0.9073668187185682,2.207800632995551,-0.402668050488517,-0.35370725586820484,-0.744291030241593,-0.4382765265894166,0.6907849834955624,-0.19037269493132655,-0.44221460649288635,-0.14540492284524908,1.1148318328605737,0.6423841063402485,1.3234583674901796,1.4096714549947071,0.5006586235104848,-0.48790120446891355,-0.2598741550794427,-0.17463664747102248,0.2055286853581016,0.9672842918554238,0.3588996147940733,1.0298513120957904,-22.131325733426657
s450,49.99980925518033,2.9132735029016223,-1.0024019533084305,0.9772987774050143,-0.9719207326209166,1.22616155839834,0.8661715333610696,-0.587437500397153,0.5829074983356857,-0.5582749381717423,-0.06544656127666788,-1.2421742124175847,1.3636292001525783,-0.4324161530479095,0.45134473320607177,-0.5609384697647599,-0.5795449505715446,-0.5931276049690055,-0.4327027368627905,2.087571106414163,0.4562611750970552,-0.35370725586820484,-1.1681440745612395,-0.9826156144954483,-0.6438598322290376,-1.0704891834029056,0.28506115193246934,-0.6804366547368582,0.6569385878573084,0.3701635250755479,1.3519195725872255,1.4398783347388362,-0.46196251393376697,-1.0337592220075753,-0.2094031661365501,-0.8201866987108954,-0.6155132256202036,-0.4950751463459284,-0.5842011619947635,-0.5624440135107035,-23.937769813466407
s451,-41.64270972221716,-1.2060904137772321,1.097881772982186,-0.8581104791826304,0.8561760294898628,-0.8066035341441189,-0.10934522170242976,-0.49374888642302134,-0.19713021824786106,-0.5582749381717423,-0.06544656127666788,0.42188354453971166,-0.9088194600200015,-0.4324161530479095,-0.7300704060675178,1.7749941655442643,-0.3082777487901989,-0.5931276049690055,3.029143615055719,-0.06122497325217167,-0.402668050488517,-0.35370725586820484,0.6815867128971684,1.5735212188093244,1.218307319984385,1.422294458727288,1.4893897971333925,1.1802654071189396,-1.0326509156859793,-0.6632846716361642,-0.9413091213687749,-0.989466784350956,0.26429535642768226,1.1919113045631484,-0.15132303432255106,1.2422234455245802,0.5931087639228605,0.6590290994725989,0.28155565697691287,0.24175020685059656,-17.7875883763185
s452,40.280323945610306,0.9341161584994461,0.5371828693667313,-0.28853968007617564,0.5918239494012745,-1.1337281415534703,-1.1434446819391308,0.787083381939818,-0.7900784130694896,-0.5582749381717423,-0.06544656127666788,1.4263693178302983,-0.9088194600200015,-0.4324161530479095,-0.16756435911015705,-0.5609384697647599,-0.5795449505715446,-0.5931276049690055,-0.4327027368627905,2.6839095582578465,-0.402668050488517,-0.35370725586820484,0.3845887135180977,0.8112742913790217,0.10827341307569051,0.4491401144144886,0.7707786233395586,0.2623234597244418,-1.2880102632919228,-1.0686296169199692,-0.5886641436666993,-0.6197315359753841,0.13311679406118984,0.38459634667567844,-0.07003910041247088,0.5985478415266798,-0.5748276666386893,-0.708600705928419,-0.5638437941563214,-0.6270419192736894,-20.93231028730361
s453,-11.550515025975496,-0.34924842584565546,0.6626930158935684,-0.9295988178136018,0.4021566621504855,-1.2806486497254967,-1.0928958008337692,0.5659670641247156,-0.3873316474128003,-0.1989458072771525,-0.06544656127666788,1.616979569990861,-0.9088194600200015,-0.4324161530479095,-1.0255004112174813,-0.5609384697647599,1.4985788288349888,-0.5931276049690055,-0.4327027368627905,0.8054434349502432,-0.402668050488517,-0.35370725586820484,0.31116445291476985,1.4360553214751002,0.5567625541993153,1.3730701335180464,1.833373720179313,0.13904961477132097,-1.2835794360495478,-0.9586374372581494,-0.6635810241970339,-0.6992434608312995,-0.09826831029715623,0.615535038795941,-0.23989416837524732,0.7086295938520409,0.3141180993907162,0.1340561041810573,-0.04036507888339432,-0.1856229407458944,-19.131123652458083
s454,-41.33447193692815,0.027182987919543364,1.579897888282145,-1.1423286364620218,0.85185176695928,-0.7676479310802458,-1.5772494789928775,5.313647259782273,-0.030325637074320316,-0.5582749381717423,-0.06544656127666788,1.2786951634260393,-0.9088194600200015,-0.4324161530479095,-0.9708278015090477,-0.5609384697647599,-0.5795449505715446,2.7803063972863633,-0.4327027368627905,-0.5746541250308533,-0.402668050488517,1.8982750990336186,1.6322903532563968,2.092668127443373,0.6978418716426231,1.3923184841381175,0.8112965261973176,0.6736488059168246,-0.9685905859693669,-0.7364489367773918,-0.8098808632715658,-0.813816241165853,1.9028797578017316,1.734700702602428,-0.2579565461761682,1.4547383568464949,0.09625766632348899,-0.24004358049297375,-0.14543888166298952,-0.348268931473052,-16.94745233262931
s455,-3.9417568153330484,-1.1061460993103114,0.6417205645242808,-0.3746691700669296,0.7241894674697795,-0.9146202719804222,-0.7898268047907545,0.09268904860864358,-0.7927075626518703,-0.32911095163182535,-0.06544656127666788,0.9915396800890135,-0.9088194600200015,-0.4324161530479095,0.09882569971314578,-0.5609384697647599,1.9228949858613698,-0.5931276049690055,0.6800335905395878,-0.5746541250308533,-0.26462585351940715,-0.35370725586820484,0.7102238570307938,0.02879365406906409,-0.050571347201080814,0.21723186961382643,1.1898029187946773,0.618093214525829,-0.8374878756437788,-0.7746319105223496,-0.6711724787460637,-0.7073005390141685,0.3635481450848886,0.5848391603021209,-0.1438534408695047,0.735370864279654,-0.3739766477565858,-0.22707453313174508,-0.3984765093312102,-0.30575260231159535,-19.593059057785606
s456,-49.36208408108722,-0.47677663915427604,1.4107585865918635,-1.3511706326136654,0.611403931959939,-0.5857457303263202,-0.9780995890552306,0.5625648559562823,0.4083021712508439,-0.5582749381717423,-0.06544656127666788,1.0067751323811378,-0.9088194600200015,-0.4324161530479095,-1.3922817025942342,-0.11572358630239635,-0.5795449505715446,1.2483802036719398,1.3496339987784227,0.7538226241258675,0.66886741905388,-0.35370725586820484,1.6389114621350258,1.4525720247572942,0.7667554523387069,1.5547278181727804,1.034005514743073,0.4478407853772017,-0.8989980966049107,-0.5988621597537458,-0.7694131699322252,-0.7941937210326769,0.13865338678646322,1.480614093119615,0.7846465072637557,1.1979855680777514,1.7198587574786648,0.5808754325711505,1.0989804281017703,0.2242998130891104,-16.901370295198554
s457,-60.446149921976165,0.3709734206224985,1.259654639488507,-0.1559745257494775,1.6731718289851145,-0.9859293652265401,-1.286410039370943,1.4763640256447659,-1.22750920395419,0.04140652193271332,-0.06544656127666788,0.5614975662045656,-0.9088194600200015,-0.4324161530479095,0.7006635747772239,-0.5609384697647599,1.0176357701971266,-0.5931276049690055,-0.4327027368627905,-0.5746541250308533,-0.402668050488517,2.323914164390739,1.0308132968776733,0.5977600601395533,-0.07796208606740761,0.45786077672393755,0.9433101309984006,0.3100488145987966,-1.0503619075931856,-0.5966934534603302,-0.8447430615202894,-0.8632786741371677,1.6217844801603136,1.121941242640321,0.1535258323474398,1.2650405913139513,-0.6265694280051423,-0.7530260608910923,-0.585084153588486,-0.6417457708705921,-17.443991857491227
s458,-6.077734441664903,1.6528764879257687,-0.15134678259390677,0.5536923755788767,-0.07475571083256143,1.2684264370665919,-0.04621399069508542,-0.14539394092961314,0.1818336335224569,-0.5582749381717423,-0.06544656127666788,-1.2421742124175847,0.9918746333996677,-0.4324161530479095,0.9124604947616954,-0.5054468573875094,-0.5795449505715446,1.3545615201107069,-0.4327027368627905,-0.5746541250308533,-0.402668050488517,2.1605326297664105,-0.04852097016190067,-0.6657264384243005,-0.38881883723268185,-0.6781819314997805,-0.4027964093563295,-1.110862683560591,1.3981763255641433,1.286116609099821,1.2349483474606084,1.5503031627687323,1.0090808612254603,-0.03820242276678474,-0.2878990205122526,0.19503501968895692,-0.6671100751238401,-0.7410734930379603,-0.6078102280113169,-0.6544075779053153,-20.206270989122828
s459,-30.593051415657328,-0.9098181462664807,-0.1372887529641028,-0.5902844227249241,-0.410058026460293,0.32417422189780454,1.0714476813271263,-0.749033146008276,0.9011933279247557,-0.5582749381717423,-0.06544656127666788,-1.2421742124175847,0.626504982302344,-0.4324161530479095,-0.8664405173633811,2.6404149912762227,-0.5795449505715446,-0.5931276049690055,3.3489125551927703,-0.5746541250308533,-0.402668050488517,-0.35370725586820484,0.38988212032808534,0.532629128567075,0.3086968734538052,0.36337252926783037,-0.4744420853965395,-0.25479193455781757,0.775353332115473,1.8832058352362082,-0.23275416387682005,0.17542425562593597,1.040394118829872,0.7383078460608742,-0.20632549379481918,0.8381594178427403,0.4791909236525848,0.8538917370396856,0.2942619462685558,0.4728038636500855,-18.8423254537878
s460,48.716305580055504,1.9459472821498351,-0.8569855654456768,0.4195406773245415,-1.0120220017304153,1.252127533547478,0.6566670169973249,-0.5126459240097899,1.0542774603617924,-0.5582749381717423,-0.06544656127666788,-0.8051856430538484,0.6369341633758582,1.8199101911771647,0.09021346792593517,-0.5609384697647599,-0.5795449505715446,-0.5931276049690055,-0.4327027368627905,2.1247725070282417,-0.402668050488517,-0.35370725586820484,-0.655106915988534,-0.39971202297446684,-0.7122756075929054,-0.7026964205720753,-0.4954441797646533,-0.3278228871464476,0.6234347366710361,0.9076599394157064,0.9204462402530668,-0.013417874310432992,-0.5217946376015219,-0.8671378836014313,-0.2540533922601627,-0.6328410047500367,-0.4440691371716428,-0.030598852773719862,-0.47655714268932076,-0.29631729483699537,-22.330168051886933
s461,-84.16442722861888,-0.17452125058559995,0.9167565588326866,-0.8972618865584514,0.8894898208177386,-1.1047286785926125,-1.3710015125228163,1.9418474813102697,-0.4303180751952398,2.5393899833333426,-0.06544656127666788,0.9350549609681571,-0.9088194600200015,-0.4324161530479095,-0.7261279751244468,-0.5609384697647599,-0.5795449505715446,-0.11211306529813783,-0.4327027368627905,-0.5746541250308533,-0.402668050488517,1.667099505659509,1.0717843740016941,1.7607122820414498,0.5708474919252774,1.0961436543950165,0.4884730561305747,0.29958489443231345,-0.624030914462241,-0.7096181204779739,-0.9478818991293756,-0.937653430969045,1.3162348718519903,1.5154909873100846,0.31212820039469014,1.5369857754141543,-0.04158883098536863,-0.11830897215124463,-0.10355314212672499,-0.15145213207789798,-16.236453963673526
s462,40.854767372648084,2.3046959010231087,-1.2034866700801237,1.9485892640639693,-0.8973158256615613,1.2653873025930007,1.1116941654353019,-0.6537182847354333,-0.05273803180425033,-0.5582749381717423,-0.06544656127666788,-1.0711137297093871,1.2210969173251858,-0.4324161530479095,1.2311373561509222,-0.5609384697647599,-0.5795449505715446,-0.5931276049690055,-0.4327027368627905,1.6370406826311603,-0.402668050488517,-0.35370725586820484,-0.989448500860031,-1.7736112388923502,-1.326280036016509,-1.5054952921048204,-0.35940379568407216,-0.8692012337913313,0.6638854561616949,0.22436485965204078,1.331986678389544,0.40823640602862044,-1.00480873310953,-1.5029065116523386,-0.3012106715294529,-1.6228362686315607,-0.6706058277980335,-0.5752357234136884,-0.6001590879592775,-0.5611098083253753,-23.135458840214177
s463,29.716845828251703,0.5776996876654882,0.5199751965109951,-0.5972053244965552,0.43320713652738574,-1.4157076406242028,-0.8005113414284638,-0.05195003825796474,-0.6261073671301074,-0.5582749381717423,-0.06544656127666788,1.507012116821305,-0.9088194600200015,-0.4324161530479095,-0.8209484937039477,0.6968714107862531,-0.5795449505715446,-0.5931276049690055,-0.4327027368627905,1.944220517028662,-0.402668050488517,-0.35370725586820484,0.7698704236035941,1.0071306059000618,0.6796826186403527,1.1524397086419005,-1.3475292414820872,0.06514717145768739,-1.3823960980535703,-0.9735824171394445,-0.6654326699521761,-0.7012086777103317,-0.022047117833427086,0.5304465772172499,3.5311123941346647,0.7327838948208096,-0.27459616915862356,-0.41543672075829347,-0.3894155924294887,-0.46750884145548977,-20.90493117250811
s464,-64.62262839997807,-0.14567969313832263,1.5946800176281013,-1.3304778982023777,0.7490288895153043,-0.26477395449092217,-0.6614915982944165,0.10671717102041653,0.6901420001872995,-0.5582749381717423,-0.06544656127666788,0.49629062813478186,-0.9088194600200015,-0.4324161530479095,-1.3717363569874699,-0.5609384697647599,-0.5795449505715446,-0.5931276049690055,3.852318806228525,2.8437471330656465,-0.402668050488517,-0.35370725586820484,1.8339949019916144,2.0111815986035633,0.4809589104159575,1.5473851333619026,-1.2925627092432654,1.8044669253852306,-1.1523264079106874,-0.7226988693238939,-1.2023973518015865,-1.2023198263486645,0.040471336085553644,1.7558929734137176,-0.288895081746309,1.2943420625257156,2.3799481777006455,1.0017970715408595,1.4531085904104104,0.4124204719564565,-16.334311880333047
s465,13.818516042332394,-0.7213665662554472,0.24751426899505571,0.38378982965431796,0.8596526071047226,-0.6052136447829232,-0.948806267789296,0.4879571389863554,-1.207896584948991,0.9476598305191408,-0.06544656127666788,0.5812656998326995,-0.9088194600200015,-0.4324161530479095,1.06655169513195,-0.5609384697647599,-0.5795449505715446,-0.5931276049690055,1.1215956252230712,0.08546907011316603,-0.402668050488517,-0.35370725586820484,0.5465362612108604,0.13109711393599596,-0.6426844070092927,-0.2842175275087614,-1.2947798421200563,0.3670510409947109,-0.9480448946774211,-0.7491215335048811,-0.8166627616601949,-0.8575350937793547,-0.549938540519797,-0.015580009921430927,-0.2989749010706727,0.06909172091605147,-0.7076731978050819,-0.8986339019898841,-0.6096340678512988,-0.6653190539073284,-19.99082968954132
s466,-46.527980211947316,-0.3624555994121478,0.49524207857604474,-0.6566298434608272,0.5223258306118576,-1.749023151702547,-0.3484539883596141,-0.5503218131379845,-0.7990622892759534,-0.5582749381717423,-0.06544656127666788,1.4395717595383892,-0.9088194600200015,-0.4324161530479095,-1.010699808651567,2.465156080521931,-0.5795449505715446,-0.5931276049690055,-0.4327027368627905,0.35885342365765877,-0.402668050488517,-0.35370725586820484,0.6999856113483094,1.1441371945644567,0.6251385304786282,1.5269997247679485,1.1280694446105104,0.3812611189221709,-0.9956813578856076,-0.9396486864820243,-0.6439451180663389,-0.6784031818222257,0.17254382652949582,0.4030636339351825,-0.28739359481106264,0.797201805761492,-0.13387971516396446,-0.33526722427649924,-0.27796827549277275,-0.393973622628764,-19.006846950540172
s467,-38.67761531431899,-0.7298769923075661,1.103688126024607,-0.8521004352972146,0.7972729276412147,-0.6794480582575873,-0.29594260425199825,-0.3516066070004084,-0.09869580860821237,-0.5582749381717423,-0.06544656127666788,0.46367629329951654,-0.9088194600200015,-0.4324161530479095,-0.7216179568471596,1.1569263865519934,-0.5795449505715446,-0.5931276049690055,3.015673395787554,0.8237910354558284,-0.402668050488517,-0.35370725586820484,0.7595823313009786,1.1846563083214718,1.0774795581320282,1.196109925923421,-1.467493898556047,0.7369146034272832,-1.2315358525200304,-0.8268628173107935,-0.9870804023437836,-1.0257895829599342,1.3286935029528073,1.2353285360202921,-0.3013530251434929,1.1162591905391313,0.37861156467977825,0.3900713369974976,0.1462310307364488,0.09899301213905001,-17.830782225362512
s468,-35.14550539418247,-0.9213707944075016,0.48275551854754545,-0.6479247542295917,0.536339925044884,-1.757511968171364,-0.3356138490056093,-0.5598169368428777,-0.8622755726898459,-0.5582749381717423,-0.06544656127666788,1.4238502396079118,-0.9088194600200015,-0.4324161530479095,-0.9048399328521997,2.302379837612932,0.38411087108694536,-0.5931276049690055,-0.4327027368627905,-0.5746541250308533,-0.402668050488517,-0.35370725586820484,0.624088090156373,1.4530728459565612,0.8787521360886303,1.375300525345783,1.4000288625005057,0.3380882536446233,-1.0522019581143442,-1.068244859540907,-0.6233840317558825,-0.6565809764914654,-0.0026750826676940655,0.5112460521820518,-0.29176388606658943,0.7207221527280517,0.06724466255272332,-0.006849715653046762,0.011783316810761096,-0.04407738997439892,-19.450304861268503
s469,52.92136449249054,1.7375650218702081,-0.608474701487974,1.0740060514774137,-0.2863759318275747,0.7057816847227106,0.13806606576811412,-0.3602695294911426,-0.2613098651567411,-0.5582749381717423,-0.06544656127666788,-0.6052340133661982,0.656625942208558,-0.4324161530479095,1.016582637591839,-0.5609384697647599,-0.5795449505715446,-0.5931276049690055,-0.4327027368627905,1.70273458780924,0.20963793210713846,-0.35370725586820484,-0.8001508459525251,-1.2504944339240256,-1.080620494603311,-1.0188544506858117,-0.5215146294351198,-0.6953365246465772,1.2224731174941432,1.5500097769454593,0.8329823853370598,-0.010648618479562905,-1.0252042538772261,-0.8440868706181592,-0.29484961594675607,-0.7420504115811944,-0.7012964799523486,-0.8262893464640272,-0.6144068788100597,-0.6593892070105386,-22.70314762369042
s470,24.254533575609138,-0.41601941132606707,-0.4533954778100107,0.01888741411949446,-0.4956745010428778,-0.04802070904294513,0.12367125319159424,-0.4788643041226019,0.034783916081007005,-0.5582749381717423,-0.06544656127666788,0.10133417285510653,0.40105352234311553,-0.4324161530479095,-0.10100084135838906,0.68163362588971,-0.5795449505715446,1.3030807502848112,-0.4327027368627905,-0.5746541250308533,-0.402668050488517,-0.35370725586820484,-0.2541646426290455,-0.3818064776673054,-0.2621402174542956,-0.16681034647032403,-0.4152649278694074,-0.6641280790190169,0.8225111787463589,1.7698855586093933,-0.026140918575414698,-0.2622061127512365,-0.3048584921951075,-0.3706289782579198,-0.30163463941842306,0.007685873302882574,-0.555586825435387,-0.5317848065140246,-0.5329760015846403,-0.51298231103804,-21.19907484802825
s471,-1.0233000026569155,-0.6620969945190535,0.4802891394382769,0.5535556215382196,1.0952749968806397,-0.34223908494097255,-1.0471528818853986,0.8446165433203547,-1.4060784226304675,-0.5582749381717423,-0.06544656127666788,0.4971443385475531,-0.9088194600200015,-0.4324161530479095,1.5771190304364535,-0.5609384697647599,0.17240773276634577,0.2039822036284324,0.8135619498278731,-0.5746541250308533,0.2930646222357965,-0.35370725586820484,0.16175532248842028,-0.18294450845422686,-0.6715552564840186,-0.3888030264701134,-1.3481870449076088,0.24939992902614294,-0.7426725370504988,-0.6947857325448401,-0.8259272828819786,-0.8694506941900878,-0.4726671611165785,0.1581816088751429,0.11488866881102562,0.2564426527311637,-0.7283438250916525,-0.9593908239680377,-0.6325884116793666,-0.7292903654631102,-19.720128753597493
s472,-38.20966051360917,1.2749870791427422,1.330847382883841,-0.659473385524647,1.0678675833391318,-0.5873831118892819,-1.0695676717774392,0.8059854307715208,-0.32222353263196435,-0.5582749381717423,-0.06544656127666788,0.5950330373227821,-0.9088194600200015,-0.4324161530479095,-0.2879006512597189,-0.5609384697647599,-0.5795449505715446,-0.5931276049690055,-0.4327027368627905,2.2543611209143326,2.950260492761187,-0.35370725586820484,1.6852478181986037,0.38443470136923014,0.36177646014288195,0.5017823189504018,-1.4255140610322419,1.099399876728957,-0.8592584090055082,-0.614453217867086,-0.9302740781940901,-0.9524899446918901,0.03402881112100207,1.369798976421568,1.8234604588633374,1.2346074142421846,-0.2670823572342103,-0.2947337226460861,-0.33585169782656554,-0.34798605043247216,-17.664623055518298
s473,35.057004480175976,-0.5279011967152969,-0.30112599946664736,-0.15937777431793979,-0.48573581457553516,0.26147818375543197,-0.38413292129377186,-0.07124575990370063,0.19192518526847654,-0.5582749381717423,-0.06544656127666788,0.30653408638699015,0.31043664803413284,-0.4324161530479095,-0.015504797635911389,-0.5609384697647599,-0.5795449505715446,2.3960341772713867,-0.4327027368627905,-0.5746541250308533,-0.402668050488517,-0.35370725586820484,0.09403442257914692,-0.15610656272218162,-0.371840154801692,-0.2505542938806306,-0.5758782182138976,-0.8717136014931047,1.7207088886667632,1.9723371618597954,0.5110129540967844,0.06088937350772704,0.10484498503066056,-0.2544629849635678,-0.161274803388619,-0.03308029018494398,-0.5872202091798602,-0.6186356896581868,-0.5188269921084252,-0.48240280309862676,-21.278224013179113
s474,-64.00779749456836,-1.8539971492238736,1.483829782684115,-1.3862940942234845,0.9042769358351691,-0.7437847262847238,-0.16201326709935626,-0.45157622248567963,0.31921675013676615,-0.0043245822191372045,-0.06544656127666788,0.4376643407960104,-0.9088194600200015,-0.4324161530479095,-1.456356946781312,1.9094363316052154,-0.5795449505715446,-0.019667311014014283,3.552156373259235,-0.5746541250308533,-0.402668050488517,-0.35370725586820484,1.3499911792364603,2.596444873362836,1.9018580248171988,2.717015758704591,1.571771963088016,1.6445290063057696,-0.5364093636073243,-0.7201766165675577,-1.1604812860892446,-1.1729658366295046,-0.1755983187536303,1.7491995478381153,0.11644837031845268,1.290136038153016,3.9821019459355838,1.8080984481745277,3.3435014007901214,1.287910740461954,-16.54177405306909
s475,62.40386474305426,-0.03672523096796533,-1.6262824846966752,1.1485864791873022,-1.6350949134921968,1.460068378374788,0.9640333593880417,-0.5896956859946657,1.037399528193328,2.1529609589202336,-0.06544656127666788,-1.2421742124175847,0.8416799954325493,1.8507267286836646,0.3085658022443386,-0.5609384697647599,-0.5795449505715446,-0.5931276049690055,-0.4327027368627905,-0.5746541250308533,-0.402668050488517,-0.35370725586820484,-1.8134729868528052,-1.3500051429608433,-1.1472823820078455,-1.3274180421198127,-0.8041263561993987,-0.7537415154429484,0.328620303523119,0.020387561549524067,1.1705288951716195,1.2473620178535738,-1.0660409670002946,-1.6937195817740975,-0.06959777956528652,-1.688722890673184,-0.6591353893358366,-0.5821125169552704,-0.6056695660833997,-0.6086930001356118,-22.97159509003216
s476,23.65824640202061,0.5503795686106634,-1.3138786077250053,1.2085218181445165,-1.1482761602576281,0.36922554741936486,2.7820145468445174,-0.9991095619262151,0.22866836214817943,-0.5582749381717423,-0.06544656127666788,-1.2421742124175847,1.4038340610633242,-0.4324161530479095,0.13655476383833454,2.5049731140783345,-0.5795449505715446,-0.5931276049690055,-0.4327027368627905,-0.5746541250308533,-0.1707571595804125,-0.35370725586820484,-1.6047670430035024,-1.2058626848409775,-0.9192832911810583,-1.1752996050197453,0.014533132277065305,-0.6682145410806407,0.4459013652258834,-0.1688490055700902,1.3206653718227275,1.406707150287126,-0.6862041151618866,-1.5378627432744485,-0.2898744915303677,-1.4685483540800128,-0.38960349453229537,0.40496840869866924,-0.40802037596652024,0.03092966387886626,-22.525876020644354
s477,22.591434744995396,-1.3485219012461322,-0.2584527022022746,-1.4827308401711452,-0.9036010342035725,0.9959074207783519,0.5588726335835791,-0.5100057547588557,2.097183117759571,-0.5582749381717423,-0.06544656127666788,-1.2421742124175847,1.6009881288971288,-0.4324161530479095,-1.5739747794767784,-0.5609384697647599,2.2554241200851415,0.3666032682586789,1.4197902942641714,-0.5746541250308533,-0.402668050488517,-0.35370725586820484,0.1250950203541626,-0.5166097839205254,1.8001710764560799,-0.056962571588219296,-0.1535221111564955,-0.25951834112694944,0.8864679628714721,1.4988613763634506,1.2339945722301786,1.3528509667574142,2.4142750324899667,0.6963855066194173,-0.3007125583724795,0.5567160030525632,4.869288222629869,3.241968707406591,6.422303082656175,3.814524768874628,-21.7894608359668
s478,-44.56993385658285,2.004447221990706,1.125510349070369,-0.18828867475308123,1.1254193922470983,0.48519959841958576,0.02902833682230169,-0.335988207048332,-0.00027388434248628587,-0.5582749381717423,-0.06544656127666788,-1.2421742124175847,0.5132738735041893,-0.4324161530479095,0.46765388712194866,-0.5609384697647599,1.092124373244329,-0.5931276049690055,-0.4327027368627905,-0.19798994381330523,-0.402668050488517,4.347454713695864,1.1892298029158803,0.010710598257070329,-0.1093751105432611,0.36819736605085684,-0.21891348110117814,-0.4066032558103978,1.8687640186384225,2.073190403403477,-0.21816638002302832,1.0393098475951803,1.9092459400949806,1.615769955139553,-0.29959440870628695,1.689769481069973,-0.47134792536901293,-0.4128820670172723,-0.5069781458453604,-0.4962121979926486,-17.88602657411998
s479,-19.70738559493785,-0.9964103191488758,0.4016346391868892,-0.49193780448019664,0.4469121317905244,-1.1956370005095864,-0.8453853981002366,0.0855705628596816,-0.7447381301098844,-0.5582749381717423,18.43321621359465,1.1929347358891678,-0.9088194600200015,-0.4324161530479095,-0.3125374443830762,-0.5609384697647599,2.7330219363795143,-0.5931276049690055,-0.4327027368627905,-0.5746541250308533,-0.402668050488517,-0.35370725586820484,0.5533804449268774,0.876107147764997,-0.01738208458855353,0.4852935390198086,1.666025725170311,0.1362618711898426,-1.1188752799151014,-0.9263450766087696,-0.5893964351443739,-0.6205087427214915,0.43123574583776514,0.39471690543088844,2.861285284685741,0.6290576790040414,-0.09603517888592993,0.19453364258226408,-0.1216507123870002,0.08278666806940761,-19.529385132463254
s480,11.50073960847613,2.1830263227927977,-1.3584292453282794,2.838011197114498,-0.8640019471064365,1.6239111575362968,1.634621058183983,-0.7375025020572857,-0.4027117201772527,-0.5582749381717423,-0.06544656127666788,-1.2421742124175847,1.2318099840517729,-0.4324161530479095,1.8770397875806517,-0.5609384697647599,-0.5795449505715446,-0.5931276049690055,-0.4327027368627905,1.1536101235793539,-0.402668050488517,-0.35370725586820484,-1.3779649891487542,-1.6213850759124473,-1.565689910717926,-1.7768652546856287,0.20646784128403123,-0.9970804367814513,0.5546825486555591,0.28050511562162056,1.4148359451737105,1.506653697699628,-1.8978573295135663,-1.6472864564645824,-0.300981650110501,-2.111472948553479,-0.7345209596247513,-0.8960881783326375,-0.6347751317603957,-0.7163025522002221,-22.03955610850313
s481,-64.7973298933311,-1.4914336786715146,0.729882410319775,-1.6634709396830956,-0.2765319890067326,0.37050456510702634,0.6800641959412665,-0.6362436830314844,1.716771426947301,-0.5582749381717423,-0.06544656127666788,0.9654586515889365,-0.9088194600200015,3.2725607009998097,-1.6195229193423852,-0.5609384697647599,-0.5795449505715446,2.964594139618429,-0.4327027368627905,-0.5746541250308533,-0.402668050488517,-0.35370725586820484,0.5854782739828969,2.340769229630075,1.6221409554588797,2.5544106020974535,0.9384785975555259,-0.15043633050544983,-1.0918383525211048,-0.5459312903167818,-0.6132334374310343,-0.5406289510584411,-0.27180668707002814,0.8867900675104936,-0.28131156425688125,-0.2097085331480438,3.1562303766574065,1.104712794683152,2.571638974552421,0.7528288102227936,-16.154029147641094
s482,19.748508291828852,0.05547199526793487,-1.108718575886124,0.6600253707013781,-1.042856220207076,0.32213830167813307,1.4339789183997496,-0.8251772725002852,0.3257833786579836,-0.5582749381717423,-0.06544656127666788,-0.8825322272089753,1.2284036630450665,-0.4324161530479095,-0.041930242777910284,1.2901779582159763,0.7102538201624012,-0.5931276049690055,-0.4327027368627905,-0.5746541250308533,-0.402668050488517,-0.35370725586820484,-1.345199739229758,-0.7601087969657211,-0.5865792554644066,-0.8128425630779492,-0.026957739155964066,-0.5455355360574085,1.498249174959545,0.325396729653201,1.1512516407059428,0.18995873470063426,-0.008159943946475984,-1.22327389920733,-0.147917529929964,-0.9667469589916037,-0.5008088409982344,-0.19226174708610502,-0.5316302848216968,-0.4408498153894665,-22.153245656365762
s483,24.80441511197386,0.15214078113365706,-1.2605967644132932,0.3182986198811314,-1.4756628050421554,1.0415013947023435,1.9255334734585687,-0.8420133008845504,1.4783184840611931,-0.5582749381717423,-0.06544656127666788,-1.2421742124175847,0.6245855268345241,3.2983811910934433,-0.4739122031462128,2.388546091907078,-0.5795449505715446,-0.5931276049690055,-0.4327027368627905,-0.5746541250308533,-0.402668050488517,-0.35370725586820484,-1.0194743609584456,-0.8144913281078481,-0.7200171850118826,-0.6056762690840596,-0.12912416155431325,-0.3766194659852336,0.821760561875818,0.7107714245429401,1.0742465622968447,1.1584581594825833,-0.7698419396048094,-1.1216855879888796,-0.2695163889146866,-0.8507306975176552,0.31515069700171666,2.0425797511608086,0.3795883131818749,1.7419517563078395,-22.175608402710644
s484,87.40781136029807,0.46065346706546084,-1.3772437766798862,2.9051377993590632,-0.8032850873912875,1.2667689773956914,2.018852318255349,-0.8371910461339139,-0.542448782831042,-0.5582749381717423,-0.06544656127666788,-1.2421742124175847,0.8904035973117098,0.463181330946244,1.8692113430560722,1.06518038133434,-0.5795449505715446,-0.5931276049690055,-0.4327027368627905,-0.5746541250308533,-0.402668050488517,-0.35370725586820484,-1.4347690131490327,-2.015697237464184,-1.4903600350474733,-1.816089595960514,-0.03893946383801834,-0.8427034942582051,1.193378097324282,0.6317598190609846,1.2495916050693858,1.3378442749948525,-1.9118292572965012,-1.6355986526983,-0.17422140128817204,-2.2921439576893246,-0.7020080151724636,-0.6630769700658822,-0.6109540505729031,-0.5727482979025088,-24.030706384232474
s485,-2.3726333118563923,-1.4077434953349333,0.47016199041158063,-1.285175803586146,-0.18722509537850746,0.07316913855374435,1.2069292884103215,-0.8065794487160767,1.2078439602106186,-0.5582749381717423,-0.06544656127666788,0.660675574509538,-0.9088194600200015,3.3900594876047663,-1.2330465531082502,-0.5609384697647599,2.686771390331485,-0.5931276049690055,-0.4327027368627905,-0.5746541250308533,-0.402668050488517,-0.35370725586820484,0.7327707216494221,1.4557232188978158,0.9770732931297966,1.7170958107903864,1.6273089001858556,0.5110387184742241,-0.8315787795197342,-0.5452775333501634,-0.7146865416998832,-0.7209279379755282,0.18628173903912082,1.129570487235502,-0.2544962975763874,0.3997394436824437,1.1046903193368427,0.7382530075811936,0.7923345907897845,0.42029787533300944,-18.96886917982663
s486,65.95299868121697,0.6390898604262129,-1.093219911013727,1.143612760756433,-1.0885358148221644,1.6762372417057287,0.7416633351111043,-0.4891356895933889,0.7704562607799431,-0.20344037836799989,-0.06544656127666788,-1.2421742124175847,0.6354145284772817,2.216106109002668,0.7931068650666936,-0.44790947128206515,0.9325509354870537,-0.5931276049690055,-0.4327027368627905,-0.5746541250308533,-0.402668050488517,0.20642078316934553,-1.0963940274062849,-1.4314813772457806,-1.130024285668314,-1.335839214547164,-0.7292017871665271,-0.6939417676483467,1.0306347224776968,1.2083791631050746,1.0121305322786427,1.1633950565194913,-0.9910478046461716,-1.0944125762279078,-0.23122346057299856,-1.07524352536102,-0.5992770508062207,-0.3217069448581808,-0.5345646570735514,-0.3329976556429531,-22.938478353505122
s487,-34.6165763987951,-0.5849088763703134,-0.6765110504333776,-0.3275791978516,-0.8588501627718137,0.36538397754537977,0.7521430789450977,-0.6591655054820448,0.7320369019454018,-0.5582749381717423,-0.06544656127666788,-0.5075305322154146,1.0970534919400257,-0.4324161530479095,-0.535708560574121,-0.5609384697647599,2.781455679499329,-0.5931276049690055,-0.4327027368627905,-0.5746541250308533,-0.402668050488517,-0.35370725586820484,-0.2993360237206246,-0.40283303135622756,-0.218443368542713,-0.03220660519613627,-0.40191407154315334,-0.7047756334008612,0.9786084238115038,1.1021318688629456,0.3942148065289218,-0.27338686165151094,0.6364570983102247,-0.5463079580907598,-0.1624174652798563,-0.023104693160093323,0.07857766719002753,0.8306166333628213,0.13459895003458922,0.7323051341979419,-19.3587990253393
s488,17.075384538955845,-0.547137289492332,0.4214046776131118,0.5125182956820294,1.1312035944827392,-0.9138816796957712,-0.9447793568000437,0.3637416457262677,-1.5912397099991977,-0.5582749381717423,-0.06544656127666788,0.8243910214660707,-0.9088194600200015,-0.4324161530479095,1.360544402600954,-0.5609384697647599,1.3038244789389413,-0.5931276049690055,-0.4327027368627905,-0.5746541250308533,0.46502575903160187,-0.35370725586820484,0.7025694711098145,0.11575137872136913,-0.5285854676845456,-0.42020626358310426,1.6070925308057669,0.27007196235483405,-0.9571533495607845,-0.8620418142792179,-0.7671372501659998,-0.8091513320522936,-0.5595664421461344,0.08369766876280166,-0.23464274326022344,0.10158348020466819,-0.7063504974794471,-0.885797642933644,-0.6226107816078539,-0.7003991427283257,-20.71941340396909
s489,43.64373206509831,0.6367279753307289,0.5736377844041347,0.09679621454579791,0.9237579053806371,-1.0496035947097746,-1.189721275023699,0.9946159998834122,-1.184918618819036,-0.5582749381717423,-0.06544656127666788,1.1181863867669577,-0.9088194600200015,-0.4324161530479095,0.5660314003288015,-0.33171143545873416,-0.5795449505715446,-0.22064638599824019,-0.4327027368627905,1.4406752557826634,-0.402668050488517,0.21427304539884384,0.4839536595357753,0.14966147536523633,-0.3068637258702174,-0.011630253754202183,-1.409424643703579,0.267950118985571,-0.6929259196434737,-0.832655032438262,-0.6830907903239982,-0.719949863010119,-0.0531774496998321,0.337699226026279,-0.2218833312881611,0.48207269748109083,-0.7035688021069091,-0.9266124120425631,-0.6266836935501896,-0.7241400710023163,-21.209295329889954
s490,58.17884322558782,1.8005907154041279,-1.2461597708913055,2.390745819362476,-0.9156393940350257,1.9191196042316911,0.4542839710734143,-0.33523018254376596,-0.005993454981905416,-0.5582749381717423,-0.06544656127666788,-1.2421742124175847,0.8029892158373824,0.94198639186634,1.7147066020130959,-0.5609384697647599,-0.5795449505715446,-0.5931276049690055,-0.0739621822598361,0.9895756223570474,-0.402668050488517,-0.35370725586820484,-1.0743289180738624,-1.6881561160449823,-1.3770327973057022,-1.5853070554176707,-0.040533629351417334,-0.7518052394890318,1.4578192436574033,0.8890111697613933,1.2516265142775813,1.3334337783259804,-1.6384305891999928,-1.5112523481040192,-0.3016210089822088,-1.7023451656266,-0.7348485800676832,-0.9132417653317497,-0.6320744430335457,-0.7049284747498046,-23.361068141071684
s491,-20.108054311906912,0.5577834719124747,1.1160122763159226,-0.18812825184102414,1.3695483989499007,-1.0315279476538253,-1.2491423551158685,1.2591226121075325,-1.1145170795779447,-0.5582749381717423,-0.06544656127666788,0.8125693315150905,-0.9088194600200015,-0.4324161530479095,0.47092426792028313,-0.5609384697647599,0.9883297019261419,-0.5931276049690055,-0.4327027368627905,0.28263124766382625,-0.402668050488517,1.6375736168570316,0.9913910142579807,0.7378228598036928,-0.1316741801444126,0.49229991284816366,-1.574408368910142,0.28980006749136317,-0.7814517455181657,-0.6966183055982688,-0.8612657717013438,-0.9038483443311445,1.023489751365321,0.9892628568603826,-0.20141668776941504,1.1508541953719251,-0.612377906461598,-0.7371248503599684,-0.5393706285542862,-0.5585968359786913,-18.783772116003462
s492,44.54692701516892,0.9144939647477743,-0.633902079755728,-0.2582902639659314,-0.9682510209832188,1.2934728396081423,0.14538624379889084,-0.26670443803404614,1.3641404369111942,-0.5582749381717423,-0.06544656127666788,-1.2421742124175847,1.331661200443476,-0.4324161530479095,-0.4226681738955395,-0.5609384697647599,-0.5795449505715446,0.523446445984604,1.3992470836077051,1.3831690996505008,-0.402668050488517,-0.35370725586820484,-0.7687836942773841,-0.47902971784450676,-0.494026631246406,-0.6585974258677842,-0.5449410911320604,-0.6934763912087447,1.3357642432490828,0.7045699802989186,1.4453686837307764,1.556005008589652,0.5150543571681043,-0.29791310563489354,-0.28980005505386763,-0.21046133445141624,-0.16107256496658642,0.3571604917206933,-0.12070087997350018,0.2950418225629095,-21.966890939893506
s493,-31.323163608039675,1.0016399324601115,-1.5197917618904584,-0.22472468044413169,-1.736983061431717,0.9516322287661517,1.0987139778223611,-0.6853105444077137,1.5357058435039435,1.7353152590277672,-0.06544656127666788,-1.2421742124175847,1.8024981721662685,-0.4324161530479095,-0.9086205870339176,-0.5609384697647599,-0.5795449505715446,-0.050414543796281866,-0.4327027368627905,0.5264875451668299,-0.402668050488517,-0.35370725586820484,-1.3795062703479417,-0.4784230438648943,-0.32169338736330433,-0.4064713728422552,-0.7169469146120375,-0.9668519043920584,0.0928101298863719,-0.7461648812252404,1.3614135803427372,1.449954659672468,-0.007933982162387406,-1.3027974516972665,-0.3014135499209778,-1.1365182067226383,0.24440743467207432,1.3580203071262054,0.4446669249323336,1.4642987000893721,-21.18321097196467
s494,26.98172534268652,0.23943369028391867,0.7606860578826311,-1.1078059793372594,0.3152345129285137,-1.2755647637374892,-1.1064501768395312,0.6064228027062262,-0.15246095138670515,-0.5582749381717423,-0.06544656127666788,1.736110977591213,-0.9088194600200015,-0.4324161530479095,-1.41605339016186,-0.5609384697647599,1.1294384206509336,-0.5931276049690055,-0.4327027368627905,1.8213485832696612,-0.402668050488517,-0.35370725586820484,0.4187510429607894,1.571836707848059,1.7523967770094209,2.275930734087261,1.9205330440111308,0.42292811176110945,-1.594185328498056,-1.2361292740614762,-0.7453816783001257,-0.7860613771162172,-0.10241658121112485,0.869983548963955,-0.2670820113835353,0.8340142601441586,0.7831903155821235,0.06692327678351548,0.39976481465400643,-0.10608682872982374,-20.14379663919148
s495,2.227251763328551,0.24376038400135833,0.7344406784366028,0.3309158767232209,1.1995356027310584,-0.6616351417929609,-1.6005551236297284,6.203170133310641,-1.4038832103577996,-0.5582749381717423,-0.06544656127666788,0.7934692572583313,-0.9088194600200015,-0.4324161530479095,1.2801483385843493,-0.5609384697647599,-0.5795449505715446,1.2642156383648304,-0.4327027368627905,-0.5746541250308533,-0.402668050488517,1.2478238848750824,0.4765572305368838,0.24693059306900533,-0.698096351576025,-0.1822523745152921,-1.0417629731444107,0.2356714031344857,-0.8902164890662567,-0.7785233320227058,-0.7967793112997312,-0.8406114959132992,0.3746179386332763,0.47733295476241755,0.5506954471798553,0.5239624517970011,-0.7339750843994733,-0.9933949190930728,-0.6299604165691922,-0.7258587489266042,-19.71897958689983
s496,7.12801799605119,2.3826188365744696,-1.2740800355443815,1.463479784550819,-1.2839304304446315,1.8154529538071311,0.7638377290264832,-0.47965111305985314,0.8717893660294744,-0.5582749381717423,-0.06544656127666788,-1.2421742124175847,0.9047693745408074,1.8190164108818376,0.7625777537673935,-0.5609384697647599,-0.5795449505715446,-0.5931276049690055,-0.4327027368627905,1.6216816909112852,-0.402668050488517,-0.35370725586820484,-1.3248588483538246,-1.288509697546225,-1.2252155743690987,-1.4155679465005138,-2.9767559175829934,-0.6234588878589079,1.4885279290919662,0.5551876801047628,1.3431311670451012,1.4305508902947799,-1.6484590229751692,-1.3715215586416425,-0.2702340521137733,-1.4802910898107005,-0.6280991709807665,-0.4195461196844176,-0.5734804831752035,-0.4709312300748933,-21.719346815839785
s497,-14.722307297533607,-0.10630508872785543,0.5911818569965942,-0.08881203079152773,0.7655456803263497,-0.4083730111602835,-0.6142087106109994,0.007362631308945893,-0.7169355677535518,-0.5582749381717423,-0.06544656127666788,0.29638387677081657,-0.5278570423436049,-0.4324161530479095,0.539869692289497,-0.5609384697647599,1.6888814076430454,-0.5931276049690055,-0.4327027368627905,-0.5746541250308533,1.8159114738939475,-0.35370725586820484,0.6508673859367906,-0.26357165843323244,-0.3650004572632565,0.04948055449813284,-0.4772998967730581,1.494524576430808,0.18649476522214103,-0.6958401338059801,-1.4046548374327632,-0.9752403144953116,0.4019020827564034,0.5530566599144376,-0.2163041489320561,0.815532787214708,-0.5315677272955467,-0.47167808207247963,-0.512524877115036,-0.4688229343600581,-19.30074135275753
s498,11.311919302792175,-0.6168103764032187,-1.4962878685063477,-0.05636606016642843,-1.5719719260075922,0.8086927145597923,1.0080737296530162,-0.6778951204670179,1.173601504816756,3.1674879397675535,-0.06544656127666788,-1.2421742124175847,1.4184064099688618,-0.4324161530479095,-0.6231160698377548,-0.5609384697647599,-0.5795449505715446,-0.5931276049690055,0.26923845891792125,-0.5746541250308533,-0.402668050488517,-0.35370725586820484,-1.588488396159643,-0.1948924912548108,-0.6207958202315309,-0.6299861896377406,-0.7738450597724494,-0.5627303788103405,0.16519724014890497,-0.48959884120613023,1.0498765682268438,1.135046355480412,-0.06237786266864045,-1.343286066242878,-0.04556917452013423,-1.0243441157916562,-0.19146922689140822,0.5847783246669208,0.18260502010839622,1.275454831846468,-21.46882601091719
s499,-30.224773185335017,0.7193780078596878,0.9133226873624102,-0.35252012607865685,1.0854856407278082,-1.2621035493898738,-1.0294967075851922,0.41277394992379696,-0.9307259074868287,-0.09789168270141584,-0.06544656127666788,0.9801874719656617,-0.9088194600200015,-0.4324161530479095,-0.1061232523733366,0.42895226582583557,-0.5795449505715446,-0.5931276049690055,-0.4327027368627905,1.0370068895210625,-0.402668050488517,1.1257340669708855,0.917240177719884,0.6120975218197642,-0.0014021808662965309,0.689646295280459,1.0794736412700527,0.10938626367778881,-0.796178811767159,-0.6663172393944548,-0.7140717228000157,-0.7528310181991935,1.8444666983406173,0.9062901019842258,-0.29876771796811175,1.066615231088868,-0.586239582455671,-0.7495803804704602,-0.548510933167558,-0.6093952362608418,-18.52368794388046
s500,6.800552810199378,0.26384736466355,-0.5173968857016613,-0.7989107022752595,-0.9886661825699287,1.2864121746609947,0.0489245007578235,-0.20777711404510393,1.6650063195946647,0.05961906998033015,-0.06544656127666788,-1.2421742124175847,1.5034721946247371,-0.4324161530479095,-0.7935873490392162,-0.5609384697647599,-0.5795449505715446,2.122950261363005,-0.4327027368627905,-0.5746541250308533,1.4869762457997417,-0.35370725586820484,-0.48728004066515207,0.23495834215405556,0.24424409981827988,-0.22971191364522908,-0.1307509795789953,-0.8159420159692194,0.6150178350281198,1.204651066821246,1.258859621505022,1.4190260873930194,0.8267833622705885,0.2794627190571143,-0.23745445476643093,0.197254111114711,0.14805575158962025,0.5866298531892844,-0.004292029601417283,0.2275948618415962,-20.505897012815225
s501,20.37984639477492,1.9227832530478202,-0.533038383588761,-0.6647005616051851,-0.9638533736556029,1.0522980754228723,0.5596224518899647,-0.5025674425153521,1.6931225500202083,-0.5582749381717423,-0.06544656127666788,-1.2421742124175847,1.4598694632022384,-0.4324161530479095,-1.0293850789026897,-0.5609384697647599,-0.5795449505715446,-0.5931276049690055,1.2787718640856862,3.0328106267923935,-0.402668050488517,-0.35370725586820484,-0.5404207840771599,-0.345999428602115,0.39369008013497525,-0.11887275696715811,-0.48968939512160187,-0.26970193062121145,1.435024848492656,0.7865161699394642,1.2926583869420363,1.376982350462171,0.3326422284198718,-0.028847879265282695,-0.23439743701218388,0.032870559487948786,0.6014509009862764,1.014232812106645,0.2862406788638185,0.4448029794655135,-21.418994895280818
s502,-60.17823945747551,-0.7566130282221193,0.11916069276564407,-0.5205893229981899,0.3161420342092102,-1.0878198893812137,-1.1581070537286586,0.8592072797230068,-0.6142752230245283,2.9470853003832844,-0.06544656127666788,1.0080857089223958,-0.9088194600200015,-0.4324161530479095,-0.3934306083175164,-0.5609384697647599,-0.5795449505715446,-0.5931276049690055,-0.4327027368627905,-0.5746541250308533,0.5994160460279838,-0.35370725586820484,0.12228350462013526,0.6575241456936903,0.07015544965744898,0.4853594516121937,0.9588227251476463,0.6571868204149172,-1.1547261032215967,-0.8983531056731856,-0.6684717658134346,-0.704434177224456,0.33791489914117445,0.28068232253123204,-0.28992721029186347,0.5138279923981849,-0.3830535258892728,-0.33678294822647437,-0.43081470815290285,-0.40821583883122287,-17.779206208546576
s503,45.35764910220595,0.9817806961827213,-1.2274130614032197,1.8145954681248917,-0.8916445938450002,1.3450285686298176,0.5228757823430753,-0.44724882394729615,-0.04494381916533848,0.7050954332193027,-0.06544656127666788,-1.2421742124175847,1.1208965413537535,-0.4324161530479095,1.2668627885629036,-0.5609384697647599,-0.5795449505715446,-0.18011734144701702,-0.4327027368627905,-0.12773134006288173,0.39840583865864876,-0.35370725586820484,-1.0513204726741499,-1.9916380321182963,-1.0869453487401577,-1.4351383083796743,-0.8053084627749004,-0.9246011907423526,0.7401771846384736,0.24180496215263111,1.405206496016949,1.4964336240348382,-0.7110393763199919,-1.3885998896315999,-0.2788816201627942,-1.586238472725897,-0.7374620976919812,-0.9482444432918342,-0.6372823090059959,-0.7365416155895117,-22.649899887630923
s504,11.425441103348508,-0.7338925071088173,0.4071287869012787,-0.44420759660133863,0.2631066298124918,-0.9808373414881868,-1.1931295795673493,1.0438258172393093,-0.6653074131352276,-0.5582749381717423,-0.06544656127666788,1.5375586315906267,-0.9088194600200015,-0.4324161530479095,-0.21558316799676105,-0.04995320579091087,-0.5795449505715446,2.0639050903557874,-0.4327027368627905,-0.5746541250308533,-0.402668050488517,-0.35370725586820484,0.12886221932335912,1.1244655818226088,-0.02930615989107575,0.7463289831179178,0.24172086080404712,0.1209875061944494,-1.1581531628879498,-1.0490349190544448,-0.6205728540998001,-0.6535973745987446,-0.0819562271052205,0.29513611158384956,-0.250348426510947,0.584113833035997,-0.5323051126252594,-0.6205088709838885,-0.4616927880283255,-0.4527526193279987,-19.945704452987425
s505,40.55868007205109,1.4773181934345168,-0.9478111394397551,2.0085114487530586,-0.3796379509184221,1.0448742324699112,0.5268643517025646,-0.4906344338979953,-0.6036360031781274,-0.5582749381717423,-0.06544656127666788,-0.7810203765452547,0.8166626491929252,-0.4324161530479095,1.7077508438591504,-0.5609384697647599,-0.5795449505715446,-0.5931276049690055,-0.4327027368627905,1.280315713653416,-0.402668050488517,-0.35370725586820484,-1.1169997383470105,-1.4930659135982003,-1.2095476242223726,-1.4712785852597927,-0.3938454182184016,-0.8931867606121908,0.9496517326087174,1.0467716151366446,1.1125818790578563,0.05173624232065663,-1.3694214373648843,-1.1987828310028983,-0.25993867081554306,-1.541943190432794,-0.7156188703811948,-0.8189502898493304,-0.631099202458837,-0.7058294125231283,-22.568986024461253
s506,14.162754795772367,-1.0314612318683296,0.36413320912592384,-0.3276338445920923,0.5450433627742775,-1.250419766306211,-1.0298000700832077,0.4183233729230159,-0.9464932058546123,0.2546868964314021,-0.06544656127666788,1.3452952739249,-0.9088194600200015,-0.4324161530479095,-0.043570089405985245,-0.5609384697647599,1.709410152966254,-0.5931276049690055,-0.4327027368627905,-0.5746541250308533,-0.402668050488517,-0.35370725586820484,0.4223138337934473,0.5879675717516389,0.04902310370572297,0.2769006286733838,1.141013898085874,-0.008864686189454317,-1.1605241864724987,-0.9042644893340213,-0.598426267759138,-0.6300924222239488,0.3014935976205393,0.21281274070992198,0.31067579478493,0.522364935153166,-0.4917194240778746,-0.4862546847868225,-0.48578310682899956,-0.46790331961090487,-20.50664132584332
s507,27.08161128037481,0.8358780174672211,-0.920750948454635,-1.0707363956026914,-1.4613156266351912,1.2137578803033524,0.7478637289443887,-0.5501420343004849,2.1552816582833865,-0.5582749381717423,-0.06544656127666788,-1.2421742124175847,2.0228719855268764,-0.4324161530479095,-1.3969332728577515,-0.5609384697647599,0.027056655596160942,1.5832814287441357,-0.4327027368627905,0.6029035200042119,0.0722347977874649,-0.35370725586820484,-0.6504212405609022,-0.6876624902902811,0.4227961042447082,-0.15326323345218396,-0.10262874671620947,-0.8528444632667114,0.5321465074103501,-0.4049826737724827,1.7583249541097923,1.871210685043754,-0.28756791671186377,-0.20963987091707778,-0.23081800223315135,-0.35905162433619986,1.8548569947645206,2.0696611586276434,1.6903105048901719,1.609788287995038,-22.55451727781655
s508,21.138024171254372,-0.6027190952426812,-0.13859741079398658,0.0607117895732344,-0.2922074113207381,0.4839516493629781,0.46560375725139114,-0.5454630717915319,0.15227084805272456,-0.5582749381717423,-0.06544656127666788,0.5112750769382441,-0.7045033966678215,2.05558960827233,0.4444156121546136,-0.5609384697647599,-0.5795449505715446,1.684328991023674,-0.4327027368627905,-0.5746541250308533,-0.402668050488517,-0.35370725586820484,0.11932169880356619,-0.6528572436207934,-0.2740490502590925,-0.5450386529102615,-0.1617436392666753,1.9799873489595186,1.1611511998975428,0.2355280593751707,-1.3219873813728995,-0.7802501019238977,-0.5000404785613041,-0.16576992800377027,-0.1315548036663664,-0.20821919600960903,-0.6614704428799267,-0.7753789068425712,-0.6001849830632443,-0.6505181938494266,-20.636957262349796
s509,11.398090395207191,1.1969674162242656,0.07675543046062669,-0.4626551207612747,-0.08619929308341695,-0.40334542311872607,-0.2672387482257798,-0.3135454264112471,0.1172703205835636,-0.5582749381717423,-0.06544656127666788,0.5845073707878113,0.0351207526670702,-0.4324161530479095,-0.6157399087184608,-0.5609384697647599,-0.23774827632704898,-0.5931276049690055,-0.4327027368627905,2.6599495311748416,-0.402668050488517,-0.35370725586820484,0.08382067382299303,0.43150810640540455,0.3670119259651292,0.5827829657053476,-0.38329169644099353,-0.30298185152532275,0.8835273927523981,1.8325895838146709,-0.22275753358084224,-0.2724788496476614,-0.06472606513168541,0.04488693333066191,-0.2967766075370606,0.3508820270077073,-0.2801739509990644,-0.24046892719632132,-0.27273448804275946,-0.2146218248379295,-20.495658788147686
s510,-42.76581815753126,-0.8224911674837746,-0.2717626657289363,-0.6135970061606485,-0.48732738536529574,-0.11478817710797408,0.2968076793651552,-0.567079173824596,0.45106933150081696,-0.5582749381717423,-0.06544656127666788,0.07170304012950639,0.5673010371861189,-0.4324161530479095,-0.7145440422299915,-0.5609384697647599,2.9087503256685756,-0.5931276049690055,-0.4327027368627905,-0.5746541250308533,-0.402668050488517,-0.35370725586820484,0.16772693879240524,-0.06304385762746438,0.5481813119189071,0.6411748441891049,-0.3481788708733033,-0.11183782469971384,0.30942377349955547,1.1531186971177145,-0.27507543009896845,-0.3354894988051521,0.595930800849712,-0.09022440766104613,-0.2772895366140097,0.48402042649644883,0.1219755967703094,0.5098779001487226,0.04194790352184414,0.28022137566932914,-18.866676585879905
s511,50.64216251118933,-0.671099092124337,-1.3978278381753937,0.05732120928841273,-1.3920964452936737,0.544209139268908,1.2088487346063048,-0.7562725385757961,0.902627610807465,2.5144590785324965,-0.06544656127666788,-1.0631974498255068,1.4177937402650345,-0.4324161530479095,-0.5481077835260608,0.12997118293227547,-0.5795449505715446,-0.5931276049690055,-0.4327027368627905,-0.5746541250308533,-0.402668050488517,-0.35370725586820484,-1.5192396394880199,-0.7605846450434604,-0.5336547818695747,-0.6243774211327854,-0.7446036491570304,-0.7251886247018603,0.5228001187968565,-0.5584582966526236,1.3420594476260028,0.36826601855910673,-0.40336156280539437,-1.4565885906918876,-0.28160509396516786,-1.0110395190477366,0.10713418734610693,1.469055382046442,0.5883058068740254,2.289170047203217,-22.7009109095
s512,30.502718306512392,0.9914588103599359,0.4628940820120612,-0.7303257789669193,0.1795790569847999,-0.8473675320277466,-0.7576878844963255,0.06714501846282393,-0.09518551429020115,-0.5582749381717423,-0.06544656127666788,1.2530190491330928,-0.5371894550250914,-0.4324161530479095,-0.8930138707933393,-0.5609384697647599,-0.5795449505715446,-0.15377574196254373,-0.4327027368627905,2.7646567361438796,-0.402668050488517,-0.35370725586820484,0.20383625551245624,0.14580483301172448,0.6541127268689234,0.6187779262136811,-0.3774162554454636,-0.42981843337305886,1.0608723404945806,2.26788449494805,-0.4709025940172181,-0.33129172020154596,0.12365246075841274,0.29955831247666337,-0.3007383744596678,0.5510202646764494,-0.09380663655613176,-0.20375599629023308,-0.1906435557876649,-0.2585875194763152,-20.528651386485713
s513,-22.43381827671798,0.08891284584409527,0.6595061170007737,0.15482373707749925,1.091148093810762,-0.3940441168432795,-1.240162876210785,1.5776236478124732,-1.0938691018343736,0.5364989880473873,-0.06544656127666788,0.36130065765350244,-0.9088194600200015,-0.4324161530479095,1.060746151935485,-0.5609384697647599,-0.5795449505715446,0.23798214807097703,-0.4327027368627905,-0.5746541250308533,2.4550016952985527,-0.35370725586820484,0.503438427564346,0.3365945370550086,-0.5727361675680306,-0.044641598145054806,0.680779008835091,0.2692373713936792,-0.8158808729144429,-0.635502774398873,-0.8889640779577881,-0.9233965544575117,0.5328427597674227,0.49265488312201566,-0.1597092964122693,0.6351044329343718,-0.6908156479457138,-0.8631999627397486,-0.6148675070123858,-0.6878047162334999,-18.722285660349034
s514,67.9620900580511,0.8507340826818619,-1.0499824894963754,2.502830519716267,-0.340974475774181,1.223766392735598,1.1099473896227536,-0.6578864347326423,-0.8193499381530386,-0.5582749381717423,-0.06544656127666788,-1.2421742124175847,0.8577725581373672,-0.4324161530479095,2.0758171629515187,0.3982294000409009,-0.12127008007613149,-0.5931276049690055,-0.4327027368627905,-0.5746541250308533,0.6338052049666986,-0.35370725586820484,-1.078678004293873,-1.7921641734670617,-1.0788631323380664,-1.6740671837207064,-0.07066004728521796,-0.8308880350953587,1.1110730667782578,0.9389658429694617,1.2046537259959744,1.3149607043564535,-0.7203997922634643,-1.2699436854694055,-0.00687734693133371,-1.9233984961908965,-0.7254181373066745,-0.8486262137209138,-0.63284906720689,-0.7084883335224805,-23.382354004160728
s515,50.34352950330642,1.2698988260347688,1.0155137299418597,-0.9925580484348965,0.5559613965604691,-1.027417791381504,-1.1130955710380241,0.7406119873549284,-0.07797756629253676,-0.5582749381717423,-0.06544656127666788,1.3832122796052648,-0.9088194600200015,-0.4324161530479095,-1.2016297781524965,-0.5609384697647599,-0.5795449505715446,-0.5931276049690055,-0.4327027368627905,3.2770332475578985,0.764179199363581,-0.35370725586820484,0.8067231769508578,1.6024627953267268,2.2572389397171984,1.4173359023964034,1.3708084829158609,1.126782421361141,-1.3330982244652998,-0.8880211555102326,-0.732165326590408,-0.7720343973945119,0.16219342000850454,1.0269135597364698,-0.01621927613093644,1.038122366121507,0.3702545309430346,-0.07110228599036346,0.16391220772493886,-0.1524408208415463,-20.63189590001077
s516,63.40307206073331,0.5221573657844331,-1.260278506798218,0.9987774137596139,-1.1956417613866122,1.0609042992951851,0.9923029522416699,-0.644431355226069,0.5046391828424471,0.4288930038463617,-0.06544656127666788,-1.2421742124175847,1.3602675897085361,-0.4324161530479095,0.41543323083361167,-0.5609384697647599,1.1294384206509336,-0.5931276049690055,-0.4327027368627905,-0.5746541250308533,0.2663056732848614,-0.35370725586820484,-1.423237841072426,-1.9522693857515687,-0.9805921183800699,-1.1943718324332842,-0.6936151641414641,-0.8143183218490425,0.7551678264023745,-0.18919039524325043,1.4383742216568798,1.531635699856134,-0.7603215052220381,-1.2647314476450005,-0.1482682383535199,-1.2315438223626558,-0.6444911754194379,-0.5714983288139622,-0.5949473575609189,-0.5851928644129433,-23.53360034901451
s517,48.95450286471968,0.41989903113063,-0.8935734689237125,2.1045293152929663,-0.2055016747454634,0.8685089982729322,0.31681118627552707,-0.4250624681707833,-0.9185204491592067,-0.5582749381717423,-0.06544656127666788,-0.6137887657344098,0.5952610986572004,-0.4324161530479095,1.9522989548142053,-0.1566424367305057,-0.5795449505715446,0.020033786259792866,-0.4327027368627905,0.05725867715829342,-0.402668050488517,-0.35370725586820484,-0.8499350355831387,-1.4315206304548431,-1.23231754725995,-1.4696357873815646,-0.4915877136904977,-0.9529653747649736,0.7487179858550007,1.5055058835153954,0.7601957018984342,-0.028191721213562088,-1.4648597873615745,-1.0544830739954878,-0.013932199370486552,-1.6845141258062502,-0.7267176363476449,-0.8752232057136503,-0.6312667780186842,-0.7044452405857349,-22.741084025491407
s518,55.77539398518052,0.9505980072330805,0.6278681032216151,-0.7190908929642296,0.3542931735288763,-0.8821156831592124,-0.3811829603271913,-0.3335424403680615,-0.13799034795998946,-0.5582749381717423,-0.06544656127666788,1.3777675005463295,-0.9088194600200015,0.3308366103849928,-0.8006729044304813,-0.5609384697647599,-0.5795449505715446,-0.5931276049690055,-0.4327027368627905,3.0336686787045832,-0.402668050488517,-0.35370725586820484,0.29733171314272094,0.6905395369163866,0.551612292806357,0.587786916947936,1.3955641739589462,0.4759086244894003,-1.0352676388101418,-0.9598691115043128,-0.6698396870647376,-0.7058860002444812,-0.3220962463751992,0.52011309944687,-0.25994063546511353,0.5863987728333157,0.05430816804993532,0.02292541530188983,-0.05254006725931719,-0.08599884679181674,-20.95244706423326
s519,-13.262066083608333,-0.1500250376585631,-1.2139602690056153,-0.8351155509431941,-1.6156415438043517,0.8526723565821133,2.0401616779630904,-0.8754299880388303,1.8112865761946655,-0.5582749381717423,-0.06544656127666788,-1.2421742124175847,2.020650165560566,-0.4324161530479095,-1.3332623403573705,-0.5609384697647599,3.3491524545376,-0.5931276049690055,-0.4327027368627905,-0.5746541250308533,-0.402668050488517,-0.35370725586820484,-1.3566773447055436,-0.568797793825535,-0.1568896401072312,-0.46055950072995666,0.29842646451715155,-1.2843004189741665,0.23972806383773265,-0.6644789186581033,1.4043940261830776,1.4955713211743724,0.18865724947312285,-1.0644818080300755,-0.28873245612097087,-0.7739814372334771,3.234177219843699,4.691482426914186,4.7968570486223205,5.867760519809118,-21.65153402286209
s520,-28.690590768888804,-1.1971368630116124,-0.8919471444558006,-0.21163904673216438,-0.7606400996015521,0.05530197450375241,0.24515422681688503,-0.5185905773149684,0.3597363376254276,3.1083488464669293,-0.06544656127666788,-0.3118146483005508,0.6419394608230448,-0.4324161530479095,-0.38707891402034683,-0.5609384697647599,-0.5795449505715446,-0.5931276049690055,-0.4327027368627905,-0.5746541250308533,-0.402668050488517,-0.35370725586820484,-0.9736550682354354,0.16389252170592591,-0.2375592934518988,-0.16964461577975154,-0.8415308409786951,-1.0850851750125086,1.392691036818922,1.2933148254304436,0.03211482667336011,-0.27887896679419266,-0.1260382338724717,-0.7735696216046185,-0.15258748735941902,-0.4373338747402437,-0.17953997089072352,0.46639996039859427,-0.05819320641026593,0.5514942445537729,-19.17430642162448
s521,-11.650804890581623,-0.8605341199412732,0.38873144602223986,-0.37320953526580064,0.6648329648194856,-1.8771658290171274,-0.008915277601195272,-0.7386580119803641,-1.126857094639059,-0.5582749381717423,-0.06544656127666788,1.296326809346923,-0.9088194600200015,-0.4324161530479095,-0.6007807782241917,3.106694079131652,-0.5795449505715446,-0.5931276049690055,-0.4327027368627905,-0.5746541250308533,-0.402668050488517,-0.35370725586820484,0.3268698787088681,1.3850844950070489,0.24960785834096175,0.8270759975377644,1.7617953270536726,0.30349679339407437,-0.9069733766964714,-0.9122871630699892,-0.695871241768559,-0.7335142064223239,0.1895810969400263,0.28583052286769617,-0.19335556671038628,0.5937138212483721,-0.24499793971499387,-0.23823946877442337,-0.22633046173436147,-0.18651270070701628,-20.481465869885277
s522,-23.476259557690693,-0.1520425611706182,0.4412583457308188,-0.4214413404084024,0.11823940961638499,0.32532213779524044,0.003659857458770349,-0.3493457383522236,0.2726708176859924,-0.30664389412791193,-0.06544656127666788,0.4209936740814457,-0.9088194600200015,1.7636335777584318,0.0810035927734399,-0.5609384697647599,-0.5795449505715446,1.407461718569662,-0.4327027368627905,-0.4619010564049468,1.2949803012570844,-0.35370725586820484,0.19971049602384744,-0.19326493637437756,-0.010749922660618548,0.12809222434313913,-1.3508540718116366,0.5698055581126567,-0.804987768746706,-0.6021689503255525,-0.8034951221974639,-0.8189305110829215,-0.08936037653614023,0.6160175962407879,-0.29759182033866766,0.4518814694324895,-0.4794712522799458,-0.4355520756666418,-0.4837999052456226,-0.45298893776847027,-18.370397011524613
s523,48.590036783654135,0.8899438160411355,-0.5741494010172075,0.9704375054865899,-0.20540060861867035,0.3886096324610692,-0.0007292011221298533,-0.3353820276001806,-0.44724438941131506,-0.29901871097506855,-0.06544656127666788,-0.23136226914187152,0.4498823612719957,-0.4324161530479095,0.9848870541683377,-0.5609384697647599,-0.5795449505715446,-0.2710630358387276,-0.4327027368627905,1.240499441863476,-0.402668050488517,-0.35370725586820484,-0.223605291754826,-0.9313967558688692,-0.8783812234545393,-0.9936468728520467,-0.6325155384687157,-1.0419598978588096,1.2784101323522952,1.8391403825369192,0.8082506438475299,0.052472314359401986,-0.30022315747212197,-0.8448237233373292,-0.30151387239122845,-0.7943306624383378,-0.6874092753114857,-0.7731215226228525,-0.6197803575249605,-0.6804351973521968,-22.375385229765985
s524,3.0356626359163954,0.5549570303082876,-1.4281625893806231,1.1154039411378989,-1.353786965586794,0.4319190739057735,2.6948625294116533,-0.9862628653368551,0.4315615546411929,-0.5582749381717423,-0.06544656127666788,-1.2421742124175847,1.530069127783916,-0.4324161530479095,-0.0566692470402966,2.1969150123524734,-0.121635530531072,-0.5931276049690055,-0.4327027368627905,-0.5746541250308533,-0.402668050488517,-0.35370725586820484,-1.613614490584434,-1.664593706500566,-0.9403365827066894,-1.2215556030719825,-0.26931521396277225,-1.1742400846685666,0.18485502916683152,-0.46927875838765226,1.3993199943027705,1.49018607236626,-1.515372070522212,-1.6788533121674505,-0.2937220897768056,-1.5962480035536424,-0.3656246500110618,0.4409872070300223,-0.36993199953110345,0.12469057910910075,-22.194304475807208
s525,29.168359522671125,-0.22467618967281883,0.4583181220773255,-0.42968905630797977,0.5049653909992523,-1.421710117342087,-0.69635273293821,-0.18187166405007904,-0.8427046828995478,-0.5582749381717423,-0.06544656127666788,1.4263693178302983,-0.9088194600200015,-0.4324161530479095,-0.4663480588490262,1.1287194697754344,-0.5795449505715446,0.11541444711760594,-0.4327027368627905,0.5115337693987133,-0.402668050488517,-0.35370725586820484,0.570142857512966,0.8722465555922327,0.3478352656640718,0.7835213275920965,1.1358594759174951,0.4045287696239034,-1.2250319160914798,-0.9365348708835511,-0.6251212043722645,-0.658424698995095,0.09087874465649502,0.36226415915209736,0.15639994254272716,0.5760459918280302,-0.41796842150103314,-0.48399063134382475,-0.4623920821530078,-0.49531899826611187,-20.96151325596525
s526,26.62387431769956,0.9715175716013623,-0.6934202959810446,1.801985475871531,-0.010032289443986209,0.9109437975550685,0.9442407268081597,-0.6484450994814107,-0.7570961811904477,-0.5582749381717423,-0.06544656127666788,-1.2421742124175847,0.6644142277917845,-0.4324161530479095,1.7720806424733209,0.980394129762916,-0.5795449505715446,-0.5931276049690055,-0.4327027368627905,-0.5746541250308533,1.54048331231163,-0.35370725586820484,-0.6152119639744568,-1.7391075186200664,-0.9884572691414528,-1.3993572636355829,0.10719525654425653,-0.9410758065413702,1.312602053874096,1.618657375463461,0.9289858721147611,1.1078995541759007,-0.5675805523933642,-0.8895462491034574,-0.0672390789290332,-1.314395340500205,-0.7404806341294016,-0.9714218556229076,-0.6383290163663358,-0.7424727447842542,-21.931725815123684
s527,-12.948595778082904,1.0140724101505567,-0.7278421352157642,1.0003032222924952,-0.3758255050222983,0.361528250305349,1.9467005137277393,-0.9041592767611666,-0.13362189333315982,-0.5582749381717423,-0.06544656127666788,-1.2421742124175847,1.1071332555177145,-0.4324161530479095,0.5827194755535642,2.0273687969972496,-0.5795449505715446,-0.5931276049690055,-0.4327027368627905,-0.5746541250308533,-0.402668050488517,0.8678785177111763,-0.37248949181291163,-1.2443339577913202,-0.6224219211911238,-0.9869945556055008,-0.0981064706282953,-0.8093913796006952,1.5093910474092689,0.9904243935681512,1.233918583495063,1.3855158672700856,1.36329655268842,-0.8032566612667895,-0.1917736004049272,-0.6238504436509943,-0.5452333703599916,-0.25009094819260713,-0.4952271262521777,-0.2818763615199506,-20.633761200761114
s528,-34.35276412384954,-0.1548801413700705,1.9242741708224236,-1.2484503902911777,1.4466647332652307,-1.1497507522302042,-0.11285447994088416,-0.5574194057246766,-0.09999422948290065,-0.5582749381717423,-0.06544656127666788,0.2869751985720069,-0.9088194600200015,-0.4324161530479095,-1.392163435491908,2.962571857935513,-0.5795449505715446,-0.5931276049690055,-0.4327027368627905,-0.5746541250308533,4.327852609826053,-0.35370725586820484,1.5227821679287161,3.020002238282768,2.5401123351446646,3.1601990512855034,2.252423223685089,-0.20984903393345994,-1.0438088886754158,-0.6743006887451473,-1.0963076535741036,-1.1340076272873385,1.2408429805556374,2.037171866710846,-0.27152452812474176,1.6340094755089218,2.899165609540187,1.15106747808666,2.4389839863012397,0.8251308163032682,-17.76721144005281
s529,35.635285986880966,0.2203160647974267,-1.527805606718131,2.5549970569787974,-1.1144564303436868,1.4402427792079846,1.2603637450523621,-0.6727179160176298,-0.21152155794745087,0.9063818453659879,-0.06544656127666788,-1.2421742124175847,1.2458266776352704,-0.4324161530479095,1.541626867346355,-0.5609384697647599,-0.4309377009000248,-0.159915752470398,-0.4327027368627905,-0.5746541250308533,-0.402668050488517,-0.35370725586820484,-1.5777644965249633,-1.518847536601682,-1.5778440911574385,-1.6975090115443456,-0.6240062091482362,-0.8712898009242374,0.38731289828458376,-0.17622576416626987,1.515788952223229,1.6137986809621094,-1.7830798595598045,-1.7764843706208044,-0.2584069201731607,-2.18473581651936,-0.7100604946989554,-0.727458503602413,-0.6091314537603755,-0.5655842064996055,-22.263491497911073
s530,61.04955977732589,0.1599653737442838,-1.0695409807513574,1.324170597506219,-1.1115242375404208,2.1391262296414455,-0.24515929534750167,0.1977434433887609,0.6941759029702959,-0.5582749381717423,-0.06544656127666788,-1.2421742124175847,0.6213119349750232,1.4517216837650293,1.1164454346795813,-0.5609384697647599,-0.5795449505715446,1.0811669701671653,0.895128740585405,-0.5746541250308533,-0.402668050488517,-0.35370725586820484,-1.0401269674216767,-1.3690367403711021,-1.2044962924752372,-1.2225181848934148,-0.35925724745977133,-0.6322534710812493,0.9197026296655697,0.9652061448403276,1.2681611152634698,1.3998902133402154,-1.250709438275182,-1.067799649931034,-0.2664071994773414,-1.0454485909490845,-0.7111404599576767,-0.8252464402583056,-0.6257205539549091,-0.6883556971925142,-23.005664487912934
s531,-49.13757907947241,-1.0621608412689068,0.6491797031892581,-0.9256680431939103,0.4324546461201726,-1.4546514337362622,-0.7492633747415016,-0.13002927242750578,-0.529034349373247,-0.5582749381717423,-0.06544656127666788,1.589637935459633,-0.9088194600200015,-0.4324161530479095,-1.035576489147785,0.24323506042359277,2.3901638584380076,-0.5931276049690055,-0.4327027368627905,-0.5746541250308533,-0.402668050488517,-0.35370725586820484,1.0412015277561828,0.6451590477276327,0.525229995164208,1.3009410225099316,2.246764376482668,0.23130093031302953,-0.9849609619453245,-0.9490852701265043,-0.581818096100022,-0.6124655844858362,0.23567629456525002,0.6368035705013322,1.0455862987638322,0.8063970309728727,0.5793442377682241,0.4253889581143186,0.3699999463504769,0.20001575188176243,-18.466791254192607
s532,-4.891734936042232,-1.0317870207688067,0.6497282476513713,-1.030626169774757,0.1829882930471115,-0.9034681311009849,-1.468070737104796,3.0707275926882582,-0.15684105739617896,-0.12891192993338488,-0.06544656127666788,1.7516113466098462,-0.9088194600200015,-0.4324161530479095,-0.9311050724099119,-0.5609384697647599,-0.5795449505715446,2.6664292331617814,-0.4327027368627905,-0.5746541250308533,-0.402668050488517,-0.35370725586820484,0.5679433651100938,0.8975180838640724,0.4996309157792511,1.2956570403951115,1.0794827369299766,0.11338184286108126,-1.364913237952298,-1.1989769718623338,-0.6620795274344221,-0.6976498694148517,-0.480416393222529,0.6158481643953432,-0.27137138912768305,0.6406093489827372,0.21649603441406187,0.11472142981483478,0.14388666065732658,0.05156413005835766,-18.598177267290172
s533,31.86365219780095,-0.9579161834395027,-1.1030802080988877,0.4695227340883238,-0.8578496337377937,0.429226917652971,0.539331368885064,-0.580710090533533,0.22457857390891994,2.6500208733870956,-0.06544656127666788,-0.6703434559358955,0.8846669440854347,-0.4324161530479095,0.18457357272493854,-0.5609384697647599,-0.5795449505715446,-0.5931276049690055,-0.4327027368627905,-0.5746541250308533,-0.402668050488517,-0.35370725586820484,-1.3601148992847607,-0.6017687601418878,-0.9588236951299958,-0.793461103289326,-0.7166327820079732,-0.936107983016355,1.3414652034405468,1.0012141425920749,0.7108001393225434,-0.055912272335705504,-0.6333672098263232,-1.1061505999199563,-0.25367197962815513,-0.9477460728667899,-0.4917194240778746,-0.06763488623449367,-0.47770880625133827,-0.23721150001478325,-21.34099683522431
s534,56.338664539959424,0.1816571264340558,-1.270342799207387,1.011741512934523,-1.31358790589683,1.214725824014832,1.7810593769453296,-0.8027248869173209,0.9821240290569468,-0.5582749381717423,-0.06544656127666788,-1.2421742124175847,0.578209642158262,2.932115698403767,0.2393895646046233,1.9029904743283204,-0.5795449505715446,-0.5931276049690055,-0.4327027368627905,-0.5746541250308533,-0.402668050488517,-0.35370725586820484,-1.2779768436745758,-0.9454783907479549,-0.9933174096855698,-1.1386713858472601,-0.01947043211683224,-0.3991565338563937,0.682383645466075,1.1633264357106388,0.8811976614411962,0.9980483985942291,-1.0841253041468337,-1.305561938384062,-0.30164815033589193,-1.149817692973447,-0.3464840095376694,0.6203117996946738,-0.36590161943456095,0.1971482267437587,-22.869365113088303
s535,-40.16705471646612,-1.5122921709708972,0.45891757227930313,-1.0779787866788273,0.2474523724359801,-0.759567376080378,-0.9492919909903069,0.43104834856395124,0.022775615047605568,2.557600829432726,-0.06544656127666788,0.8953275865023096,-0.9088194600200015,-0.4324161530479095,-0.9911956160622778,-0.5609384697647599,-0.5795449505715446,-0.0026758948968293624,1.561776642843347,-0.5746541250308533,-0.402668050488517,-0.35370725586820484,0.8586537454352607,0.5131830870536264,0.7319784790121814,0.9503153199786484,0.9965975483734295,1.0968811978539055,-0.4661891790648207,-0.7680780851093144,-0.6657930359499089,-0.7015911468405133,0.28081926657390527,0.5586353014010166,-0.2982531612242863,0.5313124318393867,0.6444667271019874,0.6309645756070825,0.44715786686874703,0.35967362160448174,-17.77040539985326
s536,1.9866787395482124,0.5034183168704971,0.15523193363813928,-0.3028048772966855,0.2217855884627057,-0.8322922616051242,-0.5097832380882611,-0.21319538948348174,-0.4311994950743906,0.07192602481302938,-0.06544656127666788,0.8851723518744138,-0.403137203223356,-0.4324161530479095,-0.32991366534581823,-0.06820267950426256,-0.5795449505715446,-0.5931276049690055,-0.4327027368627905,1.7357770579732146,-0.402668050488517,-0.35370725586820484,0.2848800564915354,0.11636920370846184,0.026125523614663363,0.33246469677162566,-0.7254602547640798,-0.35891127173859055,1.8583993305314426,1.329498385428415,-0.891678858580267,-0.4505467486392725,-0.25070230325862286,0.02936296071888799,-0.28759352221359,0.3753636914625493,-0.4976256571187731,-0.5491898788547329,-0.46861572636881543,-0.4636643109713393,-19.952226782248893
s537,-3.2648198984607744,-0.7245035659895378,-1.0961385083615458,-0.3766818562628768,-1.3123801523959306,1.0497370515359898,0.34776584252814957,-0.4121660715521584,1.353564782400662,1.8887303418307613,-0.06544656127666788,-1.2421742124175847,1.3310386717798295,-0.4324161530479095,-0.6293045439971624,-0.5609384697647599,-0.5795449505715446,0.4201475754514663,1.0341813105603068,-0.5746541250308533,-0.402668050488517,-0.35370725586820484,-0.8327182480406342,-0.7949685129192774,0.063654796338385,-0.4752253056345652,-0.7564085504477002,-0.7137859580888735,1.078826352206115,1.056441837076409,0.8997938392679503,1.1189006759157494,-0.5014991879181915,-0.5867484462847844,-0.13682465138864802,-0.3320492378234573,0.03864541548866511,0.9046973194147945,0.3363927226817409,1.290126831554871,-20.152688206006395
s538,-50.96845973605813,-1.6842779058730182,0.4502526191165466,-0.7518190140561626,0.43266122780130417,-0.2957354688366191,-0.6210121509283664,0.04623387857832258,-0.006397085698834182,2.52393064498522,-0.06544656127666788,0.19364537263469148,-0.7027189769005536,-0.4324161530479095,-0.37110259998030376,-0.5609384697647599,-0.5795449505715446,-0.5931276049690055,2.651212790610467,-0.5746541250308533,-0.402668050488517,-0.35370725586820484,0.6283926258843084,0.42328632428905555,0.6663404936245982,0.21001944595911465,-0.8178602480453777,2.746073304916632,0.24226342079925123,-1.0151732165040053,-1.49698528504198,-1.0009556175114884,0.3083521772856361,0.42031891097088886,0.07564264206932915,0.5645233631410788,0.07297651801887689,0.4518054730952916,0.05200580970256389,0.3167015131787005,-17.401402089925384
s539,11.222660384956354,-1.0098796069223528,0.5467224956822759,-0.9862515749301871,0.05417803096853231,-0.5770665360640554,-1.0173185821569557,0.6639335416442131,0.0683532455649579,-0.5582749381717423,-0.06544656127666788,1.4207631339432227,-0.5617826171203428,-0.4324161530479095,-0.8393569108864696,-0.5609384697647599,-0.5795449505715446,2.9821443306518556,-0.4327027368627905,-0.5746541250308533,-0.402668050488517,-0.35370725586820484,0.5225584677506856,0.3509434724374296,0.32112872739942994,0.8195006909717621,-0.24769926247766244,0.989158544654523,1.0554477883537141,0.7251744594297849,-1.162026098474915,-0.7208122100619784,-0.002625210795648535,0.5348015846665571,-0.30159625344882385,0.4827483827314887,0.2772305355023609,0.3117238343421357,0.19700216673228377,0.19001127207731694,-19.24950405987826
s540,-3.800428980480856,-0.3464696102089688,-1.3442424223313805,-0.7100546909544758,-1.6471838016180216,0.8165530000103493,1.487104212269561,-0.7861665875452801,1.6763214701934752,0.7871394344174478,-0.06544656127666788,-1.2421742124175847,1.9077763359010997,-0.4324161530479095,-1.209520878821628,-0.5609384697647599,2.066622850031002,-0.5931276049690055,-0.4327027368627905,-0.5746541250308533,-0.402668050488517,-0.35370725586820484,-1.3105916687784889,-0.7737287708370627,0.17715826350780597,-0.258177053783303,-0.6299302035016742,-1.191483153938044,0.46339138143249525,-0.6686639261711348,1.3694790027962676,1.458514776691711,-0.39779513030282615,-1.2454992335697643,1.3008017763835698,-0.9274405473184816,2.284263152580097,4.201180965458885,4.004214555970658,6.037146375178657,-21.576431648810043
s541,-84.14844995085475,-1.9061118295977535,1.346937397806114,-1.4996903526488807,0.6509576996412451,-0.3955342949526601,-0.6170714638788224,0.014280702244201865,0.6189503420159254,0.9852350742620629,-0.06544656127666788,0.4281218116698234,-0.9088194600200015,-0.4324161530479095,-1.4243040446097301,-0.5609384697647599,1.346731838985063,-0.5931276049690055,3.802408264109683,-0.5746541250308533,-0.402668050488517,-0.35370725586820484,1.4272208273876412,0.7474291535735653,1.9147138558300276,1.7177056108079687,0.9715105666949712,0.6842277647141738,-1.1482016674634266,-0.7322870336628832,-0.6719157919764265,-0.7080894435347336,0.33110702295231115,1.1137987318914027,-0.22543960207344027,0.9393054300780073,3.1796926371482637,1.4871478828379565,2.3653585763533704,0.8935375141439383,-15.866737935771596
s542,10.023331181667963,-1.0233630262964504,0.31260026311566685,-0.25509025506202104,0.3331451450823457,-0.5540692843995805,0.47977109764715203,-0.6981347121082555,-0.4314343931040053,-0.5582749381717423,-0.06544656127666788,0.9314514701151517,-0.9088194600200015,1.118810111095074,0.14245181054370687,-0.5609384697647599,2.0588855172807023,-0.5931276049690055,-0.4327027368627905,-0.5746541250308533,-0.402668050488517,-0.35370725586820484,0.11111295549357185,0.48893836107809974,-0.11769145738673494,0.23860895027682563,1.2779451173411622,0.1939403898548719,-0.76974940547564,-0.7225334135154213,-0.5969350709002058,-0.628509762458173,-0.15165325411524921,0.23524725055899928,-0.2948079777183468,0.45084208823458144,-0.5309942053724368,-0.522730731019619,-0.5049755911385991,-0.47836046043511055,-20.099071093451915
s543,-40.92555000501095,-0.8971300970444733,0.026990424682397922,-0.5639967445225204,-0.16258151877051588,-0.4756321793603315,1.7327536312002962,-0.9492768493331628,0.39083224820493007,-0.5582749381717423,-0.06544656127666788,0.45126397826510345,-0.9088194600200015,2.977717617712699,-0.7877080948137366,2.682339899920497,-0.5795449505715446,-0.5931276049690055,-0.4327027368627905,-0.5746541250308533,-0.402668050488517,-0.35370725586820484,0.06754884130144675,0.7393964009438627,0.5194054508189063,0.5945310392237367,1.8526784295941505,0.3862713537019952,-0.7389504221254296,-0.6724237788033672,-0.7498612869524268,-0.7908157436091128,0.7461368600311916,0.25774622665835456,-0.2734964440774019,0.3958100990015644,0.050174676712206705,0.20105108349042194,-0.039446839115493626,0.04408475178958462,-18.7906909803376
s544,13.209520416571207,0.2441988730470528,-1.3271408765910813,-0.09782611574696036,-1.6153748914694663,0.9927150221696611,1.6718934888555468,-0.8038225160621505,1.4410997816383073,-0.5582749381717423,-0.06544656127666788,-1.2421742124175847,1.8923039353522033,-0.4324161530479095,-0.7718986368049776,0.9346281565001642,-0.5795449505715446,1.5454596863899743,-0.4327027368627905,-0.5746541250308533,-0.402668050488517,-0.35370725586820484,-0.9853966286127795,-0.6964507211665477,0.37042142350348817,-0.6306007947292315,-0.3858593317942851,-0.807600670303497,0.48465649747884365,-0.5221213942338333,1.4652959998904715,1.5602087316313988,-0.9904626260145516,-1.1224549963049455,-0.1547607652004958,-0.785577398764477,0.299093525070224,1.53851210589663,0.2950198189762181,1.1938009729125554,-22.486146614205413
s545,-15.159361320651003,0.467702027903872,-0.4948511730809828,-0.46577699905949244,-0.9162891078568375,1.4389839518721343,-0.043874097149644055,-0.11575362796670988,1.433581587135809,-0.5582749381717423,-0.06544656127666788,-1.2421742124175847,1.4420582559877242,-0.4324161530479095,-0.390556647780014,-0.5609384697647599,-0.5795449505715446,2.3770914536830445,-0.4327027368627905,-0.5746541250308533,1.5372709609100756,-0.35370725586820484,-0.5519964172681966,-0.489382173458145,-0.23375178929020501,-0.4224141610923551,-0.29014616452723246,-0.870415533238727,0.9879748108395923,1.1151868473858715,1.3806936278250164,1.5683970513040115,0.5684812662805653,0.03453360226433593,-0.2507956657207787,0.07259892161220705,-0.2882797275123502,0.02403610999485448,-0.35193069294242546,-0.18702447212748566,-19.879728622627326
s546,21.726961082432126,-0.7657403671857962,0.14553686806215876,1.0896022650415282,1.2169480606344338,-0.979379976123974,-0.8070381136628184,0.09776223192438277,-2.0048503864949296,-0.5582749381717423,-0.06544656127666788,0.9048093970832629,-0.9088194600200015,-0.4324161530479095,1.9522989548142053,0.11288825195899709,-0.5795449505715446,0.3704117241048205,-0.4327027368627905,-0.5746541250308533,-0.402668050488517,-0.35370725586820484,0.18539712169173234,-0.8372070832151758,-0.9131581102359645,-0.8956264377080275,0.8014359070535445,-0.02399870627495923,-1.074198477938427,-0.885927346182649,-0.7550562732524877,-0.7963293656045013,0.21388254293341627,-0.20836247072058844,-0.28084162644206473,-0.6596635748729599,-0.7383332702334139,-0.9809637043929855,-0.6330289562329272,-0.7253305938857586,-21.264722376943194
s547,-50.516409573849565,-0.14679336399992993,1.5832367804704452,-1.0895279163664984,1.2769743772011568,-1.1441575282951515,-0.2813478197110283,-0.46045203217171105,-0.25140251373893224,-0.15566526770161365,-0.06544656127666788,0.38361911483427663,-0.9088194600200015,-0.4324161530479095,-1.124174355753091,2.4689035660331218,-0.5795449505715446,-0.5931276049690055,-0.4327027368627905,-0.5746541250308533,3.72019223232223,-0.35370725586820484,1.0851862036433786,0.9545605609232153,0.9711344477743986,2.328973121903473,1.6603347344885746,1.054508868659149,-1.1152948309002597,-0.772027259436825,-0.9738651521031423,-1.0168214419687585,1.1455255687903647,1.6244335764980544,-0.29653793801955575,1.4006896472289114,1.4324284334670623,0.8037665192885196,1.1676171526912145,0.5520654300738683,-17.383566216745088
s548,-11.800876246099229,-1.011346865521785,-0.13346456945415883,-0.6612089976068246,-0.591380530311592,1.186637042224208,-0.006125088104478851,-0.18855710520875,1.3303152252104882,-0.5582749381717423,-0.06544656127666788,-1.2421742124175847,0.8765356239012388,-0.4324161530479095,-0.5258170456349327,0.31175546421304967,-0.5795449505715446,1.377256191563987,3.0421093317295713,-0.5746541250308533,-0.402668050488517,-0.35370725586820484,-0.14977793403025444,-0.5903415466742736,0.3277135654644579,-0.2709440884039992,-0.4356258406052544,-0.8720237393786571,1.9469642296212955,1.8886564910058639,0.8356595505531603,1.183086178925486,1.034047779952775,0.3274688210683344,-0.10579422615037155,0.30038994788944956,0.14454140448630887,0.6862291072165971,0.07384352653202851,0.4191798627251075,-19.436257921836432
s549,40.22798698729477,0.07422520403373556,-1.1299376305536422,2.532093725761428,-0.3414032179448616,0.677081004105357,1.8840328768526367,-0.8674883948394784,-0.9656889121593624,-0.5582749381717423,-0.06544656127666788,-0.969873852188209,0.844212363541703,-0.4324161530479095,1.899531032960794,1.1910110067170083,-0.5795449505715446,-0.5931276049690055,-0.4327027368627905,-0.5746541250308533,-0.402668050488517,-0.35370725586820484,-1.3451794770651504,-1.5558172953278233,-1.4233443552511418,-1.6582489639331486,-0.12113755922553705,-0.8370111657822202,0.8381523965467808,1.026076264256012,1.0977427400547277,0.1581563196425026,-1.8663993763683295,-1.3252835744563982,-0.20567441252609803,-2.167908119331683,-0.6661080598099012,-0.46467514584749436,-0.6039165568383135,-0.5499807775783946,-22.332029630061292
s550,81.0395207209991,0.37537282372022374,-1.375410757519768,2.293789630213461,-1.027406154983573,1.3829283173676368,1.1015990356551901,-0.6379158394536377,-0.1890537935274549,-0.08547345015254522,-0.06544656127666788,-1.2421742124175847,1.1777852206566832,-0.4324161530479095,1.4734994954706235,-0.5609384697647599,0.8595989409842264,-0.5931276049690055,0.004583118116389737,-0.5746541250308533,-0.402668050488517,-0.35370725586820484,-1.284420416194995,-1.814266408045359,-1.385671247913959,-1.6258841120284293,-0.6520361658003287,-0.9302794537063729,0.6956439471782324,0.188055178490829,1.4329839698616087,1.525914835710883,-1.5202315635843753,-1.5890543219971596,-0.2917862971731203,-1.9786796604857104,-0.7484611482721701,-1.0027742891082847,-0.6401712093718196,-0.7494982896111125,-24.12763530103872
s551,-50.429816404742496,-1.6818438549242871,1.4155939518072498,-1.3648387764923258,0.7066954629496854,-0.5780239296657081,-0.542680403344278,-0.11674776265132783,0.3512259498346663,-0.5582749381717423,-0.06544656127666788,0.7324696669855085,-0.9088194600200015,-0.4324161530479095,-1.2625686128987426,-0.5609384697647599,2.744778867422865,-0.5931276049690055,2.934298509523705,-0.5746541250308533,-0.402668050488517,-0.35370725586820484,1.493762750456572,1.0349170823127438,2.1971186254082684,1.4667251299767141,1.4083143402799272,0.3300525091578676,-1.1272179998073808,-0.7590976178787333,-0.821007574502063,-0.8663258052851784,1.4552831393421306,1.308946548056138,-0.008232415664282634,1.148439091984233,2.1847309836428734,1.2003525334615415,1.669860730537712,0.7506536284387173,-17.318231038566054
s552,13.15678940779773,-1.013338165698931,-0.789017682589722,0.5351529543964471,-0.37260409413505563,0.021755958198435118,0.06419123986002204,-0.43669821447968576,-0.32059669011185365,2.40322888788257,-0.06544656127666788,-0.19137410435294228,0.3497674902294274,-0.4324161530479095,0.492386450203169,-0.5609384697647599,-0.5795449505715446,-0.5931276049690055,-0.4327027368627905,-0.5746541250308533,-0.402668050488517,-0.35370725586820484,-0.5081152286603541,-0.8991269531497237,-0.7338556025438409,-0.7095077201952886,-0.8110914122046222,-0.777166068144853,0.8559991594594604,1.5580905414348862,-0.031347071718081265,-0.26188304537943247,-0.40888999436965995,-0.8558969515299549,-0.24314802671707528,-0.8446954455968909,-0.5843838825782989,-0.4096035128794763,-0.5126468195137158,-0.34381852334041496,-20.6092340204543
s553,-2.1846979127529114,0.8596357356772927,0.3106051437806556,0.004077400761925551,0.52043693255079,-0.7853140048140601,-0.6712794434104734,-0.028199059009113216,-0.7706423591975012,-0.5582749381717423,-0.06544656127666788,0.9772602305478754,-0.5640011174859114,-0.4324161530479095,0.2393895646046233,-0.5609384697647599,-0.5795449505715446,-0.5931276049690055,-0.4327027368627905,2.379321816709507,-0.402668050488517,-0.35370725586820484,0.342352632143896,-0.3985580819143716,-0.23748403379471267,-0.04907656208656746,-0.18832527743655478,1.8384994199919316,1.064887204420235,0.7544411266412473,-1.2079537973892698,-0.7558463450089398,-0.13975200809895807,0.03102372118950658,-0.2953621355103086,0.3447370536973128,-0.5441032779006619,-0.5327104016484288,-0.4647173361716407,-0.3808560499880298,-19.928696809429145
s554,-39.90223873279137,-0.2337543651523618,1.1842390799090643,-0.6898530065210271,1.0010491277320013,-0.773178864610901,-0.9014296479958,0.3288217767907484,-0.5121235884030746,-0.5582749381717423,-0.06544656127666788,0.6985148468784707,-0.9088194600200015,-0.4324161530479095,-0.20267488603799655,-0.5609384697647599,2.1217513458768886,-0.5931276049690055,-0.4327027368627905,-0.5746541250308533,2.4650472671923453,-0.35370725586820484,1.551827504240125,0.3312750245497578,0.5542912422926303,0.4201930003930374,0.7210231081132373,0.6274820694245398,-0.9304684113997873,-0.7191563299633967,-0.8508275326621818,-0.8854806925911365,1.0564060209559583,1.066065390038247,-0.30153474533842317,1.1384914062812879,-0.03088308842065155,0.16800875576836036,-0.12099927124844005,-0.007362857061189991,-18.129218540319194
s555,-32.841011766104174,2.750728328642523,-1.0208263560056787,-0.2995073275486861,-1.3434479389869662,1.0357435328234645,0.9993522605431131,-0.6493076630688732,1.606951729168884,-0.2527229561185197,-0.06544656127666788,-1.2421742124175847,1.7132366863329755,-0.4324161530479095,-0.920621234982613,-0.5609384697647599,-0.5795449505715446,-0.5931276049690055,0.2266965682645447,2.8482068868270245,-0.402668050488517,-0.35370725586820484,-1.2435233981620415,0.12379221515312726,0.009929675213511131,-0.29339173013159775,0.023101923941382302,-0.03254949239547074,0.702503378389012,-0.1663645929667346,1.5267103861157671,1.6253899835475225,-0.5062367882765211,-0.6574962130439567,0.24864050112784208,-0.5477133586828242,0.49257374446007585,1.3920514843005325,0.5698682293701114,1.2572037404977539,-21.02602816640752
s556,-30.60445493402127,2.3180164467044277,-0.005097858981551023,0.6051674217391111,0.30133117636791784,0.6171648502313464,0.3038497689820866,-0.4575234668657496,-0.1868482898143467,-0.5582749381717423,-0.06544656127666788,-1.058009717576461,0.7328156924792535,-0.4324161530479095,0.8457021008738334,0.031508213103470885,-0.5795449505715446,-0.5931276049690055,-0.4327027368627905,1.0226810138361564,-0.402668050488517,1.9950422025114747,-0.13942352463197252,-0.8187139820565479,-0.651492336428887,-0.5282553103660207,-0.41089382092725,-0.9059213068556293,1.1158035878627306,1.809912876697276,0.5408835293912676,0.05026829250070483,0.539785465834449,-0.03516384727832811,-0.29313409230271187,0.23406259486477632,-0.6636341846807502,-0.7491868013248414,-0.599865296234273,-0.6376737901801596,-19.4182068668375
s557,9.570126013957541,1.585455341637092,-1.227606281905346,0.33873944722330657,-1.46037631646281,1.2828194042711438,1.1705108204945225,-0.6671022685959638,1.4839063000199963,-0.5582749381717423,-0.06544656127666788,-1.2421742124175847,1.082615587843019,1.9304221649082807,-0.35234559837000035,0.4739683939797445,-0.17573453374260464,-0.5931276049690055,-0.4327027368627905,1.0024615816985996,-0.402668050488517,-0.35370725586820484,-0.9785938597240099,-0.803152098451029,-0.5173506007756387,-0.7940922092396154,-0.09144784232507988,-0.561515274418956,0.5293258466367131,0.02319519382091348,1.3097337994327685,1.3951050873571904,-1.0174058992000596,-1.1083355142030662,-0.2947133008692922,-1.0056092141372837,-0.05781368307102684,1.074244413277764,-0.05412276627647494,0.7608679694978583,-21.907182111841642
s558,-19.368862256661085,1.6113044554259892,0.9770673236475599,0.26694299535403865,1.5169728277474637,-0.4585615759681362,-0.9557398398835861,0.5589166928442274,-1.1553396464206485,-0.5582749381717423,-0.06544656127666788,0.14864222081140419,-0.547502632197199,-0.4324161530479095,1.1380570984637253,-0.5609384697647599,-0.5795449505715446,-0.5931276049690055,-0.4327027368627905,1.3513193438422877,-0.402668050488517,2.221809708318809,0.7230384166021243,0.16832618657590642,-0.45156336599712577,-0.07058276035466376,-0.27917032527380753,2.15486767383627,0.9987194609667159,0.547729625646228,-1.2453091725635268,-0.9602323294356476,0.9131695156249544,0.6763724769868851,-0.18724382359186187,0.8560787576906632,-0.7242003852781537,-0.9720461770413049,-0.6265837290657648,-0.7203155432134555,-19.093044072135363
s559,8.196000005474804,-0.6053888377104792,-0.03852511428574328,0.5559776551311678,0.2252098552259232,-0.05428211894499954,0.44402130931917355,-0.6145587853467732,-0.7669444811288841,-0.5582749381717423,-0.06544656127666788,0.722647107246987,-0.9088194600200015,1.2437904262155988,1.106261610595773,-0.27033073669906377,-0.5795449505715446,1.0690919011109596,-0.4327027368627905,-0.5746541250308533,-0.402668050488517,-0.35370725586820484,-0.10375235698377389,-0.2818914763260921,-0.6650347775798221,-0.5743638972566697,0.3815782027173752,0.013706668050666468,-0.5890340153725265,-0.8064430725181327,-0.6721874365039334,-0.7083777494426378,-0.45046099278972757,-0.2265409488998447,-0.2980231093785287,-0.2246351744937845,-0.71816662038845,-0.9217536809853588,-0.6168579536887991,-0.6797962267837921,-20.23025085829861
s560,50.175323591557046,0.5753256926489,0.48839438963739573,-0.5013128026867458,0.32240098563618724,-1.0548196010279949,-1.2811578780158797,1.4058920121856493,-0.551702184266885,-0.5582749381717423,-0.06544656127666788,1.5539679163840636,-0.9088194600200015,-0.4324161530479095,-0.4702283666378427,-0.5609384697647599,-0.5795449505715446,0.4609018940028132,-0.4327027368627905,1.8015469079944506,-0.402668050488517,-0.35370725586820484,0.476378982145734,1.5386518067248502,0.3873654949243285,0.6890746330290262,-1.3484883957954783,0.27386522784372996,-1.3592244947382937,-1.1120927977198878,-0.6408015642342809,-0.6750668173833205,-0.00937049588748006,0.35467362353408016,0.30433211868413723,0.5508093217117233,-0.6088541512976522,-0.818464419890923,-0.5845379057263476,-0.6752735016585667,-21.07002513254548
s561,-20.45542032462276,0.7955218522492659,-1.5634773100414803,-0.2949169850862168,-1.7387196542650722,0.8196793478595923,1.2431998263821693,-0.7345171128275498,1.4946504291763394,2.4380189475131635,-0.06544656127666788,-1.2421742124175847,1.7525097739876019,-0.4324161530479095,-0.9894545740620746,-0.5609384697647599,-0.5795449505715446,-0.5931276049690055,-0.4327027368627905,0.5019638320028581,-0.402668050488517,-0.35370725586820484,-1.5422818517628687,-0.3736422088094263,0.42872160408106386,-0.30260618580247206,-0.7878184877871124,-1.0399448604904988,0.3385280500525031,-0.8116797667368518,1.324489232952481,1.4107655488303668,0.098945128488293,-1.5189159803791854,-0.27082579262949247,-1.1915996976083993,0.5439045382436434,1.9469192545351623,1.1129524096305028,2.6753155342403976,-21.215593867567932
s562,-30.726978387692792,0.1428113305974973,1.243612759483512,-1.052580300084184,0.653456288562002,-0.6514331793824233,-1.2934056484511738,1.7236526005113582,0.0094612768615638,-0.5582749381717423,-0.06544656127666788,1.1404539395894535,-0.9088194600200015,-0.4324161530479095,-0.8787000526212919,-0.5609384697647599,-0.5795449505715446,1.5135197463242234,-0.4327027368627905,0.6575758392379828,1.80600710101724,-0.35370725586820484,1.1954873925948082,1.1874269783706595,1.0241770210162373,0.9810405921411999,1.1153505175519836,0.5177215335471447,-1.0546214620453265,-0.795875096166897,-0.6996739134273409,-0.7313562700420787,0.14196382399154012,1.2030128788848136,-0.3015809665740167,1.0572700596452447,0.2754658526620229,0.08334690791378793,-0.07472910270823926,-0.22161131833269965,-17.64234380631898
s563,-65.57409145122551,-1.2117351946113049,0.2412322987432059,-1.0972151658372762,-0.5000122340521959,0.9186343486469595,1.065123040079941,-0.6803594839525874,1.6341373237065575,-0.5582749381717423,-0.06544656127666788,0.4378840998950705,-0.9088194600200015,4.338101797096939,-0.8004276352053991,-0.5609384697647599,-0.5795449505715446,2.2171954381629875,-0.4327027368627905,-0.5746541250308533,-0.402668050488517,-0.35370725586820484,0.7619327946428401,0.43332587835987335,0.4139282691556254,0.8733700254082214,1.1224096908750374,0.5324782105759708,-0.6097766929742332,-0.6656004656016298,-0.8902831505846956,-0.877447819797744,-0.44801894888422134,0.6539211581960839,-0.16249628516711778,0.0003247448389068508,0.3437514060490146,0.5577767663278899,0.21348219196179216,0.3111136800445341,-16.46928563220792
s564,-31.857800806157332,-1.368497907196671,0.9795697888292823,-1.3380868943256363,0.4965298117506169,-1.3661560008239368,-0.8748445060632367,0.07401256321145197,-0.17662460324124094,-0.5582749381717423,-0.06544656127666788,1.758172349369056,-0.9088194600200015,-0.4324161530479095,-1.5049771103222378,-0.5609384697647599,3.4713785960298846,-0.5931276049690055,-0.4327027368627905,-0.5746541250308533,-0.402668050488517,-0.35370725586820484,0.6564781689890735,0.9788741963614831,1.4380096562329072,2.167094553154763,1.8953093598660637,-0.35237962584833016,-1.127382872021995,-0.9489761316938666,-0.48504898067517205,-0.5097611128158156,0.6431186887697131,1.0224871347265747,0.18704648696824458,1.0845325290018626,3.2204428790534374,1.4284681282859872,3.2382389182654943,1.3030274021652686,-18.6344957171948
s565,22.38454478886926,0.7020222893515279,0.6839343897320467,0.2687232348091172,1.2146928107434902,-0.5535679926068998,-1.1538062015849417,1.1070140094544214,-1.2195584286803671,0.0051331067849316,-0.06544656127666788,0.4547219348654765,-0.9088194600200015,-0.4324161530479095,1.109814036637551,-0.5609384697647599,-0.5795449505715446,-0.5931276049690055,-0.4327027368627905,0.8278840456816431,2.0107135784738714,-0.35370725586820484,0.4178912252187303,0.37520971217895843,-0.5190797155495375,-0.12214262076793661,-1.4367364958510846,0.3275007903852769,-0.744615171394171,-0.642984428971688,-0.8319317767648922,-0.8779200460395195,0.03871308888761655,0.4268116931963268,-0.2800848720553537,0.5519250971829183,-0.7262824590781218,-0.9725190502270534,-0.6344870966566847,-0.7390879872641648,-20.28655126138008
s566,-32.114391144974924,1.3081125114203795,1.0739590428112846,-0.18110681788651373,1.1643985842072853,-0.44884878800821437,-1.0882559379167858,0.9253748590892502,-0.7521414477418028,-0.5582749381717423,-0.06544656127666788,0.381386563728804,-0.9088194600200015,-0.4324161530479095,0.5032824812643453,-0.5609384697647599,-0.5795449505715446,-0.5931276049690055,-0.4327027368627905,1.651720072947501,3.0178465646752666,-0.35370725586820484,1.0971474003644168,0.8267573838248179,0.29310907524905866,0.1745179061413612,-1.490833618550393,0.6309753173178969,-0.2766581635205547,-0.420984535275037,-0.9382277668364292,-0.9385513940992174,0.412278016326606,0.9970858817748232,-0.18274353330537213,1.070591800345079,-0.6141548842233645,-0.7342086285447225,-0.5784330957311827,-0.6322546120297606,-18.210027860932996
s567,20.86320804294101,-0.9752731584472618,-0.2837161280317923,0.8089218884806536,0.5062166373090494,-0.5907202776830717,-0.6264981720355375,-0.027700840808114628,-1.2884085347900789,1.5115933273500886,-0.06544656127666788,0.5255821584263468,-0.47744893271676986,-0.4324161530479095,1.2430526933436281,-0.5609384697647599,-0.5795449505715446,-0.3359954086472514,-0.4327027368627905,-0.5746541250308533,-0.402668050488517,-0.35370725586820484,-0.14232424083500117,-0.4426149057855705,-0.8741176923352316,-0.6924457142341047,-0.7233791106904796,0.9400736640143904,1.2276243764553803,1.4104332120722067,-0.8890072436119079,-0.6300034010360492,-0.5438273327556465,-0.560946802872572,-0.21555976631884316,-0.6845950917047504,-0.7453373240988627,-1.0169279909310458,-0.6383768602662019,-0.746398367712485,-20.669437388632872
s568,23.36835574254028,0.1231650446517441,0.3710570583925653,0.5270827976044381,0.8855495998325301,-0.1980986184955166,-0.7286174518270052,0.22153065562812674,-1.0993097674172045,-0.5582749381717423,-0.06544656127666788,0.3305951095969133,-0.7228213885545687,-0.4324161530479095,1.2845118058417286,-0.5609384697647599,-0.5795449505715446,-0.5931276049690055,1.477281457299146,1.266609039968557,-0.402668050488517,-0.35370725586820484,0.12289064280108858,0.09792231586575001,-0.6498561447026762,-0.3972996348331428,0.19052229458743597,4.135402963717378,1.2879097973697076,-0.12258948654265779,-1.429871176804056,-0.8868628508427908,-0.29784378290664154,0.029143713402816733,-0.22962845215173583,0.24132303252569393,-0.7135291828465327,-0.9131327169572611,-0.6252848973779028,-0.7089602706009656,-20.626294150986997
s569,21.71901890131003,-0.24141431584897569,-0.2728088640909214,-0.2889669246677699,-0.6292678421258822,1.4084425420357867,-0.3261067243541389,0.12649122843323643,1.1503523572859973,-0.5582749381717423,-0.06544656127666788,-1.2421742124175847,0.868009175626251,-0.4324161530479095,-0.10730546168383066,-0.5609384697647599,-0.3650842922220572,0.9073143876849952,2.8255055943546306,0.27099388966344595,-0.402668050488517,-0.35370725586820484,-0.43823772297154945,-0.9892904994284223,0.13711416458348802,-0.6040299925635715,-0.47494506327188885,-0.819861183445024,1.6020169365474006,1.4520928295317632,1.5566280711536533,1.7026821187183794,-0.03972424228807682,-0.12227184807956336,-0.28583638184849214,-0.09283664432535589,-0.2884763636002736,0.11457554271087882,-0.269105720806887,0.03686913626884856,-20.65075063553067
s570,18.311810635503505,-0.5455539872124688,0.13147181776208824,-0.2646929669701203,0.48356357529153027,-1.1821594758565996,-1.2762440027918716,1.3032683697860308,-0.8784314527570336,2.7434663824616248,-0.06544656127666788,1.0247923788124127,-0.9088194600200015,-0.4324161530479095,-0.07183754268896599,-0.5609384697647599,-0.5795449505715446,-0.5931276049690055,-0.4327027368627905,-0.5746541250308533,-0.402668050488517,0.40491275816808914,-0.03348642499426921,0.6729202042539598,-0.3017547754251703,0.32986601355224415,0.8925047518466842,0.35069379097568487,-0.8259121468512736,-0.9659640771048754,-0.6405451836559836,-0.6747947116425077,0.032099663282564875,0.17406322450224093,-0.23285907284936103,0.31603542391511236,-0.6215607977522176,-0.7591087978374309,-0.5814641739441938,-0.6410085983581122,-20.316349425773893
s571,22.164941056643453,0.08148984804463694,0.4882133915681211,-0.3517246111903464,0.5260750654697235,-1.2006287794590438,-1.0857313475640462,0.5820636560570833,-0.8221338794527304,-0.5582749381717423,-0.06544656127666788,1.4330573968534754,-0.9088194600200015,-0.4324161530479095,-0.19452228690614548,-0.5609384697647599,0.9195632697990501,-0.5931276049690055,-0.4327027368627905,1.1277688519195124,-0.402668050488517,-0.35370725586820484,0.6451488453841228,0.6117445450048196,-0.07612095749718045,0.5309561393435158,0.9136268211723727,0.25332148621883294,-1.3675453167060345,-1.028612623721503,-0.6179262209137141,-0.6507884095494318,0.02917965761318612,0.40537639305581835,-0.2586823769892042,0.5940006579251302,-0.549346906911952,-0.6584527794989823,-0.5465665807897124,-0.5982140623652382,-20.4720627133513
s572,81.27922296972034,0.5236640858265718,-1.3954289796873787,1.9757251760331227,-1.3761661714854105,2.3498612989444827,0.11556132217640094,-0.07067716701053334,0.6879750608422578,-0.5582749381717423,-0.06544656127666788,-1.2421742124175847,0.7673360578355463,2.115509229411243,1.3289470555365281,-0.5609384697647599,-0.5795449505715446,1.0457897585023619,-0.4327027368627905,-0.5746541250308533,-0.402668050488517,-0.35370725586820484,-1.5021950567076097,-1.2768764351475874,-1.3446110781723333,-1.4770910095299903,-0.369580171914274,-0.6309678165069933,0.8866048102237124,0.33241523148760577,1.4093410922097085,1.500821816648586,-1.628669882923932,-1.5161330246736506,-0.2955757971012849,-1.714476173954676,-0.695587737533784,-0.675389087955599,-0.5925869662160513,-0.4994922182260249,-23.93038589894997
s573,-14.743399706678249,-1.2163651070415673,0.645955977709762,-1.1373412474348876,0.2923265199099268,-1.1992225562458247,0.2114428089986685,-0.7049054676817061,-0.008208730544573002,-0.5582749381717423,-0.06544656127666788,1.3066838106597116,-0.9088194600200015,0.7099597779101017,-1.3974414487329438,1.245335021491637,1.5401243470687382,-0.5931276049690055,-0.4327027368627905,-0.5746541250308533,-0.402668050488517,-0.35370725586820484,0.41172141144493907,2.0048890692644665,1.477131875072631,2.296630742144916,1.6931834020336596,0.14807561518293644,-1.088535605254286,-0.9325909369255163,-0.7750964980698111,-0.8175987622810683,0.3498703163151897,0.875809623899243,0.2991187526654737,0.8798548626182552,1.6358758968498524,0.7886588653897479,1.859627195882939,0.886172024800052,-19.261095010903666
s574,26.61960574515483,-0.5032203630009794,-0.2875332345277821,0.6433661729734986,-0.22816743000183756,0.8597588333653782,1.0018465994756074,-0.6703329624198311,-0.07936292629585061,-0.5582749381717423,-0.06544656127666788,0.2887452336683856,-0.9088194600200015,2.9016674463544305,1.1297401729816225,-0.5609384697647599,-0.5795449505715446,1.0660149830618606,-0.4327027368627905,-0.5746541250308533,-0.402668050488517,-0.35370725586820484,-0.18024502184705418,-1.1750682966953738,-0.6662906530178088,-1.0110142691702173,-1.4751998384647615,0.2691134171041835,-0.9118108579707314,-0.642956530184335,-0.7245947499696349,-0.7517153101161268,-0.4706223528377342,-0.46038728211343855,-0.2928959724626631,-0.5636823371658204,-0.7239359183105855,-0.9326343833833851,-0.6274666521423851,-0.7096901980448588,-20.858942903697127
s575,12.618809470289811,-1.397292781429235,-0.5891931606268451,-0.8118136902678204,-0.5679822001950104,-0.4056771413707781,-0.11540717075510432,-0.41365237085936646,0.3684781388177286,3.5646029373156334,-0.06544656127666788,0.22405849650982346,0.22305455066811614,-0.4324161530479095,-0.9561447379296804,-0.5609384697647599,-0.5795449505715446,-0.5931276049690055,-0.4327027368627905,-0.5746541250308533,-0.402668050488517,-0.35370725586820484,-0.48463599637574706,0.9939366581842685,0.4723278396479061,0.753165040714431,-0.764661224021871,-0.6724777779363534,-0.09182315968897072,0.7969290238379633,-0.5398013441504009,-0.5040140860470247,-0.1350868304465658,-0.35636104391761636,0.17986417628553336,-0.06150915580684442,0.19077324655228464,0.50017169668627,0.6739543193646751,1.0844354875560471,-20.219734428130064
s576,-35.73686126615431,0.1092694995025712,0.7385589916003236,-0.0308962315212083,1.1337426327697817,-0.8129099192670645,0.10260947641566338,-0.5982277453832527,-0.8858553085773807,0.05575296834669553,-0.06544656127666788,0.3766449147833694,-0.9088194600200015,0.7662586874262141,0.4947429124230978,1.0820380727731664,-0.44871368770283815,-0.5931276049690055,-0.4327027368627905,-0.5746541250308533,-0.402668050488517,1.4740789767806435,0.5329827287581973,0.017843920087070368,-0.22754698312958313,0.17048854051374965,1.0352895241968703,0.3731705002468798,-0.6919227303765999,-0.5772835379676586,-0.8509840418513631,-0.8758564171926057,1.2356036513369781,0.6096903201700411,-0.2806712263831676,0.8297261260209776,-0.6372221303850537,-0.7681887775913441,-0.5940594303849017,-0.6566737327253168,-18.447141795219018
s577,-25.39747960401681,-0.8462390341729231,0.03632524728984165,-0.08493129123458787,0.16954527941871494,-0.6133407918592649,-0.18188256924929447,-0.41369176058265394,-0.5673534721579423,-0.5582749381717423,-0.06544656127666788,0.6508728124647195,-0.21918277495182134,-0.4324161530479095,0.15168397759712748,-0.5609384697647599,2.292171399245222,-0.5931276049690055,-0.4327027368627905,-0.5746541250308533,-0.402668050488517,-0.35370725586820484,0.09554694420550945,0.37793802066861637,-0.25563855933166,-0.07469812293480142,-0.5725936860581767,0.7542936767683555,1.4961260095872122,0.9690748453502872,-0.9664498289707205,-0.6271704127332727,-0.18442772904786187,-0.00020919451675893315,-0.29845069086261494,0.23724268796128584,-0.4973475858833259,-0.39241700515519257,-0.43199052833171997,-0.296224482879905,-19.499775094639595
s578,25.964699841008144,1.5185669419620837,0.11031663790504166,-0.5812771081549256,-0.127598087122621,-0.4348870160159698,-0.2695863653400096,-0.3184917449514064,0.2346571761753399,-0.5582749381717423,-0.06544656127666788,0.6524457638771686,0.019957054471293922,-0.4324161530479095,-0.8278711929564703,-0.5609384697647599,-0.5795449505715446,-0.5931276049690055,-0.4327027368627905,3.1781212012229654,-0.402668050488517,-0.35370725586820484,0.6300077396583179,0.23309244565061446,0.5211024389287857,0.8449194118646526,-0.30304198851072245,-0.7360729374982548,1.4347034737489612,1.8373644767340547,-0.02275397585321854,-0.25423283040092354,-0.29801233894791773,0.1112917311116413,-0.16882847725165714,0.412597298765203,-0.31840874587305407,-0.41539170607762466,-0.4105931162006252,-0.46547725186083183,-21.081981538926428
s579,22.586735664848092,0.06997605214812253,0.5548516094920765,0.3006299962023462,0.9406586673434525,-0.315440089169686,-0.8282042782616826,0.34933222675420533,-1.028282361415127,-0.5582749381717423,-0.06544656127666788,0.45315735727973094,-0.9088194600200015,-0.4324161530479095,1.0618402735378956,-0.5609384697647599,-0.5795449505715446,-0.5931276049690055,1.8973861538515913,1.3605788316734084,-0.402668050488517,-0.35370725586820484,0.36460487085450694,0.1443932320514964,-0.6648394888515325,-0.2812607020001533,-1.5840441793269642,0.4938191635016871,-1.0610238149002544,-0.5920937219277622,-0.7748276351512388,-0.809810998323665,-0.1769472898328982,0.3056060880609741,0.003586951923294351,0.4515187161428441,-0.6929374098021014,-0.864688523522424,-0.6205658887641653,-0.7013933227206832,-20.29210259566103
s580,34.54497893043789,-0.8477808617505085,-1.54971626094662,-1.1265286403817913,-1.910915864696431,1.2163022802068832,1.13649522609105,-0.6656504373560559,2.4065319710976434,3.3826238539792715,-0.06544656127666788,-1.2421742124175847,0.9493305649545491,2.758590630474566,-1.4223550711181074,-0.5609384697647599,-0.5795449505715446,-0.5931276049690055,-0.4327027368627905,-0.5746541250308533,-0.402668050488517,-0.35370725586820484,-1.8497370020496988,0.8575255033640187,1.1020740458864886,0.6532922250363021,-0.9186775964669615,-0.3823568105082577,0.3320798275988479,-0.499012014522488,1.0016444762336723,1.0681190337240927,-1.4130665138648695,-0.9104617707244528,-0.219462465112482,-1.52356250872757,1.5599028628794571,2.383482742670057,2.2588261186342025,2.892422269639224,-21.952047105112435
s581,11.23650550734267,-1.0702189251113043,0.17388967887081624,0.6419811538025376,0.957279305943114,-0.5749020863955336,-1.0425429562236046,0.7331237525663121,-1.4570458823336014,0.8380817881025705,-0.06544656127666788,0.6096093254117195,-0.9088194600200015,-0.4324161530479095,1.4659044834296553,-0.5609384697647599,-0.5795449505715446,-0.0975152887426193,0.7870151487872544,-0.5746541250308533,-0.402668050488517,-0.35370725586820484,0.42275960893948605,-0.4429647593025621,-0.9046007049653128,-0.4588799815057596,0.9647458915390975,0.20390301395649213,-0.7230116315956518,-0.6987932754059809,-0.8094499689243065,-0.8540593112759841,-0.7063941610049763,-0.13066475708857286,-0.2930587594065671,-0.1510908536271052,-0.7374620976919812,-0.9896838030503337,-0.6347067959628175,-0.7349659863622332,-20.000782911733587
s582,51.37106295638332,2.0945478778817685,-1.3731440118570222,0.6960806265629946,-1.419599221828235,1.0777251431999417,1.2702524598172777,-0.7133885064413769,0.963431248189558,0.619081322950767,-0.06544656127666788,-1.2421742124175847,1.6458811156009723,-0.4324161530479095,-0.10177712247040606,-0.5609384697647599,-0.5795449505715446,-0.5931276049690055,-0.4327027368627905,1.535586792371435,-0.402668050488517,-0.35370725586820484,-1.41852108035882,-1.2125594403492719,-0.6435658607924436,-1.0706194048117577,-0.8712665991879389,-1.1981948595919363,0.2268321170129239,-0.5461174203223831,1.4381113798574623,1.531356736593698,-1.1900744377639523,-1.4728395954058258,-0.3001481323980691,-1.2247087787640099,-0.3142029184369152,0.5650592537111884,-0.28162859308520244,0.36115193147899777,-23.542474224134143
s583,-5.026125075214825,-0.6503812999348904,0.609405670980628,-0.8748083115331449,0.1889003918512736,-0.9231871114260487,-1.416751011386327,2.4762016716520416,-0.26781675842059477,-0.5582749381717423,-0.06544656127666788,1.7204945009394812,-0.9088194600200015,-0.4324161530479095,-0.7776010622688112,-0.5609384697647599,-0.32351747922735313,2.2728851899880747,-0.4327027368627905,-0.14391206511165971,-0.402668050488517,-0.35370725586820484,0.506952364274675,1.5855875217716147,0.4136051538124454,1.3086279223156505,1.5073861101899744,0.36102657900830887,-1.4302279843819,-1.055489276052778,-0.6089641077935606,-0.641276603132568,-0.011599541833226075,0.5581420190155483,-0.16660590086305999,0.627324989222345,-0.15992552112036681,-0.2503060742186434,-0.2577015170199347,-0.3111373652484489,-18.817176700986717
s584,12.219923256578387,-0.3195094846007143,0.01975612503742783,1.1990489038618992,1.1922209774717218,-0.7867127200281002,-0.9301949311989631,0.3809542672830212,-1.9081814402955137,0.16269041274035603,-0.06544656127666788,0.7121162942848174,-0.7762435874515926,-0.4324161530479095,1.9920231207038517,-0.5609384697647599,-0.5027367091682872,-0.5931276049690055,-0.4327027368627905,0.3137513735524835,-0.402668050488517,-0.35370725586820484,-0.007519943603201468,-0.7189962388965355,-1.0641837543371298,-0.9262715750639936,-0.47579594422218924,4.040423218384129,1.1406716485189035,-0.5800963259535447,-1.480972499772592,-0.8881374411575061,-0.9457961158126388,-0.3330320664049501,-0.24793864649497213,-0.8703351425925138,-0.7562853813222531,-1.0604554878239953,-0.6416911164505895,-0.75797284305636,-20.792149813835717
s585,25.010753142932355,0.5759435398584966,-1.4295312575531909,2.681420850958287,-1.0795974219824074,1.8167906262696205,1.1432244134966132,-0.6013186412456206,-0.22938276848440825,-0.5582749381717423,-0.06544656127666788,-1.2421742124175847,1.3136852735553786,-0.4324161530479095,1.7979039242060766,-0.5609384697647599,-0.14551742772139148,0.6721260594713719,-0.4327027368627905,-0.5746541250308533,-0.402668050488517,-0.35370725586820484,-1.369602047984655,-1.624583279712533,-1.451004572340376,-1.724107847424978,-0.3506743991973081,-0.944503694566447,0.5842185798672561,-0.04784915342184548,1.4229181497368206,1.515231626163053,-1.9528692739079887,-1.626033219453837,-0.24110459703865128,-2.122967716004355,-0.7290407631247987,-0.8549859460935841,-0.625099154268834,-0.6574233830193071,-22.14462266832296
s586,-71.25085743712827,0.12561092257941994,0.9331303319605537,-0.6148473733120615,0.9344780978156877,-0.5094240177062451,-0.33643302154274773,-0.2846856915766427,-0.20860748699154416,1.680705968618255,-0.06544656127666788,0.35976301318714726,-0.9088194600200015,0.9471850776154247,-0.17301330196253775,-0.5609384697647599,0.0022366226105755838,-0.5931276049690055,-0.4327027368627905,-0.5746541250308533,-0.402668050488517,2.0846373566229186,1.1349382782502535,1.5408620384834648,0.0828113334402367,0.8884933650895547,0.6398272590121766,0.8804791052984514,-0.35986316432579085,-0.4050553798888299,-0.8816098202613236,-0.837785552525684,2.049920542157114,1.4088732169440017,-0.2646123649729027,1.394794879009455,-0.47520199269231106,-0.5584633170554211,-0.48202438069801934,-0.5122641780069757,-16.711247094795958
s587,-58.75985355371041,0.940825904655949,1.9883926819171287,-0.31769675632650346,2.2876233497055227,-0.9679274832153815,-1.1559694112721803,0.9109342780578182,-1.205998436424447,-0.5582749381717423,-0.06544656127666788,0.18953956502162198,-0.9088194600200015,-0.4324161530479095,0.6690682812220635,-0.06599310196946218,0.8918667412433245,-0.5931276049690055,-0.4327027368627905,-0.5746541250308533,-0.402668050488517,4.006751379868062,1.7269252603566998,1.3165517784586591,-0.08715570248888915,0.6372710516743691,0.9835528871077197,0.2225520497359895,-0.6908464725740905,-0.60993131672855,-1.076043633788077,-1.0522415616515335,2.021660372968217,1.8836896940127994,-0.2951093529097191,1.8190297167487335,-0.536061742364691,-0.606213649944176,-0.5321324179421981,-0.5633122565592225,-17.229244621324597
s588,36.31406637365636,0.1359778667639051,-1.311240708200926,0.22737010750290912,-1.4988472325749103,0.9933177594628815,2.0401616779630904,-0.8635546542816029,1.143566047335831,-0.5582749381717423,-0.06544656127666788,-1.2421742124175847,1.7881525762287747,-0.4324161530479095,-0.38707891402034683,-0.5609384697647599,2.675661470804604,-0.5931276049690055,-0.4327027368627905,-0.5746541250308533,-0.402668050488517,-0.35370725586820484,-1.5779236238036203,-1.0839600855466949,-0.9315367771899021,-1.068893633506122,-0.04549976473714045,-1.020171340367711,0.16894915097223495,-0.47333028891034834,1.404713167344604,1.4959100369334122,-0.7178134378007689,-1.3073519062866013,0.09082936170742165,-1.0301396741332445,0.39954511487328764,2.527215068951786,0.8311254565319608,3.103970430775915,-23.06180681354529
s589,30.23564281302137,-1.3262665295897342,0.21072172520000368,-0.8713705946099958,-0.396863820685278,1.5108139695069334,-0.5534206234717373,0.4330787830362295,1.524178221646689,-0.5582749381717423,-0.06544656127666788,-1.2421742124175847,0.7617276517801426,-0.4324161530479095,-0.46722812865679914,-0.5609384697647599,-0.5795449505715446,2.036513000713264,3.7072372303799637,-0.5746541250308533,-0.402668050488517,-0.35370725586820484,0.47532374972163116,-0.18970888460987326,0.8894714731664499,-0.5408218702506605,-0.2571140554957593,-0.62202511337471,1.3523514213049566,1.8797902010748937,0.9375144465347144,1.14768825858095,1.081140156700713,0.33847491343878017,-0.05936146525239564,0.11448072996673067,0.29401167043689563,0.8666604905234562,0.2379213920356162,0.6109166555565946,-20.549661592021693
s590,62.003557536924674,-0.10102279052903926,-1.2059600563093114,0.02713470629562626,-1.485329225697939,1.3308446992971448,1.2994650553345752,-0.6936530100047795,1.5346267877971207,-0.5582749381717423,-0.06544656127666788,-1.2421742124175847,1.305361285789179,1.3869232925518857,-0.39837081499309307,-0.5609384697647599,2.4023848823433966,-0.5931276049690055,-0.4327027368627905,-0.5746541250308533,-0.402668050488517,-0.35370725586820484,-0.8719553490269005,-0.8694244807776836,-0.6440363495946213,-1.0159886730359098,-0.13526854730979607,-0.5558242766884801,0.4898306463300672,-0.045794577452837056,1.2649265559907383,1.3475495811969889,-0.46857468904437294,-1.1198114236834367,-0.30123265322851916,-0.8999397278461608,0.4748136333475079,2.5828172353202534,0.6833986170728686,2.5551366273010068,-23.025975077669738
s591,24.214043507421426,0.03369783357639657,0.30265045359355064,-0.38625999040587605,0.2814481242653173,-1.059499563902142,-1.326073353913112,1.6627334799589262,-0.6710608109920808,0.2678956570794605,-0.06544656127666788,1.4574559683972568,-0.9088194600200015,-0.4324161530479095,-0.27912737145900535,-0.5609384697647599,-0.5795449505715446,0.5016154798000079,-0.4327027368627905,0.844437607782327,-0.402668050488517,-0.35370725586820484,0.5617416847329506,1.0860807148408487,0.022265376164443795,0.378759298769818,-1.2350777909974295,-0.009765118452199276,-1.0266041783430502,-0.9827084380540405,-0.6435264628432619,-0.67795884828348,-0.40844996439515513,0.22092946502871286,-0.29924917900528625,0.3585928747808187,-0.617486192415045,-0.7940217627757571,-0.576676746530647,-0.6487290910794589,-20.315760311396254
s592,-72.20118315250154,0.7374968099594023,2.2739314735603195,-0.9119760497486661,1.9623029578848157,-1.2442814524360222,-0.9737762502057609,0.2977654579625849,-0.6102798804021233,-0.5582749381717423,-0.06544656127666788,0.45172548939991897,-0.9088194600200015,-0.4324161530479095,-0.640749705013567,0.7324929796690456,1.076032690300231,-0.5931276049690055,-0.4327027368627905,-0.5746541250308533,-0.402668050488517,4.0551130514000135,1.5768566732246818,1.567037059047028,1.582651872212602,1.3356606629585053,1.4695999901292067,1.032274381628663,-0.12789516953758598,-0.5964733856458238,-1.0237088330808526,-0.9686460819627901,1.9927088521001484,2.2872605492844813,-0.30165396677023837,1.9669383508545772,0.2997932661038252,0.08469162077641769,0.043862505735132326,-0.12349142802974075,-16.759837300840317
s593,-54.28881989661733,-0.9320715234166926,-0.3628433109724391,-1.0998785636761677,-0.7727852501412483,0.09763872805280854,0.5856339868984396,-0.6420340297368369,1.1078193927605589,-0.5582749381717423,-0.06544656127666788,-0.23136226914187152,1.0219673386580999,-0.4324161530479095,-1.343297619121551,-0.5609384697647599,3.3562955407287083,-0.5931276049690055,-0.4327027368627905,-0.5746541250308533,-0.402668050488517,-0.35370725586820484,-0.40847075446003206,0.8476720950028922,1.1172989077354998,1.3527720503779692,-0.20675665192091966,-0.6829791100192331,0.31807378710807255,0.896389141359455,0.11733594435399831,-0.32404427144492615,0.7677637815109646,0.0037831322370580405,-0.13579135754156618,0.4866114994771545,1.9437528928465464,1.8272083559569143,2.5538749332312376,2.138439822191072,-18.33051427645905
s594,-63.71937524241952,0.6593949697783398,0.9909944058547764,-0.3967194272826278,1.0784341169450127,-0.4655984214470124,-1.089999083407724,0.9235179711872705,-0.5757899094855861,0.9614441304613913,-0.06544656127666788,0.2417433208499567,-0.9088194600200015,-0.4324161530479095,0.22669533490617022,-0.5609384697647599,-0.5795449505715446,-0.5931276049690055,-0.4327027368627905,0.37113641771934974,3.462513464646558,-0.35370725586820484,1.0648923335605514,0.7946692365041057,0.08539515827625774,0.2699373953090414,-1.4519452112544815,0.6339525981269368,-1.1786075221870025,-0.6103802098812272,-0.9955683376804834,-1.0037412254078695,0.235715107539249,1.0546528881125852,-0.3010124983820076,0.997945016287275,-0.502199449508715,-0.5223076455116695,-0.47886570663137185,-0.46189007219436506,-17.004535724655543
s595,-24.204219225854672,2.145051390383542,-1.3677892728297085,2.2813767705977654,-1.035822369325939,1.4420350287832389,1.4663293394584556,-0.7200476583083956,-0.042900306582782856,-0.22232773277291115,-0.06544656127666788,-1.2421742124175847,1.33983392622407,-0.4324161530479095,1.3536178728438308,-0.5609384697647599,-0.5795449505715446,-0.5931276049690055,-0.4327027368627905,1.2317562937925712,-0.402668050488517,-0.35370725586820484,-1.2585967665512565,-1.36167935160827,-1.4017816443035154,-1.6597068747212684,-0.5927052890985309,-0.9783041783638039,0.7598696489455489,0.10058378900570651,1.3702714199998256,1.4593557969891104,-1.5509300087536866,-1.6342957551568702,-0.2991233893167153,-1.9153498508919284,-0.702889226834092,-0.7225334393719439,-0.6231311817678338,-0.6605917367577487,-21.21342929627275
s596,-33.630164283596024,2.7002785351634655,0.6074049838473584,0.24873548014791524,0.8213685539187863,0.7733256841173962,0.04934987416536728,-0.2976130935866428,-0.07636674443558798,-0.5582749381717423,-0.06544656127666788,-1.2421742124175847,0.6715329322615211,-0.4324161530479095,0.8255486234737243,-0.5609384697647599,-0.5795449505715446,-0.5931276049690055,-0.4327027368627905,1.4418911407786297,-0.402668050488517,3.2605125797315546,0.631074354695504,-0.5648731935869329,-0.3733593617304048,-0.24607224194147662,0.13702300749584423,-1.0555428243623715,0.9638045936439467,2.1525169746128436,0.5537876733501429,1.0198145154460905,2.8265647670125382,0.7249568837709612,0.24269443596200505,0.9600349828366526,-0.5905093946505786,-0.5833241376895728,-0.5707422498530609,-0.5833968721600501,-18.954022893886613
s597,71.13967515007369,-0.22973285211982422,-1.581014922157395,0.5992183726886625,-1.5489137139384026,0.7125978248604158,1.6000566447219218,-0.8173571062076113,0.8265414714545611,2.156436902378043,-0.06544656127666788,-1.2421742124175847,1.5417945536868194,-0.4324161530479095,-0.27714574349240717,0.2644992643468424,-0.5795449505715446,-0.5931276049690055,-0.4327027368627905,-0.5746541250308533,-0.402668050488517,-0.35370725586820484,-1.8226665806618878,-0.9465783145283082,-0.8554348930881521,-1.0397735019632768,-0.6397603405951459,-1.017393872860609,0.29669143593396435,-0.5506325028352241,1.3806786787687075,1.4704013873998367,-1.2590421365302833,-1.6925027250729474,-0.29643990020217914,-1.4497680508018382,-0.3382908392075287,0.48071291542977246,-0.2818771860832831,0.3635742786372985,-23.895595411916588
s598,-35.165724818751265,-0.7220752498048352,-0.3435303808240439,-0.01829963228289891,-0.30570162667792355,-0.053666474161687745,0.24563363377609848,-0.5360116779538597,-0.04324202479127007,-0.5582749381717423,-0.06544656127666788,0.02426777828885902,0.4305551660900325,-0.4324161530479095,0.03316291407348455,-0.5609384697647599,2.376534394245715,-0.5931276049690055,-0.4327027368627905,-0.5746541250308533,-0.402668050488517,-0.35370725586820484,-0.21991768813745793,-0.47204178050077544,-0.44512751952526547,-0.22978053444161792,-0.5162624144233159,-0.5417276917363039,0.5471276202419462,1.4903183752233669,-0.19965077004967943,-0.39016064227741387,-0.0036552353943465673,-0.3116140673690564,-0.291518929681019,0.01724798301812489,-0.34746718997728626,0.05767657268184804,-0.30063639616921933,0.03395344601888601,-19.2375365124274
s599,60.50001619535858,1.8537609036347582,-1.345158460504659,2.266106579786077,-1.1100512840995462,1.837053860497375,0.7160383202872357,-0.45893660345730763,0.17661090682131178,-0.5582749381717423,-0.06544656127666788,-1.2421742124175847,1.0596990739756504,0.6783865737881465,1.451401445361475,-0.5609384697647599,-0.5795449505715446,-0.19256991220647393,-0.4327027368627905,0.8701716287182009,-0.402668050488517,-0.35370725586820484,-1.1021979539540046,-1.4405779423208112,-1.4382502851796763,-1.5897139369303497,-0.2983475650637443,-0.7805361846940796,0.959131547233091,0.2324104914361578,1.3540488114567772,1.4421381709706391,-1.5553465267951176,-1.5667279467999498,-0.1797524044423646,-1.8076059203852919,-0.7012396604429384,-0.7057034292772123,-0.6154322928589024,-0.6177977790031376,-23.58158831573873
s600,11.23987019356501,2.1962803241172626,1.8253675517713683,-1.2374885328019931,0.9513314410307782,0.342328767239886,-0.012629481261088371,-0.336515859385733,1.2999087347350275,-0.5582749381717423,-0.06544656127666788,-1.2421742124175847,0.8397910979085083,-0.4324161530479095,-1.366197796235878,-0.5609384697647599,0.585925676360506,-0.384049622386071,-0.4327027368627905,1.4049940142862933,-0.402668050488517,4.9408800770670664,1.980180077461224,-0.8723965155887824,2.478937309701392,1.169528221327611,-0.3234715803614143,-1.1771728545408113,1.889554217304536,1.879998687981813,0.5758356484333881,1.0484394816660592,2.2706980657391873,1.7008803197493427,0.10522769462264557,1.3766741721397744,2.400340068300107,0.94262391793156,1.6290571901630864,0.46672576150605916,-19.421432325362453
s601,14.929432922356261,-0.7744774007012997,0.2893688785490041,0.00015397334756871715,0.809787996771639,-1.4428998012694227,-0.5916168270383371,-0.29425476089932856,-1.2588460460170945,0.5967115539894393,-0.06544656127666788,0.997496250469031,-0.9088194600200015,-0.4324161530479095,0.23259238161154253,1.2786084805410967,-0.5795449505715446,-0.5931276049690055,-0.4327027368627905,-0.5746541250308533,0.13845736163039357,-0.35370725586820484,0.0007548105117275639,0.10769359173311252,-0.17051356541751728,0.07312454481228722,1.0274350756104995,0.23906146422376343,-0.8866646055240103,-0.9036080192942391,-0.7006831879229543,-0.7386212944154508,-0.1307146899689557,0.07140017238516788,-0.026273894219658093,0.2127755315985642,-0.6254566397669996,-0.7376029568617173,-0.5559923986336057,-0.5750532781277299,-20.73803555561576
s602,-55.70452844762888,-0.041688492207997106,0.8792866125996349,-0.0942857797220612,1.4002667563987121,-1.5545426927278552,-0.40402139719954466,-0.47086554336962605,-1.3666779860570697,-0.5582749381717423,-0.06544656127666788,0.7414492251385141,-0.9088194600200015,-0.4324161530479095,0.26498784598001707,2.1969150123524734,-0.5795449505715446,-0.5931276049690055,-0.4327027368627905,-0.5746541250308533,-0.03279422128898828,0.9755918224218667,0.6459039955199729,-0.011325306479763302,-0.05517586303694286,0.3907009283661735,1.5139094856711093,0.5337227472675481,-0.7564865935639656,-0.634768863288874,-0.8222985346952968,-0.8552162435644515,1.031765881084946,0.7594988355590687,-0.21034889955892438,0.9773381387439667,-0.5289550163124908,-0.5601249741595983,-0.508299371594419,-0.5057688343063982,-18.218563067002272
s603,-54.17071587148909,-0.10614431291065314,1.4065942746374624,-1.0970856812119105,1.071332193497689,-0.5674383161806323,-0.9948927085945714,0.6105699263122542,0.005575983447046048,1.6388459288880068,-0.06544656127666788,0.27825776006939673,-0.9088194600200015,-0.4324161530479095,-0.7589866797161121,-0.5609384697647599,0.32481979062011695,-0.5931276049690055,-0.4327027368627905,-0.5746541250308533,4.109216986634139,-0.35370725586820484,0.9869061623587193,0.7213187872826182,1.1957585093120586,0.4525228453273511,0.6693721678481909,1.1255883167091447,-1.0492233801866322,-0.5127461036121604,-0.950670874688748,-0.9564314739794484,0.9149728989656872,1.0905957796522856,-0.26388026581841356,1.053422570714222,0.7236952941078716,0.6789154360856038,0.5073290926696955,0.3897764402869658,-17.224548364796576
s604,-54.56436943546727,-1.2298732331075404,0.5608737274337101,-1.2531884017439312,0.114832394512353,-0.9524353548880656,-0.3403102501760095,-0.37942059451069393,0.16982778296628284,-0.5582749381717423,-0.06544656127666788,1.1850724443086864,-0.3608391867372445,-0.4324161530479095,-1.4250456764702129,-0.5609384697647599,3.4144836023978424,-0.5931276049690055,-0.4327027368627905,-0.5746541250308533,-0.402668050488517,-0.35370725586820484,0.4664052366137241,1.0296511172769056,1.694079647119977,1.8402397384330855,-0.2981766876424282,0.20043645922164768,-0.4538988669408759,-0.6402338101173524,-1.374944607424632,-0.7985484938385865,0.13791137345659946,0.7905377331588259,10.038081547150469,1.0085832685251162,2.1082494080657797,1.1237003769508027,1.896803148777735,0.885797013928082,-18.051545152367638
s605,-6.271805457004123,-0.9622342674708925,0.3492727767316359,-0.8401525757483234,0.21509566585915543,-1.374477125444145,0.9500545165320535,-0.9191040909606281,-0.20391943461230586,-0.5582749381717423,-0.06544656127666788,1.0507315405598996,-0.9088194600200015,1.0474147600257318,-1.2921554871768988,3.3901107679911946,-0.5795449505715446,-0.5931276049690055,-0.4327027368627905,-0.5746541250308533,-0.402668050488517,-0.35370725586820484,0.698104638775046,0.47185032542758537,0.5769473134061001,1.1405806585198721,1.5287654978773262,0.7008541923645688,-0.9801832096427641,-0.8038125670298714,-0.5998056742667308,-0.6315564349511349,0.5366329948222848,0.3432458702014158,-0.1625386291816436,0.63194294838158,0.8147375836011347,0.40535711896182747,1.0238629405312236,0.5657701690758264,-20.21935755598555
s606,-38.603195614050826,-1.1114108863413716,-0.4461232640320623,-0.4459421731056037,-0.5532428543957494,0.1419478503368465,0.98228317617501,-0.748543629183977,0.6083412707614223,2.510529751145407,-0.06544656127666788,0.37386922981327586,-0.9088194600200015,2.9634204730216216,-0.37912548811780356,-0.5609384697647599,-0.5795449505715446,-0.5931276049690055,-0.4327027368627905,-0.5746541250308533,-0.402668050488517,-0.35370725586820484,-0.2017228181413255,0.6002960955051324,0.018759793893307453,0.1838492721407186,0.505382675727369,-0.08196910623988655,-1.092304495314992,-0.7632330774966202,-0.5912616035640769,-0.5766306286650362,0.06888737068623085,-0.1655743524416276,-0.29688722915835786,-0.20609032977822814,-0.47134792536901293,-0.4095651861296802,-0.4453609813665387,-0.3744474608181217,-18.279067365348936
s607,31.34343459412734,-0.3199185204512556,-1.4379645979528135,0.05216116706076555,-1.5532759482405372,0.868782025357725,0.9649412502329783,-0.6591976466233394,1.1615921831409626,1.9625289137673443,-0.06544656127666788,-1.2421742124175847,1.5142413537972583,-0.4324161530479095,-0.5442833478753002,-0.5609384697647599,0.45805209624210275,-0.5931276049690055,0.12366542683839865,-0.5746541250308533,-0.402668050488517,-0.35370725586820484,-1.4181769952737704,-0.3270292915227216,-0.1857346378028706,-0.688590992424065,-0.6721426599166311,-0.8881336801367642,0.5535636470914915,-0.43935696680781444,1.2498915933125296,1.3315924455792403,-0.973725203972529,-1.3451005722227367,-0.2538065086960661,-1.0443599614737473,0.05135113193909869,1.3512023018787869,0.251616136156783,1.4977346464839407,-22.377216309211114
s608,25.203813102640236,-0.545661658778086,-0.4156070764006505,-0.14037494791836205,-0.5700092055145058,0.3037321350601658,-0.1530237198486911,-0.2517741314256189,0.2967312715446137,-0.5582749381717423,-0.06544656127666788,0.05381599578708034,0.5327628731631834,-0.4324161530479095,-0.08666237705294999,-0.5609384697647599,0.3929309426763928,1.4746886349071933,-0.4327027368627905,-0.5746541250308533,-0.402668050488517,-0.35370725586820484,-0.037408662849324245,0.16500159691115493,-0.12267590563016777,-0.20604084260812755,-0.5227742574724703,-0.8716592527808952,0.7979744038206229,1.91231258704231,0.5149545944886847,-0.029399568256418006,0.040392663272020214,-0.2954028301390062,-0.30086830770179024,0.07908146958507521,-0.4435591650190868,-0.2358912052517714,-0.3777308937960617,-0.1654326435291922,-20.985621364202956
s609,0.5366317341394368,-1.1756302503900111,0.6938680570859124,-0.06118126054104654,0.8626420506213581,-0.274753129540967,-0.6022116945569929,0.029000191628182216,-0.7796661460725955,-0.5582749381717423,-0.06544656127666788,0.33206224515849403,-0.9088194600200015,-0.4324161530479095,0.7419347473015918,-0.5609384697647599,1.3735789022541447,-0.5931276049690055,2.5964128210659054,-0.5746541250308533,-0.402668050488517,-0.35370725586820484,0.753940389740999,-0.1911489875153815,-0.14828841370616777,-0.13283656642951164,1.242551987498181,0.7082946172637935,-1.050108052444315,-0.6563645234777568,-0.9125508746119655,-0.9548726473162839,0.21227055155063784,0.5607343210839204,-0.291269971807818,0.6292043212061965,-0.5361808384162129,-0.4548610431635908,-0.49526365116044135,-0.4141210144303554,-19.467762058824896
s610,0.5991483967524818,0.12670213397628866,-0.27603787554059,-1.2034844550360353,-0.9143761004395238,1.28282097850686,-0.010377439174093327,-0.16829004559189475,1.9919657263833623,-0.17069557838611088,-0.06544656127666788,-1.2421742124175847,1.5618965329193137,-0.4324161530479095,-1.1850904391412818,-0.5609384697647599,-0.5795449505715446,2.5632132478664866,-0.4327027368627905,-0.5746541250308533,1.7763604546883036,-0.35370725586820484,0.09562332244865344,-0.2421394643396248,0.7674610100983035,0.17167079910874208,-0.3319417601912294,-1.0641006265062853,0.7056824719264758,0.34605724572967267,1.660613182788811,1.7675057394585412,-0.12424130556822582,0.24094156435421105,-0.28698980101196747,0.1742245723877387,0.7085300509487169,0.7396230184153451,0.4041540347763689,0.33392232082424506,-20.692619771502955
s611,7.251211103754118,-0.32060142869335195,-1.1226363943446462,-0.9284963516751251,-1.6157096761908112,1.3051521455226107,1.0189708205547592,-0.623767721372853,2.124904971803986,-0.5582749381717423,-0.06544656127666788,-1.2421742124175847,1.936632083639583,0.15279375526595979,-1.2109188876980284,-0.5609384697647599,1.098590345358109,1.4787823668366091,-0.4327027368627905,-0.5746541250308533,-0.402668050488517,-0.35370725586820484,-1.0647604174276324,0.07069452848044286,0.48242563530291743,-0.4462122604645001,-0.4509088105610537,-0.8992165262152786,0.3588586773312651,-0.5239491103454298,1.7038908187004886,1.8134378192540639,-0.3466978464947716,-0.4906343772887671,-0.25838153643876344,-0.3835890227480364,2.115908352869692,3.490378863535339,2.106398607339776,2.923792717198559,-21.70289912291919
s612,-25.60390593784914,-1.0226282104664395,0.4514808487952248,0.4449133027847547,1.1417419627181424,-0.8241235810138768,-0.056138501611785956,-0.5252903225154244,-1.3984231779774938,-0.5582749381717423,-0.06544656127666788,0.3462445555871073,-0.9088194600200015,-0.4324161530479095,1.1326372353578884,1.3886668450893103,-0.5795449505715446,-0.5931276049690055,1.7686764817930822,-0.5746541250308533,-0.402668050488517,-0.35370725586820484,0.7099701090208543,0.10016083040832256,-0.635097125716376,-0.39016366133837793,1.3437546065524701,0.47954240467357884,-0.7569643661366955,-0.6606574901277256,-0.8821775879040936,-0.9159207253583254,0.5547966213188402,0.14302592183338392,0.14915354628357114,0.21843871611852275,-0.6848330271007249,-0.8276885340624613,-0.603880671371721,-0.6518246845545539,-19.300460311453357
s613,71.68414827083315,0.6928596656701602,-1.4761369648173235,2.7782556807767835,-1.084386290312695,1.471426889619385,2.0401616779630904,-0.8231857166790042,-0.33475284397637045,-0.5582749381717423,-0.06544656127666788,-1.2421742124175847,1.2734079133963467,-0.4324161530479095,1.7077508438591504,-0.5609384697647599,1.1845669164968198,-0.5931276049690055,-0.4327027368627905,-0.5746541250308533,-0.402668050488517,-0.35370725586820484,-1.7364011669493695,-1.9134242933254277,-1.5358102235811781,-1.7508720670622009,-0.16317472249894327,-0.9350346514976895,0.46823153486921937,-0.19525975738264503,1.4630417864750596,1.5578162555108421,-1.5544573428861195,-1.7331031777158026,-0.3007952853368534,-2.281982213535063,-0.7307664350489764,-0.8679595402460606,-0.6280185523869278,-0.6753005757710313,-23.859581378960875
s614,-12.34537178923993,-0.43304661884806883,0.45915544659484353,0.3447253915706624,0.8726588128659545,-0.29118466789941494,-0.2501400354787399,-0.30241298055367366,-0.9765636809667466,-0.5582749381717423,-0.06544656127666788,0.23829376552853596,-0.9088194600200015,-0.07473048534503707,1.047047324571709,0.33204548669439377,-0.5795449505715446,-0.5931276049690055,2.1216693286304786,0.40235668806256036,-0.402668050488517,-0.35370725586820484,0.24968635391391195,-0.19113091661794168,-0.3928594950524508,-0.3220097853724489,-1.392923765185592,0.6648528092648659,-0.12499250704137485,-0.4570806255692087,-0.8553296016494053,-0.8865316915264354,-0.14485822583390556,0.24949253462217752,-0.21346277694001795,0.3484611347868992,-0.7218623013833935,-0.9546620710767606,-0.6326916249747722,-0.7335374003215717,-19.336740810401473
s615,-4.014142226183284,-1.1319790921762287,0.24384513576784614,-0.35821312878847283,0.3571721850660697,-0.7758471314240779,-0.6638055149781042,-0.034615499467519864,-0.5617875464215212,0.6448359911628219,-0.06544656127666788,0.8000784893027336,-0.6138381435552916,-0.4324161530479095,-0.0726700463104397,-0.5609384697647599,1.251508661452539,-0.5931276049690055,0.37094016626114934,-0.5746541250308533,-0.402668050488517,-0.35370725586820484,0.36485419735567576,0.4613619124768074,-0.12838885677847142,0.10897225011003997,-0.6580349931835002,2.2491488385891434,0.9595382705688851,-0.37077999929062805,-1.3825976502825394,-0.7982834835831697,0.6487270311929397,0.18234679572338655,-0.22037492402444267,0.5036961159382929,-0.40362645668820235,-0.279143209233011,-0.39501683136977306,-0.29152785742038606,-19.737166979224906
s616,-34.03939620199323,-0.7072292356239543,1.5990792247281382,-1.3175003922426332,0.9823555936064277,-0.9409493821140388,-0.8770927503942264,0.22506143498109082,0.01184375386594327,-0.5582749381717423,-0.06544656127666788,1.0062213676453948,-0.9088194600200015,-0.4324161530479095,-1.2357010563154602,-0.5609384697647599,2.8865621685275658,-0.5931276049690055,-0.4327027368627905,-0.5746541250308533,2.2648515867173797,-0.35370725586820484,1.520908460277083,1.744195907465027,2.320666902389177,1.5161313097535734,1.3799241204168555,0.8049373548206136,-0.972853291002213,-0.6545072441838042,-0.611442659252856,-0.6439071771232084,2.227232768753484,1.4847473185261202,-0.29811201892764033,1.2877051417486152,2.1016691878821367,1.1210876195041595,1.690862552789358,0.7540811902277792,-18.15004309366292
s617,-45.79311483067317,-1.247736647620752,0.815179841877046,-0.9470984445028257,0.7296710095204966,-1.6492085089883683,0.04075726367697484,-0.7171746076754545,-0.5619266548650328,-0.5582749381717423,-0.06544656127666788,1.100743470389336,-0.9088194600200015,-0.4324161530479095,-1.29600636794535,3.424746589231263,-0.5795449505715446,-0.5931276049690055,0.7789434863086879,-0.5746541250308533,-0.402668050488517,-0.35370725586820484,1.1187771361131051,1.9968889554112916,2.4211716912956613,2.1204580923854555,1.8564307609489223,0.426314164916134,-1.3809127671802623,-0.9650902750239575,-0.6756298501567776,-0.7120313043390819,0.3304617384139561,0.9623385526401389,-0.27784229496902846,1.0441515959352616,1.643002983514901,0.9491532188597936,1.391261774912062,0.6887478008164601,-18.32352306169715
s618,-43.46472553652289,1.5323153504475175,2.058497951546488,-1.374550012730618,1.0685808049972163,-0.48399366492471824,-0.9910417818135137,0.6339783600101259,0.5938317125221966,-0.5582749381717423,-0.06544656127666788,0.44144946597224677,-0.9088194600200015,-0.4324161530479095,-1.5498597451035012,-0.5609384697647599,-0.5795449505715446,-0.5931276049690055,-0.4327027368627905,2.9173119671926098,4.767164638524958,-0.35370725586820484,2.314259745256893,2.0878192955024875,2.8861859293383794,2.861231558685669,-1.4054556659569943,0.761802086813388,-1.098046033046882,-0.8593706969763875,-1.213632089191057,-1.217574534380192,0.5177746441911809,2.0696329303663576,-0.29676311201789773,1.6034251076166373,2.539955001097554,0.5099404469996699,1.4961729330072193,0.10984900092448383,-17.00993990522181
s619,35.49690242269877,0.9927090807795503,-1.3907900631910284,1.6099805179648201,-1.182689304935178,0.6142583066940972,2.605532558362429,-0.9638744256760282,0.14726210100480566,-0.5582749381717423,-0.06544656127666788,-1.2421742124175847,1.427432566380501,-0.4324161530479095,0.47268642604456257,1.7691543339559919,-0.5795449505715446,-0.5931276049690055,-0.4327027368627905,-0.07149355628774523,-0.402668050488517,-0.35370725586820484,-1.697465869722248,-1.1794496955378893,-1.258407151085979,-1.4389833919539126,-0.04045417697341385,-1.0215495178413867,0.32149765363647276,-0.430463197782025,1.3778216895764437,1.467369164109687,-0.9503620315957466,-1.7062909458551854,-0.29666412008220694,-1.7446249589024458,-0.5205069473498568,0.05306441891747999,-0.4229537124940825,0.1130176358156361,-23.31208521979489
s620,61.703360710940395,0.43379501752339694,-1.2575980272387512,1.9383034407259507,-0.8367669453546361,1.2462195921214636,0.7578090540193174,-0.5494346381438588,-0.19192382036202182,0.9276725956028773,-0.06544656127666788,-1.2421742124175847,1.0784230930054124,-0.4324161530479095,1.372407266235668,-0.5609384697647599,-0.003887393949236207,-0.5931276049690055,-0.4327027368627905,-0.5746541250308533,0.3296821313265499,-0.35370725586820484,-1.137505172022956,-1.415316448685174,-1.284304351226666,-1.5165793165847457,-0.8008212347089194,-0.9184228828799291,0.7693175939668995,0.23321801639171078,1.4976133841339507,1.6100371050914803,-1.1438976463817179,-1.4457562045239045,-0.26530047454828126,-1.7218652596745656,-0.6938421204413733,-0.6821666884047315,-0.6193731092146888,-0.6454132104059739,-22.943945678461795
s621,43.840297473863416,-0.909831387023161,0.051978441645251776,0.3526570151333774,0.566943325740166,-0.8727493628783792,-1.0308814983858807,0.577484794112436,-1.2400823829542733,0.9029290948154512,-0.06544656127666788,1.0696828063615216,-0.9088194600200015,-0.21355502172080537,0.8739525121860846,-0.5609384697647599,-0.5795449505715446,0.43285531698809276,-0.4327027368627905,-0.5746541250308533,-0.402668050488517,-0.35370725586820484,-0.17233912501574553,-0.2491648347237112,-0.6647966427120104,-0.3167255853342795,0.6171779508689128,0.11249498511700243,-0.9169353273545374,-0.8596851114830769,-0.6454169988028818,-0.6799653407067442,-0.741213443097467,-0.23855523802765563,-0.3005881837751804,-0.11472344005701364,-0.741767923822406,-1.0163801326317876,-0.635200502001556,-0.7395461257028896,-21.1771624321882
s622,-38.77530286167207,3.0623997167107695,-0.6796735213322435,0.13906385470336202,-0.8699062514294813,1.0703731598350608,0.5520044445485696,-0.4970992107454252,1.0259526090781508,-0.5582749381717423,-0.06544656127666788,-1.2421742124175847,1.3310386717798295,-0.4324161530479095,-0.22236548563611194,-0.5609384697647599,-0.5795449505715446,-0.5931276049690055,-0.4327027368627905,2.471112029588445,1.2351207271110909,-0.35370725586820484,-0.35981682696741796,0.027489418418324855,-0.24947429264316973,-0.4482971877005919,-0.24731547870929604,-0.4538563584541258,1.128934574262964,1.1692623147984074,1.1306136001013636,1.3285131778949055,-0.026554035924022418,-0.19581059775599263,-0.21011006668229948,0.008875002498311786,-0.38960349453229537,-0.07696271432354614,-0.39324684922343844,-0.1916597648497713,-20.02792552777272
s623,4.001516240521078,0.162946784170312,0.8116802559408629,0.3579566962963099,1.42115370747681,-0.4087673451689313,-0.9943038019841226,0.6719779203217697,-1.3805966338847506,-0.5582749381717423,-0.06544656127666788,0.23669843365574936,-0.9088194600200015,-0.4324161530479095,1.4737484911091332,-0.5609384697647599,0.9021352136410473,-0.5931276049690055,-0.4327027368627905,-0.5746541250308533,2.6437804343470104,-0.35370725586820484,0.48465065643758126,0.5289279769590982,-0.6514488012162997,-0.2510001087626686,1.4706617678457037,0.4094618462653859,-0.6809513471600591,-0.5171531564511711,-0.8798228460310952,-0.9146964786770594,0.5352434065111731,0.5312555928683216,-0.16010958021056257,0.5840190757922434,-0.7039331237255595,-0.888387951963724,-0.6182808801014169,-0.6912649087495152,-19.888538318379673
s624,63.41203099626197,2.5703408748529264,-0.9224565845166837,1.3514193276131787,-0.7188522975605952,1.3177060924002724,0.6104676370838344,-0.4863838588748926,0.1785701026698324,-0.5582749381717423,-0.06544656127666788,-1.2421742124175847,1.1660249688332236,-0.4324161530479095,0.9848870541683377,-0.5609384697647599,-0.5795449505715446,-0.5931276049690055,-0.4327027368627905,1.6477251986102037,0.7176744176665772,-0.35370725586820484,-1.0525723328080199,-0.9792534034093484,-0.9371226126149448,-1.2216837949183434,0.18837121181569255,-0.8875664292194566,0.6744418652305155,0.5275276289842458,1.3977919192310138,1.4885642724538821,-0.96072290618025,-1.0782850419821655,-0.20125614659924818,-0.8967871626912797,-0.6782147894611555,-0.6927774977349545,-0.5993700754001519,-0.5899676464788733,-23.645754769566192
s625,-19.235086886925007,0.3096001543160773,-1.4062283940265397,0.4511727034881788,-1.5368407495044827,0.8555279171905495,1.7817277657183042,-0.8353486729511863,1.0178596149300918,-0.160786961518435,-0.06544656127666788,-1.2421742124175847,1.722518301010331,-0.4324161530479095,-0.3891024626459938,1.121243107211097,-0.5795449505715446,0.7471455245311114,-0.4327027368627905,-0.5746541250308533,-0.402668050488517,-0.35370725586820484,-1.3505779665287228,-0.5376495009624512,-0.838060064053261,-0.8579411841471117,-0.36777254027757483,-0.9015141558363453,0.2027008892098356,-0.6697991692657176,1.486910447174078,1.5831489060760673,-1.1253397720763036,-1.431038148572881,-0.29746639952195536,-1.058358267677067,-0.24055203333429742,0.5990272455716892,-0.23763919488994487,0.3421549799926679,-21.441715371664138
s626,14.803174396160179,-0.7836330731849397,0.30644933420335324,-0.10930564446160862,0.3980515100596356,-0.8542512642792276,-1.0552188658764545,0.6496114679106194,-0.8879053277449307,-0.5582749381717423,-0.06544656127666788,1.2658554212740343,-0.7846168004559132,-0.4324161530479095,0.310938859268633,-0.5609384697647599,0.49981296809528364,1.084998307867706,-0.4327027368627905,-0.5746541250308533,-0.402668050488517,-0.35370725586820484,0.1058182303575569,0.5467148842460515,-0.19059230355497497,0.19201750380978042,-0.026158482874607075,6.029283917283173,0.5853269143269895,-1.281556184910598,-1.562976946185853,-0.8219691685611755,0.1169366228537603,0.13873493695622927,-0.29582992161426475,0.45215285217203977,-0.6044050115304971,-0.6732887806543696,-0.5108773730559966,-0.4708619537764169,-20.37069722396305
s627,14.264456577515983,-0.3906226779555439,0.44100824825262763,-0.09399854267475302,0.5747899468614797,-0.5574874311164765,-0.43521030116930043,-0.2141019588764027,-0.67293957909009,-0.3270464112125468,-0.06544656127666788,0.7755469253181053,-0.9088194600200015,0.16501558381796935,0.3792444195625223,-0.5609384697647599,0.5905697900852873,-0.5931276049690055,0.752433852082285,0.526211984188302,-0.402668050488517,-0.35370725586820484,0.5057095244335746,0.13839307547128432,-0.42241160222358637,0.005748371148992234,0.9423896207145448,0.47510515611752796,-0.9627929781832428,-0.8375790621994835,-0.7675632316102925,-0.8096034411677406,0.011493166528399741,0.39545691911302594,-0.29440935440122795,0.48124991849942483,-0.6126637272232789,-0.6969322837121898,-0.5554123483047507,-0.5697462841221137,-19.985451446617073
s628,-1.071169412795944,0.4820423679601564,-1.4087114711996975,1.892313225832768,-1.2638099015902184,1.4751520117279209,1.4095744809525999,-0.7042162924996904,0.28843017586783953,-0.5582749381717423,-0.06544656127666788,-1.2421742124175847,1.2173825042008777,0.3700746618181389,1.0641260127270906,-0.5609384697647599,1.5186128517213988,-0.5931276049690055,-0.4327027368627905,-0.5746541250308533,-0.402668050488517,-0.35370725586820484,-1.690136242422896,-1.3209394665035408,-1.3368010248804771,-1.5215641694165816,0.010653018031089928,-0.9118808210457152,1.1178238977270463,0.0018707103376734266,1.3996390485357426,1.490524695864962,-1.438298871584832,-1.6034548985179033,-0.2980671983379529,-1.7532875821418155,-0.671831241099585,-0.5656442340926902,-0.6059271660741644,-0.5828007005449406,-21.581190653985505
s629,-23.534952677656957,-0.3160287786827891,1.838008828222613,-1.2468557077758713,1.2761425171559388,-1.2185143631283943,-1.110458217294415,0.6443160539589707,-0.23071195281277293,-0.5582749381717423,-0.06544656127666788,1.1575951493161227,-0.9088194600200015,-0.4324161530479095,-1.2145356070646014,-0.5609384697647599,2.961370235846252,-0.5931276049690055,-0.4327027368627905,-0.5746541250308533,-0.402668050488517,1.957324617427012,1.6091709139654875,1.4666833987243184,1.4690587730613824,1.3755763341595828,1.5776420985390291,1.1359999268191872,-0.9032042480443526,-0.782998076809215,-0.7503000990309561,-0.7912814703287371,1.8466611868155756,1.8897888029413115,-0.30164229823075445,1.6141215717455741,1.2805440069331442,0.45566358700725207,1.0128037200933695,0.2911262450281116,-18.439178641872743
s630,9.963105497472947,0.29852257217322203,0.32655229884733306,-0.91894425594489,0.1397452214787068,-1.2493401010170155,-1.2488459197007298,1.132682516192162,-0.2622192307060675,1.3429373946038652,-0.06544656127666788,1.5620712668993408,-0.9088194600200015,-0.4324161530479095,-1.1888038830853394,-0.5609384697647599,-0.5795449505715446,-0.5931276049690055,-0.4327027368627905,1.673447181522716,-0.402668050488517,-0.35370725586820484,0.7397012499096836,1.5948623123089247,0.9553495163969077,1.5500552669592231,1.499459173751028,-0.4300143597833958,-1.0475757028549233,-1.0217280164984481,-0.5227456536288326,-0.5497699199897318,0.2713834179470931,0.2992638808515844,-0.1964084579005717,0.42401364528047114,0.18405528153251516,-0.08421907419505194,-0.035731872906758694,-0.21983165864448326,-19.622564634802174
s631,7.607239058823267,2.3194014241387877,-0.37848929972418255,0.5012721402750683,-0.3160811117923981,1.0823995738950338,-0.04306433752092943,-0.18183846097416045,0.33477269512604735,-0.03328107809847796,-0.06544656127666788,-1.2421742124175847,0.7859822854863316,-0.4324161530479095,0.5774547363426071,-0.5609384697647599,-0.5795449505715446,-0.5931276049690055,-0.4327027368627905,1.1896751419904348,2.478649078975812,-0.35370725586820484,-0.2855980492994244,-0.3112337301274906,-0.2652703463807529,-0.6079875188259268,-0.833246143060412,-0.8177828464853165,1.1694699449690638,1.9378033853826215,0.8142850035864465,1.2570674269722573,0.280230788265092,-0.11332016741591128,0.161759026737818,0.024215615680970463,-0.6468456338406257,-0.6872477773492766,-0.5766929447446177,-0.5687108154151505,-21.010919902236623
s632,-7.617990692227581,-0.17902097098062122,0.18297823008575703,1.0809301280786046,1.1968174079137208,-0.5617064224633103,-0.6475625017776009,0.005660140735416379,-1.7659374503330083,-0.5582749381717423,-0.06544656127666788,0.41530624115252873,-0.6010128689263913,-0.4324161530479095,1.9591817272298673,-0.09438670700602812,-0.1337232015569851,0.013368988529045063,-0.4327027368627905,-0.5746541250308533,-0.402668050488517,0.40124792718240654,0.2582672461795739,-0.5826288842924082,-0.98055042846177,-0.8687950805133962,-0.2947300220280312,1.812683710842698,0.8174925586653948,0.5710312912186382,-1.2162857343713542,-0.7756113724211894,-0.6477008381021252,-0.09525813240268005,-0.0572026650301904,-0.5401296198861634,-0.7431973169230797,-1.0033117707152035,-0.6365468880533405,-0.7387520506229234,-20.228440397130424
s633,103.19743760417391,0.3889577226001519,-1.3069429387654634,2.32067108164028,-0.8407919040223168,0.8721887296355729,1.8025584757683784,-0.8372716771348269,-0.46255375715186353,-0.5582749381717423,-0.06544656127666788,-1.0892782882246197,1.1103039895780127,-0.4324161530479095,1.4299811828855227,0.6851004627062304,0.22468251823903332,-0.5931276049690055,-0.4327027368627905,-0.5746541250308533,-0.402668050488517,-0.35370725586820484,-1.2477550465401634,-1.6279727562758224,-1.367848743124768,-1.6519766327364853,-0.15299163005954786,-0.7948600755117389,1.0088115390313033,0.2749384789416395,1.3631603578087077,0.46116943943693933,-1.8099146149459133,-1.484970738160821,-0.1418004328759517,-2.151406988932971,-0.7287381022418598,-0.8837273252542642,-0.6332616382154418,-0.7137963267980204,-24.738765867376507
s634,23.364315185749682,-0.18019611355347548,0.30726418142957473,-0.145594942370087,0.296812466722544,-0.8864815025654933,-1.41827344890547,2.521197717855164,-0.8290965170167178,-0.5582749381717423,-0.06544656127666788,1.4512315246338494,-0.9088194600200015,-0.4324161530479095,0.16369582973076302,-0.5609384697647599,-0.5795449505715446,1.555603183424088,-0.4327027368627905,0.17539889669800338,-0.402668050488517,-0.35370725586820484,0.5181376249553327,0.4464092290666057,-0.1111679327264712,0.29373164375504834,-1.45950258690389,0.10182882983243603,-1.2046408697011575,-1.0372532822210332,-0.556746460577119,-0.5858561743555682,-0.5725407973952553,0.1253181545198414,-0.30148075208681185,0.3567903715455401,-0.6927877584181618,-0.9138160773602793,-0.6053272055509553,-0.6830355533620516,-20.515394035552298
s635,73.95532011561019,0.5879309936612477,-1.4260220700332216,2.955155797478455,-0.8182762988330681,0.9291340531419301,3.073118322534472,-0.9874669486087375,-0.685497785529747,-0.5582749381717423,-0.06544656127666788,-1.2421742124175847,1.144383827463177,-0.4324161530479095,1.744506629775632,1.3097872424106876,-0.5795449505715446,-0.5931276049690055,-0.4327027368627905,-0.5746541250308533,-0.402668050488517,-0.35370725586820484,-1.562933634777265,-2.1426562029328866,-1.5198826322974568,-1.875369096811193,0.11753052997441543,-0.8727650587268905,0.6889362852478617,0.2227601514153643,1.407041469315648,1.498381145848426,-2.0022753829842745,-1.6871924727141543,-0.30118502274104053,-2.4843008496448817,-0.7050934631274256,-0.68928204432392,-0.6178432446583609,-0.6157283081780213,-23.822354582989508
s636,-8.01265683101965,0.5018861346768048,0.744794261435541,-0.9198807497724822,0.26655228684603094,0.6730139502273818,0.11132886209494432,-0.350967854297896,1.0194400984062983,-0.3206233965747914,-0.06544656127666788,-1.2421742124175847,0.6294534791737451,-0.4324161530479095,-0.6868788848467628,0.8016889008321708,-0.5795449505715446,0.7058661571897822,-0.4327027368627905,-0.5746541250308533,4.292811716045945,-0.35370725586820484,0.6600492376906658,0.38603289878081976,0.8314364225292047,0.40051695932450093,-0.5350124294506238,0.2890616699771344,1.5979652981563384,2.1541503147747645,-0.06397172844129388,0.8128961666877604,1.5711557366816327,1.1565970430605097,1.0018583448813707,0.9477806758715037,0.7873059546316825,1.1251038543443475,0.7373309811175481,0.8982691383653236,-19.105860819680593
s637,-14.306900300913822,0.09162946496400497,0.8068682504541451,0.19858333258537963,1.237267297932816,-0.3120562808308812,-0.9784416764165706,0.6697689846641012,-1.1348340788207683,-0.3114829526672163,-0.06544656127666788,0.1553288382788512,-0.9088194600200015,-0.4324161530479095,1.2003560684030994,-0.5609384697647599,0.8007877723389185,-0.5931276049690055,0.16646297789233622,-0.5746541250308533,2.4962180858627896,-0.35370725586820484,0.570349825250739,0.48287931028822784,-0.5427988403388228,-0.10367284560222007,1.187409835797359,0.538510449143145,-0.6343560970039599,-0.47254975738963967,-0.9320783776769918,-0.9347256671586349,0.2975550520604255,0.5768776248739206,-0.26936548435844226,0.7244166649472626,-0.7016247277938742,-0.8951266966871578,-0.6169133601992931,-0.6925649417586598,-19.17066616024459
s638,5.686816520927523,0.3914919836918029,-1.3859791936057733,1.2084118556141406,-1.4012659422826992,1.2964068323492057,1.5665863623338734,-0.7551020335499768,0.6874628902199815,-0.5582749381717423,-0.06544656127666788,-1.2421742124175847,1.3961508267740108,0.2530094055268972,0.4637526941586824,-0.5609384697647599,1.9640582065967949,-0.5931276049690055,-0.4327027368627905,-0.5746541250308533,-0.402668050488517,-0.35370725586820484,-1.5985113133800517,-1.4590508651956569,-1.2454901441271269,-1.4107494502849958,-0.23113515999089865,-1.0023090597293676,0.6434938016800298,-0.28733294031936213,1.452911921153694,1.5470650725393778,-1.6152105211904595,-1.4856013625803752,-0.30096527992009486,-1.464790958466256,-0.5501116028094317,-0.09198872908516649,-0.505528020023223,-0.21866216099820096,-21.92001400012589
s639,4.024001914914831,-1.0590999227855626,0.5012733686229999,-0.7327810064790162,0.3546338515390004,-1.11539941950012,-0.587623913364237,-0.21114052954272244,-0.47316029764185635,-0.5582749381717423,-0.06544656127666788,1.3071398596887114,-0.6757478025664035,-0.4324161530479095,-0.6355007354207669,-0.5609384697647599,2.8524874986324447,-0.5931276049690055,-0.4327027368627905,-0.5746541250308533,-0.402668050488517,-0.35370725586820484,0.896196662919341,0.7941742531060205,0.5269555995323847,0.6888179050708368,-0.20525578525094626,3.443003405898732,0.1635299366075411,-0.7457988307821112,-1.476050132210339,-0.7700063032468091,0.12694190120219379,0.5893674459789467,2.3454285048883907,0.774845511204636,0.17283189866796567,0.37216224142828475,0.20108929058790803,0.34730035077428073,-20.10078758798683
s640,-2.964484587308103,1.1417366877135917,0.6249000417233125,0.3985238218547399,1.1948759323346076,-0.4297293000605047,-0.7863063880029366,0.2408041440990451,-1.140327687877971,-0.5582749381717423,-0.06544656127666788,0.2455155605429074,-0.4483608196848446,-0.4324161530479095,1.1566616550635063,-0.5609384697647599,-0.24608478057691474,-0.5931276049690055,-0.4327027368627905,1.1083916798241424,-0.402668050488517,1.340338520733167,0.36974591034826565,-0.7225784045400229,-0.49515669661278516,-0.3095131846950933,-0.15493255076955023,1.143471862839365,1.4919702030690887,1.395751638215675,-0.9244828274444149,-0.6356091386941084,1.4012280317997854,0.3787449287027716,-0.230081428842042,0.5001392292115446,-0.7244622674348248,-0.9636885473993234,-0.6284020146856685,-0.7219927614920585,-19.8328962313097
s641,54.03013704233926,0.4786665843175216,-1.0960919553006863,1.2636906439184765,-1.028115364435773,1.3802178799139133,0.44509234836398115,-0.4083809560809741,0.3548124236626175,-0.5582749381717423,-0.06544656127666788,-1.2421742124175847,1.161615440449283,-0.4324161530479095,0.8187842561329152,0.0753828023536182,-0.5795449505715446,0.6852560503287721,0.808336521372147,-0.2355971380071956,-0.402668050488517,-0.35370725586820484,-1.172575505972442,-1.2219105071963914,-1.1301659108554047,-1.1437331872898293,-0.28930406457765245,-0.8307100614138341,0.7150269572668594,0.2806928356570277,1.4680535661175822,1.5925998764219427,-1.4674494508062246,-1.1253681903756334,-0.03960919487383589,-1.0149078347143972,-0.7061666327533306,-0.8220739758534742,-0.6253213991331676,-0.6923998983676942,-23.078868647390546
s642,43.99859858574599,-0.062406229876767784,-1.0623115238385827,0.9798627697396668,-0.9181497616326275,0.6857993999153517,1.143729051348998,-0.7258773943173459,0.15128603114037548,-0.5582749381717423,-0.06544656127666788,-0.8738452227353372,1.1660249688332236,-0.4324161530479095,0.5209372098533237,-0.027736455183352205,1.5339803780900707,-0.5931276049690055,-0.4327027368627905,-0.5746541250308533,-0.402668050488517,-0.35370725586820484,-1.2082028898481336,-1.113713750547192,-0.8719330872561706,-1.097910312433605,-0.19188127070587296,-0.663895870190497,1.8441308032318235,0.4517974244241184,1.1748696274813413,0.12100389645231585,-0.7576011716611333,-1.2036825343112587,-0.19193512212859137,-1.2045765832481925,-0.5205736036508478,-0.06508129055905809,-0.4992064545748543,-0.24970759268380016,-22.60273435105626
s643,2.3931035132050904,-0.08185572238566692,0.07686832756127678,-0.050966689796503865,0.08485145678693154,-0.42227323038925546,0.6728981938410634,-0.737668093654322,-0.27143267487587497,-0.5582749381717423,-0.06544656127666788,0.7698228937216919,-0.9088194600200015,1.5979666682414622,0.08853595495173053,0.583668521536662,-0.5795449505715446,-0.026293963299716377,-0.4327027368627905,0.44764036384403294,-0.402668050488517,-0.35370725586820484,0.22909217318762765,-0.034853119023224494,-0.2117980587732532,-0.02900166255410813,-1.2936033535051956,-0.05368520004102034,-1.0763110380266419,-0.7440590629635842,-0.6418203390759688,-0.6761480790173334,-0.36186382815983137,0.0472993963706641,0.36040056506361445,0.11347664435581348,-0.6686394669187997,-0.8487524615509867,-0.5931156196803242,-0.6551644561083609,-20.127826899006116
s644,-45.32805194487395,-0.9245502357563132,0.477331716152913,-0.7052235480646082,0.5468588416304746,-1.8827009952540223,-0.08176546164906531,-0.7106640904039179,-0.8574453084324096,-0.5582749381717423,-0.06544656127666788,1.3934763982096696,-0.8879358269959512,-0.4324161530479095,-1.1115093220019825,3.237536058890401,-0.3375650042037601,-0.5931276049690055,-0.4327027368627905,-0.5746541250308533,-0.402668050488517,-0.35370725586820484,0.6030186694004265,1.1902357106531234,0.9057669651147835,1.6330352773756578,7.500596272481,13.052760328172534,-2.705902832940539,-2.354780090404611,-1.6042383411225052,-0.6719553828480928,0.718856804264329,0.48482761449687645,0.2716880352807774,0.8793665185159407,0.42969913290756284,0.2215290245533023,0.2426922849436295,0.05700145042117695,-19.025129267439986
s645,18.659124487105334,-0.5437343878486849,0.4388959820499703,-0.3767124771487984,0.5378301766206821,-1.231792420637264,-1.0702499864685755,0.5266948257545052,-0.865391724387023,-0.09994696509190838,-0.06544656127666788,1.3957355273044934,-0.9088194600200015,-0.4324161530479095,-0.15841791932223273,-0.5609384697647599,1.3735789022541447,-0.5931276049690055,-0.4327027368627905,0.1954896026371692,-0.402668050488517,-0.35370725586820484,0.15555778713219126,0.3509329632516166,0.03518578842838121,0.4343989219146067,1.142340346261631,0.3065577515924673,-1.2385342982182383,-1.0011092720892745,-0.5969107865671017,-0.6284839886398389,0.4858509067198751,0.3502375665670938,-0.3010921875417083,0.5274567355695501,-0.5144257942603746,-0.5741860029092717,-0.5274410324466331,-0.5603096292770562,-20.490811233703575
s646,31.738938915179144,-0.5844019923890468,-1.107008397964651,1.7487548390934538,-0.47263946403643275,0.6914061109707036,0.45328741097433933,-0.5108983981510645,-0.5971084099171832,1.639673573614423,-0.06544656127666788,-0.7156265545154769,0.6817980254471636,-0.4324161530479095,1.44473568438996,-0.5609384697647599,-0.5795449505715446,-0.5931276049690055,-0.4327027368627905,-0.5746541250308533,-0.402668050488517,-0.35370725586820484,-1.1095038132180606,-1.3477060773275984,-1.3343403054886462,-1.3880830290079995,-0.6981105383523131,-1.0104568074590483,0.8946117452740884,1.5585164864044143,0.8605166515043525,0.008574223481092956,-1.1453717387276023,-1.1988881710005455,-0.3016342412296018,-1.7909772412480827,-0.6892530085030377,-0.670408386645029,-0.6099791118496442,-0.604013012022951,-21.596303418173868
s647,13.610191938437621,-0.946322226358463,0.3289084985629191,0.8195960661369064,1.1917086477744807,-0.515006210915248,-0.7469740426551008,0.15336750554467282,-1.6628125730784746,-0.5582749381717423,-0.06544656127666788,0.5134465311665486,-0.9088194600200015,-0.4324161530479095,1.8273222977929686,-0.5609384697647599,0.8595989409842264,-0.5931276049690055,1.0249167797344767,-0.5746541250308533,-0.402668050488517,-0.35370725586820484,0.05905432724385928,-0.6048003954487449,-0.9523748462267226,-0.6174289624480325,1.4773586261718783,0.32187462494374774,-0.6777545427709909,-0.6280543263458274,-0.786942604554508,-0.8301714524675611,-0.6910199750570791,-0.026257526833733082,-0.28887670274632427,-0.15640650613742552,-0.7357307107542912,-0.9773826359623042,-0.6347807442454353,-0.7338808887120721,-20.46804100673445
s648,1.6287572560164298,-0.49787803152834725,-1.6111896611724608,-0.5927090719154564,-1.9262386360093007,1.348669968336058,1.0977409239305622,-0.6406954399132685,2.2001177681825284,3.0207004691448893,-0.06544656127666788,-1.2421742124175847,0.802307220348993,3.031577157916801,-1.0302448991074724,-0.5609384697647599,-0.5795449505715446,-0.5931276049690055,-0.4327027368627905,-0.5746541250308533,-0.402668050488517,-0.35370725586820484,-1.963158687060775,-0.3437323657612409,-0.5326116883120224,-0.059329793861556575,-0.8474766391999804,-0.13391630960534595,0.04358839844158626,-0.30473222916200904,0.9863526942938464,1.0518893267754676,-1.4341064243524557,-1.1796882537875133,-0.28033545699572365,-1.4927580346002647,0.18535317729895737,1.0881400837224917,0.1765924554092973,0.823451729944322,-21.122035927954173
s649,22.707518271256543,-0.33670082233378645,-1.1349618986503043,2.1028788119324253,-0.5601200717837689,1.4193757125416757,0.21064012515114947,-0.2839268561380151,-0.4486859205249091,1.1247654875640416,-0.06544656127666788,-1.2421742124175847,0.767577092566328,-0.4324161530479095,1.7720806424733209,-0.5609384697647599,-0.5795449505715446,-0.5931276049690055,0.9293351720887544,-0.5746541250308533,-0.402668050488517,-0.35370725586820484,-1.1077266295445425,-1.1900245304954435,-1.22510474282872,-1.4951907735890468,-0.6854493025721444,-0.9345273977207471,0.8745620080123171,0.9458491122188689,1.3944760555798266,1.5061221238576352,-1.0538939199039368,-1.3310501305280822,-0.2942985957023815,-1.6699042727590228,-0.7428954632793376,-0.9688011076679814,-0.6381000491312614,-0.7385883162939074,-21.30712394597167
s650,-30.71679915823289,-1.2620782717986792,0.7091276285607786,-0.96210666609687,0.5271938768847856,-1.293589595057115,0.5520018787540921,-0.8221340828053879,-0.19508286629234323,-0.5582749381717423,-0.06544656127666788,0.8670375942771703,-0.9088194600200015,0.47352541515034935,-1.27173456563928,3.2588857986299153,-0.5795449505715446,-0.5931276049690055,0.7590804334698114,-0.5746541250308533,-0.402668050488517,-0.35370725586820484,1.0928233369515035,2.4884418534763295,1.521949941288988,1.9310367566299642,1.4555306239545325,0.9905727964885233,-0.9394513267544594,-0.7774607652083171,-0.7469713175740762,-0.787748517285477,0.40083048321226056,0.8863407573073393,4.434836353233276,0.9518001697569282,1.5245083670532498,0.946521170827867,1.3225005913632322,0.7104087309746502,-18.726642196703082
s651,63.752367402198146,0.7900392119903317,-1.4645499108477882,1.6721538261819884,-1.422824504449107,1.9201685133992759,0.6567869676231071,-0.42472956153732877,0.8659792527827276,0.8539892468206648,-0.06544656127666788,-1.2421742124175847,0.5364478512712086,2.74054665997183,0.908302032020644,-0.5609384697647599,-0.5795449505715446,-0.5931276049690055,-0.4327027368627905,0.04440877567837057,-0.402668050488517,-0.35370725586820484,-1.6592934811244369,-1.330508403344743,-1.3064480629740842,-1.452011337118149,-0.7471832381652157,-0.5579605987259983,1.032476393312175,0.8222838303037746,1.0406553929569706,1.151419991244059,-1.7961978987648362,-1.578264754430656,-0.3015840913677736,-1.6557529369297874,-0.6761964616703647,-0.6030754485378987,-0.5945486851986718,-0.5328442251871488,-22.860607772262064
s652,116.00044180123827,1.8054931217667174,-1.19109412227232,2.3413853782960414,-0.7284271077498269,1.3308850192645878,1.2762066211150456,-0.6881116507132127,-0.3715825107413823,-0.5582749381717423,-0.06544656127666788,-1.2421742124175847,1.1638534937637801,-0.4324161530479095,1.6454632610740005,-0.23650338152739545,-0.07317950724636595,-0.5931276049690055,-0.4327027368627905,0.41417238950586693,-0.402668050488517,0.1056570089509502,-1.0731847500326737,-1.4133297696243345,-1.2420339619844147,-1.648503995271744,0.0684351524257569,-0.9984526833699987,1.3027567292826217,0.3384708682020606,1.3849436900795105,1.4749279941732845,-0.8121442736286919,-1.424164879964284,-0.2849056877152085,-1.8054858472026019,-0.7139175134801035,-0.7885371719628771,-0.6174929979745715,-0.6299749719329801,-25.13277458672901
s653,17.38049973380682,0.3767556889502034,-1.251894016933597,-0.06800469406154493,-1.5338056652405703,1.3289781872910353,0.743252048483944,-0.533898418640574,1.4569115558214794,0.37316578131308165,-0.06544656127666788,-1.2421742124175847,1.7935900198502444,-0.4324161530479095,-0.4737488071720512,-0.5609384697647599,-0.5795449505715446,1.849628260087659,-0.4327027368627905,-0.5746541250308533,-0.402668050488517,-0.003627231469735861,-0.8638448847660384,-0.40287693100180366,-0.6303820717425384,-0.6273871639300521,-0.6080071671736897,-0.7898992472124213,0.7136873983519237,-0.6338671451226401,1.470466140417175,1.5656959839321312,-0.6700921356527592,-0.881178689101118,0.08000939859479869,-0.6321556315307825,-0.2856797614609189,0.29385092034359095,-0.3058746968313404,0.06117382450626882,-22.123669261943192
s654,34.454370222362286,-0.18639616984093352,-1.160617927888314,-0.424240566918021,-1.5374217518757327,1.172292434834512,1.3353196370632014,-0.7184102936775717,1.8967146771469134,-0.5582749381717423,-0.06544656127666788,-1.2421742124175847,1.1296506490902116,2.2626131346557563,-0.9084615711919222,0.48886783131770045,1.6547679394313841,-0.5931276049690055,-0.4327027368627905,-0.5746541250308533,-0.402668050488517,-0.35370725586820484,-1.341563395075239,0.13249583158361164,-0.1657249567318375,-0.21267624370374752,-0.09279241225631746,-0.7864679576285043,0.35689649939692536,0.378380896734202,1.184018278655544,1.2616787758169825,-0.4666807951712788,-0.8254005645865145,-0.25468493835363143,-0.7967440865167652,1.3730985793522503,3.393263285664649,2.116050873403185,4.117425845656609,-22.194987068165236
s655,15.422115886122368,-0.3271157711344395,-0.8759679970413669,-0.37065521687595965,-1.2404304707737606,1.1391298695839338,0.2670305363560092,-0.35875130470415195,1.3082531906939088,-0.5582749381717423,-0.06544656127666788,-0.7250146135323361,1.4693244866722335,-0.4324161530479095,-0.5040682601449631,-0.5609384697647599,-0.5795449505715446,2.7436111286946883,-0.4327027368627905,-0.5746541250308533,-0.402668050488517,-0.35370725586820484,-1.011155008873141,-0.31023540422997614,-0.696351453716231,-0.4798689773057854,-0.246128363900923,-0.7920508198606161,0.538034999781861,-0.025960502059083096,1.4588395678853945,0.45897558754472706,-0.9153485028221247,-0.48276235746205004,-0.2651684410103453,-0.36853589827254907,-0.07516895517904651,0.6182379545318494,-0.10712171262815884,0.3587778017348004,-21.361957411903788
s656,31.72104653132151,1.5278641563062552,-0.5446911057125363,0.8475300286390594,-0.4926564345555538,1.4794711445442572,-0.423093914531255,0.25145593949954376,0.21384299196509102,-0.43999675157049484,-0.06544656127666788,-1.2421742124175847,0.8094127243642993,-0.4324161530479095,1.0143916986455137,-0.5609384697647599,-0.5795449505715446,1.0231319147677351,-0.4327027368627905,-0.44215627941054836,2.3759877852767906,-0.35370725586820484,-0.4997118436318848,-1.0153161214162516,-0.9017041206507708,-0.7896086185848081,-0.6196135150256821,-0.9360616345969786,1.774190584824921,1.2459423082878867,1.3050677986537487,1.5409912149166731,-0.22201965883495908,-0.4487939299883498,-0.28917740881276377,-0.3043618769706454,-0.734759473835135,-0.9719568754592386,-0.6355466985308114,-0.736268787243164,-22.0472761438147
s657,8.715093980156247,-0.9689104682455467,0.4100006083581025,0.2223399938325902,0.8860014984418927,-0.9784880494323552,-0.7940557367208119,0.07864132638759548,-1.3327792940515553,-0.5582749381717423,-0.06544656127666788,0.9908202875310406,-0.9088194600200015,-0.4324161530479095,0.8920970853053349,-0.5609384697647599,1.666075711131422,-0.5931276049690055,0.1693574982534721,-0.5746541250308533,-0.402668050488517,-0.35370725586820484,0.2254749684428567,0.223801629091385,-0.6406495776306335,-0.23115353176079867,1.1607215576333785,0.2630466532781149,-1.1897077970122034,-0.8813429055647006,-0.7116329080579504,-0.7502426181865945,0.2411551361249784,0.11503698982354929,-0.30023532072107106,0.29388485873501674,-0.6880878521323157,-0.8536553983629097,-0.5722338078415451,-0.57510926827046,-20.363395257974577
s658,-80.65520851986268,0.9128313282435169,2.188889591053239,-0.537383575583124,2.0837686949248067,-0.6618288531331031,-1.5036181869910459,3.834631846980129,-0.84924417788389,-0.5582749381717423,-0.06544656127666788,0.3198807586077764,-0.9088194600200015,-0.4324161530479095,0.4137089678269909,-0.3065059731802708,-0.5795449505715446,1.259077759406784,-0.4327027368627905,-0.5746541250308533,-0.402668050488517,4.1854216247970895,2.191037849835027,1.445436175095516,0.10902004643961263,0.9832265795109787,-1.2772446289571069,0.38365002297288725,-0.7399413955188703,-0.6879639563735366,-1.1198489563871805,-1.0829120041698073,1.6574881863410853,2.3143743507439414,0.4484849149699368,2.043859265763314,-0.38000152452460845,-0.3724000779495897,-0.45443085923590737,-0.4647171086440133,-16.023661856769913
s659,-13.790139190747569,-1.0515620236564525,0.6907024137756618,-0.7517581480016678,0.3947181126811549,-0.867323063880827,-1.2028026671814185,1.1431148220799159,-0.4129896224911038,-0.5582749381717423,-0.06544656127666788,1.4700665297880557,-0.9088194600200015,-0.4324161530479095,-0.4702283666378427,-0.5609384697647599,0.44719604715895606,1.612314553205724,0.05989200095960623,-0.5746541250308533,-0.402668050488517,-0.35370725586820484,0.37695577841218364,0.8134101883034798,0.3944577839117518,0.8636346008087438,0.48735334235012606,0.23241632809404694,-0.9597038929871401,-0.9645618339484532,-0.6538768766044497,-0.6889441070847185,0.11402945271844704,0.7469760888645957,3.700179328039306,0.7605435304364017,-0.1963566311057357,-0.1512972708154376,-0.25408881225434876,-0.22036105413933538,-18.711699386845883
s660,37.791939984214814,-0.8810406874362803,0.19939643406275998,1.1303908328471999,1.4861640395269866,-1.1514364090516973,-0.10787610921267758,-0.560283290807114,-2.1004742923064064,-0.5582749381717423,-0.06544656127666788,0.6154680755879027,-0.9088194600200015,-0.4324161530479095,1.961540794234859,1.0326426924587693,-0.5795449505715446,-0.5931276049690055,0.19316779003773107,-0.5746541250308533,-0.402668050488517,-0.35370725586820484,0.1344944383427913,-1.1457297708378833,-1.0907681261646613,-0.8605821099667654,1.3347747127365768,0.1872572879774544,-0.9727200863360602,-0.7594993875946879,-0.8057287889113431,-0.8501098918197605,-0.8163521494481265,-0.15320594456011188,-0.23560343411296797,-0.7216351132273143,-0.7359724303592284,-0.9716375774345272,-0.6340054013040229,-0.7293458526443475,-21.830224609384352
s661,29.201542950525354,0.8093235839828516,-1.0773014420848634,2.401241489500965,-0.3238769304012536,1.1366417698363345,1.176090627858442,-0.6844313199845122,-0.7596575184665634,0.38427524375514793,-0.06544656127666788,-1.2421742124175847,0.9310640053870026,-0.4324161530479095,1.961540794234859,0.13192290511503543,-0.5795449505715446,-0.5931276049690055,-0.4327027368627905,-0.5746541250308533,-0.402668050488517,0.4311049118228262,-1.1451319947993688,-1.7712161358024956,-0.8771690865043117,-1.6714469107179704,-0.7832949788067689,-0.9157886956285725,1.3115237921228715,0.78575701458673,1.4479451631081623,1.5558779811044259,0.1285409470004082,-1.3149042474090626,-0.2606223778705103,-1.9098804156812885,-0.7401434988909363,-0.9481250008604246,-0.6363406688617508,-0.7284495580529978,-21.836928125128296
s662,-85.09173950235459,1.8715880666158082,2.4772050071275,-0.8641698541400784,1.8858818664446586,-0.7629632133082694,-1.483792848017118,3.4213889375791102,-0.3417089164953368,-0.5582749381717423,-0.06544656127666788,0.3462445555871073,-0.9088194600200015,-0.4324161530479095,-0.4765549554239566,-0.5609384697647599,-0.5795449505715446,0.44658084102765255,-0.4327027368627905,1.0921303676999394,-0.402668050488517,4.930979025486075,2.0205108181985962,2.1521878664009377,1.0397245912218671,1.3875063899970648,-1.5126312015513343,0.6160033881100732,-0.6512298746006662,-0.6511019302376463,-1.1364266388448538,-1.069108818492219,1.8843871366584792,2.58071493562066,7.797370887731295,2.177571267396308,-0.14375220288866908,-0.35605665494337163,-0.2516979961162857,-0.37248563769059195,-15.753323169361463
s663,25.287675841435572,-0.13143663856528737,-0.8184658085162676,1.0849675040695685,-0.6431287061435937,0.9331250446767799,-0.08134377116156763,-0.18231763413058766,-0.16182401970002885,-0.5582749381717423,-0.06544656127666788,-0.4174183136459177,0.7249232157845455,-0.4324161530479095,1.0618402735378956,-0.5609384697647599,-0.5795449505715446,1.6295824382353887,-0.4327027368627905,-0.5746541250308533,-0.402668050488517,-0.35370725586820484,-0.9246986448404356,-1.0828997368407691,-1.0968048173730747,-1.07280446772526,-0.43009977420234113,-0.8873762273146439,1.1126758487947712,1.0632586913725386,1.1955734382371468,0.2763630089851596,-0.622682552496748,-0.9467144508201446,-0.30162831259230094,-0.8870533362380807,-0.7200787289802576,-0.8920500508444126,-0.6243893191008432,-0.6900916250575941,-21.612441004673837
s664,-39.943431469967244,0.288483488745675,1.534241805947668,-0.15772494046101812,1.8287140844649779,-0.5111215230654548,-1.0474045234051805,0.7738219281843216,-1.068886167886357,-0.5582749381717423,-0.06544656127666788,0.10406411562226636,-0.9088194600200015,-0.4324161530479095,0.9274654590871971,-0.5609384697647599,1.1371020232124693,-0.5931276049690055,0.9955029329869984,-0.5746541250308533,-0.402668050488517,2.449444724247966,1.3982657077008647,0.6196540768551859,-0.14218702786451146,0.31222856662539417,1.5331666215561515,0.43323639382104634,-0.45081367245035225,-0.47872240571995883,-1.0423230081468153,-0.9862272676878423,1.3303935918524252,1.4148111374908663,-0.29792952883891693,1.4415615212732344,-0.6208721615419797,-0.7315259278018996,-0.5819595832185107,-0.6325660101763804,-17.920306593933496
s665,-6.673361712750812,2.107454627957378,-0.24884312938229272,-0.7106516531689834,-0.6088417443439692,-0.018737849485012437,0.08823770090125786,-0.4561626819520046,0.8577575057196364,-0.5582749381717423,-0.06544656127666788,0.12460472749342948,0.6278273978426734,-0.4324161530479095,-1.1740981515859488,-0.5609384697647599,-0.5795449505715446,-0.5931276049690055,-0.4327027368627905,3.4372573865421017,-0.402668050488517,-0.35370725586820484,-0.3760534055778506,0.6407793849794785,1.0149387847524447,0.6569047774928911,-0.42546641179058703,-0.909364456185592,1.06233755556711,1.3623706752483777,0.9092983090484574,0.029357311579798442,0.1614875732875121,-0.16788928885006374,-0.024605173799445518,0.03422841128023184,0.023683425978085176,-0.1057204205170166,-0.22886472924257306,-0.325966993490113,-20.36353189911458
s666,-36.96698377787253,-1.0702124122240049,0.6038372062439444,-0.6164163225966169,0.5580190947146836,-1.2886976365857148,-0.8748445060632366,0.10080848336175348,-0.7581058235295163,-0.5582749381717423,-0.06544656127666788,1.486647773641758,-0.9088194600200015,-0.4324161530479095,-0.4105313237329738,-0.5609384697647599,2.6923548370680717,-0.5931276049690055,-0.4327027368627905,-0.5746541250308533,-0.402668050488517,-0.35370725586820484,0.4505063909183184,1.0009665873623614,0.225180528373949,0.7099613822428548,1.6890646359000134,0.3162094844666193,-1.3092483193773201,-1.0953291469776414,-0.5589071564952164,-0.5881493970613199,0.5898936202299537,0.45839209052793517,-0.22321435820108967,0.7756033366968956,-0.14169447574635988,-0.005756462711786178,-0.17305371789316662,-0.07237569090666748,-18.960129697571716
s667,-41.579373530706334,1.7905262002389255,0.4203010468481863,0.5768621325834193,1.0744385443439848,0.6311078160573412,-0.0932450346198442,-0.23077897971989278,-0.6111113255971689,1.1268905386066372,-0.06544656127666788,-1.2421742124175847,0.3783717390987325,-0.4324161530479095,1.3729178330499863,-0.5609384697647599,-0.5795449505715446,-0.5931276049690055,-0.4327027368627905,-0.5746541250308533,-0.402668050488517,3.504952568612697,0.4179512226368532,-0.8185422597919108,-0.5482662114856037,-0.5168367430667498,-0.7392488615008406,-1.2913546101179931,1.4330248849833946,2.3079399239637963,0.5829006534202477,1.369819642030599,1.253598970053592,0.30921979469759325,-0.3014976444683263,0.4670504756009924,-0.7076445942693661,-0.8897347306928278,-0.6221722931562339,-0.6988515581733733,-18.344727106058876
s668,31.554429536315567,0.4451987953303776,-1.454596305889642,1.4060402726222503,-1.3198550594989866,0.6708995179542687,2.1373963290813958,-0.9040356542664724,0.3387571315701946,-0.11356066726259645,-0.06544656127666788,-1.2421742124175847,1.4043013581983177,-0.21355502172080537,0.30343201056306723,1.442528505815876,-0.10576738231184767,-0.5931276049690055,-0.4327027368627905,-0.5746541250308533,-0.402668050488517,-0.35370725586820484,-1.7468523093754604,-1.3087707376682918,-1.1453619672644668,-1.285140842028143,-0.7772779818554357,-0.9317074652153938,0.1537876456627225,-0.5678355995583103,1.327719248297177,1.414193677918936,-1.4534346852317679,-1.6747713821983112,-0.29196666925676973,-1.7181654132417943,-0.5796461783215286,-0.2581655848903298,-0.48975721768586405,-0.17568401713397802,-23.151836756042826
s669,31.722937088584814,-0.8506438712533041,0.1624458357060443,1.1009895408154557,1.4755718605393147,-1.442869979410263,-0.008915277601195032,-0.6604092209325471,-2.1761094178259297,-0.5582749381717423,-0.06544656127666788,0.8155501006794028,-0.9088194600200015,-0.4324161530479095,1.821578421131892,1.2507365570516142,-0.5795449505715446,-0.5931276049690055,-0.4327027368627905,-0.5746541250308533,-0.402668050488517,-0.35370725586820484,0.08160482572531363,-0.48228317808509386,-0.9868477210917518,-0.8967390243543538,1.61272830002365,0.05892964067414318,-0.995100417618287,-0.8273917538342385,-0.73963563841115,-0.7799629025316229,-0.5671326900959645,-0.20455946912761783,-0.2498748866130368,-0.7932870083076434,-0.7225815288761582,-0.9165266869087486,-0.6274953594419178,-0.7063823543691584,-21.688248365145036
s670,-32.40598144834167,1.4049503196283626,1.644025192026501,-1.187563579146012,0.9216990005274249,-0.671865980552492,-1.0463059369713383,0.7026820482553455,0.2643685947320153,-0.5582749381717423,-0.06544656127666788,0.7694564764741706,-0.9088194600200015,-0.4324161530479095,-1.285898602522276,-0.5609384697647599,-0.5795449505715446,-0.5931276049690055,-0.4327027368627905,2.9571699363394552,3.2351498461092008,-0.35370725586820484,1.6245873450871642,1.261927684764521,2.677833223292746,1.9634806308180852,1.9648100655567178,1.33393930235089,-1.2481145512537826,-0.6736717625288469,-1.0027522014652006,-1.0034371415891146,0.9828938954691905,1.6931355660583438,-0.24325507420773426,1.4480682951243102,1.053564936476765,0.23284816866347072,0.48273272776344134,-0.07236578205755059,-17.659575169513158
s671,-22.049391824151797,-1.2763183533777454,-0.4760793436070627,-0.6440642381278309,-0.3825829652004854,-0.6338263259029863,-0.3495916634869501,-0.30203138220855297,0.02860439363650813,3.4040443129700484,-0.06544656127666788,0.5146023051912914,-0.10407780404254405,-0.4324161530479095,-0.7558869699850468,-0.5609384697647599,-0.5795449505715446,-0.5931276049690055,-0.4327027368627905,-0.5746541250308533,-0.402668050488517,-0.35370725586820484,-0.42992394338955103,0.028455642806510462,0.0293170413362386,0.5774959406533556,-0.7670307666478728,-0.2831190742202605,0.09490990369732372,0.9885586573183825,-0.7487713042151424,-0.5592992213582896,0.11913322401339796,-0.3899794217980762,-0.1418811153662471,-0.0553330110074899,-0.14809011416164544,0.05888474312381782,0.012456923644270106,0.2674177749859133,-19.252715316542275
s672,-28.588094670252318,3.402041857630965,-0.5131274541635829,-0.6765123920365766,-0.9442195877366737,0.8728662552270608,0.9992241110406569,-0.6681095535591782,1.701875440847947,-0.5582749381717423,-0.06544656127666788,-1.2421742124175847,1.7250212083390564,-0.4324161530479095,-1.2092308050697456,-0.5609384697647599,-0.5795449505715446,-0.5931276049690055,-0.4327027368627905,3.3020244142418895,-0.402668050488517,0.816897409985552,-0.5202232848740939,0.1726498339591959,0.5341302805561552,0.7769230267254272,-0.04322599932718412,-0.6449021463307496,-0.14732425688449363,-0.12929609828235591,1.0793976258534126,1.1506411908949623,0.4994021611542049,-0.18201583312742226,-0.2036926191803433,0.03134856553181044,0.7586108045917017,0.8900100709111286,0.5134961112759284,0.5047997010914154,-20.102466729184307
s673,21.380619623677912,-0.19031373935828935,0.4889273492901728,0.5364467444742875,1.0540249139173057,-0.42894476730203956,-1.4051207763949365,2.757268687808542,-1.44061891142343,-0.5582749381717423,-0.06544656127666788,0.6922367624792186,-0.9088194600200015,-0.4324161530479095,1.5395597640796048,-0.5609384697647599,-0.5795449505715446,1.0642294228078453,-0.4327027368627905,-0.5746541250308533,1.1280969060006216,-0.35370725586820484,0.20441098616031692,0.011875678864610845,-0.7720886190253515,-0.3787775666691042,-1.265917445309595,0.2954816197765765,-0.9255843178165448,-0.7811367434043466,-0.7674342109142429,-0.8094665069572325,-0.21883057255105082,0.14386813998596004,-0.2930387644853253,0.20192543101233154,-0.7429795237877216,-1.0150717617801637,-0.6373462928578226,-0.7445112141520296,-20.452246735534285
s674,-5.839412023999532,1.209081796781111,0.6987998569813678,0.1375420429721274,1.0871509654653146,-0.6609430631188252,-0.8926166633896195,0.3516116732036677,-1.0073655355993807,-0.5582749381717423,-0.06544656127666788,0.5818473393581383,-0.5926672356750493,-0.4324161530479095,0.7244979788661791,-0.5609384697647599,-0.5795449505715446,-0.5931276049690055,-0.4327027368627905,1.8328127110605732,-0.402668050488517,0.9755918224218667,0.5006578064858132,-0.45212487475928304,-0.4406046339817905,-0.07856639355710186,-0.1479766560440409,2.2573666455738484,0.9496322078262386,0.2344827634581949,-1.2953269258673181,-0.851087324464002,0.5724175610687436,0.43679283520000145,0.18143294950359257,0.683537633619494,-0.6735144032652335,-0.8392315896852334,-0.5751703126313734,-0.6029862262656721,-19.618627412242912
s675,-28.346028450493147,1.139004834610214,1.2271367416878705,-0.2150615795456807,1.5472467913622547,-0.9482993497537572,-1.397709087379276,2.278858502218018,-1.044247244077377,0.4333801308555348,-0.06544656127666788,0.5989475414060357,-0.9088194600200015,-0.4324161530479095,0.44649434847005115,-0.5609384697647599,-0.5795449505715446,-0.5931276049690055,-0.4327027368627905,0.9282930283576513,-0.402668050488517,2.3298152584298775,1.1127025384376537,1.0922675282930485,-0.20522560816624671,0.5267397189376914,0.9360505122770771,0.48383162467162416,-0.710227856629153,-0.5073860777716458,-0.8063818145998431,-0.8452135766510729,1.793995695032136,1.1807575930040008,-0.20867906067545466,1.2368891690609447,-0.6547997247742474,-0.8428599678503831,-0.607379152357086,-0.6933936918396375,-18.198358043070712
s676,9.597245507101018,-0.2540795848429559,0.08420113789993987,0.31307374949930533,0.3498091670729603,-0.3453741024096112,0.5960756504467852,-0.7052438288717646,-0.6657973548230693,-0.5582749381717423,-0.06544656127666788,0.6909014580786916,-0.9088194600200015,1.374908786779057,0.7281827299317757,-0.15600675114397386,0.3878041274789147,-0.5931276049690055,-0.4327027368627905,0.3068940412306568,-0.402668050488517,-0.35370725586820484,0.024737565442052294,-0.399430497643851,-0.5666382629224125,-0.391059061484371,-1.1410850659071536,0.11422422765331623,-1.02977410050147,-0.8211548990288807,-0.7561990116000968,-0.7947642495705717,-0.5740746044185673,-0.14990387818333786,-0.2923492577072101,-0.06352410927211168,-0.7087330610512788,-0.9138711805408746,-0.625776915120466,-0.7150948437769286,-20.309551447960388
s677,-57.93690271267778,-1.092741252013396,1.2325554160224155,-1.0487297004965488,0.8585299700544683,-0.8529353457076988,-0.13382573197980493,-0.489094279898733,-0.018082194953862544,-0.5582749381717423,-0.06544656127666788,0.4989771294337123,-0.9088194600200015,-0.4324161530479095,-1.071302967386242,1.8917907973097157,-0.5795449505715446,-0.5931276049690055,3.029143615055719,0.36531616822550245,-0.402668050488517,-0.35370725586820484,0.901474483890436,1.9691014958040944,1.3115797374158435,1.846562203144012,1.8400134916263062,0.9195089606224884,-0.9857643113720885,-0.5354885163795653,-0.93144333033363,-0.9658311709717605,0.553291467735002,1.4742592385066529,-0.293401457500391,1.2780873250285685,1.1577503475781021,0.767883219237536,0.7412995175010121,0.36491709573867426,-17.080281160469724
s678,-2.6906938397171487,-0.9059312760844893,-0.014535113259126937,-0.5073464620054636,0.07936030509285502,-1.270467080410652,-1.1264776780860024,0.6679701005984345,-0.655334827433663,1.996747970580997,-0.06544656127666788,1.366857519644421,-0.9088194600200015,-0.4324161530479095,-0.5650413171338111,-0.061513958369504705,-0.5795449505715446,0.05610210339089863,-0.4327027368627905,-0.5746541250308533,-0.402668050488517,-0.35370725586820484,0.08055025646152698,1.319874265782315,0.17357508118624074,0.8058077502840256,0.9109582739247215,0.056437140915764995,-1.2621813744976682,-1.089629887574969,-0.5831088077802615,-0.6138354622677643,-0.31524382291988856,0.10442939148704132,-0.28539817921542887,0.17069849849302304,-0.51119260634296,-0.619547889973696,-0.4365020308894808,-0.4388525866705354,-19.969750634151847
s679,24.35123630760257,-0.0022263217867987215,0.25527133546935765,-0.08429219824876481,0.5696579191587345,-1.294586464485591,-0.9838937693620349,0.29908703649793045,-1.0445812002373278,0.4148574406897062,-0.06544656127666788,1.2646667816372137,-0.9088194600200015,-0.4324161530479095,0.05940606140914626,0.13652008959291081,-0.5795449505715446,-0.5931276049690055,-0.4327027368627905,0.9242670005410325,-0.402668050488517,-0.35370725586820484,0.1602554514087247,0.7292263338481331,-0.04917064335057677,0.14113289476141586,1.1227574279034176,0.12929000890720743,-1.1348644039726483,-0.9187196081983303,-0.6349297029491353,-0.6688348041179014,-0.0849254932169424,0.10060293074537095,-0.19601356717827537,0.24781769130613712,-0.7075471941825716,-0.9541089967988103,-0.6252736099120441,-0.7253740670237095,-20.75675552323975
s680,-19.807503886294725,1.3053385240810074,1.150045114037285,-0.5218628927576491,1.0802215269570046,-1.0585794445607712,-1.2855928537489987,1.4272930832372248,-0.6708444747103234,-0.5582749381717423,-0.06544656127666788,1.12043185427847,-0.9088194600200015,-0.4324161530479095,-0.27947374004476355,-0.5609384697647599,-0.5795449505715446,-0.5931276049690055,-0.4327027368627905,2.5663242152622585,-0.402668050488517,1.10544982061617,0.9504721799586195,0.6237335876764027,0.47947518853661686,0.8236196947764782,-1.4494470651487945,0.5322849366178968,-1.1042210994480686,-0.6748115963328939,-0.648832712093149,-0.6835905575676504,1.3498551501492362,1.0821874378932224,0.4426977245336111,1.18601764634066,-0.5131513010979083,-0.6701119381602497,-0.5110062731290754,-0.5758034739621826,-18.44365265503332
s681,-17.70705741480908,0.7299368834820347,0.7948714985341946,-1.3051959831778586,0.017432112193056935,0.9159655972036626,-0.029255237375001995,-0.2218118754850868,1.841398041231153,-0.5582749381717423,-0.06544656127666788,-1.2421742124175847,0.8591467363808656,-0.4324161530479095,-1.4030189686399805,-0.5609384697647599,-0.5795449505715446,-0.5931276049690055,3.0404199875375384,2.890574547560119,-0.402668050488517,0.49469514853720536,1.1913395876045139,0.4344097279585122,1.6801736180542932,1.280778360632502,-0.010061573842712467,-0.7227975140969566,0.6354001179929465,1.6753446517765462,0.26692603690223937,0.5720411364436969,1.6477902058229812,1.075739707378082,-0.2768376271948074,0.7975800326677497,2.2730868279246237,1.1932890871327093,1.4781325565206285,0.5810069160695003,-19.08965101407623
s682,55.12866708956303,-0.2442039269565206,0.2194868677433167,-0.51140805067604,-0.03655375589949478,-0.5327512497343654,-0.8746185504021265,0.36189017722256317,-0.18864045632944423,-0.5582749381717423,-0.06544656127666788,1.1598249001748764,-0.4675465963654762,-0.4324161530479095,-0.38150181658868526,-0.5609384697647599,-0.5795449505715446,1.9342937393643342,-0.4327027368627905,0.1850540507717489,-0.402668050488517,-0.35370725586820484,0.6873238673831299,0.43822926959596736,0.027211086870667315,0.39300461492227423,-0.3125351111884352,0.22777348861995642,1.7641665586309505,2.1109125458210163,-0.6659552534168574,-0.4204942898601838,0.09173643149672486,0.2479085130009891,-0.2995180932066685,0.3383831172026289,-0.48511245152364924,-0.5477609229431395,-0.5134389191890961,-0.5493441713350701,-21.3270100378274
s683,-33.474134845241785,0.19996938470019868,-1.3133348731408716,-0.6520159838131059,-1.6747200163821214,0.6543481619502077,1.972271963922442,-0.8825403432467825,1.6901413449211657,-0.5582749381717423,-0.06544656127666788,-1.2421742124175847,1.9744220456584085,-0.4324161530479095,-1.4316236913572569,1.8727034100173072,-0.5795449505715446,1.1437653631810538,-0.4327027368627905,-0.5746541250308533,-0.402668050488517,-0.35370725586820484,-1.5217417301171616,-0.49533725243180615,0.48209915958387234,0.1478253046115178,-0.1751345401741393,-0.962659185386246,-0.16221735187234282,-0.829299569147976,1.3075219129044673,1.392757534253229,-0.6649837931059531,-1.0473705176787487,-0.24265353575804005,-0.756199789130525,2.39888350468586,3.138199276895304,3.5167066889225636,3.923441224216368,-21.34055790648813
s684,23.789228038833887,0.5327700971506988,-1.4106034277122408,1.872981826919553,-1.3601555983295208,1.9849946020403015,0.4695715862320617,-0.3331672792203242,0.5067316250655112,-0.5582749381717423,-0.06544656127666788,-1.2421742124175847,1.2572269217498486,0.4930739127572039,1.1704669918943436,-0.5609384697647599,-0.5795449505715446,1.409273846580114,-0.4327027368627905,-0.5746541250308533,-0.402668050488517,-0.35370725586820484,-1.6202835807636133,-1.1889657794518456,-1.4617384957501462,-1.461773458596415,-0.32970861947958024,-0.8908097224648932,0.2767331643211141,-0.40097531020531296,1.4719855905925086,1.5673086299380536,-1.6460737368426268,-1.499407380103563,-0.2695044316726311,-1.7019219115688289,-0.733251032612709,-0.9168473923678525,-0.6311605645372779,-0.7045563078462292,-22.28765611405496
s685,67.28059955594529,0.14947264800076368,-0.2870912585363586,-0.8631062263477374,-0.86637937877019,1.5426345157819845,-0.04378357930105212,-0.09677818978923369,1.8613269746247711,-0.5582749381717423,-0.06544656127666788,-1.2421742124175847,1.2543768607212042,0.488624441286987,-0.7157790938988857,-0.5609384697647599,-0.5795449505715446,2.451389025090653,-0.4327027368627905,-0.5746541250308533,1.637288860277217,-0.35370725586820484,-0.035350654650625805,-0.28403539290932817,0.2848753855945719,-0.37893630468700096,-0.2598475486011656,-1.2087334011883255,0.8388538529032863,0.725478848352541,1.6800175190059532,1.7881002451594505,3.2934068229667055,0.13633147078887337,-0.0023035681425006647,-0.0096704293258768,0.26887770339142775,0.7810621585288379,0.2148944884146565,0.5475530174055351,-22.20524684044785
s686,37.09876021002832,-0.8775747850843377,0.4156238353593612,0.17758834178720712,0.6931406886709003,-0.5819759468893603,-0.9359783331907022,0.4686005102384632,-1.0714690723561733,-0.5582749381717423,-0.06544656127666788,0.8257672025319202,-0.9088194600200015,-0.4324161530479095,0.864085019233485,-0.32954891626716787,0.06535443479542831,0.6852560503287721,0.9389722327652985,-0.5746541250308533,-0.402668050488517,-0.35370725586820484,0.31605490953814014,-0.08535879441029567,-0.6743234979222089,-0.1451053991427717,-1.2170128655392092,0.5769011639043842,-1.1829391013709645,-0.8006085626700304,-0.6733539227160746,-0.7096157823584327,-0.16857288710618082,0.15702703773278845,-0.2693899679076687,0.38366055419731815,-0.6794351737067499,-0.8292284536068015,-0.6051943147635395,-0.6629754072413827,-20.928620146603404
s687,20.936890545606396,1.2651197968440588,-1.3919490839979416,1.460129155196024,-1.2713736675917642,0.8322709109927459,2.0425185791952094,-0.8774901587087526,0.34663832300296094,-0.5582749381717423,-0.06544656127666788,-1.2421742124175847,1.4973026507509655,-0.4324161530479095,0.4199598907965268,0.8818434520437551,0.02362565103638888,-0.5931276049690055,-0.4327027368627905,0.20052322177225437,-0.402668050488517,-0.35370725586820484,-1.6405105102009476,-1.3858510372009039,-1.2457377141973722,-1.4007796347191426,-0.0785766988968831,-0.9871582863180213,0.49792052672502085,-0.355217509807636,1.4102067281078055,1.5017405465262164,-1.2445664465214321,-1.622129774262552,-0.28122244036604055,-1.6212017031186674,-0.53525465394411,-0.036913846196870194,-0.47602831758431274,-0.11095307466795068,-22.668435712035055
s688,-54.36085019161688,-1.863234499759371,0.16842084137239932,-1.4640655339241533,-0.4148706080231058,0.893799277188212,0.04130663668203569,-0.27159079268718894,1.8074598737485759,1.1528161613263046,-0.06544656127666788,-1.2421742124175847,0.8962591923114164,-0.4324161530479095,-1.3739316279806286,-0.5609384697647599,0.8595989409842264,-0.2015648919737729,3.2599333718502863,-0.5746541250308533,-0.402668050488517,-0.35370725586820484,0.36081792926119216,-0.026518103782997567,1.9292651209150575,0.20715417603146893,-0.7321244035779864,-1.143556478756705,1.182511825449564,2.1264699912719993,0.04952465478534313,0.7401773068458652,1.5837114903443152,0.5375018445042266,0.009819985626788229,0.5519049763248511,2.6642111326571345,1.997341294991213,2.660966725196088,1.7440091175694818,-17.91243182954496
s689,12.974076547076647,-0.2110735464299118,0.2176810003819091,0.47320676984182314,1.0193301944731108,-1.0397984792633168,-1.3183337149871537,1.6275306577554511,-1.492075262409745,1.4787382755164087,-0.06544656127666788,0.8000784893027336,-0.9088194600200015,-0.4324161530479095,1.086514162923055,-0.5609384697647599,-0.5795449505715446,-0.5931276049690055,-0.4327027368627905,-0.27039981286570863,-0.402668050488517,0.47314842080627423,0.3863988862856554,-0.09192837341203416,-0.7414684542734552,-0.36727530667160474,0.9365449284051887,0.12113344801034212,-0.8431180057484461,-0.8197436120720968,-0.6896265571146558,-0.7268865025799437,-0.4472380004113263,-0.08248797002775464,-0.21490076316214368,-0.16755884123402578,-0.7554618626634287,-1.062463089108144,-0.641482893255616,-0.7575102904542482,-20.229249867546038
s690,-23.563727229053864,-1.0495567082944088,0.15654096763371778,-0.9766303688380686,-0.21029340760641724,-0.5432402969657659,1.7629861694558944,-0.9594866260986378,0.7377202964618722,-0.5582749381717423,-0.06544656127666788,0.5056997214871922,-0.9088194600200015,3.2090725288012565,-1.363523161650131,3.085010440751353,-0.5795449505715446,-0.5931276049690055,-0.4327027368627905,-0.5746541250308533,-0.402668050488517,-0.35370725586820484,0.009071514601626368,1.5863918387578027,0.633830650964161,1.3574705045320874,1.9897913106886904,0.4747979953902671,-0.9327271653677287,-0.5975744280667463,-0.7520449355944537,-0.7831941742489483,0.2885078095857589,0.6824075295139729,2.616324242815533,0.6728366904468186,1.5705896067883363,1.0469661312159781,1.7372491862842967,1.0718472657019533,-19.269718439117728
s691,-23.344230858811734,1.6579019780983926,1.1711720899725093,-0.5531059125423505,0.7617182327975458,0.8798084037227,-0.31642774545663427,0.0016688982224054908,0.6357655724736448,-0.5582749381717423,-0.06544656127666788,-1.2421742124175847,0.760124262031285,-0.4324161530479095,0.011121601461540316,-0.5609384697647599,-0.5795449505715446,1.7709242988560954,-0.4327027368627905,-0.5746541250308533,-0.402668050488517,4.267881507293333,0.8984611104008664,-0.14338563530527654,0.42511388649315957,0.22553178938665658,-0.35221691366423996,-0.9118060883418214,1.6595452617737951,2.364995696453962,0.6483996665022576,1.309394491054422,2.6903836181393355,1.6982986632304824,-0.2652725855262581,1.492313377423009,-0.25833624192677257,-0.1273335558403927,-0.3631304188002187,-0.3127359817601617,-18.394422127079306
s692,-35.28149640017491,0.6392242620900264,1.0680487467071862,0.017561214003449174,1.761381721147885,-0.9072509604356187,-1.4122326939485295,2.4453455969835267,-1.3141266396198086,1.6017658062441091,-0.06544656127666788,0.31479071859691554,-0.9088194600200015,-0.4324161530479095,0.921495887321336,-0.5609384697647599,-0.5795449505715446,-0.5931276049690055,-0.4327027368627905,-0.5746541250308533,-0.402668050488517,2.7408615142600437,0.6662114043607668,0.5749784103639394,-0.3510896410364346,0.3101627171387119,1.058402733098357,0.0877675473223027,-0.6106045048844041,-0.541914205072356,-0.9308173322098684,-0.93181895268401,1.3466353494518786,0.8826787229253545,0.10426182270514756,1.054702893779002,-0.7287028537753945,-0.9931589672432686,-0.6339300700924834,-0.7403569071968992,-18.11967055159425
s693,-15.733134238413003,-0.32946321687072394,0.6292922116920627,0.13221868671382206,0.8987255980754756,-0.2645717420661942,-0.5338021702451365,-0.04624504308835692,-0.8423738272619343,-0.5582749381717423,-0.06544656127666788,0.2274842738671303,-0.9088194600200015,-0.4324161530479095,0.8352957492256462,0.06943587457681089,-0.5795449505715446,-0.5931276049690055,2.737960277043882,0.7688987955114913,-0.402668050488517,-0.35370725586820484,0.530365480581831,0.4344908015875417,-0.4411400755715831,-0.22072804126020154,-1.5900738421200196,0.6612073415093344,-0.9234042037061093,-0.5061027501113895,-0.9186065492009384,-0.9363255661032482,0.724019004970345,0.5076664209941185,-0.2807980154354607,0.5910077910654761,-0.6276157811245896,-0.6924064098861014,-0.565785013008981,-0.5715117052576469,-18.9717871428607
s694,-29.319161627973198,2.4984433808578084,-1.3025920072705535,1.7914369019264769,-1.103952294287141,1.3682020149659735,1.5644989725126646,-0.7477704575175963,0.26197092352501417,-0.4299431057093888,-0.06544656127666788,-1.2421742124175847,1.4510310716976778,-0.4324161530479095,0.952874514910602,-0.5609384697647599,-0.5795449505715446,-0.5931276049690055,-0.4327027368627905,1.7255084749376408,-0.402668050488517,-0.35370725586820484,-1.591325053032699,-1.5210066759891967,-1.3114592126463498,-1.5061095818158163,-0.39071025427301054,-1.00997563275076,0.6195345056864235,-0.08073518530988498,1.5176969249562124,1.6158236796472947,-1.2722266161156688,-1.5163334869458143,-0.30064251544833365,-1.509463933661897,-0.6235919267763537,-0.34517276766621136,-0.5573634266836267,-0.3761002086451918,-21.17746495604092
s695,56.31957714925871,0.20031190164065843,-1.2886202557028357,0.38000438648191737,-1.6442156503058263,2.086271422405372,0.6001433617736953,-0.3787833006215803,1.890377023520654,-0.5582749381717423,-0.06544656127666788,-1.2421742124175847,0.63307491130151,3.736118170316403,0.002829076938987186,-0.5609384697647599,0.6732556084122641,0.48662273337015327,-0.4327027368627905,-0.5746541250308533,-0.402668050488517,-0.35370725586820484,-1.5628404475905524,-1.1704691275560968,-0.51306340685304,-0.8873916045011243,-0.30748576337631356,-0.8007900725068107,0.7908541193547364,0.7260203381271674,1.341469288637464,1.4287870801877345,-1.4029827305368496,-0.9918261110390677,-0.2905551263059733,-1.213929753625732,-0.33916101040121266,0.49509806250854277,-0.3754167307404086,0.08136640629672903,-22.62578130233349
s696,-25.206008126572886,1.164169431238003,-1.107075730585861,0.8450343782374,-1.0139443402893042,0.4642292575297703,1.891571632700027,-0.8873241080687607,0.3756874391481685,-0.5582749381717423,-0.06544656127666788,-1.2421742124175847,1.316182469885239,-0.4324161530479095,0.024510876436258704,2.008587429075167,-0.5795449505715446,-0.5931276049690055,-0.4327027368627905,-0.09545358337075042,0.40717950506359396,-0.35370725586820484,-1.214646687135153,-0.8845790462005014,-0.9069245891624111,-0.8244696985735417,0.10847761009023138,-0.7837337980309658,1.182706007408473,0.21206390841464762,1.5025975215816227,1.613312062177316,-0.08228697278301325,-1.1659183487693416,-0.3005682548703451,-0.7749849547704458,-0.5918577563963389,-0.4862595749117384,-0.574648711251472,-0.5590648260352125,-21.10358706695218
s697,27.999567048856328,0.7120221272275215,0.5418669163287543,0.32487374282476245,1.0681621873271985,-0.854175987804555,-1.1422377123346528,0.9181983727186315,-1.319253478469813,-0.5582749381717423,-0.06544656127666788,0.9068629442946458,-0.9088194600200015,-0.4324161530479095,0.9848870541683377,-0.5609384697647599,-0.5795449505715446,-0.5931276049690055,-0.4327027368627905,1.6804072474872782,0.5067864236609123,-0.35370725586820484,0.283687378206804,-0.4011519906584201,-0.5458861818000988,-0.2431175091880319,-1.5065170904229133,0.30347484153866167,-1.1672861686423588,-0.8449263084472617,-0.7208678186754897,-0.7600439541989177,-0.4273662886203029,0.25611958843682014,-0.2373116418998542,0.3538099611486682,-0.6810545297249424,-0.8320229535859879,-0.6033518019542355,-0.6572639418970275,-20.80079623838923
s698,64.28979970468936,0.6208271235201881,-1.1782167209457104,1.1356469232205675,-1.1877923212531207,1.812164432463756,0.38003179966823625,-0.3140780875134754,0.8474311300989148,0.5161311010479614,-0.06544656127666788,-1.2421742124175847,0.7375878876900073,1.8980307461064332,0.7764333101644758,-0.5609384697647599,-0.5795449505715446,0.44496888994858796,-0.4327027368627905,-0.5746541250308533,-0.402668050488517,0.21163127655574135,-1.2245924476834764,-1.1259041650247594,-0.779057095667461,-1.1931301339409468,-0.6417711709042564,-0.8398258569825435,1.061992902021021,0.8299579336979208,1.2494254977891324,1.358465478624155,-0.6480928821457046,-1.1435265626600806,-0.00030225688729481313,-1.0521013084686632,-0.642069137824278,-0.5081633515092716,-0.5839733339001622,-0.5228813927098219,-22.843820502701096
s699,-48.26946068817037,0.5765017133009103,1.4244303140797836,-0.7741475741549684,0.9740685609933681,-0.5263285087407205,-0.9889622725998863,0.6121233579833663,-0.1776918099702092,-0.5582749381717423,-0.06544656127666788,0.8304465592167906,-0.9088194600200015,0.2249808510870352,-0.35987760610086833,-0.5609384697647599,-0.5795449505715446,1.599665177046251,-0.4327027368627905,0.06665515005329925,-0.402668050488517,2.1637455292485175,1.1764717936443772,0.8922673451578392,0.3432402562499842,0.8620497910697088,0.8686799482545229,0.383304571452011,-0.17279601450930324,-0.6246604382361409,-0.7890574215642008,-0.8240161742012235,1.4507212282416462,1.4594743348059271,-0.011396319733418706,1.290250195036842,-0.3673198719310886,-0.4883434137272326,-0.44155516163892894,-0.5044794996111731,-17.100212536864447
s700,-43.108628179946976,-0.3485929510451038,1.48164038169159,-1.2974645791039194,0.7255594605379979,-0.319735506049934,-0.1680072215786267,-0.36424020688266107,0.5838910933908242,-0.5582749381717423,-0.06544656127666788,0.42646772568835456,-0.9088194600200015,0.8576609083774002,-1.149282229680727,-0.5609384697647599,2.5046809314999985,-0.5931276049690055,-0.4327027368627905,-0.5746541250308533,3.085105168555928,-0.35370725586820484,1.612623103621697,0.8991067672776711,1.419349181429858,1.3509369733656078,1.4438972669056032,0.9959356512359577,-0.7280461073462468,-0.41648283991298296,-0.7006971305105306,-0.7386360921748852,0.643709990610379,1.4602517524469663,1.8155891364369419,1.0876410104793208,1.0414986310814671,0.461487457107309,0.5615009258295433,0.10937821304316403,-17.68315556313765
s701,-16.314969859069112,0.3734820962070817,0.8844531210937298,-1.3305176955356575,0.1934314108689293,0.40933949567834577,0.3661706886629525,-0.5162995337220531,1.3869819216878647,-0.5582749381717423,-0.06544656127666788,-1.2421742124175847,0.7455087477820828,-0.4324161530479095,-1.4243040446097301,0.7033549668715676,1.5346612818686347,-0.5931276049690055,-0.4327027368627905,-0.5746541250308533,4.378999803286834,-0.35370725586820484,0.7277933932000853,1.3386029564906607,1.2675563753163346,2.4285160860738952,-0.15720458429421796,-2.109656213113065,1.52105500471565,1.6966711675080408,0.37378803851137227,0.7656400504351171,3.0144133098857107,1.1502897475713765,-0.13098511966469154,1.0838737926553532,2.536826699698773,1.280273441519394,2.2294092805279857,0.9744789706780728,-19.03295584190279
s702,-32.80746012454279,-1.3612131839264978,0.4826075101095514,-0.5676220374664339,0.5243987142896612,-0.7363981359458676,-0.852158701194748,0.2513492103069619,-0.4602535031405653,1.3946007732118981,-0.06544656127666788,0.7468023318665513,-0.9088194600200015,-0.4324161530479095,-0.21210354416439864,-0.5609384697647599,0.4904272470633983,-0.5931276049690055,1.5540960390208762,-0.5746541250308533,-0.402668050488517,-0.35370725586820484,0.6728027881321217,0.2292583364885748,0.6444334759939028,0.26213875052181557,1.114982867454114,0.5445800825338962,-0.6265965202061621,-0.703945567015343,-0.7319867650311237,-0.7679714471941181,0.1086547363393606,0.5021708571245055,-0.28835146944018153,0.6194323332579017,-0.22932167381665808,-0.02762289913372863,-0.2401549945720717,-0.08752938284709531,-18.379396451732774
s703,-36.42439831438032,0.42327084569348866,-1.368136092976692,-0.13568864266594088,-1.6508831296501167,0.611840070692147,2.1518663506390774,-0.9107993448982096,1.6104404806093513,-0.5582749381717423,-0.06544656127666788,-1.2421742124175847,1.0368532232737584,2.2141657996531805,-1.1579931247168456,3.0931275811829284,-0.5795449505715446,-0.5931276049690055,-0.4327027368627905,-0.5746541250308533,-0.402668050488517,-0.35370725586820484,-1.0511220582583802,-0.9527375294295098,-0.3523407458643555,-0.31438068848562384,-0.010464515130202053,-0.4100474617027753,0.883847240016618,0.54118631836296,1.1226324124250362,1.218125733524476,0.882568380438172,-0.9724965199154256,-0.20894988449040605,-0.7925666834456497,0.9484374576184714,2.066508361766982,1.3244018674411453,2.294281089193416,-20.910485724898535
s704,36.69909072483577,0.470732162691379,0.33238876105414683,0.04097377553894261,0.6600706792867284,-1.114172565216757,-1.2012132701161056,1.0057381304149362,-1.0789165923611124,0.04993279861666291,-0.06544656127666788,1.2646667816372137,-0.9088194600200015,-0.4324161530479095,0.3324988133708751,-0.5609384697647599,-0.5795449505715446,-0.5931276049690055,-0.4327027368627905,1.7418603417620613,-0.402668050488517,-0.35370725586820484,0.22742993938603184,0.1439475694452938,-0.04902214475236549,-0.06539743881917208,1.0943002496434735,0.18952643836159688,-1.212959193013392,-0.9306629563058434,-0.6584082652803938,-0.6937534295410737,-0.4561929218140223,0.08992575867290416,-0.2937042058055763,0.22843702792969717,-0.696496246041278,-0.9128148172469706,-0.6195907739759191,-0.7095736127223856,-21.016140445158687
s705,-9.148763567697646,-0.4450112573975823,0.5500972861688032,0.3222124435482559,1.321224059740498,-1.3334795610018515,-0.247650035037246,-0.5205826433632501,-1.5855674345976793,-0.5582749381717423,-0.06544656127666788,0.6687661328469433,-0.9088194600200015,-0.4324161530479095,0.9036369545294138,1.7423859688584786,-0.5795449505715446,-0.5931276049690055,-0.4327027368627905,-0.5746541250308533,0.9315062796088692,-0.35370725586820484,0.8345415461495937,-0.24577354221975337,-0.6012646387313891,-0.25862524138819326,1.545498726966442,0.49476117249962775,-1.1693237913622705,-0.7543428543402629,-0.8651294580180431,-0.9090468870667316,-0.22183734228113144,0.21137825409840474,-0.22454674655817558,0.32915715989766553,-0.6607535404760394,-0.7771332285245601,-0.5860100031518507,-0.6156234256621935,-19.980673471190716
s706,21.597093837954674,0.6671993871151343,-1.0484770685830165,0.5862978475889338,-1.1358142128277957,1.0938877811649173,0.4545674699147794,-0.45370205323890633,0.6795523143098441,-0.5582749381717423,-0.06544656127666788,-0.854053789466212,1.333572447947024,-0.4324161530479095,0.21716552445792753,-0.5609384697647599,-0.0846357389958043,0.993878348799649,-0.4327027368627905,0.2059440423792691,-0.402668050488517,-0.35370725586820484,-0.9870399967886431,-0.7146411838614897,-0.8248990689337162,-0.9896904328158337,-0.3537513498027239,-0.847087867838346,1.0314050721725978,-0.01588209444522919,1.4881727172307764,0.5424892774263146,0.3783053347381001,-1.080281290122823,-0.23857539710885198,-0.8373423633595501,-0.5785145932872526,-0.399021198110131,-0.5641545354039222,-0.5134059233045162,-22.050536815593404
s707,35.60687450938087,0.7843664714945285,0.31520485067444465,-0.05287244640393333,0.41667336846957365,-0.7412779110173647,-0.11429779910340185,-0.47852579102322085,-0.6275069289108723,-0.5582749381717423,-0.06544656127666788,1.0870317837148562,-0.9088194600200015,0.49275466816741254,0.15227392549179677,-0.3959566804996607,-0.5795449505715446,-0.5931276049690055,-0.4327027368627905,2.132936379416365,-0.402668050488517,-0.35370725586820484,0.4121076586744818,-0.13943021865834015,-0.03022916027780962,-0.03160382466237074,-1.5081985027422646,0.39384867055250905,-0.6982709278388013,-0.8156867706051619,-0.5794331894474855,-0.6099343990279997,-0.4415755238863127,0.14130179576460294,-0.2781967647577336,0.3236981480140641,-0.5972307736559593,-0.6821322733384388,-0.5355324415794485,-0.5401503619863816,-20.9556632848631
s708,41.039190036704866,-0.12571399665145166,0.20056907606013566,0.10983423482814118,0.12368623374920588,0.4840746323655391,0.15610649125587137,-0.4066566867723382,-0.1095989053301498,-0.5582749381717423,-0.06544656127666788,0.3462445555871073,-0.9088194600200015,1.8347606945456818,0.7386367521857536,-0.5609384697647599,-0.5795449505715446,1.3144856121872561,-0.4327027368627905,-0.5746541250308533,0.9187615273354403,-0.35370725586820484,0.10537069838701571,-0.3875972667539737,-0.10275589524235966,-0.44854656027932543,-1.3388522884422167,0.06940684101575728,-1.0908739820259536,-0.7424475530024762,-0.8082802285140391,-0.8475707538263585,-0.1302477747447921,0.10358572393049932,-0.14306307025235088,0.17544241333304578,-0.7051749375761677,-0.9069943543399401,-0.6227196697974411,-0.7081479399150502,-20.985488186910523
s709,51.48949719557402,-0.062137550159137744,0.23853902643572605,-0.8532914657162187,-0.1909105218574517,-0.4092187026591769,-0.69087059142448,0.10503850670390832,0.2760300796920613,-0.5582749381717423,-0.06544656127666788,1.0226814453837825,-0.20893983464365565,-0.4324161530479095,-0.9017835104510825,-0.5609384697647599,-0.5795449505715446,1.8315410143387902,-0.4327027368627905,0.6825640260926106,-0.402668050488517,-0.35370725586820484,0.13545672180647472,-0.37528702363987404,0.7464159923020336,0.2706567477440137,-0.44257823287970033,-1.0157862507070516,0.9377190733007461,2.319653014314638,0.15237343215933608,-0.09247389717662233,-0.2672835878013525,0.058346061712011926,-0.2822620190350849,0.20187443781570727,0.06738033440550206,0.060812233172397784,-0.07894934067779313,-0.10455813699445742,-21.15794840593145
s710,7.405492742799413,-0.07411403418642801,-0.9893983378865241,1.3645863840186334,-0.5459866777945277,0.08786431325947233,1.681029023378833,-0.8897045099620318,-0.44933002290519225,-0.5582749381717423,-0.06544656127666788,-0.7681434806046661,0.8703348675577253,-0.4324161530479095,0.7502401695566605,2.0715720001319284,-0.5795449505715446,-0.5931276049690055,-0.4327027368627905,-0.5746541250308533,-0.402668050488517,-0.35370725586820484,-0.8022228028866112,-1.171233256324302,-1.2240754773718914,-1.2181483255743044,-0.17062978193858555,-0.7861957554048565,0.8429699204632506,1.275746934348765,0.7221847561049851,-0.05073802610423372,-0.6325823793576955,-1.1014462425842897,-0.2967902553172088,-1.4028717372390886,-0.6390885068128009,-0.537868537253843,-0.6050705552716403,-0.6200772347053131,-21.44561556804213
s711,-2.9866298963615314,0.9315450645192087,-1.4483832379957378,0.9332128089795666,-1.3903817588186265,0.8376320949644348,1.523951417687581,-0.7912125860995406,0.6756052433605942,0.9083745756837264,-0.06544656127666788,-1.2421742124175847,1.5409301395726371,-0.4324161530479095,0.024510876436258704,0.31503626847612415,-0.5795449505715446,-0.5931276049690055,-0.4327027368627905,0.315289738052195,-0.402668050488517,-0.35370725586820484,-1.624811282276009,-1.2086994774621702,-0.914067680463145,-1.196835239646411,-0.7062588503708978,-1.0135645275276566,0.7418721807437205,-0.46997642427043557,1.496403738481681,1.593224470618291,-1.1651270385820347,-1.6220916870410873,-0.12288070147169584,-1.4437862392128977,-0.4075816511424325,0.34256637858023226,-0.33202194512470506,0.29463106702014225,-21.584870307088842
s712,-54.70912041844576,0.8064090120195895,1.5391879617571531,-0.8754782888189976,1.0677851473618287,-0.47146682413629026,-1.086993779082519,0.9111960655115515,-0.10115692692121332,-0.5582749381717423,-0.06544656127666788,0.4825640767218384,-0.9088194600200015,-0.4324161530479095,-0.4962901353686998,-0.5609384697647599,0.03262819732904453,-0.057755345463263684,-0.4327027368627905,1.0882432769986083,3.6932705700277566,-0.35370725586820484,1.246776756790901,0.7027569320368141,0.7476781886049163,0.8885623174378288,-1.3283072558370763,0.9205910861032655,-0.49019194443830266,-0.4853152358798076,-0.9560995153248212,-0.9913107922682969,1.0878214538139332,1.4586092873574468,-0.29784391061993315,1.3653843094802016,0.013851621581916428,-0.023711319721999455,-0.21568412132350243,-0.26842610318695936,-17.01606937532507
s713,21.563931617360357,-0.663533519399855,0.2239697242262276,0.33940254401141673,0.5721182642877063,-0.8489428665491164,-1.3679546975792594,2.1047857431728163,-1.2926999338048346,-0.5582749381717423,-0.06544656127666788,1.2440464679375856,-0.9088194600200015,-0.4324161530479095,0.9384920697368366,-0.5609384697647599,-0.11721128492681628,1.25524296569172,-0.4327027368627905,-0.5746541250308533,-0.402668050488517,-0.35370725586820484,0.06505134775075928,-0.2839799863320775,-0.6556813919654649,-0.24054976016201068,-1.3471665948005347,0.1957190412415147,-1.2694102422652354,-0.9849318964447416,-0.6300024833312869,-0.6636053723365779,-0.4563151665360503,-0.08677772548152655,-0.29691933292250017,0.058067050544249744,-0.728015854252525,-0.9721828531155192,-0.6197296935924936,-0.6966840904873755,-20.696772604693734
s714,-65.21620360144502,2.087445578311402,2.0942303782898333,-0.5410778599330255,1.9494633123331044,-0.8507896243511035,-1.3994688768248513,2.3707404906427825,-0.7262575200518943,-0.5582749381717423,-0.06544656127666788,0.3462445555871073,-0.9088194600200015,-0.4324161530479095,0.03636737245764224,-0.5609384697647599,-0.5795449505715446,-0.5931276049690055,-0.4327027368627905,1.9100894243178284,-0.402668050488517,4.148062539359515,1.5684389408048898,1.6932781376045398,0.34253317327328225,1.0073044045329993,-1.465923205376403,0.3884534602571227,-0.631935793506315,-0.4948796651116891,-1.0711882961976102,-1.0353262417833289,2.568688680489691,2.3500417564213527,0.10744637618080417,1.9524390349583571,-0.5129758647921437,-0.6793067027911295,-0.531371962812895,-0.6078225120143571,-16.67903695847065
s715,-9.747737396127041,-0.37783238753470844,0.5540255505987236,-0.2940813335494596,0.5983768046061028,-0.6867257263582867,-1.3308174396806347,1.9431108088998774,-0.7312496963580568,0.3985852161528233,-0.06544656127666788,0.9732519640100121,-0.9088194600200015,-0.4324161530479095,0.22669533490617022,-0.5609384697647599,-0.5795449505715446,1.1549202209025686,-0.4327027368627905,-0.5746541250308533,1.089156393949582,-0.35370725586820484,0.7018955075898575,0.8135616788043377,-0.003113293034695154,0.3921742030606632,0.8664173348845191,0.6827373119480546,-0.8797290296863265,-0.8383977461016445,-0.681502464608855,-0.718264116967102,6.979484050261738e-05,0.537354073620134,-0.28677985487952473,0.707406506432442,-0.6388954333892409,-0.7910707292231696,-0.6028364631225145,-0.6804381151877148,-19.039793089556866
s716,-49.77322125092667,0.9224028827104167,1.5106534216382104,0.05639289153933877,2.1538339893755145,-0.8242199806112454,-1.3596165194347352,2.0578501308457717,-1.4635879830684788,-0.06705261295699205,-0.06544656127666788,0.19424275960579723,-0.9088194600200015,-0.4324161530479095,1.2299591250409576,-0.5609384697647599,0.5979364152468136,-0.5931276049690055,-0.4327027368627905,-0.5746541250308533,-0.402668050488517,3.384946401822622,1.1264190621359675,0.6364377423253108,-0.09308234285148259,0.32277675453968985,-1.4241192848159065,0.13056444263564318,-0.48802935184278556,-0.47227847011112023,-0.9161999596189052,-0.9038577613550013,1.0312992702758144,1.1980500569077146,-0.2910667131494263,1.3197394204852348,-0.684789844273573,-0.8719306817797707,-0.6151111281505048,-0.6966339972547893,-17.752929317692864
s717,13.356707867151814,-0.8302519210297442,0.06493009388313589,-0.9882901439755359,-0.4157356960968272,-0.18148310148195154,-0.3590739028183133,-0.19360368584949816,0.5818679733656499,-0.5582749381717423,-0.06544656127666788,0.702470823411689,0.14964291082395756,-0.4324161530479095,-1.0512045971508988,-0.019895249086566747,-0.5795449505715446,2.6304782386235743,-0.4327027368627905,-0.5746541250308533,-0.402668050488517,-0.35370725586820484,0.09911663896766548,0.7618555241865138,0.71926435657766,0.7821821538955301,-0.26758633755506167,-1.2100974459695695,0.7985166966367293,2.0517940156235808,0.041831777669634744,-0.20875588343914828,-0.0038966031808601817,0.2641569051464642,-0.20385652435132615,0.32563628325359956,0.28444969257647085,0.2535196154246636,0.08506867844729746,0.023608580047746693,-19.805539078017304
s718,43.44385309315563,-0.019630270220987133,-1.329251586870891,0.1723863445731474,-1.6554093332534179,1.788541624895878,0.9251565828477643,-0.538764937376844,1.9119850242804437,0.199590214164991,-0.06544656127666788,-1.2421742124175847,0.5777005599596389,3.80292012326374,-0.25024241325612095,-0.5609384697647599,1.2505474784541015,-0.5931276049690055,-0.4327027368627905,-0.5746541250308533,-0.402668050488517,-0.35370725586820484,-1.5759842645235334,-0.7592870594482231,-0.3588430524474036,-0.8207183520122454,-0.6111179257797963,-0.4092141158858041,1.6294764829420927,0.7182065688641199,1.247418266693467,1.3289674168956258,-1.2196621650672705,-1.1032574441106562,-0.3003532897791677,-1.1895806161036027,-0.10791149440140468,1.116920060273321,-0.08382027613163937,0.8256345548357719,-22.05506805307129
s719,26.647816718526176,0.05365811525710611,-1.3713531299138284,0.7826841667086779,-1.417558615768463,1.1890981241783165,0.6316262058492944,-0.5116471578053295,0.7651059993656629,0.736816949063018,-0.06544656127666788,-1.0454434475729668,1.4510310716976778,-0.4324161530479095,0.20660054927842644,-0.5609384697647599,-0.5795449505715446,1.088847220511827,-0.4327027368627905,-0.5746541250308533,-0.402668050488517,-0.35370725586820484,-1.4162876722670454,-0.965587923445037,-1.0033097887581366,-1.0500174454828761,-0.6090074648449194,-0.951072054472609,0.6803779588669371,-0.44382365233263243,1.5097615518820973,0.6673142791499902,-1.3603141229151707,-1.3673332922453663,-0.29140884556867624,-1.107615555650273,-0.6452814831412352,-0.5937870279014564,-0.5953936355172819,-0.593247395113694,-22.119267245079417
s720,27.43944281143848,-0.3410827014725614,-1.7166317480169337,0.3222858243830899,-1.7525600028792596,0.815081314381796,1.5236972390775156,-0.7933624976556262,1.0867853052984375,3.1948258225197286,-0.06544656127666788,-1.2421742124175847,1.5846075168892446,-0.4324161530479095,-0.4949378737836082,-0.5609384697647599,-0.5795449505715446,-0.5931276049690055,-0.4327027368627905,-0.5746541250308533,-0.402668050488517,-0.35370725586820484,-1.9489641533241704,-0.9011001695728356,-0.8907839461623387,-0.9967310097260988,-0.721916198557222,-1.094050132797473,0.1920120455478417,-0.8578285082362465,1.4665389234756505,1.5615278902243193,-1.0396440734036332,-1.7782491812909869,-0.30140075047329556,-1.6215365704345668,-0.1895373635714594,0.9153470063561145,-0.03553460882730994,1.0282920762209102,-22.272737453163764
s721,-29.967647275507886,-0.27120224582172386,1.2474835640564366,-1.162874574569307,0.66890266386849,-0.6974839098049147,-0.6372727344338562,-0.0443747507708211,0.2305509630837122,-0.5582749381717423,-0.06544656127666788,0.8296763545450571,-0.9088194600200015,-0.4324161530479095,-1.2420721985437297,0.10556404846199972,-0.1832589514474917,-0.5931276049690055,2.427083379939457,1.9255226140653359,-0.402668050488517,-0.35370725586820484,1.1424475935827125,1.4538489047550247,1.692217213112185,1.9355247070327737,-1.1916181834770048,0.8592293102166878,-1.3618907610650404,-0.7713809257149934,-0.8982746719620744,-0.9277101500456902,0.4937720887774018,1.5217616758640349,-0.248654651875559,1.1344761709161555,1.4812484277101068,0.7520403526098355,0.9761898289536384,0.35640138413734385,-17.857359390850952
s722,1.287407711470711,0.27529691064271045,-1.3540502489741137,0.5705993027282085,-1.488557829034455,1.0974725189051577,1.7676893307095614,-0.8110382894584405,0.9792015568986762,-0.5582749381717423,-0.06544656127666788,-1.2421742124175847,1.7317181393469172,-0.4324161530479095,-0.10100084135838906,-0.45288872231654514,1.9500515812819912,-0.17174797046815732,-0.4327027368627905,-0.5746541250308533,-0.402668050488517,-0.35370725586820484,-1.2709860088885658,-1.4506972326926104,-0.7265116312963286,-1.1332044873943585,-0.2972666765395355,-0.9610114374951284,0.32498809172353765,-0.517267087526677,1.4867436658241402,1.5829718951531653,-1.294160750058012,-1.3975670150987691,-0.1369627807641933,-1.1524416941069586,-0.15256149962763632,1.1442256154029515,-0.09292662010210183,0.9350471364738802,-21.856255041946735
s723,3.6201880821817234,0.2953969368626816,-0.1768421792899906,0.9101596843013122,0.2408333962349373,0.24540609686514606,1.0546355380274863,-0.7539801127845803,-0.6781944560705047,-0.5582749381717423,-0.06544656127666788,0.3383810963395595,-0.9088194600200015,2.1209637124349716,1.349386263538599,-0.19667174693191702,-0.5795449505715446,-0.5931276049690055,-0.4327027368627905,0.777545423217952,-0.402668050488517,-0.35370725586820484,-0.38109760228230444,-0.8650173999414267,-0.8943315723461609,-0.8158490419383805,-1.2870640972440333,0.22787501899664775,-0.7256267771802795,-0.674891329251558,-0.795958508422408,-0.8113814773433199,-0.5754948602237773,-0.40988772071326285,-0.19987413774856774,-0.5233982583182861,-0.7214952473526032,-0.9176002196698082,-0.6311669212532105,-0.7210691575249356,-20.338018392403935
s724,-7.849957701492171,1.396336776436091,-0.9450527407246869,1.216841547356769,-0.7147647034649699,0.850393877433918,0.5930937391667043,-0.5427377869371994,-0.0034903421030542266,-0.5582749381717423,-0.06544656127666788,-0.7680193562967811,1.01663072506308,-0.4324161530479095,0.8415473261486245,-0.5609384697647599,0.10064743598466562,-0.5931276049690055,-0.4327027368627905,1.213407597581471,-0.402668050488517,-0.35370725586820484,-1.1694226431326342,-1.1477502745924943,-0.8734537804296139,-1.210584422345554,-0.31535748253547957,-0.8155528774108258,1.7021532148480092,0.865560373089348,1.1311405305157254,0.20627791572941034,-1.0845805184395614,-1.1735793954693308,-0.298151298782156,-1.0625952732156476,-0.6683527059572448,-0.6624836917435237,-0.6030127284164122,-0.6101650433544973,-21.01306363073858
s725,-9.563047002634029,-1.0333073550587277,-0.27859687278265644,-0.9678399582389136,-0.6810104634173264,0.4449499948781089,0.940233220344421,-0.7023565515069519,1.3678250787805084,-0.5582749381717423,-0.06544656127666788,-1.2421742124175847,1.1010912590095046,-0.4324161530479095,-1.3034617596926366,1.7705532289752357,0.7200621758333816,-0.5931276049690055,2.2525316958040382,-0.5746541250308533,-0.402668050488517,-0.35370725586820484,-0.33953866277325134,1.1737728285899207,0.8857872346535716,1.4669775968991812,-0.10429769091094952,0.010329889933839362,0.8663064218204906,1.4487738342776686,0.7691572775706895,1.1012575554479034,2.052857570677436,0.32905536305971045,-0.2819646470175688,0.6405439800920871,1.8906447627665752,1.8289211844653754,1.77871017500767,1.4810098873255775,-19.77835943733275
s726,-49.79734542477691,-0.1698318957673898,1.3222602592190764,-0.8475052623613875,1.2146672239803307,-1.2875542659133448,-0.18239267909634602,-0.5477497016938447,-0.5487930284357558,-0.5582749381717423,-0.06544656127666788,0.5176092359527589,-0.9088194600200015,-0.4324161530479095,-0.821629684027551,2.746683985833599,-0.5795449505715446,-0.5931276049690055,-0.4327027368627905,-0.5746541250308533,2.933256244731797,-0.35370725586820484,1.546465476803855,1.2403612689799788,0.8868484790130057,1.5636879980531966,1.783617942596489,0.5570541856505563,-1.1552784065058188,-0.6839184546086018,-0.8715798677145703,-0.9110104098452598,1.4357208110350452,1.2740496274015845,-0.28382011203891594,1.2916409650394816,0.6553768584319295,0.552269744086385,0.5619468866018575,0.4115915566922453,-17.826428090857362
s727,39.487268448545485,0.11155921853342997,0.32557071289604184,0.23761533546128286,0.38310975872461256,0.34236732409757853,-0.20127597879562303,-0.20878150818494984,-0.4449303526237034,-0.5582749381717423,-0.06544656127666788,0.30444406169224714,-0.9088194600200015,1.1834445387676984,0.9848870541683377,-0.5609384697647599,-0.5795449505715446,1.1549202209025686,-0.4327027368627905,-0.5746541250308533,1.4960176060690635,-0.35370725586820484,0.5023762151143704,-0.6633302133545825,-0.5699194351030826,-0.4460612673105345,-1.5280661647214242,0.329916000080341,-1.0058621106819512,-0.6008264548161306,-0.7500511890681514,-0.7740037479982875,-0.13728453133787547,0.25259954168707044,0.06388455985637959,0.25210000606080807,-0.715487152427562,-0.9321377065187486,-0.6241635767564037,-0.7095997190766629,-20.9884017983634
s728,6.35604049671338,1.261111868853354,-0.6086084049975389,1.2743776106685458,-0.2865392414342775,1.2349336380509406,0.1423432097802817,-0.27462973562194537,-0.2532112745839474,-0.5582749381717423,-0.06544656127666788,-1.2421742124175847,0.7267205124575978,-0.4324161530479095,1.3969296386738503,-0.5609384697647599,1.0448352834617018,-0.5931276049690055,-0.4327027368627905,-0.5746541250308533,2.046555879894105,-0.35370725586820484,-0.8002863362725033,-1.4311279007075768,-0.9191049863325168,-1.154019164174373,-0.15736156484469604,-1.031198117778066,1.7967113369593195,1.5600547311579063,1.1375157744445683,1.452744790505224,-0.21329692740039555,-0.6911081053839074,-0.2446918784092413,-0.6910770428682923,-0.7473628972067197,-1.0171792248708322,-0.6386343060131014,-0.7456060513113126,-21.354889436198928
s729,-38.96368753245464,-0.1398523270625925,-0.02742864248782578,-0.3532800497713184,-0.2647113213183361,0.9513846613149214,0.13009038355815145,-0.3147957315160294,0.8981697052765647,-0.19310305718130552,-0.06544656127666788,-1.2421742124175847,0.5876711210692585,-0.4324161530479095,-0.22534308850216853,0.2366970642431997,-0.5795449505715446,-0.5931276049690055,3.3950298148519846,0.9447622265743512,-0.402668050488517,-0.35370725586820484,0.4533224641250346,0.08746697115572495,0.9884860534323852,-0.0054181112083283205,-0.8577392287645634,-0.6978963920062559,1.2578699986279687,2.2035652514110473,0.151250793337611,0.898613785144038,0.7178947060413876,0.43337467498201493,-0.2787941126401219,0.5529855473626671,0.046036322443492414,0.7216585723028408,-0.0028291085514375496,0.4451279397700026,-18.30313789299144
s730,-1.8479062761940908,-0.42501828605504105,0.44834852240793505,-0.6176912003298223,0.2803087054322764,-1.2537077145235245,-0.8882625443616092,0.13522478269210447,-0.5967687213386234,-0.5582749381717423,-0.06544656127666788,1.5539679163840636,-0.9088194600200015,-0.4324161530479095,-0.6686531967477766,0.7059671433935436,-0.5795449505715446,1.1196703308602,-0.4327027368627905,0.019396133225472616,-0.402668050488517,-0.35370725586820484,0.8336406758388091,1.0563073901669642,0.34970091761517014,1.1403924074079823,0.8144010364260094,0.10910503623347484,-1.3015912588857799,-1.0527993791347912,-0.5819634975845239,-0.6126199042042738,-0.3125530523346282,0.4311004817184384,-0.2275326427884819,0.5921705319491392,-0.4808772127068381,-0.6486217316368559,-0.5110161885193123,-0.5884346766471933,-19.741023805942707
s731,-54.321033629780516,-1.0314752968718583,0.5464227233876459,-0.4450403576474665,0.7676356916537509,-1.657733638587465,0.0071189212512028106,-0.705548357908324,-0.9862310177260901,-0.5582749381717423,-0.06544656127666788,1.074877017974581,-0.9088194600200015,-0.4324161530479095,-0.5423166535401672,2.92688755222188,-0.5795449505715446,-0.5931276049690055,0.32953866172477136,-0.5746541250308533,-0.402668050488517,-0.35370725586820484,0.52906210101748,1.1508630170578094,0.49277781551701993,0.838704871056077,1.715424641212959,0.6323095643343772,-1.1526866490079355,-0.8142453590023129,-0.6424476920855552,-0.676813910869958,0.6108670161468588,0.4993122897532405,-0.3010981110292827,0.813242069693114,-0.19823074851122957,-0.16315599161227065,-0.24874889812852832,-0.21812313916033382,-18.585425685908362
s732,-34.6222348459938,-0.8938759595797526,1.2632778021931175,-1.2730543373685308,0.5475492085802078,-0.6815873842199872,-1.4138726067899512,2.643845886470536,0.12116201075068858,-0.5582749381717423,-0.06544656127666788,1.4925261407451325,-0.9088194600200015,-0.4324161530479095,-1.0942778666949264,-0.5609384697647599,-0.5795449505715446,2.967844048559068,-0.4327027368627905,-0.5746541250308533,0.9255730200046359,-0.35370725586820484,1.3622188536996753,0.5946082547613623,1.0720159239022977,0.8448767128635911,1.34290110477936,0.8092647237752486,-1.291473199025885,-1.0017820913974034,-0.7565369279641132,-0.7979008366179087,1.011883007934314,1.0590300587506865,1.1073019218152627,0.9103565488607861,1.1787758571691498,0.7395599002569638,0.8695324654388659,0.43714961654134604,-17.2857512542596
s733,30.181160405144638,-0.6287982760580204,-0.9824098220595545,0.257123661876757,-0.8228130155541606,0.03643685848023487,0.7882732833957723,-0.7109826438806125,0.22993942354943223,1.3016066917174391,-0.06544656127666788,-0.5975984804736517,0.8924191100833477,-0.4324161530479095,-0.22138254105069874,1.0386675739794633,-0.5795449505715446,-0.5931276049690055,-0.4327027368627905,-0.5746541250308533,-0.402668050488517,-0.35370725586820484,-1.1186572763894331,-0.6243081477368974,-0.5750819311445563,-0.509716365998147,-0.874702219352684,-0.5700234888792287,0.23680992075044854,0.8419544381419404,0.6963962240216963,-0.13583200007472754,-0.2315062391361166,-0.995688386583363,0.5521149177634158,-0.6593425612860728,-0.45566276765791575,-0.16670352728148688,-0.43496422304088855,-0.23590317522946055,-21.896723814100017
s734,-15.255995197756405,-0.9802284502450257,0.4852462843165985,-1.2470079946849015,0.012308575695936056,-0.7973657878466109,-0.3736736771503275,-0.3201186496751959,0.31544833094278657,-0.5582749381717423,-0.06544656127666788,1.069857549900356,-0.2270848619682276,-0.4324161530479095,-1.4338381341939357,-0.5609384697647599,2.7118304310421166,-0.2388565789256998,-0.4327027368627905,-0.20194259262855108,-0.402668050488517,-0.35370725586820484,0.44334383781000664,1.4945262627807678,2.059757263976911,1.8197328461415905,-0.26738285496580144,0.47236839759457155,0.10590028029505708,0.2794718356525115,-1.1036429923457776,-0.6071519555556302,0.3061029382637242,0.7004223331293326,8.347884133057024,0.865151839176461,1.8861400087523303,0.9659665074880769,1.6132376357397689,0.7113669073634667,-19.072918005433696
s735,8.128844509993584,-0.8068264631298153,0.15367023380882833,1.0151603780302374,1.3102074045323953,-1.3403803034473734,-0.3268620441525725,-0.47372741393607787,-2.0589499848032924,-0.5582749381717423,-0.06544656127666788,0.8727429112740558,-0.9088194600200015,-0.4324161530479095,1.7222545314532676,0.7481024312019545,-0.04188726074874252,-0.5931276049690055,-0.4327027368627905,-0.5746541250308533,-0.402668050488517,-0.35370725586820484,0.11373167771624998,-0.801386412064315,-0.7196320726000325,-0.8350106203751411,1.7072518400559669,0.1312000140223909,-1.1729690578321184,-0.8434008359668013,-0.7324701072410098,-0.772357871837343,-0.6841496764141612,-0.20233753190838077,-0.3004528600086779,-0.7126039688084408,-0.7233204612317384,-0.9233019941803349,-0.615697853031089,-0.6656043700256724,-21.04653345651221
s736,-37.77289449538328,1.8694511344023337,0.22315544434502577,-0.6741508251876323,-0.16864996885125172,0.8899845424666564,0.05125502745776783,-0.2784266684028975,1.1819649906620966,-0.3600790579210033,-0.06544656127666788,-1.2421742124175847,0.968127294936917,-0.4324161530479095,-0.6219199356021936,-0.5609384697647599,-0.10446077015448506,-0.5931276049690055,-0.4327027368627905,1.8120976075619373,2.999885561290623,-0.35370725586820484,0.06774355833480088,0.8842691693720928,1.079297244205347,0.25911422249680033,-0.5965343825694838,-0.8887008304542133,0.9147515837724124,2.081559896429017,0.20097281939037276,0.7801532882169739,2.137815016104852,0.9483237937543063,0.21254369637724166,0.8069069163755095,0.33115595997222397,0.7513585783831459,0.274167538298116,0.5372203904062208,-18.392804230938623
s737,5.641093392748098,-0.12351161385765558,-0.8587528353870016,0.7520707541149835,-0.5744459082542877,-0.28988798273897615,1.3897532863670687,-0.8789963987481396,-0.27459262813599694,-0.5582749381717423,-0.06544656127666788,-0.5072341854303392,0.7348575272460438,-0.4324161530479095,0.12484868605005799,2.5507329884640524,-0.5795449505715446,-0.5931276049690055,-0.4327027368627905,-0.5746541250308533,-0.402668050488517,-0.35370725586820484,-1.0763196011564387,-0.46016475183492217,-0.8608198516898324,-0.8676394376630913,-0.22269285659226437,-0.7574641933585506,1.9989078852195952,1.7787909234514738,0.6071324053427238,-0.0802495211502547,-0.24817578076099409,-0.9296338120532923,-0.050806702637541064,-0.9260894176614108,-0.53567601698966,-0.32274970284806026,-0.4455224053912664,-0.2009448291349527,-21.65426899727042
s738,-26.53437642271622,1.693640975465886,1.303638965019748,-0.8975399272750539,0.8325035727393247,-0.6406652743754521,-0.8381679379796536,0.2591717560248508,0.1062858866989933,-0.5582749381717423,-0.06544656127666788,0.49863897613368297,-0.3863433275363825,-0.4324161530479095,-0.9405903993412428,-0.5609384697647599,-0.024598320801883844,-0.4166457285267684,-0.4327027368627905,2.1307954275151153,-0.402668050488517,2.2733139161492364,1.1144138427107857,0.6087549770802531,0.589029589321803,1.397975460703693,-0.4704489278161685,0.4203612012000728,0.8653547170654565,1.2992043907834159,-0.8329035664591509,-0.6971433518674495,1.8722589427868706,1.5016597917722112,0.09102956510840401,1.432200190887109,-0.2709976002293069,-0.5617672387348114,-0.38105888695642615,-0.5258394087563152,-18.068229556241548
s739,-16.72901594732309,-0.49981277185110534,-0.4081172268893841,-0.40513784413646653,-0.5988583430969259,-0.1472846251242652,0.23237737363321284,-0.5451080626043976,0.3574642330480632,-0.5582749381717423,-0.06544656127666788,0.10798174038640354,0.5070908590106059,-0.4324161530479095,-0.6557555827906307,1.0742143749515571,-0.5795449505715446,1.3332210991414692,-0.4327027368627905,-0.5746541250308533,-0.402668050488517,-0.35370725586820484,-0.01509505221844325,0.6611089152083204,-0.06292097501762715,0.29046653632035135,-0.49445559255002225,-0.05396476516484631,1.7945786318777404,1.7713996810215997,-0.23762059127634652,-0.24482142358568476,0.20002135787525394,-0.06744945429541967,-0.25095992884654644,0.24364019604043213,-0.15194033126783735,0.10509282074180042,-0.04269247685301837,0.22525637952534566,-19.55458939471557
s740,-32.740740666305875,-1.1892841819832778,0.8404076277604543,-1.2737542105408322,0.36021164555048446,-1.353273892377744,-0.910461411168845,0.13779091124976536,-0.17662460324124094,-0.5582749381717423,-0.06544656127666788,1.758172349369056,-0.9088194600200015,-0.4324161530479095,-1.5049771103222378,0.2112170402401675,1.7497360887242774,0.4106403021536939,-0.4327027368627905,-0.5746541250308533,-0.402668050488517,-0.35370725586820484,0.7377992721901091,2.58247994408248,1.8342649271896652,2.3143754128753153,1.2788723085895597,-0.38718190583146317,-1.1554582855563849,-1.1985872614169102,-0.6689658457417406,-0.7049585616603026,-0.00952550278977169,0.8988719109037111,0.10922717872412811,0.8379779282610142,1.6070955239810671,0.45668472490659917,1.2070705759210918,0.25325641436678714,-18.340794127420928
s741,30.275458421315054,0.39118629834295704,0.3626011767675895,0.5677029442494241,1.0853286921290826,-1.0086492923847536,-1.1434446819391308,0.8476328483007902,-1.5644116530361205,-0.5582749381717423,-0.06544656127666788,1.0793609100508115,-0.9088194600200015,-0.4324161530479095,1.2311373561509222,-0.5609384697647599,-0.5795449505715446,-0.5931276049690055,-0.4327027368627905,1.6370406826311603,-0.402668050488517,-0.35370725586820484,0.11221312942363298,-0.65494042220302,-0.7005720230191169,-0.5166737777571627,-1.3459238215016671,0.05022785854014131,-0.8114932337487919,-0.8504584525445182,-0.72712905820602,-0.7666892283151409,-0.3601760338982802,-0.045949621783895875,0.029843621513765156,-0.0026004284423571324,-0.7089750746979538,-0.8993741399904089,-0.6219524074576858,-0.699765651607814,-21.083237686655544
s742,-41.64906624798657,0.24814063754813298,0.786195427438014,-0.28291130254797014,1.0371523900528083,-0.44882977152445097,-1.054246837348554,0.8202387639102824,-0.6838809664264018,1.8182404777977672,-0.06544656127666788,0.12563083780867793,-0.9088194600200015,-0.4324161530479095,0.4068828731258827,-0.5609384697647599,-0.5795449505715446,-0.5931276049690055,-0.4327027368627905,-0.5746541250308533,3.5340909001120226,-0.35370725586820484,0.6938479560381692,0.41729090131713803,0.14146684497349354,0.07087597320824127,0.7789229707339511,0.5153909430773612,-0.8590725892614701,-0.7064992501929919,-1.1486578913164278,-1.1007784020151572,0.7755666051710743,0.8709180919478924,-0.27992630293866233,0.9028232254509722,-0.46831506367392356,-0.37245374770004563,-0.47584713963655906,-0.4196308250912686,-17.849825803835934
s743,43.561964667796936,1.9684160476257864,1.6040549467592362,-1.0434472042536183,0.9992673419085065,-1.076890716380279,-1.3123013195271354,1.5669431043783326,-0.0687176683923257,-0.5582749381717423,-0.06544656127666788,1.1234351670751175,-0.9088194600200015,-0.4324161530479095,-1.2902898430778973,-0.5609384697647599,-0.5795449505715446,-0.5931276049690055,-0.4327027368627905,3.1733786829535235,-0.402668050488517,2.1888739499058185,1.4678240336447383,2.124344219744146,1.0136165951310787,1.9773776502778324,1.7136774470011684,1.0039482121507977,-1.2019340120075483,-0.6784883852405312,-0.8078675947936609,-0.8444806638066031,1.2207214429997275,1.9587026910683176,0.5287943492121521,1.532338828763298,0.16233007500924304,-0.4102473600361519,-0.01860799396774079,-0.37727085960557893,-20.07117762213282
s744,17.697763509273802,-0.35209043267396856,-0.07358675915683538,0.0987207019312863,0.24166712334543128,-0.752288526443495,-0.8144006701653063,0.18280999327830497,-0.7996362332037317,1.0458729676076766,-0.06544656127666788,0.8655353066655643,-0.5457655320634355,-0.4324161530479095,0.3230893675901423,-0.5609384697647599,-0.5795449505715446,-0.056611387643806986,-0.4327027368627905,0.25473142784240177,-0.402668050488517,-0.35370725586820484,-0.1855756387055397,0.06356271423137162,-0.39949302948345966,-0.24654545938254563,-0.8606687192955084,0.8908075303740046,0.762692259675153,0.5369816002265126,-1.1395143628599036,-0.5773005643418362,-1.0031919412933519,-0.23582938339851708,-0.22589816235842763,-0.13868853489262695,-0.6973364184169506,-0.8977597237919995,-0.6164020037914476,-0.6966860835981126,-20.488585785426494
s745,2.3674930433260752,0.25387892035620874,-0.8561971762782952,1.8119669257051894,-0.15433685067377526,0.4064611812722758,0.6818266096898171,-0.632116663227083,-0.8851344227162636,-0.2762269547379983,-0.06544656127666788,-0.5876060387892774,0.5693286752317316,-0.4324161530479095,1.5829235018403285,0.5171842849932514,-0.5795449505715446,-0.5931276049690055,-0.4327027368627905,0.05725867715829342,-0.402668050488517,-0.35370725586820484,-0.8087375819408864,-1.1994131202769882,-1.2927652325662922,-1.3553310314421725,-0.6440513167980901,-0.9212814866793567,1.7628028479463627,1.770159839077671,0.5819072497465075,-0.13844872140620829,-1.0728038508262263,-1.0140125522227208,-0.28898952332310046,-1.589510186333625,-0.6934920835868932,-0.714256283152848,-0.6093731413973984,-0.6090386891168431,-21.20349313282904
s746,-28.32153135849456,0.27072862539901893,0.9155506463507233,0.21458006015886913,1.547414440174715,-0.7635431805590369,-0.37247933263850386,-0.3134080451219613,-1.3548855560493809,-0.5582749381717423,-0.06544656127666788,0.09585341974400317,-0.9088194600200015,-0.4324161530479095,1.0952751205743243,1.251423057630173,-0.5795449505715446,-0.5931276049690055,-0.4327027368627905,-0.5746541250308533,3.1007477070723395,-0.35370725586820484,0.566544155086656,0.2096473546923328,-0.46680301605895613,-0.05895706662287498,1.6421067245860628,0.47721270122538006,-0.7491781612776587,-0.6455310126167216,-1.0757143336090833,-1.1026586294431342,0.23875164803122748,0.6237361783415138,-0.22734691104430155,0.7806458334655845,-0.6203980800149317,-0.6634528106331102,-0.5657703898914468,-0.567853904303725,-18.92251493836264
s747,13.282920199795939,-0.7914234989719446,-0.01641619875361942,0.8162053234607157,0.8947248123966237,-1.164756219631226,0.31902114239672946,-0.736175351538548,-1.59894062452846,-0.5582749381717423,-0.06544656127666788,0.5351375982687465,-0.5006290977769435,-0.4324161530479095,1.157927806912857,1.7592108369273116,-0.5795449505715446,-0.5931276049690055,-0.4327027368627905,-0.5746541250308533,-0.402668050488517,-0.35370725586820484,0.09474697894899058,-0.3138747512952166,-0.8807231928047771,-0.7113296090283072,-0.2731189457948861,1.3891115912088023,0.8175131022570012,0.8691535016023269,-1.0798006813860574,-0.6561506257780412,-0.4949498383061389,-0.35093373872648115,-0.018763158797962788,-0.6150417060906023,-0.6834628027776389,-0.7892449985565986,-0.5882075015130898,-0.5878420155683787,-21.168804166885913
s748,41.39224039251266,-0.013077637020893504,0.3011933461290075,0.6349811752711383,1.1274954312687724,-1.2046149720488273,-0.7627235742440304,-0.03612914566687296,-1.6911549015695113,-0.5582749381717423,-0.06544656127666788,1.0269954561605468,-0.9088194600200015,-0.4324161530479095,1.238954826055131,0.21770574200491483,-0.5795449505715446,-0.5931276049690055,-0.4327027368627905,0.870553857753584,-0.402668050488517,-0.35370725586820484,0.46133621506609,-0.5263645205611308,-0.829739357993324,-0.6044901633040556,-1.3897835554562197,0.12146413987511838,-1.0759256050019774,-0.9177016837729005,-0.7155272404633544,-0.7543758103775996,-0.5812431014829218,-0.0963414163067504,-0.262207320745476,-0.17750653928671803,-0.7307147809495125,-0.9737865179976073,-0.6263149708553767,-0.7118701370911559,-21.67842994358758
s749,-11.858416074359102,-0.3379163474983023,-0.7728709308995149,1.0750822288971664,-0.35216254049989176,0.0758241887729368,1.286185650874417,-0.8222235086784188,-0.40948341863301835,-0.5582749381717423,-0.06544656127666788,-0.5579322815847944,0.4707854662149495,0.32330946281662093,0.7386367521857536,1.9546812913372662,-0.5795449505715446,-0.5931276049690055,-0.4327027368627905,-0.5746541250308533,-0.402668050488517,-0.35370725586820484,-0.4902831548929017,-1.0663744794989607,-0.9861288679200205,-0.9827047390678766,-0.019408086440614078,-0.7828153539773495,0.8541731461401264,1.736860717147464,0.46557561800318287,-0.14035896914332907,0.17549229977016856,-0.8274715464182095,-0.2666260008311771,-0.9823150243765922,-0.5929345730683001,-0.387904429223676,-0.5557023734691783,-0.4585058205806395,-20.596674452483008
s750,22.535484691638878,-0.6017167325245492,-0.1801183108910316,-0.25469797738099736,-0.4740657606233083,0.3590973490093734,1.0343831852091079,-0.7361915701089214,0.5628058458741911,-0.3537620577536491,-0.06544656127666788,0.48546851134847485,-0.9088194600200015,3.090288908950101,-0.11195692039950823,0.17194876143279256,-0.5795449505715446,1.058255265432061,-0.4327027368627905,-0.5746541250308533,-0.402668050488517,-0.35370725586820484,-0.40424457278580667,0.6868946408469002,0.04311828912893672,0.15887617387731495,-1.2317926879864505,0.1350207330398021,-1.0260645505645036,-0.7750914894742587,-0.7755239254770953,-0.7891472104980343,0.543651071631832,0.03280042478125143,-0.14564950243818015,-0.06355306182813983,-0.48636377208316156,-0.4054192009292228,-0.47810745902280594,-0.41883756214831575,-20.32384862658092
s751,49.71672720392581,-1.5395301121059555,0.16367930497470456,-1.6427253664938113,-0.7007536938095715,1.2861026520752428,-0.10155091109675718,-0.10058083198289829,2.35132077970904,-0.5582749381717423,-0.06544656127666788,-1.2421742124175847,1.3312774626254373,-0.4324161530479095,-1.6143400139224635,-0.15825157517044305,-0.5795449505715446,2.6429002747101453,2.708793654131917,-0.5746541250308533,-0.402668050488517,-0.35370725586820484,-0.090678710941587,0.255843972956255,2.0260229331071495,1.3935154011579802,0.1736972893073868,-0.24012555101885638,0.5163534850455856,1.1461034118312245,1.5217441567998853,1.6201191493992457,0.3008148088076152,0.8492732656137966,2.348825505518599,0.20316901552322875,3.9894509714438313,1.9738154983965381,3.5886605511448115,1.5349089190863456,-22.365536372767764
s752,-52.08888664716446,-0.7947841535009107,1.7360600222131168,-1.5304872132798093,0.9192032275794533,-0.7143711712794389,-0.9801875279839452,0.5174372054936269,0.4023237887955266,0.12162880997317695,-0.06544656127666788,0.824874051906402,-0.9088194600200015,-0.4324161530479095,-1.548555622188913,-0.5609384697647599,1.729280266179353,0.04033714358524976,0.2092290370028935,-0.5746541250308533,2.5154160072955793,-0.35370725586820484,1.872881162438122,1.2246015184307686,2.480278701531779,1.4289170449063835,1.380276212434239,1.5091103024562038,-1.2621549261205378,-0.832026307617495,-0.757066639237893,-0.798463037856107,1.1988788707132003,1.3012790153009022,0.6334504597723034,1.21392823435351,3.293577704737219,0.9906206790421886,2.360334926183823,0.5343565956694136,-17.167323596314702
s753,41.03801715563553,0.945733846446399,-1.1726444550294794,-0.31127460334984947,-1.6545925190323227,1.9132076963969165,0.4795651217315756,-0.34812326390198156,2.2790645709923374,-0.5582749381717423,-0.06544656127666788,-1.2421742124175847,1.0775295486920018,2.8011652141134533,-0.6272552106097328,-0.5609384697647599,-0.5795449505715446,1.2992913650824656,-0.4327027368627905,0.5113039370046317,-0.402668050488517,-0.35370725586820484,-1.112596211097278,-0.43778103859840617,-0.6106593840439296,-0.521818945727099,-0.13940847124838718,-0.8045531453996431,0.9714024930767154,0.14770311599093905,1.6748013724726305,1.782564165062962,-0.9686089629667464,-0.5240662523325078,-0.2839526125719608,-0.903401597701062,0.15673338764363007,1.2672257292532834,0.049113582469953024,0.7324954529965458,-22.0669112402596
s754,-11.558378057411552,0.4902184177439245,1.0142204137977109,-0.8881119916826142,0.6326987599330984,-0.8047014435220646,-0.8982903610224088,0.31162259776774415,-0.09199730466009635,-0.5582749381717423,-0.06544656127666788,1.1404539395894535,-0.9088194600200015,-0.4324161530479095,-0.8763070887232886,-0.5609384697647599,-0.5795449505715446,-0.5931276049690055,1.1774583570527954,2.935768447595482,-0.402668050488517,-0.35370725586820484,0.7051664060995069,0.5348516842338106,1.0087222566087626,0.6489728499323223,-1.266222193224794,0.7194011661350683,-1.1821474187569327,-0.7900538466002708,-0.8149032060724176,-0.8480477396361993,0.5862368321697179,1.0397532518454125,-0.1979338728703214,1.0367298684292248,0.3598765151915233,0.24036712350088837,0.12769358897679184,0.006104582039649204,-18.59855862913608
s755,13.331604853754333,1.735470368242143,-1.321325739359453,1.0415926626782228,-1.3400258390718602,1.1606777573982303,1.5313791871553695,-0.7612076280447309,0.7267434139781049,-0.5582749381717423,-0.06544656127666788,-1.2421742124175847,1.6274684946298408,-0.4324161530479095,0.2518896599491494,-0.5036317111882535,0.7620868548741391,-0.5931276049690055,-0.4327027368627905,0.9032540875657258,-0.402668050488517,-0.35370725586820484,-1.4106935058872028,-1.4407829281330164,-1.0655085329482488,-1.2534426116519555,-0.039019687927229894,-0.9421749266394465,0.5530128634851798,-0.4242759754673889,1.468186067587773,1.563276062304401,-0.9247429410052284,-1.4249756099762738,-0.25582506019085,-1.2392238465006564,-0.4741008305999402,0.12645189253253417,-0.4198598596361508,0.030052507239300807,-22.516445828928568
s756,30.23181066035695,1.026403386007752,0.7091548595293199,-0.8873459895777417,0.3836543704927679,-1.260905066415746,-1.0506779547436524,0.4642773008322461,-0.27658637084477816,-0.5582749381717423,-0.06544656127666788,1.6584165813301142,-0.9088194600200015,-0.4324161530479095,-1.1914594882548193,-0.22162809684931864,-0.5795449505715446,-0.5931276049690055,-0.4327027368627905,3.118788784997608,-0.402668050488517,-0.35370725586820484,0.39183948594561707,1.6292671523303321,0.942730452202598,1.524680975110916,1.8256766025833426,0.4005136464760454,-1.3874665754940059,-1.0207147769323361,-0.6329148102108796,-0.6666963274640043,0.2577735521962854,0.6242177743036212,-0.2613737070791789,0.7483240024696098,0.25409358270681837,-0.1035928717713725,0.17409761528518983,-0.09653757289813805,-20.262795346304646
s757,-4.640233143155915,-0.9899216447500208,0.6739611636096351,-1.028473829840262,0.2669218273261136,-1.2000050388621337,-0.9756202771743694,0.3187097306218037,-0.2851217449886406,-0.5582749381717423,-0.06544656127666788,1.7111975653553977,-0.9088194600200015,-0.4324161530479095,-1.120880737310112,0.5115477116556381,-0.1636706701219682,1.7709242988560954,-0.4327027368627905,-0.5746541250308533,-0.402668050488517,-0.35370725586820484,0.5048567162247727,1.4835481298420101,1.135598396157414,1.68485854303533,1.040660978936353,0.6035288986465405,-1.3634881717510687,-1.1289257177777385,-0.5776656146198479,-0.6080584095864022,-0.11985866013877991,0.6297006471919365,7.199567419373298,0.7684961005526383,0.43022853775966435,0.15437909034202146,0.22591544466290103,-9.466202078115968e-05,-19.01185247831666
s758,-17.552235583595383,-1.130278221642138,0.4232757304051661,-0.788920855098485,0.2159747037270153,-0.8018253873466075,-1.1827246596405192,1.095218262772109,-0.2674440162669794,1.1178959348059363,-0.06544656127666788,1.227979055377467,-0.9088194600200015,-0.4324161530479095,-0.6092067374413718,-0.5609384697647599,-0.5795449505715446,1.1637674833682043,0.5846561910479554,-0.5746541250308533,-0.402668050488517,-0.35370725586820484,0.8578919491950315,0.41606346906391284,0.5347002821001471,0.572993474746306,-1.3529292837983404,0.7753034130188985,-1.0450243556297139,-0.8875243534187612,-0.7248217421713887,-0.7642403925138401,0.2335655975658762,0.5193697013462899,-0.09559797514154812,0.632784339835976,-0.0755338683856912,0.02349435922581346,-0.17276304965742106,-0.12138363644527918,-18.66312886885699
s759,34.378525008165695,-0.5413743324958188,-0.3701828149078301,0.9234365508404213,-0.14455197070748665,0.9172223082706649,1.1461240831413686,-0.701008895183318,-0.2509392306429298,-0.37667328846086473,-0.06544656127666788,0.1289608561902391,-0.9088194600200015,3.0432087312347185,1.4076941764403226,-0.5609384697647599,-0.12811538081466362,0.23406181904720363,-0.4327027368627905,-0.5746541250308533,-0.402668050488517,-0.35370725586820484,-0.4029289289699046,-1.1234736208831217,-0.8817954683481638,-0.956688278181998,-1.3534700533123334,0.15715231784061653,-0.8144524554559166,-0.576567723892839,-0.8204775985922147,-0.8573609707519518,-0.1200827875965036,-0.5624714347878231,-0.30153531946949863,-0.6176456639492712,-0.7046566436900981,-0.8303779371049274,-0.6239162921425234,-0.6909683026858462,-21.05033567951521
s760,-11.200354400223372,0.333431290656679,0.3969298805713872,0.7873417070497171,1.3417222955789943,-0.4285461514309278,-0.2952738621822988,-0.29836251882683734,-1.4553506333225095,-0.35564572902065783,-0.06544656127666788,-0.0884805809194399,-0.3126466941123773,-0.4324161530479095,1.6251378393230576,0.6008806567442022,-0.5795449505715446,-0.25750242240166327,-0.4327027368627905,-0.5746541250308533,-0.402668050488517,1.3826896651482012,0.5654708015261428,-0.7600014372567274,-0.7392907730281181,-0.6920785491989628,-0.7554690797900754,0.11674272534861652,1.8565861994806634,1.5512010730112762,-0.7868112110222578,-0.6589302429689737,0.29799195468941025,0.12199227604753216,-0.28367229621298584,-0.10524216927273916,-0.7199545863549438,-0.922949547785456,-0.6239804029683442,-0.7002078182094155,-19.76737462921502
s761,58.35473494797722,-0.07130564562093394,-0.8471834526117942,1.0029564483560314,-0.8460479539261622,1.6815913862143157,-0.45547214638480166,0.3398355837847009,0.396030995159991,-0.3832769848139876,-0.06544656127666788,-1.2421742124175847,0.8503418454422684,-0.4324161530479095,0.9703358999602764,-0.5609384697647599,-0.5795449505715446,1.1460210683344951,1.9591183790081799,-0.5746541250308533,-0.402668050488517,-0.35370725586820484,-0.7751925096750197,-1.1411885898887328,-1.0379230594403033,-0.914772847029918,-0.41435102691650855,-0.7097554481301316,0.9684604033223165,0.9633803160482497,1.2248365254372247,1.3983016508039574,-1.0540176490875275,-0.7304863207764128,-0.2874462343642205,-0.5774877496720611,-0.7430559005584773,-1.0004402666554253,-0.6354513477918216,-0.7339557379468485,-22.8284527320271
s762,-52.565426378376,0.13637655329113113,2.129689445447355,-1.1580933015262873,1.570557053947847,-1.1429909895277695,-1.166165211524122,0.8599486930435645,-0.2992981997569183,-0.5582749381717423,-0.06544656127666788,0.8738060236608678,-0.9088194600200015,-0.4324161530479095,-1.002895166889636,-0.5609384697647599,2.678011800350724,-0.5931276049690055,-0.4327027368627905,-0.5746541250308533,-0.402668050488517,2.9686406435494677,1.7997857726001254,1.5933716764050556,2.7264030739449754,1.3512099271248852,1.3220321493182874,0.8053459953706551,-0.9628466910606609,-0.5136362578193484,-0.7823905859622756,-0.793034457763741,2.6757875331154883,2.171584462017431,-0.20869917761324927,1.8431252649721614,0.9031383292153826,0.3616009334460647,0.5844694122279694,0.1374151623640087,-17.374281247398017
s763,24.6175403665212,1.1394513556771015,0.41454767011223853,-0.47790472338381296,0.30303256154811625,-0.8656565831331519,-0.6949149781942664,-0.021983146943865436,-0.3350407834965417,-0.5582749381717423,-0.06544656127666788,1.160309174189512,-0.5548418802623497,-0.4324161530479095,-0.535708560574121,-0.5609384697647599,-0.5795449505715446,-0.5931276049690055,-0.4327027368627905,2.959449869712406,-0.402668050488517,-0.35370725586820484,0.7722344634105449,0.6577230117159966,0.30167580782377806,0.6314324183938992,-0.001819783785331972,1.6840888958317415,1.7742981915439373,0.8309058196389404,-1.1093038462284004,-0.5776177523420924,0.051839348002530976,0.23538410771130788,-0.2624755789766652,0.5713523669858234,-0.36188716975833385,-0.4070034020916507,-0.42340946632389714,-0.44764013747662285,-20.4867485708045
s764,-36.02538411554356,-0.4210483413909987,-0.592478725111898,-1.1620446043370662,-1.1006458176631826,0.8220084890722396,1.0317267396358005,-0.6826180300294352,1.8241289064145676,-0.5582749381717423,-0.06544656127666788,-1.2421742124175847,1.6562354657600846,-0.4324161530479095,-1.41605339016186,-0.5609384697647599,3.185172041106958,-0.5931276049690055,0.26970087077284927,-0.5746541250308533,0.32555455381229426,-0.35370725586820484,-0.49107887916567555,0.07773067060295294,2.901149611304906,-0.1894059211366572,0.005890473777128356,-0.18053854211725232,1.3071724898041839,1.4195576949658193,0.9169214196015147,1.0683948287429925,1.6400430204273673,-0.13794156325867488,0.8588929334603788,0.13119857915862165,2.8901887446567285,2.7748541309546644,3.8734736691391087,3.2619501426534634,-19.961036371419382
s765,5.369547009432552,0.08147760694748142,0.2582266968842457,-0.05045265161273286,0.5936379012003312,-1.1453334886945852,-1.234361228186284,1.1270903049473355,-1.023001590886414,0.7250433864517929,-0.06544656127666788,1.25391242301836,-0.9088194600200015,-0.4324161530479095,0.20743967219474987,-0.5609384697647599,-0.5795449505715446,-0.5931276049690055,-0.4327027368627905,1.2052336011352434,-0.402668050488517,-0.35370725586820484,0.14595465193074036,0.1805660127391027,-0.37980019639942797,0.043265672227206786,-1.6006204609591845,0.07425098618062084,-1.0828849445563913,-0.9769807415710747,-0.6495725865890644,-0.6843758124381895,-0.4850921966934929,0.03906214767408656,0.1220905409497878,0.21348123488624154,-0.6814517302577066,-0.8800721484061755,-0.6042788524243257,-0.6784839727323019,-19.855387410973634
s766,-21.042039313630976,-1.2247428327820296,0.1985038865936685,-1.0237995972327387,0.07622864460234699,-1.2159259328862124,-0.9839481364659274,0.329979801907731,-0.24308270294964732,1.9537524206658161,-0.06544656127666788,1.3736473331901424,-0.7682326198325652,-0.4324161530479095,-1.1538230153910443,-0.5609384697647599,0.99126529702018,-0.5931276049690055,-0.4327027368627905,-0.5746541250308533,-0.402668050488517,-0.35370725586820484,0.49863162203868994,0.6379753038866564,1.1641514205954635,1.4576857610655511,-0.8804692461229437,3.924893260471405,0.2819171167812504,-1.1803103016234846,-1.5499754635861231,-0.6992107732013026,0.6860615527266702,0.26369045748392506,0.33107980780461715,0.5063921839134362,0.5144039092437864,0.35415870364112106,0.4520458344042098,0.2789888587893939,-19.028239748686918
s767,-3.734314756050483,-0.8551159839943455,0.08622205391315554,-0.022961229126891306,0.2962956045245028,-0.8408650407203523,1.310856205224314,-0.9224701330736635,-0.5281508012722492,-0.5582749381717423,-0.06544656127666788,0.6417643263786779,-0.9088194600200015,1.6238605226765104,0.01706609986469213,2.291072305903235,-0.5795449505715446,-0.5931276049690055,-0.4327027368627905,-0.5746541250308533,-0.402668050488517,-0.35370725586820484,-0.0670591279282873,-0.01150268347969508,-0.06727156838716729,0.04167823976614447,1.7476594670123986,0.25090287789298643,-0.8952465894437026,-0.5782602380824076,-0.6918918543748593,-0.7292907423754953,0.2497004272104902,-0.04456861123823325,-0.2502003457290918,0.21337022872769887,-0.5688466522976867,-0.6137144733847812,-0.5580225747845982,-0.5866262548946327,-20.197262251030093
s768,2.1956995077840236,2.9913239848697732,-1.2139851907330539,0.29766508926685853,-1.5090879095119512,1.5377212656806312,0.9606698327718646,-0.5795724418192182,1.6957338291171524,-0.5582749381717423,-0.06544656127666788,-1.2421742124175847,1.1867278121452975,1.8075545723745585,-0.37244461035966736,-0.5609384697647599,-0.5795449505715446,-0.5931276049690055,-0.4327027368627905,2.4730613199274014,-0.402668050488517,-0.35370725586820484,-1.4871766714369534,-0.6107836976259678,-0.19342279126407674,-0.7993436057717067,-0.26635827693834296,-0.6443648101742739,0.5948009536708636,0.27184536763562134,1.224529902909988,1.304675189985698,-0.8364298138107364,-0.9772208600593436,-0.235917134909817,-1.0110835773643574,-0.2055205140075995,0.5942307270017906,-0.22166589033981937,0.3103525383037389,-21.802875419878582
s769,92.55052543200472,-0.8166965500873732,-0.625670804536276,1.862607737108428,0.5315035884715528,0.2104824976707827,-0.13180202427043838,-0.28464474998424716,-1.496761020507,1.017730021892248,-0.06544656127666788,-0.18322836708112336,0.0020000434499798676,-0.4324161530479095,2.220458744817796,-0.5609384697647599,-0.5795449505715446,-0.5931276049690055,-0.4327027368627905,-0.5746541250308533,-0.402668050488517,-0.35370725586820484,-0.7666839252608358,-1.0500433749047617,-1.2741858300041702,-1.3096447311411,-0.8215121628164794,-0.6992403888890688,1.3739124280613144,1.969517186295864,-0.15350065046102834,-0.38441089181133303,-1.4924258596397226,-0.7645998505017764,-0.17997372020142455,-1.713625351972671,-0.7400756153162793,-0.9594259154010372,-0.635819071738812,-0.7285266321893505,-23.327747749819448
s770,85.83449957704103,0.0029540632603696714,0.3179263939360798,0.05885364102911871,0.48917657883982757,-0.9193068557383149,-1.3635867038397034,2.020026799172111,-1.034046420182262,-0.5582749381717423,-0.06544656127666788,1.3471659710421189,-0.9088194600200015,-0.4324161530479095,0.4586535321233628,-0.5609384697647599,-0.5795449505715446,0.9355761375466287,-0.4327027368627905,0.6069362516652909,-0.402668050488517,-0.35370725586820484,0.34878804863687707,0.1204116240257393,-0.40314349730677085,-0.0038603471964042103,-1.428238347835711,0.08082384792139878,-1.0500501436120009,-1.0032528326759624,-0.673935940519098,-0.710233498359035,-0.643987179808064,0.055651473615028015,-0.16659874960755014,0.22894946490611326,-0.7414485451575317,-1.0275400778201387,-0.6369331920633361,-0.7471806377056185,-22.550115004084116
s771,-50.35169448635324,-0.11222003396410253,0.7372311121135854,-0.12643177018488275,1.1148394065643747,-1.2559182665017639,0.25921547550638496,-0.7304883919835817,-1.0243848748480664,-0.5582749381717423,-0.06544656127666788,0.6283002246720526,-0.9088194600200015,0.3939380250469509,0.16213487698353482,2.189785941907549,-0.5795449505715446,-0.5931276049690055,-0.4327027368627905,-0.5746541250308533,-0.402668050488517,1.0256734757803418,0.6192831040434618,0.722228512341317,-0.19405993758070425,0.31583580324578764,1.2710566370104532,0.3154302926816456,-1.0460522701795607,-0.6211079859797808,-0.830645842502308,-0.8734452350068584,0.9408071221858262,0.6440609042577826,-0.28865640098143364,0.8244185004043136,-0.5380928918169663,-0.5863554835435223,-0.46926940229687325,-0.435629697297318,-18.378361949361157
s772,20.81727153474541,-0.023940036992946386,0.503911738296676,0.5185722406485255,1.1244140475647593,-0.41543463194546576,-0.8786464289252223,0.41033804583177796,-1.3177902877360717,-0.5582749381717423,-0.06544656127666788,0.5271041182807109,-0.9088194600200015,-0.4324161530479095,1.3969296386738503,-0.5609384697647599,-0.5795449505715446,-0.5931276049690055,1.3496339987784227,1.2045558068754694,-0.402668050488517,-0.35370725586820484,0.21686758572689144,-0.08283261251217233,-0.7165410690002769,-0.4004900815997078,-1.4291319862219207,0.37752489958358615,-1.0727630054604878,-0.6740913159025642,-0.8061805178198144,-0.8505893276261015,-0.09783778575297945,0.1317527759488213,-0.2813458348145103,0.24578813006659736,-0.7017226262729256,-0.8711316324774171,-0.6235224684981955,-0.7036650736720079,-20.364420850926148
s773,13.158181789055353,0.09212290553044106,-1.5386355222016967,1.322410339288106,-1.4225031605669,1.0187155699191561,1.4322068874002987,-0.7550241297608647,0.49455858830392163,1.2205821454648411,-0.06544656127666788,-1.2421742124175847,1.4743959284473578,-0.4324161530479095,0.39851876083357024,0.04617273495664495,-0.5795449505715446,-0.04067526237672181,-0.4327027368627905,-0.5746541250308533,-0.402668050488517,-0.35370725586820484,-1.852675253835828,-1.1407489179493988,-1.0700974245828823,-1.3598248450914565,-0.5860128140172883,-0.9508191978825502,0.33819336452556353,-0.5847251558251295,1.5585101969881106,1.6591402432301887,-1.3500886678513428,-1.6946804277418728,-0.3001592644161272,-1.5877051216195552,-0.5631948544372224,-0.1150611193816097,-0.48921278622797476,-0.12899543420766252,-22.077039519641183
s774,75.8773898288406,2.513129333635839,-1.2483352658625133,1.4009238309590635,-1.2058507028781824,1.5548757585606234,1.0468202276102692,-0.6032074865452715,0.6954443821347073,-0.5582749381717423,-0.06544656127666788,-1.2421742124175847,1.2284036630450665,0.6797838099225315,0.6828819668312059,-0.5609384697647599,-0.5795449505715446,-0.5931276049690055,-0.4327027368627905,1.8665561815394822,-0.402668050488517,-0.35370725586820484,-1.5063495609914306,-1.3478893922689867,-1.2337191611889018,-1.3683550551886094,0.19510572373274349,-0.9097412517971497,0.529917160155184,0.11991502274782737,1.376778109681519,1.4662615759987165,-1.1973261130088713,-1.3819881107377514,-0.28818170529926945,-1.2727290905914834,-0.5666129353339957,-0.14811972197911122,-0.5169382205710937,-0.2522396605877327,-24.10464814655394
s775,5.301873523137257,-0.4225267410669054,-0.4422340750837876,-0.2928864908455724,-0.43029092177525086,-0.8386684535517039,0.7356266722693735,-0.8078162237915525,-0.05146073574065084,-0.5582749381717423,-0.06544656127666788,0.12543297797210534,0.3398906868081874,-0.4324161530479095,-0.8813147859687367,2.7936912452922584,-0.08907438663325494,-0.5931276049690055,-0.4327027368627905,-0.5746541250308533,-0.402668050488517,-0.35370725586820484,-0.3034607861970921,0.7212683845689654,-0.0640791462979671,0.40641975225689325,-0.25749210843228376,-0.01683227577455948,0.695222522411138,1.5127536599598874,-0.2772992294320476,-0.3502117687336851,-0.2001098665181037,-0.2998755404110533,-0.23430271732410365,0.22010955841132918,-0.2524475578130228,-0.2249676103918754,-0.28168472698799485,-0.24751313312214174,-21.454760484052457
s776,-52.72106918620843,-0.014085726752350688,0.4452396714974606,-0.26090994289359204,0.7102705982725064,-0.709409797333454,-1.096043204965173,0.8330170810765216,-0.7183735100750588,2.187429384278612,-0.06544656127666788,0.46445246390373557,-0.9088194600200015,-0.4324161530479095,0.19574073758228852,-0.5609384697647599,-0.5795449505715446,-0.5931276049690055,-0.4327027368627905,-0.5746541250308533,2.3299253927697685,-0.35370725586820484,0.3922895296794893,0.6494146276982647,-0.2399353139687587,0.11380271984858364,0.6812863491348103,0.1934661872712147,-0.3892821352573519,-0.6001136286508498,-0.9063123250091295,-0.9039532089040959,0.46749063077610375,0.6193620342394928,-0.2997313240260112,0.6882551277120402,-0.5697387975114131,-0.6211101203515127,-0.488319860267192,-0.4471957935682593,-17.833042513949273
s777,-12.967398557602142,-0.8774286348078592,-0.07313353220399503,0.37144909966725265,0.0646362571859153,0.4615394773687589,1.2336741182113355,-0.7705814462080086,-0.16821814417000153,-0.5582749381717423,-0.06544656127666788,0.29570395842332187,-0.9088194600200015,2.7828528308120926,0.9266824373360906,-0.5609384697647599,1.0983659957196157,-0.44819854886038046,-0.4327027368627905,-0.5746541250308533,-0.402668050488517,-0.35370725586820484,0.009736015581855328,-0.38827504432742543,-0.6015188010233453,-0.46878840096631996,-1.44088362432052,0.03495214991598583,-0.587166387753319,-0.5720265049655012,-0.7907000192463909,-0.8244577910378621,-0.06549543808770517,-0.2091932329813192,-0.3016539391420226,-0.1733793737324034,-0.6694041628162796,-0.7548546435006975,-0.6160276076700957,-0.6808624352852671,-19.26023008452307
s778,0.6673784945153394,0.27725171397513443,0.6220135296428327,0.41945888328234054,1.1906023469176887,-0.4526128619316576,-1.0280201190936962,0.7437895669240341,-1.3025040318026966,-0.5582749381717423,-0.06544656127666788,0.4479659545233685,-0.9088194600200015,-0.4324161530479095,1.3318209771585798,-0.5609384697647599,-0.10810126195844721,-0.5931276049690055,0.4540756389981087,0.7000665276610462,0.9682337676874702,-0.35370725586820484,0.33188484208946123,0.05501463897406872,-0.6743308360168061,-0.26266834933773847,-1.4106413272441676,0.41297494165051496,-0.6477696670878734,-0.62386083730122,-0.8048001835552622,-0.8353280394530728,-0.07297004577253939,0.3345168670549039,-0.2997737431656483,0.41830303904966026,-0.7031425458130881,-0.8851766480302382,-0.6104707255196651,-0.6687098296106887,-19.765507071966436
s779,56.0687592991824,2.506404610507052,-0.8519418123945605,-0.17774340518652657,-1.1547924445774582,1.0961058910410717,0.7928249425190442,-0.5799858763416562,1.4456724910595178,-0.5582749381717423,-0.06544656127666788,-1.2421742124175847,1.545425092966385,-0.4324161530479095,-0.6797649872339327,-0.5609384697647599,-0.5795449505715446,-0.5931276049690055,0.6750880957511327,2.8755897749218877,-0.402668050488517,-0.35370725586820484,-1.0847356437379694,-0.5701408090203177,1.2017312425805122,-0.33103566476406476,0.06551372448197437,-0.38344726786661365,0.5704785030800152,0.3400173260341122,1.335573111143911,1.4421526899199515,-0.4533965225626407,-0.47635398694341513,-0.23378924746264027,-0.19895130155204552,0.16698197505224516,0.9656740391685342,0.1323098228439293,0.6812859533778602,-23.018094234614694
s780,18.91575236405569,0.511807385757112,0.4555204539552971,-0.8119321790976107,0.19499451527593636,-1.1538098230117106,-1.2726254230968657,1.3020550234445016,-0.3045528496267734,0.25653034730351804,-0.06544656127666788,1.6131976205432308,-0.9088194600200015,-0.4324161530479095,-0.996841566548651,-0.5609384697647599,-0.5795449505715446,0.039499227251183225,-0.4327027368627905,1.878396266800626,-0.402668050488517,-0.35370725586820484,0.16947506868998927,1.4074341525076084,0.581292285578643,1.3257886101247909,1.5879333950921422,0.06865110044299882,-1.278454192770306,-1.1686761365456795,-0.6088465279574673,-0.6411518115098277,-0.3567323879999821,0.5346655368679618,-0.28023993608619907,0.5482184762865423,-0.05497100919126504,-0.22397249676771183,-0.205170709113006,-0.3118766826676018,-19.898641274521797
s781,-57.26149068712609,-0.013014263223639409,0.8980452386193737,-0.1716201083707363,1.257603461311989,-1.1592629821293523,-0.2650535315965504,-0.4738070630711413,-1.1018760783578638,-0.5582749381717423,-0.06544656127666788,0.4344900426984792,-0.9088194600200015,-0.4324161530479095,0.2734972928853161,1.9939878501044856,-0.5795449505715446,-0.5931276049690055,-0.4327027368627905,-0.5746541250308533,2.388851932664593,-0.35370725586820484,0.7841540745165649,0.9078987896117696,-0.03768969746955905,0.29362150611850857,1.5283517591886764,0.7848481148455659,-0.25935861779597574,-0.5939880144763148,-0.8903861665522278,-0.9261845410091041,0.8126199891230264,0.7664768250707336,-0.27828785307975257,0.9155169187237561,-0.4389029708616559,-0.35839994313781065,-0.44408411733094233,-0.38442599272153777,-18.03783397921168
s782,0.1620758965426781,-1.0887047256255407,-0.07118322089854767,-0.11136657872261457,0.28349317325862083,-1.014969744665052,-0.8571141942815992,0.16544996334761614,-0.8402021856451485,1.8951277412556042,-0.06544656127666788,0.9769402428830881,-0.6774615647535625,-0.4324161530479095,0.09041904549630339,-0.5609384697647599,0.15766356250481853,-0.5931276049690055,-0.4327027368627905,-0.5746541250308533,-0.402668050488517,-0.35370725586820484,-0.2499965339895819,0.4360374810991918,-0.40679556985999205,-0.04861773463654506,-0.7646066399900207,3.2264758729631917,0.8031853152343736,-0.019821815258421235,-1.3621331806660153,-0.7134527284258337,-0.36346065698440405,-0.17304096953853765,-0.1508236954687164,-0.04418943649626535,-0.5828686780912702,-0.6148268553432211,-0.5355840972673613,-0.5239456087767053,-20.030607405635497
s783,-24.26167364279785,1.9561489718186202,-1.2850748557954506,0.6721117459330129,-1.3324109212540287,0.7409934918984388,1.9657918994109762,-0.8741428650534842,0.8388437665582268,-0.5582749381717423,-0.06544656127666788,-1.2421742124175847,1.6576539293135113,-0.4324161530479095,-0.26906033611164254,1.0214675089929661,-0.5795449505715446,-0.5931276049690055,-0.4327027368627905,1.2140667908432636,-0.402668050488517,-0.35370725586820484,-1.324056260742955,-0.9839640842891266,-0.8238631891316518,-0.9560247479751564,0.0029109960492866567,-0.8647025780494146,0.40036847730947217,-0.2572647763998861,1.4087687866698404,1.500214408615063,-0.431873431047927,-1.4362529550684175,-0.21644093608677384,-1.0315890649050603,-0.10971628366993208,1.0518166866390062,0.008027448405741152,1.036670172052165,-21.703102975805876
s784,-29.27284191913466,-1.4313888820551701,-0.16924796936952424,-1.245137004313412,-0.4063336310876851,-0.5963667678153913,0.2660188519390807,-0.6296314911979924,0.5942079126358186,3.5610184495087407,-0.06544656127666788,0.9345478029962525,-0.9088194600200015,1.5688572371118654,-1.386412150108401,-0.5609384697647599,-0.5795449505715446,-0.5931276049690055,-0.4327027368627905,-0.5746541250308533,-0.402668050488517,-0.35370725586820484,-0.23215194644568538,1.2626019660592236,1.049504900127605,1.616701838700256,1.2826158538008385,0.6472607787803754,-1.1783204273777625,-1.0321084248932353,-0.6915201036817695,-0.7288961902670139,-0.2879047757372787,0.14511234536857215,-0.22110674494416663,0.027239987460078458,0.9215918697743455,0.5475677995388125,1.1369386666548627,0.6926565643055232,-18.281067930199995
s785,-22.06100332297864,-1.089401065130853,0.5373058685639417,0.4709852888849724,1.1656065200883199,-0.32750686048905076,-0.0428142511928303,-0.4408991495498264,-1.240275206539341,-0.5582749381717423,-0.06544656127666788,-0.015474569800099687,-0.9088194600200015,-0.4324161530479095,1.349386263538599,1.0175506625108928,-0.5795449505715446,-0.5931276049690055,2.926316495691803,-0.5746541250308533,-0.402668050488517,-0.35370725586820484,0.24452472331302483,0.09846120752344462,-0.73506175711156,-0.37177551684566085,1.3908832612895388,0.4918710477363273,-0.6931124404394772,-0.5005684606746102,-1.0038509986851816,-1.0225832473979652,-0.38883048064425474,0.20495703827287387,-0.26574567034274005,0.39013803585440815,-0.642211576701898,-0.6683707352982918,-0.5774310587880858,-0.5695457590979541,-19.042880773157066
s786,-3.326367478141985,-0.8904014279925032,0.17920314009798413,0.12635901141515715,0.6080216916415838,-1.179982295782513,-0.19183644734106223,-0.5210565154793856,-1.144048785471928,-0.00031044920498793664,-0.06544656127666788,1.0368614112413215,-0.9088194600200015,0.0659246516163823,0.428147240990321,0.5647102276848787,0.4772177137592631,-0.5931276049690055,-0.4327027368627905,-0.5746541250308533,-0.402668050488517,-0.35370725586820484,0.02571230554910757,0.4086380579143134,-0.5107498760235047,-0.18683986295595945,0.6020623721375851,0.23456792164687656,-1.2384440277120292,-0.8334201246587793,-0.6698842404022024,-0.7059332862712818,0.17422364943077326,-0.10261376840176675,-0.010251957569260763,0.09927873894753887,-0.6599460819790296,-0.7970850778673685,-0.583956930277351,-0.6212531769066151,-20.22975758111321
s787,10.77466622013198,-1.2496303457675073,1.0172544435925999,-1.4606873034675547,0.22782118674155513,-0.8773609661681573,-1.4943620939589224,3.4649919497461656,0.2349424257122359,-0.5582749381717423,-0.06544656127666788,1.9658087896311074,-0.9088194600200015,-0.4324161530479095,-1.5259003385952679,-0.5609384697647599,-0.5795449505715446,3.470569458468913,-0.4327027368627905,-0.5746541250308533,-0.402668050488517,-0.35370725586820484,0.847109086504596,2.674836339249663,1.599354677140517,2.0130465095484626,1.5562576931745167,0.5213757091010963,-1.4477526616241456,-1.1556660304491004,-0.6684005303673826,-0.7043585725357201,0.5197111995765715,0.7667131996714991,0.5341555392069509,0.620373678742336,2.3965000369534555,0.8357524067439056,1.6289441933457767,0.4033269906755602,-18.58814151939532
s788,-8.184220599697827,-1.2001581038138254,0.32517083511654105,0.3776092221776027,0.9293946223585705,-0.3396355884265531,-0.6457010394683299,0.06515868197765633,-1.1198736657883923,0.9101987666213577,-0.06544656127666788,0.20399809875086633,-0.9088194600200015,-0.4324161530479095,1.1760066915279557,-0.1338463088313935,-0.5795449505715446,-0.5931276049690055,2.2541033870142617,-0.5746541250308533,-0.402668050488517,-0.35370725586820484,0.04886501573513209,-0.21414595941035675,-0.41239256132814167,-0.31392984715330824,0.749750483881031,0.396926126546841,-1.0523605339772701,-0.633185901195391,-0.8345207131733375,-0.8569886903055838,0.5188492889940646,0.05877702612156739,-0.2869421025897,0.20966624376995255,-0.6324510413479251,-0.6342885329778656,-0.559979223429116,-0.5182688936032861,-19.260460540596913
s789,20.137426403235654,0.6511865918064956,-1.4528994235909944,3.212572722657799,-0.8506846360407758,1.3702979920463239,2.2632543588657463,-0.8644338269734061,-0.7079487880198505,-0.5582749381717423,-0.06544656127666788,-1.2421742124175847,1.1408792875290683,-0.4324161530479095,2.0641669491434365,0.13984132082794737,0.27982954467175875,-0.5931276049690055,-0.4327027368627905,-0.5746541250308533,-0.402668050488517,-0.35370725586820484,-1.6304965559544022,-1.757834025578756,-1.6306552550498932,-1.874607964148318,0.021518814218729396,-0.910385748101353,0.9498920166691633,0.2023567034854473,1.3868647927891757,1.4769669281653313,-2.0306250972915847,-1.697667554651321,-0.2853799433031266,-2.5026793659353763,-0.7327562767844132,-0.866366296266311,-0.6376010179778943,-0.7309799329749654,-22.123785239300275
s790,9.185819639805022,0.8746057077388251,-1.2616402679708874,2.46369035946953,-0.7800365312737086,1.518508214783592,0.5375169724363517,-0.4293616950449528,-0.39610901825071443,-0.009261751167021446,-0.06544656127666788,-1.2421742124175847,1.009347817098112,-0.4324161530479095,1.7894802868494024,-0.5609384697647599,-0.14087542212941115,-0.5931276049690055,0.3077991565957143,0.11723970517357332,-0.402668050488517,-0.35370725586820484,-1.1920455523279747,-1.6948325935833772,-1.4313765194278205,-1.6163531300951532,-0.6658826490906602,-0.9133733183111906,0.8345850687716734,0.5785210872931462,1.389888144200109,1.4801757175396006,-1.611145002370453,-1.4971272842042642,-0.272967316525248,-1.9204358030955924,-0.7374620976919812,-0.9264924340326012,-0.6373779216975654,-0.7334357055688012,-21.74169856486492
s791,-7.23633511404258,-1.17981703151162,0.7133174588035884,-0.21472132669491217,0.807919475064695,-0.5013073779424944,-0.7042704469150245,0.09656834029335491,-0.7461093116956947,-0.5582749381717423,-0.06544656127666788,0.6133238174640024,-0.9088194600200015,-0.4324161530479095,0.4607879601257577,-0.1810910168992438,0.630354781267378,0.11227930529421382,1.8956187033655878,-0.5746541250308533,-0.402668050488517,-0.35370725586820484,0.803637397690894,0.522127046837191,0.16473282464317188,0.1465910683597766,0.8717770449311061,0.7152632818891499,-0.9437339731057252,-0.7612563631921708,-0.783223596480677,-0.8234492685002078,0.3263778458554097,0.6549301833315284,-0.2994604167605938,0.7861436409852245,-0.520943916434131,-0.4784170825856683,-0.5257192957562222,-0.5126841449510774,-19.077736318462566
s792,11.618240681360522,0.20614718093528311,-1.242679325222347,0.08066096604986747,-1.504910559351235,1.0838127465699183,1.2268153279388794,-0.7025099448914813,1.2935512827276474,-0.5582749381717423,-0.06544656127666788,-1.2421742124175847,1.7132366863329755,-0.4324161530479095,-0.51693577520693,0.7007535400472131,-0.5795449505715446,1.5062562530653991,0.02317826421289811,-0.5746541250308533,-0.402668050488517,-0.35370725586820484,-0.9176023342363246,-0.6630403206306597,-0.5088238723657152,-0.6708296247072498,-0.3869661890111696,-0.7273775940948749,0.36287712572783165,-0.4907034690319972,1.430560141683538,1.5233423414666736,-0.9492182027333439,-1.0646393785829118,-0.26440274485220666,-0.8161770409644971,-0.34938782153374714,0.07588085622345699,-0.3948193444671117,-0.17289714145528845,-22.178844580620243
s793,-19.894370651289638,-0.5984821065370215,-0.1122728666594706,-0.6251896893540689,-0.13362371112217594,-1.3448547696866473,0.5971617262645561,-0.8404229955850991,-0.25547441455604303,-0.5582749381717423,-0.06544656127666788,0.6179477659036994,-0.10150217285342704,-0.4324161530479095,-1.2896881036181655,3.6345194870731587,-0.5795449505715446,-0.5931276049690055,-0.4327027368627905,-0.5746541250308533,-0.402668050488517,-0.35370725586820484,0.09838371634582062,0.4197890904379535,0.9162178433695687,1.3782906413115765,-0.40524779093045005,1.0107683981169946,0.9662255700333048,0.9762048333810102,-0.9692102610970516,-0.6518732420882535,0.3297709925762707,0.15336667918534944,-0.21231466983632694,0.6929082427105822,0.39081194013502396,0.14467111793732845,0.3709280268766449,0.14976044847173892,-20.468456936548588
s794,-39.09314868396948,-0.6491209798318948,-0.1172501727979451,-0.1006280536943822,0.06167643918273839,-1.0209641684019068,0.2171157758889147,-0.6783812190317734,-0.5890220680891497,-0.5582749381717423,-0.06544656127666788,0.5531083951412067,-0.1624481290581309,-0.4324161530479095,-0.29561451614110096,1.777710366282996,0.4378963122957912,-0.5931276049690055,-0.4327027368627905,-0.5746541250308533,-0.402668050488517,-0.35370725586820484,-0.11191528855274299,0.20277758440225388,-0.0607135150125139,0.19068686454014622,-0.21532286040820064,0.7409171075912004,1.0112543027466987,1.3737971848741688,-0.7450844413533246,-0.5304079614441356,-0.27304510998234005,-0.21563908641747231,0.06665082942045178,0.17166695978809995,-0.5798636083090526,-0.6811440163051361,-0.5479526312848252,-0.5837893626417565,-19.738902339929083
s795,30.51376244978555,-0.8181150493836553,0.24395533225127122,0.4575737500943187,0.8037514931682939,-0.9514051842109267,-1.2172043830005854,1.15927592118168,-1.4808631218626578,-0.3657771894782121,-0.06544656127666788,1.1404539395894535,-0.9088194600200015,-0.4324161530479095,1.1449497504570174,-0.5609384697647599,0.37748573731304325,0.44311514620766373,-0.4327027368627905,-0.5746541250308533,-0.402668050488517,-0.35370725586820484,-0.03827605229250294,-0.5881446368586075,-0.7980226791570623,-0.4001472712789853,1.271987854108333,0.22936251501327387,-1.2712557438737226,-0.9297110755077926,-0.6991227243222269,-0.7369651194161302,0.041313521616358394,-0.058658390787198485,0.07014488158252322,0.03672622234062761,-0.7187161239766195,-0.9329979367755009,-0.6185715426837882,-0.6895245110546787,-20.98054198937622
s796,-21.139990119888232,0.12994448248063098,0.9260429377090778,0.19506614770288078,1.3799615081375032,-0.4923285469898659,-1.2826520470119416,1.7571980831077798,-1.2548489967401761,-0.2527229561185197,-0.06544656127666788,0.43701134233023275,-0.9088194600200015,-0.4324161530479095,1.213548048866452,-0.38574352211658314,-0.5795449505715446,0.6974311327601797,0.4904562903154789,-0.5746541250308533,-0.402668050488517,1.4653752328156493,0.7007468582827275,-0.1996369368381617,-0.5554994999553269,-0.035240137588683225,-1.506422601241334,0.1609283598641895,-0.7997247739768596,-0.5886747130429609,-0.8349058910556819,-0.8766984569551873,0.4241057658310503,0.6771636536474817,-0.2585375426694333,0.7990442950886725,-0.7405820569536988,-1.0187636347712012,-0.6389627976730214,-0.7511040058600112,-18.72193723420701
s797,-46.14237586978969,-0.7152245789185779,0.18210546160063815,-0.9747036966751378,-0.4954605971989366,0.8780243059307399,1.0660577679807388,-0.6851903541361744,1.5554486650007564,-0.5582749381717423,-0.06544656127666788,0.3827000682954117,-0.9088194600200015,4.350955327038897,-0.7364429255918915,-0.5609384697647599,-0.5795449505715446,1.49765222086034,-0.4327027368627905,0.13236306758241326,-0.402668050488517,-0.35370725586820484,0.6221858604707264,0.3220009384302039,0.5816844365093901,0.3306245240121534,0.596050784105355,0.5036915130310802,-1.2258278954030049,-0.7317465726004294,-0.8523950192592261,-0.8548093159878861,0.5634977952644563,0.4254256161200794,0.07448405969487709,-0.2095288918191808,0.2294714594830009,0.47740141814787146,0.12290097455752913,0.25588104145370405,-17.38396768625594
s798,-21.196503162831437,1.4901771814373066,1.1510053893045347,-1.1189797937426846,0.6332936194387858,-1.1558426810604427,-1.3024788664896454,1.459571025652409,-0.01724041052645663,0.19385301765157498,-0.06544656127666788,1.341188179502134,-0.9088194600200015,-0.4324161530479095,-1.477615965657506,-0.5609384697647599,-0.5795449505715446,-0.5931276049690055,-0.4327027368627905,2.7428880864621674,-0.402668050488517,1.2363998146596396,1.0256519135218054,1.5606240432956333,2.2592977892588837,2.173183006583307,1.563862532941672,0.5939227372558025,-0.44629154922000125,-0.6152079806666921,-0.666592739242011,-0.7024399001203953,0.7794749945920885,1.2452318416235788,-0.2316085797317323,1.0681968687676082,0.8028539243744611,-0.09224088982384465,0.6682452525811666,-0.06071761293925506,-18.12351947027918
s799,-68.35612737153774,0.8395462079569238,-1.5136927932393176,0.3979729531731086,-1.6490360249841773,0.2738496676007418,2.654932461117216,-0.9938128031388243,1.01696696699502,-0.5582749381717423,-0.06544656127666788,-1.2421742124175847,1.4827779398373777,0.29450377790698634,-0.9243809822795924,3.233642683332523,-0.5795449505715446,-0.5931276049690055,-0.4327027368627905,-0.5746541250308533,-0.402668050488517,-0.35370725586820484,-1.5296946087600385,-0.5463826638326936,-0.3796291641488471,-0.7314260005305209,-0.28704166137162923,-0.7718720761030987,-0.08510670247405411,-0.7035736302149671,1.2723547566490456,1.3554333922737039,-1.2251401638531618,-1.6731517230844084,-0.29918779428846276,-1.3660260968064029,-0.09419990873197849,0.5128253436701933,-0.22652381184397977,0.07865047428419256,-21.157814118014116
s800,34.67202942501443,-0.36334575521734513,-0.7221925310182397,2.0115618524773486,0.27962553536337664,0.11484721245064829,0.9537363463635344,-0.744707782194046,-1.358467198732915,-0.5582749381717423,-0.06544656127666788,-0.47535135889807817,0.33891760272727717,-0.4324161530479095,1.9783796518222132,1.1305989558038438,-0.5795449505715446,-0.5931276049690055,-0.4327027368627905,-0.5746541250308533,-0.402668050488517,-0.35370725586820484,-0.8102979111342254,-1.5302288692336292,-1.2574916651924959,-1.4068296545502679,-0.1705065558410389,-0.9122580547316115,1.4551491777908643,1.9619461386476955,0.04144244506665697,-0.3416295845968015,-1.6158713952748316,-0.8352900700556652,-0.21148909476305425,-1.7753811103471902,-0.6831284418184169,-0.6340014471943469,-0.6103950136872671,-0.6056257907973394,-21.977538322235432
s801,-7.531510898189617,-0.9248167253641367,-0.7062418703492862,0.995161838638801,-0.05740206339857625,-0.0009953576996717605,-0.056447580445697094,-0.37281895516760943,-0.7778655892029429,1.9255669804544548,-0.06544656127666788,-0.11490928028522251,0.1569194897879826,-0.4324161530479095,1.0881533098384542,-0.5609384697647599,-0.5795449505715446,-0.5931276049690055,-0.4327027368627905,-0.5746541250308533,-0.402668050488517,-0.35370725586820484,-0.859188202359819,-0.48457771416688133,-1.0448293595666278,-0.9455777635927399,-0.8362594837347557,-0.6350073405711046,2.1948997411419064,2.0780687531800353,0.20149150656449832,-0.22786016018240157,-1.049165906328766,-0.9186373792322873,-0.2912434319898997,-1.0717206800635923,-0.6634256312541649,-0.6413349755415997,-0.5397048490585985,-0.3692585495428633,-20.00340332694237
s802,61.91971806724694,0.283730271466689,-1.1679970071984498,1.417090622942388,-1.135783035401559,1.7571607118705244,-0.017234161724310623,-0.07762241937234902,0.41286030655338857,-0.5582749381717423,-0.06544656127666788,-1.2421742124175847,1.2325263928349297,-0.4324161530479095,1.0293489142485268,-0.5609384697647599,-0.5795449505715446,1.4734533802836112,0.6571377813337775,-0.5746541250308533,-0.402668050488517,-0.35370725586820484,-1.1981593608906216,-1.0833521300643827,-1.267785844785533,-1.1984895372126028,-0.352271903502116,-0.8383684192290172,0.49179527760520897,-0.0028803322803642077,1.5484729130235746,1.64848732011465,-1.5585865147245395,-1.1867794185707288,-0.2932234311414828,-1.1093886870103697,-0.7151497379435982,-0.8435555507275918,-0.6163811999938498,-0.6465445221490326,-23.462787506923025
s803,26.07369904060886,1.6185059649962612,-0.9396849547319193,1.7861798422475186,-0.6198838434271403,1.592991428145382,0.31057444318493554,-0.31119342535730116,-0.15723038373569603,-0.5582749381717423,-0.06544656127666788,-1.2421742124175847,1.1379896746330875,-0.4324161530479095,1.5565395409136231,-0.5609384697647599,-0.5795449505715446,0.7896138997408356,-0.4327027368627905,-0.20791901661750928,-0.402668050488517,0.7093928998561254,-0.6608801606494312,-1.656147665847976,-0.7157036197345645,-1.4153041958826194,-0.3776372935783568,-0.9559558718104278,1.331032986067461,0.5318233847577751,1.4523403750582842,1.567661442322044,-0.1339601991730513,-1.0721859238611338,-0.30129801288923713,-1.275066540836298,-0.7455063012888467,-0.996514737133165,-0.64033322307335,-0.7514665303856304,-22.014257161185924
s804,-74.5811036740463,0.49351372508902813,1.7167959273725122,-0.6545497736624745,1.420237135638736,-0.672889803591896,-1.6076185709217499,6.444272353394259,-0.6015647127351682,-0.5582749381717423,-0.06544656127666788,0.77888779979072,-0.9088194600200015,-0.4324161530479095,0.02575650053189045,-0.5609384697647599,-0.5795449505715446,1.9501799555364383,-0.4327027368627905,-0.5746541250308533,-0.402668050488517,2.8218046230333935,1.2107475967448418,1.8900861894165337,-0.010450990432733405,1.0574227271478536,-1.6344105526270158,0.24618936839832906,-0.6779065155619562,-0.6034397851472163,-0.9199805606047147,-0.9263818160360816,1.9903060347495374,1.8700168145625433,-0.2986628976887595,1.7212202454036059,-0.4208779961353465,-0.49548853035492957,-0.4524534149329927,-0.4837673904715402,-16.183249895484998
s805,-14.345955528915987,0.306586150628467,-1.1153146732043302,-0.14918060606339087,-1.225375330512941,-0.36803875841436856,1.816715448612416,-0.9507400127480657,0.627103991681043,-0.5582749381717423,-0.06544656127666788,-0.6753816123806682,1.1703440040484383,-0.4324161530479095,-1.2432984976916992,3.5989768069915096,-0.5795449505715446,-0.5931276049690055,-0.4327027368627905,-0.5746541250308533,-0.402668050488517,-0.35370725586820484,-0.979974172300129,-0.35389196058671774,-0.10239185513798815,-0.13405613937750407,-0.06061644809151565,-0.5081817478565863,0.46677432665874174,1.3975742879067814,0.554111535208511,0.026365209903059465,0.3974751725695506,-0.8105095833522857,-0.22659702742098045,-0.2600915330362563,0.1875539570768375,0.3740325894729324,0.28876263681536185,0.4449088133875237,-21.417386534550623
s806,29.695579133842532,-0.308759228534843,-0.633592322813795,0.3127414281956108,-0.706349236022058,0.685701062083745,-0.16481295722488115,-0.1680448029473276,0.23618851579447173,-0.5582749381717423,-0.06544656127666788,-0.17626161809864657,0.6851146710524659,-0.4324161530479095,0.3530606214498647,-0.5609384697647599,-0.5795449505715446,2.1338270033906506,-0.4327027368627905,-0.5746541250308533,-0.402668050488517,-0.35370725586820484,-0.4267379382797243,-0.4183650500695212,-0.7914103300157588,-0.6374951587311969,-0.5146284901843501,-0.9262091790394669,1.1182795844885616,1.493462109678454,0.9895892036039412,0.17333047167603485,-0.552293317706037,-0.6196106949284895,-0.2532631133992867,-0.31062945734546143,-0.6692411948381282,-0.7666212947210145,-0.5996197905809275,-0.6362974585706388,-21.579330137234322
s807,-12.112374349708265,-0.9639028827431654,-0.768921713469684,-1.358854451411442,-1.532770393326988,2.2148066545082283,0.4296937184765303,-0.28037460617708343,3.2133857968444746,-0.5582749381717423,-0.06544656127666788,-1.2421742124175847,0.8024171828629938,4.609069205416787,-1.23352575404319,-0.5609384697647599,-0.5795449505715446,2.483436568564965,-0.4327027368627905,-0.5746541250308533,-0.402668050488517,-0.35370725586820484,-0.9153934390261242,-0.17098494413534018,1.0046267764770038,0.264046355717351,0.7967621382948221,-0.6759718871119205,0.48862968482275065,1.4532595952865461,1.08221351416526,1.1536297923726173,-1.080904544780783,0.4805697936250524,-0.24952673213871068,-0.4327498914335421,2.065913062468944,2.7982523495292684,1.5136271747209462,1.7354929933007097,-19.120401696266622
s808,38.038356794337076,0.20042606823848408,-1.096719487884699,0.23602919260847477,-1.0925390134368902,-0.24597917898307356,1.8559236270883266,-0.9450323590104719,0.39136331536331376,-0.5582749381717423,-0.06544656127666788,-0.7371009636050329,1.1356593416524579,-0.4324161530479095,-0.7558869699850468,3.2255329794055134,-0.5795449505715446,-0.5931276049690055,-0.4327027368627905,-0.5746541250308533,-0.402668050488517,-0.35370725586820484,-1.1004489020849326,-0.05404801369154332,-0.4195477974594977,-0.5398299008628494,0.1044778612983854,-0.5162758342709662,1.0484501831074169,1.1747838914196531,0.6707125578826537,-0.04391189559192613,-0.9277097181879101,-1.0393311841902104,-0.174529729557715,-0.6783343622850707,-0.22316934773238886,0.14835982858788802,-0.3227067027377502,-0.1433812509770972,-23.04047586711122
s809,22.400447486884307,0.09450974664873027,0.37841936026929385,-0.2934369726376561,0.34439805214362146,-1.0655771354588015,-1.177562364922463,0.9403001239125147,-0.7629071762615289,-0.5582749381717423,-0.06544656127666788,1.4690923053835279,-0.9088194600200015,-0.4324161530479095,-0.14659062649301993,-0.19091465792162782,-0.5795449505715446,0.8499160140435975,-0.4327027368627905,0.7885887952090946,-0.402668050488517,-0.35370725586820484,0.6134842232136964,0.7812410297415474,-0.00035247158449131335,0.4651457399245179,-1.5183282424187776,0.18001610512535365,-0.9291215446534011,-1.01287710634431,-0.558852466638992,-0.5880913527900193,-0.4864175174648081,0.24509738005003073,-0.30028772671221954,0.46643586657658204,-0.6800181418732992,-0.9111171598761987,-0.6167816730976072,-0.7142517823790512,-20.472187767798516
s810,40.64004603887451,-0.6854094976574248,-0.9205541885337534,-1.030324574109394,-1.5599122196041872,2.033610699347802,0.4031570487817935,-0.29321453120816215,2.742565833758411,-0.5582749381717423,-0.06544656127666788,-1.2421742124175847,1.1531858589566113,3.096749101620431,-1.0042415987395283,-0.5609384697647599,-0.5795449505715446,2.5540373351244385,-0.4327027368627905,-0.5746541250308533,-0.402668050488517,-0.35370725586820484,-0.47385784178809953,-0.192479402970443,0.5644505831500224,-0.14386899454231442,-0.02727218242462199,-0.7647158559713002,0.9586818690569568,0.8627494079779169,1.4996016839153263,1.596618562780342,-0.21198605452529629,0.09406623844313716,-0.2672447021286233,-0.4366057428090701,1.161336638511692,2.3432909377459215,0.8689681630827398,1.5107948780666105,-21.19146876442327
s811,20.30448517519446,0.69787153993422,-1.1307562714021206,1.294768567768854,-0.8919887314790597,1.2113948534845278,0.3388188693146309,-0.3835144548064902,0.15769578519275437,1.2205821454648411,-0.06544656127666788,-1.2421742124175847,1.0538285069531177,-0.4324161530479095,0.921495887321336,-0.5609384697647599,-0.5795449505715446,-0.04067526237672181,-0.4327027368627905,-0.5746541250308533,0.8984821625272509,-0.35370725586820484,-1.361190952129804,-0.699738145826738,-1.1747594472910887,-1.1975015410165204,-0.9164976666977203,-0.8681607817574535,0.5294334204288302,0.2759276718812883,1.4953784082127146,1.5921362514783397,-0.8232396176685689,-1.2012907177210455,-0.1672049856103894,-1.113795280445703,-0.7036764425851467,-0.7975176396316763,-0.6191651526307204,-0.6634525459348073,-21.801164942546574
s812,62.120205000310044,1.1578516010139945,-1.2210482720485516,1.3904011136101155,-1.1989404019409413,1.6430899551039684,0.4065495023298067,-0.3521584664252649,0.4813925218319992,-0.5582749381717423,-0.06544656127666788,-1.2421742124175847,1.406921715964637,-0.4324161530479095,0.8801731407084536,-0.5609384697647599,-0.5795449505715446,1.3437747336789743,-0.4327027368627905,-0.2387658948952672,0.2475494006557012,-0.35370725586820484,-1.2897279566668791,-1.0187942521854614,-1.2459977539000613,-1.2647091022349355,-0.4601040605686891,-0.9191089893372835,0.5836755318080729,-0.32749688479441935,1.5960205296407066,1.698951280877251,-1.4447333215246034,-1.2493172021700907,-0.2956411203975649,-1.164405879335169,-0.7101325312690078,-0.8242926353706367,-0.6262037080045733,-0.6915750905747665,-23.72646511684069
s813,36.73731921141754,1.0188788475265822,-1.076642341849188,1.1450699791157564,-0.9781103929549564,1.084487095620796,1.3778590120890666,-0.7368367091200779,0.31392329022872717,-0.5582749381717423,-0.06544656127666788,-1.2421742124175847,1.3611320038227184,-0.4324161530479095,0.664761661590978,-0.5609384697647599,1.8293078012468058,-0.5931276049690055,-0.4327027368627905,-0.5746541250308533,-0.402668050488517,0.3904628531388264,-1.179794059279652,-1.282742590041578,-1.0323425795540921,-1.2394049615684952,-0.13655090473920256,-0.8138476101789007,0.6854093572479565,0.07822474567482011,1.4065948582286982,1.5080839040442893,0.3936489433827167,-1.1301941342980102,-0.2992077011398742,-1.0053264360154008,-0.6345558783454146,-0.5163540280026215,-0.5934470770110986,-0.5758884442918769,-22.699280913745504
s814,-30.424749740845403,-1.3162417609999464,-0.31357049368598,-1.0503793789170561,-0.5620705091200985,-0.22893176303395005,0.6914731879790104,-0.7176902883965596,0.8011104644454919,3.197778694872751,-0.06544656127666788,0.6561799249538766,-0.9088194600200015,2.4430276536561575,-1.123255774999641,-0.5609384697647599,-0.5795449505715446,-0.5931276049690055,-0.4327027368627905,-0.5746541250308533,-0.402668050488517,-0.35370725586820484,-0.19960058836077899,0.994542999181705,0.7696833108828783,1.0476305064665747,0.8535603453171757,0.359467030989745,-1.1381704682460048,-0.8007875734152092,-0.6190790680758567,-0.6436472928878337,0.02340008235578911,0.12972747089324888,0.463493040603415,-0.1427341271572716,0.1026109668251068,0.0654628421197129,0.11360665241888528,0.08676682609942077,-18.325737414150986
s815,-10.292473869575424,-0.5047004702759984,-0.2318489317060333,0.5701720776608085,0.33276346979012883,-0.8337309074990634,0.622956704031822,-0.778423424407602,-0.9751625538508649,-0.5582749381717423,-0.06544656127666788,0.12630964924799606,-0.01328643772713869,-0.4324161530479095,0.5416365105996858,2.206243267447469,-0.5795449505715446,-0.5931276049690055,-0.4327027368627905,-0.5746541250308533,-0.402668050488517,-0.17561526396908625,0.07380018204932637,-0.5555170134844172,-0.46369059624432396,-0.6470604647684771,-0.2139261768715933,0.09716949366046315,0.8412903890418615,1.659487017058872,-0.5882757633966444,-0.509568673082624,-0.5446173067134736,-0.38264291881872325,-0.23801996066625156,-0.40091469287918435,-0.5867077636173933,-0.511460520113363,-0.5250011382062113,-0.436240421727523,-20.57906464758977
s816,-37.42244700578793,-0.34708920737566124,1.3690598760118,-1.0043472852770192,1.1785502754569113,-1.3984076224350028,-0.16618511591192206,-0.5782916174196051,-0.45487376888718445,-0.5582749381717423,-0.06544656127666788,0.6524457638771686,-0.9088194600200015,-0.4324161530479095,-1.1364257882117568,3.0344277249428044,-0.5795449505715446,-0.5931276049690055,-0.4327027368627905,-0.5746541250308533,2.6398041461639923,-0.35370725586820484,1.7154348163085391,1.461776311113626,1.0179355064856495,2.1166390728279114,1.7185159260662446,0.8977907154851628,-1.2169416247519238,-0.7412891245553219,-0.8461562793559955,-0.8930170118118546,0.936101377780062,1.4189370137676827,0.45287759266611644,1.3373061194757978,1.4615848189177691,0.885542821126333,1.2037145704470025,0.6179502667642504,-18.08215553271357
s817,28.125275681667507,-0.6991445982580694,-1.016100815693402,-1.1289710055537154,-1.5502779478189823,1.2701453688355142,1.349612513935281,-0.7115578404982877,2.5895700435718627,0.02301907646609592,-0.06544656127666788,-1.2421742124175847,0.7027857811530478,4.137485611178197,-1.4801900106259651,0.9773586315363049,0.801932896549065,-0.5931276049690055,-0.4327027368627905,-0.5746541250308533,-0.402668050488517,-0.35370725586820484,-0.8274087697611348,-0.40442398758241954,1.545485154612934,1.2093247798885371,-0.6794932143410684,-1.0013336123914975,0.5801449314145186,1.0887590394870175,0.5402692311155348,0.6587761049215932,-0.3784728659413436,-0.1996641653371426,1.140322924206575,-0.6282063165658892,4.213596249445376,4.485600386194371,5.541232999049506,5.0755025720466955,-21.520862580440205
s818,25.27001473592929,-1.1035818919744886,0.03413993225223217,0.5922563614434698,0.8374508559251653,-0.765448238172288,-0.9887811223714136,0.5175622272498672,-1.4168536596216368,1.6145391564289522,-0.06544656127666788,0.6488005113975248,-0.9088194600200015,-0.4324161530479095,1.238954826055131,-0.5609384697647599,-0.5795449505715446,-0.5931276049690055,0.5930295155575087,-0.5746541250308533,-0.402668050488517,-0.35370725586820484,0.21797945683392908,-0.4318678450514729,-0.7096356734074112,-0.5221092479073153,0.9529939141048013,-0.014355677886348455,-0.9406975497283704,-0.7307750211418431,-0.6814986060904616,-0.7182600217855838,-0.5304021899783089,-0.2716904731883368,-0.1644479621263619,-0.35395513167305326,-0.738811561040475,-0.9973014560919766,-0.6345892181934549,-0.7352355870443634,-20.573538642299592
s819,31.25983419360984,1.4770505387801254,-1.4291642596461724,3.0750411899283008,-0.8417464098394526,1.6068780584274138,1.3865117893845453,-0.6855986469535583,-0.5581201420016544,0.025051573020773658,-0.06544656127666788,-1.2421742124175847,1.1560497552329678,-0.4324161530479095,2.0398457342528187,-0.5609384697647599,-0.5795449505715446,-0.5931276049690055,-0.4327027368627905,0.48721071160232937,-0.402668050488517,-0.35370725586820484,-1.5837562911227954,-1.6935959203287565,-1.5592128742612184,-1.8130760279348135,-0.5967876465088416,-0.918717360026316,0.4808439248907622,0.10550218026582316,1.4567816712878348,1.551172174699783,-2.046579616638154,-1.683165552455993,-0.2662259568291462,-2.3654613922677608,-0.7498148775743472,-0.9992466027909677,-0.6407987313292741,-0.7518900383993464,-22.445673256691634
s820,53.78236683056506,1.027690946654376,0.6604990461926725,-0.6230689520708783,0.49752553831613155,-1.1697029186292591,-1.1434446819391308,0.7696683387980651,-0.4976585539623708,-0.5582749381717423,-0.06544656127666788,1.5574138661906851,-0.9088194600200015,-0.4324161530479095,-0.6957712568628008,-0.5609384697647599,-0.5795449505715446,-0.5931276049690055,-0.4327027368627905,3.0792500051274314,-0.402668050488517,-0.35370725586820484,0.987449484628002,1.1671681710385577,0.9286122356628211,1.0755176534944415,-1.4552814597346992,0.15702616004201728,-0.8187994716850979,-1.0460203754339772,-0.5946814441442734,-0.6261179089799916,-0.041759364114762325,0.46475117953674994,-0.2679903633819415,0.6844388535175834,-0.26632893053943024,-0.36670951771960286,-0.35187574080600764,-0.40570285913608795,-21.03220827040201
s821,58.67934453445076,0.1557811710269376,-0.849005978734909,1.3478459770272042,-0.4281453268799377,1.074614522876521,0.2195045930124695,-0.3440635250817584,-0.22022253856148938,0.8308840730186824,-0.06544656127666788,-1.2421742124175847,0.696852035787904,-0.4324161530479095,1.2489079965001808,0.007993576721587523,-0.5795449505715446,-0.5931276049690055,0.7093496678938314,-0.5746541250308533,0.5536655202665531,-0.35370725586820484,-0.5919439073654985,-1.0196165794568166,-1.053027351153547,-1.1564592593303553,-0.7640413698137972,-0.9192708461765874,1.305362066514247,1.4988206243988524,1.0773570216920623,1.2393818909391354,-0.5058279653234047,-0.9532886748284726,-0.2509529550533656,-0.9721829601595731,-0.7335293759335137,-0.9461273497018776,-0.6316475343828332,-0.7158498575956448,-22.51724700203312
s822,11.734340162122102,0.960836876757789,0.4664897606345262,-0.7064310031109277,0.11766255406298337,-0.4954624282809359,0.27278626803727535,-0.6164954500609228,0.24093772686596138,-0.5582749381717423,-0.06544656127666788,1.1037981218662682,-0.9088194600200015,1.3246459038371239,-0.7758026050071407,-0.5609384697647599,-0.5795449505715446,-0.5931276049690055,-0.4327027368627905,2.853472826845268,-0.402668050488517,-0.35370725586820484,0.290591071943724,-0.1006561232979163,0.49619812990745477,0.4333005916025186,-1.5564919393632475,0.6723505041944676,-1.064575285840085,-0.7675580733173989,-0.6357840941025175,-0.6697415995517793,-0.3070737836650828,0.5357074661657518,-0.2918507712149422,0.3777773038193194,-0.0933528609686163,-0.12633075956942894,-0.18270770238739628,-0.2051982690939582,-19.676522128594183
s823,-31.869470295618985,-1.1241897549024669,-0.1768249438245099,-0.7017970648326893,-0.28277937089218,-0.3898855853116392,-0.11901424568612974,-0.4084626571832216,0.2286367357840989,0.7579489845190629,-0.06544656127666788,0.3462445555871073,0.22068164917820396,-0.4324161530479095,-0.7388650597097529,-0.5609384697647599,1.7575263263138956,-0.5931276049690055,-0.4327027368627905,-0.5746541250308533,-0.402668050488517,-0.35370725586820484,-0.23930176730294916,1.3455490056589232,1.1250971082029986,0.7071466011201323,-0.7737332355665917,-0.4760182141516249,0.06252647214835934,0.8761478371503698,-0.6509916446038099,-0.5605755404474827,0.16933423941971293,0.019025672507173495,-0.27447184887297316,0.47980487477810957,0.12154629381032077,0.4424550755125671,0.22243514268977113,0.49932956131353384,-18.982288117291
s824,78.87131717560787,0.5070111019087312,-1.4125075218916727,3.0255015627021,-0.8936774244447485,1.673891061110151,1.235904517423251,-0.6417234859896341,-0.4436741023879722,-0.41647180837908654,-0.06544656127666788,-1.2421742124175847,0.8382522043455731,0.7074351902173767,2.028389715055864,0.38763086004304825,-0.5795449505715446,-0.24081387741212693,-0.4327027368627905,-0.5746541250308533,-0.402668050488517,-0.35370725586820484,-1.4789676878976574,-2.0191173315766218,-1.5800616221235486,-1.795879617299572,-0.5877920023463182,-0.8146544673891744,0.781399331398756,0.6526761583935431,1.2323725033875743,1.3129988181911771,-1.1853877914202242,-1.6557277635272671,-0.2723382040531526,-2.3136003640589484,-0.7294327907684435,-0.8467263829590925,-0.6316164602580732,-0.6937148126615149,-23.75965705343503
s825,5.108417864588587,-0.8648010641697768,0.2585045328327319,0.5618956381577096,1.072204856475187,-1.3662493913099414,-0.5053649342651115,-0.3499418358979756,-1.7301052657529417,-0.5582749381717423,-0.06544656127666788,1.0269954561605468,-0.9088194600200015,-0.4324161530479095,1.1373277173004137,0.6070278478897522,0.5055238565538382,-0.5931276049690055,-0.4327027368627905,-0.5746541250308533,-0.402668050488517,-0.35370725586820484,0.0021492894081503035,-0.22757597461470716,-0.67977611562136,-0.5320067755057128,1.4632125829968659,0.23514116240295438,-1.1444822428645653,-0.9542903383231206,-0.7153472127517632,-0.7541847406243652,-0.7013965438797378,-0.10050568264363448,-0.09505204572163693,-0.20855513816663432,-0.7259916592297844,-0.9593010643969938,-0.634819920028795,-0.7378524073609507,-20.74394606294202
s826,36.848033131686186,0.021668171106686247,-1.0635598160855133,1.90426907169308,-0.6002650920741892,0.9441516095952043,0.845420552149924,-0.6153699936061396,-0.5203770236537525,-0.5582749381717423,-0.06544656127666788,-0.8135532750194931,0.8891618974791825,-0.4324161530479095,1.5438361523192832,-0.5609384697647599,1.301240981779119,-0.5931276049690055,-0.4327027368627905,-0.5746541250308533,-0.402668050488517,-0.35370725586820484,-0.9219995925174345,-1.4641047419367366,-1.3995002925223061,-1.4826546905202498,-0.27277482221641414,-0.9582477052915079,1.4677856870598003,1.065466697592723,1.0133214372522121,0.1043738930787199,-1.345068274966303,-1.1677903921766608,-0.3011591514039696,-1.6749507072120862,-0.7151412444682467,-0.8165085195271807,-0.6273385890827677,-0.6874592030086623,-22.295908935130477
s827,-83.21810569701536,2.259306973615273,-1.2054529343193583,-0.4613694816360599,-1.5110111234160852,0.39742736194370354,1.594371947126845,-0.8464259691263828,1.475281024925542,-0.5582749381717423,-0.06544656127666788,-1.0699360327544252,1.7448277242408428,-0.4324161530479095,-1.4449803834670432,1.5076283819847975,-0.5795449505715446,-0.5931276049690055,-0.4327027368627905,1.6192760657021483,-0.402668050488517,-0.35370725586820484,-0.7926244766917551,0.4342375649670909,0.9600618850174614,0.572611027698884,-0.14620759616264573,-0.8341708913293682,0.020670313214339566,-0.48681271113368896,1.3890751291992536,0.40565220733866136,-1.092693613835453,-1.0400590780682701,-0.10404147145650385,-0.5745785832091476,1.207924265496615,1.3961861561294957,1.1856667187863432,1.1799684163466095,-20.30439908572953
s828,32.64345944099353,-1.0019659696171062,0.14809190450089513,-0.1610948506555356,0.5475600723906303,-1.4850813169976953,-0.7574646697868084,-0.1293187813989232,-1.1079738902263871,1.061447219120098,-0.06544656127666788,1.2098508760556779,-0.9088194600200015,-0.4324161530479095,-0.07183754268896599,0.867835860569886,-0.3140718055272762,-0.5931276049690055,-0.4327027368627905,-0.5746541250308533,-0.402668050488517,-0.35370725586820484,-0.018753022893910166,0.5172043163544496,-0.23942946028434753,0.20413800147699052,1.2457579361031632,0.24911777532121393,-1.2027917912876758,-1.0419650914172456,-0.6680947855877274,-0.7040340748287556,-0.05580890558539112,-0.0379800663004696,-0.2345995757584701,0.1372252142887213,-0.5748811003582338,-0.65314033738485,-0.5475690590754508,-0.5757881514555656,-21.26632247755481
s829,-60.77615717266547,-0.537146447768555,0.6609091980155265,-0.598758787598047,0.7674235001311566,-1.6988649572980705,-0.12489175927219112,-0.6569307688723023,-0.878192792488896,-0.5582749381717423,-0.06544656127666788,1.0663277304159011,-0.9088194600200015,-0.4324161530479095,-0.8078151442648767,3.0909028834350143,-0.5795449505715446,-0.5931276049690055,-0.4327027368627905,-0.5746541250308533,0.6967613582610154,-0.35370725586820484,0.7430487493889057,0.838883312647918,0.37830607770559066,1.0934691962965999,1.4312071062683438,0.659109348803198,-1.2154641508911777,-0.890843808860924,-0.6947694120779518,-0.7323447957508785,0.6891106352703626,0.7366710050214804,-0.30118185187721697,0.9294019516966621,0.013747344868623702,-0.04496825968060123,0.02005030976746253,-0.012526611917204207,-18.36528680868646
s830,12.121086375992554,1.6416693955107926,0.14359514518745262,-0.9327133413851331,-0.26997458254111595,-0.3599467781666665,-0.1723675946362041,-0.36937890035261295,0.6601852831676308,-0.5582749381717423,-0.06544656127666788,0.580897328133255,0.21747283920889085,-0.4324161530479095,-1.343297619121551,-0.5609384697647599,-0.5795449505715446,-0.5931276049690055,-0.4327027368627905,3.5638960074882178,-0.402668050488517,-0.35370725586820484,0.06479220066828595,1.1271709272894985,1.4975675175580971,1.3968872709946143,-0.228964653250234,-0.45135250921683007,1.4245228752914412,1.507784467672547,0.31665004924359913,-0.1974364803057483,-0.28649725258525843,0.14544663733747115,-0.30080077870151484,0.11938805633309552,0.5615650581518189,0.15906039588544452,0.2750022037422533,-0.034067573937005956,-20.383580315723275
s831,-34.75477492983133,0.8872005951105438,-0.8577055665980993,0.9995822470475456,-0.7038073667548593,0.9856760023672981,0.8179752193021352,-0.6017508259943382,0.15918811180134856,-0.5582749381717423,-0.06544656127666788,-1.2421742124175847,1.08195492218733,-0.4324161530479095,0.7421379413134681,0.02027699636663235,1.1051400788799977,-0.5931276049690055,-0.4327027368627905,-0.5746541250308533,1.136077197242982,-0.35370725586820484,-0.9212281478340563,-0.9849165663143876,-0.9817824451657546,-1.007672131354562,-0.12763811601581257,-0.742597208723458,1.2685315618914925,0.775320288868354,1.2660448621640905,1.3963354272594088,-0.26268340178006694,-0.9086922112928428,0.007810498465371026,-0.6687357522579599,-0.63334581011204,-0.5390727335870507,-0.5548858410831747,-0.44656823299157244,-20.14217587228185
s832,-71.76861569608617,-1.8683121312287532,0.7258292093127295,-1.2142927877389333,0.46705668828896846,-0.4967154308954637,-0.7149953339471161,0.11279428125318913,0.2670344708688589,2.9836836377892153,-0.06544656127666788,0.43519600659537006,-0.9088194600200015,-0.4324161530479095,-1.0255004112174813,-0.5609384697647599,-0.5795449505715446,-0.5931276049690055,3.0014488442403713,-0.5746541250308533,-0.402668050488517,-0.35370725586820484,0.3619309270042542,0.6540170310065895,1.189051363867192,0.9313980595822954,0.7142097303136495,0.6766155902317857,-0.5366366197144471,-0.7222028027891085,-0.8364033233922281,-0.8693063419642998,1.4008625503089194,0.571994663917501,0.38057895132644776,0.4838094359502416,1.2754148453516059,1.1878201120168157,1.1092572503053053,0.8861968354074639,-16.382978949924738
s833,19.141224637211515,-0.9422109642484069,0.035042858318616595,0.8398204395371035,1.0309098704856825,-1.1116843631444853,-1.050763432360428,0.5279767550452354,-1.7938569677341514,0.7040053811300955,-0.06544656127666788,0.9191168981461767,-0.9088194600200015,-0.4324161530479095,1.509682779704993,-0.35989508721767177,0.018132294008994184,-0.5931276049690055,-0.4327027368627905,-0.5746541250308533,-0.402668050488517,-0.35370725586820484,0.10404323861153762,-0.5307997953720623,-0.8610007428813495,-0.6990506125174012,0.9914387724644426,0.14945399461810008,-0.8187190851310603,-0.7974246589294793,-0.7101406816100033,-0.7486588656817217,-0.6178620273407793,-0.3117975013000371,-0.28389531441759747,-0.6338488219459218,-0.7461860931421028,-1.021194581281827,-0.6388170498157429,-0.7480753378034954,-20.87813803835245
s834,43.34697001472982,0.09580123168026934,0.23525747784462442,-1.3583544885348766,-0.48826537979554746,1.1656994236464873,-0.21696678978181855,-0.029156594012479116,1.9285158276205312,0.06469512232511938,-0.06544656127666788,-1.2421742124175847,1.2753787667478178,-0.4324161530479095,-1.2528826803530118,-0.5609384697647599,-0.5795449505715446,2.2444801279021327,-0.4327027368627905,-0.5746541250308533,2.8495882405636497,-0.35370725586820484,0.7201450643195383,-0.24526631547157285,0.9066160249260858,0.14895348473937478,0.016179573873461098,-0.7828262316006037,0.757341699878638,0.6876479375955035,1.5795699754023793,1.6814917280611614,1.5445406801649408,0.49883578270188134,0.4687510399025142,0.19082393664928368,1.517404095489566,1.22227677642675,1.5793786861917973,1.1344572550265686,-21.632608728570585
s835,-32.62874316347202,0.3761693062428766,1.29077329857273,-0.08688996139033626,1.7092004404525118,-0.9787452905303893,-1.227245281223677,1.1883098548132958,-1.3074120538445029,-0.5582749381717423,-0.06544656127666788,0.5837651190270613,-0.9088194600200015,-0.4324161530479095,0.8352957492256462,-0.5609384697647599,1.4648463720123543,-0.5931276049690055,-0.4327027368627905,-0.5746541250308533,-0.402668050488517,2.242774121352589,1.0544146335841376,0.368465553339553,-0.31385727319890117,0.2889870908901479,1.5329333840259274,0.28595917749246585,-0.21836282457022507,-0.5184507127741844,-0.8415308850677075,-0.8710916474087396,2.3235968453577245,1.0332490446191716,-0.23171698075801928,1.262912219714887,-0.6259964251063972,-0.7385842597882781,-0.571210189614154,-0.607410822308323,-18.45033213930005
s836,43.6656411802953,0.6354580580784529,1.068571996034201,-0.25104504934905536,1.29946202095099,-1.1872394381009286,-1.0662172436841126,0.5355184866237221,-1.0707466300596782,-0.5582749381717423,-0.06544656127666788,0.8709258680954445,-0.9088194600200015,-0.4324161530479095,0.21716552445792753,0.16045249113949758,0.22468251823903332,-0.5931276049690055,-0.4327027368627905,0.5962431260843303,-0.402668050488517,1.4534026619316749,1.0066502361764031,0.9582115443202831,-0.2180735985149705,0.5387923234056039,-1.2925224247505558,0.43736310492859365,-0.45093911992818203,-0.6638917798241699,-0.6987196235611915,-0.7296232014326676,1.0098710120386936,1.007617984622034,-0.2620840052384278,1.1740908137146344,-0.6797821785677911,-0.9090700394296231,-0.6176020299912734,-0.715308692913824,-20.857030681050286
s837,-74.44909073781983,0.2686069591103505,1.8634514133726034,-1.2204004089569656,1.0364965359435905,-0.2735839268139793,-1.2368787553326257,1.6282911443261383,0.31810243664541293,-0.38659355695120257,-0.06544656127666788,0.4949928014203226,-0.9088194600200015,-0.4324161530479095,-0.8994630827418734,-0.5609384697647599,-0.5795449505715446,1.539607668870293,-0.4327027368627905,0.09847038164888985,4.302770315762879,-0.35370725586820484,1.9256469097246802,0.7348695267519663,0.7113512660192851,0.9100977281565947,1.184428340175999,0.8464978259759511,-1.3081840317157463,-0.9479885279629892,-1.2210163225106634,-1.2107113011598367,0.5184802402132956,1.6381660956838242,-0.30165616814727275,1.3547213634474329,0.9601627947131616,0.6140712013528883,0.5926062854822206,0.2662240110922089,-16.042985945367697
s838,-41.586539341263055,0.059515735538164784,1.3763278002915926,-0.8463790200726832,1.2878471218712697,-1.4894545778866786,-0.0010500249684654546,-0.6721004236210025,-0.5633872935219133,-0.5582749381717423,-0.06544656127666788,0.703638778388163,-0.9088194600200015,0.18161090984202147,-0.9758809753679903,2.9648598516547984,-0.5795449505715446,-0.5931276049690055,-0.4327027368627905,-0.5746541250308533,-0.402668050488517,1.9614886388203365,1.5719587746441355,1.823071512145069,1.5349209579957293,1.6673470491939875,1.9476408048187637,0.6959257114186773,-1.0925133798134412,-0.624909131589522,-0.8588796540035831,-0.8909074466369696,2.2388484572120073,1.5390841914848579,0.1339107030071036,1.5171747153750466,0.3194463030634786,0.0158378455711094,0.18310398813321765,-0.052795841570421526,-18.193873713280095
s839,1.4950076026065209,0.6926293959134258,-1.3960174915263235,-0.07799215731707894,-1.6938690396770504,1.315073897884054,0.9184995541640179,-0.5929706844095852,1.5818946878053313,0.2730243814224505,-0.06544656127666788,-1.2421742124175847,1.9000714562755356,-0.4324161530479095,-0.6222201798232655,-0.5609384697647599,-0.5795449505715446,1.5368014382468207,-0.4327027368627905,0.007370824353887058,-0.402668050488517,-0.35370725586820484,-1.061794940701385,-0.6630656191564851,-0.8374231342523898,-0.7010281811634027,-0.35171622592325796,-0.7923152143051633,0.21588550031069434,-0.5507689869722919,1.5448116466316533,1.6446014890953768,-0.9144336939360935,-1.0339031907797285,-0.2903205103025748,-0.9676950403317609,-0.10642012219609463,0.7549253933662181,-0.10078021860341826,0.5214211611278411,-21.990163719732593
s840,-47.72970609097952,-0.8471575500454525,-0.1657123161096123,-0.39687942954714156,0.03801895608736287,-0.5058282441905392,-0.5048960776088391,-0.13665932787455604,-0.21628601497163993,2.847688387843328,-0.06544656127666788,0.31613235145431695,-0.23777191545573256,-0.4324161530479095,-0.2592021492128706,-0.5609384697647599,-0.5795449505715446,-0.5931276049690055,-0.4327027368627905,-0.5746541250308533,0.5498885314405062,-0.35370725586820484,-0.2223126832924755,0.8014518979492151,-0.14161520234944822,0.1905990905848088,-0.813301409351361,-0.16496685557994822,0.10559056022865794,0.29138215594470324,-1.072473890070455,-0.6624689014703407,0.005056264617278619,-0.025121818375288346,-0.29730227971524736,0.2058415124323075,-0.45694318869555633,-0.3880249277561799,-0.4526085446721051,-0.39484935121185427,-18.16847175772266
s841,25.600663077733298,0.36089852077150963,0.39221788423493364,-0.16958749701607306,0.5375606307252272,-1.0669702286974696,-0.23209401881750058,-0.4747285248395191,-0.7698947220908161,-0.5582749381717423,-0.06544656127666788,1.1727973081687344,-0.9088194600200015,0.16771889484451177,-0.043570089405985245,0.38241894064849996,-0.5795449505715446,-0.5931276049690055,-0.4327027368627905,1.5719908353469834,-0.402668050488517,-0.35370725586820484,0.44682241619758994,0.4997016662577107,-0.20636032517333025,0.22299286547706462,-1.2021212388023126,0.33460303199034486,-1.0210647162437303,-0.9142681041157689,-0.6632720261744243,-0.6989155103429658,-0.7182349539848817,0.26729595628568537,-0.2970120446996612,0.43304416345948,-0.6337693339937212,-0.8018512380889723,-0.5963174974956037,-0.6743402750123493,-20.764467282804855
s842,-53.406478395081116,-0.5209267431906883,1.2179085822121483,-1.1641112971134138,0.8318286492768877,-0.7151769463043589,-1.1539168185116924,1.0279671463893523,-0.0016215621207888878,1.3593271560933105,-0.06544656127666788,0.76617135632398,-0.9088194600200015,-0.4324161530479095,-0.9285060968687548,-0.5609384697647599,-0.003335997822203308,0.32309056583264717,-0.4327027368627905,-0.5746541250308533,2.6183933636400476,-0.35370725586820484,0.9049977565692995,1.0711768533923622,1.7212724170412552,0.5265807334764466,0.782099885403437,0.515962777874692,-0.9814766622862054,-0.6860697466039307,-0.943806912579002,-0.954175909130101,1.2271561951888044,1.1780345722594883,-0.1559415839574208,1.0348772446736265,1.0506153951579142,0.8879467580825109,0.7296477231071004,0.49803198682129074,-17.195694443211675
s843,2.142627594213659,-0.6796848245825221,0.5610849430649887,0.014474972560308103,0.9281949441923256,-1.0317126157119656,-0.9176331032921717,0.2668435473362846,-1.221980726210212,-0.5582749381717423,-0.06544656127666788,1.0162410975416931,-0.9088194600200015,-0.4324161530479095,0.6511070239928914,-0.5609384697647599,1.817891437494112,-0.5931276049690055,-0.4327027368627905,-0.5746541250308533,0.4033413649898872,-0.35370725586820484,0.4218552591026681,-0.22088496751767764,-0.4196090110022118,-0.07752111722730778,0.736101357335044,0.20182868972780524,-1.082725703145464,-0.8896957473693434,-0.6771057677281607,-0.7135977476586461,-0.04600925050112851,0.36747986948264827,-0.29409905988707985,0.4709305038852869,-0.617077114974448,-0.6807622247579357,-0.5504681097873679,-0.544105053375887,-19.998163342805366
s844,-81.66395160288175,0.3577779650445065,1.9054710139851192,-0.8963792845171727,1.4840511809471169,-0.7501480843487521,-1.5637705404563147,4.975924770565049,-0.3959007275331562,-0.017412809020060833,-0.06544656127666788,0.7844290433125396,-0.9088194600200015,-0.4324161530479095,-0.37656576483882415,-0.5609384697647599,-0.5795449505715446,1.727958427728515,-0.4327027368627905,-0.5746541250308533,-0.402668050488517,3.039252244968451,1.4040064806342198,1.1094455045787401,0.5613094095056209,1.0704394215624677,-1.2740956851189476,0.29861931889950755,-1.0007115423231363,-0.6334421021826474,-0.9695132447577478,-0.9050596157747571,3.0556213714911524,2.2514156820330067,-0.3016493512235704,1.857064921238378,-0.06804730903816948,-0.13448636707581998,-0.22907603329094167,-0.28336570944323763,-15.81596700213373
s845,6.490666706573966,-0.9331540072566463,0.10157528541479846,-0.02431465931829414,0.34859000912526367,-0.8315616987908974,0.07639021109545176,-0.5899152511060959,-0.7446080163601847,0.4148574406897062,-0.06544656127666788,0.9484886382429146,-0.9088194600200015,0.6152129589917832,0.24146789605029848,0.5433709158848855,-0.5795449505715446,0.16242671597643316,-0.4327027368627905,-0.5746541250308533,-0.402668050488517,-0.35370725586820484,0.02379394082333603,-0.009370591120270185,-0.35803195807596283,0.00031207040457070307,0.6976607555827513,0.14975962266031267,-0.9801408390252648,-0.8103257313100779,-0.6418573225099808,-0.676187330838889,-0.5187206995409172,0.013187263698994775,-0.28393218881746374,0.17944530131384995,-0.673737439568665,-0.8485823902835212,-0.6156731324691287,-0.6997221612463844,-20.03183538643507
s846,-4.304107445002006,0.1164570200170285,-1.2778300695957325,-0.3872341308771529,-1.6097698097265398,0.796847523897557,1.6367585509003064,-0.8159226685566869,1.7187924447137448,-0.5582749381717423,-0.06544656127666788,-1.2421742124175847,1.3188794419214875,1.5128215821873918,-1.1407455525453307,1.548408699919289,0.9517041500437958,-0.5931276049690055,-0.4327027368627905,-0.5746541250308533,-0.402668050488517,-0.35370725586820484,-1.5619754378873676,0.4055051943424064,0.022412917330237675,0.16126355571164222,-0.0920376655595139,-0.25472724718926376,-0.004827479683089359,-0.619594409129648,1.2357607132369586,1.3165948446812448,-0.8278388835115305,-1.0442765053765644,-0.22273183647206427,-0.736608362772917,1.3878462859465035,2.79621976752124,1.9096565367466807,3.1235467005369837,-21.6693356923211
s847,3.8476278700199056,-0.9745485969805822,0.2866941838615152,-0.16630100399036965,0.5274554269878993,-1.1382363658325425,-1.169375263220101,0.8737091094640451,-1.014033948899994,0.39675265224577216,-0.06544656127666788,1.3066838106597116,-0.9088194600200015,-0.4324161530479095,0.19574073758228852,-0.5609384697647599,0.8194367858710421,7.039212676217949e-05,-0.4327027368627905,-0.5746541250308533,-0.402668050488517,-0.35370725586820484,0.25491922836466546,0.7111699668692463,-0.2968541875491637,0.17105640572712935,0.9997382980901894,0.10190676233326133,-1.0102916695752273,-0.9660418925574452,-0.6535925245633373,-0.6886423142449005,-0.12778437531638942,0.15221557264699748,-0.29673691807075786,0.3692160450213407,-0.6074637951204162,-0.6975796672369278,-0.5536721973181858,-0.5728082844331992,-20.01719781047365
s848,-61.07623358979713,-1.8623905242147534,1.6915249773094023,-1.5481420878492966,0.7830170422347184,-0.4022463311601085,-0.46624704141330464,-0.1487008323212589,0.6662794610188972,-0.5582749381717423,-0.06544656127666788,0.519898054340032,-0.9088194600200015,-0.4324161530479095,-1.506120823764815,-0.5609384697647599,2.7614900645514995,-0.5931276049690055,3.8862566989712346,-0.5746541250308533,-0.402668050488517,-0.35370725586820484,1.9610998882698238,1.2532455225420434,2.5865640440856046,1.9017245824831335,1.1264091020859166,0.7797836918523269,-0.5903753398707289,-0.5208387970651085,-0.7458121029698739,-0.7865182019833884,0.552026758934113,1.410009125908614,-0.26100263706556076,1.1476121473346208,3.9524510891993123,1.5007712844145025,2.59975880571213,0.7382083990213307,-16.707808993111534
s849,18.901984751614545,-0.7747988375277272,-0.6476258867148135,1.2489733690548581,0.07913519891634917,0.09490000169446935,-0.07093116533039995,-0.34615448355766804,-0.9653892939733368,1.0635009665722854,-0.06544656127666788,-0.14249968072202857,0.1544099004242276,-0.4324161530479095,1.4246197362800956,-0.5609384697647599,-0.05370391327232055,-0.5931276049690055,-0.4327027368627905,-0.5746541250308533,-0.402668050488517,-0.35370725586820484,-0.5850155332008378,-0.9067634100643202,-1.089844362548844,-1.0994266650557203,-0.7848673697909625,-0.6253337772813289,1.7976318666063478,2.0558310066532903,0.16755148638517356,-0.26713676879173004,-0.2591453844138879,-0.822822031068019,0.18116973604604322,-1.137407511154542,-0.6919128203203587,-0.7449082279010779,-0.6081296760185124,-0.6196145064322335,-21.03364362191806
s850,-66.91349455922654,0.7734863509144224,2.311896470681854,-0.718296286146202,2.1487470320572277,-0.9567235811756999,-1.2468030487281625,1.290859493294751,-0.7779927616078762,-0.5582749381717423,-0.06544656127666788,0.3398137103725136,-0.9088194600200015,-0.4324161530479095,-0.00011415376199965066,-0.5609384697647599,1.8005776393091537,-0.5931276049690055,-0.4327027368627905,-0.5746541250308533,-0.402668050488517,4.215758325753916,2.382642454032734,1.4923700993090092,1.1033007089999682,0.9429853587563556,0.9241526844232217,0.44251556723040925,-0.0010055175987110899,-0.5048295551242165,-1.0582187300408514,-0.9795079196565823,2.94081339781748,2.319099445653347,-0.28681771200888073,2.0583583999261643,-0.2175493817107192,-0.24627609921674617,-0.302479875959305,-0.31921047278423786,-16.748891763625345
s851,-0.14503687734305354,-1.0400540768589137,0.460527663057723,-1.1414577184018726,0.034969733298978574,-1.0121472643482778,-1.416633304377883,2.402530065660705,-0.07151033601302395,0.8461111529257113,-0.06544656127666788,1.7248721655534438,-0.9088194600200015,-0.4324161530479095,-1.2016297781524965,-0.5609384697647599,-0.5795449505715446,1.9937193210453212,-0.4327027368627905,-0.5746541250308533,-0.402668050488517,-0.35370725586820484,0.3543370671418318,2.1873741476010102,1.5425741970772744,1.806160902720651,0.9034588531176615,0.3546867018795642,-1.3525049983898196,-1.2210109908663678,-0.5066977948128878,-0.5327377620135988,0.2838026371798171,0.5180740319323475,1.6466029090298682,0.47172028467831445,0.5570588144702415,0.24849787865812284,0.3049887341357382,0.04639200679643312,-18.87785873496733
s852,-7.049940006121547,-1.3331126884215612,0.12449888770142338,-0.15789994382897404,0.35890936589409866,-0.21107014522880949,-0.611818645194172,0.05785685244509693,-0.40427323572211704,2.0803234862878623,-0.06544656127666788,0.11614650975465188,-0.6221086477552368,-0.4324161530479095,0.29676705143195686,-0.5609384697647599,-0.5795449505715446,-0.5931276049690055,2.1555936010202075,-0.5746541250308533,-0.402668050488517,-0.35370725586820484,0.09416687116442221,0.2023552160687203,-0.5830544260070225,-0.2377506792663863,-0.8052603488738255,1.8831030420300003,0.3698941034694168,-0.5900614875889896,-1.4282161629165386,-1.0227004414985095,0.6132085799918785,0.1540118203217158,0.4842003376440382,0.3254124750566011,-0.4998601581179024,-0.37349541003747544,-0.4802543985516847,-0.38922856657712157,-19.166138816738272
s853,-2.7181639301579428,0.2162919437795909,-1.3217756794525517,0.46791328949559924,-1.5297669986985276,1.4583385466574723,1.108188692743909,-0.6313038603906213,1.1830619348271534,-0.5582749381717423,-0.06544656127666788,-1.2421742124175847,1.807983252965898,-0.4324161530479095,-0.037362098599701625,-0.5609384697647599,0.28212733743978885,1.5503609559652811,-0.4327027368627905,-0.5746541250308533,-0.402668050488517,-0.35370725586820484,-1.0830062576031387,-1.055340392769328,-0.581196531015107,-0.9691160628613673,-0.48738141879893676,-0.9673290535092756,0.3115511381146454,-0.6038093061459521,1.620248682093442,1.7246654727066815,-1.19306728126067,-1.246979797556548,-0.3013047180594246,-0.9381020619944153,-0.2975070580086064,0.6421789174780415,-0.3515568827304967,0.15201945492091895,-21.518316503720886
s854,17.789169237184932,-0.17033311861932346,0.201459581629798,0.9467034117770833,1.1203948578656504,-0.764018888413108,-0.7864062870541777,0.1352552131256891,-1.7583303110830466,-0.5582749381717423,-0.06544656127666788,0.8983687262839256,-0.9088194600200015,-0.1959993159993799,1.7894802868494024,-0.5609384697647599,-0.3602101863504779,-0.16686567523775533,-0.4327027368627905,0.5016251663982547,-0.402668050488517,-0.35370725586820484,0.33319596154383424,-0.8773519271504052,-0.8852052983668626,-0.789275712915944,-1.3618778498269568,0.04403701407249499,-0.7035501409179582,-0.763109092956669,-0.7232823731206598,-0.7626066059036579,-0.8957036166544075,-0.14176823199662655,-0.21842514716425954,-0.41715812674623437,-0.7409914633726572,-0.9974059654481174,-0.6349238626139482,-0.7338452115253841,-20.922285266576637
s855,4.8251952444644,0.6575581094407211,0.7621126136506629,0.7361144745724568,1.9856912789576655,-0.7704412635788928,-1.4609638648043732,3.1026314450422,-1.8903534368348407,0.8519649789969775,-0.06544656127666788,0.22405849650982346,-0.9088194600200015,-0.4324161530479095,1.9522989548142053,-0.5609384697647599,-0.5795449505715446,-0.5931276049690055,-0.4327027368627905,-0.5746541250308533,-0.402668050488517,2.222266198386903,0.7154904873669053,-0.5608361809611843,-0.6507201668394185,-0.5026482017930822,0.7477987370938469,0.17420264794733306,-0.6305437998206803,-0.5957640355689074,-0.9620462167441609,-1.0043141219456533,0.26677228626594407,0.43485958382643813,-0.3012603114060865,0.06368818011081614,-0.7511104675077599,-1.0437134989536812,-0.6403713654589397,-0.7537677855992547,-19.846909814888438
s856,-30.636937171282366,-0.6411029674849472,0.7845585805769616,-0.42665485995806135,0.834506028264632,-0.9049151639593082,-0.31924268425530183,-0.38386806990383754,-0.6319841576056598,-0.5582749381717423,-0.06544656127666788,0.6306339419984277,-0.9088194600200015,-0.4324161530479095,-0.16141347820474067,1.2598649162730604,-0.5795449505715446,-0.5931276049690055,1.925585607675583,0.4925610550855332,-0.402668050488517,-0.35370725586820484,0.9129344793594111,0.5609746061189429,0.29884979796994443,0.48124819368108274,-1.6075013546445678,1.0113577914388738,-1.128892054296151,-0.5742951102414972,-0.7571086060371626,-0.7911076722395496,1.087404767041965,0.8098437175298832,-0.22495586981257462,0.8968330464165836,-0.24016006771052986,-0.09257353280892563,-0.3185268966574669,-0.24123997118401022,-18.579958042401834
s857,75.48647784796484,0.9125229197805383,-0.6929860602225011,1.6794119983266556,-0.06535760204792276,1.4229544194386654,-0.1092214099222288,-0.06850101195232713,-0.5442037184347785,0.81425802934006,-0.06544656127666788,-1.2421742124175847,0.42884982533868304,0.040417521049149724,1.8921943165533681,-0.5609384697647599,-0.5795449505715446,-0.5931276049690055,-0.4327027368627905,-0.5746541250308533,1.9123069746191212,-0.35370725586820484,-0.5431587787358084,-1.439180204518479,-0.9536794728514227,-1.3134727186494484,-0.6977415991793281,-1.013304497553722,1.2080876391211044,1.7533628133766228,0.9726113220879118,1.1875744285777594,-0.04029820557766823,-0.8746492126773707,-0.2987943630608063,-1.0754243837687698,-0.7357415319226518,-0.9416597045431016,-0.6339366615734932,-0.7212638336472436,-22.94003947989728
s858,19.824714448269273,1.0716808341586401,-0.5022889353433587,0.8946811503438622,-0.11675897507081516,1.0325279700327463,-0.12293817766911681,-0.13255426197916859,-0.17972620631510638,1.3667025487635602,-0.06544656127666788,-1.2421742124175847,0.5070908590106059,-0.4324161530479095,1.1449497504570174,-0.5609384697647599,-0.5795449505715446,-0.5931276049690055,-0.4327027368627905,-0.5746541250308533,2.689477161619543,-0.35370725586820484,-0.7262295292704082,-0.6835607043682524,-0.8700402448857719,-0.8025569086091646,-0.9019854455057686,-0.988918448211842,1.099985093641798,1.8709712455119503,0.8334868145447112,1.1862740370062426,0.03646903147592699,-0.48604289742927975,-0.2971519314939136,-0.3184796296336652,-0.7297277449003284,-0.9473399927107381,-0.631896127380914,-0.7223867691839845,-21.079025597508984
s859,-25.786069061900882,0.9967527045682908,0.9475366972146557,-0.2080441555186879,1.0356597138118302,-0.21716341919323792,-0.789166532900289,0.31285684881057846,-0.5530569795428277,0.1670788974850384,-0.06544656127666788,0.14596566744738526,-0.9088194600200015,0.01609057114995317,0.49773971763757285,-0.5609384697647599,-0.5795449505715446,-0.5931276049690055,-0.4327027368627905,0.8629474999494555,3.2944620944232943,-0.35370725586820484,1.0634552164933024,-0.27708003121339225,-0.019277704858394553,0.1704177599640387,-1.5665539261622852,0.6463376376067642,-0.8155608068569421,-0.4900205989506027,-0.9903339402847163,-0.9964158480811461,1.2243110670510748,0.9174893867309406,-0.24633121696747268,0.9643213041878925,-0.5740524666766837,-0.6286915667116345,-0.5401079434741926,-0.5509441296700993,-18.29183386036745
s860,2.63476735521207,-0.2782842462294202,-1.0600867014960682,-0.7771232510233604,-1.513015008418096,1.1633748902258199,0.9672776637123387,-0.6253826131633953,1.839449216964551,-0.5582749381717423,-0.06544656127666788,-1.0845002905935897,1.919530809612217,-0.4324161530479095,-1.0865125448616368,0.07027862102646537,-0.5795449505715446,2.571867223285527,-0.4327027368627905,-0.5746541250308533,-0.402668050488517,-0.35370725586820484,-1.049470000348638,-0.4518869508678804,-0.026989834129075425,-0.43419784809262046,-0.22546461295888062,-0.967753583985428,0.42186244975390574,-0.3898028618494269,1.5647573575261833,1.0246678425037663,-0.14184219929051825,-0.6237341422548726,-0.021217343633832927,-0.41980189973463783,1.299974534155745,2.5151495674723217,1.5792997478909954,2.5095136762183103,-21.484180719543076
s861,4.8304074330283155,-0.7925141366050609,0.16666308955820225,0.7207820602388909,0.9453536344494133,-1.0144315153251704,-0.7413371566267497,-0.006244571444162455,-1.6834599456172763,-0.5582749381717423,-0.06544656127666788,0.9571748509735275,-0.8362086744286883,-0.4324161530479095,1.4281375977369897,-0.5609384697647599,1.383594922012225,-0.5931276049690055,-0.4327027368627905,-0.5746541250308533,-0.402668050488517,-0.35370725586820484,0.4537513371012728,-0.5985696116193495,-0.7014908521271669,-0.5959532346559699,0.47161022276446124,8.138576889125167,1.8512672690283811,-1.0350295845885458,-1.5505713051257355,-0.8139324205836644,-0.6229785718056334,-0.21598497341861683,-0.2994611394004886,-0.2536059300049485,-0.7349820028893441,-0.9808000274406852,-0.623262559744868,-0.6976350144109422,-20.604409399513983
s862,-18.190710620069684,-0.8030864285312975,0.13387784634768776,0.3506458251256427,0.5965505679687,-0.8853825699182081,-0.492121708519136,-0.24248232880762352,-1.2233537377981072,-0.5582749381717423,-0.06544656127666788,0.8915226401260317,-0.6270462622029652,-0.4324161530479095,0.8415473261486245,-0.5609384697647599,1.8011284023751912,-0.5931276049690055,-0.4327027368627905,-0.5746541250308533,-0.402668050488517,-0.35370725586820484,-0.11684192710961483,-0.15984674842318433,-0.6834967542031407,-0.4343622944760678,-0.555463147792331,2.5372663572962804,0.3410804048838644,-0.20693868399041018,-1.3638323635978593,-0.8111210674132322,-0.30983441252741345,-0.1598723054961547,-0.20275717604865282,-0.016571713923513347,-0.6752349690345629,-0.7994516219571038,-0.5957258461601717,-0.6306142823720504,-19.836340354764427
s863,18.748034085284328,-0.6085275404396839,0.048349720461417806,-0.44955287140109557,-0.38198887959195255,1.4557111905520126,-0.5154371603585433,0.3648790957222686,1.148642285274522,-0.5582749381717423,-0.06544656127666788,-1.2421742124175847,0.5993556918296431,-0.4324161530479095,-0.08620918415440722,-0.5609384697647599,-0.5795449505715446,1.084998307867706,3.7839822932935903,0.12793313529786896,-0.402668050488517,-0.35370725586820484,0.0054415317828321276,-0.5326215068446362,0.38325718046145957,-0.5055297687391949,-0.4907137984524513,-0.9402746311918766,1.3602032810267473,1.8207302787727704,1.3452168442013448,1.6452324141971486,0.5023339863376433,0.22145818599493403,-0.2873566649815007,0.17867870607261102,-0.2063224726288971,0.21840801221799483,-0.26254592040202435,-0.009205219391155057,-20.17821382918477
s864,21.058801824707675,-0.8133054330717825,0.15825912260487268,0.07956437653032143,0.6501365027414191,-1.5346276127379481,0.23283657249821887,-0.7657756436887059,-1.2165579055761606,-0.5582749381717423,-0.06544656127666788,0.8809597844203702,-0.6284411790238417,-0.4324161530479095,0.06571513488680981,2.5960397947865452,-0.5795449505715446,-0.5931276049690055,-0.4327027368627905,-0.5746541250308533,-0.402668050488517,-0.35370725586820484,-0.07818127034108718,0.6491439227228785,-0.4232311756739981,-0.054235285697306984,-0.36976990557759504,3.2394076751165404,0.468024558486657,-0.28201902574530574,-1.4055044016908098,-0.7631614931408849,-0.20805281938321046,-0.12796648792491408,0.836273923298948,0.13982839953677212,-0.6170224938389136,-0.7297808289044283,-0.5603427761000181,-0.5908504352522078,-21.458289546719712
s865,24.6216884510481,0.6201199803069949,-1.096683671614972,0.43623139657809645,-1.0801989205300029,0.9062807077155635,0.5429378715018888,-0.516163134827116,0.6801030830341578,1.5211760508015786,-0.06544656127666788,-1.2421742124175847,1.18882545706238,-0.4324161530479095,0.05118799248437192,-0.5609384697647599,0.3065945752475181,-0.5931276049690055,-0.4327027368627905,-0.5746541250308533,1.02888065882077,-0.35370725586820484,-1.1148868991754561,-0.9588518764154027,-0.4753457607451669,-0.6934294535428008,-0.7253999555079034,-0.7753315718924523,1.1836301817896682,0.8267096810949564,1.2417934364232226,1.4082562823133795,-0.38189875379507127,-0.8703842143005416,-0.28690305785838865,-0.5559625416813134,-0.5639211110756844,-0.3823558083319336,-0.5437089799049122,-0.46486720154040234,-21.795218999627
s866,16.835701214657014,1.3175982501473067,-1.4991015428793155,0.9961759802052912,-1.4884556661112025,1.1172708096621502,1.161013894185284,-0.6827750097635829,0.7975831587381335,1.09960040942804,-0.06544656127666788,-1.2421742124175847,1.5752337312617661,-0.4324161530479095,0.12713480611416822,-0.5609384697647599,-0.5795449505715446,-0.28801380263505805,-0.4327027368627905,0.594686909642125,-0.402668050488517,-0.35370725586820484,-1.7031087191971659,-1.1377307074371652,-0.92952901500043,-1.1867079573617938,-0.5609624730347584,-0.9531162257903733,0.5712449707403746,-0.28268688471491854,1.49029074558418,1.5867365358768806,-1.6407799636238194,-1.5705806113307548,-0.3013108879423886,-1.4327381021524592,-0.6060243675486895,-0.4145308914643015,-0.5506695838511719,-0.4273073315266208,-22.406416087333646
s867,-2.1856588210890213,0.40705275891575965,0.8945332067212075,0.527490285164244,1.824334802430931,-0.6214211747824734,-0.8888435749529913,0.35824100762783684,-1.6655211476262721,-0.5582749381717423,-0.06544656127666788,0.18987172350374398,-0.9088194600200015,-0.4324161530479095,1.7147066020130959,0.20156803813404076,-0.36702888368377534,-0.5931276049690055,-0.4327027368627905,-0.12773134006288173,1.8403388391235471,0.27607401082168337,1.046924355784741,0.06544638747405133,-0.6476714242850012,-0.34377349663553103,1.5539711538700633,0.3620044441452992,-0.5380663962303722,-0.5734326076431709,-0.9848672815503158,-1.0231615914205068,0.5852657497842065,0.5081690841555246,0.07004469149718293,0.4761932233731563,-0.7243945095704911,-0.9520197963129884,-0.6253928506378744,-0.7093942795346033,-19.70162478711471
s868,-90.45465834346436,1.5233362638602856,2.210884140972095,-0.7141223970398396,1.9935995262760113,-0.9113766280380867,-1.3684414930266624,2.063213631282062,-0.6324073388549541,-0.14761307429221107,-0.06544656127666788,0.3398908805150887,-0.9088194600200015,-0.4324161530479095,-0.18036937481325163,-0.5609384697647599,0.18607959973612562,-0.5931276049690055,-0.4327027368627905,0.8629474999494555,-0.402668050488517,4.299836492455764,1.4400431172334616,2.0661394942014346,0.5612878582587429,1.2777566295581297,-1.6981429146056661,0.3928404876906908,-0.2021062599172714,-0.5400728117256838,-1.1033313792423474,-1.0572234640159077,2.4545314390371162,2.4392068041157398,-0.09299259459945747,2.1497494168554154,-0.22930003147993694,-0.31804909157934474,-0.3424025454650454,-0.3964439430120598,-15.798215393999303
s869,-9.079314927234096,-0.22012516484669647,0.3765430968799475,-0.19828120519678355,0.4395493422210525,-0.6686277002923909,0.023944457021376726,-0.5371429063527108,-0.5470896411398979,-0.5582749381717423,-0.06544656127666788,1.0359527048523025,-0.9088194600200015,0.7310035450593281,0.14245181054370687,-0.5609384697647599,0.8595989409842264,-0.5931276049690055,-0.4327027368627905,0.749452634819431,-0.402668050488517,-0.35370725586820484,0.5475185436898358,0.4479016339083331,-0.005473227686459037,0.10532756955052375,-1.3183961679551275,0.2390908068647136,-1.2282311075134604,-1.0117012347597,-0.717874741006244,-0.7568672954133372,-0.11362056333646,0.2282642382894677,-0.2981451168308095,0.43055761349827626,-0.6011277433984408,-0.6989060625097496,-0.5692506918645767,-0.612222047944244,-19.275957908219986
s870,-31.768604702747602,-1.1570871478605464,0.11117467430459589,-1.0968042598660774,-0.06203758101116855,-1.2024542350043572,-1.305503691804696,1.4469633685949856,-0.1827242530188515,2.6899581656471643,-0.06544656127666788,1.5457973181466675,-0.9088194600200015,-0.4324161530479095,-1.2599756572662593,-0.5609384697647599,-0.5795449505715446,0.3991252688037387,-0.4327027368627905,-0.5746541250308533,-0.402668050488517,-0.35370725586820484,0.5101857358465247,1.7324035881710307,0.6273819619760256,1.790772199604321,0.33251747616829,0.23777084826437558,-1.198658477676242,-1.1616195386229144,-0.5157205914906811,-0.5423139740282517,-0.3303897491654502,0.31704497931708553,1.776411775603578,0.39210672800667173,0.7605771654709355,0.4944848631432869,0.8169867297661209,0.5146836963244117,-18.344361461579467
s871,-6.075326112903611,-0.44469022989667156,0.0350954079492074,-0.7546100037331542,-0.33786489549749077,-0.11314782960214158,1.599783472217935,-0.8960183061941138,0.8800647046081481,-0.5582749381717423,-0.06544656127666788,0.37096702668445675,-0.9088194600200015,3.6387983028448625,-0.9831990169298271,1.9204218782483282,-0.5795449505715446,-0.5931276049690055,-0.4327027368627905,0.20847516484168843,-0.402668050488517,-0.35370725586820484,-0.1264815278201077,0.3803123487917341,0.746398615467981,0.5557720785803417,1.3093984103212313,0.7306101711601105,-0.9572957302370136,-0.6393123714115003,-0.8742087999476156,-0.9108700468572528,0.3532944355462903,0.3928262351162413,-0.2248931704595912,0.11133643659952479,0.3470157205520903,0.4274460482341018,0.3975048783078183,0.43426928746754,-19.546327079367128
s872,20.440610002884625,-0.8414466157359609,-1.5382097221817885,-0.852253670770258,-1.7332398308133345,0.6471546849429016,1.4359055245364332,-0.7929936582760209,1.6347227845298284,3.147859878628984,-0.06544656127666788,-1.2421742124175847,1.7765276967621855,-0.4324161530479095,-1.3470608486581186,-0.2437752024706467,-0.22596218411172156,-0.5931276049690055,-0.4327027368627905,-0.5746541250308533,-0.402668050488517,-0.35370725586820484,-1.4430510455973926,0.5139128489733541,0.7860410707198829,0.5257693896149763,-0.5825950841186263,-0.9304450342795085,0.003692233304986748,-0.7765662933412693,1.219903510419675,1.2997650366338802,-0.7397304094878158,-1.3693087975763036,0.08794343045430018,-0.982960107222084,2.2232219328076446,3.7710240299691633,4.469895107896675,6.249760519953094,-22.22687656829416
s873,36.958665408034946,-0.623508900550201,0.006303169154286993,1.0674361380585828,0.8309905074519683,-0.6094556736370585,-0.8617007227584517,0.3114681208870481,-1.7094396047829412,-0.5582749381717423,-0.06544656127666788,0.81094153558848,-0.7330859097857063,-0.4324161530479095,1.8192564284391162,-0.3000098243313051,-0.5795449505715446,0.8484539637710418,-0.4327027368627905,-0.5746541250308533,-0.402668050488517,-0.35370725586820484,0.17305831260103507,-0.8911839932685391,-1.0205893596244335,-0.8868451239813095,-0.32551126342369435,3.6800890609805523,1.6104086073749635,-0.35469770700113473,-1.4583479224717375,-0.8438519010323398,-0.9028280254965025,-0.2953918068205311,-0.2542099578805947,-0.7610928074832543,-0.7592414112277981,-1.074443413082606,-0.641766423211882,-0.7582798499846025,-21.741350755487037
s874,59.568531908292364,-0.12768466283928065,-1.6444182842111106,0.7004759182848713,-1.6801425561845007,1.0970321819726996,1.1480313907783095,-0.6817261484212931,1.0594768611975507,2.3611221984126027,-0.06544656127666788,-1.2421742124175847,1.2832691855566107,0.5453710181891371,-0.1226557732320062,-0.5609384697647599,-0.2555670602924019,-0.5931276049690055,-0.4327027368627905,-0.5746541250308533,-0.402668050488517,-0.35370725586820484,-1.8649322730338187,-1.1501308071372223,-0.8383098093810374,-1.150423836595866,-0.7166674327702335,-0.7189069305728307,0.493336304062984,-0.40653586059596014,1.3020566449440891,1.3869570528089026,-1.5046820800448362,-1.7236984026545648,-0.046381348816188106,-1.6114300317410855,-0.4671587217567323,0.12507551494229494,-0.2871516809990824,0.47027984912397025,-23.069879237118094
s875,25.037435641987255,-0.11181332211773116,-0.9049925574390227,1.5883760190229328,-0.5194266049439124,1.000637184829641,0.20242230692122448,-0.34680796780929124,-0.455025382909033,-0.5582749381717423,-0.06544656127666788,-0.6068067052157079,0.7612286085802022,-0.4324161530479095,1.4773876581335068,-0.24648599962700665,-0.5795449505715446,1.0419694383077902,-0.4327027368627905,-0.5746541250308533,-0.402668050488517,-0.35370725586820484,-0.6381052085895088,-1.2492823689248944,-1.1840204341856797,-1.2787920465776172,-0.38919637466012136,-0.9310956005897733,1.1684580140234135,1.3057372780381353,0.9074533609472429,0.06261517608571833,-1.220114822754301,-1.0335918752854265,-0.09538817403196437,-1.2704884475676834,-0.7163564909215389,-0.8418627143644285,-0.6294654402885693,-0.7022199679265875,-21.781234309133794
s876,30.91039652100488,0.6430491229255816,-1.4679311785694311,2.0090811825066766,-1.293499531906145,1.282927441184285,2.040161677963091,-0.8391015860737384,0.14165305477948545,-0.5582749381717423,-0.06544656127666788,-1.2421742124175847,1.4392905217886345,-0.4324161530479095,1.0326669635082424,-0.5609384697647599,1.665089925063949,-0.5931276049690055,-0.4327027368627905,-0.5746541250308533,-0.402668050488517,-0.35370725586820484,-1.7779338202216837,-1.666572638287272,-1.310615446478801,-1.5939893098345908,-0.23945913113895112,-0.919450750516691,0.22586680902696238,-0.40548067026011886,1.4498360314325063,1.543800522405351,-1.7940144569105023,-1.6533876668076886,-0.2650674080887463,-1.9441655044790447,-0.6899609878250011,-0.6645099833211778,-0.5962888361852368,-0.5321693186184764,-22.8727752711456
s877,9.340764754720535,1.0209043679858625,-1.0252657157784453,1.5798014803127487,-0.7793460611273785,1.2969237258918465,0.6917483101530401,-0.5196601547002763,-0.03795686796027897,-0.5582749381717423,-0.06544656127666788,-1.2421742124175847,1.0274681557483505,-0.2812710298750034,1.2311373561509222,-0.5609384697647599,1.313482783705662,-0.5931276049690055,-0.4327027368627905,-0.5746541250308533,0.865904344222482,-0.35370725586820484,-0.7766297307534559,-1.6899432253896727,-1.05083335691535,-1.3922084375611552,-0.25329436821821855,-0.8399247913937166,0.9499182530711092,0.49740852098518684,1.2789581756518877,1.3697450269495457,-1.114842337791849,-1.1339905758068891,-0.2994051081739487,-1.290466656973318,-0.7269748396694012,-0.9039262256800129,-0.6309017553885912,-0.7100666905007887,-21.890162882136465
s878,-21.616605302207294,-1.3806104280317768,0.8995166724258199,-1.137726469441015,0.6717263390446041,-1.5382084447128646,-0.44459841690312984,-0.43861484110933513,-0.3974713067340996,-0.2995414049815135,-0.06544656127666788,1.351816114364271,-0.9088194600200015,-0.4324161530479095,-1.4031451082030955,1.862120685208008,0.7986674455756151,-0.5931276049690055,0.2931682724104455,-0.5746541250308533,-0.402668050488517,-0.35370725586820484,1.3177441940440597,2.2916428825475728,2.471834291823927,2.4861917525139017,1.0802362787050905,0.7359590734903702,-1.4045217809330166,-1.1119737687059532,-0.5756486625861792,-0.6059177473297283,0.8365573676505713,0.8666080969874412,-0.22749577923178307,1.0220258498884225,2.4618070528213396,1.2806029774416885,2.63362149540721,1.264765909227478,-18.769745372036557
s879,-42.86313351934652,0.09391778983598348,1.3237037404241931,-0.6670833211251782,1.18482413627852,-1.1518629086937353,-1.023166638055046,0.4433339957293465,-0.7119917488077565,-0.5582749381717423,-0.06544656127666788,0.9737680194901955,-0.9088194600200015,-0.4324161530479095,-0.3588491615884807,0.8521565812246499,-0.5795449505715446,1.047016034120373,-0.4327027368627905,-0.5746541250308533,-0.402668050488517,1.7899926466211853,1.5808656341531238,1.4189237446109306,0.7934539798330402,1.1123167881201383,1.1452901492331276,0.15956590496876116,-0.9762618441809997,-0.6573714453362052,-0.7599441211038921,-0.7658324407217527,1.459928078058859,1.5139394580095857,-0.24487666528012939,1.4598878681231975,-0.31408089249582805,-0.39468619448714315,-0.40147686422372725,-0.44747376883237583,-17.617446227829127
s880,-28.81903738634804,-1.182276859985335,0.8266787948481539,-0.44775070668983774,0.5964488757314277,-0.07130384020015708,-1.044124222456015,0.949974113034781,-0.32114115756818035,-0.5582749381717423,-0.06544656127666788,0.6024411310717351,-0.9088194600200015,-0.4324161530479095,0.2620232644775255,-0.5609384697647599,-0.5795449505715446,1.721062161926782,2.4707813002301533,-0.5746541250308533,-0.402668050488517,-0.35370725586820484,0.6357801220806049,0.31615462150590035,0.3927088945450262,0.010634584524470914,-1.282123982678443,0.5451402586814149,-0.9916626903241704,-0.6051938493370199,-0.9118140948988078,-0.9043770243965611,0.39485185481593404,0.6803568881515631,-0.2737470336648833,0.7536167898560806,-0.28370504676095637,0.0012529146674278278,-0.3393606611100623,-0.18015763744751512,-17.929772155287893
s881,-68.04309461921304,1.1721598614026305,-1.4693138916463522,0.43950877813708045,-1.5670637199087298,0.24945528861830674,2.7128755825194224,-1.0011448934956895,0.8903307182920583,-0.5582749381717423,-0.06544656127666788,-1.2421742124175847,1.6828021060628071,-0.4324161530479095,-0.8444009034165749,2.833463640918666,-0.5795449505715446,-0.5931276049690055,-0.4327027368627905,-0.12540361722450685,-0.402668050488517,-0.35370725586820484,-1.458534375589735,-0.6881584217709228,-0.2981004984739197,-0.6705092606710643,-0.01025970177300709,-0.8004009816649976,0.8715137491606922,-0.5614955264588543,1.3605973090601495,1.4490883222005433,-0.7167321699648762,-1.688401620571859,-0.2991631105346954,-1.2466516349896117,-0.1237936399644465,0.5055598979415691,-0.10826605104867164,0.36190381519298925,-21.169212834789555
s882,-25.550749446544124,0.3186861031512096,1.1427022760703751,-0.37236959921240265,0.9737914409697359,-0.10297040463920129,-0.49331122810689465,-0.048819602203642114,-0.33747518125800746,-0.5582749381717423,-0.06544656127666788,0.49064626176935217,-0.9088194600200015,0.9072792568937581,0.4028408858458654,-0.5609384697647599,-0.5795449505715446,1.5808082366603704,-0.4327027368627905,-0.5746541250308533,-0.402668050488517,2.014106727335985,0.7304376030304011,-0.06965515703362697,0.3721143409247811,0.14731632376920734,-1.351817702648791,0.3377159596115232,-0.8615702113722943,-0.518951564744382,-0.8632755213165498,-0.8723142918994683,1.1298732539481353,1.128740576677323,-0.2742135540013429,1.0978070686332804,-0.5629119471802891,-0.6366421245199239,-0.4992231251443645,-0.4887668217701058,-18.090056395642293
s883,14.759318413704806,-0.7938183583947798,0.506083601910513,-0.6810369401021112,0.17302428673735898,-0.8396091377349105,-1.4943620939589224,3.5032037400176734,-0.41020281438175926,-0.5582749381717423,-0.06544656127666788,1.661653847840993,-0.9088194600200015,-0.4324161530479095,-0.4531762328002703,-0.5609384697647599,-0.5795449505715446,2.707405196254761,-0.4327027368627905,-0.5746541250308533,-0.402668050488517,-0.35370725586820484,0.2680243407748884,1.2449958642297285,0.16012723447882357,0.9853729957726308,1.0190713636094952,0.028746082754260147,-1.4609315524130675,-1.1441083759724273,-0.6314516195215124,-0.6651433916327302,-0.1300419073153818,0.4556978849919636,-0.2991424573807797,0.54354434714189,-0.3577173690286112,-0.38173447453641046,-0.37915109731099,-0.3746127981053108,-19.582001537077744
s884,-15.673409736755833,-0.8825892592021494,0.6071390894559714,-0.08894612745212557,0.6240343497784834,-0.03139142304258392,-0.9721541693531855,0.7624146960576922,-0.5755804510054224,-0.2792926936883651,-0.06544656127666788,0.39458773548290244,-0.9088194600200015,-0.4324161530479095,0.664761661590978,-0.5609384697647599,-0.5795449505715446,0.8624642194263158,2.6378044622301484,-0.2621320326438297,-0.402668050488517,-0.35370725586820484,0.780103787174786,0.10044493192633995,-0.5117527684139133,-0.12117911982282616,-1.4478009317336198,0.4857032272163438,-0.7721657393402241,-0.7496086711033709,-0.9023938716900638,-0.9258609855259096,0.15585712987105055,0.5649086612021701,-0.27040304651759856,0.6679122995693142,-0.6032080962127027,-0.6446699968720977,-0.5485274030970374,-0.5408051237877514,-18.666411017264966
s885,1.0990525972907115,-1.2906986757092416,-0.07719238125198216,-1.137740790299346,-0.12270446192558256,-1.3248722727695925,-1.209895431950447,0.9274445253561389,-0.20622938890078918,3.905440973562293,-0.06544656127666788,1.4512315246338494,-0.9088194600200015,-0.4324161530479095,-1.3812571518382342,-0.5609384697647599,-0.5795449505715446,-0.5931276049690055,-0.4327027368627905,-0.5746541250308533,-0.402668050488517,-0.35370725586820484,-0.2823924379938764,2.4175825919981935,1.0260949267587238,2.219576746481592,1.254383267672667,0.09371311982680541,-1.4372494025705778,-1.1890909880377118,-0.5910951058298568,-0.6223116017693182,-0.5689384967644198,-0.01835661857500628,0.17097301609023152,0.19026612016417035,0.6942571758167787,0.3013913844339072,0.5802207318971356,0.21986562347497526,-19.49202935470739
s886,-57.553723580555044,0.4526632944161117,1.397142822880161,-0.24244767225191907,1.669591462606343,-0.8432572615342562,-1.0394219003167209,0.6119235316162561,-1.0672217102240735,-0.5582749381717423,-0.06544656127666788,0.41811870798550965,-0.7593266661555331,-0.4324161530479095,0.608268945253797,-0.5609384697647599,1.585682850072319,-0.5931276049690055,-0.4327027368627905,-0.5746541250308533,-0.402668050488517,2.5533826118968186,1.259996252469654,0.35313926556314357,0.16901819002502352,0.5037991899949344,-0.4748759424602095,5.143573501089058,0.2616616867210055,-1.442578178495267,-1.5601489046885382,-0.9014262012270807,1.662831759028756,1.2291555439780484,-0.27003464696492274,1.423886322013113,-0.5791347532568571,-0.6625970556142441,-0.5576700826616786,-0.595245468816604,-17.536213191747073
s887,18.645164398646827,-0.1950300944092154,0.42826632467366743,-0.20146023587022996,0.5924870585605612,-1.2755740981623405,-0.7226752050814214,-0.10830924907373807,-0.9706866063317864,-0.5582749381717423,-0.06544656127666788,1.2716077828191983,-0.9088194600200015,-0.4324161530479095,-0.05772316936342995,0.7891877322945845,-0.5795449505715446,0.06503645717566797,-0.17862227066693653,0.5464113623391122,-0.402668050488517,-0.35370725586820484,0.42816480909251103,0.6458477513070457,0.1164711414009972,0.3124026250405302,1.1418176286724282,0.21838374739671068,-1.2406101045833289,-0.9635974221348692,-0.659064900368395,-0.6944503394952164,0.07066095539404042,0.30676101396603467,-0.2455438644401526,0.45669682618221374,-0.5547778083879309,-0.6353186242632772,-0.5300440247387056,-0.554830504860089,-20.72504645987743
s888,27.390888013357785,0.6820256665378616,-1.0882401944340496,-0.203196251276799,-1.2519073138112868,0.7951031477507621,0.580520075614426,-0.5455954625777195,1.2315615104120392,1.516878097389719,-0.06544656127666788,-0.8163427980163267,0.9790609653541419,0.7590576370704247,-0.6225510872839366,-0.5609384697647599,-0.5795449505715446,-0.5931276049690055,-0.4327027368627905,0.8935347685660577,-0.402668050488517,-0.35370725586820484,-0.8370175049453209,-0.41947000728961115,-0.3254649727638588,-0.3064183393847396,-0.737854690632371,-0.9457321547125724,1.2427845322512627,0.5473652959893636,1.208417191711903,0.24424413359857794,-0.02243361049293977,-0.9124444857037438,-0.2906764423514677,-0.6318217547829482,-0.10394095801064417,0.552773230687706,-0.13389423625144678,0.30663702859149805,-21.63711888094086
s889,-37.79411491659492,0.18007385084870012,1.4497447273422799,-0.6719241492349519,1.3490590745993625,-1.2049163911786591,-0.9948318599679907,0.35766811853625347,-0.7592219668873268,-0.5582749381717423,-0.06544656127666788,0.8735204951737271,-0.9088194600200015,-0.4324161530479095,-0.34343407685805105,0.8638835111083795,-0.125707042861011,0.5314256519734379,-0.4327027368627905,-0.5746541250308533,-0.402668050488517,2.0959813463956047,1.6456255979577827,0.7148047027361629,0.7180464768620825,1.1206191859794072,1.017632750859921,0.37236740523276435,-1.0000092864848404,-0.7468012961015945,-0.9023326880091621,-0.9297675206009655,1.6962453916579223,1.5521861075090553,0.08379781516282941,1.5430202277444653,-0.37968203842430737,-0.504651458037316,-0.4499048959349384,-0.5140990040640803,-17.84767272504274
s890,-1.8499915433153002,-0.77542859059645,-0.8534029816870196,1.639328092731875,-0.036735535662419765,0.4260074923927602,0.14134622501915714,-0.4086002422358499,-0.9429564042667523,1.4604280443821331,-0.06544656127666788,-0.43904112747139207,0.3639089166367243,-0.4324161530479095,1.6683008136031507,-0.5609384697647599,-0.5795449505715446,-0.5931276049690055,-0.4327027368627905,-0.5746541250308533,-0.402668050488517,-0.35370725586820484,-0.8773083458794995,-1.2693228417308378,-1.3614437796542993,-1.290372394783936,-0.800901571388855,-0.7568991502513978,1.175077546036044,1.9470928411933563,0.4237257848299617,-0.2164459124875002,-1.3025530653098367,-1.007501230760933,-0.18107469833995593,-1.5467192625601514,-0.6992273028179915,-0.7383924076954896,-0.6192017719696633,-0.6520606734957504,-20.365771678256856
s891,-12.460096849559285,-0.7875580037422031,0.4408275924063643,-1.120915930477208,0.0286754581422449,-0.5918279567518189,-0.22770869149149792,-0.37996466942229024,0.36564604805325945,-0.5582749381717423,-0.06544656127666788,0.6748829213811817,-0.040828459847981606,-0.4324161530479095,-1.2228742739513843,-0.5609384697647599,2.8777087659245035,-0.5931276049690055,-0.4327027368627905,-0.24417099285147204,0.13046043435770024,-0.35370725586820484,0.28270885734548223,1.7284376916337152,1.441631910749367,1.3576877658593134,-0.14845328047532372,1.1180360098869446,-0.3350278910086611,0.29267747210670975,-1.1214588289682734,-0.67774448839269,1.674234788869754,0.7015124903747372,1.01735080557438,0.9339814748455502,1.2380023041308201,0.901945381059311,1.3883363036882719,0.9391131760009884,-19.254899040317884
s892,-37.59469857836534,-1.8682020675900732,-0.27268588118428877,-1.2395112848566745,-0.5970585884856892,0.7811503665111842,0.16043414037383863,-0.35995787263188167,1.5356693010279137,3.079477793044578,-0.06544656127666788,-1.2421742124175847,0.7635155624570938,-0.4324161530479095,-1.1576844709557232,-0.5609384697647599,-0.5795449505715446,-0.5931276049690055,3.056402247747991,-0.5746541250308533,-0.402668050488517,-0.35370725586820484,-0.4513065678600853,-0.30870655828698534,1.4443242720453497,0.21963316170619754,-0.8183949990033391,-1.4220005451901319,0.3281913806942431,1.2071983774293698,-0.3109639486278967,0.2003166262378679,0.4978786503907856,0.14165434001094454,-0.24243511672996937,0.25716102431841203,1.5107438408986131,1.8051762575804666,1.8220275049232326,1.880687528957962,-17.979990521123376
s893,83.73605002599157,0.7773526306866976,0.15429545489009805,-0.00616751765217942,0.14016157801151855,-0.1282826975538814,0.6388875139044145,-0.6890870413823027,-0.1421228040648899,-0.5582749381717423,-0.06544656127666788,0.7311037284516804,-0.9088194600200015,1.774835315314133,0.23745772348111016,-0.5609384697647599,-0.5795449505715446,-0.5931276049690055,-0.4327027368627905,2.0218950654622154,-0.402668050488517,-0.35370725586820484,0.33201185454294646,-0.6805730453275578,-0.20870871452562256,-0.4247095830263052,-1.5158860211775549,0.372062491271382,-0.8404823995098091,-0.7658663056404931,-0.6145666641976602,-0.6472227936393046,-0.06629418632859821,0.0018832034424886763,-0.3001266249853948,0.08703952251722975,-0.5990257714240875,-0.6558059381912363,-0.5208693511346631,-0.4906184307006044,-22.24398236502422
s894,8.157888553174326,0.7216789002089922,0.5965726777812218,0.41921226538241657,1.2118465090326829,-0.7240795851473569,-1.145640425776482,0.9933007938228632,-1.3946578270426542,-0.5582749381717423,-0.06544656127666788,0.7255684404837504,-0.9088194600200015,-0.4324161530479095,1.22378660086786,-0.5609384697647599,-0.5795449505715446,-0.5931276049690055,-0.4327027368627905,1.42797500429495,0.9818745817986739,-0.35370725586820484,0.2754023481301181,-0.1335829967709325,-0.6748151693417008,-0.3528544098159528,-1.4680878030126383,0.11570268206744089,-0.8995929213626322,-0.7750058914584033,-0.7900349996998318,-0.8334535203897596,-0.16288266891260877,0.29403259964262096,-0.294867362774644,0.3280853507115482,-0.7030507823053905,-0.8897038632355752,-0.6195079096432256,-0.6961832008258757,-20.1569589788084
s895,-29.888421901861893,2.2944335894467667,0.46723330050361855,-0.321030360260514,0.20716838417298591,0.9520729397483735,-0.19056184743304264,-0.09470073752915908,0.6932902255638722,-0.5582749381717423,-0.06544656127666788,-1.2421742124175847,0.5625043532776608,-0.4324161530479095,-0.00011415376199965066,-0.5609384697647599,-0.5795449505715446,-0.5931276049690055,-0.4327027368627905,1.8698506623850564,4.041508266508897,-0.35370725586820484,0.9281360481984134,-0.09894864801344863,0.6416776405784004,-0.04547532644370089,-0.3583190539990582,-0.4426497267533006,1.9189596777686506,2.208522992316953,-0.2607505256359387,0.585431437137187,1.0018314667129873,0.9863659750236972,-0.2985989566502382,0.9404135544755818,-0.2600503747495961,0.020286020837735116,-0.3192097486020695,-0.16044156740502066,-18.53378696029952
s896,88.2047488785004,0.3784069142497458,-1.3555346733907043,-0.27155548356492565,-1.685696149024381,0.7546559477337998,1.8749201075424144,-0.8592567813642439,1.7438962635598407,-0.5582749381717423,-0.06544656127666788,-1.2421742124175847,1.1513675121144804,2.0236920985118143,-1.1873923954637462,2.602303640549544,-0.5795449505715446,-0.08702613919285453,-0.4327027368627905,-0.5746541250308533,-0.402668050488517,-0.35370725586820484,-1.6311759096510252,-0.34122407794764886,0.5548286493238209,-0.01840351344927786,-0.39651545444642966,-0.4250485508528087,0.6024303114130137,0.1847372480884524,1.0911034663545829,1.1630650118511419,-1.0108759549608002,-1.0067051391688175,-0.2933650936634802,-0.845224979767902,1.1870225776321672,2.388228054639558,1.351922033043487,2.235526887456251,-24.784408051076923
s897,67.0254791178034,1.004060964878419,0.6742694921032147,-1.172989845284186,-0.11194226946375847,1.1176757931582595,-0.4181926487279925,0.16128887293106794,1.6548987698925874,-0.5582749381717423,-0.06544656127666788,-1.2421742124175847,0.8877119125134574,-0.4324161530479095,-1.0081516802649018,-0.5609384697647599,-0.5795449505715446,1.721062161926782,-0.4327027368627905,0.16733381044285442,4.185676457800862,-0.35370725586820484,1.1257711732201356,0.28847259944770376,0.7346129783260225,0.1569458358289448,-0.17065858952892357,-0.9437017289424763,1.4806095521838696,1.1741592769903453,1.48829261786563,1.6057914142453735,0.6562283992803669,0.8064561698022896,0.9501383876410029,0.38861298002027467,0.6760488574187459,0.5622514779165287,0.3589700662510192,0.20615111828760402,-22.02247365131235
s898,-7.554250917009515,-0.2559411702749288,0.34178710220938585,-0.5669643615010347,0.2901268744052405,-1.2521688766961154,0.37951314672618924,-0.7682498712082285,-0.41228328414249515,-0.5582749381717423,-0.06544656127666788,1.1302280676924277,-0.9088194600200015,0.6427900343301671,-0.8149595736271181,2.0181116179315772,-0.5795449505715446,-0.5931276049690055,-0.4327027368627905,0.4742397644397583,-0.402668050488517,-0.35370725586820484,0.5968159586563699,1.4160297055262896,0.43761765101666006,1.046942243198655,1.473733697140294,0.5759241584460865,-1.167216298873681,-0.9152335077645796,-0.6388144749623048,-0.6729578495277865,-0.050526089585430665,0.38911254485516233,-0.29651656738199456,0.587434711617284,-0.27783488119500854,-0.38854731839090567,-0.3331165899229764,-0.3856992113346823,-20.086277425604933
s899,-48.08620293002014,-0.8758778157955296,1.1092462447796034,-1.0730817225426177,0.734944767917687,-1.1234835478267822,-0.891784471499502,0.1870638661151344,-0.30331870805099737,-0.5582749381717423,-0.06544656127666788,1.2870772104821941,-0.9088194600200015,-0.4324161530479095,-0.9604903314940789,-0.5609384697647599,2.891005895603334,-0.5931276049690055,-0.4327027368627905,-0.5746541250308533,0.9055472315572007,-0.35370725586820484,0.8075421783426128,0.3039676656782817,1.6099393166680938,0.9620844083270493,1.3626879159661591,0.35653089137363103,-1.0715725458122345,-1.0201731975797386,-0.6247030984676089,-0.6579809484673442,0.3693380221831932,1.093927738193886,-0.28157314563940045,1.0839106987815204,0.9763563548950867,0.8011074159482641,0.7139424948754134,0.4795874093680013,-18.020057949671905
s900,-43.632486252971674,-1.4243388821786829,1.0602079972042275,-0.8411692211702956,0.7975340591621061,-0.7333576962544411,-0.1405410219671572,-0.4620865924657193,-0.1966486653358374,-0.5582749381717423,-0.06544656127666788,0.4474983415953747,-0.9088194600200015,-0.4324161530479095,-0.6476249079791541,1.784300670067408,-0.5795449505715446,0.10553437866221496,2.987766965431195,-0.5746541250308533,-0.402668050488517,-0.35370725586820484,0.6380432939453275,1.1458076667423867,0.5415588954852376,1.267996063202488,-1.4348226390350918,0.5764143237669089,-0.7477561900773002,-0.536893969043422,-0.8419870204643247,-0.8836288146075968,0.7938521700443342,1.190567903877645,-0.18342342010493498,1.1098072611073362,0.38272413651866344,0.4822352619342416,0.09008463472786156,0.08479565558060635,-17.705160735832315
s901,85.96649348401407,1.8282709813237932,-1.0336483399551453,1.9184841603676641,-0.701032288848164,1.5891920683343892,0.2151327602100742,-0.2592398528283848,-0.1618010897368126,-0.5582749381717423,-0.06544656127666788,-1.2421742124175847,1.0657493522335668,-0.4324161530479095,1.5565395409136231,-0.5609384697647599,-0.5795449505715446,0.13891201517149868,-0.4327027368627905,0.45220417852651,0.7016695252643614,-0.35370725586820484,-0.7698356106469574,-1.536704329495873,-1.2845529309244461,-1.4308976049965416,-0.31078154798425517,-0.9362934849361657,0.7442567443199474,0.463590067760862,1.3192391741724117,1.405193476471574,-1.0340321562788646,-1.2070126527811866,-0.29635032396258637,-1.3844191037768232,-0.7526567044860603,-1.0349555976891738,-0.641086535188746,-0.7548918216911741,-24.259161975756836
s902,-71.65129443887272,0.9092224154263998,1.7262323151772627,-0.5669112567219358,1.47267264184443,-0.2783979550023352,-1.3496757062744698,2.364579660375396,-0.47646071771173903,-0.5582749381717423,-0.06544656127666788,0.21228152696020575,-0.9088194600200015,-0.4324161530479095,0.2520698904370322,-0.5609384697647599,-0.5795449505715446,0.8154198479742583,-0.4327027368627905,0.17590094021991023,2.888169223441748,1.1107238823384027,1.99065564718722,0.6268674401399716,0.38708644178343854,0.5103754162912413,-1.6311508229661837,0.3984247534565088,-0.910337438535257,-0.7633196468394665,-1.1500361583436558,-1.0730640295228953,2.287590210197961,1.662195326864152,-0.2916028709424829,1.5098772997742387,-0.4317749126744336,-0.4582277748161539,-0.4534685030084889,-0.4581658884691259,-16.418928150667934
s903,60.609256584346,0.1589459484194232,-1.4941803608939028,0.5471430445756723,-1.6963001827528332,1.6100092240222381,0.6161839521201076,-0.44947115512678315,1.425155260263673,0.8305977075247243,-0.06544656127666788,-1.2421742124175847,1.2364992051778885,1.290049374019949,-0.05448110355036247,-0.5609384697647599,-0.5795449505715446,0.9251767923594475,-0.4327027368627905,-0.5746541250308533,-0.402668050488517,-0.35370725586820484,-1.3977945399096534,-0.8214468400838087,-0.7937516680122252,-0.9125771554664074,-0.8011649129883728,-0.7521737280936601,0.452932741908175,-0.48453773401888967,1.456106056038695,1.5504551204318953,-0.8311129985632891,-1.3096748229947017,-0.22009308215504725,-1.225329915249118,-0.5031122164950966,-0.05923072345009502,-0.48495854297690416,-0.23385269459375063,-23.322071010342874
s904,-53.68017439112079,0.45707743440490467,-1.4448122128717245,-0.36711170674395466,-1.716758840426684,0.41797714995575547,2.0622995269076903,-0.9150882908942426,1.4278739378128986,-0.347029123418897,-0.06544656127666788,-1.2421742124175847,1.8686177913020408,-0.4324161530479095,-1.3468904967037885,1.6596394675043127,1.1083398605123844,-0.5931276049690055,-0.4327027368627905,-0.5746541250308533,-0.402668050488517,-0.35370725586820484,-1.177029548346385,-0.7243299291150345,0.40797439389031953,0.5188728188203982,-0.558256458375986,-0.6270988459681764,-0.13134595851020045,-0.9482573573103356,1.1812049801149442,1.2586929229547983,-0.8596063549191421,-1.4339983293037226,-0.2621149348911378,-1.0482089245407071,1.2592284084366228,2.074377170758003,1.7361555736089458,2.37322938933532,-21.324633346628183
s905,43.37071913841623,-0.3575045082948376,-0.7302023160110294,-0.19708410641779534,-1.0422870426957824,1.090931354197136,0.2750004760964734,-0.3703386674620944,1.1506946567302732,-0.5582749381717423,-0.06544656127666788,-0.5532214937649472,0.7781419642601065,1.0471671310242132,-0.24933132685280815,-0.5609384697647599,0.18915439712691942,1.4556686902211962,-0.4327027368627905,-0.4591841149922743,-0.402668050488517,-0.35370725586820484,-0.23276256073037754,-0.6803825382458334,-0.019745442057547982,-0.4773992928095859,-0.3728053590194844,-0.8607273096212716,0.8399714153747931,1.002898689203595,1.1800686428112535,0.24115882422137766,-0.5069941209295633,-0.49402619123027514,-0.29002584458813047,-0.31869863293365663,-0.37067795957137883,-0.02294281502633929,-0.3823867472680696,-0.1652981930274562,-21.66343218809494
s906,-38.42538620419746,0.14322241435222335,2.321846254798373,-1.4039826214694107,1.4875437130534341,-1.177934588004765,-1.1547329867167138,0.8031600751522859,-0.003400903838568104,-0.5582749381717423,-0.06544656127666788,0.9571748509735275,-0.9088194600200015,-0.4324161530479095,-1.5418551748703546,-0.5609384697647599,3.032754349136168,-0.5931276049690055,-0.4327027368627905,-0.5746541250308533,-0.402668050488517,3.188774756907741,2.2523697045546234,1.750357317976202,3.726383306559841,1.9377494819169587,1.7824607289798993,0.8537397437759201,-1.0139987754063893,-0.6667680944711577,-0.8203021167266237,-0.8655770780926864,1.4918137852628248,1.8756263621289968,-0.276859829681091,1.6576093032020653,2.5758559838168975,0.47661109003239227,1.9074813480134745,0.2442922802445336,-17.90842270146736
s907,-2.2289100171062675,-1.1362743889323632,0.37121806278785474,-0.8151936356093467,0.021577053582077545,-0.18847372966267564,-0.482165289444657,-0.08123057230591503,0.2881275911651192,-0.11404936426359552,-0.06544656127666788,0.4256654939873419,-0.2371696933003544,-0.4324161530479095,-0.6649899691149775,0.193747458565848,-0.5795449505715446,1.491621125208909,1.2183316771291144,-0.5746541250308533,-0.402668050488517,-0.35370725586820484,0.20963627237151936,0.9379843608583199,0.4201132838500246,0.7275410855427723,-0.6436578929382929,1.1162752080110414,1.0388782366593914,1.1861243897792426,-0.9255278386366516,-0.6504208657913748,0.7674100889326623,0.5570017604876282,1.4852008717403917,0.7083293099979683,0.13101395730292775,0.3236380507648598,0.04054793242738962,0.14735442177599448,-19.115995033941648
s908,9.348585644367477,-1.0072252395818446,0.3921526622789749,-0.5599119013296683,0.5337449147383079,-1.6421677084023245,-0.5587206757832909,-0.37556805271055266,-0.8882048739246636,0.14491318490964675,-0.06544656127666788,1.3689251322476623,-0.9088194600200015,-0.4324161530479095,-0.6815190989740827,1.6229985488631977,0.2320270613331938,-0.5931276049690055,-0.4327027368627905,-0.5746541250308533,-0.402668050488517,-0.35370725586820484,0.41360704996404796,0.4881625722789005,0.44785210663071956,1.003139806586549,1.1098900644154586,0.21664374693623434,-1.0454833817725475,-0.9784379174853329,-0.6564893498100455,-0.6917168169431771,0.05567151805578001,0.35065535441092266,-0.05097364580584626,0.6382417042572717,-0.06352467901593184,0.00028539383066980063,-0.1078620874267905,-0.060721620634164426,-20.62377494321661
s909,-18.978417863717436,-0.40979441005775197,-0.9860264490820106,-0.7640883315610083,-1.3483116533276158,0.6766275082015606,1.4530308154865315,-0.7933942624091375,1.506404509880429,-0.5582749381717423,-0.06544656127666788,-0.9805522976874002,1.7194062302067472,-0.4324161530479095,-1.1618361666445451,-0.5609384697647599,3.227131735131858,-0.5931276049690055,-0.4327027368627905,-0.5746541250308533,-0.402668050488517,-0.35370725586820484,-1.168253966908759,-0.23595196124266846,0.6436023531973125,0.41163842790248717,-0.3640209465247474,-0.6069194073983134,1.1440121456207601,-0.12274285486943778,1.1717820048365981,0.2207800220415619,0.7037684697881156,-0.7486736020449439,-0.14257547885734104,-0.24956859704863682,1.6901742711286933,2.8059937362884235,2.641452174846752,3.6317184707807533,-20.34650826700463
s910,-61.232510865919366,0.32408721632687326,2.1988392689522427,-0.9450049101381272,1.7984136750075708,-0.9493860526282917,-1.1293391588461656,0.8289510955106775,-0.4602728942943236,-0.5582749381717423,-0.06544656127666788,0.5220619001372451,-0.9088194600200015,-0.4324161530479095,-0.49355464437595714,-0.5609384697647599,2.1861380623991833,-0.5931276049690055,0.04297080767563075,-0.5746541250308533,-0.402668050488517,3.3576754760752587,1.6201860374793509,0.7350657574259891,0.44532953197229996,0.8358667706188816,1.4324040227032384,0.8053716705328827,-0.7505579337206975,-0.5819216509354895,-1.0923914935131107,-1.0470909552944208,2.433375588316281,2.2272694145973144,-0.2768293582485271,1.925889816611223,0.2821866660326718,0.1879868081740929,0.15455691271738048,0.05802465711965819,-17.01866755175476
s911,-29.101639187805063,-0.34093199135506785,1.2392141201033142,-0.7913838912688281,0.9541313246457459,-0.6333507947792998,-1.1257669586440344,0.9663334142873811,-0.3640322477467113,-0.3046547159141267,-0.06544656127666788,0.7731713390824396,-0.9088194600200015,-0.4324161530479095,-0.28043070305442785,-0.5609384697647599,0.8254690463228248,0.5410997906637125,-0.4327027368627905,-0.5746541250308533,2.4083730514279016,-0.35370725586820484,0.8030949056630271,0.7089923575600302,1.459959903496258,0.42799150033150823,-1.4292607785695082,0.43150699267971226,-0.9845707739808167,-0.675469717474038,-0.8366011832611351,-0.8496219593519525,0.4325311781104887,1.1826971502410906,-0.24983701692027765,1.1001051472679295,-0.08162291032401665,0.024236764241149903,-0.2376812505225431,-0.204268225379271,-18.00428066961873
s912,8.643014599218066,-0.731640777621833,-0.22248301928966435,0.8757001614495703,0.14344955707582033,0.602282226554042,1.3557208630534165,-0.7815005216817565,-0.4936585043072597,-0.5582749381717423,-0.06544656127666788,0.1593717593512613,-0.9088194600200015,2.7460768783823215,1.4556596903115138,-0.44070664294738365,0.760834164112752,-0.5931276049690055,-0.4327027368627905,-0.5746541250308533,-0.402668050488517,-0.35370725586820484,-0.39059488054265956,-0.5486826329433371,-0.9637305645539485,-0.8832000356954147,-1.2635579680909508,0.2831712982709097,-0.6579394167380112,-0.6105554134943447,-0.834722512497097,-0.8766720848719183,-0.5743595428895617,-0.4290762605492469,-0.26150901740485283,-0.4981998873167238,-0.7088742356785059,-0.8558182718406709,-0.6148898166404186,-0.6598321324466839,-20.188159321702123
s913,-54.97613280921468,-1.4970428775998723,0.8720256671148622,-0.7753832563938788,0.7694625401923163,-0.7476924819702473,-0.19563216491337015,-0.43206559460104604,-0.2506924660794395,0.46193628224027306,-0.06544656127666788,0.33295234832346965,-0.9088194600200015,-0.4324161530479095,-0.5688596211025294,1.4915546407578137,-0.5795449505715446,-0.5931276049690055,3.0436283278252527,-0.5746541250308533,-0.402668050488517,-0.35370725586820484,1.1500606604023889,0.6551518563296532,0.7180427931904132,1.1993057674279266,0.9437038096082878,0.9296995076720116,-0.6739894891083088,-0.5992131837148816,-0.8481199635795138,-0.883182895385152,1.00161083478818,0.9938968735291266,-0.2471101785689831,1.0015417035071565,0.13126974408396633,0.25133752153608935,-0.050867595183897475,-0.014640546969607093,-17.35412329082851
s914,2.193279976042982,-1.249696011000997,-0.72157352844484,-0.24076527997173736,-0.5441813598010538,-0.15549700882756587,0.03654559024586452,-0.45303076953230426,0.14325431353224802,3.0644897102870408,-0.06544656127666788,-0.05656020376336479,0.3783717390987325,-0.4324161530479095,-0.3323753267719941,-0.5609384697647599,-0.5795449505715446,-0.5931276049690055,-0.4327027368627905,-0.5746541250308533,-0.402668050488517,-0.35370725586820484,-0.8065513661890849,0.2963014227322833,-0.4722166461768618,-0.0947959495341594,-0.7607335003184782,-1.176418068027736,0.34233822619743465,1.0183249232409268,-0.23232177326309586,-0.3684102962268386,-0.5218314683873008,-0.719095064573017,-0.29954249412605805,-0.38631834948531624,-0.3011378092616812,0.10969842030148742,-0.1114757807647442,0.3997098465682781,-20.046187882107738
s915,-21.708400935668237,-0.8412757331977568,0.08797283160911465,0.22946292498547696,0.4319123884082337,-0.7379924679130316,0.37065425789484013,-0.6890092750027181,-0.8863727891439465,-0.12219589582393914,-0.06544656127666788,0.8397338815691475,-0.9088194600200015,0.7837151171418568,0.5808452965464274,0.7487713330419988,-0.5795449505715446,0.1807654130867594,-0.4327027368627905,-0.5746541250308533,-0.402668050488517,-0.35370725586820484,-0.07224490672598596,0.18093809566427108,-0.6113135320200317,-0.2713563863049408,0.719289381027926,0.15255517389934187,-0.8274239575864021,-0.9204487312822511,-0.6604764927878698,-0.69594851226469,0.09639964858443481,-0.1340408803653841,-0.16154542045399783,-0.020817355056639054,-0.7035095998438784,-0.9064136538516883,-0.6106331396117444,-0.6784218648402013,-19.37730144245923
s916,34.8048140924212,-0.3093768226418146,-0.8822192303058968,0.22348048741558263,-0.9222800472851562,0.4734265894568272,0.9203588654956334,-0.6936846509299929,0.48790574227925176,-0.5582749381717423,-0.06544656127666788,-0.686583791321773,1.1441446796805803,-0.4324161530479095,-0.1061232523733366,-0.17598096147952833,2.1180431510890485,-0.5931276049690055,-0.4327027368627905,-0.5746541250308533,-0.402668050488517,-0.35370725586820484,-0.7699305714934189,-0.42825750193685114,-0.19929041565990846,-0.5664073734920111,-0.21816668741976414,-0.7333762808984454,0.747922827495653,0.8335769397892999,0.9193470787738203,0.010816824628986367,0.30170449785741593,-0.8924195500738843,-0.21015000118273555,-0.5221323471131201,-0.1660001716937139,0.7393496540339181,-0.15104624252195278,0.5080412938481929,-21.91302790761547
s917,-62.15471674881624,-0.577694339358199,0.7973400996752221,-0.5679464101369897,0.7985107472473805,-1.3314624495407958,-0.8879210438601265,0.10737149840351994,-0.8303987555793731,-0.5582749381717423,-0.06544656127666788,1.2636933267622312,-0.9088194600200015,-0.4324161530479095,-0.35356825100424377,0.020527520274447618,2.013395336800491,-0.5931276049690055,-0.4327027368627905,-0.5746541250308533,-0.402668050488517,0.3947396928457634,0.9732555135938613,0.6013171027665664,0.3076478157283649,0.8166580961642934,1.0467727405281555,0.6030178869946015,-0.8953953811875586,-0.787417910213047,-0.6828304330333824,-0.7196735366444109,1.032712794221671,0.7253676757348647,-0.20158922420151382,1.04680922226758,-0.32605570484785207,-0.33468382451154405,-0.3507319222627918,-0.3374977456054926,-17.9292458921181
s918,135.38096931221713,1.9391608196059316,-1.3548114802167017,2.308552412069533,-1.000584794474849,1.2586926756430064,1.866388677910049,-0.8133684690328394,-0.12939823575177825,-0.5582749381717423,-0.06544656127666788,-1.2421742124175847,1.326828412133589,-0.4324161530479095,1.32186115161819,0.08451660051799677,-0.5795449505715446,-0.5931276049690055,-0.4327027368627905,0.9386107433694716,-0.402668050488517,-0.35370725586820484,-1.6332393819125162,-1.6638284777930843,-1.4918792193729156,-1.6642957711600022,-0.1341726687696584,-0.9519619794612085,0.6815780288863809,-0.12967332520334962,1.488569504903216,1.5849097224976403,-1.438644381694382,-1.6273561097465656,-0.2818280160110346,-1.9394379119228853,-0.669134148900997,-0.5209552602442031,-0.6000011766837671,-0.5425737087834056,-26.217302383376087
s919,-33.71403773417711,-0.9786586009317867,-0.2127797468776961,-0.19457201313066058,0.11501452064915256,-1.2378486105199198,-1.209895431950447,0.97419020259022,-0.8602798267298023,2.930357400610683,-0.06544656127666788,1.2098508760556779,-0.9088194600200015,-0.4324161530479095,-0.16507794829402245,-0.5609384697647599,-0.5795449505715446,-0.5931276049690055,-0.4327027368627905,-0.5746541250308533,-0.402668050488517,-0.35370725586820484,-0.34846134905297954,-0.01955287531606236,-0.2443852792500393,0.12062673643639857,1.1229114136455478,0.13121808107093863,-0.9416769936762203,-1.0033008187161667,-0.5244711848628423,-0.5516012870840886,-0.5113868126557635,-0.3060190589873608,-0.041138396042997245,-0.24238792522891162,-0.6903290232836813,-0.9100714629814977,-0.6192178844787981,-0.7123891371820044,-19.19355775511356
s920,-71.799274812765,0.32448426424218557,1.8563490939605727,-0.6159190580257932,1.8499735989194441,-1.0281710345714006,-1.2155464761157257,1.1105040184539245,-0.8828624535901579,-0.5582749381717423,-0.06544656127666788,0.6076299224739553,-0.9088194600200015,-0.4324161530479095,0.09339861914277917,-0.5609384697647599,1.9010047528062297,-0.5931276049690055,-0.4327027368627905,-0.5746541250308533,-0.402668050488517,2.94324892327687,1.8822156119487667,1.0873898803659068,0.2887058220431555,0.8456206878834863,1.4306241413086838,0.38239837016832173,-0.6549246919744455,-0.5682848871524502,-0.8907843683878017,-0.8611390664132972,2.0822736874046304,1.9278807814725274,-0.056723599972757305,1.8469849370301152,-0.2175493817107192,-0.1412009698776653,-0.32299534022196513,-0.29372499774896427,-16.75861595936722
s921,8.804390126921183,0.6579292822470129,-1.4524020504748385,2.6884198715413667,-1.1626733034315548,1.8942346281264202,0.8618246557643549,-0.5048402893122567,-0.01471461138383728,-0.5582749381717423,-0.06544656127666788,-1.2421742124175847,0.8364866623961988,1.1794048870381593,1.7351809430215246,-0.5609384697647599,0.9158154992481238,-0.5931276049690055,-0.4327027368627905,-0.5746541250308533,-0.402668050488517,-0.35370725586820484,-1.3510967618320866,-1.516881335285351,-1.5421728051618826,-1.709040160647083,-0.29777784474163876,-0.9354400595027066,0.8932702332754426,0.5977005840068669,1.2737762241914465,1.3569420458590695,-2.089313655087906,-1.6701880266035825,-0.23913342712904628,-2.1569210778646566,-0.7400756153162793,-0.9349171081794984,-0.6369204331227138,-0.7290181435588321,-21.92756432754418
s922,49.46456332765557,1.1848104434903535,-1.3634594032922245,2.1602319219424704,-1.193785666731174,1.7772947890372812,1.0379735672812007,-0.5752708001724015,0.4028695487999884,-0.5582749381717423,-0.06544656127666788,-1.2421742124175847,0.5559153527702821,2.398762816730294,1.2845118058417286,0.4660663957590352,-0.5795449505715446,-0.5931276049690055,-0.4327027368627905,0.13352401535353525,-0.402668050488517,-0.35370725586820484,-1.6202829219028558,-1.3644349714163815,-1.2604669177384233,-1.533672030178491,-0.01830596567419215,-0.5372455238093238,1.306704645078658,1.1326515372497394,1.031453689484362,1.1458668132608145,-1.645376231053708,-1.5683754674607,-0.21915750851851076,-1.8274432021721636,-0.6882322158596333,-0.6409777786970383,-0.5929274952493442,-0.5078369958670529,-22.901931103313775
s923,-10.153965186156764,-1.2799345729366716,0.7381054889963496,-1.1442536205572422,0.30992650984361797,-0.9897948449379921,-0.04731187790863471,-0.5603019125997958,0.021088642989098738,-0.5582749381717423,-0.06544656127666788,1.4191764781261258,-0.9088194600200015,0.5129538154769654,-1.1653891676720407,-0.5609384697647599,3.0834835583128615,-0.5931276049690055,-0.4327027368627905,-0.5746541250308533,-0.402668050488517,-0.35370725586820484,0.5852096523844329,0.7826924361917948,0.6821695373822616,1.5872579103346571,1.0659795882289258,0.09927180486993752,-1.1712670996810672,-0.9429054975266741,-0.5540184731542116,-0.5829608651883604,0.722460249646903,0.8896877073430035,0.1362114092865322,0.8227252184124637,1.2757976186039592,0.9164297825460913,1.3062291795520762,0.8519026319575099,-19.253716166016464
s924,-66.83562344072033,0.32331482846013965,-0.5274382498530473,-0.7540576062070673,-0.8974619562167674,0.7624586466379781,1.3174131454353764,-0.7569306291792836,1.4371725891921532,-0.5582749381717423,-0.06544656127666788,-1.2421742124175847,1.6788158720565272,-0.4324161530479095,-0.9927215486261625,-0.5609384697647599,2.9571928369776765,-0.5931276049690055,-0.4327027368627905,-0.5746541250308533,-0.402668050488517,0.7860127308993202,-0.6353928208750785,-0.31859477554966453,0.9054751908081998,0.0935630119643773,-0.2404708466398337,-0.5837547040426145,1.7670564075384987,1.2964956142021982,0.9387972593699588,1.0857612332204725,1.6319344711279713,0.32135309224142095,0.6645620168056078,0.6843656459490801,1.270907400325405,2.134506023510084,1.6343303749708589,2.278711501676757,-17.987050443236964
s925,71.58495165814277,-0.09684158005296735,-1.3221147339160852,1.6449743850037921,-1.046640460622019,1.2116602381631436,0.7512707575659019,-0.5515754712182104,0.09309788602361282,0.9710681429858383,-0.06544656127666788,-1.2421742124175847,1.145350951008859,-0.4324161530479095,1.018060669979463,-0.5609384697647599,0.19968062801694283,-0.5931276049690055,0.28477837234311826,-0.5746541250308533,-0.402668050488517,-0.35370725586820484,-1.168719247804193,-1.6857912195448181,-1.2400497730792928,-1.4365256173420493,-0.6677189349178212,-0.7759575266297921,0.6867102812691578,0.07267679105097179,1.356475337131148,1.4447135281627126,-1.1917360208127497,-1.5015921321343153,-0.14433598516870622,-1.5981534958612673,-0.6989920117726132,-0.7405363779787224,-0.626133869168992,-0.6854170586255381,-23.384492197493422
s926,-37.14229443954228,-0.15789384979397783,2.1097853766896444,-1.5219500088205957,1.1625754225172276,-0.6934570786676574,-0.8789760201478968,0.31438223703142487,0.4319805799834879,-0.5582749381717423,-0.06544656127666788,0.6244707729127701,-0.9088194600200015,-0.4324161530479095,-1.5740770712111936,-0.5609384697647599,2.381241526960392,-0.5931276049690055,-0.4327027368627905,-0.07103572137533118,4.077988228203099,-0.35370725586820484,2.3108519724205405,1.7635778423486737,2.7067471139608994,2.3732801691925975,1.7483792812092238,0.3445878419772618,-1.0091739230422556,-0.47897821504196525,-0.8187237021501207,-0.8639018510903078,0.6500258592184095,1.6696086827768934,-0.28234279072040724,1.3264732068735328,3.7655043157533203,1.0027925930438215,2.6611324538614745,0.5230662614303291,-17.623021483170263
s927,-50.072526251199164,1.1247815384628024,1.6883580215827236,-0.46146586782115917,1.5864303540456675,-0.7351753039158574,-1.5353381191403788,4.3444502381138985,-0.7896774051006815,-0.5582749381717423,-0.06544656127666788,0.6076299224739553,-0.9088194600200015,-0.4324161530479095,0.25548742551106274,-0.5609384697647599,-0.5795449505715446,0.8867387063511324,-0.4327027368627905,0.3352203211592156,-0.402668050488517,3.089780309016651,1.7583481151304594,1.5023523639704017,0.021118130693574058,0.9357104323215739,-1.2404461199454861,0.32920239357147085,-0.8097965248957121,-0.5024918384247936,-0.8636583394131687,-0.8709372036618186,2.0019332229986158,1.6984814658644174,-0.2885963250879752,1.6578796864862568,-0.5582223937220452,-0.6941672175511607,-0.5528354034011492,-0.6154474282787828,-17.207448317105875
s928,-34.67504447852903,-1.1412100193456216,0.26479460871023974,-0.4470985442071612,0.08737486974787259,-0.05628632481211708,1.0120845976791963,-0.778544939295112,0.1832042738387001,-0.5582749381717423,-0.06544656127666788,0.6481753957863464,-0.9088194600200015,2.3687651586483045,-0.07337870641797524,-0.5609384697647599,2.019239680047761,-0.5931276049690055,-0.4327027368627905,-0.5746541250308533,-0.402668050488517,-0.35370725586820484,0.2821228022285906,1.224265012868122,-0.24236136027234068,0.3851200699018159,1.5478641362842098,0.10798437015032826,-0.518086214185943,-0.7010845754176217,-0.6846716127948137,-0.7216276455955688,-0.10460629757419553,0.38538466116657905,-0.2657792460690831,0.49097124400853287,-0.4171394828587786,-0.31368260295012296,-0.46481708027580887,-0.42543659169310377,-18.276546676450046
s929,13.049151073909997,-0.930620798498982,-0.5379421253895534,0.3717789083234843,-0.18067713730396165,-0.144469715086827,-0.10684593588141408,-0.3689829946249265,-0.4214800711760056,1.3571255463409966,-0.06544656127666788,0.038043899108585036,0.19479223143005736,-0.4324161530479095,0.45930805142938913,-0.5609384697647599,0.3727243906071497,-0.5931276049690055,-0.4327027368627905,-0.5746541250308533,-0.402668050488517,-0.35370725586820484,-0.7453664014879012,-1.4087844009298411,-0.7813107572618626,-0.5850560858319119,-0.80191617597204,-0.6302690740442953,1.2197344025154337,1.9222840809554518,-0.06139333545556842,-0.2961736655945238,-0.517857832689198,-0.61980528380997,-0.26782644817348983,-0.48453527188577583,-0.648320404500051,-0.690608658517593,-0.5600527509355906,-0.5191511779431552,-20.6609873526448
s930,-16.871757465732458,-1.1575032844029514,-1.1658832795670062,-0.4885638092128485,-1.1834376435224985,0.3107414556492637,0.6269722333268242,-0.626962550233185,0.8983948602869475,3.44473634964479,-0.06544656127666788,-0.6738408917553553,1.0829809887692323,-0.4324161530479095,-0.8066403721820239,-0.5609384697647599,-0.5795449505715446,-0.5931276049690055,-0.4327027368627905,-0.5746541250308533,-0.402668050488517,-0.35370725586820484,-1.167003648642935,-0.15591394790522944,0.7188804756146354,0.06865137752965017,-0.9507616398373064,-0.8284489092792398,0.053381073256910605,0.5193795388082437,0.4403170222222975,-0.2382419668436852,-0.1413351240334857,-0.9440888904952448,-0.29190740372009455,-0.5895141187917539,-0.04636818034461736,0.5370918701057488,-0.0121227090409595,0.4438603063731128,-19.82419875205301
s931,45.67541006452823,-0.6139912075592663,-0.8748084874918076,0.9310037011635565,-0.6464099820734556,1.1809839772925106,-0.02172010329136439,-0.17879467788282605,0.15962402104342022,1.6017658062441091,-0.06544656127666788,-1.2421742124175847,0.586531371959518,-0.4324161530479095,0.8739525121860846,-0.5609384697647599,-0.5795449505715446,-0.5931276049690055,2.240802366599029,-0.5746541250308533,-0.402668050488517,-0.35370725586820484,-1.0779081673140694,-0.5846408136054994,-1.1082274267268795,-0.9018295045528899,-0.688620489291955,-1.0040631811748248,1.7484117724461874,1.6158405194935082,0.738391492596203,1.1081418547586475,-1.1570572867930629,-0.7942707593848329,-0.2868505181681148,-0.5923889756446984,-0.7256740163185236,-0.9244116119235505,-0.6278115531970648,-0.7056747848635773,-21.84683786579889
s932,18.20813309380697,-0.005698499350054196,0.5245252475990776,-0.102235380403913,0.5544183956413816,-0.5849505098824227,-1.198408128696604,1.273666316142748,-0.7724209146396671,-0.5582749381717423,-0.06544656127666788,0.9651090106538707,-0.9088194600200015,-0.4324161530479095,0.4028408858458654,-0.5609384697647599,-0.5795449505715446,0.9251767923594475,0.40653274239018167,0.421087260236893,0.19969789992214404,-0.35370725586820484,0.7253891475546961,0.4765189441226264,-0.2625866930266372,0.12941207577956812,0.5385251829436573,0.41423162402320396,-0.8225597643264714,-0.8082958484891088,-0.6395235855780951,-0.6737104536084437,-0.5548681839803735,0.3539027346001167,-0.28549870032033653,0.545261732358724,-0.6974794264808949,-0.9183426684359456,-0.6188588057037926,-0.7088740878434772,-20.078074902931437
s933,65.90608944932286,0.590855049200138,-0.05075214649800023,0.5198228944179704,0.15600693994631654,0.2372713195369416,0.9236868635147003,-0.7226441971613268,-0.36095460639661675,-0.5582749381717423,-0.06544656127666788,0.45015980209208717,-0.9088194600200015,2.184372077585815,0.9250505321912611,-0.5609384697647599,-0.5795449505715446,-0.5931276049690055,-0.4327027368627905,1.4406752557826634,-0.402668050488517,-0.35370725586820484,-0.06598955087939022,-1.0460202373082168,-0.5680147733700516,-0.9342085130779247,-1.3781897712852642,0.4928151333313762,-0.5836991607847725,-0.5241304945375006,-0.7268893109201271,-0.7610832735596738,-0.09882034594758266,-0.3146936560302175,-0.29217121340081165,-0.2722540175425468,-0.6786023620402508,-0.7895778477801187,-0.6046503347912688,-0.6473421115872535,-21.86904116931162
s934,-70.9424828488223,0.6097467409886697,2.1049424886682946,-1.0645853470800615,1.353299197981015,-0.6916401117275632,-1.602300518703108,6.21979352436262,-0.12404852819810432,-0.5582749381717423,-0.06544656127666788,0.846705263314613,-0.9088194600200015,-0.4324161530479095,-0.7363350908537675,-0.5609384697647599,-0.5795449505715446,2.409683317829562,-0.4327027368627905,-0.5746541250308533,-0.402668050488517,3.452094214852685,2.0006803282913217,1.2575973381440997,1.0807490118119873,1.4503647954517553,1.123406855621283,0.6530726192398351,-1.0662478780267035,-0.7656939893363475,-1.0047746268019733,-0.9634824124183007,2.209519456968526,2.4017574985541623,-0.16820194761094212,1.8682047548344027,-0.0155891704710556,-0.2893190201397369,-0.23251766524214784,-0.392274644250253,-15.958754998406164
s935,-68.77927903498228,2.603422041485493,1.2629600527808564,-0.6167592857329949,0.913722414208909,0.5683848557578137,-0.06585889350802718,-0.26120985397996527,0.676291080337911,-0.5582749381717423,-0.06544656127666788,-1.2421742124175847,0.7192944727154515,-0.4324161530479095,-0.3179488458558007,-0.5609384697647599,-0.5795449505715446,-0.5931276049690055,-0.4327027368627905,2.1556745425674078,0.19658489759444037,3.6171229123476074,0.8949996174775537,0.6386331061268005,1.1003298627109013,0.8286129936704882,-0.05592752396034141,0.3560234914854251,1.3017070897247012,2.049400706500159,-0.15437609187894774,0.6626529382823584,3.1351076320557993,2.1058891032313194,-0.27686228634846943,1.787515624130134,0.04522664443439617,0.19911745416084736,-0.1660279746051638,-0.12164416393298688,-17.063470682372675
s936,-60.97317481012295,-1.1131382773805412,0.6176005006852396,-1.0357306936244233,0.32629636373688786,-1.2854253742443726,-0.8513379215069963,0.06461652713665733,-0.3312889469465202,-0.5582749381717423,13.407911031971853,1.467481333002184,-0.9088194600200015,-0.4324161530479095,-1.124174355753091,-0.5609384697647599,3.2807468997192295,-0.5931276049690055,-0.4327027368627905,-0.5746541250308533,-0.402668050488517,-0.35370725586820484,0.3460499958399097,1.242388132317236,0.9694874051881458,1.7779177212671946,0.8618834924435261,-0.001749757354351945,-1.2243475111133137,-0.8735016606062115,-0.6016139524895415,-0.6334756243401336,0.687465335215039,0.8341049977550375,11.23368828372032,0.9682687861631543,0.7821732323687269,0.5346689031664433,0.5939673791891218,0.3320839630210729,-18.180035108583425
s937,6.239024798211204,0.44384112858342567,-1.3865488551926293,2.116488343673715,-0.9648822485741498,0.8576091785630852,1.9225039208426422,-0.8575524810839933,-0.23046638503363245,0.40766358573844547,-0.06544656127666788,-1.2421742124175847,1.2226584395959665,-0.4324161530479095,1.139786437673512,0.8236667616482505,-0.5795449505715446,-0.5931276049690055,-0.4327027368627905,-0.5746541250308533,-0.402668050488517,-0.1669979095223547,-1.3636692446442775,-1.6810193363773736,-1.3372086638585412,-1.6171798068860388,-0.7240555883525,-0.986209168909014,0.8465768862622047,0.112908567542528,1.410453704616998,1.5020026713971544,-1.2812315940784444,-1.6367388824724007,-0.2642391509353212,-2.032179346735722,-0.7004037580448835,-0.7266964194937932,-0.6273832083388335,-0.6868388188902248,-21.756587844001707
s938,14.530394573282484,-0.887816988928602,0.8241414236469954,-0.5414638621309084,0.7898492889775514,-0.948349561529303,-0.8285074144508036,0.1412033997738078,-0.6928972544318245,-0.5582749381717423,-0.06544656127666788,1.0172145524166756,-0.9088194600200015,-0.4324161530479095,-0.10519510159077507,-0.5609384697647599,2.24911718110704,-0.5931276049690055,0.22385432988037515,-0.5746541250308533,0.3970246767808089,-0.35370725586820484,0.9955159870756517,0.7208103837620337,0.2114264206624479,0.45732713220770516,1.0734324546515148,0.6716578870244534,-0.8381537651536635,-0.6921196152574103,-0.6558129807251816,-0.6909989626028754,0.43663614808362444,0.7819521911058153,-0.17217369273656932,0.9063911443553876,-0.16340038924273823,0.07410012217742304,-0.2358046171056594,-0.09681595622771093,-20.101661353572297
s939,-49.090754134138756,0.2095186139158526,1.0279249516836337,-0.14963296496344908,1.3787424814293912,-0.950004246220012,-0.2852495222665147,-0.41668518335497307,-1.065005809914274,-0.5582749381717423,-0.06544656127666788,0.212011983643049,-0.9088194600200015,-0.4324161530479095,0.4438300526291383,1.7420937058920245,-0.5795449505715446,-0.5931276049690055,-0.4327027368627905,-0.5746541250308533,3.1540247991193455,-0.35370725586820484,0.834216843562925,0.1033129846596406,-0.14619919807080448,0.2475092656146248,1.484688357753227,0.7231790483594301,-0.34689061230696744,-0.5832474487135253,-0.9974298886322568,-1.0214822592340176,0.6989020617804025,0.8616080875819864,-0.2790183936450827,0.977060243695045,-0.5998946018301078,-0.7052791964392224,-0.5696383284039567,-0.6165393783881251,-18.138090606825955
s940,6.736939222524215,-0.5718322325778118,-0.5775162133157413,1.6614312669657543,0.31928475639909165,0.20987915443122154,-0.03256009708388826,-0.34847837814473437,-1.3063382903458927,0.015275151045480098,-0.06544656127666788,-0.1506909249059806,0.09312825177074494,-0.4324161530479095,1.9685125620875994,-0.5609384697647599,0.48976308058441936,-0.5931276049690055,-0.4327027368627905,-0.5746541250308533,-0.402668050488517,-0.35370725586820484,-0.5672829829536702,-0.9894145866991961,-0.9911259851386863,-1.279680134878189,-0.7775894519823234,-0.7579228396490677,1.4951206277820328,2.1361609779063992,0.0951703114890048,-0.27596299110928385,-1.1779666553276635,-0.7259649988602009,-0.29989618897201714,-1.4570334558960298,-0.7351091872381973,-0.9406530088982766,-0.6372291908440127,-0.7371899250940185,-20.943080510464114
s941,-28.64722447553293,-0.8081762501031213,0.8175145850512815,-1.284748129991231,0.4537622679731564,-1.2125450116968561,-1.11796015666768,0.669390069731596,-0.08489936409169604,1.0272921038341698,-0.06544656127666788,1.4440320438992305,-0.9088194600200015,-0.4324161530479095,-1.4376834842549249,-0.5609384697647599,1.3207917710966937,-0.5931276049690055,-0.4327027368627905,0.03591027167893029,0.3733529486891814,-0.35370725586820484,0.5646370754365143,1.9774583025444263,1.5924081755839892,1.7137754716874478,1.9240164729606684,1.0156814854534502,-1.2310239206053866,-0.9365030444574135,-0.6645632732640745,-0.7002859563737655,0.40942853946138996,0.9135834717741614,6.781936725546322,0.7758795807985036,1.5697346672756256,0.5836766111288552,1.2930423210906687,0.4062093769200905,-18.27480816862776
s942,-38.26679423000389,1.4231872719107317,1.3546647437423984,-0.49318105854958477,1.1797336336164677,-0.3857616408170068,-1.052663737931779,0.8424725129608113,-0.4223485056823988,-0.5582749381717423,-0.06544656127666788,0.2874142308461928,-0.9088194600200015,-0.4324161530479095,0.07588902586225464,-0.5609384697647599,-0.5795449505715446,-0.5931276049690055,-0.4327027368627905,1.8509288636190506,3.7965414968187248,-0.35370725586820484,1.6051599065584499,0.18365232635268322,0.224669739082191,0.40947557277294167,-1.520682004059003,0.8665934778697381,-0.84378841488764,-0.549142277242191,-1.0770654346733188,-1.0829860541796583,0.3923640387903877,1.4319838925151618,-0.24767068005862666,1.2576607724844056,-0.4110687935883643,-0.42202926828186693,-0.42066065639109673,-0.40742637482494887,-17.708574342901585
s943,-9.300599395823903,-0.8635080480734795,0.15133318672453994,0.16595203172985692,0.6653516392905553,-0.7114661763323292,-0.9982095636692095,0.5615043331708345,-1.0355781015108152,1.9317456916948186,-0.06544656127666788,0.5833219836475091,-0.9088194600200015,-0.4324161530479095,0.6982075981289113,-0.5609384697647599,-0.5795449505715446,-0.5931276049690055,0.669576698573949,-0.5746541250308533,0.21268423052801236,-0.35370725586820484,-0.10150162926766972,0.15057440600051192,-0.5474763560638495,-0.19534920337239275,0.7046300100775352,0.43296826708535613,-0.9538523658513594,-0.7929887205569934,-0.7082232871537338,-0.7403468222008331,-0.3361457728937212,0.03718977191456964,-0.2994324144974063,0.05560649888993336,-0.6981241349658897,-0.8852240051557505,-0.6086343432326409,-0.6711350793392495,-19.381322019484237
s944,-38.69590816493574,-0.5419833079797705,0.7394143968807614,-0.8762943214036933,0.5191394006806733,-0.7815392988141988,-1.2682728619546297,1.5016279412401787,-0.25082244798352943,1.3121485309151912,-0.06544656127666788,1.0150524579048723,-0.9088194600200015,-0.4324161530479095,-0.6222201798232655,-0.5609384697647599,-0.5795449505715446,0.8913683948480853,-0.4327027368627905,-0.5746541250308533,1.4751529285244749,-0.35370725586820484,1.1662030917834134,0.6797084732497137,0.6728693909931294,0.6978928370582608,0.8043719510609428,0.6241682129392349,-1.1537717584222518,-0.7981972096690992,-0.7592647400659196,-0.7874771440603708,0.5451379692548902,0.8632884670497719,-0.286634843468624,0.8975534047616417,-0.008389838363075086,0.03822026225150684,-0.05867705326994489,-0.027511001903092525,-17.70272330222015
s945,-24.771191096293304,-1.042033483187567,0.15161365896585322,-0.37084878880899197,0.23000802536863368,-0.7993423464550501,-0.42674327201173434,-0.2781924565592263,-0.4997096166917138,0.08048078901644254,-0.06544656127666788,0.8493636223759239,-0.37491662478975735,-0.4324161530479095,-0.17393789633794177,-0.5609384697647599,1.9568647587541244,-0.5931276049690055,-0.4327027368627905,-0.5746541250308533,-0.402668050488517,-0.35370725586820484,0.23318654301093758,0.3283313005504752,-0.10929144251294276,0.22170491012519017,-0.7720392914246716,1.6523975691017216,0.6735862277746841,0.47316739896645155,-1.1308580810830846,-0.6255787465118207,0.8655721907329514,0.06421486667152548,-0.3016353975064817,0.46290018842874103,-0.37851058938987026,-0.24422845719300382,-0.30313982123827093,-0.13371601984951695,-19.244773199150497
s946,40.332623267082774,-0.6175099195927123,-0.42851826131659954,1.4852504516125635,0.4311175883412969,0.07230493237655222,0.9318658326044696,-0.7442957750227117,-1.176620115121949,-0.5582749381717423,-0.06544656127666788,-0.14249968072202857,-0.28644129780874544,0.8631134741484285,1.7939951892539725,1.056245662372257,-0.5795449505715446,-0.5931276049690055,-0.4327027368627905,-0.5746541250308533,-0.402668050488517,-0.35370725586820484,-0.6505796389718623,-1.3282861283357994,-1.1199173641872358,-1.1434231010280251,-0.20225432754765282,0.5458778915365166,1.059496066564653,1.1709404827628669,-0.843373765115498,-0.7153875393567249,-0.3049784401978684,-0.6437315994809684,-0.29965087976730787,-1.2017879088775492,-0.6853237410456317,-0.7017195068931478,-0.6149466047845024,-0.6443937546158605,-21.85513295241253
s947,0.1965467121036328,-0.9168826921598046,0.14366556514493561,-0.7228236776079389,-0.05708659383399183,-0.819319837079251,1.4931001403741073,-0.9482915284244837,0.2316688331484509,-0.5582749381717423,-0.06544656127666788,0.6757920178287448,-0.9088194600200015,2.3192403943426525,-1.060727487612301,3.0011164824180887,-0.5795449505715446,-0.5931276049690055,-0.4327027368627905,-0.5746541250308533,-0.402668050488517,-0.35370725586820484,0.5405986580707697,0.27708685572020636,0.7159140281180884,0.8699182148496977,1.3997060199903963,0.557938294434731,-0.8970722518780944,-0.5817635155541528,-0.6614838044528585,-0.6970176076253897,0.5854040944961494,0.3816053151315409,-0.13240828423548645,0.4680719476175911,0.13951225259708738,0.03648338813407227,0.10774519146030816,0.025457979769565677,-20.172922488137907
s948,-36.77751310695493,-1.59313107351133,1.0177366185878576,-0.9509061615034373,0.7088184861052614,-0.5137475115199407,-0.6741075472279787,0.05270338024744283,-0.05106635255999182,0.3583810079879256,-0.06544656127666788,0.5731615224449205,-0.9088194600200015,-0.4324161530479095,-0.5776297429354418,-0.5609384697647599,1.482085782966683,-0.5931276049690055,2.699443962492052,-0.5746541250308533,-0.402668050488517,-0.35370725586820484,0.6202353010220134,0.3064842082621682,0.3090547572290967,0.39319041955344897,1.4284859354235246,0.7106331422131341,-1.3182117853212216,-0.7013170002968876,-0.8122918412051082,-0.8319101993463707,0.37395146214907576,0.7962177091123541,0.34394462859727476,0.7662029706762105,0.5472270100740728,0.8031615698508656,0.29622294033713664,0.38049108487291206,-17.92501053388721
s949,-4.292812328940113,-1.2496005089506073,-0.2935643360021339,-1.1163818063898217,-0.7869651764502196,0.9027092508810427,0.7478699984684029,-0.5896449557880938,1.6819241545430266,-0.5582749381717423,-0.06544656127666788,-1.2421742124175847,1.4081246983937197,-0.4324161530479095,-1.1686837686248095,-0.5609384697647599,2.900566641736047,-0.5931276049690055,1.5814624133443425,-0.5746541250308533,-0.402668050488517,-0.35370725586820484,-0.3765396526740427,-0.20451819619547157,1.6498015482398376,-0.3998231342902765,-0.2170364667539566,-1.1024429720633564,1.28472657122635,1.9859546484515254,0.6672014646627453,1.1651802125261699,1.0857209770610359,0.3989680867036077,-0.2937044785487467,0.4462115683377384,2.579305739745378,3.143373793250886,3.287543196218167,3.4315675092858995,-20.052072902136956
s950,24.594569894062502,-0.28688667723986494,-1.6463154171902328,-0.08605756775042861,-1.7766884524980668,0.7982780301667471,1.3648262076000477,-0.7632940316702536,1.3194872843300176,2.6068599431867523,-0.06544656127666788,-1.2421742124175847,1.6944237274353757,-0.4324161530479095,-0.7951823933470256,-0.5609384697647599,0.15616089533588995,-0.5931276049690055,-0.4327027368627905,-0.5746541250308533,-0.402668050488517,-0.35370725586820484,-1.706599370931633,-0.9353974895619933,-0.6005624505297782,-0.6415439615846317,-0.7033581535456652,-1.0563040540196418,0.11532497559034234,-0.7616573184136959,1.3144609515534231,1.400122180454757,-1.3658699270476324,-1.5779820945055345,-0.29973507429845575,-1.3546753354147694,0.007073635217891033,1.062452217760409,0.255445279586427,1.353441652637033,-22.578233453958227
s951,-84.55127426447983,-0.27661510928454186,1.8102361237889517,-1.3517167280815103,0.8765129676110244,-0.20302185983751217,-1.0701356644198627,0.9754666175300982,0.5879657500369568,-0.5582749381717423,-0.06544656127666788,0.4920171640432342,-0.9088194600200015,-0.4324161530479095,-1.1830507310074527,-0.5609384697647599,-0.31995253975294036,1.0717219952661496,1.7145184181246396,0.6536763773257396,2.141502060739634,-0.35370725586820484,2.1172523871610607,1.573828165386886,1.4843975945866412,1.485598623158834,-1.2704166524883205,0.8341219514156425,-0.9594490183302408,-0.5902007483081547,-1.0199163572291527,-1.0282155371771147,1.015129976764788,1.745570709611113,-0.28740948753429885,1.341631339186117,1.4621631603528382,0.6533649028512388,0.9450243097089618,0.28490252482474526,-15.719132726039126
s952,50.48215689152483,-0.3857114226494648,-1.2878428853969963,2.083377443412399,-0.6979246152832879,0.9683269421579304,0.7853986585630579,-0.5935527116576307,-0.48159152873670613,1.580588936200816,-0.06544656127666788,-0.9509641049500578,0.9003992809635526,-0.4324161530479095,1.5184293751306042,-0.5609384697647599,-0.5795449505715446,-0.5931276049690055,-0.4327027368627905,-0.5746541250308533,-0.402668050488517,-0.35370725586820484,-1.3415544590638062,-1.3532138601066284,-1.409318242927298,-1.5229313057676932,-0.7497141475194065,-0.9950862374125047,1.0623684783638148,0.7064253215578687,1.279515119660129,0.2577291817163018,-1.7045241795743467,-1.4869345304762969,-0.15625766581604938,-1.9394229011000175,-0.6942021583488386,-0.663283855621433,-0.6134173811902484,-0.6078043706457084,-22.339893623667685
s953,64.36813210563612,1.078214914709428,-1.3861809088547055,1.6947824312624373,-1.4363975374544626,2.0830227532181405,0.681843228259397,-0.41358373715415536,0.9642964809651247,-0.5582749381717423,-0.06544656127666788,-1.2421742124175847,0.4896104847015861,3.183520995081684,0.9404251940881492,0.0635990750921667,-0.5795449505715446,0.07113056886219266,-0.4327027368627905,-0.04220907874185013,-0.402668050488517,-0.35370725586820484,-1.4626570954631475,-1.6720905418484369,-1.3002314959771106,-1.437085083731148,-0.4245070846481992,-0.6741659314530608,1.1198701760271663,0.9781185416846514,1.2245187867683687,1.36505367145451,-1.613966871106468,-1.4637436811287359,0.24135863725100395,-1.6730108033105622,-0.6433075690191875,-0.4318317912928413,-0.581057108618494,-0.4749718791062652,-23.428605525343965
s954,40.668084399665766,0.09861464092533934,-1.2572333889830039,0.8049840124208781,-1.4521010126832559,1.9075982090036308,0.9214491494989774,-0.5233975823771542,1.3898995138895198,-0.5582749381717423,-0.06544656127666788,-1.2421742124175847,0.6046711763558941,3.2983811910934433,0.37705403028727486,-0.5609384697647599,1.554881538381424,-0.5931276049690055,-0.4327027368627905,-0.5746541250308533,-0.402668050488517,-0.35370725586820484,-1.0152904689721465,-1.093800085993652,-1.0113156383988897,-1.2814433562010008,-0.25410304442723575,-0.5588145776763976,1.4601928204797947,1.0958630136666156,0.8642318984675184,0.9470719878664933,-0.6323531186941805,-1.216674016802221,-0.30154270714240766,-1.287463648918308,-0.3121955917060308,0.8543153141599275,-0.2476956488471864,0.6756538232131649,-22.040772044161486
s955,-54.116831318398575,-0.6785381842905098,0.010728555395984307,-0.6548849906332886,-0.10659299171003492,-0.07838505748548,0.318962713420126,-0.570480267938389,0.40868836312036866,2.541265083164762,-0.06544656127666788,0.33278337958706766,-0.9088194600200015,1.940434191679281,-0.46652892065274243,-0.5609384697647599,-0.5795449505715446,-0.5931276049690055,-0.4327027368627905,-0.5746541250308533,0.9075629715911694,-0.35370725586820484,0.3389889477902762,-0.14432909492790666,0.46452774194605556,0.37402571944015073,0.7101622335628337,0.9831512504908743,-1.2280643879289166,-0.7704990312083089,-0.8185439148788394,-0.855881128759854,0.0988450939589422,0.2542174246438653,-0.30121604813195196,0.234392225442278,-0.3391444532326225,-0.2609629649588495,-0.2758415793391842,-0.15871359513404631,-17.56302978982562
s956,53.5904872854173,-0.04357326229222746,-0.9867350704921465,0.8441066621626825,-0.9815733856636448,1.1954248799095877,0.6455881365752368,-0.5160180509195436,0.47903986051320097,-0.5582749381717423,-0.06544656127666788,-1.2421742124175847,1.1232740534035557,-0.4324161530479095,0.5402684533664494,-0.5609384697647599,1.762395224807407,-0.5931276049690055,1.1058956417676584,-0.5746541250308533,-0.402668050488517,-0.35370725586820484,-0.9893197587021748,-0.8843058716800846,-1.069086442138973,-0.9924158017498308,-0.09871476129870413,-0.5649113941976711,1.0524408832416716,1.003697000891387,1.2769645715171192,1.4413305118654591,-0.852515546028688,-0.9581561772525226,0.48095455711389873,-0.7120613880920366,-0.5978927625971208,-0.40589574366213904,-0.5770613234816929,-0.5320709940856723,-22.91971088639473
s957,-36.395210096763336,-0.17941655911425577,0.6895991836884814,0.026201187331728337,1.3260288968251421,-1.4092746773910225,-0.7746929083022429,-0.08410064229356207,-1.3967894390128923,0.3994253040846271,-0.06544656127666788,0.7729839260958307,-0.9088194600200015,-0.4324161530479095,0.5070879607692933,1.1474301739687056,-0.5795449505715446,-0.5931276049690055,-0.4327027368627905,-0.5746541250308533,-0.402668050488517,1.0284992484234616,0.35090210916600095,0.22197537755939276,-0.2780056506839607,0.18634069475210896,1.219926827171931,0.38122958111007693,-0.7622802629990687,-0.636038043144275,-0.7401153081275974,-0.7739905496468237,1.3614007806641428,0.4690563063037912,-0.2981616360193059,0.6876175944373364,-0.6145472939602291,-0.7051380131414186,-0.5133739639451034,-0.48037895347600473,-18.72997367448807
s958,37.645270255062925,-0.5239198396587509,-0.1255531962588535,-0.02538812240123051,-0.20191134334697047,-0.1003454225272051,-0.6159021744593494,0.09295831752145738,-0.2699836019401633,-0.5582749381717423,-0.06544656127666788,0.6885761866226012,-0.1357649754917963,-0.4324161530479095,0.22596909762718315,-0.5609384697647599,-0.5795449505715446,2.2242432702460766,-0.4327027368627905,-0.5746541250308533,-0.402668050488517,-0.35370725586820484,0.14725839217291237,-0.25486654559434563,-0.33866254366553544,-0.2443297654077,-0.38456100566662355,-0.7805514845039322,1.3046770646694097,2.1574209961112123,-0.10883364953109236,-0.20907896459463704,-0.7733070971360947,-0.1751849539096659,-0.28486103281239983,0.059472791623310636,-0.6754828471538733,-0.8407683249838578,-0.5978346732032122,-0.6541641943803577,-21.38547156076431
s959,-19.88934705040043,-1.125359936380472,0.67658502687846,-0.6489692612115443,0.5731983018109467,-1.1133718342671186,-0.7811301187145859,0.017364925782915767,-0.6312058082791565,-0.5582749381717423,-0.06544656127666788,1.2875297514417399,-0.9088194600200015,-0.4324161530479095,-0.39837081499309307,-0.5609384697647599,2.5711733634517895,-0.5931276049690055,0.2511187647507423,-0.5746541250308533,-0.402668050488517,-0.35370725586820484,1.0490205404033415,0.7939889783192261,0.3741104362482111,0.5240415713105832,1.2232825118047557,0.3374876393472925,-0.861694787076851,-0.8582738659862883,-0.6325189097850479,-0.6662761443932956,0.4945495102175118,0.6521391040190365,-0.03235718360464981,0.7912270137488833,-0.13800700936325577,-0.0097428608355479,-0.21300611722370733,-0.13689087812803263,-19.263860906651384
s960,-55.21849113180262,-1.1946928562290269,1.2930786011422903,-1.3917721490947361,0.45796526861277176,-0.5357612585526713,-1.2601222718465068,1.6025988586983744,0.3664317270242807,-0.5582749381717423,-0.06544656127666788,1.3740449348842614,-0.9088194600200015,-0.4324161530479095,-1.2748215993189072,-0.5609384697647599,-0.5795449505715446,3.001681335764538,0.7438724938546116,-0.5746541250308533,0.2541601808416265,-0.35370725586820484,1.586464757089193,0.37007438266155496,1.5676466905004076,0.5540501247075701,0.9628821159379403,0.5690302447179887,-1.3244644057469024,-0.8286680599397652,-0.8341328952583175,-0.8733877669272665,0.17608549366666182,0.9037357148241875,1.469893613801191,0.9108819310515504,1.6873885932164459,0.8359565025802497,1.154866046324144,0.42720358670200553,-16.80470785163838
s961,-7.759307593730602,2.328491236643499,-0.0039338638051496615,-0.38035358816805864,-0.22922698972825725,0.25324757038075385,0.05799709321190744,-0.3931961562432506,0.6393840543546422,-0.5582749381717423,-0.06544656127666788,-0.386373080268118,0.7286278477024697,-0.4324161530479095,-0.570007709778838,-0.5609384697647599,-0.5795449505715446,-0.5931276049690055,-0.4327027368627905,2.82864768104498,-0.402668050488517,0.7802662435710809,0.4611107056685418,0.10190836558452657,0.2412900609607756,0.2809197558328411,-0.36530089844224917,-0.7929942640497246,1.1865252496891718,1.4666476472640444,0.6027205825887846,-0.18209577899718832,1.8925993574588715,0.042788319879529337,-0.29139796820026914,0.4045080716430034,-0.4470961411917966,-0.5045578912201378,-0.5036221403712708,-0.5446025900422334,-20.01579976967623
s962,-40.26044128859482,-2.0182879849308466,0.8328192678358269,-1.6892585532886248,-0.0482972926159473,0.8709297325101115,0.25238245054760805,-0.3933844463240671,2.0028331067259,-0.5582749381717423,-0.06544656127666788,-1.2421742124175847,0.831570307121787,-0.4324161530479095,-1.6461435160768376,-0.5609384697647599,2.8384217918734116,-0.5931276049690055,4.024424441232291,-0.5746541250308533,-0.402668050488517,-0.35370725586820484,1.386811248604333,0.14169757654238802,3.9877277151513457,-0.20755328804646023,-0.18366546801158906,-0.31536519666552654,1.8677498615731978,2.5584817575405965,-0.07821602355926906,0.6248795441279518,1.270640817488444,1.042240105531305,3.2657875621512145,0.833546939487123,6.143593565051197,2.5173903939130358,5.742682535508542,2.046623772847805,-18.71905926332032
s963,12.959916119700438,-0.2203102833166637,0.7472592866847259,-1.1666500189076312,0.14890228754980564,-0.9842958062009152,-1.3962194370277579,2.2377814700391077,0.021636394405504276,-0.5582749381717423,-0.06544656127666788,1.8412269254738765,-0.9088194600200015,-0.4324161530479095,-1.3191296121323826,-0.5609384697647599,-0.5795449505715446,1.9995478970434222,-0.4327027368627905,0.818177899171522,-0.402668050488517,-0.35370725586820484,0.9182582864337815,2.4526025341464432,1.8584168086913229,1.8929556680455788,0.9553160478202541,0.19330323202504734,-1.4082699679148345,-1.0713876328274896,-0.666084776863652,-0.7019007817511865,-0.1990662631649148,0.6879379389161389,-0.3013069236707662,0.7384137303693455,0.7129111211946949,0.15087706895458644,0.5121380569345615,0.054239974570571836,-19.186655983105283
s964,-46.84930376075685,-0.9204732907445992,1.5293566769580274,-1.2145348706797632,0.9175064579670396,-0.47047090979045614,-0.786238177208658,0.22781203864406868,0.22273085734463025,-0.10157802549432765,-0.06544656127666788,0.4197301213666838,-0.9088194600200015,-0.4324161530479095,-0.9518146091110627,-0.5609384697647599,1.9991345846538318,-0.5931276049690055,1.7355711348014717,-0.5746541250308533,1.7431266696576455,-0.35370725586820484,1.426581054779122,0.6627701169265809,2.7307851883554433,0.8897812454639205,1.0699903260670667,0.8740815792793242,-0.6392155672927969,-0.3680114237651693,-0.7585598374696566,-0.7814778550235819,0.6454171606231306,1.3570228563177291,-0.2661753257175232,1.150268951477577,1.0401458520982103,0.7289799025629611,0.7418153425536992,0.41353284869108237,-17.464889279745453
s965,-13.71918983572054,-1.6244917110112205,0.1413149147792464,-1.353302993131836,-0.4676991739334997,0.8946003690023319,0.5060233523030732,-0.5032762452605904,1.7759225509045822,-0.5582749381717423,-0.06544656127666788,-1.2421742124175847,1.2034943026363825,-0.4324161530479095,-1.3097180324875624,-0.5609384697647599,2.862323657205195,-0.5931276049690055,2.423925721363672,-0.5746541250308533,-0.402668050488517,-0.35370725586820484,0.348698581453225,-0.25779736108393053,1.2171640708004894,-0.3138962972408827,-0.20778764221053883,-1.0032618279483405,1.4054737330261715,2.2298001476648315,0.27152246833812566,0.7456718759273046,3.457502702617872,0.8444558170319509,-0.29882237245144116,0.8591090256408808,3.3205241316007927,2.893641756681328,4.085570332863908,3.1229695326463776,-19.711867611430783
s966,-50.188865952188564,1.1101458892249887,1.758342331002585,0.032236453098238395,2.3627658960222213,-0.7726760933409884,-1.3346427566081676,1.9117798533982453,-1.4912878561257144,-0.5582749381717423,-0.06544656127666788,0.08400560803916292,-0.9088194600200015,-0.4324161530479095,1.3170926502391826,-0.5609384697647599,0.903723635772493,-0.5931276049690055,-0.4327027368627905,-0.5746541250308533,-0.402668050488517,3.905379531530527,1.3607833506698581,0.3436441144243319,-0.25067620308906957,0.35081031577373645,1.3310191312192412,0.2521765875996421,-0.6808292325970172,-0.540722745929018,-1.0431815794627306,-1.006426479972667,1.4930529039367018,1.4279854280908952,-0.30138427034967735,1.5252123072498682,-0.6538161310599607,-0.7928068799974919,-0.563042241091997,-0.5797238777590529,-17.65956881606673
s967,-2.7252961159677405,0.49054499692077713,-1.408992132848938,0.3505458615497032,-1.5759571713274174,0.722625898101987,2.0950339674536065,-0.8940344476662252,1.072358652772745,-0.5582749381717423,-0.06544656127666788,-1.2421742124175847,1.7588376627912878,-0.4324161530479095,-0.5879029180595601,1.6785099914771526,-0.5795449505715446,0.7238364266267613,-0.4327027368627905,-0.5746541250308533,-0.402668050488517,-0.35370725586820484,-1.3003868254470625,-0.9718176913524901,-0.24376420069138863,-0.804466400626028,-0.2541622388580816,-0.8808443959760235,0.24890332001597984,-0.7245789157807112,1.3122425998189344,1.39776776559968,-0.9565967390101522,-1.3860596053941296,-0.24651823107080537,-1.1435439634359608,-0.08700000274339943,0.8605272244282929,-0.029128223009025025,0.7301549665754304,-22.236881170866123
s968,3.5970393256308566,-0.5668647658394373,-0.11401988705178695,0.8883749469831159,0.6149922059626921,-0.014282412207311204,0.19211012102124456,-0.5058032000943529,-1.0775321007432184,1.1303018047539617,-0.06544656127666788,0.2626435677973867,-0.9088194600200015,1.118810111095074,1.5745917247055796,-0.5609384697647599,-0.5795449505715446,-0.5931276049690055,-0.4327027368627905,-0.5746541250308533,0.4110543737504461,-0.35370725586820484,-0.2694063920042751,-0.7562476757669095,-0.8313338475750156,-0.7741715475011842,1.0223233322134508,0.24095516035979597,-0.8948289792304195,-0.6288586876856083,-0.7651337072481856,-0.8070249013627198,-0.4626472750997596,-0.3845412926966845,-0.2590748674408651,-0.5853828437098868,-0.7502070293166444,-1.035275070507992,-0.6390899790784593,-0.7484636540142964,-19.98239594820018
s969,26.885946978839808,-0.7730501927614347,-0.04190346931412169,0.8906598777900668,0.5992091126330198,-0.2288786604152023,1.009069110319779,-0.7977412192928177,-1.1311390452637147,-0.5582749381717423,-0.06544656127666788,0.4772481653194531,-0.9088194600200015,1.3906745079036382,1.496427629936284,0.576925623207935,-0.5795449505715446,-0.01789372247600918,-0.4327027368627905,-0.5746541250308533,-0.402668050488517,-0.35370725586820484,0.2398019505588755,-0.5473244050331998,-0.8454537659128246,-0.8086511297879044,-1.1695746905458493,0.053467919098663726,-0.37423862230284805,-0.6460635352549089,-0.7383276728234247,-0.7785747125697727,-0.6125926577978267,-0.3035022245855581,-0.29344501296395886,-0.4354250990013129,-0.7096271670237168,-0.867347303240429,-0.6217314359038363,-0.6876529589511402,-21.0189401110918
s970,9.65548596391851,-0.7845348802827581,0.41872863454918535,-0.11412488925864667,0.413783762825193,-0.5623997387480603,-1.2675391985057296,1.627790888626683,-0.7828418454080411,-0.5582749381717423,-0.06544656127666788,1.1404539395894535,-0.9088194600200015,-0.4324161530479095,0.43730414581232807,-0.5609384697647599,-0.5795449505715446,1.9240612642860615,0.4783094610105016,-0.5746541250308533,-0.402668050488517,-0.35370725586820484,0.3323171134292316,-0.024859482042425867,-0.3983178706964826,0.14315097913246974,0.4302392201813714,0.2963662519502488,-1.094963757572555,-0.9528344922271376,-0.6694709020872277,-0.7054945957544358,0.8626183626955107,0.26669289702413446,-0.24130006044543623,0.46120023823957357,-0.6883030757111374,-0.8876929272825677,-0.6200583655675471,-0.7096522833656221,-19.86554229461376
s971,-40.38542966713532,-0.9391691522263192,0.4670688608768779,-0.4626826849997854,0.6218789813766916,-1.6568454735257843,-0.42719396529253845,-0.47884913890986813,-0.9905547037996711,-0.5582749381717423,-0.06544656127666788,1.366857519644421,-0.9088194600200015,-0.4324161530479095,-0.5215853814898255,1.7142176377025138,0.657728078367806,-0.5931276049690055,-0.4327027368627905,-0.5746541250308533,-0.402668050488517,-0.35370725586820484,0.5116126533223236,0.35984970926279236,0.14258479926336778,0.7710031669435826,1.331379258530815,0.5077233022970892,-1.3023274575786548,-1.0401948673970838,-0.6183277574385159,-0.6512145744105543,-0.21363633928805928,0.3512750939959242,1.2704936497719164,0.6639411945553252,-0.11382318191653686,0.007337423155727201,-0.22331122540724452,-0.16519949308916798,-19.145006313054694
s972,-6.563730526339712,0.9590639632444052,-0.12346238965891644,-0.2726476031540394,-0.4825685477215703,0.7150649284916694,1.3321042692522487,-0.7649724332748369,0.9918192243044734,-0.5582749381717423,-0.06544656127666788,0.23542464154026838,-0.9088194600200015,4.022849977688334,-0.2062771972823029,-0.5609384697647599,-0.5795449505715446,-0.5931276049690055,-0.4327027368627905,1.9885115629185346,-0.402668050488517,-0.35370725586820484,-0.25824235158468223,-0.7632268366262743,-0.01651733892470146,-0.33081044165276546,-1.281471233420622,0.1534880280390454,-0.5408364616148158,-0.5757484451926582,-0.8737223610731258,-0.8343507127178916,-0.08142248362196544,-0.0778451867484183,-0.27573923447081117,-0.37734826630443735,-0.41501532758800147,-0.2804609729239215,-0.4344718547384885,-0.3539122516655383,-19.305408959114505
s973,18.578308680738992,-0.44051504800774055,0.19478084955670255,-0.985892698641977,0.006789239540626029,-1.0693002982645308,-0.8777721349313061,0.18171949269867493,-0.08572864377039516,1.432177973489251,-0.06544656127666788,1.2668791068388063,-0.6198581704219184,-0.4324161530479095,-1.1971921523793796,-0.5609384697647599,0.42491874516738143,-0.5931276049690055,-0.4327027368627905,0.5402206045457126,-0.402668050488517,-0.35370725586820484,0.6491839452183935,1.6179847889701267,0.6989567408278602,1.4374002268915638,-0.6708280042093192,1.5257410141719452,-0.20231251119145705,-0.16838064838111746,-1.3300734560635892,-0.7464794200832016,0.14360651680884012,0.312851161796213,-0.27035476988699614,0.46517222830510707,0.3153476848536614,0.08196991640517362,0.2140467225494069,0.020837796319759343,-20.130552803260894
s974,-7.697388946059188,-0.5410927571373806,-0.06678608841297866,-0.028798756747843962,0.2696867116668554,-0.6348434411768383,-0.22721568571893513,-0.38910557225888276,-0.5605459867626381,1.2396106373877998,-0.06544656127666788,0.20812118445626468,-0.22480481314531187,-0.4324161530479095,0.10338234996981097,0.6831995642585249,-0.5795449505715446,-0.5931276049690055,-0.4327027368627905,-0.5746541250308533,0.6429849197895708,-0.35370725586820484,-0.19588834714796077,0.424727504067754,-0.34678848703009235,-0.015383218816036976,-0.7334631511404256,0.6104505452547894,0.5265111105390621,0.9528481452494375,-0.8957533961678764,-0.6435466184446141,0.16666720080878897,-0.13467398315016857,-0.30105103697133745,0.1909208803844955,-0.5732054189133214,-0.5873517421342458,-0.5079178273781054,-0.4615468694115358,-19.912549700038475
s975,19.898334108747726,-0.8310025169586823,0.47375355769081884,-1.3265822942518064,-0.1400093411527046,0.7996925202244201,0.0931840442846109,-0.31911107226110597,1.6854330185195123,0.5148832426981129,-0.06544656127666788,-1.2421742124175847,0.6534509268314237,-0.4324161530479095,-1.3463396722660936,0.1227491308134911,-0.5795449505715446,-0.5931276049690055,4.006180390335857,1.1284279394057495,-0.402668050488517,-0.35370725586820484,0.6586118853092979,-0.1323528991782912,2.006902711079294,1.6558594262118642,-0.6140963569897321,-0.15561555867043095,1.1776659844533508,1.5189505906214245,0.6426195298910575,0.9129892591496358,1.1999001880322246,0.5525664534464104,-0.18961367157562237,0.5904268645218063,2.6304351030930655,1.8421512968795286,2.272913055192109,1.359478253204747,-20.029072220408153
s976,14.296331521953887,-0.28044126465087443,-0.8306350554082175,1.6174530997729109,-0.2717829600669689,0.6263012566856501,0.44174099650209664,-0.5155878093277664,-0.7369235969263948,-0.421751712147962,-0.06544656127666788,-0.5324551884154882,0.597468113416815,-0.4324161530479095,1.563837232233776,-0.5609384697647599,1.1657997689748159,-0.5931276049690055,-0.4327027368627905,-0.5746541250308533,-0.402668050488517,-0.35370725586820484,-0.956194139592515,-1.1865852141263777,-1.288666996871929,-1.3302793141181373,-0.5604563704879669,-0.9518411759731731,1.5244199408007562,1.7331868524534362,0.5394133822749854,-0.13171104126150845,-1.0788153905692042,-0.9754285971246212,-0.19078285105955123,-1.4041916128964338,-0.6819417935874901,-0.6569989929488934,-0.6025902501133166,-0.5802560863220182,-21.475736301299023
s977,-20.14802385868174,-1.0501355311800074,0.11293797733995678,-0.5718855720355419,-0.05290786441791393,-0.235425042884562,-0.05776218976003331,-0.41544020791215186,0.1346752417218321,-0.5582749381717423,-0.06544656127666788,0.23946010059519535,0.1025450535732895,-0.4324161530479095,-0.44088150100813817,-0.5609384697647599,2.579920105470012,-0.5931276049690055,0.3818493459415648,-0.5746541250308533,-0.402668050488517,-0.35370725586820484,0.46590705429900403,0.19569066980979635,0.8530241847797706,0.3925955561183676,-0.3724829085441215,0.3714477951264511,0.25314972788011747,0.8679814209850927,-0.8493004650498104,-0.6745462706947231,0.5737428495176962,0.3014332337109055,-0.23095680093613313,0.7089394502037235,-0.06341742296797369,0.2588790945729204,-0.09590702415545489,0.1256050505386143,-19.189504094154707
s978,-54.755166586991436,-1.6484042879257121,1.3984002247282492,-1.4702384398555268,0.4084694378464324,0.12700005604901993,-0.8931006074364086,0.6305183008174109,0.9394730874323688,-0.5582749381717423,-0.06544656127666788,0.4998076993217,-0.6806768104279599,-0.4324161530479095,-1.2588921324766005,-0.5609384697647599,-0.5795449505715446,2.6338426171475104,3.499787378911711,-0.5746541250308533,-0.402668050488517,-0.35370725586820484,1.9923325733592057,0.3087120597966314,1.5973980621386894,0.4364452950630469,-0.25190500533818616,1.2742948683614086,1.5173385090265883,1.0799069723161354,-1.076802113111667,-0.915318622671126,-0.3396507693686242,0.7598582085368307,-0.09103661931839188,0.5868431546382996,2.0508972157547953,1.1123545501966683,1.410483679880916,0.5909280269880951,-16.989999619788065
s979,-3.5107364822399294,0.21591707213641514,-1.0269592921677066,2.15926041662916,-0.3358925701325228,0.5435441407650403,1.2048701486386395,-0.7554571385415628,-0.8717443433074178,-0.5582749381717423,-0.06544656127666788,-0.7921222281495887,0.7430759121823738,-0.4324161530479095,1.678492071419284,0.8698202693620175,-0.3516805010752142,-0.5931276049690055,-0.4327027368627905,-0.3350538542008019,-0.402668050488517,-0.35370725586820484,-1.0348724331856307,-1.9028183069174915,-1.335880370541546,-1.5273446020751715,0.020917061883685577,-1.0460841606868851,1.2938297548153752,1.47013112623978,0.777643983047907,-0.0766430892427481,-1.2945249578955178,-1.178505410956622,-0.3004060065039477,-1.9531953317318118,-0.7107501177115227,-0.7845833375899012,-0.6238026658452271,-0.668163591550748,-21.15978794608996
s980,-54.4657975129463,-0.5195512416852412,1.9667098051660858,-1.1835426853102602,1.36941487030214,-0.8224646057197978,-0.9086222897458182,0.3250770991866665,-0.07210831160541525,-0.5582749381717423,-0.06544656127666788,0.660500067242712,-0.9088194600200015,-0.4324161530479095,-0.9381683616740749,-0.5609384697647599,2.5187558375440275,-0.5931276049690055,1.16124090718602,-0.5746541250308533,-0.402668050488517,1.8324039756272703,1.7006594951396024,1.2361970055377332,1.266481607439238,0.8656151959373646,1.770004268787791,1.0774345149995275,-0.9687880821236693,-0.5708998213700561,-0.8907550220070548,-0.9027575060888258,1.7142446994981035,1.8995536560147448,-0.29559888729032613,1.754761012407098,0.8262376753707543,0.40919903459480095,0.3949609229343388,0.061899966660995516,-17.309892983263847
s981,29.46515626385619,1.1344732326753357,-0.030872392984191685,0.19918695637800143,0.1586146780343309,-0.3354501043783491,-0.28547030266462986,-0.2858054639546014,-0.47178993474500736,-0.5582749381717423,-0.06544656127666788,0.4804771275311659,-0.08896528468146504,-0.4324161530479095,0.3085658022443386,-0.5609384697647599,-0.5795449505715446,-0.5931276049690055,-0.4327027368627905,2.327546338544418,-0.402668050488517,-0.35370725586820484,-0.06389989064002193,-0.8376212164993617,-0.584738561004371,-0.36893082667182225,-0.2263584153712383,-0.15327214608813686,1.0624998270326047,2.0151018636826614,-0.3115714632212798,-0.36252261531756985,-0.34655751506440124,-0.26194901701352546,-0.25186761560172893,0.06598398256544905,-0.6787989981281742,-0.8482901461985687,-0.6194664774768788,-0.7050635921759838,-21.428508659468825
s982,21.887447545958427,-0.6527289234086413,-0.8665315448663551,-0.11122088602328914,-0.9511163932143616,0.5172649848424884,0.06005692386891303,-0.348514059992077,0.6245301790698004,1.194274315719429,-0.06544656127666788,-0.4024814716221527,0.9000527537195411,-0.4324161530479095,-0.2702301237781387,-0.5609384697647599,-0.5795449505715446,1.0221609939509124,-0.4327027368627905,-0.5746541250308533,-0.402668050488517,-0.35370725586820484,-0.6945129903463106,0.015788729117985956,-0.33616267341540246,-0.29840366854465666,-0.6901631126548813,-0.763595785786139,1.7697612579204804,1.3852476112733711,0.8956978117397248,0.07937556975119626,-0.4960599964409951,-0.6863419704614568,-0.2350955752320235,-0.26555982313641263,-0.36422400442640873,0.032483185635115784,-0.3667446739497912,-0.10732275151526388,-21.109487565664146
s983,-25.233640726295185,-0.1971869332829812,0.958369834387459,-0.6859240829793127,0.7460491110278258,-1.1265745727919292,-1.0517864893964073,0.5242538206337869,-0.6018488069807756,-0.5582749381717423,-0.06544656127666788,1.2465628856302529,-0.9088194600200015,-0.4324161530479095,-0.5055752999367784,0.6306708907572525,-0.5795449505715446,1.472258133906947,-0.4327027368627905,-0.5746541250308533,-0.402668050488517,0.9116832128886901,1.3509015136250275,1.7883734963985232,0.3383638603392451,1.177837255123486,1.0223150477909326,0.1082202745162861,-1.262289453218219,-0.9162397613754272,-0.7164891386061414,-0.751094425914485,0.7626660307098757,1.075301164082404,-0.298244000020008,1.126892777508847,-0.3987713329172943,-0.5292805150902139,-0.43444548881444955,-0.4923770404540508,-18.31465175322002
s984,54.4890281834336,1.0401599289942518,0.7781370240132669,0.48978083884972673,1.4912185756397724,-0.5859109337935644,-0.7716641106308583,0.1686902465464536,-1.416439415233734,-0.5582749381717423,-0.06544656127666788,0.5058846327735085,-0.9088194600200015,0.08595845280891667,1.451401445361475,-0.5609384697647599,-0.5795449505715446,-0.5931276049690055,-0.4327027368627905,1.1591367794680114,-0.402668050488517,1.3041591511323838,1.0682320726294585,-0.12815862751445664,-0.47419158575925635,-0.4069339656587379,-1.372039578059257,0.18042391891671872,-0.885363961943021,-0.690730937259203,-0.8708484185392823,-0.9157946950779288,0.32524672099247576,0.39290805777895466,0.27141458974976307,0.43138409049952453,-0.7265953665172684,-0.9650068588754842,-0.6308494200205742,-0.7271267837144713,-21.50201864035685
s985,-73.1972580732863,2.7917370346585475,1.6777781655247304,-0.6951317499212666,1.245125390456498,0.4138165572048571,-0.07276522484498336,-0.285449360133475,0.5988202142658696,-0.5582749381717423,-0.06544656127666788,-1.2421742124175847,0.5863530142744058,-0.4324161530479095,-0.38358790646770363,-0.5609384697647599,-0.5795449505715446,-0.5931276049690055,-0.4327027368627905,2.113990135428503,-0.402668050488517,4.9482680754796,1.258418590392792,1.5855652224280017,0.8099253963121424,1.1610519557795618,-0.2609602586607831,-0.09445649335956785,0.32394109671461824,1.5739972758714897,-0.4997378179274036,0.453312630856799,3.4226543886451926,2.579000288610088,-0.26830339524622787,1.9689273569767187,0.1921022352844564,0.26950630623877014,-0.042531847531181624,-0.04268807448929731,-16.599525947357375
s986,28.158340443093998,-0.5708931966686552,0.3086073226468428,0.3724263202935744,0.9088609690795225,-1.1216473223134502,-1.0294163362524968,0.4707229028631554,-1.4808912203840843,-0.3667348897204684,-0.06544656127666788,1.1286000681864334,-0.9088194600200015,-0.4324161530479095,0.9848870541683377,-0.5609384697647599,0.984897538507739,-0.5931276049690055,-0.4327027368627905,-0.0024743737949095624,-0.402668050488517,-0.35370725586820484,0.0347219459076217,-0.34077998788072406,-0.6484059884676552,-0.32817574711824965,1.274695672854462,-0.012632522346184527,-1.0836254954924982,-0.8249940951987201,-0.7674795920706187,-0.80951467157741,-0.8095129283224543,0.008790443781291499,-0.2753584091865586,0.08984095163872746,-0.6831572755993117,-0.8249093056262784,-0.5957128599587793,-0.630272663132036,-21.052030874436728
s987,23.477228793131758,-0.30879214917175746,-0.12676120203570485,-0.7118135733817555,-0.5605157240796097,0.9738234117614686,0.5505531901208734,-0.5098105913232673,1.4895034539065388,-0.5582749381717423,-0.06544656127666788,-1.2421742124175847,0.5929036056185216,0.9072792568937581,-0.7976293363192333,1.0184705279725916,-0.5795449505715446,-0.3515791781212971,2.5570736579759226,0.6233472291194039,-0.402668050488517,-0.35370725586820484,-0.1824522713793557,0.1306509843404637,0.5054771371419975,0.3594545323988502,-0.5369315254369776,-0.44272589634448034,1.3260837028056451,1.9448612981290083,0.5699870868892186,0.7680394029711082,0.5612335385222609,0.3430612522455678,1.0852417797939262,0.2740597974711923,0.5278154988303551,1.0261170037564418,0.4604788738006399,0.7609967471417833,-20.66592788190784
s988,30.778536065535505,-0.8182803327305368,-0.865098650852388,-1.291896589753044,-1.5374421673366658,1.8608437429526377,0.4706480577428208,-0.3513611176404993,2.78447046443177,-0.5582749381717423,-0.06544656127666788,-1.2421742124175847,1.4809025974156234,2.1791419878510374,-1.2742256845896123,-0.5609384697647599,-0.5795449505715446,2.887921559159046,-0.4327027368627905,-0.5746541250308533,-0.402668050488517,-0.35370725586820484,-0.33417890283475826,-0.13998588486629504,1.2120168971105545,0.2325948352147393,-0.0877098388143278,-0.729917425299397,0.6408936038930703,0.5528552546942331,1.5914578817506735,1.6941087819156262,-0.7029485360045912,0.27989627998937344,2.152401311218603,-0.20171733967553734,2.6385469516333293,3.537166665695919,2.4424374416252084,2.774403951841909,-21.33344594608628
s989,-5.772872344251468,2.0280179568008307,0.1333308407354155,0.8697926803233995,0.6196883273647797,1.0129974760750977,-0.07189167434814032,-0.1741677090376086,-0.46878804268829083,-0.5582749381717423,-0.06544656127666788,-1.2421742124175847,0.586531371959518,-0.4324161530479095,1.4920163889443534,-0.5609384697647599,-0.03808487256046243,-0.5931276049690055,0.04715715350215153,0.4217034368366875,-0.402668050488517,2.311060296186676,-0.10011349674220614,-1.2444012795442418,-0.5814513680443295,-0.8121696865397214,-0.07800190133954865,-1.0657323251967081,1.3519886451527996,2.1731096906152376,0.7621477317369381,1.2526937759454289,1.0224328364327555,-0.016667344616457882,-0.278287264672368,0.03230127845247228,-0.68769804159445,-0.7895331293309086,-0.6156037247374709,-0.6702691367352336,-20.082460592045198
s990,19.33368777037808,0.8278716929216482,-1.462739103233066,1.3248268357354962,-1.3014976352607537,1.1078894329084705,1.2742929079527283,-0.7111471024121122,0.4769415243955738,1.386146765803311,-0.06544656127666788,-1.2421742124175847,1.4510310716976778,-0.4324161530479095,0.49984858056627757,-0.5609384697647599,-0.5795449505715446,-0.5931276049690055,-0.4327027368627905,0.369225729754198,-0.402668050488517,-0.35370725586820484,-1.270233474070119,-1.3963929497203804,-1.1338818896803264,-1.3859536457903912,-0.6651746476014737,-0.9148921391947431,1.0410192165017744,-0.2690117769277144,1.5395792308998881,1.6390481419253682,-1.2212396750376404,-1.6332543411032734,-0.28497755871844577,-1.490694373489115,-0.5809725443862948,-0.19757050034024265,-0.5533821721537584,-0.3918356007160758,-21.818143359128804
s991,-53.72033354647231,2.4541493597264408,2.372399639090755,-1.091111490260808,1.5057770543438789,-0.915051812177247,-1.397342999616777,2.301470550183528,0.03411650380299677,-0.5582749381717423,-0.06544656127666788,0.558742049634558,-0.9088194600200015,-0.4324161530479095,-1.2527787334125378,-0.5609384697647599,-0.5795449505715446,-0.2198989320471283,-0.4327027368627905,2.4063258331222954,-0.402668050488517,4.698685123008963,2.28739123920468,2.4173438624593633,1.9974240922466446,2.222658298539925,-1.3485195810294242,0.6991804087926035,-1.4515273010912189,-0.9662226033931716,-1.1649739673949042,-1.169814979774771,2.036481065275138,2.5013734803633727,0.005833438888357054,1.9692489607008696,0.37517043314111914,-0.32911947443148476,-0.01770569345618863,-0.41068405978611267,-16.74874949890157
s992,16.567379567266396,0.8221614923175397,1.0796641449791264,-1.0009337244205674,0.7342534274756753,-1.4507469256911305,-0.8630200292154637,0.02645364933543836,-0.33373289136587164,-0.5582749381717423,-0.06544656127666788,1.3553576552606763,-0.9088194600200015,-0.4324161530479095,-1.3878070319932696,1.1223071056785077,-0.5795449505715446,-0.5931276049690055,-0.4327027368627905,1.7931603161131846,-0.402668050488517,0.8038906914760658,0.711889427142111,2.417142434460172,1.9126412082021806,2.486191271511221,2.289481238666864,0.6533774299680715,-1.3357026935955219,-0.9501678018426715,-0.6532460234134068,-0.6882745603661921,0.6052133799794529,1.2028335999041306,-0.0767303389466977,1.1507300125832107,0.2969628981715947,-0.3196447177409247,-0.03871933491516211,-0.3929748568655155,-19.901873564316244
s993,20.74520526401932,1.5729007079570194,-0.7834256363980223,0.5628633617597549,-0.8478614892117882,1.2391315475367242,0.17287170754940936,-0.2916739523327806,0.7097036363461247,-0.27435495484795136,-0.06544656127666788,-1.2421742124175847,1.0124747781926224,-0.4324161530479095,0.29080987557140764,-0.5609384697647599,-0.5795449505715446,-0.5931276049690055,1.6505322359731271,1.715330764318311,-0.402668050488517,-0.35370725586820484,-0.6173333155725846,-0.7425575453285266,-0.8325668561296647,-0.7205161339313612,-0.7436176717272052,-0.6119345628236705,0.9518548768601511,1.318348901092388,1.0495521762387885,1.207598214003705,-0.9653467254859687,-0.5767388524358449,-0.15920834661326824,-0.35430806125859965,-0.5868299668358767,-0.4692177293113963,-0.487762749781851,-0.3015909777467669,-21.674513479530283
s994,-26.361689349603044,1.0444322308632885,-1.0950346660633308,-0.9482478101100963,-1.597282429721924,1.2606717293284864,1.0024036667746725,-0.6241681780280685,2.162066046436633,-0.5582749381717423,-0.06544656127666788,-1.2421742124175847,2.1334965564801425,-0.4324161530479095,-1.3463396722660936,-0.5609384697647599,-0.29372194771900473,1.6287812691701942,-0.4327027368627905,0.9280653435896785,-0.402668050488517,-0.35370725586820484,-0.9197148601558074,-0.23217030768205962,1.0937135553845572,-0.06838777839826063,-0.1780709052654873,-1.1422894804652621,0.3970098346898235,-0.541935938824131,1.680814051800511,1.7889456334785827,-0.3506467892214673,-0.4322487863398039,-0.04697642494652573,-0.4576323823260444,2.5033779385887303,3.361833892721701,2.8545250580093864,3.2539096538754535,-20.85856003252748
s995,-92.48941267793552,0.9100781655024591,2.604446492260725,-1.0173923642435025,1.8532975379883563,-0.624514649009432,-1.613292244938362,6.742307591265338,-0.22449244679442046,-0.5582749381717423,-0.06544656127666788,0.48767910342314164,-0.9088194600200015,-0.4324161530479095,-0.5061079249590911,-0.5609384697647599,-0.5795449505715446,2.0821039444333547,-0.4327027368627905,-0.5746541250308533,-0.402668050488517,4.700872822432977,2.343818689776875,1.4748266768273166,0.5357236651124722,1.1365072291576073,-1.3900828936371161,0.8455553654376602,-1.243264435671051,-0.7189437422633158,-1.16922158454255,-1.061614021247887,1.9488124681495465,2.6959771243104202,-0.2808791357479984,2.154180204506236,0.11576205561143509,-0.08906734815377695,-0.12481421764206316,-0.265603585045297,-15.322504263735626
s996,17.14162756078583,0.2036915189542548,-1.1909791225679098,0.9435241990659309,-1.0706968724188126,0.38614764640280375,2.233965255929565,-0.9394649476536063,0.3109831545135327,-0.5582749381717423,-0.06544656127666788,-1.2421742124175847,1.281663808655739,-0.4324161530479095,0.03523277953693581,2.490303680662817,-0.5795449505715446,-0.5931276049690055,0.29610702143584317,-0.5746541250308533,-0.402668050488517,-0.35370725586820484,-1.32673888625667,-1.275435672488675,-0.6269491072254335,-0.9905524829006289,-0.17855171643999398,-0.7030789536284372,0.7564069020052975,0.19479265912393667,1.3177200988166324,1.4550530530345402,0.7911678689684877,-1.2923184381071435,0.29069998004227143,-1.01854798338023,-0.5087087820744544,-0.16067829978775208,-0.45773897558266097,-0.19169927507283469,-21.975896370812173
s997,-26.46468878007098,0.5168468079408194,1.9395836935208097,-0.8241460071799901,1.9015821652681228,-1.6054298180609654,-0.5421809896730333,-0.3798662384921496,-0.8303847062487614,-0.5582749381717423,-0.06544656127666788,0.5323354572780336,-0.9088194600200015,-0.4324161530479095,-0.7697751394565209,2.7230505070713575,-0.5795449505715446,-0.5931276049690055,-0.4327027368627905,-0.5746541250308533,-0.402668050488517,3.2789222860071217,1.9776179041050357,1.5427573365938407,1.4515615080087167,1.5026176613844615,1.972015804719545,0.6617172127711549,-0.3270249964677742,-0.43434360976081277,-0.9329416791360692,-0.9730496380540995,2.0834210036225462,1.739883142420184,0.692350864969024,1.8208119255729858,0.5196979577648003,0.2862232837586394,0.3639674229303851,0.14648672515613195,-18.437746025703213
s998,-7.312793391868702,-0.9221797853726482,0.19959638498628057,-0.37308546981646074,0.20899822393192,-0.8041879815425003,-0.3049259636299718,-0.37207423892718383,-0.49088494896292645,-0.5582749381717423,-0.06544656127666788,0.8896509762202915,-0.37060793524228525,-0.4324161530479095,-0.19452228690614548,-0.5609384697647599,2.5386001477992926,-0.5931276049690055,-0.4327027368627905,-0.5746541250308533,-0.402668050488517,-0.35370725586820484,0.012983939178307115,0.4929624482869127,0.09232863942933314,0.30404992343758314,-0.3017654539458046,1.304329803679981,0.4824768110621754,0.4042918302765805,-1.1850871068124322,-0.7025004894029855,0.29561859893143155,0.19301346286193566,-0.23954593089352877,0.5134771336349478,-0.3372712446775557,-0.17432660616016066,-0.32506791771278615,-0.1869939214811592,-20.04154224207673
s999,-7.565725795767843,1.6271667517143222,0.7521821698007498,-0.7927416495194273,0.22656992790903122,0.955789246991197,-0.2964083135849952,-0.0009096930120995356,1.1054587646282301,-0.5582749381717423,-0.06544656127666788,-1.2421742124175847,0.6358099789224794,-0.4324161530479095,-0.505151136737191,-0.5609384697647599,-0.3806814310111108,0.10253186435239485,-0.4327027368627905,1.2550206703986304,4.376101822769394,-0.35370725586820484,0.7346749645535938,-0.029370640152913272,-0.043478092085908714,-0.25266097405703447,-0.4990379199575016,-0.9420415876772308,1.6964055534913942,2.3908273373450935,0.5080880896019476,1.0487147056371575,1.573683855817029,0.9411637295726701,-0.268200630451609,0.7745693936088487,0.33373640032869356,0.6613426726428928,0.1501064180100997,0.304137082125028,-19.189829674613243
s1000,74.35506088521876,1.5692819776049918,-1.3876870102419265,1.7737470878540291,-1.1785158469643924,1.379317459922336,1.0818601483555577,-0.6329275207980555,0.31248443117664,0.4139359138157843,-0.06544656127666788,-1.2421742124175847,1.2841729532933974,0.014148983599313065,0.9363832068081319,-0.5609384697647599,-0.5795449505715446,-0.5931276049690055,-0.4327027368627905,0.8774687284846101,-0.402668050488517,-0.35370725586820484,-1.172481548901791,-1.66873602716907,-1.3782460511855152,-1.4983031233841768,-0.6193232386156068,-0.961603984972392,0.7237387379969854,-0.3209291863391614,1.4616077214352068,1.5562942317575825,-1.5342713407877013,-1.601089348168038,-0.299634303091353,-1.6604399781354158,-0.6446397802902032,-0.4396233906869434,-0.5452837771778216,-0.30836534978289065,-23.86287011937712
s1001,29.261121049424457,0.5887322720093437,-0.2664898502493768,0.12622047784578966,-0.2224894326864731,-0.1452446085499152,-0.18160165580993148,-0.3206168736619584,-0.18220486585405257,-0.5582749381717423,-0.06544656127666788,0.29570395842332187,0.16383987257894353,-0.4324161530479095,0.09726664747656767,-0.11498769393303711,-0.5795449505715446,0.3489112597370574,-0.4327027368627905,1.058984085174043,-0.402668050488517,-0.35370725586820484,-0.17530965441878035,-0.30213331093399864,-0.29709293131423786,-0.3828616841813984,-0.5382237627789991,-0.8488714584151072,2.58984035982327,2.475853787333339,0.42172866380665136,0.0627712110575357,-0.579099899925689,-0.3312502791817116,-0.29890762873396787,-0.11909667772852227,-0.6097723110373364,-0.6622522804141726,-0.5693445005430976,-0.5891473691139612,-21.42986106465667
s1002,-47.05431828026211,-1.6318866277225637,1.4830920543144799,-1.5450798018188578,0.5001160494706179,-0.3266035446298855,-0.9903980311122745,0.694436960240024,0.692312524114734,-0.5582749381717423,-0.06544656127666788,1.0158241593306239,-0.9088194600200015,-0.4324161530479095,-1.477615965657506,-0.5609384697647599,0.05146429418752427,2.300994161630923,2.635025722683458,-0.5746541250308533,-0.402668050488517,-0.35370725586820484,1.9834066042467409,1.0027464671562438,2.8030089405598546,0.9123750458599897,0.7872314573419256,0.5759443626296743,-0.9265220917352855,-0.5989035696738386,-0.6915744647190952,-0.7191696196123915,0.28683303760089146,0.9642425698266094,0.9702559636971329,0.770344064652846,3.187263126533314,1.2572016598927933,2.23567382407962,0.67791143914131,-17.035654039839706
s1003,36.384864090182724,-0.1822183781544169,-1.7161965916468798,0.5148541928452706,-1.7722140246012557,1.0062547342457764,1.266972616260984,-0.7201743184671757,1.1551974199958601,2.9198775304341003,-0.06544656127666788,-1.2421742124175847,1.3407576823650758,0.3939380250469509,-0.3315164293273471,-0.5609384697647599,-0.5795449505715446,-0.5931276049690055,-0.4327027368627905,-0.5746541250308533,-0.402668050488517,-0.35370725586820484,-1.9215232388072332,-1.2243707802274257,-0.9194242613769681,-1.0393725079769385,-0.6914721822595586,-0.7524084684452619,0.00016218190533871064,-0.5599677225246426,1.2689882696274617,1.351860420986142,-1.8258449775639638,-1.75006374018428,-0.2861033140094339,-1.5864588748170128,-0.40645801635429896,0.2744187649676583,-0.29165517734112417,0.371214974908429,-22.728572672967882
s1004,-23.535963928502746,-0.9621848323810472,0.4877789381257424,-0.45420858963838584,0.6055885172328664,-1.5188094589958796,-0.6000120083479494,-0.30674020760616016,-0.9531905535422609,-0.5582749381717423,-0.06544656127666788,1.3884197653639416,-0.9088194600200015,-0.4324161530479095,-0.3912175745578692,0.8818434520437551,1.338228244284449,-0.5931276049690055,-0.4327027368627905,-0.5746541250308533,-0.402668050488517,-0.35370725586820484,0.5294051967651985,0.8406231803910937,0.13146235923578348,0.6776281015740072,1.473076678990234,0.15826135655366258,-1.2807058486423988,-0.9781659426678259,-0.6101254226355862,-0.6425091474910563,0.7792716118647066,0.38089328524906674,-0.28430267757505434,0.7306616494114339,-0.24521642425713094,-0.15143196218415095,-0.27640814012550763,-0.20331672895420386,-19.575499602743143
s1005,4.051708420798045,-0.8619881161711193,0.13384335201411834,0.5297251784588083,0.8506918768884675,-1.1699750536086846,-0.8908755860953544,0.16911348707975044,-1.5696588523561668,0.239643191127865,-0.06544656127666788,1.0540373744907525,-0.9088194600200015,-0.4324161530479095,1.0678210936961512,0.26511024712560755,-0.5795449505715446,0.15029086937057382,-0.4327027368627905,-0.5746541250308533,-0.402668050488517,-0.35370725586820484,0.3859332434357481,-0.8549561290743684,-0.8331375219749264,-0.4740058721232752,1.0430642691220766,0.08493504901699267,-0.7624715194428232,-0.8355062236791687,-0.6567439547783882,-0.691987038166585,-0.5266769477114971,-0.15521319226386354,-0.04504026863023499,-0.25813255632882454,-0.7367669196033632,-0.9961378488390393,-0.6267233841885276,-0.7135131941386575,-20.33955634118916
s1006,69.21026893962379,1.4180937363426953,1.1564912729779733,-0.9791809841475428,0.7131936739054477,-1.1470965237089596,-1.238234088727631,1.143235053456905,-0.17449865743785792,-0.5582749381717423,-0.06544656127666788,1.4450003951091501,-0.9088194600200015,-0.4324161530479095,-1.2054445792557025,-0.5609384697647599,-0.5795449505715446,-0.5931276049690055,-0.4327027368627905,3.3165983937128396,-0.402668050488517,0.690742019931137,0.930404216230255,0.6075300490062494,1.505135579644483,1.6122229969457667,1.825434169547243,0.3334542637514194,-1.3632515485966914,-0.8902782916007989,-0.7892410642338945,-0.8326108887070043,0.46662244230044486,1.246770525921887,-0.3015548956060335,1.1208289963455698,0.15395483422732162,-0.2902058247710603,-0.025018470816396042,-0.3094454242207424,-21.03463075725037
s1007,-1.342943204226309,-1.1629746302448138,0.9124758592848943,-1.2763299394767222,0.2269257921608368,-0.8085070371009019,-1.4230648470849931,2.633976316247598,0.10952345207575105,-0.5582749381717423,-0.06544656127666788,1.7991327119873033,-0.9088194600200015,-0.4324161530479095,-1.2330465531082502,-0.5609384697647599,-0.5795449505715446,3.2155882040289914,-0.1491385305622982,-0.5746541250308533,-0.402668050488517,-0.35370725586820484,1.1080766833416207,1.4497879127009208,1.27016232201596,1.26614082510402,1.324276931731866,0.4201925072840656,-1.3507415020948634,-1.109271500720542,-0.599236523083511,-0.6309523747474601,-0.021654530307507306,0.823708865045065,-0.2724371189404182,0.7333054111652226,0.9303396547114496,0.4137373604818755,0.5481334023418399,0.1278243276324687,-18.458153214715104
s1008,-16.652123396024358,0.41548373672846517,-1.3573342883976571,0.13070038882879206,-1.4731737193534586,0.8532129567951269,0.890363609822822,-0.6398353990712435,1.080231518654072,1.6091071211924504,-0.06544656127666788,-1.2421742124175847,1.4824957454539138,-0.4324161530479095,-0.4663480588490262,-0.5609384697647599,0.6964959666079058,-0.5931276049690055,-0.4327027368627905,-0.5746541250308533,0.3531896680267866,-0.35370725586820484,-1.3023260867134372,-1.5651817725862958,-0.4088548516657808,-0.6929993192298531,-0.6795576132639923,-0.6504200168285431,1.2474788339995426,-0.04504894867420796,1.2952484825571422,1.3797313101954123,-0.6951452158560206,-1.1877623128697965,-0.29906812697142005,-0.9564390953926911,-0.33470982427298923,0.21054677352898715,-0.20807538187259228,0.350112306586228,-21.0586058421429
s1009,21.378083036658328,1.1402792310007621,-1.1246071663614174,0.31626439490368957,-1.336033586658749,1.2808741547534308,0.724792584756557,-0.5335537518981122,1.1268962188549454,-0.5582749381717423,-0.06544656127666788,-1.2421742124175847,1.6280198615765036,-0.4324161530479095,-0.13555181985242112,-0.5609384697647599,0.44584507216194225,0.7353887426933908,-0.4327027368627905,0.08424661975178814,0.24152886870066215,-0.35370725586820484,-0.8125812614948532,-0.7655419898091063,-0.9115419909701404,-0.9198119633026965,-0.2243876936227137,-0.7280599886175886,0.4554345226285627,-0.36415340333937557,1.599572177166354,1.702720769531542,0.07665283462174736,-0.9899725519671188,-0.24911867113069908,-0.7550043479867528,-0.33899671234366396,0.3070294448304282,-0.333297691609361,0.09764877021103041,-22.256648188292985
s1010,4.195671497202325,-1.0207503607012456,-0.3254266639670573,0.6417759983717916,0.393893900301621,-0.6820500637445174,-0.49535406878169536,-0.1894475231663668,-1.1485957970991587,1.8308815172444133,-0.06544656127666788,0.5067762395875816,-0.431828395098343,-0.4324161530479095,0.9508311613409589,-0.3652419856896688,-0.5795449505715446,-0.5931276049690055,-0.4327027368627905,-0.5746541250308533,-0.402668050488517,-0.35370725586820484,-0.14656474215557583,-0.5830502384846906,-0.8382574734471844,-0.6596899197434738,-0.758594218995791,0.6514380497190225,1.0891424365186997,1.154485728810173,-0.9378975855836093,-0.6046976664900202,-0.6893668054630602,-0.5570535228536633,-0.301054799581058,-0.7126333503911088,-0.7204414470706568,-0.9254985781029627,-0.6269643630641517,-0.710165002130635,-20.290001376177937
s1011,-7.183357162680001,0.4843326904925592,-1.3835216844181495,-0.46259438486265625,-1.774918150775757,0.7489010804301246,2.0950057444975547,-0.8918431578593928,2.0309150928116813,-0.5582749381717423,-0.06544656127666788,-1.2421742124175847,0.820536654826542,3.2798696012179325,-1.446599706247486,3.1368785550230944,-0.5795449505715446,-0.5931276049690055,-0.4327027368627905,-0.5746541250308533,-0.402668050488517,-0.35370725586820484,-1.5496471138319228,-0.24629647233750965,0.7763410592557125,-0.05874807972919337,-0.28186606223618665,-0.47799629917007874,0.1313745644984157,1.2076027232421347,0.275887153423314,0.4241411043599708,-0.5694867937186671,-0.6400766553995595,0.2734476148439814,-0.7447725920376365,1.861411531028633,2.453436293343116,2.153588416113371,2.418231851214903,-21.501757582718344
s1012,-35.57918216645812,0.2790156521673591,2.2546476434798643,-1.2466049588563477,1.7364462754964245,-1.52001160721478,-0.7671858297006463,-0.12810869344054765,-0.3416899594718844,-0.5582749381717423,-0.06544656127666788,0.7492761832897904,-0.9088194600200015,-0.4324161530479095,-1.499668231506693,1.9558546214497208,0.6448013452296337,-0.5931276049690055,-0.4327027368627905,-0.5746541250308533,-0.402668050488517,3.3393757477860917,1.7498719630096258,2.559588839449532,3.2600242002781834,3.392134128324725,0.8739674727033286,0.5523153075534267,-0.4923994699824736,-0.5189863042212342,-0.7964026059352843,-0.8402116852375385,1.4629267847572704,2.021655876290272,0.018600375115829345,1.639680791083446,2.295321831712882,0.4517022200698751,1.887904649414619,0.3105617877338814,-17.89395613621291
s1013,-15.546648039452123,2.1692879878294646,0.8230960925625473,-0.6561440263071667,0.43032103327991716,0.3362604290385623,-0.31562287730434746,-0.11705117756395803,0.6655342933419967,-0.3105300878583186,-0.06544656127666788,-0.7270113687403872,0.58544883033405,-0.4324161530479095,-0.5477596129973997,-0.5609384697647599,-0.5795449505715446,0.26861272864984626,-0.4327027368627905,1.3680507735911858,-0.402668050488517,2.9984103522715753,0.5690953145836531,-0.1711846048450956,1.0428605145348449,0.2682702775760902,-0.5758014583937581,-1.0704882218201621,1.3617173383401273,1.87364606825424,0.851751288709723,0.3565518114419563,1.6665466042506236,0.732087798067634,-0.21240346754492723,0.8362635461567671,-0.29852665253857946,-0.3740012885157068,-0.34388732838230307,-0.37467322077603343,-19.074819798363954
s1014,-52.56583981384289,1.3856404679509369,2.7798574689848854,-1.1253622609210956,2.178605881401333,-1.3331851381708448,-0.8515666889082363,0.04884776562028242,-0.3366284342105402,-0.5582749381717423,-0.06544656127666788,0.2944482914130413,-0.9088194600200015,-0.4324161530479095,-1.2420721985437297,1.7051700922062227,-0.5795449505715446,-0.5931276049690055,-0.4327027368627905,0.5191731983237295,-0.402668050488517,5.119717821248727,2.218677897347869,2.2684213379666307,2.6171712874137394,2.519981997576031,2.0832934062391133,0.8669555938115059,-0.9136411225004891,-0.6347223692602832,-1.0765589522439682,-1.088615539299617,1.9655961963880741,2.5646556311170765,3.2322363800702987,2.009603380045359,1.0756864963681447,0.07141071292549131,0.47558567906862104,-0.1677961109562898,-17.013628020166184
s1015,-59.084023963669736,1.9948118911705024,0.9923140050824144,0.22541591324333177,1.33770544419826,0.5112055358708174,0.040361200768842614,-0.338104567636498,-0.49556245748606775,-0.5582749381717423,-0.06544656127666788,-1.2421742124175847,0.35419913442044637,-0.4324161530479095,1.120151304553138,-0.38821105659050104,0.832572764616982,-0.5931276049690055,-0.4327027368627905,-0.5746541250308533,-0.402668050488517,4.292988729950347,0.8062692762466785,-0.0739284889531732,-0.4219538242039683,0.009263158406943979,-0.32299875120710636,-0.23337790982915427,1.9582328993519964,2.196078548470943,-0.13051060259895597,1.0194183120177116,1.1393413247432982,1.0942250286094062,-0.23762100680561343,1.220474882458273,-0.6443345378529555,-0.737583421766724,-0.5836153359158346,-0.6138482967308613,-17.71043360260808
s1016,57.8193984355885,2.2596694499166925,-0.7572227102806999,1.0876432077213665,-0.6343182688787559,1.3638459090340052,0.07430551112474319,-0.2108477419305751,0.23008726827200485,-0.5582749381717423,-0.06544656127666788,-1.2421742124175847,1.0240104992916215,-0.4324161530479095,0.939154855228715,-0.5609384697647599,-0.5795449505715446,0.01419415396237576,-0.4327027368627905,0.931404720186613,1.4378945757662804,-0.35370725586820484,-0.8287280330407661,-0.8799010412212978,-0.8821218418560526,-1.0288981693705923,-0.4642567993765974,-0.7885876392840891,1.4156348512045283,1.0572459217482293,1.3434340795597899,1.47687927312967,-0.8487315016966875,-0.7753869180452975,-0.25928445350336754,-0.5877678745478365,-0.710930474814204,-0.8625570502803249,-0.6258001947323263,-0.6992002274331642,-23.251771942378305
s1017,21.434541376199306,-0.9704733694309963,-0.21467363380089316,-0.21570476371005196,0.018692667689449084,-0.7061829702894776,-0.5254657530858359,-0.16659555879984456,-0.4566337598381266,1.8745560089818785,-0.06544656127666788,0.6548946479482087,-0.3048766699121595,-0.4324161530479095,-0.1226557732320062,-0.5609384697647599,0.13320640804256945,-0.5931276049690055,-0.4327027368627905,-0.3702557897255962,-0.402668050488517,-0.35370725586820484,-0.26868965109847387,0.7852068265603509,-0.1962801690284103,0.07724302817494924,-0.9475258920872636,0.6721552666182551,0.36091642789258266,0.4810982684850637,-1.086490482974962,-0.5797253553526732,-0.07838856430809961,-0.2842704843742039,-0.27313960684554145,0.048913886201475396,-0.5102476731973329,-0.4614147893456634,-0.4442192222212035,-0.34668080309006827,-20.611310532041202
s1018,-75.7034324899764,1.1721153000546094,2.0417756736314607,-0.24639282735099596,2.2109982990975814,-0.5214778069689934,-1.641725725425072,8.267777978744935,-1.1235411553791066,-0.5582749381717423,-0.06544656127666788,0.15202741364766914,-0.9088194600200015,-0.4324161530479095,0.9709077793833003,-0.5609384697647599,-0.5795449505715446,1.0776702471129604,-0.4327027368627905,-0.5746541250308533,-0.402668050488517,4.347454713695864,1.873544440358233,1.0100194154854936,0.16143827264752544,0.7820292280234837,-1.4650678827556776,0.27492399050222277,-1.0087392223022116,-0.6797248964407556,-1.0810689278655947,-1.0543093542537574,1.9907267021582535,1.9264357978411735,-0.3016499824339299,1.8557913501633128,-0.5995753532306247,-0.7081702716833935,-0.5624340101803637,-0.6038824866145069,-16.376851781451712
s1019,27.58581789486835,0.2547996399621856,-1.3317735929115828,1.105295601406051,-1.3812868568860035,1.4639792332371755,1.246340781662591,-0.6667273661472259,0.8420511187312215,-0.5582749381717423,-0.06544656127666788,-1.2421742124175847,1.1840796540825556,1.03458063068912,0.47790113832184056,-0.5609384697647599,1.8331374558601894,-0.5931276049690055,-0.4327027368627905,-0.5746541250308533,-0.402668050488517,-0.35370725586820484,-1.3254475164142314,-1.3380406337003985,-1.2240924265483313,-1.3562199736369107,-0.00325242484598501,-0.7539838900152623,0.5713114176031363,0.1654658686029858,1.4276020864754253,1.520202853253041,-1.2965182434294114,-1.4313249147114078,-0.028375344939573784,-1.3184853762010513,-0.34480308814090505,0.8395411292048482,-0.20096417477249923,0.9583515758901116,-22.29355013298489
s1020,-74.41420714566351,-1.6369351986949623,1.4816282105887346,-1.4732121703707373,0.532642234025044,-0.24499534997923356,-1.066058516888273,0.9441683014570774,0.6324853583996927,-0.5582749381717423,-0.06544656127666788,1.0150524579048723,-0.9088194600200015,-0.4324161530479095,-1.2946436050512515,-0.5609384697647599,-0.5795449505715446,2.8124808651996145,2.5682786208374657,-0.5746541250308533,-0.402668050488517,-0.35370725586820484,1.9565709475759976,0.28686211497701913,3.0101484492393826,0.24367629501606936,-1.2297520155755681,0.6213400794566263,-0.602190305463796,-0.630233573596878,-1.0829996119918905,-1.068257502688756,0.22221237198764807,0.8164618717285823,0.41813940822834056,0.8472202145728837,2.516442284132523,1.3412090639570433,1.7441316908875413,0.7279493285715558,-16.26620443538163
s1021,15.029899634562675,0.5666145689489748,-1.430157793703505,1.849511151302765,-1.2613077969018334,1.1504911090864605,1.8714220406923578,-0.8237639403720913,0.17987049747540185,-0.5582749381717423,-0.06544656127666788,-1.2421742124175847,1.4510310716976778,-0.4324161530479095,0.8739525121860846,0.5318616987337688,-0.10576738231184767,0.27501179053315455,-0.4327027368627905,-0.5746541250308533,-0.402668050488517,-0.35370725586820484,-1.7165539952313842,-1.565966192767981,-1.168060165072068,-1.5289145008142437,-0.34380074803188504,-0.9281887950143861,0.5728825532587124,-0.29930176786817836,1.4760675638518967,1.571640971978549,-1.9173551201812111,-1.653691015871644,-0.30028748701883745,-1.7282601016801227,-0.6731570549900651,-0.598379423432411,-0.6038242411361083,-0.5817104180286011,-22.25684084822025
s1022,-72.54550990591036,0.4219076326475875,1.560856644698708,-0.9495097051148372,1.1747233023329868,-0.8862425652052174,-1.4930920767126648,3.4367882382999566,-0.3065088955566187,0.5726186045999553,-0.06544656127666788,0.9122328522324573,-0.9088194600200015,-0.4324161530479095,-0.6709339419214538,-0.5609384697647599,-0.5795449505715446,1.1171463138607463,-0.4327027368627905,-0.18909047082157512,-0.402668050488517,2.5070233036607403,1.1592313979326034,1.6467377938766,0.38510911456872277,1.2718085436725854,0.8337622068289665,0.6491349701715856,-1.2269623624989057,-0.6481465832530777,-0.8857157652771547,-0.8260609843813446,1.456356803695932,1.9402690204387125,-0.29927900787512346,1.6751782236992543,0.016309572680958676,-0.1317569381145258,-0.19312948576847191,-0.29675671304116025,-16.19907626993357
s1023,53.09429650187013,-0.044197894715645704,0.4133956282660101,-0.07985091555327342,0.6509380771210443,-1.2130743073277834,-1.004435818890853,0.37554726751970546,-1.073527857696323,-0.5582749381717423,-0.06544656127666788,1.318594362169419,-0.9088194600200015,-0.4324161530479095,0.207012268466342,-0.33171143545873416,0.6981996260433923,-0.5931276049690055,-0.4327027368627905,0.8360764415386085,-0.402668050488517,-0.35370725586820484,0.3480864531192611,0.4635022424775893,0.05445976726678462,0.05894214310935225,0.826202766655249,0.07141983102036888,-1.3441414518710957,-1.0570974047026163,-0.6725980529227027,-0.7088135511151402,-0.0208832671487004,0.23971026542136453,-0.28664080856303936,0.4681328721759222,-0.6778158176885574,-0.8785992059442258,-0.6085836284497902,-0.6902820810582982,-21.64326276096592
s1024,-31.856204064397534,-0.12232684551995718,1.558055670341948,-0.9106941238372167,1.176960328454413,-0.6229674444475325,-0.8721741004512666,0.326128889877137,-0.2564040744110958,-0.5582749381717423,-0.06544656127666788,0.4755344553084194,-0.9088194600200015,-0.4324161530479095,-0.42962049442929817,-0.5609384697647599,2.123033403919816,-0.5931276049690055,-0.4327027368627905,-0.5746541250308533,3.5524014068590017,-0.35370725586820484,1.1123172571812379,0.878106167427677,0.34583846132955753,0.4886675495608931,1.3051634813481274,0.6778835030793318,-0.8459222194343938,-0.6818978388056198,-0.9332934379697526,-0.9380255840124413,0.6856236707366268,1.2267798540662576,-0.08551792780182833,1.2380441148536312,0.23895897640253086,0.33113971749712523,0.13705898491142943,0.1687191135460238,-18.144829925417856
s1025,-11.81996437464611,-1.1214731512412783,-0.36671428036523834,0.33505365870298487,0.1857599846224517,-0.633274018149365,-0.4899688533834261,-0.18250849683884,-0.8508570432014935,2.352343942417719,-0.06544656127666788,0.5018113421442678,-0.3492672720869436,-0.4324161530479095,0.5558530228790927,-0.5609384697647599,-0.5795449505715446,-0.5931276049690055,-0.4327027368627905,-0.5746541250308533,-0.402668050488517,-0.35370725586820484,-0.07906306848500072,-0.39902269279043895,-0.41404847518525034,-0.45413232336628806,-0.9258971835990781,0.5765323769392046,1.6571428922924127,0.9780763526369517,-0.9612089858171919,-0.616200081497222,-0.5750947144602072,-0.5064809692881816,-0.11408998756182026,-0.5747174314447113,-0.6973155630742921,-0.8640781446579002,-0.6113872050392559,-0.6708024720196537,-19.662764606750464
s1026,-40.94094345622635,-0.7498058346793957,1.0356809815724306,-0.26892714676663226,1.0863181351896134,-0.219948282727143,-0.7273745525047133,0.21311057916670123,-0.6220861756860672,-0.5582749381717423,-0.06544656127666788,0.19994282695509627,-0.9088194600200015,-0.4324161530479095,0.5636694323560225,-0.5609384697647599,1.0394919274286978,-0.5931276049690055,2.7254728824312884,-0.1963379079307721,-0.402668050488517,0.2555548216814113,1.100751189374029,0.4919529143978038,-0.2197918207233807,0.061862414574852635,1.2987756834697644,0.6270128864327016,-1.0233856909721009,-0.6116450122934188,-1.0025517992891946,-0.9927966428947095,0.4153084286190342,0.9662609410814328,-0.13385793953984104,0.9710607972813347,-0.5234862820153625,-0.503092959869643,-0.5343723409217385,-0.5380035581761338,-17.87958226759213
s1027,38.72872927567849,0.4461908089414428,-1.515648577771076,1.659959132553432,-1.3667627599608152,1.472888617294122,0.8836870861469671,-0.5631466349839795,0.5523458885125005,1.4308684649947372,-0.06544656127666788,-1.2421742124175847,0.9790609653541419,1.0412487978879248,0.80881808825079,-0.5609384697647599,-0.5795449505715446,-0.5931276049690055,-0.4327027368627905,-0.14337363753676075,-0.402668050488517,-0.35370725586820484,-1.8522437231435227,-1.3927188738057534,-1.3195810430905075,-1.5001950894262026,-0.7656694114920644,-0.7798319790930192,0.4956545559801964,-0.09135987551156824,1.4305629526715162,1.5233453248672544,-1.479146512372606,-1.6758235082030999,-0.30131877001082247,-1.767107347551617,-0.6048419806147712,-0.20822337528981866,-0.5356630156794504,-0.25696657560062675,-22.285482801068298
s1028,-4.669078845004788,-1.0682886672509868,0.554696911751687,-0.8454911165681469,0.33439456054281147,-1.173097137021546,-1.1618172038772114,0.8297473404807001,-0.4647023954145465,0.020270208174933368,-0.06544656127666788,1.589637935459633,-0.9088194600200015,-0.4324161530479095,-0.760058733241041,-0.5609384697647599,1.3815835082083483,0.45226230794566713,-0.4327027368627905,-0.5746541250308533,-0.402668050488517,-0.35370725586820484,0.958892294916012,1.3636465738917005,0.23664499364419733,1.0563323068134907,1.0304314912982393,0.22058399131273615,-1.155741320571357,-0.9454305608610734,-0.53212093921175,-0.5597202408986468,-0.09607001085082932,0.5405702864348967,-0.2911117998857913,0.7081541204656162,-0.04911178522003478,-0.07279405957058822,-0.17830124936944178,-0.20521346251790956,-19.39576101741603
s1029,-1.3480656531354052,-0.8327850595761795,0.16680610414416286,0.6222691675690386,1.1071806253164564,-1.5949250097891414,-0.06375786680500312,-0.6645821056985609,-1.7914127002126823,-0.5582749381717423,8.144126165792324,0.8586377065563628,-0.9088194600200015,-0.4324161530479095,0.9848870541683377,1.9445376632683067,-0.5795449505715446,-0.5931276049690055,-0.4327027368627905,-0.5746541250308533,-0.402668050488517,-0.35370725586820484,-0.026075490614966296,-0.8198440999320539,-0.6038337151818259,-0.6106374475741788,1.480743842043658,0.1990064448213183,-1.1951622227355023,-0.93887119086381,-0.731162339836344,-0.7709698922141565,-0.5635372796825394,-0.2006876174291357,-0.2892913870785071,-0.45974095522510877,-0.6635265442025126,-0.7487580290616213,-0.5793781227423982,-0.5786388311512827,-20.721772979104145
s1030,29.285511997081084,-0.7674432267785473,0.10582652400447927,0.7783393834832999,0.8718068739651683,-0.8899454047846237,-1.260207296747981,1.3955879157760687,-1.6724938154299356,-0.020759409533612397,-0.06544656127666788,1.0281835031074464,-0.9088194600200015,-0.4324161530479095,1.5044622986656235,-0.3683157524552461,-0.5795449505715446,0.6588773300007922,-0.4327027368627905,-0.5746541250308533,-0.402668050488517,-0.35370725586820484,0.3223351940419497,-0.2135250181408559,-0.9019670911016326,-0.6175704588556383,-1.2435383737725862,0.09415259903323575,-1.0875387655178037,-0.8627868844071288,-0.7009165505820915,-0.7388689704276679,-0.713550073972446,-0.2255571558105752,-0.2856231832631909,-0.43315568337366056,-0.7467624532018706,-1.0246574940595443,-0.6355690329381424,-0.7372356523911181,-21.16639743005703
s1031,-13.249406411725609,0.44451203374393655,0.7937519565695775,-0.4699650923497249,0.663328950640878,-0.6576029533411327,-0.8651301531364197,0.3012621386690299,-0.41465460658443665,-0.5582749381717423,-0.06544656127666788,0.8953275865023096,-0.9088194600200015,-0.4324161530479095,-0.20076254797003162,-0.5609384697647599,-0.5795449505715446,-0.5931276049690055,1.4478063925744247,2.383373909908054,-0.402668050488517,-0.35370725586820484,1.1489477114278035,0.15489367194538708,-0.19366861405236982,0.15075910012727592,-1.3870835685683156,0.698194268525575,-0.9366437604659493,-0.5864276926017667,-0.764417096461559,-0.7847864605465014,0.4669442362413289,0.7486196459836479,-0.21358218770343637,0.8581557435865965,-0.24220904879477345,-0.11721642009999661,-0.2267967767046174,-0.10848592090540929,-18.71817432191781
s1032,-37.4857132158035,-1.8959008503924848,0.03139908471007529,-1.3211584894827897,-0.37816234384173836,0.7010690012146379,0.16471770289047322,-0.37543531365439287,1.5341569735562237,2.490220698865008,-0.06544656127666788,-1.2421742124175847,0.5920816444441164,-0.4324161530479095,-1.2596702960867132,-0.04407981195213095,-0.5795449505715446,-0.5931276049690055,3.7586514669925704,-0.5746541250308533,-0.402668050488517,-0.35370725586820484,-0.07622966252682603,0.6693369829218095,1.1644883577174487,1.0251357604845726,-0.8303169997822237,-1.1406576486884363,0.3346556991751049,1.0746794054051232,0.1340139945402208,0.4342517705634935,0.07106058529989621,0.3312572240048816,0.1612756271551663,0.4229326394146613,2.1275004935967394,1.9723396327260503,2.3221057850046174,1.8829904836359175,-17.930766620353626
s1033,13.851459296601885,-0.2817332029161087,-1.3179578081441514,-0.8622111250020337,-1.7433106038817003,1.2852884549906454,0.9055908038367186,-0.5925648053640745,2.0338462441781084,0.590965352535901,-0.06544656127666788,-1.2421742124175847,2.04979911705888,-0.4324161530479095,-1.177153843462338,-0.5609384697647599,-0.5795449505715446,2.2027053057832022,-0.4327027368627905,-0.5746541250308533,-0.402668050488517,-0.35370725586820484,-1.4009086894669343,-0.5278093083367518,0.0499694807542933,-0.12167795456408831,-0.14621350581141,-0.9593911098110119,0.13937574273420741,-0.7325937591035153,1.5888992030417743,1.691393166051855,-0.46995667146964465,-0.6396479004408967,-0.18386339731733684,-0.5475647735781766,1.6151643841406815,3.1281351186454343,2.3239174806603913,3.671501337296122,-21.907265562413656
s1034,-60.31158472489622,-0.33160558786742933,1.7087974422975574,-1.4107108424726893,0.7424478930290972,-0.40511082448230545,-1.3372941588437584,2.1802690595399947,0.4556848744897098,-0.5582749381717423,-0.06544656127666788,0.9776656807566744,-0.9088194600200015,-0.4324161530479095,-1.2619557633000877,-0.5609384697647599,-0.5795449505715446,2.7735473630201732,-0.4327027368627905,-0.5746541250308533,3.05438870839006,-0.35370725586820484,1.5697500525190986,0.8595960834699123,0.900359874888027,0.6607998690691137,1.4261174022773027,0.9627048558002798,-1.044837900919755,-0.7069795457294302,-0.8771479586484808,-0.8898494495870787,0.5763908393106576,1.3067721320336547,14.400162193448272,1.129884883539726,1.2428271711030143,0.38961568432201177,0.834491820047637,0.15459251544459254,-16.559423630425453
s1035,-20.49175457779994,-1.0055751680974003,-0.07261563665824092,-0.9514380171403655,-0.40317477318470796,-0.2621802593032599,0.2164971540732254,-0.5566011878873748,0.5862594359941735,-0.5582749381717423,-0.06544656127666788,0.2528081574691843,0.47932791157863336,-0.4324161530479095,-1.0865125448616368,-0.5609384697647599,3.173516570544486,-0.5931276049690055,-0.4327027368627905,-0.5746541250308533,-0.402668050488517,-0.35370725586820484,-0.2513096490252373,1.3091847860295172,0.9674375996396477,1.2067888058061929,-0.35983864251350933,0.4357904271603174,0.06197405093788583,0.9930567218246956,-0.6616652822790399,-0.4611945906055619,0.5529512441289236,0.25023121227861456,-0.21266946642796203,0.6748625736212159,1.0266913377939035,1.2130071851713784,1.0159439925633775,1.0349685713656873,-19.209900655855954
s1036,-85.08050502738341,0.7165095857514794,1.3990644273704238,-0.4197097288364865,1.766362286084694,-0.9514744657223302,-1.397089401377045,2.2709052303982595,-0.9442293703528875,2.0200815131266845,-0.06544656127666788,0.3027262331760198,-0.9088194600200015,-0.4324161530479095,0.2832423581083712,-0.5609384697647599,-0.5795449505715446,-0.5931276049690055,-0.4327027368627905,-0.5746541250308533,-0.402668050488517,3.3728066842126667,1.2258224927763572,0.38102049417422756,0.02596643835401085,0.7805147927401792,0.6457713479934429,0.3676354281915728,-0.7366718766915622,-0.5795202784780203,-1.0682716257811398,-0.9539287720429691,1.4070501353343168,1.664749844916924,-0.24785872126311487,1.7376017238093047,-0.5218178546026793,-0.5940676145776249,-0.5137403115212223,-0.5386910473690398,-16.24542641970273
s1037,-9.915872449520807,-1.0935508297196035,0.7395108784785317,-0.4863554980914798,0.5063614123837538,-0.3162149703643794,-1.1280082297496083,1.1242169384994714,-0.3877337156882418,-0.5582749381717423,-0.06544656127666788,0.9098770216532884,-0.9088194600200015,-0.4324161530479095,0.10712388097235157,-0.5609384697647599,-0.5795449505715446,1.978194358248536,1.5774015965092476,-0.5746541250308533,-0.402668050488517,-0.35370725586820484,0.5653742319902251,0.2052081018746118,-0.27931592861035404,0.0854271248094091,-1.203813821323308,0.7994178391636559,-1.16981452558468,-0.8473257295106181,-0.8229688306297215,-0.8684073555144681,0.09824001376096367,0.6659416645922371,-0.24827470655747752,0.7037092971023047,-0.38579194907450887,-0.26803674512094877,-0.4337041410679451,-0.37827607312638273,-18.654132588655763
s1038,46.76368878243225,0.48814092822135335,-1.3864966148269524,2.0442260033521653,-1.1298209187404455,1.0624026715223314,1.9467697757559168,-0.8435221414604857,0.1163855343920883,-0.5582749381717423,-0.06544656127666788,-1.2421742124175847,0.888021046364018,1.1384957235841984,1.0011370740961227,1.6178819451491144,-0.5795449505715446,-0.5931276049690055,-0.4327027368627905,-0.5746541250308533,-0.402668050488517,-0.35370725586820484,-1.186699891800611,-1.4471686123894378,-1.2739803145893258,-1.5316702954757861,-0.09238023165364527,-0.7123924170933168,1.018251820419559,0.6522282428051664,1.0834276220949057,1.1913955364550513,-1.6940952381772305,-1.6492106848045407,-0.12493632680869696,-1.8349298285948377,-0.6679442888301818,-0.5582273151502025,-0.5633572800817946,-0.3853012735004917,-23.039178599540918
s1039,49.6938207723053,-0.23040972002491997,-1.6593224406082616,1.1113094495065146,-1.5439879669031318,0.9460534165115513,1.5236972390775156,-0.7805938021738282,0.6265463322819389,2.6500208733870956,-0.06544656127666788,-1.2421742124175847,1.4510310716976778,-0.4324161530479095,0.18457357272493854,-0.5609384697647599,-0.5795449505715446,-0.5931276049690055,-0.4327027368627905,-0.5746541250308533,-0.402668050488517,-0.35370725586820484,-2.037481846039692,-0.9006074754100029,-1.2830442827311797,-1.2783622120180198,-0.6321550915986526,-1.1022811270286008,0.6115385689438988,-0.46654608524921953,1.5530876048247795,1.6533850551128662,-1.6647654912699232,-1.7718915446504544,-0.2155820465299223,-1.6914860278992727,-0.646983279102172,-0.5416057619181956,-0.5748788373411238,-0.4906758794320725,-22.688662405249396
s1040,1.255887192575533,0.8605992024957028,-0.3038202972397329,-0.38087595165504634,-0.6466977016011032,1.2080262235090944,0.05477733509912625,-0.22524254734722776,1.279877831514976,-0.5582749381717423,-0.06544656127666788,-1.2421742124175847,1.0638680938377458,-0.4324161530479095,-0.41566153835761094,-0.5609384697647599,-0.5795449505715446,-0.15720817839228168,2.2177733763248186,1.9523799813798457,-0.402668050488517,-0.35370725586820484,-0.4547090949779851,-0.12900905368950816,-0.15147103051906427,-0.33527413758486446,-0.5658142773644765,-0.32394495484406316,0.9265763355620759,1.7046362071017642,0.8284966424138362,1.0412650645558283,0.39549627744919164,0.17843574344966867,0.49801198199018465,0.1417391024240055,0.07263761870067556,0.7361333128607713,-0.06922141328762113,0.2940139266379564,-20.026509999282066
s1041,96.550845672446,0.1363096005119318,-1.077856217644287,1.8624858193652205,-0.7559626403563869,1.4349696992843735,0.483440929565154,-0.4176629539351592,-0.19452332920335005,-0.5582749381717423,-0.06544656127666788,-1.2421742124175847,0.9401355957587987,-0.4324161530479095,1.496427629936284,-0.5609384697647599,1.1118200353805987,-0.5931276049690055,0.923484493785698,-0.5746541250308533,-0.402668050488517,-0.35370725586820484,-0.8550230339442982,-1.4688388912988626,-1.1674195136399481,-1.429745389092147,-0.4463950374637259,-0.9165888490074143,1.3111594769722608,0.7479033549264704,1.2814903940333937,1.4205633132480695,-0.9229442007462481,-1.2457039167982493,-0.2975159621318088,-1.4889079958576843,-0.7334856790250863,-0.9243237312251467,-0.630084160639348,-0.7013486629396657,-24.392404474332906
