# c0 + a0 * (Ge * S) + a1 * (SBI / RBI) + a2 * (face-area-count + face-area-max)
# Property Label: $E$; Unit of the Property: Unitless
# RMSE: 0.663245616610304; Max AE: 2.43444262898633
# Coefficients
# Task   a0                      a1                      a2                      c0
# all ,  8.066115810079726e+00, -3.217809301442322e+00, -8.373963722401727e-02,  2.810241515129949e+00, 
# Feature Rung, Units, and Expressions
# 0;  1; Unitless;                                         18|10|mult; (Ge * S); $\left(Ge S\right)$; (Ge .* S); (newdata$Ge * newdata$S); Ge,S
# 1;  1; Unitless;                                         5|6|div; (SBI / RBI); $\left(\frac{ SBI }{ RBI } \right)$; (SBI ./ RBI); (newdata$SBI / newdata$RBI); SBI,RBI
# 2;  1; Unitless;                                         34|31|add; (face-area-count + face-area-max); $\left(face-area-count + face-area-max\right)$; (face_sub_area_sub_count + face_sub_area_sub_max); (newdata$face_sub_area_sub_count + newdata$face_sub_area_sub_max); face-area-count,face-area-max
# Number of Samples Per Task
# Task, n_samples               
# all , 1041                  

# Sample ID , Property Value        ,  Property Value (EST) ,  Feature 0 Value      ,  Feature 1 Value      ,  Feature 2 Value      
s1          ,  6.774572406644881e-01,  2.922465157016405e-01,  0.000000000000000e+00,  1.564883258840960e-01,  2.405605607583844e+01
s2          ,  1.967875961713064e+00,  2.149285252792996e-01,  0.000000000000000e+00,  6.144104922158480e-02,  2.863169091312237e+01
s3          , -1.271285198486554e+00, -7.784732059759634e-01,  0.000000000000000e+00,  6.078048417183867e-02,  4.052005509307869e+01
s4          , -1.922048452937919e-01, -6.707342636478906e-01,  0.000000000000000e+00,  2.282930473001996e-02,  4.069178638255212e+01
s5          ,  2.455067115358116e-01, -3.503963477613397e-01,  0.000000000000000e+00,  4.175591120953398e-02,  3.613910214723367e+01
s6          ,  1.771859120156342e-01,  3.836470986353893e-01,  0.000000000000000e+00,  1.552696566258131e-01,  2.301139979884690e+01
s7          , -1.787554844087500e-01,  4.044715397553444e-02,  0.000000000000000e+00,  2.485611752559967e-01,  2.352496338344810e+01
s8          ,  1.258527874893824e+00,  1.071933181631022e+00,  1.822916666666667e-01,  1.459186697390555e-02,  3.775679340850850e+01
s9          ,  1.207996528852184e+00,  1.152479023821052e+00,  0.000000000000000e+00,  9.058453379737527e-02,  1.631579477988264e+01
s10         , -3.778119871449525e-01,  5.943514116216417e-01,  5.078125000000000e-02,  1.840420022469098e-02,  3.064589751511690e+01
s11         ,  2.051916464504998e-01, -8.662971958052688e-01,  0.000000000000000e+00,  1.436394038059001e-01,  3.838486298568611e+01
s12         , -9.030892502610828e-01, -9.036381343417159e-01,  0.000000000000000e+00,  1.498331701538028e-01,  3.859277622902426e+01
s13         , -1.915336013610816e+00, -4.974801790877579e-01,  0.000000000000000e+00,  1.623118402970565e-02,  3.887636664300946e+01
s14         , -4.972857440368104e-01, -6.607280439031626e-02,  9.989258861439311e-02,  1.968949979583515e-02,  4.321373452560111e+01
s15         ,  9.892906044607525e-01,  5.117982229005267e-01,  3.961632479540865e-02,  1.557876064322299e-01,  2.527713777060368e+01
s16         ,  7.196956197004112e-01,  7.807950741963914e-01,  0.000000000000000e+00,  1.526146764854170e-01,  1.837076880673370e+01
s17         , -8.233048349290432e-01, -9.766382877497173e-01,  0.000000000000000e+00,  1.802457811196824e-01,  3.829588183273444e+01
s18         ,  6.436893120625885e-01, -4.518055480677798e-01,  0.000000000000000e+00,  1.277545828012626e-01,  3.404549234827905e+01
s19         ,  6.782210382119217e-01,  1.186679160703138e+00,  0.000000000000000e+00,  1.458329922364571e-01,  1.378438734411080e+01
s20         ,  1.358387811126361e-01, -8.665795088705299e-01,  0.000000000000000e+00,  1.932018865015732e-02,  4.316536900663415e+01
s21         ,  1.192439177417436e+00,  4.689327318326071e-01,  0.000000000000000e+00,  2.466234440762989e-01,  1.848254449508156e+01
s22         , -1.675888320916539e+00, -1.424336379639172e+00,  0.000000000000000e+00,  1.168523417218950e-02,  5.011936018223623e+01
s23         ,  1.682267394333138e+00,  1.211175780772126e+00,  0.000000000000000e+00,  8.449597681069053e-02,  1.584881232159534e+01
s24         , -5.344901610254714e-02, -1.060867507600771e-01,  0.000000000000000e+00,  6.309264325936483e-02,  3.240171872609044e+01
s25         ,  7.630444568978921e-01,  1.408452070811488e+00,  0.000000000000000e+00,  3.125912742285646e-01,  4.728111413916208e+00
s26         , -7.690353008448224e-01, -1.597249006586738e+00,  0.000000000000000e+00,  2.854967680698260e-02,  5.153620494663724e+01
s27         ,  1.318355805735755e-01,  8.535645137079184e-02,  0.000000000000000e+00,  2.744611801605310e-02,  3.148531301688547e+01
s28         , -1.557515501210242e+00, -8.313258036501163e-01,  0.000000000000000e+00,  3.557993652964780e-02,  4.211957425412204e+01
s29         ,  1.315402392066626e+00,  1.737719162967971e+00,  0.000000000000000e+00,  1.933267254901162e-01,  5.378979794926888e+00
s30         , -1.602536800620832e+00, -4.932002217490066e-01,  0.000000000000000e+00,  2.372887825461163e-02,  3.853714726618038e+01
s31         , -6.577868421803237e-01, -2.169566712365132e-01,  0.000000000000000e+00,  1.103018948408573e-01,  3.191162287976104e+01
s32         ,  1.122204297021453e+00,  1.059453295258592e-01,  0.000000000000000e+00,  1.507769404095947e-01,  2.650029087628549e+01
s33         ,  1.732999170998263e+00,  1.212912431657163e+00,  0.000000000000000e+00,  1.611718985579538e-01,  1.288169718572056e+01
s34         ,  1.815120104294483e+00,  1.003046326906465e+00,  1.962809917355372e-02,  5.663153876471738e-02,  2.129562864389311e+01
s35         ,  5.934117724273273e-01,  1.041928453674859e+00,  0.000000000000000e+00,  2.012158756547847e-01,  1.338480536017650e+01
s36         ,  9.702627198604922e-01, -1.728737308118475e-01,  0.000000000000000e+00,  9.713358196578610e-02,  3.189120458291096e+01
s37         ,  1.142962175227537e+00,  6.534616609544663e-02,  0.000000000000000e+00,  7.352795709525552e-02,  2.995351410547950e+01
s38         ,  2.376281988155590e-01,  1.224613474019216e+00,  0.000000000000000e+00,  1.523209031312679e-01,  1.308207747879577e+01
s39         , -9.901628269429661e-01, -4.576875401304086e-01,  0.000000000000000e+00,  4.354737823824014e-01,  2.229120557069506e+01
s40         , -6.175077579414835e-01,  3.038032540995963e-01,  7.384563150746943e-03,  9.673480092968441e-02,  2.692546725960426e+01
s41         , -6.558266813617913e-01, -4.541148120692546e-01,  0.000000000000000e+00,  8.839085479997742e-02,  3.558567377703815e+01
s42         , -1.132806252875512e-01, -5.210736601356336e-01,  0.000000000000000e+00,  1.504789489447888e-02,  3.920358420379495e+01
s43         ,  3.987508132795206e-01, -1.215777455057940e-01,  0.000000000000000e+00,  4.099318644592708e-01,  1.925894054098627e+01
s44         , -1.257042213831158e-02,  1.333555487111200e-01,  2.637119113573407e-02,  4.464135718911251e-03,  3.433540442787531e+01
s45         , -2.453536714432208e-01, -7.882290444288476e-02,  0.000000000000000e+00,  1.947514774951199e-02,  3.375220148657218e+01
s46         ,  4.319604697532171e-01,  6.666361300729107e-01,  1.367166474432911e-01,  4.563840830721419e-02,  3.701379782019784e+01
s47         , -5.858250576994644e-01,  1.228122240691945e-01,  4.966974241156713e-02,  1.505992797553116e-01,  3.109007285829786e+01
s48         , -1.351740028810569e+00, -8.185602994863825e-01,  7.742878013148284e-02,  7.307029727215503e-03,  5.051178670206572e+01
s49         ,  1.400180920836999e+00,  7.482819712314681e-02,  0.000000000000000e+00,  2.894930637868923e-02,  3.155327701746156e+01
s50         ,  6.339509690024699e-01,  5.141545427683996e-01,  1.140992751502213e-01,  2.146677852774903e-02,  3.758493640868205e+01
s51         ,  9.663578673416963e-01,  1.053339349607023e+00,  0.000000000000000e+00,  1.194076914730058e-01,  1.639212959049743e+01
s52         ,  1.470345916377529e-01,  9.018983021932492e-02,  0.000000000000000e+00,  6.586818307194747e-02,  2.995117385143461e+01
s53         , -1.879048126514940e+00, -3.745291092111289e-01,  0.000000000000000e+00,  2.145555780968318e-01,  2.978722827269844e+01
s54         ,  2.462378298792407e+00,  1.609133633218062e+00,  0.000000000000000e+00,  1.270348760022682e-01,  9.461873762177806e+00
s55         ,  2.147693442064033e-01, -3.804667186721713e-01,  0.000000000000000e+00,  2.722175946167758e-02,  3.705669030668679e+01
s56         ,  1.250856345991485e+00,  1.482994564457644e+00,  0.000000000000000e+00,  2.519018924045563e-01,  6.170013572662265e+00
s57         ,  3.470878239384724e-01,  9.542868913882845e-01,  0.000000000000000e+00,  1.768910123314602e-01,  1.536611718865784e+01
s58         ,  2.650904256602346e+00,  4.917758127734284e-01,  0.000000000000000e+00,  3.156024030931676e-01,  1.555914734428882e+01
s59         ,  2.436955679659398e-02, -1.019387051412588e-01,  0.000000000000000e+00,  2.836259138597821e-02,  3.368673311003234e+01
s60         , -1.350996154759193e+00, -9.141555710141613e-01,  0.000000000000000e+00,  1.573414684273981e-02,  4.387131021663435e+01
s61         , -1.175408395594881e+00, -6.116254388350364e-01,  0.000000000000000e+00,  1.647871097416823e-02,  4.022995222088583e+01
s62         ,  5.137509822735411e-02,  3.251371533314940e-02,  0.000000000000000e+00,  8.876891731342200e-03,  3.282989688218169e+01
s63         ,  1.630781368412474e+00,  9.776015928742330e-01,  0.000000000000000e+00,  6.789663548711644e-02,  1.927595521736603e+01
s64         , -7.346563779561160e-02,  1.068654364536656e+00,  0.000000000000000e+00,  2.596157113473102e-01,  1.082155750681290e+01
s65         ,  6.477994742971300e-01,  6.768727895540227e-01,  0.000000000000000e+00,  1.065469180647050e-01,  2.138200165349855e+01
s66         ,  1.102507059534665e+00,  4.331769646833896e-01,  0.000000000000000e+00,  5.435203154023017e-02,  2.629782204469019e+01
s67         , -2.689254974131806e-01, -3.555850198981552e-01,  0.000000000000000e+00,  2.229631962974289e-01,  2.923792805016729e+01
s68         ,  1.634793292022643e+00,  1.207417184605950e+00,  0.000000000000000e+00,  7.658562450513204e-02,  1.619766266727500e+01
s69         ,  3.008420412735001e-01,  7.405504767237630e-01,  0.000000000000000e+00,  1.647065340826228e-01,  1.838671472755315e+01
s70         ,  4.428344099007711e-01,  2.166879112671252e-01,  0.000000000000000e+00,  1.657782047756617e-01,  2.460138379926528e+01
s71         , -2.587880550234565e-02, -4.299712593921505e-01,  0.000000000000000e+00,  5.684554023199795e-03,  3.847545882116170e+01
s72         ,  3.320850724266520e-01,  7.727086969515897e-01,  0.000000000000000e+00,  1.631627107692504e-01,  1.806201196895945e+01
s73         , -1.001377721869568e+00, -2.879814469294324e-01,  0.000000000000000e+00,  1.492537126346377e-01,  3.126300834412969e+01
s74         ,  1.535377236435878e+00,  1.595802920121097e+00,  0.000000000000000e+00,  2.296036169830307e-01,  5.679722965167619e+00
s75         ,  2.223324131252060e-01, -1.208763973813998e-02,  0.000000000000000e+00,  2.412778063074605e-01,  2.443219547306028e+01
s76         , -5.720277382811451e-01, -4.945479507742059e-01,  0.000000000000000e+00,  1.169061037761077e-02,  3.901582833887042e+01
s77         , -1.197863875151751e+00, -6.336826238178994e-01,  0.000000000000000e+00,  2.255117451175510e-02,  4.026001152628040e+01
s78         , -1.436625202734527e+00, -7.111611068218222e-01,  0.000000000000000e+00,  1.067770886926103e-02,  4.164149626903393e+01
s79         ,  4.409066269069510e-01,  7.511921857089936e-01,  0.000000000000000e+00,  1.082748855482707e-01,  2.042809656572647e+01
s80         ,  6.309139277294877e-01,  3.157783554029669e-01,  0.000000000000000e+00,  5.039713408297228e-02,  2.785174225999436e+01
s81         , -1.685326208098238e+00, -3.586486950952685e-01,  0.000000000000000e+00,  3.399698688348783e-02,  3.653579703749932e+01
s82         , -1.663665661245248e-01, -3.140457665131922e-01,  0.000000000000000e+00,  1.079702974385312e-02,  3.689464871504498e+01
s83         , -1.321966357459876e+00, -7.236374813319539e-01,  0.000000000000000e+00,  6.078952104615737e-03,  4.196719981524724e+01
s84         ,  1.425519064192979e+00,  3.569161238348340e-02,  2.319177212916512e-02,  2.944579227402180e-02,  3.423547764655664e+01
s85         , -6.984731689207797e-01, -5.833495663626174e-01,  0.000000000000000e+00,  8.211453188180910e-02,  3.737014251265673e+01
s86         , -2.932580333118892e-01, -5.004950343827086e-01,  0.000000000000000e+00,  2.381156626772616e-01,  3.038615689871738e+01
s87         ,  3.346071912195332e-02, -2.873484549216343e-01,  0.000000000000000e+00,  4.225495344330943e-02,  3.536702195051152e+01
s88         , -7.344698336486584e-02, -8.601127199239933e-02,  4.349110043222637e-03,  1.210691989721417e-02,  3.454010011062159e+01
s89         ,  2.903456543575506e-01,  2.380581313580472e-01,  0.000000000000000e+00,  8.080045348301436e-02,  2.761157093155339e+01
s90         ,  3.160753830639384e-01, -6.056366870942931e-02,  0.000000000000000e+00,  3.465098021458435e-02,  3.295100180598110e+01
s91         ,  4.911838748491691e-01,  1.468731246507822e+00,  0.000000000000000e+00,  1.583624751077688e-01,  9.934722083824790e+00
s92         , -8.899315452749766e-01, -1.157826098130717e+00,  0.000000000000000e+00,  8.003775444723639e-02,  4.431021563429442e+01
s93         ,  8.806558878772816e-01, -1.498092300493794e-01,  0.000000000000000e+00,  1.865637581118737e-01,  2.817929748969722e+01
s94         ,  2.174850994919374e-01,  5.776474036286805e-01,  4.095000000000000e-02,  6.078607181601763e-02,  2.826980919804305e+01
s95         , -7.665153489308596e-01, -1.092590142838271e+00,  0.000000000000000e+00,  2.720385238003489e-02,  4.556139691097707e+01
s96         ,  5.275622810365227e-01,  2.576020907868193e-02,  0.000000000000000e+00,  2.261714347824278e-02,  3.238255790553129e+01
s97         ,  2.030602111680012e+00,  1.474405297389471e+00,  0.000000000000000e+00,  6.629886319138709e-02,  1.340463317371809e+01
s98         , -9.469867286116608e-01, -5.801975347588515e-01,  0.000000000000000e+00,  9.612591359622738e-02,  3.679409528329705e+01
s99         , -9.198822372946847e-01, -1.171381348439025e+00,  0.000000000000000e+00,  6.889177344867291e-02,  4.490038885784178e+01
s100        , -4.843791818667552e-01, -3.302378759146460e-01,  0.000000000000000e+00,  1.207479578111631e-01,  3.286299750627998e+01
s101        , -2.042448773263304e-01,  1.134515362629074e-01,  0.000000000000000e+00,  1.830312526245842e-01,  2.517123767897661e+01
s102        , -5.164158759195604e-01, -1.406024120575802e+00,  0.000000000000000e+00,  2.816870328468602e-02,  4.926727959460820e+01
s103        ,  1.172650799800636e-01,  1.206403081782176e+00,  3.305555555555555e-02,  6.350950365888672e-02,  1.989627560201567e+01
s104        , -1.768695959917696e+00, -1.450039224776147e+00,  0.000000000000000e+00,  3.600186719315020e-02,  4.949189815207399e+01
s105        ,  5.247327840013729e-01, -8.647910838606965e-02,  0.000000000000000e+00,  1.207212645764399e-01,  2.995311060125633e+01
s106        ,  5.297962102782023e-01,  1.257449598294028e+00,  0.000000000000000e+00,  1.726369120492337e-01,  1.190928559678055e+01
s107        ,  1.497385912477807e-01, -7.420154292091969e-01,  0.000000000000000e+00,  3.486209001791099e-03,  4.228629482969398e+01
s108        ,  4.406641357796892e-01,  5.527107455077145e-01,  0.000000000000000e+00,  2.347260502470492e-01,  1.793925972986673e+01
s109        , -6.596772585897818e-01, -3.690557395372882e-01,  0.000000000000000e+00,  3.491408378108594e-02,  3.662483493832828e+01
s110        ,  1.094420195469492e+00, -9.534610731956938e-02,  0.000000000000000e+00,  5.794826175481183e-02,  3.247113621352783e+01
s111        ,  3.915962330096325e-01,  9.344192622847327e-01,  1.470588235294118e-02,  1.427354395882396e-01,  1.833237196543119e+01
s112        ,  8.365523515867513e-01,  4.088096282913607e-01,  0.000000000000000e+00,  3.808204300082780e-01,  1.404381967684705e+01
s113        , -1.291655352083360e-01,  1.429867200803652e-01,  0.000000000000000e+00,  1.144155129555760e-01,  2.745518812174217e+01
s114        ,  1.376602311009741e+00,  6.803345206893558e-01,  0.000000000000000e+00,  1.759348989960826e-01,  1.867433502033583e+01
s115        ,  2.854337653329592e+00,  8.159210267580066e-01,  0.000000000000000e+00,  1.115520530744715e-01,  1.952918962401336e+01
s116        , -4.031277243707178e-01, -7.384229572691952e-01,  0.000000000000000e+00,  4.282514030049490e-01,  2.592121480831468e+01
s117        , -1.548008576871541e+00, -7.491637055326525e-01,  0.000000000000000e+00,  2.059057369889735e-02,  4.171439949933758e+01
s118        , -1.376296935489929e+00, -8.644888207029422e-01,  0.000000000000000e+00,  4.392774818150331e-02,  4.219482357787943e+01
s119        ,  1.159776550977451e-01, -6.270709799871526e-01,  0.000000000000000e+00,  1.095744976994322e-01,  3.683706736114535e+01
s120        , -1.608916416404318e-01,  5.796515540101506e-01,  0.000000000000000e+00,  1.273700742216929e-01,  2.174283782353947e+01
s121        ,  3.197271174130288e-01,  6.468215081508650e-01,  0.000000000000000e+00,  8.280412732307448e-02,  2.265321631148663e+01
s122        , -1.530552753436365e+00, -4.399308511121092e-01,  0.000000000000000e+00,  4.272217444649596e-02,  3.717117316383038e+01
s123        , -1.233881263109963e+00, -1.072576743108715e+00,  0.000000000000000e+00,  6.992386011553192e-02,  4.368082704945203e+01
s124        , -5.427146006639549e-01, -4.410195998003426e-01,  0.000000000000000e+00,  8.201460323068153e-02,  3.567430981112137e+01
s125        ,  9.732454451545892e-01, -1.086986063316089e-01,  5.925044616299822e-02,  6.144935004093206e-03,  4.032842707407487e+01
s126        , -1.840471966312826e-01, -5.326698479214684e-01,  0.000000000000000e+00,  5.654082298553209e-02,  3.774764116163109e+01
s127        , -1.081994746251625e+00, -1.327494909691298e+00,  0.000000000000000e+00,  5.548936066562700e-02,  4.727966797072268e+01
s128        ,  4.539347974729817e-01,  1.031808745027254e+00,  0.000000000000000e+00,  1.972267669903250e-01,  1.365893957395579e+01
s129        , -9.281932508350823e-01, -6.751414268830040e-01,  0.000000000000000e+00,  3.625603378556939e-02,  4.022847543813054e+01
s130        , -7.213314288938637e-01, -4.667588033971060e-01,  0.000000000000000e+00,  5.281327026075386e-01,  1.883898770017820e+01
s131        , -2.205996399193568e-01, -6.031677472116925e-02,  0.000000000000000e+00,  1.338560113680673e-02,  3.376520452845665e+01
s132        , -1.239159936584262e+00, -6.239454249507932e-01,  0.000000000000000e+00,  3.192451042869641e-02,  3.978354891324749e+01
s133        , -3.218370754810609e-01, -5.848157637977853e-01,  0.000000000000000e+00,  2.022157474758008e-01,  3.277259917499240e+01
s134        , -1.004593496203065e+00, -9.360847539703991e-01,  0.000000000000000e+00,  2.180495322044044e-01,  3.635894012835091e+01
s135        ,  9.616883013837799e-01, -1.413962356086813e-01,  0.000000000000000e+00,  9.852220085527724e-02,  3.146194781546439e+01
s136        ,  1.177397001560173e+00,  9.212301143421089e-01,  0.000000000000000e+00,  9.948110515808896e-02,  1.873545464611119e+01
s137        , -1.190015539084228e+00, -6.321914090615848e-01,  0.000000000000000e+00,  1.244459677959036e-01,  3.632675794084303e+01
s138        ,  2.514478411301381e-01, -2.289233671227260e-01,  0.000000000000000e+00,  9.141174388023464e-02,  3.278040619151975e+01
s139        , -1.987650229798378e-01,  3.798023034548548e-01,  3.731762065095398e-02,  2.101841435838466e-02,  3.181067294633953e+01
s140        , -1.883191692860165e-02, -4.332991524907648e-02,  3.602339181286550e-02,  1.268518739359138e-01,  3.267216376204229e+01
s141        ,  4.763479271249645e-01,  6.760000139043725e-01,  0.000000000000000e+00,  9.207370514209390e-02,  2.194857701000339e+01
s142        , -1.264849480226228e+00, -3.345971363671398e-01,  9.355932203389832e-02,  1.724379398723736e-02,  4.590432756673410e+01
s143        ,  5.343202969822767e-02,  1.021748750848805e+00,  0.000000000000000e+00,  2.261488764816195e-01,  1.266770243092975e+01
s144        ,  1.580293395785219e-01,  8.403980049792659e-02,  0.000000000000000e+00,  3.619424512655422e-01,  1.864756022510047e+01
s145        ,  9.188749641933951e-01,  7.151419969746398e-01,  2.398929319966667e-02,  8.832602934602091e-02,  2.393590040466297e+01
s146        ,  8.965084025411504e-01,  8.407742316037812e-01,  0.000000000000000e+00,  1.718084867791199e-01,  1.691696290625065e+01
s147        ,  6.848734553557309e-01,  5.150061764428817e-01,  0.000000000000000e+00,  7.593826892741096e-02,  2.449115542631949e+01
s148        ,  2.946101194283517e-01,  4.094440158638091e-01,  6.185384106707957e-02,  1.016439015193586e-01,  3.072197513807394e+01
s149        , -1.049624548293927e+00, -3.500788008266027e-01,  0.000000000000000e+00,  6.444445772227997e-03,  3.749220109479499e+01
s150        ,  3.591106519707902e-01,  6.912414581404516e-01,  0.000000000000000e+00,  1.685718585679793e-01,  1.882702164460608e+01
s151        , -1.331621263631160e-02,  1.995136161842153e-01,  4.210526315789474e-03,  1.435297625391285e-02,  3.103076914920984e+01
s152        ,  6.334057303004040e-01,  2.657406941299847e-01,  8.749389454012614e-02,  1.412043286361029e-02,  3.827100227641591e+01
s153        ,  1.034338109925286e+00,  2.346239189054571e-01,  0.000000000000000e+00,  1.886032167133017e-01,  2.351011392533044e+01
s154        , -3.383324211856339e-02, -1.986701450913322e-01,  0.000000000000000e+00,  1.740836523386044e-02,  3.526280932826807e+01
s155        ,  1.136039203602913e+00,  5.368574559837409e-01,  1.016158991853731e-01,  7.151765547223733e-03,  3.666145154424810e+01
s156        , -1.392262169733223e+00, -1.017760107491334e+00,  0.000000000000000e+00,  1.637472140436044e-02,  4.508391744853432e+01
s157        , -5.253740885024729e-01, -9.605894269642956e-02,  0.000000000000000e+00,  6.471100485649561e-02,  3.221978114468875e+01
s158        ,  3.989423304234662e-01,  5.912432343595846e-01,  0.000000000000000e+00,  1.018147110679707e-01,  2.258641211225265e+01
s159        ,  5.765884380454731e-01,  1.903950630363274e-01,  0.000000000000000e+00,  1.554744581056028e-01,  2.531130256743936e+01
s160        , -8.116051377987673e-01, -9.062852034326263e-01,  0.000000000000000e+00,  2.624413034860836e-02,  4.337346365738550e+01
s161        , -3.068617279191663e-01,  3.462716378361819e-02,  0.000000000000000e+00,  2.244930366451171e-01,  2.451931532050815e+01
s162        ,  7.336330388262123e-01, -8.462432636198671e-01,  0.000000000000000e+00,  1.442543751312398e-01,  3.812175230875233e+01
s163        ,  5.366582957206302e-01,  2.259821764605663e-01,  4.574202431795375e-02,  1.615040101768590e-02,  3.464608863574875e+01
s164        ,  1.442528357282191e+00,  1.622393166441852e+00,  1.704330261330640e-03,  1.083045140409672e-01,  1.018743846481251e+01
s165        , -1.062713736405366e-01,  4.606116804492904e-01,  0.000000000000000e+00,  1.647482724920051e-01,  2.172807730456087e+01
s166        , -8.326065002207602e-01,  1.697922147547697e-01,  0.000000000000000e+00,  1.213192959644498e-02,  3.106546852497216e+01
s167        ,  3.946237056414994e-01,  3.655769945347767e-01,  9.243200000000000e-02,  1.574972769817146e-01,  3.204498638022795e+01
s168        ,  2.235679947771067e+00,  1.500019449523322e+00,  0.000000000000000e+00,  1.318121956572923e-01,  1.058131591860925e+01
s169        ,  1.625062009748738e+00,  1.293254711222132e+00,  0.000000000000000e+00,  1.024946078612398e-01,  1.417702226495607e+01
s170        ,  1.327620092596634e-01,  6.123768888756684e-01,  1.363062442607897e-01,  5.398488051043168e-02,  3.730149342657084e+01
s171        ,  5.954984467350797e-01,  3.308177811824362e-01,  0.000000000000000e+00,  2.310156740778258e-01,  2.073163207617766e+01
s172        ,  5.199772380778387e-01, -1.180171227966693e-01,  0.000000000000000e+00,  1.893164443646113e-01,  2.769386755438503e+01
s173        ,  6.222838143288127e-01,  9.681593902771009e-01,  2.929687500000000e-02,  9.092299275460974e-02,  2.132587767126525e+01
s174        ,  1.054103529053623e+00,  3.738068606820790e-01,  0.000000000000000e+00,  8.318730419183255e-02,  2.589877201707606e+01
s175        , -5.255654946879280e-01,  7.300670571182888e-03,  0.000000000000000e+00,  4.516979651673307e-02,  3.173638125602895e+01
s176        ,  9.849433920982632e-01,  1.137587109025828e+00,  0.000000000000000e+00,  1.283037087973251e-01,  1.504422016011815e+01
s177        , -4.422819104749492e-01, -2.023694246115677e-01,  0.000000000000000e+00,  1.742003989447626e-01,  2.928203843470702e+01
s178        , -6.072036959750035e-01, -5.131093215918181e-01,  0.000000000000000e+00,  8.614988342956193e-03,  3.935566902784205e+01
s179        ,  1.274608736041423e+00,  3.848927780456689e-01,  0.000000000000000e+00,  5.480758234323579e-01,  7.902413677500207e+00
s180        , -1.497077617346339e+00, -9.567226939987892e-01,  3.152621592854829e-02,  2.358728595761077e-02,  4.711459304698595e+01
s181        , -2.083438027973673e+00, -1.045848900372840e+00,  0.000000000000000e+00,  6.819731980461010e-03,  4.578651097145011e+01
s182        ,  1.836267684377070e+00,  6.426629270518729e-01,  0.000000000000000e+00,  1.276389952789554e-01,  2.098003645684314e+01
s183        ,  9.114464311238877e-01,  8.617136449410863e-01,  5.240614764424287e-02,  4.633757201599827e-02,  2.653625606310606e+01
s184        ,  1.514590021168478e+00,  2.123538479656324e-01,  0.000000000000000e+00,  2.542791672423703e-01,  2.125237052183439e+01
s185        ,  1.833338059507959e+00,  1.370685008024582e+00,  0.000000000000000e+00,  2.571185676222683e-01,  7.310731320690765e+00
s186        ,  2.453649877689343e-01,  6.236843289055902e-01,  0.000000000000000e+00,  9.207926754207732e-02,  2.257310546498669e+01
s187        ,  3.720198183543536e-01, -2.469905134279702e-01,  0.000000000000000e+00,  2.208495907767655e-02,  3.566013587839308e+01
s188        ,  1.146530015212694e+00,  1.240574401981552e+00,  0.000000000000000e+00,  9.468935640266427e-02,  1.510604611271842e+01
s189        ,  1.953473158179788e-01,  3.499597698700700e-01,  5.692803437164339e-02,  1.054966453366649e-01,  3.080980360357358e+01
s190        , -2.653274521332475e-01,  6.762758281548642e-02,  7.699167657550536e-02,  1.537688706704041e-02,  3.957693072979555e+01
s191        , -1.734213411135428e+00, -1.341782447967609e+00,  0.000000000000000e+00,  1.269698636772357e-01,  4.470355113600168e+01
s192        , -1.380433379832566e+00, -3.543554492188470e-01,  6.992221153966212e-02,  3.439082042482664e-02,  4.320456403218939e+01
s193        ,  1.331098677791819e+00,  1.200108692008356e+00,  0.000000000000000e+00,  2.110500303954026e-01,  1.111796161422299e+01
s194        ,  5.090097107027988e-01,  5.131048816846251e-02,  0.000000000000000e+00,  9.819863173545705e-02,  2.917312084645102e+01
s195        , -9.924573921340459e-02, -3.238217092734890e-01,  5.190311418685121e-02,  1.772850322887747e-02,  4.174454210252120e+01
s196        , -5.779338669443589e-01, -5.198317031834896e-01,  0.000000000000000e+00,  1.344806837829063e-01,  3.459938589680798e+01
s197        ,  2.483047809304522e-01,  5.641352066017351e-01,  1.345048828879899e-02,  2.740464740319909e-02,  2.706503933600752e+01
s198        , -5.206217556690499e-01,  3.921168257976846e-01,  0.000000000000000e+00,  2.040012379285759e-01,  2.103767901104159e+01
s199        , -5.943289801913763e-01, -4.786644269129101e-01,  4.087395957193817e-03,  1.761441776498252e-01,  3.290051246088441e+01
s200        , -1.021605773659559e+00, -8.527380191629139e-01,  0.000000000000000e+00,  4.160655481857062e-02,  4.214369314445180e+01
s201        , -1.880186336712062e-01, -5.336308573913140e-02,  0.000000000000000e+00,  1.479073616916758e-01,  2.851298376512442e+01
s202        ,  8.974446090874550e-01,  2.709645563258407e-01,  0.000000000000000e+00,  6.870088974311503e-02,  2.768355194290794e+01
s203        ,  1.491847227695687e+00,  6.372474546960816e-01,  7.641291810841985e-02,  1.073043872241960e-02,  3.289745565034350e+01
s204        ,  5.673187961114482e-01,  4.223417602003647e-01,  0.000000000000000e+00,  5.971817122981710e-02,  2.622101242458448e+01
s205        ,  7.052663182498152e-02,  1.295287304013080e-01,  0.000000000000000e+00,  1.907695348029473e-01,  2.468189342257028e+01
s206        ,  4.612958000362407e-01, -7.641007295822875e-01,  0.000000000000000e+00,  2.150839381252181e-01,  3.441910239366803e+01
s207        , -1.890335631962240e-01, -7.880164811189823e-01,  0.000000000000000e+00,  4.796747543848830e-02,  4.112637601239231e+01
s208        ,  1.196645888991632e+00,  6.297389830041080e-01,  0.000000000000000e+00,  1.885748718805849e-02,  2.531444850637941e+01
s209        ,  1.251755561530769e-01,  4.952259127175793e-01,  1.089665326055731e-01,  2.128638268637529e-02,  3.732350482088145e+01
s210        ,  4.275859111659360e-01,  3.553094923468958e-02,  0.000000000000000e+00,  1.099310515799685e-01,  2.891072239932686e+01
s211        ,  5.283027681041660e-01,  6.959441128232995e-01,  7.709750566893424e-02,  5.139744744077754e-02,  3.069977029370149e+01
s212        , -5.193859304496162e-01, -6.065047229196150e-01,  0.000000000000000e+00,  2.804943724205071e-02,  3.972418090483206e+01
s213        , -7.895660096178726e-01, -6.717699293635868e-01,  0.000000000000000e+00,  7.362580106229134e-02,  3.875222970369438e+01
s214        , -8.273130453363811e-01, -1.142010027944736e+00,  0.000000000000000e+00,  2.768773055015650e-02,  4.613296443881148e+01
s215        ,  7.097242197335736e-01,  5.729456359958220e-01,  1.115046569592024e-01,  6.681760723557470e-02,  3.489027579199430e+01
s216        , -4.103389107009319e-01, -2.547941134209366e-01,  0.000000000000000e+00,  1.665866850229525e-01,  3.020064963049840e+01
s217        ,  5.083753923761841e-01, -1.233217094930249e+00,  0.000000000000000e+00,  3.812567882569322e-01,  3.363576752827365e+01
s218        ,  1.227559854195250e+00,  5.829292073906753e-01,  0.000000000000000e+00,  1.305381222734484e-01,  2.158196027121809e+01
s219        ,  4.233903461072758e-01, -2.080618033869346e-01,  0.000000000000000e+00,  3.647841955462061e-02,  3.464216966944419e+01
s220        , -9.401298955648564e-02,  8.407193087843994e-01,  0.000000000000000e+00,  1.899630938723524e-01,  1.622000334583219e+01
s221        ,  1.262898065596498e+00,  1.543028632472905e-01,  0.000000000000000e+00,  1.108847226448047e-02,  3.129053515817854e+01
s222        , -8.196925206317608e-01, -2.436268140693985e-01,  7.581234567901235e-02,  7.003983553211462e-03,  4.350200367013993e+01
s223        ,  4.013207508237785e-01, -4.966560170818513e-01,  0.000000000000000e+00,  2.037657344148935e-01,  3.166025486358254e+01
s224        ,  7.221682333138074e-01,  1.261276212275466e-01,  0.000000000000000e+00,  8.926510258596303e-02,  2.862295438532951e+01
s225        ,  7.658761358813223e-01,  3.989709456826884e-01,  0.000000000000000e+00,  2.573980901874761e-01,  1.890398207044642e+01
s226        ,  1.021677840387193e+00,  4.043022274977679e-01,  0.000000000000000e+00,  2.226907720329006e-01,  2.017399293861304e+01
s227        , -1.713769108940136e-01,  2.477969029139646e-01,  0.000000000000000e+00,  8.952930348686072e-02,  2.715985478441990e+01
s228        ,  1.274319171489858e-01, -2.025126942703213e-01,  1.833751713578664e-02,  1.460500864549045e-02,  3.718275737558024e+01
s229        ,  2.041762025685344e-01, -1.654794306765859e-01,  0.000000000000000e+00,  1.924874889432532e-02,  3.479573400561078e+01
s230        , -1.775628277285171e+00, -5.849275256387934e-01,  0.000000000000000e+00,  3.228841511772272e-02,  3.930362236308014e+01
s231        , -2.906010097813953e-01, -2.443508307141879e-01,  2.650300494807704e-02,  3.890489071207873e-02,  3.753515345972895e+01
s232        ,  7.153226846206259e-01,  1.202844718633300e+00,  0.000000000000000e+00,  1.126272900783369e-01,  1.486731607823662e+01
s233        , -3.817422129899863e-01,  1.351519697573043e-01,  0.000000000000000e+00,  2.106699180805905e-01,  2.385004269956421e+01
s234        , -1.045314287465124e-01,  1.440498320436015e+00,  4.364946124965660e-03,  1.850385446146437e-01,  9.667257137628654e+00
s235        , -2.007585327297883e+00, -1.490660653522312e+00,  1.669261737434948e-02,  1.692337422125558e-02,  5.231800265465723e+01
s236        ,  1.304199689079254e+00, -4.779772174977617e-01,  0.000000000000000e+00,  8.939212178888947e-03,  3.892367056488843e+01
s237        , -2.782406460538665e-01, -2.437338755257321e-01,  0.000000000000000e+00,  1.208196551935145e-01,  3.182723103095237e+01
s238        , -2.322383208123123e-01, -1.054907283557496e-01,  0.000000000000000e+00,  2.515242652136894e-01,  2.515386014519915e+01
s239        , -3.517230695261005e-01, -4.250574571530921e-01,  4.252681599834713e-02,  6.713573017816667e-02,  4.015177674030928e+01
s240        , -8.445222562838289e-01, -8.881964325347909e-01,  0.000000000000000e+00,  1.117372162634915e-01,  3.987226365601190e+01
s241        , -1.536302083677280e+00, -1.202474308331455e+00,  0.000000000000000e+00,  1.977425013667386e-02,  4.715910157191289e+01
s242        ,  2.935750684089246e-01,  1.778995589059864e-01,  0.000000000000000e+00,  4.979126893864440e-03,  3.124350859549032e+01
s243        ,  1.616760901218624e-01,  4.711457095848015e-01,  4.878135626413146e-02,  1.038538037124942e-02,  3.223268920745487e+01
s244        ,  1.913693632034482e-02,  6.862751815214512e-01,  3.846065795196996e-03,  1.077001735407259e-01,  2.159587246242297e+01
s245        ,  1.011107650821607e+00,  2.294201238488105e-01,  0.000000000000000e+00,  8.897735274271397e-02,  2.740051562284334e+01
s246        , -1.106818107812668e+00, -7.444499101870745e-01,  0.000000000000000e+00,  3.162683073242936e-02,  4.123402524391092e+01
s247        , -1.990274764442436e+00, -9.522576744557081e-01,  0.000000000000000e+00,  1.211217287728011e-01,  4.027665602504459e+01
s248        , -9.667152724294113e-02,  3.124846312235561e-01,  4.225932797361369e-02,  1.148842864584061e-01,  2.948364566277538e+01
s249        , -3.381305046273163e-03, -9.078888518230954e-01,  0.000000000000000e+00,  1.288370791186815e-01,  3.945034066193448e+01
s250        , -1.066763974390572e+00, -8.290495168470358e-01,  0.000000000000000e+00,  9.763011069673685e-02,  3.970802912342333e+01
s251        ,  1.207378380322024e+00,  4.309624521466757e-01,  0.000000000000000e+00,  2.530002723309402e-01,  1.869093878711512e+01
s252        , -7.806439949963918e-01, -3.026552409388175e-01,  4.065803465315568e-02,  1.333452660510741e-02,  4.057745317621881e+01
s253        ,  1.425727038542694e-01, -2.062922598458847e-01,  0.000000000000000e+00,  1.761671000381867e-01,  2.925331089399862e+01
s254        ,  2.519006949731616e-01, -1.676141684777628e-01,  0.000000000000000e+00,  3.048665547786744e-02,  3.438939474191110e+01
s255        ,  2.957126742656838e-01,  1.241470701601166e-02,  0.000000000000000e+00,  1.826134033037943e-02,  3.270930455567404e+01
s256        , -1.208240274724157e+00, -1.122905365749401e+00,  0.000000000000000e+00,  2.334012803744233e-02,  4.607188337182207e+01
s257        ,  9.313485666439149e-01,  5.547928213257931e-01,  7.308641975308641e-02,  7.361761389472180e-02,  3.114516450506191e+01
s258        , -6.564646920389059e-01, -3.496638061222721e-01,  0.000000000000000e+00,  2.889250114235092e-02,  3.662464830280884e+01
s259        ,  6.730828234081326e-01,  1.027289017743576e+00,  0.000000000000000e+00,  1.140730424761717e-02,  2.085327839434644e+01
s260        , -1.076132473957489e+00, -1.097121006548706e+00,  5.246913580246913e-02,  5.985744512112034e-02,  4.941476869281265e+01
s261        ,  4.986447736713934e-01,  1.389837896647106e-01,  2.935925411624677e-02,  2.050604072839473e-02,  3.393958267420969e+01
s262        , -7.901168230278025e-01, -7.556912673188205e-01,  0.000000000000000e+00,  2.036364421587802e-01,  3.475856405934871e+01
s263        , -1.546259780331374e+00, -9.027778779386395e-01,  7.745036370381123e-02,  5.986379208103092e-03,  5.157032096981609e+01
s264        , -5.529113966692344e-01,  1.906677974069955e-01,  0.000000000000000e+00,  9.733717299873355e-02,  2.754204978105690e+01
s265        , -4.420703395591481e-01,  6.012276922162005e-01,  2.559016068240428e-02,  1.261729276469152e-01,  2.399612261310103e+01
s266        ,  1.642224930755287e-01,  8.971783559502902e-01,  0.000000000000000e+00,  2.011429611809496e-01,  1.511618045807462e+01
s267        , -5.742332897034259e-01, -4.455943093794832e-01,  0.000000000000000e+00,  4.683317659919767e-02,  3.708083407294560e+01
s268        , -1.103100765949088e+00, -8.157376687620554e-01,  0.000000000000000e+00,  8.330792172266518e-02,  4.009941157860552e+01
s269        ,  7.960085847259790e-01,  1.002532278301880e+00,  0.000000000000000e+00,  1.130312039401778e-02,  2.115292124027546e+01
s270        , -4.283987476508868e-01,  7.476721768215189e-02,  0.000000000000000e+00,  1.950899332302331e-01,  2.516982596955032e+01
s271        ,  2.199521430164574e-01, -7.510426028824302e-02,  0.000000000000000e+00,  1.885140988472785e-02,  3.373176224527121e+01
s272        ,  4.892735632468816e-01,  1.102772130833006e+00,  0.000000000000000e+00,  3.134697808411782e-02,  1.918566690643572e+01
s273        , -7.406199765582812e-01, -5.829298527984346e-01,  8.972921006248998e-03,  9.511438784736810e-02,  3.772989865660730e+01
s274        ,  1.772759222941352e-01,  6.981647108373441e-01,  0.000000000000000e+00,  1.613692703446606e-01,  1.902111494643257e+01
s275        ,  2.643568451335951e-01, -2.430494609823093e-01,  0.000000000000000e+00,  1.203638967224665e-01,  3.183657104399582e+01
s276        , -5.816893010125334e-01, -1.228853050378675e-01,  4.610995749966039e-02,  2.992555906485170e-02,  3.831829754007926e+01
s277        , -1.588157064474181e+00, -1.388237862081629e-01,  0.000000000000000e+00,  4.257411893534843e-01,  1.885739411558438e+01
s278        ,  1.926575532177041e+00,  6.196408784314591e-01,  9.832702020202021e-02,  8.336524601620990e-02,  3.242746678727224e+01
s279        ,  1.613883746546309e+00,  1.037915024723630e+00,  0.000000000000000e+00,  7.836116897095531e-02,  1.815359180447567e+01
s280        , -1.609264987376503e+00, -1.135865815944035e+00,  0.000000000000000e+00,  1.606565544713190e-02,  4.650618565643230e+01
s281        , -1.346496740458654e+00,  2.418999523139933e-01,  0.000000000000000e+00,  2.976260934516256e-01,  1.923387304206554e+01
s282        , -1.354536059868065e+00, -5.242055598777249e-01,  0.000000000000000e+00,  1.173486892725842e-01,  3.530993767317444e+01
s283        ,  4.444527822772945e-01,  4.501111568925098e-01,  1.474287329299470e-01,  2.354913775110178e-02,  4.148012903369762e+01
s284        ,  2.385788249720763e+00,  4.343779325580663e-01,  0.000000000000000e+00,  6.172868739827475e-02,  2.600002233436282e+01
s285        ,  4.002184027452821e-01,  4.667508736649522e-01,  1.572189710891781e-02,  8.275259081664706e-02,  2.631995194766971e+01
s286        ,  1.951350507345722e+00,  1.929471821184955e+00,  0.000000000000000e+00,  1.301362117764499e-01,  5.517293799593339e+00
s287        , -7.632184401675008e-01, -1.231127319515789e+00,  0.000000000000000e+00,  7.960852376057236e-02,  4.520205618145724e+01
s288        ,  7.091749484961575e-01, -2.866439466733683e-01,  3.050632017512887e-02,  9.958024589017954e-02,  3.609428977730345e+01
s289        ,  2.314010563846089e+00,  1.420748093094409e+00,  0.000000000000000e+00,  1.959554845724211e-01,  9.063163709193789e+00
s290        ,  7.654861282396248e-01,  5.952008680967587e-01,  0.000000000000000e+00,  4.604870327085796e-03,  2.627457110396598e+01
s291        , -1.053228118031399e+00, -4.812048036571790e-01,  0.000000000000000e+00,  5.983919300615745e-01,  1.631169235511338e+01
s292        , -1.544830063612452e+00, -5.847374859933612e-01,  0.000000000000000e+00,  9.802333719407436e-02,  3.677539928556743e+01
s293        , -1.690406548169091e+00, -1.461447908183022e+00,  0.000000000000000e+00,  6.437440748950060e-02,  4.853788469664723e+01
s294        ,  1.421215154761337e+00,  1.315033737212921e+00,  0.000000000000000e+00,  2.501957941959392e-01,  8.241323309359320e+00
s295        , -1.705271840139646e+00, -9.086054722703745e-01,  0.000000000000000e+00,  7.375419648696188e-02,  4.157553296547650e+01
s296        , -7.627385590929442e-01,  5.559210362093081e-02,  0.000000000000000e+00,  3.334828505377271e-01,  2.008087506611425e+01
s297        ,  3.113058113377143e-01,  6.243241206861718e-01,  0.000000000000000e+00,  1.602531121932824e-01,  1.994579263551084e+01
s298        ,  4.087923101857815e-01,  3.890794572554737e-01,  0.000000000000000e+00,  1.243880819021312e-01,  2.413319424270942e+01
s299        , -3.373353052859909e-01, -4.607903866921412e-01,  0.000000000000000e+00,  2.094560050459564e-02,  3.825706749987302e+01
s300        , -1.247040873629315e+00, -1.429535755110928e+00,  0.000000000000000e+00,  4.732196382603234e-02,  4.881206021879709e+01
s301        ,  1.197929368440681e+00,  1.313698026892278e+00,  0.000000000000000e+00,  1.497081427255371e-01,  1.211864856016748e+01
s302        , -1.485192472843855e+00, -5.340104132962771e-01,  0.000000000000000e+00,  2.703726143608413e-02,  3.889736431957528e+01
s303        , -8.549580863671641e-01,  2.561945368457212e-01,  0.000000000000000e+00,  2.774228026737818e-01,  1.983950920355605e+01
s304        ,  1.882993199254013e+00,  5.035339226120708e-01,  3.142984561150163e-02,  1.107534577810526e-01,  2.631777415756854e+01
s305        , -5.165357198073314e-01, -4.949886298593249e-01,  4.266666666666667e-03,  3.360247925631773e-02,  3.859007883564468e+01
s306        ,  1.036931584747022e+00,  3.054583216928779e-01,  0.000000000000000e+00,  4.188686330758209e-02,  2.830200050589608e+01
s307        ,  5.869139350739363e-01,  4.761085157845582e-01,  8.954878630600412e-02,  7.236424667452602e-03,  3.622129909189109e+01
s308        , -1.992374094653734e+00, -5.553080099425123e-02,  0.000000000000000e+00,  4.071280313247113e-01,  1.857796381285793e+01
s309        ,  1.168183907358183e+00,  1.643147739995658e-01,  0.000000000000000e+00,  3.564146702943618e-02,  3.022749298799245e+01
s310        , -1.689353307212060e-01,  4.572393978976130e-03,  9.592872008324661e-02,  2.042753576242186e-02,  4.195993067026963e+01
s311        ,  4.171830243610439e-01,  2.812672590147298e-01,  6.631780385781301e-02,  1.571914804314638e-01,  3.054812773572603e+01
s312        , -6.851064106122524e-01, -1.206219478722326e-01,  2.960609376315125e-02,  2.776826959186715e-02,  3.678445178311220e+01
s313        , -3.693039585493864e-01, -4.707150817186343e-01,  0.000000000000000e+00,  5.880968036930209e-02,  3.692060728744907e+01
s314        , -1.774434185617937e-01, -9.007268686846581e-02,  0.000000000000000e+00,  3.320240457704945e-02,  3.335905538075272e+01
s315        , -3.815749786763620e-01, -5.378084595503472e-01,  0.000000000000000e+00,  7.386892559170875e-02,  3.714314943236545e+01
s316        ,  6.374559564486620e-01,  9.004893806071743e-01,  0.000000000000000e+00,  1.552950197840079e-01,  1.683841036499872e+01
s317        , -2.030534733815181e+00, -1.374659630281093e+00,  0.000000000000000e+00,  1.426547191158530e-02,  4.942698242329354e+01
s318        , -8.028512356005928e-02, -1.913660232009460e-01,  0.000000000000000e+00,  6.576459733805802e-02,  3.331743124044356e+01
s319        , -5.934013466311561e-01,  3.523147654707852e-01,  0.000000000000000e+00,  9.268083734344904e-02,  2.579062390027325e+01
s320        ,  2.790171268766068e+00,  5.416815554913303e-01,  0.000000000000000e+00,  2.206313945481687e-01,  1.861257413740393e+01
s321        , -1.062277605983094e+00, -7.147597264082615e-01,  0.000000000000000e+00,  8.095642831365964e-03,  4.178368957312316e+01
s322        ,  7.515966182544802e-02,  5.550345285224347e-01,  0.000000000000000e+00,  6.721970867514215e-02,  2.434816832724017e+01
s323        ,  7.526438612763077e-01,  7.962263054527758e-01,  0.000000000000000e+00,  9.089337419058369e-02,  2.055821737275790e+01
s324        , -2.651743878812372e-01, -7.529679420873912e-01,  0.000000000000000e+00,  4.171389338365331e-02,  4.094813659050084e+01
s325        ,  3.264086782559879e-02,  1.077079095624437e+00,  5.141986921078563e-02,  1.368870207819745e-02,  2.512398520426783e+01
s326        , -8.716201269332443e-01,  4.609804455145599e-01,  0.000000000000000e+00,  1.989994982554937e-01,  2.040752372230691e+01
s327        , -1.671151256925621e-01, -4.650030389337276e-01,  0.000000000000000e+00,  3.927907775806404e-03,  3.896130200754841e+01
s328        , -8.227567374308940e-02,  6.930220825038489e-01,  0.000000000000000e+00,  1.914004430373690e-01,  1.792853846146922e+01
s329        , -3.051380631011923e-01,  6.202287440636356e-02,  0.000000000000000e+00,  2.036352605682379e-01,  2.499365025389911e+01
s330        ,  2.650804092125520e-01,  1.819516855356844e-01,  0.000000000000000e+00,  1.877838444463691e-01,  2.417059943619661e+01
s331        , -1.375958879843693e-01, -7.565020341021444e-02,  0.000000000000000e+00,  4.382710326138550e-02,  3.277855683405269e+01
s332        , -2.261103407740682e-02, -8.117816866067651e-02,  0.000000000000000e+00,  3.112201833055769e-02,  3.333278070288005e+01
s333        ,  1.323183942483753e+00,  1.700310146948921e+00,  0.000000000000000e+00,  2.067255816444950e-01,  5.310840642043608e+00
s334        , -8.334838045052183e-01, -6.665391366284275e-01,  2.946189432675919e-02,  9.196474160443965e-03,  4.400342926529367e+01
s335        , -6.616430929673620e-01, -6.659737683983220e-01,  1.798611111111111e-02,  6.516358712616026e-02,  4.074067496646701e+01
s336        ,  7.402611706142616e-01,  1.741355400111888e-01,  0.000000000000000e+00,  4.110958344648175e-02,  2.990009579845820e+01
s337        , -2.672477917829362e+00, -1.072058266710783e+00,  0.000000000000000e+00,  1.063574332258928e-01,  4.227462598695858e+01
s338        ,  5.119490895181960e-01,  9.049698870179146e-02,  0.000000000000000e+00,  9.573413106544928e-02,  2.879986621590668e+01
s339        , -5.205367300996894e-01, -6.018047499589123e-01,  0.000000000000000e+00,  2.263567856389805e-03,  4.065891193530999e+01
s340        , -5.182275979842597e-01, -6.580757032900317e-01,  0.000000000000000e+00,  9.990586258290372e-02,  3.757884926243213e+01
s341        ,  1.970306289887118e+00,  1.234980004045702e+00,  0.000000000000000e+00,  1.134075374322321e-01,  1.445358162996683e+01
s342        , -6.893119617348110e-02, -1.696938739426912e-02,  7.774262813683228e-02,  3.604845810869534e-02,  3.986517008332112e+01
s343        , -9.390007101093136e-01, -9.227522969862005e-01,  0.000000000000000e+00,  2.059470885802827e-01,  3.666477974658532e+01
s344        ,  1.061951331424555e+00,  7.219107018299462e-01,  0.000000000000000e+00,  9.506760036487936e-02,  2.128527736287922e+01
s345        , -7.723215780687481e-01, -3.612089525592981e-01,  0.000000000000000e+00,  3.297467406769855e-02,  3.660565481746571e+01
s346        ,  3.961380156477508e-01,  6.077638903980775e-01,  0.000000000000000e+00,  1.889769329141262e-01,  1.903979937216006e+01
s347        , -1.709617878224923e+00, -9.634601537153582e-01,  0.000000000000000e+00,  6.407214083734829e-02,  4.260264142955192e+01
s348        ,  3.055057864420296e-01,  5.172706035218728e-01,  5.892722236212541e-02,  5.329484014878674e-02,  3.101030963689044e+01
s349        , -2.198294962810685e-01, -2.377370136069303e-01,  4.629045154231368e-02,  2.118596857836977e-02,  4.004304742873663e+01
s350        ,  4.405144181634822e-01,  2.776741140296437e-01,  0.000000000000000e+00,  2.124905055404117e-02,  2.942682928024366e+01
s351        ,  8.658280652293553e-01,  1.116951359016911e+00,  0.000000000000000e+00,  1.077656114456876e-01,  1.607985195380439e+01
s352        ,  9.704682100223124e-01, -3.319963317134902e-01,  7.569204152249136e-03,  2.481617921369440e-02,  3.729939960773680e+01
s353        , -6.298376205439113e-02,  3.530111577831621e-01,  5.420397411380302e-02,  1.773755803546196e-01,  2.774892720618340e+01
s354        , -5.109688604423301e-01,  1.184809872729444e-01,  0.000000000000000e+00,  3.204957632321185e-01,  1.982891656688001e+01
s355        , -1.498401072816738e+00, -3.953646526295440e-01,  0.000000000000000e+00,  2.681406861697632e-02,  3.725026417310087e+01
s356        ,  1.467186882538691e-01,  4.154762089227335e-01,  0.000000000000000e+00,  1.267259892344999e-01,  2.372813287927736e+01
s357        , -9.744403926942341e-02, -4.506309551682590e-01,  2.349619052693271e-02,  3.843024752605525e-02,  3.972711569478758e+01
s358        , -9.190473297739493e-02,  4.410973143381569e-01,  0.000000000000000e+00,  2.243109380227917e-02,  2.742984439219070e+01
s359        ,  4.402510249016558e-01,  7.074219171137703e-01,  0.000000000000000e+00,  7.483534707471239e-02,  2.223575099974834e+01
s360        , -8.756909416699596e-01, -6.236109593588979e-01,  0.000000000000000e+00,  6.646237479596906e-02,  3.845239044994227e+01
s361        , -1.770572058768898e-01,  4.752180615055392e-01,  0.000000000000000e+00,  2.094733567474332e-01,  1.983502906078736e+01
s362        ,  8.704386959032417e-01,  6.561980803815812e-01,  1.498026792665575e-02,  1.081825602212861e-02,  2.675035383619904e+01
s363        , -1.069662019131376e+00, -2.427373902909449e-01,  0.000000000000000e+00,  1.833743800326051e-01,  2.941158095917058e+01
s364        , -9.988945697241731e-01, -1.324791249252547e+00,  0.000000000000000e+00,  1.250989319477199e-02,  4.889892587838786e+01
s365        ,  1.902823636872192e-01, -9.823818690442598e-02,  0.000000000000000e+00,  1.568407129985919e-01,  2.870559601867048e+01
s366        ,  1.236798092554710e+00,  4.536746394671398e-01,  0.000000000000000e+00,  1.437990924237988e-01,  2.261591859367851e+01
s367        ,  9.184480967949832e-01,  3.743472071178138e-01,  0.000000000000000e+00,  2.483277808433963e-01,  1.954657220007957e+01
s368        ,  1.622937156969907e-01,  4.299244368120796e-01,  8.393175983005122e-02,  1.743860719399621e-01,  2.980881374303988e+01
s369        ,  9.732086991131187e-01,  8.038154166693676e-01,  0.000000000000000e+00,  1.235341519338762e-01,  1.921332368586515e+01
s370        , -8.475872099006456e-01, -7.096003322254365e-01,  0.000000000000000e+00,  6.675462334138289e-03,  4.177664960747892e+01
s371        ,  5.916391131784778e-01,  8.380929074625763e-01,  0.000000000000000e+00,  4.599798176069945e-02,  2.178342221892313e+01
s372        ,  7.596908414790237e-01,  1.054414983281972e+00,  0.000000000000000e+00,  5.978361422322245e-02,  1.867042076793521e+01
s373        , -1.946434670867690e+00, -8.421989507943204e-01,  4.544667590027700e-02,  1.714383549030287e-02,  4.733544537590977e+01
s374        , -9.564014283175247e-01, -8.876372769373027e-01,  0.000000000000000e+00,  1.220606658481093e-01,  3.946889377272138e+01
s375        ,  7.284511861928944e-01,  5.768188850686800e-01,  0.000000000000000e+00,  1.177885367224596e-02,  2.621841457565681e+01
s376        ,  2.037232105036609e+00,  1.542431092569455e+00,  0.000000000000000e+00,  1.669242654316134e-01,  8.725616599741565e+00
s377        ,  7.637732850848319e-01,  8.128599352219299e-01,  0.000000000000000e+00,  2.431734311481345e-01,  1.450801426385288e+01
s378        ,  9.950925555332778e-01,  3.720203430079683e-01,  3.526637131080694e-02,  2.075797373214320e-01,  2.453714711320782e+01
s379        , -8.163846007494809e-01, -9.777460809984997e-01,  0.000000000000000e+00,  4.857238284536107e-02,  4.336884002852866e+01
s380        , -9.184292068832667e-01, -7.669657616559773e-01,  6.759512848901579e-03,  1.671663266821075e-01,  3.694571689011237e+01
s381        ,  1.520868814304400e-01,  4.054119242060068e-01,  0.000000000000000e+00,  1.020441501865413e-01,  2.479675150420119e+01
s382        , -7.921265824309521e-01, -6.412267719063012e-01,  3.361140971097216e-02,  1.968671368045600e-02,  4.369774984957406e+01
s383        ,  6.672838300456270e-01,  3.251407723534161e-02,  0.000000000000000e+00,  5.157630193743810e-02,  3.118910972589268e+01
s384        , -8.703903476353083e-01, -1.095804336986341e+00,  0.000000000000000e+00,  2.452564785251684e-01,  3.722081176373991e+01
s385        ,  8.850482925000750e-01,  6.594821556545061e-01,  0.000000000000000e+00,  1.346025481515579e-01,  2.051160101685860e+01
s386        ,  9.061627662896372e-01,  9.880757258581263e-01,  0.000000000000000e+00,  5.543248579548969e-02,  1.962982734782582e+01
s387        , -1.106690246889199e+00, -1.298496392657741e+00,  0.000000000000000e+00,  1.651406447761375e-02,  4.843105286756394e+01
s388        ,  2.054813205480301e+00,  1.515518156012637e+00,  0.000000000000000e+00,  1.472455694032074e-01,  9.803185486693927e+00
s389        ,  5.830110458201296e-01,  7.543606570148274e-01,  0.000000000000000e+00,  1.635120916908447e-01,  1.826769471763716e+01
s390        ,  4.058167767744562e-02,  5.284323816742682e-01,  9.896949290888685e-03,  7.866508315778814e-03,  2.789988381158177e+01
s391        , -3.572825686809577e-01, -1.793346598603183e-01,  1.999231064975009e-02,  1.144371635977273e-02,  3.718684334308976e+01
s392        , -7.654037138178209e-02,  4.230164854627283e-02,  0.000000000000000e+00,  5.800868893627285e-02,  3.082505553319653e+01
s393        ,  3.686774220084653e-01, -2.608717013333410e-01,  0.000000000000000e+00,  8.260093388061256e-03,  3.635714115865797e+01
s394        , -2.015273820649741e-01, -1.298199263531121e+00,  0.000000000000000e+00,  2.082731622082446e-01,  4.105890082696051e+01
s395        , -6.768380070474944e-01, -1.274707092397818e-01,  0.000000000000000e+00,  4.379749325097370e-01,  1.825172001465239e+01
s396        , -1.571978956162156e+00, -4.951302086294302e-01,  0.000000000000000e+00,  2.469583488087789e-01,  2.998229912528879e+01
s397        , -4.953598502673374e-01, -5.197361568081877e-01,  2.468444179898811e-02,  3.277939719761898e-02,  4.088395295813219e+01
s398        ,  1.555253169293307e-01,  1.282036744412402e+00,  0.000000000000000e+00,  9.522602074298694e-02,  1.459029004583513e+01
s399        , -1.863721424692930e+00, -8.659465309695054e-01,  0.000000000000000e+00,  1.393585794822577e-02,  4.336471034685320e+01
s400        , -1.580914135378970e+00, -8.870999022795463e-01,  0.000000000000000e+00,  6.444043937990926e-03,  4.390520230045184e+01
s401        , -1.745467987214960e+00, -7.897677146712963e-01,  0.000000000000000e+00,  1.032716741514964e-02,  4.259366881293631e+01
s402        , -6.980793622242578e-01, -8.614754269695246e-01,  0.000000000000000e+00,  1.146705152184676e-01,  3.944045139332242e+01
s403        ,  2.251226886668626e-01,  1.044403027844314e+00,  1.170655567117586e-02,  8.081036339694000e-02,  1.910961923317143e+01
s404        ,  7.040030298805581e-01,  6.623286265282349e-01,  0.000000000000000e+00,  1.767478889006072e-01,  1.885811713588516e+01
s405        ,  7.810975699633602e-01,  3.041732695599375e-01,  0.000000000000000e+00,  1.038441978446293e-01,  2.593655157634026e+01
s406        , -7.486530226048838e-01,  2.227228896898303e-03,  0.000000000000000e+00,  1.341617332607488e-02,  3.301714326177739e+01
s407        , -5.898664718227481e-01, -1.558654630832456e+00,  0.000000000000000e+00,  2.088913661399316e-02,  5.136968621393835e+01
s408        , -1.653430955336652e+00, -7.649356175217243e-01,  1.462773475040986e-02,  7.018934899372472e-03,  4.383325104887645e+01
s409        ,  3.615421057666912e-01,  3.236556057786184e-01,  7.380835224837701e-02,  1.429611274365108e-02,  3.625440188683046e+01
s410        , -1.927277741805878e+00, -4.263314791042387e-01,  0.000000000000000e+00,  3.052117480108549e-02,  3.747761249159315e+01
s411        , -7.559092474121807e-01, -9.696654805793545e-01,  0.000000000000000e+00,  9.821880925168688e-02,  4.136461193946003e+01
s412        ,  1.873884464024186e+00,  9.298577880452348e-01,  0.000000000000000e+00,  1.071022613518430e-01,  1.833957161998286e+01
s413        , -8.487613459239005e-02,  2.550107294402468e-01,  9.997519995039990e-02,  1.076326301050880e-01,  3.600805005004054e+01
s414        , -7.984251397438490e-02, -1.554415468319887e-01,  0.000000000000000e+00,  2.155933063705067e-01,  2.713105753391781e+01
s415        ,  3.823952603345893e-01, -2.335286393172620e-02,  6.113062547303460e-02,  5.449204594724094e-02,  3.763254983940028e+01
s416        , -9.819900149129634e-01, -6.655405493219479e-01,  0.000000000000000e+00,  5.413754919191559e-03,  4.129898036536161e+01
s417        , -1.482842264827313e+00, -1.116469609641258e+00,  3.921253192302279e-02,  4.296522815747220e-03,  5.050390349882506e+01
s418        ,  5.288306085486905e-02,  4.284396857344754e-01,  0.000000000000000e+00,  3.026609288126769e-03,  2.832664263317324e+01
s419        , -1.062501299146121e+00, -8.939934021830798e-01,  0.000000000000000e+00,  4.625247418231651e-02,  4.245782993020573e+01
s420        ,  1.615525737358243e+00,  1.274019828662501e+00,  0.000000000000000e+00,  1.535670589266395e-01,  1.244419262374462e+01
s421        , -8.420822469136371e-01,  3.034669555488456e-02,  0.000000000000000e+00,  2.516079756159255e-01,  2.352850335439448e+01
s422        , -2.976491469173829e-01, -1.169811927122582e-01,  5.396960934619340e-02,  1.627369333270039e-02,  3.952945456908657e+01
s423        ,  2.602465190009081e-01, -1.598095679653491e-01,  0.000000000000000e+00,  6.009562857567037e-02,  3.315842894160650e+01
s424        , -1.598544685575904e-02,  4.597265552158145e-01,  0.000000000000000e+00,  2.922867167691309e-01,  1.683780931883462e+01
s425        , -6.873434672527886e-01,  1.187402413194243e-01,  6.850302447848945e-02,  2.559287238099617e-02,  3.775633289810512e+01
s426        ,  3.868281565378119e-01,  9.245811480944626e-01,  0.000000000000000e+00,  7.446273971645355e-02,  1.965680202508569e+01
s427        , -4.350921811790252e-01, -3.709685288217788e-01,  0.000000000000000e+00,  1.006781210505893e-01,  3.412060458226970e+01
s428        ,  1.434023500487657e+00,  5.340829497884498e-01,  0.000000000000000e+00,  5.694800788728648e-02,  2.499307144434241e+01
s429        , -1.410084545291046e-01,  4.173769975831432e-02,  1.444924000750610e-02,  9.017688421453973e-02,  3.098748845660091e+01
s430        , -2.958129836419498e-04, -2.723135819573663e-02,  0.000000000000000e+00,  2.528056968892538e-01,  2.417006351488394e+01
s431        ,  4.037460271826608e-01,  7.052835678076441e-02,  0.000000000000000e+00,  2.383103884346505e-02,  3.180130113021160e+01
s432        , -1.066289337790875e+00,  1.867304224854003e-01,  0.000000000000000e+00,  2.194302619662148e-01,  2.289747625180543e+01
s433        ,  1.465780698491131e-01, -5.547936331646230e-01,  0.000000000000000e+00,  3.535922286434415e-02,  3.882577020691254e+01
s434        ,  4.355472814078696e-01,  6.631518313183484e-01,  2.053417836124943e-02,  1.165773053371014e-01,  2.313835205547971e+01
s435        ,  1.360224600447043e-01, -2.971214724933584e-01,  0.000000000000000e+00,  5.287614965030823e-03,  3.690424933104495e+01
s436        , -1.176834064700477e+00, -5.887257454253669e-01,  0.000000000000000e+00,  1.024948943772633e-01,  3.665120052845833e+01
s437        ,  4.255542297351823e-01, -3.410388457587374e-01,  0.000000000000000e+00,  3.945524276028427e-02,  3.611576326338057e+01
s438        ,  4.759340095896714e-01,  2.692475958666174e-02,  0.000000000000000e+00,  5.399583073813310e-02,  3.116288242536798e+01
s439        , -1.323840968987944e+00, -6.732416733871331e-01,  6.805293005671077e-02,  5.799928890630269e-03,  4.793121956929873e+01
s440        ,  1.911375936580772e+00,  2.278312455330536e-01,  0.000000000000000e+00,  6.753781356959057e-02,  2.824333306539883e+01
s441        , -5.968585101940267e-01, -5.605252939122729e-01,  0.000000000000000e+00,  1.480803642556813e-01,  3.456275345254566e+01
s442        ,  1.602708630643593e+00,  1.134910472793308e+00,  2.842724476693840e-02,  5.469715686519362e-02,  2.064283448041014e+01
s443        , -3.418194688489122e-01, -1.128863017068785e+00,  0.000000000000000e+00,  1.185609495183880e-01,  4.248403890899925e+01
s444        ,  7.637447106545252e-02, -3.023223002733779e-01,  0.000000000000000e+00,  7.420924644594000e-02,  3.431794914812853e+01
s445        ,  1.017156754691856e+00,  3.415186453710293e-01,  0.000000000000000e+00,  2.849651050838976e-02,  2.838591868779463e+01
s446        ,  1.325048844178530e-01, -8.019906623018969e-02,  1.544090614660108e-02,  6.416229606975922e-02,  3.353879690143341e+01
s447        , -1.204238242348799e-02, -3.157420513599085e-02,  0.000000000000000e+00,  1.718935626141044e-01,  2.733108348087994e+01
s448        ,  1.955645847805345e-01, -2.846713998719546e-01,  0.000000000000000e+00,  2.645660344433592e-02,  3.594212621559957e+01
s449        ,  1.023488117482966e+00, -5.269921583299597e-02,  0.000000000000000e+00,  1.210436165170327e-01,  2.953733187591137e+01
s450        ,  1.292595058164963e+00,  4.725598224310708e-01,  0.000000000000000e+00,  1.505287365728345e-01,  2.213180024965412e+01
s451        , -1.076547322827218e+00, -1.004332208114147e+00,  1.247165532879818e-02,  8.619513580094036e-02,  4.344193682160918e+01
s452        ,  1.041326926021928e+00,  6.990803390892584e-01,  1.269333333333333e-01,  1.434309710790571e-02,  3.688655568590864e+01
s453        , -2.986039119797083e-01,  5.823711670318588e-02,  5.760000000000000e-02,  1.712957409191223e-02,  3.775384120410198e+01
s454        , -1.068578759667890e+00, -1.147783907912862e+00,  0.000000000000000e+00,  1.674053274453393e-03,  4.720152570366658e+01
s455        , -1.019022963464540e-01, -5.148085764379142e-01,  0.000000000000000e+00,  3.186497492669024e-02,  3.848254883452358e+01
s456        , -1.276108587100781e+00, -4.922739959658768e-01,  4.361228202028123e-02,  1.988272037194859e-02,  4.287477883929385e+01
s457        , -1.562653854847452e+00, -9.880392337360822e-01,  0.000000000000000e+00,  8.615594839172068e-03,  4.502715240535644e+01
s458        , -1.571215894852859e-01, -2.243497495128199e-01,  0.000000000000000e+00,  6.514144063549647e-02,  3.373526115833575e+01
s459        , -7.908915586506603e-01, -1.200074509320785e+00,  0.000000000000000e+00,  2.005139387524787e-01,  4.018527568088187e+01
s460        ,  1.259413921430306e+00,  5.341338742059052e-01,  1.721935127095212e-02,  1.274549361462509e-01,  2.394177130288341e+01
s461        , -2.175818754703068e+00, -1.182090377018623e+00,  0.000000000000000e+00,  6.240057843793578e-03,  4.743575094970674e+01
s462        ,  1.056177437374778e+00,  1.143897917664578e+00,  5.522682445759369e-03,  1.783399658971554e-01,  1.357811223292807e+01
s463        ,  7.682398919925580e-01,  3.254211182189386e-01,  1.010848126232742e-01,  3.484334034611847e-02,  3.807113433012490e+01
s464        , -1.670624175566991e+00, -2.669644826627109e-01,  8.674893102314082e-02,  3.552261823737871e-02,  4.373828251311836e+01
s465        ,  3.572362737692146e-01,  2.940102056561598e-01,  1.757080383173678e-02,  2.137833728363040e-02,  3.091926501388685e+01
s466        , -1.202841334482274e+00, -4.070327644096934e-01,  3.654354303704953e-02,  7.888679315128115e-02,  3.890864805525440e+01
s467        , -9.998937028287649e-01, -7.450113027137037e-01,  3.482263168253872e-02,  6.665035873104476e-02,  4.324914907200974e+01
s468        , -9.085815979292671e-01, -6.282211233805151e-01,  0.000000000000000e+00,  8.044548011266749e-02,  3.797012418192076e+01
s469        ,  1.368123103534693e+00,  8.316551029122943e-01,  2.117439466718949e-02,  8.637392899898516e-02,  2.234839750583180e+01
s470        ,  6.270281968061773e-01, -5.842232272376213e-02,  0.000000000000000e+00,  9.643008880967135e-02,  3.055148417109787e+01
s471        , -2.645435144970038e-02,  6.595521244290747e-03,  0.000000000000000e+00,  1.598176242695879e-02,  3.286639184657691e+01
s472        , -9.877961354209571e-01, -2.407384673197073e-01,  7.586974403638652e-02,  1.578394665054394e-02,  4.313565849729601e+01
s473        ,  9.062936723193105e-01,  9.129900652302769e-02,  0.000000000000000e+00,  4.982729919568534e-02,  3.055432106715008e+01
s474        , -1.654729567131913e+00, -1.087989719192748e+00,  0.000000000000000e+00,  7.993393478150371e-02,  4.348023464373947e+01
s475        ,  1.613264697983012e+00,  1.230013693653338e+00,  0.000000000000000e+00,  1.564402243690324e-01,  1.285929875121753e+01
s476        ,  6.116129809221721e-01, -1.064058776765577e-01,  0.000000000000000e+00,  5.046890754853246e-01,  1.543658695243021e+01
s477        ,  5.840337661930540e-01, -8.274618921797976e-01,  0.000000000000000e+00,  1.220627847882514e-01,  3.875021137693065e+01
s478        , -1.152221920522414e+00, -1.595961417516081e+00,  0.000000000000000e+00,  7.974394990324374e-02,  4.955361936680900e+01
s479        , -5.094753281829528e-01, -4.265284298970369e-01,  0.000000000000000e+00,  3.028140313865548e-02,  3.748917798567091e+01
s480        ,  2.973171178971666e-01,  1.398167510981481e+00,  0.000000000000000e+00,  2.356310984169682e-01,  7.808226613211845e+00
s481        , -1.675140558535767e+00, -4.769302439922196e-02,  0.000000000000000e+00,  1.486995641121297e-01,  2.841483170799186e+01
s482        ,  5.105384321341787e-01,  2.237419713677846e-01,  0.000000000000000e+00,  2.541104692819598e-01,  2.112285855001874e+01
s483        ,  6.412437341666034e-01,  3.992935675431841e-02,  0.000000000000000e+00,  3.009228968329261e-01,  2.151907652894445e+01
s484        ,  2.259666720581154e+00,  1.324164102589293e+00,  0.000000000000000e+00,  3.059185440130486e-01,  5.991068181841703e+00
s485        , -6.133731587036793e-02, -8.547803572389694e-01,  0.000000000000000e+00,  2.293050160642029e-01,  3.495551396980031e+01
s486        ,  1.705016907792880e+00,  8.007843268041381e-01,  0.000000000000000e+00,  1.285411127884263e-01,  1.905712101078659e+01
s487        , -8.949077256537035e-01, -3.081671121121912e-01,  0.000000000000000e+00,  1.575440230915302e-01,  3.118549459875831e+01
s488        ,  4.414328374469543e-01,  1.208271010005610e-01,  0.000000000000000e+00,  2.296506457005626e-02,  3.123392102536461e+01
s489        ,  1.128277752007163e+00,  3.551196428466175e-01,  6.943837889772032e-02,  1.221294870213815e-02,  3.553778159133512e+01
s490        ,  1.504039442617624e+00,  1.477201063047074e+00,  0.000000000000000e+00,  9.805557315008170e-02,  1.215095205177760e+01
s491        , -5.198334157682939e-01, -6.394469715594879e-01,  2.571332379429341e-02,  9.966873941371860e-03,  4.328922066982334e+01
s492        ,  1.151627147663105e+00,  1.089973149040953e-01,  0.000000000000000e+00,  7.972324722609581e-02,  2.919417942091792e+01
s493        , -8.097664188918847e-01,  5.877277366561757e-01,  0.000000000000000e+00,  1.850833447920765e-01,  1.942868304656507e+01
s494        ,  6.975315577850427e-01,  3.315124541078198e-01,  1.041666666666667e-01,  1.647455440700317e-02,  3.900109424597271e+01
s495        ,  5.757891210893782e-02, -2.408073203866370e-01,  0.000000000000000e+00,  1.334619455114660e-03,  3.638365755597275e+01
s496        ,  1.842735197085195e-01,  1.194938158962764e+00,  0.000000000000000e+00,  1.283613009901969e-01,  1.435713370335540e+01
s497        , -3.806010851052651e-01, -6.096931919915809e-01,  0.000000000000000e+00,  3.953369668473716e-02,  3.932095862083101e+01
s498        ,  2.924357353950326e-01,  5.227468610467207e-01,  0.000000000000000e+00,  1.775592840652736e-01,  2.049379236823762e+01
s499        , -7.813708299191795e-01, -4.563393804955420e-01,  5.228337589736372e-02,  2.018035746526934e-02,  4.326945086834183e+01
s500        ,  1.758078897939560e-01, -2.334823343315011e-01,  0.000000000000000e+00,  7.214728658510532e-02,  3.357511129517637e+01
s501        ,  5.268597846364341e-01, -2.123081880329147e-01,  0.000000000000000e+00,  1.211218416353664e-01,  3.144034058205410e+01
s502        , -1.555727833576514e+00, -2.686939614212971e-01,  0.000000000000000e+00,  1.358834394090472e-02,  3.624580757267098e+01
s503        ,  1.172585934883691e+00,  1.255912963582607e+00,  0.000000000000000e+00,  1.125346762587839e-01,  1.423714578984455e+01
s504        ,  2.953705009587212e-01, -2.868592647486050e-01,  0.000000000000000e+00,  1.190485042321089e-02,  3.652742408319364e+01
s505        ,  1.048522988543107e+00,  1.357372895072781e+00,  1.248699271592092e-02,  1.179339723656447e-01,  1.402085267038216e+01
s506        ,  3.661355339494777e-01, -2.937708048417140e-01,  0.000000000000000e+00,  2.011200190121724e-02,  3.629458920454463e+01
s507        ,  7.001138090247848e-01,  1.135512082609207e-01,  0.000000000000000e+00,  1.377887463725218e-01,  2.690855217260460e+01
s508        ,  5.464601963517309e-01,  5.618241120609557e-02,  0.000000000000000e+00,  1.219708347676805e-01,  2.820146224166356e+01
s509        ,  2.946634304577050e-01,  4.295672648131905e-01,  8.625000000000001e-02,  6.559345023496070e-02,  3.421688485455473e+01
s510        , -1.105581921856613e+00, -5.942127466412481e-01,  0.000000000000000e+00,  1.157773376170173e-01,  3.620632914589883e+01
s511        ,  1.309201174401844e+00,  4.283500779030227e-01,  0.000000000000000e+00,  2.123130968155369e-01,  2.028559515885582e+01
s512        ,  7.885562671323767e-01,  6.354095309175123e-01,  1.216287432574865e-01,  3.342369041348621e-02,  3.640274250419654e+01
s513        , -5.799590652888761e-01, -3.717800345854352e-01,  0.000000000000000e+00,  9.052493060343841e-03,  3.765113461036454e+01
s514        ,  1.756955937636850e+00,  1.323979463153419e+00,  0.000000000000000e+00,  1.791959553257254e-01,  1.086276069855812e+01
s515        ,  1.301480913945962e+00,  4.929403858473220e-01,  1.476112495550018e-01,  1.531125133660955e-02,  4.130280463054367e+01
s516        ,  1.639096205345820e+00,  7.817610455256045e-01,  0.000000000000000e+00,  1.690445644731362e-01,  1.772789263121677e+01
s517        ,  1.265571797582470e+00,  1.487122027579942e+00,  5.796401400797005e-03,  1.003540926050553e-01,  1.250248549689104e+01
s518        ,  1.441905473368953e+00,  6.836482200907414e-01,  1.379978095585784e-01,  6.187623871783556e-02,  3.631008889920820e+01
s519        , -3.428509295553605e-01, -1.942992974067550e-01,  0.000000000000000e+00,  3.288363195260811e-01,  2.324357149657408e+01
s520        , -7.417091464175269e-01,  2.647260765350721e-01,  0.000000000000000e+00,  1.069367378623824e-01,  2.628878607326972e+01
s521        , -3.011966055380439e-01, -6.770579419178295e-01,  0.000000000000000e+00,  1.236072197887779e-01,  3.689477406286055e+01
s522        , -6.069082570615003e-01, -3.715378819701756e-01,  2.737408688965782e-03,  7.961981379852648e-02,  3.520027519702967e+01
s523        ,  1.256149620532759e+00,  8.854912068567338e-01,  2.678298132843588e-02,  7.841437160600113e-02,  2.255159570413579e+01
s524        ,  7.847794981407885e-02,  1.466802579728794e-01,  0.000000000000000e+00,  4.807829844400981e-01,  1.333291300108837e+01
s525        ,  7.540604241380651e-01, -5.148429594072423e-02,  4.231111111111112e-02,  4.241660899876352e-02,  3.661973798824480e+01
s526        ,  6.882803931636600e-01,  8.414281633884046e-01,  0.000000000000000e+00,  1.670050016974052e-01,  1.709373423798042e+01
s527        , -3.347470952839998e-01, -4.489206864232995e-01,  0.000000000000000e+00,  3.384029392273989e-01,  2.591659276318740e+01
s528        , -8.880876507782669e-01, -1.533776735184901e+00,  0.000000000000000e+00,  9.229575046562707e-02,  4.832870382703584e+01
s529        ,  9.212434057068956e-01,  1.589865265115250e+00,  0.000000000000000e+00,  1.920987586937909e-01,  7.191804233438536e+00
s530        ,  1.578253206298823e+00,  1.064422057282966e+00,  0.000000000000000e+00,  4.562903046994088e-02,  1.909482763708949e+01
s531        , -1.270304683847079e+00, -5.857784729372946e-01,  0.000000000000000e+00,  3.880037080544135e-02,  3.906355344290748e+01
s532        , -1.264611305197325e-01, -2.741634290170483e-01,  0.000000000000000e+00,  3.655200555644834e-03,  3.669281725666642e+01
s533        ,  8.237391297987287e-01,  6.559157429266405e-01,  0.000000000000000e+00,  1.311387992566501e-01,  2.068728957519809e+01
s534        ,  1.456467143630557e+00,  4.119264340156386e-01,  0.000000000000000e+00,  2.711780660687184e-01,  1.821975623908793e+01
s535        , -1.038398689934332e+00, -3.056564181069747e-01,  0.000000000000000e+00,  2.201978606896616e-02,  3.636321533925979e+01
s536        ,  5.135961834965114e-02,  3.554371322578156e-01,  7.174744897959184e-02,  5.075838359397065e-02,  3.427524780034817e+01
s537        , -8.440212331633648e-02,  2.288207297949008e-01,  0.000000000000000e+00,  1.005203489464429e-01,  2.696411814479836e+01
s538        , -1.317636610189324e+00, -3.880236760441638e-01,  0.000000000000000e+00,  3.827469191546833e-02,  3.672220985734952e+01
s539        ,  2.901282138702423e-01, -2.285091532391239e-01,  0.000000000000000e+00,  1.803456504200996e-02,  3.559507750499940e+01
s540        , -9.824868919009930e-02,  2.605211812547583e-01,  0.000000000000000e+00,  2.426112938181342e-01,  2.112552089591410e+01
s541        , -2.175405710121729e+00, -7.062984776592973e-01,  0.000000000000000e+00,  3.925058985938114e-02,  4.048547607846911e+01
s542        ,  2.591231555634873e-01, -6.086496352330006e-01,  0.000000000000000e+00,  1.483363027470372e-01,  3.512760877829908e+01
s543        , -1.058007309971475e+00, -1.283943252220203e+00,  0.000000000000000e+00,  3.491271670618770e-01,  3.547615227714644e+01
s544        ,  3.414925189823615e-01,  1.246628472127351e-01,  0.000000000000000e+00,  2.634093236488435e-01,  2.194871815931615e+01
s545        , -3.918998056173664e-01, -8.066933345120209e-02,  0.000000000000000e+00,  6.375628126066848e-02,  3.207268842746910e+01
s546        ,  5.616853932534657e-01,  6.656973413969922e-01,  0.000000000000000e+00,  3.122649547411577e-02,  2.440974589699614e+01
s547        , -1.305950209492647e+00, -1.274644661087876e+00,  0.000000000000000e+00,  7.484595985241281e-02,  4.590473851881993e+01
s548        , -3.050762501887698e-01, -3.266943361468346e-01,  0.000000000000000e+00,  6.893349017779159e-02,  3.481172264459872e+01
s549        ,  1.039973910986755e+00,  1.199962960363267e+00,  0.000000000000000e+00,  3.110664925398921e-01,  7.276433501553536e+00
s550        ,  2.095033672336811e+00,  1.453304154420662e+00,  0.000000000000000e+00,  1.741785339307849e-01,  9.511195420927706e+00
s551        , -1.303711602903422e+00, -9.964445026008408e-01,  0.000000000000000e+00,  4.584566772583977e-02,  4.369691012516434e+01
s552        ,  3.401293169548340e-01,  6.849636334446163e-01,  0.000000000000000e+00,  8.950443182627101e-02,  2.194026328916914e+01
s553        , -5.647880997296291e-02,  6.040545330788216e-01,  9.570275849127415e-02,  3.861179050516951e-02,  3.408052902257425e+01
s554        , -1.031552667181043e+00, -8.863204385374708e-01,  0.000000000000000e+00,  2.458638146363021e-02,  4.319875015732007e+01
s555        , -8.490058291493486e-01,  1.841914295514582e-01,  0.000000000000000e+00,  1.705276561948958e-01,  2.480694538673738e+01
s556        , -7.911863624049645e-01, -3.050924874992154e-01,  4.294149221685454e-03,  1.030742843480292e-01,  3.365548036831154e+01
s557        ,  2.474068956648234e-01,  5.627495938441716e-01,  0.000000000000000e+00,  1.851150540262021e-01,  1.972574796549881e+01
s558        , -5.007238229142659e-01, -3.095894056008368e-01,  3.910166891783613e-02,  2.045072102682452e-02,  4.023689499913129e+01
s559        ,  2.118829903875907e-01,  3.651402707353135e-02,  0.000000000000000e+00,  1.310566705694241e-01,  2.808720209988544e+01
s560        ,  1.297132454751414e+00,  5.268263097703305e-01,  9.698791066184005e-02,  8.917267460413953e-03,  3.626761423187858e+01
s561        , -5.288135218546877e-01,  5.510532442178355e-01,  0.000000000000000e+00,  2.080056349429351e-01,  1.898582149080930e+01
s562        , -7.943538387030608e-01, -3.422704708627458e-01,  4.285714285714286e-02,  7.835103394954175e-03,  4.147367853642206e+01
s563        , -1.695221398164226e+00, -3.147986533563469e-01,  0.000000000000000e+00,  1.817417620704020e-01,  3.033485599227171e+01
s564        , -8.235878596232100e-01, -8.227094466100158e-01,  0.000000000000000e+00,  2.958804024619009e-02,  4.224692640069939e+01
s565        ,  5.786852470915556e-01,  8.760952296850810e-03,  3.474122546103510e-02,  1.234113717310490e-02,  3.632683381063698e+01
s566        , -8.302212330074120e-01, -3.179224963232450e-01,  5.276450779230949e-02,  1.460870092792866e-02,  4.187695032471635e+01
s567        ,  5.393556498613845e-01,  7.214056504306328e-01,  0.000000000000000e+00,  4.010796826843429e-02,  2.340320708699122e+01
s568        ,  6.041187276553233e-01,  2.968179312408736e-01,  4.227231915358295e-02,  3.113113376325773e-02,  3.289031389742797e+01
s569        ,  5.614800719887969e-01,  1.680468049761199e-01,  0.000000000000000e+00,  4.525914126407194e-02,  2.981335371372938e+01
s570        ,  4.733969246303091e-01, -6.409764563400389e-02,  0.000000000000000e+00,  9.337095829379981e-03,  3.396592415783654e+01
s571        ,  5.730080514530492e-01,  2.149097910551179e-01,  6.648199445983378e-02,  1.716087586611198e-02,  3.673723539618737e+01
s572        ,  2.101230454819456e+00,  1.585850008697225e+00,  0.000000000000000e+00,  6.718747507074278e-02,  1.203963926321507e+01
s573        , -3.811463660619586e-01, -9.573495895791773e-01,  0.000000000000000e+00,  1.322226867041604e-01,  3.991089314884486e+01
s574        ,  6.881700420271470e-01,  1.788651172574496e-01,  0.000000000000000e+00,  1.754037242697580e-01,  2.468318147689354e+01
s575        ,  3.262214597255070e-01,  4.089538684554395e-02,  0.000000000000000e+00,  7.911903596362023e-02,  3.003065503749596e+01
s576        , -9.238693298049329e-01, -9.151364822550390e-01,  0.000000000000000e+00,  1.090739123739369e-01,  4.029631676784506e+01
s577        , -6.565756372879820e-01, -1.947165345984896e-01,  0.000000000000000e+00,  7.602932788922012e-02,  3.296300608372372e+01
s578        ,  6.712394147332968e-01,  5.383739208542173e-01,  1.037886485701844e-01,  6.578552762380668e-02,  3.459954767866300e+01
s579        ,  5.839122855740915e-01,  1.720601678249776e-01,  4.789201183431953e-02,  2.624868357384158e-02,  3.510906782553572e+01
s580        ,  8.930567879170549e-01,  1.036671564344434e+00,  0.000000000000000e+00,  1.826589784388052e-01,  1.416065593645866e+01
s581        ,  2.904861379712105e-01,  3.637941683826695e-01,  0.000000000000000e+00,  1.690632964632444e-02,  2.856527782128995e+01
s582        ,  1.328044708555014e+00,  7.006616700296571e-01,  0.000000000000000e+00,  2.036563893853892e-01,  1.736635683227841e+01
s583        , -1.299353843688629e-01, -1.558494903584910e-01,  1.862839989339169e-02,  4.832684384194087e-03,  3.702904959245851e+01
s584        ,  3.159094534140009e-01,  1.169368687174969e+00,  2.534402221941674e-02,  2.312753501489027e-02,  2.114746024325717e+01
s585        ,  6.465779848987862e-01,  1.627238400123623e+00,  0.000000000000000e+00,  1.688598000165945e-01,  7.638491174282071e+00
s586        , -1.841977151216957e+00, -1.301167605006913e+00,  0.000000000000000e+00,  6.108376064669558e-02,  4.675030077438686e+01
s587        , -1.519059721495913e+00, -1.499702464132978e+00,  0.000000000000000e+00,  1.333123632073126e-02,  5.095611522193848e+01
s588        ,  9.387912361205540e-01,  1.178862554477615e-01,  0.000000000000000e+00,  3.219402009688501e-01,  1.978051423921547e+01
s589        ,  7.816518315318010e-01, -5.655186022089431e-02,  0.000000000000000e+00,  3.204196632723805e-02,  3.300334858954828e+01
s590        ,  1.602915956175816e+00,  3.803452370057212e-01,  0.000000000000000e+00,  2.000726715181006e-01,  2.132921318933778e+01
s591        ,  6.259814475720534e-01,  3.942501255029374e-01,  5.592293098049329e-02,  7.490056785884549e-03,  3.395011905001932e+01
s592        , -1.866544971407417e+00, -1.652163273134455e+00,  0.000000000000000e+00,  2.304859375011019e-02,  5.240336541190018e+01
s593        , -1.403474560349544e+00, -7.019871876254888e-01,  0.000000000000000e+00,  1.441257192293350e-01,  3.640402232322896e+01
s594        , -1.647273275131083e+00, -5.026996116825169e-01,  2.048707294552170e-02,  1.458521030275697e-02,  4.097533638993095e+01
s595        , -6.257274702470921e-01,  1.259919080831548e+00,  0.000000000000000e+00,  2.186271048400495e-01,  1.011255996406214e+01
s596        , -8.694069998626693e-01, -1.056925276543823e+00,  0.000000000000000e+00,  7.788963380481709e-02,  4.318782506611387e+01
s597        ,  1.839102866755815e+00,  7.013717439375027e-01,  0.000000000000000e+00,  2.636852783253467e-01,  1.505118569563435e+01
s598        , -9.091043104888927e-01, -1.322334590727849e-01,  0.000000000000000e+00,  1.090463819215709e-01,  3.094812203728514e+01
s599        ,  1.564046405735407e+00,  1.477000674841540e+00,  0.000000000000000e+00,  1.232951129370157e-01,  1.118348144442047e+01
s600        ,  2.905731218387104e-01, -1.358883273786110e+00,  0.000000000000000e+00,  7.798111353671298e-02,  4.679022463351467e+01
s601        ,  3.859556967138554e-01, -9.814489271195459e-02,  0.000000000000000e+00,  5.097476577900055e-02,  3.277252473685527e+01
s602        , -1.440073457507333e+00, -8.944518963553505e-01,  0.000000000000000e+00,  6.961104693851108e-02,  4.156572027953718e+01
s603        , -1.400421335117203e+00, -7.854867083467063e-01,  0.000000000000000e+00,  1.902583806863418e-02,  4.220828775883378e+01
s604        , -1.410598066968925e+00, -8.354409161241789e-01,  0.000000000000000e+00,  6.641835985753654e-02,  4.098370770268500e+01
s605        , -1.621387133323042e-01, -1.164242607940866e+00,  0.000000000000000e+00,  2.560489302290399e-01,  3.762337165764368e+01
s606        , -9.979698047533581e-01, -2.256020571678659e-01,  0.000000000000000e+00,  1.941825188096532e-01,  2.879163723440539e+01
s607        ,  8.102904644198851e-01,  6.381683483129397e-01,  0.000000000000000e+00,  1.706051479238271e-01,  1.938267693483937e+01
s608        ,  6.515689709358394e-01, -5.145836115060076e-02,  0.000000000000000e+00,  6.673753331641394e-02,  3.160929887645259e+01
s609        ,  1.387300347613353e-02, -4.374512337618000e-01,  0.000000000000000e+00,  3.933610741448048e-02,  3.727167635347405e+01
s610        ,  1.548918422462740e-02, -1.201789181318049e-01,  0.000000000000000e+00,  6.766668726407914e-02,  3.239424038020063e+01
s611        ,  1.874583079024923e-01,  4.734653233852892e-02,  0.000000000000000e+00,  1.662750987995153e-01,  2.660452680629874e+01
s612        , -6.619121708260401e-01, -2.922348246593676e-01,  0.000000000000000e+00,  9.198166511890364e-02,  3.351455744547491e+01
s613        ,  1.853178585757171e+00,  1.303127882224740e+00,  0.000000000000000e+00,  3.005164880023534e-01,  6.449859355487489e+00
s614        , -3.191525488535211e-01, -8.731553785271329e-02,  2.111414836459610e-02,  6.566275537433719e-02,  3.411259098578391e+01
s615        , -1.037736039722638e-01, -3.681603865301506e-01,  0.000000000000000e+00,  3.904261170776659e-02,  3.645549853992783e+01
s616        , -8.799864633294983e-01, -1.116269972858197e+00,  0.000000000000000e+00,  2.682317522239834e-02,  4.585880417645149e+01
s617        , -1.183843594802836e+00, -1.063927423663898e+00,  0.000000000000000e+00,  1.231761391454972e-01,  4.153124766031642e+01
s618        , -1.123650075268739e+00, -5.192500250151464e-01,  8.582033854451732e-02,  1.889825277826023e-02,  4.730038829208709e+01
s619        ,  9.176659138352714e-01,  3.268748452829577e-01,  0.000000000000000e+00,  4.486181443581337e-01,  1.241704725032378e+01
s620        ,  1.595155267894712e+00,  1.322887241603291e+00,  0.000000000000000e+00,  1.382120823439956e-01,  1.245066475030544e+01
s621        ,  1.133359360912493e+00,  3.312135368019429e-01,  0.000000000000000e+00,  1.849183040966459e-02,  2.889342340906574e+01
s622        , -1.002419121282031e+00, -1.586471952279815e-01,  0.000000000000000e+00,  1.200256225236946e-01,  3.084165672799271e+01
s623        ,  1.034471969936264e-01, -3.596320463578917e-01,  0.000000000000000e+00,  1.848320881280121e-02,  3.714367799240261e+01
s624        ,  1.639327811745190e+00,  6.714586459700038e-01,  0.000000000000000e+00,  1.215919816647273e-01,  2.086852913995162e+01
s625        , -4.972654620844767e-01,  2.908812761554564e-01,  0.000000000000000e+00,  2.861130775996756e-01,  1.909135231065278e+01
s626        ,  3.826916613216537e-01, -2.105776469184475e-01,  0.000000000000000e+00,  1.729712175239480e-02,  3.540928073109596e+01
s627        ,  3.687647283893495e-01, -8.165292897594512e-02,  3.242431620809999e-02,  5.369614348704364e-02,  3.559424046422793e+01
s628        , -2.769187143037049e-02,  1.142289493809710e+00,  0.000000000000000e+00,  2.101592983490800e-01,  1.184265312321594e+01
s629        , -6.084255915863078e-01, -1.322645544392361e+00,  0.000000000000000e+00,  1.608221938810174e-02,  4.873603086516517e+01
s630        ,  2.575662011885660e-01,  5.642804675244601e-01,  9.202526715101018e-02,  1.046413240158534e-02,  3.528288425016390e+01
s631        ,  1.966623425207500e-01, -2.705673037037837e-02,  0.000000000000000e+00,  6.716306324281905e-02,  3.130154849933417e+01
s632        , -1.969402937452174e-01,  6.145967083945272e-01,  0.000000000000000e+00,  3.848212435837534e-02,  2.474117082085431e+01
s633        ,  2.667860134858853e+00,  1.253401613190964e+00,  0.000000000000000e+00,  2.887035439221720e-01,  7.497607748971554e+00
s634        ,  6.040142711820373e-01,  2.050698469298631e-01,  2.948960302457466e-02,  4.759430942699760e-03,  3.376803833849874e+01
s635        ,  1.911892919802316e+00,  7.953636881487918e-01,  0.000000000000000e+00,  5.225168371141007e-01,  3.982800731067963e+00
s636        , -2.071432026808114e-01, -9.626905440278866e-01,  0.000000000000000e+00,  8.445760016719547e-02,  4.181011195924041e+01
s637        , -3.698619835175475e-01, -4.582790972882202e-01,  0.000000000000000e+00,  1.885981498835608e-02,  3.830722738556504e+01
s638        ,  1.470155794820396e-01,  8.295875186005628e-01,  0.000000000000000e+00,  2.370103695054941e-01,  1.454508122286196e+01
s639        ,  1.040284966432418e-01, -5.787901224671601e-01,  0.000000000000000e+00,  4.765317255678355e-02,  3.863991919435531e+01
s640        , -7.663785491668938e-02, -1.015216004018948e-01,  3.654967281380131e-02,  2.913949591756670e-02,  3.717250004246280e+01
s641        ,  1.396787091256105e+00,  8.671208796536827e-01,  0.000000000000000e+00,  1.046524371434033e-01,  1.918289955711553e+01
s642        ,  1.137451761223005e+00,  6.633363558993621e-01,  0.000000000000000e+00,  1.987724490141110e-01,  1.799975941966711e+01
s643        ,  6.186651151125385e-02, -1.366152533671712e-01,  3.002469135802469e-02,  1.699997497880269e-01,  3.155032333104393e+01
s644        , -1.171820789178678e+00, -9.292246722297253e-01,  0.000000000000000e+00,  1.140066998440712e-01,  4.027500571984069e+01
s645        ,  4.823756822475945e-01, -6.752902843649089e-02,  2.965561224489796e-02,  1.802060161484010e-02,  3.652976521352115e+01
s646        ,  8.205150420430783e-01,  1.449834922538968e+00,  0.000000000000000e+00,  1.167493471368060e-01,  1.175941871831299e+01
s647        ,  3.518506790799084e-01,  3.186275586960923e-01,  0.000000000000000e+00,  3.192331892188677e-02,  2.852759915216047e+01
s648        ,  4.210663223398269e-02,  1.038746193008375e+00,  0.000000000000000e+00,  1.745609222398962e-01,  1.444705999422109e+01
s649        ,  5.870347574891153e-01,  1.447610768652843e+00,  0.000000000000000e+00,  8.361360507782649e-02,  1.305926496200420e+01
s650        , -7.940906852652417e-01, -1.189075818808445e+00,  0.000000000000000e+00,  1.842237801143351e-01,  4.067990325330191e+01
s651        ,  1.648126188438620e+00,  1.392726771705845e+00,  0.000000000000000e+00,  1.163119681704906e-01,  1.245819835098145e+01
s652        ,  2.998843396621517e+00,  1.175517879426278e+00,  0.000000000000000e+00,  1.970954556307185e-01,  1.194784308208322e+01
s653        ,  4.493206753989470e-01,  3.826556803377983e-01,  0.000000000000000e+00,  1.350472074760890e-01,  2.380031417033846e+01
s654        ,  8.907143716152747e-01,  2.638683450221637e-01,  0.000000000000000e+00,  2.094179042811759e-01,  2.236105089414226e+01
s655        ,  3.986925365877027e-01,  3.215682057559701e-01,  0.000000000000000e+00,  9.194380720722425e-02,  2.618611381688234e+01
s656        ,  8.200524881394198e-01,  3.796973350102970e-01,  0.000000000000000e+00,  3.916798811620437e-02,  2.751993130177538e+01
s657        ,  2.253026077099692e-01, -1.361100643319046e-01,  0.000000000000000e+00,  3.202918538352652e-02,  3.395390597657906e+01
s658        , -2.085098433395276e+00, -1.623241553754650e+00,  0.000000000000000e+00,  2.805587540238370e-03,  5.283585372319522e+01
s659        , -3.565026754081164e-01, -4.486742899557665e-01,  0.000000000000000e+00,  1.126771016680980e-02,  3.848426586663923e+01
s660        ,  9.769972243844463e-01,  6.054040236322233e-01,  0.000000000000000e+00,  9.287040000112508e-02,  2.276100443863374e+01
s661        ,  7.549182821078513e-01,  1.207558066834847e+00,  0.000000000000000e+00,  1.897725585849664e-01,  1.184661860270594e+01
s662        , -2.199791631405239e+00, -1.443650321436620e+00,  3.864734299516908e-02,  3.237777143765933e-03,  5.439726493347879e+01
s663        ,  6.537369904412298e-01,  8.147428511695836e-01,  0.000000000000000e+00,  6.573821935340077e-02,  2.130371792144664e+01
s664        , -1.032617581813699e+00, -1.136505646604935e+00,  0.000000000000000e+00,  1.648979670593982e-02,  4.649752816697031e+01
s665        , -1.725197455699346e-01,  5.387518619551628e-01,  8.004326663061115e-02,  9.246128510763575e-02,  3.128273796295358e+01
s666        , -9.556704567146261e-01, -5.583939757406919e-01,  0.000000000000000e+00,  2.907005814600606e-02,  3.911043438859834e+01
s667        , -1.074909955617834e+00, -4.811259857950505e-01,  0.000000000000000e+00,  6.792590218793007e-02,  3.669462876744482e+01
s668        ,  8.157451056201822e-01,  6.466222520695082e-01,  0.000000000000000e+00,  3.554696162218643e-01,  1.217805401847514e+01
s669        ,  8.201013628253861e-01,  5.859636728465145e-01,  0.000000000000000e+00,  1.110364305109686e-01,  2.229510235865720e+01
s670        , -8.377594254676489e-01, -2.781522911500800e-01,  1.037104440799320e-01,  1.706424761513395e-02,  4.621496930888910e+01
s671        , -5.700208727194025e-01,  7.123121810187172e-02,  0.000000000000000e+00,  6.147165051811142e-02,  3.034651608792791e+01
s672        , -7.390594172975107e-01, -3.974980705303035e-01,  0.000000000000000e+00,  1.747289627015883e-01,  3.159191025834731e+01
s673        ,  5.527317739358688e-01,  6.739975784442098e-02,  0.000000000000000e+00,  4.639594988390209e-03,  3.257611945558526e+01
s674        , -1.509604783948018e-01,  5.174861076039861e-02,  6.410109658661661e-02,  2.450572584706101e-02,  3.817409683623755e+01
s675        , -7.328015214360988e-01, -6.425569833676414e-01,  4.039256198347107e-02,  5.332569646366216e-03,  4.491839842882205e+01
s676        ,  2.481079887957650e-01,  2.815890718374181e-02,  2.487540049839801e-02,  1.573800571241362e-01,  2.957155702607466e+01
s677        , -1.497784796529649e+00, -9.610693111111073e-01,  2.389053254437870e-02,  8.453840252092994e-02,  4.408887228244017e+01
s678        , -6.955981656855925e-02,  6.649668715314583e-02,  0.000000000000000e+00,  1.553986892239257e-02,  3.216804589216139e+01
s679        ,  6.295281558129771e-01,  4.019724464954950e-01,  5.485051997933559e-02,  2.275432039939851e-02,  3.316805211099097e+01
s680        , -5.120635862296854e-01, -2.597565214564312e-02,  1.083256832144623e-01,  8.777089340472791e-03,  4.396653479308524e+01
s681        , -4.577628444983340e-01, -7.968155726694901e-01,  0.000000000000000e+00,  6.992593063887660e-02,  4.038766932713258e+01
s682        ,  1.425186289801849e+00,  7.720733942335833e-02,  2.663758344900522e-02,  2.484003646976779e-02,  3.424860201667779e+01
s683        , -8.653733268557259e-01, -1.325535654379744e-01,  0.000000000000000e+00,  3.272441219561147e-01,  2.256740014337207e+01
s684        ,  6.149991181690388e-01,  1.475960246578504e+00,  0.000000000000000e+00,  9.853015401047169e-02,  1.214753319007996e+01
s685        ,  1.739338045322249e+00, -2.371859200302597e-01,  0.000000000000000e+00,  6.285194125839431e-02,  3.397652495620339e+01
s686        ,  9.590771410105174e-01, -1.442877465050900e-01,  0.000000000000000e+00,  2.191576264072440e-02,  3.444018403192168e+01
s687        ,  5.412604899045220e-01,  6.291979402297811e-01,  0.000000000000000e+00,  3.302645983601847e-01,  1.335466829606602e+01
s688        , -1.405336687520458e+00, -6.050616696675877e-01,  0.000000000000000e+00,  7.581136349865931e-02,  3.787163139592576e+01
s689        ,  3.354058241185731e-01,  4.586550744482918e-01,  9.070294784580497e-03,  7.695975734049897e-03,  2.866007527742918e+01
s690        , -6.091694712828629e-01, -1.511315236705400e+00,  0.000000000000000e+00,  3.597446514840570e-01,  3.778338635121732e+01
s691        , -6.034950511663356e-01, -1.399109126952718e+00,  0.000000000000000e+00,  4.952527657420226e-02,  4.836404695223738e+01
s692        , -9.120972373870816e-01, -7.773343438556823e-01,  0.000000000000000e+00,  4.926286426483168e-03,  4.265272847010284e+01
s693        , -4.067329829645622e-01, -2.302934868586699e-01,  2.882347803301598e-02,  4.381287674642231e-02,  3.740220444418564e+01
s694        , -7.579589601320625e-01,  8.468657765028302e-01,  0.000000000000000e+00,  2.343179861317438e-01,  1.444220662339218e+01
s695        ,  1.455973696410247e+00,  1.015099165455993e+00,  0.000000000000000e+00,  1.086795538075558e-01,  1.726102856988302e+01
s696        , -6.516257166940765e-01, -1.523044368690629e-01,  0.000000000000000e+00,  3.230972017338621e-01,  2.296261167033460e+01
s697        ,  7.238448013551265e-01,  4.998113217513387e-01,  7.074202229911572e-02,  1.356647030327839e-02,  3.388346686960691e+01
s698        ,  1.662019888207612e+00,  8.669260620020047e-01,  0.000000000000000e+00,  9.305048580829550e-02,  1.963104676453984e+01
s699        , -1.247862087380916e+00, -8.721725732241681e-01,  1.940271693315460e-02,  1.914866665888042e-02,  4.510769353319589e+01
s700        , -1.114444246482743e+00, -9.654233501077547e-01,  0.000000000000000e+00,  7.311654690953845e-02,  4.227854189327002e+01
s701        , -4.217745973052511e-01, -1.288912820491046e+00,  0.000000000000000e+00,  1.129312545394826e-01,  4.461164650554336e+01
s702        , -8.481384521188838e-01, -3.812497629723146e-01,  0.000000000000000e+00,  2.710491275677139e-02,  3.707053123975571e+01
s703        , -9.416435374285389e-01, -3.417222781795530e-01,  0.000000000000000e+00,  3.614199718575035e-01,  2.375199262947066e+01
s704        ,  9.487448855648489e-01,  7.254030673126737e-01,  8.476898542260955e-02,  1.193411165112682e-02,  3.260335602553236e+01
s705        , -2.365138337942841e-01, -2.861601437559296e-01,  0.000000000000000e+00,  8.154784693740419e-02,  3.384294860170817e+01
s706        ,  5.583280652770262e-01,  5.827158724195070e-01,  4.422513871542352e-03,  1.099703379668337e-01,  2.280084603507143e+01
s707        ,  9.205089121966432e-01,  4.696376530220299e-01,  9.205895956081964e-02,  8.456967589766534e-02,  3.356872676719977e+01
s708        ,  1.060945132046508e+00, -1.961730617866331e-01,  0.000000000000000e+00,  9.112342116861756e-02,  3.240038856918752e+01
s709        ,  1.331106470481227e+00,  3.101779403811826e-01,  4.156486287209588e-02,  3.465656060963900e-02,  3.252715750287805e+01
s710        ,  1.914467968020750e-01,  4.732590072001626e-01,  0.000000000000000e+00,  3.060927044046491e-01,  1.614569397973337e+01
s711        , -7.721035544159952e-02,  7.413740418948196e-01,  0.000000000000000e+00,  2.472560597704906e-01,  1.520480224748918e+01
s712        , -1.414340169349908e+00, -7.091425066077988e-01,  4.186622855869904e-02,  1.472266975265715e-02,  4.549466957875308e+01
s713        ,  5.574707555573186e-01,  2.031626762207330e-01,  0.000000000000000e+00,  5.993155031937643e-03,  3.090285669592392e+01
s714        , -1.685969281548289e+00, -1.166071064571874e+00,  5.761316872427983e-02,  5.181759810129537e-03,  5.283463485836202e+01
s715        , -2.519985050786605e-01, -3.803481865923546e-01,  0.000000000000000e+00,  6.800946747755492e-03,  3.783997228865412e+01
s716        , -1.286737305127487e+00, -9.764921925980712e-01,  0.000000000000000e+00,  6.186832743290798e-03,  4.498258870770260e+01
s717        ,  3.452976089232732e-01, -2.183503447577548e-01,  0.000000000000000e+00,  5.571739819022310e-02,  3.402574924126651e+01
s718        ,  1.123110480867275e+00,  8.611231804682429e-01,  0.000000000000000e+00,  1.454358257845857e-01,  1.768736563459006e+01
s719        ,  6.888993521047060e-01,  8.668519171657676e-01,  0.000000000000000e+00,  1.260269766400350e-01,  1.836476573435825e+01
s720        ,  7.093644696892668e-01,  8.767965284224724e-01,  0.000000000000000e+00,  2.480723927893952e-01,  1.355624852686995e+01
s721        , -7.747236109533534e-01, -2.762513394199639e-01,  7.561436672967864e-02,  4.022300952615162e-02,  4.259604217976056e+01
s722        ,  3.328206388143557e-02,  4.232712578099038e-01,  0.000000000000000e+00,  2.737998845441713e-01,  1.798353195717048e+01
s723        ,  9.358910152584167e-02,  3.238867328230355e-01,  3.119792177237526e-02,  2.008056239019746e-01,  2.498036410627103e+01
s724        , -2.029371048190847e-01,  8.983562150573461e-01,  1.237593128882949e-02,  1.283904694331589e-01,  1.908982414231000e+01
s725        , -2.472238890656029e-01, -1.050860008004732e+00,  0.000000000000000e+00,  1.791210893896596e-01,  3.922543880653528e+01
s726        , -1.287360963264701e+00, -1.248708290238855e+00,  0.000000000000000e+00,  8.755698724760536e-02,  4.510657369212792e+01
s727        ,  1.020824855481522e+00, -1.676094738319125e-01,  0.000000000000000e+00,  6.251951082862060e-02,  3.315843270335458e+01
s728        ,  1.643163575608416e-01,  5.703108686916376e-01,  0.000000000000000e+00,  8.014566155142669e-02,  2.366904439680826e+01
s729        , -1.007289241750788e+00, -5.550268364878135e-01,  0.000000000000000e+00,  8.251320524693367e-02,  3.701659924785682e+01
s730        , -4.777207265671769e-02, -1.305768120692288e-01,  2.424697766546001e-02,  2.802546984153224e-02,  3.637723711903232e+01
s731        , -1.404307349772385e+00, -8.809950462791409e-01,  0.000000000000000e+00,  1.190031990885572e-01,  3.950706105437590e+01
s732        , -8.950540078294736e-01, -6.278292755344230e-01,  0.000000000000000e+00,  4.667208545078304e-03,  4.087732783507315e+01
s733        ,  7.802433523350309e-01,  2.520709938285597e-01,  0.000000000000000e+00,  1.712766690666855e-01,  2.396756099013664e+01
s734        , -3.943979845876157e-01, -6.121930369347699e-01,  1.257887517146776e-02,  6.144764788199004e-02,  3.972038228627434e+01
s735        ,  2.101468865327814e-01,  6.486824280623535e-01,  0.000000000000000e+00,  7.363467654191920e-02,  2.298334222339232e+01
s736        , -9.765048604112492e-01, -8.673460532147739e-01,  0.000000000000000e+00,  7.666993326441289e-02,  4.097078107428828e+01
s737        ,  1.458335451821298e-01,  1.421822105046522e-01,  0.000000000000000e+00,  2.751429532248152e-01,  2.128862519123599e+01
s738        , -6.859666936017033e-01, -6.545330714413011e-01,  6.874906387440258e-02,  2.737098333979731e-02,  4.694596278605341e+01
s739        , -4.324785166901872e-01, -3.398279371643738e-01,  0.000000000000000e+00,  1.094592062602435e-01,  3.341130548221637e+01
s740        , -8.464136206988211e-01, -5.546661021092416e-01,  0.000000000000000e+00,  2.731012694908748e-02,  3.913354470299718e+01
s741        ,  7.826811446288887e-01,  8.247351492520285e-01,  7.495069033530573e-02,  1.396176476580511e-02,  3.039350422346938e+01
s742        , -1.076711651730049e+00, -6.382297812086288e-01,  0.000000000000000e+00,  1.600586372781322e-02,  4.056582511899541e+01
s743        ,  1.126163901269626e+00, -1.317348607603486e-01,  1.294260204081633e-01,  7.946734541349124e-03,  4.729385868274540e+01
s744        ,  4.575225784544250e-01,  5.440258228895960e-01,  2.551775147928994e-02,  2.936381765752550e-02,  2.839226134859577e+01
s745        ,  6.120442964942219e-02,  1.223411615251413e+00,  6.037918125830215e-03,  1.480346976172504e-01,  1.384272798678674e+01
s746        , -7.321682226189937e-01, -6.363629512935605e-01,  0.000000000000000e+00,  6.112887019429280e-02,  3.880961904135827e+01
s747        ,  3.433900501625797e-01,  3.200016034998967e-01,  0.000000000000000e+00,  1.455153651179498e-01,  2.414626195288569e+01
s748        ,  1.070072189769298e+00,  7.009546346617577e-01,  4.787100025195263e-02,  3.572960787821532e-02,  2.842678720364286e+01
s749        , -3.065637698166305e-01,  2.623521228897983e-01,  0.000000000000000e+00,  2.413757471302447e-01,  2.115113376051105e+01
s750        ,  5.825873454256546e-01, -3.847852314752456e-01,  0.000000000000000e+00,  1.942755102563311e-01,  3.068899374122024e+01
s751        ,  1.285276821036510e+00, -1.584381789323022e-01,  0.000000000000000e+00,  6.097720293333377e-02,  3.310817642869208e+01
s752        , -1.346601886455474e+00, -9.474824977385983e-01,  0.000000000000000e+00,  2.029281080664719e-02,  4.409412005959215e+01
s753        ,  1.060914810725354e+00,  7.460665779837878e-01,  0.000000000000000e+00,  1.003292377936102e-01,  2.079462773296842e+01
s754        , -2.988071870667106e-01,  2.218607784062283e-01,  1.220930232558139e-01,  2.491442939887671e-02,  4.171295022336458e+01
s755        ,  3.446486458262936e-01,  5.842933441283935e-01,  0.000000000000000e+00,  2.366852958109297e-01,  1.748682073590992e+01
s756        ,  7.815527627219404e-01,  7.857024866429554e-01,  1.563842584636536e-01,  1.910295269689113e-02,  3.850605300127076e+01
s757        , -1.199593062238568e-01, -4.725948789323966e-01,  0.000000000000000e+00,  2.272265533863874e-02,  3.832974835768252e+01
s758        , -4.537603905509295e-01, -3.538051443075072e-01,  0.000000000000000e+00,  1.185735759344844e-02,  3.732870176545495e+01
s759        ,  8.887536211540952e-01,  1.407404200995721e-01,  0.000000000000000e+00,  1.921453020424428e-01,  2.449514020943781e+01
s760        , -2.895515595576988e-01,  9.130430852926841e-02,  0.000000000000000e+00,  6.354187356544672e-02,  3.002725660351371e+01
s761        ,  1.508586595387194e+00,  6.867148140573240e-01,  0.000000000000000e+00,  3.634690378730279e-02,  2.396200129956751e+01
s762        , -1.358921391484775e+00, -1.574894820105570e+00,  0.000000000000000e+00,  1.341757207892019e-02,  5.185072793403366e+01
s763        ,  6.364126482871525e-01,  6.294892047818275e-01,  1.239409722222222e-01,  3.764762423449273e-02,  3.653385388192297e+01
s764        , -9.313282224456000e-01, -5.940002510190583e-01,  0.000000000000000e+00,  1.801781234715113e-01,  3.372910390058239e+01
s765        ,  1.388135281387673e-01,  5.834694767487631e-01,  6.485260770975057e-02,  1.075483042544457e-02,  3.242519049982830e+01
s766        , -5.439787958329916e-01, -3.198373871239344e-01,  0.000000000000000e+00,  2.235341477085209e-02,  3.651974116038006e+01
s767        , -9.653950427427374e-02, -9.040360334502586e-01,  0.000000000000000e+00,  2.913675977902605e-01,  3.315887522707606e+01
s768        ,  5.676322320535288e-02,  6.510354447921005e-01,  0.000000000000000e+00,  1.543905946173143e-01,  1.985208718394413e+01
s769        ,  2.392616163662374e+00,  1.566194617298372e+00,  0.000000000000000e+00,  6.952921750889043e-02,  1.218437491292150e+01
s770        ,  2.218993464697082e+00,  4.356377249920182e-01,  4.466128729592794e-02,  6.200257698094995e-03,  3.242067614335452e+01
s771        , -1.301691995085941e+00, -9.864589946174287e-01,  0.000000000000000e+00,  1.402891198689258e-01,  3.994854749600631e+01
s772        ,  5.381680992613422e-01,  3.286943945708733e-01,  4.595137731594941e-02,  2.408256564718518e-02,  3.313488378815519e+01
s773        ,  3.401653127948081e-01,  9.404954841050723e-01,  0.000000000000000e+00,  2.275685306108809e-01,  1.358345861311404e+01
s774        ,  1.961582265617426e+00,  8.698712125048440e-01,  0.000000000000000e+00,  1.637321218066309e-01,  1.687983856855585e+01
s775        ,  1.370640331855434e-01, -5.584967525254516e-01,  0.000000000000000e+00,  1.939395700265255e-01,  3.277632679448872e+01
s776        , -1.362945069319552e+00, -4.300028028140064e-01,  0.000000000000000e+00,  1.504226261763721e-02,  3.811625284259932e+01
s777        , -3.352331847361073e-01, -3.205854582095626e-01,  0.000000000000000e+00,  2.187016706545166e-01,  2.898372603136049e+01
s778        ,  1.725306869739156e-02,  8.779836322426515e-02,  3.144944065616734e-02,  1.713923936026220e-02,  3.488153609685931e+01
s779        ,  1.449489553403749e+00, -2.998674145081415e-02,  0.000000000000000e+00,  1.451286519170186e-01,  2.834060439248872e+01
s780        ,  4.890100260675968e-01,  5.989223795841649e-01,  1.022455278407659e-01,  9.403862912714419e-03,  3.589439441421448e+01
s781        , -1.480324044989625e+00, -8.472349540769870e-01,  0.000000000000000e+00,  7.669728317783352e-02,  4.072956787330976e+01
s782        ,  4.189986042737072e-03,  2.086918455022682e-01,  0.000000000000000e+00,  2.841755358820011e-02,  2.997514062130919e+01
s783        , -6.272127818216119e-01,  9.577328290814391e-02,  0.000000000000000e+00,  3.217474635059644e-01,  2.005198860540615e+01
s784        , -7.567615030290811e-01, -1.617100192399188e-01,  0.000000000000000e+00,  1.230088512849259e-01,  3.076359766945158e+01
s785        , -5.703210531845891e-01, -3.335075889066377e-01,  0.000000000000000e+00,  8.476923639612215e-02,  3.428457492602512e+01
s786        , -8.599325133308396e-02, -1.366820252997534e-01,  0.000000000000000e+00,  8.449389044229118e-02,  3.194470865324247e+01
s787        ,  2.785466688170734e-01, -3.392370478389841e-01,  0.000000000000000e+00,  3.106854158844829e-03,  3.749098279897906e+01
s788        , -2.115784691919650e-01, -1.050027714170723e-01,  0.000000000000000e+00,  3.700944321269316e-02,  3.339105647730289e+01
s789        ,  5.205927430670390e-01,  1.396878731815308e+00,  0.000000000000000e+00,  3.410949732607564e-01,  3.771024286099844e+00
s790        ,  2.374718073624741e-01,  1.614845294791478e+00,  0.000000000000000e+00,  1.112145306041396e-01,  1.000158463863895e+01
s791        , -1.870737338196531e-01, -5.623961282259642e-01,  0.000000000000000e+00,  3.443385307798535e-02,  3.895211609182313e+01
s792        ,  3.003547556082287e-01,  3.579438046589660e-01,  0.000000000000000e+00,  1.977868223349804e-01,  2.168456293882725e+01
s793        , -5.143092658197445e-01, -9.968031051622144e-01,  0.000000000000000e+00,  1.935624727108758e-01,  3.802497360568546e+01
s794        , -1.010636071412045e+00, -2.994398266801324e-01,  0.000000000000000e+00,  1.279124089706219e-01,  3.221991033035770e+01
s795        ,  7.888417803219109e-01,  1.634272944667288e-01,  0.000000000000000e+00,  1.093440967470462e-02,  3.118749330761534e+01
s796        , -5.465110200553928e-01, -4.960199389830366e-01,  0.000000000000000e+00,  7.912150274208574e-03,  3.917859895415531e+01
s797        , -1.192872691111335e+00, -9.283349980952371e-02,  1.676968556839559e-02,  1.829801752462678e-01,  2.925192910010884e+01
s798        , -5.479719952294667e-01,  2.568118516884059e-01,  1.251056635672020e-01,  8.402754006370342e-03,  4.222024469504176e+01
s799        , -1.767142590180782e+00, -8.289211619888359e-02,  0.000000000000000e+00,  4.847787023911317e-01,  1.592087400697664e+01
s800        ,  8.963412972756588e-01,  1.236871521254976e+00,  0.000000000000000e+00,  1.911254760171047e-01,  1.144457620279342e+01
s801        , -1.947046181282547e-01,  9.630873644242384e-01,  0.000000000000000e+00,  7.869959069670825e-02,  1.903416265678532e+01
s802        ,  1.600748538223648e+00,  1.088100563944873e+00,  0.000000000000000e+00,  6.288977626018549e-02,  1.814879660994686e+01
s803        ,  6.740572620180487e-01,  1.020436639790225e+00,  0.000000000000000e+00,  8.987511974448499e-02,  1.791987556673212e+01
s804        , -1.928070676221089e+00, -1.376460519425010e+00,  0.000000000000000e+00,  1.251345370420815e-03,  4.994857372731816e+01
s805        , -3.708716392635016e-01, -7.366596179045355e-01,  0.000000000000000e+00,  3.584787549115927e-01,  2.858126617754269e+01
s806        ,  7.676901054132432e-01,  3.395507068870205e-01,  0.000000000000000e+00,  6.186723185339161e-02,  2.712710407442604e+01
s807        , -3.131290990966100e-01,  3.877453106382527e-01,  0.000000000000000e+00,  9.236464987681386e-02,  2.537967019498947e+01
s808        ,  9.833675917069937e-01, -2.748595141353491e-01,  0.000000000000000e+00,  3.580817053836233e-01,  2.308180989409857e+01
s809        ,  5.790963636372374e-01,  2.778848750654248e-01,  5.395362663495838e-02,  1.273535906718332e-02,  3.494847817626972e+01
s810        ,  1.050626461500014e+00,  3.183991246697992e-01,  0.000000000000000e+00,  9.230431241798832e-02,  2.621010537132843e+01
s811        ,  5.249115464039674e-01,  9.192759156627393e-01,  0.000000000000000e+00,  9.736348933598810e-02,  1.884016351349201e+01
s812        ,  1.605931526374291e+00,  1.013172930055213e+00,  0.000000000000000e+00,  9.750181941154423e-02,  1.771355086834898e+01
s813        ,  9.497331683917800e-01,  3.388937953112532e-01,  0.000000000000000e+00,  2.178883579979374e-01,  2.113962507433962e+01
s814        , -7.865406237894390e-01, -1.855501095744296e-01,  0.000000000000000e+00,  1.664637717120797e-01,  2.937847634991291e+01
s815        , -2.660810322736745e-01,  4.385296256851623e-02,  0.000000000000000e+00,  1.770114191101403e-01,  2.623368854358085e+01
s816        , -9.674450919852260e-01, -1.258036301340963e+00,  0.000000000000000e+00,  9.159722196572490e-02,  4.506271520556626e+01
s817        ,  7.270946209036594e-01,  1.190259326066481e-01,  0.000000000000000e+00,  2.083607390131054e-01,  2.413134956705981e+01
s818        ,  6.532804155454609e-01,  5.083816129432623e-01,  0.000000000000000e+00,  2.008288615798413e-02,  2.671658343017110e+01
s819        ,  8.081292268835971e-01,  1.726490503040048e+00,  0.000000000000000e+00,  2.034368838432355e-01,  5.124573370848319e+00
s820        ,  1.390381735794342e+00,  8.221713973887033e-01,  1.493229166666667e-01,  1.445666239367632e-02,  3.756891453373741e+01
s821        ,  1.516978402347241e+00,  8.024421595659719e-01,  0.000000000000000e+00,  8.863066953983061e-02,  2.057093653412188e+01
s822        ,  3.033561593600318e-01,  4.989894613521164e-01,  1.173964497041420e-01,  1.214154968528720e-01,  3.424296537134755e+01
s823        , -8.238895392622754e-01, -4.351762124028835e-01,  0.000000000000000e+00,  7.855005698618275e-02,  3.573765928228249e+01
s824        ,  2.038981274745353e+00,  1.676546469102966e+00,  0.000000000000000e+00,  1.830766354017167e-01,  6.503364043693055e+00
s825        ,  1.320628175421427e-01,  2.811675606041018e-01,  0.000000000000000e+00,  5.737940688392355e-02,  2.799675330658239e+01
s826        ,  9.525953446348723e-01,  1.248154881598958e+00,  0.000000000000000e+00,  1.544867752504736e-01,  1.271772468193525e+01
s827        , -2.151354450670567e+00, -4.031175200327164e-02,  5.516040063869938e-03,  2.763632778529115e-01,  2.395236026260188e+01
s828        ,  8.438987064828645e-01, -1.072879127050896e-03,  0.000000000000000e+00,  3.848104198925072e-02,  3.209340078970394e+01
s829        , -1.571185202221650e+00, -9.345587298418780e-01,  0.000000000000000e+00,  1.034427476769700e-01,  4.074463805237918e+01
s830        ,  3.133543223982471e-01,  8.095527391090793e-01,  1.101354453627181e-01,  7.327646563146137e-02,  3.168468873739696e+01
s831        , -8.984804340484777e-01,  3.297767498697446e-01,  0.000000000000000e+00,  1.503790639086870e-01,  2.384263511115388e+01
s832        , -1.855362237616736e+00, -3.974701928461175e-01,  0.000000000000000e+00,  3.374298330361956e-02,  3.700915510479914e+01
s833        ,  4.948389352249700e-01,  7.547901932922616e-01,  0.000000000000000e+00,  1.847934969729971e-02,  2.383564539642697e+01
s834        ,  1.120605859544544e+00, -2.297291490063706e-01,  0.000000000000000e+00,  5.397224450826711e-02,  3.422869227472387e+01
s835        , -8.435182612795278e-01, -1.051517835814577e+00,  0.000000000000000e+00,  1.063184356696017e-02,  4.570772256373601e+01
s836        ,  1.128844146448547e+00, -5.997751782984837e-01,  3.611719661759587e-02,  1.803670182269586e-02,  4.350751493516188e+01
s837        , -1.924657877822013e+00, -8.340056060410315e-01,  1.706916030022035e-02,  8.953278717466710e-03,  4.481890686196424e+01
s838        , -1.075095206150813e+00, -1.587099002453054e+00,  0.000000000000000e+00,  1.132403867934994e-01,  4.816064030551195e+01
s839        ,  3.864893622265216e-02,  6.210167618455806e-01,  0.000000000000000e+00,  1.544801450814828e-01,  2.020712247685370e+01
s840        , -1.233908351649845e+00, -9.393097075997625e-02,  0.000000000000000e+00,  4.793290302129406e-02,  3.283909073246102e+01
s841        ,  6.618283364070193e-01,  2.890997544172369e-01,  7.567412624639135e-02,  7.840272198326242e-02,  3.438339493977131e+01
s842        , -1.380664268040651e+00, -7.758895740850105e-01,  0.000000000000000e+00,  1.273592247612367e-02,  4.233537948014970e+01
s843        ,  5.539120810708921e-02, -2.375189299686582e-01,  0.000000000000000e+00,  2.503301858556799e-02,  3.543374515837724e+01
s844        , -2.111176459361614e+00, -1.581167914640345e+00,  0.000000000000000e+00,  1.861789319387686e-03,  5.236968647295819e+01
s845        ,  1.677967143093475e-01, -2.165267576402568e-01,  0.000000000000000e+00,  1.065186191042242e-01,  3.205186645673745e+01
s846        , -1.112697847471129e-01,  6.211818008378445e-02,  0.000000000000000e+00,  2.658955166351210e-01,  2.260007722917468e+01
s847        ,  9.946887487236224e-02, -1.078157136767040e-01,  0.000000000000000e+00,  1.327154045151517e-02,  3.433680916010254e+01
s848        , -1.578942777693122e+00, -9.328703481500478e-01,  0.000000000000000e+00,  4.980964939469157e-02,  4.278540042598357e+01
s849        ,  4.886541057537145e-01,  9.600943317229660e-01,  0.000000000000000e+00,  7.613127131574010e-02,  1.916859594390730e+01
s850        , -1.729847647025637e+00, -1.765624922236613e+00,  0.000000000000000e+00,  9.891258472684655e-03,  5.426388750280993e+01
s851        , -3.749493322034729e-03, -2.011001162591262e-01,  0.000000000000000e+00,  4.927038022106462e-03,  3.577143945106379e+01
s852        , -1.822550475295671e-01, -2.136900114951685e-01,  0.000000000000000e+00,  3.826781012829435e-02,  3.464062070735232e+01
s853        , -7.026997334075606e-02,  5.596165742558872e-01,  0.000000000000000e+00,  1.731264148693065e-01,  2.022384152742095e+01
s854        ,  4.598855993128227e-01,  8.276000335474030e-01,  3.362978638222425e-02,  3.110164926063174e-02,  2.572048468716098e+01
s855        ,  1.247409464273019e-01,  1.452810148213728e-01,  0.000000000000000e+00,  3.703599556702418e-03,  3.168204581671253e+01
s856        , -7.920260931956872e-01, -5.901931244242316e-01,  2.917564501058332e-02,  6.765299874528613e-02,  4.081787831569373e+01
s857        ,  1.951476409171481e+00,  9.442087933555616e-01,  0.000000000000000e+00,  5.927388238920151e-02,  2.000606555302016e+01
s858        ,  5.125085136741684e-01,  2.973447462084691e-01,  0.000000000000000e+00,  6.170069009653006e-02,  2.763751780094503e+01
s859        , -6.666214518700428e-01, -5.303708857626832e-01,  2.913043478260870e-02,  2.785710506025611e-02,  4.162835098446285e+01
s860        ,  6.811400510310223e-02,  6.915875466730537e-02,  0.000000000000000e+00,  1.635709704444734e-01,  2.644795993557591e+01
s861        ,  1.248756919249408e-01,  3.820457726544331e-01,  0.000000000000000e+00,  3.568977167894662e-02,  2.762554197616179e+01
s862        , -4.702662470572294e-01,  1.029392513280092e-01,  0.000000000000000e+00,  5.271360967921446e-02,  3.030440546899975e+01
s863        ,  4.846741731606912e-01, -6.887477888200833e-02,  0.000000000000000e+00,  3.426013084294315e-02,  3.306527014094547e+01
s864        ,  5.444121402657592e-01, -3.360441789445776e-01,  0.000000000000000e+00,  1.458660580306089e-01,  3.196713795902551e+01
s865        ,  6.365198845674542e-01,  3.366306042144234e-01,  0.000000000000000e+00,  1.220608832321894e-01,  2.484895247327293e+01
s866        ,  4.352365441984731e-01,  9.613663961711312e-01,  0.000000000000000e+00,  1.883977000268589e-01,  1.483941522361467e+01
s867        , -5.650365137506240e-02, -2.177540251017458e-01,  9.342532685441220e-03,  2.451462828095256e-02,  3.611754471585679e+01
s868        , -2.338433808137944e+00, -1.521155016102188e+00,  3.320000000000000e-02,  6.057893750919189e-03,  5.468973333400625e+01
s869        , -2.347184475558824e-01, -7.594651653445750e-02,  4.403277931671283e-02,  9.744408638663718e-02,  3.496319232545594e+01
s870        , -8.212819619769497e-01, -9.427252314145784e-02,  0.000000000000000e+00,  8.389871157507077e-03,  3.436266418404761e+01
s871        , -1.570593293706644e-01, -7.145678712871786e-01,  1.844085451710094e-02,  3.025177525180203e-01,  3.224412125719800e+01
s872        ,  5.284306454202828e-01,  3.394169289720572e-01,  0.000000000000000e+00,  2.414114074422951e-01,  2.022947280370992e+01
s873        ,  9.554554102193651e-01,  8.610884460223072e-01,  0.000000000000000e+00,  2.591003838119018e-02,  2.228072115493711e+01
s874        ,  1.539965674145509e+00,  1.102803674403720e+00,  0.000000000000000e+00,  1.873131348667613e-01,  1.319207880151656e+01
s875        ,  6.472677808586433e-01,  1.113245759076621e+00,  0.000000000000000e+00,  8.810959340023966e-02,  1.687941259027020e+01
s876        ,  7.990955642461933e-01,  1.014799337190748e+00,  0.000000000000000e+00,  3.086133604989688e-01,  9.581880965518637e+00
s877        ,  2.414774484401116e-01,  9.854973933332214e-01,  0.000000000000000e+00,  1.302593685679729e-01,  1.678529261189066e+01
s878        , -5.588324756467095e-01, -9.019379775156495e-01,  0.000000000000000e+00,  6.541080613387783e-02,  4.181651734274349e+01
s879        , -1.108097718569436e+00, -1.173999482659477e+00,  0.000000000000000e+00,  2.001088124728175e-02,  4.680996870688160e+01
s880        , -7.450297483445956e-01, -4.794869354015021e-01,  0.000000000000000e+00,  1.533438818548155e-02,  3.869595595366289e+01
s881        , -1.759050067534673e+00, -2.724779862666920e-01,  0.000000000000000e+00,  4.994604875871383e-01,  1.762069848461953e+01
s882        , -6.605379692241984e-01, -9.250603704696738e-01,  0.000000000000000e+00,  4.528067349104722e-02,  4.286616747170515e+01
s883        ,  3.815578964726025e-01, -2.205383891282438e-01,  0.000000000000000e+00,  3.082788101684578e-03,  3.607443476198637e+01
s884        , -4.051889851605021e-01, -3.368316709015176e-01,  7.466918714555766e-03,  1.819837350509499e-02,  3.760158780206205e+01
s885        ,  2.841270750996222e-02,  8.227455822970864e-02,  0.000000000000000e+00,  1.215636526409397e-02,  3.210964581191812e+01
s886        , -1.487878849688012e+00, -1.154373803780179e+00,  0.000000000000000e+00,  1.798217446548761e-02,  4.665355905714902e+01
s887        ,  4.820147860437526e-01,  5.111449533349743e-02,  4.113710967090312e-02,  3.911381849904316e-02,  3.540835618359172e+01
s888        ,  7.081092310596755e-01,  4.240038711291216e-01,  9.126301493888638e-03,  1.281331501823802e-01,  2.445130495145034e+01
s889        , -9.770534507358715e-01, -1.268764962809327e+00,  0.000000000000000e+00,  2.171930622912449e-02,  4.787598830419192e+01
s890        , -4.782598098188896e-02,  1.342955422486410e+00,  0.000000000000000e+00,  9.061354521775093e-02,  1.404005346786948e+01
s891        , -3.221184210883459e-01, -8.435718592801842e-01,  9.248249438499142e-03,  7.152328130507402e-02,  4.177546812401400e+01
s892        , -9.718981396026353e-01, -3.048861378283867e-01,  0.000000000000000e+00,  8.733717688756873e-02,  3.384410736371044e+01
s893        ,  2.164744347352419e+00,  2.646955431151810e-01,  7.479283510256360e-02,  1.566796673873640e-01,  3.158203735198149e+01
s894        ,  2.108977331308745e-01,  3.941063760022292e-01,  5.752332863047945e-02,  1.307960259093143e-02,  3.389120608647919e+01
s895        , -7.726754766108114e-01, -8.222968641084369e-01,  0.000000000000000e+00,  5.755684412203824e-02,  4.116726015469411e+01
s896        ,  2.280269149131176e+00,  3.974235357610212e-02,  0.000000000000000e+00,  3.058236309448090e-01,  2.133299231425876e+01
s897        ,  1.732742671810001e+00, -2.806206563814371e-01,  0.000000000000000e+00,  4.153323780019984e-02,  3.531441299044381e+01
s898        , -1.952924930899203e-01, -4.658164114830217e-01,  3.632411722448378e-02,  1.568930155949624e-01,  3.659199824014671e+01
s899        , -1.243124507856433e+00, -7.910127499878836e-01,  0.000000000000000e+00,  2.702396657821783e-02,  4.196693955933029e+01
s900        , -1.127987025274472e+00, -1.024627865097772e+00,  0.000000000000000e+00,  8.185103792648089e-02,  4.264991427537315e+01
s901        ,  2.222405771151902e+00,  1.212439897667433e+00,  0.000000000000000e+00,  8.203167513556378e-02,  1.592841065969948e+01
s902        , -1.852329248500361e+00, -1.110857628628736e+00,  1.593522685117982e-02,  5.810560666585488e-03,  4.813655022241429e+01
s903        ,  1.566870488248132e+00,  9.490340301199167e-01,  0.000000000000000e+00,  1.172893888190993e-01,  1.771911902051906e+01
s904        , -1.387739856871697e+00,  3.460328646651600e-02,  0.000000000000000e+00,  3.562052120140766e-01,  1.945838121872071e+01
s905        ,  1.121219821885002e+00,  2.507074684871644e-01,  1.161271592393671e-03,  9.330500889700263e-02,  2.709186888671380e+01
s906        , -9.933730759278800e-01, -1.322578721161063e+00,  0.000000000000000e+00,  1.400084158337842e-02,  4.881521264631881e+01
s907        , -5.762178128524448e-02, -5.739556854624022e-01,  0.000000000000000e+00,  4.675964028561713e-02,  3.861652262116240e+01
s908        ,  2.416796340775907e-01, -4.867397526156125e-01,  0.000000000000000e+00,  5.638154039259784e-02,  3.720527489635512e+01
s909        , -4.906300545514418e-01, -3.989851822534276e-01,  0.000000000000000e+00,  2.428354792514304e-01,  2.899258360808372e+01
s910        , -1.582982857801990e+00, -1.626839560158769e+00,  0.000000000000000e+00,  1.437246412559464e-02,  5.243434736640349e+01
s911        , -7.523355700553858e-01, -7.667043136075282e-01,  0.000000000000000e+00,  1.361890473569695e-02,  4.219176136328143e+01
s912        ,  2.234392115693803e-01, -4.699014856448391e-02,  0.000000000000000e+00,  2.312847106031211e-01,  2.523299169521943e+01
s913        , -1.421242973618926e+00, -9.352168644972205e-01,  0.000000000000000e+00,  7.677793891078998e-02,  4.177712884396264e+01
s914        ,  5.670067347130126e-02,  3.108164012793733e-01,  0.000000000000000e+00,  8.966298509361430e-02,  2.640215314650482e+01
s915        , -5.612055763432975e-01, -2.069393684713017e-01,  0.000000000000000e+00,  1.395456905786327e-01,  3.066826592060476e+01
s916        ,  8.997740464690428e-01,  7.839997811144084e-02,  0.000000000000000e+00,  1.757346374575443e-01,  2.587019788761035e+01
s917        , -1.606823724089288e+00, -8.204459403298747e-01,  0.000000000000000e+00,  2.854378222433471e-02,  4.226002314833346e+01
s918        ,  3.499868789687910e+00,  1.065426160701580e+00,  0.000000000000000e+00,  2.824040594657447e-01,  9.984434765077140e+00
s919        , -8.715752962891427e-01,  4.398121597050273e-01,  0.000000000000000e+00,  1.191998637969251e-02,  2.784909500074145e+01
s920        , -1.856154837094556e+00, -1.521204412751024e+00,  0.000000000000000e+00,  1.117519396271791e-02,  5.129573553454964e+01
s921        ,  2.276110916770269e-01,  1.769994546605595e+00,  0.000000000000000e+00,  1.368649355143322e-01,  7.163175359601306e+00
s922        ,  1.278757880561135e+00,  1.389799160784279e+00,  0.000000000000000e+00,  1.578900279330432e-01,  1.089546580452653e+01
s923        , -2.625003058195761e-01, -8.247773251936357e-01,  0.000000000000000e+00,  9.616525004810932e-02,  3.971330082726281e+01
s924        , -1.727834522886678e+00, -1.184253988691219e+00,  0.000000000000000e+00,  2.201481918626938e-01,  3.924187772104654e+01
s925        ,  1.850614154947127e+00,  1.223547877242731e+00,  0.000000000000000e+00,  1.381970382214467e-01,  1.363753129012758e+01
s926        , -9.602025879025962e-01, -9.013232559182103e-01,  1.372266623392430e-02,  2.539851334686107e-02,  4.466852183294283e+01
s927        , -1.294474937930480e+00, -1.129690897982004e+00,  2.456871227901512e-02,  2.298178633396937e-03,  4.932803064366957e+01
s928        , -8.964192424384730e-01, -8.293967529567463e-01,  0.000000000000000e+00,  2.052908743799669e-01,  3.557516466229917e+01
s929        ,  3.373466507702029e-01,  4.359906613693014e-01,  0.000000000000000e+00,  7.616904686115106e-02,  2.542587306167813e+01
s930        , -4.361686703935594e-01,  2.743999639550854e-01,  0.000000000000000e+00,  1.438543136677912e-01,  2.475465468111086e+01
s931        ,  1.180800691213646e+00,  6.065670702812531e-01,  0.000000000000000e+00,  6.780623922868205e-02,  2.371024001753574e+01
s932        ,  4.707166528445573e-01,  4.755522471828666e-02,  3.208335675868144e-02,  1.080043881298078e-02,  3.566674884369579e+01
s933        ,  1.703804210339992e+00,  2.808075227435287e-01,  4.978600751157305e-02,  1.831536123552428e-01,  2.796358301627795e+01
s934        , -1.834005051426063e+00, -1.517885536125284e+00,  0.000000000000000e+00,  1.320932441689160e-03,  5.163476563662092e+01
s935        , -1.778081906893596e+00, -1.751535695491654e+00,  0.000000000000000e+00,  7.080259770072174e-02,  5.175503616739967e+01
s936        , -1.576278502143039e+00, -7.322454794150643e-01,  0.000000000000000e+00,  3.051768525435949e-02,  4.113090308548882e+01
s937        ,  1.612912677482048e-01,  1.044676383570404e+00,  0.000000000000000e+00,  3.088437764470351e-01,  9.216241920789617e+00
s938        ,  3.756397573989944e-01, -6.569495562139815e-01,  0.000000000000000e+00,  2.971697865553410e-02,  4.026250426659831e+01
s939        , -1.269094165370334e+00, -8.722007120265034e-01,  0.000000000000000e+00,  7.143059715297723e-02,  4.123008292947070e+01
s940        ,  1.741633513389910e-01,  1.298243171928348e+00,  0.000000000000000e+00,  7.797243922744988e-02,  1.505974882152550e+01
s941        , -7.405880410109713e-01, -3.074460810215145e-01,  2.394120540838687e-02,  1.572117712107879e-02,  3.893272636131665e+01
s942        , -9.892731562449667e-01, -4.654547269297846e-01,  5.415841081136006e-02,  1.588218759627117e-02,  4.372407770270794e+01
s943        , -2.404390935905113e-01,  1.519643919827312e-01,  0.000000000000000e+00,  1.941588376657082e-02,  3.099846856063195e+01
s944        , -1.000366609598994e+00, -5.914512509499037e-01,  0.000000000000000e+00,  8.833842196590872e-03,  4.028280105236360e+01
s945        , -6.403848269203396e-01, -4.101096843186856e-01,  0.000000000000000e+00,  5.703202405407823e-02,  3.626518005855833e+01
s946        ,  1.042678968069443e+00,  6.529325901528109e-01,  0.000000000000000e+00,  1.895023629860431e-01,  1.848021450792129e+01
s947        ,  5.081125559242119e-03, -1.252867825547615e+00,  0.000000000000000e+00,  3.248841150684424e-01,  3.603662869050466e+01
s948        , -9.507722609706111e-01, -5.560876972452089e-01,  0.000000000000000e+00,  3.641453303806283e-02,  3.880067190362409e+01
s949        , -1.109777834090980e-01, -6.953044836277966e-01,  0.000000000000000e+00,  1.442675710707925e-01,  3.631876811853898e+01
s950        ,  6.358188156380659e-01,  7.533521579742384e-01,  0.000000000000000e+00,  2.256128893862898e-01,  1.589343048624425e+01
s951        , -2.185819524191360e+00, -7.698875917366195e-01,  3.109477647812850e-02,  1.466061572335476e-02,  4.518491164782591e+01
s952        ,  1.305064709156518e+00,  1.523179163782275e+00,  0.000000000000000e+00,  1.470632639253055e-01,  9.718704782673008e+00
s953        ,  1.664044937420125e+00,  1.392244446169808e+00,  0.000000000000000e+00,  1.162019104673007e-01,  1.246818729128242e+01
s954        ,  1.051351309197189e+00,  9.023055207617601e-01,  0.000000000000000e+00,  1.427767656404271e-01,  1.729775334451924e+01
s955        , -1.399028311662238e+00, -3.493533398404427e-01,  0.000000000000000e+00,  1.174543910433816e-01,  3.321782987349691e+01
s956        ,  1.385421265834244e+00,  4.894754089945190e-01,  0.000000000000000e+00,  1.273521068533515e-01,  2.282039157910701e+01
s957        , -9.408889636329509e-01, -5.736390004514424e-01,  0.000000000000000e+00,  3.658279107715035e-02,  3.900380009341444e+01
s958        ,  9.732055185777989e-01,  1.279253083820939e-01,  0.000000000000000e+00,  3.725892655532899e-02,  3.059989476024904e+01
s959        , -5.141793956906318e-01, -5.787120992326016e-01,  0.000000000000000e+00,  3.380760119684789e-02,  3.917102234389786e+01
s960        , -1.427508420922604e+00, -5.711488111714438e-01,  0.000000000000000e+00,  8.666768481494651e-03,  4.004677389629745e+01
s961        , -2.005936182526317e-01, -1.958694233872267e-01,  4.251561849229488e-02,  8.546588509253616e-02,  3.670942486630179e+01
s962        , -1.040812919577019e+00, -8.738786402423031e-01,  0.000000000000000e+00,  9.434801269893349e-02,  4.036948755215602e+01
s963        ,  3.350397487530737e-01,  1.205551018649991e-01,  6.269082027274578e-02,  5.411495902485472e-03,  3.795030374280883e+01
s964        , -1.211148190797335e+00, -8.771398421535932e-01,  0.000000000000000e+00,  2.936982920404999e-02,  4.290530705402328e+01
s965        , -3.546684926971408e-01, -1.156020640619164e+00,  0.000000000000000e+00,  1.184796876516145e-01,  4.281147176696333e+01
s966        , -1.297482551855561e+00, -1.188893098854141e+00,  0.000000000000000e+00,  6.810593702241532e-03,  4.749506391556197e+01
s967        , -7.045435460678466e-02,  1.581487632209175e-01,  0.000000000000000e+00,  3.450964062675780e-01,  1.840989974440378e+01
s968        ,  9.299065987644249e-02,  4.301422641990342e-01,  0.000000000000000e+00,  1.027429572652065e-01,  2.447457470949529e+01
s969        ,  6.950554955433741e-01, -3.194646651461897e-02,  0.000000000000000e+00,  2.113000229389615e-01,  2.582128218029162e+01
s970        ,  2.496136210729473e-01, -2.522126239711766e-01,  0.000000000000000e+00,  8.480684497741371e-03,  3.624525988239156e+01
s971        , -1.044044119112300e+00, -5.264103765452828e-01,  0.000000000000000e+00,  6.904347083155835e-02,  3.719246073036869e+01
s972        , -1.696855601622959e-01,  2.805696775514788e-01,  5.528513911423592e-02,  2.238556807339210e-01,  2.693208802147899e+01
s973        ,  4.802864320387064e-01,  7.276128039991558e-02,  4.083298625572678e-02,  2.752464697066461e-02,  3.556589047229361e+01
s974        , -1.989928973862809e-01, -1.729969570637375e-01,  0.000000000000000e+00,  7.217388601793276e-02,  3.285178634204705e+01
s975        ,  5.144117291211028e-01, -6.226587266268249e-01,  0.000000000000000e+00,  8.126292925751474e-02,  3.787228769149606e+01
s976        ,  3.695887594461369e-01,  1.120994605560525e+00,  0.000000000000000e+00,  1.167511222025099e-01,  1.568628795319903e+01
s977        , -5.208667084829632e-01, -6.714679139419895e-01,  0.000000000000000e+00,  8.194504423698562e-02,  3.842894488437198e+01
s978        , -1.415530554889297e+00, -2.973980569431798e-01,  0.000000000000000e+00,  2.117729955956632e-02,  3.629696952758200e+01
s979        , -9.075955878756906e-02,  1.304815169639980e+00,  1.574074074074074e-03,  2.117774664286624e-01,  9.991248298781661e+00
s980        , -1.408049785649007e+00, -1.456008401011153e+00,  0.000000000000000e+00,  2.444508103268250e-02,  5.000726592374809e+01
s981        ,  7.617332134276669e-01,  5.917746564257351e-01,  7.297934713130111e-02,  6.324954338681871e-02,  3.109162926538781e+01
s982        ,  5.658342892742035e-01,  2.323126196704375e-01,  0.000000000000000e+00,  8.202429548929879e-02,  2.763315475441443e+01
s983        , -6.523400746561840e-01, -8.324114328797600e-01,  0.000000000000000e+00,  1.848980571505536e-02,  4.278925008490796e+01
s984        ,  1.408650344937473e+00,  1.024618176387562e-01,  4.424130703770107e-02,  3.088711186800028e-02,  3.541030826119444e+01
s985        , -1.892295500046385e+00, -1.931139701719896e+00,  0.000000000000000e+00,  7.201699280373815e-02,  5.385316221850870e+01
s986        ,  7.279494111089813e-01,  3.222267996716099e-01,  1.980149006212718e-02,  1.956704309773272e-02,  3.086677826553394e+01
s987        ,  6.069333137359153e-01, -4.345962712868743e-01,  0.000000000000000e+00,  1.216093896820510e-01,  3.407612041023723e+01
s988        ,  7.956867077796173e-01,  1.376669249921352e-01,  0.000000000000000e+00,  1.002395659211478e-01,  2.806344594325752e+01
s989        , -1.492402946081943e-01, -9.115344178887641e-02,  0.000000000000000e+00,  6.566741265770944e-02,  3.212444948227762e+01
s990        ,  4.998144921024050e-01,  9.267609976551949e-01,  0.000000000000000e+00,  2.032870120363932e-01,  1.468052310750930e+01
s991        , -1.388778051347251e+00, -9.685546736990425e-01,  7.836601380297760e-02,  5.304892012150584e-03,  5.247019866021201e+01
s992        ,  4.282998930275517e-01, -1.550224415977772e-01,  8.978085351787773e-02,  3.093818614135638e-02,  4.286970489246051e+01
s993        ,  5.363050420459535e-01,  3.438856505153915e-01,  0.000000000000000e+00,  8.261394588210962e-02,  2.627811648191765e+01
s994        , -6.815023874245364e-01,  1.124221997358665e-01,  0.000000000000000e+00,  1.653855905149863e-01,  2.586158831948348e+01
s995        , -2.391036276757255e+00, -1.734585407384580e+00,  0.000000000000000e+00,  1.172887115243258e-03,  5.422823582692980e+01
s996        ,  4.431453520331270e-01, -2.386575570679381e-01,  0.000000000000000e+00,  3.904633283232309e-01,  2.140518638326718e+01
s997        , -6.841651286789516e-01, -1.648030514481604e+00,  0.000000000000000e+00,  5.735706870943941e-02,  5.103566318280055e+01
s998        , -1.890503332016519e-01, -4.384603256407011e-01,  0.000000000000000e+00,  6.753855032058177e-02,  3.620000952755175e+01
s999        , -1.955891416531250e-01, -7.081519503666862e-01,  0.000000000000000e+00,  5.027699193272239e-02,  4.008390535807426e+01
s1000       ,  1.922227018092693e+00,  1.195783287485939e+00,  0.000000000000000e+00,  1.719172229093389e-01,  1.267334590725725e+01
s1001       ,  7.564584951078412e-01,  4.524518555246870e-01,  3.667355371900827e-02,  6.966157330123671e-02,  2.901188986583466e+01
s1002       , -1.216448226111712e+00, -4.942047134299647e-01,  0.000000000000000e+00,  1.837471553170518e-02,  3.875488365597851e+01
s1003       ,  9.406214986730430e-01,  1.050674975950201e+00,  0.000000000000000e+00,  2.053853023299037e-01,  1.312014046614392e+01
s1004       , -6.084517344429567e-01, -6.078633499596728e-01,  0.000000000000000e+00,  5.118806836295060e-02,  3.885127199542432e+01
s1005       ,  1.047447652274055e-01,  4.045869033479317e-01,  0.000000000000000e+00,  2.735422302709801e-02,  2.767666561883524e+01
s1006       ,  1.789223857816157e+00,  4.539724155727960e-01,  1.526372321781898e-01,  1.061619157047712e-02,  4.243268694548354e+01
s1007       , -3.471776742826869e-02, -3.930007617180573e-01,  0.000000000000000e+00,  4.571607153864653e-03,  3.807673191007402e+01
s1008       , -4.304906904704673e-01,  5.691753436756792e-01,  0.000000000000000e+00,  1.619606927367992e-01,  2.053875088205507e+01
s1009       ,  5.526661980887814e-01,  4.260962061353255e-01,  0.000000000000000e+00,  1.340215903450617e-01,  2.332096786810639e+01
s1010       ,  1.084664986478008e-01,  7.241128587899570e-01,  0.000000000000000e+00,  5.033652952181179e-02,  2.297783185153942e+01
s1011       , -1.857041478323650e-01, -2.030150481038180e-01,  0.000000000000000e+00,  3.436882808948364e-01,  2.277694625152497e+01
s1012       , -9.197930097533303e-01, -1.382697194931396e+00,  0.000000000000000e+00,  3.809221692596738e-02,  4.860739018053678e+01
s1013       , -4.019119417889336e-01, -6.617367578408793e-01,  1.460920379839299e-02,  5.403306939327165e-02,  4.079250642421998e+01
s1014       , -1.358932079618377e+00, -1.512704065454646e+00,  2.453528670447385e-02,  3.083581664156744e-02,  5.280207096122246e+01
s1015       , -1.527440174864809e+00, -1.141347319174138e+00,  0.000000000000000e+00,  8.038929513673210e-02,  4.409992131680216e+01
s1016       ,  1.494747075983483e+00,  5.591649023241860e-01,  0.000000000000000e+00,  7.331338107314983e-02,  2.406468668926151e+01
s1017       ,  5.541257590705126e-01,  8.868914623970126e-02,  5.660250218997776e-03,  4.829901983303961e-02,  3.118943016691654e+01
s1018       , -1.957085120530335e+00, -1.487673148181731e+00,  0.000000000000000e+00,  8.497749319111070e-04,  5.129208093105697e+01
s1019       ,  7.131485583147715e-01,  8.327886022869737e-01,  0.000000000000000e+00,  1.897219601779409e-01,  1.632397595702111e+01
s1020       , -1.923756067205053e+00, -5.419756054737181e-01,  0.000000000000000e+00,  1.493509120192743e-02,  3.945752519057432e+01
s1021       ,  3.885529621363158e-01,  9.121682040703317e-01,  0.000000000000000e+00,  2.876406576492029e-01,  1.161338357367644e+01
s1022       , -1.875446506562856e+00, -1.201530339623856e+00,  1.212548259714332e-02,  3.137196753603762e-03,  4.895510222685203e+01
s1023       ,  1.372593741804167e+00,  2.002369056986502e-01,  5.273386321949515e-02,  2.125272281839634e-02,  3.543094938624459e+01
s1024       , -8.235465806555774e-01, -9.411295817318472e-01,  0.000000000000000e+00,  2.541173515948195e-02,  4.382155333779441e+01
s1025       , -3.055697164838789e-01,  5.995230036071058e-01,  0.000000000000000e+00,  5.026060823050611e-02,  2.446857338754872e+01
s1026       , -1.058405261469002e+00, -6.501526010224166e-01,  7.963988919667590e-03,  3.132644635066266e-02,  4.088661183808324e+01
s1027       ,  1.001215100946892e+00,  1.359641297659508e+00,  0.000000000000000e+00,  1.472652090216174e-01,  1.166387735223791e+01
s1028       , -1.207050253018809e-01, -3.950831459174839e-01,  0.000000000000000e+00,  1.368788173727868e-02,  3.775129404273909e+01
s1029       , -3.485019297637044e-02,  3.158510160357206e-01,  0.000000000000000e+00,  1.082538095513901e-01,  2.562765322307479e+01
s1030       ,  7.570890498814407e-01,  6.246074381795350e-01,  0.000000000000000e+00,  9.300339147575460e-03,  2.574297466046941e+01
s1031       , -3.425236517205575e-01,  1.373577286780976e-01,  9.229622855594506e-02,  2.596913966766977e-02,  3.981139907169850e+01
s1032       , -9.690806500330095e-01, -4.124337189273306e-01,  0.000000000000000e+00,  8.881127072263145e-02,  3.507177244148314e+01
s1033       ,  3.580879227715397e-01,  2.352533987119698e-01,  0.000000000000000e+00,  1.536763670520030e-01,  2.484470845676745e+01
s1034       , -1.559175075401338e+00, -7.799904309688075e-01,  0.000000000000000e+00,  6.269355888800968e-03,  4.263283759941817e+01
s1035       , -5.297528349600487e-01, -7.316512915373470e-01,  0.000000000000000e+00,  1.100401395603194e-01,  3.806804910714133e+01
s1036       , -2.199501197760688e+00, -1.354504870599460e+00,  0.000000000000000e+00,  5.351946209926197e-03,  4.952881312751546e+01
s1037       , -2.563451324430152e-01, -4.045753093677633e-01,  0.000000000000000e+00,  1.273553578904049e-02,  3.790124252015033e+01
s1038       ,  1.208934872396009e+00,  9.318814101794893e-01,  0.000000000000000e+00,  3.034096860912666e-01,  1.077202654323862e+01
s1039       ,  1.284684643971159e+00,  1.003304747647016e+00,  0.000000000000000e+00,  2.431934228246880e-01,  1.223299674355711e+01
s1040       ,  3.246719543370282e-02, -1.550743305995055e-01,  0.000000000000000e+00,  7.342306837105206e-02,  3.258975682070344e+01
s1041       ,  2.496032441662193e+00,  1.208824275848625e+00,  0.000000000000000e+00,  1.074033244690978e-01,  1.499664751877687e+01
