# c0 + a0 * (F - SBI) + a1 * (face-area-avg - E_T)
# Property Label: $ln_{D}$; Unit of the Property: Unitless
# RMSE: 0.416245316736488; Max AE: 1.95038872966809
# Coefficients
# Task   a0                      a1                      c0
# all ,  4.431233826510258e+00,  7.481340469445028e-01, -1.187823673863367e+01, 
# Feature Rung, Units, and Expressions
# 0;  1; Unitless;                                         13|6|sub; (F - SBI); $\left(F - SBI\right)$; (F - SBI); (newdata$F - newdata$SBI); F,SBI
# 1;  1; Unitless;                                         33|0|sub; (face-area-avg - E_T); $\left(face-area-avg - E_{T}\right)$; (face_sub_area_sub_avg - E_T); (newdata$face_sub_area_sub_avg - newdata$E_T); face-area-avg,E_T
# Number of Samples Per Task
# Task, n_samples               
# all , 1041                  

# Sample ID , Property Value        ,  Property Value (EST) ,  Feature 0 Value      ,  Feature 1 Value      
s1          , -2.244947812336508e+01, -2.198047785234026e+01, -3.210203698704857e-01, -1.160183101836766e+01
s2          , -2.298888400764099e+01, -2.294030677005298e+01, -1.997599651142347e-01, -1.360302603308405e+01
s3          , -1.755271246623431e+01, -1.805261972621322e+01, -1.710259048075695e-01, -7.240049072901664e+00
s4          , -1.917258847351942e+01, -1.912800045111887e+01, -9.680956800127805e-02, -9.117053164316232e+00
s5          , -2.000094091703784e+01, -2.022885358302424e+01, -1.655160589349337e-01, -1.018156641355539e+01
s6          , -2.179532463031582e+01, -2.136556007521121e+01, -3.233661538382711e-01, -1.076600153439930e+01
s7          , -2.156980503382011e+01, -2.128934702037299e+01, -3.827490713872201e-01, -1.031240281210619e+01
s8          , -2.070680399014268e+01, -2.108726816637585e+01, -7.801377879468985e-02, -1.184725406952471e+01
s9          , -2.311678210871720e+01, -2.267175531441777e+01, -2.490367869964645e-01, -1.295219537297537e+01
s10         , -1.955558688693647e+01, -1.925041362958289e+01, -9.299531316994382e-02, -9.303269837737986e+00
s11         , -1.929232032084748e+01, -1.966435652125335e+01, -1.062100635279546e-01, -9.778298670240128e+00
s12         , -1.972420304545977e+01, -1.905369781320355e+01, -2.340284304589662e-01, -8.204981984478989e+00
s13         , -1.649771434553038e+01, -1.685825526340851e+01, -8.466054159187654e-02, -6.155137422109360e+00
s14         , -1.814284237715737e+01, -1.850283474228042e+01, -9.628686559777500e-02, -8.284515873959428e+00
s15         , -2.140988745272463e+01, -2.162497463667667e+01, -1.734540275076467e-01, -1.200068701681835e+01
s16         , -2.271802967642396e+01, -2.235434605134753e+01, -3.233661538382711e-01, -1.208767106698464e+01
s17         , -1.845283706311921e+01, -1.869985620717630e+01, -1.456024010873357e-01, -8.255768079061216e+00
s18         , -2.106370881996578e+01, -2.144858894230483e+01, -2.578545817902791e-01, -1.126501098692357e+01
s19         , -2.166440903696862e+01, -2.130620087640603e+01, -7.930072178055680e-02, -1.213226979044971e+01
s20         , -1.957524373940041e+01, -1.946473631668425e+01, -8.850733749321589e-02, -9.616328650779812e+00
s21         , -2.230012329283520e+01, -2.294911126276962e+01, -3.581990065132454e-01, -1.267635259828722e+01
s22         , -1.709175230426198e+01, -1.661218068681283e+01, -7.056713486347356e-02, -5.909695583551210e+00
s23         , -2.271630669020732e+01, -2.206331611734358e+01,  1.683898463636946e-02, -1.371371467310823e+01
s24         , -1.997593461761007e+01, -2.017375769065386e+01, -2.019587755985993e-01, -9.892070043132339e+00
s25         , -2.228124530569044e+01, -2.312762043647879e+01, -4.455131661377713e-01, -1.239779251296096e+01
s26         , -1.806502239865187e+01, -1.797628781228783e+01, -1.071322881154807e-01, -7.516464298893938e+00
s27         , -2.017409009594002e+01, -2.010230345512836e+01, -1.169018300097772e-01, -1.030035647281009e+01
s28         , -1.658938425028538e+01, -1.731928629361634e+01, -1.333668470045617e-01, -6.482888849945390e+00
s29         , -2.262132344831001e+01, -2.334074832025247e+01, -3.250158005215584e-01, -1.339638345979570e+01
s30         , -1.697997334312175e+01, -1.738963184137117e+01, -1.054367765467256e-01, -6.742347995719033e+00
s31         , -1.964904728113367e+01, -1.944619791384023e+01, -2.177801474649559e-01, -8.825860079466834e+00
s32         , -2.151059652715050e+01, -2.156067968399847e+01, -1.211989890839976e-01, -1.222425569662030e+01
s33         , -2.289264810431292e+01, -2.374367545514095e+01, -3.126341148260656e-01, -1.400829690129894e+01
s34         , -2.302504917991390e+01, -2.259372253066809e+01, -1.540615570000477e-01, -1.341043500194451e+01
s35         , -2.244061385591441e+01, -2.247320605655784e+01, -3.661156107763149e-01, -1.199333926277557e+01
s36         , -2.239655424600443e+01, -2.160941980763759e+01, -2.530416474644647e-01, -1.150849422828392e+01
s37         , -2.226102540809307e+01, -2.185385655931609e+01, -2.191185732903392e-01, -1.203615077201476e+01
s38         , -2.102436377352775e+01, -2.119506886460088e+01, -2.787260399366495e-01, -1.080251848245343e+01
s39         , -2.141661104833067e+01, -2.066938789797369e+01, -4.744559790352056e-01, -8.940544549692632e+00
s40         , -1.990275935468409e+01, -1.944748301680526e+01, -1.934644134394298e-01, -8.971601082086192e+00
s41         , -1.952311408648237e+01, -1.917012628182594e+01, -1.869027143303417e-01, -8.639735004153007e+00
s42         , -1.862175379272403e+01, -1.928333091108666e+01, -8.040472989721238e-02, -9.421843641937507e+00
s43         , -2.257821044890805e+01, -2.233230691991891e+01, -4.036465796046416e-01, -1.158270745620642e+01
s44         , -1.984867902879579e+01, -1.938657432764747e+01, -4.506009085614168e-02, -9.769192860605903e+00
s45         , -1.928264199244582e+01, -1.940660838319192e+01, -9.709047366113982e-02, -9.487793106635129e+00
s46         , -2.007096062658339e+01, -2.040657679881829e+01, -1.442669496961432e-01, -1.054498121675357e+01
s47         , -1.842882744186564e+01, -1.871910323453364e+01, -6.572181673272656e-02, -8.754631319352400e+00
s48         , -1.712958329507449e+01, -1.682433013625461e+01, -5.737566097635470e-02, -6.271400756383662e+00
s49         , -2.142142340445580e+01, -2.184649822704354e+01, -1.401590874479529e-01, -1.249399601206904e+01
s50         , -2.022197746600499e+01, -2.035126656749512e+01, -8.684588243334662e-02, -1.081115804041152e+01
s51         , -2.208446385448407e+01, -2.247971380036579e+01, -2.748435772528992e-01, -1.254264652642666e+01
s52         , -2.030062191637932e+01, -1.946973049298511e+01, -6.479559812604921e-02, -9.763449929806711e+00
s53         , -1.881589086732163e+01, -1.834445410741300e+01, -2.931698552844396e-01, -6.906667608877179e+00
s54         , -2.389190768082197e+01, -2.409784698499893e+01, -1.513703071203442e-01, -1.543687667777141e+01
s55         , -1.989931101552115e+01, -1.986846061997449e+01, -1.061499044069088e-01, -1.005147254688426e+01
s56         , -2.293632659980805e+01, -2.359929019793786e+01, -4.125954321610042e-01, -1.322322739360983e+01
s57         , -2.165250835772914e+01, -2.111815623642307e+01, -1.554486300481831e-01, -1.142989054563044e+01
s58         , -2.493828100106786e+01, -2.558409435866931e+01, -4.472779356966061e-01, -1.567080732310909e+01
s59         , -2.019609135900962e+01, -1.986161326792330e+01, -1.091685153656913e-01, -1.002444059569394e+01
s60         , -1.686951544328429e+01, -1.731458455472196e+01, -8.670889727560709e-02, -6.752961502092934e+00
s61         , -1.698686520707895e+01, -1.775145526860316e+01, -8.647244871692022e-02, -7.338309107273060e+00
s62         , -1.961666852236879e+01, -1.964402615108794e+01, -6.600767004920979e-02, -9.989244604820744e+00
s63         , -2.363642228074260e+01, -2.300649394467671e+01, -2.157132531154462e-01, -1.359700361660709e+01
s64         , -2.123215125329894e+01, -2.121891796350852e+01, -2.814270733035537e-01, -1.081839824161451e+01
s65         , -2.229595939650926e+01, -2.185232085428250e+01, -2.560749708076304e-01, -1.181520354405036e+01
s66         , -2.209517036440609e+01, -2.184323712515785e+01, -1.869505866934291e-01, -1.221248873807780e+01
s67         , -2.100952424313996e+01, -2.040783361807478e+01, -2.552575618254916e-01, -9.889258438676938e+00
s68         , -2.306714632630091e+01, -2.300620490422953e+01, -2.243979350099490e-01, -1.354517748091799e+01
s69         , -2.116954741071400e+01, -2.072421289827797e+01, -1.136219105275393e-01, -1.115106435852503e+01
s70         , -2.268552320802911e+01, -2.172063888522467e+01, -3.231990860256531e-01, -1.124161032136639e+01
s71         , -1.844586653395837e+01, -1.918620147058215e+01, -5.003686046409431e-02, -9.471885061546020e+00
s72         , -2.185924535832699e+01, -2.100957747324382e+01, -1.515596786104541e-01, -1.130779222596192e+01
s73         , -1.814705961150877e+01, -1.837597897997531e+01, -8.506960529045707e-02, -8.181393366294326e+00
s74         , -2.269683109870329e+01, -2.393000024376157e+01, -3.873736058155839e-01, -1.381466399203632e+01
s75         , -2.162544692540680e+01, -2.149957784411585e+01, -3.395432434283051e-01, -1.084931989499707e+01
s76         , -1.799713371423827e+01, -1.861755791968670e+01, -7.561702016098139e-02, -8.560290110591437e+00
s77         , -1.808839931225978e+01, -1.785337993530361e+01, -1.021826166271081e-01, -7.381495538058597e+00
s78         , -1.710463489071706e+01, -1.730558075957124e+01, -7.009693379121262e-02, -6.839319955674805e+00
s79         , -2.130172009097587e+01, -2.037720911987100e+01, -4.850195099009291e-02, -1.107294732700863e+01
s80         , -2.075517304342145e+01, -2.084524295296826e+01, -1.130746601209223e-01, -1.131608164347267e+01
s81         , -1.679587307458704e+01, -1.746738393086104e+01, -1.297290907891958e-01, -6.702391472917180e+00
s82         , -1.961963418382102e+01, -1.925803422107647e+01, -6.880852873821222e-02, -9.456715452585794e+00
s83         , -1.732943596118787e+01, -1.741625637445694e+01, -5.617344959862618e-02, -7.069724960936600e+00
s84         , -2.091958911511147e+01, -2.163953124142225e+01, -1.199790903733165e-01, -1.233687884777828e+01
s85         , -1.931803893900067e+01, -1.925273207633952e+01, -1.975968168101563e-01, -8.686809089344949e+00
s86         , -2.124992178205270e+01, -2.063960754281098e+01, -3.283882660809846e-01, -9.765904440694671e+00
s87         , -2.000999990609716e+01, -1.986161849113821e+01, -1.247468366244763e-01, -9.932176433690920e+00
s88         , -1.933594922663024e+01, -1.945000169187416e+01, -7.725782711942207e-02, -9.663264873283470e+00
s89         , -2.128477820873118e+01, -2.100596500125978e+01, -2.329336964751568e-01, -1.082098137430691e+01
s90         , -2.009844325702736e+01, -2.034576045678361e+01, -1.379620875230949e-01, -1.050103451544213e+01
s91         , -2.185233402642529e+01, -2.222236930704906e+01, -3.284217007480571e-01, -1.188131893609695e+01
s92         , -1.852873985612102e+01, -1.852549490440278e+01, -1.839743059162698e-01, -7.795427867509963e+00
s93         , -2.244477787769646e+01, -2.221816248166424e+01, -3.094520979973749e-01, -1.198805371220504e+01
s94         , -2.069748145715988e+01, -2.065942399042515e+01, -1.761543166707028e-01, -1.069408125154869e+01
s95         , -1.839144268754908e+01, -1.819244250285413e+01, -1.084385939083101e-01, -7.797652068663955e+00
s96         , -2.061908691885885e+01, -2.051481087189368e+01, -1.000103724423102e-01, -1.095178707793731e+01
s97         , -2.336181657728519e+01, -2.250642063117246e+01,  3.829603205519660e-02, -1.443308536659058e+01
s98         , -1.913590175727989e+01, -1.885074584860154e+01, -2.015895150768779e-01, -8.125841694436835e+00
s99         , -1.764848235022367e+01, -1.813743011011760e+01, -1.734259846828382e-01, -7.339195835540938e+00
s100        , -2.003395952271198e+01, -1.965791109400109e+01, -2.096070088026071e-01, -9.157258268979538e+00
s101        , -2.047737186068138e+01, -1.953321447208160e+01, -7.841509405624031e-02, -9.767637425407809e+00
s102        , -1.813404261594337e+01, -1.824131932327331e+01, -1.072083109124198e-01, -7.870270728740504e+00
s103        , -2.094885731266024e+01, -2.058177262509444e+01, -1.838399788166139e-01, -1.054476532097845e+01
s104        , -1.695125455205811e+01, -1.681871735468858e+01, -1.278056168159491e-01, -5.846738377255726e+00
s105        , -2.089913046364001e+01, -2.149887492196641e+01, -2.695533016756740e-01, -1.126293410828425e+01
s106        , -2.193421435204462e+01, -2.167865046672461e+01, -1.988638824381747e-01, -1.192192950152069e+01
s107        , -1.938858975045087e+01, -1.930448513381068e+01, -4.018138774315307e-02, -9.688364405037031e+00
s108        , -2.184761912256448e+01, -2.164063111018923e+01, -2.369954303900212e-01, -1.164525560528221e+01
s109        , -1.765266017099491e+01, -1.850542460309488e+01, -7.808162109278854e-02, -8.395808170339869e+00
s110        , -2.222643790681205e+01, -2.143535107282645e+01, -1.959719413191253e-01, -1.161385031767859e+01
s111        , -2.198367498730207e+01, -2.173647207779719e+01, -2.969497660935593e-01, -1.141824987883369e+01
s112        , -2.341727175416096e+01, -2.330901912777276e+01, -4.665134345212723e-01, -1.251587508389594e+01
s113        , -2.064750776227555e+01, -2.035082945100589e+01, -2.261721096847319e-01, -9.985337841305601e+00
s114        , -2.335281852671257e+01, -2.331989915258755e+01, -3.366175764185418e-01, -1.329979736033619e+01
s115        , -2.467653405274963e+01, -2.491392298211915e+01, -2.654395411378264e-01, -1.585205434552549e+01
s116        , -2.119630992652875e+01, -2.133723335071021e+01, -4.800190037534878e-01, -9.800276027031581e+00
s117        , -1.681518237222159e+01, -1.722650237437512e+01, -9.644507526804467e-02, -6.577557826583433e+00
s118        , -1.725426000439147e+01, -1.768968802891768e+01, -1.461778953167100e-01, -6.902109156718510e+00
s119        , -2.026224064054247e+01, -2.052664409876684e+01, -2.597450319257139e-01, -1.002148801944863e+01
s120        , -2.061376236446881e+01, -2.045006551809004e+01, -2.415229124285821e-01, -1.002705906870995e+01
s121        , -2.090204853596659e+01, -2.119007716317067e+01, -2.300165515570145e-01, -1.108435491539053e+01
s122        , -1.679179791839329e+01, -1.734316429811135e+01, -8.045665677827588e-02, -6.828195189428131e+00
s123        , -1.729435756680531e+01, -1.784162166377321e+01, -1.809289317858837e-01, -6.899360540395857e+00
s124        , -1.927065840811719e+01, -1.958846622198862e+01, -2.212977613832560e-01, -8.995189277733374e+00
s125        , -2.074667074869674e+01, -2.060023266136019e+01, -5.236205345643272e-02, -1.134819014707216e+01
s126        , -1.981090987888966e+01, -1.957917871973260e+01, -1.487751844134935e-01, -9.412329755796971e+00
s127        , -1.791042209268825e+01, -1.786353127440410e+01, -1.532754136953191e-01, -7.092439328890732e+00
s128        , -2.199486439730610e+01, -2.219469925226891e+01, -3.562248804694040e-01, -1.167965394589618e+01
s129        , -1.847106084369403e+01, -1.829591458601328e+01, -1.249227494420996e-01, -7.838322501563826e+00
s130        , -2.183307419908922e+01, -2.146301212905041e+01, -5.386020065060717e-01, -9.621409411266500e+00
s131        , -1.937195493711046e+01, -1.934390848386828e+01, -7.881695957782159e-02, -9.512219630847216e+00
s132        , -1.756898825137140e+01, -1.793712998663673e+01, -1.194936228376353e-01, -7.390906866243507e+00
s133        , -1.952720456066259e+01, -1.957867108558699e+01, -1.550352564674059e-01, -9.374572515229367e+00
s134        , -1.792604080418195e+01, -1.822488442336689e+01, -9.639835098722799e-02, -7.912330785097817e+00
s135        , -2.163690184151209e+01, -2.183482199307158e+01, -2.500504210897633e-01, -1.182749723303022e+01
s136        , -2.266590946104735e+01, -2.246619032962488e+01, -2.530401003135575e-01, -1.265371329868170e+01
s137        , -1.871948299194560e+01, -1.868570928498815e+01, -2.263253201012231e-01, -7.758732750946121e+00
s138        , -2.098569970792443e+01, -2.083336180717777e+01, -2.383114736326309e-01, -1.055841695428631e+01
s139        , -1.946420871832499e+01, -1.953641419880327e+01, -1.001494532979701e-01, -9.643180716709569e+00
s140        , -1.890485827097119e+01, -1.948749487118348e+01, -7.757573947251545e-02, -9.711497453372299e+00
s141        , -2.048387804329865e+01, -1.995882453288615e+01,  4.288354864670785e-02, -1.105499055870410e+01
s142        , -1.712146112463541e+01, -1.731231628718820e+01, -8.840955347847551e-02, -6.739856533982985e+00
s143        , -2.146398341435241e+01, -2.185274188406710e+01, -3.730448532927595e-01, -1.112294809560283e+01
s144        , -2.296743054539722e+01, -2.223979220659282e+01, -4.484057722204590e-01, -1.119393600157142e+01
s145        , -2.169591974109321e+01, -2.164788318967984e+01, -1.682526813587321e-01, -1.206211575968780e+01
s146        , -2.268369172314783e+01, -2.247327574907688e+01, -2.841400213192717e-01, -1.247897776426215e+01
s147        , -2.121406114253308e+01, -2.161326319385277e+01, -2.199343054704809e-01, -1.170972789834563e+01
s148        , -2.139826235530006e+01, -2.096024298102035e+01, -2.354249055624879e-01, -1.074511108014246e+01
s149        , -1.818204101397333e+01, -1.800283059900721e+01, -5.288642987363598e-02, -7.873243768828312e+00
s150        , -2.236615053154114e+01, -2.186592946858981e+01, -3.338715033847079e-01, -1.137260102677981e+01
s151        , -2.007280490017163e+01, -1.962166287853285e+01, -7.986288948616214e-02, -9.877287409529432e+00
s152        , -2.043501428229088e+01, -2.037836781123386e+01, -7.932944633432704e-02, -1.089190336924962e+01
s153        , -2.294208833005412e+01, -2.272117251754079e+01, -3.497070597757231e-01, -1.242197446328608e+01
s154        , -1.941555486932839e+01, -1.967938927161875e+01, -9.510999729486234e-02, -9.864138553608985e+00
s155        , -2.030625886040805e+01, -2.082792330249314e+01, -5.555188837046930e-02, -1.163364131405632e+01
s156        , -1.755225478861601e+01, -1.740791427927700e+01, -8.283734074435491e-02, -6.900642919973609e+00
s157        , -1.981494689568535e+01, -1.932727607934017e+01, -1.626593101829024e-01, -8.993385517884741e+00
s158        , -2.120666701656112e+01, -2.123742724413596e+01, -2.347353775737140e-01, -1.111969598776474e+01
s159        , -2.199339551508707e+01, -2.188105578934400e+01, -3.125496404286605e-01, -1.151911017387302e+01
s160        , -1.822712376873660e+01, -1.826467475546404e+01, -1.121235237816874e-01, -7.872375932569105e+00
s161        , -1.850131544535105e+01, -1.906559053491769e+01, -4.378908190804998e-02, -9.347675278064180e+00
s162        , -2.165239460618542e+01, -2.149636343906528e+01, -2.932691613862045e-01, -1.111910693838779e+01
s163        , -2.054863013411503e+01, -2.036300832375613e+01, -8.422590987033879e-02, -1.084237098600878e+01
s164        , -2.244259094688993e+01, -2.300755093103830e+01, -2.571245260916247e-01, -1.335313549164413e+01
s165        , -2.169401378729562e+01, -2.107398614308632e+01, -3.280019552051014e-01, -1.034880858184045e+01
s166        , -1.893544650248816e+01, -1.860706260990515e+01, -7.056993086455979e-02, -8.576155613682293e+00
s167        , -1.990371422830687e+01, -2.033874232712492e+01, -1.203462537251746e-01, -1.059599309838456e+01
s168        , -2.358382467591309e+01, -2.332293765920693e+01, -5.638319167942615e-02, -1.496370050270846e+01
s169        , -2.234616115486217e+01, -2.309665846154514e+01, -2.416792522866943e-01, -1.356372495872482e+01
s170        , -1.980105726485419e+01, -2.007576761255296e+01, -1.586252056092069e-01, -1.001775754986136e+01
s171        , -2.225344967355102e+01, -2.201616093997032e+01, -3.039187671755945e-01, -1.175082074612358e+01
s172        , -2.076076397080535e+01, -2.104157959778325e+01, -1.961347043764631e-01, -1.108654813457416e+01
s173        , -2.167162181633835e+01, -2.151363632040952e+01, -2.221405296980412e-01, -1.156349318370312e+01
s174        , -2.217746151284670e+01, -2.207579874016354e+01, -2.284008501472335e-01, -1.227783238293809e+01
s175        , -1.912249737452136e+01, -1.935714467774505e+01, -1.420525239962876e-01, -9.155364626983710e+00
s176        , -2.262880123350610e+01, -2.174135808969959e+01, -1.062480856532849e-01, -1.255431600563668e+01
s177        , -1.998504477748202e+01, -2.023618333226146e+01, -2.652454581705896e-01, -9.600661774970481e+00
s178        , -1.778030448780716e+01, -1.849662089896434e+01, -6.367403886670743e-02, -8.469377421482340e+00
s179        , -2.322340610724453e+01, -2.433574522757998e+01, -5.670898161093587e-01, -1.329253888891750e+01
s180        , -1.682543251402466e+01, -1.701652834417657e+01, -1.056359653337193e-01, -6.242456096917204e+00
s181        , -1.586682207916231e+01, -1.608543286340523e+01, -5.792178066725526e-02, -5.280512479176290e+00
s182        , -2.348293513803748e+01, -2.346250259797447e+01, -2.849296045354845e-01, -1.379655985408540e+01
s183        , -2.155098810628208e+01, -2.139223421832946e+01, -1.496818291825829e-01, -1.183039634562246e+01
s184        , -2.324937775466465e+01, -2.278482779573218e+01, -2.025004029732992e-01, -1.337897194017659e+01
s185        , -2.378592453308165e+01, -2.415905898763912e+01, -3.604811490256552e-01, -1.428012270161551e+01
s186        , -2.071202883303041e+01, -2.103276086902290e+01, -2.236467184807176e-01, -1.091180552417102e+01
s187        , -2.027503475690737e+01, -2.018409502039922e+01, -9.727598933289279e-02, -1.052592868816534e+01
s188        , -2.214013663755619e+01, -2.233691896318419e+01, -2.340465619316951e-01, -1.259342122019379e+01
s189        , -2.074030596943589e+01, -2.071783978084349e+01, -2.422911324636544e-01, -1.038043170457323e+01
s190        , -1.914542963593283e+01, -1.907562833544369e+01, -8.257599770932519e-02, -9.131355631258135e+00
s191        , -1.679323473828856e+01, -1.743592796617487e+01, -2.375651979835272e-01, -6.021627146410525e+00
s192        , -1.690928184419942e+01, -1.746174437418398e+01, -1.320100586223756e-01, -6.681343027707474e+00
s193        , -2.273712334380998e+01, -2.334108203491937e+01, -3.654352001350408e-01, -1.315742348079495e+01
s194        , -2.090019731082972e+01, -2.133425115872586e+01, -2.292793917704188e-01, -1.128143259624100e+01
s195        , -1.910778599576077e+01, -1.921567829762038e+01, -8.726324725775397e-02, -9.290791849822904e+00
s196        , -1.918378235513936e+01, -1.924061413806331e+01, -1.554575298690285e-01, -8.920204556581709e+00
s197        , -2.010118773573690e+01, -2.035009024430483e+01, -1.101919697237709e-01, -1.067130570333957e+01
s198        , -2.040069724820686e+01, -1.964266127187905e+01, -1.198491745896100e-01, -9.668514414317436e+00
s199        , -2.033728659050214e+01, -2.000339124953332e+01, -2.921749129388102e-01, -9.129993724151662e+00
s200        , -1.788348829912646e+01, -1.814494983682469e+01, -1.378672763732141e-01, -7.559863078891178e+00
s201        , -1.891783601993355e+01, -1.946553962111958e+01, -9.359633813648457e-02, -9.587259999985116e+00
s202        , -2.174492495952721e+01, -2.169315235590085e+01, -2.128781870138858e-01, -1.185830618226519e+01
s203        , -2.185008698942601e+01, -2.165573641697002e+01, -6.838483586479745e-02, -1.266413488214730e+01
s204        , -2.086349108831322e+01, -2.106696933653748e+01, -1.640440335254156e-01, -1.131056013567112e+01
s205        , -2.088054945703831e+01, -2.135843607457351e+01, -3.365738613157850e-01, -1.067824929126742e+01
s206        , -2.114956534802060e+01, -2.169678509788877e+01, -3.612929466662720e-01, -1.098409418241265e+01
s207        , -1.936064601068155e+01, -1.933442395960660e+01, -1.688539885188022e-01, -8.966248418586986e+00
s208        , -2.173553987268506e+01, -2.146603046315105e+01, -9.050177418566484e-02, -1.227956305278023e+01
s209        , -1.958079034508013e+01, -1.974147904663144e+01, -9.748189019539394e-02, -9.933082565941604e+00
s210        , -2.077095411669474e+01, -2.130878021245540e+01, -2.420835618047465e-01, -1.117154691735402e+01
s211        , -2.106003856984427e+01, -2.085071261545432e+01, -1.569675408615241e-01, -1.106341307937415e+01
s212        , -1.921431398034701e+01, -1.886286713910518e+01, -1.083556470248377e-01, -8.694272394963125e+00
s213        , -1.891211086691480e+01, -1.877844406910706e+01, -1.709228085951631e-01, -8.210839253196074e+00
s214        , -1.797391097043976e+01, -1.798560570330338e+01, -1.124602376357475e-01, -7.497361440010607e+00
s215        , -2.046416066581664e+01, -2.075393331053284e+01, -1.222751669695052e-01, -1.113953675804293e+01
s216        , -2.054695205981560e+01, -2.024153811141228e+01, -2.734790540369479e-01, -9.559051304904129e+00
s217        , -2.064527960557822e+01, -2.057285795610821e+01, -1.451753262028481e-01, -1.076186204078353e+01
s218        , -2.267569057486860e+01, -2.275937787802146e+01, -2.825708727340990e-01, -1.287069285119196e+01
s219        , -1.969996813819463e+01, -2.036537987027226e+01, -1.356854840883194e-01, -1.054074340953632e+01
s220        , -2.056541179285701e+01, -2.138911541937659e+01, -3.358820906738096e-01, -1.072335449989922e+01
s221        , -2.147236245537334e+01, -2.139106625348688e+01, -6.979490703349200e-02, -1.230200924483655e+01
s222        , -1.817717386569833e+01, -1.804723281805565e+01, -5.526991652487433e-02, -7.918476882483075e+00
s223        , -2.049263974761081e+01, -2.071994618958657e+01, -1.713151481723565e-01, -1.080364141210847e+01
s224        , -2.147370851727396e+01, -2.096059576418106e+01, -1.501412114173805e-01, -1.125072203990449e+01
s225        , -2.297636192643720e+01, -2.277175849676460e+01, -3.956991395729354e-01, -1.221717736689552e+01
s226        , -2.349615644619751e+01, -2.295672087796067e+01, -3.750113818890638e-01, -1.258694355247324e+01
s227        , -1.994214785348108e+01, -2.035437533578285e+01, -2.332545460066386e-01, -9.948127869723004e+00
s228        , -1.935600154849446e+01, -1.969390681421672e+01, -8.506189011975041e-02, -9.943058976019731e+00
s229        , -1.931982821700711e+01, -1.965459618520119e+01, -9.885652389161843e-02, -9.808807798413323e+00
s230        , -1.663964761443124e+01, -1.714152886110720e+01, -1.235408094172440e-01, -6.303487895103385e+00
s231        , -1.912412961575534e+01, -1.938044571062637e+01, -1.373560660561922e-01, -9.214327504492635e+00
s232        , -2.205202611453251e+01, -2.121349840515526e+01, -6.548186085872965e-02, -1.209020798692846e+01
s233        , -2.108987100746543e+01, -2.088648076378140e+01, -3.595809291875996e-01, -9.911134079042505e+00
s234        , -2.119865480781422e+01, -2.129140131997213e+01, -3.367874027810036e-01, -1.058738187647315e+01
s235        , -1.634470488909293e+01, -1.602432880683574e+01, -8.652470889506644e-02, -5.029420685617342e+00
s236        , -2.035495556536669e+01, -2.108703926270986e+01, -6.519020749532982e-02, -1.192290273099593e+01
s237        , -2.057488800817375e+01, -2.024419313507925e+01, -2.747246199196108e-01, -9.555222619366910e+00
s238        , -2.181497599002021e+01, -2.120057740182102e+01, -3.914600564989852e-01, -1.014215253281246e+01
s239        , -1.938605784207409e+01, -1.924875868699706e+01, -1.595519977185619e-01, -8.906839310682924e+00
s240        , -1.879589433372550e+01, -1.893234266537260e+01, -2.158591518451499e-01, -8.150389059586818e+00
s241        , -1.732119998261703e+01, -1.699275976172748e+01, -9.301378366009992e-02, -6.285447397846196e+00
s242        , -2.017650413285683e+01, -1.999074496361568e+01, -4.702178341457578e-02, -1.056514369318476e+01
s243        , -1.996072124442394e+01, -1.986025538861084e+01, -6.527807184415328e-02, -1.028259077542375e+01
s244        , -2.121993688931675e+01, -2.097437148579541e+01, -2.545226244418335e-01, -1.065087936669458e+01
s245        , -2.152256201120388e+01, -2.171945936750507e+01, -1.761402038992355e-01, -1.211107051757640e+01
s246        , -1.806013829922115e+01, -1.805427727974330e+01, -1.231920572737877e-01, -7.525586828663973e+00
s247        , -1.662499542985015e+01, -1.667261044201296e+01, -8.196681436462763e-02, -5.922948702860152e+00
s248        , -2.087245838906029e+01, -2.065557676052119e+01, -2.555690997168560e-01, -1.021856125039917e+01
s249        , -2.031192930505803e+01, -2.020116400617323e+01, -2.320710232836094e-01, -9.750346650850247e+00
s250        , -1.829082894515480e+01, -1.823970877718362e+01, -1.302076953779571e-01, -7.731891521237360e+00
s251        , -2.316191337748571e+01, -2.335967806705025e+01, -3.873736058155838e-01, -1.305233780324621e+01
s252        , -1.836403387539604e+01, -1.835534870408059e+01, -8.035139977552473e-02, -8.181763882760741e+00
s253        , -1.948978591890307e+01, -1.976124148083446e+01, -5.288080179392846e-02, -1.022367258348547e+01
s254        , -1.974328758235917e+01, -2.016209140798610e+01, -1.210822038776704e-01, -1.035551201470180e+01
s255        , -2.045692599174058e+01, -2.014733289577835e+01, -8.739935308014329e-02, -1.053529005871525e+01
s256        , -1.776850461240055e+01, -1.760233165403149e+01, -9.912263903537531e-02, -7.064054023360507e+00
s257        , -2.163660994039700e+01, -2.163617553997514e+01, -1.941700582080973e-01, -1.189295676042706e+01
s258        , -1.860059101905129e+01, -1.884819378177086e+01, -1.230421528524747e-01, -8.587670243815605e+00
s259        , -2.094542362420654e+01, -2.078254692155143e+01, -7.030620524304565e-02, -1.148559804640012e+01
s260        , -1.742875942837962e+01, -1.732464566959074e+01, -7.764351222195570e-02, -6.820104490670993e+00
s261        , -2.065616574581777e+01, -2.040233112446219e+01, -9.301192700063646e-02, -1.084289215517570e+01
s262        , -2.014040040752147e+01, -1.964799875219200e+01, -2.921710773905299e-01, -8.654977913039405e+00
s263        , -1.686996628366655e+01, -1.663911200171984e+01, -5.147632692244387e-02, -6.058769334821067e+00
s264        , -2.074271161967796e+01, -1.998493524666591e+01, -2.492920780124250e-01, -9.359321431580243e+00
s265        , -2.059536695716665e+01, -2.041339937588871e+01, -2.736741220747981e-01, -9.787615788885327e+00
s266        , -2.198651133619990e+01, -2.171920384495200e+01, -3.320513181490559e-01, -1.118725996682219e+01
s267        , -1.899333543245141e+01, -1.910103736464816e+01, -1.484023874387410e-01, -8.775425973024955e+00
s268        , -1.857298059991068e+01, -1.841084591080337e+01, -1.838189230104363e-01, -7.643101615180655e+00
s269        , -2.106917022960664e+01, -2.087497888982364e+01, -7.156207280946458e-02, -1.160170949164854e+01
s270        , -1.920756052964929e+01, -1.954422105332695e+01, -1.194030223771775e-01, -9.539576005257498e+00
s271        , -1.965184309682283e+01, -1.997488730880058e+01, -9.891305480693607e-02, -1.023659293023867e+01
s272        , -2.112049940018463e+01, -2.068218283494568e+01, -1.150852276159781e-01, -1.108621720484766e+01
s273        , -1.945398506004425e+01, -1.931701468759428e+01, -2.137035963180335e-01, -8.677331783819763e+00
s274        , -2.135203005648119e+01, -2.161881249894702e+01, -3.148370547261731e-01, -1.115503189255459e+01
s275        , -2.088724638081418e+01, -2.093631116506153e+01, -2.405179242315449e-01, -1.068295621263695e+01
s276        , -1.839432489855567e+01, -1.887614613466001e+01, -1.246160886988316e-01, -8.615710506401825e+00
s277        , -2.199306195501885e+01, -2.004267322535075e+01, -4.902135093629080e-01, -8.009508224213144e+00
s278        , -2.276883612887764e+01, -2.286858155424817e+01, -2.064142417642026e-01, -1.346774028850329e+01
s279        , -2.262380984036664e+01, -2.202890947608592e+01, -1.458011967183057e-02, -1.348162787024724e+01
s280        , -1.620731240668889e+01, -1.661903813751043e+01, -4.133609900396275e-02, -6.091998482529299e+00
s281        , -2.072632910940930e+01, -1.952695541940440e+01, -3.138359001792125e-01, -8.364862486184286e+00
s282        , -1.840721485531197e+01, -1.873552388421238e+01, -2.544212742935551e-01, -7.658904192566862e+00
s283        , -1.945843055355910e+01, -1.995170129109563e+01, -1.023476261484718e-01, -1.018525800360357e+01
s284        , -2.290375248734285e+01, -2.299142153903743e+01, -5.828972470967783e-02, -1.450928405793766e+01
s285        , -2.162506652538119e+01, -2.118534700970958e+01, -2.237957839051053e-01, -1.111487821890570e+01
s286        , -2.308167299949378e+01, -2.372855109364669e+01, -2.224072002206478e-01, -1.452249913034876e+01
s287        , -1.888746545864790e+01, -1.860897633182940e+01, -1.702344373153927e-01, -7.988395957295809e+00
s288        , -2.031934863671701e+01, -2.048114761837245e+01, -7.288949558583352e-02, -1.106742904579474e+01
s289        , -2.410980627565496e+01, -2.482154215543497e+01, -3.578417164128420e-01, -1.518127018130313e+01
s290        , -2.087284446952964e+01, -2.056618811165730e+01, -4.566213496842773e-02, -1.134236813658919e+01
s291        , -2.204275686911580e+01, -2.124098901098826e+01, -5.670898161093587e-01, -9.155905582050643e+00
s292        , -1.820983264392220e+01, -1.823556759490261e+01, -2.200352749351065e-01, -7.194303113102764e+00
s293        , -1.668568749246811e+01, -1.672360250468012e+01, -7.339424157189341e-02, -6.041883454686982e+00
s294        , -2.280852590517532e+01, -2.381237918804724e+01, -3.968783180008217e-01, -1.360114790021668e+01
s295        , -1.673628435422914e+01, -1.739079167790061e+01, -1.803439439133539e-01, -6.300219558035243e+00
s296        , -2.103716924286631e+01, -1.999055318725697e+01, -2.530578274203878e-01, -9.344525987350860e+00
s297        , -2.124288787488653e+01, -2.120927720942832e+01, -2.721241993908208e-01, -1.086061321046221e+01
s298        , -2.177880180045448e+01, -2.113429300103867e+01, -2.217443067652957e-01, -1.105878742348466e+01
s299        , -1.893486515270964e+01, -1.899715180129512e+01, -9.360261535084943e-02, -8.961148091909056e+00
s300        , -1.774017522269403e+01, -1.755191259455821e+01, -1.346810353660199e-01, -6.786046854779505e+00
s301        , -2.283171483494903e+01, -2.310611854683077e+01, -3.233661538382711e-01, -1.309253443144933e+01
s302        , -1.721456897049112e+01, -1.756716778083295e+01, -1.167940752482083e-01, -6.912383156927823e+00
s303        , -2.130552121943375e+01, -2.061906029082787e+01, -4.015138929950456e-01, -9.305313180402747e+00
s304        , -2.313677054561944e+01, -2.308047137290286e+01, -1.921065905485749e-01, -1.383570959537233e+01
s305        , -1.858159986173835e+01, -1.901224376426970e+01, -1.320721804635751e-01, -8.753463819446594e+00
s306        , -2.163460095493751e+01, -2.159487041664026e+01, -1.497485834600345e-01, -1.210085642603838e+01
s307        , -1.987289536762319e+01, -2.012409040674615e+01, -5.600481452647984e-02, -1.069017413683965e+01
s308        , -2.028550026196297e+01, -1.951232674668529e+01, -4.805378615397263e-01, -7.357925232196011e+00
s309        , -2.129242792516701e+01, -2.132708570622302e+01, -1.535963531496335e-01, -1.172012909677737e+01
s310        , -1.894855963686166e+01, -1.913670639971087e+01, -9.502962586042732e-02, -9.139232730242345e+00
s311        , -2.010039836844276e+01, -2.037400534538148e+01, -1.038956732214244e-01, -1.074056530104297e+01
s312        , -1.830057188159682e+01, -1.876997851053069e+01, -1.198517249077109e-01, -8.502020166437099e+00
s313        , -1.990312271450173e+01, -1.939901294753268e+01, -1.514469464035674e-01, -9.155684606320222e+00
s314        , -1.980645538479249e+01, -1.965195835832368e+01, -1.229732184210783e-01, -9.662437585872796e+00
s315        , -1.914671781515828e+01, -1.963148837468270e+01, -2.140720625523623e-01, -9.095493379759189e+00
s316        , -2.257620253811652e+01, -2.228843190902524e+01, -3.247762824656262e-01, -1.199121408539118e+01
s317        , -1.647333233405121e+01, -1.623817335202432e+01, -7.938952234703574e-02, -5.357519942937840e+00
s318        , -2.027102701488289e+01, -1.992256029578558e+01, -1.611772022952996e-01, -9.797856034244148e+00
s319        , -1.996146248057647e+01, -1.979143715893406e+01, -2.194679197749775e-01, -9.277330417866315e+00
s320        , -2.548773082504399e+01, -2.535010831203649e+01, -3.639436412925529e-01, -1.585164082238815e+01
s321        , -1.727661852750149e+01, -1.766426872054479e+01, -6.187450793124401e-02, -7.367465218136751e+00
s322        , -2.011073789818953e+01, -2.055745792254107e+01, -1.825077611130298e-01, -1.052015564778396e+01
s323        , -2.178223238748198e+01, -2.163173155415225e+01, -2.198668531123342e-01, -1.173481331926348e+01
s324        , -1.879130547869734e+01, -1.922604487763946e+01, -1.424686991552390e-01, -8.977663892615766e+00
s325        , -2.032679436678044e+01, -1.979918280896689e+01, -7.801377879468985e-02, -1.012552336809534e+01
s326        , -2.071891083121713e+01, -2.033843622306252e+01, -3.498714411715739e-01, -9.236095252716183e+00
s327        , -1.834375983430116e+01, -1.898474683459754e+01, -4.242749754309762e-02, -9.247679559475962e+00
s328        , -2.099505369246730e+01, -2.038740706445877e+01, -1.544560319875036e-01, -1.045900739864865e+01
s329        , -2.140321290954873e+01, -2.078660795092277e+01, -3.585842797760095e-01, -9.783541401416505e+00
s330        , -2.114112529442132e+01, -2.168356451646080e+01, -3.278396881917764e-01, -1.116456802888794e+01
s331        , -1.934637322166436e+01, -1.979622448404478e+01, -1.527125505874121e-01, -9.679124690408152e+00
s332        , -1.962462779654497e+01, -2.000696356955942e+01, -1.446348420583290e-01, -1.000865561043014e+01
s333        , -2.293624249800790e+01, -2.345921138819092e+01, -3.525212998173872e-01, -1.339181177779532e+01
s334        , -1.807355423930957e+01, -1.801583598708076e+01, -6.670046490141257e-02, -7.808806344253102e+00
s335        , -1.850164643907080e+01, -1.893551248750220e+01, -1.778079118356059e-01, -8.380005349210510e+00
s336        , -2.151296308555482e+01, -2.114298672940818e+01, -1.635689055218923e-01, -1.141498366307360e+01
s337        , -1.775953587894473e+01, -1.642869474612440e+01, -2.546508846693970e-01, -4.574100600512814e+00
s338        , -2.118082550420247e+01, -2.130457220996618e+01, -2.464332626092223e-01, -1.114015876716206e+01
s339        , -1.761381998690202e+01, -1.837368743986256e+01, -3.198919217118655e-02, -8.492728190551809e+00
s340        , -1.906967392812366e+01, -1.945457696017364e+01, -2.157678612718095e-01, -8.848978873554245e+00
s341        , -2.371082699534004e+01, -2.342926926189270e+01, -1.680686449803503e-01, -1.444431128696910e+01
s342        , -1.901967676945428e+01, -1.951426747586920e+01, -1.337761738161925e-01, -9.414405425612941e+00
s343        , -1.943128604912865e+01, -1.901590652150861e+01, -2.277139916086641e-01, -8.191868643753322e+00
s344        , -2.171448714042025e+01, -2.119285521618389e+01, -3.214677899329463e-02, -1.226006037356857e+01
s345        , -1.896311499883081e+01, -1.869514442651969e+01, -1.194020234041613e-01, -8.404656128810240e+00
s346        , -2.211462969107367e+01, -2.201006628339029e+01, -3.482112674142397e-01, -1.148032766707615e+01
s347        , -1.640817037109120e+01, -1.718820755824902e+01, -1.759819845807108e-01, -6.055269794479683e+00
s348        , -2.058778590237884e+01, -2.060627819269254e+01, -1.612646595060759e-01, -1.071123560351656e+01
s349        , -1.918353701640313e+01, -1.910200476711734e+01, -9.293890430560846e-02, -9.105231929688088e+00
s350        , -2.047073332015930e+01, -2.058032538786598e+01, -1.210110954424890e-01, -1.091496934683717e+01
s351        , -2.167714580870165e+01, -2.214123068419005e+01, -2.616547471336982e-01, -1.216832814436241e+01
s352        , -2.086238589025425e+01, -2.093194762618779e+01, -1.097421044957211e-01, -1.145171509960138e+01
s353        , -1.920058764071421e+01, -1.940084766011577e+01, -5.417887393979232e-02, -9.734260447497148e+00
s354        , -2.053223705409261e+01, -2.112230845632265e+01, -4.358883636191898e-01, -9.774382660571350e+00
s355        , -1.704257081119439e+01, -1.764550635174202e+01, -1.100531799979423e-01, -7.057021747304721e+00
s356        , -2.127143545968418e+01, -2.055648206795356e+01, -1.670600263652890e-01, -1.061034893660061e+01
s357        , -1.906625211198675e+01, -1.948368363538852e+01, -1.316772736803616e-01, -9.385957150484661e+00
s358        , -2.032987192881253e+01, -1.981497984922811e+01, -9.736244065666809e-02, -1.003203557006644e+01
s359        , -2.136102912880764e+01, -2.111777368060041e+01, -1.767773713682428e-01, -1.130304804163726e+01
s360        , -1.881386071055488e+01, -1.857631959670470e+01, -1.471160084538657e-01, -8.081676605526283e+00
s361        , -2.182643688719446e+01, -2.133147991311652e+01, -3.685066394481641e-01, -1.045307872353341e+01
s362        , -2.091897008712596e+01, -2.095462536826083e+01, -6.775886961839564e-02, -1.173069621730374e+01
s363        , -1.798497754334610e+01, -1.824246278449566e+01, -6.747887284850640e-02, -8.107118512641119e+00
s364        , -1.789393844733154e+01, -1.763165735963146e+01, -7.217857429517030e-02, -7.262843474673211e+00
s365        , -2.184332997178521e+01, -2.104518665816135e+01, -3.233661538382711e-01, -1.033777156898292e+01
s366        , -2.293131491804218e+01, -2.280415759421451e+01, -3.039969672560497e-01, -1.280364027040446e+01
s367        , -2.320311495695380e+01, -2.296806171654025e+01, -4.002395778963622e-01, -1.245267457038366e+01
s368        , -1.944159222026194e+01, -1.980031678972978e+01, -8.278817100476735e-02, -1.009876015957514e+01
s369        , -2.221834550731525e+01, -2.248502228758871e+01, -2.759679174164248e-01, -1.254308264219913e+01
s370        , -1.739352775780219e+01, -1.802967319887639e+01, -5.523699419721414e-02, -7.895200662508322e+00
s371        , -2.131349702655302e+01, -2.087984785125255e+01, -1.398710801928229e-01, -1.120362010651773e+01
s372        , -2.230067528571091e+01, -2.170013526239266e+01, -2.005802623007296e-01, -1.194048114372791e+01
s373        , -1.609460498694387e+01, -1.630528231403676e+01, -9.033551894503732e-02, -5.382388068775041e+00
s374        , -1.846307154319872e+01, -1.902919000963016e+01, -2.667377119926558e-01, -7.978484769122481e+00
s375        , -2.092466765927065e+01, -2.080630494169765e+01, -7.030620524304565e-02, -1.151735441445107e+01
s376        , -2.335896110191541e+01, -2.405314601062941e+01, -2.688809745672358e-01, -1.468110540757560e+01
s377        , -2.209438728501526e+01, -2.277158174139769e+01, -3.787672970153420e-01, -1.231722922047063e+01
s378        , -2.111108779470583e+01, -2.150016419574627e+01, -1.254715348579019e-01, -1.211806063981822e+01
s379        , -1.875225846070942e+01, -1.845574693806801e+01, -1.390833793394269e-01, -7.968089740797904e+00
s380        , -1.834869608623442e+01, -1.838650185645128e+01, -1.287584108980659e-01, -7.936687972227598e+00
s381        , -2.068155326614140e+01, -2.048291945607627e+01, -1.792240698306118e-01, -1.043997260729365e+01
s382        , -1.804666933121612e+01, -1.818248070011207e+01, -9.467875134878247e-02, -7.865836743941755e+00
s383        , -2.062194236740874e+01, -2.105682927303897e+01, -1.689622092155740e-01, -1.126787573959012e+01
s384        , -1.800916137079852e+01, -1.825875560885915e+01, -8.589836499920811e-02, -8.019796925569061e+00
s385        , -2.216424509641620e+01, -2.125779041925007e+01, -1.146097151073645e-01, -1.185842466389456e+01
s386        , -2.182057698940036e+01, -2.174604565158820e+01, -1.818186930418321e-01, -1.211297334624301e+01
s387        , -1.799817167842237e+01, -1.763361868509520e+01, -8.327754294619011e-02, -7.199725374307519e+00
s388        , -2.351217009702901e+01, -2.370664169026015e+01, -1.874135188001471e-01, -1.470048298495602e+01
s389        , -2.149803565649794e+01, -2.106075201921745e+01, -1.188509781654463e-01, -1.156993033691638e+01
s390        , -2.025125341850577e+01, -1.975268430183573e+01, -5.946064291576303e-02, -1.017326183997648e+01
s391        , -1.925641978436478e+01, -1.900009816140406e+01, -7.570805773199930e-02, -9.071076692907653e+00
s392        , -1.954014294555121e+01, -2.021540719326650e+01, -1.921355948111929e-01, -1.000592439042425e+01
s393        , -2.007195889273447e+01, -1.999814161110690e+01, -6.034433915165561e-02, -1.049612035123500e+01
s394        , -1.933645012315517e+01, -1.939178836686418e+01, -1.672668413514008e-01, -9.052325810381189e+00
s395        , -2.191328817199827e+01, -2.133423906041191e+01, -5.004441019280087e-01, -9.675294846692424e+00
s396        , -1.985518647713905e+01, -1.917957956677144e+01, -3.790974408799589e-01, -7.513992241799446e+00
s397        , -1.859895904181181e+01, -1.892787462954685e+01, -1.256295582764278e-01, -8.678851028351575e+00
s398        , -2.089338265909714e+01, -2.090723297931147e+01, -2.020787458545799e-01, -1.087176569445924e+01
s399        , -1.650074457052408e+01, -1.669413029723290e+01, -8.158382505335819e-02, -5.953981871990807e+00
s400        , -1.659170957499870e+01, -1.693099424060723e+01, -5.670573746455539e-02, -6.417942265257699e+00
s401        , -1.654426837808786e+01, -1.681925050400314e+01, -6.852303725064950e-02, -6.198584576853476e+00
s402        , -1.877939202276407e+01, -1.882765019138240e+01, -1.482863452968338e-01, -8.410687909684963e+00
s403        , -2.106694758002669e+01, -2.089663429329718e+01, -2.102953383880552e-01, -1.080893159543747e+01
s404        , -2.165676773412189e+01, -2.078358361760935e+01, -5.083405349785353e-02, -1.160231824367332e+01
s405        , -2.212611753855641e+01, -2.193842211236246e+01, -2.641917733234382e-01, -1.188221534282300e+01
s406        , -1.885653015374473e+01, -1.865518741570009e+01, -7.644134575945633e-02, -8.605705389679638e+00
s407        , -1.790225292709843e+01, -1.794585351834687e+01, -9.348992129963797e-02, -7.556588423026051e+00
s408        , -1.653237145459570e+01, -1.684287505317036e+01, -5.866230772479648e-02, -6.288568113455224e+00
s409        , -1.984138826084547e+01, -1.997313170879066e+01, -7.674846210784100e-02, -1.036552823709056e+01
s410        , -1.632163885458830e+01, -1.704109811052495e+01, -1.193067140880303e-01, -6.194324992454697e+00
s411        , -1.826950002229553e+01, -1.838804728858207e+01, -1.092404762538065e-01, -8.054359350384486e+00
s412        , -2.254085603631221e+01, -2.284346757119155e+01, -1.623951807024757e-01, -1.369489846961456e+01
s413        , -1.907038707751166e+01, -1.950866475348804e+01, -1.156811971833301e-01, -9.514093911211067e+00
s414        , -1.996831080241482e+01, -2.021417522349260e+01, -1.848346509070747e-01, -1.004752150787476e+01
s415        , -2.069762370804266e+01, -2.035436939743767e+01, -1.447560524477327e-01, -1.047230075225635e+01
s416        , -1.735494379178349e+01, -1.779943285962899e+01, -5.104804387742185e-02, -7.612259227404149e+00
s417        , -1.714858900796163e+01, -1.675763066840105e+01, -4.443140043836898e-02, -6.258915797656517e+00
s418        , -2.014294405560549e+01, -1.969089573561984e+01, -3.731112663147751e-02, -1.022186425251522e+01
s419        , -1.771416578387462e+01, -1.815008328010661e+01, -1.523589665695124e-01, -7.480889765538407e+00
s420        , -2.335906844703241e+01, -2.304062615378790e+01, -1.913330900661217e-01, -1.378703161077715e+01
s421        , -2.045819521600993e+01, -2.031861600537372e+01, -3.659600356284614e-01, -9.114308866921718e+00
s422        , -1.913624718404630e+01, -1.902037051556461e+01, -8.553145410180682e-02, -9.039989467002691e+00
s423        , -2.001718266940652e+01, -2.017141105843548e+01, -1.039522447314002e-01, -1.046943077727270e+01
s424        , -2.199980092896302e+01, -2.187562917824244e+01, -4.233085030749326e-01, -1.085582659271243e+01
s425        , -1.799669141475633e+01, -1.845540803214998e+01, -1.065652894149349e-01, -8.160242944780531e+00
s426        , -2.179879403652462e+01, -2.128716514930311e+01, -2.214716346473230e-01, -1.126474038446328e+01
s427        , -1.855895626610580e+01, -1.906595817281310e+01, -1.023567041089828e-01, -9.001267850413912e+00
s428        , -2.201089453299450e+01, -2.234439092878922e+01, -1.740462561598874e-01, -1.295879337677244e+01
s429        , -2.010895188317044e+01, -2.033392297558372e+01, -2.107791861508579e-01, -1.005391267524017e+01
s430        , -2.197039083997888e+01, -2.154497669721289e+01, -3.917678542501978e-01, -1.060067380047296e+01
s431        , -2.053790779896415e+01, -2.033938618518233e+01, -1.027726385032192e-01, -1.070094308241977e+01
s432        , -2.056150222449639e+01, -1.940058088949682e+01, -2.504632018726497e-01, -8.571302381730369e+00
s433        , -1.961788415450921e+01, -1.975077418963446e+01, -1.509129760957113e-01, -9.629032117823819e+00
s434        , -2.169585176655818e+01, -2.108928002154321e+01, -1.719011076072885e-01, -1.129384408392299e+01
s435        , -1.969212203292086e+01, -1.957789351410084e+01, -5.155314240120378e-02, -9.986462690088308e+00
s436        , -1.841763911968392e+01, -1.857751421394457e+01, -2.136988492150610e-01, -7.688900043349476e+00
s437        , -2.085473352476042e+01, -2.011213614661283e+01, -1.585131836845514e-01, -1.006703338425531e+01
s438        , -2.075193174001312e+01, -2.096062141918825e+01, -1.884125066337969e-01, -1.102407361555771e+01
s439        , -1.747889033992054e+01, -1.716822138986632e+01, -5.079384150105164e-02, -6.770050478628342e+00
s440        , -2.292628299240021e+01, -2.301508347220506e+01, -1.931914683938050e-01, -1.374188249528256e+01
s441        , -1.928590410708185e+01, -1.921799790117708e+01, -1.716763878687302e-01, -8.793909289753831e+00
s442        , -2.265396374356312e+01, -2.253204353382182e+01, -1.686065745758953e-01, -1.324184038811737e+01
s443        , -1.939450551490213e+01, -1.950258532211267e+01, -2.164979947692956e-01, -8.908825060036420e+00
s444        , -2.014197468633274e+01, -2.037307449881562e+01, -1.934000455665962e-01, -1.020918238838715e+01
s445        , -2.136890748153691e+01, -2.140089412579547e+01, -1.197237642381413e-01, -1.201941474252895e+01
s446        , -1.984877428373165e+01, -1.995578724936778e+01, -1.147971906000170e-01, -1.011698016882318e+01
s447        , -2.124129540469972e+01, -2.102219959976958e+01, -3.262285523592890e-01, -1.029009159012252e+01
s448        , -1.996883442559681e+01, -2.003651600548545e+01, -1.320653547246535e-01, -1.012260681172768e+01
s449        , -2.213132573342666e+01, -2.218006030739780e+01, -2.750611466204207e-01, -1.214082335725432e+01
s450        , -2.393776981346641e+01, -2.293661799514928e+01, -3.111076834890001e-01, -1.293857752535885e+01
s451        , -1.778758837631850e+01, -1.829286177647942e+01, -1.979582135547586e-01, -7.401649381313511e+00
s452        , -2.093231028730361e+01, -2.095482106467938e+01, -7.801377879468985e-02, -1.167021747797083e+01
s453        , -1.913112365245808e+01, -1.908097818710907e+01, -8.387690628394384e-02, -9.130801214015172e+00
s454        , -1.694745233262931e+01, -1.731516051596603e+01, -2.769707988943368e-02, -7.103261189267799e+00
s455        , -1.959305905778561e+01, -1.951426031539334e+01, -1.190296559192258e-01, -9.501740186969249e+00
s456        , -1.690137029519855e+01, -1.745378882149051e+01, -9.719203433866912e-02, -6.876937994789095e+00
s457        , -1.744399185749123e+01, -1.706491835838232e+01, -6.143133228272202e-02, -6.568963198776082e+00
s458        , -2.020627098912283e+01, -2.009079732031018e+01, -2.052807585420174e-01, -9.761504065106628e+00
s459        , -1.884232545378780e+01, -1.947906054832359e+01, -3.349175127020210e-01, -8.175975980903033e+00
s460        , -2.233016805188693e+01, -2.203528050873024e+01, -1.339689809922023e-01, -1.278299781821082e+01
s461        , -1.623645396367353e+01, -1.602799209794751e+01, -5.161962961497230e-02, -5.241061714095338e+00
s462        , -2.313545884021418e+01, -2.294736832627773e+01, -3.395856727514714e-01, -1.278427055500521e+01
s463        , -2.090493117250811e+01, -2.070130804599664e+01, -1.177903643839706e-01, -1.109575843282471e+01
s464        , -1.633431188033305e+01, -1.696781416815212e+01, -1.339151619995563e-01, -6.009842824486432e+00
s465        , -1.999082968954132e+01, -2.030821216490031e+01, -1.005897450972488e-01, -1.067220343439863e+01
s466        , -1.900684695054017e+01, -1.834027206415261e+01, -1.702241638180839e-01, -7.629290868434733e+00
s467        , -1.783078222536251e+01, -1.828123202713571e+01, -1.763149205851507e-01, -7.514298635714496e+00
s468        , -1.945030486126850e+01, -1.869560359689167e+01, -1.717134821247622e-01, -8.095426605077581e+00
s469        , -2.270314762369042e+01, -2.258211850426331e+01, -2.266552665656196e-01, -1.296494835528703e+01
s470        , -2.119907484802825e+01, -2.137494860594966e+01, -2.249856228569065e-01, -1.136126339864933e+01
s471        , -1.972012875359749e+01, -1.966725872884507e+01, -8.918259376228571e-02, -9.883032451461887e+00
s472        , -1.766462305551830e+01, -1.784190520242299e+01, -8.658271879160243e-02, -7.458556677480913e+00
s473        , -2.127822401317911e+01, -2.143909496636523e+01, -1.660857906652245e-01, -1.179587172923805e+01
s474        , -1.654177405306909e+01, -1.724877417126825e+01, -1.918492857601285e-01, -6.042243908621086e+00
s475        , -2.297159509003216e+01, -2.301567029077957e+01, -1.675290271480911e-01, -1.389466674131466e+01
s476        , -2.252587602064435e+01, -2.322363506949216e+01, -5.333249035702290e-01, -1.200601819195654e+01
s477        , -2.178946083596680e+01, -2.108098528089819e+01, -2.754643104349562e-01, -1.066934703007967e+01
s478        , -1.788602657411998e+01, -1.807962647168176e+01, -2.140080606934364e-01, -7.021562508499425e+00
s479        , -1.952938513246325e+01, -1.902004412039634e+01, -1.125854556011587e-01, -8.879311040127705e+00
s480        , -2.203955610850313e+01, -2.225878592896617e+01, -4.002395778963622e-01, -1.150461480693502e+01
s481        , -1.615402914764109e+01, -1.691178658068581e+01, -3.810880111453557e-02, -6.502418722064286e+00
s482        , -2.215324565636576e+01, -2.225939017052329e+01, -3.769672438793210e-01, -1.164326562185104e+01
s483        , -2.217560840271064e+01, -2.152203319394319e+01, -1.808177377198283e-01, -1.181947381703416e+01
s484        , -2.403070638423247e+01, -2.481848503961215e+01, -3.840327980958471e-01, -1.502205282792117e+01
s485        , -1.896886917982663e+01, -1.921086979906419e+01, -9.124625899395877e-02, -9.260772958175391e+00
s486        , -2.293847835350512e+01, -2.265648569393216e+01, -1.169425669723587e-01, -1.371418549747239e+01
s487        , -1.935879902533930e+01, -1.972885861517608e+01, -2.978816070452919e-01, -8.729236224150245e+00
s488        , -2.071941340396909e+01, -2.038061741493568e+01, -1.010568235370000e-01, -1.076621802515381e+01
s489        , -2.120929532988995e+01, -2.106807300722164e+01, -7.264619084635100e-02, -1.185338917077828e+01
s490        , -2.336106814107168e+01, -2.280153051061270e+01, -1.700688997971634e-01, -1.359339112007403e+01
s491        , -1.878377211600346e+01, -1.854235850059539e+01, -6.575398353115072e-02, -8.518193379833464e+00
s492        , -2.196689093989351e+01, -2.205960425681532e+01, -2.275043286239671e-01, -1.226149602330035e+01
s493        , -2.118321097196467e+01, -2.034742563653748e+01, -3.380801103503872e-01, -9.317951649600525e+00
s494        , -2.014379663919148e+01, -2.030272195694035e+01, -8.230474419407638e-02, -1.077316783625741e+01
s495        , -1.971897958689983e+01, -1.935817469643569e+01, -2.499387533303031e-02, -9.850085398556068e+00
s496        , -2.171934681583978e+01, -2.086349474869685e+01, -1.464602831171346e-01, -1.114273342233367e+01
s497        , -1.930074135275753e+01, -1.924377077055553e+01, -1.393994693172617e-01, -9.019536559851536e+00
s498        , -2.146882601091719e+01, -2.179917414631145e+01, -3.275668147233922e-01, -1.132071490720637e+01
s499        , -1.852368794388046e+01, -1.833961839017834e+01, -9.123052041527784e-02, -8.096300266253850e+00
s500        , -2.050589701281523e+01, -2.045009721404660e+01, -2.163158020944362e-01, -1.017640435835975e+01
s501        , -2.141899489528082e+01, -2.131712698681413e+01, -2.755512813080593e-01, -1.098447280012581e+01
s502        , -1.777920620854658e+01, -1.750274873925729e+01, -7.631310108992213e-02, -7.066047625099189e+00
s503        , -2.264989988763092e+01, -2.275186712304274e+01, -2.712890621718963e-01, -1.292747623885129e+01
s504        , -1.994570445298742e+01, -1.996559724602614e+01, -7.225086411261036e-02, -1.038209671925043e+01
s505        , -2.256898602446125e+01, -2.250541938172103e+01, -2.717516933942506e-01, -1.259531949574046e+01
s506        , -2.050664132584332e+01, -2.018010347925736e+01, -9.119533362256495e-02, -1.055660937463169e+01
s507        , -2.255451727781655e+01, -2.172457800967096e+01, -2.973852483905276e-01, -1.139977218480564e+01
s508        , -2.063695726234980e+01, -2.060602081294647e+01, -9.581495333221596e-02, -1.109855332200583e+01
s509        , -2.049565878814769e+01, -2.054838917701061e+01, -1.796442597047274e-01, -1.052499448487078e+01
s510        , -1.886667658587990e+01, -1.901520127637825e+01, -2.450675894106969e-01, -8.088139779869472e+00
s511        , -2.270091090950000e+01, -2.331729541582756e+01, -3.508545596735346e-01, -1.321199071817725e+01
s512        , -2.052865138648571e+01, -2.085012689568594e+01, -1.227574256132858e-01, -1.126525832454801e+01
s513        , -1.872228566034903e+01, -1.868022738019749e+01, -6.679550667580418e-02, -8.696308047327415e+00
s514        , -2.338235400416073e+01, -2.378760864525362e+01, -3.393830655115056e-01, -1.390858527168795e+01
s515        , -2.063189590001077e+01, -2.104311777344390e+01, -8.153394981544511e-02, -1.176738991405920e+01
s516        , -2.353360034901451e+01, -2.356654311128874e+01, -3.257375738669103e-01, -1.369391896894996e+01
s517        , -2.274108402549141e+01, -2.262688450936001e+01, -2.473877814442896e-01, -1.290198555291937e+01
s518        , -2.095244706423326e+01, -2.159689649422554e+01, -1.146351257797801e-01, -1.231154329380962e+01
s519        , -2.165153402286209e+01, -2.135592665761995e+01, -4.472779356966061e-01, -1.001918951702492e+01
s520        , -1.917430642162448e+01, -1.977206076842476e+01, -2.390763434933166e-01, -9.135289160141779e+00
s521        , -2.048146586988528e+01, -1.977673591281856e+01, -2.096070088026070e-01, -9.316086515471948e+00
s522        , -1.837039701152461e+01, -1.856980404174706e+01, -6.204598161326286e-02, -8.576841378622152e+00
s523        , -2.237538522976599e+01, -2.236065458561108e+01, -2.105565057842218e-01, -1.276428037883823e+01
s524        , -2.219430447580721e+01, -2.252330377141755e+01, -5.232162052572139e-01, -1.112978846434915e+01
s525        , -2.096151325596525e+01, -2.080827806946213e+01, -1.298716446680732e-01, -1.116718285979908e+01
s526        , -2.193172581512368e+01, -2.210264968047466e+01, -3.201628717375679e-01, -1.177021207705845e+01
s527        , -2.063376120076111e+01, -2.120619067395236e+01, -4.364374440927702e-01, -9.883252339734259e+00
s528        , -1.776721144005281e+01, -1.817996182993003e+01, -1.975511772763119e-01, -7.253151563205312e+00
s529        , -2.226349149791107e+01, -2.296039891810089e+01, -3.568297477934443e-01, -1.269955052780076e+01
s530        , -2.300566448791293e+01, -2.219734350650188e+01, -5.435135790362733e-02, -1.347119975807825e+01
s531        , -1.846679125419261e+01, -1.794288291380676e+01, -1.237345782949454e-01, -7.373477184808237e+00
s532        , -1.859817726729017e+01, -1.911929823240195e+01, -4.036064174893209e-02, -9.439770963016503e+00
s533        , -2.134099683522431e+01, -2.216989021958839e+01, -2.731977335350672e-01, -1.213826650434723e+01
s534        , -2.286936511308830e+01, -2.273247044268438e+01, -1.889143483519395e-01, -1.338945887335552e+01
s535        , -1.777040539985326e+01, -1.818534515564352e+01, -1.005334064209073e-01, -7.834988141126578e+00
s536        , -1.995222678224889e+01, -2.010352251151148e+01, -1.515117029639420e-01, -1.009698999857463e+01
s537        , -2.015268820600640e+01, -2.062741872948727e+01, -2.509781892243722e-01, -1.020811575176552e+01
s538        , -1.740140208992538e+01, -1.803851145745687e+01, -1.386103432857060e-01, -7.413190055448432e+00
s539        , -1.924950405987826e+01, -1.994562128896255e+01, -9.264305221429137e-02, -1.023461177156364e+01
s540        , -2.157643164881004e+01, -2.147832668226587e+01, -3.831292075875493e-01, -1.056275258601134e+01
s541        , -1.586673793577160e+01, -1.658917687778816e+01, -1.390674206741960e-01, -5.473216861631753e+00
s542        , -2.009907109345192e+01, -2.033609273232210e+01, -1.610262236466521e-01, -1.035150208193193e+01
s543        , -1.879069098033760e+01, -1.864177833734402e+01, -1.802169440864396e-01, -7.973114182312696e+00
s544        , -2.248614661420541e+01, -2.211109489473736e+01, -4.045627796781437e-01, -1.128159574653468e+01
s545        , -1.987972862262733e+01, -1.974521016120728e+01, -2.055521610709796e-01, -9.297964397868936e+00
s546        , -2.126472237694319e+01, -2.073885776694124e+01, -1.170333288795925e-01, -1.115043355748523e+01
s547        , -1.738356621674509e+01, -1.770982212111515e+01, -1.780077588947375e-01, -6.740491761444876e+00
s548        , -1.943625792183643e+01, -1.975501144307397e+01, -2.099306408273066e-01, -9.285131422578687e+00
s549        , -2.233202963006129e+01, -2.324600599990590e+01, -4.291686710474648e-01, -1.265284285284030e+01
s550        , -2.412763530103872e+01, -2.437508441225158e+01, -3.384147460835202e-01, -1.469957536125677e+01
s551        , -1.731823103856605e+01, -1.771448529538062e+01, -1.476959849952484e-01, -6.926262924618150e+00
s552        , -2.060923402045430e+01, -2.116805793741530e+01, -2.180865799186733e-01, -1.112558451621372e+01
s553        , -1.992869680942914e+01, -1.987491323339359e+01, -1.327798770534682e-01, -9.902366885102170e+00
s554        , -1.812921854031919e+01, -1.800044241464898e+01, -1.060849243333668e-01, -7.554954347968327e+00
s555        , -2.102602816640752e+01, -1.996551228629005e+01, -3.265552179448528e-01, -8.875726277657687e+00
s556        , -1.941820686683750e+01, -1.941750199464794e+01, -2.458843961987396e-01, -8.621040612319311e+00
s557        , -2.190718211184164e+01, -2.101040727039938e+01, -1.860702205096537e-01, -1.110449378753293e+01
s558        , -1.909304407213536e+01, -1.885369014117395e+01, -9.978552517673216e-02, -8.732767121966974e+00
s559        , -2.023025085829861e+01, -2.041569624881243e+01, -1.483987140942027e-01, -1.053269817174680e+01
s560        , -2.107002513254548e+01, -2.124062889575101e+01, -6.204052660998483e-02, -1.214685538521250e+01
s561        , -2.121559386756793e+01, -2.089231396751205e+01, -3.548389175084223e-01, -9.947018244986783e+00
s562        , -1.764234380631898e+01, -1.805864540626115e+01, -6.061991673789750e-02, -7.902043311840892e+00
s563        , -1.646928563220792e+01, -1.686268058514691e+01, -1.046597350402284e-02, -6.600510551368023e+00
s564        , -1.863449571719480e+01, -1.831230374834027e+01, -1.091685153656913e-01, -7.953542304257194e+00
s565        , -2.028655126138008e+01, -2.030970967707399e+01, -7.681195376241717e-02, -1.081504209532140e+01
s566        , -1.821002786093300e+01, -1.820465096189376e+01, -8.441508056634255e-02, -7.956263034809412e+00
s567        , -2.066943738863287e+01, -2.095361216736566e+01, -1.379740237380381e-01, -1.131345418930269e+01
s568        , -2.062629415098700e+01, -2.073381170439984e+01, -1.261292836877056e-01, -1.108981291689716e+01
s569        , -2.065075063553067e+01, -2.094866406516609e+01, -1.728162065109185e-01, -1.110046834573230e+01
s570        , -2.031634942577389e+01, -2.021425135932531e+01, -6.261048337806036e-02, -1.077156287935978e+01
s571        , -2.047206271335130e+01, -2.034630933527728e+01, -8.470790594195078e-02, -1.081719524931754e+01
s572        , -2.393038589894997e+01, -2.307903416886750e+01, -5.114776166988153e-02, -1.466869444505583e+01
s573        , -1.926109501090367e+01, -1.918479073512674e+01, -1.576468011246838e-01, -8.832620552020424e+00
s574        , -2.085894290369713e+01, -2.094460154596007e+01, -1.006001905891048e-01, -1.152277706788294e+01
s575        , -2.021973442813006e+01, -2.084176402584757e+01, -1.972550925488731e-01, -1.081282676774100e+01
s576        , -1.844714179521902e+01, -1.849743505849455e+01, -1.412029699623821e-01, -8.011258099318201e+00
s577        , -1.949977509463960e+01, -1.933364092315112e+01, -1.895446600378543e-01, -8.842649926630134e+00
s578        , -2.108198153892643e+01, -2.102451818738675e+01, -1.793719613247100e-01, -1.116302937997828e+01
s579        , -2.029210259566103e+01, -2.053632326209658e+01, -1.145782810370298e-01, -1.089425538382538e+01
s580        , -2.195204710511243e+01, -2.152609045029946e+01, -1.259268964396398e-01, -1.215001806911388e+01
s581        , -2.000078291173359e+01, -2.021995156800741e+01, -8.971729564450434e-02, -1.061862716519316e+01
s582        , -2.354247422413414e+01, -2.338117715853974e+01, -3.579767325358112e-01, -1.325519384405906e+01
s583        , -1.881717670098672e+01, -1.916587859998518e+01, -4.631317893711953e-02, -9.466775860766971e+00
s584        , -2.079214981383572e+01, -2.039907342312260e+01, -1.027484603207785e-01, -1.078086776619051e+01
s585        , -2.214462266832296e+01, -2.246631614016265e+01, -3.432428430015101e-01, -1.211960629508116e+01
s586        , -1.671124709479596e+01, -1.663938735563564e+01, -7.800144562891900e-02, -5.902027839326429e+00
s587        , -1.722924462132460e+01, -1.686222197873889e+01, -7.656104466403707e-02, -6.208413275891877e+00
s588        , -2.306180681354529e+01, -2.318257795925399e+01, -4.472779356966061e-01, -1.246079915782977e+01
s589        , -2.054966159202169e+01, -2.092906574184656e+01, -1.464502347730290e-01, -1.123043898790711e+01
s590        , -2.302597507766974e+01, -2.306628023048285e+01, -2.379082898508056e-01, -1.354545521841062e+01
s591        , -2.031576031139625e+01, -2.037344894586374e+01, -5.683081364171786e-02, -1.101858900433693e+01
s592        , -1.675983730084032e+01, -1.631505643039603e+01, -9.769349522760257e-02, -5.351871081703093e+00
s593        , -1.833051427645905e+01, -1.872289457056155e+01, -2.785683400957306e-01, -7.498998880232804e+00
s594        , -1.700453572465554e+01, -1.708117782625300e+01, -8.421289440470651e-02, -6.455760275889617e+00
s595        , -2.121342929627275e+01, -2.092651483562755e+01, -3.807195453912554e-01, -9.839440938568323e+00
s596        , -1.895402289388661e+01, -1.885399056341456e+01, -2.163651408426821e-01, -8.042662031457425e+00
s597        , -2.389559541191659e+01, -2.433200464524899e+01, -3.962304770362077e-01, -1.429954706295001e+01
s598        , -1.923753651242740e+01, -1.934829865367919e+01, -2.391319495534240e-01, -8.568534418886793e+00
s599        , -2.358158831573873e+01, -2.311986227353709e+01, -2.183169582582578e-01, -1.373311652708509e+01
s600        , -1.942143232536245e+01, -1.996002807668881e+01, -2.091762010556736e-01, -9.563637304648797e+00
s601        , -2.073803555561576e+01, -2.049289712605211e+01, -1.420198852535276e-01, -1.067367151710214e+01
s602        , -1.821856306700227e+01, -1.783935143806290e+01, -1.637789409931329e-01, -6.997906240749920e+00
s603        , -1.722454836479658e+01, -1.744623156548344e+01, -9.524421277173450e-02, -6.878373562135243e+00
s604        , -1.805154515236764e+01, -1.789832196132114e+01, -1.711687500119911e-01, -7.032959519864177e+00
s605        , -2.021935755598555e+01, -1.998673353750439e+01, -2.204187988838410e-01, -9.532742949455576e+00
s606        , -1.827906736534894e+01, -1.852346845781251e+01, -9.414060481198744e-02, -8.324808518104808e+00
s607        , -2.237721630921111e+01, -2.247356083482722e+01, -3.225639102033061e-01, -1.225177229070712e+01
s608        , -2.098562136420296e+01, -2.123328412946212e+01, -1.928919767247705e-01, -1.136199852609270e+01
s609        , -1.946776205882490e+01, -1.977663114223738e+01, -1.407909943733485e-01, -9.723547025534764e+00
s610        , -2.069261977150295e+01, -2.022082069439485e+01, -2.094374137586748e-01, -9.910680891558098e+00
s611        , -2.170289912291919e+01, -2.112027052312938e+01, -2.891195689354425e-01, -1.064097724630550e+01
s612        , -1.930046031145336e+01, -1.932936637043319e+01, -2.041296218303695e-01, -8.750548879962508e+00
s613        , -2.385958137896088e+01, -2.459461825306797e+01, -4.472779356966061e-01, -1.434821532286192e+01
s614        , -1.933674081040147e+01, -1.953673458290604e+01, -1.573556821425540e-01, -9.304773724975346e+00
s615        , -1.973716697922491e+01, -1.974999100633266e+01, -1.336467725076565e-01, -9.730253820541781e+00
s616        , -1.815004309366292e+01, -1.803613995658959e+01, -1.089077431616120e-01, -7.585950092323888e+00
s617        , -1.832352306169715e+01, -1.832479601484338e+01, -2.153684902807451e-01, -7.341212660143291e+00
s618        , -1.700993990522181e+01, -1.739810997838701e+01, -9.569087893279279e-02, -6.811405791448840e+00
s619        , -2.331208521979489e+01, -2.361672302205434e+01, -5.128548877083391e-01, -1.265268757059862e+01
s620        , -2.294394567846179e+01, -2.346500244357934e+01, -2.985387993210584e-01, -1.371929338169770e+01
s621        , -2.117716243218820e+01, -2.133909388840616e+01, -7.621841440171437e-02, -1.219449318064440e+01
s622        , -2.002792552777272e+01, -1.933047988516322e+01, -2.746676742473298e-01, -8.334237003142835e+00
s623        , -1.988853831837967e+01, -1.970815976479953e+01, -9.531251961574018e-02, -9.901395338720841e+00
s624        , -2.364575476956619e+01, -2.329024240631562e+01, -2.814487768903061e-01, -1.358692385223009e+01
s625        , -2.144171537166414e+01, -2.117361606785943e+01, -4.173023765565415e-01, -9.953049126365526e+00
s626        , -2.037069722396305e+01, -2.022121046520060e+01, -8.824702621990491e-02, -1.062901835756477e+01
s627        , -1.998545144661707e+01, -2.023087685184701e+01, -1.196208224523271e-01, -1.045611051970729e+01
s628        , -2.158119065398551e+01, -2.144624932370220e+01, -3.196811456095772e-01, -1.089568201345406e+01
s629        , -1.843917864187274e+01, -1.810648492099800e+01, -8.183985453370803e-02, -7.840301714049640e+00
s630        , -1.962256463480217e+01, -1.988438865873755e+01, -6.578836685662263e-02, -1.031182622286166e+01
s631        , -2.101091990223662e+01, -2.060012490501844e+01, -2.056460844939118e-01, -1.044013744914533e+01
s632        , -2.022844039713042e+01, -1.975281055198546e+01, -1.355307876455125e-01, -9.722863479227545e+00
s633        , -2.473876586737651e+01, -2.546013270802103e+01, -4.197185152730583e-01, -1.566834865325447e+01
s634        , -2.051539403555230e+01, -2.033775413123213e+01, -4.613659253057666e-02, -1.103421959854932e+01
s635        , -2.382235458298951e+01, -2.518463210028893e+01, -5.670898161093587e-01, -1.442721104583367e+01
s636        , -1.910586081968059e+01, -1.958960783288438e+01, -2.235540380039983e-01, -8.983351187455018e+00
s637        , -1.917066616024459e+01, -1.906072589096210e+01, -9.715235587758077e-02, -9.025099678613330e+00
s638        , -2.192001400012589e+01, -2.174608752304432e+01, -3.458366557265041e-01, -1.114154305789335e+01
s639        , -2.010078758798683e+01, -1.989291825678169e+01, -1.424830203697340e-01, -9.868961276039881e+00
s640        , -1.983289623130970e+01, -1.963884027557851e+01, -1.194379864695947e-01, -9.665842532717827e+00
s641        , -2.307886864739055e+01, -2.289966600439613e+01, -2.622670189535544e-01, -1.317847091716283e+01
s642        , -2.260273435105626e+01, -2.294406647476871e+01, -3.433013755743334e-01, -1.275784881998636e+01
s643        , -2.012782689900612e+01, -2.010725248479237e+01, -1.509122734095753e-01, -1.010552615038444e+01
s644        , -1.902512926743999e+01, -1.848378165370347e+01, -2.011571696103608e-01, -7.637896556084943e+00
s645        , -2.049081123370357e+01, -2.025626019040660e+01, -8.650357761311452e-02, -1.068619441287451e+01
s646        , -2.159630341817387e+01, -2.216130357262164e+01, -2.632175582299193e-01, -1.218590214342217e+01
s647        , -2.046804100673445e+01, -2.040931505338555e+01, -1.240001162375129e-01, -1.066868275516551e+01
s648        , -2.112203592795417e+01, -2.039681145592793e+01, -1.029074855899738e-01, -1.077690237341242e+01
s649        , -2.130712394597167e+01, -2.177985330149017e+01, -2.350730782613624e-01, -1.184273436418019e+01
s650        , -1.872664219670308e+01, -1.887156618130008e+01, -2.131919668066525e-01, -8.084949498710900e+00
s651        , -2.286060777226206e+01, -2.258726705983294e+01, -7.151031713985018e-02, -1.389076119097623e+01
s652        , -2.513277458672901e+01, -2.560809250107617e+01, -3.586673513193928e-01, -1.622772939207211e+01
s653        , -2.212366926194319e+01, -2.167468109509075e+01, -2.968503429705059e-01, -1.133624530244662e+01
s654        , -2.219498706816524e+01, -2.173761085242959e+01, -1.826444490695171e-01, -1.209680790470171e+01
s655        , -2.136195741190379e+01, -2.119017617058632e+01, -2.416137605244656e-01, -1.101579642983101e+01
s656        , -2.204727614381470e+01, -2.138695504967159e+01, -1.615667337550787e-01, -1.175294503851914e+01
s657        , -2.036339525797458e+01, -2.015419258506435e+01, -1.185391452193426e-01, -1.036001664143494e+01
s658        , -1.602366185676991e+01, -1.573740295217959e+01, -3.623751921795994e-02, -4.943752136003024e+00
s659        , -1.871169938684588e+01, -1.889004703048624e+01, -7.112888980465687e-02, -8.951098505218560e+00
s660        , -2.183022460938435e+01, -2.163243783443227e+01, -1.981286148304173e-01, -1.186451400255664e+01
s661        , -2.183692812512830e+01, -2.249467556147912e+01, -3.470549709987827e-01, -1.213493374987459e+01
s662        , -1.575332316936146e+01, -1.547870240728903e+01, -3.853704568382831e-02, -4.584337555889666e+00
s663        , -2.161244100467384e+01, -2.155375220497954e+01, -2.012060811794231e-01, -1.174111017831492e+01
s664        , -1.792030659393350e+01, -1.777367568937344e+01, -8.915340604774470e-02, -7.352130790700963e+00
s665        , -2.036353189911458e+01, -2.019510838267397e+01, -2.208757112241967e-01, -9.808562718110693e+00
s666        , -1.896012969757172e+01, -1.837796498928500e+01, -1.091685153656913e-01, -8.041308983521292e+00
s667        , -1.834472710605888e+01, -1.868377431758753e+01, -1.998256623963914e-01, -7.913105102643865e+00
s668        , -2.315183675604283e+01, -2.315977953959064e+01, -4.437046261162402e-01, -1.245149033221666e+01
s669        , -2.168824836514504e+01, -2.149463405219355e+01, -2.096070088026071e-01, -1.161233027872688e+01
s670        , -1.765957516951316e+01, -1.791608872505594e+01, -8.928083027907746e-02, -7.541733696353543e+00
s671        , -1.925271531654228e+01, -1.953172472419027e+01, -1.700922057179823e-01, -9.222638213209352e+00
s672        , -2.010246672918431e+01, -1.990823634968614e+01, -3.265403539784473e-01, -8.799255929694205e+00
s673        , -2.045224673553428e+01, -2.026761770696035e+01, -4.766216132789441e-02, -1.093143510873070e+01
s674        , -1.961862741224291e+01, -1.945932332119466e+01, -1.071071359269165e-01, -9.498925824596467e+00
s675        , -1.819835804307071e+01, -1.809732775354747e+01, -4.852183767797909e-02, -8.025405916215549e+00
s676        , -2.030955144796039e+01, -2.047006228785261e+01, -1.571379515262686e-01, -1.055360409706484e+01
s677        , -1.708028116046972e+01, -1.759262652913319e+01, -1.951187371980205e-01, -6.482492090620548e+00
s678        , -1.996975063415185e+01, -1.959173959886752e+01, -7.998176907511180e-02, -9.836586063232568e+00
s679        , -2.075675552323975e+01, -2.060594652635401e+01, -9.651997163240054e-02, -1.109427816898265e+01
s680        , -1.844365265503332e+01, -1.849401291019823e+01, -6.152611704113947e-02, -8.478613674146246e+00
s681        , -1.908965101407623e+01, -1.921547548426804e+01, -2.072477918491881e-01, -8.579846547738853e+00
s682        , -2.132701003782740e+01, -2.166764482043255e+01, -1.091947237964030e-01, -1.243833343241242e+01
s683        , -2.134055790648813e+01, -2.061161307048676e+01, -4.394034577670224e-01, -9.070937078758149e+00
s684        , -2.228765611405496e+01, -2.174478124286745e+01, -2.023044153573259e-01, -1.198994534774250e+01
s685        , -2.220524684044785e+01, -2.228789558596298e+01, -1.430626601695698e-01, -1.306679570085190e+01
s686        , -2.092862014660340e+01, -2.104902713722996e+01, -1.020776477833359e-01, -1.165360740954877e+01
s687        , -2.266843571203506e+01, -2.278534763189176e+01, -4.475513109346196e-01, -1.192821850788936e+01
s688        , -1.791243182954496e+01, -1.821059048346363e+01, -2.154322116509790e-01, -7.188181400386313e+00
s689        , -2.022924986754604e+01, -2.011779051219188e+01, -5.772852866035696e-02, -1.067154368553422e+01
s690        , -1.926971843911773e+01, -1.900776680576658e+01, -1.680243055053390e-01, -8.534533493000341e+00
s691        , -1.839442212707931e+01, -1.860375339407866e+01, -1.739388641444987e-01, -7.959473173588689e+00
s692        , -1.811967055159425e+01, -1.797743790983109e+01, -4.683725524890792e-02, -7.875131957247500e+00
s693        , -1.897178714286070e+01, -1.926955081568952e+01, -1.487257647134400e-01, -8.998755590765743e+00
s694        , -2.117746495604092e+01, -2.074846806399444e+01, -3.921061688255189e-01, -9.534009627831974e+00
s695        , -2.262578130233349e+01, -2.174786690007623e+01,  2.617254095317545e-03, -1.320783069114257e+01
s696        , -2.110358706695218e+01, -2.090841356327037e+01, -4.300430857857748e-01, -9.523100018163483e+00
s697        , -2.080079623838923e+01, -2.058425531890086e+01, -7.815377431015853e-02, -1.117406829166096e+01
s698        , -2.284382050270110e+01, -2.252965804930680e+01, -9.658115894487415e-02, -1.366526179888110e+01
s699        , -1.710021253686445e+01, -1.729759211283259e+01, -5.132241424737633e-02, -6.939844239588400e+00
s700        , -1.768315556313765e+01, -1.770822037526582e+01, -1.036119638526453e-01, -7.179000634328258e+00
s701        , -1.903295584190279e+01, -1.943493658830489e+01, -2.531129537720489e-01, -8.601529623294830e+00
s702        , -1.837939645173277e+01, -1.851523310776345e+01, -1.117998251638854e-01, -8.209204255773194e+00
s703        , -2.091048572489854e+01, -1.977336198410678e+01, -2.806426416731065e-01, -8.890829264750003e+00
s704        , -2.101614044515869e+01, -2.092774122451825e+01, -7.131324279964310e-02, -1.167370856570643e+01
s705        , -1.998067347119072e+01, -1.977302658255451e+01, -1.819163401200271e-01, -9.475141564452654e+00
s706        , -2.205053681559340e+01, -2.175857590893010e+01, -2.633660313236346e-01, -1.164671323157645e+01
s707        , -2.095566328486310e+01, -2.114811523680773e+01, -1.346034986913859e-01, -1.159340222120590e+01
s708        , -2.098548818691052e+01, -2.108850350459376e+01, -7.490160838469398e-02, -1.186733882983461e+01
s709        , -2.115794840593145e+01, -2.171738490326209e+01, -1.305075142245553e-01, -1.237858227520259e+01
s710        , -2.144561556804213e+01, -2.190513880723934e+01, -4.056224035990147e-01, -1.100002651476412e+01
s711        , -2.158487030708884e+01, -2.168784197583118e+01, -3.874030878053583e-01, -1.081748866138720e+01
s712        , -1.701606937532507e+01, -1.722158017800472e+01, -8.456147743992656e-02, -6.641365648859635e+00
s713        , -2.069677260469373e+01, -2.039249502256783e+01, -5.197302743624167e-02, -1.107282001203595e+01
s714        , -1.667903695847065e+01, -1.631181824946958e+01, -4.831772099630326e-02, -5.639997816394264e+00
s715        , -1.903979308955687e+01, -1.905500564620462e+01, -5.628055062764709e-02, -9.259539324734103e+00
s716        , -1.775292931769286e+01, -1.736520232310027e+01, -5.294016657800737e-02, -7.020634001348519e+00
s717        , -1.980553907801730e+01, -2.047471394519462e+01, -1.689923677617767e-01, -1.048960750037225e+01
s718        , -2.205506805307129e+01, -2.149563056004684e+01, -3.054774113226610e-02, -1.267423889650590e+01
s719        , -2.211926724507942e+01, -2.214872992745124e+01, -2.839029436977467e-01, -1.204657493943304e+01
s720        , -2.227273745316376e+01, -2.281183250365834e+01, -3.873736058155839e-01, -1.232005517872270e+01
s721        , -1.785735939085095e+01, -1.828487642815491e+01, -1.367242901811154e-01, -7.753667158521099e+00
s722        , -2.185625504194673e+01, -2.186480202531380e+01, -4.156740688194364e-01, -1.088657350295470e+01
s723        , -2.033801839240394e+01, -2.038586149464601e+01, -1.597001578504673e-01, -1.042588029017335e+01
s724        , -2.101306363073858e+01, -2.084717378018642e+01, -2.794335912670853e-01, -1.033331057614634e+01
s725        , -1.977835943733275e+01, -2.031846133054523e+01, -3.196980440144392e-01, -9.388114113628390e+00
s726        , -1.782642809085736e+01, -1.793667306544394e+01, -1.894854927723999e-01, -6.975730917365100e+00
s727        , -2.098840179836340e+01, -2.098253613317892e+01, -7.764610994115186e-02, -1.170944078999645e+01
s728        , -2.135488943619893e+01, -2.090098573332852e+01, -2.271513693493977e-01, -1.071490890681295e+01
s729        , -1.830313789299144e+01, -1.883590597301417e+01, -2.257301730603189e-01, -7.963019568729139e+00
s730        , -1.974102380594271e+01, -1.960265538722436e+01, -1.076121669860887e-01, -9.687520576958160e+00
s731        , -1.858542568590836e+01, -1.821086140936695e+01, -2.114668037180219e-01, -7.212030837187947e+00
s732        , -1.728575125425960e+01, -1.792348687099478e+01, -4.664704296625660e-02, -7.804144459816922e+00
s733        , -2.189672381410002e+01, -2.219179178929576e+01, -3.020723228489825e-01, -1.199651585468736e+01
s734        , -1.907291800543370e+01, -1.928534862177390e+01, -1.672989506900019e-01, -8.909861997227729e+00
s735        , -2.104653345651221e+01, -2.051074347186444e+01, -1.727285975238048e-01, -1.051563681830563e+01
s736        , -1.839280423093862e+01, -1.861480587427685e+01, -2.165861181698881e-01, -7.721644838982652e+00
s737        , -2.165426899727042e+01, -2.162009497183795e+01, -3.718375453928209e-01, -1.081912948241146e+01
s738        , -1.806822955624155e+01, -1.830953612396056e+01, -1.134226034847564e-01, -7.924645766742081e+00
s739        , -1.955458939471557e+01, -1.987663076093328e+01, -2.375943657029238e-01, -9.283841392295018e+00
s740        , -1.834079412742093e+01, -1.831660734850499e+01, -1.050373367749807e-01, -7.983763918380458e+00
s741        , -2.108323768665554e+01, -2.079287663447212e+01, -7.801377879468985e-02, -1.145375302100798e+01
s742        , -1.784982580383593e+01, -1.794533182249241e+01, -8.835977109293966e-02, -7.586277219261503e+00
s743        , -2.007117762213282e+01, -2.030358188818109e+01, -5.842822176679714e-02, -1.091573905797303e+01
s744        , -2.048858578542649e+01, -2.060696180068830e+01, -1.161793513735238e-01, -1.097919179571247e+01
s745        , -2.120349313282904e+01, -2.117889989074163e+01, -2.897256515657117e-01, -1.071575485332368e+01
s746        , -1.892251493836264e+01, -1.886519629975511e+01, -1.674374818302722e-01, -8.347441148167261e+00
s747        , -2.116880416688591e+01, -2.108577759294408e+01, -2.476441126271156e-01, -1.084053308177088e+01
s748        , -2.167842994358758e+01, -2.139640646029281e+01, -1.221733396683252e-01, -1.199890731197939e+01
s749        , -2.059667445248301e+01, -2.068776222052936e+01, -3.085427603493967e-01, -9.947816699034249e+00
s750        , -2.032384862658092e+01, -2.055018690576212e+01, -9.157460439476245e-02, -1.104903822549633e+01
s751        , -2.236553637276776e+01, -2.161781813348292e+01, -1.988622699012612e-01, -1.184062697564049e+01
s752        , -1.716732359631470e+01, -1.743529595064809e+01, -9.694985584013197e-02, -6.853653770045149e+00
s753        , -2.206691124025960e+01, -2.123463599325205e+01, -4.684103011499155e-02, -1.222887226543093e+01
s754        , -1.859855862913608e+01, -1.899789067097264e+01, -1.064490479172693e-01, -8.886045672643069e+00
s755        , -2.251644582892857e+01, -2.217349997586266e+01, -3.882646293152417e-01, -1.146154477688930e+01
s756        , -2.026279534630465e+01, -2.055020016897103e+01, -8.877372315773620e-02, -1.106564570772656e+01
s757        , -1.901185247831666e+01, -1.937517099785722e+01, -9.747960789767258e-02, -9.443467186351040e+00
s758        , -1.866312886885699e+01, -1.886779186527998e+01, -7.345772311151338e-02, -8.907557150210119e+00
s759        , -2.105033567951521e+01, -2.128969182102699e+01, -1.077301169441730e-01, -1.194181414486424e+01
s760        , -1.976737462921502e+01, -1.971581434487558e+01, -1.763924874852747e-01, -9.431386364211665e+00
s761        , -2.282845273202710e+01, -2.241681528970856e+01, -1.578112064895338e-01, -1.315176101777648e+01
s762        , -1.737428124739802e+01, -1.694805669638667e+01, -7.537844130220397e-02, -6.330149627873245e+00
s763        , -2.048674857080450e+01, -2.070563404839895e+01, -1.300384087818911e-01, -1.102899506809569e+01
s764        , -1.996103637141938e+01, -1.964761957029146e+01, -3.303103099304295e-01, -8.428570573418561e+00
s765        , -1.985538741097363e+01, -1.984442720272673e+01, -6.746843555714833e-02, -1.024846026129226e+01
s766        , -1.902823974868692e+01, -1.895894048869356e+01, -9.651366563206239e-02, -8.892830312111322e+00
s767        , -2.019726225103009e+01, -2.025412655587252e+01, -2.231514473392569e-01, -9.873970587923777e+00
s768        , -2.180287541987858e+01, -2.062684676476759e+01, -1.700684716379670e-01, -1.068658336623186e+01
s769        , -2.332774774981945e+01, -2.378563158149636e+01, -1.953534655647329e-01, -1.475903683734543e+01
s770        , -2.255011500408412e+01, -2.256572427889477e+01, -5.247966781298706e-02, -1.397468529034841e+01
s771        , -1.837836194936116e+01, -1.816743706602779e+01, -1.846325310173098e-01, -7.312927987732466e+00
s772        , -2.036442085092615e+01, -2.052386703024700e+01, -1.087275331331139e-01, -1.091225991152687e+01
s773        , -2.207703951964118e+01, -2.223274617742608e+01, -3.767617073088272e-01, -1.160886909545507e+01
s774        , -2.410464814655394e+01, -2.374395055222207e+01, -2.565892943707562e-01, -1.434062077066273e+01
s775        , -2.145476048405246e+01, -2.100068342210784e+01, -2.959658811996042e-01, -1.044057905279238e+01
s776        , -1.783304251394927e+01, -1.764769504124779e+01, -8.351184119686188e-02, -7.217152900660541e+00
s777        , -1.926023008452307e+01, -1.961620515107046e+01, -1.355522194517239e-01, -9.540141718577889e+00
s778        , -1.976550707196644e+01, -1.965981645288005e+01, -9.140178882687258e-02, -9.859940268619260e+00
s779        , -2.301809423461469e+01, -2.286947819162046e+01, -3.026002664383123e-01, -1.289922435136840e+01
s780        , -1.989864127452180e+01, -2.008166993570961e+01, -6.303019977173531e-02, -1.059186074490143e+01
s781        , -1.803783397921168e+01, -1.785369057837632e+01, -1.798977213721005e-01, -6.921600470711647e+00
s782        , -2.003060740563550e+01, -1.994886274277169e+01, -1.112250411705510e-01, -1.012888247807575e+01
s783        , -2.170310297580588e+01, -2.109587487775763e+01, -4.386518398570212e-01, -9.722681781421645e+00
s784        , -1.828106793020000e+01, -1.876483899060155e+01, -1.056939468582673e-01, -8.579007579731575e+00
s785        , -1.904288077315707e+01, -1.943258158257424e+01, -2.056750918229149e-01, -8.879358514580534e+00
s786        , -2.022975758111321e+01, -1.998942940446483e+01, -1.545736919284268e-01, -9.926350129096882e+00
s787        , -1.858814151939532e+01, -1.958491873660265e+01, -3.731112663147751e-02, -1.008020915815075e+01
s788        , -1.926046054059691e+01, -1.966771118207016e+01, -1.357466972877645e-01, -9.607835809551254e+00
s789        , -2.212378523930028e+01, -2.290358844423924e+01, -4.731542914427473e-01, -1.193461845597345e+01
s790        , -2.174169856486492e+01, -2.154977676259723e+01, -2.729872830273165e-01, -1.131063286822113e+01
s791        , -1.907773631846257e+01, -1.941359143738508e+01, -1.289532748554407e-01, -9.308402168855304e+00
s792        , -2.217884458062024e+01, -2.180214580364704e+01, -3.529384916014619e-01, -1.117440934080575e+01
s793        , -2.046845693654859e+01, -1.985900459799853e+01, -2.799054340944198e-01, -9.009670738968032e+00
s794        , -1.973890233992908e+01, -1.915586127887295e+01, -2.358241842210030e-01, -8.330903350094861e+00
s795        , -2.098054198937622e+01, -2.076872063546784e+01, -6.945844539391352e-02, -1.147213834087746e+01
s796        , -1.872193723420701e+01, -1.862380599616322e+01, -6.186721904861385e-02, -8.650082388523167e+00
s797        , -1.738396768625594e+01, -1.763271721689500e+01, -9.702176688315023e-03, -7.634310840491617e+00
s798        , -1.812351947027918e+01, -1.836681680615106e+01, -5.956752086020289e-02, -8.320196734185050e+00
s799        , -2.115781411801412e+01, -1.980202330898553e+01, -4.692573917848634e-01, -7.811965471166877e+00
s800        , -2.197753832223543e+01, -2.236369016782678e+01, -3.212642616561018e-01, -1.211261057119883e+01
s801        , -2.000340332694237e+01, -2.041450705877189e+01, -2.040937720040662e-01, -1.020122413225749e+01
s802        , -2.346278750692302e+01, -2.296254587220319e+01, -2.086421075601742e-01, -1.358014277041469e+01
s803        , -2.201425716118592e+01, -2.183656812252917e+01, -2.466643862066849e-01, -1.184988685937812e+01
s804        , -1.618324989548500e+01, -1.608644379155930e+01, -2.417459128398428e-02, -5.481749965845627e+00
s805        , -2.141738653455062e+01, -2.109397169175696e+01, -4.213605721263740e-01, -9.822554878730582e+00
s806        , -2.157933013723432e+01, -2.152297419812560e+01, -1.915245517644908e-01, -1.175731464572471e+01
s807        , -1.912040169626662e+01, -1.838625759621064e+01,  8.162431994361891e-02, -9.182468480393364e+00
s808        , -2.304047586711122e+01, -2.303225935947090e+01, -4.259082998702687e-01, -1.238644784755803e+01
s809        , -2.047218776779852e+01, -2.037637030408335e+01, -7.405649387373817e-02, -1.092046533384100e+01
s810        , -2.119146876442327e+01, -2.082624712570078e+01, -1.792077379386697e-02, -1.185429173321979e+01
s811        , -2.180116494254657e+01, -2.170634126992769e+01, -2.499404363909422e-01, -1.165641378114240e+01
s812        , -2.372646511684069e+01, -2.321427762283431e+01, -2.577964626295474e-01, -1.362547864286421e+01
s813        , -2.269928091374550e+01, -2.278051733297697e+01, -3.704579372796616e-01, -1.237838979417202e+01
s814        , -1.832573741415099e+01, -1.868727414702455e+01, -9.572259985708526e-02, -8.534390610906513e+00
s815        , -2.057906464758977e+01, -2.043679301081374e+01, -2.828973745671815e-01, -9.764255331516704e+00
s816        , -1.808215553271357e+01, -1.831238642842108e+01, -1.913653960890004e-01, -7.466796754176699e+00
s817        , -2.152086258044021e+01, -2.069166757780724e+01, -5.707711714613145e-02, -1.144247988969144e+01
s818        , -2.057353864229959e+01, -2.079580474675584e+01, -9.595309115646579e-02, -1.135141150107474e+01
s819        , -2.244567325669163e+01, -2.283303905336468e+01, -3.714615665452387e-01, -1.244264887265288e+01
s820        , -2.103220827040201e+01, -2.138925386362436e+01, -7.801377879468986e-02, -1.225090592641035e+01
s821        , -2.251724700203312e+01, -2.287103898171340e+01, -2.361012613597575e-01, -1.329518739039353e+01
s822        , -1.967652212859418e+01, -2.009774644659496e+01, -1.230505943722068e-01, -1.025784588089500e+01
s823        , -1.898228811729100e+01, -1.913286572035267e+01, -1.968367105842987e-01, -8.531090808586466e+00
s824        , -2.375965705343503e+01, -2.405479256423683e+01, -2.766446736970607e-01, -1.463732152589117e+01
s825        , -2.074394606294202e+01, -2.027019676189483e+01, -1.520241787702292e-01, -1.031674119279807e+01
s826        , -2.229590893513048e+01, -2.252690639565571e+01, -3.087007924617889e-01, -1.240518901806282e+01
s827        , -2.030439908572953e+01, -1.868642581985069e+01, -3.955711131490364e-01, -6.757239567544630e+00
s828        , -2.126632247755481e+01, -2.107007609966126e+01, -1.227833161230410e-01, -1.155910202538017e+01
s829        , -1.836528680868646e+01, -1.781649827012003e+01, -1.961549821123456e-01, -6.775594507714797e+00
s830        , -2.038358031572328e+01, -2.057892219198166e+01, -1.906482949352774e-01, -1.050062928154242e+01
s831        , -2.014217587228185e+01, -1.991408112374747e+01, -3.055174285187534e-01, -8.931588194072315e+00
s832        , -1.638297894992474e+01, -1.720236297359634e+01, -1.277093031076599e-01, -6.360112162392893e+00
s833        , -2.087813803835245e+01, -2.056835627143898e+01, -8.876380867192220e-02, -1.108997294687199e+01
s834        , -2.163260872857058e+01, -2.148828791182220e+01, -1.854752671384441e-01, -1.174678111677431e+01
s835        , -1.845033213930005e+01, -1.809976213992589e+01, -6.829380900431865e-02, -7.911549526271079e+00
s836        , -2.085703068105029e+01, -2.084357897586649e+01, -8.697133247849702e-02, -1.146846873479332e+01
s837        , -1.604298594536770e+01, -1.638150732068173e+01, -6.717642943764801e-02, -5.621447296451866e+00
s838        , -1.819387371328009e+01, -1.801620861229344e+01, -1.688526269959112e-01, -7.204252263659076e+00
s839        , -2.199016371973259e+01, -2.127881193849454e+01, -3.171771720814089e-01, -1.068670650479024e+01
s840        , -1.816847175772266e+01, -1.840267067550836e+01, -1.520785611084689e-01, -7.820173799733280e+00
s841        , -2.076446728280485e+01, -2.078344903932143e+01, -1.429966890836182e-01, -1.105625464944926e+01
s842        , -1.719569444321167e+01, -1.735335617878561e+01, -7.679912338655470e-02, -6.863482002625663e+00
s843        , -1.999816334280537e+01, -1.975358695053490e+01, -1.042054974876758e-01, -9.909442454602587e+00
s844        , -1.581596700213373e+01, -1.569858348658580e+01, -2.926049204280981e-02, -4.933189019942395e+00
s845        , -2.003183538643507e+01, -2.025319768749444e+01, -1.484114822141449e-01, -1.031541740434038e+01
s846        , -2.166933569232110e+01, -2.086610132271467e+01, -2.684875041022269e-01, -1.042344444255238e+01
s847        , -2.001719781047365e+01, -1.977619733070482e+01, -7.500610977024796e-02, -1.011261419281925e+01
s848        , -1.670780899311153e+01, -1.734042035317584e+01, -1.565614343510811e-01, -6.373755225007719e+00
s849        , -2.103364362191806e+01, -2.128390646547080e+01, -2.024138316607094e-01, -1.137326491660100e+01
s850        , -1.674889176362534e+01, -1.634466717789353e+01, -6.602531795611964e-02, -5.579022681795180e+00
s851        , -1.887785873496733e+01, -1.935274776754387e+01, -4.632683168633567e-02, -9.716475322778480e+00
s852        , -1.916613881673827e+01, -1.968347802680267e+01, -1.396766912446335e-01, -9.605633159593175e+00
s853        , -2.151831650372089e+01, -2.132180283119044e+01, -3.391790755558402e-01, -1.061385233320131e+01
s854        , -2.092228526657664e+01, -2.051289571058654e+01, -1.033836185035556e-01, -1.092924726247544e+01
s855        , -1.984690981488844e+01, -1.953846393483394e+01, -4.118496263271931e-02, -9.995170019569109e+00
s856        , -1.857995804240183e+01, -1.873192362355863e+01, -1.736123614664941e-01, -8.132726937029300e+00
s857        , -2.294003947989728e+01, -2.310978799898255e+01, -1.658870128946284e-01, -1.403019573871913e+01
s858        , -2.107902559750898e+01, -2.114407533561333e+01, -1.963815766036383e-01, -1.122208773430278e+01
s859        , -1.829183386036745e+01, -1.847762545931894e+01, -8.867145776080312e-02, -8.295926088323071e+00
s860        , -2.148418071954308e+01, -2.116668936438626e+01, -3.228349090819667e-01, -1.050332582555639e+01
s861        , -2.060440939951398e+01, -2.018902765363202e+01, -1.246539344962738e-01, -1.037036105432906e+01
s862        , -1.983634035476443e+01, -1.949331950152269e+01, -1.535602507706318e-01, -9.269223093894578e+00
s863        , -2.017821382918477e+01, -2.060001214395508e+01, -1.508559086840271e-01, -1.076451156410102e+01
s864        , -2.145828954671971e+01, -2.121546967796842e+01, -2.376476278410677e-01, -1.107309681452048e+01
s865        , -2.179521899962700e+01, -2.181858721637103e+01, -2.736160491173388e-01, -1.166621653039132e+01
s866        , -2.240641608733365e+01, -2.216760772485669e+01, -3.453062317643176e-01, -1.170811349556712e+01
s867        , -1.970162478711471e+01, -1.955740892340875e+01, -1.075447736757338e-01, -9.627440664163583e+00
s868        , -1.579821539399930e+01, -1.541270442099298e+01, -5.191656439083096e-02, -4.416873232237199e+00
s869        , -1.927595790821999e+01, -1.955791967564482e+01, -1.344710167986431e-01, -9.468637936769703e+00
s870        , -1.834436146157947e+01, -1.839809714689243e+01, -5.921667359974821e-02, -8.364085963827705e+00
s871        , -1.954632707936713e+01, -1.952691829437779e+01, -1.199342005189780e-01, -9.513301925660006e+00
s872        , -2.222687656829416e+01, -2.234736045081700e+01, -3.771907095061349e-01, -1.175952827852915e+01
s873        , -2.174135075548704e+01, -2.127732919792950e+01, -1.106930531105813e-01, -1.190773992224600e+01
s874        , -2.306987923711809e+01, -2.341719292259497e+01, -2.774496898555152e-01, -1.378030016843162e+01
s875        , -2.178123430913379e+01, -2.172835312154652e+01, -2.341198995774438e-01, -1.177954191556773e+01
s876        , -2.287277527114560e+01, -2.314402757800787e+01, -4.472779356966062e-01, -1.240927044930010e+01
s877        , -2.189016288213647e+01, -2.143247031765511e+01, -2.806200520385205e-01, -1.110862491283967e+01
s878        , -1.876974537203656e+01, -1.895634032659163e+01, -1.590724423634163e-01, -8.518816148684589e+00
s879        , -1.761744622782913e+01, -1.764199655695792e+01, -9.196474051786985e-02, -7.159469043242932e+00
s880        , -1.792977215528789e+01, -1.847830353489805e+01, -8.953388573883797e-02, -8.291724241791796e+00
s881        , -2.116921283478955e+01, -2.006783122408011e+01, -5.253055260202476e-01, -7.835284189021250e+00
s882        , -1.809005639564229e+01, -1.827883697106036e+01, -6.251318836065922e-02, -8.185150378558003e+00
s883        , -1.958200153707774e+01, -1.985736816608611e+01, -3.731112663147751e-02, -1.044438110112833e+01
s884        , -1.866641101726497e+01, -1.902165183252428e+01, -9.788163919100117e-02, -8.968551412299114e+00
s885        , -1.949202935470739e+01, -1.973341820223458e+01, -7.030620524304565e-02, -1.008327085169262e+01
s886        , -1.753621319174707e+01, -1.724612056084212e+01, -9.007930462043016e-02, -6.641485414009582e+00
s887        , -2.072504645987743e+01, -2.045315851018631e+01, -1.268185205111546e-01, -1.071059295638504e+01
s888        , -2.163711888094086e+01, -2.159394668173930e+01, -1.971241174625979e-01, -1.181901414846356e+01
s889        , -1.784767272504274e+01, -1.781614278972385e+01, -9.525127055911549e-02, -7.372776872671464e+00
s890        , -2.036577167825686e+01, -2.075180992270982e+01, -2.270357298212520e-01, -1.051619667678270e+01
s891        , -1.925489904031788e+01, -1.945701379831337e+01, -1.842293218707415e-01, -9.039040375705103e+00
s892        , -1.797999052112338e+01, -1.902478295012622e+01, -2.292497230646497e-01, -8.194637189644087e+00
s893        , -2.224398236502422e+01, -2.288152455677202e+01, -1.349654417881571e-01, -1.390823533506240e+01
s894        , -2.015695897880840e+01, -1.987698610843669e+01, -7.775909608420016e-02, -1.023102833533206e+01
s895        , -1.853378696029952e+01, -1.874798073089564e+01, -1.885379569537653e-01, -8.065784794145236e+00
s896        , -2.478440805107692e+01, -2.403189941398411e+01, -2.614450209802234e-01, -1.469674946557513e+01
s897        , -2.202247365131235e+01, -2.207472741920201e+01, -1.621352279657290e-01, -1.266889484932202e+01
s898        , -2.008627742560493e+01, -1.975084496959479e+01, -1.816991622652863e-01, -9.446778669875018e+00
s899        , -1.802005794967191e+01, -1.770912979114664e+01, -1.072036612513270e-01, -7.158942417237213e+00
s900        , -1.770516073583232e+01, -1.820829409822030e+01, -1.943398356583189e-01, -7.310043070910692e+00
s901        , -2.425916197575684e+01, -2.392593678638999e+01, -2.355941756929408e-01, -1.470822937685821e+01
s902        , -1.641892815066793e+01, -1.641035443700197e+01, -5.409319417487948e-02, -5.737498679665079e+00
s903        , -2.332207101034287e+01, -2.277762093605244e+01, -1.652286911780780e-01, -1.359010096316958e+01
s904        , -2.132463334662818e+01, -2.012268492189687e+01, -4.498456884907677e-01, -8.355557105365662e+00
s905        , -2.166343218809494e+01, -2.172498964123044e+01, -1.421365815392557e-01, -1.231986769234578e+01
s906        , -1.790842270146736e+01, -1.757262914722676e+01, -7.670445663757679e-02, -7.157135873664856e+00
s907        , -1.911599503394165e+01, -1.974388258887765e+01, -1.547150884859995e-01, -9.597300304668414e+00
s908        , -2.062377494321661e+01, -2.019560187778730e+01, -1.458354856089955e-01, -1.025368920656346e+01
s909        , -2.034650826700463e+01, -2.071949182943811e+01, -3.791770593903531e-01, -9.571858022294272e+00
s910        , -1.701866755175476e+01, -1.664194223873158e+01, -7.964986802927233e-02, -5.895679161540292e+00
s911        , -1.800428066961873e+01, -1.821001806778194e+01, -8.006420489972803e-02, -7.989207469590434e+00
s912        , -2.018815932170212e+01, -2.053537653200108e+01, -1.522038751683562e-01, -1.067013173080146e+01
s913        , -1.735412329082851e+01, -1.787073358107356e+01, -1.879498545636018e-01, -6.896687980292807e+00
s914        , -2.004618788210774e+01, -2.071408152124223e+01, -2.148799813814436e-01, -1.053776575557459e+01
s915        , -1.937730144245923e+01, -1.943776435114859e+01, -1.711087278203662e-01, -9.091024339239427e+00
s916        , -2.191302790761547e+01, -2.237576973791131e+01, -3.173928322333469e-01, -1.215168749761193e+01
s917        , -1.792924589211810e+01, -1.738130875670967e+01, -1.076517773777345e-01, -6.718103314777580e+00
s918        , -2.621730238337609e+01, -2.667216879072157e+01, -4.271221334073828e-01, -1.724457543293561e+01
s919        , -1.919355775511356e+01, -1.864820370089884e+01, -7.030620524304565e-02, -8.632709276841265e+00
s920        , -1.675861595936722e+01, -1.635964396548748e+01, -6.965074479241026e-02, -5.577567960621881e+00
s921        , -2.192756432754418e+01, -2.129313691404909e+01, -2.012284923581104e-01, -1.139262369896228e+01
s922        , -2.290193110331377e+01, -2.238542612567031e+01, -1.389166482671338e-01, -1.322171778783336e+01
s923        , -1.925371616601646e+01, -1.926446360281417e+01, -1.410024720165050e-01, -9.037701155526962e+00
s924        , -1.798705044323696e+01, -1.852633935149300e+01, -3.634468657259642e-01, -6.733532029306232e+00
s925        , -2.338449219749342e+01, -2.382893374565262e+01, -2.977804271309993e-01, -1.421023725475766e+01
s926        , -1.762302148317026e+01, -1.784772136439587e+01, -1.086893040899457e-01, -7.335392537356425e+00
s927        , -1.720744831710588e+01, -1.704880516272232e+01, -3.255834765025732e-02, -6.718441425268271e+00
s928        , -1.827654667645005e+01, -1.861657386674831e+01, -1.379493877235734e-01, -8.189777166152776e+00
s929        , -2.066098735264480e+01, -2.097465547142171e+01, -1.982481038763695e-01, -1.098457564177554e+01
s930        , -1.982419875205301e+01, -2.045231398908372e+01, -2.833631328525995e-01, -9.782242875935536e+00
s931        , -2.184683786579889e+01, -2.222684108872070e+01, -2.081217865017879e-01, -1.259983834207964e+01
s932        , -2.007807490293144e+01, -2.017314564887882e+01, -7.163860908685417e-02, -1.066314454602960e+01
s933        , -2.186904116931162e+01, -2.242189762173986e+01, -1.402087508145043e-01, -1.326281455074621e+01
s934        , -1.595875499840616e+01, -1.598638210202975e+01, -2.479142824398379e-02, -5.344348067413147e+00
s935        , -1.706347068237267e+01, -1.697873057878977e+01, -2.030021607335673e-01, -5.615228735834371e+00
s936        , -1.818003510858343e+01, -1.739428573193949e+01, -1.118950267953488e-01, -6.710316133927261e+00
s937        , -2.175658784400171e+01, -2.221944455949575e+01, -4.336308991052522e-01, -1.125425042064875e+01
s938        , -2.010166135357230e+01, -2.005103508506964e+01, -1.145431204937190e-01, -1.024579890143507e+01
s939        , -1.813809060682595e+01, -1.808611099773385e+01, -1.775552032890005e-01, -7.246142129680666e+00
s940        , -2.094308051046411e+01, -2.083934304988590e+01, -2.068644636056428e-01, -1.075267398332527e+01
s941        , -1.827480816862776e+01, -1.834580141933430e+01, -8.096971011111580e-02, -8.165340138284975e+00
s942        , -1.770857434290158e+01, -1.782180740992356e+01, -8.854339362831030e-02, -7.420079614077361e+00
s943        , -1.938132201948424e+01, -1.945705821819313e+01, -9.485949319455043e-02, -9.568441529678395e+00
s944        , -1.770272330222015e+01, -1.794119087554402e+01, -6.353505013288395e-02, -7.727780198220752e+00
s945        , -1.924477319915050e+01, -1.920177539740707e+01, -1.611434474687350e-01, -8.834612447359655e+00
s946        , -2.185513295241253e+01, -2.207694387870564e+01, -2.308154289611253e-01, -1.226506137644024e+01
s947        , -2.017292248813791e+01, -2.009155297857544e+01, -1.971026791710423e-01, -9.810953278601051e+00
s948        , -1.792501053388721e+01, -1.834211806498795e+01, -1.324518473746250e-01, -7.855485582946633e+00
s949        , -2.005207290213696e+01, -2.037251522951396e+01, -2.973859755880004e-01, -9.592521187392695e+00
s950        , -2.257823345395823e+01, -2.254504845713289e+01, -3.689462718858744e-01, -1.207260190234821e+01
s951        , -1.571913272603913e+01, -1.607002935696839e+01, -8.651683774334447e-02, -5.090553351926549e+00
s952        , -2.233989362366768e+01, -2.310717381703516e+01, -3.017388972318487e-01, -1.322204424543133e+01
s953        , -2.342860552534396e+01, -2.243897497303828e+01, -4.435720877098706e-02, -1.385337442237522e+01
s954        , -2.204077204416149e+01, -2.159790606550878e+01, -6.435473650985568e-02, -1.261070590235594e+01
s955        , -1.756302978982562e+01, -1.777036568235727e+01, -8.662038634061095e-02, -7.362709637667780e+00
s956        , -2.291971088639473e+01, -2.291537726303522e+01, -2.855223777594365e-01, -1.306172890507840e+01
s957        , -1.872997367448807e+01, -1.844470417436851e+01, -1.207850254265422e-01, -8.061711360365674e+00
s958        , -2.138547156076431e+01, -2.137570333028204e+01, -1.392030456927580e-01, -1.187036652467728e+01
s959        , -1.926386090665138e+01, -1.893580128928166e+01, -1.200383781319354e-01, -8.722563096335598e+00
s960        , -1.680470785163838e+01, -1.735405283511737e+01, -6.448043107646946e-02, -6.937377399607488e+00
s961        , -2.001579976967623e+01, -2.005104480986956e+01, -2.173681254110585e-01, -9.636774466493565e+00
s962        , -1.871905926332032e+01, -1.859130045955296e+01, -2.399147398401268e-01, -7.552049573651367e+00
s963        , -1.918665598310528e+01, -1.974521593921503e+01, -4.869462112509747e-02, -1.022704685013526e+01
s964        , -1.746488927974545e+01, -1.769294715608225e+01, -1.194458981893846e-01, -7.064800398458470e+00
s965        , -1.971186761143078e+01, -1.972879268676714e+01, -2.693343612236732e-01, -8.898234805949716e+00
s966        , -1.765956881606673e+01, -1.726449975464823e+01, -5.583685493463703e-02, -6.868871797306995e+00
s967        , -2.223688117086612e+01, -2.188871244329207e+01, -4.536425321401864e-01, -1.069364454641443e+01
s968        , -1.998239594820018e+01, -2.023215860825103e+01, -1.276606388352780e-01, -1.041020357288231e+01
s969        , -2.101894011109180e+01, -2.134429552549497e+01, -2.039709279876287e-01, -1.144476173234899e+01
s970        , -1.986554229461376e+01, -1.987813392965636e+01, -6.362014721596559e-02, -1.031630825271646e+01
s971        , -1.914500631305469e+01, -1.853547740727239e+01, -1.610911718870383e-01, -7.944308968285175e+00
s972        , -1.930540895911451e+01, -1.945974921390738e+01, -6.282529696185846e-02, -9.761778552978377e+00
s973        , -2.013055280326089e+01, -2.036849548109089e+01, -1.088289418495350e-01, -1.070398050554739e+01
s974        , -1.991254970003848e+01, -1.998308884117544e+01, -1.842865052471935e-01, -9.741884541262817e+00
s975        , -2.002907222040815e+01, -2.081007630769901e+01, -2.214494339501613e-01, -1.062716685459659e+01
s976        , -2.147573630129902e+01, -2.145320787922217e+01, -2.618782981194251e-01, -1.124735226514421e+01
s977        , -1.918950409415471e+01, -1.944976307867899e+01, -2.039412914379297e-01, -8.912593696324587e+00
s978        , -1.698999961978807e+01, -1.762079688316849e+01, -1.070510036133629e-01, -7.041775651940362e+00
s979        , -2.115978794608996e+01, -2.131445329357060e+01, -3.503930864174449e-01, -1.053760738470097e+01
s980        , -1.730989298326385e+01, -1.713166456309261e+01, -1.052506551142917e-01, -6.398636154583707e+00
s981        , -2.142850865946883e+01, -2.129880461333196e+01, -1.775295951332318e-01, -1.154056918382396e+01
s982        , -2.110948756566415e+01, -2.139610554365302e+01, -2.176070436518624e-01, -1.143324668518506e+01
s983        , -1.831465175322002e+01, -1.842868045473654e+01, -8.864514503981880e-02, -8.230659165954648e+00
s984        , -2.150201864035685e+01, -2.147997676147538e+01, -8.596045404069744e-02, -1.232510295289154e+01
s985        , -1.659952594735737e+01, -1.661781745243846e+01, -2.022011004484306e-01, -5.137555727396570e+00
s986        , -2.105203087443673e+01, -2.075435573057749e+01, -9.123984262696226e-02, -1.132392510348911e+01
s987        , -2.066592788190784e+01, -2.085691872475115e+01, -1.835902534060453e-01, -1.091402092760620e+01
s988        , -2.133344594608628e+01, -2.071423411118949e+01, -8.801601698875028e-02, -1.128939105939005e+01
s989        , -2.008246059204520e+01, -2.007890712686120e+01, -2.023024229271738e-01, -9.763251757354499e+00
s990        , -2.181814335912880e+01, -2.233960751070957e+01, -3.584453811391796e-01, -1.186019472105887e+01
s991        , -1.674874949890157e+01, -1.664698435047686e+01, -4.856429992792113e-02, -6.086540055006454e+00
s992        , -1.990187356431624e+01, -1.992265029663847e+01, -1.105400277263253e-01, -1.009790274726118e+01
s993        , -2.167451347953028e+01, -2.136717636466569e+01, -2.306923473208530e-01, -1.131707336091183e+01
s994        , -2.085856003252748e+01, -2.009505210701480e+01, -3.269091483062360e-01, -9.046780479852893e+00
s995        , -1.532250426373563e+01, -1.510551478775627e+01, -2.351650601356003e-02, -4.174480395524159e+00
s996        , -2.197589637081217e+01, -2.260977431693531e+01, -4.697570699651289e-01, -1.156201110610792e+01
s997        , -1.843774602570321e+01, -1.836141312060052e+01, -1.477539116191490e-01, -7.790641629805712e+00
s998        , -2.004154224207673e+01, -1.981527382751710e+01, -1.752729473473048e-01, -9.570960852496878e+00
s999        , -1.918982967461324e+01, -1.948841571903313e+01, -1.762609033026197e-01, -9.128211356353663e+00
s1000       , -2.386287011937712e+01, -2.400366865186525e+01, -3.058222167806498e-01, -1.439616630912903e+01
s1001       , -2.142986106465667e+01, -2.137497225503125e+01, -1.895772429807883e-01, -1.157102054093084e+01
s1002       , -1.703565403983971e+01, -1.775018020180937e+01, -9.576554710249559e-02, -7.281561310689771e+00
s1003       , -2.272857267296788e+01, -2.272996390798842e+01, -3.015215395422400e-01, -1.271913069960790e+01
s1004       , -1.957549960274314e+01, -1.901913632938623e+01, -1.410461343566272e-01, -8.709523668525556e+00
s1005       , -2.033955634118916e+01, -2.005892879937219e+01, -1.073090821999437e-01, -1.029919766019409e+01
s1006       , -2.103463075725037e+01, -2.153935832333975e+01, -6.701922531538866e-02, -1.251666564929996e+01
s1007       , -1.845815321471510e+01, -1.917610635046013e+01, -4.558084178468440e-02, -9.484784542088525e+00
s1008       , -2.105860584214290e+01, -2.070034202509245e+01, -3.139137046199009e-01, -9.932819245817814e+00
s1009       , -2.225664818829298e+01, -2.185093509132283e+01, -2.947092433684922e-01, -1.158451860316465e+01
s1010       , -2.029000137617794e+01, -2.044040963047063e+01, -1.531853316844688e-01, -1.053738016676086e+01
s1011       , -2.150175758271834e+01, -2.029607032815105e+01, -2.017308616337358e-01, -1.005691025869463e+01
s1012       , -1.789395613621291e+01, -1.780774051870645e+01, -1.216557659444435e-01, -7.205150810666972e+00
s1013       , -1.907481979836395e+01, -1.929144206666378e+01, -1.740322202086826e-01, -8.878125376148564e+00
s1014       , -1.701362802016618e+01, -1.694032573170831e+01, -1.118684922329702e-01, -6.103683644423056e+00
s1015       , -1.771043360260808e+01, -1.780610395960657e+01, -2.153225512357383e-01, -6.648170429671083e+00
s1016       , -2.325177194237830e+01, -2.268986572831115e+01, -2.192597267933262e-01, -1.315277377323991e+01
s1017       , -2.061131053204120e+01, -2.090613832064280e+01, -1.496926995998267e-01, -1.118058757267228e+01
s1018       , -1.637685178145171e+01, -1.600561421260664e+01, -2.021852755367452e-02, -5.397140348371855e+00
s1019       , -2.229355013298489e+01, -2.208372058297252e+01, -2.556557232858114e-01, -1.212698926406009e+01
s1020       , -1.626620443538163e+01, -1.682466856751531e+01, -8.698974308264132e-02, -6.096447495475005e+00
s1021       , -2.225684084822025e+01, -2.250583786383019e+01, -4.277059494493409e-01, -1.167215432830674e+01
s1022       , -1.619907626993357e+01, -1.618573332415457e+01, -3.745843499648046e-02, -5.535785355834197e+00
s1023       , -2.164326276096592e+01, -2.153379361065472e+01, -9.413731443714056e-02, -1.234860578486099e+01
s1024       , -1.814482992541786e+01, -1.822568215349213e+01, -1.094782537458221e-01, -7.835924187029503e+00
s1025       , -1.966276460675046e+01, -1.986509455298464e+01, -1.538099588522064e-01, -9.764680476268749e+00
s1026       , -1.787958226759213e+01, -1.809683959094241e+01, -1.262734466646806e-01, -7.564226901810764e+00
s1027       , -2.228548280106830e+01, -2.238773590808718e+01, -2.131392995561178e-01, -1.278518085704937e+01
s1028       , -1.939576101741603e+01, -1.931688333643291e+01, -7.588276350678358e-02, -9.493475612166279e+00
s1029       , -2.072177297910414e+01, -2.031609093879291e+01, -2.032458572734072e-01, -1.007469759342520e+01
s1030       , -2.116639743005703e+01, -2.077588908917626e+01, -6.447056910076983e-02, -1.151126354842627e+01
s1031       , -1.871817432191781e+01, -1.908167586359984e+01, -1.102952760068777e-01, -8.975256499078039e+00
s1032       , -1.793076662035363e+01, -1.894905178675635e+01, -2.297465703260336e-01, -8.090467609233446e+00
s1033       , -2.190726556241366e+01, -2.153144264546766e+01, -3.156798956384714e-01, -1.103325601694463e+01
s1034       , -1.655942363042545e+01, -1.696377756022891e+01, -5.552932074213611e-02, -6.468730352434473e+00
s1035       , -1.920990065585595e+01, -1.960085447419734e+01, -2.357524307322272e-01, -8.926132445241306e+00
s1036       , -1.624542641970273e+01, -1.591843441732259e+01, -4.859371460096802e-02, -5.112543109640149e+00
s1037       , -1.865413258865576e+01, -1.909798374134492e+01, -7.980424151492886e-02, -9.177654427376481e+00
s1038       , -2.303917859954092e+01, -2.317250861450902e+01, -3.298464929728323e-01, -1.314289194405257e+01
s1039       , -2.268866240524940e+01, -2.358207486599854e+01, -3.873736058155839e-01, -1.334960645430760e+01
s1040       , -2.002650999928207e+01, -2.030405961918444e+01, -2.169946680389666e-01, -9.977180958211143e+00
s1041       , -2.439240447433291e+01, -2.444815282510344e+01, -2.667150426426610e-01, -1.522192368330652e+01
