# c0 + a0 * (Al + Na) + a1 * (O - NBI) + a2 * (face-area-avg - E_T)
# Property Label: $ln_{D}$; Unit of the Property: Unitless
# RMSE: 0.321833433016911; Max AE: 1.68535635569465
# Coefficients
# Task   a0                      a1                      a2                      c0
# all , -1.813429491579483e+00, -3.875737054471581e+00,  6.989461624575964e-01, -1.397851264048028e+01, 
# Feature Rung, Units, and Expressions
# 0;  1; Unitless;                                         15|14|add; (Al + Na); $\left(Al + Na\right)$; (Al + Na); (newdata$Al + newdata$Na); Al,Na
# 1;  1; Unitless;                                         12|5|sub; (O - NBI); $\left(O - NBI\right)$; (O - NBI); (newdata$O - newdata$NBI); O,NBI
# 2;  1; Unitless;                                         33|0|sub; (face-area-avg - E_T); $\left(face-area-avg - E_{T}\right)$; (face_sub_area_sub_avg - E_T); (newdata$face_sub_area_sub_avg - newdata$E_T); face-area-avg,E_T
# Number of Samples Per Task
# Task, n_samples               
# all , 1041                  

# Sample ID , Property Value        ,  Property Value (EST) ,  Feature 0 Value      ,  Feature 1 Value      ,  Feature 2 Value      
s1          , -2.244947812336508e+01, -2.221396560180458e+01,  1.277372262773723e-01, -2.715477295545710e-02, -1.160183101836766e+01
s2          , -2.298888400764099e+01, -2.311799105433753e+01,  1.849056603773585e-01, -1.815442579248565e-01, -1.360302603308405e+01
s3          , -1.755271246623431e+01, -1.774933314041735e+01,  3.173913043478261e-01, -4.812376951876953e-01, -7.240049072901664e+00
s4          , -1.917258847351942e+01, -1.894311987737330e+01,  1.011235955056180e-01, -4.105290357033963e-01, -9.117053164316232e+00
s5          , -2.000094091703784e+01, -2.052972131429305e+01,  2.192307692307692e-01, -2.483960154167160e-01, -1.018156641355539e+01
s6          , -2.179532463031582e+01, -2.159426348564546e+01,  1.679389312977099e-01, -5.512500464109538e-02, -1.076600153439930e+01
s7          , -2.156980503382011e+01, -2.147266570700302e+01,  3.348017621145374e-01, -8.277153208754540e-02, -1.031240281210619e+01
s8          , -2.070680399014268e+01, -2.079368595758454e+01,  8.333333333333333e-02, -4.170919110426776e-01, -1.184725406952471e+01
s9          , -2.311678210871720e+01, -2.282089510859669e+01,  3.463414634146341e-01, -2.163641638617279e-01, -1.295219537297537e+01
s10         , -1.955558688693647e+01, -1.936816058526137e+01,  3.906250000000000e-01, -4.698997058276752e-01, -9.303269837737986e+00
s11         , -1.929232032084748e+01, -1.899343227218860e+01,  9.090909090909091e-02, -5.120166558868949e-01, -9.778298670240128e+00
s12         , -1.972420304545977e+01, -1.929598474664143e+01,  4.385964912280702e-01, -3.129036774105314e-01, -8.204981984478989e+00
s13         , -1.649771434553038e+01, -1.672811055960592e+01,  8.764940239043825e-02, -4.415825296239856e-01, -6.155137422109360e+00
s14         , -1.814284237715737e+01, -1.818259080340283e+01,  1.315789473684210e-01, -4.708682588577026e-01, -8.284515873959428e+00
s15         , -2.140988745272463e+01, -2.106700331157689e+01,  4.123711340206185e-01, -5.281961632847288e-01, -1.200068701681835e+01
s16         , -2.271802967642396e+01, -2.242993758546680e+01,  2.743362831858407e-01, -1.276391715740530e-01, -1.208767106698464e+01
s17         , -1.845283706311921e+01, -1.817313927029088e+01,  1.943319838056680e-01, -4.974842489778722e-01, -8.255768079061216e+00
s18         , -2.106370881996578e+01, -2.168973378786089e+01,  2.839506172839507e-01, -1.747640425517821e-01, -1.126501098692357e+01
s19         , -2.166440903696862e+01, -2.144969964120355e+01,  2.602739726027397e-01, -3.820189265192572e-01, -1.213226979044971e+01
s20         , -1.957524373940041e+01, -1.939356039429305e+01,  1.462450592885375e-01, -4.054592287883396e-01, -9.616328650779812e+00
s21         , -2.230012329283520e+01, -2.302376524363359e+01,  5.319148936170213e-01, -2.011038270966132e-01, -1.267635259828722e+01
s22         , -1.709175230426198e+01, -1.678382442179734e+01,  1.800000000000000e-01, -4.261549618484539e-01, -5.909695583551210e+00
s23         , -2.271630669020732e+01, -2.242681547126256e+01,  2.750000000000000e-01, -4.219941910978016e-01, -1.371371467310823e+01
s24         , -1.997593461761007e+01, -2.019580786361776e+01,  2.552301255230126e-01, -2.991872236783314e-01, -9.892070043132339e+00
s25         , -2.228124530569044e+01, -2.276037802216354e+01,  4.915254237288135e-01, -1.999286346201568e-01, -1.239779251296096e+01
s26         , -1.806502239865187e+01, -1.825135848248635e+01,  3.183673469387756e-01, -4.020125073377813e-01, -7.516464298893938e+00
s27         , -2.017409009594002e+01, -2.014123509207192e+01,  2.675438596491228e-01, -3.926592751299136e-01, -1.030035647281009e+01
s28         , -1.658938425028538e+01, -1.691611496305602e+01,  1.896551724137931e-01, -4.999085893567283e-01, -6.482888849945390e+00
s29         , -2.262132344831001e+01, -2.314389351659105e+01,  4.576271186440678e-01, -2.651997368690651e-01, -1.339638345979570e+01
s30         , -1.697997334312175e+01, -1.715838805050657e+01,  1.561181434599156e-01, -4.684972348578511e-01, -6.742347995719033e+00
s31         , -1.964904728113367e+01, -1.979287103654776e+01,  5.210526315789473e-01, -3.352484514228936e-01, -8.825860079466834e+00
s32         , -2.151059652715050e+01, -2.092088335366427e+01,  3.348416289592760e-01, -5.699400007758290e-01, -1.222425569662030e+01
s33         , -2.289264810431292e+01, -2.360397728129453e+01,  3.227513227513227e-01, -1.937354050302555e-01, -1.400829690129894e+01
s34         , -2.302504917991390e+01, -2.267524546425385e+01,  5.227272727272727e-01, -4.191121036616849e-01, -1.341043500194451e+01
s35         , -2.244061385591441e+01, -2.236349169983510e+01,  3.252427184466020e-01, -1.515902969446522e-01, -1.199333926277557e+01
s36         , -2.239655424600443e+01, -2.197157517632809e+01,  7.667731629392971e-02, -4.897242633120003e-02, -1.150849422828392e+01
s37         , -2.226102540809307e+01, -2.211525174976167e+01,  9.152542372881356e-02, -1.140059761507076e-01, -1.203615077201476e+01
s38         , -2.102436377352775e+01, -2.133791915191845e+01,  5.847953216374269e-01, -3.228953337020325e-01, -1.080251848245343e+01
s39         , -2.141661104833067e+01, -2.093161160786414e+01,  4.484304932735426e-01, -2.813849747751401e-02, -8.940544549692632e+00
s40         , -1.990275935468409e+01, -1.969488296494506e+01,  5.212765957446809e-01, -3.869184503172652e-01, -8.971601082086192e+00
s41         , -1.952311408648237e+01, -1.937868816982419e+01,  4.925373134328358e-01, -3.952063220012920e-01, -8.639735004153007e+00
s42         , -1.862175379272403e+01, -1.920100686369075e+01,  1.666666666666667e-01, -4.296229230186659e-01, -9.421843641937507e+00
s43         , -2.257821044890805e+01, -2.243946131220834e+01,  4.608294930875576e-01, -1.213761517872470e-01, -1.158270745620642e+01
s44         , -1.984867902879579e+01, -1.980740987899247e+01,  4.210526315789473e-01, -4.548275222373696e-01, -9.769192860605903e+00
s45         , -1.928264199244582e+01, -1.946507716764649e+01,  3.383838383838384e-01, -4.537271910328103e-01, -9.487793106635129e+00
s46         , -2.007096062658339e+01, -2.022031033415548e+01,  1.176470588235294e-01, -3.462363643792843e-01, -1.054498121675357e+01
s47         , -1.842882744186564e+01, -1.823347454940596e+01,  1.519434628975265e-01, -5.520479800530659e-01, -8.754631319352400e+00
s48         , -1.712958329507449e+01, -1.693786153047067e+01,  1.776061776061776e-01, -4.505204707478404e-01, -6.271400756383662e+00
s49         , -2.142142340445580e+01, -2.186348691102256e+01,  2.648221343873518e-01, -3.426167837786894e-01, -1.249399601206904e+01
s50         , -2.022197746600499e+01, -2.017142442155311e+01,  1.493775933609958e-01, -4.216982094519892e-01, -1.081115804041152e+01
s51         , -2.208446385448407e+01, -2.243585069798837e+01,  3.115577889447236e-01, -2.255789465889808e-01, -1.254264652642666e+01
s52         , -2.030062191637932e+01, -1.994798205884555e+01,  6.442577030812324e-02, -2.506589122689975e-01, -9.763449929806711e+00
s53         , -1.881589086732163e+01, -1.878686287511191e+01,  3.401639344262295e-01, -1.640725074188992e-01, -6.906667608877179e+00
s54         , -2.389190768082197e+01, -2.404512580133609e+01,  3.750000000000000e-01, -3.619875634048325e-01, -1.543687667777141e+01
s55         , -1.989931101552115e+01, -1.985303867376239e+01,  2.500000000000000e-01, -4.139263011804414e-01, -1.005147254688426e+01
s56         , -2.293632659980805e+01, -2.323826890984902e+01,  4.782608695652174e-01, -2.192770371912895e-01, -1.322322739360983e+01
s57         , -2.165250835772914e+01, -2.126671918290448e+01,  1.398305084745763e-01, -2.462097779682870e-01, -1.142989054563044e+01
s58         , -2.493828100106786e+01, -2.502540905008638e+01,  2.666666666666667e-01, -1.005577581168140e-01, -1.567080732310909e+01
s59         , -2.019609135900962e+01, -1.991717287206838e+01,  3.091787439613526e-01, -4.201930840861400e-01, -1.002444059569394e+01
s60         , -1.686951544328429e+01, -1.720155714524603e+01,  1.958041958041958e-01, -4.778417884297937e-01, -6.752961502092934e+00
s61         , -1.698686520707895e+01, -1.756437357641697e+01,  1.188118811881188e-01, -4.537663412400392e-01, -7.338309107273060e+00
s62         , -1.961666852236879e+01, -1.977421504904990e+01,  3.948717948717949e-01, -4.908263654880198e-01, -9.989244604820744e+00
s63         , -2.363642228074260e+01, -2.320537901872186e+01,  3.443396226415094e-01, -2.325087421206198e-01, -1.359700361660709e+01
s64         , -2.123215125329894e+01, -2.132949045417409e+01,  5.206185567010309e-01, -2.979059594545378e-01, -1.081839824161451e+01
s65         , -2.229595939650926e+01, -2.208415660113993e+01,  2.938596491228070e-01, -1.768543530122671e-01, -1.181520354405036e+01
s66         , -2.209517036440609e+01, -2.186322918966745e+01,  3.940886699507389e-01, -3.523994495857614e-01, -1.221248873807780e+01
s67         , -2.100952424313996e+01, -2.061213631555668e+01,  8.540925266903915e-02, -1.118030484890913e-01, -9.889258438676938e+00
s68         , -2.306714632630091e+01, -2.301861765406571e+01,  4.232804232804233e-01, -3.082856221929966e-01, -1.354517748091799e+01
s69         , -2.116954741071400e+01, -2.097561650714593e+01,  2.055335968379447e-01, -3.017775570481522e-01, -1.115106435852503e+01
s70         , -2.268552320802911e+01, -2.177585761975335e+01,  1.906779661016949e-01, -1.046811112598034e-01, -1.124161032136639e+01
s71         , -1.844586653395837e+01, -1.904870376898526e+01,  8.650519031141868e-02, -4.404369093661873e-01, -9.471885061546020e+00
s72         , -2.185924535832699e+01, -2.141109322790027e+01,  3.234042553191490e-01, -2.728328042435130e-01, -1.130779222596192e+01
s73         , -1.814705961150877e+01, -1.792188730154194e+01,  1.779661016949153e-01, -5.412410036332536e-01, -8.181393366294326e+00
s74         , -2.269683109870329e+01, -2.353309517136447e+01,  4.044943820224719e-01, -2.153515271541801e-01, -1.381466399203632e+01
s75         , -2.162544692540680e+01, -2.175751967966443e+01,  4.901960784313726e-01, -1.788097288961880e-01, -1.084931989499707e+01
s76         , -1.799713371423827e+01, -1.836397349627521e+01,  1.642857142857143e-01, -4.891048074766862e-01, -8.560290110591437e+00
s77         , -1.808839931225978e+01, -1.786608880573601e+01,  2.882882882882883e-01, -4.630041391112415e-01, -7.381495538058597e+00
s78         , -1.710463489071706e+01, -1.720976007153239e+01,  1.292775665399239e-01, -4.601717641014593e-01, -6.839319955674805e+00
s79         , -2.130172009097587e+01, -2.094179721619645e+01,  1.886120996441281e-01, -2.884984697981398e-01, -1.107294732700863e+01
s80         , -2.075517304342145e+01, -2.070033421618985e+01,  2.750000000000000e-01, -4.350665046513994e-01, -1.131608164347267e+01
s81         , -1.679587307458704e+01, -1.706723392462027e+01,  1.779661016949153e-01, -4.950331938141695e-01, -6.702391472917180e+00
s82         , -1.961963418382102e+01, -1.957908718550251e+01,  3.807106598984771e-01, -4.385107515159761e-01, -9.456715452585794e+00
s83         , -1.732943596118787e+01, -1.746662290842723e+01,  3.080168776371308e-01, -5.190790099190720e-01, -7.069724960936600e+00
s84         , -2.091958911511147e+01, -2.141161296734794e+01,  1.003460207612457e-01, -3.539157106439386e-01, -1.233687884777828e+01
s85         , -1.931803893900067e+01, -1.923949588894798e+01,  1.991341991341991e-01, -3.023281614710812e-01, -8.686809089344949e+00
s86         , -2.124992178205270e+01, -2.098321570948278e+01,  4.587155963302753e-01, -1.684806642463159e-01, -9.765904440694671e+00
s87         , -2.000999990609716e+01, -1.988874142478836e+01,  3.348214285714286e-01, -4.228880465369009e-01, -9.932176433690920e+00
s88         , -1.933594922663024e+01, -1.955474545843974e+01,  4.041450777202072e-01, -4.930049840825274e-01, -9.663264873283470e+00
s89         , -2.128477820873118e+01, -2.136224409862346e+01,  2.289156626506024e-01, -1.534351667388586e-01, -1.082098137430691e+01
s90         , -2.009844325702736e+01, -2.034285948689001e+01,  2.426778242677824e-01, -3.651924868948131e-01, -1.050103451544213e+01
s91         , -2.185233402642529e+01, -2.218975219402920e+01,  3.802083333333333e-01, -2.019341651361008e-01, -1.188131893609695e+01
s92         , -1.852873985612102e+01, -1.859143409910991e+01,  4.429824561403509e-01, -4.228822443998729e-01, -7.795427867509963e+00
s93         , -2.244477787769646e+01, -2.242765741172414e+01,  3.259911894273128e-01, -1.344315663878274e-01, -1.198805371220504e+01
s94         , -2.069748145715988e+01, -2.076283791235490e+01,  3.150000000000000e-01, -3.254844309670541e-01, -1.069408125154869e+01
s95         , -1.839144268754908e+01, -1.790714432094227e+01,  8.480565371024736e-02, -4.322523326674624e-01, -7.797652068663955e+00
s96         , -2.061908691885885e+01, -2.045884452192167e+01,  2.975609756097561e-01, -4.422342107734066e-01, -1.095178707793731e+01
s97         , -2.336181657728519e+01, -2.287102776871299e+01,  3.333333333333333e-01, -4.644048275373078e-01, -1.443308536659058e+01
s98         , -1.913590175727989e+01, -1.906916010932097e+01,  4.854368932038835e-01, -3.790721501515332e-01, -8.125841694436835e+00
s99         , -1.764848235022367e+01, -1.797464099765921e+01,  3.079710144927536e-01, -4.365771217316718e-01, -7.339195835540938e+00
s100        , -2.003395952271198e+01, -1.986646299973192e+01,  4.950495049504950e-01, -3.638578981839677e-01, -9.157258268979538e+00
s101        , -2.047737186068138e+01, -1.990866010265175e+01,  8.609271523178808e-02, -2.716975601301618e-01, -9.767637425407809e+00
s102        , -1.813404261594337e+01, -1.840761201062141e+01,  2.810218978102190e-01, -4.080280804030690e-01, -7.870270728740504e+00
s103        , -2.094885731266024e+01, -2.071800414786660e+01,  4.333333333333333e-01, -3.654920790986833e-01, -1.054476532097845e+01
s104        , -1.695125455205811e+01, -1.695539152052450e+01,  3.577586206896551e-01, -4.537063481199944e-01, -5.846738377255726e+00
s105        , -2.089913046364001e+01, -2.157718103024878e+01,  2.599118942731278e-01, -1.921823041780821e-01, -1.126293410828425e+01
s106        , -2.193421435204462e+01, -2.187682045017469e+01,  3.645320197044335e-01, -2.826642169588321e-01, -1.192192950152069e+01
s107        , -1.938858975045087e+01, -1.966401679163117e+01,  3.908629441624366e-01, -4.631231002318315e-01, -9.688364405037031e+00
s108        , -2.184761912256448e+01, -2.190210164614514e+01,  3.915094339622641e-01, -2.388687496731988e-01, -1.164525560528221e+01
s109        , -1.765266017099491e+01, -1.820665417573710e+01,  1.077441077441077e-01, -4.735777176993480e-01, -8.395808170339869e+00
s110        , -2.222643790681205e+01, -2.169795538706763e+01,  7.621951219512195e-02, -1.383561547192186e-01, -1.161385031767859e+01
s111        , -2.198367498730207e+01, -2.178670692535898e+01,  3.137254901960784e-01, -1.913098581443651e-01, -1.141824987883369e+01
s112        , -2.341727175416096e+01, -2.324201762625381e+01,  4.009661835748792e-01, -5.458104442118528e-02, -1.251587508389594e+01
s113        , -2.064750776227555e+01, -2.054693457778022e+01,  4.769230769230769e-01, -3.291394598502473e-01, -9.985337841305601e+00
s114        , -2.335281852671257e+01, -2.333798407375431e+01,  2.158590308370044e-01, -8.458159599913950e-02, -1.329979736033619e+01
s115        , -2.467653405274963e+01, -2.479744982984878e+01,  2.418604651162791e-01, -1.804540021588620e-01, -1.585205434552549e+01
s116        , -2.119630992652875e+01, -2.150558690279075e+01,  4.273504273504273e-01, -2.522382830176995e-02, -9.800276027031581e+00
s117        , -1.681518237222159e+01, -1.704091787796164e+01,  1.190476190476190e-01, -4.517432432665496e-01, -6.577557826583433e+00
s118        , -1.725426000439147e+01, -1.714249373991601e+01,  1.241134751773050e-01, -4.864346105548946e-01, -6.902109156718510e+00
s119        , -2.026224064054247e+01, -2.074662717588974e+01,  2.348754448398577e-01, -1.708826236432294e-01, -1.002148801944863e+01
s120        , -2.061376236446881e+01, -2.068912978025361e+01,  5.027027027027027e-01, -3.120369639678299e-01, -1.002705906870995e+01
s121        , -2.090204853596659e+01, -2.119150053782662e+01,  4.507772020725389e-01, -3.487935552527325e-01, -1.108435491539053e+01
s122        , -1.679179791839329e+01, -1.688347148150446e+01,  1.533333333333333e-01, -5.536085502424309e-01, -6.828195189428131e+00
s123        , -1.729435756680531e+01, -1.740533177134701e+01,  2.310469314079422e-01, -4.681560529280563e-01, -6.899360540395857e+00
s124        , -1.927065840811719e+01, -1.985833563936158e+01,  3.251231527093596e-01, -2.572202207934699e-01, -8.995189277733374e+00
s125        , -2.074667074869674e+01, -2.079136038598163e+01,  3.365853658536586e-01, -4.461861094296336e-01, -1.134819014707216e+01
s126        , -1.981090987888966e+01, -1.965996417466014e+01,  3.418803418803419e-01, -3.914703452925113e-01, -9.412329755796971e+00
s127        , -1.791042209268825e+01, -1.806978756218164e+01,  4.273504273504274e-01, -4.233848103790502e-01, -7.092439328890732e+00
s128        , -2.199486439730610e+01, -2.221340612113322e+01,  4.100000000000000e-01, -1.734023505119165e-01, -1.167965394589618e+01
s129        , -1.847106084369403e+01, -1.804090333972087e+01,  1.389961389961390e-01, -4.304302401214376e-01, -7.838322501563826e+00
s130        , -2.183307419908922e+01, -2.142750825786648e+01,  4.691943127962085e-01, -3.269116825450114e-02, -9.621409411266500e+00
s131        , -1.937195493711046e+01, -1.942678601494639e+01,  3.300000000000000e-01, -4.640892144926056e-01, -9.512219630847216e+00
s132        , -1.756898825137140e+01, -1.770192015473736e+01,  1.604938271604938e-01, -4.472653051565088e-01, -7.390906866243507e+00
s133        , -1.952720456066259e+01, -1.930795637879260e+01,  3.407079646017699e-01, -4.749361453168910e-01, -9.374572515229367e+00
s134        , -1.792604080418195e+01, -1.770683464061886e+01,  2.023346303501946e-01, -5.596073194757074e-01, -7.912330785097817e+00
s135        , -2.163690184151209e+01, -2.202148657075520e+01,  2.509652509652510e-01, -1.751712384378950e-01, -1.182749723303022e+01
s136        , -2.266590946104735e+01, -2.254387890965427e+01,  4.867724867724867e-01, -2.997173566356202e-01, -1.265371329868170e+01
s137        , -1.871948299194560e+01, -1.883091973916743e+01,  4.739336492890995e-01, -3.689555353461447e-01, -7.758732750946121e+00
s138        , -2.098569970792443e+01, -2.101175839561370e+01,  2.155172413793103e-01, -1.902462854910700e-01, -1.055841695428631e+01
s139        , -1.946420871832499e+01, -1.954683515689655e+01,  3.737373737373738e-01, -4.771964632946327e-01, -9.643180716709569e+00
s140        , -1.890485827097119e+01, -1.895493668950261e+01,  1.403508771929824e-01, -5.330357087089432e-01, -9.711497453372299e+00
s141        , -2.048387804329865e+01, -2.055453123257072e+01,  1.649484536082474e-01, -3.741087191690469e-01, -1.105499055870410e+01
s142        , -1.712146112463541e+01, -1.708005265415770e+01,  8.135593220338982e-02, -4.532789681927573e-01, -6.739856533982985e+00
s143        , -2.146398341435241e+01, -2.178303488832826e+01,  2.270531400966184e-01, -9.844953200717099e-02, -1.112294809560283e+01
s144        , -2.296743054539722e+01, -2.240094336800495e+01,  3.215859030837004e-01,  3.947315178294053e-03, -1.119393600157142e+01
s145        , -2.169591974109321e+01, -2.164035631142156e+01,  3.768844221105528e-01, -3.747362517042553e-01, -1.206211575968780e+01
s146        , -2.268369172314783e+01, -2.255204226103113e+01,  2.175925925925926e-01, -1.401521352187209e-01, -1.247897776426215e+01
s147        , -2.121406114253308e+01, -2.157232283397394e+01,  4.020100502512562e-01, -3.404968002130324e-01, -1.170972789834563e+01
s148        , -2.139826235530006e+01, -2.102287202929644e+01,  1.445783132530120e-01, -1.878551957196978e-01, -1.074511108014246e+01
s149        , -1.818204101397333e+01, -1.834068739404425e+01,  2.985074626865671e-01, -4.340131895953617e-01, -7.873243768828312e+00
s150        , -2.236615053154114e+01, -2.198129661905255e+01,  2.378854625550661e-01, -9.738544549525485e-02, -1.137260102677981e+01
s151        , -2.007280490017163e+01, -1.999983443409365e+01,  4.631578947368421e-01, -4.443734180456252e-01, -9.877287409529432e+00
s152        , -2.043501428229088e+01, -2.036544647266745e+01,  2.764976958525346e-01, -4.456776301758392e-01, -1.089190336924962e+01
s153        , -2.294208833005412e+01, -2.279280511785243e+01,  1.562500000000000e-01, -3.904993032811577e-02, -1.242197446328608e+01
s154        , -1.941555486932839e+01, -1.948944720140275e+01,  3.476190476190476e-01, -5.196301584846013e-01, -9.864138553608985e+00
s155        , -2.030625886040805e+01, -2.057641578404974e+01,  7.665505226480836e-02, -4.315035610644496e-01, -1.163364131405632e+01
s156        , -1.755225478861601e+01, -1.779926330074700e+01,  3.428571428571429e-01, -4.190620928530158e-01, -6.900642919973609e+00
s157        , -1.981494689568535e+01, -1.954020632151368e+01,  4.744897959183673e-01, -4.088647865668529e-01, -8.993385517884741e+00
s158        , -2.120666701656112e+01, -2.127417667204898e+01,  3.434343434343434e-01, -2.836102548059826e-01, -1.111969598776474e+01
s159        , -2.199339551508707e+01, -2.186320978358695e+01,  2.706422018348624e-01, -1.696016135983993e-01, -1.151911017387302e+01
s160        , -1.822712376873660e+01, -1.801183877926690e+01,  2.137096774193548e-01, -4.790284310521741e-01, -7.872375932569105e+00
s161        , -1.850131544535105e+01, -1.848999174894977e+01,  8.239700374531835e-02, -5.602711900017743e-01, -9.347675278064180e+00
s162        , -2.165239460618542e+01, -2.179490052591366e+01,  2.418772563176895e-01, -1.016314015943821e-01, -1.111910693838779e+01
s163        , -2.054863013411503e+01, -2.042377745284868e+01,  3.140096618357488e-01, -4.392463001827612e-01, -1.084237098600878e+01
s164        , -2.244259094688993e+01, -2.300467200471114e+01,  4.269662921348314e-01, -2.789757652032452e-01, -1.335313549164413e+01
s165        , -2.169401378729562e+01, -2.132844319734138e+01,  1.511627906976744e-01, -4.062518893625233e-02, -1.034880858184045e+01
s166        , -1.893544650248816e+01, -1.866463549112117e+01,  1.559633027522936e-01, -4.104965415961588e-01, -8.576155613682293e+00
s167        , -1.990371422830687e+01, -1.973581797279369e+01,  1.880000000000000e-01, -5.133599358478331e-01, -1.059599309838456e+01
s168        , -2.358382467591309e+01, -2.333378519950664e+01,  3.098591549295774e-01, -4.297134170570778e-01, -1.496370050270846e+01
s169        , -2.234616115486217e+01, -2.308019150851781e+01,  3.586956521739130e-01, -2.655246989626662e-01, -1.356372495872482e+01
s170        , -1.980105726485419e+01, -1.991134258500172e+01,  9.090909090909091e-02, -3.183653742630459e-01, -1.001775754986136e+01
s171        , -2.225344967355102e+01, -2.202342565878808e+01,  1.680000000000000e-01, -1.220243261761259e-01, -1.175082074612358e+01
s172        , -2.076076397080535e+01, -2.063633676547452e+01,  4.292929292929293e-01, -4.823775660727934e-01, -1.108654813457416e+01
s173        , -2.167162181633835e+01, -2.162386644500527e+01,  3.958333333333333e-01, -2.979359035498834e-01, -1.156349318370312e+01
s174        , -2.217746151284670e+01, -2.229971269351493e+01,  2.056451612903226e-01, -1.633926052520534e-01, -1.227783238293809e+01
s175        , -1.912249737452136e+01, -1.930025591398475e+01,  1.210762331838565e-01, -3.346271669576921e-01, -9.155364626983710e+00
s176        , -2.262880123350610e+01, -2.198733411289685e+01,  2.477876106194690e-01, -3.135700037613162e-01, -1.255431600563668e+01
s177        , -1.998504477748202e+01, -2.036896288897685e+01,  1.721311475409836e-01, -1.630768926425015e-01, -9.600661774970481e+00
s178        , -1.778030448780716e+01, -1.824173092230181e+01,  9.240924092409240e-02, -4.706196995511808e-01, -8.469377421482340e+00
s179        , -2.322340610724453e+01, -2.377390579787605e+01,  5.319148936170213e-01, -1.186783409097044e-01, -1.329253888891750e+01
s180        , -1.682543251402466e+01, -1.669311685961830e+01,  1.020408163265306e-01, -4.730920374663181e-01, -6.242456096917204e+00
s181        , -1.586682207916231e+01, -1.590424641002378e+01,  7.807807807807808e-02, -4.919449452379848e-01, -5.280512479176290e+00
s182        , -2.348293513803748e+01, -2.343540007272844e+01,  4.218750000000000e-01, -2.454257567716102e-01, -1.379655985408540e+01
s183        , -2.155098810628208e+01, -2.143199888933167e+01,  3.915343915343915e-01, -3.935622743266494e-01, -1.183039634562246e+01
s184        , -2.324937775466465e+01, -2.308404453934394e+01,  3.333333333333334e-01, -2.193455545605112e-01, -1.337897194017659e+01
s185        , -2.378592453308165e+01, -2.392250666105881e+01,  4.759358288770054e-01, -2.322446019101390e-01, -1.428012270161551e+01
s186        , -2.071202883303041e+01, -2.116287950559413e+01,  2.821782178217822e-01, -2.461746037357350e-01, -1.091180552417102e+01
s187        , -2.027503475690737e+01, -2.020419608901985e+01,  2.918454935622318e-01, -4.284643710414602e-01, -1.052592868816534e+01
s188        , -2.214013663755619e+01, -2.238062671930949e+01,  4.254143646408840e-01, -3.022569110737441e-01, -1.259342122019379e+01
s189        , -2.074030596943589e+01, -2.079300817483271e+01,  8.646616541353383e-02, -1.542074852336362e-01, -1.038043170457323e+01
s190        , -1.914542963593283e+01, -1.904862282210736e+01,  2.241379310344828e-01, -4.434444610252894e-01, -9.131355631258135e+00
s191        , -1.679323473828856e+01, -1.715936817279397e+01,  3.831417624521072e-01, -4.444930604668443e-01, -6.021627146410525e+00
s192        , -1.690928184419942e+01, -1.693438980323880e+01,  1.378091872791520e-01, -5.067240432828634e-01, -6.681343027707474e+00
s193        , -2.273712334380998e+01, -2.314293234683437e+01,  5.586592178770949e-01, -2.696261459771656e-01, -1.315742348079495e+01
s194        , -2.090019731082972e+01, -2.142850724917348e+01,  1.917808219178082e-01, -2.020003934362203e-01, -1.128143259624100e+01
s195        , -1.910778599576077e+01, -1.905644355882776e+01,  1.372549019607843e-01, -4.295271983008834e-01, -9.290791849822904e+00
s196        , -1.918378235513936e+01, -1.885084352883777e+01,  3.009259259259259e-01, -4.923243700073853e-01, -8.920204556581709e+00
s197        , -2.010118773573690e+01, -2.043217540034410e+01,  2.842639593908630e-01, -3.923119746979537e-01, -1.067130570333957e+01
s198        , -2.040069724820686e+01, -2.009490085673736e+01,  3.032786885245902e-01, -3.073885899611197e-01, -9.668514414317436e+00
s199        , -2.033728659050214e+01, -2.037866088690645e+01,  3.275862068965517e-01, -1.484312044050353e-01, -9.129993724151662e+00
s200        , -1.788348829912646e+01, -1.772694662138625e+01,  1.296296296296296e-01, -4.568363320984329e-01, -7.559863078891178e+00
s201        , -1.891783601993355e+01, -1.892978762778492e+01,  9.448818897637795e-02, -4.956608871201637e-01, -9.587259999985116e+00
s202        , -2.174492495952721e+01, -2.190699328725393e+01,  2.081632653061224e-01, -1.902415841360358e-01, -1.185830618226519e+01
s203        , -2.185008698942601e+01, -2.169209724413153e+01,  3.039215686274510e-01, -4.358149650008709e-01, -1.266413488214730e+01
s204        , -2.086349108831322e+01, -2.115796263443043e+01,  3.523316062176166e-01, -3.521784668231955e-01, -1.131056013567112e+01
s205        , -2.088054945703831e+01, -2.136117224421918e+01,  1.184210526315789e-01, -7.627194138027249e-02, -1.067824929126742e+01
s206        , -2.114956534802060e+01, -2.166331968342937e+01,  1.791666666666667e-01, -8.189140457714628e-02, -1.098409418241265e+01
s207        , -1.936064601068155e+01, -1.956631401519585e+01,  1.253918495297806e-01, -2.338943055985757e-01, -8.966248418586986e+00
s208        , -2.173553987268506e+01, -2.160909796464303e+01,  4.032258064516129e-01, -4.343405380086777e-01, -1.227956305278023e+01
s209        , -1.958079034508013e+01, -1.957518774877649e+01,  2.118644067796610e-01, -4.464224408663486e-01, -9.933082565941604e+00
s210        , -2.077095411669474e+01, -2.148106792880773e+01,  2.227272727272727e-01, -1.831018857164411e-01, -1.117154691735402e+01
s211        , -2.106003856984427e+01, -2.083281940784534e+01,  2.857142857142857e-01, -3.603304456413751e-01, -1.106341307937415e+01
s212        , -1.921431398034701e+01, -1.916866967307188e+01,  4.056603773584906e-01, -4.185804563868263e-01, -8.694272394963125e+00
s213        , -1.891211086691480e+01, -1.886058654873118e+01,  3.755458515283843e-01, -3.967984874397719e-01, -8.210839253196074e+00
s214        , -1.797391097043976e+01, -1.758559124704185e+01,  7.565789473684210e-02, -4.567837376984772e-01, -7.497361440010607e+00
s215        , -2.046416066581664e+01, -2.039630649783877e+01,  2.164502164502164e-01, -4.542774167739768e-01, -1.113953675804293e+01
s216        , -2.054695205981560e+01, -2.056233553100945e+01,  4.354066985645933e-01, -2.288645156548360e-01, -9.559051304904129e+00
s217        , -2.064527960557822e+01, -2.019105069758671e+01,  3.968253968253968e-01, -5.235233882719742e-01, -1.076186204078353e+01
s218        , -2.267569057486860e+01, -2.288960968214869e+01,  3.474178403755869e-01, -1.844402967574466e-01, -1.287069285119196e+01
s219        , -1.969996813819463e+01, -2.028868250698614e+01,  1.355311355311355e-01, -3.361988775104921e-01, -1.054074340953632e+01
s220        , -2.056541179285701e+01, -2.138412429597113e+01,  2.135922330097087e-01, -1.230140922094218e-01, -1.072335449989922e+01
s221        , -2.147236245537334e+01, -2.145169685325688e+01,  3.184079601990050e-01, -4.393147163670186e-01, -1.230200924483655e+01
s222        , -1.817717386569833e+01, -1.827405454952422e+01,  2.488888888888889e-01, -4.361466084919500e-01, -7.918476882483075e+00
s223        , -2.049263974761081e+01, -2.024861929785984e+01,  3.594470046082949e-01, -4.987151656142850e-01, -1.080364141210847e+01
s224        , -2.147370851727396e+01, -2.134235746428538e+01,  1.114864864864865e-01, -1.811209180355823e-01, -1.125072203990449e+01
s225        , -2.297636192643720e+01, -2.270594231093103e+01,  1.931330472103004e-01, -4.178630478236423e-02, -1.221717736689552e+01
s226        , -2.349615644619751e+01, -2.289668111077864e+01,  1.923076923076923e-01, -5.886979953872751e-02, -1.258694355247324e+01
s227        , -1.994214785348108e+01, -2.054835003432223e+01,  3.750000000000000e-01, -2.743747702011471e-01, -9.948127869723004e+00
s228        , -1.935600154849446e+01, -1.949778379634014e+01,  2.700421940928270e-01, -4.954139587571272e-01, -9.943058976019731e+00
s229        , -1.931982821700711e+01, -1.941897724736361e+01,  5.900621118012422e-02, -3.927943367277197e-01, -9.808807798413323e+00
s230        , -1.663964761443124e+01, -1.673917882986143e+01,  1.030534351145038e-01, -4.726875424458510e-01, -6.303487895103385e+00
s231        , -1.912412961575534e+01, -1.914100739266586e+01,  3.317972350230415e-01, -4.849438859000710e-01, -9.214327504492635e+00
s232        , -2.205202611453251e+01, -2.147661623425131e+01,  3.196347031963470e-01, -3.952631093866033e-01, -1.209020798692846e+01
s233        , -2.108987100746543e+01, -2.094684076339120e+01,  1.702127659574468e-01, -6.906811610458741e-02, -9.911134079042505e+00
s234        , -2.119865480781422e+01, -2.133912630900533e+01,  4.972375690607735e-01, -2.428187266933599e-01, -1.058738187647315e+01
s235        , -1.634470488909293e+01, -1.617319535617607e+01,  2.172284644194757e-01, -4.423778113925409e-01, -5.029420685617342e+00
s236        , -2.035495556536669e+01, -2.080293188445001e+01,  1.839080459770115e-01, -4.754069003217640e-01, -1.192290273099593e+01
s237        , -2.057488800817375e+01, -2.047168282228697e+01,  1.517509727626459e-01, -1.188433792948044e-01, -9.555222619366910e+00
s238        , -2.181497599002021e+01, -2.126509667804062e+01,  8.239700374531835e-02,  1.247357300107876e-02, -1.014215253281246e+01
s239        , -1.938605784207409e+01, -1.934378660361430e+01,  3.360995850622406e-01, -3.791846742178258e-01, -8.906839310682924e+00
s240        , -1.879589433372550e+01, -1.888251718905735e+01,  4.541284403669725e-01, -4.170067502436230e-01, -8.150389059586818e+00
s241        , -1.732119998261703e+01, -1.689778877303486e+01,  1.223021582733813e-01, -4.375166638922224e-01, -6.285447397846196e+00
s242        , -2.017650413285683e+01, -2.015034440568267e+01,  2.803738317757009e-01, -4.440634196754156e-01, -1.056514369318476e+01
s243        , -1.996072124442394e+01, -1.975122269647376e+01,  9.704641350210970e-02, -4.103101197416986e-01, -1.028259077542375e+01
s244        , -2.121993688931675e+01, -2.123579945787271e+01,  3.540669856459330e-01, -2.139412310145941e-01, -1.065087936669458e+01
s245        , -2.152256201120388e+01, -2.164007465693953e+01,  2.932692307692308e-01, -3.445144235374119e-01, -1.211107051757640e+01
s246        , -1.806013829922115e+01, -1.812245887788767e+01,  4.101382488479263e-01, -4.798546874248393e-01, -7.525586828663973e+00
s247        , -1.662499542985015e+01, -1.646348920578320e+01,  1.845493562231760e-01, -5.133250574690362e-01, -5.922948702860152e+00
s248        , -2.087245838906029e+01, -2.078947113232372e+01,  1.904761904761905e-01, -1.745940995748110e-01, -1.021856125039917e+01
s249        , -2.031192930505803e+01, -2.050808548398221e+01,  4.714285714285714e-01, -2.942142331423850e-01, -9.750346650850247e+00
s250        , -1.829082894515480e+01, -1.829258921176614e+01,  3.679245283018868e-01, -4.534116999222284e-01, -7.731891521237360e+00
s251        , -2.316191337748571e+01, -2.315346786961197e+01,  9.649122807017543e-02, -3.171170450452721e-02, -1.305233780324621e+01
s252        , -1.836403387539604e+01, -1.838363417231073e+01,  3.105022831050228e-01, -4.841827263229033e-01, -8.181763882760741e+00
s253        , -1.948978591890307e+01, -1.918995175348153e+01,  2.330827067669173e-01, -6.081518500223749e-01, -1.022367258348547e+01
s254        , -1.974328758235917e+01, -2.012644149240219e+01,  1.639344262295082e-01, -3.579448333953955e-01, -1.035551201470180e+01
s255        , -2.045692599174058e+01, -2.022934578891341e+01,  2.803738317757009e-01, -4.182960714071987e-01, -1.053529005871525e+01
s256        , -1.776850461240055e+01, -1.795838767319620e+01,  3.716814159292036e-01, -4.209615968505197e-01, -7.064054023360507e+00
s257        , -2.163660994039700e+01, -2.158764090620312e+01,  2.222222222222222e-01, -2.854663611499145e-01, -1.189295676042706e+01
s258        , -1.860059101905129e+01, -1.856570829524049e+01,  3.395348837209302e-01, -5.239896436788678e-01, -8.587670243815605e+00
s259        , -2.094542362420654e+01, -2.106043216496462e+01,  4.044943820224719e-01, -4.333155659199479e-01, -1.148559804640012e+01
s260        , -1.742875942837962e+01, -1.724505649750077e+01,  2.074074074074074e-01, -4.841558359831221e-01, -6.820104490670993e+00
s261        , -2.065616574581777e+01, -2.044984267974059e+01,  2.910798122065728e-01, -4.218863445634524e-01, -1.084289215517570e+01
s262        , -2.014040040752147e+01, -1.999847247140296e+01,  4.484304932735426e-01, -2.174040284815261e-01, -8.654977913039405e+00
s263        , -1.686996628366655e+01, -1.686913441599304e+01,  2.048192771084337e-01, -4.426402239670291e-01, -6.058769334821067e+00
s264        , -2.074271161967796e+01, -2.020134526394309e+01,  2.837837837837838e-01, -2.150432409059542e-01, -9.359321431580243e+00
s265        , -2.059536695716665e+01, -2.057867017200118e+01,  2.629107981220657e-01, -1.851594028731071e-01, -9.787615788885327e+00
s266        , -2.198651133619990e+01, -2.172156481939397e+01,  2.805429864253394e-01, -1.509352054409234e-01, -1.118725996682219e+01
s267        , -1.899333543245141e+01, -1.892755882919075e+01,  3.518518518518519e-01, -4.702493018142928e-01, -8.775425973024955e+00
s268        , -1.857298059991068e+01, -1.859604099152438e+01,  4.672897196261682e-01, -4.055964397863951e-01, -7.643101615180655e+00
s269        , -2.106917022960664e+01, -2.112038708958917e+01,  4.350282485875706e-01, -4.530722567104115e-01, -1.160170949164854e+01
s270        , -1.920756052964929e+01, -1.902832649498908e+01,  3.076923076923077e-01, -5.613937324333067e-01, -9.539576005257498e+00
s271        , -1.965184309682283e+01, -1.984722261451046e+01,  4.000000000000000e-01, -5.189952619494053e-01, -1.023659293023867e+01
s272        , -2.112049940018463e+01, -2.096006563608756e+01,  4.800000000000000e-01, -4.225163133709517e-01, -1.108621720484766e+01
s273        , -1.945398506004425e+01, -1.943186912353339e+01,  2.109704641350211e-01, -2.565218731716187e-01, -8.677331783819763e+00
s274        , -2.135203005648119e+01, -2.160116851598966e+01,  2.248803827751196e-01, -1.501432031913681e-01, -1.115503189255459e+01
s275        , -2.088724638081418e+01, -2.113211394706792e+01,  3.273542600896861e-01, -2.339797046685736e-01, -1.068295621263695e+01
s276        , -1.839432489855567e+01, -1.852444856503021e+01,  2.951541850220264e-01, -5.189266315440184e-01, -8.615710506401825e+00
s277        , -2.199306195501885e+01, -2.030770559932420e+01,  3.553719008264463e-01,  2.232763360982026e-02, -8.009508224213144e+00
s278        , -2.276883612887764e+01, -2.267776334170981e+01,  8.333333333333333e-02, -2.232075609194397e-01, -1.346774028850329e+01
s279        , -2.262380984036664e+01, -2.245643593687510e+01,  2.620967741935484e-01, -3.664600480385116e-01, -1.348162787024724e+01
s280        , -1.620731240668889e+01, -1.655761370525921e+01,  1.059190031152648e-01, -4.827351582305489e-01, -6.091998482529299e+00
s281        , -2.072632910940930e+01, -2.001221989194713e+01,  3.361702127659574e-01, -1.090121065540407e-01, -8.364862486184286e+00
s282        , -1.840721485531197e+01, -1.890115040129719e+01,  1.957446808510638e-01, -2.026693501761106e-01, -7.658904192566862e+00
s283        , -1.945843055355910e+01, -1.953596291769559e+01,  8.960573476702509e-02, -4.448161409959587e-01, -1.018525800360357e+01
s284        , -2.290375248734285e+01, -2.325380678624096e+01,  2.075471698113208e-01, -3.205290781371426e-01, -1.450928405793766e+01
s285        , -2.162506652538119e+01, -2.132873030811021e+01,  3.037383177570093e-01, -2.500922583699851e-01, -1.111487821890570e+01
s286        , -2.308167299949378e+01, -2.362796876034552e+01,  4.438202247191011e-01, -3.369231665353251e-01, -1.452249913034876e+01
s287        , -1.888746545864790e+01, -1.893954057959434e+01,  4.347826086956522e-01, -3.640284014717675e-01, -7.988395957295809e+00
s288        , -2.031934863671701e+01, -2.002007220965212e+01,  2.689075630252101e-01, -5.628922615995829e-01, -1.106742904579474e+01
s289        , -2.410980627565496e+01, -2.452498378668710e+01,  3.675675675675676e-01, -1.886034179173092e-01, -1.518127018130313e+01
s290        , -2.087284446952964e+01, -2.096071341964412e+01,  4.463276836158192e-01, -4.527881181823479e-01, -1.134236813658919e+01
s291        , -2.204275686911580e+01, -2.125014326407823e+01,  4.464285714285714e-01,  1.614630069269107e-02, -9.155905582050643e+00
s292        , -1.820983264392220e+01, -1.831724979439354e+01,  1.563786008230453e-01, -2.511199680092331e-01, -7.194303113102764e+00
s293        , -1.668568749246811e+01, -1.672785766562370e+01,  2.903225806451613e-01, -5.160530064938011e-01, -6.041883454686982e+00
s294        , -2.280852590517532e+01, -2.351946806813491e+01,  3.763440860215054e-01, -1.671909517301560e-01, -1.360114790021668e+01
s295        , -1.673628435422914e+01, -1.719401467648078e+01,  2.873563218390804e-01, -4.409774583060159e-01, -6.300219558035243e+00
s296        , -2.103716924286631e+01, -2.042396965813359e+01,  4.237288135593220e-01, -2.204137886871657e-01, -9.344525987350860e+00
s297        , -2.124288787488653e+01, -2.138000820706074e+01,  5.524861878453039e-01, -3.073952357430516e-01, -1.086061321046221e+01
s298        , -2.177880180045448e+01, -2.153393672068998e+01,  1.527272727272727e-01, -1.163735013656305e-01, -1.105878742348466e+01
s299        , -1.893486515270964e+01, -1.897210931998701e+01,  1.937984496124031e-01, -4.182954601180681e-01, -8.961148091909056e+00
s300        , -1.774017522269403e+01, -1.792935543187745e+01,  3.823529411764706e-01, -3.833099859073188e-01, -6.786046854779505e+00
s301        , -2.283171483494903e+01, -2.304380957063282e+01,  3.663366336633663e-01, -1.935129789103496e-01, -1.309253443144933e+01
s302        , -1.721456897049112e+01, -1.731194871752016e+01,  2.522522522522522e-01, -5.045206240776645e-01, -6.912383156927823e+00
s303        , -2.130552121943375e+01, -2.085801364883319e+01,  2.358078602620087e-01, -1.342528065494653e-02, -9.305313180402747e+00
s304        , -2.313677054561944e+01, -2.302457770194290e+01,  2.764976958525346e-01, -2.904634977273650e-01, -1.383570959537233e+01
s305        , -1.858159986173835e+01, -1.872153112419910e+01,  3.511111111111111e-01, -5.191004127805126e-01, -8.753463819446594e+00
s306        , -2.163460095493751e+01, -2.161951958965282e+01,  2.954545454545455e-01, -3.489984432368135e-01, -1.210085642603838e+01
s307        , -1.987289536762319e+01, -2.000491403396128e+01,  1.292775665399239e-01, -4.334376980738398e-01, -1.069017413683965e+01
s308        , -2.028550026196297e+01, -1.973050694874318e+01,  3.524229074889867e-01, -7.712956260704895e-03, -7.357925232196011e+00
s309        , -2.129242792516701e+01, -2.127253859849664e+01,  9.763313609467456e-02, -2.773057333167843e-01, -1.172012909677737e+01
s310        , -1.894855963686166e+01, -1.901856453085667e+01,  2.016129032258064e-01, -4.420812131331763e-01, -9.139232730242345e+00
s311        , -2.010039836844276e+01, -1.978395913400968e+01,  2.304526748971193e-01, -5.468740664143410e-01, -1.074056530104297e+01
s312        , -1.830057188159682e+01, -1.848171768354534e+01,  3.119266055045872e-01, -5.172967626171673e-01, -8.502020166437099e+00
s313        , -1.990312271450173e+01, -1.952952434678351e+01,  3.657407407407407e-01, -3.900068395361900e-01, -9.155684606320222e+00
s314        , -1.980645538479249e+01, -1.960735247531378e+01,  3.532338308457711e-01, -4.554613631595625e-01, -9.662437585872796e+00
s315        , -1.914671781515828e+01, -1.967338164415639e+01,  1.263940520446097e-01, -2.300460218977717e-01, -9.095493379759189e+00
s316        , -2.257620253811652e+01, -2.235291600980064e+01,  2.956521739130435e-01, -1.400905331460386e-01, -1.199121408539118e+01
s317        , -1.647333233405121e+01, -1.655640640373402e+01,  3.008849557522124e-01, -4.418147746918861e-01, -5.357519942937840e+00
s318        , -2.027102701488289e+01, -2.007917901481244e+01,  4.320388349514563e-01, -3.950163399648214e-01, -9.797856034244148e+00
s319        , -1.996146248057647e+01, -1.989252374780810e+01,  3.283582089552239e-01, -3.007938437587159e-01, -9.277330417866315e+00
s320        , -2.548773082504399e+01, -2.516893885617613e+01,  1.050420168067227e-01, -2.051315550653976e-02, -1.585164082238815e+01
s321        , -1.727661852750149e+01, -1.750413147965821e+01,  1.152542372881356e-01, -4.729031173288075e-01, -7.367465218136751e+00
s322        , -2.011073789818953e+01, -2.062249673808594e+01,  2.755102040816326e-01, -3.118520769585720e-01, -1.052015564778396e+01
s323        , -2.178223238748198e+01, -2.164216087024162e+01,  3.794871794871795e-01, -3.164630965966697e-01, -1.173481331926348e+01
s324        , -1.879130547869734e+01, -1.870756116422437e+01,  1.875000000000000e-01, -4.865844109133208e-01, -8.977663892615766e+00
s325        , -2.032679436678044e+01, -2.012526846367763e+01,  4.371584699453552e-01, -4.446111579505011e-01, -1.012552336809534e+01
s326        , -2.071891083121713e+01, -2.051807437903046e+01,  1.502145922746781e-01, -4.860370130315617e-02, -9.236095252716183e+00
s327        , -1.834375983430116e+01, -1.892407505289044e+01,  1.423357664233577e-01, -4.582827934141080e-01, -9.247679559475962e+00
s328        , -2.099505369246730e+01, -2.070351468851936e+01,  1.566265060240964e-01, -2.242959595378644e-01, -1.045900739864865e+01
s329        , -2.140321290954873e+01, -2.098115768202427e+01,  8.088235294117647e-02,  4.593159793051083e-03, -9.783541401416505e+00
s330        , -2.114112529442132e+01, -2.167627832649346e+01,  9.170305676855896e-02, -7.017073580188771e-02, -1.116456802888794e+01
s331        , -1.934637322166436e+01, -1.985757473956599e+01,  1.628787878787879e-01, -3.048437342653618e-01, -9.679124690408152e+00
s332        , -1.962462779654497e+01, -2.008543493390306e+01,  3.017241379310345e-01, -3.704442707835722e-01, -1.000865561043014e+01
s333        , -2.293624249800790e+01, -2.315521964906376e+01,  4.293478260869565e-01, -2.482212901214985e-01, -1.339181177779532e+01
s334        , -1.807355423930957e+01, -1.810878991945315e+01,  3.018018018018018e-01, -4.837671416726728e-01, -7.808806344253102e+00
s335        , -1.850164643907080e+01, -1.862020398755002e+01,  3.666666666666667e-01, -4.851736208157014e-01, -8.380005349210510e+00
s336        , -2.151296308555482e+01, -2.130762975928354e+01,  3.141592920353982e-01, -3.145331107646874e-01, -1.141498366307360e+01
s337        , -1.775953587894473e+01, -1.654657256034150e+01,  6.514657980456026e-02, -1.927707840224444e-01, -4.574100600512814e+00
s338        , -2.118082550420247e+01, -2.144971688891854e+01,  3.361702127659574e-01, -2.386095692408694e-01, -1.114015876716206e+01
s339        , -1.761381998690202e+01, -1.831591870286488e+01,  8.469055374592833e-02, -4.520776405604167e-01, -8.492728190551809e+00
s340        , -1.906967392812366e+01, -1.921278431166266e+01,  4.716981132075472e-01, -4.659963765307367e-01, -8.848978873554245e+00
s341        , -2.371082699534004e+01, -2.358078584212877e+01,  2.962962962962963e-01, -2.659713931010030e-01, -1.444431128696910e+01
s342        , -1.901967676945428e+01, -1.919832153513213e+01,  1.983805668016194e-01, -4.438130852582106e-01, -9.414405425612941e+00
s343        , -1.943128604912865e+01, -1.903026617746472e+01,  4.566210045662100e-01, -3.875318655443336e-01, -8.191868643753322e+00
s344        , -2.171448714042025e+01, -2.168523869009389e+01,  1.739130434782609e-01, -3.038841710496251e-01, -1.226006037356857e+01
s345        , -1.896311499883081e+01, -1.864954645141156e+01,  2.604651162790698e-01, -4.323573650413620e-01, -8.404656128810240e+00
s346        , -2.211462969107367e+01, -2.197626006463087e+01,  3.033175355450237e-01, -1.487274545917818e-01, -1.148032766707615e+01
s347        , -1.640817037109120e+01, -1.682274310075928e+01,  2.676056338028169e-01, -4.833560810085033e-01, -6.055269794479683e+00
s348        , -2.058778590237884e+01, -2.064447829554134e+01,  2.631578947368421e-01, -3.348600883427881e-01, -1.071123560351656e+01
s349        , -1.918353701640313e+01, -1.893900814633796e+01,  9.737827715355805e-02, -4.077056898095192e-01, -9.105231929688088e+00
s350        , -2.047073332015930e+01, -2.064329276023669e+01,  3.480176211453744e-01, -4.116123498346009e-01, -1.091496934683717e+01
s351        , -2.167714580870165e+01, -2.218457167346630e+01,  4.254143646408840e-01, -2.761813216371864e-01, -1.216832814436241e+01
s352        , -2.086238589025425e+01, -2.087511822028541e+01,  4.264705882352941e-01, -4.853015202478814e-01, -1.145171509960138e+01
s353        , -1.920058764071421e+01, -1.885674014833502e+01,  1.530249110320285e-01, -5.684070750765412e-01, -9.734260447497148e+00
s354        , -2.053223705409261e+01, -2.113810078177803e+01,  4.822335025380711e-01, -1.410507362464537e-01, -9.774382660571350e+00
s355        , -1.704257081119439e+01, -1.735518244504686e+01,  1.074380165289256e-01, -4.516920800296389e-01, -7.057021747304721e+00
s356        , -2.127143545968418e+01, -2.085418516957412e+01,  1.307692307692308e-01, -2.006149827037985e-01, -1.061034893660061e+01
s357        , -1.906625211198675e+01, -1.933089807615480e+01,  8.759124087591241e-02, -3.526384313094048e-01, -9.385957150484661e+00
s358        , -2.032987192881253e+01, -1.992904534299002e+01,  3.179487179487179e-01, -4.226028803668964e-01, -1.003203557006644e+01
s359        , -2.136102912880764e+01, -2.116373757157359e+01,  3.619047619047619e-01, -3.538129317833753e-01, -1.130304804163726e+01
s360        , -1.881386071055488e+01, -1.892124809285279e+01,  5.154639175257731e-01, -4.233204792045533e-01, -8.081676605526283e+00
s361        , -2.182643688719446e+01, -2.134914075921397e+01,  2.358078602620087e-01, -9.369368045068049e-02, -1.045307872353341e+01
s362        , -2.091897008712596e+01, -2.109653663608874e+01,  3.108808290155440e-01, -4.243996816650821e-01, -1.173069621730374e+01
s363        , -1.798497754334610e+01, -1.780642818697329e+01,  1.836734693877551e-01, -5.603070286229704e-01, -8.107118512641119e+00
s364        , -1.789393844733154e+01, -1.763240567842425e+01,  1.056603773584906e-01, -4.164501252065544e-01, -7.262843474673211e+00
s365        , -2.184332997178521e+01, -2.135188595523632e+01,  9.121621621621621e-02, -4.537621643941558e-03, -1.033777156898292e+01
s366        , -2.293131491804218e+01, -2.281344609930002e+01,  2.327586206896552e-01, -1.383512641102262e-01, -1.280364027040446e+01
s367        , -2.320311495695380e+01, -2.273320283465846e+01,  2.629107981220657e-01, -1.098704835000970e-01, -1.245267457038366e+01
s368        , -1.944159222026194e+01, -1.919634046413595e+01,  1.371841155234657e-01, -5.391066336440153e-01, -1.009876015957514e+01
s369        , -2.221834550731525e+01, -2.260104799800698e+01,  2.500000000000000e-01, -1.542316945449326e-01, -1.254308264219913e+01
s370        , -1.739352775780219e+01, -1.789294363319439e+01,  9.240924092409240e-02, -4.570657993738687e-01, -7.895200662508322e+00
s371        , -2.131349702655302e+01, -2.105232500231219e+01,  4.916201117318436e-01, -4.253212494427845e-01, -1.120362010651773e+01
s372        , -2.230067528571091e+01, -2.191150162260399e+01,  3.928571428571428e-01, -2.903146431770540e-01, -1.194048114372791e+01
s373        , -1.609460498694387e+01, -1.605671335166918e+01,  8.881578947368421e-02, -4.760023500975060e-01, -5.382388068775041e+00
s374        , -1.846307154319872e+01, -1.902871680557325e+01,  3.073770491803279e-01, -2.796200406009243e-01, -7.978484769122481e+00
s375        , -2.092466765927065e+01, -2.090169959028475e+01,  2.755102040816326e-01, -4.196471603449973e-01, -1.151735441445107e+01
s376        , -2.335896110191541e+01, -2.389231402583182e+01,  3.617021276595745e-01, -2.588984214540905e-01, -1.468110540757560e+01
s377        , -2.209438728501526e+01, -2.276256333213254e+01,  3.535353535353536e-01, -1.202715338971322e-01, -1.231722922047063e+01
s378        , -2.111108779470583e+01, -2.079744553763929e+01,  3.568075117370892e-01, -5.929154418306686e-01, -1.211806063981822e+01
s379        , -1.875225846070942e+01, -1.889318338367293e+01,  4.901960784313725e-01, -3.982548369113501e-01, -7.968089740797904e+00
s380        , -1.834869608623442e+01, -1.798544476442942e+01,  1.908396946564886e-01, -4.867357565292836e-01, -7.936687972227598e+00
s381        , -2.068155326614140e+01, -2.037370318478369e+01,  4.840425531914894e-01, -4.591553198405569e-01, -1.043997260729365e+01
s382        , -1.804666933121612e+01, -1.802201754825786e+01,  1.712062256809339e-01, -4.553358220404080e-01, -7.865836743941755e+00
s383        , -2.062194236740874e+01, -2.111771493990467e+01,  1.685393258426966e-01, -2.688702502619412e-01, -1.126787573959012e+01
s384        , -1.800916137079852e+01, -1.770082155759150e+01,  1.753731343283582e-01, -5.679240233768619e-01, -8.019796925569061e+00
s385        , -2.216424509641620e+01, -2.164120041241361e+01,  7.885304659498207e-02, -1.983382951631443e-01, -1.185842466389456e+01
s386        , -2.182057698940036e+01, -2.190144014075407e+01,  4.020618556701031e-01, -3.283245340591721e-01, -1.211297334624301e+01
s387        , -1.799817167842237e+01, -1.773035383349363e+01,  1.914893617021277e-01, -4.199541044880705e-01, -7.199725374307519e+00
s388        , -2.351217009702901e+01, -2.365806773001000e+01,  3.265306122448979e-01, -3.063756143768592e-01, -1.470048298495602e+01
s389        , -2.149803565649794e+01, -2.134603642399066e+01,  8.614232209737828e-02, -2.258790109957377e-01, -1.156993033691638e+01
s390        , -2.025125341850577e+01, -2.003404685843304e+01,  3.787878787878788e-01, -4.494456643316782e-01, -1.017326183997648e+01
s391        , -1.925641978436478e+01, -1.906198249817175e+01,  3.774509803921569e-01, -5.008608939050612e-01, -9.071076692907653e+00
s392        , -1.954014294555121e+01, -2.013480940401854e+01,  2.863636363636364e-01, -3.500252817518231e-01, -1.000592439042425e+01
s393        , -2.007195889273447e+01, -2.004765840514742e+01,  2.434782608695652e-01, -4.408472273344025e-01, -1.049612035123500e+01
s394        , -1.933645012315517e+01, -1.921306954129924e+01,  3.991935483870968e-01, -4.686697816768958e-01, -9.052325810381189e+00
s395        , -2.191328817199827e+01, -2.139889320623895e+01,  4.017857142857143e-01, -1.825193519828516e-02, -9.675294846692424e+00
s396        , -1.985518647713905e+01, -1.956784496060000e+01,  2.109375000000000e-01, -1.162720916534243e-02, -7.513992241799446e+00
s397        , -1.859895904181181e+01, -1.862611995404023e+01,  2.468619246861925e-01, -4.814849345026023e-01, -8.678851028351575e+00
s398        , -2.089338265909714e+01, -2.101956458832539e+01,  3.837837837837838e-01, -3.234718397349404e-01, -1.087176569445924e+01
s399        , -1.650074457052408e+01, -1.651390470035245e+01,  1.240601503759398e-01, -4.776111047532847e-01, -5.953981871990807e+00
s400        , -1.659170957499870e+01, -1.677842971060632e+01,  1.368078175895766e-01, -4.989942173488031e-01, -6.417942265257699e+00
s401        , -1.654426837808786e+01, -1.669285254683626e+01,  7.942238267148015e-02, -4.546654900903299e-01, -6.198584576853476e+00
s402        , -1.877939202276407e+01, -1.839702927985774e+01,  1.581027667984190e-01, -4.507038517286821e-01, -8.410687909684963e+00
s403        , -2.106694758002669e+01, -2.108698058636751e+01,  4.408602150537634e-01, -3.214516906443962e-01, -1.080893159543747e+01
s404        , -2.165676773412189e+01, -2.118867192712181e+01,  2.037735849056604e-01, -3.273611021662780e-01, -1.160231824367332e+01
s405        , -2.212611753855641e+01, -2.216898056379422e+01,  2.805429864253394e-01, -1.608225244711419e-01, -1.188221534282300e+01
s406        , -1.885653015374473e+01, -1.874791061177093e+01,  2.440191387559809e-01, -4.355399411962053e-01, -8.605705389679638e+00
s407        , -1.790225292709843e+01, -1.808063126825947e+01,  2.438162544169611e-01, -4.184167850555168e-01, -7.556588423026051e+00
s408        , -1.653237145459570e+01, -1.680090955472858e+01,  1.804511278195489e-01, -4.902832690336510e-01, -6.288568113455224e+00
s409        , -1.984138826084547e+01, -1.984331079966950e+01,  1.195219123505976e-01, -4.120229422879031e-01, -1.036552823709056e+01
s410        , -1.632163885458830e+01, -1.669215678118270e+01,  1.056910569105691e-01, -4.663677633397244e-01, -6.194324992454697e+00
s411        , -1.826950002229553e+01, -1.795455675467681e+01,  1.486988847583643e-01, -4.962086851521904e-01, -8.054359350384486e+00
s412        , -2.254085603631221e+01, -2.244239335283639e+01,  4.463276836158192e-01, -4.947445545596005e-01, -1.369489846961456e+01
s413        , -1.907038707751166e+01, -1.903324578394227e+01,  1.338582677165354e-01, -4.741933700813598e-01, -9.514093911211067e+00
s414        , -1.996831080241482e+01, -1.975252828913587e+01,  4.179104477611940e-01, -5.177110970358517e-01, -1.004752150787476e+01
s415        , -2.069762370804266e+01, -2.041485455337427e+01,  3.348017621145374e-01, -3.845389607969329e-01, -1.047230075225635e+01
s416        , -1.735494379178349e+01, -1.774230046146792e+01,  1.702898550724638e-01, -4.813484951957020e-01, -7.612259227404149e+00
s417        , -1.714858900796163e+01, -1.713345544040741e+01,  3.094170403587444e-01, -4.594760529792195e-01, -6.258915797656517e+00
s418        , -2.014294405560549e+01, -2.000468584036185e+01,  3.663366336633663e-01, -4.599603179608829e-01, -1.022186425251522e+01
s419        , -1.771416578387462e+01, -1.758932704291359e+01,  1.804511278195489e-01, -5.018813610408934e-01, -7.480889765538407e+00
s420        , -2.335906844703241e+01, -2.305358672605743e+01,  3.349282296650718e-01, -3.015394138634624e-01, -1.378703161077715e+01
s421        , -2.045819521600993e+01, -2.065877877087107e+01,  3.800904977375565e-01, -9.789425555225906e-02, -9.114308866921718e+00
s422        , -1.913624718404630e+01, -1.899406800612169e+01,  2.422907488986784e-01, -4.495371450849112e-01, -9.039989467002691e+00
s423        , -2.001718266940652e+01, -1.985396298855955e+01,  1.470588235294118e-01, -4.408965057174473e-01, -1.046943077727270e+01
s424        , -2.199980092896302e+01, -2.182034007842149e+01,  2.935779816513762e-01, -7.177831350150232e-02, -1.085582659271243e+01
s425        , -1.799669141475633e+01, -1.816003193667581e+01,  1.090225563909774e-01, -4.437235781522238e-01, -8.160242944780531e+00
s426        , -2.179879403652462e+01, -2.144606911275094e+01,  3.948717948717949e-01, -2.894837118658636e-01, -1.126474038446328e+01
s427        , -1.855895626610580e+01, -1.860911657003361e+01,  1.954022988505747e-01, -5.199387767752528e-01, -9.001267850413912e+00
s428        , -2.201089453299450e+01, -2.237848375078623e+01,  3.004926108374384e-01, -3.102506532472535e-01, -1.295879337677244e+01
s429        , -2.010895188317044e+01, -2.051668452546338e+01,  2.465753424657534e-01, -2.415331024336334e-01, -1.005391267524017e+01
s430        , -2.197039083997888e+01, -2.164539003615390e+01,  1.348314606741573e-01,  3.372204049272187e-03, -1.060067380047296e+01
s431        , -2.053790779896415e+01, -2.047992753975812e+01,  4.079601990049752e-01, -4.432125386682310e-01, -1.070094308241977e+01
s432        , -2.056150222449639e+01, -1.997330577117205e+01,  2.716981132075472e-01, -1.261156628299788e-01, -8.571302381730369e+00
s433        , -1.961788415450921e+01, -1.994004150155998e+01,  1.683501683501684e-01, -2.770924164769454e-01, -9.629032117823819e+00
s434        , -2.169585176655818e+01, -2.126463641731207e+01,  2.170212765957447e-01, -2.583296994166385e-01, -1.129384408392299e+01
s435        , -1.969212203292086e+01, -1.964598919548009e+01,  3.504672897196262e-01, -5.026323794405295e-01, -9.986462690088308e+00
s436        , -1.841763911968392e+01, -1.848477548028380e+01,  4.736842105263158e-01, -4.455558341057411e-01, -7.688900043349476e+00
s437        , -2.085473352476042e+01, -2.025584347027738e+01,  6.388888888888888e-02, -2.257226185524321e-01, -1.006703338425531e+01
s438        , -2.075193174001312e+01, -2.090912457608999e+01,  3.211009174311927e-01, -3.501052488872586e-01, -1.102407361555771e+01
s439        , -1.747889033992054e+01, -1.745941653031306e+01,  2.608695652173913e-01, -4.448355114494498e-01, -6.770050478628342e+00
s440        , -2.292628299240021e+01, -2.309870877316001e+01,  2.282157676348548e-01, -2.318250937011093e-01, -1.374188249528256e+01
s441        , -1.928590410708185e+01, -1.906004965586902e+01,  4.855769230769231e-01, -5.019668829644790e-01, -8.793909289753831e+00
s442        , -2.265396374356312e+01, -2.255569708133327e+01,  4.098360655737705e-01, -3.667322809430952e-01, -1.324184038811737e+01
s443        , -1.939450551490213e+01, -1.946153192321305e+01,  4.347826086956522e-01, -3.953357486552224e-01, -8.908825060036420e+00
s444        , -2.014197468633274e+01, -2.039746122889020e+01,  2.355555555555555e-01, -2.951396441647279e-01, -1.020918238838715e+01
s445        , -2.136890748153691e+01, -2.142198616222112e+01,  3.333333333333333e-01, -4.030012260318674e-01, -1.201941474252895e+01
s446        , -1.984877428373165e+01, -1.968928618219627e+01,  2.510460251046025e-01, -4.684799724780656e-01, -1.011698016882318e+01
s447        , -2.124129540469972e+01, -2.118064392140086e+01,  1.178707224334601e-01, -5.259360702815929e-02, -1.029009159012252e+01
s448        , -1.996883442559681e+01, -2.023441408463819e+01,  3.318777292576419e-01, -3.666638326666031e-01, -1.012260681172768e+01
s449        , -2.213132573342666e+01, -2.225748750647406e+01,  1.532258064516129e-01, -1.250526591750853e-01, -1.214082335725432e+01
s450        , -2.393776981346641e+01, -2.289966001405264e+01,  2.777777777777778e-01, -1.615053191089840e-01, -1.293857752535885e+01
s451        , -1.778758837631850e+01, -1.801588051001279e+01,  3.452380952380952e-01, -4.546364936913749e-01, -7.401649381313511e+00
s452        , -2.093231028730361e+01, -2.087765514066638e+01,  2.133333333333333e-01, -4.243260459048416e-01, -1.167021747797083e+01
s453        , -1.913112365245808e+01, -1.899350153266617e+01,  1.240000000000000e-01, -4.107128040671630e-01, -9.130801214015172e+00
s454        , -1.694745233262931e+01, -1.740245755443215e+01,  1.296928327645051e-01, -4.582460105113153e-01, -7.103261189267799e+00
s455        , -1.959305905778561e+01, -1.933362243570525e+01,  2.410714285714286e-01, -4.446279659985563e-01, -9.501740186969249e+00
s456        , -1.690137029519855e+01, -1.716519911012072e+01,  1.221122112211221e-01, -4.751005577796226e-01, -6.876937994789095e+00
s457        , -1.744399185749123e+01, -1.742301935842682e+01,  3.037383177570093e-01, -4.380206656041937e-01, -6.568963198776082e+00
s458        , -2.020627098912283e+01, -2.045387603618603e+01,  3.303167420814480e-01, -2.441880134710903e-01, -9.761504065106628e+00
s459        , -1.884232545378780e+01, -1.951401588364083e+01,  4.016064257028112e-01, -2.341099813176356e-01, -8.175975980903033e+00
s460        , -2.233016805188693e+01, -2.211665340377773e+01,  2.401746724890830e-01, -3.178818179230057e-01, -1.278299781821082e+01
s461        , -1.623645396367353e+01, -1.626813652523208e+01,  1.551724137931035e-01, -4.270130547326815e-01, -5.241061714095338e+00
s462        , -2.313545884021418e+01, -2.280792042379592e+01,  3.589743589743590e-01, -1.953392966471668e-01, -1.278427055500521e+01
s463        , -2.090493117250811e+01, -2.064001980479744e+01,  2.478632478632479e-01, -3.981986171212253e-01, -1.109575843282471e+01
s464        , -1.633431188033305e+01, -1.638192591548206e+01,  8.794788273615635e-02, -5.048409014653407e-01, -6.009842824486432e+00
s465        , -1.999082968954132e+01, -2.022333147398016e+01,  3.418367346938775e-01, -4.732967154782968e-01, -1.067220343439863e+01
s466        , -1.900684695054017e+01, -1.856249124556664e+01,  3.722943722943723e-01, -3.673145375804300e-01, -7.629290868434733e+00
s467        , -1.783078222536251e+01, -1.795915498963243e+01,  2.957198443579767e-01, -4.664183631238007e-01, -7.514298635714496e+00
s468        , -1.945030486126850e+01, -1.888726269486165e+01,  3.700440528634361e-01, -3.665279876770607e-01, -8.095426605077581e+00
s469        , -2.270314762369042e+01, -2.263112010424736e+01,  3.366336633663367e-01, -2.630866940398484e-01, -1.296494835528703e+01
s470        , -2.119907484802825e+01, -2.154377262820326e+01,  3.215859030837004e-01, -2.473916090501790e-01, -1.136126339864933e+01
s471        , -1.972012875359749e+01, -1.967371319037173e+01,  3.950000000000000e-01, -4.976631999454882e-01, -9.883032451461887e+00
s472        , -1.766462305551830e+01, -1.771500784762110e+01,  2.008032128514056e-01, -4.749488426006153e-01, -7.458556677480913e+00
s473        , -2.127822401317911e+01, -2.149438600231793e+01,  2.291666666666667e-01, -2.952686139157237e-01, -1.179587172923805e+01
s474        , -1.654177405306909e+01, -1.692590911534570e+01,  2.805755395683453e-01, -4.604571080765587e-01, -6.042243908621086e+00
s475        , -2.297159509003216e+01, -2.302833957692275e+01,  2.629107981220657e-01, -2.937679311041633e-01, -1.389466674131466e+01
s476        , -2.252587602064435e+01, -2.298252247142981e+01,  4.950000000000000e-01, -7.358551548727732e-02, -1.200601819195654e+01
s477        , -2.178946083596680e+01, -2.120876203558117e+01,  6.688963210702341e-02, -8.987952333957305e-02, -1.066934703007967e+01
s478        , -1.788602657411998e+01, -1.833485802307540e+01,  2.794759825327511e-01, -2.730213018111988e-01, -7.021562508499425e+00
s479        , -1.952938513246325e+01, -1.892181966042954e+01,  1.982378854625551e-01, -4.185897448305386e-01, -8.879311040127705e+00
s480        , -2.203955610850313e+01, -2.191551854223459e+01,  4.262295081967213e-01, -2.262892492769189e-01, -1.150461480693502e+01
s481        , -1.615402914764109e+01, -1.645128368084496e+01,  6.214689265536723e-02, -5.637040256756332e-01, -6.502418722064286e+00
s482        , -2.215324565636576e+01, -2.238849268920556e+01,  3.773584905660378e-01, -1.063923548055459e-01, -1.164326562185104e+01
s483        , -2.217560840271064e+01, -2.183832079030168e+01,  4.219409282700422e-01, -3.009821934504353e-01, -1.181947381703416e+01
s484        , -2.403070638423247e+01, -2.446089293389412e+01,  5.580110497237569e-01, -2.655339004244038e-01, -1.502205282792117e+01
s485        , -1.896886917982663e+01, -1.855897874195589e+01,  1.023890784982935e-01, -5.361537597601371e-01, -9.260772958175391e+00
s486        , -2.293847835350512e+01, -2.276338886005326e+01,  3.225806451612903e-01, -3.575006098173253e-01, -1.371418549747239e+01
s487        , -1.935879902533930e+01, -1.986138750901448e+01,  1.750000000000000e-01, -1.382295664071825e-01, -8.729236224150245e+00
s488        , -2.071941340396909e+01, -2.045540305426331e+01,  3.724489795918368e-01, -4.446964018862039e-01, -1.076621802515381e+01
s489        , -2.120929532988995e+01, -2.114788894745212e+01,  3.084112149532710e-01, -4.321207902527678e-01, -1.185338917077828e+01
s490        , -2.336106814107168e+01, -2.288665421075122e+01,  4.093264248704663e-01, -3.445000472600191e-01, -1.359339112007403e+01
s491        , -1.878377211600346e+01, -1.875842093942413e+01,  2.798165137614679e-01, -4.337956289652574e-01, -8.518193379833464e+00
s492        , -2.196689093989351e+01, -2.221095702985494e+01,  1.867704280155642e-01, -1.745155037383641e-01, -1.226149602330035e+01
s493        , -2.118321097196467e+01, -2.057122132002115e+01,  1.361702127659574e-01, -4.308159848580129e-02, -9.317951649600525e+00
s494        , -2.014379663919148e+01, -2.006585554868820e+01,  8.333333333333333e-02, -4.111838626708326e-01, -1.077316783625741e+01
s495        , -1.971897958689983e+01, -1.970930939667898e+01,  3.640776699029126e-01, -4.680688579572612e-01, -9.850085398556068e+00
s496        , -2.171934681583978e+01, -2.111479911958064e+01,  3.101851851851852e-01, -3.133296277136595e-01, -1.114273342233367e+01
s497        , -1.930074135275753e+01, -1.921090697511660e+01,  2.869955156950673e-01, -4.108179272103596e-01, -9.019536559851536e+00
s498        , -2.146882601091719e+01, -2.176087756469610e+01,  1.658986175115207e-01, -1.112177518758444e-01, -1.132071490720637e+01
s499        , -1.852368794388046e+01, -1.858375803063613e+01,  3.004484304932735e-01, -4.124311410026523e-01, -8.096300266253850e+00
s500        , -2.050589701281523e+01, -2.082717524410304e+01,  1.481481481481481e-01, -1.374583424408614e-01, -1.017640435835975e+01
s501        , -2.141899489528082e+01, -2.139571514880394e+01,  1.235955056179775e-01, -1.250044391684096e-01, -1.098447280012581e+01
s502        , -1.777920620854658e+01, -1.760045277753685e+01,  1.898148148148148e-01, -4.285797756730119e-01, -7.066047625099189e+00
s503        , -2.264989988763092e+01, -2.280387615281414e+01,  3.626943005181347e-01, -2.239488705919783e-01, -1.292747623885129e+01
s504        , -1.994570445298742e+01, -1.998891512757977e+01,  2.500000000000000e-01, -4.384924782289652e-01, -1.038209671925043e+01
s505        , -2.256898602446125e+01, -2.251292539858315e+01,  4.086021505376344e-01, -2.605978280478899e-01, -1.259531949574046e+01
s506        , -2.050664132584332e+01, -2.016462194058635e+01,  2.262443438914027e-01, -4.135137275433322e-01, -1.055660937463169e+01
s507        , -2.255451727781655e+01, -2.202093013405457e+01,  8.532423208191127e-02, -2.067710104268150e-02, -1.139977218480564e+01
s508        , -2.063695726234980e+01, -2.018049762213805e+01,  2.770562770562771e-01, -5.309256707330565e-01, -1.109855332200583e+01
s509        , -2.049565878814769e+01, -2.050543529783143e+01,  1.666666666666667e-01, -2.920012581935938e-01, -1.052499448487078e+01
s510        , -1.886667658587990e+01, -1.911694042496138e+01,  1.563786008230453e-01, -2.059809608968908e-01, -8.088139779869472e+00
s511        , -2.270091090950000e+01, -2.329358289281856e+01,  2.300469483568075e-01, -8.684125739822313e-02, -1.321199071817725e+01
s512        , -2.052865138648571e+01, -2.065996733281951e+01,  1.377952755905512e-01, -3.721192586038230e-01, -1.126525832454801e+01
s513        , -1.872228566034903e+01, -1.876535661747209e+01,  3.412322274881517e-01, -4.928630911215450e-01, -8.696308047327415e+00
s514        , -2.338235400416073e+01, -2.361167594296190e+01,  5.251396648044693e-01, -2.684631952864441e-01, -1.390858527168795e+01
s515        , -2.063189590001077e+01, -2.071213849577816e+01,  1.056603773584906e-01, -4.341764645070202e-01, -1.176738991405920e+01
s516        , -2.353360034901451e+01, -2.347740788114757e+01,  2.740384615384616e-01, -1.469052961189886e-01, -1.369391896894996e+01
s517        , -2.274108402549141e+01, -2.271475288230288e+01,  4.670329670329670e-01, -2.911663997249819e-01, -1.290198555291937e+01
s518        , -2.095244706423326e+01, -2.111600290527597e+01,  1.474103585657371e-01, -4.476397499486861e-01, -1.231154329380962e+01
s519        , -2.165153402286209e+01, -2.119584651180023e+01,  9.195402298850575e-02,  1.230931552702352e-02, -1.001918951702492e+01
s520        , -1.917430642162448e+01, -1.991088491541469e+01,  1.904761904761905e-01, -2.059268099262772e-01, -9.135289160141779e+00
s521        , -2.048146586988528e+01, -1.995975590101504e+01,  4.672897196261682e-01, -3.554411968350492e-01, -9.316086515471948e+00
s522        , -1.837039701152461e+01, -1.823852089189757e+01,  2.392156862745098e-01, -5.595175488014279e-01, -8.576841378622152e+00
s523        , -2.237538522976599e+01, -2.242900603058144e+01,  3.333333333333333e-01, -2.775028025115647e-01, -1.276428037883823e+01
s524        , -2.219430447580721e+01, -2.236919478157665e+01,  4.497607655502392e-01, -5.264811016888860e-02, -1.112978846434915e+01
s525        , -2.096151325596525e+01, -2.082291212660551e+01,  3.200000000000000e-01, -3.976424444792827e-01, -1.116718285979908e+01
s526        , -2.193172581512368e+01, -2.209935681198041e+01,  5.409836065573771e-01, -2.804462744473539e-01, -1.177021207705845e+01
s527        , -2.063376120076111e+01, -2.127156556172665e+01,  5.025125628140703e-01, -1.357366271533340e-01, -9.883252339734259e+00
s528        , -1.776721144005281e+01, -1.808590566585382e+01,  3.731343283582089e-01, -4.228414357797666e-01, -7.253151563205312e+00
s529        , -2.226349149791107e+01, -2.276484828384899e+01,  3.913043478260870e-01, -2.063012263906257e-01, -1.269955052780076e+01
s530        , -2.300566448791293e+01, -2.246008450570537e+01,  3.470319634703196e-01, -4.033786308226138e-01, -1.347119975807825e+01
s531        , -1.846679125419261e+01, -1.794472443600372e+01,  1.885245901639344e-01, -3.945901945782659e-01, -7.373477184808237e+00
s532        , -1.859817726729017e+01, -1.909182779484626e+01,  1.338289962825279e-01, -4.456612920650703e-01, -9.439770963016503e+00
s533        , -2.134099683522431e+01, -2.218278823345932e+01,  2.500000000000000e-01, -1.891450740114404e-01, -1.213826650434723e+01
s534        , -2.286936511308830e+01, -2.289825514134947e+01,  4.566210045662100e-01, -3.268587043953106e-01, -1.338945887335552e+01
s535        , -1.777040539985326e+01, -1.790714750074656e+01,  1.275720164609054e-01, -4.589947320530831e-01, -7.834988141126578e+00
s536        , -1.995222678224889e+01, -2.012726666494982e+01,  2.366071428571428e-01, -3.451133911778755e-01, -1.009698999857463e+01
s537        , -2.015268820600640e+01, -2.082375462123934e+01,  1.652542372881356e-01, -1.520635298741957e-01, -1.020811575176552e+01
s538        , -1.740140208992538e+01, -1.773209956144063e+01,  1.921397379912664e-01, -4.583039721935007e-01, -7.413190055448432e+00
s539        , -1.924950405987826e+01, -1.983246805112617e+01,  1.433823529411765e-01, -4.023753357901798e-01, -1.023461177156364e+01
s540        , -2.157643164881004e+01, -2.151941426263187e+01,  1.048387096774194e-01, -8.259427914834583e-03, -1.056275258601134e+01
s541        , -1.586673793577160e+01, -1.604388515754191e+01,  8.247422680412371e-02, -4.927250154013028e-01, -5.473216861631753e+00
s542        , -2.009907109345192e+01, -1.980631871051541e+01,  2.456140350877193e-01, -4.780356083339941e-01, -1.035150208193193e+01
s543        , -1.879069098033760e+01, -1.841973297572682e+01,  4.132231404958678e-01, -4.853033702906601e-01, -7.973114182312696e+00
s544        , -2.248614661420541e+01, -2.224966277337178e+01,  2.723577235772358e-01, -2.786036493799016e-02, -1.128159574653468e+01
s545        , -1.987972862262733e+01, -2.018407237499993e+01,  1.901140684410646e-01, -1.646074667984338e-01, -9.297964397868936e+00
s546        , -2.126472237694319e+01, -2.095884742678382e+01,  4.890109890109891e-01, -4.386275136123554e-01, -1.115043355748523e+01
s547        , -1.738356621674509e+01, -1.770317957387199e+01,  3.607843137254902e-01, -4.233596882077463e-01, -6.740491761444876e+00
s548        , -1.943625792183643e+01, -1.990483194162620e+01,  2.471910112359550e-01, -2.610474163207843e-01, -9.285131422578687e+00
s549        , -2.233202963006129e+01, -2.300310874585197e+01,  5.714285714285714e-01, -2.206819664334470e-01, -1.265284285284030e+01
s550        , -2.412763530103872e+01, -2.411460182885553e+01,  3.842105263157894e-01, -2.154071052277713e-01, -1.469957536125677e+01
s551        , -1.731823103856605e+01, -1.715556055580276e+01,  9.931506849315068e-02, -4.758160381514450e-01, -6.926262924618150e+00
s552        , -2.060923402045430e+01, -2.124017948369033e+01,  2.820512820512820e-01, -2.647232921338283e-01, -1.112558451621372e+01
s553        , -1.992869680942914e+01, -1.987690395104297e+01,  2.557077625570776e-01, -3.835497609824670e-01, -9.902366885102170e+00
s554        , -1.812921854031919e+01, -1.786519940323434e+01,  2.096774193548387e-01, -4.577335297373394e-01, -7.554954347968327e+00
s555        , -2.102602816640752e+01, -2.015635795665237e+01,  1.349206349206349e-01, -6.978764534514514e-02, -8.875726277657687e+00
s556        , -1.941820686683750e+01, -1.974469057896609e+01,  3.671497584541062e-01, -2.387327882899860e-01, -8.621040612319311e+00
s557        , -2.190718211184164e+01, -2.136789928490817e+01,  2.784810126582278e-01, -2.262956292635812e-01, -1.110449378753293e+01
s558        , -1.909304407213536e+01, -1.912531410539033e+01,  3.492822966507177e-01, -4.103300605552777e-01, -8.732767121966974e+00
s559        , -2.023025085829861e+01, -1.997844756207373e+01,  3.696682464454977e-01, -5.243444840338707e-01, -1.053269817174680e+01
s560        , -2.107002513254548e+01, -2.112531163779245e+01,  1.818181818181818e-01, -4.316374897502018e-01, -1.214685538521250e+01
s561        , -2.121559386756793e+01, -2.100197816995672e+01,  1.277533039647577e-01, -4.144664809596588e-02, -9.947018244986783e+00
s562        , -1.764234380631898e+01, -1.793642481721233e+01,  1.392857142857143e-01, -4.690141431542804e-01, -7.902043311840892e+00
s563        , -1.646928563220792e+01, -1.647766860439034e+01,  1.474358974358974e-01, -6.144921926551987e-01, -6.600510551368023e+00
s564        , -1.863449571719480e+01, -1.811083075413530e+01,  7.407407407407407e-02, -4.027899329589348e-01, -7.953542304257194e+00
s565        , -2.028655126138008e+01, -2.031279029179893e+01,  3.463414634146341e-01, -4.780820566242288e-01, -1.081504209532140e+01
s566        , -1.821002786093300e+01, -1.816252314109357e+01,  2.831858407079646e-01, -4.877850441444059e-01, -7.956263034809412e+00
s567        , -2.066943738863287e+01, -2.105388826166422e+01,  3.602150537634409e-01, -3.832417807242136e-01, -1.131345418930269e+01
s568        , -2.062629415098700e+01, -2.056291164631411e+01,  3.645320197044335e-01, -4.716099839261124e-01, -1.108981291689716e+01
s569        , -2.065075063553067e+01, -2.103697915172961e+01,  2.196078431372549e-01, -2.834058565821095e-01, -1.110046834573230e+01
s570        , -2.031634942577389e+01, -2.028501197997703e+01,  2.233009708737864e-01, -4.198385344294662e-01, -1.077156287935978e+01
s571        , -2.047206271335130e+01, -2.030037321596375e+01,  2.105263157894737e-01, -4.181272206064893e-01, -1.081719524931754e+01
s572        , -2.393038589894997e+01, -2.338142880490313e+01,  3.691588785046729e-01, -3.919654770743699e-01, -1.466869444505583e+01
s573        , -1.926109501090367e+01, -1.895271051038083e+01,  2.325581395348837e-01, -4.182575173017395e-01, -8.832620552020424e+00
s574        , -2.085894290369713e+01, -2.030367474274149e+01,  3.484162895927602e-01, -6.090369526902807e-01, -1.152277706788294e+01
s575        , -2.021973442813006e+01, -2.079750300088896e+01,  1.312217194570136e-01, -2.519662032012981e-01, -1.081282676774100e+01
s576        , -1.844714179521902e+01, -1.857303652097998e+01,  4.162679425837320e-01, -4.540521617497805e-01, -8.011258099318201e+00
s577        , -1.949977509463960e+01, -1.934105857549077e+01,  2.465753424657534e-01, -3.264249553843336e-01, -8.842649926630134e+00
s578        , -2.108198153892643e+01, -2.091020655699290e+01,  1.445783132530120e-01, -2.922915541479854e-01, -1.116302937997828e+01
s579        , -2.029210259566103e+01, -2.027358219229252e+01,  3.413461538461539e-01, -5.001463196609079e-01, -1.089425538382538e+01
s580        , -2.195204710511243e+01, -2.165802392898483e+01,  8.267716535433071e-02, -2.483724801495950e-01, -1.215001806911388e+01
s581        , -2.000078291173359e+01, -2.025040696940455e+01,  3.834196891191710e-01, -4.761052993849172e-01, -1.061862716519316e+01
s582        , -2.354247422413414e+01, -2.330160072029124e+01,  2.201834862385321e-01, -8.794869539360017e-02, -1.325519384405906e+01
s583        , -1.881717670098672e+01, -1.914676952595418e+01,  1.498127340823970e-01, -4.438341867051895e-01, -9.466775860766971e+00
s584        , -2.079214981383572e+01, -2.064808209740089e+01,  4.382022471910113e-01, -4.283896330474876e-01, -1.078086776619051e+01
s585        , -2.214462266832296e+01, -2.232839034080913e+01,  4.179894179894180e-01, -2.268133610485779e-01, -1.211960629508116e+01
s586        , -1.671124709479596e+01, -1.662077530979751e+01,  2.127659574468085e-01, -4.821723134132633e-01, -5.902027839326429e+00
s587        , -1.722924462132460e+01, -1.723177138786235e+01,  3.408071748878924e-01, -4.396886694547135e-01, -6.208413275891877e+00
s588        , -2.306180681354529e+01, -2.283963233502959e+01,  1.904761904761905e-01, -4.998357641429541e-02, -1.246079915782977e+01
s589        , -2.054966159202169e+01, -2.093581960715281e+01,  1.821305841924399e-01, -3.154100038654870e-01, -1.123043898790711e+01
s590        , -2.302597507766974e+01, -2.307794550051867e+01,  1.893004115226337e-01, -1.835506440803173e-01, -1.354545521841062e+01
s591        , -2.031576031139625e+01, -2.037447945409784e+01,  2.017167381974249e-01, -4.312038575283303e-01, -1.101858900433693e+01
s592        , -1.675983730084032e+01, -1.660308347621989e+01,  2.695312500000000e-01, -4.140824864744721e-01, -5.351871081703093e+00
s593        , -1.833051427645905e+01, -1.888351676345851e+01,  9.090909090909091e-02, -1.293301341387995e-01, -7.498998880232804e+00
s594        , -1.700453572465554e+01, -1.706754099505851e+01,  2.543859649122807e-01, -4.862330701311671e-01, -6.455760275889617e+00
s595        , -2.121342929627275e+01, -2.080683838651662e+01,  3.717277486910995e-01, -1.865492397594100e-01, -9.839440938568323e+00
s596        , -1.895402289388661e+01, -1.914262029174164e+01,  3.167420814479638e-01, -2.661866707652306e-01, -8.042662031457425e+00
s597        , -2.389559541191659e+01, -2.416613976209841e+01,  2.692307692307692e-01, -7.617065753613894e-02, -1.429954706295001e+01
s598        , -1.923753651242740e+01, -1.945965305171194e+01,  2.342342342342342e-01, -2.406177441674107e-01, -8.568534418886793e+00
s599        , -2.358158831573873e+01, -2.317487291168325e+01,  3.819095477386935e-01, -2.825049392109920e-01, -1.373311652708509e+01
s600        , -1.942143232536245e+01, -2.008479191577302e+01,  8.852459016393442e-02, -1.906015320644158e-01, -9.563637304648797e+00
s601        , -2.073803555561576e+01, -2.063972530582746e+01,  4.050000000000000e-01, -3.956790678523175e-01, -1.067367151710214e+01
s602        , -1.821856306700227e+01, -1.825256326455438e+01,  4.832535885167464e-01, -3.853345509445635e-01, -6.997906240749920e+00
s603        , -1.722454836479658e+01, -1.721337583320453e+01,  1.517509727626459e-01, -4.767968713800083e-01, -6.878373562135243e+00
s604        , -1.805154515236764e+01, -1.778390468388626e+01,  8.239700374531835e-02, -3.250192576606553e-01, -7.032959519864177e+00
s605        , -2.021935755598555e+01, -1.984202422376908e+01,  4.184100418410042e-01, -4.020189209114968e-01, -9.532742949455576e+00
s606        , -1.827906736534894e+01, -1.804133209877839e+01,  1.913043478260870e-01, -5.425266021116696e-01, -8.324808518104808e+00
s607        , -2.237721630921111e+01, -2.248364116594509e+01,  1.741071428571428e-01, -9.648015918665220e-02, -1.225177229070712e+01
s608        , -2.098562136420296e+01, -2.134509210291379e+01,  2.217573221757322e-01, -2.520777492136185e-01, -1.136199852609270e+01
s609        , -1.946776205882490e+01, -1.938030265037827e+01,  3.080357142857143e-01, -5.039162591197144e-01, -9.723547025534764e+00
s610        , -2.069261977150295e+01, -2.061679001973724e+01,  1.073825503355705e-01, -1.247467705119795e-01, -9.910680891558098e+00
s611        , -2.170289912291919e+01, -2.142205771119153e+01,  1.046931407942238e-01, -4.741776000074149e-02, -1.064097724630550e+01
s612        , -1.930046031145336e+01, -1.925957960817483e+01,  5.076923076923077e-01, -4.530131353324029e-01, -8.750548879962508e+00
s613        , -2.385958137896088e+01, -2.395999511672273e+01,  4.086021505376344e-01, -2.033468062508634e-01, -1.434821532286192e+01
s614        , -1.933674081040147e+01, -1.928316216244115e+01,  4.126213592233010e-01, -5.023937589036334e-01, -9.304773724975346e+00
s615        , -1.973716697922491e+01, -1.965335655477999e+01,  2.232142857142857e-01, -3.949862956250486e-01, -9.730253820541781e+00
s616        , -1.815004309366292e+01, -1.775205157720550e+01,  1.021126760563380e-01, -4.421883845672143e-01, -7.585950092323888e+00
s617        , -1.832352306169715e+01, -1.841331714388619e+01,  4.208333333333333e-01, -3.765630821649519e-01, -7.341212660143291e+00
s618        , -1.700993990522181e+01, -1.698726620947335e+01,  6.940063091482650e-02, -4.845286185114396e-01, -6.811405791448840e+00
s619        , -2.331208521979489e+01, -2.332055758144451e+01,  4.700000000000000e-01, -9.128956308187797e-02, -1.265268757059862e+01
s620        , -2.294394567846179e+01, -2.337784844758453e+01,  3.736842105263158e-01, -2.237926901074394e-01, -1.371929338169770e+01
s621        , -2.117716243218820e+01, -2.134703859280873e+01,  3.217821782178218e-01, -4.485076068918628e-01, -1.219449318064440e+01
s622        , -2.002792552777272e+01, -1.958344375939247e+01,  2.076271186440678e-01, -1.539756137374972e-01, -8.334237003142835e+00
s623        , -1.988853831837967e+01, -1.969092021728040e+01,  3.842364532019704e-01, -4.914988781173688e-01, -9.901395338720841e+00
s624        , -2.364575476956619e+01, -2.325842108222519e+01,  3.333333333333333e-01, -2.118555335483158e-01, -1.358692385223009e+01
s625        , -2.144171537166414e+01, -2.133079738451494e+01,  3.274336283185840e-01, -5.112280398115521e-02, -9.953049126365526e+00
s626        , -2.037069722396305e+01, -2.024189510547860e+01,  2.631578947368421e-01, -4.239057993047143e-01, -1.062901835756477e+01
s627        , -1.998545144661707e+01, -1.992537422815865e+01,  2.702702702702703e-01, -4.777188924549605e-01, -1.045611051970729e+01
s628        , -2.158119065398551e+01, -2.137798295999418e+01,  3.415841584158416e-01, -2.155625075008141e-01, -1.089568201345406e+01
s629        , -1.843917864187274e+01, -1.803350395585753e+01,  1.043165467625899e-01, -4.164699926338374e-01, -7.840301714049640e+00
s630        , -1.962256463480217e+01, -1.977689529952420e+01,  1.069958847736626e-01, -4.136137662980876e-01, -1.031182622286166e+01
s631        , -2.101091990223662e+01, -2.075447101747887e+01,  2.909090909090909e-01, -2.705753095981066e-01, -1.044013744914533e+01
s632        , -2.022844039713042e+01, -2.003447527754540e+01,  4.728260869565217e-01, -4.121105812563779e-01, -9.722863479227545e+00
s633        , -2.473876586737651e+01, -2.509575683770519e+01,  4.812834224598931e-01, -1.823811853532470e-01, -1.566834865325447e+01
s634        , -2.051539403555230e+01, -2.040688708440543e+01,  2.478260869565218e-01, -4.472352253786530e-01, -1.103421959854932e+01
s635        , -2.382235458298951e+01, -2.438756721339916e+01,  5.649717514124294e-01, -1.804368172103403e-01, -1.442721104583367e+01
s636        , -1.910586081968059e+01, -1.971748805813709e+01,  2.703703703703704e-01, -2.658077701411885e-01, -8.983351187455018e+00
s637        , -1.917066616024459e+01, -1.899208304210608e+01,  3.557692307692308e-01, -5.004598538422257e-01, -9.025099678613330e+00
s638        , -2.192001400012589e+01, -2.164745267426115e+01,  2.790697674418605e-01, -1.611234374521311e-01, -1.114154305789335e+01
s639        , -2.010078758798683e+01, -1.971512828969290e+01,  1.646090534979424e-01, -3.766416177867509e-01, -9.868961276039881e+00
s640        , -1.983289623130970e+01, -1.985205603181771e+01,  3.512195121951219e-01, -3.919956266137983e-01, -9.665842532717827e+00
s641        , -2.307886864739055e+01, -2.300959321994986e+01,  3.679245283018868e-01, -2.185819815771888e-01, -1.317847091716283e+01
s642        , -2.260273435105626e+01, -2.289710885934050e+01,  3.285024154589372e-01, -1.533048333725954e-01, -1.275784881998636e+01
s643        , -2.012782689900612e+01, -1.974613761077337e+01,  3.333333333333333e-01, -4.902474607078883e-01, -1.010552615038444e+01
s644        , -1.902512926743999e+01, -1.872883788280638e+01,  4.247787610619469e-01, -3.505035451093336e-01, -7.637896556084943e+00
s645        , -2.049081123370357e+01, -2.022681941651341e+01,  2.142857142857143e-01, -4.152396851005202e-01, -1.068619441287451e+01
s646        , -2.159630341817387e+01, -2.219328806957367e+01,  3.812154696132597e-01, -2.564212874636926e-01, -1.218590214342217e+01
s647        , -2.046804100673445e+01, -2.033212831739754e+01,  4.210526315789473e-01, -4.816550830613928e-01, -1.066868275516551e+01
s648        , -2.112203592795417e+01, -2.060406190821363e+01,  1.235059760956175e-01, -2.917882851409569e-01, -1.077690237341242e+01
s649        , -2.130712394597167e+01, -2.182425869849944e+01,  4.153005464480874e-01, -3.056982248732185e-01, -1.184273436418019e+01
s650        , -1.872664219670308e+01, -1.878549832730743e+01,  4.098360655737705e-01, -4.095137324018158e-01, -8.084949498710900e+00
s651        , -2.286060777226206e+01, -2.272297475988213e+01,  3.253588516746411e-01, -4.010714410632425e-01, -1.389076119097623e+01
s652        , -2.513277458672901e+01, -2.527039362367003e+01,  4.285714285714285e-01, -2.135367433310071e-01, -1.622772939207211e+01
s653        , -2.212366926194319e+01, -2.192118876701908e+01,  1.814516129032258e-01, -7.993285562553065e-02, -1.133624530244662e+01
s654        , -2.219498706816524e+01, -2.203698432686043e+01,  2.217898832684825e-01, -2.060888240416924e-01, -1.209680790470171e+01
s655        , -2.136195741190379e+01, -2.149338329239619e+01,  1.782945736434109e-01, -1.310467196364968e-01, -1.101579642983101e+01
s656        , -2.204727614381470e+01, -2.163120377706505e+01,  3.364055299539170e-01, -3.024024561882661e-01, -1.175294503851914e+01
s657        , -2.036339525797458e+01, -2.010623674251527e+01,  3.236714975845411e-01, -4.387101570356974e-01, -1.036001664143494e+01
s658        , -1.602366185676991e+01, -1.615413383454796e+01,  2.946058091286307e-01, -4.680509092082890e-01, -4.943752136003024e+00
s659        , -1.871169938684588e+01, -1.882431682735008e+01,  1.818181818181818e-01, -4.490103925237416e-01, -8.951098505218560e+00
s660        , -2.183022460938435e+01, -2.165748873160104e+01,  5.649717514124294e-01, -4.226852475508269e-01, -1.186451400255664e+01
s661        , -2.183692812512830e+01, -2.240250538522816e+01,  4.915254237288135e-01, -2.448616398163917e-01, -1.213493374987459e+01
s662        , -1.575332316936146e+01, -1.573351422298314e+01,  1.811594202898551e-01, -4.586800833086712e-01, -4.584337555889666e+00
s663        , -2.161244100467384e+01, -2.175871102708144e+01,  3.413461538461539e-01, -2.696810137157843e-01, -1.174111017831492e+01
s664        , -1.792030659393350e+01, -1.784272660972479e+01,  3.273542600896861e-01, -4.820150273320811e-01, -7.352130790700963e+00
s665        , -2.036353189911458e+01, -2.024785826775215e+01,  1.085271317829457e-01, -2.020565209098653e-01, -9.808562718110693e+00
s666        , -1.896012969757172e+01, -1.835101711541877e+01,  1.880341880341880e-01, -4.099670075405941e-01, -8.041308983521292e+00
s667        , -1.834472710605888e+01, -1.896575756300052e+01,  3.737373737373738e-01, -3.151235185906218e-01, -7.913105102643865e+00
s668        , -2.315183675604283e+01, -2.306033817001301e+01,  4.257425742574258e-01, -1.014387688075377e-01, -1.245149033221666e+01
s669        , -2.168824836514504e+01, -2.159170525722832e+01,  5.681818181818182e-01, -3.956818310620684e-01, -1.161233027872688e+01
s670        , -1.765957516951316e+01, -1.761503628666700e+01,  9.688581314878893e-02, -4.671208971588088e-01, -7.541733696353543e+00
s671        , -1.925271531654228e+01, -1.953715680035419e+01,  1.520737327188940e-01, -3.001386323276171e-01, -9.222638213209352e+00
s672        , -2.010246672918431e+01, -2.011658152895102e+01,  1.048689138576779e-01, -5.219901514662573e-02, -8.799255929694205e+00
s673        , -2.045224673553428e+01, -2.043053538290240e+01,  3.910891089108911e-01, -4.896292948265371e-01, -1.093143510873070e+01
s674        , -1.961862741224291e+01, -1.961831734295356e+01,  3.062200956937799e-01, -4.011473380913217e-01, -9.498925824596467e+00
s675        , -1.819835804307071e+01, -1.837948742451167e+01,  2.772727272727273e-01, -4.415073571992621e-01, -8.025405916215549e+00
s676        , -2.030955144796039e+01, -2.004310956519838e+01,  3.396226415094339e-01, -4.973727180277701e-01, -1.055360409706484e+01
s677        , -1.708028116046972e+01, -1.734291504158629e+01,  3.192307692307693e-01, -4.503435180990617e-01, -6.482492090620548e+00
s678        , -1.996975063415185e+01, -1.964394700977601e+01,  2.126696832579185e-01, -4.116561996971848e-01, -9.836586063232568e+00
s679        , -2.075675552323975e+01, -2.067886229476041e+01,  2.938388625592417e-01, -4.094213652790820e-01, -1.109427816898265e+01
s680        , -1.844365265503332e+01, -1.859877761272650e+01,  2.016806722689076e-01, -4.312891132034532e-01, -8.478613674146246e+00
s681        , -1.908965101407623e+01, -1.920011536160286e+01,  8.469055374592833e-02, -2.396520797622200e-01, -8.579846547738853e+00
s682        , -2.132701003782740e+01, -2.152067601140718e+01,  1.910569105691057e-01, -3.865149426206628e-01, -1.243833343241242e+01
s683        , -2.134055790648813e+01, -2.090761891747730e+01,  2.801556420233463e-01,  2.089076510847332e-02, -9.070937078758149e+00
s684        , -2.228765611405496e+01, -2.201252141391647e+01,  3.526570048309179e-01, -2.543609420767654e-01, -1.198994534774250e+01
s685        , -2.220524684044785e+01, -2.256552926475330e+01,  1.562500000000000e-01, -2.139769630546315e-01, -1.306679570085190e+01
s686        , -2.092862014660340e+01, -2.089691991044755e+01,  3.396226415094339e-01, -4.754498553299885e-01, -1.165360740954877e+01
s687        , -2.266843571203506e+01, -2.265211419891646e+01,  3.921568627450981e-01, -9.668607740137458e-02, -1.192821850788936e+01
s688        , -1.791243182954496e+01, -1.827134512643839e+01,  8.771929824561403e-02, -2.297349043023822e-01, -7.188181400386313e+00
s689        , -2.022924986754604e+01, -2.038270565225430e+01,  3.439153439153439e-01, -4.330293047241627e-01, -1.067154368553422e+01
s690        , -1.926971843911773e+01, -1.878722872916329e+01,  3.861003861003861e-01, -4.790389919094245e-01, -8.534533493000341e+00
s691        , -1.839442212707931e+01, -1.896520178456083e+01,  2.319391634980989e-01, -2.572825222941058e-01, -7.959473173588689e+00
s692        , -1.811967055159425e+01, -1.834940505344633e+01,  3.267326732673267e-01, -4.453107857184496e-01, -7.875131957247500e+00
s693        , -1.897178714286070e+01, -1.898089871897882e+01,  3.691588785046729e-01, -5.048596379009456e-01, -8.998755590765743e+00
s694        , -2.117746495604092e+01, -2.063551572705557e+01,  3.300000000000000e-01, -1.561478705462365e-01, -9.534009627831974e+00
s695        , -2.262578130233349e+01, -2.209436569684552e+01,  2.310756972111554e-01, -3.959889389136509e-01, -1.320783069114257e+01
s696        , -2.110358706695218e+01, -2.104644372408159e+01,  4.428571428571428e-01, -1.009597211338801e-01, -9.523100018163483e+00
s697        , -2.080079623838923e+01, -2.064809376191266e+01,  3.333333333333333e-01, -4.502285636852182e-01, -1.117406829166096e+01
s698        , -2.284382050270110e+01, -2.274442132780349e+01,  3.116279069767442e-01, -3.484469725147730e-01, -1.366526179888110e+01
s699        , -1.710021253686445e+01, -1.731693911880253e+01,  1.933085501858736e-01, -4.806059907299403e-01, -6.939844239588400e+00
s700        , -1.768315556313765e+01, -1.726084667435671e+01,  1.111111111111111e-01, -4.997483183912962e-01, -7.179000634328258e+00
s701        , -1.903295584190279e+01, -1.948682243991536e+01,  1.855670103092784e-01, -2.167868974036513e-01, -8.601529623294830e+00
s702        , -1.837939645173277e+01, -1.830749599177039e+01,  2.086956521739130e-01, -4.611415288010022e-01, -8.209204255773194e+00
s703        , -2.091048572489854e+01, -2.025921600569595e+01,  4.081632653061225e-01, -1.738205981634609e-01, -8.890829264750003e+00
s704        , -2.101614044515869e+01, -2.096749690943879e+01,  2.654028436018958e-01, -4.261380107098854e-01, -1.167370856570643e+01
s705        , -1.998067347119072e+01, -1.995801182085038e+01,  5.126903553299492e-01, -4.058176401403690e-01, -9.475141564452654e+00
s706        , -2.205053681559340e+01, -2.197531695467921e+01,  2.533936651583710e-01, -1.556175615518844e-01, -1.164671323157645e+01
s707        , -2.095566328486310e+01, -2.076782002952736e+01,  2.600896860986547e-01, -4.606893825418565e-01, -1.159340222120590e+01
s708        , -2.098548818691052e+01, -2.060556859414887e+01,  3.076923076923077e-01, -5.742271092828672e-01, -1.186733882983461e+01
s709        , -2.115794840593145e+01, -2.154867205247103e+01,  1.368821292775665e-01, -3.431680832153869e-01, -1.237858227520259e+01
s710        , -2.144561556804213e+01, -2.199412106109639e+01,  5.235602094240838e-01, -1.605520226093057e-01, -1.100002651476412e+01
s711        , -2.158487030708884e+01, -2.175119010066730e+01,  3.047619047619048e-01, -8.793913217876248e-02, -1.081748866138720e+01
s712        , -1.701606937532507e+01, -1.706285891992067e+01,  1.791044776119403e-01, -4.856893204123294e-01, -6.641365648859635e+00
s713        , -2.069677260469373e+01, -2.056668684457303e+01,  3.285024154589372e-01, -4.507134500098201e-01, -1.107282001203595e+01
s714        , -1.667903695847065e+01, -1.659975619951447e+01,  2.345679012345679e-01, -4.505423346162861e-01, -5.639997816394264e+00
s715        , -1.903979308955687e+01, -1.910664171496159e+01,  2.543859649122807e-01, -4.657440348281677e-01, -9.259539324734103e+00
s716        , -1.775292931769286e+01, -1.778058486740218e+01,  3.588516746411483e-01, -4.530042032163331e-01, -7.020634001348519e+00
s717        , -1.980553907801730e+01, -2.049284891165291e+01,  1.654411764705882e-01, -2.882936922006147e-01, -1.048960750037225e+01
s718        , -2.205506805307129e+01, -2.173507430665934e+01,  2.047244094488189e-01, -3.801347288628424e-01, -1.267423889650590e+01
s719        , -2.211926724507942e+01, -2.231506737068811e+01,  2.522935779816514e-01, -1.395526068237157e-01, -1.204657493943304e+01
s720        , -2.227273745316376e+01, -2.261775308830948e+01,  1.792452830188679e-01, -7.659537241188619e-02, -1.232005517872270e+01
s721        , -1.785735939085095e+01, -1.787919761482548e+01,  1.557971014492754e-01, -4.647472117514221e-01, -7.753667158521099e+00
s722        , -2.185625504194673e+01, -2.172558286138171e+01,  2.290748898678414e-01, -7.159146982064979e-02, -1.088657350295470e+01
s723        , -2.033801839240394e+01, -1.985296507665380e+01,  4.009900990099010e-01, -5.521127527969288e-01, -1.042588029017335e+01
s724        , -2.101306363073858e+01, -2.100239326884225e+01,  3.184079601990050e-01, -2.002090231589117e-01, -1.033331057614634e+01
s725        , -1.977835943733275e+01, -2.049643760914714e+01,  2.851711026615970e-01, -1.447464168997852e-01, -9.388114113628390e+00
s726        , -1.782642809085736e+01, -1.801729844176155e+01,  4.149377593360996e-01, -4.100729490573145e-01, -6.975730917365100e+00
s727        , -2.098840179836340e+01, -2.059259376521691e+01,  3.333333333333333e-01, -5.610969079132976e-01, -1.170944078999645e+01
s728        , -2.135488943619893e+01, -2.099781674862202e+01,  3.762376237623762e-01, -2.972649433998936e-01, -1.071490890681295e+01
s729        , -1.830313789299144e+01, -1.887365708808515e+01,  2.723577235772358e-01, -3.004535739554414e-01, -7.963019568729139e+00
s730        , -1.974102380594271e+01, -1.962766290527692e+01,  2.644628099173554e-01, -4.132090754917639e-01, -9.687520576958160e+00
s731        , -1.858542568590836e+01, -1.839478431859108e+01,  4.587155963302753e-01, -3.757731675888726e-01, -7.212030837187947e+00
s732        , -1.728575125425960e+01, -1.783812115279144e+01,  1.168384879725086e-01, -4.662201391858486e-01, -7.804144459816922e+00
s733        , -2.189672381410002e+01, -2.239101452777749e+01,  3.381642512077295e-01, -1.511077377296606e-01, -1.199651585468736e+01
s734        , -1.907291800543370e+01, -1.914824718125914e+01,  8.148148148148149e-02, -3.110479928857576e-01, -8.909861997227729e+00
s735        , -2.104653345651221e+01, -2.069529049890732e+01,  5.168539325842697e-01, -4.051782367178023e-01, -1.051563681830563e+01
s736        , -1.839280423093862e+01, -1.884659266640666e+01,  1.660231660231660e-01, -2.141541843596568e-01, -7.721644838982652e+00
s737        , -2.165426899727042e+01, -2.184485280739724e+01,  4.975124378109453e-01, -1.542551996427572e-01, -1.081912948241146e+01
s738        , -1.806822955624155e+01, -1.836571774405267e+01,  1.328413284132841e-01, -3.593107599924459e-01, -7.924645766742081e+00
s739        , -1.955458939471557e+01, -2.016778920312505e+01,  2.958333333333333e-01, -2.157271328969816e-01, -9.283841392295018e+00
s740        , -1.834079412742093e+01, -1.824150677198305e+01,  1.370370370370370e-01, -4.039835529636512e-01, -7.983763918380458e+00
s741        , -2.108323768665554e+01, -2.094555018994236e+01,  3.589743589743590e-01, -4.359155009353031e-01, -1.145375302100798e+01
s742        , -1.784982580383593e+01, -1.788571349833429e+01,  2.731481481481481e-01, -4.877868061584065e-01, -7.586277219261503e+00
s743        , -2.007117762213282e+01, -2.011790563429089e+01,  9.642857142857143e-02, -4.295924421618410e-01, -1.091573905797303e+01
s744        , -2.048858578542649e+01, -2.064846600420575e+01,  2.644230769230769e-01, -3.827460929034650e-01, -1.097919179571247e+01
s745        , -2.120349313282904e+01, -2.136122002353275e+01,  4.835164835164835e-01, -2.538488516017816e-01, -1.071575485332368e+01
s746        , -1.892251493836264e+01, -1.892872449767743e+01,  4.926108374384237e-01, -4.586263451713556e-01, -8.347441148167261e+00
s747        , -2.116880416688591e+01, -2.123745914131039e+01,  5.405405405405406e-01, -3.349645848087091e-01, -1.084053308177088e+01
s748        , -2.167842994358758e+01, -2.151357240148339e+01,  4.232804232804233e-01, -4.177578711915475e-01, -1.199890731197939e+01
s749        , -2.059667445248301e+01, -2.091542808159077e+01,  5.128205128205128e-01, -2.440920769522399e-01, -9.947816699034249e+00
s750        , -2.032384862658092e+01, -2.002626073682168e+01,  2.788844621513944e-01, -5.626470650554712e-01, -1.104903822549633e+01
s751        , -2.236553637276776e+01, -2.175365196278829e+01,  9.552238805970148e-02, -1.739139083864568e-01, -1.184062697564049e+01
s752        , -1.716732359631470e+01, -1.709977352152244e+01,  6.953642384105960e-02, -4.631824855107557e-01, -6.853653770045149e+00
s753        , -2.206691124025960e+01, -2.171827909310349e+01,  1.654676258992806e-01, -2.857832576421483e-01, -1.222887226543093e+01
s754        , -1.859855862913608e+01, -1.867968226201375e+01,  1.395348837209302e-01, -4.548127360686807e-01, -8.886045672643069e+00
s755        , -2.251644582892857e+01, -2.207828200979636e+01,  2.616822429906542e-01, -9.953607785219754e-02, -1.146154477688930e+01
s756        , -2.026279534630465e+01, -2.035760018130831e+01,  1.343873517786561e-01, -4.125421890705370e-01, -1.106564570772656e+01
s757        , -1.901185247831666e+01, -1.932365659971897e+01,  2.015209125475285e-01, -4.181850146591737e-01, -9.443467186351040e+00
s758        , -1.866312886885699e+01, -1.874411999289610e+01,  1.673469387755102e-01, -4.550792233599539e-01, -8.907557150210119e+00
s759        , -2.105033567951521e+01, -2.062840774950800e+01,  3.773584905660378e-01, -6.143613569579484e-01, -1.194181414486424e+01
s760        , -1.976737462921502e+01, -2.005946356245478e+01,  4.947368421052632e-01, -3.633504399804368e-01, -9.431386364211665e+00
s761        , -2.282845273202710e+01, -2.256160789974273e+01,  3.318181818181818e-01, -3.124583771817089e-01, -1.315176101777648e+01
s762        , -1.737428124739802e+01, -1.699083036850971e+01,  1.263537906137184e-01, -4.234677764151109e-01, -6.330149627873245e+00
s763        , -2.048674857080450e+01, -2.055437218496195e+01,  1.750000000000000e-01, -3.741648039515143e-01, -1.102899506809569e+01
s764        , -1.996103637141938e+01, -1.978021728262690e+01,  8.333333333333333e-02, -6.206085089495172e-02, -8.428570573418561e+00
s765        , -1.985538741097363e+01, -1.995890114733294e+01,  2.523809523809524e-01, -4.232507270184052e-01, -1.024846026129226e+01
s766        , -1.902823974868692e+01, -1.889514677307269e+01,  1.106382978723404e-01, -3.869225952710317e-01, -8.892830312111322e+00
s767        , -2.019726225103009e+01, -1.997359438171897e+01,  4.651162790697674e-01, -4.514619186742550e-01, -9.873970587923777e+00
s768        , -2.180287541987858e+01, -2.091293128223938e+01,  1.920000000000000e-01, -2.278550484265270e-01, -1.068658336623186e+01
s769        , -2.332774774981945e+01, -2.375271500214638e+01,  4.619883040935672e-01, -3.558943739961529e-01, -1.475903683734543e+01
s770        , -2.255011500408412e+01, -2.252959773222997e+01,  2.785388127853881e-01, -4.441937203041837e-01, -1.397468529034841e+01
s771        , -1.837836194936116e+01, -1.834503063916213e+01,  4.719626168224299e-01, -4.130042519511368e-01, -7.312927987732466e+00
s772        , -2.036442085092615e+01, -2.038534914012848e+01,  3.762376237623762e-01, -4.908811060417111e-01, -1.091225991152687e+01
s773        , -2.207703951964118e+01, -2.221552096136357e+01,  3.217821782178218e-01, -1.188149426110363e-01, -1.160886909545507e+01
s774        , -2.410464814655394e+01, -2.369424170891947e+01,  3.018867924528302e-01, -2.206143468997808e-01, -1.434062077066273e+01
s775        , -2.145476048405246e+01, -2.129893932476291e+01,  4.125560538116592e-01, -1.870914572434387e-01, -1.044057905279238e+01
s776        , -1.783304251394927e+01, -1.768142475064547e+01,  2.511627906976744e-01, -4.636421924925392e-01, -7.217152900660541e+00
s777        , -1.926023008452307e+01, -1.902258352455213e+01,  3.272727272727273e-01, -5.721390650837447e-01, -9.540141718577889e+00
s778        , -1.976550707196644e+01, -1.965089148353471e+01,  3.694581280788177e-01, -4.874362756215341e-01, -9.859940268619260e+00
s779        , -2.301809423461469e+01, -2.285456514788619e+01,  1.600000000000000e-01, -1.109362075580608e-01, -1.289922435136840e+01
s780        , -1.989864127452180e+01, -1.997456527429145e+01,  1.269841269841270e-01, -4.224653336761706e-01, -1.059186074490143e+01
s781        , -1.803783397921168e+01, -1.802887868781563e+01,  4.675925925925926e-01, -4.219600592609686e-01, -6.921600470711647e+00
s782        , -2.003060740563550e+01, -1.999639785050849e+01,  2.401960784313726e-01, -3.863102577272619e-01, -1.012888247807575e+01
s783        , -2.170310297580588e+01, -2.116556162379302e+01,  3.317972350230415e-01, -5.425368771625494e-02, -9.722681781421645e+00
s784        , -1.828106793020000e+01, -1.829394253152002e+01,  8.641975308641975e-02, -4.741164422622948e-01, -8.579007579731575e+00
s785        , -1.904288077315707e+01, -1.915731867891204e+01,  5.000000000000000e-01, -4.990282465054698e-01, -8.879358514580534e+00
s786        , -2.022975758111321e+01, -1.995433154760914e+01,  3.671497584541063e-01, -4.200402658231394e-01, -9.926350129096882e+00
s787        , -1.858814151939532e+01, -1.941777197632882e+01,  7.189542483660130e-02, -4.480803086771732e-01, -1.008020915815075e+01
s788        , -1.926046054059691e+01, -1.946784485716348e+01,  3.880597014925373e-01, -4.979044326237256e-01, -9.607835809551254e+00
s789        , -2.212378523930028e+01, -2.237143230695189e+01,  5.028571428571429e-01, -2.220563636127567e-01, -1.193461845597345e+01
s790        , -2.174169856486492e+01, -2.161857187227299e+01,  4.171122994652406e-01, -2.636577087676874e-01, -1.131063286822113e+01
s791        , -1.907773631846257e+01, -1.917457840780946e+01,  3.097345132743363e-01, -4.829243784679518e-01, -9.308402168855304e+00
s792        , -2.217884458062024e+01, -2.200854398307384e+01,  2.798353909465021e-01, -7.424160374631905e-02, -1.117440934080575e+01
s793        , -2.046845693654859e+01, -2.016534880491123e+01,  4.385964912280702e-01, -2.337110136582807e-01, -9.009670738968032e+00
s794        , -1.973890233992908e+01, -1.943770410310431e+01,  3.906976744186047e-01, -2.766349042113506e-01, -8.330903350094861e+00
s795        , -2.098054198937622e+01, -2.092156895843052e+01,  3.500000000000000e-01, -4.412195792974614e-01, -1.147213834087746e+01
s796        , -1.872193723420701e+01, -1.882310171607305e+01,  3.714285714285714e-01, -4.837563317377747e-01, -8.650082388523167e+00
s797        , -1.738396768625594e+01, -1.722690492855335e+01,  1.540983606557377e-01, -6.107293801015758e-01, -7.634310840491617e+00
s798        , -1.812351947027918e+01, -1.829674227669368e+01,  7.692307692307693e-02, -4.222769747562119e-01, -8.320196734185050e+00
s799        , -2.115781411801412e+01, -2.005760118108613e+01,  4.439461883408072e-01, -4.802179681262753e-02, -7.811965471166877e+00
s800        , -2.197753832223543e+01, -2.241843810306340e+01,  5.747126436781609e-01, -2.756477169927272e-01, -1.211261057119883e+01
s801        , -2.000340332694237e+01, -2.055640385396489e+01,  3.440860215053764e-01, -3.034754341261802e-01, -1.020122413225749e+01
s802        , -2.346278750692302e+01, -2.315887209126873e+01,  3.379629629629630e-01, -2.384839877750207e-01, -1.358014277041469e+01
s803        , -2.201425716118592e+01, -2.203038680395873e+01,  3.928571428571428e-01, -2.433027571329796e-01, -1.184988685937812e+01
s804        , -1.618324989548500e+01, -1.642325939564557e+01,  2.334630350194553e-01, -4.670260325901532e-01, -5.481749965845627e+00
s805        , -2.141738653455062e+01, -2.143064379055758e+01,  4.405286343612335e-01, -5.474404026756274e-02, -9.822554878730582e+00
s806        , -2.157933013723432e+01, -2.169236537319128e+01,  2.675438596491228e-01, -2.551899499896166e-01, -1.175731464572471e+01
s807        , -1.912040169626662e+01, -1.914030166422713e+01,  1.023391812865497e-01, -3.720187803601243e-01, -9.182468480393364e+00
s808        , -2.304047586711122e+01, -2.318716525635708e+01,  4.608294930875576e-01, -7.340264909907179e-02, -1.238644784755803e+01
s809        , -2.047218776779852e+01, -2.038782062222539e+01,  2.456896551724138e-01, -4.306407268094403e-01, -1.092046533384100e+01
s810        , -2.119146876442327e+01, -2.140417218729724e+01,  1.262135922330097e-01, -2.809095673575788e-01, -1.185429173321979e+01
s811        , -2.180116494254657e+01, -2.184317279830326e+01,  3.267326732673267e-01, -2.257769750092661e-01, -1.165641378114240e+01
s812        , -2.372646511684069e+01, -2.334656626227477e+01,  3.224299065420561e-01, -1.909640097797827e-01, -1.362547864286421e+01
s813        , -2.269928091374550e+01, -2.259724414037903e+01,  3.000000000000000e-01, -1.489072616394497e-01, -1.237838979417202e+01
s814        , -1.832573741415099e+01, -1.818049676172031e+01,  1.138211382113821e-01, -5.081619383060575e-01, -8.534390610906513e+00
s815        , -2.057906464758977e+01, -2.071625187661845e+01,  5.128205128205128e-01, -2.623793576873172e-01, -9.764255331516704e+00
s816        , -1.808215553271357e+01, -1.838344353342431e+01,  4.056224899598393e-01, -3.998015882403427e-01, -7.466796754176699e+00
s817        , -2.152086258044021e+01, -2.115824648639597e+01,  2.020905923344948e-01, -3.055988023557967e-01, -1.144247988969144e+01
s818        , -2.057353864229959e+01, -2.078815798446630e+01,  3.597883597883598e-01, -4.584498278809748e-01, -1.135141150107474e+01
s819        , -2.244567325669163e+01, -2.254579951920458e+01,  4.431818181818182e-01, -2.407629226987684e-01, -1.244264887265288e+01
s820        , -2.103220827040201e+01, -2.119670556026585e+01,  1.583333333333333e-01, -4.209927240528925e-01, -1.225090592641035e+01
s821        , -2.251724700203312e+01, -2.289051599913687e+01,  4.072164948453608e-01, -2.887386921495824e-01, -1.329518739039353e+01
s822        , -1.967652212859418e+01, -1.954642216101273e+01,  1.500000000000000e-01, -4.834659550950806e-01, -1.025784588089500e+01
s823        , -1.898228811729100e+01, -1.923610065598530e+01,  1.538461538461539e-01, -2.539321696627933e-01, -8.531090808586466e+00
s824        , -2.375965705343503e+01, -2.393282439814847e+01,  5.193370165745856e-01, -3.143064135455778e-01, -1.463732152589117e+01
s825        , -2.074394606294202e+01, -2.043425363875830e+01,  4.444444444444444e-01, -4.027812796586765e-01, -1.031674119279807e+01
s826        , -2.229590893513048e+01, -2.244478938088202e+01,  3.915343915343915e-01, -2.359041694677452e-01, -1.240518901806282e+01
s827        , -2.030439908572953e+01, -1.913768827518386e+01,  2.489959839357430e-01, -3.949620466289883e-03, -6.757239567544630e+00
s828        , -2.126632247755481e+01, -2.115551653396767e+01,  3.398058252427185e-01, -3.917706470209897e-01, -1.155910202538017e+01
s829        , -1.836528680868646e+01, -1.807862996326775e+01,  4.444444444444444e-01, -3.719620550649866e-01, -6.775594507714797e+00
s830        , -2.038358031572328e+01, -2.048518359587537e+01,  9.090909090909091e-02, -2.573860911655906e-01, -1.050062928154242e+01
s831        , -2.014217587228185e+01, -2.009489962060116e+01,  3.554502369668247e-01, -1.989031362157753e-01, -8.931588194072315e+00
s832        , -1.638297894992474e+01, -1.677541694133060e+01,  1.240000000000000e-01, -4.833498553903692e-01, -6.360112162392893e+00
s833        , -2.087813803835245e+01, -2.081061360180264e+01,  4.043715846994536e-01, -4.263685605287792e-01, -1.108997294687199e+01
s834        , -2.163260872857058e+01, -2.169410101467744e+01,  1.003236245954693e-01, -1.746013773985090e-01, -1.174678111677431e+01
s835        , -1.845033213930005e+01, -1.838425692018322e+01,  3.177570093457944e-01, -4.386863217977058e-01, -7.911549526271079e+00
s836        , -2.085703068105029e+01, -2.093517924576756e+01,  3.122171945701357e-01, -4.193678393888708e-01, -1.146846873479332e+01
s837        , -1.604298594536770e+01, -1.620279910449865e+01,  1.371237458193980e-01, -5.040245941620974e-01, -5.621447296451866e+00
s838        , -1.819387371328009e+01, -1.825266322473209e+01,  4.166666666666666e-01, -3.913654329440599e-01, -7.204252263659076e+00
s839        , -2.199016371973259e+01, -2.153159497836473e+01,  1.659919028340081e-01, -5.608346795898556e-02, -1.068670650479024e+01
s840        , -1.816847175772266e+01, -1.849494283206083e+01,  2.037914691943128e-01, -3.403253929060935e-01, -7.820173799733280e+00
s841        , -2.076446728280485e+01, -2.058746219915810e+01,  3.031674208144797e-01, -4.305116467007721e-01, -1.105625464944926e+01
s842        , -1.719569444321167e+01, -1.722401309108590e+01,  1.340996168582375e-01, -4.631078246589967e-01, -6.863482002625663e+00
s843        , -1.999816334280537e+01, -1.976491845172854e+01,  2.985781990521327e-01, -4.337785181414083e-01, -9.909442454602587e+00
s844        , -1.581596700213373e+01, -1.599162096141407e+01,  1.915708812260536e-01, -4.598674971821836e-01, -4.933189019942395e+00
s845        , -2.003183538643507e+01, -2.006274043102740e+01,  3.459715639810426e-01, -4.523239402201919e-01, -1.031541740434038e+01
s846        , -2.166933569232110e+01, -2.127042630298692e+01,  2.840000000000000e-01, -1.312077673657397e-01, -1.042344444255238e+01
s847        , -2.001719781047365e+01, -1.985919432609261e+01,  2.511627906976744e-01, -4.239083264990685e-01, -1.011261419281925e+01
s848        , -1.670780899311153e+01, -1.666027433679545e+01,  7.395498392282958e-02, -4.921030969690015e-01, -6.373755225007719e+00
s849        , -2.103364362191806e+01, -2.140263222113775e+01,  3.791208791208791e-01, -3.128925552590387e-01, -1.137326491660100e+01
s850        , -1.674889176362534e+01, -1.658829170604400e+01,  2.307692307692308e-01, -4.407267915650268e-01, -5.579022681795180e+00
s851        , -1.887785873496733e+01, -1.927317573865482e+01,  1.056603773584906e-01, -4.355913886730101e-01, -9.716475322778480e+00
s852        , -1.916613881673827e+01, -1.942640091548712e+01,  2.616822429906542e-01, -4.490692821176090e-01, -9.605633159593175e+00
s853        , -2.151831650372089e+01, -2.146403989623436e+01,  2.268907563025210e-01, -8.886941643189117e-02, -1.061385233320131e+01
s854        , -2.092228526657664e+01, -2.059652753193662e+01,  4.171122994652406e-01, -4.585822674170507e-01, -1.092924726247544e+01
s855        , -1.984690981488844e+01, -1.997670841925517e+01,  4.340659340659341e-01, -4.579871881637054e-01, -9.995170019569109e+00
s856        , -1.857995804240183e+01, -1.859337379548586e+01,  3.624454148471616e-01, -4.455272140626694e-01, -8.132726937029300e+00
s857        , -2.294003947989728e+01, -2.309641473326552e+01,  4.278074866310160e-01, -3.777986147453524e-01, -1.403019573871913e+01
s858        , -2.107902559750898e+01, -2.119705817659391e+01,  3.500000000000000e-01, -3.250452558795534e-01, -1.122208773430278e+01
s859        , -1.829183386036745e+01, -1.831568104545365e+01,  2.826086956521739e-01, -5.092523600090983e-01, -8.295926088323071e+00
s860        , -2.148418071954308e+01, -2.147954713446986e+01,  1.691176470588235e-01, -3.790445829608891e-02, -1.050332582555639e+01
s861        , -2.060440939951398e+01, -2.028721929248357e+01,  3.794871794871795e-01, -4.199951210054474e-01, -1.037036105432906e+01
s862        , -1.983634035476443e+01, -1.953223744496454e+01,  3.184079601990050e-01, -3.876355568554064e-01, -9.269223093894578e+00
s863        , -2.017821382918477e+01, -2.056855847042916e+01,  2.218045112781955e-01, -3.447073529113180e-01, -1.076451156410102e+01
s864        , -2.145828954671971e+01, -2.134538314307177e+01,  4.950495049504950e-01, -3.277738857548192e-01, -1.107309681452048e+01
s865        , -2.179521899962700e+01, -2.190611678491980e+01,  2.361111111111111e-01, -1.689030945223936e-01, -1.166621653039132e+01
s866        , -2.240641608733365e+01, -2.219128327157675e+01,  2.440191387559809e-01, -1.065815000275875e-01, -1.170811349556712e+01
s867        , -1.970162478711471e+01, -1.973405879809041e+01,  4.715025906735751e-01, -4.717949712478932e-01, -9.627440664163583e+00
s868        , -1.579821539399930e+01, -1.572569036423503e+01,  2.120000000000000e-01, -4.449285129403803e-01, -4.416873232237199e+00
s869        , -1.927595790821999e+01, -1.923038384008264e+01,  2.456140350877193e-01, -4.674209471168944e-01, -9.468637936769703e+00
s870        , -1.834436146157947e+01, -1.838525330207653e+01,  9.958506224066389e-02, -4.179580790202569e-01, -8.364085963827705e+00
s871        , -1.954632707936713e+01, -1.921648912226788e+01,  3.307392996108949e-01, -5.188901525379287e-01, -9.513301925660006e+00
s872        , -2.222687656829416e+01, -2.232987845017880e+01,  1.163793103448276e-01, -2.037213189912002e-02, -1.175952827852915e+01
s873        , -2.174135075548704e+01, -2.141345070771062e+01,  4.414893617021277e-01, -4.356696184401172e-01, -1.190773992224600e+01
s874        , -2.306987923711809e+01, -2.335997525705144e+01,  2.180094786729858e-01, -1.665670587720939e-01, -1.378030016843162e+01
s875        , -2.178123430913379e+01, -2.191610537907435e+01,  4.102564102564103e-01, -2.682441914033940e-01, -1.177954191556773e+01
s876        , -2.287277527114560e+01, -2.268121728090305e+01,  3.383084577114428e-01, -1.507341301197581e-01, -1.240927044930010e+01
s877        , -2.189016288213647e+01, -2.146640453548281e+01,  3.589743589743590e-01, -2.392870141235639e-01, -1.110862491283967e+01
s878        , -1.876974537203656e+01, -1.894524032516138e+01,  2.822580645161290e-01, -3.868480365105427e-01, -8.518816148684589e+00
s879        , -1.761744622782913e+01, -1.790423279992444e+01,  3.086419753086420e-01, -4.226457292913069e-01, -7.159469043242932e+00
s880        , -1.792977215528789e+01, -1.821585469162176e+01,  2.580645161290323e-01, -5.227672991273994e-01, -8.291724241791796e+00
s881        , -2.116921283478955e+01, -2.020284411026724e+01,  4.196428571428572e-01, -3.380796680348852e-03, -7.835284189021250e+00
s882        , -1.809005639564229e+01, -1.817932710974004e+01,  2.727272727272727e-01, -5.198331641639374e-01, -8.185150378558003e+00
s883        , -1.958200153707774e+01, -1.986130835069558e+01,  1.835937500000000e-01, -4.515782871191930e-01, -1.044438110112833e+01
s884        , -1.866641101726497e+01, -1.875063434399033e+01,  3.000000000000000e-01, -5.264654716552004e-01, -8.968551412299114e+00
s885        , -1.949202935470739e+01, -1.960793215746510e+01,  8.695652173913043e-02, -4.066151673047533e-01, -1.008327085169262e+01
s886        , -1.753621319174707e+01, -1.752778729625454e+01,  2.941176470588235e-01, -4.195660540645172e-01, -6.641485414009582e+00
s887        , -2.072504645987743e+01, -2.047825262952999e+01,  3.348623853211009e-01, -4.111829977692303e-01, -1.071059295638504e+01
s888        , -2.163711888094086e+01, -2.175336590972677e+01,  1.659574468085106e-01, -2.030461383689600e-01, -1.181901414846356e+01
s889        , -1.784767272504274e+01, -1.807702060268359e+01,  3.112033195020747e-01, -4.177299425411504e-01, -7.372776872671464e+00
s890        , -2.036577167825686e+01, -2.090273206030432e+01,  4.044943820224719e-01, -2.991838497563984e-01, -1.051619667678270e+01
s891        , -1.925489904031788e+01, -1.935750998792847e+01,  1.034482758620690e-01, -2.906289497766420e-01, -9.039040375705103e+00
s892        , -1.797999052112338e+01, -1.894708351507351e+01,  1.102362204724409e-01, -2.474226041674881e-01, -8.194637189644087e+00
s893        , -2.224398236502422e+01, -2.215731693802031e+01,  2.555066079295154e-01, -5.174877981615940e-01, -1.390823533506240e+01
s894        , -2.015695897880840e+01, -1.998735023115227e+01,  3.582089552238806e-01, -4.622829311361582e-01, -1.023102833533206e+01
s895        , -1.853378696029952e+01, -1.884915296225502e+01,  2.307692307692308e-01, -3.058496279463311e-01, -8.065784794145236e+00
s896        , -2.478440805107692e+01, -2.428186188030993e+01,  3.650793650793651e-01, -1.627904778547660e-01, -1.469674946557513e+01
s897        , -2.202247365131235e+01, -2.208372085158820e+01,  1.258064516129032e-01, -2.522896528447895e-01, -1.266889484932202e+01
s898        , -2.008627742560493e+01, -1.962524560751280e+01,  3.562231759656652e-01, -4.133516598848764e-01, -9.446778669875018e+00
s899        , -1.802005794967191e+01, -1.757111358423381e+01,  1.307692307692308e-01, -4.252752811999365e-01, -7.158942417237213e+00
s900        , -1.770516073583232e+01, -1.794249287806972e+01,  3.545816733067729e-01, -4.614232474073918e-01, -7.310043070910692e+00
s901        , -2.425916197575684e+01, -2.397025623838107e+01,  3.928571428571428e-01, -2.582568415678049e-01, -1.470822937685821e+01
s902        , -1.641892815066793e+01, -1.650307967738440e+01,  2.570281124497992e-01, -5.035785398245726e-01, -5.737498679665079e+00
s903        , -2.332207101034287e+01, -2.301728492098614e+01,  2.251082251082251e-01, -2.240075931672177e-01, -1.359010096316958e+01
s904        , -2.132463334662818e+01, -2.039010046035978e+01,  2.716049382716049e-01,  2.037466413708544e-02, -8.355557105365662e+00
s905        , -2.166343218809494e+01, -2.190268122411721e+01,  2.048192771084337e-01, -2.730270306250628e-01, -1.231986769234578e+01
s906        , -1.790842270146736e+01, -1.747962892166126e+01,  7.023411371237458e-02, -4.202300006773010e-01, -7.157135873664856e+00
s907        , -1.911599503394165e+01, -1.965855918860817e+01,  2.230769230769231e-01, -3.696029737928209e-01, -9.597300304668414e+00
s908        , -2.062377494321661e+01, -2.029605841219783e+01,  3.378995433789954e-01, -3.772154629816344e-01, -1.025368920656346e+01
s909        , -2.034650826700463e+01, -2.073139942305476e+01,  1.098039215686274e-01, -3.520577310663120e-02, -9.571858022294272e+00
s910        , -1.701866755175476e+01, -1.671380866323849e+01,  1.793893129770992e-01, -4.414066663616057e-01, -5.895679161540292e+00
s911        , -1.800428066961873e+01, -1.810382237523788e+01,  2.015810276679842e-01, -4.706896061489769e-01, -7.989207469590434e+00
s912        , -2.018815932170212e+01, -1.987950569158483e+01,  3.921568627450980e-01, -5.851798931165175e-01, -1.067013173080146e+01
s913        , -1.735412329082851e+01, -1.763031215421001e+01,  3.389121338912134e-01, -4.600950264049700e-01, -6.896687980292807e+00
s914        , -2.004618788210774e+01, -2.076073374481194e+01,  1.961722488038277e-01, -2.422389237503634e-01, -1.053776575557459e+01
s915        , -1.937730144245923e+01, -1.926780902737768e+01,  3.980582524271845e-01, -4.609938024766886e-01, -9.091024339239427e+00
s916        , -2.191302790761547e+01, -2.239140765457537e+01,  2.511210762331839e-01, -1.382629130438315e-01, -1.215168749761193e+01
s917        , -1.792924589211810e+01, -1.753826269131278e+01,  2.413793103448276e-01, -4.060045400257189e-01, -6.718103314777580e+00
s918        , -2.621730238337609e+01, -2.612723699101583e+01,  4.210526315789473e-01, -1.723168320635238e-01, -1.724457543293561e+01
s919        , -1.919355775511356e+01, -1.879246114973717e+01,  2.135922330097087e-01, -4.146785355475186e-01, -8.632709276841265e+00
s920        , -1.675861595936722e+01, -1.663059032172498e+01,  2.405063291139241e-01, -4.341066711076220e-01, -5.577567960621881e+00
s921        , -2.192756432754418e+01, -2.138874642403623e+01,  4.114583333333333e-01, -3.350969090850982e-01, -1.139262369896228e+01
s922        , -2.290193110331377e+01, -2.254554523403626e+01,  4.482758620689655e-01, -3.837084309604493e-01, -1.322171778783336e+01
s923        , -1.925371616601646e+01, -1.879756518223665e+01,  1.094339622641509e-01, -4.376625011056812e-01, -9.037701155526962e+00
s924        , -1.798705044323696e+01, -1.871534007210841e+01,  1.274131274131274e-01, -5.175884227612004e-02, -6.733532029306232e+00
s925        , -2.338449219749342e+01, -2.372145309940790e+01,  3.367875647668394e-01, -2.064099883452272e-01, -1.421023725475766e+01
s926        , -1.762302148317026e+01, -1.742415333623207e+01,  6.687898089171974e-02, -4.651203266200883e-01, -7.335392537356425e+00
s927        , -1.720744831710588e+01, -1.735338671966518e+01,  2.573839662447258e-01, -4.612548329840500e-01, -6.718441425268271e+00
s928        , -1.827654667645005e+01, -1.807587391225989e+01,  2.231404958677686e-01, -5.241587799446252e-01, -8.189777166152776e+00
s929        , -2.066098735264480e+01, -2.106780695701997e+01,  2.786069651741294e-01, -2.821571087876171e-01, -1.098457564177554e+01
s930        , -1.982419875205301e+01, -2.055429063918891e+01,  1.467889908256881e-01, -1.361481951022376e-01, -9.782242875935536e+00
s931        , -2.184683786579889e+01, -2.212078305821347e+01,  3.217821782178218e-01, -3.219690895837825e-01, -1.259983834207964e+01
s932        , -2.007807490293144e+01, -2.008439786827118e+01,  2.727272727272727e-01, -4.751742406735339e-01, -1.066314454602960e+01
s933        , -2.186904116931162e+01, -2.170476131079690e+01,  3.271028037383177e-01, -5.513590071664356e-01, -1.326281455074621e+01
s934        , -1.595875499840616e+01, -1.619005450214082e+01,  1.541095890410959e-01, -4.652886816759911e-01, -5.344348067413147e+00
s935        , -1.706347068237267e+01, -1.734287255472100e+01,  1.976744186046512e-01, -2.370778175884580e-01, -5.615228735834371e+00
s936        , -1.818003510858343e+01, -1.728479606858306e+01,  1.137254901960784e-01, -4.102702061829297e-01, -6.710316133927261e+00
s937        , -2.175658784400171e+01, -2.207373293398940e+01,  4.623655913978495e-01, -1.572248684852138e-01, -1.125425042064875e+01
s938        , -2.010166135357230e+01, -1.982726789951941e+01,  2.198275862068965e-01, -4.415027047170994e-01, -1.024579890143507e+01
s939        , -1.813809060682595e+01, -1.817548329895146e+01,  4.647887323943662e-01, -4.413493862788501e-01, -7.246142129680666e+00
s940        , -2.094308051046411e+01, -2.097995892505083e+01,  4.357541899441341e-01, -3.365304232523938e-01, -1.075267398332527e+01
s941        , -1.827480816862776e+01, -1.821640875327799e+01,  8.108108108108109e-02, -4.170230959797398e-01, -8.165340138284975e+00
s942        , -1.770857434290158e+01, -1.768440172883468e+01,  2.386831275720165e-01, -4.936305220987671e-01, -7.420079614077361e+00
s943        , -1.938132201948424e+01, -1.942046565282267e+01,  3.034825870646766e-01, -4.634516541873706e-01, -9.568441529678395e+00
s944        , -1.770272330222015e+01, -1.790977712064728e+01,  1.659919028340081e-01, -4.569588753742859e-01, -7.727780198220752e+00
s945        , -1.924477319915050e+01, -1.921286527072413e+01,  2.126696832579185e-01, -3.421871230126303e-01, -8.834612447359655e+00
s946        , -2.185513295241253e+01, -2.198092561310487e+01,  5.494505494505495e-01, -4.042055529737103e-01, -1.226506137644024e+01
s947        , -2.017292248813791e+01, -1.982329165999426e+01,  4.107883817427386e-01, -4.534582367598481e-01, -9.810953278601051e+00
s948        , -1.792501053388721e+01, -1.791128806967236e+01,  1.706349206349206e-01, -4.817717106138186e-01, -7.855485582946633e+00
s949        , -2.005207290213696e+01, -2.040774051789884e+01,  1.090909090909091e-01, -1.221075268936014e-01, -9.592521187392695e+00
s950        , -2.257823345395823e+01, -2.248431641154978e+01,  1.479820627802691e-01, -5.177080733432904e-02, -1.207260190234821e+01
s951        , -1.571913272603913e+01, -1.575284451531540e+01,  1.075949367088608e-01, -5.105626771994389e-01, -5.090553351926549e+00
s952        , -2.233989362366768e+01, -2.301147599768376e+01,  3.888888888888889e-01, -2.357632355347098e-01, -1.322204424543133e+01
s953        , -2.342860552534396e+01, -2.269831422716064e+01,  3.796296296296297e-01, -4.260848571420793e-01, -1.385337442237522e+01
s954        , -2.204077204416149e+01, -2.178851017080054e+01,  2.700421940928270e-01, -3.854517021550710e-01, -1.261070590235594e+01
s955        , -1.756302978982562e+01, -1.743149766625242e+01,  1.822033898305085e-01, -5.221111734128233e-01, -7.362709637667780e+00
s956        , -2.291971088639473e+01, -2.281618971366211e+01,  2.870370370370370e-01, -2.095832706931356e-01, -1.306172890507840e+01
s957        , -1.872997367448807e+01, -1.883446471826802e+01,  4.228855721393034e-01, -3.987946774351717e-01, -8.061711360365674e+00
s958        , -2.138547156076431e+01, -2.135557332277233e+01,  2.543103448275862e-01, -3.562832841890540e-01, -1.187036652467728e+01
s959        , -1.926386090665138e+01, -1.876651115962745e+01,  1.893004115226337e-01, -4.262122041917891e-01, -8.722563096335598e+00
s960        , -1.680470785163838e+01, -1.714583815078783e+01,  9.803921568627451e-02, -4.797319786128977e-01, -6.937377399607488e+00
s961        , -2.001579976967623e+01, -2.022695642295377e+01,  1.714285714285714e-01, -2.059005462093338e-01, -9.636774466493565e+00
s962        , -1.871905926332032e+01, -1.842936040198999e+01,  5.937500000000000e-02, -2.413220168449970e-01, -7.552049573651367e+00
s963        , -1.918665598310528e+01, -1.959784897828732e+01,  9.342560553633218e-02, -4.381720265976223e-01, -1.022704685013526e+01
s964        , -1.746488927974545e+01, -1.727244499593363e+01,  1.316725978647687e-01, -4.857815990397868e-01, -7.064800398458470e+00
s965        , -1.971186761143078e+01, -1.973071400441198e+01,  9.440559440559440e-02, -1.647128240194054e-01, -8.898234805949716e+00
s966        , -1.765956881606673e+01, -1.767245405898034e+01,  3.679245283018868e-01, -4.577801151117811e-01, -6.868871797306995e+00
s967        , -2.223688117086612e+01, -2.197085040359353e+01,  3.521739130434782e-01, -3.111320857734179e-02, -1.069364454641443e+01
s968        , -1.998239594820018e+01, -1.992392607166753e+01,  3.947368421052632e-01, -5.280507445691174e-01, -1.041020357288231e+01
s969        , -2.101894011109180e+01, -2.087758825663414e+01,  4.793814432989691e-01, -5.081668586456358e-01, -1.144476173234899e+01
s970        , -1.986554229461376e+01, -1.984038717589608e+01,  2.763157894736842e-01, -4.772637318201257e-01, -1.031630825271646e+01
s971        , -1.914500631305469e+01, -1.873088502904473e+01,  3.619909502262444e-01, -3.758554624701446e-01, -7.944308968285175e+00
s972        , -1.930540895911451e+01, -1.887251996299397e+01,  2.093023255813954e-01, -5.956300216634869e-01, -9.761778552978377e+00
s973        , -2.013055280326089e+01, -2.022204116152998e+01,  1.061224489795918e-01, -3.690712591999678e-01, -1.070398050554739e+01
s974        , -1.991254970003848e+01, -2.014753091704905e+01,  3.429951690821256e-01, -3.256237654921991e-01, -9.741884541262817e+00
s975        , -2.002907222040815e+01, -2.061572315871619e+01,  1.463414634146342e-01, -2.724609237769639e-01, -1.062716685459659e+01
s976        , -2.147573630129902e+01, -2.151391142934190e+01,  3.936170212765958e-01, -2.682564928497418e-01, -1.124735226514421e+01
s977        , -1.918950409415471e+01, -1.940653653724154e+01,  1.848739495798319e-01, -2.932745749379523e-01, -8.912593696324587e+00
s978        , -1.698999961978807e+01, -1.717115412184916e+01,  9.969788519637462e-02, -4.928032128758013e-01, -7.041775651940362e+00
s979        , -2.115978794608996e+01, -2.140034435891195e+01,  5.222222222222223e-01, -2.297373869825765e-01, -1.053760738470097e+01
s980        , -1.730989298326385e+01, -1.693581499184636e+01,  1.330935251798561e-01, -4.531668513259154e-01, -6.398636154583707e+00
s981        , -2.142850865946883e+01, -2.126351974886963e+01,  2.629107981220657e-01, -3.245833276379408e-01, -1.154056918382396e+01
s982        , -2.110948756566415e+01, -2.158515784582175e+01,  2.026431718061674e-01, -1.940425222739224e-01, -1.143324668518506e+01
s983        , -1.831465175322002e+01, -1.858339889316096e+01,  2.753036437246963e-01, -4.249888755040919e-01, -8.230659165954648e+00
s984        , -2.150201864035685e+01, -2.144435657892626e+01,  3.819095477386935e-01, -4.750852504901230e-01, -1.232510295289154e+01
s985        , -1.659952594735737e+01, -1.694294909881182e+01,  1.908396946564886e-01, -2.509233001440100e-01, -5.137555727396570e+00
s986        , -2.105203087443673e+01, -2.084888855104762e+01,  3.333333333333333e-01, -4.254454207011710e-01, -1.132392510348911e+01
s987        , -2.066592788190784e+01, -2.094002610175185e+01,  2.765151515151515e-01, -3.014240381294648e-01, -1.091402092760620e+01
s988        , -2.133344594608628e+01, -2.128951582770177e+01,  9.810126582278481e-02, -1.954655561456523e-01, -1.128939105939005e+01
s989        , -2.008246059204520e+01, -2.031519406683632e+01,  3.861386138613861e-01, -3.064039319690232e-01, -9.763251757354499e+00
s990        , -2.181814335912880e+01, -2.226933341885552e+01,  2.828282828282828e-01, -1.320280374675891e-01, -1.186019472105887e+01
s991        , -1.674874949890157e+01, -1.669151979113337e+01,  1.003344481605351e-01, -4.445879806953801e-01, -6.086540055006454e+00
s992        , -1.990187356431624e+01, -1.991102783654468e+01,  2.235294117647059e-01, -3.949519753326131e-01, -1.009790274726118e+01
s993        , -2.167451347953028e+01, -2.144298325304195e+01,  2.610619469026549e-01, -2.371089173557139e-01, -1.131707336091183e+01
s994        , -2.085856003252748e+01, -2.045986446931493e+01,  9.059233449477352e-02, -1.585113012655626e-03, -9.046780479852893e+00
s995        , -1.532250426373563e+01, -1.539174685224245e+01,  1.780821917808219e-01, -4.715083386103250e-01, -4.174480395524159e+00
s996        , -2.197589637081217e+01, -2.254448305282599e+01,  4.832535885167464e-01, -1.010386371378353e-01, -1.156201110610792e+01
s997        , -1.843774602570321e+01, -1.870732774839362e+01,  4.184100418410042e-01, -3.806194927664855e-01, -7.790641629805712e+00
s998        , -2.004154224207673e+01, -1.972892467827247e+01,  2.105263157894737e-01, -3.408252242949684e-01, -9.570960852496878e+00
s999        , -1.918982967461324e+01, -1.955523109914609e+01,  1.781818181818182e-01, -2.906621339582038e-01, -9.128211356353663e+00
s1000       , -2.386287011937712e+01, -2.388977478183337e+01,  3.282828282828283e-01, -1.925313318250701e-01, -1.439616630912903e+01
s1001       , -2.142986106465667e+01, -2.145014155534651e+01,  2.772727272727273e-01, -2.886434278331006e-01, -1.157102054093084e+01
s1002       , -1.703565403983971e+01, -1.727299989115463e+01,  7.692307692307693e-02, -4.991119452171039e-01, -7.281561310689771e+00
s1003       , -2.272857267296788e+01, -2.265864493047916e+01,  1.962616822429906e-01, -1.459753375896243e-01, -1.271913069960790e+01
s1004       , -1.957549960274314e+01, -1.911769135586852e+01,  3.076923076923077e-01, -3.886454920683589e-01, -8.709523668525556e+00
s1005       , -2.033955634118916e+01, -2.028782255946340e+01,  4.093264248704663e-01, -4.209675087896627e-01, -1.029919766019409e+01
s1006       , -2.103463075725037e+01, -2.127809998385868e+01,  1.052631578947368e-01, -4.230873691433367e-01, -1.251666564929996e+01
s1007       , -1.845815321471510e+01, -1.903217384386270e+01,  1.023890784982935e-01, -4.544601204510981e-01, -9.484784542088525e+00
s1008       , -2.105860584214290e+01, -2.085705609761887e+01,  1.822222222222222e-01, -1.017637634768359e-01, -9.932819245817814e+00
s1009       , -2.225664818829298e+01, -2.203988997405416e+01,  2.166666666666667e-01, -1.105563161742058e-01, -1.158451860316465e+01
s1010       , -2.029000137617794e+01, -2.055547398731451e+01,  3.457446808510638e-01, -3.651134388127506e-01, -1.053738016676086e+01
s1011       , -2.150175758271834e+01, -2.079936111434009e+01,  3.816793893129771e-01, -2.323529707735092e-01, -1.005691025869463e+01
s1012       , -1.789395613621291e+01, -1.801615872074122e+01,  2.798507462686567e-01, -3.885341043891830e-01, -7.205150810666972e+00
s1013       , -1.907481979836395e+01, -1.955351525398474e+01,  1.737451737451738e-01, -2.439287435586824e-01, -8.878125376148564e+00
s1014       , -1.701362802016618e+01, -1.719077204370585e+01,  2.862318840579710e-01, -4.058449205333576e-01, -6.103683644423056e+00
s1015       , -1.771043360260808e+01, -1.808265754142144e+01,  3.615023474178404e-01, -3.091353488343381e-01, -6.648170429671083e+00
s1016       , -2.325177194237830e+01, -2.281314884440420e+01,  3.285714285714286e-01, -2.462204364756551e-01, -1.315277377323991e+01
s1017       , -2.061131053204120e+01, -2.088631960490623e+01,  2.180094786729858e-01, -3.359790959197144e-01, -1.118058757267228e+01
s1018       , -1.637685178145171e+01, -1.648821563082599e+01,  3.318777292576419e-01, -4.810554431387467e-01, -5.397140348371855e+00
s1019       , -2.229355013298489e+01, -2.210457116179002e+01,  2.805429864253394e-01, -2.215834046889734e-01, -1.212698926406009e+01
s1020       , -1.626620443538163e+01, -1.644991215829357e+01,  9.597523219814241e-02, -5.066735314349713e-01, -6.096447495475005e+00
s1021       , -2.225684084822025e+01, -2.235483728031343e+01,  4.108910891089109e-01, -1.359753891866724e-01, -1.167215432830674e+01
s1022       , -1.619907626993357e+01, -1.640609287011899e+01,  1.609195402298851e-01, -4.472573646436880e-01, -5.535785355834197e+00
s1023       , -2.164326276096592e+01, -2.148493171384255e+01,  2.710280373831775e-01, -4.169740529324683e-01, -1.234860578486099e+01
s1024       , -1.814482992541786e+01, -1.796478604762545e+01,  1.860465116279070e-01, -4.716516982415674e-01, -7.835924187029503e+00
s1025       , -1.966276460675046e+01, -1.996216065003159e+01,  2.886597938144330e-01, -3.521400190250440e-01, -9.764680476268749e+00
s1026       , -1.787958226759213e+01, -1.781771196571020e+01,  2.894736842105263e-01, -5.089943223719865e-01, -7.564226901810764e+00
s1027       , -2.228548280106830e+01, -2.245553971307935e+01,  3.150000000000000e-01, -2.658478372315498e-01, -1.278518085704937e+01
s1028       , -1.939576101741603e+01, -1.925849006113283e+01,  1.516393442622951e-01, -4.206782253052432e-01, -9.493475612166279e+00
s1029       , -2.072177297910414e+01, -2.051619244847249e+01,  5.376344086021505e-01, -3.815928388108332e-01, -1.007469759342520e+01
s1030       , -2.116639743005703e+01, -2.102321236035537e+01,  4.031413612565445e-01, -4.469142699232316e-01, -1.151126354842627e+01
s1031       , -1.871817432191781e+01, -1.881677020478824e+01,  2.098765432098765e-01, -4.684424692196560e-01, -8.975256499078039e+00
s1032       , -1.793076662035363e+01, -1.881942502286718e+01,  1.417624521072797e-01, -2.763255354974765e-01, -8.090467609233446e+00
s1033       , -2.190726556241366e+01, -2.180267929631448e+01,  1.082089552238806e-01, -2.159966120014201e-02, -1.103325601694463e+01
s1034       , -1.655942363042545e+01, -1.677378996645709e+01,  9.937888198757763e-02, -4.918376810592510e-01, -6.468730352434473e+00
s1035       , -1.920990065585595e+01, -1.961310394476876e+01,  1.176470588235294e-01, -2.109635789213325e-01, -8.926132445241306e+00
s1036       , -1.624542641970273e+01, -1.631386733255320e+01,  2.602739726027397e-01, -4.412131598671085e-01, -5.112543109640149e+00
s1037       , -1.865413258865576e+01, -1.889377457199530e+01,  2.419354838709677e-01, -5.000745213447295e-01, -9.177654427376481e+00
s1038       , -2.303917859954092e+01, -2.313670924055148e+01,  5.126903553299492e-01, -2.471027019539333e-01, -1.314289194405257e+01
s1039       , -2.268866240524940e+01, -2.330893798518226e+01,  2.500000000000000e-01, -1.170327665100575e-01, -1.334960645430760e+01
s1040       , -2.002650999928207e+01, -2.042644488568914e+01,  1.875000000000000e-01, -2.233376813709040e-01, -9.977180958211143e+00
s1041       , -2.439240447433291e+01, -2.427018198029128e+01,  3.865979381443299e-01, -2.705817994188539e-01, -1.522192368330652e+01
