# c0 + a0 * (Al + O) + a1 * (AAV - E_T)
# Property Label: $ln_{D}$; Unit of the Property: Unitless
# RMSE: 0.404521357988649; Max AE: 1.73796094496613
# Coefficients
# Task   a0                      a1                      c0
# all , -1.566289431231740e+00,  6.640882435336742e-01, -1.123481858147169e+01, 
# Feature Rung, Units, and Expressions
# 0;  1; Unitless;                                         15|12|add; (Al + O); $\left(Al + O\right)$; (Al + O); (newdata$Al + newdata$O); Al,O
# 1;  1; Unitless;                                         2|0|sub; (AAV - E_T); $\left(AAV - E_{T}\right)$; (AAV - E_T); (newdata$AAV - newdata$E_T); AAV,E_T
# Number of Samples Per Task
# Task, n_samples               
# all , 1041                  

# Sample ID , Property Value        ,  Property Value (EST) ,  Feature 0 Value      ,  Feature 1 Value      
s1          , -2.244947812336508e+01, -2.238893941880949e+01,  6.313868613138686e-01, -1.530698121585983e+01
s2          , -2.298888400764099e+01, -2.316994224073721e+01,  4.679245283018868e-01, -1.686856908709021e+01
s3          , -1.755271246623431e+01, -1.794842260748992e+01,  1.086956521739130e-01, -9.853141112662380e+00
s4          , -1.917258847351942e+01, -1.896401694017941e+01,  0.000000000000000e+00, -1.163881221203367e+01
s5          , -2.000094091703784e+01, -2.070717673892889e+01,  4.076923076923077e-01, -1.330213882076700e+01
s6          , -2.179532463031582e+01, -2.181550819601775e+01,  6.183206106870229e-01, -1.447431221755518e+01
s7          , -2.156980503382011e+01, -2.136796633452165e+01,  6.607929515418502e-01, -1.370021954974751e+01
s8          , -2.070680399014268e+01, -2.078499406596748e+01,  0.000000000000000e+00, -1.438088322973229e+01
s9          , -2.311678210871720e+01, -2.279239720945649e+01,  4.682926829268293e-01, -1.629918441319988e+01
s10         , -1.955558688693647e+01, -1.907109104252767e+01,  0.000000000000000e+00, -1.180004696267240e+01
s11         , -1.929232032084748e+01, -1.951435469151546e+01,  0.000000000000000e+00, -1.246752399347954e+01
s12         , -1.972420304545977e+01, -1.919175208776631e+01,  3.947368421052632e-01, -1.105073223904352e+01
s13         , -1.649771434553038e+01, -1.696690930350508e+01,  0.000000000000000e+00, -8.631519647949819e+00
s14         , -1.814284237715737e+01, -1.830834881911135e+01,  0.000000000000000e+00, -1.065149143433222e+01
s15         , -2.140988745272463e+01, -2.099845027759630e+01,  0.000000000000000e+00, -1.470231071125643e+01
s16         , -2.271802967642396e+01, -2.245550443296861e+01,  5.575221238938053e-01, -1.558143054318275e+01
s17         , -1.845283706311921e+01, -1.855582590205136e+01,  0.000000000000000e+00, -1.102414835959740e+01
s18         , -2.106370881996578e+01, -2.166103778072658e+01,  4.897119341563786e-01, -1.454503775136913e+01
s19         , -2.166440903696862e+01, -2.214822538397336e+01,  3.059360730593607e-01, -1.571210221869732e+01
s20         , -1.957524373940041e+01, -1.928345225954647e+01,  3.952569169960474e-02, -1.202660201060852e+01
s21         , -2.230012329283520e+01, -2.255376496811557e+01,  5.212765957446809e-01, -1.581488072744051e+01
s22         , -1.709175230426198e+01, -1.666385558237296e+01,  0.000000000000000e+00, -8.175174088330298e+00
s23         , -2.271630669020732e+01, -2.318184701463310e+01,  3.166666666666667e-01, -1.724324574548409e+01
s24         , -1.997593461761007e+01, -2.051738041666281e+01,  3.472803347280335e-01, -1.315882400015543e+01
s25         , -2.228124530569044e+01, -2.250360204360575e+01,  5.141242937853108e-01, -1.575621329894552e+01
s26         , -1.806502239865187e+01, -1.786528414348918e+01,  1.673469387755102e-01, -9.589616865640993e+00
s27         , -2.017409009594002e+01, -2.011802178730137e+01,  1.052631578947368e-01, -1.312827130883999e+01
s28         , -1.658938425028538e+01, -1.712667896628590e+01,  5.862068965517241e-02, -8.733844447077159e+00
s29         , -2.262132344831001e+01, -2.304094490172744e+01,  4.293785310734464e-01, -1.676523470103118e+01
s30         , -1.697997334312175e+01, -1.746443235744913e+01,  0.000000000000000e+00, -9.380701791721386e+00
s31         , -1.964904728113367e+01, -1.925412799937429e+01,  2.842105263157895e-01, -1.140534190755525e+01
s32         , -2.151059652715050e+01, -2.124931025325188e+01,  0.000000000000000e+00, -1.508006167748456e+01
s33         , -2.289264810431292e+01, -2.341992778559170e+01,  4.126984126984127e-01, -1.737525721073736e+01
s34         , -2.302504917991390e+01, -2.200019681787182e+01,  7.954545454545454e-02, -1.602315224709062e+01
s35         , -2.244061385591441e+01, -2.225442030173103e+01,  5.145631067961165e-01, -1.537995449224499e+01
s36         , -2.239655424600443e+01, -2.229679919822333e+01,  6.102236421725240e-01, -1.521814890375577e+01
s37         , -2.226102540809307e+01, -2.238238063476341e+01,  5.389830508474577e-01, -1.551504441986685e+01
s38         , -2.102436377352775e+01, -2.089807551471092e+01,  3.099415204678362e-01, -1.382014949789603e+01
s39         , -2.141661104833067e+01, -2.076417237039521e+01,  8.161434977578476e-01, -1.242460913042577e+01
s40         , -1.990275935468409e+01, -1.915990901524301e+01,  1.702127659574468e-01, -1.153233482442023e+01
s41         , -1.952311408648237e+01, -1.900443667803995e+01,  2.189054726368159e-01, -1.118337636700211e+01
s42         , -1.862175379272403e+01, -1.925521051692333e+01,  6.521739130434782e-02, -1.192347960052033e+01
s43         , -2.257821044890805e+01, -2.230813331685015e+01,  7.235023041474655e-01, -1.496804200301497e+01
s44         , -1.984867902879579e+01, -1.925643546414720e+01,  0.000000000000000e+00, -1.207914303676234e+01
s45         , -1.928264199244582e+01, -1.931898228502546e+01,  3.030303030303030e-02, -1.210185613991873e+01
s46         , -2.007096062658339e+01, -2.017629271698448e+01,  1.098039215686274e-01, -1.320530742569512e+01
s47         , -1.842882744186564e+01, -1.894146744535015e+01,  0.000000000000000e+00, -1.160485664204907e+01
s48         , -1.712958329507449e+01, -1.694510542029914e+01,  0.000000000000000e+00, -8.598686837825184e+00
s49         , -2.142142340445580e+01, -2.211639258952722e+01,  3.359683794466403e-01, -1.559333475171678e+01
s50         , -2.022197746600499e+01, -2.015718713090877e+01,  0.000000000000000e+00, -1.343551649395320e+01
s51         , -2.208446385448407e+01, -2.245170094831169e+01,  4.070351758793970e-01, -1.593063508612480e+01
s52         , -2.030062191637932e+01, -2.079715206295040e+01,  4.397759103641457e-01, -1.336195484164609e+01
s53         , -1.881589086732163e+01, -1.913061957272635e+01,  6.188524590163935e-01, -1.043008815868953e+01
s54         , -2.389190768082197e+01, -2.427382691718082e+01,  3.333333333333333e-01, -1.884826599553735e+01
s55         , -1.989931101552115e+01, -1.986563797389367e+01,  9.016393442622951e-02, -1.278383807802105e+01
s56         , -2.293632659980805e+01, -2.304584896615447e+01,  5.108695652173912e-01, -1.658041817658905e+01
s57         , -2.165250835772914e+01, -2.194038952365791e+01,  3.983050847457627e-01, -1.518128049353406e+01
s58         , -2.493828100106786e+01, -2.471807642729139e+01,  5.333333333333333e-01, -1.904551632354680e+01
s59         , -2.019609135900962e+01, -1.957726528171511e+01,  0.000000000000000e+00, -1.256225626861349e+01
s60         , -1.686951544328429e+01, -1.720324454374211e+01,  5.594405594405594e-02, -8.855451720411025e+00
s61         , -1.698686520707895e+01, -1.770935261198735e+01,  4.620462046204620e-02, -9.640532390312138e+00
s62         , -1.961666852236879e+01, -1.951258940402049e+01,  0.000000000000000e+00, -1.246486578124321e+01
s63         , -2.363642228074260e+01, -2.317824776559870e+01,  4.528301886792453e-01, -1.691667659357740e+01
s64         , -2.123215125329894e+01, -2.141604539871112e+01,  5.051546391752577e-01, -1.413969986096494e+01
s65         , -2.229595939650926e+01, -2.204855844248335e+01,  4.868421052631579e-01, -1.513534430812385e+01
s66         , -2.209517036440609e+01, -2.178624914144297e+01,  2.906403940886699e-01, -1.520310543173952e+01
s67         , -2.100952424313996e+01, -2.096896949847974e+01,  5.231316725978647e-01, -1.342408240754135e+01
s68         , -2.306714632630091e+01, -2.285462499988363e+01,  3.492063492063492e-01, -1.667376032048298e+01
s69         , -2.116954741071400e+01, -2.154923716651737e+01,  3.794466403162055e-01, -1.463675259613165e+01
s70         , -2.268552320802911e+01, -2.179756628643955e+01,  5.254237288135594e-01, -1.466639737481654e+01
s71         , -1.844586653395837e+01, -1.915015113335149e+01,  0.000000000000000e+00, -1.191909754306385e+01
s72         , -2.185924535832699e+01, -2.183319461029864e+01,  4.893617021276596e-01, -1.480510167507020e+01
s73         , -1.814705961150877e+01, -1.878285336582045e+01,  0.000000000000000e+00, -1.136601175799315e+01
s74         , -2.269683109870329e+01, -2.334597015473711e+01,  4.382022471910113e-01, -1.720373781043877e+01
s75         , -2.162544692540680e+01, -2.141014301096645e+01,  5.637254901960784e-01, -1.399266926130055e+01
s76         , -1.799713371423827e+01, -1.849283231988142e+01,  0.000000000000000e+00, -1.092929111316468e+01
s77         , -1.808839931225978e+01, -1.775752271199399e+01,  0.000000000000000e+00, -9.822044275041518e+00
s78         , -1.710463489071706e+01, -1.737090746147034e+01,  0.000000000000000e+00, -9.239869760904003e+00
s79         , -2.130172009097587e+01, -2.180338444998262e+01,  4.448398576512456e-01, -1.486522009236650e+01
s80         , -2.075517304342145e+01, -2.069112099769053e+01,  2.000000000000000e-02, -1.419235578910876e+01
s81         , -1.679587307458704e+01, -1.736081788827531e+01,  0.000000000000000e+00, -9.224676639668576e+00
s82         , -1.961963418382102e+01, -1.908931470510938e+01,  1.015228426395939e-02, -1.180354385794019e+01
s83         , -1.732943596118787e+01, -1.749116201131936e+01,  0.000000000000000e+00, -9.420951945417817e+00
s84         , -2.091958911511147e+01, -2.138998201412286e+01,  1.349480968858132e-01, -1.497360591993353e+01
s85         , -1.931803893900067e+01, -1.919199916115231e+01,  1.731601731601732e-01, -1.157370531008330e+01
s86         , -2.124992178205270e+01, -2.075969189483921e+01,  5.963302752293578e-01, -1.293630415747096e+01
s87         , -2.000999990609716e+01, -1.978347265530699e+01,  1.026785714285714e-01, -1.263059509676056e+01
s88         , -1.933594922663024e+01, -1.922552904328560e+01,  0.000000000000000e+00, -1.203260340718368e+01
s89         , -2.128477820873118e+01, -2.156874207315155e+01,  5.180722891566265e-01, -1.433916717135340e+01
s90         , -2.009844325702736e+01, -2.046288995378960e+01,  1.841004184100418e-01, -1.346163995481665e+01
s91         , -2.185233402642529e+01, -2.212321837131802e+01,  4.791666666666667e-01, -1.526587197222944e+01
s92         , -1.852873985612102e+01, -1.835953761445167e+01,  2.280701754385965e-01, -1.019065642782784e+01
s93         , -2.244477787769646e+01, -2.220933439186159e+01,  5.462555066079295e-01, -1.523731474268247e+01
s94         , -2.069748145715988e+01, -2.050615186886736e+01,  1.850000000000000e-01, -1.352466307011557e+01
s95         , -1.839144268754908e+01, -1.790819082664571e+01,  0.000000000000000e+00, -1.004892393466326e+01
s96         , -2.061908691885885e+01, -2.026921639204627e+01,  0.000000000000000e+00, -1.360421284150691e+01
s97         , -2.336181657728519e+01, -2.357203728737530e+01,  2.982456140350877e-01, -1.787425070133368e+01
s98         , -1.913590175727989e+01, -1.875227779368887e+01,  2.572815533980582e-01, -1.071315733045071e+01
s99         , -1.764848235022367e+01, -1.773624717650091e+01,  2.173913043478261e-01, -9.277277459098908e+00
s100        , -2.003395952271198e+01, -1.941344379204811e+01,  2.574257425742574e-01, -1.170841686532749e+01
s101        , -2.047737186068138e+01, -2.081605238038487e+01,  3.973509933774834e-01, -1.349047694298223e+01
s102        , -1.813404261594337e+01, -1.802432738115233e+01,  1.861313868613139e-01, -9.784803810172804e+00
s103        , -2.094885731266024e+01, -2.039900111008873e+01,  1.666666666666667e-01, -1.340655308502983e+01
s104        , -1.695125455205811e+01, -1.672509304605779e+01,  1.034482758620690e-01, -8.023398359037522e+00
s105        , -2.089913046364001e+01, -2.176571519463268e+01,  4.801762114537445e-01, -1.472515404880261e+01
s106        , -2.193421435204462e+01, -2.210874274962542e+01,  4.384236453201971e-01, -1.534016893881369e+01
s107        , -1.938858975045087e+01, -1.903759754045077e+01,  0.000000000000000e+00, -1.174961164416913e+01
s108        , -2.184761912256448e+01, -2.209489176481798e+01,  5.377358490566038e-01, -1.508507838185593e+01
s109        , -1.765266017099491e+01, -1.851895727378655e+01,  0.000000000000000e+00, -1.096863069515475e+01
s110        , -2.222643790681205e+01, -2.201120425758173e+01,  5.243902439024390e-01, -1.499053608639862e+01
s111        , -2.198367498730207e+01, -2.160150781454350e+01,  4.264705882352941e-01, -1.460455436822666e+01
s112        , -2.341727175416096e+01, -2.290786320929902e+01,  7.101449275362318e-01, -1.590263377798977e+01
s113        , -2.064750776227555e+01, -2.014659477289248e+01,  2.769230769230769e-01, -1.276642763265858e+01
s114        , -2.335281852671257e+01, -2.329139015784343e+01,  5.594713656387665e-01, -1.683552991362063e+01
s115        , -2.467653405274963e+01, -2.480584656375377e+01,  4.511627906976744e-01, -1.937148654069641e+01
s116        , -2.119630992652875e+01, -2.153917312631721e+01,  8.418803418803418e-01, -1.353092205816309e+01
s117        , -1.681518237222159e+01, -1.725296973376130e+01,  2.380952380952381e-02, -9.006120203181734e+00
s118        , -1.725426000439147e+01, -1.726036666075294e+01,  0.000000000000000e+00, -9.073414772739770e+00
s119        , -2.026224064054247e+01, -2.096726592083547e+01,  5.693950177935944e-01, -1.331240242073248e+01
s120        , -2.061376236446881e+01, -2.026601034603307e+01,  2.972972972972973e-01, -1.289819272254068e+01
s121        , -2.090204853596659e+01, -2.120743933190897e+01,  3.575129533678756e-01, -1.417379705438413e+01
s122        , -1.679179791839329e+01, -1.720918742486348e+01,  0.000000000000000e+00, -8.996347852209563e+00
s123        , -1.729435756680531e+01, -1.760339801310300e+01,  1.227436823104693e-01, -9.300461737453984e+00
s124        , -1.927065840811719e+01, -1.966365595397657e+01,  3.399014778325123e-01, -1.189066868297204e+01
s125        , -2.074667074869674e+01, -2.027020802133805e+01,  0.000000000000000e+00, -1.360570606067084e+01
s126        , -1.981090987888966e+01, -1.957041528359083e+01,  1.880341880341880e-01, -1.210845218084818e+01
s127        , -1.791042209268825e+01, -1.769391346110813e+01,  2.179487179487180e-01, -9.212215644128683e+00
s128        , -2.199486439730610e+01, -2.205546623473303e+01,  5.400000000000000e-01, -1.502037034614422e+01
s129        , -1.847106084369403e+01, -1.807996713483255e+01,  0.000000000000000e+00, -1.030758881822271e+01
s130        , -2.183307419908922e+01, -2.112406197000115e+01,  8.056872037914692e-01, -1.299120127536901e+01
s131        , -1.937195493711046e+01, -1.929859095246523e+01,  0.000000000000000e+00, -1.214262178183651e+01
s132        , -1.756898825137140e+01, -1.798739906652923e+01,  3.292181069958848e-02, -1.009054966135983e+01
s133        , -1.952720456066259e+01, -1.962694824976307e+01,  1.371681415929203e-01, -1.231355130502026e+01
s134        , -1.792604080418195e+01, -1.846514071928716e+01,  0.000000000000000e+00, -1.088759243702654e+01
s135        , -2.163690184151209e+01, -2.220996963371151e+01,  5.444015444015444e-01, -1.524264397911174e+01
s136        , -2.266590946104735e+01, -2.234509708435248e+01,  4.179894179894180e-01, -1.574427223629518e+01
s137        , -1.871948299194560e+01, -1.858198523209267e+01,  2.890995260663507e-01, -1.038168223199325e+01
s138        , -2.098569970792443e+01, -2.114752032978481e+01,  4.310344827586207e-01, -1.391016492675411e+01
s139        , -1.946420871832499e+01, -1.930478114415369e+01,  0.000000000000000e+00, -1.215194312090362e+01
s140        , -1.890485827097119e+01, -1.952769257690749e+01,  0.000000000000000e+00, -1.248760850110621e+01
s141        , -2.048387804329865e+01, -2.161445044312002e+01,  3.573883161512028e-01, -1.478697810845533e+01
s142        , -1.712146112463541e+01, -1.726891333761226e+01,  0.000000000000000e+00, -9.086284563678774e+00
s143        , -2.146398341435241e+01, -2.177647768442598e+01,  5.169082125603864e-01, -1.465472597575141e+01
s144        , -2.296743054539722e+01, -2.223751924518385e+01,  7.797356828193833e-01, -1.472908005796056e+01
s145        , -2.169591974109321e+01, -2.151610274996372e+01,  2.060301507537688e-01, -1.499587053048975e+01
s146        , -2.268369172314783e+01, -2.262023787339022e+01,  4.953703703703703e-01, -1.597607851000013e+01
s147        , -2.121406114253308e+01, -2.163547610280201e+01,  3.417085427135679e-01, -1.485562067748938e+01
s148        , -2.139826235530006e+01, -2.098815392741832e+01,  3.574297188755020e-01, -1.384378814770815e+01
s149        , -1.818204101397333e+01, -1.815127490602664e+01,  0.000000000000000e+00, -1.041496576983784e+01
s150        , -2.236615053154114e+01, -2.199259635327216e+01,  5.638766519823789e-01, -1.486938494610078e+01
s151        , -2.007280490017163e+01, -1.946570046435843e+01,  5.263157894736842e-02, -1.227012475582133e+01
s152        , -2.043501428229088e+01, -2.011731883031476e+01,  0.000000000000000e+00, -1.337548185099389e+01
s153        , -2.294208833005412e+01, -2.282923016873317e+01,  6.093750000000000e-01, -1.602189779552259e+01
s154        , -1.941555486932839e+01, -1.949072136781889e+01,  0.000000000000000e+00, -1.243193636799951e+01
s155        , -2.030625886040805e+01, -2.067661352688412e+01,  0.000000000000000e+00, -1.421768121533334e+01
s156        , -1.755225478861601e+01, -1.752678552599074e+01,  7.619047619047620e-02, -9.294895169437519e+00
s157        , -1.981494689568535e+01, -1.912195177339721e+01,  1.479591836734694e-01, -1.152766422358132e+01
s158        , -2.120666701656112e+01, -2.102967635489253e+01,  2.575757575757576e-01, -1.414182479216290e+01
s159        , -2.199339551508707e+01, -2.180989557804258e+01,  4.587155963302753e-01, -1.484229799589550e+01
s160        , -1.822712376873660e+01, -1.792595141325298e+01,  0.000000000000000e+00, -1.007566825182323e+01
s161        , -1.850131544535105e+01, -1.961469831068145e+01,  0.000000000000000e+00, -1.261862382116518e+01
s162        , -2.165239460618542e+01, -2.187452909634754e+01,  6.425992779783394e-01, -1.450592470362375e+01
s163        , -2.054863013411503e+01, -2.010227462835904e+01,  0.000000000000000e+00, -1.335282793097317e+01
s164        , -2.244259094688993e+01, -2.276387629834022e+01,  3.314606741573033e-01, -1.657896292137675e+01
s165        , -2.169401378729562e+01, -2.146678463793293e+01,  6.124031007751938e-01, -1.396315270199978e+01
s166        , -1.893544650248816e+01, -1.888569901346273e+01,  0.000000000000000e+00, -1.152087920014968e+01
s167        , -1.990371422830687e+01, -2.010458098834354e+01,  0.000000000000000e+00, -1.335630090313757e+01
s168        , -2.358382467591309e+01, -2.394945727235474e+01,  2.769953051643192e-01, -1.849269881146546e+01
s169        , -2.234616115486217e+01, -2.285572372035310e+01,  3.043478260869565e-01, -1.678121614706460e+01
s170        , -1.980105726485419e+01, -1.992061401173369e+01,  1.477272727272727e-01, -1.273085594664029e+01
s171        , -2.225344967355102e+01, -2.214500215461696e+01,  5.160000000000000e-01, -1.521180102944776e+01
s172        , -2.076076397080535e+01, -2.049759950341180e+01,  7.575757575757576e-02, -1.376943910802964e+01
s173        , -2.167162181633835e+01, -2.129786439961185e+01,  2.760416666666666e-01, -1.450211589624718e+01
s174        , -2.217746151284670e+01, -2.235528012913752e+01,  4.637096774193548e-01, -1.565177230883617e+01
s175        , -1.912249737452136e+01, -1.955621982922716e+01,  1.121076233183857e-01, -1.226615339378210e+01
s176        , -2.262880123350610e+01, -2.249357562242950e+01,  3.716814159292036e-01, -1.607707480348019e+01
s177        , -1.998504477748202e+01, -2.052134329072172e+01,  4.344262295081967e-01, -1.295925290218617e+01
s178        , -1.778030448780716e+01, -1.830368802667218e+01,  0.000000000000000e+00, -1.064447310132519e+01
s179        , -2.322340610724453e+01, -2.331517706571805e+01,  6.702127659574468e-01, -1.661015899567161e+01
s180        , -1.682543251402466e+01, -1.676169564621745e+01,  0.000000000000000e+00, -8.322504002384893e+00
s181        , -1.586682207916231e+01, -1.594626203199967e+01,  0.000000000000000e+00, -7.094604514390983e+00
s182        , -2.348293513803748e+01, -2.306689367075563e+01,  4.166666666666667e-01, -1.683429062597236e+01
s183        , -2.155098810628208e+01, -2.100243906834916e+01,  8.994708994708994e-02, -1.449617186309239e+01
s184        , -2.324937775466465e+01, -2.341935008035598e+01,  5.875000000000000e-01, -1.696210792423772e+01
s185        , -2.378592453308165e+01, -2.372877455825345e+01,  5.026737967914439e-01, -1.762811408799858e+01
s186        , -2.071202883303041e+01, -2.107687445016876e+01,  2.970297029702970e-01, -1.411984246894339e+01
s187        , -2.027503475690737e+01, -2.011044597360348e+01,  7.725321888412018e-02, -1.318292648169886e+01
s188        , -2.214013663755619e+01, -2.210396148044082e+01,  2.762430939226519e-01, -1.571548113090202e+01
s189        , -2.074030596943589e+01, -2.084188769539177e+01,  4.022556390977444e-01, -1.351781249729761e+01
s190        , -1.914542963593283e+01, -1.898369685310589e+01,  0.000000000000000e+00, -1.166844669678491e+01
s191        , -1.679323473828856e+01, -1.729193560086544e+01,  2.796934865900383e-01, -8.461279238228961e+00
s192        , -1.690928184419942e+01, -1.724929642969378e+01,  0.000000000000000e+00, -9.056744953379246e+00
s193        , -2.273712334380998e+01, -2.286715966130125e+01,  4.860335195530726e-01, -1.636992074589855e+01
s194        , -2.090019731082972e+01, -2.138999480644628e+01,  3.333333333333333e-01, -1.450572245736327e+01
s195        , -1.910778599576077e+01, -1.907585013895897e+01,  0.000000000000000e+00, -1.180721332418781e+01
s196        , -1.918378235513936e+01, -1.893519887980079e+01,  0.000000000000000e+00, -1.159541728574304e+01
s197        , -2.010118773573690e+01, -2.026306243543835e+01,  5.076142131979695e-02, -1.347522240210444e+01
s198        , -2.040069724820686e+01, -2.071652090223883e+01,  4.631147540983607e-01, -1.318549253241129e+01
s199        , -2.033728659050214e+01, -2.034207640017986e+01,  5.474137931034483e-01, -1.242282100366897e+01
s200        , -1.788348829912646e+01, -1.778612633718837e+01,  0.000000000000000e+00, -9.865116299690202e+00
s201        , -1.891783601993355e+01, -1.966947994150859e+01,  0.000000000000000e+00, -1.270111531436741e+01
s202        , -2.174492495952721e+01, -2.212924099995941e+01,  4.693877551020408e-01, -1.529800510315261e+01
s203        , -2.185008698942601e+01, -2.135263604872546e+01,  0.000000000000000e+00, -1.523565213775799e+01
s204        , -2.086349108831322e+01, -2.087330708353752e+01,  1.554404145077720e-01, -1.414725213872820e+01
s205        , -2.088054945703831e+01, -2.163452199704969e+01,  5.175438596491229e-01, -1.443946648864965e+01
s206        , -2.114956534802060e+01, -2.162055596951851e+01,  5.250000000000000e-01, -1.440085038362107e+01
s207        , -1.936064601068155e+01, -1.903070751714020e+01,  3.605015673981191e-01, -1.088897328197270e+01
s208        , -2.173553987268506e+01, -2.112958602220062e+01,  0.000000000000000e+00, -1.489977805973189e+01
s209        , -1.958079034508013e+01, -1.951644395328974e+01,  0.000000000000000e+00, -1.247067005395362e+01
s210        , -2.077095411669474e+01, -2.148113922551524e+01,  4.045454545454545e-01, -1.447501212035646e+01
s211        , -2.106003856984427e+01, -2.057379995105166e+01,  1.190476190476190e-01, -1.378208156998985e+01
s212        , -1.921431398034701e+01, -1.883152232929684e+01,  1.179245283018868e-01, -1.116116702506731e+01
s213        , -1.891211086691480e+01, -1.878672928235544e+01,  2.139737991266376e-01, -1.086717897963397e+01
s214        , -1.797391097043976e+01, -1.753590672618630e+01,  0.000000000000000e+00, -9.488329609911398e+00
s215        , -2.046416066581664e+01, -2.034831304949488e+01,  0.000000000000000e+00, -1.372331848479873e+01
s216        , -2.054695205981560e+01, -2.027615647226609e+01,  4.593301435406699e-01, -1.253130743173367e+01
s217        , -2.064527960557822e+01, -2.088987205855247e+01,  2.539682539682540e-01, -1.393981263056724e+01
s218        , -2.267569057486860e+01, -2.269958347423238e+01,  4.788732394366197e-01, -1.613446842834840e+01
s219        , -1.969996813819463e+01, -2.037155761270260e+01,  1.684981684981685e-01, -1.336090830868684e+01
s220        , -2.056541179285701e+01, -2.140857619121631e+01,  4.708737864077670e-01, -1.420930586639963e+01
s221        , -2.147236245537334e+01, -2.117128751759017e+01,  0.000000000000000e+00, -1.496257317136895e+01
s222        , -1.817717386569833e+01, -1.808768640166427e+01,  0.000000000000000e+00, -1.031921267530327e+01
s223        , -2.049263974761081e+01, -2.036438911039826e+01,  6.912442396313365e-02, -1.358449236539706e+01
s224        , -2.147370851727396e+01, -2.188064435300727e+01,  4.898648648648649e-01, -1.487536589776275e+01
s225        , -2.297636192643720e+01, -2.258550985774381e+01,  5.922746781115880e-01, -1.569522997741675e+01
s226        , -2.349615644619751e+01, -2.276440560083271e+01,  5.726495726495726e-01, -1.601090239053669e+01
s227        , -1.994214785348108e+01, -2.033031536733436e+01,  3.333333333333333e-01, -1.291003174994573e+01
s228        , -1.935600154849446e+01, -1.953569322481962e+01,  0.000000000000000e+00, -1.249965606856435e+01
s229        , -1.931982821700711e+01, -1.937011401742324e+01,  1.149068322981366e-01, -1.197930870845671e+01
s230        , -1.663964761443124e+01, -1.706987532118678e+01,  0.000000000000000e+00, -8.786568346197816e+00
s231        , -1.912412961575534e+01, -1.909705603981894e+01,  3.686635944700461e-02, -1.175219429822910e+01
s232        , -2.205202611453251e+01, -2.201168354807384e+01,  3.242009132420091e-01, -1.546341559662740e+01
s233        , -2.108987100746543e+01, -2.098608398805701e+01,  5.446808510638298e-01, -1.339902886824487e+01
s234        , -2.119865480781422e+01, -2.109496725448092e+01,  4.419889502762431e-01, -1.380519251882444e+01
s235        , -1.634470488909293e+01, -1.586219588203080e+01,  4.868913857677903e-02, -6.853179621391316e+00
s236        , -2.035495556536669e+01, -2.081410857219420e+01,  0.000000000000000e+00, -1.442472455128889e+01
s237        , -2.057488800817375e+01, -2.067098662412472e+01,  5.058365758754864e-01, -1.301616410785098e+01
s238        , -2.181497599002021e+01, -2.127988006489239e+01,  6.217228464419475e-01, -1.365972617074854e+01
s239        , -1.938605784207409e+01, -1.923409212867246e+01,  2.365145228215768e-01, -1.148766511688093e+01
s240        , -1.879589433372550e+01, -1.870473262740994e+01,  2.431192660550459e-01, -1.067496522941826e+01
s241        , -1.732119998261703e+01, -1.678628891957284e+01,  0.000000000000000e+00, -8.359537143077956e+00
s242        , -2.017650413285683e+01, -2.004784359439717e+01,  0.000000000000000e+00, -1.327086437493693e+01
s243        , -1.996072124442394e+01, -1.999160817642349e+01,  0.000000000000000e+00, -1.318618373419190e+01
s244        , -2.121993688931675e+01, -2.111626617130160e+01,  4.354066985645934e-01, -1.385278954891512e+01
s245        , -2.152256201120388e+01, -2.150917684801772e+01,  1.730769230769231e-01, -1.506316338008368e+01
s246        , -1.806013829922115e+01, -1.797898025308072e+01,  9.216589861751152e-02, -9.938141900489454e+00
s247        , -1.662499542985015e+01, -1.725726460298187e+01,  0.000000000000000e+00, -9.068743619769862e+00
s248        , -2.087245838906029e+01, -2.068180951914987e+01,  3.939393939393939e-01, -1.329637727272508e+01
s249        , -2.031192930505803e+01, -2.013332626807374e+01,  3.809523809523809e-01, -1.250108864198378e+01
s250        , -1.829082894515480e+01, -1.830873859402957e+01,  1.084905660377359e-01, -1.039619727168765e+01
s251        , -2.316191337748571e+01, -2.322808026450441e+01,  5.614035087719298e-01, -1.673563929011682e+01
s252        , -1.836403387539604e+01, -1.826531580083034e+01,  0.000000000000000e+00, -1.058669128359920e+01
s253        , -1.948978591890307e+01, -1.997835152386756e+01,  0.000000000000000e+00, -1.316622154891756e+01
s254        , -1.974328758235917e+01, -2.028589589898987e+01,  1.229508196721311e-01, -1.333934282734407e+01
s255        , -2.045692599174058e+01, -1.998251368721837e+01,  0.000000000000000e+00, -1.317248903428767e+01
s256        , -1.776850461240055e+01, -1.768937795028214e+01,  1.238938053097345e-01, -9.427219758696527e+00
s257        , -2.163660994039700e+01, -2.135604271821209e+01,  2.266666666666667e-01, -1.470617591475651e+01
s258        , -1.860059101905129e+01, -1.857515605108623e+01,  0.000000000000000e+00, -1.105325616149434e+01
s259        , -2.094542362420654e+01, -2.067719532608749e+01,  0.000000000000000e+00, -1.421855730252362e+01
s260        , -1.742875942837962e+01, -1.742261054566031e+01,  3.333333333333333e-02, -9.239106965413056e+00
s261        , -2.065616574581777e+01, -2.014447137260478e+01,  0.000000000000000e+00, -1.341636880021247e+01
s262        , -2.014040040752147e+01, -1.984183578583131e+01,  5.291479820627802e-01, -1.171262763380433e+01
s263        , -1.686996628366655e+01, -1.672049771959611e+01,  0.000000000000000e+00, -8.260467176673119e+00
s264        , -2.074271161967796e+01, -2.023445944316990e+01,  4.234234234234234e-01, -1.255320706220486e+01
s265        , -2.059536695716665e+01, -2.044072996873552e+01,  4.084507042253521e-01, -1.289912816476796e+01
s266        , -2.198651133619990e+01, -2.172392005301200e+01,  5.067873303167421e-01, -1.459945410355909e+01
s267        , -1.899333543245141e+01, -1.881382883146078e+01,  5.092592592592592e-02, -1.129254369951116e+01
s268        , -1.857298059991068e+01, -1.830612578145919e+01,  2.289719626168224e-01, -1.010810069332601e+01
s269        , -2.106917022960664e+01, -2.072792140174805e+01,  0.000000000000000e+00, -1.429494184351569e+01
s270        , -1.920756052964929e+01, -1.959013384070114e+01,  0.000000000000000e+00, -1.258163405328492e+01
s271        , -1.965184309682283e+01, -1.968839091276904e+01,  0.000000000000000e+00, -1.272959190832098e+01
s272        , -2.112049940018463e+01, -2.048565663838278e+01,  5.142857142857143e-02, -1.380883657904143e+01
s273        , -1.945398506004425e+01, -1.939154399046857e+01,  2.742616033755274e-01, -1.163573129546796e+01
s274        , -2.135203005648119e+01, -2.171071379575838e+01,  4.641148325358851e-01, -1.468021328812079e+01
s275        , -2.088724638081418e+01, -2.092393655624510e+01,  3.721973094170403e-01, -1.371225789850752e+01
s276        , -1.839432489855567e+01, -1.860475169164392e+01,  0.000000000000000e+00, -1.109782198666271e+01
s277        , -2.199306195501885e+01, -2.025510101005272e+01,  8.512396694214877e-01, -1.157526097739323e+01
s278        , -2.276883612887764e+01, -2.254516368580811e+01,  2.878787878787879e-01, -1.635241055258257e+01
s279        , -2.262380984036664e+01, -2.312616060570074e+01,  3.709677419354839e-01, -1.703131967903010e+01
s280        , -1.620731240668889e+01, -1.664172344347592e+01,  0.000000000000000e+00, -8.141846982915395e+00
s281        , -2.072632910940930e+01, -2.025550572431248e+01,  6.936170212765957e-01, -1.194763227680975e+01
s282        , -1.840721485531197e+01, -1.898406069466300e+01,  3.489361702127660e-01, -1.084600901724493e+01
s283        , -1.945843055355910e+01, -1.965499579959050e+01,  0.000000000000000e+00, -1.267930474617994e+01
s284        , -2.290375248734285e+01, -2.379619795510750e+01,  3.886792452830189e-01, -1.799850440960833e+01
s285        , -2.162506652538119e+01, -2.119346603017284e+01,  3.551401869158878e-01, -1.415835202457150e+01
s286        , -2.308167299949378e+01, -2.368718377298238e+01,  3.595505617977528e-01, -1.790304987679030e+01
s287        , -1.888746545864790e+01, -1.857551581949857e+01,  3.000000000000000e-01, -1.034623105522415e+01
s288        , -2.031934863671701e+01, -2.041866787129901e+01,  0.000000000000000e+00, -1.382926046237352e+01
s289        , -2.410980627565496e+01, -2.428025381275533e+01,  4.648648648648649e-01, -1.854771926235771e+01
s290        , -2.087284446952964e+01, -2.042533062227109e+01,  0.000000000000000e+00, -1.383929339254050e+01
s291        , -2.204275686911580e+01, -2.096101044084503e+01,  8.839285714285714e-01, -1.256113771205169e+01
s292        , -1.820983264392220e+01, -1.836418382617423e+01,  2.427983539094650e-01, -1.016291556848115e+01
s293        , -1.668568749246811e+01, -1.695529091076245e+01,  4.032258064516129e-02, -8.518921321785740e+00
s294        , -2.280852590517532e+01, -2.329784716833762e+01,  4.946236559139785e-01, -1.699820000141029e+01
s295        , -1.673628435422914e+01, -1.738377580639169e+01,  1.877394636015326e-01, -8.816453151016994e+00
s296        , -2.103716924286631e+01, -2.080516437689274e+01,  6.483050847457628e-01, -1.288219220302484e+01
s297        , -2.124288787488653e+01, -2.088594099292713e+01,  3.259668508287293e-01, -1.376408040207538e+01
s298        , -2.177880180045448e+01, -2.196074423076036e+01,  5.636363636363636e-01, -1.482198798986572e+01
s299        , -1.893486515270964e+01, -1.908766451813161e+01,  6.589147286821706e-02, -1.166959495903977e+01
s300        , -1.774017522269403e+01, -1.752630216692775e+01,  2.394957983193277e-01, -8.909002538943579e+00
s301        , -2.283171483494903e+01, -2.296847785286980e+01,  5.049504950495050e-01, -1.647787135860048e+01
s302        , -1.721456897049112e+01, -1.756279020948506e+01,  0.000000000000000e+00, -9.528811403649694e+00
s303        , -2.130552121943375e+01, -2.081230690715327e+01,  6.812227074235808e-01, -1.281530953393155e+01
s304        , -2.313677054561944e+01, -2.294459494085923e+01,  3.041474654377880e-01, -1.691551312362119e+01
s305        , -1.858159986173835e+01, -1.878331593493393e+01,  4.888888888888889e-02, -1.125140111460507e+01
s306        , -2.163460095493751e+01, -2.151133154710673e+01,  1.863636363636364e-01, -1.503507051789340e+01
s307        , -1.987289536762319e+01, -2.011425916696556e+01,  0.000000000000000e+00, -1.337087453656092e+01
s308        , -2.028550026196297e+01, -1.957461820087669e+01,  7.665198237885462e-01, -1.075039016289010e+01
s309        , -2.129242792516701e+01, -2.144266370147045e+01,  3.846153846153846e-01, -1.446408094333247e+01
s310        , -1.894855963686166e+01, -1.898219179947539e+01,  3.225806451612903e-02, -1.159009789350353e+01
s311        , -2.010039836844276e+01, -2.022995353076103e+01,  0.000000000000000e+00, -1.354508988357542e+01
s312        , -1.830057188159682e+01, -1.858389445370852e+01,  0.000000000000000e+00, -1.106641465768424e+01
s313        , -1.990312271450173e+01, -1.927429762470445e+01,  1.481481481481481e-01, -1.175662457595647e+01
s314        , -1.980645538479249e+01, -1.932879139887666e+01,  0.000000000000000e+00, -1.218809833816091e+01
s315        , -1.914671781515828e+01, -1.995611226301760e+01,  3.903345724907063e-01, -1.221210711825849e+01
s316        , -2.257620253811652e+01, -2.232888916836916e+01,  5.391304347826087e-01, -1.543414807391084e+01
s317        , -1.647333233405121e+01, -1.636050204047896e+01,  5.752212389380531e-02, -7.582707890589324e+00
s318        , -2.027102701488289e+01, -1.974693870850074e+01,  1.650485436893204e-01, -1.242847832012518e+01
s319        , -1.996146248057647e+01, -1.968585929716933e+01,  2.189054726368159e-01, -1.220947888540157e+01
s320        , -2.548773082504399e+01, -2.506785950416054e+01,  5.798319327731093e-01, -1.946255850837129e+01
s321        , -1.727661852750149e+01, -1.757199777217785e+01,  0.000000000000000e+00, -9.542676372322827e+00
s322        , -2.011073789818953e+01, -2.052893765369267e+01,  1.836734693877551e-01, -1.356210314821599e+01
s323        , -2.178223238748198e+01, -2.134357757521217e+01,  2.153846153846154e-01, -1.471401495533050e+01
s324        , -1.879130547869734e+01, -1.873771672503762e+01,  0.000000000000000e+00, -1.129804392205819e+01
s325        , -2.032679436678044e+01, -1.965760046305912e+01,  0.000000000000000e+00, -1.268322691088317e+01
s326        , -2.071891083121713e+01, -2.059324242137360e+01,  5.665236051502146e-01, -1.275596125529405e+01
s327        , -1.834375983430116e+01, -1.900870126750164e+01,  0.000000000000000e+00, -1.170609894351451e+01
s328        , -2.099505369246730e+01, -2.140974876991042e+01,  4.618473895582329e-01, -1.423236082758998e+01
s329        , -2.140321290954873e+01, -2.113375320923162e+01,  6.360294117647058e-01, -1.340594200973669e+01
s330        , -2.114112529442132e+01, -2.183042338202528e+01,  5.021834061135371e-01, -1.477068798390888e+01
s331        , -1.934637322166436e+01, -1.995965872717769e+01,  2.272727272727273e-01, -1.260203799187894e+01
s332        , -1.962462779654497e+01, -2.048591698506168e+01,  3.017241379310345e-01, -1.321889245996864e+01
s333        , -2.293624249800790e+01, -2.304344528082881e+01,  4.293478260869565e-01, -1.676907225126944e+01
s334        , -1.807355423930957e+01, -1.796146406991209e+01,  0.000000000000000e+00, -1.012914406170979e+01
s335        , -1.850164643907080e+01, -1.865527496159780e+01,  1.166666666666667e-01, -1.089873625022555e+01
s336        , -2.151296308555482e+01, -2.140054891643830e+01,  3.362831858407080e-01, -1.451465769638279e+01
s337        , -1.775953587894473e+01, -1.696466365896533e+01,  4.169381107491857e-01, -7.644766144534271e+00
s338        , -2.118082550420247e+01, -2.164252485244167e+01,  4.893617021276596e-01, -1.451798658198798e+01
s339        , -1.761381998690202e+01, -1.835759601550039e+01,  0.000000000000000e+00, -1.072564904345807e+01
s340        , -1.906967392812366e+01, -1.904246627362907e+01,  1.792452830188679e-01, -1.133418302922437e+01
s341        , -2.371082699534004e+01, -2.380593375229164e+01,  4.212962962962963e-01, -1.793623565918465e+01
s342        , -1.901967676945428e+01, -1.929514646045902e+01,  5.263157894736842e-02, -1.201330044736515e+01
s343        , -1.943128604912865e+01, -1.892366548097237e+01,  2.876712328767123e-01, -1.089956125297593e+01
s344        , -2.171448714042025e+01, -2.249664592135557e+01,  4.094202898550725e-01, -1.599268887887412e+01
s345        , -1.896311499883081e+01, -1.851956954120211e+01,  0.000000000000000e+00, -1.096955266210947e+01
s346        , -2.211462969107367e+01, -2.184926102888860e+01,  4.928909952606635e-01, -1.482097083727662e+01
s347        , -1.640817037109120e+01, -1.703644725088746e+01,  1.549295774647887e-01, -8.370821443951060e+00
s348        , -2.058778590237884e+01, -2.045193478773708e+01,  1.531100478468899e-01, -1.351823593313199e+01
s349        , -1.918353701640313e+01, -1.901359027257541e+01,  0.000000000000000e+00, -1.171346092457858e+01
s350        , -2.047073332015930e+01, -2.100472761271219e+01,  2.775330396475771e-01, -1.405718600701222e+01
s351        , -2.167714580870165e+01, -2.193913106479656e+01,  3.591160220994475e-01, -1.527181508192180e+01
s352        , -2.086238589025425e+01, -2.051284636353846e+01,  6.372549019607843e-02, -1.382077654534956e+01
s353        , -1.920058764071421e+01, -1.964336803778354e+01,  0.000000000000000e+00, -1.266179538365141e+01
s354        , -2.053223705409261e+01, -2.082984353306454e+01,  6.192893401015229e-01, -1.298778993198665e+01
s355        , -1.704257081119439e+01, -1.768545239845905e+01,  0.000000000000000e+00, -9.713519068886001e+00
s356        , -2.127143545968418e+01, -2.137943626380546e+01,  4.461538461538462e-01, -1.422372963288369e+01
s357        , -1.906625211198675e+01, -1.945350629852359e+01,  9.854014598540146e-02, -1.214348455399815e+01
s358        , -2.032987192881253e+01, -1.980998796076928e+01,  3.076923076923077e-02, -1.284012469933784e+01
s359        , -2.136102912880764e+01, -2.138023603175810e+01,  3.190476190476190e-01, -1.452472112017349e+01
s360        , -1.881386071055488e+01, -1.832275936183294e+01,  1.494845360824742e-01, -1.032062349860762e+01
s361        , -2.182643688719446e+01, -2.129129636367723e+01,  5.545851528384279e-01, -1.383526512938604e+01
s362        , -2.091897008712596e+01, -2.084665505369200e+01,  0.000000000000000e+00, -1.447373382349739e+01
s363        , -1.798497754334610e+01, -1.875517305911582e+01,  0.000000000000000e+00, -1.132433008846481e+01
s364        , -1.789393844733154e+01, -1.760178036587120e+01,  0.000000000000000e+00, -9.587523716005453e+00
s365        , -2.184332997178521e+01, -2.178034253546623e+01,  6.621621621621622e-01, -1.431795616052980e+01
s366        , -2.293131491804218e+01, -2.280817468886732e+01,  5.043103448275862e-01, -1.623799284090857e+01
s367        , -2.320311495695380e+01, -2.255683275997838e+01,  5.352112676056338e-01, -1.578663457554227e+01
s368        , -1.944159222026194e+01, -1.980649136466827e+01,  0.000000000000000e+00, -1.290743040049306e+01
s369        , -2.221834550731525e+01, -2.256841455439703e+01,  4.622641509433962e-01, -1.597612459213396e+01
s370        , -1.739352775780219e+01, -1.796952019252746e+01,  0.000000000000000e+00, -1.014127516430619e+01
s371        , -2.131349702655302e+01, -2.048078658521088e+01,  4.469273743016760e-02, -1.381738997911384e+01
s372        , -2.230067528571091e+01, -2.188577431618909e+01,  3.826530612244898e-01, -1.513595578142970e+01
s373        , -1.609460498694387e+01, -1.601887632314701e+01,  0.000000000000000e+00, -7.203948855078225e+00
s374        , -1.846307154319872e+01, -1.939089089122202e+01,  4.508196721311475e-01, -1.121832571866963e+01
s375        , -2.092466765927065e+01, -2.076125816165347e+01,  0.000000000000000e+00, -1.434514113589893e+01
s376        , -2.335896110191541e+01, -2.389447886719573e+01,  4.042553191489361e-01, -1.810976111823310e+01
s377        , -2.209438728501526e+01, -2.252229317614484e+01,  5.606060606060607e-01, -1.567472899606237e+01
s378        , -2.111108779470583e+01, -2.116793683643139e+01,  0.000000000000000e+00, -1.495752763534055e+01
s379        , -1.875225846070942e+01, -1.830195411604873e+01,  1.862745098039216e-01, -1.020252324075321e+01
s380        , -1.834869608623442e+01, -1.848771690502028e+01,  5.343511450381679e-02, -1.079555847924158e+01
s381        , -2.068155326614140e+01, -2.004637843855311e+01,  6.914893617021277e-02, -1.310556645735255e+01
s382        , -1.804666933121612e+01, -1.798968096352062e+01,  0.000000000000000e+00, -1.017163373666381e+01
s383        , -2.062194236740874e+01, -2.113644580961110e+01,  2.846441947565543e-01, -1.423875836728506e+01
s384        , -1.800916137079852e+01, -1.861756535848111e+01,  0.000000000000000e+00, -1.111711711342027e+01
s385        , -2.216424509641620e+01, -2.241935637931197e+01,  4.587813620071685e-01, -1.575988357148450e+01
s386        , -2.182057698940036e+01, -2.172441126730831e+01,  2.680412371134021e-01, -1.516328985953657e+01
s387        , -1.799817167842237e+01, -1.763041211132914e+01,  0.000000000000000e+00, -9.630638084821253e+00
s388        , -2.351217009702901e+01, -2.387806804936337e+01,  3.673469387755102e-01, -1.817209980390255e+01
s389        , -2.149803565649794e+01, -2.208095774000675e+01,  4.194756554307116e-01, -1.534301950379019e+01
s390        , -2.025125341850577e+01, -1.972444630896876e+01,  0.000000000000000e+00, -1.278388498842109e+01
s391        , -1.925641978436478e+01, -1.885264002608763e+01,  0.000000000000000e+00, -1.147109818430276e+01
s392        , -1.954014294555121e+01, -2.049657320105559e+01,  2.863636363636364e-01, -1.327116745142553e+01
s393        , -2.007195889273447e+01, -1.996126027805631e+01,  0.000000000000000e+00, -1.314048514117706e+01
s394        , -1.933645012315517e+01, -1.948511448528265e+01,  2.620967741935484e-01, -1.180532342315761e+01
s395        , -2.191328817199827e+01, -2.119800076110796e+01,  7.946428571428572e-01, -1.312858879190130e+01
s396        , -1.985518647713905e+01, -1.959111367780530e+01,  6.953125000000000e-01, -1.094317592118582e+01
s397        , -1.859895904181181e+01, -1.865281832997198e+01,  0.000000000000000e+00, -1.117020188315401e+01
s398        , -2.089338265909714e+01, -2.096147332579416e+01,  2.540540540540541e-01, -1.404742917124536e+01
s399        , -1.650074457052408e+01, -1.664774442774455e+01,  0.000000000000000e+00, -8.150913525392635e+00
s400        , -1.659170957499870e+01, -1.679171514361403e+01,  0.000000000000000e+00, -8.367708081344110e+00
s401        , -1.654426837808786e+01, -1.693808866366230e+01,  0.000000000000000e+00, -8.588120837440197e+00
s402        , -1.877939202276407e+01, -1.859721347832242e+01,  0.000000000000000e+00, -1.108647076429897e+01
s403        , -2.106694758002669e+01, -2.081372431106318e+01,  2.688172043010753e-01, -1.379012544301589e+01
s404        , -2.165676773412189e+01, -2.213038092154263e+01,  4.150943396226415e-01, -1.542777569504791e+01
s405        , -2.212611753855641e+01, -2.217424895237083e+01,  5.113122171945701e-01, -1.526689795786683e+01
s406        , -1.885653015374473e+01, -1.883345659739403e+01,  0.000000000000000e+00, -1.144221131741362e+01
s407        , -1.790225292709843e+01, -1.754908469984267e+01,  1.378091872791520e-01, -9.183142608215393e+00
s408        , -1.653237145459570e+01, -1.686157985628072e+01,  0.000000000000000e+00, -8.472912040828362e+00
s409        , -1.984138826084547e+01, -1.989046181184612e+01,  0.000000000000000e+00, -1.303387511321833e+01
s410        , -1.632163885458830e+01, -1.708295755395803e+01,  0.000000000000000e+00, -8.806267885978315e+00
s411        , -1.826950002229553e+01, -1.824989366387722e+01,  0.000000000000000e+00, -1.056346825999761e+01
s412        , -2.254085603631221e+01, -2.220175859232234e+01,  0.000000000000000e+00, -1.651428122337260e+01
s413        , -1.907038707751166e+01, -1.933695872479775e+01,  0.000000000000000e+00, -1.220039689336139e+01
s414        , -1.996831080241482e+01, -1.983207759397523e+01,  5.970149253731343e-02, -1.280514943385289e+01
s415        , -2.069762370804266e+01, -2.019747522789412e+01,  1.674008810572687e-01, -1.310135889373318e+01
s416        , -1.735494379178349e+01, -1.782813546191656e+01,  0.000000000000000e+00, -9.928374646961412e+00
s417        , -1.714858900796163e+01, -1.671509752515662e+01,  0.000000000000000e+00, -8.252335434405328e+00
s418        , -2.014294405560549e+01, -1.974280985925738e+01,  0.000000000000000e+00, -1.281153726274975e+01
s419        , -1.771416578387462e+01, -1.767800432686482e+01,  0.000000000000000e+00, -9.702303584096528e+00
s420        , -2.335906844703241e+01, -2.325696516120427e+01,  3.875598086124402e-01, -1.718915499360725e+01
s421        , -2.045819521600993e+01, -2.047015387300264e+01,  6.334841628959276e-01, -1.241268133052922e+01
s422        , -1.913624718404630e+01, -1.893975253969901e+01,  0.000000000000000e+00, -1.160227429600118e+01
s423        , -2.001718266940652e+01, -2.014057401505152e+01,  0.000000000000000e+00, -1.341050006576159e+01
s424        , -2.199980092896302e+01, -2.164139048787871e+01,  6.055045871559632e-01, -1.424234890931734e+01
s425        , -1.799669141475633e+01, -1.849424021071197e+01,  2.631578947368421e-02, -1.086934388102462e+01
s426        , -2.179879403652462e+01, -2.134374317243788e+01,  3.692307692307693e-01, -1.435140951859238e+01
s427        , -1.855895626610580e+01, -1.905714447837333e+01,  0.000000000000000e+00, -1.177904589197112e+01
s428        , -2.201089453299450e+01, -2.221649307363365e+01,  2.216748768472906e-01, -1.601363610775502e+01
s429        , -2.010895188317044e+01, -2.044498966592454e+01,  3.196347031963470e-01, -1.311502004709090e+01
s430        , -2.197039083997888e+01, -2.157569361030284e+01,  6.441947565543071e-01, -1.405216803768344e+01
s431        , -2.053790779896415e+01, -2.011703618497680e+01,  5.970149253731343e-02, -1.323424691265372e+01
s432        , -2.056150222449639e+01, -2.039850591117388e+01,  6.641509433962264e-01, -1.223246278701240e+01
s433        , -1.961788415450921e+01, -2.004395001436148e+01,  3.670033670033670e-01, -1.239940326922594e+01
s434        , -2.169585176655818e+01, -2.146320885470557e+01,  3.659574468085106e-01, -1.453902412221753e+01
s435        , -1.969212203292086e+01, -1.949526836248596e+01,  0.000000000000000e+00, -1.243878334159277e+01
s436        , -1.841763911968392e+01, -1.831008321101281e+01,  1.961722488038277e-01, -1.019141985337003e+01
s437        , -2.085473352476042e+01, -2.031288078729118e+01,  4.111111111111111e-01, -1.270033508279769e+01
s438        , -2.075193174001312e+01, -2.115696780960432e+01,  3.073394495412844e-01, -1.421613285349001e+01
s439        , -1.747889033992054e+01, -1.721246342258312e+01,  0.000000000000000e+00, -9.001280928124610e+00
s440        , -2.292628299240021e+01, -2.309088887366651e+01,  3.692946058091287e-01, -1.698215284477210e+01
s441        , -1.928590410708185e+01, -1.904093218262135e+01,  1.490384615384615e-01, -1.140311744369999e+01
s442        , -2.265396374356312e+01, -2.215824522063246e+01,  1.530054644808743e-01, -1.608788576104635e+01
s443        , -1.939450551490213e+01, -1.933440292319754e+01,  2.869565217391304e-01, -1.151974522812782e+01
s444        , -2.014197468633274e+01, -2.027961853840409e+01,  2.088888888888889e-01, -1.312720046296369e+01
s445        , -2.136890748153691e+01, -2.120918227854580e+01,  1.000000000000000e-01, -1.478378039296386e+01
s446        , -1.984877428373165e+01, -1.986748955933759e+01,  3.765690376569038e-02, -1.291046702146600e+01
s447        , -2.124129540469972e+01, -2.129236876442866e+01,  5.665399239543726e-01, -1.380868397684773e+01
s448        , -1.996883442559681e+01, -2.040975481051832e+01,  2.925764192139738e-01, -1.312578103991410e+01
s449        , -2.213132573342666e+01, -2.238197595334933e+01,  5.000000000000000e-01, -1.560637875640428e+01
s450        , -2.393776981346641e+01, -2.276733167489309e+01,  4.814814814814815e-01, -1.623033360791097e+01
s451        , -1.778758837631850e+01, -1.809124464531974e+01,  1.904761904761905e-01, -9.875321967616436e+00
s452        , -2.093231028730361e+01, -2.069110174776714e+01,  0.000000000000000e+00, -1.423949792572399e+01
s453        , -1.913112365245808e+01, -1.900970766934553e+01,  0.000000000000000e+00, -1.170761440754160e+01
s454        , -1.694745233262931e+01, -1.748230612855871e+01,  0.000000000000000e+00, -9.407616544818756e+00
s455        , -1.959305905778561e+01, -1.925822784998056e+01,  0.000000000000000e+00, -1.208184205432636e+01
s456        , -1.690137029519855e+01, -1.740398484979272e+01,  3.630363036303631e-02, -9.204054333568582e+00
s457        , -1.744399185749123e+01, -1.710572618399704e+01,  0.000000000000000e+00, -8.840553435015973e+00
s458        , -2.020627098912283e+01, -2.035689368533848e+01,  4.072398190045249e-01, -1.277574141990223e+01
s459        , -1.884232545378780e+01, -1.987223477818145e+01,  5.863453815261044e-01, -1.162349988534689e+01
s460        , -2.233016805188693e+01, -2.239002701121724e+01,  3.275109170305677e-01, -1.602532742510132e+01
s461        , -1.623645396367353e+01, -1.660216074651516e+01,  0.000000000000000e+00, -8.082272525234529e+00
s462        , -2.313545884021418e+01, -2.257160942583894e+01,  4.512820512820513e-01, -1.600683740518675e+01
s463        , -2.090493117250811e+01, -2.053748192170739e+01,  1.025641025641026e-01, -1.376627031028325e+01
s464        , -1.633431188033305e+01, -1.675447091998521e+01,  0.000000000000000e+00, -8.311624836396657e+00
s465        , -1.999082968954132e+01, -2.006759892314203e+01,  0.000000000000000e+00, -1.330061242263574e+01
s466        , -1.900684695054017e+01, -1.842897447242864e+01,  2.467532467532468e-01, -1.025115104014038e+01
s467        , -1.783078222536251e+01, -1.809986983379948e+01,  1.400778210116732e-01, -1.000717736902724e+01
s468        , -1.945030486126850e+01, -1.876742072971748e+01,  2.334801762114538e-01, -1.079209681187535e+01
s469        , -2.270314762369042e+01, -2.236117885993027e+01,  3.316831683168317e-01, -1.597204669814128e+01
s470        , -2.119907484802825e+01, -2.144822329642384e+01,  3.788546255506608e-01, -1.448603978861295e+01
s471        , -1.972012875359749e+01, -1.945541418764232e+01,  0.000000000000000e+00, -1.237876996952708e+01
s472        , -1.766462305551830e+01, -1.774404157615221e+01,  0.000000000000000e+00, -9.801744057452892e+00
s473        , -2.127822401317911e+01, -2.149139261536681e+01,  2.583333333333334e-01, -1.483530142280057e+01
s474        , -1.654177405306909e+01, -1.716255321501945e+01,  2.014388489208633e-01, -8.451020098745273e+00
s475        , -2.297159509003216e+01, -2.339086913740095e+01,  3.708920187793427e-01, -1.743010273031587e+01
s476        , -2.252587602064435e+01, -2.256693353163755e+01,  7.400000000000000e-01, -1.531883882919322e+01
s477        , -2.178946083596680e+01, -2.150700132982681e+01,  5.317725752508361e-01, -1.421388358525009e+01
s478        , -1.788602657411998e+01, -1.815624278614755e+01,  3.013100436681223e-01, -9.711789857077138e+00
s479        , -1.952938513246325e+01, -1.893158148972609e+01,  0.000000000000000e+00, -1.158997013303415e+01
s480        , -2.203955610850313e+01, -2.177301920103982e+01,  4.535519125683060e-01, -1.479894750146877e+01
s481        , -1.615402914764109e+01, -1.732338646161846e+01,  0.000000000000000e+00, -9.168311499912939e+00
s482        , -2.215324565636576e+01, -2.209677444073331e+01,  6.037735849056604e-01, -1.493215965035249e+01
s483        , -2.217560840271064e+01, -2.229341545460989e+01,  5.654008438818565e-01, -1.531877066942941e+01
s484        , -2.403070638423247e+01, -2.422025943215246e+01,  5.138121546961326e-01, -1.834193335260295e+01
s485        , -1.896886917982663e+01, -1.942053697200032e+01,  0.000000000000000e+00, -1.232625102196009e+01
s486        , -2.293847835350512e+01, -2.309227933880388e+01,  3.364055299539171e-01, -1.706181737364683e+01
s487        , -1.935879902533930e+01, -1.985355940148872e+01,  4.250000000000000e-01, -1.197592020214745e+01
s488        , -2.071941340396909e+01, -2.005253585510912e+01,  0.000000000000000e+00, -1.327793009362363e+01
s489        , -2.120929532988995e+01, -2.079986923433042e+01,  1.869158878504673e-02, -1.435919745266240e+01
s490        , -2.336106814107168e+01, -2.299532858839079e+01,  3.626943005181347e-01, -1.685382306678649e+01
s491        , -1.878377211600346e+01, -1.844481831375347e+01,  0.000000000000000e+00, -1.085699047150227e+01
s492        , -2.196689093989351e+01, -2.234388344941291e+01,  4.747081712062257e-01, -1.560867034974992e+01
s493        , -2.118321097196467e+01, -2.074922472871080e+01,  5.744680851063830e-01, -1.297210565137827e+01
s494        , -2.014379663919148e+01, -2.013265458350183e+01,  0.000000000000000e+00, -1.339857479584934e+01
s495        , -1.971897958689983e+01, -1.938685588957929e+01,  0.000000000000000e+00, -1.227553324047700e+01
s496        , -2.171934681583978e+01, -2.147365213026296e+01,  3.842592592592592e-01, -1.451158400407956e+01
s497        , -1.930074135275753e+01, -1.908583189420345e+01,  8.071748878923767e-02, -1.163186735850402e+01
s498        , -2.146882601091719e+01, -2.192067206243351e+01,  4.930875576036866e-01, -1.492803968048654e+01
s499        , -1.852368794388046e+01, -1.839393117243710e+01,  8.071748878923767e-02, -1.058998666191966e+01
s500        , -2.050589701281523e+01, -2.115973808094214e+01,  5.111111111111111e-01, -1.373969748267247e+01
s501        , -2.141899489528082e+01, -2.157433101569022e+01,  5.018726591760300e-01, -1.438579087244828e+01
s502        , -1.777920620854658e+01, -1.787137499976794e+01,  0.000000000000000e+00, -9.993485779815233e+00
s503        , -2.264989988763092e+01, -2.269307845187051e+01,  4.300518134715026e-01, -1.623982108565893e+01
s504        , -1.994570445298742e+01, -1.995307976355933e+01,  4.166666666666666e-02, -1.302989355211227e+01
s505        , -2.256898602446125e+01, -2.225847300707549e+01,  3.655913978494624e-01, -1.573741529799121e+01
s506        , -2.050664132584332e+01, -2.000076719763486e+01,  0.000000000000000e+00, -1.319997560793842e+01
s507        , -2.255451727781655e+01, -2.222527379145146e+01,  6.211604095563140e-01, -1.508464925096083e+01
s508        , -2.063695726234980e+01, -2.061749037461065e+01,  4.329004329004329e-02, -1.402655015588130e+01
s509        , -2.049565878814769e+01, -2.041962937732259e+01,  2.000000000000000e-01, -1.335899708508347e+01
s510        , -1.886667658587990e+01, -1.915770928122170e+01,  3.127572016460906e-01, -1.119282335238812e+01
s511        , -2.270091090950000e+01, -2.315595115090980e+01,  5.492957746478874e-01, -1.665558231257261e+01
s512        , -2.052865138648571e+01, -2.056230358253090e+01,  7.874015748031496e-02, -1.385983747522486e+01
s513        , -1.872228566034903e+01, -1.867627091942812e+01,  0.000000000000000e+00, -1.120551735468134e+01
s514        , -2.338235400416073e+01, -2.330736943652225e+01,  4.525139664804469e-01, -1.711185692943419e+01
s515        , -2.063189590001077e+01, -2.068371579251900e+01,  0.000000000000000e+00, -1.422837597721783e+01
s516        , -2.353360034901451e+01, -2.335071719425722e+01,  4.807692307692308e-01, -1.711048939416150e+01
s517        , -2.274108402549141e+01, -2.245947489606731e+01,  3.516483516483516e-01, -1.607297421966408e+01
s518        , -2.095244706423326e+01, -2.110862150546139e+01,  0.000000000000000e+00, -1.486820918775837e+01
s519        , -2.165153402286209e+01, -2.117538029521901e+01,  6.206896551724138e-01, -1.350480475163108e+01
s520        , -1.917430642162448e+01, -2.002830243960780e+01,  3.285714285714286e-01, -1.246648466189896e+01
s521        , -2.048146586988528e+01, -1.965697320549503e+01,  2.990654205607476e-01, -1.197691977534436e+01
s522        , -1.837039701152461e+01, -1.878906623262868e+01,  0.000000000000000e+00, -1.137536724179930e+01
s523        , -2.237538522976599e+01, -2.213623034515398e+01,  2.878787878787879e-01, -1.573662892320427e+01
s524        , -2.219430447580721e+01, -2.200954236404563e+01,  7.416267942583732e-01, -1.447566895877643e+01
s525        , -2.096151325596525e+01, -2.061667158155583e+01,  1.377777777777778e-01, -1.380246256750278e+01
s526        , -2.193172581512368e+01, -2.180622880969111e+01,  4.590163934426229e-01, -1.483606704130508e+01
s527        , -2.063376120076111e+01, -2.088963194949062e+01,  6.381909547738693e-01, -1.303324024288354e+01
s528        , -1.776721144005281e+01, -1.791888533600439e+01,  2.873134328358209e-01, -9.387383110502142e+00
s529        , -2.226349149791107e+01, -2.263426605550214e+01,  4.565217391304348e-01, -1.608882916229662e+01
s530        , -2.300566448791293e+01, -2.290625604284189e+01,  3.242009132420091e-01, -1.681048430847200e+01
s531        , -1.846679125419261e+01, -1.796250786410251e+01,  6.557377049180328e-02, -9.976056410351978e+00
s532        , -1.859817726729017e+01, -1.922362039261404e+01,  0.000000000000000e+00, -1.202972931523861e+01
s533        , -2.134099683522431e+01, -2.211606901012939e+01,  3.800000000000000e-01, -1.548899644730431e+01
s534        , -2.286936511308830e+01, -2.319474450052127e+01,  5.159817351598173e-01, -1.679257130230263e+01
s535        , -1.777040539985326e+01, -1.826272969165811e+01,  0.000000000000000e+00, -1.058279705840034e+01
s536        , -1.995222678224889e+01, -1.999483227596367e+01,  1.473214285714286e-01, -1.284357279469607e+01
s537        , -2.015268820600640e+01, -2.117651469174474e+01,  4.745762711864407e-01, -1.385112957798346e+01
s538        , -1.740140208992538e+01, -1.800385285126044e+01,  4.366812227074236e-02, -1.008998038534705e+01
s539        , -1.924950405987826e+01, -1.990403138475551e+01,  7.352941176470588e-02, -1.288088525289233e+01
s540        , -2.157643164881004e+01, -2.151616104228805e+01,  5.967741935483871e-01, -1.407436653131434e+01
s541        , -1.586673793577160e+01, -1.631697531890466e+01,  0.000000000000000e+00, -7.652833470429099e+00
s542        , -2.009907109345192e+01, -1.990736324471957e+01,  0.000000000000000e+00, -1.305932569608593e+01
s543        , -1.879069098033760e+01, -1.894040687073089e+01,  2.644628099173554e-01, -1.097950920849584e+01
s544        , -2.248614661420541e+01, -2.221512970536204e+01,  7.154471544715447e-01, -1.484699345793611e+01
s545        , -1.987972862262733e+01, -2.044731847646602e+01,  4.980988593155893e-01, -1.269760908741664e+01
s546        , -2.126472237694319e+01, -2.046521331757312e+01,  5.494505494505494e-02, -1.376975871246373e+01
s547        , -1.738356621674509e+01, -1.758395766969378e+01,  2.470588235294118e-01, -8.977983757565351e+00
s548        , -1.943625792183643e+01, -2.023465775090935e+01,  4.494382022471910e-01, -1.249214836137275e+01
s549        , -2.233202963006129e+01, -2.260212350234077e+01,  5.142857142857142e-01, -1.590418855444523e+01
s550        , -2.412763530103872e+01, -2.391038177363503e+01,  4.421052631578947e-01, -1.804443687667777e+01
s551        , -1.731823103856605e+01, -1.731099151077241e+01,  0.000000000000000e+00, -9.149646885734420e+00
s552        , -2.060923402045430e+01, -2.115322248543241e+01,  2.666666666666667e-01, -1.430642209798007e+01
s553        , -1.992869680942914e+01, -1.964672331172391e+01,  7.305936073059360e-02, -1.249453322880064e+01
s554        , -1.812921854031919e+01, -1.778921699080562e+01,  0.000000000000000e+00, -9.869770280011855e+00
s555        , -2.102602816640752e+01, -2.034144700103812e+01,  5.555555555555556e-01, -1.240267043519802e+01
s556        , -1.941820686683750e+01, -1.948617267309179e+01,  3.961352657004831e-01, -1.149077955515457e+01
s557        , -2.190718211184164e+01, -2.170928105840286e+01,  5.063291139240507e-01, -1.457849108358154e+01
s558        , -1.909304407213536e+01, -1.867978805829539e+01,  7.655502392344497e-02, -1.103025422188984e+01
s559        , -2.023025085829861e+01, -2.012131721504971e+01,  2.369668246445497e-02, -1.332561275771171e+01
s560        , -2.107002513254548e+01, -2.102858343818863e+01,  0.000000000000000e+00, -1.474768594698112e+01
s561        , -2.121559386756793e+01, -2.109671992622866e+01,  5.638766519823789e-01, -1.352035274177135e+01
s562        , -1.764234380631898e+01, -1.803267851850245e+01,  0.000000000000000e+00, -1.023638048591062e+01
s563        , -1.646928563220792e+01, -1.762394420593114e+01,  0.000000000000000e+00, -9.620898557791543e+00
s564        , -1.863449571719480e+01, -1.817316092508937e+01,  0.000000000000000e+00, -1.044792226210500e+01
s565        , -2.028655126138008e+01, -2.004188456226500e+01,  0.000000000000000e+00, -1.326189112147222e+01
s566        , -1.821002786093300e+01, -1.810256695847925e+01,  0.000000000000000e+00, -1.034162017454735e+01
s567        , -2.066943738863287e+01, -2.078073964820927e+01,  9.139784946236559e-02, -1.415890986272305e+01
s568        , -2.062629415098700e+01, -2.034172119188026e+01,  3.940886699507389e-02, -1.362044428072865e+01
s569        , -2.065075063553067e+01, -2.124638897200144e+01,  3.764705882352941e-01, -1.418773570944786e+01
s570        , -2.031634942577389e+01, -2.028319824888627e+01,  0.000000000000000e+00, -1.362526705678047e+01
s571        , -2.047206271335130e+01, -2.016508977151836e+01,  0.000000000000000e+00, -1.344741647966524e+01
s572        , -2.393038589894997e+01, -2.379485364031572e+01,  3.551401869158878e-01, -1.807558386156452e+01
s573        , -1.926109501090367e+01, -1.915307356771348e+01,  1.472868217054264e-01, -1.157611397114734e+01
s574        , -2.085894290369713e+01, -2.081759984988030e+01,  0.000000000000000e+00, -1.442998180093921e+01
s575        , -2.021973442813006e+01, -2.096188320592239e+01,  2.398190045248869e-01, -1.408162054261795e+01
s576        , -1.844714179521902e+01, -1.842345229997953e+01,  1.339712918660287e-01, -1.050883819721730e+01
s577        , -1.949977509463960e+01, -1.922760684963737e+01,  1.461187214611872e-01, -1.169110300420826e+01
s578        , -2.108198153892643e+01, -2.084142605169770e+01,  1.967871485943775e-01, -1.400172632134378e+01
s579        , -2.029210259566103e+01, -2.013384085191927e+01,  0.000000000000000e+00, -1.340036110727554e+01
s580        , -2.195204710511243e+01, -2.251680461100718e+01,  3.937007874015748e-01, -1.606011964676495e+01
s581        , -2.000078291173359e+01, -2.003688380637359e+01,  0.000000000000000e+00, -1.325436086334747e+01
s582        , -2.354247422413414e+01, -2.314948418635631e+01,  5.412844036697247e-01, -1.666473947082453e+01
s583        , -1.881717670098672e+01, -1.924625463574930e+01,  0.000000000000000e+00, -1.206381250125439e+01
s584        , -2.079214981383572e+01, -2.021355963862986e+01,  2.808988764044944e-02, -1.345415198962092e+01
s585        , -2.214462266832296e+01, -2.226394816129583e+01,  4.708994708994709e-01, -1.549728490993806e+01
s586        , -1.671124709479596e+01, -1.698943726325815e+01,  0.000000000000000e+00, -8.665442789900343e+00
s587        , -1.722924462132460e+01, -1.673698504644100e+01,  4.035874439461883e-02, -8.190105822721790e+00
s588        , -2.306180681354529e+01, -2.269135331182541e+01,  5.714285714285714e-01, -1.590377830214630e+01
s589        , -2.054966159202169e+01, -2.115259505791256e+01,  3.539518900343643e-01, -1.409961019953028e+01
s590        , -2.302597507766974e+01, -2.325327391465423e+01,  4.691358024691358e-01, -1.699119506154990e+01
s591        , -2.031576031139625e+01, -2.035149769930260e+01,  0.000000000000000e+00, -1.372811400683775e+01
s592        , -1.675983730084032e+01, -1.623492121050079e+01,  1.054687500000000e-01, -7.280520454408126e+00
s593        , -1.833051427645905e+01, -1.901380507034696e+01,  4.090909090909091e-01, -1.074892048016091e+01
s594        , -1.700453572465554e+01, -1.718322046638587e+01,  0.000000000000000e+00, -8.957246183522527e+00
s595        , -2.121342929627275e+01, -2.071423170266376e+01,  4.764397905759162e-01, -1.315061755366238e+01
s596        , -1.895402289388661e+01, -1.889012473287704e+01,  3.348416289592760e-01, -1.073780076106472e+01
s597        , -2.389559541191659e+01, -2.396791403055169e+01,  5.865384615384616e-01, -1.779041651587723e+01
s598        , -1.923753651242740e+01, -1.939431408650628e+01,  2.837837837837838e-01, -1.161744397504591e+01
s599        , -2.358158831573873e+01, -2.321783091969888e+01,  4.170854271356784e-01, -1.706058788437097e+01
s600        , -1.942143232536245e+01, -1.952055790209318e+01,  3.704918032786885e-01, -1.160303920422795e+01
s601        , -2.073803555561576e+01, -2.030899888373359e+01,  1.500000000000000e-01, -1.331033484427123e+01
s602        , -1.821856306700227e+01, -1.785674517829389e+01,  2.248803827751196e-01, -9.441062827175715e+00
s603        , -1.722454836479658e+01, -1.720162897857491e+01,  0.000000000000000e+00, -8.984966162558875e+00
s604        , -1.805154515236764e+01, -1.793297878530402e+01,  1.161048689138577e-01, -9.812410380982117e+00
s605        , -2.021935755598555e+01, -1.988521955943264e+01,  3.221757322175732e-01, -1.226611163938813e+01
s606        , -1.827906736534894e+01, -1.891197344925364e+01,  0.000000000000000e+00, -1.156044387554749e+01
s607        , -2.237721630921111e+01, -2.253135431133085e+01,  5.133928571428571e-01, -1.579972846351766e+01
s608        , -2.098562136420296e+01, -2.133740697280584e+01,  3.054393305439331e-01, -1.449232400924542e+01
s609        , -1.946776205882490e+01, -1.936167462942772e+01,  0.000000000000000e+00, -1.223761469516804e+01
s610        , -2.069261977150295e+01, -2.082764201457616e+01,  5.234899328859061e-01, -1.321042311664446e+01
s611        , -2.170289912291919e+01, -2.171931449028291e+01,  6.028880866425993e-01, -1.436585990398373e+01
s612        , -1.930046031145336e+01, -1.896567802445839e+01,  1.589743589743590e-01, -1.126636355565740e+01
s613        , -2.385958137896088e+01, -2.372056230947283e+01,  4.623655913978494e-01, -1.771081705383793e+01
s614        , -1.933674081040147e+01, -1.923441781763167e+01,  7.281553398058252e-02, -1.187424880900913e+01
s615        , -1.973716697922491e+01, -1.961811355288511e+01,  6.250000000000000e-02, -1.247635681347716e+01
s616        , -1.815004309366292e+01, -1.769448921786685e+01,  0.000000000000000e+00, -9.727126928226683e+00
s617        , -1.832352306169715e+01, -1.836172193822961e+01,  3.250000000000000e-01, -9.965331198145247e+00
s618        , -1.700993990522181e+01, -1.709879364524595e+01,  0.000000000000000e+00, -8.830114251942650e+00
s619        , -2.331208521979489e+01, -2.289687209819058e+01,  6.850000000000001e-01, -1.594538882359872e+01
s620        , -2.294394567846179e+01, -2.320299827724708e+01,  4.210526315789473e-01, -1.702889566116455e+01
s621        , -2.117716243218820e+01, -2.112308112191994e+01,  0.000000000000000e+00, -1.488998282492083e+01
s622        , -2.002792552777272e+01, -1.980508883043350e+01,  4.745762711864407e-01, -1.178600363325395e+01
s623        , -1.988853831837967e+01, -1.939026597412814e+01,  0.000000000000000e+00, -1.228066822755448e+01
s624        , -2.364575476956619e+01, -2.306218810392093e+01,  4.396135265700483e-01, -1.677308341235715e+01
s625        , -2.144171537166414e+01, -2.123480997265823e+01,  6.946902654867256e-01, -1.341976078804534e+01
s626        , -2.037069722396305e+01, -2.010003788943936e+01,  2.631578947368421e-02, -1.328739252796768e+01
s627        , -1.998545144661707e+01, -1.995285104909870e+01,  0.000000000000000e+00, -1.312782232258406e+01
s628        , -2.158119065398551e+01, -2.141400701424678e+01,  4.504950495049505e-01, -1.426554812580851e+01
s629        , -1.843917864187274e+01, -1.785969103649358e+01,  0.000000000000000e+00, -9.975891787769552e+00
s630        , -1.962256463480217e+01, -1.989624098835724e+01,  0.000000000000000e+00, -1.304257753577646e+01
s631        , -2.101091990223662e+01, -2.085425523604755e+01,  3.590909090909091e-01, -1.363824227729476e+01
s632        , -2.022844039713042e+01, -1.961126430202494e+01,  1.032608695652174e-01, -1.236990624646843e+01
s633        , -2.473876586737651e+01, -2.468483146507312e+01,  5.294117647058824e-01, -1.900470450224571e+01
s634        , -2.051539403555230e+01, -2.032223502149882e+01,  0.000000000000000e+00, -1.368404956496768e+01
s635        , -2.382235458298951e+01, -2.395341350032372e+01,  5.875706214689266e-01, -1.776614686259646e+01
s636        , -1.910586081968059e+01, -1.974879064938149e+01,  4.370370370370371e-01, -1.178976687507771e+01
s637        , -1.917066616024459e+01, -1.882897794157868e+01,  0.000000000000000e+00, -1.143546725010184e+01
s638        , -2.192001400012589e+01, -2.166659886860617e+01,  4.883720930232558e-01, -1.455657186142229e+01
s639        , -2.010078758798683e+01, -1.967444444144902e+01,  4.938271604938271e-02, -1.259211906726012e+01
s640        , -1.983289623130970e+01, -1.945233806529018e+01,  9.756097560975610e-02, -1.214403482872578e+01
s641        , -2.307886864739055e+01, -2.296804189093973e+01,  4.905660377358491e-01, -1.651114142737440e+01
s642        , -2.260273435105626e+01, -2.262461027603837e+01,  4.830917874396136e-01, -1.601162230640510e+01
s643        , -2.012782689900612e+01, -1.997484249848597e+01,  9.333333333333334e-02, -1.294080566417508e+01
s644        , -1.902512926743999e+01, -1.858344200186588e+01,  3.141592920353982e-01, -1.032477100493682e+01
s645        , -2.049081123370357e+01, -2.008974982839125e+01,  0.000000000000000e+00, -1.333396778687372e+01
s646        , -2.159630341817387e+01, -2.204750803997640e+01,  3.370165745856354e-01, -1.548713451823032e+01
s647        , -2.046804100673445e+01, -2.000712294014961e+01,  0.000000000000000e+00, -1.320954623740918e+01
s648        , -2.112203592795417e+01, -2.149396660847653e+01,  3.625498007968128e-01, -1.459337700988859e+01
s649        , -2.130712394597167e+01, -2.181608240770385e+01,  3.551912568306011e-01, -1.509578224310807e+01
s650        , -1.872664219670308e+01, -1.887579829799201e+01,  3.114754098360656e-01, -1.077133821243864e+01
s651        , -2.286060777226206e+01, -2.322374641260043e+01,  3.062200956937799e-01, -1.733097768810176e+01
s652        , -2.513277458672901e+01, -2.490270439240820e+01,  4.656084656084656e-01, -1.948326644560733e+01
s653        , -2.212366926194319e+01, -2.206998814631173e+01,  5.725806451612904e-01, -1.496539450678005e+01
s654        , -2.219498706816524e+01, -2.244953597659844e+01,  5.175097276264592e-01, -1.566681458299035e+01
s655        , -2.136195741190379e+01, -2.165234795435014e+01,  5.038759689922481e-01, -1.449854573055097e+01
s656        , -2.204727614381470e+01, -2.171587854964227e+01,  3.640552995391705e-01, -1.492398652832938e+01
s657        , -2.036339525797458e+01, -1.980234535616943e+01,  0.000000000000000e+00, -1.290118724148639e+01
s658        , -1.602366185676991e+01, -1.589804373643287e+01,  2.074688796680498e-02, -6.973063547951535e+00
s659        , -1.871169938684588e+01, -1.892205504507496e+01,  0.000000000000000e+00, -1.157562498426230e+01
s660        , -2.183022460938435e+01, -2.104222922890430e+01,  1.299435028248588e-01, -1.446175505411400e+01
s661        , -2.183692812512830e+01, -2.212076004596122e+01,  4.463276836158192e-01, -1.533962275340201e+01
s662        , -1.575332316936146e+01, -1.553729445979238e+01,  0.000000000000000e+00, -6.478771338319177e+00
s663        , -2.161244100467384e+01, -2.167129708533542e+01,  3.461538461538461e-01, -1.489907627396663e+01
s664        , -1.792030659393350e+01, -1.755551424407341e+01,  0.000000000000000e+00, -9.517855080476537e+00
s665        , -2.036353189911458e+01, -2.027537480488603e+01,  3.255813953488372e-01, -1.284558431494235e+01
s666        , -1.896012969757172e+01, -1.826515459672970e+01,  0.000000000000000e+00, -1.058644853859926e+01
s667        , -1.834472710605888e+01, -1.867199981679897e+01,  2.727272727272727e-01, -1.055584323123233e+01
s668        , -2.315183675604283e+01, -2.276829867189902e+01,  6.534653465346535e-01, -1.582615612730838e+01
s669        , -2.168824836514504e+01, -2.090750320771289e+01,  1.477272727272727e-01, -1.421693736065219e+01
s670        , -1.765957516951316e+01, -1.771500244192732e+01,  0.000000000000000e+00, -9.758016232863843e+00
s671        , -1.925271531654228e+01, -1.970931565377592e+01,  1.705069124423963e-01, -1.235895075287171e+01
s672        , -2.010246672918431e+01, -2.013932656253630e+01,  5.580524344569289e-01, -1.209242360348211e+01
s673        , -2.045224673553428e+01, -2.014043350514082e+01,  0.000000000000000e+00, -1.341028848256903e+01
s674        , -1.961862741224291e+01, -1.926673271914901e+01,  6.698564593301436e-02, -1.193665948101708e+01
s675        , -1.819835804307071e+01, -1.811702930551783e+01,  0.000000000000000e+00, -1.036339792348268e+01
s676        , -2.030955144796039e+01, -2.009762048316235e+01,  3.301886792452830e-02, -1.326794275252434e+01
s677        , -1.708028116046972e+01, -1.751434525444550e+01,  2.000000000000000e-01, -8.984150592668831e+00
s678        , -1.996975063415185e+01, -1.979639774601332e+01,  4.072398190045249e-02, -1.279618138829825e+01
s679        , -2.075675552323975e+01, -2.047626960395623e+01,  5.687203791469194e-02, -1.378186263600381e+01
s680        , -1.844365265503332e+01, -1.843148405291987e+01,  0.000000000000000e+00, -1.083691142182260e+01
s681        , -1.908965101407623e+01, -1.931883226906810e+01,  3.745928338762215e-01, -1.128960339816762e+01
s682        , -2.132701003782740e+01, -2.150632454589233e+01,  9.349593495934959e-02, -1.524656454653418e+01
s683        , -2.134055790648813e+01, -2.091367564568863e+01,  8.093385214007782e-01, -1.266578466605796e+01
s684        , -2.228765611405496e+01, -2.219498006657964e+01,  4.589371980676328e-01, -1.542164479178315e+01
s685        , -2.220524684044785e+01, -2.278884549130091e+01,  4.583333333333333e-01, -1.631732583637966e+01
s686        , -2.092862014660340e+01, -2.070328658627729e+01,  1.886792452830189e-02, -1.421334508769845e+01
s687        , -2.266843571203506e+01, -2.235859025192318e+01,  6.274509803921569e-01, -1.527056370895239e+01
s688        , -1.791243182954496e+01, -1.861706020351095e+01,  3.824561403508772e-01, -1.021431214533169e+01
s689        , -2.022924986754604e+01, -2.006137515537660e+01,  0.000000000000000e+00, -1.329124052390688e+01
s690        , -1.926971843911773e+01, -1.944110051462254e+01,  2.972972972972973e-01, -1.165602371948605e+01
s691        , -1.839442212707931e+01, -1.886226879492491e+01,  3.536121673003803e-01, -1.065158325257568e+01
s692        , -1.811967055159425e+01, -1.800884398169664e+01,  0.000000000000000e+00, -1.020048986890619e+01
s693        , -1.897178714286070e+01, -1.898344077541445e+01,  5.140186915887850e-02, -1.154682689265951e+01
s694        , -2.117746495604092e+01, -2.055013357865103e+01,  5.000000000000000e-01, -1.284794658637986e+01
s695        , -2.262578130233349e+01, -2.290981325396321e+01,  3.266932270916335e-01, -1.680996258003602e+01
s696        , -2.110358706695218e+01, -2.083053373823687e+01,  6.809523809523810e-01, -1.284339351337257e+01
s697        , -2.080079623838923e+01, -2.030935181662991e+01,  0.000000000000000e+00, -1.366464972617465e+01
s698        , -2.284382050270110e+01, -2.311691671168755e+01,  3.488372093023256e-01, -1.706959610630488e+01
s699        , -1.710021253686445e+01, -1.737173130046980e+01,  0.000000000000000e+00, -9.241110317422638e+00
s700        , -1.768315556313765e+01, -1.749285714068685e+01,  0.000000000000000e+00, -9.423504511863609e+00
s701        , -1.903295584190279e+01, -1.942602390557960e+01,  4.536082474226804e-01, -1.126465284258700e+01
s702        , -1.837939645173277e+01, -1.847390791201062e+01,  0.000000000000000e+00, -1.090079428604109e+01
s703        , -2.091048572489854e+01, -2.070383297982946e+01,  7.102040816326531e-01, -1.258361269401867e+01
s704        , -2.101614044515869e+01, -2.071668681231712e+01,  0.000000000000000e+00, -1.427802452937811e+01
s705        , -1.998067347119072e+01, -1.945270796544436e+01,  1.878172588832487e-01, -1.193171731849689e+01
s706        , -2.205053681559340e+01, -2.191224468209841e+01,  4.751131221719457e-01, -1.495774324489393e+01
s707        , -2.095566328486310e+01, -2.071549448078515e+01,  1.345291479820628e-02, -1.424449963262464e+01
s708        , -2.098548818691052e+01, -2.093804030890452e+01,  0.000000000000000e+00, -1.461134393194660e+01
s709        , -2.115794840593145e+01, -2.146729139429824e+01,  1.482889733840304e-01, -1.505855503153453e+01
s710        , -2.144561556804213e+01, -2.161794513375861e+01,  5.916230366492147e-01, -1.423978474967615e+01
s711        , -2.158487030708884e+01, -2.160054622601447e+01,  5.904761904761905e-01, -1.421628995834982e+01
s712        , -1.701606937532507e+01, -1.709697502402872e+01,  0.000000000000000e+00, -8.827375728508557e+00
s713        , -2.069677260469373e+01, -2.032204060965147e+01,  0.000000000000000e+00, -1.368375681494652e+01
s714        , -1.667903695847065e+01, -1.640442433546333e+01,  0.000000000000000e+00, -7.784516296333893e+00
s715        , -1.903979308955687e+01, -1.913745555064074e+01,  0.000000000000000e+00, -1.189998023021518e+01
s716        , -1.775292931769286e+01, -1.726810772348549e+01,  0.000000000000000e+00, -9.085071450610416e+00
s717        , -1.980553907801730e+01, -2.059497693765147e+01,  2.683823529411765e-01, -1.346175602457506e+01
s718        , -2.205506805307129e+01, -2.252143611005753e+01,  3.149606299212598e-01, -1.625280695416915e+01
s719        , -2.211926724507942e+01, -2.232136641459586e+01,  5.000000000000000e-01, -1.551511145971046e+01
s720        , -2.227273745316376e+01, -2.261939818392556e+01,  5.283018867924528e-01, -1.589714325387804e+01
s721        , -1.785735939085095e+01, -1.813864402418709e+01,  5.434782608695652e-02, -1.026776348399431e+01
s722        , -2.185625504194673e+01, -2.163491495881267e+01,  5.682819383259912e-01, -1.432038961084072e+01
s723        , -2.033801839240394e+01, -2.008149847112561e+01,  2.970297029702970e-02, -1.325148657108438e+01
s724        , -2.101306363073858e+01, -2.083047175928193e+01,  4.079601990049751e-01, -1.348716758195611e+01
s725        , -1.977835943733275e+01, -2.066087131854797e+01,  6.159695817490494e-01, -1.274117735649006e+01
s726        , -1.782642809085736e+01, -1.781491682081257e+01,  2.697095435684647e-01, -9.272344589300081e+00
s727        , -2.098840179836340e+01, -2.080717946965713e+01,  0.000000000000000e+00, -1.441429054254903e+01
s728        , -2.135488943619893e+01, -2.094883104438179e+01,  3.465346534653465e-01, -1.381027143144528e+01
s729        , -1.830313789299144e+01, -1.922130945514739e+01,  3.821138211382114e-01, -1.112501253566420e+01
s730        , -1.974102380594271e+01, -1.961300814091017e+01,  1.033057851239669e-01, -1.237242622500526e+01
s731        , -1.858542568590836e+01, -1.821368267022085e+01,  2.844036697247707e-01, -9.838158844509705e+00
s732        , -1.728575125425960e+01, -1.789952096045859e+01,  0.000000000000000e+00, -1.003586864228074e+01
s733        , -2.189672381410002e+01, -2.219093004432660e+01,  5.120772946859903e-01, -1.529021226785144e+01
s734        , -1.907291800543370e+01, -1.923954269722975e+01,  1.444444444444444e-01, -1.171302516610529e+01
s735        , -2.104653345651221e+01, -2.012168434548990e+01,  1.067415730337079e-01, -1.313029955161421e+01
s736        , -1.839280423093862e+01, -1.911600040756665e+01,  3.976833976833977e-01, -1.092971392582570e+01
s737        , -2.165426899727042e+01, -2.149302291543629e+01,  6.019900497512438e-01, -1.402722269523237e+01
s738        , -1.806822955624155e+01, -1.829547176219874e+01,  1.107011070110701e-01, -1.037100607314203e+01
s739        , -1.955458939471557e+01, -2.023988245820889e+01,  4.333333333333333e-01, -1.253800008901162e+01
s740        , -1.834079412742093e+01, -1.833697237277107e+01,  6.296296296296296e-02, -1.054609178229839e+01
s741        , -2.108323768665554e+01, -2.049857018680497e+01,  0.000000000000000e+00, -1.394957928488541e+01
s742        , -1.784982580383593e+01, -1.799969505512930e+01,  0.000000000000000e+00, -1.018671319591668e+01
s743        , -2.007117762213282e+01, -2.008378382707964e+01,  0.000000000000000e+00, -1.332498403905149e+01
s744        , -2.048858578542649e+01, -2.052092678976230e+01,  7.692307692307693e-02, -1.380181699515873e+01
s745        , -2.120349313282904e+01, -2.107574066616986e+01,  4.010989010989011e-01, -1.387268213935960e+01
s746        , -1.892251493836264e+01, -1.855617660517042e+01,  1.477832512315271e-01, -1.067612135618573e+01
s747        , -2.116880416688591e+01, -2.065814649312870e+01,  2.756756756756757e-01, -1.353967654442085e+01
s748        , -2.167842994358758e+01, -2.098154908237616e+01,  6.349206349206349e-02, -1.452711088748639e+01
s749        , -2.059667445248301e+01, -2.073268421771838e+01,  4.974358974358974e-01, -1.312888329566621e+01
s750        , -2.032384862658092e+01, -2.071394852356320e+01,  5.976095617529881e-02, -1.413295157597218e+01
s751        , -2.236553637276776e+01, -2.202491694412308e+01,  5.074626865671642e-01, -1.505110957355767e+01
s752        , -1.716732359631470e+01, -1.704702144045699e+01,  0.000000000000000e+00, -8.752154424625925e+00
s753        , -2.206691124025960e+01, -2.250913286201960e+01,  4.208633093525180e-01, -1.598450300916610e+01
s754        , -1.859855862913608e+01, -1.877602002476349e+01,  0.000000000000000e+00, -1.135572194918612e+01
s755        , -2.251644582892857e+01, -2.194345142304494e+01,  5.420560747663551e-01, -1.484684638906996e+01
s756        , -2.026279534630465e+01, -2.031041828728808e+01,  2.766798418972332e-02, -1.360099914814790e+01
s757        , -1.901185247831666e+01, -1.935225776292354e+01,  8.745247148288973e-02, -1.201717298467494e+01
s758        , -1.866312886885699e+01, -1.898365730758330e+01,  0.000000000000000e+00, -1.166838714818882e+01
s759        , -2.105033567951521e+01, -2.111170884029646e+01,  0.000000000000000e+00, -1.487285817057826e+01
s760        , -1.976737462921502e+01, -1.954322636796446e+01,  2.210526315789474e-01, -1.198963460569223e+01
s761        , -2.282845273202710e+01, -2.275151072377038e+01,  3.727272727272727e-01, -1.646301295159090e+01
s762        , -1.737428124739802e+01, -1.677092413344690e+01,  0.000000000000000e+00, -8.336400479727047e+00
s763        , -2.048674857080450e+01, -2.040710036343374e+01,  7.500000000000000e-02, -1.363495011813219e+01
s764        , -1.996103637141938e+01, -1.993988952358716e+01,  5.434782608695652e-01, -1.182648053550886e+01
s765        , -1.985538741097363e+01, -1.979998699086727e+01,  0.000000000000000e+00, -1.289763595846772e+01
s766        , -1.902823974868692e+01, -1.907198372799460e+01,  2.978723404255319e-02, -1.173113632489926e+01
s767        , -2.019726225103009e+01, -1.999777707319454e+01,  2.325581395348837e-01, -1.264697156951939e+01
s768        , -2.180287541987858e+01, -2.137524229354902e+01,  4.440000000000000e-01, -1.422249421907061e+01
s769        , -2.332774774981945e+01, -2.337719623847090e+01,  1.929824561403509e-01, -1.782912344981613e+01
s770        , -2.255011500408412e+01, -2.224123008093844e+01,  0.000000000000000e+00, -1.657371833734118e+01
s771        , -1.837836194936116e+01, -1.811521020178184e+01,  2.242990654205607e-01, -9.831636726416003e+00
s772        , -2.036442085092615e+01, -2.011311344551837e+01,  0.000000000000000e+00, -1.336914928173470e+01
s773        , -2.207703951964118e+01, -2.210183833243250e+01,  5.544554455445545e-01, -1.505610458229485e+01
s774        , -2.410464814655394e+01, -2.368363236587997e+01,  4.528301886792453e-01, -1.767769684232036e+01
s775        , -2.145476048405246e+01, -2.110591458179948e+01,  5.381165919282511e-01, -1.359495482344332e+01
s776        , -1.783304251394927e+01, -1.788474865859547e+01,  0.000000000000000e+00, -1.001362415593882e+01
s777        , -1.926023008452307e+01, -1.945467618993169e+01,  0.000000000000000e+00, -1.237765867487939e+01
s778        , -1.976550707196644e+01, -1.941342354996557e+01,  0.000000000000000e+00, -1.231553946050118e+01
s779        , -2.301809423461469e+01, -2.291486139313413e+01,  5.200000000000000e-01, -1.636163930504963e+01
s780        , -1.989864127452180e+01, -2.008662204214142e+01,  0.000000000000000e+00, -1.332925789134359e+01
s781        , -1.803783397921168e+01, -1.777036619187107e+01,  2.083333333333333e-01, -9.350018424036813e+00
s782        , -2.003060740563550e+01, -1.993496680701378e+01,  4.901960784313725e-02, -1.298527630299329e+01
s783        , -2.170310297580588e+01, -2.096510484452254e+01,  6.728110599078341e-01, -1.306523567490535e+01
s784        , -1.828106793020000e+01, -1.901577653713000e+01,  0.000000000000000e+00, -1.171675305416509e+01
s785        , -1.904288077315707e+01, -1.897051887845278e+01,  1.287128712871287e-01, -1.134502644848965e+01
s786        , -2.022975758111321e+01, -1.972811956519264e+01,  9.178743961352658e-02, -1.257293043271752e+01
s787        , -1.858814151939532e+01, -1.946257578928915e+01,  0.000000000000000e+00, -1.238955408100106e+01
s788        , -1.926046054059691e+01, -1.939218889412977e+01,  3.482587064676617e-02, -1.220142503414116e+01
s789        , -2.212378523930028e+01, -2.216136718006744e+01,  4.914285714285714e-01, -1.529439697187900e+01
s790        , -2.174169856486492e+01, -2.156354261295990e+01,  4.064171122994653e-01, -1.459468270699837e+01
s791        , -1.907773631846257e+01, -1.915761641009527e+01,  3.097345132743363e-02, -1.185728631071808e+01
s792        , -2.217884458062024e+01, -2.202068193949738e+01,  6.584362139917695e-01, -1.468865285583919e+01
s793        , -2.046845693654859e+01, -2.007085010145742e+01,  5.131578947368421e-01, -1.209519640065574e+01
s794        , -1.973890233992908e+01, -1.922484653618774e+01,  3.488372093023256e-01, -1.120882351561761e+01
s795        , -2.098054198937622e+01, -2.058470886796473e+01,  0.000000000000000e+00, -1.407928897632853e+01
s796        , -1.872193723420701e+01, -1.856153371948000e+01,  1.428571428571429e-02, -1.099904966821568e+01
s797        , -1.738396768625594e+01, -1.826232673798738e+01,  0.000000000000000e+00, -1.058219028110132e+01
s798        , -1.812351947027918e+01, -1.838802083123304e+01,  0.000000000000000e+00, -1.077146346048608e+01
s799        , -2.115781411801412e+01, -1.998191075458046e+01,  8.161434977578476e-01, -1.124666083299430e+01
s800        , -2.197753832223543e+01, -2.198464009684164e+01,  4.022988505747127e-01, -1.523849454655338e+01
s801        , -2.000340332694237e+01, -2.039639310470942e+01,  2.258064516129032e-01, -1.326314138269468e+01
s802        , -2.346278750692302e+01, -2.320130703505537e+01,  4.537037037037037e-01, -1.694933956015910e+01
s803        , -2.201425716118592e+01, -2.191311296029211e+01,  4.336734693877551e-01, -1.505678846821168e+01
s804        , -1.618324989548500e+01, -1.636633626989238e+01,  0.000000000000000e+00, -7.727162373957137e+00
s805        , -2.141738653455062e+01, -2.132556463460170e+01,  7.797356828193833e-01, -1.335583693935098e+01
s806        , -2.157933013723432e+01, -2.167121795409395e+01,  3.377192982456140e-01, -1.491885047134519e+01
s807        , -1.912040169626662e+01, -2.051099739249069e+01,  3.625730994152047e-01, -1.311314344463990e+01
s808        , -2.304047586711122e+01, -2.286911865014237e+01,  7.419354838709677e-01, -1.576931147870375e+01
s809        , -2.047218776779852e+01, -2.029252254510132e+01,  3.017241379310345e-02, -1.356814447255585e+01
s810        , -2.119146876442327e+01, -2.235455992059931e+01,  4.368932038834951e-01, -1.571393596095000e+01
s811        , -2.180116494254657e+01, -2.183419534330791e+01,  4.158415841584158e-01, -1.498000993146296e+01
s812        , -2.372646511684069e+01, -2.330059433398059e+01,  4.906542056074766e-01, -1.701169892085832e+01
s813        , -2.269928091374550e+01, -2.240689709136888e+01,  4.809523809523810e-01, -1.568883048319983e+01
s814        , -1.832573741415099e+01, -1.907610389933346e+01,  0.000000000000000e+00, -1.180759544264415e+01
s815        , -2.057906464758977e+01, -2.029316281699321e+01,  4.153846153846154e-01, -1.266056399042697e+01
s816        , -1.808215553271357e+01, -1.820212969944546e+01,  2.931726907630522e-01, -9.800079875342377e+00
s817        , -2.152086258044021e+01, -2.207915460795009e+01,  4.668989547038328e-01, -1.522845378870170e+01
s818        , -2.057353864229959e+01, -2.056236999992379e+01,  0.000000000000000e+00, -1.404565057321200e+01
s819        , -2.244567325669163e+01, -2.240406236923698e+01,  4.375000000000000e-01, -1.578704677230112e+01
s820        , -2.103220827040201e+01, -2.102550282664813e+01,  0.000000000000000e+00, -1.474304708825940e+01
s821        , -2.251724700203312e+01, -2.278445485529638e+01,  3.865979381443299e-01, -1.647990627109829e+01
s822        , -1.967652212859418e+01, -1.985792073012228e+01,  0.000000000000000e+00, -1.298487397211894e+01
s823        , -1.898228811729100e+01, -1.931558777553003e+01,  2.393162393162393e-01, -1.160377521019079e+01
s824        , -2.375965705343503e+01, -2.387663877423331e+01,  4.475138121546961e-01, -1.798086949245623e+01
s825        , -2.074394606294202e+01, -1.994092179247458e+01,  9.523809523809523e-02, -1.288523456378116e+01
s826        , -2.229590893513048e+01, -2.224499371939082e+01,  3.809523809523809e-01, -1.568088812176481e+01
s827        , -2.030439908572953e+01, -1.918551008888453e+01,  7.309236947791165e-01, -1.024841730826146e+01
s828        , -2.126632247755481e+01, -2.089651361204319e+01,  1.165048543689320e-01, -1.427402879178599e+01
s829        , -1.836528680868646e+01, -1.795957742168069e+01,  2.977777777777778e-01, -9.423977483351804e+00
s830        , -2.038358031572328e+01, -2.045804899062639e+01,  2.386363636363636e-01, -1.332572422573650e+01
s831        , -2.014217587228185e+01, -2.003884870850680e+01,  4.691943127962085e-01, -1.215069851375739e+01
s832        , -1.638297894992474e+01, -1.711114002061057e+01,  0.000000000000000e+00, -8.848705719996545e+00
s833        , -2.087813803835245e+01, -2.039848488901763e+01,  1.639344262295082e-02, -1.376020358830633e+01
s834        , -2.163260872857058e+01, -2.171100982658836e+01,  4.627831715210356e-01, -1.468379985575953e+01
s835        , -1.845033213930005e+01, -1.794272470006064e+01,  0.000000000000000e+00, -1.010092586927238e+01
s836        , -2.085703068105029e+01, -2.053472297760340e+01,  5.882352941176471e-02, -1.386528042525031e+01
s837        , -1.604298594536770e+01, -1.627301429804041e+01,  0.000000000000000e+00, -7.586635911155447e+00
s838        , -1.819387371328009e+01, -1.806003112023554e+01,  2.875000000000000e-01, -9.599483787520882e+00
s839        , -2.199016371973259e+01, -2.171125577584993e+01,  5.951417004048583e-01, -1.437199518570435e+01
s840        , -1.816847175772266e+01, -1.866706317691992e+01,  1.421800947867299e-01, -1.085631237392425e+01
s841        , -2.076446728280485e+01, -2.045525296727262e+01,  7.692307692307693e-02, -1.370292377858825e+01
s842        , -1.719569444321167e+01, -1.735049583714948e+01,  0.000000000000000e+00, -9.209133447590814e+00
s843        , -1.999816334280537e+01, -1.949937026980105e+01,  0.000000000000000e+00, -1.244496009197953e+01
s844        , -1.581596700213373e+01, -1.602266156436593e+01,  0.000000000000000e+00, -7.209648762064647e+00
s845        , -2.003183538643507e+01, -2.007962390458200e+01,  9.004739336492891e-02, -1.310633809184654e+01
s846        , -2.166933569232110e+01, -2.153049728715973e+01,  6.439999999999999e-01, -1.398456967489423e+01
s847        , -2.001719781047365e+01, -1.973415837873138e+01,  0.000000000000000e+00, -1.279850965593658e+01
s848        , -1.670780899311153e+01, -1.679949948086249e+01,  0.000000000000000e+00, -8.379429923018394e+00
s849        , -2.103364362191806e+01, -2.117162949727769e+01,  2.252747252747253e-01, -1.443176503695866e+01
s850        , -1.674889176362534e+01, -1.620754410395520e+01,  0.000000000000000e+00, -7.488049323118849e+00
s851        , -1.887785873496733e+01, -1.949561608994536e+01,  0.000000000000000e+00, -1.243930695793862e+01
s852        , -1.916613881673827e+01, -1.960102585366991e+01,  6.074766355140187e-02, -1.245475873024732e+01
s853        , -2.151831650372089e+01, -2.150149191958424e+01,  5.756302521008403e-01, -1.410214658840721e+01
s854        , -2.092228526657664e+01, -2.022060616008048e+01,  0.000000000000000e+00, -1.353101438868214e+01
s855        , -1.984690981488844e+01, -1.944857886754906e+01,  0.000000000000000e+00, -1.236847718063974e+01
s856        , -1.857995804240183e+01, -1.857285666795520e+01,  1.484716157205240e-01, -1.069961504834598e+01
s857        , -2.294003947989728e+01, -2.303743738538388e+01,  2.834224598930482e-01, -1.710419859259568e+01
s858        , -2.107902559750898e+01, -2.122060387249017e+01,  3.000000000000000e-01, -1.432926806686713e+01
s859        , -1.829183386036745e+01, -1.838163687027368e+01,  0.000000000000000e+00, -1.076185033900482e+01
s860        , -2.148418071954308e+01, -2.161038472700730e+01,  6.507352941176471e-01, -1.408898052771391e+01
s861        , -2.060440939951398e+01, -1.986826735837639e+01,  1.538461538461539e-02, -1.296416869332465e+01
s862        , -1.983634035476443e+01, -1.924966744581799e+01,  5.970149253731343e-02, -1.192814226827173e+01
s863        , -2.017821382918477e+01, -2.085235428411899e+01,  3.195488721804511e-01, -1.372864189384906e+01
s864        , -2.145828954671971e+01, -2.084635424327948e+01,  3.168316831683168e-01, -1.372601553142791e+01
s865        , -2.179521899962700e+01, -2.198947615290410e+01,  4.444444444444444e-01, -1.514637404482131e+01
s866        , -2.240641608733365e+01, -2.214489441930387e+01,  5.263157894736842e-01, -1.518730843000948e+01
s867        , -1.970162478711471e+01, -1.924186769021408e+01,  6.217616580310881e-02, -1.191056055334216e+01
s868        , -1.579821539399930e+01, -1.554880593289406e+01,  0.000000000000000e+00, -6.496105590527019e+00
s869        , -1.927595790821999e+01, -1.927592830948209e+01,  0.000000000000000e+00, -1.210849583064883e+01
s870        , -1.834436146157947e+01, -1.875260199848606e+01,  0.000000000000000e+00, -1.132045852372202e+01
s871        , -1.954632707936713e+01, -1.991221304050532e+01,  2.023346303501946e-01, -1.258941104190772e+01
s872        , -2.222687656829416e+01, -2.238932126286274e+01,  5.948275862068966e-01, -1.539378331005152e+01
s873        , -2.174135075548704e+01, -2.103288420045524e+01,  5.851063829787234e-02, -1.461616151033515e+01
s874        , -2.306987923711809e+01, -2.346204082585792e+01,  4.644549763033176e-01, -1.731660127354179e+01
s875        , -2.178123430913379e+01, -2.177325274401635e+01,  3.794871794871795e-01, -1.497398501005343e+01
s876        , -2.287277527114560e+01, -2.251303003715230e+01,  4.975124378109453e-01, -1.580959019326265e+01
s877        , -2.189016288213647e+01, -2.141735975893419e+01,  4.102564102564102e-01, -1.436550186044525e+01
s878        , -1.876974537203656e+01, -1.885154745239445e+01,  1.975806451612903e-01, -1.100344790883224e+01
s879        , -1.761744622782913e+01, -1.778578787358579e+01,  1.152263374485597e-01, -9.592838842728051e+00
s880        , -1.792977215528789e+01, -1.836838494651137e+01,  0.000000000000000e+00, -1.074189527446130e+01
s881        , -2.116921283478955e+01, -1.997736096702391e+01,  8.258928571428572e-01, -1.121681524196694e+01
s882        , -1.809005639564229e+01, -1.825928505929999e+01,  0.000000000000000e+00, -1.057761004840332e+01
s883        , -1.958200153707774e+01, -1.992489281219157e+01,  0.000000000000000e+00, -1.308572213909284e+01
s884        , -1.866641101726497e+01, -1.891948362007970e+01,  0.000000000000000e+00, -1.157175287084922e+01
s885        , -1.949202935470739e+01, -1.989106731647769e+01,  0.000000000000000e+00, -1.303478689661077e+01
s886        , -1.753621319174707e+01, -1.715321193196718e+01,  3.167420814479638e-02, -8.837353213493634e+00
s887        , -2.072504645987743e+01, -2.026881397627473e+01,  1.100917431192661e-01, -1.334394931302546e+01
s888        , -2.163711888094086e+01, -2.199963581392924e+01,  4.000000000000000e-01, -1.526649742512836e+01
s889        , -1.784767272504274e+01, -1.785987085157173e+01,  1.161825726141079e-01, -9.702139432911874e+00
s890        , -2.036577167825686e+01, -2.073798514227162e+01,  2.696629213483146e-01, -1.367408091547780e+01
s891        , -1.925489904031788e+01, -1.941705496370795e+01,  1.839080459770115e-01, -1.188725027188904e+01
s892        , -1.797999052112338e+01, -1.938287406608435e+01,  3.543307086614173e-01, -1.143382843230593e+01
s893        , -2.224398236502422e+01, -2.228519623576400e+01,  0.000000000000000e+00, -1.663992362745687e+01
s894        , -2.015695897880840e+01, -1.966126532530716e+01,  0.000000000000000e+00, -1.268874554832890e+01
s895        , -1.853378696029952e+01, -1.906239375834318e+01,  3.117408906882591e-01, -1.105169197914214e+01
s896        , -2.478440805107692e+01, -2.451333623182745e+01,  6.944444444444444e-01, -1.835722402127823e+01
s897        , -2.202247365131235e+01, -2.202086910333864e+01,  3.806451612903226e-01, -1.534412049589568e+01
s898        , -2.008627742560493e+01, -1.967542134766610e+01,  2.103004291845494e-01, -1.221405664918664e+01
s899        , -1.802005794967191e+01, -1.758669152392666e+01,  0.000000000000000e+00, -9.564802576019229e+00
s900        , -1.770516073583232e+01, -1.805610333560694e+01,  1.912350597609562e-01, -9.820615505023611e+00
s901        , -2.425916197575684e+01, -2.379814895139741e+01,  4.183673469387755e-01, -1.793142121095120e+01
s902        , -1.641892815066793e+01, -1.645040131879403e+01,  0.000000000000000e+00, -7.853749540226386e+00
s903        , -2.332207101034287e+01, -2.337883594770435e+01,  4.545454545454545e-01, -1.721468153679789e+01
s904        , -2.132463334662818e+01, -2.031567268214380e+01,  7.695473251028806e-01, -1.185914723715699e+01
s905        , -2.166343218809494e+01, -2.218787855694455e+01,  3.574297188755020e-01, -1.565036226072419e+01
s906        , -1.790842270146736e+01, -1.707927963878705e+01,  0.000000000000000e+00, -8.800729593128244e+00
s907        , -1.911599503394165e+01, -1.980995781255493e+01,  2.038461538461538e-01, -1.243186765479631e+01
s908        , -2.062377494321661e+01, -2.011265798633654e+01,  1.780821917808219e-01, -1.294844658630362e+01
s909        , -2.034650826700463e+01, -2.074779461130846e+01,  5.568627450980392e-01, -1.301147532979157e+01
s910        , -1.701866755175476e+01, -1.645777969557598e+01,  0.000000000000000e+00, -7.864860076896463e+00
s911        , -1.800428066961873e+01, -1.808571193091468e+01,  0.000000000000000e+00, -1.031623946990653e+01
s912        , -2.018815932170212e+01, -2.023550373056958e+01,  9.803921568627451e-03, -1.353032440771511e+01
s913        , -1.735412329082851e+01, -1.779393764641860e+01,  1.673640167364017e-01, -9.482141320342301e+00
s914        , -2.004618788210774e+01, -2.077990023625066e+01,  2.727272727272727e-01, -1.372997022410809e+01
s915        , -1.937730144245923e+01, -1.924545909283847e+01,  1.067961165048544e-01, -1.181072991302083e+01
s916        , -2.191302790761547e+01, -2.219535633478906e+01,  4.663677130044843e-01, -1.540468609854556e+01
s917        , -1.792924589211810e+01, -1.743432916251012e+01,  4.741379310344827e-02, -9.223543584227441e+00
s918        , -2.621730238337609e+01, -2.570405127300401e+01,  5.263157894736842e-01, -2.054677215844645e+01
s919        , -1.919355775511356e+01, -1.890775488600794e+01,  0.000000000000000e+00, -1.155409146186335e+01
s920        , -1.675861595936722e+01, -1.635942977671107e+01,  0.000000000000000e+00, -7.716762410927291e+00
s921        , -2.192756432754418e+01, -2.162109901751127e+01,  3.697916666666667e-01, -1.476773569216893e+01
s922        , -2.290193110331377e+01, -2.285372058613885e+01,  3.940886699507389e-01, -1.656654095759080e+01
s923        , -1.925371616601646e+01, -1.900268544507434e+01,  0.000000000000000e+00, -1.169704017386172e+01
s924        , -1.798705044323696e+01, -1.895425166227672e+01,  5.482625482625483e-01, -1.033099940064415e+01
s925        , -2.338449219749342e+01, -2.357272229512230e+01,  4.352331606217616e-01, -1.755218937776017e+01
s926        , -1.762302148317026e+01, -1.725966695712077e+01,  0.000000000000000e+00, -9.072361142233625e+00
s927        , -1.720744831710588e+01, -1.714086804010331e+01,  0.000000000000000e+00, -8.893470884539367e+00
s928        , -1.827654667645005e+01, -1.856097368826629e+01,  0.000000000000000e+00, -1.103190001950864e+01
s929        , -2.066098735264480e+01, -2.093173706395450e+01,  2.338308457711443e-01, -1.405034916806558e+01
s930        , -1.982419875205301e+01, -2.072098244914114e+01,  4.220183486238532e-01, -1.328913901784280e+01
s931        , -2.184683786579889e+01, -2.229137958670045e+01,  3.168316831683168e-01, -1.590196934101782e+01
s932        , -2.007807490293144e+01, -2.001897950940963e+01,  0.000000000000000e+00, -1.322740014368665e+01
s933        , -2.186904116931162e+01, -2.187163402428000e+01,  0.000000000000000e+00, -1.601717173339622e+01
s934        , -1.595875499840616e+01, -1.622075836690593e+01,  0.000000000000000e+00, -7.507947677109286e+00
s935        , -1.706347068237267e+01, -1.738691387502736e+01,  3.449612403100775e-01, -8.450362136833769e+00
s936        , -1.818003510858343e+01, -1.751585760025196e+01,  0.000000000000000e+00, -9.458139155360271e+00
s937        , -2.175658784400171e+01, -2.180326641428938e+01,  5.645161290322580e-01, -1.458277914185594e+01
s938        , -2.010166135357230e+01, -1.970661619054486e+01,  0.000000000000000e+00, -1.275703596858447e+01
s939        , -1.813809060682595e+01, -1.790386265687599e+01,  1.877934272300469e-01, -9.599485124382921e+00
s940        , -2.094308051046411e+01, -2.072966172994970e+01,  2.122905027932961e-01, -1.379686339400978e+01
s941        , -1.827480816862776e+01, -1.837976811237013e+01,  0.000000000000000e+00, -1.075903631854633e+01
s942        , -1.770857434290158e+01, -1.772646320465743e+01,  0.000000000000000e+00, -9.775274124178297e+00
s943        , -1.938132201948424e+01, -1.941866493817496e+01,  0.000000000000000e+00, -1.232343206853999e+01
s944        , -1.770272330222015e+01, -1.812181332045004e+01,  0.000000000000000e+00, -1.037060180787424e+01
s945        , -1.924477319915050e+01, -1.911867270103981e+01,  1.131221719457014e-01, -1.160489156712620e+01
s946        , -2.185513295241253e+01, -2.174711232642429e+01,  2.637362637362637e-01, -1.520762718022403e+01
s947        , -2.017292248813791e+01, -2.017151100074168e+01,  2.904564315352697e-01, -1.277202790880746e+01
s948        , -1.792501053388721e+01, -1.799613060749973e+01,  0.000000000000000e+00, -1.018134576521108e+01
s949        , -2.005207290213696e+01, -2.063742156215196e+01,  4.909090909090909e-01, -1.300082834466860e+01
s950        , -2.257823345395823e+01, -2.252143286911425e+01,  5.515695067264574e-01, -1.569474674511189e+01
s951        , -1.571913272603913e+01, -1.599688423484044e+01,  0.000000000000000e+00, -7.170832641200466e+00
s952        , -2.233989362366768e+01, -2.281803293857303e+01,  3.833333333333334e-01, -1.653816870785425e+01
s953        , -2.342860552534396e+01, -2.325490888505547e+01,  3.472222222222222e-01, -1.728119706736894e+01
s954        , -2.204077204416149e+01, -2.239697791670964e+01,  3.206751054852321e-01, -1.605191691082356e+01
s955        , -1.756302978982562e+01, -1.813026835648934e+01,  0.000000000000000e+00, -1.038333360386917e+01
s956        , -2.291971088639473e+01, -2.278787023938089e+01,  4.305555555555556e-01, -1.638137272811516e+01
s957        , -1.872997367448807e+01, -1.844401952850468e+01,  1.393034825870647e-01, -1.052723255169115e+01
s958        , -2.138547156076431e+01, -2.130652062053628e+01,  1.637931034482759e-01, -1.477989518380506e+01
s959        , -1.926386090665138e+01, -1.874337994871997e+01,  0.000000000000000e+00, -1.130657174006656e+01
s960        , -1.680470785163838e+01, -1.724470848009985e+01,  0.000000000000000e+00, -9.049836308875136e+00
s961        , -2.001579976967623e+01, -2.011270348349767e+01,  3.469387755102041e-01, -1.255025735783447e+01
s962        , -1.871905926332032e+01, -1.858911591187456e+01,  3.687500000000000e-01, -1.020455966299987e+01
s963        , -1.918665598310528e+01, -1.970925184825227e+01,  0.000000000000000e+00, -1.276100480515563e+01
s964        , -1.746488927974545e+01, -1.734583710080710e+01,  0.000000000000000e+00, -9.202118210703620e+00
s965        , -1.971186761143078e+01, -1.999008099764380e+01,  4.475524475524476e-01, -1.212830648046310e+01
s966        , -1.765956881606673e+01, -1.709080530666578e+01,  0.000000000000000e+00, -8.818085220171715e+00
s967        , -2.223688117086612e+01, -2.182889995818382e+01,  7.478260869565216e-01, -1.418903191264662e+01
s968        , -1.998239594820018e+01, -1.999254175636260e+01,  0.000000000000000e+00, -1.318758954124871e+01
s969        , -2.101894011109180e+01, -2.080801764558873e+01,  9.278350515463918e-02, -1.419671757842620e+01
s970        , -1.986554229461376e+01, -1.982554326672588e+01,  0.000000000000000e+00, -1.293611921142009e+01
s971        , -1.914500631305469e+01, -1.854116218004983e+01,  1.855203619909502e-01, -1.056450717901872e+01
s972        , -1.930540895911451e+01, -1.968553637106675e+01,  0.000000000000000e+00, -1.272529347098214e+01
s973        , -2.013055280326089e+01, -2.034526738279542e+01,  6.122448979591837e-02, -1.357433084804598e+01
s974        , -1.991254970003848e+01, -1.999884283644768e+01,  2.463768115942029e-01, -1.261598430698703e+01
s975        , -2.002907222040815e+01, -2.071058597929695e+01,  3.867595818815331e-01, -1.335664354649403e+01
s976        , -2.147573630129902e+01, -2.129819678846811e+01,  3.191489361702128e-01, -1.440094549844146e+01
s977        , -1.918950409415471e+01, -1.944534927478685e+01,  2.142857142857143e-01, -1.185820908658531e+01
s978        , -1.698999961978807e+01, -1.726476268908171e+01,  4.833836858006042e-02, -8.966025659627821e+00
s979        , -2.115978794608996e+01, -2.111060277724258e+01,  4.666666666666667e-01, -1.377053308337784e+01
s980        , -1.730989298326385e+01, -1.682056490625295e+01,  0.000000000000000e+00, -8.411150745658427e+00
s981        , -2.142850865946883e+01, -2.100696663335964e+01,  1.737089201877934e-01, -1.430543259663262e+01
s982        , -2.110948756566415e+01, -2.165650024856462e+01,  3.832599118942731e-01, -1.478927810168364e+01
s983        , -1.831465175322002e+01, -1.854366520351806e+01,  9.716599190283401e-02, -1.077666503742423e+01
s984        , -2.150201864035685e+01, -2.096916855467813e+01,  0.000000000000000e+00, -1.465821759079648e+01
s985        , -1.659952594735737e+01, -1.693110504996594e+01,  3.167938931297710e-01, -7.830428549880892e+00
s986        , -2.105203087443673e+01, -2.046915205902872e+01,  0.000000000000000e+00, -1.390528076271957e+01
s987        , -2.066592788190784e+01, -2.131403143177475e+01,  4.469696969696970e-01, -1.412331723861180e+01
s988        , -2.133344594608628e+01, -2.212243999831433e+01,  5.063291139240507e-01, -1.520063572163901e+01
s989        , -2.008246059204520e+01, -2.003563679854080e+01,  3.168316831683168e-01, -1.250521776451553e+01
s990        , -2.181814335912880e+01, -2.215654612862386e+01,  5.000000000000000e-01, -1.526692112118710e+01
s991        , -1.674874949890157e+01, -1.657413514218340e+01,  0.000000000000000e+00, -8.040070898260025e+00
s992        , -1.990187356431624e+01, -1.981471161546317e+01,  1.372549019607843e-01, -1.259608525390406e+01
s993        , -2.167451347953028e+01, -2.160340166726888e+01,  4.070796460176991e-01, -1.465314080368399e+01
s994        , -2.085856003252748e+01, -2.072996609659240e+01,  6.445993031358885e-01, -1.277769712363436e+01
s995        , -1.532250426373563e+01, -1.522471042003601e+01,  0.000000000000000e+00, -6.008074796406190e+00
s996        , -2.197589637081217e+01, -2.224198034333943e+01,  7.129186602870813e-01, -1.489338938798828e+01
s997        , -1.843774602570321e+01, -1.812133175926204e+01,  2.677824267782427e-01, -9.738296763764451e+00
s998        , -2.004154224207673e+01, -1.962651374341114e+01,  1.140350877192982e-01, -1.236745762212649e+01
s999        , -1.918982967461324e+01, -1.958574148977631e+01,  3.272727272727273e-01, -1.180312883230480e+01
s1000       , -2.386287011937712e+01, -2.374774560544041e+01,  4.646464646464646e-01, -1.774637074498395e+01
s1001       , -2.142986106465667e+01, -2.129799902360258e+01,  2.636363636363636e-01, -1.453157722041430e+01
s1002       , -1.703565403983971e+01, -1.737023990159144e+01,  0.000000000000000e+00, -9.238864533232237e+00
s1003       , -2.272857267296788e+01, -2.281398921870800e+01,  4.766355140186916e-01, -1.631202114260864e+01
s1004       , -1.957549960274314e+01, -1.894060099862058e+01,  1.176470588235294e-01, -1.132607472807445e+01
s1005       , -2.033955634118916e+01, -1.994745837498444e+01,  6.735751295336788e-02, -1.296083542611817e+01
s1006       , -2.103463075725037e+01, -2.117179205907469e+01,  0.000000000000000e+00, -1.496333292203376e+01
s1007       , -1.845815321471510e+01, -1.915854885445420e+01,  0.000000000000000e+00, -1.193174303285300e+01
s1008       , -2.105860584214290e+01, -2.098747831924304e+01,  5.066666666666667e-01, -1.349078707513612e+01
s1009       , -2.225664818829298e+01, -2.205376516896057e+01,  5.375000000000000e-01, -1.502370523096892e+01
s1010       , -2.029000137617794e+01, -2.033468067932619e+01,  1.170212765957447e-01, -1.342678927976114e+01
s1011       , -2.150175758271834e+01, -2.154940834496976e+01,  6.679389312977100e-01, -1.395658508480772e+01
s1012       , -1.789395613621291e+01, -1.753309937613052e+01,  2.052238805970149e-01, -9.000070182902267e+00
s1013       , -1.907481979836395e+01, -1.927586828207911e+01,  3.166023166023166e-01, -1.136168108934025e+01
s1014       , -1.701362802016618e+01, -1.662856549276042e+01,  1.847826086956522e-01, -7.686213261437547e+00
s1015       , -1.771043360260808e+01, -1.776646920499405e+01,  2.816901408450704e-01, -9.171134096015237e+00
s1016       , -2.325177194237830e+01, -2.273289742673133e+01,  4.095238095238095e-01, -1.634819790333215e+01
s1017       , -2.061131053204120e+01, -2.080977481911107e+01,  1.279620853080569e-01, -1.411639291480341e+01
s1018       , -1.637685178145171e+01, -1.611591748907439e+01,  0.000000000000000e+00, -7.350075769494012e+00
s1019       , -2.229355013298489e+01, -2.223541145516668e+01,  4.434389140271493e-01, -1.551908091975549e+01
s1020       , -1.626620443538163e+01, -1.652765412623010e+01,  0.000000000000000e+00, -7.970078669959213e+00
s1021       , -2.225684084822025e+01, -2.214178555911172e+01,  5.891089108910891e-01, -1.503452592917436e+01
s1022       , -1.619907626993357e+01, -1.653265497784228e+01,  0.000000000000000e+00, -7.977609072222569e+00
s1023       , -2.164326276096592e+01, -2.119766321026807e+01,  1.869158878504673e-02, -1.495820515956133e+01
s1024       , -1.814482992541786e+01, -1.778904448274033e+01,  0.000000000000000e+00, -9.869510513230901e+00
s1025       , -1.966276460675046e+01, -1.987071141974113e+01,  1.185567010309278e-01, -1.272451185926545e+01
s1026       , -1.787958226759213e+01, -1.785584741675745e+01,  0.000000000000000e+00, -9.970103973012176e+00
s1027       , -2.228548280106830e+01, -2.263304010797461e+01,  4.000000000000000e-01, -1.622029279827782e+01
s1028       , -1.939576101741603e+01, -1.929359450027411e+01,  0.000000000000000e+00, -1.213509800432687e+01
s1029       , -2.072177297910414e+01, -1.997357605245113e+01,  2.043010752688172e-01, -1.267717496578408e+01
s1030       , -2.116639743005703e+01, -2.066317067095233e+01,  1.570680628272251e-02, -1.416039325551585e+01
s1031       , -1.871817432191781e+01, -1.887029288483131e+01,  0.000000000000000e+00, -1.149768028226275e+01
s1032       , -1.793076662035363e+01, -1.919341483861010e+01,  3.601532567049809e-01, -1.113480337822416e+01
s1033       , -2.190726556241366e+01, -2.209007930521556e+01,  6.268656716417911e-01, -1.486761397086634e+01
s1034       , -1.655942363042545e+01, -1.681160463233590e+01,  0.000000000000000e+00, -8.397658150353065e+00
s1035       , -1.920990065585595e+01, -1.968301528303188e+01,  2.941176470588235e-01, -1.202780416188497e+01
s1036       , -1.624542641970273e+01, -1.625362132411593e+01,  0.000000000000000e+00, -7.557433506033376e+00
s1037       , -1.865413258865576e+01, -1.900909299858111e+01,  0.000000000000000e+00, -1.170668882156654e+01
s1038       , -2.303917859954092e+01, -2.304306711664849e+01,  5.583756345177665e-01, -1.646418346753926e+01
s1039       , -2.268866240524940e+01, -2.322315599494679e+01,  5.000000000000000e-01, -1.687304783207029e+01
s1040       , -2.002650999928207e+01, -2.070106379850139e+01,  4.179687500000000e-01, -1.326869624198180e+01
s1041       , -2.439240447433291e+01, -2.411215634772823e+01,  3.917525773195876e-01, -1.846703350670176e+01
