# c0 + a0 * (O - WE) + a1 * (VPA - E_T)
# Property Label: $ln_{D}$; Unit of the Property: Unitless
# RMSE: 0.419688400401638; Max AE: 2.45219429213061
# Coefficients
# Task   a0                      a1                      c0
# all , -2.635974147737929e+00,  7.006969636829455e-01, -1.669506031347599e+01, 
# Feature Rung, Units, and Expressions
# 0;  1; Unitless;                                         12|8|sub; (O - WE); $\left(O - WE\right)$; (O - WE); (newdata$O - newdata$WE); O,WE
# 1;  1; Unitless;                                         4|0|sub; (VPA - E_T); $\left(VPA - E_{T}\right)$; (VPA - E_T); (newdata$VPA - newdata$E_T); VPA,E_T
# Number of Samples Per Task
# Task, n_samples               
# all , 1041                  

# Sample ID , Property Value        ,  Property Value (EST) ,  Feature 0 Value      ,  Feature 1 Value      
s1          , -2.244947812336508e+01, -2.200140072897463e+01, -2.174416058394161e+00, -1.575295099586931e+01
s2          , -2.298888400764099e+01, -2.305294203604989e+01, -2.182943396226415e+00, -1.728573792776200e+01
s3          , -1.755271246623431e+01, -1.774378284520626e+01, -2.223000000000000e+00, -9.859459110311876e+00
s4          , -1.917258847351942e+01, -1.925676764243785e+01, -2.234456928838951e+00, -1.206181625676272e+01
s5          , -2.000094091703784e+01, -2.055388345941358e+01, -2.178576923076923e+00, -1.370277893536203e+01
s6          , -2.179532463031582e+01, -2.148918138592938e+01, -2.132977099236641e+00, -1.486604638474153e+01
s7          , -2.156980503382011e+01, -2.101581519893732e+01, -2.031894273127753e+00, -1.381021491730258e+01
s8          , -2.070680399014268e+01, -2.108392448239729e+01, -2.276250000000000e+00, -1.482666667785165e+01
s9          , -2.311678210871720e+01, -2.300233108079757e+01, -1.910097560975610e+00, -1.618708107152974e+01
s10         , -1.955558688693647e+01, -1.940049037565306e+01, -1.905364583333333e+00, -1.102890728288635e+01
s11         , -1.929232032084748e+01, -1.922012725580433e+01, -2.544612794612795e+00, -1.317631010758659e+01
s12         , -1.972420304545977e+01, -1.894232274457318e+01, -2.081578947368421e+00, -1.103793954262873e+01
s13         , -1.649771434553038e+01, -1.677375059884502e+01, -2.327490039840638e+00, -8.868161532833700e+00
s14         , -1.814284237715737e+01, -1.840726976920950e+01, -2.324398496240601e+00, -1.118780900613664e+01
s15         , -2.140988745272463e+01, -2.124392808373264e+01, -1.996649484536082e+00, -1.400317783884074e+01
s16         , -2.271802967642396e+01, -2.247363814962978e+01, -1.983716814159292e+00, -1.570950731233866e+01
s17         , -1.845283706311921e+01, -1.843655356709584e+01, -2.331578947368421e+00, -1.125661375901434e+01
s18         , -2.106370881996578e+01, -2.150476431612011e+01, -2.101728395061729e+00, -1.477073007879721e+01
s19         , -2.166440903696862e+01, -2.161214604279980e+01, -2.334109589041096e+00, -1.579818214972632e+01
s20         , -1.957524373940041e+01, -1.951078466585685e+01, -2.213794466403162e+00, -1.234660599748142e+01
s21         , -2.230012329283520e+01, -2.263885612430745e+01, -1.795106382978724e+00, -1.523575865476889e+01
s22         , -1.709175230426198e+01, -1.691585928249335e+01, -2.150760000000000e+00, -8.406125661008833e+00
s23         , -2.271630669020732e+01, -2.263757455892063e+01, -2.393750000000000e+00, -1.748598609189394e+01
s24         , -1.997593461761007e+01, -2.035744746054850e+01, -2.148326359832636e+00, -1.330863465353166e+01
s25         , -2.228124530569044e+01, -2.278545677273112e+01, -1.722203389830509e+00, -1.517072375499108e+01
s26         , -1.806502239865187e+01, -1.785275496172132e+01, -2.137061224489796e+00, -9.691682910169408e+00
s27         , -2.017409009594002e+01, -2.047768641377023e+01, -2.057105263157895e+00, -1.313706619302441e+01
s28         , -1.658938425028538e+01, -1.699648456911484e+01, -2.390413793103448e+00, -9.422751287449890e+00
s29         , -2.262132344831001e+01, -2.335181571056782e+01, -1.777457627118644e+00, -1.618686584748538e+01
s30         , -1.697997334312175e+01, -1.731177815125157e+01, -2.282827004219409e+00, -9.467988515014943e+00
s31         , -1.964904728113367e+01, -1.927398723927553e+01, -1.840473684210526e+00, -1.060425313949640e+01
s32         , -2.151059652715050e+01, -2.135048321223477e+01, -2.222352941176470e+00, -1.500432903774719e+01
s33         , -2.289264810431292e+01, -2.365775258689520e+01, -1.878253968253969e+00, -1.700267275885274e+01
s34         , -2.302504917991390e+01, -2.240654094841078e+01, -1.745681818181818e+00, -1.471827810360642e+01
s35         , -2.244061385591441e+01, -2.244811710476628e+01, -1.881747572815534e+00, -1.528948361569928e+01
s36         , -2.239655424600443e+01, -2.177772172053626e+01, -2.300063897763578e+00, -1.590640598915680e+01
s37         , -2.226102540809307e+01, -2.187631493156564e+01, -2.322949152542372e+00, -1.613320610279706e+01
s38         , -2.102436377352775e+01, -2.111234391268268e+01, -1.672397660818714e+00, -1.259557420011268e+01
s39         , -2.141661104833067e+01, -2.020648966486740e+01, -1.994260089686098e+00, -1.251360837298702e+01
s40         , -1.990275935468409e+01, -1.928235036330929e+01, -1.826542553191489e+00, -1.056378061192598e+01
s41         , -1.952311408648237e+01, -1.900922798664268e+01, -1.948308457711443e+00, -1.063206890515963e+01
s42         , -1.862175379272403e+01, -1.943344036782140e+01, -2.273043478260869e+00, -1.245911478456982e+01
s43         , -2.257821044890805e+01, -2.179192132607047e+01, -2.053640552995392e+00, -1.499964316070914e+01
s44         , -1.984867902879579e+01, -1.957668930325650e+01, -1.832210526315790e+00, -1.100516909596811e+01
s45         , -1.928264199244582e+01, -1.949372808609674e+01, -1.985000000000000e+00, -1.146155452660770e+01
s46         , -2.007096062658339e+01, -2.033779974215210e+01, -2.214039215686274e+00, -1.352780168117317e+01
s47         , -1.842882744186564e+01, -1.850827104319054e+01, -2.543498233215547e+00, -1.215619127635039e+01
s48         , -1.712958329507449e+01, -1.718549683155722e+01, -2.204517374517375e+00, -8.993170588933012e+00
s49         , -2.142142340445580e+01, -2.203185819814530e+01, -2.197193675889328e+00, -1.588210622948031e+01
s50         , -2.022197746600499e+01, -2.048016273064861e+01, -2.191659751037345e+00, -1.364678506851869e+01
s51         , -2.208446385448407e+01, -2.253569451690391e+01, -1.952663316582915e+00, -1.568124994779982e+01
s52         , -2.030062191637932e+01, -1.980322647848986e+01, -2.609495798319328e+00, -1.425256586745138e+01
s53         , -1.881589086732163e+01, -1.839858119643880e+01, -2.193893442622951e+00, -1.068445800201330e+01
s54         , -2.389190768082197e+01, -2.433509010651056e+01, -2.040000000000000e+00, -1.857781284793768e+01
s55         , -1.989931101552115e+01, -2.011329704194467e+01, -2.152213114754098e+00, -1.297481697593988e+01
s56         , -2.293632659980805e+01, -2.341600932241227e+01, -1.738478260869565e+00, -1.613184207561020e+01
s57         , -2.165250835772914e+01, -2.118838306769798e+01, -2.397584745762712e+00, -1.543219782804163e+01
s58         , -2.493828100106786e+01, -2.495870510833703e+01, -1.929333333333334e+00, -1.905148484407749e+01
s59         , -2.019609135900962e+01, -2.003131054846293e+01, -1.948309178743961e+00, -1.209073722458708e+01
s60         , -1.686951544328429e+01, -1.725099249836155e+01, -2.320000000000000e+00, -9.521080514709144e+00
s61         , -1.698686520707895e+01, -1.773528972574495e+01, -2.375115511551155e+00, -1.041958632193064e+01
s62         , -1.961666852236879e+01, -1.980702234982623e+01, -1.928615384615385e+00, -1.169655750761107e+01
s63         , -2.363642228074260e+01, -2.341845345617099e+01, -1.927452830188680e+00, -1.684623965260657e+01
s64         , -2.123215125329894e+01, -2.122325432605275e+01, -1.957474226804123e+00, -1.382629863040110e+01
s65         , -2.229595939650926e+01, -2.204395009223722e+01, -2.018464912280702e+00, -1.522699777314442e+01
s66         , -2.209517036440609e+01, -2.204748686165663e+01, -1.902364532019704e+00, -1.479528356975877e+01
s67         , -2.100952424313996e+01, -2.025667428286125e+01, -2.351316725978648e+00, -1.392845206708337e+01
s68         , -2.306714632630091e+01, -2.322755321976555e+01, -1.811746031746032e+00, -1.613851521319802e+01
s69         , -2.116954741071400e+01, -2.093575999190919e+01, -2.365928853754940e+00, -1.495257938217531e+01
s70         , -2.268552320802911e+01, -2.162855243387881e+01, -2.082330508474576e+00, -1.487442082381248e+01
s71         , -1.844586653395837e+01, -1.940072626202005e+01, -2.322352941176471e+00, -1.259792566676885e+01
s72         , -2.185924535832699e+01, -2.126359849010085e+01, -2.255829787234043e+00, -1.500626907558394e+01
s73         , -1.814705961150877e+01, -1.826540292569490e+01, -2.469152542372881e+00, -1.152989851457500e+01
s74         , -2.269683109870329e+01, -2.371751044832734e+01, -1.766292134831461e+00, -1.666676344398174e+01
s75         , -2.162544692540680e+01, -2.127863237158154e+01, -1.909313725490196e+00, -1.372415491551952e+01
s76         , -1.799713371423827e+01, -1.865412941100268e+01, -2.308964285714286e+00, -1.148205241311728e+01
s77         , -1.808839931225978e+01, -1.802270082896633e+01, -2.055675675675676e+00, -9.628054354974678e+00
s78         , -1.710463489071706e+01, -1.738767128873881e+01, -2.302129277566540e+00, -9.648913276493158e+00
s79         , -2.130172009097587e+01, -2.092325510986862e+01, -2.479644128113879e+00, -1.536252213383606e+01
s80         , -2.075517304342145e+01, -2.088690422958948e+01, -2.070050000000000e+00, -1.376977880698247e+01
s81         , -1.679587307458704e+01, -1.715548973054337e+01, -2.305847457627119e+00, -9.331542796520951e+00
s82         , -1.961963418382102e+01, -1.945084453388048e+01, -1.885228426395939e+00, -1.102501939548916e+01
s83         , -1.732943596118787e+01, -1.771964351257576e+01, -2.120295358649789e+00, -9.438640800307363e+00
s84         , -2.091958911511147e+01, -2.157609922373297e+01, -2.290276816608996e+00, -1.558184201714638e+01
s85         , -1.931803893900067e+01, -1.938472556268171e+01, -2.068225108225108e+00, -1.161907870043728e+01
s86         , -2.124992178205270e+01, -2.045238207568045e+01, -1.995412844036697e+00, -1.286887042546047e+01
s87         , -2.000999990609716e+01, -2.003736507507559e+01, -2.066339285714286e+00, -1.254339915075564e+01
s88         , -1.933594922663024e+01, -1.944591980481489e+01, -1.919119170984456e+00, -1.114548573385270e+01
s89         , -2.128477820873118e+01, -2.142737051814280e+01, -2.089839357429719e+00, -1.461555173572969e+01
s90         , -2.009844325702736e+01, -2.064635644897337e+01, -2.128158995815900e+00, -1.364508300491258e+01
s91         , -2.185233402642529e+01, -2.239274339050808e+01, -1.821354166666666e+00, -1.498326112198010e+01
s92         , -1.852873985612102e+01, -1.823757015165974e+01, -2.085833333333334e+00, -1.004815625906759e+01
s93         , -2.244477787769646e+01, -2.208474300025740e+01, -2.025022026431718e+00, -1.530988280678402e+01
s94         , -2.069748145715988e+01, -2.076776983505972e+01, -1.930550000000000e+00, -1.307496662229675e+01
s95         , -1.839144268754908e+01, -1.809228850486521e+01, -2.308480565371025e+00, -1.067840117778549e+01
s96         , -2.061908691885885e+01, -2.062838598114133e+01, -2.006585365853658e+00, -1.316208474603571e+01
s97         , -2.336181657728519e+01, -2.321406674330136e+01, -2.315614035087719e+00, -1.801478501649020e+01
s98         , -1.913590175727989e+01, -1.870096208072098e+01, -1.962427184466019e+00, -1.024524075940459e+01
s99         , -1.764848235022367e+01, -1.752913693677051e+01, -2.302500000000000e+00, -9.852200674848067e+00
s100        , -2.003395952271198e+01, -1.941898706891416e+01, -1.938217821782178e+00, -1.117889648781927e+01
s101        , -2.047737186068138e+01, -1.973095625937079e+01, -2.595827814569537e+00, -1.409800736848773e+01
s102        , -1.813404261594337e+01, -1.808888756346943e+01, -2.229379562043796e+00, -1.037597494760366e+01
s103        , -2.094885731266024e+01, -2.076727430389876e+01, -1.775166666666666e+00, -1.248971793124842e+01
s104        , -1.695125455205811e+01, -1.675133388762209e+01, -2.090818965517242e+00, -7.945829086493609e+00
s105        , -2.089913046364001e+01, -2.145025729821413e+01, -2.133039647577093e+00, -1.481073115730980e+01
s106        , -2.193421435204462e+01, -2.186569973147230e+01, -2.092807881773399e+00, -1.525228086384141e+01
s107        , -1.938858975045087e+01, -1.928643781007256e+01, -1.891522842639594e+00, -1.081406542683257e+01
s108        , -2.184761912256448e+01, -2.161111456923270e+01, -2.146462264150944e+00, -1.509079365432819e+01
s109        , -1.765266017099491e+01, -1.857983186900619e+01, -2.382323232323233e+00, -1.165198999090285e+01
s110        , -2.222643790681205e+01, -2.145815673163805e+01, -2.390670731707317e+00, -1.579119538999876e+01
s111        , -2.198367498730207e+01, -2.177176672045429e+01, -1.902058823529412e+00, -1.440063938659285e+01
s112        , -2.341727175416096e+01, -2.269978632410454e+01, -1.933091787439614e+00, -1.584180689064122e+01
s113        , -2.064750776227555e+01, -2.028770958430145e+01, -1.870666666666666e+00, -1.216457139815823e+01
s114        , -2.335281852671257e+01, -2.324724733875896e+01, -2.028105726872246e+00, -1.698055208867897e+01
s115        , -2.467653405274963e+01, -2.486695386233538e+01, -2.051348837209302e+00, -1.937955600715253e+01
s116        , -2.119630992652875e+01, -2.087944970680900e+01, -2.061538461538462e+00, -1.372712025460989e+01
s117        , -1.681518237222159e+01, -1.705840879958931e+01, -2.337857142857143e+00, -9.313411951278356e+00
s118        , -1.725426000439147e+01, -1.722096555230026e+01, -2.375709219858156e+00, -9.687801826960071e+00
s119        , -2.026224064054247e+01, -2.038168177299625e+01, -2.283274021352313e+00, -1.385088455499296e+01
s120        , -2.061376236446881e+01, -2.037976713868899e+01, -1.812594594594595e+00, -1.207748820890151e+01
s121        , -2.090204853596659e+01, -2.125018816815728e+01, -1.921865284974093e+00, -1.373077886728419e+01
s122        , -1.679179791839329e+01, -1.697060874166360e+01, -2.494166666666667e+00, -9.776133816344320e+00
s123        , -1.729435756680531e+01, -1.739494568684517e+01, -2.357184115523466e+00, -9.866407479504534e+00
s124        , -1.927065840811719e+01, -1.968446521695464e+01, -1.920788177339902e+00, -1.149220461853027e+01
s125        , -2.074667074869674e+01, -2.070241157249385e+01, -1.950195121951219e+00, -1.305559415505792e+01
s126        , -1.981090987888966e+01, -1.965584296646533e+01, -2.110427350427351e+00, -1.216476598470289e+01
s127        , -1.791042209268825e+01, -1.759952955290078e+01, -2.094358974358975e+00, -9.169649199201116e+00
s128        , -2.199486439730610e+01, -2.220286666621522e+01, -1.850200000000000e+00, -1.482079452192823e+01
s129        , -1.847106084369403e+01, -1.828648228830028e+01, -2.224787644787645e+00, -1.064069787244712e+01
s130        , -2.183307419908922e+01, -2.069107043061054e+01, -1.935497630331753e+00, -1.298411767888543e+01
s131        , -1.937195493711046e+01, -1.950278507910912e+01, -1.992300000000000e+00, -1.150194232012991e+01
s132        , -1.756898825137140e+01, -1.787474661797877e+01, -2.281028806584362e+00, -1.026466452930016e+01
s133        , -1.952720456066259e+01, -1.933205080761457e+01, -2.267389380530973e+00, -1.229314629650849e+01
s134        , -1.792604080418195e+01, -1.803265917392234e+01, -2.478871595330739e+00, -1.123430057399527e+01
s135        , -2.163690184151209e+01, -2.185008778826758e+01, -2.199961389961389e+00, -1.563310445527770e+01
s136        , -2.266590946104735e+01, -2.257598907643727e+01, -1.814867724867725e+00, -1.522037873722291e+01
s137        , -1.871948299194560e+01, -1.843724624890242e+01, -2.009099526066351e+00, -1.004445674971484e+01
s138        , -2.098569970792443e+01, -2.100508981012152e+01, -2.099396551724138e+00, -1.404884713799725e+01
s139        , -1.946420871832499e+01, -1.958959319751949e+01, -1.945404040404041e+00, -1.144941116811169e+01
s140        , -1.890485827097119e+01, -1.925071739020566e+01, -2.507859649122807e+00, -1.308170400766874e+01
s141        , -2.048387804329865e+01, -2.058425785840593e+01, -2.605841924398625e+00, -1.535346954293961e+01
s142        , -1.712146112463541e+01, -1.733755425851415e+01, -2.362406779661017e+00, -9.804148581659700e+00
s143        , -2.146398341435241e+01, -2.169860853643581e+01, -1.989323671497584e+00, -1.462451605134587e+01
s144        , -2.296743054539722e+01, -2.170201535882795e+01, -2.056607929515418e+00, -1.488249688535256e+01
s145        , -2.169591974109321e+01, -2.175975722781862e+01, -1.952864321608040e+00, -1.457462684933532e+01
s146        , -2.268369172314783e+01, -2.243965585706069e+01, -2.083518518518519e+00, -1.603645666690397e+01
s147        , -2.121406114253308e+01, -2.166798878887359e+01, -1.968241206030151e+00, -1.450150626826945e+01
s148        , -2.139826235530006e+01, -2.092788220772726e+01, -2.142610441767069e+00, -1.410122797662566e+01
s149        , -1.818204101397333e+01, -1.831776870385220e+01, -1.988756218905472e+00, -9.797414182417345e+00
s150        , -2.236615053154114e+01, -2.191827334434995e+01, -2.011541850220264e+00, -1.502159405661441e+01
s151        , -2.007280490017163e+01, -1.980178039093111e+01, -1.830947368421053e+00, -1.132165603342244e+01
s152        , -2.043501428229088e+01, -2.050038937286550e+01, -2.043225806451613e+00, -1.311725316301760e+01
s153        , -2.294208833005412e+01, -2.259812129970592e+01, -2.113750000000000e+00, -1.637633946734663e+01
s154        , -1.941555486932839e+01, -1.975633207176082e+01, -2.058714285714286e+00, -1.211363803889284e+01
s155        , -2.030625886040805e+01, -2.097076274011497e+01, -2.317944250871080e+00, -1.482201877006034e+01
s156        , -1.755225478861601e+01, -1.757835095212259e+01, -2.006285714285714e+00, -8.808098556671228e+00
s157        , -1.981494689568535e+01, -1.926784610061673e+01, -1.898622448979592e+00, -1.081424049440368e+01
s158        , -2.120666701656112e+01, -2.138544015163880e+01, -1.867373737373738e+00, -1.371881031640142e+01
s159        , -2.199339551508707e+01, -2.188801454488612e+01, -1.977568807339450e+00, -1.485060592846853e+01
s160        , -1.822712376873660e+01, -1.810946913871839e+01, -2.207620967741936e+00, -1.032349360584276e+01
s161        , -1.850131544535105e+01, -1.867682398920827e+01, -2.723520599250937e+00, -1.307397354490981e+01
s162        , -2.165239460618542e+01, -2.136135547214609e+01, -2.220722021660650e+00, -1.501370998068154e+01
s163        , -2.054863013411503e+01, -2.053292466383108e+01, -1.974057971014493e+00, -1.290348124325024e+01
s164        , -2.244259094688993e+01, -2.314978937045882e+01, -1.752752808988764e+00, -1.580560602209700e+01
s165        , -2.169401378729562e+01, -2.111792644085092e+01, -2.131395348837209e+00, -1.433025927890584e+01
s166        , -1.893544650248816e+01, -1.899204190972085e+01, -2.156605504587156e+00, -1.139114105940029e+01
s167        , -1.990371422830687e+01, -1.997441718637768e+01, -2.378560000000000e+00, -1.362811605683805e+01
s168        , -2.358382467591309e+01, -2.361705717349106e+01, -2.289577464788732e+00, -1.849196519753220e+01
s169        , -2.234616115486217e+01, -2.315801485221055e+01, -1.845760869565217e+00, -1.616723499738275e+01
s170        , -1.980105726485419e+01, -1.998831637346203e+01, -2.245227272727273e+00, -1.314636366950118e+01
s171        , -2.225344967355102e+01, -2.180932623493559e+01, -2.182080000000000e+00, -1.550766301689350e+01
s172        , -2.076076397080535e+01, -2.062009003228734e+01, -2.020151515151515e+00, -1.320128010637402e+01
s173        , -2.167162181633835e+01, -2.160051959910174e+01, -1.842604166666667e+00, -1.393257961638700e+01
s174        , -2.217746151284670e+01, -2.233078643662198e+01, -2.098709677419354e+00, -1.593823172535411e+01
s175        , -1.912249737452136e+01, -1.950318074249728e+01, -2.187757847533633e+00, -1.223780607177110e+01
s176        , -2.262880123350610e+01, -2.205789950388065e+01, -2.279292035398230e+00, -1.622811951559213e+01
s177        , -1.998504477748202e+01, -2.027469205545784e+01, -2.153852459016393e+00, -1.321131904630250e+01
s178        , -1.778030448780716e+01, -1.843199416629215e+01, -2.383993399339934e+00, -1.144728639852292e+01
s179        , -2.322340610724453e+01, -2.339522325607955e+01, -1.774255319148936e+00, -1.623676808240688e+01
s180        , -1.682543251402466e+01, -1.678621233323809e+01, -2.379081632653061e+00, -9.080030353424759e+00
s181        , -1.586682207916231e+01, -1.593790831904476e+01, -2.454684684684684e+00, -8.153786403206132e+00
s182        , -2.348293513803748e+01, -2.338386772085788e+01, -1.797604166666667e+00, -1.630839879556244e+01
s183        , -2.155098810628208e+01, -2.142875662152169e+01, -1.842962962962963e+00, -1.368879776963707e+01
s184        , -2.324937775466465e+01, -2.260503500945647e+01, -2.331666666666667e+00, -1.720599399644512e+01
s185        , -2.378592453308165e+01, -2.397282007536843e+01, -1.821871657754011e+00, -1.724021506919865e+01
s186        , -2.071202883303041e+01, -2.123278480766880e+01, -1.946188118811881e+00, -1.379744249382845e+01
s187        , -2.027503475690737e+01, -2.042832124984970e+01, -2.100686695278970e+00, -1.323056504897445e+01
s188        , -2.214013663755619e+01, -2.253261567203231e+01, -1.758397790055249e+00, -1.494604232268397e+01
s189        , -2.074030596943589e+01, -2.059340780489402e+01, -2.233421052631579e+00, -1.396550599525122e+01
s190        , -1.914542963593283e+01, -1.928469060876687e+01, -2.119784482758621e+00, -1.167027661663843e+01
s191        , -1.679323473828856e+01, -1.681347067147191e+01, -2.306896551724138e+00, -8.847376756511284e+00
s192        , -1.690928184419942e+01, -1.715775125973966e+01, -2.397915194346290e+00, -9.681122879958574e+00
s193        , -2.273712334380998e+01, -2.309810473564013e+01, -1.736312849162011e+00, -1.566999826462589e+01
s194        , -2.090019731082972e+01, -2.140446460156429e+01, -2.059817351598173e+00, -1.446992080951966e+01
s195        , -1.910778599576077e+01, -1.932857748117906e+01, -2.223529411764706e+00, -1.212319112844546e+01
s196        , -1.918378235513936e+01, -1.906529112964563e+01, -2.124675925925926e+00, -1.137556182252589e+01
s197        , -2.010118773573690e+01, -2.053028431906558e+01, -1.982335025380711e+00, -1.293085078751439e+01
s198        , -2.040069724820686e+01, -1.985268742228719e+01, -2.383442622950820e+00, -1.347275746123804e+01
s199        , -2.033728659050214e+01, -2.004071616504011e+01, -2.070517241379310e+00, -1.256389884439270e+01
s200        , -1.788348829912646e+01, -1.788893545031685e+01, -2.299074074074074e+00, -1.035279919254372e+01
s201        , -1.891783601993355e+01, -1.919975305974002e+01, -2.505118110236220e+00, -1.299865675741401e+01
s202        , -2.174492495952721e+01, -2.195140067413909e+01, -2.158000000000000e+00, -1.561983730306827e+01
s203        , -2.185008698942601e+01, -2.186872299527161e+01, -1.983235294117647e+00, -1.484439092086269e+01
s204        , -2.086349108831322e+01, -2.107725363189403e+01, -1.934093264248705e+00, -1.352997608618357e+01
s205        , -2.088054945703831e+01, -2.123416437992433e+01, -2.155921052631579e+00, -1.458841233166017e+01
s206        , -2.114956534802060e+01, -2.152342924761771e+01, -2.057208333333333e+00, -1.462988631124980e+01
s207        , -1.936064601068155e+01, -1.899917418864630e+01, -2.276833855799373e+00, -1.185361074507262e+01
s208        , -2.173553987268506e+01, -2.165468022510538e+01, -1.830161290322581e+00, -1.396306572770801e+01
s209        , -1.958079034508013e+01, -1.980033334755268e+01, -2.146567796610170e+00, -1.250693339135582e+01
s210        , -2.077095411669474e+01, -2.134928401378556e+01, -2.080181818181818e+00, -1.446777954102623e+01
s211        , -2.106003856984427e+01, -2.091208489248600e+01, -1.983333333333333e+00, -1.347949322111991e+01
s212        , -1.921431398034701e+01, -1.904623764917326e+01, -1.971886792452830e+00, -1.077358734821721e+01
s213        , -1.891211086691480e+01, -1.874556842242442e+01, -2.111572052401747e+00, -1.086997353339714e+01
s214        , -1.797391097043976e+01, -1.766717510118851e+01, -2.379177631578947e+00, -1.033765792184677e+01
s215        , -2.046416066581664e+01, -2.059357900470576e+01, -2.172207792207792e+00, -1.373547021585109e+01
s216        , -2.054695205981560e+01, -2.011198849470064e+01, -1.970191387559808e+00, -1.228819616924192e+01
s217        , -2.064527960557822e+01, -2.003141641361458e+01, -2.520158730158730e+00, -1.424214728800878e+01
s218        , -2.267569057486860e+01, -2.286430149259857e+01, -1.923098591549296e+00, -1.603900106963069e+01
s219        , -1.969996813819463e+01, -2.050882269625573e+01, -2.236410256410256e+00, -1.385603549840163e+01
s220        , -2.056541179285701e+01, -2.128587296233017e+01, -2.014854368932039e+00, -1.413152502441315e+01
s221        , -2.147236245537334e+01, -2.162313538095331e+01, -1.967512437810945e+00, -1.443475212984712e+01
s222        , -1.817717386569833e+01, -1.836690556554334e+01, -2.067200000000000e+00, -1.016264002749883e+01
s223        , -2.049263974761081e+01, -2.035369358910940e+01, -2.168294930875577e+00, -1.337839771535576e+01
s224        , -2.147370851727396e+01, -2.122423288112255e+01, -2.399391891891892e+00, -1.549015926644833e+01
s225        , -2.297636192643720e+01, -2.242011848543908e+01, -2.046309012875537e+00, -1.586859427753612e+01
s226        , -2.349615644619751e+01, -2.267081134068189e+01, -2.039572649572650e+00, -1.620102896442600e+01
s227        , -1.994214785348108e+01, -2.043849337207046e+01, -1.847500000000000e+00, -1.229261113287444e+01
s228        , -1.935600154849446e+01, -1.983219091795566e+01, -2.146708860759494e+00, -1.255292961158257e+01
s229        , -1.931982821700711e+01, -1.939771473007843e+01, -2.420465838509317e+00, -1.296272178011849e+01
s230        , -1.663964761443124e+01, -1.687851244089085e+01, -2.379351145038168e+00, -9.212770382500269e+00
s231        , -1.912412961575534e+01, -1.927865743622041e+01, -2.088018433179724e+00, -1.154216466144974e+01
s232        , -2.205202611453251e+01, -2.166671643811512e+01, -2.235981735159818e+00, -1.550691202688176e+01
s233        , -2.108987100746543e+01, -2.077038310982951e+01, -2.072255319148936e+00, -1.361178189642934e+01
s234        , -2.119865480781422e+01, -2.134657466985444e+01, -1.721933701657458e+00, -1.311620793924939e+01
s235        , -1.634470488909293e+01, -1.602748214536269e+01, -2.200524344569288e+00, -7.325487880894926e+00
s236        , -2.035495556536669e+01, -2.116984964783642e+01, -2.247011494252874e+00, -1.483930155516678e+01
s237        , -2.057488800817375e+01, -2.035381551611440e+01, -2.166225680933852e+00, -1.337078734650447e+01
s238        , -2.181497599002021e+01, -2.084168459278172e+01, -2.165955056179775e+00, -1.406603185598727e+01
s239        , -1.938605784207409e+01, -1.914993034490762e+01, -2.158672199170125e+00, -1.162424637759695e+01
s240        , -1.879589433372550e+01, -1.854095909348844e+01, -2.083807339449542e+00, -1.047351627884129e+01
s241        , -1.732119998261703e+01, -1.698065591411332e+01, -2.262733812949640e+00, -8.919838045156894e+00
s242        , -2.017650413285683e+01, -2.046576488514613e+01, -2.033271028037384e+00, -1.303038961226688e+01
s243        , -1.996072124442394e+01, -2.011604467540101e+01, -2.241898734177215e+00, -1.331612944063575e+01
s244        , -2.121993688931675e+01, -2.123963603653129e+01, -1.920382775119617e+00, -1.371014228681415e+01
s245        , -2.152256201120388e+01, -2.175185202465711e+01, -2.005048076923077e+00, -1.475965666036711e+01
s246        , -1.806013829922115e+01, -1.808540979092035e+01, -2.033732718894010e+00, -9.635001573822375e+00
s247        , -1.662499542985015e+01, -1.682306878384600e+01, -2.386223175965665e+00, -9.159496052636902e+00
s248        , -2.087245838906029e+01, -2.063242932445067e+01, -2.074848484848485e+00, -1.342465639934590e+01
s249        , -2.031192930505803e+01, -2.005250207228161e+01, -1.965380952380952e+00, -1.218520356483481e+01
s250        , -1.829082894515480e+01, -1.820457779501281e+01, -2.109622641509434e+00, -1.009056495532004e+01
s251        , -2.316191337748571e+01, -2.285662422118492e+01, -2.157456140350877e+00, -1.690968154946022e+01
s252        , -1.836403387539604e+01, -1.848140540365538e+01, -2.057351598173516e+00, -1.028899950968570e+01
s253        , -1.948978591890307e+01, -1.955666026880583e+01, -2.522443609022556e+00, -1.357319439183912e+01
s254        , -1.974328758235917e+01, -2.044364860403370e+01, -2.180409836065574e+00, -1.355235250340958e+01
s255        , -2.045692599174058e+01, -2.038475284110890e+01, -1.988037383177570e+00, -1.274460735135464e+01
s256        , -1.776850461240055e+01, -1.782662025671969e+01, -2.034690265486726e+00, -9.269272193763344e+00
s257        , -2.163660994039700e+01, -2.156907240790511e+01, -2.054933333333333e+00, -1.468646757412969e+01
s258        , -1.860059101905129e+01, -1.874264281742497e+01, -2.081627906976744e+00, -1.075315042375269e+01
s259        , -2.094542362420654e+01, -2.105391246624081e+01, -1.827640449438202e+00, -1.309619650784766e+01
s260        , -1.742875942837962e+01, -1.739982590711282e+01, -2.312555555555555e+00, -9.705482691896130e+00
s261        , -2.065616574581777e+01, -2.061267825893462e+01, -1.978215962441315e+00, -1.303294370379004e+01
s262        , -2.014040040752147e+01, -1.951297560262489e+01, -2.034439461883408e+00, -1.167501150970171e+01
s263        , -1.686996628366655e+01, -1.697361686593680e+01, -2.146265060240964e+00, -8.471644766731368e+00
s264        , -2.074271161967796e+01, -2.019444450422185e+01, -2.001126126126126e+00, -1.252224767673962e+01
s265        , -2.059536695716665e+01, -2.047807518372827e+01, -1.973943661971831e+00, -1.282477275920852e+01
s266        , -2.198651133619990e+01, -2.173256090363143e+01, -1.979230769230770e+00, -1.463500237871060e+01
s267        , -1.899333543245141e+01, -1.898360826631369e+01, -2.051296296296296e+00, -1.098293892808631e+01
s268        , -1.857298059991068e+01, -1.821767015473239e+01, -2.017943925233645e+00, -9.764360649995513e+00
s269        , -2.106917022960664e+01, -2.108713494334754e+01, -1.809209039548023e+00, -1.307427227573824e+01
s270        , -1.920756052964929e+01, -1.934204325834614e+01, -2.275000000000000e+00, -1.233603765819247e+01
s271        , -1.965184309682283e+01, -1.988242333655386e+01, -1.967692307692308e+00, -1.195117077836625e+01
s272        , -2.112049940018463e+01, -2.080277545697909e+01, -1.773600000000000e+00, -1.253448972544030e+01
s273        , -1.945398506004425e+01, -1.942187540973897e+01, -2.094345991561181e+00, -1.177036210216641e+01
s274        , -2.135203005648119e+01, -2.157274766974614e+01, -2.040334928229665e+00, -1.463679452227643e+01
s275        , -2.088724638081418e+01, -2.093276564090532e+01, -2.004887892376682e+00, -1.359009454072052e+01
s276        , -1.839432489855567e+01, -1.874445103809446e+01, -2.150660792951542e+00, -1.101542803157454e+01
s277        , -2.199306195501885e+01, -1.954086766288824e+01, -2.068760330578512e+00, -1.184393044185953e+01
s278        , -2.276883612887764e+01, -2.256447757653978e+01, -2.235946969696969e+00, -1.678802147089177e+01
s279        , -2.262380984036664e+01, -2.262617523960060e+01, -2.356693548387097e+00, -1.733031370649469e+01
s280        , -1.620731240668889e+01, -1.673339948029096e+01, -2.403208722741433e+00, -9.095422931593324e+00
s281        , -2.072632910940930e+01, -1.940509443571280e+01, -2.204382978723404e+00, -1.216036476179270e+01
s282        , -1.840721485531197e+01, -1.892696070985948e+01, -2.071659574468085e+00, -1.097869960383612e+01
s283        , -1.945843055355910e+01, -1.981222131273517e+01, -2.333010752688172e+00, -1.322528498058819e+01
s284        , -2.290375248734285e+01, -2.333789201543760e+01, -2.383698113207547e+00, -1.844762996609370e+01
s285        , -2.162506652538119e+01, -2.132524076361099e+01, -1.963411214953271e+00, -1.399418316670123e+01
s286        , -2.308167299949378e+01, -2.398967388087411e+01, -1.843764044943820e+00, -1.734662565185393e+01
s287        , -1.888746545864790e+01, -1.842787239879713e+01, -2.074260869565217e+00, -1.027621138146899e+01
s288        , -2.031934863671701e+01, -2.035011399580954e+01, -2.330042016806723e+00, -1.398177059350324e+01
s289        , -2.410980627565496e+01, -2.463737362354372e+01, -1.818432432432432e+00, -1.817569484592559e+01
s290        , -2.087284446952964e+01, -2.075463780559465e+01, -1.790225988700565e+00, -1.252833588831433e+01
s291        , -2.204275686911580e+01, -2.033905465151567e+01, -1.990535714285714e+00, -1.268878770975937e+01
s292        , -1.820983264392220e+01, -1.838538185227767e+01, -2.114485596707819e+00, -1.036689365586372e+01
s293        , -1.668568749246811e+01, -1.690065487497858e+01, -2.252540322580646e+00, -8.767317309715285e+00
s294        , -2.280852590517532e+01, -2.352435815645152e+01, -1.829139784946237e+00, -1.662753462988397e+01
s295        , -1.673628435422914e+01, -1.699855157687947e+01, -2.306704980842912e+00, -9.110794380796440e+00
s296        , -2.103716924286631e+01, -1.985561269136136e+01, -2.281864406779661e+00, -1.309480194486995e+01
s297        , -2.124288787488653e+01, -2.103297618836183e+01, -1.763204419889503e+00, -1.282391334431085e+01
s298        , -2.177880180045448e+01, -2.145639538626978e+01, -2.253709090909092e+00, -1.527344134146215e+01
s299        , -1.893486515270964e+01, -1.929631150086655e+01, -2.209224806201550e+00, -1.202332976983076e+01
s300        , -1.774017522269403e+01, -1.740709420900945e+01, -2.106344537815126e+00, -8.940103879596125e+00
s301        , -2.283171483494903e+01, -2.325244766928639e+01, -1.854653465346535e+00, -1.633545817483470e+01
s302        , -1.721456897049112e+01, -1.748925994136622e+01, -2.198288288288289e+00, -9.403252856215556e+00
s303        , -2.130552121943375e+01, -2.034290587483474e+01, -2.070917030567686e+00, -1.299667300994046e+01
s304        , -2.313677054561944e+01, -2.305033085852427e+01, -2.066451612903226e+00, -1.684377724741065e+01
s305        , -1.858159986173835e+01, -1.889651947649138e+01, -2.136044444444444e+00, -1.117746686930705e+01
s306        , -2.163460095493751e+01, -2.189263025961098e+01, -2.004363636363637e+00, -1.495799356567217e+01
s307        , -1.987289536762319e+01, -2.043691721441843e+01, -2.242813688212928e+00, -1.377750482965229e+01
s308        , -2.028550026196297e+01, -1.905220927774978e+01, -2.001057268722467e+00, -1.089184710128499e+01
s309        , -2.129242792516701e+01, -2.095869057684006e+01, -2.473076923076923e+00, -1.538838850005501e+01
s310        , -1.894855963686166e+01, -1.917316007602943e+01, -2.200322580645161e+00, -1.181408459130101e+01
s311        , -2.010039836844276e+01, -2.004887449909594e+01, -2.380658436213992e+00, -1.374227201936512e+01
s312        , -1.830057188159682e+01, -1.870282795220958e+01, -2.118853211009175e+00, -1.083636767297452e+01
s313        , -1.990312271450173e+01, -1.943208829987849e+01, -2.019953703703704e+00, -1.150507872421819e+01
s314        , -1.980645538479249e+01, -1.971550558046998e+01, -1.942338308457712e+00, -1.161757401011507e+01
s315        , -1.914671781515828e+01, -1.946169255333916e+01, -2.317620817843867e+00, -1.266713181302582e+01
s316        , -2.257620253811652e+01, -2.241001283923727e+01, -1.944434782608695e+00, -1.547092809950486e+01
s317        , -1.647333233405121e+01, -1.637639651566135e+01, -2.084159292035398e+00, -7.385683803391105e+00
s318        , -2.027102701488289e+01, -1.993522128555758e+01, -1.958543689320388e+00, -1.199210491819335e+01
s319        , -1.996146248057647e+01, -1.998420575760902e+01, -1.892537313432836e+00, -1.181370164994316e+01
s320        , -2.548773082504399e+01, -2.486052716411818e+01, -2.140042016806722e+00, -1.970404182922206e+01
s321        , -1.727661852750149e+01, -1.771949884644543e+01, -2.350677966101695e+00, -1.030511798326840e+01
s322        , -2.011073789818953e+01, -2.067105601357763e+01, -1.972959183673469e+00, -1.309648190078262e+01
s323        , -2.178223238748198e+01, -2.177395770125177e+01, -1.826051282051282e+00, -1.411783106310530e+01
s324        , -1.879130547869734e+01, -1.885431101972963e+01, -2.270625000000000e+00, -1.162351191398392e+01
s325        , -2.032679436678044e+01, -2.004759351799816e+01, -1.793278688524590e+00, -1.153076135037777e+01
s326        , -2.071891083121713e+01, -2.023000766639626e+01, -2.095879828326180e+00, -1.292945862007878e+01
s327        , -1.834375983430116e+01, -1.928375517475409e+01, -2.274999999999999e+00, -1.225285179238583e+01
s328        , -2.099505369246730e+01, -2.045413767625561e+01, -2.440602409638554e+00, -1.454614868875850e+01
s329        , -2.140321290954873e+01, -2.060015697388809e+01, -2.206727941176471e+00, -1.387472041172319e+01
s330        , -2.114112529442132e+01, -2.142867835790618e+01, -2.172096069868996e+00, -1.492686235720675e+01
s331        , -1.934637322166436e+01, -2.002806225620895e+01, -2.195227272727273e+00, -1.301499043768906e+01
s332        , -1.962462779654497e+01, -2.038692370610167e+01, -2.138663793103448e+00, -1.331435177471509e+01
s333        , -2.293624249800790e+01, -2.346789069047204e+01, -1.764402173913044e+00, -1.630340858564431e+01
s334        , -1.807355423930957e+01, -1.816953286903573e+01, -2.070315315315316e+00, -9.892679094772452e+00
s335        , -1.850164643907080e+01, -1.859096550009425e+01, -2.161750000000000e+00, -1.083809791407487e+01
s336        , -2.151296308555482e+01, -2.150238302015934e+01, -2.037433628318584e+00, -1.452545908742997e+01
s337        , -1.775953587894473e+01, -1.628899368850518e+01, -2.390293159609120e+00, -8.412601530753740e+00
s338        , -2.118082550420247e+01, -2.143542450211729e+01, -2.102382978723404e+00, -1.467423422981034e+01
s339        , -1.761381998690202e+01, -1.858517459947157e+01, -2.350944625407166e+00, -1.154157069387789e+01
s340        , -1.906967392812366e+01, -1.896868915623138e+01, -2.054905660377359e+00, -1.097522529444011e+01
s341        , -2.371082699534004e+01, -2.372885304500250e+01, -2.104490740740740e+00, -1.795523110610441e+01
s342        , -1.901967676945428e+01, -1.940421660214278e+01, -2.223886639676113e+00, -1.223248340238443e+01
s343        , -1.943128604912865e+01, -1.867943950468053e+01, -2.098904109589041e+00, -1.072794168131075e+01
s344        , -2.171448714042025e+01, -2.170916421097204e+01, -2.474311594202899e+00, -1.646407204710411e+01
s345        , -1.896311499883081e+01, -1.885565897944012e+01, -2.044372093023256e+00, -1.077428766331339e+01
s346        , -2.211462969107367e+01, -2.199642827806744e+01, -1.904454976303317e+00, -1.473027939696932e+01
s347        , -1.640817037109120e+01, -1.672786887703366e+01, -2.382394366197183e+00, -9.009227740033914e+00
s348        , -2.058778590237884e+01, -2.069927553982722e+01, -2.005933014354067e+00, -1.326080071111449e+01
s349        , -1.918353701640313e+01, -1.929017893016170e+01, -2.234007490636704e+00, -1.210780843585299e+01
s350        , -2.047073332015930e+01, -2.103724586242821e+01, -2.090088105726872e+00, -1.405972092466565e+01
s351        , -2.167714580870165e+01, -2.221707816535035e+01, -1.766243093922652e+00, -1.452523631982002e+01
s352        , -2.086238589025425e+01, -2.081140733793786e+01, -1.970539215686274e+00, -1.328768060471799e+01
s353        , -1.920058764071421e+01, -1.912323595077270e+01, -2.591459074733096e+00, -1.321426414429796e+01
s354        , -2.053223705409261e+01, -2.074978204271463e+01, -1.828324873096447e+00, -1.266473138650920e+01
s355        , -1.704257081119439e+01, -1.749141573084481e+01, -2.323884297520661e+00, -9.878813105717292e+00
s356        , -2.127143545968418e+01, -2.071811049626522e+01, -2.355538461538461e+00, -1.460287285622789e+01
s357        , -1.906625211198675e+01, -1.960768369181074e+01, -2.259051094890510e+00, -1.265514783491708e+01
s358        , -2.032987192881253e+01, -2.003646177275665e+01, -1.986051282051282e+00, -1.224007201311404e+01
s359        , -2.136102912880764e+01, -2.144561330822656e+01, -2.012285714285714e+00, -1.434983543045542e+01
s360        , -1.881386071055488e+01, -1.834452049179536e+01, -1.870721649484536e+00, -9.391555016002458e+00
s361        , -2.182643688719446e+01, -2.118635593975538e+01, -2.000087336244541e+00, -1.393394669004993e+01
s362        , -2.091897008712596e+01, -2.121028491116505e+01, -1.954196891191710e+00, -1.379546021100521e+01
s363        , -1.798497754334610e+01, -1.816690715859762e+01, -2.515510204081633e+00, -1.156372459338657e+01
s364        , -1.789393844733154e+01, -1.781127068931685e+01, -2.240905660377359e+00, -1.002313429075033e+01
s365        , -2.184332997178521e+01, -2.122272253397501e+01, -2.240608108108108e+00, -1.489067001780978e+01
s366        , -2.293131491804218e+01, -2.280239395447488e+01, -2.041767241379310e+00, -1.639707305792138e+01
s367        , -2.320311495695380e+01, -2.259554267995837e+01, -1.956197183098592e+00, -1.577995644635208e+01
s368        , -1.944159222026194e+01, -1.940488411317569e+01, -2.543321299638989e+00, -1.343512742720971e+01
s369        , -2.221834550731525e+01, -2.261304320757152e+01, -1.993679245283019e+00, -1.594593729194317e+01
s370        , -1.739352775780219e+01, -1.813792551583319e+01, -2.351221122112211e+00, -1.090431911635572e+01
s371        , -2.131349702655302e+01, -2.088322331518742e+01, -1.749832402234637e+00, -1.255988884355757e+01
s372        , -2.230067528571091e+01, -2.216677994635625e+01, -1.867704081632653e+00, -1.483514250304656e+01
s373        , -1.609460498694387e+01, -1.603991810175872e+01, -2.402335526315790e+00, -8.102435751972886e+00
s374        , -1.846307154319872e+01, -1.880423991761280e+01, -2.246352459016394e+00, -1.146074127480482e+01
s375        , -2.092466765927065e+01, -2.108107080393230e+01, -1.998673469387755e+00, -1.377837008852888e+01
s376        , -2.335896110191541e+01, -2.408009016832519e+01, -1.924042553191490e+00, -1.777766556705979e+01
s377        , -2.209438728501526e+01, -2.249614343079816e+01, -1.910909090909091e+00, -1.546772804989637e+01
s378        , -2.111108779470583e+01, -2.111261539946355e+01, -2.239859154929577e+00, -1.473071305847201e+01
s379        , -1.875225846070942e+01, -1.833709626418019e+01, -1.910392156862745e+00, -9.530197266927640e+00
s380        , -1.834869608623442e+01, -1.820139024971267e+01, -2.403511450381679e+00, -1.119160548665262e+01
s381        , -2.068155326614140e+01, -2.034178150999837e+01, -1.859734042553192e+00, -1.220061238659655e+01
s382        , -1.804666933121612e+01, -1.819039167923791e+01, -2.225914396887160e+00, -1.050780087919102e+01
s383        , -2.062194236740874e+01, -2.120388422920765e+01, -2.178801498127341e+00, -1.463127267451226e+01
s384        , -1.800916137079852e+01, -1.805640977031652e+01, -2.558395522388059e+00, -1.156735983404577e+01
s385        , -2.216424509641620e+01, -2.149627073290668e+01, -2.496415770609319e+00, -1.624339542294942e+01
s386        , -2.182057698940036e+01, -2.214642921984813e+01, -1.834845360824743e+00, -1.468248668943596e+01
s387        , -1.799817167842237e+01, -1.794183614451691e+01, -2.121404255319149e+00, -9.759914712657233e+00
s388        , -2.351217009702901e+01, -2.385220494298200e+01, -2.071938775510204e+00, -1.800881455389959e+01
s389        , -2.149803565649794e+01, -2.115290583494003e+01, -2.498689138576779e+00, -1.576191430306150e+01
s390        , -2.025125341850577e+01, -2.021537417856926e+01, -1.889898989898990e+00, -1.213368857717795e+01
s391        , -1.925641978436478e+01, -1.916350117368658e+01, -1.972941176470588e+00, -1.094490656286738e+01
s392        , -1.954014294555121e+01, -2.036782039618823e+01, -2.122136363636364e+00, -1.322491341553078e+01
s393        , -2.007195889273447e+01, -2.041015995817385e+01, -2.083478260869565e+00, -1.313990919745169e+01
s394        , -1.933645012315517e+01, -1.894910199273645e+01, -2.353346774193549e+00, -1.206998656344106e+01
s395        , -2.191328817199827e+01, -2.073975479566266e+01, -1.986071428571429e+00, -1.324385277008409e+01
s396        , -1.985518647713905e+01, -1.897266701993579e+01, -2.137812500000000e+00, -1.129279217592161e+01
s397        , -1.859895904181181e+01, -1.884658730944959e+01, -2.161589958158996e+00, -1.120230663257500e+01
s398        , -2.089338265909714e+01, -2.117992857212522e+01, -1.867405405405405e+00, -1.342563350238891e+01
s399        , -1.650074457052408e+01, -1.652591196541386e+01, -2.349473684210527e+00, -8.597159480532833e+00
s400        , -1.659170957499870e+01, -1.688706250527943e+01, -2.372149837133550e+00, -9.197881782122938e+00
s401        , -1.654426837808786e+01, -1.684154507601851e+01, -2.368592057761733e+00, -9.119537438485636e+00
s402        , -1.877939202276407e+01, -1.867917794456398e+01, -2.265849802371541e+00, -1.135560669618773e+01
s403        , -2.106694758002669e+01, -2.112551874833037e+01, -1.805860215053763e+00, -1.311645369184615e+01
s404        , -2.165676773412189e+01, -2.103115439499954e+01, -2.564867924528302e+00, -1.583711675388909e+01
s405        , -2.212611753855641e+01, -2.222502976374476e+01, -1.987737556561086e+00, -1.536983149640795e+01
s406        , -1.885653015374473e+01, -1.897968272313831e+01, -2.075454545454545e+00, -1.106821827159351e+01
s407        , -1.790225292709843e+01, -1.771004460974459e+01, -2.237879858657244e+00, -9.867286584334291e+00
s408        , -1.653237145459570e+01, -1.699600944494501e+01, -2.281466165413534e+00, -9.012219675173650e+00
s409        , -1.984138826084547e+01, -2.017037369027494e+01, -2.211832669322709e+00, -1.328055863599610e+01
s410        , -1.632163885458830e+01, -1.681228799763459e+01, -2.360894308943089e+00, -9.048824779756226e+00
s411        , -1.826950002229553e+01, -1.814847823082206e+01, -2.389665427509294e+00, -1.106400428118818e+01
s412        , -2.254085603631221e+01, -2.255337119025371e+01, -1.874406779661017e+00, -1.541208147035062e+01
s413        , -1.907038707751166e+01, -1.928255793659938e+01, -2.366456692913386e+00, -1.259519698929055e+01
s414        , -1.996831080241482e+01, -1.983992038517289e+01, -2.085870646766169e+00, -1.233509151612195e+01
s415        , -2.069762370804266e+01, -2.033137882031494e+01, -2.078634361233480e+00, -1.300925423986109e+01
s416        , -1.735494379178349e+01, -1.802923920281287e+01, -2.279202898550724e+00, -1.047827975274076e+01
s417        , -1.714858900796163e+01, -1.699544616928680e+01, -2.013946188340807e+00, -8.005023903244071e+00
s418        , -2.014294405560549e+01, -2.024731957979781e+01, -1.925346534653465e+00, -1.231263071522162e+01
s419        , -1.771416578387462e+01, -1.770281719751788e+01, -2.315037593984962e+00, -1.014723411309785e+01
s420        , -2.335906844703241e+01, -2.326137868584923e+01, -2.063062200956938e+00, -1.713222351667402e+01
s421        , -2.045819521600993e+01, -2.019110100863101e+01, -1.975113122171946e+00, -1.241961686021507e+01
s422        , -1.913624718404630e+01, -1.924982508976084e+01, -2.103348017621145e+00, -1.155868541496170e+01
s423        , -2.001718266940652e+01, -2.016283605388107e+01, -2.256092436974790e+00, -1.343630351941659e+01
s424        , -2.199980092896302e+01, -2.155240225954154e+01, -1.955229357798165e+00, -1.428759721392155e+01
s425        , -1.799669141475633e+01, -1.842662854967759e+01, -2.341804511278196e+00, -1.128091713918664e+01
s426        , -2.179879403652462e+01, -2.156317023175219e+01, -1.854666666666667e+00, -1.392465475088841e+01
s427        , -1.855895626610580e+01, -1.900850232068974e+01, -2.362873563218391e+00, -1.219059889932092e+01
s428        , -2.201089453299450e+01, -2.252575988545549e+01, -1.959753694581281e+00, -1.569374525191381e+01
s429        , -2.010895188317044e+01, -2.036696918530653e+01, -2.067168949771690e+00, -1.301691495064384e+01
s430        , -2.197039083997888e+01, -2.116880016237225e+01, -2.133333333333333e+00, -1.441015429979701e+01
s431        , -2.053790779896415e+01, -2.049403340186882e+01, -1.925223880597015e+00, -1.266426704578888e+01
s432        , -2.056150222449639e+01, -1.949149428362255e+01, -2.299622641509434e+00, -1.264195545554900e+01
s433        , -1.961788415450921e+01, -1.981285081969005e+01, -2.295185185185185e+00, -1.308388617876415e+01
s434        , -2.169585176655818e+01, -2.122822730514114e+01, -2.195872340425532e+00, -1.473023325020417e+01
s435        , -1.969212203292086e+01, -1.988848216934200e+01, -2.020140186915888e+00, -1.215712298596063e+01
s436        , -1.841763911968392e+01, -1.819822202436920e+01, -2.040047846889952e+00, -9.819758686091511e+00
s437        , -2.085473352476042e+01, -1.988957622919583e+01, -2.451833333333333e+00, -1.378268452340331e+01
s438        , -2.075193174001312e+01, -2.119382668281789e+01, -2.067477064220184e+00, -1.419812412112719e+01
s439        , -1.747889033992054e+01, -1.748999391474391e+01, -2.064347826086956e+00, -8.900425470651884e+00
s440        , -2.292628299240021e+01, -2.323379547821253e+01, -2.090539419087137e+00, -1.719622554798088e+01
s441        , -1.928590410708185e+01, -1.889179866185917e+01, -2.076298076923077e+00, -1.094596780016997e+01
s442        , -2.265396374356312e+01, -2.262281525258217e+01, -1.810382513661202e+00, -1.527033367804837e+01
s443        , -1.939450551490213e+01, -1.913420712567659e+01, -2.128347826086957e+00, -1.148772875631051e+01
s444        , -2.014197468633274e+01, -2.052071740176142e+01, -2.031644444444444e+00, -1.310269602565403e+01
s445        , -2.136890748153691e+01, -2.169011485858843e+01, -1.960285714285714e+00, -1.450315548212916e+01
s446        , -1.984877428373165e+01, -2.005076851399467e+01, -2.204476987447699e+00, -1.308219247951783e+01
s447        , -2.124129540469972e+01, -2.092088673942126e+01, -2.168935361216729e+00, -1.419027694078362e+01
s448        , -1.996883442559681e+01, -2.048779663784280e+01, -2.053449781659389e+00, -1.313774333217238e+01
s449        , -2.213132573342666e+01, -2.210469495858097e+01, -2.172500000000000e+00, -1.589315932315732e+01
s450        , -2.393776981346641e+01, -2.285386676563236e+01, -1.969814814814815e+00, -1.619985238722346e+01
s451        , -1.778758837631850e+01, -1.785036942386906e+01, -2.251031746031746e+00, -1.011702771110876e+01
s452        , -2.093231028730361e+01, -2.110196389425547e+01, -2.098800000000000e+00, -1.418485684568945e+01
s453        , -1.913112365245808e+01, -1.927616494465943e+01, -2.202200000000000e+00, -1.196815076128468e+01
s454        , -1.694745233262931e+01, -1.775054152659471e+01, -2.293856655290103e+00, -1.013566266614162e+01
s455        , -1.959305905778561e+01, -1.957238138802458e+01, -2.098125000000000e+00, -1.199937315138086e+01
s456        , -1.690137029519855e+01, -1.736102947750958e+01, -2.406468646864687e+00, -1.000340898820051e+01
s457        , -1.744399185749123e+01, -1.736350869671235e+01, -1.986495327102804e+00, -8.427036245519366e+00
s458        , -2.020627098912283e+01, -2.046473647596903e+01, -1.945610859728506e+00, -1.269915034814089e+01
s459        , -1.884232545378780e+01, -1.921127128341917e+01, -2.207710843373494e+00, -1.189626915884308e+01
s460        , -2.233016805188693e+01, -2.211534816694905e+01, -2.244803493449782e+00, -1.618036386138606e+01
s461        , -1.623645396367353e+01, -1.660153874002246e+01, -2.191163793103448e+00, -8.109539263249477e+00
s462        , -2.313545884021418e+01, -2.285465831457502e+01, -1.836820512820513e+00, -1.570066656076819e+01
s463        , -2.090493117250811e+01, -2.075849194332126e+01, -2.140897435897436e+00, -1.385303837026686e+01
s464        , -1.633431188033305e+01, -1.657741093562773e+01, -2.478827361563518e+00, -9.157275964509454e+00
s465        , -1.999082968954132e+01, -2.033621236996691e+01, -1.991530612244898e+00, -1.268847408452607e+01
s466        , -1.900684695054017e+01, -1.833273053472367e+01, -2.096493506493506e+00, -1.022406728810457e+01
s467        , -1.783078222536251e+01, -1.792148612658989e+01, -2.276303501945525e+00, -1.031359256741063e+01
s468        , -1.945030486126850e+01, -1.873598038984621e+01, -2.080264317180617e+00, -1.073851240537801e+01
s469        , -2.270314762369042e+01, -2.264501178941467e+01, -1.902871287128713e+00, -1.564994792848088e+01
s470        , -2.119907484802825e+01, -2.151596924001473e+01, -2.033039647577092e+00, -1.452831881184582e+01
s471        , -1.972012875359749e+01, -1.982240489242781e+01, -1.940650000000000e+00, -1.176378411208471e+01
s472        , -1.766462305551830e+01, -1.789837743762375e+01, -2.218915662650602e+00, -1.006472385699760e+01
s473        , -2.127822401317911e+01, -2.170347094401257e+01, -2.092583333333334e+00, -1.501991123790946e+01
s474        , -1.654177405306909e+01, -1.673965496376020e+01, -2.383597122302159e+00, -9.030572945594219e+00
s475        , -2.297159509003216e+01, -2.312298487896544e+01, -2.197089201877934e+00, -1.743891515911140e+01
s476        , -2.252587602064435e+01, -2.238269278889960e+01, -1.870350000000000e+00, -1.515323638172585e+01
s477        , -2.178946083596680e+01, -2.102213472308253e+01, -2.308294314381271e+00, -1.485903191725138e+01
s478        , -1.788602657411998e+01, -1.822750676770249e+01, -2.000262008733624e+00, -9.711880813900409e+00
s479        , -1.952938513246325e+01, -1.922132471945996e+01, -2.110440528634361e+00, -1.154469264043052e+01
s480        , -2.203955610850313e+01, -2.211921153169713e+01, -1.744699453551912e+00, -1.430452020324692e+01
s481        , -1.615402914764109e+01, -1.659556137612094e+01, -2.742401129943503e+00, -1.017472589923945e+01
s482        , -2.215324565636576e+01, -2.201793398696131e+01, -1.932452830188679e+00, -1.486629729467345e+01
s483        , -2.217560840271064e+01, -2.136846112523236e+01, -2.356286919831224e+00, -1.553383671005827e+01
s484        , -2.403070638423247e+01, -2.444993391533525e+01, -1.781160220994475e+00, -1.776797466331436e+01
s485        , -1.896886917982663e+01, -1.890817537315188e+01, -2.611740614334471e+00, -1.298363810775018e+01
s486        , -2.293847835350512e+01, -2.292092570984448e+01, -2.172258064516129e+00, -1.705713327745527e+01
s487        , -1.935879902533930e+01, -1.977212740628887e+01, -2.064583333333334e+00, -1.215825931448588e+01
s488        , -2.071941340396909e+01, -2.051131673187935e+01, -1.893112244897959e+00, -1.256813117675400e+01
s489        , -2.120929532988995e+01, -2.124600466822443e+01, -1.997429906542056e+00, -1.400907733168590e+01
s490        , -2.336106814107168e+01, -2.316592744028202e+01, -1.937409326424871e+00, -1.652330268993021e+01
s491        , -1.878377211600346e+01, -1.881205059388840e+01, -2.015504587155963e+00, -1.060345434886829e+01
s492        , -2.196689093989351e+01, -2.212734927791843e+01, -2.177159533073930e+00, -1.594301929097741e+01
s493        , -2.118321097196467e+01, -2.034468169706286e+01, -2.121446808510638e+00, -1.318929695091953e+01
s494        , -2.014379663919148e+01, -2.043163602636663e+01, -2.262500000000000e+00, -1.384402634080346e+01
s495        , -1.971897958689983e+01, -1.985360973702613e+01, -1.941213592233010e+00, -1.181043831618255e+01
s496        , -2.171934681583978e+01, -2.122602769715855e+01, -2.141203703703704e+00, -1.452143439897981e+01
s497        , -1.930074135275753e+01, -1.935418534888512e+01, -2.036860986547085e+00, -1.145750353517426e+01
s498        , -2.146882601091719e+01, -2.164658294928382e+01, -2.109861751152073e+00, -1.500372373798778e+01
s499        , -1.852368794388046e+01, -1.855759870278007e+01, -2.062690582959641e+00, -1.041782370855426e+01
s500        , -2.050589701281523e+01, -2.080605092721667e+01, -2.218000000000000e+00, -1.421096677954074e+01
s501        , -2.141899489528082e+01, -2.118704035477391e+01, -2.234456928838951e+00, -1.481660586251513e+01
s502        , -1.777920620854658e+01, -1.790808350557564e+01, -2.143935185185185e+00, -9.796504438371667e+00
s503        , -2.264989988763092e+01, -2.293593319946903e+01, -1.860051813471503e+00, -1.590405261810071e+01
s504        , -1.994570445298742e+01, -2.030916147092332e+01, -2.130833333333333e+00, -1.317391570920105e+01
s505        , -2.256898602446125e+01, -2.262923383717548e+01, -1.781075268817204e+00, -1.516924210946988e+01
s506        , -2.050664132584332e+01, -2.039095144839585e+01, -2.058642533936652e+00, -1.301906545429006e+01
s507        , -2.255451727781655e+01, -2.175530184241278e+01, -2.233822525597270e+00, -1.562521392914139e+01
s508        , -2.063695726234980e+01, -2.057504751447481e+01, -2.297445887445888e+00, -1.418016015640805e+01
s509        , -2.049565878814769e+01, -2.055061299940807e+01, -2.131750000000000e+00, -1.352195180862752e+01
s510        , -1.886667658587990e+01, -1.914097118733976e+01, -2.104691358024691e+00, -1.140838807202448e+01
s511        , -2.270091090950000e+01, -2.298305924539831e+01, -2.040422535211268e+00, -1.664985091969089e+01
s512        , -2.052865138648571e+01, -2.081002856416445e+01, -2.198464566929134e+00, -1.414315250025212e+01
s513        , -1.872228566034903e+01, -1.891749052877792e+01, -2.020805687203791e+00, -1.077387537787135e+01
s514        , -2.338235400416073e+01, -2.366256331113713e+01, -1.716983240223463e+00, -1.640284891571199e+01
s515        , -2.063189590001077e+01, -2.097254878559325e+01, -2.281622641509434e+00, -1.468792831059922e+01
s516        , -2.353360034901451e+01, -2.349774735401598e+01, -1.950432692307692e+00, -1.704585264874990e+01
s517        , -2.274108402549141e+01, -2.286979132573874e+01, -1.747142857142857e+00, -1.538490242548583e+01
s518        , -2.095244706423326e+01, -2.133117794853461e+01, -2.266215139442231e+00, -1.514178411745111e+01
s519        , -2.165153402286209e+01, -2.078255292375592e+01, -2.145977011494252e+00, -1.390648602642981e+01
s520        , -1.917430642162448e+01, -1.989386549794406e+01, -2.065428571428571e+00, -1.233517761704471e+01
s521        , -2.048146586988528e+01, -1.958932128338910e+01, -2.012336448598131e+00, -1.170081825654711e+01
s522        , -1.837039701152461e+01, -1.864048365371317e+01, -2.371647058823529e+00, -1.169838617791374e+01
s523        , -2.237538522976599e+01, -2.245773210882966e+01, -1.898939393939394e+00, -1.536788013080573e+01
s524        , -2.219430447580721e+01, -2.178900303055040e+01, -1.895693779904306e+00, -1.440129333498261e+01
s525        , -2.096151325596525e+01, -2.083695072449875e+01, -2.085288888888889e+00, -1.375581529858086e+01
s526        , -2.193172581512368e+01, -2.193575425379392e+01, -1.773934426229508e+00, -1.415267903476802e+01
s527        , -2.063376120076111e+01, -2.073003291878481e+01, -1.840201005025126e+00, -1.268122361269008e+01
s528        , -1.776721144005281e+01, -1.760803216419998e+01, -2.275970149253732e+00, -9.864992548059336e+00
s529        , -2.226349149791107e+01, -2.295827892746528e+01, -1.790815217391305e+00, -1.567547998592217e+01
s530        , -2.300566448791293e+01, -2.282126359895764e+01, -2.155662100456621e+00, -1.685246756526107e+01
s531        , -1.846679125419261e+01, -1.812806667478178e+01, -2.165819672131148e+00, -1.019278146742106e+01
s532        , -1.859817726729017e+01, -1.949037112437622e+01, -2.261375464684015e+00, -1.249646926984287e+01
s533        , -2.134099683522431e+01, -2.215893714512333e+01, -1.979300000000000e+00, -1.524376587294322e+01
s534        , -2.286936511308830e+01, -2.259065385670467e+01, -2.238721461187215e+00, -1.683581640899208e+01
s535        , -1.777040539985326e+01, -1.817608387619507e+01, -2.307489711934156e+00, -1.079426225824366e+01
s536        , -1.995222678224889e+01, -2.015505002193662e+01, -2.083794642857143e+00, -1.277701913987150e+01
s537        , -2.015268820600640e+01, -2.081989778261294e+01, -2.174576271186440e+00, -1.406737122201784e+01
s538        , -1.740140208992538e+01, -1.782977266917939e+01, -2.256331877729258e+00, -1.010757177666229e+01
s539        , -1.924950405987826e+01, -2.014627555430160e+01, -2.245661764705882e+00, -1.337342971760607e+01
s540        , -2.157643164881004e+01, -2.114075377126751e+01, -2.135241935483871e+00, -1.437730791060099e+01
s541        , -1.586673793577160e+01, -1.605910261476593e+01, -2.460549828178694e+00, -8.348813168593969e+00
s542        , -2.009907109345192e+01, -2.005619879848640e+01, -2.190877192982456e+00, -1.303878081411925e+01
s543        , -1.879069098033760e+01, -1.818963523072901e+01, -2.401983471074380e+00, -1.116908115194875e+01
s544        , -2.248614661420541e+01, -2.182237107838235e+01, -2.078130081300813e+00, -1.513522747281450e+01
s545        , -1.987972862262733e+01, -2.016326328728469e+01, -2.171596958174905e+00, -1.311904702219250e+01
s546        , -2.126472237694319e+01, -2.088247082968925e+01, -1.786923076923077e+00, -1.269834751989145e+01
s547        , -1.738356621674509e+01, -1.730357081113011e+01, -2.237098039215686e+00, -9.284246160834639e+00
s548        , -1.943625792183643e+01, -1.979889643299389e+01, -2.264906367041199e+00, -1.295006432223018e+01
s549        , -2.233202963006129e+01, -2.285209162277636e+01, -1.682285714285714e+00, -1.511565414183645e+01
s550        , -2.412763530103872e+01, -2.432114749443449e+01, -1.811000000000000e+00, -1.769643227414158e+01
s551        , -1.731823103856605e+01, -1.729815043706517e+01, -2.391815068493151e+00, -9.858545374591984e+00
s552        , -2.060923402045430e+01, -2.128056824914778e+01, -1.952666666666667e+00, -1.389000850952540e+01
s553        , -1.992869680942914e+01, -1.994995996648752e+01, -2.030730593607306e+00, -1.228470144003050e+01
s554        , -1.812921854031919e+01, -1.801864996648426e+01, -2.170161290322580e+00, -1.005296023218892e+01
s555        , -2.102602816640752e+01, -1.992148610653560e+01, -2.158650793650794e+00, -1.272529201817931e+01
s556        , -1.941820686683750e+01, -1.950814153146876e+01, -1.905845410628020e+00, -1.118435051980510e+01
s557        , -2.190718211184164e+01, -2.111418487277748e+01, -2.260675105485232e+00, -1.481126111813900e+01
s558        , -1.909304407213536e+01, -1.896222164415131e+01, -1.928468899521531e+00, -1.049034871778994e+01
s559        , -2.023025085829861e+01, -2.029943994094313e+01, -2.104739336492891e+00, -1.306187778820004e+01
s560        , -2.107002513254548e+01, -2.145132599293643e+01, -2.160000000000000e+00, -1.491367935098233e+01
s561        , -2.121559386756793e+01, -2.069930885774816e+01, -2.121497797356828e+00, -1.369559508599494e+01
s562        , -1.764234380631898e+01, -1.820770916607357e+01, -2.304071428571429e+00, -1.082653695683213e+01
s563        , -1.646928563220792e+01, -1.678280683746841e+01, -2.721185897435897e+00, -1.036214309058695e+01
s564        , -1.863449571719480e+01, -1.840681365793104e+01, -2.256296296296296e+00, -1.093096223918366e+01
s565        , -2.028655126138008e+01, -2.037399531007807e+01, -1.988536585365854e+00, -1.273113270046078e+01
s566        , -1.821002786093300e+01, -1.831997499436332e+01, -2.108539823008849e+00, -1.025118063315135e+01
s567        , -2.066943738863287e+01, -2.110844776581325e+01, -1.879462365591398e+00, -1.336897709738221e+01
s568        , -2.062629415098700e+01, -2.065913209084969e+01, -1.980000000000000e+00, -1.310595173928868e+01
s569        , -2.065075063553067e+01, -2.103292693227295e+01, -2.220509803921569e+00, -1.454419468748282e+01
s570        , -2.031634942577389e+01, -2.052294450960452e+01, -2.076116504854369e+00, -1.327317529925103e+01
s571        , -2.047206271335130e+01, -2.058040571372653e+01, -2.090570175438597e+00, -1.340955480576364e+01
s572        , -2.393038589894997e+01, -2.375055164139023e+01, -2.123130841121495e+00, -1.805632105336256e+01
s573        , -1.926109501090367e+01, -1.899268080634593e+01, -2.299534883720931e+00, -1.192974342894718e+01
s574        , -2.085894290369713e+01, -2.075114655582107e+01, -2.281266968325792e+00, -1.437061599641327e+01
s575        , -2.021973442813006e+01, -2.086286516975527e+01, -2.156425339366516e+00, -1.406040958218611e+01
s576        , -1.844714179521902e+01, -1.831410202830260e+01, -2.074210526315790e+00, -1.011365455604784e+01
s577        , -1.949977509463960e+01, -1.949568687401061e+01, -2.009863013698630e+00, -1.155788297207939e+01
s578        , -2.108198153892643e+01, -2.096558487271195e+01, -2.165100401606426e+00, -1.423964104637144e+01
s579        , -2.029210259566103e+01, -2.044314130500005e+01, -2.037644230769231e+00, -1.301455404942416e+01
s580        , -2.195204710511243e+01, -2.154351855874665e+01, -2.525787401574803e+00, -1.642131925051476e+01
s581        , -2.000078291173359e+01, -2.035242109943226e+01, -1.927564766839378e+00, -1.247097123627518e+01
s582        , -2.354247422413414e+01, -2.311228146113638e+01, -2.007706422018348e+00, -1.671119468079574e+01
s583        , -1.881717670098672e+01, -1.955695965337798e+01, -2.232883895131086e+00, -1.248431778038375e+01
s584        , -2.079214981383572e+01, -2.059914146814074e+01, -1.783651685393258e+00, -1.228168713718663e+01
s585        , -2.214462266832296e+01, -2.263820754402169e+01, -1.771851851851852e+00, -1.514735107436728e+01
s586        , -1.671124709479596e+01, -1.684007116754478e+01, -2.248085106382979e+00, -8.664095024045208e+00
s587        , -1.722924462132460e+01, -1.697326479099756e+01, -1.992017937219731e+00, -7.890875154933395e+00
s588        , -2.306180681354529e+01, -2.263553521816486e+01, -2.023809523809524e+00, -1.609138482652028e+01
s589        , -2.054966159202169e+01, -2.083479512668999e+01, -2.339003436426117e+00, -1.470719574541556e+01
s590        , -2.302597507766974e+01, -2.292749036743228e+01, -2.226502057613169e+00, -1.727056423093853e+01
s591        , -2.031576031139625e+01, -2.071623656732709e+01, -2.129356223175965e+00, -1.374931633616598e+01
s592        , -1.675983730084032e+01, -1.636079446548448e+01, -2.144960937500000e+00, -7.592148970083629e+00
s593        , -1.833051427645905e+01, -1.877560548723506e+01, -2.176969696969697e+00, -1.115886241932972e+01
s594        , -1.700453572465554e+01, -1.723270403712225e+01, -2.153815789473684e+00, -8.869806472432289e+00
s595        , -2.121342929627275e+01, -2.089489596573429e+01, -1.814188481675393e+00, -1.281865065015861e+01
s596        , -1.895402289388661e+01, -1.893632653200515e+01, -1.947194570135746e+00, -1.052383719099330e+01
s597        , -2.389559541191659e+01, -2.388050334115000e+01, -1.994615384615384e+00, -1.775831530765824e+01
s598        , -1.923753651242740e+01, -1.951910260776807e+01, -2.006756756756757e+00, -1.157961522089979e+01
s599        , -2.358158831573873e+01, -2.339745837494434e+01, -1.929899497487437e+00, -1.682548070796586e+01
s600        , -1.942143232536245e+01, -1.946753014652809e+01, -2.264885245901640e+00, -1.247707531496854e+01
s601        , -2.073803555561576e+01, -2.044177237588689e+01, -1.978450000000000e+00, -1.278991572604859e+01
s602        , -1.821856306700227e+01, -1.780316760679045e+01, -1.950765550239234e+00, -8.920082683376638e+00
s603        , -1.722454836479658e+01, -1.715487260496104e+01, -2.303073929961089e+00, -9.320228243698649e+00
s604        , -1.805154515236764e+01, -1.800717462138143e+01, -2.229138576779026e+00, -1.025845171390347e+01
s605        , -2.021935755598555e+01, -1.945483811785591e+01, -2.249288702928870e+00, -1.240028875026061e+01
s606        , -1.827906736534894e+01, -1.839172058276475e+01, -2.457826086956522e+00, -1.166756346591117e+01
s607        , -2.237721630921111e+01, -2.234679093509781e+01, -2.086473214285715e+00, -1.591503981380538e+01
s608        , -2.098562136420296e+01, -2.149522372779781e+01, -2.072384937238494e+00, -1.464672613835927e+01
s609        , -1.946776205882490e+01, -1.961223128326223e+01, -2.101473214285714e+00, -1.206884070163260e+01
s610        , -2.069261977150295e+01, -2.036361445955342e+01, -2.289563758389262e+00, -1.384876134154340e+01
s611        , -2.170289912291919e+01, -2.119076336835389e+01, -2.244296028880866e+00, -1.485893318582989e+01
s612        , -1.930046031145336e+01, -1.898501924915500e+01, -1.942615384615385e+00, -1.057610244173448e+01
s613        , -2.385958137896088e+01, -2.420873620026438e+01, -1.753333333333333e+00, -1.731906637933330e+01
s614        , -1.933674081040147e+01, -1.931939160559132e+01, -2.050922330097088e+00, -1.146074544273802e+01
s615        , -1.973716697922491e+01, -1.983566724648171e+01, -2.094910714285715e+00, -1.236302976417894e+01
s616        , -1.815004309366292e+01, -1.786787992658568e+01, -2.304683098591549e+00, -1.034385055934839e+01
s617        , -1.832352306169715e+01, -1.805086867833549e+01, -2.157375000000000e+00, -1.005084003050180e+01
s618        , -1.700993990522181e+01, -1.710697984709406e+01, -2.454100946372240e+00, -9.820031398491921e+00
s619        , -2.331208521979489e+01, -2.286020776067037e+01, -1.844450000000000e+00, -1.573728806534287e+01
s620        , -2.294394567846179e+01, -2.350497965943116e+01, -1.831315789473685e+00, -1.660806457928043e+01
s621        , -2.117716243218820e+01, -2.153975033617994e+01, -1.983267326732673e+00, -1.437501794082591e+01
s622        , -2.002792552777272e+01, -1.957635816883516e+01, -2.090466101694915e+00, -1.197623636335119e+01
s623        , -1.988853831837967e+01, -1.974028297126006e+01, -1.947192118226601e+00, -1.167119477601853e+01
s624        , -2.364575476956619e+01, -2.327613644110879e+01, -1.907874396135266e+00, -1.656947912540106e+01
s625        , -2.144171537166414e+01, -2.090347110545678e+01, -2.005442477876106e+00, -1.355037314352328e+01
s626        , -2.037069722396305e+01, -2.054450031780739e+01, -2.047368421052632e+00, -1.319579035211139e+01
s627        , -1.998545144661707e+01, -2.018828862934204e+01, -2.128873873873874e+00, -1.299404062397521e+01
s628        , -2.158119065398551e+01, -2.151458227117042e+01, -1.925198019801980e+00, -1.412064655619903e+01
s629        , -1.843917864187274e+01, -1.816790043908847e+01, -2.242410071942446e+00, -1.053775809883622e+01
s630        , -1.962256463480217e+01, -2.007523758209557e+01, -2.234320987654321e+00, -1.322938461314509e+01
s631        , -2.101091990223662e+01, -2.086053248066966e+01, -2.028500000000000e+00, -1.357583408936297e+01
s632        , -2.022844039713042e+01, -1.995216551486389e+01, -1.783043478260870e+00, -1.135606706864047e+01
s633        , -2.473876586737651e+01, -2.505862236817236e+01, -1.755080213903743e+00, -1.853855346750257e+01
s634        , -2.051539403555230e+01, -2.078477882252994e+01, -2.088782608695652e+00, -1.369450127967471e+01
s635        , -2.382235458298951e+01, -2.426146537417041e+01, -1.690621468926554e+00, -1.715840109139631e+01
s636        , -1.910586081968059e+01, -1.939337115231791e+01, -2.237444444444444e+00, -1.226800884966722e+01
s637        , -1.917066616024459e+01, -1.910720977406654e+01, -2.010288461538461e+00, -1.100506820262317e+01
s638        , -2.192001400012589e+01, -2.166054186003488e+01, -1.989767441860465e+00, -1.457185861009921e+01
s639        , -2.010078758798683e+01, -2.000438379018904e+01, -2.130781893004115e+00, -1.273875858434412e+01
s640        , -1.983289623130970e+01, -1.976678587589210e+01, -1.911317073170732e+00, -1.157405893811449e+01
s641        , -2.307886864739055e+01, -2.306589329699261e+01, -1.954056603773585e+00, -1.644316483650948e+01
s642        , -2.260273435105626e+01, -2.280269870602039e+01, -1.900869565217391e+00, -1.586746054419914e+01
s643        , -2.012782689900612e+01, -1.987367265222093e+01, -2.231955555555556e+00, -1.293282253494942e+01
s644        , -1.902512926743999e+01, -1.840575031194590e+01, -2.077079646017699e+00, -1.025524387945926e+01
s645        , -2.049081123370357e+01, -2.048739406755732e+01, -2.079464285714286e+00, -1.323503359230300e+01
s646        , -2.159630341817387e+01, -2.232773963894583e+01, -1.811325966850829e+00, -1.485276558430210e+01
s647        , -2.046804100673445e+01, -2.040462995923902e+01, -1.874736842105263e+00, -1.234674608819761e+01
s648        , -2.112203592795417e+01, -2.054101689477574e+01, -2.503944223107569e+00, -1.490842598472543e+01
s649        , -2.130712394597167e+01, -2.204269350962442e+01, -1.831256830601093e+00, -1.452094041624153e+01
s650        , -1.872664219670308e+01, -1.843493768307438e+01, -2.251557377049181e+00, -1.095327196411463e+01
s651        , -2.286060777226206e+01, -2.296365207238886e+01, -2.217751196172249e+00, -1.728925228170308e+01
s652        , -2.513277458672901e+01, -2.536473316501001e+01, -1.767089947089947e+00, -1.902059943108484e+01
s653        , -2.212366926194319e+01, -2.183507145586850e+01, -2.103104838709677e+00, -1.524730615508703e+01
s654        , -2.219498706816524e+01, -2.172459423150577e+01, -2.356692607003890e+00, -1.604361840697777e+01
s655        , -2.136195741190379e+01, -2.148529616191292e+01, -2.133643410852713e+00, -1.486300820428336e+01
s656        , -2.204727614381470e+01, -2.186364370283356e+01, -1.992488479262673e+00, -1.487195185717240e+01
s657        , -2.036339525797458e+01, -2.023624209274117e+01, -1.959468599033816e+00, -1.242518635140260e+01
s658        , -1.602366185676991e+01, -1.616238067723897e+01, -2.083609958506224e+00, -7.078184444079968e+00
s659        , -1.871169938684588e+01, -1.922588271459789e+01, -2.195612648221344e+00, -1.187160928535681e+01
s660        , -2.183022460938435e+01, -2.128116466137716e+01, -1.762372881355932e+00, -1.317498744864977e+01
s661        , -2.183692812512830e+01, -2.239017832932263e+01, -1.716779661016949e+00, -1.458619824171840e+01
s662        , -1.575332316936146e+01, -1.581323649991577e+01, -2.213913043478261e+00, -7.070094479002019e+00
s663        , -2.161244100467384e+01, -2.196683720173273e+01, -1.913942307692308e+00, -1.472373917159396e+01
s664        , -1.792030659393350e+01, -1.781415783514775e+01, -2.027219730941704e+00, -9.223382801959225e+00
s665        , -2.036353189911458e+01, -2.015883732699820e+01, -2.196279069767441e+00, -1.320558292990403e+01
s666        , -1.896012969757172e+01, -1.859103721331110e+01, -2.107008547008547e+00, -1.063226665012852e+01
s667        , -1.834472710605888e+01, -1.869855859981880e+01, -1.872020202020202e+00, -9.901705733736527e+00
s668        , -2.315183675604283e+01, -2.268555100881306e+01, -1.898514851485149e+00, -1.569141488091772e+01
s669        , -2.168824836514504e+01, -2.114233861392139e+01, -1.742954545454545e+00, -1.290381133581892e+01
s670        , -1.765957516951316e+01, -1.779262264093947e+01, -2.369515570934256e+00, -1.048034242436292e+01
s671        , -1.925271531654228e+01, -1.965245089997622e+01, -2.138479262672811e+00, -1.226545437446513e+01
s672        , -2.010246672918431e+01, -1.972244396426832e+01, -2.180524344569288e+00, -1.252351573705520e+01
s673        , -2.045224673553428e+01, -2.060351870676258e+01, -1.931782178217822e+00, -1.284519091794190e+01
s674        , -1.961862741224291e+01, -1.957816433595517e+01, -1.976028708133971e+00, -1.154830837253313e+01
s675        , -1.819835804307071e+01, -1.837198838561541e+01, -2.033545454545454e+00, -1.004328787380829e+01
s676        , -2.030955144796039e+01, -2.018926676418788e+01, -2.130707547169811e+00, -1.300233472335132e+01
s677        , -1.708028116046972e+01, -1.719747323200525e+01, -2.297000000000000e+00, -9.358176038636779e+00
s678        , -1.996975063415185e+01, -1.997194297614449e+01, -2.133393665158371e+00, -1.270228596994627e+01
s679        , -2.075675552323975e+01, -2.077153265091243e+01, -2.033459715639811e+00, -1.346747605231443e+01
s680        , -1.844365265503332e+01, -1.872430205625502e+01, -2.129411764705882e+00, -1.090673500890288e+01
s681        , -1.908965101407623e+01, -1.882457777274298e+01, -2.399804560260586e+00, -1.206704278450876e+01
s682        , -2.132701003782740e+01, -2.186473460022510e+01, -2.159715447154472e+00, -1.550260517017700e+01
s683        , -2.134055790648813e+01, -2.022258540053440e+01, -2.124669260700389e+00, -1.302716980929921e+01
s684        , -2.228765611405496e+01, -2.226535646087525e+01, -1.972801932367150e+00, -1.537119696240043e+01
s685        , -2.220524684044785e+01, -2.241589447272154e+01, -2.321180555555555e+00, -1.689661395661349e+01
s686        , -2.092862014660340e+01, -2.111790202724321e+01, -2.026556603773585e+00, -1.393582823438691e+01
s687        , -2.266843571203506e+01, -2.235278306702487e+01, -1.880833333333333e+00, -1.514998829254621e+01
s688        , -1.791243182954496e+01, -1.797878078620759e+01, -2.383228070175439e+00, -1.079760359472720e+01
s689        , -2.022924986754604e+01, -2.038917434961576e+01, -1.918571428571429e+00, -1.248959132981568e+01
s690        , -1.926971843911773e+01, -1.855311692065639e+01, -2.491042471042471e+00, -1.202285809472618e+01
s691        , -1.839442212707931e+01, -1.888028248365671e+01, -2.111254752851711e+00, -1.106103710975064e+01
s692        , -1.811967055159425e+01, -1.817896448892566e+01, -1.964257425742574e+00, -9.507156894465490e+00
s693        , -1.897178714286070e+01, -1.910010419265149e+01, -2.085373831775701e+00, -1.127739350627610e+01
s694        , -2.117746495604092e+01, -2.063201914765128e+01, -1.868900000000000e+00, -1.264930687339645e+01
s695        , -2.262578130233349e+01, -2.223768313056137e+01, -2.460278884462151e+00, -1.716555797463901e+01
s696        , -2.110358706695218e+01, -2.055048674463528e+01, -1.926666666666667e+00, -1.275026212307602e+01
s697        , -2.080079623838923e+01, -2.072680319330151e+01, -1.962941176470588e+00, -1.313835445517621e+01
s698        , -2.284382050270110e+01, -2.294133934233773e+01, -2.170372093023256e+00, -1.707917170661229e+01
s699        , -1.710021253686445e+01, -1.753902889464058e+01, -2.256022304832714e+00, -9.691472070509054e+00
s700        , -1.768315556313765e+01, -1.736564560242221e+01, -2.451548821548822e+00, -1.017958543301720e+01
s701        , -1.903295584190279e+01, -1.899060213776578e+01, -2.307216494845361e+00, -1.195567455281180e+01
s702        , -1.837939645173277e+01, -1.854833855375978e+01, -2.183478260869565e+00, -1.085900308186097e+01
s703        , -2.091048572489854e+01, -1.964020761591940e+01, -2.302857142857143e+00, -1.286635973069209e+01
s704        , -2.101614044515869e+01, -2.113311233190863e+01, -2.024644549763033e+00, -1.395034261114553e+01
s705        , -1.998067347119072e+01, -1.952121856050185e+01, -1.894568527918782e+00, -1.116059054492519e+01
s706        , -2.205053681559340e+01, -2.196253011837255e+01, -2.000995475113122e+00, -1.504508038913871e+01
s707        , -2.095566328486310e+01, -2.096263613532649e+01, -2.140538116591928e+00, -1.414303111482951e+01
s708        , -2.098548818691052e+01, -2.099415772635582e+01, -2.273504273504273e+00, -1.468822677425753e+01
s709        , -2.115794840593145e+01, -2.168447027400700e+01, -2.224220532319392e+00, -1.548800457982771e+01
s710        , -2.144561556804213e+01, -2.159281795830892e+01, -1.809319371727749e+00, -1.379637308958415e+01
s711        , -2.158487030708884e+01, -2.145963910622569e+01, -1.956047619047619e+00, -1.415828847917271e+01
s712        , -1.701606937532507e+01, -1.721207458794734e+01, -2.275671641791045e+00, -9.298778542903882e+00
s713        , -2.069677260469373e+01, -2.084704817824072e+01, -1.969758454106280e+00, -1.333560827488504e+01
s714        , -1.667903695847065e+01, -1.667551162378831e+01, -2.115185185185185e+00, -7.929283362290620e+00
s715        , -1.903979308955687e+01, -1.943006853972104e+01, -2.113903508771930e+00, -1.185562897620780e+01
s716        , -1.775292931769286e+01, -1.753368410990058e+01, -1.925885167464115e+00, -8.441890882873111e+00
s717        , -1.980553907801730e+01, -2.059477874752043e+01, -2.226764705882353e+00, -1.394242181455503e+01
s718        , -2.205506805307129e+01, -2.178110892137394e+01, -2.477559055118110e+00, -1.657896470055168e+01
s719        , -2.211926724507942e+01, -2.233195803496854e+01, -1.998073394495413e+00, -1.556131694556510e+01
s720        , -2.227273745316376e+01, -2.244935121877110e+01, -2.052358490566038e+00, -1.593307150874036e+01
s721        , -1.785735939085095e+01, -1.807196525674744e+01, -2.360833333333333e+00, -1.084634438418226e+01
s722        , -2.185625504194673e+01, -2.156856843254976e+01, -1.993568281938326e+00, -1.445489719090106e+01
s723        , -2.033801839240394e+01, -2.007957246434801e+01, -2.127524752475248e+00, -1.283381099555945e+01
s724        , -2.101306363073858e+01, -2.099478041155483e+01, -1.892786069651742e+00, -1.325687954469639e+01
s725        , -1.977835943733275e+01, -2.003453040487387e+01, -2.226958174904943e+00, -1.314359094712473e+01
s726        , -1.782642809085736e+01, -1.757188119004009e+01, -2.160746887966805e+00, -9.379937624538826e+00
s727        , -2.098840179836340e+01, -2.098883027320431e+01, -2.187412280701754e+00, -1.435675149672046e+01
s728        , -2.135488943619893e+01, -2.116395056135828e+01, -1.890099009900990e+00, -1.348820226788202e+01
s729        , -1.830313789299144e+01, -1.881747471981963e+01, -2.215162601626016e+00, -1.136229521449471e+01
s730        , -1.974102380594271e+01, -1.981892150758382e+01, -2.148429752066116e+00, -1.254046604198092e+01
s731        , -1.858542568590836e+01, -1.803398923834086e+01, -2.048440366972477e+00, -9.616945876243600e+00
s732        , -1.728575125425960e+01, -1.807960542285557e+01, -2.332749140893471e+00, -1.075159723589365e+01
s733        , -2.189672381410002e+01, -2.208035464829964e+01, -1.979033816425121e+00, -1.513061546134604e+01
s734        , -1.907291800543370e+01, -1.933392921335139e+01, -2.238185185185185e+00, -1.218596287472596e+01
s735        , -2.104653345651221e+01, -2.041136824062663e+01, -1.773033707865169e+00, -1.197376238089064e+01
s736        , -1.839280423093862e+01, -1.880933060136810e+01, -2.207413127413127e+00, -1.132151933902198e+01
s737        , -2.165426899727042e+01, -2.136144197302595e+01, -1.882885572139304e+00, -1.374291576809966e+01
s738        , -1.806822955624155e+01, -1.844492219423957e+01, -2.218228782287823e+00, -1.084214146542245e+01
s739        , -1.955458939471557e+01, -2.009585841370201e+01, -2.093416666666667e+00, -1.272874120521917e+01
s740        , -1.834079412742093e+01, -1.847360796408754e+01, -2.256296296296296e+00, -1.102628776450836e+01
s741        , -2.108323768665554e+01, -2.095472430676373e+01, -1.900000000000000e+00, -1.322685176952391e+01
s742        , -1.784982580383593e+01, -1.805276264977744e+01, -2.126064814814815e+00, -9.935756233301886e+00
s743        , -2.007117762213282e+01, -2.043504405572164e+01, -2.284000000000000e+00, -1.392977164390222e+01
s744        , -2.048858578542649e+01, -2.082190711291817e+01, -2.019423076923077e+00, -1.348656311265646e+01
s745        , -2.120349313282904e+01, -2.128131432518814e+01, -1.761208791208791e+00, -1.317082181375508e+01
s746        , -1.892251493836264e+01, -1.858289297915401e+01, -1.953793103448276e+00, -1.004425756236174e+01
s747        , -2.116880416688591e+01, -2.078682963381287e+01, -1.804648648648649e+00, -1.262853553327061e+01
s748        , -2.167842994358758e+01, -2.137259832252898e+01, -1.867460317460317e+00, -1.370080880234662e+01
s749        , -2.059667445248301e+01, -2.058020439360939e+01, -1.904205128205128e+00, -1.270817490526658e+01
s750        , -2.032384862658092e+01, -2.035599482655339e+01, -2.446135458167331e+00, -1.442689902570446e+01
s751        , -2.236553637276776e+01, -2.143980571698402e+01, -2.430686567164179e+00, -1.591554257234194e+01
s752        , -1.716732359631470e+01, -1.706069416277386e+01, -2.404933774834437e+00, -9.569011219259588e+00
s753        , -2.206691124025960e+01, -2.173300582855656e+01, -2.465899280575540e+00, -1.646645107316894e+01
s754        , -1.859855862913608e+01, -1.891450085786934e+01, -2.278023255813954e+00, -1.173724360305073e+01
s755        , -2.251644582892857e+01, -2.196893683904772e+01, -1.950841121495327e+00, -1.486554648878237e+01
s756        , -2.026279534630465e+01, -2.057342695530333e+01, -2.230632411067193e+00, -1.392649963718445e+01
s757        , -1.901185247831666e+01, -1.952655512677840e+01, -2.228441064638783e+00, -1.242421232095846e+01
s758        , -1.866312886885699e+01, -1.913024248274271e+01, -2.232979591836735e+00, -1.187568817486697e+01
s759        , -2.105033567951521e+01, -2.106108190229842e+01, -2.237216981132075e+00, -1.464722732637792e+01
s760        , -1.976737462921502e+01, -1.968495469951101e+01, -1.801684210526316e+00, -1.104484219068462e+01
s761        , -2.282845273202710e+01, -2.287726272025216e+01, -2.030590909090909e+00, -1.646187745290527e+01
s762        , -1.737428124739802e+01, -1.706361409633806e+01, -2.224801444043321e+00, -8.895532871226553e+00
s763        , -2.048674857080450e+01, -2.068453459919379e+01, -2.140625000000000e+00, -1.374646522669631e+01
s764        , -1.996103637141938e+01, -1.946895221714216e+01, -2.226485507246377e+00, -1.233464762806015e+01
s765        , -1.985538741097363e+01, -2.012262176857514e+01, -2.039000000000000e+00, -1.256222475415163e+01
s766        , -1.902823974868692e+01, -1.917666513964441e+01, -2.209446808510638e+00, -1.185341156689058e+01
s767        , -2.019726225103009e+01, -1.969991438551021e+01, -2.166046511627907e+00, -1.243689801890804e+01
s768        , -2.180287541987858e+01, -2.082320768703690e+01, -2.293000000000000e+00, -1.451759693784951e+01
s769        , -2.332774774981945e+01, -2.383160757202742e+01, -1.724385964912281e+00, -1.667194905680831e+01
s770        , -2.255011500408412e+01, -2.282094326918188e+01, -2.036164383561644e+00, -1.640246815243743e+01
s771        , -1.837836194936116e+01, -1.794565418344015e+01, -2.038644859813084e+00, -9.454028431965213e+00
s772        , -2.036442085092615e+01, -2.045274612601355e+01, -1.963316831683168e+00, -1.274864697246661e+01
s773        , -2.207703951964118e+01, -2.209272658338616e+01, -1.923663366336633e+00, -1.493997222066005e+01
s774        , -2.410464814655394e+01, -2.370793544218188e+01, -2.027358490566038e+00, -1.763521227933603e+01
s775        , -2.145476048405246e+01, -2.087780192976783e+01, -2.023856502242153e+00, -1.358301167013479e+01
s776        , -1.783304251394927e+01, -1.794496100305068e+01, -2.117209302325581e+00, -9.748593229163770e+00
s777        , -1.926023008452307e+01, -1.931828549569570e+01, -2.258454545454545e+00, -1.223988888548948e+01
s778        , -1.976550707196644e+01, -1.974051554349573e+01, -1.967241379310345e+00, -1.174695064322632e+01
s779        , -2.301809423461469e+01, -2.269709266856961e+01, -2.152800000000000e+00, -1.666448993723253e+01
s780        , -1.989864127452180e+01, -2.035641758536384e+01, -2.223452380952381e+00, -1.358978383002295e+01
s781        , -1.803783397921168e+01, -1.767327566792429e+01, -2.018750000000000e+00, -8.990460201344197e+00
s782        , -2.003060740563550e+01, -2.017603656610360e+01, -2.036911764705883e+00, -1.263059990883612e+01
s783        , -2.170310297580588e+01, -2.068162730456801e+01, -1.973225806451613e+00, -1.311257174036392e+01
s784        , -1.828106793020000e+01, -1.860187756125074e+01, -2.454197530864198e+00, -1.195383871588325e+01
s785        , -1.904288077315707e+01, -1.897652663248131e+01, -1.983217821782178e+00, -1.071672579696528e+01
s786        , -2.022975758111321e+01, -1.991157029337680e+01, -2.007922705314010e+00, -1.214411188117392e+01
s787        , -1.858814151939532e+01, -1.970346916010316e+01, -2.361960784313725e+00, -1.317898733785210e+01
s788        , -1.926046054059691e+01, -1.951199110907379e+01, -2.014129353233831e+00, -1.159720124689913e+01
s789        , -2.212378523930028e+01, -2.254662973648478e+01, -1.685600000000000e+00, -1.469218218432878e+01
s790        , -2.174169856486492e+01, -2.185635473356429e+01, -1.793529411764706e+00, -1.411307897030119e+01
s791        , -1.907773631846257e+01, -1.937499875958756e+01, -2.110088495575221e+00, -1.176268429445698e+01
s792        , -2.217884458062024e+01, -2.169304612970193e+01, -2.078189300411522e+00, -1.495088408996808e+01
s793        , -2.046845693654859e+01, -1.974180156337262e+01, -2.065000000000000e+00, -1.211654724511844e+01
s794        , -1.973890233992908e+01, -1.917207946060396e+01, -1.992279069767442e+00, -1.102989690363693e+01
s795        , -2.098054198937622e+01, -2.110323535359719e+01, -1.921450000000000e+00, -1.351949281541151e+01
s796        , -1.872193723420701e+01, -1.886615359117613e+01, -1.979476190476190e+00, -1.054513109778726e+01
s797        , -1.738396768625594e+01, -1.746501443230514e+01, -2.700983606557377e+00, -1.125975633990089e+01
s798        , -1.812351947027918e+01, -1.854994882311965e+01, -2.297216117216117e+00, -1.128917523035183e+01
s799        , -2.115781411801412e+01, -1.925080951349273e+01, -2.056008968609866e+00, -1.138200406473916e+01
s800        , -2.197753832223543e+01, -2.221979879833654e+01, -1.688505747126437e+00, -1.423667648017176e+01
s801        , -2.000340332694237e+01, -2.058843549972795e+01, -1.876129032258064e+00, -1.261430157574397e+01
s802        , -2.346278750692302e+01, -2.339831621298078e+01, -1.953935185185185e+00, -1.691712558836220e+01
s803        , -2.201425716118592e+01, -2.220371087634970e+01, -1.827602040816326e+00, -1.473698735690690e+01
s804        , -1.618324989548500e+01, -1.665729778437482e+01, -2.147198443579767e+00, -8.023721165690914e+00
s805        , -2.141738653455062e+01, -2.080033222825095e+01, -2.022114537444935e+00, -1.346589759665959e+01
s806        , -2.157933013723432e+01, -2.186294256840227e+01, -2.024561403508772e+00, -1.499160738455345e+01
s807        , -1.912040169626662e+01, -1.913262445022724e+01, -2.764064327485380e+00, -1.387699212449721e+01
s808        , -2.304047586711122e+01, -2.255156455882794e+01, -1.968940092165899e+00, -1.576513100425593e+01
s809        , -2.047218776779852e+01, -2.067528584216725e+01, -2.105775862068965e+00, -1.360216578068152e+01
s810        , -2.119146876442327e+01, -2.138229593144809e+01, -2.568867313915858e+00, -1.635329399202043e+01
s811        , -2.180116494254657e+01, -2.194656102573487e+01, -1.926287128712871e+00, -1.474124239153990e+01
s812        , -2.372646511684069e+01, -2.350011378833746e+01, -1.934579439252337e+00, -1.698959105075071e+01
s813        , -2.269928091374550e+01, -2.260739516905401e+01, -1.901285714285715e+00, -1.559029853430560e+01
s814        , -1.832573741415099e+01, -1.853350680976321e+01, -2.507317073170732e+00, -1.205609545807827e+01
s815        , -2.057906464758977e+01, -2.026368960506049e+01, -1.861538461538461e+00, -1.209595158893081e+01
s816        , -1.808215553271357e+01, -1.793620303028712e+01, -2.184859437751005e+00, -9.990589475897265e+00
s817        , -2.152086258044021e+01, -2.082040987864795e+01, -2.625017421602787e+00, -1.576263092082728e+01
s818        , -2.057353864229959e+01, -2.086571643261977e+01, -1.937883597883598e+00, -1.324233964953907e+01
s819        , -2.244567325669163e+01, -2.280927204559014e+01, -1.720852272727273e+00, -1.519962892249439e+01
s820        , -2.103220827040201e+01, -2.140938538537010e+01, -2.173875000000000e+00, -1.490602059613594e+01
s821        , -2.251724700203312e+01, -2.292632581699707e+01, -1.904896907216495e+00, -1.605904561924332e+01
s822        , -1.967652212859418e+01, -1.980781934586153e+01, -2.363500000000000e+00, -1.333370117869049e+01
s823        , -1.898228811729100e+01, -1.930906355941833e+01, -2.121025641025641e+00, -1.170972963725846e+01
s824        , -2.375965705343503e+01, -2.413959324134379e+01, -1.817569060773481e+00, -1.746203939500931e+01
s825        , -2.074394606294202e+01, -2.025733032526141e+01, -1.857460317460318e+00, -1.207153424013870e+01
s826        , -2.229590893513048e+01, -2.264725890163205e+01, -1.787089947089947e+00, -1.521759339775349e+01
s827        , -2.030439908572953e+01, -1.850680337717097e+01, -2.118152610441767e+00, -1.055397549735818e+01
s828        , -2.126632247755481e+01, -2.109967671142933e+01, -2.017184466019417e+00, -1.387456062389625e+01
s829        , -1.836528680868646e+01, -1.775102752546561e+01, -2.076177777777778e+00, -9.317463181236173e+00
s830        , -2.038358031572328e+01, -2.043732958499149e+01, -2.232500000000000e+00, -1.373929395346507e+01
s831        , -2.014217587228185e+01, -2.003823758841852e+01, -1.920710900473933e+00, -1.199680031391415e+01
s832        , -1.638297894992474e+01, -1.682885673879898e+01, -2.370200000000000e+00, -9.107478241020306e+00
s833        , -2.087813803835245e+01, -2.078591891790304e+01, -1.841092896174864e+00, -1.276433657613926e+01
s834        , -2.163260872857058e+01, -2.133861208038215e+01, -2.333980582524272e+00, -1.540732271339970e+01
s835        , -1.845033213930005e+01, -1.829728186871602e+01, -1.965981308411215e+00, -9.682498727392602e+00
s836        , -2.085703068105029e+01, -2.090619653782820e+01, -2.026742081447964e+00, -1.363439040033352e+01
s837        , -1.604298594536770e+01, -1.630809155371285e+01, -2.383311036789298e+00, -8.413590788584461e+00
s838        , -1.819387371328009e+01, -1.779759136235855e+01, -2.157000000000000e+00, -9.687964465941205e+00
s839        , -2.199016371973259e+01, -2.140533515178239e+01, -2.112631578947369e+00, -1.466984673385507e+01
s840        , -1.816847175772266e+01, -1.861337683876063e+01, -2.103933649289100e+00, -1.065258110172728e+01
s841        , -2.076446728280485e+01, -2.064877428065125e+01, -2.103981900452489e+00, -1.355758103209795e+01
s842        , -1.719569444321167e+01, -1.735242480960497e+01, -2.301226053639847e+00, -9.595213380526074e+00
s843        , -1.999816334280537e+01, -1.991788146408342e+01, -1.987914691943128e+00, -1.207785009085220e+01
s844        , -1.581596700213373e+01, -1.624298378269726e+01, -2.200000000000000e+00, -7.631068595102650e+00
s845        , -2.003183538643507e+01, -2.014239442397179e+01, -2.110473933649289e+00, -1.285932336813607e+01
s846        , -2.166933569232110e+01, -2.074050857954132e+01, -2.270920000000000e+00, -1.431650941502504e+01
s847        , -2.001719781047365e+01, -2.011341633907655e+01, -2.041302325581396e+00, -1.255774841281019e+01
s848        , -1.670780899311153e+01, -1.668511435166578e+01, -2.472700964630225e+00, -9.287937858093079e+00
s849        , -2.103364362191806e+01, -2.147819279017182e+01, -1.828516483516483e+00, -1.370500395132749e+01
s850        , -1.674889176362534e+01, -1.651567052286192e+01, -2.101902834008097e+00, -7.651198761743474e+00
s851        , -1.887785873496733e+01, -1.969075706877201e+01, -2.283283018867925e+00, -1.286486488769737e+01
s852        , -1.916613881673827e+01, -1.962447348712642e+01, -2.137102803738318e+00, -1.222034825205465e+01
s853        , -2.151831650372089e+01, -2.137176750664256e+01, -2.029747899159664e+00, -1.431013790765319e+01
s854        , -2.092228526657664e+01, -2.065518983524355e+01, -1.850213903743316e+00, -1.261207911244629e+01
s855        , -1.984690981488844e+01, -1.971648777571471e+01, -1.816318681318681e+00, -1.114489851533273e+01
s856        , -1.857995804240183e+01, -1.851787690191015e+01, -2.139388646288210e+00, -1.064966760065831e+01
s857        , -2.294003947989728e+01, -2.328845849398904e+01, -1.878502673796792e+00, -1.647657013442110e+01
s858        , -2.107902559750898e+01, -2.131074782125548e+01, -1.955500000000000e+00, -1.394373810659459e+01
s859        , -1.829183386036745e+01, -1.848132134092592e+01, -2.159652173913044e+00, -1.067372732240765e+01
s860        , -2.148418071954308e+01, -2.115225701687215e+01, -2.174632352941177e+00, -1.454190883463593e+01
s861        , -2.060440939951398e+01, -2.034615660504064e+01, -1.854051282051282e+00, -1.218547814843344e+01
s862        , -1.983634035476443e+01, -1.964708905555349e+01, -1.927860696517413e+00, -1.146546954665072e+01
s863        , -2.017821382918477e+01, -2.061412163935471e+01, -2.276992481203007e+00, -1.415898049390243e+01
s864        , -2.145828954671971e+01, -2.088101161545165e+01, -1.929900990099010e+00, -1.323413815129136e+01
s865        , -2.179521899962700e+01, -2.194074088478141e+01, -2.031805555555556e+00, -1.512988929373634e+01
s866        , -2.240641608733365e+01, -2.210982062452185e+01, -1.980095693779904e+00, -1.517666255324136e+01
s867        , -1.970162478711471e+01, -1.944931995798536e+01, -1.874041450777202e+00, -1.098075895763244e+01
s868        , -1.579821539399930e+01, -1.576002567152185e+01, -2.139280000000000e+00, -6.713390205223103e+00
s869        , -1.927595790821999e+01, -1.943847258452888e+01, -2.161184210526316e+00, -1.204548958530773e+01
s870        , -1.834436146157947e+01, -1.880522977415438e+01, -2.254730290456432e+00, -1.149367077903779e+01
s871        , -1.954632707936713e+01, -1.911509912294225e+01, -2.527587548638132e+00, -1.296237134535441e+01
s872        , -2.222687656829416e+01, -2.194450104908728e+01, -2.152370689655172e+00, -1.558881341868306e+01
s873        , -2.174135075548704e+01, -2.154664945700432e+01, -1.825531914893617e+00, -1.379147417203747e+01
s874        , -2.306987923711809e+01, -2.329400045496982e+01, -2.109194312796208e+00, -1.735232554551518e+01
s875        , -2.178123430913379e+01, -2.209072017661409e+01, -1.830974358974359e+00, -1.458841905755832e+01
s876        , -2.287277527114560e+01, -2.279906457201758e+01, -1.840497512437811e+00, -1.563515854659937e+01
s877        , -2.189016288213647e+01, -2.162865159463490e+01, -1.881641025641026e+00, -1.411958220579418e+01
s878        , -1.876974537203656e+01, -1.876667461597280e+01, -2.199596774193548e+00, -1.123123824221345e+01
s879        , -1.761744622782913e+01, -1.792881802387984e+01, -2.118847736625515e+00, -9.731718446873725e+00
s880        , -1.792977215528789e+01, -1.853345829939008e+01, -2.219193548387097e+00, -1.097212519357803e+01
s881        , -2.116921283478955e+01, -1.940097095562495e+01, -1.981116071428572e+00, -1.131456507022932e+01
s882        , -1.809005639564229e+01, -1.838643212946307e+01, -2.215000000000000e+00, -1.074652088350396e+01
s883        , -1.958200153707774e+01, -2.030809557735547e+01, -2.196328125000000e+00, -1.341878145426599e+01
s884        , -1.866641101726497e+01, -1.911396946544825e+01, -2.153869565217391e+00, -1.155485761052671e+01
s885        , -1.949202935470739e+01, -1.993288248566317e+01, -2.248695652173913e+00, -1.308029897728437e+01
s886        , -1.753621319174707e+01, -1.743513010857310e+01, -1.995972850678733e+00, -8.564904573767452e+00
s887        , -2.072504645987743e+01, -2.051990054717959e+01, -2.052431192660550e+00, -1.317972857913857e+01
s888        , -2.163711888094086e+01, -2.166078777570726e+01, -2.217829787234043e+00, -1.543016454450560e+01
s889        , -1.784767272504274e+01, -1.801060537991387e+01, -2.106721991701245e+00, -9.802825085654792e+00
s890        , -2.036577167825686e+01, -2.098611334475770e+01, -1.789887640449438e+00, -1.285741346945320e+01
s891        , -1.925489904031788e+01, -1.948346957060228e+01, -2.211609195402299e+00, -1.229940240615316e+01
s892        , -1.797999052112338e+01, -1.876166550427530e+01, -2.341574803149606e+00, -1.175820113960733e+01
s893        , -2.224398236502422e+01, -2.239361996740657e+01, -2.265154185022026e+00, -1.665405750433545e+01
s894        , -2.015695897880840e+01, -2.003167314467791e+01, -1.943582089552239e+00, -1.207347171707744e+01
s895        , -1.853378696029952e+01, -1.890665954272048e+01, -2.167894736842105e+00, -1.131175689547277e+01
s896        , -2.478440805107692e+01, -2.369262295435244e+01, -2.312857142857143e+00, -1.868738549691191e+01
s897        , -2.202247365131235e+01, -2.181387992458044e+01, -2.345870967741936e+00, -1.613033225746265e+01
s898        , -2.008627742560493e+01, -1.950155469144642e+01, -2.195793991416309e+00, -1.226571687699079e+01
s899        , -1.802005794967191e+01, -1.779756214221592e+01, -2.223769230769231e+00, -9.939104052881145e+00
s900        , -1.770516073583232e+01, -1.782640322993801e+01, -2.251155378486056e+00, -1.008328944306573e+01
s901        , -2.425916197575684e+01, -2.417172461337334e+01, -1.841734693877551e+00, -1.759880515984422e+01
s902        , -1.641892815066793e+01, -1.663120328205174e+01, -2.179317269076305e+00, -8.107309213559219e+00
s903        , -2.332207101034287e+01, -2.306558358704228e+01, -2.212987012987013e+00, -1.741680135865682e+01
s904        , -2.132463334662818e+01, -1.971310558115183e+01, -2.079753086419753e+00, -1.213109386471195e+01
s905        , -2.166343218809494e+01, -2.197626912131060e+01, -2.239638554216867e+00, -1.596244698740894e+01
s906        , -1.790842270146736e+01, -1.738152986315066e+01, -2.300769230769231e+00, -9.635032134873184e+00
s907        , -1.911599503394165e+01, -1.976408328476218e+01, -2.233307692307692e+00, -1.278150866400208e+01
s908        , -2.062377494321661e+01, -2.020280900852247e+01, -2.073607305936073e+00, -1.280685433384428e+01
s909        , -2.034650826700463e+01, -2.044735728814385e+01, -2.131529411764705e+00, -1.337376053403717e+01
s910        , -1.701866755175476e+01, -1.673094176221097e+01, -2.183473282442748e+00, -8.265285670841134e+00
s911        , -1.800428066961873e+01, -1.830266444960882e+01, -2.208181818181818e+00, -1.060132226536410e+01
s912        , -2.018815932170212e+01, -2.018632435594326e+01, -2.174901960784314e+00, -1.316439183134962e+01
s913        , -1.735412329082851e+01, -1.751362049388734e+01, -2.237280334728033e+00, -9.584704447264846e+00
s914        , -2.004618788210774e+01, -2.074619520604515e+01, -2.065693779904306e+00, -1.355257805546430e+01
s915        , -1.937730144245923e+01, -1.926259038100483e+01, -2.074077669902913e+00, -1.146679035622171e+01
s916        , -2.191302790761547e+01, -2.226647620793179e+01, -1.991928251121076e+00, -1.544474691552482e+01
s917        , -1.792924589211810e+01, -1.765205336408185e+01, -2.088448275862069e+00, -9.222372936655283e+00
s918        , -2.621730238337609e+01, -2.611303569744763e+01, -1.794736842105263e+00, -2.019254547270460e+01
s919        , -1.919355775511356e+01, -1.907641908509370e+01, -2.080776699029126e+00, -1.122629719433650e+01
s920        , -1.675861595936722e+01, -1.663704884900546e+01, -2.074978902953586e+00, -7.723137905968420e+00
s921        , -2.192756432754418e+01, -2.175740545681913e+01, -1.928072916666667e+00, -1.447800694512565e+01
s922        , -2.290193110331377e+01, -2.266264372984080e+01, -2.094729064039409e+00, -1.639686722102975e+01
s923        , -1.925371616601646e+01, -1.910982299306828e+01, -2.307056603773585e+00, -1.212521915301445e+01
s924        , -1.798705044323696e+01, -1.859876124077226e+01, -2.122355212355212e+00, -1.070102310700787e+01
s925        , -2.338449219749342e+01, -2.381799151653767e+01, -1.890310880829016e+00, -1.727671510446610e+01
s926        , -1.762302148317026e+01, -1.735632980438345e+01, -2.412547770700637e+00, -1.001957109640604e+01
s927        , -1.720744831710588e+01, -1.746545484176912e+01, -2.098902953586498e+00, -8.995398552076423e+00
s928        , -1.827654667645005e+01, -1.835834297165364e+01, -2.348677685950413e+00, -1.120931975847101e+01
s929        , -2.066098735264480e+01, -2.112430263621600e+01, -1.959601990049751e+00, -1.369308417997999e+01
s930        , -1.982419875205301e+01, -2.045638901356312e+01, -2.110275229357798e+00, -1.330669338179829e+01
s931        , -2.184683786579889e+01, -2.233754825856575e+01, -2.025792079207921e+00, -1.567357083559946e+01
s932        , -2.007807490293144e+01, -2.039818110276631e+01, -2.103333333333333e+00, -1.319750699564435e+01
s933        , -2.186904116931162e+01, -2.195057546323378e+01, -2.208971962616823e+00, -1.581041264695191e+01
s934        , -1.595875499840616e+01, -1.649941094903253e+01, -2.269794520547945e+00, -8.259590967796566e+00
s935        , -1.706347068237267e+01, -1.724547086672124e+01, -2.130310077519380e+00, -8.799599775405717e+00
s936        , -1.818003510858343e+01, -1.768359634158037e+01, -2.216588235294118e+00, -9.749443292308623e+00
s937        , -2.175658784400171e+01, -2.189704764019527e+01, -1.790860215053763e+00, -1.416111253523746e+01
s938        , -2.010166135357230e+01, -2.005975498063992e+01, -2.123750000000000e+00, -1.279132810325392e+01
s939        , -1.813809060682595e+01, -1.782924877212639e+01, -2.028215962441315e+00, -9.248667594637164e+00
s940        , -2.094308051046411e+01, -2.111068458704293e+01, -1.753966480446928e+00, -1.290006242429495e+01
s941        , -1.827480816862776e+01, -1.847915058155722e+01, -2.279845559845560e+00, -1.112278863562445e+01
s942        , -1.770857434290158e+01, -1.788589437404372e+01, -2.193209876543210e+00, -9.950205234304228e+00
s943        , -1.938132201948424e+01, -1.960364047003572e+01, -2.035771144278607e+00, -1.180941361597397e+01
s944        , -1.770272330222015e+01, -1.821873037477441e+01, -2.237246963562753e+00, -1.059087680407433e+01
s945        , -1.924477319915050e+01, -1.934093878534116e+01, -2.060226244343891e+00, -1.152649720072342e+01
s946        , -2.185513295241253e+01, -2.182546563474699e+01, -1.867692307692308e+00, -1.434799133056614e+01
s947        , -2.017292248813791e+01, -1.956119576278140e+01, -2.361120331950207e+00, -1.297278006778638e+01
s948        , -1.792501053388721e+01, -1.801304585600554e+01, -2.288531746031746e+00, -1.049026389769367e+01
s949        , -2.005207290213696e+01, -2.023913388742002e+01, -2.242545454545455e+00, -1.349422918511668e+01
s950        , -2.257823345395823e+01, -2.227756105784979e+01, -2.088834080717489e+00, -1.582511978041973e+01
s951        , -1.571913272603913e+01, -1.590892110466055e+01, -2.452594936708861e+00, -8.104555797378394e+00
s952        , -2.233989362366768e+01, -2.313925603411566e+01, -1.794666666666667e+00, -1.594825043774054e+01
s953        , -2.342860552534396e+01, -2.290049917623303e+01, -2.252916666666666e+00, -1.733141369596869e+01
s954        , -2.204077204416149e+01, -2.191673697269083e+01, -2.337805907172996e+00, -1.624678453452382e+01
s955        , -1.756302978982562e+01, -1.770918699780295e+01, -2.406567796610169e+00, -1.050065515097519e+01
s956        , -2.291971088639473e+01, -2.291349396020437e+01, -1.994074074074074e+00, -1.637621104328666e+01
s957        , -1.872997367448807e+01, -1.850372626168828e+01, -1.943034825870647e+00, -9.890802838554485e+00
s958        , -2.138547156076431e+01, -2.165218849388131e+01, -2.068534482758621e+00, -1.485625333089317e+01
s959        , -1.926386090665138e+01, -1.905008365260855e+01, -2.139588477366255e+00, -1.140995846513407e+01
s960        , -1.680470785163838e+01, -1.730636128472261e+01, -2.395718954248366e+00, -9.884949641404656e+00
s961        , -2.001579976967623e+01, -2.006159709550183e+01, -2.118857142857143e+00, -1.277555048375758e+01
s962        , -1.871905926332032e+01, -1.801228412152972e+01, -2.447093750000000e+00, -1.108567622345165e+01
s963        , -1.918665598310528e+01, -1.997421230963760e+01, -2.307197231833910e+00, -1.335936180429055e+01
s964        , -1.746488927974545e+01, -1.735387483318446e+01, -2.358825622775801e+00, -9.813968429694608e+00
s965        , -1.971186761143078e+01, -1.953086971355097e+01, -2.310034965034965e+00, -1.273732056917585e+01
s966        , -1.765956881606673e+01, -1.739251053078634e+01, -1.918773584905660e+00, -8.213661655152078e+00
s967        , -2.223688117086612e+01, -2.145137144795210e+01, -2.011739130434783e+00, -1.435599695112510e+01
s968        , -1.998239594820018e+01, -2.008690005409323e+01, -2.025000000000000e+00, -1.245857744823423e+01
s969        , -2.101894011109180e+01, -2.089186253949534e+01, -2.011237113402062e+00, -1.355560499647906e+01
s970        , -1.986554229461376e+01, -2.022554471959357e+01, -2.100657894736842e+00, -1.294106408314408e+01
s971        , -1.914500631305469e+01, -1.859239364842724e+01, -2.047330316742082e+00, -1.040969705851890e+01
s972        , -1.930540895911451e+01, -1.912497386285140e+01, -2.556279069767442e+00, -1.308439962904479e+01
s973        , -2.013055280326089e+01, -2.049061130556755e+01, -2.218408163265306e+00, -1.376232245806206e+01
s974        , -1.991254970003848e+01, -1.999358288363890e+01, -2.012801932367150e+00, -1.227951150690719e+01
s975        , -2.002907222040815e+01, -2.014892654081414e+01, -2.403344947735191e+00, -1.397040644533755e+01
s976        , -2.147573630129902e+01, -2.166708630136124e+01, -1.793297872340426e+00, -1.384209340310021e+01
s977        , -1.918950409415471e+01, -1.952691915976920e+01, -2.121932773109243e+00, -1.202405492834319e+01
s978        , -1.698999961978807e+01, -1.709572727273862e+01, -2.494501510574018e+00, -9.955956446509637e+00
s979        , -2.115978794608996e+01, -2.130527868119550e+01, -1.727833333333333e+00, -1.307946636134266e+01
s980        , -1.730989298326385e+01, -1.698898052086486e+01, -2.283129496402878e+00, -9.008445680522373e+00
s981        , -2.142850865946883e+01, -2.129616776236241e+01, -2.006807511737089e+00, -1.411594552561410e+01
s982        , -2.110948756566415e+01, -2.163767223756993e+01, -2.078722466960352e+00, -1.487386295003165e+01
s983        , -1.831465175322002e+01, -1.873524194405555e+01, -2.147125506072875e+00, -1.098898576078386e+01
s984        , -2.150201864035685e+01, -2.135788338815439e+01, -1.937989949748744e+00, -1.394513603916997e+01
s985        , -1.659952594735737e+01, -1.684771419128485e+01, -2.138587786259542e+00, -8.263081324949123e+00
s986        , -2.105203087443673e+01, -2.095297890514033e+01, -1.921442786069652e+00, -1.330502711628689e+01
s987        , -2.066592788190784e+01, -2.065878094425328e+01, -2.365871212121212e+00, -1.455707176065571e+01
s988        , -2.133344594608628e+01, -2.120041305798875e+01, -2.510189873417721e+00, -1.587297923812329e+01
s989        , -2.008246059204520e+01, -2.020198286305574e+01, -1.864455445544554e+00, -1.201886027788616e+01
s990        , -2.181814335912880e+01, -2.220771028658964e+01, -1.924090909090909e+00, -1.510567965321479e+01
s991        , -1.674874949890157e+01, -1.684579519615308e+01, -2.310401337792642e+00, -8.906693483006901e+00
s992        , -1.990187356431624e+01, -1.992191190630426e+01, -2.215960784313726e+00, -1.294149597140751e+01
s993        , -2.167451347953028e+01, -2.153330979192932e+01, -2.076769911504424e+00, -1.471757665649776e+01
s994        , -2.085856003252748e+01, -2.016917191424189e+01, -2.212125435540069e+00, -1.327994488729295e+01
s995        , -1.532250426373563e+01, -1.551608383028874e+01, -2.244006849315069e+00, -6.759223750678559e+00
s996        , -2.197589637081217e+01, -2.199239803953893e+01, -1.917368421052631e+00, -1.477310713783918e+01
s997        , -1.843774602570321e+01, -1.804017767077665e+01, -2.088451882845189e+00, -9.776298292017138e+00
s998        , -2.004154224207673e+01, -1.992004366899134e+01, -2.061578947368421e+00, -1.235805578318085e+01
s999        , -1.918982967461324e+01, -1.938126285657960e+01, -2.258181818181818e+00, -1.232874107419652e+01
s1000       , -2.386287011937712e+01, -2.392957459863305e+01, -1.917222222222223e+00, -1.753719958170641e+01
s1001       , -2.142986106465667e+01, -2.150178417180535e+01, -2.027590909090909e+00, -1.448757680285139e+01
s1002       , -1.703565403983971e+01, -1.732187919330416e+01, -2.479384615384615e+00, -1.022184053807610e+01
s1003       , -2.272857267296788e+01, -2.257164205530442e+01, -2.121588785046729e+00, -1.636803857556302e+01
s1004       , -1.957549960274314e+01, -1.912666161685599e+01, -2.056923076923077e+00, -1.120826514896733e+01
s1005       , -2.033955634118916e+01, -2.026958493110525e+01, -1.898652849740933e+00, -1.224398690124382e+01
s1006       , -2.103463075725037e+01, -2.154146209520004e+01, -2.256842105263158e+00, -1.540663052110628e+01
s1007       , -1.845815321471510e+01, -1.939476926921416e+01, -2.329761092150171e+00, -1.261729309997706e+01
s1008       , -2.105860584214290e+01, -2.076662367730353e+01, -2.072311111111111e+00, -1.360662650609192e+01
s1009       , -2.225664818829298e+01, -2.195740772270451e+01, -2.053458333333333e+00, -1.523513165126625e+01
s1010       , -2.029000137617794e+01, -2.057579155899594e+01, -1.905691489361703e+00, -1.270746871549246e+01
s1011       , -2.150175758271834e+01, -2.027300467154714e+01, -2.456641221374046e+00, -1.434798155116533e+01
s1012       , -1.789395613621291e+01, -1.752865391153709e+01, -2.213917910447762e+00, -9.518271550885707e+00
s1013       , -1.907481979836395e+01, -1.924845604419008e+01, -2.155907335907336e+00, -1.175445614862288e+01
s1014       , -1.701362802016618e+01, -1.666280599471650e+01, -2.215217391304348e+00, -8.287464849021099e+00
s1015       , -1.771043360260808e+01, -1.785293608976099e+01, -1.906807511737089e+00, -8.825742656899392e+00
s1016       , -2.325177194237830e+01, -2.292078652456468e+01, -1.951190476190476e+00, -1.622529346193021e+01
s1017       , -2.061131053204120e+01, -2.100211774016837e+01, -2.056445497630332e+00, -1.388302661331306e+01
s1018       , -1.637685178145171e+01, -1.641995138417506e+01, -2.013187772925764e+00, -7.180853144027892e+00
s1019       , -2.229355013298489e+01, -2.213589084072354e+01, -2.074389140271493e+00, -1.556859418372991e+01
s1020       , -1.626620443538163e+01, -1.644951624287484e+01, -2.464024767801858e+00, -8.919064646522903e+00
s1021       , -2.225684084822025e+01, -2.224058385493536e+01, -1.847821782178218e+00, -1.486567593237269e+01
s1022       , -1.619907626993357e+01, -1.669586999171435e+01, -2.222950191570881e+00, -8.363742414588289e+00
s1023       , -2.164326276096592e+01, -2.166922644913438e+01, -2.026028037383178e+00, -1.472066271070630e+01
s1024       , -1.814482992541786e+01, -1.798408093152102e+01, -2.235813953488372e+00, -1.025060585511844e+01
s1025       , -1.966276460675046e+01, -2.004523202200853e+01, -1.964639175257731e+00, -1.217203759427776e+01
s1026       , -1.787958226759213e+01, -1.799952895136709e+01, -2.141929824561404e+00, -9.919466819394994e+00
s1027       , -2.228548280106830e+01, -2.256976501460744e+01, -2.043450000000000e+00, -1.607140698046756e+01
s1028       , -1.939576101741603e+01, -1.959987037715851e+01, -2.182336065573770e+00, -1.235540035553574e+01
s1029       , -2.072177297910414e+01, -2.006427330724389e+01, -1.841720430107527e+00, -1.173680044461178e+01
s1030       , -2.116639743005703e+01, -2.114527871838388e+01, -1.872251308900524e+00, -1.339441290555517e+01
s1031       , -1.871817432191781e+01, -1.905638558325797e+01, -2.195185185185185e+00, -1.162810328819145e+01
s1032       , -1.793076662035363e+01, -1.851710789619073e+01, -2.377509578544061e+00, -1.154436480677597e+01
s1033       , -2.190726556241366e+01, -2.161971786155021e+01, -2.196940298507462e+00, -1.529296676660389e+01
s1034       , -1.655942363042545e+01, -1.688093659123030e+01, -2.418633540372671e+00, -9.364007699621524e+00
s1035       , -1.920990065585595e+01, -1.966599237040998e+01, -2.158039215686275e+00, -1.235836329841143e+01
s1036       , -1.624542641970273e+01, -1.630510597565856e+01, -2.059223744292237e+00, -7.190135647319106e+00
s1037       , -1.865413258865576e+01, -1.925659858091437e+01, -2.202096774193548e+00, -1.193983828766132e+01
s1038       , -2.303917859954092e+01, -2.290932131700289e+01, -1.950812182741117e+00, -1.620750777145275e+01
s1039       , -2.268866240524940e+01, -2.326403991701591e+01, -1.962500000000000e+00, -1.675771335836516e+01
s1040       , -2.002650999928207e+01, -2.040117364298616e+01, -2.212265625000000e+00, -1.361157364634317e+01
s1041       , -2.439240447433291e+01, -2.450652872778198e+01, -1.859948453608247e+00, -1.814513992941386e+01
