# c0 + a0 * (Al - B) + a1 * (O - NBI) + a2 * (face-area-avg - E_T)
# Property Label: $ln_{D}$; Unit of the Property: Unitless
# RMSE: 0.295819679652407; Max AE: 1.34425742492335
# Coefficients
# Task   a0                      a1                      a2                      c0
# all , -1.666026618431460e+00, -2.693136793038668e+00,  6.703062542964711e-01, -1.243117231782367e+01, 
# Feature Rung, Units, and Expressions
# 0;  1; Unitless;                                         15|9|sub; (Al - B); $\left(Al - B\right)$; (Al - B); (newdata$Al - newdata$B); Al,B
# 1;  1; Unitless;                                         12|5|sub; (O - NBI); $\left(O - NBI\right)$; (O - NBI); (newdata$O - newdata$NBI); O,NBI
# 2;  1; Unitless;                                         33|0|sub; (face-area-avg - E_T); $\left(face-area-avg - E_{T}\right)$; (face_sub_area_sub_avg - E_T); (newdata$face_sub_area_sub_avg - newdata$E_T); face-area-avg,E_T
# Number of Samples Per Task
# Task, n_samples               
# all , 1041                  

# Sample ID , Property Value        ,  Property Value (EST) ,  Feature 0 Value      ,  Feature 1 Value      ,  Feature 2 Value      
s1          , -2.244947812336508e+01, -2.224788398709200e+01,  0.000000000000000e+00, -2.715477295545710e-02, -1.475421588867808e+01
s2          , -2.298888400764099e+01, -2.301751804577759e+01,  0.000000000000000e+00, -1.815442579248565e-01, -1.652270015018798e+01
s3          , -1.755271246623431e+01, -1.766881924103662e+01, -4.347826086956524e-03, -4.812376951876953e-01, -9.758120886367621e+00
s4          , -1.917258847351942e+01, -1.909461636495804e+01,  0.000000000000000e+00, -4.105290357033963e-01, -1.159030644276470e+01
s5          , -2.000094091703784e+01, -2.038214138217164e+01,  0.000000000000000e+00, -2.483960154167160e-01, -1.285969429266044e+01
s6          , -2.179532463031582e+01, -2.164317281620127e+01,  0.000000000000000e+00, -5.512500464109538e-02, -1.396445224342619e+01
s7          , -2.156980503382011e+01, -2.161310277247322e+01,  1.541850220264317e-01, -8.277153208754540e-02, -1.364744712381148e+01
s8          , -2.070680399014268e+01, -2.096858624688286e+01,  0.000000000000000e+00, -4.170919110426776e-01, -1.441236664411934e+01
s9          , -2.311678210871720e+01, -2.283956768425988e+01,  0.000000000000000e+00, -2.163641638617279e-01, -1.639712233979246e+01
s10         , -1.955558688693647e+01, -1.931579931990503e+01,  0.000000000000000e+00, -4.698997058276752e-01, -1.215881716251923e+01
s11         , -1.929232032084748e+01, -1.923867036338470e+01,  0.000000000000000e+00, -5.120166558868949e-01, -1.221296815851855e+01
s12         , -1.972420304545977e+01, -1.949595515608111e+01,  3.421052631578947e-01, -3.129036774105314e-01, -1.094651694327913e+01
s13         , -1.649771434553038e+01, -1.656665123313682e+01, -3.147410358565737e-01, -4.415825296239856e-01, -8.725993497994907e+00
s14         , -1.814284237715737e+01, -1.823366570086337e+01,  0.000000000000000e+00, -4.708682588577026e-01, -1.054832171163982e+01
s15         , -2.140988745272463e+01, -2.108637664296501e+01,  0.000000000000000e+00, -5.281961632847288e-01, -1.503448428510114e+01
s16         , -2.271802967642396e+01, -2.250514220546551e+01,  0.000000000000000e+00, -1.276391715740530e-01, -1.554173121624078e+01
s17         , -1.845283706311921e+01, -1.841731768736997e+01,  0.000000000000000e+00, -4.974842489778722e-01, -1.092924086187268e+01
s18         , -2.106370881996578e+01, -2.172832484586506e+01,  1.440329218106996e-01, -1.747640425517821e-01, -1.421417935219890e+01
s19         , -2.166440903696862e+01, -2.158157277368193e+01, -1.963470319634703e-01, -3.820189265192572e-01, -1.567395350537589e+01
s20         , -1.957524373940041e+01, -1.935910773272960e+01, -2.371541501976284e-02, -4.054592287883396e-01, -1.202346396600733e+01
s21         , -2.230012329283520e+01, -2.291024445510216e+01,  2.021276595744681e-01, -2.011038270966132e-01, -1.593886693373374e+01
s22         , -1.709175230426198e+01, -1.658824039314370e+01, -2.800000000000000e-02, -4.261549618484539e-01, -7.983530503594674e+00
s23         , -2.271630669020732e+01, -2.268231206978432e+01, -4.166666666666666e-02, -4.219941910978016e-01, -1.709225527404275e+01
s24         , -1.997593461761007e+01, -2.017332470415245e+01,  0.000000000000000e+00, -2.991872236783314e-01, -1.275223743122545e+01
s25         , -2.228124530569044e+01, -2.264230799924402e+01,  5.649717514124297e-03, -1.999286346201568e-01, -1.602276302017382e+01
s26         , -1.806502239865187e+01, -1.788856365505186e+01,  7.346938775510205e-02, -4.020125073377813e-01, -9.574226728791565e+00
s27         , -2.017409009594002e+01, -2.023252442353550e+01,  0.000000000000000e+00, -3.926592751299136e-01, -1.321610411645347e+01
s28         , -1.658938425028538e+01, -1.709600043603699e+01,  5.862068965517241e-02, -4.999085893567283e-01, -8.822067026983406e+00
s29         , -2.262132344831001e+01, -2.299795964301267e+01, -7.909604519774011e-02, -2.651997368690651e-01, -1.702622127962357e+01
s30         , -1.697997334312175e+01, -1.698183204417292e+01, -2.658227848101266e-01, -4.684972348578511e-01, -9.331935458108376e+00
s31         , -1.964904728113367e+01, -1.968661664732616e+01,  1.894736842105263e-01, -3.352484514228936e-01, -1.170009382604234e+01
s32         , -2.151059652715050e+01, -2.111635166714925e+01,  0.000000000000000e+00, -5.699400007758290e-01, -1.524691985153279e+01
s33         , -2.289264810431292e+01, -2.332049729487403e+01, -2.063492063492063e-01, -1.937354050302555e-01, -1.753655753556864e+01
s34         , -2.302504917991390e+01, -2.242146258744253e+01,  7.954545454545454e-02, -4.191121036616849e-01, -1.639025681370232e+01
s35         , -2.244061385591441e+01, -2.244274029755491e+01,  0.000000000000000e+00, -1.515902969446522e-01, -1.554486672190878e+01
s36         , -2.239655424600443e+01, -2.182116424472879e+01,  0.000000000000000e+00, -4.897242633120003e-02, -1.420527006733045e+01
s37         , -2.226102540809307e+01, -2.201663058652492e+01, -5.423728813559322e-02, -1.140059761507076e-01, -1.489297266653445e+01
s38         , -2.102436377352775e+01, -2.111558046537210e+01,  1.228070175438596e-01, -3.228953337020325e-01, -1.394796726266030e+01
s39         , -2.141661104833067e+01, -2.117126979340278e+01,  3.273542600896861e-01, -2.813849747751401e-02, -1.233838612493730e+01
s40         , -1.990275935468409e+01, -1.964926893464838e+01,  1.702127659574468e-01, -3.869184503172652e-01, -1.189984709417575e+01
s41         , -1.952311408648237e+01, -1.935587730696638e+01,  2.189054726368159e-01, -3.952063220012920e-01, -1.137442367956846e+01
s42         , -1.862175379272403e+01, -1.943657170675209e+01,  6.521739130434782e-02, -4.296229230186659e-01, -1.201507330197605e+01
s43         , -2.257821044890805e+01, -2.266405230188479e+01,  2.672811059907834e-01, -1.213761517872470e-01, -1.508931934055744e+01
s44         , -1.984867902879579e+01, -1.951360316409088e+01, -3.684210526315789e-02, -4.548275222373696e-01, -1.248492529391996e+01
s45         , -1.928264199244582e+01, -1.917905268311358e+01, -1.666666666666667e-01, -4.537271910328103e-01, -1.230407863222257e+01
s46         , -2.007096062658339e+01, -2.037633148895066e+01,  0.000000000000000e+00, -3.462363643792843e-01, -1.324412685428754e+01
s47         , -1.842882744186564e+01, -1.864045835370245e+01,  0.000000000000000e+00, -5.520479800530659e-01, -1.148135902530081e+01
s48         , -1.712958329507449e+01, -1.670300065054359e+01,  0.000000000000000e+00, -4.505204707478404e-01, -8.183038056634327e+00
s49         , -2.142142340445580e+01, -2.179618928107667e+01,  0.000000000000000e+00, -3.426167837786894e-01, -1.534780671315320e+01
s50         , -2.022197746600499e+01, -2.030388832895454e+01,  0.000000000000000e+00, -4.216982094519892e-01, -1.343924052151272e+01
s51         , -2.208446385448407e+01, -2.222575903312202e+01, -1.959798994974874e-01, -2.255789465889808e-01, -1.600553379379211e+01
s52         , -2.030062191637932e+01, -1.997677994071221e+01,  0.000000000000000e+00, -2.506589122689975e-01, -1.226404544091765e+01
s53         , -1.881589086732163e+01, -1.900841980265200e+01,  1.967213114754098e-01, -1.640725074188992e-01, -9.982562757043823e+00
s54         , -2.389190768082197e+01, -2.398432035917123e+01, -1.458333333333333e-01, -3.619875634048325e-01, -1.905247370184157e+01
s55         , -1.989931101552115e+01, -1.996241940086801e+01,  9.016393442622951e-02, -4.139263011804414e-01, -1.267449268916647e+01
s56         , -2.293632659980805e+01, -2.319965784066510e+01,  5.434782608695652e-02, -2.192770371912895e-01, -1.681094810383655e+01
s57         , -2.165250835772914e+01, -2.128459287011368e+01, -2.796610169491525e-01, -2.462097779682870e-01, -1.489232690062600e+01
s58         , -2.493828100106786e+01, -2.503654188885664e+01,  0.000000000000000e+00, -1.005577581168140e-01, -1.920940657603920e+01
s59         , -2.019609135900962e+01, -1.993252652913216e+01,  0.000000000000000e+00, -4.201930840861400e-01, -1.287917516941884e+01
s60         , -1.686951544328429e+01, -1.728227727259031e+01,  5.594405594405594e-02, -4.778417884297937e-01, -9.017958479944200e+00
s61         , -1.698686520707895e+01, -1.785642792615985e+01,  4.620462046204620e-02, -4.537663412400392e-01, -9.801985685907047e+00
s62         , -1.961666852236879e+01, -1.954072917069070e+01, -8.205128205128205e-02, -4.908263654880198e-01, -1.278239455742943e+01
s63         , -2.363642228074260e+01, -2.317184837770419e+01,  0.000000000000000e+00, -2.325087421206198e-01, -1.695770229671949e+01
s64         , -2.123215125329894e+01, -2.152995105803435e+01,  1.546391752577320e-01, -2.979059594545378e-01, -1.438662879309237e+01
s65         , -2.229595939650926e+01, -2.219963703955124e+01,  4.824561403508772e-02, -1.768543530122671e-01, -1.516378393380364e+01
s66         , -2.209517036440609e+01, -2.168135325047173e+01, -1.477832512315271e-02, -3.523994495857614e-01, -1.525252356467365e+01
s67         , -2.100952424313996e+01, -2.086556946865194e+01,  0.000000000000000e+00, -1.118030484890913e-01, -1.303209987717716e+01
s68         , -2.306714632630091e+01, -2.285984104828051e+01, -2.645502645502645e-02, -3.082856221929966e-01, -1.686243979996607e+01
s69         , -2.116954741071400e+01, -2.131740440236450e+01,  0.000000000000000e+00, -3.017775570481522e-01, -1.446944626366377e+01
s70         , -2.268552320802911e+01, -2.182779108872916e+01,  0.000000000000000e+00, -1.046811112598034e-01, -1.443898107937794e+01
s71         , -1.844586653395837e+01, -1.927960018289552e+01,  0.000000000000000e+00, -4.404369093661873e-01, -1.198643852597045e+01
s72         , -2.185924535832699e+01, -2.170600842589385e+01,  9.361702127659574e-02, -2.728328042435130e-01, -1.470021152119974e+01
s73         , -1.814705961150877e+01, -1.796828317738672e+01, -2.415254237288136e-01, -5.412410036332536e-01, -1.103545529807542e+01
s74         , -2.269683109870329e+01, -2.329374544506051e+01, -1.573033707865168e-01, -2.153515271541801e-01, -1.746159427325782e+01
s75         , -2.162544692540680e+01, -2.180803364547837e+01,  2.647058823529412e-01, -1.788097288961880e-01, -1.404941887544684e+01
s76         , -1.799713371423827e+01, -1.857162932990465e+01,  0.000000000000000e+00, -4.891048074766862e-01, -1.112578484378881e+01
s77         , -1.808839931225978e+01, -1.782471056886769e+01,  0.000000000000000e+00, -4.630041391112415e-01, -9.906623563259599e+00
s78         , -1.710463489071706e+01, -1.717860619215141e+01, -1.406844106463878e-01, -4.601717641014593e-01, -9.281016425561447e+00
s79         , -2.130172009097587e+01, -2.118563997847172e+01,  2.846975088967971e-02, -2.884984697981398e-01, -1.414875973602322e+01
s80         , -2.075517304342145e+01, -2.052486523143498e+01, -2.000000000000000e-01, -4.350665046513994e-01, -1.431971100801877e+01
s81         , -1.679587307458704e+01, -1.697768970924623e+01, -2.415254237288136e-01, -4.950331938141695e-01, -9.371980709045502e+00
s82         , -1.961963418382102e+01, -1.935775068093398e+01, -2.030456852791878e-02, -4.385107515159761e-01, -1.214575531948331e+01
s83         , -1.732943596118787e+01, -1.742086585961120e+01,  0.000000000000000e+00, -5.190790099190720e-01, -9.529441626050314e+00
s84         , -2.091958911511147e+01, -2.156050485022700e+01,  0.000000000000000e+00, -3.539157106439386e-01, -1.504159612079876e+01
s85         , -1.931803893900067e+01, -1.933385619568016e+01,  0.000000000000000e+00, -3.023281614710812e-01, -1.151249137781858e+01
s86         , -2.124992178205270e+01, -2.111063390621080e+01,  3.119266055045872e-01, -1.684806642463159e-01, -1.285013377274438e+01
s87         , -2.000999990609716e+01, -1.998092878629669e+01,  1.026785714285714e-01, -4.228880465369009e-01, -1.270700748829358e+01
s88         , -1.933594922663024e+01, -1.923882568086988e+01, -9.844559585492228e-02, -4.930049840825274e-01, -1.238149898616521e+01
s89         , -2.128477820873118e+01, -2.134214616728235e+01,  0.000000000000000e+00, -1.534351667388586e-01, -1.391035169757659e+01
s90         , -2.009844325702736e+01, -2.037679545875839e+01,  0.000000000000000e+00, -3.651924868948131e-01, -1.332098038277164e+01
s91         , -2.185233402642529e+01, -2.216324299960878e+01, -6.250000000000000e-02, -2.019341651361008e-01, -1.548550921135467e+01
s92         , -1.852873985612102e+01, -1.852159821509440e+01,  2.280701754385965e-01, -4.228822443998729e-01, -1.021821682512059e+01
s93         , -2.244477787769646e+01, -2.250726018837109e+01,  1.674008810572687e-01, -1.344315663878274e-01, -1.515611122412213e+01
s94         , -2.069748145715988e+01, -2.070404864194839e+01, -5.500000000000000e-02, -3.254844309670541e-01, -1.378635784091881e+01
s95         , -1.839144268754908e+01, -1.800966052899138e+01,  0.000000000000000e+00, -4.322523326674624e-01, -1.005898845331233e+01
s96         , -2.061908691885885e+01, -2.035203327847623e+01, -9.268292682926829e-02, -4.422342107734066e-01, -1.382393547517183e+01
s97         , -2.336181657728519e+01, -2.316597473253053e+01,  0.000000000000000e+00, -4.644048275373078e-01, -1.788064495264468e+01
s98         , -1.913590175727989e+01, -1.905044957166350e+01,  2.135922330097087e-01, -3.790721501515332e-01, -1.086715216552794e+01
s99         , -1.764848235022367e+01, -1.796261397835658e+01,  2.173913043478261e-01, -4.365771217316718e-01, -9.465858075675998e+00
s100        , -2.003395952271198e+01, -1.995476861419877e+01,  2.574257425742574e-01, -3.638578981839677e-01, -1.204619112272599e+01
s101        , -2.047737186068138e+01, -2.023614889309450e+01,  0.000000000000000e+00, -2.716975601301618e-01, -1.273551487296804e+01
s102        , -1.813404261594337e+01, -1.824796040471611e+01,  1.861313868613139e-01, -4.080280804030690e-01, -9.854545792229441e+00
s103        , -2.094885731266024e+01, -2.060297316130741e+01,  0.000000000000000e+00, -3.654920790986833e-01, -1.365960850071216e+01
s104        , -1.695125455205811e+01, -1.674199157829558e+01,  1.034482758620690e-01, -4.537063481199944e-01, -7.996889338647259e+00
s105        , -2.089913046364001e+01, -2.138294016731297e+01, -9.691629955947136e-02, -1.921823041780821e-01, -1.436777019002505e+01
s106        , -2.193421435204462e+01, -2.200555301809036e+01, -3.448275862068965e-02, -2.826642169588321e-01, -1.550497735946265e+01
s107        , -1.938858975045087e+01, -1.912031454236324e+01, -1.167512690355330e-01, -4.631231002318315e-01, -1.213013716538092e+01
s108        , -2.184761912256448e+01, -2.206371983320189e+01,  7.547169811320754e-02, -2.388687496731988e-01, -1.514250510237088e+01
s109        , -1.765266017099491e+01, -1.849970418770949e+01,  0.000000000000000e+00, -4.735777176993480e-01, -1.095609864701791e+01
s110        , -2.222643790681205e+01, -2.159305049485800e+01,  0.000000000000000e+00, -1.383561547192186e-01, -1.422408065975612e+01
s111        , -2.198367498730207e+01, -2.184539957918330e+01,  0.000000000000000e+00, -1.913098581443651e-01, -1.481330483723565e+01
s112        , -2.341727175416096e+01, -2.328173138468070e+01,  1.111111111111111e-01, -5.458104442118528e-02, -1.613059575048114e+01
s113        , -2.064750776227555e+01, -2.053310304945321e+01,  1.589743589743590e-01, -3.291394598502473e-01, -1.301418978471208e+01
s114        , -2.335281852671257e+01, -2.331746655886146e+01, -7.929515418502203e-02, -8.458159599913950e-02, -1.677769200978957e+01
s115        , -2.467653405274963e+01, -2.454210122097945e+01, -1.860465116279070e-01, -1.804540021588620e-01, -1.925519055466054e+01
s116        , -2.119630992652875e+01, -2.166230147332675e+01,  3.290598290598291e-01, -2.522382830176995e-02, -1.305498477032449e+01
s117        , -1.681518237222159e+01, -1.681327534088201e+01, -2.500000000000000e-01, -4.517432432665496e-01, -8.973832466216974e+00
s118        , -1.725426000439147e+01, -1.732643296730399e+01, -2.127659574468085e-02, -4.864346105548946e-01, -9.310286054220747e+00
s119        , -2.026224064054247e+01, -2.072688580006737e+01,  1.245551601423488e-01, -1.708826236432294e-01, -1.275299386842244e+01
s120        , -2.061376236446881e+01, -2.058006978817213e+01,  1.135135135135135e-01, -3.120369639678299e-01, -1.312853506487033e+01
s121        , -2.090204853596659e+01, -2.111370180827843e+01,  1.036269430051814e-02, -3.487935552527325e-01, -1.432869477373141e+01
s122        , -1.679179791839329e+01, -1.723160732314203e+01,  0.000000000000000e+00, -5.536085502424309e-01, -9.385827031436909e+00
s123        , -1.729435756680531e+01, -1.748625406303172e+01,  1.227436823104693e-01, -4.681560529280563e-01, -9.117318770467254e+00
s124        , -1.927065840811719e+01, -1.947100459000517e+01, -1.231527093596059e-01, -2.572202207934699e-01, -1.184195605182013e+01
s125        , -2.074667074869674e+01, -2.056225250644582e+01,  0.000000000000000e+00, -4.461861094296336e-01, -1.392306927863168e+01
s126        , -1.981090987888966e+01, -1.979555183331905e+01,  1.880341880341880e-01, -3.914703452925113e-01, -1.209207387129814e+01
s127        , -1.791042209268825e+01, -1.785555843043738e+01,  2.179487179487180e-01, -4.233848103790502e-01, -9.251757562686819e+00
s128        , -2.199486439730610e+01, -2.225918247560120e+01,  7.000000000000001e-02, -1.734023505119165e-01, -1.518467786837707e+01
s129        , -1.847106084369403e+01, -1.820510020797113e+01,  0.000000000000000e+00, -4.304302401214376e-01, -1.034323544233037e+01
s130        , -2.183307419908922e+01, -2.164935770878739e+01,  2.890995260663507e-01, -3.269116825450114e-02, -1.316499677070271e+01
s131        , -1.937195493711046e+01, -1.914375717461486e+01, -1.750000000000000e-01, -4.640892144926056e-01, -1.231376732786454e+01
s132        , -1.756898825137140e+01, -1.763352790100865e+01, -1.687242798353910e-01, -4.472653051565088e-01, -9.977530914063394e+00
s133        , -1.952720456066259e+01, -1.946093752133619e+01,  7.522123893805309e-02, -4.749361453168910e-01, -1.220861743719865e+01
s134        , -1.792604080418195e+01, -1.801099353551658e+01,  0.000000000000000e+00, -5.596073194757074e-01, -1.057266023403713e+01
s135        , -2.163690184151209e+01, -2.200157458401898e+01,  8.494208494208494e-02, -1.751712384378950e-01, -1.477033301646174e+01
s136        , -2.266590946104735e+01, -2.241830657223988e+01,  7.407407407407407e-02, -2.997173566356202e-01, -1.591944674175927e+01
s137        , -1.871948299194560e+01, -1.892055670957977e+01,  2.464454976303317e-01, -3.689555353461447e-01, -1.055106873106882e+01
s138        , -2.098569970792443e+01, -2.087860670761548e+01, -5.603448275862069e-02, -1.902462854910700e-01, -1.350598855789359e+01
s139        , -1.946420871832499e+01, -1.946573472810352e+01, -4.040404040404041e-02, -4.771964632946327e-01, -1.251223887011853e+01
s140        , -1.890485827097119e+01, -1.930277361278587e+01,  0.000000000000000e+00, -5.330357087089432e-01, -1.239305067026200e+01
s141        , -2.048387804329865e+01, -2.085536200562828e+01,  0.000000000000000e+00, -3.741087191690469e-01, -1.407075584263274e+01
s142        , -1.712146112463541e+01, -1.716366889865557e+01,  0.000000000000000e+00, -4.532789681927573e-01, -8.881371476730022e+00
s143        , -2.146398341435241e+01, -2.168925176780769e+01, -2.173913043478261e-01, -9.844953200717099e-02, -1.474758312813943e+01
s144        , -2.296743054539722e+01, -2.248595104322353e+01,  1.013215859030837e-01,  3.947315178294053e-03, -1.473258461072848e+01
s145        , -2.169591974109321e+01, -2.165862828359847e+01,  1.507537688442211e-02, -3.747362517042553e-01, -1.523416484375529e+01
s146        , -2.268369172314783e+01, -2.253101786091098e+01, -1.435185185185185e-01, -1.401521352187209e-01, -1.598731925663593e+01
s147        , -2.121406114253308e+01, -2.143089144225521e+01, -5.527638190954774e-02, -3.404968002130324e-01, -1.493170538761266e+01
s148        , -2.139826235530006e+01, -2.115739343158285e+01,  0.000000000000000e+00, -1.878551957196978e-01, -1.377301911468079e+01
s149        , -1.818204101397333e+01, -1.801209677479846e+01, -1.990049751243781e-01, -4.340131895953617e-01, -1.056431875266915e+01
s150        , -2.236615053154114e+01, -2.207401208031408e+01,  0.000000000000000e+00, -9.738544549525485e-02, -1.477699488162494e+01
s151        , -2.007280490017163e+01, -1.981725509944435e+01,  5.263157894736842e-02, -4.443734180456252e-01, -1.267354364913021e+01
s152        , -2.043501428229088e+01, -2.033374119686353e+01,  0.000000000000000e+00, -4.456776301758392e-01, -1.358012049619721e+01
s153        , -2.294208833005412e+01, -2.285399352712296e+01,  0.000000000000000e+00, -3.904993032811577e-02, -1.570623568846351e+01
s154        , -1.941555486932839e+01, -1.945043266879443e+01, -4.761904761904762e-02, -5.196301584846013e-01, -1.267783195511887e+01
s155        , -2.030625886040805e+01, -2.078972656460201e+01,  0.000000000000000e+00, -4.315035610644496e-01, -1.420343656706701e+01
s156        , -1.755225478861601e+01, -1.746055791279626e+01, -5.714285714285713e-02, -4.190620928530158e-01, -9.328838298576166e+00
s157        , -1.981494689568535e+01, -1.949682603520602e+01,  1.479591836734694e-01, -4.088647865668529e-01, -1.181591030705045e+01
s158        , -2.120666701656112e+01, -2.124293797547105e+01,  0.000000000000000e+00, -2.836102548059826e-01, -1.428536106946906e+01
s159        , -2.199339551508707e+01, -2.185735447093010e+01,  0.000000000000000e+00, -1.696016135983993e-01, -1.474392105921759e+01
s160        , -1.822712376873660e+01, -1.801056936819385e+01,  0.000000000000000e+00, -4.790284310521741e-01, -1.024827994505039e+01
s161        , -1.850131544535105e+01, -1.858077271155853e+01, -2.883895131086142e-01, -5.602711900017743e-01, -1.214213936205322e+01
s162        , -2.165239460618542e+01, -2.168247992257589e+01,  1.480144404332130e-01, -1.016314015943821e-01, -1.384205922974485e+01
s163        , -2.054863013411503e+01, -2.037912616435145e+01,  0.000000000000000e+00, -4.392463001827612e-01, -1.362198869580823e+01
s164        , -2.244259094688993e+01, -2.272379549329829e+01, -1.235955056179775e-01, -2.789757652032452e-01, -1.678315904600215e+01
s165        , -2.169401378729562e+01, -2.144788652682442e+01,  0.000000000000000e+00, -4.062518893625233e-02, -1.361485640564038e+01
s166        , -1.893544650248816e+01, -1.855878375337200e+01, -2.844036697247707e-01, -4.104965415961588e-01, -1.149766813285380e+01
s167        , -1.990371422830687e+01, -2.001867099176994e+01,  0.000000000000000e+00, -5.133599358478331e-01, -1.338201329281147e+01
s168        , -2.358382467591309e+01, -2.342137682461981e+01, -1.643192488262911e-01, -4.297134170570778e-01, -1.853069650414804e+01
s169        , -2.234616115486217e+01, -2.274142446306397e+01, -1.847826086956522e-01, -2.655246989626662e-01, -1.690749437819619e+01
s170        , -1.980105726485419e+01, -2.010297458601029e+01,  0.000000000000000e+00, -3.183653742630459e-01, -1.272433863860616e+01
s171        , -2.225344967355102e+01, -2.223833913388018e+01,  0.000000000000000e+00, -1.220243261761259e-01, -1.512114045417246e+01
s172        , -2.076076397080535e+01, -2.068806556671225e+01,  7.575757575757576e-02, -4.823775660727934e-01, -1.406787990118466e+01
s173        , -2.167162181633835e+01, -2.157496096363376e+01,  3.125000000000000e-02, -2.979359035498834e-01, -1.476057756343928e+01
s174        , -2.217746151284670e+01, -2.233389995563413e+01,  0.000000000000000e+00, -1.633926052520534e-01, -1.542991163879352e+01
s175        , -1.912249737452136e+01, -1.909351065561880e+01, -3.273542600896861e-01, -3.346271669576921e-01, -1.209733003693417e+01
s176        , -2.262880123350610e+01, -2.218708933205194e+01, -7.522123893805310e-02, -3.135700037613162e-01, -1.600122995443428e+01
s177        , -1.998504477748202e+01, -2.054524635682766e+01,  0.000000000000000e+00, -1.630768926425015e-01, -1.276023066150728e+01
s178        , -1.778030448780716e+01, -1.854679062946986e+01,  0.000000000000000e+00, -4.706196995511808e-01, -1.101446017057571e+01
s179        , -2.322340610724453e+01, -2.377639575116930e+01,  2.021276595744681e-01, -1.186783409097044e-01, -1.689987271639524e+01
s180        , -1.682543251402466e+01, -1.669760425033203e+01, -2.380952380952381e-02, -4.730920374663181e-01, -8.324852662158358e+00
s181        , -1.586682207916231e+01, -1.599657732902999e+01, -5.405405405405406e-02, -4.919449452379848e-01, -7.429940425502214e+00
s182        , -2.348293513803748e+01, -2.323062140667672e+01,  2.604166666666667e-02, -2.454257567716102e-01, -1.703255495728880e+01
s183        , -2.155098810628208e+01, -2.131977837166323e+01,  0.000000000000000e+00, -3.935622743266494e-01, -1.484175782549162e+01
s184        , -2.324937775466465e+01, -2.324395989512810e+01,  1.125000000000000e-01, -2.193455545605112e-01, -1.673278011985620e+01
s185        , -2.378592453308165e+01, -2.393051748791071e+01,  8.556149732620320e-02, -2.322446019101390e-01, -1.787580504226937e+01
s186        , -2.071202883303041e+01, -2.098222863374352e+01, -1.534653465346535e-01, -2.461746037357350e-01, -1.412744620893458e+01
s187        , -2.027503475690737e+01, -2.031451219371142e+01,  7.725321888412018e-02, -4.284643710414602e-01, -1.329026405754680e+01
s188        , -2.214013663755619e+01, -2.218081548530103e+01, -3.867403314917127e-02, -3.022569110737441e-01, -1.585557985799156e+01
s189        , -2.074030596943589e+01, -2.091162032067460e+01,  0.000000000000000e+00, -1.542074852336362e-01, -1.327117239034605e+01
s190        , -1.914542963593283e+01, -1.908738260290425e+01,  0.000000000000000e+00, -4.434444610252894e-01, -1.171176134553085e+01
s191        , -1.679323473828856e+01, -1.723337811598594e+01,  2.796934865900383e-01, -4.444930604668443e-01, -8.254897793997962e+00
s192        , -1.690928184419942e+01, -1.705403367327937e+01,  0.000000000000000e+00, -5.067240432828634e-01, -8.932541628486508e+00
s193        , -2.273712334380998e+01, -2.303063685420312e+01,  1.229050279329609e-01, -2.696261459771656e-01, -1.659068748220531e+01
s194        , -2.090019731082972e+01, -2.127954723341541e+01, -1.643835616438356e-01, -2.020003934362203e-01, -1.442065762438642e+01
s195        , -1.910778599576077e+01, -1.913059363369451e+01, -1.960784313725490e-02, -4.295271983008834e-01, -1.176904430662417e+01
s196        , -1.918378235513936e+01, -1.898696208356211e+01,  0.000000000000000e+00, -4.923243700073853e-01, -1.175833671578559e+01
s197        , -2.010118773573690e+01, -2.024053928816856e+01, -1.928934010152284e-01, -3.923119746979537e-01, -1.370609667667114e+01
s198        , -2.040069724820686e+01, -2.049611924230106e+01,  1.147540983606557e-01, -3.073885899611197e-01, -1.298153345227531e+01
s199        , -2.033728659050214e+01, -2.052360859902802e+01,  2.112068965517241e-01, -1.484312044050353e-01, -1.214415866657083e+01
s200        , -1.788348829912646e+01, -1.789273159132804e+01,  0.000000000000000e+00, -4.568363320984329e-01, -9.983320258437759e+00
s201        , -1.891783601993355e+01, -1.894303687802619e+01, -2.795275590551181e-01, -4.956608871201637e-01, -1.240096960585793e+01
s202        , -2.174492495952721e+01, -2.191222533428143e+01,  0.000000000000000e+00, -1.902415841360358e-01, -1.490870712037319e+01
s203        , -2.185008698942601e+01, -2.166195957489581e+01,  0.000000000000000e+00, -4.358149650008709e-01, -1.552200431904521e+01
s204        , -2.086349108831322e+01, -2.094992877063373e+01, -1.088082901554404e-01, -3.521784668231955e-01, -1.439416488416812e+01
s205        , -2.088054945703831e+01, -2.104517463223976e+01, -3.201754385964912e-01, -7.627194138027249e-02, -1.395307567152257e+01
s206        , -2.114956534802060e+01, -2.157318589730875e+01,  0.000000000000000e+00, -8.189140457714628e-02, -1.396758313707217e+01
s207        , -1.936064601068155e+01, -1.939204266178844e+01,  0.000000000000000e+00, -2.338943055985757e-01, -1.132434563365596e+01
s208        , -2.173553987268506e+01, -2.143516684491350e+01, -2.688172043010753e-02, -4.343405380086777e-01, -1.524455218341947e+01
s209        , -1.958079034508013e+01, -1.966629727796855e+01,  0.000000000000000e+00, -4.464224408663486e-01, -1.258738316523059e+01
s210        , -2.077095411669474e+01, -2.130624789345586e+01, -1.454545454545455e-01, -1.831018857164411e-01, -1.433751376155049e+01
s211        , -2.106003856984427e+01, -2.085624804965426e+01,  0.000000000000000e+00, -3.603304456413751e-01, -1.401671974924442e+01
s212        , -1.921431398034701e+01, -1.906729001514014e+01,  1.179245283018868e-01, -4.185804563868263e-01, -1.128879027107366e+01
s213        , -1.891211086691480e+01, -1.896280293388781e+01,  2.139737991266376e-01, -3.967984874397719e-01, -1.080666804253706e+01
s214        , -1.797391097043976e+01, -1.764804980764115e+01,  0.000000000000000e+00, -4.567837376984772e-01, -9.618079107797620e+00
s215        , -2.046416066581664e+01, -2.053110868738944e+01,  0.000000000000000e+00, -4.542774167739768e-01, -1.390911622137823e+01
s216        , -2.054695205981560e+01, -2.061818987036091e+01,  1.961722488038277e-01, -2.288645156548360e-01, -1.264579102109109e+01
s217        , -2.064527960557822e+01, -2.050665203667020e+01,  2.539682539682540e-01, -5.235233882719742e-01, -1.351961418886330e+01
s218        , -2.267569057486860e+01, -2.289942235557119e+01,  5.164319248826291e-02, -1.844402967574466e-01, -1.622979643108935e+01
s219        , -1.969996813819463e+01, -2.040602424160081e+01,  0.000000000000000e+00, -3.361988775104921e-01, -1.324809582733099e+01
s220        , -2.056541179285701e+01, -2.119803938320735e+01, -2.718446601941747e-01, -1.230140922094218e-01, -1.424880227794013e+01
s221        , -2.147236245537334e+01, -2.127650321240588e+01, -9.452736318407960e-02, -4.393147163670186e-01, -1.519596536493485e+01
s222        , -1.817717386569833e+01, -1.814243218057196e+01, -2.666666666666667e-02, -4.361466084919500e-01, -1.033899008596045e+01
s223        , -2.049263974761081e+01, -2.040894781495472e+01,  6.912442396313365e-02, -4.987151656142850e-01, -1.373360381106531e+01
s224        , -2.147370851727396e+01, -2.138510145816906e+01,  0.000000000000000e+00, -1.811209180355823e-01, -1.408566977881719e+01
s225        , -2.297636192643720e+01, -2.276748099767346e+01, -4.721030042918455e-02, -4.178630478236423e-02, -1.570550545277657e+01
s226        , -2.349615644619751e+01, -2.300377693066141e+01,  0.000000000000000e+00, -5.886979953872751e-02, -1.600932255545985e+01
s227        , -1.994214785348108e+01, -2.016686916012090e+01, -1.458333333333333e-01, -2.743747702011471e-01, -1.300538043665586e+01
s228        , -1.935600154849446e+01, -1.954396564864959e+01,  0.000000000000000e+00, -4.954139587571272e-01, -1.260171874691122e+01
s229        , -1.931982821700711e+01, -1.959615018237066e+01,  0.000000000000000e+00, -3.927943367277197e-01, -1.226726841974049e+01
s230        , -1.663964761443124e+01, -1.675088194327733e+01, -1.832061068702290e-01, -4.726875424458510e-01, -8.798885659392925e+00
s231        , -1.912412961575534e+01, -1.915596656583449e+01,  3.686635944700461e-02, -4.849438859000710e-01, -1.188918361188269e+01
s232        , -2.205202611453251e+01, -2.179121958125828e+01,  0.000000000000000e+00, -3.952631093866033e-01, -1.555191350138266e+01
s233        , -2.108987100746543e+01, -2.102097067868142e+01, -5.106382978723404e-02, -6.906811610458741e-02, -1.321915451099218e+01
s234        , -2.119865480781422e+01, -2.129905747106541e+01,  7.182320441988950e-02, -2.428187266933599e-01, -1.402667776033512e+01
s235        , -1.634470488909293e+01, -1.594189911308032e+01,  4.868913857677903e-02, -4.423778113925409e-01, -6.893853854152733e+00
s236        , -2.035495556536669e+01, -2.085910041663846e+01,  0.000000000000000e+00, -4.754069003217640e-01, -1.448332587009088e+01
s237        , -2.057488800817375e+01, -2.046619874235920e+01,  0.000000000000000e+00, -1.188433792948044e-01, -1.246458294006613e+01
s238        , -2.181497599002021e+01, -2.142457815851766e+01, -2.247191011235955e-02,  1.247357300107876e-02, -1.342259831987023e+01
s239        , -1.938605784207409e+01, -1.946977817079267e+01,  2.365145228215768e-01, -3.791846742178258e-01, -1.143620921132646e+01
s240        , -1.879589433372550e+01, -1.893527990321839e+01,  2.431192660550459e-01, -4.170067502436230e-01, -1.077435961909703e+01
s241        , -1.732119998261703e+01, -1.691784692932936e+01,  0.000000000000000e+00, -4.375166638922224e-01, -8.451311322683544e+00
s242        , -2.017650413285683e+01, -2.013434593124327e+01, -7.476635514018691e-02, -4.440634196754156e-01, -1.346199565851818e+01
s243        , -1.996072124442394e+01, -1.973719523087136e+01, -2.405063291139241e-01, -4.103101197416986e-01, -1.314583309167190e+01
s244        , -2.121993688931675e+01, -2.130122162599007e+01,  4.784688995215311e-02, -2.139412310145941e-01, -1.397347564140079e+01
s245        , -2.152256201120388e+01, -2.157002014711492e+01, -7.211538461538461e-02, -3.445144235374119e-01, -1.519726003468627e+01
s246        , -1.806013829922115e+01, -1.801988879464357e+01,  9.216589861751152e-02, -4.798546874248393e-01, -1.003642724099045e+01
s247        , -1.662499542985015e+01, -1.629360764819253e+01, -2.403433476394850e-01, -5.133250574690362e-01, -8.421983694725974e+00
s248        , -2.087245838906029e+01, -2.092703963898125e+01,  0.000000000000000e+00, -1.745940995748110e-01, -1.337608452420068e+01
s249        , -2.031192930505803e+01, -2.040587578499728e+01,  2.571428571428571e-01, -2.942142331423850e-01, -1.244006861833246e+01
s250        , -1.829082894515480e+01, -1.818926714105249e+01,  2.830188679245284e-02, -4.534116999222284e-01, -1.034160551763184e+01
s251        , -2.316191337748571e+01, -2.288397199836534e+01, -3.421052631578947e-01, -3.171170450452721e-02, -1.657176856435280e+01
s252        , -1.836403387539604e+01, -1.827599411692260e+01, -3.196347031963470e-02, -4.841827263229033e-01, -1.074440833592083e+01
s253        , -1.948978591890307e+01, -1.955343855165891e+01,  0.000000000000000e+00, -6.081518500223749e-01, -1.306880593868144e+01
s254        , -1.974328758235917e+01, -2.010631159160127e+01, -1.065573770491803e-01, -3.579448333953955e-01, -1.315318340611435e+01
s255        , -2.045692599174058e+01, -2.016711181847258e+01, -7.476635514018691e-02, -4.182960714071987e-01, -1.340735032854241e+01
s256        , -1.776850461240055e+01, -1.778418515001603e+01,  1.238938053097345e-01, -4.209615968505197e-01, -9.369313771678293e+00
s257        , -2.163660994039700e+01, -2.166605756073385e+01,  0.000000000000000e+00, -2.854663611499145e-01, -1.492405171393989e+01
s258        , -1.860059101905129e+01, -1.853008726153161e+01, -3.255813953488372e-02, -5.239896436788678e-01, -1.128489166093443e+01
s259        , -2.094542362420654e+01, -2.076059981268714e+01, -1.573033707865168e-01, -4.333155659199479e-01, -1.455823681904971e+01
s260        , -1.742875942837962e+01, -1.706225663936850e+01,  3.333333333333333e-02, -4.841558359831221e-01, -8.771286197458865e+00
s261        , -2.065616574581777e+01, -2.046015694612922e+01,  0.000000000000000e+00, -4.218863445634524e-01, -1.367312658442880e+01
s262        , -2.014040040752147e+01, -2.015208901789597e+01,  3.273542600896861e-01, -2.174040284815261e-01, -1.157834128417923e+01
s263        , -1.686996628366655e+01, -1.664912166003222e+01,  0.000000000000000e+00, -4.426402239670291e-01, -8.070997369898045e+00
s264        , -2.074271161967796e+01, -2.022248016283751e+01,  0.000000000000000e+00, -2.150432409059542e-01, -1.248749904322056e+01
s265        , -2.059536695716665e+01, -2.070311469020288e+01,  0.000000000000000e+00, -1.851594028731071e-01, -1.308446984735231e+01
s266        , -2.198651133619990e+01, -2.188677321306355e+01,  0.000000000000000e+00, -1.509352054409234e-01, -1.471281222152487e+01
s267        , -1.899333543245141e+01, -1.893638555019312e+01,  3.703703703703703e-02, -4.702493018142928e-01, -1.150213680686422e+01
s268        , -1.857298059991068e+01, -1.858123841073156e+01,  2.289719626168224e-01, -4.055964397863951e-01, -1.023549960850205e+01
s269        , -2.106917022960664e+01, -2.077918869645140e+01, -1.299435028248588e-01, -4.530722567104115e-01, -1.459734444511142e+01
s270        , -1.920756052964929e+01, -1.910080117784895e+01, -1.730769230769231e-01, -5.613937324333067e-01, -1.263585067693390e+01
s271        , -1.965184309682283e+01, -1.955207947264136e+01, -1.128205128205128e-01, -5.189952619494053e-01, -1.298897975640786e+01
s272        , -2.112049940018463e+01, -2.068323658603634e+01, -4.000000000000000e-02, -4.225163133709517e-01, -1.410787905011209e+01
s273        , -1.945398506004425e+01, -1.956788026168091e+01,  5.063291139240506e-02, -2.565218731716187e-01, -1.155173565953590e+01
s274        , -2.135203005648119e+01, -2.141736009430191e+01, -2.535885167464115e-01, -1.501432031913681e-01, -1.463962049786491e+01
s275        , -2.088724638081418e+01, -2.112960087528819e+01,  8.520179372197309e-02, -2.339797046685736e-01, -1.370510776793333e+01
s276        , -1.839432489855567e+01, -1.856435650407234e+01,  0.000000000000000e+00, -5.189266315440184e-01, -1.123475208873212e+01
s277        , -2.199306195501885e+01, -2.064880453009550e+01,  2.644628099173554e-01,  2.232763360982026e-02, -1.151249702703074e+01
s278        , -2.276883612887764e+01, -2.278448692100036e+01,  0.000000000000000e+00, -2.232075609194397e-01, -1.634244500593335e+01
s279        , -2.262380984036664e+01, -2.269182341526212e+01,  0.000000000000000e+00, -3.664600480385116e-01, -1.677976009308571e+01
s280        , -1.620731240668889e+01, -1.663561249626260e+01,  0.000000000000000e+00, -4.827351582305489e-01, -8.211935901061075e+00
s281        , -2.072632910940930e+01, -2.027366822182346e+01,  1.319148936170212e-01, -1.090121065540407e-01, -1.180998483032548e+01
s282        , -1.840721485531197e+01, -1.898737880711999e+01,  0.000000000000000e+00, -2.026693501761106e-01, -1.059519097062709e+01
s283        , -1.945843055355910e+01, -1.968122777954395e+01,  0.000000000000000e+00, -4.448161409959587e-01, -1.260320357004677e+01
s284        , -2.290375248734285e+01, -2.332749433831562e+01,  0.000000000000000e+00, -3.205290781371426e-01, -1.754354908474522e+01
s285        , -2.162506652538119e+01, -2.132647057671450e+01,  0.000000000000000e+00, -2.500922583699851e-01, -1.427531200884327e+01
s286        , -2.308167299949378e+01, -2.348698190168506e+01, -1.179775280898876e-01, -3.369231665353251e-01, -1.814057885379823e+01
s287        , -1.888746545864790e+01, -1.891222115493126e+01,  3.000000000000000e-01, -3.640284014717675e-01, -1.038572904350935e+01
s288        , -2.031934863671701e+01, -2.015518096279068e+01,  0.000000000000000e+00, -5.628922615995829e-01, -1.378467595367361e+01
s289        , -2.410980627565496e+01, -2.433012269563055e+01, -1.189189189189189e-01, -1.886034179173092e-01, -1.880484806079662e+01
s290        , -2.087284446952964e+01, -2.053347592648535e+01, -1.129943502824859e-01, -4.527881181823479e-01, -1.418750829719411e+01
s291        , -2.204275686911580e+01, -2.160197915393717e+01,  3.303571428571428e-01,  1.614630069269107e-02, -1.279555246737123e+01
s292        , -1.820983264392220e+01, -1.848487527049303e+01,  0.000000000000000e+00, -2.511199680092331e-01, -1.004019182999462e+01
s293        , -1.668568749246811e+01, -1.662662467234685e+01,  4.032258064516129e-02, -5.160530064938011e-01, -8.232170243708589e+00
s294        , -2.280852590517532e+01, -2.332323868934378e+01, -1.290322580645161e-01, -1.671909517301560e-01, -1.724182875749782e+01
s295        , -1.673628435422914e+01, -1.720943270833173e+01,  8.045977011494253e-02, -4.409774583060159e-01, -8.700239408879105e+00
s296        , -2.103716924286631e+01, -2.082140684642830e+01,  2.669491525423729e-01, -2.204137886871657e-01, -1.273909435272998e+01
s297        , -2.124288787488653e+01, -2.124039901654296e+01,  1.712707182320442e-01, -3.073952357430516e-01, -1.395144754003001e+01
s298        , -2.177880180045448e+01, -2.161373544820936e+01,  0.000000000000000e+00, -1.163735013656305e-01, -1.416661835956585e+01
s299        , -1.893486515270964e+01, -1.913063052497800e+01,  6.589147286821706e-02, -4.182954601180681e-01, -1.151146674221603e+01
s300        , -1.774017522269403e+01, -1.772607969693852e+01,  2.016806722689076e-01, -3.833099859073188e-01, -8.938016314894714e+00
s301        , -2.283171483494903e+01, -2.307331532085857e+01,  0.000000000000000e+00, -1.935129789103496e-01, -1.665402919175424e+01
s302        , -1.721456897049112e+01, -1.709888509212721e+01, -1.936936936936937e-01, -5.045206240776645e-01, -9.472020645300063e+00
s303        , -2.130552121943375e+01, -2.097017175799045e+01,  0.000000000000000e+00, -1.342528065494653e-02, -1.279289205865408e+01
s304        , -2.313677054561944e+01, -2.307010590659264e+01,  0.000000000000000e+00, -2.904634977273650e-01, -1.703876615849348e+01
s305        , -1.858159986173835e+01, -1.874790725805589e+01,  4.888888888888889e-02, -5.191004127805126e-01, -1.138776957847451e+01
s306        , -2.163460095493751e+01, -2.164333145171031e+01,  0.000000000000000e+00, -3.489984432368135e-01, -1.514540498019990e+01
s307        , -1.987289536762319e+01, -2.017316815221817e+01,  0.000000000000000e+00, -4.334376980738398e-01, -1.329139149375538e+01
s308        , -2.028550026196297e+01, -2.007215737700843e+01,  2.070484581497797e-01, -7.712956260704895e-03, -1.091562075691848e+01
s309        , -2.129242792516701e+01, -2.127716053954716e+01,  0.000000000000000e+00, -2.773057333167843e-01, -1.431108606484323e+01
s310        , -1.894855963686166e+01, -1.906857977147536e+01,  3.225806451612903e-02, -4.420812131331763e-01, -1.159805654546432e+01
s311        , -2.010039836844276e+01, -2.007664461140397e+01,  0.000000000000000e+00, -5.468740664143410e-01, -1.360315363992784e+01
s312        , -1.830057188159682e+01, -1.844400295765809e+01, -5.045871559633028e-02, -5.172967626171673e-01, -1.117406722593560e+01
s313        , -1.990312271450173e+01, -1.959852412195904e+01,  1.481481481481481e-01, -3.900068395361900e-01, -1.189139257443868e+01
s314        , -1.980645538479249e+01, -1.959510424566647e+01,  0.000000000000000e+00, -4.554613631595625e-01, -1.251748977276332e+01
s315        , -1.914671781515828e+01, -1.957469496917632e+01, -8.921933085501858e-02, -2.300460218977717e-01, -1.180312698320957e+01
s316        , -2.257620253811652e+01, -2.243222452839639e+01,  0.000000000000000e+00, -1.400905331460386e-01, -1.548297530154696e+01
s317        , -1.647333233405121e+01, -1.615380315706237e+01, -6.637168141592920e-02, -4.418147746918861e-01, -7.493702200183906e+00
s318        , -2.027102701488289e+01, -2.010436895718259e+01,  1.650485436893204e-01, -3.950163399648214e-01, -1.262416150380598e+01
s319        , -1.996146248057647e+01, -1.993200812106265e+01,  0.000000000000000e+00, -3.007938437587159e-01, -1.239868301647869e+01
s320        , -2.548773082504399e+01, -2.499615296705499e+01, -2.058823529411765e-01, -2.051315550653976e-02, -1.933926586577704e+01
s321        , -1.727661852750149e+01, -1.766162682171803e+01,  0.000000000000000e+00, -4.729031173288075e-01, -9.703098019787477e+00
s322        , -2.011073789818953e+01, -2.036508881038174e+01, -2.346938775510204e-01, -3.118520769585720e-01, -1.367253100122516e+01
s323        , -2.178223238748198e+01, -2.155686737759924e+01,  0.000000000000000e+00, -3.164630965966697e-01, -1.488569352427052e+01
s324        , -1.879130547869734e+01, -1.876620832814463e+01, -1.562500000000000e-02, -4.865844109133208e-01, -1.144477767738478e+01
s325        , -2.032679436678044e+01, -1.997705177768816e+01,  0.000000000000000e+00, -4.446111579505011e-01, -1.304370662200241e+01
s326        , -2.071891083121713e+01, -2.055939159902285e+01, -1.502145922746781e-01, -4.860370130315617e-02, -1.269476027132425e+01
s327        , -1.834375983430116e+01, -1.909577294824293e+01,  0.000000000000000e+00, -4.582827934141080e-01, -1.178389554379086e+01
s328        , -2.099505369246730e+01, -2.074573003665502e+01, -1.887550200803213e-01, -2.242959595378644e-01, -1.377443258007457e+01
s329        , -2.140321290954873e+01, -2.108811163115746e+01,  0.000000000000000e+00,  4.593159793051083e-03, -1.289644733327430e+01
s330        , -2.114112529442132e+01, -2.141379936683563e+01, -3.449781659388647e-01, -7.017073580188771e-02, -1.454014367933332e+01
s331        , -1.934637322166436e+01, -1.998485792297877e+01,  0.000000000000000e+00, -3.048437342653618e-01, -1.249379880965335e+01
s332        , -1.962462779654497e+01, -2.002512471915229e+01, -3.879310344827586e-02, -3.704442707835722e-01, -1.291385808235954e+01
s333        , -2.293624249800790e+01, -2.311797653074171e+01, -2.717391304347826e-02, -2.482212901214985e-01, -1.700800267272274e+01
s334        , -1.807355423930957e+01, -1.786067096355703e+01, -4.954954954954955e-02, -4.837671416726728e-01, -1.016684621251028e+01
s335        , -1.850164643907080e+01, -1.862537348568640e+01,  1.041666666666667e-01, -4.851736208157014e-01, -1.093126553826325e+01
s336        , -2.151296308555482e+01, -2.120090143506010e+01,  0.000000000000000e+00, -3.145331107646874e-01, -1.434688957297461e+01
s337        , -1.775953587894473e+01, -1.659217725580872e+01,  0.000000000000000e+00, -1.927707840224444e-01, -6.982126451991602e+00
s338        , -2.118082550420247e+01, -2.144380930114040e+01,  9.361702127659574e-02, -2.386095692408694e-01, -1.417154723402581e+01
s339        , -1.761381998690202e+01, -1.854712835740597e+01,  0.000000000000000e+00, -4.520776405604167e-01, -1.094046627146959e+01
s340        , -1.906967392812366e+01, -1.922073436041241e+01,  1.792452830188679e-01, -4.659963765307367e-01, -1.155580239220429e+01
s341        , -2.371082699534004e+01, -2.361259199223543e+01, -9.259259259259259e-02, -2.659713931010030e-01, -1.797980947626093e+01
s342        , -1.901967676945428e+01, -1.924176327210646e+01,  0.000000000000000e+00, -4.438130852582106e-01, -1.194355602697802e+01
s343        , -1.943128604912865e+01, -1.922083458632308e+01,  2.876712328767123e-01, -3.875318655443336e-01, -1.097120997395546e+01
s344        , -2.171448714042025e+01, -2.187961659116326e+01, -2.898550724637681e-02, -3.038841710496251e-01, -1.538869207279437e+01
s345        , -1.896311499883081e+01, -1.872078929834514e+01,  0.000000000000000e+00, -4.323573650413620e-01, -1.112031173851878e+01
s346        , -2.211462969107367e+01, -2.199670283696880e+01, -1.895734597156398e-02, -1.487274545917818e-01, -1.491505901692334e+01
s347        , -1.640817037109120e+01, -1.693821273430624e+01,  1.549295774647887e-01, -4.833560810085033e-01, -8.280793483230507e+00
s348        , -2.058778590237884e+01, -2.062473716409891e+01, -5.263157894736842e-02, -3.348600883427881e-01, -1.369981918465909e+01
s349        , -1.918353701640313e+01, -1.911293502468908e+01,  0.000000000000000e+00, -4.077056898095192e-01, -1.160629167780628e+01
s350        , -2.047073332015930e+01, -2.062318108666597e+01,  0.000000000000000e+00, -4.116123498346009e-01, -1.387505647312281e+01
s351        , -2.167714580870165e+01, -2.185779859780334e+01, -1.270718232044199e-01, -2.761813216371864e-01, -1.548862976019626e+01
s352        , -2.086238589025425e+01, -2.068599232406005e+01,  6.372549019607843e-02, -4.853015202478814e-01, -1.410644009747242e+01
s353        , -1.920058764071421e+01, -1.927310801309120e+01,  0.000000000000000e+00, -5.684070750765412e-01, -1.249090792292752e+01
s354        , -2.053223705409261e+01, -2.114661778720799e+01,  1.675126903553300e-01, -1.410507362464537e-01, -1.315254592850396e+01
s355        , -1.704257081119439e+01, -1.723440382045604e+01, -3.057851239669421e-01, -4.516920800296389e-01, -9.740541993579340e+00
s356        , -2.127143545968418e+01, -2.095625743996662e+01, -8.461538461538462e-02, -2.006149827037985e-01, -1.373452826582686e+01
s357        , -1.906625211198675e+01, -1.947946474175047e+01,  0.000000000000000e+00, -3.526384313094048e-01, -1.193185339784723e+01
s358        , -2.032987192881253e+01, -1.986699262658512e+01, -1.025641025641026e-01, -4.226028803668964e-01, -1.304601015377251e+01
s359        , -2.136102912880764e+01, -2.123061807709976e+01,  0.000000000000000e+00, -3.538129317833753e-01, -1.454903981755390e+01
s360        , -1.881386071055488e+01, -1.870993770688967e+01,  1.494845360824742e-01, -4.233204792045533e-01, -1.069627514997067e+01
s361        , -2.182643688719446e+01, -2.148898819036720e+01,  0.000000000000000e+00, -9.369368045068049e-02, -1.388939117152062e+01
s362        , -2.091897008712596e+01, -2.086355168435750e+01, -1.761658031088083e-01, -4.243996816650821e-01, -1.472288617055283e+01
s363        , -1.798497754334610e+01, -1.798058231179080e+01, -1.877551020408163e-01, -5.603070286229704e-01, -1.099676217944986e+01
s364        , -1.789393844733154e+01, -1.751633727118024e+01, -7.169811320754717e-02, -4.164501252065544e-01, -9.437735412077723e+00
s365        , -2.184332997178521e+01, -2.126955174593240e+01,  0.000000000000000e+00, -4.537621643941558e-03, -1.320381513253248e+01
s366        , -2.293131491804218e+01, -2.285130662029802e+01,  0.000000000000000e+00, -1.383512641102262e-01, -1.610119719610951e+01
s367        , -2.320311495695380e+01, -2.280163779728400e+01,  0.000000000000000e+00, -1.098704835000970e-01, -1.591266925032411e+01
s368        , -1.944159222026194e+01, -1.957657867944047e+01,  0.000000000000000e+00, -5.391066336440153e-01, -1.282591981940869e+01
s369        , -2.221834550731525e+01, -2.248737805500505e+01, -1.509433962264151e-01, -1.542316945449326e-01, -1.599723773375382e+01
s370        , -1.739352775780219e+01, -1.812814727127873e+01,  0.000000000000000e+00, -4.570657993738687e-01, -1.033544835690030e+01
s371        , -2.131349702655302e+01, -2.086271144291583e+01,  4.469273743016760e-02, -4.253212494427845e-01, -1.417639784756592e+01
s372        , -2.230067528571091e+01, -2.186034773474664e+01,  0.000000000000000e+00, -2.903146431770540e-01, -1.523338384293924e+01
s373        , -1.609460498694387e+01, -1.609934720732661e+01, -1.644736842105263e-02, -4.760023500975060e-01, -7.425734212998266e+00
s374        , -1.846307154319872e+01, -1.888125797357062e+01,  4.918032786885246e-02, -2.796200406009243e-01, -1.062380798953118e+01
s375        , -2.092466765927065e+01, -2.065638136663227e+01, -2.346938775510204e-01, -4.196471603449973e-01, -1.454019329394480e+01
s376        , -2.335896110191541e+01, -2.371855910629226e+01, -1.702127659574468e-01, -2.588984214540905e-01, -1.830240218287154e+01
s377        , -2.209438728501526e+01, -2.265206803496815e+01, -6.060606060606061e-02, -1.202715338971322e-01, -1.588195642247055e+01
s378        , -2.111108779470583e+01, -2.104350747053602e+01,  0.000000000000000e+00, -5.929154418306686e-01, -1.523055689668663e+01
s379        , -1.875225846070942e+01, -1.865404162432501e+01,  1.862745098039216e-01, -3.982548369113501e-01, -1.042073787071493e+01
s380        , -1.834869608623442e+01, -1.824828863340995e+01,  5.343511450381679e-02, -4.867357565292836e-01, -1.050107756229773e+01
s381        , -2.068155326614140e+01, -2.031315505955195e+01,  6.914893617021277e-02, -4.591553198405569e-01, -1.343169156084349e+01
s382        , -1.804666933121612e+01, -1.804951451945562e+01,  0.000000000000000e+00, -4.553358220404080e-01, -1.021118900992703e+01
s383        , -2.062194236740874e+01, -2.121735493284424e+01,  0.000000000000000e+00, -2.688702502619412e-01, -1.418797291177920e+01
s384        , -1.800916137079852e+01, -1.799476121907264e+01,  0.000000000000000e+00, -5.679240233768619e-01, -1.058185857403403e+01
s385        , -2.216424509641620e+01, -2.165073835482877e+01, -1.505376344086022e-01, -1.983382951631443e-01, -1.492529398174621e+01
s386        , -2.182057698940036e+01, -2.182894005470237e+01,  0.000000000000000e+00, -3.283245340591721e-01, -1.533924314998721e+01
s387        , -1.799817167842237e+01, -1.764839496313800e+01,  0.000000000000000e+00, -4.199541044880705e-01, -9.470621010632833e+00
s388        , -2.351217009702901e+01, -2.358374420430268e+01, -1.785714285714286e-01, -3.063756143768592e-01, -1.831280552830598e+01
s389        , -2.149803565649794e+01, -2.143476399588934e+01, -1.947565543071161e-01, -2.258790109957377e-01, -1.482364858339565e+01
s390        , -2.025125341850577e+01, -2.001254320847350e+01,  0.000000000000000e+00, -4.494456643316782e-01, -1.311607864223304e+01
s391        , -1.925641978436478e+01, -1.894406790781810e+01,  0.000000000000000e+00, -5.008608939050612e-01, -1.172864260354519e+01
s392        , -1.954014294555121e+01, -1.997729815357969e+01, -1.272727272727273e-01, -3.500252817518231e-01, -1.298038246876330e+01
s393        , -2.007195889273447e+01, -2.012073522845949e+01,  0.000000000000000e+00, -4.408472273344025e-01, -1.324293894288063e+01
s394        , -1.933645012315517e+01, -1.930764096838317e+01,  2.620967741935484e-01, -4.686697816768958e-01, -1.149027065106413e+01
s395        , -2.191328817199827e+01, -2.163151445224329e+01,  2.410714285714286e-01, -1.825193519828516e-02, -1.319973611911077e+01
s396        , -1.985518647713905e+01, -1.973413182759553e+01,  1.250000000000000e-01, -1.162720916534243e-02, -1.063099113516504e+01
s397        , -1.859895904181181e+01, -1.866218915395166e+01,  0.000000000000000e+00, -4.814849345026023e-01, -1.123027210365444e+01
s398        , -2.089338265909714e+01, -2.085559696230228e+01, -1.243243243243243e-01, -3.234718397349404e-01, -1.417666347332117e+01
s399        , -1.650074457052408e+01, -1.637600225127253e+01, -2.030075187969925e-01, -4.776111047532847e-01, -8.308616944543722e+00
s400        , -1.659170957499870e+01, -1.694595797419698e+01,  0.000000000000000e+00, -4.989942173488031e-01, -8.740251646283566e+00
s401        , -1.654426837808786e+01, -1.662507077247982e+01, -1.985559566787004e-01, -4.546654900903299e-01, -8.576936716266102e+00
s402        , -1.877939202276407e+01, -1.861263553693918e+01,  0.000000000000000e+00, -4.507038517286821e-01, -1.103267394205067e+01
s403        , -2.106694758002669e+01, -2.100506469518812e+01,  4.301075268817205e-02, -3.214516906443962e-01, -1.397562477407933e+01
s404        , -2.165676773412189e+01, -2.137243217671985e+01, -2.641509433962265e-02, -3.273611021662780e-01, -1.471998250770314e+01
s405        , -2.212611753855641e+01, -2.212233193581159e+01,  0.000000000000000e+00, -1.608225244711419e-01, -1.510395675244979e+01
s406        , -1.885653015374473e+01, -1.852660930017738e+01, -2.392344497607655e-01, -4.355399411962053e-01, -1.143802036014318e+01
s407        , -1.790225292709843e+01, -1.783955789183356e+01,  1.378091872791520e-01, -4.184167850555168e-01, -9.407111149536489e+00
s408        , -1.653237145459570e+01, -1.688312080647560e+01,  0.000000000000000e+00, -4.902832690336510e-01, -8.611509086329763e+00
s409        , -1.984138826084547e+01, -1.995980941889211e+01, -5.577689243027888e-02, -4.120229422879031e-01, -1.302568337687110e+01
s410        , -1.632163885458830e+01, -1.658605188153460e+01, -2.967479674796748e-01, -4.663677633397244e-01, -8.809796598470953e+00
s411        , -1.826950002229553e+01, -1.812670975348747e+01,  0.000000000000000e+00, -4.962086851521904e-01, -1.049057092575232e+01
s412        , -2.254085603631221e+01, -2.216651500727605e+01, -1.186440677966102e-01, -4.947445545596005e-01, -1.680638000220403e+01
s413        , -1.907038707751166e+01, -1.929005946364351e+01,  0.000000000000000e+00, -4.741933700813598e-01, -1.213766797736379e+01
s414        , -1.996831080241482e+01, -1.988852588981774e+01,  5.970149253731343e-02, -5.177110970358517e-01, -1.305695127228735e+01
s415        , -2.069762370804266e+01, -2.051140955487853e+01,  1.674008810572687e-01, -3.845389607969329e-01, -1.318346484207967e+01
s416        , -1.735494379178349e+01, -1.785259069321998e+01,  0.000000000000000e+00, -4.813484951957020e-01, -1.002192009252899e+01
s417        , -1.714858900796163e+01, -1.678048324393377e+01,  0.000000000000000e+00, -4.594760529792195e-01, -8.334612356813308e+00
s418        , -2.014294405560549e+01, -2.002987993591487e+01,  0.000000000000000e+00, -4.599603179608829e-01, -1.318418799926740e+01
s419        , -1.771416578387462e+01, -1.771575567000760e+01,  0.000000000000000e+00, -5.018813610408934e-01, -9.900278370979272e+00
s420        , -2.335906844703241e+01, -2.322055611524807e+01,  0.000000000000000e+00, -3.015394138634624e-01, -1.730771660429736e+01
s421        , -2.045819521600993e+01, -2.084073807679621e+01,  1.990950226244344e-01, -9.789425555225906e-02, -1.244432782727483e+01
s422        , -1.913624718404630e+01, -1.899329666237513e+01,  0.000000000000000e+00, -4.495371450849112e-01, -1.159587773498433e+01
s423        , -2.001718266940652e+01, -1.978658798595832e+01, -2.394957983193277e-01, -4.408965057174473e-01, -1.333989737868698e+01
s424        , -2.199980092896302e+01, -2.198093752274860e+01,  6.422018348623854e-02, -7.177831350150232e-02, -1.437564012727755e+01
s425        , -1.799669141475633e+01, -1.815515278877216e+01, -1.052631578947368e-01, -4.437235781522238e-01, -1.058375920369082e+01
s426        , -2.179879403652462e+01, -2.138952678576691e+01, -1.025641025641026e-02, -2.894837118658636e-01, -1.455314058808819e+01
s427        , -1.855895626610580e+01, -1.888038600834190e+01,  0.000000000000000e+00, -5.199387767752528e-01, -1.171028897621984e+01
s428        , -2.201089453299450e+01, -2.218900945975146e+01, -1.231527093596059e-01, -3.102506532472535e-01, -1.610989038810488e+01
s429        , -2.010895188317044e+01, -2.043470670121157e+01, -9.589041095890410e-02, -2.415331024336334e-01, -1.314887335289623e+01
s430        , -2.197039083997888e+01, -2.182171782098415e+01,  3.370786516853932e-02,  3.372204049272187e-03, -1.391200728915764e+01
s431        , -2.053790779896415e+01, -2.042108408077597e+01,  5.970149253731343e-02, -4.432125386682310e-01, -1.355213296015393e+01
s432        , -2.056150222449639e+01, -2.027016573078395e+01,  1.622641509433962e-01, -1.261156628299788e-01, -1.179804559382717e+01
s433        , -1.961788415450921e+01, -1.974959586361327e+01,  0.000000000000000e+00, -2.770924164769454e-01, -1.203132340774596e+01
s434        , -2.169585176655818e+01, -2.148122487074752e+01,  0.000000000000000e+00, -2.583296994166385e-01, -1.453927918573014e+01
s435        , -1.969212203292086e+01, -1.956741772202493e+01,  0.000000000000000e+00, -5.026323794405295e-01, -1.266570780777783e+01
s436        , -1.841763911968392e+01, -1.853757657521910e+01,  1.961722488038277e-01, -4.455558341057411e-01, -1.041243287607296e+01
s437        , -2.085473352476042e+01, -2.015045846540553e+01,  0.000000000000000e+00, -2.257226185524321e-01, -1.242296037557692e+01
s438        , -2.075193174001312e+01, -2.088440042512755e+01,  0.000000000000000e+00, -3.501052488872586e-01, -1.401763652702290e+01
s439        , -1.747889033992054e+01, -1.727379343121871e+01,  0.000000000000000e+00, -4.448355114494498e-01, -9.011737481801875e+00
s440        , -2.292628299240021e+01, -2.309371544061300e+01,  0.000000000000000e+00, -2.318250937011093e-01, -1.683839251064682e+01
s441        , -1.928590410708185e+01, -1.907911003551244e+01,  1.490384615384615e-01, -5.019668829644790e-01, -1.156411879690707e+01
s442        , -2.265396374356312e+01, -2.237646871998740e+01, -2.732240437158470e-02, -3.667322809430952e-01, -1.637829929791090e+01
s443        , -1.939450551490213e+01, -1.950385689382584e+01,  2.869565217391304e-01, -3.953357486552224e-01, -1.142656893571440e+01
s444        , -2.014197468633274e+01, -2.043820056211459e+01,  0.000000000000000e+00, -2.951396441647279e-01, -1.313113166206903e+01
s445        , -2.136890748153691e+01, -2.142065073906792e+01,  0.000000000000000e+00, -4.030012260318674e-01, -1.503016835384375e+01
s446        , -1.984877428373165e+01, -1.987710928136848e+01,  3.765690376569038e-02, -4.684799724780656e-01, -1.289691115780984e+01
s447        , -2.124129540469972e+01, -2.126386861126943e+01,  0.000000000000000e+00, -5.259360702815929e-02, -1.338841464493129e+01
s448        , -1.996883442559681e+01, -2.003926637353442e+01,  0.000000000000000e+00, -3.666638326666031e-01, -1.282334732675789e+01
s449        , -2.213132573342666e+01, -2.221080895797736e+01, -5.645161290322580e-02, -1.250526591750853e-01, -1.523254539540607e+01
s450        , -2.393776981346641e+01, -2.289652950068744e+01,  0.000000000000000e+00, -1.615053191089840e-01, -1.626169087661012e+01
s451        , -1.778758837631850e+01, -1.808057394769344e+01,  1.904761904761905e-01, -4.546364936913749e-01, -9.781292436035473e+00
s452        , -2.093231028730361e+01, -2.093550844948831e+01,  0.000000000000000e+00, -4.243260459048416e-01, -1.439208444841505e+01
s453        , -1.913112365245808e+01, -1.915771525575735e+01, -2.800000000000000e-02, -4.107128040671630e-01, -1.175477238463923e+01
s454        , -1.694745233262931e+01, -1.739927204004585e+01,  0.000000000000000e+00, -4.582460105113153e-01, -9.252813730498474e+00
s455        , -1.959305905778561e+01, -1.934064016149025e+01, -1.785714285714286e-02, -4.446279659985563e-01, -1.213872345854852e+01
s456        , -1.690137029519855e+01, -1.733485494155765e+01,  3.630363036303631e-02, -4.751005577796226e-01, -9.134198827040832e+00
s457        , -1.744399185749123e+01, -1.719185944617318e+01, -4.672897196261682e-02, -4.380206656041937e-01, -8.978266831864159e+00
s458        , -2.020627098912283e+01, -2.026889718131397e+01,  4.524886877828055e-03, -2.441880134710903e-01, -1.266259706007511e+01
s459        , -1.884232545378780e+01, -1.943997545389482e+01,  2.610441767068273e-01, -2.341099813176356e-01, -1.074790328632191e+01
s460        , -2.233016805188693e+01, -2.232375546068680e+01,  0.000000000000000e+00, -3.178818179230057e-01, -1.603547974325707e+01
s461        , -1.623645396367353e+01, -1.589528578336436e+01, -2.413793103448276e-01, -4.270130547326815e-01, -7.483538096757131e+00
s462        , -2.313545884021418e+01, -2.283528308756658e+01,  0.000000000000000e+00, -1.953392966471668e-01, -1.630625724675897e+01
s463        , -2.090493117250811e+01, -2.075024155142488e+01,  1.025641025641026e-01, -3.981986171212253e-01, -1.375579892957700e+01
s464        , -1.633431188033305e+01, -1.653483877012240e+01,  0.000000000000000e+00, -5.048409014653407e-01, -8.150411880611042e+00
s465        , -1.999082968954132e+01, -2.005285382924669e+01, -1.173469387755102e-01, -4.732967154782968e-01, -1.356370670155223e+01
s466        , -1.900684695054017e+01, -1.878623994322109e+01,  2.467532467532468e-01, -3.673145375804300e-01, -1.034332948478124e+01
s467        , -1.783078222536251e+01, -1.802805142977822e+01,  1.400778210116732e-01, -4.664183631238007e-01, -9.875536959031551e+00
s468        , -1.945030486126850e+01, -1.904795910406611e+01,  2.334801762114538e-01, -3.665279876770607e-01, -1.076360627824084e+01
s469        , -2.270314762369042e+01, -2.258673896858177e+01,  0.000000000000000e+00, -2.630866940398484e-01, -1.620765886727147e+01
s470        , -2.119907484802825e+01, -2.158832150033663e+01,  1.013215859030837e-01, -2.473916090501790e-01, -1.440327328906086e+01
s471        , -1.972012875359749e+01, -1.960437486687292e+01,  0.000000000000000e+00, -4.976631999454882e-01, -1.270087750009021e+01
s472        , -1.766462305551830e+01, -1.769613096296561e+01,  0.000000000000000e+00, -4.749488426006153e-01, -9.762792463915165e+00
s473        , -2.127822401317911e+01, -2.154889036746852e+01,  0.000000000000000e+00, -2.952686139157237e-01, -1.478863840829749e+01
s474        , -1.654177405306909e+01, -1.694167861876330e+01,  1.582733812949640e-01, -4.604571080765587e-01, -8.185650333591273e+00
s475        , -2.297159509003216e+01, -2.301674802045733e+01, -2.112676056338028e-01, -2.937679311041633e-01, -1.749753982739330e+01
s476        , -2.252587602064435e+01, -2.306795455592786e+01,  2.500000000000000e-01, -7.358551548727732e-02, -1.554282296474267e+01
s477        , -2.178946083596680e+01, -2.107673550839775e+01,  0.000000000000000e+00, -8.987952333957305e-02, -1.325904537642839e+01
s478        , -1.788602657411998e+01, -1.787713800606736e+01,  0.000000000000000e+00, -2.730213018111988e-01, -9.221530251007954e+00
s479        , -1.952938513246325e+01, -1.907731934231618e+01,  0.000000000000000e+00, -4.185897448305386e-01, -1.159688786679015e+01
s480        , -2.203955610850313e+01, -2.193519427718985e+01,  0.000000000000000e+00, -2.262892492769189e-01, -1.508780471260507e+01
s481        , -1.615402914764109e+01, -1.695344062166057e+01,  0.000000000000000e+00, -5.637040256756332e-01, -9.011403842722221e+00
s482        , -2.215324565636576e+01, -2.248202602205833e+01,  1.509433962264151e-01, -1.063923548055459e-01, -1.504671497367370e+01
s483        , -2.217560840271064e+01, -2.219643080230077e+01,  2.405063291139241e-01, -3.009821934504353e-01, -1.517985949300500e+01
s484        , -2.403070638423247e+01, -2.440485233901742e+01,  1.325966850828729e-01, -2.655339004244038e-01, -1.860028822862137e+01
s485        , -1.896886917982663e+01, -1.880759441317844e+01,  0.000000000000000e+00, -5.361537597601371e-01, -1.166684252513617e+01
s486        , -2.293847835350512e+01, -2.287510645008120e+01, -1.843317972350231e-02, -3.575006098173253e-01, -1.706301003886101e+01
s487        , -1.935879902533930e+01, -1.999915945197560e+01,  0.000000000000000e+00, -1.382295664071825e-01, -1.184571710980483e+01
s488        , -2.071941340396909e+01, -2.036019078219139e+01,  0.000000000000000e+00, -4.446964018862039e-01, -1.361563710247394e+01
s489        , -2.120929532988995e+01, -2.108176355352159e+01,  1.869158878504673e-02, -4.321207902527678e-01, -1.459513601104026e+01
s490        , -2.336106814107168e+01, -2.297830278829052e+01,  0.000000000000000e+00, -3.445000472600191e-01, -1.711891564399920e+01
s491        , -1.878377211600346e+01, -1.862537089327265e+01,  0.000000000000000e+00, -4.337956289652574e-01, -1.098373989095781e+01
s492        , -2.196689093989351e+01, -2.219855203971161e+01,  0.000000000000000e+00, -1.745155037383641e-01, -1.527268137562909e+01
s493        , -2.118321097196467e+01, -2.056722063725680e+01, -1.787234042553192e-01, -4.308159848580129e-02, -1.275511134118508e+01
s494        , -2.014379663919148e+01, -2.023168362102724e+01,  0.000000000000000e+00, -4.111838626708326e-01, -1.328927730476802e+01
s495        , -1.971897958689983e+01, -1.957130647590608e+01,  0.000000000000000e+00, -4.680688579572612e-01, -1.253264096415119e+01
s496        , -2.171934681583978e+01, -2.137985394912233e+01,  0.000000000000000e+00, -3.133296277136595e-01, -1.460902552717682e+01
s497        , -1.930074135275753e+01, -1.914725244041624e+01,  0.000000000000000e+00, -4.108179272103596e-01, -1.166999255558617e+01
s498        , -2.146882601091719e+01, -2.155176284816142e+01, -2.903225806451613e-01, -1.112177518758444e-01, -1.477503787822307e+01
s499        , -1.852368794388046e+01, -1.849839682958935e+01,  4.484304932735426e-02, -4.124311410026523e-01, -1.059701924729784e+01
s500        , -2.050589701281523e+01, -2.065642727975390e+01, -4.814814814814815e-02, -1.374583424408614e-01, -1.294283787791369e+01
s501        , -2.141899489528082e+01, -2.139944180980432e+01,  0.000000000000000e+00, -1.250044391684096e-01, -1.388160036812481e+01
s502        , -1.777920620854658e+01, -1.741230333141331e+01, -2.731481481481481e-01, -4.285797756730119e-01, -9.831964150049645e+00
s503        , -2.264989988763092e+01, -2.265773257295590e+01, -9.844559585492228e-02, -2.239488705919783e-01, -1.640100791388731e+01
s504        , -1.994570445298742e+01, -2.012875839850130e+01,  4.166666666666666e-02, -4.384924782289652e-01, -1.314188622742970e+01
s505        , -2.256898602446125e+01, -2.244646251413254e+01,  0.000000000000000e+00, -2.605978280478899e-01, -1.598838698955435e+01
s506        , -2.050664132584332e+01, -2.016144039892052e+01, -6.334841628959276e-02, -4.135137275433322e-01, -1.335129607635442e+01
s507        , -2.255451727781655e+01, -2.201015859024695e+01,  0.000000000000000e+00, -2.067710104268150e-02, -1.437353817342328e+01
s508        , -2.063695726234980e+01, -2.042161506352482e+01,  0.000000000000000e+00, -5.309256707330565e-01, -1.405372267309108e+01
s509        , -2.049565878814769e+01, -2.062075393596994e+01,  0.000000000000000e+00, -2.920012581935938e-01, -1.339086558221344e+01
s510        , -1.886667658587990e+01, -1.925737067993116e+01,  0.000000000000000e+00, -2.059809608968908e-01, -1.101128509432023e+01
s511        , -2.270091090950000e+01, -2.309597849803841e+01, -1.830985915492958e-01, -8.684125739822313e-02, -1.671434306508910e+01
s512        , -2.052865138648571e+01, -2.082882498212519e+01,  0.000000000000000e+00, -3.721192586038230e-01, -1.402317324476026e+01
s513        , -1.872228566034903e+01, -1.858466889075456e+01, -8.530805687203792e-02, -4.928630911215450e-01, -1.137236858856010e+01
s514        , -2.338235400416073e+01, -2.345609405467657e+01,  7.821229050279330e-02, -2.684631952864441e-01, -1.733181812540722e+01
s515        , -2.063189590001077e+01, -2.079160373538990e+01,  0.000000000000000e+00, -4.341764645070202e-01, -1.421697614742322e+01
s516        , -2.353360034901451e+01, -2.337963325510739e+01, -7.692307692307693e-02, -1.469052961189886e-01, -1.711494233500828e+01
s517        , -2.274108402549141e+01, -2.258361918752426e+01,  3.296703296703297e-02, -2.911663997249819e-01, -1.623388382473586e+01
s518        , -2.095244706423326e+01, -2.126409969891488e+01,  0.000000000000000e+00, -4.476397499486861e-01, -1.497596419153312e+01
s519        , -2.165153402286209e+01, -2.141648172916312e+01,  0.000000000000000e+00,  1.230931552702352e-02, -1.335532629065554e+01
s520        , -1.917430642162448e+01, -1.967758908809863e+01, -2.857142857142857e-01, -2.059268099262772e-01, -1.234810713904777e+01
s521        , -2.048146586988528e+01, -2.006935086915589e+01,  2.990654205607476e-01, -3.554411968350492e-01, -1.207982069849890e+01
s522        , -1.837039701152461e+01, -1.839948542068332e+01, -1.960784313725490e-02, -5.595175488014279e-01, -1.120060799128934e+01
s523        , -2.237538522976599e+01, -2.237995768670098e+01, -2.020202020202020e-02, -2.775028025115647e-01, -1.600730324552439e+01
s524        , -2.219430447580721e+01, -2.253521145648153e+01,  2.248803827751196e-01, -5.264811016888860e-02, -1.472635968156326e+01
s525        , -2.096151325596525e+01, -2.090607082111758e+01,  1.377777777777778e-01, -3.976424444792827e-01, -1.389851653042801e+01
s526        , -2.193172581512368e+01, -2.196145644122323e+01,  1.256830601092896e-01, -2.804462744473539e-01, -1.503219299442749e+01
s527        , -2.063376120076111e+01, -2.120405199851683e+01,  2.110552763819095e-01, -1.357366271533340e-01, -1.310865476893457e+01
s528        , -1.776721144005281e+01, -1.798781989523826e+01,  2.873134328358209e-01, -4.228414357797666e-01, -9.274485414613720e+00
s529        , -2.226349149791107e+01, -2.263656429481065e+01, -1.141304347826087e-01, -2.063012263906257e-01, -1.633750792619929e+01
s530        , -2.300566448791293e+01, -2.261182403041154e+01,  0.000000000000000e+00, -4.033786308226138e-01, -1.680874297765168e+01
s531        , -1.846679125419261e+01, -1.817304339796097e+01,  6.557377049180328e-02, -3.945901945782659e-01, -9.988432543039904e+00
s532        , -1.859817726729017e+01, -1.926151765659956e+01, -3.345724907063197e-02, -4.456612920650703e-01, -1.206360939849464e+01
s533        , -2.134099683522431e+01, -2.188970139941828e+01, -2.500000000000000e-01, -1.891450740114404e-01, -1.549206683912538e+01
s534        , -2.286936511308830e+01, -2.316539710298824e+01,  2.009132420091324e-01, -3.268587043953106e-01, -1.682779044147931e+01
s535        , -1.777040539985326e+01, -1.781740183529760e+01, -2.427983539094650e-01, -4.589947320530831e-01, -1.048307932927863e+01
s536        , -1.995222678224889e+01, -2.018035744017405e+01, -8.928571428571425e-03, -3.451133911778755e-01, -1.296944176761532e+01
s537        , -2.015268820600640e+01, -2.064702130427298e+01, -1.906779661016949e-01, -1.520635298741957e-01, -1.334173951590670e+01
s538        , -1.740140208992538e+01, -1.758020134028488e+01, -2.401746724890830e-01, -4.583039721935007e-01, -1.011991409349271e+01
s539        , -1.924950405987826e+01, -1.998964910349551e+01,  0.000000000000000e+00, -4.023753357901798e-01, -1.289280616390805e+01
s540        , -2.157643164881004e+01, -2.160221220185704e+01, -1.048387096774194e-01, -8.259427914834583e-03, -1.397562334255273e+01
s541        , -1.586673793577160e+01, -1.618983168579243e+01, -1.202749140893471e-01, -4.927250154013028e-01, -7.885972136343811e+00
s542        , -2.009907109345192e+01, -1.994935493172319e+01,  0.000000000000000e+00, -4.780356083339941e-01, -1.313667870864260e+01
s543        , -1.879069098033760e+01, -1.876974267069649e+01,  2.644628099173554e-01, -4.853033702906601e-01, -1.074875340651988e+01
s544        , -2.248614661420541e+01, -2.237414486843057e+01,  1.219512195121951e-01, -2.786036493799016e-02, -1.464230757764997e+01
s545        , -1.987972862262733e+01, -2.014429875264370e+01,  0.000000000000000e+00, -1.646074667984338e-01, -1.216822431207132e+01
s546        , -2.126472237694319e+01, -2.080860467186003e+01,  5.494505494505494e-02, -4.386275136123554e-01, -1.412365805124647e+01
s547        , -1.738356621674509e+01, -1.764073003301957e+01,  2.156862745098039e-01, -4.233596882077463e-01, -8.936786961537742e+00
s548        , -1.943625792183643e+01, -1.991129075926035e+01,  7.116104868913857e-02, -2.610474163207843e-01, -1.203121497085025e+01
s549        , -2.233202963006129e+01, -2.286646806259915e+01,  1.428571428571428e-01, -2.206819664334470e-01, -1.609953449834799e+01
s550        , -2.412763530103872e+01, -2.402817710035971e+01, -3.684210526315789e-02, -2.154071052277713e-01, -1.825808044115517e+01
s551        , -1.731823103856605e+01, -1.735428659261099e+01,  0.000000000000000e+00, -4.758160381514450e-01, -9.256294289485531e+00
s552        , -2.060923402045430e+01, -2.096828239976194e+01, -2.307692307692308e-01, -2.647232921338283e-01, -1.437330136692030e+01
s553        , -1.992869680942914e+01, -1.996078928848871e+01,  0.000000000000000e+00, -3.835497609824670e-01, -1.277411465139179e+01
s554        , -1.812921854031919e+01, -1.789341461805567e+01,  0.000000000000000e+00, -4.577335297373394e-01, -9.987943969882672e+00
s555        , -2.102602816640752e+01, -2.027360243749578e+01, -2.380952380952381e-02, -6.978764534514514e-02, -1.203934029223630e+01
s556        , -1.941820686683750e+01, -1.959121146223627e+01,  4.830917874396135e-02, -2.387327882899860e-01, -1.152084554345135e+01
s557        , -2.190718211184164e+01, -2.165442600611527e+01,  8.438818565400844e-02, -2.262956292635812e-01, -1.445922031587926e+01
s558        , -1.909304407213536e+01, -1.892130336221665e+01,  0.000000000000000e+00, -4.103300605552777e-01, -1.133094906855052e+01
s559        , -2.023025085829861e+01, -2.011678996307509e+01,  2.369668246445497e-02, -5.243444840338707e-01, -1.351362859232581e+01
s560        , -2.107002513254548e+01, -2.124381350543254e+01,  0.000000000000000e+00, -4.316374897502018e-01, -1.488140671308444e+01
s561        , -2.121559386756793e+01, -2.096347390157533e+01, -2.334801762114538e-01, -4.144664809596588e-02, -1.347579141210906e+01
s562        , -1.764234380631898e+01, -1.805677728739261e+01,  0.000000000000000e+00, -4.690141431542804e-01, -1.027698036650932e+01
s563        , -1.646928563220792e+01, -1.694858133641878e+01,  0.000000000000000e+00, -6.144921926551987e-01, -9.208209698338665e+00
s564        , -1.863449571719480e+01, -1.832094380082594e+01,  0.000000000000000e+00, -4.027899329589348e-01, -1.040500491620771e+01
s565        , -2.028655126138008e+01, -2.013236882313981e+01, -4.390243902439024e-02, -4.780820566242288e-01, -1.351901381800794e+01
s566        , -1.821002786093300e+01, -1.810108171153232e+01,  0.000000000000000e+00, -4.877850441444059e-01, -1.041849333558381e+01
s567        , -2.066943738863287e+01, -2.080697109704274e+01, -1.612903225806452e-01, -3.832417807242136e-01, -1.443614053756383e+01
s568        , -2.062629415098700e+01, -2.052011775939095e+01,  0.000000000000000e+00, -4.716099839261124e-01, -1.396235762571840e+01
s569        , -2.065075063553067e+01, -2.107714365511249e+01,  0.000000000000000e+00, -2.834058565821095e-01, -1.403719869343650e+01
s570        , -2.031634942577389e+01, -1.997640423552610e+01, -2.572815533980582e-01, -4.198385344294662e-01, -1.358267565004032e+01
s571        , -2.047206271335130e+01, -2.037451204447633e+01,  0.000000000000000e+00, -4.181272206064893e-01, -1.353025347817754e+01
s572        , -2.393038589894997e+01, -2.357264125865397e+01,  0.000000000000000e+00, -3.919654770743699e-01, -1.819628790655080e+01
s573        , -1.926109501090367e+01, -1.915560063321393e+01,  1.472868217054264e-01, -4.182575173017395e-01, -1.134626032495786e+01
s574        , -2.085894290369713e+01, -2.057932469194426e+01,  0.000000000000000e+00, -6.090369526902807e-01, -1.460283584852487e+01
s575        , -2.021973442813006e+01, -2.050028304084165e+01, -3.212669683257919e-01, -2.519662032012981e-01, -1.384878842590872e+01
s576        , -1.844714179521902e+01, -1.848235472656860e+01,  8.612440191387560e-02, -4.540521617497805e-01, -1.063770686864758e+01
s577        , -1.949977509463960e+01, -1.941317398849738e+01,  0.000000000000000e+00, -3.264249553843336e-01, -1.172763744601486e+01
s578        , -2.108198153892643e+01, -2.102878229212263e+01,  0.000000000000000e+00, -2.922915541479854e-01, -1.400075122813718e+01
s579        , -2.029210259566103e+01, -2.023362655435064e+01,  0.000000000000000e+00, -5.001463196609079e-01, -1.364960662870664e+01
s580        , -2.195204710511243e+01, -2.158735914087110e+01, -3.070866141732284e-01, -2.483724801495950e-01, -1.542086515654279e+01
s581        , -2.000078291173359e+01, -2.005630383758598e+01, -1.088082901554404e-01, -4.761052993849172e-01, -1.355891529930686e+01
s582        , -2.354247422413414e+01, -2.327877363829768e+01, -9.174311926605505e-02, -8.794869539360017e-02, -1.676443505437333e+01
s583        , -1.881717670098672e+01, -1.935667745638058e+01,  0.000000000000000e+00, -4.438341867051895e-01, -1.211507615321947e+01
s584        , -2.079214981383572e+01, -2.043874179033565e+01, -5.617977528089887e-02, -4.283896330474876e-01, -1.380694018106330e+01
s585        , -2.214462266832296e+01, -2.233997640382032e+01,  0.000000000000000e+00, -2.268133610485779e-01, -1.569378687183871e+01
s586        , -1.671124709479596e+01, -1.633155491320885e+01, -1.744680851063830e-01, -4.821723134132633e-01, -8.189699904916894e+00
s587        , -1.722924462132460e+01, -1.687433155103703e+01,  4.035874439461883e-02, -4.396886694547135e-01, -8.294808810626119e+00
s588        , -2.306180681354529e+01, -2.295435508376296e+01,  0.000000000000000e+00, -4.998357641429541e-02, -1.589988950023197e+01
s589        , -2.054966159202169e+01, -2.094715317032576e+01,  0.000000000000000e+00, -3.154100038654870e-01, -1.397185701129150e+01
s590        , -2.302597507766974e+01, -2.326840367534502e+01,  0.000000000000000e+00, -1.835506440803173e-01, -1.690504642892402e+01
s591        , -2.031576031139625e+01, -2.041944517951751e+01, -6.437768240343347e-02, -4.312038575283303e-01, -1.380983499540259e+01
s592        , -1.675983730084032e+01, -1.636294911536028e+01,  1.054687500000000e-01, -4.140824864744721e-01, -7.267191378683965e+00
s593        , -1.833051427645905e+01, -1.904218520203933e+01,  0.000000000000000e+00, -1.293301341387995e-01, -1.038229403695141e+01
s594        , -1.700453572465554e+01, -1.688581498008631e+01, -1.184210526315789e-01, -4.862330701311671e-01, -8.893587701264718e+00
s595        , -2.121342929627275e+01, -2.087873859024691e+01, -2.617801047120419e-02, -1.865492397594100e-01, -1.341712403598954e+01
s596        , -1.895402289388661e+01, -1.883311443477723e+01,  0.000000000000000e+00, -2.661866707652306e-01, -1.062024886114112e+01
s597        , -2.389559541191659e+01, -2.398550044543165e+01, -1.442307692307692e-01, -7.617065753613894e-02, -1.790190431879279e+01
s598        , -1.923753651242740e+01, -1.954900746883762e+01,  0.000000000000000e+00, -2.406177441674107e-01, -1.158552766159092e+01
s599        , -2.358158831573873e+01, -2.325468604511285e+01,  0.000000000000000e+00, -2.825049392109920e-01, -1.728215737066626e+01
s600        , -1.942143232536245e+01, -1.977889063665702e+01,  0.000000000000000e+00, -1.906015320644158e-01, -1.172752643624997e+01
s601        , -2.073803555561576e+01, -2.053362253893902e+01,  6.000000000000000e-02, -3.956790678523175e-01, -1.352830355043506e+01
s602        , -1.821856306700227e+01, -1.817676832111261e+01,  2.248803827751196e-01, -3.853345509445635e-01, -9.560850604216283e+00
s603        , -1.722454836479658e+01, -1.709635377242104e+01, -1.712062256809339e-01, -4.767968713800083e-01, -9.300964657544052e+00
s604        , -1.805154515236764e+01, -1.797922582524325e+01,  0.000000000000000e+00, -3.250192576606553e-01, -9.582746375257001e+00
s605        , -2.021935755598555e+01, -2.011132493702821e+01,  3.221757322175732e-01, -4.020189209114968e-01, -1.227213854591835e+01
s606        , -1.827906736534894e+01, -1.813266043699725e+01, -2.391304347826087e-01, -5.425266021116696e-01, -1.127989496395705e+01
s607        , -2.237721630921111e+01, -2.237249229073525e+01, -1.964285714285714e-01, -9.648015918665220e-02, -1.570686443778758e+01
s608        , -2.098562136420296e+01, -2.138601422133604e+01,  0.000000000000000e+00, -2.520777492136185e-01, -1.437211976298377e+01
s609        , -1.946776205882490e+01, -1.936624694351950e+01,  0.000000000000000e+00, -5.039162591197144e-01, -1.237074843117004e+01
s610        , -2.069261977150295e+01, -2.055339064527643e+01, -3.020134228187920e-02, -1.247467705119795e-01, -1.269344367674966e+01
s611        , -2.170289912291919e+01, -2.150936064094885e+01,  0.000000000000000e+00, -4.741776000074149e-02, -1.373385788692785e+01
s612        , -1.930046031145336e+01, -1.923467471027560e+01,  1.589743589743590e-01, -4.530131353324029e-01, -1.157481848261924e+01
s613        , -2.385958137896088e+01, -2.392744905169946e+01,  0.000000000000000e+00, -2.033468062508634e-01, -1.796778326673640e+01
s614        , -1.933674081040147e+01, -1.929939142191478e+01,  7.281553398058252e-02, -5.023937589036334e-01, -1.208391172098180e+01
s615        , -1.973716697922491e+01, -1.961543292172064e+01, -9.375000000000000e-02, -3.949862956250486e-01, -1.253785515352162e+01
s616        , -1.815004309366292e+01, -1.783708991801019e+01,  0.000000000000000e+00, -4.421883845672143e-01, -9.841458834428702e+00
s617        , -1.832352306169715e+01, -1.853967750138922e+01,  3.250000000000000e-01, -3.765630821649519e-01, -9.818172487382153e+00
s618        , -1.700993990522181e+01, -1.703768743131546e+01,  0.000000000000000e+00, -4.845286185114396e-01, -8.818979273122778e+00
s619        , -2.331208521979489e+01, -2.340163816470254e+01,  1.900000000000000e-01, -9.128956308187797e-02, -1.626088970626288e+01
s620        , -2.294394567846179e+01, -2.317625851326206e+01, -1.157894736842105e-01, -2.237926901074394e-01, -1.721705383844970e+01
s621        , -2.117716243218820e+01, -2.120917903610702e+01, -1.138613861386139e-01, -4.485076068918628e-01, -1.518051650459374e+01
s622        , -2.002792552777272e+01, -1.959239053187223e+01,  0.000000000000000e+00, -1.539756137374972e-01, -1.130214070967770e+01
s623        , -1.988853831837967e+01, -1.952727773081479e+01,  0.000000000000000e+00, -4.914988781173688e-01, -1.256109289062702e+01
s624        , -2.364575476956619e+01, -2.320817189039174e+01,  0.000000000000000e+00, -2.118555335483158e-01, -1.692891186982263e+01
s625        , -2.144171537166414e+01, -2.148239451520641e+01,  1.061946902654867e-01, -5.112280398115521e-02, -1.344457054259168e+01
s626        , -2.037069722396305e+01, -2.030857833713292e+01,  0.000000000000000e+00, -4.239057993047143e-01, -1.345510692521480e+01
s627        , -1.998545144661707e+01, -1.994478624312885e+01, -1.801801801801802e-02, -4.777188924549605e-01, -1.317337365172366e+01
s628        , -2.158119065398551e+01, -2.154345686468483e+01,  0.000000000000000e+00, -2.155625075008141e-01, -1.446029155312672e+01
s629        , -1.843917864187274e+01, -1.796175587409042e+01,  0.000000000000000e+00, -4.164699926338374e-01, -9.924111813050853e+00
s630        , -1.962256463480217e+01, -1.983124799904288e+01, -1.481481481481481e-01, -4.136137662980876e-01, -1.306986595377221e+01
s631        , -2.101091990223662e+01, -2.059837493011543e+01, -4.090909090909091e-02, -2.705753095981066e-01, -1.337307314498649e+01
s632        , -2.022844039713042e+01, -1.986281269209937e+01,  3.804347826086957e-02, -4.121105812563779e-01, -1.264814260895687e+01
s633        , -2.473876586737651e+01, -2.496757570529503e+01,  1.016042780748663e-01, -1.823811853532470e-01, -1.918273230164107e+01
s634        , -2.051539403555230e+01, -2.052117024449621e+01,  0.000000000000000e+00, -4.472352253786530e-01, -1.386599559187741e+01
s635        , -2.382235458298951e+01, -2.428319445133695e+01,  1.525423728813559e-01, -1.804368172103403e-01, -1.802731726527740e+01
s636        , -1.910586081968059e+01, -1.949629784911176e+01,  9.259259259259259e-02, -2.658077701411885e-01, -1.137796409345274e+01
s637        , -1.917066616024459e+01, -1.887075587187276e+01, -1.923076923076923e-02, -5.004598538422257e-01, -1.166545787568207e+01
s638        , -2.192001400012589e+01, -2.182138338295811e+01,  0.000000000000000e+00, -1.611234374521311e-01, -1.465619403039689e+01
s639        , -2.010078758798683e+01, -1.979835107378470e+01,  0.000000000000000e+00, -3.766416177867509e-01, -1.250402498990417e+01
s640        , -1.983289623130970e+01, -1.968069628295360e+01,  0.000000000000000e+00, -3.919956266137983e-01, -1.239018994174633e+01
s641        , -2.307886864739055e+01, -2.301609132612990e+01,  5.188679245283019e-02, -2.185819815771888e-01, -1.654041766244934e+01
s642        , -2.260273435105626e+01, -2.291818981636135e+01,  4.347826086956522e-02, -1.533048333725954e-01, -1.615299331687778e+01
s643        , -2.012782689900612e+01, -1.996048787325943e+01,  9.333333333333334e-02, -4.902474607078883e-01, -1.297037459536569e+01
s644        , -1.902512926743999e+01, -1.891897829940768e+01,  3.097345132743363e-01, -3.505035451093336e-01, -1.031727510659286e+01
s645        , -2.049081123370357e+01, -2.025064438581472e+01, -3.571428571428571e-02, -4.152396851005202e-01, -1.342262620235659e+01
s646        , -2.159630341817387e+01, -2.189796385371424e+01, -1.712707182320442e-01, -2.564212874636926e-01, -1.557901429126622e+01
s647        , -2.046804100673445e+01, -2.022652075956772e+01,  0.000000000000000e+00, -4.816550830613928e-01, -1.356471226280583e+01
s648        , -2.112203592795417e+01, -2.067351140284854e+01, -2.788844621513944e-01, -2.917882851409569e-01, -1.416187560250365e+01
s649        , -2.130712394597167e+01, -2.163962630590504e+01, -1.311475409836066e-01, -3.056982248732185e-01, -1.529187047498584e+01
s650        , -1.872664219670308e+01, -1.894853044400941e+01,  3.114754098360656e-01, -4.095137324018158e-01, -1.059412508369208e+01
s651        , -2.286060777226206e+01, -2.286097592930663e+01, -1.100478468899522e-01, -4.010714410632425e-01, -1.744469253168463e+01
s652        , -2.513277458672901e+01, -2.511614757514837e+01,  2.645502645502645e-02, -2.135367433310071e-01, -1.971633720329929e+01
s653        , -2.212366926194319e+01, -2.187788564964332e+01, -7.258064516129033e-02, -7.993285562553065e-02, -1.459467917894757e+01
s654        , -2.219498706816524e+01, -2.229562949248735e+01,  8.560311284046693e-02, -2.060888240416924e-01, -1.533159721968855e+01
s655        , -2.136195741190379e+01, -2.153314325752066e+01,  0.000000000000000e+00, -1.310467196364968e-01, -1.410534009097165e+01
s656        , -2.204727614381470e+01, -2.154076708503512e+01, -9.216589861751152e-03, -3.024024561882661e-01, -1.482808935260519e+01
s657        , -2.036339525797458e+01, -2.009512830654285e+01,  0.000000000000000e+00, -4.387101570356974e-01, -1.319615086002094e+01
s658        , -1.602366185676991e+01, -1.579518694938103e+01,  2.074688796680498e-02, -4.680509092082890e-01, -6.847578788260833e+00
s659        , -1.871169938684588e+01, -1.894341913723840e+01,  0.000000000000000e+00, -4.490103925237416e-01, -1.151935130917337e+01
s660        , -2.183022460938435e+01, -2.143946890091526e+01,  1.299435028248588e-01, -4.226852475508269e-01, -1.481435743273687e+01
s661        , -2.183692812512830e+01, -2.218500040373594e+01, -1.694915254237288e-02, -2.448616398163917e-01, -1.557722555872621e+01
s662        , -1.575332316936146e+01, -1.546926170501236e+01,  0.000000000000000e+00, -4.586800833086712e-01, -6.375261409826017e+00
s663        , -2.161244100467384e+01, -2.177779433412304e+01,  0.000000000000000e+00, -2.696810137157843e-01, -1.502732491627051e+01
s664        , -1.792030659393350e+01, -1.759297282487037e+01,  0.000000000000000e+00, -4.820150273320811e-01, -9.637285748933337e+00
s665        , -2.036353189911458e+01, -2.044321810786836e+01,  0.000000000000000e+00, -2.020565209098653e-01, -1.276463047441012e+01
s666        , -1.896012969757172e+01, -1.852073052281627e+01,  0.000000000000000e+00, -4.099670075405941e-01, -1.073189365431527e+01
s667        , -1.834472710605888e+01, -1.851383659875793e+01, -1.313131313131313e-01, -3.151235185906218e-01, -1.066692448338292e+01
s668        , -2.315183675604283e+01, -2.312837907130378e+01,  1.287128712871287e-01, -1.014387688075377e-01, -1.604633120361705e+01
s669        , -2.168824836514504e+01, -2.138737256986174e+01,  1.477272727272727e-01, -3.956818310620684e-01, -1.458394266548585e+01
s670        , -1.765957516951316e+01, -1.768109216243879e+01,  0.000000000000000e+00, -4.671208971588088e-01, -9.708905858832001e+00
s671        , -1.925271531654228e+01, -1.933503127883061e+01, -3.087557603686636e-01, -3.001386323276171e-01, -1.227285083106272e+01
s672        , -2.010246672918431e+01, -2.017427421013746e+01,  0.000000000000000e+00, -5.219901514662573e-02, -1.176131198244595e+01
s673        , -2.045224673553428e+01, -2.033282923686191e+01,  0.000000000000000e+00, -4.896292948265371e-01, -1.375534769187324e+01
s674        , -1.961862741224291e+01, -1.952767011308307e+01,  0.000000000000000e+00, -4.011473380913217e-01, -1.219866650279845e+01
s675        , -1.819835804307071e+01, -1.809113286654316e+01, -7.727272727272727e-02, -4.415073571992621e-01, -1.040977707216655e+01
s676        , -2.030955144796039e+01, -2.019719692902958e+01,  3.301886792452830e-02, -4.973727180277701e-01, -1.350204776860762e+01
s677        , -1.708028116046972e+01, -1.741165769131962e+01,  2.000000000000000e-01, -4.503435180990617e-01, -8.742446770184594e+00
s678        , -1.996975063415185e+01, -1.955629325501965e+01, -1.583710407239819e-01, -4.116561996971848e-01, -1.267721688355209e+01
s679        , -2.075675552323975e+01, -2.063870505192776e+01, -1.895734597156399e-02, -4.094213652790820e-01, -1.393653104072779e+01
s680        , -1.844365265503332e+01, -1.857918666664438e+01,  0.000000000000000e+00, -4.312891132034532e-01, -1.090476909796667e+01
s681        , -1.908965101407623e+01, -1.916498053358514e+01,  0.000000000000000e+00, -2.396520797622200e-01, -1.100873518932374e+01
s682        , -2.132701003782740e+01, -2.159105107029583e+01,  0.000000000000000e+00, -3.865149426206628e-01, -1.521814290127651e+01
s683        , -2.134055790648813e+01, -2.112972339846471e+01,  1.984435797665370e-01,  2.089076510847332e-02, -1.239982031059584e+01
s684        , -2.228765611405496e+01, -2.214289430616975e+01,  0.000000000000000e+00, -2.543609420767654e-01, -1.551044874417447e+01
s685        , -2.220524684044785e+01, -2.250868574359927e+01,  0.000000000000000e+00, -2.139769630546315e-01, -1.589390310705443e+01
s686        , -2.092862014660340e+01, -2.088278844123670e+01,  1.886792452830189e-02, -4.754498553299885e-01, -1.447194188532502e+01
s687        , -2.266843571203506e+01, -2.275703253402577e+01,  1.176470588235294e-01, -9.668607740137458e-02, -1.550074439921700e+01
s688        , -1.791243182954496e+01, -1.818964792155514e+01, -1.333333333333333e-01, -2.297349043023822e-01, -9.845231142199863e+00
s689        , -2.022924986754604e+01, -2.011092328395959e+01, -1.587301587301587e-01, -4.330293047241627e-01, -1.359140949431654e+01
s690        , -1.926971843911773e+01, -1.909697394834307e+01,  2.972972972972973e-01, -4.790389919094245e-01, -1.113015715760579e+01
s691        , -1.839442212707931e+01, -1.852476192432797e+01,  0.000000000000000e+00, -2.572825222941058e-01, -1.012445667931771e+01
s692        , -1.811967055159425e+01, -1.791317597686981e+01, -1.683168316831683e-01, -4.453107857184496e-01, -1.038585989268802e+01
s693        , -1.897178714286070e+01, -1.897858994554522e+01,  5.140186915887850e-02, -5.048596379009456e-01, -1.166845268335746e+01
s694        , -2.117746495604092e+01, -2.074931567866298e+01, -1.000000000000000e-02, -1.561478705462365e-01, -1.306168806605512e+01
s695        , -2.262578130233349e+01, -2.243360001728007e+01,  0.000000000000000e+00, -3.959889389136509e-01, -1.651316843537225e+01
s696        , -2.110358706695218e+01, -2.115679579547686e+01,  2.095238095238095e-01, -1.009597211338801e-01, -1.290223613155605e+01
s697        , -2.080079623838923e+01, -2.056968360294596e+01,  0.000000000000000e+00, -4.502285636852182e-01, -1.395039705406658e+01
s698        , -2.284382050270110e+01, -2.277187965574338e+01, -8.372093023255814e-02, -3.484469725147730e-01, -1.703490594801925e+01
s699        , -1.710021253686445e+01, -1.730771845737768e+01,  0.000000000000000e+00, -4.806059907299403e-01, -9.206066296696495e+00
s700        , -1.768315556313765e+01, -1.741625267795156e+01,  0.000000000000000e+00, -4.997483183912962e-01, -9.444893141108233e+00
s701        , -1.903295584190279e+01, -1.939166616918052e+01,  1.030927835051546e-01, -2.167868974036513e-01, -1.099881621610935e+01
s702        , -1.837939645173277e+01, -1.822948646292376e+01, -1.521739130434783e-01, -4.611415288010022e-01, -1.088123093902613e+01
s703        , -2.091048572489854e+01, -2.062913221090280e+01,  2.979591836734694e-01, -1.738205981634609e-01, -1.218797312095740e+01
s704        , -2.101614044515869e+01, -2.093773936273220e+01, -4.739336492890995e-02, -4.261380107098854e-01, -1.452048753175936e+01
s705        , -1.998067347119072e+01, -1.987610868132986e+01,  1.878172588832487e-01, -4.058176401403690e-01, -1.227043635056729e+01
s706        , -2.205053681559340e+01, -2.205966035298969e+01,  0.000000000000000e+00, -1.556175615518844e-01, -1.498954746643374e+01
s707        , -2.095566328486310e+01, -2.087763120410665e+01,  1.345291479820628e-02, -4.606893825418565e-01, -1.441840268753448e+01
s708        , -2.098548818691052e+01, -2.074378393100947e+01,  0.000000000000000e+00, -5.742271092828672e-01, -1.470832728407624e+01
s709        , -2.115794840593145e+01, -2.172160181625947e+01,  0.000000000000000e+00, -3.431680832153869e-01, -1.523874799625824e+01
s710        , -2.144561556804213e+01, -2.197653569793428e+01,  2.146596858638743e-01, -1.605520226093057e-01, -1.435183265437391e+01
s711        , -2.158487030708884e+01, -2.176864499640848e+01, -4.285714285714286e-02, -8.793913217876248e-02, -1.438999840739517e+01
s712        , -1.701606937532507e+01, -1.709420208829248e+01,  0.000000000000000e+00, -4.856893204123294e-01, -8.907954402908263e+00
s713        , -2.069677260469373e+01, -2.059794307686123e+01,  0.000000000000000e+00, -4.507134500098201e-01, -1.399450426465427e+01
s714        , -1.667903695847065e+01, -1.626433817307067e+01,  0.000000000000000e+00, -4.505423346162861e-01, -7.528704918202372e+00
s715        , -1.903979308955687e+01, -1.904044480814113e+01, -7.456140350877193e-02, -4.657440348281677e-01, -1.191665170719377e+01
s716        , -1.775292931769286e+01, -1.744671888149249e+01, -3.827751196172249e-02, -4.530042032163331e-01, -9.397674815340912e+00
s717        , -1.980553907801730e+01, -2.061821542197231e+01,  4.411764705882353e-02, -2.882936922006147e-01, -1.326252921331174e+01
s718        , -2.205506805307129e+01, -2.205190295841131e+01, -5.905511811023622e-02, -3.801347288628424e-01, -1.602681281140892e+01
s719        , -2.211926724507942e+01, -2.228438865641191e+01, -1.009174311926606e-01, -1.395526068237157e-01, -1.551109162204200e+01
s720        , -2.227273745316376e+01, -2.243491340189346e+01, -2.924528301886792e-01, -7.659537241188619e-02, -1.595876068715209e+01
s721        , -1.785735939085095e+01, -1.796878517450559e+01,  5.434782608695652e-02, -4.647472117514221e-01, -9.993485372186715e+00
s722        , -2.185625504194673e+01, -2.188126162561136e+01,  8.810572687224670e-03, -7.159146982064979e-02, -1.436390637696537e+01
s723        , -2.033801839240394e+01, -2.003250929979722e+01,  2.970297029702970e-02, -5.521127527969288e-01, -1.348453211250765e+01
s724        , -2.101306363073858e+01, -2.108569766013466e+01,  0.000000000000000e+00, -2.002090231589117e-01, -1.371569423670075e+01
s725        , -1.977835943733275e+01, -2.049126329040496e+01,  1.901140684410646e-01, -1.447464168997852e-01, -1.213352512064770e+01
s726        , -1.782642809085736e+01, -1.802375950794835e+01,  2.697095435684647e-01, -4.100729490573145e-01, -9.320555221117573e+00
s727        , -2.098840179836340e+01, -2.063096372502394e+01,  0.000000000000000e+00, -5.610969079132976e-01, -1.448726171375800e+01
s728        , -2.135488943619893e+01, -2.094300854064908e+01,  0.000000000000000e+00, -2.972649433998936e-01, -1.389277113183165e+01
s729        , -1.830313789299144e+01, -1.883124807264332e+01,  3.658536585365854e-02, -3.004535739554414e-01, -1.066420921819436e+01
s730        , -1.974102380594271e+01, -1.979533009024503e+01,  1.033057851239669e-01, -4.132090754917639e-01, -1.238967426569475e+01
s731        , -1.858542568590836e+01, -1.851914568103921e+01,  2.844036697247707e-01, -3.757731675888726e-01, -9.885269278144111e+00
s732        , -1.728575125425960e+01, -1.803959176540067e+01,  0.000000000000000e+00, -4.662201391858486e-01, -1.024011638572317e+01
s733        , -2.189672381410002e+01, -2.225809881383032e+01, -1.449275362318841e-02, -1.511077377296606e-01, -1.530349083237525e+01
s734        , -1.907291800543370e+01, -1.930055769806057e+01,  0.000000000000000e+00, -3.110479928857576e-01, -1.149784911729256e+01
s735        , -2.104653345651221e+01, -2.055776234491934e+01,  1.067415730337079e-01, -4.051782367178023e-01, -1.348630731733141e+01
s736        , -1.839280423093862e+01, -1.866886638584161e+01, -1.544401544401544e-02, -2.141541843596568e-01, -1.020454557641642e+01
s737        , -2.165426899727042e+01, -2.188851220098278e+01,  2.537313432835821e-01, -1.542551996427572e-01, -1.409810367189867e+01
s738        , -1.806822955624155e+01, -1.828251492547398e+01,  0.000000000000000e+00, -3.593107599924459e-01, -1.017298524638956e+01
s739        , -1.955458939471557e+01, -2.024827465884682e+01,  1.333333333333333e-01, -2.157271328969816e-01, -1.219733231641766e+01
s740        , -1.834079412742093e+01, -1.847800962524173e+01,  6.296296296296296e-02, -4.039835529636512e-01, -1.048762749915513e+01
s741        , -2.108323768665554e+01, -2.088153663852898e+01,  0.000000000000000e+00, -4.359155009353031e-01, -1.435813008343689e+01
s742        , -1.784982580383593e+01, -1.758039970918768e+01, -1.851851851851852e-01, -4.877868061584065e-01, -1.010199053140680e+01
s743        , -2.007117762213282e+01, -1.996831864452064e+01,  0.000000000000000e+00, -4.295924421618410e-01, -1.297033629474241e+01
s744        , -2.048858578542649e+01, -2.055232790358252e+01, -1.250000000000000e-01, -3.827460929034650e-01, -1.396405961940041e+01
s745        , -2.120349313282904e+01, -2.126210078001126e+01,  6.593406593406594e-02, -2.538488516017816e-01, -1.403049751530403e+01
s746        , -1.892251493836264e+01, -1.879411564337610e+01,  1.477832512315271e-01, -4.586263451713556e-01, -1.096793582419494e+01
s747        , -2.116880416688591e+01, -2.114422016331128e+01,  1.891891891891892e-01, -3.349645848087091e-01, -1.387419408439371e+01
s748        , -2.167842994358758e+01, -2.141595601447456e+01,  6.349206349206349e-02, -4.177578711915475e-01, -1.492464564992214e+01
s749        , -2.059667445248301e+01, -2.095251973351317e+01,  2.051282051282051e-01, -2.440920769522399e-01, -1.318348391118490e+01
s750        , -2.032384862658092e+01, -2.031958499702889e+01,  4.382470119521913e-02, -5.626470650554712e-01, -1.392003284029990e+01
s751        , -2.236553637276776e+01, -2.164679868550986e+01,  3.283582089552239e-02, -1.739139083864568e-01, -1.436551561291858e+01
s752        , -1.716732359631470e+01, -1.725355249087114e+01, -5.298013245033113e-02, -4.631824855107557e-01, -9.186935431538139e+00
s753        , -2.206691124025960e+01, -2.194128522502981e+01,  0.000000000000000e+00, -2.857832576421483e-01, -1.533592480646913e+01
s754        , -1.859855862913608e+01, -1.880099602793238e+01,  0.000000000000000e+00, -4.548127360686807e-01, -1.133018911113842e+01
s755        , -2.251644582892857e+01, -2.219230436314337e+01,  4.672897196261682e-03, -9.953607785219754e-02, -1.495049625968678e+01
s756        , -2.026279534630465e+01, -2.054000402102852e+01,  2.766798418972332e-02, -4.125421890705370e-01, -1.368593623337359e+01
s757        , -1.901185247831666e+01, -1.953549532544913e+01,  8.745247148288973e-02, -4.181850146591737e-01, -1.206143350109264e+01
s758        , -1.866312886885699e+01, -1.874495873421394e+01, -1.306122448979592e-01, -4.550792233599539e-01, -1.157229317724769e+01
s759        , -2.105033567951521e+01, -2.085129941034361e+01, -1.415094339622642e-02, -6.143613569579484e-01, -1.506514679045826e+01
s760        , -1.976737462921502e+01, -1.980516775516869e+01,  7.894736842105263e-02, -3.633504399804368e-01, -1.226457221021608e+01
s761        , -2.282845273202710e+01, -2.252399834983314e+01, -1.363636363636364e-02, -3.124583771817089e-01, -1.634631581975552e+01
s762        , -1.737428124739802e+01, -1.685057455674423e+01,  0.000000000000000e+00, -4.234677764151109e-01, -8.294505463156970e+00
s763        , -2.048674857080450e+01, -2.068318211526555e+01,  0.000000000000000e+00, -3.741648039515143e-01, -1.381411368053312e+01
s764        , -1.996103637141938e+01, -1.988671872373788e+01,  0.000000000000000e+00, -6.206085089495172e-02, -1.137194337365564e+01
s765        , -1.985538741097363e+01, -1.991697096702250e+01, -1.000000000000000e-01, -4.232507270184052e-01, -1.311680050767788e+01
s766        , -1.902823974868692e+01, -1.888278007414761e+01, -1.957446808510638e-01, -3.869225952710317e-01, -1.166594975400900e+01
s767        , -2.019726225103009e+01, -2.016778560659729e+01,  2.325581395348837e-01, -4.514619186742550e-01, -1.277776223467077e+01
s768        , -2.180287541987858e+01, -2.119224971852012e+01,  0.000000000000000e+00, -2.278550484265270e-01, -1.398572988839690e+01
s769        , -2.332774774981945e+01, -2.331219829007067e+01, -1.228070175438596e-01, -3.558943739961529e-01, -1.796805249578163e+01
s770        , -2.255011500408412e+01, -2.252016944433996e+01,  0.000000000000000e+00, -4.441937203041837e-01, -1.683599325766223e+01
s771        , -1.837836194936116e+01, -1.834524374541999e+01,  2.242990654205607e-01, -4.130042519511368e-01, -9.924806934271805e+00
s772        , -2.036442085092615e+01, -2.032004720835942e+01,  0.000000000000000e+00, -4.908811060417111e-01, -1.374130824408255e+01
s773        , -2.207703951964118e+01, -2.215952854981980e+01, -8.910891089108912e-02, -1.188149426110363e-01, -1.521214948783502e+01
s774        , -2.410464814655394e+01, -2.377608679590438e+01,  0.000000000000000e+00, -2.206143468997808e-01, -1.781134968719560e+01
s775        , -2.145476048405246e+01, -2.140039811391571e+01,  2.735426008968610e-01, -1.870914572434387e-01, -1.345259628877059e+01
s776        , -1.783304251394927e+01, -1.742154785482387e+01, -2.139534883720930e-01, -4.636421924925392e-01, -9.839501793196785e+00
s777        , -1.926023008452307e+01, -1.927834724261926e+01,  0.000000000000000e+00, -5.721390650837447e-01, -1.251371837565671e+01
s778        , -1.976550707196644e+01, -1.956633368611656e+01,  0.000000000000000e+00, -4.874362756215341e-01, -1.260303612308911e+01
s779        , -2.301809423461469e+01, -2.284795622384910e+01,  0.000000000000000e+00, -1.109362075580608e-01, -1.598605147959848e+01
s780        , -1.989864127452180e+01, -2.006926940170513e+01, -6.349206349206349e-02, -4.224653336761706e-01, -1.325011280843093e+01
s781        , -1.803783397921168e+01, -1.799743199376370e+01,  2.083333333333333e-01, -4.219600592609686e-01, -9.481586837585452e+00
s782        , -2.003060740563550e+01, -1.984466866601846e+01, -1.911764705882353e-01, -3.863102577272619e-01, -1.308713405163328e+01
s783        , -2.170310297580588e+01, -2.135907570405055e+01,  1.290322580645161e-01, -5.425368771625494e-02, -1.321641377417831e+01
s784        , -1.828106793020000e+01, -1.826263307387844e+01, -3.209876543209876e-01, -4.741164422622948e-01, -1.140239273942700e+01
s785        , -1.904288077315707e+01, -1.912907773922704e+01,  1.287128712871287e-01, -4.990282465054698e-01, -1.167737527878072e+01
s786        , -2.022975758111321e+01, -1.999704834129851e+01,  4.830917874396136e-02, -4.200402658231394e-01, -1.285474734121727e+01
s787        , -1.858814151939532e+01, -1.969716570348796e+01,  0.000000000000000e+00, -4.480803086771732e-01, -1.264009532492216e+01
s788        , -1.926046054059691e+01, -1.931488548459421e+01, -7.960199004975124e-02, -4.979044326237256e-01, -1.246781884313613e+01
s789        , -2.212378523930028e+01, -2.234434523094871e+01,  5.714285714285714e-02, -2.220563636127567e-01, -1.553916510293933e+01
s790        , -2.174169856486492e+01, -2.159058769330439e+01, -4.278074866310160e-02, -2.636577087676874e-01, -1.483016972323174e+01
s791        , -1.907773631846257e+01, -1.916934402927101e+01,  3.097345132743363e-02, -4.829243784679518e-01, -1.191567358619015e+01
s792        , -2.217884458062024e+01, -2.212918602538846e+01,  1.028806584362140e-01, -7.424160374631905e-02, -1.451061290919976e+01
s793        , -2.046845693654859e+01, -2.030113900806420e+01,  3.421052631578947e-01, -2.337110136582807e-01, -1.182955685481092e+01
s794        , -1.973890233992908e+01, -1.958315929068418e+01,  1.906976744186047e-01, -2.766349042113506e-01, -1.130721242923714e+01
s795        , -2.098054198937622e+01, -2.085819656380117e+01, -1.500000000000000e-02, -4.412195792974614e-01, -1.438190269936700e+01
s796        , -1.872193723420701e+01, -1.865204054637353e+01, -9.523809523809523e-03, -4.837563317377747e-01, -1.124792895227728e+01
s797        , -1.738396768625594e+01, -1.771660386188920e+01,  0.000000000000000e+00, -6.107293801015758e-01, -1.033887012658188e+01
s798        , -1.812351947027918e+01, -1.835329881973915e+01, -5.860805860805861e-02, -4.222769747562119e-01, -1.067723700816704e+01
s799        , -2.115781411801412e+01, -2.046293348967953e+01,  3.094170403587444e-01, -4.802179681262753e-02, -1.140611976283939e+01
s800        , -2.197753832223543e+01, -2.220888027260924e+01,  1.379310344827586e-01, -2.756477169927272e-01, -1.535159208559080e+01
s801        , -2.000340332694237e+01, -2.032415135396472e+01, -1.935483870967742e-01, -3.034754341261802e-01, -1.347553689157768e+01
s802        , -2.346278750692302e+01, -2.316274059697903e+01,  0.000000000000000e+00, -2.384839877750207e-01, -1.696812197153137e+01
s803        , -2.201425716118592e+01, -2.195740041891002e+01,  0.000000000000000e+00, -2.433027571329796e-01, -1.518928943734090e+01
s804        , -1.618324989548500e+01, -1.625026767440376e+01,  0.000000000000000e+00, -4.670260325901532e-01, -7.573941486767106e+00
s805        , -2.141738653455062e+01, -2.159705537441193e+01,  3.392070484581498e-01, -5.474404026756274e-02, -1.305103184949893e+01
s806        , -2.157933013723432e+01, -2.173473767953271e+01,  0.000000000000000e+00, -2.551899499896166e-01, -1.490486884345988e+01
s807        , -1.912040169626662e+01, -1.938155494526742e+01,  0.000000000000000e+00, -3.720187803601243e-01, -1.186365193754517e+01
s808        , -2.304047586711122e+01, -2.327968462943107e+01,  3.087557603686636e-01, -7.340264909907179e-02, -1.571192317500926e+01
s809        , -2.047218776779852e+01, -2.050584463272234e+01,  3.017241379310345e-02, -4.306407268094403e-01, -1.370146645277511e+01
s810        , -2.119146876442327e+01, -2.152768756275585e+01,  0.000000000000000e+00, -2.809095673575788e-01, -1.469931553397311e+01
s811        , -2.180116494254657e+01, -2.168066368364616e+01, -1.386138613861386e-01, -2.257769750092661e-01, -1.505054437778188e+01
s812        , -2.372646511684069e+01, -2.333887714046214e+01,  0.000000000000000e+00, -1.909640097797827e-01, -1.703996785097986e+01
s813        , -2.269928091374550e+01, -2.258236198964504e+01,  0.000000000000000e+00, -1.489072616394497e-01, -1.574238227564865e+01
s814        , -1.832573741415099e+01, -1.819256483332433e+01, -2.926829268292683e-01, -5.081619383060575e-01, -1.136429747806493e+01
s815        , -2.057906464758977e+01, -2.068800614920605e+01,  2.256410256410256e-01, -2.623793576873172e-01, -1.281135797753966e+01
s816        , -1.808215553271357e+01, -1.837850733288953e+01,  2.931726907630522e-01, -3.998015882403427e-01, -9.750202737586495e+00
s817        , -2.152086258044021e+01, -2.140213249245796e+01,  8.013937282229965e-02, -3.055988023557967e-01, -1.441201713834544e+01
s818        , -2.057353864229959e+01, -2.053431309610438e+01, -1.693121693121693e-01, -4.584498278809748e-01, -1.435148097865257e+01
s819        , -2.244567325669163e+01, -2.245945119316229e+01, -4.545454545454546e-02, -2.407629226987684e-01, -1.604104806511094e+01
s820        , -2.103220827040201e+01, -2.131094901300757e+01,  0.000000000000000e+00, -4.209927240528925e-01, -1.493879495491532e+01
s821        , -2.251724700203312e+01, -2.266699191667233e+01, -6.185567010309279e-02, -2.887386921495824e-01, -1.658418896719185e+01
s822        , -1.967652212859418e+01, -1.978657753981269e+01,  0.000000000000000e+00, -4.834659550950806e-01, -1.291565626658772e+01
s823        , -1.898228811729100e+01, -1.922322692760763e+01, -1.025641025641026e-01, -2.539321696627933e-01, -1.140792459385911e+01
s824        , -2.375965705343503e+01, -2.391087828226983e+01,  6.629834254143646e-02, -3.143064135455778e-01, -1.822408973409183e+01
s825        , -2.074394606294202e+01, -2.038279654475277e+01,  9.523809523809523e-02, -4.027812796586765e-01, -1.324424477925752e+01
s826        , -2.229590893513048e+01, -2.237671390738388e+01,  0.000000000000000e+00, -2.359041694677452e-01, -1.578511869785596e+01
s827        , -2.030439908572953e+01, -1.946026566977659e+01,  1.686746987951807e-01, -3.949620466289883e-03, -1.008302345201037e+01
s828        , -2.126632247755481e+01, -2.105260133710543e+01, -9.708737864077666e-03, -3.917706470209897e-01, -1.446010076258736e+01
s829        , -1.836528680868646e+01, -1.819170076023597e+01,  2.977777777777778e-01, -3.719620550649866e-01, -9.348215676345848e+00
s830        , -2.038358031572328e+01, -2.066907159046245e+01,  0.000000000000000e+00, -2.573860911655906e-01, -1.332387273358648e+01
s831        , -2.014217587228185e+01, -2.015332344560568e+01,  4.739336492890995e-02, -1.989031362157753e-01, -1.220168515845213e+01
s832        , -1.638297894992474e+01, -1.670408073612279e+01, -2.760000000000000e-01, -4.833498553903692e-01, -9.002540265391774e+00
s833        , -2.087813803835245e+01, -2.060238368911015e+01, -8.196721311475409e-02, -4.263685605287792e-01, -1.410704394792498e+01
s834        , -2.163260872857058e+01, -2.154603653958243e+01, -4.854368932038835e-02, -1.746013773985090e-01, -1.442022155090227e+01
s835        , -1.845033213930005e+01, -1.819306394640387e+01,  0.000000000000000e+00, -4.386863217977058e-01, -1.035845012322594e+01
s836        , -2.085703068105029e+01, -2.073460096723221e+01,  5.882352941176471e-02, -4.193678393888708e-01, -1.392623443666248e+01
s837        , -1.604298594536770e+01, -1.628785681493753e+01, -1.337792642140468e-02, -5.040245941620974e-01, -7.811921228844226e+00
s838        , -1.819387371328009e+01, -1.818165171748682e+01,  2.875000000000000e-01, -3.913654329440599e-01, -9.436727396327617e+00
s839        , -2.199016371973259e+01, -2.156312189330694e+01, -6.477732793522267e-02, -5.608346795898556e-02, -1.400988088495775e+01
s840        , -1.816847175772266e+01, -1.825527667144640e+01, -2.654028436018958e-01, -3.403253929060935e-01, -1.071572187618993e+01
s841        , -2.076446728280485e+01, -2.066879291652634e+01,  7.692307692307693e-02, -4.305116467007721e-01, -1.382784570653750e+01
s842        , -1.719569444321167e+01, -1.713468063471412e+01, -1.494252873563219e-01, -4.631078246589967e-01, -9.249007457543474e+00
s843        , -1.999816334280537e+01, -1.973465670639689e+01,  0.000000000000000e+00, -4.337785181414083e-01, -1.263856516556187e+01
s844        , -1.581596700213373e+01, -1.572325434186288e+01, -4.214559386973180e-02, -4.598674971821836e-01, -6.863704094016760e+00
s845        , -2.003183538643507e+01, -2.008119709194684e+01,  1.421800947867298e-02, -4.523239402201919e-01, -1.319472611356234e+01
s846        , -2.166933569232110e+01, -2.158176053228578e+01,  1.720000000000000e-01, -1.312077673657397e-01, -1.375101611067506e+01
s847        , -2.001719781047365e+01, -1.983460875281248e+01, -7.441860465116279e-02, -4.239083264990685e-01, -1.293298826715109e+01
s848        , -1.670780899311153e+01, -1.691135748212395e+01,  0.000000000000000e+00, -4.921030969690015e-01, -8.660945774419183e+00
s849        , -2.103364362191806e+01, -2.116910547568061e+01, -1.263736263736264e-01, -3.128925552590387e-01, -1.460696118131186e+01
s850        , -1.674889176362534e+01, -1.625869287437610e+01,  0.000000000000000e+00, -4.407267915650268e-01, -7.480846348147356e+00
s851        , -1.887785873496733e+01, -1.937531679021624e+01, -1.094339622641509e-01, -4.355913886730101e-01, -1.238176058906400e+01
s852        , -1.916613881673827e+01, -1.920793975182633e+01, -2.056074766355140e-01, -4.490692821176090e-01, -1.242524579762703e+01
s853        , -2.151831650372089e+01, -2.159445573243956e+01,  0.000000000000000e+00, -8.886941643189117e-02, -1.402735070651121e+01
s854        , -2.092228526657664e+01, -2.049613886263919e+01,  0.000000000000000e+00, -4.585822674170507e-01, -1.387424220230856e+01
s855        , -1.984690981488844e+01, -1.952469768539504e+01, -1.098901098901099e-01, -4.579871881637054e-01, -1.269573021046396e+01
s856        , -1.857995804240183e+01, -1.863373434923407e+01,  1.484716157205240e-01, -4.455272140626694e-01, -1.067432991139306e+01
s857        , -2.294003947989728e+01, -2.282234554163254e+01, -1.069518716577540e-01, -3.777986147453524e-01, -1.728586174505055e+01
s858        , -2.107902559750898e+01, -2.089998517093746e+01, -1.500000000000000e-01, -3.250452558795534e-01, -1.431302202895305e+01
s859        , -1.829183386036745e+01, -1.819939581840961e+01, -5.652173913043478e-02, -5.092523600090983e-01, -1.079189764948854e+01
s860        , -2.148418071954308e+01, -2.156628371148278e+01,  5.147058823529412e-02, -3.790445829608891e-02, -1.365262796847271e+01
s861        , -2.060440939951398e+01, -2.024652275124499e+01,  0.000000000000000e+00, -4.199951210054474e-01, -1.334681675630147e+01
s862        , -1.983634035476443e+01, -1.957962766590845e+01,  0.000000000000000e+00, -3.876355568554064e-01, -1.222189242011557e+01
s863        , -2.017821382918477e+01, -2.058918710019204e+01,  0.000000000000000e+00, -3.447073529113180e-01, -1.355553342831555e+01
s864        , -2.145828954671971e+01, -2.136980341986288e+01,  2.574257425742574e-01, -3.277738857548192e-01, -1.401224114195770e+01
s865        , -2.179521899962700e+01, -2.170735447320756e+01, -1.620370370370370e-01, -1.689030945223936e-01, -1.492007458750688e+01
s866        , -2.240641608733365e+01, -2.215696613271377e+01, -1.291866028708134e-01, -1.065815000275875e-01, -1.525878749846092e+01
s867        , -1.970162478711471e+01, -1.950685658811897e+01,  6.217616580310881e-02, -4.717949712478932e-01, -1.229692467590785e+01
s868        , -1.579821539399930e+01, -1.538094021435987e+01, -3.200000000000000e-02, -4.449285129403803e-01, -6.267782927383374e+00
s869        , -1.927595790821999e+01, -1.938813649900598e+01,  0.000000000000000e+00, -4.674209471168944e-01, -1.225677468923931e+01
s870        , -1.834436146157947e+01, -1.833404064944912e+01, -2.531120331950207e-01, -4.179580790202569e-01, -1.111458821870954e+01
s871        , -1.954632707936713e+01, -1.956979678496733e+01,  2.023346303501946e-01, -5.188901525379287e-01, -1.223168021474068e+01
s872        , -2.222687656829416e+01, -2.214359116148617e+01, -2.629310344827586e-01, -2.037213189912002e-02, -1.522488238544603e+01
s873        , -2.174135075548704e+01, -2.129283431712447e+01,  2.127659574468085e-02, -4.356696184401172e-01, -1.491785648630997e+01
s874        , -2.306987923711809e+01, -2.326415122334234e+01, -2.274881516587678e-01, -1.665670587720939e-01, -1.739588139198524e+01
s875        , -2.178123430913379e+01, -2.187482937870924e+01,  2.564102564102564e-02, -2.682441914033940e-01, -1.510258432789983e+01
s876        , -2.287277527114560e+01, -2.274680451440555e+01,  0.000000000000000e+00, -1.507341301197581e-01, -1.599504668150091e+01
s877        , -2.189016288213647e+01, -2.148890435282976e+01,  0.000000000000000e+00, -2.392870141235639e-01, -1.447422672047369e+01
s878        , -1.876974537203656e+01, -1.908266178122060e+01,  1.774193548387097e-01, -3.868480365105427e-01, -1.103635648427061e+01
s879        , -1.761744622782913e+01, -1.778752338063293e+01,  1.152263374485597e-01, -4.226457292913069e-01, -9.402603125142658e+00
s880        , -1.792977215528789e+01, -1.832172854501465e+01,  0.000000000000000e+00, -5.227672991273994e-01, -1.088821718115789e+01
s881        , -2.116921283478955e+01, -2.054875702241241e+01,  2.767857142857143e-01, -3.380796680348852e-03, -1.143590297089245e+01
s882        , -1.809005639564229e+01, -1.813078728254978e+01,  0.000000000000000e+00, -5.198331641639374e-01, -1.059157174779637e+01
s883        , -1.958200153707774e+01, -2.002022547084304e+01,  0.000000000000000e+00, -4.515782871191930e-01, -1.313610785601139e+01
s884        , -1.866641101726497e+01, -1.876203645856221e+01, -2.173913043478261e-02, -5.264654716552004e-01, -1.161398329910302e+01
s885        , -1.949202935470739e+01, -1.945447573121445e+01, -3.478260869565217e-01, -4.066151673047533e-01, -1.297595113393380e+01
s886        , -1.753621319174707e+01, -1.733755959463460e+01,  0.000000000000000e+00, -4.195660540645172e-01, -9.005340492395746e+00
s887        , -2.072504645987743e+01, -2.053319448359927e+01,  1.100917431192661e-01, -4.111829977692303e-01, -1.346545462373309e+01
s888        , -2.163711888094086e+01, -2.173033298518406e+01, -1.617021276595745e-01, -2.030461383689600e-01, -1.509070171639806e+01
s889        , -1.784767272504274e+01, -1.793446934269782e+01,  1.161825726141079e-01, -4.177299425411504e-01, -9.599698052745099e+00
s890        , -2.036577167825686e+01, -2.063247266079360e+01, -1.573033707865168e-01, -2.991838497563984e-01, -1.382817916455172e+01
s891        , -1.925489904031788e+01, -1.944182828618383e+01,  0.000000000000000e+00, -2.906289497766420e-01, -1.162656537392067e+01
s892        , -1.797999052112338e+01, -1.867900175227842e+01, -2.834645669291339e-01, -2.474226041674881e-01, -1.101948821111070e+01
s893        , -2.224398236502422e+01, -2.229351465252282e+01,  0.000000000000000e+00, -5.174877981615940e-01, -1.679233587890448e+01
s894        , -2.015695897880840e+01, -1.989432115396014e+01,  0.000000000000000e+00, -4.622829311361582e-01, -1.299128562646750e+01
s895        , -1.853378696029952e+01, -1.866751780730088e+01,  0.000000000000000e+00, -3.058496279463311e-01, -1.053255930462206e+01
s896        , -2.478440805107692e+01, -2.449362383495610e+01,  2.579365079365080e-01, -1.627904778547660e-01, -1.800839448705635e+01
s897        , -2.202247365131235e+01, -2.194837614952560e+01,  0.000000000000000e+00, -2.522896528447895e-01, -1.521193381819661e+01
s898        , -2.008627742560493e+01, -1.982376188910152e+01,  2.103004291845494e-01, -4.133516598848764e-01, -1.216673120654086e+01
s899        , -1.802005794967191e+01, -1.770746288944184e+01,  0.000000000000000e+00, -4.252752811999365e-01, -9.580121082604947e+00
s900        , -1.770516073583232e+01, -1.800253802631205e+01,  1.912350597609562e-01, -4.614232474073918e-01, -9.690255598350193e+00
s901        , -2.425916197575684e+01, -2.387140228502756e+01,  0.000000000000000e+00, -2.582568415678049e-01, -1.810478552377725e+01
s902        , -1.641892815066793e+01, -1.638230825430180e+01,  0.000000000000000e+00, -5.035785398245726e-01, -7.917786528539496e+00
s903        , -2.332207101034287e+01, -2.306301679949079e+01, -1.082251082251082e-01, -2.240075931672177e-01, -1.703017599889869e+01
s904        , -2.132463334662818e+01, -2.070229909011963e+01,  1.646090534979424e-01,  2.037466413708544e-02, -1.184833335358899e+01
s905        , -2.166343218809494e+01, -2.202809854796606e+01,  0.000000000000000e+00, -2.730270306250628e-01, -1.541418613594344e+01
s906        , -1.790842270146736e+01, -1.749772351495465e+01,  0.000000000000000e+00, -4.202300006773010e-01, -9.246949485797620e+00
s907        , -1.911599503394165e+01, -1.968926218017113e+01,  2.692307692307692e-02, -3.696029737928209e-01, -1.224608395709653e+01
s908        , -2.062377494321661e+01, -2.032792065278664e+01,  1.232876712328767e-01, -3.772154629816344e-01, -1.298994389417167e+01
s909        , -2.034650826700463e+01, -2.089893254828234e+01,  0.000000000000000e+00, -3.520577310663120e-02, -1.277412248275450e+01
s910        , -1.701866755175476e+01, -1.649521177822656e+01,  0.000000000000000e+00, -4.414066663616057e-01, -7.836429931251391e+00
s911        , -1.800428066961873e+01, -1.808353891003225e+01, -1.976284584980237e-02, -4.706896061489769e-01, -1.037275643976876e+01
s912        , -2.018815932170212e+01, -2.007947822628680e+01,  9.803921568627451e-03, -5.851798931165175e-01, -1.373691764897469e+01
s913        , -1.735412329082851e+01, -1.761270834928514e+01,  8.786610878661087e-02, -4.600950264049700e-01, -9.360270113928037e+00
s914        , -2.004618788210774e+01, -2.051009960786538e+01, -2.822966507177033e-01, -2.422389237503634e-01, -1.372749176023626e+01
s915        , -1.937730144245923e+01, -1.937658887303822e+01,  7.281553398058252e-02, -4.609938024766886e-01, -1.203274362499533e+01
s916        , -2.191302790761547e+01, -2.244380295473963e+01,  3.139013452914798e-02, -1.382629130438315e-01, -1.541488641831355e+01
s917        , -1.792924589211810e+01, -1.764758171151866e+01,  4.741379310344827e-02, -4.060045400257189e-01, -9.295516008167800e+00
s918        , -2.621730238337609e+01, -2.601010338198996e+01,  5.263157894736842e-02, -1.723168320635238e-01, -2.081931678797632e+01
s919        , -1.919355775511356e+01, -1.866876452014917e+01, -2.718446601941747e-01, -4.146785355475186e-01, -1.164733077397301e+01
s920        , -1.675861595936722e+01, -1.638670963920503e+01,  0.000000000000000e+00, -4.341066711076220e-01, -7.645230723415336e+00
s921        , -2.192756432754418e+01, -2.157359940088828e+01,  0.000000000000000e+00, -3.350969090850982e-01, -1.498552166829768e+01
s922        , -2.290193110331377e+01, -2.277932503046370e+01,  8.374384236453201e-02, -3.837084309604493e-01, -1.677145702175928e+01
s923        , -1.925371616601646e+01, -1.899148000946133e+01,  0.000000000000000e+00, -4.376625011056812e-01, -1.154545795551507e+01
s924        , -1.798705044323696e+01, -1.864776204151102e+01,  0.000000000000000e+00, -5.175884227612004e-02, -9.482208058549684e+00
s925        , -2.338449219749342e+01, -2.356238709055141e+01, -1.191709844559585e-01, -2.064099883452272e-01, -1.773166677597840e+01
s926        , -1.762302148317026e+01, -1.755485325881369e+01,  0.000000000000000e+00, -4.651203266200883e-01, -9.512537836146375e+00
s927        , -1.720744831710588e+01, -1.714351330444069e+01,  0.000000000000000e+00, -4.612548329840500e-01, -8.883347440257673e+00
s928        , -1.827654667645005e+01, -1.833346033564312e+01,  0.000000000000000e+00, -5.241587799446252e-01, -1.091130996705230e+01
s929        , -2.066098735264480e+01, -2.089553424690144e+01, -1.492537313432836e-01, -2.821571087876171e-01, -1.413221232648600e+01
s930        , -1.982419875205301e+01, -2.030395140823304e+01, -3.119266055045872e-01, -1.361481951022376e-01, -1.306734462877104e+01
s931        , -2.184683786579889e+01, -2.188884975658826e+01, -1.683168316831683e-01, -3.219690895837825e-01, -1.582143161291084e+01
s932        , -2.007807490293144e+01, -2.013224146914376e+01,  0.000000000000000e+00, -4.751742406735339e-01, -1.339802265668562e+01
s933        , -2.186904116931162e+01, -2.185961912309451e+01,  0.000000000000000e+00, -5.513590071664356e-01, -1.628111324292844e+01
s934        , -1.595875499840616e+01, -1.601175357721905e+01,  0.000000000000000e+00, -4.652886816759911e-01, -7.211132667223418e+00
s935        , -1.706347068237267e+01, -1.689199930140752e+01,  0.000000000000000e+00, -2.370778175884580e-01, -7.607433086383306e+00
s936        , -1.818003510858343e+01, -1.752098404184000e+01,  0.000000000000000e+00, -4.102702061829297e-01, -9.241634658290474e+00
s937        , -2.175658784400171e+01, -2.201307617008398e+01,  3.763440860215053e-02, -1.572248684852138e-01, -1.483296916913571e+01
s938        , -2.010166135357230e+01, -1.982154584198750e+01,  0.000000000000000e+00, -4.415027047170994e-01, -1.279922520112565e+01
s939        , -1.813809060682595e+01, -1.810150504668492e+01,  1.877934272300469e-01, -4.413493862788501e-01, -9.765801988484569e+00
s940        , -2.094308051046411e+01, -2.079802053484851e+01, -4.469273743016760e-02, -3.365304232523938e-01, -1.394531217955424e+01
s941        , -1.827480816862776e+01, -1.824968470680301e+01, -1.235521235521236e-01, -4.170230959797398e-01, -1.066296743182345e+01
s942        , -1.770857434290158e+01, -1.760235767049251e+01,  0.000000000000000e+00, -4.936305220987671e-01, -9.697954975405535e+00
s943        , -1.938132201948424e+01, -1.919675935479740e+01, -1.940298507462687e-01, -4.634516541873706e-01, -1.243757548334996e+01
s944        , -1.770272330222015e+01, -1.782614355292993e+01, -1.457489878542510e-01, -4.569588753742859e-01, -1.024672773770523e+01
s945        , -1.924477319915050e+01, -1.926410653988184e+01, -4.977375565610859e-02, -3.421871230126303e-01, -1.169229035942053e+01
s946        , -2.185513295241253e+01, -2.190031374746754e+01,  1.318681318681319e-01, -4.042055529737103e-01, -1.542284051838840e+01
s947        , -2.017292248813791e+01, -2.009553308749262e+01,  2.904564315352697e-01, -4.534582367598481e-01, -1.253408815882085e+01
s948        , -1.792501053388721e+01, -1.798779855085013e+01, -7.142857142857142e-02, -4.817717106138186e-01, -1.040286467468658e+01
s949        , -2.005207290213696e+01, -2.035264778066301e+01,  0.000000000000000e+00, -1.221075268936014e-01, -1.230829592196286e+01
s950        , -2.257823345395823e+01, -2.235532567499101e+01, -2.466367713004484e-01, -5.177080733432904e-02, -1.562641342242719e+01
s951        , -1.571913272603913e+01, -1.590615678617557e+01,  0.000000000000000e+00, -5.105626771994389e-01, -7.235498055378305e+00
s952        , -2.233989362366768e+01, -2.273764886504712e+01, -1.666666666666667e-01, -2.357632355347098e-01, -1.673726035293355e+01
s953        , -2.342860552534396e+01, -2.300419674760166e+01,  5.092592592592592e-02, -4.260848571420793e-01, -1.735875983964296e+01
s954        , -2.204077204416149e+01, -2.212561125473967e+01,  0.000000000000000e+00, -3.854517021550710e-01, -1.601135753864278e+01
s955        , -1.756302978982562e+01, -1.741946906490066e+01, -2.415254237288136e-01, -5.221111734128233e-01, -1.013984473462129e+01
s956        , -2.291971088639473e+01, -2.282811588305245e+01,  0.000000000000000e+00, -2.095832706931356e-01, -1.635279383487554e+01
s957        , -1.872997367448807e+01, -1.866921775440969e+01,  6.467661691542290e-02, -3.987946774351717e-01, -1.074777542907584e+01
s958        , -2.138547156076431e+01, -2.141197735354537e+01,  0.000000000000000e+00, -3.562832841890540e-01, -1.482952694145587e+01
s959        , -1.926386090665138e+01, -1.887857655607572e+01,  0.000000000000000e+00, -4.262122041917891e-01, -1.133101766292598e+01
s960        , -1.680470785163838e+01, -1.746632932538720e+01,  0.000000000000000e+00, -4.797319786128977e-01, -9.439179195193240e+00
s961        , -2.001579976967623e+01, -2.025785180916908e+01,  0.000000000000000e+00, -2.059005462093338e-01, -1.250353517414979e+01
s962        , -1.871905926332032e+01, -1.848106318245113e+01,  0.000000000000000e+00, -2.413220168449970e-01, -9.995138825304394e+00
s963        , -1.918665598310528e+01, -1.984465991373902e+01,  0.000000000000000e+00, -4.381720265976223e-01, -1.282032615292422e+01
s964        , -1.746488927974545e+01, -1.734736064377765e+01, -3.558718861209965e-02, -4.857815990397868e-01, -9.374452031343919e+00
s965        , -1.971186761143078e+01, -1.964593809461890e+01,  0.000000000000000e+00, -1.647128240194054e-01, -1.142516557821039e+01
s966        , -1.765956881606673e+01, -1.733056581886675e+01,  0.000000000000000e+00, -4.577801151117811e-01, -9.148442123083404e+00
s967        , -2.223688117086612e+01, -2.214723615564758e+01,  1.826086956521739e-01, -3.111320857734179e-02, -1.416609938519181e+01
s968        , -1.998239594820018e+01, -1.981090133901073e+01, -1.315789473684210e-01, -5.280507445691174e-01, -1.345811094689361e+01
s969        , -2.101894011109180e+01, -2.090868910821558e+01,  9.278350515463918e-02, -5.081668586456358e-01, -1.445831633369763e+01
s970        , -1.986554229461376e+01, -1.991890792115519e+01,  0.000000000000000e+00, -4.772637318201257e-01, -1.308815494894514e+01
s971        , -1.914500631305469e+01, -1.888709652612379e+01,  1.855203619909502e-01, -3.758554624701446e-01, -1.068030094589967e+01
s972        , -1.930540895911451e+01, -1.932632549638627e+01,  0.000000000000000e+00, -5.956300216634869e-01, -1.267967626807164e+01
s973        , -2.013055280326089e+01, -2.019862439843995e+01, -1.551020408163265e-01, -3.690712591999678e-01, -1.345626053580647e+01
s974        , -1.991254970003848e+01, -1.999191433764013e+01, -3.864734299516909e-02, -3.256237654921991e-01, -1.268387220172422e+01
s975        , -2.002907222040815e+01, -2.055117094164656e+01, -2.787456445993032e-02, -2.724609237769639e-01, -1.327783065073844e+01
s976        , -2.147573630129902e+01, -2.144109705151056e+01, -1.063829787234043e-02, -2.682564928497418e-01, -1.454573904015787e+01
s977        , -1.918950409415471e+01, -1.946362593583821e+01,  0.000000000000000e+00, -2.932745749379523e-01, -1.166971383021436e+01
s978        , -1.698999961978807e+01, -1.754198763641554e+01,  0.000000000000000e+00, -4.928032128758013e-01, -9.604567675819240e+00
s979        , -2.115978794608996e+01, -2.133888464237787e+01,  1.166666666666667e-01, -2.297373869825765e-01, -1.392207920216676e+01
s980        , -1.730989298326385e+01, -1.689379413456825e+01,  0.000000000000000e+00, -4.531668513259154e-01, -8.478306894809769e+00
s981        , -2.142850865946883e+01, -2.130093806200304e+01,  0.000000000000000e+00, -3.245833276379408e-01, -1.453650922066196e+01
s982        , -2.110948756566415e+01, -2.147363361746112e+01, -1.365638766519824e-01, -1.940425222739224e-01, -1.460908852727875e+01
s983        , -1.831465175322002e+01, -1.859378644291374e+01,  9.716599190283401e-02, -4.249888755040919e-01, -1.065973370772928e+01
s984        , -2.150201864035685e+01, -2.123541906325119e+01,  0.000000000000000e+00, -4.750852504901230e-01, -1.504344655703079e+01
s985        , -1.659952594735737e+01, -1.640009195116750e+01,  0.000000000000000e+00, -2.509233001440100e-01, -6.929206426795535e+00
s986        , -2.105203087443673e+01, -2.078228932501828e+01, -1.492537313432836e-02, -4.254454207011710e-01, -1.420509764158512e+01
s987        , -2.066592788190784e+01, -2.098598313156385e+01,  1.287878787878788e-01, -3.014240381294648e-01, -1.365349478433053e+01
s988        , -2.133344594608628e+01, -2.132634076701205e+01,  0.000000000000000e+00, -1.954655561456523e-01, -1.405564079079725e+01
s989        , -2.008246059204520e+01, -2.008885501577475e+01,  0.000000000000000e+00, -3.064039319690232e-01, -1.265521594986740e+01
s990        , -2.181814335912880e+01, -2.217098461866696e+01, -1.515151515151515e-01, -1.320280374675891e-01, -1.543743635905731e+01
s991        , -1.674874949890157e+01, -1.653669390491524e+01,  0.000000000000000e+00, -4.445879806953801e-01, -7.911097056987407e+00
s992        , -1.990187356431624e+01, -1.995685641111790e+01,  1.372549019607843e-01, -3.949519753326131e-01, -1.247291579897906e+01
s993        , -2.167451347953028e+01, -2.143929505437837e+01, -2.212389380530973e-02, -2.371089173557139e-01, -1.444645401972181e+01
s994        , -2.085856003252748e+01, -2.054760416868824e+01,  0.000000000000000e+00, -1.585113012655626e-03, -1.211491124391083e+01
s995        , -1.532250426373563e+01, -1.512723242007712e+01,  0.000000000000000e+00, -4.715083386103250e-01, -5.916544164356495e+00
s996        , -2.197589637081217e+01, -2.262463567788372e+01,  2.488038277511962e-01, -1.010386371378353e-01, -1.499472870352751e+01
s997        , -1.843774602570321e+01, -1.851374636400286e+01,  2.677824267782427e-01, -3.806194927664855e-01, -9.937997314865076e+00
s998        , -2.004154224207673e+01, -1.980768013400868e+01,  0.000000000000000e+00, -3.408252242949684e-01, -1.237404054425083e+01
s999        , -1.918982967461324e+01, -1.943341498561679e+01,  0.000000000000000e+00, -2.906621339582038e-01, -1.161414727253288e+01
s1000       , -2.386287011937712e+01, -2.382499318973291e+01, -7.575757575757576e-02, -1.925313318250701e-01, -1.795977308291006e+01
s1001       , -2.142986106465667e+01, -2.149841528456243e+01,  3.636363636363636e-02, -2.886434278331006e-01, -1.459633764934663e+01
s1002       , -1.703565403983971e+01, -1.762765230802852e+01,  0.000000000000000e+00, -4.991119452171039e-01, -9.757714017720106e+00
s1003       , -2.272857267296788e+01, -2.254325199424985e+01, -2.710280373831775e-01, -1.459753375896243e-01, -1.634588829114604e+01
s1004       , -1.957549960274314e+01, -1.924408482374123e+01,  1.176470588235294e-01, -3.886454920683589e-01, -1.143296038095113e+01
s1005       , -2.033955634118916e+01, -2.018756695000920e+01,  5.181347150259072e-03, -4.209675087896627e-01, -1.324989197039615e+01
s1006       , -2.103463075725037e+01, -2.126124105219182e+01,  0.000000000000000e+00, -4.230873691433367e-01, -1.487305366908984e+01
s1007       , -1.845815321471510e+01, -1.926467209746180e+01,  0.000000000000000e+00, -4.544601204510981e-01, -1.202051002709283e+01
s1008       , -2.105860584214290e+01, -2.080502899385592e+01, -1.688888888888889e-01, -1.017637634768359e-01, -1.332121509960825e+01
s1009       , -2.225664818829298e+01, -2.211366618998389e+01,  0.000000000000000e+00, -1.105563161742058e-01, -1.488907061657462e+01
s1010       , -2.029000137617794e+01, -2.031961464476167e+01, -1.702127659574468e-01, -3.651134388127506e-01, -1.365841613864775e+01
s1011       , -2.150175758271834e+01, -2.116461593917102e+01,  3.015267175572519e-01, -2.323529707735092e-01, -1.321314005578913e+01
s1012       , -1.789395613621291e+01, -1.791568444520861e+01,  2.052238805970149e-01, -3.885341043891830e-01, -9.233061950091860e+00
s1013       , -1.907481979836395e+01, -1.941888549013410e+01, -1.930501930501930e-02, -2.439287435586824e-01, -1.145268938383516e+01
s1014       , -1.701362802016618e+01, -1.694239713363454e+01,  1.847826086956522e-01, -4.058449205333576e-01, -7.901415099305355e+00
s1015       , -1.771043360260808e+01, -1.770125064658768e+01,  1.408450704225352e-02, -3.091353488343381e-01, -9.069223072488246e+00
s1016       , -2.325177194237830e+01, -2.273854188430199e+01,  0.000000000000000e+00, -2.462204364756551e-01, -1.636636211109675e+01
s1017       , -2.061131053204120e+01, -2.071945788599376e+01, -1.895734597156398e-01, -3.359790959197144e-01, -1.418598976537672e+01
s1018       , -1.637685178145171e+01, -1.613973900237199e+01,  0.000000000000000e+00, -4.810554431387467e-01, -7.465415645284300e+00
s1019       , -2.229355013298489e+01, -2.230368477300006e+01,  0.000000000000000e+00, -2.215834046889734e-01, -1.561863224155531e+01
s1020       , -1.626620443538163e+01, -1.685488992505132e+01,  0.000000000000000e+00, -5.066735314349713e-01, -8.635245008819364e+00
s1021       , -2.225684084822025e+01, -2.244100228931167e+01,  8.910891089108910e-02, -1.359753891866724e-01, -1.525805915134250e+01
s1022       , -1.619907626993357e+01, -1.617295121394936e+01, -8.812260536398467e-02, -4.472573646436880e-01, -7.598196696482564e+00
s1023       , -2.164326276096592e+01, -2.148234569508367e+01,  1.869158878504673e-02, -4.169740529324683e-01, -1.513189052240598e+01
s1024       , -1.814482992541786e+01, -1.799860065120035e+01,  0.000000000000000e+00, -4.716516982415674e-01, -1.020078632950659e+01
s1025       , -1.966276460675046e+01, -1.972795573687548e+01, -2.268041237113402e-01, -3.521400190250440e-01, -1.286427854818839e+01
s1026       , -1.787958226759213e+01, -1.778993671720668e+01,  0.000000000000000e+00, -5.089943223719865e-01, -1.003952401350317e+01
s1027       , -2.228548280106830e+01, -2.243690356702448e+01, -1.550000000000000e-01, -2.658478372315498e-01, -1.638046772870985e+01
s1028       , -1.939576101741603e+01, -1.936682180793848e+01, -4.508196721311476e-02, -4.206782253052432e-01, -1.214922462964366e+01
s1029       , -2.072177297910414e+01, -2.048778463959515e+01,  2.043010752688172e-01, -3.815928388108332e-01, -1.304466868735738e+01
s1030       , -2.116639743005703e+01, -2.089788650751846e+01, -2.617801047120419e-02, -4.469142699232316e-01, -1.449177693533091e+01
s1031       , -1.871817432191781e+01, -1.890681214170487e+01,  0.000000000000000e+00, -4.684424692196560e-01, -1.154281259284868e+01
s1032       , -1.793076662035363e+01, -1.862417597874567e+01, -1.954022988505747e-01, -2.763255354974765e-01, -1.083494523892935e+01
s1033       , -2.190726556241366e+01, -2.173498431959007e+01, -8.955223880597014e-02, -2.159966120014201e-02, -1.418930406316309e+01
s1034       , -1.655942363042545e+01, -1.700506902224095e+01,  0.000000000000000e+00, -4.918376810592510e-01, -8.799683460616968e+00
s1035       , -1.920990065585595e+01, -1.970892463458185e+01,  0.000000000000000e+00, -2.109635789213325e-01, -1.170495731294811e+01
s1036       , -1.624542641970273e+01, -1.579590246269722e+01, -2.009132420091324e-01, -4.412131598671085e-01, -7.291748088486875e+00
s1037       , -1.865413258865576e+01, -1.898078386351927e+01,  0.000000000000000e+00, -5.000745213447295e-01, -1.178025803545284e+01
s1038       , -2.303917859954092e+01, -2.327382955078474e+01,  1.776649746192893e-01, -2.471027019539333e-01, -1.672689753751685e+01
s1039       , -2.268866240524940e+01, -2.308504567909673e+01, -2.500000000000000e-01, -1.170327665100575e-01, -1.698561693611249e+01
s1040       , -2.002650999928207e+01, -2.040052422796587e+01,  0.000000000000000e+00, -2.233376813709040e-01, -1.278644020129240e+01
s1041       , -2.439240447433291e+01, -2.419353593863900e+01,  0.000000000000000e+00, -2.705817994188539e-01, -1.863488120585572e+01
