# c0 + a0 * (poly_dist_avg / RBI) + a1 * (O + E_T)
# Property Label: $ln_{D}$; Unit of the Property: Unitless
# RMSE: 0.478154090664917; Max AE: 1.81461800126032
# Coefficients
# Task   a0                      a1                      c0
# all , -8.760726202365145e+00, -7.808199276467653e-01, -9.222688978712867e+00, 
# Feature Rung, Units, and Expressions
# 0;  1; Unitless;                                         30|7|div; (poly_dist_avg / RBI); $\left(\frac{ poly_{dist, avg} }{ RBI } \right)$; (poly_dist_avg ./ RBI); (newdata$poly_dist_avg / newdata$RBI); poly_dist_avg,RBI
# 1;  1; Unitless;                                         12|0|add; (O + E_T); $\left(O + E_{T}\right)$; (O + E_T); (newdata$O + newdata$E_T); O,E_T
# Number of Samples Per Task
# Task, n_samples               
# all , 1041                  

# Sample ID , Property Value        ,  Property Value (EST) ,  Feature 0 Value      ,  Feature 1 Value      
s1          , -2.244947812336508e+01, -2.238839673817441e+01,  1.877726626099958e-01,  1.475459637507883e+01
s2          , -2.298888400764099e+01, -2.343834196243052e+01,  1.156399353040344e-01,  1.690858891402743e+01
s3          , -1.755271246623431e+01, -1.775865111511719e+01,  2.750239915119815e-02,  1.062347521346189e+01
s4          , -1.917258847351942e+01, -1.927053936674841e+01,  2.735705446629948e-02,  1.256138883866988e+01
s5          , -2.000094091703784e+01, -2.068249034599466e+01,  8.212729607608832e-02,  1.375516458063223e+01
s6          , -2.179532463031582e+01, -2.162138066341125e+01,  1.814605820745986e-01,  1.384309598910606e+01
s7          , -2.156980503382011e+01, -2.140761667410836e+01,  2.239900813151057e-01,  1.309215039088110e+01
s8          , -2.070680399014268e+01, -2.121706806127200e+01,  1.733623010200149e-02,  1.516675061424882e+01
s9          , -2.311678210871720e+01, -2.256529690993645e+01,  1.375814170872505e-01,  1.554429437036547e+01
s10         , -1.955558688693647e+01, -1.892897996773024e+01,  1.807835492220302e-02,  1.222805813900046e+01
s11         , -1.929232032084748e+01, -2.004208968352081e+01,  5.181773178848872e-02,  1.327507070089868e+01
s12         , -1.972420304545977e+01, -1.811118254267546e+01,  4.116855660174914e-03,  1.133734758203288e+01
s13         , -1.649771434553038e+01, -1.676580325270108e+01,  1.726181171409753e-02,  9.466828401885049e+00
s14         , -1.814284237715737e+01, -1.874983912765007e+01,  1.675353065856111e-02,  1.201349596978806e+01
s15         , -2.140988745272463e+01, -2.113811010365546e+01,  5.141848257129104e-02,  1.468322909220248e+01
s16         , -2.271802967642396e+01, -2.230016748962035e+01,  1.775242217294612e-01,  1.475658727713754e+01
s17         , -1.845283706311921e+01, -1.874572668512939e+01,  6.846776160349086e-02,  1.142800033320397e+01
s18         , -2.106370881996578e+01, -2.140537736060108e+01,  1.064345133085300e-01,  1.440824491533685e+01
s19         , -2.166440903696862e+01, -2.170949619020157e+01,  1.391633204982995e-01,  1.443051728603995e+01
s20         , -1.957524373940041e+01, -1.968962478463682e+01,  2.268618742060853e-02,  1.315052032586146e+01
s21         , -2.230012329283520e+01, -2.271336967776569e+01,  1.702662392994516e-01,  1.536721127393174e+01
s22         , -1.709175230426198e+01, -1.707051537589346e+01,  1.371666070127036e-02,  9.896851008472128e+00
s23         , -2.271630669020732e+01, -2.292400682702226e+01,  1.161273639684037e-01,  1.624440842103852e+01
s24         , -1.997593461761007e+01, -2.009729245300299e+01,  6.856557882885284e-02,  1.315785989508156e+01
s25         , -2.228124530569044e+01, -2.290117114288167e+01,  2.501052544856939e-01,  1.471194330614414e+01
s26         , -1.806502239865187e+01, -1.837714917504319e+01,  1.770963747811020e-02,  1.152546264842853e+01
s27         , -2.017409009594002e+01, -1.977431115965193e+01,  2.361172371980690e-02,  1.324859416106476e+01
s28         , -1.658938425028538e+01, -1.731997731247324e+01,  2.324456146654253e-02,  1.010943601151142e+01
s29         , -2.262132344831001e+01, -2.311481552170121e+01,  1.891009634914831e-01,  1.567002114573491e+01
s30         , -1.697997334312175e+01, -1.722724919182154e+01,  1.986628889022139e-02,  1.002858254282004e+01
s31         , -1.964904728113367e+01, -1.868956375227445e+01,  2.712002531061822e-02,  1.181998989834859e+01
s32         , -2.151059652715050e+01, -2.138706869276565e+01,  5.856147014937128e-02,  1.492192795742413e+01
s33         , -2.289264810431292e+01, -2.359448913726681e+01,  1.759807561310597e-01,  1.643154904597763e+01
s34         , -2.302504917991390e+01, -2.215615429605850e+01,  3.543905257652809e-02,  1.616633110132655e+01
s35         , -2.244061385591441e+01, -2.229983015134109e+01,  2.015279302861430e-01,  1.448683589230736e+01
s36         , -2.239655424600443e+01, -2.253634812581333e+01,  1.596795381358323e-01,  1.525928067599527e+01
s37         , -2.226102540809307e+01, -2.243369821993635e+01,  1.266691435347816e-01,  1.549818995129651e+01
s38         , -2.102436377352775e+01, -2.038963269435276e+01,  6.961761125563716e-02,  1.352045780437927e+01
s39         , -2.141661104833067e+01, -2.082926217548048e+01,  2.894379138917362e-01,  1.161713035157313e+01
s40         , -1.990275935468409e+01, -1.887631559416609e+01,  5.043340321747456e-02,  1.179759001050850e+01
s41         , -1.952311408648237e+01, -1.877972833091039e+01,  4.554182222295990e-02,  1.172877329673941e+01
s42         , -1.862175379272403e+01, -1.934263374511514e+01,  2.295346334136159e-02,  1.270312834940833e+01
s43         , -2.257821044890805e+01, -2.268869447570651e+01,  2.822730624221081e-01,  1.407890359041090e+01
s44         , -1.984867902879579e+01, -1.935259672511189e+01,  7.970701252218821e-03,  1.288399317036714e+01
s45         , -1.928264199244582e+01, -1.899530487587335e+01,  1.746538583480825e-03,  1.249624222608577e+01
s46         , -2.007096062658339e+01, -2.022873543164135e+01,  2.703869356779760e-02,  1.379212732718986e+01
s47         , -1.842882744186564e+01, -1.895467952248244e+01,  5.430708219072448e-02,  1.185448877277465e+01
s48         , -1.712958329507449e+01, -1.746320196223306e+01,  6.655977767166518e-03,  1.047898688927233e+01
s49         , -2.142142340445580e+01, -2.202311323583597e+01,  5.672549996468300e-02,  1.575711280873738e+01
s50         , -2.022197746600499e+01, -2.042798078553213e+01,  2.723699986120396e-02,  1.404507687388660e+01
s51         , -2.208446385448407e+01, -2.225890008829870e+01,  1.467446768740116e-01,  1.504907950960228e+01
s52         , -2.030062191637932e+01, -2.077725813682876e+01,  1.058468747986566e-01,  1.361040272199163e+01
s53         , -1.881589086732163e+01, -1.859989994108132e+01,  1.831844580511313e-01,  9.954128737823392e+00
s54         , -2.389190768082197e+01, -2.424785444113101e+01,  1.408865148295745e-01,  1.766207135869826e+01
s55         , -1.989931101552115e+01, -1.986334449093244e+01,  2.988168418665386e-02,  1.329227122811093e+01
s56         , -2.293632659980805e+01, -2.331967045062485e+01,  2.178788140417468e-01,  1.560949510283250e+01
s57         , -2.165250835772914e+01, -2.159746187143190e+01,  1.711447053842555e-01,  1.392820623909980e+01
s58         , -2.493828100106786e+01, -2.569629698236478e+01,  2.582186072008499e-01,  1.820064394160582e+01
s59         , -2.019609135900962e+01, -1.957780390346074e+01,  2.776442209350002e-02,  1.295033344640037e+01
s60         , -1.686951544328429e+01, -1.753106702323526e+01,  1.428342182708173e-02,  1.048032280800659e+01
s61         , -1.698686520707895e+01, -1.782008195307522e+01,  1.916812565396753e-02,  1.079565976127190e+01
s62         , -1.961666852236879e+01, -1.947325930765711e+01,  1.150850422453966e-02,  1.299883252854930e+01
s63         , -2.363642228074260e+01, -2.298161882142543e+01,  1.188086590452994e-01,  1.628810851264553e+01
s64         , -2.123215125329894e+01, -2.119792246016240e+01,  1.971134443740868e-01,  1.312514729915971e+01
s65         , -2.229595939650926e+01, -2.177342053194436e+01,  1.395057211005468e-01,  1.450854380874742e+01
s66         , -2.209517036440609e+01, -2.172279885212487e+01,  7.413246073640382e-02,  1.517719420649046e+01
s67         , -2.100952424313996e+01, -2.118185379855809e+01,  2.111803812225560e-01,  1.294673837424978e+01
s68         , -2.306714632630091e+01, -2.278586313529990e+01,  1.050575243762927e-01,  1.619168966157265e+01
s69         , -2.116954741071400e+01, -2.142348735406729e+01,  1.603692958176808e-01,  1.382629528419714e+01
s70         , -2.268552320802911e+01, -2.184795959473654e+01,  1.730827211979692e-01,  1.422727557521243e+01
s71         , -1.844586653395837e+01, -1.938113720748493e+01,  1.335865913564850e-02,  1.286009272831540e+01
s72         , -2.185924535832699e+01, -2.160298325465826e+01,  1.744045378834182e-01,  1.389870248804440e+01
s73         , -1.814705961150877e+01, -1.838374807397759e+01,  5.565233827104585e-02,  1.110820035458225e+01
s74         , -2.269683109870329e+01, -2.367765780516065e+01,  2.148330144040878e-01,  1.610214489007334e+01
s75         , -2.162544692540680e+01, -2.104021319382766e+01,  1.363549092539014e-01,  1.360487330389796e+01
s76         , -1.799713371423827e+01, -1.862424740100921e+01,  1.438120447316074e-02,  1.187926729201374e+01
s77         , -1.808839931225978e+01, -1.780936260080991e+01,  2.153885196360121e-02,  1.075533210664907e+01
s78         , -1.710463489071706e+01, -1.741511755684349e+01,  1.475433536498693e-02,  1.032654213885252e+01
s79         , -2.130172009097587e+01, -2.146128283991268e+01,  1.389734207643099e-01,  1.411475985979630e+01
s80         , -2.075517304342145e+01, -2.054118523761168e+01,  4.064492975436507e-02,  1.403962267054964e+01
s81         , -1.679587307458704e+01, -1.713967126457937e+01,  2.312117227690556e-02,  9.879901566191508e+00
s82         , -1.961963418382102e+01, -1.918589790731742e+01,  1.355983148873284e-02,  1.260779164185863e+01
s83         , -1.732943596118787e+01, -1.751032744361788e+01,  7.269484799242190e-03,  1.053245723854915e+01
s84         , -2.091958911511147e+01, -2.188691064853867e+01,  5.503924101167529e-02,  1.560159713860114e+01
s85         , -1.931803893900067e+01, -1.874392618165727e+01,  3.284798983312959e-02,  1.182534491088885e+01
s86         , -2.124992178205270e+01, -2.003263500705992e+01,  1.051738227817722e-01,  1.266431172306523e+01
s87         , -2.000999990609716e+01, -1.967542886821324e+01,  3.745274041583595e-02,  1.296666020769036e+01
s88         , -1.933594922663024e+01, -1.930138048733456e+01,  1.186867873402889e-02,  1.277466533661714e+01
s89         , -2.128477820873118e+01, -2.121244763159796e+01,  1.256047545871638e-01,  1.394607053773596e+01
s90         , -2.009844325702736e+01, -2.023945233015997e+01,  4.018907001780590e-02,  1.365830652508399e+01
s91         , -2.185233402642529e+01, -2.195346702291997e+01,  1.815097485312629e-01,  1.426784901333161e+01
s92         , -1.852873985612102e+01, -1.834241146563429e+01,  3.309551028714958e-02,  1.130834584278522e+01
s93         , -2.244477787769646e+01, -2.212192240894489e+01,  1.473386386492330e-01,  1.486698731291654e+01
s94         , -2.069748145715988e+01, -2.029541194063550e+01,  6.227711984475866e-02,  1.348214843596203e+01
s95         , -1.839144268754908e+01, -1.847478499513595e+01,  2.845100365637410e-02,  1.152998821423509e+01
s96         , -2.061908691885885e+01, -2.025242956306674e+01,  2.422747772780258e-02,  1.385401409772986e+01
s97         , -2.336181657728519e+01, -2.321757855562282e+01,  9.552360037016533e-02,  1.685155949830643e+01
s98         , -1.913590175727989e+01, -1.803092013356600e+01,  2.778608613784966e-03,  1.124957011796191e+01
s99         , -1.764848235022367e+01, -1.829098406942865e+01,  3.201929228520256e-02,  1.125455758320133e+01
s100        , -2.003395952271198e+01, -1.912956883417704e+01,  5.803221217257078e-02,  1.203667478368263e+01
s101        , -2.047737186068138e+01, -2.080018680816288e+01,  1.684722097486325e-01,  1.293711721418137e+01
s102        , -1.813404261594337e+01, -1.873871458146617e+01,  1.854574010114345e-02,  1.197914028615624e+01
s103        , -2.094885731266024e+01, -1.999638779739970e+01,  4.582030780686591e-02,  1.328383059938385e+01
s104        , -1.695125455205811e+01, -1.695181471332083e+01,  1.502256481252534e-02,  9.730178352806050e+00
s105        , -2.089913046364001e+01, -2.139886838105861e+01,  1.190268274195297e-01,  1.425862425174133e+01
s106        , -2.193421435204462e+01, -2.186479963834115e+01,  1.745473029761233e-01,  1.423241023366987e+01
s107        , -1.938858975045087e+01, -1.955899981062604e+01,  5.551049104526913e-03,  1.317548290753482e+01
s108        , -2.184761912256448e+01, -2.199964112367469e+01,  2.030997420673700e-01,  1.408474671757332e+01
s109        , -1.765266017099491e+01, -1.865816842540028e+01,  3.228260655604942e-02,  1.172185806929322e+01
s110        , -2.222643790681205e+01, -2.225666083188298e+01,  1.155314719838319e-01,  1.539642090794856e+01
s111        , -2.198367498730207e+01, -2.157826847925925e+01,  1.593193880283343e-01,  1.403630411474320e+01
s112        , -2.341727175416096e+01, -2.337566300312352e+01,  2.852028547779609e-01,  1.492583563625486e+01
s113        , -2.064750776227555e+01, -1.959372656376871e+01,  4.364478862109329e-02,  1.279254945745329e+01
s114        , -2.335281852671257e+01, -2.329264880192559e+01,  1.854914860628341e-01,  1.593827111771199e+01
s115        , -2.467653405274963e+01, -2.489459984622122e+01,  1.414697003776128e-01,  1.848381815774889e+01
s116        , -2.119630992652875e+01, -2.146930614393431e+01,  2.663916955041930e-01,  1.269541427842483e+01
s117        , -1.681518237222159e+01, -1.726654682744018e+01,  1.562398818383144e-02,  1.012650943718846e+01
s118        , -1.725426000439147e+01, -1.760201393940342e+01,  2.643143666251723e-02,  1.043488529488588e+01
s119        , -2.026224064054247e+01, -2.110360404180245e+01,  1.476176211483718e-01,  1.355969171211263e+01
s120        , -2.061376236446881e+01, -1.968470012565692e+01,  5.661190120305379e-02,  1.276356997028038e+01
s121        , -2.090204853596659e+01, -2.079696036249464e+01,  9.378935734673953e-02,  1.377091967385798e+01
s122        , -1.679179791839329e+01, -1.731085727498651e+01,  1.788780473508027e-02,  1.015785824080087e+01
s123        , -1.729435756680531e+01, -1.785402696039886e+01,  3.240215777203553e-02,  1.069064870595319e+01
s124        , -1.927065840811719e+01, -1.972478617821792e+01,  1.050166141116229e-01,  1.227181204948513e+01
s125        , -2.074667074869674e+01, -2.075532625307244e+01,  1.029355718062829e-02,  1.465441369143456e+01
s126        , -1.981090987888966e+01, -1.940475674742723e+01,  4.137166411227972e-02,  1.257603910863909e+01
s127        , -1.791042209268825e+01, -1.797595035870776e+01,  2.200776294421245e-02,  1.096342074710310e+01
s128        , -2.199486439730610e+01, -2.202692079126215e+01,  1.966733925211970e-01,  1.419178696268343e+01
s129        , -1.847106084369403e+01, -1.829401128408428e+01,  3.369512325629175e-02,  1.123963188621170e+01
s130        , -2.183307419908922e+01, -2.171268004558657e+01,  3.447687375701916e-01,  1.212772141001261e+01
s131        , -1.937195493711046e+01, -1.913675486362948e+01,  1.663107769104656e-02,  1.251039480543867e+01
s132        , -1.756898825137140e+01, -1.780372025247623e+01,  2.750478013649721e-02,  1.068116876943261e+01
s133        , -1.952720456066259e+01, -1.951850888201142e+01,  7.641107591085909e-02,  1.232858313110352e+01
s134        , -1.792604080418195e+01, -1.844406511420024e+01,  6.305200141741710e-02,  1.110242516566509e+01
s135        , -2.163690184151209e+01, -2.216808782342369e+01,  1.324538296427435e-01,  1.509311774902272e+01
s136        , -2.266590946104735e+01, -2.234038705558520e+01,  1.278921789342108e-01,  1.536496353258194e+01
s137        , -1.871948299194560e+01, -1.774617455112508e+01,  9.268334008003639e-03,  1.081208091250872e+01
s138        , -2.098569970792443e+01, -2.102609362938641e+01,  1.183167825632208e-01,  1.378917639300211e+01
s139        , -1.946420871832499e+01, -1.919537416872337e+01,  1.982730650327107e-02,  1.254960745678858e+01
s140        , -1.890485827097119e+01, -1.973823859813215e+01,  5.299233161851975e-02,  1.287274819122136e+01
s141        , -2.048387804329865e+01, -2.130929765870128e+01,  1.212089936991105e-01,  1.411942687752941e+01
s142        , -1.712146112463541e+01, -1.767798658880110e+01,  1.726476173128555e-02,  1.063503307944266e+01
s143        , -2.146398341435241e+01, -2.164228882879042e+01,  2.126942135841743e-01,  1.351943477141218e+01
s144        , -2.296743054539722e+01, -2.236157873446249e+01,  2.742624109099377e-01,  1.374984357600055e+01
s145        , -2.169591974109321e+01, -2.143202553981533e+01,  7.921935770641800e-02,  1.474772486021735e+01
s146        , -2.268369172314783e+01, -2.258988542911663e+01,  1.878325083491155e-01,  1.501197248920169e+01
s147        , -2.121406114253308e+01, -2.132322828810444e+01,  9.485023861807410e-02,  1.443301065918475e+01
s148        , -2.139826235530006e+01, -2.106724586744892e+01,  1.226656405017712e-01,  1.379308649347700e+01
s149        , -1.818204101397333e+01, -1.793450098219764e+01,  1.209521470475741e-02,  1.102155418219650e+01
s150        , -2.236615053154114e+01, -2.188857414197985e+01,  1.876925852948974e-01,  1.411536952764653e+01
s151        , -2.007280490017163e+01, -1.942506984286253e+01,  1.636257601199170e-02,  1.288265380989843e+01
s152        , -2.043501428229088e+01, -2.035265824695590e+01,  1.872652194000693e-02,  1.404409768312792e+01
s153        , -2.294208833005412e+01, -2.292729475767003e+01,  1.941239768647777e-01,  1.537350462418146e+01
s154        , -1.941555486932839e+01, -1.939278997996825e+01,  1.596198637345119e-02,  1.284580740558312e+01
s155        , -2.030625886040805e+01, -2.101432669000400e+01,  1.380008135131645e-02,  1.494677397921330e+01
s156        , -1.755225478861601e+01, -1.750224335627176e+01,  1.759849077566905e-02,  1.040621343103610e+01
s157        , -1.981494689568535e+01, -1.890995448652878e+01,  3.952593398048299e-02,  1.196305228847324e+01
s158        , -2.120666701656112e+01, -2.083298758110347e+01,  8.812601394213461e-02,  1.388060209426527e+01
s159        , -2.199339551508707e+01, -2.196030434150958e+01,  1.704428234052815e-01,  1.440077546134532e+01
s160        , -1.822712376873660e+01, -1.834290420002731e+01,  2.061458082278404e-02,  1.144901174575771e+01
s161        , -1.850131544535105e+01, -1.930110502626698e+01,  4.919833978691450e-02,  1.235547726368276e+01
s162        , -2.165239460618542e+01, -2.203248656850653e+01,  1.503481352496795e-01,  1.471868011421221e+01
s163        , -2.054863013411503e+01, -2.021902213066497e+01,  1.895822307701459e-02,  1.387034957334042e+01
s164        , -2.244259094688993e+01, -2.270087877445226e+01,  1.277130765136503e-01,  1.582865659844279e+01
s165        , -2.169401378729562e+01, -2.124705220273684e+01,  1.846310480019838e-01,  1.332811932116928e+01
s166        , -1.893544650248816e+01, -1.831122161640585e+01,  2.035969196311031e-02,  1.141129553095953e+01
s167        , -1.990371422830687e+01, -2.038876244082088e+01,  6.106787125373057e-02,  1.361527054558242e+01
s168        , -2.358382467591309e+01, -2.377816613212602e+01,  1.285808856912405e-01,  1.719860718653397e+01
s169        , -2.234616115486217e+01, -2.281930155101608e+01,  1.144301179159256e-01,  1.612935478977028e+01
s170        , -1.980105726485419e+01, -2.010240684605112e+01,  5.712946525869193e-02,  1.329272204335284e+01
s171        , -2.225344967355102e+01, -2.235406756563876e+01,  2.072568365824143e-01,  1.449202023078759e+01
s172        , -2.076076397080535e+01, -2.057345830686141e+01,  6.208564282723223e-02,  1.384039216674582e+01
s173        , -2.167162181633835e+01, -2.112795118264386e+01,  8.718553264916547e-02,  1.426891557079287e+01
s174        , -2.217746151284670e+01, -2.226304053766432e+01,  1.281211973678275e-01,  1.526333589360475e+01
s175        , -1.912249737452136e+01, -1.882030100675723e+01,  1.933115344088060e-02,  1.207481616662599e+01
s176        , -2.262880123350610e+01, -2.223497386887394e+01,  1.441897270888747e-01,  1.504710337676838e+01
s177        , -1.998504477748202e+01, -2.038519967334508e+01,  1.558997220457317e-01,  1.254670323833827e+01
s178        , -1.778030448780716e+01, -1.857451173623785e+01,  1.433446307388673e-02,  1.181609501064194e+01
s179        , -2.322340610724453e+01, -2.430248815584926e+01,  3.252308213290255e-01,  1.566371523811240e+01
s180        , -1.682543251402466e+01, -1.734841501230533e+01,  1.681672589958387e-02,  1.021797602734254e+01
s181        , -1.586682207916231e+01, -1.642723304034014e+01,  5.522389053197462e-03,  9.164935050667212e+00
s182        , -2.348293513803748e+01, -2.340857869033200e+01,  1.401977198543920e-01,  1.659493490750253e+01
s183        , -2.155098810628208e+01, -2.085428407216585e+01,  2.346417967560613e-02,  1.463337632043750e+01
s184        , -2.324937775466465e+01, -2.354922362301881e+01,  2.076476519118677e-01,  1.601827768028003e+01
s185        , -2.378592453308165e+01, -2.406183572890493e+01,  2.128724429893480e-01,  1.661616091207551e+01
s186        , -2.071202883303041e+01, -2.066745000377206e+01,  9.029624897640805e-02,  1.364424745508790e+01
s187        , -2.027503475690737e+01, -2.005818770402281e+01,  2.695220710891803e-02,  1.357467636644940e+01
s188        , -2.214013663755619e+01, -2.198796879549298e+01,  9.863723177676584e-02,  1.524185745578024e+01
s189        , -2.074030596943589e+01, -2.112543702514365e+01,  1.412010214964307e-01,  1.365964696847662e+01
s190        , -1.914542963593283e+01, -1.910130627750478e+01,  1.974404625605320e-02,  1.243006840855953e+01
s191        , -1.679323473828856e+01, -1.716553874453913e+01,  3.389887682894650e-02,  9.792105345470995e+00
s192        , -1.690928184419942e+01, -1.747873126519461e+01,  1.302133100049684e-02,  1.042745668048493e+01
s193        , -2.273712334380998e+01, -2.308050023078081e+01,  1.860585873550032e-01,  1.566020855474843e+01
s194        , -2.090019731082972e+01, -2.099925827541416e+01,  8.273531106221758e-02,  1.415402898658779e+01
s195        , -1.910778599576077e+01, -1.934484301728254e+01,  2.095917410914055e-02,  1.272833351311171e+01
s196        , -1.918378235513936e+01, -1.893513944374732e+01,  5.081357549482440e-02,  1.186866051266241e+01
s197        , -2.010118773573690e+01, -1.974110973409296e+01,  6.037084455979539e-03,  1.340325872950210e+01
s198        , -2.040069724820686e+01, -2.037852665571924e+01,  1.753481418464990e-01,  1.231994762888217e+01
s199        , -2.033728659050214e+01, -1.962916617328147e+01,  1.026928424998161e-01,  1.217542352836298e+01
s200        , -1.788348829912646e+01, -1.818096763306269e+01,  3.574357103328044e-02,  1.107187292348849e+01
s201        , -1.891783601993355e+01, -1.954834415086130e+01,  5.839724229189333e-02,  1.256890682981615e+01
s202        , -2.174492495952721e+01, -2.195189796718142e+01,  1.171748347906606e-01,  1.498767120138662e+01
s203        , -2.185008698942601e+01, -2.153995000952170e+01,  1.684600960253059e-02,  1.558576737373445e+01
s204        , -2.086349108831322e+01, -2.038651299130173e+01,  2.439479178672366e-02,  1.402385816917237e+01
s205        , -2.088054945703831e+01, -2.130100160464995e+01,  1.709448445805090e-01,  1.355077050703550e+01
s206        , -2.114956534802060e+01, -2.213966592402537e+01,  2.034625473514424e-01,  1.426000654092923e+01
s207        , -1.936064601068155e+01, -2.008156301508684e+01,  8.729384919706344e-02,  1.292758569165825e+01
s208        , -2.173553987268506e+01, -2.116091066370702e+01,  2.083112646393064e-02,  1.505561714464207e+01
s209        , -1.958079034508013e+01, -1.968556827539369e+01,  2.392994355652454e-02,  1.313137030716577e+01
s210        , -2.077095411669474e+01, -2.110578562225035e+01,  1.064424553661446e-01,  1.402446716334467e+01
s211        , -2.106003856984427e+01, -2.042164690848295e+01,  3.281400673033222e-02,  1.397439155284893e+01
s212        , -1.921431398034701e+01, -1.880086942716047e+01,  2.611585031164541e-02,  1.197380638388994e+01
s213        , -1.891211086691480e+01, -1.856311711573657e+01,  4.222330501409299e-02,  1.148859167756084e+01
s214        , -1.797391097043976e+01, -1.834186341195860e+01,  2.301003671151408e-02,  1.142080201332158e+01
s215        , -2.046416066581664e+01, -2.068834980079043e+01,  4.482851974300510e-02,  1.418115757870495e+01
s216        , -2.054695205981560e+01, -1.960177573917204e+01,  8.046498489442629e-02,  1.238973893516988e+01
s217        , -2.064527960557822e+01, -2.068902494304039e+01,  7.713411582819862e-02,  1.381955648495783e+01
s218        , -2.267569057486860e+01, -2.275424981555298e+01,  1.596780297618292e-01,  1.553836538743195e+01
s219        , -1.969996813819463e+01, -2.052553741557328e+01,  5.705789107313957e-02,  1.383543054291951e+01
s220        , -2.056541179285701e+01, -2.118063948538380e+01,  1.877023267599124e-01,  1.320860476174501e+01
s221        , -2.147236245537334e+01, -2.121793650660964e+01,  1.673585290552061e-02,  1.517459901226886e+01
s222        , -1.817717386569833e+01, -1.826530840111300e+01,  1.305183930076228e-02,  1.143448766575017e+01
s223        , -2.049263974761081e+01, -2.047010001640330e+01,  6.928026267460215e-02,  1.362729772694011e+01
s224        , -2.147370851727396e+01, -2.191519209862570e+01,  1.392152370576119e-01,  1.469337056935865e+01
s225        , -2.297636192643720e+01, -2.282386446250606e+01,  2.291079480658071e-01,  1.484852405719847e+01
s226        , -2.349615644619751e+01, -2.306713487018925e+01,  2.153858180478487e-01,  1.531404269832646e+01
s227        , -1.994214785348108e+01, -2.032294099285558e+01,  1.144413805829348e-01,  1.293212692850615e+01
s228        , -1.935600154849446e+01, -1.964216088685910e+01,  1.861401267443746e-02,  1.313542249169904e+01
s229        , -1.931982821700711e+01, -1.994432725107414e+01,  3.057976058124858e-02,  1.338815390391039e+01
s230        , -1.663964761443124e+01, -1.705364951719449e+01,  2.775618748348394e-02,  9.717728647609446e+00
s231        , -1.912412961575534e+01, -1.910954855159994e+01,  2.473023286802204e-02,  1.238467978520177e+01
s232        , -2.205202611453251e+01, -2.166138916597748e+01,  1.261056031712285e-01,  1.451541273985609e+01
s233        , -2.108987100746543e+01, -2.098731191119906e+01,  2.051114249132351e-01,  1.276568072216728e+01
s234        , -2.119865480781422e+01, -2.091747207587160e+01,  1.683223263895693e-01,  1.308900672235156e+01
s235        , -1.634470488909293e+01, -1.660455584459720e+01,  1.362181669028751e-02,  9.301158439141952e+00
s236        , -2.035495556536669e+01, -2.125436020667207e+01,  1.428259611670020e-02,  1.524877233833640e+01
s237        , -2.057488800817375e+01, -2.054770520983399e+01,  1.418274681480191e-01,  1.291271426062128e+01
s238        , -2.181497599002021e+01, -2.150046308014742e+01,  2.328888573767655e-01,  1.311121581800404e+01
s239        , -1.938605784207409e+01, -1.918602212822105e+01,  4.324276016569526e-02,  1.227491106220577e+01
s240        , -1.879589433372550e+01, -1.857082206874406e+01,  5.189926396424512e-02,  1.138989609952614e+01
s241        , -1.732119998261703e+01, -1.731285902233564e+01,  1.903655178426568e-02,  1.014753305475080e+01
s242        , -2.017650413285683e+01, -1.982132781571810e+01,  1.247176369065573e-02,  1.343379793298011e+01
s243        , -1.996072124442394e+01, -1.972047245008063e+01,  2.207171694928500e-02,  1.319692138674588e+01
s244        , -2.121993688931675e+01, -2.083599989062394e+01,  1.376775831522891e-01,  1.332849602478203e+01
s245        , -2.152256201120388e+01, -2.130439710392875e+01,  5.148145780927476e-02,  1.489548711173752e+01
s246        , -1.806013829922115e+01, -1.791633761651679e+01,  1.917652540757571e-02,  1.091884062806907e+01
s247        , -1.662499542985015e+01, -1.687675348782906e+01,  4.192124774563630e-02,  9.332246370192067e+00
s248        , -2.087245838906029e+01, -2.063433347141801e+01,  1.326262851763678e-01,  1.312689591815216e+01
s249        , -2.031192930505803e+01, -1.956117754949570e+01,  1.927367535650864e-02,  1.302430537181656e+01
s250        , -1.829082894515480e+01, -1.820970423219189e+01,  4.625189752771370e-02,  1.099077359457607e+01
s251        , -2.316191337748571e+01, -2.329595419669798e+01,  2.127830949090137e-01,  1.563629506714978e+01
s252        , -1.836403387539604e+01, -1.832387302330975e+01,  1.348651350875827e-02,  1.150461466755237e+01
s253        , -1.948978591890307e+01, -1.998756297453188e+01,  5.561672400777162e-02,  1.316261373539625e+01
s254        , -1.974328758235917e+01, -1.997049966887614e+01,  2.521135941375515e-02,  1.348190600728651e+01
s255        , -2.045692599174058e+01, -1.991294622268364e+01,  2.258746702460608e-02,  1.343763684590525e+01
s256        , -1.776850461240055e+01, -1.777997009691176e+01,  1.984470083226894e-02,  1.073669719586372e+01
s257        , -2.163660994039700e+01, -2.141035852518820e+01,  7.156669008920860e-02,  1.480583801726971e+01
s258        , -1.860059101905129e+01, -1.853637099815785e+01,  1.786572960528724e-02,  1.172762749737372e+01
s259        , -2.094542362420654e+01, -2.039314688565379e+01,  1.699728825728576e-02,  1.411535352530372e+01
s260        , -1.742875942837962e+01, -1.797807413045837e+01,  2.131184866255947e-02,  1.097394876507680e+01
s261        , -2.065616574581777e+01, -2.019804015254679e+01,  2.264778345619035e-02,  1.380208132797446e+01
s262        , -2.014040040752147e+01, -1.893754706030094e+01,  6.706574033820278e-02,  1.168939619719242e+01
s263        , -1.686996628366655e+01, -1.720426339492413e+01,  8.234678753561429e-03,  1.012965008990526e+01
s264        , -2.074271161967796e+01, -2.003079736382571e+01,  1.341345476334316e-01,  1.233702163320824e+01
s265        , -2.059536695716665e+01, -2.026645587113558e+01,  1.446268810026411e-01,  1.252110767193357e+01
s266        , -2.198651133619990e+01, -2.167495403161850e+01,  1.995913831926221e-01,  1.370828178612517e+01
s267        , -1.899333543245141e+01, -1.874608046610907e+01,  2.864096330224666e-02,  1.187530635607446e+01
s268        , -1.857298059991068e+01, -1.812015366706959e+01,  4.184625968215197e-02,  1.092551657896158e+01
s269        , -2.106917022960664e+01, -2.054751735663400e+01,  1.494214044030097e-02,  1.433611512757188e+01
s270        , -1.920756052964929e+01, -1.921657024055935e+01,  5.900265058356202e-02,  1.213720969370208e+01
s271        , -1.965184309682283e+01, -1.973005064413456e+01,  1.383717774142108e-02,  1.330157898392447e+01
s272        , -2.112049940018463e+01, -2.021492347402100e+01,  2.607492913865553e-02,  1.378525163006306e+01
s273        , -1.945398506004425e+01, -1.893521444928771e+01,  5.693076843871737e-02,  1.180012224273201e+01
s274        , -2.135203005648119e+01, -2.143618994032349e+01,  1.740513792611488e-01,  1.368905185984844e+01
s275        , -2.088724638081418e+01, -2.052517388564578e+01,  7.550751866712692e-02,  1.362796188071177e+01
s276        , -1.839432489855567e+01, -1.862123520159653e+01,  1.558383494728356e-02,  1.186191615221904e+01
s277        , -2.199306195501885e+01, -2.017844395375853e+01,  3.021332349127662e-01,  1.064118388010568e+01
s278        , -2.276883612887764e+01, -2.316814160146874e+01,  1.074553715547430e-01,  1.665437199173823e+01
s279        , -2.262380984036664e+01, -2.287258990343431e+01,  1.163643335092454e-01,  1.617589973297932e+01
s280        , -1.620731240668889e+01, -1.719288571788869e+01,  1.702077795907147e-02,  1.001649943450639e+01
s281        , -2.072632910940930e+01, -1.986472753098548e+01,  2.378423202247721e-01,  1.096074370340589e+01
s282        , -1.840721485531197e+01, -1.840301174917844e+01,  8.327910758732200e-02,  1.082290168487959e+01
s283        , -1.945843055355910e+01, -2.013375777749579e+01,  2.398436296378882e-02,  1.370475827117980e+01
s284        , -2.290375248734285e+01, -2.384869505797537e+01,  1.026505662554018e-01,  1.757986968282270e+01
s285        , -2.162506652538119e+01, -2.113127676795477e+01,  1.132745614115953e-01,  1.398045821386913e+01
s286        , -2.308167299949378e+01, -2.364362022953225e+01,  1.513757812671718e-01,  1.677053698787324e+01
s287        , -1.888746545864790e+01, -1.865975338982728e+01,  4.903665324619835e-02,  1.153590911196497e+01
s288        , -2.031934863671701e+01, -2.062599371206004e+01,  3.779875292359633e-02,  1.418017114594138e+01
s289        , -2.410980627565496e+01, -2.465219044819190e+01,  1.990649259429758e-01,  1.752715020740317e+01
s290        , -2.087284446952964e+01, -2.044889166280160e+01,  8.569953973597843e-03,  1.428130003977539e+01
s291        , -2.204275686911580e+01, -2.137786534488578e+01,  3.563792234172252e-01,  1.156865398252174e+01
s292        , -1.820983264392220e+01, -1.783381427811018e+01,  5.822645245402105e-02,  1.037501606308570e+01
s293        , -1.668568749246811e+01, -1.714856575024890e+01,  2.494961568959109e-02,  9.870777815383827e+00
s294        , -2.280852590517532e+01, -2.369723447388797e+01,  2.331871395175592e-01,  1.592128526921126e+01
s295        , -1.673628435422914e+01, -1.718886950904260e+01,  3.192950576099335e-02,  9.844081330949466e+00
s296        , -2.103716924286631e+01, -2.051443954078031e+01,  2.266752280596763e-01,  1.191812685957452e+01
s297        , -2.124288787488653e+01, -2.034380907967742e+01,  5.548511102926541e-02,  1.362033659538016e+01
s298        , -2.177880180045448e+01, -2.176806281930341e+01,  1.660059379308625e-01,  1.420435221708238e+01
s299        , -1.893486515270964e+01, -1.904543155118420e+01,  2.489198675404213e-02,  1.230074995758987e+01
s300        , -1.774017522269403e+01, -1.784724744737927e+01,  3.373467387934467e-02,  1.066701544411830e+01
s301        , -2.283171483494903e+01, -2.291942951750019e+01,  1.763483323549582e-01,  1.556287263236856e+01
s302        , -1.721456897049112e+01, -1.733498153784050e+01,  1.338097746820891e-02,  1.023932048366665e+01
s303        , -2.130552121943375e+01, -2.059028920409966e+01,  2.334870370510528e-01,  1.193884004737933e+01
s304        , -2.313677054561944e+01, -2.324147337695728e+01,  1.213518278133544e-01,  1.659237143147819e+01
s305        , -1.858159986173835e+01, -1.876697269729223e+01,  2.179046760548057e-02,  1.197892505927130e+01
s306        , -2.163460095493751e+01, -2.134349934000613e+01,  5.062714370494124e-02,  1.495515086567969e+01
s307        , -1.987289536762319e+01, -2.024807899240373e+01,  1.423086456099549e-02,  1.396060336024161e+01
s308        , -2.028550026196297e+01, -1.942637017002041e+01,  2.834211039242279e-01,  9.887947561896846e+00
s309        , -2.129242792516701e+01, -2.198062182519721e+01,  8.467368510806969e-02,  1.538911783530099e+01
s310        , -1.894855963686166e+01, -1.923824073579939e+01,  1.994570951944209e-02,  1.260317841366193e+01
s311        , -2.010039836844276e+01, -2.040397038205238e+01,  5.919287764531611e-02,  1.365578468430495e+01
s312        , -1.830057188159682e+01, -1.850438008555461e+01,  1.879858591100935e-02,  1.167619001497639e+01
s313        , -1.990312271450173e+01, -1.918201744209166e+01,  4.559969492595120e-02,  1.224333765408960e+01
s314        , -1.980645538479249e+01, -1.929491487079403e+01,  2.777665484906549e-02,  1.258789879217502e+01
s315        , -1.914671781515828e+01, -1.977204729127284e+01,  8.012378665593270e-02,  1.261163477864707e+01
s316        , -2.257620253811652e+01, -2.220006811973779e+01,  1.809010430788122e-01,  1.459050189359800e+01
s317        , -1.647333233405121e+01, -1.655092984550959e+01,  1.117398948217317e-02,  9.259943744194796e+00
s318        , -2.027102701488289e+01, -1.956365134843716e+01,  4.290032736085319e-02,  1.276238476361241e+01
s319        , -1.996146248057647e+01, -1.921350424633047e+01,  6.555306407919988e-02,  1.205978803572949e+01
s320        , -2.548773082504399e+01, -2.545692936938302e+01,  2.044599880211844e-01,  1.849725129301717e+01
s321        , -1.727661852750149e+01, -1.792882993046981e+01,  1.347317654879611e-02,  1.099883063540610e+01
s322        , -2.011073789818953e+01, -1.987222137928418e+01,  3.687099026774023e-02,  1.322522054623737e+01
s323        , -2.178223238748198e+01, -2.110054697747454e+01,  6.581258704560283e-02,  1.447362130862317e+01
s324        , -1.879130547869734e+01, -1.920569223386526e+01,  3.163476360146307e-02,  1.243034329568784e+01
s325        , -2.032679436678044e+01, -1.950521954775754e+01,  1.815529132313297e-02,  1.296518784189929e+01
s326        , -2.071891083121713e+01, -2.033238581810309e+01,  2.068189952623342e-01,  1.190775480906385e+01
s327        , -1.834375983430116e+01, -1.915299272444359e+01,  9.923660261485938e-03,  1.260644730843445e+01
s328        , -2.099505369246730e+01, -2.099282723173161e+01,  1.702013092980021e-01,  1.316443243700744e+01
s329        , -2.140321290954873e+01, -2.127784264857311e+01,  2.178711308455857e-01,  1.299460219426232e+01
s330        , -2.114112529442132e+01, -2.152604390686081e+01,  1.668606172471663e-01,  1.388480795970728e+01
s331        , -1.934637322166436e+01, -1.987582692130534e+01,  6.745099088042138e-02,  1.288673344920433e+01
s332        , -1.962462779654497e+01, -1.993612353869089e+01,  4.929310199487800e-02,  1.316768543641335e+01
s333        , -2.293624249800790e+01, -2.321925125034972e+01,  1.972613385972315e-01,  1.571221386581282e+01
s334        , -1.807355423930957e+01, -1.821663339619010e+01,  9.703269090155942e-03,  1.140971998570818e+01
s335        , -1.850164643907080e+01, -1.862456071231863e+01,  2.876108532822172e-02,  1.171832763968810e+01
s336        , -2.151296308555482e+01, -2.128912807598162e+01,  7.854497401807452e-02,  1.457228188273385e+01
s337        , -1.775953587894473e+01, -1.639130709611826e+01,  5.854461473013399e-02,  8.524020124833086e+00
s338        , -2.118082550420247e+01, -2.130653726181525e+01,  1.117768716716333e-01,  1.422171914604862e+01
s339        , -1.761381998690202e+01, -1.864054901035316e+01,  8.000150565430349e-03,  1.197173967003016e+01
s340        , -1.906967392812366e+01, -1.886711807832286e+01,  3.349244846861078e-02,  1.197588662588536e+01
s341        , -2.371082699534004e+01, -2.366698442424385e+01,  1.455053520732488e-01,  1.686632529311710e+01
s342        , -1.901967676945428e+01, -1.929769988127612e+01,  6.034830985815303e-03,  1.283540678940368e+01
s343        , -1.943128604912865e+01, -1.870443048105002e+01,  8.227262228350463e-02,  1.122022283801668e+01
s344        , -2.171448714042025e+01, -2.228682532701561e+01,  1.344186536568632e-01,  1.522314032500174e+01
s345        , -1.896311499883081e+01, -1.848937689969273e+01,  3.104597154485460e-02,  1.151956084381350e+01
s346        , -2.211462969107367e+01, -2.198488894073160e+01,  1.990865571291583e-01,  1.411088108066717e+01
s347        , -1.640817037109120e+01, -1.716601534431065e+01,  3.001643973748927e-02,  9.836276308463226e+00
s348        , -2.058778590237884e+01, -2.023808261653637e+01,  4.448661435925507e-02,  1.360833428236837e+01
s349        , -1.918353701640313e+01, -1.923504244333444e+01,  2.772691934240689e-02,  1.251177790155898e+01
s350        , -2.047073332015930e+01, -2.052112035586003e+01,  4.409478470657126e-02,  1.397521842746461e+01
s351        , -2.167714580870165e+01, -2.202898246271424e+01,  1.408625720482300e-01,  1.482061951595202e+01
s352        , -2.086238589025425e+01, -2.081262637655080e+01,  1.727865801204541e-02,  1.464942607231303e+01
s353        , -1.920058764071421e+01, -1.971864609324609e+01,  5.782301396113610e-02,  1.279345617001628e+01
s354        , -2.053223705409261e+01, -2.108738408263265e+01,  2.454989697821444e-01,  1.244069919676819e+01
s355        , -1.704257081119439e+01, -1.742442321216924e+01,  2.570457828078007e-02,  1.021559924198003e+01
s356        , -2.127143545968418e+01, -2.113445789539329e+01,  1.461018391439212e-01,  1.361621332887939e+01
s357        , -1.906625211198675e+01, -1.929920665574740e+01,  6.678972061271725e-03,  1.283010932070438e+01
s358        , -2.032987192881253e+01, -1.939825668385143e+01,  2.588109447114149e-02,  1.274151718007906e+01
s359        , -2.136102912880764e+01, -2.099598777264485e+01,  9.464097734367120e-02,  1.401625998056094e+01
s360        , -1.881386071055488e+01, -1.833632462777418e+01,  3.012132723457662e-02,  1.133392045330953e+01
s361        , -2.182643688719446e+01, -2.135525789179076e+01,  2.134656343010886e-01,  1.314317754194726e+01
s362        , -2.091897008712596e+01, -2.068207391598009e+01,  1.838768551556904e-02,  1.446978369650596e+01
s363        , -1.798497754334610e+01, -1.832693703952025e+01,  6.009739898155384e-02,  1.098556901423778e+01
s364        , -1.789393844733154e+01, -1.805409271905177e+01,  1.762610665514060e-02,  1.111265983191569e+01
s365        , -2.184332997178521e+01, -2.183262107032482e+01,  1.995690459318872e-01,  1.391045737583827e+01
s366        , -2.293131491804218e+01, -2.290568550228535e+01,  1.686151145981671e-01,  1.563203657952656e+01
s367        , -2.320311495695380e+01, -2.298571417063048e+01,  2.259520433042828e-01,  1.509121474547532e+01
s368        , -1.944159222026194e+01, -2.006550372640178e+01,  6.135672492719249e-02,  1.319803057663501e+01
s369        , -2.221834550731525e+01, -2.241751905456157e+01,  1.588313882226974e-01,  1.511661185039299e+01
s370        , -1.739352775780219e+01, -1.822502688583277e+01,  1.291878634894175e-02,  1.138439176858629e+01
s371        , -2.131349702655302e+01, -2.041798109534047e+01,  3.286814708171024e-02,  1.396908927790588e+01
s372        , -2.230067528571091e+01, -2.153482684302400e+01,  9.934765672655789e-02,  1.465354538192490e+01
s373        , -1.609460498694387e+01, -1.667314360385056e+01,  1.166285267742056e-02,  9.410978518745713e+00
s374        , -1.846307154319872e+01, -1.905389178087437e+01,  9.791695943224273e-02,  1.149225168605967e+01
s375        , -2.092466765927065e+01, -2.049737763373874e+01,  2.003235355496244e-02,  1.421478922008639e+01
s376        , -2.335896110191541e+01, -2.400988712523149e+01,  1.754527095577266e-01,  1.696947596682559e+01
s377        , -2.209438728501526e+01, -2.271629680153987e+01,  2.257960387492570e-01,  1.474792092521441e+01
s378        , -2.111108779470583e+01, -2.116875640604580e+01,  5.398795024477641e-02,  1.469364877967337e+01
s379        , -1.875225846070942e+01, -1.838029760629060e+01,  2.564789665196918e-02,  1.144042833827933e+01
s380        , -1.834869608623442e+01, -1.858363891831005e+01,  6.519203410965095e-02,  1.125716707138615e+01
s381        , -2.068155326614140e+01, -1.992203249988007e+01,  4.661382689328887e-02,  1.317970018711688e+01
s382        , -1.804666933121612e+01, -1.836107071339477e+01,  1.957041250952179e-02,  1.148399316093682e+01
s383        , -2.062194236740874e+01, -2.122747409731203e+01,  8.779086060362683e-02,  1.438958334432223e+01
s384        , -1.800916137079852e+01, -1.859440299213096e+01,  5.873145574259803e-02,  1.134343975682669e+01
s385        , -2.216424509641620e+01, -2.221714552678781e+01,  1.503812395901969e-01,  1.495480234123265e+01
s386        , -2.182057698940036e+01, -2.145203574807453e+01,  7.666768456981840e-02,  1.480198156713127e+01
s387        , -1.799817167842237e+01, -1.791961758988246e+01,  1.953045472894442e-02,  1.091907025269803e+01
s388        , -2.351217009702901e+01, -2.386150526934527e+01,  1.589910034877680e-01,  1.696414137425691e+01
s389        , -2.149803565649794e+01, -2.180523452268714e+01,  1.552115839429980e-01,  1.437306984138770e+01
s390        , -2.025125341850577e+01, -1.948436677938398e+01,  1.450400444354664e-02,  1.297944869241107e+01
s391        , -1.925641978436478e+01, -1.890050855316892e+01,  1.154245907490621e-02,  1.226492679261023e+01
s392        , -1.954014294555121e+01, -1.984658591950688e+01,  4.907390062982175e-02,  1.305547357688047e+01
s393        , -2.007195889273447e+01, -1.995751660078538e+01,  1.599601920519689e-02,  1.356867377785590e+01
s394        , -1.933645012315517e+01, -1.956361146533905e+01,  6.230219502200246e-02,  1.254464655346664e+01
s395        , -2.191328817199827e+01, -2.141208493682176e+01,  3.000390516645833e-01,  1.224461061754997e+01
s396        , -1.985518647713905e+01, -1.953423735284248e+01,  2.274776692320493e-01,  1.065377368365364e+01
s397        , -1.859895904181181e+01, -1.881858491962622e+01,  2.429230862768579e-02,  1.201695467030607e+01
s398        , -2.089338265909714e+01, -2.056593156493739e+01,  9.691867299810406e-02,  1.343992930587578e+01
s399        , -1.650074457052408e+01, -1.677003036759231e+01,  9.482724392262561e-03,  9.559522717769433e+00
s400        , -1.659170957499870e+01, -1.714093659125600e+01,  6.553076715941466e-03,  1.006741455144807e+01
s401        , -1.654426837808786e+01, -1.697433840283307e+01,  1.387560618420424e-02,  9.771893323015084e+00
s402        , -1.877939202276407e+01, -1.887800194416371e+01,  6.352243930431700e-02,  1.165289197270022e+01
s403        , -2.106694758002669e+01, -2.050948434457590e+01,  8.185311734267463e-02,  1.353667118597851e+01
s404        , -2.165676773412189e+01, -2.181141462743257e+01,  1.443403993901769e-01,  1.450295840149879e+01
s405        , -2.212611753855641e+01, -2.206231106364091e+01,  1.446642861901793e-01,  1.482064874705715e+01
s406        , -1.885653015374473e+01, -1.841439532275634e+01,  1.869867632401227e-02,  1.156206705383457e+01
s407        , -1.790225292709843e+01, -1.860350680557271e+01,  1.486907708046517e-02,  1.184723082254745e+01
s408        , -1.653237145459570e+01, -1.706342800892904e+01,  9.313070502148255e-03,  9.937182050191840e+00
s409        , -1.984138826084547e+01, -2.000662956817363e+01,  2.274415892375702e-02,  1.355585950825662e+01
s410        , -1.632163885458830e+01, -1.684166640393939e+01,  2.783270179030944e-02,  9.445382327263019e+00
s411        , -1.826950002229553e+01, -1.864739627570927e+01,  4.645620815449002e-02,  1.154903564530227e+01
s412        , -2.254085603631221e+01, -2.235112686597933e+01,  4.828834064157513e-02,  1.627186564568172e+01
s413        , -1.907038707751166e+01, -1.962897897946765e+01,  5.109205309026708e-02,  1.275413979575000e+01
s414        , -1.996831080241482e+01, -1.975073555444290e+01,  6.418435607392609e-02,  1.276317964338590e+01
s415        , -2.069762370804266e+01, -2.022829866626260e+01,  4.470893089616068e-02,  1.359330955750099e+01
s416        , -1.735494379178349e+01, -1.801263195874003e+01,  1.018773885989189e-02,  1.114301861567057e+01
s417        , -1.714858900796163e+01, -1.728251078523317e+01,  7.015480296232651e-03,  1.024354120747453e+01
s418        , -2.014294405560549e+01, -1.944989546576096e+01,  8.600250792113864e-03,  1.300154066915580e+01
s419        , -1.771416578387462e+01, -1.803394761223811e+01,  2.550772225373462e-02,  1.099842890626034e+01
s420        , -2.335906844703241e+01, -2.323365814863154e+01,  1.558371245891103e-01,  1.619544064063693e+01
s421        , -2.045819521600993e+01, -2.019666087607305e+01,  1.983754269721193e-01,  1.182866723729220e+01
s422        , -1.913624718404630e+01, -1.906298995988913e+01,  2.054391287442740e-02,  1.237202208001072e+01
s423        , -2.001718266940652e+01, -2.004985579331659e+01,  4.389194312895336e-02,  1.337394340053949e+01
s424        , -2.199980092896302e+01, -2.187348123535768e+01,  2.480224501719845e-01,  1.341914455260729e+01
s425        , -1.799669141475633e+01, -1.855137709185574e+01,  2.452116662708720e-02,  1.167217249901363e+01
s426        , -2.179879403652462e+01, -2.105477968719331e+01,  1.054301714115832e-01,  1.397050133716619e+01
s427        , -1.855895626610580e+01, -1.915150623747031e+01,  5.264724083347565e-02,  1.212518899849137e+01
s428        , -2.201089453299450e+01, -2.203356195499863e+01,  6.268789871031048e-02,  1.570359698226117e+01
s429        , -2.010895188317044e+01, -1.996640490025167e+01,  7.620894782441892e-02,  1.290447366763037e+01
s430        , -2.197039083997888e+01, -2.175965376376604e+01,  2.263503598347834e-01,  1.351652395519842e+01
s431        , -2.053790779896415e+01, -2.008550313923794e+01,  2.499195146435407e-02,  1.363165326551225e+01
s432        , -2.056150222449639e+01, -2.001280323312075e+01,  2.072602649736411e-01,  1.149351278391562e+01
s433        , -1.961788415450921e+01, -2.038709422621149e+01,  6.787040067265421e-02,  1.353681031401948e+01
s434        , -2.169585176655818e+01, -2.145219641098632e+01,  1.432872215810256e-01,  1.405472238494031e+01
s435        , -1.969212203292086e+01, -1.957402732523743e+01,  9.461824039529160e-03,  1.315085019370129e+01
s436        , -1.841763911968392e+01, -1.802072937542540e+01,  4.229938099941290e-02,  1.079309941108426e+01
s437        , -2.085473352476042e+01, -2.097059716974788e+01,  8.588979151274989e-02,  1.408192959054166e+01
s438        , -2.075193174001312e+01, -2.078593718675900e+01,  6.599657358839425e-02,  1.406863465901897e+01
s439        , -1.747889033992054e+01, -1.753175468376840e+01,  1.001537028348978e-02,  1.052909063548621e+01
s440        , -2.292628299240021e+01, -2.323105078654625e+01,  1.098127129886828e-01,  1.670849095145359e+01
s441        , -1.928590410708185e+01, -1.880017432972505e+01,  3.843701451419218e-02,  1.183467386477541e+01
s442        , -2.265396374356312e+01, -2.211335994037119e+01,  5.091654587317719e-02,  1.593786813510100e+01
s443        , -1.939450551490213e+01, -1.927355314003925e+01,  5.164885481404460e-02,  1.229269687642633e+01
s444        , -2.014197468633274e+01, -2.003941004437740e+01,  5.351304363482057e-02,  1.325261763401860e+01
s445        , -2.136890748153691e+01, -2.097822598466249e+01,  1.979530879185970e-02,  1.483327373628776e+01
s446        , -1.984877428373165e+01, -1.986931522790015e+01,  4.373072881975229e-02,  1.314453300173797e+01
s447        , -2.124129540469972e+01, -2.130405770529183e+01,  1.801430564733302e-01,  1.345148139752708e+01
s448        , -1.996883442559681e+01, -2.020323578464760e+01,  4.567627043211690e-02,  1.355035794055736e+01
s449        , -2.213132573342666e+01, -2.244257642856306e+01,  1.502804043033019e-01,  1.524464419093716e+01
s450        , -2.393776981346641e+01, -2.295055054659589e+01,  1.668399063993294e-01,  1.570941313608402e+01
s451        , -1.778758837631850e+01, -1.808575667931272e+01,  3.366976013161867e-02,  1.097320374059862e+01
s452        , -2.093231028730361e+01, -2.095141960743628e+01,  2.177945013163599e-02,  1.477668079509072e+01
s453        , -1.913112365245808e+01, -1.907798013032018e+01,  2.240780041949310e-02,  1.237030742343517e+01
s454        , -1.694745233262931e+01, -1.785102230678039e+01,  5.600346622251705e-03,  1.098751443310090e+01
s455        , -1.959305905778561e+01, -1.941275532878866e+01,  2.913629540743264e-02,  1.272356261885064e+01
s456        , -1.690137029519855e+01, -1.768546611317305e+01,  1.992068626793070e-02,  1.061481292016045e+01
s457        , -1.744399185749123e+01, -1.721798164267845e+01,  1.242464648470953e-02,  1.010020807450448e+01
s458        , -2.020627098912283e+01, -2.031519168593986e+01,  1.050912829036589e-01,  1.302710956943502e+01
s459        , -1.884232545378780e+01, -1.928442908904094e+01,  9.577698040244133e-02,  1.181151233720206e+01
s460        , -2.233016805188693e+01, -2.246866780213237e+01,  1.308690801446258e-01,  1.549585277668621e+01
s461        , -1.623645396367353e+01, -1.633039086663828e+01,  9.255014680292896e-03,  8.999029084067216e+00
s462        , -2.313545884021418e+01, -2.270957866284557e+01,  1.798673282542833e-01,  1.525463278638868e+01
s463        , -2.090493117250811e+01, -2.066145917604127e+01,  3.239286422314845e-02,  1.428624550679425e+01
s464        , -1.633431188033305e+01, -1.706665562744253e+01,  1.243349088273545e-02,  9.906304854024759e+00
s465        , -1.999082968954132e+01, -1.997238357048269e+01,  1.952432763111296e-02,  1.354812669163080e+01
s466        , -1.900684695054017e+01, -1.806845570815944e+01,  5.190994690644932e-02,  1.074639311871643e+01
s467        , -1.783078222536251e+01, -1.813667813960985e+01,  2.721280901271634e-02,  1.111086549505184e+01
s468        , -1.945030486126850e+01, -1.849589392836886e+01,  5.360007354874855e-02,  1.127485233042290e+01
s469        , -2.270314762369042e+01, -2.242696459915116e+01,  1.083366374208286e-01,  1.569525516497014e+01
s470        , -2.119907484802825e+01, -2.108754728075067e+01,  7.889604613599793e-02,  1.431017735045052e+01
s471        , -1.972012875359749e+01, -1.940582701410015e+01,  1.626902028749637e-02,  1.285905910896535e+01
s472        , -1.766462305551830e+01, -1.804079061330605e+01,  1.433127673760237e-02,  1.113259144033673e+01
s473        , -2.127822401317911e+01, -2.142146055144525e+01,  7.402194072247617e-02,  1.479250875666726e+01
s474        , -1.654177405306909e+01, -1.716895604798220e+01,  2.156651164593610e-02,  9.934849881429388e+00
s475        , -2.297159509003216e+01, -2.322786650627426e+01,  1.570234973437579e-01,  1.617471226439854e+01
s476        , -2.252587602064435e+01, -2.336908524449553e+01,  3.228547964036948e-01,  1.449496022146822e+01
s477        , -2.178946083596680e+01, -2.181978313421827e+01,  1.466998248439406e-01,  1.448720345829865e+01
s478        , -1.788602657411998e+01, -1.844772292903419e+01,  6.024444649717271e-02,  1.113861024981563e+01
s479        , -1.952938513246325e+01, -1.886490333910337e+01,  3.183872927120614e-02,  1.199160477222104e+01
s480        , -2.203955610850313e+01, -2.188776641607023e+01,  2.073242025320607e-01,  1.389407016870879e+01
s481        , -1.615402914764109e+01, -1.747152233723534e+01,  5.937022727185496e-02,  9.898193910232713e+00
s482        , -2.215324565636576e+01, -2.226799668126736e+01,  2.166613319438185e-01,  1.427627126314562e+01
s483        , -2.217560840271064e+01, -2.235118781173393e+01,  2.166387062335563e-01,  1.438306841978405e+01
s484        , -2.403070638423247e+01, -2.477242075106698e+01,  2.289426017205399e-01,  1.734590504553633e+01
s485        , -1.896886917982663e+01, -1.980886302826864e+01,  6.785736174897283e-02,  1.279641301237167e+01
s486        , -2.293847835350512e+01, -2.310521265502924e+01,  1.322320649720272e-01,  1.629578640272527e+01
s487        , -1.935879902533930e+01, -1.945742134921334e+01,  1.232865906329128e-01,  1.172440915171407e+01
s488        , -2.071941340396909e+01, -2.011379692856257e+01,  2.218929806427842e-02,  1.369933477123674e+01
s489        , -2.120929532988995e+01, -2.104079318019624e+01,  1.806344228327708e-02,  1.493283523706653e+01
s490        , -2.336106814107168e+01, -2.277935861763059e+01,  1.240417918436871e-01,  1.597035759641332e+01
s491        , -1.878377211600346e+01, -1.868653171107076e+01,  1.313630747424762e-02,  1.197300274781819e+01
s492        , -2.196689093989351e+01, -2.237799908093350e+01,  1.246530253310839e-01,  1.544947644120042e+01
s493        , -2.118321097196467e+01, -2.027253644625003e+01,  1.893788708820958e-01,  1.202678197459420e+01
s494        , -2.014379663919148e+01, -2.045419833696575e+01,  2.005271239532413e-02,  1.415926085373197e+01
s495        , -1.971897958689983e+01, -1.942519623707279e+01,  5.029305024462339e-03,  1.300997391891361e+01
s496        , -2.171934681583978e+01, -2.115081259099705e+01,  1.474740112283804e-01,  1.362176322779444e+01
s497        , -1.930074135275753e+01, -1.888755605885020e+01,  6.602289693226755e-03,  1.230376670428985e+01
s498        , -2.146882601091719e+01, -2.156564897895775e+01,  1.678134776996765e-01,  1.392483936958388e+01
s499        , -1.852368794388046e+01, -1.840591872297593e+01,  2.296802408959661e-02,  1.150330934928207e+01
s500        , -2.050589701281523e+01, -2.092183497478931e+01,  1.113862523822774e-01,  1.373341170808192e+01
s501        , -2.141899489528082e+01, -2.173230447558962e+01,  1.485308520473909e-01,  1.435462514803555e+01
s502        , -1.777920620854658e+01, -1.728911508428968e+01,  1.943562834927185e-02,  1.011264647258088e+01
s503        , -2.264989988763092e+01, -2.255615657213257e+01,  1.456143236040249e-01,  1.544245983772722e+01
s504        , -1.994570445298742e+01, -1.988021114467646e+01,  1.890566507858113e-02,  1.343702233901355e+01
s505        , -2.256898602446125e+01, -2.226101302393666e+01,  1.375280221720633e-01,  1.515519555640092e+01
s506        , -2.050664132584332e+01, -2.004049025644063e+01,  2.587397521149934e-02,  1.356410881706434e+01
s507        , -2.255451727781655e+01, -2.235925081254037e+01,  1.817307519086555e-01,  1.478505871206251e+01
s508        , -2.063695726234980e+01, -2.023341299105870e+01,  1.517363095534405e-02,  1.393124278837736e+01
s509        , -2.049565878814769e+01, -2.038521716555411e+01,  5.883769020263891e-02,  1.363575251554410e+01
s510        , -1.886667658587990e+01, -1.863595951377944e+01,  7.324525952538821e-02,  1.123381788830528e+01
s511        , -2.270091090950000e+01, -2.334308202869386e+01,  2.079648457452805e-01,  1.575071222087609e+01
s512        , -2.052865138648571e+01, -2.078297773871196e+01,  3.599389484646896e-02,  1.440147171471724e+01
s513        , -1.872228566034903e+01, -1.858619551087136e+01,  1.130725480791228e-02,  1.186502347168211e+01
s514        , -2.338235400416073e+01, -2.357195569379199e+01,  1.729962601789059e-01,  1.643617611591547e+01
s515        , -2.063189590001077e+01, -2.129277302029902e+01,  1.910243278020448e-02,  1.524388970715969e+01
s516        , -2.353360034901451e+01, -2.358779858200661e+01,  1.841804950618285e-01,  1.633098011813252e+01
s517        , -2.274108402549141e+01, -2.230403955154808e+01,  1.118787678196274e-01,  1.549808206942169e+01
s518        , -2.095244706423326e+01, -2.167733919321949e+01,  4.052224178163456e-02,  1.549607729097999e+01
s519        , -2.165153402286209e+01, -2.156461937854586e+01,  2.580091189174121e-01,  1.291153413779788e+01
s520        , -1.917430642162448e+01, -1.926482112639473e+01,  8.537505503610700e-02,  1.190310894601459e+01
s521        , -2.048146586988528e+01, -1.942543382455649e+01,  6.248317105529912e-02,  1.236565122136660e+01
s522        , -1.837039701152461e+01, -1.875802019710276e+01,  3.523389214268228e-02,  1.181662558753012e+01
s523        , -2.237538522976599e+01, -2.220474950954575e+01,  1.047987178052437e-01,  1.545035831006585e+01
s524        , -2.219430447580721e+01, -2.263430839454536e+01,  3.219345606443720e-01,  1.356425278087907e+01
s525        , -2.096151325596525e+01, -2.068457412957852e+01,  3.730094938397961e-02,  1.426078068958011e+01
s526        , -2.193172581512368e+01, -2.187614013975667e+01,  1.541330492723305e-01,  1.447598007865737e+01
s527        , -2.063376120076111e+01, -2.141331249557602e+01,  2.566918946359587e-01,  1.273253378605974e+01
s528        , -1.776721144005281e+01, -1.829755557713278e+01,  2.768025992931867e-02,  1.131165728132457e+01
s529        , -2.226349149791107e+01, -2.266511578366096e+01,  1.959230473425894e-01,  1.501754529470892e+01
s530        , -2.300566448791293e+01, -2.250174417192155e+01,  8.390519374374755e-02,  1.606514424096265e+01
s531        , -1.846679125419261e+01, -1.784671077820729e+01,  3.739709454690020e-02,  1.062523611354124e+01
s532        , -1.859817726729017e+01, -1.921025499084572e+01,  9.952699498053566e-03,  1.267945756288998e+01
s533        , -2.134099683522431e+01, -2.188778625089473e+01,  1.296211748223231e-01,  1.476591623920543e+01
s534        , -2.286936511308830e+01, -2.323955182740308e+01,  1.884302414924760e-01,  1.583729699624593e+01
s535        , -1.777040539985326e+01, -1.805432627345146e+01,  2.397592058731110e-02,  1.104171463067964e+01
s536        , -1.995222678224889e+01, -1.970001595880616e+01,  2.784494447423027e-02,  1.310594758547707e+01
s537        , -2.015268820600640e+01, -2.057745196029202e+01,  1.169826729038149e-01,  1.322956734080835e+01
s538        , -1.740140208992538e+01, -1.751707411008725e+01,  3.454533183446631e-03,  1.058390112673434e+01
s539        , -1.924950405987826e+01, -1.985261444548930e+01,  1.004123677184287e-02,  1.350113716033931e+01
s540        , -2.157643164881004e+01, -2.155288077154535e+01,  2.196489172295608e-01,  1.332689830253135e+01
s541        , -1.586673793577160e+01, -1.651878936113582e+01,  3.069379615784210e-02,  8.999770868235213e+00
s542        , -2.009907109345192e+01, -2.023715509658317e+01,  6.545117889357184e-02,  1.337192595920160e+01
s543        , -1.879069098033760e+01, -1.855730610441748e+01,  8.452756784960616e-02,  1.100649963317823e+01
s544        , -2.248614661420541e+01, -2.228498174570308e+01,  2.331209710770873e-01,  1.411334851630438e+01
s545        , -1.987972862262733e+01, -2.008587553700578e+01,  1.079938431340541e-01,  1.270085677365125e+01
s546        , -2.126472237694319e+01, -2.031956491388723e+01,  2.642884179422077e-02,  1.391529558052589e+01
s547        , -1.738356621674509e+01, -1.773995171944333e+01,  3.091653341325765e-02,  1.056122053803580e+01
s548        , -1.943625792183643e+01, -1.998667139185998e+01,  9.345224018521849e-02,  1.273696094547664e+01
s549        , -2.233202963006129e+01, -2.305003303984027e+01,  2.284394749022194e-01,  1.514567949532016e+01
s550        , -2.412763530103872e+01, -2.418084544607096e+01,  1.823415162812223e-01,  1.711113138231590e+01
s551        , -1.731823103856605e+01, -1.772068046165270e+01,  2.835848203232538e-02,  1.056524083754167e+01
s552        , -2.060923402045430e+01, -2.064522315200242e+01,  7.529704422697747e-02,  1.378407108205701e+01
s553        , -1.992869680942914e+01, -1.939600260494176e+01,  1.344183132350029e-02,  1.287819773331189e+01
s554        , -1.812921854031919e+01, -1.803231332180121e+01,  2.036743876552762e-02,  1.105400935992092e+01
s555        , -2.102602816640752e+01, -2.021442318509389e+01,  1.907118940477308e-01,  1.193739963474790e+01
s556        , -1.941820686683750e+01, -1.938144208729729e+01,  1.048902107345511e-01,  1.183350778312954e+01
s557        , -2.190718211184164e+01, -2.156805344358539e+01,  1.816365034321921e-01,  1.377282572994624e+01
s558        , -1.909304407213536e+01, -1.873319216788114e+01,  8.580517045391563e-03,  1.208387656946085e+01
s559        , -2.023025085829861e+01, -2.007368458874213e+01,  5.435311943941476e-02,  1.328708764342597e+01
s560        , -2.107002513254548e+01, -2.126083286796153e+01,  1.615262706779773e-02,  1.523608033661852e+01
s561        , -2.121559386756793e+01, -2.075353342574947e+01,  2.002564251438067e-01,  1.252075208371225e+01
s562        , -1.764234380631898e+01, -1.830597026303412e+01,  1.363742985541575e-02,  1.147999324539413e+01
s563        , -1.646928563220792e+01, -1.732001189091867e+01,  4.529015074758184e-02,  9.862130856534749e+00
s564        , -1.863449571719480e+01, -1.845547709313886e+01,  3.538229490014423e-02,  1.142749205093428e+01
s565        , -2.028655126138008e+01, -2.023866761364499e+01,  1.447370518952576e-02,  1.394582551120427e+01
s566        , -1.821002786093300e+01, -1.825398203785816e+01,  1.344424170790900e-02,  1.141557921735863e+01
s567        , -2.066943738863287e+01, -2.034054508146004e+01,  2.425176493691294e-02,  1.396659158415362e+01
s568        , -2.062629415098700e+01, -2.022228248322104e+01,  5.020041893139354e-03,  1.403091020611629e+01
s569        , -2.065075063553067e+01, -2.122762161489071e+01,  9.655874485391601e-02,  1.429139743359223e+01
s570        , -2.031634942577389e+01, -2.011108609843415e+01,  1.676359512364050e-02,  1.375673887454256e+01
s571        , -2.047206271335130e+01, -2.030809608258090e+01,  2.330738244557615e-02,  1.393562987123336e+01
s572        , -2.393038589894997e+01, -2.344769242429793e+01,  1.054142728806512e-01,  1.703529506879304e+01
s573        , -1.926109501090367e+01, -1.924231589620734e+01,  5.437804279347948e-02,  1.222206994885711e+01
s574        , -2.085894290369713e+01, -2.074779549261873e+01,  5.506402510355352e-02,  1.414244856641143e+01
s575        , -2.021973442813006e+01, -2.038139181505984e+01,  4.980080376010618e-02,  1.373224638651599e+01
s576        , -1.844714179521902e+01, -1.838215140670866e+01,  4.306384654584109e-02,  1.124739718881762e+01
s577        , -1.949977509463960e+01, -1.875521781832551e+01,  2.984076265338858e-02,  1.187354697295929e+01
s578        , -2.108198153892643e+01, -2.098802165645591e+01,  6.765569138173046e-02,  1.430883010784320e+01
s579        , -2.029210259566103e+01, -2.031336558310203e+01,  2.216350746528678e-02,  1.395521271676762e+01
s580        , -2.195204710511243e+01, -2.228043259305958e+01,  1.621237828194932e-01,  1.490410417321991e+01
s581        , -2.000078291173359e+01, -1.986078285652611e+01,  1.746981442867227e-02,  1.342825054221829e+01
s582        , -2.354247422413414e+01, -2.335402497034050e+01,  2.018905558726176e-01,  1.583287986263723e+01
s583        , -1.881717670098672e+01, -1.922431836242378e+01,  1.211407421750541e-02,  1.267321817223502e+01
s584        , -2.079214981383572e+01, -1.979367117902547e+01,  3.236386620920045e-03,  1.350199800229880e+01
s585        , -2.214462266832296e+01, -2.209657941394531e+01,  1.737093843906785e-01,  1.453865312328435e+01
s586        , -1.671124709479596e+01, -1.698027956738817e+01,  3.000132775302764e-02,  9.598573121860897e+00
s587        , -1.722924462132460e+01, -1.726424883675779e+01,  1.072803668657943e-02,  1.017849850463892e+01
s588        , -2.306180681354529e+01, -2.327619555460269e+01,  2.526251318306295e-01,  1.516396616537394e+01
s589        , -2.054966159202169e+01, -2.124113892625277e+01,  6.486733030765353e-02,  1.466428381476465e+01
s590        , -2.302597507766974e+01, -2.353773325888885e+01,  1.852937307546645e-01,  1.625437080770972e+01
s591        , -2.031576031139625e+01, -2.030757870086821e+01,  1.476923583088730e-02,  1.403076446043130e+01
s592        , -1.675983730084032e+01, -1.682295637225941e+01,  1.597595076170078e-02,  9.554451927968445e+00
s593        , -1.833051427645905e+01, -1.856197637312670e+01,  1.038960715780993e-01,  1.079516807827938e+01
s594        , -1.700453572465554e+01, -1.709819927804876e+01,  1.229644662295353e-02,  9.948240589377303e+00
s595        , -2.121342929627275e+01, -2.054046219816742e+01,  1.992406075267786e-01,  1.225926807140859e+01
s596        , -1.895402289388661e+01, -1.913657892365489e+01,  9.061762475246293e-02,  1.168004737387136e+01
s597        , -2.389559541191659e+01, -2.431463550355922e+01,  2.317041951419394e-01,  1.672863236295061e+01
s598        , -1.923753651242740e+01, -1.890169436973264e+01,  7.471126770124270e-02,  1.155769737800565e+01
s599        , -2.358158831573873e+01, -2.308837583802026e+01,  1.448621668195757e-01,  1.613251485100199e+01
s600        , -1.942143232536245e+01, -2.082766784541385e+01,  9.480080450593903e-02,  1.379889855927800e+01
s601        , -2.073803555561576e+01, -2.017301779780578e+01,  3.782895784752447e-02,  1.359970372282023e+01
s602        , -1.821856306700227e+01, -1.762064653743588e+01,  3.876654149705056e-02,  1.032034943977535e+01
s603        , -1.722454836479658e+01, -1.747003981944586e+01,  1.522857454309436e-02,  1.039156043719634e+01
s604        , -1.805154515236764e+01, -1.750393295514094e+01,  1.037813897964065e-02,  1.048938897732969e+01
s605        , -2.021935755598555e+01, -1.989218132840335e+01,  9.350238595957580e-02,  1.261538441611977e+01
s606        , -1.827906736534894e+01, -1.852026725184370e+01,  7.068994545648674e-02,  1.111432061151542e+01
s607        , -2.237721630921111e+01, -2.238010957211376e+01,  1.760814984750364e-01,  1.487515672270770e+01
s608        , -2.098562136420296e+01, -2.120181917635355e+01,  8.552441513978250e-02,  1.438215626338870e+01
s609        , -1.946776205882490e+01, -1.951733160175359e+01,  2.254187512526986e-02,  1.293148275225396e+01
s610        , -2.069261977150295e+01, -2.080878930169850e+01,  1.230403939642274e-01,  1.345787517398978e+01
s611        , -2.170289912291919e+01, -2.174339809525872e+01,  1.951195850963436e-01,  1.384611159628168e+01
s612        , -1.930046031145336e+01, -1.870470090047321e+01,  3.795181974866756e-02,  1.171784440445263e+01
s613        , -2.385958137896088e+01, -2.436602474115319e+01,  2.403852961153733e-01,  1.669704568041845e+01
s614        , -1.933674081040147e+01, -1.912953189255416e+01,  3.158129690979232e-02,  1.233340425560398e+01
s615        , -1.973716697922491e+01, -1.926984319741187e+01,  7.552548274078667e-03,  1.278270194924501e+01
s616        , -1.815004309366292e+01, -1.831628698086797e+01,  2.852166903984628e-02,  1.132620615295482e+01
s617        , -1.832352306169715e+01, -1.818305305715190e+01,  6.194991324202665e-02,  1.078051104002229e+01
s618        , -1.700993990522181e+01, -1.780356482715819e+01,  8.998164503984616e-03,  1.088861220348914e+01
s619        , -2.331208521979489e+01, -2.363936146720466e+01,  3.042722500056856e-01,  1.504959876040769e+01
s620        , -2.294394567846179e+01, -2.333347133199679e+01,  1.675058159157234e-01,  1.619235026550474e+01
s621        , -2.117716243218820e+01, -2.108862125239730e+01,  2.270943686949389e-02,  1.494196126656608e+01
s622        , -2.002792552777272e+01, -1.948653976403285e+01,  1.394003502640926e-01,  1.158090638310814e+01
s623        , -1.988853831837967e+01, -1.958901076050180e+01,  1.638621991646116e-02,  1.309234848349534e+01
s624        , -2.364575476956619e+01, -2.326776432255950e+01,  1.512809575774202e-01,  1.629024035441051e+01
s625        , -2.144171537166414e+01, -2.120417969691570e+01,  2.472124786296915e-01,  1.257105451791261e+01
s626        , -2.037069722396305e+01, -1.986584408255594e+01,  9.433683415507459e-04,  1.362015765164471e+01
s627        , -1.998545144661707e+01, -2.010414830884373e+01,  3.271943660122098e-02,  1.356883057083668e+01
s628        , -2.158119065398551e+01, -2.133758514681620e+01,  1.968177465996158e-01,  1.330733170411377e+01
s629        , -1.843917864187274e+01, -1.861869715707977e+01,  1.957362325916832e-02,  1.181390061599216e+01
s630        , -1.962256463480217e+01, -1.983735681935524e+01,  2.006510035934555e-02,  1.336912983462380e+01
s631        , -2.101091990223662e+01, -2.066372192676663e+01,  9.213485631136817e-02,  1.361884388666149e+01
s632        , -2.022844039713042e+01, -1.918771939501528e+01,  1.284882396749291e-02,  1.261810186785853e+01
s633        , -2.473876586737651e+01, -2.546129911281319e+01,  2.380858129401286e-01,  1.812556905011127e+01
s634        , -2.051539403555230e+01, -2.025780967773957e+01,  1.260444731759698e-02,  1.399131374639726e+01
s635        , -2.382235458298951e+01, -2.515639064981202e+01,  3.236407372803067e-01,  1.677515304115082e+01
s636        , -1.910586081968059e+01, -1.985905593316033e+01,  6.787592296755086e-02,  1.286048706243918e+01
s637        , -1.917066616024459e+01, -1.891508850384196e+01,  1.522020004706271e-02,  1.224233550055599e+01
s638        , -2.192001400012589e+01, -2.177507296240680e+01,  2.154150311073315e-01,  1.365896476083977e+01
s639        , -2.010078758798683e+01, -1.952864045520273e+01,  5.000810694026242e-03,  1.314277515193250e+01
s640        , -1.983289623130970e+01, -1.943857658569198e+01,  1.934442961432632e-02,  1.286649584605885e+01
s641        , -2.307886864739055e+01, -2.285436783144861e+01,  1.429985955250614e-01,  1.585372871735673e+01
s642        , -2.260273435105626e+01, -2.288300084937302e+01,  1.876936987934480e-01,  1.538892430913656e+01
s643        , -2.012782689900612e+01, -1.996628874548334e+01,  6.610644928697416e-02,  1.301767399173636e+01
s644        , -1.902512926743999e+01, -1.766064099925915e+01,  0.000000000000000e+00,  1.080652749985080e+01
s645        , -2.049081123370357e+01, -2.019125737998264e+01,  2.447764086864567e-02,  1.377286376892369e+01
s646        , -2.159630341817387e+01, -2.183129169292693e+01,  1.275196135854058e-01,  1.471714269485131e+01
s647        , -2.046804100673445e+01, -2.000879930300385e+01,  2.454306548721903e-02,  1.353845473597210e+01
s648        , -2.112203592795417e+01, -2.100986091947794e+01,  1.560755596777043e-01,  1.334473714951294e+01
s649        , -2.130712394597167e+01, -2.149088198138395e+01,  1.244150124984608e-01,  1.431601160128836e+01
s650        , -1.872664219670308e+01, -1.877443393059954e+01,  6.706846338922440e-02,  1.148046584099941e+01
s651        , -2.286060777226206e+01, -2.294665101421267e+01,  1.251079269196001e-01,  1.617264787294776e+01
s652        , -2.513277458672901e+01, -2.552705684469194e+01,  1.916023170466947e-01,  1.873132576248845e+01
s653        , -2.212366926194319e+01, -2.180695039935488e+01,  1.631605131163146e-01,  1.428608113500775e+01
s654        , -2.219498706816524e+01, -2.251908779898984e+01,  1.863350215718853e-01,  1.493810326988803e+01
s655        , -2.136195741190379e+01, -2.144404495605437e+01,  1.359635482189884e-01,  1.412645370250185e+01
s656        , -2.204727614381470e+01, -2.145532082172897e+01,  8.226827117103415e-02,  1.474335072215601e+01
s657        , -2.036339525797458e+01, -1.986279023445936e+01,  2.813243060511165e-02,  1.331118784984449e+01
s658        , -1.602366185676991e+01, -1.641484793814659e+01,  4.374451552043304e-03,  9.161953139004774e+00
s659        , -1.871169938684588e+01, -1.895432642687044e+01,  1.756071051375841e-02,  1.226632739803797e+01
s660        , -2.183022460938435e+01, -2.105289283242236e+01,  4.365900733089872e-02,  1.466115148817675e+01
s661        , -2.183692812512830e+01, -2.236887245009057e+01,  1.946746546100339e-01,  1.465215181979173e+01
s662        , -1.575332316936146e+01, -1.625585837211462e+01,  4.584618947810423e-03,  8.955976345446677e+00
s663        , -2.161244100467384e+01, -2.142217403201438e+01,  1.067011987071812e-01,  1.442676431160421e+01
s664        , -1.792030659393350e+01, -1.795859318598157e+01,  1.212304934689576e-02,  1.105209688642420e+01
s665        , -2.036353189911458e+01, -2.038792484570174e+01,  1.227328487957019e-01,  1.292232258090890e+01
s666        , -1.896012969757172e+01, -1.824473721584480e+01,  3.246878454209016e-02,  1.119028574484320e+01
s667        , -1.834472710605888e+01, -1.876577079202269e+01,  8.672097784487547e-02,  1.124887155080778e+01
s668        , -2.315183675604283e+01, -2.314955229666281e+01,  2.651131756567087e-01,  1.486165883131973e+01
s669        , -2.168824836514504e+01, -2.091843474192336e+01,  5.342443142425665e-02,  1.437938319635824e+01
s670        , -1.765957516951316e+01, -1.824310860976640e+01,  1.340967266087094e-02,  1.140204142489034e+01
s671        , -1.925271531654228e+01, -1.895014177589121e+01,  3.606262778063565e-02,  1.205337832170705e+01
s672        , -2.010246672918431e+01, -2.016719581591777e+01,  1.675001775311301e-01,  1.213734858377546e+01
s673        , -2.045224673553428e+01, -2.015871402731410e+01,  9.501535203746641e-03,  1.389921583185920e+01
s674        , -1.961862741224291e+01, -1.921323603674524e+01,  8.244166416534450e-03,  1.270244498393146e+01
s675        , -1.819835804307071e+01, -1.836241350736260e+01,  1.022792950426254e-02,  1.159053466517055e+01
s676        , -2.030955144796039e+01, -2.013578540998212e+01,  5.564337859198915e-02,  1.335214389042429e+01
s677        , -1.708028116046972e+01, -1.749797677158580e+01,  3.400176418000003e-02,  1.021670600869125e+01
s678        , -1.996975063415185e+01, -1.940559378761181e+01,  2.314199582696741e-02,  1.278164627503913e+01
s679        , -2.075675552323975e+01, -2.041667668447165e+01,  2.665461382894390e-02,  1.403713397147316e+01
s680        , -1.844365265503332e+01, -1.872162152068040e+01,  1.589799791881357e-02,  1.198695653585989e+01
s681        , -1.908965101407623e+01, -1.959613227240795e+01,  7.364171814715745e-02,  1.245906773057804e+01
s682        , -2.132701003782740e+01, -2.159000995304820e+01,  2.489706148206107e-02,  1.555954734923685e+01
s683        , -2.134055790648813e+01, -2.077989663004818e+01,  2.529458894276801e-01,  1.196334473455133e+01
s684        , -2.228765611405496e+01, -2.168948055194031e+01,  1.333615424452788e-01,  1.446997856213854e+01
s685        , -2.220524684044785e+01, -2.312345162901871e+01,  1.171318704863861e-01,  1.648856791117663e+01
s686        , -2.092862014660340e+01, -2.084951220641440e+01,  2.331231075314503e-02,  1.462896892305781e+01
s687        , -2.266843571203506e+01, -2.273061445049202e+01,  2.594718166991614e-01,  1.438841854652308e+01
s688        , -1.791243182954496e+01, -1.822306691953209e+01,  6.788292794356088e-02,  1.076518912705497e+01
s689        , -2.022924986754604e+01, -1.989532286856920e+01,  1.422242400883296e-02,  1.350892152428879e+01
s690        , -1.926971843911773e+01, -1.920083890482519e+01,  8.614171980274854e-02,  1.181256468711976e+01
s691        , -1.839442212707931e+01, -1.938566802979561e+01,  7.481442039193190e-02,  1.217636750984857e+01
s692        , -1.811967055159425e+01, -1.809376849204494e+01,  8.261872946619222e-03,  1.126853861561337e+01
s693        , -1.897178714286070e+01, -1.893644567785678e+01,  2.355972054120355e-02,  1.217611910435158e+01
s694        , -2.117746495604092e+01, -2.053441013649541e+01,  2.176153235251310e-01,  1.204535457910931e+01
s695        , -2.262578130233349e+01, -2.276448090649754e+01,  1.332457981465786e-01,  1.584803555142481e+01
s696        , -2.110358706695218e+01, -2.114004205752956e+01,  2.722721151979722e-01,  1.220774635421528e+01
s697        , -2.080079623838923e+01, -2.047211831086777e+01,  1.788642078558802e-02,  1.420651664250340e+01
s698        , -2.284382050270110e+01, -2.296864683340258e+01,  1.215964388877642e-01,  1.624021659466149e+01
s699        , -1.710021253686445e+01, -1.771683273521996e+01,  1.897982980667168e-02,  1.066554063150242e+01
s700        , -1.768315556313765e+01, -1.809081347576681e+01,  4.031287385688740e-02,  1.090514489355520e+01
s701        , -1.903295584190279e+01, -1.988449514854194e+01,  1.029426842350556e-01,  1.249962142759825e+01
s702        , -1.837939645173277e+01, -1.832717476196376e+01,  2.466676978766403e-02,  1.138340179615064e+01
s703        , -2.091048572489854e+01, -2.049011755624508e+01,  2.497820234804986e-01,  1.162772149900116e+01
s704        , -2.101614044515869e+01, -2.079253802540852e+01,  1.846276149200148e-02,  1.461041329043226e+01
s705        , -1.998067347119072e+01, -1.930731204267256e+01,  3.864673768173277e-02,  1.248181460466569e+01
s706        , -2.205053681559340e+01, -2.177382134187492e+01,  1.506179202040130e-01,  1.438437929848286e+01
s707        , -2.095566328486310e+01, -2.103988831909317e+01,  5.121629518010591e-02,  1.455970448329908e+01
s708        , -2.098548818691052e+01, -2.111214231114471e+01,  3.698511764040390e-02,  1.481191300800673e+01
s709        , -2.115794840593145e+01, -2.175943462432151e+01,  5.441133230043448e-02,  1.544538303135428e+01
s710        , -2.144561556804213e+01, -2.165719954087402e+01,  2.047780361000067e-01,  1.362734976257496e+01
s711        , -2.158487030708884e+01, -2.161967816845270e+01,  2.308336566044449e-01,  1.328695433940170e+01
s712        , -1.701606937532507e+01, -1.743242348367519e+01,  1.316272095712040e-02,  1.036656369026571e+01
s713        , -2.069677260469373e+01, -2.019691992207763e+01,  1.310404076843645e-02,  1.390772653917274e+01
s714        , -1.667903695847065e+01, -1.699462868723420e+01,  6.668105297611792e-03,  9.878746674623725e+00
s715        , -1.903979308955687e+01, -1.906096905972960e+01,  1.300624921920976e-02,  1.245400578081391e+01
s716        , -1.775292931769286e+01, -1.757820949329705e+01,  9.379061115709488e-03,  1.059572487224863e+01
s717        , -1.980553907801730e+01, -2.051430022081147e+01,  6.330466237069030e-02,  1.375095082434055e+01
s718        , -2.205506805307129e+01, -2.245417781086816e+01,  1.521508426324770e-01,  1.523851599721952e+01
s719        , -2.211926724507942e+01, -2.206941672575693e+01,  1.612411339957385e-01,  1.464375832979663e+01
s720        , -2.227273745316376e+01, -2.271718120207002e+01,  2.293825383782806e-01,  1.470881339265356e+01
s721        , -1.785735939085095e+01, -1.842625735183832e+01,  2.422561798296384e-02,  1.151524704805075e+01
s722        , -2.185625504194673e+01, -2.186447295237486e+01,  2.374873237661180e-01,  1.352581072750537e+01
s723        , -2.033801839240394e+01, -1.992975822787147e+01,  5.685902625470034e-02,  1.307464439179439e+01
s724        , -2.101306363073858e+01, -2.061869200128780e+01,  1.466004457816110e-01,  1.295007504023640e+01
s725        , -1.977835943733275e+01, -2.064511510292279e+01,  1.551102534369294e-01,  1.288843599701539e+01
s726        , -1.782642809085736e+01, -1.784112300411336e+01,  3.948935580708953e-02,  1.059460484851916e+01
s727        , -2.098840179836340e+01, -2.102323690427204e+01,  3.325871849305527e-02,  1.473986125544507e+01
s728        , -2.135488943619893e+01, -2.078993774673621e+01,  1.128383667078487e-01,  1.354819767991309e+01
s729        , -1.830313789299144e+01, -1.879122679446749e+01,  7.485065710925255e-02,  1.141465706390808e+01
s730        , -1.974102380594271e+01, -1.950546428762444e+01,  3.105437745417495e-02,  1.282077474741319e+01
s731        , -1.858542568590836e+01, -1.788427346708107e+01,  6.313360868775167e-02,  1.038458156789735e+01
s732        , -1.728575125425960e+01, -1.813195987026830e+01,  9.893264588927052e-03,  1.129914644447386e+01
s733        , -2.189672381410002e+01, -2.202552641811317e+01,  1.521593141292183e-01,  1.468944495786918e+01
s734        , -1.907291800543370e+01, -1.904801704609003e+01,  2.144679916287341e-02,  1.234271589486634e+01
s735        , -2.104653345651221e+01, -1.997484927986409e+01,  4.334937146339118e-02,  1.328396978542303e+01
s736        , -1.839280423093862e+01, -1.889461035054840e+01,  7.453943660323939e-02,  1.155055276785412e+01
s737        , -2.165426899727042e+01, -2.144895158770845e+01,  1.908667785296889e-01,  1.351672856631304e+01
s738        , -1.806822955624155e+01, -1.861513389456952e+01,  2.171187491732848e-02,  1.178534614517284e+01
s739        , -1.955458939471557e+01, -1.957156831755545e+01,  7.343901486258420e-02,  1.242988286212224e+01
s740        , -1.834079412742093e+01, -1.836199206249611e+01,  2.836493602597315e-02,  1.138649941005885e+01
s741        , -2.108323768665554e+01, -2.055833284689496e+01,  1.830991540443777e-02,  1.431218046165300e+01
s742        , -1.784982580383593e+01, -1.787488688014017e+01,  9.626163644077812e-03,  1.097290862335469e+01
s743        , -2.007117762213282e+01, -2.099026417691779e+01,  1.263411901156908e-02,  1.492903898581072e+01
s744        , -2.048858578542649e+01, -2.012205573955703e+01,  1.370068497988005e-02,  1.380515331292497e+01
s745        , -2.120349313282904e+01, -2.077221889496927e+01,  1.302924595506062e-01,  1.332967177626812e+01
s746        , -1.892251493836264e+01, -1.847087714538350e+01,  2.250722917146406e-02,  1.159167200253645e+01
s747        , -2.116880416688591e+01, -2.016435471498122e+01,  3.594498814610470e-02,  1.360974683215372e+01
s748        , -2.167842994358758e+01, -2.106651712436220e+01,  3.031628893525189e-02,  1.482830423361539e+01
s749        , -2.059667445248301e+01, -2.051760288307868e+01,  1.619561574889543e-01,  1.264832005707439e+01
s750        , -2.032384862658092e+01, -2.061496130500709e+01,  5.680146306271199e-02,  1.395283326508115e+01
s751        , -2.236553637276776e+01, -2.245279957524746e+01,  1.118060429808607e-01,  1.568941574420401e+01
s752        , -1.716732359631470e+01, -1.759330084022361e+01,  2.068378942572216e-02,  1.048821444683904e+01
s753        , -2.206691124025960e+01, -2.237929378847915e+01,  1.441195623842841e-01,  1.523272186348914e+01
s754        , -1.859855862913608e+01, -1.907017445731194e+01,  2.154935257403798e-02,  1.236994236298383e+01
s755        , -2.251644582892857e+01, -2.211722485086875e+01,  2.184682272935908e-01,  1.406290382728060e+01
s756        , -2.026279534630465e+01, -2.060993377067477e+01,  2.438055591962773e-02,  1.431015400767722e+01
s757        , -1.901185247831666e+01, -1.937671315218117e+01,  2.791249496911964e-02,  1.269113414828457e+01
s758        , -1.866312886885699e+01, -1.880916070555573e+01,  1.655803291864846e-02,  1.209166287859398e+01
s759        , -2.105033567951521e+01, -2.099457630618948e+01,  5.112697226590335e-02,  1.450267535567043e+01
s760        , -1.976737462921502e+01, -1.929390254420002e+01,  3.434730032449609e-02,  1.251288027573730e+01
s761        , -2.282845273202710e+01, -2.237272479578745e+01,  7.600421015724000e-02,  1.598855677170639e+01
s762        , -1.737428124739802e+01, -1.754431391350126e+01,  1.706403706907535e-02,  1.046608992517440e+01
s763        , -2.048674857080450e+01, -2.039780404642069e+01,  1.671388002108521e-02,  1.412449778824443e+01
s764        , -1.996103637141938e+01, -1.982412861082891e+01,  1.604146120476966e-01,  1.177748007126653e+01
s765        , -1.985538741097363e+01, -1.965055859288241e+01,  1.775079872315361e-02,  1.315586265535196e+01
s766        , -1.902823974868692e+01, -1.857369110770964e+01,  1.465957956036822e-03,  1.195942744553548e+01
s767        , -2.019726225103009e+01, -1.991400613909069e+01,  8.549357887874232e-02,  1.273319362343254e+01
s768        , -2.180287541987858e+01, -2.111239050921914e+01,  1.581734632864316e-01,  1.345250902833756e+01
s769        , -2.332774774981945e+01, -2.333381356149705e+01,  6.022804199030481e-02,  1.739643510142021e+01
s770        , -2.255011500408412e+01, -2.252433906604021e+01,  1.282054339128339e-02,  1.689164473127726e+01
s771        , -1.837836194936116e+01, -1.793580608494321e+01,  5.259090109642475e-02,  1.056886783852959e+01
s772        , -2.036442085092615e+01, -2.023568623524134e+01,  2.061869649340823e-02,  1.387306102003137e+01
s773        , -2.207703951964118e+01, -2.212382658430203e+01,  2.228300414848105e-01,  1.402241955514265e+01
s774        , -2.410464814655394e+01, -2.390668985745324e+01,  1.714525818375312e-01,  1.688219176513709e+01
s775        , -2.145476048405246e+01, -2.058772525723668e+01,  1.014236891294899e-01,  1.341729473939093e+01
s776        , -1.783304251394927e+01, -1.751764132645071e+01,  1.466351621592744e-02,  1.045886382743628e+01
s777        , -1.926023008452307e+01, -1.934430016910017e+01,  5.867010871963337e-02,  1.230452514267539e+01
s778        , -1.976550707196644e+01, -1.947777641954571e+01,  1.748579371205992e-02,  1.293755299014401e+01
s779        , -2.301809423461469e+01, -2.317980739097220e+01,  1.644625277132724e-01,  1.602969749265507e+01
s780        , -1.989864127452180e+01, -2.013787794094038e+01,  1.732268861268233e-02,  1.378477834529889e+01
s781        , -1.803783397921168e+01, -1.753558556833895e+01,  3.549982670928267e-02,  1.024806366265619e+01
s782        , -2.003060740563550e+01, -1.940775657986086e+01,  7.215256709742013e-03,  1.296311268993788e+01
s783        , -2.170310297580588e+01, -2.110385729535763e+01,  2.577857841144797e-01,  1.232393962095321e+01
s784        , -1.828106793020000e+01, -1.871429039588676e+01,  5.422830498171596e-02,  1.154750508479557e+01
s785        , -1.904288077315707e+01, -1.875351765174847e+01,  2.886368174486742e-02,  1.188233231705360e+01
s786        , -2.022975758111321e+01, -1.960804425233034e+01,  4.888125140061771e-02,  1.275213357281550e+01
s787        , -1.858814151939532e+01, -1.977062409505943e+01,  9.089640785464596e-03,  1.340680852459366e+01
s788        , -1.926046054059691e+01, -1.921815090507476e+01,  2.447813584334279e-02,  1.252659586925770e+01
s789        , -2.212378523930028e+01, -2.257297765925053e+01,  2.515171203226368e-01,  1.427578326257372e+01
s790        , -2.174169856486492e+01, -2.119723483839933e+01,  1.422829589831466e-01,  1.373945955132695e+01
s791        , -1.907773631846257e+01, -1.926209781245518e+01,  2.557218463096820e-02,  1.257060376952167e+01
s792        , -2.217884458062024e+01, -2.189329047441107e+01,  1.983772266755467e-01,  1.400152908617240e+01
s793        , -2.046845693654859e+01, -1.916150787221942e+01,  5.122316265978660e-02,  1.215397616557521e+01
s794        , -1.973890233992908e+01, -1.848289955295037e+01,  5.435743202357958e-02,  1.124971287770339e+01
s795        , -2.098054198937622e+01, -2.055216916292037e+01,  1.662026596333595e-02,  1.432324430857980e+01
s796        , -1.872193723420701e+01, -1.863458189666450e+01,  1.147655683901413e-02,  1.192509260592476e+01
s797        , -1.738396768625594e+01, -1.804820694312372e+01,  4.800302300423388e-02,  1.076429574270196e+01
s798        , -1.812351947027918e+01, -1.866715223449424e+01,  1.542817204817602e-02,  1.192246884979062e+01
s799        , -2.115781411801412e+01, -1.996597838361169e+01,  3.136648520945818e-01,  1.023969449715409e+01
s800        , -2.197753832223543e+01, -2.176420381727948e+01,  1.141998125446175e-01,  1.478066983162709e+01
s801        , -2.000340332694237e+01, -1.991522038488365e+01,  8.121927838252631e-02,  1.278270596395830e+01
s802        , -2.346278750692302e+01, -2.287044124537066e+01,  1.108475029073600e-01,  1.623504625666435e+01
s803        , -2.201425716118592e+01, -2.172230446044252e+01,  1.299069077693095e-01,  1.455077698286752e+01
s804        , -1.618324989548500e+01, -1.663291422872704e+01,  4.131439749950570e-03,  9.443958301329650e+00
s805        , -2.141738653455062e+01, -2.100074807460342e+01,  2.141879344162657e-01,  1.268105090050788e+01
s806        , -2.157933013723432e+01, -2.149681268500557e+01,  9.773293840513432e-02,  1.462297744677701e+01
s807        , -1.912040169626662e+01, -2.011785531468573e+01,  1.111149570534534e-01,  1.270679483058542e+01
s808        , -2.304047586711122e+01, -2.297210409193539e+01,  2.231010867192617e-01,  1.510577171432135e+01
s809        , -2.047218776779852e+01, -2.029615208608367e+01,  2.096951100397235e-02,  1.394656383282514e+01
s810        , -2.119146876442327e+01, -2.225218665744828e+01,  1.298289031557272e-01,  1.523027497629974e+01
s811        , -2.180116494254657e+01, -2.159503511576961e+01,  1.408416918974298e-01,  1.426509524421925e+01
s812        , -2.372646511684069e+01, -2.317232784093526e+01,  1.411836821777942e-01,  1.628130485441724e+01
s813        , -2.269928091374550e+01, -2.281732622978830e+01,  2.065596297256481e-01,  1.509314052230302e+01
s814        , -1.832573741415099e+01, -1.877364704315846e+01,  6.577015673362802e-02,  1.149402494895817e+01
s815        , -2.057906464758977e+01, -1.972504461155773e+01,  7.415043558394893e-02,  1.261845864846453e+01
s816        , -1.808215553271357e+01, -1.831457512359140e+01,  4.232517302611793e-02,  1.116913975135418e+01
s817        , -2.152086258044021e+01, -2.183015740500905e+01,  1.419469732060768e-01,  1.455381638764244e+01
s818        , -2.057353864229959e+01, -2.041382588272403e+01,  2.252734484496147e-02,  1.407979050546423e+01
s819        , -2.244567325669163e+01, -2.248833031083107e+01,  1.955445004796826e-01,  1.479538251265494e+01
s820        , -2.103220827040201e+01, -2.144125982811704e+01,  2.182182923900561e-02,  1.540354613445207e+01
s821        , -2.251724700203312e+01, -2.272193288824188e+01,  1.174201408913912e-01,  1.597110647793039e+01
s822        , -1.967652212859418e+01, -2.022173076360047e+01,  5.661048146839937e-02,  1.345136373275347e+01
s823        , -1.898228811729100e+01, -1.872067359377540e+01,  4.437203460172954e-02,  1.166626650568252e+01
s824        , -2.375965705343503e+01, -2.394776851547719e+01,  1.711204660614885e-01,  1.693852771642091e+01
s825        , -2.074394606294202e+01, -1.982842571259837e+01,  3.913412148035454e-02,  1.314373909661389e+01
s826        , -2.229590893513048e+01, -2.227225493556788e+01,  1.527966387001114e-01,  1.499828068663168e+01
s827        , -2.030439908572953e+01, -1.885966631536521e+01,  2.439335825308658e-01,  9.605213369926036e+00
s828        , -2.126632247755481e+01, -2.078358342130761e+01,  3.422264285878082e-02,  1.442212069628689e+01
s829        , -1.836528680868646e+01, -1.758727804950550e+01,  5.594383052277735e-02,  1.008488668136733e+01
s830        , -2.038358031572328e+01, -2.068059613185381e+01,  8.611867679334742e-02,  1.370795573456032e+01
s831        , -2.014217587228185e+01, -1.981354319417978e+01,  1.647933813484233e-01,  1.171479389502659e+01
s832        , -1.638297894992474e+01, -1.690599254049943e+01,  2.366423584564189e-02,  9.574534929309275e+00
s833        , -2.087813803835245e+01, -2.018450498436917e+01,  2.171197557594755e-02,  1.379524644662494e+01
s834        , -2.163260872857058e+01, -2.217988615250761e+01,  1.080674776998746e-01,  1.538184050512519e+01
s835        , -1.845033213930005e+01, -1.823889050217778e+01,  1.384997095578902e-02,  1.139169916784511e+01
s836        , -2.085703068105029e+01, -2.107524172500560e+01,  2.190493970306685e-02,  1.493385242128451e+01
s837        , -1.604298594536770e+01, -1.665369933511042e+01,  5.957708778738331e-03,  9.450087324528051e+00
s838        , -1.819387371328009e+01, -1.820253320866233e+01,  4.676687875242490e-02,  1.097581158781247e+01
s839        , -2.199016371973259e+01, -2.138659631022435e+01,  1.789014782044592e-01,  1.357111939458288e+01
s840        , -1.816847175772266e+01, -1.785241254235194e+01,  1.955008577089388e-02,  1.083278015260137e+01
s841        , -2.076446728280485e+01, -2.063880315823840e+01,  4.683934604396731e-02,  1.409514166282318e+01
s842        , -1.719569444321167e+01, -1.747625064358152e+01,  1.277513518889644e-02,  1.042704202980296e+01
s843        , -1.999816334280537e+01, -1.960566597768008e+01,  2.597933669833545e-02,  1.300604503504452e+01
s844        , -1.581596700213373e+01, -1.638122650830735e+01,  4.710838418458940e-03,  9.115119776049767e+00
s845        , -2.003183538643507e+01, -2.001293306090634e+01,  5.447517746493327e-02,  1.320791337726134e+01
s846        , -2.166933569232110e+01, -2.143974404217796e+01,  2.199398216394630e-01,  1.317873960529850e+01
s847        , -2.001719781047365e+01, -1.961176553254107e+01,  1.962036415970583e-02,  1.308520383979809e+01
s848        , -1.670780899311153e+01, -1.736537555987140e+01,  3.185629799449748e-02,  1.007095490032780e+01
s849        , -2.103364362191806e+01, -2.084250553032177e+01,  7.773180067755762e-02,  1.400941387551857e+01
s850        , -1.674889176362534e+01, -1.695827169444689e+01,  9.541417931058203e-03,  9.799945793800703e+00
s851        , -1.887785873496733e+01, -1.941441965876527e+01,  1.361562293758146e-02,  1.289983462099634e+01
s852        , -1.916613881673827e+01, -1.914153813409911e+01,  5.625235270708766e-03,  1.264000528150015e+01
s853        , -2.151831650372089e+01, -2.133321496183337e+01,  1.919811307926696e-01,  1.335600116105550e+01
s854        , -2.092228526657664e+01, -2.017972333442934e+01,  2.676091209689007e-02,  1.373247397031194e+01
s855        , -1.984690981488844e+01, -1.953432901678675e+01,  6.736184144274337e-03,  1.313058979429040e+01
s856        , -1.857995804240183e+01, -1.852709456450255e+01,  3.850525127472985e-02,  1.148417362892294e+01
s857        , -2.294003947989728e+01, -2.304660091790550e+01,  8.999348161677583e-02,  1.669463499226623e+01
s858        , -2.107902559750898e+01, -2.103598411994735e+01,  8.933829226159727e-02,  1.412697913152377e+01
s859        , -1.829183386036745e+01, -1.851233733551264e+01,  1.674811140100487e-02,  1.170938703621948e+01
s860        , -2.148418071954308e+01, -2.150460965532513e+01,  1.872884598512140e-01,  1.362815853210019e+01
s861        , -2.060440939951398e+01, -1.950321850419671e+01,  1.792293035670640e-03,  1.314621639826747e+01
s862        , -1.983634035476443e+01, -1.877190287214247e+01,  9.626154639153435e-03,  1.212172160715673e+01
s863        , -2.017821382918477e+01, -2.091404677447527e+01,  7.813257225708721e-02,  1.409654048649093e+01
s864        , -2.145828954671971e+01, -2.023484387373279e+01,  1.422841201910019e-02,  1.394368059462684e+01
s865        , -2.179521899962700e+01, -2.183741180495618e+01,  1.480942899770695e-01,  1.449413481765078e+01
s866        , -2.240641608733365e+01, -2.204699086676409e+01,  1.969379341756295e-01,  1.421452267660385e+01
s867        , -1.970162478711471e+01, -1.936543621721392e+01,  1.646836711086548e-02,  1.280509376006337e+01
s868        , -1.579821539399930e+01, -1.608100786983846e+01,  6.817676705750577e-03,  8.706989731499114e+00
s869        , -1.927595790821999e+01, -1.938481691415463e+01,  4.720621713643329e-02,  1.248503892752878e+01
s870        , -1.834436146157947e+01, -1.830633392463789e+01,  1.798914105031289e-02,  1.143163319802662e+01
s871        , -1.954632707936713e+01, -1.964977080982572e+01,  6.501922388644814e-02,  1.262450644985692e+01
s872        , -2.222687656829416e+01, -2.233274224860307e+01,  2.108370524124760e-01,  1.442453910511111e+01
s873        , -2.174135075548704e+01, -2.070417007894991e+01,  3.983254808136123e-03,  1.465969872204263e+01
s874        , -2.306987923711809e+01, -2.344059718599807e+01,  1.846992682022163e-01,  1.613663796563399e+01
s875        , -2.178123430913379e+01, -2.145027941628288e+01,  1.102591974797392e-01,  1.442283860646056e+01
s876        , -2.287277527114560e+01, -2.296278935387567e+01,  2.457992117935611e-01,  1.483917145250417e+01
s877        , -2.189016288213647e+01, -2.127875332213110e+01,  1.506046086932271e-01,  1.375049255492321e+01
s878        , -1.876974537203656e+01, -1.894897653425463e+01,  4.933559187195562e-02,  1.190296458125806e+01
s879        , -1.761744622782913e+01, -1.793427674531856e+01,  2.142901996243680e-02,  1.091654258315224e+01
s880        , -1.792977215528789e+01, -1.837684886417690e+01,  1.383295344361532e-02,  1.156857406930946e+01
s881        , -2.116921283478955e+01, -2.014315619460880e+01,  3.288163618751294e-01,  1.029660849317773e+01
s882        , -1.809005639564229e+01, -1.859761516350869e+01,  2.550847480457160e-02,  1.172031232447370e+01
s883        , -1.958200153707774e+01, -1.991757645509092e+01,  9.375330218258832e-03,  1.359180574100335e+01
s884        , -1.866641101726497e+01, -1.886555527936205e+01,  1.522074292767131e-02,  1.217889196030519e+01
s885        , -1.949202935470739e+01, -1.951925003086246e+01,  2.043358462026705e-02,  1.295759451535879e+01
s886        , -1.753621319174707e+01, -1.724771333972633e+01,  1.026633325973908e-03,  1.026617024451859e+01
s887        , -2.072504645987743e+01, -2.027420409842153e+01,  3.400342563660468e-02,  1.377221563769913e+01
s888        , -2.163711888094086e+01, -2.193056035647726e+01,  1.512292007619235e-01,  1.457825723069431e+01
s889        , -1.784767272504274e+01, -1.809385503524793e+01,  1.866884886279712e-02,  1.115188416025415e+01
s890        , -2.036577167825686e+01, -2.027099730222969e+01,  9.441104596013050e-02,  1.309034085513910e+01
s891        , -1.925489904031788e+01, -1.918382886820864e+01,  2.186256617263084e-02,  1.251198591027242e+01
s892        , -1.797999052112338e+01, -1.871768289852741e+01,  5.747045514977333e-02,  1.151547325978306e+01
s893        , -2.224398236502422e+01, -2.289243193282716e+01,  6.352007955710037e-02,  1.679421908234697e+01
s894        , -2.015695897880840e+01, -1.973608246946045e+01,  1.597496274158590e-02,  1.328531822611013e+01
s895        , -1.853378696029952e+01, -1.887942623685010e+01,  4.784048095132110e-02,  1.183066617033402e+01
s896        , -2.478440805107692e+01, -2.480635702482275e+01,  2.245905258044714e-01,  1.743819728439546e+01
s897        , -2.202247365131235e+01, -2.283691846885407e+01,  9.240513088719475e-02,  1.639903514928922e+01
s898        , -2.008627742560493e+01, -1.963434623340500e+01,  6.937829480607521e-02,  1.255584375139603e+01
s899        , -1.802005794967191e+01, -1.780952574822138e+01,  2.880203486854878e-02,  1.067404882079883e+01
s900        , -1.770516073583232e+01, -1.804672110835851e+01,  3.744761590772173e-02,  1.088082350222784e+01
s901        , -2.425916197575684e+01, -2.378368513309163e+01,  1.187354539180576e-01,  1.731614021793483e+01
s902        , -1.641892815066793e+01, -1.675278697314144e+01,  5.690995710094408e-03,  9.579981855403648e+00
s903        , -2.332207101034287e+01, -2.315269171792869e+01,  1.484128107090268e-01,  1.617504663044944e+01
s904        , -2.132463334662818e+01, -2.006780480543329e+01,  2.572732670745080e-01,  1.100281239054041e+01
s905        , -2.166343218809494e+01, -2.224631083297968e+01,  1.249411719123282e-01,  1.527758966358866e+01
s906        , -1.790842270146736e+01, -1.805364162964057e+01,  1.669082890234706e-02,  1.112257584792662e+01
s907        , -1.911599503394165e+01, -1.954032726722546e+01,  2.392691404798511e-02,  1.294539340989185e+01
s908        , -2.062377494321661e+01, -2.001372485141024e+01,  4.273962272140574e-02,  1.334059924858259e+01
s909        , -2.034650826700463e+01, -2.086396405763475e+01,  2.073749805283577e-01,  1.258231162580759e+01
s910        , -1.701866755175476e+01, -1.717500814017970e+01,  1.077332679989070e-02,  1.006369934584871e+01
s911        , -1.800428066961873e+01, -1.837885049505135e+01,  1.523082415535476e-02,  1.155545359000985e+01
s912        , -2.018815932170212e+01, -2.010808439457853e+01,  5.642998701263018e-02,  1.330784138842544e+01
s913        , -1.735412329082851e+01, -1.762306595355422e+01,  3.602864072698871e-02,  1.035416698745716e+01
s914        , -2.004618788210774e+01, -2.017784554519613e+01,  6.677418023393170e-02,  1.328112396839052e+01
s915        , -1.937730144245923e+01, -1.904404489756386e+01,  6.056709117965833e-02,  1.189870274462995e+01
s916        , -2.191302790761547e+01, -2.232960774521332e+01,  1.629828444416463e-01,  1.495744444671500e+01
s917        , -1.792924589211810e+01, -1.729685293851931e+01,  2.849744199487885e-02,  1.002088368390266e+01
s918        , -2.621730238337609e+01, -2.666767593127308e+01,  2.385258350878004e-01,  1.966564488875607e+01
s919        , -1.919355775511356e+01, -1.826528625621457e+01,  2.135383305743460e-02,  1.134131171498565e+01
s920        , -1.675861595936722e+01, -1.681454181329233e+01,  1.335238646619510e-02,  9.573111504887864e+00
s921        , -2.192756432754418e+01, -2.120424064257724e+01,  1.479253067403644e-01,  1.368512530836076e+01
s922        , -2.290193110331377e+01, -2.262051526414017e+01,  1.466355403304122e-01,  1.551342638188478e+01
s923        , -1.925371616601646e+01, -1.943536267756692e+01,  5.742265543790335e-02,  1.243514566285807e+01
s924        , -1.798705044323696e+01, -1.887969214973421e+01,  1.796760796940830e-01,  1.035182369905365e+01
s925        , -2.338449219749342e+01, -2.363940858809635e+01,  1.602738337959148e-01,  1.666530780446585e+01
s926        , -1.762302148317026e+01, -1.814150878086487e+01,  2.141112071966926e-02,  1.118214651892327e+01
s927        , -1.720744831710588e+01, -1.753861103041694e+01,  6.097573377074167e-03,  1.058182890612209e+01
s928        , -1.827654667645005e+01, -1.863145863048934e+01,  6.712746819598593e-02,  1.129669462821888e+01
s929        , -2.066098735264480e+01, -2.056177836876001e+01,  6.914414428464372e-02,  1.374623788844717e+01
s930        , -1.982419875205301e+01, -2.007896354952356e+01,  1.210715346500073e-01,  1.254527408689964e+01
s931        , -2.184683786579889e+01, -2.198352111116526e+01,  8.902652270169836e-02,  1.534399253669433e+01
s932        , -2.007807490293144e+01, -2.010909309437298e+01,  1.696511490024006e-02,  1.375192539128573e+01
s933        , -2.186904116931162e+01, -2.220632109620317e+01,  5.898295631371626e-02,  1.596641958689822e+01
s934        , -1.595875499840616e+01, -1.676126484763322e+01,  3.725680320061995e-03,  9.612890165777580e+00
s935        , -1.706347068237267e+01, -1.759314536274152e+01,  5.898463575824182e-02,  1.005828342992470e+01
s936        , -1.818003510858343e+01, -1.736946357719081e+01,  3.189647556630705e-02,  1.007573965604551e+01
s937        , -2.175658784400171e+01, -2.207334190952524e+01,  2.504524109150223e-01,  1.364784318988912e+01
s938        , -2.010166135357230e+01, -2.007858765658774e+01,  2.870135686319344e-02,  1.358117739223147e+01
s939        , -1.813809060682595e+01, -1.777024559922073e+01,  2.847515697656706e-02,  1.062741007606656e+01
s940        , -2.094308051046411e+01, -2.036495038783474e+01,  7.471652803702572e-02,  1.343163768348734e+01
s941        , -1.827480816862776e+01, -1.844833268771987e+01,  2.128157709237464e-02,  1.157655090359761e+01
s942        , -1.770857434290158e+01, -1.800979681703559e+01,  1.102988205862171e-02,  1.112993886792070e+01
s943        , -1.938132201948424e+01, -1.915064542415665e+01,  2.139219250650221e-02,  1.247476525526453e+01
s944        , -1.770272330222015e+01, -1.801766682531441e+01,  1.370386366120501e-02,  1.111001620475500e+01
s945        , -1.924477319915050e+01, -1.866193699225743e+01,  1.954249036665950e-02,  1.186962739803775e+01
s946        , -2.185513295241253e+01, -2.132775813613625e+01,  5.276744470902665e-02,  1.491097705077557e+01
s947        , -2.017292248813791e+01, -2.012297098881187e+01,  9.308031633719481e-02,  1.291569347395239e+01
s948        , -1.792501053388721e+01, -1.818964865125356e+01,  2.539663616614055e-02,  1.119908238379894e+01
s949        , -2.005207290213696e+01, -2.065412395231417e+01,  1.285325420416908e-01,  1.319817309957555e+01
s950        , -2.257823345395823e+01, -2.244653053300046e+01,  2.081870745421241e-01,  1.460000083464812e+01
s951        , -1.571913272603913e+01, -1.633646943811560e+01,  1.154961287407350e-02,  8.981068764989418e+00
s952        , -2.233989362366768e+01, -2.286602721476844e+01,  1.639436722482242e-01,  1.563365915579059e+01
s953        , -2.342860552534396e+01, -2.302456045286370e+01,  1.323374373195816e-01,  1.619131245481053e+01
s954        , -2.204077204416149e+01, -2.215933901460788e+01,  1.294729203893342e-01,  1.511535862732579e+01
s955        , -1.756302978982562e+01, -1.771939177003430e+01,  4.346807780218354e-02,  1.039406215926516e+01
s956        , -2.291971088639473e+01, -2.289255356906233e+01,  1.499006292748599e-01,  1.582519321317857e+01
s957        , -1.872997367448807e+01, -1.824846500408788e+01,  3.052832324080017e-02,  1.121683173537963e+01
s958        , -2.138547156076431e+01, -2.120200370707042e+01,  4.668786003571533e-02,  1.481813509099448e+01
s959        , -1.926386090665138e+01, -1.885904205702407e+01,  3.192263656063697e-02,  1.198315676694502e+01
s960        , -1.680470785163838e+01, -1.740441808927423e+01,  1.207377521241898e-02,  1.034291491001743e+01
s961        , -2.001579976967623e+01, -2.017674227575721e+01,  1.012173151093720e-01,  1.289326226953952e+01
s962        , -1.871905926332032e+01, -1.874207582627190e+01,  7.000037061866664e-02,  1.140612893083570e+01
s963        , -1.918665598310528e+01, -1.987675109318188e+01,  1.216112924703262e-02,  1.350826409184036e+01
s964        , -1.746488927974545e+01, -1.781452877205582e+01,  2.425487831802540e-02,  1.073147488766165e+01
s965        , -1.971186761143078e+01, -1.999571704486677e+01,  9.624833454147766e-02,  1.271717384279479e+01
s966        , -1.765956881606673e+01, -1.755090615048537e+01,  7.982417768568836e-03,  1.057642755117430e+01
s967        , -2.223688117086612e+01, -2.191013023781752e+01,  2.587911627377663e-01,  1.334525717110203e+01
s968        , -1.998239594820018e+01, -1.980902450517835e+01,  4.317356874917357e-02,  1.307356965419692e+01
s969        , -2.101894011109180e+01, -2.084563895253036e+01,  6.513033647063945e-02,  1.415481410911208e+01
s970        , -1.986554229461376e+01, -1.977775406333156e+01,  1.453461195500260e-02,  1.335484784596927e+01
s971        , -1.914500631305469e+01, -1.826817283077274e+01,  4.928922977209749e-02,  1.103157603989559e+01
s972        , -1.930540895911451e+01, -1.952009534392514e+01,  5.223831010186915e-02,  1.260183108132322e+01
s973        , -2.013055280326089e+01, -2.009254973686615e+01,  8.088217271204809e-03,  1.383033618739860e+01
s974        , -1.991254970003848e+01, -1.941805962948808e+01,  3.236538739130499e-02,  1.269412575480593e+01
s975        , -2.002907222040815e+01, -2.112275121558554e+01,  9.617387797117825e-02,  1.416140755714652e+01
s976        , -2.147573630129902e+01, -2.104446193646763e+01,  1.114754950301700e-01,  1.388945937920346e+01
s977        , -1.918950409415471e+01, -1.904729686667703e+01,  3.538281422985815e-02,  1.218543277821098e+01
s978        , -1.698999961978807e+01, -1.745980645539089e+01,  1.217064015410322e-02,  1.041276425293613e+01
s979        , -2.115978794608996e+01, -2.091753285283487e+01,  1.679222132789141e-01,  1.309357379121013e+01
s980        , -1.730989298326385e+01, -1.749526722802742e+01,  1.932921095580160e-02,  1.037786055082451e+01
s981        , -2.142850865946883e+01, -2.097481259293139e+01,  5.372010852213040e-02,  1.444826912383623e+01
s982        , -2.110948756566415e+01, -2.135605053486440e+01,  1.099163012397359e-01,  1.430600646871156e+01
s983        , -1.831465175322002e+01, -1.857485996726639e+01,  2.159888400143910e-02,  1.173503487181169e+01
s984        , -2.150201864035685e+01, -2.146679385197294e+01,  2.181229904695850e-02,  1.543635461480974e+01
s985        , -1.659952594735737e+01, -1.729624068581593e+01,  4.588608678450743e-02,  9.825000608535394e+00
s986        , -2.105203087443673e+01, -2.050455296426235e+01,  2.093170302536696e-02,  1.421388808536641e+01
s987        , -2.066592788190784e+01, -2.138423655636450e+01,  1.123554119693188e-01,  1.431473785475792e+01
s988        , -2.133344594608628e+01, -2.204570885516923e+01,  1.408781609490785e-01,  1.484186618471067e+01
s989        , -2.008246059204520e+01, -2.012345114447931e+01,  8.959794521539552e-02,  1.295538028841926e+01
s990        , -2.181814335912880e+01, -2.221367659678701e+01,  2.079733126778039e-01,  1.430418201795404e+01
s991        , -1.674874949890157e+01, -1.740198654561589e+01,  5.596919042107767e-03,  1.041247053735078e+01
s992        , -1.990187356431624e+01, -2.017297856789775e+01,  3.104673365550385e-02,  1.367574939888319e+01
s993        , -2.167451347953028e+01, -2.134145434691537e+01,  1.108537640165991e-01,  1.427679481330367e+01
s994        , -2.085856003252748e+01, -2.054636929987014e+01,  1.938547839357041e-01,  1.232726176070692e+01
s995        , -1.532250426373563e+01, -1.596968862939384e+01,  2.530772072508979e-03,  8.612521288666915e+00
s996        , -2.197589637081217e+01, -2.276609647124860e+01,  2.832987052915094e-01,  1.416652509795626e+01
s997        , -1.843774602570321e+01, -1.860730769774631e+01,  3.039667479124043e-02,  1.167788045728526e+01
s998        , -2.004154224207673e+01, -1.928938445263238e+01,  1.883958025831194e-02,  1.268108909483207e+01
s999        , -1.918982967461324e+01, -1.989737970628656e+01,  7.028100386597266e-02,  1.288258372937828e+01
s1000       , -2.386287011937712e+01, -2.396108560332063e+01,  1.829077999391192e-01,  1.682333019938849e+01
s1001       , -2.142986106465667e+01, -2.129936467638874e+01,  8.683665228099063e-02,  1.449236009743765e+01
s1002       , -1.703565403983971e+01, -1.777355396597916e+01,  2.042611722051055e-02,  1.072195658754672e+01
s1003       , -2.272857267296788e+01, -2.267792484231991e+01,  1.924907418924900e-01,  1.507246006498045e+01
s1004       , -1.957549960274314e+01, -1.881585916016753e+01,  4.208302006781445e-02,  1.181385366620019e+01
s1005       , -2.033955634118916e+01, -1.969408825904434e+01,  2.817268095491405e-02,  1.309467877813229e+01
s1006       , -2.103463075725037e+01, -2.194129458863754e+01,  1.505875714520295e-02,  1.611982419501173e+01
s1007       , -1.845815321471510e+01, -1.935471576942290e+01,  1.175755551450637e-02,  1.284421889213790e+01
s1008       , -2.105860584214290e+01, -2.062105303262722e+01,  1.744954540923092e-01,  1.264011945340512e+01
s1009       , -2.225664818829298e+01, -2.198392457172206e+01,  1.699462010734885e-01,  1.443659806460750e+01
s1010       , -2.029000137617794e+01, -1.975515826735026e+01,  2.554030584547177e-02,  1.320242644558132e+01
s1011       , -2.150175758271834e+01, -2.078169817088835e+01,  1.661516118344631e-01,  1.293947561413003e+01
s1012       , -1.789395613621291e+01, -1.826907896300497e+01,  2.950463459774135e-02,  1.125471782638213e+01
s1013       , -1.907481979836395e+01, -1.976323548654164e+01,  8.894471238136428e-02,  1.250137949850511e+01
s1014       , -1.701362802016618e+01, -1.754344072299737e+01,  1.696607682705659e-02,  1.046607073042243e+01
s1015       , -1.771043360260808e+01, -1.792971390374799e+01,  6.417850409693465e-02,  1.043105373490047e+01
s1016       , -2.325177194237830e+01, -2.272337801118368e+01,  1.149654190420824e-01,  1.600049900257526e+01
s1017       , -2.061131053204120e+01, -2.034805407519405e+01,  1.948586260866187e-02,  1.402968136631057e+01
s1018       , -1.637685178145171e+01, -1.657850360848635e+01,  2.564840512538704e-03,  9.391851443125473e+00
s1019       , -2.229355013298489e+01, -2.230148722168496e+01,  1.888907361709600e-01,  1.463074624087106e+01
s1020       , -1.626620443538163e+01, -1.669421933152962e+01,  1.043854905363637e-02,  9.451706880547947e+00
s1021       , -2.225684084822025e+01, -2.235257152205224e+01,  2.416364565446845e-01,  1.410436813547085e+01
s1022       , -1.619907626993357e+01, -1.673200759074542e+01,  7.019338313338213e-03,  9.538465716921277e+00
s1023       , -2.164326276096592e+01, -2.144007502021835e+01,  2.453379110069084e-02,  1.537160078782734e+01
s1024       , -1.814482992541786e+01, -1.830470686512363e+01,  1.816590110210578e-02,  1.142756618357285e+01
s1025       , -1.966276460675046e+01, -1.917919765567218e+01,  2.450968399744113e-02,  1.247635427993114e+01
s1026       , -1.787958226759213e+01, -1.796876146348945e+01,  1.741137313488856e-02,  1.100578495458461e+01
s1027       , -2.228548280106830e+01, -2.247516309171673e+01,  1.664778549093226e-01,  1.510464422050675e+01
s1028       , -1.939576101741603e+01, -1.932875750008181e+01,  2.255792140734217e-02,  1.268979491607855e+01
s1029       , -2.072177297910414e+01, -1.972672626868737e+01,  5.424218372769300e-02,  1.284398106992824e+01
s1030       , -2.116639743005703e+01, -2.049520065451549e+01,  1.519999332118756e-02,  1.426621977952033e+01
s1031       , -1.871817432191781e+01, -1.902214927885110e+01,  2.306487659476288e-02,  1.229143223883232e+01
s1032       , -1.793076662035363e+01, -1.887643938332887e+01,  7.837823820439013e-02,  1.148421012576948e+01
s1033       , -2.190726556241366e+01, -2.188047889708254e+01,  1.813182068114345e-01,  1.417652183436398e+01
s1034       , -1.655942363042545e+01, -1.719789752390850e+01,  9.575304448423231e-03,  1.010645559265062e+01
s1035       , -1.920990065585595e+01, -1.923677830341008e+01,  5.131845866941453e-02,  1.224930617228555e+01
s1036       , -1.624542641970273e+01, -1.627642269491649e+01,  6.885462058907859e-03,  8.956497933403799e+00
s1037       , -1.865413258865576e+01, -1.906833748155297e+01,  1.454305848975360e-02,  1.244619970004507e+01
s1038       , -2.303917859954092e+01, -2.320223270207125e+01,  2.179407108409833e-01,  1.545839751261079e+01
s1039       , -2.268866240524940e+01, -2.351783816238872e+01,  2.312090588913153e-01,  1.571372539146203e+01
s1040       , -2.002650999928207e+01, -2.051344737365659e+01,  9.601562122329940e-02,  1.338284469474207e+01
s1041       , -2.439240447433291e+01, -2.429388196383769e+01,  1.355468240803482e-01,  1.778092986637706e+01
