sample_id,rho,AAV,PF,VPA,RBI,WE,B,N,S,O,F,Na,Al,Si,P,Cl,Ge,Br,I,Na-Na,Na-Na-max,Na-Na-avg,bottleneck_min,bottleneck_avg,poly_dist_max,poly_dist_std,poly_dist_avg,poly_dist_avg_fixed,face-area-max,face-area-avg,face-area-min,face-area-count,pockets-per-ion,pockets-per-volume,paths-per-ion,paths-per-volume,E_T
s1,2.653957822341039,14.633847712797454,0.3401421168257149,23.177307938187894,2.0514013940455293,2.805802919708029,0.0,0.0,0.0,0.6313868613138686,0.0,0.12773722627737227,0.0,0.0,0.17153284671532848,0.0,0.06934306569343066,0.0,0.0,2.6971205306858037,4.698974316093115,3.4542615095658187,2.4428769519988434,4.471080394254086,0.5623303589265172,0.07503429439863338,0.3851971018417861,0.3851971018417861,10.973039588017949,2.521378495397306,2.5549941025793312e-06,24.78405485524708,5.371428571428571,0.04688660155054669,45.34285714285714,0.3957927481953064,14.123209513764964
s2,2.8548809979266823,18.856722019647552,0.36900415891111077,30.285038395191492,3.251245993436864,2.6508679245283018,0.0,0.0,0.0,0.4679245283018868,0.0,0.18490566037735848,0.0,0.0,0.13584905660377358,0.0,0.05660377358490566,0.15471698113207547,0.0,2.826186487941879,4.439870061882528,3.400027861346096,2.4512679989812307,4.376743163601428,0.7481877843294252,0.12754273884234585,0.37597387633853996,0.37597387633853996,11.77736635202651,2.837638352641486,8.278833643588525e-07,29.00826512304658,1.1734693877551021,0.011506831985399734,5.48469387755102,0.05378193210567267,16.44066438572554
s3,1.8271309747610411,25.551037085977804,0.3390892607546219,44.860599463930484,2.8138292601296966,2.2230000000000003,0.11304347826086956,0.0,0.30434782608695654,0.0,0.0,0.20869565217391303,0.10869565217391304,0.0,0.0,0.26521739130434785,0.0,0.0,0.0,2.9806893970629145,5.4596899167145905,3.9745976862827037,2.866112977046136,5.228186653050527,0.4180961942069896,0.08186930894081618,0.07738705545540749,0.08075171004042521,15.033403774624515,3.383426140560227,2.368493632744814e-11,39.47400904384479,2.5833333333333335,0.021100139026391188,14.566666666666666,0.11897755812300578,10.62347521346189
s4,1.8957755081654097,26.401584933872623,0.2489657494249539,42.46519986351804,4.240583283028147,2.2344569288389513,0.0,0.0,0.6217228464419475,0.0,0.0,0.10112359550561797,0.0,0.24344569288389514,0.033707865168539325,0.0,0.0,0.0,0.0,3.7534097509820605,6.453750896058303,4.607185791018079,3.2174938959499184,4.920098503084249,0.27249142505208535,0.057804138208237266,0.11600986784268008,0.11600986784268008,12.877547033198338,3.4443356743536517,5.3453594798595756e-06,40.58767222111217,8.425925925925926,0.03227305963743333,51.56481481481482,0.19750403200095187,12.561388838669885
s5,2.5848936397301645,21.500606774061463,0.3603967288325272,34.72147677798745,3.9638952699262844,2.586269230769231,0.0,0.0,0.0,0.4076923076923077,0.0,0.21923076923076923,0.0,0.0,0.16153846153846155,0.0,0.0,0.21153846153846154,0.0,2.9287175885694885,4.569941666602946,3.4929754125316874,2.284763326082288,4.427358439652934,0.7786703442683791,0.19065665774112397,0.325544000447842,0.3638432946181763,15.09098204509995,3.1659058593845337,4.092371995635271e-09,35.067899134662326,2.1052631578947367,0.02146629936487495,13.359649122807017,0.13622155805293565,13.347472272939923
s6,2.371426498408645,14.266431345592876,0.38953970854465964,23.072870447810686,2.082610091793765,2.751297709923664,0.0,0.0,0.0,0.6183206106870229,0.0,0.16793893129770993,0.0,0.0,0.21374045801526717,0.0,0.0,0.0,0.0,2.882431089797915,4.085444975960415,3.3804388577640507,2.5044015675395035,4.371234194880638,0.5610470921185245,0.0843480708935893,0.3779116394913297,0.3779116394913297,10.35642918713169,2.458773844019737,4.497406764214744e-06,24.008806553182456,3.0568181818181817,0.03598368549150444,19.21590909090909,0.22620227571053536,13.224775378419034
s7,2.8713738364421153,15.019865185062612,0.4805963160809025,26.846530685111937,1.5398586323589005,2.538502202643172,0.0,0.0,0.0,0.5066079295154186,0.0,0.18061674008810572,0.15418502202643172,0.0,0.0,0.05286343612334802,0.10572687224669604,0.0,0.0,2.7630562979791664,4.308789208592205,3.4206694590895066,2.5717846516634526,4.575949480871699,0.6289888673586531,0.10925450908862427,0.3449130602758376,0.3449130602758376,9.886061002284764,2.2731396492594924,1.674043328792812e-07,24.72788230554392,1.9414634146341463,0.023346467403733875,10.536585365853659,0.126704446211219,12.585542461365678
s8,2.79434122173169,25.637818364491373,0.27459193891392325,41.0205093831862,5.346387746968972,2.27625,0.0,0.0,0.625,0.0,0.0,0.08333333333333333,0.0,0.0,0.0,0.0,0.2916666666666667,0.0,0.0,3.5928677685671118,6.678413500800719,4.80133311181141,3.32970492269241,4.579869092081788,0.2229100601280844,0.05059506642016903,0.09268620819597542,0.09268620819597542,10.799851249316253,3.3194965447241036,1.0610166792444372e-05,38.56046123200643,5.654761904761905,0.018380275264872653,35.04761904761905,0.11391901132586335,15.166750614248818
s9,2.6778383658388454,14.413666385809208,0.6824233068359701,27.875486878215924,2.749219723904794,2.378390243902439,0.0,0.0,0.0,0.4682926829268293,0.0,0.3463414634146341,0.0,0.0,0.09268292682926829,0.04878048780487805,0.04390243902439024,0.0,0.0,2.5923071733145093,3.5004955453412085,3.035151084124451,2.4206381381556583,4.392407780767412,0.6161481374363929,0.09616110243147595,0.3782415454990412,0.3782415454990412,9.991007960759205,2.1238063144632653,2.0655199037444005e-07,17.4728605222126,0.1323943661971831,0.0031812626509608965,0.2676056338028169,0.00643021174130394,15.076001687438636
s10,2.4433770433095563,23.638548935284895,0.5347046365926674,48.80216554381397,5.0529396569584035,1.9053645833333333,0.0,0.0,0.40625,0.0,0.0,0.390625,0.0,0.0,0.0,0.057291666666666664,0.125,0.020833333333333332,0.0,2.8299739946750777,4.0857374494392635,3.426812595666848,1.996128076040746,5.112117136530066,0.3561391222007734,0.07193939791409239,0.0913488365189688,0.0913488365189688,11.661780161931304,2.924788301262471,5.444729136486846e-09,31.072973373015767,0.13777777777777778,0.0022767659974301134,0.4177777777777778,0.006903742056723569,12.228058139000456
s11,1.830966699328553,25.75893630665174,0.2238020835493611,38.83453849276935,1.8880141613340506,2.5446127946127945,0.0,0.0,0.4107744107744108,0.0,0.16498316498316498,0.09090909090909091,0.0,0.24579124579124578,0.0,0.08754208754208755,0.0,0.0,0.0,3.564271543915988,7.143108861372175,4.698705642076574,3.0504937585743472,5.083511489697452,0.24940784641412067,0.07284812373539344,0.09783261142487631,0.09874693489613684,12.806120218320517,3.496772030658555,6.787662143907356e-06,38.311956461230636,8.87037037037037,0.031305535942843674,50.101851851851855,0.17682072545587382,13.275070700898683
s12,2.105968774106123,22.55455747464971,0.32520201411601857,40.17530550171979,1.5619267096780864,2.134210526315789,0.0,0.0,0.5087719298245614,0.05263157894736842,0.0,0.09649122807017543,0.34210526315789475,0.0,0.0,0.0,0.0,0.0,0.0,3.5470404106833415,5.899924969056881,4.414271248255304,2.440375142355674,7.202147888301679,0.33256325803483194,0.04482723729746356,0.00643022681551661,0.09305721115804044,12.802925646978027,3.079734018606523,1.2763107589874817e-08,38.52126546921191,3.494949494949495,0.014951832648011362,17.232323232323232,0.07372204190031036,11.284716003085512
s13,2.0757922308344154,25.91403718130974,0.22422205575933948,43.362822216724965,5.215919025804542,2.3274900398406375,0.3147410358565737,0.0,0.4342629482071713,0.0,0.0,0.08764940239043825,0.0,0.0,0.0,0.0,0.0,0.16334661354581673,0.0,3.4677091177345565,6.52506073805805,4.390679606417384,2.8579661897785513,5.538640966869496,0.2681988040721139,0.06429653932451315,0.09003621213941702,0.09003621213941702,14.803097144948863,3.3116909797756895,1.7073840870717105e-05,37.93094562803379,9.125,0.030863612304670072,57.11363636363637,0.193176233428732,9.46682840188505
s14,2.687932461524103,28.856578767542644,0.27936191506645613,45.41923048619138,4.890264689108163,2.3243984962406015,0.0,0.0,0.42857142857142855,0.0,0.0,0.13157894736842105,0.0,0.0,0.0,0.07894736842105263,0.23308270676691728,0.12781954887218044,0.0,3.1623520646903267,5.971831422849625,4.096005973116068,1.9740815635213187,5.4841597841741185,0.29926554224800117,0.07776057262670263,0.08192919939745243,0.08311657909886477,13.19972599514899,3.7289800958286325,1.0481745088435606e-06,42.96885468525203,3.2785714285714285,0.014949484515081523,16.77857142857143,0.07650618545953486,12.01349596978806
s15,2.453255137373183,21.140732948381665,0.5937263263724936,44.10002356974241,1.8413280486988144,1.9966494845360825,0.0,0.0,0.36597938144329895,0.0,0.1134020618556701,0.41237113402061853,0.0,0.0,0.0,0.0,0.10824742268041238,0.0,0.0,2.5527898393948445,4.0909461331393455,3.2284908780090857,2.08086929754604,5.084133587678158,0.35817855029239454,0.0755940031156608,0.09467829418004933,0.09467829418004933,10.49369966682505,2.6825420753841303,3.93264806571802e-07,26.21456862784396,0.08125,0.0015848624889677765,0.15416666666666667,0.003007174979067063,14.683229092202485
s16,2.5090302212384055,13.524345404733316,0.5849090311240057,24.25795286880736,2.1188404764542432,2.5412389380530973,0.0,0.0,0.0,0.5575221238938053,0.0,0.2743362831858407,0.0,0.0,0.168141592920354,0.0,0.0,0.0,0.0,2.6061588511274527,3.575146974198267,3.1214474854670535,2.42103402655802,4.274844985229073,0.6468962636595266,0.07808426496286965,0.3761455065514202,0.3761455065514202,9.757886060353082,2.1113940862591,3.7144018396538716e-10,19.629689624828288,0.7311827956989247,0.014831769264874855,4.630824372759856,0.09393453867754074,14.199065153243735
s17,1.9395930019350616,23.503576411880665,0.33399734063865505,39.49240390295594,1.661334612512551,2.331578947368421,0.0,0.0,0.44129554655870445,0.0,0.15384615384615385,0.19433198380566802,0.0,0.21052631578947367,0.0,0.0,0.0,0.0,0.0,3.2073414934819473,5.300013472644137,4.013007914101831,3.160717626374302,5.048682962253717,0.37556561942285416,0.06733891637709034,0.11374786219313719,0.11374786219313719,14.138835384323672,3.1722322541427537,3.3076735926231524e-07,37.64068851338993,2.3541666666666665,0.019464692118568674,14.166666666666666,0.11713266053651947,11.42800033320397
s18,2.1728218599919855,18.551866531978558,0.35070497678424095,31.525199771124377,2.018358763625744,2.447407407407408,0.0,0.0,0.24279835390946503,0.345679012345679,0.0,0.13991769547325103,0.1440329218106996,0.03292181069958848,0.09465020576131687,0.0,0.0,0.0,0.0,2.9927109574187902,5.750048295349311,3.9173325059451023,2.3525175736913204,4.706268123711693,0.6603964584826777,0.1809193644251432,0.21482303268851244,0.17355922738232196,13.60272050891364,2.7975549160676003,1.2426970517541724e-07,33.62453708704192,2.9647058823529413,0.022359734752283984,22.270588235294117,0.16796419796060946,14.062565902991167
s19,2.349266697206678,12.378182947665053,0.586876090898531,22.780017357467607,2.171961497172124,2.640045662100457,0.1963470319634703,0.0,0.0,0.3059360730593607,0.2374429223744292,0.2602739726027397,0.0,0.0,0.0,0.0,0.0,0.0,0.0,2.6098055569190888,3.9566851896408077,3.0891758187347502,2.2865465115891417,4.586827737841664,0.6335384608472288,0.13520867914832504,0.3022573739409308,0.3033216604688918,12.27002155514361,1.9923114225308793,1.626304092468287e-07,13.945711794351723,0.7263157894736842,0.015272120042955953,5.066666666666666,0.10653594851221447,14.12458121298059
s20,2.1687062073052257,27.526439760099983,0.26175212462117087,45.2220081773071,4.581080397084797,2.2137944664031624,0.06324110671936758,0.0,0.5335968379446641,0.0,0.0,0.1067193675889328,0.039525691699604744,0.18181818181818182,0.0,0.0,0.0,0.0,0.07509881422924901,3.4556471804096254,6.418978110115686,4.406621656289136,3.2023327048610457,5.093734370836719,0.2866757488427311,0.06794286367661943,0.10392724847714145,0.10392724847714145,13.354980296331167,3.534191675081644,1.3856974226160753e-05,42.85265581994504,4.7407407407407405,0.018379741737916025,20.47222222222222,0.07937033004400845,13.150520325861455
s21,2.243377064176897,16.963280573943894,0.6262146604743649,36.239735771607386,1.452412636012122,2.1142553191489366,0.0,0.0,0.14893617021276595,0.3191489361702128,0.0,0.32978723404255317,0.20212765957446807,0.0,0.0,0.0,0.0,0.0,0.0,2.639504314970135,3.9317371862490766,3.1428908101695314,2.5715236624733544,4.4381147659745555,0.7110362985296717,0.18120147736801948,0.2472968374447873,0.16627358459934913,10.344868691861523,2.3717097394743125,4.0096281017493445e-08,19.485002233986002,0.6217008797653959,0.01208663693593459,3.868035190615836,0.07519940621932888,15.04806233776153
s22,2.4212108417823317,30.86599480330913,0.3006630002838638,51.44332467218193,6.039000487591528,2.1507599999999996,0.028,0.0,0.432,0.0,0.0,0.18,0.0,0.192,0.0,0.0,0.0,0.0,0.168,3.5490573126030394,5.595622088326013,4.172017122160323,3.0350475102004655,5.393160315337423,0.3284747338476227,0.08156975619514625,0.08283492066309923,0.08668770767068526,17.102464996803246,3.9871554249209176,3.003337471997909e-05,48.169304740579165,2.716666666666667,0.01584267745511232,16.322222222222223,0.09518565718429448,9.896851008472128
s23,2.3899554273026182,13.897886362273395,0.5518958188196993,23.824948049611514,2.956681388393497,2.7104166666666667,0.041666666666666664,0.0,0.0,0.31666666666666665,0.26666666666666666,0.275,0.0,0.0,0.1,0.0,0.0,0.0,0.0,2.660071353685351,3.937253355433709,3.134729816858532,2.2877256818743614,4.511442219682776,0.6467306252799954,0.13589845685948304,0.3433516157285768,0.3433516157285768,9.443066083431194,2.214027081263627,8.245300022666795e-10,17.24528354806313,0.8080808080808081,0.015989641621006294,3.676767676767677,0.07275286937557864,15.927741754371858
s24,2.730598564471427,19.301767605055343,0.46018718107851925,33.428423605856665,3.2009877089532557,2.4956066945606694,0.0,0.0,0.0,0.3472803347280335,0.0,0.25523012552301255,0.0,0.0,0.0,0.2301255230125523,0.16736401673640167,0.0,0.0,2.9067399859848484,4.953057854787254,3.483019283768824,2.5547444016534264,4.586599603767272,0.7317343897613819,0.19796841151994926,0.2194775750884235,0.2688379935822055,11.750740352200312,2.918509517221191,8.794065563433606e-06,32.789926305616056,0.8459016393442623,0.01118548238729245,3.301639344262295,0.04365806497675774,12.81057956035353
s25,2.4774819273065436,12.982801393045792,0.8707589881064157,29.84358242297539,1.4252258551913866,2.157231638418079,0.07344632768361582,0.0,0.0,0.4350282485875706,0.0,0.4124293785310734,0.07909604519774012,0.0,0.0,0.0,0.0,0.0,0.0,2.353700098454137,3.293111954615387,2.803791413569294,2.312725919587282,4.370158409274043,0.6813581942909249,0.11064834608280033,0.35645647521223245,0.35645647521223245,8.24748489846738,1.8791225445956157,1.7470908607074204e-06,6.646953176850578,0.14383561643835616,0.004569278393959011,0.4931506849315068,0.01566609735071661,14.276915057556574
s26,2.6251330933756845,32.06251242680661,0.29695383239254614,54.55080239283069,3.752486896428846,2.137061224489796,0.09387755102040816,0.0,0.3469387755102041,0.0,0.0,0.1510204081632653,0.1673469387755102,0.0,0.0,0.0,0.0,0.0,0.24081632653061225,3.1715448233507155,6.05451834371616,4.390252725696054,3.075808568633531,5.288595558905462,0.3273684195171923,0.07482874402253403,0.0664551825771137,0.0718959577588657,19.289308324285994,4.00899834953459,7.501332458276303e-07,48.630679030442636,3.4054054054054053,0.016040094033795485,17.708108108108107,0.08340848897573652,11.525462648428528
s27,2.160902801752476,21.331473482036472,0.434018549447077,37.99668713987748,4.259321115700294,2.1623684210526317,0.0,0.0,0.45614035087719296,0.10526315789473684,0.0,0.2675438596491228,0.0,0.0,0.17105263157894737,0.0,0.0,0.0,0.0,2.943185142039422,4.5849889628600335,3.640034391601717,2.429072954477604,5.2848475381260664,0.7829807134714034,0.18016772005402834,0.10056991341785501,0.13381353851942415,11.715447180272651,2.842974530359941,1.2233240799363915e-06,31.88894080658613,0.3114754098360656,0.003906590578635342,1.1311475409836065,0.014187092101359924,13.143331003170026
s28,1.790693937296201,28.9324867189732,0.24651771240108422,44.16011130790646,3.7483722573094154,2.3904137931034484,0.0,0.0,0.38620689655172413,0.0,0.0,0.1310344827586207,0.05862068965517241,0.041379310344827586,0.11379310344827587,0.2689655172413793,0.0,0.0,0.0,3.290141628137717,6.707442901455071,4.366148726997451,2.879095990397639,5.181404089335438,0.4004710787643551,0.079547426524667,0.08712926933451147,0.09070992423866946,14.566154598848975,3.6265471615660285,7.301036041952298e-09,41.277677622496135,7.059210526315789,0.03197098158152469,39.01973684210526,0.17671937722276138,10.109436011511418
s29,2.429541222985082,12.887573026810156,0.8828060552719429,29.624680853836303,1.8565157232989682,2.178587570621469,0.10734463276836158,0.0,0.0,0.4011299435028249,0.03389830508474576,0.4293785310734463,0.02824858757062147,0.0,0.0,0.0,0.0,0.0,0.0,2.4374668909415007,3.1772045936752855,2.833180032468313,2.3136776011465194,4.434526793469627,0.6286765097437637,0.11870959243429598,0.3510689120129225,0.3510689120129225,8.299645233988782,1.8725077424363863,2.788034844069086e-06,7.275031785998616,0.09210526315789473,0.0030686943551433555,0.2741228070175439,0.009133018914117129,15.268891202232082
s30,1.915531727970309,24.866915271240646,0.2841644157587383,43.01794831594187,4.443394896943107,2.2828270042194094,0.26582278481012656,0.0,0.3755274261603376,0.0,0.0,0.15611814345991562,0.0,0.0,0.0,0.1350210970464135,0.0,0.06751054852320675,0.0,3.2635654110819456,6.38550168456399,4.012517249649562,2.9263554684879787,5.462367333846924,0.2672919946845021,0.06959185480639879,0.08827376667600728,0.08923850729541723,14.29512662410143,3.286234547101008,8.69471315218184e-07,37.813667543708675,4.102702702702703,0.025757369666783277,26.34054054054054,0.1653697791649999,10.028582542820041
s31,2.3112669920942333,23.03461619467093,0.5108965902753333,48.09425359326901,1.974400782318085,1.9352105263157893,0.0,0.0,0.3263157894736842,0.09473684210526316,0.0,0.33157894736842103,0.18947368421052632,0.0,0.0,0.0,0.0,0.0,0.05789473684210526,2.756111174268261,4.238715166485513,3.4504824813560986,2.3947257099044448,5.8211817837381234,0.805665779251939,0.1376863476054741,0.05354579918977087,0.097074930913445,14.557932156412718,2.8993929767764945,2.2169859848008954e-07,31.073318778463072,0.1984126984126984,0.0028561133004434826,0.5582010582010583,0.00803519875191433,11.725253056243329
s32,2.1732210838218053,20.36387730567396,0.5075580230652603,37.1935279715202,1.9442276096405606,2.2223529411764704,0.0,0.0,0.3755656108597285,0.0,0.17194570135746606,0.334841628959276,0.0,0.0,0.11764705882352941,0.0,0.0,0.0,0.0,2.6491732148286147,4.106540606277004,3.250485862551815,1.9734583534986716,5.134855696948094,0.3257277247168634,0.07124953768603666,0.11385682712554916,0.11385682712554916,11.011706467446896,2.6976722608038353,6.972344917759461e-07,27.211395413124222,0.22162162162162163,0.003644106850698005,0.6216216216216216,0.01022127531293343,14.921927957424133
s33,2.2011916553116726,13.66937197972066,0.6607848436345075,29.028216900755112,1.9397557367213698,2.290952380952381,0.20634920634920634,0.0,0.0582010582010582,0.4126984126984127,0.0,0.32275132275132273,0.0,0.0,0.0,0.0,0.0,0.0,0.0,2.577876633175314,3.7022227485907924,3.0136568090001488,2.297050289592295,4.371219460371826,0.6922179602904386,0.12103756318189948,0.3413596812577875,0.21695134208266822,9.477537119362939,2.0105537319802798,1.369269366911468e-07,14.26310740775077,0.31420765027322406,0.007418843740203817,1.133879781420765,0.026772349149431166,16.01885063327922
s34,2.2205777821280313,22.047249019345504,0.6194854106192373,51.056787202694906,2.7204197583278678,1.7456818181818183,0.0,0.0,0.4318181818181818,0.0,0.0,0.4431818181818182,0.07954545454545454,0.0,0.0,0.0,0.045454545454545456,0.0,0.0,2.7880569067999774,3.909845150409007,3.2183307628132787,3.020127968389412,5.005744683343422,0.3089214260532502,0.06845554332506701,0.09640909884560715,0.09640909884560715,9.912569866315115,2.755896099382036,2.139154332240073e-07,22.48696537508562,0.017094017094017096,0.0003436146418589534,0.03205128205128205,0.0006442774534855377,16.16633110132655
s35,2.5838138168269844,13.382908321710465,0.6905717920592388,26.0082935308713,1.8195165246525566,2.3963106796116502,0.0,0.0,0.0,0.5145631067961165,0.0,0.32524271844660196,0.0,0.08737864077669903,0.06310679611650485,0.0,0.009708737864077669,0.0,0.0,2.510313795191973,3.5158671780590813,2.9650531153179367,2.4146678482111166,4.346058475172234,0.6179562006535573,0.08850797876207672,0.36668339933466565,0.36668339933466565,9.118942882936377,1.9789335227356735,6.114864097391771e-08,14.922891737713154,0.47761194029850745,0.011607327950774505,2.8776119402985074,0.0699341509034164,13.972272785511247
s36,2.2666644642397396,18.06793819123829,0.21530577697453068,26.5505382810215,2.6050892219088033,2.910287539936102,0.0,0.0,0.0,0.610223642172524,0.0,0.07667731629392971,0.0,0.0,0.24281150159744408,0.0,0.0,0.07028753993610223,0.0,3.3581176518018694,6.59540653603702,4.070154234749932,2.6096678403744265,4.5881892154481205,0.6806397616496389,0.11223235777565152,0.41597944375703255,0.41597944375703255,12.415351144482813,3.1405628055388277,2.8656905399524265e-07,31.989031968709625,11.09375,0.04708002477273722,76.02083333333333,0.3226197378323345,14.649057033822748
s37,1.9807425177758398,18.141987536150367,0.2306028078091257,27.305542465124294,2.9800715530076665,2.8619322033898302,0.05423728813559322,0.0,0.0,0.5389830508474577,0.0,0.09152542372881356,0.0,0.0,0.18983050847457628,0.12542372881355932,0.0,0.0,0.0,3.0414932355340243,6.66198512684272,3.7587663609284503,2.4315266712040025,4.72404036315304,0.6053545943301326,0.11220741384684778,0.3774831112918476,0.3774831112918476,12.704921811131737,2.923056128434292,1.974868530496884e-07,29.92482295252502,8.703703703703704,0.04390975177907995,64.69444444444444,0.32638025072386345,14.959206900449049
s38,2.1726675860802303,18.52753968011224,0.7240729102842457,44.62266599012948,1.8298607361620451,1.8595321637426903,0.0,0.0,0.22807017543859648,0.1871345029239766,0.0,0.4619883040935672,0.12280701754385964,0.0,0.0,0.0,0.0,0.0,0.0,2.5042818965274702,3.5823542614676325,3.0357045774975737,2.4843392630065875,4.7939263246901085,0.790057915703715,0.18387819149212814,0.12739053338208328,0.1367371868366084,9.588498428404792,2.5308048190018604,1.4036631912430968e-06,14.415006745069737,0.1350210970464135,0.0033667809497816524,0.310126582278481,0.007733074994029732,13.33332330145529
s39,2.5431417579028506,14.005353817250128,0.4527664622767244,25.39182033533966,1.089516747574422,2.48304932735426,0.0,0.0,0.06278026905829596,0.48878923766816146,0.0,0.1210762331838565,0.3273542600896861,0.0,0.0,0.0,0.0,0.0,0.0,2.8591589035823124,4.5033264309836,3.418585162107594,2.6113284682037827,4.767742470076597,0.57875130681987,0.12274899446212288,0.31534745456805,0.20215463720918664,12.344888857691355,2.187796564212342,8.131260706716186e-07,22.41981917412146,2.7333333333333334,0.023629656797978203,18.525925925925925,0.16015656274185228,11.128341113904973
s40,2.093911680901065,22.729264512488818,0.5296114128323024,49.11611182009079,1.9999463644945858,1.8265425531914894,0.0,0.0,0.4627659574468085,0.0,0.0,0.35106382978723405,0.1702127659574468,0.0,0.0,0.0,0.015957446808510637,0.0,0.0,2.7395623312767485,4.007688377493645,3.3662062076328176,3.2404656852326537,5.0089563476868815,0.3392576273123365,0.06714365021619736,0.10086410141387779,0.10086410141387779,11.731095310342104,2.825988928422307,2.852270389894154e-06,27.322258104895056,0.32323232323232326,0.00499247026856564,1.22979797979798,0.018994789224933334,11.797590010508499
s41,2.2224275356393948,24.294359126209045,0.4439575138367989,47.87417827811783,2.1145028493421636,1.9483084577114427,0.0,0.0,0.4228855721393035,0.0,0.0,0.2736318407960199,0.21890547263681592,0.0,0.0,0.0,0.0,0.0845771144278607,0.0,2.908927503784149,4.918455588805859,3.6859171140324096,3.021146617678081,5.264386917357191,0.31745143937922227,0.06721960353180643,0.09629831285468299,0.09664976655123293,13.261849125924446,3.089038292586401,4.124983637173442e-06,35.3136512436137,0.5672727272727273,0.006389297194078173,3.0872727272727274,0.0347725212677716,11.728773296739408
s42,1.9845786635477354,25.6030761193689,0.2539743208713006,40.15027845991939,5.343254352920361,2.2730434782608695,0.0,0.0,0.6376811594202898,0.0,0.0,0.10144927536231885,0.06521739130434782,0.0,0.1956521739130435,0.0,0.0,0.0,0.0,3.6231291880974754,6.61638867268532,4.574093686412731,2.892663696059434,5.069822854917988,0.2832584931972614,0.05996862099965128,0.12264619291332823,0.12264619291332823,13.044971957164455,3.2812847074708213,2.6071088382928113e-06,39.026319135959035,5.919642857142857,0.02345591113587147,36.267857142857146,0.14370725646140256,12.703128349408328
s43,2.483531400569895,13.731089122802647,0.5368181668821485,25.467062732035718,1.1870165033456388,2.5098617511520738,0.0,0.0,0.0,0.45622119815668205,0.08294930875576037,0.1935483870967742,0.2672811059907834,0.0,0.0,0.0,0.0,0.0,0.0,2.642927939866189,4.301209487228519,3.266461650291242,2.54663721093825,4.5816451181109885,0.6737139688760888,0.1076217094685039,0.335062783544956,0.335062783544956,11.162234164495873,2.0399749360478006,5.925905260198035e-08,19.90427686831363,2.4952380952380953,0.03517195937165289,19.233333333333334,0.2711059998131794,13.62268239225422
s44,2.6402601589905768,25.743871100383817,0.5342260516453995,54.95882594463968,10.09379949298031,1.8322105263157897,0.03684210526315789,0.0,0.35789473684210527,0.0,0.0,0.42105263157894735,0.0,0.0,0.0,0.0,0.07368421052631578,0.0,0.11052631578947368,2.8542047888144206,4.306244022613148,3.442025584876792,2.964137303880923,4.991577862856202,0.4090866339640517,0.07705097144643301,0.08045466025834384,0.08079129063599381,15.74378060820091,3.114800309761233,3.2122772055866525e-07,32.97898219313799,0.09791666666666667,0.0016014712789182617,0.25833333333333336,0.00422515826778435,12.883993170367136
s45,2.297601259684285,23.281395603902403,0.47245589182561487,47.03792173033337,4.9853523531585395,2.0153030303030306,0.16666666666666666,0.0,0.31313131313131315,0.030303030303030304,0.0,0.3383838383838384,0.0,0.0,0.0,0.0,0.0,0.15151515151515152,0.0,2.9867235291540735,4.259229907338408,3.592515619307224,2.258243346738878,7.521168683284713,0.6403511773698742,0.05593114587550479,0.008707110237038315,0.08254880566344149,12.94972213359768,2.978146089147606,2.327852067113277e-07,33.616552748986926,0.16666666666666666,0.0024224194870797696,0.6044776119402985,0.008785790080005731,12.465939195782735
s46,2.8035096778716393,23.91232874817072,0.30550604559779587,39.33963761795832,3.1610863535163762,2.3238431372549018,0.0,0.0,0.4980392156862745,0.10980392156862745,0.0,0.11764705882352941,0.0,0.0,0.0,0.0,0.27450980392156865,0.0,0.0,3.386958455909055,6.150052792057152,4.3834325828529135,2.529470527877657,4.969978928392804,0.8932314945964062,0.17921620198578292,0.08547164525407602,0.12167301675664793,13.046003828120742,3.1373421888676662,3.0950068277224e-05,36.83608190971587,3.1083333333333334,0.015292792197739352,16.466666666666665,0.08101489914941813,13.682323405621235
s47,2.389631836155332,22.641981698155252,0.30597554387898174,35.207037475702926,1.9145951972054915,2.5434982332155474,0.0,0.0,0.4134275618374558,0.0,0.2226148409893993,0.1519434628975265,0.0,0.0,0.08480565371024736,0.007067137809187279,0.12014134275618374,0.0,0.0,3.121653828741352,5.2430220066538915,3.7905000980421546,3.117104081703402,5.039688372606499,0.29106581910293616,0.07463136350160969,0.10397607873660498,0.1064516996589051,12.733261902673991,3.0998574534222487,1.9854627517918906e-06,31.048999418796363,2.2848837209302326,0.015333160741164769,10.813953488372093,0.072569157706276,11.85448877277465
s48,3.0907410854358157,31.75218978868913,0.31784120078163774,51.39885722044055,7.8521181818455394,2.2045173745173745,0.0,0.0,0.3783783783783784,0.0,0.0,0.1776061776061776,0.0,0.0,0.0,0.0,0.20463320463320464,0.05019305019305019,0.1891891891891892,3.445273270732967,6.766102569011304,4.159827794116163,1.9640938210249712,5.82056546973464,0.4640420181702264,0.0724717385630728,0.052263524043527895,0.05793065315668152,16.17017654136693,4.2075861328886655,3.8803828469223105e-08,48.96906455298017,1.2554347826086956,0.007022286477148768,3.8152173913043477,0.021340455008478074,10.478986889272328
s49,2.04768056449298,20.285345943788844,0.41633641542526734,33.7644244985433,4.841535255267108,2.533162055335968,0.0,0.0,0.0,0.3359683794466403,0.0,0.2648221343873518,0.0,0.0,0.13438735177865613,0.2648221343873518,0.0,0.0,0.0,2.971210548130644,4.19345344567572,3.395763635632092,2.3331170810464985,4.62849685343705,0.7776151288946517,0.1979430014161733,0.27463850795166583,0.30165213168461646,12.468124767609629,2.9271484172217006,7.172553244255732e-08,31.628046675210694,1.3320895522388059,0.01739022836467748,8.216417910447761,0.1072640976443132,15.42114442929074
s50,2.577494744025949,24.65282719666355,0.3264013449334234,41.547771709062346,4.432180520103652,2.191659751037345,0.0,0.0,0.5850622406639004,0.0,0.008298755186721992,0.14937759336099585,0.0,0.06224066390041494,0.0,0.0,0.1950207468879668,0.0,0.0,3.231821260115419,5.688535548540588,4.150297256389511,2.9699651134602494,5.086701084728301,0.2918922224780844,0.059757262221799855,0.1207193002108941,0.1207193002108941,12.494455263242358,3.233918833475081,6.864690380633829e-07,37.64820180783119,1.761111111111111,0.010671008940292675,7.2,0.0436265854467486,14.045076873886602
s51,2.224850338653129,14.04824512135942,0.629353528597335,28.526538562760468,2.301724234531679,2.3596984924623117,0.19597989949748743,0.0,0.0,0.40703517587939697,0.0,0.31155778894472363,0.0,0.0,0.0,0.08542713567839195,0.0,0.0,0.0,2.6458025772160148,3.683462657607587,3.0931247902261925,2.3011120401978244,4.427488408928011,0.6834591614688517,0.12272748184984464,0.3377657790494329,0.3377657790494329,10.252462023342929,2.099397807296223,6.516222520804755e-08,17.434961434995216,0.11827956989247312,0.0026231690118363924,0.1424731182795699,0.003159726309712018,14.642044333722879
s52,1.8658512059374774,20.178427486432476,0.17367169340429003,28.139447705689026,3.237602313192901,3.0492717086834733,0.0,0.0,0.0,0.43977591036414565,0.1484593837535014,0.06442577030812324,0.0,0.0,0.2184873949579832,0.12885154061624648,0.0,0.0,0.0,3.181797315493889,6.578328695921129,4.438470078152937,2.820552993164028,4.4632369203088125,0.6466965810862118,0.15209872419030204,0.3426900866923701,0.3426900866923701,10.688432001901871,3.4071768818207717,1.1053548209405765e-05,30.803522712052,14.115942028985508,0.045069440592121694,83.81159420289855,0.26759401944993816,13.170626811627484
s53,2.277695111627175,16.229889765481815,0.3920234664707779,27.50064654706643,1.652929596453787,2.6160245901639345,0.0,0.0,0.0,0.42213114754098363,0.06147540983606557,0.14344262295081966,0.19672131147540983,0.06967213114754098,0.0,0.10655737704918032,0.0,0.0,0.0,3.0628123034561923,5.542883340086113,3.6749124389742716,2.440821590397279,4.65238941451357,0.6372464711363821,0.15919986181587853,0.30279101232306216,0.3192073925092523,12.125626351030625,2.62532998140523,3.011049608836341e-06,30.01164153797285,3.337142857142857,0.02949425606132284,20.81142857142857,0.18393506947831811,9.531997590282408
s54,2.3820542634088078,12.758046128049227,0.7770768926755256,26.62548757158097,2.339543673411158,2.373333333333333,0.14583333333333334,0.0,0.0,0.3333333333333333,0.14583333333333334,0.375,0.0,0.0,0.0,0.0,0.0,0.0,0.0,2.490661218128365,3.286983054895268,2.912954920167043,2.280909914635314,4.5050723170262685,0.6772619643080793,0.13185551819037708,0.3296101544384784,0.3296101544384784,8.661496101531506,1.8918613475935213,4.265105696331563e-08,11.19982671808873,0.15343915343915343,0.004510070112787774,0.3333333333333333,0.009797738520883784,17.32873802536493
s55,2.057049081674792,24.08785005092674,0.32597644743638754,40.81552369740364,3.8994505317095767,2.1522131147540984,0.0,0.0,0.5901639344262295,0.0,0.0,0.1598360655737705,0.09016393442622951,0.04918032786885246,0.11065573770491803,0.0,0.0,0.0,0.0,3.234834231682371,5.376178176287928,4.236959110701869,2.8128119219600825,5.026305526151158,0.28619736181248107,0.05970757673084333,0.11652214929002505,0.11652214929002505,12.350545491720482,3.240798681226662,1.9617575133162566e-06,37.182832426796494,2.2,0.014598203804775278,12.005128205128205,0.07966059465496253,13.292271228110925
s56,2.5693045602867044,13.2724958905321,0.8654474207121701,29.073086236403643,1.6379211296212608,2.1950000000000003,0.0,0.0,0.0,0.45652173913043476,0.0,0.42391304347826086,0.05434782608695652,0.0,0.06521739130434782,0.0,0.0,0.0,0.0,2.456377527196931,3.232984259691143,2.810377655662269,2.376340296180129,4.363025515626993,0.6322581078425812,0.10379772767987828,0.35686831321579854,0.35686831321579854,7.592695487458898,1.9297459700922348,5.654591525622236e-09,8.374944394376437,0.1048951048951049,0.0033502668622994516,0.4755244755244755,0.01518787644242418,15.15297336370206
s57,2.2200943706225145,12.021419501979656,0.38191111633604075,20.70843067494307,1.9088138816572309,2.7958898305084743,0.2796610169491525,0.0,0.0,0.3983050847457627,0.18220338983050846,0.13983050847457626,0.0,0.0,0.0,0.0,0.0,0.0,0.0,3.068455376051802,4.716147444198565,3.571918368507238,2.2598763196123244,4.611159885121601,0.5593637548476218,0.08885153518759126,0.3266833894096039,0.3266833894096039,10.027645797540963,2.1000106087235997,8.965262888789746e-07,16.507175212988088,2.6121212121212123,0.030383619607317273,15.096969696969698,0.17560463211560864,13.529901154354034
s58,2.485825054997347,13.547584656148526,0.598779141557712,25.40172123027848,1.4172196767607224,2.462666666666667,0.0,0.0,0.0,0.5333333333333333,0.0,0.26666666666666666,0.0,0.2,0.0,0.0,0.0,0.0,0.0,2.5521880197816005,3.8307856246481267,3.0273821780473362,2.5692730122119625,4.395567679850546,0.6182983500538605,0.08647914926633975,0.36595249103079247,0.36595249103079247,10.085158015334214,1.9965032851633937,1.654208464659268e-08,16.675077264865116,1.4253731343283582,0.028056625009909453,12.055970149253731,0.23730616598695667,17.667310608272484
s59,2.0245085525159117,23.415445854655054,0.4567270303558595,45.72638954635468,3.849031771464352,1.9483091787439613,0.0,0.0,0.5120772946859904,0.0,0.0,0.30917874396135264,0.0,0.178743961352657,0.0,0.0,0.0,0.0,0.0,3.0126613835735463,4.402276298498036,3.563120445074792,3.181558680973361,5.045754877116577,0.3190416754501884,0.06382966121561219,0.10686614275422839,0.10686614275422839,13.474419598245923,2.92589285070643,1.6016532190564512e-07,33.321834782759666,0.484375,0.006395712259158533,2.315625,0.030575630864751437,12.950333446400371
s60,2.2477362587170915,30.325160420252367,0.25494303938153834,46.62901010856011,5.510873779318838,2.3200000000000003,0.0,0.0,0.42657342657342656,0.0,0.0,0.13986013986013987,0.055944055944055944,0.0,0.15384615384615385,0.0,0.0,0.22377622377622378,0.0,3.446204756918123,5.940256297150898,4.153289721969826,2.877722640764677,5.410156505228922,0.3655421849676106,0.0776223902944478,0.0787141348258151,0.08043780201178187,15.413492415848157,3.727361305913651,5.1285919926091325e-05,42.65919672679677,5.585714285714285,0.025761406383098685,29.62857142857143,0.13664745994513217,10.480322808006585
s61,1.8695029238820728,27.700798369958708,0.21092703896512086,41.34651185269701,5.247525055356156,2.375115511551155,0.0,0.0,0.5973597359735974,0.0,0.0,0.07260726072607261,0.0462046204620462,0.0,0.21122112211221122,0.07260726072607261,0.0,0.0,0.0,3.606503338435709,7.437117275570683,4.756334067273293,3.25055516886469,5.32283716259197,0.24257574336780802,0.060382205090047464,0.1005852196334097,0.1005852196334097,14.604951010799606,3.4573506539988355,1.5111808409261204e-06,39.37110475164346,13.113636363636363,0.03437248276403634,85.95454545454545,0.22529762532683784,10.795659761271896
s62,2.334040739665963,24.23050103521587,0.5110967937160327,49.73629159860104,7.435898966318622,1.9286153846153846,0.08205128205128205,0.0,0.3333333333333333,0.0,0.0,0.39487179487179486,0.0,0.0,0.035897435897435895,0.0,0.0,0.15384615384615385,0.0,2.99025779455851,4.295035753011801,3.555650556259881,2.0479174435275427,5.078381884888332,0.3819745632497359,0.07673933713357303,0.08557607466712794,0.08632346396553078,11.695554506201493,3.009587923728554,2.8705146640560487e-06,33.24221613253512,0.07792207792207792,0.0012698553250926046,0.13203463203463203,0.0021516993008513577,12.998832528549299
s63,2.7450235086693358,15.205787137751884,0.6468505750517445,28.782382796458933,3.1770830994472226,2.380283018867925,0.0,0.0,0.0,0.4528301886792453,0.0,0.3443396226415094,0.0,0.0,0.12735849056603774,0.0,0.0,0.07547169811320754,0.0,2.545033931392997,3.553098101346488,3.096565807520152,2.41453566761781,4.389659281664801,0.6944506734402923,0.10749018413234042,0.377464982720808,0.377464982720808,9.775033875761006,2.2382747073591878,3.817474086274536e-06,20.52738385203843,0.0684931506849315,0.0015510479955241755,0.07671232876712329,0.0017371737549870766,15.835278323966278
s64,2.5165312057450815,13.62098224012173,0.7774968693944774,28.413661877243214,1.5803860658344853,2.3079896907216493,0.0,0.0,0.0,0.35051546391752575,0.12886597938144329,0.36597938144329895,0.15463917525773196,0.0,0.0,0.0,0.0,0.0,0.0,2.499504880311778,3.4439525333270318,2.9034016552089565,2.637517497381178,4.542264704712591,0.6422804061891356,0.1456198243202811,0.31151534087744764,0.3122483181501005,9.243941830305747,1.9562335936276758,2.6898468004855434e-06,12.305029636470545,0.43661971830985913,0.011731445766246107,1.8685446009389672,0.050205542096408075,12.774631835242188
s65,2.386900717940988,15.295183010211613,0.5129526788731085,27.45906871124606,2.403401012989585,2.457061403508772,0.0,0.021929824561403508,0.09649122807017543,0.43859649122807015,0.0,0.24561403508771928,0.04824561403508772,0.0,0.14912280701754385,0.0,0.0,0.0,0.0,2.6885396668405885,4.193150477044186,3.2535638386181893,2.3997714886525428,4.3796015390034295,0.6354970618290048,0.11698463610432873,0.33528819141089666,0.21888185774601132,11.255911645482543,2.2547437734689857,5.912948943228656e-11,21.98640863481975,0.7321428571428571,0.011756940814859904,4.2,0.06744469462573291,14.06994731751935
s66,2.8749705562002226,19.478828909650517,0.6056658028360138,38.7666889084221,3.4396246358344946,2.193004926108374,0.014778325123152709,0.0,0.0,0.29064039408866993,0.0,0.39408866995073893,0.0,0.07881773399014778,0.0,0.0,0.009852216748768473,0.21182266009852216,0.0,2.697856240339544,4.170029579483085,3.2215636461836867,2.302687609082396,4.3673329638744365,0.8680533969777351,0.20610176540901512,0.254987838263968,0.29478362805083,11.733117045051035,2.674065074323985,2.326243613462857e-06,26.69372955837809,0.0525,0.0010621611426631194,0.095,0.0019220058771999304,14.886553812401788
s67,2.1452215561526415,15.65788494709486,0.2638313897106644,24.30865011123568,1.6875161881188423,2.8744483985765124,0.0,0.0,0.0,0.5231316725978647,0.12099644128113879,0.08540925266903915,0.0,0.2704626334519573,0.0,0.0,0.0,0.0,0.0,2.792883767210514,6.920851750515763,3.517328339058338,2.437985403077478,4.544395536147386,0.874951100402213,0.11532762358844291,0.35637031192617163,0.35637031192617163,18.159591108550554,2.5343482629749765,1.2598950622066505e-06,26.825995538971878,19.927083333333332,0.1086965002696257,241.03125,1.3147560479554987,12.423606701651915
s68,2.73254663638157,16.603163458905527,0.7185700553952451,35.2584033003724,2.9300268354528076,2.160952380952381,0.026455026455026454,0.0,0.0,0.3492063492063492,0.0,0.42328042328042326,0.0,0.07936507936507936,0.0,0.005291005291005291,0.0,0.1164021164021164,0.0,2.5501075820047205,3.949330418175061,2.983833543911201,2.2920367531383183,4.355472742111863,0.7977209086136782,0.17608351855564866,0.30782136568877505,0.31571422121925646,10.736044964185117,2.297305831448309,9.296896918163255e-07,17.029208583714738,0.035416666666666666,0.0009029111647881435,0.029166666666666667,0.0007435739004137652,15.842483312366296
s69,2.3249059204104894,14.5995880856391,0.44932727610934975,24.30063016885983,2.03371278444421,2.745375494071146,0.0,0.0,0.0,0.3794466403162055,0.22134387351778656,0.20553359683794467,0.0,0.19367588932806323,0.0,0.0,0.0,0.0,0.0,2.6142668683151493,4.1865720925582615,3.177123348151544,2.5611105208956904,4.636884649869733,0.6163667245676442,0.12797787778101533,0.3261450871367328,0.3261450871367328,10.321326295914753,2.295784285355905,7.936303378633235e-08,19.399458555060423,3.3990384615384617,0.047851802166782254,24.620192307692307,0.3466040719888146,13.446848643880935
s70,3.540482750172385,15.858619498463701,0.4638720146029094,27.318497822171043,1.949587320377972,2.6077542372881357,0.0,0.0,0.0,0.5254237288135594,0.0,0.1906779661016949,0.0,0.0,0.0,0.0,0.2288135593220339,0.05508474576271186,0.0,2.8292351487771197,4.555669450563954,3.3941051322960125,2.5931026384706897,4.640729625880043,0.6035422656663769,0.11733974874257559,0.3374398786240763,0.3374398786240763,10.319885326737095,2.4602415250324885,2.265207952646447e-10,25.614757211657157,1.3822222222222222,0.01661931053074516,6.964444444444444,0.08373781222404394,13.701851846398876
s71,1.9328296977965942,26.504485653008114,0.22681589549631057,40.31471765115444,8.802249087594898,2.3223529411764705,0.0,0.0,0.657439446366782,0.0,0.0,0.08650519031141868,0.0,0.05190311418685121,0.2041522491349481,0.0,0.0,0.0,0.0,3.6087342310203105,6.800863564235776,4.630430023944329,3.0055399999235637,4.8433496730933046,0.23479830771721655,0.04947969419360381,0.11758624518825331,0.11758624518825331,13.133929579460023,3.3882076667693775,9.86199752378113e-06,38.25932659694549,8.08,0.02637145828321082,46.27,0.15101576420348573,12.860092728315397
s72,2.712801552258832,13.972526637735161,0.5340968015259444,24.322546369390846,2.0242559179644273,2.6515744680851068,0.0,0.0,0.0,0.39574468085106385,0.17872340425531916,0.2297872340425532,0.09361702127659574,0.0,0.05106382978723404,0.0,0.05106382978723404,0.0,0.0,2.648013553729508,4.061603163341997,3.2423461464970234,2.3736237854555053,4.504549932684586,0.6425316804817705,0.11027288726239254,0.3530394179303605,0.3530394179303605,9.005538624618522,2.195165581231418,1.478502709274242e-06,19.649646669939223,1.2407407407407407,0.02040478364226163,5.907407407407407,0.09715113405793223,13.502957807193333
s73,1.921124240484219,19.806998479663037,0.33677713117129165,34.12008497226625,1.9042886280429996,2.469152542372881,0.24152542372881355,0.0,0.3220338983050847,0.0,0.19915254237288135,0.17796610169491525,0.0,0.0,0.0,0.059322033898305086,0.0,0.0,0.0,3.2120684584951666,5.281770804767676,3.8960801849849576,2.879545840622187,5.2389379297472205,0.3558337496363711,0.07649877544083106,0.10597811489355481,0.10856294696412933,12.460784980090448,2.926806988287922,6.332034512403219e-09,31.340984884683746,1.4285714285714286,0.012835730178736219,7.385714285714286,0.06636072502406624,11.108200354582248
s74,2.365210696957385,12.644817442285538,0.8448151083321006,28.85612185547213,1.687140694496174,2.204494382022472,0.15730337078651685,0.0,0.0,0.43820224719101125,0.0,0.4044943820224719,0.0,0.0,0.0,0.0,0.0,0.0,0.0,2.4039797050332163,3.2388250581816767,2.8508289526806396,2.305380808768172,4.42198343960497,0.6728862318035536,0.09850051371958261,0.3624535211224192,0.3624535211224192,7.771430831448031,1.8492786508460146,1.9148631513795308e-09,7.806561158209345,0.14583333333333334,0.004665054621324897,0.39814814814814814,0.012736339601077496,15.663942642882333
s75,2.276564143515053,17.410239988031655,0.5070351297067198,34.150855361139044,1.4072709323112167,2.2083333333333335,0.0,0.0,0.2107843137254902,0.29901960784313725,0.0,0.22549019607843138,0.2647058823529412,0.0,0.0,0.0,0.0,0.0,0.0,2.9157785742422444,4.059381996001705,3.404810174561007,2.4999823964873342,4.718540382576917,0.8122691946182452,0.17847364457325102,0.1918883002709491,0.15998989973262812,11.09823443067388,2.4565338010577547,4.213991133553687e-07,25.105494414479235,0.5260869565217391,0.0068136597233547785,2.0608695652173914,0.02669152651958814,13.305853696054827
s76,1.926476238710996,26.554660627013117,0.28296243942286603,41.538016623260745,6.468184099762579,2.3089642857142856,0.0,0.0,0.5071428571428571,0.0,0.0,0.16428571428571428,0.0,0.0,0.19642857142857142,0.13214285714285715,0.0,0.0,0.0,3.1117782952328854,5.359812738410269,3.8106115199232446,2.021000272717043,5.398419190614912,0.3160139940996574,0.07171680035185171,0.09302027810873274,0.09404247896707046,13.979124119208029,3.318977181422301,2.115415098847999e-06,38.43041569212887,3.5489130434782608,0.021956059709255432,18.82608695652174,0.11647134890177767,11.879267292013738
s77,2.294323907004921,26.461426244877284,0.40067606342959794,48.151119888219355,4.53114389114607,2.0556756756756758,0.0,0.0,0.38738738738738737,0.0,0.0,0.2882882882882883,0.0,0.16216216216216217,0.0,0.0,0.0,0.16216216216216217,0.0,3.0297439451420436,5.128139006385713,3.767734647254288,3.2165523424772995,5.352025710536526,0.36314465958708153,0.08101519296375843,0.09759563749717118,0.09914477460030088,13.281021225088978,3.3738365685904705,6.234443233360187e-06,39.97961236410693,0.84375,0.009192370849259607,4.56875,0.04977498585784276,10.755332106649067
s78,2.1594420109381343,27.318354327708533,0.25519956312359887,44.07808090912486,6.564791628006225,2.30212927756654,0.14068441064638784,0.0,0.45627376425855515,0.0,0.0,0.12927756653992395,0.0,0.026615969581749048,0.08365019011406843,0.0,0.0,0.1634980988593156,0.0,3.3184179901932342,6.451658028442731,4.043206933317962,2.905041405923196,5.661226079886674,0.35713085230963904,0.08188726006560375,0.09685913728086237,0.0975766123718317,13.570440440102791,3.487222183177714,4.8788291798743284e-06,41.23464474000167,5.477941176470588,0.025923044135373687,32.73529411764706,0.15491193622910557,10.326542138852519
s79,2.4249772985204,14.728495640893552,0.3684612267154237,22.86578605022702,2.5514684842069824,2.896014234875445,0.0,0.0,0.0,0.41637010676156583,0.2277580071174377,0.1601423487544484,0.028469750889679714,0.0,0.14590747330960854,0.0,0.021352313167259787,0.0,0.0,2.9390556444877194,4.446151314154667,3.4901134223249453,2.4905035575376364,4.4209477623465485,0.7570654653228431,0.12241589521280791,0.35458630322257306,0.35458630322257306,10.267813427956801,2.625442426026101,7.824878177917186e-07,21.464221110406797,3.4277777777777776,0.03727009178164335,21.716666666666665,0.23612445506392848,13.69838975303473
s80,1.9961543144905105,20.39404936147135,0.43865835694280114,40.38425616132936,2.9381563617712225,2.07005,0.22,0.0,0.47,0.0,0.035,0.255,0.02,0.0,0.0,0.0,0.0,0.0,0.0,3.116721567030639,4.512489273326666,3.62011366838797,2.924499772225551,5.043087206648863,0.27698238672870396,0.06107312244160984,0.1194211589315322,0.1194211589315322,11.692078555447294,2.7235410270769753,1.9203902359314707e-07,28.2655802146257,0.2235294117647059,0.0027949329233107113,0.49411764705882355,0.00617827277784473,14.039622670549642
s81,1.7461596446113115,24.907945676952515,0.2971130743772605,42.90711810044377,3.8158996629258515,2.305847457627119,0.24152542372881355,0.0,0.3220338983050847,0.0,0.0,0.17796610169491525,0.0,0.0,0.0,0.2584745762711864,0.0,0.0,0.0,2.960129248125829,5.904507095608406,3.8151111612736335,2.8530856292218316,5.451734863373401,0.345080904794761,0.08016743282821705,0.08822807349789445,0.0912704208598908,13.035962441788776,3.1775100932743285,1.574808105797461e-06,36.36246838606013,3.8904761904761904,0.027797269607689447,23.766666666666666,0.16981171678332685,9.879901566191508
s82,2.433934727926488,25.740505895907646,0.48921869113177174,52.277109912307274,6.372912770513184,1.8852284263959391,0.030456852791878174,0.0,0.38578680203045684,0.0,0.0,0.37055837563451777,0.01015228426395939,0.09644670050761421,0.0,0.0,0.0,0.0,0.1065989847715736,2.9126873392160126,4.376507766071436,3.59098006702454,3.0153984552299846,5.001614958984836,0.29647967653605534,0.06959101705858001,0.08641562326055234,0.08701159307614237,14.491780279359652,3.1510761892728403,1.2695201265060246e-07,36.085247537228135,0.13470319634703196,0.001939177024452712,0.4817351598173516,0.006935022917958004,12.607791641858634
s83,2.482608078489539,27.457090744814174,0.3993970657219081,47.848018430301124,9.240646847007362,2.120295358649789,0.0,0.0,0.32489451476793246,0.0,0.0,0.3080168776371308,0.0,0.0,0.11814345991561181,0.0,0.0,0.2489451476793249,0.0,3.046852585557039,4.612792632954537,3.806202046150577,2.937598437627089,5.114492663410843,0.38596410720879226,0.0769224864692839,0.06717474178948529,0.07475238034500652,14.0700004350732,3.462732277612547,7.643964536777009e-07,41.34208170101622,0.6383561643835617,0.00716115463219556,2.96986301369863,0.03331627305278964,10.532457238549148
s84,2.1162412782350435,24.00186911107746,0.2481572079700877,36.89649028245415,4.074575044773599,2.4252249134948096,0.0,0.0,0.5155709342560554,0.13494809688581316,0.0,0.10034602076124567,0.0,0.0,0.2041522491349481,0.0,0.04498269896193772,0.0,0.0,2.9074026097208274,6.582488862394767,3.8276260074034627,2.4903675885717926,4.429572404519606,0.7142245190495451,0.21357675248280042,0.22426151790945176,0.17345791903402263,12.319804464328607,3.1297701939370475,2.2721184055348657e-07,34.37505106449219,5.827586206896552,0.0243637311660575,36.241379310344826,0.15151645831672444,15.46664904171533
s85,2.0326693251863746,21.685786558418844,0.3677416755613064,38.23982209919659,2.4063562475709617,2.2413852813852815,0.0,0.0,0.3939393939393939,0.17316017316017315,0.0,0.19913419913419914,0.0,0.23376623376623376,0.0,0.0,0.0,0.0,0.0,3.253922789270713,5.511041826170817,3.8632066215414635,2.430170903471857,5.249236636472308,0.5599960718513874,0.13321626494860678,0.07904396555509884,0.1144960167801911,15.13066828235335,2.965375648383725,2.3460616851642164e-08,36.28159988207774,1.7173913043478262,0.015770299180528195,9.92608695652174,0.09114833678264776,11.652184737728675
s86,2.250022109637459,18.138866837629052,0.4118888666134075,33.51078788646722,1.3791124128028365,2.279816513761468,0.0,0.0,0.25688073394495414,0.28440366972477066,0.0,0.14678899082568808,0.3119266055045872,0.0,0.0,0.0,0.0,0.0,0.0,3.0264683130035337,4.896376605599346,3.674472536123267,2.327720695180287,5.1769802115275425,0.7882418381744838,0.18840422567586343,0.14504652450026784,0.1416533728981526,11.79567188303466,2.614003612645788,1.4639783162527523e-05,30.75473309882571,1.725,0.01395958256052832,8.6,0.06959560001190931,12.37990805334046
s87,2.0966236863774568,23.124865077131044,0.40063495146308914,41.77394981675282,3.1635440856038537,2.0663392857142857,0.0,0.0,0.5446428571428571,0.0,0.008928571428571428,0.23214285714285715,0.10267857142857142,0.0,0.11160714285714286,0.0,0.0,0.0,0.0,3.0472139707158195,4.974322542555542,3.8228443151768157,2.9206126964505152,5.052255034848617,0.32581845452013536,0.062165762140268116,0.11848339543217422,0.11848339543217422,14.546570313776959,3.0344837739994373,7.536899733603914e-10,34.53368203893779,0.573076923076923,0.005752929318375911,2.6923076923076925,0.027027184717202266,12.966660207690357
s88,2.3949166925807175,25.393086248138307,0.5115915021832308,52.69748006334082,6.381294976371261,1.9191191709844562,0.09844559585492228,0.0,0.27979274611398963,0.0,0.0,0.40414507772020725,0.0,0.0,0.0,0.10362694300518134,0.015544041450777202,0.0,0.09844559585492228,2.888131810876638,4.152281344930996,3.5165058704121708,2.89072046731824,5.081699267184841,0.35376083645941636,0.0797616913518235,0.07573753998162296,0.07859239182128504,13.278158222598028,3.111400463333666,4.733963931443842e-06,34.260951844803714,0.06623931623931624,0.0010542355249013693,0.14102564102564102,0.0022445014401125925,12.774665336617137
s89,2.5819399780940984,16.15682367504702,0.4510309149048316,27.18276415599126,2.882826598542834,2.607911646586346,0.0,0.0,0.0,0.5180722891566265,0.0,0.2289156626506024,0.0,0.0,0.17670682730923695,0.0,0.0,0.07630522088353414,0.0,2.852891212585958,4.0572683921812915,3.363961599827933,2.397745386738258,4.579819994543249,0.7585875071963695,0.12190013445992531,0.36209672742732096,0.36465571490030557,12.716269723858572,2.607016874272425,2.757375243926586e-07,27.577921675097908,1.3649122807017544,0.019338565888995997,6.32280701754386,0.0895837936554519,13.427998248579335
s90,2.0999630698234175,21.31754257034038,0.39854773583561315,36.39209053079537,3.981477195413583,2.312259414225941,0.0,0.0,0.3305439330543933,0.18410041841004185,0.0,0.24267782426778242,0.0,0.0,0.17154811715481172,0.07112970711297072,0.0,0.0,0.0,2.9382609874148984,4.933192288393145,3.575718795934908,2.4097323491516836,4.664850382630454,0.8239320583667747,0.19126830067529757,0.16001186578077398,0.14177958514184186,12.953376681028494,2.973171591231812,4.7978545998401665e-06,32.81375633207548,0.7172413793103448,0.008165039512951633,3.0206896551724136,0.03438737794877707,13.474206106673947
s91,2.4922041639361963,12.994581798301644,0.7856878665882816,27.1191272312382,2.0738606195979172,2.300520833333333,0.0625,0.0,0.0,0.4791666666666667,0.0,0.3802083333333333,0.0,0.0,0.078125,0.0,0.0,0.0,0.0,2.519580866083387,3.3079980518291574,2.9131484974032458,2.317255863701711,4.324457681325204,0.6534557412559938,0.09644121609675556,0.37642591955210697,0.37642591955210697,8.348641620246516,1.9073634105679926,2.3027789680191933e-08,11.809366688349906,0.1187214611872146,0.0034736699948888267,0.8584474885844748,0.02511730611688844,13.788682346664947
s92,2.369942818819194,27.491640168382606,0.360768767065723,49.35507053851371,2.298594047107505,2.085833333333334,0.0,0.0,0.34210526315789475,0.0,0.0,0.2149122807017544,0.22807017543859648,0.0,0.0,0.0,0.0,0.2149122807017544,0.0,3.371557420222972,5.3506231775747395,4.045442453321219,3.17749293934968,5.346557873566262,0.36230622987031763,0.0807065262897022,0.07607314293202723,0.07701619842292014,15.761470897576391,3.512917975275252,5.391617879243671e-07,42.946064199677124,1.8612244897959183,0.0145498776191618,10.902040816326531,0.08522527000171308,11.308345842785215
s93,2.2610960537303804,17.061811166196264,0.4091989550365027,30.496308147453167,1.6586935272380752,2.403876651982379,0.0,0.0,0.18061674008810572,0.3788546255506608,0.0,0.15859030837004406,0.16740088105726872,0.1145374449339207,0.0,0.0,0.0,0.0,0.0,2.972548153274495,4.716657400205714,3.701255121393961,2.512477810417558,4.54570683760221,0.6501365634775069,0.1611531822306448,0.2443896462395525,0.18007260784808599,11.763284001773652,2.500078975160845,1.1343122800086894e-08,28.562024527174106,2.316666666666667,0.021533521704025314,16.294444444444444,0.15145759989905574,14.488132687365884
s94,2.522026915044093,19.97626033175323,0.5199691916345117,39.952520663506505,2.8979388107833723,2.1155500000000003,0.055,0.0,0.315,0.185,0.0,0.315,0.0,0.0,0.0,0.0,0.13,0.0,0.0,2.7044249965823264,4.137692807180543,3.3495298356691965,2.3013798698506265,4.6445381660099905,0.6885075427159721,0.20865168095549538,0.18047528262193346,0.15879818976641685,12.392124105226772,2.6030671844133413,4.1891198086545843e-10,28.37778488753644,0.24126984126984127,0.003804515897262024,0.7142857142857143,0.011263369432683624,13.297148435962033
s95,2.0615052044886064,29.52174120210038,0.2225677454118915,45.65384021964154,3.9861484466771313,2.308480565371025,0.0,0.0,0.5123674911660777,0.0,0.0,0.08480565371024736,0.0,0.26855123674911663,0.0,0.0,0.0,0.13427561837455831,0.0,3.564102694651257,7.808637793649115,4.485887001055804,3.0994526678385013,5.350789002294947,0.3151409036780838,0.07201941059377841,0.113409924031261,0.113409924031261,16.35852207377298,3.7323361455711312,2.1716301480585908e-08,43.93638327216135,11.84375,0.0340229580042278,73.40625,0.21087052335601875,11.529988214235086
s96,1.9950852080350203,22.642926567711346,0.4503372525183434,44.20761853696024,4.421883450424147,2.0065853658536583,0.09268292682926829,0.0,0.45365853658536587,0.0,0.0,0.2975609756097561,0.0,0.0975609756097561,0.0,0.05853658536585366,0.0,0.0,0.0,2.8599760328616015,4.353334115184019,3.635142669734442,3.0143694173794384,5.047160476909601,0.258869343669336,0.0649011455944597,0.10713108281008984,0.10713108281008984,12.272968936940163,2.9022270197925417,1.9624067423945828e-05,32.54259459260764,0.25245901639344265,0.003317678525117667,1.3049180327868852,0.017148520168790017,13.854014097729856
s97,2.478077737214664,13.867534275072662,0.6483898788481882,24.701545427473174,3.3916397937703615,2.6138596491228068,0.0,0.0,0.0,0.2982456140350877,0.2631578947368421,0.3333333333333333,0.0,0.0,0.10526315789473684,0.0,0.0,0.0,0.0,2.6007108311055207,3.8118201708572377,3.0142628436435426,2.3681059261731554,4.652215224322154,0.6351919607241076,0.14485441694135257,0.32398164425966997,0.325887418637668,8.97244918066293,2.1202285176807636,2.900877741530975e-08,15.00672523719892,0.3216374269005848,0.007731185191750069,1.2660818713450293,0.030432756254797997,16.55331388427134
s98,2.309783821305625,24.00008326588902,0.4439343928907641,46.64167125257684,2.097140173082211,2.006116504854369,0.0,0.0,0.35436893203883496,0.043689320388349516,0.0,0.27184466019417475,0.21359223300970873,0.0,0.0,0.0,0.0,0.11650485436893204,0.0,3.0273647970461823,4.570844870086263,3.686554714957974,2.4067022502186726,7.748644505031738,0.3837688848570939,0.03905690830546539,0.005827131749240724,0.08071072650512551,13.2868984949309,3.0800391031367282,3.98099106024273e-07,36.51112823812332,0.475,0.005380240233406111,2.210714285714286,0.025040366199085583,11.205880797573563
s99,2.3139401033172264,32.293997615590975,0.23698434951120886,50.64285989717673,2.517368562329832,2.3025,0.0,0.0,0.322463768115942,0.0,0.0,0.09057971014492754,0.21739130434782608,0.05434782608695652,0.0,0.0,0.0,0.31521739130434784,0.0,3.895952001234005,7.503087031157017,5.057709478719687,3.4644470744036275,5.077182288906357,0.3206223660215979,0.0841579043720072,0.08060435978681904,0.08484669451244109,13.029327269234104,3.915361747660393,2.707720799038842e-07,44.72995923048436,12.71,0.0356496005742633,87.64,0.24581675801167865,11.254557583201331
s100,2.0575683089066623,23.08124788931849,0.4343832653227385,45.7099222906111,1.735905207857926,1.9382178217821782,0.0,0.0,0.504950495049505,0.0,0.0,0.2376237623762376,0.25742574257425743,0.0,0.0,0.0,0.0,0.0,0.0,3.1297495190579196,4.7438603073751775,3.714080376694025,3.109046770448517,5.112365803775244,0.2879812187103309,0.0627387206037942,0.10073841933388174,0.10073841933388174,12.670191774002848,2.8794165147030935,8.152801140658673e-07,32.84948051996067,0.6875,0.007077881465380645,3.0833333333333335,0.031743225965949556,12.036674783682631
s101,2.1233066248792065,15.935911730763586,0.2491839300585317,23.824976944012885,1.9119044854156495,2.99317880794702,0.0,0.0,0.0,0.3973509933774834,0.271523178807947,0.08609271523178808,0.0,0.24503311258278146,0.0,0.0,0.0,0.0,0.0,2.9276254888650697,6.747251210566856,3.6872459494619783,2.384312173145005,4.559072558629763,0.6346921428014851,0.1417872807231394,0.3221027734862965,0.3221027734862965,13.186335423281536,2.772128795396075,1.0340697167195486e-06,24.932208415985194,18.043956043956044,0.09748128601568087,209.02197802197801,1.1292274916591143,12.539766220803884
s102,2.541554689505598,33.50664705075809,0.2530502734187546,52.46183595375839,3.8059370297923443,2.2293795620437957,0.0,0.0,0.41605839416058393,0.0,0.0,0.0948905109489051,0.18613138686131386,0.0,0.08029197080291971,0.0,0.0,0.0,0.22262773722627738,3.3960932157699335,6.9669105018503785,4.761992383042828,2.005967896909895,5.524801583858172,0.2874435538682576,0.07392674027457817,0.07058391899584665,0.07414876338957628,16.409955664325565,4.108869557415732,2.5899123462368157e-05,47.619793711642735,7.019230769230769,0.019878395864306998,33.90384615384615,0.09601537509252941,11.979140286156236
s103,2.5536314566650526,19.630580056347142,0.6560176949424955,43.62351123632695,2.8946845468046685,1.941833333333333,0.0,0.0,0.2833333333333333,0.16666666666666666,0.0,0.43333333333333335,0.0,0.0,0.0,0.0,0.11666666666666667,0.0,0.0,2.678578250540833,3.7091478736381864,3.1183943840304145,2.572917990084187,4.872670386154675,0.7398856581197948,0.19403406745763715,0.13263533693836804,0.12806816753924877,10.035156631470322,2.572398611738735,2.4413855446052797e-10,21.03405201034331,0.05656108597285068,0.0012485522002516636,0.05656108597285068,0.0012485522002516636,13.117163932717189
s104,2.420346663197872,30.782768723096492,0.35887766203070876,54.1030480587756,3.5499718981315977,2.090818965517242,0.0,0.0,0.28879310344827586,0.0,0.0,0.2543103448275862,0.10344827586206896,0.07327586206896551,0.0,0.11637931034482758,0.0,0.0,0.16379310344827586,3.148449235150628,5.219614758853994,4.061051200543286,3.20317928026287,5.38753424695957,0.42256171154516714,0.07633928090831338,0.05332968292232552,0.06292902584834412,16.839192677561073,3.8834399755503233,4.2339451184428754e-07,47.65687103669784,1.1627118644067798,0.009605687449113581,5.898305084745763,0.048728560237485806,9.73017835280605
s105,2.0655863950585647,16.352068184699828,0.4090148399893083,29.227712424620925,2.2328568427561044,2.5427312775330395,0.16740088105726872,0.0,0.0,0.40969162995594716,0.0,0.1894273127753304,0.07048458149779736,0.0,0.013215859030837005,0.14977973568281938,0.0,0.0,0.0,2.8373945632145365,4.875052201731165,3.5535118202225253,2.219880091669569,4.243641239508535,0.6304393877720775,0.15869228409889724,0.2657698660752469,0.30556428452501655,12.821414781820673,2.585998513501138,4.502887084862101e-07,29.873521611869933,1.8046511627906976,0.02090562590634114,11.269767441860465,0.13055240095635204,13.848932621785384
s106,2.4335724802064047,12.96690863491804,0.6683460783312959,25.310408200849658,1.950885896434964,2.467192118226601,0.09852216748768473,0.0,0.0,0.37438423645320196,0.13793103448275862,0.30049261083743845,0.06403940886699508,0.024630541871921183,0.0,0.0,0.0,0.0,0.0,2.5510260453871894,3.5316226617918534,2.955782654096525,2.283437098253622,4.471035202608647,0.7255118753533859,0.12246015959075408,0.3405218716368795,0.34164200937252714,8.959810088244803,1.9360964956959743,5.707633623074484e-09,13.51689990297474,0.7245901639344262,0.016791511090118765,3.5213114754098362,0.08160218511668577,13.858025997216668
s107,2.793457054444902,29.213389111283753,0.46866169081382975,59.33028510229793,11.525811482475437,1.891522842639594,0.116751269035533,0.0,0.24873096446700507,0.0,0.0,0.39086294416243655,0.0,0.0,0.0,0.0,0.0,0.0,0.2436548223350254,3.065752691710055,4.5483874606942605,3.7435832353409144,2.9161709543557506,5.050551320061708,0.3420269446517028,0.08157611311097646,0.06398034550874128,0.0705463475537911,14.94211737249332,3.4871185024977915,9.068949180953696e-07,41.28013342188225,0.13203463203463203,0.0017665682270506136,0.3484848484848485,0.004662581714018833,13.175482907534823
s108,2.3848909212385196,13.497759369496892,0.57286310988764,25.323229967551683,1.6326344906371486,2.5332547169811326,0.07547169811320754,0.0,0.0,0.3867924528301887,0.14622641509433962,0.24056603773584906,0.1509433962264151,0.0,0.0,0.0,0.0,0.0,0.0,2.604542206540705,3.9297066660473816,3.138447979033056,2.30540873344469,4.588692101049556,0.6123250006091135,0.11499451079021661,0.33158764393869694,0.33289310710380987,11.04912018853812,2.0526986594609165,1.2667821743402074e-09,18.63401755114702,1.7607843137254902,0.03138186820974317,14.337254901960785,0.25552808502187313,13.69795426474313
s109,1.9683273237529002,25.45546530361209,0.2429515797367488,38.57282242435095,3.6829456102611084,2.3823232323232326,0.0,0.0,0.6094276094276094,0.0,0.050505050505050504,0.10774410774410774,0.0,0.0,0.23232323232323232,0.0,0.0,0.0,0.0,3.2612303181141984,5.772213728258045,4.395878975618039,2.9322857218935217,5.01066502574194,0.2749973532356176,0.059316969195505324,0.11889508410338868,0.11889508410338868,12.919304473297958,3.326049898953354,8.989189973277116e-06,36.50247621377489,4.953125,0.02096485086031042,25.203125,0.10667603923558583,11.721858069293223
s110,1.8777164798961716,20.585272498285082,0.194769701767009,29.613900787006642,3.3818433096114817,2.915060975609756,0.0,0.0,0.0,0.524390243902439,0.0,0.07621951219512195,0.0,0.0,0.22865853658536586,0.17073170731707318,0.0,0.0,0.0,2.9195439202872286,6.130369636643294,4.246789943455588,2.634335513142253,4.7068087232380975,0.6627589326722971,0.13091270851292697,0.3907093355780884,0.3907093355780884,14.682266493591335,3.2581803463675305,2.1700933109749399e-07,31.578508244281764,12.25,0.04535713697586596,73.32,0.2714763496384075,14.872030664046122
s111,3.124923802529414,15.690036195955177,0.6273205190395101,30.776609461296733,2.080420720671713,2.328529411764706,0.0,0.0,0.08333333333333333,0.4264705882352941,0.0,0.3137254901960784,0.0,0.0,0.0,0.0,0.17647058823529413,0.0,0.0,2.6271984658713294,3.880405236181564,3.0902965117644636,2.3659199203970465,4.396487351669321,0.7398682149260304,0.12839495110692054,0.33145135605888354,0.20565135393818446,10.958334666047243,2.191583647674218,1.709411202458649e-06,19.066795584972088,0.559375,0.011184817796894042,1.64375,0.03286711821880595,13.609833526507904
s112,2.4643088562110873,12.902306213677399,0.5684637392548058,24.96053631991796,1.225022078020162,2.45,0.0821256038647343,0.0,0.0,0.5169082125603864,0.0,0.20772946859903382,0.1932367149758454,0.0,0.0,0.0,0.0,0.0,0.0,2.753820422152786,3.882356701033788,3.175330607169932,2.3056360546071604,4.437259642600119,0.5673380642993014,0.08214417702273182,0.3493797938173801,0.3493797938173801,9.575173954772042,1.8930523397985286,1.0861265399882494e-07,15.382570640992485,1.4325581395348836,0.023064445699431647,8.376744186046512,0.13486709969050778,14.408927423694472
s113,2.1172717610461946,20.734319983342658,0.5243238021412268,42.55991996580863,1.976760876582771,1.9886153846153845,0.0,0.0,0.36923076923076925,0.11794871794871795,0.0,0.31794871794871793,0.15897435897435896,0.0,0.035897435897435895,0.0,0.0,0.0,0.0,2.745874751768553,4.2279071281171525,3.3804888216039006,2.4442103583381436,5.280660420343997,0.8078706873619784,0.17555794330403274,0.08627531061290213,0.1273294012958461,12.42683477606597,2.68926289819897,2.1590103138726844e-08,27.547998106074402,0.1424731182795699,0.0021847422696060098,0.30376344086021506,0.004658035405009039,12.674600739504571
s114,2.4189029600326437,13.108884638412704,0.5094147232847426,23.43084104661167,1.913307583312604,2.587577092511013,0.07929515418502203,0.0,0.0,0.5594713656387665,0.0,0.21585903083700442,0.0,0.06167400881057269,0.08370044052863436,0.0,0.0,0.0,0.0,2.645668639334195,4.0207923910925985,3.1940198730717597,2.3707494306957178,4.3493412784148875,0.5526298275865623,0.0770715861972536,0.3549022669239446,0.3549022669239446,11.060221195584061,2.079002391737039,6.881612597177547e-07,19.36424261556804,1.6,0.026346593082920523,10.269387755102041,0.1691021127465001,15.378799752073228
s115,2.2808616955877885,13.767562165457635,0.5303598863775193,25.739355352812126,2.379512826721535,2.502511627906977,0.18604651162790697,0.0,0.0,0.4511627906976744,0.0,0.24186046511627907,0.0,0.0,0.037209302325581395,0.08372093023255814,0.0,0.0,0.0,2.8310841906501185,3.9215960416314948,3.2528091787827362,2.3039007312744393,4.614655373015916,0.7690859184765573,0.1077152487369255,0.33662896664098213,0.33662896664098213,9.55456980139,2.1806010215257206,2.2236158959783586e-06,20.87694290668888,0.6384615384615384,0.011216118205632213,4.719230769230769,0.08290468095367907,18.032655367051213
s116,2.598859942841625,13.714503704894481,0.4234829371868268,23.949207962278418,1.1208813336869339,2.5743589743589745,0.0,0.0,0.0,0.5128205128205128,0.0,0.09829059829059829,0.32905982905982906,0.0,0.0,0.05982905982905983,0.0,0.0,0.0,2.804601520586525,5.919981178879914,3.6569750498781946,2.4263618661822974,4.1526500662608665,0.6729792855828485,0.16017946916515008,0.29859347893986343,0.333381068719265,11.864926534022441,2.3823177385727363,5.500526858228993e-06,26.259532428207567,2.2782608695652176,0.016328088040962536,9.73913043478261,0.06979946032777878,12.182593765604317
s117,2.1781452070520526,27.50672350511465,0.22766900443645316,45.30519165548294,4.683943083781557,2.3378571428571426,0.27380952380952384,0.0,0.38095238095238093,0.0,0.0,0.09523809523809523,0.023809523809523808,0.0,0.0,0.0,0.0,0.2261904761904762,0.0,3.209814843917648,7.049733288081439,4.285707353052264,2.9258510083681735,5.431936825842811,0.30327666363649997,0.06822269090853682,0.07318187139474203,0.07720285333950806,13.85863031263639,3.548951610605025,2.810422100791267e-06,41.181632724889205,8.71875,0.03018742463829779,55.78125,0.19313459849233533,10.126509437188458
s118,1.7584501435744035,28.853595344423223,0.24109878407724944,44.707219160040395,3.3276892480972036,2.375709219858156,0.02127659574468085,0.0,0.37943262411347517,0.0,0.0,0.12411347517730496,0.0,0.20921985815602837,0.0,0.26595744680851063,0.0,0.0,0.0,3.1405000934205596,6.279782088269233,4.177862588536365,3.195865515098257,5.3204509431258105,0.35275272162084237,0.0757698360654957,0.08795560759362082,0.08795560759362082,13.453999295821113,3.5327761381673697,5.11791182926256e-06,41.838847241406384,8.071428571428571,0.034719175814566586,45.607142857142854,0.19617870581947577,10.434885294885879
s119,1.964189063692071,20.143663449321917,0.2709595746773845,31.27275927767656,2.3704880002115667,2.728113879003559,0.0,0.0,0.0,0.44483985765124556,0.0,0.1103202846975089,0.12455516014234876,0.0,0.12099644128113879,0.199288256227758,0.0,0.0,0.0,3.0053823674606868,5.582363074730668,3.701600316457154,2.4570106690332616,4.74092810851571,0.7381196529902663,0.15654063137903448,0.34992579955199254,0.35860164582187665,15.746890593534962,3.0933638350127595,6.419488410805845e-05,35.479286318885976,7.217741935483871,0.03952922204041955,51.91935483870968,0.2843453983198001,13.114851854461389
s120,2.105904590926015,19.679858129056527,0.5774451089580455,42.83263239853481,1.8962296591599797,1.958540540540541,0.03783783783783784,0.0,0.31351351351351353,0.14594594594594595,0.0,0.35135135135135137,0.15135135135135136,0.0,0.0,0.0,0.0,0.0,0.0,2.744666233708697,4.012821429735897,3.2648894842086427,2.286312102947866,5.066076218543182,0.7999398408070632,0.17574319393659257,0.10734916612266512,0.1295189398660048,10.91640748954982,2.5905649556244756,3.2143238120838296e-07,22.495580167023945,0.34102564102564104,0.006088449369607526,1.5128205128205128,0.027008910737356697,12.61762402433443
s121,2.221701276385742,17.37550545231581,0.6442347424344432,35.67523991805264,2.777839209144317,2.2120207253886006,0.05699481865284974,0.0,0.0,0.29015544041450775,0.0,0.38341968911917096,0.06735751295336788,0.0,0.0,0.19689119170984457,0.0051813471502590676,0.0,0.0,2.6350219610705063,3.7226522582551413,3.1563185264388447,2.2961995499058796,4.312505286524621,0.7353504217694817,0.19879590883340037,0.26053175423822067,0.2966053817481281,12.157604967564628,2.396409318052943,3.741428580287526e-08,22.863657554380282,0.15765765765765766,0.003478980813090487,0.5900900900900901,0.01302132818613868,13.480764233443473
s122,1.8141162249619947,27.73645898370478,0.25322309859740416,41.397699975678805,3.5997697238985675,2.4941666666666666,0.0,0.0,0.36666666666666664,0.0,0.07333333333333333,0.15333333333333332,0.0,0.0,0.17666666666666667,0.23,0.0,0.0,0.0,3.0834837341408465,5.979428246117461,3.67285408938239,2.045455868165522,5.485844630456373,0.294235824770139,0.07508397777224965,0.06439197791235139,0.07010724222409856,12.935622680392052,3.329663051372739,3.15522396629302e-07,37.041684726379934,5.331521739130435,0.0294738416493714,32.71195652173913,0.1808389937691809,10.15785824080087
s123,1.7681908365382317,29.01402825573085,0.24302429616999133,45.40613461490082,2.587513496636818,2.357184115523466,0.0,0.0,0.3574007220216607,0.0,0.0,0.10830324909747292,0.12274368231046931,0.1299638989169675,0.0,0.2815884476534296,0.0,0.0,0.0,3.570432334768409,6.268382767880961,4.777766617640321,3.243988530339257,5.582525492487251,0.3002189537791275,0.07628983867404049,0.0838410205552975,0.08599079031312565,13.76975655548643,3.7912881655573285,3.7235797052083055e-06,43.186890789220584,10.733333333333333,0.040065269923923834,73.725,0.2751998781187532,10.690648705953185
s124,3.014246298533676,21.477748045832826,0.5061482342011673,41.92291205100059,2.698272657136612,2.260689655172414,0.12315270935960591,0.0,0.0,0.3399014778325123,0.0,0.3251231527093596,0.0,0.0,0.0,0.0,0.03940886699507389,0.0,0.1724137931034483,2.538966381242008,4.555702041927288,3.4056804156182237,2.251178592785873,4.185079309679583,0.8429330478205526,0.19554548837222938,0.283363458402459,0.3327755917181903,16.00141899013128,2.9367212939192444,6.914955868261155e-07,34.205320816823146,0.4818181818181818,0.00729360666542564,2.1363636363636362,0.03233957672405709,11.931910571652619
s125,2.79278309954776,27.106253051560913,0.4576519622574364,52.42247052424516,8.521172871894299,1.9501951219512195,0.0,0.0,0.40487804878048783,0.0,0.0,0.33658536585365856,0.0,0.0,0.0,0.0,0.14634146341463414,0.0,0.11219512195121951,3.0277065069800733,4.436249513248213,3.702961820798009,2.099591789201081,5.198801984411629,0.3320984965090588,0.07509323977642274,0.08771318020286255,0.08771318020286255,14.37637017223612,3.3062235443623957,3.518131394923489e-07,39.56945061047232,0.21739130434782608,0.0026994041400016937,1.063768115942029,0.013209084258408287,14.654413691434558
s126,2.0614146154364987,23.859650562774,0.337531671615568,41.665359937978465,2.631287918316342,2.1104273504273507,0.0,0.0,0.5726495726495726,0.0,0.0,0.15384615384615385,0.18803418803418803,0.0,0.08547008547008547,0.0,0.0,0.0,0.0,3.2558426108562797,5.999864124099035,4.31066684262073,2.9996276971088967,5.194165204025452,0.24962225171092436,0.06276924439752385,0.1088607599392834,0.1088607599392834,12.540066971073212,3.1637093528421163,8.674518404221957e-08,37.79097800001965,2.1358024691358026,0.013771576175735059,13.54320987654321,0.08732612176174197,12.576039108639089
s127,2.5778888057631755,31.030962720272328,0.3392007213893626,54.18839758614719,2.762248687977151,2.0943589743589746,0.0,0.0,0.2905982905982906,0.0,0.0,0.2094017094017094,0.21794871794871795,0.0,0.0,0.0,0.0,0.1623931623931624,0.11965811965811966,3.347744638810231,5.592813852225474,4.147310904528338,3.298771536477272,5.271413628662754,0.3246594815882748,0.07947867999524554,0.060790914317963005,0.06619455114622637,14.321435167822438,3.8709814182123625,1.3725605327222828e-06,46.544693580828934,1.8612244897959183,0.012559829137655881,10.50204081632653,0.07086938677892234,10.963420747103095
s128,2.48913628611332,13.992418335806475,0.700840630468215,27.984836671612918,1.8061690403660002,2.3202,0.0,0.0,0.03,0.47,0.0,0.34,0.07,0.0,0.09,0.0,0.0,0.0,0.0,2.523463933123189,3.6050146136562047,2.9873620363678723,2.376715322937401,4.340088560042486,0.5932775928678454,0.10339571855701986,0.3552253926355361,0.2616811321246981,9.154267108360886,2.042133016787253,1.733000041289427e-07,15.181592173496155,0.2823529411764706,0.0068608583374281315,1.4323529411764706,0.034804562607578124,13.721786962683431
s129,1.8872639113401353,26.454472005179213,0.2778382921049836,43.3652420844393,3.4455712994128236,2.2247876447876447,0.0,0.0,0.5328185328185329,0.0,0.0,0.138996138996139,0.0,0.25096525096525096,0.0,0.07722007722007722,0.0,0.0,0.0,3.128540579920948,6.060053955282357,4.164471764746671,2.9731131052478443,5.157318761416788,0.3813265315673411,0.06592460861986188,0.11609894962205643,0.11609894962205643,13.970503064533375,3.4013093846478695,1.4055725515515741e-05,39.6468294824443,6.131944444444445,0.03221824280408008,40.666666666666664,0.21366934299059223,11.239631886211695
s130,2.6178996205241574,13.537183005060157,0.540932708176472,25.503085839890122,1.0198232448906177,2.452085308056872,0.0,0.0,0.0,0.5165876777251185,0.0,0.18009478672985782,0.2890995260663507,0.0,0.0,0.0,0.0,0.014218009478672985,0.0,2.5105803279670433,4.159005424896841,3.241163937010612,2.5435091693203327,4.5173812784165035,0.5714323620804995,0.09221406041250887,0.3516031726856746,0.3516031726856746,12.056119084253508,1.9897243210209956,2.135948409873281e-06,19.09376991796819,1.563157894736842,0.020795802758409563,8.5,0.1130815537199712,11.611133732287495
s131,2.26676012776712,23.302010698806022,0.466901950180617,47.07476908849696,5.888189762437833,1.9923000000000002,0.175,0.0,0.36,0.0,0.0,0.33,0.0,0.0,0.0,0.0,0.0,0.135,0.0,3.0734641895623573,4.471845440584728,3.6136766234112745,2.9213732718361385,5.1571806286975646,0.34763446969675216,0.07637235091430929,0.09792694139872858,0.0985240568950623,13.177756006359768,2.998175174591453,2.6737134134513923e-07,33.529923764250896,0.15151515151515152,0.0021457375780263473,0.3090909090909091,0.004377304659173748,12.510394805438668
s132,1.8102096320380676,24.547006185557045,0.2706991682948922,41.71274477685568,3.7430056477929425,2.2810288065843625,0.20164609053497942,0.0,0.4403292181069959,0.0,0.0,0.12757201646090535,0.03292181069958848,0.04938271604938271,0.0,0.14814814814814814,0.0,0.0,0.0,3.3964981306953277,6.03277850695094,4.338451669815607,3.0422645997349065,5.451585327760279,0.44891527082421007,0.07279533401514804,0.10295054739221221,0.10295054739221221,16.185941505513703,3.2902619031891023,1.953644817116893e-06,38.23393877288013,4.748387096774193,0.024677604767494844,26.335483870967742,0.13686682426754615,10.68116876943261
s133,2.0256746781026655,21.331317787842696,0.38645468873476985,38.26093507978132,1.5325340235515539,2.2673893805309735,0.061946902654867256,0.0,0.4026548672566372,0.0,0.15486725663716813,0.20353982300884957,0.13716814159292035,0.03982300884955752,0.0,0.0,0.0,0.0,0.0,3.015841546036138,5.256380973621145,3.833890044661396,3.0968037571659677,5.208319861335944,0.33408782533575027,0.07256835623898769,0.11710257360957209,0.11710257360957209,12.816770138125175,2.9540106158741493,1.5110753286184725e-08,32.695039512471816,0.908695652173913,0.008670620073824077,4.01304347826087,0.03829178147435226,12.328583131103517
s134,1.9408536537765628,22.447564557540446,0.33808020938557437,36.74537637762996,1.6020059084442984,2.478871595330739,0.0,0.0,0.35797665369649806,0.0,0.2529182879377432,0.20233463035019456,0.0,0.16731517509727625,0.019455252918287938,0.0,0.0,0.0,0.0,3.1697968786739055,4.959016397220838,4.038492872636308,2.0637355020728023,5.164837876135867,0.3142640290018137,0.078028502527047,0.10100967880994047,0.10349760193333798,13.119863692849506,3.190094380567277,5.98233136077691e-08,36.14895353843124,1.6538461538461537,0.014907200704859765,6.25,0.05633535150092353,11.102425165665094
s135,2.1530715678032233,17.845059582047146,0.3574879661142952,28.8866901984388,2.53801091448486,2.659420849420849,0.0,0.0,0.0,0.4594594594594595,0.0,0.16602316602316602,0.08494208494208494,0.0,0.13127413127413126,0.1583011583011583,0.0,0.0,0.0,2.9537710413759264,5.218113970515954,3.489831874856714,2.4198404569930836,4.648710661111647,0.7092316242398855,0.15525349524386248,0.3361692652986012,0.34831996163469525,15.72807835869789,2.806161056533034,8.582555789083613e-07,30.112386170873332,3.308139534883721,0.030777582820757012,20.6453488372093,0.19207591668982102,14.633658289563257
s136,2.7702041366329753,17.2068332449704,0.6972125342349103,36.134349814437826,2.5435996103123553,2.1587830687830687,0.0,0.0,0.0,0.3439153439153439,0.0,0.4126984126984127,0.07407407407407407,0.0,0.037037037037037035,0.0,0.0,0.13227513227513227,0.0,2.4941477295487324,3.8986247565704337,3.0179133600568866,2.4396760374023123,4.314199994501818,0.8064048177044024,0.17266586274444193,0.3253064964990567,0.3368217707114127,11.559711643183919,2.3673348899848903,2.5640887625524347e-06,19.20712604261921,0.07692307692307693,0.0018449665487001335,0.11324786324786325,0.002716200752252974,15.021048188666596
s137,2.010742763410812,23.41358810155177,0.411600577899664,44.50691071556236,1.8186633453034462,2.05175355450237,0.0,0.0,0.3981042654028436,0.04265402843601896,0.0,0.22748815165876776,0.24644549763033174,0.0,0.0,0.08530805687203792,0.0,0.0,0.0,3.047595929627099,5.05866363538154,3.8170128497291773,2.433508606957752,6.800270346849707,0.5784556097579047,0.08102174903055814,0.016855979332385595,0.09784028542597975,13.44796324748593,3.010694133126576,5.044031910220397e-06,35.973418860498334,1.425,0.013845405270978491,8.4125,0.08173647146814496,10.769426884072697
s138,3.2084047009236283,18.163298383567387,0.43905462603255135,31.683347556297974,2.6070115667507734,2.530431034482759,0.05603448275862069,0.0,0.0,0.43103448275862066,0.0,0.21551724137931033,0.0,0.0,0.0,0.0,0.15517241379310345,0.14224137931034483,0.0,2.780002200100674,5.081402654907716,3.536201970674844,2.258156971845468,4.578039981697141,0.7079554518279435,0.1799700915760674,0.30845322068305286,0.32954403919129577,13.475361385125122,2.7997249559571795,6.968227828871489e-08,32.415096380925384,1.116,0.013241936365308526,5.316,0.06307718075087825,13.35814191024349
s139,2.2677033334957524,23.469007345722947,0.5143433623931762,47.9058088087953,4.7648434173160386,1.9454040404040407,0.04040404040404041,0.0,0.3888888888888889,0.0,0.0,0.37373737373737376,0.0,0.0,0.0,0.10101010101010101,0.09595959595959595,0.0,0.0,2.94050192487462,4.230520730638872,3.486736279363169,2.0116681559288447,5.038729484830852,0.34927180957280085,0.07747473480792107,0.09447401087521862,0.0946872704934471,12.560449973696961,2.906426740079014,1.2229031231017672e-06,31.845104090870354,0.10810810810810811,0.0017215913655335635,0.34684684684684686,0.005523438964420183,12.549607456788584
s140,2.2278973366953703,23.3990347119492,0.2850107554228351,36.04716158327309,2.0498859950209494,2.507859649122807,0.0,0.0,0.4666666666666667,0.0,0.1824561403508772,0.14035087719298245,0.0,0.0,0.13333333333333333,0.0,0.07719298245614035,0.0,0.0,3.166138743465873,5.560568389883003,3.9541761456560622,3.050879437965969,5.162419025209374,0.31472828989634916,0.06987732050812757,0.10862823842830946,0.10862823842830946,12.766888961817637,3.161250737849058,3.5489635302848126e-07,32.616398066468534,3.15,0.018894166729541393,19.6875,0.11808854205963372,12.872748191221357
s141,2.205419887266678,15.521210470899238,0.3400956486355893,23.524334619956665,2.8186326295283606,2.963230240549828,0.0,0.0,0.0,0.35738831615120276,0.3024054982817869,0.16494845360824742,0.0,0.024054982817869417,0.15120274914089346,0.0,0.0,0.0,0.0,3.05427295213931,4.350908194191289,3.497006730988565,2.52921554126577,4.389968389633368,0.714871846462721,0.15121372433724695,0.34164362463261044,0.34164362463261044,10.463136902171863,2.707048002674104,3.375343726113245e-07,22.899361278930442,4.854166666666667,0.05158665213158331,34.338541666666664,0.36492574839434416,13.762038561378207
s142,2.6813183063401977,29.899879183674003,0.23855346837670968,45.46631112981355,5.127036053893362,2.3624067796610166,0.0,0.0,0.46779661016949153,0.0,0.0,0.08135593220338982,0.0,0.061016949152542375,0.0,0.0,0.2,0.18983050847457628,0.0,3.5045760470602416,6.919352703554695,4.613762862167184,3.175164295648474,5.091420417692653,0.2970471098536221,0.07810842109534936,0.08851705585817941,0.09137244475683036,15.753696091556721,3.8951765454596763,3.3038454295451614e-06,44.54357308218803,8.40625,0.022872945435116327,46.125,0.12550359651387247,10.635033079442662
s143,2.338876426617555,12.016837895521984,0.5649631221314244,23.24752751750516,1.649554307306405,2.506231884057971,0.21739130434782608,0.0,0.0,0.5169082125603864,0.0,0.22705314009661837,0.0,0.03864734299516908,0.0,0.0,0.0,0.0,0.0,2.4859922779474877,3.9427874632502307,3.0639067210102864,2.2933334365385907,4.386224323384504,0.6342379585373504,0.07917607922620319,0.35085065615692324,0.35085065615692324,9.779729909630623,1.8795784632489703,3.6943142006364924e-08,13.917079285461588,0.8893617021276595,0.01680411842994133,5.068085106382979,0.09575935430650777,13.002526558851796
s144,2.4295354858194775,12.650892076458074,0.4022950793563976,22.612224420125862,1.238886929821565,2.616079295154185,0.11894273127753303,0.0,0.0,0.5594713656387665,0.0,0.1013215859030837,0.22026431718061673,0.0,0.0,0.0,0.0,0.0,0.0,2.837547608779545,5.02531370866402,3.6683476420493197,2.3767421052907736,4.615845643952581,0.4869637184011468,0.07195362652308974,0.3397801162176733,0.3397801162176733,11.561901529110648,1.9964362087903682,1.0124589469106971e-05,19.118274821768594,6.426086956521739,0.05146683076978666,67.13913043478261,0.537720433523035,13.190372210361787
s145,2.540694990727153,18.794173695043217,0.5918626364089787,37.77818752842024,2.5307269547077156,2.1438190954773866,0.0,0.0,0.25125628140703515,0.19095477386934673,0.05527638190954774,0.36180904522613067,0.01507537688442211,0.0,0.03015075376884422,0.0,0.09547738693467336,0.0,0.0,2.526985938811135,3.9706399172145916,3.1767110471370983,2.4327480292080437,4.6398200075110925,0.7572803809859173,0.2118216621278102,0.20048256388226443,0.16258634699968857,10.762893675950389,2.4946543266602075,7.556737016542222e-07,24.75571564472151,0.1087962962962963,0.0020944514361641705,0.18518518518518517,0.003565023721130503,14.556770086348006
s146,2.8435080511366717,13.093542015308723,0.5309950763248777,24.172692951339158,1.923282858782075,2.578888888888889,0.14351851851851852,0.0,0.0,0.49537037037037035,0.046296296296296294,0.2175925925925926,0.0,0.0,0.0,0.0,0.09722222222222222,0.0,0.0,2.5889792652743195,4.31232363959432,3.172016000379196,2.3183111278555586,4.468860095773698,0.5722561245707964,0.09534026839799244,0.36125504362989475,0.36125504362989475,9.277621155060347,2.0376243545691697,5.8273274837464734e-08,18.385719944067475,1.4723404255319148,0.024467815507507415,8.27659574468085,0.1375430669424911,14.51660211883132
s147,2.156779512200335,17.229915745425544,0.6067727947047155,34.633871043835214,2.896224901843827,2.264723618090452,0.10050251256281408,0.0,0.0,0.2964824120603015,0.0,0.35678391959798994,0.04522613065326633,0.0,0.0,0.20100502512562815,0.0,0.0,0.0,2.6768136562537976,3.799130321153888,3.209467315752307,2.2380865582910117,4.288775338493579,0.7336141582393471,0.1918665758986108,0.2747076230314952,0.31714213390627904,10.973457563152236,2.4268003487788112,2.6708076273921152e-11,25.21897158500954,0.18309859154929578,0.0037914656189292732,0.5821596244131455,0.01205491632685205,14.136528247124444
s148,3.116923273675969,18.967191559634145,0.3681878355557865,31.91101823208718,2.3161734451687694,2.5000401606425706,0.0,0.0,0.23694779116465864,0.357429718875502,0.0,0.14457831325301204,0.0,0.0,0.0,0.0,0.26104417670682734,0.0,0.0,2.9609909627476796,5.73671513704867,3.84826758869352,2.444677126327001,4.233536971970263,0.6381206812748987,0.15576177304438263,0.2841148991648211,0.1877959885109288,11.963102000579466,2.690545694459037,8.274709426275148e-07,31.017398162620047,1.8277777777777777,0.013932322414818643,8.405555555555555,0.06407174411434835,13.435656774601497
s149,2.3932389014462716,24.63622342179303,0.4346676451201091,49.02852383940989,8.206513289559716,1.9887562189054724,0.19900497512437812,0.0,0.39303482587064675,0.0,0.0,0.29850746268656714,0.0,0.0,0.0,0.0,0.0,0.0,0.10945273631840796,3.1766018267574707,4.617129305635126,3.7855240571748285,2.978116027806195,5.202985917214133,0.32720362103566697,0.07534104621540987,0.09925954021466975,0.10094190530305397,13.685029922113252,3.1483104133681916,4.224535313486856e-07,37.035283397154494,0.17666666666666667,0.0021406007530078664,0.4266666666666667,0.0051697527619812625,11.021554182196503
s150,2.901841611301404,13.884544651612648,0.5417499097671322,24.62337215559429,1.9805886120076732,2.575418502202643,0.0,0.0,0.0,0.5638766519823789,0.0,0.23788546255506607,0.0,0.013215859030837005,0.09691629955947137,0.0,0.0881057268722467,0.0,0.0,2.7086188918161684,3.965810344399649,3.136573698743077,2.448710813514941,4.378871859697724,0.6054884535408321,0.08334357258819404,0.3717417969933527,0.3717417969933527,10.163147913341543,2.178891848884345,2.452026772220326e-08,19.908876401259242,1.3925925925925926,0.02385944525744104,7.355555555555555,0.12602355925871783,13.551492875664152
s151,2.384829942577691,24.669412571808525,0.5386579314066219,52.07987098492913,5.564204111630871,1.8309473684210527,0.0,0.0,0.4,0.0,0.0,0.4105263157894737,0.05263157894736842,0.0,0.05263157894736842,0.0,0.010526315789473684,0.0,0.07368421052631578,2.6546188337305976,4.378516101254427,3.4043459071344384,2.0971520622061353,4.990533678783814,0.33308028331045514,0.07402944530843784,0.09104471272279688,0.09104471272279688,12.375982002466795,3.005366400368997,4.6505726180734683e-07,31.145797608506296,0.053613053613053616,0.0008921805216854781,0.13053613053613053,0.002172265618016816,12.882653809898429
s152,2.666763275628758,24.9827579272504,0.42676896430057615,46.33554248045584,5.618060515606899,2.043225806451613,0.0,0.0,0.47465437788018433,0.0,0.0,0.2764976958525346,0.0,0.0,0.0,0.0,0.18433179723502305,0.06451612903225806,0.0,2.9749148106088836,4.50166232234257,3.7411750876355283,1.9698978229020885,5.204464039887166,0.31743062534568234,0.07088518726489369,0.10520673350579922,0.10520673350579922,14.1660687146255,3.1521943138782933,2.99923881704031e-06,37.60391023405832,0.36,0.003984314734056577,0.9066666666666666,0.010034570441327674,14.044097683127918
s153,2.3687465397468763,14.22044457643112,0.3868922349702348,23.33611417670749,1.8541945671441944,2.723125,0.0,0.0,0.0,0.609375,0.0,0.15625,0.0,0.109375,0.125,0.0,0.0,0.0,0.0,2.8416935348032686,5.034548838213782,3.32650597292445,2.478813681165623,4.382217244474888,0.582552407969944,0.08497204254706274,0.35994362325509616,0.35994362325509616,11.526255940264786,2.3421551608953792,4.2332285478510054e-08,23.996402709349674,4.2875,0.04710977012000906,34.91875,0.3836768012543595,14.764129624181455
s154,2.0048247804500314,23.559550872740072,0.47317167484851425,44.57212327275146,5.463465179939298,2.058714285714286,0.047619047619047616,0.0,0.34285714285714286,0.0,0.0,0.3476190476190476,0.0,0.0,0.0761904761904762,0.18571428571428572,0.0,0.0,0.0,2.839770173689169,4.400665696241858,3.5750158445385316,2.030828012842431,5.114004492271774,0.3036310796970038,0.07485356890029353,0.08720775675401617,0.08866526800895794,14.255184813447991,2.981668851974131,6.308013315212806e-13,34.556780888336505,0.23835616438356164,0.0035169237013348157,0.7123287671232876,0.010510346693644276,12.845807405583116
s155,2.465956924662288,25.320630173267674,0.2514273466181994,39.07000462219258,7.767576831714537,2.31794425087108,0.0,0.0,0.6480836236933798,0.0,0.0,0.07665505226480836,0.0,0.0,0.11846689895470383,0.0,0.156794425087108,0.0,0.0,3.6596113512582753,6.477365183076043,4.794883040481525,3.249321722414862,4.9389549060821185,0.2749154601942587,0.05347507662470338,0.10719319218026149,0.10719319218026149,12.353435860162357,3.313132665156976,4.836954264871022e-06,36.78633081133489,5.534090909090909,0.016753770540925632,29.556818181818183,0.08947958352555968,14.946773979213301
s156,2.4721457423366657,27.456045837901364,0.39292036964205085,52.41608750872077,5.058854969116974,2.0062857142857142,0.13333333333333333,0.0,0.37142857142857144,0.0,0.0,0.26666666666666666,0.0761904761904762,0.0,0.0,0.0,0.0,0.0,0.1523809523809524,3.240180678509431,4.992198225045272,3.943100106052489,2.9993805547463346,5.248042425623373,0.3301193738020053,0.08063695317778313,0.08902821250945264,0.09301455038301022,17.67475243275443,3.505570511062488,2.171776462016535e-06,42.88381951817753,0.7821428571428571,0.007596557414087237,3.4535714285714287,0.03354279004302447,10.406213431036097
s157,2.200543829816931,23.67976210261555,0.4891432442204795,48.34618095950674,2.51362670914505,1.898622448979592,0.0,0.0,0.42346938775510207,0.0,0.0,0.32653061224489793,0.14795918367346939,0.03571428571428571,0.0,0.0,0.0,0.0663265306122449,0.0,2.757885984745421,4.461330161846306,3.5273150033824603,3.221741115099473,5.0458579523043685,0.32095451467507496,0.07102052415647765,0.09935344335724598,0.09935344335724598,12.432817337208693,2.969666770588494,8.803116219428131e-07,32.30997724239173,0.28125,0.003878279447906013,1.3541666666666667,0.01867319734176969,11.963052288473236
s158,2.187062942770896,18.348917209399144,0.5732315982039128,37.07230211694928,2.3055153338008942,2.124949494949495,0.0,0.0,0.23737373737373738,0.25757575757575757,0.0,0.3434343434343434,0.0,0.16161616161616163,0.0,0.0,0.0,0.0,0.0,2.4242078640707816,3.8212177803356906,3.199332950314207,2.5221407264568487,4.6403802500473965,0.7145940575098503,0.19347175258651808,0.20317587645034274,0.16168054936370918,11.740362122924305,2.5033303489247674,1.9966205779070107e-09,22.97915412345272,0.2916666666666667,0.00545908780475828,1.6544117647058822,0.03096541401858688,13.623026336689511
s159,2.629213510305484,16.217891773265944,0.5305736633985887,29.71008745018471,2.010295737556889,2.436284403669725,0.0,0.0,0.0,0.45871559633027525,0.0,0.2706422018348624,0.0,0.1834862385321101,0.0,0.0,0.0,0.0871559633027523,0.0,2.7345554294316274,4.412455272771794,3.2257321434967303,2.533336956549026,4.528343516880562,0.745778968290593,0.13465889215781424,0.34264048138879893,0.3497541246010232,13.269197028489584,2.4229496911420223,1.2038685635211177e-07,25.036069605603082,0.7423728813559322,0.012388628189260615,3.6372881355932205,0.060698621219528036,13.942059865015047
s160,2.1983506400525874,28.919927208974325,0.31699226642128425,48.13518085789017,4.272327651643176,2.207620967741936,0.0,0.0,0.3548387096774194,0.0,0.0,0.21370967741935484,0.0,0.18548387096774194,0.0,0.06451612903225806,0.0,0.1814516129032258,0.0,3.174655984382689,5.083202711582823,3.8312110406311644,3.1124420393525796,5.449252362339303,0.3171522021995999,0.08142611137550994,0.08807224367621336,0.08976594066998668,15.176096047322394,3.5766358131886054,1.6884902364228212e-06,42.265072833931114,2.9283018867924526,0.021639281699806803,17.9811320754717,0.13287522847883945,11.44901174575771
s161,1.773779439433017,19.777192065267453,0.2149455799028211,31.43160881801432,1.5797839898689687,2.7235205992509366,0.2883895131086142,0.0,0.31835205992509363,0.0,0.31086142322097376,0.08239700374531835,0.0,0.0,0.0,0.0,0.0,0.0,0.0,3.3071000041232383,6.290436183665964,4.280740977194622,2.7949083705373843,5.957288029873362,0.3541849340645956,0.07794128704316074,0.07772274952350101,0.08657723997554544,11.095874050138844,3.007801985618577,9.82582176494348e-06,25.193645553872695,10.125,0.042183423216407286,75.25,0.3135113676083603,12.355477263682758
s162,2.4725663170412173,19.6728146954328,0.2729847671322716,30.78739926912366,2.0330001160754665,2.7153068592057763,0.0,0.0,0.0,0.49458483754512633,0.0,0.09386281588447654,0.148014440433213,0.0,0.11913357400722022,0.0,0.0,0.1444043321299639,0.0,2.8601243615677245,6.2296267437780815,3.963586559848562,2.512458247893253,4.714576803878651,0.6961191970382307,0.1753652277791717,0.30565777641432845,0.31473672026821936,17.469070238230838,3.104988338279288,3.617440064367683e-06,36.01152056201081,8.240384615384615,0.03931647382164815,52.46153846153846,0.2503041787291859,14.224095276667082
s163,2.4027020348249897,24.13862559806547,0.4609001052776099,46.69808877382755,5.215097122238952,1.9740579710144928,0.0,0.0,0.47342995169082125,0.0,0.0,0.3140096618357488,0.0,0.07246376811594203,0.0,0.0,0.0966183574879227,0.043478260869565216,0.0,3.030173411611223,4.448810266798675,3.6003234857926985,2.0507448992350157,5.055490268756672,0.3093972268810763,0.07227114627953682,0.09886897461170288,0.09886897461170288,11.834694487618071,3.0279785873316447,8.866489236674143e-08,34.997615170684256,0.3723076923076923,0.004843200872619521,1.1753846153846155,0.015290105234220305,13.870349573340425
s164,2.28508619578613,15.203727132750174,0.7636076345502693,35.14627830687705,2.374088729065945,2.0842134831460672,0.12359550561797752,0.0,0.10112359550561797,0.33146067415730335,0.0,0.42696629213483145,0.0,0.0,0.0,0.0,0.016853932584269662,0.0,0.0,2.2752457970094637,3.487943165977861,2.964249236018214,2.261859061052408,4.337401850161835,0.8288774214907739,0.17018614385700198,0.3032021755053939,0.19179950284049319,8.677680081421943,2.1440604326413513,1.9210637251282447e-06,11.918320354062418,0.14035087719298245,0.0039414738971389985,0.20175438596491227,0.00566586872713731,15.497195924285485
s165,2.8409197613186006,14.278165613449543,0.3943158811108823,23.314979292847987,1.990928039752397,2.743798449612403,0.0,0.0,0.0,0.6124031007751938,0.0,0.1511627906976744,0.0,0.015503875968992248,0.12790697674418605,0.0,0.09302325581395349,0.0,0.0,2.795024629417177,4.471903913084029,3.362749287539027,2.511053178309558,4.2452409696581705,0.5748017522114337,0.08746474373462897,0.3675871304760204,0.3675871304760204,10.283082547596631,2.3669076385536387,2.093576712580367e-08,22.757530501182245,3.5128205128205128,0.03719019419678067,24.98076923076923,0.26447114376798225,12.71571622039409
s166,1.9741161671090395,20.635116508097592,0.3349275229882713,38.12250337936674,5.81687606275253,2.156605504587156,0.28440366972477066,0.0,0.5412844036697247,0.0,0.0,0.1559633027522936,0.0,0.01834862385321101,0.0,0.0,0.0,0.0,0.0,3.1976474298418998,5.467099653961084,4.131950166731263,2.980534744174031,5.091561554592412,0.2563257468673304,0.053976197266199684,0.1184298048252314,0.1184298048252314,13.02353749166915,2.8351399172772402,1.3786542635677052e-07,30.897568553693862,1.4941176470588236,0.011292765070860423,7.464705882352941,0.05641936564929873,11.411295530959533
s167,2.6939743135174137,22.694148465974347,0.36305659523549283,37.82358077662395,1.8054042531680548,2.3785600000000002,0.0,0.0,0.436,0.0,0.164,0.188,0.0,0.0,0.0,0.0,0.212,0.0,0.0,2.8678139946219905,5.173613705381288,3.6756316999314715,1.9609526945992022,5.1464603851046355,0.37528951870090965,0.07090501092269332,0.11025219449340436,0.11143770196107536,11.815055264941291,3.0192774471978527,6.793851122484706e-07,32.40509363842548,1.4042553191489362,0.01163295465330275,6.920212765957447,0.057327553045253325,13.615270545582415
s168,2.4048003302644196,12.469996766272509,0.6714647295230171,23.715261707286093,2.315487434506999,2.566572769953052,0.1643192488262911,0.0,0.0,0.27699530516431925,0.24882629107981222,0.30985915492957744,0.0,0.0,0.0,0.0,0.0,0.0,0.0,2.4900657021595647,3.5376516231949497,2.970150886573758,2.248415318639565,4.529655250709834,0.6387400687288067,0.14756776750620107,0.2977274251358482,0.30045886940314953,8.478918337767992,1.9579113786611857,5.125775885073102e-08,12.39904032425815,0.41515151515151516,0.010315840498091361,1.9636363636363636,0.04879317257491388,16.921611881369646
s169,2.08730039263822,15.90519295283225,0.6382015758490788,34.83994646810877,2.3579704077104893,2.1501086956521736,0.18478260869565216,0.0,0.15217391304347827,0.30434782608695654,0.0,0.358695652173913,0.0,0.0,0.0,0.0,0.0,0.0,0.0,2.621190665414421,3.6253693117513905,3.0839101168036063,2.282294376420124,4.398714030654889,0.7471370631607085,0.17824229206556363,0.26982283179657435,0.17679877737155397,9.432575630708216,2.2612820049584994,4.659919135459841e-06,15.578076955504416,0.23415977961432508,0.005280796976858019,0.512396694214876,0.011555626325830487,15.82500696368332
s170,2.857701175368586,23.561046940585644,0.2840710954980071,37.92753897752813,2.9383265112266983,2.3929545454545456,0.0,0.0,0.4734848484848485,0.14772727272727273,0.0,0.09090909090909091,0.0,0.0,0.0,0.0,0.2878787878787879,0.0,0.0,3.1195146574151327,6.27653192493229,4.498897079180977,2.42717830497218,5.004637008268223,0.7437870908373965,0.21052015941723637,0.1678650223418191,0.16367775757364855,13.784363804372305,3.127237220764204,2.408663307578294e-05,36.801175001303015,4.677083333333333,0.018046286101445416,23.395833333333332,0.09027162268117239,13.144994770625564
s171,2.3462215648635922,14.343283529685987,0.4133360277298715,24.065911962560385,1.6618732417535351,2.69808,0.0,0.0,0.0,0.516,0.08,0.168,0.0,0.236,0.0,0.0,0.0,0.0,0.0,2.7456142109738364,4.475420765515775,3.228750917479798,2.502760716977409,4.367421095223722,0.5616115557757397,0.09561836460942195,0.34443459088679956,0.34443459088679956,10.377401417347201,2.225199484664013,8.384141679713614e-07,21.7198756927135,4.5773809523809526,0.053613944004412724,38.220238095238095,0.44766597458040847,13.97602023078759
s172,2.054918618656076,21.643738274866,0.5250105470715715,43.729185494116976,1.5962443804145212,2.020151515151515,0.0,0.0,0.3888888888888889,0.0,0.10606060606060606,0.35353535353535354,0.07575757575757576,0.07575757575757576,0.0,0.0,0.0,0.0,0.0,2.806489312806617,3.99804032316302,3.409159585643293,3.2478206946115677,4.989084254787912,0.4129250979222923,0.07246287471974108,0.09910385846739257,0.09910385846739257,10.888370687475367,2.7538440321716564,5.016458200089238e-08,28.458859671891236,0.1976190476190476,0.003227969169561236,0.6095238095238096,0.009956145872381642,13.84039216674582
s173,2.6580766270165657,18.576894572450914,0.613017554579762,38.76917128163664,2.4431722160484957,2.0873958333333333,0.0,0.0,0.234375,0.24479166666666666,0.0,0.3645833333333333,0.03125,0.0,0.0,0.0,0.125,0.0,0.0,2.6764843556139746,3.8702162942826024,3.170006099343204,2.476104589714559,4.56457027086935,0.7379868407660334,0.19970783830026598,0.21300927100983005,0.16026529002175882,10.391539958121461,2.4606307204230866,1.6967220069103375e-07,22.30794390961716,0.19047619047619047,0.003738215995876349,0.42142857142857143,0.008270802890876422,14.024123904126203
s174,2.2695738543498245,16.486572152761248,0.4141715124036072,27.626147931653996,2.7456214907569776,2.5624193548387093,0.0,0.0,0.13306451612903225,0.4637096774193548,0.0,0.2056451612903226,0.0,0.0,0.1975806451612903,0.0,0.0,0.0,0.0,2.844153789657156,4.379970083511288,3.41765750902561,2.376636926584598,4.446769358658842,0.7280367223256399,0.11651171808571154,0.3517723129146234,0.23401631908330167,11.776677004230807,2.5217938332473047,1.2626724220003943e-11,26.275647415227713,0.9254901960784314,0.011544096546066134,4.662745098039216,0.05816072370030776,14.799626216185397
s175,1.8860673606948077,19.55205374606341,0.2936837228680773,35.44803240139947,3.1448564073930343,2.2998654708520183,0.3273542600896861,0.0,0.43946188340807174,0.11210762331838565,0.0,0.1210762331838565,0.0,0.0,0.0,0.0,0.0,0.0,0.0,3.279832225981878,6.085363942472431,4.3038306320055835,2.2744545707901924,5.108530171494644,0.5400666067804725,0.11430839024341537,0.06079370176085127,0.11654449017762367,12.612331168203621,2.807343916323891,2.2903556211137726e-05,31.74814459033675,3.0814814814814815,0.019082096195582845,21.037037037037038,0.1302720028736906,11.9627085433076
s176,3.0233985588498893,13.416590352083603,0.5682388249703514,23.87519228008577,2.3110288483346673,2.650973451327434,0.0752212389380531,0.0,0.0,0.37168141592920356,0.1902654867256637,0.24778761061946902,0.0,0.0,0.0,0.0,0.11504424778761062,0.0,0.0,2.713897877934587,3.7646514072347697,3.1054348752493053,2.2773511818520897,4.619208809398242,0.8401315721320827,0.1326077227722691,0.333226618935892,0.333226618935892,9.493018360438636,2.121105955202496,1.796351440394197e-09,16.41886635448752,0.8035714285714286,0.01484095727919911,5.067857142857143,0.09359697057414906,14.675421960839177
s177,2.1946744709117936,16.515456998563092,0.38541965456454275,27.984524358676335,1.8520193369546663,2.5882786885245896,0.0,0.0,0.09836065573770492,0.4344262295081967,0.05737704918032787,0.1721311475409836,0.0,0.23770491803278687,0.0,0.0,0.0,0.0,0.0,2.934221611758031,4.793845386468975,3.570875161593184,2.485270785410983,4.586664465714226,0.6440993474315707,0.14478444178907351,0.28872929985455276,0.18961721585222344,13.718910939238537,2.511615233859592,5.254927533889085e-07,28.8103175222666,3.693121693121693,0.0384912918304862,25.53968253968254,0.26618548089649985,12.112277008830073
s178,1.8670986086541632,27.792949981503885,0.21801121844898144,41.28070511958664,7.391076613442983,2.3839933993399343,0.0,0.0,0.5907590759075908,0.0,0.0,0.0924092409240924,0.0,0.0,0.23432343234323433,0.08250825082508251,0.0,0.0,0.0,3.25391746636025,6.931953066348246,4.008371256414701,2.0340506738580504,5.675064845626725,0.30711930313413965,0.0668048099477843,0.10594711479166619,0.1069015933033028,12.82448642783668,3.3467175891596033,1.8038865535765202e-07,39.27473798205882,9.982142857142858,0.033189792549488444,57.767857142857146,0.19207330750911472,11.816095010641943
s179,2.5539650416610695,13.344654655096386,0.7593712350186488,28.50903494497864,1.0346922667705436,2.242340425531915,0.0,0.0,0.0,0.46808510638297873,0.0,0.32978723404255317,0.20212765957446807,0.0,0.0,0.0,0.0,0.0,0.0,2.484734559712915,3.458765779868722,2.8981756146274185,2.620322732604835,4.438235874077167,0.5688930726703977,0.09621774290046317,0.336513815744575,0.336513815744575,8.727067982231793,1.903091242811919,1.8573179127216043e-06,9.611717120580625,0.4252199413489736,0.010508485377975624,2.2463343108504397,0.055513791720891915,15.195630131729423
s180,2.2886814225261802,31.83695250099146,0.2349398484207372,48.247752759234494,4.478512938010759,2.3790816326530613,0.023809523809523808,0.0,0.3707482993197279,0.0,0.0,0.10204081632653061,0.0,0.1292517006802721,0.0,0.1870748299319728,0.08503401360544217,0.0,0.10204081632653061,3.511240764666086,8.927547865361738,4.337206907172602,3.0925813698500124,5.643806812627318,0.32225990887117295,0.0828830595252717,0.07531392451626699,0.07927781528028104,16.794843859613415,3.9755199304253352,8.149368829496144e-06,45.298942713474815,6.8,0.021794722688950812,37.416666666666664,0.11992439322719259,10.217976027342539
s181,2.3460553811429263,32.81385123326576,0.19995144432035689,47.09919164085134,8.493263493815453,2.4546846846846844,0.05405405405405406,0.0,0.3993993993993994,0.0,0.0,0.07807807807807808,0.0,0.0,0.17117117117117117,0.0,0.0,0.25225225225225223,0.04504504504504504,3.333676355936478,9.650591653490771,4.2284239814897,1.9543176584685127,5.82384932388677,0.31440678076223083,0.06979246069683594,0.04690310534416809,0.056068079951649204,14.557952838988356,3.884422571490923,3.750240536265536e-07,44.94819783356954,11.0,0.026173668331505414,53.84615384615385,0.12812285197240414,9.164935050667212
s182,3.22943856094565,17.727764650375477,0.6804922642320247,36.997074052957544,2.232308425123293,2.188229166666667,0.0,0.0,0.0,0.390625,0.0,0.3958333333333333,0.026041666666666668,0.0,0.0,0.0,0.09895833333333333,0.0,0.08854166666666667,2.4851264721504736,4.2084212296300105,3.0206465068331054,2.6922552515160763,4.36450816176847,0.8660991946002978,0.16504791585635664,0.3129645512140345,0.3185532039142851,13.266700582548513,2.407750053417138,1.3872717483683286e-07,20.70589423633158,0.14035087719298245,0.003133816172045066,0.5021929824561403,0.011213185990598751,16.204309907502534
s183,2.5202497954025973,21.511355294852514,0.5749231141634434,45.68141742390032,3.230247565213485,1.932910052910053,0.0,0.0,0.38095238095238093,0.08994708994708994,0.0,0.3915343915343915,0.0,0.0,0.0,0.0,0.13756613756613756,0.0,0.0,2.8176862513191008,4.007623326647526,3.2856142536046358,2.5546251053406053,5.529493874177206,0.8881751552475556,0.17556187967755282,0.07579510926685844,0.11967280862172171,12.285249162986355,2.713032884867948,1.0674119715732859e-07,26.690927302525367,0.13288288288288289,0.002418639736164612,0.49324324324324326,0.008977662749492374,14.543429230490412
s184,2.3190960834827594,13.786190010871435,0.4083975863716268,23.633468590065323,1.5501351287038754,2.723333333333333,0.08333333333333333,0.0,0.0,0.39166666666666666,0.19166666666666668,0.1375,0.19583333333333333,0.0,0.0,0.0,0.0,0.0,0.0,2.5623580641741,5.243624836996065,3.612607179134172,2.2705200415748896,4.706488021571827,0.7162993239584186,0.11365385015652142,0.3218819196214605,0.3218819196214605,10.72480187139726,2.247639073436765,3.4229118273214e-08,22.088828744092414,5.121212121212121,0.05107768470559152,44.29090909090909,0.4417464139981809,15.626611013613358
s185,2.5694359719699578,13.263441580672973,0.8268603806669945,28.50877673087178,1.5891870239100385,2.2389839572192516,0.0,0.0,0.0,0.41711229946524064,0.0481283422459893,0.39037433155080214,0.0855614973262032,0.058823529411764705,0.0,0.0,0.0,0.0,0.0,2.3827240648465247,3.3311867660766037,2.850079524744212,2.5374338463847237,4.416238570670049,0.6665759693078963,0.11950089117542889,0.3382941241467013,0.3382941241467013,8.243204494412282,1.9189259109947518,4.833017835877739e-09,9.231443267758738,0.24885844748858446,0.007324490366865808,0.8333333333333334,0.0245269631551011,16.199048612610266
s186,2.0806557938619394,16.930841811963592,0.5177456899192745,33.86168362392718,2.428849886088832,2.2432178217821783,0.15346534653465346,0.0,0.20297029702970298,0.297029702970297,0.0,0.28217821782178215,0.0,0.06435643564356436,0.0,0.0,0.0,0.0,0.0,2.7512187381420925,4.13467327333623,3.302326282571829,2.250569338247223,4.561104949555465,0.7688889809646641,0.18471723724399003,0.21931603404059752,0.16466123513107594,10.909764740620123,2.4354122279465753,6.559986710997738e-07,23.32875014280501,0.6210526315789474,0.010350786257340299,2.712280701754386,0.04520428122555961,13.347217752117599
s187,2.1246073658156304,23.435964517142576,0.3780234950246679,41.0569904698813,4.4046261978913614,2.1006866952789696,0.0,0.0,0.5622317596566524,0.0,0.0,0.2145922746781116,0.07725321888412018,0.0,0.13733905579399142,0.0,0.0,0.008583690987124463,0.0,3.3062925357778576,5.221076391151891,4.00684921071493,3.0419914144517928,5.088524418931377,0.28169393745624494,0.05950419394497418,0.11871439752293415,0.11871439752293415,11.551848380282516,3.0487476782840544,5.324835879993826e-06,36.1352428733463,0.528,0.004834651500993897,2.012,0.018422952310605534,13.574676366449399
s188,2.1993057618735565,17.057985810669333,0.7006772721156752,38.11722755223641,2.471730412195618,2.0346408839779007,0.03867403314917127,0.0,0.1712707182320442,0.27624309392265195,0.0,0.425414364640884,0.0,0.08839779005524862,0.0,0.0,0.0,0.0,0.0,2.577710830898631,3.6317358332507057,3.025816024604393,2.254666563892919,4.402871524726413,0.7966208819266012,0.19754845081700093,0.24380464555742012,0.16803588231744437,10.749795144114428,2.3721931416637934,2.1471963612578456e-07,15.93158433268675,0.15800865800865802,0.003940626613282098,0.354978354978355,0.008852914583263892,14.965614361857588
s189,3.06225361784862,19.79241825923221,0.2909483193650179,31.525648245244128,2.2966714409775375,2.635676691729323,0.0,0.0,0.19924812030075187,0.40225563909774437,0.0,0.08646616541353383,0.0,0.0,0.0,0.02631578947368421,0.2857142857142857,0.0,0.0,3.328619958737019,6.104018437404853,4.262804354432357,2.815419917588986,4.811744645666172,0.6109780603225232,0.1347277481400738,0.32429235350770785,0.2026118266018273,12.084663270824286,2.87695962480565,8.592859018895456e-07,31.0521143620938,5.521739130434782,0.02412255050237996,26.57608695652174,0.11610164562661221,13.25739132937888
s190,2.6329983877552503,25.502362750772047,0.3770610601895532,44.82233453165991,5.3701374894222065,2.1197844827586207,0.0,0.0,0.4827586206896552,0.0,0.0,0.22413793103448276,0.0,0.04741379310344827,0.0,0.0,0.15948275862068967,0.08620689655172414,0.0,3.1360809342467824,4.898150257103928,3.8692876666621774,2.0740861891045737,5.253082120349291,0.29258552578105906,0.07131865939212798,0.10602824299251742,0.10602824299251742,13.5151359604568,3.298712777301396,8.508400378056873e-07,39.19424270472689,0.9076923076923077,0.007977624577389798,4.2846153846153845,0.037657092284797605,12.43006840855953
s191,1.7768206521824972,28.682391267221995,0.2579724655234595,46.49754112263938,1.8710360955213037,2.3068965517241384,0.0,0.0,0.32567049808429116,0.0,0.0,0.10344827586206896,0.2796934865900383,0.0,0.0,0.29118773946360155,0.0,0.0,0.0,3.816137906012338,6.711945104453148,4.842196299996857,3.1777921997821252,5.511222305667174,0.3355717927686088,0.08085383031647662,0.06342602214458966,0.06715696462368317,13.018662710972569,3.7704781990604697,5.828981469369773e-07,44.537781042509735,11.796296296296296,0.042545494273502855,82.46296296296296,0.2974177174252876,9.792105345470995
s192,2.2845042955114923,28.905224066077196,0.26959141704671646,44.70042847376964,3.8385260075702603,2.39791519434629,0.0,0.0,0.35335689045936397,0.0,0.0,0.13780918727915195,0.0,0.0176678445229682,0.0,0.29328621908127206,0.1978798586572438,0.0,0.0,3.2934431278154066,5.981383578573369,4.092138453520931,1.9198204097440894,5.777571381751707,0.3059391885489201,0.07171794903082512,0.04998271769858799,0.05530002809205479,13.961449374042136,3.746113652777455,1.8008103275738414e-06,42.62687379378809,5.519230769230769,0.026313607013564458,30.55128205128205,0.14565696983350546,10.427456680484928
s193,2.3859045265285643,15.253596624823189,0.8068084057340845,34.56194678282723,1.7315098199720576,2.099441340782123,0.0,0.0,0.0,0.36312849162011174,0.0,0.43575418994413406,0.12290502793296089,0.0,0.0,0.0782122905027933,0.0,0.0,0.0,2.477167037599372,3.682431311432748,2.865949221555481,2.5850295153343215,4.392839222862944,0.7516165262267295,0.1575284202697053,0.32216227109531687,0.32919638181792205,11.060584941254755,2.139656582333366,2.19042396209673e-08,11.80771028254707,0.16025641025641027,0.004578094199829171,0.3482905982905983,0.009949724727628732,15.297080063128316
s194,2.0089936636229266,17.420233430580183,0.3931858474065351,32.059085052916444,2.3348532226812257,2.393150684931507,0.1643835616438356,0.0,0.2100456621004566,0.3333333333333333,0.0,0.1917808219178082,0.0,0.1004566210045662,0.0,0.0,0.0,0.0,0.0,3.051965385009915,4.552897364295759,3.687130337692963,2.2718352993897653,4.5082094178858085,0.6240376980414795,0.15451395985038846,0.1931748076631524,0.14858778934040384,12.288171641003967,2.53926305701345,3.068811702424156e-09,29.326515203606643,1.9857142857142858,0.021860896372359127,19.433333333333334,0.21394320886234436,13.820695653254452
s195,2.3647447009957823,26.393448114314527,0.2912848315784426,43.421479155807816,4.922200488736876,2.223529411764706,0.0196078431372549,0.0,0.5294117647058824,0.0,0.0,0.13725490196078433,0.0,0.13725490196078433,0.0,0.0,0.09803921568627451,0.0784313725490196,0.0,3.4076279321702474,6.210356557361862,4.212032690681077,3.1697542008652837,5.18573924037708,0.29164962846822656,0.06521800681933608,0.10316525704353288,0.10316525704353288,14.210126960372616,3.4375416632888087,1.0376841145013034e-07,41.05820023442518,2.942857142857143,0.01530385749061651,14.378571428571428,0.07477345905002679,12.728333513111712
s196,2.075554512380703,22.77389206251432,0.4470673263030784,42.40655763364735,1.913355691559822,2.124675925925926,0.0,0.0,0.41203703703703703,0.0,0.10185185185185185,0.30092592592592593,0.0,0.16203703703703703,0.0,0.0,0.0,0.023148148148148147,0.0,2.803427976668083,4.486039075094597,3.6197958101074983,3.2240868737202475,5.127135738010122,0.36850562632070283,0.0679100130562998,0.09722444388152697,0.09722444388152697,13.86895680444673,2.9484559560806973,2.3550906346486538e-07,34.0621072956977,0.4307692307692308,0.00569202792714554,1.7076923076923076,0.022564824996898387,11.868660512662405
s197,2.084043213173209,20.561698056435397,0.46618096711637025,41.75932491873991,4.020922732649633,2.0330964467005077,0.19289340101522842,0.0,0.4416243654822335,0.050761421319796954,0.0,0.28426395939086296,0.0,0.0,0.0,0.0,0.030456852791878174,0.0,0.0,2.9825083103580474,4.38094828825783,3.5186130023804676,2.287107185402054,6.457145779916417,0.567748210087697,0.08904603250263231,0.02427465012797387,0.1025077086791173,10.820953035730973,2.681191604842734,6.520590340180283e-07,27.859487416314032,0.22023809523809523,0.0030447754260980705,0.7321428571428571,0.010121821011082775,13.3524973081823
s198,2.359375974337474,14.465496017201732,0.4534571344634047,24.341938125498068,1.7928852670096422,2.731803278688525,0.0,0.0,0.0,0.3483606557377049,0.2459016393442623,0.1885245901639344,0.11475409836065574,0.10245901639344263,0.0,0.0,0.0,0.0,0.0,2.7675210597538564,4.5359885027242814,3.375106836664167,2.467562619497575,4.589454479708717,0.6543365455283922,0.1290569611891381,0.3143791001141049,0.3143791001141049,12.412872038273203,2.303072558827026,5.147157946004466e-07,21.136589562130045,4.060869565217391,0.05292412853188147,38.95652173913044,0.5077089846313254,11.971586973144461
s199,2.299446320477288,17.986859811779098,0.35947588163412003,31.37557501002067,1.6587259189438228,2.4067241379310347,0.0,0.0,0.23706896551724138,0.33620689655172414,0.0,0.11637931034482758,0.21120689655172414,0.08189655172413793,0.0,0.0,0.017241379310344827,0.0,0.0,3.1893320815221924,5.4121701584037245,3.999522360410671,2.4126053299819654,4.59980571523693,0.6816121169579542,0.16439086310174195,0.1703392795444608,0.14746383016775988,13.95638476636576,2.7092229076595937,2.7067002039312424e-07,32.32503503902972,2.9555555555555557,0.0191231555057835,19.081481481481482,0.12346177589698822,11.839216631811256
s200,1.8092132396154343,27.989240443872625,0.2553234273814302,44.453499528503585,3.3135951047712924,2.299074074074074,0.0,0.0,0.46296296296296297,0.0,0.0,0.12962962962962962,0.0,0.24074074074074073,0.0,0.16666666666666666,0.0,0.0,0.0,3.013791632587306,6.147276782034074,4.162963422842197,3.0235528146707518,5.33239480143612,0.3886211421502256,0.0771594499898693,0.11843972200292303,0.11843972200292303,15.423648686248361,3.5120098445973142,8.853141620323658e-09,40.92714220069292,7.646616541353383,0.03541461127404181,49.31578947368421,0.2284016080102657,11.071872923488492
s201,1.8507114903764619,20.508716292989156,0.24540033559578578,34.047149924308805,1.8306167412519787,2.50511811023622,0.2795275590551181,0.0,0.4251968503937008,0.0,0.17716535433070865,0.09448818897637795,0.0,0.023622047244094488,0.0,0.0,0.0,0.0,0.0,2.9709421782324297,6.264029018275124,4.45688482536486,2.866471949486584,4.98394977802532,0.3237840754107013,0.0679299002348772,0.106902969382488,0.106902969382488,11.265389251051419,2.9816468298310355,2.7980056622536974e-08,29.113249813175926,5.604166666666667,0.02581963451491771,40.177083333333336,0.18510470320453087,12.568906829816152
s202,2.372070724400473,16.89119265975471,0.4172319638671048,27.96177163270206,3.0986234357353384,2.6273877551020406,0.0,0.0,0.0,0.46938775510204084,0.0,0.20816326530612245,0.0,0.04081632653061224,0.11428571428571428,0.1346938775510204,0.0326530612244898,0.0,0.0,2.619091616260543,4.882126368650832,3.3822380306472843,2.37394326925976,4.494413512808664,0.651049795511439,0.1270489050675236,0.3630806891607574,0.3674030783174331,12.053609548675178,2.659977264019389,3.9075725692248497e-10,27.93943062111636,1.4431372549019608,0.01778489946308318,8.392156862745098,0.10342305666032066,14.518283446284578
s203,2.522054978929566,23.203360251560216,0.4709385822548368,44.65552350300265,6.372976691243562,1.9832352941176472,0.0,0.0,0.5196078431372549,0.0,0.0,0.30392156862745096,0.0,0.0,0.029411764705882353,0.0,0.14705882352941177,0.0,0.0,3.0252206591336295,4.25130267133655,3.568918165225932,2.8163152620703533,5.051040293915971,0.27539479015447066,0.06426988245789712,0.1073592265373927,0.1073592265373927,13.835258992995376,2.921632491587147,1.8907753729128686e-06,32.374900218238366,0.2129032258064516,0.002788642750508101,0.8580645161290322,0.011239075327805378,15.585767373734447
s204,1.9909781888761156,20.00796577988151,0.4899414704742525,41.52190747867882,2.746970145721892,2.0325388601036267,0.16580310880829016,0.0,0.38341968911917096,0.09844559585492228,0.0,0.29533678756476683,0.05699481865284974,0.0,0.0,0.0,0.0,0.0,0.0,2.9434896059395426,4.276431926148336,3.4607932621893616,2.289383108514832,5.30206604316898,0.6038838330901855,0.14097898900221253,0.06701176474923151,0.11773888431460576,11.793384957065937,2.614852437646328,4.013812937234104e-09,26.590587823040998,0.23684210526315788,0.003496016901369954,0.9883040935672515,0.0145883174402845,13.92541257331745
s205,2.2282163351479336,13.390963729134373,0.3333755005578202,23.852654142520603,1.764295654772363,2.6734649122807017,0.3201754385964912,0.0,0.0,0.5175438596491229,0.0,0.11842105263157894,0.0,0.0,0.0,0.0,0.0,0.043859649122807015,0.0,2.9165908872880006,5.5465076598043455,3.7407685505802504,2.285726359288104,4.319038078478045,0.6022510610979244,0.10824823511994565,0.30159724649912895,0.3061325434389655,13.397461830478369,2.3549773561189618,2.0863331623678406e-06,24.350619303289147,4.940740740740741,0.043692726762098934,45.65185185185185,0.40371555477483617,13.033226647386378
s206,2.5583002290619987,17.527404711795988,0.392023345074402,29.833880360503805,1.679776508722532,2.582208333333333,0.0,0.0,0.0,0.525,0.0,0.17916666666666667,0.0,0.23333333333333334,0.0,0.0,0.0,0.0,0.0625,2.7848386865442087,5.647607228460529,3.51638805784067,2.456969284939299,4.559065413481971,0.7093542772252408,0.1417995716119366,0.34177160744579876,0.3499090266706988,15.991708943137613,2.7509123585165716,1.1123495198551222e-08,32.95435589040345,3.832558139534884,0.03917674510046192,28.67906976744186,0.29315996394350513,13.735006540929225
s207,3.0448019802927346,30.622600038563668,0.25952756186076914,44.40277005591731,3.520176681704548,2.637335423197492,0.0,0.0,0.0,0.3605015673981191,0.0,0.12539184952978055,0.0,0.0,0.18495297805642633,0.0,0.0,0.0,0.329153605015674,2.9648146083731364,7.028048799643572,3.7290717754772134,2.5203499797508457,4.4827780263214025,0.6468324829387658,0.18097528124611076,0.30728977239973604,0.3172023457029533,18.30631884875396,3.6008357056731444,2.5105858829349303e-10,38.650335559947465,6.63125,0.02715330184723788,34.8875,0.14285554280045412,12.56708412426013
s208,2.059905390943628,22.117979138244003,0.56247910664495,47.836559531551,4.799248875691939,1.8301612903225806,0.026881720430107527,0.0,0.46236559139784944,0.0,0.0,0.4032258064516129,0.0,0.0967741935483871,0.010752688172043012,0.0,0.0,0.0,0.0,2.798447391393645,4.0211796912681645,3.3386151286928594,3.012412786102006,4.973569582677847,0.3157161546713701,0.07114925200770406,0.09997376026141569,0.09997376026141569,10.533948180608814,2.776054091861842,2.0734951243031838e-07,26.234294077064806,0.06444444444444444,0.0011748660634870428,0.13555555555555557,0.0024712699956106763,15.055617144642069
s209,2.6061675816790237,24.93853520708835,0.3745107139673548,43.596254139798894,4.579542312644264,2.14656779661017,0.0,0.0,0.5042372881355932,0.0,0.0,0.211864406779661,0.0,0.0,0.0,0.06779661016949153,0.21610169491525424,0.0,0.0,3.2090782014027637,4.838356369225167,3.823000385062095,2.010655938824693,5.359250205233541,0.2906064688369573,0.0652626867226246,0.10958818905629308,0.10958818905629308,12.185529551992522,3.198287741224167,2.1593100995451585e-08,37.52174531962518,0.948,0.008053699062887672,4.436,0.037685874517900536,13.13137030716577
s210,2.0147336465832897,16.774857141633213,0.3778229004075312,30.753904759660898,2.202139962507725,2.4301818181818184,0.2,0.0,0.19545454545454546,0.35,0.0,0.16818181818181818,0.05454545454545454,0.0,0.031818181818181815,0.0,0.0,0.0,0.0,2.784435059450835,4.977889082092275,3.7555979888639124,2.2450988536418675,4.417504829296055,0.6033602106960723,0.16354125419641746,0.2344011846692319,0.18049098167544722,12.270646602433288,2.5029202459906523,6.847320143131492e-07,29.07177375536713,2.0648648648648646,0.02070197822494937,14.443243243243243,0.1448054602540961,13.674467163344671
s211,2.705739704716377,21.656639890023285,0.47750830554653734,41.34449433549899,3.0539948709007225,2.1023809523809525,0.0,0.0,0.40476190476190477,0.11904761904761904,0.0,0.2857142857142857,0.0,0.0,0.0,0.0,0.19047619047619047,0.0,0.0,2.9717246055628492,4.4384917735198215,3.530645197895929,2.4262794216278882,5.473199432911131,0.7899722109641822,0.18433729283143127,0.10021380824813639,0.12883433452497658,12.324445951731462,2.791930854427162,3.7814473810310557e-07,30.83731576381123,0.23958333333333334,0.003160803397941497,0.7534722222222222,0.00994049764280152,13.855343933801313
s212,2.3719079563387973,25.787387908249332,0.4305862619520231,48.811841397757696,3.8630239205795847,1.9718867924528305,0.0,0.0,0.44339622641509435,0.0,0.0,0.28773584905660377,0.1179245283018868,0.0,0.0660377358490566,0.0,0.0,0.0,0.08490566037735849,3.0230890356034212,4.670810981431266,3.7821202527721316,2.0011555263773415,5.1005900176778205,0.3847572656496216,0.07417088566156177,0.10088615446016201,0.10155206967112017,14.694801377733395,3.279533988926819,6.0999662991488905e-06,38.826076223308995,0.3737704918032787,0.00417053368080435,1.4360655737704917,0.016023629405195663,11.973806383889944
s213,1.9892148845641895,24.71904367268754,0.3363125290579901,43.54354616188808,2.3215069463292264,2.111572052401747,0.0,0.0,0.519650655021834,0.0,0.0,0.1615720524017467,0.21397379912663755,0.0,0.056768558951965066,0.048034934497816595,0.0,0.0,0.0,3.1373779839054556,5.627500048844716,4.192156873008645,3.183193094777919,5.2266809701506665,0.2729907235909878,0.05866692968257747,0.09802169588719452,0.09802169588719452,12.458531099845851,3.277752424364761,1.5946757726355982e-06,38.83119100433608,2.6594594594594594,0.01738312892819881,15.313513513513513,0.10009431758859193,11.488591677560835
s214,2.2017522817362942,32.04366604631095,0.20671614278755754,47.75134548077707,4.061735483593538,2.3791776315789472,0.0,0.0,0.41776315789473684,0.0,0.0,0.0756578947368421,0.0,0.2532894736842105,0.0,0.0,0.0,0.2532894736842105,0.0,3.2313635744884266,7.800135888913088,4.711080173837608,3.435143213726823,5.27337973469751,0.2772152968823978,0.06413341419037556,0.0934606825899467,0.0934606825899467,16.178567857166893,3.9234405733109754,1.7208011770028204e-06,44.5865759756427,14.5,0.03423576665974238,83.79347826086956,0.19784372202395353,11.420802013321582
s215,2.6649570151078747,23.80519140895551,0.38830010755814304,41.97709324785286,2.6074447458633045,2.1722077922077925,0.0,0.0,0.5151515151515151,0.0,0.05194805194805195,0.21645021645021645,0.0,0.0,0.0,0.0,0.21645021645021645,0.0,0.0,2.919023612135176,5.040464751922908,3.7286940078066615,1.9532317606103944,5.070584964002637,0.3413651187704943,0.07003695841616515,0.11688788826872806,0.11688788826872806,12.417933892342509,3.0416208206620263,9.226672074533067e-08,34.986974729635705,1.22,0.011092927569148685,5.576,0.05070013452915825,14.181157578704955
s216,2.126098240992808,19.22679420403041,0.4328382244764063,36.86605494167296,1.6416621412405659,2.190287081339713,0.0430622009569378,0.0,0.3014354066985646,0.22009569377990432,0.0,0.19617224880382775,0.23923444976076555,0.0,0.0,0.0,0.0,0.0,0.0,2.8632888479460843,4.5259794274951695,3.660182396615924,2.239081771060817,4.883297474069233,0.7161031386217938,0.16832847830376155,0.13209631939667366,0.13439291505162068,12.872427849849911,2.6105919364858523,4.603617587749764e-07,30.098772130680103,1.2585365853658537,0.012840931750408813,8.77560975609756,0.08953812487978859,12.16964324138998
s217,2.0609384899169574,20.57549156559068,0.3396677164467021,34.111999174531896,1.1718155362759666,2.5201587301587303,0.0,0.0,0.30158730158730157,0.0,0.30158730158730157,0.14285714285714285,0.25396825396825395,0.0,0.0,0.0,0.0,0.0,0.0,3.015527653732848,5.36521293740704,3.8539561679926937,3.2259421384487115,5.0050971010412,0.31091920911384374,0.07824380366244765,0.0903869553043931,0.09166001101290568,14.279340298182461,3.0576944441742944,6.961722352900608e-06,32.91918513041932,2.9583333333333335,0.020539924709541947,13.868055555555555,0.09628692404919076,13.819556484957829
s218,2.354590437639207,15.530185429888231,0.5810656788279522,29.535084790769563,2.1646616927902156,2.3503286384976527,0.0,0.0,0.09859154929577464,0.4272300469483568,0.0,0.29577464788732394,0.051643192488262914,0.03286384976525822,0.09389671361502347,0.0,0.0,0.0,0.0,2.642895640680135,3.7430519833509543,3.1474696204418184,2.4280600445503615,4.410521146812129,0.7347135854110513,0.12891621930323183,0.3456489142056477,0.22284872976538117,12.641681278392113,2.240442489291632,2.551447542375867e-08,21.580900023993053,0.47619047619047616,0.009069117111214619,2.073015873015873,0.039480889824154305,15.111135340483592
s219,2.0117613755584682,22.957031903062546,0.27917783698030774,36.22699254067098,3.7196097239123,2.4049084249084247,0.0,0.0,0.4652014652014652,0.1684981684981685,0.0,0.13553113553113552,0.0,0.02197802197802198,0.2087912087912088,0.0,0.0,0.0,0.0,3.0238235430713947,6.1755533738227335,4.028644926969142,2.397779582658775,4.281005385069602,0.8206661160762121,0.23078916147649944,0.21223308646157876,0.18173095890389793,13.226458048373354,3.126188964885018,8.417168376058142e-09,34.385610122890895,4.02027027027027,0.023734418158782397,24.06081081081081,0.1420475009469313,13.666932374421338
s220,2.1396056227516036,13.025950171369704,0.501014978177974,25.314582408510944,1.768143926417144,2.485728155339806,0.27184466019417475,0.0,0.043689320388349516,0.470873786407767,0.0,0.21359223300970873,0.0,0.0,0.0,0.0,0.0,0.0,0.0,2.7863765004298484,3.95011677684673,3.257718501548067,2.2954279662628037,4.477177417967883,0.6674497930629769,0.09369466076952605,0.33188472903490535,0.22046671614277638,9.95552485447184,2.014376475438023,1.8535331551841086e-07,17.39257228401362,1.4318181818181819,0.023478152357025973,10.345454545454546,0.16963896750663846,12.737730975337247
s221,2.099249392261465,22.4318830499442,0.4731997601774601,44.64166824790874,6.294366380575701,1.9675124378109454,0.0945273631840796,0.0,0.472636815920398,0.0,0.0,0.31840796019900497,0.0,0.04975124378109453,0.03482587064676617,0.0,0.0,0.029850746268656716,0.0,2.8923035014244474,4.335359612062538,3.5878652593704556,3.043097632267181,4.96519580353371,0.28909456938167694,0.06821727986656058,0.10534158987876907,0.10534158987876907,11.527546550621032,2.8725897674323133,2.1699204922209358e-07,31.77626005173793,0.15,0.002129165613226107,0.34375,0.004879337863643162,15.174599012268864
s222,2.792430193167657,27.478151272556687,0.387098914083265,49.46067229060201,7.891211637630417,2.0672,0.02666666666666667,0.0,0.4488888888888889,0.0,0.0,0.24888888888888888,0.0,0.0,0.0,0.0,0.1688888888888889,0.0,0.10666666666666667,3.0316700460377217,4.849511473761165,3.920341318197448,1.9800192724069094,5.1906153287187005,0.3787602232802888,0.07911582745580734,0.10299482618265736,0.10336398326574935,14.614091302850948,3.5160107832670993,3.0397312657957435e-06,42.63916264586142,0.5642857142857143,0.005111131496852588,1.925,0.01743607516964269,11.434487665750174
s223,2.0657892643792093,21.486482848878893,0.4629621580032817,40.194541191437274,1.564446480050941,2.1682949308755766,0.0,0.0,0.3870967741935484,0.0,0.14746543778801843,0.2903225806451613,0.06912442396313365,0.10599078341013825,0.0,0.0,0.0,0.0,0.0,3.011343753511369,4.34962195086194,3.5766024415435456,3.20010966030063,5.042712202194743,0.33688144560051503,0.0714820076127237,0.10838526307828593,0.10873043907535054,12.872373280819476,2.82365631483164,2.3381961747189015e-07,31.558401205937468,0.4253968253968254,0.005747906952296259,1.5015873015873016,0.02028925364504575,13.627297726940107
s224,2.0667955245416,17.493792591874676,0.262278144730362,26.285089376623866,2.7416739456081682,2.889256756756757,0.0,0.0,0.0,0.48986486486486486,0.0945945945945946,0.11148648648648649,0.0,0.07094594594594594,0.15202702702702703,0.08108108108108109,0.0,0.0,0.0,2.942675143788641,5.656652404668282,3.551165319528319,2.593588508327103,4.5832874589050965,0.6099912472912796,0.12953417814216175,0.38168278827251934,0.38168278827251934,11.839663740381186,2.9527836645892993,2.0435366860376643e-07,28.972309765964205,7.2727272727272725,0.04634848655902138,43.583333333333336,0.2777529616396354,14.203505704493786
s225,2.3750023512209224,13.351913793904432,0.4443649456093129,23.568150863482792,1.5373041007597514,2.6128326180257515,0.07296137339055794,0.0,0.0,0.5665236051502146,0.0,0.16738197424892703,0.02575107296137339,0.16738197424892703,0.0,0.0,0.0,0.0,0.0,2.733391919377241,4.50794187910502,3.275776389815953,2.3825194766541387,4.366546817223699,0.5701915566921576,0.08292117808556428,0.3522085880782175,0.3522085880782175,10.079184791149274,2.0648230851527303,5.557630804624927e-09,20.02252179817021,3.764102564102564,0.047187461526494494,30.235897435897435,0.3790426064853018,14.282000452048251
s226,2.997658408121472,14.15484948879476,0.48184808749867597,24.718170002820713,1.684000546882379,2.6122222222222224,0.0,0.0,0.0,0.5726495726495726,0.0,0.19230769230769232,0.0,0.10256410256410256,0.01282051282051282,0.0,0.11965811965811966,0.0,0.0,2.6806106878673086,4.429534555063153,3.2058846597795005,2.5070661956702627,4.390012691252848,0.5989728640365652,0.0870411480108181,0.3627098353832859,0.3627098353832859,9.760489498482432,2.154449573203645,1.6352782874469582e-07,21.43177626860612,2.617777777777778,0.03556511171788289,20.102222222222224,0.27310865925294453,14.741393125676888
s227,2.8972530162280696,19.508514149209155,0.5901955839677804,40.71342083313211,2.6053430209123754,2.180833333333333,0.14583333333333334,0.0,0.0,0.3333333333333333,0.0,0.375,0.0,0.0,0.0,0.0,0.0,0.0,0.14583333333333334,2.6199286903648464,4.253375627188641,3.1875939536933355,2.2913352810861607,4.234434797443885,0.658634050948219,0.18973546473104025,0.2981590522053262,0.32954421559536057,14.894980904265509,2.650665725449809,2.7720279698406e-06,26.17428813211701,0.14814814814814814,0.0028477594516242407,0.3783068783068783,0.007271957171111901,12.598793595172813
s228,2.1208522664064375,24.799234999110283,0.3960995122718684,43.21631393227312,5.824158833758359,2.1467088607594937,0.0,0.0,0.4345991561181435,0.0,0.0,0.270042194092827,0.0,0.0,0.11392405063291139,0.13924050632911392,0.04219409282700422,0.0,0.0,3.09511260265506,5.113003273537164,3.69272345234713,2.003446237412477,5.335194031758289,0.4268750666825615,0.07926137480068465,0.10841096634951497,0.10875081263901189,13.05073703080179,3.1923635156793058,5.744938028979918e-06,37.00297344524752,1.021875,0.011127333851165468,5.64375,0.06145555026056524,13.135422491699037
s229,2.0707194562922204,28.47630698706422,0.18554181946377393,40.75275933259853,5.135737622966348,2.5353726708074533,0.0,0.0,0.45652173913043476,0.11490683229813664,0.0,0.059006211180124224,0.0,0.0,0.2422360248447205,0.0,0.0,0.12732919254658384,0.0,3.1850263563533465,7.8814398050812775,4.1866989790996,2.5585990235105562,4.380673533597508,0.7391220783050071,0.199545063132036,0.15704962691842161,0.12108532094072005,12.73221950791041,3.464439273198928,6.085664411792418e-09,34.75511600679261,16.473684210526315,0.03413538454556494,98.57894736842105,0.2042670135905531,13.273247071612252
s230,1.7349209450134917,26.44954016889736,0.2308356752977529,42.51398481135647,3.8261651730757755,2.379351145038168,0.183206106870229,0.0,0.3969465648854962,0.0,0.0,0.10305343511450382,0.0,0.0916030534351145,0.0,0.22519083969465647,0.0,0.0,0.0,3.085054495864407,7.209308233176304,4.24142286157611,2.0478449358254154,5.578852744079424,0.430374312382833,0.07633304844981309,0.10619975788666798,0.10619975788666798,13.779060304409565,3.4142407525060614,6.361377138994057e-08,38.80562113061824,8.703703703703704,0.033911612797724075,56.416666666666664,0.21981218806014124,9.717728647609446
s231,2.1855273885146045,24.780905079947754,0.4305776291830597,45.571664426683554,3.530560388222541,2.0880184331797236,0.0,0.0,0.35944700460829493,0.0,0.0,0.29493087557603687,0.03686635944700461,0.05069124423963134,0.0,0.18433179723502305,0.07373271889400922,0.0,0.0,2.9014715973772405,4.640809461690931,3.641316594231094,2.776947827025157,5.318326887852919,0.3487198366197441,0.08136336693817266,0.08731158055535773,0.08841679043580529,12.555031992594948,3.1703522807091336,1.3945318837795076e-06,37.571951815897435,0.6125,0.0072896918295569995,1.7,0.020232614057545957,12.384679785201769
s232,3.1297111652277247,14.139795839711677,0.6603470164359557,26.02197721762064,2.527450876714852,2.5601826484018266,0.0,0.0,0.0,0.3242009132420091,0.2191780821917808,0.319634703196347,0.0,0.0,0.0,0.0,0.136986301369863,0.0,0.0,2.598403025717184,3.684640394675588,2.988787271681592,2.448354392051003,4.706663721500252,0.6888871859353025,0.1654896344868594,0.31872571729377663,0.31872571729377663,9.748391957006024,2.1010038396856174,1.343860780314683e-10,16.130385037771582,0.6371428571428571,0.01440282238478787,3.0028571428571427,0.0678805664861527,14.19121182661408
s233,2.4362469363238812,14.665931030598449,0.4169005330828652,25.34186611904877,1.7068451559849376,2.6169361702127656,0.05106382978723404,0.0,0.0,0.5446808510638298,0.0,0.1702127659574468,0.0,0.2,0.0,0.0,0.0,0.03404255319148936,0.0,2.7403662718542017,4.8839474519932295,3.322141370746938,2.328571505694018,4.434158012081622,0.930493806389996,0.11467795635671127,0.3500934420503236,0.35362973944477133,12.030710770834755,2.3098657920609416,5.866708901068161e-08,24.11592625825701,3.935,0.045669602062435366,38.125,0.44247867309538713,12.220999871103446
s234,2.6648623609295665,15.178114216357113,0.7980591170679204,34.340483414507965,1.8200932323716017,2.092099447513812,0.0,0.0,0.0718232044198895,0.3701657458563536,0.0,0.425414364640884,0.0718232044198895,0.0,0.0,0.0,0.06077348066298342,0.0,0.0,2.5172531291120324,3.476207891899505,2.8916467385545377,2.6849720913091337,4.473033826443127,0.7156213193302641,0.16089211615763324,0.30636232711869904,0.19970828068661228,8.82084899387727,2.131459100022064,1.0305321134682117e-07,11.335586000329481,0.22727272727272727,0.0063700326334830745,0.6298701298701299,0.017654090441367377,12.718840976495212
s235,2.7109145621930484,34.9236949270952,0.28818340631971073,55.83608709900846,5.112733888871423,2.2005243445692884,0.0,0.0,0.31835205992509363,0.0,0.0,0.16853932584269662,0.04868913857677903,0.10486891385767791,0.0,0.0449438202247191,0.052434456928838954,0.0,0.26217228464419473,3.5535778781128453,5.9965201407598885,4.308482464967228,3.079379531703138,5.563472921789557,0.40947587906982175,0.09331167068924459,0.0696447238204273,0.08527925365766609,15.803168582539804,4.27173775352461,6.5780945720166e-06,50.93563276500092,2.6166666666666667,0.01262785157400119,10.244444444444444,0.04943897728759701,9.301158439141952
s236,1.9562906871867503,25.851124462941968,0.30602661600863623,41.64903385696209,7.292612166571518,2.247011494252874,0.0,0.0,0.5402298850574713,0.0,0.0,0.1839080459770115,0.0,0.0,0.19540229885057472,0.08045977011494253,0.0,0.0,0.0,3.1644414079762098,5.140110817090253,3.866556970941127,2.8158300505677367,5.302216264752108,0.27394952492346675,0.06410020690113373,0.10415743421087499,0.10415743421087499,14.673282749001435,3.325869607340469,1.1247977177760654e-07,38.03496775232759,2.8645833333333335,0.020378994504740115,15.5,0.11026888662928469,15.248772338336403
s237,3.4032076373790865,17.84337944518633,0.37626254632284684,29.208589282884603,2.2738404565017976,2.6720622568093386,0.0,0.0,0.0,0.5058365758754864,0.0,0.1517509727626459,0.0,0.0,0.01556420233463035,0.0,0.22178988326848248,0.10505836575875487,0.0,2.980575231909766,5.258114094470462,3.603586229962011,2.5055538888218885,4.63089892214977,0.8541068316035685,0.17003645567959738,0.322493034918186,0.32457363514346466,12.676461032865875,2.8516550653788837,1.320735776845401e-07,31.81097489470605,2.5961538461538463,0.022079274433723567,10.98076923076923,0.09338715334560116,12.406877684745794
s238,2.5512954445357474,14.709484559001826,0.29392308391680194,23.659231188274035,1.5563510588785914,2.7876779026217227,0.02247191011235955,0.0,0.0,0.6217228464419475,0.0,0.08239700374531835,0.0,0.20973782771535582,0.0,0.0,0.06367041198501873,0.0,0.0,2.8210822552977284,6.070021381042027,3.726544109624473,2.5676886163022723,4.2202428024168075,0.5585628547138421,0.08377651060722607,0.3624568197793543,0.3624568197793543,13.268505993951477,2.3473404387496366,1.0825430823368909e-06,24.87892910855786,16.636363636363637,0.09319065609372734,180.60227272727272,1.0116660500666725,12.489492971562097
s239,2.288338426741161,25.645520101717956,0.29490639985618106,43.83383223059597,2.3765586118619457,2.1586721991701245,0.0,0.0,0.5394190871369294,0.0,0.0,0.0995850622406639,0.23651452282157676,0.0,0.0,0.0,0.07883817427385892,0.04564315352697095,0.0,3.462796157292552,7.168759656467541,4.624060867818517,3.098197566548176,5.432977688415578,0.2962522397435104,0.06506121544996417,0.10276895407246377,0.10276895407246377,13.660589931395196,3.3680717515228458,4.492072737068172e-06,39.70553730628082,4.866666666666666,0.018897932308734818,27.691666666666666,0.10753052921562638,12.27491106220577
s240,1.9358870382078968,25.241510569833842,0.37360301966770165,46.24075045566196,1.9318465150959618,2.0838073394495416,0.0,0.0,0.3944954128440367,0.0,0.0,0.21100917431192662,0.24311926605504589,0.0,0.0,0.15137614678899083,0.0,0.0,0.0,2.910440520357697,5.15337097896726,3.9246114896867064,3.124310042352334,5.318285324507173,0.3912618854355521,0.08181316517236864,0.10026141222537235,0.10069923498618184,14.693944961300213,3.2395070399393178,1.6904622675453323e-07,38.9745331579548,2.4217391304347826,0.020244793705913727,15.47391304347826,0.12935587217117944,11.389896099526135
s241,2.259026424647052,31.236505442246912,0.24949981113939024,49.06072606183413,4.703783102631742,2.2627338129496404,0.0,0.0,0.44964028776978415,0.0,0.0,0.1223021582733813,0.0,0.24100719424460432,0.0,0.0,0.0,0.11151079136690648,0.07553956834532374,3.405344182174441,7.1809586470484295,4.206219636678048,3.1125145587698984,5.255144240846444,0.307005565661457,0.07747218328182202,0.08954381061520304,0.09225725942172434,15.137203036443902,3.8620856569046045,5.5135762374598475e-06,46.06770379185272,5.926470588235294,0.023204264805645754,34.463235294117645,0.13493596667997723,10.1475330547508
s242,2.084071755744114,22.157614508335598,0.439703185761263,41.59411846301597,9.443780891087282,2.0332710280373836,0.07476635514018691,0.0,0.5327102803738317,0.0,0.0,0.2803738317757009,0.0,0.0,0.11214953271028037,0.0,0.0,0.0,0.0,3.227490188764553,4.408219262783974,3.689928794689379,2.7690437853960304,4.953357072247838,0.2988275563397476,0.06709381179018216,0.11778060361997075,0.11778060361997075,10.986788152000173,2.868654239795354,1.5018446561394554e-08,31.96550038446337,0.14333333333333334,0.001813684224569044,0.4533333333333333,0.0057363035939858135,13.433797932980111
s243,2.298752626151556,21.3073271187853,0.2863430440335888,36.86012063614686,6.285573518796398,2.241898734177215,0.24050632911392406,0.0,0.5780590717299579,0.0,0.0,0.0970464135021097,0.0,0.0,0.0,0.0,0.08438818565400844,0.0,0.0,3.683374274491434,6.007901547672793,4.471036248229371,2.9329226551870025,5.334108029971375,0.28009177515720896,0.0543264255326108,0.13873339957079542,0.13873339957079542,13.378883616640293,2.914330611322133,7.085303758889478e-07,31.909532237934236,2.4695652173913043,0.011247888856321582,14.539130434782608,0.06621996537947072,13.196921386745885
s244,2.454548869906585,16.153000016544837,0.5831515621972212,30.972266086769473,2.3632517578589414,2.3079425837320575,0.0,0.0,0.1339712918660287,0.3875598086124402,0.0,0.3062200956937799,0.04784688995215311,0.0,0.09569377990430622,0.0,0.028708133971291867,0.0,0.0,2.7121499646745533,3.779043591980323,3.1827664343088244,2.4177913726905986,4.3080999498238075,0.6151935511168459,0.15209471367066063,0.32536679040241767,0.2121901442808102,11.472233267651218,2.290056849475011,2.0181714181900165e-06,22.10576470627363,0.334375,0.006338905738422055,1.453125,0.027547581012768742,12.94093621616959
s245,2.069647376151641,19.343619677277783,0.48932694637782714,37.60255040068952,2.4118692649950404,2.178125,0.07211538461538461,0.0,0.30288461538461536,0.17307692307692307,0.038461538461538464,0.2932692307692308,0.0,0.1201923076923077,0.0,0.0,0.0,0.0,0.0,2.6761317783974565,4.392941093737131,3.4375501916882953,2.2707549527435926,4.874464444702545,0.8298669420479234,0.1723315576735448,0.1241665458073287,0.1321612963862746,11.533099132606779,2.6113396710841905,1.0670708392402812e-07,27.883814495261596,0.26229508196721313,0.003976664047703313,1.0918032786885246,0.016552864098565042,14.722410188660593
s246,2.465263255812683,26.726301221919258,0.4301126093806625,49.56929371928613,3.8951755335848324,2.0337327188940097,0.0,0.0,0.3087557603686636,0.0,0.0,0.31797235023041476,0.09216589861751152,0.0,0.05069124423963134,0.0,0.0,0.2304147465437788,0.0,2.9690844041461384,4.599906140443683,3.7258950767030417,3.1278776986747436,5.258413998636796,0.30473028427805277,0.07913805528353403,0.07469593258675682,0.0783285615271462,14.800052613122665,3.393253799405099,4.447119344592345e-07,40.28993443866366,0.5855072463768116,0.006965988808607905,2.4608695652173913,0.029277844052020354,10.918840628069072
s247,2.2234676870425414,22.71947401291484,0.3295191025567126,39.50475705230715,2.0586627283142604,2.3862231759656654,0.24034334763948498,0.0,0.33047210300429186,0.0,0.16738197424892703,0.18454935622317598,0.0,0.0,0.0,0.0,0.0,0.0,0.07725321888412018,3.2690463851797,5.300159368136608,4.089023024005699,2.8837141809093634,5.221878281755939,0.2923840985613253,0.07407943321147813,0.08630171025836968,0.09324054123391698,16.261377943324998,3.4092976673319146,7.167789071573742e-09,38.69408637261382,1.3627906976744186,0.01106989298166766,7.879069767441861,0.06400136078820824,9.332246370192067
s248,3.0888714822739147,18.099621586485572,0.425475885689585,31.674337776349773,2.2245783787792845,2.4687878787878788,0.0,0.0,0.1774891774891775,0.3939393939393939,0.0,0.19047619047619047,0.0,0.0,0.0,0.0,0.23809523809523808,0.0,0.0,2.9845492625883447,4.919232458984049,3.6046674235969904,2.416876933759917,4.541383766597092,0.655105531864297,0.14946416246333347,0.2950375664611634,0.19732924106285984,12.709460745615162,2.51439527381359,7.839430744806167e-08,29.4529713691769,1.8136363636363637,0.019086285522813662,7.759090909090909,0.0816548606201577,12.732956524212762
s249,2.37624712578276,23.47874440465004,0.41176914627416616,44.419246170959525,1.8012751055139284,2.0891904761904763,0.0,0.0,0.3333333333333333,0.12380952380952381,0.0,0.21428571428571427,0.2571428571428571,0.0,0.0,0.0,0.0,0.0,0.07142857142857142,3.050969489583858,4.876925839510105,3.8533101645970986,2.4077528109651207,6.105205898039152,0.614175688642668,0.10872747274151744,0.034717191611436306,0.0880876744118306,14.680422390862372,3.150149197156791,1.8508606463069032e-06,38.55851841374186,0.9333333333333333,0.008518343083133074,3.551111111111111,0.03241026725439679,12.900495848007038
s250,2.323910464623477,24.56911433521238,0.4109156670809887,46.094267602345305,2.1550357069324955,2.1096226415094343,0.08018867924528301,0.0,0.36792452830188677,0.0,0.08018867924528301,0.25943396226415094,0.10849056603773585,0.018867924528301886,0.0,0.0,0.0,0.0,0.08490566037735849,3.130990180577132,4.735344297446052,3.8380962538904906,2.9913767132479427,5.087925336797291,0.43113606173042895,0.07807191453238795,0.09967449068560583,0.10114570088022731,15.386016673170703,3.258882073338715,1.1315812675026031e-06,38.50792027084732,0.4036363636363636,0.004262139029651367,1.8690909090909091,0.01973639154270993,10.990773594576075
s251,2.067013966869043,11.969080209226533,0.3129044142198346,21.319924122684757,1.5311193234957265,2.718859649122807,0.34210526315789475,0.0,0.0,0.5614035087719298,0.0,0.09649122807017543,0.0,0.0,0.0,0.0,0.0,0.0,0.0,3.0854634183617975,5.116944889816686,3.830247816168623,2.309239607648946,4.404197182225336,0.4639828421256457,0.06846600318441265,0.32579630832841605,0.32579630832841605,9.392480181162314,2.0225537551316437,1.2149374535679142e-07,20.109511887749356,8.909090909090908,0.07182248825973654,108.36363636363636,0.8735959796490405,15.074891558377853
s252,2.6931887132123586,26.375588218907183,0.4293421006095204,48.951303558819234,6.025815700480015,2.057351598173516,0.0319634703196347,0.0,0.3424657534246575,0.0,0.0,0.3105022831050228,0.0,0.0,0.0,0.0,0.1187214611872146,0.1963470319634703,0.0,3.172204212756615,4.777915952219134,3.738516594110573,1.923472913093389,5.316135216703249,0.31343878750598825,0.07974563754604402,0.08126724484581137,0.08372988862901777,14.70367909251389,3.322850784791632,7.622032644295568e-07,39.675469664306966,0.3264705882352941,0.0038433214141943687,0.8558823529411764,0.010075734518293345,11.504614667552373
s253,2.04984358585863,21.22718193444648,0.37219156139370385,34.220790270077316,1.8579910320856836,2.5224436090225564,0.0,0.0,0.3458646616541353,0.0,0.2744360902255639,0.23308270676691728,0.0,0.0,0.14661654135338345,0.0,0.0,0.0,0.0,2.8840636948338565,4.748617433420654,3.5599618738901277,1.951478322681962,5.181976842696528,0.2715253569264754,0.07082861314082253,0.10333537444042422,0.10546161671286093,11.13450118325404,2.9389411519107744,8.43049595012054e-06,29.910764250659756,1.092741935483871,0.01199873110367924,6.19758064516129,0.06805184393488928,13.16261373539625
s254,2.0359438050808083,21.356908295314838,0.32452522798671624,36.18809461150572,3.971646019537077,2.303360655737705,0.10655737704918032,0.0,0.4672131147540984,0.12295081967213115,0.0,0.16393442622950818,0.0,0.0,0.13934426229508196,0.0,0.0,0.0,0.0,3.314059498489659,5.515569453294955,4.070063835906891,2.2864666952208226,5.325460715328175,0.6816932858477525,0.1697571591691874,0.10013059526275928,0.14317084222405493,11.706083618734079,3.0034431729125823,1.221832402419714e-06,34.79711363703033,1.6222222222222222,0.012452086488337717,9.338888888888889,0.07168478557156063,13.358955187614379
s255,2.002610620196273,22.728664633286467,0.4366373342643736,44.217583922939085,4.786031665745059,1.98803738317757,0.07476635514018691,0.0,0.514018691588785,0.0,0.0,0.2803738317757009,0.0,0.1308411214953271,0.0,0.0,0.0,0.0,0.0,2.900408567995252,4.333873223831246,3.6399171466864124,3.062186889797884,4.983527805853744,0.30578173342930315,0.06697727225439058,0.108104332428737,0.108104332428737,11.971561354816707,2.9023467871900004,4.246490952693839e-06,33.001031538941945,0.48333333333333334,0.005962251671095829,1.9666666666666666,0.02426019645480372,13.437636845905253
s256,2.472967996453383,28.56312061476941,0.3757670599756844,51.23226395982455,4.246876404292315,2.034690265486726,0.0,0.0,0.415929203539823,0.0,0.0,0.24778761061946902,0.12389380530973451,0.0,0.07079646017699115,0.0,0.0,0.0,0.1415929203539823,3.3106191300535306,4.8632742353284515,4.06458802237879,3.0791248530688837,5.17653616847966,0.31311480678524956,0.07360090750875986,0.08427799171480302,0.08776055335591058,15.553283925482635,3.672643172503212,9.854099468701453e-07,44.79869250238066,0.503968253968254,0.004371969406392096,1.6349206349206349,0.014183081853807431,10.73669719586372
s257,2.864084311508718,20.537789531695836,0.42991253370303606,36.968021157052505,2.6375489225414683,2.2815999999999996,0.0,0.0,0.3288888888888889,0.22666666666666666,0.0,0.2222222222222222,0.0,0.0,0.0,0.0,0.2222222222222222,0.0,0.0,2.7959953620134206,4.715643712961319,3.645503866729877,2.4173098142827136,4.777831121769727,0.7595416000335681,0.1860527514703289,0.1887606463346513,0.15604991322619222,12.03043900555532,2.686214590175986,5.2470982674122e-09,31.411166802805305,0.892,0.009651585041141218,4.476,0.048431047807340914,14.579171350603042
s258,2.035580474088538,25.014912749283592,0.4488817939617953,46.76701079213893,4.258618949126499,2.081627906976744,0.03255813953488372,0.0,0.2744186046511628,0.0,0.0,0.3395348837209302,0.0,0.09302325581395349,0.0,0.2186046511627907,0.0,0.04186046511627907,0.0,2.753547075022214,4.42233958258548,3.5711767788371445,2.9982161776145797,5.31163004601825,0.35803675628586284,0.08153632810658426,0.07608333463704654,0.08240479864249849,12.476643370966107,3.1399572535581184,4.456396087105149e-07,36.69569603229309,0.5808219178082191,0.007883669405612024,2.717808219178082,0.03688962287909023,11.727627497373724
s259,2.0123993193173537,20.670759659413388,0.5864126062697189,47.171733581738295,6.163262039559579,1.8276404494382024,0.15730337078651685,0.0,0.43820224719101125,0.0,0.0,0.4044943820224719,0.0,0.0,0.0,0.0,0.0,0.0,0.0,2.844665694041065,3.84904358274625,3.2967383201923934,2.9774754966826222,4.952101470471037,0.34918528287317485,0.07146164628894146,0.10475874149158113,0.10475874149158113,11.199112921806364,2.629755478903597,3.4553518568515374e-07,21.482501741239865,0.02546296296296296,0.0004982702928130836,0.05555555555555555,0.001087135184319455,14.115353525303721
s260,3.0373499130422283,30.939544292084488,0.31569764380184484,49.430041176702986,2.844025575600144,2.3125555555555555,0.0,0.0,0.3148148148148148,0.0,0.09259259259259259,0.17407407407407408,0.03333333333333333,0.0,0.0,0.0,0.16666666666666666,0.0,0.21851851851851853,3.3675692689987353,6.119069272420163,4.181549491803272,1.9521411182953976,5.313251551564082,0.3457988553666137,0.0812714843764471,0.060611442659638866,0.07211994443045637,15.91938254581797,4.153844274405807,9.95377879598389e-07,47.98162286999011,1.622340425531915,0.009127717096972828,7.441489361702128,0.0418677908808688,10.9739487650768
s261,2.2128594723193835,23.40223503869781,0.4481410237242729,44.906991560744395,4.535830599021623,1.9782159624413147,0.0,0.0,0.5211267605633803,0.0,0.0,0.29107981220657275,0.0,0.13145539906103287,0.0,0.0,0.056338028169014086,0.0,0.0,3.0437678298099535,4.391706447458562,3.6289844728548903,3.063113979675128,4.9690978611182155,0.29150700817622915,0.06261443776414485,0.1027265092006039,0.1027265092006039,11.845388709963233,2.959189172798756,5.416972444719746e-07,34.28643671451765,0.5193548387096775,0.0064597979069182035,3.3516129032258064,0.041687764132223686,13.802081327974456
s262,2.16476110011347,19.99016852248756,0.3643616647086389,36.242338052965245,1.4347681303659647,2.2362331838565024,0.0,0.0,0.34977578475336324,0.20179372197309417,0.0,0.1210762331838565,0.3273542600896861,0.0,0.0,0.0,0.0,0.0,0.0,3.0620670246017565,5.873142548508171,4.0372900830029455,2.523836361599613,5.177701527907088,0.6016595805145603,0.1612349397443302,0.09622378687665246,0.1212208383762753,12.712514721679234,2.8326245621799244,8.395487139169518e-06,34.72655542966749,2.3851851851851853,0.014446563436586016,11.688888888888888,0.07079713386003954,11.48760247521933
s263,3.0190298793786,31.690080611693084,0.3350037997296292,52.958591089339464,8.598908477559544,2.146265060240964,0.0,0.0,0.39357429718875503,0.0,0.0,0.20481927710843373,0.0,0.0,0.0,0.0,0.19678714859437751,0.0,0.20481927710843373,3.4180406619425456,5.845813423963117,4.209142575523656,1.9311930249736415,5.436105963149143,0.3865856666200256,0.07527453869221905,0.07080924894397883,0.0761871665852937,17.804069679981982,4.070880755084195,1.7670978368935872e-07,49.313722050101006,1.5137254901960784,0.009783508109101207,6.686274509803922,0.04321471846118538,10.129650089905262
s264,3.330720054245283,17.6739742356041,0.5369964973338294,32.42663041573642,2.561118946978956,2.4245495495495497,0.0,0.0,0.0,0.42342342342342343,0.0,0.28378378378378377,0.0,0.0,0.0,0.0,0.17117117117117117,0.12162162162162163,0.0,2.6342572233277295,3.9520234842659687,3.3032663819926915,2.6013733278096023,4.657103582315958,0.8476326499078263,0.15917603815783068,0.343534531388433,0.3479529819529144,10.905998853046494,2.5542767782045783,6.781570427914444e-07,28.29933984167051,0.6,0.009633954876275767,2.746031746031746,0.04409190988348433,11.913598209784821
s265,3.0847339183411826,16.853484359443797,0.5325186777429138,31.48940498738183,2.169039961097305,2.382394366197183,0.0,0.0,0.1267605633802817,0.4084507042253521,0.0,0.26291079812206575,0.0,0.0,0.0,0.0,0.20187793427230047,0.0,0.0,2.8230620104265287,3.9241416566048652,3.2960623930946595,2.420493487242967,4.513069588270642,0.6933031961504391,0.14140910572852206,0.31370148434359335,0.19768295957853488,11.46307395693087,2.3250411788228913,9.761156635146748e-07,24.510016721580225,0.8535714285714285,0.013315534090976085,3.0892857142857144,0.04819220497361637,12.112656967708219
s266,2.5161180074865475,13.437223476426352,0.6162838238406443,24.95484359907753,1.8082935846143893,2.4860180995475116,0.0,0.0,0.0,0.5067873303167421,0.03167420814479638,0.28054298642533937,0.0,0.14027149321266968,0.04072398190045249,0.0,0.0,0.0,0.0,2.557514014552074,3.8521377002482278,3.024510842691327,2.4733482936040008,4.406707322626454,0.6039586579444362,0.09156337357544607,0.36091981777153076,0.36091981777153076,9.111327082435364,2.0142344889862365,1.5970480885116917e-07,16.657594313362985,0.7225806451612903,0.015086072839551327,3.132258064516129,0.0653954318178765,13.201494455808424
s267,1.9601097963516918,24.503113798152445,0.4326669459106172,46.023239829573306,3.1687448559977316,2.051296296296296,0.013888888888888888,0.0,0.37037037037037035,0.0,0.0,0.30092592592592593,0.05092592592592592,0.10185185185185185,0.0,0.16203703703703703,0.0,0.0,0.0,2.975040226912527,4.717258355488806,3.663748637008384,3.033913122889796,5.17146390893728,0.37116276995442193,0.07797178529219163,0.09075590513481392,0.09160145704600785,13.189560871557704,3.0998803830495008,3.639580467215571e-07,36.840395554633375,0.8584615384615385,0.010542877752655737,4.018461538461539,0.04935124854827381,11.875306356074455
s268,2.2800436715404806,25.81407338642851,0.39638917624742126,48.45799740961141,2.2064999247295534,2.017943925233645,0.0,0.0,0.3925233644859813,0.0,0.0,0.2383177570093458,0.22897196261682243,0.0,0.0,0.0,0.0,0.14018691588785046,0.0,3.045831723366835,5.0738117049819165,3.8412546706101693,3.124934175335467,5.319909027466065,0.4176252801350676,0.08176164545020223,0.09233376883888167,0.09418044421565933,13.502568410213454,3.2824149637809272,1.337016528658695e-07,39.722214538210466,1.2705882352941176,0.01173018042464205,8.60392156862745,0.07943214769032302,10.925516578961583
s269,2.1275301282681953,21.47736476583064,0.599814919846236,49.37004627989639,6.33117849893372,1.8092090395480227,0.12994350282485875,0.0,0.3898305084745763,0.0,0.0,0.4350282485875706,0.0,0.0,0.0,0.0,0.0,0.04519774011299435,0.0,2.736540234152671,3.8908373082961107,3.27206764154103,2.9922602440533907,4.98675165554642,0.35044811604251774,0.0751115389182157,0.09460135828368155,0.09460135828368155,10.523103941053508,2.7344056359233377,8.26276033161958e-07,22.07750485075717,0.021645021645021644,0.0004384241716588294,0.047619047619047616,0.0009645331776494246,14.336115127571876
s270,2.0203136867375955,18.76443006857673,0.4988946011547188,36.13890235429596,1.6963534634310542,2.275,0.17307692307692307,0.0,0.3076923076923077,0.0,0.21153846153846154,0.3076923076923077,0.0,0.0,0.0,0.0,0.0,0.0,0.0,2.9362265449396383,4.18852290900985,3.448298468297415,2.86237318622408,4.951470831545024,0.34514488654239317,0.07710526053275632,0.10008935066903775,0.10365240198735298,11.670707289749188,2.597633688444586,9.104199292264256e-08,25.593001407631625,0.153125,0.0025108881241367883,0.290625,0.004765563174382067,12.137209693702083
s271,2.1735959818294543,24.442912831669503,0.5119937079733042,50.1722947597427,5.246984464916271,1.9676923076923076,0.11282051282051282,0.0,0.2512820512820513,0.0,0.0,0.4,0.0,0.0,0.0,0.1794871794871795,0.0,0.0,0.05641025641025641,2.942698986034819,4.103425421392513,3.521330253419753,2.8675007870033964,5.103002653411312,0.40319559864383125,0.08284718244115744,0.07260345664752163,0.07883623598849217,12.103699265881737,3.0649860536858,1.3730434653009827e-07,33.965755841330704,0.1047008547008547,0.0017133940692240048,0.24572649572649571,0.0040212309787910315,13.301578983924474
s272,2.0423688166873832,21.115573765331327,0.6119048179949081,49.26967211910642,3.6713340375953765,1.7736,0.09142857142857143,0.0,0.42857142857142855,0.0,0.0,0.42857142857142855,0.05142857142857143,0.0,0.0,0.0,0.0,0.0,0.0,2.807326114605317,3.8312345776420984,3.234921744052809,3.024387644687845,4.955325273976432,0.3237851043907659,0.06718515243033016,0.09572977487463355,0.09572977487463355,9.890569184063642,2.6990344252154066,3.284734041409652e-06,20.38661612428733,0.02666666666666667,0.0005412389715564096,0.05333333333333334,0.0010824779431128193,13.785251630063064
s273,2.147338554974622,20.91638888895043,0.3471101707791613,36.18382603416971,2.2468061999302127,2.317974683544304,0.0,0.0,0.35443037974683544,0.22362869198312235,0.0,0.16033755274261605,0.05063291139240506,0.18565400843881857,0.0,0.0,0.02531645569620253,0.0,0.0,3.2145580065024975,5.281213514403931,4.04901535847055,2.4395905821734067,5.2287427813394824,0.5376167229228116,0.1665828306077723,0.12791240349490146,0.1380140147850898,16.634345226868163,2.8991617669291196,2.645516996143123e-07,35.98437301052326,2.4210526315789473,0.018558923152050738,15.615789473684211,0.11970505433072726,11.576493550748882
s274,2.199277052528778,13.117007284420804,0.518896999769295,25.15095892150411,1.951034754347766,2.5044497607655503,0.2535885167464115,0.0,0.0,0.46411483253588515,0.0,0.22488038277511962,0.0,0.0,0.0,0.05741626794258373,0.0,0.0,0.0,2.5670212928602925,4.191460846395349,3.2481293908120743,2.2526788332804344,4.578989836985376,0.6483100655042667,0.1020186454623479,0.33958028998066525,0.33958028998066525,10.77849998888023,2.069905134757967,1.301808267995235e-06,19.83411151272812,0.9744680851063829,0.016706459882898324,4.68936170212766,0.08039527856311769,13.224937027312556
s275,2.0887181636272523,19.39848425613771,0.4139400663246223,36.04884990932261,1.998256377376415,2.25152466367713,0.04035874439461883,0.0,0.2914798206278027,0.24663677130044842,0.0,0.20179372197309417,0.12556053811659193,0.09417040358744394,0.0,0.0,0.0,0.0,0.0,2.9347833438608233,4.833057150310997,3.699652399448568,2.270044189135174,4.828351575363612,0.7890947794817811,0.1772042342522784,0.15088338071645507,0.14612195517095972,12.711926352357032,2.698368896774375,4.804434729089909e-10,31.80481948326345,1.3288888888888888,0.013823834452051662,5.391111111111111,0.05608130832889186,13.381325109411323
s276,2.3496932515066824,25.516175844265497,0.42103405243296105,45.60765288699424,4.164202527637862,2.150660792951542,0.0,0.0,0.31718061674008813,0.0,0.0,0.29515418502202645,0.0,0.0,0.0,0.2422907488986784,0.14537444933920704,0.0,0.0,3.0146115043514925,5.025163861740753,3.6074259255375765,1.9320382821143747,5.086368508329809,0.39338274052698013,0.08005913493062286,0.06489424487776944,0.0727075987760962,13.73072262233979,3.246205645817214,3.0830990141296005e-06,37.84141589466999,0.8716417910447761,0.010082573659829158,4.113432835820896,0.047581460627549935,11.86191615221904
s277,2.6574511288994755,12.75063811206189,0.4045038033778676,21.72996072618998,1.1514354768147501,2.6555371900826445,0.0,0.0,0.0,0.5867768595041323,0.0,0.09090909090909091,0.2644628099173554,0.0,0.05785123966942149,0.0,0.0,0.0,0.0,2.8668611700848707,5.9855954286299164,3.6457837150075862,2.4970527688903785,4.2584424393562434,0.5094552592844652,0.08187404422584695,0.34788692540336386,0.34788692540336386,9.373341332656883,2.0448987963884058,3.6146248133975345e-07,20.284329317167394,4.575757575757576,0.03262408969469526,30.858585858585858,0.22001455632956737,10.05440702060155
s278,2.999196532737797,21.32601494237025,0.285779645882333,34.12162390779238,2.4760227028427,2.5238257575757572,0.0,0.0,0.3371212121212121,0.2878787878787879,0.0,0.08333333333333333,0.0,0.0,0.0,0.0,0.2916666666666667,0.0,0.0,3.3163788697839136,6.361379601418497,4.350412876100311,2.5488250669525554,4.738751291511173,0.7347146436317753,0.16360150168791038,0.26606193951194135,0.18751533633193024,11.95784879134745,2.8987529153561478,1.2482209026938723e-08,32.72518503171576,4.954545454545454,0.019360334736448388,28.772727272727273,0.11243203567130118,16.366493203859438
s279,2.3787380436466377,14.395760917490847,0.5173609195833254,24.122626402281963,3.067674646020575,2.7276612903225805,0.0,0.0,0.0,0.3709677419354839,0.22580645161290322,0.2620967741935484,0.0,0.0,0.14112903225806453,0.0,0.0,0.0,0.0,2.712614130308912,4.085733350130335,3.1823406851779517,2.4043417955596684,4.503746640714643,0.6585621779751751,0.12389379130368237,0.35696791560739466,0.35696791560739466,9.370282576163854,2.3233041207965988,1.4047226950937595e-07,19.581863430795277,0.9876923076923076,0.01798244422268831,4.9107692307692306,0.08940804043430076,15.804931991043837
s280,2.4504817974846786,31.720637803611268,0.2344146173052075,46.2832942498146,5.48157348801485,2.403208722741433,0.0,0.0,0.46417445482866043,0.0,0.04672897196261682,0.1059190031152648,0.0,0.0,0.2087227414330218,0.0,0.0,0.0,0.17445482866043613,3.4698797026663164,6.3132906240544395,4.321680297778723,3.1387331269236167,5.448062730854886,0.28543407235380835,0.07834544827592958,0.09330064520583367,0.09760682883071828,16.043080667804112,3.9245009519770924,5.296940146106081e-06,45.018993939316296,4.919117647058823,0.01642552210358963,25.235294117647058,0.08426366496191273,10.016499434506391
s281,2.4188945777001654,13.094924145106178,0.40685757260659877,22.794867956295917,1.3976044738875992,2.6767234042553194,0.08936170212765958,0.0,0.0,0.4723404255319149,0.10212765957446808,0.1148936170212766,0.22127659574468084,0.0,0.0,0.0,0.0,0.0,0.0,2.7374322455085327,5.002252607494064,3.537526513133592,2.3440185082170863,4.65301615189818,0.5530929601545235,0.09269197775939456,0.3324094908259485,0.3324094908259485,10.582658749048623,2.1235407916896936,2.917250551249298e-07,20.132436105057188,5.014814814814815,0.0439995074718538,44.666666666666664,0.3919010783682103,10.48840327787398
s282,2.0689681939879754,19.168807109852263,0.38204753993573004,33.367923487520635,2.1680793869164643,2.4205957446808513,0.0,0.0,0.19148936170212766,0.34893617021276596,0.0,0.19574468085106383,0.0,0.2297872340425532,0.0,0.03404255319148936,0.0,0.0,0.0,2.9114785172106186,4.840119412826653,3.7295765378508925,2.4581037265536847,4.803470539269866,0.6823334515139291,0.16207649785668532,0.18055571652087135,0.14206081150714683,15.835611498089218,2.815061322099958,2.850300519636299e-06,33.913392900696934,2.7130434782608694,0.027704584158201515,21.204347826086956,0.21653086048004613,10.47396551466682
s283,2.6242521262863563,26.97633711970503,0.2628221095283892,42.28313514830175,4.3461305135761625,2.333010752688172,0.0,0.0,0.5412186379928315,0.0,0.0,0.08960573476702509,0.0,0.0,0.0,0.0967741935483871,0.2724014336917563,0.0,0.0,3.26942037298477,6.562868823214512,4.2193029903742065,2.0423590390087534,5.618927964873952,0.25907722362712343,0.06214299632666663,0.10423917172560859,0.10423917172560859,14.848300573482131,3.5195002675762304,1.544517700536118e-05,40.51495784239764,6.8,0.022587165696809488,43.7,0.1451557560221433,13.704758271179797
s284,2.192075852935022,16.737040039234593,0.39194086689859775,26.558776110162654,3.3895605067076278,2.772377358490566,0.0,0.0,0.0,0.3886792452830189,0.1509433962264151,0.20754716981132076,0.0,0.0,0.16226415094339622,0.09056603773584905,0.0,0.0,0.0,2.9087803047356506,4.440518147216121,3.4057832461111275,2.462631980512573,4.600473161427599,0.6813638773011101,0.15396803919509858,0.3479403053704845,0.35275054000694284,10.466343021863167,2.6819063796020153,2.134424503225157e-08,26.949405792969177,2.081818181818182,0.025815524769329103,12.14090909090909,0.15055298397134942,17.191190437539678
s285,3.111134913008608,18.269386147572696,0.5481951789331773,34.59866049186337,2.7043961004310337,2.3185514018691586,0.0,0.0,0.09345794392523364,0.35514018691588783,0.0,0.3037383177570093,0.0,0.0,0.0,0.0,0.16822429906542055,0.0794392523364486,0.0,2.6935097956005607,4.160933633760554,3.302369580808992,2.4010243443200125,4.644871710767685,0.7017096437550957,0.1694902088956105,0.30633928215955386,0.19459748218812226,11.305702066940132,2.510439808047547,2.6619672603699797e-06,26.902604614440968,0.3630769230769231,0.006036348071083255,1.3384615384615384,0.022252639075603525,13.625318026953245
s286,2.4082930504389486,12.911484779896012,0.8916155766289302,29.464670395147298,2.313413626416835,2.203314606741573,0.11797752808988764,0.0,0.0,0.3595505617977528,0.07865168539325842,0.4438202247191011,0.0,0.0,0.0,0.0,0.0,0.0,0.0,2.4054056871198233,3.156517756661638,2.8296503970105955,2.302812829275317,4.456077544260152,0.6329665517927415,0.12022051747302438,0.3501947950929696,0.3501947950929696,8.213737012969917,1.8884872957267258,6.748350887439985e-08,7.4508806097680225,0.11181434599156118,0.003843513663282474,0.3291139240506329,0.01131298361268049,16.410986426075482
s287,2.2852872340702137,27.89382598345148,0.31595941837946445,49.35061520149104,2.1383945998971607,2.0742608695652174,0.0,0.0,0.46956521739130436,0.0,0.0,0.13478260869565217,0.3,0.0,0.0,0.0,0.0,0.0,0.09565217391304348,3.4453350446010638,5.615505044369527,4.352888214136023,3.1896452427185658,5.178627085168852,0.3272893291097726,0.07513694361031102,0.10485971449870012,0.10485971449870012,16.28026503867129,3.547513154669159,1.989067825800615e-06,43.61123442347946,3.7161290322580647,0.017956287728852317,23.864516129032257,0.11531303525872347,11.535909111964969
s288,2.654836667831496,23.207804254530192,0.41854591580509354,39.737103687612844,2.3775301987647466,2.330042016806723,0.0,0.0,0.3025210084033613,0.0,0.1638655462184874,0.2689075630252101,0.0,0.01680672268907563,0.029411764705882353,0.0,0.10084033613445378,0.11764705882352941,0.0,2.80900969170905,4.7615049089394015,3.5789393104489293,1.9613675355463622,5.256479877869958,0.5584436962711382,0.08906172516393136,0.08986767655149752,0.09397926959633726,16.90360761461206,3.112742100146638,2.165037262062804e-07,34.2311186382115,0.68125,0.007893606620504172,3.7,0.04287169834255476,14.180171145941376
s289,2.597774015555067,12.94852261281851,0.7769745945629069,27.854380039202614,1.8261377944774546,2.283297297297297,0.11891891891891893,0.0,0.0,0.4648648648648649,0.0,0.3675675675675676,0.0,0.0,0.010810810810810811,0.0,0.03783783783783784,0.0,0.0,2.535299278990392,3.4152255158648237,2.895704345715138,2.335735450414782,4.355928577368953,0.6413821248732726,0.10051954704462746,0.36351998481932357,0.36351998481932357,8.399881594002098,1.8810151612351753,1.3226503117143552e-08,10.91542066416749,0.13970588235294118,0.003965807751728803,0.6593137254901961,0.01871582956517628,17.062285342538303
s290,2.4310615067093346,23.716738768215336,0.5794035620121527,53.818753358642454,9.916052293556142,1.790225988700565,0.11299435028248588,0.0,0.3446327683615819,0.0,0.0,0.4463276836158192,0.0,0.0,0.0,0.0,0.0,0.0,0.096045197740113,2.838331123017989,4.021114605846713,3.3508710565842152,2.987246542888619,4.995261626946683,0.36270058387234155,0.07782725945338827,0.08498011175556547,0.08515977372545039,11.986838385190302,2.9389319031861985,1.4236435526962154e-09,26.55962328283563,0.004219409282700422,7.940548613280011e-05,0.002109704641350211,3.970274306640006e-05,14.28130003977539
s291,2.691503736225152,12.609844155704947,0.4789194361475144,22.77907331353153,0.9476896121426723,2.544107142857143,0.0,0.0,0.0,0.5535714285714286,0.0,0.11607142857142858,0.33035714285714285,0.0,0.0,0.0,0.0,0.0,0.0,2.848543201705089,4.594873544929792,3.4160500009207633,2.5806928164543197,4.288107509895156,0.5452402768984215,0.08554572527725433,0.3377368880159769,0.3377368880159769,9.562834558003342,1.8591769718996687,1.4056895052116783e-06,17.65583461964963,3.341880341880342,0.030761428976212434,21.307692307692307,0.1961336123726281,11.015082553950311
s292,2.0272177179704634,21.075835390411008,0.3278793717138643,35.81418181727184,2.244723361126374,2.3572839506172842,0.0,0.0,0.345679012345679,0.24279835390946503,0.0,0.15637860082304528,0.0,0.2551440329218107,0.0,0.0,0.0,0.0,0.0,3.3221890769776548,5.419299709382442,4.028856253657006,2.446279503578853,4.674248631122115,0.5921056487234051,0.1606486463037291,0.13070227805905515,0.1373223051095992,13.869763823319616,2.937914596073472,7.894150535014855e-07,36.23776808365775,3.4105263157894736,0.0253054421546672,22.652631578947368,0.16807812196556732,10.132217709176237
s293,2.587464408729252,28.799883733648382,0.35787971239736666,47.9353769526496,2.831330282046575,2.2525403225806455,0.0,0.0,0.31451612903225806,0.0,0.10887096774193548,0.25,0.04032258064516129,0.0,0.10887096774193548,0.0,0.0,0.0,0.1774193548387097,3.3011190720585386,5.012337343561692,4.049912762351219,1.9811122459022525,5.022964484105244,0.30802631167845235,0.07574213777956819,0.0706406024273636,0.08021460348894767,17.895513268048347,3.828894360696845,3.1540834039868244e-08,46.24133245819862,1.064516129032258,0.009240628702508706,5.670967741935484,0.049227349269728195,9.870777815383827
s294,2.3530272011338575,12.647693770166962,0.7513500106713319,27.35431443315181,1.5862709414292115,2.291505376344086,0.16129032258064516,0.0,0.0,0.46236559139784944,0.0,0.34408602150537637,0.03225806451612903,0.0,0.0,0.0,0.0,0.0,0.0,2.5437097820221886,3.447678629530296,2.903671449336211,2.267769744789131,4.329646363912497,0.5982028526290096,0.09669115605199965,0.3698979833317035,0.3698979833317035,8.054762765505071,1.8577717775967273,3.338742894399808e-07,10.244368776107875,0.2556818181818182,0.0069559353023678884,1.0795454545454546,0.02936950460999775,15.458919677813409
s295,1.7653729128646287,26.988486471948654,0.25126255072108017,44.582246640370855,2.44520247665141,2.3067049808429116,0.10727969348659004,0.0,0.3793103448275862,0.0,0.0,0.09961685823754789,0.18773946360153257,0.0,0.0,0.2260536398467433,0.0,0.0,0.0,3.8089351440499533,7.016360320321093,4.769889134958826,3.08404588612755,5.497415777926261,0.2505931040360334,0.06956932954427188,0.0780741065650364,0.07960497139964495,13.908428281170984,3.543861772914223,7.050369255975136e-07,41.02100857902694,10.221153846153847,0.03772717061309731,71.5576923076923,0.26412568551521187,9.844081330949466
s296,2.4926776508923427,13.730744613660296,0.47055328112480715,23.82688035899874,1.3433166981010813,2.663220338983051,0.0,0.0,0.0,0.3813559322033898,0.19491525423728814,0.15677966101694915,0.2669491525423729,0.0,0.0,0.0,0.0,0.0,0.0,2.831249028486073,4.520531546743744,3.394847124247458,2.6239651879721055,4.6757443518097475,0.6563939460254097,0.12415341723041434,0.304496618898434,0.304496618898434,10.485441828000805,2.192244940020266,7.072521967930311e-06,21.02191391898955,3.3189189189189188,0.03789590424201601,17.237837837837837,0.19682416714623624,11.536770927371126
s297,2.1413514498758035,19.580015160995703,0.6169783228447389,43.75287338444725,1.6980899507437326,1.917900552486188,0.0,0.0,0.292817679558011,0.15469613259668508,0.0,0.3812154696132597,0.1712707182320442,0.0,0.0,0.0,0.0,0.0,0.0,2.680094497465336,3.804370135266839,3.1930760298470746,2.4616002049620302,5.064112136263348,0.6251192417385013,0.16164912048889168,0.09421870945469583,0.1170048198763791,11.240190822992712,2.6050272523212663,8.441530316524811e-07,20.557068321844287,0.16183574879227053,0.0031508806540128083,0.41545893719806765,0.00808882794761497,13.465640462783472
s298,2.3129586691812114,14.647812274893301,0.35610372446777117,23.150278020664686,2.338127667930715,2.817345454545455,0.0,0.0,0.0,0.5636363636363636,0.06909090909090909,0.15272727272727274,0.0,0.02909090909090909,0.18545454545454546,0.0,0.0,0.0,0.0,2.67023865248923,4.148895948701514,3.446341055737512,2.4849012187977557,4.430689473295264,0.6094304629678187,0.08524954762812366,0.38814307651693863,0.38814307651693863,10.577821089489468,2.5819284299613514,4.181911827085032e-08,25.033870964606827,3.880952380952381,0.04046524229036043,20.077380952380953,0.209339359272064,13.640715853446011
s299,2.0213422808881365,24.773471913306274,0.28810887020889236,40.4528845166647,4.468843723545296,2.2092248062015503,0.0,0.0,0.6124031007751938,0.0,0.0,0.12790697674418605,0.06589147286821706,0.06976744186046512,0.12403100775193798,0.0,0.0,0.0,0.0,3.122768514468172,5.656712499151895,4.479058333700678,2.908616457344017,5.084257040280879,0.24869306780426065,0.04634777788951414,0.1112383987723738,0.1112383987723738,13.01522586526994,3.3396018656808164,2.559355254716046e-08,38.09279902497127,3.2045454545454546,0.01654526754928026,16.803030303030305,0.0867550908375972,12.300749957589872
s300,2.4735560099486444,31.06899651850673,0.30016589002300137,53.58276211162753,2.846057612087738,2.106344537815126,0.037815126050420166,0.0,0.3949579831932773,0.0,0.0,0.14285714285714285,0.23949579831932774,0.0,0.0,0.0,0.0,0.0,0.18487394957983194,3.384145071399137,5.983535259991226,4.501296892146618,3.1041927828913463,5.610973185895934,0.37141805190743327,0.07922867106469039,0.09601082538560626,0.09715381140210155,16.183542815023916,3.880968589338797,3.809866173596519e-07,47.26349810867119,4.329411764705882,0.01990689961903249,26.511764705882353,0.12190271274861338,10.667015444118302
s301,2.555170856994011,13.314372227473873,0.7469572037403222,26.36767833284043,2.159977059037494,2.3596039603960395,0.0,0.0,0.0,0.504950495049505,0.0,0.36633663366336633,0.0,0.0,0.12871287128712872,0.0,0.0,0.0,0.0,2.5054935270512817,3.3787406789279273,2.951627283780772,2.4312415032513806,4.30123405906504,0.6075295299473933,0.09090928300839288,0.3809083522862292,0.3809083522862292,8.866981357595801,1.9653877058697218,1.4242236604204902e-06,13.766821378354399,0.20540540540540542,0.005651601402370577,0.5621621621621622,0.015467540680172105,15.057922137319052
s302,1.9950996481092587,25.216806933152817,0.36791006129375303,45.51326129398313,4.319745012796822,2.1982882882882886,0.19369369369369369,0.0,0.27927927927927926,0.0,0.0,0.25225225225225223,0.0,0.0,0.0,0.23423423423423423,0.0,0.0,0.04054054054054054,3.0769687001278494,5.448674128270845,3.7145080516561393,2.8345074005374666,5.268534994191481,0.39705661195038894,0.0766226269595305,0.057802410684642105,0.07098541663026225,13.734626512196822,3.32693732673883,1.3339312779310232e-06,38.41877699573566,1.2785714285714285,0.012789982624584346,6.396428571428571,0.06398563933137029,10.239320483666653
s303,2.3328064662754437,13.179139068503915,0.3933567613668675,23.21556035913383,1.4472995338713415,2.6386026200873363,0.11353711790393013,0.0,0.0,0.5676855895196506,0.0,0.1222707423580786,0.11353711790393013,0.08296943231441048,0.0,0.0,0.0,0.0,0.0,2.7824041782036653,5.019906392003493,3.5807632981984066,2.346157383077734,4.301044671090848,0.5097640478688372,0.07369544047507329,0.3379256798889893,0.3379256798889893,10.860049915172592,2.0658412774569324,1.41117341390997e-08,20.61687516669232,4.857142857142857,0.04506261446936179,42.7,0.39615339602624233,11.37115445785968
s304,2.929879928656517,17.74280185045519,0.5233567077743,32.90758975682716,2.317062823339997,2.3705990783410136,0.0,0.0,0.17050691244239632,0.30414746543778803,0.06451612903225806,0.2764976958525346,0.0,0.0,0.0,0.0,0.18433179723502305,0.0,0.0,2.59892603148626,4.37308684704824,3.247418035288978,2.3649812604722062,4.444692311993117,0.8510875626783386,0.188995373259877,0.28117980877068,0.19160366718859684,12.760617672544589,2.4525143706680805,1.3107725943150335e-06,26.264748499043794,0.91,0.014181125695170363,4.616666666666666,0.0719445387831903,16.288223966040405
s305,1.9907556169432972,25.311865501250832,0.41696876564473295,45.19975982366218,3.9304296405076626,2.1360444444444444,0.0,0.0,0.32,0.0,0.0,0.3022222222222222,0.04888888888888889,0.0,0.07555555555555556,0.24,0.013333333333333334,0.0,0.0,3.095979464966941,4.709778182569435,3.6723591591101368,1.9566633997283542,5.322641707505154,0.29086493383598483,0.07607092996430244,0.08564589975710286,0.08797464023388209,13.23443220877552,3.2254612398247096,2.6385098522031976e-08,38.33003523756939,0.7529411764705882,0.008990074459123157,2.5352941176470587,0.030271266342828757,11.978925059271305
s306,2.203111210198809,19.759667790315024,0.4836538343340549,36.22605761557756,3.575072746803841,2.190727272727273,0.0,0.0,0.35909090909090907,0.18636363636363637,0.0,0.29545454545454547,0.0,0.0,0.1590909090909091,0.0,0.0,0.0,0.0,2.9028187004961827,4.507253622515347,3.4605630999642365,2.40914158186275,4.60507569252935,0.7784880288085877,0.20589016025276624,0.18099572170805708,0.16604087607803006,11.133625560639192,2.667930803277676,2.8637703759272286e-08,28.95983643754319,0.07692307692307693,0.0011501849610251157,0.26153846153846155,0.003910628867485394,14.768787229316056
s307,2.4789745434136417,24.542032348782136,0.3008003932614213,39.59849391245216,7.739293518576059,2.242813688212928,0.0,0.0,0.6197718631178707,0.0,0.0,0.12927756653992395,0.0,0.0,0.10646387832699619,0.0,0.1444866920152091,0.0,0.0,3.4613114300799777,6.193701866650699,4.303816318648097,3.170594913093843,5.047567343545544,0.30521057361641607,0.06111930928580722,0.11013683786064611,0.11013683786064611,11.59617549061769,3.270429223401954,2.258618275237268e-07,36.67703878941859,2.4926470588235294,0.013130263273554661,16.955882352941178,0.08931677613220368,13.960603360241606
s308,2.540639168649806,13.30339559712424,0.4692545609483168,23.77851024052917,1.180311412054224,2.560528634361234,0.0,0.0,0.0,0.5594713656387665,0.0,0.14537444933920704,0.20704845814977973,0.0881057268722467,0.0,0.0,0.0,0.0,0.0,2.8710924875640598,4.692059853306603,3.4613062277375004,2.347214553772392,4.482662419521535,0.6065043049008811,0.08093242270843257,0.33452516337877236,0.33452516337877236,9.870705744751797,1.9705509640620693,1.6647589255409894e-08,19.787591718179616,4.024242424242424,0.04397539125711487,38.21212121212121,0.4175675329459476,9.32847619625808
s309,1.769995735117869,24.266562459161094,0.2019992080049198,34.46259710586746,4.309484596208645,2.8576923076923073,0.0,0.0,0.0,0.38461538461538464,0.0,0.09763313609467456,0.0,0.0,0.19822485207100593,0.31952662721893493,0.0,0.0,0.0,2.87268693861455,6.150969768746733,3.847285158480273,2.536069508825428,4.894950346516158,0.6895842361158039,0.14914873640982995,0.3648999416774477,0.3648999416774477,12.101786636482398,3.284373353908237,5.002787384242893e-07,30.462322245618015,9.767676767676768,0.039298887792298544,67.52525252525253,0.27167845386919937,15.004502450685605
s310,2.7358535983128474,26.90721167277714,0.3275783336417484,45.08776010032929,4.6520357112893755,2.200322580645161,0.0,0.0,0.47580645161290325,0.0,0.0,0.1693548387096774,0.03225806451612903,0.0,0.0,0.0,0.20161290322580644,0.12096774193548387,0.0,3.450675333544056,5.62472354472235,3.9982421787445652,1.9739518164804881,5.436188331508964,0.32197787763522895,0.07050720126332113,0.09278815297144904,0.09278815297144904,14.590528930675893,3.4639456834195856,2.6538736947974458e-08,41.107384462560915,2.1375661375661377,0.013453908671816596,11.148148148148149,0.07016679596910289,12.60317841366193
s311,2.6548349782761003,21.865767257604354,0.40621923067991117,37.15651359159338,1.865216129648279,2.380658436213992,0.0,0.0,0.3662551440329218,0.0,0.18930041152263374,0.23045267489711935,0.0,0.0,0.0,0.03292181069958848,0.18106995884773663,0.0,0.0,2.8270171058097397,4.838989578275731,3.543314203495621,1.9895000078720302,5.362444601406132,0.4303119981979129,0.08039951260101928,0.11040751014434065,0.11200761898701224,11.966557545953972,2.9152193832619826,2.171416977855222e-08,30.842040971465018,0.475,0.005006228196180157,2.007142857142857,0.021154137189874047,13.655784684304951
s312,2.2134400711625846,24.654028231189386,0.43827692846236194,45.54727249490919,4.316139488317752,2.1188532110091747,0.05045871559633028,0.0,0.3073394495412844,0.0,0.0,0.3119266055045872,0.0,0.0,0.0,0.23394495412844038,0.0963302752293578,0.0,0.0,3.0040783633105406,4.337439224740662,3.588166858068458,1.9480300306722644,5.321916116090802,0.49278322071151787,0.08775868622443017,0.08113731897504119,0.08540770418425388,12.92708706317785,3.1741698485392935,3.1879447261395576e-08,36.65869270758158,0.5558823529411765,0.00703311011843029,2.6735294117647057,0.033825910569593304,11.676190014976392
s313,2.0825712046621376,23.966504452136952,0.39094941963544727,44.62728415225504,2.5752043788121117,2.019953703703704,0.0,0.0,0.5138888888888888,0.0,0.0,0.2175925925925926,0.14814814814814814,0.09722222222222222,0.0,0.0,0.0,0.023148148148148147,0.0,3.006247237394966,5.111015511419637,3.879562561607159,3.1727430635184897,5.064138233887818,0.3140175446660076,0.06516222789900142,0.11742853404580597,0.11742853404580597,13.085341431002014,3.0876530477693795,4.550731554984536e-06,36.72570408347435,1.3957446808510638,0.012672006646201762,6.5702127659574465,0.05965115323699854,12.2433376540896
s314,2.0181671646896384,23.480941400729,0.4913928397537917,46.72939823313403,3.703744351879903,1.9423383084577117,0.0,0.0,0.42786069651741293,0.0,0.0,0.35323383084577115,0.0,0.14427860696517414,0.0,0.07462686567164178,0.0,0.0,0.0,2.9882171943111357,4.204129682279613,3.5291982035861866,2.887196426493995,5.1091089340952145,0.39572049986374735,0.07183444408132357,0.10287762851134383,0.10287762851134383,13.273450006274626,2.9254612063022276,9.591940055936844e-07,33.08196421780464,0.2619718309859155,0.003940954148881046,1.0225352112676056,0.01538243393595505,12.587898792175023
s315,2.3305036270678654,21.298697952020156,0.2790930057368686,33.90147780528653,2.897998865390163,2.7079553903345728,0.08921933085501858,0.0,0.0,0.3903345724907063,0.0,0.12639405204460966,0.0,0.0,0.0,0.2379182156133829,0.15613382899628253,0.0,0.0,3.0615278069215988,7.394517527491378,3.850195191662224,2.274646191356912,4.553641788158523,0.6034557454485503,0.18459137129574835,0.23219864281965644,0.2794603134820644,16.951258986245833,3.125806826397172,2.0538526054668666e-06,35.25915856737219,6.5,0.03857331279783882,40.98529411764706,0.2432213184786805,12.22130020615636
s316,2.7448432249982972,13.52204797390782,0.6342185223285607,25.081218016119355,2.091350275864232,2.483565217391304,0.0,0.0,0.0,0.5391304347826087,0.0,0.2956521739130435,0.0,0.0,0.12173913043478261,0.0,0.043478260869565216,0.0,0.0,2.5990752080562185,3.6573963552820894,3.0481259114392025,2.4548826967902184,4.372964041760141,0.605953351156781,0.08501089842782093,0.3783274463470013,0.3783274463470013,9.469109461489813,2.0601573734242096,3.249018691491511e-06,18.22350277960582,0.33986928104575165,0.0074310557085237395,1.0620915032679739,0.023222049089136686,14.05137145881539
s317,2.60760861952417,30.617711655792295,0.34957536272862033,54.917482811182985,5.565152196792158,2.084159292035398,0.12389380530973451,0.0,0.3008849557522124,0.0,0.0,0.24336283185840707,0.05752212389380531,0.017699115044247787,0.0,0.0,0.0,0.06637168141592921,0.1902654867256637,3.3694734962469286,5.217748951802752,4.104721300687797,3.031392558195869,5.03701010202568,0.41325102744054093,0.08475696328309232,0.062184952113648495,0.07500377996163744,15.274354086628284,3.9024238012569565,9.770730567676172e-06,48.27566092699996,0.9709090909090909,0.007717205926328845,4.123636363636364,0.032776447642160714,9.259943744194796
s318,2.0651634404917147,23.112805043723764,0.4435499172677955,44.91733810384059,2.450820180146168,1.9585436893203885,0.0,0.0,0.5145631067961165,0.0,0.0,0.2669902912621359,0.1650485436893204,0.0,0.05339805825242718,0.0,0.0,0.0,0.0,2.9381845810782776,4.602326333937918,3.6634231964357977,2.9821663366798066,5.041987689852639,0.3253872611159037,0.06255922907727178,0.1051409880308558,0.1051409880308558,12.561084801221769,2.9645287293682627,3.7919041412817537e-07,33.35158501761626,0.46545454545454545,0.005376753034739925,1.3127272727272727,0.015164123793289944,12.762384763612411
s319,2.1544249195244976,19.188065800833456,0.5394227778719258,38.186150752153736,2.3679967301297813,2.111442786069652,0.0,0.0,0.2835820895522388,0.21890547263681592,0.0,0.3283582089552239,0.0,0.1691542288557214,0.0,0.0,0.0,0.0,0.0,2.7732656156811344,4.072749521876149,3.3063422616561033,2.3861564601679435,4.770251228205754,0.7550065888062383,0.19062662912138556,0.15522944138953332,0.14708587962075706,12.524375326351878,2.5635521452263617,8.022999953683251e-08,25.840816695391656,0.17575757575757575,0.003007673800220283,0.30303030303030304,0.005185644483138419,11.840882563092677
s320,2.235885158130837,12.614961716044148,0.3352668050110157,21.756238321873237,1.6495550963536878,2.7198739495798314,0.20588235294117646,0.0,0.0,0.5798319327731093,0.0,0.10504201680672269,0.0,0.1092436974789916,0.0,0.0,0.0,0.0,0.0,2.930633979987761,5.486452798056792,3.6527510692563427,2.2750104905751756,4.301404590864431,0.5180350114049042,0.07118032398602658,0.3372680152407587,0.3372680152407587,9.724357251696722,2.065778537855904,7.12144135246484e-08,19.88614428419754,7.12,0.05928667692369303,79.504,0.6620123542333274,17.917419360244057
s321,2.1624301424716634,29.382574035772027,0.23602346849534694,44.223772145677295,7.642939445341615,2.350677966101695,0.0,0.0,0.5050847457627119,0.0,0.0,0.1152542372881356,0.0,0.04745762711864407,0.17288135593220338,0.0,0.0,0.15932203389830507,0.0,3.3157453861641324,7.6579014003533965,4.1040931387915975,2.9535840473710073,5.460547728384053,0.36166076671074576,0.07682297494839314,0.10297467249884537,0.10529740947250356,14.821676787651011,3.63136541726935,6.465624547998412e-08,40.830150784091046,6.419117647058823,0.025179227237677137,35.904411764705884,0.14083638785976801,10.998830635406101
s322,1.9581266014935386,18.33909776895704,0.47890295843781594,37.44232461162063,2.715093009329289,2.1566326530612243,0.23469387755102042,0.0,0.30612244897959184,0.1836734693877551,0.0,0.2755102040816326,0.0,0.0,0.0,0.0,0.0,0.0,0.0,2.9052781552609988,4.479261590885828,3.452559069125339,2.265174212379266,4.559805247597114,0.7178220539319733,0.1442772035400925,0.10010816792298975,0.12341421828525269,11.72843145360794,2.5213914290656523,2.894139219260026e-07,24.746123058588047,0.3602693602693603,0.005412364676968269,1.5353535353535352,0.02306577843642552,13.041547076849612
s323,2.183391798638457,18.70099813790396,0.6075322642100394,39.21177028915344,2.418953582373574,2.0414358974358975,0.0,0.0,0.26153846153846155,0.2153846153846154,0.0,0.37948717948717947,0.0,0.14358974358974358,0.0,0.0,0.0,0.0,0.0,2.66274521701243,3.8278678821155308,3.158097965460786,2.406014222855726,4.812451253188054,0.7186281903133322,0.18307289253495032,0.15919759319923363,0.1414666388406553,10.925770986030697,2.523423373975076,2.5196314835080214e-08,21.30686863924867,0.21621621621621623,0.0043875349030155315,0.9369369369369369,0.019012651246400638,14.258236693238558
s324,1.8114540132562382,27.573263018754012,0.2980621284149699,45.24843162051936,3.4153776499574886,2.270625,0.015625,0.0,0.375,0.0,0.0,0.1875,0.0,0.1875,0.0,0.234375,0.0,0.0,0.0,3.1379688582733247,5.439485316167502,3.875324357763833,3.0351211503205597,5.616835212932939,0.3913323999907247,0.08816088420828894,0.10804466456612564,0.10918197682471643,15.172869276463137,3.4526794030720716,9.985332176616444e-09,39.841155600227175,4.078125,0.02773151791936716,23.395833333333332,0.15909320369578198,12.430343295687837
s325,2.383121537643158,22.822596091939296,0.591305604483952,50.93335469298646,5.699136291302997,1.7932786885245902,0.0,0.0,0.44808743169398907,0.0,0.0,0.4371584699453552,0.0,0.0,0.0,0.0,0.11475409836065574,0.0,0.0,2.8179616955165288,3.8926229999506083,3.286591484688656,2.7283944468323598,4.96351811198703,0.2882580111908439,0.0693584413920686,0.10346947965884554,0.10346947965884554,11.357732249329437,2.8396644738039565,1.0576793952343636e-06,25.68390496537866,0.05,0.0009577316887708388,0.07708333333333334,0.0014765030201883765,12.965187841899294
s326,2.9625382402065865,13.343530662035489,0.4239569469219701,23.553353365562632,1.7581523784666888,2.6624034334763946,0.15021459227467812,0.0,0.0,0.5665236051502146,0.0,0.15021459227467812,0.0,0.0,0.0,0.0,0.13304721030042918,0.0,0.0,2.8467873375653014,4.192002663265697,3.409183724630848,2.3014441356213626,4.446707637078907,0.6596467945743367,0.07698560295709367,0.3636193084325638,0.3636193084325638,11.262006036909991,2.1051359511974495,1.4589220688906434e-07,21.00926795637227,4.0,0.04502993880084919,31.85142857142857,0.358566969822762,11.341231203913633
s327,2.0509090346614123,26.27740018285569,0.2723744119455546,41.14290085772834,10.8015513511865,2.2749999999999995,0.0,0.0,0.5985401459854015,0.0,0.0,0.14233576642335766,0.0,0.0,0.21897810218978103,0.0,0.0,0.040145985401459854,0.0,3.3114424818602397,5.796263175718037,4.186857055303308,3.053719174203871,5.198789307206639,0.2596945557705074,0.061056062429702,0.10719092590616922,0.10719092590616922,12.909817769263071,3.3587677489584875,1.267888176629501e-07,38.84308819154521,3.4935897435897436,0.018923591004526376,18.435897435897434,0.0998610050073722,12.606447308434449
s328,2.1212407730527616,13.01491072236925,0.30817205693046595,21.74975013335532,1.8141395642279705,2.846224899598394,0.24497991967871485,0.0,0.0,0.40562248995983935,0.1927710843373494,0.10040160642570281,0.05622489959839357,0.0,0.0,0.0,0.0,0.0,0.0,3.258847030254523,5.132140656392323,3.8469085144768775,2.2684284184248495,4.595879763751466,0.5415902303191569,0.09343139316248801,0.30876892908090764,0.30876892908090764,10.713176614018547,2.2998025483989486,8.590799524360133e-07,18.770075964005205,7.176,0.055358192082910124,68.76,0.5304388639382526,12.758809947047602
s329,3.251654403689939,15.395900436230049,0.3008920206634918,24.206271206095767,1.760914483942472,2.8427573529411765,0.0,0.0,0.0,0.6360294117647058,0.0,0.08088235294117647,0.0,0.0,0.058823529411764705,0.0,0.22426470588235295,0.0,0.0,2.9468447155944837,6.318520396167827,3.8357540323007693,2.5904695223100864,4.4473422567898915,0.5301639338328552,0.07297836441172449,0.38365242993891735,0.38365242993891735,11.44568042112223,2.5750313810811036,6.504040106797219e-06,25.515143905383567,12.943181818181818,0.06799699727444761,103.86363636363636,0.545647546170721,12.358572782497609
s330,1.948552453822725,13.49251161878886,0.2844615084147924,23.951822951183303,1.7458354266754146,2.674279475982533,0.34497816593886466,0.0,0.0611353711790393,0.5021834061135371,0.0,0.09170305676855896,0.0,0.0,0.0,0.0,0.0,0.0,0.0,3.0130545826174497,5.608291217828514,4.143574197724988,2.2772243707839968,4.500918729953885,0.5023007203270141,0.08038528965877215,0.2913111769070297,0.18475560094120846,11.509713936136972,2.2180565247058035,7.150212539493842e-06,24.664115713989705,8.114285714285714,0.05514946546032652,104.4095238095238,0.7096286265746006,13.382624553593745
s331,2.0556388404500416,21.568147096495686,0.31245747463460155,34.71945630167598,3.4844317607903985,2.4225,0.0,0.0,0.3939393939393939,0.22727272727272727,0.0,0.16287878787878787,0.0,0.0,0.2159090909090909,0.0,0.0,0.0,0.0,3.0053465304060327,5.247358366574926,3.769394277523193,2.3488106427550584,4.371902644751728,0.7693143249389534,0.20212150057887004,0.23502837492052378,0.17725185185071884,13.22989065248671,2.9803360315234504,7.269194999299395e-06,32.52049752213447,2.2674418604651163,0.017123315237319914,11.616279069767442,0.0877240611388851,12.659460721931602
s332,2.107294541570638,19.275583849757943,0.47947645882251144,33.87829888745334,4.647347756244871,2.4403879310344827,0.03879310344827586,0.0,0.0,0.3017241379310345,0.0,0.3017241379310345,0.0,0.0,0.09051724137931035,0.2672413793103448,0.0,0.0,0.0,2.8226317355777244,4.048137433785955,3.3837120754176224,2.2340054534662723,4.538633363170206,0.7556502950306192,0.21796975681781267,0.22908218695424584,0.31197963203885626,15.490960969945181,2.8573056880521728,9.02286321484983e-06,32.086819833481904,0.7685714285714286,0.012030585093122879,4.934285714285714,0.07723725076514205,12.865961298482315
s333,2.5710177433025536,12.944207976941788,0.8863737794316677,28.695593587437234,1.8104214644116168,2.19375,0.02717391304347826,0.0,0.0,0.42934782608695654,0.021739130434782608,0.42934782608695654,0.0,0.09239130434782608,0.0,0.0,0.0,0.0,0.0,2.367695521555435,3.213650851864622,2.800583323562154,2.3322151224176464,4.366975497279705,0.6062492742094595,0.1052350236850489,0.3571261614949956,0.3571261614949956,8.878015288260546,1.8910542619305348,6.356062589516787e-08,6.9541925410381165,0.04852320675105485,0.0016094714617105083,0.06962025316455696,0.002309241662454208,15.282866039725858
s334,2.8164519078840464,28.40165377302114,0.40767598863496984,51.681697849268026,7.2528301322593585,2.0703153153153155,0.04954954954954955,0.0,0.2972972972972973,0.0,0.0,0.30180180180180183,0.0,0.0,0.0,0.0,0.0990990990990991,0.17117117117117117,0.08108108108108109,3.181422817486849,4.63776121375821,3.8125530650990593,1.9495758204220053,5.179615092727258,0.3539275488101687,0.08304230965268537,0.07037616243850386,0.07704579874803527,14.849767629645353,3.6009136414550733,1.248876256646357e-06,43.03761709124435,0.23283582089552238,0.002474161217225324,0.41194029850746267,0.004377362153552496,11.409719985708175
s335,2.068128894176338,25.82622748127128,0.3843891457938676,45.91329330003787,2.7286391016406153,2.16175,0.0125,0.0,0.30833333333333335,0.0,0.0,0.25,0.11666666666666667,0.0,0.0,0.25416666666666665,0.058333333333333334,0.0,0.0,2.9551559827181206,4.952785409746391,3.7355368735462116,2.111866570388748,5.419806586518251,0.42679831620811715,0.08843246118376388,0.07847862203220798,0.08378500572833594,16.2499918212022,3.338322290477591,8.932463886413934e-08,39.163080111897195,1.33,0.012874509071877522,5.4366666666666665,0.05262737918855198,11.718327639688102
s336,3.1064707357805936,19.690527225122857,0.5166502824036505,35.317929784744145,3.9788509590430032,2.3737168141592924,0.0,0.0,0.0,0.336283185840708,0.0,0.3141592920353982,0.0,0.0,0.06637168141592921,0.0,0.061946902654867256,0.22123893805309736,0.0,2.6874190154664066,4.027921145847653,3.3550664859543526,2.4227470145344334,4.296006029418029,0.874744649314035,0.19886586843733317,0.3125187451998236,0.34888098913816784,12.127444213275613,2.82101503381954,3.7970166030452016e-12,30.123714807610074,0.19436619718309858,0.003101082373495153,0.4619718309859155,0.007370688539901523,14.23599869689314
s337,1.7165664456490843,23.830202238670015,0.18862310087337575,35.17246195803703,2.3942932519680444,2.8072312703583058,0.0,0.0,0.0,0.4169381107491857,0.0,0.06514657980456026,0.0,0.25732899022801303,0.0,0.26058631921824105,0.0,0.0,0.0,2.92831798556306,9.064772876578816,3.7872554609191402,2.5196582694399496,4.623778310388669,0.7459318024069747,0.19683004280266336,0.14017297598742878,0.23859229955307024,18.29940757765392,3.5329814135710866,1.1435484356222039e-07,39.80160519092653,21.225,0.05802452461389441,158.225,0.4325526693537547,8.1070820140839
s338,2.248737146696229,17.381207917599745,0.47017756036084457,30.256176745451402,2.574142156685441,2.498127659574468,0.0,0.0,0.0,0.39574468085106385,0.0,0.2425531914893617,0.09361702127659574,0.0,0.08936170212765958,0.17872340425531916,0.0,0.0,0.0,2.7458757362677235,4.174139969643272,3.3642455501720083,2.3990642936494484,4.466320684633865,0.8165015806899938,0.1824365765847628,0.28772955751236984,0.31298825912605116,11.896252871124762,2.685815698035502,7.256826397881159e-08,29.124496805823295,0.8456140350877193,0.011800467720717973,3.992982456140351,0.05572171064803756,13.82597446519756
s339,2.154127556652713,28.208991470890105,0.22444147687192512,41.836523582431205,14.132199342239534,2.350944625407166,0.0,0.0,0.6156351791530945,0.0,0.0,0.08469055374592833,0.0,0.0,0.24104234527687296,0.0,0.0,0.0,0.05863192182410423,3.6785256302985805,5.983702950000827,4.5678013021261785,2.88780946249896,4.982972124962557,0.3015436270133865,0.05892156731985728,0.11305972255859204,0.11305972255859204,14.528146493558324,3.4790114794783547,2.169235782062746e-06,39.83362171619748,6.778846153846154,0.020351817083575172,33.03846153846154,0.09918984893498481,11.971739670030162
s340,1.957068462199691,24.832404773045745,0.435871203625183,47.00419474897947,2.1597117095381804,2.054905660377359,0.0,0.0,0.3018867924528302,0.0,0.0,0.29245283018867924,0.1792452830188679,0.0,0.0,0.22641509433962265,0.0,0.0,0.0,3.0321281511501605,4.456587774759413,3.685747499844371,3.155467095170077,5.367968623829911,0.30742312550143286,0.07640235013549486,0.07233403313876281,0.07400511641259562,12.820023365098589,3.1269077523311113,1.4366536139672167e-07,37.49986820758728,0.7161290322580646,0.008433897730737713,2.97741935483871,0.03506525948410319,11.975886625885357
s341,2.5301824504226587,12.916271481141367,0.6426699737474443,24.260127303708995,2.4617389850148923,2.5257870370370368,0.09259259259259259,0.0,0.0,0.4212962962962963,0.1111111111111111,0.2962962962962963,0.0,0.0,0.06481481481481481,0.0,0.013888888888888888,0.0,0.0,2.5712544884504593,3.796319328892541,3.0222157836898886,2.2225001079954003,4.433438878184347,0.6473776749061579,0.09419641005720863,0.35819619772703415,0.35819619772703415,9.374983471679528,2.000717709851705,5.981913159629447e-09,15.879799352006845,0.334375,0.0076704855746280165,1.2875,0.02953495380137143,16.445028996820806
s342,2.493405604566229,25.54623614199425,0.3466485899192794,42.92462807532367,3.711009591944904,2.276518218623482,0.0,0.0,0.3765182186234818,0.05263157894736842,0.0,0.19838056680161945,0.0,0.0,0.0,0.1659919028340081,0.20647773279352227,0.0,0.0,3.087746161062399,5.17032240082871,3.7571808996851046,2.5356339826235588,7.052322879496187,0.7196832148851826,0.0995322702287437,0.02239531567412691,0.07501760493477493,13.54331628023025,3.3683697848433694,7.507602417502231e-09,39.47016957881318,2.3346938775510204,0.018130181376327246,12.889795918367346,0.10009635102524728,12.78277521045631
s343,2.04359201953224,23.038808729057973,0.37137558565155887,42.39915219885456,1.371752881306119,2.098904109589041,0.0,0.0,0.4885844748858447,0.0,0.0547945205479452,0.1689497716894977,0.2876712328767123,0.0,0.0,0.0,0.0,0.0,0.0,3.070970188232286,5.231394544821038,3.987771776385898,3.151206957194344,4.992578097156856,0.3251227154062848,0.06828015943526361,0.1128577066700075,0.1128577066700075,14.013712771159389,3.0283541942633563,2.1554737687884438e-06,36.06425470688985,2.254054054054054,0.01652958372486956,12.383783783783784,0.09081361226301238,11.220222838016678
s344,2.2772008797072516,14.660680299984884,0.3748727845033624,22.990612288612635,2.7391839865426317,2.883731884057971,0.028985507246376812,0.0,0.0,0.40942028985507245,0.22826086956521738,0.17391304347826086,0.0,0.010869565217391304,0.14855072463768115,0.0,0.0,0.0,0.0,2.8204632529699274,4.336673818139387,3.4535421830009514,2.432866167792234,4.4995587107357276,0.6193171075123888,0.11709430375099225,0.3681974235894998,0.3681974235894998,10.158253838985429,2.5536596615781044,1.7312381302028423e-07,22.369270427059348,2.4895833333333335,0.029532805138189972,13.765625,0.1632954058163935,14.813720035146671
s345,1.9856322445707322,24.32012124763238,0.4001425075616316,44.69082109607662,3.6210220958976977,2.044372093023256,0.0,0.0,0.49767441860465117,0.0,0.0,0.26046511627906976,0.0,0.19534883720930232,0.0,0.046511627906976744,0.0,0.0,0.0,3.0271446556661266,4.833072548065039,3.761508705955398,3.005811980074123,5.160403594552328,0.28842516551356945,0.06359225174455214,0.1124181489525297,0.1124181489525297,11.791139100958247,3.114904715003263,5.883857022512332e-06,36.976211470122735,0.9107142857142857,0.009753623343825811,4.357142857142857,0.0466643940371274,11.519560843813503
s346,2.645999176390108,14.526530681260775,0.6239519473065461,27.864527034054753,1.8426125455876246,2.397345971563981,0.018957345971563982,0.0,0.0,0.4928909952606635,0.0,0.3033175355450237,0.0,0.12796208530805686,0.02843601895734597,0.0,0.0,0.0,0.02843601895734597,2.5582241867237014,3.8310413781728467,3.0512275174773693,2.4120543096033114,4.386597013448359,0.6168987432257704,0.09972275360208735,0.3668393878240344,0.3668393878240344,12.100378837095448,2.137662418330356,4.319381326717802e-07,19.275243722202802,0.4625,0.009657113819374665,2.06875,0.04319600911098668,13.617990085406507
s347,1.7581473008533404,29.43453459334947,0.24080309828826266,45.431564263648085,2.746622514572343,2.382394366197183,0.0,0.0,0.352112676056338,0.0,0.0,0.11267605633802817,0.15492957746478872,0.0,0.08450704225352113,0.29577464788732394,0.0,0.0,0.0,3.8072466642989378,6.57571471129338,4.666663121443077,3.022216556362289,5.446591122526403,0.30584872723656575,0.07680017558987008,0.08244382919029199,0.08678297809504419,12.854820734849808,3.781006513983544,2.0857014885746644e-05,42.50845678925994,10.216666666666667,0.03910962836084005,58.266666666666666,0.22304610236459513,9.836276308463226
s348,2.583149529197247,20.89530458058934,0.4574073946662319,39.70107870311978,3.02589629795047,2.1590430622009573,0.05263157894736842,0.0,0.37320574162679426,0.15311004784688995,0.0,0.2631578947368421,0.0,0.0,0.0,0.0,0.15789473684210525,0.0,0.0,2.91937121805048,4.502298338965302,3.532602014271728,2.2171501440692674,5.352582954708985,0.6552796596769102,0.19092590231078144,0.13461188169802013,0.15218040451780937,11.548829735316133,2.7439886310049197,1.0561543600592082e-08,31.486735531145797,0.4072727272727273,0.005129240068239293,1.24,0.015616704136335705,13.455224234521475
s349,2.156527891727477,25.70737169079836,0.26255534646181444,41.59920146329186,4.386814035044697,2.2340074906367042,0.0,0.0,0.6179775280898876,0.0,0.0,0.09737827715355805,0.0,0.20973782771535582,0.0,0.0,0.0749063670411985,0.0,0.0,3.3817214628354235,6.799794238352828,4.467041559901423,3.0084387345095607,5.243210439350692,0.3180833551056494,0.06411102130830844,0.12163283891982285,0.12163283891982285,12.300684576251852,3.406545971870892,2.620662328049013e-07,40.19097466347479,6.115384615384615,0.023164780326052643,34.73076923076923,0.13155846939890273,12.51177790155898
s350,2.182169097073005,19.238881633439586,0.5364826752307741,34.66052484754592,5.694894232320182,2.367621145374449,0.0,0.0,0.0,0.2775330396475771,0.0,0.34801762114537443,0.0,0.0,0.09691629955947137,0.2775330396475771,0.0,0.0,0.0,2.850791857811225,3.9596651462800194,3.3194134338682746,2.3934115801295928,4.491892783781911,0.7683002097074287,0.20866797326107725,0.25111513510085287,0.3090046054979342,11.76090324215948,2.7827160409798624,7.709486836866676e-08,29.810596513645752,0.18227848101265823,0.003297287470065707,0.43291139240506327,0.007831057741406055,13.69768538781703
s351,2.792444182157336,16.720292971855795,0.7212978248430368,37.362629974146934,2.427998538899105,2.1253591160220995,0.1270718232044199,0.0,0.0,0.35911602209944754,0.0,0.425414364640884,0.0,0.0,0.0,0.0,0.0,0.0,0.08839779005524862,2.5339470766157746,4.113549816665641,2.9731186695142933,2.254735260529619,4.280546723358862,0.7810918075365516,0.1703922299155636,0.3420141191186724,0.3495808031699705,12.24416766305219,2.29317534949016,2.8316086135198004e-07,16.252472426140166,0.02813852813852814,0.000715928488222713,0.025974025974025976,0.0006608570660517351,14.461503493852572
s352,2.519047321066767,25.876833442483523,0.4765773108381024,50.274990688253716,4.422199870121896,1.9705392156862744,0.0,0.0,0.3088235294117647,0.0,0.0,0.3627450980392157,0.06372549019607843,0.0,0.03431372549019608,0.0,0.024509803921568627,0.20588235294117646,0.0,3.13620646055628,4.13564143946415,3.629838467638371,1.9952357926142714,5.189074510820435,0.38403110297099596,0.0833110918325577,0.07640967921674788,0.07963825721182173,11.952688746414431,3.1977109727116484,6.581437653392415e-07,37.59937236695,0.3216216216216216,0.004508537218279887,1.2918918918918918,0.018109922607880555,14.649426072313032
s353,2.4885931558626386,21.982899930378487,0.31338716349442525,34.128148510698075,1.790122795000964,2.5914590747330957,0.0,0.0,0.3807829181494662,0.0,0.26334519572953735,0.15302491103202848,0.0,0.0,0.060498220640569395,0.0,0.1423487544483986,0.0,0.0,2.862859298717289,5.584974591113825,3.721114239853081,2.024264836986032,5.225731168305032,0.33129811746961474,0.0813108416639579,0.10351029536748872,0.1092255877497427,11.387057817278588,3.059195722519133,6.043543737310666e-07,28.29603410869924,2.622093023255814,0.01825262148634615,14.877906976744185,0.10356642657108603,12.793456170016281
s354,2.641588108656985,15.666870307090495,0.6408821694124993,31.818282994812673,1.3600440742909239,2.2801015228426396,0.0,0.0,0.0,0.4517766497461929,0.0,0.3147208121827411,0.16751269035532995,0.0,0.025380710659898477,0.0,0.0,0.0,0.04060913705583756,2.4423086926642075,4.325754375739807,3.0434215599152754,2.4854881213373616,4.335600458418598,0.773514052455879,0.12864895626043615,0.33388941909673214,0.3384383212642625,14.317255605899458,2.2145398864506425,8.164444929582821e-07,19.09576830141124,0.6370967741935484,0.012798191998975847,3.6693548387096775,0.07371110581688621,11.988922547021993
s355,1.732509024488019,24.052357268066995,0.24401372204484567,40.990637034311334,4.104307390645905,2.323884297520661,0.30578512396694213,0.0,0.4380165289256198,0.0,0.0,0.10743801652892562,0.0,0.0,0.0,0.1487603305785124,0.0,0.0,0.0,3.3568807581399103,7.269988952829912,4.2300897137987805,2.9875410671179776,5.7101089371481635,0.30018091005851283,0.06716881285909962,0.10549949061124186,0.10549949061124186,13.882635288239573,3.158577494675307,4.360517359381453e-08,36.70700920082753,7.829059829059829,0.0349711527209523,52.72649572649573,0.2355207872658895,10.215599241980028
s356,2.960953814695698,15.360698468848671,0.356252542454893,24.961135011879083,2.2591324583491064,2.8016923076923073,0.08461538461538462,0.0,0.0,0.4461538461538462,0.11923076923076924,0.13076923076923078,0.0,0.0,0.0,0.05,0.16923076923076924,0.0,0.0,2.856140879184675,5.228691376417954,3.6486432562154887,2.253836957720304,4.719283236430168,0.5920781671156587,0.12146558039665759,0.3300634070345323,0.3300634070345323,10.734663166149176,2.559710546124935,3.39853324538161e-06,24.56028252768478,4.242647058823529,0.036118650036183995,31.308823529411764,0.2665393619654618,13.170059482725549
s357,2.081037008944813,24.532846523196778,0.24601914147373058,38.632183605493815,3.42639670980745,2.357591240875912,0.0,0.0,0.5364963503649635,0.09854014598540146,0.0,0.08759124087591241,0.0,0.16058394160583941,0.072992700729927,0.0,0.043795620437956206,0.0,0.0,3.3588737034164926,6.703429130902401,4.569366779909774,2.503133746950437,6.679083087996982,0.30528919249161546,0.06958119190867776,0.02288480789563732,0.11424245858291286,14.459384382446753,3.345612024234314,7.154121367061541e-08,38.93186885651917,7.28125,0.025996727368130572,46.645833333333336,0.166542696930599,12.731569174718976
s358,2.0296996801316607,20.696438012394687,0.47535745899106663,42.48216223596805,4.3405123938617445,1.986051282051282,0.13333333333333333,0.05128205128205128,0.4358974358974359,0.0,0.0,0.28717948717948716,0.03076923076923077,0.06153846153846154,0.0,0.0,0.0,0.0,0.0,2.9947242515391705,4.254718393040393,3.4986248489985003,3.021775282612572,5.021707377942328,0.3597751635754339,0.07070004257246175,0.1123372113186963,0.1123372113186963,11.060359408293383,2.709481610012623,6.122542268399368e-06,28.119691599849045,0.15178571428571427,0.0021061471333201657,0.5505952380952381,0.007639945483612366,12.74151718007906
s359,2.304910680567693,16.62421589775566,0.6289978867117619,32.02830585806139,2.9985351542936356,2.3313333333333333,0.0,0.0,0.0,0.319047619047619,0.047619047619047616,0.3619047619047619,0.0,0.11904761904761904,0.0,0.1523809523809524,0.0,0.0,0.0,2.6044573019079698,3.858847754262413,3.128117264528975,2.536012361748058,4.4424711613016115,0.7220714998420732,0.18323113675017694,0.2837842976017056,0.3098794054271498,10.68696890996594,2.3941643198760585,6.334727375663808e-07,23.08873911107416,0.1868421052631579,0.004067502974872723,0.6526315789473685,0.014207616024907539,13.697212361513316
s360,2.49464408743259,26.90842084829616,0.4867097188439856,55.53440047414316,2.523752208220367,1.870721649484536,0.0,0.0,0.32989690721649484,0.0,0.020618556701030927,0.36597938144329895,0.14948453608247422,0.0,0.0,0.0,0.0,0.0,0.13402061855670103,2.6570424726258275,4.614015426627586,3.582398837735445,3.272671042460249,5.145703886264479,0.3369133694795862,0.07475304593269157,0.07601876612279103,0.07784614030843504,15.491965082393568,3.2522438477832503,3.5465155771791225e-07,37.20599086608045,0.2511737089201878,0.003416194474721476,0.903755868544601,0.01229191469876419,11.333920453309533
s361,3.262898882777511,14.282432480014691,0.5487652097981015,25.753362503333594,1.7592053002352985,2.5546724890829693,0.0,0.0,0.0,0.5545851528384279,0.0,0.23580786026200873,0.0,0.0,0.034934497816593885,0.0,0.17467248908296942,0.0,0.0,2.4040385170060286,4.047044139472376,3.124136775412651,2.473613756065407,4.311606733548274,0.6082272719331313,0.09415313160284193,0.3755298752805649,0.3755298752805649,9.897422704107209,2.1355136655754205,1.0653715550330629e-07,21.032983854682772,1.262962962962963,0.020851951815854572,6.5777777777777775,0.10860136781512529,12.588592389108829
s362,2.0936104706269276,21.22526949911528,0.4862347140991384,44.04813992827152,6.263381960992206,1.9541968911917098,0.17616580310880828,0.0,0.48186528497409326,0.0,0.0,0.31088082901554404,0.0,0.0,0.0,0.0,0.031088082901554404,0.0,0.0,2.947390654650662,4.2452576912937205,3.5075699573617434,3.0039891133675765,4.967077781906266,0.35086296011779133,0.06985551149503941,0.11516909776261279,0.11516909776261279,10.799083551821408,2.739087479202216,6.023084666244499e-07,27.554357080291798,0.11666666666666667,0.0017087853727051734,0.29444444444444445,0.004312648797779723,14.46978369650596
s363,1.978502698249142,19.354749228528664,0.3448966707900047,32.70285214475533,1.74800916726376,2.515510204081633,0.18775510204081633,0.0,0.33877551020408164,0.0,0.2530612244897959,0.1836734693877551,0.0,0.0,0.036734693877551024,0.0,0.0,0.0,0.0,2.9784255182798556,5.04713376077428,3.8807525910817073,2.7350048324084204,5.151127080555062,0.3592640982343898,0.07506311391930659,0.10505080434846388,0.10599296402871915,12.39560148653491,2.8784505015966615,2.099043589258743e-08,29.518037319351773,1.431111111111111,0.013581015168602372,10.488888888888889,0.09953787514876272,10.98556901423778
s364,2.264586741614198,29.767961536033965,0.24853902361970512,47.809150345751476,5.7697194669363325,2.2409056603773587,0.07169811320754717,0.0,0.4981132075471698,0.0,0.0,0.10566037735849057,0.0,0.2,0.0,0.0,0.0,0.0,0.12452830188679245,3.4947213024032404,6.960005434302737,4.344851948173422,3.097511979300994,5.20978881599206,0.33034055439110577,0.07753442832185019,0.10169769069446076,0.10354673961617825,17.40777407368376,3.8498163572424775,1.0695278690198404e-05,46.81547550857037,5.526785714285714,0.019617139838213664,31.116071428571427,0.1104454480390543,11.112659831915689
s365,2.2105966513253983,15.271361158916573,0.2527921107355813,23.062871954282187,2.061748812893845,2.9027702702702705,0.0,0.0,0.0,0.6621621621621622,0.0,0.09121621621621621,0.0,0.0,0.24662162162162163,0.0,0.0,0.0,0.0,2.9024024955461636,5.597804723380029,3.7385905716816783,2.571839595532345,4.466640514434136,0.6201705021898173,0.09044195929087716,0.4114612435404255,0.4114612435404255,11.727439853496495,2.910523644693195,2.428293578255003e-07,29.10398399762102,12.462962962962964,0.07444158464293536,98.28703703703704,0.5870708922620794,13.248295213676112
s366,2.363966783666004,15.044505646715209,0.49538928641121505,26.441858409378273,2.114039540389603,2.5460775862068963,0.0,0.0,0.0,0.5043103448275862,0.0,0.23275862068965517,0.0,0.15086206896551724,0.04741379310344827,0.06465517241379311,0.0,0.0,0.0,2.701155762896565,4.128918791358385,3.249556045934803,2.448957940390145,4.536426054522107,0.6477904769468331,0.1104859612513066,0.35645901936784935,0.35645901936784935,10.055889622232645,2.324085964294511,4.850112344767723e-08,23.74463639214906,1.5518518518518518,0.0240092233692364,9.85925925925926,0.15253592508092434,15.127726234698974
s367,3.3820394250430894,14.372053855639388,0.5954967982951874,26.853047993431463,1.6117390351455143,2.4914084507042253,0.0,0.0,0.0,0.5352112676056338,0.0,0.26291079812206575,0.0,0.0,0.0,0.0,0.20187793427230047,0.0,0.0,2.5820142631358083,3.806851058427716,3.0717772351158543,2.5819245359237986,4.440365069129828,0.672008999198847,0.09703960700533328,0.3641757282644022,0.3641757282644022,10.764792469360648,2.103328907486026,5.483553428387623e-09,20.365557823760042,1.3821428571428571,0.025283810187474075,8.157142857142857,0.14922021309610023,14.556003477869691
s368,2.61919803643005,22.87086178714388,0.3039761757878205,35.79225262733818,1.7582532962367157,2.5433212996389893,0.0,0.0,0.4151624548736462,0.0,0.22382671480144403,0.1371841155234657,0.0,0.0,0.021660649819494584,0.0,0.20216606498194944,0.0,0.0,3.0082827490586497,5.9653147622536755,3.7816181392721098,1.934201404155049,5.206843501853952,0.4033254519625137,0.08084543547362394,0.10788066384952566,0.11308869589743378,11.888568108633669,3.099270417059868,1.6039415477522988e-05,30.13680194141971,2.7960526315789473,0.01677129663018777,16.861842105263158,0.10114078414863827,13.198030576635013
s369,2.285981134528875,13.862840944425018,0.5400617906503544,26.240377501947346,2.2339402755939224,2.455943396226415,0.1509433962264151,0.0,0.0660377358490566,0.46226415094339623,0.0,0.25,0.0,0.0,0.07075471698113207,0.0,0.0,0.0,0.0,2.6906640428674495,3.8893730999185547,3.191976502141752,2.347951775899083,4.46643000750676,0.6905690949861706,0.10086755336074932,0.354819835179178,0.2399749018723398,9.877302212076177,2.111265057250471,3.9857302061063336e-07,20.420069478103798,0.6490566037735849,0.011704970979173737,4.656603773584906,0.083976361559886,14.654347699449596
s370,2.039644407286801,28.192376216734587,0.22316245686001865,42.28856432510186,8.27463199286323,2.3512211221122112,0.0,0.0,0.5874587458745875,0.0,0.0,0.0924092409240924,0.0,0.0429042904290429,0.19801980198019803,0.0,0.0,0.07920792079207921,0.0,3.537396070477739,7.292035577862149,4.276215288749393,3.0937682361795655,5.720353502540253,0.28664936359124915,0.06723132843695859,0.10689820283191812,0.10689820283191812,14.84638413458681,3.489191106077965,2.0374516108800384e-06,40.8123157421811,8.026785714285714,0.026310275133076596,46.285714285714285,0.15171575783077762,11.384391768586287
s371,2.066223801351862,22.094851000069863,0.6116281497769096,50.70485037195521,3.040809071156431,1.749832402234637,0.0,0.0,0.43575418994413406,0.0,0.0,0.44692737430167595,0.0446927374301676,0.07262569832402235,0.0,0.0,0.0,0.0,0.0,2.806113852957174,3.808809112135418,3.2192554847804815,3.111677962199154,5.014153805129867,0.31541947600629855,0.0700911540808424,0.09994575979816825,0.09994575979816825,10.047133754169506,2.765469171388145,6.170191710986147e-07,22.915965610799542,0.07916666666666666,0.001601357278464447,0.325,0.006573993037906677,13.969089277905876
s372,2.8038883738344733,16.414405459787254,0.6825328459517166,32.82881091957453,3.3551043192503385,2.2503571428571427,0.0,0.0,0.0,0.3826530612244898,0.0,0.39285714285714285,0.0,0.04591836734693878,0.061224489795918366,0.0,0.0,0.11734693877551021,0.0,2.588267583495323,3.673252589926978,3.0582080913630247,2.38806198359322,4.400817132514023,0.6922824777477542,0.14310256836620627,0.33332175219067434,0.338449779147454,10.768481551705936,2.3304111769725027,9.319212682136081e-08,19.48779456638121,0.06060606060606061,0.001450526116699958,0.1341991341991342,0.00321187925840705,14.270892320700414
s373,2.645115939626654,33.57756129372841,0.22420539731201306,49.79306650387047,5.2692712197415865,2.4023355263157895,0.01644736842105263,0.0,0.34539473684210525,0.0,0.0,0.08881578947368421,0.0,0.08881578947368421,0.0,0.0,0.13157894736842105,0.2894736842105263,0.039473684210526314,3.2900706505376145,7.707973597185062,4.6281449163054456,2.1644549208243697,5.675561584568663,0.4468355628094228,0.08822246926244266,0.061454733953218266,0.06913657569737054,14.028685214530084,4.028590449970672,1.8336639921216108e-09,46.72837861125732,8.916666666666666,0.02358541713455532,46.824074074074076,0.12385405446463785,9.410978518745713
s374,1.8813857961045752,21.083350402196583,0.32528048021345646,35.47818964231702,2.185288029843952,2.5496311475409836,0.09836065573770492,0.0,0.0,0.30327868852459017,0.0,0.1598360655737705,0.14754098360655737,0.0,0.0,0.29098360655737704,0.0,0.0,0.0,2.9033685769833357,5.330778645621606,3.927511103421224,2.2799818457853673,4.523331561356019,0.6457943941523671,0.19091537139044934,0.2139767593659959,0.25288162470526787,17.049344963192866,3.2104882284126024,8.930028529684824e-09,37.54204741197254,4.758974358974359,0.0360785038048634,29.712820512820514,0.22525738259200276,11.188972997535084
s375,1.9888911934289433,20.519088562737732,0.4574196333051406,41.893139148922884,5.968849533185504,1.9986734693877553,0.23469387755102042,0.0,0.4897959183673469,0.0,0.0,0.2755102040816326,0.0,0.0,0.0,0.0,0.0,0.0,0.0,3.0867135532715344,4.4294457101263625,3.5732512382228836,2.9786436835345658,5.091240682808627,0.30984172732675525,0.0666501078650676,0.1195701041651445,0.1195701041651445,11.592392163250372,2.697434805635318,1.5599262477655834e-06,26.675807275733487,0.2222222222222222,0.002983782130903262,0.8080808080808081,0.010850116839648226,14.21478922008639
s376,2.3471916029247315,12.618306405161816,0.766590608422752,26.95729095648203,1.9931839205102586,2.3282978723404257,0.1702127659574468,0.0,0.0,0.40425531914893614,0.06382978723404255,0.3617021276595745,0.0,0.0,0.0,0.0,0.0,0.0,0.0,2.5242944062307027,3.356753386183638,2.903430998727522,2.315269613164284,4.349124494203266,0.6452952575520547,0.11264041505621683,0.3497095195004173,0.3497095195004173,9.160584004956018,1.8841152401010526,8.728833612425113e-09,10.245509235588372,0.21122994652406418,0.006054879207237991,0.767379679144385,0.021996839651611432,16.565220647676654
s377,2.279023622962909,13.44535006931868,0.6009486334171301,27.165095038011216,1.5576014831349214,2.3806060606060604,0.15151515151515152,0.0,0.025252525252525252,0.4696969696969697,0.0,0.26262626262626265,0.09090909090909091,0.0,0.0,0.0,0.0,0.0,0.0,2.521196777445341,3.960978345750487,3.077119323820764,2.2541130575799473,4.43974844153037,0.629096618868583,0.0981704097581619,0.351700244841833,0.2503517878100402,9.327772355349802,1.9609947350468147,1.2350956767237569e-06,15.954859356475927,1.0929487179487178,0.02134842421782939,6.346153846153846,0.12395859223255776,14.278223955517442
s378,2.573526672497893,19.773100865113953,0.5590066827152333,37.604200752404196,1.6900669210825556,2.239859154929577,0.0,0.0,0.3004694835680751,0.0,0.22535211267605634,0.3568075117370892,0.0,0.0,0.0,0.0,0.11737089201877934,0.0,0.0,2.6367435208612404,4.459850735030197,3.1457311300722335,1.9907371348879526,5.191837526636047,0.4149745718509314,0.08533090160020558,0.09124324884574747,0.09525394110270338,11.531241277584309,2.575588139855145,1.460803956196959e-07,25.02125771529945,0.18947368421052632,0.0034190709016254906,0.531578947368421,0.009592393362893739,14.693648779673365
s379,2.549286954666766,28.163260594607888,0.43424820882812426,55.24331885865393,2.863425082154687,1.910392156862745,0.0,0.0,0.35294117647058826,0.0,0.0,0.30392156862745096,0.18627450980392157,0.0,0.0,0.0,0.0,0.0,0.1568627450980392,3.127451692291948,4.669241892054221,3.8119217840950084,3.2700179969021796,5.233392460686635,0.38377735797482704,0.07838044821519086,0.07344083057775977,0.07563673581098182,16.2322649221002,3.472338597481429,7.006488555686557e-06,41.79899036927494,0.3419354838709677,0.0036899693584253423,1.1258064516129032,0.012149050057457023,11.440428338279332
s380,1.9853669540745946,23.8262508244943,0.290186229375108,38.533813061836405,1.7063661454906975,2.4035114503816795,0.0,0.0,0.44274809160305345,0.0,0.15648854961832062,0.13740458015267176,0.05343511450381679,0.17557251908396945,0.0,0.019083969465648856,0.015267175572519083,0.0,0.0,3.338749896279791,5.899295785688916,4.293824887773058,3.150666078383417,5.174175730465703,0.31042928640662987,0.07104066299147785,0.11124147996038317,0.1120193924076586,12.752599281038885,3.320479099158553,9.953033437520708e-10,36.89619460845999,3.8333333333333335,0.02210660674781545,21.020833333333332,0.12122590330731407,11.257167071386151
s381,2.100724069723807,21.66150803334833,0.58749083035359,46.80877598010904,2.121220197219616,1.8597340425531916,0.0,0.0,0.425531914893617,0.0,0.03723404255319149,0.4148936170212766,0.06914893617021277,0.0,0.05319148936170213,0.0,0.0,0.0,0.0,2.672297333112736,4.06558901641869,3.292337784736114,3.050492165128085,4.9678100414207265,0.3220073091507074,0.0712367252443721,0.09887819107574325,0.09887819107574325,12.422287427100336,2.73972757982323,6.908453171937767e-07,24.891548305613316,0.09188034188034189,0.0017598298011938566,0.5641025641025641,0.010804536453841352,13.179700187116879
s382,2.421387226244087,28.579221687167163,0.2991501943194961,46.78254760256024,4.8092715160872626,2.2259143968871595,0.0,0.0,0.43190661478599224,0.0,0.0,0.17120622568093385,0.0,0.14007782101167315,0.0,0.0,0.07782101167315175,0.17898832684824903,0.0,3.1909586894899107,5.330235342786366,4.076752967806898,3.134626640340686,5.333019637336378,0.3589478289530773,0.07689026466390932,0.09411942744012097,0.09520125993943271,14.077703822445079,3.618156416995066,2.705500277278769e-09,43.06926598934046,2.9204545454545454,0.017495228018211344,13.448863636363637,0.0805665461461211,11.483993160936821
s383,2.084169369583295,20.49971745628333,0.3251406192717472,33.17227006562212,3.275965954684472,2.4634456928838953,0.0,0.0,0.3333333333333333,0.2846441947565543,0.0,0.16853932584269662,0.0,0.0,0.21348314606741572,0.0,0.0,0.0,0.0,2.9487335944950592,5.429459839443792,3.619782835023817,2.343590721039987,4.437187702646195,0.7060349307273462,0.19306264470370765,0.2875998704699318,0.20496764879613144,12.605544518820102,2.8370634099755585,3.2531491013423733e-09,31.203838267184224,2.3333333333333335,0.019183602301101724,14.65,0.1204456173047744,14.104939149565677
s384,1.9128455255442525,22.511756360879197,0.30915040637187924,35.91161133759301,1.5217204457933604,2.5583955223880595,0.0,0.0,0.33955223880597013,0.0,0.2873134328358209,0.17537313432835822,0.0,0.19776119402985073,0.0,0.0,0.0,0.0,0.0,3.294658342616623,5.170921474545864,4.160340805518809,3.123835353428978,5.061011571385804,0.37065076300382116,0.0788121670368646,0.0893728570147193,0.09131574521069145,14.888176842246395,3.3236428312576325,2.7168223518485e-07,36.2382179263088,2.978723404255319,0.023205122307084644,21.27127659574468,0.16570943590362766,11.343439756826694
s385,2.5032765894934625,14.186396293486595,0.25837109200223196,22.11175735130034,2.2095080525312736,2.9551971326164876,0.15053763440860216,0.0,0.0,0.45878136200716846,0.1827956989247312,0.07885304659498207,0.0,0.0,0.053763440860215055,0.0,0.07526881720430108,0.0,0.0,3.1408880913046398,6.199315028911188,3.9706122612263743,2.537008187873477,4.3961428283695545,0.5852939755901901,0.11022601980290801,0.33226855982417475,0.33226855982417475,10.842273323074975,2.637596315330919,1.0401027990719147e-06,21.296733887058448,10.704545454545455,0.05949967870930841,80.4090909090909,0.4469423848694971,14.496020979225477
s386,2.2463129642288324,17.73129097392429,0.6455461060652489,36.59436647809904,3.280002518967424,2.1028865979381446,0.0,0.0,0.21649484536082475,0.26804123711340205,0.0,0.4020618556701031,0.0,0.0,0.1134020618556701,0.0,0.0,0.0,0.0,2.6248608944645415,3.636349576159562,3.1322460954141045,2.4141999105399274,4.490521799991909,0.6791080133177232,0.2017098378296746,0.25147019851240426,0.18317073058866506,10.275086418770398,2.420966983774856,2.0130522559974807e-07,20.66277419436168,0.05128205128205128,0.0011628344902439804,0.053613053613053616,0.0012156906034368885,14.533940330017865
s387,2.2608339260951125,28.445545000433327,0.31942996210346974,48.43987735581035,5.042825347998372,2.121404255319149,0.0,0.0,0.48936170212765956,0.0,0.0,0.19148936170212766,0.0,0.22127659574468084,0.0,0.0,0.0,0.0,0.09787234042553192,3.305687953697893,5.40675639845818,4.19622702141198,3.1165838195890814,5.298378596934762,0.35736570083250213,0.07071284281483084,0.09848867216505561,0.09892835373722104,19.01063321886099,3.7193448783905136,2.7399939639725597e-06,45.6472850269827,2.368888888888889,0.015946856397713094,12.693333333333333,0.08544882152320563,10.919070252698033
s388,2.366512835958944,12.446429214306537,0.7098696204232132,25.149485835093625,2.1390425564916837,2.439285714285714,0.17857142857142858,0.0,0.0,0.3673469387755102,0.12755102040816327,0.32653061224489793,0.0,0.0,0.0,0.0,0.0,0.0,0.0,2.5239595022724934,3.3388952409208352,2.948570736357017,2.2302877053233945,4.50329011484414,0.6472749437828555,0.11058630785828202,0.3400885225596535,0.3400885225596535,8.638062885937956,1.8963114505253842,8.980451687189365e-07,11.551376828382985,0.14583333333333334,0.0038259204145323815,0.515625,0.013527361465668063,16.596794435481403
s389,2.13532221301872,13.484903031824112,0.26806218681741795,21.559695266449346,1.986663396997757,2.9181647940074904,0.1947565543071161,0.0,0.0,0.41947565543071164,0.20599250936329588,0.08614232209737828,0.0,0.09363295880149813,0.0,0.0,0.0,0.0,0.0,3.2681749342560695,5.602792869180578,3.9874848788513555,2.259854576875383,4.288299335164396,0.5257321035310426,0.09649888089172608,0.3083531726095989,0.3083531726095989,9.623899894110503,2.383663849040618,6.866274471684027e-07,19.58515645827174,9.771739130434783,0.062422421402581044,106.5,0.6803280143520457,13.953594185956993
s390,2.1722188823195654,22.339912458655466,0.5364935205828737,45.60105842076067,7.5587084547404055,1.8898989898989897,0.0,0.0,0.4898989898989899,0.0,0.0,0.3787878787878788,0.0,0.03535353535353535,0.07575757575757576,0.0,0.020202020202020204,0.0,0.0,2.746133475594753,3.9184325537519893,3.3814214446655133,2.0359732263986663,5.008389136728135,0.30420620718322966,0.06632714427493967,0.10963154101502838,0.10963154101502838,11.811724897371773,2.806186852434595,5.09759176862624e-07,28.261446166192485,0.07111111111111111,0.0012057355634619202,0.3422222222222222,0.005802602399160491,12.979448692411072
s391,2.632894220621112,25.682296093199465,0.48887356207538357,49.897032409644666,6.615688064248989,1.9729411764705882,0.0,0.0,0.3137254901960784,0.0,0.0,0.37745098039215685,0.0,0.024509803921568627,0.0196078431372549,0.0,0.06372549019607843,0.20098039215686275,0.0,3.1066569336176646,4.166530776100341,3.6013689439801464,1.9651573666611861,5.183500432723502,0.3448480257842839,0.07413260215671083,0.07636130873393945,0.07757019488803876,13.444784571013173,3.193850099702575,2.2511706900579763e-07,36.83489308263886,0.11168831168831168,0.0016414756138669764,0.4103896103896104,0.006031468534674007,12.264926792610227
s392,2.096158797204387,18.442445442019913,0.48361965506345783,33.811149977036486,3.3121864730000903,2.4085,0.12727272727272726,0.0,0.0,0.2863636363636364,0.0,0.2863636363636364,0.0,0.031818181818181815,0.0,0.2590909090909091,0.00909090909090909,0.0,0.0,2.8513786852899523,5.765596137035983,3.4457529963158353,2.230973785089948,4.412845170932215,0.7850457348165172,0.18759971514106197,0.16254190984344621,0.25990203858216016,11.056424945850566,2.763185550092584,7.38570943747339e-07,31.516621776987936,0.8412698412698413,0.013062751990589889,10.203174603174602,0.15842899961417323,12.769109940516836
s393,2.0683875522889714,23.639540369962,0.3897410248944046,41.82380219300966,7.3055274700494826,2.083478260869565,0.0,0.0,0.5652173913043478,0.0,0.0,0.24347826086956523,0.0,0.06956521739130435,0.12173913043478261,0.0,0.0,0.0,0.0,3.192485172228515,4.6923074726959095,3.9150014013086305,2.888439049827602,5.052204404244653,0.2819643398612987,0.05933597503005611,0.11685935771500494,0.11685935771500494,11.938248144527902,3.0725534266209,4.697974527988938e-06,36.663423271890146,0.6904761904761905,0.007111641740826955,3.7698412698412698,0.03882792904474487,13.568673777855901
s394,2.2219248852315645,25.377785137700872,0.3061081909468556,42.239534994294004,1.500088289635686,2.3533467741935485,0.0,0.0,0.3225806451612903,0.0,0.14516129032258066,0.13709677419354838,0.2620967741935484,0.0,0.0,0.0,0.0,0.13306451612903225,0.0,3.1051090847809397,6.028830803360399,4.322679739116598,3.4065983056260025,5.442150144204729,0.40303791574702746,0.09052525379393911,0.09345879317110461,0.09571081228366135,15.235140866102414,3.4923207430854464,6.34668104448437e-07,39.92471227931174,3.711764705882353,0.020051827414440705,18.394117647058824,0.09936935709184799,12.544646553466636
s395,2.568051391389575,13.21604249571937,0.4983498975355926,23.874141282589832,1.1426318375353204,2.5396428571428573,0.0,0.0,0.0,0.5535714285714286,0.0,0.16071428571428573,0.24107142857142858,0.0,0.044642857142857144,0.0,0.0,0.0,0.0,2.716318540048375,4.491297508625724,3.2694660915164273,2.469775000653013,4.473271945897931,0.509145942740189,0.0748749568772759,0.3428341729358578,0.3428341729358578,10.72089796685937,2.01574434228612,2.4197471379231e-07,19.089883921755092,2.9876543209876543,0.036331506221643266,21.969135802469136,0.26715667488187683,11.691039188978543
s396,3.280096937402044,16.444287682111636,0.3379337993793447,26.985497734747288,1.5350663085842708,2.708125,0.0,0.0,0.0,0.5703125,0.0,0.0859375,0.125,0.0,0.0,0.0,0.1796875,0.0,0.0390625,3.1967913083728634,6.092741341170835,4.31470853683316,2.533700881460986,4.591187930771202,0.6826435073318802,0.09622758356120091,0.34919330599339576,0.34919330599339576,13.52610905123149,2.5694689418541903,3.1344953538950133e-06,29.594816763050265,8.0,0.041807830979986686,61.09090909090909,0.3192598002108074,10.083461183653636
s397,2.07836441913641,25.97797265380875,0.36947990643637646,45.31923696540358,3.832576832302249,2.161589958158996,0.0,0.0,0.39330543933054396,0.0,0.0,0.24686192468619247,0.0,0.11715481171548117,0.0,0.1799163179916318,0.06276150627615062,0.0,0.0,3.063821309010783,5.361375334232307,3.7746715334304053,3.000240870761032,5.379565468698387,0.4400693450017271,0.08057957183998261,0.0931021392496046,0.0940586680775115,14.614475504866588,3.338103641954497,3.7454169993592075e-10,40.02094406920714,1.5593220338983051,0.01481783215432273,7.179661016949153,0.06822645326707726,12.016954670306072
s398,2.1527484495809337,16.434012549121984,0.6600635134365671,35.768144959853736,2.4626795959473418,2.1214594594594596,0.12432432432432433,0.0,0.17297297297297298,0.25405405405405407,0.032432432432432434,0.3837837837837838,0.0,0.032432432432432434,0.0,0.0,0.0,0.0,0.0,2.631044535696253,3.6965097169121144,3.0738394592898595,2.281856704940056,4.344864300273284,0.6694607990185009,0.18791499409549284,0.23867963845872345,0.1705299463086973,9.405086650231738,2.3141095573624875,1.1738385527789222e-06,16.003355157473248,0.1596244131455399,0.0037277117245802663,0.352112676056338,0.008222893510103529,13.18587525182173
s399,2.253823404062073,29.116949451936783,0.23911288560508026,46.65728044707941,5.854237705095504,2.3494736842105266,0.20300751879699247,0.0,0.3533834586466165,0.0,0.0,0.12406015037593984,0.0,0.0,0.04887218045112782,0.0,0.0,0.2706766917293233,0.0,3.115702821137616,8.818085301447935,3.9336356805392056,2.898574305924995,5.220519716742412,0.3591377320619532,0.07205041876356874,0.05551412268421233,0.06542735887782167,14.225643509750245,3.605540845778625,7.863223245664179e-06,42.67158902427559,7.651515151515151,0.032601221562295585,45.43181818181818,0.19357378783077886,9.559522717769433
s400,2.284796990536027,30.743250393399393,0.24365785123150618,45.816397430939894,8.799713038926713,2.3721498371335503,0.0,0.0,0.42671009771986973,0.0,0.0,0.13680781758957655,0.0,0.0,0.19218241042345277,0.0,0.0,0.24429967426710097,0.0,3.2825780102926783,7.379287808598679,3.860003881132581,2.0567043776168608,5.530219158096361,0.4124693910142896,0.08179334181705787,0.05766519462235716,0.07071352333252558,15.434170285994387,3.649472286190369,1.2464419362971708e-06,42.6840542839279,6.2976190476190474,0.028024477141827778,35.339285714285715,0.15726022759076702,10.067414551448067
s401,2.084308982200665,27.860832765438538,0.20991217553204952,43.84915156833221,6.635220917415192,2.3685920577617328,0.19855595667870035,0.0,0.4729241877256318,0.0,0.0,0.07942238267148015,0.0,0.0,0.08664259927797834,0.0,0.0,0.1588447653429603,0.0036101083032490976,3.340616809646324,8.390203432889583,4.178326936927549,2.9850129703939405,5.602884696640238,0.29510418388807813,0.07243753640281005,0.09206771239524757,0.09531716106802099,15.04727478449669,3.5733087461616075,5.642754635080276e-05,41.54156227449482,11.886363636363637,0.0338842463628987,79.22727272727273,0.22585178359668234,9.771893323015084
s402,1.9479961420357952,24.41181747020911,0.3044992757435083,40.63282776291387,1.9825299316299818,2.2658498023715414,0.0,0.0,0.5217391304347826,0.0,0.07905138339920949,0.15810276679841898,0.0,0.24110671936758893,0.0,0.0,0.0,0.0,0.0,3.320422576994444,5.488329926779829,4.251460256667977,3.2913297763246243,5.103429152041222,0.3118719585315118,0.06519414476814644,0.12593513725095726,0.12593513725095726,16.21533753840175,3.2422040630152584,6.165825036672999e-07,37.87799760698368,3.40625,0.022060526630772865,22.8125,0.14774481138040543,11.652891972700221
s403,2.371853607950022,18.56980651274056,0.6389245909056409,39.70096564792811,2.602331304403197,2.0316666666666667,0.0,0.0,0.24193548387096775,0.22580645161290322,0.0,0.3978494623655914,0.043010752688172046,0.0,0.043010752688172046,0.0,0.04838709677419355,0.0,0.0,2.5563069403942627,3.793330820399062,3.120111469219216,2.396945492307033,4.450813151872671,0.7753759251058665,0.2062266068307402,0.2130089296238304,0.1730543600893815,10.361363581233983,2.501933138928142,6.595264469500652e-07,20.10487006357077,0.0990990990990991,0.0021231520786412546,0.23873873873873874,0.005114866371272114,13.310864734365609
s404,2.5321793985775414,14.225335291197597,0.3436163195776948,22.846750619196175,1.9315653123624368,2.896943396226415,0.10943396226415095,0.0,0.0,0.3320754716981132,0.29056603773584905,0.12075471698113208,0.0830188679245283,0.0,0.0,0.0,0.06415094339622641,0.0,0.0,2.921558421343182,5.099952803950627,3.76781411216806,1.3076053205634615,4.852086688384051,0.6091290453036685,0.12367216593347818,0.278802908634606,0.278802908634606,10.30173347844474,2.568564686127358,2.6770445772353635e-07,19.879421411399992,6.0078125,0.05099856581673097,45.5859375,0.3869657107160276,14.170882929800676
s405,2.700308774510153,15.897638238749733,0.5379101201545535,28.333693957771686,2.54411684819136,2.499049773755656,0.0,0.0,0.0,0.5113122171945701,0.0,0.28054298642533937,0.0,0.0,0.1583710407239819,0.0,0.0,0.0,0.049773755656108594,2.7482701159819327,4.136030305065826,3.2355968990733492,2.4463485826927,4.439821979176676,0.6576005880527088,0.09690912473878689,0.36804284782801194,0.36804284782801194,12.853572822530298,2.4271211870395746,3.414471219758277e-07,25.842912170981727,0.3870967741935484,0.006831032599746337,1.632258064516129,0.028804187462263722,14.309336529862577
s406,2.136514525480516,21.91694753127767,0.4059734764653831,42.413352167009506,5.697701118014736,2.075454545454545,0.23923444976076555,0.0,0.4449760765550239,0.0,0.0,0.24401913875598086,0.0,0.0,0.0,0.0,0.0,0.07177033492822966,0.0,3.1053195033792798,4.70224869308402,3.7707776153682104,2.9937122428536522,5.241856952004105,0.27942804929514165,0.06247822989674071,0.10653946899672036,0.10653946899672036,12.167001250285315,2.9563616641549277,4.485629182138919e-08,33.22347910279008,0.30980392156862746,0.0034492981295189953,1.4352941176470588,0.015980292600050027,11.562067053834566
s407,2.5566714119566094,36.13105391672031,0.2464699239590768,55.87479922640359,4.4755282627148505,2.237879858657244,0.0,0.0,0.37809187279151946,0.0,0.0,0.10600706713780919,0.13780918727915195,0.04240282685512368,0.06713780918727916,0.0,0.0,0.0,0.26855123674911663,3.5900787838037798,7.450666613640541,4.519211122134873,3.2701646898513355,5.3620965896602755,0.3833943093948506,0.07949468909083726,0.06654697471410746,0.07259669968811724,15.894580352167011,4.290642399521401,1.2270006395098854e-06,49.94737690758658,7.408333333333333,0.02173575370527753,37.275,0.10936335919427041,11.847230822547452
s408,2.3331455783934816,29.42791505001724,0.2860948525663465,46.31849351067802,8.357722156682373,2.281466165413534,0.0,0.0,0.4323308270676692,0.0,0.0,0.18045112781954886,0.0,0.0,0.15037593984962405,0.0,0.03383458646616541,0.20300751879699247,0.0,3.2529078748103015,5.768264048117185,3.9958410157290007,1.9449876655515157,5.431745231892095,0.29486219327915403,0.07101448509024362,0.0778360556825495,0.08211276203873354,13.89986103595844,3.6486139367366164,2.5198713269129996e-06,43.2824698431778,3.5416666666666665,0.02171739803090562,18.515625,0.11353727941157277,9.93718205019184
s409,2.3635739456197578,24.16355808430196,0.2960862573253242,40.43368719439857,5.368484670206946,2.211832669322709,0.055776892430278883,0.0,0.5976095617529881,0.0,0.0,0.11952191235059761,0.0,0.10358565737051793,0.0,0.0,0.12350597609561753,0.0,0.0,3.3077598993144397,6.406430105256269,4.429374935794188,3.122477111787479,5.1897035147142665,0.3194168365071225,0.06446813800781467,0.1221016685189401,0.1221016685189401,11.458262517024442,3.1903312711660576,5.839312682804213e-06,36.77039819838604,2.6333333333333333,0.013025442476579968,12.158333333333333,0.06013962206750055,13.555859508256617
s410,1.7044080918898683,24.817939691616903,0.23565024431190248,41.53206234107323,3.9089817107494533,2.360894308943089,0.2967479674796748,0.0,0.3983739837398374,0.0,0.0,0.10569105691056911,0.0,0.0,0.0,0.1991869918699187,0.0,0.0,0.0,3.405730993780859,7.070055424841396,4.344223342664015,2.8863561712847554,5.433654731542615,0.3477730005887305,0.07469401447714283,0.10879752225906317,0.10879752225906317,14.436066422772054,3.251057334808322,4.617939051226394e-07,36.692553681756245,8.815384615384616,0.03754168672542489,65.08461538461539,0.2771729593227051,9.445382327263019
s411,2.137130144662918,26.753501416657258,0.27546316237923363,42.33348165341646,2.247681900285185,2.3896654275092937,0.0,0.0,0.3940520446096654,0.0,0.11152416356877323,0.14869888475836432,0.0,0.21933085501858737,0.0,0.0,0.0,0.12639405204460966,0.0,3.212920723042257,6.468546853352011,4.1301396898384795,2.9433837213745484,5.306441261674044,0.3260105006864642,0.08112637382050907,0.10441877822472823,0.10507550010035548,14.964830183583906,3.4946762949177805,2.818294416081015e-07,40.34852690332154,3.65,0.020287098907737833,19.4125,0.10789679658807143,11.549035645302267
s412,2.0540272032212705,19.893011808466873,0.642552740655536,45.72809207920305,2.1492710608206598,1.874406779661017,0.11864406779661017,0.0,0.3672316384180791,0.0,0.06779661016949153,0.4463276836158192,0.0,0.0,0.0,0.0,0.0,0.0,0.0,2.7449470901539152,3.6660297978379224,3.172277778043223,2.9426276521164536,4.93609403519999,0.38461647403972105,0.07881642731638766,0.10378473311598757,0.10378473311598757,10.711592199675616,2.5769671760671615,2.6975712579270272e-08,19.181801381129727,0.006329113924050633,0.00014200256774893336,0.0,0.0,16.271865645681718
s413,2.5373238527450046,24.34098636809263,0.30199892153757085,39.379684952200776,2.098967733439151,2.3664566929133857,0.0,0.0,0.5078740157480315,0.0,0.11023622047244094,0.13385826771653545,0.0,0.051181102362204724,0.0,0.0,0.1968503937007874,0.0,0.0,3.154053852211155,5.862696868019243,4.1448547558840065,3.0185763484287986,5.169193052449825,0.26940866566527283,0.06881378343030921,0.10724057087163066,0.10724057087163066,11.900912747175974,3.2400458845389326,6.274362921524432e-06,36.33064465780609,3.1323529411764706,0.01722573326495534,18.875,0.10379919551910881,12.75413979575
s414,2.0739028594085442,21.012861416885354,0.5349438922450003,41.81767470093023,1.5496231672249254,2.0858706467661694,0.0,0.0,0.35323383084577115,0.0,0.14925373134328357,0.3582089552238806,0.05970149253731343,0.07960199004975124,0.0,0.0,0.0,0.0,0.0,2.8526628224429587,4.114925879475027,3.3816444591235193,3.0650241138130543,4.983928300714956,0.42158738153415626,0.07651414415626104,0.09946156514556972,0.09946156514556972,11.84421783595562,2.7156581355111395,7.31322514595026e-07,27.478423149760065,0.21666666666666667,0.0036935445753304543,1.0722222222222222,0.018278310334327634,12.763179643385904
s415,2.3641553577668852,23.99576577163524,0.3619412495537979,43.23046690604124,2.656462056643738,2.07863436123348,0.0,0.0,0.5550660792951542,0.0,0.0,0.16740088105726872,0.16740088105726872,0.0,0.0,0.0,0.11013215859030837,0.0,0.0,3.4386691525028916,5.340220456371053,4.085312041860058,3.118492709614962,5.023821578334659,0.30480182538348716,0.07258036400410087,0.11876757851875776,0.11876757851875776,13.925508457617013,3.1210088052446325,1.7699187540384553e-05,37.070562822185636,1.668421052631579,0.011639351577400777,8.263157894736842,0.05764599992592814,13.593309557500985
s416,2.206083793964493,28.033305426390957,0.283652062229672,43.961319873204,9.429323018753294,2.279202898550724,0.0,0.0,0.4927536231884058,0.0,0.0,0.17028985507246377,0.0,0.0,0.19202898550724637,0.0,0.0,0.14492753623188406,0.0,3.1920183887433202,5.231246107163357,3.937266012753373,2.8961313683609338,5.54559607076859,0.3003509062801558,0.07137775437872322,0.09606348054062602,0.09762126671155509,14.111742336836077,3.5307593882664197,8.428262739759539e-07,40.65562447699092,3.4680851063829787,0.021067073652647015,20.30851063829787,0.12336516442608329,11.143018615670568
s417,3.067879302807707,32.37179736762566,0.39915430897323395,58.217022685326775,10.341246245806747,2.013946188340807,0.0,0.0,0.2914798206278027,0.0,0.0,0.3094170403587444,0.0,0.0,0.0,0.0,0.13452914798206278,0.0,0.2645739910313901,3.2245169850724267,5.0045388916683295,4.04295435811187,2.012082734624958,5.132774584254289,0.45643824619637363,0.09410649798327679,0.07254880927594712,0.08343113066733918,16.313136940495607,3.9846254098180105,5.0315512560075994e-08,48.89871942634568,0.3159420289855073,0.00301984614642985,0.7507246376811594,0.007175597724085607,10.243541207474527
s418,2.1288118859529965,22.30884821351325,0.5201312672258233,44.180268030683116,12.327698450489503,1.9253465346534653,0.0,0.0,0.504950495049505,0.0,0.0,0.36633663366336633,0.0,0.0,0.12871287128712872,0.0,0.0,0.0,0.0,2.7982212722246187,4.063155086302972,3.446860801649482,1.984641841116857,4.937001074324064,0.34798705064746266,0.06632047347082784,0.10602129836376321,0.10602129836376321,10.47552995637924,2.779676416640589,2.0624557658125924e-07,29.272012157826804,0.06486486486486487,0.0010651547767145616,0.327027027027027,0.0053701553326025815,13.001540669155805
s419,1.7846279158792486,28.488525079661496,0.28475347020658887,45.65028717584308,3.294071706714515,2.3150375939849623,0.0,0.0,0.3383458646616541,0.0,0.0,0.18045112781954886,0.0,0.19548872180451127,0.0,0.2857142857142857,0.0,0.0,0.0,3.189619993140972,5.999264595734561,3.927320273953827,3.006192343821669,5.400459620870906,0.39400157340388603,0.08492268909010742,0.08402426617875942,0.08490873213853585,14.434970735817668,3.5175391407219325,8.938016496854449e-07,41.673249845351584,4.572916666666667,0.02896562625188098,25.125,0.1591459920718381,10.99842890626034
s420,2.5131001422005554,13.530441874329291,0.6949553057323257,25.94369130031946,2.118321365310197,2.4506220095693783,0.0,0.0,0.0,0.3875598086124402,0.1339712918660287,0.3349282296650718,0.0,0.14354066985645933,0.0,0.0,0.0,0.0,0.0,2.6063371991018656,3.5192463518531385,2.9507118769909,2.4696610000771626,4.569209008706588,0.6872760119881253,0.1221806095642923,0.3301131105256195,0.3301131105256195,8.921417679422634,2.020849221247342,6.309623591534756e-08,14.068581251452825,0.45714285714285713,0.011315968042209981,2.045714285714286,0.05063895698888967,15.807880832024493
s421,2.3615433959797847,15.557727517686203,0.4709666100422377,28.65214817840544,1.4544850366233697,2.409502262443439,0.0,0.0,0.1085972850678733,0.4343891402714932,0.0,0.18099547511312217,0.19909502262443438,0.07692307692307693,0.0,0.0,0.0,0.0,0.0,2.992409598468418,4.205143430338733,3.4499643475353605,2.5584651999898513,4.442338215807085,0.5587967334088223,0.1333189319765802,0.2885340901647196,0.1934686854139915,12.66551814975798,2.2799692300989856,1.4763261903609046e-07,23.517028357054873,1.675,0.01948661335467119,10.14,0.11796672203962143,11.394278097020704
s422,2.577983350592961,25.547761454013944,0.38797167719013065,45.3073582036029,5.2558108570191475,2.1033480176211454,0.0,0.0,0.45374449339207046,0.0,0.0,0.2422907488986784,0.0,0.07488986784140969,0.0,0.0,0.11894273127753303,0.11013215859030837,0.0,3.062571771154058,4.948580030051131,3.838975270795794,1.939221239553732,5.330234887879373,0.35697269767413203,0.07349659026010616,0.10797492033107096,0.10797492033107096,13.17785799320814,3.332032613008031,3.326564291306556e-07,39.29412924502544,0.6618181818181819,0.006276574297756918,2.6145454545454547,0.024795917143336395,12.372022080010723
s423,1.9468127434862095,21.04310344027614,0.315186108796563,37.375064319296456,2.7086125563726022,2.25609243697479,0.23949579831932774,0.0,0.5042016806722689,0.0,0.058823529411764705,0.14705882352941177,0.0,0.05042016806722689,0.0,0.0,0.0,0.0,0.0,3.4191271808904844,5.331328149401278,4.217885532539027,3.0840839920311245,5.1225781192594,0.29849940782778,0.06474426523886442,0.11888626828267523,0.11888626828267523,13.221745454356888,2.904512623266789,2.1424099959614882e-07,32.90392841061442,1.92,0.013417837439132276,12.82857142857143,0.08965191979420227,13.37394340053949
s424,2.6739403330791167,13.624218477093708,0.5603587207647558,25.170166339037515,1.448264593595241,2.49651376146789,0.0,0.0,0.0,0.5412844036697247,0.0,0.22935779816513763,0.06422018348623854,0.12844036697247707,0.0,0.0,0.03669724770642202,0.0,0.0,2.577362761549174,3.81668581105214,3.1091106690264714,2.5003972452589274,4.396718587474335,0.5398375583329788,0.08434664045296929,0.3592021330008251,0.3592021330008251,9.125614634029866,2.022033556225133,8.020289160999871e-07,18.37298069047982,1.464,0.024645803873323498,9.116,0.1534638989817056,12.877860148937561
s425,2.223789974491885,25.732577306175923,0.24523469341335058,41.48403371783517,4.163865932221986,2.3418045112781956,0.13157894736842105,0.0,0.4924812030075188,0.0,0.0,0.08270676691729323,0.02631578947368421,0.0,0.0,0.12781954887218044,0.13909774436090225,0.0,0.0,3.073282481227704,6.3456040974085175,4.541151931093413,3.090148891912927,5.649608815406116,0.34082746676450204,0.067303667428975,0.10210285033686711,0.10210285033686711,11.548795463094693,3.5119295542330975,1.0638317818506976e-05,38.23277376649935,7.715909090909091,0.024799610514865955,43.29545454545455,0.13915539920712708,11.672172499013628
s426,3.1488347650073596,17.056465187679777,0.6823953021700523,35.010639069448004,2.9742611605571354,2.223897435897436,0.010256410256410256,0.0,0.0,0.36923076923076925,0.0,0.39487179487179486,0.0,0.0,0.0,0.0,0.1076923076923077,0.11794871794871795,0.0,2.572703435285241,3.9323884417759034,3.041582496132695,2.331682426376815,4.449432224275946,0.6718577742653805,0.16600926134386837,0.31357686398035317,0.31700768306110105,11.349457006354328,2.3365301834721324,5.171877090045589e-08,20.22033738601247,0.13203463203463203,0.00305671495020032,0.28354978354978355,0.006564420630758064,13.601270567935416
s427,2.0371661853791916,23.181168776859067,0.33131907954982864,37.347438584939574,2.2725243909072645,2.362873563218391,0.0,0.0,0.4942528735632184,0.0,0.12643678160919541,0.19540229885057472,0.0,0.0,0.1839080459770115,0.0,0.0,0.0,0.0,2.916849570768415,5.354252995306836,3.9035166677864703,1.9481095236114707,5.090687691276664,0.321735737186031,0.06492377992270999,0.11964213890804232,0.11964213890804232,11.74269320689148,3.123921148077454,1.2930920356758721e-06,34.51232810171213,1.5147058823529411,0.01276799346673652,5.96078431372549,0.05024556652282074,12.125188998491366
s428,2.0972904714557137,18.276760691157136,0.5112388646176848,36.021188546649476,3.0562308080094027,2.1814285714285715,0.12315270935960591,0.0,0.2857142857142857,0.22167487684729065,0.0,0.30049261083743845,0.0,0.0,0.06896551724137931,0.0,0.0,0.0,0.0,2.894069767669235,4.107395646235881,3.3784715598500803,2.2624900516867195,4.651030556649896,0.7088845910159631,0.19607988766810452,0.1915886873278238,0.1581753508886733,11.58294690770028,2.523128728641438,5.055384327400654e-07,25.454590943394184,0.16393442622950818,0.0026952852628680767,0.47540983606557374,0.007816327262317423,15.481922105413883
s429,2.189101622719197,18.667982021213955,0.3844417056181693,34.64650900547337,2.337397083374419,2.318310502283105,0.1643835616438356,0.0,0.2876712328767123,0.2511415525114155,0.0,0.1780821917808219,0.0684931506849315,0.0,0.0,0.0,0.0502283105022831,0.0,0.0,3.001291063657552,4.746056475792775,3.7705184783026864,2.2663320794533734,4.375866473829608,0.5933577847224543,0.17532839036690673,0.17813057237183008,0.15963494322548716,14.494749442882926,2.599419439878783,2.0488605463313684e-07,30.176789998798387,1.3897435897435897,0.013257382838361653,8.825641025641026,0.08419171905837788,12.653332115118953
s430,2.777267648978787,14.84413876129548,0.33627298443510756,24.31524570101777,1.5496796910467525,2.743820224719101,0.0,0.0,0.0,0.6104868913857678,0.0,0.10112359550561797,0.033707865168539325,0.149812734082397,0.0,0.0,0.10486891385767791,0.0,0.0,2.8457308568437942,5.630718102172106,3.707072980913543,2.6580574153248064,4.184925667692282,0.5417232722836283,0.07686243215534559,0.3507705556970884,0.3507705556970884,11.749235557966145,2.3053632633396957,5.265268528856878e-06,24.558928565588648,10.962962962962964,0.07468363439853656,106.45370370370371,0.7252007978716003,12.906037063812656
s431,2.165377554903512,23.467566047329317,0.49405936179533155,46.70277995557615,4.312553857944867,1.925223880597015,0.0,0.0,0.4577114427860697,0.0,0.0,0.3482587064676617,0.05970149253731343,0.014925373134328358,0.07462686567164178,0.0,0.0,0.04477611940298507,0.0,2.9594729555822403,4.145970511244428,3.520311024675058,2.0650174865710476,4.926615250556508,0.3523514188266051,0.07092926711041043,0.107779136705171,0.107779136705171,11.458817756805558,2.930710183092482,2.5986242195332935e-06,32.31705484769998,0.16,0.0023744001794837673,0.5142857142857142,0.007632000576912109,13.63165326551225
s432,2.376917452058991,14.315036709360003,0.3465445580866512,22.990816533214563,1.6917352945189361,2.801509433962264,0.0,0.0,0.0,0.5018867924528302,0.12075471698113208,0.10943396226415095,0.16226415094339622,0.0,0.10566037735849057,0.0,0.0,0.0,0.0,2.97105210796556,5.111301434694151,3.6197047892859,2.489801470784282,4.586746805543133,0.5798987311620503,0.0874406397862092,0.35062950540725546,0.35062950540725546,10.768030555211242,2.4203236097324163,7.992016712416326e-10,23.715047098585618,7.887931034482759,0.06030075679829697,69.03448275862068,0.5277469513013794,10.991625991462787
s433,2.49990534969722,25.551425798391406,0.27513601499610746,38.71823194960332,4.267994708896452,2.662188552188552,0.0,0.0,0.0,0.367003367003367,0.0,0.16835016835016836,0.0,0.0,0.1717171717171717,0.0,0.0,0.29292929292929293,0.0,3.1055516887034065,5.934446851020182,3.6795433988969966,2.4691104919027556,4.8136862522338015,0.8410047162264138,0.2198038782652128,0.2896705109615703,0.33879591925329866,15.659751591731444,3.5407748291922934,6.159308583762977e-06,37.5060617336194,4.635,0.030538531840057004,26.96,0.17763081303299608,13.169806947016111
s434,3.0359097103552206,16.49711392491301,0.4688313951077795,28.506042443783496,2.314116347540618,2.5618297872340423,0.0,0.0,0.1148936170212766,0.3659574468085106,0.09787234042553192,0.2170212765957447,0.0,0.0,0.02553191489361702,0.0,0.17872340425531916,0.0,0.0,2.7101538427941954,4.2655160791695295,3.3242857527050087,2.422316231490833,4.382983733089489,0.7364198714536418,0.13599293808952426,0.33158330185432616,0.2084253773060029,10.973778785193703,2.39492085420881,5.731307695616253e-08,23.866027866586315,0.7333333333333333,0.009647077476374525,2.533333333333333,0.03332626764565745,13.688764938131802
s435,2.408386793556517,25.225509887157997,0.4614048499731965,46.94138361610274,9.749791303290039,2.020140186915888,0.0,0.0,0.37383177570093457,0.0,0.0,0.35046728971962615,0.0,0.0,0.11214953271028037,0.0,0.0,0.16355140186915887,0.0,3.038762041759613,4.569975414739069,3.6735840925370096,1.9713671914477175,5.091667789347737,0.2991803848153608,0.0734183137362762,0.09225080973386203,0.09274545214530365,12.356048945111507,3.1643875036129856,2.2413456843598218e-09,37.02798689516428,0.24533333333333332,0.0034085062619482248,1.3786666666666667,0.019154323232904696,13.150850193701293
s436,1.9690927307842427,24.60879865508935,0.4302893259568491,46.75671744466975,2.084970675987802,2.0400478468899523,0.0,0.0,0.3397129186602871,0.0,0.0,0.27751196172248804,0.19617224880382775,0.0,0.0,0.18660287081339713,0.0,0.0,0.0,2.9395138579113826,4.8237146117705745,3.6839085729610606,3.3046182979460808,5.236506436376443,0.38299021726094296,0.08221809722856357,0.08819296899621151,0.09005620073556811,12.510830646318158,3.1041993677347817,2.366067154192022e-06,36.70731123351415,0.993103448275862,0.0111991686383035,5.36896551724138,0.06054550545082829,10.793099411084258
s437,2.4613228981978317,26.66923025764993,0.18038076330706518,36.92662651059221,4.017544250015644,2.862944444444444,0.0,0.0,0.0,0.4111111111111111,0.0,0.06388888888888888,0.0,0.0,0.21388888888888888,0.0,0.0,0.3111111111111111,0.0,2.9906805079739347,6.956315399599414,4.507558368514213,3.1325227058514273,4.817418606761759,0.5765458474762182,0.17482690412977744,0.34506603802709074,0.34506603802709074,13.556462016937887,3.6037850951752377,9.44963543268922e-07,35.71501915432066,14.855072463768115,0.035586856647346884,85.94202898550725,0.20588298528660198,13.67081847943055
s438,2.183025100425373,18.706253178694425,0.5252213053718533,33.983026607961555,3.489389903964116,2.374816513761468,0.0,0.0,0.0,0.3073394495412844,0.0,0.3211009174311927,0.0,0.10550458715596331,0.022935779816513763,0.24311926605504589,0.0,0.0,0.0,2.851535079318693,4.239671707888973,3.3281869128232735,2.3767606678634525,4.453470307773336,0.8107416188734702,0.20426063343787196,0.23028777757556773,0.2963261843803261,14.400887638194261,2.7372215939199753,8.891663240760861e-07,30.393193847852604,0.46285714285714286,0.007945142824234034,2.0628571428571427,0.035409834068499825,13.761295209477689
s439,2.968824676285684,29.782898344541387,0.3839004174248427,52.692820148034784,8.757666250548109,2.0643478260869563,0.0,0.0,0.391304347826087,0.0,0.0,0.2608695652173913,0.0,0.0,0.0,0.0,0.17391304347826086,0.0,0.17391304347826086,3.0724865974086493,4.98374554407124,4.007540608477048,1.9739462551513642,5.215784172622517,0.3945800253913314,0.08353400953101242,0.08771127031846089,0.0904522475159128,17.684556267454614,3.759040156857869,6.765377201836847e-07,45.72683817040282,0.5871212121212122,0.005142617537222997,2.018939393939394,0.01768396869251521,10.529090635486211
s440,2.2336521762606143,17.65527161827031,0.42846956438490547,30.176740851086098,2.9833690629163265,2.459834024896266,0.0,0.0,0.2074688796680498,0.36929460580912865,0.008298755186721992,0.22821576763485477,0.0,0.0,0.18672199170124482,0.0,0.0,0.0,0.0,2.840946740377315,4.771861400630176,3.4559474264122456,2.4636497814324545,4.3740129153079375,0.7077895541084951,0.15438254737821636,0.327611850645346,0.22033978365014245,12.696713789718633,2.5973138503619033,2.519122102946167e-06,28.218228141972563,0.7127272727272728,0.0092128631706481,2.850909090909091,0.0368514526825924,16.339196345644467
s441,2.3747384956020037,23.658355492444652,0.4877802795018843,45.990074228303634,1.8411484041160342,2.0762980769230768,0.0,0.0,0.2692307692307692,0.0,0.10096153846153846,0.33653846153846156,0.14903846153846154,0.0,0.0,0.0,0.0,0.14423076923076922,0.0,3.0150417718992357,4.382324396307295,3.5496742009545206,3.218486237294767,5.2733269149515305,0.40955813079337644,0.08108058296821583,0.07076824793178978,0.0746050806509832,12.538868065577287,3.040764575021583,1.1367990612998458e-06,34.60661411392087,0.22,0.003129484699902572,0.6057142857142858,0.008616243589342147,11.834673864775414
s442,2.468095286529725,19.554410033174562,0.6294342999220893,42.60067900084456,3.0825473249266375,1.9633879781420767,0.0273224043715847,0.0,0.30601092896174864,0.15300546448087432,0.0,0.4098360655737705,0.0,0.0,0.01092896174863388,0.0,0.09289617486338798,0.0,0.0,2.63637366439993,3.801427344314144,3.149915199604423,2.2711436771192424,4.609609974346728,0.7645348593089836,0.2049442900955968,0.15695266227586677,0.14764349315983086,10.303503726962122,2.5430222825027555,2.6588484344875835e-08,21.66336530308101,0.051111111111111114,0.0010712251941809641,0.042222222222222223,0.0008849251604103617,15.78486267062013
s443,1.927589142435149,25.565660788388136,0.3256900649283857,45.23155370253287,1.8260480845399962,2.128347826086957,0.0,0.0,0.4434782608695652,0.0,0.0,0.14782608695652175,0.28695652173913044,0.0,0.0,0.12173913043478261,0.0,0.0,0.0,3.386034338180445,5.35529647300129,4.39628453089336,3.3619587652727927,5.416564540034014,0.2992021261041591,0.06490929792233348,0.0943132924018705,0.0943132924018705,14.036364807935668,3.3838718163899095,3.972343534701108e-09,41.87361679434835,4.281045751633987,0.024753916856838396,28.45098039215686,0.16450961843941608,12.29269687642633
s444,2.0660341030555167,20.780998638653816,0.4092516988160547,37.40579754957687,2.6061448516053094,2.240533333333333,0.0,0.0,0.3466666666666667,0.2088888888888889,0.0,0.23555555555555555,0.0,0.1688888888888889,0.04,0.0,0.0,0.0,0.0,2.9100921948871585,4.805650225295646,3.724083721901851,2.369502835153235,4.700835950762521,0.747619071874143,0.18386704232941983,0.1394627431626179,0.15033702496258589,13.176671766781416,2.834546356742559,2.1926852198500433e-07,34.08314210734476,1.060377358490566,0.01201952717099828,5.667924528301887,0.06424672530547836,13.043728745129707
s445,2.1605030086627943,20.965167691745027,0.505940804538233,40.024411047876846,4.201348238862193,2.0602857142857145,0.0,0.0,0.4238095238095238,0.1,0.0,0.3333333333333333,0.0,0.0,0.14285714285714285,0.0,0.0,0.0,0.0,2.8714365501525774,4.111747173264622,3.4691612214457552,2.4650143367388853,5.199102422623505,0.700797094315605,0.17191095356972902,0.08316698573041305,0.12403460151421458,11.232012419116646,2.713858993758815,1.0084852919455603e-06,29.00076766323124,0.07142857142857142,0.0011356705636510961,0.2714285714285714,0.004315548141874166,14.733273736287762
s446,2.2243985889998754,22.555016799907747,0.3795348522123535,38.50463582269963,2.7021258134100967,2.204476987447699,0.0,0.0,0.5271966527196653,0.0,0.058577405857740586,0.21338912133891214,0.03765690376569038,0.0,0.13389121338912133,0.0,0.029288702928870293,0.0,0.0,3.2159823186823497,4.7388991815912185,3.9039040537717,2.0620749772130225,5.048715862047202,0.2943318716452684,0.06380499541118882,0.11816593118308952,0.11816593118308952,11.781200487893821,3.0275528329147887,3.0486504948699015e-07,33.9136959096774,0.5686274509803921,0.005379686178481923,2.196078431372549,0.02077671903413708,13.144533001737965
s447,2.7974518291046233,16.086577652940864,0.33815355234378913,26.1158637205151,1.8978520626258812,2.735475285171102,0.0,0.0,0.0,0.5665399239543726,0.0,0.11787072243346007,0.0,0.12927756653992395,0.0,0.049429657794676805,0.13688212927756654,0.0,0.0,2.7288849195420175,5.888106541430843,3.5529135528114657,2.669548244527936,4.626077774063925,0.6341483716054098,0.1248832980181104,0.3418848712956403,0.3418848712956403,12.67024304552398,2.5948498834501916,2.169840984116804e-08,27.317544093127474,8.201612903225806,0.06009544471667542,72.87903225806451,0.5340044581166133,12.884941473572711
s448,2.8090367415202353,21.984797737212574,0.4792386283689601,39.027276603268845,4.991772848034552,2.3460262008733626,0.0,0.0,0.0,0.2925764192139738,0.0,0.3318777292576419,0.0,0.0,0.10480349344978165,0.0,0.0,0.27074235807860264,0.0,2.8970281950107983,4.2023645979040305,3.459169361791153,2.4167977143256896,4.3620438692163095,0.8258228763260907,0.21460460844304685,0.22800556654252457,0.31853718855205637,13.462341697698673,3.1351747096157063,3.1803379229189884e-06,35.582504936399914,0.5210526315789473,0.007865697299522426,2.036842105263158,0.030747725807224027,13.257781521343384
s449,2.993366833807806,16.433003316631368,0.3851758233455068,27.5363839359769,2.272413486437059,2.6725000000000003,0.056451612903225805,0.0,0.0,0.5,0.0,0.1532258064516129,0.0,0.0,0.0,0.0967741935483871,0.1935483870967742,0.0,0.0,2.8342153734363804,5.763851043288828,3.5931056566654327,2.3975449927930743,4.854990176756719,0.7263490359681568,0.13588436099620887,0.34149921748603695,0.34149921748603695,13.78514243676003,2.603820833682835,3.7112776064948214e-07,29.036673252400888,3.508771929824561,0.03271674679564058,28.75438596491228,0.26811373999027455,14.744644190937155
s450,3.39389825684333,15.647123396813575,0.5809656202911829,29.136022876825244,2.0667660579112623,2.451296296296296,0.0,0.0,0.0,0.48148148148148145,0.0,0.2777777777777778,0.0,0.0,0.0,0.0,0.18518518518518517,0.05555555555555555,0.0,2.6615417650436126,4.267636173201078,3.162297625193007,2.695478437938271,4.538587090050168,0.6393002492357452,0.1235425214081927,0.344819055651226,0.344819055651226,11.581932952623209,2.2893541292436934,8.19429912827485e-07,22.593762763587883,0.5263157894736842,0.00934349571494587,1.656140350877193,0.029400866516363002,15.227931654602541
s451,1.9351666151646962,27.380978924677695,0.30136866925947786,45.695408536548236,2.2966285941230455,2.2510317460317464,0.0,0.0,0.3492063492063492,0.0,0.0,0.15476190476190477,0.19047619047619047,0.01984126984126984,0.0,0.25,0.03571428571428571,0.0,0.0,3.472391803849924,6.355234424738891,4.382489756370711,3.188839832423118,5.638955237806475,0.31809717851079505,0.07668841578883022,0.07732693387553957,0.07782581731989789,13.244163466444666,3.5715543592851113,1.3353193106052649e-06,43.1776414651815,4.916666666666667,0.027789828132364875,26.53205128205128,0.14996362273775515,10.973203740598622
s452,2.6930474700384246,24.248468851252884,0.3881342003012747,43.300837234380126,5.439116685035184,2.0987999999999998,0.0,0.0,0.56,0.0,0.0,0.21333333333333335,0.0,0.0,0.0,0.0,0.22666666666666666,0.0,0.0,3.2305941259502764,5.11082151558846,3.906140644765838,2.8944558931154467,5.0961095554649996,0.2695515368520739,0.05831103128225095,0.11846097060187304,0.11846097060187304,12.9439271206185,3.1064633171198914,2.0573135348637732e-06,36.75343889184745,0.6741071428571429,0.005930664104677828,2.2410714285714284,0.01971651245396205,14.776680795090725
s453,2.2385878581031737,24.949668364533874,0.2904784977929229,41.58278060755648,4.8966136480618365,2.2022,0.028,0.0,0.6,0.0,0.0,0.124,0.0,0.152,0.0,0.0,0.096,0.0,0.0,3.428785285319423,5.613604064260584,4.358394951965013,3.3297551786042185,5.023208785793914,0.2703938688582316,0.06329781747973698,0.10972234135713566,0.10972234135713566,12.414341973793466,3.2395062094199956,5.485974561633445e-07,37.85210951439914,3.903225806451613,0.019399055447486793,17.282258064516128,0.08589292525612437,12.370307423435168
s454,2.3718881504026283,30.07390435576748,0.25807231455387397,45.6562382188594,16.544921426396808,2.2938566552901025,0.0,0.0,0.5290102389078498,0.0,0.0,0.1296928327645051,0.0,0.0,0.21160409556313994,0.0,0.0,0.0,0.1296928327645051,3.637074024898262,5.77176222749138,4.36781682298816,2.9110543267200635,5.339356079770733,0.33027550618948703,0.07337132044007671,0.09265729482574123,0.0971304056104322,16.99449114286662,3.884253243833103,3.881606782993889e-07,45.29864594586484,3.111842105263158,0.013419728046386588,14.263157894736842,0.06150945117244423,10.987514433100902
s455,1.9705584710112947,24.832499569026897,0.3750136699841821,44.49983922769616,3.735438555751883,2.098125,0.017857142857142856,0.0,0.46875,0.0,0.0,0.24107142857142858,0.0,0.18303571428571427,0.0,0.08035714285714286,0.0,0.008928571428571428,0.0,2.9823779714544827,4.932747252262756,3.792623927679558,3.0661120366046504,5.306502027287206,0.3551990707882438,0.07164019439970039,0.10883684123670039,0.10883684123670039,13.47132935423845,3.2218224318813937,1.4016670262144112e-06,38.11900068943869,1.4037037037037037,0.013627015524644502,6.992592592592593,0.06788339132065652,12.723562618850643
s456,2.1934281092383516,29.128957677719004,0.2262583825047706,43.47819791304858,4.888266420312982,2.4064686468646865,0.0,0.0,0.47194719471947194,0.0,0.0,0.0858085808580858,0.036303630363036306,0.0,0.11551155115511551,0.12871287128712872,0.0924092409240924,0.06930693069306931,0.0,3.4340246642614356,5.849018380569451,4.447314533126197,3.0022885737763665,5.205819411862768,0.34350553705578857,0.07960918064729897,0.09737762175311558,0.09928698688552962,12.95659905678075,3.7378749253713504,9.648949945839495e-06,42.73612545250739,9.009615384615385,0.026540678824988492,50.01923076923077,0.1473475039995626,10.614812920160446
s457,2.4936297572219916,28.284770836290576,0.40832850455781006,53.09597332426474,7.130248512083629,1.9864953271028039,0.04672897196261682,0.0,0.37850467289719625,0.0,0.0,0.3037383177570093,0.0,0.11682242990654206,0.0,0.0,0.0,0.0,0.1542056074766355,3.162863783649943,4.9020406325601655,3.910409319892234,2.965134594938518,5.12433302090886,0.31473019204795943,0.07970750467945886,0.08859081711076518,0.09169431707324421,16.351131302161367,3.531244875728399,4.043100669354076e-06,43.405367925196124,0.48615384615384616,0.005220602714320406,1.6307692307692307,0.017512148345505157,10.100208074504481
s458,2.947571822954262,20.401794536908945,0.5164355663192972,37.262781757494864,3.151308238494147,2.348325791855203,0.0,0.0,0.0,0.40271493212669685,0.0,0.3257918552036199,0.004524886877828055,0.0,0.12217194570135746,0.0,0.0,0.0,0.14479638009049775,2.762064396448437,4.553552039879321,3.3543280179177764,2.4136929244933336,4.28404494609699,0.780214854226691,0.1650696755295191,0.3311750256082195,0.3569551174220329,14.948799302901275,2.862890572201697,1.2220045109659862e-07,32.72618029711028,0.3388888888888889,0.005411643550240957,0.9777777777777777,0.01561392237446571,12.624394637308326
s459,2.0400812912922297,20.480333872627117,0.3421679343409026,34.22552439116881,1.6702954157987722,2.5330120481927714,0.0,0.0,0.0,0.3253012048192771,0.0,0.14056224899598393,0.26104417670682734,0.0,0.0,0.27309236947791166,0.0,0.0,0.0,3.1422031454145647,5.335507932677917,3.864158287878806,2.384342787567785,4.790301699254465,0.6618117405743618,0.19214029382910458,0.15997585130524658,0.20585127925307467,15.020467858109221,3.310235151479752,8.467669467036752e-07,39.144881562052,4.502857142857143,0.030904365663372905,26.897142857142857,0.18460260047905616,11.486211132382785
s460,3.051352806968708,16.459535008257593,0.4959995759956065,28.772774938099182,2.250265212252722,2.5723144104803497,0.0,0.0,0.09170305676855896,0.32751091703056767,0.15283842794759825,0.24017467248908297,0.0,0.0,0.0,0.0,0.18777292576419213,0.0,0.0,2.8464486892922847,4.190938089005226,3.34232842591135,2.3757391372221384,4.747113197625849,0.6329309270663224,0.1479113420686323,0.29449013840896493,0.18509689099884943,11.444991535908807,2.3853440414448235,4.228299474672101e-07,24.463565940484933,1.1490909090909092,0.016767334715873418,4.749090909090909,0.06929790866750217,15.168341859655644
s461,2.3004615027649113,26.36906940565417,0.2954045421354644,45.997173700088524,8.272299857975465,2.191163793103448,0.2413793103448276,0.0,0.45689655172413796,0.0,0.0,0.15517241379310345,0.0,0.0,0.03017241379310345,0.0,0.0,0.0,0.11637931034482758,3.531771989960589,5.6293941029446986,4.2228422690005525,2.7788075035632547,5.118144945618408,0.3957787685523107,0.0745877664165143,0.07656025662534777,0.08352027995492484,15.651801349064243,3.7579673699718783,5.451866069543895e-06,46.11951607785475,2.611111111111111,0.015365442274812482,15.466666666666667,0.09101572615548499,8.999029084067216
s462,3.1783913430980593,14.523704219716148,0.7289270940939477,29.81181392468054,1.904147906741794,2.288102564102564,0.0,0.0,0.035897435897435895,0.4512820512820513,0.0,0.358974358974359,0.0,0.0,0.0,0.0,0.15384615384615385,0.0,0.0,2.4106245119524994,3.5026032262137665,2.949366578197398,2.431469002872766,4.42695689708472,0.6406208986755123,0.11693235353461062,0.3424939965866326,0.23143812134909694,10.339487828582786,2.019080180101424,3.9614008016709274e-09,14.582920966037598,0.3261904761904762,0.008062269468078267,1.1976190476190476,0.02960088717111948,14.80335073510663
s463,2.5668347842604478,24.152333103147765,0.34111363921473786,41.8640440454561,3.3805703819981883,2.1408974358974358,0.0,0.0,0.5769230769230769,0.0,0.0,0.1452991452991453,0.10256410256410256,0.0,0.0,0.0,0.1752136752136752,0.0,0.0,3.292723077014498,5.75140464317264,4.250398612538534,2.0266767148146023,4.979504908461407,0.2516081133786206,0.0626202473140862,0.10950635738086441,0.10950635738086441,12.588794048027117,3.190487073969535,3.4044084532182525e-05,38.09318144795832,1.7647058823529411,0.01061637628610044,7.252941176470588,0.04363330653587281,14.286245506794248
s464,2.310674752503127,30.156489088472135,0.2294106088701652,44.72484130512533,3.7698561830288733,2.478827361563518,0.0,0.0,0.36482084690553745,0.0,0.0,0.08794788273615635,0.0,0.0,0.0,0.30944625407166126,0.23778501628664495,0.0,0.0,3.6112251132863875,5.528623747625616,4.4437203639104945,2.0491941274024406,6.008090889645498,0.2953460099503357,0.07399471609240786,0.046872472480913356,0.054432548687512274,12.731883832003366,3.8964620295383274,1.133530636314189e-07,43.69781117703281,11.407407407407407,0.033268373053869246,60.19444444444444,0.17555007566818503,9.906304854024759
s465,2.1068149638316687,22.63014963791364,0.49055347291558965,45.726900299289476,4.705218360188906,1.991530612244898,0.11734693877551021,0.0,0.3826530612244898,0.0,0.0,0.34183673469387754,0.0,0.0,0.0,0.11224489795918367,0.04591836734693878,0.0,0.0,3.014830367320894,4.268953893595102,3.547169569663184,2.0482858638879833,5.158042573643326,0.3341813893163058,0.07279677477109142,0.09186622484025625,0.09232555596445753,11.380576875334453,2.8759232572321705,2.3820348078913053e-08,31.469203554406644,0.19154228855721392,0.002893316726748206,0.9253731343283582,0.013978101588965359,13.548126691630795
s466,2.2339109899341394,24.01415423285061,0.33206120894105257,42.67130482914224,2.157828414848163,2.0964935064935064,0.0,0.0,0.5627705627705628,0.0,0.0,0.12554112554112554,0.24675324675324675,0.0,0.0,0.0,0.06493506493506493,0.0,0.0,3.3361838950301035,5.690257531355747,4.433741914623203,3.040822500371114,5.1664460238512095,0.3251253563397411,0.06415872268744378,0.11201275844799584,0.11201275844799584,13.03416616533361,3.1171022502816927,1.2668983072547633e-07,38.7361042287249,2.2758620689655173,0.011897745094159407,10.455172413793104,0.05465751988710806,10.746393118716426
s467,2.10380128792988,27.41341783133145,0.30228420890814084,45.161848606744805,2.6453709168563835,2.276303501945525,0.0,0.0,0.35797665369649806,0.0,0.0,0.1556420233463035,0.14007782101167315,0.0,0.0,0.2490272373540856,0.09727626459143969,0.0,0.0,3.3490372464368807,6.19735827003306,4.271774737844057,1.9775323797207285,5.376769736610279,0.2802877269854007,0.06927216818314925,0.07198797352820707,0.07383381900328931,15.680316175025325,3.5965668593373477,2.696962896231092e-09,41.92045556905693,4.1375,0.023491009970282608,22.64375,0.1285618264687823,11.110865495051844
s468,2.0359903166346487,23.944394376322474,0.3333872981491006,42.79824821594651,2.134532379995368,2.0802643171806166,0.0,0.0,0.5594713656387665,0.0,0.0,0.13656387665198239,0.23348017621145375,0.07048458149779736,0.0,0.0,0.0,0.0,0.0,3.434183533256072,5.974573211077801,4.359486705983152,3.1522325197110677,5.140914775849363,0.31438038525971546,0.05832847527502559,0.11441109255993702,0.11441109255993702,12.633132001915696,3.1794257253453164,8.787127344073185e-08,37.97279926458845,3.0064516129032257,0.017146923023898485,18.780645161290323,0.1071130749411341,11.274852330422897
s469,2.977561366643747,17.847914367809366,0.5956975166658917,35.3458696303676,2.62411666566983,2.2345544554455445,0.0,0.0,0.13366336633663367,0.3316831683168317,0.0,0.33663366336633666,0.0,0.0,0.0,0.0,0.15841584158415842,0.039603960396039604,0.0,2.57656605157673,3.7780019349269987,3.1875722994535542,2.365059200764991,4.529775715789629,0.7468124154390716,0.17703396981907296,0.28428797575862597,0.1854012415731017,10.292807361012127,2.398623641366281,6.046266950226153e-08,23.373601759709025,0.21470588235294116,0.004049617576221229,0.788235294117647,0.01486708918393547,15.363571996653308
s470,2.214943200520974,18.714310266245594,0.4349660869190055,33.449987641242124,2.333147523082461,2.3105726872246697,0.0,0.0,0.28193832599118945,0.2775330396475771,0.0,0.22026431718061673,0.1013215859030837,0.0,0.11894273127753303,0.0,0.0,0.0,0.0,2.852128632524584,4.695566179073134,3.6046391855679305,2.4085851113517256,4.548231534275315,0.6707767851102393,0.18700261955884864,0.18407611462320317,0.15775422283775084,11.941506472491712,2.6713809121536083,1.9555984906474736e-10,30.85634266329298,0.744,0.008756756174869986,3.128,0.03681603940187273,14.032644310802942
s471,2.1278032526620287,23.930615220781327,0.516414733901311,47.861230441562626,5.580272774662719,1.9406500000000002,0.0,0.0,0.365,0.0,0.0,0.395,0.0,0.055,0.05,0.09,0.0,0.045,0.0,2.9152110283308565,4.236587983363998,3.495976036172695,2.0264072411816323,5.0884669339897615,0.37322414601753434,0.07526023192859092,0.0907855709807514,0.091015991211667,11.557432576223698,2.976026657503467,3.699910969088313e-06,33.339059007693486,0.11645569620253164,0.0019222238783085553,0.26582278481012656,0.004387684939617355,12.859059108965353
s472,2.8137552316559975,28.682510129880455,0.33162803814368363,47.61296681560154,5.485492361862401,2.2189156626506024,0.0,0.0,0.3855421686746988,0.0,0.0,0.20080321285140562,0.0,0.0,0.0,0.0,0.19678714859437751,0.21686746987951808,0.0,3.095193354906247,5.395013252720082,3.931908466191238,1.994729704772759,5.591133581821524,0.35106033640782613,0.07890231881727747,0.0786141090798541,0.08188969695818135,12.717138433682512,3.674034762855819,1.8876082997295367e-05,43.10162968617501,1.792,0.012545602034141729,8.792,0.06155185998000786,11.132591440336732
s473,2.1753240982090936,19.565008692281502,0.4078100709060619,33.540014901054,3.3332288393348493,2.350916666666667,0.0,0.0,0.325,0.25833333333333336,0.0,0.22916666666666666,0.0,0.0,0.1875,0.0,0.0,0.0,0.0,2.9237244807621865,4.572586135564136,3.56364737868312,2.342788788053331,4.425471151757106,0.8415306054550757,0.19618129811447024,0.24673206755969224,0.19326350864842093,12.87921971355372,2.7383036940958685,1.2469239852165598e-06,30.44947608211942,0.6290909090909091,0.007368597118157233,3.5345454545454547,0.04140044161184295,14.534175423333924
s474,1.7057326358005456,29.53719150225518,0.22090785223990617,46.13111931251091,2.400098109576878,2.3835971223021586,0.04316546762589928,0.0,0.35251798561151076,0.0,0.0,0.07913669064748201,0.2014388489208633,0.0,0.03597122302158273,0.28776978417266186,0.0,0.0,0.0,3.79688056915528,7.121534729494174,5.016242608242948,3.22258824523221,5.913507992479286,0.4124362531882293,0.0741090690879621,0.051761743831578964,0.05765865135669555,12.237352085027855,3.892605972808302,3.7137648197296387e-06,43.6558329624931,17.227272727272727,0.046155686549071394,114.51136363636364,0.30680135445579976,9.934849881429388
s475,2.349257243558716,12.16163049396383,0.6070587213233716,23.128815135841922,2.0612256592794234,2.5679812206572765,0.2112676056338028,0.0,0.0,0.37089201877934275,0.15492957746478872,0.26291079812206575,0.0,0.0,0.0,0.0,0.0,0.0,0.0,2.544999563729588,3.7032700616767893,3.0365335731588172,2.2492853908753045,4.495236606676035,0.5768845909458871,0.10768450357013529,0.3236608618347481,0.3236608618347481,10.199341894533182,1.9091535043045365,2.0612335112648227e-06,13.925339718217828,0.3678571428571429,0.007952355983145185,1.0392857142857144,0.022467335835876203,15.803820245619198
s476,2.5571602998192113,13.90696704675631,0.616188967327821,27.538548607438234,1.0567395441586829,2.36035,0.0,0.0,0.0,0.49,0.0,0.245,0.25,0.0,0.0,0.0,0.0,0.015,0.0,2.590724000793085,3.9588703727425605,3.110993994360048,2.5846548005895578,4.545814912731326,0.5991805611077573,0.0991049636076292,0.34117343038108483,0.34117343038108483,11.06869757543679,1.9989420295116738,1.046535805570033e-07,16.122791067592093,1.346938775510204,0.02372911353643927,6.718367346938775,0.11835794206357285,14.004960221468217
s477,1.884729382197489,19.803415674504848,0.20621716674967663,29.754880837572625,2.256742797674315,2.8400668896321073,0.0,0.0,0.0,0.5317725752508361,0.0,0.06688963210702341,0.0,0.20735785953177258,0.06020066889632107,0.13377926421404682,0.0,0.0,0.0,2.8093667331291887,7.007537715128109,3.658408549371997,2.5158098307540695,4.787506632086736,0.6829354280300713,0.17471502188268268,0.3310637731366465,0.3352544538092622,18.16495257936414,3.286083852968138,8.385827684846115e-09,36.33593634444068,20.45,0.06907358806539973,202.975,0.6855849162628123,13.95543088304781
s478,3.072068557023385,27.535334127358766,0.40340593074809233,48.13428637530652,2.683690248013802,2.3015720524017467,0.0,0.0,0.0,0.30131004366812225,0.0,0.2794759825327511,0.0,0.1222707423580786,0.0,0.0,0.026200873362445413,0.0,0.27074235807860264,2.9766417188736947,4.866824795521391,3.8665199962025314,2.489021812722828,4.700524649075604,0.8696769464945696,0.20075374639623053,0.16167743356145164,0.30079522523060775,17.009061811077242,3.8157376976480823,1.8317650149795566e-08,47.64437342671401,1.05,0.010657207946055782,3.875,0.03933017218187253,10.837300206147507
s479,2.0094176390730554,23.491188618073636,0.35714956010464505,41.988187529942635,3.717973539259104,2.1104405286343613,0.0,0.048458149779735685,0.5110132158590308,0.0,0.0,0.19823788546255505,0.0,0.2422907488986784,0.0,0.0,0.0,0.0,0.0,3.2511602096714385,4.9699543561027015,3.923837376833945,3.261199937880778,5.021560190726463,0.30170530906344145,0.06476187700529311,0.11837555295397874,0.11837555295397874,13.6262500786401,3.1122937320933386,2.8094430264601348e-05,37.05794223983314,2.4133333333333336,0.02036568283940378,14.946666666666667,0.12613221250260573,11.991604772221043
s480,3.1353062291862637,13.658071748103355,0.8644171270493188,30.1135798783484,1.698585545733467,2.1982513661202185,0.0,0.0,0.0,0.453551912568306,0.0,0.4262295081967213,0.0,0.0,0.0,0.0,0.12021857923497267,0.0,0.0,2.458913237560356,3.234210759278938,2.816533753325308,2.663282155392633,4.35133264502663,0.6198606435073167,0.11947762042952254,0.3521578937016762,0.3521578937016762,8.29551324620832,1.9359034492054716,5.995654482080862e-09,9.706083942725412,0.09401709401709402,0.0029340056549750962,0.202991452991453,0.006334784936878049,13.440518256140487
s481,1.8341220709922645,25.325041766390484,0.1786841353174059,35.43503867708391,1.9470213797987175,2.742401129943503,0.0,0.0,0.4632768361581921,0.0,0.2514124293785311,0.062146892655367235,0.0,0.0,0.2231638418079096,0.0,0.0,0.0,0.0,3.7157759103821792,6.807955540738951,4.936649044955844,2.9631553245073317,4.852014740311972,0.3068452226837066,0.08200894152066959,0.11559510182181049,0.12715461200399153,12.01715414704076,3.395775188168427,1.8071269503148362e-07,28.68663839506189,14.227272727272727,0.03491330040505092,92.33333333333333,0.22658322967878625,9.898193910232713
s482,2.3819057334483253,15.05315417545491,0.5326337962909574,28.49347040353963,1.483477815552101,2.3852830188679244,0.0,0.0,0.07547169811320754,0.4528301886792453,0.0,0.22641509433962265,0.1509433962264151,0.09433962264150944,0.0,0.0,0.0,0.0,0.0,2.732124708522185,4.331851048734022,3.2884130142030177,2.5676577838116534,4.618363910388353,0.799239419930129,0.12151290040964337,0.32141227942662454,0.20744866762128913,12.620578466658127,2.180175452615327,1.3655682710561067e-06,21.13101849396522,0.9429824561403509,0.014183436858420046,3.1666666666666665,0.04762996005478732,13.82344107446637
s483,2.4161376730286173,14.204641805576689,0.4805768736877943,24.57299348847938,1.4421710652440076,2.6811814345991563,0.0,0.0,0.0,0.32489451476793246,0.25316455696202533,0.18143459915611815,0.24050632911392406,0.0,0.0,0.0,0.0,0.0,0.0,2.7148736455460423,4.1822593280976506,3.389818799087171,2.5258046162192076,4.718256239720333,0.6706340874648941,0.1389848808290261,0.3124300737419315,0.31389002735754795,10.877270604973148,2.2387000879819614,2.854818426542073e-07,22.288918468549262,3.9069767441860463,0.04990345896757318,29.348837209302324,0.3748700310540319,14.058173905016119
s484,2.5253868741020726,13.552958810293696,0.874642853684038,30.663569308289485,1.454002339720399,2.1623756906077345,0.0,0.0,0.0,0.3812154696132597,0.06077348066298342,0.425414364640884,0.13259668508287292,0.0,0.0,0.0,0.0,0.0,0.0,2.333830719547165,3.3186599541599002,2.7973338389142266,2.562749389063237,4.442626933232643,0.7412812436356453,0.13540268085017254,0.3328830785633405,0.3336051676708532,8.263534846186099,1.9426367480019007,1.1319274728969779e-06,7.902897439138204,0.21212121212121213,0.006658281187489577,0.8874458874458875,0.02785607435582374,16.964689575923067
s485,1.8637580830077756,23.874036910860184,0.2363117005392773,36.244004222186724,1.5291070842723995,2.611740614334471,0.0,0.0,0.3993174061433447,0.0,0.2593856655290102,0.10238907849829351,0.0,0.23890784982935154,0.0,0.0,0.0,0.0,0.0,3.435024276589632,6.084796976589045,4.526792007062852,3.2453393280377147,5.243192935550187,0.35632243230077193,0.08203858132076872,0.10376117257038929,0.10733914403833375,13.065608960381523,3.535640054196281,4.1889589722105216e-07,34.76923223076118,6.775,0.029056083368556064,41.208333333333336,0.17673103598709686,12.796413012371673
s486,2.5885740113123723,15.139742045565525,0.6063010502461609,28.07969251186082,2.3079469505200807,2.499447004608295,0.027649769585253458,0.0,0.0,0.3271889400921659,0.17972350230414746,0.31336405529953915,0.009216589861751152,0.11059907834101383,0.0,0.0,0.0,0.0,0.03225806451612903,2.51915391772545,3.7226173966893596,3.032411495270676,2.2799787485451843,4.530600536810778,0.7103425620024792,0.16154524293889028,0.30518459111316326,0.3144326090256834,10.37098330164241,2.25441196516071,6.256139175022126e-07,20.048168815432764,0.5852941176470589,0.012114482380006564,3.0823529411764707,0.06379888208164261,15.968597462633104
s487,2.155136780988891,17.467809204313827,0.3821871178723399,30.160246108167787,1.8907832947253616,2.4895833333333335,0.0,0.0,0.15416666666666667,0.425,0.0,0.175,0.0,0.24583333333333332,0.0,0.0,0.0,0.0,0.0,2.8454586523997003,4.744552901493354,3.670526342059976,2.4140543801604806,4.524193685850853,0.7004519898516761,0.1567282410204275,0.2331082260323558,0.15652542074932127,14.095952656868487,2.570172927563823,1.2367744360243877e-06,30.549037500448083,3.0476190476190474,0.03053235394863493,22.30952380952381,0.22350637226461662,11.299409151714068
s488,2.1685122947938833,23.601639778442966,0.5101633155069103,48.18668121432107,4.400458933120799,1.8931122448979594,0.0,0.0,0.4336734693877551,0.0,0.0,0.37244897959183676,0.0,0.1377551020408163,0.0,0.0,0.0,0.05612244897959184,0.0,3.009962439347647,4.396865475513803,3.4806044723629954,3.2370575552603866,5.100691807326851,0.332449806779861,0.06767723537008094,0.097643094886634,0.097643094886634,11.358540911910877,2.9331167460829364,5.952425730983546e-07,31.79348746751074,0.1963470319634703,0.003098481816821657,0.5525114155251142,0.008718983717102802,13.699334771236742
s489,2.5877376306010587,24.452135004056405,0.44683431902012866,46.30758310502715,5.948292473678585,1.997429906542056,0.0,0.0,0.4953271028037383,0.0,0.0,0.2897196261682243,0.018691588785046728,0.0,0.02336448598130841,0.0,0.14018691588785046,0.0,0.03271028037383177,3.0207192982220823,4.64542851132363,3.680598255921036,2.001320843662753,5.099437007374764,0.38268133442679364,0.06900956280029988,0.10744663778234459,0.10744663778234459,12.517544166069936,3.0794460662882557,7.085764301795685e-07,35.59095904103495,0.2064516129032258,0.0024461293094540444,0.43548387096774194,0.005159804012129625,14.932835237066534
s490,2.999879757360436,14.285298335036591,0.7962829845017286,29.64583417916195,2.685550041085117,2.3001036269430055,0.0,0.0,0.0,0.3626943005181347,0.09326424870466321,0.40932642487046633,0.0,0.0,0.0,0.025906735751295335,0.10880829015544041,0.0,0.0,2.437732329020102,3.4457064134855973,2.910299535264407,2.5620963283527205,4.496381667150054,0.7915534003045259,0.1470658508037246,0.33312043918208545,0.33312043918208545,8.889278988995851,2.0142721758211497,3.166304684043979e-10,13.789382640977589,0.09282700421940929,0.002659835649030509,0.2805907172995781,0.008039957757296766,15.60766329589518
s491,2.5597821385877046,27.482270337881783,0.40343036876208066,50.34567171141371,6.597252450260268,2.0155045871559634,0.0,0.0,0.43119266055045874,0.0,0.0,0.2798165137614679,0.0,0.11467889908256881,0.0,0.0,0.05963302752293578,0.0,0.11467889908256881,3.2072940837274846,4.841826234755806,3.927266925258831,1.9337341420929046,5.112358467429422,0.3658519406303822,0.07517714738533685,0.08666353667185236,0.08723557321754116,14.98177780521872,3.4548093679847263,8.903687930693769e-07,42.265730918458026,0.5377049180327869,0.005474755678716132,2.944262295081967,0.029977625606628575,11.97300274781819
s492,2.6860989421871175,17.705856807056314,0.3927422431585053,29.16926409880435,2.8536761426533825,2.6518677042801557,0.0,0.0,0.0,0.47470817120622566,0.0,0.1867704280155642,0.0,0.0,0.07003891050583658,0.13229571984435798,0.13618677042801555,0.0,0.0,2.8212877686696403,4.435607951686088,3.3639144333857254,2.3554623919066247,4.530875747668739,0.7683498701889145,0.13870372196249897,0.35571936449688185,0.3575817695466037,13.818090827037208,2.7132722466938395,1.0531475311007712e-07,28.67912506374982,2.1770833333333335,0.02296498782426441,14.973958333333334,0.15795296649464158,14.974768269994193
s493,2.7169587018776817,12.756572377683913,0.3978554541650485,22.205885250042375,1.8266371332881843,2.695914893617021,0.17872340425531916,0.0,0.0,0.574468085106383,0.0,0.13617021276595745,0.0,0.0,0.03404255319148936,0.0,0.07659574468085106,0.0,0.0,2.821480215964911,4.628803593755372,3.4873275610905226,2.2849990401714027,4.369208969708902,0.5320553873307698,0.07293082241724418,0.3459264778134246,0.3459264778134246,12.621095639122341,2.13436223988729,2.1593592436200213e-09,19.436617028727458,3.65,0.03896197676620589,31.21875,0.3332449896356138,11.452313889487815
s494,2.4470494669966354,25.49713544388241,0.2633313213061566,40.79541671021186,4.995870732569827,2.2624999999999997,0.0,0.0,0.625,0.0,0.0,0.08333333333333333,0.0,0.125,0.0,0.0,0.16666666666666666,0.0,0.0,3.4718574483488744,6.953979932264877,4.800335993997651,3.365460586525366,5.191086740209115,0.21134546317714814,0.05071699158883761,0.10018075896444,0.10018075896444,12.40484757411231,3.38609301747456,3.0710489203934484e-07,39.10351082718383,5.607142857142857,0.018326054932340095,29.928571428571427,0.09781677728217197,14.15926085373197
s495,2.4485816173861474,25.350507877883235,0.4824989226971748,48.80565068078453,18.727342267675123,1.9412135922330098,0.0,0.0,0.42718446601941745,0.0,0.0,0.3640776699029126,0.0,0.0,0.11650485436893204,0.0,0.0,0.0,0.09223300970873786,3.0515747152080293,4.206833864007896,3.597080470566979,2.1519359396405107,5.0803482604436265,0.3451749835701056,0.07146376652013439,0.09418551656164442,0.09418551656164442,13.496665463310391,3.1598885203575366,7.570909353874687e-06,36.00903961733947,0.096,0.0013787280506980543,0.3413333333333333,0.004902144180259749,13.009973918913605
s496,3.2059850818403497,14.129313528013622,0.6550279727390602,26.309756224577086,2.3312171081669346,2.525462962962963,0.0,0.0,0.0,0.38425925925925924,0.1527777777777778,0.3101851851851852,0.0,0.0,0.0,0.0,0.1527777777777778,0.0,0.0,2.564506963979514,3.6159023965793082,2.993385095340067,1.3592529612934408,4.5722821780968,0.7973913414368676,0.1319310805342874,0.3437939379856029,0.3437939379856029,8.866326303307723,2.094770546201504,2.7910729039303475e-07,16.005592726330566,0.48059701492537316,0.010550694750917015,1.964179104477612,0.0431202307211391,13.237503968535176
s497,2.324617920063432,24.550150148673964,0.41855969890671374,44.874454779953254,3.5260924478909117,2.1175784753363227,0.0,0.0,0.32286995515695066,0.08071748878923767,0.0,0.28699551569506726,0.0,0.16591928251121077,0.0,0.0,0.0,0.14349775784753363,0.0,2.8896347262966673,4.580253836396102,3.710511372366107,2.3831720657623108,5.8247994882859135,0.5498655077691899,0.07521242786041234,0.023280283826074864,0.07938935443405015,13.559112341693124,3.203512655649074,7.581328092009001e-07,38.919056538074614,0.83125,0.009717456755938018,3.715625,0.043436301063196625,12.22304921550061
s498,2.1438399573878995,12.88788382187558,0.423502353754662,23.70059990972037,1.8448306797800187,2.6029493087557602,0.2903225806451613,0.0,0.0,0.4930875576036866,0.0,0.16589861751152074,0.0,0.0,0.0,0.05069124423963134,0.0,0.0,0.0,2.9114209251598204,4.293492279116281,3.3779193412811144,2.2616903292544928,4.608195352154944,0.545816695653573,0.08456292199963898,0.30958745214094324,0.3113169909797195,12.496486621910172,2.111036904773817,2.274664545234961e-06,20.556170230906258,2.066666666666667,0.02660305971063963,23.68888888888889,0.3049339962531381,13.43175181198019
s499,2.617005308833518,26.349885068210085,0.3783877431753034,47.77255585537281,4.520758394507469,2.0626905829596414,0.03587443946188341,0.0,0.4663677130044843,0.0,0.0,0.21973094170403587,0.08071748878923767,0.0,0.0,0.0,0.11210762331838565,0.0,0.08520179372197309,3.167411870124935,4.987868762460194,4.023865963735551,3.0209149000680755,5.005666693823273,0.3630522198153403,0.07655092631379226,0.10383288770829367,0.10383288770829367,16.860797624621362,3.40700908302822,2.5660625686274224e-08,41.42498417000121,0.6326530612244898,0.0052756758731563255,2.6816326530612247,0.022362058378475522,11.50330934928207
s500,2.455694733602728,18.356747492997396,0.3103868634663826,28.984338146838027,2.998252773363403,2.7291111111111106,0.04814814814814815,0.0,0.0,0.5111111111111111,0.0,0.14814814814814814,0.0,0.0,0.17037037037037037,0.0,0.0,0.12222222222222222,0.0,3.047776913778739,5.263252605121337,3.5738495109213266,2.52513817918607,4.458452937244646,0.6313308137559444,0.16137621983971853,0.33396414011971914,0.3425273231997119,14.531563941024489,3.0458962386110553,5.702679025809471e-07,32.74832793290578,3.3,0.026632653147045045,18.31875,0.1478414893446762,13.222300596970806
s501,3.0431500594369685,18.269361644052708,0.3308317566117154,29.209099155461505,2.274992500011666,2.7363295880149807,0.0,0.0,0.0,0.50187265917603,0.0,0.12359550561797752,0.0,0.0,0.0,0.12359550561797752,0.250936329588015,0.0,0.0,2.863487236941121,5.430790286600497,3.6281041459884045,2.3780966237668366,4.781484336664472,0.787220022459268,0.14241896907090676,0.33790657442815675,0.33790657442815675,13.400593104987689,2.8682796887337108,5.974214747058362e-07,31.10769835363423,4.946969696969697,0.03346713655826184,26.666666666666668,0.18040477899706228,13.852752488859522
s502,2.0943336365277534,21.913064464559202,0.3527849328743384,40.80363727883434,5.616070760484531,2.143935185185185,0.27314814814814814,0.0,0.4722222222222222,0.0,0.0,0.18981481481481483,0.0,0.0,0.0,0.0,0.0,0.06481481481481481,0.0,3.181821967131906,5.068089049982718,3.923869640374677,2.97148943430238,5.329620913208355,0.2948898106776414,0.06603096699633776,0.10915186408398987,0.10915186408398987,13.412660986824095,3.0465988474816874,1.0418531285047088e-07,35.90789267352981,1.3707317073170733,0.011873518904943325,6.0634146341463415,0.05252236298521193,10.112646472580877
s503,2.709926233534667,14.390032365968944,0.7085151578092941,29.863185447655994,2.410715267426034,2.2901036269430053,0.09844559585492228,0.0,0.0,0.43005181347150256,0.0,0.3626943005181347,0.0,0.0,0.025906735751295335,0.0,0.031088082901554404,0.05181347150259067,0.0,2.3414627083101216,3.770911403649171,2.9838056030946647,2.2488011329023307,4.394194882538891,0.6551245028978782,0.1177230466793422,0.351034673068138,0.351034673068138,11.011855604285163,2.084931785404421,2.0229636497470614e-07,14.94818516616454,0.08333333333333333,0.0021003792260159194,0.13095238095238096,0.003300595926596445,15.012408024255713
s504,2.102379330895568,23.52188329742691,0.3644205382514205,40.32322850987476,6.0690274589038795,2.1308333333333334,0.0,0.0,0.5833333333333334,0.0,0.0,0.20833333333333334,0.041666666666666664,0.0,0.16666666666666666,0.0,0.0,0.0,0.0,3.3299437251975332,4.956586770532758,4.051611560466989,2.6777237938436516,5.012527350347186,0.29423830207979457,0.05919940870290156,0.11473900049074905,0.11473900049074905,12.451676429683266,3.0549256197631136,4.557388354027828e-07,36.60938031029886,0.8285714285714286,0.007338657599662966,5.1761904761904765,0.045845521901342785,13.437022339013545
s505,2.885403865882872,15.952111106362167,0.7380553362438086,34.50107750910887,2.304269821012274,2.1466666666666665,0.0,0.0,0.0967741935483871,0.3655913978494624,0.0,0.40860215053763443,0.0,0.0,0.0,0.0,0.12903225806451613,0.0,0.0,2.4996182563161713,3.633467084739879,2.966115306703751,2.4173597586979563,4.412772514607869,0.6949471153760335,0.154218337588925,0.31690167103459244,0.19225754859881586,9.504976579240214,2.194284662810992,3.705547078136075e-07,15.390274107747043,0.16267942583732056,0.004166919525707551,0.30861244019138756,0.0079048914531805,14.789604158551453
s506,1.9970055588374238,23.281675799917,0.3821787932646424,42.87708626484716,4.534373757047304,2.0586425339366516,0.06334841628959276,0.0,0.5429864253393665,0.0,0.0,0.22624434389140272,0.0,0.167420814479638,0.0,0.0,0.0,0.0,0.0,3.1597574399339514,5.044398454642081,3.821831175774059,3.046125283496715,4.9357363264940375,0.2937875535077176,0.06576295879304063,0.1173222741895151,0.1173222741895151,13.329301341150911,3.0074994424326476,5.438965261092775e-06,35.993095606924086,0.976,0.009484475324529524,4.484,0.043574167372121296,13.564108817064342
s507,2.658259797076787,16.10329085774585,0.26897831395970206,24.702954038322186,2.1582694974706067,2.8549829351535836,0.0,0.0,0.0,0.621160409556314,0.0,0.08532423208191127,0.0,0.04436860068259386,0.13651877133105803,0.0,0.08191126279863481,0.030716723549488054,0.0,2.7551059080470974,5.4634198413472195,3.61127035901818,2.536658642538411,4.436629842396287,0.6155763805932983,0.08839921960861119,0.3922239385968493,0.3922239385968493,11.981080463139795,2.7641261177005583,6.292153497344539e-07,27.196120089316466,9.5,0.05033630777328094,67.01,0.35505641935658483,14.163898302506198
s508,2.1488299019804225,20.47302266904112,0.4413374004632186,35.29304654140673,2.169749208222276,2.340735930735931,0.0,0.0,0.36796536796536794,0.04329004329004329,0.16883116883116883,0.27705627705627706,0.0,0.0,0.14285714285714285,0.0,0.0,0.0,0.0,2.766146723720541,4.682215681234312,3.419500292843049,2.512441826024299,6.1118888524366035,0.7351546795254289,0.11743846670074881,0.032922973751214765,0.1008194377467339,11.494781601441836,2.7893994230814836,1.5109081099043272e-06,28.70150272022486,0.359375,0.004863331671959842,1.196875,0.01619700895965756,13.887952745087313
s509,2.7861272402295834,21.67615493882239,0.3616103358452328,37.159122752267,2.7387530166690133,2.33175,0.0,0.0,0.38333333333333336,0.2,0.0,0.16666666666666666,0.0,0.025,0.0,0.0,0.225,0.0,0.0,3.1101258388808937,5.400882516004808,3.9715574554257107,2.4216831623750634,4.761803504534792,0.6823764045809153,0.18984547228148665,0.16114190153631416,0.1566252143370855,12.49111214826108,2.91075803067332,4.334641132590763e-08,34.28161091968642,1.7444444444444445,0.01341292962526386,10.605555555555556,0.08154548616123793,13.435752515544099
s510,2.0710051498536832,19.729055631074516,0.33861661344290345,33.525598030427325,2.11671467365541,2.4174485596707815,0.0,0.0,0.2757201646090535,0.31275720164609055,0.0,0.15637860082304528,0.0,0.2551440329218107,0.0,0.0,0.0,0.0,0.0,2.953245552190867,5.603983989951299,4.0001396835205965,2.4360673694230397,4.874840837627766,0.573235193043082,0.15903986364829267,0.15503931561308792,0.14970013105611435,14.003197657576647,2.8329209067897154,2.1643784498760808e-07,35.61039834504912,3.205263157894737,0.0254059077775501,19.647368421052633,0.15573112271526193,10.921060686659187
s511,2.124615468119581,13.437959869559373,0.44082089663364393,25.329959754125227,1.6525337576247876,2.533380281690141,0.23943661971830985,0.0,0.03755868544600939,0.49295774647887325,0.0,0.17370892018779344,0.056338028169014086,0.0,0.0,0.0,0.0,0.0,0.0,2.731973761426054,4.391182477928659,3.3806647761755344,2.2736692713608813,4.512122002861668,0.6137995651499335,0.08144099657691574,0.3436689279933076,0.22704524069003199,11.71605650994323,2.0457637562199595,1.781054546601492e-07,20.688956721661217,3.151351351351351,0.04073667771665519,35.34594594594594,0.45690760821476556,15.257754474397213
s512,2.7133534061923,23.833432593413832,0.3208347433465392,39.56661358645172,3.6727669534586784,2.2772047244094487,0.0,0.0,0.5236220472440944,0.07874015748031496,0.0,0.1377952755905512,0.0,0.0,0.027559055118110236,0.0,0.23228346456692914,0.0,0.0,3.0194959057333617,5.722739299521509,3.9891766209369175,2.4240900766125675,4.686795830014168,0.7160909498434684,0.20958071765392963,0.1321971875183778,0.15016148111064867,12.92226552595513,3.05747323268891,8.156519567654226e-09,36.279090043438124,2.4214285714285713,0.013999721442350656,12.964285714285714,0.07495426081966503,14.322731557236924
s513,2.3937476653210066,24.931863812357484,0.45567393793212607,47.823847858249316,7.378686316636301,2.0208056872037914,0.08530805687203792,0.0,0.33649289099526064,0.0,0.0,0.3412322274881517,0.0,0.0,0.052132701421800945,0.0,0.0,0.1848341232227488,0.0,3.080017641859409,4.347369959619121,3.664439540024259,2.85758694086395,5.100198253130891,0.3593067168237279,0.0779479815334937,0.08343268632986235,0.08508715886331572,13.858804224852797,3.1687154243546996,1.2608294021986076e-06,37.118291850597124,0.25277777777777777,0.0034596661051815715,0.775,0.01060710816863361,11.865023471682115
s514,2.663520563747994,15.381300674588472,0.8133574001197942,34.85130152849795,1.8939214609760988,2.091284916201117,0.0,0.0,0.0,0.3743016759776536,0.0,0.44692737430167595,0.0782122905027933,0.0335195530726257,0.0,0.0,0.0,0.0670391061452514,0.0,2.404739205843739,3.779972040772697,2.8668523590685875,2.549754836998279,4.449614271603701,0.7256344676039211,0.14933067795434424,0.32764132982143473,0.33109018592481826,10.990431851595837,2.153289168249861,2.618339792006644e-06,11.58316049082158,0.12708333333333333,0.003692601925271895,0.25833333333333336,0.007506272766126475,16.06187443993781
s515,2.8119534010919587,26.920805518080368,0.28088760744635055,42.97598471259818,5.325100347644062,2.281622641509434,0.0,0.0,0.5509433962264151,0.0,0.0,0.10566037735849057,0.0,0.0,0.0,0.0,0.2679245283018868,0.07547169811320754,0.0,3.4815725637124197,7.519937512881967,4.380062593694139,3.1402621931090198,5.60732686742885,0.26097999237263403,0.06649939326649751,0.1017223714387142,0.1017223714387142,13.010476561059738,3.476499793100488,2.535361291814878e-06,41.14061121053516,4.107142857142857,0.016119958366754242,23.151785714285715,0.09086750444563857,15.243889707159687
s516,2.5471663733069634,14.206419845766778,0.5842375669785554,27.109498421279692,1.9269331426428389,2.431201923076923,0.07692307692307693,0.0,0.0,0.4807692307692308,0.0,0.27403846153846156,0.0,0.125,0.0,0.0,0.0,0.04326923076923077,0.0,2.3539511119113254,3.8901395929560305,3.101658333847552,2.2945570499337746,4.459413145398422,0.6579743313068526,0.09818273294021557,0.35490350016300304,0.35490350016300304,10.899060601586887,2.1562919184133276,1.3624531480050214e-06,18.488214136438806,0.42105263157894735,0.008122005166488007,1.3473684210526315,0.025990416532761622,15.850210887363284
s517,2.5109550864670456,16.255125876241443,0.7526822117664043,36.07845011556027,2.4651489044685704,2.0658241758241758,0.0,0.0,0.13186813186813187,0.31868131868131866,0.0,0.4340659340659341,0.03296703296703297,0.0,0.038461538461538464,0.0,0.04395604395604396,0.0,0.0,2.5191414659405234,3.607940669743032,2.9669194394853737,2.3773189646950716,4.377421082329059,0.6567481704049541,0.17501626817724916,0.2757978219238481,0.18347319529736936,9.286541028966154,2.2774151978209964,2.555675960803554e-06,13.967345284252612,0.12236286919831224,0.0032674956513984365,0.3037974683544304,0.008112402996575428,15.179400750740367
s518,2.6988839522593246,24.755108701499736,0.3225462089830267,41.14922042434723,2.6896908718704475,2.2662151394422314,0.0,0.0,0.549800796812749,0.0,0.05179282868525897,0.14741035856573706,0.0,0.0,0.0,0.0,0.250996015936255,0.0,0.0,3.1922950102434196,5.607830320122673,3.9740068384478913,3.150403529780801,5.222417961823318,0.3175997206957723,0.0632419762722125,0.10899230382778975,0.10899230382778975,11.902053377169466,3.184533997170372,3.705372570632026e-07,36.6321851455834,2.9594594594594597,0.017622826275582135,16.93243243243243,0.10082831654476901,15.49607729097999
s519,2.3091359975705985,14.46519036508301,0.304871600173585,23.305028921522634,1.3601841072215595,2.766666666666666,0.0,0.0,0.0,0.6206896551724138,0.0,0.09195402298850575,0.0,0.28735632183908044,0.0,0.0,0.0,0.0,0.0,2.7928118095799706,4.813558229884421,3.4608519749532882,2.7009536288513,4.181478627941926,0.5599855392586659,0.07663427144344398,0.3509399030697014,0.3509399030697014,13.071045935442921,2.2716549656005407,1.147975651037573e-07,23.054914247100953,14.510416666666666,0.09224152286030465,156.27083333333334,0.9934008082916658,12.290844482625461
s520,1.9383372085066206,16.26421181834966,0.39984885333477155,31.049858925940267,2.23568016261152,2.3939999999999997,0.2857142857142857,0.0,0.19523809523809524,0.32857142857142857,0.0,0.19047619047619047,0.0,0.0,0.0,0.0,0.0,0.0,0.0,3.0252336279431105,4.7231228320339556,3.6032518396905937,2.2339623900945482,4.299289057401158,0.7791720615335054,0.16539602569327103,0.19087131692609116,0.15592181983408773,12.350783262463555,2.4392483573013766,1.3240879670229684e-06,26.41482430714219,2.11,0.024710989157883664,16.77,0.196399662643464,11.574537517443156
s521,2.057533541223055,23.419101117443653,0.37523602335771483,43.96217227309596,1.6957505327017874,2.012336448598131,0.0,0.0,0.5327102803738317,0.0,0.0,0.16822429906542055,0.29906542056074764,0.0,0.0,0.0,0.0,0.0,0.0,3.412616473039458,5.2692656920240415,4.091136399264067,3.300432604580781,5.1204583353345825,0.341989379166592,0.06539922967360264,0.10595587060192038,0.10595587060192038,13.073160401271483,3.0495647058946505,9.61970677546398e-07,36.705192965920524,1.8722222222222222,0.013448563608337873,11.938888888888888,0.08575953470124062,12.3656512213666
s522,2.3084215607195717,23.712558160790657,0.36788863442403436,39.010982780655546,2.650917898282077,2.3716470588235294,0.0196078431372549,0.0,0.34901960784313724,0.0,0.14901960784313725,0.23921568627450981,0.0,0.0,0.12549019607843137,0.0,0.00784313725490196,0.10980392156862745,0.0,2.911937213224201,4.97738939738147,3.748990981804513,2.025314675528774,5.277946032141019,0.3613775739763476,0.07945925855618155,0.09340215530717669,0.09656833006335216,12.434730103019923,3.239784208907972,3.6105387103913213e-08,35.28963557356581,1.0204918032786885,0.01029486761417749,4.540983606557377,0.04581009364059702,11.816625587530124
s523,2.6774053478724005,18.03968279968016,0.5799204088748705,36.07936559936036,2.685177493255684,2.186818181818182,0.020202020202020204,0.0,0.21212121212121213,0.2878787878787879,0.0,0.3333333333333333,0.0,0.0,0.020202020202020204,0.0,0.12626262626262627,0.0,0.0,2.6777892573389614,4.004723982053985,3.1999111513294136,2.3195869258273105,4.324792163092225,0.7574464427586934,0.19014247005670173,0.2814031583726941,0.1923384454033602,11.952115644705554,2.398199143348831,1.2682576371889017e-09,22.85181886160791,0.26515151515151514,0.004899411999938564,0.6338383838383839,0.011711927733186472,15.162479522187061
s524,2.5587812511000294,13.2684858200963,0.6020038615242248,25.676977188890046,1.0882585744304822,2.4124401913875597,0.0,0.0,0.0,0.5167464114832536,0.0,0.22488038277511962,0.22488038277511962,0.03349282296650718,0.0,0.0,0.0,0.0,0.0,2.4452067257130046,3.9352684020355904,3.0883521557787907,2.4683744011478086,4.246565289951913,0.5495537821961798,0.08548418666447709,0.35034804602674796,0.35034804602674796,9.170930497474613,1.917717905046667,7.047777757152764e-08,14.848285071610578,1.4340425531914893,0.024304810861618845,7.812765957446809,0.13241434048051098,13.047506369395812
s525,2.2827008489084353,23.80786764135361,0.36663221915304195,42.51404935956002,3.0618111096966536,2.085288888888889,0.0,0.0,0.56,0.0,0.0,0.18222222222222223,0.13777777777777778,0.0,0.044444444444444446,0.0,0.07555555555555556,0.0,0.0,3.2499355642329335,5.379384358620151,4.069816833199227,3.0440137395100395,5.1802058740874,0.28152417190191403,0.06429989574807159,0.11420846122610132,0.11420846122610132,12.847254330649506,3.093597829781034,4.0686295883059505e-06,36.52885924358831,1.2439024390243902,0.009520662248346547,5.15609756097561,0.039464078417656076,14.26078068958011
s526,2.706291899479183,17.3733407085302,0.7065942154505702,37.84906368644083,1.9170855272806022,2.1072677595628413,0.0,0.0,0.0,0.3333333333333333,0.0,0.41530054644808745,0.12568306010928962,0.0,0.0,0.0,0.0,0.12568306010928962,0.0,2.4215696783290475,3.8813222991067495,3.001320059024241,2.622614468016353,4.384452246765337,0.7639465720290026,0.18014629014796052,0.29548623803561286,0.3083334657762917,11.340198530867289,2.3724346682655777,2.0821843702379337e-06,17.66131479037378,0.07236842105263158,0.0017299289361191483,0.10087719298245613,0.0024114160927721463,14.142646745324033
s527,2.7213612380357732,17.181032934333945,0.5844700009232577,34.53561165588338,1.2896975572646976,2.2673366834170854,0.0,0.0,0.0,0.4271356783919598,0.0,0.2914572864321608,0.21105527638190955,0.0,0.0,0.0,0.0,0.0,0.07035175879396985,2.578520259288221,4.291669324868573,3.2031673926738877,2.538511223597468,4.462326803864791,0.8013575697156076,0.15166368736153263,0.33105490948164307,0.33884443676356407,15.759514277364913,2.422145767933518,9.760222924298085e-07,24.553296210498978,0.7816091954022989,0.013259138493771236,4.212643678160919,0.07146285673481115,12.305398107667777
s528,2.3074167288798835,31.997864197939492,0.24190626401104653,51.04421193480824,2.140414659176364,2.2759701492537316,0.0,0.0,0.3208955223880597,0.0,0.0,0.08582089552238806,0.2873134328358209,0.0,0.0,0.0,0.0,0.30597014925373134,0.0,3.931240162627433,7.837055127699212,5.233176303224412,3.501421648742277,4.816879697596391,0.31597596789735494,0.07618897553553905,0.05924723412252579,0.06194029021900425,15.479247346798989,4.058505718119254,2.6764480104681194e-07,47.087860846480204,13.293478260869565,0.035654198727072844,88.52173913043478,0.23742256290538122,11.311657281324566
s529,2.440279614714832,12.711800666008221,0.8213041862178455,27.844896696970427,1.8575328139534613,2.2473369565217394,0.11413043478260869,0.0,0.0,0.45652173913043476,0.0,0.391304347826087,0.0,0.010869565217391304,0.02717391304347826,0.0,0.0,0.0,0.0,2.491439887403958,3.220585212397047,2.855377823787064,2.323072830274084,4.4257217757858225,0.5880424737491727,0.09877051875834339,0.3639334894486173,0.3639334894486173,8.558211415333036,1.8614730277777225,3.8416028844443327e-07,8.974884092998341,0.18287037037037038,0.00562925527976859,0.9398148148148148,0.028930096754253766,14.561023555578485
s530,2.4189084845070963,15.272031384989074,0.6338063166922822,27.871457277605053,3.993186734532916,2.47986301369863,0.0,0.0,0.0,0.3242009132420091,0.1278538812785388,0.3470319634703196,0.0,0.0,0.1050228310502283,0.0958904109589041,0.0,0.0,0.0,2.53896241763569,3.6391299229607785,3.0878809818091466,2.4315290373464027,4.567081302873926,0.6892535763178049,0.1505203513983093,0.33504910661594695,0.34042422597342203,9.776679944252205,2.2697435696423955,3.1309882313121153e-07,20.34553707536467,0.17894736842105263,0.0040662866029756405,0.4631578947368421,0.010524506501819304,15.740943327720643
s531,1.9861343436387673,24.87417225084676,0.29107729209174965,41.857227787631814,3.1890050462505606,2.1658196721311476,0.0,0.0,0.5942622950819673,0.0,0.0,0.12295081967213115,0.06557377049180328,0.21721311475409835,0.0,0.0,0.0,0.0,0.0,3.1778995479425314,5.57825422199215,4.323088488863492,3.499103463620559,5.077763682728606,0.32716338042084775,0.06373089022504146,0.11925952322517408,0.11925952322517408,13.178661280725146,3.251758928732999,1.1966714518487856e-05,38.82787714834223,4.866666666666666,0.024055500207341988,29.073333333333334,0.14370689918386084,10.625236113541236
s532,1.9968901918566846,24.877236856541924,0.2750885026309381,39.597495351537106,11.041977351038085,2.261375464684015,0.03345724907063197,0.0,0.6282527881040892,0.0,0.0,0.13382899628252787,0.0,0.0,0.20446096654275092,0.0,0.0,0.0,0.0,3.2579521224284598,5.549556157319764,4.320502033589629,3.020918626166829,5.008029569726548,0.2549317303505578,0.05240138941040223,0.10989748243919559,0.10989748243919559,11.539696437875504,3.2396865998734756,2.69005038747751e-07,37.17323364988895,3.548611111111111,0.01909002458495068,22.57638888888889,0.12145140885650617,12.67945756288998
s533,2.023049018799177,15.084654582852362,0.5036135893974071,30.169309165704718,2.083271580063771,2.3593,0.25,0.0,0.12,0.38,0.0,0.25,0.0,0.0,0.0,0.0,0.0,0.0,0.0,2.7823528588036415,3.9145432681371624,3.2979000408045747,2.28512772672238,4.387390081297077,0.7694336635693414,0.15215286915311338,0.27003610968182334,0.18042661305005028,11.189628610939316,2.247649734858202,4.262177967520806e-07,21.320656785024415,0.976,0.01617537867107475,4.716,0.07815889939834889,14.385916239205427
s534,2.4265898757733355,14.150192702909305,0.5862124521923939,26.041110940648203,1.5385641496879652,2.5537899543378995,0.0,0.0,0.0,0.3150684931506849,0.228310502283105,0.2557077625570776,0.2009132420091324,0.0,0.0,0.0,0.0,0.0,0.0,2.6733223234724357,3.8758737974026642,3.1289231335191636,2.5707250099018757,4.704928436125321,0.6441375370039097,0.1595026584586078,0.2899120142773693,0.2962604525462168,10.157951173338999,2.1327696297397236,7.555083980919914e-11,19.303881543234763,1.5035714285714286,0.02717099999392237,7.928571428571429,0.14327700709384242,15.522228503095246
s535,1.8267357503538708,23.811216647003707,0.26787504478101676,40.18142809181871,4.565594148191805,2.3074897119341564,0.24279835390946503,0.0,0.448559670781893,0.0,0.0,0.12757201646090535,0.0,0.0,0.037037037037037035,0.1440329218106996,0.0,0.0,0.0,3.136034530608673,5.810031360191641,4.151460788814993,2.9869641467385204,5.589644104239192,0.4257856134053851,0.07193732939794246,0.10946432273093899,0.10946432273093899,13.281982743554911,3.2067264895530667,3.0231110642209624e-08,36.08239607268588,5.103225806451613,0.02734126593511488,31.29032258064516,0.16764240175133652,11.041714630679644
s536,2.5405305809519727,22.114587108290852,0.38596111240035835,39.948931550460856,2.984959177895085,2.1909375,0.049107142857142856,0.0,0.44642857142857145,0.10714285714285714,0.0,0.19642857142857142,0.04017857142857143,0.0,0.0,0.0,0.16071428571428573,0.0,0.0,3.0101584239319745,5.018728928624652,3.8490292195688904,2.2815114926602873,4.728728379942424,0.8677065450212611,0.1670365030265557,0.08311602256633266,0.13705495047418936,12.065457032528608,2.9018147297595758,1.2491400095257802e-07,34.52595010360679,0.9545454545454546,0.00847856661676969,4.9772727272727275,0.04420966878744196,12.998804728334209
s537,2.1057041028189944,15.123436439234995,0.3747070675619972,26.05205109240482,2.496789872447547,2.6491525423728812,0.1906779661016949,0.0,0.0,0.4745762711864407,0.0,0.1652542372881356,0.0,0.0,0.0635593220338983,0.1059322033898305,0.0,0.0,0.0,2.721066614266263,5.060801437543308,3.45367321325109,2.2688333135135537,4.518865227044427,0.7195041361123714,0.15465676266099931,0.29208115295808906,0.3095425262327574,11.491442964708567,2.546875317856397,1.464099356499033e-06,27.465617332716555,2.9025641025641025,0.031716403799916755,28.107692307692307,0.3071335852073211,12.754991069621912
s538,1.7658328928997655,23.762807326255857,0.3175605727618639,41.8590990593276,3.621462024876236,2.3,0.24017467248908297,0.0,0.30131004366812225,0.043668122270742356,0.0,0.19213973799126638,0.0,0.0,0.0,0.22270742358078602,0.0,0.0,0.0,3.107517749884547,5.736447340966133,3.789093519969293,2.243659208969031,6.564931067877529,0.5604675287831722,0.060734618491643695,0.012510460737526785,0.07656315573012419,13.344998989143525,3.1270429490151663,3.351313118694585e-06,36.413857680063884,3.0272727272727273,0.024477721872684842,19.936363636363637,0.1612001323327263,10.540233004463598
s539,2.0046479521351053,24.30176479197519,0.2818483036819995,38.430697810565405,5.136971809327665,2.319191176470588,0.0,0.0,0.5588235294117647,0.07352941176470588,0.0,0.14338235294117646,0.0,0.0,0.22426470588235295,0.0,0.0,0.0,0.0,3.0845693679877098,5.349444767794685,4.087428364075262,2.4772295222231953,5.525939882697041,0.7150597036139553,0.1396378804858786,0.051581550227741135,0.10735186292712448,12.633246146699358,3.192995977010965,5.365183510719007e-10,35.597702715795045,3.769230769230769,0.022238762538309576,24.102564102564102,0.14220705296606123,13.427607748574605
s540,2.239571880485662,13.73733062601648,0.3239227382348901,23.0193107787303,1.5791894992108237,2.7320161290322584,0.10483870967741936,0.0,0.0,0.5967741935483871,0.0,0.10483870967741936,0.0,0.1935483870967742,0.0,0.0,0.0,0.0,0.0,2.7278042213721134,5.188045460360872,3.5599161155707106,2.320646025824336,4.236368211879798,0.6025055385065938,0.07644453306598363,0.34686726360194986,0.34686726360194986,11.728796742216778,2.1673715229716306,1.4233633599774793e-05,21.52331602621692,11.05982905982906,0.08440491384034877,133.4957264957265,1.018794705774658,12.730124108982965
s541,1.687278006689108,28.772401751748408,0.20363364050737418,43.83648643852771,3.54306575193947,2.460549828178694,0.12027491408934708,0.0,0.35051546391752575,0.0,0.0,0.08247422680412371,0.0,0.140893470790378,0.0,0.30584192439862545,0.0,0.0,0.0,3.210341363346712,7.135946867691621,4.527090497942875,2.97668709461191,5.345612185751192,0.29613015266359544,0.07356001131856023,0.10875013796386164,0.10875013796386164,13.397079386958175,3.52655400660346,6.769883063848809e-07,40.154369055516796,14.3125,0.04102585461299872,86.40625,0.24767792140816913,8.999770868235213
s542,1.9998732609748069,22.993771772551362,0.3932297163090282,40.957655969857115,1.795173377049185,2.190877192982456,0.0,0.0,0.45614035087719296,0.0,0.10526315789473684,0.24561403508771928,0.0,0.19298245614035087,0.0,0.0,0.0,0.0,0.0,3.128343691549526,4.857501684484349,3.8030877903155678,3.10222008581625,5.055669684153619,0.36807663932106655,0.07400221746881955,0.11749621384622369,0.11749621384622369,12.29215660931829,3.020423877269674,6.083251578028584e-08,35.27926203241433,0.8333333333333334,0.008901469693520774,3.9325396825396823,0.04200645936323375,13.371925959201599
s543,2.0445743293548246,21.398128031869028,0.3461724661087981,36.467232279664096,1.1790027863720283,2.4019834710743804,0.0,0.0,0.35537190082644626,0.0,0.23140495867768596,0.1487603305785124,0.2644628099173554,0.0,0.0,0.0,0.0,0.0,0.0,3.2077932377156224,5.571724567241875,3.977308017416476,3.337663483696007,5.169408939235417,0.3739317467341677,0.07627407020881828,0.09965823801993634,0.09965823801993634,14.346983391434604,3.033385450865537,2.501295079248182e-07,34.73001541711525,2.9444444444444446,0.020469852702688095,17.308641975308642,0.12033011945144113,11.006499633178233
s544,2.4487368932633027,13.832873463637869,0.4171865388548976,23.307444329143255,1.5358711456147043,2.6716260162601624,0.0,0.0,0.0,0.5934959349593496,0.0,0.15040650406504066,0.12195121951219512,0.0,0.13414634146341464,0.0,0.0,0.0,0.0,2.7523181318786962,5.4047047620858,3.377618498366493,2.4206313131448085,4.463385780211903,0.6065481894339849,0.08308842609416459,0.35804377291497835,0.35804377291497835,10.37232263553084,2.238256834810354,1.304784102489268e-06,22.939180785330706,3.848648648648649,0.04184682164118149,26.91891891891892,0.2926926569846683,13.51985258134503
s545,2.5278828805077356,18.482705777276927,0.361134764715502,29.639948898925795,3.22402996232758,2.6696958174904943,0.0,0.0,0.0,0.49809885931558934,0.0,0.19011406844106463,0.0,0.0,0.18631178707224336,0.0,0.0,0.12547528517110265,0.0,2.8180037938343783,4.727391266809656,3.479523729083995,2.459840861021631,4.426238793707966,0.7022326071369464,0.1573201229788246,0.3481753860110951,0.35894369691865474,13.940372240031328,2.9047935164667216,4.517662898968325e-07,31.50420716118854,1.715,0.017640578782424494,8.33,0.08568281122891896,12.202757914335658
s546,2.0911015020477834,22.060422760218394,0.5980733648558877,48.96337734585053,3.747885476825399,1.786923076923077,0.0,0.0,0.45054945054945056,0.0,0.0,0.4340659340659341,0.054945054945054944,0.0,0.06043956043956044,0.0,0.0,0.0,0.0,2.7076678220274015,3.965737058698293,3.2478911531378096,2.907014857235848,4.92678648224386,0.3101986892335856,0.06659432164674295,0.09905227232987614,0.09905227232987614,13.128780597222121,2.7648620230406524,1.848868580147063e-07,24.195863354062723,0.08016877637130802,0.0015774192170644663,0.25316455696202533,0.004981323843361473,13.915295580525886
s547,2.31028038411104,30.092558063392886,0.2661157088529927,49.507111652678624,2.3783215452877786,2.2370980392156863,0.03137254901960784,0.0,0.3411764705882353,0.0,0.0,0.11372549019607843,0.24705882352941178,0.0,0.0,0.0,0.0,0.26666666666666666,0.0,3.276046965448743,6.078139183723702,4.826299701051228,3.258868584964836,5.564586271312597,0.3023859780754881,0.07175828314130453,0.07352945752236018,0.07481944800520858,15.26108859520313,3.8207287765909204,4.546636301692317e-08,44.75921295002957,7.9655172413793105,0.03010320196218771,51.991379310344826,0.19648529332679013,10.561220538035796
s548,2.0041283727561505,20.501698803591456,0.3313636437887958,32.583057027136405,3.045408556651616,2.643183520599251,0.0,0.0,0.0,0.3782771535580524,0.0,0.1760299625468165,0.07116104868913857,0.0,0.12359550561797752,0.250936329588015,0.0,0.0,0.0,2.785977765093061,5.356826756256286,3.553666782528179,2.4002441254087516,4.425287744720768,0.8845433669158387,0.19238741371565413,0.2846002518983264,0.3165967299223985,15.005942606730793,3.0735523693399007,1.7397231694791612e-06,33.777674864645945,3.2872340425531914,0.028224572555513854,20.56382978723404,0.1765634263747841,12.358683791918587
s549,2.388546540029875,14.934607657767872,0.8178152087302025,34.84741786812502,1.3796685960717125,2.053714285714286,0.0,0.0,0.05714285714285714,0.37142857142857144,0.0,0.42857142857142855,0.14285714285714285,0.0,0.0,0.0,0.0,0.0,0.0,2.4797124517255655,3.393788449366224,2.8745952160850607,2.5290763820099014,4.445993220114323,0.6737502926852078,0.15328005915457651,0.3151707696257043,0.20395347473312966,8.367512974891953,2.1214080710512935,8.525500934207078e-07,9.142832877921865,0.3425287356321839,0.009829386410448946,1.089655172413793,0.03126932321176376,14.774250923891591
s550,2.4951876551482144,13.563199513364141,0.7815131696648362,28.63342119487983,1.9429187882474632,2.2531052631578947,0.03684210526315789,0.0,0.0,0.4421052631578947,0.0,0.38421052631578945,0.0,0.10526315789473684,0.0,0.031578947368421054,0.0,0.0,0.0,2.397728001462185,3.4360222052960383,2.8904374805132416,2.311590168497058,4.390836913615074,0.646658415370964,0.11528615816502562,0.3542747578603176,0.3542747578603176,9.159808280450498,1.969450757901236,8.767220963197922e-08,11.03142698451208,0.04337899543378995,0.0012288152696009978,0.04794520547945205,0.0013581642453484714,16.669026119158005
s551,1.7666948286763051,29.155971874016192,0.22417624668627686,44.34137389173293,3.2215908791748986,2.391815068493151,0.0,0.0,0.4143835616438356,0.0,0.0,0.09931506849315068,0.0,0.24315068493150685,0.0,0.24315068493150685,0.0,0.0,0.0,3.3015374194956806,7.452539125533095,4.404238116126138,3.155626721856402,5.136162657034642,0.3001192982353802,0.07234448261710885,0.0913594270625847,0.0913594270625847,15.970049567153898,3.638977912923519,2.606303566007239e-06,42.241626985822215,10.698275862068966,0.036441933906065434,66.42241379310344,0.22625713194700575,10.565240837541669
s552,2.003423222001025,16.839257665717355,0.5136113647860996,34.56479205068299,2.4366009086788183,2.219333333333333,0.23076923076923078,0.0,0.2205128205128205,0.26666666666666666,0.0,0.28205128205128205,0.0,0.0,0.0,0.0,0.0,0.0,0.0,2.688025787107699,4.1667456529641225,3.3389943643173656,2.2464321084618244,4.481383968901825,0.6771430901889987,0.17740033263636512,0.18346884638428249,0.1577897290336879,11.703403252726035,2.391819899176621,5.196954725074599e-07,22.3491532835388,0.6393939393939394,0.010709609884349838,3.712121212121212,0.062176645063168494,13.517404415390343
s553,2.66667277927212,22.982625448964303,0.4327100044868979,42.65419468917951,3.4388427813439812,2.1037899543378993,0.0,0.0,0.4657534246575342,0.0730593607305936,0.0,0.2557077625570776,0.0,0.0,0.0,0.0,0.2054794520547945,0.0,0.0,2.8468147390049476,4.72320720250981,3.662268670474238,2.501552477732666,6.02821677321471,0.716854204242693,0.14096476220188117,0.04622434461486238,0.10350149310188919,12.319395714170854,2.9027714874791255,5.591027954148786e-08,34.220281030673206,0.7857142857142857,0.008741962159862221,5.089285714285714,0.05662407308092575,12.805138372581295
s554,2.2794861239925077,27.863439532533302,0.3270001605334995,47.007707510668475,4.314783958359001,2.1701612903225804,0.0,0.0,0.40725806451612906,0.0,0.0,0.20967741935483872,0.0,0.1975806451612903,0.0,0.0,0.0,0.18548387096774194,0.0,3.078330202100663,5.610833579124882,3.8919713281222585,2.874073208975874,5.312054338474599,0.33752280472489005,0.0741553264779943,0.08788109805835785,0.0892542402155197,15.057115271355231,3.4990550119525925,1.0828563334763038e-09,42.14234413636411,2.65,0.019941729040363152,14.965384615384615,0.11261722452257332,11.054009359920919
s555,3.336338450599001,15.544190027987964,0.3864634444290908,25.770630835874794,1.9149692503345817,2.714206349206349,0.023809523809523808,0.0,0.0,0.5555555555555556,0.0,0.1349206349206349,0.0,0.0,0.0,0.047619047619047616,0.23809523809523808,0.0,0.0,3.012513129298113,5.000572435656645,3.54267889118591,2.5881650641886207,4.921729781938007,0.6479624423927397,0.09921760101982856,0.36520741277447116,0.36520741277447116,11.480599730921664,2.506117801534655,4.887944640337071e-06,25.313182175013903,4.551470588235294,0.03950590545288055,34.81617647058823,0.30219783896508795,11.381844079192343
s556,3.1831083581185315,21.218857355275784,0.5242770141647634,40.66947659761191,2.385506702801967,2.2536714975845413,0.0,0.0,0.03864734299516908,0.34782608695652173,0.0,0.3188405797101449,0.04830917874396135,0.0,0.0,0.0,0.1111111111111111,0.0,0.13526570048309178,2.713534147959858,4.259079689749245,3.4277155675910183,2.410375764945343,4.405241653354115,0.7265337735568022,0.18881736382500236,0.25021630076558243,0.1920962159528048,13.874694418052853,2.864641083853707,7.570059049103938e-08,33.115694902477095,0.3515151515151515,0.005281966545579508,1.206060606060606,0.018122609354660726,11.485681696173017
s557,2.923696933190012,14.388952882550305,0.4836907258060206,24.711462559162516,1.8713106563620565,2.682616033755274,0.0,0.0,0.0,0.4219409282700422,0.16033755274261605,0.1940928270042194,0.08438818565400844,0.029535864978902954,0.0,0.0,0.10970464135021098,0.0,0.0,2.718470641875608,4.409460418179082,3.2975911208881135,2.5412389758253346,4.608913931553488,0.615040152769874,0.10781179500032267,0.33989832445700435,0.33989832445700435,10.310655929173649,2.2463910141432626,6.167347087313395e-08,20.74315386469887,2.5521739130434784,0.03442631676066974,16.88695652173913,0.22778844003141616,13.350884801676195
s558,2.9328505114986787,26.706013311020026,0.47275361792913045,51.68108131484436,4.87931574861575,2.005023923444976,0.0,0.0,0.291866028708134,0.07655502392344497,0.0,0.3492822966507177,0.0,0.0,0.0,0.0,0.1339712918660287,0.0,0.14832535885167464,3.0266400617791387,4.483211754697873,3.6517416060893586,2.4643371879846154,6.215308278420217,0.7042752421127554,0.1315929499221996,0.04186705195084493,0.08103878271018129,14.729281178850528,3.274554423570429,1.0162574599332813e-06,39.32372548350634,0.13150684931506848,0.0017199502531182011,0.4383561643835616,0.005733167510394004,12.007321545537403
s559,2.1478845041249084,21.0321061180393,0.5167836942328851,39.97994946762429,2.000224702677173,2.104739336492891,0.0,0.0,0.41232227488151657,0.0,0.11374407582938388,0.3459715639810427,0.023696682464454975,0.0,0.10426540284360189,0.0,0.0,0.0,0.0,2.883823368760637,4.243897821443469,3.4051458852676797,2.7350173021482655,4.949084406106945,0.4024319298260363,0.07019795128701455,0.10871845217028027,0.10871845217028027,11.608257182874194,2.754389471679172,3.227451695791194e-08,28.53766309267517,0.15342465753424658,0.002523787604649434,0.7178082191780822,0.011807720578895566,13.287087643425968
s560,2.5659941152353434,23.97589759556867,0.35572142035593735,40.860332522025466,6.957347291129116,2.1599999999999997,0.0,0.0,0.5867768595041323,0.0,0.0,0.18181818181818182,0.0,0.0,0.06611570247933884,0.0,0.1652892561983471,0.0,0.0,3.461330633816513,5.4237000568046625,4.0235861409025135,2.02628379074735,5.102935040462091,0.25601320119603355,0.056340513098337645,0.11237943617476137,0.11237943617476137,12.61780780288012,3.0892249514060146,5.3826183634339356e-06,36.27698472776606,0.5505050505050505,0.00417468530492281,1.6464646464646464,0.012485756049585654,15.236080336618517
s561,2.6439690433752534,12.512510156831036,0.3871627139528176,22.190154731255046,1.7059101192415769,2.6853744493392067,0.23348017621145375,0.0,0.0,0.5638766519823789,0.0,0.1277533039647577,0.0,0.0,0.0,0.0,0.07488986784140969,0.0,0.0,2.854718477338047,5.470062673105454,3.5381685092527717,2.2559660197327362,4.3259838009057585,0.5787681245512561,0.06996053191292219,0.34161946209596317,0.34161946209596317,12.86571635342213,2.009857186743089,2.73851230381451e-07,18.886876362321004,4.7379310344827585,0.04837449368877329,50.42068965517242,0.514797559473976,11.956875431729872
s562,2.4128339676576327,28.19514813435859,0.27174412160254513,43.85911932011334,7.736964489445905,2.3040714285714285,0.0,0.0,0.5,0.0,0.0,0.1392857142857143,0.0,0.0,0.13214285714285715,0.0,0.08571428571428572,0.14285714285714285,0.0,3.3499161500572314,6.137603009527476,4.166500495706282,3.0356121056711696,5.2471449690295575,0.3139204202264143,0.07067707842828706,0.10551231051866103,0.10619303510265238,12.964175855547323,3.5779499335532368,6.723020759333915e-10,41.33171471243052,3.7628205128205128,0.018588557873844492,16.294871794871796,0.08049763903801141,11.479993245394128
s563,1.933167709367696,22.595053555206885,0.26494467219937706,33.410695304381754,1.8387844291534792,2.7211858974358973,0.0,0.0,0.3525641025641026,0.0,0.32371794871794873,0.14743589743589744,0.0,0.0,0.1762820512820513,0.0,0.0,0.0,0.0,3.1107024670334313,5.453478479743407,4.113796853052901,3.0385039438819854,5.255871662949084,0.39848859819030263,0.07658342314827421,0.0832788239886673,0.09013708008185167,11.61384643713426,3.261620305166726,1.2360743283816836e-06,30.78287494115593,4.010869565217392,0.02617148715320844,24.57608695652174,0.16036241857291134,9.86213085653475
s564,1.8776555638741241,26.719994072065916,0.22825149293520994,42.43763764386942,3.689616292844822,2.2562962962962962,0.0,0.0,0.6296296296296297,0.0,0.0,0.07407407407407407,0.0,0.2962962962962963,0.0,0.0,0.0,0.0,0.0,3.283759663760419,6.601533588842406,4.747061795099353,3.3551275333065087,4.73259101611476,0.30008795484605383,0.06373583830436097,0.13054709174181242,0.13054709174181242,14.111199443697569,3.473949746677088,4.34084362869901e-06,41.60380771192968,14.460526315789474,0.040087961643139235,111.48684210526316,0.3090676060075694,11.427492050934282
s565,2.610859375562264,25.068339574863277,0.4730248105919983,48.94294869378068,6.224058017101845,1.9885365853658536,0.04390243902439024,0.0,0.35609756097560974,0.0,0.0,0.3463414634146341,0.0,0.0,0.0,0.0,0.0975609756097561,0.15609756097560976,0.0,3.092267031579006,4.4075219794227065,3.626503581056775,1.9901323582645591,5.134653640563413,0.3728548373096058,0.07760878094784494,0.09008518082203638,0.09008518082203638,12.727859624813986,3.1307834158828713,1.9160863278746858e-07,36.28812072174936,0.12394366197183099,0.0017123922045214602,0.2112676056338028,0.0029188503486161253,13.945825511204267
s566,2.8254854689414253,27.24732752503885,0.40449997845185715,48.487370241407696,5.778411166249511,2.1085398230088495,0.0,0.0,0.3407079646017699,0.0,0.0,0.2831858407079646,0.0,0.0,0.0,0.0,0.15486725663716813,0.22123893805309736,0.0,3.2355056259713,5.318033099530488,3.771715878846256,1.9679711051889122,5.314120149435347,0.4618168174716791,0.08767373292109971,0.07768635640673877,0.08342159077233695,13.582860371275498,3.459316182549221,1.0562307171076527e-06,41.464672308389744,0.53125,0.005521366370256225,1.821875,0.018935038787408112,11.415579217358633
s567,2.0169026405816255,19.662274082484792,0.5553159377484561,42.5253834807229,3.4400651465216754,1.9708602150537635,0.16129032258064516,0.0,0.3709677419354839,0.0913978494623656,0.0,0.3602150537634409,0.0,0.0,0.016129032258064516,0.0,0.0,0.0,0.0,2.8328391658352365,4.009503649711351,3.3473460419616208,2.2823640474395552,5.496912431016274,0.7477917066769604,0.17070589732026006,0.08342765130111064,0.117332057918904,11.394563967848601,2.5617395453885643,7.647446932661169e-07,23.94703441974687,0.05472636815920398,0.001002593167303377,0.09950248756218906,0.001822896667824322,13.875193734691257
s568,2.4058769083809564,23.320357929371465,0.5123819979703363,45.96148213264476,4.051548030562531,2.0194088669950743,0.0,0.0,0.33004926108374383,0.03940886699507389,0.0,0.3645320197044335,0.0,0.0,0.0,0.13793103448275862,0.12807881773399016,0.0,0.0,3.004306757648609,4.260913956336301,3.4918170331645526,2.656749954082464,7.386542509395864,0.7592523971446862,0.10120226117639824,0.02033894084549015,0.08910233635278907,11.957561463839443,2.9016884222240504,6.397813773236001e-07,33.188157680334605,0.17027027027027028,0.0026615785960586343,0.4756756756756757,0.007435521157243169,13.991501339121212
s569,2.276773614808843,19.72321073484485,0.38806911602389854,32.23986370118871,3.8183713098442107,2.596980392156863,0.0,0.0,0.0,0.3764705882352941,0.0,0.2196078431372549,0.0,0.01568627450980392,0.09411764705882353,0.23529411764705882,0.058823529411764705,0.0,0.0,2.6594243781195597,5.143153684238922,3.3906246346286486,2.3841367392711126,4.45613524912869,0.8189664149158196,0.17259464619293993,0.3686971410647602,0.37370207963125013,12.54833533926226,2.814458499624638,1.405215771830252e-07,29.85307795601746,1.7142857142857142,0.019087692835436078,10.709821428571429,0.11924837268804987,13.914926845356934
s570,2.169072967067733,21.981844201451647,0.39176688780824354,42.32018603270128,6.705562899017385,2.076116504854369,0.25728155339805825,0.0,0.47572815533980584,0.0,0.0,0.22330097087378642,0.0,0.0,0.0,0.0,0.0,0.0,0.043689320388349516,3.186705858525513,4.651155943473637,3.8477571906763215,2.9443218269241522,5.148369344771923,0.35739969977311525,0.06296564489643207,0.11240934151523246,0.11240934151523246,12.712723075813651,2.985175995182782,6.110857990924125e-07,33.933824494553974,0.5043478260869565,0.005123380831525669,1.7347826086956522,0.017622663377402946,13.756738874542563
s571,2.3911190648901637,23.974886396382054,0.37850892788463925,42.7052663935556,4.93610621059416,2.0905701754385966,0.0,0.0,0.5614035087719298,0.0,0.0,0.21052631578947367,0.0,0.10964912280701754,0.0,0.0,0.11842105263157894,0.0,0.0,3.1672998998812587,4.90410464533125,3.9461887532881357,2.9529746258245626,5.090786035318717,0.2544313533203282,0.060125307442252106,0.11504771524230173,0.11504771524230173,12.706039881424642,3.118434621915817,3.817135782441607e-07,36.70805573857419,0.7666666666666667,0.006732190764260984,2.7375,0.024038311587605797,13.93562987123336
s572,2.547699926604287,13.451361801202138,0.7330608414981348,25.474260402276602,3.334623866958286,2.478271028037383,0.0,0.0,0.0,0.35514018691588783,0.17289719626168223,0.3691588785046729,0.0,0.0,0.102803738317757,0.0,0.0,0.0,0.0,2.568197232491151,3.4820530562100274,2.963270184392414,2.4273001813573587,4.567841603714952,0.6829614436922591,0.12183110274168597,0.35151695026587315,0.35151695026587315,8.911618910490185,2.011460436821316,5.4012457583197554e-08,13.668309146139002,0.23544303797468355,0.006461493574776922,1.4151898734177215,0.038838439874196766,16.680154881877147
s573,1.931528184456367,24.856161956064014,0.25883206814048726,40.587910029522256,1.7785615073441519,2.2995348837209306,0.0,0.0,0.5348837209302325,0.0,0.07751937984496124,0.08527131782945736,0.14728682170542637,0.15503875968992248,0.0,0.0,0.0,0.0,0.0,3.609229016053909,6.645391883490666,4.81046843650906,3.272325264328556,5.028546514793188,0.3074730986036895,0.06447870441870794,0.09671469375719566,0.09671469375719566,13.44002407649667,3.3894493968366817,5.336311301590884e-06,39.56102283252967,8.704545454545455,0.029861732608900297,71.875,0.24657370594163755,12.222069948857106
s574,2.1840639701432805,19.640948689349685,0.5300960184767552,35.873137688812236,1.8633842345208398,2.281266968325792,0.0,0.0,0.3212669683257919,0.0,0.22624434389140272,0.34841628959276016,0.0,0.0,0.10407239819004525,0.0,0.0,0.0,0.0,2.6004925039880398,4.242489911651175,3.191409988224714,1.974375589193218,5.100124949964987,0.3410697393152505,0.07761004581311197,0.10260543626722138,0.10395550779705325,11.562112653169809,2.619671498528493,7.781565974183084e-08,25.153803829731277,0.13246753246753246,0.0023498786582988786,0.412987012987013,0.00732609228763768,14.14244856641143
s575,1.8674588453974854,17.955636392213506,0.3084212876205759,32.795005311398235,2.493143276411672,2.3962443438914027,0.3212669683257919,0.0,0.3076923076923077,0.2398190045248869,0.0,0.13122171945701358,0.0,0.0,0.0,0.0,0.0,0.0,0.0,3.2885377326002367,5.518947812668399,4.054957740836022,2.2654525498333027,4.5432937514242395,0.496955276063933,0.14289106332576312,0.12416053905440584,0.131178709405239,12.330073189710424,2.6796006142501,4.27704766582787e-06,30.16574186794253,3.4551724137931035,0.025250771136966544,37.80689655172414,0.27629686102365386,13.492427381991103
s576,2.4009562769928428,25.3735160510537,0.4273822984628756,48.20968049700203,2.040292477252505,2.0742105263157895,0.04784688995215311,0.0,0.3397129186602871,0.0,0.08133971291866028,0.2822966507177033,0.1339712918660287,0.009569377990430622,0.0,0.0,0.0,0.0,0.10526315789473684,2.978904529771496,4.734347217287382,3.7697435455280512,3.002814576954304,5.161661453946959,0.3828720478943918,0.08058750450281743,0.08786284214903585,0.09031198060615182,15.467255775685443,3.236139089499419,1.8640041490619663e-07,39.06071311650808,0.44745762711864406,0.0049782532787149385,1.3728813559322033,0.015274186196057199,11.24739718881762
s577,2.0625956562370678,21.45027977617047,0.41915087111747495,39.475724966229656,2.4930466347674907,2.1559817351598176,0.0,0.0,0.3972602739726027,0.1461187214611872,0.0,0.2465753424657534,0.0,0.2100456621004566,0.0,0.0,0.0,0.0,0.0,3.093132497392843,4.702854917956095,3.6497271781412772,2.3441343189190413,5.387047243758825,0.7988357909801267,0.1506957491617193,0.07439441291192582,0.11764341290719668,12.21714367723075,2.8847783248679724,2.847657870541962e-08,33.14743381277158,0.9555555555555556,0.010984306070353236,6.029629629629629,0.06931182280052353,11.727428251498106
s578,2.900010697392266,21.86365453926397,0.34354006302648915,36.78412148835629,2.7266173549666606,2.3618875502008034,0.0,0.0,0.39759036144578314,0.19678714859437751,0.0,0.14457831325301204,0.0,0.0,0.0,0.0,0.26104417670682734,0.0,0.0,3.0471850197015087,5.57362699012956,4.0998705683219185,2.454557999297069,4.505685318904096,0.787158926817805,0.19006195467303547,0.18447118228369458,0.15863051351300808,11.957175679386658,2.9490135792705394,1.1798294360393618e-06,34.89756001761092,1.6055555555555556,0.01061709576682871,6.644444444444445,0.04393787729109736,14.11204295924882
s579,2.387041848424274,24.347180487873683,0.47788532503629655,46.460674692456195,4.36510580481888,2.037644230769231,0.0,0.0,0.3557692307692308,0.0,0.0,0.34134615384615385,0.0,0.0,0.0,0.16826923076923078,0.1346153846153846,0.0,0.0,3.019048121922078,4.244116751525679,3.5486169055482133,1.9297867670278186,5.233009763188127,0.31270328707510453,0.0799160456665479,0.0967460550918699,0.09757059533413016,12.234264612958043,3.0609573329422344,2.7112875981784545e-06,35.28601511536862,0.24507042253521127,0.0034358740715587444,0.6112676056338028,0.008569938776186753,13.955212716767617
s580,2.062049670808509,12.589390323053204,0.26047920594035334,20.630355755196856,1.8748726859065312,2.919488188976378,0.30708661417322836,0.0,0.0,0.3937007874015748,0.21653543307086615,0.08267716535433071,0.0,0.0,0.0,0.0,0.0,0.0,0.0,3.245265796317933,6.224930128752967,4.006071017676656,2.2023586986774744,4.714863331583528,0.5775422712605675,0.08413615090634051,0.30396145214411036,0.30396145214411036,9.405083440870174,2.3603853167044564,7.300794666649413e-07,15.57372245032353,8.428571428571429,0.055352195445457136,83.3452380952381,0.5473456501605161,14.510403385818334
s581,1.9832808492376992,22.21882411412748,0.5298850316704442,46.61122884811527,5.306728161662787,1.9275647668393785,0.10880829015544041,0.0,0.38860103626943004,0.0,0.0,0.38341968911917096,0.0,0.0,0.031088082901554404,0.08808290155440414,0.0,0.0,0.0,2.8327281863547435,3.975330410325981,3.4616740824586856,2.9739158995718866,5.061561306705248,0.37696182501712927,0.07507853938020052,0.09270755620765804,0.09270755620765804,11.022487390810308,2.8096233770251353,7.636972537780949e-08,29.27167198229493,0.08333333333333333,0.0014380437324590445,0.20495495495495494,0.0035368102609127853,13.42825054221829
s582,3.1039746183335146,13.57586335767819,0.5381262713732278,25.08083230486312,1.7577485961336268,2.548990825688073,0.09174311926605505,0.0,0.0,0.5412844036697247,0.0,0.22018348623853212,0.0,0.0,0.0,0.0,0.14678899082568808,0.0,0.0,2.5885996761509036,4.2679657323689035,3.1622338831434735,2.2217809351448246,4.2323990933035045,0.5575339273663409,0.08200050282488482,0.3548728411577312,0.3548728411577312,9.915458953979403,2.0364016149084505,1.3399269750735783e-08,18.55643127004236,1.6208333333333333,0.02628788494273629,10.35,0.1678640262153135,15.291595458967507
s583,2.1319519646330605,24.651962869392886,0.29882500604252193,39.65104871161388,9.583323729683798,2.2328838951310863,0.0,0.0,0.6217228464419475,0.0,0.0,0.149812734082397,0.0,0.018726591760299626,0.1797752808988764,0.0,0.0299625468164794,0.0,0.0,3.4762194401868145,5.453116248552364,4.326851147803309,3.1962121440762217,5.154479872116251,0.24251492906668776,0.05890678336815598,0.1160930949117703,0.1160930949117703,12.612706049991873,3.2064423114680483,1.1995711886631417e-06,37.04064913429173,2.18125,0.01325570008151144,11.0375,0.06707612132936734,12.67321817223502
s584,2.249118885577676,21.357711479659066,0.6147459115399644,48.73939286383733,4.4426896448162605,1.8117415730337076,0.056179775280898875,0.0,0.4101123595505618,0.028089887640449437,0.0,0.43820224719101125,0.0,0.0056179775280898875,0.0,0.0,0.06179775280898876,0.0,0.0,2.745166310548915,3.7964284817597442,3.2328906714158356,2.3837881701211106,7.330374093941712,0.7312613700700297,0.0804599793246857,0.014378261327383374,0.08896225456984375,10.474553591274681,2.6930403484678416,4.771434004819303e-07,22.093256359069805,0.014957264957264958,0.00030688246361728163,0.004273504273504274,8.76807038906519e-05,13.47390811465835
s585,2.566212904663175,13.260839351001927,0.8405629467409582,28.160658846509726,2.032709046012007,2.2427513227513227,0.0,0.0,0.0,0.4708994708994709,0.0,0.41798941798941797,0.0,0.031746031746031744,0.07936507936507936,0.0,0.0,0.0,0.0,2.457898712969332,3.362779728820377,2.84235796530777,2.4350450593261956,4.382425087837428,0.6254756546696905,0.10459081173288613,0.3531006370281091,0.3531006370281091,8.169604066660911,1.9481473573037158,5.378459772201453e-07,9.59136044819006,0.11392405063291139,0.003590952756353972,0.4810126582278481,0.015161800526827883,14.067753652384875
s586,2.406743032277012,26.460546326568917,0.3384261388433282,46.404689453311185,2.8095596127118725,2.248085106382979,0.17446808510638298,0.0,0.33617021276595743,0.0,0.09361702127659574,0.2127659574468085,0.0,0.0425531914893617,0.0,0.0,0.0,0.0,0.14042553191489363,3.4620317568878183,5.082277035645127,4.121199573354981,2.840810778908708,5.46166984407293,0.44599895064528927,0.088395923284649,0.0842905187826383,0.09449609728995324,17.33103231991454,3.696545282534468,3.2904121276922047e-07,44.70038023222975,1.036,0.008330346969955235,4.592,0.036923700083044825,9.598573121860897
s587,2.695423496828991,32.35608120282758,0.38369255896633503,58.661838278297154,5.742981582659202,1.9920179372197313,0.0,0.0,0.3004484304932735,0.0,0.0,0.3004484304932735,0.04035874439461883,0.10762331838565023,0.0,0.0,0.0,0.0,0.25112107623318386,3.3908767308047207,4.891734051035526,3.9982288169585227,2.981620312812226,5.072589834796231,0.38307665221415865,0.07910733115773093,0.061610917109117924,0.07092665715310827,17.266351553662517,3.9700852287470423,5.815558890139843e-08,48.934454848970255,0.8149253731343283,0.007567141638461383,3.1522388059701494,0.029270701722400077,10.178498504638918
s588,2.4104141304890914,13.921704451767411,0.4667252846040244,24.362982790592962,1.3893199244784074,2.5952380952380953,0.0,0.0,0.0,0.5714285714285714,0.0,0.19047619047619047,0.0,0.23809523809523808,0.0,0.0,0.0,0.0,0.0,2.6293935767252017,3.945133498511426,3.16307863057031,2.5600619173230865,4.337677318185163,0.5465299607839568,0.08530049981918142,0.3509771290762779,0.3509771290762779,10.996351398196152,2.1317384361155987,3.4862072279814916e-06,20.49832767701624,4.213541666666667,0.057649504617767904,42.322916666666664,0.5790604135030679,14.59253759394537
s589,1.8926103598166453,22.42459722230919,0.299348690428864,34.34504100890514,4.570575765462166,2.6929553264604813,0.0,0.0,0.0,0.3539518900343643,0.0,0.18213058419243985,0.0,0.0,0.16494845360824742,0.29896907216494845,0.0,0.0,0.0,2.913065253270288,5.986590214661342,3.4215643648841088,2.473372688433927,4.573130072988636,0.7715032115863575,0.19198543702616028,0.2964810478743907,0.3127063788525912,15.113725790629152,3.079892936823169,2.1521562736864554e-06,31.922208432847565,3.830188679245283,0.031108451795254916,25.278301886792452,0.20530811966843732,14.310331924730283
s590,2.326488465050292,14.509885916829445,0.4362224376421141,24.48543248464969,1.806169114613785,2.6956378600823045,0.0,0.0,0.0,0.4691358024691358,0.12345679012345678,0.18930041152263374,0.0,0.21810699588477367,0.0,0.0,0.0,0.0,0.0,2.6974479160648466,4.267438286913952,3.1889750683417226,2.523287526937426,4.612279431468785,0.6075318322039688,0.10468396136511852,0.3346718136206375,0.3346718136206375,11.56679926570549,2.239779786829965,3.766151150211418e-09,21.797787878382152,4.48695652173913,0.05853820773767884,38.07826086956522,0.4967806427970846,15.785235005240587
s591,2.374195159856643,22.938184222164313,0.37324798311347795,40.489370634577895,7.587501038552719,2.1293562231759653,0.06437768240343347,0.0,0.5665236051502146,0.0,0.0,0.2017167381974249,0.0,0.0,0.06866952789699571,0.0,0.09871244635193133,0.0,0.0,3.317767393134161,5.014401477644659,3.871689954387387,2.0727432138919357,4.935203835558789,0.3192467066052481,0.06220649503392593,0.1120615922054874,0.1120615922054874,11.704410376063995,3.0121754560943694,2.1384109143287802e-08,34.35856901441448,0.5191489361702127,0.004565358313834208,1.872340425531915,0.01646522670563157,14.030764460431298
s592,2.623421462022886,33.95132801962765,0.2931630610324347,55.71499982708128,4.238588101590168,2.1449609375,0.0,0.0,0.35546875,0.0,0.0,0.1640625,0.10546875,0.12109375,0.0,0.0,0.0,0.0,0.25390625,3.470334918190917,6.763685969641763,4.340083398231746,3.1807328038150406,5.551437405724924,0.49009772853164923,0.07971748203551514,0.06771547481013533,0.08011408287396295,17.200088448817276,4.202580846265352,2.3887100101909634e-11,50.410656559800024,3.8511904761904763,0.01861005075073141,19.702380952380953,0.09520752393341726,9.554451927968445
s593,2.032201019959127,19.22020669828798,0.264538943660924,30.939844928951395,1.9328149173185982,2.586060606060606,0.0,0.0,0.21212121212121213,0.4090909090909091,0.0,0.09090909090909091,0.0,0.2878787878787879,0.0,0.0,0.0,0.0,0.0,3.242140127751253,6.241998089026094,4.34845924759544,2.4940019402160885,4.537083551752892,0.5748796226083945,0.14740035064765697,0.20081187699695113,0.15095800022107267,14.396482240632352,2.887078288955663,1.473277457922867e-06,35.636258541718,9.822916666666666,0.04646112491193793,91.82291666666667,0.4343105154811589,10.386077169188468
s594,2.5957643703335225,26.78382107027586,0.3716546454697061,47.70868128142892,5.7738553408988675,2.153815789473684,0.11842105263157894,0.0,0.31140350877192985,0.0,0.0,0.2543859649122807,0.0,0.0,0.0,0.0,0.06578947368421052,0.25,0.0,3.2253267203817337,5.085173654352823,3.8184227441656646,1.9839020048891387,5.315880831618891,0.29034978181922894,0.07908697940013508,0.07099790400801807,0.076257008008612,13.178750114336934,3.492480313487686,5.721648626498576e-09,40.7396212823917,0.9379310344827586,0.00890823197340052,4.682758620689655,0.04447565816131583,9.948240589377303
s595,3.1218587075260142,13.605779189215333,0.7796222574937897,28.55718489164979,1.741410543170275,2.290628272251309,0.02617801047120419,0.0,0.0,0.47643979057591623,0.0,0.3717277486910995,0.0,0.0,0.0,0.0,0.1256544502617801,0.0,0.0,2.5412963063720544,3.417961509029088,2.8738815836455833,2.335895464383069,4.362436409095238,0.6588681814614045,0.11132041151739602,0.34695969457478304,0.34695969457478304,9.089546883817498,1.9433873422643477,2.2501420083479113e-08,11.663489972815825,0.20892018779342722,0.005707973794410169,0.5375586854460094,0.014686808976628413,11.782828280832671
s596,3.3184733841585037,24.64078543965595,0.46997997727148216,45.380113184699724,2.777842573825286,2.2820361990950224,0.0,0.0,0.0,0.334841628959276,0.0,0.3167420814479638,0.0,0.0,0.0,0.0,0.14027149321266968,0.0,0.2081447963800905,2.7940567594646195,4.570883015774736,3.565841297327023,2.63483360841666,4.316759593029435,0.697637675665693,0.2043502261788571,0.2517214959763156,0.29865262234478124,19.108585144636983,3.3025437134546562,4.835129471332724e-06,40.36126029910133,0.6171428571428571,0.007932990350525986,2.0428571428571427,0.02625966713252815,11.345205744912082
s597,2.280910205094989,12.414531105574326,0.5233707661603614,23.90946731443943,1.5026643866986036,2.5138461538461536,0.21153846153846154,0.0,0.0,0.5192307692307693,0.0,0.20192307692307693,0.0673076923076923,0.0,0.0,0.0,0.0,0.0,0.0,2.672973408958798,4.030448159980301,3.1773326375233863,2.3166190435186853,4.33931983626417,0.5708146844432133,0.0817957996248503,0.3481736422884559,0.3481736422884559,9.757608391478254,1.9098545307698265,4.6337171484229113e-08,16.310227832164635,1.5333333333333334,0.02493975664343557,10.342857142857143,0.16822717835261508,16.20940159371984
s598,2.1065640078252708,19.328104088218833,0.4293012005975132,35.17081235725065,2.1929379530025495,2.2905405405405403,0.0,0.0,0.26576576576576577,0.28378378378378377,0.0,0.23423423423423423,0.0,0.21621621621621623,0.0,0.0,0.0,0.0,0.0,2.823504461137944,4.490426714872555,3.573815921742397,2.367210806252981,4.620615765044965,0.6184243974839657,0.17432770234504408,0.16383717445898865,0.14369158763252501,12.630888666818155,2.70537917533507,9.004706743924538e-08,30.951777272679486,1.5,0.01817826258321491,9.803846153846154,0.11881125980670462,11.273913594221863
s599,3.0187081584278905,13.732212908134505,0.7772960739588116,27.88479968080372,2.3820396095537,2.3469849246231154,0.0,0.0,0.0,0.41708542713567837,0.07537688442211055,0.38190954773869346,0.0,0.0,0.02512562814070352,0.0,0.10050251256281408,0.0,0.0,2.5162683327098168,3.377078030422701,2.9081424117764625,2.4564811016888726,4.479390974439672,0.6967492960600792,0.11729712351784441,0.3450674192900052,0.3450674192900052,9.079438530637578,1.982312896781226,1.0827990395204605e-06,12.738827971215583,0.2149122807017544,0.005976971990994875,0.7587719298245614,0.02110237049881864,15.715429423866313
s600,3.1399996798019196,31.44529315043427,0.24357613786649296,46.5573515091381,2.682395666961012,2.635377049180328,0.0,0.0,0.0,0.3704918032786885,0.0,0.08852459016393442,0.0,0.08524590163934426,0.013114754098360656,0.0,0.1377049180327869,0.0,0.30491803278688523,2.696505136120317,7.7684743475037505,4.258763264953702,2.4461888784890755,4.244830930315153,0.873629312225141,0.1919948893311603,0.2542932672311488,0.3017986028677371,17.836339252122265,3.864769451350516,3.614098592285326e-06,44.51952656777548,11.481481481481481,0.032322593965351996,65.25,0.1836913868337383,13.428406755999314
s601,2.088007580874209,22.863982779376183,0.43211232942412314,45.27521342450724,2.786082154241772,1.97845,0.09,0.0,0.47,0.0,0.0,0.255,0.15,0.0,0.0,0.0,0.0,0.035,0.0,3.0074063723926265,4.798285013071941,3.7220848641218214,2.9995969488401486,5.082353049559552,0.3458502220811371,0.06579272159748285,0.10539458437255217,0.10539458437255217,12.340079973263737,2.9260322057180916,2.446052423038758e-06,32.90323942682422,0.49019607843137253,0.005467113984740791,2.466666666666667,0.027510517571215656,13.599703722820232
s602,2.347499674583701,26.159732481203502,0.4177258557155033,50.62392674603275,2.352772271013282,1.9507655502392345,0.0,0.0,0.41626794258373206,0.0,0.0,0.2583732057416268,0.22488038277511962,0.0,0.0,0.0,0.0,0.023923444976076555,0.07655502392344497,2.969651555444966,4.927585320802039,3.8775352601013076,3.1988844890685506,5.2566076478024355,0.37059799489503487,0.07798125533354727,0.09120884387734626,0.09258040543941162,15.00071988614854,3.32244319902543,8.110295557606404e-07,40.53395439845224,0.8407407407407408,0.008303788295192125,3.837037037037037,0.03789746552343191,10.32034943977535
s603,2.3246748533124757,29.105692518714893,0.2649643972314525,47.64435017394735,5.006045590640932,2.3030739299610894,0.17120622568093385,0.0,0.31906614785992216,0.0,0.0,0.1517509727626459,0.0,0.06614785992217899,0.0,0.0,0.0,0.2918287937743191,0.0,3.202058711477528,6.329955889631099,3.907796456995992,2.852914051118788,5.606620706700015,0.31494663426562386,0.08351347967536757,0.07623493844320428,0.08145650956945115,14.733408691872302,3.513186875061095,3.355439905716625e-07,41.29331485986809,5.391025641025641,0.02810767634846602,33.01923076923077,0.17215533991789356,10.391560437196338
s604,1.9267447442673522,24.380824828880737,0.24118449934118424,38.98012113359972,2.577130034212497,2.345243445692884,0.0,0.0,0.5093632958801498,0.11610486891385768,0.0,0.08239700374531835,0.0,0.29213483146067415,0.0,0.0,0.0,0.0,0.0,3.2998669659041404,6.888603020075657,4.587069701834443,2.456551102783011,5.059511281346071,0.42812208980163424,0.07773348752407172,0.026745813663663364,0.098808382637615,12.954900765789496,3.3403245885516513,9.184141199793748e-05,40.8457963292284,10.420454545454545,0.03521678360908659,72.94318181818181,0.24651748526360612,10.373284108415827
s605,2.0215199172350955,23.198653604099615,0.30410428532392386,39.88833245596983,1.2530308509341868,2.24928870292887,0.0,0.0,0.4811715481171548,0.0,0.100418410041841,0.09623430962343096,0.32217573221757323,0.0,0.0,0.0,0.0,0.0,0.0,3.122923076271889,5.636232359458311,4.244593728633818,3.204970355188027,5.355444598888426,0.3280716653667043,0.0703172122063054,0.11716137424330403,0.11716137424330403,13.867479166109698,3.0826414666641937,1.2356982130480755e-06,37.086738662821396,5.721739130434782,0.023735326388314878,47.86086956521739,0.19853987301107157,12.61538441611977
s606,1.968694127004733,18.754938636960485,0.36415630165122737,32.92851821756419,1.6714964323788954,2.457826086956522,0.2391304347826087,0.0,0.3391304347826087,0.0,0.23043478260869565,0.19130434782608696,0.0,0.0,0.0,0.0,0.0,0.0,0.0,3.1636682571616115,5.010471514960511,3.7762834871910482,2.7857346438731083,4.89250437822422,0.3067566055986224,0.07215699062444042,0.1181579916355763,0.12319790597074307,12.79692133689339,2.7895120934106163,4.2363828817744864e-08,28.722749863719155,1.05,0.010710222470231729,5.6454545454545455,0.05758483250228488,11.114320611515424
s607,2.2489740395408035,13.213724003381136,0.44003484193283715,23.869953038365928,1.8907044372853663,2.599866071428572,0.19642857142857142,0.0,0.0,0.5133928571428571,0.0,0.17410714285714285,0.0,0.07589285714285714,0.0,0.04017857142857143,0.0,0.0,0.0,2.8695048867737007,4.78122130100913,3.349232888914961,2.3033534068664605,4.415760767760909,0.6196479323029302,0.08684077017535176,0.33291807049060784,0.33291807049060784,10.410630590289543,2.1099915748577263,4.2502285938433397e-07,20.356402138811895,2.948717948717949,0.038853002909058014,25.671794871794873,0.3382576218482512,14.361763865564845
s608,2.169034838870552,18.925426334620546,0.41070486524320327,32.776644159234124,2.8903072549930338,2.377824267782427,0.0,0.0,0.2719665271966527,0.3054393305439331,0.0,0.2217573221757322,0.0,0.07112970711297072,0.1297071129707113,0.0,0.0,0.0,0.0,3.0255854454442246,4.851913826581527,3.585436258414317,2.364543185599599,4.425503292094355,0.6661121683880679,0.193459925357515,0.24719183755754942,0.183340448825554,12.731703768755034,2.714718406752064,7.002404039050246e-09,31.56890621318057,1.150943396226415,0.013486096482598998,7.588679245283019,0.08891980336559537,14.076716932844768
s609,1.9459530387588184,25.12383694225848,0.42276883051535297,45.75397947208051,3.579179629795304,2.1014732142857144,0.0,0.0,0.33035714285714285,0.0,0.0,0.3080357142857143,0.0,0.14285714285714285,0.0,0.21875,0.0,0.0,0.0,2.9126084281576405,4.823200707561357,3.621269003884909,3.087721050221524,5.359844662032718,0.3147784517306608,0.07700215899700198,0.08068142026575535,0.08162782988764104,13.125091134603096,3.207935726719193,9.225840414366245e-08,37.05940580192341,0.8144927536231884,0.00998624763086459,4.211594202898551,0.051637074048563165,12.931482752253956
s610,2.407129447418905,19.70517090842809,0.24875614686551198,29.657277427836174,3.0951332513340675,2.813053691275168,0.030201342281879196,0.0,0.0,0.5234899328859061,0.0,0.10738255033557047,0.0,0.0,0.19798657718120805,0.0,0.0,0.14093959731543623,0.0,2.8964333824507817,5.849809352069266,3.7703222490345434,2.4427190118965743,4.311698743639838,0.6485668108527791,0.12244959951606949,0.3808264146159238,0.3808264146159238,12.354896001451127,3.023704349545774,1.3027647788579498e-07,32.518481685768855,5.3359375,0.02907798058915272,30.0546875,0.1637818321031779,12.934385241103872
s611,2.248732210976671,14.975398170867965,0.29064644190120686,23.304411760283315,1.9776308217243477,2.8471841155234654,0.0,0.0,0.0,0.6028880866425993,0.039711191335740074,0.10469314079422383,0.0,0.12274368231046931,0.1299638989169675,0.0,0.0,0.0,0.0,2.9956696408204606,5.5302680319777835,3.467874802518486,2.3939833531525165,4.4092066766674,0.5826331224682105,0.08300556175320639,0.3858745054085957,0.3858745054085957,11.84574620023349,2.6022462633335754,3.8438575624284453e-07,26.95122465279351,10.448275862068966,0.07304398877436165,78.96551724137932,0.552048628030654,13.24322350963908
s612,2.000133470833349,23.769669194214096,0.4998647132628851,48.2821405507474,2.2192425149783217,1.9426153846153846,0.0,0.0,0.3333333333333333,0.0,0.0,0.3487179487179487,0.15897435897435896,0.0,0.0,0.15897435897435896,0.0,0.0,0.0,3.0050168524995824,4.27745967952425,3.4953100193023965,3.129179389239785,5.224566879725107,0.370507166905664,0.07680752600670983,0.08422429190703692,0.08590877774517766,13.90905136165672,2.967295524490118,4.004264393437469e-06,32.95976082415607,0.27450980392156865,0.00402725401621479,1.0906862745098038,0.016001143189424836,11.717844404452626
s613,2.6076147462080357,13.000462798555322,0.855314274312043,28.117280006177825,1.488364045080626,2.2156989247311825,0.0,0.0,0.0,0.46236559139784944,0.0,0.40860215053763443,0.0,0.12903225806451613,0.0,0.0,0.0,0.0,0.0,2.366273435306059,3.26770763551211,2.8292571531688777,2.511855573075896,4.388024820108483,0.6034256863551661,0.09790756236502254,0.3577808317041811,0.3577808317041811,9.081473659875076,1.8864647661586804,7.651015925680234e-09,8.004316698373609,0.1076555023923445,0.0033835926056116675,0.39712918660287083,0.012481697167367484,16.234680089020603
s614,2.208913598163871,23.81254560214315,0.48460259425310354,45.84471396300456,2.766066178114317,2.050922330097088,0.0,0.0,0.3106796116504854,0.0,0.024271844660194174,0.33980582524271846,0.07281553398058252,0.0,0.0,0.18446601941747573,0.06796116504854369,0.0,0.0,2.912614160553379,4.549022226221301,3.528670645454381,2.0080805404185345,5.334154368684363,0.4906495454700866,0.08603722125803766,0.08735595724316272,0.08913873188077828,12.307708803397658,3.0286305306286305,7.833709352184084e-07,34.25744921161782,0.14,0.0019978047004642376,0.26285714285714284,0.003750980253932854,12.333404255603977
s615,1.961410601375355,22.609650941160606,0.3775204999737304,41.17529927495912,3.423100214401658,2.1574107142857146,0.09375,0.0,0.42857142857142855,0.0625,0.0,0.22321428571428573,0.0,0.13392857142857142,0.0,0.05803571428571429,0.0,0.0,0.0,3.1195959734590244,4.845509274329522,3.7396319497115345,2.3091327081893347,6.271063572485918,0.6968266170804327,0.08994988826112472,0.025853129616277556,0.09883750816026254,14.124035597752886,2.989948128703228,7.219746662127688e-07,35.80677150873489,1.296,0.012794789049974815,7.092,0.07001592896791774,12.72020194924501
s616,2.1118212152671227,30.181066558602875,0.23138753640570914,46.838376517176016,4.060210704311772,2.3046830985915494,0.0,0.0,0.47183098591549294,0.0,0.0,0.10211267605633803,0.0,0.2535211267605634,0.0,0.0,0.0,0.17253521126760563,0.0,3.526532715289633,7.59104396743157,4.428421936485196,3.1439964758125245,5.416996525460781,0.3294651354199756,0.07708636366297401,0.1158039859404215,0.1158039859404215,17.73685758604959,3.740256060630934,3.148478917466949e-08,43.631571407698004,10.39655172413793,0.03517502326329331,67.02586206896552,0.22677098331020354,11.326206152954821
s617,1.920419027844645,25.80158106737272,0.2878126932869585,44.549492490427724,1.7484594969026364,2.1573750000000005,0.0,0.0,0.49166666666666664,0.0,0.0,0.09583333333333334,0.325,0.0,0.0,0.0875,0.0,0.0,0.0,3.60669124399735,7.703715711932575,4.72423372390419,3.339200651675143,5.193089159142688,0.25189010520587124,0.06300526102341358,0.10831691414031588,0.10831691414031588,13.39560248502909,3.439298379879001,2.1152803906980332e-07,41.20078592190246,8.730434782608695,0.03242695339025831,58.417391304347824,0.21697636740613083,10.780511040022292
s618,2.90487922537039,32.74774500294934,0.22269688613863353,47.61942736667404,5.063477563538128,2.45410094637224,0.0,0.0,0.35331230283911674,0.0,0.0,0.0694006309148265,0.0,0.0,0.0,0.0,0.24290220820189273,0.334384858044164,0.0,3.6355358930125954,8.22502386041124,5.0868347692930875,2.0029467623050916,5.391487511453056,0.30566509813701787,0.06779833753333087,0.045562004078951286,0.05275600472299623,13.824316913225934,4.077206412040297,4.34662835616653e-08,46.782613647895914,11.988636363636363,0.025406907479274113,61.43181818181818,0.13018932875161693,10.888612203489137
s619,2.7137961466392806,13.4772784786932,0.677345152539394,27.226825209481216,1.1431880189378272,2.33945,0.0,0.0,0.0,0.495,0.0,0.28,0.19,0.0,0.0,0.0,0.035,0.0,0.0,2.5991026498240566,3.578692698493086,2.981923473959303,2.5621288765580323,4.336862301839948,0.5755305241678373,0.08724399270224228,0.347840390701755,0.347840390701755,10.464103302406288,1.9019111898090746,4.4345566863774864e-08,13.367409281919528,0.8714285714285714,0.018104545393623044,6.289285714285715,0.13066436245151714,14.554598760407693
s620,2.5158758741064653,14.221395136725073,0.7273602038574304,30.36028175255913,2.1600050752294306,2.252368421052632,0.11578947368421053,0.0,0.0,0.42105263157894735,0.0,0.3736842105263158,0.0,0.042105263157894736,0.0,0.0,0.0,0.04736842105263158,0.0,2.5242817077482256,3.549660423023527,2.9439410614282697,2.250639356301588,4.397848564296013,0.6606643035055662,0.11733373479616309,0.36181341250840926,0.36352007954854326,10.021146582022205,2.0520042522280932,3.2292916681891107e-07,13.594562396687156,0.24178403755868544,0.006353165517471773,0.6455399061032864,0.016962335119463472,15.771297633925796
s621,2.040076602531751,21.537730970890884,0.485810857618294,43.075461941781825,4.924872093929238,1.9832673267326735,0.11386138613861387,0.0,0.48514851485148514,0.0,0.01485148514851485,0.3217821782178218,0.0,0.0,0.06435643564356436,0.0,0.0,0.0,0.0,2.8942048155859945,4.244164784553136,3.5312572073994977,2.831532336272468,5.007505106389198,0.3400955409679817,0.06778408272060628,0.11184107190741822,0.11184107190741822,10.942794384337704,2.747468085921686,9.490569256455873e-09,29.63463685216321,0.06769230769230769,0.0010113497214382168,0.19076923076923077,0.0028501673967804295,14.94196126656608
s622,3.4467061978476097,17.45014112634233,0.4532731572644839,30.06009712275029,2.2884086620180364,2.565042372881356,0.0,0.0,0.0,0.4745762711864407,0.0,0.2076271186440678,0.0,0.0,0.0,0.0,0.211864406779661,0.1059322033898305,0.0,2.981964245743779,4.709765421315371,3.466854251932161,2.4773867418458426,4.672580460643868,0.7290300681565007,0.15977177722683153,0.31900496903269765,0.3325796485660039,12.578478790762155,2.7720931087788694,8.131509584683019e-07,30.868210763916736,1.346938775510204,0.016026289697278307,7.142857142857143,0.0849878999098092,11.106330111921704
s623,2.4199642488952993,25.782029596650695,0.4866181842073246,50.813126292428,5.156708479629797,1.947192118226601,0.0,0.0,0.3103448275862069,0.0,0.0,0.3842364532019704,0.0,0.10837438423645321,0.0,0.0,0.0,0.19704433497536947,0.0,3.141029077232512,4.259128495267896,3.5634291568519787,3.1811677682551305,5.183123160265561,0.38495778645506745,0.08331367428614135,0.08449895919229394,0.08604332659267531,13.864298730913546,3.1909531447745025,1.2572739321748303e-06,36.60843458589144,0.20512820512820512,0.0030570802695993717,0.676923076923077,0.010088364889677928,13.092348483495343
s624,3.2724604121622134,16.093761817985808,0.6379572502402344,31.428383927576057,2.3146984943987605,2.347487922705314,0.0,0.0,0.0,0.4396135265700483,0.0,0.3333333333333333,0.0,0.0,0.0,0.0,0.15458937198067632,0.07246376811594203,0.0,2.6626083155326623,3.938871450417174,3.0882894071793667,2.655868748441339,4.4160962243898805,0.6426277476773693,0.13067703900539285,0.35016980473565734,0.35016980473565734,10.440389739239437,2.2637029756103804,8.917947796332703e-07,21.82925204613187,0.2985507246376812,0.0061835703384987275,1.2202898550724637,0.02527459332532004,15.850626827840467
s625,2.4718965170118077,13.391027682504252,0.5008182386663784,24.018827430523526,1.458522553591289,2.5629646017699113,0.030973451327433628,0.0,0.0,0.5575221238938053,0.0,0.1902654867256637,0.13716814159292035,0.0,0.084070796460177,0.0,0.0,0.0,0.0,2.8026925773650535,4.049926359169291,3.266337699833363,2.4280406899125198,4.407847921549,0.5529464080579761,0.07639306381960391,0.3605649756106095,0.3605649756106095,10.063621116483043,2.0604832676532747,3.721942158664694e-08,20.216692082729082,1.8883720930232557,0.026830803722977487,11.613953488372093,0.1650160514686571,12.013532394018801
s626,2.0847654130485753,22.959407791001727,0.4154378055866216,41.54559505038405,5.101832980257945,2.0736842105263156,0.0,0.0,0.5263157894736842,0.02631578947368421,0.0,0.2631578947368421,0.0,0.07894736842105263,0.10526315789473684,0.0,0.0,0.0,0.0,3.1466713864688387,4.775775573691583,3.7802817531615793,2.5679852045660234,8.506531743388365,0.6256863569918285,0.04865744251259121,0.004812907717454837,0.09623437133763486,12.906894579702339,2.9648235046062634,5.1755228856830646e-08,35.292344108242204,0.5666666666666667,0.0064950633036793,3.762962962962963,0.043130616447961886,13.593841862171029
s627,2.2239365837986345,23.711160917341953,0.41776961195262724,43.1465387184419,2.982734933869377,2.1288738738738737,0.018018018018018018,0.0,0.42342342342342343,0.0,0.04054054054054054,0.2702702702702703,0.0,0.08558558558558559,0.0,0.08558558558558559,0.07657657657657657,0.0,0.0,3.017144770296876,4.515892586281948,3.6891049153034148,2.9647575016599594,5.221942812672757,0.3313776729701498,0.06878631889582625,0.09759340656698615,0.09759340656698615,12.665559734684296,3.1127200511293966,6.437323679082348e-08,35.58274729769953,0.5366666666666666,0.006117163370898535,2.4833333333333334,0.028306128641735456,13.568830570836685
s628,2.5329610207778477,13.377155238296044,0.7203542874301953,26.492013315056862,1.7802523804237353,2.375693069306931,0.0,0.0,0.0,0.4504950495049505,0.054455445544554455,0.3415841584158416,0.0,0.15346534653465346,0.0,0.0,0.0,0.0,0.0,2.5542196902017946,3.490808582574627,2.9415010268830786,2.583065285482711,4.4017173601718245,0.726917848937759,0.1068449931765049,0.3503852618936016,0.3503852618936016,9.347332610690659,1.9611546411547576,3.1882902372758345e-08,13.280951994800777,0.3217391304347826,0.008215572604284804,1.0318840579710145,0.02634904366779631,12.856836654608815
s629,2.250351458363318,31.51591737596625,0.24214918986943096,49.499576443608085,5.088840822197486,2.242410071942446,0.0,0.0,0.5035971223021583,0.0,0.0,0.10431654676258993,0.0,0.2589928057553957,0.0,0.0,0.0,0.0,0.13309352517985612,3.4385010318719984,6.636341464132158,4.359621711580357,3.224992986017433,5.6127778472583065,0.34270591752959617,0.07126089213754425,0.09960705307956998,0.09960705307956998,16.865820283726578,3.973598901942524,1.2753142078980217e-10,46.889369678349595,7.413793103448276,0.024539387057595254,47.543103448275865,0.15736595304957887,11.813900615992164
s630,2.4679737707063283,23.071718942043603,0.2921015597897927,39.20578813228389,6.287035019420776,2.234320987654321,0.14814814814814814,0.0,0.588477366255144,0.0,0.0,0.10699588477366255,0.0,0.0,0.0,0.0,0.15637860082304528,0.0,0.0,3.479161561347588,6.060443352763992,4.44502736703326,3.192964820821813,4.686679964510679,0.3152598695321776,0.06043743930817748,0.12614998862739785,0.12614998862739785,13.260386343500091,3.057303611762137,9.348537591029341e-07,35.01150083221681,3.4307692307692306,0.01591030951020666,17.415384615384614,0.08076444110113874,13.369129834623795
s631,3.18359880044103,19.132795759801215,0.508450133146448,35.07679222630228,3.0618925725651596,2.387590909090909,0.04090909090909091,0.0,0.0,0.35909090909090907,0.0,0.2909090909090909,0.0,0.0,0.0,0.0,0.12272727272727273,0.18636363636363637,0.0,2.874515507255129,4.692057121539714,3.388687465945959,2.23735627276448,4.4573643205838405,0.7367361325682816,0.19461561807782654,0.2821070322141364,0.3247275190954088,13.280635857494806,2.819615528425247,4.116230973352729e-06,31.021317711069077,0.4125,0.006271953221396149,1.871875,0.028461363481941615,13.259752977570576
s632,2.298868080903748,22.26959999053826,0.5967522954295131,48.78102855070287,3.52191543230163,1.8482608695652174,0.0,0.0,0.34782608695652173,0.06521739130434782,0.0,0.43478260869565216,0.03804347826086957,0.03260869565217391,0.03804347826086957,0.0,0.0,0.0,0.043478260869565216,2.788424352658387,3.8901863297918973,3.2610248284253007,2.457963052719283,6.012950071123121,0.6698227094738631,0.13264939252213898,0.04525247141804034,0.10132924979523164,11.156822365022897,2.830020997326641,2.17133154260841e-06,25.38887165895644,0.0625,0.0012202245686956075,0.15208333333333332,0.0029692131171593114,12.552884476554187
s633,2.4999982817998,13.94571521041708,0.785608153838676,30.32382260869761,1.4538045136924438,2.182887700534759,0.0,0.0,0.03208556149732621,0.42780748663101603,0.0,0.37967914438502676,0.10160427807486631,0.058823529411764705,0.0,0.0,0.0,0.0,0.0,2.456823513407608,3.4560022751795154,2.8776654581393486,2.516027145931933,4.47092021841118,0.7061938184637231,0.11922524224184139,0.34613022949849376,0.23725564060287946,8.496793080256646,2.029412910225783,1.4199026090952982e-06,9.307522363917467,0.11502347417840375,0.0031315722142115526,0.24647887323943662,0.006710511887596184,17.69776156348025
s634,2.2984519444105467,22.963960175762928,0.4099096777241983,40.6285449263498,9.693720338844951,2.0887826086956522,0.0,0.0,0.5652173913043478,0.0,0.0,0.24782608695652175,0.0,0.0,0.13478260869565217,0.0,0.05217391304347826,0.0,0.0,3.1148527281970932,4.864814937034446,3.830069785742163,1.980806074717673,5.001197434798587,0.28540065592488584,0.05973356035009402,0.12218398732248956,0.12218398732248956,11.32884571675724,2.9570941478479393,1.5624445366678652e-09,34.340579135894,0.24561403508771928,0.002650656278425158,1.0491228070175438,0.011322088960701747,13.991313746397257
s635,2.5704578508536375,13.280444463808388,0.8822623422099333,30.527774936286843,1.0853043879723339,2.1256497175141242,0.0,0.0,0.0,0.4350282485875706,0.0,0.4124293785310734,0.15254237288135594,0.0,0.0,0.0,0.0,0.0,0.0,2.2935571783439688,3.285563396567493,2.768317128737033,2.6268483828469966,4.424849348797619,0.6453832407768383,0.11685959984511875,0.3512487122969181,0.3512487122969181,8.056525303005074,1.912913746729573,4.189222908724244e-09,5.985076114052237,0.2009132420091324,0.006239439031299361,0.6894977168949772,0.02141262031195917,16.340124792563245
s636,2.5399880111057627,25.40835122808614,0.2919588990628104,40.35444018578388,2.6469380797162394,2.56337037037037,0.018518518518518517,0.0,0.0,0.32592592592592595,0.0,0.15925925925925927,0.1111111111111111,0.0,0.08148148148148149,0.0,0.0,0.3037037037037037,0.0,3.0957003302826522,5.921529529805949,3.882340106993079,2.3595297354777016,5.111921799398738,0.8181961694272277,0.20442427797236012,0.17966336519869647,0.27591159655514097,16.235254220864032,3.5512099490582334,1.1578306519230523e-05,40.23895622255878,5.622093023255814,0.035239215733944854,39.627906976744185,0.2483872745011046,12.53456113651325
s637,2.394709662937327,25.755145906378925,0.46234005309879533,49.14743439015427,5.151288914422647,2.0102884615384613,0.019230769230769232,0.0,0.2932692307692308,0.0,0.0,0.3557692307692308,0.0,0.10096153846153846,0.0,0.04326923076923077,0.0,0.1875,0.0,3.1264216576802575,4.38093145376594,3.635544347347495,3.0651316939304314,5.259438963332664,0.39381587737002016,0.0853358872787821,0.07840364777772921,0.08384205109179135,13.320286952629601,3.2172358219426576,2.8682223321826686e-07,38.00967233350462,0.21351351351351353,0.0029493732529282486,0.7162162162162162,0.009893467240835264,12.242335500555987
s638,2.5008957035662283,13.504155822915868,0.61617221619283,25.246900016755735,1.6554055607444043,2.478139534883721,0.0,0.0,0.0,0.4883720930232558,0.046511627906976744,0.27906976744186046,0.0,0.18604651162790697,0.0,0.0,0.0,0.0,0.0,2.5104084076718567,3.5931734185027526,2.9957437000207605,2.484015119106425,4.348240580871675,0.6367442990500192,0.09373318124775475,0.35659924036300544,0.35659924036300544,8.942424169452549,2.029049609923169,6.14106062022774e-09,16.16029174405242,0.7638888888888888,0.015786125202427746,3.9166666666666665,0.08093976921972044,13.170592667816514
s639,1.9872182630822945,24.047849816533777,0.320460726421427,41.152306376181045,2.9900007224062817,2.180164609053498,0.0,0.0,0.5349794238683128,0.04938271604938271,0.0,0.1646090534979424,0.0,0.25102880658436216,0.0,0.0,0.0,0.0,0.0,3.225169703236831,5.580188725378471,4.0234604751892356,2.494616780422858,6.97707640809843,0.5454997293039399,0.07294741828163193,0.014952427587755524,0.10194526583930018,12.929794268158405,3.2244311598432387,2.351239790418071e-05,38.512977293153114,3.39,0.02320476448477993,24.22,0.16578743239568436,13.09339243588312
s640,2.766569169396056,24.738526749079238,0.49279797466961367,48.76344214962728,4.098835024719548,2.008878048780488,0.0,0.0,0.3121951219512195,0.0975609756097561,0.0,0.35121951219512193,0.0,0.024390243902439025,0.0,0.0,0.11707317073170732,0.0,0.0975609756097561,2.744029986736673,4.434341082339707,3.534787603843898,2.5152320346042343,5.617196545214967,0.798045742384204,0.17004026936297958,0.07928962563642278,0.11671596840622007,15.846330358245266,3.103092337731271,6.357578693756877e-07,35.77127201066302,0.13055555555555556,0.0018535323061747034,0.3861111111111111,0.005481723203367739,12.768934870449097
s641,2.531765602622381,15.12369652166275,0.6245931068531259,28.626996987433095,2.506076553135353,2.3927358490566037,0.0,0.0,0.0,0.4386792452830189,0.0,0.3160377358490566,0.05188679245283019,0.0,0.08018867924528301,0.08962264150943396,0.02358490566037736,0.0,0.0,2.5856333588485296,3.722458626574339,3.1264454334149825,2.4601858329751556,4.449719520355934,0.6503432644702886,0.11948613121351134,0.35836542737664234,0.3616036691902867,9.280613908897791,2.236578554910882,2.327603307845613e-06,20.65034900792175,0.19701492537313434,0.004116992882937764,0.4746268656716418,0.00991821012707734,15.41504947207371
s642,2.3401631973768513,15.312420881844927,0.5813562058985424,29.623094603195327,1.727107440075672,2.3404830917874397,0.0,0.0,0.07729468599033816,0.4396135265700483,0.0,0.28502415458937197,0.043478260869565216,0.15458937198067632,0.0,0.0,0.0,0.0,0.0,2.6199552085964144,4.011952719730617,3.1488752626157734,2.500095740981348,4.548368856205445,0.8649939957459791,0.12724361001076473,0.32416718364148633,0.199870297871408,10.905286794289568,2.191461962580157,9.745875962239528e-07,18.75736059132824,0.8711864406779661,0.016216193419707235,4.098305084745762,0.0762855169043815,14.949310782566517
s643,2.3332758257556043,21.676785671828583,0.4243248664926268,38.70854584255103,1.6981792711302308,2.231955555555556,0.0,0.0,0.4222222222222222,0.0,0.13777777777777778,0.24,0.09333333333333334,0.0,0.035555555555555556,0.0,0.07111111111111111,0.0,0.0,2.9621881335086573,4.7520026822711765,3.672095128747511,2.0487678204252924,4.909230704331645,0.30979707642408216,0.07302629525425794,0.11226060186716134,0.11226060186716134,11.811034896543008,2.9121478413519126,5.8806392207156755e-06,31.912187159203764,0.3333333333333333,0.0036905840751089306,1.4,0.015500453115457509,13.017673991736356
s644,2.0348644263777587,23.91409270188028,0.3246586900762341,42.89353135416624,1.764432878817532,2.081504424778761,0.0,0.0,0.5530973451327433,0.004424778761061947,0.0,0.11504424778761062,0.30973451327433627,0.017699115044247787,0.0,0.0,0.0,0.0,0.0,3.3508071276647518,6.004858413871522,4.485645234562531,5.651371319182747,12.660022991392037,0.0,0.0,0.0,0.1127213933449833,14.284545870321253,3.1642061650047935,5.09266143665045e-06,39.55614891557636,4.323076923076923,0.0207971566784241,25.415384615384614,0.12226655812368901,10.802102721089737
s645,2.169717315860609,23.69936011816986,0.37470240293131013,42.811747310242346,4.800260250017302,2.079464285714286,0.03571428571428571,0.0,0.5535714285714286,0.0,0.0,0.21428571428571427,0.0,0.14285714285714285,0.0,0.0,0.05357142857142857,0.0,0.0,3.084566034295392,5.028886015200422,3.898924981605773,3.046668671984825,5.122268502030354,0.2789572723135103,0.061372244585655315,0.11749904647595881,0.11749904647595881,13.751251115655133,3.0866693560491805,5.013819781704082e-09,36.04391430680128,0.8935185185185185,0.00807904740944709,3.287037037037037,0.029720847982940075,13.772863768923687
s646,2.1553162765899327,15.062708589654438,0.6984853298212709,33.65864512009203,2.2545527207229954,2.148342541436464,0.1712707182320442,0.0,0.11049723756906077,0.3370165745856354,0.0,0.3812154696132597,0.0,0.0,0.0,0.0,0.0,0.0,0.0,2.5457288664154403,3.4935671928818732,3.0068386817178143,2.292715489411044,4.343422226412094,0.6844836194159378,0.17741964397742102,0.2874996917545217,0.18751389686636435,10.017772737307379,2.1942239768435035,1.990967107207362e-10,12.904790457040594,0.2584541062801932,0.006541101350573197,0.9154589371980676,0.023168947774460203,14.38012612026567
s647,2.0271546216030227,23.08488254785143,0.5569419879150591,48.734752045464155,3.8843115448280607,1.8747368421052633,0.0,0.0,0.3684210526315789,0.0,0.0,0.42105263157894735,0.0,0.10526315789473684,0.0,0.10526315789473684,0.0,0.0,0.0,2.781391172569093,3.9217728047976617,3.38406597572918,3.1839111816710903,5.131326480685011,0.3855655218748971,0.07828567661379687,0.09533291261747602,0.09533291261747602,11.057675224292982,2.8697719808065805,1.1351631276563678e-07,29.218619127217544,0.08962264150943396,0.0016346563158111422,0.2028301886792453,0.003699485346309427,13.538454735972095
s648,2.185955773857905,12.245951011484317,0.3417985755624388,20.491558025883787,1.936099112043452,2.8664940239043823,0.2788844621513944,0.0,0.0,0.36254980079681276,0.2350597609561753,0.12350597609561753,0.0,0.0,0.0,0.0,0.0,0.0,0.0,2.864206387797424,4.3923518467924305,3.6572498182483417,2.231526653542513,4.86178422741654,0.5226979835038,0.09294433849808513,0.30217775250368817,0.30217775250368817,9.356928119395816,2.20528497530371,1.893828438654733e-07,15.88116641857354,3.435483870967742,0.03464841468389899,23.516129032258064,0.23717083854049167,12.982187348716131
s649,2.2430311621278296,14.906538099716489,0.752430782443152,32.866222557206214,2.8114213953884577,2.1864480874316943,0.13114754098360656,0.0,0.0,0.3551912568306011,0.0,0.41530054644808745,0.0,0.0,0.0,0.09836065573770492,0.0,0.0,0.0,2.5957481324821123,3.616026645215976,2.954410534759058,2.2979022504876796,4.3883247960747696,0.6806720207038224,0.14964274915969775,0.349783028045695,0.3520994719400374,10.22714357925206,2.118085980277574,6.535703687291641e-08,14.113158881908141,0.06359649122807018,0.001771816996174376,0.1074561403508772,0.002993759752156704,13.960820344457762
s650,1.9153404328468346,25.20908904646796,0.285526416815898,42.715400884292904,1.4909442009725935,2.251557377049181,0.0,0.0,0.4426229508196721,0.0,0.06147540983606557,0.09836065573770492,0.3114754098360656,0.0,0.0,0.0860655737704918,0.0,0.0,0.0,3.762620176000603,6.6956355560628955,4.631513914828217,3.1749691925756043,5.526776232429189,0.3358150881523545,0.07151194079525279,0.09999533655830681,0.09999533655830681,13.556659706708274,3.395516342288515,4.207129787442843e-05,40.27907277008965,8.3,0.032384884718289174,56.44166666666667,0.22022371907326566,11.480465840999415
s651,2.6420275541095766,13.065197298742216,0.6868163194470915,25.05161683887271,2.46596568208798,2.523971291866029,0.11004784688995216,0.0,0.0,0.3062200956937799,0.215311004784689,0.3253588516746411,0.0,0.0,0.0,0.0,0.0430622009569378,0.0,0.0,2.551184260835131,3.5248360274951662,2.9755464278706856,2.272612525234857,4.61101606922954,0.710692676823895,0.14404059049498902,0.3085118543409049,0.3131165088833065,8.528187361979565,1.975666586277745,6.445464920691974e-10,14.254396249746282,0.3058823529411765,0.007617300284478621,1.3588235294117648,0.03383839164835695,15.866427777253975
s652,3.0016157766649023,14.592938849199154,0.7887636648871954,31.34165275566639,1.8197646930601903,2.2062433862433863,0.0,0.0,0.0,0.43915343915343913,0.0,0.4021164021164021,0.026455026455026454,0.037037037037037035,0.0,0.0,0.06878306878306878,0.0,0.026455026455026454,2.5249119161050664,3.597048000754698,2.879365278708329,2.606736128582609,4.350521136044155,0.7620749052812905,0.12210565103846016,0.34867113167009967,0.34867113167009967,10.780450682890418,2.0644429312629007,1.487883496737043e-07,12.759987355711907,0.16885964912280702,0.004653019879654161,0.6995614035087719,0.019276796644281523,18.29217232333501
s653,2.495677349505875,14.253262275441772,0.4217293832089545,24.04632002931674,2.198122778829508,2.675685483870968,0.07258064516129033,0.0,0.0,0.5725806451612904,0.0,0.1814516129032258,0.0,0.0,0.1532258064516129,0.0,0.0,0.0,0.020161290322580645,2.8454447266861567,4.282745530700386,3.3791915378182114,2.329626946287547,4.47385391615837,0.650088604722467,0.07802213711004469,0.35864684048648193,0.35864684048648193,11.105574041869861,2.377255187399834,3.390100279188317e-06,24.470406305991222,1.7244444444444444,0.021953095351762427,9.653333333333334,0.12289206985574223,13.713500489846457
s654,2.296256406830076,14.763203112767298,0.36746221443376387,24.013564556843015,1.7454277739817863,2.7885992217898825,0.0,0.0,0.0,0.43190661478599224,0.1828793774319066,0.13618677042801555,0.08560311284046693,0.16342412451361868,0.0,0.0,0.0,0.0,0.0,3.015274064326497,4.803653323380519,3.5821882973529373,2.540688163637232,4.475883086674849,0.582260098383664,0.12391507767258332,0.32523432191706386,0.32523432191706386,11.571133935681912,2.4093887504003284,4.1722031946443845e-07,22.82773168931354,7.75,0.07149176657363493,79.24285714285715,0.7309950768367797,14.506196655102036
s655,2.246425379719285,16.353484046131264,0.37562513528531377,26.703790404442177,2.6278415900258847,2.6375193798449614,0.0,0.0,0.10852713178294573,0.5038759689922481,0.0,0.17829457364341086,0.0,0.0,0.20930232558139536,0.0,0.0,0.0,0.0,2.874832193193923,4.208789996526337,3.4514001833991474,2.4778730514753664,4.472581535126397,0.6166958251848416,0.10558319159873669,0.35729066673734755,0.23701452886600918,10.544240893060024,2.6067813036785896,3.2410193795845323e-07,27.101462319704464,2.489130434782609,0.02713785321589576,15.36413043478261,0.16750810271034347,13.622577733509603
s656,2.903302987419957,18.20426026932168,0.5611973062958526,33.47732608849837,4.1249689229821875,2.3565437788018437,0.009216589861751152,0.0,0.0,0.3640552995391705,0.0,0.33640552995391704,0.0,0.0,0.10138248847926268,0.0,0.009216589861751152,0.17972350230414746,0.0,2.6511686085833466,3.978577650694968,3.299785792717612,2.324872327202505,4.387417490480646,0.8516978590971903,0.16324826741306417,0.3393540619279873,0.3559317028842396,12.131104743519163,2.626350384097708,1.1084532930402176e-07,27.74195096061034,0.09315068493150686,0.001721377582299395,0.18082191780821918,0.0033414976597576493,14.379295422616844
s657,2.0191557693925715,23.537927576423304,0.46595902256164,45.965575550185136,3.700972840861274,1.9594685990338163,0.0,0.0,0.46859903381642515,0.0,0.0,0.32367149758454106,0.0,0.1642512077294686,0.0,0.043478260869565216,0.0,0.0,0.0,3.0442378148142595,4.271235056297396,3.573143853578647,3.0541986598422284,5.096537232290558,0.2882395400402239,0.0668021693798006,0.10411736161693272,0.10411736161693272,13.191201038285971,2.951171208409553,1.2624830539909209e-08,33.71275084045408,0.2626865671641791,0.0036122192284479696,2.0,0.02750212367113795,13.311187849844488
s658,2.685510176414919,33.47621641891166,0.3502265814871748,56.815268710969725,12.916196232779502,2.083609958506224,0.0,0.0,0.3278008298755187,0.0,0.0,0.27385892116182575,0.02074688796680498,0.0,0.11618257261410789,0.0,0.0,0.0,0.26141078838174275,3.43176105149244,5.1116585352422605,4.167570514195805,2.0554692828435446,5.16785875616303,0.3737433555916373,0.07556951518270943,0.05650127465697817,0.0675558718724739,16.432848543780597,4.2182010030017505,6.663037276772895e-06,51.17836553685414,1.3818181818181818,0.011304241548060411,5.384848484848485,0.044051836032682784,9.161953139004774
s659,1.9898875518836296,25.106151140673553,0.31756984478835987,41.51540025222488,6.31263040596965,2.195612648221344,0.0,0.0,0.5691699604743083,0.0,0.0,0.18181818181818182,0.0,0.07509881422924901,0.1383399209486166,0.03557312252964427,0.0,0.0,0.0,3.231271668749049,5.431650927419015,4.109031462150462,2.7783488052217784,5.078423298373405,0.33196493019957646,0.06302921929635273,0.11085427513958228,0.11085427513958228,12.900240762780006,3.3152288928194062,3.55458001101623e-05,38.37023641392078,2.0489130434782608,0.014838182172226839,11.141304347826088,0.08068507547232101,12.266327398037966
s660,2.050271842700604,22.361325137517998,0.6042868887086651,51.40200713429467,2.133388192879724,1.7623728813559323,0.0,0.0,0.3898305084745763,0.0,0.0,0.4350282485875706,0.12994350282485875,0.0,0.0,0.04519774011299435,0.0,0.0,0.0,2.609799182926393,3.7666258466528904,3.2650449936194326,3.1255007148571825,5.051717481065938,0.32949045858143783,0.072326267325074,0.09314161075258864,0.09314161075258864,10.770819861840652,2.7966374856201095,5.867093585550374e-07,23.57735658808187,0.08874458874458875,0.0017264810012716343,0.22510822510822512,0.004379366442249999,14.661151488176754
s661,2.6488564539553736,15.228675275061125,0.7978818417370963,35.00617563228336,1.8287942871539915,2.1066101694915256,0.07344632768361582,0.0,0.0,0.3898305084745763,0.0,0.4350282485875706,0.05649717514124294,0.0,0.0,0.0,0.0,0.0,0.04519774011299435,2.4113842793515095,4.006082858444277,2.8681349559395874,2.2578191058545354,4.399406350362917,0.7637415867442265,0.14238455075638293,0.3560198962045064,0.3575678087966999,12.933454101431492,2.1273875614425664,3.6448176669196784e-07,11.71807765570553,0.0735930735930736,0.0021022883038158747,0.15800865800865802,0.0045137366523105545,14.262321311317152
s662,3.0250210376121083,35.08697566839951,0.3004456147651303,55.02275729817195,11.902315685323845,2.213913043478261,0.0,0.0,0.3333333333333333,0.0,0.0,0.18115942028985507,0.0,0.0,0.06521739130434782,0.0,0.11594202898550725,0.0,0.30434782608695654,3.6559546974877204,6.155032744735916,4.365461352057525,1.9590415775316592,5.305266161282982,0.3906080513463466,0.0772407525716857,0.0545675820137569,0.06907288862500872,16.95216595728267,4.371638789557012,7.193858401566024e-05,52.512877796820305,2.24,0.01156546250336274,11.21,0.05787894404584658,8.955976345446677
s663,2.3157184424514026,16.674737010311095,0.5973673288413751,32.11430831615469,3.0607169339005575,2.260096153846154,0.0,0.0,0.17307692307692307,0.34615384615384615,0.0,0.34134615384615385,0.0,0.0,0.13942307692307693,0.0,0.0,0.0,0.0,2.6297299373527494,3.7598583628656383,3.161164317165856,2.402507915975738,4.416208704577864,0.7259391679493762,0.15496582276889725,0.32658216575055765,0.21694478936027745,11.214083235347182,2.339500287135442,2.517570789268165e-10,21.926400473943392,0.14647887323943662,0.002998548041212386,0.5014084507042254,0.01026426060261163,14.080610465450363
s664,2.464418773151992,29.81883316353995,0.40806185524533045,54.50491635630657,5.406580059027084,2.027219730941704,0.0,0.0,0.2825112107623318,0.0,0.0,0.3273542600896861,0.0,0.12556053811659193,0.0,0.1031390134529148,0.0,0.0,0.16143497757847533,3.1698089377873075,4.830040717814926,3.8391238405570083,3.2067733053413243,5.19718277539356,0.42870860738005295,0.08505603395111633,0.06554423685352795,0.078181851148816,15.684207271783764,3.699966095723241,3.310573422130654e-08,45.167134575117885,0.5068493150684932,0.0055642446369794105,1.7205479452054795,0.018888354767692267,11.052096886424204
s665,3.1085451018128447,19.857102392038627,0.32383180003434525,32.42488871611372,2.388845352593483,2.5218604651162786,0.0,0.0,0.2868217054263566,0.32558139534883723,0.0,0.10852713178294573,0.0,0.0,0.0,0.0,0.27906976744186046,0.0,0.0,3.1765102444971802,6.127246406550851,4.007839325205034,2.404406004300487,4.403205469309217,0.7163694977271893,0.16852685517393526,0.2931897954561711,0.18979802848290375,13.008861046783617,2.7881784674493644,2.4608746203333492e-06,31.121250389666063,2.8482142857142856,0.015566648196149441,11.866071428571429,0.06485290110558811,12.596741185560058
s666,1.983283155553668,24.62085299603894,0.3381871330549948,42.994623888605254,3.7553593741500637,2.107008547008547,0.0,0.0,0.5726495726495726,0.0,0.0,0.18803418803418803,0.0,0.23931623931623933,0.0,0.0,0.0,0.0,0.0,3.2907677455919484,5.24188122695695,4.033809991302469,3.2706379838579385,5.127976272039905,0.2655140302171473,0.05710053751460012,0.12193195439739699,0.12193195439739699,13.989379995485606,3.1489767613219097,6.967537525944734e-07,38.520540768368384,2.2474747474747474,0.017164396754927445,13.469696969696969,0.1028706654952618,11.190285744843202
s667,2.9963157540272536,23.595474019126907,0.5199651297620902,47.6724883243584,2.94181830435664,2.144747474747475,0.13131313131313133,0.0,0.0,0.2727272727272727,0.0,0.37373737373737376,0.0,0.0,0.0,0.0,0.0,0.0,0.2222222222222222,2.7135886211802,4.37480221105378,3.4333048396531485,2.275862896428055,4.177306972843576,0.7868398150661909,0.21139673640330114,0.2551173599957613,0.33711936856582747,15.508442754990481,3.0630391754366464,1.4124001022920646e-09,35.441029797391224,0.19164619164619165,0.0030355543734597737,0.5651105651105651,0.008950993665330103,10.976144278080511
s668,2.5199141314340983,13.12080605345394,0.6462779283844647,25.98434139997739,1.2900008617854697,2.3886138613861387,0.034653465346534656,0.0,0.0,0.4900990099009901,0.01485148514851485,0.2623762376237624,0.16336633663366337,0.034653465346534656,0.0,0.0,0.0,0.0,0.0,2.5580798177660644,3.705422958883541,3.0572278307783827,2.26028400944904,4.38999242678864,0.5436476499907048,0.0810158517634981,0.3419962250678368,0.3419962250678368,9.312690354376203,1.9200694892020755,8.607007749653867e-08,13.631488703706907,0.6566037735849056,0.013130079586644137,4.369811320754717,0.08738294345594202,14.371559821418735
s669,2.061035834052003,22.154889703410444,0.5998080447783736,51.306060365792575,1.8877318717652871,1.7429545454545454,0.0,0.0,0.4318181818181818,0.0,0.0,0.42045454545454547,0.14772727272727273,0.0,0.0,0.0,0.0,0.0,0.0,2.8202557157967414,3.8831266965746827,3.2473465533385504,3.2393662863292767,4.975828031344883,0.325235797247062,0.06924818744776814,0.10085100193050822,0.10085100193050822,11.341223580518534,2.767052917631357,4.5994499343181404e-07,22.862235048753167,0.1373873873873874,0.0026073319383873705,0.41216216216216217,0.007821995815162111,14.379383196358235
s670,2.8597772619951645,30.432170483390472,0.25118145247004003,46.28893299842029,5.2320402453546215,2.369515570934256,0.0,0.0,0.42214532871972316,0.0,0.0,0.09688581314878893,0.0,0.0,0.0,0.0,0.24567474048442905,0.23529411764705882,0.0,3.3735490400823163,7.991448295335336,4.647394859856978,3.3835989685861216,5.729833763133752,0.2771359975678484,0.0762174895679396,0.07015994703870833,0.07629042784791584,14.888863603309055,3.8603077285368013,5.187446367609685e-07,45.232075413419906,6.589285714285714,0.02097807334664825,32.3125,0.10287215100476967,11.402041424890344
s671,1.9102977956825473,18.58758014843139,0.3339753896211181,34.47440078811639,2.7670024195603466,2.308986175115207,0.3087557603686636,0.0,0.3686635944700461,0.17050691244239632,0.0,0.15207373271889402,0.0,0.0,0.0,0.0,0.0,0.0,0.0,2.9822707485383275,5.02230680658657,3.968969510665183,2.26448185063179,4.773549806062866,0.5324545693773505,0.15157909927711516,0.099785378324723,0.12510268620361556,12.911922074237342,2.660233196055296,1.4191859571175962e-06,30.22738286391451,2.224242424242424,0.01819757306896195,18.8,0.15381163940032688,11.882871409264649
s672,3.5669788292123097,18.380599933611407,0.329032402182796,29.386947199246993,1.8688393093486788,2.738576779026217,0.0,0.0,0.0,0.5580524344569289,0.0,0.10486891385767791,0.0,0.0,0.0,0.0,0.2696629213483146,0.0,0.06741573033707865,3.028011596198911,5.588231962282721,4.066587032320972,2.560993380738706,4.559601223369966,0.48640411981537673,0.10089819920619043,0.3130309160930582,0.3130309160930582,13.782266695025159,2.7800402196243246,8.701531212329657e-07,31.092508097193107,5.517857142857143,0.031481653889605395,33.19642857142857,0.1893993352128687,11.579296149318528
s673,2.2948691337634006,23.978875132122226,0.5138084542143788,47.48757624204601,10.272914219271465,1.9317821782178217,0.0,0.0,0.40594059405940597,0.0,0.0,0.3910891089108911,0.0,0.0,0.10396039603960396,0.0,0.0,0.09900990099009901,0.0,2.9770113022400966,4.123884206147736,3.500883396343823,2.0601095404195737,5.115718381567543,0.33845130591015166,0.07134528060735051,0.09760845609947727,0.09760845609947727,12.138403799059427,2.9677807231284996,7.654732772745802e-08,32.79495002813631,0.06329113924050633,0.001032261735012173,0.1291139240506329,0.0021058139394248324,13.899215831859202
s674,2.79041713318273,25.151389899385762,0.45304133217230336,47.78764080883293,4.370698366388603,2.0430143540669854,0.0,0.0,0.3827751196172249,0.06698564593301436,0.0,0.3062200956937799,0.0,0.0,0.0,0.0,0.1674641148325359,0.0,0.07655502392344497,2.829822442078155,4.49549713400289,3.647833699182725,2.518081564037369,6.275923358066722,0.694943403574987,0.11739107544741526,0.03603276468898291,0.0930341876018448,13.949381477074157,3.13653351340198,4.290982094787265e-06,37.601679275168806,0.315625,0.0038427585151351684,1.915625,0.023322880888889688,12.635459337998448
s675,2.7656017771862587,28.103099993400978,0.39932748201879364,51.95531091216989,9.099147483435763,2.0335454545454543,0.07727272727272727,0.0,0.38636363636363635,0.0,0.0,0.2772727272727273,0.0,0.0,0.0,0.0,0.10454545454545454,0.0,0.15454545454545454,3.3197299554909336,4.759370783668087,3.9441248585665996,2.9621606429113427,5.227103406749676,0.37939211223546543,0.0837564906145255,0.09306543900946887,0.09367973233626405,16.74528157283553,3.565128748955001,8.258616876631281e-07,43.124402733789914,0.3836065573770492,0.0037847652532500714,0.9901639344262295,0.009769223132320697,11.59053466517055
s676,2.2722886435837744,21.717752583132068,0.479780943394291,41.10860310378567,1.7777313471143938,2.1307075471698114,0.0,0.0,0.4056603773584906,0.0,0.12264150943396226,0.30660377358490565,0.0330188679245283,0.07075471698113207,0.0,0.0,0.06132075471698113,0.0,0.0,2.846537993910989,4.354206067248398,3.4948717300766767,2.1112479709669723,5.0085277329803715,0.31864408169007896,0.06953095174569103,0.09891897838233309,0.09922428387116744,11.325335199432045,2.7985397933594474,8.267178415370555e-08,30.14563163049323,0.18769230769230769,0.0026497755507177583,0.46153846153846156,0.006515841518158423,13.352143890424285
s677,1.9753053385615755,28.133373018420503,0.2723307024430212,45.71673115493325,2.308048548110584,2.297,0.0,0.0,0.36538461538461536,0.0,0.0,0.11923076923076924,0.2,0.0,0.0,0.25,0.06538461538461539,0.0,0.0,3.59787658963016,6.459798257966845,4.590164483731892,3.33247520599309,5.484751029659017,0.3270106579387297,0.08248239227956618,0.07847772244884751,0.08042345110460407,13.905606425199373,3.734213918070699,7.332575306368701e-08,43.53558081470517,6.967741935483871,0.02952967033939658,39.74193548387097,0.16842849008396568,10.216706008691247
s678,2.041457693240747,21.16613334618756,0.3548022832517615,38.658805533119455,5.146875399950128,2.133393665158371,0.19909502262443438,0.0,0.5475113122171946,0.0,0.0,0.17194570135746606,0.04072398190045249,0.0,0.04072398190045249,0.0,0.0,0.0,0.0,3.391930680241315,5.184028503483209,4.08072580947025,2.9518814373526316,4.9743540353738815,0.27446179367879386,0.057358928503964283,0.11910896902756705,0.11910896902756705,11.917736935070703,2.945060211806559,1.4441385644298994e-07,32.483289715081284,0.9052631578947369,0.007354017195839018,5.9,0.0479293795147415,12.781646275039128
s679,2.361473850647545,22.673486781457694,0.4192482273063579,43.1000514494376,4.241830559569336,2.0334597156398106,0.07582938388625593,0.0,0.5260663507109005,0.0,0.0,0.23696682464454977,0.05687203791469194,0.0,0.0,0.0,0.10426540284360189,0.0,0.0,3.204567119617487,4.934317523173054,3.7553742567750055,3.0386463967132116,5.017437222657785,0.2986656620162055,0.06510759777140085,0.11306435549313366,0.11306435549313366,12.444880489926904,2.9428558024905165,9.383613258138001e-07,33.25297760420791,0.192,0.0020066446228712105,0.476,0.00497480646086821,14.037133971473164
s680,2.8245031563350604,27.672404840200187,0.352590923706959,47.72487211570755,7.009854252870721,2.1294117647058823,0.0,0.0,0.4957983193277311,0.0,0.0,0.20168067226890757,0.0,0.0,0.0,0.0,0.2184873949579832,0.0,0.08403361344537816,3.1711030279410877,5.52696040865124,4.089444574365583,1.9849253873779966,5.255757366033089,0.3044911737690977,0.0761658121896121,0.11144264832332518,0.11144264832332518,15.728750122701681,3.5083428617136434,6.611633292384868e-06,42.616679642936,0.8981481481481481,0.0065458395597208455,3.759259259259259,0.02739805011594498,11.986956535859889
s681,2.620744372990609,25.688122507554166,0.2332619277690577,38.09784352569628,2.96381885740631,2.7743973941368076,0.0,0.0,0.0,0.3745928338762215,0.0,0.08469055374592833,0.0,0.0,0.0,0.250814332247557,0.24104234527687296,0.0,0.048859934853420196,3.1110462825434877,6.873013548459831,4.313219071818773,2.574579412483038,4.513536040069094,0.6352056317889385,0.18271635765603533,0.2182607129363457,0.24944081478439512,16.410652186539586,3.504628348962964,2.2045187303542634e-07,38.7398791213096,11.01923076923077,0.03632903710366105,60.91346153846154,0.20082412744475803,12.084474896701817
s682,2.2757857695800983,22.473566280630664,0.35418356140290835,37.60882520432072,4.395916404120474,2.2532113821138213,0.0,0.0,0.5040650406504065,0.09349593495934959,0.0,0.1910569105691057,0.0,0.0,0.15853658536585366,0.0,0.052845528455284556,0.0,0.0,3.1122579060546394,5.0199459085034315,3.8786628911403382,2.450669077231688,5.075677650492874,0.8497922198944263,0.202463979430304,0.10944540098338826,0.14035781725346935,12.849217370632017,3.0277179818650866,1.8995512887183e-08,34.156865585181066,1.0,0.008501405971057304,3.6893617021276595,0.031364761603858225,15.466051414277501
s683,2.433074534838114,13.91000478064715,0.3327640609536819,22.769880437110313,1.3427390387960854,2.7355642023346305,0.0,0.0,0.0,0.6108949416342413,0.0,0.08171206225680934,0.19844357976653695,0.0,0.10894941634241245,0.0,0.0,0.0,0.0,2.816114741591958,5.529902033608927,3.7586501230394087,2.5069561526813615,4.3716884286943385,0.4835728357474635,0.06916169159776181,0.33964032043754405,0.33964032043754405,11.117265815829057,2.281512714158941,5.240877256772734e-07,23.232383936478023,11.476190476190476,0.06741501569907084,119.48809523809524,0.7019133947837906,11.35244979291709
s684,2.550924508631188,13.366585264294297,0.7174094400203258,25.619288423230735,2.6906113198229686,2.4317391304347824,0.0,0.0,0.0,0.45893719806763283,0.06280193236714976,0.3526570048309179,0.0,0.0,0.12560386473429952,0.0,0.0,0.0,0.0,2.5960839863040213,3.3507463731059115,2.970767969118765,2.4436338331291094,4.414178229749969,0.5670204740063195,0.0885809040282355,0.35882407573231834,0.35882407573231834,8.871785652604322,2.0210960163284053,2.855880513388372e-07,13.793606926922589,0.09863013698630137,0.002602206024044583,0.30684931506849317,0.00809575207480537,14.011041364070907
s685,2.4151928450639395,19.643417918799607,0.30060764243645416,30.092044471352615,3.2705856979734174,2.779513888888889,0.0,0.0,0.0,0.4583333333333333,0.0625,0.15625,0.0,0.0,0.1909722222222222,0.0,0.0,0.13194444444444445,0.0,2.8831432819898257,5.308802652034955,3.500805695705435,2.472252894451054,4.226166888946776,0.6738836445645943,0.13965168076225584,0.38308982038964895,0.38308982038964895,20.177074922456473,2.9634388769913986,2.6589658014739838e-06,30.683118133236682,3.738888888888889,0.02974031257206935,24.616666666666667,0.19580880387346108,16.030234577843302
s686,2.05149917331038,23.56934339534682,0.45914178252614857,44.21859114879227,4.6577273835614905,2.026556603773585,0.0,0.0,0.4339622641509434,0.0,0.0,0.32075471698113206,0.018867924528301886,0.04716981132075472,0.08018867924528301,0.09905660377358491,0.0,0.0,0.0,2.946166875055682,4.233484622863126,3.6152635355873626,2.0801436330805414,5.282142178725854,0.28952631758009917,0.07046247421281772,0.10858238816901859,0.10858238816901859,12.25343161729006,2.975361513509038,2.8660476120035987e-07,34.60875691902786,0.29411764705882354,0.004002641102854585,1.0529411764705883,0.014329455148219412,14.62896892305781
s687,2.8102610715872096,13.470803266543589,0.6545175548318412,26.423498715143193,1.3551295329768365,2.3906372549019608,0.0,0.0,0.0,0.5098039215686274,0.0,0.27450980392156865,0.11764705882352941,0.04411764705882353,0.0,0.0,0.05392156862745098,0.0,0.0,2.5336286369635035,3.592895877979517,3.000623822907138,2.5465117269930944,4.357200332579098,0.6090697764319646,0.09065545485677648,0.35161792178418594,0.35161792178418594,9.790739782714478,1.9503961170650859,1.8150432667792483e-07,14.59923474258745,0.8178571428571428,0.016666400620604902,4.764285714285714,0.09708724204317441,13.878614624954448
s688,1.7024615444903437,22.18827083777318,0.20906054497608625,34.181930750083055,2.8416876007617096,2.7656842105263157,0.13333333333333333,0.0,0.0,0.3824561403508772,0.0,0.08771929824561403,0.0,0.10526315789473684,0.02456140350877193,0.26666666666666666,0.0,0.0,0.0,2.9648321419760175,7.152259686609657,3.787690999605983,2.2787814789177885,4.2647107326296325,0.7392154874941849,0.20316931734143218,0.1929020746406175,0.2679195481119688,16.263991337133422,3.194551586317777,2.766651728788933e-06,36.28791990558145,12.44,0.04918040158035825,94.9,0.3751784654321542,10.38273298670409
s689,2.2875177591184204,22.463477269105223,0.504174796746925,47.17330226512099,7.501131845432437,1.9185714285714288,0.15873015873015872,0.0,0.42857142857142855,0.0,0.0,0.3439153439153439,0.0,0.0,0.0,0.0,0.021164021164021163,0.0,0.047619047619047616,2.944082892962433,4.158211201080429,3.506513635126887,2.962363183830213,5.0126136563329355,0.35412874271482264,0.06959493617020576,0.10668427765189979,0.10668427765189979,11.615633841352988,2.83737783875457,7.705982051474623e-07,29.107313277840507,0.017948717948717947,0.00027479447781944923,0.010256410256410256,0.00015702541589682813,13.508921524288787
s690,1.9905976656364626,22.121900413437633,0.283313949493117,36.035045327549334,1.1539533691385084,2.4910424710424715,0.0,0.0,0.3667953667953668,0.0,0.2471042471042471,0.0888030888030888,0.2972972972972973,0.0,0.0,0.0,0.0,0.0,0.0,3.4764745832022297,5.700001906615608,4.350759092913205,3.393832705019603,5.221761166246148,0.33709339941135474,0.0796675633670754,0.09940352778976705,0.10049587424899528,13.299579979086102,3.2780311941194227,2.5918594907096538e-05,37.494878541631564,8.467391304347826,0.03399032125982056,68.3586956521739,0.2744096667561123,11.812564687119764
s691,2.9493514281743956,27.790436932846266,0.34783152029789777,44.8397847444084,3.5121230243690045,2.464866920152091,0.0,0.0,0.0,0.35361216730038025,0.0,0.23193916349809887,0.0,0.0,0.1482889733840304,0.0,0.0,0.0,0.2661596958174905,2.9277597750998194,5.46601821075974,3.7966866536318027,2.4344131578170427,4.4017615550424845,0.8299029617383644,0.213983510659577,0.262757448413326,0.3304784402724306,18.796899075126106,3.8632821689595005,3.231768875166226e-07,45.673663334098045,1.8237704918032787,0.015221200130948973,8.008196721311476,0.06683646079971751,11.82275534254819
s692,2.5886216050583157,27.21430790976293,0.43476406030964126,53.89500193894229,9.50761916666397,1.9642574257425742,0.16831683168316833,0.0,0.32673267326732675,0.0,0.0,0.32673267326732675,0.0,0.0,0.0,0.0,0.0,0.0,0.1782178217821782,3.1556370572228034,4.595848674699451,3.8381126283341565,3.012283059681255,4.992881978118047,0.39833122521481246,0.08219106669822875,0.07855074157981945,0.08416150883552083,15.721380769217213,3.393406658365875,3.605519357592053e-06,41.306093120650964,0.11515151515151516,0.001382499327228541,0.22727272727272727,0.0027286170932142254,11.268538615613375
s693,2.2455941122124794,24.76306490419705,0.45223039903914214,46.08083382172321,3.394567436743006,2.0853738317757013,0.0,0.0,0.308411214953271,0.0,0.0,0.3177570093457944,0.0514018691588785,0.0,0.0,0.22897196261682243,0.09345794392523364,0.0,0.0,3.1110720004762635,4.494896872675477,3.578247024691253,1.9273166747853818,5.3319985390735445,0.3388657612233115,0.08381467366610876,0.07997506016793487,0.08366621679107034,14.296360912721743,3.1773635135858322,1.852742272446093e-07,36.67818543921529,0.4823529411764706,0.006189501526986085,2.1852941176470586,0.02804146118628452,12.176119104351576
s694,3.247000377173939,13.97002297461762,0.7049872991172327,27.940045949235227,1.6733933886110628,2.3689,0.01,0.0,0.0,0.5,0.0,0.33,0.0,0.0,0.0,0.0,0.16,0.0,0.0,2.490754971700955,3.519218235729491,2.9490658896583075,2.4186440998636343,4.343706779932703,0.632189465210548,0.10309983655252714,0.3641560436474118,0.3641560436474118,9.727432271989487,2.0113449512773354,9.007975066878776e-09,15.714433239507853,0.49696969696969695,0.011739422354420931,2.4272727272727272,0.057337056743238815,11.54535457910931
s695,2.433195825481273,14.048080292452651,0.48997681767343687,23.04619708108243,2.5786936179122666,2.786972111553785,0.0,0.0,0.0,0.32669322709163345,0.28286852589641437,0.23107569721115537,0.0,0.09163346613545817,0.06772908366533864,0.0,0.0,0.0,0.0,2.6019514385906284,4.414266613222412,3.2519220198808365,2.452737576795951,4.467413380888165,0.6647585512934531,0.13967623063246015,0.34360008929420827,0.34360008929420827,9.428162808442819,2.313511633190612,9.860792856677919e-08,18.66401130041987,1.5301724137931034,0.02516967799226508,7.655172413793103,0.12591929046271208,15.521342324333181
s696,2.774512957187231,15.06233241607384,0.5608171315524593,28.75536188523187,1.3310021983415534,2.3980952380952383,0.0,0.0,0.0,0.4714285714285714,0.0,0.23333333333333334,0.20952380952380953,0.0,0.0,0.0,0.03333333333333333,0.05238095238095238,0.0,2.6926406303980235,3.9727252002722686,3.282721650139133,2.6231397928404245,4.4774999936443685,0.7392524028759093,0.11637465739625621,0.36239478387560575,0.3638800083996861,12.450919431955079,2.213217764623229,9.667585223753748e-09,23.044898643117612,0.6122448979591837,0.009484397164458553,1.9306122448979592,0.029907465725259305,11.736317782786712
s697,2.614400475648689,24.27463766342341,0.4815784946184393,47.61563541671522,5.760803846765682,1.962941176470588,0.0,0.0,0.45098039215686275,0.0,0.0,0.3333333333333333,0.0,0.0,0.0,0.0,0.1568627450980392,0.058823529411764705,0.0,2.8459919070742123,4.377470363482611,3.5672876088297754,1.9615462646072124,5.120445353609579,0.2925020522468542,0.06845321206686257,0.10304016166648512,0.10304016166648512,11.661115435493187,3.0324483508424445,5.71536419738744e-07,34.31083315822721,0.28823529411764703,0.00395797592140039,1.1058823529411765,0.015185703535168843,14.206516642503404
s698,2.5821068885411584,14.664882256106194,0.6050875748975715,27.18060073330026,2.7374461467442073,2.5192093023255815,0.08372093023255814,0.0,0.0,0.3488372093023256,0.15813953488372093,0.3116279069767442,0.0,0.0,0.06511627906976744,0.0,0.0,0.0,0.03255813953488372,2.616088201977907,4.116072136411322,3.1022661325766667,2.3157952932497463,4.444328688964442,0.7163039766185958,0.14438851625663562,0.33286370309112767,0.33587150763713186,11.155925070000572,2.22611758647807,2.676742194639214e-06,20.279139646685547,0.4298507462686567,0.009134303708188128,1.662686567164179,0.0353319942045888,15.89137938535917
s699,2.566410562670203,29.205338822395543,0.3141591529955927,46.76331037633569,5.009856894155916,2.256022304832714,0.0,0.0,0.4349442379182156,0.0,0.04460966542750929,0.19330855018587362,0.0,0.0,0.137546468401487,0.0,0.04460966542750929,0.0,0.1449814126394052,3.2562864988874045,5.3742330844140485,4.108255713970675,2.934561834607773,5.167654465611652,0.4815617561828538,0.07843954750201122,0.09508623120686008,0.09600939850013054,15.959608444045942,3.7256963919140222,2.5782005897591745e-06,43.656972304954245,1.4278846153846154,0.009451090655419879,5.7548076923076925,0.03809075930820739,10.665540631502422
s700,2.2388199720535864,29.524959766791408,0.2344396907113055,44.512248988512965,2.6143747137188145,2.4515488215488217,0.0,0.0,0.3501683501683502,0.0,0.08754208754208755,0.1111111111111111,0.0,0.2255892255892256,0.0,0.0,0.0,0.2255892255892256,0.0,3.258456079803035,6.58061410558044,4.347560996141626,3.170203508989923,5.529947677587494,0.3760047351043486,0.08787782917926824,0.10539295804878268,0.10539295804878268,14.112552792146577,3.7261442592269414,1.8806166975078467e-05,41.634831902659634,6.545454545454546,0.024632471407826827,34.57575757575758,0.1301187494274556,10.9051448935552
s701,2.494518118757403,26.188596707257503,0.22940454634596016,39.69209188443711,2.2413011774659473,2.657731958762887,0.0,0.0,0.0,0.35051546391752575,0.0,0.08247422680412371,0.10309278350515463,0.15463917525773196,0.0,0.0,0.0,0.30927835051546393,0.0,3.397871739182209,6.4104454951729615,4.8750249652667215,2.5143012806671647,3.6933858563722777,0.8035749715731342,0.1836832516171994,0.23072555938753536,0.27071798968137484,19.538525517999524,3.5475763403858993,1.5159682557299062e-06,41.59723319565765,11.977272727272727,0.037719329464117074,82.5,0.25981245911716316,12.149105963680729
s702,1.8802351991163635,23.943567483457198,0.34562020734139953,42.69008155965231,4.1247070657313,2.183478260869565,0.15217391304347827,0.0,0.41739130434782606,0.0,0.0,0.20869565217391303,0.0,0.0782608695652174,0.0,0.14347826086956522,0.0,0.0,0.0,3.0459687751240194,5.711888293381232,3.8146053871987795,3.0354614953160226,5.263028377988914,0.3952910285175337,0.07484494662149725,0.10174319963194517,0.10216890339609556,12.887939322846547,3.1741975403774427,1.181816309310046e-07,36.96187650341635,1.9291666666666667,0.016814900115880393,11.541666666666666,0.10059886246433841,11.383401796150636
s703,2.5121490991088518,13.603841576002454,0.41141875325236416,22.985801283590362,1.2734063257280543,2.7151020408163267,0.0,0.0,0.0,0.4122448979591837,0.17959183673469387,0.11020408163265306,0.2979591836734694,0.0,0.0,0.0,0.0,0.0,0.0,2.671019601331372,4.59444611303996,3.5324050104558062,2.5744143448527996,4.698487840208682,0.6824372098375856,0.13129629179117216,0.3180740087532203,0.32044769538570694,14.659242501486894,2.3246473362919726,8.234561295069141e-07,22.86942424903249,6.207407407407407,0.05028591584452141,56.49629629629629,0.4576738426565212,11.215476601041976
s704,2.5289558989597327,23.104326062439448,0.4383306113650372,43.91903422679933,5.975580326744279,2.024644549763033,0.04739336492890995,0.0,0.5260663507109005,0.0,0.0,0.26540284360189575,0.0,0.0,0.0,0.0,0.16113744075829384,0.0,0.0,3.0189067501704465,4.934483998783803,3.6542797680173735,3.026988720708098,5.053059394344999,0.2838192830614954,0.06456611451616001,0.11032571434897591,0.11032571434897591,11.595138168656145,2.9367047247258293,7.063662967566725e-08,33.059548947346386,0.23214285714285715,0.0026666596654270785,0.6392857142857142,0.007343570463253032,14.610413290432263
s705,2.2046767312139135,24.32061905604915,0.4811730857643522,49.90793702126754,2.230792681254545,1.8945685279187818,0.0,0.0,0.4010152284263959,0.0,0.0,0.3248730964467005,0.18781725888324874,0.0,0.0,0.0,0.0,0.08629441624365482,0.0,2.895280591194956,4.315387875492632,3.5596967323159685,3.2118252359305366,5.23356684146384,0.29211468556799997,0.07256005238996775,0.0862128595747737,0.08666423580291387,12.131522022493085,3.0066730402130375,6.849189821544812e-07,34.06478594398931,0.3619791666666667,0.004835291916426232,1.6041666666666667,0.021428344032507617,12.481814604665692
s706,2.5985280374297828,15.389711153270405,0.5214025188004624,27.65143223473787,2.3948824400545536,2.4761085972850676,0.0,0.0,0.08144796380090498,0.4751131221719457,0.0,0.25339366515837103,0.0,0.03619909502262444,0.09954751131221719,0.0,0.05429864253393665,0.0,0.0,2.7465478080095203,4.064680604172164,3.201847788315501,2.433784565649907,4.440034134990328,0.7104890109991233,0.10604012284726663,0.3607122122541288,0.24619296561065648,13.505105030814057,2.262552944734465,5.60311274523918e-07,22.422540700333325,0.6607142857142857,0.01087874962773815,2.232142857142857,0.0367525325261424,13.909266176310913
s707,2.640018747356001,23.008323070426886,0.42403455318243,41.71427678622109,2.333978056017724,2.1405381165919284,0.0,0.0,0.48878923766816146,0.0,0.06278026905829596,0.24663677130044842,0.013452914798206279,0.0,0.0,0.0,0.18834080717488788,0.0,0.0,2.9290145004728414,4.95555203313487,3.6708213969743686,1.960857462651131,5.173889956523831,0.3816652100712689,0.06977886380119644,0.11953770906089352,0.11953770906089352,11.628593895416142,2.966302262093182,2.0837950617027138e-07,34.010302291086084,0.5927272727272728,0.006353715581952779,3.0545454545454547,0.032743074164664626,14.559704483299083
s708,2.3177449200830362,22.367876448472263,0.44882046500111283,39.06032155927245,2.510307002275145,2.2735042735042734,0.0,0.0,0.3333333333333333,0.0,0.15384615384615385,0.3076923076923077,0.0,0.0,0.11965811965811966,0.0,0.0,0.08547008547008547,0.0,2.8502916958260216,4.874245322874314,3.466732186601998,2.0302312874544617,4.982023960166543,0.30702855642465937,0.0730993573179053,0.09284399979267591,0.09342067059884158,12.341148630506083,2.9445741781721275,1.4086873928866243e-06,32.530636343932315,0.2006172839506173,0.002759689557653314,0.5493827160493827,0.007557303711727538,14.811913008006734
s709,2.3402583410964914,22.580006793782427,0.30210277336588,36.21062065100479,3.765737624530961,2.3725095057034222,0.0,0.0,0.4752851711026616,0.1482889733840304,0.0,0.13688212927756654,0.0,0.0,0.1520912547528517,0.0,0.08745247148288973,0.0,0.0,2.8541967141242313,5.826216656696643,3.818774859835016,2.3973960307784408,4.340270539897849,0.6926786313427241,0.2119277803145235,0.20489880124460289,0.17640836692346085,12.027506439151129,2.9185117827676668,1.7227040112084322e-07,32.7944410906794,3.0069444444444446,0.018228380617150246,16.17361111111111,0.09804595486684278,15.297094057970254
s710,2.3360172794762906,15.71977193605167,0.639963052930732,32.99424659105354,1.3251619452608354,2.186282722513089,0.0,0.0,0.09947643979057591,0.3769633507853403,0.0,0.3089005235602094,0.21465968586387435,0.0,0.0,0.0,0.0,0.0,0.0,2.6017090439608577,3.6171805119703593,3.0900199833114894,2.5088015574334332,4.476044059601569,0.6746661384998367,0.16459953891544366,0.2713640606649785,0.18099528019676756,11.19142490011754,2.2503598970255028,4.3225186651277424e-08,16.778276359091063,0.4406779661016949,0.008659518408029289,1.0564971751412429,0.02076064028591637,13.250386411789622
s711,2.6921370051660407,13.155517192782073,0.5742497871271114,25.345491839304916,1.566809275230527,2.475095238095238,0.11428571428571428,0.0,0.0,0.5190476190476191,0.0,0.23333333333333334,0.07142857142857142,0.0,0.0,0.0,0.06190476190476191,0.0,0.0,2.5898241219693032,3.964717377294475,3.1004525211783163,2.289377478149578,4.341584406029271,0.6554467338023259,0.08545255613760311,0.3616723142032227,0.3616723142032227,9.972557582239403,1.9504180589668816,1.587954721502976e-06,16.369929286071216,1.2816326530612245,0.022731726519402442,8.902040816326531,0.1578913870662953,12.767906720354084
s712,2.6478243581195224,29.846466324222153,0.29872294509578073,47.61222008864009,5.7436238712523515,2.2756716417910448,0.0,0.0,0.3619402985074627,0.0,0.0,0.1791044776119403,0.0,0.04477611940298507,0.033582089552238806,0.0,0.11567164179104478,0.26492537313432835,0.0,3.1961705755803123,5.827631652548043,4.121233324825172,2.0345511315532394,5.485390968978337,0.4212225157253365,0.08475713056957969,0.07560171829995031,0.0776231546181308,15.129017681273965,3.7251980414060757,3.386622718251067e-08,44.40684812493915,2.8125,0.01687741985304219,12.244791666666666,0.0734792853231522,10.36656369026571
s713,2.127294556576888,22.49861108275153,0.48379173861258085,43.12233790860709,8.672064573547049,1.9697584541062803,0.0,0.0,0.5217391304347826,0.0,0.0,0.3285024154589372,0.0,0.033816425120772944,0.11594202898550725,0.0,0.0,0.0,0.0,2.8831608578976287,4.254383513574426,3.5685444957506607,2.0268252754863334,5.056721529783259,0.27308753412051784,0.06210568867071427,0.11363908771827401,0.11363908771827401,11.594858379733504,2.8349065271367975,4.2078671208205966e-08,31.359171862459966,0.11764705882352941,0.0017177657257606413,0.6352941176470588,0.009275934919107463,13.907726539172744
s714,3.101459582196497,32.94737476145197,0.3496638129183832,55.598694909950176,9.324577511649538,2.1151851851851853,0.0,0.0,0.3333333333333333,0.0,0.0,0.2345679012345679,0.0,0.0,0.0,0.0,0.1728395061728395,0.0,0.25925925925925924,3.510380733467154,5.3734404030566845,4.17935636360977,1.978175824830587,5.170699377182198,0.3942759944066729,0.08432350188954968,0.06217726470342207,0.07278570797035663,18.5183684773948,4.238748858229461,3.6338057495721697e-06,50.26594617787232,0.8987854251012146,0.006398877371949981,3.174089068825911,0.022597837205444976,9.878746674623725
s715,2.2284658270800035,24.342565465821767,0.38729001287591264,43.360194735994966,8.27539939880007,2.1139035087719296,0.07456140350877193,0.0,0.4649122807017544,0.0,0.0,0.2543859649122807,0.0,0.0,0.10964912280701754,0.0,0.0,0.09649122807017543,0.0,3.231319724110131,4.985950505677129,3.878256413016024,2.9336349397009274,5.344730772878496,0.34716872474207217,0.06874920169716764,0.10763190696929237,0.10763190696929237,12.639414369841782,3.194466456079804,1.3214129775532465e-07,37.83990249381362,0.4413793103448276,0.004612525409946379,1.1206896551724137,0.011711490298691979,12.454005780813906
s716,2.688899614600845,29.687049685832513,0.4406794814090568,57.44993874387962,8.556909290204652,1.925885167464115,0.03827751196172249,0.0,0.3014354066985646,0.0,0.0,0.3588516746411483,0.0,0.0861244019138756,0.0,0.0,0.0,0.0,0.215311004784689,3.1751330016717,4.885089940680697,3.8442870708003714,1.9953010843059351,5.018190887798457,0.4216336400729667,0.08534818680462324,0.08025577519441172,0.08723453825479535,14.999651925639373,3.5750908709001066,9.40638233738845e-08,43.95128943742679,0.27466666666666667,0.003320120872384066,0.768,0.009283444769384572,10.595724872248626
s717,2.068256944793446,21.610089202449853,0.28153775839761597,34.1740945527114,3.0330269045375187,2.451029411764706,0.0,0.0,0.40808823529411764,0.22426470588235295,0.0,0.1213235294117647,0.04411764705882353,0.0,0.20220588235294118,0.0,0.0,0.0,0.0,3.214917653245958,5.795778085595644,4.069161321353268,2.469082647089478,4.22536023028811,0.6662152621379995,0.19978368460106563,0.19200474415296753,0.16362858366917252,12.630336233700154,3.0370786180859524,8.686972543588718e-07,34.02964584444737,3.7954545454545454,0.021308470171620943,20.886363636363637,0.11726038375880028,13.5266861184582
s718,2.355310838399877,13.821081357088433,0.45834933661518557,22.9448017300684,2.186182903835199,2.79251968503937,0.05905511811023622,0.0,0.0,0.31496062992125984,0.2874015748031496,0.2047244094488189,0.0,0.13385826771653545,0.0,0.0,0.0,0.0,0.0,2.732385377626151,4.587156647194964,3.284557895964103,2.328352602934568,4.698980658060535,0.8241866714362303,0.13932197274948058,0.33262957096724105,0.33262957096724105,9.84773972481122,2.249316470792359,1.1576985357105772e-08,18.90702779965733,2.3701923076923075,0.03510841213763472,16.033653846153847,0.237498082107529,14.92355536729826
s719,2.3812634099684087,13.585868648737607,0.5513190160901762,25.099316656142378,2.2527156587168276,2.498073394495413,0.10091743119266056,0.0,0.04128440366972477,0.5,0.0,0.25229357798165136,0.0,0.0,0.10550458715596331,0.0,0.0,0.0,0.0,2.6669432379886886,3.864671756245511,3.172318331803632,2.329217167564817,4.3785407400034,0.6437562416104405,0.0866382611806927,0.3632304273814584,0.2599116551344425,9.525821043162852,2.0971833903635977,9.102487559235438e-08,19.72507985727342,0.41818181818181815,0.0077657593992539195,1.3345454545454545,0.024782901735010333,14.143758329796633
s720,2.2414794697114684,11.656867642365096,0.4811842642291061,22.064785180191066,1.561534524095354,2.5806603773584906,0.29245283018867924,0.0,0.0,0.5283018867924528,0.0,0.1792452830188679,0.0,0.0,0.0,0.0,0.0,0.0,0.0,2.68739984932831,3.9908198047580132,3.1984014978313757,2.282963339313039,4.293987427336474,0.5509143822910479,0.06786825673619509,0.3581887529023127,0.3581887529023127,10.259758068728488,1.8604563271383991,2.2730487128145775e-09,14.59589260027358,2.0736842105263156,0.03188662036932354,17.42105263157895,0.26787998330573837,14.180511505861103
s721,2.266225239654266,28.21677352766462,0.25494245039400626,43.99903668720589,3.3991561494726543,2.3608333333333333,0.0,0.0,0.43478260869565216,0.0,0.0,0.10144927536231885,0.05434782608695652,0.028985507246376812,0.0,0.20652173913043478,0.17391304347826086,0.0,0.0,3.4344297122941625,6.886515122663414,4.633710720709831,2.0905467367554675,5.449103298286981,0.25550632486321684,0.07178758638898004,0.08234665834156686,0.08461308013078428,13.769380806304824,3.76157988952965,4.707835735831291e-07,42.102270090983154,8.142857142857142,0.029276449899979403,46.49107142857143,0.16715183621622012,11.51524704805075
s722,2.4597491981609654,13.682536304931384,0.51901108197898,24.456186938735637,1.5181674364525781,2.553039647577093,0.0,0.0,0.0,0.5594713656387665,0.0,0.22026431718061673,0.00881057268722467,0.18502202643171806,0.02643171806167401,0.0,0.0,0.0,0.0,2.513058321851338,4.174978674106949,3.131599124472184,2.456923895000907,4.372662861588291,0.5761940814575751,0.08330850891968944,0.3605455215119908,0.3605455215119908,9.677230286963061,2.0797658589119092,1.4628724398557704e-06,19.277692707228493,2.208,0.03554484355064464,15.772,0.2539009386235359,12.966339361866606
s723,2.4668669340150196,20.25935697111121,0.5707379908622406,40.121471648671225,1.6581581636661842,2.1275247524752476,0.0,0.0,0.3316831683168317,0.0,0.17326732673267325,0.3712871287128713,0.0297029702970297,0.0,0.0,0.0,0.09405940594059406,0.0,0.0,2.698845916993647,3.9868427083895943,3.2869413735094373,2.0514466710868264,5.075737692771985,0.3764646671036754,0.07616219728699355,0.09428125856234128,0.09739799438258394,11.322084573678858,2.6487641016210373,9.040702978084761e-07,25.555858966494803,0.14133333333333334,0.002590173399855654,0.30666666666666664,0.005620187565724533,13.07464439179439
s724,2.856727070689983,15.96752171570304,0.6174563527421673,31.465410439767737,2.176435622525399,2.3007462686567166,0.0,0.0,0.09950248756218906,0.4079601990049751,0.0,0.31840796019900497,0.0,0.04975124378109453,0.0,0.0,0.12437810945273632,0.0,0.0,2.60915824480192,4.01024793377398,3.0937224366831844,2.4495128736745606,4.458683063111381,0.8380030389086127,0.14600264695119836,0.31906643247720157,0.20924220076548916,10.156909296729355,2.2088042650850834,3.113589085336783e-08,20.174404660749566,0.334375,0.006667763701040606,1.115625,0.02224665085300464,12.542114841231422
s725,1.996351817539801,19.69087431432571,0.2846530361262584,31.771165304709577,1.7848152057570883,2.6528136882129276,0.0,0.0,0.0,0.42585551330798477,0.0,0.09505703422053231,0.19011406844106463,0.09505703422053231,0.0,0.19391634980988592,0.0,0.0,0.0,3.345584821727963,5.982459967884842,4.404361696105953,2.5359749482341067,4.947087472176485,0.6791025746165401,0.17244417077029145,0.27684313890306733,0.3076034876700748,17.337754475536777,3.074466370079016,1.749117703161415e-07,37.17258123585784,9.63,0.046488501471859255,69.55,0.3357502884078724,12.462580483707406
s726,2.302122077162013,28.634535626616458,0.30298421428171585,48.94271692208909,2.1641390222409944,2.160746887966805,0.0,0.0,0.36929460580912865,0.0,0.0,0.14522821576763487,0.2697095435684647,0.0,0.0,0.0,0.0,0.2157676348547718,0.0,3.3667078065270686,5.983649684858732,4.451700449657115,3.309372386988526,5.270405220323205,0.2947848138659948,0.07575292869833672,0.08546045586528148,0.08644843801401304,15.925276077790889,3.6188739311540576,1.584308378085164e-07,43.67085288109288,5.142857142857143,0.026083467060339902,34.58857142857143,0.17542580679581937,10.594604848519158
s727,2.401767102564078,23.06623502213485,0.46828599074599503,41.410248701155446,2.9957885189086944,2.1874122807017544,0.0,0.0,0.32456140350877194,0.0,0.10964912280701754,0.3333333333333333,0.0,0.0,0.10964912280701754,0.0,0.0,0.12280701754385964,0.0,2.762824519758525,4.350527681396076,3.4679487121250867,1.9527185402247227,5.136081929311559,0.323189922286902,0.07952012413859982,0.09963608701511126,0.1015059331521241,12.325043178152725,3.0304204654486258,3.246873446083544e-06,33.295717234692454,0.1631578947368421,0.002357817166958145,0.5078947368421053,0.007339656664885839,14.73986125544507
s728,2.8088418011620018,17.847167393652892,0.6262211052455127,35.34439032860668,2.8342316346548904,2.236633663366337,0.0,0.0,0.0,0.3465346534653465,0.0,0.37623762376237624,0.0,0.1188118811881188,0.0,0.0,0.0,0.15841584158415842,0.0,2.519266046489836,3.959070262902589,3.1214105527924225,2.5142369725203815,4.331156384563661,0.8559792154416954,0.17748938436922573,0.31981006852617405,0.34623312262092926,12.151068988928559,2.4867541196347935,5.059824058381146e-07,23.88234132420866,0.04736842105263158,0.0009985776333647162,0.09210526315789473,0.0019416787315425037,13.20166302644774
s729,2.3127383146098626,21.0940998359908,0.37827198024846714,35.542113422285894,2.7356854261664667,2.5322357723577236,0.028455284552845527,0.0,0.0,0.3170731707317073,0.0,0.2073170731707317,0.06504065040650407,0.0,0.0,0.2764227642276423,0.10569105691056911,0.0,0.0,3.000990144643625,6.097591348149399,3.683639036245538,2.2273225141501767,4.528261880467567,0.7535416161652997,0.20666463473886032,0.20476785179276563,0.28533225249811606,14.28234385766331,3.1345643244472368,2.0307363943608369e-07,36.29870454181543,2.929411764705882,0.028790850422283746,18.36078431372549,0.1804534962210609,11.097583893176376
s730,2.2117565572497866,23.752169527462172,0.33799292463751895,40.479049476379195,3.8397988542055876,2.1484297520661157,0.0,0.0,0.5867768595041323,0.0,0.0,0.16115702479338842,0.10330578512396695,0.0,0.10743801652892562,0.0,0.04132231404958678,0.0,0.0,3.3083227886229074,5.381475863534982,4.244501581637372,2.912326110382873,5.005500383628674,0.26696969228030026,0.05902873695489751,0.11924256296660882,0.11924256296660882,11.92389546519484,3.133254170455033,6.583971379373784e-07,36.689790171366944,1.0153846153846153,0.006889322823633768,3.758974358974359,0.02550441227133107,12.820774747413193
s731,1.9970005781981546,24.300090025488924,0.36429367965102954,44.89338665725917,1.7769841931783454,2.048440366972477,0.0,0.0,0.48623853211009177,0.0,0.0,0.1743119266055046,0.28440366972477066,0.0,0.0,0.05504587155963303,0.0,0.0,0.0,3.3383174402138676,5.541873431250817,4.0968286140723205,3.281436538747126,5.314909186513486,0.2952775255365803,0.06984421400616632,0.11218742469644177,0.11218742469644177,14.037383081020758,3.1725507307094043,4.961205155289544e-09,38.896194038229034,2.042105263157895,0.014648641316921694,11.294736842105262,0.08102057800544833,10.384581567897351
s732,2.0457266706828,28.305012705137948,0.23815822331577238,42.89978488122471,9.994634376354822,2.332749140893471,0.0,0.0,0.5738831615120275,0.0,0.0,0.11683848797250859,0.0,0.0,0.22336769759450173,0.0,0.0,0.0859106529209622,0.0,3.1618639774267714,6.191233216623397,4.099849667597033,3.1288297464519506,5.419555612731593,0.26889320795671845,0.06134174054391803,0.09887956235486417,0.09887956235486417,14.955212746326463,3.4950019846569367,1.251489570566982e-05,39.86544482713883,7.044117647058823,0.029076971756081274,43.4264705882353,0.1792574062540877,11.299146444473859
s733,2.139594853314204,15.758815344349976,0.4712577903955395,30.486680152153674,1.7636513162885747,2.3606763285024157,0.14492753623188406,0.0,0.13526570048309178,0.38164251207729466,0.0,0.20772946859903382,0.13043478260869565,0.0,0.0,0.0,0.0,0.0,0.0,2.775202982056842,4.344740221501866,3.43679019149969,2.2203735100518873,4.603882406959472,0.5594307793489454,0.1449324094948954,0.2683559746495627,0.171643164890328,12.109392230798917,2.311286591104527,7.583517621136571e-06,24.19906722927276,1.1069767441860465,0.014591940180560653,5.944186046511628,0.07835504012922904,14.307802445791882
s734,2.015147893711634,23.958309775143107,0.24212599125294035,38.05143317228614,2.7226257872603816,2.38262962962963,0.0,0.0,0.48518518518518516,0.14444444444444443,0.0,0.08148148148148149,0.0,0.24074074074074073,0.022222222222222223,0.0,0.025925925925925925,0.0,0.0,3.447333261471954,7.298549008366593,4.577031787518057,2.469166005111718,5.220324368770052,0.5345439187158806,0.1194307739509462,0.05839160845503351,0.11984350900151297,13.339851019134967,3.2884094531941632,7.682844803162531e-05,39.41427934801061,9.613636363636363,0.03269568432352627,64.79545454545455,0.2203673664453272,12.198271450421892
s735,2.076552268379954,22.105862210818362,0.5867332647868164,49.80814523450209,2.345750747278326,1.7730337078651686,0.0,0.0,0.4438202247191011,0.0,0.0,0.4101123595505618,0.10674157303370786,0.03932584269662921,0.0,0.0,0.0,0.0,0.0,2.7190307476009874,4.182691061627408,3.277561976583718,3.2780884953440825,5.018566747278563,0.29142169429333215,0.06852237339390958,0.1016868205042956,0.1016868205042956,11.073399694222156,2.7683329671174026,1.0692565433557977e-08,23.667491899806482,0.13470319634703196,0.0024990405335037517,0.7511415525114156,0.01393532772072431,13.283969785423034
s736,3.0242643162592566,22.494061867630894,0.32939215131681204,36.41226264822749,2.824915960510151,2.605096525096525,0.015444015444015444,0.0,0.0,0.39768339768339767,0.0,0.16602316602316602,0.0,0.03474903474903475,0.0,0.0,0.16602316602316602,0.22007722007722008,0.0,3.2537493416187666,6.199396002394516,3.813124911623492,2.3343268502826158,4.415425370623933,0.6883123470187076,0.20113319948487776,0.21056764414792548,0.2723130435597231,17.532201742725068,3.4312245311880734,4.567319354497053e-06,38.83296605818343,3.9651162790697674,0.02926555293459286,26.319767441860463,0.19425976266114645,11.152869370170725
s737,2.3185248185172074,16.449661632622355,0.5466555238520548,32.73645532828802,1.3514340128820164,2.2311442786069655,0.0,0.0,0.15422885572139303,0.3482587064676617,0.0,0.24378109452736318,0.2537313432835821,0.0,0.0,0.0,0.0,0.0,0.0,2.827272056451752,4.02441130654955,3.2615905037966253,2.4874735659298994,4.493035117094947,0.8944182280272883,0.1874063678127209,0.2579438564342406,0.17775186715988778,12.071239638075209,2.3493403774339177,2.2281428666171115e-06,21.536800971996986,0.8163265306122449,0.012097815722222462,5.640816326530612,0.08359590664055722,13.168469859845374
s738,2.962007170021031,28.530502265246433,0.2953621868207869,45.48097714048107,4.14389947473463,2.328929889298893,0.0,0.0,0.36531365313653136,0.11070110701107011,0.0,0.13284132841328414,0.0,0.04059040590405904,0.01107011070110701,0.0,0.1881918819188192,0.0,0.15129151291512916,3.166351558135205,5.649777297165024,4.370585855235849,2.3859786116429658,5.189568739731012,0.6789216487235351,0.16566304470591078,0.08997182706542148,0.10995315042938351,16.92440742308476,3.7499992714196932,3.487985509275629e-06,45.07370384326654,1.7777777777777777,0.008277539575995838,7.493055555555555,0.03488853594726371,11.674645038161774
s739,2.1852706518380196,18.96727059165617,0.37037222647982737,32.51532101426771,2.1706202138725,2.393416666666667,0.0,0.0,0.2833333333333333,0.3,0.0,0.1625,0.13333333333333333,0.0,0.12083333333333333,0.0,0.0,0.0,0.0,3.1829591169363205,4.918902597444137,3.8284715490031482,2.3761441186769297,4.909065377187774,0.8555737729246122,0.18707126630055074,0.15940821014760823,0.15966485892696705,13.097055660802587,2.8460414698272207,4.503072435348033e-07,33.21128412434112,2.2102564102564104,0.018936128154604735,17.215384615384615,0.1474909100116197,12.129882862122239
s740,1.9411179665361944,25.942523546304656,0.23805160818109222,41.20283151471912,3.846094782744698,2.2562962962962962,0.0,0.0,0.6296296296296297,0.0,0.0,0.07407407407407407,0.06296296296296296,0.17037037037037037,0.06296296296296296,0.0,0.0,0.0,0.0,3.792450656287797,7.045758915139625,4.8191542715850115,3.102599915997228,4.712009902594339,0.29475061756962834,0.05241905796353237,0.10909423246238245,0.10909423246238245,12.617453029164947,3.4027354916783885,3.6496235020968824e-06,39.143070205786955,8.6,0.024555708156147337,53.125,0.15168860416224736,11.386499410058846
s741,2.5007874555697467,23.27311664853584,0.5185698653964351,47.771134173310394,5.587673199147412,1.9,0.0,0.0,0.48717948717948717,0.0,0.0,0.358974358974359,0.0,0.0,0.0,0.0,0.15384615384615385,0.0,0.0,2.765485904075743,4.204058491576996,3.4333846095076406,2.0273343859938358,4.970682036139492,0.36014083846705286,0.06820239769159041,0.10230982358403329,0.10230982358403329,11.814897853816307,2.858427440645014,2.944509132627749e-06,30.75368025736766,0.18681318681318682,0.0028814853204647984,0.5714285714285714,0.008813955097892325,14.312180461652996
s742,2.4501327341547787,25.63965107318665,0.38899159882996437,47.3347404428061,5.52046253770097,2.1260648148148147,0.18518518518518517,0.0,0.28703703703703703,0.0,0.0,0.27314814814814814,0.0,0.0,0.0,0.0,0.0,0.25462962962962965,0.0,3.1056158998403323,5.148033293440963,3.7209842112888696,2.8977922802417333,5.245766721769566,0.3510956620725874,0.07472916864471559,0.053140875778910614,0.0655922943714587,14.414341037226663,3.3866314040931913,1.9301710283671102e-07,39.790258513824334,1.0610169491525423,0.011303383731219984,4.769491525423729,0.05081105721989303,10.972908623354694
s743,3.0593093507002584,30.208864899716925,0.2731354111683688,46.991567621781954,7.352481885833541,2.284,0.0,0.0,0.49642857142857144,0.0,0.0,0.09642857142857143,0.0,0.0,0.0,0.0,0.26071428571428573,0.0,0.14642857142857144,3.647122219633638,6.125764154681848,4.6541973089364,3.280720788792826,5.534686086273865,0.28591524896738485,0.0759991152459562,0.09289213117602685,0.0937602819346813,15.433193961251797,4.013299927837692,7.376375631440758e-06,46.07313723974568,3.3518518518518516,0.010699319116664788,17.90740740740741,0.05716155572273398,14.929038985810724
s744,2.2375814587244878,20.836223880636418,0.4471274856821961,40.129023770114564,3.9565479096941867,2.0963461538461536,0.125,0.0,0.4423076923076923,0.07692307692307693,0.0,0.2644230769230769,0.0,0.0,0.03365384615384615,0.0,0.057692307692307696,0.0,0.0,2.9934073081529475,4.541585646286342,3.5656096622231295,2.226122428493129,5.467777791284152,0.6594047799854298,0.13110565978049993,0.054207416518522934,0.12312427777587813,10.343188278245398,2.7490384402894215,6.729152028660297e-07,29.395453289889126,0.2290909090909091,0.0029072889321955613,0.730909090909091,0.009275636117004887,13.72823023600189
s745,2.4521647504734023,16.46393957725653,0.708114738968881,36.541914671471794,1.9571469137243007,2.0743956043956047,0.02197802197802198,0.0,0.13736263736263737,0.3131868131868132,0.0,0.3956043956043956,0.08791208791208792,0.0,0.0,0.0,0.04395604395604396,0.0,0.0,2.5927699122673284,3.5401752803659106,3.022870449992747,2.3148612160256485,4.396158064439842,0.8495329687221437,0.1870150547888591,0.2550014850910172,0.1713555783730346,10.183863271421947,2.3007301097576214,1.1251419831458126e-07,14.915531837612962,0.24305555555555555,0.005840269620928043,0.9328703703703703,0.022415511021276202,13.016484963081306
s746,2.4581314964070113,26.36233221930859,0.46477691356464473,51.95682951960822,2.73909007802838,1.953793103448276,0.0,0.0,0.28078817733990147,0.0,0.0,0.3448275862068966,0.1477832512315271,0.0,0.0,0.0,0.0,0.22660098522167488,0.0,3.0397478384576697,4.4661272159735645,3.6574322644245876,3.2514013571279636,5.2231891570253435,0.37198738023841216,0.07749332484713994,0.06164932810746812,0.06538565102307226,13.185700029054841,3.244230854369191,6.600468765770959e-07,38.57086739332704,0.5085714285714286,0.006652274035133837,2.1857142857142855,0.02858982942065947,11.591672002536452
s747,2.0820067005804583,21.1556241063398,0.5564254593476057,46.04459364321017,1.7018416744265021,1.891135135135135,0.0,0.0,0.372972972972973,0.08648648648648649,0.0,0.35135135135135137,0.1891891891891892,0.0,0.0,0.0,0.0,0.0,0.0,2.873677730463043,4.002098497486233,3.3381025683426335,2.4668161766146497,5.76246114101579,0.6698266149578247,0.14616555092973035,0.0611726788138076,0.11445838955767211,11.5064328590906,2.682727263896353,2.5127655769616064e-06,24.641211791191825,0.2794871794871795,0.004641706512868635,1.541025641025641,0.025593262515908714,13.523260345667234
s748,2.3576312290180956,22.930043660837526,0.5288186903911671,48.153091687758824,3.419386523489263,1.8674603174603173,0.0,0.0,0.47619047619047616,0.0,0.0,0.35978835978835977,0.06349206349206349,0.0,0.0,0.0,0.10052910052910052,0.0,0.0,2.806272364908942,4.059254357142855,3.3903993857514307,2.0093669486238293,5.012809218428653,0.3098703500037424,0.06515374806581654,0.10366310982740697,0.10366310982740697,11.30892822465781,2.8293969216360044,3.504037128077799e-07,29.008030305125786,0.10784313725490197,0.0016921339549667003,0.44607843137254904,0.006999281359180442,14.828304233615395
s749,2.242600725522907,16.929466264301226,0.5958614560839,34.74995706882883,1.490724796958532,2.1965128205128206,0.0,0.0,0.14358974358974358,0.2923076923076923,0.05128205128205128,0.3076923076923077,0.20512820512820512,0.0,0.0,0.0,0.0,0.0,0.0,2.6349720297878267,3.8839325730088334,3.2052672140522613,2.570750550230823,4.478043136258553,0.6767959519733997,0.18550535107955438,0.24143205998890538,0.17114563569122246,13.04091451518267,2.4081956657324453,3.1115534788179687e-07,20.975641460740885,0.6083333333333333,0.011056431682916564,2.475,0.04498301657296191,12.356012364766693
s750,2.149184854405834,20.241053894048008,0.393289473904332,33.645725347059916,1.7018018825930912,2.4461354581673307,0.01593625498007968,0.0,0.36254980079681276,0.0,0.23904382470119523,0.21912350597609562,0.05976095617529881,0.0,0.10358565737051793,0.0,0.0,0.0,0.0,3.191138787274101,5.037778812269213,3.7640594106698733,2.0740889786123726,5.020826215677332,0.31934929371244436,0.07161935817315154,0.0966648367741652,0.09984161544749459,13.883541864907532,2.9037950395848187,1.3857137373340913e-06,30.145342669588413,0.9954545454545455,0.010776488772849042,4.704545454545454,0.05092998118675232,13.952833265081148
s751,1.817090366408302,22.16178084388606,0.18184441087464753,31.592325883837532,3.2612560159356083,2.905313432835821,0.0,0.0,0.0,0.4746268656716418,0.0,0.0626865671641791,0.03283582089552239,0.0,0.20298507462686566,0.22686567164179106,0.0,0.0,0.0,3.054402190769315,7.260730851142198,4.368402701643903,2.6498574766011243,4.798974996081446,0.6125740138829513,0.1587218071469518,0.36462813028928726,0.36462813028928726,13.327747755952968,3.3741619028918857,2.3542571331041744e-05,32.80736161988446,17.253968253968253,0.04880438297896911,121.55555555555556,0.3438306944369323,15.214788878532373
s752,2.080816639882421,30.946350252258437,0.19894220272430183,46.26632562466353,4.777546923582153,2.4049337748344373,0.052980132450331126,0.0,0.4337748344370861,0.0,0.0,0.0695364238410596,0.0,0.16887417218543047,0.039735099337748346,0.046357615894039736,0.0,0.18874172185430463,0.0,3.3617085458545155,7.769978126171748,4.385731444661345,3.1441407126945213,5.833425086472352,0.274466821704792,0.06903806770190159,0.09881777453887997,0.09881777453887997,15.383201538950134,3.6345606767938925,8.305970247781277e-06,42.89524118887895,14.726190476190476,0.03308973801981146,86.26190476190476,0.19383042982340648,10.488214446839041
s753,2.697161476315644,14.69601336587267,0.3846708772269011,22.952200650070775,2.6539172070098624,2.8867625899280576,0.0,0.0,0.0,0.420863309352518,0.21942446043165467,0.16546762589928057,0.0,0.0,0.11870503597122302,0.0,0.07553956834532374,0.0,0.0,2.834372550646733,4.304855816721865,3.430866102339831,2.5215915790285695,4.46518800282585,0.6990820907876778,0.11345669075258562,0.3824813864783828,0.3824813864783828,10.422340441931693,2.582986288705683,1.572539186442025e-07,21.76323669593517,3.3315217391304346,0.03751078466530922,19.85326086956522,0.223534904375815,14.811858554136618
s754,2.5358562887766842,26.913580025354154,0.2967983907827688,43.67109211661243,4.272586227564522,2.2780232558139537,0.0,0.0,0.5,0.0,0.0,0.13953488372093023,0.0,0.0,0.0,0.11627906976744186,0.2441860465116279,0.0,0.0,3.1429081778389407,6.120277315044774,4.003956727681967,2.059984698370015,5.366412770307538,0.28967682211752277,0.0709410001641798,0.09207146702076677,0.09336824824641139,13.98101048247327,3.4838966903407607,9.213044542799772e-07,41.12671339119486,4.069444444444445,0.02109825065373735,22.11111111111111,0.11463622880802,12.36994236298383
s755,2.9768196168038643,13.86536144575976,0.5907598251682972,25.801629125152935,1.6404256461516622,2.4882242990654206,0.0,0.0,0.0,0.5373831775700935,0.0,0.2570093457943925,0.004672897196261682,0.09813084112149532,0.0,0.0,0.102803738317757,0.0,0.0,2.5162033077269537,3.7949433274818594,3.072743790777314,2.5627165247211967,4.383802257295622,0.6195432243929431,0.08752450678000917,0.35838088292169684,0.35838088292169684,10.522739271603733,2.063975872821202,4.07093331979637e-07,18.411563676915144,1.04,0.019277515459786995,6.378181818181818,0.1182264409666657,13.525520649710508
s756,2.7257278307960866,25.209241180318614,0.2969150796641382,41.41518193909483,4.647120503637297,2.230632411067193,0.0,0.0,0.6086956521739131,0.0,0.0,0.1067193675889328,0.02766798418972332,0.0,0.0,0.0,0.25691699604743085,0.0,0.0,3.4900753612283304,6.046296644012969,4.432606910350123,3.3266020021969362,5.177831440419704,0.250644179286645,0.06048337720211293,0.11329938130417769,0.11329938130417769,13.22923661684894,3.244508299950659,3.5780818037446095e-07,38.24827944907448,3.685185185185185,0.01560065333176748,23.444444444444443,0.09924837747747553,14.310154007677216
s757,2.011715380872423,25.012621200720666,0.2754163791964009,40.357787581530864,4.289974320558979,2.2284410646387833,0.0,0.0,0.6197718631178707,0.0,0.0,0.11406844106463879,0.08745247148288973,0.030418250950570342,0.1482889733840304,0.0,0.0,0.0,0.0,3.443850811157311,6.262512885449292,4.5110121937727685,3.0050150298051466,5.297889090473751,0.25520264564617323,0.05557734817455885,0.11974388664025497,0.11974388664025497,12.364926828325967,3.2476669619335348,6.662867059693172e-05,38.4496070178213,4.325,0.019723882740859993,24.933333333333334,0.11370685387409074,12.691134148284574
s758,1.9620129064196923,23.612092967634574,0.3119086661934168,39.896295014279154,6.195117464628129,2.2329795918367346,0.1306122448979592,0.0,0.5183673469387755,0.0,0.0,0.1673469387755102,0.0,0.0,0.11020408163265306,0.07346938775510205,0.0,0.0,0.0,3.1052265374724057,5.588870967339381,3.9667655995925064,2.024464550869121,5.399471825338425,0.3157448989203836,0.06652191710246702,0.10257895891420653,0.10257895891420653,13.173830400261098,3.1841057283838663,1.8302900746883045e-06,37.09513616788907,2.4878048780487805,0.017631919846449403,13.478048780487805,0.09552351869752881,12.091662878593985
s759,2.170553048631244,19.179202391228873,0.5727605214723844,36.6305487111759,1.7881216449000334,2.2372169811320752,0.014150943396226415,0.0,0.28773584905660377,0.0,0.2358490566037736,0.37735849056603776,0.0,0.0330188679245283,0.05188679245283019,0.0,0.0,0.0,0.0,2.6168592118807763,4.00089641391018,3.2180020059200842,2.0242430209714626,5.03391422770968,0.35957826921736763,0.08061995782594687,0.09142124574686548,0.0923446926736015,12.364413854195954,2.5608612108061877,1.0777566870821249e-09,24.615222997034312,0.2025,0.00398426862498563,0.515,0.010132831317864688,14.502675355670432
s760,2.4803354977234755,23.464904094132066,0.5520285221984121,50.09361548185498,2.7760038788216455,1.9280000000000002,0.015789473684210527,0.0,0.24210526315789474,0.12631578947368421,0.0,0.4,0.09473684210526316,0.0,0.021052631578947368,0.0,0.0,0.0,0.1,2.732158764846193,4.160652509077281,3.347525765496047,2.269218174037772,5.01001710341797,0.8673618558172174,0.1770879803750634,0.0953482389278531,0.11415290023493374,13.321286918221858,2.955178122051949,1.59743793117662e-07,29.729264648824294,0.14692982456140352,0.002504673771040839,0.5131578947368421,0.008747666603336663,12.386564486263614
s761,2.3370117740986345,16.514297407461502,0.5848741799449664,30.27621191367946,4.341806042490548,2.403318181818182,0.013636363636363636,0.0,0.0,0.37272727272727274,0.0,0.33181818181818185,0.0,0.0,0.10909090909090909,0.17272727272727273,0.0,0.0,0.0,2.611239722689706,3.8258682561031057,3.2385191813388796,2.4089594970730484,4.521248760049915,0.6985227784449581,0.15043757262397006,0.3299955389154261,0.3402496375822896,10.226860392752046,2.464068481202637,1.262222665769501e-07,25.016018948655034,0.06301369863013699,0.0012661205253360474,0.18356164383561643,0.0036882641390223988,15.615829498979112
s762,2.410555311667579,33.145477315869236,0.2556708053154388,52.16646145736234,5.617889798455267,2.224801444043321,0.0,0.0,0.44404332129963897,0.0,0.0,0.1263537906137184,0.0,0.23826714801444043,0.0,0.0,0.0,0.0,0.19133574007220217,3.478688706309176,8.045897937612898,4.347694604218804,3.1202806373622143,5.417238184270305,0.33136746176729376,0.08347312218151949,0.0958638797708209,0.09941439383640686,18.763492128504108,4.135940297301157,8.256830015169392e-07,49.17494040091817,6.042857142857143,0.023035960498044225,35.23571428571429,0.13432197770313495,10.466089925174401
s763,2.7657598973286204,23.56333108026016,0.3592872886107245,40.68488819613261,3.4540933571779004,2.215625,0.0,0.0,0.5041666666666667,0.075,0.0,0.175,0.0,0.0,0.0,0.0,0.24583333333333332,0.0,0.0,3.181885050813422,5.327636907611367,3.9953708656043596,2.577955717656849,5.936902625749979,0.8517183159054897,0.1444314911712341,0.05773130195349886,0.12308941774274296,12.75790249157463,3.0205027201487424,3.480209431236422e-07,36.48201453392044,1.4476190476190476,0.010751168095480351,6.276190476190476,0.04661197220343125,14.049497788244429
s764,2.213162377180797,17.937280615556997,0.2550688838559433,27.969996892054997,1.8332431460951264,2.769963768115942,0.0,0.0,0.0,0.5434782608695652,0.0,0.08333333333333333,0.0,0.2753623188405797,0.0,0.050724637681159424,0.0,0.04710144927536232,0.0,2.997901624663715,8.241799022765896,3.593578882563159,2.5811142769404887,4.834213118271735,0.762914372995867,0.17111957987017373,0.2940789880699484,0.3039917629487108,16.392920732621693,2.805431236978402,1.0308434401219055e-05,32.089060880155024,13.26086956521739,0.06160758073939515,129.7391304347826,0.6027443309060824,11.234001810396963
s765,2.391114730124867,22.689997781110186,0.42440317246628384,43.31726849121034,6.2733146770521415,2.0389999999999997,0.1,0.0,0.5238095238095238,0.0,0.0,0.2523809523809524,0.0,0.0,0.0,0.0,0.12380952380952381,0.0,0.0,3.0305227426239583,4.563662463539393,3.7074692509741762,1.9229961808750817,4.984888654709422,0.3085473296899872,0.062466175293490404,0.11135634615935795,0.11135634615935795,11.528994642379367,2.9074023940597056,3.763880684109571e-06,32.9102826965218,0.28679245283018867,0.003189993806046592,1.079245283018868,0.012004450375385858,13.155862655351962
s766,1.9285614998249274,22.35633865739487,0.2761284281199779,38.630438121233794,4.317625142352395,2.2392340425531914,0.19574468085106383,0.0,0.548936170212766,0.029787234042553193,0.0,0.11063829787234042,0.0,0.1148936170212766,0.0,0.0,0.0,0.0,0.0,3.17562074232605,6.294522495232247,4.399813437373518,2.2180110084367803,7.262052846599191,0.5680059805126016,0.053247692245624874,0.006329456928616112,0.10972593383813709,14.2094853855554,3.0368098993816024,5.6202013165254045e-06,35.83367960765339,4.630769230769231,0.022917009506046575,31.43076923076923,0.1555463469131334,11.929640211492924
s767,2.0594521884959263,21.72904302748308,0.42859107654216083,40.62386305138142,1.2447723556456165,2.1660465116279073,0.0,0.0,0.3953488372093023,0.0,0.13953488372093023,0.23255813953488372,0.23255813953488372,0.0,0.0,0.0,0.0,0.0,0.0,2.9695952884465,4.914025327914058,3.706692218998746,3.294641753678084,5.089355736713574,0.34421872544711063,0.08054322322149099,0.10642004357346639,0.10642004357346639,13.210759165187584,2.8592230355087636,4.5705414414929875e-07,32.90917479986557,0.6958333333333333,0.007447254129953311,2.408333333333333,0.025775526270137804,12.733193623432541
s768,3.4215371617806247,14.46505113249,0.4774336661290094,24.270220020956366,2.0860627710921995,2.737,0.0,0.0,0.0,0.444,0.152,0.192,0.0,0.0,0.0,0.0,0.212,0.0,0.0,2.7794931674469185,4.7726024314817135,3.2950206159241624,2.469585730446991,4.5599189892301455,0.6274874397536707,0.11908500786503784,0.32995977313654373,0.32995977313654373,10.72486689153661,2.3219256621056954,5.839229510501935e-07,20.688516997754867,2.015625,0.026754139785289673,12.072916666666666,0.1602483101351459,13.00850902833756
s769,2.0730571151372863,17.75184325785157,0.7158291037163059,42.754439395670744,2.809660061825862,1.9173684210526318,0.12280701754385964,0.0,0.2222222222222222,0.19298245614035087,0.0,0.4619883040935672,0.0,0.0,0.0,0.0,0.0,0.0,0.0,2.6401525336722123,3.561003876905808,3.0452334273437827,2.242163177324189,4.5274670775859835,0.775602113457812,0.19605344706848954,0.1692203241821304,0.14432350463948826,9.223448884485652,2.444415807934424,1.0808332303858357e-06,13.676800772561222,0.07383966244725738,0.0019216630032918853,0.1729957805907173,0.0045021818934267025,17.203452645279857
s770,2.363308306582304,23.023527775888876,0.44105433952428413,42.37103010856865,8.46411074641482,2.036164383561644,0.0,0.0,0.54337899543379,0.0,0.0,0.2785388127853881,0.0,0.0,0.0958904109589041,0.0,0.0821917808219178,0.0,0.0,3.011440748347643,4.5374932584272925,3.6844015458181527,1.9936136822138901,4.988775664804926,0.3147894606146071,0.06127506060057532,0.10851449909303927,0.10851449909303927,11.165322040394708,2.916959440928849,1.1996347087823823e-06,33.064663323162584,0.06885245901639345,0.0008329775687922521,0.14098360655737704,0.0017056207360984209,16.891644731277257
s771,2.322523344796611,25.366097460002994,0.4128288983262781,48.03845005699683,1.71579447926786,2.0386448598130844,0.0,0.0,0.3925233644859813,0.0,0.056074766355140186,0.24766355140186916,0.22429906542056074,0.0,0.0,0.0,0.0,0.0,0.0794392523364486,3.2023472917246956,4.771888153209226,3.8408895460378654,3.0993981731469944,5.127515479396765,0.3155494849993328,0.07860060731493348,0.09023517776096764,0.09057697767672887,14.792537048190173,3.2559398507971222,1.1547311522577548e-07,39.00774037382048,0.8075471698113208,0.007884539603120185,4.958490566037736,0.04841254690887815,10.568867838529588
s772,2.353784682108354,24.062589848174497,0.5110855428239355,48.125179696349015,4.5147819682502215,1.9633168316831684,0.0,0.0,0.3712871287128713,0.0,0.0,0.37623762376237624,0.0,0.0,0.0,0.12871287128712872,0.12376237623762376,0.0,0.0,2.946968222880038,4.186156257382084,3.490255342059994,1.9932475971903856,5.164236526244102,0.3104715828369658,0.07619846800677411,0.09308891913726355,0.09308891913726355,12.415327341475503,2.9608011085045014,1.804082911538653e-07,33.232721573908165,0.2131578947368421,0.003332892274189861,0.5263157894736842,0.008229363639974965,13.873061020031374
s773,2.3948843980134473,12.651296143656102,0.6335381678698621,25.054527657044453,1.655596695630344,2.4286138613861383,0.13861386138613863,0.0,0.0,0.504950495049505,0.0,0.2722772277227723,0.04950495049504951,0.0,0.034653465346534656,0.0,0.0,0.0,0.0,2.61137919410001,3.789798911664208,3.020670774111871,2.3386370821730256,4.378690272453197,0.578704498434525,0.08025011908748428,0.3689166803694247,0.3689166803694247,9.549224663444923,1.9085999646380818,1.3300391013503168e-08,14.933547280965385,0.7163636363636363,0.015417353505577455,4.385454545454546,0.0943823772981036,13.51746906009315
s774,3.2522009043521214,14.273144289669192,0.6454985155728402,27.017023119730958,2.0280748140314877,2.4801886792452827,0.0,0.0,0.0,0.4528301886792453,0.07547169811320754,0.3018867924528302,0.0,0.0,0.0,0.0,0.16981132075471697,0.0,0.0,2.5456707158010436,3.6063693785815842,3.0164953233980882,2.658627586906081,4.40298264272259,0.6151525657065641,0.11219684409562092,0.34771866302536947,0.34771866302536947,9.898861604249577,2.0887408057951156,1.196895393617199e-07,18.077164681564717,0.7039473684210527,0.014888969717909845,3.588815789473684,0.07590591571140018,16.429361576457847
s775,2.2126388525711937,18.776666740010743,0.3874720291623459,34.042249455466646,1.5260726893388712,2.288430493273543,0.0,0.0,0.28699551569506726,0.2645739910313901,0.0,0.13901345291479822,0.273542600896861,0.03587443946188341,0.0,0.0,0.0,0.0,0.0,3.202042722880287,4.917604219724959,3.8852294638415223,2.473217816485397,4.931024512618204,0.6465782995031829,0.1753448652797612,0.15477992203251026,0.14808210383844192,12.181251016388389,2.7121416955671593,5.982628103108911e-07,32.97643666100683,1.8451612903225807,0.013660690989732053,10.348387096774193,0.0766145047116441,13.152720748359537
s776,2.357274248567067,23.734801013396883,0.3923431745375822,44.373758416350725,5.551813800866858,2.1172093023255814,0.21395348837209302,0.0,0.3581395348837209,0.0,0.0,0.25116279069767444,0.0,0.0,0.0,0.0,0.0,0.17674418604651163,0.0,3.17924949022237,4.720459174117576,3.74199641530945,2.8577947762573412,5.055389253756224,0.44040619348091964,0.07955244199695265,0.08140911169682091,0.08722404824659384,13.709228836570254,3.2417109267757356,1.7101517203242963e-08,37.64876221182322,0.6925925925925925,0.007329047682932185,4.411111111111111,0.046678587114290016,10.458863827436277
s777,2.0515509274251054,20.838755966906188,0.48867354860688045,38.525431199322306,1.6174272312365474,2.2584545454545455,0.0,0.0,0.32272727272727275,0.0,0.21818181818181817,0.32727272727272727,0.0,0.12272727272727273,0.00909090909090909,0.0,0.0,0.0,0.0,2.8500766932625536,4.315102944703436,3.4568240123387404,1.9884334589707977,4.96164840117503,0.40278697921821244,0.08082584598941665,0.09489463150274383,0.09596086331738139,12.489351237631128,2.7643834240975016,2.4132504221110696e-11,29.049221469448195,0.33055555555555555,0.005191376028090197,0.7416666666666667,0.011647877306723384,12.304525142675391
s778,2.46044142480856,24.72240039657371,0.4959871159054496,48.72473087868404,5.332896455066155,1.967241379310345,0.0,0.0,0.35467980295566504,0.0,0.0,0.3694581280788177,0.0,0.034482758620689655,0.0,0.06403940886699508,0.08866995073891626,0.08866995073891626,0.0,2.990695713427738,4.233476396430052,3.557717672271543,2.0008224210016103,5.1852007084883915,0.3912658615873097,0.07847579952390969,0.09324992730106242,0.09476618628156752,12.472243648881154,3.0776127215247526,1.6724734580371352e-08,34.95450614263185,0.208,0.0031084073313141754,0.9013333333333333,0.013469765102361426,12.937552990144013
s779,3.249819573979786,16.487713424763513,0.40501234370914374,27.479522374605853,2.085048420427226,2.6728,0.0,0.0,0.0,0.52,0.0,0.16,0.0,0.0,0.0,0.08,0.24,0.0,0.0,2.792385782338933,6.336651672828276,3.524252569683795,2.6055393458190546,4.714218465020407,0.6228635676232197,0.12217576379189027,0.34291233362802753,0.34506901497160003,11.601538457526214,2.6104731412866675,6.028236411722208e-07,28.794000915051367,3.36875,0.032691009730339914,22.24375,0.21585770617862665,15.509697492655068
s780,2.543501282370116,23.792237641869317,0.3084032376323121,39.70625089901365,6.702585985862877,2.2234523809523807,0.06349206349206349,0.0,0.5992063492063492,0.0,0.0,0.12698412698412698,0.0,0.0,0.03968253968253968,0.0,0.17063492063492064,0.0,0.0,3.4197061641763002,5.641103327297905,4.335251129204188,3.229208885422245,4.981577035926882,0.2713682143285677,0.053775157870977974,0.11610680993283101,0.11610680993283101,11.82277953541254,3.1929176003974575,1.9023129621829552e-07,36.251126802214465,2.5625,0.013676596135884084,12.546875,0.0669652847385056,13.78477834529889
s781,2.357653670677822,26.26453308736046,0.4059451357356698,49.331644755390094,2.345555330232261,2.01875,0.0,0.0,0.35185185185185186,0.0,0.0,0.25925925925925924,0.20833333333333334,0.0,0.0,0.0,0.0,0.18055555555555555,0.0,3.261245058686287,4.947188334753381,3.830015874494038,3.2048008643292003,5.405116300123078,0.46510558506713845,0.07983016290684475,0.08326680776027955,0.08478074971955736,14.499147368364422,3.326463191944539,2.0757042571326702e-07,39.91694788418673,1.167857142857143,0.01152800915099787,5.682142857142857,0.05608887632794376,10.248063662656186
s782,1.9767347361296308,20.849651957198365,0.41512385329854967,40.507895231128266,3.913955535452399,2.0859313725490196,0.19117647058823528,0.0,0.46568627450980393,0.049019607843137254,0.0,0.24019607843137256,0.0,0.05392156862745098,0.0,0.0,0.0,0.0,0.0,3.1115626334993873,4.533399071572191,3.6624932618244954,2.265474910552013,6.849027965933062,0.6671027999845961,0.10586150519068796,0.028240193938804815,0.10816069482961284,11.807380137392194,2.7852106040189946,1.3397546245852121e-06,30.3386012782936,0.6448979591836734,0.007429474655131286,3.053061224489796,0.03517244963315318,12.914093082094746
s783,3.0549653859540675,14.067887716459708,0.5344749734843606,25.87060707179454,1.3633420294201934,2.517004608294931,0.0,0.0,0.0,0.543778801843318,0.0,0.20276497695852536,0.12903225806451613,0.0,0.0,0.0,0.12442396313364056,0.0,0.0,2.661114007511118,4.065841885994272,3.2183267971789418,2.5798937136893345,4.429617278661977,0.5905244328665158,0.09509640093553987,0.35145019407031064,0.35145019407031064,11.650799664774437,2.057479037688249,7.569178146637479e-07,20.483862036454077,2.3636363636363638,0.034067848881841244,18.672727272727272,0.2691360061665458,11.780160819109895
s784,1.8553848791621814,20.30178426840423,0.24241100845082172,34.259260952932145,1.9632442175619589,2.4541975308641977,0.32098765432098764,0.0,0.4567901234567901,0.0,0.13580246913580246,0.08641975308641975,0.0,0.0,0.0,0.0,0.0,0.0,0.0,3.3737629335667543,6.165997042837109,4.477650183162977,3.104133484673115,5.323750924524052,0.29040436059953245,0.0599668160559922,0.10646340618354024,0.10646340618354024,11.980309473421471,2.968497505063992,7.154743597953068e-07,31.051502445188856,6.1098901098901095,0.02600831472254456,51.10989010989011,0.21756235930675313,11.547505084795567
s785,1.9764881513436552,24.249156022605995,0.5038363875882694,48.49831204521198,2.426294025603889,1.983217821782178,0.0,0.0,0.25742574257425743,0.0,0.0,0.3712871287128713,0.12871287128712872,0.0,0.0,0.24257425742574257,0.0,0.0,0.0,3.004477703239573,4.16539348317439,3.5043108282124704,3.148485962170628,5.231857700974467,0.3826458754870306,0.08406558530601876,0.07003177857450386,0.07418620611705917,11.749314680563911,3.002973802473062,3.1897477169060645e-07,34.673405406669374,0.42933333333333334,0.006573669633922727,1.8506666666666667,0.02833619084436256,11.882332317053596
s786,2.0469570570407063,22.248509335039326,0.45133776577946877,43.4475606825768,2.22963004855208,2.00792270531401,0.043478260869565216,0.0,0.4782608695652174,0.0,0.033816425120772944,0.2753623188405797,0.09178743961352658,0.07729468599033816,0.0,0.0,0.0,0.0,0.0,3.102871070879085,4.416860216545763,3.594834941832529,2.8253401369661986,5.079695691767805,0.2789744333835391,0.0689748753221827,0.10898710693364567,0.10898710693364567,13.038010878070327,2.8257834437186227,2.588365241409721e-06,31.7704850038117,0.3649122807017544,0.004516396594228814,1.6631578947368422,0.020584346016004406,12.752133572815504
s787,1.9197484395056843,26.930530529152676,0.20957516749537303,40.0036036015569,12.009294522324891,2.3619607843137254,0.0,0.0,0.673202614379085,0.0,0.0,0.0718954248366013,0.0,0.0,0.2549019607843137,0.0,0.0,0.0,0.0,3.8217476742054575,6.782410790516112,4.671656851222595,3.2162327193801605,5.249305948193448,0.23918336235662693,0.05436500541931936,0.1091601732947809,0.1091601732947809,13.828749225197575,3.326599366442902,7.423995720986119e-06,36.97127159940249,11.467532467532468,0.030614440279528567,65.24675324675324,0.1741868040366382,13.406808524593657
s788,1.9372673395548938,23.064000986782993,0.4896119504732183,46.358641983433856,3.66789352943325,2.0141293532338307,0.11442786069651742,0.0,0.3034825870646766,0.0,0.0,0.35323383084577115,0.03482587064676617,0.0,0.0,0.19402985074626866,0.0,0.0,0.0,2.905313397895368,4.527124516901364,3.5326256926830175,2.8858415732219345,5.175709879563475,0.3143502388519591,0.07805302310415783,0.08978319607238514,0.09238560755274411,13.826776518079487,2.9187600597064476,1.3070015306644568e-07,32.87220718830883,0.4647887323943662,0.007118413868075012,2.352112676056338,0.03602348836268263,12.5265958692577
s789,2.5928576544141286,13.1302861877286,0.9214759329476807,30.234211616480327,1.3871628975342176,2.1198857142857146,0.0,0.0,0.0,0.4342857142857143,0.0,0.44571428571428573,0.05714285714285714,0.06285714285714286,0.0,0.0,0.0,0.0,0.0,2.415629312110652,3.1613808100035663,2.7686896954011937,2.5875165325577383,4.402601505291171,0.6949927950975869,0.11593455560260199,0.34889521740621127,0.34889521740621127,7.991639589399962,1.9068790923145584,1.4457583461903242e-07,5.801649383391429,0.10042735042735043,0.0034090578165568604,0.12179487179487179,0.004134389266888108,13.841497548288006
s790,2.671973882151811,14.198811964667886,0.8073949863264662,30.874160899917374,2.45460086505239,2.199946524064171,0.0427807486631016,0.0,0.0,0.40641711229946526,0.0,0.41711229946524064,0.0,0.03208556149732621,0.0,0.053475935828877004,0.0481283422459893,0.0,0.0,2.435614436894547,3.3847839237137505,2.8951027988187814,2.30591786274227,4.400834738238303,0.6730721181148498,0.1329889622242867,0.3492478742022454,0.3492478742022454,8.951729169388408,2.022409570806346,2.548294162360197e-07,11.6127296410094,0.08333333333333333,0.002448046947537916,0.1282051282051282,0.0037662260731352554,13.33304243902748
s791,1.9444704336230727,25.232496770929185,0.39937931441492724,45.25828785896818,3.7449562952885063,2.1100884955752215,0.0,0.0,0.3893805309734513,0.0,0.0,0.27876106194690264,0.030973451327433628,0.08849557522123894,0.04424778761061947,0.168141592920354,0.0,0.0,0.0,3.1388717066327003,5.17411581692496,3.758045977000845,2.9358305812586996,5.363965739094615,0.33500092639532963,0.07224661019230523,0.09576671381802435,0.09607170335247667,13.386255432001484,3.262201600666369,1.950781659762787e-08,38.62573824596772,0.8698412698412699,0.009609745650916244,3.3365079365079366,0.03686073970479187,12.570603769521673
s792,2.43526218978345,14.304742873001121,0.44437635697847017,24.30805956740747,1.7844388591455802,2.633744855967078,0.0,0.0,0.0,0.5555555555555556,0.0,0.17695473251028807,0.102880658436214,0.0,0.13168724279835392,0.03292181069958848,0.0,0.0,0.0,2.7629164786565696,4.419019379252332,3.3579268969952176,2.42017788158176,4.5108275064208545,0.5833970583010386,0.0845128407773891,0.3539920320493766,0.3539920320493766,10.466721253020344,2.2715641898110954,3.3090313688079624e-07,22.633781141560593,1.4930232558139536,0.018469226130785353,7.097674418604651,0.0878007447837335,13.445973530616845
s793,2.1503302864124354,20.620092511960312,0.3368506427943828,36.72953978692934,1.4460728372307707,2.2360526315789477,0.0,0.0,0.39035087719298245,0.17105263157894737,0.0,0.09649122807017543,0.34210526315789475,0.0,0.0,0.0,0.0,0.0,0.0,3.1064083678800576,6.016574459418664,4.3609503372069405,2.412688699411881,5.538719357130508,0.6980979206238818,0.1510190060151535,0.07407242415937089,0.11492848848019568,13.39402153306209,2.973252795028234,7.93568850818951e-07,37.69520261310919,4.181818181818182,0.019568717826836918,29.1,0.13617275166022821,11.982923533996265
s794,2.132398263831206,20.592285320762407,0.41675970581792376,38.49862038229498,1.8436380498092684,2.1504186046511626,0.0,0.0,0.3767441860465116,0.15813953488372093,0.0,0.2,0.19069767441860466,0.07441860465116279,0.0,0.0,0.0,0.0,0.0,3.037568630586744,4.921377289171749,3.7796304188304313,2.4904927348330115,5.379136707757096,0.7066582053487002,0.16904490619049417,0.10021542996859213,0.12827793330347687,12.014319693277338,2.7606699927248073,3.271444484318623e-06,32.49295544034004,0.6558139534883721,0.006369511137524298,2.697674418604651,0.02620082595577371,11.091573342819668
s795,2.072554802195522,22.610266586370823,0.50179334168935,45.22053317274164,6.3522812351357985,1.92145,0.015,0.0,0.5,0.0,0.0,0.35,0.0,0.07,0.065,0.0,0.0,0.0,0.0,2.7866746622176892,4.094810608473175,3.4904231442104745,3.0997796525445067,5.076617357104155,0.27273669104151504,0.06460927054816125,0.10557660360186515,0.10557660360186515,12.733811393197168,2.8511059677023476,3.3024799590910946e-06,31.146179785998985,0.15142857142857144,0.002344067894889294,0.6685714285714286,0.010349280894416885,14.323244308579804
s796,2.4082776140903377,26.420950504740258,0.4618042629659779,50.43999641814051,7.819267443678857,1.9794761904761904,0.023809523809523808,0.0,0.3523809523809524,0.0,0.0,0.35714285714285715,0.014285714285714285,0.0,0.08095238095238096,0.06666666666666667,0.0,0.0,0.10476190476190476,2.9099159064005544,4.36669327177606,3.6690414589387537,1.961584972741054,5.036147275360084,0.3623781069920528,0.08007105547150159,0.0897382672568331,0.0902194375906499,13.609931260195902,3.275010217401596,3.8300005070333915e-07,38.75449318832426,0.072,0.0009732536196860984,0.08266666666666667,0.001117439341121076,11.925092605924762
s797,2.108989938282167,22.26472401155244,0.28360744897311563,33.451925239031986,1.8269320169402323,2.7009836065573767,0.0,0.0,0.34098360655737703,0.0,0.32459016393442625,0.1540983606557377,0.0,0.0,0.13114754098360656,0.0,0.04918032786885246,0.0,0.0,3.075388304393172,5.641542951418862,3.848128473798914,2.822877449172075,5.238847999834582,0.2813728505315106,0.07358451454937909,0.08769825963635337,0.09262512815524962,13.928966267131374,3.1299849022103388,3.341022157831305e-06,28.688431304844382,3.595744680851064,0.02488682816675537,21.97340425531915,0.1520820815929977,10.764295742701956
s798,2.889957436059978,27.677769701676684,0.2616291590075097,43.67648051189445,7.089047330796932,2.297216117216117,0.05860805860805861,0.0,0.5421245421245421,0.0,0.0,0.07692307692307693,0.0,0.0,0.0,0.0,0.23076923076923078,0.0,0.09157509157509157,3.468300600621086,7.522245603591382,4.7500420308643,3.2193480935492533,5.292208270189158,0.42956829540767105,0.07886809965076014,0.10937104187719807,0.10937104187719807,14.42328640556019,3.6022721156055653,6.221931454642271e-07,41.44076970044968,5.678571428571429,0.015782094855234127,37.642857142857146,0.10461841495230673,11.922468849790615
s799,2.659558761102123,12.790646067883785,0.49271405812443436,23.002532847887785,1.0697350017380627,2.562735426008969,0.0,0.0,0.0,0.5067264573991032,0.04932735426008968,0.13452914798206278,0.3094170403587444,0.0,0.0,0.0,0.0,0.0,0.0,2.799922269703909,4.563854200691907,3.328265589969688,2.461112641786902,4.4845146905453594,0.49823212270467016,0.07486180935944967,0.3355382711005666,0.3355382711005666,9.83520189615808,1.9210025685881043,2.1929351097907364e-08,17.146014170829805,2.42,0.025453017493310703,11.933333333333334,0.12551212482927318,9.732968039754981
s800,2.233595771743824,17.212596117257068,0.738520019298918,40.472861140577415,1.6809075815060384,1.952873563218391,0.0,0.0,0.16091954022988506,0.26436781609195403,0.0,0.4367816091954023,0.13793103448275862,0.0,0.0,0.0,0.0,0.0,0.0,2.4878295352952446,3.5797190117046958,2.997662399995561,2.5088520378397283,4.401494274520053,0.7910458016519706,0.1957101936114849,0.1919593307128159,0.1490253148777696,8.940911586782304,2.403691444336309,8.009019166035631e-07,13.060447598068256,0.2807017543859649,0.007123002430862375,0.9035087719298246,0.02292716407433827,14.516302015535137
s801,2.0347700582104946,17.30170919541915,0.5836867885751138,37.41997570172045,2.59332698171965,2.1019354838709674,0.1935483870967742,0.0,0.23655913978494625,0.22580645161290322,0.0,0.34408602150537637,0.0,0.0,0.0,0.0,0.0,0.0,0.0,2.81952784996158,3.818125889876114,3.223440489327157,2.236121837327711,4.565452740014866,0.9316776841421064,0.20097491927785763,0.21062814606520497,0.1615289590939824,10.237964871185874,2.3556753800879053,9.249414070718912e-08,20.08332856311409,0.3522727272727273,0.007005788841036225,2.934659090909091,0.05836274090960016,12.556899512345394
s802,2.4627355840517144,14.721977706185347,0.6479612827896217,27.65171464813941,3.317583873998644,2.407638888888889,0.0,0.0,0.0,0.4537037037037037,0.0,0.33796296296296297,0.0,0.0,0.12962962962962962,0.0787037037037037,0.0,0.0,0.0,2.629586430534905,3.5681786345189543,3.099642759416895,2.4343906308571426,4.445190577664516,0.6079053226861802,0.10662959210140899,0.3677458881184752,0.3677458881184752,9.072022973408549,2.201199782545953,7.490704959689429e-08,19.707383124671402,0.1643835616438356,0.0037736475808012046,0.7315068493150685,0.01679273173456536,15.781342552960645
s803,2.9354006794591916,15.997510437967183,0.7041864652692215,32.324866451974934,2.7445235890416826,2.2612755102040816,0.0,0.0,0.0,0.4336734693877551,0.0,0.39285714285714285,0.0,0.0,0.08673469387755102,0.0,0.025510204081632654,0.0,0.061224489795918366,2.4478859533277713,4.187095086971455,2.99351419857354,2.423999526842857,4.37565258442591,0.7674504242986913,0.13087179844797386,0.356532572752332,0.35886285100561516,12.332651779157901,2.2672166541016376,3.1856022610536573e-09,18.053835765905166,0.05411255411255411,0.0013288632305503826,0.04329004329004329,0.001063090584440306,14.117103513479762
s804,2.537023209007717,30.83872569520207,0.33237807623997523,50.804823741454726,19.318880187213715,2.1471984435797666,0.0,0.0,0.42412451361867703,0.0,0.0,0.23346303501945526,0.0,0.0,0.15953307392996108,0.0,0.0,0.0,0.1828793774319066,3.5728115917725094,4.977724517886371,4.203888770614099,1.9091538407369122,5.086568296521835,0.38553663075843225,0.07940164190045709,0.07981478952998726,0.08475906852742013,17.194588974756723,3.9622083354840223,2.6591678511070515e-08,47.958267692568626,1.2333333333333334,0.009336888496513299,5.441666666666666,0.04119586613664314,9.44395830132965
s805,2.470829210836344,15.016303129088781,0.40936345587614204,26.84016386065479,1.1754129536359528,2.462643171806168,0.0,0.0,0.11894273127753303,0.44052863436123346,0.0,0.1013215859030837,0.3392070484581498,0.0,0.0,0.0,0.0,0.0,0.0,2.8609835916813635,4.87465343311537,3.6206720353837576,2.553869265500497,4.6404539158636116,0.6031486606332914,0.17012290400437324,0.25175927262540665,0.18946918639710392,13.548980203378573,2.4179673874160637,6.667076226662649e-07,28.18379100497314,3.4434782608695653,0.02323465871824527,26.73913043478261,0.18042064535001062,12.240522266146645
s806,2.2529257205640048,17.707587355724524,0.4797303192498707,31.54163997738429,3.0957349476755573,2.362280701754386,0.0,0.0,0.2236842105263158,0.33771929824561403,0.0,0.2675438596491228,0.0,0.0,0.17105263157894737,0.0,0.0,0.0,0.0,2.8405316321352445,4.10222343845975,3.374243777607541,2.3678801543949777,4.393243962377957,0.7270044782561706,0.17447023185611832,0.30255527295979695,0.2056211653212346,11.375187353716917,2.527943502806683,4.2984949912593377e-07,27.679397392132074,0.33114754098360655,0.005003306743503297,1.2131147540983607,0.018328945496002176,14.285258148531392
s807,2.020929034286979,16.95152973419803,0.2250878684625059,24.055697797077727,2.820136746706425,3.126637426900585,0.0,0.0,0.0,0.36257309941520466,0.34210526315789475,0.1023391812865497,0.0,0.0,0.19298245614035087,0.0,0.0,0.0,0.0,2.919004805356298,6.115686042369759,3.8155391404574446,2.9051002161771207,4.541227431124824,0.6073035208164018,0.17264754460244086,0.31335937349515014,0.31335937349515014,10.165322720986753,3.1617532507768553,4.630374313530802e-07,26.46057473977025,10.266666666666667,0.061981560229866964,61.93333333333333,0.37390174969835327,12.344221731170219
s808,2.433236253671654,15.120190625488979,0.46804436577654795,28.043430476334226,1.1894165311070022,2.402119815668203,0.0,0.0,0.10599078341013825,0.43317972350230416,0.0,0.15207373271889402,0.3087557603686636,0.0,0.0,0.0,0.0,0.0,0.0,2.956099186749666,4.519103078858381,3.4220499237673265,2.6215012686307766,4.635667295233607,0.7137294087179951,0.16002211249764667,0.26536012065182674,0.18174549500833626,10.515949028410487,2.286144143261013,1.1291887861839073e-06,24.009519612286475,1.9515151515151514,0.019627675397696245,9.16969696969697,0.09222569216370938,14.672591990819045
s809,2.3957296160454864,23.361489603865095,0.38738817155396094,41.05958778861135,5.815029908702627,2.1057758620689655,0.0,0.0,0.5689655172413793,0.0,0.0,0.21551724137931033,0.03017241379310345,0.0,0.09051724137931035,0.0,0.09482758620689655,0.0,0.0,3.22106706501718,4.98904554793765,3.9139752349692727,1.956707746116124,5.04743524420176,0.3377788537438318,0.06083871871483665,0.12193833365896807,0.12193833365896807,11.52596130020631,3.0260984989841457,1.2159340976281383e-08,35.434895693734525,0.292,0.0026937937413180576,0.72,0.006642231142976032,13.946563832825143
s810,2.1195479281355927,16.104390115173025,0.2751344461872197,23.8098399310453,2.7886343302737533,3.0057605177993527,0.0,0.0,0.0,0.4368932038834951,0.23948220064724918,0.1262135922330097,0.0,0.0,0.19741100323624594,0.0,0.0,0.0,0.0,2.9121863977681444,5.622222794204451,3.615868743010475,2.567528969994819,4.488746682787852,0.6966638090168007,0.14587520441789828,0.3620453364018474,0.3620453364018474,12.154069263323722,2.939090039196455,3.0565981214909543e-07,26.422091425853726,6.980769230769231,0.054709799928091336,43.41025641025641,0.34021557861619334,14.793381772416245
s811,2.6093895298205,14.930034078815176,0.6293273603836523,29.860068157630362,2.5670858562641685,2.342128712871287,0.13861386138613863,0.0,0.0,0.4158415841584158,0.0,0.32673267326732675,0.0,0.0,0.034653465346534656,0.0,0.0,0.08415841584158416,0.0,2.751275304914757,3.6724666650136553,3.100126373463344,2.2032517216866983,4.4275721918709285,0.615060603318534,0.11927008991840583,0.36155271524220783,0.36155271524220783,10.75505609485621,2.192839878918436,1.1942498944466033e-06,19.663403131160578,0.20606060606060606,0.004509482853009687,0.6515151515151515,0.014257923726427686,13.849253660060835
s812,2.7722757140009224,14.425591142061004,0.6438955381024072,27.079618459658366,2.6440169443548274,2.425233644859813,0.0,0.0,0.0,0.49065420560747663,0.0,0.32242990654205606,0.0,0.0,0.12149532710280374,0.0,0.02336448598130841,0.04205607476635514,0.0,2.6500652864010434,3.5926043582692597,3.067228958714475,2.390216456645918,4.397442819761668,0.6253724173426385,0.09191224266320613,0.3732920479444945,0.3732920479444945,9.332605694169642,2.165172005945554,5.3432231696543736e-08,19.158284189873584,0.1826086956521739,0.004081531501417914,0.4492753623188406,0.010041863217774234,15.790650648809768
s813,2.7230632732106135,15.232357533247002,0.6065230355111866,29.079955290744238,1.7002190510939024,2.3822380952380957,0.0,0.0,0.0,0.48095238095238096,0.0,0.3,0.0,0.1761904761904762,0.0,0.0,0.0,0.0,0.04285714285714286,2.5663363884778487,3.8321243003252095,3.0796150771106223,2.52276220052248,4.459691511365343,0.6447127464932152,0.11030670518832543,0.35119661764644927,0.3523150782122023,13.5402228801649,2.2337983471786202,2.1752531017347095e-08,20.7459761309569,0.45714285714285713,0.009003390108426854,1.3904761904761904,0.027385311579798347,14.612188141350641
s814,1.8961602882614765,19.49548384882386,0.27207939878695586,32.84855497815525,1.7471942878937652,2.5073170731707317,0.2926829268292683,0.0,0.3983739837398374,0.0,0.1951219512195122,0.11382113821138211,0.0,0.0,0.0,0.0,0.0,0.0,0.0,3.288730074267903,5.852300681178339,4.199095578609741,2.928367986758225,5.153557598207008,0.29803715550951304,0.0704543582875219,0.11491324215887253,0.11583254809614352,12.692811816378006,2.9596343380516617,6.796345047485669e-06,29.35507626755712,3.134920634920635,0.01830271244540269,21.706349206349206,0.1267289076915857,11.494024948958174
s815,2.1835398408459374,19.95204549798621,0.5189460006758208,40.95419865376116,1.5981871451533682,2.051282051282051,0.0,0.0,0.28717948717948716,0.18974358974358974,0.0,0.28717948717948716,0.22564102564102564,0.0,0.0,0.0,0.0,0.0,0.010256410256410256,2.7970246987784924,4.469616420557243,3.3695616580036822,2.491064895712868,4.998442031223544,0.6743468475425966,0.18199740987103818,0.11850627295779008,0.13056824151882215,11.39275590645414,2.6644597272042345,5.652448682146936e-07,26.778305850294323,0.6309523809523809,0.009081604250294521,3.357142857142857,0.04832098865251047,12.42871505872094
s816,2.239352471370461,28.89599551193161,0.279091694810399,48.615560016695795,2.089205239877342,2.1848594377510047,0.0,0.0,0.39759036144578314,0.0,0.0,0.11244979919678715,0.2931726907630522,0.0,0.0,0.0,0.0,0.19678714859437751,0.0,3.436944420297957,6.130605906820818,4.722364352838778,3.282702904545236,5.471907455362957,0.2830621942534232,0.07315187773352763,0.08842597326488073,0.08842597326488073,14.781766725057409,3.7023429971774773,6.7020546787748605e-06,44.1266138277862,8.071428571428571,0.03141025273600896,53.02857142857143,0.20636258080719516,11.169139751354177
s817,2.114684112689068,15.570590655018144,0.2601071483990039,23.897109721872777,1.762240086601734,2.9664808362369333,0.04529616724738676,0.0,0.0,0.34146341463414637,0.31010452961672474,0.07665505226480836,0.1254355400696864,0.10104529616724739,0.0,0.0,0.0,0.0,0.0,2.8449539740503496,6.722019906214405,4.278243273881592,2.3003422024119886,4.348817433664182,0.6247012249106696,0.15612194845346275,0.2501446463555308,0.2589732809327848,11.773020782641698,2.76987308331686,1.2808200567515309e-05,24.50982243300115,18.068181818181817,0.08895085949462159,177.6590909090909,0.8746275077603233,14.212352973008297
s818,1.9714664972144287,21.438070868100954,0.5223102086251862,45.52579094461888,4.777853661154117,1.9378835978835978,0.1693121693121693,0.0,0.3968253968253968,0.0,0.0,0.35978835978835977,0.0,0.0,0.0,0.07407407407407407,0.0,0.0,0.0,2.8362483161200553,4.193897609574184,3.4307240023878025,2.96910162234113,4.932489104659484,0.33557817223568437,0.07362856240276941,0.1076323570435805,0.1076323570435805,11.425290907806986,2.7283790043894953,1.2187388055494414e-06,27.246985620149403,0.0784313725490196,0.0013162889076623917,0.20833333333333334,0.0034963924109782285,14.079790505464231
s819,2.885309085154269,13.262889693232397,0.9005250757566384,30.315176441674073,1.8259302813126046,2.1583522727272726,0.045454545454545456,0.0,0.0,0.4375,0.0,0.4431818181818182,0.0,0.0,0.0,0.0,0.07386363636363637,0.0,0.0,2.4360067306651443,3.2414718958348576,2.7988089496817965,2.334223098992806,4.397674418591137,0.6058233920674735,0.11154339978551832,0.3570506247699995,0.3570506247699995,7.9551235116078916,1.915233640002064,3.147086879457153e-07,7.171152987486473,0.038461538461538464,0.001285199148881729,0.029914529914529916,0.0009995993380191226,14.357882512654943
s820,2.7261837762997616,24.937411104631046,0.33717370517199213,42.44665719937203,5.396389337335215,2.1738750000000002,0.0,0.0,0.5875,0.0,0.0,0.15833333333333333,0.0,0.0,0.0,0.0,0.25416666666666665,0.0,0.0,3.3434897121226994,6.030469297832881,4.212746052236614,1.9825352880804776,5.033839621448949,0.3587518702853335,0.05933608100600971,0.11775908662651971,0.11775908662651971,12.543677432287735,3.1526402080417255,2.990365707254619e-07,37.610673897852166,1.7947368421052632,0.01139519517380436,8.33157894736842,0.05289910252238212,15.403546134452073
s821,2.417426792424909,16.504115326842253,0.6374129041085911,34.06168482348294,2.6638776688204255,2.245103092783505,0.10824742268041238,0.0,0.0,0.3402061855670103,0.0,0.36082474226804123,0.04639175257731959,0.0,0.0,0.08247422680412371,0.0,0.061855670103092786,0.0,2.6498044302171326,3.808935462001456,3.1202161511370465,2.265706477312061,4.39734710206773,0.7625701985565607,0.17471317428465158,0.312792891190325,0.32278381891876295,11.481535428853698,2.335712901969853,4.5036918736743457e-07,21.07676449944529,0.09761904761904762,0.002134217254305495,0.29285714285714287,0.006402651762916485,15.63090029236338
s822,2.7025096972172387,23.853520914316622,0.32447475248942775,39.005757469951696,1.995473147028061,2.3635,0.0,0.0,0.49230769230769234,0.0,0.11923076923076924,0.15,0.0,0.0,0.0,0.0,0.23846153846153847,0.0,0.0,2.941314302391908,5.545707803655407,3.8983873601365073,1.941073728924679,5.338588299753316,0.3120281270027487,0.07196090550702974,0.1129646956105206,0.1129646956105206,11.936436200307854,3.193517851858473,8.709952714024038e-08,34.550039155012634,2.423076923076923,0.015237228070737052,13.192307692307692,0.08295824171845728,13.451363732753471
s823,1.9641689283837889,20.259453262131025,0.32518066317894523,35.378448233870586,2.5058761016420785,2.3603418803418803,0.10256410256410256,0.0,0.3333333333333333,0.23931623931623933,0.0,0.15384615384615385,0.0,0.17094017094017094,0.0,0.0,0.0,0.0,0.0,3.400075144009467,6.250740327681599,4.032432184693469,2.261736138798556,4.6594745472337555,0.5262982470089143,0.14648265761930415,0.11119082108970943,0.12496241442251291,13.02682018830758,2.8958594577798156,2.4146559865222386e-07,35.56832504286278,3.2037037037037037,0.02432827216511216,24.833333333333332,0.18857926574228562,11.426950266366282
s824,2.54180284271933,13.355947479630622,0.8929784598299841,29.844771528557285,1.9335768281881138,2.1877348066298343,0.011049723756906077,0.0,0.0,0.3701657458563536,0.07734806629834254,0.4419889502762431,0.07734806629834254,0.0,0.022099447513812154,0.0,0.0,0.0,0.0,2.3327458075785805,3.218099230533346,2.8072264170411745,2.337908225611688,4.4592143581487305,0.6629611283583878,0.13635097838010815,0.3308745680052446,0.3308745680052446,9.926185566217226,1.9310404446733942,2.6041742790588197e-07,7.688751835113279,0.1125,0.0037229673882674314,0.29375,0.009721081513809404,16.56836197056456
s825,2.0560225490686124,22.691549993718024,0.5176852097965337,47.65225498680784,2.6494553887210537,1.8574603174603177,0.0,0.0,0.47619047619047616,0.0,0.0,0.3492063492063492,0.09523809523809523,0.07936507936507936,0.0,0.0,0.0,0.0,0.0,2.9010531688623478,4.227371919628338,3.425879263723135,3.178116159178619,5.0800346906230835,0.29683724192994015,0.06349490470025537,0.10368410903898968,0.10368410903898968,11.033925740769716,2.826997903815818,1.8351392234569248e-06,28.698149850462126,0.125,0.0019236585276403788,0.20170454545454544,0.0031040853514197023,13.143739096613887
s826,2.369935266912436,15.305446928422022,0.7221755804402148,32.502578308671524,1.9982344246702277,2.168042328042328,0.0,0.0,0.08994708994708994,0.38095238095238093,0.0,0.3915343915343915,0.0,0.13756613756613756,0.0,0.0,0.0,0.0,0.0,2.5088052320913348,3.420519037757878,2.960546819375907,2.466957149171623,4.374297256985671,0.7934480926060246,0.1550659285671152,0.3053235034244617,0.1980426043011174,9.560715141669595,2.212139287616477,4.419021775985265e-09,14.06279295690155,0.16441441441441443,0.004205946942175824,0.4166666666666667,0.010658906634281198,14.617328305679298
s827,3.1623184090405494,14.512719103646361,0.3618061835986681,24.2527990389795,1.4313447004329234,2.680401606425703,0.0,0.0,0.03614457831325301,0.5622489959839357,0.0,0.08032128514056225,0.1686746987951807,0.0,0.0,0.0,0.15261044176706828,0.0,0.0,3.1109916695171207,6.065726193502094,3.9665783956691616,2.518806271411465,4.447672880497827,0.5183410912914076,0.08468923857080221,0.34915304061317187,0.231154109180014,10.138340362361891,2.2857248063974693,1.7552917905416507e-06,25.045053876437333,7.15,0.039571990931094786,52.51,0.29061891521563454,9.0429643739421
s828,2.007450295742377,22.074697226122822,0.40754850019263256,42.89988328850284,3.1907482171958668,2.017184466019417,0.1262135922330097,0.0,0.5145631067961165,0.0,0.0,0.22330097087378642,0.11650485436893204,0.019417475728155338,0.0,0.0,0.0,0.0,0.0,3.1373101328738326,4.721026265673163,3.7862146129691996,3.0890343888029017,5.088300076030048,0.2857521789801463,0.05951993802587876,0.10919583668938578,0.10919583668938578,12.511521393102843,2.8630186709067194,5.956260029527224e-07,32.14920969528933,0.6739130434782609,0.006817100835028531,2.708695652173913,0.02740034722724371,14.422120696286886
s829,2.172050209201122,24.939702538961377,0.34087699251310527,44.89146457013053,1.8962661618859598,2.076177777777778,0.0,0.0,0.48444444444444446,0.0,0.0,0.14666666666666667,0.29777777777777775,0.0,0.0,0.0,0.0,0.07111111111111111,0.0,3.239352176644435,5.413543920432421,4.221533149078671,3.1650048986494785,5.330757843749246,0.28334307262061964,0.06637142081597609,0.10608439278662561,0.10608439278662561,14.216464006029094,3.3092921736525325,4.217387704107715e-09,40.05552741710882,2.812121212121212,0.01653766494608802,19.01818181818182,0.11184308750177631,10.08488668136733
s830,2.9436032150216755,22.04957475173185,0.29000404704500876,35.494437405226904,2.601767065214758,2.4711363636363637,0.0,0.0,0.38257575757575757,0.23863636363636365,0.0,0.09090909090909091,0.0,0.0,0.0,0.0,0.2878787878787879,0.0,0.0,3.330801906750348,6.668301433511996,4.370053197488179,2.4849042819081073,4.674061168385308,0.7852235221058821,0.1751195738127919,0.22406073698080584,0.16487262432639152,11.983530957177694,2.96869008938153,7.602221811437098e-09,31.97118598998222,4.802083333333333,0.019798705200368617,26.34375,0.10861372115343218,13.469319370923955
s831,2.6764339301359468,16.45551250910823,0.5843601712056982,31.564664903834867,2.0316486921628223,2.342511848341232,0.0,0.0,0.0,0.4218009478672986,0.0,0.3080568720379147,0.04739336492890995,0.12322274881516587,0.0,0.0,0.0,0.0995260663507109,0.0,2.660811864027607,3.8888051670353496,3.1930459305484082,2.5264133848489867,4.501827043906337,0.7555684557330116,0.1419113742094742,0.33480225769361344,0.34003354297007615,12.038035164395827,2.3614047530869735,2.748802714174682e-06,24.105318512933945,0.46153846153846156,0.008640271441441421,2.4984615384615383,0.04677266940300289,11.29299294715929
s832,1.7006634752158178,25.3023973615195,0.24710966019850836,42.170662269199134,3.784766212238286,2.3701999999999996,0.276,0.0,0.352,0.0,0.0,0.124,0.0,0.0,0.0,0.248,0.0,0.0,0.0,3.180709450758337,6.322436787445846,4.142200983074554,2.8712820625676643,5.3411105546156685,0.41239305017394934,0.07401720657997078,0.08956360026702352,0.09103185600910586,15.845493858551222,3.2144227669163814,6.059871175123042e-06,35.60829255449022,7.395161290322581,0.03624162512737218,50.314516129032256,0.2465774254849237,9.574534929309275
s833,2.028610484267375,21.44311533132403,0.5600228665359586,47.278194043762625,4.803405429623575,1.8410928961748636,0.09836065573770492,0.0,0.453551912568306,0.0,0.0,0.3879781420765027,0.01639344262295082,0.04371584699453552,0.0,0.0,0.0,0.0,0.0,2.804865420372287,4.024208516947832,3.3441130117153133,2.984850819212488,5.029361650572886,0.3587671523452349,0.07060682490462436,0.10429142136936088,0.10429142136936088,11.22511626415678,2.705273499752951,1.5776286222654413e-07,24.45350742376775,0.051643192488262914,0.0009343992028633217,0.08685446009389672,0.0015714895684519501,13.795246446624942
s834,2.3961869512356677,22.5616734531039,0.22516403027514525,33.51710142792841,3.436493494541147,2.7967637540453074,0.04854368932038835,0.0,0.0,0.4627831715210356,0.0,0.10032362459546926,0.0,0.0,0.1779935275080906,0.0,0.0,0.21035598705501618,0.0,2.8954414921385547,6.005810259561325,3.759202355688603,2.5853292765518896,4.4780367035306075,0.6583876002307415,0.13793651642801358,0.3713731840870895,0.3713731840870895,16.174338723938526,3.1722762168298453,6.8430485587761606e-06,32.68415159455893,8.274193548387096,0.03679235448133129,63.82258064516129,0.2837959974320232,14.919057333604155
s835,2.4954697021538537,28.45862441871109,0.4188524972252989,53.42233004915937,6.423515223319362,1.9659813084112148,0.0,0.0,0.38317757009345793,0.0,0.0,0.3177570093457944,0.0,0.14953271028037382,0.0,0.0,0.0,0.0,0.14953271028037382,3.090127669794693,4.637588335881778,3.8277473755763287,3.2066777580057892,5.110087070465629,0.4728991790988848,0.08325484614052266,0.08896549927704175,0.09083564490749008,17.957411903055586,3.4801496415740356,6.212302871093463e-07,43.384125718378286,0.48823529411764705,0.005451429578370127,2.0294117647058822,0.022659556681177032,11.391699167845115
s836,2.5872879329012006,27.217231196712873,0.3938459424610876,49.71081069812848,4.821908868563744,2.026742081447964,0.0,0.0,0.4434389140271493,0.0,0.0,0.25339366515837103,0.058823529411764705,0.058823529411764705,0.0,0.0,0.08144796380090498,0.0,0.10407239819004525,3.2772051194218097,4.744967435313516,3.9500244853466344,2.0492106302179955,5.199623199119005,0.42868475891567204,0.07666089093441206,0.10562362301957212,0.10638350519956905,14.95060776907545,3.4653836864911995,3.514990471446833e-07,42.497643923123185,0.29285714285714287,0.0027265133716225503,0.6964285714285714,0.006483781798370699,14.933852421284515
s837,2.4573801809585674,31.658059894459516,0.24617925611315836,47.32879954221695,7.502997679117856,2.383311036789298,0.013377926421404682,0.0,0.36454849498327757,0.0,0.0,0.13712374581939799,0.0,0.0,0.13377926421404682,0.0,0.046822742474916385,0.30434782608695654,0.0,3.2063572362988184,5.786907048431075,4.131774688406274,3.0639103040355167,5.441574247817614,0.2657163589273549,0.06378061392994515,0.04470067513973377,0.053510297247564516,13.825931853712301,3.828640028076185,4.333648050862505e-12,44.300426621750944,6.25,0.027071254973562858,35.46951219512195,0.15363267334752695,9.45008732452805
s838,2.383337685565746,28.936599918097798,0.30315578032831525,49.60559985959619,1.859047815215188,2.157,0.0,0.0,0.4083333333333333,0.0,0.041666666666666664,0.12916666666666668,0.2875,0.0,0.0,0.0,0.0,0.0,0.13333333333333333,3.5515533973917703,6.710176824157693,4.502440496402309,3.3765654645225047,5.352530030478547,0.306716895158786,0.07842827233148673,0.08694186376912912,0.0886578216066777,17.763443117969807,3.7715593241533982,3.868871773057386e-06,45.92179184829994,3.92258064516129,0.017509543902902804,23.703225806451613,0.10580602680800148,10.975811587812474
s839,2.6075332040604944,13.448073905948666,0.4202079436364091,22.596423501832106,2.0531905372959685,2.7077732793522267,0.06477732793522267,0.0,0.0,0.5951417004048583,0.0,0.1659919028340081,0.0,0.0,0.13360323886639677,0.0,0.04048582995951417,0.0,0.0,2.7629084535342914,4.050640394714956,3.3431450120622617,2.434618267944645,4.4724251795060175,0.5554528970974907,0.08178961175573998,0.3673188221576566,0.3673188221576566,10.546334671739379,2.289271189387785,1.00691875433324e-07,21.12155617078979,2.375609756097561,0.02932256221697577,15.546341463414635,0.19189118231109195,12.975977694178024
s840,2.0622703953002475,20.321537239885707,0.37163027153503425,38.284324621570384,3.1727383805839673,2.2461137440758296,0.26540284360189575,0.0,0.32701421800947866,0.14218009478672985,0.0,0.2037914691943128,0.0,0.0,0.0,0.0,0.0,0.061611374407582936,0.0,3.2274782958468338,4.830681767649798,3.779587454375829,2.245526768147561,4.8434217864533595,0.5344850387120785,0.11997075980287997,0.06202730746902352,0.1137639897070699,12.650827206187474,2.870426258081358,3.867719493532189e-08,32.834034467843736,1.1023255813953488,0.0110545057251927,5.437209302325582,0.054526232880802813,10.690600057814638
s841,2.4900620765080164,23.438579134524147,0.406254773455626,42.80930569198212,2.343294548157291,2.1039819004524887,0.0,0.0,0.5067873303167421,0.0,0.04072398190045249,0.22624434389140272,0.07692307692307693,0.0,0.0,0.0,0.1493212669683258,0.0,0.0,3.1317579948484964,4.758098699560513,3.7954438763109857,2.086244088933966,5.138853711386193,0.3202997980412062,0.06530941847524745,0.10975838422408137,0.10975838422408137,10.995386648495122,3.038887013373921,4.125517061699392e-08,35.1016298937562,0.46,0.004440217881499076,1.308,0.012625663019566937,14.095141662823181
s842,2.1777938620477704,28.0515441541966,0.25475405434480725,45.47486350462933,6.030118629453958,2.3012260536398466,0.14942528735632185,0.0,0.421455938697318,0.0,0.0,0.13409961685823754,0.0,0.0421455938697318,0.05747126436781609,0.0,0.0,0.19540229885057472,0.0,3.3130396350280957,6.919087705016349,3.9440470368072202,2.899093724874594,5.246104889179416,0.3278257707514505,0.07565539418941024,0.07703558069635721,0.08170440376886372,15.447921569549164,3.563560027177299,1.2942956297814992e-06,41.10822328496089,6.578571428571428,0.03144867545247053,39.40714285714286,0.18838473666805636,10.427042029802962
s843,2.1215751250333503,24.382004847404723,0.4342939179179361,46.347774980201784,4.162722011789352,1.9879146919431279,0.0,0.0,0.47393364928909953,0.0,0.0,0.2985781990521327,0.0,0.17535545023696683,0.0,0.0,0.0,0.052132701421800945,0.0,2.903175670010796,4.5190344548980725,3.6483453512695587,2.8802501159954854,5.060334608269127,0.30857760262318734,0.06642347121826543,0.10814475672584789,0.10814475672584789,12.533950459100957,3.0966025804419353,6.712938842199188e-08,35.47975440887837,0.5206349206349207,0.006375613405858669,2.6253968253968254,0.03215019686978731,13.006045035044522
s844,2.48895703857724,31.89281480721438,0.2955389932606454,51.38286830051209,15.716328232258384,2.1999999999999997,0.0421455938697318,0.0,0.42528735632183906,0.0,0.0,0.19157088122605365,0.0,0.0,0.14559386973180077,0.0,0.0,0.0,0.19540229885057472,3.32517910146637,5.618701354896474,4.210260309575693,2.0567592690357186,5.117573930740565,0.32416908223632207,0.07804140755520735,0.07403708283363368,0.0871024503925102,19.632840912312442,4.181930756107372,6.488410745378238e-11,49.31406510146704,2.515,0.015106874987231853,11.86,0.07123957747458043,9.115119776049767
s845,2.031817695382594,21.81481839110231,0.4283849018410187,41.09755964752315,2.060686962086284,2.1104739336492893,0.07582938388625593,0.0,0.4597156398104265,0.0,0.07109004739336493,0.2559241706161137,0.09004739336492891,0.0,0.04739336492890995,0.0,0.0,0.0,0.0,2.970271624372595,4.588065931406985,3.686443901616166,2.8645026628721864,5.029542390611609,0.3280797203246812,0.07002192068799605,0.11225628795932455,0.11225628795932455,11.452027044714228,2.8924959729209596,1.5743533005080193e-07,32.570587156278364,0.3148148148148148,0.0036933023660654764,0.7518518518518519,0.008820475062485785,13.207913377261336
s846,2.403501491208368,14.108362854905833,0.37309958748745176,23.358216647195075,1.5061837415325878,2.7429200000000002,0.0,0.0,0.0,0.472,0.132,0.112,0.172,0.112,0.0,0.0,0.0,0.0,0.0,3.1018772733187365,5.014566879917691,3.7652280096927204,2.5409973507385284,4.790339953589417,0.513493778167014,0.07866922932213694,0.3312697834689364,0.3312697834689364,10.744529475679549,2.28329516274612,7.010396905981751e-07,23.427916112686212,7.803571428571429,0.0619490729710066,73.3125,0.5819952381749831,12.706739605298498
s847,2.017159219208609,22.849039807314227,0.40675542115927876,42.71777007454397,5.651650616163759,2.0413023255813956,0.07441860465116279,0.0,0.5348837209302325,0.0,0.0,0.25116279069767444,0.0,0.10232558139534884,0.037209302325581395,0.0,0.0,0.0,0.0,3.198839333188072,4.656649789001574,3.770021509749745,2.9882507761533095,5.00124352194136,0.3223478314029959,0.06296211692720717,0.1108874431925588,0.1108874431925588,12.34678676244892,2.9725896469788453,4.369894797190938e-08,34.46459353541893,0.5555555555555556,0.006106816080571739,2.533333333333333,0.02784708132740713,13.085203839798092
s848,1.702760409523062,30.697542066828152,0.19625274854248453,45.03271501312998,3.1431948679359007,2.472700964630225,0.0,0.0,0.36977491961414793,0.0,0.0,0.07395498392282958,0.0,0.24437299035369775,0.0,0.31189710610932475,0.0,0.0,0.0,3.3707949106932737,7.889130209278643,4.6171659049820395,3.0401423297993015,5.4021213393162055,0.40217693442818514,0.08314657602698342,0.1001305523677412,0.1001305523677412,13.90271180932569,3.6971996753200775,3.611041626644448e-07,42.233373667049456,17.119565217391305,0.04124360079584785,93.1413043478261,0.22439137474261603,10.070954900327797
s849,2.0878937550314345,17.62918470502817,0.6223511517335284,38.65676646162805,2.658747557508086,2.0537912087912087,0.12637362637362637,0.0,0.23076923076923078,0.22527472527472528,0.0,0.3791208791208791,0.0,0.038461538461538464,0.0,0.0,0.0,0.0,0.0,2.685603373211516,3.767661439675204,3.1481330234954883,2.2571749652275326,4.5711734199332605,0.8561542147232953,0.1999667122600158,0.2066692351921617,0.15721232707621222,12.046132839704415,2.4108742336428453,4.288644134664568e-06,19.427741328321183,0.24879227053140096,0.005350352038426474,0.9685990338164251,0.020830011334068116,13.784139150243842
s850,2.6361659252998533,34.163430692120684,0.32266725536153446,57.40385973437971,6.67511804877537,2.101902834008097,0.0,0.0,0.3319838056680162,0.0,0.0,0.23076923076923078,0.0,0.17408906882591094,0.0,0.0,0.0,0.0,0.2631578947368421,3.446649289779997,6.226305289821554,4.147872847665942,2.9572866170673926,5.2026702239574565,0.5142203605440483,0.08387239732617499,0.06369009104251555,0.07892033020485621,19.370072927470623,4.220923112005522,1.3180503660964413e-07,51.32307410499245,1.9719298245614034,0.013320112164551793,9.750877192982456,0.06586582153966092,9.799945793800703
s851,1.9939626970914506,23.820211894809628,0.25820498580054124,38.25670395227005,9.402572393084458,2.2832830188679245,0.10943396226415095,0.0,0.6226415094339622,0.0,0.0,0.10566037735849057,0.0,0.0,0.16226415094339622,0.0,0.0,0.0,0.0,3.6671163837890135,6.718756552624197,4.570388459839259,2.94880924877525,5.150730642727962,0.25729062559783566,0.051402418918297305,0.12802188034755094,0.12802188034755094,13.288810965124085,3.183359298217864,1.7305168262317942e-05,35.487636813883974,4.785714285714286,0.021228206516024833,27.205357142857142,0.1206760172655367,12.899834620996344
s852,1.8901860271492865,21.942887867641335,0.40803519611853073,41.191035119958265,3.6499786838170727,2.1978504672897197,0.205607476635514,0.0,0.2850467289719626,0.06074766355140187,0.0,0.2616822429906542,0.0,0.0,0.0,0.18691588785046728,0.0,0.0,0.0,3.0374346481742323,4.335802588639265,3.5699146172588603,2.2488208430881036,6.054594131509407,0.5847310360471593,0.08000818238191992,0.020531988829542956,0.07417332608936293,14.042742360461428,2.9736244583555695,6.9802749847334685e-06,34.02741212736044,0.9464285714285714,0.011286734585518845,4.642857142857143,0.05536888664594151,12.579257617948745
s853,2.4388546100836814,13.86284772250298,0.5033684147589088,24.082903342742384,1.959141103983971,2.605378151260504,0.0,0.0,0.0,0.5756302521008403,0.0,0.226890756302521,0.0,0.06302521008403361,0.13445378151260504,0.0,0.0,0.0,0.0,2.638472229595733,4.337885397549331,3.211918732258685,2.379042101914787,4.368926796812403,0.5736396202992206,0.07938488868925751,0.3761181245252419,0.3761181245252419,9.908609051229488,2.166518575753351,3.1260444380599567e-09,21.41690880868162,1.6814814814814816,0.0275205075233369,8.34074074074074,0.13651141617302798,12.780370908954662
s854,2.3019445862560293,22.37285152092099,0.5763048772364302,48.08877280933594,3.839873514469467,1.8502139037433156,0.0,0.0,0.44919786096256686,0.0,0.016042780748663103,0.41711229946524064,0.0,0.016042780748663103,0.026737967914438502,0.0,0.0748663101604278,0.0,0.0,2.694933195367893,3.9970737950992876,3.2999487466421753,2.0207987101269693,4.967020940578005,0.38066159383875775,0.07216261179127638,0.10275851758389375,0.10275851758389375,10.589203337614707,2.8032267078365014,7.392933116563122e-07,26.61618830381539,0.07051282051282051,0.0013146185088824828,0.1987179487179487,0.003704833979577906,13.732473970311936
s855,2.595113909157956,25.50510531913069,0.5442248250344002,55.92685744676852,11.120252608894159,1.8163186813186813,0.10989010989010989,0.0,0.3076923076923077,0.0,0.0,0.4340659340659341,0.0,0.0,0.0,0.0,0.0,0.0,0.14835164835164835,2.7953373684686444,4.25994533700489,3.4402499856828395,2.885042026918321,5.043997325129075,0.39454062238010545,0.07974964229621392,0.07490806930435817,0.0761940447430596,13.249832566258627,3.1354197747212913,3.520480899073767e-09,31.41527353044659,0.03375527426160337,0.0005744737952924494,0.04219409282700422,0.0007180922441155618,13.1305897942904
s856,2.1352375682846207,25.6305063446205,0.3670944332588191,45.49911591409376,2.566218270976361,2.13938864628821,0.0,0.0,0.3930131004366812,0.0,0.0,0.21397379912663755,0.14847161572052403,0.0,0.0,0.1703056768558952,0.07423580786026202,0.0,0.0,3.1511948125559517,5.324468785339057,3.921857221610369,1.9201773761265188,5.539067908170027,0.2998010484822738,0.0807229927728274,0.09881287934974757,0.09962615407690598,15.128063984941935,3.3514466918936434,6.812849967839805e-07,39.73047354865176,1.889795918367347,0.01577677814047343,9.289795918367346,0.07755496122617175,11.484173628922944
s857,2.6854009641208347,17.375766694882426,0.6879219926338364,37.34791232118405,3.339963005831741,2.1619251336898397,0.10695187165775401,0.0,0.0,0.28342245989304815,0.03208556149732621,0.42780748663101603,0.0,0.0,0.0,0.0,0.0,0.1497326203208556,0.0,2.5167117188918455,3.920310242074763,3.0433596665580525,2.2928666278445515,4.341738180621477,0.7440776329267648,0.1862535172306223,0.3005748993660301,0.31709000372680096,12.547021674608551,2.381016793654053,2.542395403291214e-08,20.04636375859783,0.08958333333333333,0.002205624727261636,0.22708333333333333,0.005591002215616705,16.41121253237318
s858,2.7417612882929454,18.441152521045467,0.5683800693875556,36.88230504209092,3.1828100511744917,2.2555,0.15,0.0,0.0,0.3,0.0,0.35,0.0,0.0,0.0,0.0,0.0,0.2,0.0,2.756407064241366,4.014074706695205,3.293447737006357,2.2091967514863833,4.356159421128222,0.7235265644640888,0.19158560636535563,0.2843468145649761,0.31694708629854024,12.722723514271568,2.604891397220996,4.00126439251632e-08,27.6010487694691,0.11142857142857143,0.0021148352824202454,0.2857142857142857,0.005422654570308322,13.826979131523771
s859,2.7152280575087713,26.541031742161707,0.4003964808565197,47.32121938524954,4.275614429850728,2.159652173913044,0.05652173913043478,0.0,0.29130434782608694,0.0,0.030434782608695653,0.2826086956521739,0.0,0.0,0.0,0.0,0.1,0.2391304347826087,0.0,2.8853496409091055,4.967829254950425,3.7697088991719303,1.9369517678152735,5.323205004161976,0.35936756367456857,0.0845438004974987,0.07160846677888393,0.07706209173224265,15.441409751916245,3.413460947896405,4.914211892026516e-07,40.40403991741177,0.676923076923077,0.007207871558444009,2.923076923076923,0.031124899911462764,11.709387036219477
s860,2.263717391770456,15.324850509145014,0.3137058534512694,24.234647316787445,1.9736687274320346,2.7738970588235294,0.0,0.0,0.03308823529411765,0.5992647058823529,0.0,0.11764705882352941,0.051470588235294115,0.0,0.19852941176470587,0.0,0.0,0.0,0.0,2.8298979155794415,4.959183507138812,3.4737557346576122,2.4863380971426583,4.368675741136545,0.594610591034965,0.08908743650558577,0.36964537621725124,0.2991860193897822,12.31461176659504,2.5255680006614494,2.4909665917067685e-06,26.58980213486643,7.484375,0.05745665873588207,63.8203125,0.4899409657760132,13.028893826217837
s861,2.0816204886173466,22.178450637967103,0.5418891626832197,46.50320295057616,3.4927075358626363,1.8694358974358976,0.0,0.0,0.46153846153846156,0.015384615384615385,0.0,0.37948717948717947,0.0,0.14358974358974358,0.0,0.0,0.0,0.0,0.0,2.7833676830766807,4.203028430426391,3.394578125127271,2.7718995295499957,9.753909734782802,0.8663506890274956,0.05983437755996444,0.006259955392160966,0.0971176370997973,11.213405717969415,2.7604707285537895,1.950139784049902e-08,28.24852054796742,0.09234234234234234,0.001580035306106807,0.5337837837837838,0.009133374818227152,13.13083178288285
s862,2.0778766735357457,21.995286190962844,0.48550448311784417,43.34365219983854,2.9131044469372056,1.9875621890547264,0.0,0.0,0.44776119402985076,0.05970149253731343,0.0,0.31840796019900497,0.0,0.17412935323383086,0.0,0.0,0.0,0.0,0.0,2.9225380303025372,4.223200866246423,3.4736752398325934,2.3511519600594326,6.441448368039762,0.5792533454926112,0.09737806735739454,0.028041993886223082,0.09742661431393144,11.930117781300542,2.792797020724839,8.784620760991259e-07,30.61423988152716,0.309375,0.004478571537161483,1.325,0.019180952846024935,12.062020114619417
s863,2.1467730400548426,21.517458047957177,0.36360626615865727,34.479782173232586,4.4032496365991,2.5965413533834583,0.0,0.0,0.0,0.31954887218045114,0.0,0.22180451127819548,0.0,0.0,0.10526315789473684,0.30451127819548873,0.04887218045112782,0.0,0.0,2.804287542537664,5.419094396094098,3.43883948809545,2.3776769699972142,4.384926039885376,0.7729959063789398,0.1893077993407689,0.3440372203975722,0.36738816295849336,13.788976941454125,3.0124800502094566,1.270178552484535e-07,32.562936154607826,2.01271186440678,0.02074727276956185,10.898305084745763,0.11234102223855384,13.77699161431048
s864,2.074257963081613,22.131499393781883,0.44420930808455295,43.8290478190582,1.6292181405985422,1.9893069306930695,0.0,0.0,0.44554455445544555,0.0594059405940594,0.0,0.2376237623762376,0.25742574257425743,0.0,0.0,0.0,0.0,0.0,0.0,3.1791636180042095,4.514973796526661,3.6597435279587143,2.4272224556758433,6.8566754789198745,0.6033863386618317,0.093974101610766,0.023181186973428355,0.10269753360133327,12.163071497568641,2.8111778395123066,1.0107523914860665e-05,32.17519077840872,0.5208333333333334,0.005592136982476499,2.341666666666667,0.025142247873214337,13.884274654032785
s865,2.581856477992067,15.12039072366108,0.4985421556393947,28.15521031302406,2.2416358285467646,2.47625,0.16203703703703703,0.0,0.0,0.4444444444444444,0.0,0.2361111111111111,0.0,0.06481481481481481,0.0,0.0,0.0,0.09259259259259259,0.0,2.669080026569102,4.4565502997181845,3.3468645116180666,2.2815361946593904,4.482468839652872,0.7394280950475893,0.14424124813906386,0.331973466415793,0.34134368522591607,11.765179744961015,2.3834738428150186,1.3104696293573275e-07,25.230851227068,0.7137254901960784,0.011145116657257616,2.819607843137255,0.0440293344866386,14.049690373206335
s866,2.828844518422254,12.872164398741655,0.5838412777654061,24.457112357609148,1.8328580004696933,2.506411483253588,0.1291866028708134,0.0,0.0,0.5263157894736842,0.0,0.24401913875598086,0.0,0.0,0.019138755980861243,0.0,0.08133971291866028,0.0,0.0,2.6123366217615827,3.947384317312125,3.1054097224151413,2.3488991241901362,4.3773318731715,0.6230092786172822,0.09394382245908656,0.3609592682497764,0.3609592682497764,8.883901833008911,1.9800933915630472,3.0712412358762635e-09,16.480195187238486,0.5607843137254902,0.01063085437881256,2.619607843137255,0.04966021486046707,13.688206887130162
s867,2.506406019150712,26.24491208359488,0.512444072561546,54.46524765735283,4.386963263044629,1.8740414507772023,0.0,0.0,0.3005181347150259,0.0,0.0,0.40932642487046633,0.06217616580310881,0.015544041450777202,0.0,0.0,0.031088082901554404,0.14507772020725387,0.03626943005181347,2.9940048413139366,4.263363155656897,3.5180175310887303,3.215296023052057,5.155058154728821,0.4121212394137603,0.08076209660789871,0.07224612151769928,0.07412264415452265,13.978787907216594,3.1776530958997884,3.301590033376824e-06,35.53227896607258,0.1308016877637131,0.002040036828807315,0.47257383966244726,0.007370455639561912,12.805093760063372
s868,2.901699589391851,33.59909546992638,0.32330308449004885,55.998492449877304,8.570068496654212,2.1392800000000003,0.032,0.0,0.332,0.0,0.0,0.212,0.0,0.056,0.0,0.0,0.1,0.0,0.268,3.6286586916448016,5.618677194688703,4.311739965322257,1.88304544656652,5.173293744840617,0.47598966851954994,0.08227455113279092,0.058427956356326284,0.07037912924739302,18.257089862924552,4.290116499261915,1.8534320366099049e-06,52.23520189496913,1.929245283018868,0.012172946749893446,8.60377358490566,0.05428717572568618,8.706989731499114
s869,2.2843124384766815,23.351007304132338,0.40188371926576333,41.921493427891114,2.1901625140482865,2.161184210526316,0.0,0.0,0.4780701754385965,0.0,0.07894736842105263,0.24561403508771928,0.0,0.10526315789473684,0.0,0.0,0.09210526315789473,0.0,0.0,3.1153261443726525,4.983304880956003,3.7378479158049345,2.0386112758982113,5.0823704019923435,0.2809159826900243,0.06089202996120142,0.10338928720224004,0.10338928720224004,12.379204339491288,3.0164009907590765,3.1190801251426494e-08,35.076812888792404,0.5785714285714286,0.006085615978234351,2.085714285714286,0.021938269946227537,12.48503892752878
s870,1.9525194434129693,21.868448213101455,0.26500726753406634,37.377985952889695,7.058114777693863,2.2547302904564317,0.25311203319502074,0.0,0.5850622406639004,0.0,0.0,0.0995850622406639,0.0,0.0,0.06224066390041494,0.0,0.0,0.0,0.0,3.522791991228006,5.6927725492293275,4.562855846846207,2.7149192429007765,5.081589814691483,0.28653795151334305,0.05409508738988238,0.1269694222852327,0.1269694222852327,11.883071533437352,3.0675472341989147,1.8458179040898618e-05,34.69305393321306,5.525,0.02515987707577886,41.916666666666664,0.190881118689544,11.43163319802662
s871,2.2047904121080757,21.443408915360166,0.31713540752896174,34.87946893194662,1.309671213212739,2.527587548638132,0.0,0.0,0.33852140077821014,0.0,0.27626459143968873,0.12840466926070038,0.20233463035019456,0.0,0.0,0.0,0.054474708171206226,0.0,0.0,3.0938856746193846,5.826197176249712,3.9583359020710454,3.1151051405292005,5.373041468340632,0.3324227391931361,0.07777526338335826,0.08515380582951523,0.08646386438073854,13.447861066223288,3.1112045241969173,6.818419158274027e-07,31.890826821651707,4.0227272727272725,0.024088379185388895,29.863636363636363,0.17882559463051417,12.624506449856923
s872,2.0642927270847915,12.653675001262256,0.3022608657922123,22.23979242646093,1.5624394617569812,2.721336206896552,0.28879310344827586,0.0,0.0,0.5689655172413793,0.0,0.09051724137931035,0.02586206896551724,0.02586206896551724,0.0,0.0,0.0,0.0,0.0,3.1362660234901263,5.870638686332289,3.9436498922742116,2.3400371783971714,4.3907389938071155,0.5151134366507619,0.0715524940416231,0.3294201306897775,0.3294201306897775,10.946188693466166,2.0960453093405818,3.4605733099840456e-06,20.96920321319774,10.838095238095239,0.07752960959253012,146.8761904761905,1.0506692786783827,13.85557358786973
s873,2.1414679044876475,21.28255256718475,0.5946966893278719,45.467271393531036,4.2722072226238295,1.8627659574468087,0.0,0.0,0.4308510638297872,0.03723404255319149,0.0,0.42021276595744683,0.02127659574468085,0.0,0.09042553191489362,0.0,0.0,0.0,0.0,2.690545428953151,3.845300347032902,3.2521895165134564,2.445353308494188,7.117282359652963,0.8205617316674172,0.0906790214909576,0.01701728996087024,0.09382938508841751,10.572897270233467,2.71472475724344,4.214392732191553e-07,23.183549180433616,0.004219409282700422,8.331000897532894e-05,0.002109704641350211,4.165500448766447e-05,14.62246467948944
s874,2.317047076148507,12.060309492081608,0.5387958278549339,22.72076163240376,1.8354313540293883,2.5736492890995257,0.22748815165876776,0.0,0.0,0.46445497630331756,0.06635071090047394,0.21800947867298578,0.0,0.023696682464454975,0.0,0.0,0.0,0.0,0.0,2.6084030994274148,4.049646380055184,3.123170428918917,2.2851135318026987,4.515836824420278,0.6081982828574335,0.08832880177856865,0.33900282792463104,0.33900282792463104,9.195397328181881,1.8918828208990588,2.2674505101528155e-06,14.696760881561392,1.065217391304348,0.019255516477759655,10.191304347826087,0.18422420662803524,15.672182989330677
s875,2.3226673678670045,16.19132976468694,0.6740540325828837,33.234834780146905,2.6571442511821535,2.1848205128205125,0.0,0.0,0.13333333333333333,0.35384615384615387,0.0,0.38461538461538464,0.02564102564102564,0.0,0.10256410256410256,0.0,0.0,0.0,0.0,2.576950539190529,3.6620845572497616,3.0603355013039195,2.419264270910693,4.390354266740653,0.7365437572449129,0.16595923041740165,0.2929745927232467,0.19345318018392968,9.846703699660369,2.2894505370466787,1.8321536064106997e-06,18.0995274130245,0.16,0.0038007046013401567,0.35555555555555557,0.008446010225200348,14.068992452614408
s876,2.5899760485206307,13.046306847680702,0.7381421265985154,26.223076763838225,1.4493148805140625,2.338009950248756,0.0,0.0,0.0,0.4975124378109453,0.0,0.3383084577114428,0.0,0.16417910447761194,0.0,0.0,0.0,0.0,0.0,2.444578974923165,3.520164146935146,2.9060496604091006,2.4806051478916578,4.397240711576984,0.5573504154016679,0.08837664162153451,0.35624045527103576,0.35624045527103576,8.533184738012988,1.9323885653931243,3.249993500587968e-07,11.37589542242914,0.25588235294117645,0.006635376983678247,1.3088235294117647,0.03393957192800942,14.34165901469322
s877,2.7237805419066023,15.519388233088637,0.6727478307800617,30.880415361758008,2.233055982788244,2.2918974358974364,0.0,0.0,0.0,0.41025641025641024,0.010256410256410256,0.358974358974359,0.0,0.13846153846153847,0.0,0.0,0.0,0.08205128205128205,0.0,2.437165427568422,3.811395057817063,3.0048193363685516,2.474937449223478,4.444270181868114,0.6949977828255837,0.1293115096331039,0.33630852247789306,0.33711116811626507,10.087647232132257,2.2316112318271295,1.9999088097280246e-08,17.90013494968251,0.12142857142857143,0.002808728213706684,0.3142857142857143,0.007269649494299653,13.340236144666804
s878,1.8733663294777356,26.272753687028747,0.2587733853709649,44.024614286372504,2.4318985159399964,2.1995967741935485,0.020161290322580645,0.0,0.5443548387096774,0.0,0.0,0.0846774193548387,0.1975806451612903,0.10080645161290322,0.0,0.05241935483870968,0.0,0.0,0.0,3.700192198305718,7.760511449176384,4.903256614881682,3.021227319663786,5.376204662422229,0.24740186253019814,0.05634590959330315,0.11997915265643022,0.11997915265643022,14.553934300985995,3.3841484325734656,6.587245738000621e-07,40.97995997509292,11.704761904761904,0.037724596517927984,94.11428571428571,0.3033315401059108,11.902964581258056
s879,2.3955199948149453,28.642600060819326,0.33046877909351846,48.672390313140546,4.5957366585423225,2.1188477366255145,0.0,0.0,0.46502057613168724,0.0,0.0,0.1934156378600823,0.11522633744855967,0.0,0.102880658436214,0.0,0.0,0.0,0.12345679012345678,3.4233508580289382,5.878948990853042,4.230758852764322,3.0478770787708567,5.035341556916268,0.3288171450380162,0.07695650753304249,0.09848213259800605,0.10240398743597974,15.980680720611739,3.7570735399093125,5.043410599154675e-07,45.35004062882274,1.6212765957446809,0.010948037058358107,6.906382978723404,0.046636913768281385,10.916542583152244
s880,1.9435993696189477,25.86582336530405,0.36388079880401475,43.34273104456356,5.838764785125746,2.219193548387097,0.0,0.0,0.3870967741935484,0.0,0.0,0.25806451612903225,0.0,0.0,0.14516129032258066,0.20967741935483872,0.0,0.0,0.0,3.073533753320952,5.429690320187935,3.6914966668422364,2.05347042251108,5.2633596507931415,0.32588933383738145,0.07932211676405093,0.08076736144086503,0.08717746949172732,13.542976056648513,3.276849827517662,2.479036777254455e-07,38.301104098846956,1.7316176470588236,0.01727642935999287,8.691176470588236,0.08671226965397696,11.568574069309458
s881,2.7773424943554748,13.038581912578845,0.4990414153483509,23.745059743233025,1.0517459119898853,2.5302232142857144,0.0,0.0,0.0,0.5491071428571429,0.0,0.14285714285714285,0.2767857142857143,0.0,0.0,0.0,0.03125,0.0,0.0,2.7549485901542976,4.655252601587812,3.358083711918687,2.574498248033146,4.4676434785366235,0.6800925248550064,0.08130329573561164,0.3458312643975541,0.3458312643975541,10.998826161587756,1.9122171612993422,2.214860140723361e-08,18.337430654584406,2.3125,0.02533689208474688,15.33125,0.16797674671320026,9.747501350320592
s882,2.4751139945953775,27.63138190658902,0.3753639749623767,46.76080014961221,3.3882508240537628,2.215,0.0,0.0,0.36363636363636365,0.0,0.09090909090909091,0.2727272727272727,0.0,0.0,0.13636363636363635,0.0,0.0,0.0,0.13636363636363635,2.951148335676399,5.406602621493581,3.7584009821159,2.0249199176232127,5.140694611372727,0.35062084621357265,0.08323213869259641,0.08642911077694437,0.09070127214614693,15.225264191221463,3.5351619459156947,2.437598700598914e-07,41.73629421775701,0.717391304347826,0.007080795834767421,4.0978260869565215,0.04044636408647451,11.720312324473698
s883,2.0811586431404936,24.074723605891126,0.32834315544429377,39.50723873787263,12.103046139009356,2.196328125,0.0,0.0,0.609375,0.0,0.0,0.18359375,0.0,0.0,0.20703125,0.0,0.0,0.0,0.0,3.368177978893879,5.168952681079198,4.168621163032084,2.996170697515539,4.957978303329925,0.2366779607893983,0.054889002234336494,0.11347005420003531,0.11347005420003531,12.341619811799854,3.1474246398750196,2.2332050425047665e-08,36.204476669301755,1.4627659574468086,0.011155047588346314,7.547872340425532,0.05756004555586698,13.591805741003354
s884,2.049723469048755,24.639299942084765,0.4185392713005479,43.59260758984229,5.37859271673907,2.1538695652173914,0.021739130434782608,0.0,0.34347826086956523,0.0,0.0,0.3,0.0,0.0,0.09130434782608696,0.2217391304347826,0.021739130434782608,0.0,0.0,3.0051069743287067,4.415735915540771,3.6269752049280717,1.985599737091802,5.228210221143924,0.36761727694010154,0.07277468910045652,0.08186617705413061,0.08481630956058576,12.995974308842271,3.2103405480060783,2.776062190542776e-07,37.445730672191,0.5710144927536231,0.006952484373693314,2.681159420289855,0.03264491393739247,12.178891960305192
s885,1.9052054970590735,20.81608000758587,0.2587712038039323,36.82844924419036,5.783489037690222,2.248695652173913,0.34782608695652173,0.0,0.5652173913043478,0.0,0.0,0.08695652173913043,0.0,0.0,0.0,0.0,0.0,0.0,0.0,3.74014241418022,6.139753093997536,4.772751292672283,3.0925678143574475,4.996398026569998,0.24118010715975846,0.0528495966178307,0.11817741265202998,0.11817741265202998,11.337090521079364,2.8743236636661655,4.198073064093332e-06,32.67858430868254,5.284090909090909,0.022073616446538345,35.11363636363637,0.14668274154796448,12.957594515358789
s886,2.5225574281240446,29.052889191211793,0.3951556233481167,53.06354141535379,5.009366625449853,2.0276470588235296,0.0,0.0,0.34841628959276016,0.03167420814479638,0.0,0.29411764705882354,0.0,0.1583710407239819,0.0,0.0,0.0,0.0,0.167420814479638,3.08526591087931,5.178919962067205,3.9328957039669303,2.384165055080235,7.982746904270195,0.564155278125684,0.04135708481835742,0.005142782719708276,0.0875017749300826,16.445078703255287,3.593010622364212,2.808784813139466e-07,44.99072729812027,0.6584615384615384,0.006665951778373299,2.4184615384615387,0.024483355597202865,10.234496036373795
s887,2.2931989981586485,23.639974396896612,0.40139944183262866,43.30684385313834,3.2422945490289314,2.05243119266055,0.0,0.0,0.5275229357798165,0.0,0.0,0.22477064220183487,0.11009174311926606,0.0,0.04128440366972477,0.01834862385321101,0.0779816513761468,0.0,0.0,3.178118016420751,5.120011648331459,3.83920904037336,3.0464545371805434,5.0701248151574685,0.2785626466501174,0.06307294345506528,0.11024912158987397,0.11024912158987397,12.800980647973491,3.061622681314094,4.984147480750519e-07,35.33769522819768,0.746938775510204,0.007101949665348234,3.2122448979591836,0.03054226440780907,13.772215637699128
s888,2.603778256482956,15.16756270340533,0.4011349860373456,26.599830114181028,2.169424390930256,2.617829787234043,0.16170212765957448,0.0,0.08936170212765958,0.4,0.08085106382978724,0.16595744680851063,0.0,0.0,0.0,0.0,0.10212765957446808,0.0,0.0,2.8401811209289916,4.624575426010944,3.536302499012128,2.2764340279763737,4.381698610211968,0.7506737609180019,0.13157643207420558,0.3280803167538053,0.2134148164125734,12.587909458794796,2.3592430822307535,9.753035419330295e-08,24.473738561943275,2.3846153846153846,0.02609151441069784,14.594871794871795,0.15969129035020657,14.178257230694314
s889,2.4260292129524315,29.34676527077325,0.3297313518548231,50.16007397344936,4.385557694812018,2.106721991701245,0.0,0.0,0.44398340248962653,0.0,0.0,0.1950207468879668,0.11618257261410789,0.03319502074688797,0.07053941908713693,0.0,0.0,0.0,0.14107883817427386,3.1999923331684874,5.794412771229637,4.234822791714567,2.9955813600493233,5.161186525589931,0.3243025861029252,0.07290196886664599,0.08187331378352249,0.08438696815406924,16.52155451439683,3.7791072875826903,3.423750408428238e-06,46.179742912533996,1.3829787234042554,0.00919043516653166,5.514893617021277,0.036648627617923174,11.151884160254154
s890,2.087670749551372,16.47955017083508,0.6818158134536246,37.60717859498264,2.505538540354741,2.059550561797753,0.15730337078651685,0.0,0.16853932584269662,0.2696629213483146,0.0,0.4044943820224719,0.0,0.0,0.0,0.0,0.0,0.0,0.0,2.570593360677755,3.4631826137040247,3.0546670391402424,2.2506064458359942,4.493369268085568,0.7378021777102154,0.19503678011099615,0.23655051428830975,0.1627834234890287,9.658022285146503,2.3044812570080824,1.071053931835474e-06,15.342606533179314,0.2222222222222222,0.00545449599762244,0.6504629629629629,0.01596576432637402,12.820677933790785
s891,2.0833755333217345,23.710151630085292,0.2613342177426064,38.199688737359644,2.5757951608083154,2.39551724137931,0.0,0.0,0.40229885057471265,0.1839080459770115,0.0,0.10344827586206896,0.0,0.25287356321839083,0.0,0.0,0.022988505747126436,0.034482758620689655,0.0,3.521533941455676,6.605594347934949,4.350865440113744,2.5178863116077266,5.602154479656153,0.45072031405043966,0.1200294863848782,0.0563134921503141,0.11208515108189432,16.471177510476874,3.2890374885903064,1.171591633462502e-05,40.101233335144244,7.2592592592592595,0.03167241889137715,58.333333333333336,0.2545105089485664,12.328077864295409
s892,1.7007024504837447,19.723897815185836,0.2432680020623653,32.53162366920263,2.624881307530337,2.6959055118110236,0.28346456692913385,0.0,0.0,0.3543307086614173,0.0,0.11023622047244094,0.0,0.0,0.0,0.25196850393700787,0.0,0.0,0.0,2.8753171691060304,6.60861264235998,3.793799335631636,2.243440144613655,4.100046551342328,0.5768030496428368,0.16149170889921674,0.1508531234579006,0.20858703490475144,13.77877974337556,2.966505361477553,5.260278049666156e-07,33.346228713319654,8.25,0.04610898045706939,70.79464285714286,0.3956689459351766,11.16114255112164
s893,2.637535035859997,22.109355193099166,0.43114934549933354,39.20955960026178,1.8173715978538054,2.2651541850220265,0.0,0.0,0.41409691629955947,0.0,0.14977973568281938,0.2555066079295154,0.0,0.0,0.0,0.0,0.18061674008810572,0.0,0.0,2.7573548004570188,4.755466017795104,3.478400143493091,1.9577082186051007,5.161006207839019,0.35462979034520664,0.07203760626636087,0.11543958848048835,0.11543958848048835,12.487523094001906,2.8859837472845684,1.3590306613527923e-08,31.648331538310092,0.5862068965517241,0.006774495880801135,3.475862068965517,0.04016877557557379,16.794219082346967
s894,2.6178200910527916,24.580267561608046,0.4959495473835294,48.917166137457585,5.945065650397771,1.9435820895522389,0.0,0.0,0.4129353233830846,0.0,0.0,0.3582089552238806,0.0,0.0,0.0,0.0,0.13930348258706468,0.08955223880597014,0.0,2.9308693386147353,4.232933430455698,3.5135725168406466,1.977289082733596,5.009402050356894,0.3433924566073585,0.07162323898545395,0.09497220226138653,0.09497220226138653,12.26645516539557,3.0542898907780707,6.030503555644166e-08,34.0540887553918,0.20833333333333334,0.0030360477356317153,0.6416666666666667,0.009351027025745683,13.285318226110126
s895,3.1747572969404563,23.85767491946075,0.3831847346254959,39.81652503450546,3.275682672142461,2.479635627530364,0.0,0.0,0.0,0.3117408906882591,0.0,0.23076923076923078,0.0,0.0,0.0,0.0,0.1700404858299595,0.2874493927125506,0.0,2.9418559425665,5.708798840757127,3.6640314385378905,2.4319133746582473,4.679207755158136,0.879219500952845,0.20688940702718386,0.156710234479204,0.25091245408187157,14.93220717322237,3.453140485500523,2.7159626668654862e-08,40.16542868798113,1.817543859649123,0.017580640183777262,9.27017543859649,0.08966805282922688,11.518925279645758
s896,2.496262074390761,13.674243129381683,0.3907214867842347,22.670455714501216,1.3998646419973673,2.7493650793650795,0.0,0.0,0.0,0.4365079365079365,0.16666666666666666,0.10714285714285714,0.25793650793650796,0.0,0.031746031746031744,0.0,0.0,0.0,0.0,2.865002059314101,5.611436043827013,3.67728281448333,2.416265960255119,4.689616607666549,0.6289378353256713,0.1151357310202444,0.31439633600127687,0.31439633600127687,10.32560140929994,2.3049398823123934,7.364875022879139e-08,22.343868269219556,7.074074074074074,0.055428040935438586,57.28703703703704,0.4488655618685321,17.001689347887528
s897,2.7178160275875602,25.01434376894014,0.25340154128036335,36.925936039863984,3.903746410181121,2.7265161290322584,0.0,0.0,0.0,0.38064516129032255,0.0,0.12580645161290321,0.0,0.0,0.14516129032258066,0.0,0.05161290322580645,0.2967741935483871,0.0,3.064752545535958,5.812984787951719,3.763114529911942,2.5087897562087447,4.38289934830411,0.7958860012505654,0.1599937939515064,0.36072619798320316,0.3630534637766432,14.141204434662182,3.3494951386768745,1.1118910564702148e-05,34.65818459116345,5.217948717948718,0.026243007570653544,28.756410256410255,0.14462669774195552,16.018389987998898
s898,2.271629426862884,23.156832671873556,0.3457203943672808,40.56798505674088,1.623147688825614,2.195793991416309,0.0,0.0,0.4978540772532189,0.0,0.07296137339055794,0.1459227467811159,0.21030042918454936,0.0,0.0,0.0,0.07296137339055794,0.0,0.0,3.4224328196541873,5.480035661838648,4.198758680770113,3.1824262049173964,5.281564404503675,0.29251533499050475,0.06526564934906326,0.11261121886914309,0.11261121886914309,12.52361249505492,3.1090650815210084,4.565618499213677e-08,36.64252432973214,1.7529411764705882,0.011046156227012782,8.870588235294118,0.055897998625286154,12.555843751396026
s899,2.0521000968623193,27.444469903802165,0.2686210387311816,44.59726359367854,3.966984674179421,2.2237692307692307,0.0,0.0,0.5307692307692308,0.0,0.0,0.13076923076923078,0.0,0.25384615384615383,0.0,0.0,0.0,0.08461538461538462,0.0,3.0696678438449796,6.794276790270572,4.157221637350401,3.136935547803125,5.151821245796179,0.3106978977458778,0.060507931133571335,0.11425723090871431,0.11425723090871431,13.48458099773429,3.5151064035616186,1.7838923160805566e-07,41.59760153714709,6.3088235294117645,0.03006070085856181,38.955882352941174,0.18561957243433622,10.674048820798832
s900,1.8578813951538915,27.170503246256644,0.3039494147089678,45.16421400536701,2.3743111948424667,2.2511553784860556,0.0,0.0,0.3545816733067729,0.0,0.0,0.16334661354581673,0.19123505976095617,0.0,0.043824701195219126,0.24701195219123506,0.0,0.0,0.0,3.3367137971905243,5.596559873941385,4.306962267786977,1.990916382684592,5.281854274825864,0.37225770715218603,0.08241867236814257,0.08891229366986454,0.0894577678641582,14.456192320545172,3.5707804313171456,1.0501917089196755e-06,41.85606210532882,4.152439024390244,0.02496408868257127,21.03048780487805,0.1264333948108492,10.880823502227837
s901,3.009681775478721,15.472556226630397,0.724341035059011,31.589802296037064,2.871990305008437,2.2601020408163266,0.0,0.0,0.0,0.41836734693877553,0.0,0.39285714285714285,0.0,0.0,0.04591836734693878,0.0,0.07142857142857142,0.07142857142857142,0.0,2.485775409265481,3.5493817506487964,2.9858813840855634,2.4513874362869004,4.387280380551272,0.6559000564238364,0.12777826066687825,0.34100707251343737,0.34100707251343737,10.272602404420416,2.189543494137846,4.7132821061036064e-08,16.962442815978346,0.02813852813852814,0.0007144534882788986,0.021645021645021644,0.0005495796063683836,16.897772870996057
s902,2.6842322035470514,30.89144486348387,0.34572848408038864,51.2797984733832,9.309462077549695,2.1793172690763054,0.0,0.0,0.30522088353413657,0.0,0.0,0.2570281124497992,0.0,0.0,0.08835341365461848,0.0,0.05220883534136546,0.21285140562248997,0.08433734939759036,3.1720971391946753,5.423387221918538,3.936114699568466,1.9104892110924379,5.176596126400394,0.34134984690715237,0.07215306577446146,0.05298010874662189,0.06863819756647369,17.8750013294768,3.842483175738569,8.930146984032805e-08,45.848960012216324,1.19375,0.009932436329633842,5.4125,0.04503397833226653,9.579981855403648
s903,2.418547489943911,12.89965803577761,0.5154378744022379,22.57440156261081,2.4052628366604294,2.6675324675324674,0.10822510822510822,0.0,0.0,0.45454545454545453,0.11688311688311688,0.22510822510822512,0.0,0.0,0.09523809523809523,0.0,0.0,0.0,0.0,2.712667238955385,4.099598661676488,3.2395939499321136,2.2504985661643766,4.496163753099408,0.6005172761956763,0.08479238067154572,0.35697181808274114,0.35697181808274114,10.737035809632134,2.1304002127344037,7.2447809083888e-07,18.550232019082344,0.9346153846153846,0.016309704474807642,4.507692307692308,0.07866244298137677,15.720501175903989
s904,2.524120544615496,13.175467779632331,0.37616493567332127,22.389081611543023,1.2628835101744402,2.668230452674897,0.01646090534979424,0.0,0.0,0.588477366255144,0.0,0.09053497942386832,0.18106995884773663,0.12345679012345678,0.0,0.0,0.0,0.0,0.0,2.743474373378611,5.446803837470315,3.940274091312816,2.3500076614410506,4.570129606739615,0.4894417088226589,0.06376842584091057,0.32490616659710087,0.32490616659710087,10.671821333743129,2.0587779189196067,3.512243184308926e-07,20.317987573639854,7.336363636363636,0.05041168495671682,68.32727272727273,0.4695095714184432,10.414335024285268
s905,2.235664249277023,17.167847087048354,0.402066079231252,28.498626164500262,2.5994123019986115,2.5970682730923693,0.0,0.0,0.14457831325301204,0.357429718875502,0.10040160642570281,0.20481927710843373,0.0,0.05622489959839357,0.1285140562248996,0.0,0.008032128514056224,0.0,0.0,2.7574152325405428,4.96730489420334,3.45260906873433,2.4259789615939313,4.431968143341918,0.6740961011978902,0.15222924252635844,0.32477361929502924,0.2130757304855062,11.478866377664682,2.600292252367379,1.0330920623514189e-07,27.598863007643367,1.415686274509804,0.01688970305287605,7.454901960784314,0.08893995984353842,14.92015994471316
s906,2.4129795388896307,34.21901810057186,0.21821327157978837,51.41450458327137,5.478560426584579,2.300769230769231,0.0,0.0,0.46153846153846156,0.0,0.0,0.07023411371237458,0.0,0.26421404682274247,0.0,0.0,0.0,0.0,0.2040133779264214,3.5284872194018515,9.166934243455712,4.634799725291474,3.308898326584937,5.445856919309796,0.3216430840226562,0.07653048560718492,0.09144171471129271,0.09144171471129271,16.053659475999037,3.9654399742617605,2.2025466226953634e-07,47.323398861055985,12.119047619047619,0.024874196157827422,73.25,0.1503447239284009,11.122575847926617
s907,1.959889569144334,23.321257427991593,0.307906403864404,38.13538950489187,3.308731366216018,2.3756153846153847,0.03461538461538462,0.0,0.35,0.1423076923076923,0.0,0.16153846153846155,0.06153846153846154,0.0,0.13076923076923078,0.11923076923076924,0.0,0.0,0.0,3.270788713116256,5.460412242830365,4.042415076506201,2.3150223847771074,5.601113189737432,0.7119097131141381,0.16053626396610643,0.07916773100732301,0.11508810954339176,14.395672722938762,3.205785412915746,1.5871535155491808e-05,37.84911253222973,3.238095238095238,0.02242919039387194,19.607142857142858,0.13581204624524665,12.80308571758416
s908,2.0055879054158923,23.438214752798533,0.34679473043380615,42.77474192385728,2.5865821436148937,2.073607305936073,0.0547945205479452,0.0,0.547945205479452,0.0,0.0,0.1598173515981735,0.1780821917808219,0.0593607305936073,0.0,0.0,0.0,0.0,0.0,3.1280975981597905,5.491509084952119,4.177317835452776,3.033375194023597,5.069095826625108,0.31565763476165626,0.06240011037179439,0.11054954495602548,0.11054954495602548,12.766673412010222,3.0869100420191256,2.2266600151174645e-06,37.14960337829934,2.5314285714285716,0.01726096523615806,15.342857142857143,0.10461781412885869,13.34059924858259
s909,2.2171475715120423,15.738609989021809,0.3156915270690397,25.726574020516427,1.561456590112829,2.688392156862745,0.0,0.0,0.054901960784313725,0.5568627450980392,0.0,0.10980392156862745,0.0,0.2784313725490196,0.0,0.0,0.0,0.0,0.0,2.89839616357459,5.710956556133632,3.8877839522657487,2.429577555728019,4.582063173051535,0.7318964225041351,0.10119530781791886,0.32380702997052374,0.21083603125769904,14.250012282469566,2.4535908584152835,1.413018361554857e-06,28.288815138295607,8.901785714285714,0.062105292721146295,94.33928571428571,0.6581790600718473,12.025448880709556
s910,2.4770266138368404,33.53180323394731,0.2881316117097293,54.23044720551973,5.541838012831148,2.183473282442748,0.0,0.0,0.3702290076335878,0.0,0.0,0.17938931297709923,0.0,0.20229007633587787,0.0,0.03435114503816794,0.0,0.0,0.21374045801526717,3.206419484003078,5.488681131274582,4.095439392897073,3.165495223581759,5.417253367856803,0.3717250756107637,0.08037722339191052,0.05970403198428682,0.07149272619774473,18.20866918199407,4.168020184308414,2.2052532090104855e-07,50.000971778087205,3.7872340425531914,0.020261043172569115,22.882978723404257,0.12241995467470833,10.063699345848706
s911,2.2415328385377133,28.170573835962454,0.3115334597368529,46.58271359802942,5.878901898026291,2.208181818181818,0.019762845849802372,0.0,0.42292490118577075,0.0,0.0,0.2015810276679842,0.0,0.10276679841897234,0.07114624505928854,0.0,0.0,0.18181818181818182,0.0,3.198148558512054,6.626141099372987,3.8957886141871576,1.9931948365320238,5.196160055007729,0.3272375579486419,0.07613597452812543,0.08954052103541976,0.09319523617972263,13.629215013190466,3.566246120419414,4.6028136617032866e-07,41.75923018517094,2.465686274509804,0.017643785888664283,11.612745098039216,0.08309767151142283,11.555453590009849
s912,2.103176703770993,20.004370934690133,0.5654886016653772,39.23934298727681,1.5906375683840628,2.1749019607843136,0.0,0.0,0.29411764705882354,0.0,0.21568627450980393,0.38235294117647056,0.00980392156862745,0.09803921568627451,0.0,0.0,0.0,0.0,0.0,2.7991926804196736,3.9090423806267194,3.253973749997954,2.061076116258722,5.108438395184358,0.3893325193114031,0.07907903608123432,0.08975965732571431,0.09022233597172315,11.324683043441208,2.6377096576239887,3.566063035838127e-07,25.807351238108986,0.18717948717948718,0.0035776494889360024,0.7743589743589744,0.014800686926831135,13.307841388425445
s913,1.8321357653084827,26.11916706413745,0.31397091542121885,44.909934736178734,2.4479669190128304,2.2372803347280334,0.0794979079497908,0.0,0.3305439330543933,0.0,0.0,0.17154811715481172,0.16736401673640167,0.0,0.0,0.2510460251046025,0.0,0.0,0.0,3.1810694366343886,5.794408641618325,4.273339069617735,2.9652958680500783,5.49077743958857,0.3862812855532116,0.07959326604819054,0.08819692063666675,0.08950677589364694,14.931702199530925,3.4574790071643555,4.845021616635582e-07,40.77551800917446,3.2390243902439027,0.021273593227548952,16.98048780487805,0.11152617172454503,10.354166987457162
s914,1.9197251864122973,17.21605435800651,0.3954119104678911,33.01059964058132,2.3965294168724602,2.338421052631579,0.2822966507177033,0.0,0.24880382775119617,0.2727272727272727,0.0,0.19617224880382775,0.0,0.0,0.0,0.0,0.0,0.0,0.0,3.067235981313495,4.460058220096809,3.6398894973029376,2.267061568477158,4.245277290350094,0.579492466336754,0.15292863162122933,0.1600262872181609,0.1460820241667322,11.444907239051632,2.4706309400886606,1.8778774818312945e-08,26.92398461489212,1.6682926829268292,0.01900974058672888,15.239024390243902,0.17364453097351176,13.008396695663247
s915,2.06435323928292,21.738824264317245,0.4670440938206019,41.85231587335842,1.8175623956091043,2.0740776699029126,0.03398058252427184,0.0,0.4368932038834951,0.0,0.0825242718446602,0.2912621359223301,0.10679611650485436,0.0,0.04854368932038835,0.0,0.0,0.0,0.0,3.0306407736504593,4.304122478595084,3.553464966916937,2.873362975921239,5.0311956029135185,0.3571122937200711,0.06502920340595449,0.11008446733957485,0.11008446733957485,12.859890358908078,2.8076784053905217,1.244520263487178e-06,30.57186627202033,0.20666666666666667,0.0027689710365838916,0.8966666666666666,0.012013761432920432,11.898702744629949
s916,2.2527070207637987,16.31855968468486,0.466132759578238,29.585681379550604,1.8060914844407137,2.4269058295964125,0.0,0.0,0.11659192825112108,0.4349775784753363,0.0,0.21973094170403587,0.03139013452914798,0.19730941704035873,0.0,0.0,0.0,0.0,0.0,2.837393578304948,4.766024481476066,3.40904052238142,2.489327741817451,4.507280047629719,0.6565970051034419,0.1445525934635843,0.29436192745598294,0.1877603663111775,13.329784041336913,2.37077937062773,8.127962453377171e-07,25.56849338975293,2.159183673469388,0.029073611338914576,14.10204081632653,0.18988530657079367,14.522466868239663
s917,2.1576915621717387,25.701914077132194,0.3455707940514971,45.17306110526266,3.7714615579555906,2.088448275862069,0.0,0.0,0.5258620689655172,0.0,0.0,0.1939655172413793,0.04741379310344827,0.1896551724137931,0.0,0.0,0.0,0.0,0.04310344827586207,3.163992138014455,5.3343318776332405,4.086036942951672,3.0075187543770947,5.297586892203295,0.3441904390704938,0.07106050730763012,0.10747700698375487,0.10747700698375487,15.002887143777045,3.3027803691250837,8.888362601141276e-07,41.227310354111786,1.5777777777777777,0.011907069716294365,8.364444444444445,0.06312424001708732,10.020883683902664
s918,3.048949613697102,13.678283461702627,0.7837620570892017,28.87637619692775,1.5124504025027738,2.2684210526315787,0.0,0.0,0.0,0.47368421052631576,0.0,0.3684210526315789,0.05263157894736842,0.0,0.0,0.0,0.10526315789473684,0.0,0.0,2.4454494692622046,3.3169568597100882,2.871635365710461,2.5237364610111133,4.378014462781795,0.6439843835197753,0.10088109662663691,0.3607584952858539,0.3607584952858539,9.346541820710453,1.947385245294141,1.7612537788687546e-07,11.42307914677152,0.33153638814016173,0.00892984748022366,1.202156334231806,0.03237977216406303,19.19196067822975
s919,2.0157038020781215,20.058581132676398,0.4024487588005465,38.981770880484284,5.898178320306038,2.0807766990291263,0.27184466019417475,0.0,0.5145631067961165,0.0,0.0,0.21359223300970873,0.0,0.0,0.0,0.0,0.0,0.0,0.0,2.96704163080272,4.715470502864535,3.7453367017277137,3.038709478016451,5.018577431635373,0.3353919729233706,0.06127288502660543,0.12594871519479517,0.12594871519479517,11.468812557220069,2.7086024381443896,2.3140203725870264e-06,28.36048181339721,0.2545454545454545,0.0027105073723417746,0.65,0.006921474182944174,11.341311714985654
s920,2.4771672147570416,31.61838068881205,0.33826288382140257,54.697490680645664,6.232620661867293,2.0749789029535863,0.0,0.0,0.3881856540084388,0.0,0.0,0.24050632911392406,0.0,0.18143459915611815,0.0,0.0,0.0,0.0,0.189873417721519,3.31818268268477,5.313096795245023,4.100213835770205,3.1647660831014304,5.1671185630357,0.3899056400898035,0.08099548212285594,0.08322035977444482,0.09192946719270068,17.405080929152682,3.9955435442659826,2.1755867771655045e-06,49.213461847145005,1.9719298245614034,0.014999553836839648,9.16140350877193,0.06968653926688313,9.573111504887864
s921,2.5952453472945276,13.133064909581922,0.8416291420912396,27.408135463475315,2.2694161305149247,2.2978645833333333,0.0,0.0,0.0,0.3697916666666667,0.109375,0.4114583333333333,0.0,0.109375,0.0,0.0,0.0,0.0,0.0,2.4920635998722718,3.260574809563936,2.8497334440820636,2.456714491481352,4.387785072937396,0.6842285883729089,0.1338585154032561,0.3357040772279512,0.3357040772279512,7.857315521376206,1.922709942731816,5.553546437094099e-07,9.252489014689212,0.07383966244725738,0.0023133933056462466,0.14135021097046413,0.004428495756522815,13.315333641694092
s922,2.781822264715723,13.62996928456834,0.7611676647670473,27.126311419287994,2.096616735089196,2.405073891625616,0.0,0.0,0.0,0.3103448275862069,0.1921182266009852,0.3645320197044335,0.08374384236453201,0.0,0.0,0.0,0.04926108374384237,0.0,0.0,2.540422176943915,3.5763835796488896,2.935574352711528,2.571202041474828,4.623266396180841,0.7628254323613837,0.15811193085665998,0.3074385278155889,0.3125061958565052,8.873382076482429,1.9813637664652188,7.327882048977679e-07,12.540842035580233,0.26216216216216215,0.007011498006180627,1.4054054054054055,0.03758741199189614,15.203081554298574
s923,1.909017235382326,25.370982424777434,0.2577790722255614,40.74733540949105,2.1333425048039474,2.307056603773585,0.0,0.0,0.5584905660377358,0.0,0.06415094339622641,0.10943396226415095,0.0,0.2679245283018868,0.0,0.0,0.0,0.0,0.0,3.221527475806295,5.754192624483101,4.463237680972469,3.015386969754243,4.999685280392231,0.2917452487325711,0.06401106655029645,0.12250219158439074,0.12250219158439074,14.292793294706234,3.3974445073311093,3.889307504518173e-06,38.990840577615906,7.396551724137931,0.0319039266478563,55.974137931034484,0.24143612555306637,12.435145662858071
s924,2.476753099128346,18.300648445625768,0.31721955697056287,29.810490235327503,1.6509191497363997,2.670617760617761,0.0,0.0,0.0,0.5482625482625483,0.0,0.1274131274131274,0.0,0.25868725868725867,0.0,0.0,0.0,0.0,0.06563706563706563,2.872180458564286,6.004531317814896,3.7320892850313725,2.480190691777601,4.595762143051822,0.850341600877848,0.16554023515973376,0.29663068071652504,0.3059003894889165,16.37436220318149,3.0700291214848727,8.582314703631356e-06,37.60994324991857,7.378787878787879,0.05137273922002237,65.40151515151516,0.45533968961648164,9.803561150791104
s925,2.327969097532717,13.860953494574925,0.6826759410236451,28.459191749499567,2.1547525979090554,2.3255440414507773,0.11917098445595854,0.0,0.0,0.43523316062176165,0.0,0.33678756476683935,0.0,0.05699481865284974,0.0,0.05181347150259067,0.0,0.0,0.0,2.438482514375575,3.5992723925253993,2.9831265295277523,2.3051656158037197,4.482098667195375,0.6449600614709144,0.11005517400103967,0.34535045974859147,0.34535045974859147,9.911655987901273,2.019837389086425,1.3973808877339858e-06,14.829267310940326,0.2230769230769231,0.005420228392524487,0.4512820512820513,0.01096505973660126,16.230074643844084
s926,2.3063495272619474,33.034277355456204,0.20024271721640385,48.47085555894043,4.279356929502267,2.4125477707006366,0.0,0.0,0.39171974522292996,0.0,0.0,0.06687898089171974,0.0,0.21656050955414013,0.0,0.0,0.03503184713375796,0.2898089171974522,0.0,3.5326809943832163,8.023862457260728,4.847987548140801,3.2949366304439325,5.1447584540616775,0.3225603230276951,0.0850444361593452,0.09162582782012622,0.09162582782012622,14.127008304368882,3.846753981566843,1.7155295687963755e-07,44.01849597372442,16.44047619047619,0.033284284719248575,94.9047619047619,0.19213781157266446,11.182146518923268
s927,2.760565084007686,30.679848933041118,0.36179150061536147,52.31024602252334,14.167022170131673,2.0989029535864976,0.0,0.0,0.3881856540084388,0.0,0.0,0.25738396624472576,0.0,0.0,0.09282700421940929,0.0,0.06329113924050633,0.0,0.19831223628691982,3.4498158337547187,5.013115348396688,4.144311845483245,2.070544041542743,5.13565992200126,0.36046339497713564,0.08397838389182136,0.08638445721701439,0.09085261879720481,17.221200826946284,3.8633874808538198,1.1600673172300464e-07,47.326097420670955,0.7344262295081967,0.006161358104387561,2.557377049180328,0.0214547291134924,10.581828906122091
s928,1.958141784680257,22.726691360897178,0.36398014593386013,38.73140358688111,1.5978890115910735,2.3486776859504133,0.0,0.0,0.39669421487603307,0.0,0.19008264462809918,0.2231404958677686,0.0,0.19008264462809918,0.0,0.0,0.0,0.0,0.0,3.3616018005719566,4.717739434369462,3.874803486886683,3.2127942418943087,5.004837652454541,0.41591961518068793,0.07497465723778385,0.10726224380629519,0.10726224380629519,12.399835837229515,3.1069174620661046,3.1867653956368024e-07,35.67977095987336,1.2469135802469136,0.012242737413122816,5.08641975308642,0.049940671427788116,11.296694628218882
s929,2.0327147445009834,18.24196544176052,0.48872378998731114,36.30331736429574,2.602738409445466,2.1934328358208957,0.14925373134328357,0.0,0.26865671641791045,0.23383084577114427,0.0,0.27860696517412936,0.0,0.06965174129353234,0.0,0.0,0.0,0.0,0.0,2.526353784292363,4.1135456500008845,3.3999121681716264,2.250190806189785,4.568254820836167,0.746291766098414,0.1939120093908277,0.17996412011788138,0.15402107399012324,11.454001940503762,2.5278314009004847,3.0049252675609863e-07,25.94373089436733,0.40714285714285714,0.006218235429896092,2.35,0.035891218533961655,13.512407042676026
s930,1.9523720829092743,14.733786670061107,0.3576635374566498,27.22004655994344,1.9697923936224944,2.532293577981651,0.3119266055045872,0.0,0.11926605504587157,0.42201834862385323,0.0,0.14678899082568808,0.0,0.0,0.0,0.0,0.0,0.0,0.0,2.9237855814551406,5.795347732592018,3.7198952944265344,2.1892152527908535,4.451056703689658,0.5245596411518244,0.13030762380014382,0.23848578803778656,0.1603879634575681,12.315772340544653,2.341012862340255,8.659649610251362e-08,24.895989805144342,2.59375,0.025840875362188803,18.09375,0.1802634558398472,12.123255738275791
s931,2.1448382694766317,16.359961988786058,0.5739132628300698,32.08458564791047,3.069360413868115,2.342623762376238,0.16831683168316833,0.0,0.0,0.31683168316831684,0.0,0.3217821782178218,0.0,0.0,0.0,0.19306930693069307,0.0,0.0,0.0,2.7877861344924657,3.7470529499430345,3.2448548152762524,2.2966031523482373,4.3472032415762305,0.8467971221558641,0.18001858053701858,0.273254484564924,0.30836009542916765,9.991027313460242,2.4273225114463717,1.3151364006486892e-07,24.8672973043288,0.12615384615384614,0.0024813052398144856,0.40307692307692305,0.007928072839407259,15.02716085352601
s932,2.3602442978866103,24.177753307781856,0.4165148538070256,42.96200780075082,6.632935043412636,2.103333333333333,0.0,0.0,0.46320346320346323,0.0,0.0,0.2727272727272727,0.0,0.0,0.09523809523809523,0.06060606060606061,0.06926406926406926,0.03896103896103896,0.0,3.124404041453691,4.695065653852792,3.7496370356014954,2.7993116966502796,5.185943875964314,0.35803701171128305,0.07011395079109288,0.11252850513732414,0.11252850513732414,11.369294100831297,3.088780845256131,1.4352099048943358e-07,36.22161702767617,0.22857142857142856,0.0025783066583609467,0.6603174603174603,0.007448441457487179,13.751925391285733
s933,2.5714933049729822,20.963796190329415,0.5112760610854502,39.35309109412715,1.7350400037761073,2.2089719626168227,0.0,0.0,0.35514018691588783,0.0,0.17757009345794392,0.32710280373831774,0.0,0.0,0.0,0.0,0.14018691588785046,0.0,0.0,2.6414287412812016,4.3526629185572085,3.229005621327025,2.0141164209117566,5.232416007292734,0.40344612390800955,0.0829973382214222,0.10233778874527624,0.102925936956456,12.413078496259791,2.703605036152009,8.42532401032169e-08,28.062403362225535,0.29714285714285715,0.004636386501748168,1.0685714285714285,0.016673159150517453,15.966419586898223
s934,2.578183150573948,33.007221130781026,0.2699153335407043,50.198482136396116,18.76812731791296,2.2697945205479453,0.0,0.0,0.4383561643835616,0.0,0.0,0.1541095890410959,0.0,0.0,0.18835616438356165,0.0,0.0,0.0,0.2191780821917808,3.3721753805506887,6.201023518760949,4.396229899482944,3.0389124391807556,5.327187887513738,0.31171015524375884,0.07204541868147762,0.06992404259276623,0.08068158760703795,17.696316053143192,4.268542098364433,1.185394506037369e-06,49.42524617965239,2.7055555555555557,0.012632146557944871,11.761111111111111,0.05491222641307863,9.61289016577758
s935,3.2841749742855506,28.30323750417302,0.33813488778767725,46.216678962510365,2.8671569592918758,2.475271317829457,0.0,0.0,0.0,0.3449612403100775,0.0,0.19767441860465115,0.0,0.0,0.0,0.0,0.18992248062015504,0.03875968992248062,0.22868217054263565,3.175829408374361,6.222974797437306,4.091888743171939,2.5557901150602977,5.1515211834237,0.7618753612805428,0.19967517760593478,0.16911820890553947,0.25939935802052666,19.814765946287444,4.098093453780255,2.2023284123341278e-07,48.619928535343874,2.926470588235294,0.020438947028859553,13.67156862745098,0.09548446107787151,9.713322189614626
s936,1.968082430631857,24.697745706552315,0.2743109053186696,40.89561789071977,3.6665633668714905,2.2165882352941177,0.0,0.03529411764705882,0.5686274509803921,0.0,0.0,0.11372549019607843,0.0,0.2823529411764706,0.0,0.0,0.0,0.0,0.0,3.3673507620192225,6.07629275268813,4.556563710997645,2.9317776204069155,4.939943900196563,0.2816542821921031,0.06715767294605708,0.11695044884373301,0.11695044884373301,14.212698307827448,3.365423522118251,0.00010246123705762182,40.44343775027379,5.603448275862069,0.025802148484819813,35.508620689655174,0.16350623016765048,10.075739656045512
s937,2.5194333602561465,13.500973240164656,0.7545039895854698,29.19977933337935,1.4040460976542204,2.2424731182795696,0.07526881720430108,0.0,0.0,0.45161290322580644,0.0,0.34946236559139787,0.11290322580645161,0.0,0.0,0.0,0.0,0.0,0.010752688172043012,2.43999623680275,3.4903515954471,2.8946981489734367,2.282086923778998,4.357761614574084,0.6753518485425389,0.11187918792935059,0.35164673019332837,0.35164673019332837,9.706822031802258,1.9419798660145633,3.3235623907988204e-07,10.497473514868062,0.21794871794871795,0.00564143585777839,0.4153846153846154,0.0107519130465894,13.19623028666331
s938,2.0478722476173967,25.851647591468225,0.3496050112984,45.09460331744836,3.854467233074111,2.1237500000000002,0.0,0.0,0.47413793103448276,0.0,0.0,0.21982758620689655,0.0,0.20689655172413793,0.0,0.04741379310344827,0.0,0.05172413793103448,0.0,3.2018974372417266,5.226462068061433,3.910148106352259,3.0184400870124017,5.338178704962137,0.3550724804212405,0.07538110740292657,0.11062843957394587,0.11062843957394587,13.638610307377462,3.3353784907964,1.1501159841574863e-06,39.82586811851469,2.168627450980392,0.01844076421993183,11.666666666666666,0.09920664295532948,13.581177392231469
s939,2.436456067300958,26.990144475012375,0.4092945458122016,50.42895415068098,2.4857023511751497,2.0282159624413145,0.0,0.0,0.3051643192488263,0.0,0.0,0.27699530516431925,0.18779342723004694,0.0,0.0,0.0,0.0,0.2300469483568075,0.0,3.006016769391238,4.825542840437176,3.8074444037643396,3.1869138559067185,5.3686469062021995,0.4484651257338814,0.08031711484528026,0.07078076464673422,0.07430720843696298,14.238874238789434,3.381267946385889,2.0108149188117225e-07,40.531180867690296,0.5830508474576271,0.005983752608933244,2.074576271186441,0.021291026724808985,10.627410076066555
s940,2.1597674265091493,18.02087310811044,0.6851828990786611,40.83210489052877,2.653045943608457,1.9662569832402237,0.0446927374301676,0.0,0.22905027932960895,0.2122905027932961,0.0,0.43575418994413406,0.0,0.0782122905027933,0.0,0.0,0.0,0.0,0.0,2.659385015528711,3.878330512444068,3.059900791151849,2.260156413599889,4.492763886262501,0.7986446606952868,0.20360868383582326,0.1982263816291386,0.1562422954161248,9.943170771285141,2.466673197368776,1.5637125249346975e-08,16.237715476853165,0.09188034188034189,0.0022217149917025574,0.13247863247863248,0.0032034030112920594,13.219347180694042
s941,2.0760742875539546,25.814624799873343,0.23637685016884674,42.050237881554686,5.15035925665849,2.27984555984556,0.12355212355212356,0.0,0.5637065637065637,0.0,0.0,0.08108108108108109,0.0,0.138996138996139,0.0,0.0,0.04247104247104247,0.05019305019305019,0.0,3.600527510731647,6.774623356135436,4.525166734986377,3.3668875968111225,5.541624822182118,0.28038504891042504,0.06430133868322449,0.109607767574003,0.109607767574003,13.57633860044576,3.411210765312633,6.291911897570098e-05,38.52329782185526,8.464285714285714,0.026585450751808085,55.595238095238095,0.17461892406602497,11.576550903597608
s942,2.8662352540250415,28.81557285272643,0.35696016907596245,48.62627918897585,5.575012452887697,2.19320987654321,0.0,0.0,0.32098765432098764,0.0,0.0,0.23868312757201646,0.0,0.0,0.0,0.0,0.16872427983539096,0.2716049382716049,0.0,3.0315017737465233,5.241308602296962,3.8867252567715447,1.9557435117024247,5.453458264988137,0.354001293133904,0.08186336294109084,0.061491729830698644,0.06754773352614624,13.537282040956292,3.709859253843335,4.795235783354113e-07,43.33171366391755,1.2689655172413794,0.010511005975283136,6.355172413793103,0.05264071742512722,11.129938867920696
s943,2.0564804264329384,22.09280560684358,0.4573691659821177,43.966870564114416,4.885664455710958,2.035771144278607,0.19402985074626866,0.0,0.38308457711442784,0.0,0.0,0.3034825870646766,0.0,0.0,0.0,0.07960199004975124,0.0,0.03980099502487562,0.0,3.021008895332611,4.375687685161441,3.5906697066142925,2.8673576652253794,5.1970242125986,0.33307734743494727,0.07080793989586123,0.10451507455874415,0.10520494303767977,11.869897372206369,2.9063237255861307,1.9756543145606068e-08,31.334614333525668,0.2262295081967213,0.0031076504107130265,0.9540983606557377,0.013106177819094069,12.474765255264526
s944,2.17033740082119,25.378295025366924,0.2985986348244859,42.64244130112677,7.192232860736769,2.237246963562753,0.145748987854251,0.0,0.47368421052631576,0.0,0.0,0.1659919028340081,0.0,0.0,0.0931174089068826,0.0,0.0,0.1214574898785425,0.0,3.188859212800964,5.743766616636319,4.0279025617044395,2.908217627568955,5.310094614670656,0.2950712384619862,0.07057179927482923,0.09856137854317513,0.10002516139282627,13.886945017838247,3.3822360065342485,1.3342934320398266e-07,39.737663083108714,2.731707317073171,0.01786728758150696,16.75609756097561,0.10959666579013644,11.110016204755
s945,1.9932617581354009,22.09437254788014,0.37559564751734764,40.02341256624187,2.82549059307342,2.173348416289593,0.049773755656108594,0.0,0.43891402714932126,0.11312217194570136,0.0,0.21266968325791855,0.0,0.18552036199095023,0.0,0.0,0.0,0.0,0.0,3.0773964028267144,4.866918592275133,3.7948134353216014,2.2624300745007146,5.918161244628989,0.6424650848662758,0.12821247429198895,0.05521712269622436,0.11781834240382057,14.620342289455243,2.921892778732398,1.8882622812026586e-10,35.39960786782538,1.3872340425531915,0.013352840131352607,9.731914893617022,0.09367467908099206,11.756505226092052
s946,2.143592238126898,18.853294185710908,0.6583444059054195,41.84511636340711,1.681918430202834,1.9995604395604396,0.0,0.0,0.23076923076923078,0.13186813186813187,0.08791208791208792,0.4175824175824176,0.13186813186813187,0.0,0.0,0.0,0.0,0.0,0.0,2.5518892042300862,3.733947846583318,3.1265972174728707,2.4958463479199735,5.263795866625397,0.7158293103082296,0.159847861407252,0.08875053777082094,0.10794805256979631,11.94123194021,2.5140475424671944,1.7816053119072016e-08,18.785192948119157,0.2727272727272727,0.006040648003701621,0.7727272727272727,0.01711516934382126,14.779108918907435
s947,2.0375796243268622,22.049968173628635,0.32197757547445466,37.42283330876409,1.1814202451585785,2.3611203319502074,0.0,0.0,0.4024896265560166,0.0,0.18672199170124482,0.12033195020746888,0.29045643153526973,0.0,0.0,0.0,0.0,0.0,0.0,3.0611407941527804,5.792022171511365,4.112107227041785,3.1521002650880283,5.270928058001091,0.34387165393725333,0.08038439287740856,0.10996697014652673,0.10996697014652673,13.979104545164356,3.1047401953513414,1.5033271770953514e-06,35.451224596008515,3.268965517241379,0.017839526694694966,21.53793103448276,0.11753764107074341,12.915693473952393
s948,1.7981094217751186,26.933224342213588,0.2872326449626181,44.36060479894,3.6373347760955137,2.288531746031746,0.07142857142857142,0.0,0.38095238095238093,0.0,0.0,0.17063492063492064,0.0,0.15079365079365079,0.0,0.2261904761904762,0.0,0.0,0.0,3.070466133915063,5.335909141314136,3.8787538406094635,3.163890152564196,5.361227601526224,0.2638100111169565,0.07496411964153438,0.09237606792294807,0.0951418184595633,13.49514005808727,3.3435968008523034,5.734471454074292e-06,38.42672044147502,4.75,0.030093532906326312,26.953488372093023,0.17076330300334,11.199082383798936
s949,1.9197590051924698,19.60725415918308,0.2620249232437814,30.81139939300198,2.061350124499374,2.7334545454545456,0.0,0.0,0.0,0.4909090909090909,0.0,0.10909090909090909,0.0,0.2545454545454545,0.0,0.14545454545454545,0.0,0.0,0.0,2.9083674879873738,6.838964682457186,3.4905818059556664,2.489790744375748,4.289024132466899,0.7586472430466558,0.19679868286299398,0.26495057153986035,0.3146288037035842,15.124210192508988,3.1147428212737696,7.063420706908016e-08,35.23304714147795,12.131578947368421,0.06749772126846829,112.90350877192982,0.6281729359699605,12.707264008666463
s950,2.260671135463873,12.049710598220024,0.4189792998568869,21.84622327969971,1.6353067100442658,2.6404035874439464,0.24663677130044842,0.0,0.0,0.5515695067264574,0.0,0.14798206278026907,0.0,0.053811659192825115,0.0,0.0,0.0,0.0,0.0,2.6765201566288366,4.3161750695209395,3.37226192996583,2.290565768269868,4.316309422695796,0.5363356208205303,0.07222843182752822,0.3404497199432212,0.3404497199432212,9.513105136685725,1.9758294255734483,1.7068205884338045e-08,17.259300413291886,2.787878787878788,0.034237839195291705,25.78181818181818,0.3166255824712411,14.04843132792166
s951,2.2643084594510583,31.360756957703046,0.2261751930868064,45.87962591960262,5.901309970598357,2.4525949367088606,0.0,0.0,0.3639240506329114,0.0,0.0,0.10759493670886076,0.0,0.0189873417721519,0.10443037974683544,0.1550632911392405,0.08544303797468354,0.16455696202531644,0.0,3.4724891725201315,6.653537179865152,4.413476498262255,2.058266409695566,5.434255495156476,0.332013383698059,0.08000186862912113,0.06815784561032107,0.07356719843653706,14.962644281167876,3.890515413062869,1.2654866562885368e-07,44.169781671061116,8.073529411764707,0.027699295882670977,45.595588235294116,0.15643290871442872,8.981068764989418
s952,2.2256757366533586,14.052423301326257,0.7494600427241629,31.61795242798407,2.0517625488381923,2.178,0.16666666666666666,0.0,0.06111111111111111,0.38333333333333336,0.0,0.3888888888888889,0.0,0.0,0.0,0.0,0.0,0.0,0.0,2.5439817041266597,3.409512541335264,2.9408318276033336,2.2715757210591248,4.352511959819067,0.7163753763724082,0.13878783876253153,0.33637348683790974,0.21489686877216316,8.738006572996298,2.028281577025924,1.2914880727976655e-06,11.423228962247354,0.24047619047619048,0.006654974484699186,0.8166666666666667,0.022600556913384365,15.250325822457256
s953,2.744075109125846,13.503028881084576,0.6902634465463396,24.928668703540794,2.4933116673919655,2.5492129629629625,0.0,0.0,0.0,0.2962962962962963,0.24537037037037038,0.3287037037037037,0.05092592592592592,0.0,0.041666666666666664,0.0,0.037037037037037035,0.0,0.0,2.442828602150313,3.531805162558055,2.9828526764447574,2.4047989991683094,4.542295423751912,0.7273068611044291,0.15110576903943354,0.32995847650166577,0.33659557229336595,8.945270586961385,2.0416417361390136,4.823264408857012e-06,14.08215416238889,0.4253521126760563,0.010354329835632,1.7464788732394365,0.042514466874780395,15.89501615851423
s954,2.3971832237597237,14.223432296066601,0.554716061652211,24.786422457116046,2.2238863028423705,2.658481012658228,0.0,0.0,0.0,0.3206751054852321,0.25316455696202533,0.270042194092827,0.0,0.15611814345991562,0.0,0.0,0.0,0.0,0.0,2.626272161376731,3.855696730726322,3.059037712324125,2.474606169531878,4.610511049508684,0.792004634265411,0.15644402590019613,0.287933054242841,0.2906579727372527,11.19194962292753,2.1839776194846148,1.0121366203058836e-09,17.93010646321342,1.628125,0.030911135800813005,11.325,0.21501335152043444,14.79468352184056
s955,2.1219811684200027,21.307276294824533,0.3323270109842905,36.9743912174896,2.1083701792101484,2.4065677966101693,0.24152542372881355,0.0,0.3305084745762712,0.0,0.16101694915254236,0.18220338983050846,0.0,0.0,0.0,0.0,0.0,0.0847457627118644,0.0,2.9274604936757367,5.510203447102262,3.869372915654964,2.869623978082908,5.522387333749313,0.28094767727761094,0.07182756940747367,0.09164679898571039,0.0925073323095199,12.865487398316914,3.031352521597376,3.913643812513358e-09,33.11898477953797,1.5302325581395348,0.01308536837201276,10.516279069767442,0.08992710604596003,10.394062159265156
s956,2.3468322478122947,15.734651066164671,0.5606758079838965,29.048586583688618,2.241991788076354,2.4246296296296297,0.0,0.0,0.0,0.4305555555555556,0.0,0.28703703703703703,0.0,0.1712962962962963,0.0,0.1111111111111111,0.0,0.0,0.0,2.6927272859978313,3.79093228209217,3.2005137480596138,2.538262033200311,4.60690555949486,0.7144880694073382,0.15226543609683058,0.3360759798617137,0.3449786548249379,10.688050498873585,2.332908752544619,6.951444751214457e-06,23.672907125135694,0.5903225806451613,0.010768872072976108,1.8612903225806452,0.03395431249238915,15.394637657623015
s957,2.29872799691523,25.09998761986209,0.4360802300908013,49.95146051081461,3.301689725418044,1.9430348258706467,0.07462686567164178,0.0,0.4228855721393035,0.0,0.0,0.2835820895522388,0.13930348258706468,0.0,0.0,0.0,0.0,0.0,0.07960199004975124,3.0436584967956417,4.677780100830495,3.7775030131115805,3.0784524999022382,5.166427373254432,0.3694965768231199,0.07792371371009277,0.10079505117839081,0.10150738369555257,15.755175308749765,3.1551203750139516,3.10440716566587e-08,37.6423993127503,0.5298245614035088,0.005986009176355567,3.6912280701754385,0.04170385201010633,11.216831735379627
s958,2.1767339594480313,20.545898027219533,0.4282213759113347,36.11097229026464,3.736099199906993,2.2323275862068965,0.0,0.0,0.4051724137931034,0.16379310344827586,0.0,0.2543103448275862,0.0,0.0,0.17672413793103448,0.0,0.0,0.0,0.0,2.8923961360112243,4.609780177417853,3.5666942217924045,2.4211631812452574,4.479381926551902,0.7624399747977408,0.20457256295584822,0.17443047652480573,0.16359307595836192,10.869339688395495,2.7839754628689244,1.4918499117912583e-07,31.373201857385133,0.30847457627118646,0.0038181964963585153,1.264406779661017,0.015650409814744245,14.654341987546204
s959,1.9637545486924095,25.02728018804503,0.33322818324519726,43.13212117514144,3.550632812810374,2.1395884773662552,0.0,0.0,0.5308641975308642,0.0,0.0,0.18930041152263374,0.0,0.23045267489711935,0.0,0.04938271604938271,0.0,0.0,0.0,3.225110930926169,5.408840361055329,3.942804142862392,3.079827178862586,5.140559589032828,0.3505971634795373,0.06784806526542253,0.11334556084361774,0.11334556084361774,13.771160137989321,3.260593670609419,2.392018377327882e-06,38.67647283368035,2.260869565217391,0.017100681171863343,12.321739130434782,0.09319871238665522,11.983156766945017
s960,1.9392026698007296,28.471503672576,0.2200733531034934,42.08830977685146,7.439962335921233,2.395718954248366,0.0,0.0,0.5490196078431373,0.0,0.0,0.09803921568627451,0.0,0.0,0.22549019607843138,0.08496732026143791,0.0,0.042483660130718956,0.0,3.090638017793744,6.746864283645879,3.9574930232386043,2.9731523912610465,5.277487533071495,0.26262134317329655,0.069190322736928,0.08982843283277661,0.090583293612884,13.042272194094808,3.405537510409939,1.5735570380047204e-05,39.87068840263078,8.891666666666667,0.03061770239354977,51.625,0.17776632270669243,10.342914910017427
s961,3.1868176462108493,21.22536035821013,0.3741477345184212,35.86353991559643,2.543332057881438,2.465795918367347,0.0,0.0,0.17959183673469387,0.3469387755102041,0.0,0.17142857142857143,0.0,0.0,0.0,0.0,0.23673469387755103,0.0,0.0653061224489796,3.0055712003525525,5.259940954850538,3.8237984974666794,2.4290532147473334,4.472023608118005,0.7399784681987764,0.17325452732628435,0.257429242330353,0.1665586192426596,16.97096176598607,2.9095490275357547,9.112149243638872e-08,34.81682550884292,1.138095238095238,0.009191930668016176,3.9714285714285715,0.03207560743567151,12.54632349402932
s962,1.6475546633438647,25.900128931741666,0.1747557808577064,37.50244913193366,2.542870093148648,2.81584375,0.0,0.0,0.0,0.36875,0.0,0.059375,0.0,0.25,0.0,0.321875,0.0,0.0,0.0,3.0181930141885287,9.459916605310992,3.584695931820585,2.50346140025568,4.754480333977673,0.8694841479699195,0.22275571266338628,0.17800184895552873,0.25524793435132426,15.547447466642009,3.4853293571843316,3.1687370394105425e-05,39.09884673466758,25.07894736842105,0.05749247441680077,183.44736842105263,0.4205456864213202,11.037378930835699
s963,2.284246885110904,25.422122819887957,0.2543673183235993,39.28873526709956,8.998366071520497,2.30719723183391,0.0,0.0,0.6470588235294118,0.0,0.0,0.09342560553633218,0.0,0.0,0.16262975778546712,0.0,0.09688581314878893,0.0,0.0,3.7512513349077503,7.072834586372617,4.61287361093179,2.9700529001610185,5.055292886494604,0.24668930532876765,0.058185989341066065,0.10943029280787393,0.10943029280787393,12.183639574790012,3.281217241705094,3.106453375312901e-09,38.14937000597375,5.351851851851852,0.019667909070474852,33.157407407407405,0.1218525646736513,13.508264091840356
s964,2.036308136817104,29.79154094721608,0.24707278250929007,46.250955835180825,4.066959237642195,2.3588256227758007,0.03558718861209965,0.0,0.3487544483985765,0.0,0.0,0.13167259786476868,0.0,0.18861209964412812,0.0,0.15658362989323843,0.0,0.1387900355871886,0.0,3.1834860783494054,8.050810544072773,4.121829977643641,3.017029995701208,5.457886522712568,0.39289205724945375,0.09007540895050013,0.09864360143338079,0.10068450353200246,14.116460095878878,3.666674489203178,3.1515841236727193e-07,42.25988989340014,6.54054054054054,0.02890786904707886,39.75675675675676,0.17571684036468185,10.731474887661648
s965,1.787004126115495,22.036835570903463,0.2259335495024083,33.70339557902886,2.273253471224888,2.7575874125874127,0.0,0.0,0.0,0.44755244755244755,0.0,0.0944055944055944,0.0,0.2517482517482518,0.0,0.2062937062937063,0.0,0.0,0.0,2.8914664315359,6.3539527755622665,3.5326421150224663,2.4935795880541485,4.347677139887842,0.7816021436719788,0.2078540631048868,0.21879686059602838,0.2685234198223984,20.55265113234015,3.3713865892926296,2.517516417628778e-08,39.353969064345456,14.824074074074074,0.06350619261884104,135.83333333333334,0.5819087106298552,12.269621395242346
s966,2.7553823701053606,31.070836953217,0.4369996119130983,59.34249940614417,8.198529728217345,1.9187735849056604,0.0,0.0,0.2783018867924528,0.0,0.0,0.36792452830188677,0.0,0.10849056603773585,0.0,0.0,0.0,0.0,0.24528301886792453,3.0822538875912517,4.708418009434336,3.858009212685674,3.123962215426917,5.09010897368763,0.38498100130846646,0.08224508464776965,0.06544408937866196,0.07596188945737549,16.056495522194226,3.7075557538673047,2.4194313187624297e-09,46.00201101162527,0.3871794871794872,0.004584776084505507,2.264102564102564,0.026810313129922936,10.5764275511743
s967,2.5359719356067347,13.37558723907614,0.485489255172934,23.664500499903905,1.3145385576355286,2.5769565217391306,0.0,0.0,0.0,0.5652173913043478,0.0,0.16956521739130434,0.1826086956521739,0.0,0.08260869565217391,0.0,0.0,0.0,0.0,2.664967049748804,4.7161667682409085,3.292513060167924,2.474581920131962,4.420071450419273,0.561729821199907,0.07390947921692895,0.34019096179412467,0.34019096179412467,10.449833548739019,2.0863952333832527,4.897600601705548e-07,19.366496483413933,2.4461538461538463,0.031010422292629156,17.605128205128207,0.2231840245924442,12.78003977979768
s968,2.161526484717363,20.610332266412975,0.5674194143042699,43.510701451316294,2.2670536543811717,2.025,0.13157894736842105,0.0,0.3157894736842105,0.0,0.10526315789473684,0.39473684210526316,0.0,0.0,0.0,0.0,0.0,0.05263157894736842,0.0,2.733349521776742,4.057466841097972,3.3073420813366163,2.9975028885014976,5.0834729294975265,0.3442981161408805,0.07824920876636132,0.0978767968054907,0.0978767968054907,11.58036569813793,2.663366081314617,3.7822733163250843e-07,24.937221984595045,0.037037037037037035,0.0007093472755293971,0.07901234567901234,0.0015132741877960472,13.073569654196923
s969,2.0885129776838247,21.013231939599212,0.5677674890917588,43.36773400300263,1.5507914463808286,2.011237113402062,0.0,0.0,0.36082474226804123,0.0,0.12371134020618557,0.3865979381443299,0.09278350515463918,0.0,0.03608247422680412,0.0,0.0,0.0,0.0,2.7996235333925243,4.041637587102793,3.2904646779866016,2.0995770030828265,4.972598119057057,0.4432660730820558,0.07746918152576814,0.10100356869857298,0.10100356869857298,11.237176590385724,2.7100523767630853,7.293887718775202e-08,26.433874838089448,0.18444444444444444,0.0033933781404669847,0.5777777777777777,0.010629859235197783,14.154814109112076
s970,2.0844460689520385,23.58668927327769,0.4147036662404834,41.68810197137455,7.501770314991592,2.100657894736842,0.0,0.0,0.5,0.0,0.0,0.27631578947368424,0.0,0.0,0.15789473684210525,0.06578947368421052,0.0,0.0,0.0,2.965358284976339,4.542903067993656,3.756362088461637,2.754951617859143,5.116241528763617,0.3062510607895425,0.06356090933112489,0.10903532050396039,0.10903532050396039,14.613581683757474,3.0385395932528123,5.361097983227422e-07,35.382641519696044,0.2619047619047619,0.0030681890202632475,0.6258503401360545,0.007331776360109579,13.354847845969275
s971,2.0296876378120503,23.85675622890524,0.36160613684873244,43.57308369081036,2.333184730530766,2.0473303167420815,0.0,0.0,0.5475113122171946,0.0,0.0,0.17647058823529413,0.18552036199095023,0.09049773755656108,0.0,0.0,0.0,0.0,0.0,3.087394577648386,5.149286585562493,4.063689321424045,3.1241097440216556,5.2412322893872885,0.2668297356338372,0.05960019581090805,0.1150008782838803,0.1150008782838803,12.1502921563193,3.0872670716104187,1.3964425512652478e-05,37.406097069656745,2.348717948717949,0.0173736795577791,12.025641025641026,0.08895475668775543,11.031576039895594
s972,2.7018818806192777,20.557578935981176,0.3905551188168823,33.56870484483001,1.6311887961031122,2.5562790697674416,0.0,0.0,0.31007751937984496,0.0,0.3023255813953488,0.20930232558139536,0.0,0.0,0.0,0.0,0.17829457364341086,0.0,0.0,2.731135613358414,4.970923786550305,3.5243628140963152,2.0537378256699856,5.031747267257249,0.41159463013634334,0.08065710199134588,0.08521054616552898,0.09487359779254773,12.452898040822541,2.8400525283448435,2.3020820696938836e-07,27.013510505100957,1.2546296296296295,0.01277372690833708,5.958333333333333,0.06066341893368938,12.60183108132322
s973,2.2062689097728456,22.335538811083723,0.2819029730782777,38.00143756052437,3.953872395367084,2.2796326530612245,0.15510204081632653,0.0,0.5265306122448979,0.061224489795918366,0.0,0.10612244897959183,0.0,0.07346938775510205,0.0,0.0,0.07755102040816327,0.0,0.0,3.4864964038543538,5.773012061030237,4.389883875594669,2.3038919644899227,5.843260033088291,0.47595045867451335,0.09912619781875806,0.03197977899634798,0.10453094980586969,12.967935586404893,3.0651311920552917,2.780350300970624e-07,35.42228395548477,3.9076923076923076,0.018566549079408554,24.592307692307692,0.11684499489541171,13.769111697602682
s974,2.1706527589003968,20.874217836882472,0.427701817147547,40.38283263770722,2.553368197486339,2.157729468599034,0.14009661835748793,0.0,0.30434782608695654,0.14492753623188406,0.0,0.24154589371980675,0.10144927536231885,0.0,0.0,0.0,0.0,0.06763285024154589,0.0,3.107974916599669,4.6006705198128515,3.6787612178565845,2.278233051902538,5.301982362370352,0.6145050512698056,0.14996006882205828,0.0826407508642835,0.11584361255767317,13.020715974995012,2.807313677311231,5.379334499108652e-09,32.68511914123826,0.68,0.00786861615668562,3.848,0.044527110251362155,12.549198218574046
s975,2.0679911469533416,23.894102262529415,0.23000404544737404,36.67169705532593,2.7250978517942466,2.734355400696864,0.08362369337979095,0.0,0.0,0.3310104529616725,0.0,0.09059233449477352,0.05574912891986063,0.0,0.0,0.3205574912891986,0.11846689895470383,0.0,0.0,2.9312595464736155,7.239295964361534,4.496817422288767,2.327132468396569,4.848951886876413,0.7382942583998017,0.17562581951109604,0.26208322825797986,0.2869121656718937,15.385539089951312,3.203230249588263,9.952075860610527e-07,36.67238750346383,12.317307692307692,0.046699961617158524,83.75,0.3175305743055821,13.830397104184849
s976,2.2629535575750066,16.606749917364734,0.6784834878084236,35.478056641642816,2.2430473744413844,2.1124468085106387,0.010638297872340425,0.0,0.14893617021276595,0.3191489361702128,0.0,0.39361702127659576,0.0,0.1276595744680851,0.0,0.0,0.0,0.0,0.0,2.596839142077134,3.544769642187712,3.0351330097410747,2.3491064525296492,4.378085902650164,0.8042146700330635,0.18533878671285178,0.2500448164419765,0.17209607219029352,10.17010429516348,2.322958177889034,9.848224977181089e-07,16.76510334376823,0.28501228501228504,0.006755426992759471,1.1277641277641277,0.026730525773074117,13.570310443033245
s977,1.9903926953363802,21.878299426444574,0.3449707220770846,37.460685348876325,2.4887568654930505,2.336218487394958,0.0,0.0,0.31092436974789917,0.21428571428571427,0.0,0.18487394957983194,0.0,0.23109243697478993,0.0,0.058823529411764705,0.0,0.0,0.0,3.0353205408532684,5.945730673444063,3.8784626610340105,2.426111055617279,5.160642693404174,0.5625370937608759,0.1461124115568919,0.08805922183502468,0.11243664601497681,13.952414745269058,3.0585533676006835,6.279824878752052e-07,37.85520203485429,2.5318181818181817,0.02139413204689015,15.686363636363636,0.1325514357160106,11.97114706392527
s978,1.7785363060139474,29.059914038112833,0.20812019574812912,41.63996340526124,5.0549883998314264,2.5428398791540787,0.0,0.0,0.36555891238670696,0.04833836858006042,0.0,0.09969788519637462,0.0,0.0,0.20241691842900303,0.283987915407855,0.0,0.0,0.0,3.0711728462786727,6.780217310703146,3.8999266603599896,2.475506611146737,5.6945616813220505,0.8028684391135283,0.15572061659039124,0.06152244479751432,0.08597495086525028,11.861875273817926,3.322650232415708,1.87080573874007e-06,36.636620296950625,10.212121212121213,0.035035440465591976,58.96969696969697,0.20231147521080708,10.36442588435607
s979,2.4387218621307136,15.509926568253434,0.7610196705676404,34.89733477857021,1.6545343200404916,2.0778333333333334,0.0,0.0,0.09444444444444444,0.35,0.0,0.40555555555555556,0.11666666666666667,0.016666666666666666,0.0,0.0,0.016666666666666666,0.0,0.0,2.3696378344174067,3.491840689915764,2.9386715641388563,2.5872700206339916,4.322353187212086,0.7603778234722774,0.1734124600532186,0.2778330649671225,0.17814822621412021,9.676396702356847,2.2059664065091673,1.1108735741442275e-08,11.28577325667718,0.18036529680365296,0.004716214988268985,0.5182648401826484,0.013551655725785563,12.743573791210133
s980,2.1782809487945975,32.234943406043065,0.25179397507384804,50.34446217348294,4.305596490908502,2.2831294964028777,0.0,0.0,0.39928057553956836,0.0,0.0,0.13309352517985612,0.0,0.22661870503597123,0.0,0.11510791366906475,0.0,0.0,0.12589928057553956,3.365386831401735,6.409240617545103,4.110000943235843,3.303795453216266,5.578143869552972,0.3302379607554717,0.0808769271682784,0.08322378286332956,0.08735546002675725,16.562750623851347,3.979224396240806,5.380736191025393e-08,48.29302122424999,5.763513513513513,0.023796732672142596,29.79054054054054,0.12300093124440412,10.377860550824513
s981,2.763997065569707,21.074860306448887,0.4624320060904137,39.37671267783868,2.806812280801844,2.1805164319248824,0.0,0.0,0.3615023474178404,0.17370892018779344,0.0,0.26291079812206575,0.0,0.0,0.0,0.0,0.20187793427230047,0.0,0.0,2.7075364519124774,4.3339145748422006,3.5057032749964963,2.48597194492473,4.850337716781946,0.7164003466954734,0.1981201489077317,0.1507822603259234,0.14672910019552474,11.846067385304426,2.7339910198244692,4.422448311594049e-07,31.438186780452206,0.29642857142857143,0.003697973375255148,0.6428571428571429,0.008019701295734056,14.274560203648432
s982,2.131120634186619,16.406203574036546,0.4151460473865291,29.324474104773998,2.6529583991398282,2.4619823788546253,0.13656387665198239,0.0,0.1762114537444934,0.3832599118942731,0.0,0.2026431718061674,0.0,0.0,0.1013215859030837,0.0,0.0,0.0,0.0,2.978252588273168,4.612582678126259,3.540225598525366,2.295971206229102,4.489409061564266,0.850855812316024,0.16956404153719276,0.29160337457634095,0.19529520408793985,11.503891972716444,2.4894998716322334,5.912203505942012e-07,28.12921475085543,1.4391304347826086,0.0177755904729021,7.904347826086957,0.0976314908753354,13.92274655681729
s983,2.2924352275438635,26.60155426343254,0.3275986728484817,44.69784968073356,4.794271308521068,2.1471255060728747,0.0,0.0,0.5222672064777328,0.0,0.0,0.17813765182186234,0.09716599190283401,0.0,0.12955465587044535,0.0,0.0,0.0,0.0728744939271255,3.540546597189211,5.3687663594935895,4.262830452127135,2.997499494731647,5.004977159824119,0.2744412471396208,0.06522002818187507,0.1035509098641742,0.10402374506903345,14.384814708645111,3.5043757058570377,3.031248387623016e-08,42.02658405419809,1.3136363636363637,0.008796782881505087,5.959090909090909,0.03990512926523588,11.735034871811687
s984,2.730599239329154,25.594630421744366,0.5066996064830459,51.44779246391036,3.9219054845714547,1.9379899497487438,0.0,0.0,0.36683417085427134,0.0,0.035175879396984924,0.38190954773869346,0.0,0.0,0.0,0.0,0.12060301507537688,0.0,0.09547738693467336,2.9325900407167533,4.457844197357659,3.487101126631843,2.0166358892632115,5.047676414088887,0.34609748374514265,0.07544406679054398,0.08554577526337924,0.08592262889890073,13.383666557802881,3.1112516619182022,5.090232591434124e-06,35.08506154020197,0.12280701754385964,0.0018324614091503955,0.3157894736842105,0.004712043623529588,15.436354614809744
s985,3.350860279274458,30.62074144154551,0.32619602349720184,49.21861507782158,2.8076859721076137,2.455381679389313,0.0,0.0,0.0,0.31679389312977096,0.0,0.19083969465648856,0.0,0.0,0.0,0.0,0.18702290076335878,0.0,0.3053435114503817,3.4762123664560978,5.897414411747859,4.254614219545708,2.471797065231299,4.885119680095012,0.575995040204541,0.17812150648690084,0.12883372217977407,0.23639215078857634,20.47289167883944,4.370650988009052,2.962561049291877e-07,50.43050782986351,3.46,0.021563989388433423,17.22,0.10732135759214552,9.508206715405622
s986,2.160099953914124,22.97146403098004,0.48882241344812727,46.17264270226988,4.662934617726398,1.9214427860696517,0.014925373134328358,0.0,0.4975124378109453,0.0,0.0,0.3333333333333333,0.0,0.11442786069651742,0.0,0.0,0.03980099502487562,0.0,0.0,2.865142932229552,4.262539666260938,3.5256524701598178,3.100888928852038,4.933508131568142,0.3084065456509014,0.06935689163952657,0.09760316264495196,0.09760316264495196,10.7864732027679,2.889962981877305,2.3359083921238686e-07,31.676291193856393,0.28059701492537314,0.004071675108835773,1.3253731343283581,0.019232167535351948,14.213888085366413
s987,2.252914062847983,20.539149146063636,0.3236547989934781,32.86263863370185,2.257221626001229,2.68405303030303,0.0,0.0,0.0,0.3181818181818182,0.09090909090909091,0.14772727272727273,0.12878787878787878,0.0,0.015151515151515152,0.2159090909090909,0.08333333333333333,0.0,0.0,3.014688847432312,5.556110113273968,3.862240468430415,2.3587435647960104,4.679162710551759,0.7665095300884414,0.1949356072077352,0.25361106569542374,0.2709816866334665,13.923783925153957,3.0825351089699025,1.2318949294619552e-05,33.51488687171497,4.67948717948718,0.03365708452048339,31.673076923076923,0.22780774604891565,13.996556036576097
s988,2.0724962727592264,16.414208859768262,0.2352878900108863,24.01337962817949,2.645973218507439,3.016518987341772,0.0,0.0,0.0,0.5063291139240507,0.17721518987341772,0.0981012658227848,0.0,0.0,0.21835443037974683,0.0,0.0,0.0,0.0,2.9288382337094925,6.348182492919971,3.800143942421699,2.54277027430603,4.509325519931225,0.6362499828200047,0.131825333863209,0.3727598409438421,0.3727598409438421,11.030373602097734,3.046146011396579,2.1797858360504265e-05,28.766394479262114,12.346774193548388,0.07379180974015524,88.62096774193549,0.5296526435235571,14.335537070786623
s989,3.0804153254518627,21.992230182506944,0.564588685908046,43.55324016535693,3.080712559541102,2.1812871287128712,0.0,0.0,0.0,0.31683168316831684,0.0,0.38613861386138615,0.0,0.039603960396039604,0.0,0.034653465346534656,0.06930693069306931,0.0,0.15346534653465346,2.578498903684226,4.337599710340211,3.288742380395624,2.5467471967094073,4.310733801802838,0.7714342452405,0.205283851389715,0.2760255151341446,0.32424684006721805,14.979358779796593,2.875296847896444,2.075756521671644e-07,31.102016645844866,0.2641025641025641,0.004637101247736073,0.7538461538461538,0.013235997736256364,12.638548605250943
s990,2.6554246314579184,13.075313910452307,0.6339062847007237,26.15062782090461,1.7632478216316614,2.424090909090909,0.15151515151515152,0.0,0.0,0.5,0.0,0.2828282828282828,0.0,0.0,0.0,0.0,0.06565656565656566,0.0,0.0,2.5302845631783537,3.7182927970523023,3.007880993053012,2.306207900352348,4.3999365492392855,0.7123167287225397,0.09456381961681208,0.36670849053665816,0.36670849053665816,9.844129181895793,1.9439872968951653,1.481499646112104e-07,15.901762782546939,0.6517857142857143,0.01409858574761036,2.5416666666666665,0.05497804670529337,13.804182017954036
s991,3.2313151666733817,34.50144951700675,0.26587447522567326,51.579667027925126,9.154625545003947,2.310401337792642,0.0,0.0,0.3779264214046823,0.0,0.0,0.10033444816053512,0.0,0.0,0.023411371237458192,0.0,0.20735785953177258,0.0,0.2909698996655518,3.7400666851138795,7.228669878470956,4.774259680929428,2.026271015504838,5.3544547692071545,0.23846577634821428,0.06295392392381269,0.051237698036198785,0.05800494117305522,17.30027257261996,4.325930482344326,2.7312417334623295e-06,50.433717594936866,4.125,0.011996006094126394,17.933333333333334,0.05215233356476767,10.41247053735078
s992,2.653402559490006,27.279200763769023,0.27961169938387465,44.59100124846864,3.572931755639088,2.215960784313726,0.0,0.0,0.5450980392156862,0.0,0.0,0.08627450980392157,0.13725490196078433,0.0,0.0,0.0,0.16470588235294117,0.0,0.06666666666666667,3.7400027887297607,7.133623308520897,4.903256379435783,3.5166027158215196,5.3273681442154,0.26048486412966065,0.06368181078832949,0.1109278605866185,0.1109278605866185,14.024443260421183,3.5778466516220035,1.9978794580117346e-06,42.26449151248106,3.840909090909091,0.012147443463949326,17.329545454545453,0.054807252315155985,13.675749398883186
s993,2.919251139672072,16.870499283836462,0.5178326279091983,30.259784429738446,2.7924140997943834,2.4838495575221238,0.022123893805309734,0.0,0.0,0.40707964601769914,0.0,0.2610619469026549,0.0,0.0,0.0,0.1504424778761062,0.1592920353982301,0.0,0.0,2.737692263782018,4.05608456641884,3.3336058582350545,2.2740731836996333,4.579097347732565,0.6953659488840107,0.16653101168374448,0.30954961365523065,0.31929068541361205,10.429806923060747,2.5526418063741323,1.265279025194492e-06,27.243463207403618,0.6305084745762712,0.009756781180104632,4.4271186440677965,0.06850729151191746,13.869715167285968
s994,2.732112128708491,15.12960338034427,0.28763760475111283,23.47133064950707,1.9766483119133247,2.856724738675958,0.0,0.0,0.0,0.6445993031358885,0.0,0.09059233449477352,0.0,0.020905923344947737,0.13937282229965156,0.0,0.10452961672473868,0.0,0.0,2.899595768343951,6.21555753009388,3.6528160273371615,2.5057532508140374,4.265460000656871,0.5898859308394634,0.08219008134114514,0.3831827314228319,0.3831827314228319,11.836708015085314,2.635881977718135,2.2621648219678274e-06,26.21223510870495,11.85576923076923,0.07098942284515126,100.46153846153847,0.6015389212377457,11.682662457571029
s995,2.6845352381267986,35.797847816297846,0.27710447354522044,54.72759980292647,20.05010175994873,2.2440068493150687,0.0,0.0,0.363013698630137,0.0,0.0,0.1780821917808219,0.0,0.0,0.1678082191780822,0.0,0.0,0.0,0.2910958904109589,3.441084218061327,5.5900182395295515,4.242599826567574,2.009244322708604,5.441016902513327,0.27805803929175665,0.07416496470329158,0.05074223758504137,0.06989659217012323,17.099620127816088,4.438040893142756,1.8455368636641991e-07,52.27942335878026,3.1826923076923075,0.015832818353391852,14.85576923076923,0.07390243007852089,8.612521288666915
s996,2.4343926012000066,14.59358132902243,0.5758205720725933,28.24128238671931,1.2030760276065096,2.381483253588516,0.0,0.0,0.0,0.46411483253588515,0.0,0.23444976076555024,0.24880382775119617,0.0,0.0,0.05263157894736842,0.0,0.0,0.0,2.568654266888789,4.286594084636579,3.2014258236040956,2.5055562832566487,4.525197055716879,0.6582098884570862,0.11559161965810914,0.3408298809881763,0.34648680847345725,14.450048597580304,2.1403991593124507,5.2615326224976474e-06,20.614018514298696,0.9142857142857143,0.014688242875609814,5.289795918367347,0.08498197663745678,13.70241026542037
s997,2.5452858211347995,32.08339536941635,0.3065426449170897,55.16497477187419,2.5760366584918017,2.0884518828451886,0.0,0.0,0.3723849372384937,0.0,0.0,0.1506276150627615,0.26778242677824265,0.0,0.0,0.0,0.0,0.0,0.20920502092050208,3.4626329776543767,6.61672600700887,4.4218071436388335,3.386550848486872,5.332300062948573,0.4522417216443138,0.08706806396843708,0.07830294855848897,0.07963011717812438,17.407706861489185,3.8872388274795475,8.829145619750378e-06,48.952242179178,4.65,0.02183118095753412,28.9,0.13568196337048088,11.67788045728526
s998,2.035703840192518,22.36244222242414,0.375254922859959,39.83310020869301,2.5951541233169158,2.1756140350877198,0.0,0.0,0.4473684210526316,0.11403508771929824,0.0,0.21052631578947367,0.0,0.22807017543859648,0.0,0.0,0.0,0.0,0.0,3.1296202003916633,5.0929464920999745,3.835120478254394,2.4550809403361,5.712323518008315,0.6061338154284747,0.12508981833278648,0.048891614388918196,0.10936438291028562,13.315854874698388,2.996093154615889,5.516906313872365e-07,35.904390928620316,1.537037037037037,0.014470098633274349,9.101851851851851,0.08568739130426918,12.567054007112768
s999,2.938467600440927,25.44962596079264,0.31132662572109154,39.99226936695983,3.5057965189819096,2.5854545454545454,0.0,0.0,0.0,0.32727272727272727,0.0,0.1781818181818182,0.0,0.014545454545454545,0.04363636363636364,0.0,0.12727272727272726,0.3090909090909091,0.0,2.9639272689676144,4.9406992059628,3.5626161802547,2.3742669371876834,4.383881110299488,0.8369103673020715,0.21515465637784867,0.2463908987038811,0.3018288509122543,16.2410404807325,3.427099645751885,2.971689001717746e-07,38.51022150225723,3.9744897959183674,0.02782680654218001,22.755102040816325,0.15931650472159542,12.555311002105547
s1000,2.9179696902604695,13.494614600734378,0.7022925224284795,27.26462949944292,1.955157496122054,2.381868686868687,0.07575757575757576,0.0,0.0,0.46464646464646464,0.030303030303030304,0.3282828282828283,0.0,0.0,0.0,0.0,0.10101010101010101,0.0,0.0,2.4438927112083655,3.4443462849519375,2.9528870713243234,2.3249912409018774,4.372312445267817,0.6519994364079874,0.09221000663248675,0.35761355615016177,0.35761355615016177,9.127674589337438,1.962517425612997,1.7963293338892258e-08,14.207617248044953,0.4205128205128205,0.010229794783440911,2.7743589743589743,0.06749169485172601,16.358683734742023
s1001,2.570741596136599,19.758513772509296,0.45131666227709094,35.92457049547146,2.7214034078874687,2.2548636363636363,0.0,0.0,0.32272727272727275,0.22727272727272727,0.0,0.2409090909090909,0.03636363636363636,0.0,0.05909090909090909,0.0,0.11363636363636363,0.0,0.0,2.8774023148626298,4.656382143282476,3.4988842625373096,2.358214191007879,4.438979368459168,1.0067587255479815,0.21900955523089685,0.23631756144702704,0.19347032895463792,11.31383350027834,2.6940668292340857,2.441788606971671e-08,29.590989765760355,0.5471698113207547,0.006671462405314361,2.0830188679245283,0.025397567225748464,14.26508737016492
s1002,1.7843854696402226,29.533069964769673,0.19671924168793672,42.47012273694752,5.211811140001281,2.4793846153846153,0.0,0.0,0.47384615384615386,0.0,0.0,0.07692307692307693,0.0,0.046153846153846156,0.18153846153846154,0.22153846153846155,0.0,0.0,0.0,3.2913323537072636,8.131777592944951,4.132889412161241,2.901195908109677,5.281576352703512,0.338273028368942,0.07960730321911641,0.10645706527682888,0.10753238916851403,13.295746826688656,3.4403952768569455,1.1297602380168104e-05,38.46805061837762,14.34,0.037350567495786795,82.68,0.21535180756985023,10.721956587546716
s1003,2.2977358286652745,11.659298771985503,0.510519154251006,21.886753835130687,1.7410997858210178,2.598224299065421,0.27102803738317754,0.0,0.0,0.4766355140186916,0.056074766355140186,0.19626168224299065,0.0,0.0,0.0,0.0,0.0,0.0,0.0,2.584852918436774,3.9587123369109487,3.1775289199838896,2.295434936990456,4.496024934095984,0.5144423485864682,0.08137256276527699,0.3351455894815431,0.3351455894815431,8.460332291436849,1.876693851353864,1.3815058614952007e-07,14.945985443707887,1.2857142857142858,0.02164250642623849,10.061904761904762,0.16937265214311825,14.59582455096176
s1004,2.021537422978998,23.972459193874773,0.3628970376204787,43.42552034300265,2.7554494410012733,2.056923076923077,0.0,0.0,0.5520361990950227,0.0,0.0,0.19004524886877827,0.11764705882352941,0.14027149321266968,0.0,0.0,0.0,0.0,0.0,3.239904092257359,5.136817680004353,4.0179831806717745,3.182157052977843,5.034570082776153,0.27094015841391195,0.06241244106903285,0.1159576341215047,0.1159576341215047,14.422820911154918,3.104329997674639,1.5414451069369452e-07,38.07200038355961,1.8714285714285714,0.014836029366906136,10.5,0.0832403174402749,11.813853666200194
s1005,2.057018658258049,21.99509347817763,0.5127845248878043,45.64573162675577,3.92294389402469,1.898652849740933,0.06217616580310881,0.0,0.48186528497409326,0.0,0.0,0.34196891191709844,0.06735751295336788,0.0,0.046632124352331605,0.0,0.0,0.0,0.0,2.7020375230793228,4.055444816641617,3.4542701134994,3.0059995539232975,4.991206916334846,0.36946021760278797,0.06888029650909389,0.11051984673038574,0.11051984673038574,11.433817096121048,2.795481117938202,2.279362484659325e-06,28.203342566546734,0.08585858585858586,0.0013348871289831869,0.43434343434343436,0.006752958417209063,13.094678778132288
s1006,2.864431552858697,27.708418211523725,0.2829254016740275,44.4002364112368,6.312925390472832,2.2568421052631575,0.0,0.0,0.5639097744360902,0.0,0.0,0.10526315789473684,0.0,0.0,0.0,0.0,0.2706766917293233,0.0,0.06015037593984962,3.1659629901354798,6.676785673586948,4.475457835871678,3.3265026878600765,5.138174361368164,0.25524762940325224,0.06639706003574519,0.09506481033091586,0.09506481033091586,13.707241760856679,3.603158545711773,9.03874139430318e-10,41.96606450318309,3.3214285714285716,0.012617972541101969,17.723214285714285,0.0673297728335683,16.11982419501173
s1007,1.9504345931745664,26.345154012974962,0.23765923467933822,39.995492879801326,9.970419646874555,2.329761092150171,0.0,0.0,0.6382252559726962,0.0,0.0,0.10238907849829351,0.0,0.0,0.23890784982935154,0.020477815699658702,0.0,0.0,0.0,3.4331414966079916,6.41336691378314,4.306054147687441,3.121200227696872,5.189468978777499,0.2576258788791588,0.05646842405508569,0.11722776250105253,0.11722776250105253,12.589692586950495,3.3594343500493706,2.595388289766285e-07,38.09838644038153,6.141666666666667,0.023869269852587836,34.19166666666667,0.13288414410470542,12.844218892137896
s1008,2.5093915611796374,13.66418904848155,0.4519991092284971,24.59554028726679,1.938209199500271,2.578977777777778,0.1688888888888889,0.0,0.0,0.5066666666666667,0.0,0.18222222222222223,0.0,0.09333333333333334,0.0,0.0,0.0,0.04888888888888889,0.0,2.4767418804128334,4.531090496269443,3.3470750579708017,2.300315820956608,4.556338106150028,0.751566181315557,0.10471776641665172,0.33820869439269086,0.33820869439269086,11.04823353503535,2.2006335409206423,2.299228085021145e-08,21.233896097911085,1.5463414634146342,0.020621624655368088,12.463414634146341,0.16620899367339265,12.133452786738458
s1009,2.766053061019524,14.96438787076723,0.4802669901567159,25.837792007080115,2.1989684095652984,2.5909583333333335,0.0,0.0,0.0,0.5375,0.0,0.21666666666666667,0.0,0.075,0.08333333333333333,0.0,0.04583333333333333,0.041666666666666664,0.0,2.7304012074284643,3.9675488228836944,3.2360525853936015,2.4867792644499014,4.510423957022812,0.600992882636166,0.09025032250406476,0.3737063274862335,0.3737063274862335,12.814694626016125,2.314579461442851,4.6666198145489254e-07,23.24431503348464,1.5307692307692307,0.022163730954513274,8.865384615384615,0.1283603011310379,13.899098064607504
s1010,2.0007984470107916,19.429245850856976,0.529853779331099,41.507934317739846,3.0432239397452028,2.0067553191489367,0.18617021276595744,0.0,0.3670212765957447,0.10106382978723404,0.0,0.32978723404255317,0.015957446808510637,0.0,0.0,0.0,0.0,0.0,0.0,2.788290691948713,4.049705051696918,3.3633796687924624,2.267937939574667,5.326221247946412,0.7214652976561137,0.15910184164342323,0.07772487017735402,0.12011324366386258,11.061458933985977,2.5639824490332255,5.345913595915795e-09,23.66719865700248,0.14516129032258066,0.002463931991648582,0.4274193548387097,0.007254910864298603,13.101362615794084
s1011,2.5337720600584848,13.517885424019289,0.3616195880444417,21.862259142549746,1.3199148292144056,2.8230534351145042,0.0,0.0,0.0,0.366412213740458,0.25190839694656486,0.08015267175572519,0.3015267175572519,0.0,0.0,0.0,0.0,0.0,0.0,2.895114708875688,5.859764406357782,3.657534561374423,2.4632328610617082,4.6583047620260745,0.5393867626690889,0.16151004098540966,0.21930597635818364,0.2331861014441446,11.33583560052679,2.5161531416949434,5.108290678748427e-06,23.34643304524364,9.523809523809524,0.0564702802754621,80.32142857142857,0.47625622627317854,12.573063400389575
s1012,2.46106606310394,33.84359320582344,0.24218738768995607,53.669130054205276,3.193717135993495,2.2139179104477615,0.0,0.0,0.417910447761194,0.0,0.0,0.07462686567164178,0.20522388059701493,0.08955223880597014,0.0,0.0,0.0,0.0,0.2126865671641791,3.785189208919994,8.64411841905181,5.346706154417399,2.936727904846018,5.267602777835997,0.42080284930221745,0.08323056368658956,0.0942294571060331,0.0942294571060331,15.987544042827606,4.0495670157151595,2.8446424237870457e-06,47.1444633957795,11.1,0.024476071554148333,72.6875,0.1602796802785727,11.254717826382132
s1013,3.1304412684009706,25.845807540540743,0.33213521586590317,41.837900956250344,3.220846458712441,2.4725096525096526,0.019305019305019305,0.0,0.10810810810810811,0.3166023166023166,0.0,0.17374517374517376,0.0,0.0,0.05405405405405406,0.0,0.13513513513513514,0.0,0.19305019305019305,2.918941469586419,6.1585482981154005,3.8176067070635615,2.3428202332340593,4.3079212950260946,0.7732837395226065,0.1917068765244977,0.28647726189471373,0.22575780974079587,16.453581095220883,3.3066518057542327,7.927801164448528e-07,39.12595981996935,1.6777777777777778,0.01127864900520313,8.561111111111112,0.057550987142443784,12.184777181902795
s1014,2.8529393393916447,36.77783305977634,0.26065688628046607,57.6743291164674,3.6278751275933057,2.215217391304348,0.0,0.0,0.322463768115942,0.0,0.0,0.10144927536231885,0.18478260869565216,0.0,0.0,0.0,0.07608695652173914,0.0,0.31521739130434784,3.692825929771394,7.923442718539833,4.919796594701248,3.432136472377321,5.453672410420812,0.34072179291408955,0.07798336326322695,0.061550808133715766,0.06692903408714725,17.1380340663802,4.362387085999376,3.1389356278471407e-05,50.836474764834385,6.669642857142857,0.01839777872945525,32.107142857142854,0.08856547832814067,10.466070730422432
s1015,3.068656534626295,26.791193401212848,0.4664275925472036,50.057229775950354,2.678497813290957,2.1744131455399063,0.0,0.0,0.0,0.2676056338028169,0.0,0.3474178403755869,0.014084507042253521,0.10328638497652583,0.0,0.0,0.0,0.0,0.2676056338028169,2.949792762176714,4.5164057822064985,3.6908253677656475,2.446382576157774,4.802965365947663,0.886685621772948,0.2063252052721366,0.1719019828839242,0.2986090782490702,15.24693434011074,3.515277671426569,5.687885252360797e-07,42.96057999205886,0.42162162162162165,0.005467426218975575,1.672972972972973,0.021694466856063337,10.163448101097652
s1016,3.1624467676077783,17.016889671772752,0.5977749319850456,32.194115595245755,2.9907190690681094,2.3607142857142858,0.0,0.0,0.0,0.4095238095238095,0.0,0.32857142857142857,0.0,0.0,0.0380952380952381,0.0,0.10476190476190476,0.11904761904761904,0.0,2.6941245730686587,4.000530530126006,3.1826560017453187,2.388515259038965,4.474629565100921,0.7835338450432543,0.15469321796496158,0.34382927101256183,0.34888558382157014,10.696711271046937,2.4382014198115396,3.763657100385141e-07,24.9134181909582,0.17971014492753623,0.0034699419333702295,0.4608695652173913,0.00889872205493333,15.59097519305145
s1017,2.018602321467565,20.04800037386523,0.3992295026004897,38.109261971942054,3.099290629857199,2.184407582938389,0.1895734597156398,0.0,0.3981042654028436,0.12796208530805686,0.0,0.21800947867298578,0.0,0.052132701421800945,0.0,0.0,0.014218009478672985,0.0,0.0,3.222325083157104,4.769399143947769,3.7241008196610723,2.1905407987940344,5.338472841607429,0.5830243155939343,0.12857204122457522,0.06039235139771048,0.12285778504943397,12.459841956290845,2.7211317083302284,2.532990693376385e-07,31.267818731224637,0.908695652173913,0.009881497491445285,5.678260869565217,0.061747539348457135,13.901719281002512
s1018,2.777326714480312,32.65432105708167,0.39455463839988786,57.96774823311397,23.79280300514859,2.013187772925764,0.0,0.0,0.2925764192139738,0.0,0.0,0.3318777292576419,0.0,0.0,0.10480349344978165,0.0,0.0,0.0,0.27074235807860264,3.293639456503237,5.170422431517782,4.069086465700908,1.9785262135409918,5.103561163649313,0.3226429627530578,0.07594305474233427,0.061024745054457714,0.07069939975821321,17.195551781813933,3.994711094753618,5.92774615652134e-11,49.30135422889871,0.5842105263157895,0.0059375438412322575,2.281578947368421,0.02318851581238003,9.391851443125473
s1019,2.4524907917869445,13.806991425260916,0.6004640082414361,25.427875874855513,1.8722304696034253,2.517828054298642,0.0,0.0,0.0,0.4434389140271493,0.09954751131221719,0.28054298642533937,0.0,0.17647058823529413,0.0,0.0,0.0,0.0,0.0,2.548794909374519,3.6171615109526156,3.022435321868204,2.577368826533486,4.49509327300394,0.6230219106419925,0.11426201209295234,0.3536469916850932,0.3536469916850932,9.67183454864752,2.060318062783822,2.4273865537905812e-06,17.62049420045052,1.5096774193548388,0.03067499636378621,12.667741935483871,0.2573946810268984,14.187307326843907
s1020,1.782597691145373,29.524891769329574,0.2076671927013925,42.76475354929805,5.8245203799903775,2.464024767801858,0.0,0.0,0.47368421052631576,0.0,0.0,0.09597523219814241,0.0,0.0,0.21362229102167182,0.21671826625386997,0.0,0.0,0.0,3.0642416724956196,8.363993092842366,3.805568203806851,2.0749249539006227,5.308422134123845,0.39993082481336795,0.07818687467946062,0.060799541700434334,0.069166451108751,13.147845583081716,3.3552593850729417,6.393497165391633e-06,39.23531281858667,11.903225806451612,0.03869327852601487,68.55645161290323,0.2228533609414989,9.451706880547947
s1021,2.562909369135537,13.257339021699392,0.7138340361600943,26.514678043398774,1.4869453885443313,2.347821782178218,0.0,0.0,0.0,0.5,0.0,0.3217821782178218,0.0891089108910891,0.034653465346534656,0.054455445544554455,0.0,0.0,0.0,0.0,2.476493049001904,3.6799769520630012,2.9379031147412484,2.4378608971273548,4.392073271804627,0.6233205947874836,0.0931905428146949,0.35930021476331125,0.35930021476331125,8.25088746806187,1.9322138071641128,1.2161470022319578e-08,13.53073869385765,0.3169230769230769,0.007692358010373162,1.0923076923076922,0.026512496055169636,13.604368135470851
s1022,2.5116663638990895,29.96752482309666,0.2874453740567424,48.58089427843625,11.940097462312872,2.2229501915708814,0.08812260536398467,0.0,0.4521072796934866,0.0,0.0,0.16091954022988506,0.0,0.0,0.10727969348659004,0.0,0.02681992337164751,0.0,0.16475095785440613,3.4956173455975503,5.421170522503959,4.308828438035874,2.9202575451012325,5.3248592698910855,0.28115718020799385,0.07737474103883618,0.08381158358220511,0.09578466695109154,15.972506927994068,4.00268036108708,2.111915799362491e-08,47.498745423156095,2.8214285714285716,0.015150500122580051,12.892857142857142,0.0692320322057139,9.538465716921277
s1023,2.3466110556333835,23.55689485813622,0.41992478982007103,43.83630869253179,4.429423713918452,2.0260280373831776,0.0,0.0,0.5373831775700935,0.0,0.0,0.2523364485981308,0.018691588785046728,0.09345794392523364,0.0,0.0,0.09813084112149532,0.0,0.0,3.120274922504936,5.050493272355292,3.7151427233492935,2.9171607691833867,4.983214387225358,0.25888059571680916,0.05883387460519254,0.10867055609372148,0.10867055609372148,12.59145782380241,3.022995002966351,1.3337635901008477e-07,35.45183265339329,0.3,0.003213536208202464,0.9555555555555556,0.010235707922422663,15.371600787827344
s1024,2.318944363645343,29.95187635235527,0.29335834313368997,48.601157854765106,4.308177031546474,2.235813953488372,0.0,0.0,0.36046511627906974,0.0,0.0,0.18604651162790697,0.0,0.19767441860465115,0.0,0.0,0.0,0.2558139534883721,0.0,3.2517943326768814,5.377145824215525,3.9254889205311847,3.113370273163851,5.341860363486294,0.3535956416006133,0.07584453865667842,0.0782619178854369,0.08347937907779937,14.208483178439984,3.591641996543346,1.919824815558265e-06,43.13592966705778,3.6302083333333335,0.02254909138091832,22.380208333333332,0.13901498660517364,11.42756618357285
s1025,1.9651309205259326,19.198580384167027,0.4831292514488816,39.62260206945113,3.060248657294403,2.0831958762886593,0.2268041237113402,0.0,0.36597938144329895,0.11855670103092783,0.0,0.28865979381443296,0.0,0.0,0.0,0.0,0.0,0.0,0.0,2.8466673565401357,4.525268140652493,3.4639980126247045,2.1994011458622196,5.281924088232964,0.8294462540867025,0.15110385628744152,0.07500572754387932,0.11884908938324135,11.323000411599969,2.593117102631462,1.6660371218585034e-06,25.043668102008922,0.22916666666666666,0.0034456299072870723,0.875,0.013156041464187003,12.357797578900211
s1026,2.0967441709725487,27.033475827365265,0.39112187430132367,47.78009681115717,4.0308895956853235,2.141929824561404,0.0,0.0,0.3026315789473684,0.0,0.0,0.2894736842105263,0.0,0.11842105263157894,0.0,0.22807017543859648,0.02631578947368421,0.0,0.03508771929824561,3.1292999590874833,4.743041207759901,3.71657216640359,3.110753468455672,5.311776876526085,0.31985856411529445,0.07902963623963898,0.07018332281601723,0.07745985461299561,13.589796260010758,3.4415580527738423,1.4904507978828547e-06,40.471303409464205,0.8606060606060606,0.009215345026604522,3.087878787878788,0.033064917542640876,11.005784954584607
s1027,2.520265419077702,12.779719499795855,0.6849586415776614,25.559438999591695,2.126363053680597,2.44345,0.155,0.0,0.0,0.4,0.1,0.315,0.0,0.0,0.0,0.0,0.03,0.0,0.0,2.5314500424903907,3.5101131889487243,2.951960973271561,2.2650395390009366,4.479807422311023,0.6086389991574348,0.10261813813893791,0.3539923599351826,0.3539923599351826,9.25384213340156,1.9194633634573763,3.0012297636124435e-09,13.143023864610514,0.5650793650793651,0.01392831822348241,3.0507936507936506,0.07519726861104829,14.70464422050675
s1028,1.9839643839470371,24.34631622324434,0.3032910390515606,40.968973506700834,5.543791578803485,2.1823360655737702,0.045081967213114756,0.0,0.5942622950819673,0.0,0.0,0.15163934426229508,0.0,0.14344262295081966,0.06557377049180328,0.0,0.0,0.0,0.0,3.405816000176731,5.2547335628090455,4.203355020998136,3.0008244508414093,5.071425979041854,0.294696810585304,0.06389658612975678,0.12505641473333437,0.12505641473333437,12.419373355300399,3.196319303912275,9.366334616171891e-08,37.84736405358992,2.5837837837837836,0.01609291833293676,13.31891891891892,0.08295596395890413,12.689794916078554
s1029,2.0673599205379585,22.17924963120265,0.5268822075156222,47.969074783763865,1.8774938093695694,1.8417204301075267,0.0,0.021505376344086023,0.44086021505376344,0.0,0.0,0.3333333333333333,0.20430107526881722,0.0,0.0,0.0,0.0,0.0,0.0,2.7131756553661632,4.312507790587459,3.387390352890437,3.1852979583036887,5.05866561006467,0.28720261462864277,0.06419397250638034,0.1018393641554304,0.1018393641554304,11.349452614781436,2.7692834765030376,1.098329318276801e-07,26.19119050275733,0.3519061583577713,0.005288819718269395,1.7947214076246334,0.026972980563173914,12.84398106992824
s1030,2.0904984926464474,21.83856919143532,0.5506571538170351,45.83699687433123,6.932066463143648,1.872251308900524,0.041884816753926704,0.0,0.47643979057591623,0.0,0.0,0.387434554973822,0.015706806282722512,0.0,0.07853403141361257,0.0,0.0,0.0,0.0,2.905510371017429,3.9782828454446593,3.3839967146829215,2.0692772787979403,4.996657922514798,0.3076626049800651,0.06764345564645469,0.10536736394181172,0.10536736394181172,11.006109218023198,2.7549562310940607,1.42415286552183e-07,26.45652473444186,0.04954954954954955,0.0008790506150197734,0.18018018018018017,0.0031965476909809943,14.266219779520334
s1031,2.5196709383400444,25.681867855620354,0.3604967717935515,43.94854851349119,4.247167115212124,2.1951851851851854,0.0,0.0,0.448559670781893,0.0,0.0,0.20987654320987653,0.0,0.0,0.0,0.13580246913580246,0.205761316872428,0.0,0.0,3.0223790398856663,4.7723268497637035,3.7600861859781696,2.010473016557541,5.353871592909722,0.3363488266203327,0.08017293008255183,0.0979603853897027,0.10032087660391241,13.707978270200714,3.3161757397542857,7.823102842711036e-07,39.344454835457164,1.8823529411764706,0.015382904803343742,11.925490196078432,0.09745711147285066,12.291432238832325
s1032,1.690893875245644,21.42275831357273,0.2308302803979527,34.514443949644985,2.586907815378078,2.69551724137931,0.23754789272030652,0.0,0.0,0.31800766283524906,0.0,0.09961685823754789,0.0421455938697318,0.0,0.0,0.30268199233716475,0.0,0.0,0.0,3.1855691998308884,6.294900221445438,4.188084630216071,2.2385562161670816,4.266425021197518,0.5780319629036273,0.15548361102691918,0.2027572769665015,0.2342972978279573,12.801895305219709,3.075734853700789,4.111937237925632e-06,35.000711856183244,10.490384615384615,0.048780793854451186,85.16346153846153,0.39601419905488006,11.166202462934235
s1033,2.2624960618876355,13.884177388488569,0.3007439976423707,22.14856869116036,2.054186350798152,2.8238059701492535,0.08955223880597014,0.0,0.0,0.6268656716417911,0.0,0.10820895522388059,0.0,0.0,0.17537313432835822,0.0,0.0,0.0,0.0,2.805814053675887,5.045459398644633,3.6267310304173925,2.518803850483783,4.373621078924145,0.540907843981067,0.07354610510996917,0.37246138558324526,0.37246138558324526,11.563636238562378,2.516400145777563,1.0462836671840122e-06,25.314665128237092,8.629310344827585,0.06725415777895553,85.21551724137932,0.6641432064385369,13.54965616272219
s1034,2.2448354649008264,30.794039795322696,0.2171883284660756,44.665228892314886,8.85726089363165,2.418633540372671,0.0,0.0,0.4658385093167702,0.0,0.0,0.09937888198757763,0.0,0.0,0.2111801242236025,0.0,0.0,0.2236024844720497,0.0,3.245922619511958,5.998796749595108,4.009745932746578,3.162919866902919,5.510295896912002,0.315780345296716,0.0747073931770488,0.08481096963563627,0.08877409905786225,13.958475360394589,3.637725240216149,0.00013058703958851195,42.05644676010751,7.276785714285714,0.023483727161342817,42.419642857142854,0.13689716287550885,10.106455592650622
s1035,2.0061722217166795,20.84164934337544,0.2871516247683805,34.28787472619832,2.1424221349973624,2.452156862745098,0.0,0.0,0.3137254901960784,0.29411764705882354,0.0,0.11764705882352941,0.0,0.27450980392156865,0.0,0.0,0.0,0.0,0.0,3.3885397956222123,6.073994800823846,4.277001940471083,2.431290864920959,5.19869316063602,0.5261932277786423,0.15178303092084156,0.10994580178730097,0.13588471665871363,13.90482773476086,3.029056079985421,7.904174151338805e-07,37.5150978630124,6.491666666666666,0.036644196321191334,47.63333333333333,0.26888090651082114,11.955188525226728
s1036,2.6159895553881882,29.06362480240003,0.3681524193614488,53.94011721801356,9.079634341399355,2.0592237442922374,0.2009132420091324,0.0,0.3242009132420091,0.0,0.0,0.2602739726027397,0.0,0.0,0.0,0.0,0.0,0.0,0.2146118721461187,3.094110310367907,5.018550584746344,4.068345165098386,2.8432458152589812,5.158388164197862,0.3743649145471836,0.0804860959596035,0.0625174777664621,0.08173156496991604,15.85965576034371,3.8439548237636503,4.77853326207687e-07,48.12176299218115,0.8666666666666667,0.007761274713300066,3.680701754385965,0.0329618509079019,8.9564979334038
s1037,1.9750186543451942,25.378834048316616,0.3579999403892644,42.5266948917738,6.26626494847622,2.2020967741935484,0.0,0.0,0.45161290322580644,0.0,0.0,0.24193548387096775,0.0,0.0,0.16129032258064516,0.14516129032258066,0.0,0.0,0.0,3.0383396320296647,4.676311202667988,3.7281068513701188,2.0855507110290508,5.413732435338851,0.2920213934761533,0.06834442797077964,0.09113065765798252,0.09113065765798252,12.86410251450438,3.2685452726685913,4.7415838963832073e-07,37.80300250638936,1.3607843137254902,0.012972306401406038,5.980392156862745,0.05701085666323979,12.446199700045073
s1038,2.5351206170168865,13.501265096400983,0.7434959106211716,27.70572108323951,1.4384691648015535,2.331522842639594,0.0,0.0,0.0,0.38071065989847713,0.1065989847715736,0.3350253807106599,0.17766497461928935,0.0,0.0,0.0,0.0,0.0,0.0,2.51417766017176,3.5612342717015615,2.9365541814025002,2.5408570162155746,4.519689328954957,0.7079884835963226,0.13633067094297377,0.3135009922996861,0.31750995639559004,8.761875924812774,1.9347949086597385,1.5696958904011733e-06,12.466121781415854,0.33585858585858586,0.00833411904653374,2.255050505050505,0.05595765645529797,15.07768685271231
s1039,2.280670515509322,11.97704301920476,0.6013801274049536,23.954086038409546,1.5928621807129701,2.4625,0.25,0.0,0.0,0.5,0.0,0.25,0.0,0.0,0.0,0.0,0.0,0.0,0.0,2.6875561402888906,3.5510730334784313,3.0605459009304514,2.319734585331351,4.289119843179951,0.6306693803439959,0.0856080796242391,0.368284165746214,0.368284165746214,8.829004698574252,1.8641189371544336,7.645467921195975e-07,13.897762234827029,0.412,0.00859978542573848,1.924,0.04016016300757484,15.213725391462031
s1040,2.667013958046841,19.549956201790483,0.3740681603102342,32.081979408066445,2.9554017947378424,2.6302343749999997,0.0,0.0,0.0,0.41796875,0.0,0.1875,0.0,0.0,0.02734375,0.19140625,0.17578125,0.0,0.0,2.932320271083118,4.81963280803847,3.522177880530375,2.346911549652724,4.749406500391603,0.690560317059617,0.18404436774045954,0.28376473928620793,0.3010101101820548,13.544450985883035,2.9876949865309266,7.102955162300437e-06,32.194260543254245,3.0260416666666665,0.029022203765757596,16.453125,0.15779886694669232,12.964875944742069
s1041,2.4105316026339776,15.225575857499974,0.7158105313847373,31.092228593210447,2.483303416919842,2.2517010309278347,0.0,0.0,0.0,0.3917525773195876,0.0,0.3865979381443299,0.0,0.12371134020618557,0.0,0.0979381443298969,0.0,0.0,0.0,2.5073034794684004,3.6806951597748863,2.986445382001868,2.395832450903832,4.398933161608282,0.7636723278237358,0.14066835504048295,0.3366038913913615,0.3426962695160921,10.526856157722197,2.1672536057509477,3.677918799641556e-08,15.919591719523119,0.09777777777777778,0.0024827098586621367,0.3377777777777778,0.008576634057196471,17.38917728905747
