# c0 + a0 * (O - NBI) + a1 * (rho / RBI) + a2 * (face-area-avg - E_T)
# Property Label: $ln_{D}$; Unit of the Property: Unitless
# RMSE: 0.335395015864926; Max AE: 1.59311886655208
# Coefficients
# Task   a0                      a1                      a2                      c0
# all , -2.565297483140017e+00, -5.373474932694866e-01,  7.203662471271387e-01, -1.333271758221667e+01, 
# Feature Rung, Units, and Expressions
# 0;  1; Unitless;                                         12|5|sub; (O - NBI); $\left(O - NBI\right)$; (O - NBI); (newdata$O - newdata$NBI); O,NBI
# 1;  1; cm^-3 * g;                                        1|7|div; (rho / RBI); $\left(\frac{ rho }{ RBI } \right)$; (rho ./ RBI); (newdata$rho / newdata$RBI); rho,RBI
# 2;  1; Unitless;                                         33|0|sub; (face-area-avg - E_T); $\left(face-area-avg - E_{T}\right)$; (face_sub_area_sub_avg - E_T); (newdata$face_sub_area_sub_avg - newdata$E_T); face-area-avg,E_T
# Number of Samples Per Task
# Task, n_samples               
# all , 1041                  

# Sample ID , Property Value        ,  Property Value (EST) ,  Feature 0 Value      ,  Feature 1 Value      ,  Feature 2 Value      
s1          , -2.244947812336508e+01, -2.231580710833792e+01, -2.715477295545710e-02,  1.293729169749280e+00, -1.160183101836766e+01
s2          , -2.298888400764099e+01, -2.313800190272449e+01, -1.815442579248565e-01,  8.780882786752203e-01, -1.360302603308405e+01
s3          , -1.755271246623431e+01, -1.766260775978306e+01, -4.812376951876953e-01,  6.493396741054658e-01, -7.240049072901664e+00
s4          , -1.917258847351942e+01, -1.908742993283946e+01, -4.105290357033963e-01,  4.470553651788347e-01, -9.117053164316232e+00
s5          , -2.000094091703784e+01, -2.038037408477101e+01, -2.483960154167160e-01,  6.521094690219288e-01, -1.018156641355539e+01
s6          , -2.179532463031582e+01, -2.155863652217367e+01, -5.512500464109538e-02,  1.138680018767277e+00, -1.076600153439930e+01
s7          , -2.156980503382011e+01, -2.155108256881370e+01, -8.277153208754540e-02,  1.864699639371099e+00, -1.031240281210619e+01
s8          , -2.070680399014268e+01, -2.107796456551739e+01, -4.170919110426776e-01,  5.226596636796286e-01, -1.184725406952471e+01
s9          , -2.311678210871720e+01, -2.263139919243683e+01, -2.163641638617279e-01,  9.740357755164932e-01, -1.295219537297537e+01
s10         , -1.955558688693647e+01, -1.908888399421737e+01, -4.698997058276752e-01,  4.835555556149936e-01, -9.303269837737986e+00
s11         , -1.929232032084748e+01, -1.958431008158398e+01, -5.120166558868949e-01,  9.697844098980759e-01, -9.778298670240128e+00
s12         , -1.972420304545977e+01, -1.916513218088622e+01, -3.129036774105314e-01,  1.348314719927008e+00, -8.204981984478989e+00
s13         , -1.649771434553038e+01, -1.684772979027619e+01, -4.415825296239856e-01,  3.979724801257301e-01, -6.155137422109360e+00
s14         , -1.814284237715737e+01, -1.838803891439191e+01, -4.708682588577026e-01,  5.496496881877985e-01, -8.284515873959428e+00
s15         , -2.140988745272463e+01, -2.133855092232204e+01, -5.281961632847288e-01,  1.332329206143789e+00, -1.200068701681835e+01
s16         , -2.271802967642396e+01, -2.234913675057455e+01, -1.276391715740530e-01,  1.184152487702671e+00, -1.208767106698464e+01
s17         , -1.845283706311921e+01, -1.863104745426032e+01, -4.974842489778722e-01,  1.167490875905897e+00, -8.255768079061216e+00
s18         , -2.106370881996578e+01, -2.157779970335338e+01, -1.747640425517821e-01,  1.076529058733229e+00, -1.126501098692357e+01
s19         , -2.166440903696862e+01, -2.167361619374501e+01, -3.820189265192572e-01,  1.081633675488909e+00, -1.213226979044971e+01
s20         , -1.957524373940041e+01, -1.947425559590278e+01, -4.054592287883396e-01,  4.734049654935760e-01, -9.616328650779812e+00
s21         , -2.230012329283520e+01, -2.277842271535413e+01, -2.011038270966132e-01,  1.544586578602428e+00, -1.267635259828722e+01
s22         , -1.709175230426198e+01, -1.671208679042741e+01, -4.261549618484539e-01,  4.009290687684575e-01, -5.909695583551210e+00
s23         , -2.271630669020732e+01, -2.256342479449779e+01, -4.219941910978016e-01,  8.083236282016820e-01, -1.371371467310823e+01
s24         , -1.997593461761007e+01, -2.014951033116415e+01, -2.991872236783314e-01,  8.530487501822839e-01, -9.892070043132339e+00
s25         , -2.228124530569044e+01, -2.268486802945745e+01, -1.999286346201568e-01,  1.738308295686830e+00, -1.239779251296096e+01
s26         , -1.806502239865187e+01, -1.809195610907122e+01, -4.020125073377813e-01,  6.995715550330002e-01, -7.516464298893938e+00
s27         , -2.017409009594002e+01, -2.001807407446499e+01, -3.926592751299136e-01,  5.073350289996138e-01, -1.030035647281009e+01
s28         , -1.658938425028538e+01, -1.697706238022965e+01, -4.999085893567283e-01,  4.777257471704698e-01, -6.482888849945390e+00
s29         , -2.262132344831001e+01, -2.300590709037167e+01, -2.651997368690651e-01,  1.308656421539951e+00, -1.339638345979570e+01
s30         , -1.697997334312175e+01, -1.721949131944250e+01, -4.684972348578511e-01,  4.310964414367323e-01, -6.742347995719033e+00
s31         , -1.964904728113367e+01, -1.945958535222596e+01, -3.352484514228936e-01,  1.170616934916650e+00, -8.825860079466834e+00
s32         , -2.151059652715050e+01, -2.127723006228685e+01, -5.699400007758290e-01,  1.117781206812293e+00, -1.222425569662030e+01
s33         , -2.289264810431292e+01, -2.353660288345164e+01, -1.937354050302555e-01,  1.134777752497945e+00, -1.400829690129894e+01
s34         , -2.302504917991390e+01, -2.235661192744151e+01, -4.191121036616849e-01,  8.162629224149330e-01, -1.341043500194451e+01
s35         , -2.244061385591441e+01, -2.234650324702080e+01, -1.515902969446522e-01,  1.420055153013998e+00, -1.199333926277557e+01
s36         , -2.239655424600443e+01, -2.196496070950632e+01, -4.897242633120003e-02,  8.700909148051779e-01, -1.150849422828392e+01
s37         , -2.226102540809307e+01, -2.206784995614614e+01, -1.140059761507076e-01,  6.646627379724342e-01, -1.203615077201476e+01
s38         , -2.102436377352775e+01, -2.092417908392708e+01, -3.228953337020325e-01,  1.187340404186818e+00, -1.080251848245343e+01
s39         , -2.141661104833067e+01, -2.095527294764980e+01, -2.813849747751401e-02,  2.334192442259026e+00, -8.940544549692632e+00
s40         , -1.990275935468409e+01, -1.936558944160320e+01, -3.869184503172652e-01,  1.046983918206339e+00, -8.971601082086192e+00
s41         , -1.952311408648237e+01, -1.910744310662403e+01, -3.952063220012920e-01,  1.051040217955160e+00, -8.639735004153007e+00
s42         , -1.862175379272403e+01, -1.921736543630955e+01, -4.296229230186659e-01,  3.714175916898027e-01, -9.421843641937507e+00
s43         , -2.257821044890805e+01, -2.248940668434241e+01, -1.213761517872470e-01,  2.092246732518035e+00, -1.158270745620642e+01
s44         , -1.984867902879579e+01, -1.934390179867729e+01, -4.548275222373696e-01,  2.615724793054127e-01, -9.769192860605903e+00
s45         , -1.928264199244582e+01, -1.925110582101804e+01, -4.537271910328103e-01,  4.608703852654683e-01, -9.487793106635129e+00
s46         , -2.007096062658339e+01, -2.051733051816210e+01, -3.462363643792843e-01,  8.868817122800298e-01, -1.054498121675357e+01
s47         , -1.842882744186564e+01, -1.889376177985296e+01, -5.520479800530659e-01,  1.248113355576780e+00, -8.754631319352400e+00
s48         , -1.712958329507449e+01, -1.690621403793392e+01, -4.505204707478404e-01,  3.936187680646163e-01, -6.271400756383662e+00
s49         , -2.142142340445580e+01, -2.168132255916828e+01, -3.426167837786894e-01,  4.229403394853539e-01, -1.249399601206904e+01
s50         , -2.022197746600499e+01, -2.035141917644461e+01, -4.216982094519892e-01,  5.815410117739679e-01, -1.081115804041152e+01
s51         , -2.208446385448407e+01, -2.230874063483745e+01, -2.255789465889808e-01,  9.666016046904111e-01, -1.254264652642666e+01
s52         , -2.030062191637932e+01, -2.003263953496567e+01, -2.506589122689975e-01,  5.763064840713522e-01, -9.763449929806711e+00
s53         , -1.881589086732163e+01, -1.862760425099362e+01, -1.640725074188992e-01,  1.377974667834472e+00, -6.906667608877179e+00
s54         , -2.389190768082197e+01, -2.407142806222745e+01, -3.619875634048325e-01,  1.018170462249020e+00, -1.543687667777141e+01
s55         , -1.989931101552115e+01, -1.979507809709644e+01, -4.139263011804414e-01,  5.275228048021811e-01, -1.005147254688426e+01
s56         , -2.293632659980805e+01, -2.313867688933718e+01, -2.192770371912895e-01,  1.568637533164255e+00, -1.322322739360983e+01
s57         , -2.165250835772914e+01, -2.155979923889779e+01, -2.462097779682870e-01,  1.163075348496015e+00, -1.142989054563044e+01
s58         , -2.493828100106786e+01, -2.530599342600117e+01, -1.005577581168140e-01,  1.754015341276583e+00, -1.567080732310909e+01
s59         , -2.019609135900962e+01, -1.975869928418804e+01, -4.201930840861400e-01,  5.259786545606231e-01, -1.002444059569394e+01
s60         , -1.686951544328429e+01, -1.719068627807336e+01, -4.778417884297937e-01,  4.078729342617822e-01, -6.752961502092934e+00
s61         , -1.698686520707895e+01, -1.764637955084127e+01, -4.537663412400392e-01,  3.562637441766702e-01, -7.338309107273060e+00
s62         , -1.961666852236879e+01, -1.943818361260245e+01, -4.908263654880198e-01,  3.138881728003768e-01, -9.989244604820744e+00
s63         , -2.363642228074260e+01, -2.299535820315488e+01, -2.325087421206198e-01,  8.640074630553225e-01, -1.359700361660709e+01
s64         , -2.123215125329894e+01, -2.121735557069395e+01, -2.979059594545378e-01,  1.592352185423938e+00, -1.081839824161451e+01
s65         , -2.229595939650926e+01, -2.192396578260153e+01, -1.768543530122671e-01,  9.931346059357474e-01, -1.181520354405036e+01
s66         , -2.209517036440609e+01, -2.167530854235121e+01, -3.523994495857614e-01,  8.358384593040687e-01, -1.221248873807780e+01
s67         , -2.100952424313996e+01, -2.085288985772010e+01, -1.118030484890913e-01,  1.271230208786338e+00, -9.889258438676938e+00
s68         , -2.306714632630091e+01, -2.280049285432349e+01, -3.082856221929966e-01,  9.326012319471746e-01, -1.354517748091799e+01
s69         , -2.116954741071400e+01, -2.120570528760821e+01, -3.017775570481522e-01,  1.143183018857729e+00, -1.115106435852503e+01
s70         , -2.268552320802911e+01, -2.213808794610229e+01, -1.046811112598034e-01,  1.816016504193299e+00, -1.124161032136639e+01
s71         , -1.844586653395837e+01, -1.914408488863124e+01, -4.404369093661873e-01,  2.195836176143381e-01, -9.471885061546020e+00
s72         , -2.185924535832699e+01, -2.149869703681516e+01, -2.728328042435130e-01,  1.340147521953054e+00, -1.130779222596192e+01
s73         , -1.814705961150877e+01, -1.837997115845776e+01, -5.412410036332536e-01,  1.008840893230834e+00, -8.181393366294326e+00
s74         , -2.269683109870329e+01, -2.348520455577864e+01, -2.153515271541801e-01,  1.401904835010634e+00, -1.381466399203632e+01
s75         , -2.162544692540680e+01, -2.155877671494511e+01, -1.788097288961880e-01,  1.617715602052664e+00, -1.084931989499707e+01
s76         , -1.799713371423827e+01, -1.840460524847886e+01, -4.891048074766862e-01,  2.978388074609239e-01, -8.560290110591437e+00
s77         , -1.808839931225978e+01, -1.773443790468712e+01, -4.630041391112415e-01,  5.063454090451790e-01, -7.381495538058597e+00
s78         , -1.710463489071706e+01, -1.725581204003301e+01, -4.601717641014593e-01,  3.289429632047548e-01, -6.839319955674805e+00
s79         , -2.130172009097587e+01, -2.107991873587763e+01, -2.884984697981398e-01,  9.504241629988635e-01, -1.107294732700863e+01
s80         , -2.075517304342145e+01, -2.073343440023849e+01, -4.350665046513994e-01,  6.793900898069153e-01, -1.131608164347267e+01
s81         , -1.679587307458704e+01, -1.713687753857520e+01, -4.950331938141695e-01,  4.576010374634533e-01, -6.702391472917180e+00
s82         , -1.961963418382102e+01, -1.922532874594371e+01, -4.385107515159761e-01,  3.819187262672188e-01, -9.456715452585794e+00
s83         , -1.732943596118787e+01, -1.723828144478556e+01, -5.190790099190720e-01,  2.686617202878547e-01, -7.069724960936600e+00
s84         , -2.091958911511147e+01, -2.159097564062612e+01, -3.539157106439386e-01,  5.193771755288976e-01, -1.233687884777828e+01
s85         , -1.931803893900067e+01, -1.926874191264634e+01, -3.023281614710812e-01,  8.447083956243817e-01, -8.686809089344949e+00
s86         , -2.124992178205270e+01, -2.081222500638442e+01, -1.684806642463159e-01,  1.631500150930141e+00, -9.765904440694671e+00
s87         , -2.000999990609716e+01, -1.975881308089173e+01, -4.228880465369009e-01,  6.627452090579151e-01, -9.932176433690920e+00
s88         , -1.933594922663024e+01, -1.923077090859733e+01, -4.930049840825274e-01,  3.753026151351168e-01, -9.663264873283470e+00
s89         , -2.128477820873118e+01, -2.121544389346104e+01, -1.534351667388586e-01,  8.956279158098434e-01, -1.082098137430691e+01
s90         , -2.009844325702736e+01, -2.024389592206876e+01, -3.651924868948131e-01,  5.274331527611023e-01, -1.050103451544213e+01
s91         , -2.185233402642529e+01, -2.201933987408082e+01, -2.019341651361008e-01,  1.201722112076842e+00, -1.188131893609695e+01
s92         , -1.852873985612102e+01, -1.841748879855070e+01, -4.228822443998729e-01,  1.031040179452946e+00, -7.795427867509963e+00
s93         , -2.244477787769646e+01, -2.235615066272832e+01, -1.344315663878274e-01,  1.363178921603063e+00, -1.198805371220504e+01
s94         , -2.069748145715988e+01, -2.066905276290662e+01, -3.254844309670541e-01,  8.702830113801945e-01, -1.069408125154869e+01
s95         , -1.839144268754908e+01, -1.811892561320384e+01, -4.322523326674624e-01,  5.171671933610714e-01, -7.797652068663955e+00
s96         , -2.061908691885885e+01, -2.032999588313542e+01, -4.422342107734066e-01,  4.511844851640429e-01, -1.095178707793731e+01
s97         , -2.336181657728519e+01, -2.293109774985260e+01, -4.644048275373078e-01,  7.306429597170977e-01, -1.443308536659058e+01
s98         , -1.913590175727989e+01, -1.880569973378270e+01, -3.790721501515332e-01,  1.101396964758387e+00, -8.125841694436835e+00
s99         , -1.764848235022367e+01, -1.799360081413360e+01, -4.365771217316718e-01,  9.191900375428810e-01, -7.339195835540938e+00
s100        , -2.003395952271198e+01, -1.963281154728635e+01, -3.638578981839677e-01,  1.185299922825661e+00, -9.157258268979538e+00
s101        , -2.047737186068138e+01, -2.026877164003612e+01, -2.716975601301618e-01,  1.110571496157978e+00, -9.767637425407809e+00
s102        , -1.813404261594337e+01, -1.831431515158997e+01, -4.080280804030690e-01,  6.677868471313798e-01, -7.870270728740504e+00
s103        , -2.094885731266024e+01, -2.046525165244665e+01, -3.654920790986833e-01,  8.821795312666828e-01, -1.054476532097845e+01
s104        , -1.695125455205811e+01, -1.674697867338424e+01, -4.537063481199944e-01,  6.817931895381302e-01, -5.846738377255726e+00
s105        , -2.089913046364001e+01, -2.145024345011701e+01, -1.921823041780821e-01,  9.250868015832707e-01, -1.126293410828425e+01
s106        , -2.193421435204462e+01, -2.186605295945584e+01, -2.826642169588321e-01,  1.247419177438055e+00, -1.192192950152069e+01
s107        , -1.938858975045087e+01, -1.925407416631005e+01, -4.631231002318315e-01,  2.423653257466729e-01, -9.688364405037031e+00
s108        , -2.184761912256448e+01, -2.189373421977346e+01, -2.388687496731988e-01,  1.460762304677146e+00, -1.164525560528221e+01
s109        , -1.765266017099491e+01, -1.845308869641930e+01, -4.735777176993480e-01,  5.344437664973696e-01, -8.395808170339869e+00
s110        , -2.222643790681205e+01, -2.164237258521749e+01, -1.383561547192186e-01,  5.552346185169326e-01, -1.161385031767859e+01
s111        , -2.198367498730207e+01, -2.187440269651383e+01, -1.913098581443651e-01,  1.502063391062774e+00, -1.141824987883369e+01
s112        , -2.341727175416096e+01, -2.328966702900921e+01, -5.458104442118528e-02,  2.011644443334293e+00, -1.251587508389594e+01
s113        , -2.064750776227555e+01, -2.025702019414226e+01, -3.291394598502473e-01,  1.071081376674312e+00, -9.985337841305601e+00
s114        , -2.335281852671257e+01, -2.337580838791589e+01, -8.458159599913950e-02,  1.264252011087876e+00, -1.329979736033619e+01
s115        , -2.467653405274963e+01, -2.480415413274972e+01, -1.804540021588620e-01,  9.585414585599580e-01, -1.585205434552549e+01
s116        , -2.119630992652875e+01, -2.157368548023512e+01, -2.522382830176995e-02,  2.318586156032370e+00, -9.800276027031581e+00
s117        , -1.681518237222159e+01, -1.716199181967689e+01, -4.517432432665496e-01,  4.650238416845873e-01, -6.577557826583433e+00
s118        , -1.725426000439147e+01, -1.734086499566257e+01, -4.864346105548946e-01,  5.284297939117656e-01, -6.902109156718510e+00
s119        , -2.026224064054247e+01, -2.055874127955979e+01, -1.708826236432294e-01,  8.286011418394721e-01, -1.002148801944863e+01
s120        , -2.061376236446881e+01, -2.035216935946895e+01, -3.120369639678299e-01,  1.110574650466611e+00, -1.002705906870995e+01
s121        , -2.090204853596659e+01, -2.085252122077542e+01, -3.487935552527325e-01,  7.997947718039853e-01, -1.108435491539053e+01
s122        , -1.679179791839329e+01, -1.710214640609318e+01, -5.536085502424309e-01,  5.039534092745517e-01, -6.828195189428131e+00
s123        , -1.729435756680531e+01, -1.746902370868376e+01, -4.681560529280563e-01,  6.833552129627458e-01, -6.899360540395857e+00
s124        , -1.927065840811719e+01, -1.975297400172629e+01, -2.572202207934699e-01,  1.117102191493269e+00, -8.995189277733374e+00
s125        , -2.074667074869674e+01, -2.053908429316771e+01, -4.461861094296336e-01,  3.277463257152428e-01, -1.134819014707216e+01
s126        , -1.981090987888966e+01, -1.952977538019763e+01, -3.914703452925113e-01,  7.834241935620322e-01, -9.412329755796971e+00
s127        , -1.791042209268825e+01, -1.785724697717921e+01, -4.233848103790502e-01,  9.332573192933669e-01, -7.092439328890732e+00
s128        , -2.199486439730610e+01, -2.204205231311779e+01, -1.734023505119165e-01,  1.378130302581714e+00, -1.167965394589618e+01
s129        , -1.847106084369403e+01, -1.816932357467419e+01, -4.304302401214376e-01,  5.477361364316429e-01, -7.838322501563826e+00
s130        , -2.183307419908922e+01, -2.155917165008132e+01, -3.269116825450114e-02,  2.567013091376382e+00, -9.621409411266500e+00
s131        , -1.937195493711046e+01, -1.920133382398062e+01, -4.640892144926056e-01,  3.849672342809540e-01, -9.512219630847216e+00
s132        , -1.756898825137140e+01, -1.776938333247530e+01, -4.472653051565088e-01,  4.836246060984319e-01, -7.390906866243507e+00
s133        , -1.952720456066259e+01, -1.957774652577583e+01, -4.749361453168910e-01,  1.321781211361486e+00, -9.374572515229367e+00
s134        , -1.792604080418195e+01, -1.824793873676996e+01, -5.596073194757074e-01,  1.211514666422996e+00, -7.912330785097817e+00
s135        , -2.163690184151209e+01, -2.185932920151630e+01, -1.751712384378950e-01,  8.483303028821813e-01, -1.182749723303022e+01
s136        , -2.266590946104735e+01, -2.226438013802655e+01, -2.997173566356202e-01,  1.089088127471758e+00, -1.265371329868170e+01
s137        , -1.871948299194560e+01, -1.856946589985532e+01, -3.689555353461447e-01,  1.105615708703535e+00, -7.758732750946121e+00
s138        , -2.098569970792443e+01, -2.111191086317200e+01, -1.902462854910700e-01,  1.230682955857536e+00, -1.055841695428631e+01
s139        , -1.946420871832499e+01, -1.931092516704611e+01, -4.771964632946327e-01,  4.759239989407908e-01, -9.643180716709569e+00
s140        , -1.890485827097119e+01, -1.954516794556396e+01, -5.330357087089432e-01,  1.086839630158360e+00, -9.711497453372299e+00
s141        , -2.048387804329865e+01, -2.075710337049570e+01, -3.741087191690469e-01,  7.824431833231523e-01, -1.105499055870410e+01
s142        , -1.712146112463541e+01, -1.730610734325943e+01, -4.532789681927573e-01,  5.229762923754089e-01, -6.739856533982985e+00
s143        , -2.146398341435241e+01, -2.185465795945921e+01, -9.844953200717099e-02,  1.417883858844732e+00, -1.112294809560283e+01
s144        , -2.296743054539722e+01, -2.246034964737959e+01,  3.947315178294053e-03,  1.961063134445530e+00, -1.119393600157142e+01
s145        , -2.169591974109321e+01, -2.160001268051900e+01, -3.747362517042553e-01,  1.003938803433889e+00, -1.206211575968780e+01
s146        , -2.268369172314783e+01, -2.275706996774537e+01, -1.401521352187209e-01,  1.478465862757874e+00, -1.247897776426215e+01
s147        , -2.121406114253308e+01, -2.129469014909591e+01, -3.404968002130324e-01,  7.446864747372560e-01, -1.170972789834563e+01
s148        , -2.139826235530006e+01, -2.131434827789650e+01, -1.878551957196978e-01,  1.345721012464527e+00, -1.074511108014246e+01
s149        , -1.818204101397333e+01, -1.804766861552640e+01, -4.340131895953617e-01,  2.916267624267346e-01, -7.873243768828312e+00
s150        , -2.236615053154114e+01, -2.206262271796992e+01, -9.738544549525485e-02,  1.465141016013356e+00, -1.137260102677981e+01
s151        , -2.007280490017163e+01, -1.953834033463705e+01, -4.443734180456252e-01,  4.286021674856741e-01, -9.877287409529432e+00
s152        , -2.043501428229088e+01, -2.029064784953989e+01, -4.456776301758392e-01,  4.746768512408374e-01, -1.089190336924962e+01
s153        , -2.294208833005412e+01, -2.286737920458863e+01, -3.904993032811577e-02,  1.277507000462841e+00, -1.242197446328608e+01
s154        , -1.941555486932839e+01, -1.930268439115426e+01, -5.196301584846013e-01,  3.669511407908901e-01, -9.864138553608985e+00
s155        , -2.030625886040805e+01, -2.077685574001792e+01, -4.315035610644496e-01,  3.174679797944113e-01, -1.163364131405632e+01
s156        , -1.755225478861601e+01, -1.749127821935889e+01, -4.190620928530158e-01,  4.886769352805107e-01, -6.900642919973609e+00
s157        , -1.981494689568535e+01, -1.923280773021676e+01, -4.088647865668529e-01,  8.754457540616256e-01, -8.993385517884741e+00
s158        , -2.120666701656112e+01, -2.112516631861681e+01, -2.836102548059826e-01,  9.486221629961070e-01, -1.111969598776474e+01
s159        , -2.199339551508707e+01, -2.189839996673974e+01, -1.696016135983993e-01,  1.307873991465935e+00, -1.151911017387302e+01
s160        , -1.822712376873660e+01, -1.805135628764959e+01, -4.790284310521741e-01,  5.145557221499811e-01, -7.872375932569105e+00
s161        , -1.850131544535105e+01, -1.923253814491811e+01, -5.602711900017743e-01,  1.122798718564137e+00, -9.347675278064180e+00
s162        , -2.165239460618542e+01, -2.173536250732423e+01, -1.016314015943821e-01,  1.216215531661796e+00, -1.111910693838779e+01
s163        , -2.054863013411503e+01, -2.026396524455427e+01, -4.392463001827612e-01,  4.607204772043552e-01, -1.084237098600878e+01
s164        , -2.244259094688993e+01, -2.275341265583832e+01, -2.789757652032452e-01,  9.625108648256665e-01, -1.335313549164413e+01
s165        , -2.169401378729562e+01, -2.145019284536376e+01, -4.062518893625233e-02,  1.426932417744196e+00, -1.034880858184045e+01
s166        , -1.893544650248816e+01, -1.864000845668939e+01, -4.104965415961588e-01,  3.393773815725572e-01, -8.576155613682293e+00
s167        , -1.990371422830687e+01, -2.045060748740341e+01, -5.133599358478331e-01,  1.492172353526990e+00, -1.059599309838456e+01
s168        , -2.358382467591309e+01, -2.356779365016200e+01, -4.297134170570778e-01,  1.038571963046060e+00, -1.496370050270846e+01
s169        , -2.234616115486217e+01, -2.289808308122410e+01, -2.655246989626662e-01,  8.852105971359154e-01, -1.356372495872482e+01
s170        , -1.980105726485419e+01, -2.025507320636660e+01, -3.183653742630459e-01,  9.725607976002461e-01, -1.001775754986136e+01
s171        , -2.225344967355102e+01, -2.224320713604907e+01, -1.220243261761259e-01,  1.411793334122140e+00, -1.175082074612358e+01
s172        , -2.076076397080535e+01, -2.077340277825919e+01, -4.823775660727934e-01,  1.287345875023500e+00, -1.108654813457416e+01
s173        , -2.167162181633835e+01, -2.148298678194720e+01, -2.979359035498834e-01,  1.087961220889966e+00, -1.156349318370312e+01
s174        , -2.217746151284670e+01, -2.220228285870957e+01, -1.633926052520534e-01,  8.266157086802577e-01, -1.227783238293809e+01
s175        , -1.912249737452136e+01, -1.939177887153639e+01, -3.346271669576921e-01,  5.997308354877434e-01, -9.155364626983710e+00
s176        , -2.262880123350610e+01, -2.227500645832073e+01, -3.135700037613162e-01,  1.308247865892525e+00, -1.255431600563668e+01
s177        , -1.998504477748202e+01, -2.046713546814159e+01, -1.630768926425015e-01,  1.185017039034034e+00, -9.600661774970481e+00
s178        , -1.778030448780716e+01, -1.836223384720398e+01, -4.706196995511808e-01,  2.526152421770681e-01, -8.469377421482340e+00
s179        , -2.322340610724453e+01, -2.393012122416827e+01, -1.186783409097044e-01,  2.468332975593258e+00, -1.329253888891750e+01
s180        , -1.682543251402466e+01, -1.689055436434041e+01, -4.730920374663181e-01,  5.110360189207701e-01, -6.242456096917204e+00
s181        , -1.586682207916231e+01, -1.602306445356873e+01, -4.919449452379848e-01,  2.762254324090210e-01, -5.280512479176290e+00
s182        , -2.348293513803748e+01, -2.341907405088745e+01, -2.454257567716102e-01,  1.446681168516077e+00, -1.379655985408540e+01
s183        , -2.155098810628208e+01, -2.126457177298495e+01, -3.935622743266494e-01,  7.802032954201872e-01, -1.183039634562246e+01
s184        , -2.324937775466465e+01, -2.321169520080603e+01, -2.193455545605112e-01,  1.496060595324900e+00, -1.337897194017659e+01
s185        , -2.378592453308165e+01, -2.389265589694507e+01, -2.322446019101390e-01,  1.616824158083114e+00, -1.428012270161551e+01
s186        , -2.071202883303041e+01, -2.102201753153947e+01, -2.461746037357350e-01,  8.566423992601748e-01, -1.091180552417102e+01
s187        , -2.027503475690737e+01, -2.007529670158114e+01, -4.284643710414602e-01,  4.823581548946763e-01, -1.052592868816534e+01
s188        , -2.214013663755619e+01, -2.210733738441482e+01, -3.022569110737441e-01,  8.897838336341588e-01, -1.259342122019379e+01
s189        , -2.074030596943589e+01, -2.113131131959698e+01, -1.542074852336362e-01,  1.333344231661289e+00, -1.038043170457323e+01
s190        , -1.914542963593283e+01, -1.903653448456950e+01, -4.434444610252894e-01,  4.903037199590479e-01, -9.131355631258135e+00
s191        , -1.679323473828856e+01, -1.704052712858900e+01, -4.444930604668443e-01,  9.496453095884522e-01, -6.021627146410525e+00
s192        , -1.690928184419942e+01, -1.716563680842287e+01, -5.067240432828634e-01,  5.951514438109944e-01, -6.681343027707474e+00
s193        , -2.273712334380998e+01, -2.285963892850784e+01, -2.696261459771656e-01,  1.377933003329468e+00, -1.315742348079495e+01
s194        , -2.090019731082972e+01, -2.140364330700693e+01, -2.020003934362203e-01,  8.604368120904411e-01, -1.128143259624100e+01
s195        , -1.910778599576077e+01, -1.918178018994248e+01, -4.295271983008834e-01,  4.804242952733966e-01, -9.290791849822904e+00
s196        , -1.918378235513936e+01, -1.907847286280533e+01, -4.923243700073853e-01,  1.084771912267213e+00, -8.920204556581709e+00
s197        , -2.010118773573690e+01, -2.029207616927005e+01, -3.923119746979537e-01,  5.182997415620332e-01, -1.067130570333957e+01
s198        , -2.040069724820686e+01, -2.021617685764619e+01, -3.073885899611197e-01,  1.315965955965873e+00, -9.668514414317436e+00
s199        , -2.033728659050214e+01, -2.027379681821122e+01, -1.484312044050353e-01,  1.386272616962203e+00, -9.129993724151662e+00
s200        , -1.788348829912646e+01, -1.790005684455550e+01, -4.568363320984329e-01,  5.459970764111531e-01, -7.559863078891178e+00
s201        , -1.891783601993355e+01, -1.951078443942042e+01, -4.956608871201637e-01,  1.010977037777301e+00, -9.587259999985116e+00
s202        , -2.174492495952721e+01, -2.179836726984037e+01, -1.902415841360358e-01,  7.655240378821809e-01, -1.185830618226519e+01
s203        , -2.185008698942601e+01, -2.155018887609278e+01, -4.358149650008709e-01,  3.957420685995693e-01, -1.266413488214730e+01
s204        , -2.086349108831322e+01, -2.096648522709488e+01, -3.521784668231955e-01,  7.247906177563844e-01, -1.131056013567112e+01
s205        , -2.088054945703831e+01, -2.150795048487106e+01, -7.627194138027249e-02,  1.262949511393218e+00, -1.067824929126742e+01
s206        , -2.114956534802060e+01, -2.185359289863268e+01, -8.189140457714628e-02,  1.523000360927528e+00, -1.098409418241265e+01
s207        , -1.936064601068155e+01, -1.965647438769142e+01, -2.338943055985757e-01,  8.649571472129557e-01, -8.966248418586986e+00
s208        , -2.173553987268506e+01, -2.129492477829476e+01, -4.343405380086777e-01,  4.292141216882898e-01, -1.227956305278023e+01
s209        , -1.958079034508013e+01, -1.964876722631980e+01, -4.464224408663486e-01,  5.690890931356417e-01, -9.933082565941604e+00
s210        , -2.077095411669474e+01, -2.140223029858495e+01, -1.831018857164411e-01,  9.148980904415254e-01, -1.117154691735402e+01
s211        , -2.106003856984427e+01, -2.085414448528066e+01, -3.603304456413751e-01,  8.859673375673897e-01, -1.106341307937415e+01
s212        , -1.921431398034701e+01, -1.885192749601882e+01, -4.185804563868263e-01,  6.140029171714088e-01, -8.694272394963125e+00
s213        , -1.891211086691480e+01, -1.869005640689599e+01, -3.967984874397719e-01,  8.568636366604639e-01, -8.210839253196074e+00
s214        , -1.797391097043976e+01, -1.785305845860949e+01, -4.567837376984772e-01,  5.420718041905424e-01, -7.497361440010607e+00
s215        , -2.046416066581664e+01, -2.074110689562225e+01, -4.542774167739768e-01,  1.022056946493617e+00, -1.113953675804293e+01
s216        , -2.054695205981560e+01, -2.032754264731016e+01, -2.288645156548360e-01,  1.295088792987676e+00, -9.559051304904129e+00
s217        , -2.064527960557822e+01, -2.068727005585081e+01, -5.235233882719742e-01,  1.758756754895592e+00, -1.076186204078353e+01
s218        , -2.267569057486860e+01, -2.271568075226216e+01, -1.844402967574466e-01,  1.087740613455480e+00, -1.287069285119196e+01
s219        , -1.969996813819463e+01, -2.035408912206146e+01, -3.361988775104921e-01,  5.408528111498992e-01, -1.054074340953632e+01
s220        , -2.056541179285701e+01, -2.139212897865231e+01, -1.230140922094218e-01,  1.210085667113744e+00, -1.072335449989922e+01
s221        , -2.147236245537334e+01, -2.124690894311823e+01, -4.393147163670186e-01,  3.335124244975173e-01, -1.230200924483655e+01
s222        , -1.817717386569833e+01, -1.810822417921451e+01, -4.361466084919500e-01,  3.538658347282866e-01, -7.918476882483075e+00
s223        , -2.049263974761081e+01, -2.054548940450761e+01, -4.987151656142850e-01,  1.320460169600652e+00, -1.080364141210847e+01
s224        , -2.147370851727396e+01, -2.137780535395571e+01, -1.811209180355823e-01,  7.538443905236645e-01, -1.125072203990449e+01
s225        , -2.297636192643720e+01, -2.285652105864516e+01, -4.178630478236423e-02,  1.544913820269634e+00, -1.221717736689552e+01
s226        , -2.349615644619751e+01, -2.320543071535242e+01, -5.886979953872751e-02,  1.780081612010811e+00, -1.258694355247324e+01
s227        , -1.994214785348108e+01, -2.039271363930933e+01, -2.743747702011471e-01,  1.112042826212369e+00, -9.948127869723004e+00
s228        , -1.935600154849446e+01, -1.942015117001782e+01, -4.954139587571272e-01,  3.641473948329532e-01, -9.943058976019731e+00
s229        , -1.931982821700711e+01, -1.960767478923474e+01, -3.927943367277197e-01,  4.031980619555472e-01, -9.808807798413323e+00
s230        , -1.663964761443124e+01, -1.690460602389902e+01, -4.726875424458510e-01,  4.534359774172594e-01, -6.303487895103385e+00
s231        , -1.912412961575534e+01, -1.905901769402853e+01, -4.849438859000710e-01,  6.190313004715116e-01, -9.214327504492635e+00
s232        , -2.205202611453251e+01, -2.169351863293370e+01, -3.952631093866033e-01,  1.238287633623836e+00, -1.209020798692846e+01
s233        , -2.108987100746543e+01, -2.106216090038857e+01, -6.906811610458741e-02,  1.427339163005704e+00, -9.911134079042505e+00
s234        , -2.119865480781422e+01, -2.112335718118652e+01, -2.428187266933599e-01,  1.464135085792952e+00, -1.058738187647315e+01
s235        , -1.634470488909293e+01, -1.610582847649252e+01, -4.423778113925409e-01,  5.302279800037571e-01, -5.029420685617342e+00
s236        , -2.035495556536669e+01, -2.084616111564178e+01, -4.754069003217640e-01,  2.682565098078516e-01, -1.192290273099593e+01
s237        , -2.057488800817375e+01, -2.071534514448648e+01, -1.188433792948044e-01,  1.496678286133923e+00, -9.555222619366910e+00
s238        , -2.181497599002021e+01, -2.155164346118967e+01,  1.247357300107876e-02,  1.639280180381700e+00, -1.014215253281246e+01
s239        , -1.938605784207409e+01, -1.929358312742512e+01, -3.791846742178258e-01,  9.628790198228406e-01, -8.906839310682924e+00
s240        , -1.879589433372550e+01, -1.867270776878960e+01, -4.170067502436230e-01,  1.002091534229226e+00, -8.150389059586818e+00
s241        , -1.732119998261703e+01, -1.699624642406984e+01, -4.375166638922224e-01,  4.802573535720936e-01, -6.285447397846196e+00
s242        , -2.017650413285683e+01, -1.992291860173191e+01, -4.440634196754156e-01,  2.206819259975620e-01, -1.056514369318476e+01
s243        , -1.996072124442394e+01, -1.988389949173379e+01, -4.103101197416986e-01,  3.657188352466738e-01, -1.028259077542375e+01
s244        , -2.121993688931675e+01, -2.101453497358427e+01, -2.139412310145941e-01,  1.038631987364036e+00, -1.065087936669458e+01
s245        , -2.152256201120388e+01, -2.163444488164317e+01, -3.445144235374119e-01,  8.581092707592910e-01, -1.211107051757640e+01
s246        , -1.806013829922115e+01, -1.786301444882158e+01, -4.798546874248393e-01,  6.329017099632057e-01, -7.525586828663973e+00
s247        , -1.662499542985015e+01, -1.686294294444235e+01, -5.133250574690362e-01,  1.080054375328994e+00, -5.922948702860152e+00
s248        , -2.087245838906029e+01, -2.099205611703805e+01, -1.745940995748110e-01,  1.388519960339137e+00, -1.021856125039917e+01
s249        , -2.031192930505803e+01, -2.031066148215614e+01, -2.942142331423850e-01,  1.319202779469260e+00, -9.750346650850247e+00
s250        , -1.829082894515480e+01, -1.831883094665959e+01, -4.534116999222284e-01,  1.078362858280135e+00, -7.731891521237360e+00
s251        , -2.316191337748571e+01, -2.337925135272986e+01, -3.171170450452721e-02,  1.350001881074693e+00, -1.305233780324621e+01
s252        , -1.836403387539604e+01, -1.822467443392133e+01, -4.841827263229033e-01,  4.469417664064668e-01, -8.181763882760741e+00
s253        , -1.948978591890307e+01, -1.973024877702402e+01, -6.081518500223749e-01,  1.103258062315609e+00, -1.022367258348547e+01
s254        , -1.974328758235917e+01, -2.014969881475108e+01, -3.579448333953955e-01,  5.126196531779817e-01, -1.035551201470180e+01
s255        , -2.045692599174058e+01, -2.007377242998308e+01, -4.182960714071987e-01,  4.184282010772111e-01, -1.053529005871525e+01
s256        , -1.776850461240055e+01, -1.765443089036708e+01, -4.209615968505197e-01,  5.823027941086197e-01, -7.064054023360507e+00
s257        , -2.163660994039700e+01, -2.175119559130454e+01, -2.854663611499145e-01,  1.085888601735951e+00, -1.189295676042706e+01
s258        , -1.860059101905129e+01, -1.843164318560628e+01, -5.239896436788678e-01,  4.779907520267958e-01, -8.587670243815605e+00
s259        , -2.094542362420654e+01, -2.067042358721342e+01, -4.333155659199479e-01,  3.265152944010081e-01, -1.148559804640012e+01
s260        , -1.742875942837962e+01, -1.757756092180194e+01, -4.841558359831221e-01,  1.067975597371795e+00, -6.820104490670993e+00
s261        , -2.065616574581777e+01, -2.032345856695120e+01, -4.218863445634524e-01,  4.878620186557885e-01, -1.084289215517570e+01
s262        , -2.014040040752147e+01, -1.982050904374805e+01, -2.174040284815261e-01,  1.508788113073927e+00, -8.654977913039405e+00
s263        , -1.686996628366655e+01, -1.675040643257478e+01, -4.426402239670291e-01,  3.510945473204328e-01, -6.058769334821067e+00
s264        , -2.074271161967796e+01, -2.022202419213325e+01, -2.150432409059542e-01,  1.300494089965690e+00, -9.359321431580243e+00
s265        , -2.059536695716665e+01, -2.067259378176816e+01, -1.851594028731071e-01,  1.422165554193217e+00, -9.787615788885327e+00
s266        , -2.198651133619990e+01, -2.175213098803511e+01, -1.509352054409234e-01,  1.391432248001421e+00, -1.118725996682219e+01
s267        , -1.899333543245141e+01, -1.878029921714554e+01, -4.702493018142928e-01,  6.185760878291096e-01, -8.775425973024955e+00
s268        , -1.857298059991068e+01, -1.835333203715555e+01, -4.055964397863951e-01,  1.033330500484808e+00, -7.643101615180655e+00
s269        , -2.106917022960664e+01, -2.070850271764488e+01, -4.530722567104115e-01,  3.360401430202147e-01, -1.160170949164854e+01
s270        , -1.920756052964929e+01, -1.940453137168758e+01, -5.613937324333067e-01,  1.190974481610276e+00, -9.539576005257498e+00
s271        , -1.965184309682283e+01, -1.959803592006296e+01, -5.189952619494053e-01,  4.142562259071105e-01, -1.023659293023867e+01
s272        , -2.112049940018463e+01, -2.053390147317456e+01, -4.225163133709517e-01,  5.563015502738288e-01, -1.108621720484766e+01
s273        , -1.945398506004425e+01, -1.943907835154062e+01, -2.565218731716187e-01,  9.557293170373660e-01, -8.677331783819763e+00
s274        , -2.135203005648119e+01, -2.158898162213752e+01, -1.501432031913681e-01,  1.127236225611983e+00, -1.115503189255459e+01
s275        , -2.088724638081418e+01, -2.098980451776169e+01, -2.339797046685736e-01,  1.045270360337650e+00, -1.068295621263695e+01
s276        , -1.839432489855567e+01, -1.851118718376925e+01, -5.189266315440184e-01,  5.642600800301475e-01, -8.615710506401825e+00
s277        , -2.199306195501885e+01, -2.039994308846677e+01,  2.232763360982026e-02,  2.307946196213149e+00, -8.009508224213144e+00
s278        , -2.276883612887764e+01, -2.311271621579637e+01, -2.232075609194397e-01,  1.211296055280287e+00, -1.346774028850329e+01
s279        , -2.262380984036664e+01, -2.252101852057390e+01, -3.664600480385116e-01,  7.754205768634447e-01, -1.348162787024724e+01
s280        , -1.620731240668889e+01, -1.672304412368636e+01, -4.827351582305489e-01,  4.470398513934947e-01, -6.091998482529299e+00
s281        , -2.072632910940930e+01, -2.000884426970835e+01, -1.090121065540407e-01,  1.730743298904682e+00, -8.364862486184286e+00
s282        , -1.840721485531197e+01, -1.884280976477287e+01, -2.026693501761106e-01,  9.542861790363456e-01, -7.658904192566862e+00
s283        , -1.945843055355910e+01, -1.985320559134796e+01, -4.448161409959587e-01,  6.038134653547302e-01, -1.018525800360357e+01
s284        , -2.290375248734285e+01, -2.330997373654217e+01, -3.205290781371426e-01,  6.467138877140874e-01, -1.450928405793766e+01
s285        , -2.162506652538119e+01, -2.131610373825057e+01, -2.500922583699851e-01,  1.150399127003898e+00, -1.111487821890570e+01
s286        , -2.308167299949378e+01, -2.348931321307530e+01, -3.369231665353251e-01,  1.041012736736175e+00, -1.452249913034876e+01
s287        , -1.888746545864790e+01, -1.872770673442131e+01, -3.640284014717675e-01,  1.068692950393775e+00, -7.988395957295809e+00
s288        , -2.031934863671701e+01, -2.046135555646265e+01, -5.628922615995829e-01,  1.116636360375496e+00, -1.106742904579474e+01
s289        , -2.410980627565496e+01, -2.454937251166098e+01, -1.886034179173092e-01,  1.422550928747638e+00, -1.518127018130313e+01
s290        , -2.087284446952964e+01, -2.047357892460332e+01, -4.527881181823479e-01,  2.451642483056627e-01, -1.134236813658919e+01
s291        , -2.204275686911580e+01, -2.149584686113693e+01,  1.614630069269107e-02,  2.840068838720111e+00, -9.155905582050643e+00
s292        , -1.820983264392220e+01, -1.835633374292672e+01, -2.511199680092331e-01,  9.031035864273408e-01, -7.194303113102764e+00
s293        , -1.668568749246811e+01, -1.685232212246019e+01, -5.160530064938011e-01,  9.138688005197865e-01, -6.041883454686982e+00
s294        , -2.280852590517532e+01, -2.349871623595060e+01, -1.671909517301560e-01,  1.483370299284313e+00, -1.360114790021668e+01
s295        , -1.673628435422914e+01, -1.712789572243118e+01, -4.409774583060159e-01,  7.219741226837886e-01, -6.300219558035243e+00
s296        , -2.103716924286631e+01, -2.049588144470461e+01, -2.204137886871657e-01,  1.855614282481565e+00, -9.344525987350860e+00
s297        , -2.124288787488653e+01, -2.104539072006474e+01, -3.073952357430516e-01,  1.261035346765895e+00, -1.086061321046221e+01
s298        , -2.177880180045448e+01, -2.153212529091252e+01, -1.163735013656305e-01,  9.892354044243536e-01, -1.105878742348466e+01
s299        , -1.893486515270964e+01, -1.895802631554147e+01, -4.182954601180681e-01,  4.523188560472936e-01, -8.961148091909056e+00
s300        , -1.774017522269403e+01, -1.770487018996634e+01, -3.833099859073188e-01,  8.691166332835254e-01, -6.786046854779505e+00
s301        , -2.283171483494903e+01, -2.290338080229006e+01, -1.935129789103496e-01,  1.182962034852638e+00, -1.309253443144933e+01
s302        , -1.721456897049112e+01, -1.726609670963136e+01, -5.045206240776645e-01,  4.618558832058307e-01, -6.912383156927823e+00
s303        , -2.130552121943375e+01, -2.086762618862846e+01, -1.342528065494653e-02,  1.611833909761226e+00, -9.305313180402747e+00
s304        , -2.313677054561944e+01, -2.323383573488477e+01, -2.904634977273650e-01,  1.264480142335182e+00, -1.383570959537233e+01
s305        , -1.858159986173835e+01, -1.857893602968037e+01, -5.191004127805126e-01,  5.064982200485764e-01, -8.753463819446594e+00
s306        , -2.163460095493751e+01, -2.148561756371689e+01, -3.489984432368135e-01,  6.162423442063990e-01, -1.210085642603838e+01
s307        , -1.987289536762319e+01, -2.009377944564603e+01, -4.334376980738398e-01,  3.203101856084849e-01, -1.069017413683965e+01
s308        , -2.028550026196297e+01, -1.976998160390245e+01, -7.712956260704895e-03,  2.152515973922557e+00, -7.357925232196011e+00
s309        , -2.129242792516701e+01, -2.128483118461510e+01, -2.773057333167843e-01,  4.107209796445399e-01, -1.172012909677737e+01
s310        , -1.894855963686166e+01, -1.909825560934767e+01, -4.420812131331763e-01,  5.880981505953591e-01, -9.139232730242345e+00
s311        , -2.010039836844276e+01, -2.043179131156418e+01, -5.468740664143410e-01,  1.423339063005379e+00, -1.074056530104297e+01
s312        , -1.830057188159682e+01, -1.840583305936549e+01, -5.172967626171673e-01,  5.128286694981884e-01, -8.502020166437099e+00
s313        , -1.990312271450173e+01, -1.936223381024686e+01, -3.900068395361900e-01,  8.087013294155645e-01, -9.155684606320222e+00
s314        , -1.980645538479249e+01, -1.941761779006205e+01, -4.554613631595625e-01,  5.448991541938581e-01, -9.662437585872796e+00
s315        , -1.914671781515828e+01, -1.972678995270355e+01, -2.300460218977717e-01,  8.041768597290687e-01, -9.095493379759189e+00
s316        , -2.257620253811652e+01, -2.231666428647527e+01, -1.400905331460386e-01,  1.312474173588169e+00, -1.199121408539118e+01
s317        , -1.647333233405121e+01, -1.631048741683315e+01, -4.418147746918861e-01,  4.685601628338641e-01, -5.357519942937840e+00
s318        , -2.027102701488289e+01, -1.983021938053751e+01, -3.950163399648214e-01,  8.426417642638097e-01, -9.797856034244148e+00
s319        , -1.996146248057647e+01, -1.973305121526816e+01, -3.007938437587159e-01,  9.098090770616990e-01, -9.277330417866315e+00
s320        , -2.548773082504399e+01, -2.542742850597490e+01, -2.051315550653976e-02,  1.355447394920740e+00, -1.585164082238815e+01
s321        , -1.727661852750149e+01, -1.757888633589820e+01, -4.729031173288075e-01,  2.829317382319009e-01, -7.367465218136751e+00
s322        , -2.011073789818953e+01, -2.049862459086788e+01, -3.118520769585720e-01,  7.212005609992919e-01, -1.052015564778396e+01
s323        , -2.178223238748198e+01, -2.145927871572501e+01, -3.164630965966697e-01,  9.026183117147811e-01, -1.173481331926348e+01
s324        , -1.879130547869734e+01, -1.883668917373177e+01, -4.865844109133208e-01,  5.303817612318174e-01, -8.977663892615766e+00
s325        , -2.032679436678044e+01, -1.971093743240806e+01, -4.446111579505011e-01,  4.181548599355050e-01, -1.012552336809534e+01
s326        , -2.071891083121713e+01, -2.076685216575193e+01, -4.860370130315617e-02,  1.685029282154861e+00, -9.236095252716183e+00
s327        , -1.834375983430116e+01, -1.892082919245610e+01, -4.582827934141080e-01,  1.898717108294013e-01, -9.247679559475962e+00
s328        , -2.099505369246730e+01, -2.091995839220085e+01, -2.242959595378644e-01,  1.169282019355265e+00, -1.045900739864865e+01
s329        , -2.140321290954873e+01, -2.138448394370792e+01,  4.593159793051083e-03,  1.846571445315097e+00, -9.783541401416505e+00
s330        , -2.114112529442132e+01, -2.179502813837483e+01, -7.017073580188771e-02,  1.116114625725830e+00, -1.116456802888794e+01
s331        , -1.934637322166436e+01, -1.984022534172394e+01, -3.048437342653618e-01,  5.899495187656498e-01, -9.679124690408152e+00
s332        , -1.962462779654497e+01, -1.983597049081001e+01, -3.704442707835722e-01,  4.534402528278548e-01, -1.000865561043014e+01
s333        , -2.293624249800790e+01, -2.310606384370379e+01, -2.482212901214985e-01,  1.420121112040687e+00, -1.339181177779532e+01
s334        , -1.807355423930957e+01, -1.792557668890030e+01, -4.837671416726728e-01,  3.883245376666063e-01, -7.808806344253102e+00
s335        , -1.850164643907080e+01, -1.853204996051996e+01, -4.851736208157014e-01,  7.579341998481439e-01, -8.380005349210510e+00
s336        , -2.151296308555482e+01, -2.116834726637410e+01, -3.145331107646874e-01,  7.807456895866651e-01, -1.141498366307360e+01
s337        , -1.775953587894473e+01, -1.651847718384262e+01, -1.927707840224444e-01,  7.169407691552040e-01, -4.574100600512814e+00
s338        , -2.118082550420247e+01, -2.121502720758307e+01, -2.386095692408694e-01,  8.735870087267382e-01, -1.114015876716206e+01
s339        , -1.761381998690202e+01, -1.837278490421657e+01, -4.520776405604167e-01,  1.524269156191614e-01, -8.492728190551809e+00
s340        , -1.906967392812366e+01, -1.899873275297765e+01, -4.659963765307367e-01,  9.061711586581056e-01, -8.848978873554245e+00
s341        , -2.371082699534004e+01, -2.360790345912548e+01, -2.659713931010030e-01,  1.027802892924228e+00, -1.444431128696910e+01
s342        , -1.901967676945428e+01, -1.933706552977846e+01, -4.438130852582106e-01,  6.718941416854327e-01, -9.414405425612941e+00
s343        , -1.943128604912865e+01, -1.904025123697138e+01, -3.875318655443336e-01,  1.489766886865532e+00, -8.191868643753322e+00
s344        , -2.171448714042025e+01, -2.183161793248890e+01, -3.038841710496251e-01,  8.313427980358157e-01, -1.226006037356857e+01
s345        , -1.896311499883081e+01, -1.857268405864531e+01, -4.323573650413620e-01,  5.483623662004936e-01, -8.404656128810240e+00
s346        , -2.211462969107367e+01, -2.199286117987215e+01, -1.487274545917818e-01,  1.436004103372843e+00, -1.148032766707615e+01
s347        , -1.640817037109120e+01, -1.679874024837243e+01, -4.833560810085033e-01,  6.401124623152261e-01, -6.055269794479683e+00
s348        , -2.058778590237884e+01, -2.064843766445554e+01, -3.348600883427881e-01,  8.536807857383915e-01, -1.071123560351656e+01
s349        , -1.918353701640313e+01, -1.911008932337514e+01, -4.077056898095192e-01,  4.915931868777073e-01, -9.105231929688088e+00
s350        , -2.047073332015930e+01, -2.034548573070987e+01, -4.116123498346009e-01,  3.831799166152306e-01, -1.091496934683717e+01
s351        , -2.167714580870165e+01, -2.200788724189189e+01, -2.761813216371864e-01,  1.150101261355568e+00, -1.216832814436241e+01
s352        , -2.086238589025425e+01, -2.064329669365654e+01, -4.853015202478814e-01,  5.696366955474879e-01, -1.145171509960138e+01
s353        , -1.920058764071421e+01, -1.963382682309449e+01, -5.684070750765412e-01,  1.390180138933597e+00, -9.734260447497148e+00
s354        , -2.053223705409261e+01, -2.105569580119647e+01, -1.410507362464537e-01,  1.942281252932343e+00, -9.774382660571350e+00
s355        , -1.704257081119439e+01, -1.748445826344133e+01, -4.516920800296389e-01,  4.221197048828669e-01, -7.057021747304721e+00
s356        , -2.127143545968418e+01, -2.116569740731617e+01, -2.006149827037985e-01,  1.310659675466510e+00, -1.061034893660061e+01
s357        , -1.906625211198675e+01, -1.951578217739848e+01, -3.526384313094048e-01,  6.073543682166794e-01, -9.385957150484661e+00
s358        , -2.032987192881253e+01, -1.972662839850561e+01, -4.226028803668964e-01,  4.676175289816051e-01, -1.003203557006644e+01
s359        , -2.136102912880764e+01, -2.098046413350490e+01, -3.538129317833753e-01,  7.686788921808256e-01, -1.130304804163726e+01
s360        , -1.881386071055488e+01, -1.859969157470138e+01, -4.233204792045533e-01,  9.884663317210913e-01, -8.081676605526283e+00
s361        , -2.182643688719446e+01, -2.161905969938953e+01, -9.369368045068049e-02,  1.854757305665853e+00, -1.045307872353341e+01
s362        , -2.091897008712596e+01, -2.087401859556568e+01, -4.243996816650821e-01,  3.342619823708262e-01, -1.173069621730374e+01
s363        , -1.798497754334610e+01, -1.834366036397758e+01, -5.603070286229704e-01,  1.131860596215399e+00, -8.107118512641119e+00
s364        , -1.789393844733154e+01, -1.770721269100432e+01, -4.164501252065544e-01,  3.924951212258284e-01, -7.262843474673211e+00
s365        , -2.184332997178521e+01, -2.134420020666254e+01, -4.537621643941558e-03,  1.072194943196127e+00, -1.033777156898292e+01
s366        , -2.293131491804218e+01, -2.280198983283495e+01, -1.383512641102262e-01,  1.118222596361817e+00, -1.280364027040446e+01
s367        , -2.320311495695380e+01, -2.314891227670752e+01, -1.098704835000970e-01,  2.098379049768281e+00, -1.245267457038366e+01
s368        , -1.944159222026194e+01, -2.002501923593897e+01, -5.391066336440153e-01,  1.489659107727004e+00, -1.009876015957514e+01
s369        , -2.221834550731525e+01, -2.252254607137993e+01, -1.542316945449326e-01,  1.023295546216479e+00, -1.254308264219913e+01
s370        , -1.739352775780219e+01, -1.798009666466698e+01, -4.570657993738687e-01,  2.464936699355295e-01, -7.895200662508322e+00
s371        , -2.131349702655302e+01, -2.067747838989688e+01, -4.253212494427845e-01,  6.794980391735248e-01, -1.120362010651773e+01
s372        , -2.230067528571091e+01, -2.163855948474018e+01, -2.903146431770540e-01,  8.357082543594267e-01, -1.194048114372791e+01
s373        , -1.609460498694387e+01, -1.625866315046122e+01, -4.760023500975060e-01,  5.019889524222241e-01, -5.382388068775041e+00
s374        , -1.846307154319872e+01, -1.882546012353794e+01, -2.796200406009243e-01,  8.609326415607200e-01, -7.978484769122481e+00
s375        , -2.092466765927065e+01, -2.073196168849758e+01, -4.196471603449973e-01,  3.332118161751509e-01, -1.151735441445107e+01
s376        , -2.335896110191541e+01, -2.387712423895113e+01, -2.588984214540905e-01,  1.177609140216145e+00, -1.468110540757560e+01
s377        , -2.209438728501526e+01, -2.268332805149933e+01, -1.202715338971322e-01,  1.463162206533092e+00, -1.231722922047063e+01
s378        , -2.111108779470583e+01, -2.135939362513349e+01, -5.929154418306686e-01,  1.522736549893211e+00, -1.211806063981822e+01
s379        , -1.875225846070942e+01, -1.852941500055989e+01, -3.982548369113501e-01,  8.902928770703034e-01, -7.968089740797904e+00
s380        , -1.834869608623442e+01, -1.842662464000556e+01, -4.867357565292836e-01,  1.163505827469206e+00, -7.936687972227598e+00
s381        , -2.068155326614140e+01, -2.020760689740635e+01, -4.591553198405569e-01,  9.903375766821974e-01, -1.043997260729365e+01
s382        , -1.804666933121612e+01, -1.810147445430374e+01, -4.553358220404080e-01,  5.034831612530966e-01, -7.865836743941755e+00
s383        , -2.062194236740874e+01, -2.110184321275629e+01, -2.688702502619412e-01,  6.361999478666845e-01, -1.126787573959012e+01
s384        , -1.800916137079852e+01, -1.832847548513865e+01, -5.679240233768619e-01,  1.257028208323097e+00, -8.019796925569061e+00
s385        , -2.216424509641620e+01, -2.197512107940503e+01, -1.983382951631443e-01,  1.132956536015173e+00, -1.185842466389456e+01
s386        , -2.182057698940036e+01, -2.158424759374022e+01, -3.283245340591721e-01,  6.848509875339953e-01, -1.211297334624301e+01
s387        , -1.799817167842237e+01, -1.768275682395397e+01, -4.199541044880705e-01,  4.483268346766155e-01, -7.199725374307519e+00
s388        , -2.351217009702901e+01, -2.373099490323045e+01, -3.063756143768592e-01,  1.106342100944612e+00, -1.470048298495602e+01
s389        , -2.149803565649794e+01, -2.166541435918881e+01, -2.258790109957377e-01,  1.074828386250845e+00, -1.156993033691638e+01
s390        , -2.025125341850577e+01, -1.966265293028071e+01, -4.494456643316782e-01,  2.873796357309256e-01, -1.017326183997648e+01
s391        , -1.925641978436478e+01, -1.879621001532709e+01, -5.008608939050612e-01,  3.979773827078102e-01, -9.071076692907653e+00
s392        , -1.954014294555121e+01, -1.998279591811425e+01, -3.500252817518231e-01,  6.328625559857872e-01, -1.000592439042425e+01
s393        , -2.007195889273447e+01, -1.991500137729138e+01, -4.408472273344025e-01,  2.831263807806833e-01, -1.049612035123500e+01
s394        , -1.933645012315517e+01, -1.944734714004727e+01, -4.686697816768958e-01,  1.481196073979876e+00, -9.052325810381189e+00
s395        , -2.191328817199827e+01, -2.146333384292893e+01, -1.825193519828516e-02,  2.247488042105420e+00, -9.675294846692424e+00
s396        , -1.985518647713905e+01, -1.986390938323644e+01, -1.162720916534243e-02,  2.136778664908061e+00, -7.513992241799446e+00
s397        , -1.859895904181181e+01, -1.864091449363254e+01, -4.814849345026023e-01,  5.422890420928432e-01, -8.678851028351575e+00
s398        , -2.089338265909714e+01, -2.080429081312052e+01, -3.234718397349404e-01,  8.741488146178497e-01, -1.087176569445924e+01
s399        , -1.650074457052408e+01, -1.660342404476286e+01, -4.776111047532847e-01,  3.849900734471978e-01, -5.953981871990807e+00
s400        , -1.659170957499870e+01, -1.681543727126481e+01, -4.989942173488031e-01,  2.596444884542167e-01, -6.417942265257699e+00
s401        , -1.654426837808786e+01, -1.680041237208057e+01, -4.546654900903299e-01,  3.141280460956567e-01, -6.198584576853476e+00
s402        , -1.877939202276407e+01, -1.876329122097919e+01, -4.507038517286821e-01,  9.825809491986868e-01, -8.410687909684963e+00
s403        , -2.106694758002669e+01, -2.078424471131696e+01, -3.214516906443962e-01,  9.114341451977302e-01, -1.080893159543747e+01
s404        , -2.165676773412189e+01, -2.155529140798725e+01, -3.273611021662780e-01,  1.310946817263203e+00, -1.160231824367332e+01
s405        , -2.212611753855641e+01, -2.205004390985058e+01, -1.608225244711419e-01,  1.061393377599709e+00, -1.188221534282300e+01
s406        , -1.885653015374473e+01, -1.861618143547199e+01, -4.355399411962053e-01,  3.749783432348496e-01, -8.605705389679638e+00
s407        , -1.790225292709843e+01, -1.800982816418935e+01, -4.184167850555168e-01,  5.712557852122099e-01, -7.556588423026051e+00
s408        , -1.653237145459570e+01, -1.675507353229917e+01, -4.902832690336510e-01,  2.791604619840141e-01, -6.288568113455224e+00
s409        , -1.984138826084547e+01, -1.997930994104340e+01, -4.120229422879031e-01,  4.402683607791034e-01, -1.036552823709056e+01
s410        , -1.632163885458830e+01, -1.683282434390672e+01, -4.663677633397244e-01,  4.360235524261609e-01, -6.194324992454697e+00
s411        , -1.826950002229553e+01, -1.837280148057442e+01, -4.962086851521904e-01,  9.508152129497327e-01, -8.054359350384486e+00
s412        , -2.254085603631221e+01, -2.244242844843667e+01, -4.947445545596005e-01,  9.556855068978493e-01, -1.369489846961456e+01
s413        , -1.907038707751166e+01, -1.961947176351727e+01, -4.741933700813598e-01,  1.208843667447717e+00, -9.514093911211067e+00
s414        , -1.996831080241482e+01, -1.996167674430384e+01, -5.177110970358517e-01,  1.338327216107966e+00, -1.004752150787476e+01
s415        , -2.069762370804266e+01, -2.036837262155525e+01, -3.845389607969329e-01,  8.899639096497532e-01, -1.047230075225635e+01
s416        , -1.735494379178349e+01, -1.770724789500376e+01, -4.813484951957020e-01,  2.339599343003706e-01, -7.612259227404149e+00
s417        , -1.714858900796163e+01, -1.682214835976501e+01, -4.594760529792195e-01,  2.966643700271324e-01, -6.258915797656517e+00
s418        , -2.014294405560549e+01, -1.960906052123845e+01, -4.599603179608829e-01,  1.726852659888405e-01, -1.022186425251522e+01
s419        , -1.771416578387462e+01, -1.772534161277521e+01, -5.018813610408934e-01,  5.417696015061021e-01, -7.480889765538407e+00
s420        , -2.335906844703241e+01, -2.312838120799844e+01, -3.015394138634624e-01,  1.186363968827057e+00, -1.378703161077715e+01
s421        , -2.045819521600993e+01, -2.051968288685843e+01, -9.789425555225906e-02,  1.623628525916071e+00, -9.114308866921718e+00
s422        , -1.913624718404630e+01, -1.895519413792746e+01, -4.495371450849112e-01,  4.905015459508134e-01, -9.039989467002691e+00
s423        , -2.001718266940652e+01, -2.012972945295069e+01, -4.408965057174473e-01,  7.187490654231472e-01, -1.046943077727270e+01
s424        , -2.199980092896302e+01, -2.196086408696046e+01, -7.177831350150232e-02,  1.846306500141110e+00, -1.085582659271243e+01
s425        , -1.799669141475633e+01, -1.835977860357758e+01, -4.437235781522238e-01,  5.340685821037451e-01, -8.160242944780531e+00
s426        , -2.179879403652462e+01, -2.127373148653933e+01, -2.894837118658636e-01,  1.058694779989503e+00, -1.126474038446328e+01
s427        , -1.855895626610580e+01, -1.896482559056338e+01, -5.199387767752528e-01,  8.964331443614956e-01, -9.001267850413912e+00
s428        , -2.201089453299450e+01, -2.224065600627168e+01, -3.102506532472535e-01,  6.862343203790062e-01, -1.295879337677244e+01
s429        , -2.010895188317044e+01, -2.045886830711756e+01, -2.415331024336334e-01,  9.365552983230675e-01, -1.005391267524017e+01
s430        , -2.197039083997888e+01, -2.194074638834673e+01,  3.372204049272187e-03,  1.792155930689679e+00, -1.060067380047296e+01
s431        , -2.053790779896415e+01, -2.017415147283165e+01, -4.432125386682310e-01,  5.021102637163157e-01, -1.070094308241977e+01
s432        , -2.056150222449639e+01, -1.993865287421724e+01, -1.261156628299788e-01,  1.405017356887913e+00, -8.571302381730369e+00
s433        , -1.961788415450921e+01, -1.987306499370311e+01, -2.770924164769454e-01,  5.857330011413263e-01, -9.629032117823819e+00
s434        , -2.169585176655818e+01, -2.151068006343003e+01, -2.583296994166385e-01,  1.311908847444817e+00, -1.129384408392299e+01
s435        , -1.969212203292086e+01, -1.936996186547784e+01, -5.026323794405295e-01,  2.470193175051669e-01, -9.986462690088308e+00
s436        , -1.841763911968392e+01, -1.823604132848256e+01, -4.455558341057411e-01,  9.444222662034998e-01, -7.688900043349476e+00
s437        , -2.085473352476042e+01, -2.033482549521715e+01, -2.257226185524321e-01,  6.126436312899970e-01, -1.006703338425531e+01
s438        , -2.075193174001312e+01, -2.071213826594216e+01, -3.501052488872586e-01,  6.256179906823686e-01, -1.102407361555771e+01
s439        , -1.747889033992054e+01, -1.725065733686908e+01, -4.448355114494498e-01,  3.389972386878612e-01, -6.770050478628342e+00
s440        , -2.292628299240021e+01, -2.303951831963984e+01, -2.318250937011093e-01,  7.487012599363609e-01, -1.374188249528256e+01
s441        , -1.928590410708185e+01, -1.907293680942566e+01, -5.019668829644790e-01,  1.289813732718713e+00, -8.793909289753831e+00
s442        , -2.265396374356312e+01, -2.236115169415103e+01, -3.667322809430952e-01,  8.006674436339640e-01, -1.324184038811737e+01
s443        , -1.939450551490213e+01, -1.930340843194016e+01, -3.953357486552224e-01,  1.055607001127099e+00, -8.908825060036420e+00
s444        , -2.014197468633274e+01, -2.035593185789556e+01, -2.951396441647279e-01,  7.927549007043487e-01, -1.020918238838715e+01
s445        , -2.136890748153691e+01, -2.123360603324256e+01, -4.030012260318674e-01,  5.142404023256830e-01, -1.201941474252895e+01
s446        , -1.984877428373165e+01, -1.986120429491427e+01, -4.684799724780656e-01,  8.232031898591253e-01, -1.011698016882318e+01
s447        , -2.124129540469972e+01, -2.140248926586408e+01, -5.259360702815929e-02,  1.474009425810592e+00, -1.029009159012252e+01
s448        , -1.996883442559681e+01, -1.998648337624476e+01, -3.666638326666031e-01,  5.627332867572807e-01, -1.012260681172768e+01
s449        , -2.213132573342666e+01, -2.246558778866429e+01, -1.250526591750853e-01,  1.317263276104358e+00, -1.214082335725432e+01
s450        , -2.393776981346641e+01, -2.312131729246626e+01, -1.615053191089840e-01,  1.642129859764248e+00, -1.293857752535885e+01
s451        , -1.778758837631850e+01, -1.795111351629653e+01, -4.546364936913749e-01,  8.426119138796269e-01, -7.401649381313511e+00
s452        , -2.093231028730361e+01, -2.091708046631207e+01, -4.243260459048416e-01,  4.951258864234136e-01, -1.167021747797083e+01
s453        , -1.913112365245808e+01, -1.910229754579656e+01, -4.107128040671630e-01,  4.571706119777788e-01, -9.130801214015172e+00
s454        , -1.694745233262931e+01, -1.735116425350311e+01, -4.582460105113153e-01,  1.433604965097247e-01, -7.103261189267799e+00
s455        , -1.959305905778561e+01, -1.932031479254942e+01, -4.446279659985563e-01,  5.275306879233764e-01, -9.501740186969249e+00
s456        , -1.690137029519855e+01, -1.730897207401672e+01, -4.751005577796226e-01,  4.487128811399589e-01, -6.876937994789095e+00
s457        , -1.744399185749123e+01, -1.712904776130693e+01, -4.380206656041937e-01,  3.497255043770268e-01, -6.568963198776082e+00
s458        , -2.020627098912283e+01, -2.024076797368948e+01, -2.441880134710903e-01,  9.353486234538452e-01, -9.761504065106628e+00
s459        , -1.884232545378780e+01, -1.927816355920657e+01, -2.341099813176356e-01,  1.221389505111356e+00, -8.175975980903033e+00
s460        , -2.233016805188693e+01, -2.245433789220515e+01, -3.178818179230057e-01,  1.355996968870182e+00, -1.278299781821082e+01
s461        , -1.623645396367353e+01, -1.616221813553242e+01, -4.270130547326815e-01,  2.780921318449303e-01, -5.241061714095338e+00
s462        , -2.313545884021418e+01, -2.293790813077347e+01, -1.953392966471668e-01,  1.669193517921954e+00, -1.278427055500521e+01
s463        , -2.090493117250811e+01, -2.071223234962840e+01, -3.981986171212253e-01,  7.592904433905744e-01, -1.109575843282471e+01
s464        , -1.633431188033305e+01, -1.669629720360680e+01, -5.048409014653407e-01,  6.129344569974089e-01, -6.009842824486432e+00
s465        , -1.999082968954132e+01, -2.004706928927665e+01, -4.732967154782968e-01,  4.477613582522627e-01, -1.067220343439863e+01
s466        , -1.900684695054017e+01, -1.844262390915327e+01, -3.673145375804300e-01,  1.035258862364796e+00, -7.629290868434733e+00
s467        , -1.783078222536251e+01, -1.797660266361969e+01, -4.664183631238007e-01,  7.952764863801877e-01, -7.514298635714496e+00
s468        , -1.945030486126850e+01, -1.873667684015989e+01, -3.665279876770607e-01,  9.538343553444089e-01, -8.095426605077581e+00
s469        , -2.270314762369042e+01, -2.260705646322152e+01, -2.630866940398484e-01,  1.134690924987398e+00, -1.296494835528703e+01
s470        , -2.119907484802825e+01, -2.139247902846672e+01, -2.473916090501790e-01,  9.493369701692413e-01, -1.136126339864933e+01
s471        , -1.972012875359749e+01, -1.938036138112503e+01, -4.976631999454882e-01,  3.813081077905975e-01, -9.883032451461887e+00
s472        , -1.766462305551830e+01, -1.776285464088325e+01, -4.749488426006153e-01,  5.129448818885399e-01, -7.458556677480913e+00
s473        , -2.127822401317911e+01, -2.142329607790348e+01, -2.952686139157237e-01,  6.526176878522336e-01, -1.179587172923805e+01
s474        , -1.654177405306909e+01, -1.688602572756393e+01, -4.604571080765587e-01,  7.106928791761997e-01, -6.042243908621086e+00
s475        , -2.297159509003216e+01, -2.320079974936470e+01, -2.937679311041633e-01,  1.139738016059816e+00, -1.389466674131466e+01
s476        , -2.252587602064435e+01, -2.309298407838173e+01, -7.358551548727732e-02,  2.419858624534657e+00, -1.200601819195654e+01
s477        , -2.178946083596680e+01, -2.123675563777447e+01, -8.987952333957305e-02,  8.351547124199513e-01, -1.066934703007967e+01
s478        , -1.788602657411998e+01, -1.830554470959848e+01, -2.730213018111988e-01,  1.144718008830200e+00, -7.021562508499425e+00
s479        , -1.952938513246325e+01, -1.894568140051976e+01, -4.185897448305386e-01,  5.404604464919028e-01, -8.879311040127705e+00
s480        , -2.203955610850313e+01, -2.203160857785885e+01, -2.262892492769189e-01,  1.845833574329873e+00, -1.150461480693502e+01
s481        , -1.615402914764109e+01, -1.707696108321865e+01, -5.637040256756332e-01,  9.420143456164183e-01, -6.502418722064286e+00
s482        , -2.215324565636576e+01, -2.230998246370698e+01, -1.063923548055459e-01,  1.605622752479018e+00, -1.164326562185104e+01
s483        , -2.217560840271064e+01, -2.197520248911312e+01, -3.009821934504353e-01,  1.675347489113450e+00, -1.181947381703416e+01
s484        , -2.403070638423247e+01, -2.440621702481484e+01, -2.655339004244038e-01,  1.736852001618992e+00, -1.502205282792117e+01
s485        , -1.896886917982663e+01, -1.928342002329974e+01, -5.361537597601371e-01,  1.218853867186558e+00, -9.260772958175391e+00
s486        , -2.293847835350512e+01, -2.289754296448445e+01, -3.575006098173253e-01,  1.121591642619452e+00, -1.371418549747239e+01
s487        , -1.935879902533930e+01, -1.987883968235825e+01, -1.382295664071825e-01,  1.139811625690255e+00, -8.729236224150245e+00
s488        , -2.071941340396909e+01, -2.021235980530093e+01, -4.446964018862039e-01,  4.927923036554684e-01, -1.076621802515381e+01
s489        , -2.120929532988995e+01, -2.099674765275607e+01, -4.321207902527678e-01,  4.350387345699449e-01, -1.185338917077828e+01
s490        , -2.336106814107168e+01, -2.284143385785736e+01, -3.445000472600191e-01,  1.117044818181199e+00, -1.359339112007403e+01
s491        , -1.878377211600346e+01, -1.856461649667012e+01, -4.337956289652574e-01,  3.880073042356775e-01, -8.518193379833464e+00
s492        , -2.196689093989351e+01, -2.222359396441404e+01, -1.745155037383641e-01,  9.412767279504780e-01, -1.226149602330035e+01
s493        , -2.118321097196467e+01, -2.073379446866846e+01, -4.308159848580129e-02,  1.487410198974113e+00, -9.317951649600525e+00
s494        , -2.014379663919148e+01, -2.030173568256155e+01, -4.111838626708326e-01,  4.898144083359613e-01, -1.077316783625741e+01
s495        , -1.971897958689983e+01, -1.929790842864820e+01, -4.680688579572612e-01,  1.307490183277417e-01, -9.850085398556068e+00
s496        , -2.171934681583978e+01, -2.129476517789404e+01, -3.133296277136595e-01,  1.375240886234425e+00, -1.114273342233367e+01
s497        , -1.930074135275753e+01, -1.913046974516407e+01, -4.108179272103596e-01,  6.592617619693645e-01, -9.019536559851536e+00
s498        , -2.146882601091719e+01, -2.182691239470860e+01, -1.112177518758444e-01,  1.162079523549302e+00, -1.132071490720637e+01
s499        , -1.852368794388046e+01, -1.841807357964258e+01, -4.124311410026523e-01,  5.788863461522450e-01, -8.096300266253850e+00
s500        , -2.050589701281523e+01, -2.075094438635431e+01, -1.374583424408614e-01,  8.190419284922266e-01, -1.017640435835975e+01
s501        , -2.141899489528082e+01, -2.164367182902162e+01, -1.250044391684096e-01,  1.337652787611987e+00, -1.098447280012581e+01
s502        , -1.777920620854658e+01, -1.752381170166815e+01, -4.285797756730119e-01,  3.729179573846864e-01, -7.066047625099189e+00
s503        , -2.264989988763092e+01, -2.267478115210650e+01, -2.239488705919783e-01,  1.124117090952888e+00, -1.292747623885129e+01
s504        , -1.994570445298742e+01, -1.987290919414073e+01, -4.384924782289652e-01,  3.464112405375863e-01, -1.038209671925043e+01
s505        , -2.256898602446125e+01, -2.241031554351940e+01, -2.605978280478899e-01,  1.252198783133524e+00, -1.259531949574046e+01
s506        , -2.050664132584332e+01, -2.011321275340563e+01, -4.135137275433322e-01,  4.404148545835434e-01, -1.055660937463169e+01
s507        , -2.255451727781655e+01, -2.215351657859452e+01, -2.067710104268150e-02,  1.231662589028917e+00, -1.139977218480564e+01
s508        , -2.063695726234980e+01, -2.049792523978907e+01, -5.309256707330565e-01,  9.903586524366136e-01, -1.109855332200583e+01
s509        , -2.049565878814769e+01, -2.071214065534099e+01, -2.920012581935938e-01,  1.017297734871394e+00, -1.052499448487078e+01
s510        , -1.886667658587990e+01, -1.915648175125112e+01, -2.059809608968908e-01,  9.784054391597381e-01, -8.088139779869472e+00
s511        , -2.270091090950000e+01, -2.331826842336573e+01, -8.684125739822313e-02,  1.285671447446449e+00, -1.321199071817725e+01
s512        , -2.052865138648571e+01, -2.089021247275653e+01, -3.721192586038230e-01,  7.387763614125067e-01, -1.126525832454801e+01
s513        , -1.872228566034903e+01, -1.850722686903538e+01, -4.928630911215450e-01,  3.244137997740819e-01, -8.696308047327415e+00
s514        , -2.338235400416073e+01, -2.341900481331954e+01, -2.684631952864441e-01,  1.406352173851631e+00, -1.390858527168795e+01
s515        , -2.063189590001077e+01, -2.097950609255766e+01, -4.341764645070202e-01,  5.280564153755388e-01, -1.176738991405920e+01
s516        , -2.353360034901451e+01, -2.353080548286871e+01, -1.469052961189886e-01,  1.321875843504076e+00, -1.369391896894996e+01
s517        , -2.274108402549141e+01, -2.242727628263096e+01, -2.911663997249819e-01,  1.018581507151735e+00, -1.290198555291937e+01
s518        , -2.095244706423326e+01, -2.159239278768620e+01, -4.476397499486861e-01,  1.003417894779293e+00, -1.231154329380962e+01
s519        , -2.165153402286209e+01, -2.149401624494879e+01,  1.230931552702352e-02,  1.697664298024668e+00, -1.001918951702492e+01
s520        , -1.917430642162448e+01, -1.985108890306394e+01, -2.059268099262772e-01,  8.670011215926475e-01, -9.135289160141779e+00
s521        , -2.048146586988528e+01, -1.978388833570357e+01, -3.554411968350492e-01,  1.213346834657837e+00, -9.316086515471948e+00
s522        , -1.837039701152461e+01, -1.854377831283836e+01, -5.595175488014279e-01,  8.708008506093458e-01, -8.576841378622152e+00
s523        , -2.237538522976599e+01, -2.235158925628784e+01, -2.775028025115647e-01,  9.971055375658390e-01, -1.276428037883823e+01
s524        , -2.219430447580721e+01, -2.247862831488005e+01, -5.264811016888860e-02,  2.351262201117152e+00, -1.112978846434915e+01
s525        , -2.096151325596525e+01, -2.075772176111214e+01, -3.976424444792827e-01,  7.455394102135164e-01, -1.116718285979908e+01
s526        , -2.193172581512368e+01, -2.185071023431030e+01, -2.804462744473539e-01,  1.411669881686539e+00, -1.177021207705845e+01
s527        , -2.063376120076111e+01, -2.123791877377209e+01, -1.357366271533340e-01,  2.110077066291009e+00, -9.883252339734259e+00
s528        , -1.776721144005281e+01, -1.805220216411932e+01, -4.228414357797666e-01,  1.078023232081480e+00, -7.253151563205312e+00
s529        , -2.226349149791107e+01, -2.265774573284985e+01, -2.063012263906257e-01,  1.313720864785741e+00, -1.269955052780076e+01
s530        , -2.300566448791293e+01, -2.232763204714221e+01, -4.033786308226138e-01,  6.057589202098851e-01, -1.347119975807825e+01
s531        , -1.846679125419261e+01, -1.796674416304094e+01, -3.945901945782659e-01,  6.228068989649119e-01, -7.373477184808237e+00
s532        , -1.859817726729017e+01, -1.908673296595425e+01, -4.456612920650703e-01,  1.808453439427633e-01, -9.439770963016503e+00
s533        , -2.134099683522431e+01, -2.211331570878520e+01, -1.891450740114404e-01,  9.710923137238062e-01, -1.213826650434723e+01
s534        , -2.286936511308830e+01, -2.298703477618533e+01, -3.268587043953106e-01,  1.577178225727845e+00, -1.338945887335552e+01
s535        , -1.777040539985326e+01, -1.801431817494048e+01, -4.589947320530831e-01,  4.001090966610218e-01, -7.834988141126578e+00
s536        , -1.995222678224889e+01, -2.017827204152615e+01, -3.451133911778755e-01,  8.511106616685755e-01, -1.009698999857463e+01
s537        , -2.015268820600640e+01, -2.074939126060778e+01, -1.520635298741957e-01,  8.433645642573919e-01, -1.020811575176552e+01
s538        , -1.740140208992538e+01, -1.775925528148628e+01, -4.583039721935007e-01,  4.876022116951822e-01, -7.413190055448432e+00
s539        , -1.924950405987826e+01, -1.988286809374237e+01, -4.023753357901798e-01,  3.902392355930559e-01, -1.023461177156364e+01
s540        , -2.157643164881004e+01, -2.168263455107914e+01, -8.259427914834583e-03,  1.418178047412837e+00, -1.056275258601134e+01
s541        , -1.586673793577160e+01, -1.626734753777171e+01, -4.927250154013028e-01,  4.762197838878643e-01, -5.473216861631753e+00
s542        , -2.009907109345192e+01, -2.016190685575239e+01, -4.780356083339941e-01,  1.114027918719526e+00, -1.035150208193193e+01
s543        , -1.879069098033760e+01, -1.876317659436627e+01, -4.853033702906601e-01,  1.734155638127279e+00, -7.973114182312696e+00
s544        , -2.248614661420541e+01, -2.224485547708140e+01, -2.786036493799016e-02,  1.594363498692620e+00, -1.128159574653468e+01
s545        , -1.987972862262733e+01, -2.002971118156960e+01, -1.646074667984338e-01,  7.840754924878977e-01, -9.297964397868936e+00
s546        , -2.126472237694319e+01, -2.053971206180958e+01, -4.386275136123554e-01,  5.579416753734497e-01, -1.115043355748523e+01
s547        , -1.738356621674509e+01, -1.762427136661713e+01, -4.233596882077463e-01,  9.713911008746693e-01, -6.740491761444876e+00
s548        , -1.943625792183643e+01, -1.970536726023931e+01, -2.610474163207843e-01,  6.580819405589579e-01, -9.285131422578687e+00
s549        , -2.233202963006129e+01, -2.281156462113758e+01, -2.206819664334470e-01,  1.731246581121517e+00, -1.265284285284030e+01
s550        , -2.412763530103872e+01, -2.405929912918940e+01, -2.154071052277713e-01,  1.284247015491010e+00, -1.469957536125677e+01
s551        , -1.731823103856605e+01, -1.739623102049287e+01, -4.758160381514450e-01,  5.483920506780129e-01, -6.926262924618150e+00
s552        , -2.060923402045430e+01, -2.110993727781478e+01, -2.647232921338283e-01,  8.222205018741980e-01, -1.112558451621372e+01
s553        , -1.992869680942914e+01, -1.989881879031945e+01, -3.835497609824670e-01,  7.754564395147838e-01, -9.902366885102170e+00
s554        , -1.812921854031919e+01, -1.788470792844146e+01, -4.577335297373394e-01,  5.282966994387923e-01, -7.554954347968327e+00
s555        , -2.102602816640752e+01, -2.048365411725058e+01, -6.978764534514514e-02,  1.742241265762403e+00, -8.875726277657687e+00
s556        , -1.941820686683750e+01, -1.964761494813276e+01, -2.387327882899860e-01,  1.334353139473353e+00, -8.621040612319311e+00
s557        , -2.190718211184164e+01, -2.159104506161751e+01, -2.262956292635812e-01,  1.562379246465608e+00, -1.110449378753293e+01
s558        , -1.909304407213536e+01, -1.889387747360637e+01, -4.103300605552777e-01,  6.010782377284605e-01, -8.732767121966974e+00
s559        , -2.023025085829861e+01, -2.015203359974549e+01, -5.243444840338707e-01,  1.073821606767531e+00, -1.053269817174680e+01
s560        , -2.107002513254548e+01, -2.117380701051392e+01, -4.316374897502018e-01,  3.688178853033661e-01, -1.214685538521250e+01
s561        , -2.121559386756793e+01, -2.122471905252360e+01, -4.144664809596588e-02,  1.549887660289350e+00, -9.947018244986783e+00
s562        , -1.764234380631898e+01, -1.798949815984910e+01, -4.690141431542804e-01,  3.118579606962151e-01, -7.902043311840892e+00
s563        , -1.646928563220792e+01, -1.707607641658593e+01, -6.144921926551987e-01,  1.051329170901054e+00, -6.600510551368023e+00
s564        , -1.863449571719480e+01, -1.830236257334794e+01, -4.027899329589348e-01,  5.089026648964591e-01, -7.953542304257194e+00
s565        , -2.028655126138008e+01, -2.012249196659232e+01, -4.780820566242288e-01,  4.194786373116069e-01, -1.081504209532140e+01
s566        , -1.821002786093300e+01, -1.807557544913483e+01, -4.877850441444059e-01,  4.889727275629837e-01, -7.956263034809412e+00
s567        , -2.066943738863287e+01, -2.081446459830346e+01, -3.832417807242136e-01,  5.862978038718132e-01, -1.131345418930269e+01
s568        , -2.062629415098700e+01, -2.043071050849955e+01, -4.716099839261124e-01,  5.938167066593842e-01, -1.108981291689716e+01
s569        , -2.065075063553067e+01, -2.092250322971339e+01, -2.834058565821095e-01,  5.962682594380102e-01, -1.110046834573230e+01
s570        , -2.031634942577389e+01, -2.018899493345782e+01, -4.198385344294662e-01,  3.234736590697826e-01, -1.077156287935978e+01
s571        , -2.047206271335130e+01, -2.031273788244214e+01, -4.181272206064893e-01,  4.844140224856191e-01, -1.081719524931754e+01
s572        , -2.393038589894997e+01, -2.330458300365832e+01, -3.919654770743699e-01,  7.640141821836713e-01, -1.466869444505583e+01
s573        , -1.926109501090367e+01, -1.920604686114101e+01, -4.182575173017395e-01,  1.086005840383127e+00, -8.832620552020424e+00
s574        , -2.085894290369713e+01, -2.070079878379627e+01, -6.090369526902807e-01,  1.172095335831207e+00, -1.152277706788294e+01
s575        , -2.021973442813006e+01, -2.087803840163771e+01, -2.519662032012981e-01,  7.490379165393491e-01, -1.081282676774100e+01
s576        , -1.844714179521902e+01, -1.857131339788593e+01, -4.540521617497805e-01,  1.176770636446209e+00, -8.011258099318201e+00
s577        , -1.949977509463960e+01, -1.930985574977667e+01, -3.264249553843336e-01,  8.273393796459936e-01, -8.842649926630134e+00
s578        , -2.108198153892643e+01, -2.119589132171847e+01, -2.922915541479854e-01,  1.063592840451104e+00, -1.116302937997828e+01
s579        , -2.029210259566103e+01, -2.019139382824125e+01, -5.001463196609079e-01,  5.468462747888235e-01, -1.089425538382538e+01
s580        , -2.195204710511243e+01, -2.203902451678702e+01, -2.483724801495950e-01,  1.099834504128730e+00, -1.215001806911388e+01
s581        , -2.000078291173359e+01, -1.996148906527094e+01, -4.761052993849172e-01,  3.737294975019536e-01, -1.061862716519316e+01
s582        , -2.354247422413414e+01, -2.360458891800763e+01, -8.794869539360017e-02,  1.765880868948534e+00, -1.325519384405906e+01
s583        , -1.881717670098672e+01, -1.913323754894435e+01, -4.438341867051895e-01,  2.224647757676662e-01, -9.466775860766971e+00
s584        , -2.079214981383572e+01, -2.027197703397275e+01, -4.283896330474876e-01,  5.062516325447024e-01, -1.078086776619051e+01
s585        , -2.214462266832296e+01, -2.215980860464253e+01, -2.268133610485779e-01,  1.262459528921689e+00, -1.211960629508116e+01
s586        , -1.671124709479596e+01, -1.680772987223629e+01, -4.821723134132633e-01,  8.566264340459928e-01, -5.902027839326429e+00
s587        , -1.722924462132460e+01, -1.692931656128164e+01, -4.396886694547135e-01,  4.693421801956947e-01, -6.208413275891877e+00
s588        , -2.306180681354529e+01, -2.311311023046076e+01, -4.998357641429541e-02,  1.734959736789231e+00, -1.246079915782977e+01
s589        , -2.054966159202169e+01, -2.083613422797792e+01, -3.154100038654870e-01,  4.140857644496937e-01, -1.123043898790711e+01
s590        , -2.302597507766974e+01, -2.331169032755179e+01, -1.835506440803173e-01,  1.288078976783836e+00, -1.354545521841062e+01
s591        , -2.031576031139625e+01, -2.033211173225154e+01, -4.312038575283303e-01,  3.129087097047053e-01, -1.101858900433693e+01
s592        , -1.675983730084032e+01, -1.645836466516499e+01, -4.140824864744721e-01,  6.189375799546720e-01, -5.351871081703093e+00
s593        , -1.833051427645905e+01, -1.896795110772995e+01, -1.293301341387995e-01,  1.051420392997798e+00, -7.498998880232804e+00
s594        , -1.700453572465554e+01, -1.697747336373578e+01, -4.862330701311671e-01,  4.495721172552648e-01, -6.455760275889617e+00
s595        , -2.121342929627275e+01, -2.090547716342305e+01, -1.865492397594100e-01,  1.792718391289055e+00, -9.839440938568323e+00
s596        , -1.895402289388661e+01, -1.908545928380561e+01, -2.661866707652306e-01,  1.194622551841997e+00, -8.042662031457425e+00
s597        , -2.389559541191659e+01, -2.425387369695394e+01, -7.617065753613894e-02,  1.517910602850057e+00, -1.429954706295001e+01
s598        , -1.923753651242740e+01, -1.940412728793025e+01, -2.406177441674107e-01,  9.606126816953410e-01, -8.568534418886793e+00
s599        , -2.358158831573873e+01, -2.318185104164034e+01, -2.825049392109920e-01,  1.267278741428434e+00, -1.373311652708509e+01
s600        , -1.942143232536245e+01, -2.036210589968947e+01, -1.906015320644158e-01,  1.170595269921288e+00, -9.563637304648797e+00
s601        , -2.073803555561576e+01, -2.040934665475248e+01, -3.956790678523175e-01,  7.494422150097928e-01, -1.067367151710214e+01
s602        , -1.821856306700227e+01, -1.792141857473261e+01, -3.853345509445635e-01,  9.977589856466176e-01, -6.997906240749920e+00
s603        , -1.722454836479658e+01, -1.731406984724749e+01, -4.767968713800083e-01,  4.643734882595913e-01, -6.878373562135243e+00
s604        , -1.805154515236764e+01, -1.796699130651389e+01, -3.250192576606553e-01,  7.476319466573267e-01, -7.032959519864177e+00
s605        , -2.021935755598555e+01, -2.003539067988415e+01, -4.020189209114968e-01,  1.613304186188208e+00, -9.532742949455576e+00
s606        , -1.827906736534894e+01, -1.857077621267213e+01, -5.425266021116696e-01,  1.177803367610460e+00, -8.324808518104808e+00
s607        , -2.237721630921111e+01, -2.255014997340338e+01, -9.648015918665220e-02,  1.189490009749929e+00, -1.225177229070712e+01
s608        , -2.098562136420296e+01, -2.127411652994937e+01, -2.520777492136185e-01,  7.504513006786816e-01, -1.136199852609270e+01
s609        , -1.946776205882490e+01, -1.933668633755947e+01, -5.039162591197144e-01,  5.436868891853045e-01, -9.723547025534764e+00
s610        , -2.069261977150295e+01, -2.056992784567770e+01, -1.247467705119795e-01,  7.777143185616908e-01, -9.910680891558098e+00
s611        , -2.170289912291919e+01, -2.148748696162505e+01, -4.741776000074149e-02,  1.137083921970807e+00, -1.064097724630550e+01
s612        , -1.930046031145336e+01, -1.895849857630076e+01, -4.530131353324029e-01,  9.012685442595205e-01, -8.750548879962508e+00
s613        , -2.385958137896088e+01, -2.408847570433826e+01, -2.033468062508634e-01,  1.752000631046404e+00, -1.434821532286192e+01
s614        , -1.933674081040147e+01, -1.917588578682423e+01, -5.023937589036334e-01,  7.985758314971811e-01, -9.304773724975346e+00
s615        , -1.973716697922491e+01, -1.963670272074241e+01, -3.949862956250486e-01,  5.729924566985546e-01, -9.730253820541781e+00
s616        , -1.815004309366292e+01, -1.794252364166646e+01, -4.421883845672143e-01,  5.201260153874423e-01, -7.585950092323888e+00
s617        , -1.832352306169715e+01, -1.824527823900361e+01, -3.765630821649519e-01,  1.098349164648442e+00, -7.341212660143291e+00
s618        , -1.700993990522181e+01, -1.730473660414812e+01, -4.845286185114396e-01,  5.736925243410366e-01, -6.811405791448840e+00
s619        , -2.331208521979489e+01, -2.348870256160061e+01, -9.128956308187797e-02,  2.373884349453518e+00, -1.265268757059862e+01
s620        , -2.294394567846179e+01, -2.326741661537739e+01, -2.237926901074394e-01,  1.164754612365545e+00, -1.371929338169770e+01
s621        , -2.117716243218820e+01, -2.118925399750649e+01, -4.485076068918628e-01,  4.142395099045315e-01, -1.219449318064440e+01
s622        , -2.002792552777272e+01, -1.975075786430484e+01, -1.539756137374972e-01,  1.506158517512395e+00, -8.334237003142835e+00
s623        , -1.988853831837967e+01, -1.945667669097079e+01, -4.914988781173688e-01,  4.692846722778151e-01, -9.901395338720841e+00
s624        , -2.364575476956619e+01, -2.333649434378124e+01, -2.118555335483158e-01,  1.413773940788012e+00, -1.358692385223009e+01
s625        , -2.144171537166414e+01, -2.128210679440431e+01, -5.112280398115521e-02,  1.694794853137725e+00, -9.953049126365526e+00
s626        , -2.037069722396305e+01, -2.012163583157885e+01, -4.239057993047143e-01,  4.086306668830172e-01, -1.062901835756477e+01
s627        , -1.998545144661707e+01, -2.004010359187957e+01, -4.777188924549605e-01,  7.456031572049933e-01, -1.045611051970729e+01
s628        , -2.158119065398551e+01, -2.139316061274441e+01, -2.155625075008141e-01,  1.422810073802543e+00, -1.089568201345406e+01
s629        , -1.843917864187274e+01, -1.814985891602615e+01, -4.164699926338374e-01,  4.422129787489720e-01, -7.840301714049640e+00
s630        , -1.962256463480217e+01, -1.991090238813218e+01, -4.136137662980876e-01,  3.925497095344162e-01, -1.031182622286166e+01
s631        , -2.101091990223662e+01, -2.071804040905266e+01, -2.705753095981066e-01,  1.039748693003265e+00, -1.044013744914533e+01
s632        , -2.022844039713042e+01, -1.963029810475146e+01, -4.121105812563779e-01,  6.527323341779957e-01, -9.722863479227545e+00
s633        , -2.473876586737651e+01, -2.507584117484178e+01, -1.823811853532470e-01,  1.719624790165345e+00, -1.566834865325447e+01
s634        , -2.051539403555230e+01, -2.026151456452902e+01, -4.472352253786530e-01,  2.371073090689572e-01, -1.103421959854932e+01
s635        , -2.382235458298951e+01, -2.453538450689187e+01, -1.804368172103403e-01,  2.368421135434645e+00, -1.442721104583367e+01
s636        , -1.910586081968059e+01, -1.963778041910018e+01, -2.658077701411885e-01,  9.595947976909448e-01, -8.983351187455018e+00
s637        , -1.917066616024459e+01, -1.880006622123168e+01, -5.004598538422257e-01,  4.648758209295129e-01, -9.025099678613330e+00
s638        , -2.192001400012589e+01, -2.175717464182580e+01, -1.611234374521311e-01,  1.510745017940874e+00, -1.114154305789335e+01
s639        , -2.010078758798683e+01, -1.983291899229961e+01, -3.766416177867509e-01,  6.646213320921971e-01, -9.868961276039881e+00
s640        , -1.983289623130970e+01, -1.965276951646261e+01, -3.919956266137983e-01,  6.749647528410468e-01, -9.665842532717827e+00
s641        , -2.307886864739055e+01, -2.280817109597149e+01, -2.185819815771888e-01,  1.010250704215276e+00, -1.317847091716283e+01
s642        , -2.260273435105626e+01, -2.285785364339153e+01, -1.533048333725954e-01,  1.354960984520059e+00, -1.275784881998636e+01
s643        , -2.012782689900612e+01, -2.009307529180494e+01, -4.902474607078883e-01,  1.373986754768642e+00, -1.010552615038444e+01
s644        , -1.902512926743999e+01, -1.855536040380372e+01, -3.505035451093336e-01,  1.153268254523494e+00, -7.637896556084943e+00
s645        , -2.049081123370357e+01, -2.020835905985778e+01, -4.152396851005202e-01,  4.519999339312465e-01, -1.068619441287451e+01
s646        , -2.159630341817387e+01, -2.196692888749088e+01, -2.564212874636926e-01,  9.559839771228595e-01, -1.218590214342217e+01
s647        , -2.046804100673445e+01, -2.006292027676795e+01, -4.816550830613928e-01,  5.218826034441465e-01, -1.066868275516551e+01
s648        , -2.112203592795417e+01, -2.095420358684325e+01, -2.917882851409569e-01,  1.129051586388438e+00, -1.077690237341242e+01
s649        , -2.130712394597167e+01, -2.150832776745609e+01, -3.056982248732185e-01,  7.978281611597066e-01, -1.184273436418019e+01
s650        , -1.872664219670308e+01, -1.879662084800498e+01, -4.095137324018158e-01,  1.284649305854232e+00, -8.084949498710900e+00
s651        , -2.286060777226206e+01, -2.288599787689876e+01, -4.010714410632425e-01,  1.071396724334185e+00, -1.389076119097623e+01
s652        , -2.513277458672901e+01, -2.536117010431028e+01, -2.135367433310071e-01,  1.649452694687280e+00, -1.622772939207211e+01
s653        , -2.212366926194319e+01, -2.190400143928670e+01, -7.993285562553065e-02,  1.135367584350686e+00, -1.133624530244662e+01
s654        , -2.219498706816524e+01, -2.222509618047593e+01, -2.060888240416924e-01,  1.315583744603595e+00, -1.209680790470171e+01
s655        , -2.136195741190379e+01, -2.139130626657290e+01, -1.310467196364968e-01,  8.548557067692795e-01, -1.101579642983101e+01
s656        , -2.204727614381470e+01, -2.140159492005795e+01, -3.024024561882661e-01,  7.038363298313008e-01, -1.175294503851914e+01
s657        , -2.036339525797458e+01, -1.996346482607802e+01, -4.387101570356974e-01,  5.455743276739859e-01, -1.036001664143494e+01
s658        , -1.602366185676991e+01, -1.580506417219386e+01, -4.680509092082890e-01,  2.079180377888243e-01, -4.943752136003024e+00
s659        , -1.871169938684588e+01, -1.879832598614741e+01, -4.490103925237416e-01,  3.152231991915537e-01, -8.951098505218560e+00
s660        , -2.183022460938435e+01, -2.131161215575979e+01, -4.226852475508269e-01,  9.610402127205333e-01, -1.186451400255664e+01
s661        , -2.183692812512830e+01, -2.222447447998750e+01, -2.448616398163917e-01,  1.448416846313305e+00, -1.213493374987459e+01
s662        , -1.575332316936146e+01, -1.559503776978963e+01, -4.586800833086712e-01,  2.541539913398627e-01, -4.584337555889666e+00
s663        , -2.161244100467384e+01, -2.150535863669679e+01, -2.696810137157843e-01,  7.565934689361379e-01, -1.174111017831492e+01
s664        , -1.792030659393350e+01, -1.763736539653274e+01, -4.820150273320811e-01,  4.558184187131902e-01, -7.352130790700963e+00
s665        , -2.036353189911458e+01, -2.057937695417731e+01, -2.020565209098653e-01,  1.301275153051666e+00, -9.808562718110693e+00
s666        , -1.896012969757172e+01, -1.835750217753188e+01, -4.099670075405941e-01,  5.281207357158826e-01, -8.041308983521292e+00
s667        , -1.834472710605888e+01, -1.877196774310523e+01, -3.151235185906218e-01,  1.018525090278317e+00, -7.913105102643865e+00
s668        , -2.315183675604283e+01, -2.309179593588846e+01, -1.014387688075377e-01,  1.953420502329219e+00, -1.245149033221666e+01
s669        , -2.168824836514504e+01, -2.126948565006170e+01, -3.956818310620684e-01,  1.091805390839035e+00, -1.161233027872688e+01
s670        , -1.765957516951316e+01, -1.786093231508826e+01, -4.671208971588088e-01,  5.465893089286304e-01, -7.541733696353543e+00
s671        , -1.925271531654228e+01, -1.957742679274945e+01, -3.001386323276171e-01,  6.903853000555300e-01, -9.222638213209352e+00
s672        , -2.010246672918431e+01, -2.056311221612358e+01, -5.219901514662573e-02,  1.908659996270873e+00, -8.799255929694205e+00
s673        , -2.045224673553428e+01, -2.007134787387512e+01, -4.896292948265371e-01,  2.233902751235227e-01, -1.093143510873070e+01
s674        , -1.961862741224291e+01, -1.948942358928659e+01, -4.011473380913217e-01,  6.384373615533622e-01, -9.498925824596467e+00
s675        , -1.819835804307071e+01, -1.814467321559623e+01, -4.415073571992621e-01,  3.039407573314759e-01, -8.025405916215549e+00
s676        , -2.030955144796039e+01, -2.034610405701378e+01, -4.973727180277701e-01,  1.278195744971333e+00, -1.055360409706484e+01
s677        , -1.708028116046972e+01, -1.730710099055890e+01, -4.503435180990617e-01,  8.558335309621633e-01, -6.482492090620548e+00
s678        , -1.996975063415185e+01, -1.957577517387433e+01, -4.116561996971848e-01,  3.966402010160433e-01, -9.836586063232568e+00
s679        , -2.075675552323975e+01, -2.057352078877053e+01, -4.094213652790820e-01,  5.567110278179759e-01, -1.109427816898265e+01
s680        , -1.844365265503332e+01, -1.855055497542225e+01, -4.312891132034532e-01,  4.029332214972018e-01, -8.478613674146246e+00
s681        , -1.908965101407623e+01, -1.937371782710038e+01, -2.396520797622200e-01,  8.842457987746486e-01, -8.579846547738853e+00
s682        , -2.132701003782740e+01, -2.157953457128001e+01, -3.865149426206628e-01,  5.177045149099992e-01, -1.243833343241242e+01
s683        , -2.134055790648813e+01, -2.089439173303140e+01,  2.089076510847332e-02,  1.812023382458319e+00, -9.070937078758149e+00
s684        , -2.228765611405496e+01, -2.182680838543504e+01, -2.543609420767654e-01,  9.480836157334790e-01, -1.198994534774250e+01
s685        , -2.220524684044785e+01, -2.259349059258117e+01, -2.139769630546315e-01,  7.384588168903470e-01, -1.306679570085190e+01
s686        , -2.092862014660340e+01, -2.074458776658462e+01, -4.754498553299885e-01,  4.404506756987823e-01, -1.165360740954877e+01
s687        , -2.266843571203506e+01, -2.279172366537898e+01, -9.668607740137458e-02,  2.073795163635657e+00, -1.192821850788936e+01
s688        , -1.791243182954496e+01, -1.824342858236119e+01, -2.297349043023822e-01,  5.991022883845507e-01, -7.188181400386313e+00
s689        , -2.022924986754604e+01, -2.007315600061130e+01, -4.330293047241627e-01,  3.049563460894675e-01, -1.067154368553422e+01
s690        , -1.926971843911773e+01, -1.917876743795892e+01, -4.790389919094245e-01,  1.725024354426519e+00, -8.534533493000341e+00
s691        , -1.839442212707931e+01, -1.885769180798817e+01, -2.572825222941058e-01,  8.397631312201207e-01, -7.959473173588689e+00
s692        , -1.811967055159425e+01, -1.800964479035218e+01, -4.453107857184496e-01,  2.722681209334356e-01, -7.875131957247500e+00
s693        , -1.897178714286070e+01, -1.887547147524782e+01, -5.048596379009456e-01,  6.615258509540953e-01, -8.998755590765743e+00
s694        , -2.117746495604092e+01, -2.084278290719421e+01, -1.561478705462365e-01,  1.940368833337503e+00, -9.534009627831974e+00
s695        , -2.262578130233349e+01, -2.233839228334934e+01, -3.959889389136509e-01,  9.435769370116991e-01, -1.320783069114257e+01
s696        , -2.110358706695218e+01, -2.105396222888853e+01, -1.009597211338801e-01,  2.084529207122506e+00, -9.523100018163483e+00
s697        , -2.080079623838923e+01, -2.047103108981086e+01, -4.502285636852182e-01,  4.538256370448207e-01, -1.117406829166096e+01
s698        , -2.284382050270110e+01, -2.278969594378659e+01, -3.484469725147730e-01,  9.432539491643325e-01, -1.366526179888110e+01
s699        , -1.710021253686445e+01, -1.737431799294492e+01, -4.806059907299403e-01,  5.122722299042045e-01, -6.939844239588400e+00
s700        , -1.768315556313765e+01, -1.768238178800127e+01, -4.997483183912962e-01,  8.563500711300024e-01, -7.179000634328258e+00
s701        , -1.903295584190279e+01, -1.957090206482388e+01, -2.167868974036513e-01,  1.112977650588551e+00, -8.601529623294830e+00
s702        , -1.837939645173277e+01, -1.830833426482084e+01, -4.611415288010022e-01,  4.558469654094096e-01, -8.209204255773194e+00
s703        , -2.091048572489854e+01, -2.035153713396012e+01, -1.738205981634609e-01,  1.972778875330748e+00, -8.890829264750003e+00
s704        , -2.101614044515869e+01, -2.087630602510707e+01, -4.261380107098854e-01,  4.232151122864418e-01, -1.167370856570643e+01
s705        , -1.998067347119072e+01, -1.964830353281783e+01, -4.058176401403690e-01,  9.882929730494076e-01, -9.475141564452654e+00
s706        , -2.205053681559340e+01, -2.190645145766084e+01, -1.556175615518844e-01,  1.085033650908806e+00, -1.164671323157645e+01
s707        , -2.095566328486310e+01, -2.111021459933588e+01, -4.606893825418565e-01,  1.131124065433781e+00, -1.159340222120590e+01
s708        , -2.098548818691052e+01, -2.090461289106083e+01, -5.742271092828672e-01,  9.232914213211429e-01, -1.186733882983461e+01
s709        , -2.115794840593145e+01, -2.170344262691450e+01, -3.431680832153869e-01,  6.214608064702811e-01, -1.237858227520259e+01
s710        , -2.144561556804213e+01, -2.179214670334693e+01, -1.605520226093057e-01,  1.762816452608353e+00, -1.100002651476412e+01
s711        , -2.158487030708884e+01, -2.182296725988301e+01, -8.793913217876248e-02,  1.718228917664495e+00, -1.081748866138720e+01
s712        , -1.701606937532507e+01, -1.711871412035298e+01, -4.856893204123294e-01,  4.610023945635189e-01, -6.641365648859635e+00
s713        , -2.069677260469373e+01, -2.028480294043547e+01, -4.507134500098201e-01,  2.453042800287616e-01, -1.107282001203595e+01
s714        , -1.667903695847065e+01, -1.641853435894353e+01, -4.505423346162861e-01,  3.326112714835315e-01, -5.639997816394264e+00
s715        , -1.903979308955687e+01, -1.895290641192741e+01, -4.657440348281677e-01,  2.692880089150900e-01, -9.259539324734103e+00
s716        , -1.775292931769286e+01, -1.739690940460101e+01, -4.530042032163331e-01,  3.142372465814156e-01, -7.020634001348519e+00
s717        , -1.980553907801730e+01, -2.051594130373834e+01, -2.882936922006147e-01,  6.819118358954410e-01, -1.048960750037225e+01
s718        , -2.205506805307129e+01, -2.206657070940786e+01, -3.801347288628424e-01,  1.077362207099863e+00, -1.267423889650590e+01
s719        , -2.211926724507942e+01, -2.222068001180570e+01, -1.395526068237157e-01,  1.057063460607720e+00, -1.204657493943304e+01
s720        , -2.227273745316376e+01, -2.278250634551381e+01, -7.659537241188619e-02,  1.435433821746610e+00, -1.232005517872270e+01
s721        , -1.785735939085095e+01, -1.808423365437977e+01, -4.647472117514221e-01,  6.667023049252530e-01, -7.753667158521099e+00
s722        , -2.185625504194673e+01, -2.186199973951145e+01, -7.159146982064979e-02,  1.620209430857331e+00, -1.088657350295470e+01
s723        , -2.033801839240394e+01, -2.022625636299002e+01, -5.521127527969288e-01,  1.487715097431226e+00, -1.042588029017335e+01
s724        , -2.101306363073858e+01, -2.096819697057842e+01, -2.002090231589117e-01,  1.312571362609484e+00, -1.033331057614634e+01
s725        , -1.977835943733275e+01, -2.032531450747097e+01, -1.447464168997852e-01,  1.118520175702438e+00, -9.388114113628390e+00
s726        , -1.782642809085736e+01, -1.787744774133611e+01, -4.100729490573145e-01,  1.063758868308809e+00, -6.975730917365100e+00
s727        , -2.098840179836340e+01, -2.075922229272781e+01, -5.610969079132976e-01,  8.017145026775767e-01, -1.170944078999645e+01
s728        , -2.135488943619893e+01, -2.082133707390604e+01, -2.972649433998936e-01,  9.910417224963406e-01, -1.071490890681295e+01
s729        , -1.830313789299144e+01, -1.875252688585199e+01, -3.004535739554414e-01,  8.453962917259523e-01, -7.963019568729139e+00
s730        , -1.974102380594271e+01, -1.956079291547834e+01, -4.132090754917639e-01,  5.760084424285227e-01, -9.687520576958160e+00
s731        , -1.858542568590836e+01, -1.816793010662631e+01, -3.757731675888726e-01,  1.123814486287739e+00, -7.212030837187947e+00
s732        , -1.728575125425960e+01, -1.786855211311745e+01, -4.662201391858486e-01,  2.046824919901576e-01, -7.804144459816922e+00
s733        , -2.189672381410002e+01, -2.223885597639599e+01, -1.511077377296606e-01,  1.213162053946562e+00, -1.199651585468736e+01
s734        , -1.907291800543370e+01, -1.935086783833747e+01, -3.110479928857576e-01,  7.401486840905003e-01, -8.909861997227729e+00
s735        , -2.104653345651221e+01, -2.034410616902988e+01, -4.051782367178023e-01,  8.852399475047759e-01, -1.051563681830563e+01
s736        , -1.839280423093862e+01, -1.892102767787499e+01, -2.141541843596568e-01,  1.070567888933979e+00, -7.721644838982652e+00
s737        , -2.165426899727042e+01, -2.165261800805590e+01, -1.542551996427572e-01,  1.715603423043061e+00, -1.081912948241146e+01
s738        , -1.806822955624155e+01, -1.850371514736066e+01, -3.593107599924459e-01,  7.147874093183002e-01, -7.924645766742081e+00
s739        , -1.955458939471557e+01, -2.000805357362446e+01, -2.157271328969816e-01,  1.006749424828852e+00, -9.283841392295018e+00
s740        , -1.834079412742093e+01, -1.831881207415610e+01, -4.039835529636512e-01,  5.046984216938486e-01, -7.983763918380458e+00
s741        , -2.108323768665554e+01, -2.070585393300174e+01, -4.359155009353031e-01,  4.475543515951015e-01, -1.145375302100798e+01
s742        , -1.784982580383593e+01, -1.778478692640386e+01, -4.877868061584065e-01,  4.438274360929096e-01, -7.586277219261503e+00
s743        , -2.007117762213282e+01, -2.031760117800573e+01, -4.295924421618410e-01,  4.160920622728510e-01, -1.091573905797303e+01
s744        , -2.048858578542649e+01, -2.056379005411949e+01, -3.827460929034650e-01,  5.655388257126999e-01, -1.097919179571247e+01
s745        , -2.120349313282904e+01, -2.107404575080936e+01, -2.538488516017816e-01,  1.252928297450660e+00, -1.071575485332368e+01
s746        , -1.892251493836264e+01, -1.865164920334366e+01, -4.586263451713556e-01,  8.974263081469723e-01, -8.347441148167261e+00
s747        , -2.116880416688591e+01, -2.093997049520899e+01, -3.349645848087091e-01,  1.223384485094400e+00, -1.084053308177088e+01
s748        , -2.167842994358758e+01, -2.127514767069006e+01, -4.177578711915475e-01,  6.894895364482765e-01, -1.199890731197939e+01
s749        , -2.059667445248301e+01, -2.068098928474686e+01, -2.440920769522399e-01,  1.504369371260476e+00, -9.947816699034249e+00
s750        , -2.032384862658092e+01, -2.052732428276517e+01, -5.626470650554712e-01,  1.262887811083539e+00, -1.104903822549633e+01
s751        , -2.236553637276776e+01, -2.171556128592147e+01, -1.739139083864568e-01,  5.571750140220146e-01, -1.184062697564049e+01
s752        , -1.716732359631470e+01, -1.731569432389249e+01, -4.631824855107557e-01,  4.355408064359202e-01, -6.853653770045149e+00
s753        , -2.206691124025960e+01, -2.195496863622117e+01, -2.857832576421483e-01,  1.016294505793760e+00, -1.222887226543093e+01
s754        , -1.859855862913608e+01, -1.888612032919609e+01, -4.548127360686807e-01,  5.935178727152767e-01, -8.886045672643069e+00
s755        , -2.251644582892857e+01, -2.230899250838765e+01, -9.953607785219754e-02,  1.814662934456859e+00, -1.146154477688930e+01
s756        , -2.026279534630465e+01, -2.056091827937555e+01, -4.125421890705370e-01,  5.865412417566236e-01, -1.106564570772656e+01
s757        , -1.901185247831666e+01, -1.931468421343227e+01, -4.181850146591737e-01,  4.689341311978526e-01, -9.443467186351040e+00
s758        , -1.866312886885699e+01, -1.875218712820916e+01, -4.550792233599539e-01,  3.167031000819716e-01, -8.907557150210119e+00
s759        , -2.105033567951521e+01, -2.101144953178453e+01, -6.143613569579484e-01,  1.213873259026844e+00, -1.194181414486424e+01
s760        , -1.976737462921502e+01, -1.967478335921097e+01, -3.633504399804368e-01,  8.934913660049802e-01, -9.431386364211665e+00
s761        , -2.282845273202710e+01, -2.229448520040496e+01, -3.124583771817089e-01,  5.382579855543426e-01, -1.315176101777648e+01
s762        , -1.737428124739802e+01, -1.703699093492605e+01, -4.234677764151109e-01,  4.290855460230639e-01, -6.330149627873245e+00
s763        , -2.048674857080450e+01, -2.074805395394965e+01, -3.741648039515143e-01,  8.007194975147778e-01, -1.102899506809569e+01
s764        , -1.996103637141938e+01, -1.989387756877001e+01, -6.206085089495172e-02,  1.207238866210907e+00, -8.428570573418561e+00
s765        , -1.985538741097363e+01, -1.983441191005431e+01, -4.232507270184052e-01,  3.811565102690597e-01, -1.024846026129226e+01
s766        , -1.902823974868692e+01, -1.898625880587909e+01, -3.869225952710317e-01,  4.466718244961346e-01, -8.892830312111322e+00
s767        , -2.019726225103009e+01, -2.017648980315196e+01, -4.514619186742550e-01,  1.654480981325912e+00, -9.873970587923777e+00
s768        , -2.180287541987858e+01, -2.132780698921131e+01, -2.278550484265270e-01,  1.640188976666896e+00, -1.068658336623186e+01
s769        , -2.332774774981945e+01, -2.344812679609592e+01, -3.558943739961529e-01,  7.378320044134119e-01, -1.475903683734543e+01
s770        , -2.255011500408412e+01, -2.241015573035154e+01, -4.441937203041837e-01,  2.792151919306279e-01, -1.397468529034841e+01
s771        , -1.837836194936116e+01, -1.826858636780991e+01, -4.130042519511368e-01,  1.353613951356019e+00, -7.312927987732466e+00
s772        , -2.036442085092615e+01, -2.021443172143861e+01, -4.908811060417111e-01,  5.213506872892474e-01, -1.091225991152687e+01
s773        , -2.207703951964118e+01, -2.216785322166308e+01, -1.188149426110363e-01,  1.446538522536511e+00, -1.160886909545507e+01
s774        , -2.410464814655394e+01, -2.395896049564872e+01, -2.206143468997808e-01,  1.603590203798876e+00, -1.434062077066273e+01
s775        , -2.145476048405246e+01, -2.115290831009194e+01, -1.870914572434387e-01,  1.449890865637441e+00, -1.044057905279238e+01
s776        , -1.783304251394927e+01, -1.757048602241335e+01, -4.636421924925392e-01,  4.245953364284304e-01, -7.217152900660541e+00
s777        , -1.926023008452307e+01, -1.941898039475148e+01, -5.721390650837447e-01,  1.268403850142095e+00, -9.540141718577889e+00
s778        , -1.976550707196644e+01, -1.943298301335291e+01, -4.874362756215341e-01,  4.613705601711403e-01, -9.859940268619260e+00
s779        , -2.301809423461469e+01, -2.317782511134945e+01, -1.109362075580608e-01,  1.558630265916750e+00, -1.289922435136840e+01
s780        , -1.989864127452180e+01, -2.008290024353609e+01, -4.224653336761706e-01,  3.794805896910357e-01, -1.059186074490143e+01
s781        , -1.803783397921168e+01, -1.777647098327149e+01, -4.219600592609686e-01,  1.005157985526764e+00, -6.921600470711647e+00
s782        , -2.003060740563550e+01, -1.990960809222262e+01, -3.863102577272619e-01,  5.050478264825632e-01, -1.012888247807575e+01
s783        , -2.170310297580588e+01, -2.140151627705304e+01, -5.425368771625494e-02,  2.240791613571316e+00, -9.722681781421645e+00
s784        , -1.828106793020000e+01, -1.880432133795918e+01, -4.741164422622948e-01,  9.450606616156385e-01, -8.579007579731575e+00
s785        , -1.904288077315707e+01, -1.888668154652157e+01, -4.990282465054698e-01,  8.146119680823596e-01, -8.879358514580534e+00
s786        , -2.022975758111321e+01, -1.989911969300464e+01, -4.200402658231394e-01,  9.180702683703059e-01, -9.926350129096882e+00
s787        , -1.858814151939532e+01, -1.953059853835547e+01, -4.480803086771732e-01,  1.598552217981609e-01, -1.008020915815075e+01
s788        , -1.926046054059691e+01, -1.926041546108962e+01, -4.979044326237256e-01,  5.281689133038258e-01, -9.607835809551254e+00
s789        , -2.212378523930028e+01, -2.236477264442397e+01, -2.220563636127567e-01,  1.869180367369341e+00, -1.193461845597345e+01
s790        , -2.174169856486492e+01, -2.138908885586544e+01, -2.636577087676874e-01,  1.088557378184898e+00, -1.131063286822113e+01
s791        , -1.907773631846257e+01, -1.907833523339416e+01, -4.829243784679518e-01,  5.192237987047785e-01, -9.308402168855304e+00
s792        , -2.217884458062024e+01, -2.192526281482618e+01, -7.424160374631905e-02,  1.364721563477661e+00, -1.117440934080575e+01
s793        , -2.046845693654859e+01, -2.002248515110884e+01, -2.337110136582807e-01,  1.487013814968213e+00, -9.009670738968032e+00
s794        , -1.973890233992908e+01, -1.924587800247133e+01, -2.766349042113506e-01,  1.156625219387184e+00, -8.330903350094861e+00
s795        , -2.098054198937622e+01, -2.064031937764322e+01, -4.412195792974614e-01,  3.262693708729058e-01, -1.147213834087746e+01
s796        , -1.872193723420701e+01, -1.848846519694230e+01, -4.837563317377747e-01,  3.079927411917857e-01, -8.650082388523167e+00
s797        , -1.738396768625594e+01, -1.788582284146987e+01, -6.107293801015758e-01,  1.154388843551129e+00, -7.634310840491617e+00
s798        , -1.812351947027918e+01, -1.846209825675539e+01, -4.222769747562119e-01,  4.076651348489581e-01, -8.320196734185050e+00
s799        , -2.115781411801412e+01, -2.017294873650470e+01, -4.802179681262753e-02,  2.486184668895548e+00, -7.811965471166877e+00
s800        , -2.197753832223543e+01, -2.206514420363968e+01, -2.756477169927272e-01,  1.328803437094736e+00, -1.211261057119883e+01
s801        , -2.000340332694237e+01, -2.032444267328389e+01, -3.034754341261802e-01,  7.846176253721877e-01, -1.020122413225749e+01
s802        , -2.346278750692302e+01, -2.290249981105031e+01, -2.384839877750207e-01,  7.423280548694640e-01, -1.358014277041469e+01
s803        , -2.201425716118592e+01, -2.181955128291581e+01, -2.433027571329796e-01,  1.069548351189125e+00, -1.184988685937812e+01
s804        , -1.618324989548500e+01, -1.615409088723323e+01, -4.670260325901532e-01,  1.313235127720734e-01, -5.481749965845627e+00
s805        , -2.141738653455062e+01, -2.139767508723664e+01, -5.474404026756274e-02,  2.102094589984930e+00, -9.822554878730582e+00
s806        , -2.157933013723432e+01, -2.153870751225023e+01, -2.551899499896166e-01,  7.277514899186125e-01, -1.175731464572471e+01
s807        , -1.912040169626662e+01, -1.937818594171587e+01, -3.720187803601243e-01,  7.166067520119997e-01, -9.182468480393364e+00
s808        , -2.304047586711122e+01, -2.316646983770720e+01, -7.340264909907179e-02,  2.045739394093519e+00, -1.238644784755803e+01
s809        , -2.047218776779852e+01, -2.031611201175945e+01, -4.306407268094403e-01,  4.119892165060231e-01, -1.092046533384100e+01
s810        , -2.119146876442327e+01, -2.155995252850451e+01, -2.809095673575788e-01,  7.600666409093235e-01, -1.185429173321979e+01
s811        , -2.180116494254657e+01, -2.169662210892024e+01, -2.257769750092661e-01,  1.016479259333342e+00, -1.165641378114240e+01
s812        , -2.372646511684069e+01, -2.322158671747851e+01, -1.909640097797827e-01,  1.048509057371942e+00, -1.362547864286421e+01
s813        , -2.269928091374550e+01, -2.272831371643795e+01, -1.489072616394497e-01,  1.601595554089706e+00, -1.237838979417202e+01
s814        , -1.832573741415099e+01, -1.876017978353448e+01, -5.081619383060575e-01,  1.085260123273004e+00, -8.534390610906513e+00
s815        , -2.057906464758977e+01, -2.042763305753496e+01, -2.623793576873172e-01,  1.366260420419285e+00, -9.764255331516704e+00
s816        , -1.808215553271357e+01, -1.826190157191137e+01, -3.998015882403427e-01,  1.071868109761171e+00, -7.466796754176699e+00
s817        , -2.152086258044021e+01, -2.143635781455225e+01, -3.055988023557967e-01,  1.199997735136635e+00, -1.144247988969144e+01
s818        , -2.057353864229959e+01, -2.055555462539351e+01, -4.584498278809748e-01,  4.126259691131290e-01, -1.135141150107474e+01
s819        , -2.244567325669163e+01, -2.252746220877609e+01, -2.407629226987684e-01,  1.580185790598812e+00, -1.244264887265288e+01
s820        , -2.103220827040201e+01, -2.134934590542954e+01, -4.209927240528925e-01,  5.051866360787777e-01, -1.225090592641035e+01
s821        , -2.251724700203312e+01, -2.265705552655285e+01, -2.887386921495824e-01,  9.074841614237317e-01, -1.329518739039353e+01
s822        , -1.967652212859418e+01, -2.020963011825748e+01, -4.834659550950806e-01,  1.354320252939608e+00, -1.025784588089500e+01
s823        , -1.898228811729100e+01, -1.924800242224962e+01, -2.539321696627933e-01,  7.838252366494441e-01, -8.531090808586466e+00
s824        , -2.375965705343503e+01, -2.377703605126969e+01, -3.143064135455778e-01,  1.314560045230353e+00, -1.463732152589117e+01
s825        , -2.074394606294202e+01, -2.014828673026717e+01, -4.027812796586765e-01,  7.760170478133985e-01, -1.031674119279807e+01
s826        , -2.229590893513048e+01, -2.230113465764209e+01, -2.359041694677452e-01,  1.186014632544202e+00, -1.240518901806282e+01
s827        , -2.030439908572953e+01, -1.937745298688384e+01, -3.949620466289883e-03,  2.209333927798159e+00, -6.757239567544630e+00
s828        , -2.126632247755481e+01, -2.099256694259152e+01, -3.917706470209897e-01,  6.291471965489617e-01, -1.155910202538017e+01
s829        , -1.836528680868646e+01, -1.787493063587177e+01, -3.719620550649866e-01,  1.145435304841846e+00, -6.775594507714797e+00
s830        , -2.038358031572328e+01, -2.084469210832419e+01, -2.573860911655906e-01,  1.131386146891171e+00, -1.050062928154242e+01
s831        , -2.014217587228185e+01, -1.996437223901788e+01, -1.989031362157753e-01,  1.317370439318772e+00, -8.931588194072315e+00
s832        , -1.638297894992474e+01, -1.691584562747973e+01, -4.833498553903692e-01,  4.493443927174716e-01, -6.360112162392893e+00
s833        , -2.087813803835245e+01, -2.045473423401001e+01, -4.263685605287792e-01,  4.223275578106572e-01, -1.108997294687199e+01
s834        , -2.163260872857058e+01, -2.172147764085304e+01, -1.746013773985090e-01,  6.972767313664346e-01, -1.174678111677431e+01
s835        , -1.845033213930005e+01, -1.811532388941656e+01, -4.386863217977058e-01,  3.884897311513361e-01, -7.911549526271079e+00
s836        , -2.085703068105029e+01, -2.080673623327078e+01, -4.193678393888708e-01,  5.365692308639278e-01, -1.146846873479332e+01
s837        , -1.604298594536770e+01, -1.626523738679328e+01, -5.040245941620974e-01,  3.275197842320920e-01, -5.621447296451866e+00
s838        , -1.819387371328009e+01, -1.820733957039204e+01, -3.913654329440599e-01,  1.282020648452160e+00, -7.204252263659076e+00
s839        , -2.199016371973259e+01, -2.156961586393859e+01, -5.608346795898556e-02,  1.269990854085364e+00, -1.068670650479024e+01
s840        , -1.816847175772266e+01, -1.844234521318918e+01, -3.403253929060935e-01,  6.499969893265106e-01, -7.820173799733280e+00
s841        , -2.076446728280485e+01, -2.076388297743143e+01, -4.305116467007721e-01,  1.062632983320914e+00, -1.105625464944926e+01
s842        , -1.719569444321167e+01, -1.728299353686672e+01, -4.631078246589967e-01,  3.611527394188221e-01, -6.863482002625663e+00
s843        , -1.999816334280537e+01, -1.963223932410399e+01, -4.337785181414083e-01,  5.096605343870628e-01, -9.909442454602587e+00
s844        , -1.581596700213373e+01, -1.579182193772080e+01, -4.598674971821836e-01,  1.583675908135182e-01, -4.933189019942395e+00
s845        , -2.003183538643507e+01, -2.013307014452348e+01, -4.523239402201919e-01,  9.859904647164545e-01, -1.031541740434038e+01
s846        , -2.166933569232110e+01, -2.136230357880870e+01, -1.312077673657397e-01,  1.595755833058410e+00, -1.042344444255238e+01
s847        , -2.001719781047365e+01, -1.972183996673546e+01, -4.239083264990685e-01,  3.569150600781159e-01, -1.011261419281925e+01
s848        , -1.670780899311153e+01, -1.695286169988929e+01, -4.921030969690015e-01,  5.417291899058250e-01, -6.373755225007719e+00
s849        , -2.103364362191806e+01, -2.114494606577289e+01, -3.128925552590387e-01,  7.852922136723335e-01, -1.137326491660100e+01
s850        , -1.674889176362534e+01, -1.643327343561951e+01, -4.407267915650268e-01,  3.949242404459782e-01, -5.579022681795180e+00
s851        , -1.887785873496733e+01, -1.932866990223650e+01, -4.355913886730101e-01,  2.120656575383562e-01, -9.716475322778480e+00
s852        , -1.916613881673827e+01, -1.937856715382914e+01, -4.490692821176090e-01,  5.178622098616118e-01, -9.605633159593175e+00
s853        , -2.151831650372089e+01, -2.141952397573627e+01, -8.886941643189117e-02,  1.244859089079495e+00, -1.061385233320131e+01
s854        , -2.092228526657664e+01, -2.035150996405805e+01, -4.585822674170507e-01,  5.994844823877162e-01, -1.092924726247544e+01
s855        , -1.984690981488844e+01, -1.948342716253328e+01, -4.579871881637054e-01,  2.333682516422641e-01, -9.995170019569109e+00
s856        , -1.857995804240183e+01, -1.849545298385961e+01, -4.455272140626694e-01,  8.320561007744028e-01, -8.132726937029300e+00
s857        , -2.294003947989728e+01, -2.290246995773882e+01, -3.777986147453524e-01,  8.040211701243372e-01, -1.403019573871913e+01
s858        , -2.107902559750898e+01, -2.104577913896437e+01, -3.250452558795534e-01,  8.614278716636594e-01, -1.122208773430278e+01
s859        , -1.829183386036745e+01, -1.834368134172126e+01, -5.092523600090983e-01,  6.350497927390441e-01, -8.295926088323071e+00
s860        , -2.148418071954308e+01, -2.141803839832124e+01, -3.790445829608891e-02,  1.146959142791814e+00, -1.050332582555639e+01
s861        , -2.060440939951398e+01, -2.004601722722812e+01, -4.199951210054474e-01,  5.959904936910853e-01, -1.037036105432906e+01
s862        , -1.983634035476443e+01, -1.939883497200198e+01, -3.876355568554064e-01,  7.132860188794102e-01, -9.269223093894578e+00
s863        , -2.017821382918477e+01, -2.046481142315793e+01, -3.447073529113180e-01,  4.875428870103597e-01, -1.076451156410102e+01
s864        , -2.145828954671971e+01, -2.115269544487935e+01, -3.277738857548192e-01,  1.273161592909573e+00, -1.107309681452048e+01
s865        , -2.179521899962700e+01, -2.192228205839529e+01, -1.689030945223936e-01,  1.151773381346186e+00, -1.166621653039132e+01
s866        , -2.240641608733365e+01, -2.232277959508975e+01, -1.065815000275875e-01,  1.543406263713461e+00, -1.170811349556712e+01
s867        , -1.970162478711471e+01, -1.936470945541388e+01, -4.717949712478932e-01,  5.713305238419576e-01, -9.627440664163583e+00
s868        , -1.579821539399930e+01, -1.555504796795185e+01, -4.449285129403803e-01,  3.385853439239938e-01, -4.416873232237199e+00
s869        , -1.927595790821999e+01, -1.951497777444419e+01, -4.674209471168944e-01,  1.042987643074198e+00, -9.468637936769703e+00
s870        , -1.834436146157947e+01, -1.843438495148126e+01, -4.179580790202569e-01,  2.766346970700478e-01, -8.364085963827705e+00
s871        , -1.954632707936713e+01, -1.975927923790168e+01, -5.188901525379287e-01,  1.683468636910427e+00, -9.513301925660006e+00
s872        , -2.222687656829416e+01, -2.246156697813254e+01, -2.037213189912002e-02,  1.321198534478559e+00, -1.175952827852915e+01
s873        , -2.174135075548704e+01, -2.106237778006205e+01, -4.356696184401172e-01,  5.012556256979590e-01, -1.190773992224600e+01
s874        , -2.306987923711809e+01, -2.351063368874570e+01, -1.665670587720939e-01,  1.262399201725420e+00, -1.378030016843162e+01
s875        , -2.178123430913379e+01, -2.159988292343719e+01, -2.682441914033940e-01,  8.741216690940503e-01, -1.177954191556773e+01
s876        , -2.287277527114560e+01, -2.284551792157754e+01, -1.507341301197581e-01,  1.787034745411558e+00, -1.240927044930010e+01
s877        , -2.189016288213647e+01, -2.137658577956774e+01, -2.392870141235639e-01,  1.219754705166697e+00, -1.110862491283967e+01
s878        , -1.876974537203656e+01, -1.889094023119942e+01, -3.868480365105427e-01,  7.703308000719049e-01, -8.518816148684589e+00
s879        , -1.761744622782913e+01, -1.768603687877324e+01, -4.226457292913069e-01,  5.212483161676102e-01, -7.159469043242932e+00
s880        , -1.792977215528789e+01, -1.814361365707212e+01, -5.227672991273994e-01,  3.328785181705328e-01, -8.291724241791796e+00
s881        , -2.116921283478955e+01, -2.038729112515445e+01, -3.380796680348852e-03,  2.640697208987283e+00, -7.835284189021250e+00
s882        , -1.809005639564229e+01, -1.828802876611361e+01, -5.198331641639374e-01,  7.304990460045422e-01, -8.185150378558003e+00
s883        , -1.958200153707774e+01, -1.979046322735431e+01, -4.515782871191930e-01,  1.719532933475901e-01, -1.044438110112833e+01
s884        , -1.866641101726497e+01, -1.864759606955837e+01, -5.264654716552004e-01,  3.810891764809923e-01, -8.968551412299114e+00
s885        , -1.949202935470739e+01, -1.973029050365158e+01, -4.066151673047533e-01,  3.294214763169956e-01, -1.008327085169262e+01
s886        , -1.753621319174707e+01, -1.731129883982604e+01, -4.195660540645172e-01,  5.035681387958928e-01, -6.641485414009582e+00
s887        , -2.072504645987743e+01, -2.037351382243448e+01, -4.111829977692303e-01,  7.072765794352220e-01, -1.071059295638504e+01
s888        , -2.163711888094086e+01, -2.197079585737088e+01, -2.030461383689600e-01,  1.200216180553980e+00, -1.181901414846356e+01
s889        , -1.784767272504274e+01, -1.786946874058381e+01, -4.177299425411504e-01,  5.531860214317441e-01, -7.372776872671464e+00
s890        , -2.036577167825686e+01, -2.058846508900542e+01, -2.991838497563984e-01,  8.332223655421377e-01, -1.051619667678270e+01
s891        , -1.925489904031788e+01, -1.953320921964467e+01, -2.906289497766420e-01,  8.088281106436842e-01, -9.039040375705103e+00
s892        , -1.797999052112338e+01, -1.894930104575052e+01, -2.474226041674881e-01,  6.479159440865837e-01, -8.194637189644087e+00
s893        , -2.224398236502422e+01, -2.280407830707692e+01, -5.174877981615940e-01,  1.451290995729629e+00, -1.390823533506240e+01
s894        , -2.015695897880840e+01, -1.975352470165638e+01, -4.622829311361582e-01,  4.403349340436029e-01, -1.023102833533206e+01
s895        , -1.853378696029952e+01, -1.887923297955614e+01, -3.058496279463311e-01,  9.691895139720618e-01, -8.065784794145236e+00
s896        , -2.478440805107692e+01, -2.446036088601645e+01, -1.627904778547660e-01,  1.783216747891440e+00, -1.469674946557513e+01
s897        , -2.202247365131235e+01, -2.218586895687675e+01, -2.522896528447895e-01,  6.962071154261945e-01, -1.266889484932202e+01
s898        , -2.008627742560493e+01, -1.982951725818949e+01, -4.133516598848764e-01,  1.399521092567037e+00, -9.446778669875018e+00
s899        , -1.802005794967191e+01, -1.767678745976137e+01, -4.252752811999365e-01,  5.172946873778383e-01, -7.158942417237213e+00
s900        , -1.770516073583232e+01, -1.783540852041706e+01, -4.614232474073918e-01,  7.824927916734858e-01, -7.310043070910692e+00
s901        , -2.425916197575684e+01, -2.382863343127989e+01, -2.582568415678049e-01,  1.047942874399738e+00, -1.470822937685821e+01
s902        , -1.641892815066793e+01, -1.632892463632050e+01, -5.035785398245726e-01,  2.883337599086667e-01, -5.737498679665079e+00
s903        , -2.332207101034287e+01, -2.308823684602926e+01, -2.240075931672177e-01,  1.005523160746094e+00, -1.359010096316958e+01
s904        , -2.132463334662818e+01, -2.047804039491827e+01,  2.037466413708544e-02,  1.998696256843866e+00, -8.355557105365662e+00
s905        , -2.166343218809494e+01, -2.196929280046887e+01, -2.730270306250628e-01,  8.600652722763860e-01, -1.231986769234578e+01
s906        , -1.790842270146736e+01, -1.764713129245235e+01, -4.202300006773010e-01,  4.404404352611878e-01, -7.157135873664856e+00
s907        , -1.911599503394165e+01, -1.961643891154651e+01, -3.696029737928209e-01,  5.923386797598299e-01, -9.597300304668414e+00
s908        , -2.062377494321661e+01, -2.016810861504007e+01, -3.772154629816344e-01,  7.753814857056774e-01, -1.025368920656346e+01
s909        , -2.034650826700463e+01, -2.090063961656455e+01, -3.520577310663120e-02,  1.419922645016877e+00, -9.571858022294272e+00
s910        , -1.701866755175476e+01, -1.668760380711337e+01, -4.414066663616057e-01,  4.469684260170944e-01, -5.895679161540292e+00
s911        , -1.800428066961873e+01, -1.808529627114230e+01, -4.706896061489769e-01,  3.812842733930052e-01, -7.989207469590434e+00
s912        , -2.018815932170212e+01, -2.022845274589390e+01, -5.851798931165175e-01,  1.322222450653936e+00, -1.067013173080146e+01
s913        , -1.735412329082851e+01, -1.752274604392510e+01, -4.600950264049700e-01,  7.484315866683817e-01, -6.896687980292807e+00
s914        , -2.004618788210774e+01, -2.073279236404660e+01, -2.422389237503634e-01,  8.010438648892505e-01, -1.053776575557459e+01
s915        , -1.937730144245923e+01, -1.930930761948240e+01, -4.609938024766886e-01,  1.135781222295321e+00, -9.091024339239427e+00
s916        , -2.191302790761547e+01, -2.240192193692765e+01, -1.382629130438315e-01,  1.247282897998595e+00, -1.215168749761193e+01
s917        , -1.792924589211810e+01, -1.743811200294329e+01, -4.060045400257189e-01,  5.721101830191705e-01, -6.718103314777580e+00
s918        , -2.621730238337609e+01, -2.639632284725621e+01, -1.723168320635238e-01,  2.015900560211270e+00, -1.724457543293561e+01
s919        , -1.919355775511356e+01, -1.867129479278991e+01, -4.146785355475186e-01,  3.417502307684609e-01, -8.632709276841265e+00
s920        , -1.675861595936722e+01, -1.645056633852435e+01, -4.341066711076220e-01,  3.974519466446851e-01, -5.577567960621881e+00
s921        , -2.192756432754418e+01, -2.129445254140541e+01, -3.350969090850982e-01,  1.143574028754996e+00, -1.139262369896228e+01
s922        , -2.290193110331377e+01, -2.258583117883877e+01, -3.837084309604493e-01,  1.326814871864207e+00, -1.322171778783336e+01
s923        , -1.925371616601646e+01, -1.920128225372503e+01, -4.376625011056812e-01,  8.948479820204789e-01, -9.037701155526962e+00
s924        , -1.798705044323696e+01, -1.885669304501651e+01, -5.175884227612004e-02,  1.500226767327647e+00, -6.733532029306232e+00
s925        , -2.338449219749342e+01, -2.362033368596573e+01, -2.064099883452272e-01,  1.080388114993688e+00, -1.421023725475766e+01
s926        , -1.762302148317026e+01, -1.771331696197069e+01, -4.651203266200883e-01,  5.389476889300280e-01, -7.335392537356425e+00
s927        , -1.720744831710588e+01, -1.709390689761978e+01, -4.612548329840500e-01,  1.948585278441777e-01, -6.718441425268271e+00
s928        , -1.827654667645005e+01, -1.854622883502395e+01, -5.241587799446252e-01,  1.225455441820998e+00, -8.189777166152776e+00
s929        , -2.066098735264480e+01, -2.094148163952161e+01, -2.821571087876171e-01,  7.809907968945944e-01, -1.098457564177554e+01
s930        , -1.982419875205301e+01, -2.056284988650783e+01, -1.361481951022376e-01,  9.911562706965359e-01, -9.782242875935536e+00
s931        , -2.184683786579889e+01, -2.195876238629361e+01, -3.219690895837825e-01,  6.987899693322857e-01, -1.259983834207964e+01
s932        , -2.007807490293144e+01, -1.998633188558943e+01, -4.751742406735339e-01,  3.558370890772764e-01, -1.066314454602960e+01
s933        , -2.186904116931162e+01, -2.226880143544644e+01, -5.513590071664356e-01,  1.482094533484205e+00, -1.326281455074621e+01
s934        , -1.595875499840616e+01, -1.606281724148954e+01, -4.652886816759911e-01,  1.373702930986215e-01, -5.344348067413147e+00
s935        , -1.706347068237267e+01, -1.738506652326934e+01, -2.370778175884580e-01,  1.145446524523955e+00, -5.615228735834371e+00
s936        , -1.818003510858343e+01, -1.740256696586703e+01, -4.102702061829297e-01,  5.367648759091626e-01, -6.710316133927261e+00
s937        , -2.175658784400171e+01, -2.200079249606878e+01, -1.572248684852138e-01,  1.794409289314243e+00, -1.125425042064875e+01
s938        , -2.010166135357230e+01, -1.986635136822266e+01, -4.415027047170994e-01,  5.312983932111744e-01, -1.024579890143507e+01
s939        , -1.813809060682595e+01, -1.794710298676915e+01, -4.413493862788501e-01,  9.801881814808157e-01, -7.246142129680666e+00
s940        , -2.094308051046411e+01, -2.065271928116218e+01, -3.365304232523938e-01,  8.140708726557557e-01, -1.075267398332527e+01
s941        , -1.827480816862776e+01, -1.836156578336571e+01, -4.170230959797398e-01,  4.030931016841133e-01, -8.165340138284975e+00
s942        , -1.770857434290158e+01, -1.768784539405325e+01, -4.936305220987671e-01,  5.141217671254552e-01, -7.420079614077361e+00
s943        , -1.938132201948424e+01, -1.926278956233921e+01, -4.634516541873706e-01,  4.209213393746421e-01, -9.568441529678395e+00
s944        , -1.770272330222015e+01, -1.788946481721112e+01, -4.569588753742859e-01,  3.017612809325617e-01, -7.727780198220752e+00
s945        , -1.924477319915050e+01, -1.919813791256728e+01, -3.421871230126303e-01,  7.054568728778656e-01, -8.834612447359655e+00
s946        , -2.185513295241253e+01, -2.181599161942516e+01, -4.042055529737103e-01,  1.274492388949200e+00, -1.226506137644024e+01
s947        , -2.017292248813791e+01, -2.016369790511808e+01, -4.534582367598481e-01,  1.724686564900844e+00, -9.810953278601051e+00
s948        , -1.792501053388721e+01, -1.802129318979770e+01, -4.817717106138186e-01,  4.943480686991627e-01, -7.855485582946633e+00
s949        , -2.005207290213696e+01, -2.043004182045060e+01, -1.221075268936014e-01,  9.313114654206105e-01, -9.592521187392695e+00
s950        , -2.257823345395823e+01, -2.263944176404910e+01, -5.177080733432904e-02,  1.382414149944190e+00, -1.207260190234821e+01
s951        , -1.571913272603913e+01, -1.589621327712177e+01, -5.105626771994389e-01,  3.836959032371369e-01, -5.090553351926549e+00
s952        , -2.233989362366768e+01, -2.283552372418074e+01, -2.357632355347098e-01,  1.084762823999124e+00, -1.322204424543133e+01
s953        , -2.342860552534396e+01, -2.281057743344250e+01, -4.260848571420793e-01,  1.100574446834471e+00, -1.385337442237522e+01
s954        , -2.204077204416149e+01, -2.200746662232136e+01, -3.854517021550710e-01,  1.077925261150204e+00, -1.261070590235594e+01
s955        , -1.756302978982562e+01, -1.783801105687921e+01, -5.221111734128233e-01,  1.006455692337175e+00, -7.362709637667780e+00
s956        , -2.291971088639473e+01, -2.276677781988724e+01, -2.095832706931356e-01,  1.046762196138949e+00, -1.306172890507840e+01
s957        , -1.872997367448807e+01, -1.849119159227640e+01, -3.987946774351717e-01,  6.962277464228339e-01, -8.061711360365674e+00
s958        , -2.138547156076431e+01, -2.128282688004755e+01, -3.562832841890540e-01,  5.826220994084470e-01, -1.187036652467728e+01
s959        , -1.926386090665138e+01, -1.881998822560606e+01, -4.262122041917891e-01,  5.530717064314153e-01, -8.722563096335598e+00
s960        , -1.680470785163838e+01, -1.723957279306120e+01, -4.797319786128977e-01,  2.606468396268586e-01, -6.937377399607488e+00
s961        , -2.001579976967623e+01, -2.041982966529896e+01, -2.059005462093338e-01,  1.253008877207102e+00, -9.636774466493565e+00
s962        , -1.871905926332032e+01, -1.850205002577131e+01, -2.413220168449970e-01,  6.479114555568269e-01, -7.552049573651367e+00
s963        , -1.918665598310528e+01, -1.971230170115712e+01, -4.381720265976223e-01,  2.538512955524740e-01, -1.022704685013526e+01
s964        , -1.746488927974545e+01, -1.744483448350950e+01, -4.857815990397868e-01,  5.006954871762241e-01, -7.064800398458470e+00
s965        , -1.971186761143078e+01, -1.974257696591732e+01, -1.647128240194054e-01,  7.860998118932205e-01, -8.898234805949716e+00
s966        , -1.765956881606673e+01, -1.728707189279748e+01, -4.577801151117811e-01,  3.360825003319808e-01, -6.868871797306995e+00
s967        , -2.223688117086612e+01, -2.199287966617507e+01, -3.111320857734179e-02,  1.929172728237206e+00, -1.069364454641443e+01
s968        , -1.998239594820018e+01, -1.998960457356423e+01, -5.280507445691174e-01,  9.534518428975541e-01, -1.041020357288231e+01
s969        , -2.101894011109180e+01, -2.099720587664658e+01, -5.081668586456358e-01,  1.346740067826598e+00, -1.144476173234899e+01
s970        , -1.986554229461376e+01, -1.968922206551987e+01, -4.772637318201257e-01,  2.778605557659459e-01, -1.031630825271646e+01
s971        , -1.914500631305469e+01, -1.855879870297742e+01, -3.758554624701446e-01,  8.699215331099505e-01, -7.944308968285175e+00
s972        , -1.930540895911451e+01, -1.972686121764117e+01, -5.956300216634869e-01,  1.656388204157628e+00, -9.761778552978377e+00
s973        , -2.013055280326089e+01, -2.039656727985076e+01, -3.690712591999678e-01,  5.580020519524156e-01, -1.070398050554739e+01
s974        , -1.991254970003848e+01, -1.997192691788342e+01, -3.256237654921991e-01,  8.501134936345232e-01, -9.741884541262817e+00
s975        , -2.002907222040815e+01, -2.069700269595390e+01, -2.724609237769639e-01,  7.588685835966383e-01, -1.062716685459659e+01
s976        , -2.147573630129902e+01, -2.128888906332712e+01, -2.682564928497418e-01,  1.008874615561154e+00, -1.124735226514421e+01
s977        , -1.918950409415471e+01, -1.943045841205288e+01, -2.932745749379523e-01,  7.997537738352201e-01, -8.912593696324587e+00
s978        , -1.698999961978807e+01, -1.733024743269223e+01, -4.928032128758013e-01,  3.518378610074077e-01, -7.041775651940362e+00
s979        , -2.115978794608996e+01, -2.112633968531307e+01, -2.297373869825765e-01,  1.473962693062197e+00, -1.053760738470097e+01
s980        , -1.730989298326385e+01, -1.705142535405854e+01, -4.531668513259154e-01,  5.059185070858718e-01, -6.398636154583707e+00
s981        , -2.142850865946883e+01, -2.134265207674881e+01, -3.245833276379408e-01,  9.847459641227215e-01, -1.154056918382396e+01
s982        , -2.110948756566415e+01, -2.150271686490664e+01, -1.940425222739224e-01,  8.032996804162458e-01, -1.143324668518506e+01
s983        , -1.831465175322002e+01, -1.842852254556086e+01, -4.249888755040919e-01,  4.781613471622722e-01, -8.230659165954648e+00
s984        , -2.150201864035685e+01, -2.136669517511167e+01, -4.750852504901230e-01,  6.962429997538622e-01, -1.232510295289154e+01
s985        , -1.659952594735737e+01, -1.703124903111546e+01, -2.509233001440100e-01,  1.193459778822453e+00, -5.137555727396570e+00
s986        , -2.105203087443673e+01, -2.064762265162079e+01, -4.254454207011710e-01,  4.632490332809702e-01, -1.132392510348911e+01
s987        , -2.066592788190784e+01, -2.095788960007836e+01, -3.014240381294648e-01,  9.980916525415020e-01, -1.091402092760620e+01
s988        , -2.133344594608628e+01, -2.138467164308956e+01, -1.954655561456523e-01,  7.832642667216020e-01, -1.128939105939005e+01
s989        , -2.008246059204520e+01, -2.011711302368781e+01, -3.064039319690232e-01,  9.999035177467892e-01, -9.763251757354499e+00
s990        , -2.181814335912880e+01, -2.234694757363323e+01, -1.320280374675891e-01,  1.505984921053616e+00, -1.186019472105887e+01
s991        , -1.674874949890157e+01, -1.676642312659442e+01, -4.445879806953801e-01,  3.529707633357917e-01, -6.086540055006454e+00
s992        , -1.990187356431624e+01, -1.999279240051315e+01, -3.949519753326131e-01,  7.426401456737015e-01, -1.009790274726118e+01
s993        , -2.167451347953028e+01, -2.143865523114248e+01, -2.371089173557139e-01,  1.045422002376735e+00, -1.131707336091183e+01
s994        , -2.085856003252748e+01, -2.058836526784544e+01, -1.585113012655626e-03,  1.382194350022693e+00, -9.046780479852893e+00
s995        , -1.532250426373563e+01, -1.520225938665138e+01, -4.715083386103250e-01,  1.338913522867658e-01, -4.174480395524159e+00
s996        , -2.197589637081217e+01, -2.248971444624981e+01, -1.010386371378353e-01,  2.023473617077361e+00, -1.156201110610792e+01
s997        , -1.843774602570321e+01, -1.849936366174268e+01, -3.806194927664855e-01,  9.880627330144417e-01, -7.790641629805712e+00
s998        , -2.004154224207673e+01, -1.977450546413889e+01, -3.408252242949684e-01,  7.844250258210662e-01, -9.570960852496878e+00
s999        , -1.918982967461324e+01, -1.961312881381069e+01, -2.906621339582038e-01,  8.381740310741891e-01, -9.128211356353663e+00
s1000       , -2.386287011937712e+01, -2.401129259897758e+01, -1.925313318250701e-01,  1.492447383931013e+00, -1.439616630912903e+01
s1001       , -2.142986106465667e+01, -2.143523293052906e+01, -2.886434278331006e-01,  9.446381924435734e-01, -1.157102054093084e+01
s1002       , -1.703565403983971e+01, -1.748171144505937e+01, -4.991119452171039e-01,  3.423733941440910e-01, -7.281561310689771e+00
s1003       , -2.272857267296788e+01, -2.282981933971501e+01, -1.459753375896243e-01,  1.319703699568129e+00, -1.271913069960790e+01
s1004       , -1.957549960274314e+01, -1.900399852581718e+01, -3.886454920683589e-01,  7.336507042729163e-01, -8.709523668525556e+00
s1005       , -2.033955634118916e+01, -1.995376637062023e+01, -4.209675087896627e-01,  5.243558699351367e-01, -1.029919766019409e+01
s1006       , -2.103463075725037e+01, -2.150777253832592e+01, -4.230873691433367e-01,  4.537407581565215e-01, -1.251666564929996e+01
s1007       , -1.845815321471510e+01, -1.910452787833000e+01, -4.544601204510981e-01,  1.956221164458181e-01, -9.484784542088525e+00
s1008       , -2.105860584214290e+01, -2.092263259167834e+01, -1.017637634768359e-01,  1.294695929534663e+00, -9.932819245817814e+00
s1009       , -2.225664818829298e+01, -2.207012618512535e+01, -1.105563161742058e-01,  1.257886674946062e+00, -1.158451860316465e+01
s1010       , -2.029000137617794e+01, -2.034015056168833e+01, -3.651134388127506e-01,  6.574601431330455e-01, -1.053738016676086e+01
s1011       , -2.150175758271834e+01, -2.101283991320325e+01, -2.323529707735092e-01,  1.919648149999610e+00, -1.005691025869463e+01
s1012       , -1.789395613621291e+01, -1.794043736998555e+01, -3.885341043891830e-01,  7.705961293088521e-01, -7.205150810666972e+00
s1013       , -1.907481979836395e+01, -1.962473446046986e+01, -2.439287435586824e-01,  9.719312325283551e-01, -8.878125376148564e+00
s1014       , -1.701362802016618e+01, -1.711105916997900e+01, -4.058449205333576e-01,  7.863940293017347e-01, -6.103683644423056e+00
s1015       , -1.771043360260808e+01, -1.794443031306649e+01, -3.091353488343381e-01,  1.145663259234088e+00, -6.648170429671083e+00
s1016       , -2.325177194237830e+01, -2.274410529442888e+01, -2.462204364756551e-01,  1.057420203828499e+00, -1.315277377323991e+01
s1017       , -2.061131053204120e+01, -2.087492953862238e+01, -3.359790959197144e-01,  6.513110780967878e-01, -1.118058757267228e+01
s1018       , -1.637685178145171e+01, -1.604930941338307e+01, -4.810554431387467e-01,  1.167296982150157e-01, -5.397140348371855e+00
s1019       , -2.229355013298489e+01, -2.220405155951858e+01, -2.215834046889734e-01,  1.309929964074578e+00, -1.212698926406009e+01
s1020       , -1.626620443538163e+01, -1.658907974857200e+01, -5.066735314349713e-01,  3.060505543545403e-01, -6.096447495475005e+00
s1021       , -2.225684084822025e+01, -2.231830212859311e+01, -1.359753891866724e-01,  1.723606925231153e+00, -1.167215432830674e+01
s1022       , -1.619907626993357e+01, -1.628619636633623e+01, -4.472573646436880e-01,  2.103555998455446e-01, -5.535785355834197e+00
s1023       , -2.164326276096592e+01, -2.144324875855769e+01, -4.169740529324683e-01,  5.297779592093875e-01, -1.234860578486099e+01
s1024       , -1.814482992541786e+01, -1.805676174642510e+01, -4.716516982415674e-01,  5.382658016755010e-01, -7.835924187029503e+00
s1025       , -1.966276460675046e+01, -1.980857623793363e+01, -3.521400190250440e-01,  6.421474659720380e-01, -9.764680476268749e+00
s1026       , -1.787958226759213e+01, -1.775552103011256e+01, -5.089943223719865e-01,  5.201690895272622e-01, -7.564226901810764e+00
s1027       , -2.228548280106830e+01, -2.249764104882557e+01, -2.658478372315498e-01,  1.185246994728998e+00, -1.278518085704937e+01
s1028       , -1.939576101741603e+01, -1.928463348150867e+01, -4.206782253052432e-01,  3.578713874332259e-01, -9.493475612166279e+00
s1029       , -2.072177297910414e+01, -2.020297859021808e+01, -3.815928388108332e-01,  1.101127423281434e+00, -1.007469759342520e+01
s1030       , -2.116639743005703e+01, -2.064062276466726e+01, -4.469142699232316e-01,  3.015693089154861e-01, -1.151126354842627e+01
s1031       , -1.871817432191781e+01, -1.891528147677728e+01, -4.684424692196560e-01,  5.932591937141610e-01, -8.975256499078039e+00
s1032       , -1.793076662035363e+01, -1.880318937945033e+01, -2.763255354974765e-01,  6.536351489581467e-01, -8.090467609233446e+00
s1033       , -2.190726556241366e+01, -2.181713176537977e+01, -2.159966120014201e-02,  1.101407406883288e+00, -1.103325601694463e+01
s1034       , -1.655942363042545e+01, -1.686705108329446e+01, -4.918376810592510e-01,  2.534457877959604e-01, -6.468730352434473e+00
s1035       , -1.920990065585595e+01, -1.972479200805167e+01, -2.109635789213325e-01,  9.364037968731822e-01, -8.926132445241306e+00
s1036       , -1.624542641970273e+01, -1.603859657353634e+01, -4.412131598671085e-01,  2.881161792452769e-01, -5.112543109640149e+00
s1037       , -1.865413258865576e+01, -1.883051281219941e+01, -5.000745213447295e-01,  3.151827556901282e-01, -9.177654427376481e+00
s1038       , -2.303917859954092e+01, -2.311352862554957e+01, -2.471027019539333e-01,  1.762373973005270e+00, -1.314289194405257e+01
s1039       , -2.268866240524940e+01, -2.341847728746686e+01, -1.170327665100575e-01,  1.431806557481631e+00, -1.334960645430760e+01
s1040       , -2.002650999928207e+01, -2.043192756812770e+01, -2.233376813709040e-01,  9.024200915068529e-01, -9.977180958211143e+00
s1041       , -2.439240447433291e+01, -2.412555563724425e+01, -2.705817994188539e-01,  9.706955606833874e-01, -1.522192368330652e+01
