# c0 + a0 * (Ge * S) + a1 * (Na-Na / RBI) + a2 * (face-area-count * cub_root_V)
# Property Label: $E$; Unit of the Property: Unitless
# RMSE: 0.0308014765384764; Max AE: 0.111065120105589
# Coefficients
# Task   a0                      a1                      a2                      c0
# all ,  3.931945924096432e-01, -2.430895784423559e-02, -1.090962335574889e-04,  4.542631670675281e-01, 
# Feature Rung, Units, and Expressions
# 0;  1; Unitless;                                         18|10|mult; (Ge * S); $\left(Ge S\right)$; (Ge .* S); (newdata$Ge * newdata$S); Ge,S
# 1;  1; Unitless;                                         22|6|div; (Na-Na / RBI); $\left(\frac{ Na-Na }{ RBI } \right)$; (Na_sub_Na ./ RBI); (newdata$Na_sub_Na / newdata$RBI); Na-Na,RBI
# 2;  1; Unitless;                                         34|21|mult; (face-area-count * cub_root_V); $\left(face-area-count cub_{root, V}\right)$; (face_sub_area_sub_count .* cub_root_V); (newdata$face_sub_area_sub_count * newdata$cub_root_V); face-area-count,cub_root_V
# Number of Samples Per Task
# Task, n_samples               
# all , 1041                  

# Sample ID , Property Value        ,  Property Value (EST) ,  Feature 0 Value      ,  Feature 1 Value      ,  Feature 2 Value      
s1          ,  3.651132093274850e-01,  3.541149246794034e-01,  0.000000000000000e+00,  1.314769765933942e+00,  6.250221235843956e+02
s2          ,  4.250240521814745e-01,  3.472463342719169e-01,  0.000000000000000e+00,  8.692625822982843e-01,  7.872495917257556e+02
s3          ,  2.746380789449931e-01,  2.956234576655873e-01,  0.000000000000000e+00,  1.059300021965628e+00,  1.218091821231882e+03
s4          ,  3.247370215691567e-01,  2.979734684809614e-01,  0.000000000000000e+00,  8.851163862301976e-01,  1.235362920163830e+03
s5          ,  3.450588503436838e-01,  3.285202137366144e-01,  0.000000000000000e+00,  7.388483774506871e-01,  9.879563735203247e+02
s6          ,  3.418868902527870e-01,  3.560917538901641e-01,  0.000000000000000e+00,  1.384047403378930e+00,  5.914655445937012e+02
s7          ,  3.253614410179195e-01,  3.412136588034196e-01,  0.000000000000000e+00,  1.794357118189776e+00,  6.364157080083094e+02
s8          ,  3.920908336338758e-01,  3.852283792664759e-01,  1.822916666666667e-01,  6.720178069022429e-01,  1.140046991371379e+03
s9          ,  3.897447923973993e-01,  3.845674314013817e-01,  0.000000000000000e+00,  9.429246963325953e-01,  4.287427480075260e+02
s10         ,  3.161197563926354e-01,  3.586271909569613e-01,  5.078125000000000e-02,  5.600648705111529e-01,  9.348470827394132e+02
s11         ,  3.431871249187676e-01,  2.776366049950937e-01,  0.000000000000000e+00,  1.887841530488051e+00,  1.198346612234890e+03
s12         ,  2.917324756968375e-01,  2.793010986657759e-01,  0.000000000000000e+00,  2.270939083572229e+00,  1.097727227120638e+03
s13         ,  2.447364458196310e-01,  3.154822552761186e-01,  0.000000000000000e+00,  6.648318542866319e-01,  1.123957613141939e+03
s14         ,  3.105728952400728e-01,  3.310320850090526e-01,  9.989258861439311e-02,  6.466627607568303e-01,  1.345496587244051e+03
s15         ,  3.795908353494076e-01,  3.529538091051676e-01,  3.961632479540865e-02,  1.386385137183344e+00,  7.624892452731642e+02
s16         ,  3.670742293030571e-01,  3.730532913973180e-01,  0.000000000000000e+00,  1.229992951375324e+00,  4.703189761311260e+02
s17         ,  2.954366621683970e-01,  2.811303467637362e-01,  0.000000000000000e+00,  1.930581274431683e+00,  1.156798886391054e+03
s18         ,  3.635454507147386e-01,  3.145966937988720e-01,  0.000000000000000e+00,  1.482744798076798e+00,  9.498264889579631e+02
s19         ,  3.651486704953139e-01,  3.887787826912834e-01,  0.000000000000000e+00,  1.201589236419262e+00,  3.325046254958592e+02
s20         ,  3.399672486499590e-01,  2.942062273745618e-01,  0.000000000000000e+00,  7.543301756084986e-01,  1.299036223636302e+03
s21         ,  3.890225043355258e-01,  3.548543929056971e-01,  0.000000000000000e+00,  1.817323981852293e+00,  5.062642430140411e+02
s22         ,  2.558533901530953e-01,  2.751328889243819e-01,  0.000000000000000e+00,  5.876895224458697e-01,  1.510997703047604e+03
s23         ,  4.117639764254846e-01,  3.859836292087669e-01,  0.000000000000000e+00,  8.996814347759979e-01,  4.253970854373663e+02
s24         ,  3.311791000527954e-01,  3.303596973785038e-01,  0.000000000000000e+00,  9.080759597591119e-01,  9.333877636592905e+02
s25         ,  3.690868050126928e-01,  3.967294040080812e-01,  0.000000000000000e+00,  1.651457619773584e+00,  1.593872568448127e+02
s26         ,  2.979562579207253e-01,  2.533751535820129e-01,  0.000000000000000e+00,  8.451847830218943e-01,  1.653058463557443e+03
s27         ,  3.397813902812787e-01,  3.366739364439459e-01,  0.000000000000000e+00,  6.909986502756368e-01,  9.238794986491915e+02
s28         ,  2.613491376061739e-01,  2.876680834831434e-01,  0.000000000000000e+00,  8.777521020549286e-01,  1.331465257792770e+03
s29         ,  3.947313720925611e-01,  4.033623476224430e-01,  0.000000000000000e+00,  1.312925530525646e+00,  1.740203804644844e+02
s30         ,  2.592589137508671e-01,  3.089885221396201e-01,  0.000000000000000e+00,  7.344756625901423e-01,  1.167962475452851e+03
s31         ,  3.031212395007984e-01,  3.195686894825047e-01,  0.000000000000000e+00,  1.395922853632783e+00,  9.235978593996317e+02
s32         ,  3.857616783620361e-01,  3.373290831466755e-01,  0.000000000000000e+00,  1.362583887654173e+00,  7.682308261583369e+02
s33         ,  4.141193231435004e-01,  3.831591395080809e-01,  0.000000000000000e+00,  1.328969717358596e+00,  3.556324307334262e+02
s34         ,  4.179319881718991e-01,  3.670166380068563e-01,  1.962809917355372e-02,  1.024862761809113e+00,  6.421014141165100e+02
s35         ,  3.612111930609704e-01,  3.816896734097908e-01,  0.000000000000000e+00,  1.379659794884977e+00,  3.578070533839435e+02
s36         ,  3.787074193034875e-01,  3.242279014257293e-01,  0.000000000000000e+00,  1.289060514150570e+00,  9.047016998312192e+02
s37         ,  3.867254135891385e-01,  3.388040525765541e-01,  0.000000000000000e+00,  1.020610807973509e+00,  8.309097979703089e+02
s38         ,  3.446930711358910e-01,  3.790240880378316e-01,  0.000000000000000e+00,  1.368564201109620e+00,  3.847127273708866e+02
s39         ,  2.876898720952064e-01,  3.293343421329548e-01,  0.000000000000000e+00,  2.624245024179411e+00,  5.603874787907765e+02
s40         ,  3.049912944269815e-01,  3.359741727289319e-01,  7.384563150746943e-03,  1.369817901076099e+00,  8.056531023953555e+02
s41         ,  3.032122447573497e-01,  3.090553061373427e-01,  0.000000000000000e+00,  1.375702806306994e+00,  1.024471292554535e+03
s42         ,  3.284012713704346e-01,  3.080855017784497e-01,  0.000000000000000e+00,  6.780753729451884e-01,  1.188806940476054e+03
s43         ,  3.521735822893021e-01,  3.467065858474364e-01,  0.000000000000000e+00,  2.226530071331800e+00,  4.897690216684504e+02
s44         ,  3.330769886831567e-01,  3.467796084366284e-01,  2.637119113573407e-02,  2.827681281760516e-01,  1.017255740683893e+03
s45         ,  3.222694574216643e-01,  3.287894938372732e-01,  0.000000000000000e+00,  5.990997862491692e-01,  1.016627047196716e+03
s46         ,  3.537154217541030e-01,  3.654293194483274e-01,  1.367166474432911e-01,  1.071453948779798e+00,  1.068269374780357e+03
s47         ,  3.064622412169097e-01,  3.342863424743803e-01,  4.966974241156713e-02,  1.630451091331296e+00,  9.154498612169530e+02
s48         ,  2.709027668189650e-01,  3.028657693958686e-01,  7.742878013148284e-02,  4.387699205417716e-01,  1.569036164060265e+03
s49         ,  3.986674224858993e-01,  3.448657083223149e-01,  0.000000000000000e+00,  6.136918129219988e-01,  8.660175264964882e+02
s50         ,  3.630933243380700e-01,  3.541956632813295e-01,  1.140992751502213e-01,  7.291718479101655e-01,  1.165991802952963e+03
s51         ,  3.785261269820064e-01,  3.776303560867102e-01,  0.000000000000000e+00,  1.149487213768831e+00,  4.463029856403435e+02
s52         ,  3.404870415156796e-01,  3.367674872391442e-01,  0.000000000000000e+00,  9.827634797913221e-01,  8.580105909701846e+02
s53         ,  2.464211996641334e-01,  3.206418929426110e-01,  0.000000000000000e+00,  1.852959926440414e+00,  8.119230746801409e+02
s54         ,  4.479825317233843e-01,  3.997574582918770e-01,  0.000000000000000e+00,  1.064592743634006e+00,  2.623974056289298e+02
s55         ,  3.436317929445776e-01,  3.089164575655859e-01,  0.000000000000000e+00,  8.295615511409429e-01,  1.147435879718922e+03
s56         ,  3.917346641556894e-01,  3.960884011175539e-01,  0.000000000000000e+00,  1.499692190774121e+00,  1.990793907075800e+02
s57         ,  3.497750017469617e-01,  3.715918728580059e-01,  0.000000000000000e+00,  1.607519415872946e+00,  3.995937446575948e+02
s58         ,  4.567353100642558e-01,  3.670468761018074e-01,  0.000000000000000e+00,  1.800841507941116e+00,  3.981779136503331e+02
s59         ,  3.347920174849711e-01,  3.300354599140826e-01,  0.000000000000000e+00,  7.827062914649283e-01,  9.642948200807529e+02
s60         ,  2.709373029897972e-01,  2.938834209066234e-01,  0.000000000000000e+00,  6.253463416003124e-01,  1.330735476109661e+03
s61         ,  2.790893938381299e-01,  2.989915680810475e-01,  0.000000000000000e+00,  6.872770116179905e-01,  1.270113610390859e+03
s62         ,  3.360458157463063e-01,  3.339061101636874e-01,  0.000000000000000e+00,  4.021380344331025e-01,  1.013614281367203e+03
s63         ,  4.093736118424267e-01,  3.782208293207005e-01,  0.000000000000000e+00,  8.010599193441950e-01,  5.185275796617964e+02
s64         ,  3.302497794709098e-01,  3.820920833584462e-01,  0.000000000000000e+00,  1.581578662547859e+00,  3.091266634433535e+02
s65         ,  3.637362750415415e-01,  3.648711323354504e-01,  0.000000000000000e+00,  1.118639649525786e+00,  5.701303209160625e+02
s66         ,  3.848471859724885e-01,  3.564505050097753e-01,  0.000000000000000e+00,  7.843461208624037e-01,  7.218033354829172e+02
s67         ,  3.211750777924535e-01,  3.379053651750566e-01,  0.000000000000000e+00,  1.655026355820550e+00,  6.977861058568617e+02
s68         ,  4.095598752010021e-01,  3.836820983321216e-01,  0.000000000000000e+00,  8.703359133605429e-01,  4.530322275622507e+02
s69         ,  3.476279282639844e-01,  3.710822886701901e-01,  0.000000000000000e+00,  1.285465129742791e+00,  4.760252398706267e+02
s70         ,  3.542202710009075e-01,  3.447954397849151e-01,  0.000000000000000e+00,  1.451196937528609e+00,  6.800476944554737e+02
s71         ,  3.324591144603498e-01,  3.136880995893784e-01,  0.000000000000000e+00,  4.099786537631771e-01,  1.197189943298629e+03
s72         ,  3.490784623419291e-01,  3.679796323302298e-01,  0.000000000000000e+00,  1.308141688128212e+00,  4.994120494324102e+02
s73         ,  2.871691931895054e-01,  3.155010885647270e-01,  0.000000000000000e+00,  1.686755049204987e+00,  8.960787914516864e+02
s74         ,  4.049442418517104e-01,  3.993443449363948e-01,  0.000000000000000e+00,  1.424883954773618e+00,  1.859035594563067e+02
s75         ,  3.439829269029567e-01,  3.324391657316762e-01,  0.000000000000000e+00,  2.071938322106566e+00,  6.549936480644154e+02
s76         ,  3.071028154909760e-01,  3.126697834829589e-01,  0.000000000000000e+00,  4.810899391912958e-01,  1.190678947362846e+03
s77         ,  2.780468433194506e-01,  3.034352436686755e-01,  0.000000000000000e+00,  6.686488043476645e-01,  1.233532665730869e+03
s78         ,  2.669617651637353e-01,  3.041817876376147e-01,  0.000000000000000e+00,  5.054871773898271e-01,  1.263045555750844e+03
s79         ,  3.541307689639985e-01,  3.665809042708594e-01,  0.000000000000000e+00,  1.151907484916947e+00,  5.470453961539763e+02
s80         ,  3.629523222745701e-01,  3.442270545035802e-01,  0.000000000000000e+00,  1.060774575370717e+00,  7.722520327397770e+02
s81         ,  2.554152131748840e-01,  3.129809442542866e-01,  0.000000000000000e+00,  7.757356087964173e-01,  1.122173466568160e+03
s82         ,  3.259366268272620e-01,  3.202532178739422e-01,  0.000000000000000e+00,  4.570417710238746e-01,  1.126525967406098e+03
s83         ,  2.722850822770267e-01,  3.022599183907567e-01,  0.000000000000000e+00,  3.297228685396391e-01,  1.319825851634791e+03
s84         ,  3.998438077165619e-01,  3.325038104313494e-01,  2.319177212916512e-02,  7.135474442789100e-01,  1.040665086050824e+03
s85         ,  3.012322773461942e-01,  3.055814405732081e-01,  0.000000000000000e+00,  1.352219893690016e+00,  1.061545997749276e+03
s86         ,  3.200453803456573e-01,  3.101905972615324e-01,  0.000000000000000e+00,  2.194504439890216e+00,  8.316185713222420e+02
s87         ,  3.352140969143458e-01,  3.193797124703973e-01,  0.000000000000000e+00,  9.632279140924855e-01,  1.021743686323750e+03
s88         ,  3.302506455484479e-01,  3.296035388190525e-01,  4.349110043222637e-03,  4.525933719677352e-01,  1.057484734692765e+03
s89         ,  3.471406078486814e-01,  3.483828171010332e-01,  0.000000000000000e+00,  9.896159602620541e-01,  7.500150522005349e+02
s90         ,  3.483351733862548e-01,  3.309898669904452e-01,  0.000000000000000e+00,  7.379826238360964e-01,  9.655118985291696e+02
s91         ,  3.564650130752042e-01,  3.929773973237874e-01,  0.000000000000000e+00,  1.214922952040956e+00,  2.910481680547727e+02
s92         ,  2.923433543076974e-01,  2.708884784192839e-01,  0.000000000000000e+00,  1.466791156300808e+00,  1.354020385915423e+03
s93         ,  3.745472031333225e-01,  3.270221018151455e-01,  0.000000000000000e+00,  1.792102099912421e+00,  7.670010973289137e+02
s94         ,  3.437578785209007e-01,  3.636761430375285e-01,  4.095000000000000e-02,  9.332236369239504e-01,  7.699866970721794e+02
s95         ,  2.980732528469880e-01,  2.781340753130650e-01,  0.000000000000000e+00,  8.941219180189606e-01,  1.415208524686366e+03
s96         ,  3.581539694897533e-01,  3.372706889746702e-01,  0.000000000000000e+00,  6.467777961418845e-01,  9.282628795657955e+02
s97         ,  4.279362669937736e-01,  3.959516146245930e-01,  0.000000000000000e+00,  7.668004237603327e-01,  3.636370566899366e+02
s98         ,  2.896944279808133e-01,  3.031375993615475e-01,  0.000000000000000e+00,  1.443568167690384e+00,  1.063592446673880e+03
s99         ,  2.909528202324455e-01,  2.560321816999153e-01,  0.000000000000000e+00,  1.547628765820564e+00,  1.472184123167920e+03
s100        ,  3.111721139319150e-01,  3.080592655254804e-01,  0.000000000000000e+00,  1.802949553288092e+00,  9.384015700407878e+02
s101        ,  3.241780336567121e-01,  3.473149138537538e-01,  0.000000000000000e+00,  1.531261373775480e+00,  6.391135858362875e+02
s102        ,  3.096847321141750e-01,  2.598909737661212e-01,  0.000000000000000e+00,  8.923146098282209e-01,  1.582831500560484e+03
s103        ,  3.391049191815317e-01,  3.824535093801665e-01,  3.305555555555555e-02,  9.253437489406620e-01,  5.711726167305400e+02
s104        ,  2.515445686944838e-01,  2.614957800910229e-01,  0.000000000000000e+00,  8.868941291641500e-01,  1.569329292089032e+03
s105        ,  3.580226031747242e-01,  3.370842595032890e-01,  0.000000000000000e+00,  1.270746296351103e+00,  7.909382991673257e+02
s106        ,  3.582576851144277e-01,  3.876594736226912e-01,  0.000000000000000e+00,  1.307624423370386e+00,  3.191375662175032e+02
s107        ,  3.406125813060369e-01,  3.011465738672782e-01,  0.000000000000000e+00,  2.659901818081457e-01,  1.344232007848527e+03
s108        ,  3.541195107207772e-01,  3.661310030534932e-01,  0.000000000000000e+00,  1.595300247224510e+00,  4.523719650628386e+02
s109        ,  3.030334722988908e-01,  3.086683337059680e-01,  0.000000000000000e+00,  8.854951072391721e-01,  1.137247053199385e+03
s110        ,  3.844717335443058e-01,  3.299143141306783e-01,  0.000000000000000e+00,  8.632995833927729e-01,  9.474473717989630e+02
s111        ,  3.518414134147780e-01,  3.769277662091418e-01,  1.470588235294118e-02,  1.262820755324469e+00,  4.804915445824626e+02
s112        ,  3.724995886738390e-01,  3.598027118191159e-01,  0.000000000000000e+00,  2.247976156155010e+00,  3.649484160478623e+02
s113        ,  3.276637756053076e-01,  3.334949765448783e-01,  0.000000000000000e+00,  1.389077851700176e+00,  7.974716701604842e+02
s114        ,  3.975727278995340e-01,  3.686900131053828e-01,  0.000000000000000e+00,  1.382772253875468e+00,  4.762712684038499e+02
s115        ,  4.661802026900197e-01,  3.694212410500869e-01,  0.000000000000000e+00,  1.189774713066268e+00,  5.125726237277340e+02
s116        ,  3.149444114213277e-01,  3.211808516353927e-01,  0.000000000000000e+00,  2.502139554203568e+00,  6.623318526439291e+02
s117        ,  2.617905198031230e-01,  3.016232262966608e-01,  0.000000000000000e+00,  6.852804969026696e-01,  1.246436119983255e+03
s118        ,  2.697626524103243e-01,  2.855882201203900e-01,  0.000000000000000e+00,  9.437480062828342e-01,  1.335824452363264e+03
s119        ,  3.390451473349576e-01,  3.139421031076464e-01,  0.000000000000000e+00,  1.267832769958108e+00,  1.003713574985402e+03
s120        ,  3.261908135769222e-01,  3.504726472524953e-01,  0.000000000000000e+00,  1.447433447974108e+00,  6.288477512813663e+02
s121        ,  3.485047140780971e-01,  3.633611497807406e-01,  0.000000000000000e+00,  9.485869277085321e-01,  6.218625101642720e+02
s122        ,  2.626009490674024e-01,  3.034502587315471e-01,  0.000000000000000e+00,  8.565780509986120e-01,  1.191520406939247e+03
s123        ,  2.763746480585029e-01,  2.709087612847230e-01,  0.000000000000000e+00,  1.379870033299986e+00,  1.373202340975850e+03
s124        ,  3.084637495449347e-01,  3.271444635768068e-01,  0.000000000000000e+00,  9.409599043027554e-01,  9.555320604993858e+02
s125        ,  3.788458996149217e-01,  3.381750161993641e-01,  5.925044616299822e-02,  3.553157003734158e-01,  1.198462561465450e+03
s126        ,  3.251157603452653e-01,  3.034320181742641e-01,  0.000000000000000e+00,  1.237357032726227e+00,  1.106841959698110e+03
s127        ,  2.834263508079372e-01,  2.566605929012670e-01,  0.000000000000000e+00,  1.211963518484590e+00,  1.541217314327033e+03
s128        ,  3.547356336228297e-01,  3.803893618183152e-01,  0.000000000000000e+00,  1.397136080137791e+00,  3.658319070515988e+02
s129        ,  2.905669611170635e-01,  3.017828214154429e-01,  0.000000000000000e+00,  9.079889249292555e-01,  1.195349068437159e+03
s130        ,  3.001710267623137e-01,  3.438806642703005e-01,  0.000000000000000e+00,  2.461779862878413e+00,  4.632533886891357e+02
s131        ,  3.234187238329760e-01,  3.370929224544783e-01,  0.000000000000000e+00,  5.219709815007523e-01,  9.577019354456124e+02
s132        ,  2.761295727416017e-01,  3.028494499205643e-01,  0.000000000000000e+00,  9.074253288124392e-01,  1.185697698847743e+03
s133        ,  3.187185284669714e-01,  3.033897603756412e-01,  0.000000000000000e+00,  1.967879015858395e+00,  9.444534911329796e+02
s134        ,  2.870198930068550e-01,  2.938868794926855e-01,  0.000000000000000e+00,  1.978642439435247e+00,  1.029160661780595e+03
s135        ,  3.783093309701865e-01,  3.391065387238150e-01,  0.000000000000000e+00,  1.163813372321708e+00,  7.962285709122370e+02
s136        ,  3.883241345589045e-01,  3.740141261757937e-01,  0.000000000000000e+00,  9.805583077764546e-01,  5.170910899912468e+02
s137        ,  2.784112215023900e-01,  2.992316670460802e-01,  0.000000000000000e+00,  1.675733960052185e+00,  1.047663609469673e+03
s138        ,  3.453346818049723e-01,  3.306681399821819e-01,  0.000000000000000e+00,  1.066355913244185e+00,  8.952923758992334e+02
s139        ,  3.244324492872825e-01,  3.485874422852134e-01,  3.731762065095398e-02,  6.171245657702973e-01,  9.656351363807488e+02
s140        ,  3.327862834846864e-01,  3.245615145129264e-01,  3.602339181286550e-02,  1.544543819098347e+00,  9.745488121971883e+02
s141        ,  3.557762179436731e-01,  3.623689459663266e-01,  0.000000000000000e+00,  1.083600934773248e+00,  6.008732796745060e+02
s142        ,  2.749368728938547e-01,  3.150496352164571e-01,  9.355932203389832e-02,  6.835481573021007e-01,  1.460950601195247e+03
s143        ,  3.361413138168960e-01,  3.824501397869934e-01,  0.000000000000000e+00,  1.507069071285638e+00,  3.224469590855642e+02
s144        ,  3.409974995595333e-01,  3.478910273280232e-01,  0.000000000000000e+00,  2.290400794839471e+00,  4.646804176299499e+02
s145        ,  3.763216171571199e-01,  3.632449201819370e-01,  2.398929319966667e-02,  9.985217623380422e-01,  6.982613545504282e+02
s146        ,  3.752831948694745e-01,  3.730355462598982e-01,  0.000000000000000e+00,  1.346125066031004e+00,  4.446049303696037e+02
s147        ,  3.654575252194441e-01,  3.564082503071184e-01,  0.000000000000000e+00,  9.242423316468464e-01,  6.910188044468331e+02
s148        ,  3.473385960617674e-01,  3.504251258894169e-01,  6.185384106707957e-02,  1.278397768061763e+00,  8.898759965193125e+02
s149        ,  2.849292163595314e-01,  3.270914953261904e-01,  0.000000000000000e+00,  3.870830052512956e-01,  1.079433115556721e+03
s150        ,  3.503331909216502e-01,  3.665643344184518e-01,  0.000000000000000e+00,  1.367582785942866e+00,  4.991402414309184e+02
s151        ,  3.330423635366063e-01,  3.439441862315752e-01,  4.210526315789474e-03,  4.770886869842967e-01,  9.200776686920409e+02
s152        ,  3.630680102987860e-01,  3.525584025104603e-01,  8.749389454012614e-02,  5.295270142328672e-01,  1.129595741981276e+03
s153        ,  3.816822758848153e-01,  3.530794822583313e-01,  0.000000000000000e+00,  1.532575698989350e+00,  5.859814281826452e+02
s154        ,  3.320898103001320e-01,  3.317792344896493e-01,  0.000000000000000e+00,  5.197745533578599e-01,  1.006897775383884e+03
s155        ,  3.864039977120127e-01,  3.593689074340009e-01,  1.016158991853731e-01,  4.711393824025413e-01,  1.131076392710226e+03
s156        ,  2.690214273922155e-01,  2.952394713345951e-01,  0.000000000000000e+00,  6.404968512222453e-01,  1.314929765211481e+03
s157        ,  3.092688252015169e-01,  3.207501851430287e-01,  0.000000000000000e+00,  1.097174045259668e+00,  9.793355904829823e+02
s158        ,  3.521824739407696e-01,  3.586724190555263e-01,  0.000000000000000e+00,  1.051481995599747e+00,  6.419132377296223e+02
s159        ,  3.604301286467682e-01,  3.500449891882207e-01,  0.000000000000000e+00,  1.360275196501650e+00,  6.521884683901196e+02
s160        ,  2.959798492012398e-01,  2.841458722432235e-01,  0.000000000000000e+00,  7.430740905748855e-01,  1.393759739663701e+03
s161        ,  3.194137955766546e-01,  3.273985788988298e-01,  0.000000000000000e+00,  2.093387466470994e+00,  6.964174473958116e+02
s162        ,  3.677213080484411e-01,  3.103186531316731e-01,  0.000000000000000e+00,  1.406849089162351e+00,  1.005951123659783e+03
s163        ,  3.585762742017419e-01,  3.465066827206363e-01,  4.574202431795375e-02,  5.810387305520218e-01,  1.023110984751887e+03
s164        ,  4.006335057182285e-01,  3.987109579716615e-01,  1.704330261330640e-03,  9.583659486495394e-01,  3.018020331185777e+02
s165        ,  3.287266930084647e-01,  3.592687820543611e-01,  0.000000000000000e+00,  1.403880287790202e+00,  5.579250199031578e+02
s166        ,  2.950048096243486e-01,  3.457493963795476e-01,  0.000000000000000e+00,  5.497190236383998e-01,  8.721719441032774e+02
s167        ,  3.519819712307287e-01,  3.519022612484968e-01,  9.243200000000000e-02,  1.588460861100587e+00,  9.174545904207010e+02
s168        ,  4.374575067359432e-01,  3.960880053318336e-01,  0.000000000000000e+00,  1.075395903709465e+00,  2.936252426136897e+02
s169        ,  4.091080766385897e-01,  3.843301153235364e-01,  0.000000000000000e+00,  1.111630008944646e+00,  3.933269125698744e+02
s170        ,  3.398244019971832e-01,  3.648420108617435e-01,  1.363062442607897e-01,  1.061663720997702e+00,  1.074355107415730e+03
s171        ,  3.613080720154525e-01,  3.565291457581011e-01,  0.000000000000000e+00,  1.652120114815006e+00,  5.277240213287199e+02
s172        ,  3.578018153328690e-01,  3.198853194655146e-01,  0.000000000000000e+00,  1.758182736454059e+00,  8.399763639026055e+02
s173        ,  3.625516481683081e-01,  3.715836495993687e-01,  2.929687500000000e-02,  1.095495576624897e+00,  6.193480040384139e+02
s174        ,  3.825999337737049e-01,  3.507002785097167e-01,  0.000000000000000e+00,  1.035887065726971e+00,  7.184625077304975e+02
s175        ,  3.092599387015685e-01,  3.321535539205765e-01,  0.000000000000000e+00,  1.042919548972582e+00,  8.868988657162118e+02
s176        ,  3.793890053910741e-01,  3.813836289638701e-01,  0.000000000000000e+00,  1.174324535104885e+00,  4.063653807166519e+02
s177        ,  3.131265826402478e-01,  3.331732955377296e-01,  0.000000000000000e+00,  1.584336379868940e+00,  7.569125217962867e+02
s178        ,  3.054696856864712e-01,  3.051826009647700e-01,  0.000000000000000e+00,  4.402494570874809e-01,  1.268408230945494e+03
s179        ,  3.928374269136042e-01,  3.707361685603415e-01,  0.000000000000000e+00,  2.401423727141799e+00,  2.305385762442116e+02
s180        ,  2.641551140722125e-01,  2.822732942818200e-01,  3.152621592854829e-02,  7.840193415240393e-01,  1.515424610865770e+03
s181        ,  2.369318989685527e-01,  2.719884867435367e-01,  0.000000000000000e+00,  3.925082929976167e-01,  1.583310506177801e+03
s182        ,  4.189138162610332e-01,  3.654555367163578e-01,  0.000000000000000e+00,  1.113254084508155e+00,  5.659735604749480e+02
s183        ,  3.759767293543443e-01,  3.692145809911394e-01,  5.240614764424287e-02,  8.722818280749579e-01,  7.740884813191828e+02
s184        ,  4.039791445798378e-01,  3.526775078609158e-01,  0.000000000000000e+00,  1.652990127587510e+00,  5.628351215790885e+02
s185        ,  4.187778012666042e-01,  3.930438153150149e-01,  0.000000000000000e+00,  1.499335212909092e+00,  2.270662740567869e+02
s186        ,  3.450522704714396e-01,  3.611584060978452e-01,  0.000000000000000e+00,  1.132724897450278e+00,  6.010234913737495e+02
s187        ,  3.509325305204691e-01,  3.173086893746901e-01,  0.000000000000000e+00,  7.506408914701292e-01,  1.088096041770110e+03
s188        ,  3.868910592801009e-01,  3.829228484912254e-01,  0.000000000000000e+00,  1.042877013682439e+00,  4.215458564822014e+02
s189        ,  3.427300778100211e-01,  3.478645622246243e-01,  5.692803437164339e-02,  1.449323529411874e+00,  8.575076561732550e+02
s190        ,  3.213421258380463e-01,  3.380951377347737e-01,  7.699167657550536e-02,  5.839852220588500e-01,  1.212183626929916e+03
s191        ,  2.531455052956056e-01,  2.537988224542481e-01,  0.000000000000000e+00,  2.039585401450577e+00,  1.383037197065014e+03
s192        ,  2.695706078724207e-01,  3.121570068748355e-01,  6.992221153966212e-02,  8.579968251667821e-01,  1.363403503087602e+03
s193        ,  3.954601105184181e-01,  3.867692426080477e-01,  0.000000000000000e+00,  1.430639901100502e+00,  2.998871578468082e+02
s194        ,  3.572926210703052e-01,  3.370025184633121e-01,  0.000000000000000e+00,  1.307133722737909e+00,  7.835796640619526e+02
s195        ,  3.290528752571006e-01,  3.235939677707318e-01,  5.190311418685121e-02,  6.922976705170141e-01,  1.230548332040106e+03
s196        ,  3.068286090334552e-01,  3.105768279021312e-01,  0.000000000000000e+00,  1.465189138138058e+00,  9.905852351503892e+02
s197        ,  3.451887575536944e-01,  3.534817384583110e-01,  1.345048828879899e-02,  7.417472328279955e-01,  8.069846481854501e+02
s198        ,  3.094894638678110e-01,  3.567039149275695e-01,  0.000000000000000e+00,  1.543613030168858e+00,  5.502997317513708e+02
s199        ,  3.060674258319923e-01,  3.120447739910498e-01,  4.087395957193817e-03,  1.922760140839282e+00,  8.899045978932509e+02
s200        ,  2.862300564486437e-01,  2.954224970875947e-01,  0.000000000000000e+00,  9.095232028341981e-01,  1.253307326250007e+03
s201        ,  3.249313766746611e-01,  3.274117566464797e-01,  0.000000000000000e+00,  1.622918719841145e+00,  8.011270859296282e+02
s202        ,  3.753266605464363e-01,  3.500353209056489e-01,  0.000000000000000e+00,  8.452435962548650e-01,  7.670370688673999e+02
s203        ,  4.029232548104287e-01,  3.713618276296282e-01,  7.641291810841985e-02,  4.746950766806142e-01,  9.295201100323883e+02
s204        ,  3.599997628653644e-01,  3.455146244663524e-01,  0.000000000000000e+00,  1.071540442666881e+00,  7.580510202344734e+02
s205        ,  3.369349724991222e-01,  3.481765652084735e-01,  0.000000000000000e+00,  1.653119123996432e+00,  6.040630057828598e+02
s206        ,  3.550773861568109e-01,  3.147217709314140e-01,  0.000000000000000e+00,  1.657862621654398e+00,  9.096600342530438e+02
s207        ,  3.248842560910169e-01,  2.907043775134037e-01,  0.000000000000000e+00,  8.422346025363440e-01,  1.311547974116929e+03
s208        ,  3.892178112013847e-01,  3.567558418879684e-01,  0.000000000000000e+00,  5.831011193371743e-01,  7.638462111228895e+02
s209        ,  3.394721823707363e-01,  3.536942703950133e-01,  1.089665326055731e-01,  7.007421227537073e-01,  1.158423468930837e+03
s210        ,  3.535123221804505e-01,  3.397158713214824e-01,  0.000000000000000e+00,  1.264422383162245e+00,  7.682254703347048e+02
s211        ,  3.581883484115880e-01,  3.668997833799803e-01,  7.709750566893424e-02,  9.730614264870691e-01,  8.618409063496432e+02
s212        ,  3.095468400739283e-01,  3.076435126568241e-01,  0.000000000000000e+00,  7.825706228476720e-01,  1.169574548717350e+03
s213        ,  2.970030695897441e-01,  2.923081066034807e-01,  0.000000000000000e+00,  1.351440274114315e+00,  1.183386003363432e+03
s214        ,  2.952505712043380e-01,  2.700168596684890e-01,  0.000000000000000e+00,  7.955622879778333e-01,  1.511573882073789e+03
s215        ,  3.666112826899128e-01,  3.556884676128105e-01,  1.115046569592024e-01,  1.119495865354842e+00,  1.055984666428966e+03
s216        ,  3.146096144721102e-01,  3.225961592243652e-01,  0.000000000000000e+00,  1.744140146755388e+00,  8.182571994495713e+02
s217        ,  3.572631712917447e-01,  2.930345471695495e-01,  0.000000000000000e+00,  2.573380843981813e+00,  9.044529790523453e+02
s218        ,  3.906530675883989e-01,  3.645970184185109e-01,  0.000000000000000e+00,  1.220927801089085e+00,  5.498509366033893e+02
s219        ,  3.533175328188169e-01,  3.247106163877642e-01,  0.000000000000000e+00,  8.129410791761575e-01,  1.006366550668941e+03
s220        ,  3.292958184485441e-01,  3.708677894138114e-01,  0.000000000000000e+00,  1.575876521588368e+00,  4.132815611727358e+02
s221        ,  3.922937304178105e-01,  3.451613736240532e-01,  0.000000000000000e+00,  4.595066963928320e-01,  8.976631120827088e+02
s222        ,  2.956043726879932e-01,  3.287401697638637e-01,  7.581234567901235e-02,  3.841830868634611e-01,  1.338203038169770e+03
s223        ,  3.522928979206140e-01,  3.091182855504038e-01,  0.000000000000000e+00,  1.924862110599855e+00,  9.015296532923671e+02
s224        ,  3.671890264330231e-01,  3.413683659795043e-01,  0.000000000000000e+00,  1.073313312293189e+00,  7.956615017336061e+02
s225        ,  3.692182726300033e-01,  3.565129619311776e-01,  0.000000000000000e+00,  1.778042430268918e+00,  4.998141995887274e+02
s226        ,  3.810944919303408e-01,  3.559699068883118e-01,  0.000000000000000e+00,  1.591811055423926e+00,  5.462882667303304e+02
s227        ,  3.257040093262658e-01,  3.527432350696158e-01,  0.000000000000000e+00,  1.005598368174707e+00,  7.064852850039604e+02
s228        ,  3.395769394444231e-01,  3.239796586630457e-01,  1.833751713578664e-02,  5.314265443303111e-01,  1.141884476253837e+03
s229        ,  3.431399804548451e-01,  3.132094127684801e-01,  0.000000000000000e+00,  6.201692123270326e-01,  1.154742771150870e+03
s230        ,  2.512227189184055e-01,  3.065386317566962e-01,  0.000000000000000e+00,  8.063045781644589e-01,  1.174413700021112e+03
s231        ,  3.201687391567147e-01,  3.219091174295076e-01,  2.650300494807704e-02,  8.218161646678376e-01,  1.125587835247124e+03
s232        ,  3.668712051047079e-01,  3.854112933410395e-01,  0.000000000000000e+00,  1.028072612471327e+00,  4.020349603178316e+02
s233        ,  3.159372860524723e-01,  3.472784886541925e-01,  0.000000000000000e+00,  1.605515451852965e+00,  6.229020815843567e+02
s234        ,  3.288074742025223e-01,  3.908864291521412e-01,  4.364946124965660e-03,  1.383035266733025e+00,  2.884871833379449e+02
s235        ,  2.404535459782499e-01,  2.582664175712310e-01,  1.669261737434948e-02,  6.950445603765339e-01,  1.701840488976727e+03
s236        ,  3.942112592274354e-01,  3.192483310525634e-01,  0.000000000000000e+00,  4.339242696165360e-01,  1.140888050655545e+03
s237        ,  3.207425992509765e-01,  3.308729278410079e-01,  0.000000000000000e+00,  1.310811065652006e+00,  8.389454457343656e+02
s238        ,  3.228783696280719e-01,  3.422227526752118e-01,  0.000000000000000e+00,  1.812625910590136e+00,  6.230954573568338e+02
s239        ,  3.173309981533126e-01,  2.996311294035049e-01,  4.252681599834713e-02,  1.457063225795883e+00,  1.245997765294841e+03
s240        ,  2.944515915275119e-01,  2.892778522423028e-01,  0.000000000000000e+00,  1.506558879090415e+00,  1.176598259699921e+03
s241        ,  2.623340223598457e-01,  2.726827826285867e-01,  0.000000000000000e+00,  7.239585898995149e-01,  1.503092272289040e+03
s242        ,  3.472905412885691e-01,  3.457724969756747e-01,  0.000000000000000e+00,  3.417582667351535e-01,  9.182982723237425e+02
s243        ,  3.411668088660135e-01,  3.570703055264100e-01,  4.878135626413146e-02,  5.860044852672013e-01,  9.361301061953925e+02
s244        ,  3.345490802910559e-01,  3.660135471387630e-01,  3.846065795196996e-03,  1.147634802621159e+00,  5.670595963461310e+02
s245        ,  3.806037450466579e-01,  3.445564295889828e-01,  0.000000000000000e+00,  1.109567511489044e+00,  7.583608060385272e+02
s246        ,  2.822738655802098e-01,  3.006937187334790e-01,  0.000000000000000e+00,  7.622466249713815e-01,  1.237806502179095e+03
s247        ,  2.412572311651046e-01,  2.898574636671022e-01,  0.000000000000000e+00,  1.587946553953772e+00,  1.153150511792610e+03
s248        ,  3.291723893390957e-01,  3.497496211777681e-01,  4.225932797361369e-02,  1.341624683157303e+00,  8.113587827534810e+02
s249        ,  3.335036159019719e-01,  2.906599176512539e-01,  0.000000000000000e+00,  1.693783187390121e+00,  1.122212392898221e+03
s250        ,  2.841334766149551e-01,  2.944198775403748e-01,  0.000000000000000e+00,  1.452871602315037e+00,  1.141427993733355e+03
s251        ,  3.897160933411575e-01,  3.546613551057176e-01,  0.000000000000000e+00,  2.015168492105056e+00,  4.639497110734345e+02
s252        ,  2.974172959235764e-01,  3.246507956170957e-01,  4.065803465315568e-02,  5.264356512768749e-01,  1.217290317263649e+03
s253        ,  3.402798874706645e-01,  3.242904824438089e-01,  0.000000000000000e+00,  1.552248447397702e+00,  8.454842073309743e+02
s254        ,  3.453557066513905e-01,  3.253198375907601e-01,  0.000000000000000e+00,  8.344297256571561e-01,  9.959941687128222e+02
s255        ,  3.473897848646884e-01,  3.352222320735521e-01,  0.000000000000000e+00,  6.060153318153475e-01,  9.561222274914724e+02
s256        ,  2.775650936098157e-01,  2.850738669335481e-01,  0.000000000000000e+00,  7.795421422454137e-01,  1.377127680408523e+03
s257        ,  3.769007346358472e-01,  3.596282081715453e-01,  7.308641975308641e-02,  1.060073365129955e+00,  8.946492650940532e+02
s258        ,  3.031826235523933e-01,  3.186063504389591e-01,  0.000000000000000e+00,  6.465821685189759e-01,  1.099387889390372e+03
s259        ,  3.649101163154662e-01,  3.772971420907555e-01,  0.000000000000000e+00,  4.615519631945330e-01,  6.026438825306202e+02
s260        ,  2.836985211263404e-01,  2.775074022257555e-01,  5.246913580246913e-02,  1.184085437870267e+00,  1.545447141634848e+03
s261        ,  3.568114035371502e-01,  3.402328969558339e-01,  2.935925411624677e-02,  6.710497147901628e-01,  1.001516251077417e+03
s262        ,  2.969774967310232e-01,  2.957640897875650e-01,  0.000000000000000e+00,  2.134189462251798e+00,  9.772945603505985e+02
s263        ,  2.618717119564857e-01,  2.919028532826163e-01,  7.745036370381123e-02,  3.974970394047757e-01,  1.678798921163480e+03
s264        ,  3.079903383698472e-01,  3.459932299900264e-01,  0.000000000000000e+00,  1.028557157189066e+00,  7.632416059453418e+02
s265        ,  3.131364053370843e-01,  3.626753078281996e-01,  2.559016068240428e-02,  1.301526048878490e+00,  6.417364550563451e+02
s266        ,  3.412850318464396e-01,  3.752161798202790e-01,  0.000000000000000e+00,  1.414324552336148e+00,  4.094204709909171e+02
s267        ,  3.070004173759213e-01,  3.116699334783535e-01,  0.000000000000000e+00,  9.388702347812684e-01,  1.097840619470658e+03
s268        ,  2.824464522612543e-01,  2.897117283487270e-01,  0.000000000000000e+00,  1.380390585664832e+00,  1.200734231528406e+03
s269        ,  3.706172452100595e-01,  3.754496196001700e-01,  0.000000000000000e+00,  4.322323615758980e-01,  6.261117087502446e+02
s270        ,  3.137711424042234e-01,  3.370150570043260e-01,  0.000000000000000e+00,  1.730904913531883e+00,  6.890395115992999e+02
s271        ,  3.438724170458776e-01,  3.273122367839122e-01,  0.000000000000000e+00,  5.608362299738155e-01,  1.038693842275948e+03
s272        ,  3.563763221903465e-01,  3.731934316137800e-01,  0.000000000000000e+00,  7.646610430588983e-01,  5.727202521613634e+02
s273        ,  2.992755087965905e-01,  3.085505672193353e-01,  8.972921006248998e-03,  1.430723311428615e+00,  1.049177478169943e+03
s274        ,  3.418910691999477e-01,  3.704940486150728e-01,  0.000000000000000e+00,  1.315722996292012e+00,  4.746750819185046e+02
s275        ,  3.459340138648980e-01,  3.218856711286807e-01,  0.000000000000000e+00,  1.468672076860332e+00,  8.861498255528669e+02
s276        ,  3.066542538287166e-01,  3.280161638840319e-01,  4.610995749966039e-02,  7.239348913371720e-01,  1.162084906499614e+03
s277        ,  2.599265281449482e-01,  3.405491356708206e-01,  0.000000000000000e+00,  2.489814868320328e+00,  4.875441157620651e+02
s278        ,  4.231065788037446e-01,  3.595447516490802e-01,  9.832702020202021e-02,  1.339397601636046e+00,  9.241447200069188e+02
s279        ,  4.085890984502099e-01,  3.769358725737662e-01,  0.000000000000000e+00,  8.842574403474462e-01,  5.117676003313456e+02
s280        ,  2.589465412373284e-01,  2.698931144592163e-01,  0.000000000000000e+00,  6.330079693819689e-01,  1.548928712341789e+03
s281        ,  2.711461992950798e-01,  3.520216251172598e-01,  0.000000000000000e+00,  1.958660190814964e+00,  5.007373046639413e+02
s282        ,  2.707729542437380e-01,  3.171329318250300e-01,  0.000000000000000e+00,  1.342883722238349e+00,  9.577427931445155e+02
s283        ,  3.542954078937219e-01,  3.564431566612724e-01,  1.474287329299470e-01,  7.522600535745453e-01,  1.260369203831524e+03
s284        ,  4.444266515123610e-01,  3.567213408182636e-01,  0.000000000000000e+00,  8.581585426722558e-01,  7.028738198497615e+02
s285        ,  3.522417187169772e-01,  3.571708202079114e-01,  1.572189710891781e-02,  9.959745893625797e-01,  7.247088639119372e+02
s286        ,  4.242568175749523e-01,  4.094951186856091e-01,  0.000000000000000e+00,  1.039764640292826e+00,  1.786721038617912e+02
s287        ,  2.982263198938339e-01,  2.639232140720889e-01,  0.000000000000000e+00,  1.611178331991091e+00,  1.385692997035136e+03
s288        ,  3.665857814303198e-01,  3.246555308940900e-01,  3.050632017512887e-02,  1.181482234450052e+00,  1.034700748034281e+03
s289        ,  4.410941970239712e-01,  3.915607869264866e-01,  0.000000000000000e+00,  1.388339525449591e+00,  2.653922339871079e+02
s290        ,  3.692001655720752e-01,  3.623691283816949e-01,  0.000000000000000e+00,  2.862359978539497e-01,  7.785414501568595e+02
s291        ,  2.847619118274958e-01,  3.362432777029585e-01,  0.000000000000000e+00,  3.005776538232486e+00,  4.120453359537441e+02
s292        ,  2.619380900493295e-01,  3.017593751510719e-01,  0.000000000000000e+00,  1.479999332884664e+00,  1.068107914673898e+03
s293        ,  2.551793459709563e-01,  2.597922070238630e-01,  0.000000000000000e+00,  1.165925110535810e+00,  1.522770587625942e+03
s294        ,  3.996439882026235e-01,  3.890442571987661e-01,  0.000000000000000e+00,  1.603578377178325e+00,  2.404995098587004e+02
s295        ,  2.544891884610722e-01,  2.802179995654383e-01,  0.000000000000000e+00,  1.557717686130480e+00,  1.248243587300047e+03
s296        ,  2.982485995455294e-01,  3.449953855358612e-01,  0.000000000000000e+00,  2.107655649995522e+00,  5.319420047180639e+02
s297        ,  3.481137343622313e-01,  3.537638908169372e-01,  0.000000000000000e+00,  1.578299486603465e+00,  5.695197582822827e+02
s298        ,  3.526397833241731e-01,  3.575208441771687e-01,  0.000000000000000e+00,  1.142041424475525e+00,  6.322902615154296e+02
s299        ,  3.179989852712529e-01,  3.148500600596980e-01,  0.000000000000000e+00,  6.987866901711134e-01,  1.122186594552179e+03
s300        ,  2.757636809786050e-01,  2.535831020790610e-01,  0.000000000000000e+00,  1.189064148605440e+00,  1.574528736002674e+03
s301        ,  3.892773998715768e-01,  3.903501152849237e-01,  0.000000000000000e+00,  1.159963026722031e+00,  3.273766499585532e+02
s302        ,  2.647069109525357e-01,  3.096880898364380e-01,  0.000000000000000e+00,  7.123033167496300e-01,  1.166490554092812e+03
s303        ,  2.939670826111614e-01,  3.519482055323685e-01,  0.000000000000000e+00,  1.922479841309068e+00,  5.094720349543112e+02
s304        ,  4.210831624843967e-01,  3.625600235319142e-01,  3.142984561150163e-02,  1.121646769913628e+00,  7.039209541904603e+02
s305        ,  3.096791680687918e-01,  3.090975658849310e-01,  4.266666666666667e-03,  7.876949209468759e-01,  1.170482102380180e+03
s306        ,  3.818026842917582e-01,  3.463533943542704e-01,  0.000000000000000e+00,  8.119607364888836e-01,  8.082025430539935e+02
s307        ,  3.609095150813969e-01,  3.603391168501918e-01,  8.954878630600412e-02,  4.472386816409076e-01,  1.084017647860083e+03
s308        ,  2.411597646293700e-01,  3.417752538224196e-01,  0.000000000000000e+00,  2.432487272631878e+00,  4.890790537690189e+02
s309        ,  3.878963941441608e-01,  3.413971123699547e-01,  0.000000000000000e+00,  6.665964048558970e-01,  8.860231709271233e+02
s310        ,  3.258173656529080e-01,  3.345576343591531e-01,  9.592872008324661e-02,  7.417559854861161e-01,  1.277705629008178e+03
s311        ,  3.530293427363137e-01,  3.430951858144409e-01,  6.631780385781301e-02,  1.515651221793169e+00,  9.202873296301472e+02
s312        ,  3.018528617684650e-01,  3.291936487481810e-01,  2.960609376315125e-02,  6.960104907270740e-01,  1.098032266604660e+03
s313        ,  3.165147624134501e-01,  3.073659470314173e-01,  0.000000000000000e+00,  1.167381999708188e+00,  1.086374628640414e+03
s314        ,  3.254223568814984e-01,  3.311295155667840e-01,  0.000000000000000e+00,  8.068097877204758e-01,  9.488956951770416e+02
s315        ,  3.159450503141960e-01,  3.193202468768785e-01,  0.000000000000000e+00,  1.056428228280006e+00,  1.001521751585989e+03
s316        ,  3.632560519463020e-01,  3.761415605138398e-01,  0.000000000000000e+00,  1.242773741946300e+00,  4.391633926165357e+02
s317        ,  2.393880636932959e-01,  2.679301606813880e-01,  0.000000000000000e+00,  6.054593615946652e-01,  1.573059992014336e+03
s318        ,  3.299331681777578e-01,  3.204500325493514e-01,  0.000000000000000e+00,  1.198857674210534e+00,  9.594295828682103e+02
s319        ,  3.061104934871230e-01,  3.501950413616438e-01,  0.000000000000000e+00,  1.171144191372740e+00,  6.929554620091058e+02
s320        ,  4.632011214667016e-01,  3.575567781721724e-01,  0.000000000000000e+00,  1.776620851565295e+00,  4.905631089570390e+02
s321        ,  2.843417672327688e-01,  2.984676687362068e-01,  0.000000000000000e+00,  4.338311731862647e-01,  1.331388902205143e+03
s322        ,  3.371500722398251e-01,  3.552526114009367e-01,  0.000000000000000e+00,  1.070047377853435e+00,  6.691231831440833e+02
s323        ,  3.686039319423406e-01,  3.624893516213315e-01,  0.000000000000000e+00,  1.100783924261845e+00,  5.959408800437017e+02
s324        ,  3.213492322200285e-01,  2.995744679071077e-01,  0.000000000000000e+00,  9.187765394882125e-01,  1.213187611321008e+03
s325        ,  3.351760333142303e-01,  3.804654015888277e-01,  5.141986921078563e-02,  4.944541684003589e-01,  7.515943656847984e+02
s326        ,  2.931935066565518e-01,  3.576991812907359e-01,  0.000000000000000e+00,  1.619192609487027e+00,  5.243361665728881e+02
s327        ,  3.259018731198677e-01,  3.169171241040053e-01,  0.000000000000000e+00,  3.065710076447948e-01,  1.190633416267047e+03
s328        ,  3.298407520206893e-01,  3.587776975556118e-01,  0.000000000000000e+00,  1.796359604582774e+00,  4.749736807707492e+02
s329        ,  3.194938209283936e-01,  3.423599458167168e-01,  0.000000000000000e+00,  1.673474062747703e+00,  6.528439019714136e+02
s330        ,  3.459676070956239e-01,  3.452940706064508e-01,  0.000000000000000e+00,  1.725852584143738e+00,  6.142780237454108e+02
s331        ,  3.272723758742512e-01,  3.327286668844108e-01,  0.000000000000000e+00,  8.625069270187999e-01,  9.218270179864754e+02
s332        ,  3.326108287350491e-01,  3.408803074688609e-01,  0.000000000000000e+00,  6.073640027873564e-01,  9.039585551487949e+02
s333        ,  3.950926495884596e-01,  4.040608152705183e-01,  0.000000000000000e+00,  1.307814543794603e+00,  1.687569092302975e+02
s334        ,  2.949640786288477e-01,  3.068596936759649e-01,  2.946189432675919e-02,  4.386457092571932e-01,  1.359576825261714e+03
s335        ,  3.029422036334947e-01,  3.008036723445386e-01,  1.798611111111111e-02,  1.083014599087622e+00,  1.230148610453401e+03
s336        ,  3.680290352655777e-01,  3.454105934956903e-01,  0.000000000000000e+00,  6.754259064061015e-01,  8.472673223626809e+02
s337        ,  2.095842824931815e-01,  2.907232048734812e-01,  0.000000000000000e+00,  1.223040654337584e+00,  1.226523722429488e+03
s338        ,  3.574290889155288e-01,  3.414815790441239e-01,  0.000000000000000e+00,  1.066714877861840e+00,  7.960940372875034e+02
s339        ,  3.094934113876675e-01,  3.062732064079712e-01,  0.000000000000000e+00,  2.602939246196370e-01,  1.298509416864676e+03
s340        ,  3.096006184895485e-01,  2.984372665632963e-01,  0.000000000000000e+00,  1.403950415122087e+00,  1.115504404499013e+03
s341        ,  4.251368861065753e-01,  3.871690286718591e-01,  0.000000000000000e+00,  1.044487049237230e+00,  3.822656877052963e+02
s342        ,  3.304603020052027e-01,  3.285408310546462e-01,  7.774262813683228e-02,  8.320501697879313e-01,  1.247192868694541e+03
s343        ,  2.900651984072795e-01,  2.844495873949849e-01,  0.000000000000000e+00,  2.238719692214717e+00,  1.057714215116589e+03
s344        ,  3.829642871784757e-01,  3.675019894924846e-01,  0.000000000000000e+00,  1.029672802859032e+00,  5.658390102391380e+02
s345        ,  2.978036844690807e-01,  3.142145925355645e-01,  0.000000000000000e+00,  8.359917657215120e-01,  1.097439224405677e+03
s346        ,  3.520522767736792e-01,  3.682800541232455e-01,  0.000000000000000e+00,  1.388367941404557e+00,  4.787822043083306e+02
s347        ,  2.542874130214282e-01,  2.743424813257195e-01,  0.000000000000000e+00,  1.386155776448857e+00,  1.340327513043938e+03
s348        ,  3.478444540314312e-01,  3.579678121407418e-01,  5.892722236212541e-02,  9.647955285274836e-01,  8.800674701883166e+02
s349        ,  3.234544796335823e-01,  3.214488872695528e-01,  4.629045154231368e-02,  7.708832505367342e-01,  1.212471432524617e+03
s350        ,  3.541125597145412e-01,  3.511926453999088e-01,  0.000000000000000e+00,  5.005873228746113e-01,  8.332255163566249e+02
s351        ,  3.738587852283149e-01,  3.822897560322139e-01,  0.000000000000000e+00,  1.043636162056633e+00,  4.271797664087235e+02
s352        ,  3.787169596864594e-01,  3.178680883543861e-01,  7.569204152249136e-03,  7.091960003313535e-01,  1.119483498162544e+03
s353        ,  3.307364261694613e-01,  3.467874052612892e-01,  5.420397411380302e-02,  1.599253027061614e+00,  8.241558298198428e+02
s354        ,  3.099376231199831e-01,  3.554938752368367e-01,  0.000000000000000e+00,  1.795757019078618e+00,  5.052081850871158e+02
s355        ,  2.640936694175295e-01,  3.154521985931071e-01,  0.000000000000000e+00,  8.178921407764318e-01,  1.090128036734511e+03
s356        ,  3.404723749290282e-01,  3.560477072955253e-01,  0.000000000000000e+00,  1.264264460735446e+00,  6.185594689339966e+02
s357        ,  3.291365235802792e-01,  3.124286557817192e-01,  2.349619052693271e-02,  9.802932899749509e-01,  1.166338872873974e+03
s358        ,  3.293936994127192e-01,  3.487387284652309e-01,  0.000000000000000e+00,  6.899471720837020e-01,  8.135252610219236e+02
s359        ,  3.541003310386388e-01,  3.678078229881670e-01,  0.000000000000000e+00,  8.685765441764518e-01,  5.989313411819297e+02
s360        ,  2.930045091334991e-01,  3.007215051035852e-01,  0.000000000000000e+00,  1.052814323043010e+00,  1.172807151952313e+03
s361        ,  3.254402877492827e-01,  3.628004336827567e-01,  0.000000000000000e+00,  1.366548018406085e+00,  5.338715491266017e+02
s362        ,  3.740728450255384e-01,  3.613122897680101e-01,  1.498026792665575e-02,  4.705749502436148e-01,  8.011445323366219e+02
s363        ,  2.839989278051633e-01,  3.203297348640103e-01,  0.000000000000000e+00,  1.703895822778849e+00,  8.479990322293488e+02
s364        ,  2.872844795965752e-01,  2.781464119193808e-01,  0.000000000000000e+00,  6.057003849892385e-01,  1.479361887760861e+03
s365        ,  3.424949250288197e-01,  3.367053617231618e-01,  0.000000000000000e+00,  1.407738167421272e+00,  7.638866609715369e+02
s366        ,  3.910819753821045e-01,  3.560105994586086e-01,  0.000000000000000e+00,  1.277722441463304e+00,  6.159008835749295e+02
s367        ,  3.763017987949026e-01,  3.601552697286991e-01,  0.000000000000000e+00,  1.602005167606239e+00,  5.056528484475303e+02
s368        ,  3.411954836427898e-01,  3.491020672581309e-01,  8.393175983005122e-02,  1.710949585874481e+00,  8.851929108851806e+02
s369        ,  3.788441935901406e-01,  3.704186077921552e-01,  0.000000000000000e+00,  1.204447617630288e+00,  5.001611066990185e+02
s370        ,  2.943092935652329e-01,  2.993895520134860e-01,  0.000000000000000e+00,  4.274988994711427e-01,  1.324349682999876e+03
s371        ,  3.611288930230376e-01,  3.599882055597746e-01,  0.000000000000000e+00,  9.228181669064801e-01,  6.585214837198888e+02
s372        ,  3.689311052207762e-01,  3.784784834314606e-01,  0.000000000000000e+00,  7.714417607359652e-01,  5.227654203570725e+02
s373        ,  2.432926146526648e-01,  2.814108453638728e-01,  4.544667590027700e-02,  6.243881769097785e-01,  1.609070059666131e+03
s374        ,  2.892573275378368e-01,  3.010660001702457e-01,  0.000000000000000e+00,  1.328597666455282e+00,  1.108199048574505e+03
s375        ,  3.674807278757085e-01,  3.599988348509324e-01,  0.000000000000000e+00,  5.171371025706175e-01,  7.488184103758966e+02
s376        ,  4.282440806387797e-01,  3.971629460933044e-01,  0.000000000000000e+00,  1.266463360583643e+00,  2.411982125547968e+02
s377        ,  3.691206426424970e-01,  3.710795694190513e-01,  0.000000000000000e+00,  1.618640457616303e+00,  4.018116260283919e+02
s378        ,  3.798602051076750e-01,  3.548235668454390e-01,  3.526637131080694e-02,  1.560141487872149e+00,  6.909563290831625e+02
s379        ,  2.957579509529457e-01,  2.880534453681538e-01,  0.000000000000000e+00,  1.092206571697201e+00,  1.280147935787312e+03
s380        ,  2.910202807204411e-01,  2.917056389271131e-01,  6.759512848901579e-03,  1.956643306070557e+00,  1.078418278615041e+03
s381        ,  3.407216064168898e-01,  3.448386733813100e-01,  0.000000000000000e+00,  1.259792517823205e+00,  7.223003756261311e+02
s382        ,  2.968841887389642e-01,  3.063642974944139e-01,  3.361140971097216e-02,  6.635014635409934e-01,  1.328970398703322e+03
s383        ,  3.646408838761149e-01,  3.371486670708232e-01,  0.000000000000000e+00,  9.001111840855713e-01,  8.729332999150673e+02
s384        ,  2.932506021659876e-01,  2.873851815951254e-01,  0.000000000000000e+00,  2.165087780560725e+00,  1.047212668670906e+03
s385        ,  3.747511312527886e-01,  3.613669500350059e-01,  0.000000000000000e+00,  1.421532765045301e+00,  5.347594052556689e+02
s386        ,  3.757314223013586e-01,  3.747429991189286e-01,  0.000000000000000e+00,  8.002618532411594e-01,  5.505839600058952e+02
s387        ,  2.822798018360685e-01,  2.779141542190875e-01,  0.000000000000000e+00,  6.555229907000459e-01,  1.470389278077642e+03
s388        ,  4.290603261943512e-01,  3.947531191942244e-01,  0.000000000000000e+00,  1.179948241147724e+00,  2.825646203873702e+02
s389        ,  3.607283139092911e-01,  3.622887266330864e-01,  0.000000000000000e+00,  1.645057204554597e+00,  4.765042064460848e+02
s390        ,  3.355447048186090e-01,  3.573549668764485e-01,  9.896949290888685e-03,  3.633072358906143e-01,  8.429989180458343e+02
s391        ,  3.170728848178653e-01,  3.313611643828230e-01,  1.999231064975009e-02,  4.695893916773314e-01,  1.093966661394273e+03
s392        ,  3.301070274496518e-01,  3.395613195652185e-01,  0.000000000000000e+00,  8.608750469013448e-01,  8.595610427615292e+02
s393        ,  3.507773516014346e-01,  3.275214471304834e-01,  0.000000000000000e+00,  4.369958480502287e-01,  1.064370441601874e+03
s394        ,  3.243042000156651e-01,  2.664319461791006e-01,  0.000000000000000e+00,  2.069950886380862e+00,  1.260473139792620e+03
s395        ,  3.022367426115909e-01,  3.471043169805800e-01,  0.000000000000000e+00,  2.377247378217229e+00,  4.525403139470417e+02
s396        ,  2.606776363619531e-01,  3.208839715218198e-01,  0.000000000000000e+00,  2.082510241086025e+00,  7.585554440002796e+02
s397        ,  3.106623095651243e-01,  3.073147162476235e-01,  2.468444179898811e-02,  7.994154959107055e-01,  1.257800363836444e+03
s398        ,  3.408812441883181e-01,  3.823326796386606e-01,  0.000000000000000e+00,  1.068366563001528e+00,  4.212758606597890e+02
s399        ,  2.471327792540375e-01,  2.951153947696531e-01,  0.000000000000000e+00,  5.322132407479322e-01,  1.340194966376572e+03
s400        ,  2.602627988296087e-01,  2.889793935395591e-01,  0.000000000000000e+00,  3.730323927350532e-01,  1.431907772839099e+03
s401        ,  2.526229840954008e-01,  2.998557424761340e-01,  0.000000000000000e+00,  5.034673074529206e-01,  1.303149104259898e+03
s402        ,  3.012505607845273e-01,  2.931965096928710e-01,  0.000000000000000e+00,  1.674841082608263e+00,  1.103182137248745e+03
s403        ,  3.441124722642947e-01,  3.747401624450127e-01,  1.170655567117586e-02,  9.823141796238396e-01,  5.522365260588571e+02
s404        ,  3.663456624686381e-01,  3.639150086618070e-01,  0.000000000000000e+00,  1.512534110363535e+00,  4.911263086886606e+02
s405        ,  3.699249649078094e-01,  3.547127238597858e-01,  0.000000000000000e+00,  1.080245240282775e+00,  6.717996104022336e+02
s406        ,  2.989025550014489e-01,  3.380817080072370e-01,  0.000000000000000e+00,  5.450127058369243e-01,  9.435043246959344e+02
s407        ,  3.062746086891894e-01,  2.470201028081105e-01,  0.000000000000000e+00,  8.021575494701584e-01,  1.720897633977251e+03
s408        ,  2.568960282350025e-01,  3.017239922285304e-01,  1.462773475040986e-02,  3.892098605131850e-01,  1.364203236877642e+03
s409        ,  3.504460771064962e-01,  3.521776766548463e-01,  7.380835224837701e-02,  6.161440522818762e-01,  1.064461272508719e+03
s410        ,  2.441820219030917e-01,  3.079778441123968e-01,  0.000000000000000e+00,  8.712578481539869e-01,  1.146748595926286e+03
s411        ,  2.985656670308606e-01,  2.846078487915568e-01,  0.000000000000000e+00,  1.429437467390116e+00,  1.236588823839862e+03
s412        ,  4.206602671899846e-01,  3.653663677789273e-01,  0.000000000000000e+00,  1.277152584516635e+00,  5.302708357978706e+02
s413        ,  3.297200192703431e-01,  3.415680893863460e-01,  9.997519995039990e-02,  1.502669051059327e+00,  1.058482619382661e+03
s414        ,  3.299537174094920e-01,  3.266520639913746e-01,  0.000000000000000e+00,  1.840875177125497e+00,  7.595252677100516e+02
s415        ,  3.514142357715472e-01,  3.251535230708142e-01,  6.113062547303460e-02,  1.294454458290822e+00,  1.115336731046140e+03
s416        ,  2.880693148677096e-01,  3.067788565277190e-01,  0.000000000000000e+00,  3.385204200126506e-01,  1.276443992421858e+03
s417        ,  2.648160251035137e-01,  2.858006399868631e-01,  3.921253192302279e-02,  3.118112564411596e-01,  1.616012488702453e+03
s418        ,  3.361158265966862e-01,  3.585477214273528e-01,  0.000000000000000e+00,  2.269865119967716e-01,  8.267713480805509e+02
s419        ,  2.843313817309785e-01,  2.889702596059783e-01,  0.000000000000000e+00,  9.682910018744788e-01,  1.299355236139586e+03
s420        ,  4.086653318866107e-01,  3.872400842629345e-01,  0.000000000000000e+00,  1.230378563792754e+00,  3.401937991319100e+02
s421        ,  2.945648749258037e-01,  3.380349105078230e-01,  0.000000000000000e+00,  2.057367056463768e+00,  6.069486118337483e+02
s422        ,  3.198415121648245e-01,  3.296184751622026e-01,  5.396960934619340e-02,  5.827020519705320e-01,  1.207194479067036e+03
s423        ,  3.457431819287231e-01,  3.185564938610381e-01,  0.000000000000000e+00,  1.262316817090079e+00,  9.626461289191633e+02
s424        ,  3.329184378144718e-01,  3.617339917396741e-01,  0.000000000000000e+00,  1.779621467615255e+00,  4.516052524117225e+02
s425        ,  3.017490009466554e-01,  3.375411053194341e-01,  6.850302447848945e-02,  7.380839179871701e-01,  1.152331529599844e+03
s426        ,  3.516200438115945e-01,  3.734010244144076e-01,  0.000000000000000e+00,  8.649890834748771e-01,  5.484621928370716e+02
s427        ,  3.134603833942083e-01,  3.141532172966312e-01,  0.000000000000000e+00,  1.283528389151377e+00,  9.982811387319467e+02
s428        ,  4.002386469560284e-01,  3.577309957407072e-01,  0.000000000000000e+00,  9.469408397051703e-01,  6.738365200729388e+02
s429        ,  3.271139391322421e-01,  3.387150146806010e-01,  1.444924000750610e-02,  1.284031320568216e+00,  8.251068734880031e+02
s430        ,  3.336468674117929e-01,  3.423166211469106e-01,  0.000000000000000e+00,  1.836334871835099e+00,  6.169521782602179e+02
s431        ,  3.524054973028489e-01,  3.364730745347508e-01,  0.000000000000000e+00,  6.862460280073042e-01,  9.267796281334868e+02
s432        ,  2.841555127790880e-01,  3.475193199316420e-01,  0.000000000000000e+00,  1.756215713883543e+00,  5.871153503017526e+02
s433        ,  3.404658463759219e-01,  3.089345893501672e-01,  0.000000000000000e+00,  7.276371927617477e-01,  1.169980591542207e+03
s434        ,  3.538819482511877e-01,  3.639258307890589e-01,  2.053417836124943e-02,  1.171139837318238e+00,  6.411043988769530e+02
s435        ,  3.399757763932839e-01,  3.255112903633796e-01,  0.000000000000000e+00,  3.116745730479576e-01,  1.110720220996003e+03
s436        ,  2.790232036656270e-01,  3.017872296074608e-01,  0.000000000000000e+00,  1.409858609411244e+00,  1.083481437471153e+03
s437        ,  3.534179964046834e-01,  3.167304991825387e-01,  0.000000000000000e+00,  7.444051196106402e-01,  1.094785322266906e+03
s438        ,  3.557570008105000e-01,  3.438126574304718e-01,  0.000000000000000e+00,  8.172016191366895e-01,  8.303237148832183e+02
s439        ,  2.721980488553641e-01,  3.172433475623000e-01,  6.805293005671077e-02,  3.508339447414263e-01,  1.423050557893941e+03
s440        ,  4.224009004310128e-01,  3.458125378881632e-01,  0.000000000000000e+00,  9.522612457475209e-01,  7.818982188311629e+02
s441        ,  3.059499862195538e-01,  3.046452188576492e-01,  0.000000000000000e+00,  1.637587586725149e+00,  1.006541628589485e+03
s442        ,  4.080702663829111e-01,  3.789623747290252e-01,  2.842724476693840e-02,  8.552581311830059e-01,  6.021087553539274e+02
s443        ,  3.177907970187364e-01,  2.730585617895496e-01,  0.000000000000000e+00,  1.854296371956398e+00,  1.247784533914617e+03
s444        ,  3.372064727277352e-01,  3.207973138424159e-01,  0.000000000000000e+00,  1.116627187124548e+00,  9.745690253325495e+02
s445        ,  3.808845894775907e-01,  3.489780255273083e-01,  0.000000000000000e+00,  6.834559733925361e-01,  8.127781886063362e+02
s446        ,  3.398124643479998e-01,  3.204711277317362e-01,  1.544090614660108e-02,  1.190167498020295e+00,  1.016823266764104e+03
s447        ,  3.331015042174243e-01,  3.427951441929490e-01,  0.000000000000000e+00,  1.437880735427983e+00,  7.013499751272520e+02
s448        ,  3.427401650526040e-01,  3.263866457749886e-01,  0.000000000000000e+00,  5.803605819426393e-01,  1.042827572151598e+03
s449        ,  3.811785384687535e-01,  3.404064588059482e-01,  0.000000000000000e+00,  1.247226963909714e+00,  7.657268986255505e+02
s450        ,  3.936724858760076e-01,  3.607773786492029e-01,  0.000000000000000e+00,  1.287780856887813e+00,  5.699663116496042e+02
s451        ,  2.836792607536900e-01,  2.800582713063418e-01,  1.247165532879818e-02,  1.511951829188052e+00,  1.304854487406339e+03
s452        ,  3.820067487524758e-01,  3.717748995161959e-01,  1.269333333333333e-01,  5.939556573291971e-01,  1.081241037684491e+03
s453        ,  3.197971848634002e-01,  3.392222817999208e-01,  5.760000000000000e-02,  7.002360267236103e-01,  1.106059135141245e+03
s454        ,  2.840492207731964e-01,  2.868873254366056e-01,  0.000000000000000e+00,  2.198302386069628e-01,  1.485220821508507e+03
s455        ,  3.289295380996844e-01,  3.088567447747257e-01,  0.000000000000000e+00,  7.984010249244158e-01,  1.154926447288621e+03
s456        ,  2.744141413404179e-01,  3.013848750438431e-01,  4.361228202028123e-02,  7.025035808178320e-01,  1.401966599191356e+03
s457        ,  2.611105769806453e-01,  2.959098988419804e-01,  0.000000000000000e+00,  4.435839477810400e-01,  1.352660856626143e+03
s458        ,  3.263658474620744e-01,  3.320976601108234e-01,  0.000000000000000e+00,  8.764818251382129e-01,  9.244970603410688e+02
s459        ,  2.969415277363106e-01,  2.828368871983586e-01,  0.000000000000000e+00,  1.881225988943934e+00,  1.152153768371984e+03
s460        ,  3.921319705097926e-01,  3.592605748648415e-01,  1.721935127095212e-02,  1.264939205296041e+00,  6.510196720287171e+02
s461        ,  2.326428979555135e-01,  2.865303579609164e-01,  0.000000000000000e+00,  4.269395513456331e-01,  1.442344510161251e+03
s462        ,  3.826962200360596e-01,  3.847580932868002e-01,  5.522682445759369e-03,  1.265985958032715e+00,  3.749145321981371e+02
s463        ,  3.693280157843884e-01,  3.437498924102241e-01,  1.010848126232742e-01,  9.740140582632196e-01,  1.160278458254939e+03
s464        ,  2.560977909662989e-01,  3.061843877749493e-01,  8.674893102314082e-02,  9.579211879602700e-01,  1.456529881100197e+03
s465        ,  3.502461683327402e-01,  3.430953838651497e-01,  1.757080383173678e-02,  6.407418607454074e-01,  9.395444556516005e+02
s466        ,  2.778157526053289e-01,  3.031271187255341e-01,  3.654354303704953e-02,  1.546083957405323e+00,  1.172552689823405e+03
s467        ,  2.872380924003551e-01,  2.980072693811573e-01,  3.482263168253872e-02,  1.265999117589414e+00,  1.275688852299004e+03
s468        ,  2.914774800332743e-01,  2.906017373696376e-01,  0.000000000000000e+00,  1.608869261221291e+00,  1.141666312286963e+03
s469        ,  3.971790599696770e-01,  3.718595429000320e-01,  2.117439466718949e-02,  9.818793826070374e-01,  6.128609113992122e+02
s470        ,  3.627719177198918e-01,  3.313194550599201e-01,  0.000000000000000e+00,  1.222438188887630e+00,  8.545438331528477e+02
s471        ,  3.324323933331337e-01,  3.367510196429461e-01,  0.000000000000000e+00,  5.224137145351389e-01,  9.607372412675006e+02
s472        ,  2.877997515332106e-01,  3.155327625572623e-01,  7.586974403638652e-02,  5.642507820128266e-01,  1.419348991894878e+03
s473        ,  3.757374999337151e-01,  3.378196306386452e-01,  0.000000000000000e+00,  8.771448411401661e-01,  8.719004896919125e+02
s474        ,  2.568357370086547e-01,  2.632813329765168e-01,  0.000000000000000e+00,  1.581968901189896e+00,  1.398085101450547e+03
s475        ,  4.085603576077300e-01,  3.885712143633380e-01,  0.000000000000000e+00,  1.234702058104247e+00,  3.270290023783678e+02
s476        ,  3.620562286483349e-01,  3.523680925432175e-01,  0.000000000000000e+00,  2.451620188828719e+00,  3.877195511218698e+02
s477        ,  3.607757962020898e-01,  3.101593285580473e-01,  0.000000000000000e+00,  1.244876791464397e+00,  1.043502395566348e+03
s478        ,  2.801658826101431e-01,  2.630955392544125e-01,  0.000000000000000e+00,  1.109159941642559e+00,  1.505140005247595e+03
s479        ,  3.100069640052550e-01,  3.122273654861754e-01,  0.000000000000000e+00,  8.744441495727565e-01,  1.107086575528796e+03
s480        ,  3.474642750814730e-01,  3.929602800089954e-01,  0.000000000000000e+00,  1.447624020901798e+00,  2.393543288216987e+02
s481        ,  2.558881068491226e-01,  3.141044622455480e-01,  0.000000000000000e+00,  1.908441247196944e+00,  8.594841814246353e+02
s482        ,  3.573635956988882e-01,  3.524397709476548e-01,  0.000000000000000e+00,  1.841702437259151e+00,  5.229651597536588e+02
s483        ,  3.634319087840275e-01,  3.461835702781658e-01,  0.000000000000000e+00,  1.882490719009607e+00,  5.712223715400228e+02
s484        ,  4.385711512863196e-01,  3.941154153671573e-01,  0.000000000000000e+00,  1.605107953262272e+00,  1.936753400192935e+02
s485        ,  3.308128664574001e-01,  2.844981815451189e-01,  0.000000000000000e+00,  2.246424931203646e+00,  1.055551899588334e+03
s486        ,  4.128201781867112e-01,  3.721305966309148e-01,  0.000000000000000e+00,  1.091512921108423e+00,  5.096328905035198e+02
s487        ,  2.921123229720385e-01,  3.257877784697784e-01,  0.000000000000000e+00,  1.504909981137212e+00,  8.423076792884196e+02
s488        ,  3.541551995743547e-01,  3.326174067323864e-01,  0.000000000000000e+00,  6.840110281890498e-01,  9.626195301285252e+02
s489        ,  3.860436533530173e-01,  3.539511501483688e-01,  6.943837889772032e-02,  5.078296522218565e-01,  1.056590119023483e+03
s490        ,  4.034893081854423e-01,  3.938660674785398e-01,  0.000000000000000e+00,  9.077218043701458e-01,  3.513533626443849e+02
s491        ,  3.095260644743733e-01,  3.093506721249287e-01,  2.571332379429341e-02,  4.861560335774257e-01,  1.312647408766653e+03
s492        ,  3.871277061112895e-01,  3.479277384498284e-01,  0.000000000000000e+00,  9.886502979438910e-01,  7.544015729830032e+02
s493        ,  2.960652162202438e-01,  3.644325344233975e-01,  0.000000000000000e+00,  1.544630931095701e+00,  4.792307007342503e+02
s494        ,  3.660452085605971e-01,  3.524322482462467e-01,  1.041666666666667e-01,  6.949454127615077e-01,  1.153983836249918e+03
s495        ,  3.363338429676201e-01,  3.337564700238782e-01,  0.000000000000000e+00,  1.629475593274807e-01,  1.068282633531273e+03
s496        ,  3.422159497617455e-01,  3.842107349101290e-01,  0.000000000000000e+00,  1.100072127557445e+00,  3.969965210592147e+02
s497        ,  3.159902657033893e-01,  3.063797519073332e-01,  0.000000000000000e+00,  8.195005573450198e-01,  1.172929683140131e+03
s498        ,  3.472376449689170e-01,  3.618715288292217e-01,  0.000000000000000e+00,  1.578150752299384e+00,  4.952365115367745e+02
s499        ,  2.973835508359319e-01,  3.183374084147097e-01,  5.228337589736372e-02,  7.006372811192934e-01,  1.278243369641803e+03
s500        ,  3.418229122033170e-01,  3.328573776727180e-01,  0.000000000000000e+00,  1.016517666840938e+00,  8.863303629331882e+02
s501        ,  3.581213543775074e-01,  3.323018158604812e-01,  0.000000000000000e+00,  1.258679858033131e+00,  8.374638850440804e+02
s502        ,  2.614321344450545e-01,  3.280194014226254e-01,  0.000000000000000e+00,  5.665566020855107e-01,  1.030937195729724e+03
s503        ,  3.881007690304034e-01,  3.889986960592224e-01,  0.000000000000000e+00,  9.712730242133263e-01,  3.818081949227970e+02
s504        ,  3.473738986326554e-01,  3.261858543366706e-01,  0.000000000000000e+00,  5.486783092919060e-01,  1.051727553726879e+03
s505        ,  3.823408435418969e-01,  3.902151804774324e-01,  1.248699271592092e-02,  1.084776719081483e+00,  3.903710667009636e+02
s506        ,  3.506593382360281e-01,  3.214046255667282e-01,  0.000000000000000e+00,  6.968453879707357e-01,  1.062538573154178e+03
s507        ,  3.661650958853160e-01,  3.442373292305615e-01,  0.000000000000000e+00,  1.276534701192764e+00,  7.240819139493128e+02
s508        ,  3.590313513939754e-01,  3.333980830622170e-01,  0.000000000000000e+00,  1.274869332012296e+00,  8.238079008397261e+02
s509        ,  3.473410711565950e-01,  3.535818390727201e-01,  8.625000000000001e-02,  1.135599238029707e+00,  9.806858045979280e+02
s510        ,  2.823312585344063e-01,  3.083310630674921e-01,  0.000000000000000e+00,  1.395202475301421e+00,  1.026764922958894e+03
s511        ,  3.944434654069573e-01,  3.592761005966332e-01,  0.000000000000000e+00,  1.653202997409725e+00,  5.023035416710433e+02
s512        ,  3.702712531526244e-01,  3.675963084270223e-01,  1.216287432574865e-01,  8.221310918978605e-01,  1.049582272290000e+03
s513        ,  3.067345842508110e-01,  3.236864368155702e-01,  0.000000000000000e+00,  4.174208673046677e-01,  1.103884708557636e+03
s514        ,  4.152315745840311e-01,  3.912140370314973e-01,  0.000000000000000e+00,  1.269714323108400e+00,  2.950028340291616e+02
s515        ,  3.940850334472998e-01,  3.592547655262138e-01,  1.476112495550018e-01,  6.538041231941745e-01,  1.257193262348347e+03
s516        ,  4.097596484681705e-01,  3.750741926055075e-01,  0.000000000000000e+00,  1.221604974152253e+00,  4.536639719735545e+02
s517        ,  3.924178649597482e-01,  3.919517398643685e-01,  5.796401400797005e-03,  1.021902352987311e+00,  3.643495139431083e+02
s518        ,  4.006045868102542e-01,  3.630430535013289e-01,  1.379978095585784e-01,  1.186863160978590e+00,  1.069044234606368e+03
s519        ,  3.177429089345927e-01,  3.421804643647279e-01,  0.000000000000000e+00,  2.053260139382772e+00,  5.698646644710623e+02
s520        ,  2.992249414239895e-01,  3.471588246252035e-01,  0.000000000000000e+00,  1.353160294811269e+00,  6.802290368728300e+02
s521        ,  3.196768127285200e-01,  2.881620784352327e-01,  0.000000000000000e+00,  2.012451954004249e+00,  1.074101965739337e+03
s522        ,  3.054834021600709e-01,  3.172973579443152e-01,  2.737408688965782e-03,  1.098463749145636e+00,  1.020563504484836e+03
s523        ,  3.919804173628093e-01,  3.713032093353383e-01,  2.678298132843588e-02,  9.972485111560486e-01,  6.347497698417702e+02
s524        ,  3.373041318694542e-01,  3.607270668777903e-01,  0.000000000000000e+00,  2.246898653651916e+00,  3.567156653243796e+02
s525        ,  3.686696993352180e-01,  3.258621721264928e-01,  4.231111111111112e-02,  1.061442214361459e+00,  1.092933615558152e+03
s526        ,  3.656157006335905e-01,  3.720745639091819e-01,  0.000000000000000e+00,  1.263151614192226e+00,  4.719017526021196e+02
s527        ,  3.181191492460722e-01,  3.323335858879793e-01,  0.000000000000000e+00,  1.999321658604185e+00,  6.721419509394134e+02
s528        ,  2.924289616161080e-01,  2.427023944114446e-01,  0.000000000000000e+00,  1.836672228800835e+00,  1.529962854167004e+03
s529        ,  3.764315778427560e-01,  3.980411410453056e-01,  0.000000000000000e+00,  1.341262920734804e+00,  2.164815544397187e+02
s530        ,  4.069348635396722e-01,  3.820460639347427e-01,  0.000000000000000e+00,  6.358236131756241e-01,  5.202827987074285e+02
s531        ,  2.746836017334675e-01,  2.979124763191303e-01,  0.000000000000000e+00,  9.965175664048929e-01,  1.211099438790398e+03
s532        ,  3.277893342024278e-01,  3.257765915911445e-01,  0.000000000000000e+00,  2.950515128635154e-01,  1.111992382618591e+03
s533        ,  3.719047035373527e-01,  3.643249901303820e-01,  0.000000000000000e+00,  1.335568960585768e+00,  5.267999224364783e+02
s534        ,  4.012806479402614e-01,  3.595228034749767e-01,  0.000000000000000e+00,  1.737543620793848e+00,  4.812493268567949e+02
s535        ,  2.854504042694033e-01,  3.167219162522421e-01,  0.000000000000000e+00,  6.868842102074915e-01,  1.107680875543716e+03
s536        ,  3.360450970551518e-01,  3.481634060738418e-01,  7.174744897959184e-02,  1.008442073922987e+00,  1.006416908338484e+03
s537        ,  3.297420264022976e-01,  3.494679530811803e-01,  0.000000000000000e+00,  1.089826037943218e+00,  7.177395242629869e+02
s538        ,  2.724861013757831e-01,  3.139197409318740e-01,  0.000000000000000e+00,  8.580837596911559e-01,  1.095219333411136e+03
s539        ,  3.471305126426427e-01,  3.239698906397456e-01,  0.000000000000000e+00,  6.004645309492993e-01,  1.060500492869996e+03
s540        ,  3.290991657411811e-01,  3.539410998685233e-01,  0.000000000000000e+00,  1.727344452793850e+00,  5.346850373420677e+02
s541        ,  2.326620745596658e-01,  2.910313186372048e-01,  0.000000000000000e+00,  9.060913875474580e-01,  1.294322512179103e+03
s542        ,  3.456910270356876e-01,  3.015150847814099e-01,  0.000000000000000e+00,  1.742641536212920e+00,  1.011824872822358e+03
s543        ,  2.845400261615328e-01,  2.799020294232395e-01,  0.000000000000000e+00,  2.720768156610123e+00,  9.919874929897213e+02
s544        ,  3.495152260396833e-01,  3.463343880551629e-01,  0.000000000000000e+00,  1.792024115914445e+00,  5.899978232413408e+02
s545        ,  3.154656949900153e-01,  3.405943173603497e-01,  0.000000000000000e+00,  8.740625325330189e-01,  8.471539065728192e+02
s546        ,  3.597382183698820e-01,  3.604645935578685e-01,  0.000000000000000e+00,  7.224521236761212e-01,  6.988006167102455e+02
s547        ,  2.730286710892002e-01,  2.678886678552030e-01,  0.000000000000000e+00,  1.377461753201390e+00,  1.401421795566749e+03
s548        ,  3.194966907439210e-01,  3.289326546250613e-01,  0.000000000000000e+00,  9.148124835362662e-01,  9.449673098978080e+02
s549        ,  3.819439317227558e-01,  3.858864687601207e-01,  0.000000000000000e+00,  1.797324704487711e+00,  2.262736945964697e+02
s550        ,  4.309276596653012e-01,  3.942816135005059e-01,  0.000000000000000e+00,  1.234085550032158e+00,  2.748236027718664e+02
s551        ,  2.731326038711657e-01,  2.799773610084226e-01,  0.000000000000000e+00,  1.024815857543419e+00,  1.369191178366988e+03
s552        ,  3.494519360539466e-01,  3.615931200588031e-01,  0.000000000000000e+00,  1.103186729321713e+00,  6.036205390777483e+02
s553        ,  3.310384344676721e-01,  3.623655161895571e-01,  9.570275849127415e-02,  8.278409104507956e-01,  1.002816546768255e+03
s554        ,  2.857682476071176e-01,  2.871769879654855e-01,  0.000000000000000e+00,  7.134378526964334e-01,  1.372579451493666e+03
s555        ,  2.942434306995658e-01,  3.469183993863675e-01,  0.000000000000000e+00,  1.573139165953589e+00,  6.334168628879787e+02
s556        ,  2.969278407515290e-01,  3.271270077209441e-01,  4.294149221685454e-03,  1.137508498623205e+00,  9.273734404932128e+02
s557        ,  3.451470710358436e-01,  3.607031867941365e-01,  0.000000000000000e+00,  1.452709432628617e+00,  5.338967810012061e+02
s558        ,  3.104132740256662e-01,  3.244302510181832e-01,  3.910166891783613e-02,  6.203001030703514e-01,  1.192787574074645e+03
s559        ,  3.434977869144114e-01,  3.317294634552794e-01,  0.000000000000000e+00,  1.441749701871406e+00,  8.019183434175660e+02
s560        ,  3.938831456017408e-01,  3.628934776017946e-01,  9.698791066184005e-02,  4.975072378850258e-01,  1.076214321663626e+03
s561        ,  3.091091411023093e-01,  3.636858442074958e-01,  0.000000000000000e+00,  1.673428421074853e+00,  4.573762107972671e+02
s562        ,  2.967807829232105e-01,  3.180643122434487e-01,  4.285714285714286e-02,  4.329755105670830e-01,  1.306414195615375e+03
s563        ,  2.549558047926404e-01,  3.109210890713913e-01,  0.000000000000000e+00,  1.691716776427950e+00,  9.369544929312260e+02
s564        ,  2.954235220552698e-01,  2.957700121184691e-01,  0.000000000000000e+00,  8.900003152437638e-01,  1.254472041258177e+03
s565        ,  3.605274781312461e-01,  3.390240922888495e-01,  3.474122546103510e-02,  4.968249047618746e-01,  1.070814612827665e+03
s566        ,  2.951155514842215e-01,  3.196162406372321e-01,  5.276450779230949e-02,  5.599299760579881e-01,  1.299607940240742e+03
s567        ,  3.587015054599469e-01,  3.611041395461445e-01,  0.000000000000000e+00,  8.234841624146513e-01,  6.704263139690165e+02
s568        ,  3.617082896247803e-01,  3.489003230265005e-01,  4.227231915358295e-02,  7.415207064030488e-01,  9.529063686096000e+02
s569        ,  3.597286858283731e-01,  3.487546494753443e-01,  0.000000000000000e+00,  6.964813430436297e-01,  8.119233734880776e+02
s570        ,  3.556392104407323e-01,  3.379794789849241e-01,  0.000000000000000e+00,  4.752331618561783e-01,  9.599897427226078e+02
s571        ,  3.602639004489001e-01,  3.441746328603276e-01,  6.648199445983378e-02,  6.416595925515974e-01,  1.105728538943205e+03
s572        ,  4.312153604367349e-01,  3.992691005208310e-01,  0.000000000000000e+00,  7.701609941494721e-01,  3.324794470336053e+02
s573        ,  3.159649497023310e-01,  2.776467215974869e-01,  0.000000000000000e+00,  2.029296710375461e+00,  1.166734662906614e+03
s574        ,  3.656105773123843e-01,  3.437923384709265e-01,  0.000000000000000e+00,  1.395575027314076e+00,  7.016360839700253e+02
s575        ,  3.488062297918545e-01,  3.331056060671596e-01,  0.000000000000000e+00,  1.319032790339013e+00,  8.166482526448066e+02
s576        ,  2.907677097183701e-01,  2.916994458176826e-01,  0.000000000000000e+00,  1.460037991113383e+00,  1.164767243829060e+03
s577        ,  3.031774726480594e-01,  3.205389786737215e-01,  0.000000000000000e+00,  1.240703825695310e+00,  9.492900718999050e+02
s578        ,  3.648245315625233e-01,  3.533798488671777e-01,  1.037886485701844e-01,  1.117569729449172e+00,  1.049765829634513e+03
s579        ,  3.607701561674609e-01,  3.432392185781912e-01,  4.789201183431953e-02,  6.916322895516496e-01,  1.036167470733246e+03
s580        ,  3.751229452249493e-01,  3.724516087345244e-01,  0.000000000000000e+00,  1.730925956046341e+00,  3.642156190024803e+02
s581        ,  3.471471301437816e-01,  3.470112017294315e-01,  0.000000000000000e+00,  5.337993769530394e-01,  8.641531949568789e+02
s582        ,  3.953183225328266e-01,  3.687624441624214e-01,  0.000000000000000e+00,  1.472679131614629e+00,  4.555741876314244e+02
s583        ,  3.276280334765511e-01,  3.325539215380492e-01,  1.862839989339169e-02,  3.627363050899995e-01,  1.101927043342424e+03
s584        ,  3.483274696967313e-01,  3.808514024858680e-01,  2.534402221941674e-02,  6.179063878009081e-01,  6.265682554429127e+02
s585        ,  3.636795644109545e-01,  3.990417737319122e-01,  0.000000000000000e+00,  1.209173894213493e+00,  2.367417762522469e+02
s586        ,  2.481423102922533e-01,  2.709649598727230e-01,  0.000000000000000e+00,  1.232232888465449e+00,  1.405583903811054e+03
s587        ,  2.631345411637266e-01,  2.635090641950455e-01,  0.000000000000000e+00,  5.904383780444975e-01,  1.616931726043727e+03
s588        ,  3.772462787558727e-01,  3.543164225176406e-01,  0.000000000000000e+00,  1.892576022554600e+00,  4.944276446736591e+02
s589        ,  3.699506978557163e-01,  3.354630882951303e-01,  0.000000000000000e+00,  6.373519229859491e-01,  9.469320285026319e+02
s590        ,  4.080798919774394e-01,  3.560664671880569e-01,  0.000000000000000e+00,  1.493463648691415e+00,  5.673170647904983e+02
s591        ,  3.627233198284863e-01,  3.535564317303647e-01,  5.592293098049329e-02,  4.372674713685456e-01,  1.027219815092735e+03
s592        ,  2.470016891971875e-01,  2.548658123860815e-01,  0.000000000000000e+00,  8.187478554212356e-01,  1.645285467021809e+03
s593        ,  2.685008647552398e-01,  3.074372275237108e-01,  0.000000000000000e+00,  1.677418825103589e+00,  9.720742190550827e+02
s594        ,  2.571819135876586e-01,  3.098232877099766e-01,  2.048707294552170e-02,  5.586088549076150e-01,  1.273335311575756e+03
s595        ,  3.046096741945610e-01,  3.869995131566182e-01,  0.000000000000000e+00,  1.459332100829923e+00,  2.913832160332479e+02
s596        ,  2.932962564895931e-01,  2.973435747922060e-01,  0.000000000000000e+00,  1.005836970673614e+00,  1.214237553739547e+03
s597        ,  4.190454465320334e-01,  3.692781366795579e-01,  0.000000000000000e+00,  1.778822625078243e+00,  3.826319646550724e+02
s598        ,  2.914532118252061e-01,  3.291362452241680e-01,  0.000000000000000e+00,  1.287544162967324e+00,  8.600486194947565e+02
s599        ,  4.062752781026900e-01,  3.932779308464298e-01,  0.000000000000000e+00,  1.056350332134597e+00,  3.236267593957688e+02
s600        ,  3.471511685824152e-01,  2.660194701922532e-01,  0.000000000000000e+00,  1.005260025332240e+00,  1.501489721097101e+03
s601        ,  3.515795377320121e-01,  3.261407534055758e-01,  0.000000000000000e+00,  1.079439228959523e+00,  9.338761534427634e+02
s602        ,  2.668016715085176e-01,  2.903679956726823e-01,  0.000000000000000e+00,  1.262192517325958e+00,  1.221055781267300e+03
s603        ,  2.686426181986058e-01,  2.988586272319532e-01,  0.000000000000000e+00,  6.396383439783183e-01,  1.281947082275315e+03
s604        ,  2.681701385508832e-01,  2.910589866519177e-01,  0.000000000000000e+00,  1.280442555127992e+00,  1.210655510407144e+03
s605        ,  3.261329152258360e-01,  2.712243479057060e-01,  0.000000000000000e+00,  2.492295440246838e+00,  1.122437598223346e+03
s606        ,  2.873274140704322e-01,  3.210283528297834e-01,  0.000000000000000e+00,  1.892716129019215e+00,  7.995221723245666e+02
s607        ,  3.712803163791649e-01,  3.628451617839681e-01,  0.000000000000000e+00,  1.517690882924925e+00,  4.997837213254963e+02
s608        ,  3.639112831354855e-01,  3.314205934151619e-01,  0.000000000000000e+00,  1.046804086388219e+00,  8.927517849995988e+02
s609        ,  3.343046893439320e-01,  3.115084711943699e-01,  0.000000000000000e+00,  8.137642503078882e-01,  1.127196888538562e+03
s610        ,  3.343797244850589e-01,  3.299151435389017e-01,  0.000000000000000e+00,  9.358024832056449e-01,  9.312845833519158e+02
s611        ,  3.423638113371397e-01,  3.424463235131529e-01,  0.000000000000000e+00,  1.514776978550758e+00,  6.874132258640037e+02
s612        ,  3.029297110362906e-01,  3.124046909099883e-01,  0.000000000000000e+00,  1.354073217423440e+00,  9.985896290340497e+02
s613        ,  4.196989461871391e-01,  3.949263194261229e-01,  0.000000000000000e+00,  1.589848560993608e+00,  1.896425322748705e+02
s614        ,  3.188431641765255e-01,  3.283809500653889e-01,  2.111414836459610e-02,  1.052980649414168e+00,  9.953352210624921e+02
s615        ,  3.288426580697588e-01,  3.173966393817799e-01,  0.000000000000000e+00,  9.113364430098391e-01,  1.051483490951662e+03
s616        ,  2.928050790423800e-01,  2.785118675194387e-01,  0.000000000000000e+00,  8.685590409247984e-01,  1.417441550404502e+03
s617        ,  2.786977690996270e-01,  2.629765883944604e-01,  0.000000000000000e+00,  2.062782266553235e+00,  1.293743027702350e+03
s618        ,  2.814924003544382e-01,  2.938164986816054e-01,  8.582033854451732e-02,  7.179919032705752e-01,  1.620011257475284e+03
s619        ,  3.762654840393755e-01,  3.642904540598049e-01,  0.000000000000000e+00,  2.273556586290125e+00,  3.181129234569254e+02
s620        ,  4.077195830571920e-01,  3.883177878374235e-01,  0.000000000000000e+00,  1.168646192870682e+00,  3.440706151693542e+02
s621        ,  3.862795794656866e-01,  3.497269563249361e-01,  0.000000000000000e+00,  5.876710623923829e-01,  8.272562371556153e+02
s622        ,  2.871208436766453e-01,  3.302840153039697e-01,  0.000000000000000e+00,  1.303073308206293e+00,  8.460676838837287e+02
s623        ,  3.384633901935590e-01,  3.208833528711610e-01,  0.000000000000000e+00,  6.091151147365244e-01,  1.086864841098914e+03
s624        ,  4.097704013612976e-01,  3.654802506198157e-01,  0.000000000000000e+00,  1.150304595598863e+00,  5.574913866592801e+02
s625        ,  3.105738368792781e-01,  3.529983139754627e-01,  0.000000000000000e+00,  1.921597009565635e+00,  5.000432243536457e+02
s626        ,  3.514279969117633e-01,  3.288978878279695e-01,  0.000000000000000e+00,  6.167727165207485e-01,  1.011695579903039e+03
s627        ,  3.507814050135403e-01,  3.269514206428328e-01,  3.242431620809999e-02,  1.011536337351593e+00,  1.058436338930617e+03
s628        ,  3.323749384435841e-01,  3.848767244292013e-01,  0.000000000000000e+00,  1.434751453383166e+00,  3.163182533051873e+02
s629        ,  3.054129561964547e-01,  2.704350643808314e-01,  0.000000000000000e+00,  6.756943579121756e-01,  1.534449646571969e+03
s630        ,  3.456187416237006e-01,  3.609641440910531e-01,  9.202526715101018e-02,  5.533866998673284e-01,  1.063561982325690e+03
s631        ,  3.427911311385674e-01,  3.380030778867105e-01,  0.000000000000000e+00,  9.388035142091704e-01,  8.564801101098368e+02
s632        ,  3.245171668015616e-01,  3.544765336910686e-01,  0.000000000000000e+00,  7.917351811131097e-01,  7.382507498990915e+02
s633        ,  4.575225281517705e-01,  3.877854531548249e-01,  0.000000000000000e+00,  1.689927008939907e+00,  2.327976747168319e+02
s634        ,  3.617034399777208e-01,  3.464810995100201e-01,  2.948960302457466e-02,  3.213268610313800e-01,  1.022639327151978e+03
s635        ,  4.224249026405583e-01,  3.871156027096668e-01,  0.000000000000000e+00,  2.113284718795807e+00,  1.446045816739733e+02
s636        ,  3.240434718187445e-01,  2.934221257571225e-01,  0.000000000000000e+00,  1.169540139229295e+00,  1.213705872796834e+03
s637        ,  3.164888547405136e-01,  3.154387435124395e-01,  0.000000000000000e+00,  6.069202697846865e-01,  1.137260382474164e+03
s638        ,  3.404861588298857e-01,  3.749719366923630e-01,  0.000000000000000e+00,  1.516491467228716e+00,  3.888942985809143e+02
s639        ,  3.384903784504644e-01,  2.986323083181750e-01,  0.000000000000000e+00,  1.078651814050831e+00,  1.186200046079408e+03
s640        ,  3.301025015382980e-01,  3.377095851347162e-01,  3.654967281380131e-02,  6.694658287507987e-01,  1.050913448518505e+03
s641        ,  3.985098556532290e-01,  3.723768281563001e-01,  0.000000000000000e+00,  1.031745560850343e+00,  5.206933155635077e+02
s642        ,  3.864695791517571e-01,  3.659858672956620e-01,  0.000000000000000e+00,  1.516961335353649e+00,  4.711578845875784e+02
s643        ,  3.365329052485860e-01,  3.227059515820433e-01,  3.002469135802469e-02,  1.744331816944839e+00,  9.254203364276210e+02
s644        ,  2.792559572339619e-01,  2.785989658338851e-01,  0.000000000000000e+00,  1.899084497853134e+00,  1.187020229845509e+03
s645        ,  3.560560712068223e-01,  3.370524044667365e-01,  2.965561224489796e-02,  6.425830837576513e-01,  1.038080419301744e+03
s646        ,  3.717550173837612e-01,  3.910760333895204e-01,  0.000000000000000e+00,  1.129150293544287e+00,  3.275884567875636e+02
s647        ,  3.499961289371213e-01,  3.458816009619769e-01,  0.000000000000000e+00,  7.160576952877273e-01,  8.338963391327485e+02
s648        ,  3.356155045608213e-01,  3.783128123689829e-01,  0.000000000000000e+00,  1.479369713038297e+00,  3.665426147565960e+02
s649        ,  3.609151245573065e-01,  3.927265053795909e-01,  0.000000000000000e+00,  9.232867533625120e-01,  3.583306375256912e+02
s650        ,  2.967930004646972e-01,  2.552388352309760e-01,  0.000000000000000e+00,  2.523649224126643e+00,  1.261978023843233e+03
s651        ,  4.101788875021543e-01,  3.919461303229531e-01,  0.000000000000000e+00,  1.034557893228666e+00,  3.406901532587943e+02
s652        ,  4.728892349883318e-01,  3.850604976722110e-01,  0.000000000000000e+00,  1.387493628013560e+00,  3.251637946244645e+02
s653        ,  3.545214117288215e-01,  3.532563157108718e-01,  0.000000000000000e+00,  1.294488530891502e+00,  6.374114115747556e+02
s654        ,  3.750141928233718e-01,  3.506096931406409e-01,  0.000000000000000e+00,  1.727527262527657e+00,  5.651807080474782e+02
s655        ,  3.521708766514586e-01,  3.518292690636143e-01,  0.000000000000000e+00,  1.093989913283017e+00,  6.951673843069345e+02
s656        ,  3.717335421883214e-01,  3.568280001658964e-01,  0.000000000000000e+00,  6.427123835557670e-01,  7.499021368202903e+02
s657        ,  3.441208254455855e-01,  3.276474581082117e-01,  0.000000000000000e+00,  8.225507037511299e-01,  9.773055870063530e+02
s658        ,  2.368548105888935e-01,  2.563182896085829e-01,  0.000000000000000e+00,  2.656944033401343e-01,  1.755203797276794e+03
s659        ,  3.171090932690834e-01,  3.187579062932865e-01,  0.000000000000000e+00,  5.118740463077547e-01,  1.128014525782320e+03
s660        ,  3.790200851348591e-01,  3.505914995588689e-01,  0.000000000000000e+00,  1.223311909026548e+00,  6.776973637941527e+02
s661        ,  3.687095274880343e-01,  3.898810203312842e-01,  0.000000000000000e+00,  1.318565076613487e+00,  2.963365720314189e+02
s662        ,  2.315298985659086e-01,  2.681505572704800e-01,  3.864734299516908e-02,  3.071633112534308e-01,  1.776795676333297e+03
s663        ,  3.640119387395722e-01,  3.714605019892631e-01,  0.000000000000000e+00,  8.591875675355051e-01,  5.675421478792454e+02
s664        ,  2.857188063426898e-01,  2.815628775343351e-01,  0.000000000000000e+00,  5.862872468696443e-01,  1.452371474226291e+03
s665        ,  3.256509504333960e-01,  3.605008769548906e-01,  8.004326663061115e-02,  1.329726196402190e+00,  8.516390403974909e+02
s666        ,  2.892912646809653e-01,  3.085828915357403e-01,  0.000000000000000e+00,  8.762857073663517e-01,  1.140082284750655e+03
s667        ,  2.837552795280425e-01,  3.177446870345251e-01,  0.000000000000000e+00,  9.224188377513163e-01,  1.045823816926312e+03
s668        ,  3.715335614278034e-01,  3.708661029351855e-01,  0.000000000000000e+00,  1.983006285922528e+00,  3.225798616086312e+02
s669        ,  3.717358113150651e-01,  3.466101926187287e-01,  0.000000000000000e+00,  1.493991682812145e+00,  6.538776938993919e+02
s670        ,  2.947655724762283e-01,  3.176762114294884e-01,  1.037104440799320e-01,  6.447865233983232e-01,  1.482097481629798e+03
s671        ,  3.071959891293752e-01,  3.383006020383234e-01,  0.000000000000000e+00,  1.077798388413475e+00,  8.227819285197929e+02
s672        ,  2.993479615742132e-01,  3.233717484572050e-01,  0.000000000000000e+00,  1.620263219556433e+00,  8.387503887688433e+02
s673        ,  3.593225247107919e-01,  3.437043723565352e-01,  0.000000000000000e+00,  2.897922866576044e-01,  9.488342801174811e+02
s674        ,  3.266518921019476e-01,  3.417612496348608e-01,  6.410109658661661e-02,  6.474531539032664e-01,  1.117978197564721e+03
s675        ,  2.996384996836147e-01,  3.136213195302340e-01,  4.039256198347107e-02,  3.648396689397798e-01,  1.353439138417153e+03
s676        ,  3.451796209978898e-01,  3.315634719948685e-01,  2.487540049839801e-02,  1.601219441020421e+00,  8.575602391646063e+02
s677        ,  2.641222815503110e-01,  2.794086280086233e-01,  2.389053254437870e-02,  1.558839216174831e+00,  1.341516619783977e+03
s678        ,  3.304311167670392e-01,  3.368974280834346e-01,  0.000000000000000e+00,  6.590271604931766e-01,  9.289548522136096e+02
s679        ,  3.628879844265776e-01,  3.529379580843823e-01,  5.485051997933559e-02,  7.554679694567621e-01,  9.581219662601967e+02
s680        ,  3.098867977998412e-01,  3.419790530394459e-01,  1.083256832144623e-01,  4.523778831268050e-01,  1.318838857261522e+03
s681        ,  3.124078424434578e-01,  2.952065952979481e-01,  0.000000000000000e+00,  1.049674906672947e+00,  1.224057553212830e+03
s682        ,  3.998283578521670e-01,  3.348551174190329e-01,  2.663758344900522e-02,  7.079884192377707e-01,  1.032770235084916e+03
s683        ,  2.934835296170684e-01,  3.417610534832546e-01,  0.000000000000000e+00,  2.097291178870406e+00,  5.638980258434649e+02
s684        ,  3.622134383455983e-01,  3.946832367492216e-01,  0.000000000000000e+00,  9.648677113552147e-01,  3.311296881635439e+02
s685        ,  4.144136208759349e-01,  3.381522763361367e-01,  0.000000000000000e+00,  8.815372988930802e-01,  8.678726534091130e+02
s686        ,  3.781881014682912e-01,  3.285095337773850e-01,  0.000000000000000e+00,  6.325331288073200e-01,  1.011743563710835e+03
s687        ,  3.587899423142989e-01,  3.706657937641920e-01,  0.000000000000000e+00,  1.869657900081210e+00,  3.496723670759686e+02
s688        ,  2.684144109503693e-01,  3.126895940913319e-01,  0.000000000000000e+00,  1.043335003179554e+00,  1.065217217652622e+03
s689        ,  3.492326363550046e-01,  3.548538750593938e-01,  9.070294784580497e-03,  3.924851547243679e-01,  8.564436620909896e+02
s690        ,  3.053784197635313e-01,  2.648365498466673e-01,  0.000000000000000e+00,  3.012664702212027e+00,  1.065040232711096e+03
s691        ,  3.056418685854862e-01,  2.804973394873716e-01,  0.000000000000000e+00,  8.336153815756004e-01,  1.407028468404826e+03
s692        ,  2.913142578793697e-01,  3.101976334358716e-01,  0.000000000000000e+00,  3.319061272760310e-01,  1.246580538491234e+03
s693        ,  3.147770284800075e-01,  3.240249522124507e-01,  2.882347803301598e-02,  9.164855488807880e-01,  1.093462515519762e+03
s694        ,  2.984705041084280e-01,  3.767909896545524e-01,  0.000000000000000e+00,  1.488445567344038e+00,  3.784696823764531e+02
s695        ,  4.012577384470942e-01,  3.805387515574168e-01,  0.000000000000000e+00,  1.009019226059586e+00,  4.509432459359961e+02
s696        ,  3.034072848090301e-01,  3.419785959723176e-01,  0.000000000000000e+00,  2.023017417817258e+00,  5.784537550884538e+02
s697        ,  3.672668652018035e-01,  3.609691235831775e-01,  7.074202229911572e-02,  4.940268724254606e-01,  1.000035859489909e+03
s698        ,  4.108239364695501e-01,  3.755580383631884e-01,  0.000000000000000e+00,  9.556674585505041e-01,  5.084854621685496e+02
s699        ,  2.757255541231750e-01,  2.957933925080700e-01,  1.940271693315460e-02,  6.499759509470059e-01,  1.377669742054762e+03
s700        ,  2.819198034544880e-01,  2.752799603571583e-01,  0.000000000000000e+00,  1.246361534444329e+00,  1.362883500762976e+03
s701        ,  3.140786847731655e-01,  2.796998474738603e-01,  0.000000000000000e+00,  1.516026392768820e+00,  1.262282788603648e+03
s702        ,  2.942837007980383e-01,  3.145457630888371e-01,  0.000000000000000e+00,  7.384691146749295e-01,  1.116133760352256e+03
s703        ,  2.899424986900252e-01,  3.395460909772601e-01,  0.000000000000000e+00,  2.097539133712289e+00,  5.841456082774806e+02
s704        ,  3.777084012576264e-01,  3.707392406262527e-01,  8.476898542260955e-02,  5.052072911912910e-01,  9.585442774632738e+02
s705        ,  3.226798684887092e-01,  3.088685888863574e-01,  0.000000000000000e+00,  1.297870759360175e+00,  1.043525416893765e+03
s706        ,  3.595823462134068e-01,  3.652175689436353e-01,  4.422513871542352e-03,  1.146840346763307e+00,  5.766103097074697e+02
s707        ,  3.763974771864712e-01,  3.505228865928033e-01,  9.205895956081964e-02,  1.254945175221733e+00,  1.003068141100764e+03
s708        ,  3.829175719132407e-01,  3.249309028303317e-01,  0.000000000000000e+00,  1.135435503802021e+00,  9.324887498230349e+02
s709        ,  3.954604723130689e-01,  3.493349594179179e-01,  4.156486287209588e-02,  7.579382842636929e-01,  9.427144623675083e+02
s710        ,  3.425489866820026e-01,  3.585525770013534e-01,  0.000000000000000e+00,  1.963314033628362e+00,  4.398361925338236e+02
s711        ,  3.300759218022618e-01,  3.712317168326461e-01,  0.000000000000000e+00,  1.652928766067113e+00,  3.927768461268814e+02
s712        ,  2.679964023023045e-01,  3.033977249095673e-01,  4.186622855869904e-02,  5.564728205092950e-01,  1.409762165763114e+03
s713        ,  3.595425435144403e-01,  3.484861257229775e-01,  0.000000000000000e+00,  3.324653354971915e-01,  8.954952186117278e+02
s714        ,  2.553853569183208e-01,  2.889103130963926e-01,  5.761316872427983e-02,  3.764653925694227e-01,  1.639420108056018e+03
s715        ,  3.219609547804439e-01,  3.197884006608315e-01,  0.000000000000000e+00,  3.904729631029858e-01,  1.145619528115533e+03
s716        ,  2.739206771298864e-01,  2.945791849355036e-01,  0.000000000000000e+00,  3.710607292876610e-01,  1.381018185441995e+03
s717        ,  3.496918866396705e-01,  3.221403160574640e-01,  0.000000000000000e+00,  1.059970041293179e+00,  9.748831879156544e+02
s718        ,  3.858037501617538e-01,  3.741172086713043e-01,  0.000000000000000e+00,  1.249842990187488e+00,  4.561438668697904e+02
s719        ,  3.656444373151383e-01,  3.726397926672947e-01,  0.000000000000000e+00,  1.183879211594689e+00,  4.843843167607105e+02
s720        ,  3.665945804148918e-01,  3.756143161409423e-01,  0.000000000000000e+00,  1.720999316928459e+00,  3.374374153990816e+02
s721        ,  2.976921642219451e-01,  3.149088545053675e-01,  7.561436672967864e-02,  1.010377152819820e+00,  1.324741032218277e+03
s722        ,  3.352058024081789e-01,  3.615530216491523e-01,  0.000000000000000e+00,  1.655323557540840e+00,  4.809602781739989e+02
s723        ,  3.380057040186947e-01,  3.507068519438331e-01,  3.119792177237526e-02,  1.627616699137135e+00,  6.989929995422730e+02
s724        ,  3.242387501915022e-01,  3.744720398262402e-01,  1.237593128882949e-02,  1.198821696262450e+00,  5.088642257629914e+02
s725        ,  3.221826279978117e-01,  2.973204402197431e-01,  0.000000000000000e+00,  1.874471267914161e+00,  1.020899440649694e+03
s726        ,  2.738917222766719e-01,  2.613407204908069e-01,  0.000000000000000e+00,  1.555680005733088e+00,  1.421730905279160e+03
s727        ,  3.810548900214357e-01,  3.238275979889795e-01,  0.000000000000000e+00,  9.222361666453567e-01,  9.901072242261871e+02
s728        ,  3.412893897345711e-01,  3.643405143595798e-01,  0.000000000000000e+00,  8.888709079688872e-01,  6.261914371330348e+02
s729        ,  2.868947364315128e-01,  3.103620241742736e-01,  0.000000000000000e+00,  1.096979249126948e+00,  1.074599156610194e+03
s730        ,  3.314426660264801e-01,  3.202449175869673e-01,  2.424697766546001e-02,  8.615875243046718e-01,  1.123849386687090e+03
s731        ,  2.684622004709819e-01,  2.821037416961980e-01,  0.000000000000000e+00,  1.878642169710522e+00,  1.159449670613772e+03
s732        ,  2.921055314645209e-01,  3.071464353322387e-01,  0.000000000000000e+00,  3.163561425425495e-01,  1.278013356244659e+03
s733        ,  3.698853057667421e-01,  3.490597582731425e-01,  0.000000000000000e+00,  1.573555360079324e+00,  6.136959608726145e+02
s734        ,  3.153497109258767e-01,  3.012482869774757e-01,  1.257887517146776e-02,  1.266179611462801e+00,  1.165771858849468e+03
s735        ,  3.434171840499868e-01,  3.520137766064738e-01,  0.000000000000000e+00,  1.159130291551974e+00,  6.789614879665672e+02
s736        ,  2.883239765709396e-01,  3.052544947621133e-01,  0.000000000000000e+00,  1.151803942879481e+00,  1.109199785062849e+03
s737        ,  3.404312799986701e-01,  3.435527792818914e-01,  0.000000000000000e+00,  2.092053351848397e+00,  5.486417733763597e+02
s738        ,  3.018129210281842e-01,  3.083683544785067e-01,  6.874906387440258e-02,  7.640995100002936e-01,  1.414825287061140e+03
s739        ,  3.135817291557892e-01,  3.159357759656317e-01,  0.000000000000000e+00,  1.466382325472660e+00,  9.411980745819319e+02
s740        ,  2.943637803121305e-01,  3.005922695788625e-01,  0.000000000000000e+00,  9.860523129337394e-01,  1.188867746868654e+03
s741        ,  3.699984862318467e-01,  3.754662058027589e-01,  7.495069033530573e-02,  4.949262072981848e-01,  8.821205274886966e+02
s742        ,  2.836716313827631e-01,  3.092574502883904e-01,  0.000000000000000e+00,  5.625644370614069e-01,  1.203802893201996e+03
s743        ,  3.859455126663645e-01,  3.305240933055197e-01,  1.294260204081633e-01,  4.960396062533337e-01,  1.490156661920389e+03
s744        ,  3.549022051232796e-01,  3.564976516939877e-01,  2.551775147928994e-02,  7.565704691250199e-01,  8.195289123192590e+02
s745        ,  3.365021664800502e-01,  3.818049035466656e-01,  6.037918125830215e-03,  1.324770202014874e+00,  3.907427038790356e+02
s746        ,  2.996679021289546e-01,  3.014264853180097e-01,  0.000000000000000e+00,  1.109765561505632e+00,  1.153655203243760e+03
s747        ,  3.496033235622116e-01,  3.362339999049250e-01,  0.000000000000000e+00,  1.688569373782337e+00,  7.056321096336925e+02
s748        ,  3.833413178741681e-01,  3.593792133325009e-01,  4.787100025195263e-02,  8.206946905918441e-01,  8.593911675359998e+02
s749        ,  3.194276290097619e-01,  3.493794081816035e-01,  0.000000000000000e+00,  1.767577781736681e+00,  5.675336634848468e+02
s750        ,  3.607086425829715e-01,  3.189333629287145e-01,  0.000000000000000e+00,  1.875152930499559e+00,  8.226387627993803e+02
s751        ,  3.933327188318541e-01,  3.307940989351235e-01,  0.000000000000000e+00,  9.365723438590731e-01,  9.230563441440164e+02
s752        ,  2.711413176352050e-01,  2.806834593832406e-01,  0.000000000000000e+00,  7.036474156352069e-01,  1.434282075723087e+03
s753        ,  3.829161641718021e-01,  3.680497796605810e-01,  0.000000000000000e+00,  1.067995845220879e+00,  5.522786576853185e+02
s754        ,  3.197877473206903e-01,  3.485093265865625e-01,  1.220930232558139e-01,  7.355985369148359e-01,  1.245492339571469e+03
s755        ,  3.496617569418546e-01,  3.676204685651259e-01,  0.000000000000000e+00,  1.533872207880810e+00,  4.524066693519233e+02
s756        ,  3.699460983440985e-01,  3.746574594188312e-01,  1.563842584636536e-01,  7.510189069761912e-01,  1.125966144376182e+03
s757        ,  3.280911972855501e-01,  3.099835770437865e-01,  0.000000000000000e+00,  8.027672321144759e-01,  1.143624771920209e+03
s758        ,  3.125936661497958e-01,  3.178513372184614e-01,  0.000000000000000e+00,  5.012377174770489e-01,  1.138694336679496e+03
s759        ,  3.749231601912195e-01,  3.453953698997473e-01,  0.000000000000000e+00,  1.463468226193903e+00,  6.718142997322918e+02
s760        ,  3.202174624481622e-01,  3.333388820931490e-01,  0.000000000000000e+00,  9.842056726541522e-01,  8.891165863820349e+02
s761        ,  4.037004208658205e-01,  3.679004328686644e-01,  0.000000000000000e+00,  6.014178655460727e-01,  6.576110862775907e+02
s762        ,  2.705693545058654e-01,  2.608872886236366e-01,  0.000000000000000e+00,  6.192162593267136e-01,  1.634551172708310e+03
s763        ,  3.632076138151025e-01,  3.593492829490653e-01,  1.239409722222222e-01,  9.211925451294458e-01,  1.111436843182706e+03
s764        ,  2.904214123983059e-01,  3.197979443856077e-01,  0.000000000000000e+00,  1.635299513351163e+00,  8.681582549709062e+02
s765        ,  3.401053585508043e-01,  3.647080044648770e-01,  6.485260770975057e-02,  4.830815762693438e-01,  9.469772165002368e+02
s766        ,  3.084050561945721e-01,  3.201728579024211e-01,  0.000000000000000e+00,  7.355017255147489e-01,  1.065215772678058e+03
s767        ,  3.291785188280746e-01,  2.950269916681994e-01,  0.000000000000000e+00,  2.385653308396524e+00,  9.280194777870637e+02
s768        ,  3.362959726167617e-01,  3.668800051510422e-01,  0.000000000000000e+00,  1.332411088469625e+00,  5.040837354545929e+02
s769        ,  4.447436541042360e-01,  3.921631023388614e-01,  0.000000000000000e+00,  9.396697378246197e-01,  3.598444364598257e+02
s770        ,  4.366827959781677e-01,  3.574032459362267e-01,  4.466128729592794e-02,  3.557893839731731e-01,  9.695259423777106e+02
s771        ,  2.732263690999292e-01,  2.810021761593204e-01,  0.000000000000000e+00,  1.866393283355916e+00,  1.172276173906144e+03
s772        ,  3.586463705210161e-01,  3.514456672221095e-01,  4.595137731594941e-02,  6.527376612213645e-01,  9.626176560395195e+02
s773        ,  3.494536072487898e-01,  3.778322566037579e-01,  0.000000000000000e+00,  1.577303941830934e+00,  3.491256681577786e+02
s774        ,  4.247318519587049e-01,  3.758000600236403e-01,  0.000000000000000e+00,  1.255215388598342e+00,  4.395213978835232e+02
s775        ,  3.400241339719085e-01,  3.041032866014809e-01,  0.000000000000000e+00,  2.098224249244303e+00,  9.088694669845280e+02
s776        ,  2.703825454286858e-01,  3.194243891037064e-01,  0.000000000000000e+00,  5.726505974904927e-01,  1.108363091803993e+03
s777        ,  3.180965813552759e-01,  3.214026873662399e-01,  0.000000000000000e+00,  1.762105050675836e+00,  8.251938620764129e+02
s778        ,  3.344616171325667e-01,  3.413533369746903e-01,  3.144944065616734e-02,  5.608013841308752e-01,  1.023344979444165e+03
s779        ,  4.009566962610436e-01,  3.417550983571613e-01,  0.000000000000000e+00,  1.339242654981976e+00,  7.328619225436082e+02
s780        ,  3.563640868327244e-01,  3.680126269875080e-01,  1.022455278407659e-01,  5.102069815126817e-01,  1.045410322617168e+03
s781        ,  2.649329396139021e-01,  2.876539074372984e-01,  0.000000000000000e+00,  1.390393574029802e+00,  1.217367790999476e+03
s782        ,  3.338551315946975e-01,  3.432372581487409e-01,  0.000000000000000e+00,  7.949918197370972e-01,  8.405467658786205e+02
s783        ,  3.045407149746746e-01,  3.513806150032784e-01,  0.000000000000000e+00,  1.951904914603744e+00,  5.081181629426260e+02
s784        ,  2.985260989809689e-01,  3.184706354771443e-01,  0.000000000000000e+00,  1.718463196472030e+00,  8.617940246390932e+02
s785        ,  3.071820525176505e-01,  3.143083221179948e-01,  0.000000000000000e+00,  1.238299097938791e+00,  1.006937460598000e+03
s786        ,  3.296681543954699e-01,  3.218251103873777e-01,  0.000000000000000e+00,  1.391652876625917e+00,  9.038664521491429e+02
s787        ,  3.465928111087382e-01,  3.228322307575354e-01,  0.000000000000000e+00,  3.182324879368186e-01,  1.133815826106302e+03
s788        ,  3.238375537313586e-01,  3.327561179020965e-01,  0.000000000000000e+00,  7.920931658952179e-01,  9.372650773786366e+02
s789        ,  3.578303916562611e-01,  3.967542535600783e-01,  0.000000000000000e+00,  1.741417187847662e+00,  1.391145780558605e+02
s790        ,  3.446858102804674e-01,  3.982641448934552e-01,  0.000000000000000e+00,  9.922649631440436e-01,  2.922016093057326e+02
s791        ,  3.249752459595651e-01,  3.051525456966183e-01,  0.000000000000000e+00,  8.381597698701276e-01,  1.180020855537277e+03
s792        ,  3.476053048360684e-01,  3.526631067118042e-01,  0.000000000000000e+00,  1.548339112038561e+00,  5.862855945333109e+02
s793        ,  3.097825366365258e-01,  2.842391660897091e-01,  0.000000000000000e+00,  2.148168673044733e+00,  1.079819673154796e+03
s794        ,  2.867393516849774e-01,  3.146781918781650e-01,  0.000000000000000e+00,  1.647594890385883e+00,  9.123473580061303e+02
s795        ,  3.702845088002308e-01,  3.475153877961417e-01,  0.000000000000000e+00,  4.386888047090874e-01,  8.807243703820737e+02
s796        ,  3.082874914963972e-01,  3.172261657985411e-01,  0.000000000000000e+00,  3.721468701972776e-01,  1.173188977436620e+03
s797        ,  2.782785712367717e-01,  3.258536160263965e-01,  1.676968556839559e-02,  1.683362202794973e+00,  8.623810083153315e+02
s798        ,  3.082196621533786e-01,  3.507329982159562e-01,  1.251056635672020e-01,  4.892477703673603e-01,  1.290859741244498e+03
s799        ,  2.516166876808906e-01,  3.452746157672555e-01,  0.000000000000000e+00,  2.617398014606148e+00,  4.158010943404557e+02
s800        ,  3.752754365991258e-01,  3.809639328598101e-01,  0.000000000000000e+00,  1.480051350036883e+00,  3.420899797856088e+02
s801        ,  3.246209635059766e-01,  3.707342011368894e-01,  0.000000000000000e+00,  1.087224198813501e+00,  5.233881762229626e+02
s802        ,  4.079792643019313e-01,  3.809321442462338e-01,  0.000000000000000e+00,  7.926209345132534e-01,  4.955554575517407e+02
s803        ,  3.649553570094187e-01,  3.801975460686591e-01,  0.000000000000000e+00,  8.919165290113285e-01,  4.801637782201859e+02
s804        ,  2.441452079849671e-01,  2.841766123431679e-01,  0.000000000000000e+00,  1.849388555210975e-01,  1.517842353324486e+03
s805        ,  3.164419790049513e-01,  3.159668287481517e-01,  0.000000000000000e+00,  2.434024214920694e+00,  7.253022740269375e+02
s806        ,  3.693024905987883e-01,  3.497362126928311e-01,  0.000000000000000e+00,  9.175629309828566e-01,  7.536644766262636e+02
s807        ,  3.191228175525491e-01,  3.543089603533761e-01,  0.000000000000000e+00,  1.035057895247576e+00,  6.855692954131437e+02
s808        ,  3.793158450067193e-01,  3.272909920542836e-01,  0.000000000000000e+00,  2.485335548513349e+00,  6.100692550543566e+02
s809        ,  3.605465652216310e-01,  3.458957478513857e-01,  5.395362663495838e-02,  5.539209798726250e-01,  1.064348858936064e+03
s810        ,  3.824385024147211e-01,  3.507567733332042e-01,  0.000000000000000e+00,  1.044305582181606e+00,  7.160688395296921e+02
s811        ,  3.580309026561524e-01,  3.752116634826793e-01,  0.000000000000000e+00,  1.071750404530153e+00,  4.857946645211637e+02
s812        ,  4.082198971938309e-01,  3.778584158054109e-01,  0.000000000000000e+00,  1.002287557974668e+00,  4.770117498152327e+02
s813        ,  3.777542847031886e-01,  3.605462327472925e-01,  0.000000000000000e+00,  1.509415146728709e+00,  5.227002187835136e+02
s814        ,  2.971435305207454e-01,  3.193431597308617e-01,  0.000000000000000e+00,  1.882292139492084e+00,  8.172917080609579e+02
s815        ,  3.213071390383087e-01,  3.282263854101718e-01,  0.000000000000000e+00,  1.750123386526225e+00,  7.653161187098386e+02
s816        ,  2.887445984618123e-01,  2.553522880353295e-01,  0.000000000000000e+00,  1.645096592089603e+00,  1.456698275854343e+03
s817        ,  3.674177460167670e-01,  3.451046438271477e-01,  0.000000000000000e+00,  1.614396355911128e+00,  6.408491659229238e+02
s818        ,  3.639907411341862e-01,  3.537212908365977e-01,  0.000000000000000e+00,  5.936239402181573e-01,  7.893168635144602e+02
s819        ,  3.711799756445687e-01,  4.029739799324992e-01,  0.000000000000000e+00,  1.334118150948225e+00,  1.728580779506157e+02
s820        ,  3.982124713714961e-01,  3.705258642184647e-01,  1.493229166666667e-01,  6.195790375965987e-01,  1.167675008981831e+03
s821        ,  4.040900310131655e-01,  3.684994533104902e-01,  0.000000000000000e+00,  9.947170101810552e-01,  5.644849311608076e+02
s822        ,  3.477446523405509e-01,  3.546605553609785e-01,  1.173964497041420e-01,  1.473993426958677e+00,  1.007651806437124e+03
s823        ,  2.954095158407338e-01,  3.136600564903018e-01,  0.000000000000000e+00,  1.356840883626061e+00,  9.864659780313506e+02
s824        ,  4.283252901174056e-01,  4.044792353844531e-01,  0.000000000000000e+00,  1.206440713175340e+00,  1.875098211722065e+02
s825        ,  3.397919403129021e-01,  3.387723612177748e-01,  0.000000000000000e+00,  1.094962074550252e+00,  8.146332466339653e+02
s826        ,  3.778871682303130e-01,  3.840207060868231e-01,  0.000000000000000e+00,  1.255510965639263e+00,  3.641032925584239e+02
s827        ,  2.337787130599568e-01,  3.318995655981147e-01,  5.516040063869938e-03,  2.173474823064055e+00,  6.571956556766830e+02
s828        ,  3.728406611540748e-01,  3.309984785193866e-01,  0.000000000000000e+00,  9.832521776447164e-01,  9.107816976941137e+02
s829        ,  2.607144883285425e-01,  2.799503153199780e-01,  0.000000000000000e+00,  1.708279270997848e+00,  1.217148921027684e+03
s830        ,  3.482088414946918e-01,  3.668479561979155e-01,  1.101354453627181e-01,  1.280207575567651e+00,  9.129495784108019e+02
s831        ,  2.919464512532615e-01,  3.543319115254479e-01,  0.000000000000000e+00,  1.309681085264303e+00,  6.241670406991168e+02
s832        ,  2.475208749435529e-01,  3.197876014536611e-01,  0.000000000000000e+00,  8.403978667092588e-01,  1.045374029705147e+03
s833        ,  3.566347081859653e-01,  3.636060192676882e-01,  0.000000000000000e+00,  5.839326830656670e-01,  7.008706930568131e+02
s834        ,  3.856874669956564e-01,  3.256521419586828e-01,  0.000000000000000e+00,  8.425569542727054e-01,  9.911372748636929e+02
s835        ,  2.944982044493083e-01,  2.947694117833560e-01,  0.000000000000000e+00,  4.810648939659342e-01,  1.354763260259839e+03
s836        ,  3.860699495992029e-01,  3.077610380120331e-01,  3.611719661759587e-02,  6.796489126510513e-01,  1.321600700504818e+03
s837        ,  2.443036554913805e-01,  2.882972415557459e-01,  1.706916030022035e-02,  4.273434930178197e-01,  1.487577955626712e+03
s838        ,  2.837466788193044e-01,  2.443780151403255e-01,  0.000000000000000e+00,  1.910415304181228e+00,  1.498172223761972e+03
s839        ,  3.354549725730311e-01,  3.627603636624244e-01,  0.000000000000000e+00,  1.345665881147599e+00,  5.388918233999366e+02
s840        ,  2.763733904068356e-01,  3.300239723112616e-01,  0.000000000000000e+00,  1.017253208016726e+00,  9.121380836052116e+02
s841        ,  3.643875992509446e-01,  3.382281744275448e-01,  7.567412624639135e-02,  1.336476456752410e+00,  1.038544561290253e+03
s842        ,  2.695598883230792e-01,  3.026704780499985e-01,  0.000000000000000e+00,  5.494153330326935e-01,  1.267110424806887e+03
s843        ,  3.362322734626774e-01,  3.230486514696366e-01,  0.000000000000000e+00,  6.974224225851828e-01,  1.047340495649954e+03
s844        ,  2.356440744998030e-01,  2.760407513498792e-01,  0.000000000000000e+00,  2.115748062986690e-01,  1.586482383731672e+03
s845        ,  3.414509738024666e-01,  3.181509065000075e-01,  0.000000000000000e+00,  1.441398756347460e+00,  9.264605721651731e+02
s846        ,  3.284946295569345e-01,  3.424413242344090e-01,  0.000000000000000e+00,  2.059428201078895e+00,  5.660991905583784e+02
s847        ,  3.382786868662267e-01,  3.312072374374286e-01,  0.000000000000000e+00,  5.660008996379517e-01,  1.001840614079553e+03
s848        ,  2.603543239280899e-01,  2.730362183731837e-01,  0.000000000000000e+00,  1.072410414345973e+00,  1.422210135774556e+03
s849        ,  3.563475623622980e-01,  3.729040419126661e-01,  0.000000000000000e+00,  1.010100927268402e+00,  5.206836427174874e+02
s850        ,  2.533481965641474e-01,  2.467874492981147e-01,  0.000000000000000e+00,  5.163428218939627e-01,  1.786715778561714e+03
s851        ,  3.334865218614329e-01,  3.312018226992792e-01,  0.000000000000000e+00,  3.900120339925442e-01,  1.041104303709327e+03
s852        ,  3.251989652472498e-01,  3.277342748482208e-01,  0.000000000000000e+00,  8.321787361776440e-01,  9.743644756230798e+02
s853        ,  3.303981460032966e-01,  3.620457225733887e-01,  0.000000000000000e+00,  1.346749462930629e+00,  5.452009352978146e+02
s854        ,  3.550119141417548e-01,  3.654043362774583e-01,  3.362978638222425e-02,  7.018286371185944e-01,  7.793225798309179e+02
s855        ,  3.394520045520492e-01,  3.442641065896594e-01,  0.000000000000000e+00,  2.513735493951719e-01,  9.522641440020102e+02
s856        ,  2.968888541973028e-01,  3.021878075773710e-01,  2.917564501058332e-02,  1.227952761538490e+00,  1.225494309599402e+03
s857        ,  4.242626628749120e-01,  3.770854573745785e-01,  0.000000000000000e+00,  7.535148486667493e-01,  5.395286994091049e+02
s858        ,  3.574550615491790e-01,  3.536564051838992e-01,  0.000000000000000e+00,  8.660293953841893e-01,  7.292138988230429e+02
s859        ,  3.027110711545371e-01,  3.115577722283140e-01,  2.913043478260870e-02,  6.748385964750895e-01,  1.262689799499915e+03
s860        ,  3.368229604072003e-01,  3.453000933761581e-01,  0.000000000000000e+00,  1.433826191927081e+00,  6.792925000183619e+02
s861        ,  3.394582604410895e-01,  3.436527229393997e-01,  0.000000000000000e+00,  7.969083166848204e-01,  8.363114882791776e+02
s862        ,  3.118273414218689e-01,  3.361412052975347e-01,  0.000000000000000e+00,  1.003238326512889e+00,  8.591889978830134e+02
s863        ,  3.561627842648784e-01,  3.379079783817214e-01,  0.000000000000000e+00,  6.368677167946325e-01,  9.246295212633114e+02
s864        ,  3.589362653848208e-01,  3.079480870642236e-01,  0.000000000000000e+00,  1.951343125136238e+00,  9.063554167763580e+02
s865        ,  3.632125925214965e-01,  3.554842894317837e-01,  0.000000000000000e+00,  1.190684049825991e+00,  6.401191588884770e+02
s866        ,  3.538675215168127e-01,  3.768570337642265e-01,  0.000000000000000e+00,  1.425280420573846e+00,  3.919388437990892e+02
s867        ,  3.310372811448682e-01,  3.203745039237360e-01,  9.342532685441220e-03,  6.824777555205795e-01,  1.108853803122293e+03
s868        ,  2.250930966754193e-01,  2.731384569161571e-01,  3.320000000000000e-02,  4.234106988831471e-01,  1.685540295875774e+03
s869        ,  3.227632236826757e-01,  3.227375920740774e-01,  4.403277931671283e-02,  1.422417799770620e+00,  1.047346252497564e+03
s870        ,  2.955305789890147e-01,  3.295002991683271e-01,  0.000000000000000e+00,  4.991123128744341e-01,  1.032390982284887e+03
s871        ,  3.263687380400568e-01,  3.065356681637976e-01,  1.844085451710094e-02,  2.362337694687364e+00,  8.941864678935762e+02
s872        ,  3.581942854285155e-01,  3.494558083964265e-01,  0.000000000000000e+00,  2.007288026355504e+00,  5.134208288471370e+02
s873        ,  3.780199537649536e-01,  3.659912481477899e-01,  0.000000000000000e+00,  6.297787744716931e-01,  6.687916792421918e+02
s874        ,  4.051572712863296e-01,  3.822854490694609e-01,  0.000000000000000e+00,  1.421139011110982e+00,  3.431035927234553e+02
s875        ,  3.637115898742233e-01,  3.780498143929926e-01,  0.000000000000000e+00,  9.698195865896455e-01,  4.824919019763953e+02
s876        ,  3.707605657787341e-01,  3.839960519978403e-01,  0.000000000000000e+00,  1.686713500144350e+00,  2.682481946909239e+02
s877        ,  3.448717819571157e-01,  3.764044545596648e-01,  0.000000000000000e+00,  1.091403639834108e+00,  4.704821217227736e+02
s878        ,  3.077154378074489e-01,  2.744889392635569e-01,  0.000000000000000e+00,  1.521524098992055e+00,  1.308822110227499e+03
s879        ,  2.822144565235117e-01,  2.746265550484648e-01,  0.000000000000000e+00,  7.448970888411952e-01,  1.480609685787275e+03
s880        ,  2.990707743641133e-01,  3.157066586629885e-01,  0.000000000000000e+00,  5.264013650885166e-01,  1.152745935497257e+03
s881        ,  2.519924028225227e-01,  3.416894154487279e-01,  0.000000000000000e+00,  2.619405085152156e+00,  4.482166086979765e+02
s882        ,  3.029935117041472e-01,  2.948870215317737e-01,  0.000000000000000e+00,  8.709946485442283e-01,  1.266800592789585e+03
s883        ,  3.513753591077723e-01,  3.325437347258208e-01,  0.000000000000000e+00,  2.782917573153668e-01,  1.053697694193575e+03
s884        ,  3.148487123515269e-01,  3.190738861314185e-01,  7.466918714555766e-03,  5.587162167859107e-01,  1.141592335268540e+03
s885        ,  3.349797306381302e-01,  3.400813006025656e-01,  0.000000000000000e+00,  6.466930930111934e-01,  9.025190707148491e+02
s886        ,  2.645821893421532e-01,  2.832941532318973e-01,  0.000000000000000e+00,  6.158994023724997e-01,  1.429904004384021e+03
s887        ,  3.560393157185437e-01,  3.327411790873215e-01,  4.113710967090312e-02,  9.802064458864783e-01,  1.043748955993625e+03
s888        ,  3.665363028937624e-01,  3.562845829243060e-01,  9.126301493888638e-03,  1.309186497949861e+00,  6.392708059317423e+02
s889        ,  2.882985069243872e-01,  2.711607085066928e-01,  0.000000000000000e+00,  7.296659982273136e-01,  1.515772205668451e+03
s890        ,  3.314401632007343e-01,  3.857837752291845e-01,  0.000000000000000e+00,  1.025964406164674e+00,  3.990904627908814e+02
s891        ,  3.187054663095563e-01,  2.971645418980716e-01,  9.248249438499142e-03,  1.367163816066250e+00,  1.168699001875477e+03
s892        ,  2.885378548431122e-01,  3.288208944961647e-01,  0.000000000000000e+00,  1.095408451748746e+00,  9.057511104956070e+02
s893        ,  4.341641481228710e-01,  3.457047406473454e-01,  7.479283510256360e-02,  1.517221246174019e+00,  9.265626697057962e+02
s894        ,  3.434520439383409e-01,  3.566962489320137e-01,  5.752332863047945e-02,  4.929919215305280e-01,  9.917909768660384e+02
s895        ,  2.977872538643522e-01,  2.970912325277967e-01,  0.000000000000000e+00,  8.980894173862020e-01,  1.240559021506620e+03
s896        ,  4.395276693832269e-01,  3.460656044846196e-01,  0.000000000000000e+00,  2.046627919129548e+00,  5.357304177064378e+02
s897        ,  4.141074145418121e-01,  3.163779488083347e-01,  0.000000000000000e+00,  7.850798242280711e-01,  1.088953688259738e+03
s898        ,  3.245936699741395e-01,  2.973959570747888e-01,  3.632411722448378e-02,  2.108515967595283e+00,  1.098973143065569e+03
s899        ,  2.759455078310450e-01,  2.967641990285107e-01,  0.000000000000000e+00,  7.738038071649336e-01,  1.271250155834695e+03
s900        ,  2.812910468510978e-01,  2.826401114069161e-01,  0.000000000000000e+00,  1.405339706285600e+00,  1.259995029170729e+03
s901        ,  4.368412206448667e-01,  3.845502085883974e-01,  0.000000000000000e+00,  8.655236074197606e-01,  4.461472225576376e+02
s902        ,  2.476616888757790e-01,  2.834058943134238e-01,  1.593522685117982e-02,  3.407390365598428e-01,  1.547623610820801e+03
s903        ,  4.064063930352827e-01,  3.770493366641918e-01,  0.000000000000000e+00,  1.127804910802085e+00,  4.564600146703060e+02
s904        ,  2.692313868191551e-01,  3.455898983320855e-01,  0.000000000000000e+00,  2.172389101034077e+00,  5.120685823465208e+02
s905        ,  3.857159716978104e-01,  3.453736826188706e-01,  1.161271592393671e-03,  1.060784097397880e+00,  7.659250143552653e+02
s906        ,  2.875408284403677e-01,  2.606894224803070e-01,  0.000000000000000e+00,  6.440537193456797e-01,  1.630830543572058e+03
s907        ,  3.309853692311254e-01,  3.107074733925645e-01,  0.000000000000000e+00,  9.885325676520078e-01,  1.095596917168293e+03
s908        ,  3.448811689194689e-01,  3.053166698309161e-01,  0.000000000000000e+00,  1.209355599195508e+00,  1.095806143427320e+03
s909        ,  3.108819018906574e-01,  3.312867227679402e-01,  0.000000000000000e+00,  1.856213090986510e+00,  7.136253560930957e+02
s910        ,  2.601667533352491e-01,  2.615245658220569e-01,  0.000000000000000e+00,  5.785841225563034e-01,  1.637763453187893e+03
s911        ,  2.987315837360676e-01,  3.018662043734697e-01,  0.000000000000000e+00,  5.440044100048277e-01,  1.275688242260306e+03
s912        ,  3.440343127256966e-01,  3.345486821084058e-01,  0.000000000000000e+00,  1.759792888120572e+00,  7.052099904683868e+02
s913        ,  2.676759227439509e-01,  2.826129536692874e-01,  0.000000000000000e+00,  1.299474029623403e+00,  1.283833084105881e+03
s914        ,  3.362930685924894e-01,  3.461849379272615e-01,  0.000000000000000e+00,  1.279865775783519e+00,  7.054874713883452e+02
s915        ,  3.076052608078511e-01,  3.197237914734906e-01,  0.000000000000000e+00,  1.667420486345849e+00,  8.616807218491587e+02
s916        ,  3.754348103699239e-01,  3.427065241658246e-01,  0.000000000000000e+00,  1.571013208770869e+00,  6.724975431740636e+02
s917        ,  2.590598828517826e-01,  2.944033646574868e-01,  0.000000000000000e+00,  8.389299716817401e-01,  1.278378588759175e+03
s918        ,  4.961505633465160e-01,  3.850854432409274e-01,  0.000000000000000e+00,  1.616879115649361e+00,  2.738231796912921e+02
s919        ,  2.931955880287684e-01,  3.571357115245964e-01,  0.000000000000000e+00,  5.030437314158330e-01,  7.782027290373792e+02
s920        ,  2.474840765757152e-01,  2.616634245980786e-01,  0.000000000000000e+00,  5.323896419665372e-01,  1.646783754560193e+03
s921        ,  3.442280024555943e-01,  4.026037572665200e-01,  0.000000000000000e+00,  1.098107820052741e+00,  2.288397342495306e+02
s922        ,  3.930300610882673e-01,  3.919645088172129e-01,  0.000000000000000e+00,  1.211676952886593e+00,  3.010558037684751e+02
s923        ,  3.214733830150857e-01,  2.901103873996860e-01,  0.000000000000000e+00,  1.510084512239328e+00,  1.168181473940855e+03
s924        ,  2.534416607722896e-01,  3.025623789637772e-01,  0.000000000000000e+00,  1.739746285590596e+00,  1.002870268019012e+03
s925        ,  4.195798862194213e-01,  3.859436007200956e-01,  0.000000000000000e+00,  1.131676331074782e+00,  3.740706052928166e+02
s926        ,  2.890808494142250e-01,  2.733408362391122e-01,  1.372266623392430e-02,  8.255167896906658e-01,  1.523889053943660e+03
s927        ,  2.735614386165569e-01,  2.869626764223783e-01,  2.456871227901512e-02,  2.435103010587478e-01,  1.567802005946626e+03
s928        ,  2.920421471112219e-01,  2.896859515759551e-01,  0.000000000000000e+00,  2.103776780606741e+00,  1.039784699426364e+03
s929        ,  3.493227439756055e-01,  3.560362527217417e-01,  0.000000000000000e+00,  9.706522081220689e-01,  6.840875097471200e+02
s930        ,  3.134104047515290e-01,  3.496555109843719e-01,  0.000000000000000e+00,  1.484311540100036e+00,  6.281205793510928e+02
s931        ,  3.884821591695420e-01,  3.630850621758095e-01,  0.000000000000000e+00,  9.082628817054431e-01,  6.333782435526958e+02
s932        ,  3.555147722726067e-01,  3.355392543152755e-01,  3.208335675868144e-02,  4.710439678670800e-01,  1.098922696678409e+03
s933        ,  4.127638757436791e-01,  3.504893243965184e-01,  4.978600751157305e-02,  1.522402212935983e+00,  7.914243926715966e+02
s934        ,  2.485124345085235e-01,  2.677398367512369e-01,  0.000000000000000e+00,  1.796756449607077e-01,  1.669678197839135e+03
s935        ,  2.511088031672664e-01,  2.639833162386583e-01,  0.000000000000000e+00,  1.107658022726011e+00,  1.497337106166122e+03
s936        ,  2.604780194318803e-01,  3.025947450847890e-01,  0.000000000000000e+00,  9.183942632614114e-01,  1.185588267669860e+03
s937        ,  3.411489425468267e-01,  3.837323192874078e-01,  0.000000000000000e+00,  1.737831999162507e+00,  2.592753393013317e+02
s938        ,  3.511005950375960e-01,  2.990832454026336e-01,  0.000000000000000e+00,  8.306977965118332e-01,  1.237316079084041e+03
s939        ,  2.747398030122069e-01,  2.894142457945804e-01,  0.000000000000000e+00,  1.209322897397632e+00,  1.241578535969006e+03
s940        ,  3.417465604863621e-01,  3.823339863618737e-01,  0.000000000000000e+00,  1.002389356255034e+00,  4.359650058485036e+02
s941        ,  2.992769914824235e-01,  3.210001696655863e-01,  2.394120540838687e-02,  6.990827884631177e-01,  1.152034050778464e+03
s942        ,  2.877311772316790e-01,  3.076895039207680e-01,  5.415841081136006e-02,  5.437659196933797e-01,  1.417556496217944e+03
s943        ,  3.224976287094988e-01,  3.431504348149104e-01,  0.000000000000000e+00,  6.183414605563607e-01,  8.807040593567273e+02
s944        ,  2.872161365477828e-01,  3.067998508188881e-01,  0.000000000000000e+00,  4.433754126912819e-01,  1.252887634845157e+03
s945        ,  3.039291705890396e-01,  3.157513128992612e-01,  0.000000000000000e+00,  1.089154715422105e+00,  1.026943226653033e+03
s946        ,  3.820695206088657e-01,  3.628173035278460e-01,  0.000000000000000e+00,  1.517249087949132e+00,  5.001375175135572e+02
s947        ,  3.338965049246589e-01,  2.758680825287665e-01,  0.000000000000000e+00,  2.591068509869570e+00,  1.057863370690982e+03
s948        ,  2.895186753893665e-01,  3.077459352534555e-01,  0.000000000000000e+00,  8.441527445024035e-01,  1.154913916138756e+03
s949        ,  3.285081864326909e-01,  3.147844707777097e-01,  0.000000000000000e+00,  1.410904170728255e+00,  9.641129015320515e+02
s950        ,  3.631800436830665e-01,  3.697137412291578e-01,  0.000000000000000e+00,  1.636708355802189e+00,  4.103051952776964e+02
s951        ,  2.321785877905577e-01,  2.878821493702475e-01,  3.109477647812850e-02,  5.884268390951920e-01,  1.506039824446413e+03
s952        ,  3.942514198985953e-01,  3.932676109219480e-01,  0.000000000000000e+00,  1.239900643262636e+00,  2.828224464890346e+02
s953        ,  4.109179543283764e-01,  3.929119137505860e-01,  0.000000000000000e+00,  9.797526053794717e-01,  3.440493526773639e+02
s954        ,  3.824721552405599e-01,  3.754024109035424e-01,  0.000000000000000e+00,  1.180938143294496e+00,  4.597168846856774e+02
s955        ,  2.687072927169935e-01,  3.146605004887323e-01,  0.000000000000000e+00,  1.388494545475141e+00,  9.702425808321909e+02
s956        ,  3.979821694304178e-01,  3.586690804897197e-01,  0.000000000000000e+00,  1.201042439280392e+00,  6.086185965092429e+02
s957        ,  2.899775316226321e-01,  3.114150487927844e-01,  0.000000000000000e+00,  9.218487350171187e-01,  1.103969700044544e+03
s958        ,  3.788440459260153e-01,  3.369452643178781e-01,  0.000000000000000e+00,  7.741754116387563e-01,  9.028588989020907e+02
s959        ,  3.097885661746670e-01,  3.004826045403658e-01,  0.000000000000000e+00,  9.083200378507881e-01,  1.207193362441544e+03
s960        ,  2.673850340403868e-01,  3.020867768765397e-01,  0.000000000000000e+00,  4.154104386888747e-01,  1.302319894242510e+03
s961        ,  3.243475522827328e-01,  3.297245461744652e-01,  4.251561849229488e-02,  1.181745494473952e+00,  1.031461188897089e+03
s962        ,  2.853383177579654e-01,  2.883817551855016e-01,  0.000000000000000e+00,  1.186923792261571e+00,  1.256033567642935e+03
s963        ,  3.492156404114884e-01,  3.403428359938689e-01,  6.269082027274578e-02,  4.168813876977427e-01,  1.177273186533581e+03
s964        ,  2.774300864992933e-01,  2.866329271913455e-01,  0.000000000000000e+00,  7.827681302739146e-01,  1.362118173559458e+03
s965        ,  3.171942496841062e-01,  2.974537135477897e-01,  0.000000000000000e+00,  1.271950738506033e+00,  1.153932198503559e+03
s966        ,  2.734218027896025e-01,  2.842549853459533e-01,  0.000000000000000e+00,  3.759520291769979e-01,  1.474562177328380e+03
s967        ,  3.303895856524011e-01,  3.524366024957398e-01,  0.000000000000000e+00,  2.027302306401953e+00,  4.816386098265501e+02
s968        ,  3.379779199025550e-01,  3.497223685664616e-01,  0.000000000000000e+00,  1.205683648684024e+00,  6.895919598551355e+02
s969        ,  3.659302513196352e-01,  3.266668803422659e-01,  0.000000000000000e+00,  1.805286932634409e+00,  7.673192744916403e+02
s970        ,  3.452495236560603e-01,  3.316391001094654e-01,  0.000000000000000e+00,  3.952878001410341e-01,  1.035920570333344e+03
s971        ,  2.851883014226236e-01,  3.006427538302604e-01,  0.000000000000000e+00,  1.323253378632411e+00,  1.113269438168546e+03
s972        ,  3.257825344175761e-01,  3.537153916087334e-01,  5.528513911423592e-02,  1.674322199786475e+00,  7.478220170071985e+02
s973        ,  3.559590726598347e-01,  3.324354248233884e-01,  4.083298625572678e-02,  8.817928489395930e-01,  1.067384112561915e+03
s974        ,  3.244218696610479e-01,  3.253602639692090e-01,  0.000000000000000e+00,  1.217205932015333e+00,  9.103329434088195e+02
s975        ,  3.575434229776818e-01,  3.074561400074596e-01,  0.000000000000000e+00,  1.075652951156829e+00,  1.105987080221129e+03
s976        ,  3.508196626692490e-01,  3.789335065734481e-01,  0.000000000000000e+00,  1.157728174476858e+00,  4.325217614480975e+02
s977        ,  3.094780913347707e-01,  3.022135530111060e-01,  0.000000000000000e+00,  1.219613126110628e+00,  1.121964397817840e+03
s978        ,  2.679411357443860e-01,  3.045608512912403e-01,  0.000000000000000e+00,  6.075528969326794e-01,  1.236828565172271e+03
s979        ,  3.294468669232396e-01,  3.885635686159850e-01,  1.574074074074074e-03,  1.432208329386250e+00,  2.887636257919673e+02
s980        ,  2.682884487390532e-01,  2.615472520234265e-01,  0.000000000000000e+00,  7.816308004031335e-01,  1.592312394321160e+03
s981        ,  3.690259273299634e-01,  3.627618296729713e-01,  7.297934713130111e-02,  9.646303995573920e-01,  8.868066217435476e+02
s982        ,  3.599308410073728e-01,  3.456339534292354e-01,  0.000000000000000e+00,  1.122615638917976e+00,  7.455765863236113e+02
s983        ,  3.033741189947783e-01,  2.894663396243365e-01,  0.000000000000000e+00,  7.384952518011324e-01,  1.346011431472645e+03
s984        ,  3.990606361986817e-01,  3.338122920776985e-01,  4.424130703770107e-02,  7.477462300540872e-01,  1.096915834684219e+03
s985        ,  2.458061579719099e-01,  2.493309506818732e-01,  0.000000000000000e+00,  1.238105828425908e+00,  1.602577360323046e+03
s986        ,  3.674574317411205e-01,  3.487122244949238e-01,  1.980149006212718e-02,  6.144505911229285e-01,  9.019571497659495e+02
s987        ,  3.618389636623023e-01,  3.198289483693780e-01,  0.000000000000000e+00,  1.335575032910247e+00,  9.346590455076418e+02
s988        ,  3.706023012861709e-01,  3.411203600728507e-01,  0.000000000000000e+00,  1.106903960033887e+00,  7.904500685365460e+02
s989        ,  3.267317558382980e-01,  3.385360266336919e-01,  0.000000000000000e+00,  8.369813326785395e-01,  8.742831295920024e+02
s990        ,  3.568657105740528e-01,  3.760937721401434e-01,  0.000000000000000e+00,  1.435013576728481e+00,  3.967663133116012e+02
s991        ,  2.691831861033237e-01,  2.850136993009701e-01,  7.836601380297760e-02,  4.085439286104920e-01,  1.742785037434739e+03
s992        ,  3.535454705333178e-01,  3.243975443935886e-01,  8.978085351787773e-02,  1.046760208287491e+00,  1.280716248826138e+03
s993        ,  3.585598735365578e-01,  3.510329536351828e-01,  0.000000000000000e+00,  9.804033950350004e-01,  7.277760747831405e+02
s994        ,  3.020201873530365e-01,  3.445460257274719e-01,  0.000000000000000e+00,  1.466925477267752e+00,  6.788292256991070e+02
s995        ,  2.226508985115376e-01,  2.521328215798118e-01,  0.000000000000000e+00,  1.716242769867182e-01,  1.814529537072272e+03
s996        ,  3.542347072493316e-01,  3.465920635989844e-01,  0.000000000000000e+00,  2.135072271366810e+00,  5.111974979420656e+02
s997        ,  3.018965630826722e-01,  2.415079414034896e-01,  0.000000000000000e+00,  1.344170691919288e+00,  1.650651274627380e+03
s998        ,  3.248834775025297e-01,  3.136433017395636e-01,  0.000000000000000e+00,  1.205947720897453e+00,  1.020241757105791e+03
s999        ,  3.245798973395961e-01,  3.061428901051804e-01,  0.000000000000000e+00,  8.454361948617443e-01,  1.169321799494018e+03
s1000       ,  4.229046884097925e-01,  3.847944551552145e-01,  0.000000000000000e+00,  1.249972299446817e+00,  3.582450713846462e+02
s1001       ,  3.687810356407749e-01,  3.528888658238397e-01,  3.667355371900827e-02,  1.057322963042902e+00,  8.258005063632236e+02
s1002       ,  2.771840194067590e-01,  2.973343214387154e-01,  0.000000000000000e+00,  6.315141253768560e-01,  1.297729451882335e+03
s1003       ,  3.773312531679570e-01,  3.803569226292267e-01,  0.000000000000000e+00,  1.484609290913147e+00,  3.466383626379309e+02
s1004       ,  3.054117424504427e-01,  3.018651460970025e-01,  0.000000000000000e+00,  1.175816926287004e+00,  1.134916695466219e+03
s1005       ,  3.385236329700146e-01,  3.469905368932206e-01,  0.000000000000000e+00,  6.887780187718170e-01,  8.298100805124716e+02
s1006       ,  4.167296916398009e-01,  3.606525147581054e-01,  1.526372321781898e-01,  5.015048957989273e-01,  1.296430872263595e+03
s1007       ,  3.320487440508861e-01,  3.154983427658569e-01,  0.000000000000000e+00,  3.443326979405711e-01,  1.195224170542330e+03
s1008       ,  3.136740188462037e-01,  3.656005123474149e-01,  0.000000000000000e+00,  1.277850647417943e+00,  5.279690720986158e+02
s1009       ,  3.593194801918262e-01,  3.576734874941073e-01,  0.000000000000000e+00,  1.241673684602055e+00,  6.086909158338617e+02
s1010       ,  3.386964235398171e-01,  3.597338611201091e-01,  0.000000000000000e+00,  9.162292184722250e-01,  6.623210182764437e+02
s1011       ,  3.250388323362358e-01,  3.393143867263955e-01,  0.000000000000000e+00,  2.193410244961653e+00,  5.649073405340740e+02
s1012       ,  2.909569628391213e-01,  2.551850714396973e-01,  0.000000000000000e+00,  1.185198640875409e+00,  1.560706050773255e+03
s1013       ,  3.150008570990088e-01,  3.102769187377843e-01,  1.460920379839299e-02,  9.062653271442468e-01,  1.170527510119294e+03
s1014       ,  2.705688582831416e-01,  2.485453563170276e-01,  2.453528670447385e-02,  1.017903262900114e+00,  1.747271918403327e+03
s1015       ,  2.627454581345986e-01,  2.842753069929760e-01,  0.000000000000000e+00,  1.101286231237362e+00,  1.312756039643633e+03
s1016       ,  4.030578873542974e-01,  3.613091624062921e-01,  0.000000000000000e+00,  9.008283663059440e-01,  6.513130981957314e+02
s1017       ,  3.593872438775090e-01,  3.368778271824980e-01,  5.660250218997776e-03,  1.039697617291726e+00,  8.647132081202170e+02
s1018       ,  2.427981414978236e-01,  2.710452275319433e-01,  0.000000000000000e+00,  1.384300729842767e-01,  1.648570650537271e+03
s1019       ,  3.667702659774850e-01,  3.734920640815028e-01,  0.000000000000000e+00,  1.361368138568113e+00,  4.370239076123880e+02
s1020       ,  2.443455242532603e-01,  2.973832863642542e-01,  0.000000000000000e+00,  5.260933901137250e-01,  1.320770607400839e+03
s1021       ,  3.517001221268577e-01,  3.787239437074944e-01,  0.000000000000000e+00,  1.665490251411524e+00,  3.213024859379244e+02
s1022       ,  2.465884136726172e-01,  2.886305609257107e-01,  1.212548259714332e-02,  2.927628820979847e-01,  1.496692547905893e+03
s1023       ,  3.973866202773900e-01,  3.444728741505674e-01,  5.273386321949515e-02,  7.044426372442503e-01,  1.039455650313777e+03
s1024       ,  2.954254385322262e-01,  2.882251807533029e-01,  0.000000000000000e+00,  7.547958936844361e-01,  1.353756036644676e+03
s1025       ,  3.194737803651596e-01,  3.546937361916821e-01,  0.000000000000000e+00,  9.302078606438809e-01,  7.054051702392122e+02
s1026       ,  2.845215502906833e-01,  3.000941833266720e-01,  7.963988919667590e-03,  7.763298608915251e-01,  1.268867006151047e+03
s1027       ,  3.801444592417467e-01,  3.917999812255480e-01,  0.000000000000000e+00,  1.190506972978398e+00,  3.072810208879887e+02
s1028       ,  3.280565754548467e-01,  3.114567283335605e-01,  0.000000000000000e+00,  6.143477711533678e-01,  1.172105401749889e+03
s1029       ,  3.320425958711730e-01,  3.382421242444367e-01,  0.000000000000000e+00,  1.445104980813333e+00,  7.414742390843273e+02
s1030       ,  3.688103106871887e-01,  3.596477897719684e-01,  0.000000000000000e+00,  4.191405818835439e-01,  7.738718726275295e+02
s1031       ,  3.177581036079268e-01,  3.381219031691390e-01,  9.229622855594506e-02,  7.116223491796163e-01,  1.238657282407086e+03
s1032       ,  2.886686636822086e-01,  3.167452383869158e-01,  0.000000000000000e+00,  1.231419682175770e+00,  9.861330316353016e+02
s1033       ,  3.502857082190677e-01,  3.531255918667593e-01,  0.000000000000000e+00,  1.365900446464212e+00,  6.226975635455774e+02
s1034       ,  2.612720878184224e-01,  2.956946153506134e-01,  0.000000000000000e+00,  3.664702506218112e-01,  1.371816761799741e+03
s1035       ,  3.090655311957510e-01,  3.024377294673823e-01,  0.000000000000000e+00,  1.581639649940596e+00,  1.039242348959952e+03
s1036       ,  2.315433826576645e-01,  2.796102185651553e-01,  0.000000000000000e+00,  3.407747706600971e-01,  1.524975368469969e+03
s1037       ,  3.217591519820785e-01,  3.191356073117381e-01,  0.000000000000000e+00,  4.848725128943844e-01,  1.130568950531336e+03
s1038       ,  3.897883572896937e-01,  3.775352423831912e-01,  0.000000000000000e+00,  1.747814775382139e+00,  3.138547305759838e+02
s1039       ,  3.933052255643392e-01,  3.785578703596389e-01,  0.000000000000000e+00,  1.687249639567644e+00,  3.179762968504086e+02
s1040       ,  3.351679701489885e-01,  3.347758884160999e-01,  0.000000000000000e+00,  9.921900556141566e-01,  8.741655812139384e+02
s1041       ,  4.495450075554298e-01,  3.844381440188088e-01,  0.000000000000000e+00,  1.009664571145449e+00,  4.150567629639126e+02
