# c0 + a0 * (Ge * S) + a1 * (face-area-count + Na-Na-max)
# Property Label: $E$; Unit of the Property: Unitless
# RMSE: 0.0325631291298905; Max AE: 0.122899592388231
# Coefficients
# Task   a0                      a1                      c0
# all ,  4.498668246060307e-01, -3.154833178227189e-03,  4.412885739867670e-01, 
# Feature Rung, Units, and Expressions
# 0;  1; Unitless;                                         18|10|mult; (Ge * S); $\left(Ge S\right)$; (Ge .* S); (newdata$Ge * newdata$S); Ge,S
# 1;  1; Unitless;                                         34|23|add; (face-area-count + Na-Na-max); $\left(face-area-count + Na-Na-max\right)$; (face_sub_area_sub_count + Na_sub_Na_sub_max); (newdata$face_sub_area_sub_count + newdata$Na_sub_Na_sub_max); face-area-count,Na-Na-max
# Number of Samples Per Task
# Task, n_samples               
# all , 1041                  

# Sample ID , Property Value        ,  Property Value (EST) ,  Feature 0 Value      ,  Feature 1 Value      
s1          ,  3.651132093274850e-01,  3.482745353623829e-01,  0.000000000000000e+00,  2.948302917134020e+01
s2          ,  4.250240521814745e-01,  3.357652873555245e-01,  0.000000000000000e+00,  3.344813518492911e+01
s3          ,  2.746380789449931e-01,  2.995302496855218e-01,  0.000000000000000e+00,  4.493369896055938e+01
s4          ,  3.247370215691567e-01,  2.928807315856941e-01,  0.000000000000000e+00,  4.704142311717047e+01
s5          ,  3.450588503436838e-01,  3.162377987136480e-01,  0.000000000000000e+00,  3.963784080126527e+01
s6          ,  3.418868902527870e-01,  3.526558971451672e-01,  0.000000000000000e+00,  2.809425152914287e+01
s7          ,  3.253614410179195e-01,  3.496827193086861e-01,  0.000000000000000e+00,  2.903667151413612e+01
s8          ,  3.920908336338758e-01,  3.805744442695177e-01,  1.822916666666667e-01,  4.523887473280715e+01
s9          ,  3.897447923973993e-01,  3.751211344060758e-01,  0.000000000000000e+00,  2.097335606755381e+01
s10         ,  3.161197563926354e-01,  3.532135062674155e-01,  5.078125000000000e-02,  3.515871082245503e+01
s11         ,  3.431871249187676e-01,  2.978854257885355e-01,  0.000000000000000e+00,  4.545506532260281e+01
s12         ,  2.917324756968375e-01,  3.011471285757683e-01,  0.000000000000000e+00,  4.442119043826879e+01
s13         ,  2.447364458196310e-01,  3.010372901315413e-01,  0.000000000000000e+00,  4.445600636609184e+01
s14         ,  3.105728952400728e-01,  3.318272353293590e-01,  9.989258861439311e-02,  4.894068610810166e+01
s15         ,  3.795908353494076e-01,  3.635018007738347e-01,  3.961632479540865e-02,  3.030551476098331e+01
s16         ,  3.670742293030571e-01,  3.680811855888175e-01,  0.000000000000000e+00,  2.320483659902656e+01
s17         ,  2.954366621683970e-01,  3.058178226648606e-01,  0.000000000000000e+00,  4.294070198603407e+01
s18         ,  3.635454507147386e-01,  3.170683256434599e-01,  0.000000000000000e+00,  3.937458538239123e+01
s19         ,  3.651486704953139e-01,  3.848094980118730e-01,  0.000000000000000e+00,  1.790239698399253e+01
s20         ,  3.399672486499590e-01,  2.858447885187470e-01,  0.000000000000000e+00,  4.927163393006073e+01
s21         ,  3.890225043355258e-01,  3.674126675379089e-01,  0.000000000000000e+00,  2.341673942023508e+01
s22         ,  2.558533901530953e-01,  2.716691990019798e-01,  0.000000000000000e+00,  5.376492682890517e+01
s23         ,  4.117639764254846e-01,  3.744612037645934e-01,  0.000000000000000e+00,  2.118253690349684e+01
s24         ,  3.311791000527954e-01,  3.222157553122234e-01,  0.000000000000000e+00,  3.774298416040331e+01
s25         ,  3.690868050126928e-01,  4.099293267162790e-01,  0.000000000000000e+00,  9.940065131465964e+00
s26         ,  2.979562579207253e-01,  2.687658989528685e-01,  0.000000000000000e+00,  5.468519737415880e+01
s27         ,  3.397813902812787e-01,  3.262194102097899e-01,  0.000000000000000e+00,  3.647392976944617e+01
s28         ,  2.613491376061739e-01,  2.899035236965753e-01,  0.000000000000000e+00,  4.798512052395121e+01
s29         ,  3.947313720925611e-01,  4.083135118694985e-01,  0.000000000000000e+00,  1.045223637967390e+01
s30         ,  2.592589137508671e-01,  3.018475684553342e-01,  0.000000000000000e+00,  4.419916922827267e+01
s31         ,  3.031212395007984e-01,  3.298849977065585e-01,  0.000000000000000e+00,  3.531203394494859e+01
s32         ,  3.857616783620361e-01,  3.424857103591637e-01,  0.000000000000000e+00,  3.131793601940123e+01
s33         ,  4.141193231435004e-01,  3.846109543517352e-01,  0.000000000000000e+00,  1.796533015634156e+01
s34         ,  4.179319881718991e-01,  3.668410709898188e-01,  1.962809917355372e-02,  2.639681052549463e+01
s35         ,  3.612111930609704e-01,  3.831173655939564e-01,  0.000000000000000e+00,  1.843875891577224e+01
s36         ,  3.787074193034875e-01,  3.195611072287257e-01,  0.000000000000000e+00,  3.858443850474664e+01
s37         ,  3.867254135891385e-01,  3.258632979725471e-01,  0.000000000000000e+00,  3.658680807936774e+01
s38         ,  3.446930711358910e-01,  3.845099023628106e-01,  0.000000000000000e+00,  1.799736100653737e+01
s39         ,  2.876898720952064e-01,  3.563505409695401e-01,  0.000000000000000e+00,  2.692314560510506e+01
s40         ,  3.049912944269815e-01,  3.457698893277742e-01,  7.384563150746943e-03,  3.132994648238870e+01
s41         ,  3.032122447573497e-01,  3.143629885218690e-01,  0.000000000000000e+00,  4.023210683241956e+01
s42         ,  3.284012713704346e-01,  2.972934450479266e-01,  0.000000000000000e+00,  4.564270780864435e+01
s43         ,  3.521735822893021e-01,  3.649243025371771e-01,  0.000000000000000e+00,  2.420548635554215e+01
s44         ,  3.330769886831567e-01,  3.355234292809205e-01,  2.637119113573407e-02,  3.728522621575114e+01
s45         ,  3.222694574216643e-01,  3.217967982112699e-01,  0.000000000000000e+00,  3.787578265632533e+01
s46         ,  3.537154217541030e-01,  3.671787740819659e-01,  1.367166474432911e-01,  4.298613470177303e+01
s47         ,  3.064622412169097e-01,  3.491380699865158e-01,  4.966974241156713e-02,  3.629202142545026e+01
s48         ,  2.709027668189650e-01,  3.002860590071398e-01,  7.742878013148284e-02,  5.573516712199147e+01
s49         ,  3.986674224858993e-01,  3.282777169115253e-01,  0.000000000000000e+00,  3.582150012088641e+01
s50         ,  3.630933243380700e-01,  3.558978757404475e-01,  1.140992751502213e-01,  4.333673735637178e+01
s51         ,  3.785261269820064e-01,  3.746634689875513e-01,  0.000000000000000e+00,  2.111842409260280e+01
s52         ,  3.404870415156796e-01,  3.233550689013346e-01,  0.000000000000000e+00,  3.738185140797313e+01
s53         ,  2.464211996641334e-01,  3.291199792653626e-01,  0.000000000000000e+00,  3.555452487805896e+01
s54         ,  4.479825317233843e-01,  3.955851058682912e-01,  0.000000000000000e+00,  1.448680977298400e+01
s55         ,  3.436317929445776e-01,  3.070219953036336e-01,  0.000000000000000e+00,  4.255901060308442e+01
s56         ,  3.917346641556894e-01,  4.046674955384205e-01,  0.000000000000000e+00,  1.160792865406758e+01
s57         ,  3.497750017469617e-01,  3.743325315156537e-01,  0.000000000000000e+00,  2.122332265718665e+01
s58         ,  4.567353100642558e-01,  3.765959973947530e-01,  0.000000000000000e+00,  2.050586288951324e+01
s59         ,  3.347920174849711e-01,  3.222752967284873e-01,  0.000000000000000e+00,  3.772411108125770e+01
s60         ,  2.709373029897972e-01,  2.879654071431232e-01,  0.000000000000000e+00,  4.859945302394767e+01
s61         ,  2.790893938381299e-01,  2.936164421214871e-01,  0.000000000000000e+00,  4.680822202721414e+01
s62         ,  3.360458157463063e-01,  3.228648063187725e-01,  0.000000000000000e+00,  3.753725188554692e+01
s63         ,  4.093736118424267e-01,  3.653186705725272e-01,  0.000000000000000e+00,  2.408048195338492e+01
s64         ,  3.302497794709098e-01,  3.916031625141812e-01,  0.000000000000000e+00,  1.574898216979758e+01
s65         ,  3.637362750415415e-01,  3.586964323092988e-01,  0.000000000000000e+00,  2.617955911186393e+01
s66         ,  3.848471859724885e-01,  3.439185626538300e-01,  0.000000000000000e+00,  3.086375913786118e+01
s67         ,  3.211750777924535e-01,  3.348229004973251e-01,  0.000000000000000e+00,  3.374684728948764e+01
s68         ,  4.095598752010021e-01,  3.751047831128720e-01,  0.000000000000000e+00,  2.097853900188980e+01
s69         ,  3.476279282639844e-01,  3.668785819569763e-01,  0.000000000000000e+00,  2.358603064761868e+01
s70         ,  3.542202710009075e-01,  3.461059109515217e-01,  0.000000000000000e+00,  3.017042666222111e+01
s71         ,  3.324591144603498e-01,  2.991311910490460e-01,  0.000000000000000e+00,  4.506019016118127e+01
s72         ,  3.490784623419291e-01,  3.664835363154975e-01,  0.000000000000000e+00,  2.371124983328122e+01
s73         ,  2.871691931895054e-01,  3.257498892595771e-01,  0.000000000000000e+00,  3.662275568945142e+01
s74         ,  4.049442418517104e-01,  4.064422230849634e-01,  0.000000000000000e+00,  1.104538621639102e+01
s75         ,  3.439829269029567e-01,  3.492782542480862e-01,  0.000000000000000e+00,  2.916487641048094e+01
s76         ,  3.071028154909760e-01,  3.031377084519546e-01,  0.000000000000000e+00,  4.379022843053914e+01
s77         ,  2.780468433194506e-01,  2.989811433679139e-01,  0.000000000000000e+00,  4.510775137049264e+01
s78         ,  2.669617651637353e-01,  2.908462438658915e-01,  0.000000000000000e+00,  4.768630276844440e+01
s79         ,  3.541307689639985e-01,  3.595456714015376e-01,  0.000000000000000e+00,  2.591037242456147e+01
s80         ,  3.629523222745701e-01,  3.378792328479386e-01,  0.000000000000000e+00,  3.277806948795237e+01
s81         ,  2.554152131748840e-01,  3.079433173938840e-01,  0.000000000000000e+00,  4.226697548166854e+01
s82         ,  3.259366268272620e-01,  3.136384859066076e-01,  0.000000000000000e+00,  4.046175530329957e+01
s83         ,  2.722850822770267e-01,  2.963086117366950e-01,  0.000000000000000e+00,  4.595487433397076e+01
s84         ,  3.998438077165619e-01,  3.225075770115934e-01,  2.319177212916512e-02,  4.095753992688696e+01
s85         ,  3.012322773461942e-01,  3.094397613198230e-01,  0.000000000000000e+00,  4.179264170824856e+01
s86         ,  3.200453803456573e-01,  3.288152702506295e-01,  0.000000000000000e+00,  3.565110970442505e+01
s87         ,  3.352140969143458e-01,  3.166474103275201e-01,  0.000000000000000e+00,  3.950800458149333e+01
s88         ,  3.302506455484479e-01,  3.220577517618209e-01,  4.349110043222637e-03,  3.841323318973471e+01
s89         ,  3.471406078486814e-01,  3.414848267629914e-01,  0.000000000000000e+00,  3.163519006727920e+01
s90         ,  3.483351733862548e-01,  3.222032481020756e-01,  0.000000000000000e+00,  3.774694862046862e+01
s91         ,  3.564650130752042e-01,  3.935958101370883e-01,  0.000000000000000e+00,  1.511736474017906e+01
s92         ,  2.923433543076974e-01,  2.889205822505465e-01,  0.000000000000000e+00,  4.829668737725186e+01
s93         ,  3.745472031333225e-01,  3.362998841145996e-01,  0.000000000000000e+00,  3.327868192737982e+01
s94         ,  3.437578785209007e-01,  3.571297126171847e-01,  4.095000000000000e-02,  3.251547769471699e+01
s95         ,  2.980732528469880e-01,  2.780416647202834e-01,  0.000000000000000e+00,  5.174502106581046e+01
s96         ,  3.581539694897533e-01,  3.248880739579209e-01,  0.000000000000000e+00,  3.689592870779166e+01
s97         ,  4.279362669937736e-01,  3.819192025674565e-01,  0.000000000000000e+00,  1.881854540805616e+01
s98         ,  2.896944279808133e-01,  3.116818021979503e-01,  0.000000000000000e+00,  4.108197310820958e+01
s99         ,  2.909528202324455e-01,  2.765020266406651e-01,  0.000000000000000e+00,  5.223304626164138e+01
s100        ,  3.111721139319150e-01,  3.226878550642851e-01,  0.000000000000000e+00,  3.759334082733585e+01
s101        ,  3.241780336567121e-01,  3.413451636886119e-01,  0.000000000000000e+00,  3.167945962655205e+01
s102        ,  3.096847321141750e-01,  2.690766284439651e-01,  0.000000000000000e+00,  5.458670421349311e+01
s103        ,  3.391049191815317e-01,  3.780985038706411e-01,  3.305555555555555e-02,  2.474319988398150e+01
s104        ,  2.515445686944838e-01,  2.744720822509014e-01,  0.000000000000000e+00,  5.287648579555183e+01
s105        ,  3.580226031747242e-01,  3.316626204235418e-01,  0.000000000000000e+00,  3.474857381360110e+01
s106        ,  3.582576851144277e-01,  3.875033293596865e-01,  0.000000000000000e+00,  1.704852256476659e+01
s107        ,  3.406125813060369e-01,  2.967072357973370e-01,  0.000000000000000e+00,  4.582852088257651e+01
s108        ,  3.541195107207772e-01,  3.701037882019938e-01,  0.000000000000000e+00,  2.256372421719440e+01
s109        ,  3.030334722988908e-01,  3.079189795583743e-01,  0.000000000000000e+00,  4.227468994203294e+01
s110        ,  3.844717335443058e-01,  3.223233549343072e-01,  0.000000000000000e+00,  3.770887788092506e+01
s111        ,  3.518414134147780e-01,  3.755096720858968e-01,  1.470588235294118e-02,  2.294720082115365e+01
s112        ,  3.724995886738390e-01,  3.805109420320064e-01,  0.000000000000000e+00,  1.926492734202627e+01
s113        ,  3.276637756053076e-01,  3.410408938857365e-01,  0.000000000000000e+00,  3.177590523419155e+01
s114        ,  3.975727278995340e-01,  3.675126896737498e-01,  0.000000000000000e+00,  2.338503500666064e+01
s115        ,  4.661802026900197e-01,  3.630533205410467e-01,  0.000000000000000e+00,  2.479853894832037e+01
s116        ,  3.149444114213277e-01,  3.397675767999142e-01,  0.000000000000000e+00,  3.217951360708748e+01
s117        ,  2.617905198031230e-01,  2.891266602578280e-01,  0.000000000000000e+00,  4.823136601297065e+01
s118        ,  2.697626524103243e-01,  2.894823256866905e-01,  0.000000000000000e+00,  4.811862932967561e+01
s119        ,  3.390451473349576e-01,  3.117459201270529e-01,  0.000000000000000e+00,  4.106164939361664e+01
s120        ,  3.261908135769222e-01,  3.576589891275385e-01,  0.000000000000000e+00,  2.650840159675984e+01
s121        ,  3.485047140780971e-01,  3.574132017032377e-01,  0.000000000000000e+00,  2.658630981263542e+01
s122        ,  2.626009490674024e-01,  3.055641394168721e-01,  0.000000000000000e+00,  4.302111297249739e+01
s123        ,  2.763746480585029e-01,  2.852654361305212e-01,  0.000000000000000e+00,  4.945527355710155e+01
s124        ,  3.084637495449347e-01,  3.190040130499586e-01,  0.000000000000000e+00,  3.876102285875044e+01
s125        ,  3.788458996149217e-01,  3.291127412771757e-01,  5.925044616299822e-02,  4.400570012372054e+01
s126        ,  3.251157603452653e-01,  3.031357723510886e-01,  0.000000000000000e+00,  4.379084212411868e+01
s127        ,  2.834263508079372e-01,  2.768034357069002e-01,  0.000000000000000e+00,  5.213750743305441e+01
s128        ,  3.547356336228297e-01,  3.820199635883507e-01,  0.000000000000000e+00,  1.878660678715236e+01
s129        ,  2.905669611170635e-01,  2.970909816440641e-01,  0.000000000000000e+00,  4.570688343772666e+01
s130        ,  3.001710267623137e-01,  3.679299468492333e-01,  0.000000000000000e+00,  2.325277534286503e+01
s131        ,  3.234187238329760e-01,  3.213993316680193e-01,  0.000000000000000e+00,  3.800176920483563e+01
s132        ,  2.761295727416017e-01,  3.016344656211531e-01,  0.000000000000000e+00,  4.426671727983107e+01
s133        ,  3.187185284669714e-01,  3.215581734763899e-01,  0.000000000000000e+00,  3.795142048609296e+01
s134        ,  2.870198930068550e-01,  3.115997865442061e-01,  0.000000000000000e+00,  4.110796993565208e+01
s135        ,  3.783093309701865e-01,  3.298267399373517e-01,  0.000000000000000e+00,  3.533050014138929e+01
s136        ,  3.883241345589045e-01,  3.683937847576341e-01,  0.000000000000000e+00,  2.310575079918964e+01
s137        ,  2.784112215023900e-01,  3.118391987570100e-01,  0.000000000000000e+00,  4.103208249587988e+01
s138        ,  3.453346818049723e-01,  3.229933747611570e-01,  0.000000000000000e+00,  3.749649903583310e+01
s139        ,  3.244324492872825e-01,  3.442639553786905e-01,  3.731762065095398e-02,  3.607562482150922e+01
s140        ,  3.327862834846864e-01,  3.370523424525954e-01,  3.602339181286550e-02,  3.817696645635154e+01
s141        ,  3.557762179436731e-01,  3.553185197373310e-01,  0.000000000000000e+00,  2.725026947312173e+01
s142        ,  2.749368728938547e-01,  3.210208633849452e-01,  9.355932203389832e-02,  5.146292578574273e+01
s143        ,  3.361413138168960e-01,  3.849436738092144e-01,  0.000000000000000e+00,  1.785986674871182e+01
s144        ,  3.409974995595333e-01,  3.651195798494928e-01,  0.000000000000000e+00,  2.414358853043261e+01
s145        ,  3.763216171571199e-01,  3.614537015266970e-01,  2.398929319966667e-02,  2.872635556193610e+01
s146        ,  3.752831948694745e-01,  3.696800330081840e-01,  0.000000000000000e+00,  2.269804358366179e+01
s147        ,  3.654575252194441e-01,  3.497413033240250e-01,  0.000000000000000e+00,  2.901810190616343e+01
s148        ,  3.473385960617674e-01,  3.531614689831841e-01,  6.185384106707957e-02,  3.675411329966872e+01
s149        ,  2.849292163595314e-01,  3.098821604387947e-01,  0.000000000000000e+00,  4.165241270278962e+01
s150        ,  3.503331909216502e-01,  3.659679201217814e-01,  0.000000000000000e+00,  2.387468674565889e+01
s151        ,  3.330423635366063e-01,  3.311094665650672e-01,  4.210526315789474e-03,  3.552431370976073e+01
s152        ,  3.630680102987860e-01,  3.478131172067628e-01,  8.749389454012614e-02,  4.210557255640089e+01
s153        ,  3.816822758848153e-01,  3.497007648490079e-01,  0.000000000000000e+00,  2.903095154756345e+01
s154        ,  3.320898103001320e-01,  3.183843289627257e-01,  0.000000000000000e+00,  3.895744658457836e+01
s155        ,  3.864039977120127e-01,  3.505124523468750e-01,  1.016158991853731e-01,  4.326369599441094e+01
s156        ,  2.690214273922155e-01,  2.902477247690541e-01,  0.000000000000000e+00,  4.787601774322280e+01
s157        ,  3.092688252015169e-01,  3.252812333810858e-01,  0.000000000000000e+00,  3.677130740423804e+01
s158        ,  3.521824739407696e-01,  3.567378715158676e-01,  0.000000000000000e+00,  2.680037190378841e+01
s159        ,  3.604301286467682e-01,  3.483833906506212e-01,  0.000000000000000e+00,  2.944852487837488e+01
s160        ,  2.959798492012398e-01,  2.919126633639366e-01,  0.000000000000000e+00,  4.734827554551394e+01
s161        ,  3.194137955766546e-01,  3.419615483351633e-01,  0.000000000000000e+00,  3.148408173753866e+01
s162        ,  3.677213080484411e-01,  3.080248009800822e-01,  0.000000000000000e+00,  4.224114730578889e+01
s163        ,  3.585762742017419e-01,  3.374195014851006e-01,  4.574202431795375e-02,  3.944642543748293e+01
s164        ,  4.006335057182285e-01,  3.934511043239775e-01,  1.704330261330640e-03,  1.540626352004028e+01
s165        ,  3.287266930084647e-01,  3.553842508722785e-01,  0.000000000000000e+00,  2.722943441426627e+01
s166        ,  2.950048096243486e-01,  3.265641122100337e-01,  0.000000000000000e+00,  3.636466820765494e+01
s167        ,  3.519819712307287e-01,  3.643161115956203e-01,  9.243200000000000e-02,  3.757870734380676e+01
s168        ,  4.374575067359432e-01,  3.910109694797559e-01,  0.000000000000000e+00,  1.593669194745310e+01
s169        ,  4.091080766385897e-01,  3.807049045665253e-01,  0.000000000000000e+00,  1.920344626725581e+01
s170        ,  3.398244019971832e-01,  3.667052522135081e-01,  1.363062442607897e-01,  4.307770692623531e+01
s171        ,  3.613080720154525e-01,  3.586467836068481e-01,  0.000000000000000e+00,  2.619529645822928e+01
s172        ,  3.578018153328690e-01,  3.388924690199679e-01,  0.000000000000000e+00,  3.245689999505426e+01
s173        ,  3.625516481683081e-01,  3.718805377576873e-01,  2.929687500000000e-02,  2.617816020389976e+01
s174        ,  3.825999337737049e-01,  3.445752148027032e-01,  0.000000000000000e+00,  3.065561749873900e+01
s175        ,  3.092599387015685e-01,  3.219301660187192e-01,  0.000000000000000e+00,  3.783350853280918e+01
s176        ,  3.793890053910741e-01,  3.776129424987478e-01,  0.000000000000000e+00,  2.018351776172229e+01
s177        ,  3.131265826402478e-01,  3.352730459157365e-01,  0.000000000000000e+00,  3.360416290873557e+01
s178        ,  3.054696856864712e-01,  2.955141720111591e-01,  0.000000000000000e+00,  4.620669104840707e+01
s179        ,  3.928374269136042e-01,  4.000533808769783e-01,  0.000000000000000e+00,  1.307048290044935e+01
s180        ,  2.641551140722125e-01,  2.843956410214494e-01,  3.152621592854829e-02,  5.422649057883655e+01
s181        ,  2.369318989685527e-01,  2.690385014219473e-01,  0.000000000000000e+00,  5.459878948706031e+01
s182        ,  4.189138162610332e-01,  3.626880649419326e-01,  0.000000000000000e+00,  2.491431546596159e+01
s183        ,  3.759767293543443e-01,  3.680155551689156e-01,  5.240614764424287e-02,  3.069855062917289e+01
s184        ,  4.039791445798378e-01,  3.550592425867946e-01,  0.000000000000000e+00,  2.733245358108848e+01
s185        ,  4.187778012666042e-01,  4.016555719502299e-01,  0.000000000000000e+00,  1.256263003383534e+01
s186        ,  3.450522704714396e-01,  3.546460546058232e-01,  0.000000000000000e+00,  2.746342341614124e+01
s187        ,  3.509325305204691e-01,  3.108162858417719e-01,  0.000000000000000e+00,  4.135631926449819e+01
s188        ,  3.868910592801009e-01,  3.795695624509865e-01,  0.000000000000000e+00,  1.956332016593745e+01
s189        ,  3.427300778100211e-01,  3.496772075101273e-01,  5.692803437164339e-02,  3.715613279949865e+01
s190        ,  3.213421258380463e-01,  3.368204308254693e-01,  7.699167657550536e-02,  4.409239296183082e+01
s191        ,  2.531455052956056e-01,  2.796042375632710e-01,  0.000000000000000e+00,  5.124972614696289e+01
s192        ,  2.695706078724207e-01,  3.193933141674136e-01,  6.992221153966212e-02,  4.860825737236146e+01
s193        ,  3.954601105184181e-01,  3.924197613506425e-01,  0.000000000000000e+00,  1.549014159397982e+01
s194        ,  3.572926210703052e-01,  3.344046791587013e-01,  0.000000000000000e+00,  3.387941256790240e+01
s195        ,  3.290528752571006e-01,  3.155136518995241e-01,  5.190311418685121e-02,  4.726855679178704e+01
s196        ,  3.068286090334552e-01,  3.196756028570334e-01,  0.000000000000000e+00,  3.854814637079230e+01
s197        ,  3.451887575536944e-01,  3.456263062013658e-01,  1.345048828879899e-02,  3.224043570457187e+01
s198        ,  3.094894638678110e-01,  3.602958729371371e-01,  0.000000000000000e+00,  2.567257806485433e+01
s199        ,  3.060674258319923e-01,  3.240727708165068e-01,  4.087395957193817e-03,  3.773720519743345e+01
s200        ,  2.862300564486437e-01,  2.927766351342921e-01,  0.000000000000000e+00,  4.707441898272700e+01
s201        ,  3.249313766746611e-01,  3.296791609739108e-01,  0.000000000000000e+00,  3.537727883145105e+01
s202        ,  3.753266605464363e-01,  3.377420370343749e-01,  0.000000000000000e+00,  3.282155698976720e+01
s203        ,  4.029232548104287e-01,  3.601146507465711e-01,  7.641291810841985e-02,  3.662620288957491e+01
s204        ,  3.599997628653644e-01,  3.439082759690306e-01,  0.000000000000000e+00,  3.086701974918934e+01
s205        ,  3.369349724991222e-01,  3.469681259099290e-01,  0.000000000000000e+00,  2.989712696309349e+01
s206        ,  3.550773861568109e-01,  3.195058199946726e-01,  0.000000000000000e+00,  3.860196311886398e+01
s207        ,  3.248842560910169e-01,  2.971808914813153e-01,  0.000000000000000e+00,  4.567838435959104e+01
s208        ,  3.892178112013847e-01,  3.458376015194478e-01,  0.000000000000000e+00,  3.025547376833297e+01
s209        ,  3.394721823707363e-01,  3.566699477573030e-01,  1.089665326055731e-01,  4.236010168885035e+01
s210        ,  3.535123221804505e-01,  3.338675679597007e-01,  0.000000000000000e+00,  3.404966283745941e+01
s211        ,  3.581883484115880e-01,  3.646828960395672e-01,  7.709750566893424e-02,  3.527580753733105e+01
s212        ,  3.095468400739283e-01,  3.040631510836467e-01,  0.000000000000000e+00,  4.349688720474026e+01
s213        ,  2.970030695897441e-01,  3.010288203916399e-01,  0.000000000000000e+00,  4.445869105318079e+01
s214        ,  2.952505712043380e-01,  2.760172372982385e-01,  0.000000000000000e+00,  5.238671186455579e+01
s215        ,  3.666112826899128e-01,  3.651709258258861e-01,  1.115046569592024e-01,  4.002743948155862e+01
s216        ,  3.146096144721102e-01,  3.320532589831621e-01,  0.000000000000000e+00,  3.462475155817528e+01
s217        ,  3.572631712917447e-01,  3.205076847539315e-01,  0.000000000000000e+00,  3.828439806782636e+01
s218        ,  3.906530675883989e-01,  3.613957299901651e-01,  0.000000000000000e+00,  2.532395200734401e+01
s219        ,  3.533175328188169e-01,  3.133248696398373e-01,  0.000000000000000e+00,  4.056116349671363e+01
s220        ,  3.292958184485441e-01,  3.739559504249783e-01,  0.000000000000000e+00,  2.134268906086035e+01
s221        ,  3.922937304178105e-01,  3.273624381518879e-01,  0.000000000000000e+00,  3.611161966380047e+01
s222        ,  2.956043726879932e-01,  3.255751885007148e-01,  7.581234567901235e-02,  4.748867411962259e+01
s223        ,  3.522928979206140e-01,  3.280047511671460e-01,  0.000000000000000e+00,  3.590802315679941e+01
s224        ,  3.671890264330231e-01,  3.320399752032814e-01,  0.000000000000000e+00,  3.462896217063249e+01
s225        ,  3.692182726300033e-01,  3.638990533004022e-01,  0.000000000000000e+00,  2.453046367727523e+01
s226        ,  3.810944919303408e-01,  3.597004525678092e-01,  0.000000000000000e+00,  2.586131082366927e+01
s227        ,  3.257040093262658e-01,  3.452943708229685e-01,  0.000000000000000e+00,  3.042766375930565e+01
s228        ,  3.395769394444231e-01,  3.166691339059362e-01,  1.833751713578664e-02,  4.211597671878469e+01
s229        ,  3.431399804548451e-01,  3.067773531061320e-01,  0.000000000000000e+00,  4.263655581187389e+01
s230        ,  2.512227189184055e-01,  2.961191481360875e-01,  0.000000000000000e+00,  4.601492936379454e+01
s231        ,  3.201687391567147e-01,  3.200371768421567e-01,  2.650300494807704e-02,  4.221276127758836e+01
s232        ,  3.668712051047079e-01,  3.787754743250671e-01,  0.000000000000000e+00,  1.981502543244717e+01
s233        ,  3.159372860524723e-01,  3.497988102412711e-01,  0.000000000000000e+00,  2.899987371025024e+01
s234        ,  3.288074742025223e-01,  3.965234796393149e-01,  4.364946124965660e-03,  1.481179389222899e+01
s235        ,  2.404535459782499e-01,  2.691865838643314e-01,  1.669261737434948e-02,  5.693215290576081e+01
s236        ,  3.942112592274354e-01,  3.050784036434019e-01,  0.000000000000000e+00,  4.317507856941784e+01
s237        ,  3.207425992509765e-01,  3.243417821570568e-01,  0.000000000000000e+00,  3.706908898917651e+01
s238        ,  3.228783696280719e-01,  3.436497981508667e-01,  0.000000000000000e+00,  3.094895048959989e+01
s239        ,  3.173309981533126e-01,  3.125393903963959e-01,  4.252681599834713e-02,  4.687429696274836e+01
s240        ,  2.944515915275119e-01,  3.020723979299764e-01,  0.000000000000000e+00,  4.412790413692206e+01
s241        ,  2.623340223598457e-01,  2.732979270283017e-01,  0.000000000000000e+00,  5.324866243890115e+01
s242        ,  3.472905412885691e-01,  3.265355564280970e-01,  0.000000000000000e+00,  3.637371964724734e+01
s243        ,  3.411668088660135e-01,  3.436105096892217e-01,  4.878135626413146e-02,  3.791743378560703e+01
s244        ,  3.345490802910559e-01,  3.613565393618962e-01,  3.846065795196996e-03,  2.588480829825395e+01
s245        ,  3.806037450466579e-01,  3.394607945690640e-01,  0.000000000000000e+00,  3.227675558899872e+01
s246        ,  2.822738655802098e-01,  2.996686155624699e-01,  0.000000000000000e+00,  4.488984057910734e+01
s247        ,  2.412572311651046e-01,  3.024940678727673e-01,  0.000000000000000e+00,  4.399424574075043e+01
s248        ,  3.291723893390957e-01,  3.518610746263716e-01,  4.225932797361369e-02,  3.437220382816095e+01
s249        ,  3.335036159019719e-01,  3.042569933455702e-01,  0.000000000000000e+00,  4.343544425325197e+01
s250        ,  2.841334766149551e-01,  3.048632881918588e-01,  0.000000000000000e+00,  4.324326456829338e+01
s251        ,  3.897160933411575e-01,  3.617033111757875e-01,  0.000000000000000e+00,  2.522645677756604e+01
s252        ,  2.974172959235764e-01,  3.193362591033603e-01,  4.065803465315568e-02,  4.445338561652610e+01
s253        ,  3.402798874706645e-01,  3.319440067129904e-01,  0.000000000000000e+00,  3.465938168408041e+01
s254        ,  3.453557066513905e-01,  3.141087838700506e-01,  0.000000000000000e+00,  4.031268309032528e+01
s255        ,  3.473897848646884e-01,  3.235031777352179e-01,  0.000000000000000e+00,  3.733490476277319e+01
s256        ,  2.775650936098157e-01,  2.846133536266272e-01,  0.000000000000000e+00,  4.966196673770911e+01
s257        ,  3.769007346358472e-01,  3.601936691242440e-01,  7.308641975308641e-02,  3.612681051576662e+01
s258        ,  3.031826235523933e-01,  3.115680310054209e-01,  0.000000000000000e+00,  4.111803561487857e+01
s259        ,  3.649101163154662e-01,  3.613717743428898e-01,  0.000000000000000e+00,  2.533154532398612e+01
s260        ,  2.836985211263404e-01,  2.942140389641155e-01,  5.246913580246913e-02,  5.410069214241027e+01
s261        ,  3.568114035371502e-01,  3.324732390892208e-01,  2.935925411624677e-02,  3.867814316197621e+01
s262        ,  2.969774967310232e-01,  3.132032997792151e-01,  0.000000000000000e+00,  4.059969797817566e+01
s263        ,  2.618717119564857e-01,  3.021117905616056e-01,  7.745036370381123e-02,  5.515953547406412e+01
s264        ,  3.079903383698472e-01,  3.395409029230430e-01,  0.000000000000000e+00,  3.225136332593648e+01
s265        ,  3.131364053370843e-01,  3.630957120676534e-01,  2.559016068240428e-02,  2.843415837818509e+01
s266        ,  3.412850318464396e-01,  3.765837909536780e-01,  0.000000000000000e+00,  2.050973201361121e+01
s267        ,  3.070004173759213e-01,  3.101811086218307e-01,  0.000000000000000e+00,  4.155765391012218e+01
s268        ,  2.824464522612543e-01,  2.999645841420078e-01,  0.000000000000000e+00,  4.479602624319238e+01
s269        ,  3.706172452100595e-01,  3.593627865598298e-01,  0.000000000000000e+00,  2.596834215905328e+01
s270        ,  3.137711424042234e-01,  3.473328329744467e-01,  0.000000000000000e+00,  2.978152431664148e+01
s271        ,  3.438724170458776e-01,  3.211866578711829e-01,  0.000000000000000e+00,  3.806918126272322e+01
s272        ,  3.563763221903465e-01,  3.648852950869674e-01,  0.000000000000000e+00,  2.421785070192943e+01
s273        ,  2.992755087965905e-01,  3.151391519794439e-01,  8.972921006248998e-03,  4.126558652492719e+01
s274        ,  3.418910691999477e-01,  3.654919011823062e-01,  0.000000000000000e+00,  2.402557235912347e+01
s275        ,  3.459340138648980e-01,  3.257021852033717e-01,  0.000000000000000e+00,  3.663787663357445e+01
s276        ,  3.066542538287166e-01,  3.267950060972117e-01,  4.610995749966039e-02,  4.286657975641074e+01
s277        ,  2.599265281449482e-01,  3.584113438091942e-01,  0.000000000000000e+00,  2.626992474579731e+01
s278        ,  4.231065788037446e-01,  3.622110474104895e-01,  9.832702020202021e-02,  3.908656463313426e+01
s279        ,  4.085890984502099e-01,  3.666212544133999e-01,  0.000000000000000e+00,  2.366759678092561e+01
s280        ,  2.589465412373284e-01,  2.793437795320456e-01,  0.000000000000000e+00,  5.133228456337073e+01
s281        ,  2.711461992950798e-01,  3.619928241119979e-01,  0.000000000000000e+00,  2.513468871255125e+01
s282        ,  2.707729542437380e-01,  3.190277075672269e-01,  0.000000000000000e+00,  3.875351231352359e+01
s283        ,  3.542954078937219e-01,  3.590891804021509e-01,  1.474287329299470e-01,  4.707782666561215e+01
s284        ,  4.444266515123610e-01,  3.422586004782425e-01,  0.000000000000000e+00,  3.138992394018530e+01
s285        ,  3.522417187169772e-01,  3.503610528173832e-01,  1.572189710891781e-02,  3.106353824820152e+01
s286        ,  4.242568175749523e-01,  4.078240016856818e-01,  0.000000000000000e+00,  1.060739836642966e+01
s287        ,  2.982263198938339e-01,  2.859864230576512e-01,  0.000000000000000e+00,  4.922673946784899e+01
s288        ,  3.665857814303198e-01,  3.319971329016927e-01,  3.050632017512887e-02,  3.899262354715090e+01
s289        ,  4.410941970239712e-01,  3.960777759525663e-01,  0.000000000000000e+00,  1.433064618003231e+01
s290        ,  3.692001655720752e-01,  3.448114474808827e-01,  0.000000000000000e+00,  3.058073788868234e+01
s291        ,  2.847619118274958e-01,  3.710913016301013e-01,  0.000000000000000e+00,  2.225070816457942e+01
s292        ,  2.619380900493295e-01,  3.098674744056246e-01,  0.000000000000000e+00,  4.165706779304019e+01
s293        ,  2.551793459709563e-01,  2.795917959902726e-01,  0.000000000000000e+00,  5.125366980176031e+01
s294        ,  3.996439882026235e-01,  3.980924485536002e-01,  0.000000000000000e+00,  1.369204740563817e+01
s295        ,  2.544891884610722e-01,  2.897386887883650e-01,  0.000000000000000e+00,  4.803736889934803e+01
s296        ,  2.982485995455294e-01,  3.607064195784130e-01,  0.000000000000000e+00,  2.554244546573329e+01
s297        ,  3.481137343622313e-01,  3.644322996729331e-01,  0.000000000000000e+00,  2.436143845711113e+01
s298        ,  3.526397833241731e-01,  3.492218126961912e-01,  0.000000000000000e+00,  2.918276691330834e+01
s299        ,  3.179989852712529e-01,  3.032661634992305e-01,  0.000000000000000e+00,  4.374951152412316e+01
s300        ,  2.757636809786050e-01,  2.733030664731406e-01,  0.000000000000000e+00,  5.324703336866242e+01
s301        ,  3.892773998715768e-01,  3.871971859490995e-01,  0.000000000000000e+00,  1.714556205728233e+01
s302        ,  2.647069109525357e-01,  3.028940837364917e-01,  0.000000000000000e+00,  4.386745112400651e+01
s303        ,  2.939670826111614e-01,  3.604088049424305e-01,  0.000000000000000e+00,  2.563678155869582e+01
s304        ,  4.210831624843967e-01,  3.587705593709582e-01,  3.142984561150163e-02,  3.063783534609203e+01
s305        ,  3.096791680687918e-01,  3.074245744091909e-01,  4.266666666666667e-03,  4.303981342013883e+01
s306        ,  3.818026842917582e-01,  3.357054878865769e-01,  0.000000000000000e+00,  3.346709006005854e+01
s307        ,  3.609095150813969e-01,  3.463235671326325e-01,  8.954878630600412e-02,  4.287074065606929e+01
s308        ,  2.411597646293700e-01,  3.640593570176009e-01,  0.000000000000000e+00,  2.447965157148622e+01
s309        ,  3.878963941441608e-01,  3.257797455757285e-01,  0.000000000000000e+00,  3.661329201436475e+01
s310        ,  3.258173656529080e-01,  3.370117178492642e-01,  9.592872008324661e-02,  4.673210800728327e+01
s311        ,  3.530293427363137e-01,  3.585550548114669e-01,  6.631780385781301e-02,  3.568103054974075e+01
s312        ,  3.018528617684650e-01,  3.252714161779149e-01,  2.960609376315125e-02,  4.099613193232224e+01
s313        ,  3.165147624134501e-01,  3.093007029406079e-01,  0.000000000000000e+00,  4.183671959489399e+01
s314        ,  3.254223568814984e-01,  3.236571678642868e-01,  0.000000000000000e+00,  3.728609390008425e+01
s315        ,  3.159450503141960e-01,  3.067233414693355e-01,  0.000000000000000e+00,  4.265367609486357e+01
s316        ,  3.632560519463020e-01,  3.722579874265801e-01,  0.000000000000000e+00,  2.188089913488791e+01
s317        ,  2.393880636932959e-01,  2.725257896846142e-01,  0.000000000000000e+00,  5.349340987880272e+01
s318        ,  3.299331681777578e-01,  3.215503152113904e-01,  0.000000000000000e+00,  3.795391135155418e+01
s319        ,  3.061104934871230e-01,  3.469162628054345e-01,  0.000000000000000e+00,  2.991356621726781e+01
s320        ,  4.632011214667016e-01,  3.612422628938807e-01,  0.000000000000000e+00,  2.537259708225433e+01
s321        ,  2.843417672327688e-01,  2.883168582076704e-01,  0.000000000000000e+00,  4.848805218444444e+01
s322        ,  3.371500722398251e-01,  3.490873608481553e-01,  0.000000000000000e+00,  2.922538464947387e+01
s323        ,  3.686039319423406e-01,  3.619926732831686e-01,  0.000000000000000e+00,  2.513473652136420e+01
s324        ,  3.213492322200285e-01,  2.984357056923335e-01,  0.000000000000000e+00,  4.528064091639467e+01
s325        ,  3.351760333142303e-01,  3.711116555484955e-01,  5.141986921078563e-02,  2.957652796532927e+01
s326        ,  2.931935066565518e-01,  3.617827693024511e-01,  0.000000000000000e+00,  2.520127061963797e+01
s327        ,  3.259018731198677e-01,  3.004588672387837e-01,  0.000000000000000e+00,  4.463935136726325e+01
s328        ,  3.298407520206893e-01,  3.658810679595635e-01,  0.000000000000000e+00,  2.390221662039753e+01
s329        ,  3.194938209283936e-01,  3.408586736636862e-01,  0.000000000000000e+00,  3.183366430155139e+01
s330        ,  3.459676070956239e-01,  3.457841802134721e-01,  0.000000000000000e+00,  3.027240693181822e+01
s331        ,  3.272723758742512e-01,  3.221372891585635e-01,  0.000000000000000e+00,  3.776785588870940e+01
s332        ,  3.326108287350491e-01,  3.272888119061687e-01,  0.000000000000000e+00,  3.613495726726786e+01
s333        ,  3.950926495884596e-01,  4.092107242998194e-01,  0.000000000000000e+00,  1.016784339290274e+01
s334        ,  2.949640786288477e-01,  3.041346375732698e-01,  2.946189432675919e-02,  4.767537830500256e+01
s335        ,  3.029422036334947e-01,  3.102017324454437e-01,  1.798611111111111e-02,  4.411586552164358e+01
s336        ,  3.680290352655777e-01,  3.335458597900620e-01,  0.000000000000000e+00,  3.415163595345773e+01
s337        ,  2.095842824931815e-01,  2.871233031596077e-01,  0.000000000000000e+00,  4.886637806750534e+01
s338        ,  3.574290889155288e-01,  3.362369298977891e-01,  0.000000000000000e+00,  3.329863677546657e+01
s339        ,  3.094934113876675e-01,  2.967425579922376e-01,  0.000000000000000e+00,  4.581732466619830e+01
s340        ,  3.096006184895485e-01,  3.089229546128310e-01,  0.000000000000000e+00,  4.195645598234669e+01
s341        ,  4.251368861065753e-01,  3.792137019535298e-01,  0.000000000000000e+00,  1.967611868089939e+01
s342        ,  3.304603020052027e-01,  3.354290980534523e-01,  7.774262813683228e-02,  4.464049197964189e+01
s343        ,  2.900651984072795e-01,  3.110076896110368e-01,  0.000000000000000e+00,  4.129564925171088e+01
s344        ,  3.829642871784757e-01,  3.570357750261286e-01,  0.000000000000000e+00,  2.670594424519874e+01
s345        ,  2.978036844690807e-01,  3.093872576082645e-01,  0.000000000000000e+00,  4.180928401818777e+01
s346        ,  3.520522767736792e-01,  3.683920991265254e-01,  0.000000000000000e+00,  2.310628510037565e+01
s347        ,  2.542874130214282e-01,  2.864362012110280e-01,  0.000000000000000e+00,  4.908417150055332e+01
s348        ,  3.478444540314312e-01,  3.542585782879013e-01,  5.892722236212541e-02,  3.598903387011110e+01
s349        ,  3.234544796335823e-01,  3.138650756297948e-01,  4.629045154231368e-02,  4.699076890182762e+01
s350        ,  3.541125597145412e-01,  3.347490320646196e-01,  0.000000000000000e+00,  3.377026165992577e+01
s351        ,  3.738587852283149e-01,  3.770371713066504e-01,  0.000000000000000e+00,  2.036602224280580e+01
s352        ,  3.787169596864594e-01,  3.130267015732889e-01,  7.569204152249136e-03,  4.173501380641415e+01
s353        ,  3.307364261694613e-01,  3.587842133443968e-01,  5.420397411380302e-02,  3.388100869981307e+01
s354        ,  3.099376231199831e-01,  3.673975771602904e-01,  0.000000000000000e+00,  2.342152267715105e+01
s355        ,  2.640936694175295e-01,  3.025484811327727e-01,  0.000000000000000e+00,  4.397699815365744e+01
s356        ,  3.404723749290282e-01,  3.473093307687598e-01,  0.000000000000000e+00,  2.978897390410273e+01
s357        ,  3.291365235802792e-01,  3.078869784204545e-01,  2.349619052693271e-02,  4.563529798742157e+01
s358        ,  3.293936994127192e-01,  3.391527112156695e-01,  0.000000000000000e+00,  3.237440999288944e+01
s359        ,  3.541003310386388e-01,  3.562734328708440e-01,  0.000000000000000e+00,  2.694758686533658e+01
s360        ,  2.930045091334991e-01,  3.093534306208618e-01,  0.000000000000000e+00,  4.182000629270804e+01
s361        ,  3.254402877492827e-01,  3.621652695599397e-01,  0.000000000000000e+00,  2.508002799415515e+01
s362        ,  3.740728450255384e-01,  3.477052198144378e-01,  1.498026792665575e-02,  3.179961477158552e+01
s363        ,  2.839989278051633e-01,  3.322412254520865e-01,  0.000000000000000e+00,  3.456517108012605e+01
s364        ,  2.872844795965752e-01,  2.716359025330670e-01,  0.000000000000000e+00,  5.377548094287311e+01
s365        ,  3.424949250288197e-01,  3.318102195859228e-01,  0.000000000000000e+00,  3.470178872100105e+01
s366        ,  3.910819753821045e-01,  3.533521572986913e-01,  0.000000000000000e+00,  2.787355518350745e+01
s367        ,  3.763017987949026e-01,  3.650286564475675e-01,  0.000000000000000e+00,  2.417240888218776e+01
s368        ,  3.411954836427898e-01,  3.651505326841293e-01,  8.393175983005122e-02,  3.610211670367338e+01
s369        ,  3.788441935901406e-01,  3.645963379974134e-01,  0.000000000000000e+00,  2.430944257802235e+01
s370        ,  2.943092935652329e-01,  2.895273704251977e-01,  0.000000000000000e+00,  4.810435132004325e+01
s371        ,  3.611288930230376e-01,  3.569763680102045e-01,  0.000000000000000e+00,  2.672477472293496e+01
s372        ,  3.689311052207762e-01,  3.682193339755614e-01,  0.000000000000000e+00,  2.316104715630819e+01
s373        ,  2.432926146526648e-01,  2.899959157140691e-01,  4.544667590027700e-02,  5.443635220844238e+01
s374        ,  2.892573275378368e-01,  3.060319598959058e-01,  0.000000000000000e+00,  4.287282605759415e+01
s375        ,  3.674807278757085e-01,  3.431566898498261e-01,  0.000000000000000e+00,  3.110525298585985e+01
s376        ,  4.282440806387797e-01,  3.983757045686411e-01,  0.000000000000000e+00,  1.360226262177201e+01
s377        ,  3.691206426424970e-01,  3.784574284315952e-01,  0.000000000000000e+00,  1.991583770222641e+01
s378        ,  3.798602051076750e-01,  3.641457653937231e-01,  3.526637131080694e-02,  2.948110845032965e+01
s379        ,  2.957579509529457e-01,  2.946890531151587e-01,  0.000000000000000e+00,  4.646823226132916e+01
s380        ,  2.910202807204411e-01,  3.093168215940221e-01,  6.759512848901579e-03,  4.279549039414891e+01
s381        ,  3.407216064168898e-01,  3.499336364167396e-01,  0.000000000000000e+00,  2.895713732203200e+01
s382        ,  2.968841887389642e-01,  3.037168795317297e-01,  3.361140971097216e-02,  4.839950133212682e+01
s383        ,  3.646408838761149e-01,  3.257166296920897e-01,  0.000000000000000e+00,  3.663329810662802e+01
s384        ,  2.932506021659876e-01,  3.106496471231160e-01,  0.000000000000000e+00,  4.140913940085466e+01
s385        ,  3.747511312527886e-01,  3.545431265965083e-01,  0.000000000000000e+00,  2.749604891596963e+01
s386        ,  3.757314223013586e-01,  3.646288921136777e-01,  0.000000000000000e+00,  2.429912377052124e+01
s387        ,  2.822798018360685e-01,  2.802215902152008e-01,  0.000000000000000e+00,  5.105404142544088e+01
s388        ,  4.290603261943512e-01,  3.943122496296977e-01,  0.000000000000000e+00,  1.489027206930382e+01
s389        ,  3.607283139092911e-01,  3.618247957570152e-01,  0.000000000000000e+00,  2.518794932745232e+01
s390        ,  3.355447048186090e-01,  3.442187340805381e-01,  9.896949290888685e-03,  3.217987871994448e+01
s391        ,  3.170728848178653e-01,  3.209297989512011e-01,  1.999231064975009e-02,  4.100142385873920e+01
s392        ,  3.301070274496518e-01,  3.236693959537083e-01,  0.000000000000000e+00,  3.728221791402392e+01
s393        ,  3.507773516014346e-01,  3.108181425239167e-01,  0.000000000000000e+00,  4.135573074458605e+01
s394        ,  3.243042000156651e-01,  2.963128116124604e-01,  0.000000000000000e+00,  4.595354308267214e+01
s395        ,  3.022367426115909e-01,  3.668938804284068e-01,  0.000000000000000e+00,  2.358118143038082e+01
s396        ,  2.606776363619531e-01,  3.287002816296597e-01,  0.000000000000000e+00,  3.568755810422110e+01
s397        ,  3.106623095651243e-01,  3.092196384771759e-01,  2.468444179898811e-02,  4.538231940343945e+01
s398        ,  3.408812441883181e-01,  3.791387866744637e-01,  0.000000000000000e+00,  1.969986487438536e+01
s399        ,  2.471327792540375e-01,  2.788472410878617e-01,  0.000000000000000e+00,  5.148967432572353e+01
s400        ,  2.602627988296087e-01,  2.833470813403264e-01,  0.000000000000000e+00,  5.006334209252658e+01
s401        ,  2.526229840954008e-01,  2.837621828856441e-01,  0.000000000000000e+00,  4.993176570738441e+01
s402        ,  3.012505607845273e-01,  3.044750450653826e-01,  0.000000000000000e+00,  4.336632753376351e+01
s403        ,  3.441124722642947e-01,  3.711601279649462e-01,  1.170655567117586e-02,  2.389820088396983e+01
s404        ,  3.663456624686381e-01,  3.624828154408261e-01,  0.000000000000000e+00,  2.497937421535062e+01
s405        ,  3.699249649078094e-01,  3.467100116151678e-01,  0.000000000000000e+00,  2.997894247604755e+01
s406        ,  2.989025550014489e-01,  3.216392296279303e-01,  0.000000000000000e+00,  3.792572779587410e+01
s407        ,  3.062746086891894e-01,  2.602073219206715e-01,  0.000000000000000e+00,  5.739804352122712e+01
s408        ,  2.568960282350025e-01,  2.931222238734630e-01,  1.462773475040986e-02,  4.905073389129498e+01
s409        ,  3.504460771064962e-01,  3.382768125791983e-01,  7.380835224837701e-02,  4.317682830364231e+01
s410        ,  2.441820219030917e-01,  3.032248428114854e-01,  0.000000000000000e+00,  4.376260910659764e+01
s411        ,  2.985656670308606e-01,  2.935885163917039e-01,  0.000000000000000e+00,  4.681707375667355e+01
s412        ,  4.206602671899846e-01,  3.692074781328262e-01,  0.000000000000000e+00,  2.284783117896765e+01
s413        ,  3.297200192703431e-01,  3.531511459818616e-01,  9.997519995039990e-02,  4.219334152582533e+01
s414        ,  3.299537174094920e-01,  3.416168282580244e-01,  0.000000000000000e+00,  3.159334902923509e+01
s415        ,  3.514142357715472e-01,  3.349902681527080e-01,  6.113062547303460e-02,  4.241078327855669e+01
s416        ,  2.880693148677096e-01,  2.965231522228599e-01,  0.000000000000000e+00,  4.588687058415428e+01
s417        ,  2.648160251035137e-01,  2.888732034515186e-01,  3.921253192302279e-02,  5.390325831801401e+01
s418        ,  3.361158265966862e-01,  3.361216823632342e-01,  0.000000000000000e+00,  3.333516724412978e+01
s419        ,  2.843313817309785e-01,  2.908897437385136e-01,  0.000000000000000e+00,  4.767251444108614e+01
s420        ,  4.086653318866107e-01,  3.858019119309174e-01,  0.000000000000000e+00,  1.758782760330596e+01
s421        ,  2.945648749258037e-01,  3.538297466593839e-01,  0.000000000000000e+00,  2.772217178739361e+01
s422        ,  3.198415121648245e-01,  3.259893436528957e-01,  5.396960934619340e-02,  4.424270927507657e+01
s423        ,  3.457431819287231e-01,  3.206627180132007e-01,  0.000000000000000e+00,  3.823525656001570e+01
s424        ,  3.329184378144718e-01,  3.712838778939376e-01,  0.000000000000000e+00,  2.218966650153196e+01
s425        ,  3.017490009466554e-01,  3.314684665682093e-01,  6.850302447848945e-02,  4.457837786390787e+01
s426        ,  3.516200438115945e-01,  3.650907532006355e-01,  0.000000000000000e+00,  2.415272582778837e+01
s427        ,  3.134603833942083e-01,  3.155161612394067e-01,  0.000000000000000e+00,  3.986658109701897e+01
s428        ,  4.002386469560284e-01,  3.480254378794949e-01,  0.000000000000000e+00,  2.956198658963007e+01
s429        ,  3.271139391322421e-01,  3.376130529707396e-01,  1.444924000750610e-02,  3.492284647459116e+01
s430        ,  3.336468674117929e-01,  3.460452750403595e-01,  0.000000000000000e+00,  3.018964666776075e+01
s431        ,  3.524054973028489e-01,  3.262538118058299e-01,  0.000000000000000e+00,  3.646302535894441e+01
s432        ,  2.841555127790880e-01,  3.503462532268353e-01,  0.000000000000000e+00,  2.882634853327977e+01
s433        ,  3.404658463759219e-01,  3.042410162248830e-01,  0.000000000000000e+00,  4.344050858463958e+01
s434        ,  3.538819482511877e-01,  3.617758914072094e-01,  2.053417836124943e-02,  2.813154394575584e+01
s435        ,  3.399757763932839e-01,  3.100539423448398e-01,  0.000000000000000e+00,  4.159796230990335e+01
s436        ,  2.790232036656270e-01,  3.102651157242519e-01,  0.000000000000000e+00,  4.153102584528472e+01
s437        ,  3.534179964046834e-01,  3.066676319768277e-01,  0.000000000000000e+00,  4.267133455392007e+01
s438        ,  3.557570008105000e-01,  3.320276606744319e-01,  0.000000000000000e+00,  3.463286555574157e+01
s439        ,  2.721980488553641e-01,  3.119198975468257e-01,  6.805293005671077e-02,  5.071058371447406e+01
s440        ,  4.224009004310128e-01,  3.372103449450781e-01,  0.000000000000000e+00,  3.299008954260274e+01
s441        ,  3.059499862195538e-01,  3.182849771908394e-01,  0.000000000000000e+00,  3.898893851022817e+01
s442        ,  4.080702663829111e-01,  3.737398756016900e-01,  2.842724476693840e-02,  2.546479264739516e+01
s443        ,  3.177907970187364e-01,  2.922892314393181e-01,  0.000000000000000e+00,  4.722891326734964e+01
s444        ,  3.372064727277352e-01,  3.186009216745659e-01,  0.000000000000000e+00,  3.888879233264041e+01
s445        ,  3.808845894775907e-01,  3.368241135660498e-01,  0.000000000000000e+00,  3.311251483649586e+01
s446        ,  3.398124643479998e-01,  3.262924359854625e-01,  1.544090614660108e-02,  3.865259509126862e+01
s447        ,  3.331015042174243e-01,  3.365302856602417e-01,  0.000000000000000e+00,  3.320565063455832e+01
s448        ,  3.427401650526040e-01,  3.157739475885049e-01,  0.000000000000000e+00,  3.978486953430394e+01
s449        ,  3.811785384687535e-01,  3.314987253190237e-01,  0.000000000000000e+00,  3.480052429568972e+01
s450        ,  3.936724858760076e-01,  3.565453414073887e-01,  0.000000000000000e+00,  2.686139893678896e+01
s451        ,  2.836792607536900e-01,  2.906311976965839e-01,  1.247165532879818e-02,  4.953287588992039e+01
s452        ,  3.820067487524758e-01,  3.663169118747708e-01,  1.269333333333333e-01,  4.186426040743591e+01
s453        ,  3.197971848634002e-01,  3.300738277707986e-01,  5.760000000000000e-02,  4.346571357865972e+01
s454        ,  2.840492207731964e-01,  2.801699558558578e-01,  0.000000000000000e+00,  5.107040817335622e+01
s455        ,  3.289295380996844e-01,  3.054674911996132e-01,  0.000000000000000e+00,  4.305174794170145e+01
s456        ,  2.744141413404179e-01,  3.076302690795227e-01,  4.361228202028123e-02,  4.858514383307684e+01
s457        ,  2.611105769806453e-01,  2.888867587145814e-01,  0.000000000000000e+00,  4.830740855775629e+01
s458        ,  3.263658474620744e-01,  3.236772375346032e-01,  0.000000000000000e+00,  3.727973233698960e+01
s459        ,  2.969415277363106e-01,  3.009603654283249e-01,  0.000000000000000e+00,  4.448038949472992e+01
s460        ,  3.921319705097926e-01,  3.586348088469258e-01,  1.721935127095212e-02,  2.865450402949016e+01
s461        ,  2.326428979555135e-01,  2.780293952112821e-01,  0.000000000000000e+00,  5.174891018079945e+01
s462        ,  3.826962200360596e-01,  3.867162338346032e-01,  5.522682445759369e-03,  1.808552419225136e+01
s463        ,  3.693280157843884e-01,  3.484409227715566e-01,  1.010848126232742e-01,  4.384458609113096e+01
s464        ,  2.560977909662989e-01,  3.250128499779609e-01,  8.674893102314082e-02,  4.922643492465843e+01
s465        ,  3.502461683327402e-01,  3.364451708666629e-01,  1.757080383173678e-02,  3.573815744800174e+01
s466        ,  2.778157526053289e-01,  3.175705415840722e-01,  3.654354303704953e-02,  4.442636176008065e+01
s467        ,  2.872380924003551e-01,  3.051504451628956e-01,  3.482263168253872e-02,  4.811781383908999e+01
s468        ,  2.914774800332743e-01,  3.026419452046267e-01,  0.000000000000000e+00,  4.394737247566626e+01
s469        ,  3.971790599696770e-01,  3.651554515007367e-01,  2.117439466718949e-02,  2.715160369463602e+01
s470        ,  3.627719177198918e-01,  3.291282324215618e-01,  0.000000000000000e+00,  3.555190884236612e+01
s471        ,  3.324323933331337e-01,  3.227436761660262e-01,  0.000000000000000e+00,  3.757564699105748e+01
s472        ,  2.877997515332106e-01,  3.224210366438250e-01,  7.586974403638652e-02,  4.849664293889509e+01
s473        ,  3.757374999337151e-01,  3.307998101324821e-01,  0.000000000000000e+00,  3.502206221768355e+01
s474        ,  2.568357370086547e-01,  2.810944496890442e-01,  0.000000000000000e+00,  5.077736769198727e+01
s475        ,  4.085603576077300e-01,  3.856732509671352e-01,  0.000000000000000e+00,  1.762860977989462e+01
s476        ,  3.620562286483349e-01,  3.779342822008737e-01,  0.000000000000000e+00,  2.008166144033465e+01
s477        ,  3.607757962020898e-01,  3.045471439640099e-01,  0.000000000000000e+00,  4.334347405956879e+01
s478        ,  2.801658826101431e-01,  2.756245036067942e-01,  0.000000000000000e+00,  5.251119822223540e+01
s479        ,  3.100069640052550e-01,  3.086975713948071e-01,  0.000000000000000e+00,  4.202789659593584e+01
s480        ,  3.474642750814730e-01,  4.004641029248462e-01,  0.000000000000000e+00,  1.294029470200435e+01
s481        ,  2.558881068491226e-01,  3.293090513904009e-01,  0.000000000000000e+00,  3.549459393580084e+01
s482        ,  3.573635956988882e-01,  3.609574683405888e-01,  0.000000000000000e+00,  2.546286954269925e+01
s483        ,  3.634319087840275e-01,  3.577764240071544e-01,  0.000000000000000e+00,  2.647117779664691e+01
s484        ,  4.385711512863196e-01,  4.058864324110095e-01,  0.000000000000000e+00,  1.122155739329810e+01
s485        ,  3.308128664574001e-01,  3.124009271791559e-01,  0.000000000000000e+00,  4.085402920735023e+01
s486        ,  4.128201781867112e-01,  3.662957089722187e-01,  0.000000000000000e+00,  2.377078621212212e+01
s487        ,  2.921123229720385e-01,  3.299431840079615e-01,  0.000000000000000e+00,  3.529359040194144e+01
s488        ,  3.541551995743547e-01,  3.271140477903612e-01,  0.000000000000000e+00,  3.619035294302454e+01
s489        ,  3.860436533530173e-01,  3.455875065850866e-01,  6.943837889772032e-02,  4.023638755235858e+01
s490        ,  4.034893081854423e-01,  3.869147432080463e-01,  0.000000000000000e+00,  1.723508905446319e+01
s491        ,  3.095260644743733e-01,  3.042396610599799e-01,  2.571332379429341e-02,  4.710755715321383e+01
s492        ,  3.871277061112895e-01,  3.368171155815345e-01,  0.000000000000000e+00,  3.311473301543591e+01
s493        ,  2.960652162202438e-01,  3.653661865589654e-01,  0.000000000000000e+00,  2.406542062248283e+01
s494        ,  3.660452085605971e-01,  3.428460015960942e-01,  1.041666666666667e-01,  4.605749075944871e+01
s495        ,  3.363338429676201e-01,  3.144142020364253e-01,  0.000000000000000e+00,  4.021587348134737e+01
s496        ,  3.422159497617455e-01,  3.793860301665880e-01,  0.000000000000000e+00,  1.962149512290987e+01
s497        ,  3.159902657033893e-01,  3.040555063873847e-01,  0.000000000000000e+00,  4.349931037447072e+01
s498        ,  3.472376449689170e-01,  3.628920342323996e-01,  0.000000000000000e+00,  2.484966251002254e+01
s499        ,  2.973835508359319e-01,  3.183843219538892e-01,  5.228337589736372e-02,  4.641285293246140e+01
s500        ,  3.418229122033170e-01,  3.213683785485442e-01,  0.000000000000000e+00,  3.801158053802712e+01
s501        ,  3.581213543775074e-01,  3.260157377422773e-01,  0.000000000000000e+00,  3.653848864023472e+01
s502        ,  2.614321344450545e-01,  3.120161873349988e-01,  0.000000000000000e+00,  4.097598172351253e+01
s503        ,  3.881007690304034e-01,  3.822329470618799e-01,  0.000000000000000e+00,  1.871909656981371e+01
s504        ,  3.473738986326554e-01,  3.101548819550602e-01,  0.000000000000000e+00,  4.156596708083162e+01
s505        ,  3.823408435418969e-01,  3.868893278606920e-01,  1.248699271592092e-02,  1.902374119248692e+01
s506        ,  3.506593382360281e-01,  3.118221261700368e-01,  0.000000000000000e+00,  4.103749406156616e+01
s507        ,  3.661650958853160e-01,  3.382531738278735e-01,  0.000000000000000e+00,  3.265953993066368e+01
s508        ,  3.590313513939754e-01,  3.359685115612501e-01,  0.000000000000000e+00,  3.338371840145917e+01
s509        ,  3.473410711565950e-01,  3.548979407233359e-01,  8.625000000000001e-02,  3.968249343569123e+01
s510        ,  2.823312585344063e-01,  3.112640731761671e-01,  0.000000000000000e+00,  4.121438233500042e+01
s511        ,  3.944434654069573e-01,  3.621649187253446e-01,  0.000000000000000e+00,  2.508013919958988e+01
s512        ,  3.702712531526244e-01,  3.634965457394294e-01,  1.216287432574865e-01,  4.200182934295963e+01
s513        ,  3.067345842508110e-01,  3.104713283507488e-01,  0.000000000000000e+00,  4.146566181021625e+01
s514        ,  4.152315745840311e-01,  3.928204537545919e-01,  0.000000000000000e+00,  1.536313253159428e+01
s515        ,  3.940850334472998e-01,  3.541780645168270e-01,  1.476112495550018e-01,  4.866054872341713e+01
s516        ,  4.097596484681705e-01,  3.706886011671680e-01,  0.000000000000000e+00,  2.237835372939484e+01
s517        ,  3.924178649597482e-01,  3.884490874345898e-01,  5.796401400797005e-03,  1.757528595399565e+01
s518        ,  4.006045868102542e-01,  3.701090081354333e-01,  1.379978095585784e-01,  4.224001546570607e+01
s519        ,  3.177429089345927e-01,  3.533681923898623e-01,  0.000000000000000e+00,  2.786847247698537e+01
s520        ,  2.992249414239895e-01,  3.430535452502097e-01,  0.000000000000000e+00,  3.113794713917614e+01
s521        ,  3.196768127285200e-01,  3.088661591745580e-01,  0.000000000000000e+00,  4.197445865794457e+01
s522        ,  3.054834021600709e-01,  3.154842969744738e-01,  2.737408688965782e-03,  4.026702497094728e+01
s523        ,  3.919804173628093e-01,  3.686094363348086e-01,  2.678298132843588e-02,  2.685654284366190e+01
s524        ,  3.373041318694542e-01,  3.820295962831035e-01,  0.000000000000000e+00,  1.878355347364617e+01
s525        ,  3.686696993352180e-01,  3.281094218304009e-01,  4.231111111111112e-02,  4.190824360220846e+01
s526        ,  3.656157006335905e-01,  3.733251477503662e-01,  0.000000000000000e+00,  2.154263708948053e+01
s527        ,  3.181191492460722e-01,  3.502875196909697e-01,  0.000000000000000e+00,  2.884496553536755e+01
s528        ,  2.924289616161080e-01,  2.680096267600853e-01,  0.000000000000000e+00,  5.492491597417941e+01
s529        ,  3.764315778427560e-01,  4.028139027980543e-01,  0.000000000000000e+00,  1.219546930539539e+01
s530        ,  4.069348635396722e-01,  3.656209507717192e-01,  0.000000000000000e+00,  2.398466699832545e+01
s531        ,  2.746836017334675e-01,  3.011946374229210e-01,  0.000000000000000e+00,  4.440613137033438e+01
s532        ,  3.277893342024278e-01,  3.065052992365586e-01,  0.000000000000000e+00,  4.272278980720871e+01
s533        ,  3.719047035373527e-01,  3.616757275998523e-01,  0.000000000000000e+00,  2.523520005316158e+01
s534        ,  4.012806479402614e-01,  3.681603127749352e-01,  0.000000000000000e+00,  2.317975534063743e+01
s535        ,  2.854504042694033e-01,  3.091249540050501e-01,  0.000000000000000e+00,  4.189242743287753e+01
s536        ,  3.360450970551518e-01,  3.488085055995704e-01,  7.174744897959184e-02,  3.954467903223144e+01
s537        ,  3.297420264022976e-01,  3.386731488814396e-01,  0.000000000000000e+00,  3.252641877025987e+01
s538        ,  2.724861013757831e-01,  3.083113932340255e-01,  0.000000000000000e+00,  4.215030502103001e+01
s539        ,  3.471305126426427e-01,  3.121071545517762e-01,  0.000000000000000e+00,  4.094714748358973e+01
s540        ,  3.290991657411811e-01,  3.570186845332914e-01,  0.000000000000000e+00,  2.671136148657779e+01
s541        ,  2.326620745596658e-01,  2.920955163033835e-01,  0.000000000000000e+00,  4.729031592320842e+01
s542        ,  3.456910270356876e-01,  3.146637801460298e-01,  0.000000000000000e+00,  4.013676371689868e+01
s543        ,  2.845400261615328e-01,  3.141433075438319e-01,  0.000000000000000e+00,  4.030173998435712e+01
s544        ,  3.495152260396833e-01,  3.518683434619033e-01,  0.000000000000000e+00,  2.834388554741651e+01
s545        ,  3.154656949900153e-01,  3.269839251659142e-01,  0.000000000000000e+00,  3.623159842799819e+01
s546        ,  3.597382183698820e-01,  3.524434226526121e-01,  0.000000000000000e+00,  2.816160041276102e+01
s547        ,  2.730286710892002e-01,  2.809052087819834e-01,  0.000000000000000e+00,  5.083735213375327e+01
s548        ,  3.194966907439210e-01,  3.178257498597590e-01,  0.000000000000000e+00,  3.913450162090223e+01
s549        ,  3.819439317227558e-01,  4.017376250805680e-01,  0.000000000000000e+00,  1.253662132728809e+01
s550        ,  4.309276596653012e-01,  3.956461852784443e-01,  0.000000000000000e+00,  1.446744918980812e+01
s551        ,  2.731326038711657e-01,  2.845117699743300e-01,  0.000000000000000e+00,  4.969416611135531e+01
s552        ,  3.494519360539466e-01,  3.576353362713686e-01,  0.000000000000000e+00,  2.651589893650292e+01
s553        ,  3.310384344676721e-01,  3.614818613013284e-01,  9.570275849127415e-02,  3.894348823318302e+01
s554        ,  2.857682476071176e-01,  2.906352645641631e-01,  0.000000000000000e+00,  4.775317771548899e+01
s555        ,  2.942434306995658e-01,  3.456537351843861e-01,  0.000000000000000e+00,  3.031375461067055e+01
s556        ,  2.969278407515290e-01,  3.253091903491929e-01,  4.294149221685454e-03,  3.737477459222634e+01
s557        ,  3.451470710358436e-01,  3.619362719279926e-01,  0.000000000000000e+00,  2.515261428287795e+01
s558        ,  3.104132740256662e-01,  3.206755385840275e-01,  3.910166891783613e-02,  4.380693723820421e+01
s559        ,  3.434977869144114e-01,  3.378682179808299e-01,  0.000000000000000e+00,  3.278156091411864e+01
s560        ,  3.938831456017408e-01,  3.533615134682250e-01,  9.698791066184005e-02,  4.170068478457073e+01
s561        ,  3.091091411023093e-01,  3.644464945977467e-01,  0.000000000000000e+00,  2.435693903542646e+01
s562        ,  2.967807829232105e-01,  3.108108022585560e-01,  4.285714285714286e-02,  4.746931772195799e+01
s563        ,  2.549558047926404e-01,  3.269689239565475e-01,  0.000000000000000e+00,  3.623635342089934e+01
s564        ,  2.954235220552698e-01,  2.892087638833258e-01,  0.000000000000000e+00,  4.820534130077209e+01
s565        ,  3.605274781312461e-01,  3.285295349649083e-01,  3.474122546103510e-02,  4.069564270117206e+01
s566        ,  2.951155514842215e-01,  3.174339443710582e-01,  5.276450779230949e-02,  4.678270540792023e+01
s567        ,  3.587015054599469e-01,  3.530903601368687e-01,  0.000000000000000e+00,  2.795653806945822e+01
s568        ,  3.617082896247803e-01,  3.421599142799459e-01,  4.227231915358295e-02,  3.744907163667091e+01
s569        ,  3.597286858283731e-01,  3.308813012951620e-01,  0.000000000000000e+00,  3.499623164025638e+01
s570        ,  3.556392104407323e-01,  3.195593975196305e-01,  0.000000000000000e+00,  3.858498043802761e+01
s571        ,  3.602639004489001e-01,  3.399171935310322e-01,  6.648199445983378e-02,  4.161216038390544e+01
s572        ,  4.312153604367349e-01,  3.871820422921828e-01,  0.000000000000000e+00,  1.715036220234903e+01
s573        ,  3.159649497023310e-01,  2.955150437937410e-01,  0.000000000000000e+00,  4.620641471602034e+01
s574        ,  3.656105773123843e-01,  3.485481711745414e-01,  0.000000000000000e+00,  2.939629374138245e+01
s575        ,  3.488062297918545e-01,  3.287093310276343e-01,  0.000000000000000e+00,  3.568468968061093e+01
s576        ,  2.907677097183701e-01,  3.031224646032475e-01,  0.000000000000000e+00,  4.379506033379546e+01
s577        ,  3.031774726480594e-01,  3.218772272935886e-01,  0.000000000000000e+00,  3.785028873072768e+01
s578        ,  3.648245315625233e-01,  3.602998002149303e-01,  1.037886485701844e-01,  4.047118700774048e+01
s579        ,  3.607701561674609e-01,  3.381226297212927e-01,  4.789201183431953e-02,  3.953013186689430e+01
s580        ,  3.751229452249493e-01,  3.725174615896488e-01,  0.000000000000000e+00,  2.179865257907650e+01
s581        ,  3.471471301437816e-01,  3.363998277619278e-01,  0.000000000000000e+00,  3.324700239262091e+01
s582        ,  3.953183225328266e-01,  3.692814090505308e-01,  0.000000000000000e+00,  2.282439700241126e+01
s583        ,  3.276280334765511e-01,  3.156081321966999e-01,  1.862839989339169e-02,  4.249376538284410e+01
s584        ,  3.483274696967313e-01,  3.710123720756661e-01,  2.534402221941674e-02,  2.588968484082955e+01
s585        ,  3.636795644109545e-01,  4.004204227609287e-01,  0.000000000000000e+00,  1.295414017701044e+01
s586        ,  2.481423102922533e-01,  2.842325951377624e-01,  0.000000000000000e+00,  4.978265726787487e+01
s587        ,  2.631345411637266e-01,  2.714759273875047e-01,  0.000000000000000e+00,  5.382618890000578e+01
s588        ,  3.772462787558727e-01,  3.641735316795042e-01,  0.000000000000000e+00,  2.444346117552767e+01
s589        ,  3.699506978557163e-01,  3.216926382668719e-01,  0.000000000000000e+00,  3.790879864750891e+01
s590        ,  4.080798919774394e-01,  3.590571336824954e-01,  0.000000000000000e+00,  2.606522616529610e+01
s591        ,  3.627233198284863e-01,  3.422312917359155e-01,  5.592293098049329e-02,  3.937297049205914e+01
s592        ,  2.470016891971875e-01,  2.609130612315582e-01,  0.000000000000000e+00,  5.717434252944179e+01
s593        ,  2.685008647552398e-01,  3.091696605217827e-01,  0.000000000000000e+00,  4.187825663074409e+01
s594        ,  2.571819135876586e-01,  3.059354449863421e-01,  2.048707294552170e-02,  4.582479493674452e+01
s595        ,  3.046096741945610e-01,  3.937091104760191e-01,  0.000000000000000e+00,  1.508145148184491e+01
s596        ,  2.932962564895931e-01,  2.995351574881370e-01,  0.000000000000000e+00,  4.493214331487607e+01
s597        ,  4.190454465320334e-01,  3.771171344991789e-01,  0.000000000000000e+00,  2.034067599214494e+01
s598        ,  2.914532118252061e-01,  3.294743329373419e-01,  0.000000000000000e+00,  3.544220398755204e+01
s599        ,  4.062752781026900e-01,  3.904455790356079e-01,  0.000000000000000e+00,  1.611590600163828e+01
s600        ,  3.471511685824152e-01,  2.763286538760705e-01,  0.000000000000000e+00,  5.228800091527923e+01
s601        ,  3.515795377320121e-01,  3.223465538140394e-01,  0.000000000000000e+00,  3.770152443989616e+01
s602        ,  2.668016715085176e-01,  2.978650001471704e-01,  0.000000000000000e+00,  4.546153971925428e+01
s603        ,  2.686426181986058e-01,  2.910450993705506e-01,  0.000000000000000e+00,  4.762327074949919e+01
s604        ,  2.681701385508832e-01,  2.906945071768362e-01,  0.000000000000000e+00,  4.773439934930406e+01
s605        ,  3.261329152258360e-01,  3.065047275332402e-01,  0.000000000000000e+00,  4.272297102227971e+01
s606        ,  2.873274140704322e-01,  3.348658879728257e-01,  0.000000000000000e+00,  3.373322137867967e+01
s607        ,  3.712803163791649e-01,  3.619835655370381e-01,  0.000000000000000e+00,  2.513762343982102e+01
s608        ,  3.639112831354855e-01,  3.263869625470839e-01,  0.000000000000000e+00,  3.642082003976210e+01
s609        ,  3.343046893439320e-01,  3.091559373800105e-01,  0.000000000000000e+00,  4.188260650948477e+01
s610        ,  3.343797244850589e-01,  3.202430164287184e-01,  0.000000000000000e+00,  3.836829103783812e+01
s611        ,  3.423638113371397e-01,  3.388148831865068e-01,  0.000000000000000e+00,  3.248149268477130e+01
s612        ,  3.029297110362906e-01,  3.238113552767946e-01,  0.000000000000000e+00,  3.723722050368032e+01
s613        ,  4.196989461871391e-01,  4.057272176324401e-01,  0.000000000000000e+00,  1.127202433388572e+01
s614        ,  3.188431641765255e-01,  3.283591852437878e-01,  2.111414836459610e-02,  3.880647143783912e+01
s615        ,  3.288426580697588e-01,  3.130374098017478e-01,  0.000000000000000e+00,  4.065228078306441e+01
s616        ,  2.928050790423800e-01,  2.796897675257381e-01,  0.000000000000000e+00,  5.122261537512958e+01
s617        ,  2.786977690996270e-01,  2.870030296676785e-01,  0.000000000000000e+00,  4.890450163383503e+01
s618        ,  2.814924003544382e-01,  3.063563773073018e-01,  8.582033854451732e-02,  5.500763750830716e+01
s619        ,  3.762654840393755e-01,  3.878264492173398e-01,  0.000000000000000e+00,  1.694610198041261e+01
s620        ,  4.077195830571920e-01,  3.872014110202240e-01,  0.000000000000000e+00,  1.714422281971068e+01
s621        ,  3.862795794656866e-01,  3.344066065446767e-01,  0.000000000000000e+00,  3.387880163671635e+01
s622        ,  2.871208436766453e-01,  3.290459943034200e-01,  0.000000000000000e+00,  3.557797618523210e+01
s623        ,  3.384633901935590e-01,  3.123582300650330e-01,  0.000000000000000e+00,  4.086756308115933e+01
s624        ,  4.097704013612976e-01,  3.599944430391985e-01,  0.000000000000000e+00,  2.576812349654904e+01
s625        ,  3.105738368792781e-01,  3.647314410028862e-01,  0.000000000000000e+00,  2.426661844189837e+01
s626        ,  3.514279969117633e-01,  3.148803406250245e-01,  0.000000000000000e+00,  4.006811968193379e+01
s627        ,  3.507814050135403e-01,  3.293706786515580e-01,  3.242431620809999e-02,  4.009863988398148e+01
s628        ,  3.323749384435841e-01,  3.883764672599803e-01,  0.000000000000000e+00,  1.677176057737540e+01
s629        ,  3.054129561964547e-01,  2.724238845862608e-01,  0.000000000000000e+00,  5.352571114248175e+01
s630        ,  3.456187416237006e-01,  3.531125564944410e-01,  9.202526715101018e-02,  4.107194418498080e+01
s631        ,  3.427911311385674e-01,  3.286188341583889e-01,  0.000000000000000e+00,  3.571337483260879e+01
s632        ,  3.245171668015616e-01,  3.489180304166259e-01,  0.000000000000000e+00,  2.927905798874834e+01
s633        ,  4.575225281517705e-01,  4.010217829842236e-01,  0.000000000000000e+00,  1.276352463909698e+01
s634        ,  3.617034399777208e-01,  3.308684900715786e-01,  2.948960302457466e-02,  3.920539407292844e+01
s635        ,  4.224249026405583e-01,  4.120412528752800e-01,  0.000000000000000e+00,  9.270639510619731e+00
s636        ,  3.240434718187445e-01,  2.956599420121233e-01,  0.000000000000000e+00,  4.616048575236473e+01
s637        ,  3.164888547405136e-01,  3.075532907136027e-01,  0.000000000000000e+00,  4.239060378727056e+01
s638        ,  3.404861588298857e-01,  3.789696867069830e-01,  0.000000000000000e+00,  1.975346516255517e+01
s639        ,  3.384903784504644e-01,  3.021819908984239e-01,  0.000000000000000e+00,  4.409316601853158e+01
s640        ,  3.301025015382980e-01,  3.308890570991307e-01,  3.654967281380131e-02,  4.020561309300273e+01
s641        ,  3.985098556532290e-01,  3.643964318149098e-01,  0.000000000000000e+00,  2.437280763449609e+01
s642        ,  3.864695791517571e-01,  3.694551889075885e-01,  0.000000000000000e+00,  2.276931331105886e+01
s643        ,  3.365329052485860e-01,  3.391262839830723e-01,  3.002469135802469e-02,  3.666418984147494e+01
s644        ,  2.792559572339619e-01,  2.975511964303727e-01,  0.000000000000000e+00,  4.556100732944788e+01
s645        ,  3.560560712068223e-01,  3.250518169205756e-01,  2.965561224489796e-02,  4.107280032200170e+01
s646        ,  3.717550173837612e-01,  3.895544912043560e-01,  0.000000000000000e+00,  1.639835764992247e+01
s647        ,  3.499961289371213e-01,  3.367361659801928e-01,  0.000000000000000e+00,  3.314039193201521e+01
s648        ,  3.356155045608213e-01,  3.773290059237955e-01,  0.000000000000000e+00,  2.027351826536597e+01
s649        ,  3.609151245573065e-01,  3.853559512628505e-01,  0.000000000000000e+00,  1.772918552712412e+01
s650        ,  2.967930004646972e-01,  2.930912056218760e-01,  0.000000000000000e+00,  4.697470832615254e+01
s651        ,  4.101788875021543e-01,  3.851980621151180e-01,  0.000000000000000e+00,  1.777923227724145e+01
s652        ,  4.728892349883318e-01,  3.896848561467510e-01,  0.000000000000000e+00,  1.635703535646660e+01
s653        ,  3.545214117288215e-01,  3.505771765937683e-01,  0.000000000000000e+00,  2.875315183669161e+01
s654        ,  3.750141928233718e-01,  3.541161637883503e-01,  0.000000000000000e+00,  2.763138501269406e+01
s655        ,  3.521708766514586e-01,  3.425099511608574e-01,  0.000000000000000e+00,  3.131025231623080e+01
s656        ,  3.717335421883214e-01,  3.412155978929162e-01,  0.000000000000000e+00,  3.172052861130531e+01
s657        ,  3.441208254455855e-01,  3.214554350383818e-01,  0.000000000000000e+00,  3.798398589675148e+01
s658        ,  2.368548105888935e-01,  2.637029384409101e-01,  0.000000000000000e+00,  5.629002407209640e+01
s659        ,  3.171090932690834e-01,  3.031009265333388e-01,  0.000000000000000e+00,  4.380188734133979e+01
s660        ,  3.790200851348591e-01,  3.550228709768043e-01,  0.000000000000000e+00,  2.734398243473476e+01
s661        ,  3.687095274880343e-01,  3.916814706969573e-01,  0.000000000000000e+00,  1.572416051414981e+01
s662        ,  2.315298985659086e-01,  2.735872607856976e-01,  3.864734299516908e-02,  5.866791054155622e+01
s663        ,  3.640119387395722e-01,  3.602527123838706e-01,  0.000000000000000e+00,  2.568625883680903e+01
s664        ,  2.857188063426898e-01,  2.835558265549819e-01,  0.000000000000000e+00,  4.999717529293281e+01
s665        ,  3.256509504333960e-01,  3.597845906451796e-01,  8.004326663061115e-02,  3.724849679621691e+01
s666        ,  2.892912646809653e-01,  3.032254331163353e-01,  0.000000000000000e+00,  4.376242199532533e+01
s667        ,  2.837552795280425e-01,  3.156762661478046e-01,  0.000000000000000e+00,  3.981583200844500e+01
s668        ,  3.715335614278034e-01,  3.865935098656328e-01,  0.000000000000000e+00,  1.733691166259045e+01
s669        ,  3.717358113150651e-01,  3.569114193889185e-01,  0.000000000000000e+00,  2.674536174532785e+01
s670        ,  2.947655724762283e-01,  3.200331236849449e-01,  1.037104440799320e-01,  5.322352370875524e+01
s671        ,  3.071959891293752e-01,  3.300816834920580e-01,  0.000000000000000e+00,  3.524968967050108e+01
s672        ,  2.993479615742132e-01,  3.255669582452055e-01,  0.000000000000000e+00,  3.668074005947583e+01
s673        ,  3.593225247107919e-01,  3.248158108429779e-01,  0.000000000000000e+00,  3.691883423428405e+01
s674        ,  3.266518921019476e-01,  3.373159619166149e-01,  6.410109658661661e-02,  4.209717640917169e+01
s675        ,  2.996384996836147e-01,  3.083945301923804e-01,  4.039256198347107e-02,  4.788377351745800e+01
s676        ,  3.451796209978898e-01,  3.436379588074962e-01,  2.487540049839801e-02,  3.449983769774163e+01
s677        ,  2.641222815503110e-01,  2.943090513441428e-01,  2.389053254437870e-02,  4.999537907267202e+01
s678        ,  3.304311167670392e-01,  3.224544687359983e-01,  0.000000000000000e+00,  3.766731821856450e+01
s679        ,  3.628879844265776e-01,  3.454894575832454e-01,  5.485051997933559e-02,  3.818729512738097e+01
s680        ,  3.098867977998412e-01,  3.381355521623612e-01,  1.083256832144623e-01,  4.814364005158724e+01
s681        ,  3.124078424434578e-01,  2.973875068372627e-01,  0.000000000000000e+00,  4.561289266976943e+01
s682        ,  3.998283578521670e-01,  3.296756343507210e-01,  2.663758344900522e-02,  3.917681149368450e+01
s683        ,  2.934835296170684e-01,  3.505483599266783e-01,  0.000000000000000e+00,  2.876228597008695e+01
s684        ,  3.622134383455983e-01,  3.872009993765883e-01,  0.000000000000000e+00,  1.714435330002850e+01
s685        ,  4.144136208759349e-01,  3.277400681452672e-01,  0.000000000000000e+00,  3.599192078527164e+01
s686        ,  3.781881014682912e-01,  3.187477816536949e-01,  0.000000000000000e+00,  3.884224154189098e+01
s687        ,  3.587899423142989e-01,  3.838954367223596e-01,  0.000000000000000e+00,  1.819213062056697e+01
s688        ,  2.684144109503693e-01,  3.042420541411749e-01,  0.000000000000000e+00,  4.344017959219110e+01
s689        ,  3.492326363550046e-01,  3.404218183825184e-01,  9.070294784580497e-03,  3.326552447892094e+01
s690        ,  3.053784197635313e-01,  3.050159320190799e-01,  0.000000000000000e+00,  4.319488044824718e+01
s691        ,  3.056418685854862e-01,  2.799514099250770e-01,  0.000000000000000e+00,  5.113968154485779e+01
s692        ,  2.913142578793697e-01,  2.964756050657422e-01,  0.000000000000000e+00,  4.590194179535042e+01
s693        ,  3.147770284800075e-01,  3.243610943961496e-01,  2.882347803301598e-02,  4.117308231189077e+01
s694        ,  2.984705041084280e-01,  3.806096121742299e-01,  0.000000000000000e+00,  1.923365147523734e+01
s695        ,  4.012577384470942e-01,  3.684804571284606e-01,  0.000000000000000e+00,  2.307827791364228e+01
s696        ,  3.034072848090301e-01,  3.560524778887786e-01,  0.000000000000000e+00,  2.701762384338988e+01
s697        ,  3.672668652018035e-01,  3.510579193650653e-01,  7.074202229911572e-02,  3.868830352170982e+01
s698        ,  4.108239364695501e-01,  3.643257504635742e-01,  0.000000000000000e+00,  2.439521178309687e+01
s699        ,  2.757255541231750e-01,  2.953319391113641e-01,  1.940271693315460e-02,  4.903120538936830e+01
s700        ,  2.819198034544880e-01,  2.891768852169496e-01,  0.000000000000000e+00,  4.821544600824007e+01
s701        ,  3.140786847731655e-01,  2.898323564432642e-01,  0.000000000000000e+00,  4.800767869083062e+01
s702        ,  2.942837007980383e-01,  3.066599649659666e-01,  0.000000000000000e+00,  4.267376479679758e+01
s703        ,  2.899424986900252e-01,  3.546446445659704e-01,  0.000000000000000e+00,  2.746387036207245e+01
s704        ,  3.777084012576264e-01,  3.595584925708028e-01,  8.476898542260955e-02,  3.799403294613019e+01
s705        ,  3.226798684887092e-01,  3.202055282349389e-01,  0.000000000000000e+00,  3.838017381948194e+01
s706        ,  3.595823462134068e-01,  3.597153516884339e-01,  4.422513871542352e-03,  2.648722130450549e+01
s707        ,  3.763974771864712e-01,  3.597720757609082e-01,  9.205895956081964e-02,  3.896585432422096e+01
s708        ,  3.829175719132407e-01,  3.232824122766635e-01,  0.000000000000000e+00,  3.740488166680663e+01
s709        ,  3.954604723130689e-01,  3.381454944358430e-01,  4.156486287209588e-02,  3.862065774737604e+01
s710        ,  3.425489866820026e-01,  3.769443099648407e-01,  0.000000000000000e+00,  2.039545687106142e+01
s711        ,  3.300759218022618e-01,  3.771361560256541e-01,  0.000000000000000e+00,  2.033464666336569e+01
s712        ,  2.679964023023045e-01,  3.016413977936999e-01,  4.186622855869904e-02,  5.023447977748719e+01
s713        ,  3.595425435144403e-01,  3.289337478918224e-01,  0.000000000000000e+00,  3.561355537603439e+01
s714        ,  2.553853569183208e-01,  2.916738444545268e-01,  5.761316872427983e-02,  5.563938658092901e+01
s715        ,  3.219609547804439e-01,  3.061801520580932e-01,  0.000000000000000e+00,  4.282585299949075e+01
s716        ,  2.739206771298864e-01,  2.872179440202234e-01,  0.000000000000000e+00,  4.883637937810748e+01
s717        ,  3.496918866396705e-01,  3.156460052353043e-01,  0.000000000000000e+00,  3.982542393004302e+01
s718        ,  3.858037501617538e-01,  3.671683413984482e-01,  0.000000000000000e+00,  2.349418444685229e+01
s719        ,  3.656444373151383e-01,  3.668668429302991e-01,  0.000000000000000e+00,  2.358975161351893e+01
s720        ,  3.665945804148918e-01,  3.826505970172065e-01,  0.000000000000000e+00,  1.858671240503159e+01
s721        ,  2.976921642219451e-01,  3.207535240889857e-01,  7.561436672967864e-02,  4.898878521364657e+01
s722        ,  3.352058024081789e-01,  3.672993081948707e-01,  0.000000000000000e+00,  2.345267138133544e+01
s723        ,  3.380057040186947e-01,  3.621211885704196e-01,  3.119792177237526e-02,  2.954270167488440e+01
s724        ,  3.242387501915022e-01,  3.705575504881140e-01,  1.237593128882949e-02,  2.418465259452354e+01
s725        ,  3.221826279978117e-01,  3.051416181894382e-01,  0.000000000000000e+00,  4.315504120374268e+01
s726        ,  2.738917222766719e-01,  2.846369018433358e-01,  0.000000000000000e+00,  4.965450256595161e+01
s727        ,  3.810548900214357e-01,  3.225209514898243e-01,  0.000000000000000e+00,  3.764624491608853e+01
s728        ,  3.412893897345711e-01,  3.534535649830696e-01,  0.000000000000000e+00,  2.784141158711125e+01
s729        ,  2.868947364315128e-01,  3.075353330791689e-01,  0.000000000000000e+00,  4.239629588996483e+01
s730        ,  3.314426660264801e-01,  3.194686588984896e-01,  2.424697766546001e-02,  4.207126603490192e+01
s731        ,  2.684622004709819e-01,  3.010938843577536e-01,  0.000000000000000e+00,  4.443806746947985e+01
s732        ,  2.921055314645209e-01,  2.959874380153782e-01,  0.000000000000000e+00,  4.605667804376223e+01
s733        ,  3.698853057667421e-01,  3.512376232081348e-01,  0.000000000000000e+00,  2.854380745077463e+01
s734        ,  3.153497109258767e-01,  2.995762118697401e-01,  1.257887517146776e-02,  4.671282835637720e+01
s735        ,  3.434171840499868e-01,  3.534258927603378e-01,  0.000000000000000e+00,  2.785018296143389e+01
s736        ,  2.883239765709396e-01,  2.992189840641164e-01,  0.000000000000000e+00,  4.503236206057795e+01
s737        ,  3.404312799986701e-01,  3.606472134147002e-01,  0.000000000000000e+00,  2.556121227854653e+01
s738        ,  3.018129210281842e-01,  3.121923758295670e-01,  6.874906387440258e-02,  5.072348114043157e+01
s739        ,  3.135817291557892e-01,  3.209941958248811e-01,  0.000000000000000e+00,  3.813018672178526e+01
s740        ,  2.943637803121305e-01,  2.955705234126017e-01,  0.000000000000000e+00,  4.618882912092658e+01
s741        ,  3.699984862318467e-01,  3.647205690089721e-01,  7.495069033530573e-02,  3.495773874894466e+01
s742        ,  2.836716313827631e-01,  2.995157600203514e-01,  0.000000000000000e+00,  4.493829180726529e+01
s743        ,  3.859455126663645e-01,  3.348342208230333e-01,  1.294260204081633e-01,  5.219890139442752e+01
s744        ,  3.549022051232796e-01,  3.457024674092067e-01,  2.551775147928994e-02,  3.393703893617547e+01
s745        ,  3.365021664800502e-01,  3.857801558978221e-01,  6.037918125830215e-03,  1.845570711797887e+01
s746        ,  2.996679021289546e-01,  3.055140355021608e-01,  0.000000000000000e+00,  4.303699460930061e+01
s747        ,  3.496033235622116e-01,  3.509237083537893e-01,  0.000000000000000e+00,  2.864331028867806e+01
s748        ,  3.833413178741681e-01,  3.585023820944193e-01,  4.787100025195263e-02,  3.306728466226864e+01
s749        ,  3.194276290097619e-01,  3.628607650284983e-01,  0.000000000000000e+00,  2.485957403374972e+01
s750        ,  3.607086425829715e-01,  3.302916950222048e-01,  0.000000000000000e+00,  3.518312148185763e+01
s751        ,  3.933327188318541e-01,  3.148804264708971e-01,  0.000000000000000e+00,  4.006809247102666e+01
s752        ,  2.711413176352050e-01,  2.814482591094880e-01,  0.000000000000000e+00,  5.066521931505070e+01
s753        ,  3.829161641718021e-01,  3.590480908347408e-01,  0.000000000000000e+00,  2.606809251265704e+01
s754        ,  3.197877473206903e-01,  3.471578008139738e-01,  1.220930232558139e-01,  4.724699070623964e+01
s755        ,  3.496617569418546e-01,  3.712307489167609e-01,  0.000000000000000e+00,  2.220650700439700e+01
s756        ,  3.699460983440985e-01,  3.718986654861984e-01,  1.563842584636536e-01,  4.429457609308745e+01
s757        ,  3.280911972855501e-01,  3.002292946470567e-01,  0.000000000000000e+00,  4.471211990327059e+01
s758        ,  3.125936661497958e-01,  3.066276520968622e-01,  0.000000000000000e+00,  4.268400713522846e+01
s759        ,  3.749231601912195e-01,  3.510094910370082e-01,  0.000000000000000e+00,  2.861611941094449e+01
s760        ,  3.202174624481622e-01,  3.343715389296482e-01,  0.000000000000000e+00,  3.388991715790158e+01
s761        ,  4.037004208658205e-01,  3.502972313105098e-01,  0.000000000000000e+00,  2.884188720475814e+01
s762        ,  2.705693545058654e-01,  2.607663747103949e-01,  0.000000000000000e+00,  5.722083833853107e+01
s763        ,  3.632076138151025e-01,  3.651430300611036e-01,  1.239409722222222e-01,  4.180965144153181e+01
s764        ,  2.904214123983059e-01,  3.140514390585995e-01,  0.000000000000000e+00,  4.033085990292092e+01
s765        ,  3.401053585508043e-01,  3.522395651745459e-01,  6.485260770975057e-02,  3.747394516006119e+01
s766        ,  3.084050561945721e-01,  3.083811242535229e-01,  0.000000000000000e+00,  4.212820210288564e+01
s767        ,  3.291785188280746e-01,  3.219626873169210e-01,  0.000000000000000e+00,  3.782320012777963e+01
s768        ,  3.362959726167617e-01,  3.609629896566066e-01,  0.000000000000000e+00,  2.546111942923658e+01
s769        ,  4.447436541042360e-01,  3.869061759588295e-01,  0.000000000000000e+00,  1.723780464946703e+01
s770        ,  4.366827959781677e-01,  3.427516743289102e-01,  4.466128729592794e-02,  3.760215658158987e+01
s771        ,  2.732263690999292e-01,  3.031711493792322e-01,  0.000000000000000e+00,  4.377962852702971e+01
s772        ,  3.586463705210161e-01,  3.439102569119825e-01,  4.595137731594941e-02,  3.741887783129025e+01
s773        ,  3.494536072487898e-01,  3.822195402108255e-01,  0.000000000000000e+00,  1.872334619262959e+01
s774        ,  4.247318519587049e-01,  3.728806413125981e-01,  0.000000000000000e+00,  2.168353406014630e+01
s775        ,  3.400241339719085e-01,  3.217391965591369e-01,  0.000000000000000e+00,  3.789404088073179e+01
s776        ,  2.703825454286858e-01,  3.076207486227480e-01,  0.000000000000000e+00,  4.236922138594080e+01
s777        ,  3.180965813552759e-01,  3.360296963558660e-01,  0.000000000000000e+00,  3.336432441415163e+01
s778        ,  3.344616171325667e-01,  3.318050864883725e-01,  3.144944065616734e-02,  3.918798253906190e+01
s779        ,  4.009566962610436e-01,  3.304572256297514e-01,  0.000000000000000e+00,  3.513065258787964e+01
s780        ,  3.563640868327244e-01,  3.551224474041456e-01,  1.022455278407659e-01,  4.189223012951237e+01
s781        ,  2.649329396139021e-01,  2.997497085307506e-01,  0.000000000000000e+00,  4.486413621894012e+01
s782        ,  3.338551315946975e-01,  3.312732302918603e-01,  0.000000000000000e+00,  3.487200034986579e+01
s783        ,  3.045407149746746e-01,  3.638383535365728e-01,  0.000000000000000e+00,  2.454970392244835e+01
s784        ,  2.985260989809689e-01,  3.238735717912893e-01,  0.000000000000000e+00,  3.721749948802596e+01
s785        ,  3.071820525176505e-01,  3.187586426465946e-01,  0.000000000000000e+00,  3.883879888984377e+01
s786        ,  3.296681543954699e-01,  3.271235366536222e-01,  0.000000000000000e+00,  3.618734522035746e+01
s787        ,  3.465928111087382e-01,  3.032530051134371e-01,  0.000000000000000e+00,  4.375368238991860e+01
s788        ,  3.238375537313586e-01,  3.232999214796459e-01,  0.000000000000000e+00,  3.739933170521019e+01
s789        ,  3.578303916562611e-01,  4.130117089551924e-01,  0.000000000000000e+00,  8.963030193394996e+00
s790        ,  3.446858102804674e-01,  3.939739206018661e-01,  0.000000000000000e+00,  1.499751356472315e+01
s791        ,  3.249752459595651e-01,  3.031073411876443e-01,  0.000000000000000e+00,  4.379985406289268e+01
s792        ,  3.476053048360684e-01,  3.559415013397446e-01,  0.000000000000000e+00,  2.705280052081293e+01
s793        ,  3.097825366365258e-01,  3.033852093990856e-01,  0.000000000000000e+00,  4.371177707252785e+01
s794        ,  2.867393516849774e-01,  3.232525957504718e-01,  0.000000000000000e+00,  3.741433272951179e+01
s795        ,  3.702845088002308e-01,  3.301091282567006e-01,  0.000000000000000e+00,  3.524099039447216e+01
s796        ,  3.082874914963972e-01,  3.052484242579215e-01,  0.000000000000000e+00,  4.312118646010032e+01
s797        ,  2.782785712367717e-01,  3.405273573917182e-01,  1.676968556839559e-02,  3.432997425626324e+01
s798        ,  3.082196621533786e-01,  3.430993164087403e-01,  1.251056635672020e-01,  4.896301530404106e+01
s799        ,  2.516166876808906e-01,  3.727975609533453e-01,  0.000000000000000e+00,  2.170986837152171e+01
s800        ,  3.752754365991258e-01,  3.887916242750271e-01,  0.000000000000000e+00,  1.664016660977295e+01
s801        ,  3.246209635059766e-01,  3.658834724705875e-01,  0.000000000000000e+00,  2.390145445299020e+01
s802        ,  4.079792643019313e-01,  3.678580595069973e-01,  0.000000000000000e+00,  2.327556175919036e+01
s803        ,  3.649553570094187e-01,  3.711221474174551e-01,  0.000000000000000e+00,  2.224093085287662e+01
s804        ,  2.441452079849671e-01,  2.742843494388476e-01,  0.000000000000000e+00,  5.293599221045500e+01
s805        ,  3.164419790049513e-01,  3.369946966529053e-01,  0.000000000000000e+00,  3.305844443808851e+01
s806        ,  3.693024905987883e-01,  3.410228621325796e-01,  0.000000000000000e+00,  3.178162083059182e+01
s807        ,  3.191228175525491e-01,  3.385159056486905e-01,  0.000000000000000e+00,  3.257626078214001e+01
s808        ,  3.793158450067193e-01,  3.512855285916182e-01,  0.000000000000000e+00,  2.852862269114485e+01
s809        ,  3.605465652216310e-01,  3.380297296530813e-01,  5.395362663495838e-02,  4.042394124167217e+01
s810        ,  3.824385024147211e-01,  3.401941083117902e-01,  0.000000000000000e+00,  3.204431422005818e+01
s811        ,  3.580309026561524e-01,  3.676677977110068e-01,  0.000000000000000e+00,  2.333586979617423e+01
s812        ,  4.082198971938309e-01,  3.695133159609369e-01,  0.000000000000000e+00,  2.275088854814284e+01
s813        ,  3.777542847031886e-01,  3.637487672883583e-01,  0.000000000000000e+00,  2.457810043128211e+01
s814        ,  2.971435305207454e-01,  3.302151730705453e-01,  0.000000000000000e+00,  3.520737694873546e+01
s815        ,  3.213071390383087e-01,  3.427065920560202e-01,  0.000000000000000e+00,  3.124792227085157e+01
s816        ,  2.887445984618123e-01,  2.827354297225745e-01,  0.000000000000000e+00,  5.025721973460702e+01
s817        ,  3.674177460167670e-01,  3.427573215578491e-01,  0.000000000000000e+00,  3.123184233921556e+01
s818        ,  3.639907411341862e-01,  3.420978324208682e-01,  0.000000000000000e+00,  3.144088322972359e+01
s819        ,  3.711799756445687e-01,  4.084384795324308e-01,  0.000000000000000e+00,  1.041262488332133e+01
s820        ,  3.982124713714961e-01,  3.707834738590003e-01,  1.493229166666667e-01,  4.364114319568505e+01
s821        ,  4.040900310131655e-01,  3.627783420849877e-01,  0.000000000000000e+00,  2.488569996144675e+01
s822        ,  3.477446523405509e-01,  3.676059492241831e-01,  1.173964497041420e-01,  4.009574695866804e+01
s823        ,  2.954095158407338e-01,  3.093563990733219e-01,  0.000000000000000e+00,  4.181906537054438e+01
s824        ,  4.283252901174056e-01,  4.068792783748825e-01,  0.000000000000000e+00,  1.090685106564662e+01
s825        ,  3.397919403129021e-01,  3.374140454960440e-01,  0.000000000000000e+00,  3.292552177009046e+01
s826        ,  3.778871682303130e-01,  3.861316412407181e-01,  0.000000000000000e+00,  1.748331199465943e+01
s827        ,  2.337787130599568e-01,  3.456207362495257e-01,  5.516040063869938e-03,  3.111078006993943e+01
s828        ,  3.728406611540748e-01,  3.249691302880573e-01,  0.000000000000000e+00,  3.687023596096249e+01
s829        ,  2.607144883285425e-01,  2.978412391479130e-01,  0.000000000000000e+00,  4.546907133754124e+01
s830        ,  3.482088414946918e-01,  3.689337201553322e-01,  1.101354453627181e-01,  3.863948742349422e+01
s831        ,  2.919464512532615e-01,  3.529717838058045e-01,  0.000000000000000e+00,  2.799412367996930e+01
s832        ,  2.475208749435529e-01,  3.090041178715628e-01,  0.000000000000000e+00,  4.193072934193606e+01
s833        ,  3.566347081859653e-01,  3.514461308968682e-01,  0.000000000000000e+00,  2.847771594071558e+01
s834        ,  3.856874669956564e-01,  3.192281986650441e-01,  0.000000000000000e+00,  3.868996185412025e+01
s835        ,  2.944982044493083e-01,  2.897880772130484e-01,  0.000000000000000e+00,  4.802171405426007e+01
s836        ,  3.860699495992029e-01,  3.084939448031078e-01,  3.611719661759587e-02,  4.724261135843670e+01
s837        ,  2.443036554913805e-01,  2.909502408580924e-01,  1.706916030022035e-02,  5.008733367018202e+01
s838        ,  2.837466788193044e-01,  2.752434929834837e-01,  0.000000000000000e+00,  5.263196867245763e+01
s839        ,  3.354549725730311e-01,  3.618744930930561e-01,  0.000000000000000e+00,  2.517219656550475e+01
s840        ,  2.763733904068356e-01,  3.224626775585198e-01,  0.000000000000000e+00,  3.766471623549354e+01
s841        ,  3.643875992509446e-01,  3.495810586247405e-01,  7.567412624639135e-02,  3.985972859331671e+01
s842        ,  2.695598883230792e-01,  2.897704198145515e-01,  0.000000000000000e+00,  4.802731098997724e+01
s843        ,  3.362322734626774e-01,  3.150990677904209e-01,  0.000000000000000e+00,  3.999878886377644e+01
s844        ,  2.356440744998030e-01,  2.679848597984258e-01,  0.000000000000000e+00,  5.493276645636351e+01
s845        ,  3.414509738024666e-01,  3.240592223675031e-01,  0.000000000000000e+00,  3.715865308768535e+01
s846        ,  3.284946295569345e-01,  3.515572849705377e-01,  0.000000000000000e+00,  2.844248299260390e+01
s847        ,  3.382786868662267e-01,  3.178675775733862e-01,  0.000000000000000e+00,  3.912124332442050e+01
s848        ,  2.603543239280899e-01,  2.831604357819063e-01,  0.000000000000000e+00,  5.012250387632810e+01
s849        ,  3.563475623622980e-01,  3.681109477519492e-01,  0.000000000000000e+00,  2.319540276799639e+01
s850        ,  2.533481965641474e-01,  2.597298824856237e-01,  0.000000000000000e+00,  5.754937939481400e+01
s851        ,  3.334865218614329e-01,  3.081344438607991e-01,  0.000000000000000e+00,  4.220639336650817e+01
s852        ,  3.251989652472498e-01,  3.202590313772776e-01,  0.000000000000000e+00,  3.836321471599970e+01
s853        ,  3.303981460032966e-01,  3.600364947265362e-01,  0.000000000000000e+00,  2.575479420623095e+01
s854        ,  3.550119141417548e-01,  3.598377642352965e-01,  3.362978638222425e-02,  3.061326209891468e+01
s855        ,  3.394520045520492e-01,  3.287392098632145e-01,  0.000000000000000e+00,  3.567521886745148e+01
s856        ,  2.968888541973028e-01,  3.122729018451240e-01,  2.917564501058332e-02,  4.505494233399082e+01
s857        ,  4.242626628749120e-01,  3.656777156776901e-01,  0.000000000000000e+00,  2.396667400067259e+01
s858        ,  3.574550615491790e-01,  3.415481335104146e-01,  0.000000000000000e+00,  3.161512347616430e+01
s859        ,  3.027110711545371e-01,  3.112527119586606e-01,  2.913043478260870e-02,  4.537186917236220e+01
s860        ,  3.368229604072003e-01,  3.417567873439556e-01,  0.000000000000000e+00,  3.154898564200524e+01
s861        ,  3.394582604410895e-01,  3.389093505848656e-01,  0.000000000000000e+00,  3.245154897839381e+01
s862        ,  3.118273414218689e-01,  3.313822600711671e-01,  0.000000000000000e+00,  3.483744074777358e+01
s863        ,  3.561627842648784e-01,  3.214616038289739e-01,  0.000000000000000e+00,  3.798203055070192e+01
s864        ,  3.589362653848208e-01,  3.255372254711450e-01,  0.000000000000000e+00,  3.669016457493538e+01
s865        ,  3.632125925214965e-01,  3.476297746747095e-01,  0.000000000000000e+00,  2.968740152678619e+01
s866        ,  3.538675215168127e-01,  3.768429684149370e-01,  0.000000000000000e+00,  2.042757950455061e+01
s867        ,  3.310372811448682e-01,  3.199428573852569e-01,  9.342532685441220e-03,  3.979564212172948e+01
s868        ,  2.250930966754193e-01,  2.737048153224905e-01,  3.320000000000000e-02,  5.785387908965783e+01
s869        ,  3.227632236826757e-01,  3.347144719328639e-01,  4.403277931671283e-02,  4.006011776974841e+01
s870        ,  2.955305789890147e-01,  3.138780286698315e-01,  0.000000000000000e+00,  4.038582648244238e+01
s871        ,  3.263687380400568e-01,  3.305935839588265e-01,  1.844085451710094e-02,  3.771702399790142e+01
s872        ,  3.581942854285155e-01,  3.566133502637574e-01,  0.000000000000000e+00,  2.683984189953003e+01
s873        ,  3.780199537649536e-01,  3.560170627282053e-01,  0.000000000000000e+00,  2.702884952746652e+01
s874        ,  4.051572712863296e-01,  3.821467863852600e-01,  0.000000000000000e+00,  1.874640726161658e+01
s875        ,  3.637115898742233e-01,  3.726343185312398e-01,  0.000000000000000e+00,  2.176161197027426e+01
s876        ,  3.707605657787341e-01,  3.942939910324880e-01,  0.000000000000000e+00,  1.489605956936429e+01
s877        ,  3.448717819571157e-01,  3.727923187690322e-01,  0.000000000000000e+00,  2.171153000749957e+01
s878        ,  3.077154378074489e-01,  2.875205176150480e-01,  0.000000000000000e+00,  4.874047142426930e+01
s879        ,  2.822144565235117e-01,  2.796696578475576e-01,  0.000000000000000e+00,  5.122898961967578e+01
s880        ,  2.990707743641133e-01,  3.033252128433633e-01,  0.000000000000000e+00,  4.373079441903489e+01
s881        ,  2.519924028225227e-01,  3.687504939937262e-01,  0.000000000000000e+00,  2.299268325617222e+01
s882        ,  3.029935117041472e-01,  2.925605989205575e-01,  0.000000000000000e+00,  4.714289683925060e+01
s883        ,  3.513753591077723e-01,  3.107623063751466e-01,  0.000000000000000e+00,  4.137342935038095e+01
s884        ,  3.148487123515269e-01,  3.125817493182504e-01,  7.466918714555766e-03,  4.186146658773177e+01
s885        ,  3.349797306381302e-01,  3.188231952251745e-01,  0.000000000000000e+00,  3.881833740268007e+01
s886        ,  2.645821893421532e-01,  2.830117062703728e-01,  0.000000000000000e+00,  5.016964726018747e+01
s887        ,  3.560393157185437e-01,  3.321574789188218e-01,  4.113710967090312e-02,  4.045770687652914e+01
s888        ,  3.665363028937624e-01,  3.535938678605497e-01,  9.126301493888638e-03,  2.909831398795422e+01
s889        ,  2.882985069243872e-01,  2.773187832252842e-01,  0.000000000000000e+00,  5.197415568376363e+01
s890        ,  3.314401632007343e-01,  3.819594464434347e-01,  0.000000000000000e+00,  1.880578914688334e+01
s891        ,  3.187054663095563e-01,  2.980968049705107e-01,  9.248249438499142e-03,  4.670682768307919e+01
s892        ,  2.885378548431122e-01,  3.152377148470651e-01,  0.000000000000000e+00,  3.995484135567963e+01
s893        ,  4.341641481228710e-01,  3.600874808741732e-01,  7.479283510256360e-02,  3.640379755610520e+01
s894        ,  3.434520439383409e-01,  3.463772432910978e-01,  5.752332863047945e-02,  3.828702218584750e+01
s895        ,  2.977872538643522e-01,  2.965630389535605e-01,  0.000000000000000e+00,  4.587422752873825e+01
s896        ,  4.395276693832269e-01,  3.530942524325301e-01,  0.000000000000000e+00,  2.795530431304657e+01
s897        ,  4.141074145418121e-01,  3.136087860678822e-01,  0.000000000000000e+00,  4.047116937911517e+01
s898        ,  3.245936699741395e-01,  3.247399394458900e-01,  3.632411722448378e-02,  4.212255999157079e+01
s899        ,  2.759455078310450e-01,  2.886202706826965e-01,  0.000000000000000e+00,  4.839187832741766e+01
s900        ,  2.812910468510978e-01,  2.915834677726926e-01,  0.000000000000000e+00,  4.745262197927021e+01
s901        ,  4.368412206448667e-01,  3.765771892979962e-01,  0.000000000000000e+00,  2.051182456662714e+01
s902        ,  2.476616888757790e-01,  2.867016017098503e-01,  1.593522685117982e-02,  5.127234723413486e+01
s903        ,  4.064063930352827e-01,  3.698321366738809e-01,  0.000000000000000e+00,  2.264983068075883e+01
s904        ,  2.692313868191551e-01,  3.600049552128937e-01,  0.000000000000000e+00,  2.576479141111017e+01
s905        ,  3.857159716978104e-01,  3.390701645660791e-01,  1.161271592393671e-03,  3.256616790184670e+01
s906        ,  2.875408284403677e-01,  2.630709968595478e-01,  0.000000000000000e+00,  5.649033310451170e+01
s907        ,  3.309853692311254e-01,  3.046542482931550e-01,  0.000000000000000e+00,  4.330952477506010e+01
s908        ,  3.448811689194689e-01,  3.067629776311844e-01,  0.000000000000000e+00,  4.264111246325146e+01
s909        ,  3.108819018906574e-01,  3.340249661930320e-01,  0.000000000000000e+00,  3.399977169442924e+01
s910        ,  2.601667533352491e-01,  2.662279759400016e-01,  0.000000000000000e+00,  5.548965290936179e+01
s911        ,  2.987315837360676e-01,  2.886407993174467e-01,  0.000000000000000e+00,  4.838537128454393e+01
s912        ,  3.440343127256966e-01,  3.475383094611209e-01,  0.000000000000000e+00,  2.971639361873570e+01
s913        ,  2.676759227439509e-01,  2.943682242812393e-01,  0.000000000000000e+00,  4.656992665079279e+01
s914        ,  3.362930685924894e-01,  3.422771543840407e-01,  0.000000000000000e+00,  3.138404283498893e+01
s915        ,  3.076052608078511e-01,  3.312606475528473e-01,  0.000000000000000e+00,  3.487598875061541e+01
s916        ,  3.754348103699239e-01,  3.455882305610882e-01,  0.000000000000000e+00,  3.033451787122900e+01
s917        ,  2.590598828517826e-01,  2.943943602413135e-01,  0.000000000000000e+00,  4.656164223174503e+01
s918        ,  4.961505633465160e-01,  3.947862193452554e-01,  0.000000000000000e+00,  1.474003600648161e+01
s919        ,  2.931955880287684e-01,  3.369394622179640e-01,  0.000000000000000e+00,  3.307595231626175e+01
s920        ,  2.474840765757152e-01,  2.692663776872045e-01,  0.000000000000000e+00,  5.452655864239003e+01
s921        ,  3.442280024555943e-01,  4.018119450727388e-01,  0.000000000000000e+00,  1.251306382425315e+01
s922        ,  3.930300610882673e-01,  3.904414158748691e-01,  0.000000000000000e+00,  1.611722561522912e+01
s923        ,  3.214733830150857e-01,  3.001254586799079e-01,  0.000000000000000e+00,  4.474503320209901e+01
s924        ,  2.534416607722896e-01,  3.036921825695356e-01,  0.000000000000000e+00,  4.361447456773347e+01
s925        ,  4.195798862194213e-01,  3.831496055039963e-01,  0.000000000000000e+00,  1.842853970346572e+01
s926        ,  2.890808494142250e-01,  2.832769872192875e-01,  1.372266623392430e-02,  5.204235843098515e+01
s927        ,  2.735614386165569e-01,  2.872197375982400e-01,  2.456871227901512e-02,  5.233921276906764e+01
s928        ,  2.920421471112219e-01,  3.138411678772320e-01,  0.000000000000000e+00,  4.039751039424282e+01
s929        ,  3.493227439756055e-01,  3.464628806974443e-01,  0.000000000000000e+00,  3.005727654436821e+01
s930        ,  3.134104047515290e-01,  3.444625240385468e-01,  0.000000000000000e+00,  3.069133753773636e+01
s931        ,  3.884821591695420e-01,  3.510150724311766e-01,  0.000000000000000e+00,  2.861435025427183e+01
s932        ,  3.555147722726067e-01,  3.266365037478161e-01,  3.208335675868144e-02,  4.091668268152896e+01
s933        ,  4.127638757436791e-01,  3.614215205187636e-01,  4.978600751157305e-02,  3.241506628078275e+01
s934        ,  2.485124345085235e-01,  2.657969727611988e-01,  0.000000000000000e+00,  5.562626969841334e+01
s935        ,  2.511088031672664e-01,  2.682683629622025e-01,  0.000000000000000e+00,  5.484290333278118e+01
s936        ,  2.604780194318803e-01,  2.945265847538353e-01,  0.000000000000000e+00,  4.651973050296192e+01
s937        ,  3.411489425468267e-01,  3.971593192375054e-01,  0.000000000000000e+00,  1.398782511031516e+01
s938        ,  3.511005950375960e-01,  2.991559879577104e-01,  0.000000000000000e+00,  4.505233018657612e+01
s939        ,  2.747398030122069e-01,  2.981956771766827e-01,  0.000000000000000e+00,  4.535672370812748e+01
s940        ,  3.417465604863621e-01,  3.778258046849881e-01,  0.000000000000000e+00,  2.011604598929723e+01
s941        ,  2.992769914824235e-01,  3.091515434040336e-01,  2.394120540838687e-02,  4.529792117799069e+01
s942        ,  2.877311772316790e-01,  3.124128640719610e-01,  5.415841081136006e-02,  4.857302226621451e+01
s943        ,  3.224976287094988e-01,  3.286285283736995e-01,  0.000000000000000e+00,  3.571030201868711e+01
s944        ,  2.872161365477828e-01,  2.978022505768039e-01,  0.000000000000000e+00,  4.548142969974504e+01
s945        ,  3.039291705890396e-01,  3.142544003384789e-01,  0.000000000000000e+00,  4.026652646010051e+01
s946        ,  3.820695206088657e-01,  3.702444414624703e-01,  0.000000000000000e+00,  2.251914079470247e+01
s947        ,  3.338965049246589e-01,  3.111730107067840e-01,  0.000000000000000e+00,  4.124324676751988e+01
s948        ,  2.895186753893665e-01,  3.032247782125171e-01,  0.000000000000000e+00,  4.376262958278916e+01
s949        ,  3.285081864326909e-01,  3.085583952098498e-01,  0.000000000000000e+00,  4.207201182393514e+01
s950        ,  3.631800436830665e-01,  3.732215480975618e-01,  0.000000000000000e+00,  2.157547548281283e+01
s951        ,  2.321785877905577e-01,  2.949379898042954e-01,  3.109477647812850e-02,  5.082331885092627e+01
s952        ,  3.942514198985953e-01,  3.944937489671971e-01,  0.000000000000000e+00,  1.483274150358262e+01
s953        ,  4.109179543283764e-01,  3.857194707084802e-01,  0.000000000000000e+00,  1.761395932494695e+01
s954        ,  3.824721552405599e-01,  3.725579992561980e-01,  0.000000000000000e+00,  2.178580319393974e+01
s955        ,  2.687072927169935e-01,  3.194199293213793e-01,  0.000000000000000e+00,  3.862918822664023e+01
s956        ,  3.979821694304178e-01,  3.546447422233412e-01,  0.000000000000000e+00,  2.746383940722787e+01
s957        ,  2.899775316226321e-01,  3.077754678642751e-01,  0.000000000000000e+00,  4.232017941358080e+01
s958        ,  3.788440459260153e-01,  3.277682684118177e-01,  0.000000000000000e+00,  3.598298203480299e+01
s959        ,  3.097885661746670e-01,  3.022067652474780e-01,  0.000000000000000e+00,  4.408531319473568e+01
s960        ,  2.673850340403868e-01,  2.942179720843474e-01,  0.000000000000000e+00,  4.661755268627666e+01
s961        ,  3.243475522827328e-01,  3.339794277583343e-01,  4.251561849229488e-02,  4.007676646369345e+01
s962        ,  2.853383177579654e-01,  2.880937763081205e-01,  0.000000000000000e+00,  4.855876333997858e+01
s963        ,  3.492156404114884e-01,  3.268225827943023e-01,  6.269082027274578e-02,  4.522220459234637e+01
s964        ,  2.774300864992933e-01,  2.825667070267783e-01,  0.000000000000000e+00,  5.031070043747292e+01
s965        ,  3.171942496841062e-01,  2.970877056584110e-01,  0.000000000000000e+00,  4.570792183990773e+01
s966        ,  2.734218027896025e-01,  2.813056300289932e-01,  0.000000000000000e+00,  5.071042902105961e+01
s967        ,  3.303895856524011e-01,  3.653117889403736e-01,  0.000000000000000e+00,  2.408266325165484e+01
s968        ,  3.379779199025550e-01,  3.498151676870975e-01,  0.000000000000000e+00,  2.899468882569302e+01
s969        ,  3.659302513196352e-01,  3.451434162642956e-01,  0.000000000000000e+00,  3.047551242519224e+01
s970        ,  3.452495236560603e-01,  3.153301412627346e-01,  0.000000000000000e+00,  3.992554458768970e+01
s971        ,  2.851883014226236e-01,  3.070334377190943e-01,  0.000000000000000e+00,  4.255538365521924e+01
s972        ,  3.257825344175761e-01,  3.652539694778622e-01,  5.528513911423592e-02,  3.198443429165126e+01
s973        ,  3.559590726598347e-01,  3.296936931930207e-01,  4.083298625572678e-02,  4.119529601651501e+01
s974        ,  3.244218696610479e-01,  3.236581276876827e-01,  0.000000000000000e+00,  3.728578966105111e+01
s975        ,  3.575434229776818e-01,  3.027545380706612e-01,  0.000000000000000e+00,  4.391168346782536e+01
s976        ,  3.508196626692490e-01,  3.772143128450931e-01,  0.000000000000000e+00,  2.030987298595594e+01
s977        ,  3.094780913347707e-01,  3.031039382413309e-01,  0.000000000000000e+00,  4.380093270829835e+01
s978        ,  2.679411357443860e-01,  3.043156942084390e-01,  0.000000000000000e+00,  4.341683760765377e+01
s979        ,  3.294468669232396e-01,  3.953757909184211e-01,  1.574074074074074e-03,  1.477761394659294e+01
s980        ,  2.682884487390532e-01,  2.687120634042007e-01,  0.000000000000000e+00,  5.470226184179509e+01
s981        ,  3.690259273299634e-01,  3.612645489319580e-01,  7.297934713130111e-02,  3.577210135529441e+01
s982        ,  3.599308410073728e-01,  3.379936651430219e-01,  0.000000000000000e+00,  3.274179742898168e+01
s983        ,  3.033741189947783e-01,  2.917641500079488e-01,  0.000000000000000e+00,  4.739535041369168e+01
s984        ,  3.990606361986817e-01,  3.364399993158746e-01,  4.424130703770107e-02,  3.954290573755963e+01
s985        ,  2.458061579719099e-01,  2.635833760383303e-01,  0.000000000000000e+00,  5.632792224161137e+01
s986        ,  3.674574317411205e-01,  3.368155914592907e-01,  1.980149006212718e-02,  3.593883086011733e+01
s987        ,  3.618389636623023e-01,  3.180260963921094e-01,  0.000000000000000e+00,  3.907099698498894e+01
s988        ,  3.706023012861709e-01,  3.305079415155145e-01,  0.000000000000000e+00,  3.511457697218209e+01
s989        ,  3.267317558382980e-01,  3.294824964826314e-01,  0.000000000000000e+00,  3.543961635618508e+01
s990        ,  3.568657105740528e-01,  3.793905716855859e-01,  0.000000000000000e+00,  1.962005557959924e+01
s991        ,  2.691831861033237e-01,  2.946276306364461e-01,  7.836601380297760e-02,  5.766238747340782e+01
s992        ,  3.535454705333178e-01,  3.258351898901006e-01,  8.978085351787773e-02,  4.939811482100195e+01
s993        ,  3.585598735365578e-01,  3.425437222064049e-01,  0.000000000000000e+00,  3.129954777382246e+01
s994        ,  3.020201873530365e-01,  3.389842978732130e-01,  0.000000000000000e+00,  3.242779263879883e+01
s995        ,  2.226508985115376e-01,  2.587201396269386e-01,  0.000000000000000e+00,  5.786944159830981e+01
s996        ,  3.542347072493316e-01,  3.627312952014641e-01,  0.000000000000000e+00,  2.490061259893528e+01
s997        ,  3.018965630826722e-01,  2.659777494731335e-01,  0.000000000000000e+00,  5.556896818618687e+01
s998        ,  3.248834775025297e-01,  3.119488136729035e-01,  0.000000000000000e+00,  4.099733742072029e+01
s999        ,  3.245798973395961e-01,  3.042081677119556e-01,  0.000000000000000e+00,  4.345092070822003e+01
s1000       ,  4.229046884097925e-01,  3.855995737720120e-01,  0.000000000000000e+00,  1.765196353299689e+01
s1001       ,  3.687810356407749e-01,  3.497420439796218e-01,  3.667355371900827e-02,  3.424737190904283e+01
s1002       ,  2.771840194067590e-01,  2.942738898459992e-01,  0.000000000000000e+00,  4.659982821132257e+01
s1003       ,  3.773312531679570e-01,  3.816474062041128e-01,  0.000000000000000e+00,  1.890469778061884e+01
s1004       ,  3.054117424504427e-01,  3.049719611678531e-01,  0.000000000000000e+00,  4.320881806356397e+01
s1005       ,  3.385236329700146e-01,  3.395174812609077e-01,  0.000000000000000e+00,  3.225878738318835e+01
s1006       ,  4.167296916398009e-01,  3.564949233222143e-01,  1.526372321781898e-01,  4.864285017677004e+01
s1007       ,  3.320487440508861e-01,  3.008614176839829e-01,  0.000000000000000e+00,  4.451175335416467e+01
s1008       ,  3.136740188462037e-01,  3.600043394428675e-01,  0.000000000000000e+00,  2.576498659418053e+01
s1009       ,  3.593194801918262e-01,  3.554396830512949e-01,  0.000000000000000e+00,  2.721186385636833e+01
s1010       ,  3.386964235398171e-01,  3.538463665688339e-01,  0.000000000000000e+00,  2.771690370869940e+01
s1011       ,  3.250388323362358e-01,  3.491478932566005e-01,  0.000000000000000e+00,  2.920619745160142e+01
s1012       ,  2.909569628391213e-01,  2.652849051110951e-01,  0.000000000000000e+00,  5.578858181483132e+01
s1013       ,  3.150008570990088e-01,  3.049957014389402e-01,  1.460920379839299e-02,  4.528450811808475e+01
s1014       ,  2.705688582831416e-01,  2.669484482808664e-01,  2.453528670447385e-02,  5.875991748337422e+01
s1015       ,  2.627454581345986e-01,  2.915066040638944e-01,  0.000000000000000e+00,  4.747698577426536e+01
s1016       ,  4.030578873542974e-01,  3.500698892479310e-01,  0.000000000000000e+00,  2.891394872108421e+01
s1017       ,  3.593872438775090e-01,  3.301435221756673e-01,  5.660250218997776e-03,  3.603721787517240e+01
s1018       ,  2.427981414978236e-01,  2.694392057015036e-01,  0.000000000000000e+00,  5.447177666041650e+01
s1019       ,  3.667702659774850e-01,  3.742873131206663e-01,  0.000000000000000e+00,  2.123765571140314e+01
s1020       ,  2.443455242532603e-01,  2.911207044368052e-01,  0.000000000000000e+00,  4.759930591142903e+01
s1021       ,  3.517001221268577e-01,  3.869916372459827e-01,  0.000000000000000e+00,  1.721071564592065e+01
s1022       ,  2.465884136726172e-01,  2.797899197251972e-01,  1.212548259714332e-02,  5.291991594566005e+01
s1023       ,  3.973866202773900e-01,  3.372337079566071e-01,  5.273386321949515e-02,  4.050232592574858e+01
s1024       ,  2.954254385322262e-01,  2.882379138490577e-01,  0.000000000000000e+00,  4.851307549127331e+01
s1025       ,  3.194737803651596e-01,  3.480035128835344e-01,  0.000000000000000e+00,  2.956893624266142e+01
s1026       ,  2.845215502906833e-01,  3.022275938630390e-01,  7.963988919667590e-03,  4.521434461722411e+01
s1027       ,  3.801444592417467e-01,  3.887507046886338e-01,  0.000000000000000e+00,  1.665313705355924e+01
s1028       ,  3.280565754548467e-01,  3.053086463753645e-01,  0.000000000000000e+00,  4.310209761639896e+01
s1029       ,  3.320425958711730e-01,  3.450544945522908e-01,  0.000000000000000e+00,  3.050369829334479e+01
s1030       ,  3.688103106871887e-01,  3.452718332607807e-01,  0.000000000000000e+00,  3.043480757988652e+01
s1031       ,  3.177581036079268e-01,  3.436284986732021e-01,  9.229622855594506e-02,  4.411678168522086e+01
s1032       ,  2.886686636822086e-01,  3.110078068890646e-01,  0.000000000000000e+00,  4.129561207762868e+01
s1033       ,  3.502857082190677e-01,  3.455074458342515e-01,  0.000000000000000e+00,  3.036012452688173e+01
s1034       ,  2.612720878184224e-01,  2.896822973745704e-01,  0.000000000000000e+00,  4.805524350970262e+01
s1035       ,  3.090655311957510e-01,  3.037722582420770e-01,  0.000000000000000e+00,  4.358909266383625e+01
s1036       ,  2.315433826576645e-01,  2.736397496128794e-01,  0.000000000000000e+00,  5.314031357692749e+01
s1037       ,  3.217591519820785e-01,  3.072734257091118e-01,  0.000000000000000e+00,  4.247931370905735e+01
s1038       ,  3.897883572896937e-01,  3.907249393511318e-01,  0.000000000000000e+00,  1.602735605311742e+01
s1039       ,  3.933052255643392e-01,  3.862404095608962e-01,  0.000000000000000e+00,  1.744883526830546e+01
s1040       ,  3.351679701489885e-01,  3.245159151867460e-01,  0.000000000000000e+00,  3.701389335129272e+01
s1041       ,  4.495450075554298e-01,  3.794529386371866e-01,  0.000000000000000e+00,  1.960028687929800e+01
