sample_id,E_T,rho,AAV,PF,VPA,RBI,WE,B,N,S,O,F,Na,Al,Si,P,Cl,Ge,Br,I,ln_D
s1,4.3941054250662255,2.49990534969722,25.551425798391406,0.27513601499610746,38.71823194960332,4.267994708896452,2.662188552188552,0.0,0.0,0.0,0.367003367003367,0.0,0.16835016835016836,0.0,0.0,0.1717171717171717,0.0,0.0,0.29292929292929293,0.0,-10.841187962298502
s2,4.241301738588092,1.9839643839470371,24.34631622324434,0.3032910390515606,40.968973506700834,5.543791578803485,2.1823360655737702,0.045081967213114756,0.0,0.5942622950819673,0.0,0.0,0.15163934426229508,0.0,0.14344262295081966,0.06557377049180328,0.0,0.0,0.0,0.0,-10.940768579337366
s3,4.162801018816887,2.2843124384766815,23.351007304132338,0.40188371926576333,41.921493427891114,2.1901625140482865,2.161184210526316,0.0,0.0,0.4780701754385965,0.0,0.07894736842105263,0.24561403508771928,0.0,0.10526315789473684,0.0,0.0,0.09210526315789473,0.0,0.0,-10.925837135513019
s4,4.765917730219252,2.7257278307960866,25.209241180318614,0.2969150796641382,41.41518193909483,4.647120503637297,2.230632411067193,0.0,0.0,0.6086956521739131,0.0,0.0,0.1067193675889328,0.02766798418972332,0.0,0.0,0.0,0.25691699604743085,0.0,0.0,-10.600166041916369
s5,3.9939628214039224,2.5597821385877046,27.482270337881783,0.40343036876208066,50.34567171141371,6.597252450260268,2.0155045871559634,0.0,0.0,0.43119266055045874,0.0,0.0,0.2798165137614679,0.0,0.11467889908256881,0.0,0.0,0.05963302752293578,0.0,0.11467889908256881,-10.7199436958765
s6,3.475786109979478,3.2313151666733817,34.50144951700675,0.26587447522567326,51.579667027925126,9.154625545003947,2.310401337792642,0.0,0.0,0.3779264214046823,0.0,0.0,0.10033444816053512,0.0,0.0,0.023411371237458192,0.0,0.20735785953177258,0.0,0.2909698996655518,-9.817856496395107
s7,4.703772922397145,2.223086149609455,22.140543482377474,0.38299029227916903,37.88839483251921,2.6666365720828478,2.241522633744856,0.03292181069958848,0.0,0.5020576131687243,0.0,0.0823045267489712,0.2222222222222222,0.0,0.0,0.12345679012345678,0.0,0.037037037037037035,0.0,0.0,-10.989187835734107
s8,3.1903946658372293,1.7006634752158178,25.3023973615195,0.24710966019850836,42.170662269199134,3.784766212238286,2.3701999999999996,0.276,0.0,0.352,0.0,0.0,0.124,0.0,0.0,0.0,0.248,0.0,0.0,0.0,-9.959662945246288
s9,3.849801341640548,2.6251330933756845,32.06251242680661,0.29695383239254614,54.55080239283069,3.752486896428846,2.137061224489796,0.09387755102040816,0.0,0.3469387755102041,0.0,0.0,0.1510204081632653,0.1673469387755102,0.0,0.0,0.0,0.0,0.0,0.24081632653061225,-10.3371563750385
s10,4.206099238710559,2.7018818806192777,20.557578935981176,0.3905551188168823,33.56870484483001,1.6311887961031122,2.5562790697674416,0.0,0.0,0.31007751937984496,0.0,0.3023255813953488,0.20930232558139536,0.0,0.0,0.0,0.0,0.17829457364341086,0.0,0.0,-10.847179236361143
s11,4.33093749254119,2.334040739665963,24.23050103521587,0.5110967937160327,49.73629159860104,7.435898966318622,1.9286153846153846,0.08205128205128205,0.0,0.3333333333333333,0.0,0.0,0.39487179487179486,0.0,0.0,0.035897435897435895,0.0,0.0,0.15384615384615385,0.0,-10.911274743168851
s12,3.954966377192379,2.3937476653210066,24.931863812357484,0.45567393793212607,47.823847858249316,7.378686316636301,2.0208056872037914,0.08530805687203792,0.0,0.33649289099526064,0.0,0.0,0.3412322274881517,0.0,0.0,0.052132701421800945,0.0,0.0,0.1848341232227488,0.0,-10.80072230519604
s13,4.373249924409155,2.6061675816790237,24.93853520708835,0.3745107139673548,43.596254139798894,4.579542312644264,2.14656779661017,0.0,0.0,0.5042372881355932,0.0,0.0,0.211864406779661,0.0,0.0,0.0,0.06779661016949153,0.21610169491525424,0.0,0.0,-10.760050257460755
s14,3.739236411876708,2.3063495272619474,33.034277355456204,0.20024271721640385,48.47085555894043,4.279356929502267,2.4125477707006366,0.0,0.0,0.39171974522292996,0.0,0.0,0.06687898089171974,0.0,0.21656050955414013,0.0,0.0,0.03503184713375796,0.2898089171974522,0.0,-10.127763420410165
s15,3.955135550183486,2.389631836155332,22.641981698155252,0.30597554387898174,35.207037475702926,1.9145951972054915,2.5434982332155474,0.0,0.0,0.4134275618374558,0.0,0.2226148409893993,0.1519434628975265,0.0,0.0,0.08480565371024736,0.007067137809187279,0.12014134275618374,0.0,0.0,-10.547054114407063
s16,4.918478304068275,2.6930474700384246,24.248468851252884,0.3881342003012747,43.300837234380126,5.439116685035184,2.0987999999999998,0.0,0.0,0.56,0.0,0.0,0.21333333333333335,0.0,0.0,0.0,0.0,0.22666666666666666,0.0,0.0,-10.997195045576317
s17,4.3072664157448255,1.9052054970590735,20.81608000758587,0.2587712038039323,36.82844924419036,5.783489037690222,2.248695652173913,0.34782608695652173,0.0,0.5652173913043478,0.0,0.0,0.08695652173913043,0.0,0.0,0.0,0.0,0.0,0.0,0.0,-10.80695182781046
s18,5.591064207281099,2.637535035859997,22.109355193099166,0.43114934549933354,39.20955960026178,1.8173715978538054,2.2651541850220265,0.0,0.0,0.41409691629955947,0.0,0.14977973568281938,0.2555066079295154,0.0,0.0,0.0,0.0,0.18061674008810572,0.0,0.0,-10.984450445679254
s19,4.228886789915382,1.9845786635477354,25.6030761193689,0.2539743208713006,40.15027845991939,5.343254352920361,2.2730434782608695,0.0,0.0,0.6376811594202898,0.0,0.0,0.10144927536231885,0.06521739130434782,0.0,0.1956521739130435,0.0,0.0,0.0,0.0,-10.121156711231496
s20,3.700913267859928,1.921124240484219,19.806998479663037,0.33677713117129165,34.12008497226625,1.9042886280429996,2.469152542372881,0.24152542372881355,0.0,0.3220338983050847,0.0,0.19915254237288135,0.17796610169491525,0.0,0.0,0.0,0.059322033898305086,0.0,0.0,0.0,-10.722948998184535
s21,3.6922494364330083,2.2794861239925077,27.863439532533302,0.3270001605334995,47.007707510668475,4.314783958359001,2.1701612903225804,0.0,0.0,0.40725806451612906,0.0,0.0,0.20967741935483872,0.0,0.1975806451612903,0.0,0.0,0.0,0.18548387096774194,0.0,-10.721615568808364
s22,3.7215074171274365,2.4260292129524315,29.34676527077325,0.3297313518548231,50.16007397344936,4.385557694812018,2.106721991701245,0.0,0.0,0.44398340248962653,0.0,0.0,0.1950207468879668,0.11618257261410789,0.03319502074688797,0.07053941908713693,0.0,0.0,0.0,0.14107883817427386,-10.398549843960023
s23,4.307287553704024,2.7750380610970087,25.697966981533995,0.42834499129249387,47.07694791575137,5.76019581551432,2.063073394495413,0.0,0.0,0.4036697247706422,0.0,0.0,0.2889908256880734,0.0,0.0,0.0,0.0,0.1651376146788991,0.14220183486238533,0.0,-10.943272270619435
s24,5.138860736705361,2.7261837762997616,24.937411104631046,0.33717370517199213,42.44665719937203,5.396389337335215,2.1738750000000002,0.0,0.0,0.5875,0.0,0.0,0.15833333333333333,0.0,0.0,0.0,0.0,0.25416666666666665,0.0,0.0,-10.666728472712249
s25,3.5601046311967304,2.566410562670203,29.205338822395543,0.3141591529955927,46.76331037633569,5.009856894155916,2.256022304832714,0.0,0.0,0.4349442379182156,0.0,0.04460966542750929,0.19330855018587362,0.0,0.0,0.137546468401487,0.0,0.04460966542750929,0.0,0.1449814126394052,-9.982756069745415
s26,4.538186320804966,2.0811586431404936,24.074723605891126,0.32834315544429377,39.50723873787263,12.103046139009356,2.196328125,0.0,0.0,0.609375,0.0,0.0,0.18359375,0.0,0.0,0.20703125,0.0,0.0,0.0,0.0,-10.503336902210574
s27,3.2013022033746164,2.406743032277012,26.460546326568917,0.3384261388433282,46.404689453311185,2.8095596127118725,2.248085106382979,0.17446808510638298,0.0,0.33617021276595743,0.0,0.09361702127659574,0.2127659574468085,0.0,0.0425531914893617,0.0,0.0,0.0,0.0,0.14042553191489363,-10.27622930744938
s28,4.648731664782328,2.610859375562264,25.068339574863277,0.4730248105919983,48.94294869378068,6.224058017101845,1.9885365853658536,0.04390243902439024,0.0,0.35609756097560974,0.0,0.0,0.3463414634146341,0.0,0.0,0.0,0.0,0.0975609756097561,0.15609756097560976,0.0,-10.93752775747459
s29,4.312048323105722,1.9459530387588184,25.12383694225848,0.42276883051535297,45.75397947208051,3.579179629795304,2.1014732142857144,0.0,0.0,0.33035714285714285,0.0,0.0,0.3080357142857143,0.0,0.14285714285714285,0.0,0.21875,0.0,0.0,0.0,-10.806223376356252
s30,3.203271833287247,2.578183150573948,33.007221130781026,0.2699153335407043,50.198482136396116,18.76812731791296,2.2697945205479453,0.0,0.0,0.4383561643835616,0.0,0.0,0.1541095890410959,0.0,0.0,0.18835616438356165,0.0,0.0,0.0,0.2191780821917808,-9.562921143224479
s31,3.668492649484286,1.7846279158792486,28.488525079661496,0.28475347020658887,45.65028717584308,3.294071706714515,2.3150375939849623,0.0,0.0,0.3383458646616541,0.0,0.0,0.18045112781954886,0.0,0.19548872180451127,0.0,0.2857142857142857,0.0,0.0,0.0,-10.361486309284627
s32,4.560077454387291,2.745457756809037,25.668470042001715,0.3675082261456515,44.68215155459561,5.482383715426191,2.139744680851064,0.0,0.0,0.502127659574468,0.0,0.0,0.20851063829787234,0.0,0.0,0.0,0.0,0.2170212765957447,0.07234042553191489,0.0,-10.659840446576695
s33,3.402501154391212,1.732509024488019,24.052357268066995,0.24401372204484567,40.990637034311334,4.104307390645905,2.323884297520661,0.30578512396694213,0.0,0.4380165289256198,0.0,0.0,0.10743801652892562,0.0,0.0,0.0,0.1487603305785124,0.0,0.0,0.0,-10.20903034937786
s34,3.520574012497627,2.2674652187979807,23.93897012536691,0.3836151473477543,45.289943480423844,7.0670994103422995,2.067857142857143,0.20476190476190476,0.0,0.4523809523809524,0.0,0.0,0.23333333333333334,0.0,0.03333333333333333,0.0,0.0,0.0,0.0,0.0761904761904762,-10.912293569545614
s35,3.8619531167523204,2.7656017771862587,28.103099993400978,0.39932748201879364,51.95531091216989,9.099147483435763,2.0335454545454543,0.07727272727272727,0.0,0.38636363636363635,0.0,0.0,0.2772727272727273,0.0,0.0,0.0,0.0,0.10454545454545454,0.0,0.15454545454545454,-10.480001163852167
s36,3.7213549104195005,2.3052096295813667,30.17643414328998,0.21110627955335567,43.60295329955557,15.58870057920768,2.384420731707317,0.0,0.0,0.5792682926829268,0.0,0.0,0.06707317073170732,0.0,0.0,0.24085365853658536,0.0,0.0,0.0,0.11280487804878049,-9.485236063465312
s37,3.1472543042870518,1.7044080918898683,24.817939691616903,0.23565024431190248,41.53206234107323,3.9089817107494533,2.360894308943089,0.2967479674796748,0.0,0.3983739837398374,0.0,0.0,0.10569105691056911,0.0,0.0,0.0,0.1991869918699187,0.0,0.0,0.0,-10.023889242739282
s38,3.4582690321545813,2.1782809487945975,32.234943406043065,0.25179397507384804,50.34446217348294,4.305596490908502,2.2831294964028777,0.0,0.0,0.39928057553956836,0.0,0.0,0.13309352517985612,0.0,0.22661870503597123,0.0,0.11510791366906475,0.0,0.0,0.12589928057553956,-10.38683381179173
s39,3.6369887886503047,2.90487922537039,32.74774500294934,0.22269688613863353,47.61942736667404,5.063477563538128,2.45410094637224,0.0,0.0,0.35331230283911674,0.0,0.0,0.0694006309148265,0.0,0.0,0.0,0.0,0.24290220820189273,0.334384858044164,0.0,-9.725192314051617
s40,4.494367110198163,2.6068625068656712,24.8575205010196,0.30709587198801885,40.590128413057315,4.821558938218123,2.246589147286822,0.0,0.0,0.5930232558139535,0.0,0.011627906976744186,0.13178294573643412,0.0,0.0,0.050387596899224806,0.007751937984496124,0.2054263565891473,0.0,0.0,-10.603514385144926
s41,3.8063356357810183,2.8597772619951645,30.432170483390472,0.25118145247004003,46.28893299842029,5.2320402453546215,2.369515570934256,0.0,0.0,0.42214532871972316,0.0,0.0,0.09688581314878893,0.0,0.0,0.0,0.0,0.24567474048442905,0.23529411764705882,0.0,-10.002698461500605
s42,3.524929529326267,2.7553823701053606,31.070836953217,0.4369996119130983,59.34249940614417,8.198529728217345,1.9187735849056604,0.0,0.0,0.2783018867924528,0.0,0.0,0.36792452830188677,0.0,0.10849056603773585,0.0,0.0,0.0,0.0,0.24528301886792453,-10.571149610834583
s43,3.710909042714541,1.7007024504837447,19.723897815185836,0.2432680020623653,32.53162366920263,2.624881307530337,2.6959055118110236,0.28346456692913385,0.0,0.0,0.3543307086614173,0.0,0.11023622047244094,0.0,0.0,0.0,0.25196850393700787,0.0,0.0,0.0,-10.487304304123265
s44,4.3756849859631695,2.857701175368586,23.561046940585644,0.2840710954980071,37.92753897752813,2.9383265112266983,2.3929545454545456,0.0,0.0,0.4734848484848485,0.14772727272727273,0.0,0.09090909090909091,0.0,0.0,0.0,0.0,0.2878787878787879,0.0,0.0,-10.934556607965744
s45,3.4676807026796133,1.7717416421633532,27.36214654226756,0.2907222823069064,44.726585694091185,3.5950319063663168,2.326156862745098,0.08235294117647059,0.0,0.3058823529411765,0.0,0.0,0.1843137254901961,0.0,0.12156862745098039,0.0,0.3058823529411765,0.0,0.0,0.0,-10.222005499733768
s46,4.037369369652769,2.382295020291223,23.737953383932023,0.4079603891186803,42.57759892673525,5.126988165429308,2.182654867256637,0.07964601769911504,0.0,0.3141592920353982,0.084070796460177,0.0,0.2743362831858407,0.0,0.0,0.08849557522123894,0.0,0.0,0.1592920353982301,0.0,-10.735460524478828
s47,3.7959459412346797,1.9411179665361944,25.942523546304656,0.23805160818109222,41.20283151471912,3.846094782744698,2.2562962962962962,0.0,0.0,0.6296296296296297,0.0,0.0,0.07407407407407407,0.06296296296296296,0.17037037037037037,0.06296296296296296,0.0,0.0,0.0,0.0,-10.815348880940482
s48,3.317770242698452,1.8235241267615083,27.601599430683894,0.26098173886275405,45.88080435166658,1.8116527554395985,2.2402390438247015,0.0,0.0,0.41832669322709165,0.0,0.0,0.08764940239043825,0.3107569721115538,0.0,0.0,0.18326693227091634,0.0,0.0,0.0,-10.425556059097207
s49,3.689033717160108,1.8092132396154343,27.989240443872625,0.2553234273814302,44.453499528503585,3.3135951047712924,2.299074074074074,0.0,0.0,0.46296296296296297,0.0,0.0,0.12962962962962962,0.0,0.24074074074074073,0.0,0.16666666666666666,0.0,0.0,0.0,-10.51427248091989
s50,5.351956979342447,2.864431552858697,27.708418211523725,0.2829254016740275,44.4002364112368,6.312925390472832,2.2568421052631575,0.0,0.0,0.5639097744360902,0.0,0.0,0.10526315789473684,0.0,0.0,0.0,0.0,0.2706766917293233,0.0,0.06015037593984962,-10.200499482588823
s51,4.147995896885707,1.9750186543451942,25.378834048316616,0.3579999403892644,42.5266948917738,6.26626494847622,2.2020967741935484,0.0,0.0,0.45161290322580644,0.0,0.0,0.24193548387096775,0.0,0.0,0.16129032258064516,0.14516129032258066,0.0,0.0,0.0,-10.27643719489991
s52,4.069336946260124,2.494518118757403,26.188596707257503,0.22940454634596016,39.69209188443711,2.2413011774659473,2.657731958762887,0.0,0.0,0.0,0.35051546391752575,0.0,0.08247422680412371,0.10309278350515463,0.15463917525773196,0.0,0.0,0.0,0.30927835051546393,0.0,-10.853856324631069
s53,4.483197649077099,2.0046479521351053,24.30176479197519,0.2818483036819995,38.430697810565405,5.136971809327665,2.319191176470588,0.0,0.0,0.5588235294117647,0.07352941176470588,0.0,0.14338235294117646,0.0,0.0,0.22426470588235295,0.0,0.0,0.0,0.0,-10.272242839912339
s54,3.5141708743474984,1.7666948286763051,29.155971874016192,0.22417624668627686,44.34137389173293,3.2215908791748986,2.391815068493151,0.0,0.0,0.4143835616438356,0.0,0.0,0.09931506849315068,0.0,0.24315068493150685,0.0,0.24315068493150685,0.0,0.0,0.0,-10.2336872482849
s55,4.393972956817437,2.1687062073052257,27.526439760099983,0.26175212462117087,45.2220081773071,4.581080397084797,2.2137944664031624,0.06324110671936758,0.0,0.5335968379446641,0.0,0.0,0.1067193675889328,0.039525691699604744,0.18181818181818182,0.0,0.0,0.0,0.0,0.07509881422924901,-10.765646172273815
s56,3.6302817095030977,1.8578813951538915,27.170503246256644,0.3039494147089678,45.16421400536701,2.3743111948424667,2.2511553784860556,0.0,0.0,0.3545816733067729,0.0,0.0,0.16334661354581673,0.19123505976095617,0.0,0.043824701195219126,0.24701195219123506,0.0,0.0,0.0,-10.424023976364495
s57,3.54366248715126,2.6813183063401977,29.899879183674003,0.23855346837670968,45.46631112981355,5.127036053893362,2.3624067796610166,0.0,0.0,0.46779661016949153,0.0,0.0,0.08135593220338982,0.0,0.061016949152542375,0.0,0.0,0.2,0.18983050847457628,0.0,-10.00549898522993
s58,3.733335475771188,1.7981094217751186,26.933224342213588,0.2872326449626181,44.36060479894,3.6373347760955137,2.288531746031746,0.07142857142857142,0.0,0.38095238095238093,0.0,0.0,0.17063492063492064,0.0,0.15079365079365079,0.0,0.2261904761904762,0.0,0.0,0.0,-10.443852296528258
s59,3.853332245971385,1.9435993696189477,25.86582336530405,0.36388079880401475,43.34273104456356,5.838764785125746,2.219193548387097,0.0,0.0,0.3870967741935484,0.0,0.0,0.25806451612903225,0.0,0.0,0.14516129032258066,0.20967741935483872,0.0,0.0,0.0,-10.19494504122056
s60,4.0961821430340635,1.9831243937727103,24.925819301648463,0.44544990959350805,44.70821557279806,5.403547793911553,2.1359734513274335,0.0,0.0,0.27876106194690264,0.0,0.0,0.3407079646017699,0.0,0.01327433628318584,0.08849557522123894,0.27876106194690264,0.0,0.0,0.0,-10.451709181338867
s61,3.6394082961157688,2.465263255812683,26.726301221919258,0.4301126093806625,49.56929371928613,3.8951755335848324,2.0337327188940097,0.0,0.0,0.3087557603686636,0.0,0.0,0.31797235023041476,0.09216589861751152,0.0,0.05069124423963134,0.0,0.0,0.2304147465437788,0.0,-10.762979031828648
s62,5.154030997952895,2.1162412782350435,24.00186911107746,0.2481572079700877,36.89649028245415,4.074575044773599,2.4252249134948096,0.0,0.0,0.5155709342560554,0.13494809688581316,0.0,0.10034602076124567,0.0,0.0,0.2041522491349481,0.0,0.04498269896193772,0.0,0.0,-10.589965810146872
s63,3.6599112371383598,2.3718881504026283,30.07390435576748,0.25807231455387397,45.6562382188594,16.544921426396808,2.2938566552901025,0.0,0.0,0.5290102389078498,0.0,0.0,0.1296928327645051,0.0,0.0,0.21160409556313994,0.0,0.0,0.0,0.1296928327645051,-9.563200453090536
s64,5.084843483434768,2.8119534010919587,26.920805518080368,0.28088760744635055,42.97598471259818,5.325100347644062,2.281622641509434,0.0,0.0,0.5509433962264151,0.0,0.0,0.10566037735849057,0.0,0.0,0.0,0.0,0.2679245283018868,0.07547169811320754,0.0,-10.351621205008193
s65,3.6403698624090794,2.3955199948149453,28.642600060819326,0.33046877909351846,48.672390313140546,4.5957366585423225,2.1188477366255145,0.0,0.0,0.46502057613168724,0.0,0.0,0.1934156378600823,0.11522633744855967,0.0,0.102880658436214,0.0,0.0,0.0,0.12345679012345678,-10.354416208016557
s66,4.5747749251698195,2.8035096778716393,23.91232874817072,0.30550604559779587,39.33963761795832,3.1610863535163762,2.3238431372549018,0.0,0.0,0.4980392156862745,0.10980392156862745,0.0,0.11764705882352941,0.0,0.0,0.0,0.0,0.27450980392156865,0.0,0.0,-10.885007120452753
s67,2.916903903251459,2.366383381325407,33.498585400677605,0.2079650134382628,47.34097606211466,8.272368036092757,2.474035087719298,0.0,0.0,0.3567251461988304,0.0,0.0,0.09941520467836257,0.0,0.0,0.19298245614035087,0.0,0.0,0.3508771929824561,0.0,-9.917032316250323
s68,3.746397294446201,2.4009562769928428,25.3735160510537,0.4273822984628756,48.20968049700203,2.040292477252505,2.0742105263157895,0.04784688995215311,0.0,0.3397129186602871,0.0,0.08133971291866028,0.2822966507177033,0.1339712918660287,0.009569377990430622,0.0,0.0,0.0,0.0,0.10526315789473684,-10.909378565687986
s69,3.7765733978135727,2.1118212152671227,30.181066558602875,0.23138753640570914,46.838376517176016,4.060210704311772,2.3046830985915494,0.0,0.0,0.47183098591549294,0.0,0.0,0.10211267605633803,0.0,0.2535211267605634,0.0,0.0,0.0,0.17253521126760563,0.0,-10.675120553720411
s70,3.402898669349814,2.2886814225261802,31.83695250099146,0.2349398484207372,48.247752759234494,4.478512938010759,2.3790816326530613,0.023809523809523808,0.0,0.3707482993197279,0.0,0.0,0.10204081632653061,0.0,0.1292517006802721,0.0,0.1870748299319728,0.08503401360544217,0.0,0.10204081632653061,-9.966877183769498
s71,3.9502047200355817,2.5566714119566094,36.13105391672031,0.2464699239590768,55.87479922640359,4.4755282627148505,2.237879858657244,0.0,0.0,0.37809187279151946,0.0,0.0,0.10600706713780919,0.13780918727915195,0.04240282685512368,0.06713780918727916,0.0,0.0,0.0,0.26855123674911663,-9.93782894908892
s72,4.289663765957098,1.9504345931745664,26.345154012974962,0.23765923467933822,39.995492879801326,9.970419646874555,2.329761092150171,0.0,0.0,0.6382252559726962,0.0,0.0,0.10238907849829351,0.0,0.0,0.23890784982935154,0.020477815699658702,0.0,0.0,0.0,-9.876663548959511
s73,5.077021582161463,2.5659941152353434,23.97589759556867,0.35572142035593735,40.860332522025466,6.957347291129116,2.1599999999999997,0.0,0.0,0.5867768595041323,0.0,0.0,0.18181818181818182,0.0,0.0,0.06611570247933884,0.0,0.1652892561983471,0.0,0.0,-10.812232437195261
s74,3.8840531722129845,2.152952574575602,26.09982330813143,0.23537331975267603,41.480076328994585,9.740868168954883,2.308352059925094,0.15730337078651685,0.0,0.5655430711610487,0.0,0.0,0.08614232209737828,0.0,0.0,0.12734082397003746,0.0,0.0,0.0,0.06367041198501873,-9.912579082099485
s75,3.582722499242855,2.294323907004921,26.461426244877284,0.40067606342959794,48.151119888219355,4.53114389114607,2.0556756756756758,0.0,0.0,0.38738738738738737,0.0,0.0,0.2882882882882883,0.0,0.16216216216216217,0.0,0.0,0.0,0.16216216216216217,0.0,-10.925278759483913
s76,4.520421310935246,2.2239365837986345,23.711160917341953,0.41776961195262724,43.1465387184419,2.982734933869377,2.1288738738738737,0.018018018018018018,0.0,0.42342342342342343,0.0,0.04054054054054054,0.2702702702702703,0.0,0.08558558558558559,0.0,0.08558558558558559,0.07657657657657657,0.0,0.0,-10.88942597635284
s77,4.468979465358069,2.102379330895568,23.52188329742691,0.3644205382514205,40.32322850987476,6.0690274589038795,2.1308333333333334,0.0,0.0,0.5833333333333334,0.0,0.0,0.20833333333333334,0.041666666666666664,0.0,0.16666666666666666,0.0,0.0,0.0,0.0,-10.951507863516895
s78,4.391452027318014,1.9329223621989589,25.553730172794616,0.3494372247665544,44.155342577990695,3.911479632571636,2.1492340425531915,0.0,0.0,0.4723404255319149,0.0,0.0,0.22127659574468084,0.02127659574468085,0.1276595744680851,0.05106382978723404,0.10638297872340426,0.0,0.0,0.0,-10.719189109526209
s79,3.1517215867532733,2.4573801809585674,31.658059894459516,0.24617925611315836,47.32879954221695,7.502997679117856,2.383311036789298,0.013377926421404682,0.0,0.36454849498327757,0.0,0.0,0.13712374581939799,0.0,0.0,0.13377926421404682,0.0,0.046822742474916385,0.30434782608695654,0.0,-9.76031490190726
s80,4.556961044865246,2.0117613755584682,22.957031903062546,0.27917783698030774,36.22699254067098,3.7196097239123,2.4049084249084247,0.0,0.0,0.4652014652014652,0.1684981684981685,0.0,0.13553113553113552,0.0,0.02197802197802198,0.2087912087912088,0.0,0.0,0.0,0.0,-10.508945644454554
s81,3.754477790507673,1.9853669540745946,23.8262508244943,0.290186229375108,38.533813061836405,1.7063661454906975,2.4035114503816795,0.0,0.0,0.44274809160305345,0.0,0.15648854961832062,0.13740458015267176,0.05343511450381679,0.17557251908396945,0.0,0.019083969465648856,0.015267175572519083,0.0,0.0,-10.854350781601605
s82,4.022660307733754,2.7982041406692013,27.16763083821718,0.36053603619573943,46.573081436943745,5.548996649435535,2.16575,0.0,0.0,0.42083333333333334,0.0,0.0,0.22083333333333333,0.0,0.0,0.0,0.0,0.19583333333333333,0.1625,0.0,-10.432976167943835
s83,3.8301754777485844,1.8553848791621814,20.30178426840423,0.24241100845082172,34.259260952932145,1.9632442175619589,2.4541975308641977,0.32098765432098764,0.0,0.4567901234567901,0.0,0.13580246913580246,0.08641975308641975,0.0,0.0,0.0,0.0,0.0,0.0,0.0,-10.574729581136998
s84,4.156136214375456,2.3583012863904713,25.12240188673652,0.3680695358277222,44.108033846942035,4.4166289566503405,2.1320869565217393,0.0,0.0,0.5,0.0,0.0,0.21739130434782608,0.0,0.07391304347826087,0.0,0.06956521739130435,0.1391304347826087,0.0,0.0,-10.728311271820242
s85,3.1832941885721757,2.5116663638990895,29.96752482309666,0.2874453740567424,48.58089427843625,11.940097462312872,2.2229501915708814,0.08812260536398467,0.0,0.4521072796934866,0.0,0.0,0.16091954022988506,0.0,0.0,0.10727969348659004,0.0,0.02681992337164751,0.0,0.16475095785440613,-9.807335772029056
s86,4.388219922065506,2.61919803643005,22.87086178714388,0.3039761757878205,35.79225262733818,1.7582532962367157,2.5433212996389893,0.0,0.0,0.4151624548736462,0.0,0.22382671480144403,0.1371841155234657,0.0,0.0,0.021660649819494584,0.0,0.20216606498194944,0.0,0.0,-10.603641290622003
s87,3.914342678772273,2.035580474088538,25.014912749283592,0.4488817939617953,46.76701079213893,4.258618949126499,2.081627906976744,0.03255813953488372,0.0,0.2744186046511628,0.0,0.0,0.3395348837209302,0.0,0.09302325581395349,0.0,0.2186046511627907,0.0,0.04186046511627907,0.0,-10.746861833126195
s88,3.697932337942793,1.9408536537765628,22.447564557540446,0.33808020938557437,36.74537637762996,1.6020059084442984,2.478871595330739,0.0,0.0,0.35797665369649806,0.0,0.2529182879377432,0.20233463035019456,0.0,0.16731517509727625,0.019455252918287938,0.0,0.0,0.0,0.0,-10.524888617714199
s89,3.5805009840782906,2.472967996453383,28.56312061476941,0.3757670599756844,51.23226395982455,4.246876404292315,2.034690265486726,0.0,0.0,0.415929203539823,0.0,0.0,0.24778761061946902,0.12389380530973451,0.0,0.07079646017699115,0.0,0.0,0.0,0.1415929203539823,-10.61459340986676
s90,3.2941623470008414,1.7653729128646287,26.988486471948654,0.25126255072108017,44.582246640370855,2.44520247665141,2.3067049808429116,0.10727969348659004,0.0,0.3793103448275862,0.0,0.0,0.09961685823754789,0.18773946360153257,0.0,0.0,0.2260536398467433,0.0,0.0,0.0,-10.13737620602408
s91,3.844999781811825,2.137130144662918,26.753501416657258,0.27546316237923363,42.33348165341646,2.247681900285185,2.3896654275092937,0.0,0.0,0.3940520446096654,0.0,0.11152416356877323,0.14869888475836432,0.0,0.21933085501858737,0.0,0.0,0.0,0.12639405204460966,0.0,-10.62594850358469
s92,3.5400094517805814,1.8271309747610411,25.551037085977804,0.3390892607546219,44.860599463930484,2.8138292601296966,2.2230000000000003,0.11304347826086956,0.0,0.30434782608695654,0.0,0.0,0.20869565217391303,0.10869565217391304,0.0,0.0,0.26521739130434785,0.0,0.0,0.0,-10.487184352330244
s93,3.8920296322475063,1.9345877913562166,20.09158183647293,0.30629663431251275,35.822200173556396,2.432835185820331,2.2967391304347826,0.30434782608695654,0.0,0.48695652173913045,0.0,0.07391304347826087,0.13478260869565217,0.0,0.0,0.0,0.0,0.0,0.0,0.0,-10.99776103306757
s94,3.3571077163838376,2.284796990536027,30.743250393399393,0.24365785123150618,45.816397430939894,8.799713038926713,2.3721498371335503,0.0,0.0,0.42671009771986973,0.0,0.0,0.13680781758957655,0.0,0.0,0.19218241042345277,0.0,0.0,0.24429967426710097,0.0,-9.93682874491013
s95,5.095566455067561,2.3402583410964914,22.580006793782427,0.30210277336588,36.21062065100479,3.765737624530961,2.3725095057034222,0.0,0.0,0.4752851711026616,0.1482889733840304,0.0,0.13688212927756654,0.0,0.0,0.1520912547528517,0.0,0.08745247148288973,0.0,0.0,-10.900874247803518
s96,4.220000190054546,2.0556388404500416,21.568147096495686,0.31245747463460155,34.71945630167598,3.4844317607903985,2.4225,0.0,0.0,0.3939393939393939,0.22727272727272727,0.0,0.16287878787878787,0.0,0.0,0.2159090909090909,0.0,0.0,0.0,0.0,-10.926138378660053
s97,4.181754916748154,2.3611319302048086,26.41175772524527,0.3885566612125242,46.12202468438359,16.64133585306503,2.080940170940171,0.0,0.0,0.48717948717948717,0.0,0.0,0.2692307692307692,0.0,0.0,0.1581196581196581,0.0,0.0,0.0,0.08547008547008547,-10.526418673994563
s98,4.279629521900414,2.0048247804500314,23.559550872740072,0.47317167484851425,44.57212327275146,5.463465179939298,2.058714285714286,0.047619047619047616,0.0,0.34285714285714286,0.0,0.0,0.3476190476190476,0.0,0.0,0.0761904761904762,0.18571428571428572,0.0,0.0,0.0,-10.79460665019609
s99,3.993551833756797,1.957068462199691,24.832404773045745,0.435871203625183,47.00419474897947,2.1597117095381804,2.054905660377359,0.0,0.0,0.3018867924528302,0.0,0.0,0.29245283018867924,0.1792452830188679,0.0,0.0,0.22641509433962265,0.0,0.0,0.0,-10.992867339764976
s100,4.311474923211587,1.9939626970914506,23.820211894809628,0.25820498580054124,38.25670395227005,9.402572393084458,2.2832830188679245,0.10943396226415095,0.0,0.6226415094339622,0.0,0.0,0.10566037735849057,0.0,0.0,0.16226415094339622,0.0,0.0,0.0,0.0,-10.246825371516719
s101,4.2433726028137695,2.208572924728656,24.41274557443858,0.37630464655565965,41.72674952794109,10.4818666629406,2.1370124481327797,0.0,0.0,0.5269709543568465,0.0,0.0,0.24066390041493776,0.0,0.0,0.17427385892116182,0.0,0.0,0.058091286307053944,0.0,-10.67018728209495
s102,4.5124768033619995,2.068256944793446,21.610089202449853,0.28153775839761597,34.1740945527114,3.0330269045375187,2.451029411764706,0.0,0.0,0.40808823529411764,0.22426470588235295,0.0,0.1213235294117647,0.04411764705882353,0.0,0.20220588235294118,0.0,0.0,0.0,0.0,-10.824762896598008
s103,4.287375046770093,2.107294541570638,19.275583849757943,0.47947645882251144,33.87829888745334,4.647347756244871,2.4403879310344827,0.03879310344827586,0.0,0.0,0.3017241379310345,0.0,0.3017241379310345,0.0,0.0,0.09051724137931035,0.2672413793103448,0.0,0.0,0.0,-10.995375524064505
s104,4.505985407308469,2.284246885110904,25.422122819887957,0.2543673183235993,39.28873526709956,8.998366071520497,2.30719723183391,0.0,0.0,0.6470588235294118,0.0,0.0,0.09342560553633218,0.0,0.0,0.16262975778546712,0.0,0.09688581314878893,0.0,0.0,-10.152160501582438
s105,3.3773725483331414,3.0190298793786,31.690080611693084,0.3350037997296292,52.958591089339464,8.598908477559544,2.146265060240964,0.0,0.0,0.39357429718875503,0.0,0.0,0.20481927710843373,0.0,0.0,0.0,0.0,0.19678714859437751,0.0,0.20481927710843373,-10.069546351023234
s106,4.026967495286212,2.325945505265706,25.210790757075245,0.3723346704920029,41.90667867566811,3.2612375561454283,2.293784860557769,0.0,0.0,0.3545816733067729,0.0,0.099601593625498,0.2589641434262948,0.0,0.0,0.1394422310756972,0.0,0.0,0.14741035856573706,0.0,-10.382518048865014
s107,3.701955414174853,2.17033740082119,25.378295025366924,0.2985986348244859,42.64244130112677,7.192232860736769,2.237246963562753,0.145748987854251,0.0,0.47368421052631576,0.0,0.0,0.1659919028340081,0.0,0.0,0.0931174089068826,0.0,0.0,0.1214574898785425,0.0,-10.317543164991294
s108,4.728961100969091,2.6649570151078747,23.80519140895551,0.38830010755814304,41.97709324785286,2.6074447458633045,2.1722077922077925,0.0,0.0,0.5151515151515151,0.0,0.05194805194805195,0.21645021645021645,0.0,0.0,0.0,0.0,0.21645021645021645,0.0,0.0,-10.984478044772597
s109,4.289725453228123,2.2278973366953703,23.3990347119492,0.2850107554228351,36.04716158327309,2.0498859950209494,2.507859649122807,0.0,0.0,0.4666666666666667,0.0,0.1824561403508772,0.14035087719298245,0.0,0.0,0.13333333333333333,0.0,0.07719298245614035,0.0,0.0,-10.282062929383994
s110,3.454108802963839,1.7785363060139474,29.059914038112833,0.20812019574812912,41.63996340526124,5.0549883998314264,2.5428398791540787,0.0,0.0,0.36555891238670696,0.04833836858006042,0.0,0.09969788519637462,0.0,0.0,0.20241691842900303,0.283987915407855,0.0,0.0,0.0,-10.127077925905597
s111,3.8049096417112063,1.9525194434129693,21.868448213101455,0.26500726753406634,37.377985952889695,7.058114777693863,2.2547302904564317,0.25311203319502074,0.0,0.5850622406639004,0.0,0.0,0.0995850622406639,0.0,0.0,0.06224066390041494,0.0,0.0,0.0,0.0,-10.710094695519368
s112,3.565702867850976,1.7681908365382317,29.01402825573085,0.24302429616999133,45.40613461490082,2.587513496636818,2.357184115523466,0.0,0.0,0.3574007220216607,0.0,0.0,0.10830324909747292,0.12274368231046931,0.1299638989169675,0.0,0.2815884476534296,0.0,0.0,0.0,-10.181696472590415
s113,3.678149614877008,1.8267357503538708,23.811216647003707,0.26787504478101676,40.18142809181871,4.565594148191805,2.3074897119341564,0.24279835390946503,0.0,0.448559670781893,0.0,0.0,0.12757201646090535,0.0,0.0,0.037037037037037035,0.1440329218106996,0.0,0.0,0.0,-10.436563691962117
s114,3.2969290477556656,1.7461596446113115,24.907945676952515,0.2971130743772605,42.90711810044377,3.8158996629258515,2.305847457627119,0.24152542372881355,0.0,0.3220338983050847,0.0,0.0,0.17796610169491525,0.0,0.0,0.0,0.2584745762711864,0.0,0.0,0.0,-10.190795013437503
s115,3.2927010605959643,3.101459582196497,32.94737476145197,0.3496638129183832,55.598694909950176,9.324577511649538,2.1151851851851853,0.0,0.0,0.3333333333333333,0.0,0.0,0.2345679012345679,0.0,0.0,0.0,0.0,0.1728395061728395,0.0,0.25925925925925924,-10.090068129426983
s116,4.477614277617497,1.9197484395056843,26.930530529152676,0.20957516749537303,40.0036036015569,12.009294522324891,2.3619607843137254,0.0,0.0,0.673202614379085,0.0,0.0,0.0718954248366013,0.0,0.0,0.2549019607843137,0.0,0.0,0.0,0.0,-9.622012764322433
s117,3.297781971065793,1.8341220709922645,25.325041766390484,0.1786841353174059,35.43503867708391,1.9470213797987175,2.742401129943503,0.0,0.0,0.4632768361581921,0.0,0.2514124293785311,0.062146892655367235,0.0,0.0,0.2231638418079096,0.0,0.0,0.0,0.0,-9.513456138791508
s118,4.457782053947771,2.0359438050808083,21.356908295314838,0.32452522798671624,36.18809461150572,3.971646019537077,2.303360655737705,0.10655737704918032,0.0,0.4672131147540984,0.12295081967213115,0.0,0.16393442622950818,0.0,0.0,0.13934426229508196,0.0,0.0,0.0,0.0,-10.81318464341096
s119,4.116153332995421,2.020929034286979,16.95152973419803,0.2250878684625059,24.055697797077727,2.820136746706425,3.126637426900585,0.0,0.0,0.0,0.36257309941520466,0.34210526315789475,0.1023391812865497,0.0,0.0,0.19298245614035087,0.0,0.0,0.0,0.0,-10.901771249276942
s120,3.8982267529638555,2.223789974491885,25.732577306175923,0.24523469341335058,41.48403371783517,4.163865932221986,2.3418045112781956,0.13157894736842105,0.0,0.4924812030075188,0.0,0.0,0.08270676691729323,0.02631578947368421,0.0,0.0,0.12781954887218044,0.13909774436090225,0.0,0.0,-10.180193077935302
s121,3.4125556830345682,1.9950996481092587,25.216806933152817,0.36791006129375303,45.51326129398313,4.319745012796822,2.1982882882882886,0.19369369369369369,0.0,0.27927927927927926,0.0,0.0,0.25225225225225223,0.0,0.0,0.0,0.23423423423423423,0.0,0.0,0.04054054054054054,-10.370329196792357
s122,4.9272203000444765,2.4580683895300153,22.80647300543622,0.35088296845680766,39.99642653938444,6.765790642803591,2.1594893617021276,0.09787234042553192,0.0,0.5702127659574469,0.0,0.0,0.1702127659574468,0.0,0.0,0.029787234042553193,0.0,0.13191489361702127,0.0,0.0,-10.87062357814486
s123,3.9089909575235384,1.9683273237529002,25.45546530361209,0.2429515797367488,38.57282242435095,3.6829456102611084,2.3823232323232326,0.0,0.0,0.6094276094276094,0.0,0.050505050505050504,0.10774410774410774,0.0,0.0,0.23232323232323232,0.0,0.0,0.0,0.0,-9.816733841104087
s124,3.6664535588707654,2.3606969989411826,28.034057448323946,0.3248192141711656,48.202444101794455,3.259635203144236,2.1078661087866113,0.0,0.0,0.47280334728033474,0.0,0.0,0.16736401673640167,0.18410041841004185,0.0,0.06694560669456066,0.0,0.0,0.0,0.1087866108786611,-10.645337156159993
s125,3.930586055168479,2.250351458363318,31.51591737596625,0.24214918986943096,49.499576443608085,5.088840822197486,2.242410071942446,0.0,0.0,0.5035971223021583,0.0,0.0,0.10431654676258993,0.0,0.2589928057553957,0.0,0.0,0.0,0.0,0.13309352517985612,-10.559114441457902
s126,4.188737461709863,1.8507114903764619,20.508716292989156,0.24540033559578578,34.047149924308805,1.8306167412519787,2.50511811023622,0.2795275590551181,0.0,0.4251968503937008,0.0,0.17716535433070865,0.09448818897637795,0.0,0.023622047244094488,0.0,0.0,0.0,0.0,0.0,-10.486383213325587
s127,3.174203009991878,3.350860279274458,30.62074144154551,0.32619602349720184,49.21861507782158,2.8076859721076137,2.455381679389313,0.0,0.0,0.0,0.31679389312977096,0.0,0.19083969465648856,0.0,0.0,0.0,0.0,0.18702290076335878,0.0,0.3053435114503817,-10.267753255802319
s128,4.378798554119661,2.1208522664064375,24.799234999110283,0.3960995122718684,43.21631393227312,5.824158833758359,2.1467088607594937,0.0,0.0,0.4345991561181435,0.0,0.0,0.270042194092827,0.0,0.0,0.11392405063291139,0.13924050632911392,0.04219409282700422,0.0,0.0,-10.522401651432675
s129,3.8939470336934043,2.5452858211347995,32.08339536941635,0.3065426449170897,55.16497477187419,2.5760366584918017,2.0884518828451886,0.0,0.0,0.3723849372384937,0.0,0.0,0.1506276150627615,0.26778242677824265,0.0,0.0,0.0,0.0,0.0,0.20920502092050208,-10.662302089205472
s130,3.415120782873901,1.9753053385615755,28.133373018420503,0.2723307024430212,45.71673115493325,2.308048548110584,2.297,0.0,0.0,0.36538461538461536,0.0,0.0,0.11923076923076924,0.2,0.0,0.0,0.25,0.06538461538461539,0.0,0.0,-10.264159155461236
s131,3.98664222219344,2.154127556652713,28.208991470890105,0.22444147687192512,41.836523582431205,14.132199342239534,2.350944625407166,0.0,0.0,0.6156351791530945,0.0,0.0,0.08469055374592833,0.0,0.0,0.24104234527687296,0.0,0.0,0.0,0.05863192182410423,-9.599597515044806
s132,3.935219968456712,1.8670986086541632,27.792949981503885,0.21801121844898144,41.28070511958664,7.391076613442983,2.3839933993399343,0.0,0.0,0.5907590759075908,0.0,0.0,0.0924092409240924,0.0,0.0,0.23432343234323433,0.08250825082508251,0.0,0.0,0.0,-9.908935150194617
s133,3.719486453611837,2.239352471370461,28.89599551193161,0.279091694810399,48.615560016695795,2.089205239877342,2.1848594377510047,0.0,0.0,0.39759036144578314,0.0,0.0,0.11244979919678715,0.2931726907630522,0.0,0.0,0.0,0.0,0.19678714859437751,0.0,-10.632233662619162
s134,4.380996519136134,2.408386793556517,25.225509887157997,0.4614048499731965,46.94138361610274,9.749791303290039,2.020140186915888,0.0,0.0,0.37383177570093457,0.0,0.0,0.35046728971962615,0.0,0.0,0.11214953271028037,0.0,0.0,0.16355140186915887,0.0,-10.864906194339847
s135,3.7966448036871823,2.039644407286801,28.192376216734587,0.22316245686001865,42.28856432510186,8.27463199286323,2.3512211221122112,0.0,0.0,0.5874587458745875,0.0,0.0,0.0924092409240924,0.0,0.0429042904290429,0.19801980198019803,0.0,0.0,0.07920792079207921,0.0,-9.745031591212397
s136,3.2569885897527406,2.084308982200665,27.860832765438538,0.20991217553204952,43.84915156833221,6.635220917415192,2.3685920577617328,0.19855595667870035,0.0,0.4729241877256318,0.0,0.0,0.07942238267148015,0.0,0.0,0.08664259927797834,0.0,0.0,0.1588447653429603,0.0036101083032490976,-10.05427403970176
s137,3.9832352338439905,1.8502239420797295,27.109886499316307,0.32145406785308717,45.8782694603815,2.494844984979158,2.222892561983471,0.0,0.0,0.34297520661157027,0.0,0.0,0.19008264462809918,0.15702479338842976,0.0371900826446281,0.024793388429752067,0.24793388429752067,0.0,0.0,0.0,-10.520107458683118
s138,4.519981453795771,2.0683875522889714,23.639540369962,0.3897410248944046,41.82380219300966,7.3055274700494826,2.083478260869565,0.0,0.0,0.5652173913043478,0.0,0.0,0.24347826086956523,0.0,0.06956521739130435,0.12173913043478261,0.0,0.0,0.0,0.0,-10.996384352837142
s139,2.9892091451805154,3.0250210376121083,35.08697566839951,0.3004456147651303,55.02275729817195,11.902315685323845,2.213913043478261,0.0,0.0,0.3333333333333333,0.0,0.0,0.18115942028985507,0.0,0.0,0.06521739130434782,0.0,0.11594202898550725,0.0,0.30434782608695654,-9.749289790417434
s140,4.210309198428207,2.464313486285984,28.247887694275537,0.25822466937204325,43.78422592612706,4.030061372323351,2.371505376344086,0.0,0.0,0.46236559139784944,0.0,0.0,0.1039426523297491,0.0,0.0,0.0,0.1827956989247312,0.25089605734767023,0.0,0.0,-10.056060621917025
s141,4.669049621863546,2.374195159856643,22.938184222164313,0.37324798311347795,40.489370634577895,7.587501038552719,2.1293562231759653,0.06437768240343347,0.0,0.5665236051502146,0.0,0.0,0.2017167381974249,0.0,0.0,0.06866952789699571,0.0,0.09871244635193133,0.0,0.0,-10.897106636858968
s142,5.071936867890086,1.9562906871867503,25.851124462941968,0.30602661600863623,41.64903385696209,7.292612166571518,2.247011494252874,0.0,0.0,0.5402298850574713,0.0,0.0,0.1839080459770115,0.0,0.0,0.19540229885057472,0.08045977011494253,0.0,0.0,0.0,-10.14829011899149
s143,3.8169930047801026,2.2599167730848384,28.485244000050898,0.2320219999039545,43.469669229244374,3.9861631283864054,2.3859726962457337,0.0,0.0,0.4880546075085324,0.0,0.0,0.07849829351535836,0.0,0.08873720136518772,0.0,0.16723549488054607,0.17747440273037543,0.0,0.0,-10.070561392388775
s144,4.684906544180901,2.577494744025949,24.65282719666355,0.3264013449334234,41.547771709062346,4.432180520103652,2.191659751037345,0.0,0.0,0.5850622406639004,0.0,0.008298755186721992,0.14937759336099585,0.0,0.06224066390041494,0.0,0.0,0.1950207468879668,0.0,0.0,-10.758201982527774
s145,4.164290731993709,2.156527891727477,25.70737169079836,0.26255534646181444,41.59920146329186,4.386814035044697,2.2340074906367042,0.0,0.0,0.6179775280898876,0.0,0.0,0.09737827715355805,0.0,0.20973782771535582,0.0,0.0,0.0749063670411985,0.0,0.0,-10.87898229367247
s146,3.1212893784059323,2.087322138913292,30.208733152250538,0.2520760056178772,45.016935677863515,6.445059928421087,2.423421052631579,0.0,0.0,0.34210526315789475,0.0,0.0,0.1513157894736842,0.0,0.0,0.1513157894736842,0.21052631578947367,0.02631578947368421,0.11842105263157894,0.0,-10.000893459310635
s147,3.3733593833513735,1.790693937296201,28.9324867189732,0.24651771240108422,44.16011130790646,3.7483722573094154,2.3904137931034484,0.0,0.0,0.38620689655172413,0.0,0.0,0.1310344827586207,0.05862068965517241,0.041379310344827586,0.11379310344827587,0.2689655172413793,0.0,0.0,0.0,-9.849434240854466
s148,4.149579716698045,1.909017235382326,25.370982424777434,0.2577790722255614,40.74733540949105,2.1333425048039474,2.307056603773585,0.0,0.0,0.5584905660377358,0.0,0.06415094339622641,0.10943396226415095,0.0,0.2679245283018868,0.0,0.0,0.0,0.0,0.0,-10.882426266404051
s149,3.4571792532744055,1.7024615444903437,22.18827083777318,0.20906054497608625,34.181930750083055,2.8416876007617096,2.7656842105263157,0.13333333333333333,0.0,0.0,0.3824561403508772,0.0,0.08771929824561403,0.0,0.10526315789473684,0.02456140350877193,0.26666666666666666,0.0,0.0,0.0,-10.906449154583731
s150,4.882739963035306,2.79278309954776,27.106253051560913,0.4576519622574364,52.42247052424516,8.521172871894299,1.9501951219512195,0.0,0.0,0.40487804878048783,0.0,0.0,0.33658536585365856,0.0,0.0,0.0,0.0,0.14634146341463414,0.0,0.11219512195121951,-10.947610427196098
s151,4.114661757489,2.5358562887766842,26.913580025354154,0.2967983907827688,43.67109211661243,4.272586227564522,2.2780232558139537,0.0,0.0,0.5,0.0,0.0,0.13953488372093023,0.0,0.0,0.0,0.11627906976744186,0.2441860465116279,0.0,0.0,-10.296465705267115
s152,4.048546630802569,2.0371661853791916,23.181168776859067,0.33131907954982864,37.347438584939574,2.2725243909072645,2.362873563218391,0.0,0.0,0.4942528735632184,0.0,0.12643678160919541,0.19540229885057472,0.0,0.0,0.1839080459770115,0.0,0.0,0.0,0.0,-10.45724335270243
s153,4.494038899249891,2.7269167930024434,26.15087785725909,0.3085983061857823,43.13196737495976,5.355436169055669,2.2244881889763777,0.0,0.0,0.5551181102362205,0.0,0.0,0.1377952755905512,0.0,0.015748031496062992,0.0,0.0,0.24015748031496062,0.051181102362204724,0.0,-10.417754670568181
s154,3.3909081168829904,3.068656534626295,26.791193401212848,0.4664275925472036,50.057229775950354,2.678497813290957,2.1744131455399063,0.0,0.0,0.0,0.2676056338028169,0.0,0.3474178403755869,0.014084507042253521,0.10328638497652583,0.0,0.0,0.0,0.0,0.2676056338028169,-10.931630366533696
s155,3.7640549186433447,2.0457266706828,28.305012705137948,0.23815822331577238,42.89978488122471,9.994634376354822,2.332749140893471,0.0,0.0,0.5738831615120275,0.0,0.0,0.11683848797250859,0.0,0.0,0.22336769759450173,0.0,0.0,0.0859106529209622,0.0,-9.705443137353912
s156,3.978388700117666,2.4054970239583473,25.77309015404693,0.40355286787383116,44.957570795029206,9.502992238344696,2.1135775862068966,0.0,0.0,0.4051724137931034,0.0,0.0,0.28879310344827586,0.0,0.0,0.13793103448275862,0.0,0.0,0.16810344827586207,0.0,-10.598910510261424
s157,3.345355546311755,1.915531727970309,24.866915271240646,0.2841644157587383,43.01794831594187,4.443394896943107,2.2828270042194094,0.26582278481012656,0.0,0.3755274261603376,0.0,0.0,0.15611814345991562,0.0,0.0,0.0,0.1350210970464135,0.0,0.06751054852320675,0.0,-10.285787255688541
s158,4.155349755084822,2.2284658270800035,24.342565465821767,0.38729001287591264,43.360194735994966,8.27539939880007,2.1139035087719296,0.07456140350877193,0.0,0.4649122807017544,0.0,0.0,0.2543859649122807,0.0,0.0,0.10964912280701754,0.0,0.0,0.09649122807017543,0.0,-10.734518047744624
s159,3.261541547945882,1.7768206521824972,28.682391267221995,0.2579724655234595,46.49754112263938,1.8710360955213037,2.3068965517241384,0.0,0.0,0.32567049808429116,0.0,0.0,0.10344827586206896,0.2796934865900383,0.0,0.0,0.29118773946360155,0.0,0.0,0.0,-10.31092017710701
s160,3.4559270736581764,2.6478243581195224,29.846466324222153,0.29872294509578073,47.61222008864009,5.7436238712523515,2.2756716417910448,0.0,0.0,0.3619402985074627,0.0,0.0,0.1791044776119403,0.0,0.04477611940298507,0.033582089552238806,0.0,0.11567164179104478,0.26492537313432835,0.0,-10.104231963131177
s161,4.1775722258608265,2.5399880111057627,25.40835122808614,0.2919588990628104,40.35444018578388,2.6469380797162394,2.56337037037037,0.018518518518518517,0.0,0.0,0.32592592592592595,0.0,0.15925925925925927,0.1111111111111111,0.0,0.08148148148148149,0.0,0.0,0.3037037037037037,0.0,-10.727554369868736
s162,3.471961084646401,2.2845042955114923,28.905224066077196,0.26959141704671646,44.70042847376964,3.8385260075702603,2.39791519434629,0.0,0.0,0.35335689045936397,0.0,0.0,0.13780918727915195,0.0,0.0176678445229682,0.0,0.29328621908127206,0.1978798586572438,0.0,0.0,-9.95216595766756
s163,3.4555669572691574,1.8321357653084827,26.11916706413745,0.31397091542121885,44.909934736178734,2.4479669190128304,2.2372803347280334,0.0794979079497908,0.0,0.3305439330543933,0.0,0.0,0.17154811715481172,0.16736401673640167,0.0,0.0,0.2510460251046025,0.0,0.0,0.0,-10.47224377054572
s164,3.3093549238312616,1.7057326358005456,29.53719150225518,0.22090785223990617,46.13111931251091,2.400098109576878,2.3835971223021586,0.04316546762589928,0.0,0.35251798561151076,0.0,0.0,0.07913669064748201,0.2014388489208633,0.0,0.03597122302158273,0.28776978417266186,0.0,0.0,0.0,-9.94539608997797
s165,4.7113871540007475,2.4470494669966354,25.49713544388241,0.2633313213061566,40.79541671021186,4.995870732569827,2.2624999999999997,0.0,0.0,0.625,0.0,0.0,0.08333333333333333,0.0,0.125,0.0,0.0,0.16666666666666666,0.0,0.0,-10.632541807402463
s166,3.837178048647033,2.266225239654266,28.21677352766462,0.25494245039400626,43.99903668720589,3.3991561494726543,2.3608333333333333,0.0,0.0,0.43478260869565216,0.0,0.0,0.10144927536231885,0.05434782608695652,0.028985507246376812,0.0,0.20652173913043478,0.17391304347826086,0.0,0.0,-10.1514672842343
s167,3.7029071249804555,2.3127383146098626,21.0940998359908,0.37827198024846714,35.542113422285894,2.7356854261664667,2.5322357723577236,0.028455284552845527,0.0,0.0,0.3170731707317073,0.0,0.2073170731707317,0.06504065040650407,0.0,0.0,0.2764227642276423,0.10569105691056911,0.0,0.0,-10.93017249141098
s168,4.225112938991078,1.9968901918566846,24.877236856541924,0.2750885026309381,39.597495351537106,11.041977351038085,2.261375464684015,0.03345724907063197,0.0,0.6282527881040892,0.0,0.0,0.13382899628252787,0.0,0.0,0.20446096654275092,0.0,0.0,0.0,0.0,-10.140962711289388
s169,4.429803784424149,2.1735959818294543,24.442912831669503,0.5119937079733042,50.1722947597427,5.246984464916271,1.9676923076923076,0.11282051282051282,0.0,0.2512820512820513,0.0,0.0,0.4,0.0,0.0,0.0,0.1794871794871795,0.0,0.0,0.05641025641025641,-10.723330492494656
s170,3.597016878689306,2.7095856743746705,28.35503238930964,0.446179831555777,56.42651445472617,10.349395922345868,1.9381909547738696,0.1457286432160804,0.0,0.2864321608040201,0.0,0.0,0.35175879396984927,0.0,0.0,0.0,0.0,0.0,0.0,0.21608040201005024,-10.553842589734268
s171,3.74993021302014,2.5326938448238248,26.890508484144533,0.49778380580035936,55.497432403447185,7.326415566016465,1.9098453608247423,0.10824742268041238,0.0,0.24742268041237114,0.0,0.0,0.4072164948453608,0.0,0.0,0.0,0.08247422680412371,0.0,0.0,0.15463917525773196,-10.702761500805416
s172,3.791072745746213,1.9128455255442525,22.511756360879197,0.30915040637187924,35.91161133759301,1.5217204457933604,2.5583955223880595,0.0,0.0,0.33955223880597013,0.0,0.2873134328358209,0.17537313432835822,0.0,0.19776119402985073,0.0,0.0,0.0,0.0,0.0,-10.439317933979742
s173,4.549146548334136,2.6939743135174137,22.694148465974347,0.36305659523549283,37.82358077662395,1.8054042531680548,2.3785600000000002,0.0,0.0,0.436,0.0,0.164,0.188,0.0,0.0,0.0,0.0,0.212,0.0,0.0,-10.779468996174183
s174,3.2431605557583203,1.7349209450134917,26.44954016889736,0.2308356752977529,42.51398481135647,3.8261651730757755,2.379351145038168,0.183206106870229,0.0,0.3969465648854962,0.0,0.0,0.10305343511450382,0.0,0.0916030534351145,0.0,0.22519083969465647,0.0,0.0,0.0,-10.134019807775685
s175,3.5091990935811794,2.482608078489539,27.457090744814174,0.3993970657219081,47.848018430301124,9.240646847007362,2.120295358649789,0.0,0.0,0.32489451476793246,0.0,0.0,0.3080168776371308,0.0,0.0,0.11814345991561181,0.0,0.0,0.2489451476793249,0.0,-10.279072071785622
s176,4.2654096728176345,1.959889569144334,23.321257427991593,0.307906403864404,38.13538950489187,3.308731366216018,2.3756153846153847,0.03461538461538462,0.0,0.35,0.1423076923076923,0.0,0.16153846153846155,0.06153846153846154,0.0,0.13076923076923078,0.11923076923076924,0.0,0.0,0.0,-10.516327127027433
s177,3.4459664820167637,2.1594420109381343,27.318354327708533,0.25519956312359887,44.07808090912486,6.564791628006225,2.30212927756654,0.14068441064638784,0.0,0.45627376425855515,0.0,0.0,0.12927756653992395,0.0,0.026615969581749048,0.08365019011406843,0.0,0.0,0.1634980988593156,0.0,-10.290185957110777
s178,3.560097327483398,2.1741784773627812,25.461035463152808,0.3367427337387923,44.93123905262262,5.050155262469529,2.150541666666667,0.1125,0.0,0.44166666666666665,0.0,0.0,0.20416666666666666,0.0,0.11666666666666667,0.0,0.0,0.0,0.125,0.0,-10.815418834643157
s179,3.669793494339477,2.0967441709725487,27.033475827365265,0.39112187430132367,47.78009681115717,4.0308895956853235,2.141929824561404,0.0,0.0,0.3026315789473684,0.0,0.0,0.2894736842105263,0.0,0.11842105263157894,0.0,0.22807017543859648,0.02631578947368421,0.0,0.03508771929824561,-10.534363560740793
s180,3.796820708758438,2.4954697021538537,28.45862441871109,0.4188524972252989,53.42233004915937,6.423515223319362,1.9659813084112148,0.0,0.0,0.38317757009345793,0.0,0.0,0.3177570093457944,0.0,0.14953271028037382,0.0,0.0,0.0,0.0,0.14953271028037382,-10.81924573258269
s181,3.8051385129798203,2.8254854689414253,27.24732752503885,0.40449997845185715,48.487370241407696,5.778411166249511,2.1085398230088495,0.0,0.0,0.3407079646017699,0.0,0.0,0.2831858407079646,0.0,0.0,0.0,0.0,0.15486725663716813,0.22123893805309736,0.0,-10.556543552780296
s182,4.174244469796392,2.2219248852315645,25.377785137700872,0.3061081909468556,42.239534994294004,1.500088289635686,2.3533467741935485,0.0,0.0,0.3225806451612903,0.0,0.14516129032258066,0.13709677419354838,0.2620967741935484,0.0,0.0,0.0,0.0,0.13306451612903225,0.0,-10.967678006963558
s183,4.2485747672892655,1.8637580830077756,23.874036910860184,0.2363117005392773,36.244004222186724,1.5291070842723995,2.611740614334471,0.0,0.0,0.3993174061433447,0.0,0.2593856655290102,0.10238907849829351,0.0,0.23890784982935154,0.0,0.0,0.0,0.0,0.0,-10.411707652229351
s184,3.5084436013242186,1.7658328928997655,23.762807326255857,0.3175605727618639,41.8590990593276,3.621462024876236,2.3,0.24017467248908297,0.0,0.30131004366812225,0.043668122270742356,0.0,0.19213973799126638,0.0,0.0,0.0,0.22270742358078602,0.0,0.0,0.0,-10.411963787402632
s185,3.9552727475701803,2.3496932515066824,25.516175844265497,0.42103405243296105,45.60765288699424,4.164202527637862,2.150660792951542,0.0,0.0,0.31718061674008813,0.0,0.0,0.29515418502202645,0.0,0.0,0.0,0.2422907488986784,0.14537444933920704,0.0,0.0,-10.431499763630063
s186,4.58373449780078,2.543501282370116,23.792237641869317,0.3084032376323121,39.70625089901365,6.702585985862877,2.2234523809523807,0.06349206349206349,0.0,0.5992063492063492,0.0,0.0,0.12698412698412698,0.0,0.0,0.03968253968253968,0.0,0.17063492063492064,0.0,0.0,-10.609685143958375
s187,3.536974091297956,2.1934281092383516,29.128957677719004,0.2262583825047706,43.47819791304858,4.888266420312982,2.4064686468646865,0.0,0.0,0.47194719471947194,0.0,0.0,0.0858085808580858,0.036303630363036306,0.0,0.11551155115511551,0.12871287128712872,0.0924092409240924,0.06930693069306931,0.0,-9.816976645433895
s188,3.527959381314496,2.760565084007686,30.679848933041118,0.36179150061536147,52.31024602252334,14.167022170131673,2.0989029535864976,0.0,0.0,0.3881856540084388,0.0,0.0,0.25738396624472576,0.0,0.0,0.09282700421940929,0.0,0.06329113924050633,0.0,0.19831223628691982,-10.144061087294334
s189,2.9852340689465193,2.6159895553881882,29.06362480240003,0.3681524193614488,53.94011721801356,9.079634341399355,2.0592237442922374,0.2009132420091324,0.0,0.3242009132420091,0.0,0.0,0.2602739726027397,0.0,0.0,0.0,0.0,0.0,0.0,0.2146118721461187,-10.290418188923649
s190,3.8335132670554968,1.8961602882614765,19.49548384882386,0.27207939878695586,32.84855497815525,1.7471942878937652,2.5073170731707317,0.2926829268292683,0.0,0.3983739837398374,0.0,0.1951219512195122,0.11382113821138211,0.0,0.0,0.0,0.0,0.0,0.0,0.0,-10.556882838857554
s191,3.381007947974018,1.8141162249619947,27.73645898370478,0.25322309859740416,41.397699975678805,3.5997697238985675,2.4941666666666666,0.0,0.0,0.36666666666666664,0.0,0.07333333333333333,0.15333333333333332,0.0,0.0,0.17666666666666667,0.23,0.0,0.0,0.0,-10.003465224562838
s192,2.99483670404633,2.2643084594510583,31.360756957703046,0.2261751930868064,45.87962591960262,5.901309970598357,2.4525949367088606,0.0,0.0,0.3639240506329114,0.0,0.0,0.10759493670886076,0.0,0.0189873417721519,0.10443037974683544,0.1550632911392405,0.08544303797468354,0.16455696202531644,0.0,-9.715700091979706
s193,3.7047537038177865,2.10380128792988,27.41341783133145,0.30228420890814084,45.161848606744805,2.6453709168563835,2.276303501945525,0.0,0.0,0.35797665369649806,0.0,0.0,0.1556420233463035,0.14007782101167315,0.0,0.0,0.2490272373540856,0.09727626459143969,0.0,0.0,-10.438150549178598
s194,3.5663957599034424,2.085994472730302,24.024402268418843,0.2645606837015739,41.689403936373864,5.364848913788392,2.264576271186441,0.3050847457627119,0.0,0.4576271186440678,0.0,0.0,0.11864406779661017,0.0,0.0,0.0,0.0,0.0,0.11864406779661017,0.0,-10.541404158558294
s195,3.7815495041229803,1.9153705603138191,25.608355777840117,0.4255379850172406,46.56064686880024,3.6170489063763136,2.1165000000000007,0.0,0.0,0.2818181818181818,0.0,0.0,0.32272727272727275,0.0,0.12727272727272726,0.0,0.2681818181818182,0.0,0.0,0.0,-10.648423434998103
s196,3.236223089858735,3.2841749742855506,28.30323750417302,0.33813488778767725,46.216678962510365,2.8671569592918758,2.475271317829457,0.0,0.0,0.0,0.3449612403100775,0.0,0.19767441860465115,0.0,0.0,0.0,0.0,0.18992248062015504,0.03875968992248062,0.22868217054263565,-10.657901751084092
s197,3.7089012852995937,2.264586741614198,29.767961536033965,0.24853902361970512,47.809150345751476,5.7697194669363325,2.2409056603773587,0.07169811320754717,0.0,0.4981132075471698,0.0,0.0,0.10566037735849057,0.0,0.2,0.0,0.0,0.0,0.0,0.12452830188679245,-10.443745339553523
s198,4.257054051192322,2.493405604566229,25.54623614199425,0.3466485899192794,42.92462807532367,3.711009591944904,2.276518218623482,0.0,0.0,0.3765182186234818,0.05263157894736842,0.0,0.19838056680161945,0.0,0.0,0.0,0.1659919028340081,0.20647773279352227,0.0,0.0,-10.413504825661196
s199,4.52776003938047,2.0478722476173967,25.851647591468225,0.3496050112984,45.09460331744836,3.854467233074111,2.1237500000000002,0.0,0.0,0.47413793103448276,0.0,0.0,0.21982758620689655,0.0,0.20689655172413793,0.0,0.04741379310344827,0.0,0.05172413793103448,0.0,-10.989786731418839
s200,3.715940266461824,3.0242643162592566,22.494061867630894,0.32939215131681204,36.41226264822749,2.824915960510151,2.605096525096525,0.015444015444015444,0.0,0.0,0.39768339768339767,0.0,0.16602316602316602,0.0,0.03474903474903475,0.0,0.0,0.16602316602316602,0.22007722007722008,0.0,-10.916391122295241
s201,3.8963624800907595,2.3240777836075663,31.086846963518195,0.26398506286752804,49.88787416899929,4.318194594401491,2.216044776119403,0.0,0.0,0.45149253731343286,0.0,0.0,0.12686567164179105,0.05223880597014925,0.19776119402985073,0.0,0.0,0.0,0.055970149253731345,0.11567164179104478,-10.515389774055645
s202,3.1430178856850315,1.8195975207758344,24.544422125694382,0.17271233856556653,33.80646821086207,1.8457619614267147,2.861698630136986,0.0,0.0,0.3917808219178082,0.0,0.33424657534246577,0.06301369863013699,0.0,0.0,0.21095890410958903,0.0,0.0,0.0,0.0,-9.613061696373963
s203,4.146883581208482,1.8114540132562382,27.573263018754012,0.2980621284149699,45.24843162051936,3.4153776499574886,2.270625,0.015625,0.0,0.375,0.0,0.0,0.1875,0.0,0.1875,0.0,0.234375,0.0,0.0,0.0,-10.52712053082935
s204,3.5955986616038116,1.8695029238820728,27.700798369958708,0.21092703896512086,41.34651185269701,5.247525055356156,2.375115511551155,0.0,0.0,0.5973597359735974,0.0,0.0,0.07260726072607261,0.0462046204620462,0.0,0.21122112211221122,0.07260726072607261,0.0,0.0,0.0,-9.705799929239562
s205,3.5115247188383205,2.968824676285684,29.782898344541387,0.3839004174248427,52.692820148034784,8.757666250548109,2.0643478260869563,0.0,0.0,0.391304347826087,0.0,0.0,0.2608695652173913,0.0,0.0,0.0,0.0,0.17391304347826086,0.0,0.17391304347826086,-10.4281007870753
s206,4.129427867432105,2.73159250844363,26.02848819256194,0.48302109735716,50.59743499114842,6.258405237791629,1.9783173076923075,0.0,0.0,0.3173076923076923,0.0,0.0,0.3701923076923077,0.0,0.0,0.0,0.0,0.11538461538461539,0.1971153846153846,0.0,-10.977046460456462
s207,3.9014643382708964,1.8814892820214641,24.299712972333918,0.2449443937816678,37.578244651204884,1.5944516411495173,2.5139222614840993,0.0,0.0,0.44876325088339225,0.0,0.1978798586572438,0.10600706713780919,0.0,0.24734982332155478,0.0,0.0,0.0,0.0,0.0,-10.611497349928875
s208,3.5835997053541297,2.108989938282167,22.26472401155244,0.28360744897311563,33.451925239031986,1.8269320169402323,2.7009836065573767,0.0,0.0,0.34098360655737703,0.0,0.32459016393442625,0.1540983606557377,0.0,0.0,0.13114754098360656,0.0,0.04918032786885246,0.0,0.0,-10.17030583948356
s209,3.037451386061333,2.48895703857724,31.89281480721438,0.2955389932606454,51.38286830051209,15.716328232258384,2.1999999999999997,0.0421455938697318,0.0,0.42528735632183906,0.0,0.0,0.19157088122605365,0.0,0.0,0.14559386973180077,0.0,0.0,0.0,0.19540229885057472,-9.716564851211603
s210,4.459464887434605,2.0844460689520385,23.58668927327769,0.4147036662404834,41.68810197137455,7.501770314991592,2.100657894736842,0.0,0.0,0.5,0.0,0.0,0.27631578947368424,0.0,0.0,0.15789473684210525,0.06578947368421052,0.0,0.0,0.0,-10.936688402846382
s211,3.271534888094639,1.824872261847972,27.535888424625174,0.2980034126129565,46.52615630367706,1.9142614885065024,2.230938775510204,0.0,0.0,0.33877551020408164,0.0,0.0,0.1469387755102041,0.2612244897959184,0.0,0.0,0.2530612244897959,0.0,0.0,0.0,-10.532786740554776
s212,3.5651088724968143,2.0521000968623193,27.444469903802165,0.2686210387311816,44.59726359367854,3.966984674179421,2.2237692307692307,0.0,0.0,0.5307692307692308,0.0,0.0,0.13076923076923078,0.0,0.25384615384615383,0.0,0.0,0.0,0.08461538461538462,0.0,-10.90155258156742
s213,3.554666925922806,2.4735560099486444,31.06899651850673,0.30016589002300137,53.58276211162753,2.846057612087738,2.106344537815126,0.037815126050420166,0.0,0.3949579831932773,0.0,0.0,0.14285714285714285,0.23949579831932774,0.0,0.0,0.0,0.0,0.0,0.18487394957983194,-10.63418769544808
s214,3.3367170360051897,1.7690211092916457,29.149164583194874,0.246198465908065,44.820758445127595,3.0661844544756685,2.3921678321678326,0.0,0.0,0.3356643356643357,0.0,0.0,0.12937062937062938,0.024475524475524476,0.1958041958041958,0.0,0.3146853146853147,0.0,0.0,0.0,-10.21110752820067
s215,4.002211061906993,2.687932461524103,28.856578767542644,0.27936191506645613,45.41923048619138,4.890264689108163,2.3243984962406015,0.0,0.0,0.42857142857142855,0.0,0.0,0.13157894736842105,0.0,0.0,0.0,0.07894736842105263,0.23308270676691728,0.12781954887218044,0.0,-10.131458735058448
s216,4.0706468750125016,2.3305036270678654,21.298697952020156,0.2790930057368686,33.90147780528653,2.897998865390163,2.7079553903345728,0.08921933085501858,0.0,0.0,0.3903345724907063,0.0,0.12639405204460966,0.0,0.0,0.0,0.2379182156133829,0.15613382899628253,0.0,0.0,-10.995547083709571
s217,4.128308201494564,2.1855273885146045,24.780905079947754,0.4305776291830597,45.571664426683554,3.530560388222541,2.0880184331797236,0.0,0.0,0.35944700460829493,0.0,0.0,0.29493087557603687,0.03686635944700461,0.05069124423963134,0.0,0.18433179723502305,0.07373271889400922,0.0,0.0,-10.810408414580087
s218,3.7255497341410377,1.8813857961045752,21.083350402196583,0.32528048021345646,35.47818964231702,2.185288029843952,2.5496311475409836,0.09836065573770492,0.0,0.0,0.30327868852459017,0.0,0.1598360655737705,0.14754098360655737,0.0,0.0,0.29098360655737704,0.0,0.0,0.0,-10.97492898810746
s219,5.066957917636119,2.79434122173169,25.637818364491373,0.27459193891392325,41.0205093831862,5.346387746968972,2.27625,0.0,0.0,0.625,0.0,0.0,0.08333333333333333,0.0,0.0,0.0,0.0,0.2916666666666667,0.0,0.0,-10.343104480384135
s220,3.285332262982892,1.7581473008533404,29.43453459334947,0.24080309828826266,45.431564263648085,2.746622514572343,2.382394366197183,0.0,0.0,0.352112676056338,0.0,0.0,0.11267605633802817,0.15492957746478872,0.0,0.08450704225352113,0.29577464788732394,0.0,0.0,0.0,-9.821186850466471
s221,4.597069990103391,2.0679911469533416,23.894102262529415,0.23000404544737404,36.67169705532593,2.7250978517942466,2.734355400696864,0.08362369337979095,0.0,0.0,0.3310104529616725,0.0,0.09059233449477352,0.05574912891986063,0.0,0.0,0.3205574912891986,0.11846689895470383,0.0,0.0,-10.83073347731525
s222,4.6797109479171635,2.666763275628758,24.9827579272504,0.42676896430057615,46.33554248045584,5.618060515606899,2.043225806451613,0.0,0.0,0.47465437788018433,0.0,0.0,0.2764976958525346,0.0,0.0,0.0,0.0,0.18433179723502305,0.06451612903225806,0.0,-10.989744049933684
s223,5.437679535106558,2.6487028194067603,23.180149171998114,0.3667370195869745,39.93076791672666,3.946149801652342,2.205466101694915,0.0,0.0,0.5127118644067796,0.06779661016949153,0.0,0.1864406779661017,0.0,0.0,0.0423728813559322,0.0,0.1906779661016949,0.0,0.0,-10.989205055479284
s224,4.453972703283158,2.4679737707063283,23.071718942043603,0.2921015597897927,39.20578813228389,6.287035019420776,2.234320987654321,0.14814814814814814,0.0,0.588477366255144,0.0,0.0,0.10699588477366255,0.0,0.0,0.0,0.0,0.15637860082304528,0.0,0.0,-10.667225847712235
s225,3.886868784313805,2.962007170021031,28.530502265246433,0.2953621868207869,45.48097714048107,4.14389947473463,2.328929889298893,0.0,0.0,0.36531365313653136,0.11070110701107011,0.0,0.13284132841328414,0.0,0.04059040590405904,0.01107011070110701,0.0,0.1881918819188192,0.0,0.15129151291512916,-10.21741581753126
s226,3.964529214225201,2.889957436059978,27.677769701676684,0.2616291590075097,43.67648051189445,7.089047330796932,2.297216117216117,0.05860805860805861,0.0,0.5421245421245421,0.0,0.0,0.07692307692307693,0.0,0.0,0.0,0.0,0.23076923076923078,0.0,0.09157509157509157,-10.093858866579163
s227,3.3762063682476167,2.1781452070520526,27.50672350511465,0.22766900443645316,45.30519165548294,4.683943083781557,2.3378571428571426,0.27380952380952384,0.0,0.38095238095238093,0.0,0.0,0.09523809523809523,0.023809523809523808,0.0,0.0,0.0,0.0,0.2261904761904762,0.0,-10.056162759283511
s228,4.669559327376346,1.954268455152153,22.64207450430523,0.5496595698514449,47.77228906402861,4.502092945156348,1.9512500000000002,0.109375,0.0,0.2708333333333333,0.0,0.0,0.4166666666666667,0.0,0.0,0.0,0.203125,0.0,0.0,0.0,-10.896699232516665
s229,4.482995546702683,3.1399996798019196,31.44529315043427,0.24357613786649296,46.5573515091381,2.682395666961012,2.635377049180328,0.0,0.0,0.0,0.3704918032786885,0.0,0.08852459016393442,0.0,0.08524590163934426,0.013114754098360656,0.0,0.1377049180327869,0.0,0.30491803278688523,-10.483519775652836
s230,3.2905546564232284,2.587464408729252,28.799883733648382,0.35787971239736666,47.9353769526496,2.831330282046575,2.2525403225806455,0.0,0.0,0.31451612903225806,0.0,0.10887096774193548,0.25,0.04032258064516129,0.0,0.10887096774193548,0.0,0.0,0.0,0.1774193548387097,-10.109175078797538
s231,3.360553022496803,2.4936297572219916,28.284770836290576,0.40832850455781006,53.09597332426474,7.130248512083629,1.9864953271028039,0.04672897196261682,0.0,0.37850467289719625,0.0,0.0,0.3037383177570093,0.0,0.11682242990654206,0.0,0.0,0.0,0.0,0.1542056074766355,-10.688348617252755
s232,3.5835301042892627,1.7843854696402226,29.533069964769673,0.19671924168793672,42.47012273694752,5.211811140001281,2.4793846153846153,0.0,0.0,0.47384615384615386,0.0,0.0,0.07692307692307693,0.0,0.046153846153846156,0.18153846153846154,0.22153846153846155,0.0,0.0,0.0,-9.95956625392107
s233,2.9010109397521964,2.901699589391851,33.59909546992638,0.32330308449004885,55.998492449877304,8.570068496654212,2.1392800000000003,0.032,0.0,0.332,0.0,0.0,0.212,0.0,0.056,0.0,0.0,0.1,0.0,0.268,-9.976871751273995
s234,3.8283538021020203,2.1352375682846207,25.6305063446205,0.3670944332588191,45.49911591409376,2.566218270976361,2.13938864628821,0.0,0.0,0.3930131004366812,0.0,0.0,0.21397379912663755,0.14847161572052403,0.0,0.0,0.1703056768558952,0.07423580786026202,0.0,0.0,-10.926876667795561
s235,3.79267335061256,1.8802351991163635,23.943567483457198,0.34562020734139953,42.69008155965231,4.1247070657313,2.183478260869565,0.15217391304347827,0.0,0.41739130434782606,0.0,0.0,0.20869565217391303,0.0,0.0782608695652174,0.0,0.14347826086956522,0.0,0.0,0.0,-10.78827387454434
s236,4.233330962044168,2.011715380872423,25.012621200720666,0.2754163791964009,40.357787581530864,4.289974320558979,2.2284410646387833,0.0,0.0,0.6197718631178707,0.0,0.0,0.11406844106463879,0.08745247148288973,0.030418250950570342,0.1482889733840304,0.0,0.0,0.0,0.0,-10.534534623091947
s237,3.9943765925172636,2.6966357487968637,26.29345643990503,0.3950337783930521,45.91543885774461,6.798763464701085,2.1276923076923078,0.0,0.0,0.39316239316239315,0.0,0.0,0.26495726495726496,0.0,0.0,0.05128205128205128,0.0,0.1111111111111111,0.1794871794871795,0.0,-10.58945837250706
s238,4.155797622787503,2.297601259684285,23.281395603902403,0.47245589182561487,47.03792173033337,4.9853523531585395,2.0153030303030306,0.16666666666666666,0.0,0.31313131313131315,0.030303030303030304,0.0,0.3383838383838384,0.0,0.0,0.0,0.0,0.0,0.15151515151515152,0.0,-10.936103925741497
s239,4.064159189546518,2.6380238822336564,22.78289857286452,0.254101327094072,33.73621519443398,1.6023425753831506,2.7614285714285716,0.0,0.0,0.3409090909090909,0.0,0.3344155844155844,0.09415584415584416,0.0,0.0,0.0,0.0,0.2305194805194805,0.0,0.0,-10.69097270044846
s240,3.7461226223819333,2.46106606310394,33.84359320582344,0.24218738768995607,53.669130054205276,3.193717135993495,2.2139179104477615,0.0,0.0,0.417910447761194,0.0,0.0,0.07462686567164178,0.20522388059701493,0.08955223880597014,0.0,0.0,0.0,0.0,0.2126865671641791,-10.362757383636707
s241,3.8303370425558545,2.421387226244087,28.579221687167163,0.2991501943194961,46.78254760256024,4.8092715160872626,2.2259143968871595,0.0,0.0,0.43190661478599224,0.0,0.0,0.17120622568093385,0.0,0.14007782101167315,0.0,0.0,0.07782101167315175,0.17898832684824903,0.0,-10.372570613532844
s242,3.7693760515739605,1.958141784680257,22.726691360897178,0.36398014593386013,38.73140358688111,1.5978890115910735,2.3486776859504133,0.0,0.0,0.39669421487603307,0.0,0.19008264462809918,0.2231404958677686,0.0,0.19008264462809918,0.0,0.0,0.0,0.0,0.0,-10.741285480467596
s243,3.8580982775619663,2.0615052044886064,29.52174120210038,0.2225677454118915,45.65384021964154,3.9861484466771313,2.308480565371025,0.0,0.0,0.5123674911660777,0.0,0.0,0.08480565371024736,0.0,0.26855123674911663,0.0,0.0,0.0,0.13427561837455831,0.0,-10.730438698376
s244,3.1903025428062852,2.4771672147570416,31.61838068881205,0.33826288382140257,54.697490680645664,6.232620661867293,2.0749789029535863,0.0,0.0,0.3881856540084388,0.0,0.0,0.24050632911392406,0.0,0.18143459915611815,0.0,0.0,0.0,0.0,0.189873417721519,-10.375626552310818
s245,3.2445985563629116,2.420346663197872,30.782768723096492,0.35887766203070876,54.1030480587756,3.5499718981315977,2.090818965517242,0.0,0.0,0.28879310344827586,0.0,0.0,0.2543103448275862,0.10344827586206896,0.07327586206896551,0.0,0.11637931034482758,0.0,0.0,0.16379310344827586,-10.460663240044214
s246,3.856024498433086,2.2415328385377133,28.170573835962454,0.3115334597368529,46.58271359802942,5.878901898026291,2.208181818181818,0.019762845849802372,0.0,0.42292490118577075,0.0,0.0,0.2015810276679842,0.0,0.10276679841897234,0.07114624505928854,0.0,0.0,0.18181818181818182,0.0,-10.297523499809985
s247,4.123169117004927,2.577983350592961,25.547761454013944,0.38797167719013065,45.3073582036029,5.2558108570191475,2.1033480176211454,0.0,0.0,0.45374449339207046,0.0,0.0,0.2422907488986784,0.0,0.07488986784140969,0.0,0.0,0.11894273127753303,0.11013215859030837,0.0,-10.844905031473681
s248,4.180694055307116,2.938467600440927,25.44962596079264,0.31132662572109154,39.99226936695983,3.5057965189819096,2.5854545454545454,0.0,0.0,0.0,0.32727272727272727,0.0,0.1781818181818182,0.0,0.014545454545454545,0.04363636363636364,0.0,0.12727272727272726,0.3090909090909091,0.0,-10.811586304373611
s249,4.058426746431454,2.2455941122124794,24.76306490419705,0.45223039903914214,46.08083382172321,3.394567436743006,2.0853738317757013,0.0,0.0,0.308411214953271,0.0,0.0,0.3177570093457944,0.0514018691588785,0.0,0.0,0.22897196261682243,0.09345794392523364,0.0,0.0,-10.820896592717775
s250,3.510480832673492,2.562834204831147,27.858384388788963,0.41947829779224083,52.956027982292525,11.967252919392674,1.9923696682464458,0.10900473933649289,0.0,0.35545023696682465,0.0,0.0,0.3175355450236967,0.0,0.0,0.04739336492890995,0.0,0.0,0.0,0.17061611374407584,-10.454251949090118
s251,3.8547906655301247,2.0760742875539546,25.814624799873343,0.23637685016884674,42.050237881554686,5.15035925665849,2.27984555984556,0.12355212355212356,0.0,0.5637065637065637,0.0,0.0,0.08108108108108109,0.0,0.138996138996139,0.0,0.0,0.04247104247104247,0.05019305019305019,0.0,-10.5735070255571
s252,4.567237068949429,2.653402559490006,27.279200763769023,0.27961169938387465,44.59100124846864,3.572931755639088,2.215960784313726,0.0,0.0,0.5450980392156862,0.0,0.0,0.08627450980392157,0.13725490196078433,0.0,0.0,0.0,0.16470588235294117,0.0,0.06666666666666667,-10.72388563920459
s253,3.8281590118846025,2.6931887132123586,26.375588218907183,0.4293421006095204,48.951303558819234,6.025815700480015,2.057351598173516,0.0319634703196347,0.0,0.3424657534246575,0.0,0.0,0.3105022831050228,0.0,0.0,0.0,0.0,0.1187214611872146,0.1963470319634703,0.0,-10.650115337625746
s254,2.873123624782814,2.6845352381267986,35.797847816297846,0.27710447354522044,54.72759980292647,20.05010175994873,2.2440068493150687,0.0,0.0,0.363013698630137,0.0,0.0,0.1780821917808219,0.0,0.0,0.1678082191780822,0.0,0.0,0.0,0.2910958904109589,-9.592581876526083
s255,3.531968947533707,2.302122077162013,28.634535626616458,0.30298421428171585,48.94271692208909,2.1641390222409944,2.160746887966805,0.0,0.0,0.36929460580912865,0.0,0.0,0.14522821576763487,0.2697095435684647,0.0,0.0,0.0,0.0,0.2157676348547718,0.0,-10.78222211474189
s256,4.971673838366404,2.5872879329012006,27.217231196712873,0.3938459424610876,49.71081069812848,4.821908868563744,2.026742081447964,0.0,0.0,0.4434389140271493,0.0,0.0,0.25339366515837103,0.058823529411764705,0.058823529411764705,0.0,0.0,0.08144796380090498,0.0,0.10407239819004525,-10.869773954578358
s257,3.4785349240970564,2.715340449011243,32.57961208999537,0.3145089009968854,55.43059001422829,2.988825320437738,2.0981632653061224,0.0,0.0,0.3469387755102041,0.0,0.0,0.16326530612244897,0.22448979591836735,0.0,0.0,0.0,0.024489795918367346,0.0,0.24081632653061225,-10.540447426127612
s258,3.3842305093327,2.259026424647052,31.236505442246912,0.24949981113939024,49.06072606183413,4.703783102631742,2.2627338129496404,0.0,0.0,0.44964028776978415,0.0,0.0,0.1223021582733813,0.0,0.24100719424460432,0.0,0.0,0.0,0.11151079136690648,0.07553956834532374,-10.576819885275688
s259,3.6081008155135184,3.072068557023385,27.535334127358766,0.40340593074809233,48.13428637530652,2.683690248013802,2.3015720524017467,0.0,0.0,0.0,0.30131004366812225,0.0,0.2794759825327511,0.0,0.1222707423580786,0.0,0.0,0.026200873362445413,0.0,0.27074235807860264,-10.621396645136201
s260,3.982874898293626,2.541554689505598,33.50664705075809,0.2530502734187546,52.46183595375839,3.8059370297923443,2.2293795620437957,0.0,0.0,0.41605839416058393,0.0,0.0,0.0948905109489051,0.18613138686131386,0.0,0.08029197080291971,0.0,0.0,0.0,0.22262773722627738,-10.07115159778432
s261,3.6578360631657514,2.5778888057631755,31.030962720272328,0.3392007213893626,54.18839758614719,2.762248687977151,2.0943589743589746,0.0,0.0,0.2905982905982906,0.0,0.0,0.2094017094017094,0.21794871794871795,0.0,0.0,0.0,0.0,0.1623931623931624,0.11965811965811966,-10.620526905704446
s262,3.5211474982203086,2.31028038411104,30.092558063392886,0.2661157088529927,49.507111652678624,2.3783215452877786,2.2370980392156863,0.03137254901960784,0.0,0.3411764705882353,0.0,0.0,0.11372549019607843,0.24705882352941178,0.0,0.0,0.0,0.0,0.26666666666666666,0.0,-10.359028499346783
s263,4.1906575371204635,1.8957755081654097,26.401584933872623,0.2489657494249539,42.46519986351804,4.240583283028147,2.2344569288389513,0.0,0.0,0.6217228464419475,0.0,0.0,0.10112359550561797,0.0,0.24344569288389514,0.033707865168539325,0.0,0.0,0.0,0.0,-10.741214678497705
s264,3.7493445599654,2.3139401033172264,32.293997615590975,0.23698434951120886,50.64285989717673,2.517368562329832,2.3025,0.0,0.0,0.322463768115942,0.0,0.0,0.09057971014492754,0.21739130434782608,0.05434782608695652,0.0,0.0,0.0,0.31521739130434784,0.0,-10.10965506732046
s265,3.1525721909233484,1.782597691145373,29.524891769329574,0.2076671927013925,42.76475354929805,5.8245203799903775,2.464024767801858,0.0,0.0,0.47368421052631576,0.0,0.0,0.09597523219814241,0.0,0.0,0.21362229102167182,0.21671826625386997,0.0,0.0,0.0,-10.017697734745616
s266,4.511353568364771,2.5329799408556726,25.36778299235658,0.44749852339841567,45.86495165018066,7.420922780279541,2.0948230088495574,0.0,0.0,0.3008849557522124,0.035398230088495575,0.0,0.336283185840708,0.0,0.0,0.11061946902654868,0.0,0.0,0.2168141592920354,0.0,-10.738088400529014
s267,3.687395255887992,2.464418773151992,29.81883316353995,0.40806185524533045,54.50491635630657,5.406580059027084,2.027219730941704,0.0,0.0,0.2825112107623318,0.0,0.0,0.3273542600896861,0.0,0.12556053811659193,0.0,0.1031390134529148,0.0,0.0,0.16143497757847533,-10.548835418823986
s268,3.631996232429385,2.2608339260951125,28.445545000433327,0.31942996210346974,48.43987735581035,5.042825347998372,2.121404255319149,0.0,0.0,0.48936170212765956,0.0,0.0,0.19148936170212766,0.0,0.22127659574468084,0.0,0.0,0.0,0.0,0.09787234042553192,-10.721899094898848
s269,3.8301356605581147,2.617005308833518,26.349885068210085,0.3783877431753034,47.77255585537281,4.520758394507469,2.0626905829596414,0.03587443946188341,0.0,0.4663677130044843,0.0,0.0,0.21973094170403587,0.08071748878923767,0.0,0.0,0.0,0.11210762331838565,0.0,0.08520179372197309,-10.806660668406144
s270,4.2590129357608415,2.3647447009957823,26.393448114314527,0.2912848315784426,43.421479155807816,4.922200488736876,2.223529411764706,0.0196078431372549,0.0,0.5294117647058824,0.0,0.0,0.13725490196078433,0.0,0.13725490196078433,0.0,0.0,0.09803921568627451,0.0784313725490196,0.0,-10.539538516167182
s271,4.129585159826279,2.385130828367751,23.400261096305215,0.33328637376652365,40.733787834309055,5.141124665068458,2.201191489361702,0.1276595744680851,0.0,0.5148936170212766,0.0,0.0,0.16170212765957448,0.0,0.0,0.0,0.059574468085106386,0.13617021276595745,0.0,0.0,-10.700181916729399
s272,3.331974238869087,2.5718827860233264,31.066297949328998,0.32065837363091415,51.57005459588613,2.660305574576021,2.2064658634538152,0.0,0.0,0.3333333333333333,0.0,0.0642570281124498,0.19678714859437751,0.13253012048192772,0.0,0.06827309236947791,0.0,0.0,0.0,0.20481927710843373,-10.225960327789672
s273,4.180968722121374,1.9405962821588274,25.25653152038328,0.3847773611756958,44.944693886666265,3.492415384703134,2.118716814159292,0.0,0.0,0.40707964601769914,0.0,0.0,0.2610619469026549,0.0,0.17699115044247787,0.0,0.15486725663716813,0.0,0.0,0.0,-10.958779858190516
s274,3.908431016504703,2.135458216265452,26.707858248583,0.2914142433274223,42.3909610573439,10.038707688024733,2.255421245421246,0.0,0.0,0.5457875457875457,0.0,0.0,0.1684981684981685,0.0,0.0,0.20146520146520147,0.0,0.0,0.08424908424908426,0.0,-9.942442613033286
s275,3.1684956267010485,2.7981774820657783,30.382155791854228,0.3367570139216606,52.337144283778095,8.606022141511822,2.127627118644068,0.09322033898305085,0.0,0.3686440677966102,0.0,0.0,0.211864406779661,0.0,0.038135593220338986,0.0,0.0,0.07627118644067797,0.0,0.211864406779661,-10.159936752543913
s276,3.2836876232192678,1.933167709367696,22.595053555206885,0.26494467219937706,33.410695304381754,1.8387844291534792,2.7211858974358973,0.0,0.0,0.3525641025641026,0.0,0.32371794871794873,0.14743589743589744,0.0,0.0,0.1762820512820513,0.0,0.0,0.0,0.0,-9.893091855676364
s277,3.753369095112522,2.5886216050583157,27.21430790976293,0.43476406030964126,53.89500193894229,9.50761916666397,1.9642574257425742,0.16831683168316833,0.0,0.32673267326732675,0.0,0.0,0.32673267326732675,0.0,0.0,0.0,0.0,0.0,0.0,0.1782178217821782,-10.580011071988698
s278,3.3033038035085975,2.310674752503127,30.156489088472135,0.2294106088701652,44.72484130512533,3.7698561830288733,2.478827361563518,0.0,0.0,0.36482084690553745,0.0,0.0,0.08794788273615635,0.0,0.0,0.0,0.30944625407166126,0.23778501628664495,0.0,0.0,-9.755722482554988
s279,3.9957791434281202,1.9907556169432972,25.311865501250832,0.41696876564473295,45.19975982366218,3.9304296405076626,2.1360444444444444,0.0,0.0,0.32,0.0,0.0,0.3022222222222222,0.04888888888888889,0.0,0.07555555555555556,0.24,0.013333333333333334,0.0,0.0,-10.54196564724137
s280,4.516291665542109,2.3635739456197578,24.16355808430196,0.2960862573253242,40.43368719439857,5.368484670206946,2.211832669322709,0.055776892430278883,0.0,0.5976095617529881,0.0,0.0,0.11952191235059761,0.0,0.10358565737051793,0.0,0.0,0.12350597609561753,0.0,0.0,-10.803324594837278
s281,4.982152735391242,3.0593093507002584,30.208864899716925,0.2731354111683688,46.991567621781954,7.352481885833541,2.284,0.0,0.0,0.49642857142857144,0.0,0.0,0.09642857142857143,0.0,0.0,0.0,0.0,0.26071428571428573,0.0,0.14642857142857144,-10.028986868010257
s282,3.047388007299533,2.6394695757946462,34.87188114110712,0.25069291541948846,56.53143464490036,4.712257493126025,2.2285057471264373,0.16091954022988506,0.0,0.31800766283524906,0.0,0.0,0.10727969348659004,0.11494252873563218,0.0,0.0,0.0,0.0,0.0,0.2988505747126437,-9.947558731361232
s283,4.006266441832253,2.6623001575105287,24.39136329856351,0.2591813585142506,37.29684652531669,1.7658078166384925,2.5568858131487886,0.0,0.0,0.4602076124567474,0.0,0.19377162629757785,0.08996539792387544,0.0,0.0,0.0,0.0,0.2560553633217993,0.0,0.0,-10.673985119175686
s284,4.2588138539333125,2.3949166925807175,25.393086248138307,0.5115915021832308,52.69748006334082,6.381294976371261,1.9191191709844562,0.09844559585492228,0.0,0.27979274611398963,0.0,0.0,0.40414507772020725,0.0,0.0,0.0,0.10362694300518134,0.015544041450777202,0.0,0.09844559585492228,-10.77011861141055
s285,3.088593384957463,2.60760861952417,30.617711655792295,0.34957536272862033,54.917482811182985,5.565152196792158,2.084159292035398,0.12389380530973451,0.0,0.3008849557522124,0.0,0.0,0.24336283185840707,0.05752212389380531,0.017699115044247787,0.0,0.0,0.0,0.06637168141592921,0.1902654867256637,-10.297642362819062
s286,4.775267967184548,1.8926103598166453,22.42459722230919,0.299348690428864,34.34504100890514,4.570575765462166,2.6929553264604813,0.0,0.0,0.0,0.3539518900343643,0.0,0.18213058419243985,0.0,0.0,0.16494845360824742,0.29896907216494845,0.0,0.0,0.0,-10.949663423252163
s287,4.664094529156913,2.4789745434136417,24.542032348782136,0.3008003932614213,39.59849391245216,7.739293518576059,2.242813688212928,0.0,0.0,0.6197718631178707,0.0,0.0,0.12927756653992395,0.0,0.0,0.10646387832699619,0.0,0.1444866920152091,0.0,0.0,-10.529325268806247
s288,5.164668474018944,2.6988839522593246,24.755108701499736,0.3225462089830267,41.14922042434723,2.6896908718704475,2.2662151394422314,0.0,0.0,0.549800796812749,0.0,0.05179282868525897,0.14741035856573706,0.0,0.0,0.0,0.0,0.250996015936255,0.0,0.0,-10.536615594475972
s289,3.944860900714273,2.9493514281743956,27.790436932846266,0.34783152029789777,44.8397847444084,3.5121230243690045,2.464866920152091,0.0,0.0,0.0,0.35361216730038025,0.0,0.23193916349809887,0.0,0.0,0.1482889733840304,0.0,0.0,0.0,0.2661596958174905,-10.488780763299864
s290,4.590954387551172,2.1467730400548426,21.517458047957177,0.36360626615865727,34.479782173232586,4.4032496365991,2.5965413533834583,0.0,0.0,0.0,0.31954887218045114,0.0,0.22180451127819548,0.0,0.0,0.10526315789473684,0.30451127819548873,0.04887218045112782,0.0,0.0,-10.986155809653136
s291,3.6736473583297107,2.3932389014462716,24.63622342179303,0.4346676451201091,49.02852383940989,8.206513289559716,1.9887562189054724,0.19900497512437812,0.0,0.39303482587064675,0.0,0.0,0.29850746268656714,0.0,0.0,0.0,0.0,0.0,0.0,0.10945273631840796,-10.857314677380343
s292,5.157303156841177,2.2757857695800983,22.473566280630664,0.35418356140290835,37.60882520432072,4.395916404120474,2.2532113821138213,0.0,0.0,0.5040650406504065,0.09349593495934959,0.0,0.1910569105691057,0.0,0.0,0.15853658536585366,0.0,0.052845528455284556,0.0,0.0,-10.970963976951431
s293,3.9630246021982543,1.8733663294777356,26.272753687028747,0.2587733853709649,44.024614286372504,2.4318985159399964,2.1995967741935485,0.020161290322580645,0.0,0.5443548387096774,0.0,0.0,0.0846774193548387,0.1975806451612903,0.10080645161290322,0.0,0.05241935483870968,0.0,0.0,0.0,-10.821777046422493
s294,3.9372286651712627,2.3084215607195717,23.712558160790657,0.36788863442403436,39.010982780655546,2.650917898282077,2.3716470588235294,0.0196078431372549,0.0,0.34901960784313724,0.0,0.14901960784313725,0.23921568627450981,0.0,0.0,0.12549019607843137,0.0,0.00784313725490196,0.10980392156862745,0.0,-10.51499637399545
s295,3.4687883095382532,2.4721457423366657,27.456045837901364,0.39292036964205085,52.41608750872077,5.058854969116974,2.0062857142857142,0.13333333333333333,0.0,0.37142857142857144,0.0,0.0,0.26666666666666666,0.0761904761904762,0.0,0.0,0.0,0.0,0.0,0.1523809523809524,-10.575974179137145
s296,3.927164098434349,2.1331934075475893,27.978995882804988,0.296117547802702,46.44513316545625,4.138564526866471,2.1924899598393575,0.0,0.0,0.46987951807228917,0.0,0.0,0.17269076305220885,0.0,0.2248995983935743,0.0,0.0,0.0,0.13253012048192772,0.0,-10.768474218962979
s297,3.901685166004882,2.7152280575087713,26.541031742161707,0.4003964808565197,47.32121938524954,4.275614429850728,2.159652173913044,0.05652173913043478,0.0,0.29130434782608694,0.0,0.030434782608695653,0.2826086956521739,0.0,0.0,0.0,0.0,0.1,0.2391304347826087,0.0,-10.442523321809679
s298,3.7976440486064575,2.2017522817362942,32.04366604631095,0.20671614278755754,47.75134548077707,4.061735483593538,2.3791776315789472,0.0,0.0,0.41776315789473684,0.0,0.0,0.0756578947368421,0.0,0.2532894736842105,0.0,0.0,0.0,0.2532894736842105,0.0,-10.417106072737866
s299,3.802961272209222,2.8164519078840464,28.40165377302114,0.40767598863496984,51.681697849268026,7.2528301322593585,2.0703153153153155,0.04954954954954955,0.0,0.2972972972972973,0.0,0.0,0.30180180180180183,0.0,0.0,0.0,0.0,0.0990990990990991,0.17117117117117117,0.08108108108108109,-10.45418981366769
s300,4.5486945786784165,2.6548349782761003,21.865767257604354,0.40621923067991117,37.15651359159338,1.865216129648279,2.380658436213992,0.0,0.0,0.3662551440329218,0.0,0.18930041152263374,0.23045267489711935,0.0,0.0,0.0,0.03292181069958848,0.18106995884773663,0.0,0.0,-10.92458759723714
s301,3.496628205883104,3.0907410854358157,31.75218978868913,0.31784120078163774,51.39885722044055,7.8521181818455394,2.2045173745173745,0.0,0.0,0.3783783783783784,0.0,0.0,0.1776061776061776,0.0,0.0,0.0,0.0,0.20463320463320464,0.05019305019305019,0.1891891891891892,-10.156925002733287
s302,4.7849210646173,2.7133534061923,23.833432593413832,0.3208347433465392,39.56661358645172,3.6727669534586784,2.2772047244094487,0.0,0.0,0.5236220472440944,0.07874015748031496,0.0,0.1377952755905512,0.0,0.0,0.027559055118110236,0.0,0.23228346456692914,0.0,0.0,-10.848793242602877
s303,3.925431266278865,2.1174570161298987,22.720519202962233,0.27869603842179563,35.930123390731,2.3163761794421407,2.6477573529411766,0.03308823529411765,0.0,0.0,0.31985294117647056,0.0,0.11764705882352941,0.1323529411764706,0.0,0.0,0.3125,0.08455882352941177,0.0,0.0,-10.890304139693061
s304,3.128745605855509,2.777326714480312,32.65432105708167,0.39455463839988786,57.96774823311397,23.79280300514859,2.013187772925764,0.0,0.0,0.2925764192139738,0.0,0.0,0.3318777292576419,0.0,0.0,0.10480349344978165,0.0,0.0,0.0,0.27074235807860264,-10.103541082010429
s305,4.192138427424514,1.9444704336230727,25.232496770929185,0.39937931441492724,45.25828785896818,3.7449562952885063,2.1100884955752215,0.0,0.0,0.3893805309734513,0.0,0.0,0.27876106194690264,0.030973451327433628,0.08849557522123894,0.04424778761061947,0.168141592920354,0.0,0.0,0.0,-10.679030685436128
s306,3.9109432107885427,2.2924352275438635,26.60155426343254,0.3275986728484817,44.69784968073356,4.794271308521068,2.1471255060728747,0.0,0.0,0.5222672064777328,0.0,0.0,0.17813765182186234,0.09716599190283401,0.0,0.12955465587044535,0.0,0.0,0.0,0.0728744939271255,-10.491604863877294
s307,4.412798947457268,2.0707194562922204,28.47630698706422,0.18554181946377393,40.75275933259853,5.135737622966348,2.5353726708074533,0.0,0.0,0.45652173913043476,0.11490683229813664,0.0,0.059006211180124224,0.0,0.0,0.2422360248447205,0.0,0.0,0.12732919254658384,0.0,-10.389687992202672
s308,4.0952206687323285,2.5196709383400444,25.681867855620354,0.3604967717935515,43.94854851349119,4.247167115212124,2.1951851851851854,0.0,0.0,0.448559670781893,0.0,0.0,0.20987654320987653,0.0,0.0,0.0,0.13580246913580246,0.205761316872428,0.0,0.0,-10.433652480376313
s309,3.1816487492950554,2.623421462022886,33.95132801962765,0.2931630610324347,55.71499982708128,4.238588101590168,2.1449609375,0.0,0.0,0.35546875,0.0,0.0,0.1640625,0.10546875,0.12109375,0.0,0.0,0.0,0.0,0.25390625,-10.404902831575457
s310,4.058262547342203,3.1304412684009706,25.845807540540743,0.33213521586590317,41.837900956250344,3.220846458712441,2.4725096525096526,0.019305019305019305,0.0,0.10810810810810811,0.3166023166023166,0.0,0.17374517374517376,0.0,0.0,0.05405405405405406,0.0,0.13513513513513514,0.0,0.19305019305019305,-10.949683251271251
s311,4.265997844127784,2.4885931558626386,21.982899930378487,0.31338716349442525,34.128148510698075,1.790122795000964,2.5914590747330957,0.0,0.0,0.3807829181494662,0.0,0.26334519572953735,0.15302491103202848,0.0,0.0,0.060498220640569395,0.0,0.1423487544483986,0.0,0.0,-10.626181072818662
s312,3.370700357347309,2.2448354649008264,30.794039795322696,0.2171883284660756,44.665228892314886,8.85726089363165,2.418633540372671,0.0,0.0,0.4658385093167702,0.0,0.0,0.09937888198757763,0.0,0.0,0.2111801242236025,0.0,0.0,0.2236024844720497,0.0,-9.886953571585575
s313,3.491386596710953,2.410555311667579,33.145477315869236,0.2556708053154388,52.16646145736234,5.617889798455267,2.224801444043321,0.0,0.0,0.44404332129963897,0.0,0.0,0.1263537906137184,0.0,0.23826714801444043,0.0,0.0,0.0,0.0,0.19133574007220217,-10.45462195212427
s314,3.128395200393446,2.550636405736069,35.524396715176984,0.26730253736677506,55.481922959658476,5.517384448193043,2.233201438848921,0.0,0.0,0.3345323741007194,0.0,0.0,0.15467625899280577,0.0,0.20503597122302158,0.0,0.046762589928057555,0.0,0.0,0.2589928057553957,-10.23356409972478
s315,3.6567300861706173,3.0373499130422283,30.939544292084488,0.31569764380184484,49.430041176702986,2.844025575600144,2.3125555555555555,0.0,0.0,0.3148148148148148,0.0,0.09259259259259259,0.17407407407407408,0.03333333333333333,0.0,0.0,0.0,0.16666666666666666,0.0,0.21851851851851853,-10.097499130102081
s316,3.714013026449866,2.8662352540250415,28.81557285272643,0.35696016907596245,48.62627918897585,5.575012452887697,2.19320987654321,0.0,0.0,0.32098765432098764,0.0,0.0,0.23868312757201646,0.0,0.0,0.0,0.0,0.16872427983539096,0.2716049382716049,0.0,-10.268068321167624
s317,4.246251837783666,2.5373238527450046,24.34098636809263,0.30199892153757085,39.379684952200776,2.098967733439151,2.3664566929133857,0.0,0.0,0.5078740157480315,0.0,0.11023622047244094,0.13385826771653545,0.0,0.051181102362204724,0.0,0.0,0.1968503937007874,0.0,0.0,-10.499343635121056
s318,3.2658243627367898,2.6361659252998533,34.163430692120684,0.32266725536153446,57.40385973437971,6.67511804877537,2.101902834008097,0.0,0.0,0.3319838056680162,0.0,0.0,0.23076923076923078,0.0,0.17408906882591094,0.0,0.0,0.0,0.0,0.2631578947368421,-10.257070731752524
s319,3.44373055593498,1.9392026698007296,28.471503672576,0.2200733531034934,42.08830977685146,7.439962335921233,2.395718954248366,0.0,0.0,0.5490196078431373,0.0,0.0,0.09803921568627451,0.0,0.0,0.22549019607843138,0.08496732026143791,0.0,0.042483660130718956,0.0,-9.933992129766684
s320,3.4779479607730748,1.7584501435744035,28.853595344423223,0.24109878407724944,44.707219160040395,3.3276892480972036,2.375709219858156,0.02127659574468085,0.0,0.37943262411347517,0.0,0.0,0.12411347517730496,0.0,0.20921985815602837,0.0,0.26595744680851063,0.0,0.0,0.0,-10.328436046809156
s321,3.8965954110387737,2.2134400711625846,24.654028231189386,0.43827692846236194,45.54727249490919,4.316139488317752,2.1188532110091747,0.05045871559633028,0.0,0.3073394495412844,0.0,0.0,0.3119266055045872,0.0,0.0,0.0,0.23394495412844038,0.0963302752293578,0.0,0.0,-10.48883121973118
s322,3.8161071107916142,2.792430193167657,27.478151272556687,0.387098914083265,49.46067229060201,7.891211637630417,2.0672,0.02666666666666667,0.0,0.4488888888888889,0.0,0.0,0.24888888888888888,0.0,0.0,0.0,0.0,0.1688888888888889,0.0,0.10666666666666667,-10.506262577654965
s323,3.894790311519437,1.7975181332878203,28.262757822428977,0.22290819414866922,43.964289946000605,3.340838923179438,2.3202857142857143,0.0,0.0,0.5285714285714286,0.0,0.0,0.08571428571428572,0.0,0.2714285714285714,0.0,0.11428571428571428,0.0,0.0,0.0,-10.638988702212151
s324,4.391314098254799,2.793457054444902,29.213389111283753,0.46866169081382975,59.33028510229793,11.525811482475437,1.891522842639594,0.116751269035533,0.0,0.24873096446700507,0.0,0.0,0.39086294416243655,0.0,0.0,0.0,0.0,0.0,0.0,0.2436548223350254,-10.590333928993292
s325,4.332931236989506,2.6621288533774417,25.53671505469808,0.26339476801895473,40.55831214569695,5.278089865952468,2.282777777777778,0.0,0.0,0.6296296296296297,0.0,0.0,0.07407407407407407,0.0,0.05555555555555555,0.0,0.0,0.24074074074074073,0.0,0.0,-10.596774018778975
s326,3.9436040962672907,2.3040247520276074,25.54453417290681,0.4223181911272454,48.99906100439399,6.438559674655894,1.9869194312796208,0.07582938388625593,0.0,0.43601895734597157,0.0,0.0,0.2938388625592417,0.0,0.10900473933649289,0.0,0.0,0.0,0.0,0.08530805687203792,-10.997592445440134
s327,4.190698937123367,1.8901860271492865,21.942887867641335,0.40803519611853073,41.191035119958265,3.6499786838170727,2.1978504672897197,0.205607476635514,0.0,0.2850467289719626,0.06074766355140187,0.0,0.2616822429906542,0.0,0.0,0.0,0.18691588785046728,0.0,0.0,0.0,-10.759028930695163
s328,3.5442030370879474,2.093862272360706,29.656863964359033,0.21434679750435723,43.580274276264646,9.458161960939647,2.3896485623003194,0.0,0.0,0.5463258785942492,0.0,0.0,0.0926517571884984,0.0,0.0,0.2268370607028754,0.0,0.0,0.134185303514377,0.0,-9.686176076480338
s329,3.7763873972598017,1.854207848491509,21.24640771842151,0.3495888881401497,38.951747483772735,3.369531368643322,2.2643181818181817,0.2590909090909091,0.0,0.33636363636363636,0.09090909090909091,0.0,0.19545454545454546,0.0,0.0,0.0,0.11818181818181818,0.0,0.0,0.0,-10.816494862480184
s330,3.995230510713597,2.8245031563350604,27.672404840200187,0.352590923706959,47.72487211570755,7.009854252870721,2.1294117647058823,0.0,0.0,0.4957983193277311,0.0,0.0,0.20168067226890757,0.0,0.0,0.0,0.0,0.2184873949579832,0.0,0.08403361344537816,-10.418214139880607
s331,4.2651299111801535,1.8830337089148856,24.590325130170747,0.2899766822998021,42.89440173082414,2.5126740357717923,2.1944827586206896,0.11637931034482758,0.0,0.47413793103448276,0.0,0.0,0.11637931034482758,0.1939655172413793,0.0,0.0,0.09913793103448276,0.0,0.0,0.0,-10.85167691138929
s332,4.97686339479402,2.465956924662288,25.320630173267674,0.2514273466181994,39.07000462219258,7.767576831714537,2.31794425087108,0.0,0.0,0.6480836236933798,0.0,0.0,0.07665505226480836,0.0,0.0,0.11846689895470383,0.0,0.156794425087108,0.0,0.0,-10.30477635592191
s333,3.969779490000517,2.4082776140903377,26.420950504740258,0.4618042629659779,50.43999641814051,7.819267443678857,1.9794761904761904,0.023809523809523808,0.0,0.3523809523809524,0.0,0.0,0.35714285714285715,0.014285714285714285,0.0,0.08095238095238096,0.06666666666666667,0.0,0.0,0.10476190476190476,-10.722816745622305
s334,3.2970114374120247,2.4212108417823317,30.86599480330913,0.3006630002838638,51.44332467218193,6.039000487591528,2.1507599999999996,0.028,0.0,0.432,0.0,0.0,0.18,0.0,0.192,0.0,0.0,0.0,0.0,0.168,-10.494377357914232
s335,4.469062600412186,2.7992550339429756,26.31196265776293,0.33579192735741853,44.15363596679394,4.426922577196791,2.234244897959184,0.0,0.0,0.44081632653061226,0.04081632653061224,0.0,0.17959183673469387,0.0,0.0,0.0,0.0,0.22448979591836735,0.11428571428571428,0.0,-10.526866704909375
s336,4.5821677162976755,2.3602442978866103,24.177753307781856,0.4165148538070256,42.96200780075082,6.632935043412636,2.103333333333333,0.0,0.0,0.46320346320346323,0.0,0.0,0.2727272727272727,0.0,0.0,0.09523809523809523,0.06060606060606061,0.06926406926406926,0.03896103896103896,0.0,-10.857990762188379
s337,4.0022605018328985,2.07836441913641,25.97797265380875,0.36947990643637646,45.31923696540358,3.832576832302249,2.161589958158996,0.0,0.0,0.39330543933054396,0.0,0.0,0.24686192468619247,0.0,0.11715481171548117,0.0,0.1799163179916318,0.06276150627615062,0.0,0.0,-10.583003519176433
s338,4.5803196137120725,2.2062689097728456,22.335538811083723,0.2819029730782777,38.00143756052437,3.953872395367084,2.2796326530612245,0.15510204081632653,0.0,0.5265306122448979,0.061224489795918366,0.0,0.10612244897959183,0.0,0.07346938775510205,0.0,0.0,0.07755102040816327,0.0,0.0,-10.917595660770559
s339,3.1110976148981226,2.2234676870425414,22.71947401291484,0.3295191025567126,39.50475705230715,2.0586627283142604,2.3862231759656654,0.24034334763948498,0.0,0.33047210300429186,0.0,0.16738197424892703,0.18454935622317598,0.0,0.0,0.0,0.0,0.0,0.0,0.07725321888412018,-10.371389972409554
s340,3.8328154800008627,1.6296652176335302,20.661493748304505,0.20678241530947974,33.821680849135426,2.628985752856513,2.6866536964980545,0.30739299610894943,0.0,0.06614785992217899,0.32684824902723736,0.0,0.08171206225680934,0.0,0.0,0.0,0.2178988326848249,0.0,0.0,0.0,-10.252218457686826
s341,3.0185672830221186,2.621854021123419,31.78822994425688,0.33134810003239246,52.22352062270773,8.550759638401598,2.189209486166008,0.0,0.0,0.32806324110671936,0.05533596837944664,0.0,0.24110671936758893,0.0,0.0,0.15019762845849802,0.0,0.0,0.0,0.22529644268774704,-9.834463406051125
s342,3.6631075932643675,2.383337685565746,28.936599918097798,0.30315578032831525,49.60559985959619,1.859047815215188,2.157,0.0,0.0,0.4083333333333333,0.0,0.041666666666666664,0.12916666666666668,0.2875,0.0,0.0,0.0,0.0,0.0,0.13333333333333333,-10.939340278828372
s343,3.4669389943182978,2.3246748533124757,29.105692518714893,0.2649643972314525,47.64435017394735,5.006045590640932,2.3030739299610894,0.17120622568093385,0.0,0.31906614785992216,0.0,0.0,0.1517509727626459,0.0,0.06614785992217899,0.0,0.0,0.0,0.2918287937743191,0.0,-10.298769795903246
s344,4.4798241039477045,1.9832808492376992,22.21882411412748,0.5298850316704442,46.61122884811527,5.306728161662787,1.9275647668393785,0.10880829015544041,0.0,0.38860103626943004,0.0,0.0,0.38341968911917096,0.0,0.0,0.031088082901554404,0.08808290155440414,0.0,0.0,0.0,-10.98452537354251
s345,4.20311435495038,2.0509090346614123,26.27740018285569,0.2723744119455546,41.14290085772834,10.8015513511865,2.2749999999999995,0.0,0.0,0.5985401459854015,0.0,0.0,0.14233576642335766,0.0,0.0,0.21897810218978103,0.0,0.0,0.040145985401459854,0.0,-9.885186709535024
s346,3.7218077087649566,1.769893480289381,20.24031907596876,0.21901451013904302,32.70539362885195,1.6346417131827435,2.646566037735849,0.2981132075471698,0.0,0.3584905660377358,0.0,0.26037735849056604,0.0830188679245283,0.0,0.0,0.0,0.0,0.0,0.0,0.0,-10.168903177464252
s347,3.6655672860959663,1.978502698249142,19.354749228528664,0.3448966707900047,32.70285214475533,1.74800916726376,2.515510204081633,0.18775510204081633,0.0,0.33877551020408164,0.0,0.2530612244897959,0.1836734693877551,0.0,0.0,0.036734693877551024,0.0,0.0,0.0,0.0,-10.645084151119399
s348,4.064585982585122,2.4165623476882017,24.91335156925677,0.4513828850333864,49.8267031385135,7.26441240815827,1.9791584158415843,0.1782178217821782,0.0,0.3564356435643564,0.0,0.0,0.3217821782178218,0.0,0.0,0.0,0.0297029702970297,0.0,0.0,0.11386138613861387,-10.7996159972388
s349,3.6565358728863258,2.4501327341547787,25.63965107318665,0.38899159882996437,47.3347404428061,5.52046253770097,2.1260648148148147,0.18518518518518517,0.0,0.28703703703703703,0.0,0.0,0.27314814814814814,0.0,0.0,0.0,0.0,0.0,0.25462962962962965,0.0,-10.518315417121872
s350,4.1184670399025896,2.2385878581031737,24.949668364533874,0.2904784977929229,41.58278060755648,4.8966136480618365,2.2022,0.028,0.0,0.6,0.0,0.0,0.124,0.0,0.152,0.0,0.0,0.096,0.0,0.0,-10.778044667205334
s351,4.0573387959828136,2.015147893711634,23.958309775143107,0.24212599125294035,38.05143317228614,2.7226257872603816,2.38262962962963,0.0,0.0,0.48518518518518516,0.14444444444444443,0.0,0.08148148148148149,0.0,0.24074074074074073,0.022222222222222223,0.0,0.025925925925925925,0.0,0.0,-10.873882119736479
s352,3.903402584262314,2.4751139945953775,27.63138190658902,0.3753639749623767,46.76080014961221,3.3882508240537628,2.215,0.0,0.0,0.36363636363636365,0.0,0.09090909090909091,0.2727272727272727,0.0,0.0,0.13636363636363635,0.0,0.0,0.0,0.13636363636363635,-10.260764348856059
s353,4.142832547672586,2.6329983877552503,25.502362750772047,0.3770610601895532,44.82233453165991,5.3701374894222065,2.1197844827586207,0.0,0.0,0.4827586206896552,0.0,0.0,0.22413793103448276,0.0,0.04741379310344827,0.0,0.0,0.15948275862068967,0.08620689655172414,0.0,-10.813757603402246
s354,3.816449960049629,2.1983506400525874,28.919927208974325,0.31699226642128425,48.13518085789017,4.272327651643176,2.207620967741936,0.0,0.0,0.3548387096774194,0.0,0.0,0.21370967741935484,0.0,0.18548387096774194,0.0,0.06451612903225806,0.0,0.1814516129032258,0.0,-10.566320418373943
s355,3.95817143086469,1.926476238710996,26.554660627013117,0.28296243942286603,41.538016623260745,6.468184099762579,2.3089642857142856,0.0,0.0,0.5071428571428571,0.0,0.0,0.16428571428571428,0.0,0.0,0.19642857142857142,0.13214285714285715,0.0,0.0,0.0,-10.059242990008824
s356,3.493090402273002,2.080816639882421,30.946350252258437,0.19894220272430183,46.26632562466353,4.777546923582153,2.4049337748344373,0.052980132450331126,0.0,0.4337748344370861,0.0,0.0,0.0695364238410596,0.0,0.16887417218543047,0.039735099337748346,0.046357615894039736,0.0,0.18874172185430463,0.0,-10.150710310181283
s357,3.890459113905976,2.7054120961582178,26.920596396913904,0.29869867469907535,44.51575744064844,6.182365770411545,2.2398814229249013,0.06719367588932806,0.0,0.49407114624505927,0.0,0.0,0.1383399209486166,0.0,0.0,0.0,0.0,0.18972332015810275,0.07905138339920949,0.03162055335968379,-10.19069736907994
s358,3.664933422624854,2.1624301424716634,29.382574035772027,0.23602346849534694,44.223772145677295,7.642939445341615,2.350677966101695,0.0,0.0,0.5050847457627119,0.0,0.0,0.1152542372881356,0.0,0.04745762711864407,0.17288135593220338,0.0,0.0,0.15932203389830507,0.0,-10.005054526452943
s359,3.7707332729375382,2.3074167288798835,31.997864197939492,0.24190626401104653,51.04421193480824,2.140414659176364,2.2759701492537316,0.0,0.0,0.3208955223880597,0.0,0.0,0.08582089552238806,0.2873134328358209,0.0,0.0,0.0,0.0,0.30597014925373134,0.0,-10.214139787498786
s360,3.036193012395717,2.999046957799631,35.78843981163551,0.29745167337769113,56.840463230244644,8.22159088306089,2.194037037037037,0.0,0.0,0.31851851851851853,0.0,0.0,0.17777777777777778,0.0,0.07037037037037037,0.0,0.0,0.12222222222222222,0.0,0.3111111111111111,-9.810492042449358
s361,3.101543884832439,2.7109145621930484,34.9236949270952,0.28818340631971073,55.83608709900846,5.112733888871423,2.2005243445692884,0.0,0.0,0.31835205992509363,0.0,0.0,0.16853932584269662,0.04868913857677903,0.10486891385767791,0.0,0.0449438202247191,0.052434456928838954,0.0,0.26217228464419473,-10.166633557038962
s362,4.102734261911684,2.0213422808881365,24.773471913306274,0.28810887020889236,40.4528845166647,4.468843723545296,2.2092248062015503,0.0,0.0,0.6124031007751938,0.0,0.0,0.12790697674418605,0.06589147286821706,0.06976744186046512,0.12403100775193798,0.0,0.0,0.0,0.0,-10.662456266839865
s363,4.243431528446291,2.081037008944813,24.532846523196778,0.24601914147373058,38.632183605493815,3.42639670980745,2.357591240875912,0.0,0.0,0.5364963503649635,0.09854014598540146,0.0,0.08759124087591241,0.0,0.16058394160583941,0.072992700729927,0.0,0.043795620437956206,0.0,0.0,-10.531399225745266
s364,3.7085906745508908,1.968694127004733,18.754938636960485,0.36415630165122737,32.92851821756419,1.6714964323788954,2.457826086956522,0.2391304347826087,0.0,0.3391304347826087,0.0,0.23043478260869565,0.19130434782608696,0.0,0.0,0.0,0.0,0.0,0.0,0.0,-10.819759680996246
s365,3.4111167055006293,2.5225574281240446,29.052889191211793,0.3951556233481167,53.06354141535379,5.009366625449853,2.0276470588235296,0.0,0.0,0.34841628959276016,0.03167420814479638,0.0,0.29411764705882354,0.0,0.1583710407239819,0.0,0.0,0.0,0.0,0.167420814479638,-10.701192935241806
s366,3.390275744136771,2.695423496828991,32.35608120282758,0.38369255896633503,58.661838278297154,5.742981582659202,1.9920179372197313,0.0,0.0,0.3004484304932735,0.0,0.0,0.3004484304932735,0.04035874439461883,0.10762331838565023,0.0,0.0,0.0,0.0,0.25112107623318386,-10.430632603257038
s367,3.4884161308202875,2.357274248567067,23.734801013396883,0.3923431745375822,44.373758416350725,5.551813800866858,2.1172093023255814,0.21395348837209302,0.0,0.3581395348837209,0.0,0.0,0.25116279069767444,0.0,0.0,0.0,0.0,0.0,0.17674418604651163,0.0,-10.88778552012131
s368,4.7273476269954,2.654836667831496,23.207804254530192,0.41854591580509354,39.737103687612844,2.3775301987647466,2.330042016806723,0.0,0.0,0.3025210084033613,0.0,0.1638655462184874,0.2689075630252101,0.0,0.01680672268907563,0.029411764705882353,0.0,0.10084033613445378,0.11764705882352941,0.0,-10.820186432636554
s369,3.314175678098941,2.3331455783934816,29.42791505001724,0.2860948525663465,46.31849351067802,8.357722156682373,2.281466165413534,0.0,0.0,0.4323308270676692,0.0,0.0,0.18045112781954886,0.0,0.0,0.15037593984962405,0.0,0.03383458646616541,0.20300751879699247,0.0,-9.878202358234818
s370,4.281506820320309,1.9328296977965942,26.504485653008114,0.22681589549631057,40.31471765115444,8.802249087594898,2.3223529411764705,0.0,0.0,0.657439446366782,0.0,0.0,0.08650519031141868,0.0,0.05190311418685121,0.2041522491349481,0.0,0.0,0.0,0.0,-9.858752432145119
s371,3.0227222906869313,2.819027530422722,31.37159699856038,0.24813745022399625,47.62631046931707,5.278308291639588,2.3920477815699654,0.04436860068259386,0.0,0.33447098976109213,0.0,0.0,0.10921501706484642,0.0,0.0,0.0,0.0,0.18771331058020477,0.3242320819112628,0.0,-9.78694500929814
s372,3.6623394667383544,2.323910464623477,24.56911433521238,0.4109156670809887,46.094267602345305,2.1550357069324955,2.1096226415094343,0.08018867924528301,0.0,0.36792452830188677,0.0,0.08018867924528301,0.25943396226415094,0.10849056603773585,0.018867924528301886,0.0,0.0,0.0,0.0,0.08490566037735849,-10.94652773625451
s373,4.033910102578268,1.9620129064196923,23.612092967634574,0.3119086661934168,39.896295014279154,6.195117464628129,2.2329795918367346,0.1306122448979592,0.0,0.5183673469387755,0.0,0.0,0.1673469387755102,0.0,0.0,0.11020408163265306,0.07346938775510205,0.0,0.0,0.0,-10.651508264111257
s374,3.4124542896228016,3.067879302807707,32.37179736762566,0.39915430897323395,58.217022685326775,10.341246245806747,2.013946188340807,0.0,0.0,0.2914798206278027,0.0,0.0,0.3094170403587444,0.0,0.0,0.0,0.0,0.13452914798206278,0.0,0.2645739910313901,-10.297201112312347
s375,5.167420501823562,1.9176671890609314,24.604554089667186,0.2205180539461226,37.031096559196044,3.943203822160176,2.477718120805369,0.0,0.0,0.5033557046979866,0.1610738255033557,0.0,0.087248322147651,0.0,0.0,0.2483221476510067,0.0,0.0,0.0,0.0,-10.714558810253827
s376,4.114243211766553,1.773779439433017,19.777192065267453,0.2149455799028211,31.43160881801432,1.5797839898689687,2.7235205992509366,0.2883895131086142,0.0,0.31835205992509363,0.0,0.31086142322097376,0.08239700374531835,0.0,0.0,0.0,0.0,0.0,0.0,0.0,-10.208324118841311
s377,3.8054456159856413,1.9395930019350616,23.503576411880665,0.33399734063865505,39.49240390295594,1.661334612512551,2.331578947368421,0.0,0.0,0.44129554655870445,0.0,0.15384615384615385,0.19433198380566802,0.0,0.21052631578947367,0.0,0.0,0.0,0.0,0.0,-10.788872250118636
s378,3.0061290091010617,2.3004615027649113,26.36906940565417,0.2954045421354644,45.997173700088524,8.272299857975465,2.191163793103448,0.2413793103448276,0.0,0.45689655172413796,0.0,0.0,0.15517241379310345,0.0,0.0,0.03017241379310345,0.0,0.0,0.0,0.11637931034482758,-10.228375533675054
s379,3.3576702934654246,2.4770266138368404,33.53180323394731,0.2881316117097293,54.23044720551973,5.541838012831148,2.183473282442748,0.0,0.0,0.3702290076335878,0.0,0.0,0.17938931297709923,0.0,0.20229007633587787,0.0,0.03435114503816794,0.0,0.0,0.21374045801526717,-10.271035976075533
s380,4.058142333005061,2.049723469048755,24.639299942084765,0.4185392713005479,43.59260758984229,5.37859271673907,2.1538695652173914,0.021739130434782608,0.0,0.34347826086956523,0.0,0.0,0.3,0.0,0.0,0.09130434782608696,0.2217391304347826,0.021739130434782608,0.0,0.0,-10.533799404404805
s381,4.693682897747513,2.769770506620866,22.58046114731438,0.25973759868835716,34.52779508769236,1.9956694035847138,2.6453979238754326,0.0,0.0,0.35294117647058826,0.12802768166089964,0.17301038062283736,0.08304498269896193,0.0,0.0,0.0,0.0,0.2629757785467128,0.0,0.0,-10.979002547257572
s382,3.8852550900157623,1.9479961420357952,24.41181747020911,0.3044992757435083,40.63282776291387,1.9825299316299818,2.2658498023715414,0.0,0.0,0.5217391304347826,0.0,0.07905138339920949,0.15810276679841898,0.0,0.24110671936758893,0.0,0.0,0.0,0.0,0.0,-10.997783054927233
s383,3.3871312821911648,2.6310938501720527,30.679108816449652,0.3420664796772394,53.345017568901326,1.9799329400452197,2.1379828326180257,0.0,0.0,0.296137339055794,0.0,0.06437768240343347,0.2017167381974249,0.22317596566523606,0.0,0.0,0.0,0.0,0.0,0.2145922746781116,-10.662022367024193
s384,4.222904291757751,2.1319519646330605,24.651962869392886,0.29882500604252193,39.65104871161388,9.583323729683798,2.2328838951310863,0.0,0.0,0.6217228464419475,0.0,0.0,0.149812734082397,0.0,0.018726591760299626,0.1797752808988764,0.0,0.0299625468164794,0.0,0.0,-10.311830291436324
s385,3.3590215587448964,1.702760409523062,30.697542066828152,0.19625274854248453,45.03271501312998,3.1431948679359007,2.472700964630225,0.0,0.0,0.36977491961414793,0.0,0.0,0.07395498392282958,0.0,0.24437299035369775,0.0,0.31189710610932475,0.0,0.0,0.0,-9.984941201425858
s386,3.542469314513559,1.9285399901749294,28.320861270105276,0.20873035244202987,42.00243676290973,4.666785218034965,2.4056677524429966,0.0,0.0,0.5472312703583062,0.0,0.0,0.06840390879478828,0.048859934853420196,0.0,0.17263843648208468,0.1270358306188925,0.035830618892508145,0.0,0.0,-9.72069458095372
s387,2.7468566134717034,2.724314702495176,35.270103536471524,0.31765677723001073,56.90820386559512,21.289962187514043,2.1536121673003805,0.0,0.0,0.3231939163498099,0.0,0.0,0.23954372623574144,0.0,0.0,0.14068441064638784,0.0,0.0,0.0,0.2965779467680608,-9.706804435615387
s388,3.404772974680811,2.5924386866555444,33.78529220778598,0.2773997206380756,55.93591425130126,2.5745780541102703,2.13924,0.0,0.0,0.36,0.0,0.0,0.112,0.284,0.0,0.0,0.0,0.0,0.0,0.244,-10.540116485917617
s389,3.057132145122228,2.3460553811429263,32.81385123326576,0.19995144432035689,47.09919164085134,8.493263493815453,2.4546846846846844,0.05405405405405406,0.0,0.3993993993993994,0.0,0.0,0.07807807807807808,0.0,0.0,0.17117117117117117,0.0,0.0,0.25225225225225223,0.04504504504504504,-9.896232939400758
s390,3.465651967945518,2.1219811684200027,21.307276294824533,0.3323270109842905,36.9743912174896,2.1083701792101484,2.4065677966101693,0.24152542372881355,0.0,0.3305084745762712,0.0,0.16101694915254236,0.18220338983050846,0.0,0.0,0.0,0.0,0.0,0.0847457627118644,0.0,-10.620440744324732
s391,3.189081836770274,2.253823404062073,29.116949451936783,0.23911288560508026,46.65728044707941,5.854237705095504,2.3494736842105266,0.20300751879699247,0.0,0.3533834586466165,0.0,0.0,0.12406015037593984,0.0,0.0,0.04887218045112782,0.0,0.0,0.2706766917293233,0.0,-10.150405394710425
s392,3.6578359004302508,2.4462711809364674,24.559650191330007,0.3478975594784278,43.704574356225066,5.84415521558883,2.170619469026549,0.16371681415929204,0.0,0.42920353982300885,0.0,0.0,0.19911504424778761,0.0,0.0,0.0,0.0,0.0752212389380531,0.13274336283185842,0.0,-10.556681422171334
s393,3.6539877067329067,1.9351666151646962,27.380978924677695,0.30136866925947786,45.695408536548236,2.2966285941230455,2.2510317460317464,0.0,0.0,0.3492063492063492,0.0,0.0,0.15476190476190477,0.19047619047619047,0.01984126984126984,0.0,0.25,0.03571428571428571,0.0,0.0,-10.496015731900425
s394,3.844256254541798,2.592219391592745,28.749561068182135,0.3424710640542437,49.37424618231277,3.1998135515031456,2.159535864978903,0.0,0.0,0.32489451476793246,0.0,0.0,0.2109704641350211,0.1308016877637131,0.0,0.0,0.0,0.0759493670886076,0.25738396624472576,0.0,-10.504603662462989
s395,4.17082206032209,1.9372673395548938,23.064000986782993,0.4896119504732183,46.358641983433856,3.66789352943325,2.0141293532338307,0.11442786069651742,0.0,0.3034825870646766,0.0,0.0,0.35323383084577115,0.03482587064676617,0.0,0.0,0.19402985074626866,0.0,0.0,0.0,-10.851733609562524
s396,4.079337538151366,2.394709662937327,25.755145906378925,0.46234005309879533,49.14743439015427,5.151288914422647,2.0102884615384613,0.019230769230769232,0.0,0.2932692307692308,0.0,0.0,0.3557692307692308,0.0,0.10096153846153846,0.0,0.04326923076923077,0.0,0.1875,0.0,-10.988973006303658
s397,3.0545047920672,2.685510176414919,33.47621641891166,0.3502265814871748,56.815268710969725,12.916196232779502,2.083609958506224,0.0,0.0,0.3278008298755187,0.0,0.0,0.27385892116182575,0.02074688796680498,0.0,0.11618257261410789,0.0,0.0,0.0,0.26141078838174275,-9.898213179975837
s398,3.5607879234739888,1.8102096320380676,24.547006185557045,0.2706991682948922,41.71274477685568,3.7430056477929425,2.2810288065843625,0.20164609053497942,0.0,0.4403292181069959,0.0,0.0,0.12757201646090535,0.03292181069958848,0.04938271604938271,0.0,0.14814814814814814,0.0,0.0,0.0,-10.456384170899344
s399,3.1318909900641856,2.645115939626654,33.57756129372841,0.22420539731201306,49.79306650387047,5.2692712197415865,2.4023355263157895,0.01644736842105263,0.0,0.34539473684210525,0.0,0.0,0.08881578947368421,0.0,0.08881578947368421,0.0,0.0,0.13157894736842105,0.2894736842105263,0.039473684210526314,-9.830489869399186
s400,3.528855729885481,2.688899614600845,29.687049685832513,0.4406794814090568,57.44993874387962,8.556909290204652,1.925885167464115,0.03827751196172249,0.0,0.3014354066985646,0.0,0.0,0.3588516746411483,0.0,0.0861244019138756,0.0,0.0,0.0,0.0,0.215311004784689,-10.673570219502912
s401,4.393591566760856,2.04984358585863,21.22718193444648,0.37219156139370385,34.220790270077316,1.8579910320856836,2.5224436090225564,0.0,0.0,0.3458646616541353,0.0,0.2744360902255639,0.23308270676691728,0.0,0.0,0.14661654135338345,0.0,0.0,0.0,0.0,-10.715931818148704
s402,3.75011861592765,1.8971463229029262,26.086288579500277,0.34449618249003955,46.10599841958191,1.9468805659846102,2.1501315789473683,0.0,0.0,0.35964912280701755,0.0,0.0,0.18859649122807018,0.24561403508771928,0.0,0.0,0.20614035087719298,0.0,0.0,0.0,-10.928812733402621
s403,3.1588333011260756,2.0757922308344154,25.91403718130974,0.22422205575933948,43.362822216724965,5.215919025804542,2.3274900398406375,0.3147410358565737,0.0,0.4342629482071713,0.0,0.0,0.08764940239043825,0.0,0.0,0.0,0.0,0.0,0.16334661354581673,0.0,-10.161843206328617
s404,4.573003986845238,2.6242521262863563,26.97633711970503,0.2628221095283892,42.28313514830175,4.3461305135761625,2.333010752688172,0.0,0.0,0.5412186379928315,0.0,0.0,0.08960573476702509,0.0,0.0,0.0,0.0967741935483871,0.2724014336917563,0.0,0.0,-10.258157407979256
s405,3.4789545835599838,2.1777938620477704,28.0515441541966,0.25475405434480725,45.47486350462933,6.030118629453958,2.3012260536398466,0.14942528735632185,0.0,0.421455938697318,0.0,0.0,0.13409961685823754,0.0,0.0421455938697318,0.05747126436781609,0.0,0.0,0.19540229885057472,0.0,-10.251948752613439
s406,4.976229338962521,2.764867400148818,24.452085280636055,0.2815702086892235,39.09405251454984,3.1852233284551383,2.387265917602996,0.0,0.0,0.46441947565543074,0.11610486891385768,0.0,0.09737827715355805,0.0,0.0,0.0,0.0449438202247191,0.27715355805243447,0.0,0.0,-10.711720919649906
s407,3.8079076637950418,2.318944363645343,29.95187635235527,0.29335834313368997,48.601157854765106,4.308177031546474,2.235813953488372,0.0,0.0,0.36046511627906974,0.0,0.0,0.18604651162790697,0.0,0.19767441860465115,0.0,0.0,0.0,0.2558139534883721,0.0,-10.482800312429845
s408,4.213871723654688,2.718054072569926,28.095265360283207,0.3313731801334246,48.105562271564025,4.031828448480719,2.1292857142857144,0.0,0.0,0.47478991596638653,0.0,0.0,0.1638655462184874,0.1134453781512605,0.0,0.0,0.0,0.13865546218487396,0.0,0.1092436974789916,-10.61331049810127
s409,3.9081101338825515,2.068128894176338,25.82622748127128,0.3843891457938676,45.91329330003787,2.7286391016406153,2.16175,0.0125,0.0,0.30833333333333335,0.0,0.0,0.25,0.11666666666666667,0.0,0.0,0.25416666666666665,0.058333333333333334,0.0,0.0,-10.690380518495969
s410,4.240919626986327,2.850348241487373,28.053265605409468,0.4691447247001859,55.03783537823186,9.718783460161061,1.919368932038835,0.0,0.0,0.3592233009708738,0.0,0.0,0.3640776699029126,0.0,0.0,0.0,0.0,0.1262135922330097,0.0,0.15048543689320387,-10.868072905344713
s411,4.511098245020745,2.1068149638316687,22.63014963791364,0.49055347291558965,45.726900299289476,4.705218360188906,1.991530612244898,0.11734693877551021,0.0,0.3826530612244898,0.0,0.0,0.34183673469387754,0.0,0.0,0.0,0.11224489795918367,0.04591836734693878,0.0,0.0,-10.948345238010697
s412,3.3400899665111563,2.4504817974846786,31.720637803611268,0.2344146173052075,46.2832942498146,5.48157348801485,2.403208722741433,0.0,0.0,0.46417445482866043,0.0,0.04672897196261682,0.1059190031152648,0.0,0.0,0.2087227414330218,0.0,0.0,0.0,0.17445482866043613,-9.487325268907213
s413,4.193535987460372,2.7358535983128474,26.90721167277714,0.3275783336417484,45.08776010032929,4.6520357112893755,2.200322580645161,0.0,0.0,0.47580645161290325,0.0,0.0,0.1693548387096774,0.03225806451612903,0.0,0.0,0.0,0.20161290322580644,0.12096774193548387,0.0,-10.472962662155705
s414,3.5751078363403197,2.036308136817104,29.79154094721608,0.24707278250929007,46.250955835180825,4.066959237642195,2.3588256227758007,0.03558718861209965,0.0,0.3487544483985765,0.0,0.0,0.13167259786476868,0.0,0.18861209964412812,0.0,0.15658362989323843,0.0,0.1387900355871886,0.0,-10.286588764082735
s415,4.054183161694585,2.4768079875292,25.325639913486526,0.391264823405151,44.31986984860143,4.197341721030329,2.1671428571428573,0.0,0.0,0.4025974025974026,0.0,0.0,0.24675324675324675,0.0,0.0,0.0,0.16883116883116883,0.18181818181818182,0.0,0.0,-10.561491950185768
s416,4.488552672199891,2.7025096972172387,23.853520914316622,0.32447475248942775,39.005757469951696,1.995473147028061,2.3635,0.0,0.0,0.49230769230769234,0.0,0.11923076923076924,0.15,0.0,0.0,0.0,0.0,0.23846153846153847,0.0,0.0,-10.590007136003765
s417,3.765274840680741,2.369942818819194,27.491640168382606,0.360768767065723,49.35507053851371,2.298594047107505,2.085833333333334,0.0,0.0,0.34210526315789475,0.0,0.0,0.2149122807017544,0.22807017543859648,0.0,0.0,0.0,0.0,0.2149122807017544,0.0,-10.983325030759906
s418,3.82505015920841,2.4128339676576327,28.19514813435859,0.27174412160254513,43.85911932011334,7.736964489445905,2.3040714285714285,0.0,0.0,0.5,0.0,0.0,0.1392857142857143,0.0,0.0,0.13214285714285715,0.0,0.08571428571428572,0.14285714285714285,0.0,-9.96241783880892
s419,3.7009826382263484,2.4129795388896307,34.21901810057186,0.21821327157978837,51.41450458327137,5.478560426584579,2.300769230769231,0.0,0.0,0.46153846153846156,0.0,0.0,0.07023411371237458,0.0,0.26421404682274247,0.0,0.0,0.0,0.0,0.2040133779264214,-10.58444108102582
s420,3.6417663402830227,2.2388199720535864,29.524959766791408,0.2344396907113055,44.512248988512965,2.6143747137188145,2.4515488215488217,0.0,0.0,0.3501683501683502,0.0,0.08754208754208755,0.1111111111111111,0.0,0.2255892255892256,0.0,0.0,0.0,0.2255892255892256,0.0,-10.438062948935196
s421,4.43344432399336,2.057049081674792,24.08785005092674,0.32597644743638754,40.81552369740364,3.8994505317095767,2.1522131147540984,0.0,0.0,0.5901639344262295,0.0,0.0,0.1598360655737705,0.09016393442622951,0.04918032786885246,0.11065573770491803,0.0,0.0,0.0,0.0,-10.997957479665383
s422,3.8710991250833047,1.9231250960685593,25.571803748386458,0.22469470709675526,37.92111385126576,2.6263259121798495,2.475559210526316,0.0,0.0,0.5723684210526315,0.0,0.10197368421052631,0.09539473684210527,0.0,0.0,0.23026315789473684,0.0,0.0,0.0,0.0,-9.684049509621083
s423,3.001849024143326,1.687278006689108,28.772401751748408,0.20363364050737418,43.83648643852771,3.54306575193947,2.460549828178694,0.12027491408934708,0.0,0.35051546391752575,0.0,0.0,0.08247422680412371,0.0,0.140893470790378,0.0,0.30584192439862545,0.0,0.0,0.0,-9.867178715628963
s424,3.3105782203893526,2.5957643703335225,26.78382107027586,0.3716546454697061,47.70868128142892,5.7738553408988675,2.153815789473684,0.11842105263157894,0.0,0.31140350877192985,0.0,0.0,0.2543859649122807,0.0,0.0,0.0,0.0,0.06578947368421052,0.25,0.0,-10.377244757875648
s425,3.7208203243068674,1.690893875245644,21.42275831357273,0.2308302803979527,34.514443949644985,2.586907815378078,2.69551724137931,0.23754789272030652,0.0,0.0,0.31800766283524906,0.0,0.09961685823754789,0.0421455938697318,0.0,0.0,0.30268199233716475,0.0,0.0,0.0,-10.444411785539893
s426,3.4933155420590327,2.2477362587170915,30.325160420252367,0.25494303938153834,46.62901010856011,5.510873779318838,2.3200000000000003,0.0,0.0,0.42657342657342656,0.0,0.0,0.13986013986013987,0.055944055944055944,0.0,0.15384615384615385,0.0,0.0,0.22377622377622378,0.0,-9.917910557915263
s427,3.76597043521927,2.534191944869268,27.338472223767138,0.43003872648806835,53.61525620583455,4.092270264000575,1.9434653465346536,0.07425742574257425,0.0,0.3564356435643564,0.0,0.0,0.30198019801980197,0.11386138613861387,0.0,0.0,0.0,0.0,0.0,0.15346534653465346,-10.910880531587381
s428,3.147404751675261,2.537023209007717,30.83872569520207,0.33237807623997523,50.804823741454726,19.318880187213715,2.1471984435797666,0.0,0.0,0.42412451361867703,0.0,0.0,0.23346303501945526,0.0,0.0,0.15953307392996108,0.0,0.0,0.0,0.1828793774319066,-9.862076698692452
s429,3.4866007397641665,2.8529393393916447,36.77783305977634,0.26065688628046607,57.6743291164674,3.6278751275933057,2.215217391304348,0.0,0.0,0.322463768115942,0.0,0.0,0.10144927536231885,0.18478260869565216,0.0,0.0,0.0,0.07608695652173914,0.0,0.31521739130434784,-10.048082106919205
s430,4.424956106619144,1.830966699328553,25.75893630665174,0.2238020835493611,38.83453849276935,1.8880141613340506,2.5446127946127945,0.0,0.0,0.4107744107744108,0.0,0.16498316498316498,0.09090909090909091,0.0,0.24579124579124578,0.0,0.08754208754208755,0.0,0.0,0.0,-10.419308544158019
s431,4.090724842117633,1.9898875518836296,25.106151140673553,0.31756984478835987,41.51540025222488,6.31263040596965,2.195612648221344,0.0,0.0,0.5691699604743083,0.0,0.0,0.18181818181818182,0.0,0.07509881422924901,0.1383399209486166,0.03557312252964427,0.0,0.0,0.0,-10.526027524775422
s432,3.7129249418889465,2.206083793964493,28.033305426390957,0.283652062229672,43.961319873204,9.429323018753294,2.279202898550724,0.0,0.0,0.4927536231884058,0.0,0.0,0.17028985507246377,0.0,0.0,0.19202898550724637,0.0,0.0,0.14492753623188406,0.0,-9.900718686867172
s433,3.1942551545207123,2.6842322035470514,30.89144486348387,0.34572848408038864,51.2797984733832,9.309462077549695,2.1793172690763054,0.0,0.0,0.30522088353413657,0.0,0.0,0.2570281124497992,0.0,0.0,0.08835341365461848,0.0,0.05220883534136546,0.21285140562248997,0.08433734939759036,-10.00444700591433
s434,3.840609986324838,3.1747572969404563,23.85767491946075,0.3831847346254959,39.81652503450546,3.275682672142461,2.479635627530364,0.0,0.0,0.0,0.3117408906882591,0.0,0.23076923076923078,0.0,0.0,0.0,0.0,0.1700404858299595,0.2874493927125506,0.0,-10.820637292747408
s435,3.708230755660001,2.8137552316559975,28.682510129880455,0.33162803814368363,47.61296681560154,5.485492361862401,2.2189156626506024,0.0,0.0,0.3855421686746988,0.0,0.0,0.20080321285140562,0.0,0.0,0.0,0.0,0.19678714859437751,0.21686746987951808,0.0,-10.232666351364976
