# c0 + a0 * (O - NBI) + a1 * (face-area-avg - SBI) + a2 * (face-area-avg - E_T)
# Property Label: $ln_{D}$; Unit of the Property: Unitless
# RMSE: 0.196367591853577; Max AE: 0.81632762883427
# Coefficients
# Task   a0                      a1                      a2                      c0
# all , -2.371234055965786e-01,  2.170671630837953e-01,  1.780481251812032e-02,  8.688528849824527e-16, 
# Feature Rung, Units, and Expressions
# 0;  1; Unitless;                                         12|5|sub; (O - NBI); $\left(O - NBI\right)$; (O - NBI); (newdata$O - newdata$NBI); O,NBI
# 1;  1; Unitless;                                         33|6|sub; (face-area-avg - SBI); $\left(face-area-avg - SBI\right)$; (face_sub_area_sub_avg - SBI); (newdata$face_sub_area_sub_avg - newdata$SBI); face-area-avg,SBI
# 2;  1; Unitless;                                         33|0|sub; (face-area-avg - E_T); $\left(face-area-avg - E_{T}\right)$; (face_sub_area_sub_avg - E_T); (newdata$face_sub_area_sub_avg - newdata$E_T); face-area-avg,E_T
# Number of Samples Per Task
# Task, n_samples               
# all , 1041                  

# Sample ID , Property Value        ,  Property Value (EST) ,  Feature 0 Value      ,  Feature 1 Value      ,  Feature 2 Value      
s1          , -1.176056511198248e+00, -9.819096157559535e-01,  6.771011419179580e-01, -1.582640011264584e+00, -2.683622246157582e+01
s2          , -1.455476726264239e+00, -1.355057972142143e+00,  3.526237973783930e-03,  1.177567846265869e-02, -7.620287662795168e+01
s3          ,  1.360540424298584e+00,  1.245259853239171e+00, -3.893086028757597e-01,  1.206896115432807e+00,  5.004086140624145e+01
s4          ,  5.214207269978391e-01,  4.848449069731147e-01,  3.738125043128819e-01,  1.952479413756057e+00,  8.405897763568900e+00
s5          ,  9.232192651096478e-02,  1.134418401286486e-01, -3.521929928688239e-01,  8.768228366367881e-01, -9.008845629812154e+00
s6          , -8.371953399684261e-01, -6.145113496396124e-01,  4.545815720629116e-01, -1.711534648812994e+00, -7.593533954685309e+00
s7          , -7.203728580649982e-01, -6.462952749982790e-01,  8.346125789566309e-01, -2.545731535167567e+00,  5.852666198163366e+00
s8          , -2.733255709368181e-01, -5.132308312802150e-01,  3.029828671541472e-01,  1.897828652068606e+00, -4.792764779962833e+01
s9          , -1.521729831673386e+00, -1.125318739509561e+00, -3.745022806556939e-01, -1.652148719594627e+00, -4.804851268592360e+01
s10         ,  3.230218919710685e-01,  5.599355955888422e-01, -2.669436894858681e-01,  1.083522545167470e+00,  1.468366114793559e+01
s11         ,  4.593978616455925e-01,  1.659006080046923e-01, -7.214896219785819e-01,  5.400529887577156e-01, -6.875064723171994e+00
s12         ,  2.356762313996669e-01,  3.949537455664843e-01,  1.107811850553975e+00,  1.365653527583807e-01,  3.527125096050094e+01
s13         ,  1.907045033118390e+00,  1.719729332025317e+00,  3.866859357281260e-02,  1.826974602612325e+00,  7.482933983448569e+01
s14         ,  1.054844414236797e+00,  9.664039973269256e-01, -2.773967692930105e-01,  2.451077748303628e+00,  2.070104568601792e+01
s15         , -6.375331890789701e-01, -6.939892449100218e-01, -8.961064749814802e-01, -1.008341907565017e+00, -3.861872435002347e+01
s16         , -1.315170182182296e+00, -1.031749512637470e+00,  4.118975937842673e-02, -2.314523846802884e+00, -2.918173559951152e+01
s17         ,  8.942625882950092e-01,  6.518653578972357e-01, -5.646490520765064e-01, -2.668930294443895e-01,  3.234561239351408e+01
s18         , -4.582075442603601e-01, -7.615100888977354e-01,  8.190703191687289e-01, -5.586640251626935e-01, -2.505062773788859e+01
s19         , -7.693791289946220e-01, -7.506285311704028e-01, -1.176372160922948e+00, -2.464134190905612e+00, -2.778413338732647e+01
s20         ,  3.128393520635399e-01,  2.981110779086494e-01,  4.285282448525507e-01,  2.180030955308510e+00, -4.127422297003930e+00
s21         , -1.098688503016758e+00, -1.471645438467853e+00,  6.959100072016592e-01, -2.162973388135784e+00, -4.701641140737232e+01
s22         ,  1.599324596570011e+00,  1.817094284178196e+00,  2.051701605372631e-01,  3.120966335333810e+00,  6.673957513853665e+01
s23         , -1.314277649873613e+00, -1.108759766881540e+00, -1.672968435191875e+00, -1.502360278660310e+00, -6.623752173020631e+01
s24         ,  1.052755589569482e-01,  1.932652266584604e-01, -5.334876286296116e-01,  1.331965546676531e-01,  2.125842382299683e+00
s25         , -1.088909426848386e+00, -1.376283195417378e+00,  4.884913901274324e-03, -3.770794701663969e+00, -3.126172538851428e+01
s26         ,  1.095156312501731e+00,  1.071217269849073e+00,  4.657268837279624e-01,  2.843635733744078e+00,  3.169884953602299e+01
s27         ,  2.628094430707173e-03,  8.474473518180933e-02, -7.256750212940022e-02,  7.353987162584841e-01, -5.172401059473128e+00
s28         ,  1.859558668493155e+00,  1.659770366632425e+00, -5.908136736038818e-01,  1.953587873767589e+00,  6.153475851350770e+01
s29         , -1.265074927670763e+00, -1.479110417227211e+00, -4.936949341677624e-01, -3.035664087538105e+00, -5.263936639780698e+01
s30         ,  1.657227749413040e+00,  1.523916676382009e+00, -2.518075632023571e-01,  1.603664730830598e+00,  6.268553822994043e+01
s31         ,  2.746080273692961e-01,  3.007072515909083e-01,  6.109609940890991e-01, -3.639010605072972e-02,  2.546949033129222e+01
s32         , -6.897019771020165e-01, -6.843012916041828e-01, -1.346625601165517e+00, -1.036295705162720e+00, -4.373379223106271e+01
s33         , -1.405625106938475e+00, -1.790056171925795e+00,  2.073291006563499e-01, -2.397038544536784e+00, -6.855310785168747e+01
s34         , -1.474210819660272e+00, -1.263494084482228e+00,  2.811799983203311e-01,  2.638739906890110e-01, -7.043590619047600e+01
s35         , -1.171464689733801e+00, -1.079348267741592e+00,  4.357814756176404e-02, -2.913015634264689e+00, -2.452678615903116e+01
s36         , -1.148641161041122e+00, -7.785541622772599e-01,  5.701541119950904e-01,  7.823104427792693e-02, -3.708765075175851e+01
s37         , -1.078435221245579e+00, -8.588430940279550e-01,  3.009091284362093e-01, -6.854324030608913e-03, -4.414551668241109e+01
s38         , -4.378262290801383e-01, -4.788735455719068e-01,  1.831719783347543e-01, -1.201637555330741e+00, -9.806513092514727e+00
s39         , -6.410161109102297e-01, -4.593530669856268e-01,  1.532446785815520e+00, -3.484521853370946e+00,  3.709116321809596e+01
s40         ,  1.431814259493607e-01,  2.843556570903132e-01,  6.286290457753483e-01,  4.583138012864642e-02,  2.378400947416752e+01
s41         ,  3.398432822287206e-01,  4.514805412820947e-01,  5.391824368044018e-01,  5.590096886493278e-01,  2.572285831246153e+01
s42         ,  8.067612274639525e-01,  4.435777259160942e-01,  1.677422926183827e-01,  1.810886174023744e+00,  5.069945277405808e+00
s43         , -1.242741757202650e+00, -1.307201252022291e+00,  7.239603594897858e-01, -3.845777868684480e+00, -1.689100707751318e+01
s44         ,  1.711958335245295e-01,  4.369892359363495e-01, -1.042775957843105e-01,  1.826622371219463e+00,  8.853135147872753e-01
s45         ,  4.644113787063103e-01,  4.850470622653399e-01, -2.764256140352523e-01,  1.140835756740121e+00,  9.652564318559053e+00
s46         ,  5.605068277705415e-02, -1.654217110074585e-01,  4.008753732898298e-01,  1.010440340082480e+00, -1.627078044576278e+01
s47         ,  9.066999267258494e-01,  6.192330662153828e-01, -1.153526498970985e+00, -2.967216689792274e-01,  2.303385474162747e+01
s48         ,  1.579727584566370e+00,  1.770757255516921e+00, -5.779387051813067e-02,  3.617324791996822e+00,  5.458358770004183e+01
s49         , -6.435089824614265e-01, -5.938500481612801e-01, -9.335049720036894e-01,  6.809973884333760e-01, -5.408807851578037e+01
s50         , -2.217827055817793e-02, -1.382325461134692e-01,  2.532695283949011e-01,  1.601587546906516e+00, -2.391648200791724e+01
s51         , -9.869737286665018e-01, -1.081772858258713e+00, -1.019498454371124e-01, -1.917010450203905e+00, -3.874388073892967e+01
s52         , -6.291725742859308e-02,  2.422775449112147e-01, -5.714515551220436e-01,  8.840456935637617e-01, -4.780970573236051e+00
s53         ,  7.061953554227811e-01,  8.073279234259019e-01,  4.701822200991296e-01, -1.692095421477176e+00,  7.223426161915428e+01
s54         , -1.923256326608463e+00, -1.995611285646619e+00, -1.126561508774055e+00, -2.470033674840475e+00, -9.697278097957516e+01
s55         ,  1.449677165676465e-01,  1.127863089502697e-01,  3.371476175625945e-01,  1.518647962040196e+00, -7.689870617184286e+00
s56         , -1.428251212735210e+00, -1.549540908378446e+00, -3.344571542117003e-01, -3.399121642984703e+00, -5.004325852266332e+01
s57         , -7.632144013758455e-01, -7.323351070189200e-01, -2.715916514520232e-01, -2.457448947389274e+00, -1.478838222204278e+01
s58         , -2.465293161402924e+00, -2.744684532757907e+00,  4.803580528028757e-01, -3.582257645729811e+00, -1.040836509169482e+02
s59         , -8.768884797438996e-03,  1.259213064747214e-01,  2.695135491983160e-01,  9.460027830447706e-01, -8.714982679017430e-01
s60         ,  1.714446572989188e+00,  1.589483124860443e+00, -3.526583800614702e-01,  2.530844153601158e+00,  5.372122886243458e+01
s61         ,  1.653657662090557e+00,  1.297299843805618e+00, -9.282483139142694e-02,  2.064192439226812e+00,  4.646050083247385e+01
s62         ,  2.913807026429409e-01,  4.029781393708285e-01, -4.927940422748091e-01,  1.463393171059105e+00, -1.770839556832761e+00
s63         , -1.790911115854549e+00, -1.288417727624985e+00, -4.548420026311273e-01, -1.166153604943881e+00, -6.420386378057860e+01
s64         , -5.454632126173593e-01, -5.737706078297604e-01, -5.393058155592612e-01, -3.333293924534856e+00,  1.229780792565722e+00
s65         , -1.096531543219279e+00, -8.431620372652479e-01,  2.322442986438916e-01, -1.485544298171096e+00, -2.615183907874532e+01
s66         , -9.925198589409868e-01, -6.198212444940117e-01, -7.638177072689105e-01, -1.617224117795251e-01, -4.301284692468004e+01
s67         , -4.301391331597769e-01, -3.674544617731271e-01,  4.209459219250875e-01, -2.036322897428025e+00,  9.794009518243751e+00
s68         , -1.496017763262518e+00, -1.238660646451271e+00, -6.433780658110536e-01, -1.138560997290165e+00, -6.425658442954936e+01
s69         , -5.130334975012112e-01, -5.005913792770730e-01, -7.567822754981549e-01, -2.094461471899010e+00, -1.265968735225371e+01
s70         , -1.298331351434060e+00, -8.035077321545534e-01,  4.838900894585221e-01, -1.707546643705505e+00, -1.786672901506576e+01
s71         ,  8.978734253548585e-01,  5.114805924243327e-01,  5.103266617615287e-02,  2.258301539518788e+00,  1.874691093748611e+00
s72         , -8.703072211857277e-01, -6.049723043297177e-01, -5.433711297340562e-01, -2.228745715841153e+00, -1.404287785046067e+01
s73         ,  1.052659824554331e+00,  8.149243463187231e-01, -1.036892526965335e+00, -5.616331623823717e-01,  3.880776479033254e+01
s74         , -1.304189005820537e+00, -1.767527345666501e+00, -1.808411567227888e-01, -3.321348869452999e+00, -6.118869484349480e+01
s75         , -7.491961797362119e-01, -8.200570757255441e-01,  1.058759165563330e+00, -1.854893540942606e+00, -9.343766903268277e+00
s76         ,  1.130323653742102e+00,  9.360763377109551e-01, -4.742141785738135e-01,  1.917590755069982e+00,  2.288050329830722e+01
s77         ,  1.083046725976420e+00,  1.272957280689808e+00, -1.925234905213198e-01,  1.783781888992347e+00,  4.718415203199908e+01
s78         ,  1.592651226510811e+00,  1.536422059353623e+00, -1.619551673597364e-01,  2.257225376474225e+00,  5.661666971092190e+01
s79         , -5.815008980639539e-01, -3.336055175626272e-01, -8.376958117949120e-01, -1.016102283136788e+00, -1.750539978945326e+01
s80         , -2.983814549448998e-01, -4.090637775396705e-01,  1.089925995406102e-01,  2.593273229644152e-01, -2.468492869613088e+01
s81         ,  1.752594407670262e+00,  1.559056743813957e+00, -5.381961120271959e-01,  1.205502616587168e+00,  6.569924926690857e+01
s82         ,  2.898444462079387e-01,  4.715005369839403e-01,  7.182066756090077e-02,  1.684843953781755e+00,  6.897382427190768e+00
s83         ,  1.476200951700887e+00,  1.624278995998512e+00, -7.977098680941208e-01,  2.334756422376032e+00,  5.213895745076929e+01
s84         , -3.835514085014881e-01, -7.514799493465891e-01,  1.653014825754807e-01,  1.206694188308534e+00, -5.471648645682087e+01
s85         ,  4.460752375789071e-01,  4.220829519882253e-01,  4.900054535621379e-01,  2.521543591746297e-01,  2.715784184755761e+01
s86         , -5.546686089820558e-01, -4.273639760978066e-01,  1.258994508304948e+00, -1.485381581772774e+00,  1.087350148698038e+01
s87         ,  8.762923637719959e-02,  1.249656761277212e-01,  2.404282469983345e-01,  9.232113533745886e-01, -1.034665685327714e+00
s88         ,  4.367974440523036e-01,  5.149756501813089e-01, -5.163067187434047e-01,  1.543128460406153e+00,  3.234222515269039e+00
s89         , -5.727247528300363e-01, -3.555366507869375e-01,  2.356990434838169e-03, -6.745489205487532e-01, -1.171342480753817e+01
s90         ,  4.181427428933503e-02,  1.475643935728052e-02, -2.548934960375508e-01,  7.798268038672942e-01, -1.207311597810819e+01
s91         , -8.667270491804479e-01, -8.897119978840382e-01, -2.848021419270099e-01, -2.712270983627068e+00, -2.069666745401105e+01
s92         ,  8.549438204377635e-01,  8.618345233692680e-01,  2.404908663898655e-01,  1.320036326052343e+00,  3.551421816518635e+01
s93         , -1.173621714519396e+00, -1.197999368725134e+00,  1.052889526993138e+00, -1.519876460285480e+00, -3.473326923640245e+01
s94         , -2.684963611581566e-01, -2.400302871940075e-01,  1.681915666918772e-01, -1.918821560434881e-01, -8.901908665836210e+00
s95         ,  9.260657816336888e-01,  1.031631203299332e+00,  1.393644670864536e-01,  2.352137275799636e+00,  3.112113728513708e+01
s96         , -2.278868324329024e-01, -1.567410760867793e-01,  3.163534412490676e-02,  9.838799445234164e-01, -2.037694154623453e+01
s97         , -1.648661305544417e+00, -1.258175537025562e+00, -2.018817167558853e+00, -1.449935324745176e+00, -7.987452774519186e+01
s98         ,  5.404249878717727e-01,  6.424768371886508e-01,  4.479948465840623e-01,  4.167666326044359e-01,  3.696981080946758e+01
s99         ,  1.310930209873364e+00,  1.101324600358095e+00,  9.268930957240529e-02,  2.109549036914924e+00,  3.737133314938547e+01
s100        ,  7.521780108780159e-02,  1.252241477833474e-01,  8.775093696945282e-01, -6.010614421662879e-04,  1.872710697352017e+01
s101        , -1.544763391692015e-01, -3.774090614481512e-02, -5.408738066505581e-01, -1.396697631380694e+00,  7.704795948526197e+00
s102        ,  1.059402820517896e+00,  9.532025287841697e-01,  4.008039901045033e-01,  3.016338878430715e+00,  2.210045246214565e+01
s103        , -3.987127671222759e-01, -1.219078395133059e-01, -1.522556847950662e-01, -3.113791601795747e-01, -5.078460386916953e+00
s104        ,  1.672104507359812e+00,  1.802118057724496e+00, -9.217735742535060e-02,  2.447453980661562e+00,  7.014950340990248e+01
s105        , -3.729535248655157e-01, -6.509725775364008e-01,  2.423503931997913e-01, -1.026748512940765e+00, -2.081640790496615e+01
s106        , -9.091422672215730e-01, -8.645469058550774e-01, -5.197593098930083e-01, -2.734585060817738e+00, -2.214038377226443e+01
s107        ,  4.095288752140306e-01,  5.073560008785050e-01, -1.938073748817235e-01,  2.514961915451651e+00, -4.746801576711185e+00
s108        , -8.642846593415402e-01, -9.367181437922424e-01, -1.224502647432861e-01, -2.932453726378483e+00, -1.849020066849029e+01
s109        ,  1.308766037007560e+00,  8.604601781220236e-01, -3.066385233610200e-01,  1.473190534639847e+00,  2.628321509497055e+01
s110        , -1.060518384725506e+00, -6.041627954381629e-01,  1.267292985609816e-01,  7.744198474962202e-01, -4.168611329947689e+01
s111        , -9.347636068172456e-01, -7.494219123193016e-01,  1.498714995025099e-01, -1.947580534436949e+00, -1.635108991861970e+01
s112        , -1.677387906237608e+00, -1.714590378048630e+00,  1.076306337772084e+00, -3.927668619869843e+00, -3.408095807271113e+01
s113        , -2.426092490978830e-01, -1.469483147428612e-01,  5.359317387148439e-01, -4.734895799050450e-01,  4.656756934892836e+00
s114        , -1.644000182446823e+00, -1.629563882607539e+00,  4.940500695128038e-01, -2.484997017340923e+00, -5.464824713954764e+01
s115        , -2.329704376178373e+00, -2.383296481004192e+00,  1.170829553591819e-01, -1.694979396732065e+00, -1.116332452664227e+02
s116        , -5.268968759749211e-01, -7.676159583939320e-01,  1.417966877942648e+00, -3.194829395837324e+00,  1.472128560474001e+01
s117        ,  1.742591906297736e+00,  1.567422103087374e+00, -7.099060660565937e-02,  2.137216458412136e+00,  6.103232224738277e+01
s118        ,  1.515143207668377e+00,  1.438274273214940e+00, -4.453961576096099e-01,  1.680367835389924e+00,  5.436214166998444e+01
s119        , -4.303518965464308e-02, -1.481437892633632e-01,  2.587794869525635e-01, -6.149108236852346e-02, -4.124358014958863e+00
s120        , -2.251286346153320e-01, -1.975166703919057e-01,  5.504892127293366e-01, -7.771583311572949e-01,  5.712655529643392e+00
s121        , -3.744651294305373e-01, -2.844252173739295e-01, -7.219561880355223e-01, -1.014975883020894e+00, -1.321552763373117e+01
s122        ,  1.754705398768575e+00,  1.619367542995913e+00, -1.170368906385289e+00,  1.262172222997376e+00,  5.997645508783028e+01
s123        ,  1.494372078098040e+00,  1.333771822229075e+00, -2.481253673593493e-01,  1.829492899258999e+00,  4.930198819495891e+01
s124        ,  4.706190523857749e-01,  3.834404717635231e-01, -3.574990143199575e-02, -1.921881293163646e-03,  2.108309258096843e+01
s125        , -2.939771406988250e-01, -1.997001541359167e-01, -1.101540473714646e-02,  2.095945127362397e+00, -3.691547027120639e+01
s126        ,  1.907608110252774e-01,  2.187917682739370e-01,  5.795028544622809e-01,  1.017341336253534e+00,  7.603228665888257e+00
s127        ,  1.175241554433439e+00,  1.198830753702012e+00,  2.350669379875694e-01,  2.206240612255990e+00,  4.356508865278460e+01
s128        , -9.405598864666275e-01, -9.473618908612423e-01,  7.879367121230874e-02, -2.718039794595679e+00, -1.902187285024739e+01
s129        ,  8.848224007924820e-01,  9.725117949433878e-01,  1.590293467668746e-01,  1.635416015778630e+00,  3.680051444320686e+01
s130        , -8.567501741532092e-01, -7.936210593830848e-01,  1.314498710180515e+00, -4.381374062928618e+00,  2.634848242286304e+01
s131        ,  4.181459542201291e-01,  4.932437468952168e-01, -2.042341343441401e-01,  1.333147546329074e+00,  8.729802541223217e+00
s132        ,  1.352109327204641e+00,  1.194651165846452e+00, -2.266259256354175e-02,  1.489464575113467e+00,  4.863648432147979e+01
s133        ,  3.377243561871698e-01,  1.402580954444672e-01, -3.212993130732786e-01, -7.358154778981887e-01,  1.256917960947011e+01
s134        ,  1.167150831191734e+00,  8.496618302216754e-01, -1.235110445150899e+00, -6.658246382729676e-01,  3.938917637054870e+01
s135        , -7.551299954675708e-01, -7.975234869272574e-01,  1.237132711076907e-01, -4.764418279331840e-01, -3.733643912982783e+01
s136        , -1.288171140802968e+00, -9.782403360124968e-01, -5.187742601475396e-01, -1.263941136564644e+00, -4.644214802340581e+01
s137        ,  7.561360588094119e-01,  7.079118611121733e-01,  5.634652004875467e-01,  8.313671659620139e-02,  4.625021444787643e+01
s138        , -4.177976720303577e-01, -2.913738311932361e-01,  1.336345975272061e-01, -3.864065584266566e-01, -9.874283411211740e+00
s139        ,  3.703571329650210e-01,  4.344211983512951e-01, -3.456937277086697e-01,  9.899708247591954e-01,  7.725942957132406e+00
s140        ,  6.601089262860428e-01,  2.580783675340285e-01, -9.483371252208087e-01,  5.387539695115517e-02,  1.208148591843237e+00
s141        , -1.578466378610989e-01, -1.592645086987872e-01, -1.403459081876339e+00, -7.301430484534439e-01, -1.873467778984652e+01
s142        ,  1.583934988818062e+00,  1.532527121584840e+00, -8.756487225532905e-02,  2.807479241840244e+00,  5.068022398459848e+01
s143        , -6.655556961981216e-01, -8.935453514761655e-01,  6.028569885485673e-01, -3.145218645776259e+00, -3.811899759003407e+00
s144        , -1.444363515954881e+00, -1.259732730199095e+00,  1.449495713775504e+00, -3.592097706965700e+00, -7.655060183388175e+00
s145        , -7.857021391434503e-01, -7.213331808554448e-01, -3.995192132057639e-01, -7.885083001272336e-01, -3.622106533607587e+01
s146        , -1.297382615214570e+00, -1.254306922573001e+00,  2.835772274996022e-01, -2.503530251138765e+00, -3.614921048309116e+01
s147        , -5.360922680501714e-01, -5.167723049336189e-01, -6.708359444612977e-01, -8.752985233316299e-01, -2.728726521974853e+01
s148        , -6.315112169106484e-01, -4.723201711140744e-01,  6.064251083763337e-01, -5.510357399540131e-01, -1.173339057259909e+01
s149        ,  1.034538941403273e+00,  1.096978531626667e+00,  1.203604709957389e-01,  1.817315239293949e+00,  4.105852573521367e+01
s150        , -1.132891587887058e+00, -8.438219555651023e-01,  3.291126167750342e-01, -2.287931530900754e+00, -1.511652223431715e+01
s151        ,  5.509532181847399e-02,  3.010021266101000e-01,  8.548013181459924e-03,  1.336612757759475e+00,  7.242042636052007e-01
s152        , -1.325344879425763e-01, -8.021169018407709e-02, -5.527657494191152e-03,  1.596078857455332e+00, -2.403725039869774e+01
s153        , -1.431235874103281e+00, -1.355710525757514e+00,  6.823959634505514e-01, -2.141061642717152e+00, -4.095209053308225e+01
s154        ,  3.955605453613595e-01,  4.695302520702839e-01, -8.036581226165466e-01,  1.164025296132051e+00,  1.476703688071829e+00
s155        , -6.583727769299562e-02, -3.525471930215580e-01,  1.474455623708213e-01,  2.080437004461602e+00, -4.320062100526513e+01
s156        ,  1.360777508064747e+00,  1.384300211863100e+00,  2.817197384873953e-01,  2.179233534730941e+00,  5.493248039542665e+01
s157        ,  1.886695766984781e-01,  3.932919918031266e-01,  3.917738636849784e-01,  5.608162617997811e-01,  2.046951908383118e+01
s158        , -5.322620015856455e-01, -5.179504166174325e-01,  1.793815414286609e-01, -8.700633756304393e-01, -1.609411307588131e+01
s159        , -9.397989837818175e-01, -8.208191282894886e-01,  1.883405908750295e-01, -1.680464541477864e+00, -2.310529778782812e+01
s160        ,  1.011185408564766e+00,  1.112017907844193e+00, -3.654651853160554e-01,  2.050099738273742e+00,  3.259502023166604e+01
s161        ,  8.691500702744535e-01,  2.865164602333027e-01, -1.242275248084188e+00, -1.028237529754835e+00,  1.208327950998996e+01
s162        , -7.631554763960900e-01, -7.371266787331356e-01,  7.040814605118226e-01, -3.303408888418639e-01, -2.799615693231131e+01
s163        , -1.913891772907037e-01, -8.984410637490831e-02,  6.388228042300326e-02,  1.338247748264013e+00, -2.051050884871831e+01
s164        , -1.172488852060699e+00, -1.330529121924763e+00, -2.192869153973487e-01, -1.686719531498504e+00, -5.708545133242693e+01
s165        , -7.847148269254141e-01, -5.110458443364766e-01,  6.470060744907802e-01, -1.910965473178462e+00,  3.211620085535053e+00
s166        ,  6.442637705728566e-01,  7.265591637924119e-01,  3.741631960000533e-01,  1.121249122873314e+00,  3.212028479842233e+01
s167        ,  1.426867873093048e-01, -1.804152113075773e-01, -7.359869310568723e-01, -4.021909449948394e-01, -1.503146922518631e+01
s168        , -1.763664779687589e+00, -1.735339625852160e+00, -1.515362928504541e+00, -2.424404891525022e+00, -8.808904618388696e+01
s169        , -1.122536795524768e+00, -1.453013834989635e+00,  9.053338704214553e-02, -1.350082587286614e+00, -6.394269255147796e+01
s170        ,  1.958646106185055e-01, -7.064378591358639e-03,  4.713724461225919e-01,  8.691103950653819e-01, -4.714807675757661e+00
s171        , -1.074510878859395e+00, -1.087295935130083e+00,  3.539420880281343e-01, -2.639031613873712e+00, -2.418002861208014e+01
s172        , -3.012776379076099e-01, -4.876568143999458e-01, -4.016106255450101e-01, -1.016821353803606e+00, -2.034110534167050e+01
s173        , -7.731154552407105e-01, -6.473558879723241e-01,  1.024072368274689e-01, -8.355959770372530e-01, -2.480746632680532e+01
s174        , -1.035147889271374e+00, -9.606141532746051e-01,  2.250232270384789e-01, -7.834010156273848e-01, -4.140483043960393e+01
s175        ,  5.473686561230826e-01,  3.372593688325682e-01,  5.121774425203500e-01,  4.567139388948924e-01,  2.019515953060757e+01
s176        , -1.268948530849032e+00, -9.520040987782401e-01, -8.368954906277513e-01, -2.066156578590722e+00, -3.942511946858797e+01
s177        ,  1.005563615864533e-01, -1.534783493842191e-01,  4.062621675118162e-01, -1.613400097493307e+00,  1.646027449741215e+01
s178        ,  1.242644395595530e+00,  9.466568831842392e-01, -2.747142003604589e-01,  2.068709412371879e+00,  2.428932248517564e+01
s179        , -1.576962637744264e+00, -2.106689636979096e+00,  6.810296263908103e-01, -4.777360907200285e+00, -5.100830983642556e+01
s180        ,  1.737282181449411e+00,  1.743689487195958e+00, -3.013968338724536e-01,  2.798423707640567e+00,  5.980267116570184e+01
s181        ,  2.233856545359632e+00,  2.247929837199906e+00, -5.048662810005569e-01,  3.051662220365745e+00,  8.232597579567958e+01
s182        , -1.711402508932139e+00, -1.546899102711294e+00, -2.164907436237838e-01, -1.468722599345456e+00, -7.185825044888463e+01
s183        , -7.106254116747583e-01, -5.862562388165742e-01,  1.069785206586121e-02,  2.272308772523937e-01, -3.555465068492619e+01
s184        , -1.590416334708451e+00, -1.660304194510012e+00,  5.865326278142236e-02, -2.688436109628172e+00, -5.969312693179161e+01
s185        , -1.868355490710606e+00, -1.971223589438493e+00, -2.350847785670862e-01, -3.383538592448906e+00, -7.259343887914578e+01
s186        , -2.760321167234583e-01, -4.581064754879233e-01,  3.438099879195026e-01, -8.923563624952405e-01, -1.027136994683858e+01
s187        , -4.966273090043231e-02, -2.000168539008285e-02,  1.802459304193107e-01,  1.261788081013886e+00, -1.410595677023606e+01
s188        , -1.015813052583435e+00, -1.010404262454483e+00, -1.352243683003690e-01, -1.091755523449769e+00, -4.523972662500379e+01
s189        , -2.906800910340787e-01, -3.623656884657398e-01,  6.973495551730977e-01, -2.866515511159143e-01, -7.570152615780814e+00
s190        ,  5.354894060030271e-01,  5.867088541254949e-01,  1.857375423014618e-02,  1.822418631042657e+00,  1.098163115128486e+01
s191        ,  1.753961104841035e+00,  1.503328330079428e+00,  7.256775904253776e-03,  1.305081646971712e+00,  6.861957740645738e+01
s192        ,  1.693846989966433e+00,  1.606537864967730e+00, -6.643692576587636e-01,  2.172831475487758e+00,  5.489246229243014e+01
s193        , -1.325060983901232e+00, -1.436603264793195e+00, -3.106927751824369e-01, -2.628162965018979e+00, -5.278280317996615e+01
s194        , -3.735061674670884e-01, -6.686570199929545e-01,  6.000952709310515e-01, -7.606518998855093e-01, -2.028933667778232e+01
s195        ,  5.549893676077536e-01,  4.845366192124609e-01,  1.687753987916902e-01,  2.022989710514096e+00,  4.798285803847514e+00
s196        ,  5.156221309853631e-01,  4.572967124661035e-01, -5.089612115540629e-01, -2.920263434254723e-01,  2.246580390396453e+01
s197        ,  4.039259378191074e-02, -1.282422015389637e-01,  2.621571964866101e-01,  5.124214384891987e-01, -9.958457135233839e+00
s198        , -1.147577574253399e-01, -1.987731527383851e-02, -6.285611708165569e-01, -2.347223085534436e+00,  1.912860218165746e+01
s199        , -8.191010016050872e-02, -9.013152877884589e-02,  1.160788666055090e+00, -1.007884921073367e+00,  2.268472936827175e+01
s200        ,  1.189193657309887e+00,  1.125331212598452e+00, -1.259576165411253e-01,  1.715971158171338e+00,  4.060602837742498e+01
s201        ,  6.533862606425194e-01,  1.856491434889285e-01, -5.449704733874414e-01, -3.503918470007915e-01,  7.440822696169413e+00
s202        , -8.110875660980833e-01, -6.904464171482838e-01, -9.922523551216855e-02, -4.097108189623583e-01, -3.510513110548280e+01
s203        , -8.655630508261463e-01, -7.701951842836121e-01,  1.009148634508412e-01,  1.290223548961549e+00, -5.764346424087913e+01
s204        , -3.544918020535805e-01, -5.098235776791645e-01,  4.057219000983988e-01, -6.701640563826905e-02, -2.241362314512464e+01
s205        , -3.633282890048445e-01, -6.990876860487677e-01,  8.383478385534393e-01, -2.005576894543234e+00, -3.647940947731784e+00
s206        , -5.026824938914743e-01, -8.279400324535691e-01,  7.324205291988681e-01, -1.531419755055170e+00, -1.807629483282856e+01
s207        ,  4.240041451428595e-01,  4.787246581117398e-01,  9.089475533514646e-02,  1.603005428353649e+00,  8.554883189699902e+00
s208        , -8.062259524963590e-01, -6.713993936045167e-01,  1.168275729684236e-01,  8.468445454097789e-01, -4.647726471916322e+01
s209        ,  3.099661283982239e-01,  2.565439851085128e-01, -1.356600474801872e-02,  1.519587742307982e+00, -4.298019557324697e+00
s210        , -3.065562839865105e-01, -6.757219549339949e-01,  7.028440335938352e-01, -9.341275204870191e-01, -1.720280811396649e+01
s211        , -4.563063004879184e-01, -3.469861145522337e-01,  1.926305782624079e-01,  3.013699837150867e-01, -2.059703930288694e+01
s212        ,  4.998062981764828e-01,  6.419893608027925e-01,  2.869177857424503e-01,  1.566868753222741e+00,  2.077576091975716e+01
s213        ,  6.563519744665959e-01,  6.545076187451611e-01,  5.219990386025153e-01,  1.024354266081984e+00,  3.122370052477361e+01
s214        ,  1.142353378029062e+00,  1.206669524525676e+00, -1.253899930418413e-01,  2.649187868763696e+00,  3.380462032873250e+01
s215        , -1.476327451002582e-01, -3.334342338685389e-01, -9.834059891070912e-02,  5.860175416256974e-01, -2.718131720713994e+01
s216        , -1.905199100184842e-01, -1.834314963326292e-01,  9.978310833488147e-01, -1.017904549812417e+00,  1.539646997125325e+01
s217        , -2.414550310188500e-01, -5.210389566796264e-01, -8.456756894541636e-01, -1.735776661128843e+00, -1.936489588216864e+01
s218        , -1.293237902229174e+00, -1.294825323894801e+00,  2.193990192142556e-01, -1.738802863123403e+00, -4.860279633572624e+01
s219        ,  2.482302713119656e-01, -8.917463928269989e-02,  1.527680352618437e-01,  1.065065335400319e+00, -1.595863326615638e+01
s220        , -2.000823243837164e-01, -6.709174023960075e-01,  6.173011490203023e-01, -2.590835080979263e+00,  2.125513500689507e+00
s221        , -6.698961632051862e-01, -6.261901106736528e-01,  6.314390078660637e-02,  1.192937230471943e+00, -4.887244464643935e+01
s222        ,  1.037060196097378e+00,  1.089528607687403e+00,  9.733561092434773e-02,  2.435028188883055e+00,  3.280261994622501e+01
s223        , -1.623853301049458e-01, -3.667014932253666e-01, -5.779336833124419e-01, -1.038629451208024e+00, -1.563008583601547e+01
s224        , -6.705934431510087e-01, -5.038278372935200e-01, -1.251434796883364e-01, -1.761112872215655e-01, -2.781687857578698e+01
s225        , -1.448990103249857e+00, -1.424656816395706e+00,  9.130903556700939e-01, -3.018980726084764e+00, -3.104891666021928e+01
s226        , -1.718251341837416e+00, -1.473035972028246e+00,  6.915156589990992e-01, -2.685045908233175e+00, -4.078819280764653e+01
s227        ,  1.227776018054062e-01,  2.313528570614209e-02, -1.810030405311092e-01, -6.015485133004114e-01,  6.222568052244816e+00
s228        ,  4.264100451543563e-01,  4.011945196817175e-01, -5.423055063640099e-01,  1.616383222142735e+00, -4.395582894692809e+00
s229        ,  4.451483651439820e-01,  3.362940289465925e-01, -1.325889596224439e-01,  1.969727864840621e+00, -6.891909490580751e+00
s230        ,  1.833521503477001e+00,  1.672158953957961e+00, -2.970313333789862e-01,  1.669776938939664e+00,  6.960321139234874e+01
s231        ,  5.465231310557156e-01,  5.554686761584031e-01, -4.293075560521863e-01,  1.127322059862794e+00,  1.173644512067164e+01
s232        , -9.701705002670065e-01, -6.116298817178665e-01, -1.430227770627784e+00, -1.998854341171538e+00, -2.903061853002110e+01
s233        , -4.717599438000208e-01, -4.284073640535913e-01,  7.512982223215535e-01, -2.282237661291019e+00,  1.376829345503646e+01
s234        , -5.281115591146329e-01, -4.560547188635617e-01, -6.411011984752168e-02, -2.395405699347224e+00,  2.735619413429630e+00
s235        ,  1.986306191498733e+00,  2.173216950978500e+00,  3.008553870834263e-02,  3.477372388371899e+00,  8.006417229025196e+01
s236        , -9.106289011065025e-02, -3.688524772216100e-01, -3.263799224802925e-01,  2.019449411478743e+00, -4.968324995273832e+01
s237        , -2.049911438812475e-01, -4.855556111618969e-02,  4.499924920852882e-01, -6.102006562778972e-01,  1.070512347580731e+01
s238        , -8.473750345453807e-01, -6.734925473958819e-01,  1.163476220734689e+00, -2.492033871391798e+00,  8.050273993126011e+00
s239        ,  4.108404411494213e-01,  3.659823136886741e-01,  7.120955946082212e-01,  1.279165787221486e+00,  1.444395763138469e+01
s240        ,  7.165538551738689e-01,  6.443848197628229e-01,  3.039019625483694e-01,  5.705489841454678e-01,  3.328311590463964e+01
s241        ,  1.480467310245773e+00,  1.657036578838146e+00,  8.254932871236687e-02,  2.710344057651155e+00,  6.112303963376223e+01
s242        ,  1.377587652535837e-03,  9.456960489566649e-02,  1.189366138390624e-02,  1.382444061113283e+00, -1.138418839701829e+01
s243        ,  1.131563109684979e-01,  8.348800284902047e-02,  3.761751483269304e-01,  1.304333716910948e+00, -6.202822097166430e+00
s244        , -5.391359916687376e-01, -3.714687114818460e-01,  1.419192653595462e-01, -1.410863572132145e+00, -1.772789172978312e+00
s245        , -6.959002745715563e-01, -8.236628130772027e-01,  3.521703183569945e-02, -5.089966019974286e-01, -3.958624003600885e+01
s246        ,  1.097686348144868e+00,  1.221973569952784e+00, -3.743825326753263e-01,  1.636354100091534e+00,  4.369604935237282e+01
s247        ,  1.841111551502399e+00,  1.686530269051942e+00, -7.356105071897172e-01,  5.765446901438752e-01,  7.789752791288335e+01
s248        , -3.591369962873629e-01, -2.937141193419055e-01,  5.278302631821902e-01, -1.030474320524652e+00,  3.096293632503853e+00
s249        , -6.877465177400688e-02, -1.376558782582623e-01,  8.772698890451021e-01,  2.756692843703314e-01,  5.912219486233331e-01
s250        ,  9.781851862563173e-01,  9.087353541007175e-01, -8.899737550304754e-02,  6.512778468895030e-01,  4.191344098508001e+01
s251        , -1.545108495483156e+00, -1.763536217369004e+00,  1.052913343673922e+00, -3.020574245052459e+00, -4.820035798681080e+01
s252        ,  9.402639511564144e-01,  1.059877518289440e+00, -4.210927639247179e-01,  1.883497243207302e+00,  3.095686428685654e+01
s253        ,  3.571077652909773e-01,  1.225942328687682e-01, -1.759025849132666e+00, -9.121112274387809e-01, -5.421150621762316e+00
s254        ,  2.257901594076580e-01, -3.716768137432019e-03,  1.946739909031137e-01,  9.779025694627970e-01, -9.538182150821173e+00
s255        , -1.438850770729053e-01, -3.467301341340925e-02,  2.899870021878477e-01,  1.092813586725674e+00, -1.140839044045708e+01
s256        ,  1.248756905340010e+00,  1.300059429036153e+00,  2.612193980162782e-01,  2.328838328734970e+00,  4.810420396904991e+01
s257        , -7.549787863785817e-01, -7.739118553886540e-01,  3.470533451389486e-01, -2.028756071832259e-01, -3.637105142760714e+01
s258        ,  8.177238568000533e-01,  9.217662179458331e-01, -8.507077370836388e-01,  1.197968948565820e+00,  2.583592388661135e+01
s259        , -3.969340657877687e-01, -3.352841184938447e-01,  1.278895537907674e-01,  7.670121382044583e-01, -2.647888936599718e+01
s260        ,  1.424749928690502e+00,  1.433896338856096e+00, -4.208025507313675e-01,  2.551013606824275e+00,  4.382932521907991e+01
s261        , -2.470942124509466e-01, -1.525777579044248e-01,  2.512390857927089e-01,  1.143093076296145e+00, -1.915948629773238e+01
s262        ,  2.007985062735016e-02,  7.798638400135022e-02,  1.232661702042578e+00, -7.936486271416454e-01,  3.047234449478071e+01
s263        ,  1.714213031012279e+00,  1.839866415101397e+00,  2.725345879275398e-02,  3.430889714920613e+00,  6.187065152594649e+01
s264        , -2.919262533908621e-01,  1.944866035815955e-01, -8.776560026951019e-02, -9.071298890119854e-01,  2.081366690779023e+01
s265        , -2.155995419331203e-01, -1.189777105203544e-01,  3.256807025261454e-01, -1.515251426430186e+00,  1.612823134202377e+01
s266        , -9.362328774391201e-01, -7.777652427907369e-01,  9.786869932426123e-02, -2.831133379790064e+00, -7.863727422027155e+00
s267        ,  6.142764498338860e-01,  6.638029053292238e-01, -2.707166937872088e-01,  9.097597126281119e-01,  2.258550493745353e+01
s268        ,  8.320264617200721e-01,  8.707273832252459e-01,  4.270473992316848e-01,  9.212639106473753e-01,  4.335985973235161e+01
s269        , -4.610366351192068e-01, -3.290702320127713e-01, -8.533394472216993e-02,  9.378386677256019e-01, -3.105221613926514e+01
s270        ,  5.033046853861965e-01,  2.502404646009286e-01, -1.254390253933047e+00, -1.535809381571714e+00,  1.607256245159428e+01
s271        ,  2.731597535481846e-01,  3.199690310656624e-01, -7.968060206191019e-01,  1.275861059898509e+00, -8.195529537654238e+00
s272        , -4.876259036091397e-01, -2.918843201493501e-01,  2.444401661500599e-01,  5.012062245545922e-01, -1.924857385734727e+01
s273        ,  3.756531389576167e-01,  3.494217288421445e-01,  6.778847910807181e-01, -1.645509763860849e-03,  2.867321768887086e+01
s274        , -6.075622032726076e-01, -7.360418569477174e-01,  3.655565916983476e-01, -2.313007731891980e+00, -8.272022313257196e+00
s275        , -3.667973944341356e-01, -4.993278680205189e-01,  7.814477188783678e-01, -5.813654558371498e-01, -1.054956199172299e+01
s276        ,  9.245727537620891e-01,  8.976813421810785e-01, -7.960653290075285e-01,  1.368827507188055e+00,  2.312791084623847e+01
s277        , -9.396261947398056e-01, -1.232985659055359e-01,  1.482044791448859e+00, -3.868420201523491e+00,  5.997456810980050e+01
s278        , -1.341488674963300e+00, -1.466793011374330e+00,  6.472525109344682e-01,  6.048987704545597e-02, -7.449922072227430e+01
s279        , -1.266362915480045e+00, -1.063368977721416e+00, -1.403375744997724e+00, -1.231278441551285e+00, -6.340263871266620e+01
s280        ,  2.057477526667467e+00,  1.857716124661737e+00, -4.054699282858421e-01,  2.861351124287022e+00,  6.405371256244969e+01
s281        , -2.834398711024385e-01,  5.261116034274105e-02,  7.595106023487128e-01, -3.091766725668839e+00,  5.076323786596119e+01
s282        ,  9.178955657779987e-01,  7.043760942261466e-01,  4.981231474364245e-01, -4.986758138118117e-01,  5.227456872169580e+01
s283        ,  3.733503076570951e-01,  1.543913813120880e-01,  3.769938890413105e-03,  2.035205419189094e+00, -1.609064651952400e+01
s284        , -1.411377341359432e+00, -1.482532868016905e+00, -1.015224989248390e+00, -3.402198999892253e-01, -9.263876857564644e+01
s285        , -7.489991269044497e-01, -4.407430938224554e-01, -5.136274237500027e-02, -7.634070532802951e-01, -1.613113300626902e+01
s286        , -1.503542794535010e+00, -1.678637006958059e+00, -1.015265928455146e+00, -2.509128374535353e+00, -7.721120017562563e+01
s287        ,  6.691186599609008e-01,  6.637665800770240e-01,  8.756692180254959e-01,  1.498545483985302e+00,  3.067278746770283e+01
s288        , -7.261797515669667e-02, -1.431233760379343e-01, -1.270563085448501e+00,  1.703540392415817e-01, -2.703661661210440e+01
s289        , -2.036131017088608e+00, -2.265640631222365e+00, -5.407890657906700e-02, -3.011651138241944e+00, -9.125248779180053e+01
s290        , -3.593369916728853e-01, -1.769212050715038e-01, -8.226738809795586e-02,  1.516155721488454e+00, -2.951653374775735e+01
s291        , -9.653688942346333e-01, -7.432995916517822e-01,  1.616981858886362e+00, -4.853588235955389e+00,  3.896021269333697e+01
s292        ,  1.020142466608096e+00,  9.210279794101576e-01,  6.197717589359221e-01,  1.103398934821233e-02,  5.984872077320856e+01
s293        ,  1.809672166646086e+00,  1.783596808316452e+00, -7.650518160098205e-01,  1.883249835274607e+00,  6.702645230949395e+01
s294        , -1.362048565302476e+00, -1.791681333295308e+00,  1.921920097357654e-01, -3.388551077267152e+00, -5.675796580744237e+01
s295        ,  1.783462244939523e+00,  1.489094409166566e+00,  4.519880779925589e-02,  1.405048351548513e+00,  6.710670182674693e+01
s296        , -4.444596513339619e-01, -2.272528319242682e-01,  1.097390887185546e-01, -3.248478295624417e+00,  2.830172134513510e+01
s297        , -5.510249411793563e-01, -5.733798713566773e-01,  5.474470624435588e-01, -1.015882984789597e+00, -1.252765350749060e+01
s298        , -8.286362700584804e-01, -5.849353072319783e-01,  1.256438034807303e-01, -1.217295210611739e+00, -1.633869507805699e+01
s299        ,  6.445649183446500e-01,  5.679768046667474e-01,  2.899935995076328e-01,  1.798328935821436e+00,  1.383799542636005e+01
s300        ,  1.263431947632347e+00,  1.248814117108523e+00,  6.675732907356218e-01,  2.383887759765030e+00,  4.996669385118636e+01
s301        , -1.374060773425154e+00, -1.327767419762188e+00, -3.504959794379710e-01, -2.567964838241028e+00, -4.793408393657228e+01
s302        ,  1.535703749464311e+00,  1.530628172823165e+00, -6.405889213359484e-01,  1.576400674252154e+00,  5.821710972302208e+01
s303        , -5.834699387477037e-01, -3.897280610632916e-01,  1.212119403215176e+00, -3.067345150834850e+00,  3.164951775447454e+01
s304        , -1.532084137217445e+00, -1.517124094361606e+00, -1.774011138701241e-01, -1.146972283610870e+00, -7.358797120534273e+01
s305        ,  8.275615567870639e-01,  8.308423917818772e-01, -7.979408578404781e-01,  1.268536321600854e+00,  2.057164921757372e+01
s306        , -7.539381022379023e-01, -6.663993361751284e-01, -9.386376123486920e-02,  1.483662001926517e-01, -4.048692230490779e+01
s307        ,  1.586514123372291e-01,  1.233895846304173e-02,  1.265714461476437e-01,  2.002406561551451e+00, -2.203363278508212e+01
s308        , -5.508401709447740e-02,  1.804487649747937e-01,  1.323652580621144e+00, -3.914056277761892e+00,  7.548132639502528e+01
s309        , -5.766874189299147e-01, -4.106659358307152e-01, -5.240594361300862e-01,  1.185226838147631e+00, -4.449395468905630e+01
s310        ,  6.374709732867283e-01,  5.608913523707250e-01,  3.328656661252472e-02,  2.001864635192975e+00,  7.539832224055336e+00
s311        ,  4.080149769921139e-02, -1.691706670675192e-01, -1.097687189708462e+00, -6.591158620208785e-01, -1.608472884323076e+01
s312        ,  9.731382012764279e-01,  9.442833308103985e-01, -7.784750170273221e-01,  1.284862136218608e+00,  2.700322197995398e+01
s313        ,  1.429932001970077e-01,  3.066287624694358e-01,  5.952976968661143e-01,  8.622866156232297e-01,  1.463726001104670e+01
s314        ,  1.930683047603774e-01,  3.291601629655135e-01, -1.111183051097749e-01,  8.262364488856082e-01,  6.934226907027779e+00
s315        ,  5.348221101378693e-01,  3.661527595415698e-01, -4.874171258718218e-02,  3.885930948896391e-01,  1.517815240579522e+01
s316        , -1.241701629755850e+00, -9.932563888005681e-01,  1.849729324027272e-02, -2.415619033050930e+00, -2.608950117080878e+01
s317        ,  1.919675275186283e+00,  2.050367136864800e+00,  3.616209557599126e-02,  2.897825269935257e+00,  8.031083192865128e+01
s318        , -4.758666133750817e-02,  5.198862608598685e-02,  5.412328122898764e-01,  5.646755149985787e-01,  3.243790497337400e+00
s319        ,  1.127723396934456e-01,  2.069120351116685e-01,  2.287638846797684e-01, -6.339008977261376e-01,  2.239598848144560e+01
s320        , -2.749916285582357e+00, -2.794290264045990e+00,  1.061861784810469e+00, -2.743542595369200e+00, -1.093504900094320e+02
s321        ,  1.503561162462575e+00,  1.385336835998226e+00, -2.993579188999625e-01,  2.578321821619154e+00,  4.238646504546974e+01
s322        ,  3.544546857579591e-02, -2.239941477712441e-01,  3.233740566883435e-01, -3.884328181119456e-01, -3.538289449967817e+00
s323        , -8.304133648084051e-01, -7.022144344544192e-01,  8.103529245314904e-02, -7.069966742041873e-01, -2.974102125570357e+01
s324        ,  7.189309498557251e-01,  6.476907585821399e-01, -4.470128735283271e-01,  1.573313001840865e+00,  1.124296891693842e+01
s325        , -7.647497330279208e-02,  2.058634618753458e-01,  5.982212319797786e-03,  1.064925901836010e+00, -1.341123920742000e+00
s326        , -2.795970934311181e-01, -1.772329382859901e-01,  8.395138062200798e-01, -2.553901858016181e+00,  3.236224279350612e+01
s327        ,  9.507662038906267e-01,  6.566611937388398e-01, -1.415685073255649e-01,  2.272803130091755e+00,  7.286853446367346e+00
s328        , -4.226431741816794e-01, -4.186320544291308e-01, -7.952433020890837e-02, -2.193197409684202e+00,  2.166942523408065e+00
s329        , -6.340756771310201e-01, -4.281626972573923e-01,  9.915466255403378e-01, -1.813364971608290e+00,  1.126539272553042e+01
s330        , -4.983104214676741e-01, -9.102903587313169e-01,  9.974754081675212e-01, -2.167945430624062e+00, -1.141128716716223e+01
s331        ,  4.313976606624865e-01,  2.102521948456967e-01,  1.342431551647082e-01,  6.650920574386012e-01,  5.488108497585882e+00
s332        ,  2.872576810614043e-01,  3.711088814721595e-01, -1.025874922644611e+00,  5.211752254228292e-01,  8.267370651316922e-01
s333        , -1.428207646760553e+00, -1.508444866230862e+00, -4.818162411429310e-01, -3.135778791200981e+00, -5.290817676284850e+01
s334        ,  1.090736693025978e+00,  1.234117843547335e+00, -4.166075789314303e-01,  2.483856050890671e+00,  3.348346681840543e+01
s335        ,  8.689786106388561e-01,  8.043784265413059e-01, -4.317869633051936e-01,  1.070132900083514e+00,  2.638055964298335e+01
s336        , -6.909278893094605e-01, -2.978467082585330e-01, -6.323245117681093e-01,  2.949413393346487e-01, -2.874547144014080e+01
s337        ,  1.253402841738086e+00,  1.976924104378749e+00,  1.919930363503594e-01,  7.455256212263548e-01,  1.045010169868114e+02
s338        , -5.188757165053888e-01, -4.594746617940428e-01, -1.740178825183649e-01, -6.541545827773039e-01, -2.014864772457844e+01
s339        ,  1.328885826036196e+00,  9.527476825358094e-01, -7.459957946694518e-02,  2.571518484621718e+00,  2.116653312348069e+01
s340        ,  5.747319815580367e-01,  4.992951296298310e-01, -2.248171239912553e-01,  3.758837979459662e-01,  2.046602274033783e+01
s341        , -1.829453856971746e+00, -1.697653311214372e+00, -6.244886179170890e-01, -2.125685781780836e+00, -7.774963063405471e+01
s342        ,  6.006312482055266e-01,  4.607599762733738e-01, -3.050240451726755e-01,  1.501909066675907e+00,  3.505596900640829e+00
s343        ,  3.874115618757035e-01,  4.232070046626353e-01,  6.220087801578007e-01, -3.705912675091716e-01,  3.657118205337956e+01
s344        , -7.953203262348685e-01, -7.315642700880101e-01, -9.615409012570872e-01, -1.004033847156424e+00, -4.165308360407469e+01
s345        ,  6.299310808043834e-01,  7.636572532283200e-01,  1.382309083109723e-01,  1.185865548421327e+00,  3.027398160034117e+01
s346        , -1.002600077568548e+00, -8.837958520662212e-01,  2.060850207663809e-01, -2.483128554614520e+00, -1.662037153583903e+01
s347        ,  1.953430134440088e+00,  1.705386820229925e+00, -4.121712189233270e-01,  1.854295833127650e+00,  6.768645498897055e+01
s348        , -2.116724435810483e-01, -2.372614721200508e-01,  2.606653832331016e-01,  1.811032937939133e-01, -1.206208640035318e+01
s349        ,  5.157492200743797e-01,  4.884822428891548e-01,  4.042833810092559e-01,  1.920254120764879e+00,  9.408870801378910e+00
s350        , -1.510374771276913e-01,  1.364653880771705e-01, -1.323273235596741e+00,  5.953727631510901e-01, -1.721722958020026e+01
s351        , -7.759769648741240e-01, -8.483559104035003e-01, -3.570725123278161e-01, -1.466939920788285e+00, -3.451885117724359e+01
s352        , -3.539192931352820e-01, -2.493088637619883e-01, -4.331673141279331e-01,  1.412885289316192e+00, -3.699640045776580e+01
s353        ,  5.069167448439574e-01,  2.298065124417996e-01, -1.330081546089234e+00, -6.189420803374213e-01,  2.738868940875077e+00
s354        , -1.828973197137163e-01, -4.706426922835488e-01,  5.386137079601152e-01, -3.105590004700389e+00,  1.860153462068707e+01
s355        ,  1.624801336388416e+00,  1.348504784282333e+00, -7.043842889102880e-02,  1.342274629282742e+00,  5.843579859221690e+01
s356        , -5.658130117516301e-01, -3.585812083400765e-01, -7.008566400426064e-02, -1.216681824547512e+00, -6.239801038570528e+00
s357        ,  5.765045328570928e-01,  3.078258632146081e-01,  4.001835659201921e-01,  1.480501301621183e+00,  4.569019508732124e+00
s358        , -7.806919589092669e-02,  1.460332945010079e-01,  2.435058944176705e-01,  6.721374593995553e-01,  3.250540824007780e+00
s359        , -6.122238556537778e-01, -3.033801385827385e-01, -9.515831936283244e-01, -9.704188953603818e-01, -1.788149744466836e+01
s360        ,  7.072470066133247e-01,  7.772642162408289e-01,  2.357612302774650e-01,  1.007563335769868e+00,  3.451088330886387e+01
s361        , -8.533119485587989e-01, -5.798821825450280e-01,  4.253810114905106e-01, -2.661834704389602e+00,  5.548079731534894e+00
s362        , -3.832307428619676e-01, -4.446829069486721e-01,  2.241139697783141e-01,  9.787547804738493e-01, -3.392317454230608e+01
s363        ,  1.136620729810577e+00,  8.230642681853397e-01, -1.242662035338915e+00, -9.586861378696353e-01,  4.136518111863133e+01
s364        ,  1.183780326191236e+00,  1.266990158365677e+00,  3.099093217272122e-01,  2.868677245171948e+00,  4.031389154009605e+01
s365        , -8.620628158872323e-01, -5.056835771019279e-01,  7.343047755092240e-01, -9.273777026622075e-01, -7.315970377712767e+00
s366        , -1.425655087558077e+00, -1.314137814233960e+00,  2.487226736177919e-01, -1.778337542748618e+00, -4.881495722138222e+01
s367        , -1.566451522193896e+00, -1.393387008326551e+00,  3.684464792539455e-01, -2.991286830638401e+00, -3.688382438292150e+01
s368        ,  3.820728130067759e-01,  3.642324718953124e-02, -1.013857402254771e+00, -4.553261765010204e-01, -5.905690458944190e+00
s369        , -1.056326402261627e+00, -1.186815719125410e+00,  3.326704324426029e-01, -1.906104509247506e+00, -3.898828331796633e+01
s370        ,  1.443000454420478e+00,  1.151402897032717e+00, -1.284341352952808e-01,  2.388757860219900e+00,  3.383508053519206e+01
s371        , -5.876015246379517e-01, -3.745074849094953e-01,  2.141679769112617e-01,  4.028341536224455e-01, -2.309293127103715e+01
s372        , -1.098974443479297e+00, -5.757162612558959e-01, -6.525409722731891e-01, -8.757522613577239e-01, -3.034864531179710e+01
s373        ,  2.115861634781081e+00,  2.110889522711626e+00, -3.328062964980372e-01,  3.022457257434653e+00,  7.727669900867416e+01
s374        ,  8.889609764508162e-01,  6.995184145322395e-01, -5.509754321294014e-02,  8.152863491825235e-02,  3.756042402991749e+01
s375        , -3.861821693859098e-01, -3.808043539665478e-01,  2.754054149587459e-01,  8.844913580920382e-01, -2.850315404380011e+01
s376        , -1.647182127127575e+00, -1.934104730080066e+00, -4.446678597882899e-01, -2.789603740934924e+00, -8.054083780552568e+01
s377        , -9.921142122504716e-01, -1.372426638954203e+00,  6.540466644563389e-01, -3.053230521193381e+00, -3.114780222586007e+01
s378        , -4.827505529619482e-01, -6.956752373287538e-01, -1.594587366298539e+00, -1.745490342990681e+00, -3.902880676201342e+01
s379        ,  7.391578818969189e-01,  8.156227597428189e-01,  5.062814301892051e-01,  1.636624344008390e+00,  3.259885677993569e+01
s380        ,  9.482091524808841e-01,  7.768895978890413e-01, -4.486462665931091e-01,  1.128758788664611e-01,  3.628251742514606e+01
s381        , -2.602453229516086e-01, -1.390152231726595e-01, -1.509852228659133e-01, -3.021428008834414e-01, -6.134974612524325e+00
s382        ,  1.104663472507788e+00,  1.087544395721635e+00, -1.097634063103127e-01,  2.272571978266011e+00,  3.191362841946440e+01
s383        , -2.293659969566494e-01, -4.423540005684619e-01,  1.740822301419898e-01,  2.763001521377285e-01, -2.589472475592112e+01
s384        ,  1.124093149995714e+00,  7.882457278337380e-01, -1.324868224968778e+00, -6.400202040015696e-01,  3.442978305654724e+01
s385        , -1.028301590354242e+00, -8.437737088151003e-01, -1.221985711112852e-01, -1.177310589294396e+00, -3.466446949897775e+01
s386        , -8.502764349509152e-01, -6.723317561150682e-01, -3.667504313854968e-01, -5.568109218556110e-01, -3.585724362883336e+01
s387        ,  1.129785972964034e+00,  1.276234746171037e+00,  2.720927294119475e-01,  2.546512446499617e+00,  4.425713932601456e+01
s388        , -1.726546649489343e+00, -1.839676613132691e+00, -7.329279773943351e-01, -2.615434460049617e+00, -8.119973469215222e+01
s389        , -6.831952605802530e-01, -7.767496017231077e-01, -1.807364430976883e-01, -1.854648995378151e+00, -2.342192855209712e+01
s390        , -3.734364635864852e-02,  2.338391040845109e-01, -4.619405419722822e-02,  1.166770363543287e+00, -1.706399329884488e+00
s391        ,  4.779948697936299e-01,  7.670782528057551e-01, -6.010913921549730e-01,  1.699607616617954e+00,  1.435659099853832e+01
s392        ,  3.310220817152515e-01,  2.066096047158464e-01, -7.122228087124637e-01, -5.172767108841603e-02,  2.749441227570296e+00
s393        ,  5.553356616642980e-02,  9.281078568804660e-02,  4.660432169207618e-02,  1.621516372176568e+00, -1.393534458094366e+01
s394        ,  4.365379722541595e-01,  2.561019710234282e-01, -2.536697696216503e-01,  1.768201413522494e-01,  8.849803093072302e+00
s395        , -8.983021968784184e-01, -7.259417372755059e-01,  1.245739919781482e+00, -4.007230052445571e+00,  2.467256613076383e+01
s396        ,  1.678248791678738e-01,  3.505583711227316e-01,  1.215572415214643e+00, -1.999874336995673e+00,  6.025933099444342e+01
s397        ,  8.185692451143642e-01,  7.779754035747934e-01, -3.919769258380171e-01,  1.519608394928970e+00,  1.994805709735995e+01
s398        , -3.699760772173830e-01, -3.300885463579630e-01, -2.294369370934436e-01, -1.196583932974001e+00, -7.006776083821587e+00
s399        ,  1.905475331815307e+00,  1.901942966056355e+00, -3.501687333348630e-01,  2.363571345517162e+00,  7.334286926234105e+01
s400        ,  1.858354115946673e+00,  1.826358768558143e+00, -5.809453408684112e-01,  2.654314601791478e+00,  6.247965201492788e+01
s401        ,  1.882929356651747e+00,  1.773079758047197e+00, -1.025288686503093e-01,  2.420225599483109e+00,  6.871267290195830e+01
s402        ,  7.251022959905945e-01,  6.093804606003217e-01, -5.977300430680577e-02,  4.762681260679477e-01,  2.762313339514288e+01
s403        , -4.598852698083180e-01, -3.019745768925437e-01, -3.609336702720486e-02, -6.617791871169143e-01, -9.372894440549379e+00
s404        , -7.654208212581715e-01, -6.818290082746827e-01, -7.452177509467314e-01, -1.676436729832900e+00, -2.778115263794491e+01
s405        , -1.008550952239817e+00, -8.161972765514317e-01, -3.631849143596089e-02, -1.256306816936571e+00, -3.100882324089140e+01
s406        ,  6.851436048144010e-01,  7.712619820646505e-01,  1.038830496935212e-01,  1.281048087588403e+00,  2.908323858608466e+01
s407        ,  1.179473302867332e+00,  1.130156905511914e+00,  2.886842037239941e-01,  3.450136983826737e+00,  2.525717354526834e+01
s408        ,  1.889092138737942e+00,  1.849998465041500e+00, -4.869326899229077e-01,  2.635956114198618e+00,  6.528323791139306e+01
s409        ,  1.749725590072469e-01,  4.127760431029842e-02,  3.576895618738665e-01,  1.684529725484822e+00, -1.345489692909324e+01
s410        ,  1.998254738056868e+00,  1.701824534813320e+00, -2.288253050957623e-01,  1.423023880008455e+00,  7.518601733020277e+01
s411        ,  9.892338833250636e-01,  8.808957024932172e-01, -5.508825673765625e-01,  9.711846193634618e-01,  3.029833991951567e+01
s412        , -1.223391619754290e+00, -1.325833618722241e+00, -5.350809814458599e-01, -7.030705228409341e-01, -7.301960175927624e+01
s413        ,  5.743625596418537e-01,  2.489458697638230e-01, -3.132829334068430e-01,  4.847671078651065e-01,  3.899627291656569e+00
s414        ,  1.092248078316437e-01, -5.937896402077680e-02, -7.829467089337857e-01, -1.358070972298217e+00,  2.794674705436804e+00
s415        , -2.685700492164793e-01, -1.989546851889854e-01,  6.543096157443344e-01,  9.778717108488293e-01, -1.438186437865323e+01
s416        ,  1.462987518702352e+00,  1.330898503935749e+00, -3.905044086710222e-01,  2.497027955028576e+00,  3.910616826791058e+01
s417        ,  1.569882344576942e+00,  1.817293042742942e+00, -1.544467257380275e-01,  3.341903592091676e+00,  5.926782863025727e+01
s418        ,  1.876220335020836e-02,  2.829187709277690e-01, -1.596731411682591e-01,  1.311714763847326e+00, -2.228255456857271e+00
s419        ,  1.276905221099546e+00,  1.243907595442328e+00, -6.121047534069828e-01,  1.600629100676919e+00,  4.219753580301235e+01
s420        , -1.647237733483662e+00, -1.488977146772126e+00, -8.034815210630160e-01, -2.488403965608793e+00, -6.399116142333998e+01
s421        , -1.445425539908424e-01, -2.205376459832951e-01,  1.109969076530416e+00, -2.389130138908956e+00,  3.152314591744435e+01
s422        ,  5.402460517048289e-01,  6.326149487017254e-01, -4.718135750919561e-02,  1.854775482319828e+00,  1.228972740944267e+01
s423        ,  8.390845889372367e-02, -9.258847784059963e-02,  4.607248620680626e-02,  4.467162096370831e-01, -1.003273879770497e+01
s424        , -9.431170827773597e-01, -9.148772077206236e-01,  7.426743386543319e-01, -3.331289489524059e+00, -8.794352859337943e-01
s425        ,  1.130552771406502e+00,  9.201074222966084e-01,  1.556139092846665e-02,  1.985701481711325e+00,  2.767604570065090e+01
s426        , -8.389925436276273e-01, -3.769747521432238e-01, -5.620626889222590e-01, -1.045245467473277e+00, -1.591505119530102e+01
s427        ,  8.392912737700503e-01,  5.544902544127028e-01, -8.069888763513555e-01,  2.583993265353669e-01,  1.724501702601090e+01
s428        , -9.488637335179150e-01, -1.092704982262631e+00,  1.098835964919473e-01, -3.124664161662989e-01, -5.609847394408450e+01
s429        ,  3.637065073507825e-02, -1.790141489049799e-01,  6.725714011218303e-01, -4.967318726809243e-01,  4.958909315230497e+00
s430        , -9.278822222973141e-01, -8.438141263121692e-01,  1.133483328834064e+00, -2.567552422932416e+00, -9.945276682472517e-01
s431        , -1.858348493139306e-01, -6.251950391454744e-02,  2.107676937979086e-02,  1.009506784656525e+00, -1.553807332472159e+01
s432        , -1.980571102286932e-01,  1.506795987044035e-01,  3.954927112906144e-01, -2.190830786191634e+00,  4.043949354236332e+01
s433        ,  2.907509872393486e-01,  3.765838009068351e-01, -4.148035017861776e-01,  1.653428693644941e+00, -4.531409353444925e+00
s434        , -7.856669273303235e-01, -5.615583140633543e-01, -2.059558032518943e-01, -1.360323181393746e+00, -1.769823531418049e+01
s435        ,  2.522946697305543e-01,  4.650550060351480e-01, -6.202100971771698e-01,  1.856717117137154e+00, -4.776441289253820e+00
s436        ,  9.124956428672120e-01,  8.951947309011183e-01, -4.213177025428672e-03,  3.543040611240021e-01,  4.590264063535864e+01
s437        , -3.499552547842402e-01,  1.279648454377161e-01, -1.282526349061592e-01,  1.697278162537006e+00, -1.521331446530439e+01
s438        , -2.967024119054128e-01, -1.470991708854930e-01, -8.404671245497858e-01, -6.469790173073517e-02, -1.866629078100648e+01
s439        ,  1.398781376080027e+00,  1.566441128842166e+00,  3.560883846481566e-03,  2.895474188214017e+00,  5.272580820345044e+01
s440        , -1.423048475754128e+00, -1.430713190363021e+00,  5.982857014827725e-02, -4.203021240362688e-01, -7.443451847673573e+01
s441        ,  4.627215551435010e-01,  5.039544760010704e-01, -6.130277462269785e-01, -2.639499301269219e-01,  2.335807306008386e+01
s442        , -1.281983082708195e+00, -1.144930245069316e+00, -8.267919804216529e-02, -2.310366132937189e-01, -6.258897445456287e+01
s443        ,  4.064644218525872e-01,  3.003649728734538e-01,  5.377856034862845e-01,  8.156326680620405e-01,  1.408829534278744e+01
s444        ,  1.926435095105153e-02, -1.240026254967355e-01,  3.506150674529729e-01,  6.124049367580238e-02, -3.041699361998576e+00
s445        , -6.163049587306062e-01, -5.640277545645229e-01, -1.522207567146079e-01,  4.869479409512928e-01, -3.964227459248121e+01
s446        ,  1.711464900608388e-01,  9.630790581221690e-02, -2.516212594812753e-01,  5.689144162644322e-01, -4.877895930894472e+00
s447        , -5.502000181018426e-01, -5.151072397028871e-01,  7.963537668653934e-01, -1.500009088597519e+00, -3.765302115072333e-02
s448        ,  1.089535632894734e-01,  3.348084939518912e-01, -9.295226717819505e-01,  1.111873883413213e+00, -7.130341698939047e+00
s449        , -1.011248874107511e+00, -1.039268309623061e+00,  4.184232018178069e-01, -1.043297966213736e+00, -4.007818922687677e+01
s450        , -1.947013588700806e+00, -1.353652493362604e+00,  1.374676417542382e-01, -1.899930755368645e+00, -5.103356847718791e+01
s451        ,  1.238871233763808e+00,  1.069360247717199e+00, -1.022159258758826e-01,  1.301256526265578e+00,  4.283462102678031e+01
s452        , -3.901411635884037e-01, -4.319795315294200e-01,  2.249086815334689e-01,  1.528041028614809e+00, -3.989572759893463e+01
s453        ,  5.429001167419540e-01,  4.992890724094261e-01,  3.718291897054953e-01,  1.708430839629710e+00,  1.216605006477144e+01
s454        ,  1.674074113182614e+00,  1.519229248066624e+00, -1.411715289397557e-01,  3.311950181595305e+00,  4.306917263953058e+01
s455        ,  3.036107540082147e-01,  3.776145256347407e-01,  5.800811960420704e-03,  1.374665965092875e+00,  4.526595975635169e+00
s456        ,  1.697945289202256e+00,  1.515559055775892e+00, -3.230737296936813e-01,  2.458713682174846e+00,  5.084269817420683e+01
s457        ,  1.416859305428101e+00,  1.600697737452140e+00,  7.710990520653860e-02,  2.408351282011264e+00,  6.156809116461648e+01
s458        , -1.404208354895570e-02,  1.748486891250934e-01, -2.765518036669241e-01,  8.011567928300684e-03,  6.039532018898119e+00
s459        ,  6.925018491951431e-01,  4.138455591175902e-01,  3.023307604045394e-01, -3.331398352662521e-01,  3.133135926171820e+01
s460        , -1.114252131965874e+00, -1.067715174703855e+00, -6.151933701716198e-01, -1.523804900598756e+00, -4.958344346365693e+01
s461        ,  2.042381769729374e+00,  2.105622957508176e+00,  1.959092185726110e-01,  2.886492499832901e+00,  8.567991821592896e+01
s462        , -1.531404654443665e+00, -1.311212106796145e+00, -4.429038526781492e-02, -2.614600677087640e+00, -4.235767388430043e+01
s463        , -3.759583777355113e-01, -3.509461588008587e-01,  5.068881806042014e-01,  1.330957918645714e+00, -2.918639925103445e+01
s464        ,  1.991689923540824e+00,  1.859310202976730e+00, -6.440455055290792e-01,  2.417384571708134e+00,  6.637852137339179e+01
s465        ,  9.755969169673073e-02,  2.825133461057858e-02, -3.036058152370783e-01,  9.332262578678651e-01, -1.383409605225382e+01
s466        ,  6.072772838991297e-01,  7.994962744680508e-01,  8.402036916825455e-01,  7.515176222947966e-01,  4.693104384588250e+01
s467        ,  1.216496181986968e+00,  1.097420492564914e+00, -2.293714017624142e-01,  1.531271140272290e+00,  3.991294385033928e+01
s468        ,  3.775595362798933e-01,  6.174423929508124e-01,  8.486925081513625e-01,  8.468599011876611e-01,  3.565675144636452e+01
s469        , -1.307461059058785e+00, -1.158820956018469e+00, -4.915574251415267e-02, -9.821529363862733e-01, -5.376545136310870e+01
s470        , -5.283291461494825e-01, -6.522287625641771e-01,  4.490742313860607e-01, -4.943002314495140e-01, -2.462516255386706e+01
s471        ,  2.377867747615111e-01,  4.170240651463039e-01, -5.665803750790289e-01,  1.205334490760541e+00,  1.181481611532058e+00
s472        ,  1.302569086132945e+00,  1.310431335385605e+00, -3.214363481307195e-01,  2.439366648199007e+00,  3.957945949003074e+01
s473        , -5.693295827287675e-01, -6.121761705226042e-01,  4.895846427870088e-02,  1.296699363302041e-01, -3.531146746513954e+01
s474        ,  1.884221453852586e+00,  1.624786145987546e+00, -1.650347337352777e-01,  1.911212814937472e+00,  6.575699704240648e+01
s475        , -1.446520811585995e+00, -1.571522003539029e+00, -6.183883829422387e-01, -2.657752941162139e+00, -6.409758432482836e+01
s476        , -1.215631750383895e+00, -1.631645401968782e+00,  1.034608513643959e+00, -4.319877290118966e+00, -2.519610914529506e+01
s477        , -8.341578078875426e-01, -5.034665156968187e-01,  6.050807081187769e-01,  1.375128730358383e-01, -2.189504923837598e+01
s478        ,  1.187878793372986e+00,  1.160100231302553e+00,  2.807427508460353e-02,  1.586741618317251e+00,  4.618570381172241e+01
s479        ,  3.365947877874360e-01,  5.590885032145598e-01,  2.868175404895850e-01,  1.240102303531125e+00,  2.010210250036874e+01
s480        , -9.637108529621194e-01, -8.535161271827160e-01, -3.921011734845239e-01, -3.281907514648565e+00, -1.314802606494071e+01
s481        ,  2.085079041846591e+00,  1.517724509497711e+00, -1.279324025127028e+00,  2.067258715692271e-01,  6.568411996084158e+01
s482        , -1.022603717946666e+00, -1.165097709658184e+00,  9.062653613669335e-01, -2.657252817607080e+00, -2.097178219103618e+01
s483        , -1.034187950850505e+00, -1.024200048815936e+00, -4.169158678678194e-01, -3.047219061447448e+00, -2.592610069996274e+01
s484        , -1.995156105028394e+00, -2.289417485475083e+00, -3.763653800839816e-01, -3.654450970953649e+00, -8.904341001299638e+01
s485        ,  6.269503300594436e-01,  2.784165072833174e-01, -9.819885985737458e-01, -7.735880117481964e-02,  3.502203799091894e+00
s486        , -1.429365852931641e+00, -1.345514950161968e+00, -1.040822713228447e+00, -1.836075911339012e+00, -6.704741125744488e+01
s487        ,  4.249609108300679e-01,  1.512676919917341e-01,  7.316695143946459e-01, -1.298451037035858e+00,  3.407026844070434e+01
s488        , -2.798574335396176e-01, -8.048557962400255e-02,  5.062219675769697e-03,  1.028477025562845e+00, -1.699168687019304e+01
s489        , -5.336235067101003e-01, -4.728861740758969e-01,  1.407841346897731e-01,  1.527420501049978e+00, -4.330603283907203e+01
s490        , -1.648273604531437e+00, -1.224763714834386e+00, -1.116130388394309e+00, -1.965536319177434e+00, -5.969009557369183e+01
s491        ,  7.228333429987273e-01,  8.324209915375518e-01,  1.227084876338238e-01,  2.238405211976251e+00,  2.109731716876729e+01
s492        , -9.260692223596583e-01, -9.037350571099000e-01,  3.818836083533372e-02, -4.432993494337844e-01, -4.484484012080381e+01
s493        , -5.201114240395055e-01, -1.885425121853150e-01,  8.508659434001168e-01, -2.401511429519628e+00,  3.002036615634241e+01
s494        ,  1.832055246002863e-02, -1.228597006795398e-01,  3.667453037174877e-01,  1.976433725803486e+00, -2.611174179372257e+01
s495        ,  2.383820600840625e-01,  4.784974814218346e-01, -2.471843182270406e-01,  2.077888078392146e+00, -1.749918808566133e+00
s496        , -7.978377098794708e-01, -3.989046992638944e-01, -9.106835792663237e-01, -2.135359287668126e+00, -8.499539554692833e+00
s497        ,  4.550356427377596e-01,  5.536824343429245e-01, -1.194840311833213e-01,  1.167265370525437e+00,  1.527536395744804e+01
s498        , -6.680642327437073e-01, -8.803039471526652e-01,  6.097136954090695e-01, -2.351359795895895e+00, -1.265520536903505e+01
s499        ,  8.575607855949897e-01,  8.907065699942529e-01,  3.532840893698723e-01,  1.935786809569418e+00,  3.113106328731924e+01
s500        , -1.692527892902983e-01, -1.175345206106035e-01,  2.170600199637425e-01,  2.305382182992908e-01, -6.521090091142264e+00
s501        , -6.422509788397670e-01, -5.877552761257387e-01,  4.075713877793661e-01, -5.884703311552474e-01, -2.040869427404020e+01
s502        ,  1.243213320474068e+00,  1.346328504107180e+00,  1.790004293612122e-01,  1.438789376259891e+00,  6.045892178000675e+01
s503        , -1.279877945312270e+00, -1.194079851033306e+00, -2.241320272760641e-01, -1.911475671974675e+00, -4.674624899183755e+01
s504        ,  1.209352307302353e-01,  1.078034925276802e-01,  7.201788146818533e-02,  1.488265691151199e+00, -1.113030499176466e+01
s505        , -1.237963369094699e+00, -1.063950828831432e+00, -2.282115832769860e-01, -1.725647182705463e+00, -4.175746290305399e+01
s506        , -1.696383544323350e-01, -5.964709325800283e-02,  3.416003062862096e-01,  1.242612810793130e+00, -1.394994205506245e+01
s507        , -1.230468344629726e+00, -8.856180923449669e-01,  8.091141052235240e-01, -9.575035998614665e-01, -2.729125115129188e+01
s508        , -2.371439343057282e-01, -2.345500466527655e-01, -1.188455046030799e+00, -6.313736852551615e-01, -2.130379409925814e+01
s509        , -1.639492376941975e-01, -2.383600157389685e-01,  4.384661757857963e-01,  3.121256815564417e-01, -1.135320346187653e+01
s510        ,  6.798876031058373e-01,  5.140796712486192e-01,  6.820892142940930e-01, -3.870320870262013e-01,  4.267559374987021e+01
s511        , -1.306302408071936e+00, -1.713334770042276e+00,  8.735846009961264e-01, -2.665437325298193e+00, -5.209875110188122e+01
s512        , -1.810398909331260e-01, -3.818186504508065e-01,  3.101780770026552e-01,  1.057246196972989e+00, -3.020315999403573e+01
s513        ,  7.546842351810933e-01,  9.064046739634710e-01, -5.147753431767219e-01,  1.732817759332801e+00,  2.292647315983999e+01
s514        , -1.659299996003214e+00, -1.662473880682976e+00, -3.659938345982308e-01, -2.379891075092159e+00, -6.923203374352050e+01
s515        , -2.345220738579200e-01, -4.416698301432783e-01,  1.185983313615024e-01,  2.140009130774494e+00, -4.931661594356995e+01
s516        , -1.737647836542105e+00, -1.712312214524666e+00,  2.993632904133510e-01, -2.257034399886670e+00, -6.466780350837831e+01
s517        , -1.327112675511377e+00, -1.123270101161264e+00, -2.732478996157317e-01, -1.371294260271015e+00, -5.000898593871516e+01
s518        , -4.005723114576410e-01, -7.818360475012842e-01, -2.670377686078906e-02,  9.012960597740614e-01, -5.525528088573365e+01
s519        , -7.627096815238132e-01, -7.336953284166779e-01,  1.167977808978453e+00, -3.104643485993166e+00,  1.219758427557826e+01
s520        ,  5.205308045053684e-01,  1.368203532424869e-01,  5.866374863192924e-01, -1.018723848421504e+00,  2.791702114728418e+01
s521        , -1.565970964052308e-01,  4.689160155858657e-02,  9.683463689971259e-01,  2.947458004688914e-01,  1.193663541344932e+01
s522        ,  9.369677526584559e-01,  8.545250936725177e-01, -1.234141597815242e+00,  6.123577387820175e-01,  2.409227715393148e+01
s523        , -1.137675297963781e+00, -1.077932824624080e+00,  6.127272881092649e-02, -8.440945222151994e-01, -4.943486050699146e+01
s524        , -1.043872792855045e+00, -1.293728243067202e+00,  1.098150053878143e+00, -4.373715841579104e+00, -4.714515948083846e+00
s525        , -4.052687326822306e-01, -4.047145411308037e-01,  5.128906573220855e-01,  1.058616892090307e+00, -2.880609536351903e+01
s526        , -9.078531683408999e-01, -8.294683003227401e-01, -2.465295697632840e-01, -1.833786975911617e+00, -2.751342056680302e+01
s527        , -2.354883271970434e-01, -5.574803146998965e-01,  7.456050052123655e-01, -2.749957174994529e+00,  1.214533911681611e+01
s528        ,  1.249426787716260e+00,  1.057485658957767e+00,  2.409312922102027e-01,  2.150026346651730e+00,  3.638993599056039e+01
s529        , -1.079712692195388e+00, -1.279208954264101e+00, -1.944161015727142e-01, -3.036848115673167e+00, -3.741177035750177e+01
s530        , -1.464169262892369e+00, -9.246468521162261e-01, -1.517814294666422e+00, -8.226403545835324e-01, -6.211735942725692e+01
s531        ,  8.870341112159444e-01,  1.057663634444946e+00,  5.458319737162607e-01,  1.386066945242834e+00,  4.977438264997375e+01
s532        ,  8.189742158633641e-01,  5.516807739143386e-01, -5.351328919016574e-03,  2.083918901500139e+00,  5.507583100437575e+00
s533        , -6.018468317011504e-01, -1.052196750559524e+00,  4.554400264324637e-01, -1.645481968805020e+00, -3.296980279772090e+01
s534        , -1.393564173594942e+00, -1.545415892872334e+00, -6.365161818565700e-01, -3.086621315329392e+00, -5.764422647834348e+01
s535        ,  1.247772269364924e+00,  1.087825937371373e+00, -1.492520839396234e-01,  1.507927292391324e+00,  4.072569001786714e+01
s536        ,  1.175565678381589e-01, -1.958141359081754e-02,  4.291550583817682e-01,  5.391461988071491e-01, -1.957315778829325e+00
s537        ,  1.371458952168796e-02, -2.218730036098242e-01,  2.813016202438396e-01, -9.345142888129340e-01,  2.678071452175990e+00
s538        ,  1.438921434076982e+00,  1.237511664236807e+00, -4.069835080639345e-01,  1.041331061899255e+00,  5.138877864702902e+01
s539        ,  4.815773172227232e-01,  1.429948243074305e-01,  1.528391894371262e-02,  1.552120166823513e+00, -1.068785880028980e+01
s540        , -7.238055425047152e-01, -8.064230263534984e-01,  1.091223335890751e+00, -2.732603445839326e+00,  2.554929746911092e+00
s541        ,  2.233900132878818e+00,  2.015505362114753e+00, -5.132851650673413e-01,  1.730870195770225e+00,  8.526224868274616e+01
s542        ,  4.148904574828530e-02, -1.432335273196828e-01, -3.547501756204210e-01, -2.445238470881528e-01, -9.788083931108964e+00
s543        ,  7.192492690821944e-01,  5.158040387027143e-01, -4.331872806596700e-01, -1.475007404541942e+00,  4.118329623166930e+01
s544        , -1.195051331046210e+00, -1.075053020312627e+00,  8.995889131825422e-01, -2.794348485160493e+00, -1.433197541287615e+01
s545        ,  1.551116853180877e-01,  2.868151979365200e-01,  3.074304115589843e-03,  7.840769941397999e-02,  1.519389492291534e+01
s546        , -5.623355357397409e-01, -2.773330498465811e-01,  7.056051610397251e-02,  5.986756429422300e-01, -2.193532355315271e+01
s547        ,  1.448160679819764e+00,  1.286236333745715e+00,  2.353380682751500e-01,  1.905781396209083e+00,  5.214084315034762e+01
s548        ,  3.848360583786407e-01,  3.618874979552363e-01, -3.101014183229692e-01,  3.335939091728133e-01,  1.212834506716756e+01
s549        , -1.115216456955655e+00, -1.476116166522044e+00,  1.671313594363460e-01, -3.209316451309035e+00, -4.155327056175117e+01
s550        , -2.045366715571642e+00, -2.006594548740738e+00, -2.051430967109535e-01, -2.690653357652350e+00, -8.262857504299626e+01
s551        ,  1.482005267115409e+00,  1.401565746437771e+00, -3.307955303542933e-01,  1.851626951400416e+00,  5.173876295279864e+01
s552        , -2.227828855322892e-01, -5.269933985451130e-01,  3.280115320309923e-01, -9.200881913899770e-01, -1.401268635932768e+01
s553        ,  1.297454412958832e-01,  1.394189983035157e-01,  2.213128873281487e-01,  7.023031645999800e-01,  2.215721633942418e+00
s554        ,  1.061901762942694e+00,  1.188675100300366e+00, -1.356405954091005e-01,  1.967495038034047e+00,  4.096830412282961e+01
s555        , -4.386884091748981e-01,  5.272457894644478e-02,  6.774931535095110e-01, -1.656848473587070e+00,  3.218351555306022e+01
s556        ,  3.941867714817063e-01,  4.432682511089424e-01,  1.156508422479071e-01, -3.390136162604147e-01,  3.056929108674294e+01
s557        , -8.951391675309346e-01, -6.373177037027007e-01, -2.002038164281248e-01, -2.278846334697588e+00, -1.067846152816061e+01
s558        ,  5.626259017835469e-01,  7.322696429219021e-01, -8.894105622906279e-02,  1.632112316870471e+00,  2.004523473364797e+01
s559        , -2.646400996406346e-02, -9.288800515634610e-02, -8.545373410750019e-01, -6.705622582190183e-01, -8.422540954374648e+00
s560        , -4.614794874684225e-01, -5.665820795403862e-01,  1.460001410079934e-01,  1.635831501549960e+00, -4.982064996802296e+01
s561        , -5.368862422565327e-01, -4.835996601723484e-01,  9.328304261280096e-01, -2.762115806761355e+00,  1.893650434424358e+01
s562        ,  1.314110066282131e+00,  1.171430307223902e+00, -2.573862806375782e-01,  2.496418527335988e+00,  3.192999126657761e+01
s563        ,  1.921771526510788e+00,  1.523250992684762e+00, -1.827453808666961e+00, -4.112018818838571e-01,  6.622801260942160e+01
s564        ,  8.001607223901942e-01,  8.888305609654301e-01,  4.573365408039354e-01,  1.897331640789811e+00,  3.288028794088390e+01
s565        , -5.562845031577306e-02,  3.638535904444612e-02, -3.552514674131017e-01,  1.580617894781269e+00, -2.195773309567293e+01
s566        ,  1.020041341313152e+00,  1.151272685741767e+00, -4.599706720117871e-01,  2.085341819691609e+00,  3.311147702674975e+01
s567        , -2.539691194509933e-01, -3.940832977233397e-01,  1.132713449663018e-01,  6.555136916296544e-02, -2.142415484581358e+01
s568        , -2.316202851259171e-01, -1.266411778374688e-01, -5.247227700590521e-01,  7.577611652298220e-01, -2.333921202913746e+01
s569        , -2.442891053411890e-01, -2.164848282751252e-01, -5.404333664095357e-01,  2.038348762745755e-01, -2.184129074938959e+01
s570        , -7.106433958989193e-02, -7.294043216623758e-02,  2.733400158365982e-01,  1.450307227294112e+00, -1.813774741100126e+01
s571        , -1.517261224362497e-01, -1.329492618126568e-01,  2.918093194390423e-01,  1.491107740619865e+00, -2.175956466358764e+01
s572        , -1.943188611921064e+00, -1.453089279127523e+00, -1.582525241108936e+00, -1.631694346850052e+00, -8.279535599439399e+01
s573        ,  4.755730333935128e-01,  3.534479423968352e-01,  2.904030962258233e-01,  6.643668149005745e-01,  1.561920933057749e+01
s574        , -3.521357752458716e-01, -3.801858512923303e-01, -1.768578293385380e+00, -1.462233881589046e+00, -2.707999302726827e+01
s575        , -2.101634380935241e-02, -4.324106521003062e-01,  6.287316920388942e-01, -2.409538731625120e-01, -1.297517051420743e+01
s576        ,  8.972128211862684e-01,  7.799565338151347e-01, -9.590954075293701e-02,  5.070808437543777e-01,  3.634655158632435e+01
s577        ,  3.519332247195900e-01,  3.981648708619180e-01,  3.941580169074436e-01,  1.816733747325355e-01,  2.539727040950005e+01
s578        , -4.676730825695681e-01, -4.854931314829919e-01,  4.548440704872637e-01,  3.808780964516509e-01, -2.585340810989650e+01
s579        , -5.850412346637100e-02, -9.894197887199530e-03, -5.933793708503154e-01,  1.133810366322657e+00, -2.228112957678712e+01
s580        , -9.183798967000043e-01, -1.012299380366200e+00, -2.669717152523341e-01, -2.046956996815503e+00, -3.545544070116235e+01
s581        ,  9.240377559230070e-02,  7.472810316615092e-02, -3.339173736244678e-01,  9.118781991350318e-01, -1.136717026443124e+01
s582        , -1.742244634920983e+00, -1.671034067251169e+00,  5.681559724010306e-01, -2.743092055223103e+00, -5.284390255178914e+01
s583        ,  7.055292745925379e-01,  5.247043497353494e-01,  1.436765140604723e-02,  1.974893030401875e+00,  5.584267094230373e+00
s584        , -3.175359681654383e-01, -9.636104348441307e-02,  1.046913257650761e-02,  5.971628647940130e-01, -1.255295532298334e+01
s585        , -1.018136882779183e+00, -9.560798308907408e-01, -5.031053527142419e-01, -2.769257632950450e+00, -2.663678636238619e+01
s586        ,  1.796431915125592e+00,  1.767247563274836e+00, -3.993954423137563e-01,  1.745306238486749e+00,  7.265973065407228e+01
s587        ,  1.528101545573583e+00,  1.725541200928102e+00,  5.910802319538000e-02,  3.039659105284980e+00,  6.064354324772321e+01
s588        , -1.493251816790637e+00, -1.584951514895977e+00,  7.948348167658932e-01, -3.347513584249691e+00, -3.762141827994296e+01
s589        , -1.919234877209601e-01, -1.610863365653903e-01, -7.490863177267908e-01,  8.918955369105175e-01, -2.989716789958259e+01
s590        , -1.474690448373283e+00, -1.643002518074320e+00, -2.548341350796579e-02, -2.419276479018012e+00, -6.312336896060811e+01
s591        , -7.075916964107042e-02, -1.271191634485245e-01,  1.506801038821406e-01,  1.547002818941825e+00, -2.399311404239271e+01
s592        ,  1.771261470718517e+00,  1.954570891564167e+00,  3.354619924160207e-01,  3.261036799490242e+00,  7.448844370178603e+01
s593        ,  9.576275984893917e-01,  6.211889556531764e-01,  9.243286106052913e-01, -5.818508546613815e-01,  5.429260302885439e+01
s594        ,  1.644504072992790e+00,  1.723921028266038e+00, -4.432210385729891e-01,  2.144651971520309e+00,  6.477402813053210e+01
s595        , -5.357649623549657e-01, -2.469563636359192e-01, -1.022011025591689e-01, -3.100625094615326e+00,  2.256992347069780e+01
s596        ,  6.346409254556347e-01,  7.824760323420021e-01, -1.017927518558751e-01,  6.756070096055939e-01,  3.435512116736699e+01
s597        , -1.925166625783171e+00, -2.208091746288576e+00,  8.291967288264036e-01, -3.292559369794869e+00, -7.283217787514663e+01
s598        ,  4.877766835626365e-01,  3.847904453915681e-01,  4.842216402517203e-01, -5.572477011451549e-01,  3.485411075138221e+01
s599        , -1.762506312086289e+00, -1.416271326304442e+00, -7.773547865217245e-01, -2.282766267087185e+00, -6.206674414215853e+01
s600        ,  3.925159363258416e-01,  8.414682310192256e-02,  4.974623306686223e-01,  1.713509801010431e+00, -9.538989873815666e+00
s601        , -2.895039831412950e-01, -2.472682177393812e-01,  5.340803412494213e-01,  6.630169994235049e-01, -1.485803274997109e+01
s602        ,  1.015619978504493e+00,  1.104777363898184e+00,  6.457232327078537e-01,  1.163520232758613e+00,  5.646402728318795e+01
s603        ,  1.530534275818686e+00,  1.517557822675296e+00, -3.413811438393691e-01,  2.085488488246857e+00,  5.526131165114137e+01
s604        ,  1.102137725135546e+00,  1.090772409587058e+00,  5.915961681508211e-01,  1.130847983334835e+00,  5.535490716862610e+01
s605        , -2.082111847210221e-02, -1.243568141825962e-01,  4.656576654241436e-01, -6.068086463306377e-01,  6.615051327205538e+00
s606        ,  9.842778583139866e-01,  6.843739859656508e-01, -1.050767310356848e+00, -1.147857528616638e+00,  3.843762126160919e+01
s607        , -1.138623824161354e+00, -1.236500979267890e+00,  6.454593284395334e-01, -2.310041822455715e+00, -3.268853516635008e+01
s608        , -4.177570888255018e-01, -5.392231372005991e-01,  2.290307381030176e-01, -1.423791102903151e-01, -2.549921593277924e+01
s609        ,  3.685164501033219e-01,  4.032185021338395e-01, -6.340663304790345e-01,  1.162946015640913e+00,  2.410258694448364e-02
s610        , -2.659779361808961e-01, -1.800004824965901e-02,  2.790755544124537e-01,  2.513190035283044e-01, -3.582068323982707e-01
s611        , -7.893175620146011e-01, -6.152664984988836e-01,  6.314799381169722e-01, -1.509605197843526e+00, -7.741845481042885e+00
s612        ,  4.551812262842944e-01,  5.217347263328579e-01, -8.469587900612463e-02,  1.991644234451699e-01,  2.574693185968253e+01
s613        , -1.906510824785770e+00, -2.079277361408360e+00, -1.980189762230382e-01, -3.773264855678893e+00, -7.341725144854895e+01
s614        ,  4.363873919671318e-01,  4.791586878761679e-01, -6.176347921205865e-01,  4.996325701009174e-01,  1.259486432386211e+01
s615        ,  2.289607222323559e-01,  2.199734589494686e-01,  1.620089878687863e-01,  8.461523107014908e-01,  4.196489021906671e+00
s616        ,  1.051114336732525e+00,  1.137559882119331e+00,  3.212992209403731e-02,  2.361840068920347e+00,  3.552414352051935e+01
s617        ,  9.612491509961185e-01,  8.569535448781589e-01,  7.403890489683669e-01,  9.215812889631640e-01,  4.675545338331331e+01
s618        ,  1.641704627639855e+00,  1.575838831849313e+00, -4.248257950952832e-01,  3.060674712179871e+00,  4.553435846688925e+01
s619        , -1.622899727833569e+00, -1.791173828581342e+00,  8.131742596864038e-01, -4.311823504217614e+00, -3.720319336855395e+01
s620        , -1.432198008011447e+00, -1.562891369389107e+00, -1.677964991160512e-01, -2.203565258543222e+00, -6.314911691546430e+01
s621        , -5.169781910985175e-01, -6.042746307018857e-01, -3.607009714162224e-02,  7.923262603582251e-01, -4.407885271189107e+01
s622        ,  7.834349958828789e-02,  4.627646431449409e-01,  2.606655119447687e-01, -7.478150423045622e-01,  3.857949226391607e+01
s623        ,  1.505481327993915e-01,  3.879355701852416e-01, -5.000521148510702e-01,  1.525559394852444e+00, -3.470260647652757e+00
s624        , -1.795745482905790e+00, -1.478843594905345e+00, -1.516811235670488e-01, -1.688752679066000e+00, -6.449031603824413e+01
s625        , -6.540205211871799e-01, -5.859719452484977e-01,  8.669903838197816e-01, -3.212765914291185e+00,  1.780404873835213e+01
s626        , -9.921730176745909e-02, -1.844139162912747e-02,  6.963446382331440e-02,  1.193953802832684e+00, -1.466443945920395e+01
s627        ,  1.003457009680013e-01,  1.668468543040760e-02, -3.513320289035250e-01,  8.306672202823264e-01, -1.386899965840296e+01
s628        , -7.262707774759888e-01, -6.023837994854202e-01, -2.577695075270432e-01, -3.013029379470503e+00, -5.322854857219594e-01
s629        ,  9.013378522352091e-01,  1.030501954495945e+00,  3.096949031083929e-01,  3.000247020235727e+00,  2.542474148059827e+01
s630        ,  2.883264293170171e-01,  8.323550029021781e-02,  3.405206409970141e-01,  1.548109800552314e+00, -9.663841616621362e+00
s631        , -4.308621051856988e-01, -8.242586633845846e-02, -2.964172884087022e-01, -7.025582989498184e-02, -7.720559226239178e+00
s632        , -2.552616433847757e-02,  2.631484639178665e-01, -3.930644646308101e-02,  5.523043693749208e-01,  7.522732559824901e+00
s633        , -2.361941375317399e+00, -2.633927995865360e+00,  2.381152599424398e-01, -3.287529213929199e+00, -1.046824083423347e+02
s634        , -1.741723873388839e-01, -7.340608238901741e-02, -2.233795745450817e-02,  1.543591603425311e+00, -2.323899703122984e+01
s635        , -1.887226794633780e+00, -2.431148674297404e+00,  2.152497743212469e-01, -4.760310795248627e+00, -7.564251258832435e+01
s636        ,  5.559866372520853e-01,  4.004794521086304e-01, -4.356047105363670e-02,  1.045268180965565e+00,  9.169253874080159e+00
s637        ,  5.224165136667182e-01,  7.441181413345523e-01, -5.967631791891203e-01,  1.555319301290491e+00,  1.488377792578774e+01
s638        , -9.017862751888349e-01, -8.138849220096058e-01,  9.974399442480508e-02, -3.052187724914249e+00, -7.172417883507898e+00
s639        ,  4.059987622661941e-02,  9.008146387572323e-02,  4.396516169337165e-01,  1.176991359343184e+00, -3.434634468935884e+00
s640        ,  1.793715557338358e-01,  3.168379282867320e-01, -1.863151962433990e-02,  1.165051316705708e+00,  3.343229516010875e+00
s641        , -1.502090098725329e+00, -1.271093088972376e+00, -2.186024394646302e-01, -1.570460538739614e+00, -5.515550523271489e+01
s642        , -1.255445500732830e+00, -1.428236836579654e+00,  4.802255689178719e-01, -2.347411585660256e+00, -4.520228112005724e+01
s643        ,  2.659311374869887e-02, -6.219205974978684e-02, -4.865462296307460e-01, -6.255987974703994e-01, -2.345804116834426e+00
s644        ,  5.978067737156746e-01,  7.027963786655380e-01,  9.947651682580712e-01,  5.665930761459418e-01,  4.581287955937083e+01
s645        , -1.614381328938929e-01, -9.422954403952766e-02,  3.229729606172624e-01,  1.420487553035669e+00, -1.830888692053824e+01
s646        , -7.340994125406998e-01, -9.428066005586955e-01, -9.608085523539978e-03, -1.652175581974885e+00, -3.293782708617969e+01
s647        , -1.496428190082178e-01,  7.031802131776815e-03, -3.938132491047535e-01,  7.207165158213678e-01, -1.363644946527135e+01
s648        , -4.884218476882379e-01, -4.148035410071404e-01, -5.463627479870649e-01, -2.277429177718076e+00, -2.808445509803943e+00
s649        , -5.843001747665787e-01, -6.080958252203028e-01, -6.517986199753477e-01, -1.541690255679232e+00, -2.403856840178463e+01
s650        ,  7.524274850037658e-01,  5.440239682644347e-01,  3.847701350371135e-01,  3.343388785532472e-01,  3.160313991554023e+01
s651        , -1.389027741701250e+00, -1.320243438092659e+00, -1.383720662128067e+00, -2.235051722053763e+00, -6.533063215662881e+01
s652        , -2.566043711440669e+00, -2.637278003815705e+00, -1.670315255008077e-01, -2.700371501079330e+00, -1.174246066812025e+02
s653        , -1.007282708793189e+00, -7.879266724366916e-01,  4.646118325592090e-01, -1.624430737585062e+00, -1.826167842290794e+01
s654        , -1.044226385778375e+00, -1.087059743477423e+00, -4.264178574430044e-02, -2.160720201649716e+00, -3.527977078694880e+01
s655        , -6.127047200082997e-01, -5.242356637256618e-01,  3.301946170882997e-01, -7.497928938180592e-01, -1.590487824358442e+01
s656        , -9.677099452782351e-01, -4.194700730562088e-01, -6.700584201799579e-01, -2.570001545709483e-02, -3.216984046130986e+01
s657        , -9.543477553558062e-02,  2.769172358850697e-02,  6.966858941235377e-02,  9.090927265443611e-01, -8.600056990332698e+00
s658        ,  2.152611224039404e+00,  2.364585930414420e+00, -2.469906068868983e-01,  3.817992537734987e+00,  8.296958287060663e+01
s659        ,  7.601680812147134e-01,  6.919033220962630e-01, -4.149639613917444e-02,  1.949778756046014e+00,  1.453711527961216e+01
s660        , -8.552740445977219e-01, -7.429759852063236e-01,  2.426169490316958e-01, -4.532983534743430e-02, -3.794514592877493e+01
s661        , -8.587465647638401e-01, -1.035305512287772e+00, -2.055777644493318e-01, -2.490994875267504e+00, -3.051644719793442e+01
s662        ,  2.292650657012456e+00,  2.477848718145673e+00, -1.458562467117320e-01,  4.064507783637778e+00,  8.767245443797525e+01
s663        , -7.424589206994223e-01, -6.055724324118281e-01, -2.082018288922344e-01, -8.653706796585769e-01, -2.623439029225572e+01
s664        ,  1.170121236794572e+00,  1.365145413325321e+00, -3.976979369545467e-01,  2.462215660896047e+00,  4.135824260745811e+01
s665        , -9.550555766428818e-02, -9.308379559189127e-02,  6.465652473276858e-01, -2.561269897513216e-01,  6.505472423900748e+00
s666        ,  6.314775109494175e-01,  8.656756795595153e-01,  3.798781765657133e-01,  1.333236596591172e+00,  3.742537586840047e+01
s667        ,  9.502651428335526e-01,  8.931100888330882e-01, -2.527360769586087e-01,  4.024648293174374e-01,  4.188859332540392e+01
s668        , -1.539888656744302e+00, -1.593042864797688e+00,  7.334018402440490e-01, -3.812167711279707e+00, -3.322920091851388e+01
s669        , -7.817282530962720e-01, -7.375668979299045e-01,  5.340505193902616e-01, -1.956441915264228e-01, -3.192749655771243e+01
s670        ,  1.305183965640755e+00,  1.257958396990796e+00, -2.369534794675094e-01,  2.739441503029682e+00,  3.409911701440002e+01
s671        ,  4.799138388405841e-01,  2.512591473433471e-01,  5.297485218604422e-01, -4.038775831112612e-02,  2.165941240235372e+01
s672        ,  3.973005628545346e-02,  4.729061989021999e-02,  8.521549531119955e-01, -1.181239944168079e+00,  2.840607883712489e+01
s673        , -1.414611532455524e-01,  7.190777246289032e-02, -4.798746927179619e-01,  1.548988916380897e+00, -2.123675148369195e+01
s674        ,  2.903659687553911e-01,  3.841280025554716e-01,  6.827582744377592e-02,  1.329409498589621e+00,  6.276204859199534e+00
s675        ,  1.026086479328726e+00,  1.076057731277762e+00,  3.947988973375571e-02,  2.578466680383277e+00,  2.952678604349715e+01
s676        , -6.754288667653827e-02, -2.018677453252686e-01, -5.634453576103903e-01, -7.459795286301231e-01, -9.747149385284356e+00
s677        ,  1.605266818482901e+00,  1.420118474070189e+00, -5.588411431230267e-02,  1.608084970486458e+00,  5.941116195118443e+01
s678        ,  1.084789537255858e-01,  2.312010353357129e-01,  3.616476203906505e-01,  1.230907069573044e+00,  2.795123231204190e+00
s679        , -2.992012028639636e-01, -2.878437445202316e-01,  3.857670044655894e-01,  1.084496700107406e+00, -2.425063337685720e+01
s680        ,  8.990202473369718e-01,  8.503927907446720e-01,  1.497599845407698e-01,  2.367780291642221e+00,  2.088969132418795e+01
s681        ,  5.643835559735575e-01,  5.877553809863398e-01, -5.681886082279697e-02,  1.104994944753084e+00,  1.878279712218716e+01
s682        , -5.946014640649122e-01, -7.489394016377875e-01,  6.520465336888920e-02,  1.122527063403116e+00, -5.488075857656204e+01
s683        , -6.016194601328428e-01, -3.911331825309398e-01,  1.320073883708201e+00, -3.019642481601191e+00,  3.242676432756303e+01
s684        , -1.092230320268682e+00, -7.050893400338210e-01, -7.277676802904529e-01, -1.968978966335625e+00, -2.528863541893745e+01
s685        , -1.049541099357342e+00, -1.088041405113607e+00, -2.882576550607803e-01,  1.801150500899255e-01, -6.714426808515641e+01
s686        , -3.882296162024126e-01, -3.429828111947460e-01, -3.268435131306412e-01,  1.093005370923491e+00, -3.694173317229553e+01
s687        , -1.289479776127262e+00, -1.354828540133797e+00,  6.650317397582196e-01, -3.664648353457761e+00, -2.255902031986895e+01
s688        ,  1.174200481057901e+00,  1.084579248203150e+00,  2.459915123204426e-03,  4.961952078221908e-01,  5.489835203612111e+01
s689        , -2.594548196962304e-02,  4.733655405056519e-03,  1.309790192433153e-01,  1.235845744959399e+00, -1.305656451710440e+01
s690        ,  4.711059702108155e-01,  2.838271199628101e-01, -3.655791630542355e-01, -1.080578639941921e+00,  2.424613475856784e+01
s691        ,  9.245223879507848e-01,  9.115884003169430e-01, -1.196841416914149e-01,  2.014726408687117e+00,  2.504252952204222e+01
s692        ,  1.066847762125763e+00,  1.142418196691825e+00, -1.568499584382765e-03,  2.294911416873884e+00,  3.616417512310026e+01
s693        ,  6.254387821095569e-01,  6.679992563551223e-01, -6.442477179538073e-01,  1.041468591239255e+00,  1.624080065940712e+01
s694        , -5.171349029224964e-01, -1.933641274011846e-01,  8.282905673170426e-02, -3.080832459458479e+00,  2.780282814102738e+01
s695        , -1.267384161897314e+00, -1.021396181665448e+00, -1.453196511103862e+00, -1.591969472812763e+00, -5.731140326029778e+01
s696        , -4.788650652000022e-01, -4.376694321447818e-01,  8.519532123554686e-01, -3.057489981469368e+00,  2.404008977780354e+01
s697        , -3.220149437916258e-01, -1.774721821577639e-01, -5.464347221544652e-02,  1.398357300771473e+00, -2.774344746041951e+01
s698        , -1.380331688121128e+00, -1.240935348259399e+00, -1.074576544773749e+00, -1.523558362328317e+00, -6.543332626734944e+01
s699        ,  1.594942071124517e+00,  1.507587110147191e+00, -3.824909512792810e-01,  2.448436607405814e+00,  4.972893502297629e+01
s700        ,  1.292968973461459e+00,  1.286667700944037e+00, -5.890839539700674e-01,  1.628258974025593e+00,  4.456887993239394e+01
s701        ,  5.937524925456381e-01,  4.014585745980286e-01,  3.361692521037370e-01,  7.841190589084239e-01,  1.746525960664049e+01
s702        ,  9.323059097091277e-01,  9.279373413431788e-01, -1.724213240741339e-01,  1.354329558319253e+00,  3.330963098166730e+01
s703        , -3.788357179143477e-01, -1.477626860578375e-01,  4.250131525816114e-01, -3.124362870554503e+00,  3.545190179446490e+01
s704        , -4.335664235266130e-01, -4.202494601955576e-01,  2.053531051967554e-01,  1.291139028789010e+00, -3.660916496616287e+01
s705        ,  1.028207628094288e-01,  1.655986894121773e-01,  4.246601009818500e-01,  4.590282891356507e-01,  9.360141821796050e+00
s706        , -9.693990214196425e-01, -7.937665231192012e-01,  2.396846667821066e-01, -1.534848760037602e+00, -2.267737512807750e+01
s707        , -4.022383612473933e-01, -5.362475713919039e-01, -1.675415490026367e-01,  2.555995948680048e-01, -3.546557271361627e+01
s708        , -4.176881010209963e-01, -4.099635032493921e-01, -1.392894092385541e+00, -5.252076732537204e-02, -4.093560431277437e+01
s709        , -5.070250417068456e-01, -8.005824773509171e-01,  2.002788680155213e-01,  7.492166531364920e-01, -5.143115113386200e+01
s710        , -6.560408805167797e-01, -9.409905486855327e-01,  7.824705542982530e-01, -2.782475265963122e+00, -8.506938985383702e+00
s711        , -7.281768921318991e-01, -8.253757321789359e-01,  7.032980446082023e-01, -3.146043104728668e+00,  1.364538209320444e+00
s712        ,  1.638529471594250e+00,  1.656329279417204e+00, -4.373526358837112e-01,  2.545603066439966e+00,  5.616772970580320e+01
s713        , -2.681291651109597e-01, -9.318722823273501e-02, -5.987659347088503e-02,  1.281176972097733e+00, -2.165070934284188e+01
s714        ,  1.813117241484988e+00,  2.030660199521426e+00, -5.802983566889797e-02,  3.749510633246204e+00,  6.756624535786636e+01
s715        ,  5.902106972748544e-01,  6.413064383842518e-01, -2.220937336617148e-01,  1.868171513300769e+00,  1.028509146974718e+01
s716        ,  1.256825138045294e+00,  1.482779873956238e+00, -8.459947940875612e-02,  2.557666576342450e+00,  5.097127130783439e+01
s717        ,  1.935429652037489e-01, -1.763451995506961e-01,  3.311260123059091e-01,  6.232308079647775e-01, -1.309255096200535e+01
s718        , -9.717462693594499e-01, -9.463362727773796e-01, -1.210841064936239e+00, -2.028414026958421e+00, -4.454711053726628e+01
s719        , -1.005002399040077e+00, -9.948233935333590e-01,  2.619329475193612e-01, -1.998959498094661e+00, -2.801515001077154e+01
s720        , -1.084502233578804e+00, -1.419432344101185e+00,  7.695262025074486e-01, -3.301946420368503e+00, -2.921769199272947e+01
s721        ,  1.202728817719904e+00,  1.079431102519884e+00, -2.113355502150868e-01,  2.159034410297891e+00,  3.148940895137192e+01
s722        , -8.687581931338572e-01, -8.852731685439199e-01,  6.342456204417595e-01, -3.165256345808331e+00, -2.684974726569480e+00
s723        , -8.228918435433465e-02, -1.159607582742333e-01, -1.154225556885148e+00, -1.464523258740749e+00, -4.030075802894986e+00
s724        , -4.319725882125269e-01, -3.040337088384832e-01,  1.662368476291619e-01, -1.766673134636035e+00,  6.676378306022841e+00
s725        ,  2.076224205209437e-01, -1.121260666924732e-01,  6.561412641313957e-01, -6.111778572847106e-01,  9.892102365693740e+00
s726        ,  1.218751687971090e+00,  1.135655526618233e+00,  3.787348058933433e-01,  1.456442306497930e+00,  5.107139505217849e+01
s727        , -4.191973947875540e-01, -3.033587811853868e-01, -1.251186784117580e+00,  4.538755204826935e-01, -3.923466890685842e+01
s728        , -6.090434041993623e-01, -1.858788450892486e-01, -5.082131255933428e-01, -8.334513151641891e-01, -7.047148602097288e+00
s729        ,  9.718089694740940e-01,  8.535353604400308e-01, -3.637135402456629e-01,  3.032842914238635e-01,  3.939706220743665e+01
s730        ,  2.269628290273034e-01,  2.451865997428751e-01,  3.448882545035230e-01,  1.319363026080048e+00,  2.279006757912529e+00
s731        ,  8.255797233596714e-01,  9.053199189437148e-01,  7.489141785674636e-01,  4.921933685020377e-01,  5.482034591953376e+01
s732        ,  1.498830275111732e+00,  1.225966241904104e+00, -2.272320758000143e-01,  2.472902665540638e+00,  3.568126490474449e+01
s733        , -8.897216148319836e-01, -1.145310873025460e+00,  8.559822516031128e-01, -1.783961669979135e+00, -3.117684879172800e+01
s734        ,  5.730515015964993e-01,  3.820250411382463e-01,  5.702809258783833e-01,  1.074096010279660e+00,  1.595641753088574e+01
s735        , -4.493104523117364e-01, -2.236381286187846e-01,  4.315608434273719e-01,  1.245245122441917e-01, -8.331182041901965e+00
s736        ,  9.253604820479431e-01,  8.656187287139382e-01,  7.814275247026059e-02,  8.970687662965384e-01,  3.872121828913758e+01
s737        , -7.641264386628301e-01, -8.634444887339146e-01,  1.024745509985020e+00, -2.319387098420361e+00, -6.570727204801390e+00
s738        ,  1.093494957500644e+00,  9.467704497998013e-01,  2.543219468390696e-01,  2.339827729751865e+00,  2.803603621448843e+01
s739        ,  3.235386076744294e-01,  7.640576537470195e-02,  6.543754841348711e-01, -2.998268279286325e-01,  1.666156649302767e+01
s740        ,  9.523024838580033e-01,  8.863032977815263e-01,  4.444544323577426e-01,  1.809333322072556e+00,  3.363961257720958e+01
s741        , -4.683237856465198e-01, -3.253088361168909e-01,  9.982983236475218e-02,  1.097495060155235e+00, -3.032140804309895e+01
s742        ,  1.206631327064570e+00,  1.284024760592115e+00, -4.599896884955505e-01,  1.925164929296447e+00,  4.251998433993446e+01
s743        ,  5.593827587743279e-02, -7.056434731326888e-02,  1.680712563602775e-01,  3.271004010595453e+00, -4.160326197672862e+01
s744        , -1.602853178165513e-01, -2.426868671315197e-01,  2.065229943800595e-01,  5.785712867667892e-01, -1.793359289267232e+01
s745        , -5.306178829342441e-01, -4.669377639091222e-01,  1.628674939594558e-01, -1.695839161912538e+00, -3.381505595548796e+00
s746        ,  6.509625117887479e-01,  7.660591427068917e-01, -1.452762794609646e-01,  9.962155109800177e-01,  2.894526753683607e+01
s747        , -5.126484862205682e-01, -5.456535035975252e-01,  6.641271218542825e-01, -6.699548811232106e-01, -1.363385393852242e+01
s748        , -7.766421657116760e-01, -6.641867753680818e-01,  2.957955120288258e-01,  6.663821579372800e-01, -4.148858180881941e+01
s749        , -2.162768438186639e-01, -3.560562355160077e-01,  3.949612774420127e-01, -2.113657197292627e+00,  1.103094452794089e+01
s750        , -7.494903637093456e-02, -3.174140511553742e-01, -1.267916809029375e+00, -1.001582760427856e+00, -2.250268426685763e+01
s751        , -1.132573444571337e+00, -6.743951539043220e-01,  4.517481055019457e-02,  9.508241767105537e-01, -4.886745393831201e+01
s752        ,  1.560177551100659e+00,  1.491941600591605e+00, -1.944482887405625e-01,  2.281466543284847e+00,  5.339016566246536e+01
s753        , -9.778812152465644e-01, -7.597016697249013e-01, -8.356781477049147e-01, -1.003631374064083e+00, -4.156208340796804e+01
s754        ,  8.187766647944796e-01,  6.696818136738215e-01, -1.041180164979368e-01,  1.938043612867821e+00,  1.259813130925697e+01
s755        , -1.210746771791428e+00, -1.015152706761112e+00,  4.667907372316105e-01, -2.956354797131644e+00, -1.475658046373061e+01
s756        , -4.332253543244241e-02, -2.470805141336502e-01,  3.520856063957445e-01,  1.674895729047274e+00, -2.960759288605333e+01
s757        ,  6.046843465793931e-01,  3.732457258956441e-01,  2.911855788421323e-01,  1.605320924366306e+00,  5.269933790347851e+00
s758        ,  7.853283269182638e-01,  7.166011371311547e-01, -1.069940726733940e-01,  1.702094360986809e+00,  1.807160528494167e+01
s759        , -4.512800599860263e-01, -5.600006299389917e-01, -1.826041768290666e+00, -1.708595517929192e+00, -3.494099644295352e+01
s760        ,  2.133127133712616e-01,  2.646845626864772e-01,  1.158994573185505e-01,  4.172661382298309e-01,  1.132234667627090e+01
s761        , -1.372370955930419e+00, -9.145891119163720e-01, -8.312495407720473e-01, -2.750141743916112e-01, -5.908522126875364e+01
s762        ,  1.452970431080306e+00,  1.643570517964412e+00,  2.341715295077680e-01,  3.337749673541553e+00,  5.473701084039343e+01
s763        , -1.593336135067460e-01, -3.058837784328654e-01,  3.108147028708022e-01,  9.302990859055743e-01, -2.438215625880989e+01
s764        ,  1.129930705304393e-01,  1.872578643871460e-01,  8.342269766878451e-01, -1.169668302894475e+00,  3.588744255228489e+01
s765        ,  1.677207924737715e-01,  1.254271040576289e-01,  2.365140286745837e-01,  1.273423375860371e+00, -5.330484861758466e+00
s766        ,  5.961954984880359e-01,  5.440073312248899e-01,  4.476933130536472e-01,  1.247638593949852e+00,  2.130572977111490e+01
s767        , -9.375424158088497e-03, -2.124093980053882e-01, -6.795441929964918e-02, -1.355424816462547e+00,  3.689746144812250e+00
s768        , -8.411067604869058e-01, -3.939169242993338e-01, -3.509934535353336e-01, -1.937890692831208e+00, -3.172920367843367e+00
s769        , -1.631013149721456e+00, -1.749381870153596e+00, -2.084824542208028e-01, -6.327978262313380e-01, -9.331512528250650e+01
s770        , -1.228187901814855e+00, -1.221693110570071e+00,  1.048739571831347e-02,  1.419238177454731e+00, -8.577884810342600e+01
s771        ,  9.328417972171988e-01,  9.092019183231231e-01,  3.470988064817624e-01,  3.848454287513977e-01,  5.099575539061102e+01
s772        , -9.596604783247586e-02, -3.198420365358584e-02, -4.933848280745357e-01,  1.010399204874044e+00, -2.068551875879659e+01
s773        , -9.831278135606507e-01, -1.051249464385840e+00,  4.556803585282017e-01, -3.126887315142171e+00, -1.485286221679723e+01
s774        , -2.033459030028846e+00, -1.825389100039364e+00, -3.264720955155569e-01, -2.428808338348021e+00, -7.725937793957836e+01
s775        , -6.607780820803044e-01, -6.039755765826794e-01,  1.178559140359891e+00, -1.035502212680427e+00, -5.601749063548310e+00
s776        ,  1.215325319114621e+00,  1.369359224654103e+00, -1.994096626865475e-01,  1.715405239204666e+00,  5.334043122044793e+01
s777        ,  4.760210780336026e-01,  2.389025093662708e-01, -1.370358937388760e+00, -1.442867351192655e+00,  1.275820532462082e+01
s778        ,  2.142801356098008e-01,  3.980127615029502e-01, -4.562065980883439e-01,  1.362536986148600e+00, -3.328616274604355e-01
s779        , -1.470608055270920e+00, -1.388816309899955e+00,  4.493192019253134e-01, -1.269178929462459e+00, -5.654511328612582e+01
s780        ,  1.453146522973686e-01,  6.938767498250342e-03,  2.449903629917092e-01,  1.807290959964827e+00, -1.838108682718773e+01
s781        ,  1.109240315344008e+00,  1.197702429646653e+00,  2.504435221093508e-01,  1.031530356667284e+00,  5.802796751219682e+01
s782        ,  7.695424724410216e-02,  6.249205222700949e-02,  3.375081799114896e-01,  6.840732247430615e-01, -3.351168660812157e-01
s783        , -7.894231608208058e-01, -5.494315339489284e-01,  9.166604374150725e-01, -3.402044854479394e+00,  2.282542068772943e+01
s784        ,  9.832415361728466e-01,  5.716261744298632e-01, -3.124526922046101e-01, -1.209065065705086e-01,  2.941795426450323e+01
s785        ,  5.886112315649437e-01,  5.880670839828959e-01, -5.813125995309507e-01,  2.477712894657042e-01,  2.226596036125151e+01
s786        , -2.620848509633372e-02,  1.246658911937703e-02,  2.711628357625115e-01,  8.922267893929547e-02,  3.223753709740218e+00
s787        ,  8.241728815006354e-01,  3.200750174848493e-01, -3.145849385184418e-02,  2.261075293630421e+00, -1.000795302046048e+01
s788        ,  4.759016983835212e-01,  4.346509005102691e-01, -5.691838715934483e-01,  7.044780655898973e-01,  8.242997625819395e+00
s789        , -1.007342786777141e+00, -1.194155292676619e+00, -2.294187045172555e-01, -3.960921913517067e+00, -2.183509395788698e+01
s790        , -8.094162460092497e-01, -5.111284763026414e-01, -5.091603976854799e-01, -2.034644256640616e+00, -1.068294692400929e+01
s791        ,  5.705555442811846e-01,  5.321709767437927e-01, -4.075120820775071e-01,  1.359200630246553e+00,  7.891265297374108e+00
s792        , -1.035864338805942e+00, -8.724670222974263e-01,  6.294239397630572e-01, -2.291454706521791e+00, -1.268288005994343e+01
s793        , -1.498582767952144e-01, -3.421512939693577e-02,  1.243352596833220e+00, -4.437950470792067e-01,  2.004773733047499e+01
s794        ,  2.280617797563588e-01,  3.946956522757893e-01,  8.585160393437760e-01, -4.327548623063870e-01,  3.887750959755201e+01
s795        , -4.151258976430172e-01, -3.029520014095594e-01,  4.258572419092521e-02,  1.158545992213387e+00, -3.057242084057275e+01
s796        ,  7.548647250689058e-01,  9.126217106237612e-01, -4.164909130301356e-01,  1.959815700659423e+00,  2.181715377353571e+01
s797        ,  1.447952712683449e+00,  1.113773250104264e+00, -1.786843765950741e+00, -6.406321518606595e-01,  4.656780148590977e+01
s798        ,  1.064853965398538e+00,  8.940202326694595e-01,  2.470232210404413e-01,  2.547710708113224e+00,  2.244173500445502e+01
s799        , -5.069554785822377e-01, -3.887226491613260e-02,  1.208928272236636e+00, -4.328084184201624e+00,  6.668297564845334e+01
s800        , -9.315847236743398e-01, -1.073672389560554e+00,  2.240703902766289e-01, -1.789026416419200e+00, -3.550731949507009e+01
s801        ,  9.104636181068654e-02, -1.068574268818517e-01,  1.579148474876544e-01, -8.621897987865902e-01,  6.612873518957329e+00
s802        , -1.700965738434856e+00, -1.253066150989413e+00, -5.246343190355947e-01, -1.169545256846418e+00, -6.310649748581767e+01
s803        , -9.506056245870035e-01, -6.755876971849961e-01, -4.550017535122945e-01, -1.382760367046069e+00, -2.714588496447000e+01
s804        ,  2.069942262873753e+00,  2.172022758080268e+00, -2.359296564281055e-01,  3.477635385484293e+00,  7.645112048860885e+01
s805        , -6.414178242260793e-01, -6.940747668076500e-01,  1.538382762462807e+00, -2.627225031964702e+00,  1.353544594556370e+01
s806        , -7.253070023190913e-01, -6.383388790143973e-01, -5.863910312791099e-04, -4.547977377036084e-01, -3.031518982877102e+01
s807        ,  5.484542484121483e-01,  5.701691363698098e-01, -1.412389471645235e+00,  5.087607514852210e-02,  1.259294414333332e+01
s808        , -1.482202071480258e+00, -1.651854487704739e+00,  1.381638520635531e+00, -2.895254811278537e+00, -3.907768797852729e+01
s809        , -1.517909024869592e-01, -1.228300539042569e-01,  1.567576754388000e-01,  1.422659744972494e+00, -2.215535010683428e+01
s810        , -5.243890825004432e-01, -5.802376975202734e-01, -8.804248403911905e-01, -3.090908103386563e-01, -4.054597980043137e+01
s811        , -8.402207079652194e-01, -6.798508580291225e-01, -1.575663465314101e-01, -1.540109587035676e+00, -2.150577589291551e+01
s812        , -1.837554634883737e+00, -1.431715733010261e+00, -2.361682391393314e-01, -1.655866704499897e+00, -6.336952220248013e+01
s813        , -1.305458046196112e+00, -1.284238939771306e+00,  2.766449082019224e-01, -2.508053146387077e+00, -3.786751334571555e+01
s814        ,  9.601020837191020e-01,  5.832974752944559e-01, -6.798876969860514e-01, -5.617457170857615e-01,  3.055447721173865e+01
s815        , -2.071547047876009e-01, -2.363865619410104e-01,  8.204444697719248e-01, -1.005599622850545e+00,  9.909830950756701e+00
s816        ,  1.086281096001821e+00,  9.195487118317828e-01,  4.895881624150014e-01,  1.585122129679605e+00,  3.884138401955561e+01
s817        , -6.950199443354254e-01, -7.060830995353634e-01, -5.673595876824664e-01, -1.549276679272424e+00, -2.832493984700465e+01
s818        , -2.042921524283320e-01, -2.651117673602756e-01, -1.433712218477134e-01,  7.170906491830769e-01, -2.554170520911763e+01
s819        , -1.174085534063621e+00, -1.145968143846324e+00, -4.508283031944460e-01, -3.069677341840539e+00, -3.294299974606584e+01
s820        , -4.418897943240204e-01, -6.620852114153274e-01,  2.608834586092577e-01,  1.608195861475881e+00, -5.331761565102831e+01
s821        , -1.211161791292892e+00, -1.226746434341972e+00, -3.777624870886169e-01, -1.172793267840942e+00, -5.963263320927923e+01
s822        ,  2.603756505819580e-01, -4.430136992519312e-02, -4.133570317390656e-01,  2.629211981284765e-01, -1.119863269595635e+01
s823        ,  6.199991222555385e-01,  4.529528436439458e-01,  6.105672344898432e-01,  1.380399181933032e-01,  3.188849596812616e+01
s824        , -1.854748548283659e+00, -1.863297822122155e+00, -8.356388567645778e-01, -2.891632280950518e+00, -8.052704493913514e+01
s825        , -2.925657132343389e-01, -1.133296011112681e-01,  4.574299312899399e-01,  4.048592516214771e-01, -5.208923547232221e+00
s826        , -1.096505403479755e+00, -1.100827251128819e+00, -5.498971211602177e-02, -2.013210944326585e+00, -3.801582352386285e+01
s827        , -6.487388694069519e-02,  5.718160815667055e-01,  1.347400362297139e+00, -2.634431025195115e+00,  8.217804661894709e+01
s828        , -5.631644114900024e-01, -5.623555955303696e-01,  5.762618569776938e-01,  7.194846034863388e-01, -3.268143950729400e+01
s829        ,  9.396149132061843e-01,  1.094903079336107e+00,  7.900454972780691e-01,  8.615627642936715e-01,  6.151282817768695e+01
s830        , -1.058909335821911e-01, -2.811566927394889e-01,  5.774196173755574e-01,  3.178142319736753e-01, -1.197563973865508e+01
s831        ,  1.916013365790170e-02,  2.049903711730469e-01,  9.627891982003178e-02, -1.726667430594978e+00,  3.384608271853848e+01
s832        ,  1.966479662680959e+00,  1.665093783506033e+00, -4.121040291245378e-01,  1.286989997864617e+00,  7.234061036000368e+01
s833        , -3.620791385089753e-01, -2.340561905210844e-01,  2.028649031244838e-01,  7.389659310603909e-01, -1.945302213851155e+01
s834        , -7.529060995547020e-01, -6.335333023751735e-01,  1.096793431013305e-01,  7.158025724836998e-01, -4.284813423202794e+01
s835        ,  8.955601758309945e-01,  1.073443499659423e+00,  6.992583051038781e-02,  2.260494325842848e+00,  3.366199220809119e+01
s836        , -3.511452156713288e-01, -3.753764690696135e-01,  2.784199780809271e-01,  2.073835228306146e+00, -4.265802319567327e+01
s837        ,  2.142601060729459e+00,  2.129426385477187e+00, -6.352355332060222e-01,  2.875044851016450e+00,  7.608725683350366e+01
s838        ,  1.028409428393702e+00,  9.644740303039046e-01,  5.806351178666771e-01,  1.540134216453323e+00,  4.312562353274792e+01
s839        , -9.381248660546658e-01, -6.075459209047175e-01,  5.849975583914817e-01, -1.952402744943746e+00, -2.528910793386249e+00
s840        ,  1.041568016558684e+00,  8.899519870397332e-01,  2.680563287348066e-01,  4.797742592335508e-01,  4.770458427260423e+01
s841        , -3.031960082211786e-01, -3.801559357484694e-01,  1.581507686774681e-01,  4.993899751031859e-01, -2.533336712144761e+01
s842        ,  1.545481033371346e+00,  1.523974264940954e+00, -1.936425137156426e-01,  2.331951390771181e+00,  5.458451296734061e+01
s843        ,  9.376075098808509e-02,  2.182088112094211e-01,  1.228931556919641e-01,  1.285112972774820e+00, -1.775147724731011e+00
s844        ,  2.260200226388619e+00,  2.359873728819115e+00, -1.586713756712493e-01,  3.815186222489321e+00,  8.391536728491477e+01
s845        ,  7.631813505267834e-02, -1.107299681088372e-01, -7.725776122910410e-02, -6.320294739645699e-02, -6.477479442874971e+00
s846        , -7.719312092337802e-01, -6.477099813053723e-01,  5.220319180239306e-01, -2.681035056276871e+00,  3.259830939625441e+00
s847        ,  8.390061559731493e-02,  1.666777323596336e-01,  2.294169058125410e-01,  1.321590835867099e+00, -3.695412297372908e+00
s848        ,  1.798212902578797e+00,  1.639949785472919e+00, -5.065731288598929e-01,  1.876256167321919e+00,  6.248624271570574e+01
s849        , -4.426333276094398e-01, -5.285184937496017e-01,  5.950989872975823e-02, -7.518908657376191e-01, -1.972480678268256e+01
s850        ,  1.776931420661177e+00,  1.995354506338301e+00,  4.790412115569842e-02,  3.565902494381509e+00,  6.923259400487989e+01
s851        ,  6.740950847184962e-01,  4.072665574534998e-01,  1.033278043282764e-01,  1.934707336310230e+00,  6.631109092754011e-01
s852        ,  5.247617444717383e-01,  3.919685077624540e-01, -4.110385025264273e-01,  7.658304655158877e-01,  7.203951826443263e+00
s853        , -6.937010389893300e-01, -5.679445286219325e-01,  3.496447063084256e-01, -2.355168490300457e+00,  1.471184132601395e+00
s854        , -3.849480547825320e-01, -1.449916214139597e-01, -1.448005716068934e-01,  6.446380550575511e-01, -1.793093746918156e+01
s855        ,  1.721123124597798e-01,  3.661646235731796e-01, -1.383781964411087e-01,  1.895823448630811e+00, -4.390335660637962e+00
s856        ,  8.284120434530070e-01,  8.059174201140813e-01, -3.904296060693313e-03,  1.129086401785185e+00,  3.144678088881225e+01
s857        , -1.430174539460575e+00, -1.290019325804427e+00, -9.941045940999824e-01, -7.654278027551419e-01, -7.636112706064220e+01
s858        , -4.661418612561535e-01, -3.158539008694744e-01, -5.254371110221404e-01, -3.631047197601630e-01, -2.031075734569855e+01
s859        ,  9.776646253335924e-01,  1.009918646481363e+00, -6.916560408267636e-01,  1.706655919631230e+00,  2.670355844863182e+01
s860        , -6.760181986005682e-01, -5.826756941734550e-01,  7.561559193863971e-01, -1.591011805967211e+00, -3.258501497466943e+00
s861        , -2.202836606256784e-01, -1.807416964925612e-02,  1.782228408964821e-01,  5.253521832081329e-01, -5.046392406446932e+00
s862        ,  1.775874489146720e-01,  3.318985460113221e-01,  2.583363077152429e-01,  3.322494030229813e-01,  1.803083831457353e+01
s863        ,  4.919397024905665e-04,  3.315550409143175e-02, -8.563554987223695e-01,  7.368953463534773e-01, -1.852657589928939e+01
s864        , -6.626061886661074e-01, -6.704229476969825e-01,  9.061864337141065e-01, -3.608030604231329e-01, -2.118676831263259e+01
s865        , -8.371406217114558e-01, -8.276653633921861e-01,  2.825447493468165e-01, -1.413322085802430e+00, -2.549207266534864e+01
s866        , -1.153749740508799e+00, -1.029253594681706e+00,  4.579629215996159e-01, -2.731594505516039e+00, -1.840628182598777e+01
s867        ,  2.473721027027026e-01,  4.193575356719351e-01, -2.873982852375281e-01,  1.397012659108516e+00,  2.693827905244546e+00
s868        ,  2.269395821593049e+00,  2.479866902528630e+00,  2.557168018085254e-03,  3.807648297142402e+00,  9.289386514758010e+01
s869        ,  4.678738330590472e-01,  2.670259053843229e-01, -2.401917597276105e-01,  2.043197812680910e-01,  9.307579165523563e+00
s870        ,  9.504545520744460e-01,  8.538533362711610e-01,  2.936347749843558e-01,  1.622548671121782e+00,  3.208564968206469e+01
s871        ,  3.278186090591084e-01,  4.184582321527895e-02, -7.956716304178599e-01, -1.206957237101694e+00,  6.468152348019853e+00
s872        , -1.060745617852256e+00, -1.265042204772131e+00,  1.129373011819284e+00, -2.805214322112737e+00, -2.180991880046093e+01
s873        , -8.092360756143714e-01, -5.110588118078480e-01, -1.236302361486478e-01,  5.663089159379205e-01, -3.725405721485548e+01
s874        , -1.497433451430839e+00, -1.758816061445467e+00,  1.862370035839112e-01, -2.871729793432874e+00, -6.129223031094693e+01
s875        , -8.298963454824552e-01, -6.757184722334350e-01, -2.394085762494387e-01, -1.236014182206651e+00, -2.607102751727268e+01
s876        , -1.395330685836568e+00, -1.418617696506413e+00,  1.563630806043494e-01, -3.693549344770779e+00, -3.256378418781257e+01
s877        , -8.863229551700670e-01, -5.189147928909185e-01, -2.694555701434960e-01, -1.825738885959929e+00, -1.047475533052742e+01
s878        ,  7.300994035482326e-01,  5.356864180694285e-01,  6.293889846928631e-01,  1.311206513890571e+00,  2.248321339919474e+01
s879        ,  1.327007379676470e+00,  1.283216596922669e+00,  2.430434486737338e-01,  2.537106096064631e+00,  4.437707297735611e+01
s880        ,  1.165217936206896e+00,  1.098153962938769e+00, -8.375156198198443e-01,  1.724481110607578e+00,  2.949939427449960e+01
s881        , -5.128601822306692e-01, -1.138199666356248e-01,  1.433346817444500e+00, -4.401277203091281e+00,  6.635469299864118e+01
s882        ,  1.082188332309200e+00,  1.018203173990662e+00, -8.058490553808002e-01,  1.622051804784218e+00,  2.667949002322145e+01
s883        ,  3.093387130541843e-01,  1.850320929527236e-01, -6.921032228509094e-02,  1.950059978950886e+00, -1.430362052871284e+01
s884        ,  7.836281255656845e-01,  8.308248070893923e-01, -8.774280369774176e-01,  1.537062830555356e+00,  1.623831839795800e+01
s885        ,  3.559456324088518e-01,  1.400928284619120e-01,  4.160528127495910e-01,  1.191538813375441e+00, -1.117409215865718e+00
s886        ,  1.369087292176832e+00,  1.519149903546642e+00,  8.393059537872305e-02,  2.268577444294769e+00,  5.878287912453309e+01
s887        , -2.827754397002292e-01, -1.900211433162162e-01,  3.667546381423390e-01,  1.029436219047456e+00, -1.833840338468079e+01
s888        , -7.552424250973399e-01, -8.716298148900172e-01,  1.839578176033798e-01, -1.492964561318170e+00, -2.830333249906153e+01
s889        ,  1.207746653680362e+00,  1.183215964836358e+00,  2.960969311586577e-01,  2.547017967477046e+00,  3.934630102410398e+01
s890        , -9.666579634146734e-02, -2.196516502128878e-01, -6.209857575603589e-02, -1.148847455780090e+00,  8.424903125543672e-01
s891        ,  4.787826376712746e-01,  3.053885153715031e-01,  5.509994969038373e-01,  9.292211818662350e-01,  1.316160933993402e+01
s892        ,  1.139204080980141e+00,  6.719938356355939e-01, -1.763480405409035e-02, -1.877980036289409e-02,  3.773635291837628e+01
s893        , -1.069606673210606e+00, -1.444060324871321e+00, -7.805367624661201e-01, -6.370043104619257e-01, -8.373416682254908e+01
s894        ,  1.150226613104442e-02,  2.162974067531413e-01, -1.847398748726445e-01,  1.439673025419103e+00, -7.863855953531704e+00
s895        ,  8.523293459277042e-01,  8.975680231971368e-01, -3.895685864707127e-01,  1.176927822456740e+00,  3.087478787688559e+01
s896        , -2.385584700608096e+00, -2.307969027813253e+00,  3.967115643806806e-01, -2.881625246711232e+00, -8.921145401766921e+01
s897        , -9.548618878298403e-01, -8.586564253672753e-01, -2.299638806448021e-01,  1.224648818530282e+00, -6.621902294800111e+01
s898        ,  4.811635465516753e-02,  6.209762832911787e-02,  3.433494166761140e-01,  9.599398128973091e-03,  7.943363461864678e+00
s899        ,  1.118448561197112e+00,  1.255774042663182e+00,  2.146640878067807e-01,  1.985712209693388e+00,  4.918013066821403e+01
s900        ,  1.281569968989787e+00,  1.128612205016978e+00, -1.754617637655603e-01,  1.331108925844802e+00,  4.482305415684932e+01
s901        , -2.113499475721238e+00, -1.736688484126945e+00, -5.234427161008224e-01, -1.422145412991261e+00, -8.717350613679525e+01
s902        ,  1.947857445727211e+00,  2.108598935296849e+00, -6.304215050176663e-01,  3.011871033138622e+00,  7.331348976573688e+01
s903        , -1.628072514827294e+00, -1.431927698151442e+00, -3.735100188443496e-01, -1.925858775114809e+00, -6.191893140734070e+01
s904        , -5.933703029200499e-01, -1.726789365472432e-01,  1.450640641346285e+00, -3.496297856211413e+00,  5.224617606181707e+01
s905        , -7.688731068500246e-01, -8.737643183855073e-01, -3.127893899370294e-01, -7.690266673267485e-01, -4.386474532964650e+01
s906        ,  1.176277268616818e+00,  1.311529984366944e+00,  2.691151279847634e-01,  3.030359348845710e+00,  4.030101256632646e+01
s907        ,  5.507369645827748e-01,  2.867186331276148e-01, -4.869596363767875e-02,  1.039167049932285e+00,  2.785911777593896e+00
s908        , -2.303152982922224e-01, -1.367048209578319e-01,  7.333482483823230e-01,  9.093760301942135e-01, -8.997930289956553e+00
s909        , -8.668706479272460e-02, -4.006077948757758e-01,  1.042778722005187e+00, -2.201704417531475e+00,  1.822974426167249e+01
s910        ,  1.637183577828672e+00,  1.848879702363104e+00,  4.056659260829021e-02,  3.356608573443480e+00,  6.345978028051668e+01
s911        ,  1.126621425294678e+00,  1.105618753968086e+00, -2.754686652407017e-01,  2.308464108885125e+00,  3.028433633804615e+01
s912        , -4.659972316167655e-03, -1.906301470828863e-01, -1.511101686574043e+00, -1.784797123602663e+00, -9.072090859767313e+00
s913        ,  1.463412550315811e+00,  1.292950556684034e+00, -1.611269780497542e-01,  1.189529038442497e+00,  5.597002968274381e+01
s914        ,  6.888333030824358e-02, -3.424718404828013e-01,  5.338687479262983e-01, -7.556406548188815e-01, -2.912375040615999e+00
s915        ,  4.153763854817183e-01,  3.150817722349859e-01, -1.708269921069698e-01, -5.046951382602243e-01,  2.157436005530285e+01
s916        , -8.981673760840302e-01, -1.188120178136463e+00,  6.707180902237531e-01, -1.812778415569518e+00, -3.569723364249509e+01
s917        ,  1.165490548301742e+00,  1.369541574873594e+00,  4.226429895207944e-01,  1.613288719594991e+00,  6.288008442455111e+01
s918        , -3.127845128551579e+00, -3.213941395034576e+00,  6.813573649058258e-02, -3.493744787656615e+00, -1.370083254219637e+02
s919        ,  5.105583294163231e-01,  7.130048764640944e-01,  3.290291504999183e-01,  9.038763729630861e-01,  3.340801867518975e+01
s920        ,  1.771894143640764e+00,  1.966731968193701e+00,  1.193515745513991e-01,  3.143427257588253e+00,  7.372715559423753e+01
s921        , -9.056974563096514e-01, -4.852979101869023e-01, -1.057747965730221e+00, -2.532012682367937e+00, -1.047457815352477e+01
s922        , -1.410433837530576e+00, -1.184767047020105e+00, -1.221379436266999e+00, -2.606349034741901e+00, -5.103293879511627e+01
s923        ,  4.793953840304336e-01,  3.808208520239793e-01,  8.097538491799061e-02,  9.369995852516382e-01,  1.104365289349977e+01
s924        ,  1.135546937050434e+00,  7.622157004110064e-01,  9.163572254185490e-01, -9.960600531939554e-01,  6.715697653296175e+01
s925        , -1.660407611730610e+00, -1.774591282074555e+00, -6.630928715428452e-02, -2.252862889700217e+00, -7.308654379027709e+01
s926        ,  1.324119315063384e+00,  1.295320171210641e+00, -2.153623813523441e-01,  2.548584702924790e+00,  3.881190312231918e+01
s927        ,  1.539392353089735e+00,  1.664904223175644e+00, -1.736441561041441e-01,  3.233819585004796e+00,  5.177100771706358e+01
s928        ,  9.855836123941223e-01,  6.903639507179570e-01, -8.525331352078844e-01, -6.266999365126174e-01,  3.506042913969561e+01
s929        , -2.495918760023568e-01, -4.351667838471450e-01,  3.392619465168843e-01, -5.129593479285559e-01, -1.366895635771997e+01
s930        ,  1.838769784503462e-01, -2.405526963761585e-01,  7.722395331199686e-01, -1.571061123822069e+00,  1.592766857523721e+01
s931        , -8.638799567978230e-01, -8.541207078610780e-01, -5.944526053329926e-01, -7.725506560934685e-01, -4.646968082391306e+01
s932        ,  5.236538255108801e-02,  9.586139954257833e-02, -3.238689501375788e-01,  1.552310863296721e+00, -1.785423035920686e+01
s933        , -8.753815959596397e-01, -1.176095425418392e+00, -1.146090779556943e+00, -1.238380519544918e+00, -6.622078310535308e+01
s934        ,  2.186233935344458e+00,  2.226528269990305e+00, -2.171793482924382e-01,  4.004058017257270e+00,  7.334424034737646e+01
s935        ,  1.613974894427503e+00,  1.697728103291185e+00,  1.509096169576378e-01,  2.171747996739346e+00,  7.088516813821360e+01
s936        ,  1.035578030022412e+00,  1.377019265309456e+00,  3.766059142243712e-01,  1.685442919262034e+00,  6.180727980787798e+01
s937        , -8.171291125163769e-01, -9.993829578002342e-01,  3.650492610328814e-01, -3.559242803315043e+00, -7.875763680683605e+00
s938        ,  4.014725274785205e-02,  9.541594651492494e-02,  3.953010150930159e-02,  1.610459605556619e+00, -1.374844238217667e+01
s939        ,  1.057305901451997e+00,  1.128571695263338e+00,  4.118478620001054e-02,  1.146857609848501e+00,  4.995236222172074e+01
s940        , -3.957202982614637e-01, -2.557066737540924e-01, -1.167509026604766e-01, -6.934049017763126e-01, -7.462904221384416e+00
s941        ,  9.864841851237819e-01,  8.952856183124798e-01,  3.037255516768547e-01,  2.031543628441841e+00,  2.956080794730709e+01
s942        ,  1.279801670109016e+00,  1.370193965487234e+00, -5.230578192029947e-01,  2.484647630446941e+00,  3.969877812251905e+01
s943        ,  4.132936671989457e-01,  4.378058646330252e-01, -1.973532836876722e-01,  1.035399335583779e+00,  9.337789167738473e+00
s944        ,  1.282832595601720e+00,  1.197217155316071e+00, -1.272801612058027e-01,  2.131561329004402e+00,  3.955919663198551e+01
s945        ,  4.840279729543951e-01,  4.481193647948130e-01,  4.244257216652927e-01,  4.909581386832598e-01,  2.483540596296483e+01
s946        , -8.681769341819047e-01, -9.865196529735605e-01, -3.587462301852977e-01, -1.575597432085438e+00, -4.097635486656374e+01
s947        ,  3.232932517737256e-03, -2.167516393746243e-01, -8.949962294075042e-02, -1.111494825242566e+00,  1.850586030279081e-01
s948        ,  1.167684526421475e+00,  1.081833370874659e+00, -3.950719485000608e-01,  1.470325256340333e+00,  3.757373081606728e+01
s949        ,  6.583480301151363e-02, -1.120447096598956e-01,  5.054154475126770e-01, -3.489019117647951e-01,  4.691780415643721e+00
s950        , -1.242753674158428e+00, -1.317281550561767e+00,  8.961456972686286e-01, -2.942808302105582e+00, -2.617255198856804e+01
s951        ,  2.310361811645397e+00,  2.315057670974012e+00, -7.057976001824893e-01,  2.815706374030976e+00,  8.629684497409094e+01
s952        , -1.119290121794750e+00, -1.402441610075089e+00, -6.792766119437776e-02, -2.272333189039355e+00, -5.196909142200113e+01
s953        , -1.683258967109912e+00, -1.260025326040127e+00, -1.593412268516554e+00, -2.145586909388133e+00, -6.583187578676485e+01
s954        , -9.643407255924855e-01, -9.009121057794408e-01, -1.302927032647737e+00, -2.138123166301198e+00, -4.188475841646799e+01
s955        ,  1.355195898291680e+00,  1.150927686779295e+00, -8.304344025345215e-01, -6.474528877626068e-02,  5.437104874304244e+01
s956        , -1.419644027773449e+00, -1.302239948787266e+00, -7.215082650603200e-02, -1.603744313827759e+00, -5.454864346266982e+01
s957        ,  7.507017303053017e-01,  8.076688200352905e-01,  5.004552173710211e-01,  1.243749214606034e+00,  3.686426640306713e+01
s958        , -6.248853964214247e-01, -5.693220725351557e-01, -3.541955296459121e-02,  4.407172205496834e-01, -3.782045520897259e+01
s959        ,  4.741402585439857e-01,  6.283488383327652e-01,  2.045523742471171e-01,  1.433269222733622e+00,  2.054148615441947e+01
s960        ,  1.748017862668237e+00,  1.557409072804099e+00, -3.730582014673302e-01,  2.163857986670694e+00,  5.612222684662681e+01
s961        ,  8.462482137940457e-02,  2.288973939700688e-02,  4.753802773217158e-01, -1.520877333237811e-02,  7.802095913610131e+00
s962        ,  7.563555564957672e-01,  9.161717001158070e-01, -3.935942538832449e-02,  7.898576549836971e-01,  4.130268139412613e+01
s963        ,  5.141335492556059e-01,  2.160046500325773e-01,  7.547634618091370e-02,  2.084157375943897e+00, -1.227197818078430e+01
s964        ,  1.406034132046022e+00,  1.427478900968655e+00, -4.383485502295453e-01,  2.143261033526387e+00,  4.820632661707457e+01
s965        ,  2.420661684207245e-01,  2.595195739303214e-01,  3.088939336340506e-01,  3.384324647288778e-01,  1.456364565275249e+01
s966        ,  1.305187256819844e+00,  1.550987003065829e+00, -1.361433666790131e-01,  2.762628184699063e+00,  5.161685138027946e+01
s967        , -1.065928149752257e+00, -9.774963138614731e-01,  1.036211764689301e+00, -3.481093572847736e+00,  1.339236510573611e+00
s968        ,  1.019284942775861e-01,  1.605228831054117e-02, -8.945370478126903e-01, -5.766514137179291e-01, -3.981580618327541e+00
s969        , -4.350166918309603e-01, -6.077893035446045e-01, -6.799407996047991e-01, -1.312571334905337e+00, -2.718944920342537e+01
s970        ,  1.624604127608152e-01,  2.480099322351129e-01, -3.464197212719412e-01,  1.534232095529864e+00, -9.388793066894376e+00
s971        ,  5.357086935063688e-01,  7.169149853288959e-01,  7.480260135057828e-01,  7.784690592884627e-01,  4.073670476113124e+01
s972        ,  4.526177537044205e-01,  1.944872404788487e-01, -1.623884388511671e+00, -1.409949456000667e+00,  6.485885339591293e+00
s973        ,  2.518105508318819e-02, -1.733410733329612e-01,  4.494421278426124e-01,  1.190623296727519e+00, -1.826545751894278e+01
s974        ,  1.381098824526411e-01,  5.751073098114147e-02,  4.100386280315265e-01,  9.254170256876657e-02,  7.562714962909020e+00
s975        ,  7.774949586651241e-02, -2.100536251291866e-01, -1.462415933929964e-01,  4.593824091617995e-01, -1.934576765530132e+01
s976        , -6.716438652263078e-01, -5.726947959131052e-01, -2.883314326883502e-02, -1.417169593626718e+00, -1.527176011907851e+01
s977        ,  5.126581856654772e-01,  3.619276609310270e-01,  3.379700964578515e-01,  3.591954234709389e-01,  2.044945709239265e+01
s978        ,  1.652033990012039e+00,  1.538756778501437e+00, -8.076768664769798e-01,  1.652958815973239e+00,  5.551502479552827e+01
s979        , -5.079779506789148e-01, -5.231412874746577e-01,  1.995317714173335e-01, -2.383375559595262e+00,  2.332231071283307e+00
s980        ,  1.486324502914815e+00,  1.633614053209226e+00, -8.635485430020362e-02,  2.808175945760563e+00,  5.636535116896105e+01
s981        , -6.471792492072077e-01, -5.826271573583238e-01,  2.464848196968841e-01,  2.352128565110440e-02, -2.972710528086971e+01
s982        , -4.819216106830154e-01, -6.547087200613826e-01,  3.827877688770527e-01, -7.463988943303699e-01, -2.257378951641988e+01
s983        ,  9.658446198162700e-01,  8.785118265529618e-01,  2.177551127719277e-01,  2.127087653478811e+00,  2.630894189037759e+01
s984        , -6.852585050477367e-01, -6.338117305569485e-01, -3.229085262264371e-01,  1.164572168409813e+00, -5.409612012565464e+01
s985        ,  1.854305119617258e+00,  1.883880858337450e+00,  1.725364570695487e-01,  2.651765513455071e+00,  7.577625836189640e+01
s986        , -4.521581959933576e-01, -3.263033272837817e-01,  2.128278622934487e-01,  1.038206780033788e+00, -2.814954999931271e+01
s987        , -2.521511431321029e-01, -3.666142004538098e-01, -3.809198061429470e-01, -2.074919378753056e-01, -2.313416754088619e+01
s988        , -5.979353596012116e-01, -4.943355723334625e-01, -3.799411455370143e-01, -1.907517777534474e-01, -3.049863978554613e+01
s989        ,  5.009353081364425e-02,  2.156006344018208e-01, -4.264661041155797e-01,  5.522432973168244e-02,  5.756204999635010e+00
s990        , -8.490157785255917e-01, -1.085812420249574e+00,  3.431416387892072e-01, -2.907547249056002e+00, -2.096694211148136e+01
s991        ,  1.777005115889338e+00,  1.845822442470426e+00,  6.232352157245491e-03,  3.898716479980150e+00,  5.622170702683568e+01
s992        ,  1.436402784430078e-01,  4.636243999816642e-02,  5.419274656711290e-01,  2.065853629119594e+00, -1.536454596736227e+01
s993        , -7.746133794839222e-01, -4.886034301405846e-01, -2.266567693441017e-01, -7.496105599852543e-01, -2.132194411645516e+01
s994        , -3.519374423249963e-01, -5.671430558356594e-02,  8.728248271516561e-01, -1.434652453114476e+00,  2.592944056326324e+01
s995        ,  2.515821213310820e+00,  2.697574221854238e+00, -2.843048110105695e-01,  4.309269369248782e+00,  9.518538980224594e+01
s996        , -9.307341685855109e-01, -1.306001192332831e+00,  8.955161622529353e-01, -3.526283694036708e+00, -1.843394599889298e+01
s997        ,  9.020799685707303e-01,  8.323556818900292e-01,  6.966103580409639e-01,  2.282064132093217e+00,  2.820457192249116e+01
s998        ,  7.128984046028965e-02,  1.389138053644434e-01,  4.335800463002150e-01,  4.979394264919075e-01,  7.505806854730638e+00
s999        ,  5.124895301791403e-01,  4.959743993958559e-01, -3.199792680687177e-01,  1.237572043157665e+00,  8.506889525340513e+00
s1000       , -1.908214440895996e+00, -1.912204260975445e+00, -9.514450662893847e-02, -2.682949496523595e+00, -7.595615023338679e+01
s1001       , -6.478798150695012e-01, -6.326615903894650e-01,  3.090844811288587e-01, -1.496486233717801e-01, -2.959237132860617e+01
s1002       ,  1.628384326110677e+00,  1.417306784069825e+00, -5.822159153901160e-01,  1.954640600938884e+00,  4.801856085008872e+01
s1003       , -1.320631610111836e+00, -1.413203241466120e+00,  3.345029481192994e-01, -3.017036356445264e+00, -3.813492783036700e+01
s1004       ,  3.127068110729108e-01,  4.941145821114732e-01,  6.099899989758781e-01,  9.809052935970162e-01,  2.391685721375181e+01
s1005       , -8.308586454054456e-02,  2.285859447509621e-02,  2.611555935886831e-01,  7.356623938314909e-01, -4.206921613061908e+00
s1006       , -4.431446782915395e-01, -7.271655141968968e-01,  2.382770636889582e-01,  2.485004614649518e+00, -6.796349841370190e+01
s1007       ,  8.915087432489126e-01,  5.500640530149157e-01, -1.003124229190996e-01,  2.246773712130058e+00,  2.166652069271374e+00
s1008       , -4.555641263772588e-01, -3.249705267017808e-01,  6.292827886587870e-01, -2.078125922692618e+00,  1.546436108315456e+01
s1009       , -1.076167756737711e+00, -8.527946119740917e-01,  3.471457068230728e-01, -1.714765136723676e+00, -2.236805558862545e+01
s1010       , -5.741566073917021e-02, -1.573477176149361e-01,  2.502216686461744e-01, -6.169945407196792e-02, -4.752725020055988e+00
s1011       , -6.851232733351752e-01, -4.941811660232303e-01,  7.163557439641743e-02, -2.735082399897114e+00,  6.543280507280442e+00
s1012       ,  1.183771163089419e+00,  1.129913865867851e+00,  6.111921471947785e-01,  2.788841705990918e+00,  3.760083804274839e+01
s1013       ,  5.720663447691927e-01,  4.581750213042968e-01,  2.491884012954877e-01,  1.047710675371981e+00,  1.627873583751976e+01
s1014       ,  1.639794129625306e+00,  1.622510788078606e+00,  4.243656781508434e-01,  3.416222320025313e+00,  5.513049544495997e+01
s1015       ,  1.278838546119833e+00,  1.337451564974650e+00, -1.570064014503710e-01,  1.053863827840564e+00,  6.017824899227914e+01
s1016       , -1.591656559306218e+00, -1.147126563154248e+00, -3.398354097423837e-01, -8.496924291700406e-01, -5.859478535363380e+01
s1017       , -2.238585492043279e-01, -4.295029171982039e-01,  4.013063003773181e-01,  2.411952687116320e-01, -2.171881186057351e+01
s1018       ,  1.969653626448107e+00,  2.248563721851988e+00, -3.873416530510081e-01,  3.568161523266245e+00,  7.762986828781757e+01
s1019       , -1.095283509128894e+00, -1.031507342500596e+00, -2.798995791546199e-01, -2.677665696373999e+00, -2.901714280957976e+01
s1020       ,  2.026970585970871e+00,  1.905509551361879e+00, -6.638241100407679e-01,  1.882520388616855e+00,  7.523066901739209e+01
s1021       , -1.076267557425617e+00, -1.133499553850282e+00,  3.005399626112173e-01, -3.525113056564002e+00, -1.668359065043432e+01
s1022       ,  2.061743967154248e+00,  2.076828792436997e+00, -2.257689481478409e-02,  3.433361097151377e+00,  7.448577892634907e+01
s1023       , -7.584250456952716e-01, -7.431486832422147e-01,  3.042548473077820e-01,  1.244146084312218e+00, -5.285458623644877e+01
s1024       ,  1.053814834881829e+00,  1.112432509988061e+00, -2.858520155724690e-01,  2.098953954517524e+00,  3.308298391846379e+01
s1025       ,  2.675022500952487e-01,  1.305055659645840e-01,  2.840067460624214e-01, -1.651211590475554e-02,  1.131348340535793e+01
s1026       ,  1.191217039336654e+00,  1.277130048920388e+00, -6.888711772928584e-01,  1.693635493586146e+00,  4.190720439730778e+01
s1027       , -1.091104512041814e+00, -1.157883096188225e+00, -4.938276519399801e-01, -2.559510594350067e+00, -4.040455278388159e+01
s1028       ,  4.058140530066474e-01,  3.996228262681053e-01,  2.642776770015445e-01,  1.702387490312108e+00,  5.209649131439685e+00
s1029       , -2.810797283104409e-01, -1.719857862565632e-01,  6.861055497691400e-01, -1.369297506241326e-01,  1.147378035706270e+00
s1030       , -5.114017609957666e-01, -2.963750023441565e-01, -1.887405523537777e-02,  1.034650140937406e+00, -2.951106915289166e+01
s1031       ,  7.568139692128296e-01,  6.590936340090836e-01, -2.512165066788687e-01,  1.613749799120068e+00,  1.399802605770926e+01
s1032       ,  1.164702788614623e+00,  7.353177832781209e-01, -1.089873567705215e-01,  1.665395211144084e-01,  3.781697043980838e+01
s1033       , -8.951823961598004e-01, -7.747154004526664e-01,  7.645106620682347e-01, -1.545238704277615e+00, -1.449110719704278e+01
s1034       ,  1.875078712098186e+00,  1.790484367365628e+00, -5.037086355376961e-01,  2.644066290877413e+00,  6.161835685692988e+01
s1035       ,  5.020924654475383e-01,  2.008007818026084e-01,  7.415081708818932e-01,  3.373405820538916e-02,  2.074198579007856e+01
s1036       ,  2.037733904983300e+00,  2.198993258631651e+00,  4.265500570232872e-02,  3.061839246293969e+00,  8.674525487230034e+01
s1037       ,  7.899885329373273e-01,  7.183352254416053e-01, -5.926044896556221e-01,  1.793949894341845e+00,  1.058181411411304e+01
s1038       , -1.481530067718233e+00, -1.601201910720370e+00, -1.743816251583133e-01, -3.595980460560457e+00, -4.841289946723679e+01
s1039       , -1.299957501960030e+00, -1.751443488237427e+00,  5.049776551861265e-01, -3.295588783727970e+00, -5.146571231695575e+01
s1040       ,  7.907676425376595e-02,  4.184162549515090e-02, -1.441581296713486e-01,  1.236584083505424e-01, -1.077451449125864e+00
s1041       , -2.182521057971927e+00, -1.999253048883304e+00, -4.948341035255748e-01, -1.729144846363403e+00, -9.779654958924425e+01
