# c0 + a0 * (face-area-avg - SBI) + a1 * (AAV - E_T)
# Property Label: $ln_{D}$; Unit of the Property: Unitless
# RMSE: 0.236404785398842; Max AE: 1.03215372749312
# Coefficients
# Task   a0                      a1                      c0
# all ,  2.381402191502834e-01,  1.692077181671390e-02,  6.925015568424505e-16, 
# Feature Rung, Units, and Expressions
# 0;  1; Unitless;                                         33|6|sub; (face-area-avg - SBI); $\left(face-area-avg - SBI\right)$; (face_sub_area_sub_avg - SBI); (newdata$face_sub_area_sub_avg - newdata$SBI); face-area-avg,SBI
# 1;  1; Unitless;                                         2|0|sub; (AAV - E_T); $\left(AAV - E_{T}\right)$; (AAV - E_T); (newdata$AAV - newdata$E_T); AAV,E_T
# Number of Samples Per Task
# Task, n_samples               
# all , 1041                  

# Sample ID , Property Value        ,  Property Value (EST) ,  Feature 0 Value      ,  Feature 1 Value      
s1          , -1.176056511198248e+00, -8.403330517828844e-01, -1.582640011264584e+00, -2.738898778875757e+01
s2          , -1.455476726264239e+00, -1.292459593908841e+00,  1.177567846265869e-02, -7.654874556485392e+01
s3          ,  1.360540424298584e+00,  1.132532687220505e+00,  1.206896115432807e+00,  4.994584117994668e+01
s4          ,  5.214207269978391e-01,  6.063773983966654e-01,  1.952479413756057e+00,  8.357391994299929e+00
s5          ,  9.232192651096478e-02,  4.888365833696215e-02,  8.768228366367881e-01, -9.451290157918711e+00
s6          , -8.371953399684261e-01, -5.447009159620405e-01, -1.711534648812994e+00, -8.103393928814302e+00
s7          , -7.203728580649982e-01, -5.081023866015524e-01, -2.545731535167567e+00,  5.799893772227334e+00
s8          , -2.733255709368181e-01, -3.584907373451812e-01,  1.897828652068606e+00, -4.789616438524128e+01
s9          , -1.521729831673386e+00, -1.204803792136045e+00, -1.652148719594627e+00, -4.795057475933102e+01
s10         ,  3.230218919710685e-01,  5.125598447648653e-01,  1.083522545167470e+00,  1.504243134778243e+01
s11         ,  4.593978616455925e-01,  7.969654491607941e-03,  5.400529887577156e-01, -7.129620558132988e+00
s12         ,  2.356762313996669e-01,  6.275750889874638e-01,  1.365653527583807e-01,  3.516703566473655e+01
s13         ,  1.907045033118390e+00,  1.702844887242033e+00,  1.826974602612325e+00,  7.492381368453077e+01
s14         ,  1.054844414236797e+00,  9.322321512198166e-01,  2.451077748303628e+00,  2.059787596332552e+01
s15         , -6.375331890789701e-01, -8.879647521786983e-01, -1.008341907565017e+00, -3.828655077617876e+01
s16         , -1.315170182182296e+00, -1.045630448653668e+00, -2.314523846802884e+00, -2.922143492645348e+01
s17         ,  8.942625882950092e-01,  4.821488539482603e-01, -2.668930294443895e-01,  3.225070489578937e+01
s18         , -4.582075442603601e-01, -5.625147086778818e-01, -5.586640251626935e-01, -2.538148613705881e+01
s19         , -7.693791289946220e-01, -1.057583943083275e+00, -2.464134190905612e+00, -2.782228210064790e+01
s20         ,  3.128393520635399e-01,  4.492607804361027e-01,  2.180030955308510e+00, -4.130560341605126e+00
s21         , -1.098688503016758e+00, -1.308546983426669e+00, -2.162973388135784e+00, -4.689242520107909e+01
s22         ,  1.599324596570011e+00,  1.869269971753213e+00,  3.120966335333810e+00,  6.654793155380102e+01
s23         , -1.314277649873613e+00, -1.481117272218052e+00, -1.502360278660310e+00, -6.638851220164764e+01
s24         ,  1.052755589569482e-01,  6.081059203120583e-02,  1.331965546676531e-01,  1.719255813369699e+00
s25         , -1.088909426848386e+00, -1.422440171510093e+00, -3.770794701663969e+00, -3.099517566728597e+01
s26         ,  1.095156312501731e+00,  1.213292623674927e+00,  2.843635733744078e+00,  3.168345939917356e+01
s27         ,  2.628094430707173e-03,  8.909319227640802e-02,  7.353987162584841e-01, -5.084568251859656e+00
s28         ,  1.859558668493155e+00,  1.507936246135682e+00,  1.953587873767589e+00,  6.162298109341395e+01
s29         , -1.265074927670763e+00, -1.609196324123071e+00, -3.035664087538105e+00, -5.237837981921459e+01
s30         ,  1.657227749413040e+00,  1.441759595036893e+00,  1.603664730830598e+00,  6.263677189632742e+01
s31         ,  2.746080273692961e-01,  4.272849163092330e-01, -3.639010605072972e-02,  2.576424224977931e+01
s32         , -6.897019771020165e-01, -9.839698362645104e-01, -1.036295705162720e+00, -4.356693405701449e+01
s33         , -1.405625106938475e+00, -1.728073453602215e+00, -2.397038544536784e+00, -6.839180752685618e+01
s34         , -1.474210819660272e+00, -1.122779193777258e+00,  2.638739906890110e-01, -7.006880162386430e+01
s35         , -1.171464689733801e+00, -1.105927891318370e+00, -2.913015634264689e+00, -2.436187392936736e+01
s36         , -1.148641161041122e+00, -6.260604092289132e-01,  7.823104427792693e-02, -3.810052958818383e+01
s37         , -1.078435221245579e+00, -7.591344389325508e-01, -6.854324030608913e-03, -4.476758843574348e+01
s38         , -4.378262290801383e-01, -4.499292258900331e-01, -1.201637555330741e+00, -9.678695327750461e+00
s39         , -6.410161109102297e-01, -2.036526483670364e-01, -3.484521853370946e+00,  3.700494021260749e+01
s40         ,  1.431814259493607e-01,  4.195766833631223e-01,  4.583138012864642e-02,  2.415152174392304e+01
s41         ,  3.398432822287206e-01,  5.716059737230388e-01,  5.590096886493278e-01,  2.591390562502788e+01
s42         ,  8.067612274639525e-01,  5.185820536226237e-01,  1.810886174023744e+00,  5.161538978861530e+00
s43         , -1.242741757202650e+00, -1.199591154809836e+00, -3.845777868684480e+00, -1.676972973997070e+01
s44         ,  1.711958335245295e-01,  4.568385887376173e-01,  1.826622371219463e+00,  1.291095771944891e+00
s45         ,  4.644113787063103e-01,  4.384294760535452e-01,  1.140835756740121e+00,  9.854786810862894e+00
s46         ,  5.605068277705415e-02, -3.403082448380554e-02,  1.010440340082480e+00, -1.623196101717036e+01
s47         ,  9.066999267258494e-01,  3.169995618721561e-01, -2.967216689792274e-01,  2.291035712487920e+01
s48         ,  1.579727584566370e+00,  1.777993852931450e+00,  3.617324791996822e+00,  5.416793891885097e+01
s49         , -6.435089824614265e-01, -7.571936911628691e-01,  6.809973884333760e-01, -5.433360655434395e+01
s50         , -2.217827055817793e-02, -2.321991188525396e-02,  1.601587546906516e+00, -2.391275798035771e+01
s51         , -9.869737286665018e-01, -1.110826310060541e+00, -1.917010450203905e+00, -3.866898203126236e+01
s52         , -6.291725742859308e-02,  1.110516486268370e-01,  8.840456935637617e-01, -5.878879973964493e+00
s53         ,  7.061953554227811e-01,  8.117310085093286e-01, -1.692095421477176e+00,  7.178673621750856e+01
s54         , -1.923256326608463e+00, -2.225613308021066e+00, -2.470033674840475e+00, -9.676857327327095e+01
s55         ,  1.449677165676465e-01,  2.296824041049376e-01,  1.518647962040196e+00, -7.799216006038868e+00
s56         , -1.428251212735210e+00, -1.652337387109778e+00, -3.399121642984703e+00, -4.981272859541581e+01
s57         , -7.632144013758455e-01, -8.403375898106653e-01, -2.457448947389274e+00, -1.507733581495084e+01
s58         , -2.465293161402924e+00, -2.611482178257651e+00, -3.582257645729811e+00, -1.039197606644558e+02
s59         , -8.768884797438996e-03,  2.158973991461645e-01,  9.460027830447706e-01, -5.545793670963990e-01
s60         ,  1.714446572989188e+00,  1.514450176465248e+00,  2.530844153601158e+00,  5.388373562196775e+01
s61         ,  1.653657662090557e+00,  1.280446687296185e+00,  2.064192439226812e+00,  4.662195412806876e+01
s62         ,  2.913807026429409e-01,  3.239016303609537e-01,  1.463393171059105e+00, -1.453310780646543e+00
s63         , -1.790911115854549e+00, -1.363392817265293e+00, -1.166153604943881e+00, -6.416283807743652e+01
s64         , -5.454632126173593e-01, -7.688042773899827e-01, -3.333293924534856e+00,  1.476709724693158e+00
s65         , -1.096531543219279e+00, -7.957959259461085e-01, -1.485544298171096e+00, -2.612339945306553e+01
s66         , -9.925198589409868e-01, -7.654869856314565e-01, -1.617224117795251e-01, -4.296342879174592e+01
s67         , -4.301391331597769e-01, -3.258408277777531e-01, -2.036322897428025e+00,  9.402026987879568e+00
s68         , -1.496017763262518e+00, -1.355215565845631e+00, -1.138560997290165e+00, -6.406790495006628e+01
s69         , -5.130334975012112e-01, -7.158181471534589e-01, -2.094461471899010e+00, -1.282699368472160e+01
s70         , -1.298331351434060e+00, -7.128024359588674e-01, -1.707546643705505e+00, -1.809414531050437e+01
s71         ,  8.978734253548585e-01,  5.706531051582490e-01,  2.258301539518788e+00,  1.942032076655217e+00
s72         , -8.703072211857277e-01, -7.701451473177592e-01, -2.228745715841153e+00, -1.414776800433113e+01
s73         ,  1.052659824554331e+00,  5.173166179313082e-01, -5.616331623823717e-01,  3.847720833041482e+01
s74         , -1.304189005820537e+00, -1.821943560486570e+00, -3.321348869452999e+00, -6.093083838067576e+01
s75         , -7.491961797362119e-01, -5.988682547476265e-01, -1.854893540942606e+00, -9.287017289121984e+00
s76         ,  1.130323653742102e+00,  8.471360835944552e-01,  1.917590755069982e+00,  2.307699702893135e+01
s77         ,  1.083046725976420e+00,  1.224613626695896e+00,  1.783781888992347e+00,  4.726873132021716e+01
s78         ,  1.592651226510811e+00,  1.496230128349608e+00,  2.257225376474225e+00,  5.665781637557934e+01
s79         , -5.815008980639539e-01, -5.503027579883935e-01, -1.016102283136788e+00, -1.822186014579654e+01
s80         , -2.983814549448998e-01, -3.537768316578366e-01,  2.593273229644152e-01, -2.455757347722086e+01
s81         ,  1.752594407670262e+00,  1.401253161220677e+00,  1.205502616587168e+00,  6.584655333628550e+01
s82         ,  2.898444462079387e-01,  5.237286246245603e-01,  1.684843953781755e+00,  7.239593888733887e+00
s83         ,  1.476200951700887e+00,  1.440066537003433e+00,  2.334756422376032e+00,  5.224744713140178e+01
s84         , -3.835514085014881e-01, -6.373323168224008e-01,  1.206694188308534e+00, -5.464849625595564e+01
s85         ,  4.460752375789071e-01,  5.185439523106171e-01,  2.521543591746297e-01,  2.709662791529288e+01
s86         , -5.546686089820558e-01, -1.711991273125850e-01, -1.485381581772774e+00,  1.078733110225379e+01
s87         ,  8.762923637719959e-02,  2.036393686877405e-01,  9.232113533745886e-01, -9.582532937946868e-01
s88         ,  4.367974440523036e-01,  4.281100734033139e-01,  1.543128460406153e+00,  3.583118094250566e+00
s89         , -5.727247528300363e-01, -3.660933049109092e-01, -6.745489205487532e-01, -1.214224028131498e+01
s90         ,  4.181427428933503e-02, -2.095838313247847e-02,  7.798268038672942e-01, -1.221377555015321e+01
s91         , -8.667270491804479e-01, -9.923879621859426e-01, -2.712270983627068e+00, -2.047703021488582e+01
s92         ,  8.549438204377635e-01,  9.157480649883231e-01,  1.320036326052343e+00,  3.554177856247910e+01
s93         , -1.173621714519396e+00, -9.510314627396685e-01, -1.519876460285480e+00, -3.481447275496279e+01
s94         , -2.684963611581566e-01, -1.918939464566781e-01, -1.918821560434881e-01, -8.640213895032970e+00
s95         ,  9.260657816336888e-01,  1.086902448432414e+00,  2.352137275799636e+00,  3.113120180378616e+01
s96         , -2.278868324329024e-01, -1.067743160727644e-01,  9.838799445234164e-01, -2.015721891256961e+01
s97         , -1.648661305544417e+00, -1.696718378265355e+00, -1.449935324745176e+00, -7.986813349388086e+01
s98         ,  5.404249878717727e-01,  7.274123415023247e-01,  4.167666326044359e-01,  3.712380564454480e+01
s99         ,  1.310930209873364e+00,  1.137911200248493e+00,  2.109549036914924e+00,  3.755991376596256e+01
s100        ,  7.521780108780159e-02,  3.224493681175669e-01, -6.010614421662879e-04,  1.906488123091868e+01
s101        , -1.544763391692015e-01, -2.150133268013101e-01, -1.396697631380694e+00,  6.949833878511998e+00
s102        ,  1.059402820517896e+00,  1.093448402863536e+00,  3.016338878430715e+00,  2.217019444420229e+01
s103        , -3.987127671222759e-01, -1.558014778854923e-01, -3.113791601795747e-01, -4.825404971234621e+00
s104        ,  1.672104507359812e+00,  1.769372414484623e+00,  2.447453980661562e+00,  7.012299438951221e+01
s105        , -3.729535248655157e-01, -6.027870148128638e-01, -1.026748512940765e+00, -2.117379176374370e+01
s106        , -9.091422672215730e-01, -1.023058381733914e+00, -2.734585060817738e+00, -2.197557535161547e+01
s107        ,  4.095288752140306e-01,  5.250328208763864e-01,  2.514961915451651e+00, -4.366276055499394e+00
s108        , -8.642846593415402e-01, -1.010231934970595e+00, -2.932453726378483e+00, -1.843277394797533e+01
s109        ,  1.308766037007560e+00,  7.953461500739443e-01,  1.473190534639847e+00,  2.627068304683371e+01
s110        , -1.060518384725506e+00, -5.339097162509511e-01,  7.744198474962202e-01, -4.245256872611939e+01
s111        , -9.347636068172456e-01, -7.369380976984422e-01, -1.947580534436949e+00, -1.614233944961071e+01
s112        , -1.677387906237608e+00, -1.508154688209419e+00, -3.927668619869843e+00, -3.385299610021976e+01
s113        , -2.426092490978830e-01, -2.976866398302538e-02, -4.734895799050450e-01,  4.904519086946337e+00
s114        , -1.644000182446823e+00, -1.517446916302123e+00, -2.484997017340923e+00, -5.470608504337869e+01
s115        , -2.329704376178373e+00, -2.294531253148297e+00, -1.694979396732065e+00, -1.117495412524586e+02
s116        , -5.268968759749211e-01, -5.197750841525690e-01, -3.194829395837324e+00,  1.424534831690140e+01
s117        ,  1.742591906297736e+00,  1.541124860540315e+00,  2.137216458412136e+00,  6.100003451041801e+01
s118        ,  1.515143207668377e+00,  1.324020604142397e+00,  1.680367835389924e+00,  5.459901295146541e+01
s119        , -4.303518965464308e-02, -9.389644515853796e-02, -6.149108236852346e-02, -4.683766567268897e+00
s120        , -2.251286346153320e-01, -8.451254439739396e-02, -7.771583311572949e-01,  5.942997871973039e+00
s121        , -3.744651294305373e-01, -4.627025177786848e-01, -1.014975883020894e+00, -1.306062991438390e+01
s122        ,  1.754705398768575e+00,  1.322012169025628e+00,  1.262172222997376e+00,  6.036593426705763e+01
s123        ,  1.494372078098040e+00,  1.266804611966430e+00,  1.829492899258999e+00,  4.911884522797218e+01
s124        ,  4.706190523857749e-01,  3.554602662045731e-01, -1.921881293163646e-03,  2.103437994981652e+01
s125        , -2.939771406988250e-01, -1.201393864145849e-01,  2.095945127362397e+00, -3.659810705324555e+01
s126        ,  1.907608110252774e-01,  3.706452524532129e-01,  1.017341336253534e+00,  7.586850356338217e+00
s127        ,  1.175241554433439e+00,  1.263218626950695e+00,  2.206240612255990e+00,  4.360463057134273e+01
s128        , -9.405598864666275e-01, -9.663591522783150e-01, -2.718039794595679e+00, -1.885756532801454e+01
s129        ,  8.848224007924820e-01,  1.012754604423156e+00,  1.635416015778630e+00,  3.683616106731451e+01
s130        , -8.567501741532092e-01, -5.946039668119110e-01, -4.381374062928618e+00,  2.652227791819675e+01
s131        ,  4.181459542201291e-01,  4.680869603792632e-01,  1.333147546329074e+00,  8.900948087251249e+00
s132        ,  1.352109327204641e+00,  1.175755909071034e+00,  1.489464575113467e+00,  4.852346557418335e+01
s133        ,  3.377243561871698e-01,  3.567739890103769e-02, -7.358154778981887e-01,  1.246424574164850e+01
s134        ,  1.167150831191734e+00,  5.026067441958524e-01, -6.658246382729676e-01,  3.907424416755928e+01
s135        , -7.551299954675708e-01, -7.532131943063471e-01, -4.764418279331840e-01, -3.780875009247783e+01
s136        , -1.288171140802968e+00, -1.083868120801598e+00, -1.263941136564644e+00, -4.626697351794171e+01
s137        ,  7.561360588094119e-01,  8.052536713559462e-01,  8.313671659620139e-02,  4.641960094695200e+01
s138        , -4.177976720303577e-01, -2.659384150707041e-01, -3.864065584266566e-01, -1.027845978007226e+01
s139        ,  3.703571329650210e-01,  3.725772691661249e-01,  9.899708247591954e-01,  8.086238706347315e+00
s140        ,  6.601089262860428e-01,  3.167271400082272e-02,  5.387539695115517e-02,  1.113590760999034e+00
s141        , -1.578466378610989e-01, -5.030006670414430e-01, -7.301430484534439e-01, -1.945090005566911e+01
s142        ,  1.583934988818062e+00,  1.522654939988531e+00,  2.807479241840244e+00,  5.047531089764973e+01
s143        , -6.655556961981216e-01, -8.119321289038909e-01, -3.145218645776259e+00, -3.719042606615385e+00
s144        , -1.444363515954881e+00, -9.848931620146593e-01, -3.592097706965700e+00, -7.651555630620257e+00
s145        , -7.857021391434503e-01, -7.966317972041548e-01, -7.885083001272336e-01, -3.598277102281034e+01
s146        , -1.297382615214570e+00, -1.207673582485422e+00, -2.503530251138765e+00, -3.613796973645535e+01
s147        , -5.360922680501714e-01, -6.688779584348946e-01, -8.752985233316299e-01, -2.721118050962526e+01
s148        , -6.315112169106484e-01, -3.309592630471632e-01, -5.510357399540131e-01, -1.180415960562645e+01
s149        ,  1.034538941403273e+00,  1.130044962189471e+00,  1.817315239293949e+00,  4.120787871804498e+01
s150        , -1.132891587887058e+00, -8.021950507578380e-01, -2.287931530900754e+00, -1.520891229879299e+01
s151        ,  5.509532181847399e-02,  3.373815091852925e-01,  1.336612757759475e+00,  1.127623156914086e+00
s152        , -1.325344879425763e-01, -2.317561638166565e-02,  1.596078857455332e+00, -2.383261175349443e+01
s153        , -1.431235874103281e+00, -1.208155114623352e+00, -2.141061642717152e+00, -4.126775264014132e+01
s154        ,  3.955605453613595e-01,  3.063489483845075e-01,  1.164025296132051e+00,  1.722599275191188e+00
s155        , -6.583727769299562e-02, -2.357931566425069e-01,  2.080437004461602e+00, -4.321486565353147e+01
s156        ,  1.360777508064747e+00,  1.449037461580498e+00,  2.179233534730941e+00,  5.496642352456530e+01
s157        ,  1.886695766984781e-01,  4.847903153088636e-01,  5.608162617997811e-01,  2.075776516730030e+01
s158        , -5.322620015856455e-01, -4.770931533009284e-01, -8.700633756304393e-01, -1.595057679857515e+01
s159        , -9.397989837818175e-01, -7.928102795044366e-01, -1.680464541477864e+00, -2.320367472450604e+01
s160        ,  1.011185408564766e+00,  1.042664823727636e+00,  2.050099738273742e+00,  3.276763192489321e+01
s161        ,  8.691500702744535e-01, -4.846878009509067e-02, -1.028237529754835e+00,  1.160679505087801e+01
s162        , -7.631554763960900e-01, -5.636171510601521e-01, -3.303408888418639e-01, -2.866002240619020e+01
s163        , -1.913891772907037e-01, -2.380862014110152e-02,  1.338247748264013e+00, -2.024134808388325e+01
s164        , -1.172488852060699e+00, -1.364150498895595e+00, -1.686719531498504e+00, -5.688125520780152e+01
s165        , -7.847148269254141e-01, -4.066280880973333e-01, -1.910965473178462e+00,  2.863323789175655e+00
s166        ,  6.442637705728566e-01,  8.101217724317472e-01,  1.121249122873314e+00,  3.209707373112646e+01
s167        ,  1.426867873093048e-01, -3.496868271321301e-01, -4.021909449948394e-01, -1.500575683551240e+01
s168        , -1.763664779687589e+00, -2.067240011918867e+00, -2.424404891525022e+00, -8.805104849120438e+01
s169        , -1.122536795524768e+00, -1.401331948082869e+00, -1.350082587286614e+00, -6.381641432034637e+01
s170        ,  1.958646106185055e-01,  1.270816772233687e-01,  8.691103950653819e-01, -4.721324983791791e+00
s171        , -1.074510878859395e+00, -1.039138360446038e+00, -2.639031613873712e+00, -2.427068918735543e+01
s172        , -3.012776379076099e-01, -5.812834134558492e-01, -1.016821353803606e+00, -2.004266454851547e+01
s173        , -7.731154552407105e-01, -6.143771152655073e-01, -8.355959770372530e-01, -2.454900465961322e+01
s174        , -1.035147889271374e+00, -8.909150312952221e-01, -7.834010156273848e-01, -4.162669110964659e+01
s175        ,  5.473686561230826e-01,  4.476230222184097e-01,  4.567139388948924e-01,  2.002633617375964e+01
s176        , -1.268948530849032e+00, -1.160421784183234e+00, -2.066156578590722e+00, -3.950096431763389e+01
s177        ,  1.005563615864533e-01, -1.090625139039367e-01, -1.613400097493307e+00,  1.626125225673326e+01
s178        ,  1.242644395595530e+00,  9.098974629486518e-01,  2.068709412371879e+00,  2.465930955442617e+01
s179        , -1.576962637744264e+00, -1.995879565138536e+00, -4.777360907200285e+00, -5.071859611570193e+01
s180        ,  1.737282181449411e+00,  1.678364328973792e+00,  2.798423707640567e+00,  5.980501982547531e+01
s181        ,  2.233856545359632e+00,  2.125416703391408e+00,  3.051662220365745e+00,  8.266131170679081e+01
s182        , -1.711402508932139e+00, -1.562304195163357e+00, -1.468722599345456e+00, -7.165998611756820e+01
s183        , -7.106254116747583e-01, -5.416517391431928e-01,  2.272308772523937e-01, -3.520906472252695e+01
s184        , -1.590416334708451e+00, -1.654158947606540e+00, -2.688436109628172e+00, -5.992245473617312e+01
s185        , -1.868355490710606e+00, -2.029902514455535e+00, -3.383538592448906e+00, -7.234574792487498e+01
s186        , -2.760321167234583e-01, -3.861767856909295e-01, -8.923563624952405e-01, -1.026376620684740e+01
s187        , -4.966273090043231e-02,  6.361504899655024e-02,  1.261788081013886e+00, -1.399861919438812e+01
s188        , -1.015813052583435e+00, -1.023111412292171e+00, -1.091755523449769e+00, -4.509962789791425e+01
s189        , -2.906800910340787e-01, -2.005294292024160e-01, -2.866515511159143e-01, -7.816792722732370e+00
s190        ,  5.354894060030271e-01,  6.205417643540178e-01,  1.822418631042657e+00,  1.102494580003080e+01
s191        ,  1.753961104841035e+00,  1.468396507547822e+00,  1.305081646971712e+00,  6.841319596222638e+01
s192        ,  1.693846989966433e+00,  1.444159776537684e+00,  2.172831475487758e+00,  5.476825896753741e+01
s193        , -1.325060983901232e+00, -1.515261529337238e+00, -2.628162965018979e+00, -5.256203644365939e+01
s194        , -3.735061674670884e-01, -5.258924090014806e-01, -7.606518998855093e-01, -2.037440151075917e+01
s195        ,  5.549893676077536e-01,  5.623000629622146e-01,  2.022989710514096e+00,  4.760116786283866e+00
s196        ,  5.156221309853631e-01,  3.133522466172859e-01, -2.920263434254723e-01,  2.262872333400708e+01
s197        ,  4.039259378191074e-02, -4.257005625440380e-02,  5.124214384891987e-01, -9.727582860667143e+00
s198        , -1.147577574253399e-01, -2.387486523501805e-01, -2.347223085534436e+00,  1.892464310152148e+01
s199        , -8.191010016050872e-02,  1.391100115618080e-01, -1.007884921073367e+00,  2.240606703117361e+01
s200        ,  1.189193657309887e+00,  1.097727190433706e+00,  1.715971158171338e+00,  4.072423233617253e+01
s201        ,  6.533862606425194e-01,  3.738337469181341e-02, -3.503918470007915e-01,  7.140676987659937e+00
s202        , -8.110875660980833e-01, -6.981617595829545e-01, -4.097108189623583e-01, -3.549442908826221e+01
s203        , -8.655630508261463e-01, -6.632724865234829e-01,  1.290223548961549e+00, -5.735711205959190e+01
s204        , -3.544918020535805e-01, -3.910371501256049e-01, -6.701640563826905e-02, -2.216671039968472e+01
s205        , -3.633282890048445e-01, -5.475646055970387e-01, -2.005576894543234e+00, -4.134331764858860e+00
s206        , -5.026824938914743e-01, -6.778887124523573e-01, -1.531419755055170e+00, -1.850956207937746e+01
s207        ,  4.240041451428595e-01,  5.338621265969248e-01,  1.603005428353649e+00,  8.990255541383162e+00
s208        , -8.062259524963590e-01, -5.789296010726355e-01,  8.468445454097789e-01, -4.613249059547564e+01
s209        ,  3.099661283982239e-01,  2.911240257019794e-01,  1.519587742307982e+00, -4.181306446047724e+00
s210        , -3.065562839865105e-01, -5.158647015007586e-01, -9.341275204870191e-01, -1.734030647277246e+01
s211        , -4.563063004879184e-01, -2.727792290861533e-01,  3.013699837150867e-01, -2.036240112363237e+01
s212        ,  4.998062981764828e-01,  7.268358619381901e-01,  1.566868753222741e+00,  2.090338416576351e+01
s213        ,  6.563519744665959e-01,  7.712451695063638e-01,  1.024354266081984e+00,  3.116318958767670e+01
s214        ,  1.142353378029062e+00,  1.205073908217856e+00,  2.649187868763696e+00,  3.393436982661872e+01
s215        , -1.476327451002582e-01, -3.172306792463557e-01,  5.860175416256974e-01, -2.699551947056044e+01
s216        , -1.905199100184842e-01,  2.005329329234018e-02, -1.017904549812417e+00,  1.551095356061067e+01
s217        , -2.414550310188500e-01, -7.481373009035786e-01, -1.735776661128843e+00, -1.978509432387259e+01
s218        , -1.293237902229174e+00, -1.234862697952266e+00, -1.738802863123403e+00, -4.850746833298528e+01
s219        ,  2.482302713119656e-01, -1.830637387674861e-02,  1.065065335400319e+00, -1.607144574751223e+01
s220        , -2.000823243837164e-01, -5.803483952608753e-01, -2.590835080979263e+00,  2.165009912230005e+00
s221        , -6.698961632051862e-01, -5.389239744391287e-01,  1.192937230471943e+00, -4.863905245287345e+01
s222        ,  1.037060196097378e+00,  1.135258442691046e+00,  2.435028188883055e+00,  3.282239735688218e+01
s223        , -1.623853301049458e-01, -5.092894802860735e-01, -1.038629451208024e+00, -1.548097439034722e+01
s224        , -6.705934431510087e-01, -5.259845034011326e-01, -1.761112872215655e-01, -2.860657469473254e+01
s225        , -1.448990103249857e+00, -1.244138496710172e+00, -3.018980726084764e+00, -3.103864118485946e+01
s226        , -1.718251341837416e+00, -1.329611856358381e+00, -2.685045908233175e+00, -4.078977264272338e+01
s227        ,  1.227776018054062e-01, -3.634886729003257e-02, -6.015485133004114e-01,  6.317916738954947e+00
s228        ,  4.264100451543563e-01,  3.122761788806752e-01,  1.616383222142735e+00, -4.293520216345935e+00
s229        ,  4.451483651439820e-01,  3.573274980950437e-01,  1.969727864840621e+00, -6.603949779296970e+00
s230        ,  1.833521503477001e+00,  1.575589522297585e+00,  1.669776938939664e+00,  6.961552870554384e+01
s231        ,  5.465231310557156e-01,  4.693683971326060e-01,  1.127322059862794e+00,  1.187343443432523e+01
s232        , -9.701705002670065e-01, -9.657306298480168e-01, -1.998854341171538e+00, -2.894212062526584e+01
s233        , -4.717599438000208e-01, -3.135660379093963e-01, -2.282237661291019e+00,  1.358841909778377e+01
s234        , -5.281115591146329e-01, -5.204059450919976e-01, -2.395405699347224e+00,  2.957104654940307e+00
s235        ,  1.986306191498733e+00,  2.183538052062826e+00,  3.477372388371899e+00,  8.010484652301338e+01
s236        , -9.106289011065025e-02, -3.587752306069803e-01,  2.019449411478743e+00, -4.962464863393634e+01
s237        , -2.049911438812475e-01,  2.649245451373416e-02, -6.102006562778972e-01,  1.015354230802246e+01
s238        , -8.473750345453807e-01, -4.612490292195595e-01, -2.492033871391798e+00,  7.813146142247698e+00
s239        ,  4.108404411494213e-01,  5.481530584729042e-01,  1.279165787221486e+00,  1.439250172583022e+01
s240        ,  7.165538551738689e-01,  7.007284994796383e-01,  5.705489841454678e-01,  3.338251029431841e+01
s241        ,  1.480467310245773e+00,  1.681243824200338e+00,  2.710344057651155e+00,  6.121481381336782e+01
s242        ,  1.377587652535837e-03,  1.398203663286110e-01,  1.382444061113283e+00, -1.119305711343704e+01
s243        ,  1.131563109684979e-01,  2.049750158497148e-01,  1.304333716910948e+00, -6.243172739686430e+00
s244        , -5.391359916687376e-01, -3.639382195014060e-01, -1.410863572132145e+00, -1.652103080492638e+00
s245        , -6.959002745715563e-01, -7.887732781834712e-01, -5.089966019974286e-01, -3.945214338140626e+01
s246        ,  1.097686348144868e+00,  1.130715668206178e+00,  1.636354100091534e+00,  4.379433469287382e+01
s247        ,  1.841111551502399e+00,  1.444441096648933e+00,  5.765446901438752e-01,  7.725076798783947e+01
s248        , -3.591369962873629e-01, -1.916569942709814e-01, -1.030474320524652e+00,  3.176000883979455e+00
s249        , -6.877465177400688e-02,  7.461936958218704e-02,  2.756692843703314e-01,  5.302019249720100e-01
s250        ,  9.781851862563173e-01,  8.633794855343819e-01,  6.512778468895030e-01,  4.185884923102419e+01
s251        , -1.545108495483156e+00, -1.537680290813335e+00, -3.020574245052459e+00, -4.836422871257482e+01
s252        ,  9.402639511564144e-01,  9.750191772791601e-01,  1.883497243207302e+00,  3.111458133917817e+01
s253        ,  3.571077652909773e-01, -3.105887675587726e-01, -9.121112274387809e-01, -5.518566231998429e+00
s254        ,  2.257901594076580e-01,  6.833456739103824e-02,  9.779025694627970e-01, -9.724341572050896e+00
s255        , -1.438850770729053e-01,  7.117812996296799e-02,  1.092813586725674e+00, -1.117352914620234e+01
s256        ,  1.248756905340010e+00,  1.367570514762325e+00,  2.328838328734970e+00,  4.804629798203167e+01
s257        , -7.549787863785817e-01, -6.600524768129997e-01, -2.028756071832259e-01, -3.615317562842375e+01
s258        ,  8.177238568000533e-01,  7.263678121367145e-01,  1.197968948565820e+00,  2.606755938605144e+01
s259        , -3.969340657877687e-01, -2.596391666491629e-01,  7.670121382044583e-01, -2.613920984947109e+01
s260        ,  1.424749928690502e+00,  1.341209061831410e+00,  2.551013606824275e+00,  4.336150445112572e+01
s261        , -2.470942124509466e-01, -4.763232019216018e-02,  1.143093076296145e+00, -1.890272851351605e+01
s262        ,  2.007985062735016e-02,  3.243437012405442e-01, -7.936486271416454e-01,  3.033805814515561e+01
s263        ,  1.714213031012279e+00,  1.860726029847013e+00,  3.430889714920613e+00,  6.168118171917142e+01
s264        , -2.919262533908621e-01,  1.350473674529602e-01, -9.071298890119854e-01,  2.074795888880593e+01
s265        , -2.155995419331203e-01, -8.480406009317026e-02, -1.515251426430186e+00,  1.631357302460812e+01
s266        , -9.362328774391201e-01, -8.053489539961737e-01, -2.831133379790064e+00, -7.750369304061373e+00
s267        ,  6.142764498338860e-01,  6.023610298951514e-01,  9.097597126281119e-01,  2.279509804480659e+01
s268        ,  8.320264617200721e-01,  9.552279700860471e-01,  9.212639106473753e-01,  4.348725864752765e+01
s269        , -4.610366351192068e-01, -2.969734724176187e-01,  9.378386677256019e-01, -3.074981353766941e+01
s270        ,  5.033046853861965e-01, -9.286043382980103e-02, -1.535809381571714e+00,  1.612677907524325e+01
s271        ,  2.731597535481846e-01,  1.695481897752648e-01,  1.275861059898509e+00, -7.936141689567359e+00
s272        , -4.876259036091397e-01, -2.012833364659271e-01,  5.012062245545922e-01, -1.894953138627660e+01
s273        ,  3.756531389576167e-01,  4.833598407193631e-01, -1.645509763860849e-03,  2.858922205293880e+01
s274        , -6.075622032726076e-01, -6.914760315357698e-01, -2.313007731891980e+00, -8.312615103513082e+00
s275        , -3.667973944341356e-01, -3.170742140155905e-01, -5.813654558371498e-01, -1.055671212229718e+01
s276        ,  9.245727537620891e-01,  7.196319475791595e-01,  1.368827507188055e+00,  2.326484094830789e+01
s277        , -9.396261947398056e-01,  9.252753275331405e-02, -3.868420201523491e+00,  5.991180415943801e+01
s278        , -1.341488674963300e+00, -1.246347866529508e+00,  6.048987704545597e-02, -7.450918626892351e+01
s279        , -1.266362915480045e+00, -1.370295082492690e+00, -1.231278441551285e+00, -6.365419829861059e+01
s280        ,  2.057477526667467e+00,  1.766426996677037e+00,  2.861351124287022e+00,  6.412380148059538e+01
s281        , -2.834398711024385e-01,  1.203500579620558e-01, -3.091766725668839e+00,  5.062559041947694e+01
s282        ,  9.178955657779987e-01,  7.615272466365196e-01, -4.986758138118117e-01,  5.202375067507796e+01
s283        ,  3.733503076570951e-01,  2.111104157649356e-01,  2.035205419189094e+00, -1.616674769565717e+01
s284        , -1.411377341359432e+00, -1.656237701231408e+00, -3.402198999892253e-01, -9.309372390050956e+01
s285        , -7.489991269044497e-01, -4.527700905076320e-01, -7.634070532802951e-01, -1.601417302199725e+01
s286        , -1.503542794535010e+00, -1.899978307234615e+00, -2.509128374535353e+00, -7.697367119861769e+01
s287        ,  6.691186599609008e-01,  8.765395241334821e-01,  1.498545483985302e+00,  3.071228545598802e+01
s288        , -7.261797515669667e-02, -4.176666764495394e-01,  1.703540392415817e-01, -2.708120112080431e+01
s289        , -2.036131017088608e+00, -2.256906967971773e+00, -3.011651138241944e+00, -9.099535899336163e+01
s290        , -3.593369916728853e-01, -1.324928116400976e-01,  1.516155721488454e+00, -2.916831884310374e+01
s291        , -9.653688942346333e-01, -4.926312186758248e-01, -4.853588235955389e+00,  3.919462744865651e+01
s292        ,  1.020142466608096e+00,  1.013237603991748e+00,  1.103398934821233e-02,  5.972599703472202e+01
s293        ,  1.809672166646086e+00,  1.577764784139494e+00,  1.883249835274607e+00,  6.673970123141680e+01
s294        , -1.362048565302476e+00, -1.763216497761163e+00, -3.388551077267152e+00, -5.651433705135484e+01
s295        ,  1.783462244939523e+00,  1.468129285124469e+00,  1.405048351548513e+00,  6.699048808460904e+01
s296        , -4.444596513339619e-01, -2.971276903959865e-01, -3.248478295624417e+00,  2.815862349484024e+01
s297        , -5.510249411793563e-01, -4.507297664406608e-01, -1.015882984789597e+00, -1.234028636953597e+01
s298        , -8.286362700584804e-01, -5.774396393942461e-01, -1.217295210611739e+00, -1.699406470835686e+01
s299        ,  6.445649183446500e-01,  6.597283584163238e-01,  1.798328935821436e+00,  1.367986720953631e+01
s300        ,  1.263431947632347e+00,  1.413665514114059e+00,  2.383887759765030e+00,  4.999570762713749e+01
s301        , -1.374060773425154e+00, -1.419636679384368e+00, -2.567964838241028e+00, -4.775792610341852e+01
s302        ,  1.535703749464311e+00,  1.359521888023583e+00,  1.576400674252154e+00,  5.816031896467245e+01
s303        , -5.834699387477037e-01, -1.953032993807476e-01, -3.067345150834850e+00,  3.162710027919707e+01
s304        , -1.532084137217445e+00, -1.516219963720118e+00, -1.146972283610870e+00, -7.346471817047043e+01
s305        ,  8.275615567870639e-01,  6.524851595902987e-01,  1.268536321600854e+00,  2.070801768144315e+01
s306        , -7.539381022379023e-01, -6.478710701937873e-01,  1.483662001926517e-01, -4.037658784260130e+01
s307        ,  1.586514123372291e-01,  1.026825503155768e-01,  2.002406561551451e+00, -2.211311582788767e+01
s308        , -5.508401709447740e-02,  3.479039097790622e-01, -3.914056277761892e+00,  7.564655698905366e+01
s309        , -5.766874189299147e-01, -4.732106669654962e-01,  1.185226838147631e+00, -4.464694956754553e+01
s310        ,  6.374709732867283e-01,  6.044389300674019e-01,  2.001864635192975e+00,  7.547790876016130e+00
s311        ,  4.080149769921139e-02, -4.281455387450429e-01, -6.591158620208785e-01, -1.602666508687835e+01
s312        ,  9.731382012764279e-01,  7.647142726787401e-01,  1.284862136218608e+00,  2.711087454820534e+01
s313        ,  1.429932001970077e-01,  4.552992388342179e-01,  8.622866156232297e-01,  1.477202800952892e+01
s314        ,  1.930683047603774e-01,  3.196661575299935e-01,  8.262364488856082e-01,  7.263618341630185e+00
s315        ,  5.348221101378693e-01,  3.424454386923426e-01,  3.885930948896391e-01,  1.476917227074630e+01
s316        , -1.241701629755850e+00, -1.015884347660215e+00, -2.415619033050930e+00, -2.604067394317266e+01
s317        ,  1.919675275186283e+00,  2.047503961339042e+00,  2.897825269935257e+00,  8.022182623824585e+01
s318        , -4.758666133750817e-02,  1.926705002166633e-01,  5.646755149985787e-01,  3.439473681018201e+00
s319        ,  1.127723396934456e-01,  2.312015919289663e-01, -6.339008977261376e-01,  2.258519261252272e+01
s320        , -2.749916285582357e+00, -2.505728731076826e+00, -2.743542595369200e+00, -1.094737826520263e+02
s321        ,  1.503561162462575e+00,  1.333928284883068e+00,  2.578321821619154e+00,  4.254688669293439e+01
s322        ,  3.544546857579591e-02, -1.505035403317540e-01, -3.884328181119456e-01, -3.427861596958649e+00
s323        , -8.304133648084051e-01, -6.687004433064497e-01, -7.069966742041873e-01, -2.956934268676355e+01
s324        ,  7.189309498557251e-01,  5.673916630279873e-01,  1.573313001840865e+00,  1.138970267226501e+01
s325        , -7.647497330279208e-02,  2.370084307376329e-01,  1.064925901836010e+00, -9.806442096227511e-01
s326        , -2.795970934311181e-01, -6.162819025498933e-02, -2.553901858016181e+00,  3.230104180953631e+01
s327        ,  9.507662038906267e-01,  6.658613984347105e-01,  2.272803130091755e+00,  7.364650046643700e+00
s328        , -4.226431741816794e-01, -4.933706711881430e-01, -2.193197409684202e+00,  1.709014275892649e+00
s329        , -6.340756771310201e-01, -2.498370351661264e-01, -1.813364971608290e+00,  1.075589804906803e+01
s330        , -4.983104214676741e-01, -7.132637738165826e-01, -2.167945430624062e+00, -1.164183147173779e+01
s331        ,  4.313976606624865e-01,  2.494167094024943e-01,  6.650920574386012e-01,  5.379869315360291e+00
s332        ,  2.872576810614043e-01,  1.329403945296277e-01,  5.211752254228292e-01,  5.217026875225927e-01
s333        , -1.428207646760553e+00, -1.637959347644453e+00, -3.135778791200981e+00, -5.266924634139519e+01
s334        ,  1.090736693025978e+00,  1.158710075454306e+00,  2.483856050890671e+00,  3.352116896920592e+01
s335        ,  8.689786106388561e-01,  7.017715341221957e-01,  1.070132900083514e+00,  2.641308893102105e+01
s336        , -6.909278893094605e-01, -4.189969339511647e-01,  2.949413393346487e-01, -2.891323956354898e+01
s337        ,  1.253402841738086e+00,  1.934565122835163e+00,  7.455256212263548e-01,  1.038383772942688e+02
s338        , -5.188757165053888e-01, -5.025732074188911e-01, -6.541545827773039e-01, -2.049508707254061e+01
s339        ,  1.328885826036196e+00,  9.741709259076363e-01,  2.571518484621718e+00,  2.138135035149222e+01
s340        ,  5.747319815580367e-01,  4.395639214739765e-01,  3.758837979459662e-01,  2.068764210331774e+01
s341        , -1.829453856971746e+00, -1.821057734094626e+00, -2.125685781780836e+00, -7.770605681697843e+01
s342        ,  6.006312482055266e-01,  4.158022300962619e-01,  1.501909066675907e+00,  3.435852480253693e+00
s343        ,  3.874115618757035e-01,  5.317722925915772e-01, -3.705912675091716e-01,  3.664283077435909e+01
s344        , -7.953203262348685e-01, -9.541232556568863e-01, -1.004033847156424e+00, -4.225708041015444e+01
s345        ,  6.299310808043834e-01,  7.972123761578149e-01,  1.185865548421327e+00,  3.042474067675048e+01
s346        , -1.002600077568548e+00, -8.709702478227144e-01, -2.483128554614520e+00, -1.652628335619232e+01
s347        ,  1.953430134440088e+00,  1.585366133440647e+00,  1.854295833127650e+00,  6.759642702825001e+01
s348        , -2.116724435810483e-01, -1.578993047761156e-01,  1.811032937939133e-01, -1.188050314882608e+01
s349        ,  5.157492200743797e-01,  6.146817066558550e-01,  1.920254120764879e+00,  9.301701554606614e+00
s350        , -1.510374771276913e-01, -1.526283850336614e-01,  5.953727631510901e-01, -1.739935911408966e+01
s351        , -7.759769648741240e-01, -9.297543266644692e-01, -1.466939920788285e+00, -3.430203649896914e+01
s352        , -3.539192931352820e-01, -2.847091899718316e-01,  1.412885289316192e+00, -3.671073690564294e+01
s353        ,  5.069167448439574e-01, -1.039427739976996e-01, -6.189420803374213e-01,  2.567981480151189e+00
s354        , -1.828973197137163e-01, -4.220257629304253e-01, -3.105590004700389e+00,  1.876629061720438e+01
s355        ,  1.624801336388416e+00,  1.308885637026168e+00,  1.342274629282742e+00,  5.846282151691024e+01
s356        , -5.658130117516301e-01, -4.036007905936499e-01, -1.216681824547512e+00, -6.729002405627360e+00
s357        ,  5.765045328570928e-01,  4.262972784511821e-01,  1.480501301621183e+00,  4.357388352581197e+00
s358        , -7.806919589092669e-02,  2.185483622393438e-01,  6.721374593995553e-01,  3.456426278442453e+00
s359        , -6.122238556537778e-01, -5.332530152818287e-01, -9.704188953603818e-01, -1.785717874728794e+01
s360        ,  7.072470066133247e-01,  8.302484511258392e-01,  1.007563335769868e+00,  3.488653496022692e+01
s361        , -8.533119485587989e-01, -5.390962542786306e-01, -2.661834704389602e+00,  5.602205773669480e+00
s362        , -3.832307428619676e-01, -3.367095678003647e-01,  9.787547804738493e-01, -3.367402219525064e+01
s363        ,  1.136620729810577e+00,  4.660863620538697e-01, -9.586861378696353e-01,  4.103761320961638e+01
s364        ,  1.183780326191236e+00,  1.362755053918824e+00,  2.868677245171948e+00,  4.016410323616832e+01
s365        , -8.620628158872323e-01, -3.634899208325613e-01, -9.273777026622075e-01, -8.430111405710086e+00
s366        , -1.425655087558077e+00, -1.251795132430155e+00, -1.778337542748618e+00, -4.895175286618127e+01
s367        , -1.566451522193896e+00, -1.334315873527770e+00, -2.991286830638401e+00, -3.675778970813966e+01
s368        ,  3.820728130067759e-01, -2.097395380759283e-01, -4.553261765010204e-01, -5.987201040028559e+00
s369        , -1.056326402261627e+00, -1.113274740452562e+00, -1.906104509247506e+00, -3.896717017634648e+01
s370        ,  1.443000454420478e+00,  1.144660557750660e+00,  2.388757860219900e+00,  3.402925372778617e+01
s371        , -5.876015246379517e-01, -2.887445167689252e-01,  4.028341536224455e-01, -2.273392340258507e+01
s372        , -1.098974443479297e+00, -7.204257797110389e-01, -8.757522613577239e-01, -3.025121725028756e+01
s373        ,  2.115861634781081e+00,  2.031102803766163e+00,  3.022457257434653e+00,  7.749848436659420e+01
s374        ,  8.889609764508162e-01,  6.449069124999655e-01,  8.152863491825235e-02,  3.696590630077905e+01
s375        , -3.861821693859098e-01, -2.683619667205654e-01,  8.844913580920382e-01, -2.830810188575424e+01
s376        , -1.647182127127575e+00, -2.023870349145680e+00, -2.789603740934924e+00, -8.034819674088723e+01
s377        , -9.921142122504716e-01, -1.250635391492819e+00, -3.053230521193381e+00, -3.094057479945189e+01
s378        , -4.827505529619482e-01, -1.071449120472630e+00, -1.745490342990681e+00, -3.875577750066734e+01
s379        ,  7.391578818969189e-01,  9.450362569685267e-01,  1.636624344008390e+00,  3.281707140989741e+01
s380        ,  9.482091524808841e-01,  6.358256404168994e-01,  1.128758788664611e-01,  3.598803650820221e+01
s381        , -2.602453229516086e-01, -1.702425698770469e-01, -3.021428008834414e-01, -5.808849509033383e+00
s382        ,  1.104663472507788e+00,  1.081863319021249e+00,  2.272571978266011e+00,  3.195318369272761e+01
s383        , -2.293659969566494e-01, -3.732198791744403e-01,  2.763001521377285e-01, -2.594551021142698e+01
s384        ,  1.124093149995714e+00,  4.211069635493538e-01, -6.400202040015696e-01,  3.389452451716100e+01
s385        , -1.028301590354242e+00, -8.810364802907238e-01, -1.177310589294396e+00, -3.549905908871605e+01
s386        , -8.502764349509152e-01, -7.363540468976578e-01, -5.568109218556110e-01, -3.568129033838272e+01
s387        ,  1.129785972964034e+00,  1.352584375475230e+00,  2.546512446499617e+00,  4.409712225182614e+01
s388        , -1.726546649489343e+00, -1.994421468337097e+00, -2.615434460049617e+00, -8.105902896774879e+01
s389        , -6.831952605802530e-01, -8.467717835758493e-01, -1.854648995378151e+00, -2.394129947249166e+01
s390        , -3.734364635864852e-02,  2.546023293981985e-01,  1.166770363543287e+00, -1.374205676072537e+00
s391        ,  4.779948697936299e-01,  6.520273809937159e-01,  1.699607616617954e+00,  1.461413541778075e+01
s392        ,  3.310220817152515e-01,  2.928392236669956e-02, -5.172767108841603e-02,  2.458656244908067e+00
s393        ,  5.553356616642980e-02,  1.520850757848536e-01,  1.621516372176568e+00, -1.383289077924009e+01
s394        ,  4.365379722541595e-01,  1.865225499057178e-01,  1.768201413522494e-01,  8.534750320978819e+00
s395        , -8.983021968784184e-01, -5.355999135544702e-01, -4.007230052445571e+00,  2.474371345797330e+01
s396        ,  1.678248791678738e-01,  5.381014691707284e-01, -1.999874336995673e+00,  5.994714620842264e+01
s397        ,  8.185692451143642e-01,  7.004328330162711e-01,  1.519608394928970e+00,  2.000812731786038e+01
s398        , -3.699760772173830e-01, -4.013280751789720e-01, -1.196583932974001e+00, -6.877541781745776e+00
s399        ,  1.905475331815307e+00,  1.806547816940111e+00,  2.363571345517162e+00,  7.350057268149214e+01
s400        ,  1.858354115946673e+00,  1.695606720550829e+00,  2.654314601791478e+00,  6.285219557986733e+01
s401        ,  1.882929356651747e+00,  1.738835269782214e+00,  2.420225599483109e+00,  6.870148878078422e+01
s402        ,  7.251022959905945e-01,  5.799130492042510e-01,  4.762681260679477e-01,  2.756933657289459e+01
s403        , -4.598852698083180e-01, -3.130540568867223e-01, -6.617791871169143e-01, -9.187395109485930e+00
s404        , -7.654208212581715e-01, -8.812819618424412e-01, -1.676436729832900e+00, -2.848894582528969e+01
s405        , -1.008550952239817e+00, -8.266274940256092e-01, -1.256306816936571e+00, -3.117176444630843e+01
s406        ,  6.851436048144010e-01,  7.971090018948751e-01,  1.281048087588403e+00,  2.907904762881422e+01
s407        ,  1.179473302867332e+00,  1.252776968303442e+00,  3.450136983826737e+00,  2.548114208658943e+01
s408        ,  1.889092138737942e+00,  1.734715107842117e+00,  2.635956114198618e+00,  6.542183495689446e+01
s409        ,  1.749725590072469e-01,  1.733484267360175e-01,  1.684529725484822e+00, -1.346308866544047e+01
s410        ,  1.998254738056868e+00,  1.611144370232053e+00,  1.423023880008455e+00,  7.518954604269541e+01
s411        ,  9.892338833250636e-01,  7.427159351351469e-01,  9.711846193634618e-01,  3.022544258527038e+01
s412        , -1.223391619754290e+00, -1.398034851118930e+00, -7.030705228409341e-01, -7.272750298044483e+01
s413        ,  5.743625596418537e-01,  1.803658272022917e-01,  4.847671078651065e-01,  3.836898375658965e+00
s414        ,  1.092248078316437e-01, -2.718625845209183e-01, -1.358070972298217e+00,  3.046476543871264e+00
s415        , -2.685700492164793e-01, -9.092365910947753e-03,  9.778717108488293e-01, -1.429975843030674e+01
s416        ,  1.462987518702352e+00,  1.257932195461164e+00,  2.497027955028576e+00,  3.919971371347816e+01
s417        ,  1.569882344576942e+00,  1.800091247154364e+00,  3.341903592091676e+00,  5.935010555266525e+01
s418        ,  1.876220335020836e-02,  2.809737772703811e-01,  1.311714763847326e+00, -1.855604720339615e+00
s419        ,  1.276905221099546e+00,  1.098538925558215e+00,  1.600629100676919e+00,  4.239551058989509e+01
s420        , -1.647237733483662e+00, -1.673362752474643e+00, -2.488403965608793e+00, -6.387259981264987e+01
s421        , -1.445425539908424e-01, -3.501653269404226e-02, -2.389130138908956e+00,  3.155479241418995e+01
s422        ,  5.402460517048289e-01,  6.495400782696331e-01,  1.854775482319828e+00,  1.228333084842582e+01
s423        ,  8.390845889372367e-02, -6.457523978933501e-02,  4.467162096370831e-01, -1.010334148477958e+01
s424        , -9.431170827773597e-01, -8.059393426048700e-01, -3.331289489524059e+00, -7.461440679735941e-01
s425        ,  1.130552771406502e+00,  9.363431269519225e-01,  1.985701481711325e+00,  2.739046102331711e+01
s426        , -8.389925436276273e-01, -5.147964890216540e-01, -1.045245467473277e+00, -1.571332012580521e+01
s427        ,  8.392912737700503e-01,  3.521708502396466e-01,  2.583993265353669e-01,  1.717626011025962e+01
s428        , -9.488637335179150e-01, -1.022011600982487e+00, -3.124664161662989e-01, -5.600221966373464e+01
s429        ,  3.637065073507825e-02, -3.381043997359955e-02, -4.967318726809243e-01,  4.992762621035832e+00
s430        , -9.278822222973141e-01, -6.306373004602511e-01, -2.567552422932416e+00, -1.134688416773048e+00
s431        , -1.858348493139306e-01, -1.713314899371154e-02,  1.009506784656525e+00, -1.522018727722138e+01
s432        , -1.980571102286932e-01,  1.551918448697979e-01, -2.190830786191634e+00,  4.000507634917810e+01
s433        ,  2.907509872393486e-01,  3.108447324297786e-01,  1.653428693644941e+00, -4.899489214924902e+00
s434        , -7.856669273303235e-01, -6.234111459705768e-01, -1.360323181393746e+00, -1.769798025066788e+01
s435        ,  2.522946697305543e-01,  3.651776851356773e-01,  1.856717117137154e+00, -4.549516823068765e+00
s436        ,  9.124956428672120e-01,  8.648218656631068e-01,  3.543040611240021e-01,  4.612365365806156e+01
s437        , -3.499552547842402e-01,  1.420757768136147e-01,  1.697278162537006e+00, -1.549068917252516e+01
s438        , -2.967024119054128e-01, -3.346139305131666e-01, -6.469790173073517e-02, -1.886478710747358e+01
s439        ,  1.398781376080027e+00,  1.581867160146444e+00,  2.895474188214017e+00,  5.273626475712770e+01
s440        , -1.423048475754128e+00, -1.362012878169174e+00, -4.203021240362688e-01, -7.457827881086101e+01
s441        ,  4.627215551435010e-01,  3.351037972824838e-01, -2.639499301269219e-01,  2.351907441329094e+01
s442        , -1.281983082708195e+00, -1.109158843519528e+00, -2.310366132937189e-01, -6.229856091769832e+01
s443        ,  4.064644218525872e-01,  4.310431583175496e-01,  8.156326680620405e-01,  1.399511905037401e+01
s444        ,  1.926435095105153e-02, -3.681755733156684e-02,  6.124049367580238e-02, -3.037768162893238e+00
s445        , -6.163049587306062e-01, -5.506469188375346e-01,  4.869479409512928e-01, -3.939588663160133e+01
s446        ,  1.711464900608388e-01,  5.271426409892108e-02,  5.689144162644322e-01, -4.891451794550637e+00
s447        , -5.502000181018426e-01, -3.649608927320513e-01, -1.500009088597519e+00, -4.579223530671630e-01
s448        ,  1.089535632894734e-01,  1.390135935505543e-01,  1.111873883413213e+00, -7.432775412095261e+00
s449        , -1.011248874107511e+00, -9.329306500471722e-01, -1.043297966213736e+00, -4.045202258787499e+01
s450        , -1.947013588700806e+00, -1.315446704460538e+00, -1.899930755368645e+00, -5.100221120848876e+01
s451        ,  1.238871233763808e+00,  1.033085310337273e+00,  1.301256526265578e+00,  4.274059149519935e+01
s452        , -3.901411635884037e-01, -3.085965960056309e-01,  1.528041028614809e+00, -3.974314107624357e+01
s453        ,  5.429001167419540e-01,  6.135030009790440e-01,  1.708430839629710e+00,  1.221320804186906e+01
s454        ,  1.674074113182614e+00,  1.514852801530383e+00,  3.311950181595305e+00,  4.291436982521030e+01
s455        ,  3.036107540082147e-01,  4.049192290572893e-01,  1.374665965092875e+00,  4.583477379857329e+00
s456        ,  1.697945289202256e+00,  1.444634300366632e+00,  2.458713682174846e+00,  5.077284266767908e+01
s457        ,  1.416859305428101e+00,  1.617635140840316e+00,  2.408351282011264e+00,  6.170580456146467e+01
s458        , -1.404208354895570e-02,  1.021869298187132e-01,  8.011567928300684e-03,  5.926387659070997e+00
s459        ,  6.925018491951431e-01,  4.360010171414330e-01, -3.331398352662521e-01,  3.045576266269322e+01
s460        , -1.114252131965874e+00, -1.201697580647412e+00, -1.523804900598756e+00, -4.957329114550118e+01
s461        ,  2.042381769729374e+00,  2.127029253249222e+00,  2.886492499832901e+00,  8.508118378745156e+01
s462        , -1.531404654443665e+00, -1.334299697898518e+00, -2.614600677087640e+00, -4.205825404272821e+01
s463        , -3.759583777355113e-01, -1.770789752957039e-01,  1.330957918645714e+00, -2.919687063174071e+01
s464        ,  1.991689923540824e+00,  1.696124457728372e+00,  2.417384571708134e+00,  6.621730841760618e+01
s465        ,  9.755969169673073e-02, -7.393118765407825e-03,  9.332262578678651e-01, -1.357100177333734e+01
s466        ,  6.072772838991297e-01,  9.746357857331438e-01,  7.515176222947966e-01,  4.702322229052336e+01
s467        ,  1.216496181986968e+00,  1.037787603008458e+00,  1.531271140272290e+00,  3.978130344034360e+01
s468        ,  3.775595362798933e-01,  8.045290755890691e-01,  8.468599011876611e-01,  3.562826091273002e+01
s469        , -1.307461059058785e+00, -1.139656309896819e+00, -9.821529363862733e-01, -5.352983919397851e+01
s470        , -5.283291461494825e-01, -5.357899950198836e-01, -4.943002314495140e-01, -2.470792905341915e+01
s471        ,  2.377867747615111e-01,  3.124805085585926e-01,  1.205334490760541e+00,  1.503589142095192e+00
s472        ,  1.302569086132945e+00,  1.249967219823537e+00,  2.439366648199007e+00,  3.954050789649301e+01
s473        , -5.693295827287675e-01, -5.674072306567507e-01,  1.296699363302041e-01, -3.535813047964263e+01
s474        ,  1.884221453852586e+00,  1.563305519655705e+00,  1.911212814937472e+00,  6.549162727725248e+01
s475        , -1.446520811585995e+00, -1.716357378487031e+00, -2.657752941162139e+00, -6.403014722775093e+01
s476        , -1.215631750383895e+00, -1.451284153639622e+00, -4.319877290118966e+00, -2.497212500974561e+01
s477        , -8.341578078875426e-01, -3.538903858108867e-01,  1.375128730358383e-01, -2.284988744719767e+01
s478        ,  1.187878793372986e+00,  1.151069181188185e+00,  1.586741618317251e+00,  4.569544420565322e+01
s479        ,  3.365947877874360e-01,  6.355783771709813e-01,  1.240102303531125e+00,  2.010902023412474e+01
s480        , -9.637108529621194e-01, -9.991412366971892e-01, -3.281907514648565e+00, -1.285916885380441e+01
s481        ,  2.085079041846591e+00,  1.158000751534974e+00,  2.067258715692271e-01,  6.552721230365087e+01
s482        , -1.022603717946666e+00, -9.857191448806966e-01, -2.657252817607080e+00, -2.085722686771497e+01
s483        , -1.034187950850505e+00, -1.166705533452300e+00, -3.047219061447448e+00, -2.606501187638715e+01
s484        , -1.995156105028394e+00, -2.372583413804033e+00, -3.654450970953649e+00, -8.878505513697796e+01
s485        ,  6.269503300594436e-01,  2.968004876632853e-02, -7.735880117481964e-02,  2.842795302267973e+00
s486        , -1.429365852931641e+00, -1.571717285875484e+00, -1.836075911339012e+00, -6.704621859223070e+01
s487        ,  4.249609108300679e-01,  2.650786866883558e-01, -1.298451037035858e+00,  3.394006534836172e+01
s488        , -2.798574335396176e-01, -3.687644881536065e-02,  1.028477025562845e+00, -1.665397986134273e+01
s489        , -5.336235067101003e-01, -3.650389845933023e-01,  1.527420501049978e+00, -4.307009428069418e+01
s490        , -1.648273604531437e+00, -1.473590165707717e+00, -1.965536319177434e+00, -5.942500299647912e+01
s491        ,  7.228333429987273e-01,  8.921818954892216e-01,  2.238405211976251e+00,  2.122406658822283e+01
s492        , -9.260692223596583e-01, -8.700619038285069e-01, -4.432993494337844e-01, -4.518082909492465e+01
s493        , -5.201114240395055e-01, -6.760040374034770e-02, -2.401511429519628e+00,  2.980337184614921e+01
s494        ,  1.832055246002863e-02,  2.698813806359640e-02,  1.976433725803486e+00, -2.622103928480389e+01
s495        ,  2.383820600840625e-01,  4.695692066251497e-01,  2.077888078392146e+00, -1.492811084891948e+00
s496        , -7.978377098794708e-01, -6.506849123041694e-01, -2.135359287668126e+00, -8.402098031595571e+00
s497        ,  4.550356427377596e-01,  5.370888868449935e-01,  1.167265370525437e+00,  1.531348915453020e+01
s498        , -6.680642327437073e-01, -7.766780880225541e-01, -2.351359795895895e+00, -1.280820717129852e+01
s499        ,  8.575607855949897e-01,  9.878693101279635e-01,  1.935786809569418e+00,  3.113809587269743e+01
s500        , -1.692527892902983e-01, -6.892493514222267e-02,  2.305382182992908e-01, -7.317949695901039e+00
s501        , -6.422509788397670e-01, -4.940006049886709e-01, -5.884703311552474e-01, -2.091288477836368e+01
s502        ,  1.243213320474068e+00,  1.362912166456951e+00,  1.438789376259891e+00,  6.029740015024116e+01
s503        , -1.279877945312270e+00, -1.243454442362346e+00, -1.911475671974675e+00, -4.658506216360917e+01
s504        ,  1.209352307302353e-01,  1.679775693327032e-01,  1.488265691151199e+00, -1.101831231644723e+01
s505        , -1.237963369094699e+00, -1.113267864967625e+00, -1.725647182705463e+00, -4.150649121149085e+01
s506        , -1.696383544323350e-01,  6.243275982839908e-02,  1.242612810793130e+00, -1.379862158664644e+01
s507        , -1.230468344629726e+00, -7.018416987111852e-01, -9.575035998614665e-01, -2.800236222882944e+01
s508        , -2.371439343057282e-01, -5.103723265927960e-01, -6.313736852551615e-01, -2.127662158204836e+01
s509        , -1.639492376941975e-01, -1.172360473907780e-01,  3.121256815564417e-01, -1.132133496474656e+01
s510        ,  6.798876031058373e-01,  6.268643105209547e-01, -3.870320870262013e-01,  4.249405549180232e+01
s511        , -1.306302408071936e+00, -1.515304630823450e+00, -2.665437325298193e+00, -5.203999034936473e+01
s512        , -1.810398909331260e-01, -2.565241700740127e-01,  1.057246196972989e+00, -3.003982422450033e+01
s513        ,  7.546842351810933e-01,  8.034104735104846e-01,  1.732817759332801e+00,  2.309332439371875e+01
s514        , -1.659299996003214e+00, -1.734485314351806e+00, -2.379891075092159e+00, -6.901207254754748e+01
s515        , -2.345220738579200e-01, -3.250458556861195e-01,  2.140009130774494e+00, -4.932801577336456e+01
s516        , -1.737647836542105e+00, -1.631644466476117e+00, -2.257034399886670e+00, -6.466335056753152e+01
s517        , -1.327112675511377e+00, -1.170028240804180e+00, -1.371294260271015e+00, -4.984807633364339e+01
s518        , -4.005723114576410e-01, -7.185038605110678e-01,  9.012960597740614e-01, -5.514752588195891e+01
s519        , -7.627096815238132e-01, -5.354772308253950e-01, -3.104643485993166e+00,  1.204810581460272e+01
s520        ,  5.205308045053684e-01,  2.277753850664631e-01, -1.018723848421504e+00,  2.779864362443300e+01
s521        , -1.565970964052308e-01,  2.739090766479977e-01,  2.947458004688914e-01,  1.203953633660386e+01
s522        ,  9.369677526584559e-01,  5.505298689778870e-01,  6.123577387820175e-01,  2.391751790342151e+01
s523        , -1.137675297963781e+00, -1.032908830489142e+00, -8.440945222151994e-01, -4.916418618467134e+01
s524        , -1.043872792855045e+00, -1.117089017081655e+00, -4.373715841579104e+00, -4.463825225297018e+00
s525        , -4.052687326822306e-01, -2.336968007092783e-01,  1.058616892090307e+00, -2.871004140059380e+01
s526        , -9.078531683408999e-01, -8.989281411265644e-01, -1.833786975911617e+00, -2.731729461368061e+01
s527        , -2.354883271970434e-01, -4.480908204878606e-01, -2.749957174994529e+00,  1.222075364286714e+01
s528        ,  1.249426787716260e+00,  1.125843232540863e+00,  2.150026346651730e+00,  3.627703829467196e+01
s529        , -1.079712692195388e+00, -1.352023868651461e+00, -3.036848115673167e+00, -3.716309159359910e+01
s530        , -1.464169262892369e+00, -1.247006883709273e+00, -8.226403545835324e-01, -6.211910075807724e+01
s531        ,  8.870341112159444e-01,  1.172508670952287e+00,  1.386066945242834e+00,  4.978675878266166e+01
s532        ,  8.189742158633641e-01,  5.900307379566619e-01,  2.083918901500139e+00,  5.541463183693603e+00
s533        , -6.018468317011504e-01, -9.496779932419652e-01, -1.645481968805020e+00, -3.296673240589983e+01
s534        , -1.393564173594942e+00, -1.709837544239914e+00, -3.086621315329392e+00, -5.760900733916681e+01
s535        ,  1.247772269364924e+00,  1.046520942802767e+00,  1.507927292391324e+00,  4.062597228874542e+01
s536        ,  1.175565678381589e-01,  9.740290044072356e-02,  5.391461988071491e-01, -1.831446805910073e+00
s537        ,  1.371458952168796e-02, -1.858496745919596e-01, -9.345142888129340e-01,  2.168681390099229e+00
s538        ,  1.438921434076982e+00,  1.118027106159845e+00,  1.041331061899255e+00,  5.141871235517468e+01
s539        ,  4.815773172227232e-01,  1.889771277211095e-01,  1.552120166823513e+00, -1.067593788927408e+01
s540        , -7.238055425047152e-01, -6.091822111532685e-01, -2.732603445839326e+00,  2.456186558149476e+00
s541        ,  2.233900132878818e+00,  1.858837748449675e+00,  1.730870195770225e+00,  8.549538734866087e+01
s542        ,  4.148904574828530e-02, -2.225440245793743e-01, -2.445238470881528e-01, -9.710730918552295e+00
s543        ,  7.192492690821944e-01,  3.416900053596835e-01, -1.475007404541942e+00,  4.095254042969334e+01
s544        , -1.195051331046210e+00, -9.114182893568376e-01, -2.794348485160493e+00, -1.453666129316229e+01
s545        ,  1.551116853180877e-01,  2.668068567324332e-01,  7.840769941397999e-02,  1.466451014757002e+01
s546        , -5.623355357397409e-01, -2.226056058008581e-01,  5.986756429422300e-01, -2.158142421436997e+01
s547        ,  1.448160679819764e+00,  1.335409427038703e+00,  1.905781396209083e+00,  5.209964635432001e+01
s548        ,  3.848360583786407e-01,  2.768637373097887e-01,  3.335939091728133e-01,  1.166741167664507e+01
s549        , -1.115216456955655e+00, -1.464075328308810e+00, -3.209316451309035e+00, -4.135792461784841e+01
s550        , -2.045366715571642e+00, -2.035277030086905e+00, -2.690653357652350e+00, -8.241493147851888e+01
s551        ,  1.482005267115409e+00,  1.318211206378141e+00,  1.851626951400416e+00,  5.184541035654975e+01
s552        , -2.227828855322892e-01, -4.550838231115531e-01, -9.200881913899770e-01, -1.394580709038745e+01
s553        ,  1.297454412958832e-01,  2.094690831609307e-01,  7.023031645999800e-01,  2.495303056533567e+00
s554        ,  1.061901762942694e+00,  1.163754615355706e+00,  1.967495038034047e+00,  4.108647781270043e+01
s555        , -4.386884091748981e-01,  1.438598378909687e-01, -1.656848473587070e+00,  3.182018541009850e+01
s556        ,  3.941867714817063e-01,  4.370319619337125e-01, -3.390136162604147e-01,  3.059935707503972e+01
s557        , -8.951391675309346e-01, -7.253909298709612e-01, -2.278846334697588e+00, -1.079773229586289e+01
s558        ,  5.626259017835469e-01,  7.329404166447435e-01,  1.632112316870471e+00,  2.034592958030865e+01
s559        , -2.646400996406346e-02, -2.990223636966521e-01, -6.705622582190183e-01, -8.234525119760548e+00
s560        , -4.614794874684225e-01, -4.511839190268554e-01,  1.635831501549960e+00, -4.968692920191965e+01
s561        , -5.368862422565327e-01, -3.381046066165183e-01, -2.762115806761355e+00,  1.889194301458128e+01
s562        ,  1.314110066282131e+00,  1.135464732837444e+00,  2.496418527335988e+00,  3.197059114717630e+01
s563        ,  1.921771526510788e+00,  1.015722368949541e+00, -4.112018818838571e-01,  6.581532374996871e+01
s564        ,  8.001607223901942e-01,  1.007464627637092e+00,  1.897331640789811e+00,  3.283737059498662e+01
s565        , -5.562845031577306e-02,  9.217615008862090e-03,  1.580617894781269e+00, -2.170061039913721e+01
s566        ,  1.020041341313152e+00,  1.058176258445335e+00,  2.085341819691609e+00,  3.318835018778621e+01
s567        , -2.539691194509933e-01, -3.422118611043121e-01,  6.555136916296544e-02, -2.114692417097280e+01
s568        , -2.316202851259171e-01, -2.086786334838737e-01,  7.577611652298220e-01, -2.299729868414772e+01
s569        , -2.442891053411890e-01, -3.235774173443235e-01,  2.038348762745755e-01, -2.199182776540095e+01
s570        , -7.106433958989193e-02,  3.775111625751176e-02,  1.450307227294112e+00, -1.818033881774142e+01
s571        , -1.517261224362497e-01, -1.169423842589007e-02,  1.491107740619865e+00, -2.167672766507533e+01
s572        , -1.943188611921064e+00, -1.787490970007318e+00, -1.631694346850052e+00, -8.267465194940772e+01
s573        ,  4.755730333935128e-01,  4.186122348383777e-01,  6.643668149005745e-01,  1.538935568438801e+01
s574        , -3.521357752458716e-01, -8.035062559264017e-01, -1.462233881589046e+00, -2.690713897968261e+01
s575        , -2.101634380935241e-02, -2.808704068323271e-01, -2.409538731625120e-01, -1.320800263091666e+01
s576        ,  8.972128211862684e-01,  7.379486063587883e-01,  5.070808437543777e-01,  3.647542025775463e+01
s577        ,  3.519332247195900e-01,  4.736233455923690e-01,  1.816733747325355e-01,  2.543380485130665e+01
s578        , -4.676730825695681e-01, -3.467737252830485e-01,  3.808780964516509e-01, -2.585438320310310e+01
s579        , -5.850412346637100e-02, -1.027906336820352e-01,  1.133810366322657e+00, -2.203188405535602e+01
s580        , -9.183798967000043e-01, -1.098212888940107e+00, -2.046956996815503e+00, -3.609469519138451e+01
s581        ,  9.240377559230070e-02,  2.996687605084328e-02,  9.118781991350318e-01, -1.106261582847185e+01
s582        , -1.742244634920983e+00, -1.545713233943356e+00, -2.743092055223103e+00, -5.274420696824034e+01
s583        ,  7.055292745925379e-01,  5.656589888807191e-01,  1.974893030401875e+00,  5.635530746195453e+00
s584        , -3.175359681654383e-01, -6.422774866811945e-02,  5.971628647940130e-01, -1.220016713154096e+01
s585        , -1.018136882779183e+00, -1.106861638704050e+00, -2.769257632950450e+00, -2.644028440048555e+01
s586        ,  1.796431915125592e+00,  1.637036395978811e+00,  1.745306238486749e+00,  7.218398776908883e+01
s587        ,  1.528101545573583e+00,  1.751772298293322e+00,  3.039659105284980e+00,  6.074824623562753e+01
s588        , -1.493251816790637e+00, -1.433826854227668e+00, -3.347513584249691e+00, -3.762530708185729e+01
s589        , -1.919234877209601e-01, -2.956486399228356e-01,  8.918955369105175e-01, -3.002492108782137e+01
s590        , -1.474690448373283e+00, -1.645680854738149e+00, -2.419276479018012e+00, -6.320951759323398e+01
s591        , -7.075916964107042e-02, -3.619563535466619e-02,  1.547002818941825e+00, -2.391139305382788e+01
s592        ,  1.771261470718517e+00,  2.036760438698950e+00,  3.261036799490242e+00,  7.447511462606187e+01
s593        ,  9.576275984893917e-01,  7.739070547573133e-01, -5.818508546613815e-01,  5.392597658564490e+01
s594        ,  1.644504072992790e+00,  1.605677289492592e+00,  2.144651971520309e+00,  6.471036964827429e+01
s595        , -5.357649623549657e-01, -3.519735191910552e-01, -3.100625094615326e+00,  2.283642995302496e+01
s596        ,  6.346409254556347e-01,  7.402152984602902e-01,  6.756070096055939e-01,  3.423756926744338e+01
s597        , -1.925166625783171e+00, -2.014581012954462e+00, -3.292559369794869e+00, -7.272069007223108e+01
s598        ,  4.877766835626365e-01,  4.565153165697122e-01, -5.572477011451549e-01,  3.482219443792722e+01
s599        , -1.762506312086289e+00, -1.590086547429695e+00, -2.282766267087185e+00, -6.184517465586324e+01
s600        ,  3.925159363258416e-01,  2.487549485591428e-01,  1.713509801010431e+00, -9.414502641793641e+00
s601        , -2.895039831412950e-01, -8.983016952426287e-02,  6.630169994235049e-01, -1.464006404380726e+01
s602        ,  1.015619978504493e+00,  1.234522786368192e+00,  1.163520232758613e+00,  5.658381506022852e+01
s603        ,  1.530534275818686e+00,  1.437049668795846e+00,  2.085488488246857e+00,  5.557731014612655e+01
s604        ,  1.102137725135546e+00,  1.202062047477330e+00,  1.130847983334835e+00,  5.512524316290098e+01
s605        , -2.082111847210221e-02, -3.247179004581030e-02, -6.068086463306377e-01,  6.621078233735759e+00
s606        ,  9.842778583139866e-01,  3.722960710104424e-01, -1.147857528616638e+00,  3.815707235001877e+01
s607        , -1.138623824161354e+00, -1.104800441407721e+00, -2.310041822455715e+00, -3.278139919208016e+01
s608        , -4.177570888255018e-01, -4.674065554530236e-01, -1.423791102903151e-01, -2.561942017904089e+01
s609        ,  3.685164501033219e-01,  2.796047789665531e-01,  1.162946015640913e+00,  1.572363229464756e-01
s610        , -2.659779361808961e-01,  4.504033536627043e-02,  2.513190035283044e-01, -8.751862722930718e-01
s611        , -7.893175620146011e-01, -5.011896753881533e-01, -1.509605197843526e+00, -8.373847498098764e+00
s612        ,  4.551812262842944e-01,  4.883063138592049e-01,  1.991644234451699e-01,  2.605538678664437e+01
s613        , -1.906510824785770e+00, -2.136494612161578e+00, -3.773264855678893e+00, -7.316028523565048e+01
s614        ,  4.363873919671318e-01,  3.356450933169110e-01,  4.996325701009174e-01,  1.280452723583477e+01
s615        ,  2.289607222323559e-01,  2.735513292549990e-01,  8.461523107014908e-01,  4.257987361951130e+00
s616        ,  1.051114336732525e+00,  1.165479622201730e+00,  2.361840068920347e+00,  3.563847542672136e+01
s617        ,  9.612491509961185e-01,  1.008113889038873e+00,  9.215812889631640e-01,  4.660829467255022e+01
s618        ,  1.641704627639855e+00,  1.499157823709138e+00,  3.060674712179871e+00,  4.552322348806938e+01
s619        , -1.622899727833569e+00, -1.650986821630578e+00, -4.311823504217614e+00, -3.688769248588979e+01
s620        , -1.432198008011447e+00, -1.590105529751701e+00, -2.203565258543222e+00, -6.296095873817914e+01
s621        , -5.169781910985175e-01, -5.522474053014008e-01,  7.923262603582251e-01, -4.378831903221816e+01
s622        ,  7.834349958828789e-02,  4.665226132237150e-01, -7.478150423045622e-01,  3.809562934033983e+01
s623        ,  1.505481327993915e-01,  3.093225617891107e-01,  1.525559394852444e+00, -3.189835984580215e+00
s624        , -1.795745482905790e+00, -1.490749117382974e+00, -1.688752679066000e+00, -6.433448758077866e+01
s625        , -6.540205211871799e-01, -4.634107325970461e-01, -3.212765914291185e+00,  1.782885849289847e+01
s626        , -9.921730176745909e-02,  3.903264339888110e-02,  1.193953802832684e+00, -1.449672506195683e+01
s627        ,  1.003457009680013e-01, -3.608814102060956e-02,  8.306672202823264e-01, -1.382344832926336e+01
s628        , -7.262707774759888e-01, -7.232349488821411e-01, -3.013029379470503e+00, -3.375420584037536e-01
s629        ,  9.013378522352091e-01,  1.143809574859175e+00,  3.000247020235727e+00,  2.537296150587957e+01
s630        ,  2.883264293170171e-01,  2.056092893986618e-01,  1.548109800552314e+00, -9.636553198625613e+00
s631        , -4.308621051856988e-01, -1.518554260730179e-01, -7.025582989498184e-02, -7.985728358547449e+00
s632        , -2.552616433847757e-02,  2.635242986443439e-01,  5.523043693749208e-01,  7.800968922313338e+00
s633        , -2.361941375317399e+00, -2.551187704482170e+00, -3.287529213929199e+00, -1.045043805429394e+02
s634        , -1.741723873388839e-01, -2.255185609219290e-02,  1.543591603425311e+00, -2.305705100432011e+01
s635        , -1.887226794633780e+00, -2.409131946364868e+00, -4.760310795248627e+00, -7.538134218564342e+01
s636        ,  5.559866372520853e-01,  3.971032253174245e-01,  1.045268180965565e+00,  8.757451092455190e+00
s637        ,  5.224165136667182e-01,  6.261207082063078e-01,  1.555319301290491e+00,  1.511376855136797e+01
s638        , -9.017862751888349e-01, -8.465258160907331e-01, -3.052187724914249e+00, -7.072795714533296e+00
s639        ,  4.059987622661941e-02,  2.206816943479480e-01,  1.176991359343184e+00, -3.522728546291831e+00
s640        ,  1.793715557338358e-01,  3.381807341518850e-01,  1.165051316705708e+00,  3.589384629031416e+00
s641        , -1.502090098725329e+00, -1.306768158847305e+00, -1.570460538739614e+00, -5.512622899763995e+01
s642        , -1.255445500732830e+00, -1.321478487262784e+00, -2.347411585660256e+00, -4.506091010958457e+01
s643        ,  2.659311374869887e-02, -1.881727217798769e-01, -6.255987974703994e-01, -2.316235185643813e+00
s644        ,  5.978067737156746e-01,  9.099910442276988e-01,  5.665930761459418e-01,  4.580538366102686e+01
s645        , -1.614381328938929e-01,  2.997488819773680e-02,  1.420487553035669e+00, -1.822022850505536e+01
s646        , -7.340994125406998e-01, -9.492282347557583e-01, -1.652175581974885e+00, -3.284594731314380e+01
s647        , -1.496428190082178e-01, -5.309797749629097e-02,  7.207165158213678e-01, -1.328128343987470e+01
s648        , -4.884218476882379e-01, -5.971698859650503e-01, -2.277429177718076e+00, -3.239946917188891e+00
s649        , -5.843001747665787e-01, -7.705716218488277e-01, -1.541690255679232e+00, -2.384248016990685e+01
s650        ,  7.524274850037658e-01,  6.113704700972236e-01,  3.343388785532472e-01,  3.142592678679367e+01
s651        , -1.389027741701250e+00, -1.635776283345649e+00, -2.235051722053763e+00, -6.521691731304594e+01
s652        , -2.566043711440669e+00, -2.626038299266162e+00, -2.700371501079330e+00, -1.171915359235106e+02
s653        , -1.007282708793189e+00, -7.021167748984070e-01, -1.624430737585062e+00, -1.863239375074042e+01
s654        , -1.044226385778375e+00, -1.117187470088667e+00, -2.160720201649716e+00, -3.561498815025060e+01
s655        , -6.127047200082997e-01, -4.543320024878329e-01, -7.497928938180592e-01, -1.629808388316373e+01
s656        , -9.677099452782351e-01, -5.520813913673280e-01, -2.570001545709483e-02, -3.226573763703404e+01
s657        , -9.543477553558062e-02,  7.596295126650404e-02,  9.090927265443611e-01, -8.305093371798145e+00
s658        ,  2.152611224039404e+00,  2.311003660146624e+00,  3.817992537734987e+00,  8.284409811091592e+01
s659        ,  7.601680812147134e-01,  7.093477567634801e-01,  1.949778756046014e+00,  1.448084160452323e+01
s660        , -8.552740445977219e-01, -6.468897083456860e-01, -4.532983534743430e-02, -3.759254355015205e+01
s661        , -8.587465647638401e-01, -1.105547482339580e+00, -2.490994875267504e+00, -3.027884439261022e+01
s662        ,  2.292650657012456e+00,  2.449656902608961e+00,  4.064507783637778e+00,  8.756894450948208e+01
s663        , -7.424589206994223e-01, -6.478156291737683e-01, -8.653706796585769e-01, -2.610614164995184e+01
s664        ,  1.170121236794572e+00,  1.288186822071013e+00,  2.462215660896047e+00,  4.147767327591491e+01
s665        , -9.550555766428818e-02,  4.771367551173532e-02, -2.561269897513216e-01,  6.424518583368520e+00
s666        ,  6.314775109494175e-01,  9.532245441302413e-01,  1.333236596591172e+00,  3.757082098411647e+01
s667        ,  9.502651428335526e-01,  8.065099725569762e-01,  4.024648293174374e-01,  4.199967457755452e+01
s668        , -1.539888656744302e+00, -1.466368648369750e+00, -3.812167711279707e+00, -3.300902584220521e+01
s669        , -7.817282530962720e-01, -5.806186215589381e-01, -1.956441915264228e-01, -3.156049125287877e+01
s670        ,  1.305183965640755e+00,  1.228523592600133e+00,  2.739441503029682e+00,  3.405000664036817e+01
s671        ,  4.799138388405841e-01,  3.554191481987639e-01, -4.038775831112612e-02,  2.157331248054474e+01
s672        ,  3.973005628545346e-02,  1.937493748519066e-01, -1.181239944168079e+00,  2.807496721608873e+01
s673        , -1.414611532455524e-01,  1.537300216838783e-02,  1.548988916380897e+00, -2.089169227438774e+01
s674        ,  2.903659687553911e-01,  4.272174606620069e-01,  1.329409498589621e+00,  6.538211880980900e+00
s675        ,  1.026086479328726e+00,  1.114437400453059e+00,  2.578466680383277e+00,  2.957316519218102e+01
s676        , -6.754288667653827e-02, -3.386157814831283e-01, -7.459795286301231e-01, -9.513044369201078e+00
s677        ,  1.605266818482901e+00,  1.384142606798266e+00,  1.608084970486458e+00,  5.916945812870019e+01
s678        ,  1.084789537255858e-01,  3.384111504574622e-01,  1.230907069573044e+00,  2.676158726458022e+00
s679        , -2.992012028639636e-01, -1.494600431656595e-01,  1.084496700107406e+00, -2.409596497213321e+01
s680        ,  8.990202473369718e-01,  9.184816220236194e-01,  2.367780291642221e+00,  2.095754900033201e+01
s681        ,  5.643835559735575e-01,  5.762106556151982e-01,  1.104994944753084e+00,  1.850192891334327e+01
s682        , -5.946014640649122e-01, -6.617868682952885e-01,  1.122527063403116e+00, -5.490918022181972e+01
s683        , -6.016194601328428e-01, -1.749127645531142e-01, -3.019642481601191e+00,  3.216079997210091e+01
s684        , -1.092230320268682e+00, -8.952936806105372e-01, -1.968978966335625e+00, -2.519983146654613e+01
s685        , -1.049541099357342e+00, -1.100404840953440e+00,  1.801150500899255e-01, -6.756769081448165e+01
s686        , -3.882296162024126e-01, -3.604184415530134e-01,  1.093005370923491e+00, -3.668313637466895e+01
s687        , -1.289479776127262e+00, -1.250521362305689e+00, -3.664648353457761e+00, -2.232883962960434e+01
s688        ,  1.174200481057901e+00,  1.040841388013056e+00,  4.961952078221908e-01,  5.452927103298929e+01
s689        , -2.594548196962304e-02,  7.845651829121020e-02,  1.235845744959399e+00, -1.275639554669474e+01
s690        ,  4.711059702108155e-01,  1.440360114625225e-01, -1.080578639941921e+00,  2.372026819668758e+01
s691        ,  9.245223879507848e-01,  8.946069277837871e-01,  2.014726408687117e+00,  2.451540294878424e+01
s692        ,  1.066847762125763e+00,  1.161573066816567e+00,  2.294911416873884e+00,  3.634954514688209e+01
s693        ,  6.254387821095569e-01,  5.248804428858456e-01,  1.041468591239255e+00,  1.636242645010507e+01
s694        , -5.171349029224964e-01, -2.596081354217599e-01, -3.080832459458479e+00,  2.801656962070264e+01
s695        , -1.267384161897314e+00, -1.353887122197756e+00, -1.591969472812763e+00, -5.760819740496155e+01
s696        , -4.788650652000022e-01, -3.203387981379998e-01, -3.057489981469368e+00,  2.409893239598702e+01
s697        , -3.220149437916258e-01, -1.316003644981361e-01,  1.398357300771473e+00, -2.745770013252757e+01
s698        , -1.380331688121128e+00, -1.470589889524160e+00, -1.523558362328317e+00, -6.546801642563507e+01
s699        ,  1.594942071124517e+00,  1.423930220596924e+00,  2.448436607405814e+00,  4.969389100225015e+01
s700        ,  1.292968973461459e+00,  1.142255708485348e+00,  1.628258974025593e+00,  4.459026856163857e+01
s701        ,  5.937524925456381e-01,  4.777577961548475e-01,  7.841190589084239e-01,  1.719942298016284e+01
s702        ,  9.323059097091277e-01,  8.858139760287790e-01,  1.354329558319253e+00,  3.329006763465235e+01
s703        , -3.788357179143477e-01, -1.508574449035984e-01, -3.124362870554503e+00,  3.505626222140363e+01
s704        , -4.335664235266130e-01, -3.078805343862905e-01,  1.291139028789010e+00, -3.636670196378162e+01
s705        ,  1.028207628094288e-01,  2.734253087612772e-01,  4.590282891356507e-01,  9.698860853866449e+00
s706        , -9.693990214196425e-01, -7.486897580466337e-01, -1.534848760037602e+00, -2.264557090653769e+01
s707        , -4.022383612473933e-01, -5.362937457892256e-01,  2.555995948680048e-01, -3.529166965870643e+01
s708        , -4.176881010209963e-01, -7.035282936251432e-01, -5.252076732537204e-02, -4.083862096064473e+01
s709        , -5.070250417068456e-01, -6.887871505989713e-01,  7.492166531364920e-01, -5.125095816913829e+01
s710        , -6.560408805167797e-01, -8.046673060191537e-01, -2.782475265963122e+00, -8.394891080685937e+00
s711        , -7.281768921318991e-01, -7.231710737122919e-01, -3.146043104728668e+00,  1.538246658365794e+00
s712        ,  1.638529471594250e+00,  1.557975263289217e+00,  2.545603066439966e+00,  5.624830838020291e+01
s713        , -2.681291651109597e-01, -5.598886086544130e-02,  1.281176972097733e+00, -2.133996189313413e+01
s714        ,  1.813117241484988e+00,  2.031853778162648e+00,  3.749510633246204e+00,  6.731043397973485e+01
s715        ,  5.902106972748544e-01,  6.192005537191870e-01,  1.868171513300769e+00,  1.030176294672576e+01
s716        ,  1.256825138045294e+00,  1.476846020214970e+00,  2.557666576342450e+00,  5.128387467256488e+01
s717        ,  1.935429652037489e-01, -7.649081755000783e-02,  6.232308079647775e-01, -1.329177777326868e+01
s718        , -9.717462693594499e-01, -1.240642448723960e+00, -2.028414026958421e+00, -4.477310468002652e+01
s719        , -1.005002399040077e+00, -9.501386324480057e-01, -1.998959498094661e+00, -2.801916984844000e+01
s720        , -1.084502233578804e+00, -1.279669528860690e+00, -3.301946420368503e+00, -2.915607455945541e+01
s721        ,  1.202728817719904e+00,  1.042337033786480e+00,  2.159034410297891e+00,  3.121513083956432e+01
s722        , -8.687581931338572e-01, -7.984703472697496e-01, -3.165256345808331e+00, -2.641457960444825e+00
s723        , -8.228918435433465e-02, -4.130105724227288e-01, -1.464523258740749e+00, -3.797030261471714e+00
s724        , -4.319725882125269e-01, -3.038796061919004e-01, -1.766673134636035e+00,  6.904904960767484e+00
s725        ,  2.076224205209437e-01,  1.155403321729387e-02, -6.111778572847106e-01,  9.284450129851372e+00
s726        ,  1.218751687971090e+00,  1.211820673188449e+00,  1.456442306497930e+00,  5.111960568399599e+01
s727        , -4.191973947875540e-01, -5.545601354253472e-01,  4.538755204826935e-01, -3.916169773564944e+01
s728        , -6.090434041993623e-01, -3.163255136936687e-01, -8.334513151641891e-01, -6.964648901710919e+00
s729        ,  9.718089694740940e-01,  7.310557396981443e-01,  3.032842914238635e-01,  3.893625888996682e+01
s730        ,  2.269628290273034e-01,  3.530478036496634e-01,  1.319363026080048e+00,  2.296254798602026e+00
s731        ,  8.255797233596714e-01,  1.045610745754860e+00,  4.921933685020377e-01,  5.486745635316816e+01
s732        ,  1.498830275111732e+00,  1.196108153754939e+00,  2.472902665540638e+00,  3.588551264818692e+01
s733        , -8.897216148319836e-01, -9.521446838531971e-01, -1.783961669979135e+00, -3.116357022720419e+01
s734        ,  5.730515015964993e-01,  5.221394145063925e-01,  1.074096010279660e+00,  1.574124148207300e+01
s735        , -4.493104523117364e-01, -1.052918094904340e-01,  1.245245122441917e-01, -7.975174276184756e+00
s736        ,  9.253604820479431e-01,  8.565506435653411e-01,  8.970687662965384e-01,  3.799604993972830e+01
s737        , -7.641264386628301e-01, -6.623217667821665e-01, -2.319387098420361e+00, -6.499846228135099e+00
s738        ,  1.093494957500644e+00,  1.028247794543070e+00,  2.339827729751865e+00,  2.783801538773597e+01
s739        ,  3.235386076744294e-01,  2.047613765820984e-01, -2.998268279286325e-01,  1.632089872043371e+01
s740        ,  9.523024838580033e-01,  9.990939814613968e-01,  1.809333322072556e+00,  3.358114829406633e+01
s741        , -4.683237856465198e-01, -2.447909176792031e-01,  1.097495060155235e+00, -2.991285724454746e+01
s742        ,  1.206631327064570e+00,  1.176496577955500e+00,  1.925164929296447e+00,  4.243526167542458e+01
s743        ,  5.593827587743279e-02,  6.899739562869689e-02,  3.271004010595453e+00, -4.195790972103770e+01
s744        , -1.602853178165513e-01, -1.629238697423067e-01,  5.785712867667892e-01, -1.777135026843064e+01
s745        , -5.306178829342441e-01, -4.583948362751818e-01, -1.695839161912538e+00, -3.223690219604371e+00
s746        ,  6.509625117887479e-01,  7.319529732962328e-01,  9.962155109800177e-01,  2.923708200484528e+01
s747        , -5.126484862205682e-01, -3.845782387250574e-01, -6.699548811232106e-01, -1.329933639854956e+01
s748        , -7.766421657116760e-01, -5.365998376526900e-01,  6.663821579372800e-01, -4.109104704638366e+01
s749        , -2.162768438186639e-01, -3.157708083354785e-01, -2.113657197292627e+00,  1.108554514345959e+01
s750        , -7.494903637093456e-02, -6.228826731503044e-01, -1.001582760427856e+00, -2.271560300252991e+01
s751        , -1.132573444571337e+00, -6.120463385056057e-01,  9.508241767105537e-01, -4.955304789895110e+01
s752        ,  1.560177551100659e+00,  1.454068583241226e+00,  2.281466543284847e+00,  5.382494666937757e+01
s753        , -9.778812152465644e-01, -9.532419687123078e-01, -1.003631374064083e+00, -4.221066161066501e+01
s754        ,  8.187766647944796e-01,  6.742642005656485e-01,  1.938043612867821e+00,  1.257259847120926e+01
s755        , -1.210746771791428e+00, -9.519658742871451e-01, -2.956354797131644e+00, -1.465293059311379e+01
s756        , -4.332253543244241e-02, -1.006860862599971e-01,  1.674895729047274e+00, -2.952265580082763e+01
s757        ,  6.046843465793931e-01,  4.722117459895882e-01,  1.605320924366306e+00,  5.314194306765550e+00
s758        ,  7.853283269182638e-01,  7.094966493728232e-01,  1.702094360986809e+00,  1.797551131400055e+01
s759        , -4.512800599860263e-01, -9.948602670787371e-01, -1.708595517929192e+00, -3.474870782307352e+01
s760        ,  2.133127133712616e-01,  2.956028506109361e-01,  4.172661382298309e-01,  1.159728428079476e+01
s761        , -1.372370955930419e+00, -1.067234088127134e+00, -2.750141743916112e-01, -5.920191840058902e+01
s762        ,  1.452970431080306e+00,  1.720336013069625e+00,  3.337749673541553e+00,  5.469511582382336e+01
s763        , -1.593336135067460e-01, -1.879916885046666e-01,  9.302990859055743e-01, -2.420299269640896e+01
s764        ,  1.129930705304393e-01,  3.210070409302762e-01, -1.169668302894475e+00,  3.543290539043166e+01
s765        ,  1.677207924737715e-01,  2.167658371077183e-01,  1.273423375860371e+00, -5.111320312548306e+00
s766        ,  5.961954984880359e-01,  6.565193129376251e-01,  1.247638593949852e+00,  2.124054320022465e+01
s767        , -9.375424158088497e-03, -2.581347312553722e-01, -1.355424816462547e+00,  3.820536809963639e+00
s768        , -8.411067604869058e-01, -5.191842110306660e-01, -1.937890692831208e+00, -3.409684698517077e+00
s769        , -1.631013149721456e+00, -1.727307768284419e+00, -6.327978262313380e-01, -9.317619623654099e+01
s770        , -1.228187901814855e+00, -1.109028730773114e+00,  1.419238177454731e+00, -8.551657318310495e+01
s771        ,  9.328417972171988e-01,  9.561112271545738e-01,  3.848454287513977e-01,  5.108892559846682e+01
s772        , -9.596604783247586e-02, -1.031010378685414e-01,  1.010399204874044e+00, -2.031335979644873e+01
s773        , -9.831278135606507e-01, -9.933191226419082e-01, -3.126887315142171e+00, -1.469681731125705e+01
s774        , -2.033459030028846e+00, -1.883423745494309e+00, -2.428808338348021e+00, -7.712572509470311e+01
s775        , -6.607780820803044e-01, -3.437894578184703e-01, -1.035502212680427e+00, -5.744107598221044e+00
s776        ,  1.215325319114621e+00,  1.308121960113920e+00,  1.715405239204666e+00,  5.316630885770589e+01
s777        ,  4.760210780336026e-01, -1.254238309788104e-01, -1.442867351192655e+00,  1.289426502539815e+01
s778        ,  2.142801356098008e-01,  3.237072462627139e-01,  1.362536986148600e+00, -4.536496487250663e-02
s779        , -1.470608055270920e+00, -1.265384743559478e+00, -1.269178929462459e+00, -5.692070111157696e+01
s780        ,  1.453146522973686e-01,  1.180272934399214e-01,  1.807290959964827e+00, -1.846023191010039e+01
s781        ,  1.109240315344008e+00,  1.229753101562431e+00,  1.031530356667284e+00,  5.815953592574547e+01
s782        ,  7.695424724410216e-02,  1.589584233547633e-01,  6.840732247430615e-01, -2.332591174412258e-01
s783        , -7.894231608208058e-01, -4.213819220057631e-01, -3.402044854479394e+00,  2.297659878700240e+01
s784        ,  9.832415361728466e-01,  4.636625702988755e-01, -1.209065065705086e-01,  2.910359394976513e+01
s785        ,  5.886112315649437e-01,  4.413851424461520e-01,  2.477712894657042e-01,  2.259830919154258e+01
s786        , -2.620848509633372e-02,  8.056446883439507e-02,  8.922267893929547e-02,  3.505570618239969e+00
s787        ,  8.241728815006354e-01,  3.733500277479007e-01,  2.261075293630421e+00, -9.757411776539380e+00
s788        ,  4.759016983835212e-01,  3.117500316937401e-01,  7.044780655898973e-01,  8.509391434814368e+00
s789        , -1.007342786777141e+00, -1.308579789286352e+00, -3.960921913517067e+00, -2.159032582682665e+01
s790        , -8.094162460092497e-01, -6.613097143330040e-01, -2.034644256640616e+00, -1.044745990777591e+01
s791        ,  5.705555442811846e-01,  4.581945931634006e-01,  1.359200630246553e+00,  7.949652572846169e+00
s792        , -1.035864338805942e+00, -7.633042187684462e-01, -2.291454706521791e+00, -1.286092000658287e+01
s793        , -1.498582767952144e-01,  2.290429129003966e-01, -4.437950470792067e-01,  1.978209778463017e+01
s794        ,  2.280617797563588e-01,  5.564459473109393e-01, -4.327548623063870e-01,  3.897589851117154e+01
s795        , -4.151258976430172e-01, -2.362921026903606e-01,  1.158545992213387e+00, -3.026980711753428e+01
s796        ,  7.548647250689058e-01,  8.400852507168716e-01,  1.959815700659423e+00,  2.206603305759731e+01
s797        ,  1.447952712683449e+00,  6.312856970972640e-01, -6.406321518606595e-01,  4.632448133139032e+01
s798        ,  1.064853965398538e+00,  9.848494792443626e-01,  2.547710708113224e+00,  2.234750855213597e+01
s799        , -5.069554785822377e-01,  1.003346670463647e-01, -4.328084184201624e+00,  6.684243457829842e+01
s800        , -9.315847236743398e-01, -1.024936696219867e+00, -1.789026416419200e+00, -3.539422195603267e+01
s801        ,  9.104636181068654e-02, -8.983324782440570e-02, -8.621897987865902e-01,  6.825269027840331e+00
s802        , -1.700965738434856e+00, -1.346008594984132e+00, -1.169545256846418e+00, -6.308771507444539e+01
s803        , -9.506056245870035e-01, -7.863781634231091e-01, -1.382760367046069e+00, -2.701338399534078e+01
s804        ,  2.069942262873753e+00,  2.119184202074164e+00,  3.477635385484293e+00,  7.629789960141882e+01
s805        , -6.414178242260793e-01, -4.017752899607944e-01, -2.627225031964702e+00,  1.323064085571166e+01
s806        , -7.253070023190913e-01, -6.214986225338636e-01, -4.547977377036084e-01, -3.032917145665633e+01
s807        ,  5.484542484121483e-01,  2.040556133568708e-01,  5.087607514852210e-02,  1.134345263623858e+01
s808        , -1.482202071480258e+00, -1.351672311054949e+00, -2.895254811278537e+00, -3.913507628222177e+01
s809        , -1.517909024869592e-01, -3.383720942767149e-02,  1.422659744972494e+00, -2.202202812661501e+01
s810        , -5.243890825004432e-01, -7.768443863250285e-01, -3.090908103386563e-01, -4.156060022740827e+01
s811        , -8.402207079652194e-01, -7.294628639261567e-01, -1.540109587035676e+00, -2.143524144659658e+01
s812        , -1.837554634883737e+00, -1.466111353099524e+00, -1.655866704499897e+00, -6.334125327235859e+01
s813        , -1.305458046196112e+00, -1.237109740849994e+00, -2.508053146387077e+00, -3.781396155326673e+01
s814        ,  9.601020837191020e-01,  3.757301449998199e-01, -5.617457170857615e-01,  3.011117924715942e+01
s815        , -2.071547047876009e-01, -6.924017565584106e-02, -1.005599622850545e+00,  1.006062493786939e+01
s816        ,  1.086281096001821e+00,  1.033863567715286e+00,  1.585122129679605e+00,  3.879150688179973e+01
s817        , -6.950199443354254e-01, -8.620396700631507e-01, -1.549276679272424e+00, -2.914137649736091e+01
s818        , -2.042921524283320e-01, -2.562423548011016e-01,  7.170906491830769e-01, -2.523587480367706e+01
s819        , -1.174085534063621e+00, -1.284136718651023e+00, -3.069677341840539e+00, -3.268899845325601e+01
s820        , -4.418897943240204e-01, -5.158868883685644e-01,  1.608195861475881e+00, -5.312186778437238e+01
s821        , -1.211161791292892e+00, -1.286554881480596e+00, -1.172793267840942e+00, -5.952835051318567e+01
s822        ,  2.603756505819580e-01, -1.280486137668682e-01,  2.629211981284765e-01, -1.126785040148757e+01
s823        ,  6.199991222555385e-01,  5.691368766357937e-01,  1.380399181933032e-01,  3.169264535179448e+01
s824        , -1.854748548283659e+00, -2.047078223367039e+00, -2.891632280950518e+00, -8.028382469749954e+01
s825        , -2.925657132343389e-01,  1.434899408867950e-02,  4.048592516214771e-01, -4.849913331755855e+00
s826        , -1.096505403479755e+00, -1.120919908955066e+00, -2.013210944326585e+00, -3.791159294777170e+01
s827        , -6.487388694069519e-02,  7.603534018046998e-01, -2.634431025195115e+00,  8.201265276269601e+01
s828        , -5.631644114900024e-01, -3.785084780357522e-01,  7.194846034863388e-01, -3.249536753649264e+01
s829        ,  9.396149132061843e-01,  1.244735326647220e+00,  8.615627642936715e-01,  6.143706637068099e+01
s830        , -1.058909335821911e-01, -1.269840452018541e-01,  3.178142319736753e-01, -1.197749123080510e+01
s831        ,  1.916013365790170e-02,  1.623756156290488e-01, -1.726667430594978e+00,  3.389706936323323e+01
s832        ,  1.966479662680959e+00,  1.533146040359295e+00,  1.286989997864617e+00,  7.249444490539891e+01
s833        , -3.620791385089753e-01, -1.473138334019882e-01,  7.389659310603909e-01, -1.910618177889290e+01
s834        , -7.529060995547020e-01, -5.590220689847926e-01,  7.158025724836998e-01, -4.311171253688519e+01
s835        ,  8.955601758309945e-01,  1.112259012331719e+00,  2.260494325842848e+00,  3.391951646204475e+01
s836        , -3.511452156713288e-01, -2.269117119772530e-01,  2.073835228306146e+00, -4.259706918426110e+01
s837        ,  2.142601060729459e+00,  1.975930923381640e+00,  2.875044851016450e+00,  7.631254215119243e+01
s838        ,  1.028409428393702e+00,  1.093732771321086e+00,  1.540134216453323e+00,  4.296286714155465e+01
s839        , -9.381248660546658e-01, -5.138639934847335e-01, -1.952402744943746e+00, -2.891025094132845e+00
s840        ,  1.041568016558684e+00,  9.190730325927172e-01,  4.797742592335508e-01,  4.756399377486991e+01
s841        , -3.031960082211786e-01, -3.076215108607960e-01,  4.993899751031859e-01, -2.520844519349836e+01
s842        ,  1.545481033371346e+00,  1.479618202916715e+00,  2.331951390771181e+00,  5.462438697729326e+01
s843        ,  9.376075098808509e-02,  2.792761626509811e-01,  1.285112972774820e+00, -1.581542651148670e+00
s844        ,  2.260200226388619e+00,  2.322608414077283e+00,  3.815186222489321e+00,  8.356942261686687e+01
s845        ,  7.631813505267834e-02, -1.231595217974940e-01, -6.320294739645699e-02, -6.389091421159167e+00
s846        , -7.719312092337802e-01, -5.872553269280323e-01, -2.681035056276871e+00,  3.026277375406274e+00
s847        ,  8.390061559731493e-02,  2.544701849224617e-01,  1.321590835867099e+00, -3.560933686158390e+00
s848        ,  1.798212902578797e+00,  1.508890975028711e+00,  1.876256167321919e+00,  6.276775856710653e+01
s849        , -4.426333276094398e-01, -5.098499562606258e-01, -7.518908657376191e-01, -1.954961063832936e+01
s850        ,  1.776931420661177e+00,  2.020531847020428e+00,  3.565902494381509e+00,  6.922539102990839e+01
s851        ,  6.740950847184962e-01,  4.709782484689946e-01,  1.934707336310230e+00,  6.055645404007766e-01
s852        ,  5.247617444717383e-01,  3.037720783252534e-01,  7.658304655158877e-01,  7.174438893822971e+00
s853        , -6.937010389893300e-01, -5.372323734582660e-01, -2.355168490300457e+00,  1.396388250705391e+00
s854        , -3.849480547825320e-01, -1.440833741562458e-01,  6.446380550575511e-01, -1.758770965555513e+01
s855        ,  1.721123124597798e-01,  3.827213174587353e-01,  1.895823448630811e+00, -4.063082630813737e+00
s856        ,  8.284120434530070e-01,  8.005568429177863e-01,  1.129086401785185e+00,  3.142149575185933e+01
s857        , -1.430174539460575e+00, -1.471294470601858e+00, -7.654278027551419e-01, -7.617946390818733e+01
s858        , -4.661418612561535e-01, -4.304184235098674e-01, -3.631047197601630e-01, -2.032700338361263e+01
s859        ,  9.776646253335924e-01,  8.587766576030925e-01,  1.706655919631230e+00,  2.673360575911554e+01
s860        , -6.760181986005682e-01, -4.414036825333372e-01, -1.591011805967211e+00, -3.694854056708138e+00
s861        , -2.202836606256784e-01,  4.619333019291734e-02,  5.253521832081329e-01, -4.663744343470113e+00
s862        ,  1.775874489146720e-01,  3.891881257238798e-01,  3.322494030229813e-01,  1.832458846641737e+01
s863        ,  4.919397024905665e-04, -1.409286729102993e-01,  7.368953463534773e-01, -1.869968436482291e+01
s864        , -6.626061886661074e-01, -4.395750337870236e-01, -3.608030604231329e-01, -2.090054270210280e+01
s865        , -8.371406217114558e-01, -7.717435374278434e-01, -1.413322085802430e+00, -2.571837212266307e+01
s866        , -1.153749740508799e+00, -9.607415279380276e-01, -2.731594505516039e+00, -1.833480275753633e+01
s867        ,  2.473721027027026e-01,  3.848041272500609e-01,  1.397012659108516e+00,  3.080192027810229e+00
s868        ,  2.269395821593049e+00,  2.474726699579852e+00,  3.807648297142402e+00,  9.266554248443646e+01
s869        ,  4.678738330590472e-01,  2.086571734451987e-01,  2.043197812680910e-01,  9.455858024114043e+00
s870        ,  9.504545520744460e-01,  9.258245685292246e-01,  1.622548671121782e+00,  3.187977937705220e+01
s871        ,  3.278186090591084e-01, -1.840320126901288e-01, -1.206957237101694e+00,  6.110421520852819e+00
s872        , -1.060745617852256e+00, -1.039932946799979e+00, -2.805214322112737e+00, -2.197881972506642e+01
s873        , -8.092360756143714e-01, -4.904015601844381e-01,  5.663089159379205e-01, -3.695236223888066e+01
s874        , -1.497433451430839e+00, -1.719644724783726e+00, -2.871729793432874e+00, -6.121295019250348e+01
s875        , -8.298963454824552e-01, -7.333105961575255e-01, -1.236014182206651e+00, -2.594242819942628e+01
s876        , -1.395330685836568e+00, -1.427448945217382e+00, -3.693549344770779e+00, -3.237832769957431e+01
s877        , -8.863229551700670e-01, -6.101830946501077e-01, -1.825738885959929e+00, -1.036603047049898e+01
s878        ,  7.300994035482326e-01,  6.932411686992447e-01,  1.311206513890571e+00,  2.251612197463311e+01
s879        ,  1.327007379676470e+00,  1.351862392299203e+00,  2.537106096064631e+00,  4.418683725977071e+01
s880        ,  1.165217936206896e+00,  9.122967084456970e-01,  1.724481110607578e+00,  2.964571618119619e+01
s881        , -5.128601822306692e-01,  7.835863498179796e-02, -4.401277203091281e+00,  6.657378072756669e+01
s882        ,  1.082188332309200e+00,  8.379495778632553e-01,  1.622051804784218e+00,  2.669345172261450e+01
s883        ,  3.093387130541843e-01,  2.232119768431474e-01,  1.950059978950886e+00, -1.425323481179429e+01
s884        ,  7.836281255656845e-01,  6.415159310554071e-01,  1.537062830555356e+00,  1.628054882621180e+01
s885        ,  3.559456324088518e-01,  2.638503412608202e-01,  1.191538813375441e+00, -1.176244978542694e+00
s886        ,  1.369087292176832e+00,  1.537733688553859e+00,  2.268577444294769e+00,  5.895086640343521e+01
s887        , -2.827754397002292e-01, -6.309380871283371e-02,  1.029436219047456e+00, -1.821689807397316e+01
s888        , -7.552424250973399e-01, -8.374237377589007e-01, -1.492964561318170e+00, -2.847912820779183e+01
s889        ,  1.207746653680362e+00,  1.270583811196902e+00,  2.547017967477046e+00,  3.924385964393720e+01
s890        , -9.666579634146734e-02, -2.567237372432562e-01, -1.148847455780090e+00,  9.965885616282807e-01
s891        ,  4.787826376712746e-01,  4.395785345958790e-01,  9.292211818662350e-01,  1.290092444196565e+01
s892        ,  1.139204080980141e+00,  6.270450348154818e-01, -1.877980036289409e-02,  3.732201269718105e+01
s893        , -1.069606673210606e+00, -1.565964143231269e+00, -6.370043104619257e-01, -8.358175457110147e+01
s894        ,  1.150226613104442e-02,  2.149007492164343e-01,  1.439673025419103e+00, -7.561315875393104e+00
s895        ,  8.523293459277042e-01,  7.939149645899855e-01,  1.176927822456740e+00,  3.035565520236551e+01
s896        , -2.385584700608096e+00, -2.201659989582545e+00, -2.881625246711232e+00, -8.956028355189110e+01
s897        , -9.548618878298403e-01, -8.310755398124856e-01,  1.224648818530282e+00, -6.635120962570018e+01
s898        ,  4.811635465516753e-02,  1.358930603534458e-01,  9.599398128973091e-03,  7.896038019218901e+00
s899        ,  1.118448561197112e+00,  1.305302910693310e+00,  1.985712209693388e+00,  4.919544917479975e+01
s900        ,  1.281569968989787e+00,  1.073225452594968e+00,  1.331108925844802e+00,  4.469269425017590e+01
s901        , -2.113499475721238e+00, -1.810779568138439e+00, -1.422145412991261e+00, -8.700014182396922e+01
s902        ,  1.947857445727211e+00,  1.958852014564121e+00,  3.011871033138622e+00,  7.337752675404998e+01
s903        , -1.628072514827294e+00, -1.509462516342420e+00, -1.925858775114809e+00, -6.210343694523990e+01
s904        , -5.933703029200499e-01,  5.125350648870852e-02, -3.496297856211413e+00,  5.223536217824906e+01
s905        , -7.688731068500246e-01, -9.293578079267891e-01, -7.690266673267485e-01, -4.410092145442726e+01
s906        ,  1.176277268616818e+00,  1.411125062039494e+00,  3.030359348845710e+00,  4.074723245899583e+01
s907        ,  5.507369645827748e-01,  2.914636429387474e-01,  1.039167049932285e+00,  2.600128079894122e+00
s908        , -2.303152982922224e-01,  6.500924833885546e-02,  9.093760301942135e-01, -8.956432982088502e+00
s909        , -8.668706479272460e-02, -2.198692229310437e-01, -2.201704417531475e+00,  1.799239141463542e+01
s910        ,  1.637183577828672e+00,  1.872650902939798e+00,  3.356608573443480e+00,  6.343135013487161e+01
s911        ,  1.126621425294678e+00,  1.063128804337975e+00,  2.308464108885125e+00,  3.034085330790838e+01
s912        , -4.659972316167655e-03, -5.750430403979228e-01, -1.784797123602663e+00, -8.865497618507730e+00
s913        ,  1.463412550315811e+00,  1.228268651861971e+00,  1.189529038442497e+00,  5.584815847632954e+01
s914        ,  6.888333030824358e-02, -2.292700021660186e-01, -7.556406548188815e-01, -2.914853504487822e+00
s915        ,  4.153763854817183e-01,  2.486232561185370e-01, -5.046951382602243e-01,  2.179637376727735e+01
s916        , -8.981673760840302e-01, -1.035547596823958e+00, -1.812778415569518e+00, -3.568703332272710e+01
s917        ,  1.165490548301742e+00,  1.449386318563157e+00,  1.613288719594991e+00,  6.295205684849147e+01
s918        , -3.127845128551579e+00, -3.145676095356690e+00, -3.493744787656615e+00, -1.367357807924338e+02
s919        ,  5.105583294163231e-01,  7.821164595181505e-01,  9.038763729630861e-01,  3.350125798729942e+01
s920        ,  1.771894143640764e+00,  1.994886461148442e+00,  3.143427257588253e+00,  7.365562390672558e+01
s921        , -9.056974563096514e-01, -7.765268950755708e-01, -2.532012682367937e+00, -1.025679217739602e+01
s922        , -1.410433837530576e+00, -1.480725904840680e+00, -2.606349034741901e+00, -5.082802273094779e+01
s923        ,  4.793953840304336e-01,  4.074395290813371e-01,  9.369995852516382e-01,  1.089207067515311e+01
s924        ,  1.135546937050434e+00,  8.847837118406219e-01, -9.960600531939554e-01,  6.630818519086728e+01
s925        , -1.660407611730610e+00, -1.770141096514788e+00, -2.252862889700217e+00, -7.290706639205885e+01
s926        ,  1.324119315063384e+00,  1.271096005579472e+00,  2.548584702924790e+00,  3.925207981623193e+01
s927        ,  1.539392353089735e+00,  1.645936616476599e+00,  3.233819585004796e+00,  5.176088427278189e+01
s928        ,  9.855836123941223e-01,  4.419665842852941e-01, -6.266999365126174e-01,  3.493983908723927e+01
s929        , -2.495918760023568e-01, -3.520603552086649e-01, -5.129593479285559e-01, -1.358709319929955e+01
s930        ,  1.838769784503462e-01, -1.083773270393547e-01, -1.571061123822069e+00,  1.570587418616545e+01
s931        , -8.638799567978230e-01, -9.716410086836860e-01, -7.725506560934685e-01, -4.655021855202003e+01
s932        ,  5.236538255108801e-02,  7.044735591291201e-02,  1.552310863296721e+00, -1.768360784620790e+01
s933        , -8.753815959596397e-01, -1.410948874709896e+00, -1.238380519544918e+00, -6.595684159582086e+01
s934        ,  2.186233935344458e+00,  2.189546069654219e+00,  4.004058017257270e+00,  7.304742533749059e+01
s935        ,  1.613974894427503e+00,  1.702349289018456e+00,  2.171747996739346e+00,  7.004223908776314e+01
s936        ,  1.035578030022412e+00,  1.443535201207036e+00,  1.685442919262034e+00,  6.159077531080819e+01
s937        , -8.171291125163769e-01, -9.766294529513042e-01, -3.559242803315043e+00, -7.625573653403833e+00
s938        ,  4.014725274785205e-02,  1.515948213928345e-01,  1.610459605556619e+00, -1.370625314963549e+01
s939        ,  1.057305901451997e+00,  1.121159655109805e+00,  1.146857609848501e+00,  5.011867908582239e+01
s940        , -3.957202982614637e-01, -2.888938266622616e-01, -6.934049017763126e-01, -7.314455435839956e+00
s941        ,  9.864841851237819e-01,  9.823583711736650e-01,  2.031543628441841e+00,  2.946473906058421e+01
s942        ,  1.279801670109016e+00,  1.262120197565920e+00,  2.484647630446941e+00,  3.962145897374629e+01
s943        ,  4.132936671989457e-01,  4.065042191402451e-01,  1.035399335583779e+00,  9.451932582548443e+00
s944        ,  1.282832595601720e+00,  1.174886576608384e+00,  2.131561329004402e+00,  3.943532256181650e+01
s945        ,  4.840279729543951e-01,  5.386299710358996e-01,  4.909581386832598e-01,  2.492280475525916e+01
s946        , -8.681769341819047e-01, -1.064923092560276e+00, -1.575597432085438e+00, -4.076114152839937e+01
s947        ,  3.232932517737256e-03, -2.655864110887643e-01, -1.111494825242566e+00, -5.288114695869719e-02
s948        ,  1.167684526421475e+00,  9.896683751287121e-01,  1.470325256340333e+00,  3.779524972554279e+01
s949        ,  6.583480301151363e-02, -1.541721500266588e-02, -3.489019117647951e-01,  3.999247992937979e+00
s950        , -1.242753674158428e+00, -1.144817046600963e+00, -2.942808302105582e+00, -2.624088531125274e+01
s951        ,  2.310361811645397e+00,  2.131836344001250e+00,  2.815706374030976e+00,  8.636151038826878e+01
s952        , -1.119290121794750e+00, -1.417122276796917e+00, -2.272333189039355e+00, -5.176999977692183e+01
s953        , -1.683258967109912e+00, -1.623564263290649e+00, -2.145586909388133e+00, -6.575431301449083e+01
s954        , -9.643407255924855e-01, -1.218581855038206e+00, -2.138123166301198e+00, -4.192531778864877e+01
s955        ,  1.355195898291680e+00,  9.004616323618705e-01, -6.474528877626068e-02,  5.412755987379456e+01
s956        , -1.419644027773449e+00, -1.305404748230363e+00, -1.603744313827759e+00, -5.457722235590944e+01
s957        ,  7.507017303053017e-01,  9.236903062351534e-01,  1.243749214606034e+00,  3.708480928045181e+01
s958        , -6.248853964214247e-01, -5.341589894641958e-01,  4.407172205496834e-01, -3.777082345132178e+01
s959        ,  4.741402585439857e-01,  6.893104906808147e-01,  1.433269222733622e+00,  2.056593207727889e+01
s960        ,  1.748017862668237e+00,  1.471520991611327e+00,  2.163857986670694e+00,  5.651156973294491e+01
s961        ,  8.462482137940457e-02,  1.276050886230271e-01, -1.520877333237811e-02,  7.755373729925452e+00
s962        ,  7.563555564957672e-01,  8.834265601354796e-01,  7.898576549836971e-01,  4.109326055643064e+01
s963        ,  5.141335492556059e-01,  2.896741147036691e-01,  2.084157375943897e+00, -1.221265683301571e+01
s964        ,  1.406034132046022e+00,  1.329000926285095e+00,  2.143261033526387e+00,  4.837866043771487e+01
s965        ,  2.420661684207245e-01,  3.151248194657920e-01,  3.384324647288778e-01,  1.386050475049979e+01
s966        ,  1.305187256819844e+00,  1.536879739210173e+00,  2.762628184699063e+00,  5.194720828319115e+01
s967        , -1.065928149752257e+00, -8.067155069808172e-01, -3.481093572847736e+00,  1.316303983118802e+00
s968        ,  1.019284942775861e-01, -2.001178801722246e-01, -5.766514137179291e-01, -3.711059212682644e+00
s969        , -4.350166918309603e-01, -7.682160382925459e-01, -1.312571334905337e+00, -2.692785044815393e+01
s970        ,  1.624604127608152e-01,  2.090693043602629e-01,  1.534232095529864e+00, -9.236757329369325e+00
s971        ,  5.357086935063688e-01,  8.766405981158047e-01,  7.784690592884627e-01,  4.085249852801220e+01
s972        ,  4.526177537044205e-01, -2.267913648635920e-01, -1.409949456000667e+00,  6.440268136680795e+00
s973        ,  2.518105508318819e-02, -2.752818680951991e-02,  1.190623296727519e+00, -1.838352783118229e+01
s974        ,  1.381098824526411e-01,  1.511535911084636e-01,  9.254170256876657e-02,  7.630602857646210e+00
s975        ,  7.774949586651241e-02, -2.192814675482358e-01,  4.593824091617995e-01, -1.942458055105691e+01
s976        , -6.716438652263078e-01, -5.934450273339857e-01, -1.417169593626718e+00, -1.512696657736210e+01
s977        ,  5.126581856654772e-01,  4.283699888776207e-01,  3.591954234709389e-01,  2.026096183602170e+01
s978        ,  1.652033990012039e+00,  1.343797665397968e+00,  1.652958815973239e+00,  5.615356681171968e+01
s979        , -5.079779506789148e-01, -5.255501510026733e-01, -2.383375559595262e+00,  2.483777190072223e+00
s980        ,  1.486324502914815e+00,  1.623621214510792e+00,  2.808175945760563e+00,  5.643250731811239e+01
s981        , -6.471792492072077e-01, -4.934942062819991e-01,  2.352128565110440e-02, -2.949602865684038e+01
s982        , -4.819216106830154e-01, -5.627624843874880e-01, -7.463988943303699e-01, -2.275397909082478e+01
s983        ,  9.658446198162700e-01,  9.497341540695783e-01,  2.127087653478811e+00,  2.619201056068264e+01
s984        , -6.852585050477367e-01, -6.314982619794728e-01,  1.164572168409813e+00, -5.371089115942033e+01
s985        ,  1.854305119617258e+00,  1.898435423474460e+00,  2.651765513455071e+00,  7.487503623881103e+01
s986        , -4.521581959933576e-01, -2.240001891669087e-01,  1.038206780033788e+00, -2.784973312044715e+01
s987        , -2.521511431321029e-01, -4.488099042297680e-01, -2.074919378753056e-01, -2.360398999516746e+01
s988        , -5.979353596012116e-01, -5.808603926449571e-01, -1.907517777534474e-01, -3.164363471638789e+01
s989        ,  5.009353081364425e-02,  1.130886503810430e-01,  5.522432973168244e-02,  5.906203184986883e+00
s990        , -8.490157785255917e-01, -1.044295532811350e+00, -2.907547249056002e+00, -2.079642687361115e+01
s991        ,  1.777005115889338e+00,  1.877573535756023e+00,  3.898716479980150e+00,  5.609273318556306e+01
s992        ,  1.436402784430078e-01,  2.298987373482255e-01,  2.065853629119594e+00, -1.548771542228727e+01
s993        , -7.746133794839222e-01, -5.427934740244720e-01, -7.496105599852543e-01, -2.152863090041734e+01
s994        , -3.519374423249963e-01,  8.588284888270858e-02, -1.434652453114476e+00,  2.526665468353971e+01
s995        ,  2.515821213310820e+00,  2.635271844160126e+00,  4.309269369248782e+00,  9.509385917019624e+01
s996        , -9.307341685855109e-01, -1.149951826178565e+00, -3.526283694036708e+00, -1.833260668335374e+01
s997        ,  9.020799685707303e-01,  1.024073465677095e+00,  2.282064132093217e+00,  2.840427247359179e+01
s998        ,  7.128984046028965e-02,  2.456948373607273e-01,  4.979394264919075e-01,  7.512389776854983e+00
s999        ,  5.124895301791403e-01,  4.354611002496441e-01,  1.237572043157665e+00,  8.317907965568594e+00
s1000       , -1.908214440895996e+00, -1.920543934981248e+00, -2.682949496523595e+00, -7.574274789546070e+01
s1001       , -6.478798150695012e-01, -5.352673222913883e-01, -1.496486233717801e-01, -2.952761089967384e+01
s1002       ,  1.628384326110677e+00,  1.286768985913209e+00,  1.954640600938884e+00,  4.853741033457659e+01
s1003       , -1.320631610111836e+00, -1.363177052880255e+00, -3.017036356445264e+00, -3.810106068182960e+01
s1004       ,  3.127068110729108e-01,  6.400932728124960e-01,  9.809052935970162e-01,  2.402374286662849e+01
s1005       , -8.308586454054456e-02,  1.088975028500871e-01,  7.356623938314909e-01, -3.917865068783926e+00
s1006       , -4.431446782915395e-01, -5.597428996405918e-01,  2.485004614649518e+00, -6.805377766664581e+01
s1007       ,  8.915087432489126e-01,  5.732106155124880e-01,  2.246773712130058e+00,  2.255419063511203e+00
s1008       , -4.555641263772588e-01, -2.360857261769917e-01, -2.078125922692618e+00,  1.529478910762670e+01
s1009       , -1.076167756737711e+00, -7.891174316381415e-01, -1.714765136723676e+00, -2.250269020301975e+01
s1010       , -5.741566073917021e-02, -9.119359186026249e-02, -6.169945407196792e-02, -4.521098161169382e+00
s1011       , -6.851232733351752e-01, -5.531954294034306e-01, -2.735082399897114e+00,  5.799835478261851e+00
s1012       ,  1.183771163089419e+00,  1.304312976206477e+00,  2.788841705990918e+00,  3.783382980993798e+01
s1013       ,  5.720663447691927e-01,  5.264907549949872e-01,  1.047710675371981e+00,  1.636974413201467e+01
s1014       ,  1.639794129625306e+00,  1.750031846716569e+00,  3.416222320025313e+00,  5.534569728282778e+01
s1015       ,  1.278838546119833e+00,  1.267505369269549e+00,  1.053863827840564e+00,  6.007633796875215e+01
s1016       , -1.591656559306218e+00, -1.193507581496240e+00, -8.496924291700406e-01, -5.857662114586920e+01
s1017       , -2.238585492043279e-01, -3.088831330461906e-01,  2.411952687116320e-01, -2.164921501000020e+01
s1018       ,  1.969653626448107e+00,  2.165231694293564e+00,  3.568161523266245e+00,  7.774520816360786e+01
s1019       , -1.095283509128894e+00, -1.126967862799372e+00, -2.677665696373999e+00, -2.891759148777993e+01
s1020       ,  2.026970585970871e+00,  1.732519929802126e+00,  1.882520388616855e+00,  7.589583535625225e+01
s1021       , -1.076267557425617e+00, -1.117988071653374e+00, -3.525113056564002e+00, -1.646005742826618e+01
s1022       ,  2.061743967154248e+00,  2.071558282666302e+00,  3.433361097151377e+00,  7.410636655060907e+01
s1023       , -7.584250456952716e-01, -5.951202816081000e-01,  1.244146084312218e+00, -5.268090087360412e+01
s1024       ,  1.053814834881829e+00,  1.065240419111096e+00,  2.098953954517524e+00,  3.341425973473948e+01
s1025       ,  2.675022500952487e-01,  1.898656325048909e-01, -1.651211590475554e-02,  1.145325009428087e+01
s1026       ,  1.191217039336654e+00,  1.113599611351193e+00,  1.693635493586146e+00,  4.197662443779878e+01
s1027       , -1.091104512041814e+00, -1.290488348419831e+00, -2.559510594350067e+00, -4.024437785344956e+01
s1028       ,  4.058140530066474e-01,  4.937972476233852e-01,  1.702387490312108e+00,  5.223775756756475e+00
s1029       , -2.810797283104409e-01, -6.975681485311920e-03, -1.369297506241326e-01,  1.514871757279568e+00
s1030       , -5.114017609957666e-01, -2.473509882667044e-01,  1.034650140937406e+00, -2.917968547307661e+01
s1031       ,  7.568139692128296e-01,  6.219198091520785e-01,  1.613749799120068e+00,  1.404315836829519e+01
s1032       ,  1.164702788614623e+00,  6.744782545143895e-01,  1.665395211144084e-01,  3.751711230051357e+01
s1033       , -8.951823961598004e-01, -6.246617290981349e-01, -1.545238704277615e+00, -1.516941710474604e+01
s1034       ,  1.875078712098186e+00,  1.679091260593902e+00,  2.644066290877413e+00,  6.202038216719378e+01
s1035       ,  5.020924654475383e-01,  3.535410267306962e-01,  3.373405820538916e-02,  2.041913894114170e+01
s1036       ,  2.037733904983300e+00,  2.192448130666935e+00,  3.061839246293969e+00,  8.647956945475383e+01
s1037       ,  7.899885329373273e-01,  6.075089308958898e-01,  1.793949894341845e+00,  1.065538332799934e+01
s1038       , -1.481530067718233e+00, -1.671085874977496e+00, -3.595980460560457e+00, -4.815018539725920e+01
s1039       , -1.299957501960030e+00, -1.653747053562934e+00, -3.295588783727970e+00, -5.135314321291357e+01
s1040       ,  7.907676425376595e-02,  3.056585928390369e-03,  1.236584083505424e-01, -1.559707489815266e+00
s1041       , -2.182521057971927e+00, -2.063731920099765e+00, -1.729144846363403e+00, -9.762870189009028e+01
