# c0 + a0 * (O - NBI) + a1 * (face-area-avg - SBI) + a2 * (O + E_T)
# Property Label: $ln_{D}$; Unit of the Property: Unitless
# RMSE: 0.195069147531767; Max AE: 0.819941402597452
# Coefficients
# Task   a0                      a1                      a2                      c0
# all , -2.322681049836229e-01,  2.176104648000721e-01, -1.790026314401364e-02,  8.929398956552341e-16, 
# Feature Rung, Units, and Expressions
# 0;  1; Unitless;                                         12|5|sub; (O - NBI); $\left(O - NBI\right)$; (O - NBI); (newdata$O - newdata$NBI); O,NBI
# 1;  1; Unitless;                                         33|6|sub; (face-area-avg - SBI); $\left(face-area-avg - SBI\right)$; (face_sub_area_sub_avg - SBI); (newdata$face_sub_area_sub_avg - newdata$SBI); face-area-avg,SBI
# 2;  1; Unitless;                                         12|0|add; (O + E_T); $\left(O + E_{T}\right)$; (O + E_T); (newdata$O + newdata$E_T); O,E_T
# Number of Samples Per Task
# Task, n_samples               
# all , 1041                  

# Sample ID , Property Value        ,  Property Value (EST) ,  Feature 0 Value      ,  Feature 1 Value      ,  Feature 2 Value      
s1          , -1.176056511198248e+00, -1.007822202558161e+00,  6.771011419179580e-01, -1.582640011264584e+00,  2.827635386742488e+01
s2          , -1.455476726264239e+00, -1.384103581307261e+00,  3.526237973783930e-03,  1.177567846265869e-02,  7.742048529730313e+01
s3          ,  1.360540424298584e+00,  1.249579820530308e+00, -3.893086028757597e-01,  1.206896115432807e+00, -5.008432653916717e+01
s4          ,  5.214207269978391e-01,  4.874084897371888e-01,  3.738125043128819e-01,  1.952479413756057e+00, -8.343634827683717e+00
s5          ,  9.232192651096478e-02,  8.444163747124905e-02, -3.521929928688239e-01,  8.768228366367881e-01,  1.051198996824144e+01
s6          , -8.371953399684261e-01, -6.366885197993131e-01,  4.545815720629116e-01, -1.711534648812994e+00,  8.863326073461693e+00
s7          , -7.203728580649982e-01, -6.505911684113548e-01,  8.346125789566309e-01, -2.545731535167567e+00, -5.432352336950460e+00
s8          , -2.733255709368181e-01, -5.125389528879924e-01,  3.029828671541472e-01,  1.897828652068606e+00,  4.777321230973781e+01
s9          , -1.521729831673386e+00, -1.132267609678398e+00, -3.745022806556939e-01, -1.652148719594627e+00,  4.802877404715853e+01
s10         ,  3.230218919710685e-01,  5.756584238204430e-01, -2.669436894858681e-01,  1.083522545167470e+00, -1.552323963147437e+01
s11         ,  4.593978616455925e-01,  1.592909339758753e-01, -7.214896219785819e-01,  5.400529887577156e-01,  7.028347805532126e+00
s12         ,  2.356762313996669e-01,  4.095410990346759e-01,  1.107811850553975e+00,  1.365653527583807e-01, -3.559346604158639e+01
s13         ,  1.907045033118390e+00,  1.731059153189828e+00,  3.866859357281260e-02,  1.826974602612325e+00, -7.499732439061555e+01
s14         ,  1.054844414236797e+00,  9.584058578497734e-01, -2.773967692930105e-01,  2.451077748303628e+00, -2.014469088788968e+01
s15         , -6.375331890789701e-01, -6.800184586583129e-01, -8.961064749814802e-01, -1.008341907565017e+00,  3.735864969710482e+01
s16         , -1.315170182182296e+00, -1.042391878695751e+00,  4.118975937842673e-02, -2.314523846802884e+00,  2.956158783752480e+01
s17         ,  8.942625882950092e-01,  6.594064042178475e-01, -5.646490520765064e-01, -2.668930294443895e-01, -3.275567238220280e+01
s18         , -4.582075442603601e-01, -7.704501573723841e-01,  8.190703191687289e-01, -5.586640251626935e-01,  2.562169643083604e+01
s19         , -7.693791289946220e-01, -7.421753435227645e-01, -1.176372160922948e+00, -2.464134190905612e+00,  2.676986844427267e+01
s20         ,  3.128393520635399e-01,  2.970756629417668e-01,  4.285282448525507e-01,  2.180030955308510e+00,  4.345659196838058e+00
s21         , -1.098688503016758e+00, -1.468678679005971e+00,  6.959100072016592e-01, -2.162973388135784e+00,  4.672307492481693e+01
s22         ,  1.599324596570011e+00,  1.808175574538285e+00,  2.051701605372631e-01,  3.120966335333810e+00, -6.573507409367919e+01
s23         , -1.314277649873613e+00, -1.113661205602303e+00, -1.672968435191875e+00, -1.502360278660310e+00,  6.565876075393662e+01
s24         ,  1.052755589569482e-01,  1.768344368274317e-01, -5.334876286296116e-01,  1.331965546676531e-01, -1.337260348065514e+00
s25         , -1.088909426848386e+00, -1.370525741888955e+00,  4.884913901274324e-03, -3.770794701663969e+00,  3.066026125336020e+01
s26         ,  1.095156312501731e+00,  1.059389612143234e+00,  4.657268837279624e-01,  2.843635733744078e+00, -3.065643307640603e+01
s27         ,  2.628094430707173e-03,  9.297595681523980e-02, -7.256750212940022e-02,  7.353987162584841e-01,  4.687619124426041e+00
s28         ,  1.859558668493155e+00,  1.657060571398124e+00, -5.908136736038818e-01,  1.953587873767589e+00, -6.115620898899969e+01
s29         , -1.265074927670763e+00, -1.474345436643185e+00, -4.936949341677624e-01, -3.035664087538105e+00,  5.186643028132153e+01
s30         ,  1.657227749413040e+00,  1.533346663975056e+00, -2.518075632023571e-01,  1.603664730830598e+00, -6.289771060524877e+01
s31         ,  2.746080273692961e-01,  3.138989724681134e-01,  6.109609940890991e-01, -3.639010605072972e-02, -2.590602098668051e+01
s32         , -6.897019771020165e-01, -6.734914548782979e-01, -1.346625601165517e+00, -1.036295705162720e+00,  4.249998087693405e+01
s33         , -1.405625106938475e+00, -1.788326186324547e+00,  2.073291006563499e-01, -2.397038544536784e+00,  6.807439462666883e+01
s34         , -1.474210819660272e+00, -1.248432222542260e+00,  2.811799983203311e-01,  2.638739906890110e-01,  6.930316101808023e+01
s35         , -1.171464689733801e+00, -1.082114766879159e+00,  4.357814756176404e-02, -2.913015634264689e+00,  2.447395680496385e+01
s36         , -1.148641161041122e+00, -8.225132927485302e-01,  5.701541119950904e-01,  7.823104427792693e-02,  3.950269143112587e+01
s37         , -1.078435221245579e+00, -8.920524189641974e-01,  3.009091284362093e-01, -6.854324030608913e-03,  4.584677033456406e+01
s38         , -4.378262290801383e-01, -4.681125349284077e-01,  1.831719783347543e-01, -1.201637555330741e+00,  9.166268583745461e+00
s39         , -6.410161109102297e-01, -4.536319342033140e-01,  1.532446785815520e+00, -3.484521853370946e+00, -3.690308860433012e+01
s40         ,  1.431814259493607e-01,  3.078014751303750e-01,  6.286290457753483e-01,  4.583138012864642e-02, -2.479508601785477e+01
s41         ,  3.398432822287206e-01,  4.667825640393724e-01,  5.391824368044018e-01,  5.590096886493278e-01, -2.627732815531058e+01
s42         ,  8.067612274639525e-01,  4.498116932667192e-01,  1.677422926183827e-01,  1.810886174023744e+00, -5.290709689993532e+00
s43         , -1.242741757202650e+00, -1.303409928938373e+00,  7.239603594897858e-01, -3.845777868684480e+00,  1.666877834329180e+01
s44         ,  1.711958335245295e-01,  4.466845351440231e-01, -1.042775957843105e-01,  1.826622371219463e+00, -1.395065098360097e+00
s45         ,  4.644113787063103e-01,  4.960567370377930e-01, -2.764256140352523e-01,  1.140835756740121e+00, -1.025650197067237e+01
s46         ,  5.605068277705415e-02, -1.653318114018786e-01,  4.008753732898298e-01,  1.010440340082480e+00,  1.631839922247330e+01
s47         ,  9.066999267258494e-01,  6.252587215757970e-01, -1.153526498970985e+00, -2.967216689792274e-01, -2.356954445417362e+01
s48         ,  1.579727584566370e+00,  1.752822004494611e+00, -5.779387051813067e-02,  3.617324791996822e+00, -5.319645832742383e+01
s49         , -6.435089824614265e-01, -6.166038222017796e-01, -9.335049720036894e-01,  6.809973884333760e-01,  5.483826708965287e+01
s50         , -2.217827055817793e-02, -1.329920669757741e-01,  2.532695283949011e-01,  1.601587546906516e+00,  2.361349890027112e+01
s51         , -9.869737286665018e-01, -1.080720485956217e+00, -1.019498454371124e-01, -1.917010450203905e+00,  3.839265617129402e+01
s52         , -6.291725742859308e-02,  2.024130150478118e-01, -5.714515551220436e-01,  8.840456935637617e-01,  6.854343315744793e+00
s53         ,  7.061953554227811e-01,  8.042563472614507e-01,  4.701822200991296e-01, -1.692095421477176e+00, -7.160131341997732e+01
s54         , -1.923256326608463e+00, -1.992717033919064e+00, -1.126561508774055e+00, -2.470033674840475e+00,  9.591345953089031e+01
s55         ,  1.449677165676465e-01,  1.197240521381542e-01,  3.371476175625945e-01,  1.518647962040196e+00,  7.398829696108738e+00
s56         , -1.428251212735210e+00, -1.550410648601463e+00, -3.344571542117003e-01, -3.399121642984703e+00,  4.963111046016409e+01
s57         , -7.632144013758455e-01, -7.293949392063481e-01, -2.715916514520232e-01, -2.457448947389274e+00,  1.439701794779710e+01
s58         , -2.465293161402924e+00, -2.755419390459119e+00,  4.803580528028757e-01, -3.582257645729811e+00,  1.041499093896603e+02
s59         , -8.768884797438996e-03,  1.426550112577530e-01,  2.695135491983160e-01,  9.460027830447706e-01,  3.383708486327541e-02
s60         ,  1.714446572989188e+00,  1.584365000502548e+00, -3.526583800614702e-01,  2.530844153601158e+00, -5.316768399439219e+01
s61         ,  1.653657662090557e+00,  1.300886394579943e+00, -9.282483139142694e-02,  2.064192439226812e+00, -4.637564621712900e+01
s62         ,  2.913807026429409e-01,  4.136053232800349e-01, -4.927940422748091e-01,  1.463393171059105e+00,  1.078458067932633e+00
s63         , -1.790911115854549e+00, -1.299285058860938e+00, -4.548420026311273e-01, -1.166153604943881e+00,  6.430984347087046e+01
s64         , -5.454632126173593e-01, -5.625723336789045e-01, -5.393058155592612e-01, -3.333293924534856e+00, -2.096269002633825e+00
s65         , -1.096531543219279e+00, -8.465439969584034e-01,  2.322442986438916e-01, -1.485544298171096e+00,  2.621922732850917e+01
s66         , -9.925198589409868e-01, -6.294586453208099e-01, -7.638177072689105e-01, -1.617224117795251e-01,  4.310979348944575e+01
s67         , -4.301391331597769e-01, -3.826180399235445e-01,  4.209459219250875e-01, -2.036322897428025e+00, -8.842297042312142e+00
s68         , -1.496017763262518e+00, -1.243513067847470e+00, -6.433780658110536e-01, -1.138560997290165e+00,  6.397595805963718e+01
s69         , -5.130334975012112e-01, -5.040963389470955e-01, -7.567822754981549e-01, -2.094461471899010e+00,  1.251914498426825e+01
s70         , -1.298331351434060e+00, -8.187183301017744e-01,  4.838900894585221e-01, -1.707546643705505e+00,  1.870062325370223e+01
s71         ,  8.978734253548585e-01,  5.137637182661553e-01,  5.103266617615287e-02,  2.258301539518788e+00, -1.909856351423666e+00
s72         , -8.703072211857277e-01, -6.058966038255834e-01, -5.433711297340562e-01, -2.228745715841153e+00,  1.380460126749591e+01
s73         ,  1.052659824554331e+00,  8.282549624055572e-01, -1.036892526965335e+00, -5.616331623823717e-01, -3.964383919384571e+01
s74         , -1.304189005820537e+00, -1.764624863783514e+00, -1.808411567227888e-01, -3.321348869452999e+00,  6.055040736516649e+01
s75         , -7.491961797362119e-01, -8.125003370376921e-01,  1.058759165563330e+00, -1.854893540942606e+00,  9.102665424981542e+00
s76         ,  1.130323653742102e+00,  9.397802474151140e-01, -4.742141785738135e-01,  1.917590755069982e+00, -2.303584031010230e+01
s77         ,  1.083046725976420e+00,  1.278571411099239e+00, -1.925234905213198e-01,  1.783781888992347e+00, -4.724426294862960e+01
s78         ,  1.592651226510811e+00,  1.539819091404251e+00, -1.619551673597364e-01,  2.257225376474225e+00, -5.647996345765083e+01
s79         , -5.815008980639539e-01, -3.507424520533213e-01, -8.376958117949120e-01, -1.016102283136788e+00,  1.811135278211003e+01
s80         , -2.983814549448998e-01, -3.894681221898219e-01,  1.089925995406102e-01,  2.593273229644152e-01,  2.349602089864175e+01
s81         ,  1.752594407670262e+00,  1.570545816490669e+00, -5.381961120271959e-01,  1.205502616587168e+00, -6.610014786978256e+01
s82         ,  2.898444462079387e-01,  4.814205217287688e-01,  7.182066756090077e-02,  1.684843953781755e+00, -7.344165564835446e+00
s83         ,  1.476200951700887e+00,  1.624964912163936e+00, -7.977098680941208e-01,  2.334756422376032e+00, -5.204476129829045e+01
s84         , -3.835514085014881e-01, -7.579858767696519e-01,  1.653014825754807e-01,  1.206694188308534e+00,  5.486963459409799e+01
s85         ,  4.460752375789071e-01,  4.263296190543093e-01,  4.900054535621379e-01,  2.521543591746297e-01, -2.710970369425879e+01
s86         , -5.546686089820558e-01, -4.203625641629262e-01,  1.258994508304948e+00, -1.485381581772774e+00, -1.091024636395938e+01
s87         ,  8.762923637719959e-02,  1.381561058497613e-01,  2.404282469983345e-01,  9.232113533745886e-01,  3.854989447044861e-01
s88         ,  4.367974440523036e-01,  5.228462451099533e-01, -5.163067187434047e-01,  1.543128460406153e+00, -3.749875624837109e+00
s89         , -5.727247528300363e-01, -3.758761458605374e-01,  2.356990434838169e-03, -6.745489205487532e-01,  1.276739823258984e+01
s90         ,  4.181427428933503e-02,  1.076195659917512e-02, -2.548934960375508e-01,  7.798268038672942e-01,  1.218642118253927e+01
s91         , -8.667270491804479e-01, -8.883839988044335e-01, -2.848021419270099e-01, -2.712270983627068e+00,  2.035254455553077e+01
s92         ,  8.549438204377635e-01,  8.638637223813688e-01,  2.404908663898655e-01,  1.320036326052343e+00, -3.533290860754173e+01
s93         , -1.173621714519396e+00, -1.200810351158009e+00,  1.052889526993138e+00, -1.519876460285480e+00,  3.494455181872506e+01
s94         , -2.684963611581566e-01, -2.307720445040101e-01,  1.681915666918772e-01, -1.918821560434881e-01,  8.377024497594968e+00
s95         ,  9.260657816336888e-01,  1.026493136612500e+00,  1.393644670864536e-01,  2.352137275799636e+00, -3.055895698423434e+01
s96         , -2.278868324329024e-01, -1.422682329170081e-01,  3.163534412490676e-02,  9.838799445234164e-01,  1.949820070877255e+01
s97         , -1.648661305544417e+00, -1.261558594331774e+00, -2.018817167558853e+00, -1.449935324745176e+00,  7.904600735852485e+01
s98         ,  5.404249878717727e-01,  6.549209405049000e-01,  4.479948465840623e-01,  4.167666326044359e-01, -3.733370110554429e+01
s99         ,  1.310930209873364e+00,  1.090737789186066e+00,  9.268930957240529e-02,  2.109549036914924e+00, -3.649145310188013e+01
s100        ,  7.521780108780159e-02,  1.477103595457825e-01,  8.775093696945282e-01, -6.010614421662879e-04, -1.964544277258354e+01
s101        , -1.544763391692015e-01, -5.418810983765994e-02, -5.408738066505581e-01, -1.396697631380694e+00, -6.933986154709546e+00
s102        ,  1.059402820517896e+00,  9.371341437217071e-01,  4.008039901045033e-01,  3.016338878430715e+00, -2.088467742823886e+01
s103        , -3.987127671222759e-01, -1.114036421941812e-01, -1.522556847950662e-01, -3.113791601795747e-01,  4.413813202807871e+00
s104        ,  1.672104507359812e+00,  1.794937806925959e+00, -9.217735742535060e-02,  2.447453980661562e+00, -6.932503385576369e+01
s105        , -3.729535248655157e-01, -6.613975734385513e-01,  2.423503931997913e-01, -1.026748512940765e+00,  2.132237289829013e+01
s106        , -9.091422672215730e-01, -8.565499785654133e-01, -5.197593098930083e-01, -2.734585060817738e+00,  2.135159462892006e+01
s107        ,  4.095288752140306e-01,  5.048844493797231e-01, -1.938073748817235e-01,  2.514961915451651e+00,  4.883327858845087e+00
s108        , -8.642846593415402e-01, -9.312225688268541e-01, -1.224502647432861e-01, -2.932453726378483e+00,  1.796237512179394e+01
s109        ,  1.308766037007560e+00,  8.648413045097920e-01, -3.066385233610200e-01,  1.473190534639847e+00, -2.642627513271524e+01
s110        , -1.060518384725506e+00, -6.467386048721298e-01,  1.267292985609816e-01,  7.744198474962202e-01,  4.390020903554836e+01
s111        , -9.347636068172456e-01, -7.495324208062790e-01,  1.498714995025099e-01, -1.947580534436949e+00,  1.625161283668997e+01
s112        , -1.677387906237608e+00, -1.711335538612576e+00,  1.076306337772084e+00, -3.927668619869843e+00,  3.389012252642419e+01
s113        , -2.426092490978830e-01, -1.317768882562776e-01,  5.359317387148439e-01, -4.734895799050450e-01, -5.348482750586943e+00
s114        , -1.644000182446823e+00, -1.639689104402436e+00,  4.940500695128038e-01, -2.484997017340923e+00,  5.498107302117821e+01
s115        , -2.329704376178373e+00, -2.394268535390982e+00,  1.170829553591819e-01, -1.694979396732065e+00,  1.116312441218317e+02
s116        , -5.268968759749211e-01, -7.725028395835651e-01,  1.417966877942648e+00, -3.194829395837324e+00, -1.408213654976974e+01
s117        ,  1.742591906297736e+00,  1.569699035464078e+00, -7.099060660565937e-02,  2.137216458412136e+00, -6.078846473643129e+01
s118        ,  1.515143207668377e+00,  1.438351073299430e+00, -4.453961576096099e-01,  1.680367835389924e+00, -5.414636188933930e+01
s119        , -4.303518965464308e-02, -1.751054655571053e-01,  2.587794869525635e-01, -6.149108236852346e-02,  5.676907690192825e+00
s120        , -2.251286346153320e-01, -1.816373665243909e-01,  5.504892127293366e-01, -7.771583311572949e-01, -6.443564793914134e+00
s121        , -3.744651294305373e-01, -2.828105735358846e-01, -7.219561880355223e-01, -1.014975883020894e+00,  1.282822457410914e+01
s122        ,  1.754705398768575e+00,  1.622544126321097e+00, -1.170368906385289e+00,  1.262172222997376e+00, -6.011324333848632e+01
s123        ,  1.494372078098040e+00,  1.326372058871129e+00, -2.481253673593493e-01,  1.829492899258999e+00, -4.863747771949298e+01
s124        ,  4.706190523857749e-01,  3.712199439723898e-01, -3.574990143199575e-02, -1.921881293163646e-03, -2.029772415476659e+01
s125        , -2.939771406988250e-01, -1.989616613482212e-01, -1.101540473714646e-02,  2.095945127362397e+00,  3.673799522398927e+01
s126        ,  1.907608110252774e-01,  2.304888874512127e-01,  5.795028544622809e-01,  1.017341336253534e+00, -8.028082888567310e+00
s127        ,  1.175241554433439e+00,  1.190957929710061e+00,  2.350669379875694e-01,  2.206240612255990e+00, -4.276224492838832e+01
s128        , -9.405598864666275e-01, -9.475248783763710e-01,  7.879367121230874e-02, -2.718039794595679e+00,  1.886842198434837e+01
s129        ,  8.848224007924820e-01,  9.779074619511472e-01,  1.590293467668746e-01,  1.635416015778630e+00, -3.681293745934553e+01
s130        , -8.567501741532092e-01, -7.866648741922091e-01,  1.314498710180515e+00, -4.381374062928618e+00, -2.637302550938142e+01
s131        ,  4.181459542201291e-01,  5.065581191388430e-01, -2.042341343441401e-01,  1.333147546329074e+00, -9.441994523669091e+00
s132        ,  1.352109327204641e+00,  1.203665548392176e+00, -2.266259256354175e-02,  1.489464575113467e+00, -4.884166592613057e+01
s133        ,  3.377243561871698e-01,  1.536187469370517e-01, -3.212993130732786e-01, -7.358154778981887e-01, -1.335803337558524e+01
s134        ,  1.167150831191734e+00,  8.538481513936921e-01, -1.235110445150899e+00, -6.658246382729676e-01, -3.976823089894073e+01
s135        , -7.551299954675708e-01, -8.208477617815501e-01,  1.237132711076907e-01, -4.764418279331840e-01,  3.845945624232559e+01
s136        , -1.288171140802968e+00, -9.825844029152846e-01, -5.187742601475396e-01, -1.263941136564644e+00,  4.625810762470211e+01
s137        ,  7.561360588094119e-01,  7.238632950804372e-01,  5.634652004875467e-01,  8.313671659620139e-02, -4.673936149152328e+01
s138        , -4.177976720303577e-01, -3.093783058026607e-01,  1.336345975272061e-01, -3.864065584266566e-01,  1.085197121019481e+01
s139        ,  3.703571329650210e-01,  4.496172502723309e-01, -3.456937277086697e-01,  9.899708247591954e-01, -8.597393830482352e+00
s140        ,  6.601089262860428e-01,  2.612998904736025e-01, -9.483371252208087e-01,  5.387539695115517e-02, -1.637270530903886e+00
s141        , -1.578466378610989e-01, -1.766629766204309e-01, -1.403459081876339e+00, -7.301430484534439e-01,  1.920390706437018e+01
s142        ,  1.583934988818062e+00,  1.523341838527803e+00, -8.756487225532905e-02,  2.807479241840244e+00, -4.983538184190584e+01
s143        , -6.655556961981216e-01, -8.888562882852855e-01,  6.028569885485673e-01, -3.145218645776259e+00,  3.597675970215495e+00
s144        , -1.444363515954881e+00, -1.258769468501555e+00,  1.449495713775504e+00, -3.592097706965700e+00,  7.844565922368396e+00
s145        , -7.857021391434503e-01, -7.148976384119488e-01, -3.995192132057639e-01, -7.885083001272336e-01,  3.553610056794781e+01
s146        , -1.297382615214570e+00, -1.256997192046289e+00,  2.835772274996022e-01, -2.503530251138765e+00,  3.610767394909795e+01
s147        , -5.360922680501714e-01, -5.176555530773794e-01, -6.708359444612977e-01, -8.752985233316299e-01,  2.698257697473120e+01
s148        , -6.315112169106484e-01, -4.786852043122714e-01,  6.064251083763337e-01, -5.510357399540131e-01,  1.217417019677990e+01
s149        ,  1.034538941403273e+00,  1.110552803340929e+00,  1.203604709957389e-01,  1.817315239293949e+00, -4.151010976570632e+01
s150        , -1.132891587887058e+00, -8.543435112378206e-01,  3.291126167750342e-01, -2.287931530900754e+00,  1.564353000234396e+01
s151        ,  5.509532181847399e-02,  3.143639201201839e-01,  8.548013181459924e-03,  1.336612757759475e+00, -1.423913562856987e+00
s152        , -1.325344879425763e-01, -7.370295308975894e-02, -5.527657494191152e-03,  1.596078857455332e+00,  2.359240812560845e+01
s153        , -1.431235874103281e+00, -1.375819750487119e+00,  6.823959634505514e-01, -2.141061642717152e+00,  4.197723284431111e+01
s154        ,  3.955605453613595e-01,  4.796629222471147e-01, -8.036581226165466e-01,  1.164025296132051e+00, -2.217547697627585e+00
s155        , -6.583727769299562e-02, -3.518623496084550e-01,  1.474455623708213e-01,  2.080437004461602e+00,  4.303513895739143e+01
s156        ,  1.360777508064747e+00,  1.389078175946173e+00,  2.817197384873953e-01,  2.179233534730941e+00, -5.476392472298672e+01
s157        ,  1.886695766984781e-01,  4.110869198272141e-01,  3.917738636849784e-01,  5.608162617997811e-01, -2.123119656242839e+01
s158        , -5.322620015856455e-01, -5.127252941363794e-01,  1.793815414286609e-01, -8.700633756304393e-01,  1.573863946002723e+01
s159        , -9.397989837818175e-01, -8.311555370808343e-01,  1.883405908750295e-01, -1.680464541477864e+00,  2.355961762141996e+01
s160        ,  1.011185408564766e+00,  1.109243194581088e+00, -3.654651853160554e-01,  2.050099738273742e+00, -3.230310789097872e+01
s161        ,  8.691500702744535e-01,  2.935288567442343e-01, -1.242275248084188e+00, -1.028237529754835e+00, -1.277876106838043e+01
s162        , -7.631554763960900e-01, -7.689147668493718e-01,  7.040814605118226e-01, -3.303408888418639e-01,  2.980366610293428e+01
s163        , -1.913891772907037e-01, -7.894222488592489e-02,  6.388228042300326e-02,  1.338247748264013e+00,  1.985005026623051e+01
s164        , -1.172488852060699e+00, -1.326674967203101e+00, -2.192869153973487e-01, -1.686719531498504e+00,  5.645506404699749e+01
s165        , -7.847148269254141e-01, -5.280113584282744e-01,  6.470060744907802e-01, -1.910965473178462e+00, -2.129220164821551e+00
s166        ,  6.442637705728566e-01,  7.498651162351075e-01,  3.741631960000533e-01,  1.121249122873314e+00, -3.311547686033660e+01
s167        ,  1.426867873093048e-01, -1.735491820014833e-01, -7.359869310568723e-01, -4.021909449948394e-01,  1.435590701793725e+01
s168        , -1.763664779687589e+00, -1.730753001853480e+00, -1.515362928504541e+00, -2.424404891525022e+00,  8.687847713743921e+01
s169        , -1.122536795524768e+00, -1.449478711901721e+00,  9.053338704214553e-02, -1.350082587286614e+00,  6.338781643538194e+01
s170        ,  1.958646106185055e-01, -8.495888616957714e-03,  4.713724461225919e-01,  8.691103950653819e-01,  4.923872913946376e+00
s171        , -1.074510878859395e+00, -1.096146856102750e+00,  3.539420880281343e-01, -2.639031613873712e+00,  2.456145467740791e+01
s172        , -3.012776379076099e-01, -4.717605689459679e-01, -4.016106255450101e-01, -1.016821353803606e+00,  1.920479814721165e+01
s173        , -7.731154552407105e-01, -6.409106696724463e-01,  1.024072368274689e-01, -8.355959770372530e-01,  2.431753669695902e+01
s174        , -1.035147889271374e+00, -9.755249533951000e-01,  2.250232270384789e-01, -7.834010156273848e-01,  4.205429661461720e+01
s175        ,  5.473686561230826e-01,  3.511284977844393e-01,  5.121774425203500e-01,  4.567139388948924e-01, -2.070948601525915e+01
s176        , -1.268948530849032e+00, -9.523538494915736e-01, -8.368954906277513e-01, -2.066156578590722e+00,  3.894471718899310e+01
s177        ,  1.005563615864533e-01, -1.596466138191516e-01,  4.062621675118162e-01, -1.613400097493307e+00, -1.596668567271531e+01
s178        ,  1.242644395595530e+00,  9.506840604689597e-01, -2.747142003604589e-01,  2.068709412371879e+00, -2.439650710512942e+01
s179        , -1.576962637744264e+00, -2.103618509789711e+00,  6.810296263908103e-01, -4.777360907200285e+00,  5.060446956611374e+01
s180        ,  1.737282181449411e+00,  1.731835406843685e+00, -3.013968338724536e-01,  2.798423707640567e+00, -5.881836726053766e+01
s181        ,  2.233856545359632e+00,  2.240205846015957e+00, -5.048662810005569e-01,  3.051662220365745e+00, -8.149980063053458e+01
s182        , -1.711402508932139e+00, -1.557514712938291e+00, -2.164907436237838e-01, -1.468722599345456e+00,  7.196481916698281e+01
s183        , -7.106254116747583e-01, -5.754653685684591e-01,  1.069785206586121e-02,  2.272308772523937e-01,  3.477202600598117e+01
s184        , -1.590416334708451e+00, -1.664198491972283e+00,  5.865326278142236e-02, -2.688436109628172e+00,  5.952668794870761e+01
s185        , -1.868355490710606e+00, -1.970089149446375e+00, -2.350847785670862e-01, -3.383538592448906e+00,  7.197650835282474e+01
s186        , -2.760321167234583e-01, -4.527622249505766e-01,  3.438099879195026e-01, -8.923563624952405e-01,  9.984213434982404e+00
s187        , -4.966273090043231e-02, -8.610375672180509e-03,  1.802459304193107e-01,  1.261788081013886e+00,  1.348154961911865e+01
s188        , -1.015813052583435e+00, -1.007111497664892e+00, -1.352243683003690e-01, -1.091755523449769e+00,  4.474472649300323e+01
s189        , -2.906800910340787e-01, -3.773274902918590e-01,  6.973495551730977e-01, -2.866515511159143e-01,  8.546078462416137e+00
s190        ,  5.354894060030271e-01,  5.922475840608751e-01,  1.857375423014618e-02,  1.822418631042657e+00, -1.117214354827618e+01
s191        ,  1.753961104841035e+00,  1.499374086425013e+00,  7.256775904253776e-03,  1.305081646971712e+00, -6.799118931500435e+01
s192        ,  1.693846989966433e+00,  1.599240910132282e+00, -6.643692576587636e-01,  2.172831475487758e+00, -5.430636670045172e+01
s193        , -1.325060983901232e+00, -1.435832295876961e+00, -3.106927751824369e-01, -2.628162965018979e+00,  5.229423422893228e+01
s194        , -3.735061674670884e-01, -6.692469827781591e-01,  6.000952709310515e-01, -7.606518998855093e-01,  2.035378893444214e+01
s195        ,  5.549893676077536e-01,  4.860097459320104e-01,  1.687753987916902e-01,  2.022989710514096e+00, -4.747816057379968e+00
s196        ,  5.156221309853631e-01,  4.711045519035402e-01, -5.089612115540629e-01, -2.920263434254723e-01, -2.326429956710772e+01
s197        ,  4.039259378191074e-02, -1.093323842190204e-01,  2.621571964866101e-01,  5.124214384891987e-01,  8.935617040909536e+00
s198        , -1.147577574253399e-01, -1.746303043620473e-02, -6.285611708165569e-01, -2.347223085534436e+00, -1.940320996346402e+01
s199        , -8.191010016050872e-02, -8.955528149798947e-02,  1.160788666055090e+00, -1.007884921073367e+00, -2.231169481586186e+01
s200        ,  1.189193657309887e+00,  1.126310539738870e+00, -1.259576165411253e-01,  1.715971158171338e+00, -4.042629517239424e+01
s201        ,  6.533862606425194e-01,  1.967849976913445e-01, -5.449704733874414e-01, -3.503918470007915e-01, -8.181704932231193e+00
s202        , -8.110875660980833e-01, -7.109004987708619e-01, -9.922523551216855e-02, -4.097108189623583e-01,  3.602125785829282e+01
s203        , -8.655630508261463e-01, -7.593796043302079e-01,  1.009148634508412e-01,  1.290223548961549e+00,  5.679840783554836e+01
s204        , -3.544918020535805e-01, -4.936876501658187e-01,  4.057219000983988e-01, -6.701640563826905e-02,  2.150068515770097e+01
s205        , -3.633282890048445e-01, -7.074455588449647e-01,  8.383478385534393e-01, -2.005576894543234e+00,  4.261924768335994e+00
s206        , -5.026824938914743e-01, -8.508640802624412e-01,  7.324205291988681e-01, -1.531419755055170e+00,  1.941274183496917e+01
s207        ,  4.240041451428595e-01,  4.444196503879525e-01,  9.089475533514646e-02,  1.603005428353649e+00, -6.519504528096720e+00
s208        , -8.062259524963590e-01, -6.551582581341878e-01,  1.168275729684236e-01,  8.468445454097789e-01,  4.537951022036582e+01
s209        ,  3.099661283982239e-01,  2.634240585460840e-01, -1.356600474801872e-02,  1.519587742307982e+00,  3.933187239239875e+00
s210        , -3.065562839865105e-01, -6.758915135329926e-01,  7.028440335938352e-01, -9.341275204870191e-01,  1.728283742794305e+01
s211        , -4.563063004879184e-01, -3.387539296758964e-01,  1.926305782624079e-01,  3.013699837150867e-01,  2.008871320164233e+01
s212        ,  4.998062981764828e-01,  6.502229135772406e-01,  2.869177857424503e-01,  1.566868753222741e+00, -2.099956426696088e+01
s213        ,  6.563519744665959e-01,  6.646404311595941e-01,  5.219990386025153e-01,  1.024354266081984e+00, -3.145059634976984e+01
s214        ,  1.142353378029062e+00,  1.194725592000043e+00, -1.253899930418413e-01,  2.649187868763696e+00, -3.291071688322853e+01
s215        , -1.476327451002582e-01, -3.247893008400461e-01, -9.834059891070912e-02,  5.860175416256974e-01,  2.654453910444666e+01
s216        , -1.905199100184842e-01, -1.714734156209053e-01,  9.978310833488147e-01, -1.017904549812417e+00, -1.574265133098380e+01
s217        , -2.414550310188500e-01, -5.170373467877248e-01, -8.456756894541636e-01, -1.735776661128843e+00,  1.875601871824317e+01
s218        , -1.293237902229174e+00, -1.299145558953817e+00,  2.193990192142556e-01, -1.738802863123403e+00,  4.859171389201417e+01
s219        ,  2.482302713119656e-01, -9.484207207945022e-02,  1.527680352618437e-01,  1.065065335400319e+00,  1.626391133827444e+01
s220        , -2.000823243837164e-01, -6.655895115141922e-01,  6.173011490203023e-01, -2.590835080979263e+00, -2.323020752859817e+00
s221        , -6.698961632051862e-01, -6.132497378192656e-01,  6.314390078660637e-02,  1.192937230471943e+00,  4.794225883375336e+01
s222        ,  1.037060196097378e+00,  1.091113599470690e+00,  9.733561092434773e-02,  2.435028188883055e+00, -3.261594182645528e+01
s223        , -1.623853301049458e-01, -3.533927112670232e-01, -5.779336833124419e-01, -1.038629451208024e+00,  1.461496029187027e+01
s224        , -6.705934431510087e-01, -5.344131429811847e-01, -1.251434796883364e-01, -1.761112872215655e-01,  2.933791076508589e+01
s225        , -1.448990103249857e+00, -1.430940241090435e+00,  9.130903556700939e-01, -3.018980726084764e+00,  3.139041426115966e+01
s226        , -1.718251341837416e+00, -1.484445790357060e+00,  6.915156589990992e-01, -2.685045908233175e+00,  4.131417871485356e+01
s227        ,  1.227776018054062e-01,  1.790840914739562e-02, -1.810030405311092e-01, -6.015485133004114e-01, -5.964740665936079e+00
s228        ,  4.264100451543563e-01,  4.057347560766569e-01, -5.423055063640099e-01,  1.616383222142735e+00,  4.020467179460624e+00
s229        ,  4.451483651439820e-01,  3.246156377491130e-01, -1.325889596224439e-01,  1.969727864840621e+00,  7.531394581026017e+00
s230        ,  1.833521503477001e+00,  1.678088216518900e+00, -2.970313333789862e-01,  1.669776938939664e+00, -6.959318786415221e+01
s231        ,  5.465231310557156e-01,  5.625155815563024e-01, -4.293075560521863e-01,  1.127322059862794e+00, -1.214976840737256e+01
s232        , -9.701705002670065e-01, -6.091957682838802e-01, -1.430227770627784e+00, -1.998854341171538e+00,  2.829122879022754e+01
s233        , -4.717599438000208e-01, -4.365667561968186e-01,  7.512982223215535e-01, -2.282237661291019e+00, -1.310453676294636e+01
s234        , -5.281115591146329e-01, -4.490006166688514e-01, -6.411011984752168e-02, -2.395405699347224e+00, -3.205203992923962e+00
s235        ,  1.986306191498733e+00,  2.156071185002165e+00,  3.008553870834263e-02,  3.477372388371899e+00, -7.856568716528274e+01
s236        , -9.106289011065025e-02, -3.715158625519903e-01, -3.263799224802925e-01,  2.019449411478743e+00,  4.953987696096385e+01
s237        , -2.049911438812475e-01, -7.111442001990032e-02,  4.499924920852882e-01, -6.102006562778972e-01, -9.284250766063611e+00
s238        , -8.473750345453807e-01, -6.879836696046006e-01,  1.163476220734689e+00, -2.492033871391798e+00, -6.957852821940026e+00
s239        ,  4.108404411494213e-01,  3.727685332841985e-01,  7.120955946082212e-01,  1.279165787221486e+00, -1.451407524052539e+01
s240        ,  7.165538551738689e-01,  6.545970721452842e-01,  3.039019625483694e-01,  5.705489841454678e-01, -3.357639888423054e+01
s241        ,  1.480467310245773e+00,  1.650649439742370e+00,  8.254932871236687e-02,  2.710344057651155e+00, -6.033563736171497e+01
s242        ,  1.377587652535837e-03,  1.110646627123031e-01,  1.189366138390624e-02,  1.382444061113283e+00,  1.044717121146022e+01
s243        ,  1.131563109684979e-01,  1.007846433321419e-01,  3.761751483269304e-01,  1.304333716910948e+00,  5.345090932220414e+00
s244        , -5.391359916687376e-01, -3.697071149445660e-01,  1.419192653595462e-01, -1.410863572132145e+00,  1.660596728580046e+00
s245        , -6.959002745715563e-01, -8.174010611373299e-01,  3.521703183569945e-02, -5.089966019974286e-01,  3.901944206786544e+01
s246        ,  1.097686348144868e+00,  1.225688355117422e+00, -3.743825326753263e-01,  1.636354100091534e+00, -4.372245542531420e+01
s247        ,  1.841111551502399e+00,  1.690681430483722e+00, -7.356105071897172e-01,  5.765446901438752e-01, -7.789608469743726e+01
s248        , -3.591369962873629e-01, -2.969169249402954e-01,  5.278302631821902e-01, -1.030474320524652e+00, -2.788964916006938e+00
s249        , -6.877465177400688e-02, -1.356238365268401e-01,  8.772698890451021e-01,  2.756692843703314e-01, -4.552702377815223e-01
s250        ,  9.781851862563173e-01,  9.173055777190064e-01, -8.899737550304754e-02,  6.512778468895030e-01, -4.217309236815577e+01
s251        , -1.545108495483156e+00, -1.769032797129925e+00,  1.052913343673922e+00, -3.020574245052459e+00,  4.844431825818307e+01
s252        ,  9.402639511564144e-01,  1.064471359796165e+00, -4.210927639247179e-01,  1.883497243207302e+00, -3.110547741524500e+01
s253        ,  3.571077652909773e-01,  1.276295530086606e-01, -1.759025849132666e+00, -9.121112274387809e-01,  4.606138958457120e+00
s254        ,  2.257901594076580e-01, -9.533219007377136e-04,  1.946739909031137e-01,  9.779025694627970e-01,  9.415425586658008e+00
s255        , -1.438850770729053e-01, -1.803427900042803e-02,  2.899870021878477e-01,  1.092813586725674e+00,  1.052985749779992e+01
s256        ,  1.248756905340010e+00,  1.298976150350413e+00,  2.612193980162782e-01,  2.328838328734970e+00, -4.764564000488448e+01
s257        , -7.549787863785817e-01, -7.725167945755419e-01,  3.470533451389486e-01, -2.028756071832259e-01,  3.618715051196230e+01
s258        ,  8.177238568000533e-01,  9.290957093490466e-01, -8.507077370836388e-01,  1.197968948565820e+00, -2.630200751019206e+01
s259        , -3.969340657877687e-01, -3.125780488318875e-01,  1.278895537907674e-01,  7.670121382044583e-01,  2.512718661223119e+01
s260        ,  1.424749928690502e+00,  1.414262590476002e+00, -4.208025507313675e-01,  2.551013606824275e+00, -4.253548211148198e+01
s261        , -2.470942124509466e-01, -1.386058735042519e-01,  2.512390857927089e-01,  1.143093076296145e+00,  1.837962158125803e+01
s262        ,  2.007985062735016e-02,  8.729277804360885e-02,  1.232661702042578e+00, -7.936486271416454e-01, -3.051949671956962e+01
s263        ,  1.714213031012279e+00,  1.827186021594121e+00,  2.725345879275398e-02,  3.430889714920613e+00, -6.072081826595927e+01
s264        , -2.919262533908621e-01,  1.863229325886344e-01, -8.776560026951019e-02, -9.071298890119854e-01, -2.029795521943100e+01
s265        , -2.155995419331203e-01, -1.175239127462925e-01,  3.256807025261454e-01, -1.515251426430186e+00, -1.608109845859455e+01
s266        , -9.362328774391201e-01, -7.790730905510730e-01,  9.786869932426123e-02, -2.831133379790064e+00,  7.835474898122199e+00
s267        ,  6.142764498338860e-01,  6.747268433521709e-01, -2.707166937872088e-01,  9.097597126281119e-01, -2.312115484826329e+01
s268        ,  8.320264617200721e-01,  8.813566988780928e-01,  4.270473992316848e-01,  9.212639106473753e-01, -4.357866222191208e+01
s269        , -4.610366351192068e-01, -3.109947970653409e-01, -8.533394472216993e-02,  9.378386677256019e-01,  2.988216736170559e+01
s270        ,  5.033046853861965e-01,  2.700436634039516e-01, -1.254390253933047e+00, -1.535809381571714e+00, -1.748002289484610e+01
s271        ,  2.731597535481846e-01,  3.266837064386167e-01, -7.968060206191019e-01,  1.275861059898509e+00,  7.599309305150854e+00
s272        , -4.876259036091397e-01, -2.702192486799289e-01,  2.444401661500599e-01,  5.012062245545922e-01,  1.801712697727824e+01
s273        ,  3.756531389576167e-01,  3.523809585302384e-01,  6.778847910807181e-01, -1.645509763860849e-03, -2.850181868231048e+01
s274        , -6.075622032726076e-01, -7.339321136304000e-01,  3.655565916983476e-01, -2.313007731891980e+00,  8.139002651360586e+00
s275        , -3.667973944341356e-01, -4.956294554055301e-01,  7.814477188783678e-01, -5.813654558371498e-01,  1.048101170496997e+01
s276        ,  9.245727537620891e-01,  9.018091713148901e-01, -7.960653290075285e-01,  1.368827507188055e+00, -2.340956624277155e+01
s277        , -9.396261947398056e-01, -1.196847921423534e-01,  1.482044791448859e+00, -3.868420201523491e+00, -5.957206620844877e+01
s278        , -1.341488674963300e+00, -1.479212020575378e+00,  6.472525109344682e-01,  6.048987704545597e-02,  7.497315128147238e+01
s279        , -1.266362915480045e+00, -1.074526577316668e+00, -1.403375744997724e+00, -1.231278441551285e+00,  6.326984799671745e+01
s280        ,  2.057477526667467e+00,  1.847381935577965e+00, -4.054699282858421e-01,  2.861351124287022e+00, -6.315796848902438e+01
s281        , -2.834398711024385e-01,  5.948404131016605e-02,  7.595106023487128e-01, -3.091766725668839e+00, -5.076433326974621e+01
s282        ,  9.178955657779987e-01,  7.004719304036851e-01,  4.981231474364245e-01, -4.986758138118117e-01, -5.165773922405182e+01
s283        ,  3.733503076570951e-01,  1.505295422815499e-01,  3.769938890413105e-03,  2.035205419189094e+00,  1.628338176063703e+01
s284        , -1.411377341359432e+00, -1.506751076027915e+00, -1.015224989248390e+00, -3.402198999892253e-01,  9.321204031571843e+01
s285        , -7.489991269044497e-01, -4.450474165183632e-01, -5.136274237500027e-02, -7.634070532802951e-01,  1.624847508221454e+01
s286        , -1.503542794535010e+00, -1.675447462775572e+00, -1.015265928455146e+00, -2.509128374535353e+00,  7.626975945675852e+01
s287        ,  6.691186599609008e-01,  6.674396980595063e-01,  8.756692180254959e-01,  1.498545483985302e+00, -3.043142685926721e+01
s288        , -7.261797515669667e-02, -1.425918106303068e-01, -1.270563085448501e+00,  1.703540392415817e-01,  2.652329234435217e+01
s289        , -2.036131017088608e+00, -2.268062696761761e+00, -5.407890657906700e-02, -3.011651138241944e+00,  9.079512881057866e+01
s290        , -3.593369916728853e-01, -1.647250689743414e-01, -8.226738809795586e-02,  1.516155721488454e+00,  2.870150603031863e+01
s291        , -9.653688942346333e-01, -7.329957255486267e-01,  1.616981858886362e+00, -4.853588235955389e+00, -3.903681040666189e+01
s292        ,  1.020142466608096e+00,  9.238640206187932e-01,  6.197717589359221e-01,  1.103398934821233e-02, -5.951957870490008e+01
s293        ,  1.809672166646086e+00,  1.774239742219269e+00, -7.650518160098205e-01,  1.883249835274607e+00, -6.629666419783871e+01
s294        , -1.362048565302476e+00, -1.788886567340619e+00,  1.921920097357654e-01, -3.388551077267152e+00,  5.624846464115431e+01
s295        ,  1.783462244939523e+00,  1.492275640922172e+00,  4.519880779925589e-02,  1.405048351548513e+00, -6.687167936469656e+01
s296        , -4.444596513339619e-01, -2.202119223008711e-01,  1.097390887185546e-01, -3.248478295624417e+00, -2.861297823174624e+01
s297        , -5.510249411793563e-01, -5.605747038354659e-01,  5.474470624435588e-01, -1.015882984789597e+00,  1.186314647174997e+01
s298        , -8.286362700584804e-01, -6.084824584193059e-01,  1.256438034807303e-01, -1.217295210611739e+00,  1.756416825676253e+01
s299        ,  6.445649183446500e-01,  5.738224215244206e-01,  2.899935995076328e-01,  1.798328935821436e+00, -1.395753167100620e+01
s300        ,  1.263431947632347e+00,  1.243438476725318e+00,  6.675732907356218e-01,  2.383887759765030e+00, -4.914651418198277e+01
s301        , -1.374060773425154e+00, -1.333261039940580e+00, -3.504959794379710e-01, -2.567964838241028e+00,  4.781237281058444e+01
s302        ,  1.535703749464311e+00,  1.536464480261011e+00, -6.405889213359484e-01,  1.576400674252154e+00, -5.835862934467549e+01
s303        , -5.834699387477037e-01, -3.887310873924482e-01,  1.212119403215176e+00, -3.067345150834850e+00, -3.130076853473611e+01
s304        , -1.532084137217445e+00, -1.521625151105074e+00, -1.774011138701241e-01, -1.146972283610870e+00,  7.336409466893754e+01
s305        ,  8.275615567870639e-01,  8.353071926193325e-01, -7.979408578404781e-01,  1.268536321600854e+00, -2.088931319679692e+01
s306        , -7.539381022379023e-01, -6.633740282258671e-01, -9.386376123486920e-02,  1.483662001926517e-01,  4.008106574673509e+01
s307        ,  1.586514123372291e-01,  1.622732674019867e-02,  1.265714461476437e-01,  2.002406561551451e+00,  2.179402519154835e+01
s308        , -5.508401709447740e-02,  1.893658174130151e-01,  1.323652580621144e+00, -3.914056277761892e+00, -7.533675281633876e+01
s309        , -5.766874189299147e-01, -4.454514745000220e-01, -5.240594361300862e-01,  1.185226838147631e+00,  4.609382125466149e+01
s310        ,  6.374709732867283e-01,  5.611364284071916e-01,  3.328656661252472e-02,  2.001864635192975e+00, -7.443529815877730e+00
s311        ,  4.080149769921139e-02, -1.610676666261527e-01, -1.097687189708462e+00, -6.591158620208785e-01,  1.522854042758788e+01
s312        ,  9.731382012764279e-01,  9.510591202562870e-01, -7.784750170273221e-01,  1.284862136218608e+00, -2.740991865093319e+01
s313        ,  1.429932001970077e-01,  3.213529271162957e-01,  5.952976968661143e-01,  8.622866156232297e-01, -1.519413439141578e+01
s314        ,  1.930683047603774e-01,  3.447391896792725e-01, -1.111183051097749e-01,  8.262364488856082e-01, -7.772637347636072e+00
s315        ,  5.348221101378693e-01,  3.433817045967246e-01, -4.874171258718218e-02,  3.885930948896391e-01, -1.382653614598846e+01
s316        , -1.241701629755850e+00, -1.000622891961361e+00,  1.849729324027272e-02, -2.415619033050930e+00,  2.629361235443105e+01
s317        ,  1.919675275186283e+00,  2.044434746396920e+00,  3.616209557599126e-02,  2.897825269935257e+00, -7.945340984466038e+01
s318        , -4.758666133750817e-02,  6.902675986252554e-02,  5.412328122898764e-01,  5.646755149985787e-01, -4.014386697550973e+00
s319        ,  1.127723396934456e-01,  2.175749605069620e-01,  2.287638846797684e-01, -6.339008977261376e-01, -2.282944000285582e+01
s320        , -2.749916285582357e+00, -2.808329673705751e+00,  1.061861784810469e+00, -2.743542595369200e+00,  1.097564574336021e+02
s321        ,  1.503561162462575e+00,  1.382404137300798e+00, -2.993579188999625e-01,  2.578321821619154e+00, -4.199955188987111e+01
s322        ,  3.544546857579591e-02, -2.109274012709154e-01,  3.233740566883435e-01, -3.884328181119456e-01,  2.865369934366519e+00
s323        , -8.304133648084051e-01, -6.957406758461145e-01,  8.103529245314904e-02, -7.069966742041873e-01,  2.922129596292999e+01
s324        ,  7.189309498557251e-01,  6.460745323489018e-01, -4.470128735283271e-01,  1.573313001840865e+00, -1.116622275865537e+01
s325        , -7.647497330279208e-02,  2.240166865773800e-01,  5.982212319797786e-03,  1.064925901836010e+00,  3.537856806188773e-01
s326        , -2.795970934311181e-01, -1.788208738607927e-01,  8.395138062200798e-01, -2.553901858016181e+00, -3.195076925924803e+01
s327        ,  9.507662038906267e-01,  6.594484030900991e-01, -1.415685073255649e-01,  2.272803130091755e+00, -7.373121141743761e+00
s328        , -4.226431741816794e-01, -4.198234472115891e-01, -7.952433020890837e-02, -2.193197409684202e+00, -2.176967719238278e+00
s329        , -6.340756771310201e-01, -4.510963918453723e-01,  9.915466255403378e-01, -1.813364971608290e+00, -9.710218045245066e+00
s330        , -4.983104214676741e-01, -9.131527824588985e-01,  9.974754081675212e-01, -2.167945430624062e+00,  1.171510413727630e+01
s331        ,  4.313976606624865e-01,  2.058910061112406e-01,  1.342431551647082e-01,  6.650920574386012e-01, -5.158606712728686e+00
s332        ,  2.872576810614043e-01,  3.581246616361083e-01, -1.025874922644611e+00,  5.211752254228292e-01, -3.594055743716960e-01
s333        , -1.428207646760553e+00, -1.506662489271794e+00, -4.818162411429310e-01, -3.135778791200981e+00,  5.230061406119788e+01
s334        ,  1.090736693025978e+00,  1.230660929524039e+00, -4.166075789314303e-01,  2.483856050890671e+00, -3.314941250522753e+01
s335        ,  8.689786106388561e-01,  8.075609057628759e-01, -4.317869633051936e-01,  1.070132900083514e+00, -2.650231700157850e+01
s336        , -6.909278893094605e-01, -3.136577936224662e-01, -6.323245117681093e-01,  2.949413393346487e-01,  2.931291721386714e+01
s337        ,  1.253402841738086e+00,  1.949142574110378e+00,  1.919930363503594e-01,  7.455256212263548e-01, -1.023170576400495e+02
s338        , -5.188757165053888e-01, -4.735782747667537e-01, -1.740178825183649e-01, -6.541545827773039e-01,  2.076205208679184e+01
s339        ,  1.328885826036196e+00,  9.536109906697610e-01, -7.459957946694518e-02,  2.571518484621718e+00, -2.104407918494012e+01
s340        ,  5.747319815580367e-01,  5.091097770617863e-01, -2.248171239912553e-01,  3.758837979459662e-01, -2.095475796667676e+01
s341        , -1.829453856971746e+00, -1.701113199262756e+00, -6.244886179170890e-01, -2.125685781780836e+00,  7.729442327224558e+01
s342        ,  6.006312482055266e-01,  4.572289367180190e-01, -3.050240451726755e-01,  1.501909066675907e+00, -3.326791858054363e+00
s343        ,  3.874115618757035e-01,  4.413271553109964e-01,  6.220087801578007e-01, -3.705912675091716e-01, -3.723098864933834e+01
s344        , -7.953203262348685e-01, -7.487833073088214e-01, -9.615409012570872e-01, -1.004033847156424e+00,  4.210163348382798e+01
s345        ,  6.299310808043834e-01,  7.769838025619091e-01,  1.382309083109723e-01,  1.185865548421327e+00, -3.078355195506645e+01
s346        , -1.002600077568548e+00, -8.878861266516673e-01,  2.060850207663809e-01, -2.483128554614520e+00,  1.674078129879167e+01
s347        ,  1.953430134440088e+00,  1.699278317256964e+00, -4.121712189233270e-01,  1.854295833127650e+00, -6.703979162375784e+01
s348        , -2.116724435810483e-01, -2.293377144280724e-01,  2.606653832331016e-01,  1.811032937939133e-01,  1.163130564584117e+01
s349        ,  5.157492200743797e-01,  4.924461860095231e-01,  4.042833810092559e-01,  1.920254120764879e+00, -9.412204037646214e+00
s350        , -1.510374771276913e-01,  1.247165959460724e-01, -1.323273235596741e+00,  5.953727631510901e-01,  1.744091201723759e+01
s351        , -7.759769648741240e-01, -8.498670226498355e-01, -3.570725123278161e-01, -1.466939920788285e+00,  3.427782572227934e+01
s352        , -3.539192931352820e-01, -2.476272122130895e-01, -4.331673141279331e-01,  1.412885289316192e+00,  3.663056697258641e+01
s353        ,  5.069167448439574e-01,  2.341261354040240e-01, -1.330081546089234e+00, -6.189420803374213e-01, -3.345140153806314e+00
s354        , -1.828973197137163e-01, -4.690098820927708e-01,  5.386137079601152e-01, -3.105590004700389e+00, -1.854172672794667e+01
s355        ,  1.624801336388416e+00,  1.362234235925285e+00, -7.043842889102880e-02,  1.342274629282742e+00, -5.886956080383621e+01
s356        , -5.658130117516301e-01, -3.714986792128073e-01, -7.008566400426064e-02, -1.216681824547512e+00,  6.872225577597296e+00
s357        ,  5.765045328570928e-01,  3.046372790835811e-01,  4.001835659201921e-01,  1.480501301621183e+00, -4.213043160082001e+00
s358        , -7.806919589092669e-02,  1.696096402502158e-01,  2.435058944176705e-01,  6.721374593995553e-01, -4.463853257721230e+00
s359        , -6.122238556537778e-01, -3.056727325895556e-01, -9.515831936283244e-01, -9.704188953603818e-01,  1.762665991551334e+01
s360        ,  7.072470066133247e-01,  7.871044929506985e-01,  2.357612302774650e-01,  1.007563335769868e+00, -3.478205746554501e+01
s361        , -8.533119485587989e-01, -5.860342051530354e-01,  4.253810114905106e-01, -2.661834704389602e+00, -5.140221838349701e+00
s362        , -3.832307428619676e-01, -4.255022869715434e-01,  2.241139697783141e-01,  9.787547804738493e-01,  3.276125260823921e+01
s363        ,  1.136620729810577e+00,  8.369267151348196e-01, -1.242662035338915e+00, -9.586861378696353e-01, -4.228519374386341e+01
s364        ,  1.183780326191236e+00,  1.260187924359189e+00,  3.099093217272122e-01,  2.868677245171948e+00, -3.954778658027809e+01
s365        , -8.620628158872323e-01, -5.437906001269082e-01,  7.343047755092240e-01, -9.273777026622075e-01,  9.576838459759809e+00
s366        , -1.425655087558077e+00, -1.327468389286915e+00,  2.487226736177919e-01, -1.778337542748618e+00,  4.931286087073589e+01
s367        , -1.566451522193896e+00, -1.401407793884003e+00,  3.684464792539455e-01, -2.991286830638401e+00,  3.714437633932798e+01
s368        ,  3.820728130067759e-01,  4.029681039080575e-02, -1.013857402254771e+00, -4.553261765010204e-01,  5.368981756150514e+00
s369        , -1.056326402261627e+00, -1.188705231734991e+00,  3.326704324426029e-01, -1.906104509247506e+00,  3.891832242843770e+01
s370        ,  1.443000454420478e+00,  1.152798450948756e+00, -1.284341352952808e-01,  2.388757860219900e+00, -3.369495658352607e+01
s371        , -5.876015246379517e-01, -3.554740238227344e-01,  2.141679769112617e-01,  4.028341536224455e-01,  2.197680324135711e+01
s372        , -1.098974443479297e+00, -5.810881992424868e-01, -6.525409722731891e-01, -8.757522613577239e-01,  3.028334238952629e+01
s373        ,  2.115861634781081e+00,  2.099023575605654e+00, -3.328062964980372e-01,  3.022457257434653e+00, -7.620027416294671e+01
s374        ,  8.889609764508162e-01,  6.834097014854611e-01, -5.509754321294014e-02,  8.152863491825235e-02, -3.647269373318680e+01
s375        , -3.861821693859098e-01, -3.596143500720604e-01,  2.754054149587459e-01,  8.844913580920382e-01,  2.726893050992170e+01
s376        , -1.647182127127575e+00, -1.932255944315046e+00, -4.446678597882899e-01, -2.789603740934924e+00,  7.980280106999743e+01
s377        , -9.921142122504716e-01, -1.368589435316862e+00,  6.540466644563389e-01, -3.053230521193381e+00,  3.085207958625811e+01
s378        , -4.827505529619482e-01, -6.822121862146973e-01, -1.594587366298539e+00, -1.745490342990681e+00,  3.758307918498016e+01
s379        ,  7.391578818969189e-01,  8.200970501691101e-01,  5.062814301892051e-01,  1.636624344008390e+00, -3.248798577239128e+01
s380        ,  9.482091524808841e-01,  7.809697063634292e-01, -4.486462665931091e-01,  1.128758788664611e-01, -3.643524737607764e+01
s381        , -2.602453229516086e-01, -1.197192243021870e-01, -1.509852228659133e-01, -3.021428008834414e-01,  4.974163778777708e+00
s382        ,  1.104663472507788e+00,  1.084776907701906e+00, -1.097634063103127e-01,  2.272571978266011e+00, -3.154964372847461e+01
s383        , -2.293659969566494e-01, -4.501237477925751e-01,  1.740822301419898e-01,  2.763001521377285e-01,  2.624630704238081e+01
s384        ,  1.124093149995714e+00,  7.873873185030352e-01, -1.324868224968778e+00, -6.400202040015696e-01, -3.457702133377458e+01
s385        , -1.028301590354242e+00, -8.631228271745843e-01, -1.221985711112852e-01, -1.177310589294396e+00,  3.549168791858658e+01
s386        , -8.502764349509152e-01, -6.697994791720930e-01, -3.667504313854968e-01, -5.568109218556110e-01,  3.540819586069266e+01
s387        ,  1.129785972964034e+00,  1.273504219299596e+00,  2.720927294119475e-01,  2.546512446499617e+00, -4.371750954396936e+01
s388        , -1.726546649489343e+00, -1.836456475449349e+00, -7.329279773943351e-01, -2.615434460049617e+00,  8.030867187689614e+01
s389        , -6.831952605802530e-01, -7.844670286088778e-01, -1.807364430976883e-01, -1.854648995378151e+00,  2.362285439166004e+01
s390        , -3.734364635864852e-02,  2.527996690617298e-01, -4.619405419722822e-02,  1.166770363543287e+00,  6.609499200425186e-01
s391        ,  4.779948697936299e-01,  7.731219981131138e-01, -6.010913921549730e-01,  1.699607616617954e+00, -1.472912626949329e+01
s392        ,  3.310220817152515e-01,  1.992427081252340e-01, -7.122228087124637e-01, -5.172767108841603e-02, -2.517982456762089e+00
s393        ,  5.553356616642980e-02,  1.030252671689379e-01,  4.660432169207618e-02,  1.621516372176568e+00,  1.335225995589893e+01
s394        ,  4.365379722541595e-01,  2.532056153450780e-01, -2.536697696216503e-01,  1.768201413522494e-01, -8.704246650689793e+00
s395        , -8.983021968784184e-01, -7.232091072563971e-01,  1.245739919781482e+00, -4.007230052445571e+00, -2.447739086080005e+01
s396        ,  1.678248791678738e-01,  3.390124149271785e-01,  1.215572415214643e+00, -1.999874336995673e+00, -5.902397589323435e+01
s397        ,  8.185692451143642e-01,  7.809881806817263e-01, -3.919769258380171e-01,  1.519608394928970e+00, -2.007019399072832e+01
s398        , -3.699760772173830e-01, -3.199814365667694e-01, -2.294369370934436e-01, -1.196583932974001e+00,  6.306227591391129e+00
s399        ,  1.905475331815307e+00,  1.902404111710874e+00, -3.501687333348630e-01,  2.363571345517162e+00, -7.300078294913534e+01
s400        ,  1.858354115946673e+00,  1.823455462104985e+00, -5.809453408684112e-01,  2.654314601791478e+00, -6.206130856978338e+01
s401        ,  1.882929356651747e+00,  1.775333599703939e+00, -1.025288686503093e-01,  2.420225599483109e+00, -6.842653575522932e+01
s402        ,  7.251022959905945e-01,  6.171516888873442e-01, -5.977300430680577e-02,  4.762681260679477e-01, -2.791173482451333e+01
s403        , -4.598852698083180e-01, -2.943135359696625e-01, -3.609336702720486e-02, -6.617791871169143e-01,  8.865053890623637e+00
s404        , -7.654208212581715e-01, -6.909676973696174e-01, -7.452177509467314e-01, -1.676436729832900e+00,  2.789053055693683e+01
s405        , -1.008550952239817e+00, -8.327216060355912e-01, -3.631849143596089e-02, -1.256306816936571e+00,  3.171862437352488e+01
s406        ,  6.851436048144010e-01,  7.892860134757076e-01,  1.038830496935212e-01,  1.281048087588403e+00, -2.986801135241327e+01
s407        ,  1.179473302867332e+00,  1.108433155706078e+00,  2.886842037239941e-01,  3.450136983826737e+00, -2.372587333227737e+01
s408        ,  1.889092138737942e+00,  1.847835918442232e+00, -4.869326899229077e-01,  2.635956114198618e+00, -6.486638440755098e+01
s409        ,  1.749725590072469e-01,  4.942303943735801e-02,  3.576895618738665e-01,  1.684529725484822e+00,  1.307625360045875e+01
s410        ,  1.998254738056868e+00,  1.713554158586935e+00, -2.288253050957623e-01,  1.423023880008455e+00, -7.545925106143071e+01
s411        ,  9.892338833250636e-01,  8.789619542816955e-01, -5.508825673765625e-01,  9.711846193634618e-01, -3.014869465998573e+01
s412        , -1.223391619754290e+00, -1.309947288730803e+00, -5.350809814458599e-01, -7.030705228409341e-01,  7.157626794273394e+01
s413        ,  5.743625596418537e-01,  2.532934833274378e-01, -3.132829334068430e-01,  4.847671078651065e-01, -4.191974933290361e+00
s414        ,  1.092248078316437e-01, -4.212479755050806e-02, -7.829467089337857e-01, -1.358070972298217e+00, -3.997265794358250e+00
s415        , -2.685700492164793e-01, -1.876875146577182e-01,  6.543096157443344e-01,  9.778717108488293e-01,  1.388288963405454e+01
s416        ,  1.462987518702352e+00,  1.330291984362146e+00, -3.905044086710222e-01,  2.497027955028576e+00, -3.889388920478901e+01
s417        ,  1.569882344576942e+00,  1.806113749490832e+00, -1.544467257380275e-01,  3.341903592091676e+00, -5.826771923961605e+01
s418        ,  1.876220335020836e-02,  3.021810210883464e-01, -1.596731411682591e-01,  1.311714763847326e+00,  1.136788666725673e+00
s419        ,  1.276905221099546e+00,  1.242443972530480e+00, -6.121047534069828e-01,  1.600629100676919e+00, -4.200820472775128e+01
s420        , -1.647237733483662e+00, -1.489965239792865e+00, -8.034815210630160e-01, -2.488403965608793e+00,  6.341167263190005e+01
s421        , -1.445425539908424e-01, -2.150721377487709e-01,  1.109969076530416e+00, -2.389130138908956e+00, -3.143182822043433e+01
s422        ,  5.402460517048289e-01,  6.369415533748811e-01, -4.718135750919561e-02,  1.854775482319828e+00, -1.242240252443628e+01
s423        ,  8.390845889372367e-02, -7.742103684976841e-02,  4.607248620680626e-02,  4.467162096370831e-01,  9.157965359537480e+00
s424        , -9.431170827773597e-01, -9.158161878233767e-01,  7.426743386543319e-01, -3.331289489524059e+00,  1.027536423194783e+00
s425        ,  1.130552771406502e+00,  9.206887315239656e-01,  1.556139092846665e-02,  1.985701481711325e+00, -2.749645186534810e+01
s426        , -8.389925436276273e-01, -3.796779414512751e-01, -5.620626889222590e-01, -1.045245467473277e+00,  1.579702056931977e+01
s427        ,  8.392912737700503e-01,  5.611998052006117e-01, -8.069888763513555e-01,  2.583993265353669e-01, -1.773893646375937e+01
s428        , -9.488637335179150e-01, -1.088914913500259e+00,  1.098835964919473e-01, -3.124664161662989e-01,  5.560792535336656e+01
s429        ,  3.637065073507825e-02, -1.716241463573294e-01,  6.725714011218303e-01, -4.967318726809243e-01, -5.177956960566843e+00
s430        , -9.278822222973141e-01, -8.571016766905146e-01,  1.133483328834064e+00, -2.567552422932416e+00,  1.961053613369018e+00
s431        , -1.858348493139306e-01, -4.850714882503054e-02,  2.107676937979086e-02,  1.009506784656525e+00,  1.470877417005991e+01
s432        , -1.980571102286932e-01,  1.435714090565366e-01,  3.954927112906144e-01, -2.190830786191634e+00, -3.978597697668393e+01
s433        ,  2.907509872393486e-01,  3.399186700917966e-01, -4.148035017861776e-01,  1.653428693644941e+00,  6.493219614225222e+00
s434        , -7.856669273303235e-01, -5.644116376792666e-01, -2.059558032518943e-01, -1.360323181393746e+00,  1.766611135743637e+01
s435        ,  2.522946697305543e-01,  4.701804739703554e-01, -6.202100971771698e-01,  1.856717117137154e+00,  4.352764215157285e+00
s436        ,  9.124956428672120e-01,  9.092022807813545e-01, -4.213177025428672e-03,  3.543040611240021e-01, -4.643079356036733e+01
s437        , -3.499552547842402e-01,  8.601100685272034e-02, -1.282526349061592e-01,  1.697278162537006e+00,  1.749267465743922e+01
s438        , -2.967024119054128e-01, -1.581052990801844e-01, -8.404671245497858e-01, -6.469790173073517e-02,  1.895168033027690e+01
s439        ,  1.398781376080027e+00,  1.562171332244741e+00,  3.560883846481566e-03,  2.895474188214017e+00, -5.211727450978610e+01
s440        , -1.423048475754128e+00, -1.443751471935743e+00,  5.982857014827725e-02, -4.203021240362688e-01,  7.476946299547166e+01
s441        ,  4.627215551435010e-01,  5.144892808272221e-01, -6.130277462269785e-01, -2.639499301269219e-01, -2.399633745223552e+01
s442        , -1.281983082708195e+00, -1.137467074515007e+00, -8.267919804216529e-02, -2.310366132937189e-01,  6.180885842067391e+01
s443        ,  4.064644218525872e-01,  3.055281443099804e-01,  5.377856034862845e-01,  8.156326680620405e-01, -1.413098686209551e+01
s444        ,  1.926435095105153e-02, -1.223724474091397e-01,  3.506150674529729e-01,  6.124049367580238e-02,  3.031370096067977e+00
s445        , -6.163049587306062e-01, -5.551519422021407e-01, -1.522207567146079e-01,  4.869479409512928e-01,  3.890853062124877e+01
s446        ,  1.711464900608388e-01,  1.067653142341886e-01, -2.516212594812753e-01,  5.689144162644322e-01,  4.216698314802596e+00
s447        , -5.502000181018426e-01, -5.346423417297379e-01,  7.963537668653934e-01, -1.500009088597519e+00,  1.299259471338182e+00
s448        ,  1.089535632894734e-01,  3.139924961388559e-01, -9.295226717819505e-01,  1.111873883413213e+00,  8.036829670404844e+00
s449        , -1.011248874107511e+00, -1.058869331082063e+00,  4.184232018178069e-01, -1.043297966213736e+00,  4.104131909410554e+01
s450        , -1.947013588700806e+00, -1.364793227742355e+00,  1.374676417542382e-01, -1.899930755368645e+00,  5.136343845533291e+01
s451        ,  1.238871233763808e+00,  1.068592106449339e+00, -1.022159258758826e-01,  1.301256526265578e+00, -4.255152918223716e+01
s452        , -3.901411635884037e-01, -4.244816854514741e-01,  2.249086815334689e-01,  1.528041028614809e+00,  3.937150448559031e+01
s453        ,  5.429001167419540e-01,  5.084337337187116e-01,  3.718291897054953e-01,  1.708430839629710e+00, -1.245933448599550e+01
s454        ,  1.674074113182614e+00,  1.509670693990736e+00, -1.411715289397557e-01,  3.311950181595305e+00, -4.224329139694815e+01
s455        ,  3.036107540082147e-01,  3.846209477362171e-01,  5.800811960420704e-03,  1.374665965092875e+00, -4.850576275353050e+00
s456        ,  1.697945289202256e+00,  1.509943952027455e+00, -3.230737296936813e-01,  2.458713682174846e+00, -5.027090354110722e+01
s457        ,  1.416859305428101e+00,  1.604442367453164e+00,  7.710990520653860e-02,  2.408351282011264e+00, -6.135496938199616e+01
s458        , -1.404208354895570e-02,  1.570157932696856e-01, -2.765518036669241e-01,  8.011567928300684e-03, -5.085859808265235e+00
s459        ,  6.925018491951431e-01,  3.936925594812299e-01,  3.023307604045394e-01, -3.331398352662521e-01, -2.996654643335498e+01
s460        , -1.114252131965874e+00, -1.072142072812685e+00, -6.151933701716198e-01, -1.523804900598756e+00,  4.935323974343136e+01
s461        ,  2.042381769729374e+00,  2.105461013826101e+00,  1.959092185726110e-01,  2.886492499832901e+00, -8.507324668863887e+01
s462        , -1.531404654443665e+00, -1.311846267554802e+00, -4.429038526781492e-02, -2.614600677087640e+00,  4.207586428997327e+01
s463        , -3.759583777355113e-01, -3.437748384927343e-01,  5.068881806042014e-01,  1.330957918645714e+00,  2.880802636823170e+01
s464        ,  1.991689923540824e+00,  1.848669570244565e+00, -6.440455055290792e-01,  2.417384571708134e+00, -6.553144785999807e+01
s465        ,  9.755969169673073e-02,  4.251078117261767e-02, -3.036058152370783e-01,  9.332262578678651e-01,  1.290969658231239e+01
s466        ,  6.072772838991297e-01,  8.175167766637427e-01,  8.402036916825455e-01,  7.515176222947966e-01, -4.743679967196731e+01
s467        ,  1.216496181986968e+00,  1.095103884788384e+00, -2.293714017624142e-01,  1.531271140272290e+00, -3.958643477433899e+01
s468        ,  3.775595362798933e-01,  6.325432785058517e-01,  8.486925081513625e-01,  8.468599011876611e-01, -3.605432485420247e+01
s469        , -1.307461059058785e+00, -1.161369573337506e+00, -4.915574251415267e-02, -9.821529363862733e-01,  5.357799043469910e+01
s470        , -5.283291461494825e-01, -6.532120208610215e-01,  4.490742313860607e-01, -4.943002314495140e-01,  2.465558709795225e+01
s471        ,  2.377867747615111e-01,  4.284773956220639e-01, -5.665803750790289e-01,  1.205334490760541e+00, -1.932119462676917e+00
s472        ,  1.302569086132945e+00,  1.305722206907349e+00, -3.214363481307195e-01,  2.439366648199007e+00, -3.911847997362917e+01
s473        , -5.693295827287675e-01, -6.162404575308817e-01,  4.895846427870088e-02,  1.296699363302041e-01,  3.536744112821011e+01
s474        ,  1.884221453852586e+00,  1.616256739757837e+00, -1.650347337352777e-01,  1.911212814937472e+00, -6.491661695458836e+01
s475        , -1.446520811585995e+00, -1.566834848505572e+00, -6.183883829422387e-01, -2.657752941162139e+00,  6.324554473848681e+01
s476        , -1.215631750383895e+00, -1.628974899071714e+00,  1.034608513643959e+00, -4.319877290118966e+00,  2.506208046308393e+01
s477        , -8.341578078875426e-01, -5.436674447535050e-01,  6.050807081187769e-01,  1.375128730358383e-01,  2.419242287389253e+01
s478        ,  1.187878793372986e+00,  1.127396629350391e+00,  2.807427508460353e-02,  1.586741618317251e+00, -4.405665998307866e+01
s479        ,  3.365947877874360e-01,  5.722761675801595e-01,  2.868175404895850e-01,  1.240102303531125e+00, -2.061620505495785e+01
s480        , -9.637108529621194e-01, -8.510208113668711e-01, -3.921011734845239e-01, -3.281907514648565e+00,  1.273254959252790e+01
s481        ,  2.085079041846591e+00,  1.518289243579503e+00, -1.279324025127028e+00,  2.067258715692271e-01, -6.570614935335109e+01
s482        , -1.022603717946666e+00, -1.164234802768822e+00,  9.062653613669335e-01, -2.657252817607080e+00,  2.097691195487392e+01
s483        , -1.034187950850505e+00, -1.021456300665918e+00, -4.169158678678194e-01, -3.047219061447448e+00,  2.542900063880838e+01
s484        , -1.995156105028394e+00, -2.288390383652647e+00, -3.763653800839816e-01, -3.654450970953649e+00,  8.829821495760977e+01
s485        ,  6.269503300594436e-01,  2.699894143374599e-01, -9.819885985737458e-01, -7.735880117481964e-02, -3.281452771876394e+00
s486        , -1.429365852931641e+00, -1.349749532045055e+00, -1.040822713228447e+00, -1.836075911339012e+00,  6.658841320969425e+01
s487        ,  4.249609108300679e-01,  1.475082552222592e-01,  7.316695143946459e-01, -1.298451037035858e+00, -3.351952290685507e+01
s488        , -2.798574335396176e-01, -6.675419764994783e-02,  5.062219675769697e-03,  1.028477025562845e+00,  1.616656507893584e+01
s489        , -5.336235067101003e-01, -4.652831600648346e-01,  1.407841346897731e-01,  1.527420501049978e+00,  4.273491260507831e+01
s490        , -1.648273604531437e+00, -1.224270103188274e+00, -1.116130388394309e+00, -1.965536319177434e+00,  5.898183244142520e+01
s491        ,  7.228333429987273e-01,  8.348067016829526e-01,  1.227084876338238e-01,  2.238405211976251e+00, -2.101687377192691e+01
s492        , -9.260692223596583e-01, -9.265753174148136e-01,  3.818836083533372e-02, -4.432993494337844e-01,  4.587858821561240e+01
s493        , -5.201114240395055e-01, -1.917953591805764e-01,  8.508659434001168e-01, -2.401511429519628e+00, -2.952066543587341e+01
s494        ,  1.832055246002863e-02, -1.218024512163003e-01,  3.667453037174877e-01,  1.976433725803486e+00,  2.607290588266652e+01
s495        ,  2.383820600840625e-01,  4.859829385509170e-01, -2.471843182270406e-01,  2.077888078392146e+00,  1.318432303308549e+00
s496        , -7.978377098794708e-01, -3.969427856222251e-01, -9.106835792663237e-01, -2.135359287668126e+00,  8.032787370591997e+00
s497        ,  4.550356427377596e-01,  5.547434439970791e-01, -1.194840311833213e-01,  1.167265370525437e+00, -1.525016433987721e+01
s498        , -6.680642327437073e-01, -8.811737228797595e-01,  6.097136954090695e-01, -2.351359795895895e+00,  1.273032571276104e+01
s499        ,  8.575607855949897e-01,  8.964903423958283e-01,  3.532840893698723e-01,  1.935786809569418e+00, -3.113359264535502e+01
s500        , -1.692527892902983e-01, -1.488928234072166e-01,  2.170600199637425e-01,  2.305382182992908e-01,  8.304025004824116e+00
s501        , -6.422509788397670e-01, -6.136597970170823e-01,  4.075713877793661e-01, -5.884703311552474e-01,  2.183971585797716e+01
s502        ,  1.243213320474068e+00,  1.364993963715373e+00,  1.790004293612122e-01,  1.438789376259891e+00, -6.108705891749551e+01
s503        , -1.279877945312270e+00, -1.195876585761657e+00, -2.241320272760641e-01, -1.911475671974675e+00,  4.647854564355970e+01
s504        ,  1.209352307302353e-01,  1.188844371422538e-01,  7.201788146818533e-02,  1.488265691151199e+00,  1.051662164332851e+01
s505        , -1.237963369094699e+00, -1.063142135910430e+00, -2.282115832769860e-01, -1.725647182705463e+00,  4.137534272124402e+01
s506        , -1.696383544323350e-01, -4.618623468341329e-02,  3.416003062862096e-01,  1.242612810793130e+00,  1.325393533575236e+01
s507        , -1.230468344629726e+00, -9.172721124795645e-01,  8.091141052235240e-01, -9.575035998614665e-01,  2.910448326590168e+01
s508        , -2.371439343057282e-01, -2.271187185348800e-01, -1.188455046030799e+00, -6.313736852551615e-01,  2.043352077458655e+01
s509        , -1.639492376941975e-01, -2.385773812376651e-01,  4.384661757857963e-01,  3.121256815564417e-01,  1.143321114787426e+01
s510        ,  6.798876031058373e-01,  5.127147591571729e-01,  6.820892142940930e-01, -3.870320870262013e-01, -4.219851712034514e+01
s511        , -1.306302408071936e+00, -1.714819811236716e+00,  8.735846009961264e-01, -2.665437325298193e+00,  5.205995625145437e+01
s512        , -1.810398909331260e-01, -3.783674895126250e-01,  3.101780770026552e-01,  1.057246196972989e+00,  2.996552885148730e+01
s513        ,  7.546842351810933e-01,  9.144845294371755e-01, -5.147753431767219e-01,  1.732817759332801e+00, -2.334263773673798e+01
s514        , -1.659299996003214e+00, -1.664774158991168e+00, -3.659938345982308e-01, -2.379891075092159e+00,  6.881986261618847e+01
s515        , -2.345220738579200e-01, -4.467525462781602e-01,  1.185983313615024e-01,  2.140009130774494e+00,  4.943471004328642e+01
s516        , -1.737647836542105e+00, -1.719967670823102e+00,  2.993632904133510e-01, -2.257034399886670e+00,  6.476333965044185e+01
s517        , -1.327112675511377e+00, -1.121895023188955e+00, -2.732478996157317e-01, -1.371294260271015e+00,  4.954976396337688e+01
s518        , -4.005723114576410e-01, -7.797922316737398e-01, -2.670377686078906e-02,  9.012960597740614e-01,  5.486657452516052e+01
s519        , -7.627096815238132e-01, -7.456626013354785e-01,  1.167977808978453e+00, -3.104643485993166e+00, -1.124141591804777e+01
s520        ,  5.205308045053684e-01,  1.441360918314009e-01,  5.866374863192924e-01, -1.018723848421504e+00, -2.804865130806576e+01
s521        , -1.565970964052308e-01,  6.404437540890179e-02,  9.683463689971259e-01,  2.947458004688914e-01, -1.255962435060163e+01
s522        ,  9.369677526584559e-01,  8.564065135708707e-01, -1.234141597815242e+00,  6.123577387820175e-01, -2.438507901771069e+01
s523        , -1.137675297963781e+00, -1.075742959177863e+00,  6.127272881092649e-02, -8.440945222151994e-01,  4.903991914492613e+01
s524        , -1.043872792855045e+00, -1.288559369206623e+00,  1.098150053878143e+00, -4.373715841579104e+00,  4.565731763700311e+00
s525        , -4.052687326822306e-01, -3.946152305572760e-01,  5.128906573220855e-01,  1.058616892090307e+00,  2.825954006265112e+01
s526        , -9.078531683408999e-01, -8.302578258951674e-01, -2.465295697632840e-01, -1.833786975911617e+00,  2.728828854549134e+01
s527        , -2.354883271970434e-01, -5.596344254939397e-01,  7.456050052123655e-01, -2.749957174994529e+00, -1.184146252256519e+01
s528        ,  1.249426787716260e+00,  1.043099202980262e+00,  2.409312922102027e-01,  2.150026346651730e+00, -3.526158358386954e+01
s529        , -1.079712692195388e+00, -1.275874892227117e+00, -1.944161015727142e-01, -3.036848115673167e+00,  3.688111266451624e+01
s530        , -1.464169262892369e+00, -9.304001319558872e-01, -1.517814294666422e+00, -8.226403545835324e-01,  6.167087171230092e+01
s531        ,  8.870341112159444e-01,  1.070687017290858e+00,  5.458319737162607e-01,  1.386066945242834e+00, -5.004639853949241e+01
s532        ,  8.189742158633641e-01,  5.585569538589450e-01, -5.351328919016574e-03,  2.083918901500139e+00, -5.800554396062234e+00
s533        , -6.018468317011504e-01, -1.050061818088862e+00,  4.554400264324637e-01, -1.645481968805020e+00,  3.274831914188638e+01
s534        , -1.393564173594942e+00, -1.542665716934024e+00, -6.365161818565700e-01, -3.086621315329392e+00,  5.691687418211769e+01
s535        ,  1.247772269364924e+00,  1.098076214313000e+00, -1.492520839396234e-01,  1.507927292391324e+00, -4.107587417648612e+01
s536        ,  1.175565678381589e-01, -1.070098743654320e-02,  4.291550583817682e-01,  5.391461988071491e-01,  1.583541536324856e+00
s537        ,  1.371458952168796e-02, -2.340822901932074e-01,  2.813016202438396e-01, -9.345142888129340e-01, -1.933781226680945e+00
s538        ,  1.438921434076982e+00,  1.246061520491564e+00, -4.069835080639345e-01,  1.041331061899255e+00, -5.167117871295869e+01
s539        ,  4.815773172227232e-01,  1.433751066478222e-01,  1.528391894371262e-02,  1.552120166823513e+00,  1.066087776783601e+01
s540        , -7.238055425047152e-01, -8.142205019264346e-01,  1.091223335890751e+00, -2.732603445839326e+00, -1.892652644579756e+00
s541        ,  2.233900132878818e+00,  2.018422745182469e+00, -5.132851650673413e-01,  1.730870195770225e+00, -8.505726941087475e+01
s542        ,  4.148904574828530e-02, -1.339659552322865e-01, -3.547501756204210e-01, -2.445238470881528e-01,  9.114511721647961e+00
s543        ,  7.192492690821944e-01,  5.284847637838546e-01, -4.331872806596700e-01, -1.475007404541942e+00, -4.183436946503095e+01
s544        , -1.195051331046210e+00, -1.087351914652440e+00,  8.995889131825422e-01, -2.794348485160493e+00,  1.510182435192341e+01
s545        ,  1.551116853180877e-01,  2.618916076059675e-01,  3.074304115589843e-03,  7.840769941397999e-02, -1.371730306466328e+01
s546        , -5.623355357397409e-01, -2.587610856475147e-01,  7.056051610397251e-02,  5.986756429422300e-01,  2.081814162241212e+01
s547        ,  1.448160679819764e+00,  1.280581580235050e+00,  2.353380682751500e-01,  1.905781396209083e+00, -5.142522903386956e+01
s548        ,  3.848360583786407e-01,  3.401687662283613e-01, -3.101014183229692e-01,  3.335939091728133e-01, -1.092434062219799e+01
s549        , -1.115216456955655e+00, -1.472403305082852e+00,  1.671313594363460e-01, -3.209316451309035e+00,  4.107219935083647e+01
s550        , -2.045366715571642e+00, -2.009577540798591e+00, -2.051430967109535e-01, -2.690653357652350e+00,  8.221730594165579e+01
s551        ,  1.482005267115409e+00,  1.398741743936975e+00, -3.307955303542933e-01,  1.851626951400416e+00, -5.133863586476249e+01
s552        , -2.227828855322892e-01, -5.181783585873220e-01,  3.280115320309923e-01, -9.200881913899770e-01,  1.350655689802716e+01
s553        ,  1.297454412958832e-01,  1.506270290759710e-01,  2.213128873281487e-01,  7.023031645999800e-01, -2.748699030238823e+00
s554        ,  1.061901762942694e+00,  1.190181174609925e+00, -1.356405954091005e-01,  1.967495038034047e+00, -4.081105819281137e+01
s555        , -4.386884091748981e-01,  3.928774766997056e-02,  6.774931535095110e-01, -1.656848473587070e+00, -3.112777507977120e+01
s556        ,  3.941867714817063e-01,  4.340752903899837e-01,  1.156508422479071e-01, -3.390136162604147e-01, -2.987163924154202e+01
s557        , -8.951391675309346e-01, -6.400867269266439e-01, -2.002038164281248e-01, -2.278846334697588e+00,  1.065274160180056e+01
s558        ,  5.626259017835469e-01,  7.323310628484303e-01, -8.894105622906279e-02,  1.632112316870471e+00, -1.991636488885828e+01
s559        , -2.646400996406346e-02, -7.788204518076899e-02, -8.545373410750019e-01, -6.705622582190183e-01,  7.287180545454802e+00
s560        , -4.614794874684225e-01, -5.598205108325294e-01,  1.460001410079934e-01,  1.635831501549960e+00,  4.926650413153705e+01
s561        , -5.368862422565327e-01, -4.829450394734635e-01,  9.328304261280096e-01, -2.762115806761355e+00, -1.870291055063516e+01
s562        ,  1.314110066282131e+00,  1.169318525966449e+00, -2.573862806375782e-01,  2.496418527335988e+00, -3.163579784771279e+01
s563        ,  1.921771526510788e+00,  1.525039000332080e+00, -1.827453808666961e+00, -4.112018818838571e-01, -6.648291091124551e+01
s564        ,  8.001607223901942e-01,  8.931856536644045e-01,  4.573365408039354e-01,  1.897331640789811e+00, -3.276662026617733e+01
s565        , -5.562845031577306e-02,  4.205144528839594e-02, -3.552514674131017e-01,  1.580617894781269e+00,  2.147572532884926e+01
s566        ,  1.020041341313152e+00,  1.151752878675933e+00, -4.599706720117871e-01,  2.085341819691609e+00, -3.302321060499492e+01
s567        , -2.539691194509933e-01, -3.769551091959216e-01,  1.132713449663018e-01,  6.555136916296544e-02,  2.038575911022424e+01
s568        , -2.316202851259171e-01, -1.185879011566652e-01, -5.247227700590521e-01,  7.577611652298220e-01,  2.264553435398571e+01
s569        , -2.442891053411890e-01, -2.344317101639447e-01, -5.404333664095357e-01,  2.038348762745755e-01,  2.258702807693628e+01
s570        , -7.106433958989193e-02, -5.940425919428566e-02,  2.733400158365982e-01,  1.450307227294112e+00,  1.740299117548350e+01
s571        , -1.517261224362497e-01, -1.237875191401033e-01,  2.918093194390423e-01,  1.491107740619865e+00,  2.125612159662345e+01
s572        , -1.943188611921064e+00, -1.456158623042664e+00, -1.582525241108936e+00, -1.631694346850052e+00,  8.204655902755589e+01
s573        ,  4.755730333935128e-01,  3.573006364181823e-01,  2.904030962258233e-01,  6.643668149005745e-01, -1.565221916669825e+01
s574        , -3.521357752458716e-01, -3.676429060426235e-01, -1.768578293385380e+00, -1.462233881589046e+00,  2.571078628513483e+01
s575        , -2.101634380935241e-02, -4.283411482220798e-01,  6.287316920388942e-01, -2.409538731625120e-01,  1.284186402095793e+01
s576        ,  8.972128211862684e-01,  7.885901534711671e-01, -9.590954075293701e-02,  5.070808437543777e-01, -3.664568072617431e+01
s577        ,  3.519332247195900e-01,  4.065286893210440e-01,  3.941580169074436e-01,  1.816733747325355e-01, -2.561666237896863e+01
s578        , -4.676730825695681e-01, -4.878949068500934e-01,  4.548440704872637e-01,  3.808780964516509e-01,  2.598465689547944e+01
s579        , -5.850412346637100e-02, -3.488301665908966e-03, -5.933793708503154e-01,  1.133810366322657e+00,  2.167791620482809e+01
s580        , -9.183798967000043e-01, -1.018787729199480e+00, -2.669717152523341e-01, -2.046956996815503e+00,  3.549430949539244e+01
s581        ,  9.240377559230070e-02,  9.112429643185749e-02, -3.339173736244678e-01,  9.118781991350318e-01,  1.032768604732267e+01
s582        , -1.742244634920983e+00, -1.677907298151172e+00,  5.681559724010306e-01, -2.743092055223103e+00,  5.301694407198429e+01
s583        ,  7.055292745925379e-01,  5.326573120368573e-01,  1.436765140604723e-02,  1.974893030401875e+00, -5.934944535234827e+00
s584        , -3.175359681654383e-01, -7.732763442836765e-02,  1.046913257650761e-02,  5.971628647940130e-01,  1.144367966912679e+01
s585        , -1.018136882779183e+00, -9.569784885489523e-01, -5.031053527142419e-01, -2.769257632950450e+00,  2.632443841648773e+01
s586        ,  1.796431915125592e+00,  1.764240929146836e+00, -3.993954423137563e-01,  1.745306238486749e+00, -7.215967689714827e+01
s587        ,  1.528101545573583e+00,  1.715817670597798e+00,  5.910802319538000e-02,  3.039659105284980e+00, -5.966867301373041e+01
s588        , -1.493251816790637e+00, -1.595108509232116e+00,  7.948348167658932e-01, -3.347513584249691e+00,  3.810221894988513e+01
s589        , -1.919234877209601e-01, -1.867864262646534e-01, -7.490863177267908e-01,  8.918955369105175e-01,  3.099737046480151e+01
s590        , -1.474690448373283e+00, -1.653787201204558e+00, -2.548341350796579e-02, -2.419276479018012e+00,  6.330891882271386e+01
s591        , -7.075916964107042e-02, -1.155238227891672e-01,  1.506801038821406e-01,  1.547002818941825e+00,  2.330522404740142e+01
s592        ,  1.771261470718517e+00,  1.940406897618373e+00,  3.354619924160207e-01,  3.261036799490242e+00, -7.311000261252154e+01
s593        ,  9.576275984893917e-01,  6.121817879462290e-01,  9.243286106052913e-01, -5.818508546613815e-01, -5.326685255795923e+01
s594        ,  1.644504072992790e+00,  1.726506514771364e+00, -4.432210385729891e-01,  2.144651971520309e+00, -6.462819470243952e+01
s595        , -5.357649623549657e-01, -2.417118981018477e-01, -1.022011025591689e-01, -3.100625094615326e+00, -2.286438529963060e+01
s596        ,  6.346409254556347e-01,  7.606305390125190e-01, -1.017927518558751e-01,  6.756070096055939e-01, -3.295863135133450e+01
s597        , -1.925166625783171e+00, -2.210108761096989e+00,  8.291967288264036e-01, -3.292559369794869e+00,  7.268146970376050e+01
s598        ,  4.877766835626365e-01,  3.880365031062966e-01,  4.842216402517203e-01, -5.572477011451549e-01, -3.473516965266123e+01
s599        , -1.762506312086289e+00, -1.418134207637055e+00, -7.773547865217245e-01, -2.282766267087185e+00,  6.155971526933423e+01
s600        ,  3.925159363258416e-01,  4.110391558429097e-02,  4.974623306686223e-01,  1.713509801010431e+00,  1.207966129147352e+01
s601        , -2.895039831412950e-01, -2.307430617724300e-01,  5.340803412494213e-01,  6.630169994235049e-01,  1.402061346233626e+01
s602        ,  1.015619978504493e+00,  1.116607092060448e+00,  6.457232327078537e-01,  1.163520232758613e+00, -5.661334790764888e+01
s603        ,  1.530534275818686e+00,  1.519054246903320e+00, -3.413811438393691e-01,  2.085488488246857e+00, -5.507953533150908e+01
s604        ,  1.102137725135546e+00,  1.091851121957063e+00,  5.915961681508211e-01,  1.130847983334835e+00, -5.492520862220452e+01
s605        , -2.082111847210221e-02, -1.116702595386825e-01,  4.656576654241436e-01, -6.068086463306377e-01, -7.180624917024124e+00
s606        ,  9.842778583139866e-01,  7.015493888048973e-01, -1.050767310356848e+00, -1.147857528616638e+00, -3.951201507407082e+01
s607        , -1.138623824161354e+00, -1.240769935521424e+00,  6.454593284395334e-01, -2.310041822455715e+00,  3.285767594792460e+01
s608        , -4.177570888255018e-01, -5.448712022830645e-01,  2.290307381030176e-01, -1.423791102903151e-01,  2.573657597580342e+01
s609        ,  3.685164501033219e-01,  4.070048662475310e-01, -6.340663304790345e-01,  1.162946015640913e+00, -3.721877258805647e-01
s610        , -2.659779361808961e-01, -4.881397790690998e-02,  2.790755544124537e-01,  2.513190035283044e-01,  2.161044929671796e+00
s611        , -7.893175620146011e-01, -6.396433481092186e-01,  6.314799381169722e-01, -1.509605197843526e+00,  9.187843187393701e+00
s612        ,  4.551812262842944e-01,  5.375971753610490e-01, -8.469587900612463e-02,  1.991644234451699e-01, -2.651272539786914e+01
s613        , -1.906510824785770e+00, -2.081067880741806e+00, -1.980189762230382e-01, -3.773264855678893e+00,  7.295755618422949e+01
s614        ,  4.363873919671318e-01,  4.894356496695543e-01, -6.176347921205865e-01,  4.996325701009174e-01, -1.325419124925993e+01
s615        ,  2.289607222323559e-01,  2.293441434644597e-01,  1.620089878687863e-01,  8.461523107014908e-01, -4.627980369738576e+00
s616        ,  1.051114336732525e+00,  1.132080615826914e+00,  3.212992209403731e-02,  2.361840068920347e+00, -3.494821566201323e+01
s617        ,  9.612491509961185e-01,  8.645538844256572e-01,  7.403890489683669e-01,  9.215812889631640e-01, -4.670193429069317e+01
s618        ,  1.641704627639855e+00,  1.559006461165080e+00, -4.248257950952832e-01,  3.060674712179871e+00, -4.437354499654289e+01
s619        , -1.622899727833569e+00, -1.788127673929720e+00,  8.131742596864038e-01, -4.311823504217614e+00,  3.692433498907927e+01
s620        , -1.432198008011447e+00, -1.564355535997513e+00, -1.677964991160512e-01, -2.203565258543222e+00,  6.278178380394581e+01
s621        , -5.169781910985175e-01, -5.876883347097164e-01, -3.607009714162224e-02,  7.923262603582251e-01,  4.293147801384342e+01
s622        ,  7.834349958828789e-02,  4.469855187986601e-01,  2.606655119447687e-01, -7.478150423045622e-01, -3.744426418989224e+01
s623        ,  1.505481327993915e-01,  3.927637599078559e-01, -5.000521148510702e-01,  1.525559394852444e+00,  3.092696780501077e+00
s624        , -1.795745482905790e+00, -1.488223763395257e+00, -1.516811235670488e-01, -1.688752679066000e+00,  6.457805596509519e+01
s625        , -6.540205211871799e-01, -5.870261113761175e-01,  8.669903838197816e-01, -3.212765914291185e+00, -1.751256858591467e+01
s626        , -9.921730176745909e-02, -7.292892832174602e-03,  6.963446382331440e-02,  1.193953802832684e+00,  1.401855759570427e+01
s627        ,  1.003457009680013e-01,  2.329568561416109e-02, -3.513320289035250e-01,  8.306672202823264e-01,  1.335563711749598e+01
s628        , -7.262707774759888e-01, -5.984123414982283e-01, -2.577695075270432e-01, -3.013029379470503e+00,  1.462130914049338e-01
s629        ,  9.013378522352091e-01,  1.018502853817182e+00,  3.096949031083929e-01,  3.000247020235727e+00, -2.444377213767696e+01
s630        ,  2.883264293170171e-01,  9.571870661597559e-02,  3.405206409970141e-01,  1.548109800552314e+00,  9.054286037452945e+00
s631        , -4.308621051856988e-01, -9.668099262438140e-02, -2.964172884087022e-01, -7.025582989498184e-02,  8.393221344309598e+00
s632        , -2.552616433847757e-02,  2.764391708906495e-01, -3.930644646308101e-02,  5.523043693749208e-01, -8.219003561153972e+00
s633        , -2.361941375317399e+00, -2.637843362967398e+00,  2.381152599424398e-01, -3.287529213929199e+00,  1.043077415937519e+02
s634        , -1.741723873388839e-01, -6.086920118979999e-02, -2.233795745450817e-02,  1.543591603425311e+00,  2.245549572572968e+01
s635        , -1.887226794633780e+00, -2.430193564545134e+00,  2.152497743212469e-01, -4.760310795248627e+00,  7.509970394307337e+01
s636        ,  5.559866372520853e-01,  3.697402856082708e-01, -4.356047105363670e-02,  1.045268180965565e+00, -7.383203351845904e+00
s637        ,  5.224165136667182e-01,  7.494281964668911e-01, -5.967631791891203e-01,  1.555319301290491e+00, -1.521571976093382e+01
s638        , -9.017862751888349e-01, -8.141423174085237e-01,  9.974399442480508e-02, -3.052187724914249e+00,  7.082967347701533e+00
s639        ,  4.059987622661941e-02,  9.407395917009712e-02,  4.396516169337165e-01,  1.176991359343184e+00,  3.348254112348428e+00
s640        ,  1.793715557338358e-01,  3.189456971553888e-01, -1.863151962433990e-02,  1.165051316705708e+00, -3.412845406992948e+00
s641        , -1.502090098725329e+00, -1.278921166247235e+00, -2.186024394646302e-01, -1.570460538739614e+00,  5.519175248278854e+01
s642        , -1.255445500732830e+00, -1.430821055517123e+00,  4.802255689178719e-01, -2.347411585660256e+00,  4.516462355457921e+01
s643        ,  2.659311374869887e-02, -4.969674948511514e-02, -4.865462296307460e-01, -6.255987974703994e-01,  1.484284053185089e+00
s644        ,  5.978067737156746e-01,  7.195227046945929e-01,  9.947651682580712e-01,  5.665930761459418e-01, -4.621598777186990e+01
s645        , -1.614381328938929e-01, -8.363849173604751e-02,  3.229729606172624e-01,  1.420487553035669e+00,  1.775030502708533e+01
s646        , -7.340994125406998e-01, -9.376387670678650e-01, -9.608085523539978e-03, -1.652175581974885e+00,  3.242073694062631e+01
s647        , -1.496428190082178e-01,  2.094780343017361e-02, -3.938132491047535e-01,  7.207165158213678e-01,  1.270137247841762e+01
s648        , -4.884218476882379e-01, -4.122064756508801e-01, -5.463627479870649e-01, -2.277429177718076e+00,  2.431064476365423e+00
s649        , -5.843001747665787e-01, -6.043062871667282e-01, -6.517986199753477e-01, -1.541690255679232e+00,  2.347509536382287e+01
s650        ,  7.524274850037658e-01,  5.494927040022888e-01,  3.847701350371135e-01,  3.343388785532472e-01, -3.162561861825289e+01
s651        , -1.389027741701250e+00, -1.315763178323130e+00, -1.383720662128067e+00, -2.235051722053763e+00,  6.428881525346935e+01
s652        , -2.566043711440669e+00, -2.646104718445601e+00, -1.670315255008077e-01, -2.700371501079330e+00,  1.171642952950020e+02
s653        , -1.007282708793189e+00, -8.046288898803013e-01,  4.646118325592090e-01, -1.624430737585062e+00,  1.917408975365706e+01
s654        , -1.044226385778375e+00, -1.097254337937026e+00, -4.264178574430044e-02, -2.160720201649716e+00,  3.558402087145249e+01
s655        , -6.127047200082997e-01, -5.422176856688697e-01,  3.301946170882997e-01, -7.497928938180592e-01,  1.689144037279460e+01
s656        , -9.677099452782351e-01, -4.322631736978577e-01, -6.700584201799579e-01, -2.570001545709483e-02,  3.253045925568581e+01
s657        , -9.543477553558062e-02,  4.191193144514707e-02,  6.966858941235377e-02,  9.090927265443611e-01,  7.806274520136245e+00
s658        ,  2.152611224039404e+00,  2.348220734875685e+00, -2.469906068868983e-01,  3.817992537734987e+00, -8.156402797988268e+01
s659        ,  7.601680812147134e-01,  6.970457784470915e-01, -4.149639613917444e-02,  1.949778756046014e+00, -1.469895865076757e+01
s660        , -8.552740445977219e-01, -7.264339884832228e-01,  2.426169490316958e-01, -4.532983534743430e-02,  3.688312052419482e+01
s661        , -8.587465647638401e-01, -1.033698988572110e+00, -2.055777644493318e-01, -2.490994875267504e+00,  3.013260695591236e+01
s662        ,  2.292650657012456e+00,  2.457789817963453e+00, -1.458562467117320e-01,  4.064507783637778e+00, -8.600055896237458e+01
s663        , -7.424589206994223e-01, -6.055874397578940e-01, -2.082018288922344e-01, -8.653706796585769e-01,  2.601259905722012e+01
s664        ,  1.170121236794572e+00,  1.359442482249983e+00, -3.976979369545467e-01,  2.462215660896047e+00, -4.085225092998724e+01
s665        , -9.550555766428818e-02, -9.769574294967660e-02,  6.465652473276858e-01, -2.561269897513216e-01, -6.045534314908139e+00
s666        ,  6.314775109494175e-01,  8.798794960262800e-01,  3.798781765657133e-01,  1.333236596591172e+00, -3.787580323789253e+01
s667        ,  9.502651428335526e-01,  8.837918620963749e-01, -2.527360769586087e-01,  4.024648293174374e-01, -4.120100179160760e+01
s668        , -1.539888656744302e+00, -1.589883399076921e+00,  7.334018402440490e-01, -3.812167711279707e+00,  3.295873089451388e+01
s669        , -7.817282530962720e-01, -7.181979396596938e-01,  5.340505193902616e-01, -1.956441915264228e-01,  3.081411762856481e+01
s670        ,  1.305183965640755e+00,  1.247511577262191e+00, -2.369534794675094e-01,  2.739441503029682e+00, -3.331480090836167e+01
s671        ,  4.799138388405841e-01,  2.647204517488764e-01,  5.297485218604422e-01, -4.038775831112612e-02, -2.215346962819434e+01
s672        ,  3.973005628545346e-02,  2.587749442265963e-02,  8.521549531119955e-01, -1.181239944168079e+00, -2.686307346191326e+01
s673        , -1.414611532455524e-01,  8.208517360986900e-02, -4.798746927179619e-01,  1.548988916380897e+00,  2.047180016365791e+01
s674        ,  2.903659687553911e-01,  3.885710331524920e-01,  6.827582744377592e-02,  1.329409498589621e+00, -6.432079259674582e+00
s675        ,  1.026086479328726e+00,  1.075600889452566e+00,  3.947988973375571e-02,  2.578466680383277e+00, -2.925484791051315e+01
s676        , -6.754288667653827e-02, -1.869876790326063e-01, -5.634453576103903e-01, -7.459795286301231e-01,  8.688426047081016e+00
s677        ,  1.605266818482901e+00,  1.416270126986384e+00, -5.588411431230267e-02,  1.608084970486458e+00, -5.884572217269778e+01
s678        ,  1.084789537255858e-01,  2.482912873311845e-01,  3.616476203906505e-01,  1.230907069573044e+00, -3.599513299737150e+00
s679        , -2.992012028639636e-01, -2.732289704113001e-01,  3.857670044655894e-01,  1.084496700107406e+00,  2.344241684758257e+01
s680        ,  8.990202473369718e-01,  8.512969412725606e-01,  1.497599845407698e-01,  2.367780291642221e+00, -2.071632334631473e+01
s681        ,  5.643835559735575e-01,  5.552377072307912e-01, -5.681886082279697e-02,  1.104994944753084e+00, -1.684791067842821e+01
s682        , -5.946014640649122e-01, -7.493197658311661e-01,  6.520465336888920e-02,  1.122527063403116e+00,  5.466112049319756e+01
s683        , -6.016194601328428e-01, -3.998637152851555e-01,  1.320073883708201e+00, -3.019642481601191e+00, -3.149971279958338e+01
s684        , -1.092230320268682e+00, -7.077713426956042e-01, -7.277676802904529e-01, -1.968978966335625e+00,  2.504645496058373e+01
s685        , -1.049541099357342e+00, -1.120646133371551e+00, -2.882576550607803e-01,  1.801150500899255e-01,  6.853497641666650e+01
s686        , -3.882296162024126e-01, -3.340447323747306e-01, -3.268435131306412e-01,  1.093005370923491e+00,  3.618994075000832e+01
s687        , -1.289479776127262e+00, -1.353509455110802e+00,  6.650317397582196e-01, -3.664648353457761e+00,  2.243419319635736e+01
s688        ,  1.174200481057901e+00,  1.064436157756300e+00,  2.459915123204426e-03,  4.961952078221908e-01, -5.346459099930546e+01
s689        , -2.594548196962304e-02,  2.253944163105931e-02,  1.309790192433153e-01,  1.235845744959399e+00,  1.206525708705665e+01
s690        ,  4.711059702108155e-01,  2.878321848718978e-01, -3.655791630542355e-01, -1.080578639941921e+00, -2.447254668907387e+01
s691        ,  9.245223879507848e-01,  8.704858099814652e-01, -1.196841416914149e-01,  2.014726408687117e+00, -2.258410659678045e+01
s692        ,  1.066847762125763e+00,  1.147577229689510e+00, -1.568499584382765e-03,  2.294911416873884e+00, -3.619031586019491e+01
s693        ,  6.254387821095569e-01,  6.741680112358477e-01, -6.442477179538073e-01,  1.041468591239255e+00, -1.664195369843300e+01
s694        , -5.171349029224964e-01, -1.908130612295028e-01,  8.282905673170426e-02, -3.080832459458479e+00, -2.786813055627552e+01
s695        , -1.267384161897314e+00, -1.028365475756883e+00, -1.453196511103862e+00, -1.591969472812763e+00,  5.695265206056023e+01
s696        , -4.788650652000022e-01, -4.355892084383095e-01,  8.519532123554686e-01, -3.057489981469368e+00, -2.388982565668765e+01
s697        , -3.220149437916258e-01, -1.679423926895610e-01, -5.464347221544652e-02,  1.398357300771473e+00,  2.709074758883633e+01
s698        , -1.380331688121128e+00, -1.245959735133212e+00, -1.074576544773749e+00, -1.523558362328317e+00,  6.502738759237937e+01
s699        ,  1.594942071124517e+00,  1.501950032220743e+00, -3.824909512792810e-01,  2.448436607405814e+00, -4.917828014819037e+01
s700        ,  1.292968973461459e+00,  1.279075501500737e+00, -5.890839539700674e-01,  1.628258974025593e+00, -4.401744763996697e+01
s701        ,  5.937524925456381e-01,  3.712485686302863e-01,  3.361692521037370e-01,  7.841190589084239e-01, -1.556946111128703e+01
s702        ,  9.323059097091277e-01,  9.382945356806052e-01, -1.724213240741339e-01,  1.354329558319253e+00, -3.371627958456279e+01
s703        , -3.788357179143477e-01, -1.451646868572426e-01,  4.250131525816114e-01, -3.124362870554503e+00, -3.538754509110656e+01
s704        , -4.335664235266130e-01, -4.073868860560944e-01,  2.053531051967554e-01,  1.291139028789010e+00,  3.579027126481577e+01
s705        ,  1.028207628094288e-01,  1.812877452268949e-01,  4.246601009818500e-01,  4.590282891356507e-01, -1.005758302771765e+01
s706        , -9.693990214196425e-01, -8.001352160019095e-01,  2.396846667821066e-01, -1.534848760037602e+00,  2.293066628590170e+01
s707        , -4.022383612473933e-01, -5.265686112342303e-01, -1.675415490026367e-01,  2.555995948680048e-01,  3.469805504936087e+01
s708        , -4.176881010209963e-01, -4.062483906974985e-01, -1.392894092385541e+00, -5.252076732537204e-02,  4.013037057668487e+01
s709        , -5.070250417068456e-01, -8.014164799495822e-01,  2.002788680155213e-01,  7.492166531364920e-01,  5.128055736093036e+01
s710        , -6.560408805167797e-01, -9.353781807331651e-01,  7.824705542982530e-01, -2.782475265963122e+00,  8.275827610357139e+00
s711        , -7.281768921318991e-01, -8.220872002871435e-01,  7.032980446082023e-01, -3.146043104728668e+00, -1.445699756788894e+00
s712        ,  1.638529471594250e+00,  1.651108693783260e+00, -4.373526358837112e-01,  2.545603066439966e+00, -5.561793987846576e+01
s713        , -2.681291651109597e-01, -7.702700359781289e-02, -5.987659347088503e-02,  1.281176972097733e+00,  2.065511215734035e+01
s714        ,  1.813117241484988e+00,  2.013066544841041e+00, -5.802983566889797e-02,  3.749510633246204e+00, -6.612502306146501e+01
s715        ,  5.902106972748544e-01,  6.488741339161541e-01, -2.220937336617148e-01,  1.868171513300769e+00, -1.065655685614704e+01
s716        ,  1.256825138045294e+00,  1.483446638647921e+00, -8.459947940875612e-02,  2.557666576342450e+00, -5.068204071094667e+01
s717        ,  1.935429652037489e-01, -1.830556986312564e-01,  3.311260123059091e-01,  6.232308079647775e-01,  1.350635077797577e+01
s718        , -9.717462693594499e-01, -9.481617540233933e-01, -1.210841064936239e+00, -2.028414026958421e+00,  4.402155365311527e+01
s719        , -1.005002399040077e+00, -9.988099443385872e-01,  2.619329475193612e-01, -1.998959498094661e+00,  2.809884779022385e+01
s720        , -1.084502233578804e+00, -1.416812626455134e+00,  7.695262025074486e-01, -3.301946420368503e+00,  2.902405032832772e+01
s721        ,  1.202728817719904e+00,  1.071611868831737e+00, -2.113355502150868e-01,  2.159034410297891e+00, -3.087646673552789e+01
s722        , -8.687581931338572e-01, -8.901510801714271e-01,  6.342456204417595e-01, -3.165256345808331e+00,  3.019125850817628e+00
s723        , -8.228918435433465e-02, -9.914001604082628e-02, -1.154225556885148e+00, -1.464523258740749e+00,  2.711368622161722e+00
s724        , -4.319725882125269e-01, -3.007397285280560e-01,  1.662368476291619e-01, -1.766673134636035e+00, -6.833326976429091e+00
s725        ,  2.076224205209437e-01, -1.339281510967185e-01,  6.561412641313957e-01, -6.111778572847106e-01, -8.461955743624525e+00
s726        ,  1.218751687971090e+00,  1.136622766076926e+00,  3.787348058933433e-01,  1.456442306497930e+00, -5.070616488479691e+01
s727        , -4.191973947875540e-01, -3.011855422813552e-01, -1.251186784117580e+00,  4.538755204826935e-01,  3.857844898852549e+01
s728        , -6.090434041993623e-01, -1.901093143220602e-01, -5.082131255933428e-01, -8.334513151641891e-01,  7.082761009170977e+00
s729        ,  9.718089694740940e-01,  8.374176825558377e-01, -3.637135402456629e-01,  3.032842914238635e-01, -3.837601641138539e+01
s730        ,  2.269628290273034e-01,  2.563467761347740e-01,  3.448882545035230e-01,  1.319363026080048e+00, -2.756725736214092e+00
s731        ,  8.255797233596714e-01,  9.217864543526554e-01,  7.489141785674636e-01,  4.921933685020377e-01, -5.522985308980051e+01
s732        ,  1.498830275111732e+00,  1.226923483953087e+00, -2.272320758000143e-01,  2.472902665540638e+00, -3.553105430601380e+01
s733        , -8.897216148319836e-01, -1.143251353818154e+00,  8.559822516031128e-01, -1.783961669979135e+00,  3.107357951522799e+01
s734        ,  5.730515015964993e-01,  3.784276694236842e-01,  5.702809258783833e-01,  1.074096010279660e+00, -1.548308005972463e+01
s735        , -4.493104523117364e-01, -2.023803306004453e-01,  4.315608434273719e-01,  1.245245122441917e-01,  7.220025049973582e+00
s736        ,  9.253604820479431e-01,  8.358764999990983e-01,  7.814275247026059e-02,  8.970687662965384e-01, -3.680476720044636e+01
s737        , -7.641264386628301e-01, -8.568698014944524e-01,  1.024745509985020e+00, -2.319387098420361e+00,  6.375950919994142e+00
s738        ,  1.093494957500644e+00,  9.319880907311122e-01,  2.543219468390696e-01,  2.339827729751865e+00, -2.692071975025260e+01
s739        ,  3.235386076744294e-01,  7.314071875044290e-02,  6.543754841348711e-01, -2.998268279286325e-01, -1.622192508831249e+01
s740        ,  9.523024838580033e-01,  8.928332573807060e-01,  4.444544323577426e-01,  1.809333322072556e+00, -3.364956012632587e+01
s741        , -4.683237856465198e-01, -3.100314408904540e-01,  9.982983236475218e-02,  1.097495060155235e+00,  2.936663896129505e+01
s742        ,  1.206631327064570e+00,  1.287574321366042e+00, -4.599896884955505e-01,  1.925164929296447e+00, -4.255788570800657e+01
s743        ,  5.593827587743279e-02, -9.073541224747250e-02,  1.680712563602775e-01,  3.271004010595453e+00,  4.265314520777694e+01
s744        , -1.602853178165513e-01, -2.290908151445574e-01,  2.065229943800595e-01,  5.785712867667892e-01,  1.715199797721037e+01
s745        , -5.306178829342441e-01, -4.594311540045848e-01,  1.628674939594558e-01, -1.695839161912538e+00,  2.936821718557807e+00
s746        ,  6.509625117887479e-01,  7.737609379581186e-01, -1.452762794609646e-01,  9.962155109800177e-01, -2.923035081851456e+01
s747        , -5.126484862205682e-01, -5.288511154471440e-01,  6.641271218542825e-01, -6.699548811232106e-01,  1.278229110201899e+01
s748        , -7.766421657116760e-01, -6.483560195798773e-01,  2.957955120288258e-01,  6.663821579372800e-01,  4.048342093249266e+01
s749        , -2.162768438186639e-01, -3.478492481116280e-01,  3.949612774420127e-01, -2.113657197292627e+00, -1.138763060814415e+01
s750        , -7.494903637093456e-02, -3.105812540957779e-01, -1.267916809029375e+00, -1.001582760427856e+00,  2.162666523161888e+01
s751        , -1.132573444571337e+00, -7.173560931104612e-01,  4.517481055019457e-02,  9.508241767105537e-01,  5.104800466655124e+01
s752        ,  1.560177551100659e+00,  1.490308015800810e+00, -1.944482887405625e-01,  2.281466543284847e+00, -5.299770610718446e+01
s753        , -9.778812152465644e-01, -7.781786785158340e-01, -8.356781477049147e-01, -1.003631374064083e+00,  4.211554670432753e+01
s754        ,  8.187766647944796e-01,  6.690879820160264e-01, -1.041180164979368e-01,  1.938043612867821e+00, -1.246719751743155e+01
s755        , -1.210746771791428e+00, -1.019525690805112e+00,  4.667907372316105e-01, -2.956354797131644e+00,  1.495907334838417e+01
s756        , -4.332253543244241e-02, -2.421926771555434e-01,  3.520856063957445e-01,  1.674895729047274e+00,  2.932299120033695e+01
s757        ,  6.046843465793931e-01,  3.810310117052356e-01,  2.911855788421323e-01,  1.605320924366306e+00, -5.549052603175916e+00
s758        ,  7.853283269182638e-01,  7.257025987290870e-01, -1.069940726733940e-01,  1.702094360986809e+00, -1.846105504361539e+01
s759        , -4.512800599860263e-01, -5.467935403345351e-01, -1.826041768290666e+00, -1.708595517929192e+00,  3.346970554814570e+01
s760        ,  2.133127133712616e-01,  2.699674801314424e-01,  1.158994573185505e-01,  4.172661382298309e-01, -1.151300109433575e+01
s761        , -1.372370955930419e+00, -9.265596607760798e-01, -8.312495407720473e-01, -2.750141743916112e-01,  5.920507679341949e+01
s762        ,  1.452970431080306e+00,  1.629141752380746e+00,  2.341715295077680e-01,  3.337749673541553e+00, -5.347424583839600e+01
s763        , -1.593336135067460e-01, -3.004781604089461e-01,  3.108147028708022e-01,  9.302990859055743e-01,  2.406269848625885e+01
s764        ,  1.129930705304393e-01,  1.669204228105653e-01,  8.342269766878451e-01, -1.169668302894475e+00, -3.436914864978348e+01
s765        ,  1.677207924737715e-01,  1.423273905177295e-01,  2.365140286745837e-01,  1.273423375860371e+00,  4.460727549412551e+00
s766        ,  5.961954984880359e-01,  5.579239437466189e-01,  4.476933130536472e-01,  1.247638593949852e+00, -2.181027193346354e+01
s767        , -9.375424158088497e-03, -1.960576558353393e-01, -6.795441929964918e-02, -1.355424816462547e+00, -4.643134216070484e+00
s768        , -8.411067604869058e-01, -4.007270491766586e-01, -3.509934535353336e-01, -1.937890692831208e+00,  3.382427319929321e+00
s769        , -1.631013149721456e+00, -1.745994165180141e+00, -2.084824542208028e-01, -6.327978262313380e-01,  9.255252547545470e+01
s770        , -1.228187901814855e+00, -1.213786829850778e+00,  1.048739571831347e-02,  1.419238177454731e+00,  8.492568011702103e+01
s771        ,  9.328417972171988e-01,  9.207030991406416e-01,  3.470988064817624e-01,  3.848454287513977e-01, -5.126051394637324e+01
s772        , -9.596604783247586e-02, -2.189553127676136e-02, -4.933848280745357e-01,  1.010399204874044e+00,  1.990845207472541e+01
s773        , -9.831278135606507e-01, -1.048210406997669e+00,  4.556803585282017e-01, -3.126887315142171e+00,  1.463257771750271e+01
s774        , -2.033459030028846e+00, -1.832919049895500e+00, -3.264720955155569e-01, -2.428808338348021e+00,  7.710579349188568e+01
s775        , -6.607780820803044e-01, -6.000668798999111e-01,  1.178559140359891e+00, -1.035502212680427e+00,  5.641764209945444e+00
s776        ,  1.215325319114621e+00,  1.379595755043074e+00, -1.994096626865475e-01,  1.715405239204666e+00, -5.362988864622843e+01
s777        ,  4.760210780336026e-01,  2.526955925559167e-01, -1.370358937388760e+00, -1.442867351192655e+00, -1.387621801762214e+01
s778        ,  2.142801356098008e-01,  4.067864056983703e-01, -4.562065980883439e-01,  1.362536986148600e+00, -2.414409655046621e-01
s779        , -1.470608055270920e+00, -1.411858197765916e+00,  4.493192019253134e-01, -1.269178929462459e+00,  5.761418439214879e+01
s780        ,  1.453146522973686e-01,  1.405314107674471e-02,  2.449903629917092e-01,  1.807290959964827e+00,  1.800693290403569e+01
s781        ,  1.109240315344008e+00,  1.207565616886792e+00,  2.504435221093508e-01,  1.031530356667284e+00, -5.817031014714609e+01
s782        ,  7.695424724410216e-02,  7.969464611073750e-02,  3.375081799114896e-01,  6.840732247430615e-01, -5.153856682108844e-01
s783        , -7.894231608208058e-01, -5.486136437819700e-01,  9.166604374150725e-01, -3.402044854479394e+00, -2.260401971348434e+01
s784        ,  9.832415361728466e-01,  5.865219544336178e-01, -3.124526922046101e-01, -1.209065065705086e-01, -3.018166137915466e+01
s785        ,  5.886112315649437e-01,  6.001038735479390e-01, -5.813125995309507e-01,  2.477712894657042e-01, -2.296982278299864e+01
s786        , -2.620848509633372e-02,  3.224427128733366e-02,  2.711628357625115e-01,  8.922267893929547e-02, -4.235186938161986e+00
s787        ,  8.241728815006354e-01,  3.227391972029643e-01, -3.145849385184418e-02,  2.261075293630421e+00,  9.865846760111978e+00
s788        ,  4.759016983835212e-01,  4.482728683847328e-01, -5.691838715934483e-01,  7.044780655898973e-01, -9.093040059717829e+00
s789        , -1.007342786777141e+00, -1.189538682014670e+00, -2.294187045172555e-01, -3.960921913517067e+00,  2.127830569076472e+01
s790        , -8.094162460092497e-01, -5.069943419630970e-01, -5.091603976854799e-01, -2.034644256640616e+00,  1.019516745690313e+01
s791        ,  5.705555442811846e-01,  5.362287501909641e-01, -4.075120820775071e-01,  1.359200630246553e+00, -8.145154574062582e+00
s792        , -1.035864338805942e+00, -8.834765824547862e-01,  6.294239397630572e-01, -2.291454706521791e+00,  1.333147736769350e+01
s793        , -1.498582767952144e-01, -2.743421261740153e-02,  1.243352596833220e+00, -4.437950470792067e-01, -1.999587282414306e+01
s794        ,  2.280617797563588e-01,  4.091076325410902e-01,  8.585160393437760e-01, -4.327548623063870e-01, -3.925559681302762e+01
s795        , -4.151258976430172e-01, -2.877158434796900e-01,  4.258572419092521e-02,  1.158545992213387e+00,  2.960494298976555e+01
s796        ,  7.548647250689058e-01,  9.178934541479918e-01, -4.164909130301356e-01,  1.959815700659423e+00, -2.204880957990823e+01
s797        ,  1.447952712683449e+00,  1.117847332730891e+00, -1.786843765950741e+00, -6.406321518606595e-01, -4.705119532980969e+01
s798        ,  1.064853965398538e+00,  8.927239877629853e-01,  2.470232210404413e-01,  2.547710708113224e+00, -2.210532262285144e+01
s799        , -5.069554785822377e-01, -2.558133772247251e-02,  1.208928272236636e+00, -4.328084184201624e+00, -6.687334943170036e+01
s800        , -9.315847236743398e-01, -1.068060439666781e+00,  2.240703902766289e-01, -1.789026416419200e+00,  3.501094702774171e+01
s801        ,  9.104636181068654e-02, -9.229297844459350e-02,  1.579148474876544e-01, -8.621897987865902e-01, -7.374591408401634e+00
s802        , -1.700965738434856e+00, -1.263091261825840e+00, -5.246343190355947e-01, -1.169545256846418e+00,  6.315224446008187e+01
s803        , -9.506056245870035e-01, -6.823171197233039e-01, -4.550017535122945e-01, -1.382760367046069e+00,  2.721168871524195e+01
s804        ,  2.069942262873753e+00,  2.162858275669559e+00, -2.359296564281055e-01,  3.477635385484293e+00, -7.548992313406630e+01
s805        , -6.414178242260793e-01, -6.931819959385010e-01,  1.538382762462807e+00, -2.627225031964702e+00, -1.317561152486755e+01
s806        , -7.253070023190913e-01, -6.426549607634136e-01, -5.863910312791099e-04, -4.547977377036084e-01,  3.038069380489500e+01
s807        ,  5.484542484121483e-01,  5.415754018721866e-01, -1.412389471645235e+00,  5.087607514852210e-02, -1.130995716684527e+01
s808        , -1.482202071480258e+00, -1.652173503399407e+00,  1.381638520635531e+00, -2.895254811278537e+00,  3.917401613598953e+01
s809        , -1.517909024869592e-01, -1.115299569341203e-01,  1.567576754388000e-01,  1.422659744972494e+00,  2.149162802686430e+01
s810        , -5.243890825004432e-01, -6.108766342550164e-01, -8.804248403911905e-01, -3.090908103386563e-01,  4.179323189783112e+01
s811        , -8.402207079652194e-01, -6.808657615826649e-01, -1.575663465314101e-01, -1.540109587035676e+00,  2.135831368214758e+01
s812        , -1.837554634883737e+00, -1.442631858855390e+00, -2.361682391393314e-01, -1.655866704499897e+00,  6.352712671627468e+01
s813        , -1.305458046196112e+00, -1.292006701642170e+00,  2.766449082019224e-01, -2.508053146387077e+00,  3.809845121524026e+01
s814        ,  9.601020837191020e-01,  5.965536143228004e-01, -6.798876969860514e-01, -5.617457170857615e-01, -3.133356920086540e+01
s815        , -2.071547047876009e-01, -2.249162621696549e-01,  8.204444697719248e-01, -1.005599622850545e+00, -1.030576030730256e+01
s816        ,  1.086281096001821e+00,  9.173632050791811e-01,  4.895881624150014e-01,  1.585122129679605e+00, -3.833126646580793e+01
s817        , -6.950199443354254e-01, -7.213891681213742e-01, -5.673595876824664e-01, -1.549276679272424e+00,  2.882806146282055e+01
s818        , -2.042921524283320e-01, -2.467248144612076e-01, -1.433712218477134e-01,  7.170906491830769e-01,  2.436119527590929e+01
s819        , -1.174085534063621e+00, -1.143533730218307e+00, -4.508283031944460e-01, -3.069677341840539e+00,  3.241588394884281e+01
s820        , -4.418897943240204e-01, -6.570850689376533e-01,  2.608834586092577e-01,  1.608195861475881e+00,  5.287354737054506e+01
s821        , -1.211161791292892e+00, -1.230319454217241e+00, -3.777624870886169e-01, -1.172793267840942e+00,  5.937619657023867e+01
s822        ,  2.603756505819580e-01, -4.055561066437641e-02, -4.133570317390656e-01,  2.629211981284765e-01,  1.082552070210210e+01
s823        ,  6.199991222555385e-01,  4.547452811995237e-01,  6.105672344898432e-01,  1.380399181933032e-01, -3.164878864644078e+01
s824        , -1.854748548283659e+00, -1.861979457974324e+00, -8.356388567645778e-01, -2.891632280950518e+00,  7.970956937995345e+01
s825        , -2.925657132343389e-01, -9.331868992050084e-02,  4.574299312899399e-01,  4.048592516214771e-01,  4.199598404568585e+00
s826        , -1.096505403479755e+00, -1.100829134447740e+00, -5.498971211602177e-02, -2.013210944326585e+00,  3.773719502916537e+01
s827        , -6.487388694069519e-02,  5.721552262365921e-01,  1.347400362297139e+00, -2.634431025195115e+00, -8.147327797277451e+01
s828        , -5.631644114900024e-01, -5.453382769533561e-01,  5.762618569776938e-01,  7.194846034863388e-01,  3.173463998097353e+01
s829        ,  9.396149132061843e-01,  1.108160016846163e+00,  7.900454972780691e-01,  8.615627642936715e-01, -6.168497663268547e+01
s830        , -1.058909335821911e-01, -2.858199143384194e-01,  5.774196173755574e-01,  3.178142319736753e-01,  1.233855921520145e+01
s831        ,  1.916013365790170e-02,  2.046489145544476e-01,  9.627891982003178e-02, -1.726667430594978e+00, -3.367282000764400e+01
s832        ,  1.966479662680959e+00,  1.676726327455525e+00, -4.121040291245378e-01,  1.286989997864617e+00, -7.267743515610617e+01
s833        , -3.620791385089753e-01, -2.126771773069443e-01,  2.028649031244838e-01,  7.389659310603909e-01,  1.823240517719151e+01
s834        , -7.529060995547020e-01, -6.684606679671348e-01,  1.096793431013305e-01,  7.158025724836998e-01,  4.462234878147764e+01
s835        ,  8.955601758309945e-01,  1.075996876951879e+00,  6.992583051038781e-02,  2.260494325842848e+00, -3.353756262349202e+01
s836        , -3.511452156713288e-01, -3.787381927425798e-01,  2.784199780809271e-01,  2.073835228306146e+00,  4.275682172027530e+01
s837        ,  2.142601060729459e+00,  2.122111222391051e+00, -6.352355332060222e-01,  2.875044851016450e+00, -7.535791019783983e+01
s838        ,  1.028409428393702e+00,  9.609644091253107e-01,  5.806351178666771e-01,  1.540134216453323e+00, -4.249535880128305e+01
s839        , -9.381248660546658e-01, -6.215123516604992e-01,  5.849975583914817e-01, -1.952402744943746e+00,  3.395079058882057e+00
s840        ,  1.041568016558684e+00,  9.007734427167016e-01,  2.680563287348066e-01,  4.797742592335508e-01, -4.796747800643525e+01
s841        , -3.031960082211786e-01, -3.700513930116190e-01,  1.581507686774681e-01,  4.993899751031859e-01,  2.469184361771330e+01
s842        ,  1.545481033371346e+00,  1.524692130093679e+00, -1.936425137156426e-01,  2.331951390771181e+00, -5.431529785510111e+01
s843        ,  9.376075098808509e-02,  2.290243806668111e-01,  1.228931556919641e-01,  1.285112972774820e+00,  1.233808134193657e+00
s844        ,  2.260200226388619e+00,  2.345153077473376e+00, -1.586713756712493e-01,  3.815186222489321e+00, -8.257277106290175e+01
s845        ,  7.631813505267834e-02, -9.572564350671937e-02, -7.725776122910410e-02, -6.320294739645699e-02,  5.581847246553965e+00
s846        , -7.719312092337802e-01, -6.512362822820612e-01,  5.220319180239306e-01, -2.681035056276871e+00, -2.985228003080518e+00
s847        ,  8.390061559731493e-02,  1.817003222354323e-01,  2.294169058125410e-01,  1.321590835867099e+00,  2.938808409999904e+00
s848        ,  1.798212902578797e+00,  1.635502517918209e+00, -5.065731288598929e-01,  1.876256167321919e+00, -6.198505304981713e+01
s849        , -4.426333276094398e-01, -5.185560510254876e-01,  5.950989872975823e-02, -7.518908657376191e-01,  1.905639465203877e+01
s850        ,  1.776931420661177e+00,  1.978888367772796e+00,  4.790412115569842e-02,  3.565902494381509e+00, -6.782231401924653e+01
s851        ,  6.740950847184962e-01,  4.158771151579173e-01,  1.033278043282764e-01,  1.934707336310230e+00, -1.053856337363055e+00
s852        ,  5.247617444717383e-01,  3.994555473741582e-01, -4.110385025264273e-01,  7.658304655158877e-01, -7.672048653876784e+00
s853        , -6.937010389893300e-01, -5.774281495782450e-01,  3.496447063084256e-01, -2.355168490300457e+00, -9.101806771920449e-01
s854        , -3.849480547825320e-01, -1.282501618176768e-01, -1.448005716068934e-01,  6.446380550575511e-01,  1.688034977716493e+01
s855        ,  1.721123124597798e-01,  3.745877061814576e-01, -1.383781964411087e-01,  1.895823448630811e+00,  3.916375784444398e+00
s856        ,  8.284120434530070e-01,  8.112852049165540e-01, -3.904296060693313e-03,  1.129086401785185e+00, -3.154575663130237e+01
s857        , -1.430174539460575e+00, -1.294570651717481e+00, -9.941045940999824e-01, -7.654278027551419e-01,  7.591532767330352e+01
s858        , -4.661418612561535e-01, -3.209177699660891e-01, -5.254371110221404e-01, -3.631047197601630e-01,  2.033180530727988e+01
s859        ,  9.776646253335924e-01,  1.009881354970548e+00, -6.916560408267636e-01,  1.706655919631230e+00, -2.669488852192088e+01
s860        , -6.760181986005682e-01, -6.033748566536068e-01,  7.561559193863971e-01, -1.591011805967211e+00,  4.554298164824287e+00
s861        , -2.202836606256784e-01,  1.429442423405772e-03,  1.782228408964821e-01,  5.253521832081329e-01,  3.994198758599627e+00
s862        ,  1.775874489146720e-01,  3.491404623526471e-01,  2.583363077152429e-01,  3.322494030229813e-01, -1.881775688227265e+01
s863        ,  4.919397024905665e-04,  1.293683954940167e-02, -8.563554987223695e-01,  7.368953463534773e-01,  1.934738977711397e+01
s864        , -6.626061886661074e-01, -6.547015590854497e-01,  9.061864337141065e-01, -3.608030604231329e-01,  2.043036064568383e+01
s865        , -8.371406217114558e-01, -8.351948003449328e-01,  2.825447493468165e-01, -1.413322085802430e+00,  2.581051390811048e+01
s866        , -1.153749740508799e+00, -1.030354310202636e+00,  4.579629215996159e-01, -2.731594505516039e+00,  1.841093494591878e+01
s867        ,  2.473721027027026e-01,  4.261500046931397e-01, -2.873982852375281e-01,  1.397012659108516e+00, -3.094478281109023e+00
s868        ,  2.269395821593049e+00,  2.463420461601296e+00,  2.557168018085254e-03,  3.807648297142402e+00, -9.136347780348436e+01
s869        ,  4.678738330590472e-01,  2.790412412838328e-01, -2.401917597276105e-01,  2.043197812680910e-01, -9.988134387254098e+00
s870        ,  9.504545520744460e-01,  8.698160691227321e-01,  2.936347749843558e-01,  1.622548671121782e+00, -3.267742416276760e+01
s871        ,  3.278186090591084e-01,  4.718066001830692e-02, -7.956716304178599e-01, -1.206957237101694e+00, -6.984145572923612e+00
s872        , -1.060745617852256e+00, -1.270453932904147e+00,  1.129373011819284e+00, -2.805214322112737e+00,  2.221713769964681e+01
s873        , -8.092360756143714e-01, -4.964972984764462e-01, -1.236302361486478e-01,  5.663089159379205e-01,  3.622557949824924e+01
s874        , -1.497433451430839e+00, -1.757438623396479e+00,  1.862370035839112e-01, -2.871729793432874e+00,  6.085180109384898e+01
s875        , -8.298963454824552e-01, -6.751655232164002e-01, -2.394085762494387e-01, -1.236014182206651e+00,  2.579866425056746e+01
s876        , -1.395330685836568e+00, -1.419141056791436e+00,  1.563630806043494e-01, -3.693549344770779e+00,  3.234968704279351e+01
s877        , -8.863229551700670e-01, -5.203080503586093e-01, -2.694555701434960e-01, -1.825738885959929e+00,  1.036823291046889e+01
s878        ,  7.300994035482326e-01,  5.423563028389822e-01,  6.293889846928631e-01,  1.311206513890571e+00, -2.252542476222730e+01
s879        ,  1.327007379676470e+00,  1.279179072217642e+00,  2.430434486737338e-01,  2.537106096064631e+00, -4.377195297936652e+01
s880        ,  1.165217936206896e+00,  1.101929762185556e+00, -8.375156198198443e-01,  1.724481110607578e+00, -2.972785684636804e+01
s881        , -5.128601822306692e-01, -1.028180286516875e-01,  1.433346817444500e+00, -4.401277203091281e+00, -6.636029251315023e+01
s882        ,  1.082188332309200e+00,  1.013781726269691e+00, -8.058490553808002e-01,  1.622051804784218e+00, -2.645956890656413e+01
s883        ,  3.093387130541843e-01,  1.925012328631423e-01, -6.921032228509094e-02,  1.950059978950886e+00,  1.385049895368480e+01
s884        ,  7.836281255656845e-01,  8.351057705289447e-01, -8.774280369774176e-01,  1.537062830555356e+00, -1.658222919677583e+01
s885        ,  3.559456324088518e-01,  1.592502933996463e-01,  4.160528127495910e-01,  1.191538813375441e+00,  1.902331372707100e-01
s886        ,  1.369087292176832e+00,  1.517990735895391e+00,  8.393059537872305e-02,  2.268577444294769e+00, -5.831305024671057e+01
s887        , -2.827754397002292e-01, -1.786545523007435e-01,  3.667546381423390e-01,  1.029436219047456e+00,  1.773634493862683e+01
s888        , -7.552424250973399e-01, -8.754417979113265e-01,  1.839578176033798e-01, -1.492964561318170e+00,  2.836994897871192e+01
s889        ,  1.207746653680362e+00,  1.178276600452027e+00,  2.960969311586577e-01,  2.547017967477046e+00, -3.870293437661492e+01
s890        , -9.666579634146734e-02, -2.089764402523549e-01, -6.209857575603589e-02, -1.148847455780090e+00, -1.486082626678576e+00
s891        ,  4.787826376712746e-01,  2.979984968772510e-01,  5.509994969038373e-01,  9.292211818662350e-01, -1.250092530940727e+01
s892        ,  1.139204080980141e+00,  6.592971893236637e-01, -1.763480405409035e-02, -1.877980036289409e-02, -3.683118301590824e+01
s893        , -1.069606673210606e+00, -1.439954232011992e+00, -7.805367624661201e-01, -6.370043104619257e-01,  8.282723056597158e+01
s894        ,  1.150226613104442e-02,  2.264368525565600e-01, -1.847398748726445e-01,  1.439673025419103e+00,  7.249069093154324e+00
s895        ,  8.523293459277042e-01,  8.715378088809552e-01, -3.895685864707127e-01,  1.176927822456740e+00, -2.932591754858423e+01
s896        , -2.385584700608096e+00, -2.318713249519359e+00,  3.967115643806806e-01, -2.881625246711232e+00,  8.935611639061487e+01
s897        , -9.548618878298403e-01, -8.957543170030557e-01, -2.299638806448021e-01,  1.224648818530282e+00,  6.791319103031685e+01
s898        ,  4.811635465516753e-02,  7.383099788518947e-02,  3.433494166761140e-01,  9.599398128973091e-03, -8.463070377029517e+00
s899        ,  1.118448561197112e+00,  1.259275929556197e+00,  2.146640878067807e-01,  1.985712209693388e+00, -4.899502239004014e+01
s900        ,  1.281569968989787e+00,  1.127718496460033e+00, -1.754617637655603e-01,  1.331108925844802e+00, -4.454130571299167e+01
s901        , -2.113499475721238e+00, -1.745794725380628e+00, -5.234427161008224e-01, -1.422145412991261e+00,  8.703224283624763e+01
s902        ,  1.947857445727211e+00,  2.100686596300328e+00, -6.304215050176663e-01,  3.011871033138622e+00, -7.256011389889272e+01
s903        , -1.628072514827294e+00, -1.439387861895539e+00, -3.735100188443496e-01, -1.925858775114809e+00,  6.184575578952388e+01
s904        , -5.933703029200499e-01, -1.703280573096770e-01,  1.450640641346285e+00, -3.496297856211413e+00, -5.181155659981874e+01
s905        , -7.688731068500246e-01, -8.849734829073808e-01, -3.127893899370294e-01, -7.690266673267485e-01,  4.414886110267634e+01
s906        ,  1.176277268616818e+00,  1.301023677564358e+00,  2.691151279847634e-01,  3.030359348845710e+00, -3.933420566421746e+01
s907        ,  5.507369645827748e-01,  2.815876196855518e-01, -4.869596363767875e-02,  1.039167049932285e+00, -2.466079710406622e+00
s908        , -2.303152982922224e-01, -1.235177029099810e-01,  7.333482483823230e-01,  9.093760301942135e-01,  8.439766184347475e+00
s909        , -8.668706479272460e-02, -4.123773094833502e-01,  1.042778722005187e+00, -2.201704417531475e+00, -1.725901163351069e+01
s910        ,  1.637183577828672e+00,  1.833356991181563e+00,  4.056659260829021e-02,  3.356608573443480e+00, -6.214133032593936e+01
s911        ,  1.126621425294678e+00,  1.103523639435211e+00, -2.754686652407017e-01,  2.308464108885125e+00, -3.001045864782506e+01
s912        , -4.659972316167655e-03, -1.758539346616935e-01, -1.511101686574043e+00, -1.784797123602663e+00,  7.734195139198064e+00
s913        ,  1.463412550315811e+00,  1.296633976211953e+00, -1.611269780497542e-01,  1.189529038442497e+00, -5.588495226923468e+01
s914        ,  6.888333030824358e-02, -3.344692389235783e-01,  5.338687479262983e-01, -7.556406548188815e-01,  2.571651715141714e+00
s915        ,  4.153763854817183e-01,  3.347049147865669e-01, -1.708269921069698e-01, -5.046951382602243e-01, -2.261722039568824e+01
s916        , -8.981673760840302e-01, -1.193761795160045e+00,  6.707180902237531e-01, -1.812778415569518e+00,  3.594895877210178e+01
s917        ,  1.165490548301742e+00,  1.381755914797373e+00,  4.226429895207944e-01,  1.613288719594991e+00, -6.306353620883624e+01
s918        , -3.127845128551579e+00, -3.223206738635582e+00,  6.813573649058258e-02, -3.493744787656615e+00,  1.367077977243507e+02
s919        ,  5.105583294163231e-01,  7.400282349450483e-01,  3.290291504999183e-01,  9.038763729630861e-01, -3.462285719419711e+01
s920        ,  1.771894143640764e+00,  1.957815122723734e+00,  1.193515745513991e-01,  3.143427257588253e+00, -7.270809427278500e+01
s921        , -9.056974563096514e-01, -4.778855726071172e-01, -1.057747965730221e+00, -2.532012682367937e+00,  9.640876789317382e+00
s922        , -1.410433837530576e+00, -1.178861068722849e+00, -1.221379436266999e+00, -2.606349034741901e+00,  5.002047868042585e+01
s923        ,  4.793953840304336e-01,  3.831196723309815e-01,  8.097538491799061e-02,  9.369995852516382e-01, -1.106278464617677e+01
s924        ,  1.135546937050434e+00,  7.367303537226046e-01,  9.163572254185490e-01, -9.960600531939554e-01, -6.515680756866379e+01
s925        , -1.660407611730610e+00, -1.776736563335913e+00, -6.630928715428452e-02, -2.252862889700217e+00,  7.273030260915164e+01
s926        ,  1.324119315063384e+00,  1.285745465712288e+00, -2.153623813523441e-01,  2.548584702924790e+00, -3.805111389956228e+01
s927        ,  1.539392353089735e+00,  1.656624485719015e+00, -1.736441561041441e-01,  3.233819585004796e+00, -5.098134571121916e+01
s928        ,  9.855836123941223e-01,  6.986003194566019e-01, -8.525331352078844e-01, -6.266999365126174e-01, -3.558386393854903e+01
s929        , -2.495918760023568e-01, -4.274951217667908e-01,  3.392619465168843e-01, -5.129593479285559e-01,  1.324394330534005e+01
s930        ,  1.838769784503462e-01, -2.386227006758015e-01,  7.722395331199686e-01, -1.571061123822069e+00, -1.578877647696322e+01
s931        , -8.638799567978230e-01, -8.581436524769070e-01, -5.944526053329926e-01, -7.725506560934685e-01,  4.626194143648775e+01
s932        ,  5.236538255108801e-02,  1.033612495320827e-01, -3.238689501375788e-01,  1.552310863296721e+00,  1.729931363378697e+01
s933        , -8.753815959596397e-01, -1.166752463401652e+00, -1.146090779556943e+00, -1.238380519544918e+00,  6.499726998930286e+01
s934        ,  2.186233935344458e+00,  2.207925980459625e+00, -2.171793482924382e-01,  4.004058017257270e+00, -7.185130230884229e+01
s935        ,  1.613974894427503e+00,  1.655835233486603e+00,  1.509096169576378e-01,  2.171747996739346e+00, -6.805998456226683e+01
s936        ,  1.035578030022412e+00,  1.387000456343986e+00,  3.766059142243712e-01,  1.685442919262034e+00, -6.188199427014295e+01
s937        , -8.171291125163769e-01, -9.928838743055006e-01,  3.650492610328814e-01, -3.559242803315043e+00,  7.461683237807171e+00
s938        ,  4.014725274785205e-02,  9.744150257619588e-02,  3.953010150930159e-02,  1.610459605556619e+00,  1.362157511326248e+01
s939        ,  1.057305901451997e+00,  1.135007829717719e+00,  4.118478620001054e-02,  1.146857609848501e+00, -4.999957359415875e+01
s940        , -3.957202982614637e-01, -2.460346571353630e-01, -1.167509026604766e-01, -6.934049017763126e-01,  6.830067474294959e+00
s941        ,  9.864841851237819e-01,  9.006003588661926e-01,  3.037255516768547e-01,  2.031543628441841e+00, -2.955604393555293e+01
s942        ,  1.279801670109016e+00,  1.363428768068754e+00, -5.230578192029947e-01,  2.484647630446941e+00, -3.917561369002389e+01
s943        ,  4.132936671989457e-01,  4.539038879515646e-01, -1.973532836876722e-01,  1.035399335583779e+00, -1.020941885584391e+01
s944        ,  1.282832595601720e+00,  1.202348219633484e+00, -1.272801612058027e-01,  2.131561329004402e+00, -3.960472762495574e+01
s945        ,  4.840279729543951e-01,  4.583790159338393e-01,  4.244257216652927e-01,  4.909581386832598e-01, -2.514610772108306e+01
s946        , -8.681769341819047e-01, -9.763783776418133e-01, -3.587462301852977e-01, -1.575597432085438e+00,  4.004618196927403e+01
s947        ,  3.232932517737256e-03, -2.083351281086994e-01, -8.949962294075042e-02, -1.111494825242566e+00, -7.122727479163686e-01
s948        ,  1.167684526421475e+00,  1.086316045131465e+00, -3.950719485000608e-01,  1.470325256340333e+00, -3.768633256697493e+01
s949        ,  6.583480301151363e-02, -1.416799277369275e-01,  5.054154475126770e-01, -3.489019117647951e-01, -2.884687630546393e+00
s950        , -1.242753674158428e+00, -1.319111848948626e+00,  8.961456972686286e-01, -2.942808302105582e+00,  2.628899362149788e+01
s951        ,  2.310361811645397e+00,  2.306419609870399e+00, -7.057976001824893e-01,  2.815706374030976e+00, -8.546009372449983e+01
s952        , -1.119290121794750e+00, -1.398467328805500e+00, -6.792766119437776e-02, -2.272333189039355e+00,  5.138255617248839e+01
s953        , -1.683258967109912e+00, -1.257773975848651e+00, -1.593412268516554e+00, -2.145586909388133e+00,  6.485774259033771e+01
s954        , -9.643407255924855e-01, -9.014427687029242e-01, -1.302927032647737e+00, -2.138123166301198e+00,  4.127275557602166e+01
s955        ,  1.355195898291680e+00,  1.163767801209976e+00, -8.304344025345215e-01, -6.474528877626068e-02, -5.502565077841857e+01
s956        , -1.419644027773449e+00, -1.311623935370626e+00, -7.215082650603200e-02, -1.603744313827759e+00,  5.471376133882085e+01
s957        ,  7.507017303053017e-01,  8.221650051156948e-01,  5.004552173710211e-01,  1.243749214606034e+00, -3.730402955678333e+01
s958        , -6.248853964214247e-01, -5.672985032504263e-01, -3.541955296459121e-02,  4.407172205496834e-01,  3.750950527957113e+01
s959        ,  4.741402585439857e-01,  6.366760428559617e-01,  2.045523742471171e-01,  1.433269222733622e+00, -2.079816651042043e+01
s960        ,  1.748017862668237e+00,  1.562221292903583e+00, -3.730582014673302e-01,  2.163857986670694e+00, -5.612731059182262e+01
s961        ,  8.462482137940457e-02,  1.212575314118969e-02,  4.753802773217158e-01, -1.520877333237811e-02, -7.030679746028133e+00
s962        ,  7.563555564957672e-01,  8.868103966148194e-01, -3.935942538832449e-02,  7.898576549836971e-01, -3.942887098147303e+01
s963        ,  5.141335492556059e-01,  2.202859060148985e-01,  7.547634618091370e-02,  2.084157375943897e+00,  1.205109665968044e+01
s964        ,  1.406034132046022e+00,  1.423093389693830e+00, -4.383485502295453e-01,  2.143261033526387e+00, -4.775812322077685e+01
s965        ,  2.420661684207245e-01,  2.259344808195306e-01,  3.088939336340506e-01,  3.384324647288778e-01, -1.251569553308416e+01
s966        ,  1.305187256819844e+00,  1.547460580055329e+00, -1.361433666790131e-01,  2.762628184699063e+00, -5.109768541220856e+01
s967        , -1.065928149752257e+00, -9.809014727164435e-01,  1.036211764689301e+00, -3.481093572847736e+00, -9.664584531764526e-01
s968        ,  1.019284942775861e-01,  3.416719978292238e-02, -8.945370478126903e-01, -5.766514137179291e-01,  2.688219865610855e+00
s969        , -4.350166918309603e-01, -5.926981155592175e-01, -6.799407996047991e-01, -1.312571334905337e+00,  2.597712751881981e+01
s970        ,  1.624604127608152e-01,  2.577595795555188e-01, -3.464197212719412e-01,  1.534232095529864e+00,  8.746666503898508e+00
s971        ,  5.357086935063688e-01,  7.348383548993320e-01,  7.480260135057828e-01,  7.784690592884627e-01, -4.129424912715532e+01
s972        ,  4.526177537044205e-01,  2.041174042798163e-01, -1.623884388511671e+00, -1.409949456000667e+00, -7.472549986359713e+00
s973        ,  2.518105508318819e-02, -1.667599721245620e-01,  4.494421278426124e-01,  1.190623296727519e+00,  1.795845051031707e+01
s974        ,  1.381098824526411e-01,  6.670850077403616e-02,  4.100386280315265e-01,  9.254170256876657e-02, -7.922193759204500e+00
s975        ,  7.774949586651241e-02, -2.339486828702149e-01, -1.462415933929964e-01,  4.593824091617995e-01,  2.055178503557915e+01
s976        , -6.716438652263078e-01, -5.682968471092149e-01, -2.883314326883502e-02, -1.417169593626718e+00,  1.489379963537070e+01
s977        ,  5.126581856654772e-01,  3.584843546693627e-01,  3.379700964578515e-01,  3.591954234709389e-01, -2.004547880510845e+01
s978        ,  1.652033990012039e+00,  1.539614895879172e+00, -8.076768664769798e-01,  1.652958815973239e+00, -5.543584339741940e+01
s979        , -5.079779506789148e-01, -5.154504772504445e-01,  1.995317714173335e-01, -2.383375559595262e+00, -2.767660570057556e+00
s980        ,  1.486324502914815e+00,  1.622366166476845e+00, -8.635485430020362e-02,  2.808175945760563e+00, -5.537461697296630e+01
s981        , -6.471792492072077e-01, -5.779736327710197e-01,  2.464848196968841e-01,  2.352128565110440e-02,  2.937619097917473e+01
s982        , -4.819216106830154e-01, -6.592358517679983e-01,  3.827877688770527e-01, -7.463988943303699e-01,  2.278750029967797e+01
s983        ,  9.658446198162700e-01,  8.802558821169308e-01,  2.177551127719277e-01,  2.127087653478811e+00, -2.614246018631519e+01
s984        , -6.852585050477367e-01, -6.306753931297215e-01, -3.229085262264371e-01,  1.164572168409813e+00,  5.358020872341360e+01
s985        ,  1.854305119617258e+00,  1.836731517680933e+00,  1.725364570695487e-01,  2.651765513455071e+00, -7.261090505901190e+01
s986        , -4.521581959933576e-01, -3.112820604462209e-01,  2.128278622934487e-01,  1.038206780033788e+00,  2.724952098307400e+01
s987        , -2.521511431321029e-01, -3.875385993686391e-01, -3.809198061429470e-01, -2.074919378753056e-01,  2.407013239875028e+01
s988        , -5.979353596012116e-01, -5.307138140841705e-01, -3.799411455370143e-01, -1.907517777534474e-01,  3.225943866295113e+01
s989        ,  5.009353081364425e-02,  2.039087340624643e-01, -4.264661041155797e-01,  5.522432973168244e-02, -5.186340972291950e+00
s990        , -8.490157785255917e-01, -1.084465503125285e+00,  3.431416387892072e-01, -2.907547249056002e+00,  2.078471884207576e+01
s991        ,  1.777005115889338e+00,  1.824830142857825e+00,  6.232352157245491e-03,  3.898716479980150e+00, -5.462915300649231e+01
s992        ,  1.436402784430078e-01,  4.338655657555618e-02,  5.419274656711290e-01,  2.065853629119594e+00,  1.565856010724639e+01
s993        , -7.746133794839222e-01, -4.999461622390157e-01, -2.266567693441017e-01, -7.496105599852543e-01,  2.175768004221194e+01
s994        , -3.519374423249963e-01, -8.123372923318251e-02,  8.728248271516561e-01, -1.434652453114476e+00, -2.422819279312290e+01
s995        ,  2.515821213310820e+00,  2.675629982537170e+00, -2.843048110105695e-01,  4.309269369248782e+00, -9.339823213795552e+01
s996        , -9.307341685855109e-01, -1.305137839156778e+00,  8.955161622529353e-01, -3.526283694036708e+00,  1.842329136944157e+01
s997        ,  9.020799685707303e-01,  8.247936693866957e-01,  6.966103580409639e-01,  2.282064132093217e+00, -2.737350824009098e+01
s998        ,  7.128984046028965e-02,  1.451849199246741e-01,  4.335800463002150e-01,  4.979394264919075e-01, -7.683401327110987e+00
s999        ,  5.124895301791403e-01,  4.676769224508774e-01, -3.199792680687177e-01,  1.237572043157665e+00, -6.929915816845364e+00
s1000       , -1.908214440895996e+00, -1.915701042440262e+00, -9.514450662893847e-02, -2.682949496523595e+00,  7.563923383851215e+01
s1001       , -6.478798150695012e-01, -6.310701167064486e-01,  3.090844811288587e-01, -1.496486233717801e-01,  2.942496092200340e+01
s1002       ,  1.628384326110677e+00,  1.419133223809993e+00, -5.822159153901160e-01,  1.954640600938884e+00, -4.796313774028211e+01
s1003       , -1.320631610111836e+00, -1.409531606716010e+00,  3.345029481192994e-01, -3.017036356445264e+00,  3.772562177254780e+01
s1004       ,  3.127068110729108e-01,  5.093420908963802e-01,  6.099899989758781e-01,  9.809052935970162e-01, -2.444478338852275e+01
s1005       , -8.308586454054456e-02,  4.317118119854618e-02,  2.611555935886831e-01,  7.356623938314909e-01,  3.142888960778043e+00
s1006       , -4.431446782915395e-01, -7.371950716223513e-01,  2.382770636889582e-01,  2.485004614649518e+00,  6.830144947960379e+01
s1007       ,  8.915087432489126e-01,  5.525279924028155e-01, -1.003124229190996e-01,  2.246773712130058e+00, -2.251762664246311e+00
s1008       , -4.555641263772588e-01, -3.268439420288882e-01,  6.292827886587870e-01, -2.078125922692618e+00, -1.516962765057044e+01
s1009       , -1.076167756737711e+00, -8.655970096990513e-01,  3.471457068230728e-01, -1.714765136723676e+00,  2.300610289823483e+01
s1010       , -5.741566073917021e-02, -1.389187416412396e-01,  2.502216686461744e-01, -6.169945407196792e-02,  3.763843102103982e+00
s1011       , -6.851232733351752e-01, -4.979250499938726e-01,  7.163557439641743e-02, -2.735082399897114e+00, -6.362820507853459e+00
s1012       ,  1.183771163089419e+00,  1.118065528797864e+00,  6.111921471947785e-01,  2.788841705990918e+00, -3.648800162647812e+01
s1013       ,  5.720663447691927e-01,  4.379236920841160e-01,  2.491884012954877e-01,  1.047710675371981e+00, -1.496119920911807e+01
s1014       ,  1.639794129625306e+00,  1.602049587575519e+00,  4.243656781508434e-01,  3.416222320025313e+00, -5.347465927386289e+01
s1015       ,  1.278838546119833e+00,  1.317078695592933e+00, -1.570064014503710e-01,  1.053863827840564e+00, -5.872982482924929e+01
s1016       , -1.591656559306218e+00, -1.159281542046755e+00, -3.398354097423837e-01, -8.496924291700406e-01,  5.884340893488012e+01
s1017       , -2.238585492043279e-01, -4.189505977620285e-01,  4.013063003773181e-01,  2.411952687116320e-01,  2.112966470628715e+01
s1018       ,  1.969653626448107e+00,  2.237815869255491e+00, -3.873416530510081e-01,  3.568161523266245e+00, -7.661225194999639e+01
s1019       , -1.095283509128894e+00, -1.032665068683731e+00, -2.798995791546199e-01, -2.677665696373999e+00,  2.876989754895090e+01
s1020       ,  2.026970585970871e+00,  1.912143301889412e+00, -6.638241100407679e-01,  1.882520388616855e+00, -7.532302660568351e+01
s1021       , -1.076267557425617e+00, -1.131920334799566e+00,  3.005399626112173e-01, -3.525113056564002e+00,  1.648093070626035e+01
s1022       ,  2.061743967154248e+00,  2.067231021469845e+00, -2.257689481478409e-02,  3.433361097151377e+00, -7.345432936593036e+01
s1023       , -7.584250456952716e-01, -7.340632604748880e-01,  3.042548473077820e-01,  1.244146084312218e+00,  5.218547704185013e+01
s1024       ,  1.053814834881829e+00,  1.109651194606146e+00, -2.858520155724690e-01,  2.098953954517524e+00, -3.276502352441754e+01
s1025       ,  2.675022500952487e-01,  1.482735308096309e-01,  2.840067460624214e-01, -1.651211590475554e-02, -1.216923164673305e+01
s1026       ,  1.191217039336654e+00,  1.277677378604225e+00, -6.888711772928584e-01,  1.693635493586146e+00, -4.184976291624635e+01
s1027       , -1.091104512041814e+00, -1.153055771374396e+00, -4.938276519399801e-01, -2.559510594350067e+00,  3.970779024103263e+01
s1028       ,  4.058140530066474e-01,  4.089199052605157e-01,  2.642776770015445e-01,  1.702387490312108e+00, -5.577898305024789e+00
s1029       , -2.810797283104409e-01, -1.487589451306107e-01,  6.861055497691400e-01, -1.369297506241326e-01, -2.256885113155406e+00
s1030       , -5.114017609957666e-01, -2.784157244524342e-01, -1.887405523537777e-02,  1.034650140937406e+00,  2.837669253706108e+01
s1031       ,  7.568139692128296e-01,  6.629543945610767e-01, -2.512165066788687e-01,  1.613749799120068e+00, -1.415822587174561e+01
s1032       ,  1.164702788614623e+00,  7.219607428871744e-01, -1.089873567705215e-01,  1.665395211144084e-01, -3.689363157135939e+01
s1033       , -8.951823961598004e-01, -7.984682653087647e-01,  7.645106620682347e-01, -1.545238704277615e+00,  1.590125841366076e+01
s1034       ,  1.875078712098186e+00,  1.788233289453139e+00, -5.037086355376961e-01,  2.644066290877413e+00, -6.122040418491622e+01
s1035       ,  5.020924654475383e-01,  1.933398898806957e-01,  7.415081708818932e-01,  3.373405820538916e-02, -2.001242666622131e+01
s1036       ,  2.037733904983300e+00,  2.195612400087086e+00,  4.265500570232872e-02,  3.061839246293969e+00, -8.598932448740341e+01
s1037       ,  7.899885329373273e-01,  7.217902257865245e-01, -5.926044896556221e-01,  1.793949894341845e+00, -1.082469190954081e+01
s1038       , -1.481530067718233e+00, -1.594997835012686e+00, -1.743816251583133e-01, -3.595980460560457e+00,  4.765170982879626e+01
s1039       , -1.299957501960030e+00, -1.749951116515347e+00,  5.049776551861265e-01, -3.295588783727970e+00,  5.114485184400298e+01
s1040       ,  7.907676425376595e-02,  1.886846925783263e-02, -1.441581296713486e-01,  1.236584083505424e-01,  2.319755286413279e+00
s1041       , -2.182521057971927e+00, -2.006460053085604e+00, -4.948341035255748e-01, -1.729144846363403e+00,  9.749098126820481e+01
