# c0 + a0 * (cub_root_V * WE) + a1 * (Al + O) + a2 * (O + E_T)
# Property Label: $ln_{D}$; Unit of the Property: Unitless
# RMSE: 0.358726654364842; Max AE: 1.70125527055551
# Coefficients
# Task   a0                      a1                      a2                      c0
# all ,  4.958142587923720e-02, -2.965534012958087e+00, -7.184114607605144e-01, -1.328732061250861e+01, 
# Feature Rung, Units, and Expressions
# 0;  1; A;                                                21|7|mult; (cub_root_V * WE); $\left(cub_{root, V} WE\right)$; (cub_root_V .* WE); (newdata$cub_root_V * newdata$WE); cub_root_V,WE
# 1;  1; Unitless;                                         14|11|add; (Al + O); $\left(Al + O\right)$; (Al + O); (newdata$Al + newdata$O); Al,O
# 2;  1; Unitless;                                         11|0|add; (O + E_T); $\left(O + E_{T}\right)$; (O + E_T); (newdata$O + newdata$E_T); O,E_T
# Number of Samples Per Task
# Task, n_samples               
# all , 1041                  

# Sample ID , Property Value        ,  Property Value (EST) ,  Feature 0 Value      ,  Feature 1 Value      ,  Feature 2 Value      
s1          , -2.244947812336508e+01, -2.225127092581169e+01,  7.075875636483805e+01,  6.313868613138686e-01,  1.475459637507883e+01
s2          , -2.298888400764099e+01, -2.325533446326547e+01,  7.194138230782384e+01,  4.679245283018868e-01,  1.690858891402743e+01
s3          , -1.755271246623431e+01, -1.784052602309174e+01,  6.859749450811627e+01,  1.086956521739130e-01,  1.062347521346189e+01
s4          , -1.917258847351942e+01, -1.893953641538952e+01,  6.800994207189228e+01,  0.000000000000000e+00,  1.256138883866988e+01
s5          , -2.000094091703784e+01, -2.076560652581454e+01,  7.286211131058030e+01,  4.076923076923077e-01,  1.375516458063223e+01
s6          , -2.179532463031582e+01, -2.170542064369005e+01,  6.777920404892839e+01,  6.183206106870229e-01,  1.384309598910606e+01
s7          , -2.156980503382011e+01, -2.141318031247681e+01,  6.533283589001906e+01,  6.607929515418502e-01,  1.309215039088110e+01
s8          , -2.070680399014268e+01, -2.084657007883366e+01,  6.729774181111560e+01,  0.000000000000000e+00,  1.516675061424882e+01
s9          , -2.311678210871720e+01, -2.294968164777714e+01,  5.836008177989474e+01,  4.682926829268293e-01,  1.554429437036547e+01
s10         , -1.955558688693647e+01, -1.922989621933365e+01,  5.732391621816939e+01,  0.000000000000000e+00,  1.222805813900046e+01
s11         , -1.929232032084748e+01, -1.887799496655133e+01,  7.959207525618098e+01,  0.000000000000000e+00,  1.327507070089868e+01
s12         , -1.972420304545977e+01, -1.958737027005208e+01,  6.081786189025320e+01,  3.947368421052632e-01,  1.133734758203288e+01
s13         , -1.649771434553038e+01, -1.666889470655383e+01,  6.896743823485122e+01,  0.000000000000000e+00,  9.466828401885049e+00
s14         , -1.814284237715737e+01, -1.830919030864328e+01,  7.278458471829732e+01,  0.000000000000000e+00,  1.201349596978806e+01
s15         , -2.140988745272463e+01, -2.095645537246290e+01,  5.807548390942884e+01,  0.000000000000000e+00,  1.468322909220248e+01
s16         , -2.271802967642396e+01, -2.252310862026717e+01,  6.088699914735089e+01,  5.575221238938053e-01,  1.475658727713754e+01
s17         , -1.845283706311921e+01, -1.794453782102836e+01,  7.165564808648891e+01,  0.000000000000000e+00,  1.142800033320397e+01
s18         , -2.106370881996578e+01, -2.166284387984556e+01,  6.913440559225835e+01,  4.897119341563786e-01,  1.440824491533685e+01
s19         , -2.166440903696862e+01, -2.144067880981910e+01,  6.294604442666145e+01,  3.059360730593607e-01,  1.443051728603995e+01
s20         , -1.957524373940041e+01, -1.952465962834602e+01,  6.710900756365291e+01,  3.952569169960474e-02,  1.315052032586146e+01
s21         , -2.230012329283520e+01, -2.314950261629117e+01,  5.493311500988126e+01,  5.212765957446809e-01,  1.536721127393174e+01
s22         , -1.709175230426198e+01, -1.705226812682680e+01,  6.746606448460832e+01,  0.000000000000000e+00,  9.896851008472128e+00
s23         , -2.271630669020732e+01, -2.258160831775514e+01,  6.685905436738145e+01,  3.166666666666667e-01,  1.624440842103852e+01
s24         , -1.997593461761007e+01, -2.024772686406786e+01,  7.103915787728310e+01,  3.472803347280335e-01,  1.315785989508156e+01
s25         , -2.228124530569044e+01, -2.281644214798903e+01,  5.172824662339696e+01,  5.141242937853108e-01,  1.471194330614414e+01
s26         , -1.806502239865187e+01, -1.846186569036461e+01,  7.264317946438378e+01,  1.673469387755102e-01,  1.152546264842853e+01
s27         , -2.017409009594002e+01, -2.001126314588235e+01,  6.264767038999123e+01,  1.052631578947368e-01,  1.324859416106476e+01
s28         , -1.658938425028538e+01, -1.690087596670170e+01,  7.710591052078209e+01,  5.862068965517241e-02,  1.010943601151142e+01
s29         , -2.262132344831001e+01, -2.323437789944749e+01,  5.211229985886649e+01,  4.293785310734464e-01,  1.567002114573491e+01
s30         , -1.697997334312175e+01, -1.699596378986890e+01,  7.051038558470431e+01,  0.000000000000000e+00,  1.002858254282004e+01
s31         , -1.964904728113367e+01, -1.976981886518553e+01,  5.752061156826657e+01,  2.842105263157895e-01,  1.181998989834859e+01
s32         , -2.151059652715050e+01, -2.089659843705224e+01,  6.274136295090469e+01,  0.000000000000000e+00,  1.492192795742413e+01
s33         , -2.289264810431292e+01, -2.348361563088359e+01,  5.712198195253624e+01,  4.126984126984127e-01,  1.643154904597763e+01
s34         , -2.302504917991390e+01, -2.266581418186276e+01,  4.984686663385579e+01,  7.954545454545454e-02,  1.616633110132655e+01
s35         , -2.244061385591441e+01, -2.237200963001977e+01,  5.745648218417710e+01,  5.145631067961165e-01,  1.448683589230736e+01
s36         , -2.239655424600443e+01, -2.197847099396089e+01,  8.230765116472564e+01,  6.102236421725240e-01,  1.525928067599527e+01
s37         , -2.226102540809307e+01, -2.207973034335365e+01,  7.946605106723652e+01,  5.389830508474577e-01,  1.549818995129651e+01
s38         , -2.102436377352775e+01, -2.145909535989626e+01,  4.962784291391433e+01,  3.099415204678362e-01,  1.352045780437927e+01
s39         , -2.141661104833067e+01, -2.097626640531986e+01,  6.206427185975345e+01,  8.161434977578476e-01,  1.161713035157313e+01
s40         , -1.990275935468409e+01, -1.959719175073745e+01,  5.385937242032760e+01,  1.702127659574468e-01,  1.179759001050850e+01
s41         , -1.952311408648237e+01, -1.956015304581381e+01,  5.652165702711184e+01,  2.189054726368159e-01,  1.172877329673941e+01
s42         , -1.862175379272403e+01, -1.917374509980735e+01,  6.924070531854295e+01,  6.521739130434782e-02,  1.270312834940833e+01
s43         , -2.257821044890805e+01, -2.248527682773528e+01,  6.175821118835562e+01,  7.235023041474655e-01,  1.407890359041090e+01
s44         , -1.984867902879579e+01, -1.974120537003065e+01,  5.651559120657173e+01,  0.000000000000000e+00,  1.288399317036714e+01
s45         , -1.928264199244582e+01, -1.933281404214700e+01,  6.094651001849996e+01,  3.030303030303030e-02,  1.249624222608577e+01
s46         , -2.007096062658339e+01, -2.017993404537824e+01,  6.739290192174691e+01,  1.098039215686274e-01,  1.379212732718986e+01
s47         , -1.842882744186564e+01, -1.808548131239492e+01,  7.499259712675797e+01,  0.000000000000000e+00,  1.185448877277465e+01
s48         , -1.712958329507449e+01, -1.731332279340570e+01,  7.063576804034417e+01,  0.000000000000000e+00,  1.047898688927233e+01
s49         , -2.142142340445580e+01, -2.216470406867578e+01,  6.936130959665726e+01,  3.359683794466403e-01,  1.575711280873738e+01
s50         , -2.022197746600499e+01, -2.001201278303261e+01,  6.787727386331414e+01,  0.000000000000000e+00,  1.404507687388660e+01
s51         , -2.208446385448407e+01, -2.231091465522292e+01,  6.040394676658693e+01,  4.070351758793970e-01,  1.504907950960228e+01
s52         , -2.030062191637932e+01, -2.015814547783821e+01,  8.493533175582320e+01,  4.397759103641457e-01,  1.361040272199163e+01
s53         , -1.881589086732163e+01, -1.876468779220485e+01,  7.077289411168358e+01,  6.188524590163935e-01,  9.954128737823392e+00
s54         , -2.389190768082197e+01, -2.420753487823612e+01,  5.560412004888601e+01,  3.333333333333333e-01,  1.766207135869826e+01
s55         , -1.989931101552115e+01, -1.981103610277275e+01,  6.641577275029645e+01,  9.016393442622951e-02,  1.329227122811093e+01
s56         , -2.293632659980805e+01, -2.342935305433762e+01,  5.217697479837105e+01,  5.108695652173912e-01,  1.560949510283250e+01
s57         , -2.165250835772914e+01, -2.111897651702833e+01,  6.768087650417159e+01,  3.983050847457627e-01,  1.392820623909980e+01
s58         , -2.493828100106786e+01, -2.502884957586176e+01,  5.880509336023670e+01,  5.333333333333333e-01,  1.820064394160582e+01
s59         , -2.019609135900962e+01, -1.979549939956909e+01,  5.638178273276321e+01,  0.000000000000000e+00,  1.295033344640037e+01
s60         , -1.686951544328429e+01, -1.739413082801788e+01,  7.237141206259736e+01,  5.594405594405594e-02,  1.048032280800659e+01
s61         , -1.698686520707895e+01, -1.738107272986738e+01,  7.662133324683114e+01,  4.620462046204620e-02,  1.079565976127190e+01
s62         , -1.961666852236879e+01, -1.971010030168600e+01,  5.880691255109689e+01,  0.000000000000000e+00,  1.299883252854930e+01
s63         , -2.363642228074260e+01, -2.335060377087109e+01,  6.012662897425651e+01,  4.528301886792453e-01,  1.628810851264553e+01
s64         , -2.123215125329894e+01, -2.133983645594782e+01,  5.798126241320318e+01,  5.051546391752577e-01,  1.312514729915971e+01
s65         , -2.229595939650926e+01, -2.199513347600306e+01,  6.371414403143661e+01,  4.868421052631579e-01,  1.450854380874742e+01
s66         , -2.209517036440609e+01, -2.211255324075134e+01,  5.929925479066968e+01,  2.906403940886699e-01,  1.517719420649046e+01
s67         , -2.100952424313996e+01, -2.043262197807013e+01,  7.476889913052108e+01,  5.231316725978647e-01,  1.294673837424978e+01
s68         , -2.306714632630091e+01, -2.310484507070879e+01,  5.748834809240750e+01,  3.492063492063492e-01,  1.619168966157265e+01
s69         , -2.116954741071400e+01, -2.100543870000155e+01,  6.736621150486987e+01,  3.794466403162055e-01,  1.382629528419714e+01
s70         , -2.268552320802911e+01, -2.163382867377889e+01,  6.923342048962401e+01,  5.254237288135594e-01,  1.422727557521243e+01
s71         , -1.844586653395837e+01, -1.892308634626739e+01,  7.266979932125713e+01,  0.000000000000000e+00,  1.286009272831540e+01
s72         , -2.185924535832699e+01, -2.138213697912703e+01,  6.739196187964492e+01,  4.893617021276596e-01,  1.389870248804440e+01
s73         , -1.814705961150877e+01, -1.776731754986916e+01,  7.059622517353053e+01,  0.000000000000000e+00,  1.110820035458225e+01
s74         , -2.269683109870329e+01, -2.355189891895528e+01,  5.249729607106711e+01,  4.382022471910113e-01,  1.610214489007334e+01
s75         , -2.162544692540680e+01, -2.187634806890013e+01,  5.761465128956132e+01,  5.637254901960784e-01,  1.360487330389796e+01
s76         , -1.799713371423827e+01, -1.827456622318221e+01,  7.153800227499951e+01,  0.000000000000000e+00,  1.187926729201374e+01
s77         , -1.808839931225978e+01, -1.786932765419368e+01,  6.342590500879573e+01,  0.000000000000000e+00,  1.075533210664907e+01
s78         , -1.710463489071706e+01, -1.720975269412368e+01,  7.051580463778240e+01,  0.000000000000000e+00,  1.032654213885252e+01
s79         , -2.130172009097587e+01, -2.108716145705769e+01,  7.380893283925769e+01,  4.448398576512456e-01,  1.411475985979630e+01
s80         , -2.075517304342145e+01, -2.062870866173537e+01,  5.655643040880506e+01,  2.000000000000000e-02,  1.403962267054964e+01
s81         , -1.679587307458704e+01, -1.685693052149451e+01,  7.116020858184552e+01,  0.000000000000000e+00,  9.879901566191508e+00
s82         , -1.961963418382102e+01, -1.945694760101282e+01,  5.885393399715876e+01,  1.015228426395939e-02,  1.260779164185863e+01
s83         , -1.732943596118787e+01, -1.749782172686233e+01,  6.768939812187699e+01,  0.000000000000000e+00,  1.053245723854915e+01
s84         , -2.091958911511147e+01, -2.125556748620952e+01,  7.342089146455679e+01,  1.349480968858132e-01,  1.560159713860114e+01
s85         , -1.931803893900067e+01, -1.904476518205180e+01,  6.557962114686171e+01,  1.731601731601732e-01,  1.182534491088885e+01
s86         , -2.124992178205270e+01, -2.109739768808093e+01,  6.164702343404690e+01,  5.963302752293578e-01,  1.266431172306523e+01
s87         , -2.000999990609716e+01, -1.987597890855760e+01,  6.113651931470204e+01,  1.026785714285714e-01,  1.296666020769036e+01
s88         , -1.933594922663024e+01, -1.952784278237099e+01,  5.923475905063325e+01,  0.000000000000000e+00,  1.277466533661714e+01
s89         , -2.128477820873118e+01, -2.132611989165222e+01,  7.092532253853742e+01,  5.180722891566265e-01,  1.394607053773596e+01
s90         , -2.009844325702736e+01, -2.027224286974022e+01,  6.803591622757769e+01,  1.841004184100418e-01,  1.365830652508399e+01
s91         , -2.185233402642529e+01, -2.214734563293415e+01,  5.669756827637825e+01,  4.791666666666667e-01,  1.426784901333161e+01
s92         , -1.852873985612102e+01, -1.882709376572437e+01,  6.576297287276182e+01,  2.280701754385965e-01,  1.130834584278522e+01
s93         , -2.244477787769646e+01, -2.238722394301514e+01,  6.455340825576488e+01,  5.462555066079295e-01,  1.486698731291654e+01
s94         , -2.069748145715988e+01, -2.067559479864980e+01,  5.740213210603638e+01,  1.850000000000000e-01,  1.348214843596203e+01
s95         , -1.839144268754908e+01, -1.788386600123289e+01,  7.435708476386760e+01,  0.000000000000000e+00,  1.152998821423509e+01
s96         , -2.061908691885885e+01, -2.040231375205734e+01,  5.723694539786383e+01,  0.000000000000000e+00,  1.385401409772986e+01
s97         , -2.336181657728519e+01, -2.313774236812403e+01,  6.333801774763636e+01,  2.982456140350877e-01,  1.685155949830643e+01
s98         , -1.913590175727989e+01, -1.923460650532104e+01,  5.843945297431274e+01,  2.572815533980582e-01,  1.124957011796191e+01
s99         , -1.764848235022367e+01, -1.826004965142731e+01,  7.578151203151521e+01,  2.173913043478261e-01,  1.125455758320133e+01
s100        , -2.003395952271198e+01, -1.995276106413682e+01,  5.536850562785123e+01,  2.574257425742574e-01,  1.203667478368263e+01
s101        , -2.047737186068138e+01, -1.995560242639795e+01,  7.672730827044199e+01,  3.973509933774834e-01,  1.293711721418137e+01
s102        , -1.813404261594337e+01, -1.877115775638283e+01,  7.410221511828816e+01,  1.861313868613139e-01,  1.197914028615624e+01
s103        , -2.094885731266024e+01, -2.071041217576479e+01,  5.272983187971514e+01,  1.666666666666667e-01,  1.328383059938385e+01
s104        , -1.695125455205811e+01, -1.717068227104114e+01,  6.885016526819068e+01,  1.034482758620690e-01,  9.730178352806050e+00
s105        , -2.089913046364001e+01, -2.161694059569712e+01,  6.732194409555105e+01,  4.801762114537445e-01,  1.425862425174133e+01
s106        , -2.193421435204462e+01, -2.192403707450059e+01,  5.825105561583408e+01,  4.384236453201971e-01,  1.423241023366987e+01
s107        , -1.938858975045087e+01, -1.969877573534764e+01,  6.159489657329788e+01,  0.000000000000000e+00,  1.317548290753482e+01
s108        , -2.184761912256448e+01, -2.195142999916399e+01,  6.149899833355686e+01,  5.377358490566038e-01,  1.408474671757332e+01
s109        , -1.765266017099491e+01, -1.802840073564728e+01,  7.422209002647413e+01,  0.000000000000000e+00,  1.172185806929322e+01
s110        , -2.222643790681205e+01, -2.156697491295282e+01,  8.746033342076262e+01,  5.243902439024390e-01,  1.539642090794856e+01
s111        , -2.198367498730207e+01, -2.172643958523921e+01,  5.867995430476812e+01,  4.264705882352941e-01,  1.403630411474320e+01
s112        , -2.341727175416096e+01, -2.323421283823347e+01,  5.812576065371957e+01,  7.101449275362318e-01,  1.492583563625486e+01
s113        , -2.064750776227555e+01, -2.044458973149286e+01,  5.756732035372027e+01,  2.769230769230769e-01,  1.279254945745329e+01
s114        , -2.335281852671257e+01, -2.324120319382506e+01,  6.364249035757162e+01,  5.594713656387665e-01,  1.593827111771199e+01
s115        , -2.467653405274963e+01, -2.485786921357223e+01,  6.144189581581240e+01,  4.511627906976744e-01,  1.848381815774889e+01
s116        , -2.119630992652875e+01, -2.168506294558669e+01,  6.493184726420091e+01,  8.418803418803418e-01,  1.269541427842483e+01
s117        , -1.681518237222159e+01, -1.712457469191886e+01,  7.075944768107382e+01,  2.380952380952381e-02,  1.012650943718846e+01
s118        , -1.725426000439147e+01, -1.702304676742229e+01,  7.585128837992100e+01,  0.000000000000000e+00,  1.043488529488588e+01
s119        , -2.026224064054247e+01, -2.089068920556218e+01,  7.717869265606843e+01,  5.693950177935944e-01,  1.355969171211263e+01
s120        , -2.061376236446881e+01, -2.062389801561017e+01,  5.474959105601270e+01,  2.972972972972973e-01,  1.276356997028038e+01
s121        , -2.090204853596659e+01, -2.125769909439447e+01,  6.016416041719506e+01,  3.575129533678756e-01,  1.377091967385798e+01
s122        , -1.679179791839329e+01, -1.660692978998373e+01,  8.022989514633258e+01,  0.000000000000000e+00,  1.015785824080087e+01
s123        , -1.729435756680531e+01, -1.761543965226438e+01,  7.495077062495632e+01,  1.227436823104693e-01,  1.069064870595319e+01
s124        , -1.927065840811719e+01, -1.998031504747646e+01,  6.315279005639713e+01,  3.399014778325123e-01,  1.227181204948513e+01
s125        , -2.074667074869674e+01, -2.088660943823794e+01,  5.906667404152734e+01,  0.000000000000000e+00,  1.465441369143456e+01
s126        , -1.981090987888966e+01, -1.981502054343892e+01,  6.181130174366707e+01,  1.880341880341880e-01,  1.257603910863909e+01
s127        , -1.791042209268825e+01, -1.837144315899597e+01,  6.934973818428503e+01,  2.179487179487180e-01,  1.096342074710310e+01
s128        , -2.199486439730610e+01, -2.231215264530160e+01,  5.591002452449948e+01,  5.400000000000000e-01,  1.419178696268343e+01
s129        , -1.847106084369403e+01, -1.803621834444358e+01,  6.707718809760055e+01,  0.000000000000000e+00,  1.123963188621170e+01
s130        , -2.183307419908922e+01, -2.143958262044200e+01,  5.949253778549075e+01,  8.056872037914692e-01,  1.212772141001261e+01
s131        , -1.937195493711046e+01, -1.945348689535446e+01,  5.690527599775238e+01,  0.000000000000000e+00,  1.251039480543867e+01
s132        , -1.756898825137140e+01, -1.755111085501760e+01,  7.073847722147086e+01,  3.292181069958848e-02,  1.068116876943261e+01
s133        , -1.952720456066259e+01, -1.930363267042053e+01,  6.549751424473578e+01,  1.371681415929203e-01,  1.232858313110352e+01
s134        , -1.792604080418195e+01, -1.776429676232581e+01,  7.057347120180052e+01,  0.000000000000000e+00,  1.110242516566509e+01
s135        , -2.163690184151209e+01, -2.225825844386566e+01,  7.032012841402656e+01,  5.444015444015444e-01,  1.509311774902272e+01
s136        , -2.266590946104735e+01, -2.268365505847594e+01,  5.811840291018684e+01,  4.179894179894180e-01,  1.536496353258194e+01
s137        , -1.871948299194560e+01, -1.894950062401339e+01,  5.975377383472880e+01,  2.890995260663507e-01,  1.081208091250872e+01
s138        , -2.098569970792443e+01, -2.100664819976423e+01,  6.988952265600358e+01,  4.310344827586207e-01,  1.378917639300211e+01
s139        , -1.946420871832499e+01, -1.937828197199583e+01,  5.899024510991552e+01,  0.000000000000000e+00,  1.254960745678858e+01
s140        , -1.890485827097119e+01, -1.881998509037867e+01,  7.493260406097659e+01,  0.000000000000000e+00,  1.287274819122136e+01
s141        , -2.048387804329865e+01, -2.063555237173357e+01,  7.775439023742993e+01,  3.573883161512028e-01,  1.411942687752941e+01
s142        , -1.712146112463541e+01, -1.708594384775809e+01,  7.748277397157459e+01,  0.000000000000000e+00,  1.063503307944266e+01
s143        , -2.146398341435241e+01, -2.165368816207714e+01,  5.806727354222828e+01,  5.169082125603864e-01,  1.351943477141218e+01
s144        , -2.296743054539722e+01, -2.232504976151488e+01,  6.358527800014411e+01,  7.797356828193833e-01,  1.374984357600055e+01
s145        , -2.169591974109321e+01, -2.149512005886215e+01,  6.046870334925249e+01,  2.060301507537688e-01,  1.474772486021735e+01
s146        , -2.268369172314783e+01, -2.244909014387493e+01,  6.236289459229789e+01,  4.953703703703703e-01,  1.501197248920169e+01
s147        , -2.121406114253308e+01, -2.159272726874652e+01,  6.205513185579721e+01,  3.417085427135679e-01,  1.443301065918475e+01
s148        , -2.139826235530006e+01, -2.070016969659927e+01,  7.172509175741214e+01,  3.574297188755020e-01,  1.379308649347700e+01
s149        , -1.818204101397333e+01, -1.833137205553351e+01,  5.796443619548152e+01,  0.000000000000000e+00,  1.102155418219650e+01
s150        , -2.236615053154114e+01, -2.189873921369375e+01,  6.456893835022119e+01,  5.638766519823789e-01,  1.411536952764653e+01
s151        , -2.007280490017163e+01, -2.001668751189202e+01,  5.408799631365295e+01,  5.263157894736842e-02,  1.288265380989843e+01
s152        , -2.043501428229088e+01, -2.033359693018738e+01,  6.137710563896622e+01,  0.000000000000000e+00,  1.404409768312792e+01
s153        , -2.294208833005412e+01, -2.284190418085808e+01,  6.649749530991727e+01,  6.093750000000000e-01,  1.537350462418146e+01
s154        , -1.941555486932839e+01, -1.954171626215300e+01,  5.998576201686600e+01,  0.000000000000000e+00,  1.284580740558312e+01
s155        , -2.030625886040805e+01, -2.049157233687498e+01,  7.127027795256022e+01,  0.000000000000000e+00,  1.494677397921330e+01
s156        , -1.755225478861601e+01, -1.793906121501860e+01,  6.151795322509971e+01,  7.619047619047620e-02,  1.040621343103610e+01
s157        , -1.981494689568535e+01, -1.946715914457518e+01,  5.754843227608644e+01,  1.479591836734694e-01,  1.196305228847324e+01
s158        , -2.120666701656112e+01, -2.108002070470284e+01,  5.935959187126093e+01,  2.575757575757576e-01,  1.388060209426527e+01
s159        , -2.199339551508707e+01, -2.184664943275044e+01,  6.346509731050172e+01,  4.587155963302753e-01,  1.440077546134532e+01
s160        , -1.822712376873660e+01, -1.790289884382882e+01,  7.279990353656615e+01,  0.000000000000000e+00,  1.144901174575771e+01
s161        , -1.850131544535105e+01, -1.843089223532427e+01,  7.528514520077829e+01,  0.000000000000000e+00,  1.235547726368276e+01
s162        , -2.165239460618542e+01, -2.200629876245527e+01,  7.584978205504154e+01,  6.425992779783394e-01,  1.471868011421221e+01
s163        , -2.054863013411503e+01, -2.039063992509689e+01,  5.770908631436508e+01,  0.000000000000000e+00,  1.387034957334042e+01
s164        , -2.244259094688993e+01, -2.302498014904057e+01,  5.277755992288217e+01,  3.314606741573033e-01,  1.582865659844279e+01
s165        , -2.169401378729562e+01, -2.134329619670131e+01,  6.726713184151185e+01,  6.124031007751938e-01,  1.332811932116928e+01
s166        , -1.893544650248816e+01, -1.846699048146594e+01,  6.087633764226216e+01,  0.000000000000000e+00,  1.141129553095953e+01
s167        , -1.990371422830687e+01, -1.972977926097081e+01,  6.734190664406592e+01,  0.000000000000000e+00,  1.361527054558242e+01
s168        , -2.358382467591309e+01, -2.345088952926194e+01,  6.077974847688414e+01,  2.769953051643192e-01,  1.719860718653397e+01
s169        , -2.234616115486217e+01, -2.308573369476600e+01,  5.428754892956719e+01,  3.043478260869565e-01,  1.612935478977028e+01
s170        , -1.980105726485419e+01, -1.981135983444952e+01,  6.985871884883436e+01,  1.477272727272727e-01,  1.329272204335284e+01
s171        , -2.225344967355102e+01, -2.197847022413962e+01,  6.555477791911385e+01,  5.160000000000000e-01,  1.449202023078759e+01
s172        , -2.076076397080535e+01, -2.049875124345064e+01,  5.962570334135045e+01,  7.575757575757576e-02,  1.384039216674582e+01
s173        , -2.167162181633835e+01, -2.148346462062395e+01,  5.795354552849460e+01,  2.760416666666666e-01,  1.426891557079287e+01
s174        , -2.217746151284670e+01, -2.215390215233769e+01,  7.006496191860350e+01,  4.637096774193548e-01,  1.526333589360475e+01
s175        , -1.912249737452136e+01, -1.910896894219034e+01,  6.424778845247475e+01,  1.121076233183857e-01,  1.207481616662599e+01
s176        , -2.262880123350610e+01, -2.194646218018601e+01,  6.561134079296390e+01,  3.716814159292036e-01,  1.504710337676838e+01
s177        , -1.998504477748202e+01, -2.021778660733962e+01,  6.799996382298129e+01,  4.344262295081967e-01,  1.254670323833827e+01
s178        , -1.778030448780716e+01, -1.795871981879393e+01,  7.699292231112639e+01,  0.000000000000000e+00,  1.181609501064194e+01
s179        , -2.322340610724453e+01, -2.386121930711045e+01,  5.378289463493278e+01,  6.702127659574468e-01,  1.566371523811240e+01
s180        , -1.682543251402466e+01, -1.668187227205735e+01,  7.958947033677042e+01,  0.000000000000000e+00,  1.021797602734254e+01
s181        , -1.586682207916231e+01, -1.558436641107049e+01,  8.646682710184996e+01,  0.000000000000000e+00,  9.164935050667212e+00
s182        , -2.348293513803748e+01, -2.347934169526287e+01,  5.981291309893607e+01,  4.166666666666667e-01,  1.659493490750253e+01
s183        , -2.155098810628208e+01, -2.128740512885891e+01,  5.605812755865387e+01,  8.994708994708994e-02,  1.463337632043750e+01
s184        , -2.324937775466465e+01, -2.309673260775252e+01,  6.939198386320010e+01,  5.875000000000000e-01,  1.601827768028003e+01
s185        , -2.378592453308165e+01, -2.398468912250657e+01,  5.507240093369793e+01,  5.026737967914439e-01,  1.661616091207551e+01
s186        , -2.071202883303041e+01, -2.110492188377096e+01,  5.779249204977913e+01,  2.970297029702970e-01,  1.364424745508790e+01
s187        , -2.027503475690737e+01, -2.013232831126578e+01,  6.325538992898732e+01,  7.725321888412018e-02,  1.357467636644940e+01
s188        , -2.214013663755619e+01, -2.238718317329396e+01,  5.383610419149841e+01,  2.762430939226519e-01,  1.524185745578024e+01
s189        , -2.074030596943589e+01, -2.068471051410378e+01,  7.278451045234699e+01,  4.022556390977444e-01,  1.365964696847662e+01
s190        , -1.914542963593283e+01, -1.896667416874368e+01,  6.555983392709375e+01,  0.000000000000000e+00,  1.243006840855953e+01
s191        , -1.679323473828856e+01, -1.759968985512959e+01,  7.163634258676373e+01,  2.796934865900383e-01,  9.792105345470995e+00
s192        , -1.690928184419942e+01, -1.697581020528169e+01,  7.669635807435519e+01,  0.000000000000000e+00,  1.042745668048493e+01
s193        , -2.273712334380998e+01, -2.333542601486290e+01,  5.332071008583652e+01,  4.860335195530726e-01,  1.566020855474843e+01
s194        , -2.090019731082972e+01, -2.127386542257487e+01,  6.394296072100795e+01,  3.333333333333333e-01,  1.415402898658779e+01
s195        , -1.910778599576077e+01, -1.912734441147990e+01,  6.664102160510795e+01,  0.000000000000000e+00,  1.272833351311171e+01
s196        , -1.918378235513936e+01, -1.875030244584958e+01,  6.178926580879921e+01,  0.000000000000000e+00,  1.186866051266241e+01
s197        , -2.010118773573690e+01, -2.014700217246456e+01,  5.889116322387704e+01,  5.076142131979695e-02,  1.340325872950210e+01
s198        , -2.040069724820686e+01, -1.998508460504321e+01,  7.112361277778031e+01,  4.631147540983607e-01,  1.231994762888217e+01
s199        , -2.033728659050214e+01, -2.037254972678770e+01,  6.625684623758372e+01,  5.474137931034483e-01,  1.217542352836298e+01
s200        , -1.788348829912646e+01, -1.775073593598852e+01,  7.040428981087528e+01,  0.000000000000000e+00,  1.107187292348849e+01
s201        , -1.891783601993355e+01, -1.889907838454069e+01,  6.893486589239512e+01,  0.000000000000000e+00,  1.256890682981615e+01
s202        , -2.174492495952721e+01, -2.187025449862717e+01,  7.213116937781901e+01,  4.693877551020408e-01,  1.498767120138662e+01
s203        , -2.185008698942601e+01, -2.166110177057926e+01,  5.694093499537156e+01,  0.000000000000000e+00,  1.558576737373445e+01
s204        , -2.086349108831322e+01, -2.095023289339548e+01,  5.794411792704626e+01,  1.554404145077720e-01,  1.402385816917237e+01
s205        , -2.088054945703831e+01, -2.126888654880225e+01,  6.632033586715197e+01,  5.175438596491229e-01,  1.355077050703550e+01
s206        , -2.114956534802060e+01, -2.155469646164816e+01,  7.127833809771172e+01,  5.250000000000000e-01,  1.426000654092923e+01
s207        , -1.936064601068155e+01, -1.920646174757537e+01,  8.949448643198755e+01,  3.605015673981191e-01,  1.292758569165825e+01
s208        , -2.173553987268506e+01, -2.146137484353821e+01,  5.328756944059884e+01,  0.000000000000000e+00,  1.505561714464207e+01
s209        , -1.958079034508013e+01, -1.943519599226401e+01,  6.627182429980891e+01,  0.000000000000000e+00,  1.313137030716577e+01
s210        , -2.077095411669474e+01, -2.137833798604242e+01,  6.421787628031846e+01,  4.045454545454545e-01,  1.402446716334467e+01
s211        , -2.106003856984427e+01, -2.076645191886601e+01,  5.875731595350400e+01,  1.190476190476190e-01,  1.397439155284893e+01
s212        , -1.921431398034701e+01, -1.929401326156733e+01,  5.939999169991243e+01,  1.179245283018868e-01,  1.197380638388994e+01
s213        , -1.891211086691480e+01, -1.898481580268015e+01,  6.435045506656218e+01,  2.139737991266376e-01,  1.148859167756084e+01
s214        , -1.797391097043976e+01, -1.749297395967029e+01,  8.065886850503038e+01,  0.000000000000000e+00,  1.142080201332158e+01
s215        , -2.046416066581664e+01, -2.022456634759138e+01,  6.556205955486536e+01,  0.000000000000000e+00,  1.418115757870495e+01
s216        , -2.054695205981560e+01, -2.059810598546708e+01,  5.954456100024012e+01,  4.593301435406699e-01,  1.238973893516988e+01
s217        , -2.064527960557822e+01, -2.053552065178406e+01,  6.924123614076242e+01,  2.539682539682540e-01,  1.381955648495783e+01
s218        , -2.267569057486860e+01, -2.290128760105014e+01,  5.988306334614987e+01,  4.788732394366197e-01,  1.553836538743195e+01
s219        , -1.969996813819463e+01, -2.023676784307644e+01,  7.038465764022024e+01,  1.684981684981685e-01,  1.383543054291951e+01
s220        , -2.056541179285701e+01, -2.124436096160050e+01,  5.906576646135935e+01,  4.708737864077670e-01,  1.320860476174501e+01
s221        , -2.147236245537334e+01, -2.143313025750053e+01,  5.558122117301259e+01,  0.000000000000000e+00,  1.517459901226886e+01
s222        , -1.817717386569833e+01, -1.828525579764272e+01,  6.487775905639297e+01,  0.000000000000000e+00,  1.143448766575017e+01
s223        , -2.049263974761081e+01, -2.021115868352377e+01,  6.194173667137734e+01,  6.912442396313365e-02,  1.362729772694011e+01
s224        , -2.147370851727396e+01, -2.136177223304767e+01,  7.934715556146969e+01,  4.898648648648649e-01,  1.469337056935865e+01
s225        , -2.297636192643720e+01, -2.247722711758790e+01,  6.522309511268479e+01,  5.922746781115880e-01,  1.484852405719847e+01
s226        , -2.349615644619751e+01, -2.268595654191448e+01,  6.658460466399039e+01,  5.726495726495726e-01,  1.531404269832646e+01
s227        , -1.994214785348108e+01, -2.064785272525743e+01,  5.886412846336772e+01,  3.333333333333333e-01,  1.293212692850615e+01
s228        , -1.935600154849446e+01, -1.943939484396295e+01,  6.624585256006387e+01,  0.000000000000000e+00,  1.313542249169904e+01
s229        , -1.931982821700711e+01, -1.906964121162697e+01,  8.423805183720822e+01,  1.149068322981366e-01,  1.338815390391039e+01
s230        , -1.663964761443124e+01, -1.669835390235447e+01,  7.200870648322041e+01,  0.000000000000000e+00,  9.717728647609446e+00
s231        , -1.912412961575534e+01, -1.919246502443871e+01,  6.255326206301639e+01,  3.686635944700461e-02,  1.238467978520177e+01
s232        , -2.205202611453251e+01, -2.151298812598453e+01,  6.381018971626639e+01,  3.242009132420091e-01,  1.451541273985609e+01
s233        , -2.108987100746543e+01, -2.072218832857428e+01,  6.759412723120269e+01,  5.446808510638298e-01,  1.276568072216728e+01
s234        , -2.119865480781422e+01, -2.136146814987971e+01,  5.324328860092347e+01,  4.419889502762431e-01,  1.308900672235156e+01
s235        , -1.634470488909293e+01, -1.646839268023934e+01,  7.352301764552199e+01,  4.868913857677903e-02,  9.301158439141952e+00
s236        , -2.035495556536669e+01, -2.090038394711969e+01,  6.740083441563803e+01,  0.000000000000000e+00,  1.524877233833640e+01
s237        , -2.057488800817375e+01, -2.057004271515391e+01,  7.046984471519448e+01,  5.058365758754864e-01,  1.291271426062128e+01
s238        , -2.181497599002021e+01, -2.108864779185147e+01,  6.981769312169193e+01,  6.217228464419475e-01,  1.311121581800404e+01
s239        , -1.938605784207409e+01, -1.944844398412163e+01,  6.774119980853662e+01,  2.365145228215768e-01,  1.227491106220577e+01
s240        , -1.879589433372550e+01, -1.907187005361626e+01,  6.290785008789345e+01,  2.431192660550459e-01,  1.138989609952614e+01
s241        , -1.732119998261703e+01, -1.691691501490709e+01,  7.382824470390076e+01,  0.000000000000000e+00,  1.014753305475080e+01
s242        , -2.017650413285683e+01, -2.004219506315348e+01,  5.841138883344887e+01,  0.000000000000000e+00,  1.343379793298011e+01
s243        , -1.996072124442394e+01, -1.950714033565976e+01,  6.577059433073340e+01,  0.000000000000000e+00,  1.319692138674588e+01
s244        , -2.121993688931675e+01, -2.121847906952046e+01,  5.920360626790377e+01,  4.354066985645934e-01,  1.332849602478203e+01
s245        , -2.152256201120388e+01, -2.156452896122329e+01,  5.923883301308595e+01,  1.730769230769231e-01,  1.489548711173752e+01
s246        , -1.806013829922115e+01, -1.830694989419090e+01,  6.248130254403242e+01,  9.216589861751152e-02,  1.091884062806907e+01
s247        , -1.662499542985015e+01, -1.646580134306129e+01,  7.111356629843372e+01,  0.000000000000000e+00,  9.332246370192067e+00
s248        , -2.087245838906029e+01, -2.051408113912883e+01,  6.800919007805561e+01,  3.939393939393939e-01,  1.312689591815216e+01
s249        , -2.031192930505803e+01, -2.075910485356740e+01,  6.080408532165818e+01,  3.809523809523809e-01,  1.302430537181656e+01
s250        , -1.829082894515480e+01, -1.840451853958733e+01,  6.253213163151669e+01,  1.084905660377359e-01,  1.099077359457607e+01
s251        , -2.316191337748571e+01, -2.307536946565887e+01,  6.272723851781777e+01,  5.614035087719298e-01,  1.563629506714978e+01
s252        , -1.836403387539604e+01, -1.842268989730542e+01,  6.312197942086442e+01,  0.000000000000000e+00,  1.150461466755237e+01
s253        , -1.948978591890307e+01, -1.920825670775135e+01,  7.130162965543337e+01,  0.000000000000000e+00,  1.316261373539625e+01
s254        , -1.974328758235917e+01, -2.006864471212031e+01,  6.592885276311911e+01,  1.229508196721311e-01,  1.348190600728651e+01
s255        , -2.045692599174058e+01, -2.008526195327973e+01,  5.759840351951006e+01,  0.000000000000000e+00,  1.343763684590525e+01
s256        , -1.776850461240055e+01, -1.826692383542940e+01,  6.254709968400602e+01,  1.238938053097345e-01,  1.073669719586372e+01
s257        , -2.163660994039700e+01, -2.137417924402823e+01,  6.498427059564979e+01,  2.266666666666667e-01,  1.480583801726971e+01
s258        , -1.860059101905129e+01, -1.862045127343558e+01,  6.236471190336084e+01,  0.000000000000000e+00,  1.172762749737372e+01
s259        , -2.094542362420654e+01, -2.088589309953649e+01,  5.127039436962138e+01,  0.000000000000000e+00,  1.411535352530372e+01
s260        , -1.742875942837962e+01, -1.757688790191349e+01,  7.448544170523297e+01,  3.333333333333333e-02,  1.097394876507680e+01
s261        , -2.065616574581777e+01, -2.033786937466633e+01,  5.778423261134157e+01,  0.000000000000000e+00,  1.380208132797446e+01
s262        , -2.014040040752147e+01, -2.013399783588666e+01,  6.293335170212088e+01,  5.291479820627802e-01,  1.168939619719242e+01
s263        , -1.686996628366655e+01, -1.694186986352035e+01,  7.306581855660235e+01,  0.000000000000000e+00,  1.012965008990526e+01
s264        , -2.074271161967796e+01, -2.016388471955152e+01,  6.539082191477077e+01,  4.234234234234234e-01,  1.233702163320824e+01
s265        , -2.059536695716665e+01, -2.040114553195046e+01,  6.237732648152262e+01,  4.084507042253521e-01,  1.252110767193357e+01
s266        , -2.198651133619990e+01, -2.160883535358561e+01,  6.110286287811501e+01,  5.067873303167421e-01,  1.370828178612517e+01
s267        , -1.899333543245141e+01, -1.893886349128339e+01,  6.112845323020861e+01,  5.092592592592592e-02,  1.187530635607446e+01
s268        , -1.857298059991068e+01, -1.879094495203904e+01,  6.099897441523650e+01,  2.289719626168224e-01,  1.092551657896158e+01
s269        , -2.106917022960664e+01, -2.104259400952609e+01,  5.130864972718835e+01,  0.000000000000000e+00,  1.433611512757188e+01
s270        , -1.920756052964929e+01, -1.896998131345131e+01,  6.124974808233988e+01,  0.000000000000000e+00,  1.213720969370208e+01
s271        , -1.965184309682283e+01, -1.985985191588568e+01,  6.017324899352737e+01,  0.000000000000000e+00,  1.330157898392447e+01
s272        , -2.112049940018463e+01, -2.087288919588712e+01,  4.982566174988020e+01,  5.142857142857143e-02,  1.378525163006306e+01
s273        , -1.945398506004425e+01, -1.922708611947727e+01,  6.758397130419867e+01,  2.742616033755274e-01,  1.180012224273201e+01
s274        , -2.135203005648119e+01, -2.152627187094889e+01,  5.993713883222244e+01,  4.641148325358851e-01,  1.368905185984844e+01
s275        , -2.088724638081418e+01, -2.107121352230710e+01,  6.273225946134949e+01,  3.721973094170403e-01,  1.362796188071177e+01
s276        , -1.839432489855567e+01, -1.853443333204237e+01,  6.604537349886796e+01,  0.000000000000000e+00,  1.186191615221904e+01
s277        , -2.199306195501885e+01, -2.029180668446334e+01,  6.382717964041215e+01,  8.512396694214877e-01,  1.064118388010568e+01
s278        , -2.276883612887764e+01, -2.257197312205624e+01,  7.127172071970443e+01,  2.878787878787879e-01,  1.665437199173823e+01
s279        , -2.262380984036664e+01, -2.247388789791346e+01,  7.128681486307333e+01,  3.709677419354839e-01,  1.617589973297932e+01
s280        , -1.620731240668889e+01, -1.638364457307197e+01,  8.268507726809888e+01,  0.000000000000000e+00,  1.001649943450639e+01
s281        , -2.072632910940930e+01, -1.991766080795104e+01,  6.657591042551532e+01,  6.936170212765957e-01,  1.096074370340589e+01
s282        , -1.840721485531197e+01, -1.870802970975315e+01,  6.835966358107227e+01,  3.489361702127660e-01,  1.082290168487959e+01
s283        , -1.945843055355910e+01, -1.953450388470515e+01,  7.257701998196038e+01,  0.000000000000000e+00,  1.370475827117980e+01
s284        , -2.290375248734285e+01, -2.348445639843765e+01,  7.230702891919175e+01,  3.886792452830189e-01,  1.757986968282270e+01
s285        , -2.162506652538119e+01, -2.128748060351032e+01,  6.245769792371991e+01,  3.551401869158878e-01,  1.398045821386913e+01
s286        , -2.308167299949378e+01, -2.378206755394049e+01,  5.283548037796147e+01,  3.595505617977528e-01,  1.677053698787324e+01
s287        , -1.888746545864790e+01, -1.919674353445993e+01,  6.590707185837122e+01,  3.000000000000000e-01,  1.153590911196497e+01
s288        , -2.031934863671701e+01, -1.998250038084572e+01,  7.042995711656314e+01,  0.000000000000000e+00,  1.418017114594138e+01
s289        , -2.410980627565496e+01, -2.450508684939650e+01,  5.551498098242759e+01,  4.648648648648649e-01,  1.752715020740317e+01
s290        , -2.087284446952964e+01, -2.094529361582969e+01,  5.247684135083976e+01,  0.000000000000000e+00,  1.428130003977539e+01
s291        , -2.204275686911580e+01, -2.127587508360539e+01,  5.937343121770214e+01,  8.839285714285714e-01,  1.156865398252174e+01
s292        , -1.820983264392220e+01, -1.801591450389330e+01,  6.948092495584879e+01,  2.427983539094650e-01,  1.037501606308570e+01
s293        , -1.668568749246811e+01, -1.682031399612903e+01,  7.417827230147431e+01,  4.032258064516129e-02,  9.870777815383827e+00
s294        , -2.280852590517532e+01, -2.352489599985430e+01,  5.379598605768955e+01,  4.946236559139785e-01,  1.592128526921126e+01
s295        , -1.673628435422914e+01, -1.743597024880014e+01,  7.019158718594684e+01,  1.877394636015326e-01,  9.844081330949466e+00
s296        , -2.103716924286631e+01, -2.043068975647031e+01,  6.739057022038556e+01,  6.483050847457628e-01,  1.191812685957452e+01
s297        , -2.124288787488653e+01, -2.140452560900439e+01,  5.313414549003141e+01,  3.259668508287293e-01,  1.362033659538016e+01
s298        , -2.177880180045448e+01, -2.163521832092391e+01,  7.115879508815829e+01,  5.636363636363636e-01,  1.420435221708238e+01
s299        , -1.893486515270964e+01, -1.909285640138996e+01,  6.508218154949259e+01,  6.589147286821706e-02,  1.230074995758987e+01
s300        , -1.774017522269403e+01, -1.818170970362764e+01,  7.017043036227838e+01,  2.394957983193277e-01,  1.066701544411830e+01
s301        , -2.283171483494903e+01, -2.318321828902353e+01,  5.611166285617396e+01,  5.049504950495050e-01,  1.556287263236856e+01
s302        , -1.721456897049112e+01, -1.733402610011915e+01,  6.674555318993552e+01,  0.000000000000000e+00,  1.023932048366665e+01
s303        , -2.130552121943375e+01, -2.065162234547455e+01,  6.520358858569666e+01,  6.812227074235808e-01,  1.193884004737933e+01
s304        , -2.313677054561944e+01, -2.295930518761768e+01,  6.353437442165433e+01,  3.041474654377880e-01,  1.659237143147819e+01
s305        , -1.858159986173835e+01, -1.880398881480082e+01,  6.522826750913734e+01,  4.888888888888889e-02,  1.197892505927130e+01
s306        , -2.163460095493751e+01, -2.155262253616010e+01,  6.113816826191048e+01,  1.863636363636364e-01,  1.495515086567969e+01
s307        , -1.987289536762319e+01, -2.003012170647060e+01,  6.628805648253145e+01,  0.000000000000000e+00,  1.396060336024161e+01
s308        , -2.028550026196297e+01, -1.952620734188934e+01,  6.328718216332176e+01,  7.665198237885462e-01,  9.887947561896846e+00
s309        , -2.129242792516701e+01, -2.136249701068686e+01,  8.311846941871973e+01,  3.846153846153846e-01,  1.538911783530099e+01
s310        , -1.894855963686166e+01, -1.904634028275398e+01,  6.839074253154223e+01,  3.225806451612903e-02,  1.260317841366193e+01
s311        , -2.010039836844276e+01, -1.957573539171864e+01,  7.103582402513059e+01,  0.000000000000000e+00,  1.365578468430495e+01
s312        , -1.830057188159682e+01, -1.852890997771107e+01,  6.346568909168425e+01,  0.000000000000000e+00,  1.167619001497639e+01
s313        , -1.990312271450173e+01, -1.955983426583457e+01,  5.975178718818295e+01,  1.481481481481481e-01,  1.224333765408960e+01
s314        , -1.980645538479249e+01, -1.956830988731821e+01,  5.571242527615817e+01,  0.000000000000000e+00,  1.258789879217502e+01
s315        , -1.914671781515828e+01, -1.969149266185202e+01,  7.691834791129355e+01,  3.903345724907063e-01,  1.261163477864707e+01
s316        , -2.257620253811652e+01, -2.240062682743125e+01,  5.985078389400510e+01,  5.391304347826087e-01,  1.459050189359800e+01
s317        , -1.647333233405121e+01, -1.674316913530420e+01,  6.791222608517785e+01,  5.752212389380531e-02,  9.259943744194796e+00
s318        , -2.027102701488289e+01, -2.015191970178723e+01,  5.634169272258863e+01,  1.650485436893204e-01,  1.276238476361241e+01
s319        , -1.996146248057647e+01, -1.979302664137578e+01,  5.662111335620514e+01,  2.189054726368159e-01,  1.205978803572949e+01
s320        , -2.548773082504399e+01, -2.496878111864079e+01,  6.709545106425763e+01,  5.798319327731093e-01,  1.849725129301717e+01
s321        , -1.727661852750149e+01, -1.738854719452231e+01,  7.665086943409943e+01,  0.000000000000000e+00,  1.099883063540610e+01
s322        , -2.011073789818953e+01, -2.044185427775925e+01,  5.831430249790138e+01,  1.836734693877551e-01,  1.322522054623737e+01
s323        , -2.178223238748198e+01, -2.149307661298338e+01,  5.709778972540997e+01,  2.153846153846154e-01,  1.447362130862317e+01
s324        , -1.879130547869734e+01, -1.878926655796849e+01,  6.914192318106494e+01,  0.000000000000000e+00,  1.243034329568784e+01
s325        , -2.032679436678044e+01, -1.999976817781067e+01,  5.247715097118354e+01,  0.000000000000000e+00,  1.296518784189929e+01
s326        , -2.071891083121713e+01, -2.022751601971968e+01,  6.644659933313348e+01,  5.665236051502146e-01,  1.190775480906385e+01
s327        , -1.834375983430116e+01, -1.888641661043441e+01,  6.973418304564976e+01,  0.000000000000000e+00,  1.260644730843445e+01
s328        , -2.099505369246730e+01, -2.054340834665175e+01,  7.202325230095326e+01,  4.618473895582329e-01,  1.316443243700744e+01
s329        , -2.140321290954873e+01, -2.090258984114139e+01,  7.273628593019474e+01,  6.360294117647058e-01,  1.299460219426232e+01
s330        , -2.114112529442132e+01, -2.144920153724111e+01,  6.660490611133810e+01,  5.021834061135371e-01,  1.388480795970728e+01
s331        , -1.934637322166436e+01, -1.981461241653430e+01,  6.866825913571283e+01,  2.272727272727273e-01,  1.288673344920433e+01
s332        , -1.962462779654497e+01, -2.023312403915285e+01,  6.875126795328481e+01,  3.017241379310345e-01,  1.316768543641335e+01
s333        , -2.293624249800790e+01, -2.320890477196402e+01,  5.323557946365121e+01,  4.293478260869565e-01,  1.571221386581282e+01
s334        , -1.807355423930957e+01, -1.824146232137069e+01,  6.540215081424060e+01,  0.000000000000000e+00,  1.140971998570818e+01
s335        , -1.850164643907080e+01, -1.868517425458536e+01,  6.790256923228540e+01,  1.166666666666667e-01,  1.171832763968810e+01
s336        , -2.151296308555482e+01, -2.144323136644208e+01,  6.676376741795271e+01,  3.362831858407080e-01,  1.457228188273385e+01
s337        , -1.775953587894473e+01, -1.635835532152065e+01,  8.650745945857614e+01,  4.169381107491857e-01,  8.524020124833086e+00
s338        , -2.118082550420247e+01, -2.156995473831318e+01,  6.828425388529222e+01,  4.893617021276596e-01,  1.422171914604862e+01
s339        , -1.761381998690202e+01, -1.808819074839722e+01,  7.663686110111550e+01,  0.000000000000000e+00,  1.197173967003016e+01
s340        , -1.906967392812366e+01, -1.939172650718287e+01,  6.112704989499429e+01,  1.792452830188679e-01,  1.197588662588536e+01
s341        , -2.371082699534004e+01, -2.363900639356734e+01,  6.080188403564845e+01,  4.212962962962963e-01,  1.686632529311710e+01
s342        , -1.901967676945428e+01, -1.909790170289816e+01,  7.193425612350208e+01,  5.263157894736842e-02,  1.283540678940368e+01
s343        , -1.943128604912865e+01, -1.914902638523948e+01,  6.155792573345017e+01,  2.876712328767123e-01,  1.122022283801668e+01
s344        , -2.171448714042025e+01, -2.182122830906614e+01,  7.294506990699888e+01,  4.094202898550725e-01,  1.522314032500174e+01
s345        , -1.896311499883081e+01, -1.855469515123096e+01,  6.067614920411440e+01,  0.000000000000000e+00,  1.151956084381350e+01
s346        , -2.211462969107367e+01, -2.193393830990419e+01,  5.954822700544957e+01,  4.928909952606635e-01,  1.411088108066717e+01
s347        , -1.640817037109120e+01, -1.708876076811042e+01,  7.511890473383971e+01,  1.549295774647887e-01,  9.836276308463226e+00
s348        , -2.058778590237884e+01, -2.052570834107325e+01,  6.034615954071528e+01,  1.531100478468899e-01,  1.360833428236837e+01
s349        , -1.918353701640313e+01, -1.893438564033158e+01,  6.739498818137959e+01,  0.000000000000000e+00,  1.251177790155898e+01
s350        , -2.047073332015930e+01, -2.086918378938883e+01,  6.617654733907992e+01,  2.775330396475771e-01,  1.397521842746461e+01
s351        , -2.167714580870165e+01, -2.222983155569673e+01,  5.586291038751162e+01,  3.591160220994475e-01,  1.482061951595202e+01
s352        , -2.086238589025425e+01, -2.109163322558494e+01,  5.867082335613713e+01,  6.372549019607843e-02,  1.464942607231303e+01
s353        , -1.920058764071421e+01, -1.873591262706412e+01,  7.547934441894823e+01,  0.000000000000000e+00,  1.279345617001628e+01
s354        , -2.053223705409261e+01, -2.107045379174269e+01,  6.032362427043942e+01,  6.192893401015229e-01,  1.244069919676819e+01
s355        , -1.704257081119439e+01, -1.720446587923437e+01,  6.901492336230011e+01,  0.000000000000000e+00,  1.021559924198003e+01
s356        , -2.127143545968418e+01, -2.089390302798122e+01,  7.056161931399340e+01,  4.461538461538462e-01,  1.361621332887939e+01
s357        , -1.906625211198675e+01, -1.929491589808621e+01,  7.062980512738260e+01,  9.854014598540146e-02,  1.283010932070438e+01
s358        , -2.032987192881253e+01, -1.968336730913161e+01,  5.745805859557750e+01,  3.076923076923077e-02,  1.274151718007906e+01
s359        , -2.136102912880764e+01, -2.130443552948978e+01,  6.047574072183760e+01,  3.190476190476190e-01,  1.401625998056094e+01
s360        , -1.881386071055488e+01, -1.894927912597547e+01,  5.896888320283092e+01,  1.494845360824742e-01,  1.133392045330953e+01
s361        , -2.182643688719446e+01, -2.115910335083091e+01,  6.484419750810515e+01,  5.545851528384279e-01,  1.314317754194726e+01
s362        , -2.091897008712596e+01, -2.086544235655005e+01,  5.681838810194019e+01,  0.000000000000000e+00,  1.446978369650596e+01
s363        , -1.798497754334610e+01, -1.759642842002086e+01,  7.226599097853303e+01,  0.000000000000000e+00,  1.098556901423778e+01
s364        , -1.789393844733154e+01, -1.775980912294601e+01,  7.081227718007396e+01,  0.000000000000000e+00,  1.111265983191569e+01
s365        , -2.184332997178521e+01, -2.146688494144839e+01,  7.618845205197520e+01,  6.621621621621622e-01,  1.391045737583827e+01
s366        , -2.293131491804218e+01, -2.273867252562592e+01,  6.604150129305155e+01,  5.043103448275862e-01,  1.563203657952656e+01
s367        , -2.320311495695380e+01, -2.264916484712462e+01,  6.185874163854592e+01,  5.352112676056338e-01,  1.509121474547532e+01
s368        , -1.944159222026194e+01, -1.906502210474410e+01,  7.470367920656879e+01,  0.000000000000000e+00,  1.319803057663501e+01
s369        , -2.221834550731525e+01, -2.253556184599572e+01,  6.015490634661718e+01,  4.622641509433962e-01,  1.511661185039299e+01
s370        , -1.739352775780219e+01, -1.768310632239239e+01,  7.629655144791620e+01,  0.000000000000000e+00,  1.138439176858629e+01
s371        , -2.131349702655302e+01, -2.096226891494398e+01,  5.028381737654765e+01,  4.469273743016760e-02,  1.396908927790588e+01
s372        , -2.230067528571091e+01, -2.195631175749482e+01,  6.036644596863216e+01,  3.826530612244898e-01,  1.465354538192490e+01
s373        , -1.609460498694387e+01, -1.594673575392506e+01,  8.272331040683213e+01,  0.000000000000000e+00,  9.410978518745713e+00
s374        , -1.846307154319872e+01, -1.914879752795726e+01,  7.526224611340085e+01,  4.508196721311475e-01,  1.149225168605967e+01
s375        , -2.092466765927065e+01, -2.071762717720451e+01,  5.610489964698791e+01,  0.000000000000000e+00,  1.421478922008639e+01
s376        , -2.335896110191541e+01, -2.395954096154612e+01,  5.481243266591005e+01,  4.042553191489361e-01,  1.696947596682559e+01
s377        , -2.209438728501526e+01, -2.257229516132016e+01,  5.995384671046371e+01,  5.606060606060607e-01,  1.474792092521441e+01
s378        , -2.111108779470583e+01, -2.077663644177725e+01,  6.185320006544416e+01,  0.000000000000000e+00,  1.469364877967337e+01
s379        , -1.875225846070942e+01, -1.915773780655011e+01,  5.850822124042935e+01,  1.862745098039216e-01,  1.144042833827933e+01
s380        , -1.834869608623442e+01, -1.804992257508797e+01,  7.025089466429225e+01,  5.343511450381679e-02,  1.125716707138615e+01
s381        , -2.068155326614140e+01, -2.028514187953644e+01,  5.396557020110910e+01,  6.914893617021277e-02,  1.317970018711688e+01
s382        , -1.804666933121612e+01, -1.813209664362412e+01,  6.868411326635412e+01,  0.000000000000000e+00,  1.148399316093682e+01
s383        , -2.062194236740874e+01, -2.105216238187609e+01,  6.891536097058319e+01,  2.846441947565543e-01,  1.438958334432223e+01
s384        , -1.800916137079852e+01, -1.777089602002522e+01,  7.393255948633777e+01,  0.000000000000000e+00,  1.134343975682669e+01
s385        , -2.216424509641620e+01, -2.171237492275474e+01,  7.420478038707974e+01,  4.587813620071685e-01,  1.495480234123265e+01
s386        , -2.182057698940036e+01, -2.193787901992020e+01,  5.603389068889139e+01,  2.680412371134021e-01,  1.480198156713127e+01
s387        , -1.799817167842237e+01, -1.774357771442305e+01,  6.833462427493133e+01,  0.000000000000000e+00,  1.091907025269803e+01
s388        , -2.351217009702901e+01, -2.360547394019685e+01,  5.966871760082327e+01,  3.673469387755102e-01,  1.696414137425691e+01
s389        , -2.149803565649794e+01, -2.133685846601166e+01,  7.099855456401831e+01,  4.194756554307116e-01,  1.437306984138770e+01
s390        , -2.025125341850577e+01, -1.981685106188440e+01,  5.637301057886397e+01,  0.000000000000000e+00,  1.297944869241107e+01
s391        , -1.925641978436478e+01, -1.919337263105882e+01,  5.859476413053827e+01,  0.000000000000000e+00,  1.226492679261023e+01
s392        , -1.954014294555121e+01, -2.025885628690146e+01,  6.568764844596230e+01,  2.863636363636364e-01,  1.305547357688047e+01
s393        , -2.007195889273447e+01, -2.003627135263105e+01,  6.048515055848241e+01,  0.000000000000000e+00,  1.356867377785590e+01
s394        , -1.933645012315517e+01, -1.939298946411051e+01,  7.429810330845324e+01,  2.620967741935484e-01,  1.254464655346664e+01
s395        , -2.191328817199827e+01, -2.145552062833118e+01,  6.020417832792808e+01,  7.946428571428572e-01,  1.224461061754997e+01
s396        , -1.985518647713905e+01, -1.956149452249400e+01,  6.941293058952292e+01,  6.953125000000000e-01,  1.065377368365364e+01
s397        , -1.859895904181181e+01, -1.855209244009195e+01,  6.793564467484717e+01,  0.000000000000000e+00,  1.201695467030607e+01
s398        , -2.089338265909714e+01, -2.092721298841990e+01,  5.584576801829492e+01,  2.540540540540541e-01,  1.343992930587578e+01
s399        , -1.650074457052408e+01, -1.649635899406127e+01,  7.379038084149768e+01,  0.000000000000000e+00,  9.559522717769433e+00
s400        , -1.659170957499870e+01, -1.657428969952940e+01,  7.957772163666083e+01,  0.000000000000000e+00,  1.006741455144807e+01
s401        , -1.654426837808786e+01, -1.662355276163786e+01,  7.430217953850040e+01,  0.000000000000000e+00,  9.771893323015084e+00
s402        , -1.877939202276407e+01, -1.838691402573633e+01,  6.599200553315461e+01,  0.000000000000000e+00,  1.165289197270022e+01
s403        , -2.106694758002669e+01, -2.104249503392547e+01,  5.580541125418792e+01,  2.688172043010753e-01,  1.353667118597851e+01
s404        , -2.165676773412189e+01, -2.138885853010769e+01,  7.156974477399913e+01,  4.150943396226415e-01,  1.450295840149879e+01
s405        , -2.212611753855641e+01, -2.222994725250111e+01,  6.496406648280083e+01,  5.113122171945701e-01,  1.482064874705715e+01
s406        , -1.885653015374473e+01, -1.867130019598727e+01,  5.894025527211418e+01,  0.000000000000000e+00,  1.156206705383457e+01
s407        , -1.790225292709843e+01, -1.838423912371676e+01,  7.710439250922178e+01,  1.378091872791520e-01,  1.184723082254745e+01
s408        , -1.653237145459570e+01, -1.686097319749515e+01,  7.190863966314393e+01,  0.000000000000000e+00,  9.937182050191840e+00
s409        , -1.984138826084547e+01, -1.985130455872277e+01,  6.403004408766370e+01,  0.000000000000000e+00,  1.355585950825662e+01
s410        , -1.632163885458830e+01, -1.641463661243162e+01,  7.378478634636322e+01,  0.000000000000000e+00,  9.445382327263019e+00
s411        , -1.826950002229553e+01, -1.795305027755220e+01,  7.323770623534801e+01,  0.000000000000000e+00,  1.154903564530227e+01
s412        , -2.254085603631221e+01, -2.240805502969568e+01,  5.181699205027967e+01,  0.000000000000000e+00,  1.627186564568172e+01
s413        , -1.907038707751166e+01, -1.903159893490802e+01,  6.894601795711300e+01,  0.000000000000000e+00,  1.275413979575000e+01
s414        , -1.996831080241482e+01, -1.977495947426985e+01,  5.765510825563682e+01,  5.970149253731343e-02,  1.276317964338590e+01
s415        , -2.069762370804266e+01, -2.044854167965185e+01,  6.253957525864299e+01,  1.674008810572687e-01,  1.359330955750099e+01
s416        , -1.735494379178349e+01, -1.774459683972709e+01,  7.155897578235611e+01,  0.000000000000000e+00,  1.114301861567057e+01
s417        , -1.714858900796163e+01, -1.734639678807761e+01,  6.655720702125285e+01,  0.000000000000000e+00,  1.024354120747453e+01
s418        , -2.014294405560549e+01, -1.993152269612366e+01,  5.438031869469685e+01,  0.000000000000000e+00,  1.300154066915580e+01
s419        , -1.771416578387462e+01, -1.760983424364490e+01,  7.218194479113517e+01,  0.000000000000000e+00,  1.099842890626034e+01
s420        , -2.335906844703241e+01, -2.313349970404870e+01,  5.925874093278526e+01,  3.875598086124402e-01,  1.619544064063693e+01
s421        , -2.045819521600993e+01, -2.058048921699012e+01,  6.218660075568614e+01,  6.334841628959276e-01,  1.182866723729220e+01
s422        , -1.913624718404630e+01, -1.897161740497715e+01,  6.461907066563366e+01,  0.000000000000000e+00,  1.237202208001072e+01
s423        , -2.001718266940652e+01, -1.962270056282427e+01,  6.600484367200907e+01,  0.000000000000000e+00,  1.337394340053949e+01
s424        , -2.199980092896302e+01, -2.168092000323708e+01,  6.136395320881390e+01,  6.055045871559632e-01,  1.341914455260729e+01
s425        , -1.799669141475633e+01, -1.825124084448973e+01,  7.058172632166051e+01,  2.631578947368421e-02,  1.167217249901363e+01
s426        , -2.179879403652462e+01, -2.142802297636420e+01,  6.032162772817031e+01,  3.692307692307693e-01,  1.397050133716619e+01
s427        , -1.855895626610580e+01, -1.860945647913267e+01,  6.834694270457661e+01,  0.000000000000000e+00,  1.212518899849137e+01
s428        , -2.201089453299450e+01, -2.236317049693970e+01,  5.774699898450252e+01,  2.216748768472906e-01,  1.570359698226117e+01
s429        , -2.010895188317044e+01, -2.036305011986991e+01,  6.338825071816397e+01,  3.196347031963470e-01,  1.290447366763037e+01
s430        , -2.197039083997888e+01, -2.149056304595222e+01,  6.892832722217398e+01,  6.441947565543071e-01,  1.351652395519842e+01
s431        , -2.053790779896415e+01, -2.052006116825328e+01,  5.521104198826449e+01,  5.970149253731343e-02,  1.363165326551225e+01
s432        , -2.056150222449639e+01, -2.007512541264790e+01,  6.935719696683702e+01,  6.641509433962264e-01,  1.149351278391562e+01
s433        , -1.961788415450921e+01, -1.998316789114978e+01,  8.304548100006232e+01,  3.670033670033670e-01,  1.353681031401948e+01
s434        , -2.169585176655818e+01, -2.105758378798421e+01,  6.881749887123863e+01,  3.659574468085106e-01,  1.405472238494031e+01
s435        , -1.969212203292086e+01, -1.973052212320152e+01,  6.059769225928821e+01,  0.000000000000000e+00,  1.315085019370129e+01
s436        , -1.841763911968392e+01, -1.863738546922460e+01,  6.021563278217396e+01,  1.961722488038277e-01,  1.079309941108426e+01
s437        , -2.085473352476042e+01, -2.027189452644689e+01,  8.775886533058693e+01,  4.111111111111111e-01,  1.408192959054166e+01
s438        , -2.075193174001312e+01, -2.108904336105497e+01,  6.487855405205319e+01,  3.073394495412844e-01,  1.406863465901897e+01
s439        , -1.747889033992054e+01, -1.766623484707532e+01,  6.424391983221847e+01,  0.000000000000000e+00,  1.052909063548621e+01
s440        , -2.292628299240021e+01, -2.300660336166483e+01,  6.815948304797539e+01,  3.692946058091287e-01,  1.670849095145359e+01
s441        , -1.928590410708185e+01, -1.923726086398665e+01,  6.038962496890713e+01,  1.490384615384615e-01,  1.183467386477541e+01
s442        , -2.265396374356312e+01, -2.248534480775694e+01,  5.457014989392524e+01,  1.530054644808743e-01,  1.593786813510100e+01
s443        , -1.939450551490213e+01, -1.982494806932228e+01,  6.342226211853142e+01,  2.869565217391304e-01,  1.229269687642633e+01
s444        , -2.014197468633274e+01, -2.025116004012335e+01,  6.406552482792389e+01,  2.088888888888889e-01,  1.325261763401860e+01
s445        , -2.136890748153691e+01, -2.137734920181025e+01,  5.774175740153760e+01,  1.000000000000000e-01,  1.483327373628776e+01
s446        , -1.984877428373165e+01, -1.956503704700501e+01,  6.609611343608294e+01,  3.765690376569038e-02,  1.314453300173797e+01
s447        , -2.124129540469972e+01, -2.114898274851808e+01,  7.023052719071573e+01,  5.665399239543726e-01,  1.345148139752708e+01
s448        , -1.996883442559681e+01, -2.048069165709109e+01,  6.875572171306305e+01,  2.925764192139738e-01,  1.355035794055736e+01
s449        , -2.213132573342666e+01, -2.222768588667103e+01,  7.047657005292704e+01,  5.000000000000000e-01,  1.524464419093716e+01
s450        , -2.393776981346641e+01, -2.293496951006903e+01,  6.183814194119065e+01,  4.814814814814815e-01,  1.570941313608402e+01
s451        , -1.778758837631850e+01, -1.836255696580632e+01,  6.802754331711859e+01,  1.904761904761905e-01,  1.097320374059862e+01
s452        , -2.093231028730361e+01, -2.084169600786207e+01,  6.174411859989465e+01,  0.000000000000000e+00,  1.477668079509072e+01
s453        , -1.913112365245808e+01, -1.898375244476840e+01,  6.434947638734567e+01,  0.000000000000000e+00,  1.237030742343517e+01
s454        , -1.694745233262931e+01, -1.745188796132112e+01,  7.520939301506263e+01,  0.000000000000000e+00,  1.098751443310090e+01
s455        , -1.959305905778561e+01, -1.927624087596924e+01,  6.356882416618040e+01,  0.000000000000000e+00,  1.272356261885064e+01
s456        , -1.690137029519855e+01, -1.710659497575039e+01,  7.894465464949079e+01,  3.630363036303631e-02,  1.061481292016045e+01
s457        , -1.744399185749123e+01, -1.747403608374779e+01,  6.190604064164418e+01,  0.000000000000000e+00,  1.010020807450448e+01
s458        , -2.020627098912283e+01, -2.056464945303529e+01,  6.633894550428022e+01,  4.072398190045249e-01,  1.302710956943502e+01
s459        , -1.884232545378780e+01, -1.981516494856472e+01,  7.455430340313319e+01,  5.863453815261044e-01,  1.181151233720206e+01
s460        , -2.233016805188693e+01, -2.199692004088984e+01,  6.845393218387296e+01,  3.275109170305677e-01,  1.549585277668621e+01
s461        , -1.623645396367353e+01, -1.635468030840939e+01,  6.852658780095921e+01,  0.000000000000000e+00,  8.999029084067216e+00
s462        , -2.313545884021418e+01, -2.266807977071091e+01,  5.882517668714760e+01,  4.512820512820513e-01,  1.525463278638868e+01
s463        , -2.090493117250811e+01, -2.062170064109221e+01,  6.520949633988018e+01,  1.025641025641026e-01,  1.428624550679425e+01
s464        , -1.633431188033305e+01, -1.630750989625970e+01,  8.262395815613908e+01,  0.000000000000000e+00,  9.906304854024759e+00
s465        , -1.999082968954132e+01, -2.007238152685335e+01,  5.945913253763030e+01,  0.000000000000000e+00,  1.354812669163080e+01
s466        , -1.900684695054017e+01, -1.859289886659947e+01,  6.346144376628713e+01,  2.467532467532468e-01,  1.074639311871643e+01
s467        , -1.783078222536251e+01, -1.825036427361914e+01,  6.927059743178307e+01,  1.400778210116732e-01,  1.111086549505184e+01
s468        , -1.945030486126850e+01, -1.897868045159866e+01,  6.254391926782521e+01,  2.334801762114538e-01,  1.127485233042290e+01
s469        , -2.270314762369042e+01, -2.264158884627777e+01,  5.859050283367945e+01,  3.316831683168317e-01,  1.569525516497014e+01
s470        , -2.119907484802825e+01, -2.151872570467044e+01,  6.398961997748727e+01,  3.788546255506608e-01,  1.431017735045052e+01
s471        , -1.972012875359749e+01, -1.975262261840045e+01,  5.592403573344780e+01,  0.000000000000000e+00,  1.285905910896535e+01
s472        , -1.766462305551830e+01, -1.766221053722185e+01,  7.306952734302463e+01,  0.000000000000000e+00,  1.113259144033673e+01
s473        , -2.127822401317911e+01, -2.134285511542332e+01,  6.731693469416413e+01,  2.583333333333334e-01,  1.479250875666726e+01
s474        , -1.654177405306909e+01, -1.723720213568980e+01,  7.633508281503040e+01,  2.014388489208633e-01,  9.934849881429388e+00
s475        , -2.297159509003216e+01, -2.301717352686325e+01,  6.030763727934466e+01,  3.708920187793427e-01,  1.617471226439854e+01
s476        , -2.252587602064435e+01, -2.308084510869472e+01,  5.676150231395275e+01,  7.400000000000000e-01,  1.449496022146822e+01
s477        , -2.178946083596680e+01, -2.122814353154693e+01,  8.156158616105671e+01,  5.317725752508361e-01,  1.448720345829865e+01
s478        , -1.788602657411998e+01, -1.857794119231006e+01,  7.270928174463781e+01,  3.013100436681223e-01,  1.113861024981563e+01
s479        , -1.952938513246325e+01, -1.877620214266577e+01,  6.304830318375276e+01,  0.000000000000000e+00,  1.199160477222104e+01
s480        , -2.203955610850313e+01, -2.192622416716478e+01,  5.420939932354884e+01,  4.535519125683060e-01,  1.389407016870879e+01
s481        , -1.615402914764109e+01, -1.632441667014691e+01,  8.216544433847740e+01,  0.000000000000000e+00,  9.898193910232713e+00
s482        , -2.215324565636576e+01, -2.240714589034880e+01,  5.903264508410717e+01,  6.037735849056604e-01,  1.427627126314562e+01
s483        , -2.217560840271064e+01, -2.189008122217508e+01,  6.871355466448058e+01,  5.654008438818565e-01,  1.438306841978405e+01
s484        , -2.403070638423247e+01, -2.464507272991991e+01,  5.299307631829483e+01,  5.138121546961326e-01,  1.734590504553633e+01
s485        , -1.896886917982663e+01, -1.854913428032878e+01,  7.928929084185303e+01,  0.000000000000000e+00,  1.279641301237167e+01
s486        , -2.293847835350512e+01, -2.284176755978693e+01,  6.353699499169910e+01,  3.364055299539171e-01,  1.629578640272527e+01
s487        , -1.935879902533930e+01, -1.956717612611537e+01,  6.864357542735578e+01,  4.250000000000000e-01,  1.172440915171407e+01
s488        , -2.071941340396909e+01, -2.028715953258972e+01,  5.731824234527459e+01,  0.000000000000000e+00,  1.369933477123674e+01
s489        , -2.120929532988995e+01, -2.113060286492317e+01,  5.929777560253585e+01,  1.869158878504673e-02,  1.493283523706653e+01
s490        , -2.336106814107168e+01, -2.293039091428268e+01,  5.860662255867879e+01,  3.626943005181347e-01,  1.597035759641332e+01
s491        , -1.878377211600346e+01, -1.878528614813069e+01,  6.259555474840226e+01,  0.000000000000000e+00,  1.197300274781819e+01
s492        , -2.196689093989351e+01, -2.233550730565674e+01,  6.975711996111357e+01,  4.747081712062257e-01,  1.544947644120042e+01
s493        , -2.118321097196467e+01, -2.033539208766231e+01,  6.647068168696502e+01,  5.744680851063830e-01,  1.202678197459420e+01
s494        , -2.014379663919148e+01, -2.014901126660753e+01,  6.676864491922836e+01,  0.000000000000000e+00,  1.415926085373197e+01
s495        , -1.971897958689983e+01, -1.977843491229492e+01,  5.759011599850611e+01,  0.000000000000000e+00,  1.300997391891361e+01
s496        , -2.171934681583978e+01, -2.110707482475080e+01,  6.264060491248350e+01,  3.842592592592592e-01,  1.362176322779444e+01
s497        , -1.930074135275753e+01, -1.920162694821667e+01,  6.381888131513968e+01,  8.071748878923767e-02,  1.230376670428985e+01
s498        , -2.146882601091719e+01, -2.164410609374418e+01,  6.270990757982402e+01,  4.930875576036866e-01,  1.392483936958388e+01
s499        , -1.852368794388046e+01, -1.863503795701750e+01,  6.364807649582910e+01,  8.071748878923767e-02,  1.150330934928207e+01
s500        , -2.050589701281523e+01, -2.100703900019134e+01,  7.386313116663227e+01,  5.111111111111111e-01,  1.373341170808192e+01
s501        , -2.141899489528082e+01, -2.143570693958739e+01,  7.366591965401307e+01,  5.018726591760300e-01,  1.435462514803555e+01
s502        , -1.777920620854658e+01, -1.750044307713398e+01,  6.155366865264244e+01,  0.000000000000000e+00,  1.011264647258088e+01
s503        , -2.264989988763092e+01, -2.275647415369156e+01,  5.849407953337597e+01,  4.300518134715026e-01,  1.544245983772722e+01
s504        , -1.994570445298742e+01, -2.002905090230776e+01,  6.121535273395246e+01,  4.166666666666666e-02,  1.343702233901355e+01
s505        , -2.256898602446125e+01, -2.255946433960556e+01,  5.444974863028877e+01,  3.655913978494624e-01,  1.515519555640092e+01
s506        , -2.050664132584332e+01, -2.001874918621202e+01,  6.077240825662015e+01,  0.000000000000000e+00,  1.356410881706434e+01
s507        , -2.255451727781655e+01, -2.198234693572479e+01,  7.601236871985701e+01,  6.211604095563140e-01,  1.478505871206251e+01
s508        , -2.063695726234980e+01, -2.009292422090174e+01,  6.718521926591943e+01,  4.329004329004329e-02,  1.393124278837736e+01
s509        , -2.049565878814769e+01, -2.036923819501254e+01,  6.670381185494581e+01,  2.000000000000000e-01,  1.363575251554410e+01
s510        , -1.886667658587990e+01, -1.882934241756283e+01,  6.970299405461581e+01,  3.127572016460906e-01,  1.123381788830528e+01
s511        , -2.270091090950000e+01, -2.318213881973817e+01,  6.150749431266469e+01,  5.492957746478874e-01,  1.575071222087609e+01
s512        , -2.052865138648571e+01, -2.060052063780581e+01,  6.588130259754124e+01,  7.874015748031496e-02,  1.440147171471724e+01
s513        , -1.872228566034903e+01, -1.883154306296345e+01,  6.009803754034237e+01,  0.000000000000000e+00,  1.186502347168211e+01
s514        , -2.338235400416073e+01, -2.379642887933779e+01,  5.326136830536213e+01,  4.525139664804469e-01,  1.643617611591547e+01
s515        , -2.063189590001077e+01, -2.078174742826317e+01,  6.972284873085592e+01,  0.000000000000000e+00,  1.524388970715969e+01
s516        , -2.353360034901451e+01, -2.348754943679396e+01,  5.965685560288900e+01,  4.807692307692308e-01,  1.633098011813252e+01
s517        , -2.274108402549141e+01, -2.279226711501939e+01,  5.388869674483289e+01,  3.516483516483516e-01,  1.549808206942169e+01
s518        , -2.095244706423326e+01, -2.114079268622115e+01,  6.613540031996908e+01,  0.000000000000000e+00,  1.549607729097999e+01
s519        , -2.165153402286209e+01, -2.101313236844513e+01,  6.838566193762900e+01,  6.206896551724138e-01,  1.291153413779788e+01
s520        , -1.917430642162448e+01, -1.975635585903552e+01,  6.164978783649302e+01,  3.285714285714286e-01,  1.190310894601459e+01
s521        , -2.048146586988528e+01, -2.013813904413531e+01,  5.888688658237002e+01,  2.990654205607476e-01,  1.236565122136660e+01
s522        , -1.837039701152461e+01, -1.837586989628564e+01,  6.858717565128788e+01,  0.000000000000000e+00,  1.181662558753012e+01
s523        , -2.237538522976599e+01, -2.222903723771685e+01,  6.074275076313207e+01,  2.878787878787879e-01,  1.545035831006585e+01
s524        , -2.219430447580721e+01, -2.235778692398837e+01,  5.795653866933358e+01,  7.416267942583732e-01,  1.356425278087907e+01
s525        , -2.096151325596525e+01, -2.084756490685027e+01,  6.239128108597065e+01,  1.377777777777778e-01,  1.426078068958011e+01
s526        , -2.193172581512368e+01, -2.225656867263329e+01,  5.630517097637899e+01,  4.590163934426229e-01,  1.447598007865737e+01
s527        , -2.063376120076111e+01, -2.124967966183512e+01,  6.206792313191779e+01,  6.381909547738693e-01,  1.273253378605974e+01
s528        , -1.776721144005281e+01, -1.859923355022257e+01,  7.395005258157590e+01,  2.873134328358209e-01,  1.131165728132457e+01
s529        , -2.226349149791107e+01, -2.274223751748263e+01,  5.420760788177709e+01,  4.565217391304348e-01,  1.501754529470892e+01
s530        , -2.300566448791293e+01, -2.264588360245390e+01,  6.341587663175687e+01,  3.242009132420091e-01,  1.606514424096265e+01
s531        , -1.846679125419261e+01, -1.776559269043700e+01,  6.755514805555698e+01,  6.557377049180328e-02,  1.062523611354124e+01
s532        , -1.859817726729017e+01, -1.904238746483745e+01,  6.764631548207306e+01,  0.000000000000000e+00,  1.267945756288998e+01
s533        , -2.134099683522431e+01, -2.213189784048699e+01,  5.829459521516143e+01,  3.800000000000000e-01,  1.476591623920543e+01
s534        , -2.286936511308830e+01, -2.303850407165809e+01,  6.366645452657566e+01,  5.159817351598173e-01,  1.583729699624593e+01
s535        , -1.777040539985326e+01, -1.770762436991140e+01,  7.083682079412092e+01,  0.000000000000000e+00,  1.104171463067964e+01
s536        , -1.995222678224889e+01, -1.997315718458732e+01,  6.386490562883886e+01,  1.473214285714286e-01,  1.310594758547707e+01
s537        , -2.015268820600640e+01, -2.076652136127018e+01,  6.922842703403860e+01,  4.745762711864407e-01,  1.322956734080835e+01
s538        , -1.740140208992538e+01, -1.759051735406548e+01,  6.917708332299917e+01,  4.366812227074236e-02,  1.058390112673434e+01
s539        , -1.924950405987826e+01, -1.977908460905219e+01,  6.909163227028974e+01,  7.352941176470588e-02,  1.350113716033931e+01
s540        , -2.157643164881004e+01, -2.126622437312084e+01,  6.786910270663803e+01,  5.967741935483871e-01,  1.332689830253135e+01
s541        , -1.586673793577160e+01, -1.582043028434225e+01,  7.931254082331436e+01,  0.000000000000000e+00,  8.999770868235213e+00
s542        , -2.009907109345192e+01, -1.977840026596164e+01,  6.283532901346158e+01,  0.000000000000000e+00,  1.337192595920160e+01
s543        , -1.879069098033760e+01, -1.857713468773086e+01,  6.860744324632779e+01,  2.644628099173554e-01,  1.100649963317823e+01
s544        , -2.248614661420541e+01, -2.214123365652386e+01,  6.871446495231528e+01,  7.154471544715447e-01,  1.411334851630438e+01
s545        , -1.987972862262733e+01, -2.032950914377118e+01,  7.178860999664862e+01,  4.980988593155893e-01,  1.270085677365125e+01
s546        , -2.126472237694319e+01, -2.088836583629648e+01,  5.160811705270051e+01,  5.494505494505494e-02,  1.391529558052589e+01
s547        , -1.738356621674509e+01, -1.813439840557544e+01,  7.004408130403530e+01,  2.470588235294118e-01,  1.056122053803580e+01
s548        , -1.943625792183643e+01, -2.010417831336634e+01,  7.394594302407654e+01,  4.494382022471910e-01,  1.273696094547664e+01
s549        , -2.233202963006129e+01, -2.317321375365943e+01,  5.082686354207389e+01,  5.142857142857142e-01,  1.514567949532016e+01
s550        , -2.412763530103872e+01, -2.410817004135589e+01,  5.613113396069804e+01,  4.421052631578947e-01,  1.711113138231590e+01
s551        , -1.731823103856605e+01, -1.703362855854352e+01,  7.752665618597530e+01,  0.000000000000000e+00,  1.056524083754167e+01
s552        , -2.060923402045430e+01, -2.100879390108226e+01,  5.994120520201482e+01,  2.666666666666667e-01,  1.378407108205701e+01
s553        , -1.992869680942914e+01, -1.969907978590971e+01,  6.165102429298700e+01,  7.305936073059360e-02,  1.287819773331189e+01
s554        , -1.812921854031919e+01, -1.772411724958511e+01,  7.068232331559967e+01,  0.000000000000000e+00,  1.105400935992092e+01
s555        , -2.102602816640752e+01, -2.014332634591358e+01,  6.791813289448564e+01,  5.555555555555556e-01,  1.193739963474790e+01
s556        , -1.941820686683750e+01, -1.983422184096627e+01,  6.311192009140455e+01,  3.961352657004831e-01,  1.183350778312954e+01
s557        , -2.190718211184164e+01, -2.125999379029979e+01,  6.904639836479156e+01,  5.063291139240507e-01,  1.377282572994624e+01
s558        , -1.909304407213536e+01, -1.918012803868717e+01,  6.081742236275810e+01,  7.655502392344497e-02,  1.208387656946085e+01
s559        , -2.023025085829861e+01, -1.997075040211606e+01,  5.914391366122004e+01,  2.369668246445497e-02,  1.328708764342597e+01
s560        , -2.107002513254548e+01, -2.105592611052549e+01,  6.407982780923318e+01,  0.000000000000000e+00,  1.523608033661852e+01
s561        , -2.121559386756793e+01, -2.073025401666905e+01,  6.503067879773147e+01,  5.638766519823789e-01,  1.252075208371225e+01
s562        , -1.764234380631898e+01, -1.792380462813367e+01,  7.282716536055621e+01,  0.000000000000000e+00,  1.147999324539413e+01
s563        , -1.646928563220792e+01, -1.626574929005879e+01,  8.282616089554607e+01,  0.000000000000000e+00,  9.862130856534749e+00
s564        , -1.863449571719480e+01, -1.812375443558367e+01,  6.803369153363475e+01,  0.000000000000000e+00,  1.142749205093428e+01
s565        , -2.028655126138008e+01, -2.039676835768686e+01,  5.867909363727264e+01,  0.000000000000000e+00,  1.394582551120427e+01
s566        , -1.821002786093300e+01, -1.821171670147049e+01,  6.608698305669854e+01,  0.000000000000000e+00,  1.141557921735863e+01
s567        , -2.066943738863287e+01, -2.085638773954615e+01,  5.517662547129896e+01,  9.139784946236559e-02,  1.396659158415362e+01
s568        , -2.062629415098700e+01, -2.060933764274708e+01,  5.798175327238899e+01,  3.940886699507389e-02,  1.403091020611629e+01
s569        , -2.065075063553067e+01, -2.116888105446943e+01,  7.063087712392390e+01,  3.764705882352941e-01,  1.429139743359223e+01
s570        , -2.031634942577389e+01, -2.025823133585937e+01,  5.873344897145823e+01,  0.000000000000000e+00,  1.375673887454256e+01
s571        , -2.047206271335130e+01, -2.017656364158741e+01,  6.297263799828112e+01,  0.000000000000000e+00,  1.393562987123336e+01
s572        , -2.393038589894997e+01, -2.358990782600556e+01,  6.028354876901715e+01,  3.551401869158878e-01,  1.703529506879304e+01
s573        , -1.926109501090367e+01, -1.914206967131399e+01,  6.781793961085468e+01,  1.472868217054264e-01,  1.222206994885711e+01
s574        , -2.085894290369713e+01, -2.029238863529018e+01,  6.363328715533599e+01,  0.000000000000000e+00,  1.414244856641143e+01
s575        , -2.021973442813006e+01, -2.064750716846162e+01,  6.487122925455125e+01,  2.398190045248869e-01,  1.373224638651599e+01
s576        , -1.844714179521902e+01, -1.869817937119628e+01,  6.185172479191152e+01,  1.339712918660287e-01,  1.124739718881762e+01
s577        , -1.949977509463960e+01, -1.918938194906845e+01,  6.174390657041384e+01,  1.461187214611872e-01,  1.187354697295929e+01
s578        , -2.108198153892643e+01, -2.062782762855272e+01,  7.104877367898331e+01,  1.967871485943775e-01,  1.430883010784320e+01
s579        , -2.029210259566103e+01, -2.034619800188452e+01,  5.983505538801299e+01,  0.000000000000000e+00,  1.395521271676762e+01
s580        , -2.195204710511243e+01, -2.177687418065187e+01,  6.827675280012275e+01,  3.937007874015748e-01,  1.490410417321991e+01
s581        , -2.000078291173359e+01, -2.011288721407769e+01,  5.690523085794592e+01,  0.000000000000000e+00,  1.342825054221829e+01
s582        , -2.354247422413414e+01, -2.316425346246571e+01,  6.257962039110048e+01,  5.412844036697247e-01,  1.583287986263723e+01
s583        , -1.881717670098672e+01, -1.909839260965344e+01,  6.642635067674445e+01,  0.000000000000000e+00,  1.267321817223502e+01
s584        , -2.079214981383572e+01, -2.052305518897153e+01,  5.138127844441140e+01,  2.808988764044944e-02,  1.350199800229880e+01
s585        , -2.214462266832296e+01, -2.238382441189015e+01,  5.535741615678911e+01,  4.708994708994709e-01,  1.453865312328435e+01
s586        , -1.671124709479596e+01, -1.667813193564216e+01,  7.069005282534386e+01,  0.000000000000000e+00,  9.598573121860897e+00
s587        , -1.722924462132460e+01, -1.745581398049506e+01,  6.582186337785562e+01,  4.035874439461883e-02,  1.017849850463892e+01
s588        , -2.306180681354529e+01, -2.277217286167193e+01,  6.259815332324236e+01,  5.714285714285714e-01,  1.516396616537394e+01
s589        , -2.054966159202169e+01, -2.091124747758708e+01,  7.988312134846613e+01,  3.539518900343643e-01,  1.466428381476465e+01
s590        , -2.302597507766974e+01, -2.287736923108018e+01,  7.015764017213372e+01,  4.691358024691358e-01,  1.625437080770972e+01
s591        , -2.031576031139625e+01, -2.021075629905781e+01,  6.366146695223930e+01,  0.000000000000000e+00,  1.403076446043130e+01
s592        , -1.675983730084032e+01, -1.699309801472930e+01,  7.000648867986546e+01,  1.054687500000000e-01,  9.554451927968445e+00
s593        , -1.833051427645905e+01, -1.875830720236288e+01,  7.054171641286692e+01,  4.090909090909091e-01,  1.079516807827938e+01
s594        , -1.700453572465554e+01, -1.709650405183444e+01,  6.731848782677861e+01,  0.000000000000000e+00,  9.948240589377303e+00
s595        , -2.121342929627275e+01, -2.067008906551341e+01,  5.722563608841783e+01,  4.764397905759162e-01,  1.225926807140859e+01
s596        , -1.895402289388661e+01, -1.926745582447439e+01,  6.865330842991368e+01,  3.348416289592760e-01,  1.168004737387136e+01
s597        , -2.389559541191659e+01, -2.412075108234973e+01,  5.897390904557917e+01,  5.865384615384616e-01,  1.672863236295061e+01
s598        , -1.923753651242740e+01, -1.927638280216591e+01,  6.364662721734960e+01,  2.837837837837838e-01,  1.155769737800565e+01
s599        , -2.358158831573873e+01, -2.315771405155347e+01,  5.962456885537351e+01,  4.170854271356784e-01,  1.613251485100199e+01
s600        , -1.942143232536245e+01, -1.989240944756395e+01,  8.888215701340494e+01,  3.704918032786885e-01,  1.379889855927800e+01
s601        , -2.073803555561576e+01, -2.071817033573713e+01,  5.615335474453514e+01,  1.500000000000000e-01,  1.359970372282023e+01
s602        , -1.821856306700227e+01, -1.845479662903750e+01,  5.876538789187708e+01,  2.248803827751196e-01,  1.032034943977535e+01
s603        , -1.722454836479658e+01, -1.720772854252706e+01,  7.149871389103089e+01,  0.000000000000000e+00,  1.039156043719634e+01
s604        , -1.805154515236764e+01, -1.772081592119180e+01,  6.951221804782385e+01,  1.161048689138577e-01,  1.048938897732969e+01
s605        , -2.021935755598555e+01, -1.993051622786456e+01,  6.807517458949084e+01,  3.221757322175732e-01,  1.261538441611977e+01
s606        , -1.827906736534894e+01, -1.787982897074941e+01,  6.841567961156971e+01,  0.000000000000000e+00,  1.111432061151542e+01
s607        , -2.237721630921111e+01, -2.233145265873383e+01,  6.383106067889404e+01,  5.133928571428571e-01,  1.487515672270770e+01
s608        , -2.098562136420296e+01, -2.119138372347310e+01,  6.724359865822076e+01,  3.054393305439331e-01,  1.438215626338870e+01
s609        , -1.946776205882490e+01, -1.940828577243079e+01,  6.391829596919891e+01,  0.000000000000000e+00,  1.293148275225396e+01
s610        , -2.069261977150295e+01, -2.051366133439165e+01,  8.056198810697403e+01,  5.234899328859061e-01,  1.345787517398978e+01
s611        , -2.170289912291919e+01, -2.142181873482555e+01,  7.261978046247600e+01,  6.028880866425993e-01,  1.384611159628168e+01
s612        , -1.930046031145336e+01, -1.925883997310192e+01,  5.885587539995704e+01,  1.589743589743590e-01,  1.171784440445263e+01
s613        , -2.385958137896088e+01, -2.405102782131484e+01,  5.249551844070679e+01,  4.623655913978494e-01,  1.669704568041845e+01
s614        , -1.933674081040147e+01, -1.940922617383775e+01,  5.958865233074318e+01,  7.281553398058252e-02,  1.233340425560398e+01
s615        , -1.973716697922491e+01, -1.951475273398616e+01,  6.335342879824497e+01,  6.250000000000000e-02,  1.278270194924501e+01
s616        , -1.815004309366292e+01, -1.771196984451866e+01,  7.487132548891645e+01,  0.000000000000000e+00,  1.132620615295482e+01
s617        , -1.832352306169715e+01, -1.863713840705797e+01,  6.774358308795286e+01,  3.250000000000000e-01,  1.078051104002229e+01
s618        , -1.700993990522181e+01, -1.689630512334799e+01,  8.498180948217684e+01,  0.000000000000000e+00,  1.088861220348914e+01
s619        , -2.331208521979489e+01, -2.337014851074880e+01,  5.567341158528792e+01,  6.850000000000001e-01,  1.504959876040769e+01
s620        , -2.294394567846179e+01, -2.334228986312780e+01,  5.700615919850856e+01,  4.210526315789473e-01,  1.619235026550474e+01
s621        , -2.117716243218820e+01, -2.127680719126821e+01,  5.536326543062684e+01,  0.000000000000000e+00,  1.494196126656608e+01
s622        , -2.002792552777272e+01, -1.952871050718497e+01,  7.030532077434816e+01,  4.745762711864407e-01,  1.158090638310814e+01
s623        , -1.988853831837967e+01, -1.982671016083942e+01,  5.781002864790700e+01,  0.000000000000000e+00,  1.309234848349534e+01
s624        , -2.364575476956619e+01, -2.332160606571354e+01,  5.995186158596763e+01,  4.396135265700483e-01,  1.629024035441051e+01
s625        , -2.144171537166414e+01, -2.123553155190058e+01,  6.339281807967665e+01,  6.946902654867256e-01,  1.257105451791261e+01
s626        , -2.037069722396305e+01, -2.020289329728095e+01,  5.944453968457827e+01,  2.631578947368421e-02,  1.362015765164471e+01
s627        , -1.998545144661707e+01, -1.989558021481565e+01,  6.332499990111165e+01,  0.000000000000000e+00,  1.356883057083668e+01
s628        , -2.158119065398551e+01, -2.137795661763342e+01,  5.658292284819603e+01,  4.504950495049505e-01,  1.330733170411377e+01
s629        , -1.843917864187274e+01, -1.813614670045077e+01,  7.338263162770286e+01,  0.000000000000000e+00,  1.181390061599216e+01
s630        , -1.962256463480217e+01, -1.952661196679732e+01,  6.787309319213387e+01,  0.000000000000000e+00,  1.336912983462380e+01
s631        , -2.101091990223662e+01, -2.086774467383152e+01,  6.591996328981712e+01,  3.590909090909091e-01,  1.361884388666149e+01
s632        , -2.022844039713042e+01, -1.999386724584003e+01,  5.374323015589079e+01,  1.032608695652174e-01,  1.261810186785853e+01
s633        , -2.473876586737651e+01, -2.517188398427573e+01,  5.459790059946507e+01,  5.294117647058824e-01,  1.812556905011127e+01
s634        , -2.051539403555230e+01, -2.025475014088085e+01,  6.220253983109378e+01,  0.000000000000000e+00,  1.399131374639726e+01
s635        , -2.382235458298951e+01, -2.453486422314215e+01,  5.135752366872018e+01,  5.875706214689266e-01,  1.677515304115082e+01
s636        , -1.910586081968059e+01, -1.998897553206603e+01,  7.731755405046324e+01,  4.370370370370371e-01,  1.286048706243918e+01
s637        , -1.917066616024459e+01, -1.910011072018435e+01,  6.014841181983510e+01,  0.000000000000000e+00,  1.224233550055599e+01
s638        , -2.192001400012589e+01, -2.159152610065451e+01,  5.963594911947845e+01,  4.883720930232558e-01,  1.365896476083977e+01
s639        , -2.010078758798683e+01, -1.954633942734084e+01,  6.714908951429510e+01,  4.938271604938271e-02,  1.314277515193250e+01
s640        , -1.983289623130970e+01, -1.989387136201279e+01,  5.901822438038312e+01,  9.756097560975610e-02,  1.286649584605885e+01
s641        , -2.307886864739055e+01, -2.314025340371453e+01,  6.033222789769852e+01,  4.905660377358491e-01,  1.585372871735673e+01
s642        , -2.260273435105626e+01, -2.286065489170533e+01,  5.878956461227142e+01,  4.830917874396136e-01,  1.538892430913656e+01
s643        , -2.012782689900612e+01, -1.970702209782198e+01,  6.472439669551174e+01,  9.333333333333334e-02,  1.301767399173636e+01
s644        , -1.902512926743999e+01, -1.888550914408596e+01,  6.246280106788623e+01,  3.141592920353982e-01,  1.080652749985080e+01
s645        , -2.049081123370357e+01, -2.021249815322714e+01,  5.988947646648808e+01,  0.000000000000000e+00,  1.377286376892369e+01
s646        , -2.159630341817387e+01, -2.215575926317530e+01,  5.453573385349157e+01,  3.370165745856354e-01,  1.471714269485131e+01
s647        , -2.046804100673445e+01, -2.036065769132470e+01,  5.350479372971461e+01,  0.000000000000000e+00,  1.353845473597210e+01
s648        , -2.112203592795417e+01, -2.066919732000985e+01,  6.615963758664792e+01,  3.625498007968128e-01,  1.334473714951294e+01
s649        , -2.130712394597167e+01, -2.187299896025456e+01,  5.551353482533030e+01,  3.551912568306011e-01,  1.431601160128836e+01
s650        , -1.872664219670308e+01, -1.896107579744054e+01,  7.054323086027320e+01,  3.114754098360656e-01,  1.148046584099941e+01
s651        , -2.286060777226206e+01, -2.282305770173115e+01,  6.032469921424697e+01,  3.062200956937799e-01,  1.617264787294776e+01
s652        , -2.513277458672901e+01, -2.533733650655212e+01,  5.622187948445682e+01,  4.656084656084656e-01,  1.873132576248845e+01
s653        , -2.212366926194319e+01, -2.179293870022753e+01,  6.969694086308270e+01,  5.725806451612904e-01,  1.428608113500775e+01
s654        , -2.219498706816524e+01, -2.213053831473790e+01,  6.904157207041567e+01,  5.175097276264592e-01,  1.493810326988803e+01
s655        , -2.136195741190379e+01, -2.157581532432566e+01,  6.765381980929449e+01,  5.038759689922481e-01,  1.412645370250185e+01
s656        , -2.204727614381470e+01, -2.180036758658847e+01,  6.370053850009347e+01,  3.640552995391705e-01,  1.474335072215601e+01
s657        , -2.036339525797458e+01, -2.003383586755204e+01,  5.680342189998123e+01,  0.000000000000000e+00,  1.331118784984449e+01
s658        , -1.602366185676991e+01, -1.638785411724228e+01,  7.145910333108048e+01,  2.074688796680498e-02,  9.161953139004774e+00
s659        , -1.871169938684588e+01, -1.889925939159449e+01,  6.454698202710367e+01,  0.000000000000000e+00,  1.226632739803797e+01
s660        , -2.183022460938435e+01, -2.169377112770353e+01,  5.065688561206033e+01,  1.299435028248588e-01,  1.466115148817675e+01
s661        , -2.183692812512830e+01, -2.249580712762644e+01,  5.327372411887801e+01,  4.463276836158192e-01,  1.465215181979173e+01
s662        , -1.575332316936146e+01, -1.600731677426361e+01,  7.490869456155099e+01,  0.000000000000000e+00,  8.955976345446677e+00
s663        , -2.161244100467384e+01, -2.177767882024938e+01,  5.850024618002328e+01,  3.461538461538461e-01,  1.442676431160421e+01
s664        , -1.792030659393350e+01, -1.799524647708014e+01,  6.518624962386698e+01,  0.000000000000000e+00,  1.105209688642420e+01
s665        , -2.036353189911458e+01, -2.011471427185826e+01,  6.901119973126643e+01,  3.255813953488372e-01,  1.292232258090890e+01
s666        , -1.896012969757172e+01, -1.823462385361234e+01,  6.236057621068568e+01,  0.000000000000000e+00,  1.119028574484320e+01
s667        , -1.834472710605888e+01, -1.903946107921004e+01,  6.328901849653872e+01,  2.727272727272727e-01,  1.124887155080778e+01
s668        , -2.315183675604283e+01, -2.309939451255289e+01,  5.652491415943926e+01,  6.534653465346535e-01,  1.486165883131973e+01
s669        , -2.168824836514504e+01, -2.158409766796063e+01,  4.984985485115268e+01,  1.477272727272727e-01,  1.437938319635824e+01
s670        , -1.765957516951316e+01, -1.762913787863143e+01,  7.764076771330998e+01,  0.000000000000000e+00,  1.140204142489034e+01
s671        , -1.925271531654228e+01, -1.933605539163457e+01,  6.285003589757699e+01,  1.705069124423963e-01,  1.205337832170705e+01
s672        , -2.010246672918431e+01, -1.999898941791279e+01,  7.387574945389908e+01,  5.580524344569289e-01,  1.213734858377546e+01
s673        , -2.045224673553428e+01, -2.050152320389964e+01,  5.589095732240851e+01,  0.000000000000000e+00,  1.389921583185920e+01
s674        , -1.961862741224291e+01, -1.959981749201432e+01,  6.074317820871865e+01,  6.698564593301436e-02,  1.270244498393146e+01
s675        , -1.819835804307071e+01, -1.844971425517240e+01,  6.382186960181555e+01,  0.000000000000000e+00,  1.159053466517055e+01
s676        , -2.030955144796039e+01, -1.997230508965635e+01,  6.061276460011194e+01,  3.301886792452830e-02,  1.335214389042429e+01
s677        , -1.708028116046972e+01, -1.771083539370183e+01,  7.078035064603890e+01,  2.000000000000000e-01,  1.021670600869125e+01
s678        , -1.996975063415185e+01, -1.956557545649324e+01,  6.101064314340449e+01,  4.072398190045249e-02,  1.278164627503913e+01
s679        , -2.075675552323975e+01, -2.063542315333974e+01,  5.859031465540616e+01,  5.687203791469194e-02,  1.403713397147316e+01
s680        , -1.844365265503332e+01, -1.863157422810106e+01,  6.589793015161494e+01,  0.000000000000000e+00,  1.198695653585989e+01
s681        , -1.908965101407623e+01, -1.900250978893880e+01,  8.766217559102057e+01,  3.745928338762215e-01,  1.245906773057804e+01
s682        , -2.132701003782740e+01, -2.136484419860678e+01,  6.812831355964022e+01,  9.349593495934959e-02,  1.555954734923685e+01
s683        , -2.134055790648813e+01, -2.098994774101010e+01,  6.639780306154850e+01,  8.093385214007782e-01,  1.196334473455133e+01
s684        , -2.228765611405496e+01, -2.214932811259980e+01,  5.837639307992119e+01,  4.589371980676328e-01,  1.446997856213854e+01
s685        , -2.220524684044785e+01, -2.259407708298244e+01,  7.861860986431039e+01,  4.583333333333333e-01,  1.648856791117663e+01
s686        , -2.092862014660340e+01, -2.091549903799307e+01,  5.924383834879463e+01,  1.886792452830189e-02,  1.462896892305781e+01
s687        , -2.266843571203506e+01, -2.264586226731012e+01,  5.725915107749060e+01,  6.274509803921569e-01,  1.438841854652308e+01
s688        , -1.791243182954496e+01, -1.813004762629817e+01,  8.118554183618274e+01,  3.824561403508772e-01,  1.076518912705497e+01
s689        , -2.022924986754604e+01, -2.019334416968096e+01,  5.645139159991761e+01,  0.000000000000000e+00,  1.350892152428879e+01
s690        , -1.926971843911773e+01, -1.914696803942110e+01,  7.075794231754966e+01,  2.972972972972973e-01,  1.181256468711976e+01
s691        , -1.839442212707931e+01, -1.931874546070270e+01,  7.593299232676507e+01,  3.536121673003803e-01,  1.217636750984857e+01
s692        , -1.811967055159425e+01, -1.844360512555118e+01,  5.927951288846062e+01,  0.000000000000000e+00,  1.126853861561337e+01
s693        , -1.897178714286070e+01, -1.910474718582627e+01,  6.216987259829198e+01,  5.140186915887850e-02,  1.217611910435158e+01
s694        , -2.117746495604092e+01, -2.059483529675874e+01,  5.705308087901860e+01,  5.000000000000000e-01,  1.204535457910931e+01
s695        , -2.262578130233349e+01, -2.230291900397298e+01,  6.733634212324381e+01,  3.266932270916335e-01,  1.584803555142481e+01
s696        , -2.110358706695218e+01, -2.109234004859290e+01,  6.019497924544856e+01,  6.809523809523810e-01,  1.220774635421528e+01
s697        , -2.080079623838923e+01, -2.065676328728579e+01,  5.721258814926787e+01,  0.000000000000000e+00,  1.420651664250340e+01
s698        , -2.284382050270110e+01, -2.285703527872639e+01,  6.316743849642054e+01,  3.488372093023256e-01,  1.624021659466149e+01
s699        , -1.710021253686445e+01, -1.741973627634026e+01,  7.119260687750371e+01,  0.000000000000000e+00,  1.066554063150242e+01
s700        , -1.768315556313765e+01, -1.714281586139168e+01,  8.024952395665547e+01,  0.000000000000000e+00,  1.090514489355520e+01
s701        , -1.903295584190279e+01, -1.961364958830548e+01,  8.064981852250841e+01,  4.536082474226804e-01,  1.249962142759825e+01
s702        , -1.837939645173277e+01, -1.819617253296581e+01,  6.593425530563900e+01,  0.000000000000000e+00,  1.138340179615064e+01
s703        , -2.091048572489854e+01, -2.030842733123597e+01,  6.935089033713561e+01,  7.102040816326531e-01,  1.162772149900116e+01
s704        , -2.101614044515869e+01, -2.087300540958953e+01,  5.870350651678623e+01,  0.000000000000000e+00,  1.461041329043226e+01
s705        , -1.998067347119072e+01, -1.993380243776202e+01,  5.803736492520361e+01,  1.878172588832487e-01,  1.248181460466569e+01
s706        , -2.205053681559340e+01, -2.187310262423854e+01,  6.367475319728807e+01,  4.751131221719457e-01,  1.438437929848286e+01
s707        , -2.095566328486310e+01, -2.065694751479534e+01,  6.313103515483719e+01,  1.345291479820628e-02,  1.455970448329908e+01
s708        , -2.098548818691052e+01, -2.069715387447367e+01,  6.516986434889576e+01,  0.000000000000000e+00,  1.481191300800673e+01
s709        , -2.115794840593145e+01, -2.144173612069845e+01,  6.820055316529466e+01,  1.482889733840304e-01,  1.544538303135428e+01
s710        , -2.144561556804213e+01, -2.199020377371984e+01,  5.731257775782236e+01,  5.916230366492147e-01,  1.362734976257496e+01
s711        , -2.158487030708884e+01, -2.163940866924688e+01,  5.938694569132305e+01,  5.904761904761905e-01,  1.328695433940170e+01
s712        , -1.701606937532507e+01, -1.715278760049065e+01,  7.224461806590875e+01,  0.000000000000000e+00,  1.036656369026571e+01
s713        , -2.069677260469373e+01, -2.048990533430091e+01,  5.624859244397893e+01,  0.000000000000000e+00,  1.390772653917274e+01
s714        , -1.667903695847065e+01, -1.696387105016512e+01,  6.898660800264210e+01,  0.000000000000000e+00,  9.878746674623725e+00
s715        , -1.903979308955687e+01, -1.906124210022654e+01,  6.399934937985084e+01,  0.000000000000000e+00,  1.245400578081391e+01
s716        , -1.775292931769286e+01, -1.789902447229165e+01,  6.051432104460827e+01,  0.000000000000000e+00,  1.059572487224863e+01
s717        , -1.980553907801730e+01, -2.048058804179122e+01,  7.021722698904014e+01,  2.683823529411765e-01,  1.375095082434055e+01
s718        , -2.205506805307129e+01, -2.182850731821337e+01,  6.737128336305473e+01,  3.149606299212598e-01,  1.523851599721952e+01
s719        , -2.211926724507942e+01, -2.224877758623114e+01,  6.134462233695771e+01,  5.000000000000000e-01,  1.464375832979663e+01
s720        , -2.227273745316376e+01, -2.246290072504116e+01,  5.966139869666796e+01,  5.283018867924528e-01,  1.470881339265356e+01
s721        , -1.785735939085095e+01, -1.803810772464196e+01,  7.428323413765558e+01,  5.434782608695652e-02,  1.151524704805075e+01
s722        , -2.185625504194673e+01, -2.153154219880732e+01,  6.369593486815469e+01,  5.682819383259912e-01,  1.352581072750537e+01
s723        , -2.033801839240394e+01, -1.988317980056094e+01,  5.819115335871948e+01,  2.970297029702970e-02,  1.307464439179439e+01
s724        , -2.101306363073858e+01, -2.092329770691106e+01,  5.803231809634934e+01,  4.079601990049751e-01,  1.295007504023640e+01
s725        , -1.977835943733275e+01, -2.076088121152947e+01,  7.285628063493100e+01,  6.159695817490494e-01,  1.288843599701539e+01
s726        , -1.782642809085736e+01, -1.821066254986146e+01,  7.034441570153500e+01,  2.697095435684647e-01,  1.059460484851916e+01
s727        , -2.098840179836340e+01, -2.065150343520559e+01,  6.504658500725317e+01,  0.000000000000000e+00,  1.473986125544507e+01
s728        , -2.135488943619893e+01, -2.114049824697437e+01,  5.864420196456172e+01,  3.465346534653465e-01,  1.354819767991309e+01
s729        , -1.830313789299144e+01, -1.890403276094044e+01,  7.496516637884616e+01,  3.821138211382114e-01,  1.141465706390808e+01
s730        , -1.974102380594271e+01, -1.954137427216658e+01,  6.580881078693410e+01,  1.033057851239669e-01,  1.282077474741319e+01
s731        , -1.858542568590836e+01, -1.856361101223996e+01,  6.106159143549798e+01,  2.844036697247707e-01,  1.038458156789735e+01
s732        , -1.728575125425960e+01, -1.769687556516682e+01,  7.478367723619547e+01,  0.000000000000000e+00,  1.129914644447386e+01
s733        , -2.189672381410002e+01, -2.239065310885827e+01,  5.986749464363812e+01,  5.120772946859903e-01,  1.468944495786918e+01
s734        , -1.907291800543370e+01, -1.908872249327752e+01,  7.047198675784871e+01,  1.444444444444444e-01,  1.234271589486634e+01
s735        , -2.104653345651221e+01, -2.062531643891827e+01,  5.086392802428118e+01,  1.067415730337079e-01,  1.328396978542303e+01
s736        , -1.839280423093862e+01, -1.907534515686876e+01,  7.441029617401860e+01,  3.976833976833977e-01,  1.155055276785412e+01
s737        , -2.165426899727042e+01, -2.196502863350801e+01,  5.683754775210426e+01,  6.019900497512438e-01,  1.351672856631304e+01
s738        , -1.806822955624155e+01, -1.845777875441777e+01,  7.310313149836279e+01,  1.107011070110701e-01,  1.178534614517284e+01
s739        , -1.955458939471557e+01, -2.013911060430067e+01,  6.782872802825307e+01,  4.333333333333333e-01,  1.242988286212224e+01
s740        , -1.834079412742093e+01, -1.825646247527967e+01,  6.852906223102785e+01,  6.296296296296296e-02,  1.138649941005885e+01
s741        , -2.108323768665554e+01, -2.086724245778593e+01,  5.449848565122534e+01,  0.000000000000000e+00,  1.431218046165300e+01
s742        , -1.784982580383593e+01, -1.798123988882320e+01,  6.432134574646807e+01,  0.000000000000000e+00,  1.097290862335469e+01
s743        , -2.007117762213282e+01, -2.034983097376595e+01,  7.387206558380559e+01,  0.000000000000000e+00,  1.492903898581072e+01
s744        , -2.048858578542649e+01, -2.053543419564468e+01,  5.844496651790466e+01,  7.692307692307693e-02,  1.380515331292497e+01
s745        , -2.120349313282904e+01, -2.135857792472988e+01,  5.434301345744327e+01,  4.010989010989011e-01,  1.332967177626812e+01
s746        , -1.892251493836264e+01, -1.915572850941152e+01,  5.843798006587819e+01,  1.477832512315271e-01,  1.159167200253645e+01
s747        , -2.116880416688591e+01, -2.119716047781702e+01,  5.415503451355467e+01,  2.756756756756757e-01,  1.360974683215372e+01
s748        , -2.167842994358758e+01, -2.138532335173303e+01,  5.532533183632896e+01,  6.349206349206349e-02,  1.482830423361539e+01
s749        , -2.059667445248301e+01, -2.090252786026418e+01,  5.943060050155164e+01,  4.974358974358974e-01,  1.264832005707439e+01
s750        , -2.032384862658092e+01, -2.017872038430730e+01,  6.675279392250951e+01,  5.976095617529881e-02,  1.395283326508115e+01
s751        , -2.236553637276776e+01, -2.201074635196041e+01,  8.174287304714325e+01,  5.074626865671642e-01,  1.568941574420401e+01
s752        , -1.716732359631470e+01, -1.683516163353990e+01,  8.041342841173670e+01,  0.000000000000000e+00,  1.048821444683904e+01
s753        , -2.206691124025960e+01, -2.184660800169306e+01,  7.325644574363501e+01,  4.208633093525180e-01,  1.523272186348914e+01
s754        , -1.859855862913608e+01, -1.875349253291132e+01,  6.898826287172724e+01,  0.000000000000000e+00,  1.236994236298383e+01
s755        , -2.251644582892857e+01, -2.196633237191449e+01,  6.114034024997706e+01,  5.420560747663551e-01,  1.406290382728060e+01
s756        , -2.026279534630465e+01, -2.039412913771885e+01,  6.566613221789379e+01,  2.766798418972332e-02,  1.431015400767722e+01
s757        , -1.901185247831666e+01, -1.937778525332521e+01,  6.628157221747242e+01,  8.745247148288973e-02,  1.269113414828457e+01
s758        , -1.866312886885699e+01, -1.857555750788832e+01,  6.854486808290574e+01,  0.000000000000000e+00,  1.209166287859398e+01
s759        , -2.105033567951521e+01, -2.067878940794512e+01,  6.105954675728595e+01,  0.000000000000000e+00,  1.450267535567043e+01
s760        , -1.976737462921502e+01, -2.007334562956792e+01,  5.766092094081970e+01,  2.210526315789474e-01,  1.251288027573730e+01
s761        , -2.282845273202710e+01, -2.274658960805645e+01,  6.317746574544830e+01,  3.727272727272727e-01,  1.598855677170639e+01
s762        , -1.737428124739802e+01, -1.713966761655584e+01,  7.395132113543451e+01,  0.000000000000000e+00,  1.046608992517440e+01
s763        , -2.048674857080450e+01, -2.031020236352791e+01,  6.749976083110927e+01,  7.500000000000000e-02,  1.412449778824443e+01
s764        , -1.996103637141938e+01, -1.964444888124119e+01,  7.494039542763193e+01,  5.434782608695652e-01,  1.177748007126653e+01
s765        , -1.985538741097363e+01, -1.982964021177959e+01,  5.867122328451018e+01,  0.000000000000000e+00,  1.315586265535196e+01
s766        , -1.902823974868692e+01, -1.866705981880098e+01,  6.656495919374863e+01,  2.978723404255319e-02,  1.195942744553548e+01
s767        , -2.019726225103009e+01, -2.009615671914624e+01,  6.108124451031914e+01,  2.325581395348837e-01,  1.273319362343254e+01
s768        , -2.180287541987858e+01, -2.096196498210288e+01,  6.668806585261497e+01,  4.440000000000000e-01,  1.345250902833756e+01
s769        , -2.332774774981945e+01, -2.385617794667940e+01,  5.044705779028058e+01,  1.929824561403509e-01,  1.739643510142021e+01
s770        , -2.255011500408412e+01, -2.246223003735509e+01,  5.970465126211097e+01,  0.000000000000000e+00,  1.689164473127726e+01
s771        , -1.837836194936116e+01, -1.850761890804264e+01,  6.126616854277028e+01,  2.242990654205607e-01,  1.056886783852959e+01
s772        , -2.036442085092615e+01, -2.043422292678052e+01,  5.686935517377587e+01,  0.000000000000000e+00,  1.387306102003137e+01
s773        , -2.207703951964118e+01, -2.219032810787608e+01,  5.677763100093563e+01,  5.544554455445545e-01,  1.402241955514265e+01
s774        , -2.410464814655394e+01, -2.376868616246881e+01,  6.030237675648699e+01,  4.528301886792453e-01,  1.688219176513709e+01
s775        , -2.145476048405246e+01, -2.139507012302976e+01,  6.307184199534926e+01,  5.381165919282511e-01,  1.341729473939093e+01
s776        , -1.783304251394927e+01, -1.771069206940219e+01,  6.232971578504696e+01,  0.000000000000000e+00,  1.045886382743628e+01
s777        , -1.926023008452307e+01, -1.894611900565795e+01,  6.415534511476417e+01,  0.000000000000000e+00,  1.230452514267539e+01
s778        , -1.976550707196644e+01, -1.972621890556362e+01,  5.759390736797513e+01,  0.000000000000000e+00,  1.293755299014401e+01
s779        , -2.301809423461469e+01, -2.297239997036034e+01,  6.802782816995203e+01,  5.200000000000000e-01,  1.602969749265507e+01
s780        , -1.989864127452180e+01, -2.001130531360829e+01,  6.411993987324408e+01,  0.000000000000000e+00,  1.378477834529889e+01
s781        , -1.803783397921168e+01, -1.821489377178445e+01,  6.156686215615610e+01,  2.083333333333333e-01,  1.024806366265619e+01
s782        , -2.003060740563550e+01, -1.988013799877610e+01,  5.779181620661209e+01,  4.901960784313725e-02,  1.296311268993788e+01
s783        , -2.170310297580588e+01, -2.104054531030503e+01,  6.243626106292300e+01,  6.728110599078341e-01,  1.232393962095321e+01
s784        , -1.828106793020000e+01, -1.820603810336257e+01,  6.811305736706740e+01,  0.000000000000000e+00,  1.154750508479557e+01
s785        , -1.904288077315707e+01, -1.934983951010527e+01,  5.759389058722017e+01,  1.287128712871287e-01,  1.188233231705360e+01
s786        , -2.022975758111321e+01, -1.988845151312050e+01,  5.712515788235966e+01,  9.178743961352658e-02,  1.275213357281550e+01
s787        , -1.858814151939532e+01, -1.932747553376549e+01,  7.243539110352472e+01,  0.000000000000000e+00,  1.340680852459366e+01
s788        , -1.926046054059691e+01, -1.954250394307731e+01,  5.742763463661442e+01,  3.482587064676617e-02,  1.252659586925770e+01
s789        , -2.212378523930028e+01, -2.248025283080480e+01,  5.083158032847410e+01,  4.914285714285714e-01,  1.427578326257372e+01
s790        , -2.174169856486492e+01, -2.161854727807079e+01,  5.535545341966883e+01,  4.064171122994653e-01,  1.373945955132695e+01
s791        , -1.907773631846257e+01, -1.921384937455070e+01,  6.446345221810678e+01,  3.097345132743363e-02,  1.257060376952167e+01
s792        , -2.217884458062024e+01, -2.191623989972567e+01,  6.822221435614892e+01,  6.584362139917695e-01,  1.400152908617240e+01
s793        , -2.046845693654859e+01, -2.036476819520465e+01,  6.405413565674280e+01,  5.131578947368421e-01,  1.215397616557521e+01
s794        , -1.973890233992908e+01, -1.940999915828446e+01,  6.038012566025252e+01,  3.488372093023256e-01,  1.124971287770339e+01
s795        , -2.098054198937622e+01, -2.088339195841662e+01,  5.433307882693703e+01,  0.000000000000000e+00,  1.432324430857980e+01
s796        , -1.872193723420701e+01, -1.892572269364637e+01,  5.992336518193838e+01,  1.428571428571429e-02,  1.192509260592476e+01
s797        , -1.738396768625594e+01, -1.699488879799872e+01,  8.119220396943786e+01,  0.000000000000000e+00,  1.076429574270196e+01
s798        , -1.812351947027918e+01, -1.830465283253306e+01,  7.155716035409712e+01,  0.000000000000000e+00,  1.192246884979062e+01
s799        , -2.115781411801412e+01, -1.998255597420474e+01,  6.214786620510607e+01,  8.161434977578476e-01,  1.023969449715409e+01
s800        , -2.197753832223543e+01, -2.256280125372139e+01,  5.115126972095814e+01,  4.022988505747127e-01,  1.478066983162709e+01
s801        , -2.000340332694237e+01, -2.042421953641472e+01,  5.477817962218170e+01,  2.258064516129032e-01,  1.278270596395830e+01
s802        , -2.346278750692302e+01, -2.329449357573438e+01,  6.054170579903372e+01,  4.537037037037037e-01,  1.623504625666435e+01
s803        , -2.201425716118592e+01, -2.204494362206150e+01,  6.014137974085710e+01,  4.336734693877551e-01,  1.455077698286752e+01
s804        , -1.618324989548500e+01, -1.670255449573542e+01,  6.795718226417092e+01,  0.000000000000000e+00,  9.443958301329650e+00
s805        , -2.141738653455062e+01, -2.156761997713208e+01,  6.337545904710792e+01,  7.797356828193833e-01,  1.268105090050788e+01
s806        , -2.157933013723432e+01, -2.160502542480204e+01,  6.432101911431478e+01,  3.377192982456140e-01,  1.462297744677701e+01
s807        , -1.912040169626662e+01, -1.947474265828937e+01,  8.100831666936084e+01,  3.625730994152047e-01,  1.270679483058542e+01
s808        , -2.304047586711122e+01, -2.331343338615835e+01,  6.103660007200163e+01,  7.419354838709677e-01,  1.510577171432135e+01
s809        , -2.047218776779852e+01, -2.026011188184778e+01,  6.325064860751106e+01,  3.017241379310345e-02,  1.394656383282514e+01
s810        , -2.119146876442327e+01, -2.148566615651577e+01,  8.145954122990871e+01,  4.368932038834951e-01,  1.523027497629974e+01
s811        , -2.180116494254657e+01, -2.189976528055460e+01,  5.786351552400567e+01,  4.158415841584158e-01,  1.426509524421925e+01
s812        , -2.372646511684069e+01, -2.344509477304271e+01,  6.038458001666106e+01,  4.906542056074766e-01,  1.628130485441724e+01
s813        , -2.269928091374550e+01, -2.258075450925621e+01,  6.002110316309995e+01,  4.809523809523810e-01,  1.509314052230302e+01
s814        , -1.832573741415099e+01, -1.808359608994014e+01,  6.980766919849127e+01,  0.000000000000000e+00,  1.149402494895817e+01
s815        , -2.057906464758977e+01, -2.067769011512369e+01,  5.862503874004713e+01,  4.153846153846154e-01,  1.261845864846453e+01
s816        , -1.808215553271357e+01, -1.860465685616440e+01,  7.212610939006309e+01,  2.931726907630522e-01,  1.116913975135418e+01
s817        , -2.152086258044021e+01, -2.128184661242049e+01,  7.756346561977098e+01,  4.668989547038328e-01,  1.455381638764244e+01
s818        , -2.057353864229959e+01, -2.061897787180864e+01,  5.613847434948702e+01,  0.000000000000000e+00,  1.407979050546423e+01
s819        , -2.244567325669163e+01, -2.263437549417620e+01,  5.202630958438791e+01,  4.375000000000000e-01,  1.479538251265494e+01
s820        , -2.103220827040201e+01, -2.100710794966383e+01,  6.749093401103183e+01,  0.000000000000000e+00,  1.540354613445207e+01
s821        , -2.251724700203312e+01, -2.292632940377826e+01,  6.012909926531501e+01,  3.865979381443299e-01,  1.597110647793039e+01
s822        , -1.967652212859418e+01, -1.953321382862443e+01,  6.893147164982635e+01,  0.000000000000000e+00,  1.345136373275347e+01
s823        , -1.898228811729100e+01, -1.913246888672391e+01,  6.546265416417272e+01,  2.393162393162393e-01,  1.166626650568252e+01
s824        , -2.375965705343503e+01, -2.413792825630648e+01,  5.335349236919781e+01,  4.475138121546961e-01,  1.693852771642091e+01
s825        , -2.074394606294202e+01, -2.039811720617535e+01,  5.272635820744689e+01,  9.523809523809523e-02,  1.314373909661389e+01
s826        , -2.229590893513048e+01, -2.240881422003527e+01,  5.613332660627953e+01,  3.809523809523809e-01,  1.499828068663168e+01
s827        , -2.030439908572953e+01, -1.886807670532834e+01,  7.033517675396412e+01,  7.309236947791165e-01,  9.605213369926036e+00
s828        , -2.126632247755481e+01, -2.116043174752228e+01,  5.714649628829157e+01,  1.165048543689320e-01,  1.442212069628689e+01
s829        , -1.836528680868646e+01, -1.828750281393902e+01,  6.308786090292545e+01,  2.977777777777778e-01,  1.008488668136733e+01
s830        , -2.038358031572328e+01, -2.034428102009840e+01,  7.056425439094807e+01,  2.386363636363636e-01,  1.370795573456032e+01
s831        , -2.014217587228185e+01, -2.008739132372919e+01,  6.065543947893703e+01,  4.691943127962085e-01,  1.171479389502659e+01
s832        , -1.638297894992474e+01, -1.671573279806229e+01,  6.958338486507111e+01,  0.000000000000000e+00,  9.574534929309275e+00
s833        , -2.087813803835245e+01, -2.063027549767671e+01,  5.276821977978791e+01,  1.639344262295082e-02,  1.379524644662494e+01
s834        , -2.163260872857058e+01, -2.150515818659897e+01,  8.481103747185779e+01,  4.627831715210356e-01,  1.538184050512519e+01
s835        , -1.845033213930005e+01, -1.842734381078165e+01,  6.139202307042922e+01,  0.000000000000000e+00,  1.139169916784511e+01
s836        , -2.085703068105029e+01, -2.106539378317334e+01,  6.302805302405982e+01,  5.882352941176471e-02,  1.493385242128451e+01
s837        , -1.604298594536770e+01, -1.610837258154099e+01,  8.002995072713081e+01,  0.000000000000000e+00,  9.450087324528051e+00
s838        , -1.819387371328009e+01, -1.853597127670715e+01,  7.037089269795571e+01,  2.875000000000000e-01,  1.097581158781247e+01
s839        , -2.199016371973259e+01, -2.137651520178547e+01,  6.908567096404356e+01,  5.951417004048583e-01,  1.357111939458288e+01
s840        , -1.816847175772266e+01, -1.839759053876720e+01,  6.239762853654577e+01,  1.421800947867299e-01,  1.083278015260137e+01
s841        , -2.076446728280485e+01, -2.055510263444100e+01,  6.225007118990619e+01,  7.692307692307693e-02,  1.409514166282318e+01
s842        , -1.719569444321167e+01, -1.726129445761584e+01,  7.093246288440356e+01,  0.000000000000000e+00,  1.042704202980296e+01
s843        , -1.999816334280537e+01, -1.972147433819246e+01,  5.868201720834180e+01,  0.000000000000000e+00,  1.300604503504452e+01
s844        , -1.581596700213373e+01, -1.632654310656471e+01,  7.077618194785259e+01,  0.000000000000000e+00,  9.115119776049767e+00
s845        , -2.003183538643507e+01, -2.006661345199419e+01,  6.003179736142714e+01,  9.004739336492891e-02,  1.320791337726134e+01
s846        , -2.166933569232110e+01, -2.137870451812660e+01,  6.627839984989383e+01,  6.439999999999999e-01,  1.317873960529850e+01
s847        , -2.001719781047365e+01, -1.974581905311183e+01,  5.933798619388323e+01,  0.000000000000000e+00,  1.308520383979809e+01
s848        , -1.670780899311153e+01, -1.639384999161411e+01,  8.326827978178694e+01,  0.000000000000000e+00,  1.007095490032780e+01
s849        , -2.103364362191806e+01, -2.129075698341507e+01,  5.504373719530919e+01,  2.252747252747253e-01,  1.400941387551857e+01
s850        , -1.674889176362534e+01, -1.669965399846564e+01,  7.317377269419126e+01,  0.000000000000000e+00,  9.799945793800703e+00
s851        , -1.887785873496733e+01, -1.923350282765456e+01,  6.698489927624044e+01,  0.000000000000000e+00,  1.289983462099634e+01
s852        , -1.916613881673827e+01, -1.942779880877239e+01,  6.293477182582349e+01,  6.074766355140187e-02,  1.264000528150015e+01
s853        , -2.151831650372089e+01, -2.130103857126848e+01,  6.632397875719199e+01,  5.756302521008403e-01,  1.335600116105550e+01
s854        , -2.092228526657664e+01, -2.046684806609703e+01,  5.417430385768566e+01,  0.000000000000000e+00,  1.373247397031194e+01
s855        , -1.984690981488844e+01, -1.999070680107656e+01,  5.505650468472003e+01,  0.000000000000000e+00,  1.313058979429040e+01
s856        , -1.857995804240183e+01, -1.870610855831132e+01,  6.598986565909533e+01,  1.484716157205240e-01,  1.148417362892294e+01
s857        , -2.294003947989728e+01, -2.323648456617741e+01,  5.818614635780316e+01,  2.834224598930482e-01,  1.669463499226623e+01
s858        , -2.107902559750898e+01, -2.137141553099123e+01,  5.958983524621371e+01,  3.000000000000000e-01,  1.412697913152377e+01
s859        , -1.829183386036745e+01, -1.835310271401812e+01,  6.749252738196242e+01,  0.000000000000000e+00,  1.170938703621948e+01
s860        , -2.148418071954308e+01, -2.149413366925950e+01,  7.086504285832972e+01,  6.507352941176471e-01,  1.362815853210019e+01
s861        , -2.060440939951398e+01, -2.003322402995927e+01,  5.534557871702877e+01,  1.538461538461539e-02,  1.314621639826747e+01
s862        , -1.983634035476443e+01, -1.940705181441860e+01,  5.578095592288513e+01,  5.970149253731343e-02,  1.212172160715673e+01
s863        , -2.017821382918477e+01, -2.070647171515793e+01,  7.372918637067089e+01,  3.195488721804511e-01,  1.409654048649093e+01
s864        , -2.145828954671971e+01, -2.146577367226575e+01,  5.603755777803615e+01,  3.168316831683168e-01,  1.394368059462684e+01
s865        , -2.179521899962700e+01, -2.190320038065433e+01,  6.282368569067854e+01,  4.444444444444444e-01,  1.449413481765078e+01
s866        , -2.240641608733365e+01, -2.210452864870352e+01,  5.960851844715204e+01,  5.263157894736842e-01,  1.421452267660385e+01
s867        , -1.970162478711471e+01, -1.977135654099877e+01,  5.848310466906166e+01,  6.217616580310881e-02,  1.280509376006337e+01
s868        , -1.579821539399930e+01, -1.611987170894342e+01,  6.903089321663771e+01,  0.000000000000000e+00,  8.706989731499114e+00
s869        , -1.927595790821999e+01, -1.905722420714190e+01,  6.453004128476196e+01,  0.000000000000000e+00,  1.248503892752878e+01
s870        , -1.834436146157947e+01, -1.817322432085332e+01,  6.709594444562120e+01,  0.000000000000000e+00,  1.143163319802662e+01
s871        , -1.954632707936713e+01, -1.944305604648246e+01,  7.087099356339158e+01,  2.023346303501946e-01,  1.262450644985692e+01
s872        , -2.222687656829416e+01, -2.211041587056997e+01,  6.663060473548076e+01,  5.948275862068966e-01,  1.442453910511111e+01
s873        , -2.174135075548704e+01, -2.132820007551878e+01,  5.373648197780989e+01,  5.851063829787234e-02,  1.465969872204263e+01
s874        , -2.306987923711809e+01, -2.327841292475441e+01,  6.008319279441120e+01,  4.644549763033176e-01,  1.613663796563399e+01
s875        , -2.178123430913379e+01, -2.188649874994241e+01,  5.824230548413300e+01,  3.794871794871795e-01,  1.442283860646056e+01
s876        , -2.287277527114560e+01, -2.268985720604076e+01,  5.513121605241727e+01,  4.975124378109453e-01,  1.483917145250417e+01
s877        , -2.189016288213647e+01, -2.139569668780128e+01,  6.023958877645980e+01,  4.102564102564102e-01,  1.375049255492321e+01
s878        , -1.876974537203656e+01, -1.894133691319467e+01,  7.025094444697719e+01,  1.975806451612903e-01,  1.190296458125806e+01
s879        , -1.761744622782913e+01, -1.804169589289292e+01,  6.917714820220706e+01,  1.152263374485597e-01,  1.091654258315224e+01
s880        , -1.792977215528789e+01, -1.828672728899351e+01,  6.679092948294337e+01,  0.000000000000000e+00,  1.156857406930946e+01
s881        , -2.116921283478955e+01, -2.006734609157036e+01,  6.184552731069286e+01,  8.258928571428572e-01,  1.029660849317773e+01
s882        , -1.809005639564229e+01, -1.837392973295054e+01,  6.723077277510451e+01,  0.000000000000000e+00,  1.172031232447370e+01
s883        , -1.958200153707774e+01, -1.988248117295122e+01,  6.392209179389396e+01,  0.000000000000000e+00,  1.359180574100335e+01
s884        , -1.866641101726497e+01, -1.878105543180411e+01,  6.566412092063703e+01,  0.000000000000000e+00,  1.217889196030519e+01
s885        , -1.949202935470739e+01, -1.951696993444515e+01,  6.210460928019138e+01,  0.000000000000000e+00,  1.295759451535879e+01
s886        , -1.753621319174707e+01, -1.756140655082589e+01,  6.444307133951095e+01,  3.167420814479638e-02,  1.026617024451859e+01
s887        , -2.072504645987743e+01, -2.050222021750582e+01,  6.062146670162052e+01,  1.100917431192661e-01,  1.377221563769913e+01
s888        , -2.163711888094086e+01, -2.155636787153232e+01,  6.837950620586950e+01,  4.000000000000000e-01,  1.457825723069431e+01
s889        , -1.784767272504274e+01, -1.821496972467663e+01,  6.914959760905266e+01,  1.161825726141079e-01,  1.115188416025415e+01
s890        , -2.036577167825686e+01, -2.083504833640220e+01,  5.357283881793976e+01,  2.696629213483146e-01,  1.309034085513910e+01
s891        , -1.925489904031788e+01, -1.935996885640073e+01,  6.981427692204983e+01,  1.839080459770115e-01,  1.251198591027242e+01
s892        , -1.797999052112338e+01, -1.898028626552413e+01,  7.322625392234276e+01,  3.543307086614173e-01,  1.151547325978306e+01
s893        , -2.224398236502422e+01, -2.206441230202735e+01,  6.631652308206749e+01,  0.000000000000000e+00,  1.679421908234697e+01
s894        , -2.015695897880840e+01, -2.002509544744994e+01,  5.660486742318567e+01,  0.000000000000000e+00,  1.328531822611013e+01
s895        , -1.853378696029952e+01, -1.891381126356703e+01,  7.658661810081729e+01,  3.117408906882591e-01,  1.183066617033402e+01
s896        , -2.478440805107692e+01, -2.460608866577750e+01,  6.592047915108814e+01,  6.944444444444444e-01,  1.743819728439546e+01
s897        , -2.202247365131235e+01, -2.194991803210310e+01,  8.566662766192141e+01,  3.806451612903226e-01,  1.639903514928922e+01
s898        , -2.008627742560493e+01, -1.966601685994948e+01,  6.585568730354206e+01,  2.103004291845494e-01,  1.255584375139603e+01
s899        , -1.802005794967191e+01, -1.758613308992896e+01,  6.795985529673563e+01,  0.000000000000000e+00,  1.067404882079883e+01
s900        , -1.770516073583232e+01, -1.831137648020760e+01,  6.776663747405576e+01,  1.912350597609562e-01,  1.088082350222784e+01
s901        , -2.425916197575684e+01, -2.402073188126729e+01,  5.944534399592578e+01,  4.183673469387755e-01,  1.731614021793483e+01
s902        , -1.641892815066793e+01, -1.652235709243181e+01,  7.356247252267742e+01,  0.000000000000000e+00,  9.579981855403648e+00
s903        , -2.332207101034287e+01, -2.300114565018822e+01,  6.563917410902670e+01,  4.545454545454545e-01,  1.617504663044944e+01
s904        , -2.132463334662818e+01, -2.013980016659392e+01,  6.724666900809024e+01,  7.695473251028806e-01,  1.100281239054041e+01
s905        , -2.166343218809494e+01, -2.174935603274671e+01,  7.207396746014462e+01,  3.574297188755020e-01,  1.527758966358866e+01
s906        , -1.790842270146736e+01, -1.734670800954257e+01,  7.928772711921656e+01,  0.000000000000000e+00,  1.112257584792662e+01
s907        , -1.911599503394165e+01, -1.978245585911693e+01,  6.876559891717113e+01,  2.038461538461538e-01,  1.294539340989185e+01
s908        , -2.062377494321661e+01, -2.036679935555575e+01,  6.116543430522474e+01,  1.780821917808219e-01,  1.334059924858259e+01
s909        , -2.034650826700463e+01, -2.061545531662611e+01,  6.781849295843824e+01,  5.568627450980392e-01,  1.258231162580759e+01
s910        , -1.701866755175476e+01, -1.697119026365596e+01,  7.151886485062512e+01,  0.000000000000000e+00,  1.006369934584871e+01
s911        , -1.800428066961873e+01, -1.824427762011751e+01,  6.745698064203907e+01,  0.000000000000000e+00,  1.155545359000985e+01
s912        , -2.018815932170212e+01, -1.993021519098543e+01,  5.943122860162099e+01,  9.803921568627451e-03,  1.330784138842544e+01
s913        , -1.735412329082851e+01, -1.772959939013645e+01,  7.044164372104517e+01,  1.673640167364017e-01,  1.035416698745716e+01
s914        , -2.004618788210774e+01, -2.059938681727081e+01,  6.127349941174133e+01,  2.727272727272727e-01,  1.328112396839052e+01
s915        , -1.937730144245923e+01, -1.925372492560397e+01,  5.845873875906683e+01,  1.067961165048544e-01,  1.189870274462995e+01
s916        , -2.191302790761547e+01, -2.225106759811428e+01,  6.383200539193643e+01,  4.663677130044843e-01,  1.495744444671500e+01
s917        , -1.792924589211810e+01, -1.741621618472698e+01,  6.475871301477736e+01,  4.741379310344827e-02,  1.002088368390266e+01
s918        , -2.621730238337609e+01, -2.628009171720316e+01,  5.437643016644947e+01,  5.263157894736842e-01,  1.966564488875607e+01
s919        , -1.919355775511356e+01, -1.860415476655663e+01,  5.709586023101097e+01,  0.000000000000000e+00,  1.134131171498565e+01
s920        , -1.675861595936722e+01, -1.672216321336411e+01,  6.943306607960822e+01,  0.000000000000000e+00,  9.573111504887864e+00
s921        , -2.192756432754418e+01, -2.139766143248843e+01,  5.683256902619205e+01,  3.697916666666667e-01,  1.368512530836076e+01
s922        , -2.290193110331377e+01, -2.273838063768788e+01,  5.773627093871801e+01,  3.940886699507389e-01,  1.551342638188478e+01
s923        , -1.925371616601646e+01, -1.879378596212350e+01,  6.912035606147992e+01,  0.000000000000000e+00,  1.243514566285807e+01
s924        , -1.798705044323696e+01, -1.881928303016502e+01,  7.121210291570611e+01,  5.482625482625483e-01,  1.035182369905365e+01
s925        , -2.338449219749342e+01, -2.364201121301676e+01,  5.866221499553195e+01,  4.352331606217616e-01,  1.666530780446585e+01
s926        , -1.762302148317026e+01, -1.717962794568740e+01,  8.352068962286745e+01,  0.000000000000000e+00,  1.118214651892327e+01
s927        , -1.720744831710588e+01, -1.744194667971917e+01,  6.953170534367625e+01,  0.000000000000000e+00,  1.058182890612209e+01
s928        , -1.827654667645005e+01, -1.800937090855667e+01,  6.844548202066221e+01,  0.000000000000000e+00,  1.129669462821888e+01
s929        , -2.066098735264480e+01, -2.098858229457450e+01,  5.783670870483994e+01,  2.338308457711443e-01,  1.374623788844717e+01
s930        , -1.982419875205301e+01, -2.038377975979420e+01,  6.388923363714659e+01,  4.220183486238532e-01,  1.254527408689964e+01
s931        , -2.184683786579889e+01, -2.229180116920477e+01,  5.966739793875313e+01,  3.168316831683168e-01,  1.534399253669433e+01
s932        , -2.007807490293144e+01, -2.000293463358602e+01,  6.381274300686688e+01,  0.000000000000000e+00,  1.375192539128573e+01
s933        , -2.186904116931162e+01, -2.166895101012415e+01,  6.229809583222943e+01,  0.000000000000000e+00,  1.596641958689822e+01
s934        , -1.595875499840616e+01, -1.639152911531906e+01,  7.667794735423799e+01,  0.000000000000000e+00,  9.612890165777580e+00
s935        , -1.706347068237267e+01, -1.775669009623521e+01,  7.623037926352536e+01,  3.449612403100775e-01,  1.005828342992470e+01
s936        , -1.818003510858343e+01, -1.730411208831086e+01,  6.497867521170240e+01,  0.000000000000000e+00,  1.007573965604551e+01
s937        , -2.175658784400171e+01, -2.202003930928573e+01,  5.538646778127721e+01,  5.645161290322580e-01,  1.364784318988912e+01
s938        , -2.010166135357230e+01, -1.977276276455473e+01,  6.598098540212646e+01,  0.000000000000000e+00,  1.358117739223147e+01
s939        , -1.813809060682595e+01, -1.839860334934824e+01,  6.212968266326156e+01,  1.877934272300469e-01,  1.062741007606656e+01
s940        , -2.094308051046411e+01, -2.094882196720794e+01,  5.279186215696105e+01,  2.122905027932961e-01,  1.343163768348734e+01
s941        , -1.827480816862776e+01, -1.822366142980045e+01,  6.817847546707485e+01,  0.000000000000000e+00,  1.157655090359761e+01
s942        , -1.770857434290158e+01, -1.772578792791996e+01,  7.174881040193097e+01,  0.000000000000000e+00,  1.112993886792070e+01
s943        , -1.938132201948424e+01, -1.941237234033303e+01,  5.721825364128316e+01,  0.000000000000000e+00,  1.247476525526453e+01
s944        , -1.770272330222015e+01, -1.777150425045622e+01,  7.053809507822129e+01,  0.000000000000000e+00,  1.111001620475500e+01
s945        , -1.924477319915050e+01, -1.902401151890748e+01,  6.304887454118572e+01,  1.131221719457014e-01,  1.186962739803775e+01
s946        , -2.185513295241253e+01, -2.214212190425360e+01,  5.323635467157683e+01,  2.637362637362637e-01,  1.491097705077557e+01
s947        , -2.017292248813791e+01, -1.993416457472358e+01,  7.045575269761143e+01,  2.904564315352697e-01,  1.291569347395239e+01
s948        , -1.792501053388721e+01, -1.792257240138163e+01,  6.878175214152972e+01,  0.000000000000000e+00,  1.119908238379894e+01
s949        , -2.005207290213696e+01, -2.051625929499566e+01,  7.479792430220128e+01,  4.909090909090909e-01,  1.319817309957555e+01
s950        , -2.257823345395823e+01, -2.229958614084825e+01,  6.277029100923367e+01,  5.515695067264574e-01,  1.460000083464812e+01
s951        , -1.571913272603913e+01, -1.559316801036037e+01,  8.362517332385168e+01,  0.000000000000000e+00,  8.981068764989418e+00
s952        , -2.233989362366768e+01, -2.298187502226553e+01,  5.392409541022898e+01,  3.833333333333334e-01,  1.563365915579059e+01
s953        , -2.342860552534396e+01, -2.286104798504617e+01,  6.228131432381428e+01,  3.472222222222222e-01,  1.619131245481053e+01
s954        , -2.204077204416149e+01, -2.171778041193564e+01,  6.816181552757122e+01,  3.206751054852321e-01,  1.511535862732579e+01
s955        , -1.756302978982562e+01, -1.725894447640136e+01,  7.050199652778318e+01,  0.000000000000000e+00,  1.039406215926516e+01
s956        , -2.291971088639473e+01, -2.284243944663363e+01,  6.233601451817685e+01,  4.305555555555556e-01,  1.582519321317857e+01
s957        , -1.872997367448807e+01, -1.893333347232215e+01,  5.698498536372377e+01,  1.393034825870647e-01,  1.121683173537963e+01
s958        , -2.138547156076431e+01, -2.123336339061518e+01,  6.424198701915675e+01,  1.637931034482759e-01,  1.481813509099448e+01
s959        , -1.926386090665138e+01, -1.858500483422932e+01,  6.678212409234247e+01,  0.000000000000000e+00,  1.198315676694502e+01
s960        , -1.680470785163838e+01, -1.683790450282425e+01,  7.825278619783357e+01,  0.000000000000000e+00,  1.034291491001743e+01
s961        , -2.001579976967623e+01, -1.995691832297935e+01,  7.305010587167972e+01,  3.469387755102041e-01,  1.289326226953952e+01
s962        , -1.871905926332032e+01, -1.809013007946908e+01,  9.045776452791407e+01,  3.687500000000000e-01,  1.140612893083570e+01
s963        , -1.918665598310528e+01, -1.946165863674040e+01,  7.119911643776132e+01,  0.000000000000000e+00,  1.350826409184036e+01
s964        , -1.746488927974545e+01, -1.722728302873721e+01,  7.602952248918211e+01,  0.000000000000000e+00,  1.073147488766165e+01
s965        , -1.971186761143078e+01, -1.974167916958737e+01,  8.085763599523878e+01,  4.475524475524476e-01,  1.271717384279479e+01
s966        , -1.765956881606673e+01, -1.783604472516983e+01,  6.150494060887166e+01,  0.000000000000000e+00,  1.057642755117430e+01
s967        , -2.223688117086612e+01, -2.191483115662044e+01,  6.408808933391055e+01,  7.478260869565216e-01,  1.334525717110203e+01
s968        , -1.998239594820018e+01, -1.990308374737360e+01,  5.599756538917163e+01,  0.000000000000000e+00,  1.307356965419692e+01
s969        , -2.101894011109180e+01, -2.083679390058493e+01,  5.838194408269630e+01,  9.278350515463918e-02,  1.415481410911208e+01
s970        , -1.986554229461376e+01, -1.983222338456595e+01,  6.150232517771967e+01,  0.000000000000000e+00,  1.335484784596927e+01
s971        , -1.914500631305469e+01, -1.874160016738180e+01,  6.093205252663915e+01,  1.855203619909502e-01,  1.103157603989559e+01
s972        , -1.930540895911451e+01, -1.883193453949745e+01,  7.076613643479614e+01,  0.000000000000000e+00,  1.260183108132322e+01
s973        , -2.013055280326089e+01, -1.999888603494153e+01,  6.869245583974146e+01,  6.122448979591837e-02,  1.383033618739860e+01
s974        , -1.991254970003848e+01, -2.015790841312058e+01,  6.009622329176224e+01,  2.463768115942029e-01,  1.269412575480593e+01
s975        , -2.002907222040815e+01, -2.051929059639762e+01,  8.246427221619966e+01,  3.867595818815331e-01,  1.416140755714652e+01
s976        , -2.147573630129902e+01, -2.150998267670547e+01,  5.449887160534907e+01,  3.191489361702128e-01,  1.388945937920346e+01
s977        , -1.918950409415471e+01, -1.924385052393711e+01,  6.924157916176546e+01,  2.142857142857143e-01,  1.218543277821098e+01
s978        , -1.698999961978807e+01, -1.665501986184767e+01,  8.584462687074723e+01,  4.833836858006042e-02,  1.041276425293613e+01
s979        , -2.115978794608996e+01, -2.144183738708751e+01,  5.316451726245286e+01,  4.666666666666667e-01,  1.309357379121013e+01
s980        , -1.730989298326385e+01, -1.701044922667568e+01,  7.527910457457594e+01,  0.000000000000000e+00,  1.037786055082451e+01
s981        , -2.142850865946883e+01, -2.113261375636621e+01,  6.150788606720610e+01,  1.737089201877934e-01,  1.444826912383623e+01
s982        , -2.110948756566415e+01, -2.146601077571304e+01,  6.525587130225503e+01,  3.832599118942731e-01,  1.430600646871156e+01
s983        , -1.831465175322002e+01, -1.859647152347480e+01,  6.876731813971652e+01,  9.716599190283401e-02,  1.173503487181169e+01
s984        , -2.150201864035685e+01, -2.137282480244526e+01,  6.059022757883505e+01,  0.000000000000000e+00,  1.543635461480974e+01
s985        , -1.659952594735737e+01, -1.741648890775393e+01,  7.802695748407940e+01,  3.167938931297710e-01,  9.825000608535394e+00
s986        , -2.105203087443673e+01, -2.078606394547653e+01,  5.471155218758231e+01,  0.000000000000000e+00,  1.421388808536641e+01
s987        , -2.066592788190784e+01, -2.118540047122516e+01,  7.485254099163110e+01,  4.469696969696970e-01,  1.431473785475792e+01
s988        , -2.133344594608628e+01, -2.134168606859917e+01,  8.288865126997516e+01,  5.063291139240507e-01,  1.484186618471067e+01
s989        , -2.008246059204520e+01, -2.049403672415274e+01,  6.131636283091694e+01,  3.168316831683168e-01,  1.295538028841926e+01
s990        , -2.181814335912880e+01, -2.204750731918123e+01,  6.048371028322681e+01,  5.000000000000000e-01,  1.430418201795404e+01
s991        , -1.674874949890157e+01, -1.680927126234112e+01,  7.983811374592086e+01,  0.000000000000000e+00,  1.041247053735078e+01
s992        , -1.990187356431624e+01, -2.018982822132553e+01,  6.714896788463693e+01,  1.372549019607843e-01,  1.367574939888319e+01
s993        , -2.167451347953028e+01, -2.146126441807638e+01,  6.635302815811021e+01,  4.070796460176991e-01,  1.427679481330367e+01
s994        , -2.085856003252748e+01, -2.038682494212568e+01,  7.398179645301887e+01,  6.445993031358885e-01,  1.232726176070692e+01
s995        , -1.532250426373563e+01, -1.561297318196839e+01,  7.788564693093201e+01,  0.000000000000000e+00,  8.612521288666915e+00
s996        , -2.197589637081217e+01, -2.265075398293145e+01,  5.905730024356662e+01,  7.129186602870813e-01,  1.416652509795626e+01
s997        , -1.843774602570321e+01, -1.897934764429898e+01,  7.042181540527446e+01,  2.677824267782427e-01,  1.167788045728526e+01
s998        , -2.004154224207673e+01, -1.967055237934461e+01,  6.182119313358339e+01,  1.140350877192982e-01,  1.268108909483207e+01
s999        , -1.918982967461324e+01, -1.962048631672975e+01,  7.850456953159035e+01,  3.272727272727273e-01,  1.288258372937828e+01
s1000       , -2.386287011937712e+01, -2.377351683060522e+01,  6.005881935435333e+01,  4.646464646464646e-01,  1.682333019938849e+01
s1001       , -2.142986106465667e+01, -2.136061825920623e+01,  6.292684183358082e+01,  2.636363636363636e-01,  1.449236009743765e+01
s1002       , -1.703565403983971e+01, -1.684297429668342e+01,  8.364266933743241e+01,  0.000000000000000e+00,  1.072195658754672e+01
s1003       , -2.272857267296788e+01, -2.254125364316013e+01,  6.025994205509451e+01,  4.766355140186916e-01,  1.507246006498045e+01
s1004       , -1.957549960274314e+01, -1.908326246051213e+01,  6.131635631885030e+01,  1.176470588235294e-01,  1.181385366620019e+01
s1005       , -2.033955634118916e+01, -2.012467533035674e+01,  5.586292725379135e+01,  6.735751295336788e-02,  1.309467877813229e+01
s1006       , -2.103463075725037e+01, -2.141121049842724e+01,  6.971918414855416e+01,  0.000000000000000e+00,  1.611982419501173e+01
s1007       , -1.845815321471510e+01, -1.889087987055727e+01,  7.308936228269027e+01,  0.000000000000000e+00,  1.284421889213790e+01
s1008       , -2.105860584214290e+01, -2.069126279074681e+01,  6.412485480845103e+01,  5.066666666666667e-01,  1.264011945340512e+01
s1009       , -2.225664818829298e+01, -2.188868537148408e+01,  6.784853838593045e+01,  5.375000000000000e-01,  1.443659806460750e+01
s1010       , -2.029000137617794e+01, -2.033470327464103e+01,  5.615857819392344e+01,  1.170212765957447e-01,  1.320242644558132e+01
s1011       , -2.150175758271834e+01, -2.117714293801708e+01,  6.830866218944814e+01,  6.679389312977100e-01,  1.293947561413003e+01
s1012       , -1.789395613621291e+01, -1.834755426078973e+01,  7.329121661103535e+01,  2.052238805970149e-01,  1.125471782638213e+01
s1013       , -1.907481979836395e+01, -1.953982025153934e+01,  7.396982925441013e+01,  3.166023166023166e-01,  1.250137949850511e+01
s1014       , -1.701362802016618e+01, -1.757921464728157e+01,  7.613799263009089e+01,  1.847826086956522e-01,  1.046607073042243e+01
s1015       , -1.771043360260808e+01, -1.832208119678209e+01,  6.644402822344726e+01,  2.816901408450704e-01,  1.043105373490047e+01
s1016       , -2.325177194237830e+01, -2.293673681896568e+01,  6.171630579145182e+01,  4.095238095238095e-01,  1.600049900257526e+01
s1017       , -2.061131053204120e+01, -2.075067098032191e+01,  6.040990915041047e+01,  1.279620853080569e-01,  1.402968136631057e+01
s1018       , -1.637685178145171e+01, -1.669679810928870e+01,  6.731827813606986e+01,  0.000000000000000e+00,  9.391851443125473e+00
s1019       , -2.229355013298489e+01, -2.201702686540208e+01,  6.244723005314771e+01,  4.434389140271493e-01,  1.463074624087106e+01
s1020       , -1.626620443538163e+01, -1.596495517856630e+01,  8.294598043012621e+01,  0.000000000000000e+00,  9.451706880547947e+00
s1021       , -2.225684084822025e+01, -2.240283665828185e+01,  5.575164757970794e+01,  5.891089108910891e-01,  1.410436813547085e+01
s1022       , -1.619907626993357e+01, -1.666690833858415e+01,  7.004549186404692e+01,  0.000000000000000e+00,  9.538465716921277e+00
s1023       , -2.164326276096592e+01, -2.144057041345603e+01,  5.940359449797026e+01,  1.869158878504673e-02,  1.537160078782734e+01
s1024       , -1.814482992541786e+01, -1.801800319548457e+01,  7.016764585140632e+01,  0.000000000000000e+00,  1.142756618357285e+01
s1025       , -1.966276460675046e+01, -1.969275166025551e+01,  5.867739245582592e+01,  1.185567010309278e-01,  1.247635427993114e+01
s1026       , -1.787958226759213e+01, -1.786439421959564e+01,  6.715435024119593e+01,  0.000000000000000e+00,  1.100578495458461e+01
s1027       , -2.228548280106830e+01, -2.249242945082101e+01,  5.712732611788546e+01,  4.000000000000000e-01,  1.510464422050675e+01
s1028       , -1.939576101741603e+01, -1.905283597972595e+01,  6.758536439342832e+01,  0.000000000000000e+00,  1.268979491607855e+01
s1029       , -2.072177297910414e+01, -2.053530871018748e+01,  5.213922041368350e+01,  2.043010752688172e-01,  1.284398106992824e+01
s1030       , -2.116639743005703e+01, -2.086760545796380e+01,  5.476466168521350e+01,  1.570680628272251e-02,  1.426621977952033e+01
s1031       , -1.871817432191781e+01, -1.869107064086097e+01,  6.910966557379629e+01,  0.000000000000000e+00,  1.229143223883232e+01
s1032       , -1.793076662035363e+01, -1.884028063288055e+01,  7.594527219871432e+01,  3.601532567049809e-01,  1.148421012576948e+01
s1033       , -2.190726556241366e+01, -2.188692193266582e+01,  6.946080813749435e+01,  6.268656716417911e-01,  1.417652183436398e+01
s1034       , -1.655942363042545e+01, -1.663633058909157e+01,  7.889211492972541e+01,  0.000000000000000e+00,  1.010645559265062e+01
s1035       , -1.920990065585595e+01, -1.959153245288195e+01,  6.792959110390687e+01,  2.941176470588235e-01,  1.224930617228555e+01
s1036       , -1.624542641970273e+01, -1.648625316434601e+01,  6.525665921101844e+01,  0.000000000000000e+00,  8.956497933403799e+00
s1037       , -1.865413258865576e+01, -1.896348993594059e+01,  6.585779101931526e+01,  0.000000000000000e+00,  1.244619970004507e+01
s1038       , -2.303917859954092e+01, -2.313827024488745e+01,  5.869984959550838e+01,  5.583756345177665e-01,  1.545839751261079e+01
s1039       , -2.268866240524940e+01, -2.326553089493279e+01,  5.634120211323910e+01,  5.000000000000000e-01,  1.571372539146203e+01
s1040       , -2.002650999928207e+01, -2.060018747009876e+01,  7.141833116687394e+01,  4.179687500000000e-01,  1.338284469474207e+01
s1041       , -2.439240447433291e+01, -2.431234731017948e+01,  5.870651443361312e+01,  3.917525773195876e-01,  1.778092986637706e+01
