# c0 + a0 * (face-area-avg * VPA) + a1 * (Ge * S) + a2 * (poly_dist_avg - SBI) + a3 * (pockets-per-volume + face-area-count)
# Property Label: $E$; Unit of the Property: Unitless
# RMSE: 0.638011079459778; Max AE: 2.59245388952007
# Coefficients
# Task   a0                      a1                      a2                      a3                      c0
# all , -1.634269142399586e-01,  8.207329254923847e+00,  2.767311635696482e+00, -7.103400247209948e-02,  2.286077689963520e+00, 
# Feature Rung, Units, and Expressions
# 0;  1; Unitless;                                         32|3|mult; (face-area-avg * VPA); $\left(face-area-avg VPA\right)$; (face_sub_area_sub_avg .* VPA); (newdata$face_sub_area_sub_avg * newdata$VPA); face-area-avg,VPA
# 1;  1; Unitless;                                         18|10|mult; (Ge * S); $\left(Ge S\right)$; (Ge .* S); (newdata$Ge * newdata$S); Ge,S
# 2;  1; Unitless;                                         29|5|sub; (poly_dist_avg - SBI); $\left(poly_{dist, avg} - SBI\right)$; (poly_dist_avg - SBI); (newdata$poly_dist_avg - newdata$SBI); poly_dist_avg,SBI
# 3;  1; Unitless;                                         36|34|add; (pockets-per-volume + face-area-count); $\left(pockets-per-volume + face-area-count\right)$; (pockets_sub_per_sub_volume + face_sub_area_sub_count); (newdata$pockets_sub_per_sub_volume + newdata$face_sub_area_sub_count); pockets-per-volume,face-area-count
# Number of Samples Per Task
# Task, n_samples               
# all , 1041                  

# Sample ID , Property Value        ,  Property Value (EST) ,  Feature 0 Value      ,  Feature 1 Value      ,  Feature 2 Value      ,  Feature 3 Value      
s1          ,  6.774572406644882e-01,  4.034147105199688e-01,  1.028377264668192e+00,  0.000000000000000e+00,  6.417673197130047e-02,  2.663788337525630e+01
s2          ,  1.967875961713064e+00,  7.273662443041240e-01,  6.932625404794364e-02,  0.000000000000000e+00,  1.762139112243052e-01,  2.864854021968480e+01
s3          , -1.271285198486554e+00, -9.021785032228218e-01,  6.611446408305669e-01,  0.000000000000000e+00, -9.363884935216206e-02,  3.971449431434900e+01
s4          , -1.922048452937919e-01, -6.899147791608491e-01,  4.851261397669510e-01,  0.000000000000000e+00,  1.920029984140204e-02,  4.152719699841941e+01
s5          ,  2.455067115358116e-01,  2.475253345222685e-01, -1.733107661760981e-01,  0.000000000000000e+00,  1.600279415129083e-01,  3.533129341448784e+01
s6          ,  1.771859120156342e-01,  4.499492222836605e-01,  1.214010192583766e+00,  0.000000000000000e+00,  5.454548565305867e-02,  2.518048853962593e+01
s7          , -1.787554844087500e-01,  1.852529480369687e-01,  1.300485390928343e+00,  0.000000000000000e+00, -3.783601111138252e-02,  2.510891026275293e+01
s8          ,  1.258527874893824e+00,  1.036782099040533e+00,  2.565538701165570e-01,  1.822916666666667e-01,  1.467242940128557e-02,  3.863077683169563e+01
s9          ,  1.207996528852184e+00,  1.225124703228275e+00,  1.467869920727318e+00,  0.000000000000000e+00,  1.292047585025767e-01,  1.659224210461170e+01
s10         , -3.778119871449526e-01,  5.440664352694946e-01,  8.303037622563286e-02,  5.078125000000000e-02, -1.646476650975018e-03,  3.013576465851754e+01
s11         ,  2.051916464504999e-01, -9.946975158519862e-01,  1.048938772437424e-01,  0.000000000000000e+00, -1.733606170862432e-01,  3.919094762250037e+01
s12         , -9.030892502610830e-01, -1.083474516984201e+00,  8.345956690882955e-02,  0.000000000000000e+00, -2.275982036434495e-01,  3.837707879868677e+01
s13         , -1.915336013610817e+00, -5.263892804328463e-01,  4.435133123958690e-01,  0.000000000000000e+00,  5.375670547540484e-03,  3.878228761029047e+01
s14         , -4.972857440368104e-01, -1.735100614149481e-01,  1.209775284430644e+00,  9.989258861439311e-02, -1.435766620032257e-02,  4.282452110258616e+01
s15         ,  9.892906044607527e-01,  3.259670659393639e-01, -2.388715341805528e-01,  3.961632479540865e-02, -1.921777951832675e-01,  2.523407061557405e+01
s16         ,  7.196956197004112e-01,  7.171019799761325e-01,  2.028019427136735e+00,  0.000000000000000e+00,  5.277935271314915e-02,  1.947799112717624e+01
s17         , -8.233048349290433e-01, -9.253668513176159e-01,  8.548067713609932e-02,  0.000000000000000e+00, -1.857006927403524e-01,  3.777885120955160e+01
s18         ,  6.436893120625885e-01, -2.617167853556173e-01,  1.073672132993061e-01,  0.000000000000000e+00, -4.303154910176671e-02,  3.394382960997833e+01
s19         ,  6.782210382119218e-01,  8.404176078313280e-01,  2.593030919920651e+00,  0.000000000000000e+00, -1.448627021405524e-02,  1.382156406891458e+01
s20         ,  1.358387811126361e-01, -8.683127575927805e-01,  9.060567565785802e-01,  0.000000000000000e+00,  1.541991098392556e-02,  4.292293803924665e+01
s21         ,  1.192439177417436e+00,  5.907299137542203e-01,  1.672007418372095e-01,  0.000000000000000e+00, -1.109021690684581e-01,  1.916155312464206e+01
s22         , -1.675888320916539e+00, -1.561481067969372e+00,  2.852235374442089e+00,  0.000000000000000e+00,  1.226778579962567e-02,  4.808085423217966e+01
s23         ,  1.682267394333138e+00,  1.028961967024497e+00,  1.814596597995083e+00,  0.000000000000000e+00,  9.352393369827960e-02,  1.716602792805679e+01
s24         , -5.344901610254715e-02,  3.708762127266096e-02, -2.905759455909830e-02,  0.000000000000000e+00,  1.751879948982424e-02,  3.241009599988077e+01
s25         ,  7.630444568978922e-01,  1.368835309168169e+00,  1.560454093385607e+00,  0.000000000000000e+00, -8.905669092553886e-02,  5.853176675897799e+00
s26         , -7.690353008448225e-01, -1.860278563961555e+00,  3.578136893993659e+00,  0.000000000000000e+00, -4.067710553836704e-02,  4.855457999151128e+01
s27         ,  1.318355805735755e-01,  3.508788631017445e-02, -4.559097384262269e-04,  0.000000000000000e+00, -1.633191659192222e-02,  3.105370290268286e+01
s28         , -1.557515501210242e+00, -9.838625449406262e-01,  8.840166159059885e-01,  0.000000000000000e+00, -4.623757767005020e-02,  4.219830273134875e+01
s29         ,  1.315402392066626e+00,  1.547009346838762e+00,  1.613184454386402e+00,  0.000000000000000e+00, -7.845193593381650e-03,  6.387370475251926e+00
s30         , -1.602536800620832e+00, -5.490786486492625e-01,  3.905361951771925e-01,  0.000000000000000e+00, -1.716300987071830e-02,  3.834553483716489e+01
s31         , -6.577868421803238e-01, -3.162824408635521e-01,  2.820349496072852e-02,  0.000000000000000e+00, -1.642343482751850e-01,  3.017235722503085e+01
s32         ,  1.122204297021453e+00, -8.688170816532348e-02,  2.677968317078989e-02,  0.000000000000000e+00, -1.792878633159145e-01,  2.635973508019736e+01
s33         ,  1.732999170998263e+00,  1.152104046105612e+00,  1.493153630607970e+00,  0.000000000000000e+00,  2.872556643172186e-02,  1.364761542376425e+01
s34         ,  1.815120104294484e+00,  8.184478462914035e-01, -3.242562990723506e-01,  1.962809917355372e-02, -5.765245815444058e-02,  2.142880805482727e+01
s35         ,  5.934117724273275e-01,  9.141935949535789e-01,  2.071437764510863e+00,  0.000000000000000e+00,  5.677885583507125e-04,  1.456945441595308e+01
s36         ,  9.702627198604924e-01,  4.233153010715776e-01, -5.579950787099611e-01,  0.000000000000000e+00,  1.629377962925679e-01,  3.385496211179049e+01
s37         ,  1.142962175227537e+00,  4.928947649431779e-01, -7.775893778386532e-02,  0.000000000000000e+00,  1.583645380015084e-01,  3.159240334024050e+01
s38         ,  2.376281988155590e-01,  9.791653422790135e-01, -4.534530300246566e-01,  0.000000000000000e+00, -1.513355065545662e-01,  1.354599537495671e+01
s39         , -9.901628269429662e-01, -4.906121908353756e-02,  1.676235735798655e+00,  0.000000000000000e+00, -1.591085244671556e-01,  2.281856502098313e+01
s40         , -6.175077579414836e-01,  2.247451790540509e-01, -1.261657509002901e-01,  7.384563150746943e-03, -9.260031202555204e-02,  2.655495882056330e+01
s41         , -6.558266813617915e-01, -4.883369046271393e-01,  3.886167813059932e-01,  0.000000000000000e+00, -9.060440147565874e-02,  3.463374515208191e+01
s42         , -1.132806252875512e-01, -4.242135305645736e-01,  1.678947649290801e-01,  0.000000000000000e+00,  4.224146301611585e-02,  3.941419449638512e+01
s43         ,  3.987508132795206e-01,  4.319528471498568e-02,  2.019501539379978e+00,  0.000000000000000e+00, -1.515331048154459e-01,  2.102517279386634e+01
s44         , -1.257042213831158e-02,  2.048743642838269e-01,  7.497783335882585e-01,  2.637119113573407e-02,  3.539456940220217e-02,  3.199952331832727e+01
s45         , -2.453536714432208e-01, -3.070669070304897e-01,  1.625702685838558e-01,  0.000000000000000e+00, -8.838336342410151e-02,  3.268845691975061e+01
s46         ,  4.319604697532172e-01,  6.264980223489998e-01,  6.771088675927707e-02,  1.367166474432911e-01, -5.879530444206718e-02,  3.671322754824214e+01
s47         , -5.858250576994644e-01,  4.960821728985376e-03, -1.125741789714435e-01,  4.966974241156713e-02, -1.843605789855209e-01,  3.092867073594050e+01
s48         , -1.351740028810569e+00, -1.083078820115412e+00,  3.411358200278561e+00,  7.742878013148284e-02, -5.112136932826805e-03,  4.832876176050090e+01
s49         ,  1.400180920836999e+00,  4.164874468998936e-01, -3.380588565255001e-02,  0.000000000000000e+00,  1.344794205037129e-01,  3.163641948295521e+01
s50         ,  6.339509690024701e-01,  6.088310823024532e-01,  2.412996545445043e-01,  1.140992751502213e-01,  2.557466259082548e-02,  3.723618320709463e+01
s51         ,  9.663578673416964e-01,  1.055195015688586e+00,  1.416945901638685e+00,  0.000000000000000e+00,  6.292220179653368e-02,  1.651942560270706e+01
s52         ,  1.470345916377529e-01,  4.928584330397574e-01, -9.808657922533252e-01,  0.000000000000000e+00,  1.294351048128195e-01,  3.254365962497115e+01
s53         , -1.879048126514940e+00, -1.285154511559079e-01,  5.192585175974563e-01,  0.000000000000000e+00, -5.185425279744299e-02,  3.077730904474448e+01
s54         ,  2.462378298792408e+00,  1.284965978154792e+00,  2.153074834257369e+00,  0.000000000000000e+00,  3.240651398480088e-02,  1.040234582066618e+01
s55         ,  2.147693442064033e-01, -3.467014071515302e-01,  1.961164240879322e-01,  0.000000000000000e+00,  1.037224488311621e-02,  3.701652078637559e+01
s56         ,  1.250856345991485e+00,  1.333528302950235e+00,  1.622939598251678e+00,  0.000000000000000e+00, -5.572711894520566e-02,  7.504899811912695e+00
s57         ,  3.470878239384724e-01,  6.012526010580794e-01,  2.591737965279495e+00,  0.000000000000000e+00, -1.096863046908764e-02,  1.732848620602472e+01
s58         ,  2.650904256602346e+00,  4.796885958214023e-01,  2.134529507721472e+00,  0.000000000000000e+00, -8.132544466581365e-02,  1.735079864777800e+01
s59         ,  2.436955679659398e-02, -4.900544339162316e-02,  6.116738604407023e-02,  0.000000000000000e+00, -2.302372611462891e-03,  3.264233005306387e+01
s60         , -1.350996154759193e+00, -1.033347415823322e+00,  1.402761711686933e+00,  0.000000000000000e+00, -7.994762449791984e-03,  4.319131657947904e+01
s61         , -1.175408395594881e+00, -6.086953812347904e-01,  3.736944271066994e-01,  0.000000000000000e+00,  1.411277091648948e-02,  4.044198101331916e+01
s62         ,  5.137509822735412e-02,  3.886780471482609e-03,  2.818617633719617e-01,  0.000000000000000e+00,  1.956840461791814e-02,  3.224200953554143e+01
s63         ,  1.630781368412474e+00,  1.159906907533953e+00,  1.134727230792295e+00,  0.000000000000000e+00,  1.617517296053618e-01,  1.954477021864827e+01
s64         , -7.346563779561162e-02,  8.861529468483068e-01,  1.695283674468215e+00,  0.000000000000000e+00, -9.877771180754930e-02,  1.195935780947528e+01
s65         ,  6.477994742971301e-01,  7.611068477509126e-01,  1.265624155251124e+00,  0.000000000000000e+00,  7.921322060326630e-02,  2.164233191861327e+01
s66         ,  1.102507059534665e+00,  6.556260551799074e-01, -3.340214808985711e-02,  0.000000000000000e+00,  6.803725157053883e-02,  2.568052846836815e+01
s67         , -2.689254974131806e-01, -2.305378810988268e-01,  9.156881350858418e-01,  0.000000000000000e+00, -1.988369118045880e-02,  3.254699206458096e+01
s68         ,  1.634793292022643e+00,  1.330617889208919e+00,  3.019396577898042e-01,  0.000000000000000e+00,  8.342343067882602e-02,  1.600604393718564e+01
s69         ,  3.008420412735001e-01,  4.960347244219767e-01,  1.539756669013667e+00,  0.000000000000000e+00, -8.820696908593106e-03,  2.131367534651878e+01
s70         ,  4.428344099007711e-01,  3.675435128299613e-01,  8.643348709359261e-01,  0.000000000000000e+00,  1.424079259842320e-02,  2.557489714984337e+01
s71         , -2.587880550234566e-02, -3.226469041634448e-01,  2.290433550365676e-01,  0.000000000000000e+00,  6.754938472415900e-02,  3.882961465955464e+01
s72         ,  3.320850724266521e-01,  6.451231181681893e-01,  1.799844999388343e+00,  0.000000000000000e+00,  2.275633506458724e-02,  1.984662667430073e+01
s73         , -1.001377721869569e+00, -4.087946294438116e-01, -3.067645647749822e-02,  0.000000000000000e+00, -1.782440327697836e-01,  3.106440317816374e+01
s74         ,  1.535377236435878e+00,  1.423930863774877e+00,  1.802722448070792e+00,  0.000000000000000e+00, -2.492008469316470e-02,  7.018776946029758e+00
s75         ,  2.223324131252060e-01,  8.970579798606204e-02,  3.110342212911613e-01,  0.000000000000000e+00, -1.476549431573559e-01,  2.445213878217813e+01
s76         , -5.720277382811452e-01, -4.654276632143302e-01,  2.992944394222689e-01,  0.000000000000000e+00,  1.740325794775135e-02,  3.872445207901895e+01
s77         , -1.197863875151751e+00, -6.870444579830042e-01,  9.567302586189262e-01,  0.000000000000000e+00, -4.586979129936886e-03,  3.947508201305198e+01
s78         , -1.436625202734528e+00, -7.232262141474251e-01,  7.084783996648881e-01,  0.000000000000000e+00,  2.676220348964975e-02,  4.177687754153273e+01
s79         ,  4.409066269069510e-01,  7.667107204487100e-01,  7.494752720320904e-01,  0.000000000000000e+00,  7.832634511504244e-02,  2.271638776598131e+01
s80         ,  6.309139277294878e-01,  2.755898613897623e-01, -7.558011912277549e-02,  0.000000000000000e+00, -2.865350118939010e-02,  2.736079087952870e+01
s81         , -1.685326208098238e+00, -5.041049049318151e-01,  2.785228563145982e-01,  0.000000000000000e+00, -4.150101729130136e-02,  3.702196306525193e+01
s82         , -1.663665661245249e-01, -2.799173489131688e-01,  7.312982678702784e-01,  0.000000000000000e+00,  1.760709452234012e-02,  3.512691739554111e+01
s83         , -1.321966357459877e+00, -7.546038518103901e-01,  1.097114964764375e+00,  0.000000000000000e+00,  1.100129219085911e-02,  4.071046726586034e+01
s84         ,  1.425519064192979e+00,  2.996196581344144e-01, -4.896311067604021e-02,  2.319177212916512e-02,  1.042824275361353e-01,  3.481972465058006e+01
s85         , -6.984731689207798e-01, -6.133733870136866e-01,  4.624693582544183e-03,  0.000000000000000e+00, -1.185528512550574e-01,  3.618862098981784e+01
s86         , -2.932580333118892e-01, -4.288413940949913e-01,  2.299226831915787e-01,  0.000000000000000e+00, -1.833417415807168e-01,  3.054846579281356e+01
s87         ,  3.346071912195332e-02, -1.758651138370038e-01,  1.099008844478512e-01,  0.000000000000000e+00, -1.519201262087351e-02,  3.381396126497314e+01
s88         , -7.344698336486584e-02, -1.488016725136623e-01,  6.405385986496209e-01,  4.349110043222637e-03, -1.520287137799115e-03,  3.324725488445475e+01
s89         ,  2.903456543575506e-01,  5.816738927392084e-01,  5.728205203956879e-01,  0.000000000000000e+00,  1.291630309521642e-01,  2.770819321903674e+01
s90         ,  3.160753830639385e-01,  6.088737037894054e-02, -2.618273643079511e-02,  0.000000000000000e+00,  2.204977825767912e-02,  3.224495046921333e+01
s91         ,  4.911838748491691e-01,  1.310042782112026e+00,  2.026993357942912e+00,  0.000000000000000e+00,  4.800421880404987e-02,  1.094704288615001e+01
s92         , -8.899315452749768e-01, -1.275631594498381e+00,  1.373769232969288e+00,  0.000000000000000e+00, -1.079011629842426e-01,  4.277672900667467e+01
s93         ,  8.806558878772817e-01, -3.156091865838961e-02,  5.489114423481982e-01,  0.000000000000000e+00, -6.506245175782238e-02,  2.882962460711596e+01
s94         ,  2.174850994919374e-01,  6.958850124543945e-01, -1.086934328554120e-01,  4.095000000000000e-02,  4.320965951230660e-03,  2.753616062885555e+01
s95         , -7.665153489308597e-01, -1.100379823938007e+00,  1.252684327022273e+00,  0.000000000000000e+00,  4.971330122950937e-03,  4.498539133802525e+01
s96         ,  5.275622810365228e-01,  5.269846356215080e-02,  2.081228180642583e-02,  0.000000000000000e+00,  7.120710367779670e-03,  3.167051110411887e+01
s97         ,  2.030602111680013e+00,  1.219693297302989e+00,  1.939856039324842e+00,  0.000000000000000e+00,  9.911978157802448e-02,  1.441077505627750e+01
s98         , -9.469867286116609e-01, -8.495869342743598e-01,  3.253962860172364e-01,  0.000000000000000e+00, -1.957623833276372e-01,  3.576808998046594e+01
s99         , -9.198822372946849e-01, -1.639820474563509e+00,  2.508395111346232e+00,  0.000000000000000e+00, -9.282162489601917e-02,  4.588073902278285e+01
s100        , -4.843791818667553e-01, -3.020554753367981e-01, -8.162909087472449e-03,  0.000000000000000e+00, -1.088685894687253e-01,  3.221265605642576e+01
s101        , -2.042448773263304e-01,  3.162282540658046e-02,  3.050236044058341e-01,  0.000000000000000e+00, -2.783549937789082e-02,  2.995151931133752e+01
s102        , -5.164158759195604e-01, -1.766195355643299e+00,  3.406076251143087e+00,  0.000000000000000e+00, -3.662439191657310e-02,  4.778383999477786e+01
s103        ,  1.172650799800637e-01,  1.048309883565536e+00, -3.403546752068979e-01,  3.305555555555555e-02, -5.120464187824589e-02,  2.003251257242104e+01
s104        , -1.768695959917696e+00, -1.776722420728063e+00,  3.092792980721649e+00,  0.000000000000000e+00, -7.447593389362359e-02,  4.717820005063560e+01
s105        ,  5.247327840013729e-01,  5.580093248574425e-02,  4.990172133079637e-01,  0.000000000000000e+00, -3.783435600427154e-03,  3.010183706928408e+01
s106        ,  5.297962102782025e-01,  9.630256339261342e-01,  2.296269951905710e+00,  0.000000000000000e+00,  3.726954715946251e-03,  1.348781365745181e+01
s107        ,  1.497385912477808e-01, -9.149340929364853e-01,  2.468497708899900e+00,  0.000000000000000e+00,  2.379895776558821e-02,  4.031100392228280e+01
s108        ,  4.406641357796892e-01,  4.279439981017068e-01,  2.012027306906026e+00,  0.000000000000000e+00, -5.163420154566389e-02,  1.951778447983373e+01
s109        , -6.596772585897818e-01, -3.588840009963876e-01,  5.350213934369846e-02,  0.000000000000000e+00, -9.691587494450357e-03,  3.673449711080097e+01
s110        ,  1.094420195469493e+00,  5.542740445711662e-01, -5.955727881242354e-01,  0.000000000000000e+00,  1.947373942589631e-01,  3.333664502896254e+01
s111        ,  3.915962330096326e-01,  1.019307993197731e+00,  9.517121649676088e-01,  1.470588235294118e-02,  3.450158996532426e-02,  1.868692369879776e+01
s112        ,  8.365523515867515e-01,  4.402693705389671e-01,  2.466943194345186e+00,  0.000000000000000e+00, -1.171336407038922e-01,  1.574595376566878e+01
s113        , -1.291655352083360e-01,  3.738335293842754e-02, -1.732003770556173e-01,  0.000000000000000e+00, -1.398967990718297e-01,  2.660503187986086e+01
s114        ,  1.376602311009741e+00,  5.545708877944453e-01,  2.240678942456835e+00,  0.000000000000000e+00,  1.828469050540282e-02,  1.993297497417171e+01
s115        ,  2.854337653329592e+00,  7.578486943962977e-01,  1.646633426737393e+00,  0.000000000000000e+00,  7.118942550315577e-02,  2.049902934663614e+01
s116        , -4.031277243707178e-01, -2.973837666484040e-01,  1.347431015560488e+00,  0.000000000000000e+00, -1.814255248136243e-01,  2.620145188199989e+01
s117        , -1.548008576871541e+00, -9.142341439094652e-01,  9.372387471633857e-01,  0.000000000000000e+00, -2.326320387330265e-02,  4.199066867909266e+01
s118        , -1.376296935489929e+00, -1.061938039219301e+00,  8.401695007428365e-01,  0.000000000000000e+00, -5.822228772308922e-02,  4.293141453155096e+01
s119        ,  1.159776550977451e-01, -4.005933686066365e-02, -2.663393106731613e-01,  0.000000000000000e+00,  9.018076762627869e-02,  3.687279661744117e+01
s120        , -1.608916416404319e-01,  4.115590381254641e-01, -2.759613514935395e-01,  0.000000000000000e+00, -1.341737463059170e-01,  2.179685137709824e+01
s121        ,  3.197271174130288e-01,  7.730106707083757e-01,  2.119950435524490e-01,  0.000000000000000e+00,  3.051520268120614e-02,  2.200166602624423e+01
s122        , -1.530552753436365e+00, -6.949937235945876e-01,  2.947031690569526e-01,  0.000000000000000e+00, -8.939801219925782e-02,  3.780607499500059e+01
s123        , -1.233881263109963e+00, -1.363634061108030e+00,  1.296803395633300e+00,  0.000000000000000e+00, -9.708791123058623e-02,  4.461393919845897e+01
s124        , -5.427146006639550e-01,  6.590530698487029e-02,  3.955353788060677e-02,  0.000000000000000e+00,  6.206569701920298e-02,  3.358199331103940e+01
s125        ,  9.732454451545894e-01, -6.698097995915742e-02,  1.169287735009141e+00,  5.925044616299822e-02,  3.535112674642983e-02,  3.865868446806643e+01
s126        , -1.840471966312827e-01, -5.258636435902000e-01,  1.990418950377346e-01,  0.000000000000000e+00, -3.991442447421012e-02,  3.757294797814502e+01
s127        , -1.081994746251625e+00, -1.757013735486442e+00,  3.070332719797211e+00,  0.000000000000000e+00, -9.248449937735610e-02,  4.625084998420898e+01
s128        ,  4.539347974729817e-01,  9.883571887379119e-01,  1.607728163707775e+00,  0.000000000000000e+00, -9.994878338678848e-04,  1.453118954668504e+01
s129        , -9.281932508350824e-01, -7.088491023577173e-01,  5.368823200581375e-01,  0.000000000000000e+00, -8.823799820043138e-03,  4.058292461646615e+01
s130        , -7.213314288938638e-01,  4.789694627941432e-02,  2.133429006955978e+00,  0.000000000000000e+00, -1.869988338203971e-01,  1.931521423382157e+01
s131        , -2.205996399193568e-01, -8.053545530691153e-03,  1.982894684396192e-01,  0.000000000000000e+00,  1.910998182090699e-02,  3.258451718950951e+01
s132        , -1.239159936584262e+00, -5.564889663817154e-01,  2.930681502789812e-01,  0.000000000000000e+00, -1.654307544542313e-02,  3.869825002177662e+01
s133        , -3.218370754810609e-01, -5.324564886351126e-01,  4.251204451984574e-03,  0.000000000000000e+00, -1.927999394950019e-01,  3.215786555663066e+01
s134        , -1.004593496203065e+00, -9.470119028275441e-01, -6.986296667744642e-02,  0.000000000000000e+00, -2.483069601150307e-01,  3.600197444749836e+01
s135        ,  9.616883013837800e-01,  3.029762081840142e-01,  1.365990317487599e-01,  0.000000000000000e+00,  8.611884420883792e-02,  3.095834567435846e+01
s136        ,  1.177397001560173e+00,  1.160928803355574e+00,  1.790782764101572e-01,  0.000000000000000e+00,  7.226639618549918e-02,  1.824290157421150e+01
s137        , -1.190015539084228e+00, -8.596367439097166e-01,  1.583031395213564e-01,  0.000000000000000e+00, -2.094693407688375e-01,  3.576000799382255e+01
s138        ,  2.514478411301381e-01,  1.787602347861386e-01,  1.021184524377916e-01,  0.000000000000000e+00,  7.014174705042195e-02,  3.216392917274533e+01
s139        , -1.987650229798378e-01,  3.768868712374571e-01,  4.111278036749658e-02,  3.731762065095398e-02, -5.675442422751462e-03,  3.087316059086877e+01
s140        , -1.883191692860165e-02, -1.450183146669226e-01, -1.002355871398466e-01,  3.602339181286550e-02, -1.514036413950832e-01,  3.271886554913606e+01
s141        ,  4.763479271249645e-01,  6.538354662524981e-01,  4.913022459318691e-01,  0.000000000000000e+00,  8.212167499753137e-02,  2.504725087343347e+01
s142        , -1.264849480226229e+00, -3.729501760018947e-01,  1.457090240051157e+00,  9.355932203389832e-02,  1.075023797039026e-04,  4.489497489463811e+01
s143        ,  5.343202969822768e-02,  7.755097650524694e-01,  2.830463419192293e+00,  0.000000000000000e+00, -2.219419713583631e-02,  1.388878182461891e+01
s144        ,  1.580293395785219e-01,  4.890695785788179e-02,  2.609615656737239e+00,  0.000000000000000e+00, -1.086256560027857e-01,  2.125866773133393e+01
s145        ,  9.188749641933952e-01,  7.260984238652095e-01,  1.209607763187191e-02,  2.398929319966667e-02, -2.304649938601538e-02,  2.380710032621820e+01
s146        ,  8.965084025411505e-01,  6.679976281236766e-01,  2.235276130820718e+00,  0.000000000000000e+00,  3.081872601432678e-02,  1.883690562034608e+01
s147        ,  6.848734553557310e-01,  6.586598626194502e-01,  2.902221791951325e-01,  0.000000000000000e+00,  5.477331756101428e-02,  2.437653082897340e+01
s148        ,  2.946101194283518e-01,  7.032604613334201e-01,  2.245386582042598e-01,  6.185384106707957e-02,  4.868999360233317e-02,  3.080942531161428e+01
s149        , -1.049624548293927e+00, -2.406523737714394e-01,  5.597201786006319e-01,  0.000000000000000e+00,  4.637311034103377e-02,  3.608955543432199e+01
s150        ,  3.591106519707902e-01,  6.528917801341614e-01,  1.801611946219859e+00,  0.000000000000000e+00,  3.787029360864480e-02,  2.032199908090832e+01
s151        , -1.331621263631160e-02,  1.585490666014535e-01,  3.264204959977212e-01,  4.210526315789474e-03,  1.118182323663473e-02,  3.012196159378948e+01
s152        ,  6.334057303004041e-01,  3.933287729403276e-01,  4.300347131629262e-01,  8.749389454012614e-02,  2.587728717147218e-02,  3.677353518179105e+01
s153        ,  1.034338109925286e+00,  2.289435651952763e-01,  1.518872670141132e+00,  0.000000000000000e+00,  1.023656347937307e-02,  2.586419388533415e+01
s154        , -3.383324211856340e-02, -1.495339525024990e-01,  1.229864791859201e-01,  0.000000000000000e+00, -7.902240540846178e-03,  3.369716327645819e+01
s155        ,  1.136039203602913e+00,  6.369785112768396e-01,  9.273521432353413e-02,  1.016158991853731e-01,  5.164130380979219e-02,  3.675488330900070e+01
s156        , -1.392262169733224e+00, -9.814519616179704e-01,  1.721769224455035e+00,  0.000000000000000e+00,  6.190871765097736e-03,  4.227944628131795e+01
s157        , -5.253740885024729e-01, -1.523856925676128e-01,  1.690384436612646e-01,  0.000000000000000e+00, -6.330586682565643e-02,  3.147296803807821e+01
s158        ,  3.989423304234663e-01,  6.085040092011063e-01,  6.344105660704663e-02,  0.000000000000000e+00, -3.155950112337125e-02,  2.224104900452507e+01
s159        ,  5.765884380454732e-01,  4.935088901078832e-01,  7.285278314288247e-01,  0.000000000000000e+00,  3.009084096013842e-02,  2.473151473386566e+01
s160        , -8.116051377987674e-01, -1.023078272363680e+00,  1.351445422868827e+00,  0.000000000000000e+00, -2.405128010547400e-02,  4.253928984223614e+01
s161        , -3.068617279191663e-01, -3.556053307211551e-01, -1.532824889656038e-01,  0.000000000000000e+00, -2.769277556055227e-01,  2.675321730991151e+01
s162        ,  7.336330388262124e-01, -2.864231215872501e-01, -3.016612801133485e-01,  0.000000000000000e+00,  1.238861502812399e-02,  3.739172015917462e+01
s163        ,  5.366582957206302e-01,  2.319224438946272e-01,  2.401322669192923e-01,  4.574202431795375e-02,  1.464306474136409e-02,  3.422097677005915e+01
s164        ,  1.442528357282191e+00,  1.575330397709176e+00,  3.966040121506437e-01,  1.704330261330640e-03,  4.607764941376924e-02,  1.108526494286731e+01
s165        , -1.062713736405366e-01,  4.532254656221024e-01,  1.451700544718369e+00,  0.000000000000000e+00,  3.958517527091893e-02,  2.400469832339335e+01
s166        , -8.326065002207604e-01,  2.505314803707406e-01, -1.740794148376226e-03,  0.000000000000000e+00,  4.785987396067161e-02,  3.052445044406384e+01
s167        ,  3.946237056414995e-01,  2.865433830730071e-01, -2.996308665927121e-03,  9.243200000000000e-02, -1.740940592317703e-01,  3.205325966444885e+01
s168        ,  2.235679947771067e+00,  1.002512587520950e+00,  2.526831373366226e+00,  0.000000000000000e+00, -7.482057623390159e-03,  1.196480042782716e+01
s169        ,  1.625062009748738e+00,  1.250066790513658e+00,  3.704575393731196e-01,  0.000000000000000e+00,  2.814357950988008e-02,  1.482881697951283e+01
s170        ,  1.327620092596634e-01,  8.128062619753704e-01, -5.758357061436854e-04,  1.363062442607897e-01,  9.239816732612205e-03,  3.685059439773369e+01
s171        ,  5.954984467350798e-01,  1.857429833817095e-01,  1.753915129371430e+00,  0.000000000000000e+00, -3.948417628879491e-02,  2.399460384270826e+01
s172        ,  5.199772380778388e-01, -2.113794180678599e-01, -1.453901546665224e-01,  0.000000000000000e+00, -2.030914519696767e-01,  2.758116347157474e+01
s173        ,  6.222838143288129e-01,  9.877317391523457e-01, -6.741812569474281e-02,  2.929687500000000e-02, -9.131258688211158e-03,  2.146217156361165e+01
s174        ,  1.054103529053623e+00,  6.691249109423933e-01,  7.176464545303419e-01,  0.000000000000000e+00,  1.233714627673899e-01,  2.591825398821096e+01
s175        , -5.255654946879281e-01, -2.081548208901349e-01,  3.703404017473479e-02,  0.000000000000000e+00, -8.125882223543629e-02,  3.186236997640561e+01
s176        ,  9.849433920982633e-01,  8.956840691667636e-01,  2.058578829727027e+00,  0.000000000000000e+00,  3.671304655694335e-02,  1.626774270966270e+01
s177        , -4.422819104749493e-01, -6.498223743066278e-02,  7.121283026260590e-01,  0.000000000000000e+00, -3.389320749636476e-02,  3.013888918505178e+01
s178        , -6.072036959750036e-01, -5.059109319176205e-01,  2.956498327910825e-01,  0.000000000000000e+00,  4.227307592495876e-02,  4.027161862405194e+01
s179        ,  1.274608736041423e+00,  7.052561218572478e-01,  1.774351632056206e+00,  0.000000000000000e+00, -2.305760003647837e-01,  9.189530149835809e+00
s180        , -1.497077617346340e+00, -1.129087526356306e+00,  2.154271543604008e+00,  3.152621592854829e-02, -3.032204081745234e-02,  4.558288496696603e+01
s181        , -2.083438027973673e+00, -1.263601583483716e+00,  1.754337468587832e+00,  0.000000000000000e+00, -1.101867532308717e-02,  4.550611106643595e+01
s182        ,  1.836267684377070e+00,  9.415120829036998e-01,  8.621110627337156e-02,  0.000000000000000e+00,  2.803494667855000e-02,  1.982230730544973e+01
s183        ,  9.114464311238878e-01,  7.233718725859675e-01, -2.549610029602119e-01,  5.240614764424287e-02, -7.388671991572450e-02,  2.576259499123502e+01
s184        ,  1.514590021168478e+00,  8.115564920857188e-02,  1.747064662534169e+00,  0.000000000000000e+00, -7.228515001850538e-02,  2.420487453062168e+01
s185        ,  1.833338059507960e+00,  1.194579129104254e+00,  1.745782550429953e+00,  0.000000000000000e+00, -7.031536712494324e-02,  8.610048016590827e+00
s186        ,  2.453649877689343e-01,  5.902410254024753e-01,  3.512781554458820e-01,  0.000000000000000e+00, -4.330684440120081e-03,  2.289669664571942e+01
s187        ,  3.720198183543537e-01, -1.822152647910413e-01,  9.786949432256435e-02,  0.000000000000000e+00,  2.143840819004136e-02,  3.535806957690185e+01
s188        ,  1.146530015212694e+00,  1.243422814981560e+00, -1.741843955349849e-02,  0.000000000000000e+00,  9.758083625725000e-03,  1.509847591074270e+01
s189        ,  1.953473158179789e-01,  7.423618929483293e-01,  9.758571382133211e-03,  5.692803437164339e-02,  8.200122104405347e-02,  3.148169835629636e+01
s190        , -2.653274521332475e-01,  1.507944534091314e-01,  5.457638105681466e-01,  7.699167657550536e-02,  2.345224528319223e-02,  3.861371113032668e+01
s191        , -1.734213411135429e+00, -1.709244037673268e+00,  1.452243921041330e+00,  0.000000000000000e+00, -1.741391758389376e-01,  4.612000595988307e+01
s192        , -1.380433379832566e+00, -6.175894362804106e-01,  1.115705632222033e+00,  6.992221153966212e-02, -8.202734092378759e-02,  4.319354236204931e+01
s193        ,  1.331098677791819e+00,  1.305086293357130e+00,  4.824097521661064e-01,  0.000000000000000e+00, -4.327292903972396e-02,  1.101448534700875e+01
s194        ,  5.090097107027989e-01,  1.886516829114715e-02,  3.895104044613318e-01,  0.000000000000000e+00, -3.610458410726639e-02,  2.961459764753001e+01
s195        , -9.924573921340460e-02, -2.466515784895678e-01,  5.805065579984685e-01,  5.190311418685121e-02,  1.590200978577891e-02,  4.093603817867390e+01
s196        , -5.779338669443590e-01, -5.339902341411038e-01,  5.440051973084251e-02,  0.000000000000000e+00, -1.600849378393534e-01,  3.333857619496430e+01
s197        ,  2.483047809304522e-01,  2.672657810001655e-01, -1.490939434336899e-01,  1.345048828879899e-02, -8.591731959579707e-02,  2.697032960550749e+01
s198        , -5.206217556690500e-01,  2.362104337376725e-01,  1.516101849025240e+00,  0.000000000000000e+00, -5.137171381976741e-02,  2.336815905339176e+01
s199        , -5.943289801913764e-01, -3.581209270642405e-01,  2.209860684586560e-01,  4.087395957193817e-03, -1.218356333943494e-01,  3.244182932189392e+01
s200        , -1.021605773659559e+00, -8.835256202378270e-01,  7.827496261879046e-01,  0.000000000000000e+00, -1.942755437029102e-02,  4.206321976693527e+01
s201        , -1.880186336712063e-01, -2.616638197857970e-01, -7.217100983702991e-02,  0.000000000000000e+00, -1.638587230847052e-01,  2.964901273878118e+01
s202        ,  8.974446090874552e-01,  6.444510007105861e-01,  4.300727039719706e-01,  0.000000000000000e+00,  1.502025021468716e-01,  2.797249622849522e+01
s203        ,  1.491847227695687e+00,  7.779323870986796e-01,  4.727242730977211e-02,  7.641291810841985e-02,  3.897439067259525e-02,  3.146971733525477e+01
s204        ,  5.673187961114483e-01,  2.201713792210251e-01, -1.853617671386785e-01,  0.000000000000000e+00, -9.703226877618407e-02,  2.572966216650319e+01
s205        ,  7.052663182498152e-02,  1.082860655622477e-01,  1.430536034029825e+00,  0.000000000000000e+00, -3.497661481665604e-02,  2.600462140954039e+01
s206        ,  4.612958000362408e-01, -2.402575768652442e-01,  2.081280909383384e-01,  0.000000000000000e+00, -1.952133922047322e-02,  3.432581328848212e+01
s207        , -1.890335631962240e-01, -2.652042041134428e-01,  8.866608303377445e-01,  0.000000000000000e+00,  1.384357838809339e-01,  3.926954006602033e+01
s208        ,  1.196645888991632e+00,  5.539683405574118e-01, -2.064212443247369e-01,  0.000000000000000e+00,  9.471986075750852e-03,  2.522814442821423e+01
s209        ,  1.251755561530769e-01,  5.339696596991503e-01,  3.396856531502722e-01,  1.089665326055731e-01,  1.210629886089915e-02,  3.694597338441638e+01
s210        ,  4.275859111659360e-01,  9.845755666738976e-02,  5.260030733363261e-01,  0.000000000000000e+00, -7.682377135514645e-03,  2.928734789117724e+01
s211        ,  5.283027681041661e-01,  6.438462201751580e-01, -6.065321524383302e-02,  7.709750566893424e-02, -5.675373261338768e-02,  2.995541730255495e+01
s212        , -5.193859304496163e-01, -5.687716680365038e-01,  8.221693783446452e-01,  0.000000000000000e+00, -7.469492564675731e-03,  3.800735205492641e+01
s213        , -7.895660096178727e-01, -7.435022257408930e-01,  4.218503335597681e-01,  0.000000000000000e+00, -7.290111270796858e-02,  3.883911963219716e+01
s214        , -8.273130453363812e-01, -1.328232779025321e+00,  1.952608663684582e+00,  0.000000000000000e+00, -1.899955504580081e-02,  4.564889852415380e+01
s215        ,  7.097242197335737e-01,  5.648809915066577e-01,  1.212453951341328e-01,  1.115046569592024e-01, -5.733533064882912e-02,  3.460135368424694e+01
s216        , -4.103389107009319e-01, -2.328103012804408e-01,  5.644871337376887e-02,  0.000000000000000e+00, -1.413827346402743e-01,  2.982251586315883e+01
s217        ,  5.083753923761842e-01, -1.032384387723943e+00, -1.267528557755333e-01,  0.000000000000000e+00, -3.563756724857565e-01,  3.312462030494709e+01
s218        ,  1.227559854195250e+00,  7.944113755655291e-01,  1.037967288503407e+00,  0.000000000000000e+00,  6.307804147154866e-02,  2.106865823962053e+01
s219        ,  4.233903461072759e-01,  3.951509489003957e-02, -7.920329949190552e-02,  0.000000000000000e+00,  7.654760237325933e-02,  3.479091041800634e+01
s220        , -9.401298955648565e-02,  6.677034860614084e-01,  2.106122189297265e+00,  0.000000000000000e+00, -3.997361638904240e-03,  1.778183917784514e+01
s221        ,  1.262898065596499e+00,  1.970645921224574e-01, -1.580782940865287e-02,  0.000000000000000e+00,  3.554668284527707e-02,  3.082981664352175e+01
s222        , -8.196925206317609e-01, -1.621928405014361e-01,  1.393306009565623e+00,  7.581234567901235e-02,  4.772490965778303e-02,  4.187928746211948e+01
s223        ,  4.013207508237785e-01, -4.824001079684064e-01, -2.645958557024945e-02,  0.000000000000000e+00, -2.103953228820890e-01,  3.083836620506388e+01
s224        ,  7.221682333138075e-01,  5.025180276585477e-01, -1.516140134980030e-01,  0.000000000000000e+00,  1.369469822605442e-01,  3.079247084561701e+01
s225        ,  7.658761358813224e-01,  2.413203045299206e-01,  2.258524244706650e+00,  0.000000000000000e+00, -4.349055149471792e-02,  2.189517377683673e+01
s226        ,  1.021677840387193e+00,  3.458249458831399e-01,  1.850715236715929e+00,  0.000000000000000e+00, -1.230154650577792e-02,  2.257726997228458e+01
s227        , -1.713769108940136e-01,  6.908052467152213e-01, -1.244897602633954e-01,  0.000000000000000e+00,  6.490450619868759e-02,  2.527280391585008e+01
s228        ,  1.274319171489858e-01, -1.508420462922841e-01,  3.108786314303988e-01,  1.833751713578664e-02,  2.334907622976456e-02,  3.661950504653452e+01
s229        ,  2.041762025685344e-01, -1.477453476387725e-01,  3.123818141089822e-01,  0.000000000000000e+00,  5.819310302680318e-02,  3.581115809686055e+01
s230        , -1.775628277285172e+00, -6.682757718647898e-01,  4.639773612375475e-01,  0.000000000000000e+00, -1.734105153057607e-02,  3.984766282654639e+01
s231        , -2.906010097813954e-01, -3.277080743072891e-01,  4.174630197825837e-01,  2.650300494807704e-02, -5.004448550083448e-02,  3.694837937640029e+01
s232        ,  7.153226846206260e-01,  9.546454086863596e-01,  1.790275465997596e+00,  0.000000000000000e+00,  3.406577424326618e-02,  1.595184925862982e+01
s233        , -3.817422129899863e-01,  1.936241356659514e-01,  1.388215531652896e+00,  0.000000000000000e+00, -9.487487137275985e-03,  2.589361258129151e+01
s234        , -1.045314287465124e-01,  1.395945080361059e+00,  5.196911305726508e-01,  4.364946124965660e-03, -3.042507566230457e-02,  1.065447461168640e+01
s235        , -2.007585327297883e+00, -1.998489040723105e+00,  4.756040793296274e+00,  1.669261737434948e-02, -1.687998507463914e-02,  5.064604502698855e+01
s236        ,  1.304199689079254e+00, -3.729640726089261e-01,  3.134279648269147e-01,  0.000000000000000e+00,  3.896722671554517e-02,  3.823033424607701e+01
s237        , -2.782406460538666e-01,  1.280824907139371e-01,  5.562265313752097e-02,  0.000000000000000e+00,  4.776841499857515e-02,  3.211272027400926e+01
s238        , -2.322383208123123e-01, -1.393197559260755e-01,  1.471076864872868e+00,  0.000000000000000e+00, -2.900323671963090e-02,  2.962979454287715e+01
s239        , -3.517230695261006e-01, -4.389500542479068e-01,  5.457136752832191e-01,  4.252681599834713e-02, -5.678304364609814e-02,  3.980824038434133e+01
s240        , -8.445222562838290e-01, -9.077990395028053e-01,  5.640652095606028e-01,  0.000000000000000e+00, -1.155977396197776e-01,  3.916150330991589e+01
s241        , -1.536302083677280e+00, -1.362659371036173e+00,  2.082442955623701e+00,  0.000000000000000e+00, -3.469973044896879e-03,  4.643983477059977e+01
s242        ,  2.935750684089247e-01,  2.817427271183637e-01, -1.137519710724508e-02,  0.000000000000000e+00,  7.075882020539498e-02,  3.099931872140679e+01
s243        ,  1.616760901218624e-01,  6.507531408757496e-01, -6.090136232321003e-03,  4.878135626413146e-02,  7.345532772664214e-02,  3.153360642493188e+01
s244        ,  1.913693632034482e-02,  8.621514906176828e-01,  7.942355940676805e-01,  3.846065795196996e-03,  7.084416596058413e-02,  2.142270584748113e+01
s245        ,  1.011107650821608e+00,  1.112447887036967e-01,  1.768648135483952e-02,  0.000000000000000e+00, -9.043519655344529e-02,  2.705296077387985e+01
s246        , -1.106818107812668e+00, -8.494905844689034e-01,  1.132876768321639e+00,  0.000000000000000e+00, -4.849612468703089e-02,  3.964610935368622e+01
s247        , -1.990274764442437e+00, -9.119242183424197e-01,  1.572481662453809e-01,  0.000000000000000e+00, -1.630470783551850e-01,  3.830702415644861e+01
s248        , -9.667152724294116e-02,  5.691397927539468e-01,  4.448515572862722e-01,  4.225932797361369e-02,  3.946846674430737e-02,  2.956745886265197e+01
s249        , -3.381305046273163e-03, -1.014016406771383e+00,  3.293400443485904e-01,  0.000000000000000e+00, -1.973538316721731e-01,  3.801181716990003e+01
s250        , -1.066763974390572e+00, -7.934503535392028e-01,  5.843867111944304e-01,  0.000000000000000e+00, -1.107218839376343e-01,  3.769492743808483e+01
s251        ,  1.207378380322024e+00, -4.136548334006784e-03,  2.746454948444163e+00,  0.000000000000000e+00, -6.157729748716778e-02,  2.352346694527830e+01
s252        , -7.806439949963919e-01, -2.874157458127007e-01,  9.241183398375236e-01,  4.065803465315568e-02,  9.158450702866361e-04,  3.883627329268999e+01
s253        ,  1.425727038542695e-01, -4.287692121119058e-01, -3.851566675462346e-02,  0.000000000000000e+00, -2.239815175790681e-01,  2.958181526784816e+01
s254        ,  2.519006949731616e-01, -2.158247811989855e-01, -3.979571020850200e-02,  0.000000000000000e+00, -2.095160861491117e-02,  3.449652906631211e+01
s255        ,  2.957126742656839e-01,  4.594358364238360e-02,  2.098944981967141e-02,  0.000000000000000e+00,  2.070497934859371e-02,  3.229440712530259e+01
s256        , -1.208240274724157e+00, -1.207891926256315e+00,  2.006532624107316e+00,  0.000000000000000e+00, -1.484464732057229e-02,  4.399257126345308e+01
s257        ,  9.313485666439150e-01,  6.674419980528259e-01,  3.700436055454231e-02,  7.308641975308641e-02, -5.409411873445985e-03,  3.093536742312168e+01
s258        , -6.564646920389060e-01, -4.793673539586001e-01,  4.314359222805206e-01,  0.000000000000000e+00, -4.695881821542813e-02,  3.610928610439629e+01
s259        ,  6.730828234081326e-01,  1.003673946274486e+00, -4.513676167352793e-01,  0.000000000000000e+00,  3.445253624853548e-02,  2.043402053108118e+01
s260        , -1.076132473957489e+00, -1.415472253781671e+00,  2.794002737688373e+00,  5.246913580246913e-02, -1.096246621549094e-01,  4.747304742377295e+01
s261        ,  4.986447736713935e-01,  1.501930012718211e-01,  9.918394507801491e-02,  2.935925411624677e-02,  9.714582199967445e-03,  3.361094153623304e+01
s262        , -7.901168230278026e-01, -7.132271569720328e-01,  1.700527257725530e-02,  0.000000000000000e+00, -1.959472905138775e-01,  3.455075633185916e+01
s263        , -1.546259780331375e+00, -1.052318963267461e+00,  3.413257168338376e+00,  7.745036370381123e-02,  1.933292202153496e-02,  4.884617650480617e+01
s264        , -5.529113966692345e-01,  5.134510930119860e-01,  3.493044363555804e-01,  0.000000000000000e+00,  9.424245337600801e-02,  2.782243742168243e+01
s265        , -4.420703395591482e-01,  7.702439838980435e-01,  6.920432979779338e-01,  2.559016068240428e-02,  4.002736226879527e-02,  2.426345419284286e+01
s266        ,  1.642224930755288e-01,  7.506412596814358e-01,  2.166485991177340e+00,  0.000000000000000e+00, -2.805708522321537e-03,  1.652180644925150e+01
s267        , -5.742332897034260e-01, -5.149539326366823e-01,  3.330043508322326e-01,  0.000000000000000e+00, -5.764648230392704e-02,  3.642036036044468e+01
s268        , -1.103100765949088e+00, -8.950985208051756e-01,  8.012172963362928e-01,  0.000000000000000e+00, -9.148515417155459e-02,  3.937646354446895e+01
s269        ,  7.960085847259791e-01,  9.101952987634525e-01, -3.296303470266579e-01,  0.000000000000000e+00,  2.303928547421696e-02,  2.102527933734313e+01
s270        , -4.283987476508868e-01, -1.214050082881879e-01,  9.914377170746663e-02,  0.000000000000000e+00, -2.308521332466013e-01,  2.467044066403395e+01
s271        ,  2.199521430164574e-01, -1.993637591988739e-01,  4.221365618896034e-01,  0.000000000000000e+00, -2.630959815941444e-02,  3.299329947328246e+01
s272        ,  4.892735632468817e-01,  9.246067091155252e-01, -4.035300863840564e-01,  0.000000000000000e+00, -1.935545274134452e-02,  1.934082327154587e+01
s273        , -7.406199765582813e-01, -4.388079473199906e-01, -4.799776505612942e-03,  8.972921006248998e-03, -8.579119282313205e-02,  3.606586580687319e+01
s274        ,  1.772759222941352e-01,  6.216799929040042e-01,  1.997331460900838e+00,  0.000000000000000e+00,  2.474323525449218e-02,  1.979970399481652e+01
s275        ,  2.643568451335951e-01, -2.169843491648558e-01,  6.759592148741719e-02,  0.000000000000000e+00, -8.963454351508984e-02,  3.159005902724134e+01
s276        , -5.816893010125334e-01, -2.436576023779784e-01,  5.308869294368069e-01,  4.610995749966039e-02, -5.972184382106213e-02,  3.739258153889852e+01
s277        , -1.588157064474181e+00, -4.338729632960492e-02,  2.609286216807229e+00,  0.000000000000000e+00, -1.423265839595442e-01,  2.124581646999342e+01
s278        ,  1.926575532177041e+00,  9.258490148376461e-01, -1.013699519703579e-02,  9.832702020202021e-02,  5.964769774773870e-02,  3.285681855475715e+01
s279        ,  1.613883746546309e+00,  9.714763748877719e-01,  1.486984962562320e+00,  0.000000000000000e+00,  1.165813443226609e-01,  1.962728852734740e+01
s280        , -1.609264987376504e+00, -1.165259087660467e+00,  1.662141068670258e+00,  0.000000000000000e+00,  5.235574239254095e-03,  4.496700940519496e+01
s281        , -1.346496740458654e+00,  1.448026411331322e-01,  2.209633453556413e+00,  0.000000000000000e+00, -8.355406892773204e-02,  2.180563210371216e+01
s282        , -1.354536059868065e+00, -3.837695298939288e-01,  6.118662009823841e-02,  0.000000000000000e+00, -7.386555777268375e-02,  3.456708866721824e+01
s283        ,  4.444527822772946e-01,  5.133607819673700e-01,  5.281660573189036e-01,  1.474287329299470e-01,  1.891545577136819e-03,  4.084847969899062e+01
s284        ,  2.385788249720763e+00,  6.452084900137773e-01,  4.427173325768575e-01,  0.000000000000000e+00,  1.387071844343916e-01,  2.748491159023446e+01
s285        ,  4.002184027452821e-01,  7.432181750904994e-01,  2.397601209652152e-01,  1.572189710891781e-02,  8.254349825444859e-02,  2.620061608005881e+01
s286        ,  1.951350507345722e+00,  1.687927203874765e+00,  1.618274519986777e+00,  0.000000000000000e+00,  4.913590947906338e-02,  6.611696266313817e+00
s287        , -7.632184401675010e-01, -1.232611415027126e+00,  1.448879221895256e+00,  0.000000000000000e+00, -6.537472281669261e-02,  4.365502302558333e+01
s288        ,  7.091749484961576e-01, -2.728160286451282e-01,  7.846646463255345e-02,  3.050632017512887e-02, -1.468873652528234e-01,  3.364533043725960e+01
s289        ,  2.314010563846089e+00,  1.268413730279035e+00,  1.940185890757187e+00,  0.000000000000000e+00,  5.678268406481557e-03,  1.008388771306167e+01
s290        ,  7.654861282396249e-01,  5.577162063666303e-01,  1.644135624480489e-01,  0.000000000000000e+00,  3.931797678713774e-02,  2.548493558127939e+01
s291        , -1.053228118031399e+00, -1.498072433725870e-01,  2.979981673855503e+00,  0.000000000000000e+00, -2.293529280933818e-01,  1.850078344956815e+01
s292        , -1.544830063612452e+00, -5.674910199815342e-01, -2.159626031669513e-02,  0.000000000000000e+00, -8.933299687605137e-02,  3.674136030059833e+01
s293        , -1.690406548169091e+00, -1.567403503537643e+00,  1.808138739633056e+00,  0.000000000000000e+00, -1.116246068864653e-01,  4.573982138447580e+01
s294        ,  1.421215154761337e+00,  1.188988765752446e+00,  2.083534208701563e+00,  0.000000000000000e+00, -2.698033466911826e-02,  9.599914688357721e+00
s295        , -1.705271840139647e+00, -1.138875711012929e+00,  8.387643544921507e-01,  0.000000000000000e+00, -1.022698373483175e-01,  4.230177260605274e+01
s296        , -7.627385590929443e-01, -2.105416620627354e-03,  1.873257189774524e+00,  0.000000000000000e+00, -1.434764627592420e-01,  2.231323485202467e+01
s297        ,  3.113058113377143e-01,  4.471450442859093e-01, -3.117555758150268e-01,  0.000000000000000e+00, -1.779054899361250e-01,  1.967454903902635e+01
s298        ,  4.087923101857815e-01,  5.336290208635832e-01,  8.586544259534271e-01,  0.000000000000000e+00,  9.730786066073388e-02,  2.648594385003207e+01
s299        , -3.373353052859910e-01, -4.036265575037925e-01,  2.189630978041286e-01,  0.000000000000000e+00,  1.763578342152437e-02,  3.804830642605753e+01
s300        , -1.247040873629315e+00, -1.677994569402161e+00,  2.985828591304989e+00,  0.000000000000000e+00, -3.867020998041365e-02,  4.742932774383566e+01
s301        ,  1.197929368440681e+00,  1.185736186148225e+00,  2.039084281773905e+00,  0.000000000000000e+00,  5.754219844795816e-02,  1.304076097137027e+01
s302        , -1.485192472843855e+00, -6.912008536034842e-01,  6.415145554067652e-01,  0.000000000000000e+00, -5.899166456356617e-02,  3.813933307003366e+01
s303        , -8.549580863671642e-01,  1.443420310740051e-01,  2.311060846282118e+00,  0.000000000000000e+00, -6.358821310605628e-02,  2.235658499974099e+01
s304        ,  1.882993199254014e+00,  6.918235872596690e-01,  4.169661778241270e-01,  3.142984561150163e-02,  2.455708918984706e-02,  2.607234215284395e+01
s305        , -5.165357198073315e-01, -5.708077543718195e-01,  4.737864016268496e-01,  4.266666666666667e-03, -4.642628070647221e-02,  3.781284810914065e+01
s306        ,  1.036931584747022e+00,  3.753501414431581e-01,  7.125846485141249e-02,  0.000000000000000e+00,  3.124713824802255e-02,  2.795214260286216e+01
s307        ,  5.869139350739364e-01,  5.638301168299038e-01,  1.225317094065634e-01,  8.954878630600412e-02,  5.413202333416627e-02,  3.641888469699400e+01
s308        , -1.992374094653734e+00, -4.783390500114515e-02,  2.481295628208178e+00,  0.000000000000000e+00, -1.460126981609539e-01,  2.145927887349416e+01
s309        ,  1.168183907358183e+00,  6.525000315492617e-01, -2.661928769290404e-01,  0.000000000000000e+00,  2.113035885278142e-01,  3.184142156383856e+01
s310        , -1.689353307212060e-01,  3.445104491207740e-02,  7.931354569146017e-01,  9.592872008324661e-02, -2.241472888978274e-03,  4.086947941042365e+01
s311        ,  4.171830243610439e-01,  1.888902789468454e-01, -4.551918769610201e-03,  6.631780385781301e-02, -1.827885745997175e-01,  3.007560245892867e+01
s312        , -6.851064106122525e-01, -2.055648169492854e-01,  4.216939366647486e-01,  2.960609376315125e-02, -3.871440593266971e-02,  3.601906710176878e+01
s313        , -3.693039585493864e-01, -4.389239335184181e-01,  2.598265978765943e-01,  0.000000000000000e+00, -3.401841235776146e-02,  3.643887893019416e+01
s314        , -1.774434185617937e-01, -7.146509189780748e-02,  6.831961641571951e-02,  0.000000000000000e+00, -2.009558990973449e-02,  3.224887628829328e+01
s315        , -3.815749786763621e-01, -2.326293866125830e-01, -1.864348399361463e-01,  0.000000000000000e+00,  1.812658026729411e-02,  3.659286191403500e+01
s316        ,  6.374559564486622e-01,  8.513255328243512e-01,  2.032242741786169e+00,  0.000000000000000e+00,  5.355116388137504e-02,  1.760877484367876e+01
s317        , -2.030534733815181e+00, -1.689359046569335e+00,  3.310395771722870e+00,  0.000000000000000e+00, -1.720457023338724e-02,  4.767883612616977e+01
s318        , -8.028512356005929e-02, -2.026922310429229e-01,  1.064705911970145e-01,  0.000000000000000e+00, -5.603621426444376e-02,  3.260832858158631e+01
s319        , -5.934013466311562e-01,  3.385362937030381e-01, -1.516152567824536e-02,  0.000000000000000e+00, -6.423847838544414e-02,  2.494933760233869e+01
s320        ,  2.790171268766068e+00,  1.977173792460016e-01,  2.540302914223070e+00,  0.000000000000000e+00, -2.667562605179413e-02,  2.251578987790884e+01
s321        , -1.062277605983095e+00, -6.826245291861261e-01,  8.988661092421146e-01,  0.000000000000000e+00,  4.110016456760136e-02,  4.132584630003505e+01
s322        ,  7.515966182544803e-02,  3.472095162585347e-01,  3.466299079012981e-02,  0.000000000000000e+00, -8.239959319004005e-02,  2.400509468321353e+01
s323        ,  7.526438612763078e-01,  6.762652835422891e-01, -8.809847174245729e-02,  0.000000000000000e+00, -6.066925991310054e-02,  2.050172126359834e+01
s324        , -2.651743878812372e-01, -8.157700895946176e-01,  7.951852695753290e-01,  0.000000000000000e+00, -3.442403458911340e-02,  4.049653649132575e+01
s325        ,  3.264086782559880e-02,  1.044953295832163e+00, -1.126294182618699e-01,  5.141986921078563e-02,  2.545570086415569e-02,  2.466417019304107e+01
s326        , -8.716201269332444e-01,  3.569958039261480e-01,  2.149711973437975e+00,  0.000000000000000e+00,  1.374786726098992e-02,  2.274693341946641e+01
s327        , -1.671151256925621e-01, -3.488240075081595e-01,  2.908506156958527e-01,  0.000000000000000e+00,  6.476342836307158e-02,  3.894739661906409e+01
s328        , -8.227567374308942e-02,  3.803406939915537e-01,  1.815261678967516e+00,  0.000000000000000e+00, -3.845818724394540e-02,  2.115393388937221e+01
s329        , -3.051380631011923e-01,  1.842267397313866e-01,  8.154972249808595e-01,  0.000000000000000e+00,  2.506815016290787e-02,  2.868975515794599e+01
s330        ,  2.650804092125521e-01, -2.752939528008991e-02,  1.787484792372124e+00,  0.000000000000000e+00, -3.652851128474671e-02,  2.703491455119284e+01
s331        , -1.375958879843693e-01,  2.140270840569545e-01, -5.889773258412501e-02,  0.000000000000000e+00,  8.231582433311169e-02,  3.251217077320954e+01
s332        , -2.261103407740682e-02,  2.602297337032136e-01,  2.147646173272617e-02,  0.000000000000000e+00,  8.444734489591682e-02,  3.175986381185258e+01
s333        ,  1.323183942483754e+00,  1.526491633889682e+00,  1.760575331495825e+00,  0.000000000000000e+00, -1.713426875717422e-02,  5.975234201765791e+00
s334        , -8.334838045052184e-01, -7.615247018338827e-01,  1.885490336212787e+00,  2.946189432675919e-02,  3.675697537091294e-03,  4.211275850988450e+01
s335        , -6.616430929673620e-01, -7.168368654727590e-01,  6.927954575777687e-01,  1.798611111111111e-02, -9.932928980339792e-02,  3.888892462670996e+01
s336        ,  7.402611706142617e-01,  6.161247152156788e-01,  3.209851629751464e-02,  0.000000000000000e+00,  1.489498396779313e-01,  2.923807986983811e+01
s337        , -2.672477917829363e+00, -9.830014181159079e-01, -3.436958796054859e-01,  0.000000000000000e+00, -1.144779086819682e-01,  4.235228357822271e+01
s338        ,  5.119490895181960e-01,  3.078693036396771e-01,  2.931354755428378e-01,  0.000000000000000e+00,  4.129629490314751e-02,  2.878314337279969e+01
s339        , -5.205367300996894e-01, -4.053730968656231e-01,  4.436218219918749e-01,  0.000000000000000e+00,  8.107053038740548e-02,  4.002728784065683e+01
s340        , -5.182275979842598e-01, -8.041029388132637e-01,  4.203620485944563e-01,  0.000000000000000e+00, -1.434338281330467e-01,  3.694788359697455e+01
s341        ,  1.970306289887119e+00,  1.040541999520341e+00,  2.317828717337780e+00,  0.000000000000000e+00,  7.901644163557275e-02,  1.528005146841723e+01
s342        , -6.893119617348112e-02, -2.671690160681273e-01,  4.618154418448767e-01,  7.774262813683228e-02, -1.113808581420656e-01,  3.952483792613307e+01
s343        , -9.390007101093139e-01, -7.619907059428075e-01,  1.225843407547117e-01,  0.000000000000000e+00, -1.696508054866018e-01,  3.601878084146017e+01
s344        ,  1.061951331424555e+00,  7.857502055516472e-01,  9.489062591511540e-01,  0.000000000000000e+00,  1.077897750309878e-01,  2.313734977659072e+01
s345        , -7.723215780687482e-01, -3.751003376144664e-01,  2.975496505148195e-01,  0.000000000000000e+00, -6.983874451631567e-03,  3.650679616916541e+01
s346        ,  3.961380156477509e-01,  7.664245478780831e-01,  1.442715908886358e+00,  0.000000000000000e+00,  1.862812040979467e-02,  1.879979025336416e+01
s347        , -1.709617878224923e+00, -1.299681345756734e+00,  1.286459843825100e+00,  0.000000000000000e+00, -9.353815539041886e-02,  4.387571499411091e+01
s348        ,  3.055057864420297e-01,  5.209956792687005e-01, -4.755501201331066e-02,  5.892722236212541e-02, -2.665277780805575e-02,  3.072799331945760e+01
s349        , -2.198294962810686e-01, -1.955602727301224e-01,  3.657887860135131e-01,  4.629045154231368e-02,  2.869393461421439e-02,  4.056063527551093e+01
s350        ,  4.405144181634823e-01,  5.800939307014961e-01,  6.421463609010211e-02,  0.000000000000000e+00,  1.301040396583638e-01,  2.893723724834240e+01
s351        ,  8.658280652293555e-01,  1.416791234746337e+00,  6.546165957947360e-02,  0.000000000000000e+00,  8.035937198497423e-02,  1.521760911257876e+01
s352        ,  9.704682100223125e-01, -4.790586852982468e-01,  7.394086902068753e-01,  7.569204152249136e-03, -3.333242527897320e-02,  3.680179556319659e+01
s353        , -6.298376205439114e-02,  1.451033692923818e-01, -1.273147149798960e-01,  5.420397411380302e-02, -2.140137743018409e-01,  2.835836298428208e+01
s354        , -5.109688604423303e-01,  5.386627115675613e-01,  7.863869670395123e-01,  0.000000000000000e+00, -1.019989445224577e-01,  1.881683799942730e+01
s355        , -1.498401072816738e+00, -4.388459656616361e-01,  1.599926951924744e-01,  0.000000000000000e+00, -4.553689386700477e-03,  3.781534155531809e+01
s356        ,  1.467186882538691e-01,  4.465897342451774e-01,  8.087784213521514e-01,  0.000000000000000e+00,  4.377261143847405e-02,  2.574040864006749e+01
s357        , -9.744403926942342e-02, -6.364627914255494e-01,  6.111535112925072e-02,  2.349619052693271e-02, -1.087924657847243e-01,  3.947871168728781e+01
s358        , -9.190473297739495e-02,  4.223483568303199e-01, -1.526865300333861e-01,  0.000000000000000e+00,  1.497477066202821e-02,  2.717180802863512e+01
s359        ,  4.402510249016559e-01,  7.780994005192075e-01,  5.559222485703567e-01,  0.000000000000000e+00,  5.938787861441513e-02,  2.226356877374728e+01
s360        , -8.756909416699599e-01, -7.515200094985990e-01,  1.238540198466594e+00,  0.000000000000000e+00, -9.171579903210557e-02,  3.634007107849143e+01
s361        , -1.770572058768898e-01,  5.094736684040351e-01,  1.750035236576660e+00,  0.000000000000000e+00,  7.023235832400831e-03,  2.125794116510492e+01
s362        ,  8.704386959032419e-01,  6.799187909197284e-01, -1.706729424881496e-01,  1.498026792665575e-02,  4.741022814421715e-02,  2.658161236678280e+01
s363        , -1.069662019131376e+00, -3.917558219034611e-01,  6.471390915696430e-03,  0.000000000000000e+00, -2.154892929898384e-01,  2.928808475035815e+01
s364        , -9.988945697241733e-01, -1.266449440861157e+00,  1.824872934935039e+00,  0.000000000000000e+00,  2.951911639929046e-02,  4.696317617447726e+01
s365        ,  1.902823636872192e-01,  2.202837195908840e-01, -7.305296455611801e-02,  0.000000000000000e+00,  8.809508970215446e-02,  3.268180416327321e+01
s366        ,  1.236798092554710e+00,  5.126264574089909e-01,  1.235672272365721e+00,  0.000000000000000e+00,  5.246205211179966e-02,  2.416713001615944e+01
s367        ,  9.184480967949833e-01,  4.325850719490727e-01,  1.660495099434038e+00,  0.000000000000000e+00, -3.606384963196002e-02,  2.086779662558167e+01
s368        ,  1.622937156969908e-01,  3.008105906272540e-01, -8.822628860332768e-02,  8.393175983005122e-02, -1.987342219566857e-01,  3.010645096784649e+01
s369        ,  9.732086991131189e-01,  7.949804664567033e-01,  1.734462792170671e+00,  0.000000000000000e+00,  7.885191776275319e-02,  2.007274124248074e+01
s370        , -8.475872099006457e-01, -5.925564475062046e-01,  5.035690456878730e-01,  0.000000000000000e+00,  5.166120863470398e-02,  4.137877584963122e+01
s371        ,  5.916391131784779e-01,  6.650979478559962e-01, -2.921393264090609e-01,  0.000000000000000e+00, -3.992532039465468e-02,  2.193649960349198e+01
s372        ,  7.596908414790238e-01,  1.250609566674830e+00,  5.430860169298772e-01,  0.000000000000000e+00,  1.327414898899447e-01,  1.849889173010109e+01
s373        , -1.946434670867691e+00, -1.192826963106251e+00,  2.597777076562765e+00,  4.544667590027700e-02, -2.888078499181905e-02,  4.712435658089361e+01
s374        , -9.564014283175248e-01, -5.852394764711617e-01, -1.535939205983597e-01,  0.000000000000000e+00, -5.276095262665995e-02,  3.871966175480821e+01
s375        ,  7.284511861928945e-01,  6.141570750460448e-01, -1.420125633185619e-01,  0.000000000000000e+00,  4.926389892209886e-02,  2.578283338813955e+01
s376        ,  2.037232105036610e+00,  1.310905917780715e+00,  2.106236926393235e+00,  0.000000000000000e+00,  1.699875769913900e-02,  9.544680111241346e+00
s377        ,  7.637732850848320e-01,  7.478903685516791e-01,  1.907646335729134e+00,  0.000000000000000e+00, -2.706705217350897e-02,  1.621087871728755e+01
s378        ,  9.950925555332779e-01,  1.380652216148623e-01,  1.990011213823481e-02,  3.526637131080694e-02, -2.595803986882108e-01,  2.415551789283454e+01
s379        , -8.163846007494810e-01, -1.122762469868447e+00,  1.947844414302656e+00,  0.000000000000000e+00, -6.564254876166717e-02,  4.095019944765946e+01
s380        , -9.184292068832668e-01, -7.905133287984893e-01,  4.957042641623203e-02,  6.759512848901579e-03, -1.740054805560033e-01,  3.719965004800866e+01
s381        ,  1.520868814304400e-01,  3.017431592558752e-01, -2.467216798520878e-01,  0.000000000000000e+00, -1.175799213080600e-01,  2.392199721294510e+01
s382        , -7.921265824309522e-01, -7.031121764428656e-01,  1.242501588389777e+00,  3.361140971097216e-02, -5.593239086614937e-04,  4.308420815424556e+01
s383        ,  6.672838300456271e-01,  3.821442175610703e-01,  4.370345275542192e-02,  0.000000000000000e+00,  1.186376612543578e-01,  3.132441443479084e+01
s384        , -8.703903476353084e-01, -1.072106805419077e+00, -1.705333172595242e-01,  0.000000000000000e+00, -2.838389408203097e-01,  3.661040255507304e+01
s385        ,  8.850482925000751e-01,  5.594351019495050e-01,  7.501006739853737e-01,  0.000000000000000e+00,  3.486314579207911e-02,  2.393970604670074e+01
s386        ,  9.061627662896373e-01,  1.063039954323194e+00,  1.196248021355689e-01,  0.000000000000000e+00,  6.965150547057214e-02,  1.965587178396212e+01
s387        , -1.106690246889199e+00, -1.182907926877258e+00,  1.678977963407772e+00,  0.000000000000000e+00,  1.521112921886550e-02,  4.556535252754344e+01
s388        ,  2.054813205480302e+00,  1.198761555660444e+00,  2.423042186497084e+00,  0.000000000000000e+00,  2.512398335134308e-02,  1.071109175430002e+01
s389        ,  5.830110458201297e-01,  3.913758333647059e-01,  1.573336869863558e+00,  0.000000000000000e+00, -1.649031491914327e-02,  2.241099151311784e+01
s390        ,  4.058167767744563e-02,  5.888387156363624e-01, -1.155561621057229e-01,  9.896949290888685e-03,  5.017089809926535e-02,  2.725722788343578e+01
s391        , -3.572825686809578e-01, -2.108547670740650e-01,  7.079059784570864e-01,  1.999231064975009e-02,  6.532510019401500e-04,  3.585793709955593e+01
s392        , -7.654037138178210e-02, -3.166909858180755e-02,  9.629875254971818e-02,  0.000000000000000e+00, -2.959368496774670e-02,  3.125424380652910e+01
s393        ,  3.686774220084653e-01, -1.396159750811696e-01,  1.396635598412066e-01,  0.000000000000000e+00,  5.651501856334933e-02,  3.602871103729868e+01
s394        , -2.015273820649741e-01, -1.250104738133717e+00,  5.004700553175792e-01,  0.000000000000000e+00, -2.189693385028769e-01,  4.009960939630581e+01
s395        , -6.768380070474945e-01,  2.625163325033197e-02,  2.342725082881562e+00,  0.000000000000000e+00, -1.576099289921509e-01,  2.028332749052037e+01
s396        , -1.571978956162156e+00, -1.162403491880677e-01,  6.621449395577170e-01,  0.000000000000000e+00, -2.990413488656318e-02,  3.113088939823728e+01
s397        , -4.953598502673375e-01, -5.380879319389740e-01,  6.408694092399913e-01,  2.468444179898811e-02, -3.252741902682317e-02,  3.986837358908732e+01
s398        ,  1.555253169293308e-01,  1.182134020921210e+00,  2.375496506692766e-01,  0.000000000000000e+00,  4.168460171711158e-03,  1.515692560634817e+01
s399        , -1.863721424692930e+00, -1.082133233654012e+00,  1.203825729399445e+00,  0.000000000000000e+00, -2.606970236914586e-02,  4.363164542067269e+01
s400        , -1.580914135378971e+00, -9.797392916127916e-01,  1.154011636273271e+00,  0.000000000000000e+00,  9.594571578017685e-04,  4.335776431899085e+01
s401        , -1.745467987214961e+00, -8.009263844148795e-01,  7.795369741700369e-01,  0.000000000000000e+00,  2.354467514459807e-02,  4.258189177539633e+01
s402        , -6.980793622242579e-01, -7.366444488744026e-01,  1.843816887396842e-01,  0.000000000000000e+00, -1.014025914450861e-01,  3.817857002038259e+01
s403        ,  2.251226886668626e-01,  1.049914352662123e+00, -1.292366923460236e-01,  1.170655567117586e-02,  2.713591235775165e-03,  1.915805041547993e+01
s404        ,  7.040030298805582e-01,  4.012534261790957e-01,  9.149282894937505e-01,  0.000000000000000e+00, -6.259718259909658e-02,  2.199051708408049e+01
s405        ,  7.810975699633603e-01,  6.463553971362350e-01,  8.426907463689094e-01,  0.000000000000000e+00,  1.038510745045737e-01,  2.519064348159978e+01
s406        , -7.486530226048839e-01,  6.072292314951921e-02,  6.126030862052189e-02,  0.000000000000000e+00,  3.009812323726403e-02,  3.235963046233695e+01
s407        , -5.898664718227482e-01, -2.145916010232396e+00,  4.831300887128638e+00,  0.000000000000000e+00, -2.694294658553051e-02,  5.022762973637867e+01
s408        , -1.653430955336652e+00, -8.355546032663601e-01,  1.226197613151270e+00,  1.462773475040986e-02,  1.917374795775303e-02,  4.356157423979118e+01
s409        ,  3.615421057666913e-01,  4.003551515968296e-01,  1.459579514221397e-01,  7.380835224837701e-02,  4.535320641109909e-02,  3.650568593905319e+01
s410        , -1.927277741805878e+00, -4.807680727289299e-01,  2.520463178400993e-01,  0.000000000000000e+00, -1.050919182896709e-02,  3.796171281424530e+01
s411        , -7.559092474121808e-01, -9.993756932901907e-01,  5.133885867899382e-01,  0.000000000000000e+00, -1.163458615978515e-01,  4.053814390192621e+01
s412        ,  1.873884464024186e+00,  7.248766257238211e-01, -4.595669852251714e-01,  0.000000000000000e+00, -1.264070577559797e-01,  1.811103009808065e+01
s413        , -8.487613459239006e-02,  1.816032761979924e-01,  9.798376091746398e-02,  9.997519995039990e-02, -1.186768467841404e-01,  3.632872574529372e+01
s414        , -7.984251397438490e-02, -2.342804891724881e-01, -1.257601464596993e-01,  0.000000000000000e+00, -2.346268171047885e-01,  2.662985591342339e+01
s415        ,  3.823952603345894e-01,  6.845212405507750e-02,  2.393719854484275e-01,  6.113062547303460e-02, -2.598847392897498e-02,  3.671912907504514e+01
s416        , -9.819900149129637e-01, -6.160098846203783e-01,  7.452377575054172e-01,  0.000000000000000e+00,  4.501543666320417e-02,  4.089404099543298e+01
s417        , -1.482842264827313e+00, -1.422834073187006e+00,  4.273170264749892e+00,  3.921253192302279e-02,  2.811740883757814e-02,  4.800800190237453e+01
s418        ,  5.288306085486906e-02,  4.894339983685883e-01, -1.258275637733810e-01,  0.000000000000000e+00,  6.871017173228570e-02,  2.825899836606624e+01
s419        , -1.062501299146121e+00, -1.068044180121431e+00,  9.347400177398507e-01,  0.000000000000000e+00, -6.833470039075297e-02,  4.240584335704727e+01
s420        ,  1.615525737358244e+00,  1.001823944223001e+00,  1.986296533185245e+00,  0.000000000000000e+00,  4.808728593469092e-03,  1.369691484762231e+01
s421        , -8.420822469136372e-01,  2.154409655179674e-01,  1.076656691711336e+00,  0.000000000000000e+00, -7.742594546374176e-02,  2.365656256659313e+01
s422        , -2.976491469173829e-01, -5.445570328951543e-02,  6.312666531804202e-01,  5.396960934619340e-02,  2.244346622926414e-02,  3.860717058768807e+01
s423        ,  2.602465190009081e-01, -1.552693497099882e-01, -2.123113970015091e-03,  0.000000000000000e+00, -4.388950586048970e-02,  3.266376654330919e+01
s424        , -1.598544685575905e-02,  4.256564768774931e-01,  2.111475950656793e+00,  0.000000000000000e+00, -6.410637007410752e-02,  1.883530230012698e+01
s425        , -6.873434672527887e-01,  1.700959836694471e-02,  4.258475355020023e-01,  6.850302447848945e-02, -4.462439078067815e-03,  3.870471836753702e+01
s426        ,  3.868281565378119e-01,  1.117431417355477e+00,  3.078197087445535e-01,  0.000000000000000e+00,  9.210522933303014e-02,  1.933192657765323e+01
s427        , -4.350921811790253e-01, -4.431439827147772e-01, -2.713856931096174e-02,  0.000000000000000e+00, -1.091513468101359e-01,  3.423150841307472e+01
s428        ,  1.434023500487657e+00,  5.694565008724957e-01,  1.330182175417628e-01,  0.000000000000000e+00,  1.754243116793641e-02,  2.454356710132852e+01
s429        , -1.410084545291047e-01,  1.590683854052037e-01,  1.801702883505760e-01,  1.444924000750610e-02, -3.264861377902778e-02,  2.992658920712489e+01
s430        , -2.958129836419498e-04, -7.439702583938512e-02,  1.513097154828457e+00,  0.000000000000000e+00, -4.099729855310935e-02,  2.815189269830796e+01
s431        ,  4.037460271826608e-01,  5.789033204364502e-02,  7.692684759183555e-02,  0.000000000000000e+00,  5.006498201951842e-03,  3.138595466586262e+01
s432        , -1.066289337790876e+00,  1.357292931997980e-01,  1.330858030198628e+00,  0.000000000000000e+00, -2.058841344652629e-02,  2.640813911960809e+01
s433        ,  1.465780698491131e-01, -6.915845090694495e-02,  9.781938033630019e-02,  0.000000000000000e+00,  1.387575348658590e-01,  3.833706488992668e+01
s434        ,  4.355472814078697e-01,  8.194131785310383e-01,  8.857836378397385e-01,  2.053417836124943e-02,  6.180985382150572e-02,  2.338994646880186e+01
s435        ,  1.360224600447043e-01, -2.487893601733777e-01,  4.820991885203681e-01,  0.000000000000000e+00,  4.069766733265825e-02,  3.616158609060108e+01
s436        , -1.176834064700477e+00, -7.023360410822208e-01,  3.705182411683745e-01,  0.000000000000000e+00, -1.255058802188495e-01,  3.632833721509082e+01
s437        ,  4.255542297351823e-01,  2.066944174406173e-01, -1.395929495174514e-01,  0.000000000000000e+00,  1.865528543425393e-01,  3.686187334066047e+01
s438        ,  4.759340095896715e-01,  2.660911424225327e-01,  1.119772987540748e-01,  0.000000000000000e+00,  4.187527094177082e-02,  2.981063003591160e+01
s439        , -1.323840968987944e+00, -6.514212013888576e-01,  2.471260224157183e+00,  6.805293005671077e-02,  3.691742881740925e-02,  4.496893292692072e+01
s440        ,  1.911375936580773e+00,  5.964713525433996e-01,  4.278256911013653e-01,  0.000000000000000e+00,  1.261216270648190e-01,  2.771497990351247e+01
s441        , -5.968585101940267e-01, -7.073159754460479e-01,  2.404439296243374e-01,  0.000000000000000e+00, -2.018696783984789e-01,  3.372275618226352e+01
s442        ,  1.602708630643594e+00,  1.070136172727057e+00, -3.053403499951032e-01,  2.842724476693840e-02, -1.165391230002849e-02,  2.065073131010176e+01
s443        , -3.418194688489122e-01, -1.173759219969192e+00,  6.972053802146699e-01,  0.000000000000000e+00, -1.221847023674251e-01,  4.234270254824268e+01
s444        ,  7.637447106545253e-02, -2.618137839367449e-01,  5.153912321804636e-03,  0.000000000000000e+00, -5.393730240397826e-02,  3.375549424114790e+01
s445        ,  1.017156754691856e+00,  2.076835910606494e-01, -6.832087106107018e-02,  0.000000000000000e+00, -3.655677850772825e-02,  2.799216572783643e+01
s446        ,  1.325048844178530e-01, -9.873820724016946e-02,  1.543687506359335e-02,  1.544090614660108e-02, -5.520866527466808e-02,  3.317062298728960e+01
s447        , -1.204238242348799e-02,  9.113607296436932e-02,  6.572013873635069e-01,  0.000000000000000e+00,  1.565631893635133e-02,  2.999779065849214e+01
s448        ,  1.955645847805345e-01,  5.721882801300771e-02,  5.214869403200716e-02,  0.000000000000000e+00,  9.594021181787110e-02,  3.499497057447065e+01
s449        ,  1.023488117482967e+00,  2.470531233032291e-01,  5.603619163609912e-01,  0.000000000000000e+00,  6.643807086561621e-02,  3.000395754425631e+01
s450        ,  1.292595058164963e+00,  6.454090778367900e-01,  1.004732020407231e+00,  0.000000000000000e+00,  3.371137216222592e-02,  2.209868761724195e+01
s451        , -1.076547322827218e+00, -1.226056697283915e+00,  1.020485888244958e+00,  1.247165532879818e-02, -1.206312796792191e-01,  4.383667056465410e+01
s452        ,  1.041326926021929e+00,  8.421840658013493e-01,  2.276133288149015e-01,  1.269333333333333e-01,  4.044719180718319e-02,  3.604483818591903e+01
s453        , -2.986039119797084e-01,  9.157789958844331e-02,  2.475415166388451e-01,  5.760000000000000e-02,  2.584543507319181e-02,  3.798616561858019e+01
s454        , -1.068578759667890e+00, -9.763472586855779e-01,  1.477707858657382e+00,  0.000000000000000e+00,  6.496021493630755e-02,  4.505860236537187e+01
s455        , -1.019022963464540e-01, -5.029610945059790e-01,  4.235343600546656e-01,  0.000000000000000e+00, -1.019281468252538e-02,  3.789192615630694e+01
s456        , -1.276108587100781e+00, -5.803910715503848e-01,  9.052532782486312e-01,  4.361228202028123e-02,  1.855874144464642e-04,  4.331700088507854e+01
s457        , -1.562653854847452e+00, -9.753151910956306e-01,  1.877200480962336e+00,  0.000000000000000e+00,  2.715948482804315e-02,  4.265234186430503e+01
s458        , -1.571215894852860e-01,  3.619694816588201e-01,  2.855849269457019e-03,  0.000000000000000e+00,  1.258942670662021e-01,  3.198510680407232e+01
s459        , -7.908915586506604e-01, -9.898360222133946e-01, -3.027490582758716e-01,  0.000000000000000e+00, -1.749416613967744e-01,  3.999877329909169e+01
s460        ,  1.259413921430306e+00,  5.696742870392064e-01,  8.775626167385958e-01,  1.721935127095212e-02,  7.682729469164429e-03,  2.443296708771121e+01
s461        , -2.175818754703068e+00, -1.132855418765764e+00,  1.348013806753344e+00,  0.000000000000000e+00,  2.494062701037546e-02,  4.600120710570350e+01
s462        ,  1.056177437374778e+00,  1.124035891654215e+00,  1.348581797395454e+00,  5.522682445759369e-03,  2.908323835161208e-03,  1.400768524262391e+01
s463        ,  7.682398919925582e-01,  3.788341881865525e-01,  2.297932427970374e-01,  1.010848126232742e-01, -8.284007003106192e-03,  3.767774472720003e+01
s464        , -1.670624175566991e+00, -6.329530587105281e-01,  1.315214563983802e+00,  8.674893102314082e-02, -8.704268951864297e-02,  4.469960824857367e+01
s465        ,  3.572362737692147e-01,  2.367852843131986e-01, -1.339339614767553e-02,  1.757080383173678e-02, -8.723520256992509e-03,  3.057056965241676e+01
s466        , -1.202841334482275e+00, -3.372580280178203e-01,  2.105305473846277e-01,  3.654354303704953e-02, -5.821140537008808e-02,  3.840083700444840e+01
s467        , -9.998937028287650e-01, -8.832709406730257e-01,  9.848939985116332e-01,  3.482263168253872e-02, -1.043269470569437e-01,  4.231052690605443e+01
s468        , -9.085815979292673e-01, -6.141811662413739e-01,  2.742016693068143e-01,  0.000000000000000e+00, -5.730238956482515e-02,  3.796594954893541e+01
s469        ,  1.368123103534694e+00,  9.782201787230678e-01,  2.417261641166967e-01,  2.117439466718949e-02,  5.763270919300639e-02,  2.254731241324500e+01
s470        ,  6.270281968061774e-01, -1.122976235127338e-02,  1.837113338700259e-01,  0.000000000000000e+00, -4.090950823370332e-02,  3.032455785677896e+01
s471        , -2.645435144970039e-02, -3.785790110693643e-02,  1.732523611672966e-01,  0.000000000000000e+00,  1.602977218465695e-03,  3.237966818372545e+01
s472        , -9.877961354209573e-01, -3.930861144488951e-01,  1.462763922611715e+00,  7.586974403638652e-02, -7.968609711748328e-03,  4.280689596352892e+01
s473        ,  9.062936723193107e-01,  3.700472218433259e-01,  1.236017852806006e-01,  0.000000000000000e+00,  8.064627689446771e-02,  2.983084039246123e+01
s474        , -1.654729567131913e+00, -1.589575498848217e+00,  1.581760807283313e+00,  0.000000000000000e+00, -1.400875419285496e-01,  4.546393141066763e+01
s475        ,  1.613264697983012e+00,  8.889886428593584e-01,  2.769392273040955e+00,  0.000000000000000e+00,  1.202257221868341e-03,  1.334322720126256e+01
s476        ,  6.116129809221722e-01,  2.917076373124123e-01,  1.765891125850445e+00,  0.000000000000000e+00, -1.921514731891442e-01,  1.652775947629076e+01
s477        ,  5.840337661930541e-01, -2.686011272507756e-01, -6.292546639856839e-01,  0.000000000000000e+00,  5.559946270169025e-02,  3.957790505184727e+01
s478        , -1.152221920522414e+00, -1.510957917375816e+00,  1.818418840924276e+00,  0.000000000000000e+00, -5.233062713198475e-02,  4.723149135969674e+01
s479        , -5.094753281829528e-01, -3.729208945730456e-01,  1.764037736598771e-01,  0.000000000000000e+00,  5.790097352820073e-03,  3.725247588241540e+01
s480        ,  2.973171178971667e-01,  1.294612646462080e+00,  1.423258705827460e+00,  0.000000000000000e+00, -4.808168419468600e-02,  8.809995764392774e+00
s481        , -1.675140558535767e+00, -2.713525244689334e-01, -2.452258212000913e-01,  0.000000000000000e+00, -1.739261286712562e-01,  2.979135118974504e+01
s482        ,  5.105384321341787e-01,  4.364925743576988e-01,  1.275698794805327e+00,  0.000000000000000e+00, -5.555496445269642e-02,  2.093875674687912e+01
s483        ,  6.412437341666035e-01, -4.916797249383364e-02,  1.655229701147028e+00,  0.000000000000000e+00, -1.215522209399222e-01,  2.433149821971007e+01
s484        ,  2.259666720581154e+00,  1.247359111442487e+00,  1.313852006669825e+00,  0.000000000000000e+00, -1.119232001954900e-01,  7.239820469072321e+00
s485        , -6.133731587036794e-02, -8.847672405398559e-01, -2.114839422094138e-01,  0.000000000000000e+00, -2.468707519525797e-01,  3.550748523834238e+01
s486        ,  1.705016907792880e+00,  7.137098797137675e-01,  1.191307285415869e+00,  0.000000000000000e+00,  8.518521836657134e-03,  1.972646187057458e+01
s487        , -8.949077256537036e-01, -1.988722356881762e-01,  4.691966787297859e-01,  0.000000000000000e+00, -6.477338101293609e-02,  3.137965413381091e+01
s488        ,  4.414328374469543e-01,  6.566080977278688e-02,  9.467910375430684e-02,  0.000000000000000e+00, -3.413728650366016e-03,  3.090768982457709e+01
s489        ,  1.128277752007163e+00,  4.389563194711119e-01,  3.119523296826975e-01,  6.943837889772032e-02,  3.480044693599359e-02,  3.466434662899238e+01
s490        ,  1.504039442617624e+00,  1.338413064880760e+00,  1.383762184251973e+00,  0.000000000000000e+00,  6.978729068025880e-02,  1.287614087564584e+01
s491        , -5.198334157682940e-01, -6.163823217087976e-01,  1.354843361753741e+00,  2.571332379429341e-02,  2.090955314070164e-02,  4.152860606809806e+01
s492        ,  1.151627147663105e+00,  5.311838142750229e-01,  2.884546686952669e-01,  0.000000000000000e+00,  1.282150358729148e-01,  2.903628555547051e+01
s493        , -8.097664188918848e-01,  4.608398856556253e-01,  2.262937106074556e+00,  0.000000000000000e+00,  7.846367463037407e-03,  2.079463733585366e+01
s494        ,  6.975315577850428e-01,  3.632239696779194e-01,  2.742488403134719e-01,  1.041666666666667e-01,  1.787601477036362e-02,  3.917043410396735e+01
s495        ,  5.757891210893783e-02, -1.033235032725908e-01,  5.725778735943331e-01,  0.000000000000000e+00,  6.919164122861411e-02,  3.501564469824640e+01
s496        ,  1.842735197085195e-01,  1.014453707047820e+00,  1.760938265150854e+00,  0.000000000000000e+00,  4.455587709069053e-02,  1.558604660664615e+01
s497        , -3.806010851052651e-01, -8.355248030684059e-01,  4.233901369732164e-01,  0.000000000000000e+00, -1.161191854911868e-01,  3.844737845600213e+01
s498        ,  2.924357353950326e-01,  3.895034216985485e-01,  2.111607984730978e+00,  0.000000000000000e+00, -1.797936258244892e-02,  2.114094855557318e+01
s499        , -7.813708299191796e-01, -3.000511458230686e-01,  9.837648920376173e-01,  5.228337589736372e-02,  1.260236729301584e-02,  4.067540378953075e+01
s500        ,  1.758078897939561e-01,  2.888859256895393e-01, -2.762953396208094e-01,  0.000000000000000e+00,  1.176483380252829e-01,  3.333495778609507e+01
s501        ,  5.268597846364342e-01,  1.723407744243732e-01,  2.780512575265222e-02,  0.000000000000000e+00,  6.235529312009747e-02,  3.212193116574088e+01
s502        , -1.555727833576514e+00, -1.643072810109021e-01,  8.873548041158927e-02,  0.000000000000000e+00,  3.283876299406774e-02,  3.557110972530333e+01
s503        ,  1.172585934883692e+00,  1.309941818118316e+00,  1.238137584603779e+00,  0.000000000000000e+00,  7.974561089624171e-02,  1.399994072287271e+01
s504        ,  2.953705009587213e-01, -1.654684491331260e-01,  7.765226765479012e-02,  0.000000000000000e+00,  4.248813637813868e-02,  3.598887143931497e+01
s505        ,  1.048522988543108e+00,  1.404071003231504e+00,  4.551034575581250e-01,  1.248699271592092e-02,  4.514997764034179e-02,  1.457132381789771e+01
s506        ,  3.661355339494778e-01, -1.827701919593845e-01,  1.159921718377462e-01,  0.000000000000000e+00,  2.612694056695015e-02,  3.550684092213726e+01
s507        ,  7.001138090247849e-01,  4.195944850337203e-01,  3.063500193369099e-01,  0.000000000000000e+00,  9.483869020632169e-02,  2.926578124794411e+01
s508        ,  5.464601963517310e-01, -3.467930921290627e-01,  4.843920153680679e-02,  0.000000000000000e+00, -2.317231484121700e-01,  2.792612381338229e+01
s509        ,  2.946634304577050e-01,  5.253118177049836e-01, -3.869221921785520e-03,  8.625000000000001e-02, -1.850235816841325e-02,  3.404114199249010e+01
s510        , -1.105581921856613e+00, -5.360120810930415e-01,  4.396882468159013e-02,  0.000000000000000e+00, -9.002827379760897e-02,  3.612027624519784e+01
s511        ,  1.309201174401844e+00,  3.608378389164681e-01,  2.027711799357498e+00,  0.000000000000000e+00, -7.185631680226956e-03,  2.215801210370766e+01
s512        ,  7.885562671323768e-01,  7.390807751360384e-01,  5.379439926651718e-02,  1.216287432574865e-01,  9.439761905092034e-03,  3.607533404714789e+01
s513        , -5.799590652888761e-01, -3.310780159311064e-01,  5.375594366251507e-01,  0.000000000000000e+00,  1.663717965405817e-02,  3.625509188785738e+01
s514        ,  1.756955937636850e+00,  1.420300855741339e+00,  4.330183824156615e-01,  0.000000000000000e+00, -1.174173569007086e-02,  1.073453427710067e+01
s515        ,  1.301480913945963e+00,  5.428034762889635e-01,  5.709242968179701e-01,  1.476112495550018e-01,  2.018842162326909e-02,  4.106950892454480e+01
s516        ,  1.639096205345820e+00,  8.469642821859105e-01,  1.512165735743307e+00,  0.000000000000000e+00,  2.916592629609271e-02,  1.791671580762484e+01
s517        ,  1.265571797582470e+00,  1.446869976628643e+00,  2.166980376968170e-01,  5.796401400797005e-03,  2.841004047955853e-02,  1.309212207853896e+01
s518        ,  1.441905473368953e+00,  6.258545015394046e-01,  1.842725205969715e-01,  1.379978095585784e-01, -5.743565063724933e-02,  3.665511056088529e+01
s519        , -3.428509295553606e-01, -2.325223228708782e-01,  1.719821031677357e+00,  0.000000000000000e+00, -9.633803262690471e-02,  2.774639667401514e+01
s520        , -7.417091464175271e-01,  1.470366921194679e-01,  5.884080740260715e-01,  0.000000000000000e+00, -4.820502656722545e-02,  2.688122426754078e+01
s521        , -3.011966055380439e-01, -6.222069193157409e-01,  1.900295539540341e-01,  0.000000000000000e+00, -1.036511382006867e-01,  3.646695349714610e+01
s522        , -6.069082570615004e-01, -5.047955565543027e-01,  7.283755689281533e-02,  2.737408688965782e-03, -1.176634341492234e-01,  3.485408349789917e+01
s523        ,  1.256149620532759e+00,  1.105251928543453e+00,  1.735273069489785e-01,  2.678298132843588e-02,  7.084665258847228e-02,  2.207869733898506e+01
s524        ,  7.847794981407887e-02,  3.502011356305634e-01,  2.272809731144510e+00,  0.000000000000000e+00, -1.728681592304659e-01,  1.528927227864060e+01
s525        ,  7.540604241380652e-01, -3.131123275772474e-04,  1.829308627712540e-01,  4.231111111111112e-02, -1.566318344197187e-02,  3.604486861224449e+01
s526        ,  6.882803931636601e-01,  1.030781406314759e+00,  8.924185444818135e-03,  0.000000000000000e+00, -2.467663370195505e-02,  1.668989293475087e+01
s527        , -3.347470952839998e-01,  2.187614068461703e-01,  3.018843403831161e-01,  0.000000000000000e+00, -1.053825346111272e-01,  2.430320526230637e+01
s528        , -8.880876507782670e-01, -2.004892801321207e+00,  2.947104695170676e+00,  0.000000000000000e+00, -1.383039431537861e-01,  4.823892832456686e+01
s529        ,  9.212434057068957e-01,  1.396333344094832e+00,  1.979814430243411e+00,  0.000000000000000e+00,  7.103741655173024e-03,  8.247425589395927e+00
s530        ,  1.578253206298823e+00,  1.128470945085189e+00,  1.186885191735520e+00,  0.000000000000000e+00,  1.528438674337808e-01,  1.952029063510636e+01
s531        , -1.270304683847079e+00, -5.596287030119584e-01,  2.753886627292158e-01,  0.000000000000000e+00, -4.475055069771305e-03,  3.925326610645655e+01
s532        , -1.264611305197325e-01, -1.886219649580285e-01,  1.126930043789007e-01,  0.000000000000000e+00,  6.953684069026350e-02,  3.728795507970379e+01
s533        ,  8.237391297987288e-01,  6.125637032373743e-01,  9.489108870001746e-01,  0.000000000000000e+00, -3.161623853243811e-03,  2.125302189878992e+01
s534        ,  1.456467143630557e+00,  2.381958813443039e-01,  1.714970372660525e+00,  0.000000000000000e+00, -1.273128363576752e-01,  1.992419334292943e+01
s535        , -1.038398689934333e+00, -3.196960550206995e-01,  1.382356306581702e-01,  0.000000000000000e+00,  8.930916310031650e-03,  3.671336064829296e+01
s536        ,  5.135961834965114e-02,  2.710909128714190e-01,  6.512281522045880e-03,  7.174744897959184e-02, -6.839568039760935e-02,  3.397676022475206e+01
s537        , -8.440212331633648e-02,  2.587206253619692e-01,  7.700370153533003e-01,  0.000000000000000e+00,  4.110296373371691e-02,  2.837031465213135e+01
s538        , -1.317636610189325e+00, -7.113157050778596e-01,  1.818556960887717e-01,  0.000000000000000e+00, -1.260998825481792e-01,  3.686566315315918e+01
s539        ,  2.901282138702423e-01, -3.830777892034627e-01,  2.897449681608487e-02,  0.000000000000000e+00, -4.106150198655023e-02,  3.590942655013718e+01
s540        , -9.824868919009931e-02,  2.313448024841280e-02,  2.051566162463776e+00,  0.000000000000000e+00, -3.626194398559945e-02,  2.572449699167581e+01
s541        , -2.175405710121729e+00, -8.742736697590114e-01,  7.250358603753627e-01,  0.000000000000000e+00, -3.031728271033433e-02,  4.164151693835475e+01
s542        ,  2.591231555634874e-01, -6.073829137419791e-01,  7.837147941770069e-02,  0.000000000000000e+00, -1.487931676951653e-01,  3.475653130139471e+01
s543        , -1.058007309971476e+00, -1.051668085813415e+00, -4.190477298748487e-02,  0.000000000000000e+00, -3.119636647441892e-01,  3.493106650060567e+01
s544        ,  3.414925189823615e-01,  1.222732734529122e-01,  1.813185617835460e+00,  0.000000000000000e+00, -4.651900676316534e-02,  2.447769289122734e+01
s545        , -3.918998056173665e-01,  4.463545686094488e-01, -3.164276360987121e-02,  0.000000000000000e+00,  1.426232249401155e-01,  3.152824327118339e+01
s546        ,  5.616853932534658e-01,  6.287108225717659e-01, -2.535663046524189e-01,  0.000000000000000e+00, -1.798105654971639e-02,  2.321489964966974e+01
s547        , -1.305950209492648e+00, -1.578573388116435e+00,  2.074360054653249e+00,  0.000000000000000e+00, -1.044783013723773e-01,  4.556297946931809e+01
s548        , -3.050762501887698e-01,  7.625177489356227e-02, -1.936586850639033e-01,  0.000000000000000e+00,  7.466961107101977e-02,  3.446390397186254e+01
s549        ,  1.039973910986755e+00,  1.280222192625982e+00,  4.524560770088826e-01,  0.000000000000000e+00, -1.139979014217605e-01,  8.678157732074371e+00
s550        ,  2.095033672336812e+00,  1.350780479624460e+00,  1.632604191023129e+00,  0.000000000000000e+00,  1.586001177679736e-02,  1.002865269540380e+01
s551        , -1.303711602903422e+00, -1.106855043547606e+00,  9.250265867549243e-01,  0.000000000000000e+00, -5.633655793266372e-02,  4.344197951928376e+01
s552        ,  3.401293169548341e-01,  5.797070075314112e-01,  3.189107082977742e-01,  0.000000000000000e+00, -3.461773353439079e-02,  2.193954977065932e+01
s553        , -5.647880997296292e-02,  4.364139590853275e-01,  1.614589029217774e-02,  9.570275849127415e-02, -8.655553243860586e-02,  3.368757062902478e+01
s554        , -1.031552667181044e+00, -9.441782423047180e-01,  1.067183828803062e+00,  0.000000000000000e+00, -1.820382627500891e-02,  4.231035289213247e+01
s555        , -8.490058291493487e-01,  3.517037812789483e-01,  8.833119323056382e-01,  0.000000000000000e+00,  3.865219482961835e-02,  2.670523365931444e+01
s556        , -7.911863624049646e-01,  3.591796555038806e-02, -1.059596346600041e-02,  4.294149221685454e-03,  4.331904566842876e-03,  3.236650810115226e+01
s557        ,  2.474068956648234e-01,  4.537662250376091e-01,  1.618586935636787e+00,  0.000000000000000e+00, -6.509448795265438e-03,  2.181739827797663e+01
s558        , -5.007238229142660e-01, -4.452361199248407e-01,  1.026038669025351e+00,  3.910166891783613e-02, -5.791847322588722e-02,  3.835167930646503e+01
s559        ,  2.118829903875907e-01, -9.182592322167671e-02, -5.101925430447726e-02,  0.000000000000000e+00, -1.534243377533063e-01,  2.761590941168981e+01
s560        ,  1.297132454751414e+00,  6.839448395498944e-01,  1.143471258065454e-01,  9.698791066184005e-02,  5.033890956477654e-02,  3.545852030787514e+01
s561        , -5.288135218546878e-01,  3.379820224027406e-01,  2.640969068262588e+00,  0.000000000000000e+00, -1.321945541245917e-02,  2.083379561685617e+01
s562        , -7.943538387030609e-01, -3.082985397377747e-01,  7.861163309283588e-01,  4.285714285714286e-02,  4.489239378076353e-02,  4.141506162034430e+01
s563        , -1.695221398164227e+00, -5.810713727470154e-01, -3.269685792036231e-01,  0.000000000000000e+00, -2.509050982333043e-01,  3.134065170748382e+01
s564        , -8.235878596232101e-01, -7.944869988195822e-01,  5.076953445232134e-01,  0.000000000000000e+00,  2.137857637612114e-02,  4.303227584021567e+01
s565        ,  5.786852470915557e-01,  1.460510316620800e-02,  5.184450952668340e-01,  3.474122546103510e-02,  1.327322705961921e-02,  3.531560167152230e+01
s566        , -8.302212330074121e-01, -3.824744841470809e-01,  1.161005389071676e+00,  5.276450779230949e-02, -6.728724159603780e-03,  4.073046367984502e+01
s567        ,  5.393556498613846e-01,  5.527204474035996e-01, -2.839606042594154e-01,  0.000000000000000e+00, -5.454637243692746e-02,  2.293010642881583e+01
s568        ,  6.041187276553234e-01,  4.342372679944839e-02,  2.580820374149828e-02,  4.227231915358295e-02, -1.057903428422154e-01,  3.227502496337734e+01
s569        ,  5.614800719887970e-01,  6.868445551834883e-01,  7.694174199377046e-02,  0.000000000000000e+00,  1.958809345538417e-01,  2.996765349872834e+01
s570        ,  4.733969246303092e-01,  5.359806554418123e-02,  8.417063516707585e-02,  0.000000000000000e+00,  4.979885813717211e-02,  3.317471569671654e+01
s571        ,  5.730080514530493e-01,  3.200772653145991e-01,  2.132584125167198e-01,  6.648199445983378e-02,  3.033980930035095e-02,  3.604960295907521e+01
s572        ,  2.101230454819456e+00,  1.374911056664006e+00,  2.086450980027732e+00,  0.000000000000000e+00,  1.274719923343094e-01,  1.299292005818340e+01
s573        , -3.811463660619586e-01, -1.005101058508617e+00,  2.560223794580874e-01,  0.000000000000000e+00, -1.384514872124494e-01,  4.034968169791942e+01
s574        ,  6.881700420271472e-01, -7.215562882239213e-02,  1.050453829653542e-01,  0.000000000000000e+00, -2.242390982132861e-01,  2.422116944634789e+01
s575        ,  3.262214597255070e-01, -1.275990056574625e-01,  2.024067297881183e-01,  0.000000000000000e+00, -7.309455349446721e-02,  3.066591356462880e+01
s576        , -9.238693298049331e-01, -9.196605668149216e-01,  6.912319087638329e-01,  0.000000000000000e+00, -1.346798407320065e-01,  3.829252433891673e+01
s577        , -6.565756372879821e-01, -3.592930772308247e-01, -3.546794279675634e-05,  0.000000000000000e+00, -1.151502471259285e-01,  3.275501680761639e+01
s578        ,  6.712394147332970e-01,  7.049307683104558e-01, -1.420061200241051e-02,  1.037886485701844e-01,  5.099220958984602e-03,  3.448216831153329e+01
s579        ,  5.839122855740916e-01,  1.377307742008500e-01,  2.874710155274814e-01,  4.789201183431953e-02, -1.783222594515994e-02,  3.442132659184620e+01
s580        ,  8.930567879170550e-01,  6.196288715881182e-01,  1.739815841876960e+00,  0.000000000000000e+00, -3.850087736639557e-02,  1.795720519299359e+01
s581        ,  2.904861379712105e-01,  3.058117290257290e-01, -1.250826679769745e-01,  0.000000000000000e+00,  2.990260563153699e-03,  2.828198817924460e+01
s582        ,  1.328044708555014e+00,  5.775124031101995e-01,  2.090841943515921e+00,  0.000000000000000e+00, -3.103891378079982e-03,  1.912149052375355e+01
s583        , -1.299353843688629e-01,  1.473924848388375e-03,  1.054332461006980e-01,  1.862839989339169e-02,  6.977991597465077e-02,  3.679034306007309e+01
s584        ,  3.159094534140010e-01,  8.203808152877892e-01, -3.970478157387367e-01,  2.534402221941674e-02, -8.837019899339513e-02,  2.103280087124581e+01
s585        ,  6.465779848987863e-01,  1.405888011381741e+00,  1.755461271780115e+00,  0.000000000000000e+00,  9.857794026599032e-03,  8.736374502096474e+00
s586        , -1.841977151216957e+00, -1.306324520687563e+00,  1.316561163833299e+00,  0.000000000000000e+00, -8.732794812287645e-02,  4.414191691517433e+01
s587        , -1.519059721495913e+00, -1.892477145895277e+00,  4.309172527623329e+00,  0.000000000000000e+00, -1.495012755491915e-02,  4.832824119902608e+01
s588        ,  9.387912361205542e-01,  6.374845137175966e-02,  1.959520786739204e+00,  0.000000000000000e+00, -9.630080662032819e-02,  2.302554274596802e+01
s589        ,  7.816518315318011e-01,  3.940879922574556e-01, -1.343284473534329e-01,  0.000000000000000e+00,  1.500308131013617e-01,  3.278886892337102e+01
s590        ,  1.602915956175816e+00,  2.085310103835940e-01,  1.663288634867424e+00,  0.000000000000000e+00, -2.669326635362484e-02,  2.438060511370241e+01
s591        ,  6.259814475720535e-01,  5.035103256203639e-01,  6.218018352727121e-02,  5.592293098049329e-02,  5.523077856376955e-02,  3.356454725163872e+01
s592        , -1.866544971407417e+00, -2.117276237665394e+00,  4.488298141314183e+00,  0.000000000000000e+00, -2.997802041746724e-02,  5.049534818057644e+01
s593        , -1.403474560349544e+00, -5.898008887854651e-01, -2.923548792132316e-03,  0.000000000000000e+00, -7.775646309877943e-02,  3.746346689767491e+01
s594        , -1.647273275131083e+00, -6.250223768468413e-01,  1.137373656075202e+00,  2.048707294552170e-02, -1.321499039668844e-02,  4.021731363688004e+01
s595        , -6.257274702470922e-01,  1.138818094481117e+00,  1.692840101285913e+00,  0.000000000000000e+00, -3.375985081647231e-02,  1.094095653344388e+01
s596        , -8.694069998626694e-01, -5.389799380119231e-01,  5.954567872764236e-01,  0.000000000000000e+00,  3.535635513363350e-02,  3.977793616141176e+01
s597        ,  1.839102866755815e+00,  5.319314212459512e-01,  2.621540681743604e+00,  0.000000000000000e+00, -4.805683474775185e-02,  1.679094074759441e+01
s598        , -9.091043104888928e-01, -1.405802377670273e-01,  9.526092729044452e-02,  0.000000000000000e+00, -7.529477509443530e-02,  3.100945384536134e+01
s599        ,  1.564046405735407e+00,  1.289259736443049e+00,  1.739148369179928e+00,  0.000000000000000e+00,  5.137357660963687e-02,  1.203312454193837e+01
s600        ,  2.905731218387105e-01, -1.082869079030214e+00,  1.618100925608032e+00,  0.000000000000000e+00,  4.511706617547520e-02,  4.546215048570704e+01
s601        ,  3.859556967138555e-01, -1.095790130228780e-01,  5.781900256493476e-02,  0.000000000000000e+00, -3.662530088097546e-02,  3.216563646996251e+01
s602        , -1.440073457507333e+00, -9.280521643077917e-01,  1.063500970956895e+00,  0.000000000000000e+00, -7.257009711578663e-02,  3.997382942429264e+01
s603        , -1.400421335117203e+00, -9.389288392805333e-01,  1.168390368834205e+00,  0.000000000000000e+00, -1.900927432853022e-02,  4.197223029595369e+01
s604        , -1.410598066968925e+00, -1.109682702586180e+00,  9.077934085099547e-02,  0.000000000000000e+00, -1.444229363483277e-01,  4.196949670617920e+01
s605        , -1.621387133323043e-01, -9.528363650250629e-01,  7.383069900437871e-02,  0.000000000000000e+00, -2.036758346823780e-01,  3.749209578178323e+01
s606        , -9.979698047533583e-01, -3.113127689946964e-01,  9.160282735953380e-02,  0.000000000000000e+00, -2.064173957851068e-01,  2.831318467758948e+01
s607        ,  8.102904644198852e-01,  4.313029777118487e-01,  2.089312366798159e+00,  0.000000000000000e+00,  1.035416028730174e-02,  2.170760444069068e+01
s608        ,  6.515689709358394e-01,  1.831146561158898e-01,  1.683823325142713e-01,  0.000000000000000e+00,  5.429986083277891e-02,  3.133301500792880e+01
s609        ,  1.387300347613353e-02, -5.594832804834766e-01,  4.837130045936077e-01,  0.000000000000000e+00, -6.010957410759320e-02,  3.660454475875982e+01
s610        ,  1.548918422462740e-02,  4.339129553955785e-01, -2.203112080480019e-01,  0.000000000000000e+00,  1.713890008572490e-01,  3.325810470418420e+01
s611        ,  1.874583079024923e-01,  1.519943437090663e-01,  7.927227108573135e-01,  0.000000000000000e+00,  5.704374513741312e-02,  3.044160351632885e+01
s612        , -6.619121708260401e-01, -3.548948293068463e-01,  1.632986967136192e-01,  0.000000000000000e+00, -1.199053299233326e-01,  3.213207229009361e+01
s613        ,  1.853178585757171e+00,  1.224350385940491e+00,  1.879353325612381e+00,  0.000000000000000e+00, -8.949710399242500e-02,  7.136357158127548e+00
s614        , -3.191525488535212e-01, -2.027222294899444e-01,  2.177218590823073e-01,  2.111414836459610e-02, -9.427156955958546e-02,  3.330278714054106e+01
s615        , -1.037736039722638e-01, -5.465344134682861e-01,  6.512920346831817e-02,  0.000000000000000e+00, -1.077936428913789e-01,  3.552762829950188e+01
s616        , -8.799864633294985e-01, -1.112165047668727e+00,  1.458549833446277e+00,  0.000000000000000e+00,  6.896242778809472e-03,  4.475265902720216e+01
s617        , -1.183843594802837e+00, -1.119003097117829e+00,  7.021905432054233e-01,  0.000000000000000e+00, -1.070515761404292e-01,  4.214993914076225e+01
s618        , -1.123650075268739e+00, -8.690982224371839e-01,  2.211570022779628e+00,  8.582033854451732e-02, -5.012887485384151e-02,  4.729255409489559e+01
s619        ,  9.176659138352715e-01,  5.463237076132424e-01,  2.018012052770656e+00,  0.000000000000000e+00, -1.650144970065841e-01,  1.342047370083701e+01
s620        ,  1.595155267894712e+00,  1.346251606932210e+00,  1.209761002986979e+00,  0.000000000000000e+00,  6.327461318735084e-02,  1.291239570828242e+01
s621        ,  1.133359360912494e+00,  3.327917272538299e-01, -1.352473000201359e-01,  0.000000000000000e+00,  2.077117235718901e-02,  2.861825671953142e+01
s622        , -1.002419121282031e+00,  1.937095837293970e-01,  1.703368630840814e-01,  0.000000000000000e+00,  4.433729478536785e-02,  3.079124804959319e+01
s623        ,  1.034471969936265e-01, -4.045713254331944e-01,  7.549958554226053e-01,  0.000000000000000e+00, -1.081356042344624e-02,  3.572004663392772e+01
s624        ,  1.639327811745190e+00,  8.481650797541536e-01,  7.751276798541020e-01,  0.000000000000000e+00,  6.872102784535128e-02,  2.113647454839692e+01
s625        , -4.972654620844768e-01,  2.910225871824113e-01,  2.199277740822252e+00,  0.000000000000000e+00, -5.673740094593199e-02,  2.081571932830077e+01
s626        ,  3.826916613216537e-01, -4.129656096050858e-01,  5.522365115345537e-02,  0.000000000000000e+00, -8.343411850245007e-02,  3.461905532758784e+01
s627        ,  3.687647283893495e-01, -1.361770742597725e-01,  2.273046615229805e-01,  3.242431620809999e-02, -6.256795642588153e-02,  3.488581501398733e+01
s628        , -2.769187143037049e-02,  9.859526967370974e-01,  2.026462177500263e+00,  0.000000000000000e+00, -2.375132926053003e-02,  1.271530776070809e+01
s629        , -6.084255915863079e-01, -1.421989002069290e+00,  2.411639839878632e+00,  0.000000000000000e+00,  1.776719854586195e-02,  4.734503326535685e+01
s630        ,  2.575662011885660e-01,  7.205395292641659e-01,  4.182069731018195e-02,  9.202526715101018e-02,  6.036162177077521e-02,  3.492728175802176e+01
s631        ,  1.966623425207500e-01,  3.370648768211599e-01,  3.581836450532189e-02,  0.000000000000000e+00,  7.646094772022466e-02,  3.033406993371980e+01
s632        , -1.969402937452175e-01,  3.226772790185781e-01, -1.140065911048775e-01,  0.000000000000000e+00, -9.027831622747221e-02,  2.438555988824124e+01
s633        ,  2.667860134858853e+00,  1.280013194506743e+00,  1.248551374355661e+00,  0.000000000000000e+00, -7.358828577456455e-02,  8.423795038663203e+00
s634        ,  6.040142711820374e-01,  3.580398163604475e-01,  3.719599056815103e-02,  2.948960302457466e-02,  7.604739479191290e-02,  3.342676305853372e+01
s635        ,  1.911892919802316e+00,  1.086971142761449e+00,  1.380589611991549e+00,  0.000000000000000e+00, -2.158411038124406e-01,  5.295794069728316e+00
s636        , -2.071432026808114e-01, -8.240196949165370e-01,  3.082935867871359e-01,  0.000000000000000e+00, -4.389067280530184e-02,  4.136406007690312e+01
s637        , -3.698619835175476e-01, -5.188468121348437e-01,  7.137518201656559e-01,  0.000000000000000e+00, -1.874870809985156e-02,  3.711454563681746e+01
s638        ,  1.470155794820396e-01,  7.055435707594093e-01,  2.081722593192649e+00,  0.000000000000000e+00, -3.574904327047540e-02,  1.606830301496725e+01
s639        ,  1.040284966432418e-01, -8.631641028877377e-01,  2.090096473392174e-01,  0.000000000000000e+00, -1.275305927819785e-01,  3.888513953458140e+01
s640        , -7.663785491668940e-02, -7.153147993178655e-02,  4.525531998007284e-01,  3.654967281380131e-02, -4.014836083317193e-02,  3.480758346326370e+01
s641        ,  1.396787091256106e+00,  9.544438954595045e-01,  1.157008327172470e+00,  0.000000000000000e+00,  9.609840842308798e-02,  1.982827503206828e+01
s642        ,  1.137451761223006e+00,  7.247269794221267e-01,  1.105160831959238e+00,  0.000000000000000e+00, -1.913419193284704e-02,  1.869227930076918e+01
s643        ,  6.186651151125386e-02, -1.629510486572712e-01,  4.013422687193348e-03,  3.002469135802469e-02, -1.764294493201917e-01,  3.106343469765278e+01
s644        , -1.171820789178678e+00, -1.139484307604723e+00,  2.651322676542280e-01,  0.000000000000000e+00, -2.011571696103608e-01,  3.977767794012966e+01
s645        ,  4.823756822475945e-01,  6.490396224237971e-02,  1.883683322859778e-01,  2.965561224489796e-02,  3.099546886284429e-02,  3.546972830389200e+01
s646        ,  8.205150420430785e-01,  1.391612263291752e+00,  5.666418625813164e-01,  0.000000000000000e+00,  2.428213352460240e-02,  1.223438207039557e+01
s647        ,  3.518506790799084e-01,  2.057723852517026e-01, -3.129132179693017e-02,  0.000000000000000e+00, -2.866720362003687e-02,  2.824123649125524e+01
s648        ,  4.210663223398269e-02,  6.102742851799625e-01,  2.272361092891852e+00,  0.000000000000000e+00, -3.578949404246090e-02,  1.696930650229603e+01
s649        ,  5.870347574891154e-01,  1.547976934260079e+00,  7.455478946591837e-01,  0.000000000000000e+00,  1.147099497843326e-01,  1.314435777424016e+01
s650        , -7.940906852652418e-01, -1.202078274056801e+00,  4.672734200858527e-01,  0.000000000000000e+00, -1.746720400844113e-01,  4.122559394091751e+01
s651        ,  1.648126188438620e+00,  1.009403737167676e+00,  2.245593767112288e+00,  0.000000000000000e+00,  2.169053241636570e-02,  1.365132080120838e+01
s652        ,  2.998843396621518e+00,  1.238495882476677e+00,  1.037400304471262e+00,  0.000000000000000e+00, -9.996219649293092e-03,  1.197145018374903e+01
s653        ,  4.493206753989470e-01,  4.771027796121214e-01,  1.351556865432553e+00,  0.000000000000000e+00,  6.179649751597599e-02,  2.476425722633481e+01
s654        ,  8.907143716152748e-01,  1.046149324089309e-01,  1.268988782005817e+00,  0.000000000000000e+00, -4.028950458435981e-02,  2.622099497497819e+01
s655        ,  3.986925365877028e-01,  5.392850287585484e-01,  5.988331383385007e-01,  0.000000000000000e+00,  1.156769062128820e-01,  2.771970027423631e+01
s656        ,  8.200524881394200e-01,  8.403569161789952e-01,  2.211012173982351e-01,  0.000000000000000e+00,  1.777873281729086e-01,  2.676999408515110e+01
s657        ,  2.253026077099693e-01, -1.046018989218007e-01,  1.019229453599094e-01,  0.000000000000000e+00, -1.442178360240985e-02,  3.285909544209117e+01
s658        , -2.085098433395276e+00, -2.054943299062555e+00,  4.822620820417145e+00,  0.000000000000000e+00,  2.026375543901823e-02,  5.080596545890455e+01
s659        , -3.565026754081164e-01, -3.670196137630275e-01,  2.948449920145837e-01,  0.000000000000000e+00,  3.972538533492541e-02,  3.821893914310534e+01
s660        ,  9.769972243844465e-01,  4.269817696109963e-01, -2.276891654470033e-01,  0.000000000000000e+00, -1.049870040778287e-01,  2.260571901064734e+01
s661        ,  7.549182821078514e-01,  1.476255433856679e+00,  4.258671514224174e-01,  0.000000000000000e+00,  8.964925205723728e-03,  1.076995265484510e+01
s662        , -2.199791631405239e+00, -1.852663402837203e+00,  4.866923499549894e+00,  3.864734299516908e-02,  1.603053632992860e-02,  5.215682114187693e+01
s663        ,  6.537369904412299e-01,  1.039374300907773e+00,  6.088592398434020e-01,  0.000000000000000e+00,  1.253760845711346e-01,  2.103435042309898e+01
s664        , -1.032617581813699e+00, -1.358527385791788e+00,  2.587285053987461e+00,  0.000000000000000e+00, -2.360916919421675e-02,  4.443560864731599e+01
s665        , -1.725197455699346e-01,  9.232723345162372e-01,  1.022180074801412e-01,  8.004326663061115e-02,  7.231408423197438e-02,  3.101552996914905e+01
s666        , -9.556704567146264e-01, -4.562644022426157e-01,  2.557915393807695e-01,  0.000000000000000e+00,  1.276343903170570e-02,  3.851478430565660e+01
s667        , -1.074909955617834e+00, -6.952630765898071e-02,  3.322376660972277e-01,  0.000000000000000e+00,  5.529169759936989e-02,  3.455129506669839e+01
s668        ,  8.157451056201823e-01,  6.523115746162764e-01,  2.210455482298550e+00,  0.000000000000000e+00, -1.165598861969183e-01,  1.337332311881658e+01
s669        ,  8.201013628253863e-01,  4.755535634207353e-01, -3.018421964515733e-01,  0.000000000000000e+00, -1.087560068720989e-01,  2.194570836184442e+01
s670        , -8.377594254676490e-01, -4.002432124799120e-01,  1.560561358993410e+00,  1.037104440799320e-01, -1.912088324036913e-02,  4.546492358208338e+01
s671        , -5.700208727194026e-01, -8.422123082396871e-02,  1.491994835586787e-01,  0.000000000000000e+00, -7.030682739325933e-02,  3.028626760703833e+01
s672        , -7.390594172975108e-01, -5.124043516270937e-02,  1.718629149171217e-01,  0.000000000000000e+00, -1.350943788538911e-02,  3.198251816810424e+01
s673        ,  5.527317739358688e-01,  1.420605453464825e-01,  1.516406038641443e-01,  0.000000000000000e+00,  4.994629477158286e-02,  3.177987826635615e+01
s674        , -1.509604783948018e-01, -7.349710309322921e-02,  4.748597524960133e-01,  6.410109658661661e-02, -7.107437123793361e-02,  3.676244768548357e+01
s675        , -7.328015214360989e-01, -5.611368948370283e-01,  1.826923397152058e+00,  4.039256198347107e-02,  4.454360133148978e-02,  4.228154276593953e+01
s676        ,  2.481079887957650e-01, -7.813822994151298e-02, -5.243775076831988e-02,  2.487540049839801e-02, -1.808604825778977e-01,  2.923176044995235e+01
s677        , -1.497784796529649e+00, -1.194528003530277e+00,  1.265695739887639e+00,  2.389053254437870e-02, -1.166410147491730e-01,  4.430346403394271e+01
s678        , -6.955981656855925e-02,  1.295913216325681e-01,  8.287548369072788e-03,  0.000000000000000e+00,  3.912719995245525e-02,  3.186374182510759e+01
s679        ,  6.295281558129772e-01,  4.783536457997601e-01,  5.730925618967825e-02,  5.485051997933559e-02,  1.654438386073312e-02,  3.229886860740910e+01
s680        , -5.120635862296855e-01,  1.425978258331924e-01,  1.169002166614704e+00,  1.083256832144623e-01,  4.991653128218571e-02,  4.194656770477575e+01
s681        , -4.577628444983341e-01, -5.231235439682851e-01,  1.875241526954095e-02,  0.000000000000000e+00,  1.101292108715757e-02,  3.993316820844231e+01
s682        ,  1.425186289801849e+00,  1.194865587352640e-01, -9.061987269644876e-03,  2.663758344900522e-02,  2.506771869852098e-04,  3.360910466223793e+01
s683        , -8.653733268557260e-01, -1.498654402816004e-01,  1.754052370525104e+00,  0.000000000000000e+00, -9.976313732947839e-02,  2.637058321337333e+01
s684        ,  6.149991181690390e-01,  1.297438763184126e+00,  2.039427342224459e+00,  0.000000000000000e+00,  9.371772800784273e-02,  1.287675953455474e+01
s685        ,  1.739338045322250e+00,  5.616271386641554e-01, -1.181147749688903e-01,  0.000000000000000e+00,  1.775271602200792e-01,  3.146418029176552e+01
s686        ,  9.590771410105176e-01, -1.132044590648764e-01,  1.088418290740564e-01,  0.000000000000000e+00,  6.504740385682689e-03,  3.377952846542106e+01
s687        ,  5.412604899045221e-01,  6.491394358949667e-01,  2.062333080413980e+00,  0.000000000000000e+00, -9.593338915043365e-02,  1.456232089639058e+01
s688        , -1.405336687520458e+00, -4.593823840343050e-01, -2.229937170430092e-01,  0.000000000000000e+00, -2.253013701036152e-02,  3.828526120057266e+01
s689        ,  3.354058241185732e-01,  5.175997818900686e-01, -8.408247853008320e-02,  9.070294784580497e-03,  4.895574899154283e-02,  2.804485018873236e+01
s690        , -6.091694712828630e-01, -1.301960623824169e+00, -1.435058047577700e-01,  0.000000000000000e+00, -3.157250248198191e-01,  3.854184467284755e+01
s691        , -6.034950511663356e-01, -9.148848615573653e-01,  1.293625056518356e+00,  0.000000000000000e+00,  8.881858426882733e-02,  4.554632977825765e+01
s692        , -9.120972373870817e-01, -7.438356821886720e-01,  1.554734168206877e+00,  0.000000000000000e+00,  3.171348633091153e-02,  4.031293415340770e+01
s693        , -4.067329829645623e-01, -2.983910652254567e-01,  4.562528078307749e-01,  2.882347803301598e-02, -6.875070454550516e-02,  3.598577902932919e+01
s694        , -7.579589601320627e-01,  8.434208071121336e-01,  1.673959831818251e+00,  0.000000000000000e+00, -2.795012517810708e-02,  1.536926047184164e+01
s695        ,  1.455973696410247e+00,  8.339226960608737e-01,  1.630776014152398e+00,  0.000000000000000e+00,  6.334881749311144e-02,  1.915910936292841e+01
s696        , -6.516257166940767e-01,  3.032439070241855e-01,  1.182176310974124e+00,  0.000000000000000e+00, -6.764830191016907e-02,  2.255863906820587e+01
s697        ,  7.238448013551266e-01,  5.127053742180392e-01,  2.735772598020154e-01,  7.074202229911572e-02,  2.488638735632659e-02,  3.347881020464122e+01
s698        ,  1.662019888207613e+00,  8.759339565730642e-01,  1.358272070276618e+00,  0.000000000000000e+00,  7.814300926253259e-02,  1.977097629517628e+01
s699        , -1.247862087380916e+00, -8.557913292882016e-01,  1.421628065111162e+00,  1.940271693315460e-02, -8.458484680255451e-04,  4.316862889122701e+01
s700        , -1.114444246482743e+00, -1.114670764645409e+00,  1.059499473755086e+00,  0.000000000000000e+00, -8.576109334595017e-02,  4.209631935976694e+01
s701        , -4.217745973052512e-01, -8.579989623279110e-01,  2.225021687807957e-01,  0.000000000000000e+00, -2.238739438451354e-02,  4.287750663717705e+01
s702        , -8.481384521188839e-01, -4.083764649030583e-01,  2.633377518298277e-01,  0.000000000000000e+00, -1.005662553194024e-02,  3.693425360428262e+01
s703        , -9.416435374285391e-01, -1.410020620640562e-01,  1.605478098371824e+00,  0.000000000000000e+00, -1.421604696545801e-01,  2.493593261079948e+01
s704        ,  9.487448855648490e-01,  7.965525490924188e-01,  5.935735661259822e-02,  8.476898542260955e-02,  3.901247154933281e-02,  3.214673413009942e+01
s705        , -2.365138337942842e-01, -3.889604180851642e-01,  2.792780350207527e-01,  0.000000000000000e+00, -9.570348054525341e-02,  3.328765271546474e+01
s706        ,  5.583280652770263e-01,  8.268185631402181e-01,  1.226998843173449e+00,  4.422513871542352e-03,  9.734618093049419e-02,  2.202351950222319e+01
s707        ,  9.205089121966433e-01,  4.491562298919032e-01,  5.887669521203680e-02,  9.205895956081964e-02, -7.784605868878840e-02,  3.332817001774765e+01
s708        ,  1.060945132046508e+00, -3.384580829862651e-01,  1.281212806314844e-02,  0.000000000000000e+00, -1.359037624381719e-01,  3.162364198959238e+01
s709        ,  1.331106470481227e+00,  5.010583256385202e-01, -1.113887708976727e-02,  4.156486287209588e-02,  7.439128702004763e-02,  3.285525332385180e+01
s710        ,  1.914467968020750e-01,  6.626409895827337e-01,  6.013749747578613e-01,  0.000000000000000e+00, -1.342583429340363e-01,  1.624040782183722e+01
s711        , -7.721035544159953e-02,  6.591360804148421e-01,  2.255326692793258e+00,  0.000000000000000e+00, -2.573077360213555e-02,  1.671249566465145e+01
s712        , -1.414340169349908e+00, -8.023530510688426e-01,  1.557481332844302e+00,  4.186622855869904e-02, -8.959759139976251e-03,  4.438313680521716e+01
s713        ,  5.574707555573186e-01,  3.063311195973899e-01, -4.964712168132600e-02,  0.000000000000000e+00,  6.166606028203234e-02,  3.038698900934445e+01
s714        , -1.685969281548289e+00, -1.473766880627038e+00,  4.581320186594273e+00,  5.761316872427983e-02,  1.385954370711880e-02,  4.958663947508119e+01
s715        , -2.519985050786606e-01, -2.560922361765599e-01,  3.215402135148881e-01,  0.000000000000000e+00,  5.135135634164528e-02,  3.704883176459045e+01
s716        , -1.286737305127487e+00, -1.120137746891795e+00,  2.580400933541103e+00,  0.000000000000000e+00,  2.731560861640436e-02,  4.307935875564701e+01
s717        ,  3.452976089232733e-01, -6.756289848406549e-02, -1.098194548398488e-01,  0.000000000000000e+00,  2.301237639119080e-02,  3.428316545987204e+01
s718        ,  1.123110480867275e+00,  6.058478218479053e-01,  1.826342669962090e+00,  0.000000000000000e+00,  1.468025503182535e-02,  2.002394785993065e+01
s719        ,  6.888993521047061e-01,  8.298629397043737e-01,  1.938275089049475e+00,  0.000000000000000e+00,  7.932748368371173e-02,  1.913129282937197e+01
s720        ,  7.093644696892669e-01,  5.941705934592059e-01,  3.116488390283371e+00,  0.000000000000000e+00, -2.918485291327116e-02,  1.551123960662969e+01
s721        , -7.747236109533535e-01, -4.542773151638864e-01,  1.017910438758430e+00,  7.561436672967864e-02, -5.437763183954857e-02,  4.285431044359299e+01
s722        ,  3.328206388143558e-02,  3.428825184331348e-01,  2.080359321925585e+00,  0.000000000000000e+00, -5.512854730744560e-02,  2.042191832263144e+01
s723        ,  9.358910152584168e-02,  1.475886336835608e-01, -9.871465185437248e-02,  3.119792177237526e-02, -2.386862260207993e-01,  2.463825874682500e+01
s724        , -2.029371048190847e-01,  9.742297034073686e-01,  8.388331285952341e-01,  1.237593128882949e-02,  3.963284121011623e-02,  1.951192096900604e+01
s725        , -2.472238890656029e-01, -5.663256459828023e-01, -2.240901452872499e-01,  0.000000000000000e+00, -4.285490511137185e-02,  3.900150242032322e+01
s726        , -1.287360963264701e+00, -1.396048127350050e+00,  1.547546324129056e+00,  0.000000000000000e+00, -1.040250369071184e-01,  4.422312262517926e+01
s727        ,  1.020824855481523e+00, -2.712324420935595e-01,  9.677334946968119e-02,  0.000000000000000e+00, -8.765914573305814e-02,  3.236357952817370e+01
s728        ,  1.643163575608417e-01,  8.859258400624002e-01,  1.980295922657854e-01,  0.000000000000000e+00,  9.265869917677638e-02,  2.286516209933783e+01
s729        , -1.007289241750789e+00, -3.828879485019510e-01, -1.147191828403935e-01,  0.000000000000000e+00, -2.096232126755326e-02,  3.702036311411828e+01
s730        , -4.777207265671770e-02, -6.263160618096997e-02,  1.208412179417261e-01,  2.424697766546001e-02,  1.163039598052007e-02,  3.604116843973009e+01
s731        , -1.404307349772385e+00, -8.026619024621975e-01,  3.832899348959465e-01,  0.000000000000000e+00, -9.927937902158010e-02,  3.873303804661676e+01
s732        , -8.950540078294739e-01, -5.484811972700876e-01,  5.798710705315890e-01,  0.000000000000000e+00,  5.223251938860757e-02,  4.060500472739579e+01
s733        ,  7.802433523350311e-01,  3.517690542918113e-01,  8.192653639169132e-01,  0.000000000000000e+00, -3.371634819941982e-02,  2.403236370199127e+01
s734        , -3.943979845876157e-01, -7.818433154772970e-01,  8.621201306446523e-03,  1.257887517146776e-02, -1.089073422349684e-01,  4.038024585549869e+01
s735        ,  2.101468865327815e-01,  5.171972621449248e-01, -2.651041325211701e-01,  0.000000000000000e+00, -7.104177701950919e-02,  2.274418990562615e+01
s736        , -9.765048604112493e-01, -5.162726700232989e-01, -1.599347782775645e-01,  0.000000000000000e+00, -6.018474021962622e-03,  3.958432463656658e+01
s737        ,  1.458335451821299e-01,  3.767054390451112e-01,  5.340243395088489e-01,  0.000000000000000e+00, -1.138936889585803e-01,  2.121405126914892e+01
s738        , -6.859666936017034e-01, -5.807387835501054e-01,  1.250137141689355e+00,  6.874906387440258e-02, -2.345077641933488e-02,  4.451193660453173e+01
s739        , -4.324785166901873e-01, -3.034846194949168e-01,  4.039266844214682e-02,  0.000000000000000e+00, -7.818615555531561e-02,  3.331637694508292e+01
s740        , -8.464136206988212e-01, -5.685397463102011e-01,  3.237841301657340e-01,  0.000000000000000e+00,  4.056895687401724e-03,  3.959975493069356e+01
s741        ,  7.826811446288888e-01,  8.559367289288788e-01, -4.987044291454168e-02,  7.495069033530573e-02,  2.429604478934344e-02,  2.985430611737725e+01
s742        , -1.076711651730049e+00, -7.590078201418620e-01,  9.032747806039872e-01,  0.000000000000000e+00, -3.521889531402905e-02,  3.941780476612429e+01
s743        ,  1.126163901269626e+00, -1.197960108602514e-01,  1.957267631692875e+00,  1.294260204081633e-01,  3.446390940922971e-02,  4.566288987970952e+01
s744        ,  4.575225784544250e-01,  3.090234473665405e-01, -5.699220868624638e-02,  2.551775147928994e-02, -6.197193485500085e-02,  2.849769356609713e+01
s745        ,  6.120442964942220e-02,  1.205190608273812e+00,  1.564995038537317e-01,  6.037918125830215e-03, -3.472416647469451e-02,  1.420127555446011e+01
s746        , -7.321682226189938e-01, -8.571226025040302e-01,  9.651783692250491e-01,  0.000000000000000e+00, -1.057881537228040e-01,  3.790741458269393e+01
s747        ,  3.433900501625798e-01,  1.270667269004431e-01, -3.139891235456964e-01,  0.000000000000000e+00, -1.864714338133079e-01,  2.385196679263523e+01
s748        ,  1.070072189769298e+00,  6.541148018427112e-01, -1.086245067278238e-01,  4.787100025195263e-02, -1.851022984091828e-02,  2.803424378712818e+01
s749        , -3.065637698166305e-01,  4.483953522839004e-01,  2.914044819780105e-01,  0.000000000000000e+00, -1.183927516425426e-01,  2.058773703151721e+01
s750        ,  5.825873454256546e-01, -4.713493891398826e-01, -1.554955832269156e-02,  0.000000000000000e+00, -2.339535923217925e-01,  2.973992346865919e+01
s751        ,  1.285276821036511e+00,  3.714177474769373e-01, -5.951313779325850e-01,  0.000000000000000e+00,  1.657658603880261e-01,  3.478117711828100e+01
s752        , -1.346601886455474e+00, -1.021623065394771e+00,  1.196139870846001e+00,  0.000000000000000e+00,  1.867918698748000e-03,  4.388586186792114e+01
s753        ,  1.060914810725354e+00,  8.300272575772096e-01,  8.671161005866723e-01,  0.000000000000000e+00,  1.162158959317366e-01,  2.303046242518845e+01
s754        , -2.988071870667106e-01,  2.023682926427366e-01,  6.578505930789986e-01,  1.220930232558139e-01, -1.437758089650253e-02,  4.136708051469575e+01
s755        ,  3.446486458262937e-01,  5.744862381562643e-01,  1.909504137415391e+00,  0.000000000000000e+00, -2.988374639354485e-02,  1.853801556944768e+01
s756        ,  7.815527627219405e-01,  8.887370569246613e-01,  2.394838772508524e-01,  1.563842584636536e-01,  2.452565814644149e-02,  3.814468657730310e+01
s757        , -1.199593062238569e-01, -4.219746912880917e-01,  1.680808474169079e-01,  0.000000000000000e+00,  2.226427874258238e-02,  3.860398610816332e+01
s758        , -4.537603905509296e-01, -2.883513821862138e-01,  1.121707173730533e-01,  0.000000000000000e+00,  2.912123580269314e-02,  3.711863052711489e+01
s759        ,  8.887536211540953e-01, -1.145422670610654e-01,  8.130635436524733e-02,  0.000000000000000e+00, -2.521579278010811e-01,  2.378484505992938e+01
s760        , -2.895515595576988e-01, -1.117453772970034e-02,  1.636797566614011e-01,  0.000000000000000e+00, -8.104424855742157e-02,  2.880631510103884e+01
s761        ,  1.508586595387194e+00,  9.556405643076498e-01,  6.180264570639337e-01,  0.000000000000000e+00,  1.721843324258923e-01,  2.401557868199961e+01
s762        , -1.358921391484776e+00, -1.733394909052044e+00,  3.410597295065014e+00,  0.000000000000000e+00,  2.048543846861693e-02,  4.953654133436423e+01
s763        ,  6.364126482871526e-01,  5.289962427862620e-01,  7.132904910747528e-02,  1.239409722222222e-01, -7.230710682839221e-02,  3.607501113182879e+01
s764        , -9.313282224456001e-01, -3.155213530182444e-01,  1.518248046825817e-01,  0.000000000000000e+00, -3.623132186048111e-02,  3.486391501110969e+01
s765        ,  1.388135281387673e-01,  6.607721955483998e-01,  2.318877136162213e-02,  6.485260770975057e-02,  4.388791060220962e-02,  3.203021054811562e+01
s766        , -5.439787958329916e-01, -5.373421223908261e-01,  2.010076616857240e-02,  0.000000000000000e+00, -9.018420870344628e-02,  3.618783831129451e+01
s767        , -9.653950427427375e-02, -7.150086664666777e-01, -1.320548360964986e-02,  0.000000000000000e+00, -2.562662874867207e-01,  3.229546032648079e+01
s768        ,  5.676322320535289e-02,  5.551089641676750e-01,  1.474712184838425e+00,  0.000000000000000e+00,  7.891301498576697e-03,  2.128274772475666e+01
s769        ,  2.392616163662374e+00,  1.376807772312847e+00, -4.063875642865066e-01,  0.000000000000000e+00, -2.613314138260250e-02,  1.271737485716018e+01
s770        ,  2.218993464697082e+00,  5.275192927032002e-01,  2.722339747039431e-02,  4.466128729592794e-02,  5.603483128005221e-02,  3.203712324534244e+01
s771        , -1.301691995085942e+00, -9.768948312721686e-01,  7.180244762940605e-01,  0.000000000000000e+00, -1.504721196114824e-01,  3.842138489027696e+01
s772        ,  5.381680992613423e-01,  2.969547683156764e-01,  1.481446720825069e-01,  4.595137731594941e-02, -1.563861399585034e-02,  3.236158994143075e+01
s773        ,  3.401653127948082e-01,  8.177803287167504e-01,  2.410688264613678e+00,  0.000000000000000e+00, -7.845026939402533e-03,  1.481848616158378e+01
s774        ,  1.961582265617426e+00,  7.834892519593073e-01,  1.666471334702408e+00,  0.000000000000000e+00,  1.565767054140571e-02,  1.792904495958561e+01
s775        ,  1.370640331855435e-01, -4.521833742767913e-01,  1.290337227013235e-01,  0.000000000000000e+00, -1.411859591670939e-01,  3.275146905061495e+01
s776        , -1.362945069319552e+00, -4.218574406204714e-01,  4.399146426065607e-01,  0.000000000000000e+00, -2.102729500040965e-03,  3.702765209147171e+01
s777        , -3.352331847361073e-01, -4.378639617325915e-01, -1.352146760853364e-02,  0.000000000000000e+00, -2.588394061307983e-01,  2.829436682594750e+01
s778        ,  1.725306869739156e-02,  6.413803351482406e-02,  3.982765669991207e-01,  3.144944065616734e-02,  1.848138474189839e-03,  3.406932949460161e+01
s779        ,  1.449489553403749e+00,  1.937854094759235e-01,  5.500899850666046e-01,  0.000000000000000e+00,  4.031206718971525e-02,  2.975967495421990e+01
s780        ,  4.890100260675969e-01,  6.959285798567998e-01,  1.042568471963164e-01,  1.022455278407659e-01,  5.307661016109570e-02,  3.602715430544675e+01
s781        , -1.480324044989625e+00, -9.488632637628198e-01,  9.639239082243777e-01,  0.000000000000000e+00, -9.663091361182098e-02,  3.955854794104892e+01
s782        ,  4.189986042737073e-03, -4.694884936078925e-02, -4.905593355822835e-02,  0.000000000000000e+00, -8.298484723174621e-02,  2.972377442295038e+01
s783        , -6.272127818216120e-01,  2.022514313515165e-01,  1.913679123016530e+00,  0.000000000000000e+00, -8.720164578671052e-02,  2.153567872309308e+01
s784        , -7.567615030290812e-01, -3.225728543137625e-01, -5.896402620926210e-02,  0.000000000000000e+00, -1.350330098105295e-01,  3.159907024472767e+01
s785        , -5.703210531845893e-01, -5.438459149035690e-01,  2.388992601488529e-01,  0.000000000000000e+00, -1.356433132484111e-01,  3.400503467137109e+01
s786        , -8.599325133308396e-02, -1.236233172525369e-01, -6.239139704935987e-02,  0.000000000000000e+00, -7.940301011555413e-02,  3.097339992594433e+01
s787        ,  2.785466688170735e-01, -2.292241968154065e-01,  1.746735110395757e-01,  0.000000000000000e+00,  7.184904666330338e-02,  3.780702400614640e+01
s788        , -2.115784691919650e-01, -1.400335657669394e-01,  5.462705199561392e-02,  0.000000000000000e+00, -4.596350121537940e-02,  3.223791865533096e+01
s789        ,  5.205927430670391e-01,  1.355623364595474e+00,  1.444179705846792e+00,  0.000000000000000e+00, -1.242590740365360e-01,  4.935283087125118e+00
s790        ,  2.374718073624741e-01,  1.547176076969904e+00,  1.167813973645921e+00,  0.000000000000000e+00,  7.626059117492889e-02,  1.068623720697680e+01
s791        , -1.870737338196531e-01, -6.019909943995208e-01,  5.291308499212324e-01,  0.000000000000000e+00, -3.318656103741638e-02,  3.814732116338205e+01
s792        ,  3.003547556082288e-01,  4.139944937838751e-01,  1.602187042730560e+00,  0.000000000000000e+00,  1.053540447914725e-03,  2.270966199778405e+01
s793        , -5.143092658197446e-01, -9.680949004122310e-01, -2.049342483523055e-02,  0.000000000000000e+00, -2.058330099350489e-01,  3.783987373104652e+01
s794        , -1.010636071412045e+00, -3.467407313097461e-01, -1.329985099884849e-02,  0.000000000000000e+00, -1.356087542524108e-01,  3.181181142403490e+01
s795        ,  7.888417803219110e-01,  2.475697062683859e-01, -4.714676918206004e-02,  0.000000000000000e+00,  3.611815820795163e-02,  3.021318184922348e+01
s796        , -5.465110200553928e-01, -4.700302182188980e-01,  9.344597767432798e-01,  0.000000000000000e+00,  2.787104820821926e-02,  3.773572955355306e+01
s797        , -1.192872691111335e+00, -2.960090910874689e-01, -2.107816298265799e-01,  1.676968556839559e-02, -2.465940809863879e-01,  2.916583272299225e+01
s798        , -5.479719952294668e-01,  3.846533915778427e-01,  7.885973800222207e-01,  1.251056635672020e-01,  4.980352101699517e-02,  4.134852881062584e+01
s799        , -1.767142590180783e+00,  7.424384945971996e-02,  2.759087466630538e+00,  0.000000000000000e+00, -1.830464749443865e-01,  1.765883951450000e+01
s800        ,  8.963412972756590e-01,  1.083721811683462e+00, -2.335684330230276e-01,  0.000000000000000e+00, -1.293049309432859e-01,  1.242644615087391e+01
s801        , -1.947046181282547e-01,  9.144999428506566e-01,  5.273168108299364e-02,  0.000000000000000e+00,  6.534374061138742e-03,  1.944199358757249e+01
s802        ,  1.600748538223649e+00,  1.166107210093418e+00,  1.347923930376359e+00,  0.000000000000000e+00,  1.591037805583010e-01,  1.886382757394381e+01
s803        ,  6.740572620180488e-01,  1.269848867325150e+00,  6.646307313515183e-01,  0.000000000000000e+00,  1.098681865456471e-01,  1.705732102877200e+01
s804        , -1.928070676221089e+00, -1.365459915802070e+00,  2.655867324310578e+00,  0.000000000000000e+00,  5.564019824600298e-02,  4.746277916221369e+01
s805        , -3.708716392635017e-01, -3.741505605221618e-01,  9.931784485842123e-01,  0.000000000000000e+00, -1.696012995009674e-01,  2.855782359444607e+01
s806        ,  7.676901054132433e-01,  6.100864176863778e-01,  4.376615409938347e-01,  0.000000000000000e+00,  1.110307211953061e-01,  2.691277609741106e+01
s807        , -3.131290990966100e-01,  4.744179696498350e-01, -7.366031515957405e-01,  0.000000000000000e+00,  5.287843028087430e-02,  2.925882708929952e+01
s808        ,  9.833675917069939e-01, -5.981289599030570e-02,  1.135509866609367e+00,  0.000000000000000e+00, -1.605481792184420e-01,  2.415787944087436e+01
s809        ,  5.790963636372375e-01,  3.952396318013429e-01,  8.441106027473541e-02,  5.395362663495838e-02,  4.788183978522990e-02,  3.452377853385833e+01
s810        ,  1.050626461500014e+00,  5.563159343626665e-01, -1.467350747996507e-01,  0.000000000000000e+00,  1.046423619607312e-01,  2.876538236359965e+01
s811        ,  5.249115464039674e-01,  1.079706177832892e+00,  1.071537783437564e+00,  0.000000000000000e+00,  1.116122788512656e-01,  1.886588549152890e+01
s812        ,  1.605931526374292e+00,  1.058563039675533e+00,  1.497856868521539e+00,  0.000000000000000e+00,  1.154955853149471e-01,  1.833399155450295e+01
s813        ,  9.497331683917801e-01,  6.151235507334818e-01,  1.105454628813613e+00,  0.000000000000000e+00, -1.926131963321237e-02,  2.022962210295428e+01
s814        , -7.865406237894391e-01, -2.787212816077895e-01, -7.291598561183110e-02,  0.000000000000000e+00, -1.759313089177249e-01,  2.942053910967683e+01
s815        , -2.660810322736745e-01, -1.387379321713533e-02, -1.273295853567408e-01,  0.000000000000000e+00, -1.643911016093914e-01,  2.626684533018096e+01
s816        , -9.674450919852262e-01, -1.469478386257590e+00,  1.672288608431908e+00,  0.000000000000000e+00, -1.029394228241197e-01,  4.501215664891254e+01
s817        ,  7.270946209036595e-01, -1.480474414241466e-01,  3.095349524918551e-01,  0.000000000000000e+00, -1.170370004073254e-01,  2.899542281919553e+01
s818        ,  6.532804155454610e-01,  4.909618325920084e-01, -2.275274193182856e-01,  0.000000000000000e+00,  1.167926588711471e-02,  2.624968416405742e+01
s819        ,  8.081292268835972e-01,  1.576239892804629e+00,  1.416798560945270e+00,  0.000000000000000e+00, -1.441094177523916e-02,  6.171906384695505e+00
s820        ,  1.390381735794342e+00,  9.382313441700916e-01,  2.312255807820784e-01,  1.493229166666667e-01,  3.974530783182985e-02,  3.724396438013256e+01
s821        ,  1.516978402347242e+00,  1.001645544234862e+00,  4.081460912953788e-01,  0.000000000000000e+00,  7.669162983056754e-02,  2.013063714974341e+01
s822        ,  3.033561593600319e-01,  4.361744576797824e-01,  6.303270869967156e-02,  1.173964497041420e-01, -1.293166679924555e-01,  3.442370839544321e+01
s823        , -8.238895392622755e-01, -5.080417726723359e-01, -5.380067702379162e-03,  0.000000000000000e+00, -8.564588949458932e-02,  3.601078011837535e+01
s824        ,  2.038981274745353e+00,  1.494265448192780e+00,  1.479686523290711e+00,  0.000000000000000e+00, -2.311817199015859e-02,  6.842025452154186e+00
s825        ,  1.320628175421427e-01,  1.995155217149258e-01, -1.077626810338587e-01,  0.000000000000000e+00, -4.834006973123949e-02,  2.773884878606513e+01
s826        ,  9.525953446348725e-01,  1.221235456686347e+00,  7.009838072832763e-01,  0.000000000000000e+00, -3.377289037327202e-03,  1.324628443737437e+01
s827        , -2.151354450670567e+00,  6.783719545239153e-02,  1.571540835971033e+00,  5.516040063869938e-03, -4.641807253586455e-02,  2.644124003256683e+01
s828        ,  8.438987064828646e-01,  1.458371762177135e-02, -2.079636785288606e-02,  0.000000000000000e+00, -1.358747943365526e-02,  3.149606935790448e+01
s829        , -1.571185202221650e+00, -8.976774076290672e-01,  5.653386411187210e-01,  0.000000000000000e+00, -9.007058932571997e-02,  4.001055915742822e+01
s830        ,  3.133543223982471e-01,  1.006535458653620e+00, -3.926689519719283e-02,  1.101354453627181e-01,  3.341244204552848e-02,  3.213024638586766e+01
s831        , -8.984804340484778e-01,  5.885944305787141e-01,  6.395442724206656e-01,  0.000000000000000e+00,  2.928482917486003e-02,  2.356624577934689e+01
s832        , -1.855362237616736e+00, -4.769186584460239e-01,  2.671539334482693e-01,  0.000000000000000e+00, -3.814570284063641e-02,  3.679611266650704e+01
s833        ,  4.948389352249701e-01,  7.170876149405723e-01, -3.214351216829804e-01,  0.000000000000000e+00,  1.552761269743869e-02,  2.343231284248592e+01
s834        ,  1.120605859544544e+00,  4.318107944983578e-01, -2.435642428965431e-01,  0.000000000000000e+00,  1.858979169486454e-01,  3.390642837098568e+01
s835        , -8.435182612795279e-01, -9.746175863574602e-01,  1.766029722160224e+00,  0.000000000000000e+00,  2.067169027272310e-02,  4.264554145859001e+01
s836        ,  1.128844146448547e+00, -5.340676223659622e-01,  1.309361302643511e+00,  3.611719661759587e-02,  1.865229054107510e-02,  4.158857388369356e+01
s837        , -1.924657877822013e+00, -1.103975355464191e+00,  1.697953483476519e+00,  1.706916030022035e-02, -2.247575429791424e-02,  4.491449782310383e+01
s838        , -1.075095206150813e+00, -1.642962598689353e+00,  1.982105146321343e+00,  0.000000000000000e+00, -1.235774298934487e-01,  4.593762969387105e+01
s839        ,  3.864893622265216e-02,  5.846522160881578e-01,  1.751296604885096e+00,  0.000000000000000e+00,  5.014165007624771e-02,  2.187648156415601e+01
s840        , -1.233908351649846e+00, -2.677360240087858e-01, -9.551053096447926e-04,  0.000000000000000e+00, -9.005125363944536e-02,  3.244600954008756e+01
s841        ,  6.618283364070194e-01,  2.425504506082006e-01,  1.436877828512357e-01,  7.567412624639135e-02, -7.396228675998927e-02,  3.429977865566723e+01
s842        , -1.380664268040651e+00, -8.565697825192382e-01,  9.799229070440855e-01,  0.000000000000000e+00,  2.364573098025124e-04,  4.199617004304341e+01
s843        ,  5.539120810708922e-02, -2.306766183667524e-01,  3.410929569462495e-01,  0.000000000000000e+00,  3.939259238172052e-03,  3.479899218412044e+01
s844        , -2.111176459361614e+00, -1.629478484043377e+00,  3.341216101723939e+00,  0.000000000000000e+00,  4.477659079082387e-02,  4.917957873439121e+01
s845        ,  1.677967143093475e-01, -2.647955451777610e-01,  4.596948373169843e-03,  0.000000000000000e+00, -1.072452416481853e-01,  3.172200476599484e+01
s846        , -1.112697847471129e-01, -4.300260963613756e-02,  1.681044791361927e+00,  0.000000000000000e+00, -6.921772063329051e-02,  2.622413588020746e+01
s847        ,  9.946887487236225e-02, -2.635467034206451e-02,  8.028692986472959e-02,  0.000000000000000e+00,  3.588133342231084e-02,  3.376701386818200e+01
s848        , -1.578942777693122e+00, -1.157128817969304e+00,  1.104061175292923e+00,  0.000000000000000e+00, -5.643088198333988e-02,  4.373414495146396e+01
s849        ,  4.886541057537146e-01,  9.813787153739866e-01, -6.511418510132207e-02,  0.000000000000000e+00,  4.255403531452318e-03,  1.868283310042010e+01
s850        , -1.729847647025637e+00, -2.162956149883167e+00,  4.983158050893188e+00,  0.000000000000000e+00, -2.335226913604091e-03,  5.107679800577571e+01
s851        , -3.749493322034730e-03, -2.928812220630261e-02,  1.811691072580069e-02,  0.000000000000000e+00,  8.169504866121527e-02,  3.573613469254209e+01
s852        , -1.822550475295671e-01, -4.432388673064196e-01,  5.527628477186283e-02,  0.000000000000000e+00, -1.191447024150905e-01,  3.365391671732296e+01
s853        , -7.026997334075608e-02,  5.096029488007519e-01,  1.907588542345777e+00,  0.000000000000000e+00,  3.693904896940170e-02,  2.205908772615966e+01
s854        ,  4.598855993128227e-01,  7.221166911528987e-01, -1.588363981377248e-01,  3.362978638222425e-02, -1.666788166832495e-02,  2.561878233836728e+01
s855        ,  1.247409464273019e-01,  8.086793401603076e-02,  8.634968831753175e-01,  0.000000000000000e+00,  3.372310667163886e-02,  3.037156003149291e+01
s856        , -7.920260931956873e-01, -6.075474397523646e-01,  6.758194642309269e-01,  2.917564501058332e-02, -7.479948211674652e-02,  3.963790001584283e+01
s857        ,  1.951476409171481e+00,  1.203584407214097e+00,  5.716497517369652e-02,  0.000000000000000e+00,  1.026023249740755e-01,  1.910470405405473e+01
s858        ,  5.125085136741685e-01,  6.269108451452960e-01,  5.674987054429199e-02,  0.000000000000000e+00,  8.796523796133782e-02,  2.665370877675836e+01
s859        , -6.666214518700430e-01, -5.869719395447524e-01,  9.502067956871568e-01,  2.913043478260870e-02, -4.749777359061486e-02,  3.977534835070013e+01
s860        ,  6.811400510310224e-02,  1.939465257203179e-01,  9.437191184944091e-01,  0.000000000000000e+00,  4.681046713528453e-02,  2.910495170233876e+01
s861        ,  1.248756919249408e-01,  5.487819068477195e-02, -2.041821796077492e-01,  0.000000000000000e+00, -1.183939791041128e-01,  2.726772052052673e+01
s862        , -4.702662470572295e-01, -1.635478480246817e-01, -9.537191464619652e-02,  0.000000000000000e+00, -1.255182568844087e-01,  2.981478825957005e+01
s863        ,  4.846741731606912e-01,  5.059055276947966e-01, -8.459456434467102e-02,  0.000000000000000e+00,  1.931813117135451e-01,  3.278134416682582e+01
s864        ,  5.444121402657593e-01, -5.275147013393815e-01, -8.319568492760562e-02,  0.000000000000000e+00, -2.144664408676393e-01,  3.144540994950429e+01
s865        ,  6.365198845674543e-01,  5.288307267333472e-01,  9.401880887337990e-01,  0.000000000000000e+00,  5.835741729845417e-02,  2.484849541873607e+01
s866        ,  4.352365441984731e-01,  8.061365118997308e-01,  2.337739610019657e+00,  0.000000000000000e+00,  1.565303648545879e-02,  1.606566429577418e+01
s867        , -5.650365137506241e-02, -3.428099329778096e-01,  9.270705457443754e-01,  9.342532685441220e-03, -3.529865215803450e-02,  3.458025916975959e+01
s868        , -2.338433808137944e+00, -1.906015737076987e+00,  4.862801529174359e+00,  3.320000000000000e-02,  6.511391965495328e-03,  5.191715280338978e+01
s869        , -2.347184475558825e-01, -1.154130911371003e-01,  1.003333957927250e-01,  4.403277931671283e-02, -1.100290980174557e-01,  3.437790682628265e+01
s870        , -8.212819619769498e-01, -2.272666256161271e-02, -1.966870358856793e-02,  0.000000000000000e+00,  6.775274868548448e-02,  3.518753879635634e+01
s871        , -1.570593293706644e-01, -6.973364507864139e-01, -1.327221948762215e-01,  1.844085451710094e-02, -3.110449861291515e-01,  3.231827286988581e+01
s872        ,  5.284306454202828e-01,  8.616525904445282e-03,  2.373340548642361e+00,  0.000000000000000e+00, -4.777057881635743e-02,  2.474022724316691e+01
s873        ,  9.554554102193652e-01,  4.964654299304208e-01, -2.454677874469468e-01,  0.000000000000000e+00, -9.367576314971109e-02,  2.210910576735101e+01
s874        ,  1.539965674145509e+00,  7.466529551964973e-01,  2.896059040327180e+00,  0.000000000000000e+00, -4.797572831358066e-03,  1.482183639650369e+01
s875        ,  6.472677808586434e-01,  1.135326126276349e+00,  5.368751186771205e-01,  0.000000000000000e+00,  5.885469314580291e-02,  1.725766469866007e+01
s876        ,  7.990955642461934e-01,  9.237620523502342e-01,  2.138656173075137e+00,  0.000000000000000e+00, -9.103748042557042e-02,  1.071138543910796e+01
s877        ,  2.414774484401117e-01,  1.060061644318252e+00,  8.837710886106662e-01,  0.000000000000000e+00,  4.543206018296231e-02,  1.699620872400250e+01
s878        , -5.588324756467096e-01, -9.191772035210821e-01,  5.821234843757846e-01,  0.000000000000000e+00, -3.909328970698608e-02,  4.226056295253461e+01
s879        , -1.108097718569436e+00, -1.182392769144165e+00,  1.793752010714176e+00,  0.000000000000000e+00,  6.517392080136200e-03,  4.495535443433560e+01
s880        , -7.450297483445957e-01, -5.252700689725374e-01,  4.057981010341323e-01,  0.000000000000000e+00, -8.766524297972936e-03,  3.830235701351438e+01
s881        , -1.759050067534673e+00,  1.852312957519953e-02,  2.645832924233263e+00,  0.000000000000000e+00, -1.794742616226935e-01,  1.884299055252598e+01
s882        , -6.605379692241985e-01, -9.984180590380094e-01,  1.099157912643620e+00,  0.000000000000000e+00, -6.699316849280576e-02,  4.109965209323709e+01
s883        ,  3.815578964726026e-01, -6.068527070404084e-02,  7.884680151845749e-02,  0.000000000000000e+00,  7.615892756855780e-02,  3.582274219476535e+01
s884        , -4.051889851605022e-01, -3.686969088512497e-01,  3.525224090775295e-01,  7.466918714555766e-03, -1.601546213687055e-02,  3.680106067531890e+01
s885        ,  2.841270750996222e-02,  7.548445517052338e-02,  2.252439005019298e-03,  0.000000000000000e+00,  4.787120740898433e-02,  3.297997569311644e+01
s886        , -1.487878849688012e+00, -1.433155335926090e+00,  2.052187602441004e+00,  0.000000000000000e+00, -8.493652190072189e-02,  4.432813024250603e+01
s887        ,  4.820147860437528e-01,  8.309894051029110e-02,  1.817519308457910e-01,  4.113710967090312e-02, -1.656939892128063e-02,  3.470237660393440e+01
s888        ,  7.081092310596756e-01,  5.352215768404711e-01,  1.142295925099294e+00,  9.126301493888638e-03,  5.010513546142015e-02,  2.502651179263098e+01
s889        , -9.770534507358716e-01, -1.337642292116401e+00,  2.093990753802151e+00,  0.000000000000000e+00, -1.337795677559300e-02,  4.567509145449668e+01
s890        , -4.782598098188896e-02,  1.268963671998166e+00,  3.701109739255003e-02,  0.000000000000000e+00,  9.514784467057780e-03,  1.460421412548382e+01
s891        , -3.221184210883460e-01, -9.079092713225463e-01,  2.011619205400274e-02,  9.248249438499142e-03, -1.279158297204274e-01,  4.100317871620356e+01
s892        , -9.718981396026354e-01, -4.139931349858244e-01, -8.457594029980636e-02,  0.000000000000000e+00, -7.839659960674911e-02,  3.515140497090012e+01
s893        ,  2.164744347352420e+00,  2.298395100761241e-01,  2.639527662159366e-04,  7.479283510256360e-02, -1.693055889904881e-01,  3.099252560011886e+01
s894        ,  2.108977331308746e-01,  3.917929515255345e-01,  3.563223794187144e-01,  5.752332863047945e-02,  1.721310617718637e-02,  3.316438489215623e+01
s895        , -7.726754766108116e-01, -6.899469788203265e-01,  2.043438452488709e-01,  0.000000000000000e+00, -3.182772247456131e-02,  4.018571470881886e+01
s896        ,  2.280269149131176e+00, -6.276322337697970e-02,  1.696998976299928e+00,  0.000000000000000e+00, -1.137153516456132e-01,  2.473209632385911e+01
s897        ,  1.732742671810001e+00,  3.485458645964488e-01, -9.027653387071839e-02,  0.000000000000000e+00,  1.985909700174742e-01,  3.522043606907997e+01
s898        , -1.952924930899203e-01, -4.026077321676427e-01,  1.128920064306971e-01,  3.632411722448378e-02, -1.420493167867011e-01,  3.625397701134123e+01
s899        , -1.243124507856434e+00, -8.375442744705341e-01,  8.039764676656250e-01,  0.000000000000000e+00,  7.053569657387293e-03,  4.239870895309536e+01
s900        , -1.127987025274472e+00, -1.168308764356672e+00,  9.495184530876578e-01,  0.000000000000000e+00, -1.054275419884544e-01,  4.233829736726306e+01
s901        ,  2.222405771151903e+00,  1.308110384545925e+00,  8.461548426478888e-01,  0.000000000000000e+00,  1.054128968204965e-01,  1.592748721828917e+01
s902        , -1.852329248500361e+00, -1.210550069192379e+00,  2.447869583274495e+00,  1.593522685117982e-02, -1.113085428257589e-03,  4.539073223740017e+01
s903        ,  1.566870488248132e+00,  8.166793340430434e-01,  2.221601641592695e+00,  0.000000000000000e+00,  7.486001002154624e-02,  1.849100129563225e+01
s904        , -1.387739856871698e+00, -5.261736269449502e-02,  2.461829308989259e+00,  0.000000000000000e+00, -1.249395218936669e-01,  2.239236474439786e+01
s905        ,  1.121219821885003e+00,  4.802003987355716e-01,  5.149170978716642e-01,  1.161271592393671e-03,  8.223543133007069e-02,  2.757592019261703e+01
s906        , -9.933730759278802e-01, -1.524539293677086e+00,  2.790076203022271e+00,  0.000000000000000e+00,  1.473725807371593e-02,  4.780000995108838e+01
s907        , -5.762178128524449e-02, -6.365127900264924e-01,  1.201845683135307e-02,  0.000000000000000e+00, -7.554735747867648e-02,  3.817275058299460e+01
s908        ,  2.416796340775907e-01, -4.810618600430199e-01,  1.871605122425889e-01,  0.000000000000000e+00, -3.528594065296997e-02,  3.714988877213001e+01
s909        , -4.906300545514419e-01, -2.409077045512098e-01,  1.009445342175959e+00,  0.000000000000000e+00, -5.537002941982938e-02,  3.109480887458403e+01
s910        , -1.582982857801990e+00, -1.988856228608370e+00,  4.005551773137913e+00,  0.000000000000000e+00, -1.994583604498551e-02,  5.018895858626130e+01
s911        , -7.523355700553859e-01, -8.401641243726226e-01,  1.128448398614279e+00,  0.000000000000000e+00,  9.476316135691734e-03,  4.178346694941209e+01
s912        ,  2.234392115693804e-01, -2.459442549381818e-01, -6.155079952753870e-02,  0.000000000000000e+00, -2.781304923524458e-01,  2.495153296626831e+01
s913        , -1.421242973618926e+00, -1.029254936968434e+00,  7.647664129949224e-01,  0.000000000000000e+00, -9.975293392693509e-02,  4.102685553071055e+01
s914        ,  5.670067347130128e-02,  1.500178018098677e-01,  3.913181300655706e-01,  0.000000000000000e+00, -5.485369416328267e-02,  2.703368303519361e+01
s915        , -5.612055763432976e-01, -2.089602442696932e-01, -5.789391678295532e-02,  0.000000000000000e+00, -1.435485323254516e-01,  2.966545261816864e+01
s916        ,  8.997740464690429e-01,  2.190823336232441e-01,  8.230607448403393e-01,  0.000000000000000e+00, -2.303090477736391e-02,  2.630784304378685e+01
s917        , -1.606823724089288e+00, -7.138320260501376e-01,  5.792138847801419e-01,  0.000000000000000e+00, -1.747703939796175e-04,  4.089262652960024e+01
s918        ,  3.499868789687911e+00,  1.061898011205093e+00,  1.628307778608156e+00,  0.000000000000000e+00, -6.636363812152890e-02,  1.090212388652732e+01
s919        , -8.715752962891429e-01,  4.958974160123868e-01, -3.519663537893603e-02,  0.000000000000000e+00,  5.564250995174952e-02,  2.745041035041571e+01
s920        , -1.856154837094557e+00, -1.745036812153181e+00,  3.566528547588359e+00,  0.000000000000000e+00,  1.356961498203456e-02,  4.907226087726734e+01
s921        ,  2.276110916770269e-01,  1.447352455720185e+00,  1.941883030243015e+00,  0.000000000000000e+00,  2.510058486984079e-02,  8.317571906509713e+00
s922        ,  1.278757880561135e+00,  1.069499366903032e+00,  1.872304153107387e+00,  0.000000000000000e+00, -2.359634705253011e-02,  1.189986425688319e+01
s923        , -2.625003058195762e-01, -8.224801236315389e-01,  2.757378059875871e-01,  0.000000000000000e+00, -8.265122382834070e-02,  3.990727036016199e+01
s924        , -1.727834522886679e+00, -6.748981467193724e-01, -2.884021747992927e-01,  0.000000000000000e+00, -6.681618500943920e-02,  3.974444927342866e+01
s925        ,  1.850614154947128e+00,  1.160093682657705e+00,  1.571627080843458e+00,  0.000000000000000e+00,  4.757003261759218e-02,  1.408873093296160e+01
s926        , -9.602025879025963e-01, -1.163777311191632e+00,  1.941046019817777e+00,  1.372266623392430e-02, -1.706347626981951e-02,  4.502128856676824e+01
s927        , -1.294474937930480e+00, -1.116135331236498e+00,  2.694522553231290e+00,  2.456871227901512e-02,  5.382610956675707e-02,  4.663193020311979e+01
s928        , -8.964192424384732e-01, -8.425589862530769e-01,  3.367293457225783e-02,  0.000000000000000e+00, -2.207697885453774e-01,  3.536608835692324e+01
s929        ,  3.373466507702030e-01,  4.233485567614148e-01,  1.119846443646548e-01,  0.000000000000000e+00, -1.828398375848808e-02,  2.525312223584974e+01
s930        , -4.361686703935594e-01,  1.726824621804701e-01,  1.117270331843462e+00,  0.000000000000000e+00, -4.487734481481295e-02,  2.543308167525009e+01
s931        ,  1.180800691213646e+00,  6.816537722483569e-01,  5.134245473354194e-01,  0.000000000000000e+00,  6.513269806313607e-02,  2.394288569240525e+01
s932        ,  4.707166528445574e-01,  1.227525442062394e-01,  1.962101863300942e-01,  3.208335675868144e-02,  4.088989605046997e-02,  3.530327435924022e+01
s933        ,  1.703804210339992e+00,  1.692206964843512e-01, -4.909439429779289e-02,  4.978600751157305e-02, -2.154410555271720e-01,  2.727282551444542e+01
s934        , -1.834005051426063e+00, -1.610533799311607e+00,  3.250296496538234e+00,  0.000000000000000e+00,  4.513261434878243e-02,  4.913592715951265e+01
s935        , -1.778081906893596e+00, -1.589967751556596e+00,  1.924198075460754e+00,  0.000000000000000e+00, -3.388395182802784e-02,  4.881904598950472e+01
s936        , -1.576278502143039e+00, -6.552504671197710e-01,  2.721654277422336e-01,  0.000000000000000e+00,  5.055422048384231e-03,  4.097810665344023e+01
s937        ,  1.612912677482048e-01,  1.107050904536170e+00,  1.579260293248710e+00,  0.000000000000000e+00, -8.198416891192378e-02,  9.770777095374269e+00
s938        ,  3.756397573989944e-01, -6.599463416774873e-01,  6.176243821593660e-01,  0.000000000000000e+00, -3.914680919773081e-03,  3.989996824069211e+01
s939        , -1.269094165370334e+00, -1.032534315559115e+00,  1.187935672692419e+00,  0.000000000000000e+00, -1.067744386422662e-01,  3.982590167125107e+01
s940        ,  1.741633513389911e-01,  1.213442504222078e+00, -2.317895578153460e-01,  0.000000000000000e+00, -8.638081976504203e-03,  1.529706246795489e+01
s941        , -7.405880410109714e-01, -2.838520229978019e-01,  4.145497081350333e-01,  2.394120540838687e-02,  2.863805746288721e-02,  3.910697443298412e+01
s942        , -9.892731562449668e-01, -6.684202320757464e-01,  1.689359560797164e+00,  5.415841081136006e-02, -2.705166379761166e-02,  4.290968439563568e+01
s943        , -2.404390935905114e-01,  1.458117441386224e-01,  2.474427570820074e-02,  0.000000000000000e+00,  9.655581364193713e-03,  3.044939032836992e+01
s944        , -1.000366609598995e+00, -5.156762990098946e-01,  4.481670573987555e-01,  0.000000000000000e+00,  3.502632841029119e-02,  3.977588334536022e+01
s945        , -6.403848269203397e-01, -5.066945739171442e-01,  1.476993468242765e-02,  0.000000000000000e+00, -1.059263247725107e-01,  3.515537941063238e+01
s946        ,  1.042678968069443e+00,  4.104731159740513e-01, -2.775240147073205e-01,  0.000000000000000e+00, -2.299769791023923e-01,  1.808347344122601e+01
s947        ,  5.081125559242120e-03, -9.890456670574381e-01, -2.178454762980672e-02,  0.000000000000000e+00, -2.738577007257604e-01,  3.548770798414259e+01
s948        , -9.507722609706112e-01, -7.037138903034621e-01,  5.643738311832178e-01,  0.000000000000000e+00, -4.007577945167688e-02,  3.922988201132588e+01
s949        , -1.109777834090980e-01, -4.784001601552794e-01, -3.139739907507109e-01,  0.000000000000000e+00, -3.243540404814005e-02,  3.837642093472883e+01
s950        ,  6.358188156380660e-01,  4.475705810021455e-01,  2.803582565556694e+00,  0.000000000000000e+00, -2.849655194265321e-02,  1.832175263105229e+01
s951        , -2.185819524191360e+00, -9.435354879514679e-01,  1.530015362856117e+00,  3.109477647812850e-02, -1.835899213302340e-02,  4.482314657391235e+01
s952        ,  1.305064709156519e+00,  1.448001169195683e+00,  1.037768210134105e+00,  0.000000000000000e+00,  3.463458960606108e-02,  1.075994510662592e+01
s953        ,  1.664044937420125e+00,  1.084164087989937e+00,  2.102517819037845e+00,  0.000000000000000e+00,  4.023089736030833e-02,  1.365032237109605e+01
s954        ,  1.051351309197190e+00,  5.811388669772042e-01,  1.766733571903908e+00,  0.000000000000000e+00, -2.958623922904002e-02,  1.878442177737335e+01
s955        , -1.399028311662238e+00, -4.752050304207309e-01, -2.709779583760994e-02,  0.000000000000000e+00, -1.559905365074429e-01,  3.285802181457912e+01
s956        ,  1.385421265834244e+00,  6.195232059247466e-01,  9.405006029002932e-01,  0.000000000000000e+00,  5.055360210227722e-02,  2.326701138147356e+01
s957        , -9.408889636329510e-01, -4.946909431775386e-01,  6.219822163968918e-01,  0.000000000000000e+00, -1.998997424815141e-02,  3.693726129960888e+01
s958        ,  9.732055185777991e-01,  2.089413012546517e-01,  3.537182937807772e-02,  0.000000000000000e+00,  3.522743083204768e-02,  3.053243353240127e+01
s959        , -5.141793956906318e-01, -5.401858157578938e-01,  3.738050269682237e-01,  0.000000000000000e+00, -6.692817288317651e-03,  3.866672997284480e+01
s960        , -1.427508420922605e+00, -6.029714655553255e-01,  4.138795693944139e-01,  0.000000000000000e+00,  2.534800175630715e-02,  4.070664490521104e+01
s961        , -2.005936182526318e-01,  3.101441916542140e-01, -9.808237761514248e-03,  4.251561849229488e-02,  4.006111691929454e-02,  3.431226761762278e+01
s962        , -1.040812919577019e+00, -8.331959825272430e-01, -5.033737535292120e-02,  0.000000000000000e+00, -6.191289088459812e-02,  4.161623712858062e+01
s963        ,  3.350397487530737e-01,  2.313158557167818e-01,  1.024355327969114e-01,  6.269082027274578e-02,  6.073567168277647e-02,  3.830024707492834e+01
s964        , -1.211148190797335e+00, -1.028639361646653e+00,  1.245077234280394e+00,  0.000000000000000e+00, -2.080229675600383e-02,  4.298886979596310e+01
s965        , -3.546684926971408e-01, -7.902465447825189e-01, -3.949512880491817e-01,  0.000000000000000e+00, -5.053750062764484e-02,  4.224761082102679e+01
s966        , -1.297482551855562e+00, -1.450128451976578e+00,  3.373995269509857e+00,  0.000000000000000e+00,  9.607234444024927e-03,  4.520920413162778e+01
s967        , -7.045435460678467e-02,  1.783304445606033e-01,  2.184370575008127e+00,  0.000000000000000e+00, -1.134515703460617e-01,  2.022702370784222e+01
s968        ,  9.299065987644251e-02,  2.531584137825655e-01, -2.364898978792791e-01,  0.000000000000000e+00, -1.350469999245242e-01,  2.390194691408705e+01
s969        ,  6.950554955433741e-01, -1.275846619653729e-01, -1.818612986760596e-01,  0.000000000000000e+00, -2.266786994952413e-01,  2.556652753484902e+01
s970        ,  2.496136210729474e-01, -5.659331753956343e-02,  1.103531904493980e-01,  0.000000000000000e+00,  4.541517328799480e-02,  3.449494859241348e+01
s971        , -1.044044119112301e+00, -5.347952211550595e-01,  2.184505976371868e-01,  0.000000000000000e+00, -4.609029360315796e-02,  3.741343449281247e+01
s972        , -1.696855601622959e-01,  6.004414803127411e-02,  3.756563871629862e-02,  5.528513911423592e-02, -2.799403321916783e-01,  2.673304953217703e+01
s973        ,  4.802864320387065e-01, -1.138145095129155e-01,  2.124021477997639e-03,  4.083298625572678e-02, -7.684916285318706e-02,  3.550425387188994e+01
s974        , -1.989928973862810e-01, -2.693050474664007e-01, -3.631978366284642e-02,  0.000000000000000e+00, -1.016457543829100e-01,  3.209776739910401e+01
s975        ,  5.144117291211028e-01, -3.246743467998150e-01, -7.736446509011849e-02,  0.000000000000000e+00,  4.063379430781860e-02,  3.851453880034336e+01
s976        ,  3.695887594461370e-01,  1.065782363057008e+00,  2.651048714605002e-01,  0.000000000000000e+00, -1.183348167744858e-02,  1.610810435081934e+01
s977        , -5.208667084829633e-01, -7.393934795262629e-01, -1.594818866022994e-02,  0.000000000000000e+00, -1.158820696029050e-01,  3.811408112942721e+01
s978        , -1.415530554889297e+00, -5.720990517799529e-01,  3.103788552840362e-01,  0.000000000000000e+00, -4.552855881584860e-02,  3.774897484714730e+01
s979        , -9.075955878756907e-02,  1.287566149865325e+00,  3.958512114013045e-01,  1.574074074074074e-03, -7.256002145032242e-02,  1.050118991908728e+01
s980        , -1.408049785649008e+00, -1.659509841209276e+00,  2.601277023483386e+00,  0.000000000000000e+00, -2.202687225096217e-02,  4.870222025884479e+01
s981        ,  7.617332134276670e-01,  6.448924348629528e-01, -4.154895899500977e-02,  7.297934713130111e-02, -2.674733480730840e-02,  3.058989663425364e+01
s982        ,  5.658342892742037e-01,  3.837268416629307e-01,  6.527910994569381e-01,  0.000000000000000e+00,  7.399633092447858e-02,  2.816169793649054e+01
s983        , -6.523400746561840e-01, -7.514985369561811e-01,  8.022274775508630e-01,  0.000000000000000e+00,  1.490576482435541e-02,  4.149730353910788e+01
s984        ,  1.408650344937474e+00,  3.125269259617891e-02,  5.859117942785217e-01,  4.424130703770107e-02, -3.559055817430312e-02,  3.412005468132649e+01
s985        , -1.892295500046385e+00, -2.043170671849897e+00,  3.211178741343055e+00,  0.000000000000000e+00, -7.336737826865650e-02,  5.070001413610228e+01
s986        ,  7.279494111089814e-01,  2.734015256361624e-01,  7.989291253703647e-03,  1.980149006212718e-02,  6.363320017989699e-03,  3.085138188823012e+01
s987        ,  6.069333137359153e-01, -1.938868794552366e-01, -1.922912262060819e-01,  0.000000000000000e+00, -2.088827861971249e-02,  3.454100387547141e+01
s988        ,  7.956867077796174e-01,  3.593182675535127e-01, -4.303243433363322e-01,  0.000000000000000e+00,  1.075286340816741e-01,  3.230356114495804e+01
s989        , -1.492402946081943e-01,  3.385633963105819e-01, -1.032855890698514e-02,  0.000000000000000e+00,  7.372309220697079e-02,  3.031248351651396e+01
s990        ,  4.998144921024051e-01,  8.460198776885148e-01,  2.125676662725269e+00,  0.000000000000000e+00,  8.263109397478541e-03,  1.570419228220670e+01
s991        , -1.388778051347251e+00, -1.238027889460148e+00,  3.766510791075453e+00,  7.836601380297760e-02,  2.673398108277658e-03,  5.010459812050538e+01
s992        ,  4.282998930275517e-01, -9.983453009795040e-02,  8.831846934125125e-01,  8.978085351787773e-02,  3.878328602931608e-04,  4.194484679474013e+01
s993        ,  5.363050420459536e-01,  5.225036124289069e-01,  4.889946623125528e-01,  0.000000000000000e+00,  7.885726633437762e-02,  2.677424547809222e+01
s994        , -6.815023874245365e-01,  2.282059763241762e-01,  6.904233916891942e-01,  0.000000000000000e+00,  5.627358311659586e-02,  2.957406900142665e+01
s995        , -2.391036276757255e+00, -2.162424144861949e+00,  4.996447766957427e+00,  0.000000000000000e+00,  2.722573157148134e-02,  5.219035601062648e+01
s996        ,  4.431453520331272e-01,  2.502825936293289e-01,  1.383681309850483e+00,  0.000000000000000e+00, -1.289271889769526e-01,  2.045334021451094e+01
s997        , -6.841651286789517e-01, -1.944423017317243e+00,  3.308530753276877e+00,  0.000000000000000e+00, -6.945096306066000e-02,  4.923846546293664e+01
s998        , -1.890503332016519e-01, -6.083008759336312e-01,  4.033947093309413e-02,  0.000000000000000e+00, -1.263813329583866e-01,  3.573006432246016e+01
s999        , -1.955891416531250e-01, -3.372128010554278e-01,  2.132393983598747e-01,  0.000000000000000e+00,  7.012999540126139e-02,  3.917156417490013e+01
s1000       ,  1.922227018092693e+00,  1.059175084998195e+00,  1.886909169221921e+00,  0.000000000000000e+00,  2.148830906648164e-02,  1.376799385735801e+01
s1001       ,  7.564584951078414e-01,  6.494461250059551e-01,  7.369968669237478e-02,  3.667355371900827e-02,  4.674031846623877e-02,  2.892873748534618e+01
s1002       , -1.216448226111712e+00, -5.849890972571270e-01,  4.822331847530800e-01,  0.000000000000000e+00,  1.069151817433329e-02,  3.972525227827041e+01
s1003       ,  9.406214986730431e-01,  6.359167986291849e-01,  3.101487504300707e+00,  0.000000000000000e+00, -2.245071641583712e-02,  1.522040420867554e+01
s1004       , -6.084517344429569e-01, -5.146965634226199e-01,  2.306645998379374e-01,  0.000000000000000e+00, -2.508850023512249e-02,  3.792056842137546e+01
s1005       ,  1.047447652274055e-01,  3.839048900915822e-01, -1.320386018447965e-01,  0.000000000000000e+00,  3.210764530442042e-03,  2.720720471770769e+01
s1006       ,  1.789223857816157e+00,  5.107121461219082e-01,  8.891888518992572e-01,  1.526372321781898e-01,  2.804558501552720e-02,  4.167585867841203e+01
s1007       , -3.471776742826870e-02, -2.818711373319465e-01,  1.869207867102551e-01,  0.000000000000000e+00,  7.164692071636813e-02,  3.851212380086341e+01
s1008       , -4.304906904704673e-01,  5.440637072759300e-01,  1.749780224158263e+00,  0.000000000000000e+00,  2.429498977278999e-02,  2.144444287144007e+01
s1009       ,  5.526661980887815e-01,  6.155865633191173e-01,  1.322636579298343e+00,  0.000000000000000e+00,  7.899708411774131e-02,  2.355134447831507e+01
s1010       ,  1.084664986478008e-01,  4.976802282129560e-01, -2.194199847935874e-01,  0.000000000000000e+00, -7.546046150711475e-02,  2.274170007889952e+01
s1011       , -1.857041478323650e-01, -3.807301600254458e-01,  1.136083673556517e+00,  0.000000000000000e+00, -2.343332822221171e-01,  2.579986933858676e+01
s1012       , -9.197930097533304e-01, -1.744475261833618e+00,  3.510496816719700e+00,  0.000000000000000e+00, -2.742630883841038e-02,  4.759616561584938e+01
s1013       , -4.019119417889337e-01, -8.704084494521247e-02,  3.150327777160833e-01,  1.460920379839299e-02,  1.124450416860311e-01,  3.875195853145365e+01
s1014       , -1.358932079618377e+00, -2.181115974912105e+00,  5.587373841720706e+00,  2.453528670447385e-02, -5.031768409925447e-02,  5.090788547775988e+01
s1015       , -1.527440174864809e+00, -1.072565269675101e+00,  1.463750777948798e+00,  0.000000000000000e+00, -4.342056835181407e-02,  4.222299657029214e+01
s1016       ,  1.494747075983483e+00,  8.419912747475784e-01,  4.918420875657264e-01,  0.000000000000000e+00,  1.245695442192356e-01,  2.405086114067787e+01
s1017       ,  5.541257590705128e-01, -1.020224256008135e-01, -5.313773698325717e-03,  5.660250218997776e-03, -8.930034820211619e-02,  3.080640394187897e+01
s1018       , -1.957085120530336e+00, -1.748858956851045e+00,  4.259346272347523e+00,  0.000000000000000e+00,  4.080621750078319e-02,  4.859318395721532e+01
s1019       ,  7.131485583147716e-01,  6.473743884417114e-01,  1.977070292624346e+00,  0.000000000000000e+00, -1.556242912935379e-03,  1.846003532965537e+01
s1020       , -1.923756067205053e+00, -7.397829504098423e-01,  4.348820753537807e-01,  0.000000000000000e+00, -2.619020138220698e-02,  4.057652188254372e+01
s1021       ,  3.885529621363158e-01,  8.372624209690187e-01,  2.085813371985417e+00,  0.000000000000000e+00, -6.840573468602967e-02,  1.293235927042524e+01
s1022       , -1.875446506562856e+00, -1.223293223127360e+00,  2.279279231104152e+00,  1.212548259714332e-02,  4.635314858572465e-02,  4.736698848504157e+01
s1023       ,  1.372593741804168e+00,  2.777241567395077e-01,  1.560365392395581e-01,  5.273386321949515e-02,  1.453324165658092e-02,  3.457323344744906e+01
s1024       , -8.235465806555776e-01, -1.123914971645845e+00,  1.443871219983078e+00,  0.000000000000000e+00, -3.121633586038519e-02,  4.346706938455490e+01
s1025       , -3.055697164838789e-01,  3.658046118942992e-01, -9.408389706653698e-02,  0.000000000000000e+00, -7.880423130832703e-02,  2.417958995735102e+01
s1026       , -1.058405261469002e+00, -8.144238464737081e-01,  1.049666783622142e+00,  7.963988919667590e-03, -5.609012384866334e-02,  3.996821044959457e+01
s1027       ,  1.001215100946893e+00,  1.105998496683977e+00,  2.290453163278883e+00,  0.000000000000000e+00,  4.085306037906478e-02,  1.293480048932070e+01
s1028       , -1.207050253018809e-01, -2.906640552199917e-01,  1.807637633748989e-01,  0.000000000000000e+00,  4.917365122655079e-02,  3.777456999401933e+01
s1029       , -3.485019297637044e-02,  2.344895526488404e-01, -2.221974417584601e-01,  0.000000000000000e+00, -1.014064931179768e-01,  2.544243247369571e+01
s1030       ,  7.570890498814408e-01,  6.248611866174014e-01, -1.966422789076918e-01,  0.000000000000000e+00,  4.089679484104189e-02,  2.543186724038231e+01
s1031       , -3.425236517205575e-01,  1.418262755491431e-01,  4.965810841994784e-01,  9.229622855594506e-02, -1.233489061717505e-02,  3.922723841535716e+01
s1032       , -9.690806500330096e-01, -3.944815989865349e-01, -1.252690082441937e-01,  0.000000000000000e+00, -2.698929335953210e-02,  3.697305148890930e+01
s1033       ,  3.580879227715397e-01,  2.405656608226248e-01,  1.115104967589281e+00,  0.000000000000000e+00,  5.678148994477383e-02,  2.844280024688253e+01
s1034       , -1.559175075401338e+00, -8.065630287305168e-01,  9.702102160975277e-01,  0.000000000000000e+00,  2.928164889350016e-02,  4.244606244442952e+01
s1035       , -5.297528349600488e-01, -7.965931311390437e-01, -1.008869122541649e-01,  0.000000000000000e+00, -1.258066289449262e-01,  3.872810504818378e+01
s1036       , -2.199501197760688e+00, -1.532038581120696e+00,  2.940551341826595e+00,  0.000000000000000e+00,  1.392376316549408e-02,  4.752769537760352e+01
s1037       , -2.563451324430153e-01, -4.039461634496284e-01,  3.372071618481129e-01,  0.000000000000000e+00,  1.132641614305366e-02,  3.753496576126841e+01
s1038       ,  1.208934872396009e+00,  7.954711299853170e-01,  1.863312731102424e+00,  0.000000000000000e+00, -1.229444854447198e-01,  1.190789446626565e+01
s1039       ,  1.284684643971159e+00,  8.374100518719058e-01,  2.735779223597703e+00,  0.000000000000000e+00, -1.908944006936991e-02,  1.335615647290883e+01
s1040       ,  3.246719543370283e-02,  1.505320893783844e-01, -1.153939851723848e-01,  0.000000000000000e+00,  6.677007124724138e-02,  3.293039385611502e+01
s1041       ,  2.496032441662194e+00,  1.260407967027427e+00,  9.417056220450968e-01,  0.000000000000000e+00,  6.988884874870044e-02,  1.499526798829797e+01
