# c0 + a0 * (face-area-avg * AAV) + a1 * (Ge * S) + a2 * (poly_dist_avg - SBI) + a3 * (paths-per-volume + face-area-count)
# Property Label: $E$; Unit of the Property: Unitless
# RMSE: 0.638949206402206; Max AE: 2.56879207881409
# Coefficients
# Task   a0                      a1                      a2                      a3                      c0
# all , -1.503992130420898e-01,  8.376008765523386e+00,  2.764356252296839e+00, -7.084578318394454e-02,  2.293492667046306e+00, 
# Feature Rung, Units, and Expressions
# 0;  1; Unitless;                                         32|1|mult; (face-area-avg * AAV); $\left(face-area-avg AAV\right)$; (face_sub_area_sub_avg .* AAV); (newdata$face_sub_area_sub_avg * newdata$AAV); face-area-avg,AAV
# 1;  1; Unitless;                                         18|10|mult; (Ge * S); $\left(Ge S\right)$; (Ge .* S); (newdata$Ge * newdata$S); Ge,S
# 2;  1; Unitless;                                         29|5|sub; (poly_dist_avg - SBI); $\left(poly_{dist, avg} - SBI\right)$; (poly_dist_avg - SBI); (newdata$poly_dist_avg - newdata$SBI); poly_dist_avg,SBI
# 3;  1; Unitless;                                         38|34|add; (paths-per-volume + face-area-count); $\left(paths-per-volume + face-area-count\right)$; (paths_sub_per_sub_volume + face_sub_area_sub_count); (newdata$paths_sub_per_sub_volume + newdata$face_sub_area_sub_count); paths-per-volume,face-area-count
# Number of Samples Per Task
# Task, n_samples               
# all , 1041                  

# Sample ID , Property Value        ,  Property Value (EST) ,  Feature 0 Value      ,  Feature 1 Value      ,  Feature 2 Value      ,  Feature 3 Value      
s1          ,  6.774572406644882e-01,  4.694136323359133e-01,  7.469674904636121e-01,  0.000000000000000e+00,  6.417673197130047e-02,  2.666556818700837e+01
s2          ,  1.967875961713064e+00,  7.485430378766229e-01,  3.510348929352353e-02,  0.000000000000000e+00,  1.762139112243052e-01,  2.860845103479379e+01
s3          , -1.271285198486554e+00, -8.646675153191037e-01,  6.666119474351297e-01,  0.000000000000000e+00, -9.363884935216206e-02,  3.950907175568520e+01
s4          , -1.922048452937919e-01, -7.032315607049773e-01,  8.958979210000165e-01,  0.000000000000000e+00,  1.920029984140204e-02,  4.114653298151438e+01
s5          ,  2.455067115358116e-01,  2.374954418085520e-01,  2.211265974000669e-02,  0.000000000000000e+00,  1.600279415129083e-01,  3.521798513822390e+01
s6          ,  1.771859120156342e-01,  5.511913988878876e-01,  9.242534918831780e-01,  0.000000000000000e+00,  5.454548565305867e-02,  2.475909427203431e+01
s7          , -1.787554844087500e-01,  2.528741002451067e-01,  1.183680797274172e+00,  0.000000000000000e+00, -3.783601111138252e-02,  2.481448596532441e+01
s8          ,  1.258527874893824e+00,  1.039825923742163e+00,  5.928457575268409e-01,  1.822916666666667e-01,  1.467242940128557e-02,  3.856178173169786e+01
s9          ,  1.207996528852184e+00,  1.220443169621586e+00,  1.615971960605617e+00,  0.000000000000000e+00,  1.292047585025767e-01,  1.675719449896205e+01
s10         , -3.778119871449526e-01,  5.589172078115272e-01,  2.963591179383089e-02,  5.078125000000000e-02, -1.646476650975018e-03,  3.036046595657516e+01
s11         ,  2.051916464504999e-01, -1.058794131426899e+00,  8.576974110405740e-01,  0.000000000000000e+00, -1.733606170862432e-01,  3.873285259555073e+01
s12         , -9.030892502610830e-01, -1.057738486738448e+00,  7.913308900895798e-02,  0.000000000000000e+00, -2.275982036434495e-01,  3.825445863421709e+01
s13         , -1.915336013610817e+00, -5.095133008543353e-01,  6.188258804402000e-01,  0.000000000000000e+00,  5.375670547540484e-03,  3.846093851325010e+01
s14         , -4.972857440368104e-01, -2.362043093385027e-01,  1.995573984831050e+00,  9.989258861439311e-02, -1.435766620032257e-02,  4.272061902620870e+01
s15         ,  9.892906044607527e-01,  2.881912906026172e-01,  6.702517781613342e-03,  3.961632479540865e-02, -1.921777951832675e-01,  2.547606979563522e+01
s16         ,  7.196956197004112e-01,  7.789140553559371e-01,  1.856055095732794e+00,  0.000000000000000e+00,  5.277935271314915e-02,  1.949770695607491e+01
s17         , -8.233048349290433e-01, -9.184406331004356e-01,  2.014249968521125e-01,  0.000000000000000e+00, -1.857006927403524e-01,  3.766344513649523e+01
s18         ,  6.436893120625885e-01, -2.442535432932242e-01,  7.314922107821295e-02,  0.000000000000000e+00, -4.303154910176671e-02,  3.398635719782551e+01
s19         ,  6.782210382119218e-01,  8.989169206372609e-01,  2.459661059853024e+00,  0.000000000000000e+00, -1.448627021405524e-02,  1.389778477657268e+01
s20         ,  1.358387811126361e-01, -8.740917978556455e-01,  1.266719285162355e+00,  0.000000000000000e+00,  1.541991098392556e-02,  4.262352497065642e+01
s21         ,  1.192439177417436e+00,  5.219578086729009e-01,  6.830853458020369e-01,  0.000000000000000e+00, -1.109021690684581e-01,  1.922804991695310e+01
s22         , -1.675888320916539e+00, -1.571860760628264e+00,  3.294119754081623e+00,  0.000000000000000e+00,  1.226778579962567e-02,  4.804566745396247e+01
s23         ,  1.682267394333138e+00,  1.119230764416487e+00,  1.531922182831207e+00,  0.000000000000000e+00,  9.352393369827960e-02,  1.697201200566322e+01
s24         , -5.344901610254715e-02,  5.505789957421037e-02, -2.031732207505959e-02,  0.000000000000000e+00,  1.751879948982424e-02,  3.232258261130625e+01
s25         ,  7.630444568978922e-01,  1.234311511741613e+00,  2.582629820832178e+00,  0.000000000000000e+00, -8.905669092553886e-02,  5.992893623622729e+00
s26         , -7.690353008448225e-01, -1.818008943878502e+00,  3.777291826252768e+00,  0.000000000000000e+00, -4.067710553836704e-02,  4.842848406231314e+01
s27         ,  1.318355805735755e-01,  3.634956138143508e-02, -1.095940841493511e-03,  0.000000000000000e+00, -1.633191659192222e-02,  3.122501578983792e+01
s28         , -1.557515501210242e+00, -1.054785742940529e+00,  1.770893915431030e+00,  0.000000000000000e+00, -4.623757767005020e-02,  4.169789772994137e+01
s29         ,  1.315402392066626e+00,  1.410339925782719e+00,  2.629569436548874e+00,  0.000000000000000e+00, -7.845193593381650e-03,  6.577394397587300e+00
s30         , -1.602536800620832e+00, -5.251801137152405e-01,  4.513442364936829e-01,  0.000000000000000e+00, -1.716300987071830e-02,  3.815818200666189e+01
s31         , -6.577868421803238e-01, -3.131902475001369e-01,  8.048718233707189e-03,  0.000000000000000e+00, -1.642343482751850e-01,  3.036835855954332e+01
s32         ,  1.122204297021453e+00, -8.875442645072895e-02,  5.139217720488728e-02,  0.000000000000000e+00, -1.792878633159145e-01,  2.652101706169604e+01
s33         ,  1.732999170998263e+00,  1.093892309147573e+00,  2.058627624918973e+00,  0.000000000000000e+00,  2.872556643172186e-02,  1.368313029744586e+01
s34         ,  1.815120104294484e+00,  7.636773559812313e-01, -3.206142693192686e-02,  1.962809917355372e-02, -5.765245815444058e-02,  2.173270521995317e+01
s35         ,  5.934117724273275e-01,  9.255899491739827e-01,  2.213711716387207e+00,  0.000000000000000e+00,  5.677885583507125e-04,  1.463081839303878e+01
s36         ,  9.702627198604924e-01,  4.168886530884133e-01, -2.525555546130063e-01,  0.000000000000000e+00,  1.629377962925679e-01,  3.338245665796941e+01
s37         ,  1.142962175227537e+00,  5.162628160152485e-01, -3.681547227962610e-02,  0.000000000000000e+00,  1.583645380015084e-01,  3.134333153027361e+01
s38         ,  2.376281988155590e-01,  8.589880311590777e-01,  2.992247817987016e-01,  0.000000000000000e+00, -1.513355065545662e-01,  1.370803125885236e+01
s39         , -9.901628269429662e-01,  7.458982765340405e-03,  1.568542646351758e+00,  0.000000000000000e+00, -1.591085244671556e-01,  2.272955972638795e+01
s40         , -6.175077579414836e-01,  2.125426062058109e-01, -2.712422175699965e-02,  7.384563150746943e-03, -9.260031202555204e-02,  2.669040204842281e+01
s41         , -6.558266813617915e-01, -4.505514582260379e-01,  1.932611932586248e-01,  0.000000000000000e+00, -9.060440147565874e-02,  3.478703797784176e+01
s42         , -1.132806252875512e-01, -4.494378088412136e-01,  5.364412568966466e-01,  0.000000000000000e+00,  4.224146301611585e-02,  3.922633727100242e+01
s43         ,  3.987508132795206e-01,  9.333161114509259e-02,  1.973154113896553e+00,  0.000000000000000e+00, -1.515331048154459e-01,  2.095408756198643e+01
s44         , -1.257042213831158e-02,  2.792366256441463e-01,  3.211898336758949e-01,  2.637119113573407e-02,  3.539456940220217e-02,  3.224860771999321e+01
s45         , -2.453536714432208e-01, -2.916958174285167e-01,  5.893068860485294e-02,  0.000000000000000e+00, -8.838336342410151e-02,  3.291659922721663e+01
s46         ,  4.319604697532172e-01,  6.504385931089187e-01,  2.090267573346895e-01,  1.367166474432911e-01, -5.879530444206718e-02,  3.661792089067173e+01
s47         , -5.858250576994644e-01,  5.635856110301596e-03,  9.314517389899232e-02,  4.966974241156713e-02, -1.843605789855209e-01,  3.077450245764113e+01
s48         , -1.351740028810569e+00, -1.146975170514324e+00,  4.317072708129235e+00,  7.742878013148284e-02, -5.112136932826805e-03,  4.835285487790421e+01
s49         ,  1.400180920836999e+00,  4.294785337972900e-01, -1.262804498771203e-02,  0.000000000000000e+00,  1.344794205037129e-01,  3.158497665756956e+01
s50         ,  6.339509690024701e-01,  6.302530354205516e-01,  3.692938371304909e-01,  1.140992751502213e-01,  2.557466259082548e-02,  3.718064813444586e+01
s51         ,  9.663578673416964e-01,  1.020237593355992e+00,  1.756979909242698e+00,  0.000000000000000e+00,  6.292220179653368e-02,  1.669748017158018e+01
s52         ,  1.470345916377529e-01,  4.223701054688425e-01, -1.734544277094837e-01,  0.000000000000000e+00,  1.294351048128195e-01,  3.182990731296897e+01
s53         , -1.879048126514940e+00, -7.008870823020397e-02,  4.046483267212077e-01,  0.000000000000000e+00, -5.185425279744299e-02,  3.047999274485288e+01
s54         ,  2.462378298792408e+00,  1.244790534382241e+00,  2.619264573590338e+00,  0.000000000000000e+00,  3.240651398480088e-02,  1.050662323350208e+01
s55         ,  2.147693442064033e-01, -3.432261074789671e-01,  3.140990886134467e-01,  0.000000000000000e+00,  1.037224488311621e-02,  3.695563774029827e+01
s56         ,  1.250856345991485e+00,  1.236731993593037e+00,  2.366667442702633e+00,  0.000000000000000e+00, -5.572711894520566e-02,  7.717694946503193e+00
s57         ,  3.470878239384724e-01,  7.260832344797294e-01,  2.249881728560442e+00,  0.000000000000000e+00, -1.096863046908764e-02,  1.691995959483742e+01
s58         ,  2.650904256602346e+00,  5.092719442699061e-01,  2.125325476277564e+00,  0.000000000000000e+00, -8.132544466581365e-02,  1.749943167449025e+01
s59         ,  2.436955679659398e-02, -3.844501929055699e-02,  2.761490330717060e-02,  0.000000000000000e+00, -2.302372611462891e-03,  3.276722684341374e+01
s60         , -1.350996154759193e+00, -1.119037752431537e+00,  2.376153516199675e+00,  0.000000000000000e+00, -7.994762449791984e-03,  4.281212363953195e+01
s61         , -1.175408395594881e+00, -6.821298152016815e-01,  1.147820122267063e+00,  0.000000000000000e+00,  1.411277091648948e-02,  4.011535814751848e+01
s62         ,  5.137509822735412e-02,  2.785792901094952e-02,  1.155706794324085e-01,  0.000000000000000e+00,  1.956840461791814e-02,  3.249801098920972e+01
s63         ,  1.630781368412474e+00,  1.156720511960366e+00,  1.213787341905360e+00,  0.000000000000000e+00,  1.617517296053618e-01,  1.978041368360392e+01
s64         , -7.346563779561162e-02,  8.477403517642956e-01,  2.200485504723629e+00,  0.000000000000000e+00, -9.877771180754930e-02,  1.188135982141331e+01
s65         ,  6.477994742971301e-01,  8.014197180566098e-01,  1.165370239202295e+00,  0.000000000000000e+00,  7.921322060326630e-02,  2.167772977768779e+01
s66         ,  1.102507059534665e+00,  6.258425376940595e-01,  1.158483177102872e-01,  0.000000000000000e+00,  6.803725157053883e-02,  2.594799228249747e+01
s67         , -2.689254974131806e-01, -3.211094421368608e-01,  6.087826393125254e-01,  0.000000000000000e+00, -1.988369118045880e-02,  3.483730382195514e+01
s68         ,  1.634793292022643e+00,  1.243527921550618e+00,  8.478663774211448e-01,  0.000000000000000e+00,  8.342343067882602e-02,  1.627561076935173e+01
s69         ,  3.008420412735001e-01,  6.016821553508849e-01,  1.216792949341766e+00,  0.000000000000000e+00, -8.820696908593106e-03,  2.095286683720055e+01
s70         ,  4.428344099007711e-01,  4.253977453361804e-01,  7.109947055358945e-01,  0.000000000000000e+00,  1.424079259842320e-02,  2.541475894059415e+01
s71         , -2.587880550234566e-02, -3.715567685353811e-01,  8.221043979813785e-01,  0.000000000000000e+00,  6.754938472415900e-02,  3.850809494200279e+01
s72         ,  3.320850724266521e-01,  7.376631818011989e-01,  1.558996581986250e+00,  0.000000000000000e+00,  2.275633506458724e-02,  1.953911977654488e+01
s73         , -1.001377721869569e+00, -3.944124547229220e-01, -1.875450510923052e-02,  0.000000000000000e+00, -1.782440327697836e-01,  3.102507558495053e+01
s74         ,  1.535377236435878e+00,  1.302957277083144e+00,  2.768015293402120e+00,  0.000000000000000e+00, -2.492008469316470e-02,  7.132959133299844e+00
s75         ,  2.223324131252060e-01,  7.102281849807790e-02,  5.106921389811596e-01,  0.000000000000000e+00, -1.476549431573559e-01,  2.452497818999154e+01
s76         , -5.720277382811452e-01, -4.899854331186506e-01,  7.157903769945418e-01,  0.000000000000000e+00,  1.740325794775135e-02,  3.844876114373157e+01
s77         , -1.197863875151751e+00, -6.404852567599830e-01,  7.920893561267581e-01,  0.000000000000000e+00, -4.586979129936886e-03,  3.955307059381702e+01
s78         , -1.436625202734528e+00, -7.441683035122595e-01,  1.136143913068326e+00,  0.000000000000000e+00,  2.676220348964975e-02,  4.150940186569686e+01
s79         ,  4.409066269069510e-01,  8.524858430298443e-01,  5.255053600753009e-01,  0.000000000000000e+00,  7.832634511504244e-02,  2.228069310987292e+01
s80         ,  6.309139277294878e-01,  2.561740993156718e-01,  4.277876525369874e-02,  0.000000000000000e+00, -2.865350118939010e-02,  2.754823367357141e+01
s81         , -1.685326208098238e+00, -4.739182032176106e-01,  3.328024063029552e-01,  0.000000000000000e+00, -4.150101729130136e-02,  3.673661207010799e+01
s82         , -1.663665661245249e-01, -2.197464080958604e-01,  3.715916883601796e-01,  0.000000000000000e+00,  1.760709452234012e-02,  3.537294877467535e+01
s83         , -1.321966357459877e+00, -7.346851369882899e-01,  1.114857162385815e+00,  0.000000000000000e+00,  1.100129219085911e-02,  4.080575476881359e+01
s84         ,  1.425519064192979e+00,  2.913136450202387e-01,  2.095694190511793e-01,  2.319177212916512e-02,  1.042824275361353e-01,  3.462715920804660e+01
s85         , -6.984731689207798e-01, -5.956097644574008e-01,  1.096305493160341e-02,  0.000000000000000e+00, -1.185528512550574e-01,  3.613103230758019e+01
s86         , -2.932580333118892e-01, -4.106694339214825e-01,  2.616317583383044e-01,  0.000000000000000e+00, -1.833417415807168e-01,  3.046040150559448e+01
s87         ,  3.346071912195332e-02, -1.672245805371952e-01,  8.726021994730097e-02,  0.000000000000000e+00, -1.519201262087351e-02,  3.395540476776370e+01
s88         , -7.344698336486584e-02, -9.272532827961655e-02,  2.917537806046718e-01,  4.349110043222637e-03, -1.520287137799115e-03,  3.351736572302669e+01
s89         ,  2.903456543575506e-01,  6.420709888279887e-01,  4.395054725191818e-01,  0.000000000000000e+00,  1.291630309521642e-01,  2.741691807060377e+01
s90         ,  3.160753830639385e-01,  6.693059015516889e-02,  1.925457715000533e-03,  0.000000000000000e+00,  2.204977825767912e-02,  3.228457403055110e+01
s91         ,  4.911838748491691e-01,  1.254439748315174e+00,  2.506535040898784e+00,  0.000000000000000e+00,  4.800421880404987e-02,  1.121834988317624e+01
s92         , -8.899315452749768e-01, -1.217116288098354e+00,  1.218425663981631e+00,  0.000000000000000e+00, -1.079011629842426e-01,  4.275598777334729e+01
s93         ,  8.806558878772817e-01, -2.960520792126609e-03,  5.004375330744072e-01,  0.000000000000000e+00, -6.506245175782238e-02,  2.881374006524410e+01
s94         ,  2.174850994919374e-01,  6.696666792354522e-01,  1.113022987932138e-01,  4.095000000000000e-02,  4.320965951230660e-03,  2.769435765513076e+01
s95         , -7.665153489308597e-01, -1.179048280012799e+00,  2.178645201161384e+00,  0.000000000000000e+00,  4.971330122950937e-03,  4.458440303515400e+01
s96         ,  5.275622810365228e-01,  5.217801509175679e-02,  7.513677700449918e-03,  0.000000000000000e+00,  7.120710367779670e-03,  3.189842329923541e+01
s97         ,  2.030602111680013e+00,  1.279992984023367e+00,  1.753320476645027e+00,  0.000000000000000e+00,  9.911978157802448e-02,  1.445116427604790e+01
s98         , -9.469867286116609e-01, -8.175179290349246e-01,  1.668995459953022e-01,  0.000000000000000e+00, -1.957623833276372e-01,  3.591959821776487e+01
s99         , -9.198822372946849e-01, -1.726378127741392e+00,  3.536759984221632e+00,  0.000000000000000e+00, -9.282162489601917e-02,  4.561108215745797e+01
s100        , -4.843791818667553e-01, -2.954963854899715e-01, -3.123813644735540e-03,  0.000000000000000e+00, -1.088685894687253e-01,  3.230266083348432e+01
s101        , -2.042448773263304e-01, -5.767880700997496e-02,  1.861003424644197e-01,  0.000000000000000e+00, -2.783549937789082e-02,  3.170597869501351e+01
s102        , -5.164158759195604e-01, -1.874217136171513e+00,  4.662075194697122e+00,  0.000000000000000e+00, -3.662439191657310e-02,  4.750169092313511e+01
s103        ,  1.172650799800637e-01,  9.681858186168295e-01,  1.569775737086617e-01,  3.305555555555555e-02, -5.120464187824589e-02,  2.028382257144604e+01
s104        , -1.768695959917696e+00, -1.702892970016020e+00,  2.958343012784995e+00,  0.000000000000000e+00, -7.447593389362359e-02,  4.722334925481643e+01
s105        ,  5.247327840013729e-01,  9.029297628438160e-02,  4.546165944331094e-01,  0.000000000000000e+00, -3.783435600427154e-03,  2.998579242677556e+01
s106        ,  5.297962102782025e-01,  9.942311086221722e-01,  2.441017336706484e+00,  0.000000000000000e+00,  3.726954715946251e-03,  1.330265627928035e+01
s107        ,  1.497385912477808e-01, -7.378789835224571e-01,  1.490528454018933e+00,  0.000000000000000e+00,  2.379895776558821e-02,  4.055267671055992e+01
s108        ,  4.406641357796892e-01,  4.622370649215570e-01,  2.003771305268941e+00,  0.000000000000000e+00, -5.163420154566389e-02,  1.957991830253679e+01
s109        , -6.596772585897818e-01, -4.027645301573979e-01,  5.767909588622272e-01,  0.000000000000000e+00, -9.691587494450357e-03,  3.645548364833910e+01
s110        ,  1.094420195469493e+00,  5.316108689751520e-01, -7.678558892168720e-02,  0.000000000000000e+00,  1.947373942589631e-01,  3.263078929611736e+01
s111        ,  3.915962330096326e-01,  1.019405038575490e+00,  1.197117995191469e+00,  1.470588235294118e-02,  3.450158996532426e-02,  1.852747263863658e+01
s112        ,  8.365523515867515e-01,  4.831337191291527e-01,  2.571666919710204e+00,  0.000000000000000e+00, -1.171336407038922e-01,  1.552362195074875e+01
s113        , -1.291655352083360e-01,  1.958003886490367e-03,  3.118340697054026e-02,  0.000000000000000e+00, -1.398967990718297e-01,  2.682051106933862e+01
s114        ,  1.376602311009741e+00,  6.395071621599049e-01,  2.037808544570535e+00,  0.000000000000000e+00,  1.828469050540282e-02,  1.973365300151418e+01
s115        ,  2.854337653329592e+00,  7.796363206330501e-01,  1.636768220049557e+00,  0.000000000000000e+00,  7.118942550315577e-02,  2.067138736924089e+01
s116        , -4.031277243707178e-01, -2.245634459731527e-01,  1.176269473837979e+00,  0.000000000000000e+00, -1.814255248136243e-01,  2.596656065199547e+01
s117        , -1.548008576871541e+00, -9.201208177461599e-01,  1.291446868563932e+00,  0.000000000000000e+00, -2.326320387330265e-02,  4.171134789104646e+01
s118        , -1.376296935489929e+00, -1.100804549411418e+00,  1.531108715393473e+00,  0.000000000000000e+00, -5.822228772308922e-02,  4.238886762946940e+01
s119        ,  1.159776550977451e-01, -4.065320533654582e-02, -7.148525005170905e-02,  0.000000000000000e+00,  9.018076762627869e-02,  3.661740826301272e+01
s120        , -1.608916416404319e-01,  3.482897069805611e-01,  1.433456455423605e-01,  0.000000000000000e+00, -1.341737463059170e-01,  2.191718100224493e+01
s121        ,  3.197271174130288e-01,  7.172598706133904e-01,  5.876436942974895e-01,  0.000000000000000e+00,  3.051520268120614e-02,  2.219195649939017e+01
s122        , -1.530552753436365e+00, -7.444663857933675e-01,  8.967222699929490e-01,  0.000000000000000e+00, -8.939801219925782e-02,  3.748938406473005e+01
s123        , -1.233881263109963e+00, -1.439767877929260e+00,  2.187222773462227e+00,  0.000000000000000e+00, -9.708791123058623e-02,  4.426400903105660e+01
s124        , -5.427146006639550e-01,  7.966171144845680e-02,  3.709894293246211e-03,  0.000000000000000e+00,  6.206569701920298e-02,  3.366247899090680e+01
s125        ,  9.732454451545894e-01,  1.631662038949599e-02,  7.669664664227871e-01,  5.925044616299822e-02,  3.535112674642983e-02,  3.889900195176850e+01
s126        , -1.840471966312827e-01, -5.157378447743608e-01,  2.262958184858523e-01,  0.000000000000000e+00, -3.991442447421012e-02,  3.761491496303328e+01
s127        , -1.081994746251625e+00, -1.690230127870314e+00,  2.997473303123208e+00,  0.000000000000000e+00, -9.248449937735610e-02,  4.625885857467077e+01
s128        ,  4.539347974729817e-01,  9.667598740694594e-01,  1.899685821949653e+00,  0.000000000000000e+00, -9.994878338678848e-04,  1.465519263426044e+01
s129        , -9.281932508350824e-01, -7.125977854378349e-01,  8.354800916895656e-01,  0.000000000000000e+00, -8.823799820043138e-03,  4.031351831575768e+01
s130        , -7.213314288938638e-01,  1.016289107065094e-01,  2.144435945710860e+00,  0.000000000000000e+00, -1.869988338203971e-01,  1.908950429315845e+01
s131        , -2.205996399193568e-01,  1.166179697040270e-02,  7.231428195070230e-02,  0.000000000000000e+00,  1.910998182090699e-02,  3.280056415881850e+01
s132        , -1.239159936584262e+00, -5.343927145454161e-01,  4.155819625444082e-01,  0.000000000000000e+00, -1.654307544542313e-02,  3.838832891958381e+01
s133        , -3.218370754810609e-01, -5.204066978900650e-01,  1.803303446735548e-03,  0.000000000000000e+00, -1.927999394950019e-01,  3.219190089846450e+01
s134        , -1.004593496203065e+00, -9.439157320622655e-01,  1.138108457986517e-01,  0.000000000000000e+00, -2.483069601150307e-01,  3.576617161818935e+01
s135        ,  9.616883013837800e-01,  3.486742904846030e-01,  8.323295280412399e-02,  0.000000000000000e+00,  8.611884420883792e-02,  3.063503957257307e+01
s136        ,  1.177397001560173e+00,  1.087254974680724e+00,  6.497434379513476e-01,  0.000000000000000e+00,  7.226639618549918e-02,  1.846668631424310e+01
s137        , -1.190015539084228e+00, -8.317393306621228e-01,  8.466720606519969e-02,  0.000000000000000e+00, -2.094693407688375e-01,  3.576007097203016e+01
s138        ,  2.514478411301381e-01,  2.025742901106184e-01,  8.161475241679082e-02,  0.000000000000000e+00,  7.014174705042195e-02,  3.207728473415268e+01
s139        , -1.987650229798378e-01,  3.831805738136884e-01,  1.486015420110761e-02,  3.731762065095398e-02, -5.675442422751462e-03,  3.112338958756505e+01
s140        , -1.883191692860165e-02, -1.638932209312709e-01,  1.847505545712905e-01,  3.602339181286550e-02, -1.514036413950832e-01,  3.264553074151832e+01
s141        ,  4.763479271249645e-01,  7.318836343844879e-01,  3.164165504239012e-01,  0.000000000000000e+00,  8.212167499753137e-02,  2.457498131812098e+01
s142        , -1.264849480226229e+00, -4.923301773198361e-01,  2.715980804353319e+00,  9.355932203389832e-02,  1.075023797039026e-04,  4.462216666973399e+01
s143        ,  5.343202969822768e-02,  8.210334683219445e-01,  2.883181446233872e+00,  0.000000000000000e+00, -2.219419713583631e-02,  1.379726875201793e+01
s144        ,  1.580293395785219e-01,  8.149663805035900e-02,  2.373014323108380e+00,  0.000000000000000e+00, -1.086256560027857e-01,  2.194649365220165e+01
s145        ,  9.188749641933952e-01,  6.842009130963633e-01,  2.974443388368237e-01,  2.398929319966667e-02, -2.304649938601538e-02,  2.402093785164843e+01
s146        ,  8.965084025411505e-01,  7.420499738076949e-01,  2.146476940713186e+00,  0.000000000000000e+00,  3.081872601432678e-02,  1.854462085734449e+01
s147        ,  6.848734553557310e-01,  6.202925651058433e-01,  5.718058625243151e-01,  0.000000000000000e+00,  5.477331756101428e-02,  2.454082423718335e+01
s148        ,  2.946101194283518e-01,  7.514799495113631e-01,  1.376881550910367e-01,  6.185384106707957e-02,  4.868999360233317e-02,  3.068622058870494e+01
s149        , -1.049624548293927e+00, -1.925254043334856e-01,  2.773537132711253e-01,  0.000000000000000e+00,  4.637311034103377e-02,  3.631120968766697e+01
s150        ,  3.591106519707902e-01,  7.389993012663389e-01,  1.615079375959909e+00,  0.000000000000000e+00,  3.787029360864480e-02,  1.999093831556972e+01
s151        , -1.331621263631160e-02,  1.865722272221264e-01,  1.280860489732655e-01,  4.210526315789474e-03,  1.118182323663473e-02,  3.040172964944839e+01
s152        ,  6.334057303004041e-01,  4.361392703487756e-01,  3.102224929308767e-01,  8.749389454012614e-02,  2.587728717147218e-02,  3.691228649820658e+01
s153        ,  1.034338109925286e+00,  3.159588205765775e-01,  1.184951021681429e+00,  0.000000000000000e+00,  1.023656347937307e-02,  2.579709859126583e+01
s154        , -3.383324211856340e-02, -1.382361368960074e-01,  6.952017397221080e-02,  0.000000000000000e+00, -7.902240540846178e-03,  3.386833074045082e+01
s155        ,  1.136039203602913e+00,  6.111718986347361e-01,  5.419619283171194e-01,  1.016158991853731e-01,  5.164130380979219e-02,  3.662463209014976e+01
s156        , -1.392262169733224e+00, -8.697158593991183e-01,  1.197306659294908e+00,  0.000000000000000e+00,  6.190871765097736e-03,  4.234900353064861e+01
s157        , -5.253740885024729e-01, -1.352517882959341e-01,  6.406386255603114e-02,  0.000000000000000e+00, -6.330586682565643e-02,  3.167597605966441e+01
s158        ,  3.989423304234663e-01,  5.657023155270100e-01,  3.436182363724093e-01,  0.000000000000000e+00, -3.155950112337125e-02,  2.242714616912151e+01
s159        ,  5.765884380454732e-01,  5.194629858700959e-01,  7.218660226944650e-01,  0.000000000000000e+00,  3.009084096013842e-02,  2.468239216504922e+01
s160        , -8.116051377987674e-01, -1.024358317266098e+00,  1.649017206461631e+00,  0.000000000000000e+00, -2.405128010547400e-02,  4.239283769133399e+01
s161        , -3.068617279191663e-01, -3.428685386262469e-01, -5.613913439433516e-02,  0.000000000000000e+00, -2.769277556055227e-01,  2.652631434371043e+01
s162        ,  7.336330388262124e-01, -2.718762754561639e-01, -1.076690001808812e-01,  0.000000000000000e+00,  1.238861502812399e-02,  3.692257609768094e+01
s163        ,  5.366582957206302e-01,  2.648573659380227e-01,  1.285321292402380e-01,  4.574202431795375e-02,  1.464306474136409e-02,  3.434104762330909e+01
s164        ,  1.442528357282191e+00,  1.432621352725709e+00,  1.391112464549551e+00,  1.704330261330640e-03,  4.607764941376924e-02,  1.119755590528120e+01
s165        , -1.062713736405366e-01,  5.507150579394104e-01,  1.121620269153918e+00,  0.000000000000000e+00,  3.958517527091893e-02,  2.376308446871751e+01
s166        , -8.326065002207604e-01,  2.624872164014578e-01,  9.465026633073616e-03,  0.000000000000000e+00,  4.785987396067161e-02,  3.051534703613907e+01
s167        ,  3.946237056414995e-01,  3.082461779436341e-01,  6.040654734775845e-02,  9.243200000000000e-02, -1.740940592317703e-01,  3.202893003691145e+01
s168        ,  2.235679947771067e+00,  1.044861540063779e+00,  2.528011820265294e+00,  0.000000000000000e+00, -7.482057623390159e-03,  1.196594952844534e+01
s169        ,  1.625062009748738e+00,  1.160254431497830e+00,  1.035084406651858e+00,  0.000000000000000e+00,  2.814357950988008e-02,  1.489659917508287e+01
s170        ,  1.327620092596634e-01,  8.384093739359404e-01,  1.742100358167080e-01,  1.363062442607897e-01,  9.239816732612205e-03,  3.664475944824713e+01
s171        ,  5.954984467350798e-01,  2.749393924186767e-01,  1.415117584216464e+00,  0.000000000000000e+00, -3.948417628879491e-02,  2.394740092863023e+01
s172        ,  5.199772380778388e-01, -2.326513877451393e-01, -1.614095057885121e-02,  0.000000000000000e+00, -2.030914519696767e-01,  2.776671281773118e+01
s173        ,  6.222838143288129e-01,  9.301064864811572e-01,  3.520189517198394e-01,  2.929687500000000e-02, -9.131258688211158e-03,  2.160455524971600e+01
s174        ,  1.054103529053623e+00,  7.184936947064386e-01,  5.370952601302559e-01,  0.000000000000000e+00,  1.233714627673899e-01,  2.590504134280782e+01
s175        , -5.255654946879281e-01, -1.943230795967259e-01,  4.085019900416947e-02,  0.000000000000000e+00, -8.125882223543629e-02,  3.185854505552125e+01
s176        ,  9.849433920982633e-01,  9.617928514029390e-01,  1.858322543018749e+00,  0.000000000000000e+00,  3.671304655694335e-02,  1.628463199270526e+01
s177        , -4.422819104749493e-01,  4.121606687346624e-03,  5.488011238296234e-01,  0.000000000000000e+00, -3.389320749636476e-02,  2.982730669627619e+01
s178        , -6.072036959750036e-01, -5.503825068086030e-01,  9.392129418932239e-01,  0.000000000000000e+00,  4.227307592495876e-02,  3.979737397964381e+01
s179        ,  1.274608736041423e+00,  6.400881251050388e-01,  2.410700327169222e+00,  0.000000000000000e+00, -2.305760003647837e-01,  9.223455119694504e+00
s180        , -1.497077617346340e+00, -1.278121833536829e+00,  3.588362378500292e+00,  3.152621592854829e-02, -3.032204081745234e-02,  4.534032113459632e+01
s181        , -2.083438027973673e+00, -1.468398779673782e+00,  3.592012352754224e+00,  0.000000000000000e+00, -1.101867532308717e-02,  4.504426273785889e+01
s182        ,  1.836267684377070e+00,  8.740325434861640e-01,  5.217784115334245e-01,  0.000000000000000e+00,  2.803494667855000e-02,  2.002213226345258e+01
s183        ,  9.114464311238878e-01,  6.888765991513290e-01, -1.409822401930827e-02,  5.240614764424287e-02, -7.388671991572450e-02,  2.599225363613232e+01
s184        ,  1.514590021168478e+00,  1.515744321852694e-01,  1.477285424015425e+00,  0.000000000000000e+00, -7.228515001850538e-02,  2.427686851570403e+01
s185        ,  1.833338059507960e+00,  1.126871337263296e+00,  2.396194724261187e+00,  0.000000000000000e+00, -7.031536712494324e-02,  8.636488676051492e+00
s186        ,  2.453649877689343e-01,  5.704919561394979e-01,  6.028237905076400e-01,  0.000000000000000e+00, -4.330684440120081e-03,  2.287172023203571e+01
s187        ,  3.720198183543537e-01, -1.789962028014149e-01,  1.114184892342272e-01,  0.000000000000000e+00,  2.143840819004136e-02,  3.549957247191460e+01
s188        ,  1.146530015212694e+00,  1.140969202139807e+00,  6.673555511470051e-01,  0.000000000000000e+00,  9.758083625725000e-03,  1.523207855397788e+01
s189        ,  1.953473158179789e-01,  7.954268548448682e-01,  3.588879992229308e-03,  5.692803437164339e-02,  8.200122104405347e-02,  3.106799376824056e+01
s190        , -2.653274521332475e-01,  1.801242072798792e-01,  5.470782549237002e-01,  7.699167657550536e-02,  2.345224528319223e-02,  3.868687049989963e+01
s191        , -1.734213411135429e+00, -1.737692779674304e+00,  2.045755941749912e+00,  0.000000000000000e+00, -1.741391758389376e-01,  4.576309976116979e+01
s192        , -1.380433379832566e+00, -6.907998011631946e-01,  2.049097592801035e+00,  6.992221153966212e-02, -8.202734092378759e-02,  4.283989717418542e+01
s193        ,  1.331098677791819e+00,  1.177653871188054e+00,  1.387834666719197e+00,  0.000000000000000e+00, -4.327292903972396e-02,  1.111552059718723e+01
s194        ,  5.090097107027989e-01,  6.852707214925147e-03,  4.109900316713562e-01,  0.000000000000000e+00, -3.610458410726639e-02,  2.999503081459266e+01
s195        , -9.924573921340460e-02, -2.510985003061093e-01,  8.836206551124659e-01,  5.190311418685121e-02,  1.590200978577891e-02,  4.079840670620511e+01
s196        , -5.779338669443590e-01, -5.236523566133195e-01,  3.014523026461673e-02,  0.000000000000000e+00, -1.600849378393534e-01,  3.345406458112539e+01
s197        ,  2.483047809304522e-01,  2.373515323719517e-01,  4.339551570860263e-02,  1.345048828879899e-02, -8.591731959579707e-02,  2.716844567117086e+01
s198        , -5.206217556690500e-01,  2.834733233652136e-01,  1.225979645578896e+00,  0.000000000000000e+00, -5.137171381976741e-02,  2.376462191292538e+01
s199        , -5.943289801913764e-01, -3.305297899375417e-01,  1.779655046488750e-01,  4.087395957193817e-03, -1.218356333943494e-01,  3.239000899485377e+01
s200        , -1.021605773659559e+00, -9.114886404412599e-01,  1.313618138903251e+00,  0.000000000000000e+00, -1.942755437029102e-02,  4.169210020728147e+01
s201        , -1.880186336712063e-01, -2.524163664650072e-01, -2.220272587926101e-02,  0.000000000000000e+00, -1.638587230847052e-01,  2.958940287124151e+01
s202        ,  8.974446090874552e-01,  6.883967222787555e-01,  3.044217940408764e-01,  0.000000000000000e+00,  1.502025021468716e-01,  2.787073956546723e+01
s203        ,  1.491847227695687e+00,  7.927137213333117e-01,  2.232441693910113e-02,  7.641291810841985e-02,  3.897439067259525e-02,  3.169131093596468e+01
s204        ,  5.673187961114483e-01,  1.726368865405321e-01,  1.039878089243996e-01,  0.000000000000000e+00, -9.703226877618407e-02,  2.592933911453870e+01
s205        ,  7.052663182498152e-02,  1.400791737451790e-01,  1.293528345687454e+00,  0.000000000000000e+00, -3.497661481665604e-02,  2.628498042536304e+01
s206        ,  4.612958000362408e-01, -2.032357955661110e-01,  1.548596944960079e-01,  0.000000000000000e+00, -1.952133922047322e-02,  3.415127395823992e+01
s207        , -1.890335631962240e-01, -3.894532327462059e-01,  2.085452935210765e+00,  0.000000000000000e+00,  1.384357838809339e-01,  3.884467247779738e+01
s208        ,  1.196645888991632e+00,  5.180885527783847e-01, -2.944346355053920e-02,  0.000000000000000e+00,  9.471986075750852e-03,  2.549222057798658e+01
s209        ,  1.251755561530769e-01,  5.632822198861018e-01,  3.594124424207272e-01,  1.089665326055731e-01,  1.210629886089915e-02,  3.701456510199394e+01
s210        ,  4.275859111659360e-01,  1.181221518561006e-01,  5.307986104574867e-01,  0.000000000000000e+00, -7.682377135514645e-03,  2.927911727986363e+01
s211        ,  5.283027681041661e-01,  6.485019447919820e-01, -1.182277370136367e-02,  7.709750566893424e-02, -5.675373261338768e-02,  3.014506453068555e+01
s212        , -5.193859304496163e-01, -5.153739339050585e-01,  5.566710547021948e-01,  0.000000000000000e+00, -7.469492564675731e-03,  3.817440152939274e+01
s213        , -7.895660096178727e-01, -7.163511700759417e-01,  4.237560058202144e-01,  0.000000000000000e+00, -7.290111270796858e-02,  3.874029613710803e+01
s214        , -8.273130453363812e-01, -1.481500803442847e+00,  3.483712265920480e+00,  0.000000000000000e+00, -1.899955504580081e-02,  4.514770258299279e+01
s215        ,  7.097242197335737e-01,  6.013308403474413e-01,  1.245511685434866e-01,  1.115046569592024e-01, -5.733533064882912e-02,  3.456660401281011e+01
s216        , -4.103389107009319e-01, -2.441822428704976e-01,  1.722056012295464e-01,  0.000000000000000e+00, -1.413827346402743e-01,  2.993746390005937e+01
s217        ,  5.083753923761842e-01, -1.010178458510017e+00, -3.606990443356614e-02,  0.000000000000000e+00, -3.563756724857565e-01,  3.280289366497976e+01
s218        ,  1.227559854195250e+00,  8.018589587265186e-01,  1.144762908123807e+00,  0.000000000000000e+00,  6.307804147154866e-02,  2.108569316347467e+01
s219        ,  4.233903461072759e-01,  3.635865399691074e-02,  1.281740630187861e-01,  0.000000000000000e+00,  7.654760237325933e-02,  3.457455712922270e+01
s220        , -9.401298955648565e-02,  6.893913633089748e-01,  2.223654587515323e+00,  0.000000000000000e+00, -3.997361638904240e-03,  1.776556367215984e+01
s221        ,  1.262898065596499e+00,  1.926584823735089e-01, -4.530218890969677e-03,  0.000000000000000e+00,  3.554668284527707e-02,  3.105024917699249e+01
s222        , -8.196925206317609e-01, -9.863265813641098e-02,  1.221781052834591e+00,  7.581234567901235e-02,  4.772490965778303e-02,  4.199690944126692e+01
s223        ,  4.013207508237785e-01, -4.790576032483425e-01, -4.550470365205346e-03,  0.000000000000000e+00, -2.103953228820890e-01,  3.093517966345399e+01
s224        ,  7.221682333138075e-01,  5.538881492638685e-01, -7.916926779910513e-02,  0.000000000000000e+00,  1.369469822605442e-01,  3.006645793541587e+01
s225        ,  7.658761358813224e-01,  3.268122933439352e-01,  2.011739296538963e+00,  0.000000000000000e+00, -4.349055149471792e-02,  2.179230603899497e+01
s226        ,  1.021677840387193e+00,  4.237249709424329e-01,  1.609648158297875e+00,  0.000000000000000e+00, -1.230154650577792e-02,  2.249494537574995e+01
s227        , -1.713769108940136e-01,  6.498457235361326e-01,  1.265453382981312e-01,  0.000000000000000e+00,  6.490450619868759e-02,  2.546423683459837e+01
s228        ,  1.274319171489858e-01, -1.362048362521975e-01,  3.393109208373402e-01,  1.833751713578664e-02,  2.334907622976456e-02,  3.665434497652463e+01
s229        ,  2.041762025685344e-01, -2.464539571881716e-01,  1.301674370172370e+00,  0.000000000000000e+00,  5.819310302680318e-02,  3.535908813389898e+01
s230        , -1.775628277285172e+00, -6.824738655918576e-01,  8.555901138576575e-01,  0.000000000000000e+00, -1.734105153057607e-02,  3.951328481102648e+01
s231        , -2.906010097813954e-01, -2.876279173530647e-01,  3.133941384748151e-01,  2.650300494807704e-02, -5.004448550083448e-02,  3.694835246827464e+01
s232        ,  7.153226846206260e-01,  1.006200915794434e+00,  1.731089800504036e+00,  0.000000000000000e+00,  3.406577424326618e-02,  1.582461359286172e+01
s233        , -3.817422129899863e-01,  2.265470751161656e-01,  1.175855109420185e+00,  0.000000000000000e+00, -9.487487137275985e-03,  2.630885044485909e+01
s234        , -1.045314287465124e-01,  1.274584416511743e+00,  1.420770507239376e+00,  4.364946124965660e-03, -3.042507566230457e-02,  1.069478703108068e+01
s235        , -2.007585327297883e+00, -2.077856608715686e+00,  5.893030631927589e+00,  1.669261737434948e-02, -1.687998507463914e-02,  5.050684970429387e+01
s236        ,  1.304199689079254e+00, -3.866402243138043e-01,  6.307644682610597e-01,  0.000000000000000e+00,  3.896722671554517e-02,  3.801194068999748e+01
s237        , -2.782406460538666e-01,  1.761893540379518e-01,  3.515902860849721e-02,  0.000000000000000e+00,  4.776841499857515e-02,  3.167534098128928e+01
s238        , -2.322383208123123e-01, -1.378159869115536e-01,  1.091950856928607e+00,  0.000000000000000e+00, -2.900323671963090e-02,  3.086852494741019e+01
s239        , -3.517230695261006e-01, -4.166186564516656e-01,  6.602646314411711e-01,  4.252681599834713e-02, -5.678304364609814e-02,  3.966424447702263e+01
s240        , -8.445222562838290e-01, -8.608160537393752e-01,  4.400660315363194e-01,  0.000000000000000e+00, -1.155977396197776e-01,  3.907882272256647e+01
s241        , -1.536302083677280e+00, -1.445963940537970e+00,  3.032837522226881e+00,  0.000000000000000e+00, -3.469973044896879e-03,  4.620921446764076e+01
s242        ,  2.935750684089247e-01,  2.761951687659727e-01, -4.594355750642567e-03,  0.000000000000000e+00,  7.075882020539498e-02,  3.124520575998450e+01
s243        ,  1.616760901218624e-01,  6.668514823664378e-01,  5.485683620799632e-04,  4.878135626413146e-02,  7.345532772664214e-02,  3.159268402392773e+01
s244        ,  1.913693632034482e-02,  8.545636861629202e-01,  9.415245160882240e-01,  3.846065795196996e-03,  7.084416596058413e-02,  2.153095865379350e+01
s245        ,  1.011107650821608e+00,  8.962961072123909e-02,  1.618066004800105e-01,  0.000000000000000e+00, -9.043519655344529e-02,  2.723566997513169e+01
s246        , -1.106818107812668e+00, -7.851876599465926e-01,  8.653816859072232e-01,  0.000000000000000e+00, -4.849612468703089e-02,  3.972666982385037e+01
s247        , -1.990274764442437e+00, -9.111188634864114e-01,  2.398567185919897e-01,  0.000000000000000e+00, -1.630470783551850e-01,  3.836243931819026e+01
s248        , -9.667152724294116e-02,  6.305992079686487e-01,  3.623516591424257e-01,  4.225932797361369e-02,  3.946846674430737e-02,  2.923907910884525e+01
s249        , -3.381305046273163e-03, -9.730055259403931e-01,  1.838979533813500e-01,  0.000000000000000e+00, -1.973538316721731e-01,  3.801614811748952e+01
s250        , -1.066763974390572e+00, -7.543430372185109e-01,  3.859799681260533e-01,  0.000000000000000e+00, -1.107218839376343e-01,  3.788101095179594e+01
s251        ,  1.207378380322024e+00, -3.437621138784164e-02,  2.485935092365098e+00,  0.000000000000000e+00, -6.157729748716778e-02,  2.517813381961136e+01
s252        , -7.806439949963919e-01, -2.302343558842352e-01,  6.978111684338545e-01,  4.065803465315568e-02,  9.158450702866361e-04,  3.898412050672318e+01
s253        ,  1.425727038542695e-01, -4.230909814558981e-01, -3.384410373918491e-04,  0.000000000000000e+00, -2.239815175790681e-01,  2.960613528406301e+01
s254        ,  2.519006949731616e-01, -2.103958972831115e-01,  4.035670312241450e-03,  0.000000000000000e+00, -2.095160861491117e-02,  3.451671761565387e+01
s255        ,  2.957126742656839e-01,  5.381300317745197e-02,  8.030403800276432e-03,  0.000000000000000e+00,  2.070497934859371e-02,  3.240429752342848e+01
s256        , -1.208240274724157e+00, -1.143601974937009e+00,  1.790557741927230e+00,  0.000000000000000e+00, -1.484464732057229e-02,  4.413474073592960e+01
s257        ,  9.313485666439150e-01,  6.896289962236111e-01,  4.380138023068409e-02,  7.308641975308641e-02, -5.409411873445985e-03,  3.097566051273657e+01
s258        , -6.564646920389060e-01, -4.446501459867074e-01,  2.985683574612391e-01,  0.000000000000000e+00, -4.695881821542813e-02,  3.618320454784983e+01
s259        ,  6.730828234081326e-01,  9.131396314239353e-01,  4.570722878217410e-02,  0.000000000000000e+00,  3.445253624853548e-02,  2.073119559643980e+01
s260        , -1.076132473957489e+00, -1.510123476263927e+00,  3.821271092858257e+00,  5.246913580246913e-02, -1.096246621549094e-01,  4.750233744403862e+01
s261        ,  4.986447736713935e-01,  1.637707913894046e-01,  4.973946009989305e-02,  2.935925411624677e-02,  9.714582199967445e-03,  3.380595044947366e+01
s262        , -7.901168230278026e-01, -6.911920467791108e-01,  2.041851487601445e-02,  0.000000000000000e+00, -1.959472905138775e-01,  3.444023847218713e+01
s263        , -1.546259780331375e+00, -1.043425688429300e+00,  3.847998488516361e+00,  7.745036370381123e-02,  1.933292202153496e-02,  4.884342108509986e+01
s264        , -5.529113966692345e-01,  5.268204496350983e-01,  3.670720534767366e-01,  0.000000000000000e+00,  9.424245337600801e-02,  2.783489003911846e+01
s265        , -4.420703395591482e-01,  7.980707434404910e-01,  7.643028387717608e-01,  2.559016068240428e-02,  4.002736226879527e-02,  2.407291726930720e+01
s266        ,  1.642224930755288e-01,  8.106957502861705e-01,  2.112761251400288e+00,  0.000000000000000e+00, -2.805708522321537e-03,  1.633524618258691e+01
s267        , -5.742332897034260e-01, -4.781377015510198e-01,  2.174692778462848e-01,  0.000000000000000e+00, -5.764648230392704e-02,  3.641102731366557e+01
s268        , -1.103100765949088e+00, -8.421823414590046e-01,  5.640308330117529e-01,  0.000000000000000e+00, -9.148515417155459e-02,  3.949349603345875e+01
s269        ,  7.960085847259791e-01,  8.479857918212597e-01, -1.075566889485831e-02,  0.000000000000000e+00,  2.303928547421696e-02,  2.132538090924891e+01
s270        , -4.283987476508868e-01, -1.396622234439726e-01,  2.216081996345569e-01,  0.000000000000000e+00, -2.308521332466013e-01,  2.486623161736041e+01
s271        ,  2.199521430164574e-01, -1.606184766908716e-01,  1.788027179831423e-01,  0.000000000000000e+00, -2.630959815941444e-02,  3.323402110443349e+01
s272        ,  4.892735632468817e-01,  8.477661771802594e-01,  7.609151240877362e-03,  0.000000000000000e+00, -1.935545274134452e-02,  1.963527891411866e+01
s273        , -7.406199765582813e-01, -4.204558355171364e-01, -1.466601639457147e-03,  8.972921006248998e-03, -8.579119282313205e-02,  3.602428836727591e+01
s274        ,  1.772759222941352e-01,  6.628420470179508e-01,  2.058755271252637e+00,  0.000000000000000e+00,  2.474323525449218e-02,  1.961181741552670e+01
s275        ,  2.643568451335951e-01, -1.964032726865486e-01,  1.071502982456670e-01,  0.000000000000000e+00, -8.963454351508984e-02,  3.142034300943740e+01
s276        , -5.816893010125334e-01, -2.071050214937369e-01,  4.792124017569549e-01,  4.610995749966039e-02, -5.972184382106213e-02,  3.740024257175384e+01
s277        , -1.588157064474181e+00,  7.924490307665399e-02,  2.217541955636244e+00,  0.000000000000000e+00, -1.423265839595442e-01,  2.099334286214208e+01
s278        ,  1.926575532177041e+00,  9.640849795739599e-01,  3.386623852303928e-04,  9.832702020202021e-02,  5.964769774773870e-02,  3.271658690259763e+01
s279        ,  1.613883746546309e+00,  1.060157222103031e+00,  1.195517182247165e+00,  0.000000000000000e+00,  1.165813443226609e-01,  1.941968749307744e+01
s280        , -1.609264987376504e+00, -1.376309617299746e+00,  3.382929452024973e+00,  0.000000000000000e+00,  5.235574239254095e-03,  4.482250328325654e+01
s281        , -1.346496740458654e+00,  2.147196360345076e-01,  1.928490125795778e+00,  0.000000000000000e+00, -8.355406892773204e-02,  2.198799068736223e+01
s282        , -1.354536059868065e+00, -3.686864526087672e-01,  4.510114323708603e-02,  0.000000000000000e+00, -7.386555777268375e-02,  3.459916902015576e+01
s283        ,  4.444527822772946e-01,  4.785271401950029e-01,  1.129593151257024e+00,  1.474287329299470e-01,  1.891545577136819e-03,  4.072463795773621e+01
s284        ,  2.385788249720763e+00,  7.074883148289901e-01,  2.844640590682397e-01,  0.000000000000000e+00,  1.387071844343916e-01,  2.719508723789541e+01
s285        ,  4.002184027452821e-01,  7.385390989823137e-01,  3.464688905946491e-01,  1.572189710891781e-02,  8.254349825444859e-02,  2.629247951454957e+01
s286        ,  1.951350507345722e+00,  1.561723364317417e+00,  2.580661646038211e+00,  0.000000000000000e+00,  4.913590947906338e-02,  6.767784320665660e+00
s287        , -7.632184401675010e-01, -1.183448593249003e+00,  1.368343988742305e+00,  0.000000000000000e+00, -6.537472281669261e-02,  4.362185353266678e+01
s288        ,  7.091749484961576e-01, -2.695575313013805e-01,  1.387834882664830e-01,  3.050632017512887e-02, -1.468873652528234e-01,  3.375852961340219e+01
s289        ,  2.314010563846089e+00,  1.191471448841034e+00,  2.588461769113618e+00,  0.000000000000000e+00,  5.678268406481557e-03,  1.028170385273972e+01
s290        ,  7.654861282396249e-01,  5.680310658217567e-01,  4.145657367666975e-02,  0.000000000000000e+00,  3.931797678713774e-02,  2.580133041060933e+01
s291        , -1.053228118031399e+00, -4.431190030782228e-02,  2.752704693488718e+00,  0.000000000000000e+00, -2.293529280933818e-01,  1.820555421922317e+01
s292        , -1.544830063612452e+00, -5.460110103760991e-01, -2.824997491528248e-03,  0.000000000000000e+00, -8.933299687605137e-02,  3.660034810595313e+01
s293        , -1.690406548169091e+00, -1.593762111190373e+00,  2.215162286228160e+00,  0.000000000000000e+00, -1.116246068864653e-01,  4.581113776728196e+01
s294        ,  1.421215154761337e+00,  1.120245559438363e+00,  2.744396865120436e+00,  0.000000000000000e+00, -2.698033466911826e-02,  9.681715568111006e+00
s295        , -1.705271840139647e+00, -1.143244965350611e+00,  1.175444192507626e+00,  0.000000000000000e+00, -1.022698373483175e-01,  4.202425822357755e+01
s296        , -7.627385590929443e-01,  1.249964996866004e-01,  1.617631516694658e+00,  0.000000000000000e+00, -1.434764627592420e-01,  2.157623975165848e+01
s297        ,  3.113058113377143e-01,  3.734295091314810e-01,  1.449842346410374e-01,  0.000000000000000e+00, -1.779054899361250e-01,  1.985246582773588e+01
s298        ,  4.087923101857815e-01,  6.503230715139099e-01,  6.212339769526651e-01,  0.000000000000000e+00,  9.730786066073388e-02,  2.567167734707191e+01
s299        , -3.373353052859910e-01, -4.186496312487709e-01,  4.981600466548989e-01,  0.000000000000000e+00,  1.763578342152437e-02,  3.791292701925163e+01
s300        , -1.247040873629315e+00, -1.622845347333496e+00,  3.039602782210924e+00,  0.000000000000000e+00, -3.867020998041365e-02,  4.731807258780446e+01
s301        ,  1.197929368440681e+00,  1.182806334687050e+00,  2.266390969027050e+00,  0.000000000000000e+00,  5.754219844795816e-02,  1.311143738520936e+01
s302        , -1.485192472843855e+00, -6.498800959406328e-01,  5.451735022550060e-01,  0.000000000000000e+00, -5.899166456356617e-02,  3.808702507389599e+01
s303        , -8.549580863671642e-01,  2.148247053970789e-01,  2.053209573029479e+00,  0.000000000000000e+00, -6.358821310605628e-02,  2.250079414104436e+01
s304        ,  1.882993199254014e+00,  7.128203210458348e-01,  4.708069796327287e-01,  3.142984561150163e-02,  2.455708918984706e-02,  2.598608511914021e+01
s305        , -5.165357198073315e-01, -5.398780333967994e-01,  4.300797673003486e-01,  4.266666666666667e-03, -4.642628070647221e-02,  3.777339708427444e+01
s306        ,  1.036931584747022e+00,  3.649980950950704e-01,  1.002870132419523e-01,  0.000000000000000e+00,  3.124713824802255e-02,  2.822736394728449e+01
s307        ,  5.869139350739364e-01,  5.469577751381665e-01,  3.946535268160761e-01,  8.954878630600412e-02,  5.413202333416627e-02,  3.651425408804461e+01
s308        , -1.992374094653734e+00,  4.988437257534617e-03,  2.256783017867063e+00,  0.000000000000000e+00, -1.460126981609539e-01,  2.181435020354307e+01
s309        ,  1.168183907358183e+00,  5.884786341315063e-01,  3.747371284602961e-01,  0.000000000000000e+00,  2.113035885278142e-01,  3.151595140079338e+01
s310        , -1.689353307212060e-01,  4.594670153939839e-02,  1.018269385056216e+00,  9.592872008324661e-02, -2.241472888978274e-03,  4.081686293888902e+01
s311        ,  4.171830243610439e-01,  2.015175679212291e-01,  5.825982969511599e-03,  6.631780385781301e-02, -1.827885745997175e-01,  3.022458849373948e+01
s312        , -6.851064106122525e-01, -1.709545203227627e-01,  3.061821030918822e-01,  2.960609376315125e-02, -3.871440593266971e-02,  3.612576522939226e+01
s313        , -3.693039585493864e-01, -4.026188850449750e-01,  1.712962730507091e-01,  0.000000000000000e+00, -3.401841235776146e-02,  3.636503967842196e+01
s314        , -1.774434185617937e-01, -6.353862742695959e-02,  2.814955792748900e-02,  0.000000000000000e+00, -2.009558990973449e-02,  3.242601253398996e+01
s315        , -3.815749786763621e-01, -2.161372200503502e-01,  3.844303195086463e-03,  0.000000000000000e+00,  1.812658026729411e-02,  3.612296903785300e+01
s316        ,  6.374559564486622e-01,  8.955069911723172e-01,  1.979588315810008e+00,  0.000000000000000e+00,  5.355116388137504e-02,  1.761984397124986e+01
s317        , -2.030534733815181e+00, -1.581485473788012e+00,  2.962403643742550e+00,  0.000000000000000e+00, -1.720457023338724e-02,  4.773573317735720e+01
s318        , -8.028512356005929e-02, -1.845974473483927e-01,  4.615363708917597e-02,  0.000000000000000e+00, -5.603621426444376e-02,  3.269417713156732e+01
s319        , -5.934013466311562e-01,  3.055692311097515e-01,  2.056031957003185e-01,  0.000000000000000e+00, -6.423847838544414e-02,  2.511684898904065e+01
s320        ,  2.790171268766068e+00,  2.213791899519808e-01,  2.196950698326904e+00,  0.000000000000000e+00, -2.667562605179413e-02,  2.354343211906903e+01
s321        , -1.062277605983095e+00, -7.821208301744784e-01,  1.886786572049097e+00,  0.000000000000000e+00,  4.110016456760136e-02,  4.101101925791890e+01
s322        ,  7.515966182544803e-02,  3.059923932729582e-01,  3.284625127682738e-01,  0.000000000000000e+00, -8.239959319004005e-02,  2.414142187230659e+01
s323        ,  7.526438612763078e-01,  6.180239743316513e-01,  2.859811839854642e-01,  0.000000000000000e+00, -6.066925991310054e-02,  2.067513172848011e+01
s324        , -2.651743878812372e-01, -8.135256088879474e-01,  1.115955332275462e+00,  0.000000000000000e+00, -3.442403458911340e-02,  4.014380318924514e+01
s325        ,  3.264086782559880e-02,  1.031330798673277e+00, -2.213922834012655e-02,  5.141986921078563e-02,  2.545570086415569e-02,  2.493519603528249e+01
s326        , -8.716201269332444e-01,  4.393767697498632e-01,  1.914878247082706e+00,  0.000000000000000e+00,  1.374786726098992e-02,  2.264247279922777e+01
s327        , -1.671151256925621e-01, -3.841804964766218e-01,  7.405831363588620e-01,  0.000000000000000e+00,  6.476342836307158e-02,  3.875063705076109e+01
s328        , -8.227567374308942e-02,  4.353902486179675e-01,  1.496571625195648e+00,  0.000000000000000e+00, -3.845818724394540e-02,  2.154972427101321e+01
s329        , -3.051380631011923e-01,  2.663082697491497e-01,  5.633532525985550e-01,  0.000000000000000e+00,  2.506815016290787e-02,  2.839623924905522e+01
s330        ,  2.650804092125521e-01, -7.808687739895581e-02,  1.606709968329456e+00,  0.000000000000000e+00, -3.652851128474671e-02,  2.863902013471365e+01
s331        , -1.375958879843693e-01,  2.279573741321665e-01,  9.512759268761864e-03,  0.000000000000000e+00,  8.231582433311169e-02,  3.234708887492138e+01
s332        , -2.261103407740682e-02,  2.684179169933261e-01,  1.690426756524742e-02,  0.000000000000000e+00,  8.444734489591682e-02,  3.184346062643670e+01
s333        ,  1.323183942483754e+00,  1.420491711497761e+00,  2.563908779721334e+00,  0.000000000000000e+00, -1.713426875717422e-02,  6.211038258365167e+00
s334        , -8.334838045052184e-01, -6.863094940092820e-01,  1.591594230526260e+00,  2.946189432675919e-02,  3.675697537091294e-03,  4.230825786931884e+01
s335        , -6.616430929673620e-01, -6.731233088362187e-01,  6.450693213001035e-01,  1.798611111111111e-02, -9.932928980339792e-02,  3.875556476653856e+01
s336        ,  7.402611706142617e-01,  6.167149558770566e-01,  3.090074058139422e-02,  0.000000000000000e+00,  1.489498396779313e-01,  2.941432208159924e+01
s337        , -2.672477917829363e+00, -1.071630040265873e+00,  5.200848088933928e-01,  0.000000000000000e+00, -1.144779086819682e-01,  4.192831958695575e+01
s338        ,  5.119490895181960e-01,  3.357444727715886e-01,  2.391405432619638e-01,  0.000000000000000e+00,  4.129629490314751e-02,  2.873762169426150e+01
s339        , -5.205367300996894e-01, -4.908487244879653e-01,  1.285060115379478e+00,  0.000000000000000e+00,  8.107053038740548e-02,  3.973669373819354e+01
s340        , -5.182275979842598e-01, -7.630901238995345e-01,  2.695695636537159e-01,  0.000000000000000e+00, -1.434338281330467e-01,  3.697520760438736e+01
s341        ,  1.970306289887119e+00,  1.082473960970830e+00,  2.288674876207089e+00,  0.000000000000000e+00,  7.901644163557275e-02,  1.531824974588203e+01
s342        , -6.893119617348112e-02, -2.502087812723044e-01,  6.457579823885096e-01,  7.774262813683228e-02, -1.113808581420656e-01,  3.937928827529300e+01
s343        , -9.390007101093139e-01, -7.316669162070086e-01,  7.984885968540506e-02,  0.000000000000000e+00, -1.696508054866018e-01,  3.591145440702552e+01
s344        ,  1.061951331424555e+00,  8.813146687990825e-01,  6.778741184011278e-01,  0.000000000000000e+00,  1.077897750309878e-01,  2.269994812059799e+01
s345        , -7.723215780687482e-01, -3.467594718173026e-01,  2.195902744501089e-01,  0.000000000000000e+00, -6.983874451631567e-03,  3.652892100394595e+01
s346        ,  3.961380156477509e-01,  7.780701167713191e-01,  1.560348958463477e+00,  0.000000000000000e+00,  1.862812040979467e-02,  1.880481795952973e+01
s347        , -1.709617878224923e+00, -1.371121737033644e+00,  2.279489872902416e+00,  0.000000000000000e+00, -9.353815539041886e-02,  4.323769176808814e+01
s348        ,  3.055057864420297e-01,  5.267300850086829e-01,  1.541234327972464e-02,  5.892722236212541e-02, -2.665277780805575e-02,  3.083234650852976e+01
s349        , -2.198294962810686e-01, -2.039666021521072e-01,  7.228650248436531e-01,  4.629045154231368e-02,  2.869393461421439e-02,  4.030995629399334e+01
s350        ,  4.405144181634823e-01,  5.816412460314879e-01,  6.376501499475173e-02,  0.000000000000000e+00,  1.301040396583638e-01,  2.910427460537901e+01
s351        ,  8.658280652293555e-01,  1.292467668832577e+00,  8.322923160285719e-01,  0.000000000000000e+00,  8.035937198497423e-02,  1.549832286261178e+01
s352        ,  9.704682100223125e-01, -4.214961836355808e-01,  4.499450711994701e-01,  7.569204152249136e-03, -3.333242527897320e-02,  3.696161395189267e+01
s353        , -6.298376205439114e-02,  1.500483736801208e-01,  3.983374012502160e-02,  5.420397411380302e-02, -2.140137743018409e-01,  2.822829937867856e+01
s354        , -5.109688604423303e-01,  5.027740692985276e-01,  1.162305444144629e+00,  0.000000000000000e+00, -1.019989445224577e-01,  1.882888851905390e+01
s355        , -1.498401072816738e+00, -4.130632365315532e-01,  2.385168255065895e-01,  0.000000000000000e+00, -4.553689386700477e-03,  3.751945453261106e+01
s356        ,  1.467186882538691e-01,  5.128346582174030e-01,  5.947639074499457e-01,  0.000000000000000e+00,  4.377261143847405e-02,  2.557963220770198e+01
s357        , -9.744403926942342e-02, -6.642974177316598e-01,  4.703005493260806e-01,  2.349619052693271e-02, -1.087924657847243e-01,  3.928420707630755e+01
s358        , -9.190473297739495e-02,  3.883411544486501e-01,  3.002529676763852e-02,  0.000000000000000e+00,  1.497477066202821e-02,  2.741209490840735e+01
s359        ,  4.402510249016559e-01,  7.629330991837395e-01,  7.048946807407992e-01,  0.000000000000000e+00,  5.938787861441513e-02,  2.242495099581372e+01
s360        , -8.756909416699599e-01, -6.451747024625103e-01,  6.461240440532493e-01,  0.000000000000000e+00, -9.171579903210557e-02,  3.652942437727657e+01
s361        , -1.770572058768898e-01,  5.813306114063841e-01,  1.621670382618567e+00,  0.000000000000000e+00,  7.023235832400831e-03,  2.099883387981550e+01
s362        ,  8.704386959032419e-01,  6.494685150377622e-01,  9.997869143314683e-04,  1.498026792665575e-02,  4.741022814421715e-02,  2.682456619847127e+01
s363        , -1.069662019131376e+00, -3.872927908972938e-01,  3.791808671243787e-03,  0.000000000000000e+00, -2.154892929898384e-01,  2.942343079349796e+01
s364        , -9.988945697241733e-01, -1.324230016461078e+00,  2.554487724114878e+00,  0.000000000000000e+00,  2.951911639929046e-02,  4.679362617035446e+01
s365        ,  1.902823636872192e-01,  2.585914337653912e-01, -4.757860571222373e-02,  0.000000000000000e+00,  8.809508970215446e-02,  3.226138702169710e+01
s366        ,  1.236798092554710e+00,  5.754132242920025e-01,  1.080812300568865e+00,  0.000000000000000e+00,  5.246205211179966e-02,  2.400354472263777e+01
s367        ,  9.184480967949833e-01,  4.831100001826873e-01,  1.669555088730399e+00,  0.000000000000000e+00, -3.606384963196002e-02,  2.060234923773034e+01
s368        ,  1.622937156969908e-01,  3.017498053779404e-01,  1.081354515942874e-01,  8.393175983005122e-02, -1.987342219566857e-01,  3.005288735886469e+01
s369        ,  9.732086991131189e-01,  8.118891920247100e-01,  1.775001016759431e+00,  0.000000000000000e+00,  7.885191776275319e-02,  2.022166241151527e+01
s370        , -8.475872099006457e-01, -6.691472043013320e-01,  1.303958972017065e+00,  0.000000000000000e+00,  5.166120863470398e-02,  4.106575328066928e+01
s371        ,  5.916391131784779e-01,  6.149891401203156e-01, -3.144856465100903e-02,  0.000000000000000e+00, -3.992532039465468e-02,  2.220125865725964e+01
s372        ,  7.596908414790238e-01,  1.206807329660920e+00,  8.326162471505140e-01,  0.000000000000000e+00,  1.327414898899447e-01,  1.875066118071242e+01
s373        , -1.946434670867691e+00, -1.379952553490333e+00,  4.381493072411581e+00,  4.544667590027700e-02, -2.888078499181905e-02,  4.679596919734732e+01
s374        , -9.564014283175248e-01, -5.622663586255827e-01, -1.658913087494053e-02,  0.000000000000000e+00, -5.276095262665995e-02,  3.828603237524216e+01
s375        ,  7.284511861928945e-01,  5.820409117724994e-01,  4.241704444064875e-02,  0.000000000000000e+00,  4.926389892209886e-02,  2.598962350924311e+01
s376        ,  2.037232105036610e+00,  1.254434610498857e+00,  2.683147185811878e+00,  0.000000000000000e+00,  1.699875769913900e-02,  9.633677867320293e+00
s377        ,  7.637732850848320e-01,  7.466601197455662e-01,  2.239620473785557e+00,  0.000000000000000e+00, -2.706705217350897e-02,  1.602314724471301e+01
s378        ,  9.950925555332779e-01,  1.265600229445263e-01,  1.416786995158837e-01,  3.526637131080694e-02, -2.595803986882108e-01,  2.432668450929625e+01
s379        , -8.163846007494810e-01, -9.910954592128292e-01,  1.262280027696772e+00,  0.000000000000000e+00, -6.564254876166717e-02,  4.112147092516020e+01
s380        , -9.184292068832668e-01, -8.008810152017820e-01,  3.490174138255851e-01,  6.759512848901579e-03, -1.740054805560033e-01,  3.694625454049731e+01
s381        ,  1.520868814304400e-01,  2.564430248966703e-01, -1.868106040279036e-02,  0.000000000000000e+00, -1.175799213080600e-01,  2.420506050258648e+01
s382        , -7.921265824309522e-01, -7.133555715225102e-01,  1.670376522831508e+00,  3.361140971097216e-02, -5.593239086614937e-04,  4.284811430464438e+01
s383        ,  6.672838300456271e-01,  4.059401054430918e-01,  1.111151310371158e-02,  0.000000000000000e+00,  1.186376612543578e-01,  3.124869342858475e+01
s384        , -8.703903476353084e-01, -1.108955390306948e+00,  1.723630664582215e-01,  0.000000000000000e+00, -2.838389408203097e-01,  3.658499801419190e+01
s385        ,  8.850482925000751e-01,  6.420163007158046e-01,  5.425420897526678e-01,  0.000000000000000e+00,  3.486314579207911e-02,  2.351943253571336e+01
s386        ,  9.061627662896373e-01,  9.991050719714452e-01,  5.068169508677957e-01,  0.000000000000000e+00,  6.965150547057214e-02,  1.991232555753746e+01
s387        , -1.106690246889199e+00, -1.165694852490970e+00,  1.866228597013542e+00,  0.000000000000000e+00,  1.521112921886550e-02,  4.545869976465054e+01
s388        ,  2.054813205480302e+00,  1.185360630531149e+00,  2.703241486796792e+00,  0.000000000000000e+00,  2.512398335134308e-02,  1.088305118592873e+01
s389        ,  5.830110458201297e-01,  4.108091082230085e-01,  1.208875607693375e+00,  0.000000000000000e+00, -1.649031491914327e-02,  2.336461591953278e+01
s390        ,  4.058167767744563e-02,  5.678927014064441e-01, -2.671985906314958e-02,  9.896949290888685e-03,  5.017089809926535e-02,  2.754159377709053e+01
s391        , -3.572825686809578e-01, -1.599798538436952e-01,  4.257177314627986e-01,  1.999231064975009e-02,  6.532510019401500e-04,  3.611656730780141e+01
s392        , -7.654037138178210e-02, -5.821498868732755e-02,  1.060709596548048e-01,  0.000000000000000e+00, -2.959368496774670e-02,  3.181483890090780e+01
s393        ,  3.686774220084653e-01, -1.333138133499441e-01,  1.394759549068693e-01,  0.000000000000000e+00,  5.651501856334933e-02,  3.616386094288895e+01
s394        , -2.015273820649741e-01, -1.250771863777420e+00,  7.795244926866282e-01,  0.000000000000000e+00, -2.189693385028769e-01,  3.982898168121834e+01
s395        , -6.768380070474945e-01,  1.066667252117486e-01,  2.168826672842349e+00,  0.000000000000000e+00, -1.576099289921509e-01,  2.011335128699362e+01
s396        , -1.571978956162156e+00, -5.376731328155149e-02,  4.707195685546360e-01,  0.000000000000000e+00, -2.990413488656318e-02,  3.096582953588832e+01
s397        , -4.953598502673375e-01, -5.036683435961047e-01,  6.661256559162038e-01,  2.468444179898811e-02, -3.252741902682317e-02,  3.971747980570915e+01
s398        ,  1.555253169293308e-01,  1.092716910522519e+00,  8.536174755516089e-01,  0.000000000000000e+00,  4.168460171711158e-03,  1.529964692585420e+01
s399        , -1.863721424692930e+00, -1.104420087196732e+00,  1.762037370962937e+00,  0.000000000000000e+00, -2.606970236914586e-02,  4.320423373135153e+01
s400        , -1.580914135378971e+00, -1.087684057687340e+00,  2.255787376790063e+00,  0.000000000000000e+00,  9.594571578017685e-04,  4.297447530451037e+01
s401        , -1.745467987214961e+00, -8.502032900747696e-01,  1.414556752525372e+00,  0.000000000000000e+00,  2.354467514459807e-02,  4.228951209281191e+01
s402        , -6.980793622242579e-01, -7.392310184650390e-01,  3.513046463927643e-01,  0.000000000000000e+00, -1.014025914450861e-01,  3.810494759421773e+01
s403        ,  2.251226886668626e-01,  9.781102620436395e-01,  3.185933677155856e-01,  1.170655567117586e-02,  2.713591235775165e-03,  1.938043024335744e+01
s404        ,  7.040030298805582e-01,  4.791532268380123e-01,  6.901592868659134e-01,  0.000000000000000e+00, -6.259718259909658e-02,  2.170205542797116e+01
s405        ,  7.810975699633603e-01,  6.754030265411810e-01,  7.608976750616702e-01,  0.000000000000000e+00,  1.038510745045737e-01,  2.527648810706610e+01
s406        , -7.486530226048839e-01,  6.690399705068018e-02,  1.486770782296532e-02,  0.000000000000000e+00,  3.009812323726403e-02,  3.257151533777659e+01
s407        , -5.898664718227482e-01, -2.295188250954486e+00,  6.500694062428302e+00,  0.000000000000000e+00, -2.694294658553051e-02,  4.991830967205174e+01
s408        , -1.653430955336652e+00, -8.892222653375743e-01,  1.941143163207233e+00,  1.462773475040986e-02,  1.917374795775303e-02,  4.328124406233599e+01
s409        ,  3.615421057666913e-01,  4.157555228857337e-01,  2.767436672050119e-01,  7.380835224837701e-02,  4.535320641109909e-02,  3.641299204507430e+01
s410        , -1.927277741805878e+00, -4.734068485654230e-01,  4.062120179454726e-01,  0.000000000000000e+00, -1.050919182896709e-02,  3.778283304026089e+01
s411        , -7.559092474121808e-01, -1.040794094369380e+00,  1.043188306084056e+00,  0.000000000000000e+00, -1.163458615978515e-01,  4.030967720089006e+01
s412        ,  1.873884464024186e+00,  6.193614805806906e-01,  1.295746065204291e-01,  0.000000000000000e+00, -1.264070577559797e-01,  1.842324367822513e+01
s413        , -8.487613459239006e-02,  1.822951696663342e-01,  3.413668939539614e-01,  9.997519995039990e-02, -1.186768467841404e-01,  3.626446257512482e+01
s414        , -7.984251397438490e-02, -2.585812824372191e-01,  1.232953371013844e-02,  0.000000000000000e+00, -2.346268171047885e-01,  2.684178793759419e+01
s415        ,  3.823952603345894e-01,  1.035639856218888e-01,  2.016233797932406e-01,  6.113062547303460e-02, -2.598847392897498e-02,  3.669652336870004e+01
s416        , -9.819900149129637e-01, -6.717096181460152e-01,  1.361735559462659e+00,  0.000000000000000e+00,  4.501543666320417e-02,  4.071995400174059e+01
s417        , -1.482842264827313e+00, -1.285932643930189e+00,  3.801070147814968e+00,  3.921253192302279e-02,  2.811740883757814e-02,  4.818802537883688e+01
s418        ,  5.288306085486906e-02,  4.660556952892501e-01, -3.470361489217531e-02,  0.000000000000000e+00,  6.871017173228570e-02,  2.854927520103216e+01
s419        , -1.062501299146121e+00, -1.083318387392943e+00,  1.423340716325536e+00,  0.000000000000000e+00, -6.833470039075297e-02,  4.197624955063047e+01
s420        ,  1.615525737358244e+00,  1.028316748734195e+00,  2.071684398858024e+00,  0.000000000000000e+00,  4.808728593469092e-03,  1.364780245981340e+01
s421        , -8.420822469136372e-01,  2.505381050682172e-01,  1.069374040635542e+00,  0.000000000000000e+00, -7.742594546374176e-02,  2.354534845151104e+01
s422        , -2.976491469173829e-01, -2.406992344775061e-02,  5.974353896556054e-01,  5.396960934619340e-02,  2.244346622926414e-02,  3.870096866707220e+01
s423        ,  2.602465190009081e-01, -1.473767203403304e-01, -1.244609023006408e-03,  0.000000000000000e+00, -4.388950586048970e-02,  3.274337923042805e+01
s424        , -1.598544685575905e-02,  4.884790588475958e-01,  2.043703945966782e+00,  0.000000000000000e+00, -6.410637007410752e-02,  1.863807891966564e+01
s425        , -6.873434672527887e-01,  2.868399202589966e-03,  8.738093416848777e-01,  6.850302447848945e-02, -4.462439078067815e-03,  3.840242947942727e+01
s426        ,  3.868281565378119e-01,  1.058826924016407e+00,  7.140347780792180e-01,  0.000000000000000e+00,  9.210522933303014e-02,  1.950556658129045e+01
s427        , -4.350921811790253e-01, -4.448966994009362e-01,  1.436147826043858e-01,  0.000000000000000e+00, -1.091513468101359e-01,  3.408892526306952e+01
s428        ,  1.434023500487657e+00,  5.384644288112501e-01,  3.338995289329177e-01,  0.000000000000000e+00,  1.754243116793641e-02,  2.474817077786693e+01
s429        , -1.410084545291047e-01,  1.659142949734709e-01,  2.287854092762087e-01,  1.444924000750610e-02, -3.264861377902778e-02,  2.997981943931227e+01
s430        , -2.958129836419498e-04, -2.210541097810159e-02,  1.152973634059660e+00,  0.000000000000000e+00, -4.099729855310935e-02,  2.863770461755274e+01
s431        ,  4.037460271826608e-01,  6.318644997952250e-02,  3.160187453064717e-02,  0.000000000000000e+00,  5.006498201951842e-03,  3.160940516105271e+01
s432        , -1.066289337790876e+00,  2.103188818786648e-01,  1.000635115266213e+00,  0.000000000000000e+00, -2.058841344652629e-02,  2.647673944098117e+01
s433        ,  1.465780698491131e-01, -1.421938594647671e-01,  8.770919057572955e-01,  0.000000000000000e+00,  1.387575348658590e-01,  3.793236142512354e+01
s434        ,  4.355472814078697e-01,  8.747735971590966e-01,  7.231575502162459e-01,  2.053417836124943e-02,  6.180985382150572e-02,  2.332976760168684e+01
s435        ,  1.360224600447043e-01, -2.245482475723848e-01,  3.454538115689385e-01,  0.000000000000000e+00,  4.069766733265825e-02,  3.639719498429706e+01
s436        , -1.176834064700477e+00, -6.633269244173599e-01,  2.290392724222062e-01,  0.000000000000000e+00, -1.255058802188495e-01,  3.635261245917452e+01
s437        ,  4.255542297351823e-01,  5.324288960143342e-02,  1.211025571143712e+00,  0.000000000000000e+00,  1.865528543425393e-01,  3.632977035731214e+01
s438        ,  4.759340095896715e-01,  2.754927719837768e-01,  1.165936809352785e-01,  0.000000000000000e+00,  4.187527094177082e-02,  2.987083167327144e+01
s439        , -1.323840968987944e+00, -5.772718444583935e-01,  2.318226877694667e+00,  6.805293005671077e-02,  3.691742881740925e-02,  4.508623849915981e+01
s440        ,  1.911375936580773e+00,  6.310488563120609e-01,  3.209614186278511e-01,  0.000000000000000e+00,  1.261216270648190e-01,  2.770548204945317e+01
s441        , -5.968585101940267e-01, -6.841714221512023e-01,  1.167597767930823e-01,  0.000000000000000e+00, -2.018696783984789e-01,  3.390552965991123e+01
s442        ,  1.602708630643594e+00,  9.909027628355680e-01,  1.798250007737605e-01,  2.842724476693840e-02, -1.165391230002849e-02,  2.091071034926543e+01
s443        , -3.418194688489122e-01, -1.135527986364171e+00,  6.694750194106784e-01,  0.000000000000000e+00, -1.221847023674251e-01,  4.221239369533984e+01
s444        ,  7.637447106545253e-02, -2.479735667548790e-01,  7.295671620625489e-03,  0.000000000000000e+00, -5.393730240397826e-02,  3.375313171695291e+01
s445        ,  1.017156754691856e+00,  1.873005867922748e-01,  1.499515451788085e-02,  0.000000000000000e+00, -3.655677850772825e-02,  2.827099612101306e+01
s446        ,  1.325048844178530e-01, -9.722779084210842e-02,  5.795984963578693e-02,  1.544090614660108e-02, -5.520866527466808e-02,  3.329372592564216e+01
s447        , -1.204238242348799e-02,  1.328805660707784e-01,  4.650795676425866e-01,  0.000000000000000e+00,  1.565631893635133e-02,  3.012097611510899e+01
s448        ,  1.955645847805345e-01,  6.842074779308005e-02,  5.734552283462834e-02,  0.000000000000000e+00,  9.594021181787110e-02,  3.502904492832586e+01
s449        ,  1.023488117482967e+00,  2.838306377162159e-01,  4.204413324239067e-01,  0.000000000000000e+00,  6.643807086561621e-02,  3.006652456449668e+01
s450        ,  1.292595058164963e+00,  6.700068570971618e-01,  1.036242263390996e+00,  0.000000000000000e+00,  3.371137216222592e-02,  2.203131875007718e+01
s451        , -1.076547322827218e+00, -1.208402334905107e+00,  1.308577696291298e+00,  1.247165532879818e-02, -1.206312796792191e-01,  4.341939167203210e+01
s452        ,  1.041326926021929e+00,  8.780226779058489e-01,  2.065985690552029e-01,  1.269333333333333e-01,  4.044719180718319e-02,  3.612639697257377e+01
s453        , -2.986039119797084e-01,  1.175355618932996e-01,  4.079107712478464e-01,  5.760000000000000e-02,  2.584543507319181e-02,  3.766648657365324e+01
s454        , -1.068578759667890e+00, -1.123670420383158e+00,  2.740649976843127e+00,  0.000000000000000e+00,  6.496021493630755e-02,  4.495037701439179e+01
s455        , -1.019022963464540e-01, -4.700384028054239e-01,  3.753033161049830e-01,  0.000000000000000e+00, -1.019281468252538e-02,  3.781324808712710e+01
s456        , -1.276108587100781e+00, -6.984146492180399e-01,  2.088789045297420e+00,  4.361228202028123e-02,  1.855874144464642e-04,  4.296042526559650e+01
s457        , -1.562653854847452e+00, -8.736041095160734e-01,  1.413258491525380e+00,  0.000000000000000e+00,  2.715948482804315e-02,  4.276362215432553e+01
s458        , -1.571215894852860e-01,  3.684898347081260e-01,  5.781813773045079e-03,  0.000000000000000e+00,  1.258942670662021e-01,  3.207177271920497e+01
s459        , -7.908915586506604e-01, -9.816096910404075e-01, -1.013613634893101e-01,  0.000000000000000e+00, -1.749416613967744e-01,  3.961768542570208e+01
s460        ,  1.259413921430306e+00,  6.350468852925579e-01,  7.431246494975394e-01,  1.721935127095212e-02,  7.682729469164429e-03,  2.416724864564794e+01
s461        , -2.175818754703068e+00, -1.103161132971609e+00,  1.389336302468342e+00,  0.000000000000000e+00,  2.494062701037546e-02,  4.596806394577685e+01
s462        ,  1.056177437374778e+00,  1.082372892912105e+00,  1.808727953150206e+00,  5.522682445759369e-03,  2.908323835161208e-03,  1.402181115771222e+01
s463        ,  7.682398919925582e-01,  4.101767834052858e-01,  2.758190632271240e-01,  1.010848126232742e-01, -8.284007003106192e-03,  3.762567260650283e+01
s464        , -1.670624175566991e+00, -7.666693839831642e-01,  2.800087437796444e+00,  8.674893102314082e-02, -8.704268951864297e-02,  4.411023164898927e+01
s465        ,  3.572362737692147e-01,  2.348056143383026e-01, -3.856274766638687e-03,  1.757080383173678e-02, -8.723520256992509e-03,  3.080388450049931e+01
s466        , -1.202841334482275e+00, -3.077354295929910e-01,  1.996140718684736e-01,  3.654354303704953e-02, -5.821140537008808e-02,  3.834213060609613e+01
s467        , -9.998937028287650e-01, -8.851871663787607e-01,  1.363417436944956e+00,  3.482263168253872e-02, -1.043269470569437e-01,  4.201944858119597e+01
s468        , -9.085815979292673e-01, -5.891211146603941e-01,  2.468068530265317e-01,  0.000000000000000e+00, -5.730238956482515e-02,  3.792872187461406e+01
s469        ,  1.368123103534694e+00,  9.437148806641906e-01,  5.136055066293020e-01,  2.117439466718949e-02,  5.763270919300639e-02,  2.271421255269849e+01
s470        ,  6.270281968061774e-01,  5.431773831319209e-03,  1.680415026874855e-01,  0.000000000000000e+00, -4.090950823370332e-02,  3.034336035225494e+01
s471        , -2.645435144970039e-02, -2.376699745986510e-02,  7.597290880160443e-02,  0.000000000000000e+00,  1.602977218465695e-03,  3.260976864223038e+01
s472        , -9.877961354209573e-01, -3.961419054483519e-01,  1.822993382847606e+00,  7.586974403638652e-02, -7.968609711748328e-03,  4.275364363574253e+01
s473        ,  9.062936723193107e-01,  3.818625276526530e-01,  7.662542067442073e-02,  0.000000000000000e+00,  8.064627689446771e-02,  2.996707327902079e+01
s474        , -1.654729567131913e+00, -1.668197248141468e+00,  2.595514384939780e+00,  0.000000000000000e+00, -1.400875419285496e-01,  4.494374370295505e+01
s475        ,  1.613264697983012e+00,  9.391182757672212e-01,  2.754466489826990e+00,  0.000000000000000e+00,  1.202257221868341e-03,  1.331664671808222e+01
s476        ,  6.116129809221722e-01,  3.140031643068038e-01,  2.020564960005588e+00,  0.000000000000000e+00, -1.921514731891442e-01,  1.615372073147096e+01
s477        ,  5.840337661930541e-01, -3.702322145376589e-01, -1.799827159602882e-01,  0.000000000000000e+00,  5.559946270169025e-02,  4.015046111331531e+01
s478        , -1.152221920522414e+00, -1.464927103305988e+00,  1.818565806226531e+00,  0.000000000000000e+00, -5.233062713198475e-02,  4.714816122872136e+01
s479        , -5.094753281829528e-01, -3.456085539567586e-01,  1.585319818937002e-01,  0.000000000000000e+00,  5.790097352820073e-03,  3.714072890790255e+01
s480        ,  2.973171178971667e-01,  1.187138016927304e+00,  2.237722097894676e+00,  0.000000000000000e+00, -4.808168419468600e-02,  8.989781390525190e+00
s481        , -1.675140558535767e+00, -3.703094872769550e-01,  6.472524719221944e-01,  0.000000000000000e+00, -1.739261286712562e-01,  2.943946720528469e+01
s482        ,  5.105384321341787e-01,  4.701263358830434e-01,  1.356266495447816e+00,  0.000000000000000e+00, -5.555496445269642e-02,  2.069016867857576e+01
s483        ,  6.412437341666035e-01,  4.232973546654950e-02,  1.413993222907802e+00,  0.000000000000000e+00, -1.215522209399222e-01,  2.403087022485710e+01
s484        ,  2.259666720581154e+00,  1.125994927696036e+00,  2.252618065574738e+00,  0.000000000000000e+00, -1.119232001954900e-01,  7.330149141235696e+00
s485        , -6.133731587036794e-02, -9.618500406575468e-01,  5.310811085888220e-01,  0.000000000000000e+00, -2.468707519525797e-01,  3.518953010609420e+01
s486        ,  1.705016907792880e+00,  7.403614799407672e-01,  1.196433619196176e+00,  0.000000000000000e+00,  8.518521836657134e-03,  1.971517115978981e+01
s487        , -8.949077256537036e-01, -1.573002998259136e-01,  3.695833705880932e-01,  0.000000000000000e+00, -6.477338101293609e-02,  3.128134263464602e+01
s488        ,  4.414328374469543e-01,  7.593704208377705e-02,  3.527058912195741e-02,  0.000000000000000e+00, -3.413728650366016e-03,  3.109308832478241e+01
s489        ,  1.128277752007163e+00,  4.720079836237305e-01,  1.937170358127056e-01,  6.943837889772032e-02,  3.480044693599359e-02,  3.486681897003263e+01
s490        ,  1.504039442617624e+00,  1.276190092743350e+00,  1.883261879872250e+00,  0.000000000000000e+00,  6.978729068025880e-02,  1.308445416622778e+01
s491        , -5.198334157682940e-01, -5.541505988220470e-01,  1.104029492759547e+00,  2.571332379429341e-02,  2.090955314070164e-02,  4.170713408247934e+01
s492        ,  1.151627147663105e+00,  5.668246068699796e-01,  1.888477372484467e-01,  0.000000000000000e+00,  1.282150358729148e-01,  2.897416688631273e+01
s493        , -8.097664188918848e-01,  5.366535185834904e-01,  1.979980834501386e+00,  0.000000000000000e+00,  7.846367463037407e-03,  2.090091572881683e+01
s494        ,  6.975315577850428e-01,  3.530743616027365e-01,  6.617843562841312e-01,  1.041666666666667e-01,  1.787601477036362e-02,  3.899742399845401e+01
s495        ,  5.757891210893783e-02, -6.762743284021466e-02,  3.505727391358578e-01,  0.000000000000000e+00,  6.919164122861411e-02,  3.528318086841286e+01
s496        ,  1.842735197085195e-01,  1.053283892689220e+00,  1.747428236184028e+00,  0.000000000000000e+00,  4.455587709069053e-02,  1.553466149625567e+01
s497        , -3.806010851052651e-01, -8.007131276473807e-01,  3.269570632325508e-01,  0.000000000000000e+00, -1.161191854911868e-01,  3.845023360371456e+01
s498        ,  2.924357353950326e-01,  3.948189358846506e-01,  2.009942644852831e+00,  0.000000000000000e+00, -1.797936258244892e-02,  2.183162506275272e+01
s499        , -7.813708299191796e-01, -2.498469889036739e-01,  8.277353114741851e-01,  5.228337589736372e-02,  1.260236729301584e-02,  4.081558893374037e+01
s500        ,  1.758078897939561e-01,  3.042562037756311e-01, -1.445931405098691e-01,  0.000000000000000e+00,  1.176483380252829e-01,  3.297592279474738e+01
s501        ,  5.268597846364342e-01,  2.281905503410147e-01,  1.537702693353001e-02,  0.000000000000000e+00,  6.235529312009747e-02,  3.155250133309974e+01
s502        , -1.555727833576514e+00, -1.357619984836562e-01,  3.344629999989152e-02,  0.000000000000000e+00,  3.283876299406774e-02,  3.549967683469858e+01
s503        ,  1.172585934883692e+00,  1.250764668232611e+00,  1.704385641596893e+00,  0.000000000000000e+00,  7.974561089624171e-02,  1.421164355057503e+01
s504        ,  2.953705009587213e-01, -1.686713234306794e-01,  1.201584070798930e-01,  0.000000000000000e+00,  4.248813637813868e-02,  3.615662769097086e+01
s505        ,  1.048522988543108e+00,  1.311676913536219e+00,  1.136219720993671e+00,  1.248699271592092e-02,  4.514997764034179e-02,  1.468444469522391e+01
s506        ,  3.661355339494778e-01, -1.627479956230218e-01,  7.749218621758695e-02,  0.000000000000000e+00,  2.612694056695015e-02,  3.552519228731318e+01
s507        ,  7.001138090247849e-01,  4.858524789245227e-01,  1.930261099808064e-01,  0.000000000000000e+00,  9.483869020632169e-02,  2.880590837731150e+01
s508        ,  5.464601963517310e-01, -3.378220993744285e-01,  2.297528280882810e-02,  0.000000000000000e+00, -2.317231484121700e-01,  2.805098452637543e+01
s509        ,  2.946634304577050e-01,  5.507556176456547e-01,  3.445315889852404e-03,  8.625000000000001e-02, -1.850235816841325e-02,  3.406698909484849e+01
s510        , -1.105581921856613e+00, -5.017643499662983e-01,  2.451962553978013e-02,  0.000000000000000e+00, -9.002827379760897e-02,  3.589061972071845e+01
s511        ,  1.309201174401844e+00,  3.395038002797908e-01,  2.036060080837783e+00,  0.000000000000000e+00, -7.185631680226956e-03,  2.297812676886443e+01
s512        ,  7.885562671323768e-01,  7.655953176688963e-01,  1.386637700629672e-01,  1.216287432574865e-01,  9.439761905092034e-03,  3.602050252396181e+01
s513        , -5.799590652888761e-01, -2.903286783853685e-01,  3.249089089892702e-01,  0.000000000000000e+00,  1.663717965405817e-02,  3.643048713436362e+01
s514        ,  1.756955937636850e+00,  1.290064547759131e+00,  1.333418632389367e+00,  0.000000000000000e+00, -1.174173569007086e-02,  1.087467215729910e+01
s515        ,  1.301480913945963e+00,  5.250117040531923e-01,  1.042844819375854e+00,  1.476112495550018e-01,  2.018842162326909e-02,  4.098817038969361e+01
s516        ,  1.639096205345820e+00,  8.660407241296146e-01,  1.593913860338789e+00,  0.000000000000000e+00,  2.916592629609271e-02,  1.790302127202586e+01
s517        ,  1.265571797582470e+00,  1.339243431656996e+00,  9.422580983514868e-01,  5.796401400797005e-03,  2.841004047955853e-02,  1.326290004366688e+01
s518        ,  1.441905473368953e+00,  6.523330071031719e-01,  3.265624252104213e-01,  1.379978095585784e-01, -5.743565063724933e-02,  3.654618629879158e+01
s519        , -3.428509295553606e-01, -2.162211932316804e-01,  1.292238622027773e+00,  0.000000000000000e+00, -9.633803262690471e-02,  2.892267476691007e+01
s520        , -7.417091464175271e-01,  1.460139105279668e-01,  6.899832150279930e-01,  0.000000000000000e+00, -4.820502656722545e-02,  2.696631855169596e+01
s521        , -3.011966055380439e-01, -5.969415630853667e-01,  1.111113124716523e-01,  0.000000000000000e+00, -1.036511382006867e-01,  3.651868026521351e+01
s522        , -6.069082570615004e-01, -5.177538891203493e-01,  2.718229054582853e-01,  2.737408688965782e-03, -1.176634341492234e-01,  3.483664663579734e+01
s523        ,  1.256149620532759e+00,  1.069971604987590e+00,  4.850550347192542e-01,  2.678298132843588e-02,  7.084665258847228e-02,  2.217138366425571e+01
s524        ,  7.847794981407887e-02,  3.942427963331578e-01,  2.397675493495299e+00,  0.000000000000000e+00, -1.728681592304659e-01,  1.497297565071968e+01
s525        ,  7.540604241380652e-01,  2.679678934423579e-02,  1.660322291185105e-01,  4.231111111111112e-02, -1.566318344197187e-02,  3.603354024532219e+01
s526        ,  6.882803931636601e-01,  9.338783852495627e-01,  6.168294233421469e-01,  0.000000000000000e+00, -2.467663370195505e-02,  1.691884204558952e+01
s527        , -3.347470952839998e-01,  1.947200463773568e-01,  5.846440434627054e-01,  0.000000000000000e+00, -1.053825346111272e-01,  2.427141984897903e+01
s528        , -8.880876507782670e-01, -2.072838648605626e+00,  3.920077204637778e+00,  0.000000000000000e+00, -1.383039431537861e-01,  4.791299166278347e+01
s529        ,  9.212434057068957e-01,  1.309164572753308e+00,  2.714122781681592e+00,  0.000000000000000e+00,  7.103741655173024e-03,  8.409299886498735e+00
s530        ,  1.578253206298823e+00,  1.151614911517336e+00,  1.142055484833193e+00,  0.000000000000000e+00,  1.528438674337808e-01,  1.965718137817216e+01
s531        , -1.270304683847079e+00, -5.460146455366450e-01,  4.133999528879143e-01,  0.000000000000000e+00, -4.475055069771305e-03,  3.902789290022400e+01
s532        , -1.264611305197325e-01, -2.116825162025990e-01,  4.001339486718995e-01,  0.000000000000000e+00,  6.953684069026350e-02,  3.722479777994731e+01
s533        ,  8.237391297987288e-01,  6.075665849466532e-01,  1.220172833948414e+00,  0.000000000000000e+00, -3.161623853243811e-03,  2.108344528500963e+01
s534        ,  1.456467143630557e+00,  3.105501245095377e-01,  1.658511207345430e+00,  0.000000000000000e+00, -1.273128363576752e-01,  1.950102976997852e+01
s535        , -1.038398689934333e+00, -3.021435456675263e-01,  2.563675563084711e-01,  0.000000000000000e+00,  8.930916310031650e-03,  3.644206969429036e+01
s536        ,  5.135961834965114e-02,  2.915250578353570e-01,  4.558069169733707e-03,  7.174744897959184e-02, -6.839568039760935e-02,  3.406228579263545e+01
s537        , -8.440212331633648e-02,  2.731622935837335e-01,  6.431575666940575e-01,  0.000000000000000e+00,  4.110296373371691e-02,  2.875574416427143e+01
s538        , -1.317636610189325e+00, -6.857605690431541e-01,  1.892496905288571e-01,  0.000000000000000e+00, -1.260998825481792e-01,  3.673055919324258e+01
s539        ,  2.901282138702423e-01, -3.993995122180287e-01,  2.923880570637359e-01,  0.000000000000000e+00, -4.106150198655023e-02,  3.578771398787236e+01
s540        , -9.824868919009931e-02, -1.109712787723383e-02,  1.674252906745696e+00,  0.000000000000000e+00, -3.626194398559945e-02,  2.756046240139558e+01
s541        , -2.175405710121729e+00, -9.240176730561671e-01,  1.500217165613554e+00,  0.000000000000000e+00, -3.031728271033433e-02,  4.104790656966073e+01
s542        ,  2.591231555634874e-01, -5.943818940777881e-01,  7.353835242198031e-02,  0.000000000000000e+00, -1.487931676951653e-01,  3.480090157197922e+01
s543        , -1.058007309971476e+00, -1.033530680276831e+00,  6.956680117794574e-03,  0.000000000000000e+00, -3.119636647441892e-01,  3.477410016890483e+01
s544        ,  3.414925189823615e-01,  2.311344903972012e-01,  1.489655907730183e+00,  0.000000000000000e+00, -4.651900676316534e-02,  2.413298175824326e+01
s545        , -3.918998056173665e-01,  4.716339070988531e-01, -1.708899359121870e-02,  0.000000000000000e+00,  1.426232249401155e-01,  3.131718268906105e+01
s546        ,  5.616853932534658e-01,  5.855591149271062e-01, -3.032442141036767e-02,  0.000000000000000e+00, -1.798105654971639e-02,  2.347053276017697e+01
s547        , -1.305950209492648e+00, -1.592241751593747e+00,  2.571862985742868e+00,  0.000000000000000e+00, -1.044783013723773e-01,  4.531127838010344e+01
s548        , -3.050762501887698e-01,  8.377638826061462e-02, -4.370548521354618e-02,  0.000000000000000e+00,  7.466961107101977e-02,  3.419685472737105e+01
s549        ,  1.039973910986755e+00,  1.144373534726852e+00,  1.497487781932922e+00,  0.000000000000000e+00, -1.139979014217605e-01,  8.592852100343471e+00
s550        ,  2.095033672336812e+00,  1.280191216431141e+00,  2.185602408758172e+00,  0.000000000000000e+00,  1.586001177679736e-02,  1.028192869490097e+01
s551        , -1.303711602903422e+00, -1.186743679132437e+00,  1.852936816667245e+00,  0.000000000000000e+00, -5.633655793266372e-02,  4.299228061426093e+01
s552        ,  3.401293169548341e-01,  5.372444735292832e-01,  6.753178292317720e-01,  0.000000000000000e+00, -3.461773353439079e-02,  2.200533476019839e+01
s553        , -5.647880997296292e-02,  4.569996525606390e-01,  9.636127380677654e-03,  9.570275849127415e-02, -8.655553243860586e-02,  3.383942498068517e+01
s554        , -1.031552667181044e+00, -9.317903836020061e-01,  1.262476296621790e+00,  0.000000000000000e+00, -1.820382627500891e-02,  4.213498127930292e+01
s555        , -8.490058291493487e-01,  4.169949367296633e-01,  6.711894632491952e-01,  0.000000000000000e+00,  3.865219482961835e-02,  2.657038591551166e+01
s556        , -7.911863624049646e-01,  4.047762346268780e-02,  1.792603346737133e-04,  4.294149221685454e-03,  4.331904566842876e-03,  3.247802111229694e+01
s557        ,  2.474068956648234e-01,  5.473958480463978e-01,  1.360599639694474e+00,  0.000000000000000e+00, -6.509448795265438e-03,  2.150402183419673e+01
s558        , -5.007238229142660e-01, -3.733805571176685e-01,  6.608614458784460e-01,  3.910166891783613e-02, -5.791847322588722e-02,  3.860340994029288e+01
s559        ,  2.118829903875907e-01, -1.055518677548872e-01,  8.727515946767237e-03,  0.000000000000000e+00, -1.534243377533063e-01,  2.785786686589138e+01
s560        ,  1.297132454751414e+00,  6.967355786778682e-01,  1.732206078864104e-01,  9.698791066184005e-02,  5.033890956477654e-02,  3.560171122610750e+01
s561        , -5.288135218546878e-01,  3.721923626650119e-01,  2.374790671182264e+00,  0.000000000000000e+00, -1.321945541245917e-02,  2.156219189656140e+01
s562        , -7.943538387030609e-01, -3.609240114296766e-01,  1.496082166004145e+00,  4.285714285714286e-02,  4.489239378076353e-02,  4.111010339409782e+01
s563        , -1.695221398164227e+00, -6.267013964194583e-01,  1.577469041884608e-01,  0.000000000000000e+00, -2.509050982333043e-01,  3.109398862120047e+01
s564        , -8.235878596232101e-01, -8.378171460698796e-01,  1.001597506644768e+00,  0.000000000000000e+00,  2.137857637612114e-02,  4.290683511409495e+01
s565        ,  5.786852470915557e-01,  5.877512474343716e-02,  2.919111949167310e-01,  3.474122546103510e-02,  1.327322705961921e-02,  3.554903273448519e+01
s566        , -8.302212330074121e-01, -3.370084538106837e-01,  1.070829399191534e+00,  5.276450779230949e-02, -6.728724159603780e-03,  4.083241769635998e+01
s567        ,  5.393556498613846e-01,  4.751038470288189e-01,  1.591496549428190e-01,  0.000000000000000e+00, -5.454637243692746e-02,  2.320063605203439e+01
s568        ,  6.041187276553234e-01,  5.248319530173129e-02,  1.081398056588515e-02,  4.227231915358295e-02, -1.057903428422154e-01,  3.247919740973364e+01
s569        ,  5.614800719887970e-01,  7.123837990213828e-01,  3.335684398488336e-02,  0.000000000000000e+00,  1.958809345538417e-01,  2.988994709228631e+01
s570        ,  4.733969246303092e-01,  6.905703829619503e-02,  2.288440853084005e-02,  0.000000000000000e+00,  4.979885813717211e-02,  3.329281589619586e+01
s571        ,  5.730080514530493e-01,  3.462209268411902e-01,  1.979101837154326e-01,  6.648199445983378e-02,  3.033980930035095e-02,  3.610984167620895e+01
s572        ,  2.101230454819456e+00,  1.394722525779121e+00,  2.115655959690689e+00,  0.000000000000000e+00,  1.274719923343094e-01,  1.316881692791298e+01
s573        , -3.811463660619586e-01, -1.039835782389928e+00,  5.657344618934539e-01,  0.000000000000000e+00, -1.384514872124494e-01,  4.044719485732973e+01
s574        ,  6.881700420271472e-01, -7.805580372028231e-02,  1.323766443615314e-01,  0.000000000000000e+00, -2.242390982132861e-01,  2.444411363168642e+01
s575        ,  3.262214597255070e-01, -1.540886527328631e-01,  2.099654897901022e-01,  0.000000000000000e+00, -7.309455349446721e-02,  3.125017735549858e+01
s576        , -9.238693298049331e-01, -8.672982430648477e-01,  4.502922680532635e-01,  0.000000000000000e+00, -1.346798407320065e-01,  3.840403938378277e+01
s577        , -6.565756372879821e-01, -3.521921491756419e-01, -7.599042552947163e-06,  0.000000000000000e+00, -1.151502471259285e-01,  3.285120932989167e+01
s578        ,  6.712394147332970e-01,  7.357089896673146e-01,  1.227732960286818e-02,  1.037886485701844e-01,  5.099220958984602e-03,  3.443208276575009e+01
s579        ,  5.839122855740916e-01,  1.696647382192995e-01,  1.695660298312086e-01,  4.789201183431953e-02, -1.783222594515994e-02,  3.458462179264794e+01
s580        ,  8.930567879170550e-01,  6.666071566461540e-01,  1.410957411061936e+00,  0.000000000000000e+00, -3.850087736639557e-02,  1.846614471996275e+01
s581        ,  2.904861379712105e-01,  2.834707852761094e-01, -2.272125264986512e-02,  0.000000000000000e+00,  2.990260563153699e-03,  2.853670599593270e+01
s582        ,  1.328044708555014e+00,  6.405109002327924e-01,  2.022420870857427e+00,  0.000000000000000e+00, -3.103891378079982e-03,  1.891758320152136e+01
s583        , -1.299353843688629e-01, -1.086619542435452e-02,  3.401349116006523e-01,  1.862839989339169e-02,  6.977991597465077e-02,  3.672951176904328e+01
s584        ,  3.159094534140010e-01,  7.509623771255134e-01, -6.579423145369157e-03,  2.534402221941674e-02, -8.837019899339513e-02,  2.133528351601344e+01
s585        ,  6.465779848987863e-01,  1.338213599476285e+00,  2.324465313029105e+00,  0.000000000000000e+00,  9.857794026599032e-03,  8.933937065170753e+00
s586        , -1.841977151216957e+00, -1.276178761873585e+00,  1.314662332617288e+00,  0.000000000000000e+00, -8.732794812287645e-02,  4.418811605422277e+01
s587        , -1.519059721495913e+00, -1.738048770739580e+00,  3.745514802577762e+00,  0.000000000000000e+00, -1.495012755491915e-02,  4.837114259241103e+01
s588        ,  9.387912361205542e-01,  9.733732768584802e-02,  1.714253039467072e+00,  0.000000000000000e+00, -9.630080662032819e-02,  2.360229810779215e+01
s589        ,  7.816518315318011e-01,  3.926694808384164e-01,  7.132401769674160e-02,  0.000000000000000e+00,  1.500308131013617e-01,  3.253312508840416e+01
s590        ,  1.602915956175816e+00,  2.912946663552687e-01,  1.350447847561086e+00,  0.000000000000000e+00, -2.669326635362484e-02,  2.435292450568316e+01
s591        ,  6.259814475720535e-01,  5.163248112384671e-01,  6.686440280312037e-02,  5.592293098049329e-02,  5.523077856376955e-02,  3.370983992333502e+01
s592        , -1.866544971407417e+00, -2.134248258148811e+00,  5.201073751250841e+00,  0.000000000000000e+00, -2.997802041746724e-02,  5.028716513177029e+01
s593        , -1.403474560349544e+00, -5.974255373782427e-01, -1.372684226740709e-03,  0.000000000000000e+00, -7.775646309877943e-02,  3.777469836390907e+01
s594        , -1.647273275131083e+00, -5.821362905555869e-01,  1.045155112238154e+00,  2.048707294552170e-02, -1.321499039668844e-02,  4.027773121019734e+01
s595        , -6.257274702470922e-01,  1.084461249421026e+00,  2.235372202534693e+00,  0.000000000000000e+00, -3.375985081647231e-02,  1.100289823605808e+01
s596        , -8.694069998626694e-01, -4.930908135275422e-01,  4.403424242769316e-01,  0.000000000000000e+00,  3.535635513363350e-02,  3.977786342694128e+01
s597        ,  1.839102866755815e+00,  5.769288336050693e-01,  2.675872064132383e+00,  0.000000000000000e+00, -4.805683474775185e-02,  1.667380211080193e+01
s598        , -9.091043104888928e-01, -1.259573457460035e-01,  1.070488992334211e-01,  0.000000000000000e+00, -7.529477509443530e-02,  3.098573071869837e+01
s599        ,  1.564046405735407e+00,  1.259817714414956e+00,  2.107497352947044e+00,  0.000000000000000e+00,  5.137357660963687e-02,  1.212103019221245e+01
s600        ,  2.905731218387105e-01, -1.235823178937113e+00,  3.104731745116957e+00,  0.000000000000000e+00,  4.511706617547520e-02,  4.498625232928154e+01
s601        ,  3.859556967138555e-01, -1.011757753645135e-01,  2.066098781130158e-02,  0.000000000000000e+00, -3.662530088097546e-02,  3.232818614869649e+01
s602        , -1.440073457507333e+00, -8.433842654478585e-01,  6.678171583921000e-01,  0.000000000000000e+00, -7.257009711578663e-02,  4.002818556414584e+01
s603        , -1.400421335117203e+00, -9.428432580212638e-01,  1.534025779602683e+00,  0.000000000000000e+00, -1.900927432853022e-02,  4.168309130015506e+01
s604        , -1.410598066968925e+00, -1.128936978501446e+00,  4.433918450737859e-01,  0.000000000000000e+00, -1.444229363483277e-01,  4.173159334315648e+01
s605        , -1.621387133323043e-01, -9.550922029935811e-01,  1.198864381869151e-01,  0.000000000000000e+00, -2.036758346823780e-01,  3.765250883189722e+01
s606        , -9.979698047533583e-01, -2.965857113249322e-01,  7.386657055125390e-02,  0.000000000000000e+00, -2.064173957851068e-01,  2.834830240290103e+01
s607        ,  8.102904644198852e-01,  4.829386072171868e-01,  1.934207003542365e+00,  0.000000000000000e+00,  1.035416028730174e-02,  2.185413678529584e+01
s608        ,  6.515689709358394e-01,  2.003284091241806e-01,  1.227715065945502e-01,  0.000000000000000e+00,  5.429986083277891e-02,  3.140347356965137e+01
s609        ,  1.387300347613353e-02, -5.273521798837533e-01,  3.890756339118876e-01,  0.000000000000000e+00, -6.010957410759320e-02,  3.664528478749305e+01
s610        ,  1.548918422462740e-02,  4.498215327108102e-01, -6.650899755376270e-02,  0.000000000000000e+00,  1.713890008572490e-01,  3.285240400659310e+01
s611        ,  1.874583079024923e-01,  2.518224079774249e-01,  5.508040082609917e-01,  0.000000000000000e+00,  5.704374513741312e-02,  2.987501736999207e+01
s612        , -6.619121708260401e-01, -3.365612185355036e-01,  6.457346458905559e-02,  0.000000000000000e+00, -1.199053299233326e-01,  3.230793613960152e+01
s613        ,  1.853178585757171e+00,  1.142094945425347e+00,  2.558297664468661e+00,  0.000000000000000e+00, -8.949710399242500e-02,  7.329016122602578e+00
s614        , -3.191525488535212e-01, -1.825121421772278e-01,  1.145558561565253e-01,  2.111414836459610e-02, -9.427156955958546e-02,  3.352391181129624e+01
s615        , -1.037736039722638e-01, -5.272800227183891e-01,  4.446437916000086e-02,  0.000000000000000e+00, -1.077936428913789e-01,  3.551524365131451e+01
s616        , -8.799864633294985e-01, -1.189062093213598e+00,  2.374228591025928e+00,  0.000000000000000e+00,  6.896242778809472e-03,  4.438565259792578e+01
s617        , -1.183843594802837e+00, -1.088117873191727e+00,  7.844789891733730e-01,  0.000000000000000e+00, -1.070515761404292e-01,  4.188953372271892e+01
s618        , -1.123650075268739e+00, -1.089133788943447e+00,  4.260335147612298e+00,  8.582033854451732e-02, -5.012887485384151e-02,  4.689246264882040e+01
s619        ,  9.176659138352715e-01,  5.253911645513761e-01,  2.373092492408211e+00,  0.000000000000000e+00, -1.650144970065841e-01,  1.348042691773516e+01
s620        ,  1.595155267894712e+00,  1.277560760123959e+00,  1.818180150677445e+00,  0.000000000000000e+00,  6.327461318735084e-02,  1.294914918628118e+01
s621        ,  1.133359360912494e+00,  3.056811640938135e-01, -1.239972951898963e-02,  0.000000000000000e+00,  2.077117235718901e-02,  2.889509072646032e+01
s622        , -1.002419121282031e+00,  2.227362422340931e-01,  1.330872784909869e-01,  0.000000000000000e+00,  4.433729478536785e-02,  3.067655099906696e+01
s623        ,  1.034471969936265e-01, -3.458334777123571e-01,  4.312096755893737e-01,  0.000000000000000e+00, -1.081356042344624e-02,  3.591716967714192e+01
s624        ,  1.639327811745190e+00,  8.291505762401066e-01,  9.946711369622964e-01,  0.000000000000000e+00,  6.872102784535128e-02,  2.123928439965300e+01
s625        , -4.972654620844768e-01,  3.774843219228681e-01,  2.012366477458353e+00,  0.000000000000000e+00, -5.673740094593199e-02,  2.055884706272175e+01
s626        ,  3.826916613216537e-01, -4.104983919427698e-01,  4.251522906098060e-02,  0.000000000000000e+00, -8.343411850245007e-02,  3.482148215446579e+01
s627        ,  3.687647283893495e-01, -1.146341632786068e-01,  1.743997631574165e-01,  3.242431620809999e-02, -6.256795642588153e-02,  3.501300101357742e+01
s628        , -2.769187143037049e-02,  9.885025171718665e-01,  2.258805309093515e+00,  0.000000000000000e+00, -2.375132926053003e-02,  1.269815129425584e+01
s629        , -6.084255915863079e-01, -1.522335572702130e+00,  3.473448503282371e+00,  0.000000000000000e+00,  1.776719854586195e-02,  4.718049592337771e+01
s630        ,  2.575662011885660e-01,  7.516172775594798e-01,  9.772530825405917e-02,  9.202526715101018e-02,  6.036162177077521e-02,  3.479166917357233e+01
s631        ,  1.966623425207500e-01,  3.409684873610490e-01,  4.289047080987535e-02,  0.000000000000000e+00,  7.646094772022466e-02,  3.045260689565393e+01
s632        , -1.969402937452175e-01,  3.001956929249952e-01, -1.743016446831708e-02,  0.000000000000000e+00, -9.027831622747221e-02,  2.465011960833352e+01
s633        ,  2.667860134858853e+00,  1.189348593022394e+00,  1.940772020512621e+00,  0.000000000000000e+00, -7.358828577456455e-02,  8.593726037119447e+00
s634        ,  6.040142711820374e-01,  3.604336575489784e-01,  3.850578016680400e-02,  2.948960302457466e-02,  7.604739479191290e-02,  3.365754358253194e+01
s635        ,  1.911892919802316e+00,  9.545787602719795e-01,  2.405973702484306e+00,  0.000000000000000e+00, -2.158411038124406e-01,  5.369347805874216e+00
s636        , -2.071432026808114e-01, -8.717936563488751e-01,  8.614268404647820e-01,  0.000000000000000e+00, -4.389067280530184e-02,  4.113722536092410e+01
s637        , -3.698619835175476e-01, -4.721005961210367e-01,  4.654642399081625e-01,  0.000000000000000e+00, -1.874870809985156e-02,  3.731710739174596e+01
s638        ,  1.470155794820396e-01,  7.555984712736290e-01,  2.059012578528784e+00,  0.000000000000000e+00, -3.574904327047540e-02,  1.594162958305422e+01
s639        ,  1.040284966432418e-01, -8.565672008373519e-01,  2.954342050026002e-01,  0.000000000000000e+00, -1.275305927819785e-01,  3.886027764392740e+01
s640        , -7.663785491668940e-02, -3.004110691284501e-02,  2.366777217488548e-01,  3.654967281380131e-02, -4.014836083317193e-02,  3.504927924917096e+01
s641        ,  1.396787091256106e+00,  9.596878826714939e-01,  1.233507020222022e+00,  0.000000000000000e+00,  9.609840842308798e-02,  1.995794910955406e+01
s642        ,  1.137451761223006e+00,  7.370964302131660e-01,  1.278685827242079e+00,  0.000000000000000e+00, -1.913419193284704e-02,  1.850765299864444e+01
s643        ,  6.186651151125386e-02, -1.577091849664400e-01,  3.635825493670870e-03,  3.002469135802469e-02, -1.764294493201917e-01,  3.125702270309540e+01
s644        , -1.171820789178678e+00, -1.103808001431078e+00,  2.314235972661167e-01,  0.000000000000000e+00, -2.011571696103608e-01,  3.961315036599753e+01
s645        ,  4.823756822475945e-01,  9.058804444753532e-02,  1.537178607292564e-01,  2.965561224489796e-02,  3.099546886284429e-02,  3.548360467752422e+01
s646        ,  8.205150420430785e-01,  1.289552204507581e+00,  1.327179273518083e+00,  0.000000000000000e+00,  2.428213352460240e-02,  1.230077744501764e+01
s647        ,  3.518506790799084e-01,  1.975216104789141e-01, -8.636323726858700e-03,  0.000000000000000e+00, -2.866720362003687e-02,  2.848473823850547e+01
s648        ,  4.210663223398269e-02,  7.252419873815834e-01,  1.900701517909034e+00,  0.000000000000000e+00, -3.578949404246090e-02,  1.670461814851786e+01
s649        ,  5.870347574891154e-01,  1.435853142339017e+00,  1.510691183342886e+00,  0.000000000000000e+00,  1.147099497843326e-01,  1.337457056561423e+01
s650        , -7.940906852652418e-01, -1.187825223070188e+00,  6.285287193261175e-01,  0.000000000000000e+00, -1.746720400844113e-01,  4.098948150106430e+01
s651        ,  1.648126188438620e+00,  1.033699040468400e+00,  2.311447505395621e+00,  0.000000000000000e+00,  2.169053241636570e-02,  1.372155202455913e+01
s652        ,  2.998843396621518e+00,  1.151374973909848e+00,  1.696314417672121e+00,  0.000000000000000e+00, -9.996219649293092e-03,  1.213001238377893e+01
s653        ,  4.493206753989470e-01,  5.604494561246796e-01,  1.103142328735079e+00,  0.000000000000000e+00,  6.179649751597599e-02,  2.453158013049749e+01
s654        ,  8.907143716152748e-01,  1.290886946332108e-01,  9.579746929482440e-01,  0.000000000000000e+00, -4.028950458435981e-02,  2.694515753497015e+01
s655        ,  3.986925365877028e-01,  6.042211509048299e-01,  4.228843753129999e-01,  0.000000000000000e+00,  1.156769062128820e-01,  2.746024012143926e+01
s656        ,  8.200524881394200e-01,  8.349557767272582e-01,  2.444540619624286e-01,  0.000000000000000e+00,  1.777873281729086e-01,  2.700568217336717e+01
s657        ,  2.253026077099693e-01, -1.011300650234448e-01,  4.716523581134001e-02,  0.000000000000000e+00, -1.442178360240985e-02,  3.313764157218362e+01
s658        , -2.085098433395276e+00, -2.005248101156763e+00,  5.065909926144006e+00,  0.000000000000000e+00,  2.026375543901823e-02,  5.071364842821012e+01
s659        , -3.565026754081164e-01, -3.770467112569036e-01,  5.159381876114790e-01,  0.000000000000000e+00,  3.972538533492541e-02,  3.814987535978144e+01
s660        ,  9.769972243844465e-01,  3.891804744670313e-01, -3.054871902250317e-02,  0.000000000000000e+00, -1.049870040778287e-01,  2.284801073543752e+01
s661        ,  7.549182821078514e-01,  1.326658363788121e+00,  1.416548241937294e+00,  0.000000000000000e+00,  8.964925205723728e-03,  1.098962809765253e+01
s662        , -2.199791631405239e+00, -1.993905801029221e+00,  6.392959960488216e+00,  3.864734299516908e-02,  1.603053632992860e-02,  5.214039215912971e+01
s663        ,  6.537369904412299e-01,  1.019036555133541e+00,  7.748534084245431e-01,  0.000000000000000e+00,  1.253760845711346e-01,  2.123630884888580e+01
s664        , -1.032617581813699e+00, -1.253323792106369e+00,  2.170662394658859e+00,  0.000000000000000e+00, -2.360916919421675e-02,  4.453456856494150e+01
s665        , -1.725197455699346e-01,  9.758382975027105e-01,  4.177809602721749e-02,  8.004326663061115e-02,  7.231408423197438e-02,  3.079528339617595e+01
s666        , -9.556704567146264e-01, -4.367446371145949e-01,  2.767941993087094e-01,  0.000000000000000e+00,  1.276343903170570e-02,  3.844816507746172e+01
s667        , -1.074909955617834e+00, -3.454490426505474e-02,  1.299654034175796e-01,  0.000000000000000e+00,  5.529169759936989e-02,  3.474217823921785e+01
s668        ,  8.157451056201823e-01,  6.516026262317574e-01,  2.436116265755351e+00,  0.000000000000000e+00, -1.165598861969183e-01,  1.345580468657293e+01
s669        ,  8.201013628253863e-01,  4.282013241030271e-01, -3.322983391402061e-02,  0.000000000000000e+00, -1.087560068720989e-01,  2.215585269438401e+01
s670        , -8.377594254676490e-01, -5.087045356766304e-01,  2.783557524115964e+00,  1.037104440799320e-01, -1.912088324036913e-02,  4.515970963136235e+01
s671        , -5.700208727194026e-01, -8.921177556239268e-02,  1.856611471498898e-01,  0.000000000000000e+00, -7.030682739325933e-02,  3.049480063890042e+01
s672        , -7.390594172975108e-01,  3.564866900001906e-03,  9.339732107013762e-02,  0.000000000000000e+00, -1.350943788538911e-02,  3.159730779828452e+01
s673        ,  5.527317739358688e-01,  1.503443387899126e-01,  7.034106833064289e-02,  0.000000000000000e+00,  4.994629477158286e-02,  3.205043881398429e+01
s674        , -1.509604783948018e-01, -3.317872212586259e-02,  3.052307707682468e-01,  6.410109658661661e-02, -7.107437123793361e-02,  3.699869304890314e+01
s675        , -7.328015214360989e-01, -4.690236576966824e-01,  1.448951025402141e+00,  4.039256198347107e-02,  4.454360133148978e-02,  4.243100904195028e+01
s676        ,  2.481079887957650e-01, -8.124464385404817e-02, -1.262207711865101e-02,  2.487540049839801e-02, -1.808604825778977e-01,  2.943053678671630e+01
s677        , -1.497784796529649e+00, -1.212293841829476e+00,  1.817106209042455e+00,  2.389053254437870e-02, -1.166410147491730e-01,  4.390049791044385e+01
s678        , -6.955981656855925e-02,  1.316692317364367e-01, -1.517893032845850e-03,  0.000000000000000e+00,  3.912719995245525e-02,  3.204443712841075e+01
s679        ,  6.295281558129772e-01,  4.903497175834755e-01,  2.568104448350212e-02,  5.485051997933559e-02,  1.654438386073312e-02,  3.252760353718421e+01
s680        , -5.120635862296855e-01,  1.732163139510199e-01,  1.244564375421627e+00,  1.083256832144623e-01,  4.991653128218571e-02,  4.204087616897382e+01
s681        , -4.577628444983341e-01, -5.903852445059528e-01,  8.550748332363513e-01,  0.000000000000000e+00,  1.101292108715757e-02,  3.932088603737910e+01
s682        ,  1.425186289801849e+00,  1.281674634260290e-01,  5.441266300549035e-02,  2.663758344900522e-02,  2.506771869852098e-04,  3.360752141384599e+01
s683        , -8.653733268557260e-01, -1.130452575817416e-01,  1.375548225967107e+00,  0.000000000000000e+00, -9.976313732947839e-02,  2.715582516069439e+01
s684        ,  6.149991181690390e-01,  1.307153070480880e+00,  2.115069189911114e+00,  0.000000000000000e+00,  9.371772800784273e-02,  1.308905061907636e+01
s685        ,  1.739338045322250e+00,  5.775661863829620e-01, -3.913957352689042e-02,  0.000000000000000e+00,  1.775271602200792e-01,  3.123067115064222e+01
s686        ,  9.590771410105176e-01, -1.032570714558934e-01,  6.526417967762060e-02,  0.000000000000000e+00,  6.504740385682689e-03,  3.394578151178648e+01
s687        ,  5.412604899045221e-01,  6.622752412476109e-01,  2.257922053410545e+00,  0.000000000000000e+00, -9.593338915043365e-02,  1.448828166791950e+01
s688        , -1.405336687520458e+00, -4.768055720029030e-01,  9.052651289061829e-02,  0.000000000000000e+00, -2.253013701036152e-02,  3.803192902315093e+01
s689        ,  3.354058241185732e-01,  4.990332485967044e-01, -1.795606383511454e-02,  9.070294784580497e-03,  4.895574899154283e-02,  2.834980298738626e+01
s690        , -6.091694712828630e-01, -1.327640030057948e+00,  1.068247349906520e-01,  0.000000000000000e+00, -3.157250248198191e-01,  3.856672580733352e+01
s691        , -6.034950511663356e-01, -9.737555823970161e-01,  1.988999994813161e+00,  0.000000000000000e+00,  8.881858426882733e-02,  4.536092735233788e+01
s692        , -9.120972373870817e-01, -6.345392524347244e-01,  9.427439037655236e-01,  0.000000000000000e+00,  3.171348633091153e-02,  4.056573621345407e+01
s693        , -4.067329829645623e-01, -2.611867626363176e-01,  3.194705248691823e-01,  2.882347803301598e-02, -6.875070454550516e-02,  3.610667373395764e+01
s694        , -7.579589601320627e-01,  8.325092542009089e-01,  1.975163880452304e+00,  0.000000000000000e+00, -2.795012517810708e-02,  1.533833303086266e+01
s695        ,  1.455973696410247e+00,  9.483570904389393e-01,  1.278087216819911e+00,  0.000000000000000e+00,  6.334881749311144e-02,  1.874537770671660e+01
s696        , -6.516257166940767e-01,  3.193328790339596e-01,  1.290759907767278e+00,  0.000000000000000e+00, -6.764830191016907e-02,  2.248583381708240e+01
s697        ,  7.238448013551266e-01,  5.497370247179769e-01,  1.387827315976493e-01,  7.074202229911572e-02,  2.488638735632659e-02,  3.365356921633018e+01
s698        ,  1.662019888207613e+00,  9.072240083805563e-01,  1.347322116971678e+00,  0.000000000000000e+00,  7.814300926253259e-02,  1.975625825397572e+01
s699        , -1.247862087380916e+00, -9.161682360215284e-01,  2.078919485118988e+00,  1.940271693315460e-02, -8.458484680255451e-04,  4.315249280534307e+01
s700        , -1.114444246482743e+00, -1.226381725718310e+00,  2.163567963861334e+00,  0.000000000000000e+00, -8.576109334595017e-02,  4.174421011570280e+01
s701        , -4.217745973052512e-01, -9.374331104187177e-01,  1.017377357401621e+00,  0.000000000000000e+00, -2.238739438451354e-02,  4.257171216633572e+01
s702        , -8.481384521188839e-01, -3.831488936746754e-01,  2.423514270064367e-01,  0.000000000000000e+00, -1.005662553194024e-02,  3.687434712056925e+01
s703        , -9.416435374285391e-01, -8.233922293018958e-02,  1.330507589190519e+00,  0.000000000000000e+00, -1.421604696545801e-01,  2.516370533822591e+01
s704        ,  9.487448855648490e-01,  8.150079837438242e-01,  2.989031151214078e-02,  8.476898542260955e-02,  3.901247154933281e-02,  3.234997533462400e+01
s705        , -2.365138337942842e-01, -3.582861737488621e-01,  1.162786039346320e-01,  0.000000000000000e+00, -9.570348054525341e-02,  3.344916251832711e+01
s706        ,  5.583280652770263e-01,  8.771157009681421e-01,  1.132650160313055e+00,  4.422513871542352e-03,  9.734618093049419e-02,  2.190913477702881e+01
s707        ,  9.205089121966433e-01,  4.714673212476472e-01,  4.453901143401250e-02,  9.205895956081964e-02, -7.784605868878840e-02,  3.347015192909970e+01
s708        ,  1.060945132046508e+00, -3.398075702334451e-01,  2.077609294176051e-02,  0.000000000000000e+00, -1.359037624381719e-01,  3.182248840401726e+01
s709        ,  1.331106470481227e+00,  5.292507540598073e-01,  1.391781275714210e-02,  4.156486287209588e-02,  7.439128702004763e-02,  3.268988295368494e+01
s710        ,  1.914467968020750e-01,  6.137140932414424e-01,  1.089769081684252e+00,  0.000000000000000e+00, -1.342583429340363e-01,  1.615819912438575e+01
s711        , -7.721035544159953e-02,  6.884003357546651e-01,  2.349410410002537e+00,  0.000000000000000e+00, -2.573077360213555e-02,  1.666456035309136e+01
s712        , -1.414340169349908e+00, -8.452818195637279e-01,  2.245073856007760e+00,  4.186622855869904e-02, -8.959759139976251e-03,  4.413842202175219e+01
s713        ,  5.574707555573186e-01,  2.945747621930090e-01, -1.943558324507677e-02,  0.000000000000000e+00,  6.166606028203234e-02,  3.066248777197259e+01
s714        , -1.685969281548289e+00, -1.443888936942320e+00,  4.921528836547189e+00,  5.761316872427983e-02,  1.385954370711880e-02,  4.965812366585796e+01
s715        , -2.519985050786606e-01, -2.419202784329890e-01,  2.977078865038615e-01,  0.000000000000000e+00,  5.135135634164528e-02,  3.715946437862591e+01
s716        , -1.286737305127487e+00, -9.676054742649645e-01,  1.809838417761490e+00,  0.000000000000000e+00,  2.731560861640436e-02,  4.325465544017200e+01
s717        ,  3.452976089232733e-01, -5.800201315500297e-02,  1.715173265103853e-02,  0.000000000000000e+00,  2.301237639119080e-02,  3.405325442449512e+01
s718        ,  1.123110480867275e+00,  7.155367481694905e-01,  1.466506708311212e+00,  0.000000000000000e+00,  1.468025503182535e-02,  1.973266235449310e+01
s719        ,  6.888993521047061e-01,  8.753593564334901e-01,  1.875096789956061e+00,  0.000000000000000e+00,  7.932748368371173e-02,  1.913183246215973e+01
s720        ,  7.093644696892669e-01,  6.467992489996550e-01,  3.052599000489225e+00,  0.000000000000000e+00, -2.918485291327116e-02,  1.562418467649449e+01
s721        , -7.747236109533535e-01, -5.170114715818026e-01,  1.898372679051360e+00,  7.561436672967864e-02, -5.437763183954857e-02,  4.245867147512050e+01
s722        ,  3.328206388143558e-02,  4.244984822179709e-01,  1.892375964752496e+00,  0.000000000000000e+00, -5.512854730744560e-02,  2.021273984370237e+01
s723        ,  9.358910152584168e-02,  1.246510850135862e-01,  7.248543779514036e-02,  3.119792177237526e-02, -2.386862260207993e-01,  2.483478980896987e+01
s724        , -2.029371048190847e-01,  9.538620617248459e-01,  1.109094424146311e+00,  1.237593128882949e-02,  3.963284121011623e-02,  1.956423961739507e+01
s725        , -2.472238890656029e-01, -5.496298271910480e-01, -9.167379512079690e-02,  0.000000000000000e+00, -4.285490511137185e-02,  3.865359112318342e+01
s726        , -1.287360963264701e+00, -1.370491197915915e+00,  1.684625190585985e+00,  0.000000000000000e+00, -1.040250369071184e-01,  4.408244443778512e+01
s727        ,  1.020824855481523e+00, -2.697861396658716e-01,  8.223901286427289e-02,  0.000000000000000e+00, -8.765914573305814e-02,  3.258611751561579e+01
s728        ,  1.643163575608417e-01,  8.472341457875205e-01,  4.206142016985705e-01,  0.000000000000000e+00,  9.265869917677638e-02,  2.313673527289735e+01
s729        , -1.007289241750789e+00, -3.658124688992506e-01, -1.188687902335937e-02,  0.000000000000000e+00, -2.096232126755326e-02,  3.674383248158544e+01
s730        , -4.777207265671770e-02, -5.796233246830473e-02,  1.932832639878107e-01,  2.424697766546001e-02,  1.163039598052007e-02,  3.610135549471975e+01
s731        , -1.404307349772385e+00, -7.621633866653417e-01,  2.728355811878868e-01,  0.000000000000000e+00, -9.927937902158010e-02,  3.867807089906870e+01
s732        , -8.950540078294739e-01, -6.185983707122928e-01,  1.337849165075014e+00,  0.000000000000000e+00,  5.223251938860757e-02,  4.030259444368018e+01
s733        ,  7.802433523350311e-01,  3.554829366805896e-01,  9.781740506901256e-01,  0.000000000000000e+00, -3.371634819941982e-02,  2.396316405404330e+01
s734        , -3.943979845876157e-01, -7.960553750643999e-01,  3.398773346033711e-01,  1.257887517146776e-02, -1.089073422349684e-01,  4.012564625537408e+01
s735        ,  2.101468865327815e-01,  4.721975510205694e-01, -3.109325583666210e-02,  0.000000000000000e+00, -7.104177701950919e-02,  2.300188752978081e+01
s736        , -9.765048604112493e-01, -5.441842578387277e-01,  2.116236175782026e-01,  0.000000000000000e+00, -6.018474021962622e-03,  3.937018644858965e+01
s737        ,  1.458335451821299e-01,  3.470269447195236e-01,  7.983256719723910e-01,  0.000000000000000e+00, -1.138936889585803e-01,  2.133585614286203e+01
s738        , -6.859666936017034e-01, -6.459440576053086e-01,  1.957622216757694e+00,  6.874906387440258e-02, -2.345077641933488e-02,  4.454786443451023e+01
s739        , -4.324785166901873e-01, -2.956197017514071e-01,  2.752728424224890e-02,  0.000000000000000e+00, -7.818615555531561e-02,  3.343654050386647e+01
s740        , -8.464136206988212e-01, -5.999706365573605e-01,  7.554188103030937e-01,  0.000000000000000e+00,  4.056895687401724e-03,  3.939632662015374e+01
s741        ,  7.826811446288888e-01,  8.617559710905072e-01, -1.666138693086629e-02,  7.495069033530573e-02,  2.429604478934344e-02,  3.005391460575985e+01
s742        , -1.076711651730049e+00, -6.960879785894156e-01,  6.847118215624722e-01,  0.000000000000000e+00, -3.521889531402905e-02,  3.937062768873307e+01
s743        ,  1.126163901269626e+00, -2.370570553492839e-01,  3.141866740838760e+00,  1.294260204081633e-01,  3.446390940922971e-02,  4.569586638014010e+01
s744        ,  4.575225784544250e-01,  3.001204164695928e-01,  1.735392003825165e-02,  2.551775147928994e-02, -6.197193485500085e-02,  2.869876720629101e+01
s745        ,  6.120442964942220e-02,  1.103945846543239e+00,  8.681946839238399e-01,  6.037918125830215e-03, -3.472416647469451e-02,  1.430649314849612e+01
s746        , -7.321682226189938e-01, -7.771840157037539e-01,  5.710620612329025e-01,  0.000000000000000e+00, -1.057881537228040e-01,  3.800301348902332e+01
s747        ,  3.433900501625798e-01,  7.307292357648731e-02,  5.760998004284658e-03,  0.000000000000000e+00, -1.864714338133079e-01,  2.405336977562345e+01
s748        ,  1.070072189769298e+00,  6.429922801302785e-01, -2.901739354823785e-02,  4.787100025195263e-02, -1.851022984091828e-02,  2.829616016803463e+01
s749        , -3.065637698166305e-01,  4.164757668427010e-01,  6.395287043731021e-01,  0.000000000000000e+00, -1.183927516425426e-01,  2.051713564016024e+01
s750        ,  5.825873454256546e-01, -4.583473921941217e-01, -5.907957108107338e-03,  0.000000000000000e+00, -2.339535923217925e-01,  2.972650510744010e+01
s751        ,  1.285276821036511e+00,  2.978167443122954e-01,  1.390084578492637e-01,  0.000000000000000e+00,  1.657658603880261e-01,  3.434227053897081e+01
s752        , -1.346601886455474e+00, -1.117914241636438e+00,  2.259098476208745e+00,  0.000000000000000e+00,  1.867918698748000e-03,  4.342959778454836e+01
s753        ,  1.060914810725354e+00,  9.286002017301365e-01,  6.145433848657947e-01,  0.000000000000000e+00,  1.162158959317366e-01,  2.249573214893172e+01
s754        , -2.988071870667106e-01,  2.037116088140030e-01,  1.054538973334169e+00,  1.220930232558139e-01, -1.437758089650253e-02,  4.113281797323451e+01
s755        ,  3.446486458262937e-01,  6.211924003525693e-01,  1.882856951421086e+00,  0.000000000000000e+00, -2.988374639354485e-02,  1.844161618415444e+01
s756        ,  7.815527627219405e-01,  9.016994314424789e-01,  4.426670680519889e-01,  1.563842584636536e-01,  2.452565814644149e-02,  3.815174187617635e+01
s757        , -1.199593062238569e-01, -4.327752413645989e-01,  4.243937809072175e-01,  0.000000000000000e+00,  2.226427874258238e-02,  3.844951235580052e+01
s758        , -4.537603905509296e-01, -2.785035681142771e-01,  2.198365896876636e-01,  0.000000000000000e+00,  2.912123580269314e-02,  3.697375253144379e+01
s759        ,  8.887536211540953e-01, -1.298099500507512e-01,  2.082172590350022e-01,  0.000000000000000e+00, -2.521579278010811e-01,  2.392425469434847e+01
s760        , -2.895515595576988e-01,  5.588537797975857e-03,  4.842237956217858e-02,  0.000000000000000e+00, -8.104424855742157e-02,  2.902905683061488e+01
s761        ,  1.508586595387194e+00,  9.561142735967894e-01,  6.188559233210473e-01,  0.000000000000000e+00,  1.721843324258923e-01,  2.428206321070818e+01
s762        , -1.358921391484776e+00, -1.839017090546318e+00,  4.624800508655991e+00,  0.000000000000000e+00,  2.048543846861693e-02,  4.931235556328217e+01
s763        ,  6.364126482871526e-01,  5.641816138824050e-01,  9.757793343317080e-02,  1.239409722222222e-01, -7.230710682839221e-02,  3.603437439644382e+01
s764        , -9.313282224456001e-01, -3.234254192142925e-01,  8.172744153944184e-02,  0.000000000000000e+00, -3.623132186048111e-02,  3.535101102280849e+01
s765        ,  1.388135281387673e-01,  6.730164135267067e-01,  1.008688936708398e-02,  6.485260770975057e-02,  4.388791060220962e-02,  3.223179872378950e+01
s766        , -5.439787958329916e-01, -5.221113278490908e-01,  5.234358066822158e-02,  0.000000000000000e+00, -9.018420870344628e-02,  3.611266846644278e+01
s767        , -9.653950427427375e-02, -7.042569595151287e-01, -3.842797201017413e-03,  0.000000000000000e+00, -2.562662874867207e-01,  3.232254854497094e+01
s768        ,  5.676322320535289e-02,  6.492023305271941e-01,  1.186331652187460e+00,  0.000000000000000e+00,  7.891301498576697e-03,  2.099886953605861e+01
s769        ,  2.392616163662374e+00,  1.231971582725948e+00,  4.783878036117624e-01,  0.000000000000000e+00, -2.613314138260250e-02,  1.294827414037187e+01
s770        ,  2.218993464697082e+00,  5.302578415734276e-01,  1.769307232365473e-02,  4.466128729592794e-02,  5.603483128005221e-02,  3.231748268545697e+01
s771        , -1.301691995085942e+00, -9.265500830713167e-01,  4.748217367148461e-01,  0.000000000000000e+00, -1.504721196114824e-01,  3.857211067652317e+01
s772        ,  5.381680992613423e-01,  3.206193518481926e-01,  6.639177035378296e-02,  4.595137731594941e-02, -1.563861399585034e-02,  3.252905650023616e+01
s773        ,  3.401653127948082e-01,  8.308008755577794e-01,  2.607495504903609e+00,  0.000000000000000e+00, -7.845026939402533e-03,  1.480455184675772e+01
s774        ,  1.961582265617426e+00,  8.144888827014765e-01,  1.725184495636642e+00,  0.000000000000000e+00,  1.565767054140571e-02,  1.782492502097698e+01
s775        ,  1.370640331855435e-01, -4.354470610626204e-01,  1.326151822539330e-01,  0.000000000000000e+00, -1.411859591670939e-01,  3.272892352788469e+01
s776        , -1.362945069319552e+00, -3.893689060686141e-01,  2.757645486627904e-01,  0.000000000000000e+00, -2.102729500040965e-03,  3.720156641825496e+01
s777        , -3.352331847361073e-01, -4.341112406332481e-01,  1.529904004109713e-02,  0.000000000000000e+00, -2.588394061307983e-01,  2.836835903416293e+01
s778        ,  1.725306869739156e-02,  1.017241104765572e-01,  2.080740172018828e-01,  3.144944065616734e-02,  1.848138474189839e-03,  3.428579631302116e+01
s779        ,  1.449489553403749e+00,  2.556939064295038e-01,  4.058258789779475e-01,  0.000000000000000e+00,  4.031206718971525e-02,  2.947528686842923e+01
s780        ,  4.890100260675969e-01,  7.138505498816801e-01,  2.435510880683464e-01,  1.022455278407659e-01,  5.307661016109570e-02,  3.593925011954686e+01
s781        , -1.480324044989625e+00, -8.778664979468895e-01,  6.883308632668662e-01,  0.000000000000000e+00, -9.663091361182098e-02,  3.953252189146519e+01
s782        ,  4.189986042737073e-03, -5.000220489708029e-02,  1.231761355916057e-02,  0.000000000000000e+00, -8.298484723174621e-02,  2.981465566951689e+01
s783        , -6.272127818216120e-01,  2.502065850489712e-01,  1.845692559120335e+00,  0.000000000000000e+00, -8.720164578671052e-02,  2.152053220850624e+01
s784        , -7.567615030290812e-01, -3.250326843053266e-01, -2.455996978407990e-02,  0.000000000000000e+00, -1.350330098105295e-01,  3.174415900949438e+01
s785        , -5.703210531845893e-01, -5.141510764461890e-01,  1.101246194674994e-01,  0.000000000000000e+00, -1.356433132484111e-01,  3.410385964757142e+01
s786        , -8.599325133308396e-02, -1.300316173332585e-01, -1.838870951488389e-02,  0.000000000000000e+00, -7.940301011555413e-02,  3.114923182690508e+01
s787        ,  2.785466688170735e-01, -2.730264044689745e-01,  7.799424093269320e-01,  0.000000000000000e+00,  7.184904666330338e-02,  3.737459859007805e+01
s788        , -2.115784691919650e-01, -1.285814386788289e-01,  1.911257466961680e-02,  0.000000000000000e+00, -4.596350121537940e-02,  3.235393829470554e+01
s789        ,  5.205927430670391e-01,  1.219795063585521e+00,  2.466540211602035e+00,  0.000000000000000e+00, -1.242590740365360e-01,  5.070669450416464e+00
s790        ,  2.374718073624741e-01,  1.449472551522721e+00,  1.888836068029993e+00,  0.000000000000000e+00,  7.626059117492889e-02,  1.087929393544060e+01
s791        , -1.870737338196531e-01, -5.686584494864850e-01,  4.671731340678137e-01,  0.000000000000000e+00, -3.318656103741638e-02,  3.811305410101664e+01
s792        ,  3.003547556082288e-01,  5.061671475036629e-01,  1.323005344582550e+00,  0.000000000000000e+00,  1.053540447914725e-03,  2.246088400010531e+01
s793        , -5.143092658197446e-01, -9.540694370374223e-01, -1.721891672218253e-02,  0.000000000000000e+00, -2.058330099350489e-01,  3.784496306158093e+01
s794        , -1.010636071412045e+00, -3.458107537711221e-01,  2.528372014443962e-02,  0.000000000000000e+00, -1.356087542524108e-01,  3.190916607769828e+01
s795        ,  7.888417803219110e-01,  2.377627442246277e-01, -1.431002721381590e-02,  0.000000000000000e+00,  3.611815820795163e-02,  3.045665527494431e+01
s796        , -5.465110200553928e-01, -4.161544292872166e-01,  6.270826191335257e-01,  0.000000000000000e+00,  2.787104820821926e-02,  3.800338918246425e+01
s797        , -1.192872691111335e+00, -3.099524432799197e-01,  7.747232820028287e-02,  1.676968556839559e-02, -2.465940809863879e-01,  2.894431234629809e+01
s798        , -5.479719952294668e-01,  3.318888144808652e-01,  1.433268560642349e+00,  1.251056635672020e-01,  4.980352101699517e-02,  4.138005208751042e+01
s799        , -1.767142590180783e+00,  1.862854249218562e-01,  2.532637705228813e+00,  0.000000000000000e+00, -1.830464749443865e-01,  1.722466464511400e+01
s800        ,  8.963412972756590e-01,  9.629493085384129e-01,  6.032402498279029e-01,  0.000000000000000e+00, -1.293049309432859e-01,  1.245482180727092e+01
s801        , -1.947046181282547e-01,  8.173212463405677e-01,  6.487801808817765e-01,  0.000000000000000e+00,  6.534374061138742e-03,  1.971407001357123e+01
s802        ,  1.600748538223649e+00,  1.174455566215805e+00,  1.386154809095326e+00,  0.000000000000000e+00,  1.591037805583010e-01,  1.906083860252237e+01
s803        ,  6.740572620180488e-01,  1.219877814905892e+00,  1.007516981327649e+00,  0.000000000000000e+00,  1.098681865456471e-01,  1.730236923551954e+01
s804        , -1.928070676221089e+00, -1.398913394347216e+00,  3.210437251359090e+00,  0.000000000000000e+00,  5.564019824600298e-02,  4.747450030209708e+01
s805        , -3.708716392635017e-01, -3.395252683630527e-01,  9.039732310855315e-01,  0.000000000000000e+00, -1.696012995009674e-01,  2.862869981836067e+01
s806        ,  7.676901054132433e-01,  6.254877306613540e-01,  3.925805794400110e-01,  0.000000000000000e+00,  1.110307211953061e-01,  2.704309993356144e+01
s807        , -3.131290990966100e-01,  4.976705849438590e-01, -3.695205491559474e-01,  0.000000000000000e+00,  5.287843028087430e-02,  2.819606773307096e+01
s808        ,  9.833675917069939e-01, -1.256821925246965e-02,  1.139854764067684e+00,  0.000000000000000e+00, -1.605481792184420e-01,  2.386613836130938e+01
s809        ,  5.790963636372375e-01,  4.040105033916253e-01,  9.274959376221252e-02,  5.395362663495838e-02,  4.788183978522990e-02,  3.472064391135547e+01
s810        ,  1.050626461500014e+00,  6.168577573508334e-01, -8.659306979844460e-02,  0.000000000000000e+00,  1.046423619607312e-01,  2.793288630392034e+01
s811        ,  5.249115464039674e-01,  1.051665058501831e+00,  1.358367012840225e+00,  0.000000000000000e+00,  1.116122788512656e-01,  1.899995058522577e+01
s812        ,  1.605931526374292e+00,  1.075044659653422e+00,  1.525476610950319e+00,  0.000000000000000e+00,  1.154955853149471e-01,  1.846670909929882e+01
s813        ,  9.497331683917801e-01,  6.282738613541854e-01,  1.216814859494824e+00,  0.000000000000000e+00, -1.926131963321237e-02,  2.017008768666502e+01
s814        , -7.865406237894391e-01, -2.725565335497784e-01, -4.067870709262961e-02,  0.000000000000000e+00, -1.759313089177249e-01,  2.944184309365654e+01
s815        , -2.660810322736745e-01, -4.050987759758762e-02,  8.871535195299932e-02,  0.000000000000000e+00, -1.643911016093914e-01,  2.634206542856680e+01
s816        , -9.674450919852262e-01, -1.453199231509368e+00,  1.942609732137336e+00,  0.000000000000000e+00, -1.029394228241197e-01,  4.474456409455046e+01
s817        ,  7.270946209036595e-01, -1.565476476148095e-01,  2.028789212638127e-01,  0.000000000000000e+00, -1.170370004073254e-01,  2.958532500504785e+01
s818        ,  6.532804155454610e-01,  4.489276511018450e-01, -9.275494348226708e-03,  0.000000000000000e+00,  1.167926588711471e-02,  2.651175003310504e+01
s819        ,  8.081292268835972e-01,  1.437089656383804e+00,  2.405520050637707e+00,  0.000000000000000e+00, -1.441094177523916e-02,  6.419262949087127e+00
s820        ,  1.390381735794342e+00,  9.721099024365971e-01,  3.069677108009425e-01,  1.493229166666667e-01,  3.974530783182985e-02,  3.720497103871608e+01
s821        ,  1.516978402347242e+00,  9.412854394744266e-01,  8.093477843896510e-01,  0.000000000000000e+00,  7.669162983056754e-02,  2.036091464184964e+01
s822        ,  3.033561593600319e-01,  4.485567969215776e-01,  2.499020476617898e-01,  1.173964497041420e-01, -1.293166679924555e-01,  3.434484088591868e+01
s823        , -8.238895392622755e-01, -4.979983460437198e-01, -3.364213472304472e-03,  0.000000000000000e+00, -8.564588949458932e-02,  3.606765460417632e+01
s824        ,  2.038981274745353e+00,  1.382274088791646e+00,  2.338727920187139e+00,  0.000000000000000e+00, -2.311817199015859e-02,  6.995037022451764e+00
s825        ,  1.320628175421427e-01,  1.829018708402934e-01, -2.598117453882752e-02,  0.000000000000000e+00, -4.834006973123949e-02,  2.796029744310118e+01
s826        ,  9.525953446348725e-01,  1.149772573069077e+00,  1.242014934729838e+00,  0.000000000000000e+00, -3.377289037327202e-03,  1.337533375389289e+01
s827        , -2.151354450670567e+00,  1.648848841964439e-01,  1.253742267522882e+00,  5.516040063869938e-03, -4.641807253586455e-02,  2.622502229278394e+01
s828        ,  8.438987064828646e-01,  1.993418269378644e-02, -5.624540351506804e-03,  0.000000000000000e+00, -1.358747943365526e-02,  3.157342154383376e+01
s829        , -1.571185202221650e+00, -8.655975451619105e-01,  4.868726431300381e-01,  0.000000000000000e+00, -9.007058932571997e-02,  4.004300080519162e+01
s830        ,  3.133543223982471e-01,  1.042600696661943e+00,  2.088543100550092e-02,  1.101354453627181e-01,  3.341244204552848e-02,  3.193711841604522e+01
s831        , -8.984804340484778e-01,  5.811039769450954e-01,  7.793903679502068e-01,  0.000000000000000e+00,  2.928482917486003e-02,  2.365875027994237e+01
s832        , -1.855362237616736e+00, -4.598776344734699e-01,  4.151704346423398e-01,  0.000000000000000e+00, -3.814570284063641e-02,  3.649448938989768e+01
s833        ,  4.948389352249701e-01,  6.586299217068383e-01, -1.092627566215586e-02,  0.000000000000000e+00,  1.552761269743869e-02,  2.370543208596425e+01
s834        ,  1.120605859544544e+00,  3.938248291114141e-01,  1.173548480970936e-01,  0.000000000000000e+00,  1.858979169486454e-01,  3.381860884958549e+01
s835        , -8.435182612795279e-01, -8.804992537395768e-01,  1.333690277570209e+00,  0.000000000000000e+00,  2.067169027272310e-02,  4.277671489606996e+01
s836        ,  1.128844146448547e+00, -4.744667559372471e-01,  1.076712361067525e+00,  3.611719661759587e-02,  1.865229054107510e-02,  4.178233523020936e+01
s837        , -1.924657877822013e+00, -1.242141250366665e+00,  3.052642926341099e+00,  1.706916030022035e-02, -2.247575429791424e-02,  4.456665063284315e+01
s838        , -1.075095206150813e+00, -1.616332620583147e+00,  2.118284359729917e+00,  0.000000000000000e+00, -1.235774298934487e-01,  4.586899600672952e+01
s839        ,  3.864893622265216e-02,  6.817101276697339e-01,  1.443346938873377e+00,  0.000000000000000e+00,  5.014165007624771e-02,  2.164297733191763e+01
s840        , -1.233908351649846e+00, -2.542466655437656e-01,  4.162994707854045e-03,  0.000000000000000e+00, -9.005125363944536e-02,  3.243918511663188e+01
s841        ,  6.618283364070194e-01,  2.680858150655436e-01,  1.048382544389247e-01,  7.567412624639135e-02, -7.396228675998927e-02,  3.442728961874385e+01
s842        , -1.380664268040651e+00, -8.692649494336204e-01,  1.434738415697447e+00,  0.000000000000000e+00,  2.364573098025124e-04,  4.160625527178218e+01
s843        ,  5.539120810708922e-02, -2.016716826342417e-01,  2.061874216462010e-01,  0.000000000000000e+00,  3.939259238172052e-03,  3.493564935550248e+01
s844        , -2.111176459361614e+00, -1.701560907984656e+00,  4.290007322545428e+00,  0.000000000000000e+00,  4.477659079082387e-02,  4.903069939202380e+01
s845        ,  1.677967143093475e-01, -2.610892383127528e-01,  1.339500074065604e-03,  0.000000000000000e+00, -1.072452416481853e-01,  3.187086499503198e+01
s846        , -1.112697847471129e-01,  2.039714958542960e-02,  1.334407919542522e+00,  0.000000000000000e+00, -6.921772063329051e-02,  2.655146281322320e+01
s847        ,  9.946887487236225e-02, -1.497193346622261e-02,  4.363931937104407e-02,  0.000000000000000e+00,  3.588133342231084e-02,  3.389178525098573e+01
s848        , -1.578942777693122e+00, -1.265569778032787e+00,  2.385065654708616e+00,  0.000000000000000e+00, -5.643088198333988e-02,  4.297158206607079e+01
s849        ,  4.886541057537146e-01,  8.926347833788166e-01,  5.328808474789091e-01,  0.000000000000000e+00,  4.255403531452318e-03,  1.880812682188895e+01
s850        , -1.729847647025637e+00, -2.132739457879240e+00,  5.361517823566212e+00,  0.000000000000000e+00, -2.335226913604091e-03,  5.100386363220822e+01
s851        , -3.749493322034730e-03, -3.399257658085997e-02,  2.385874232166960e-01,  0.000000000000000e+00,  8.169504866121527e-02,  3.553402882068040e+01
s852        , -1.822550475295671e-01, -4.218729949310787e-01,  1.917430032292507e-02,  0.000000000000000e+00, -1.191447024150905e-01,  3.363818356078332e+01
s853        , -7.026997334075608e-02,  6.196456134267474e-01,  1.648227569178910e+00,  0.000000000000000e+00,  3.693904896940170e-02,  2.156892826360254e+01
s854        ,  4.598855993128227e-01,  6.997407097127579e-01, -2.856056870643650e-02,  3.362978638222425e-02, -1.666788166832495e-02,  2.588234309229001e+01
s855        ,  1.247409464273019e-01,  1.646328596457232e-01,  3.314119740010060e-01,  0.000000000000000e+00,  3.372310667163886e-02,  3.066150574484734e+01
s856        , -7.920260931956873e-01, -5.621090943455140e-01,  6.353698375144143e-01,  2.917564501058332e-02, -7.479948211674652e-02,  3.948923357746775e+01
s857        ,  1.951476409171481e+00,  1.116860278607885e+00,  6.061197119700030e-01,  0.000000000000000e+00,  1.026023249740755e-01,  1.932509992495059e+01
s858        ,  5.125085136741685e-01,  5.957025053560048e-01,  2.441339694809540e-01,  0.000000000000000e+00,  8.796523796133782e-02,  2.687866200028511e+01
s859        , -6.666214518700430e-01, -5.479853939382582e-01,  8.693548632325346e-01,  2.913043478260870e-02, -4.749777359061486e-02,  3.985309578774167e+01
s860        ,  6.811400510310224e-02,  2.618838508088466e-01,  6.612122694734467e-01,  0.000000000000000e+00,  4.681046713528453e-02,  2.909931581108474e+01
s861        ,  1.248756919249408e-01,  1.975934644602995e-02, -3.599672296809283e-02,  0.000000000000000e+00, -1.183939791041128e-01,  2.755088553355648e+01
s862        , -4.702662470572295e-01, -1.744789009228149e-01, -2.140335995046477e-02,  0.000000000000000e+00, -1.255182568844087e-01,  2.998362559915511e+01
s863        ,  4.846741731606912e-01,  5.196096794854599e-01,  1.070744138674772e-02,  0.000000000000000e+00,  1.931813117135451e-01,  3.255373093521667e+01
s864        ,  5.444121402657593e-01, -5.339404432096317e-01, -2.025186410182392e-02,  0.000000000000000e+00, -2.144664408676393e-01,  3.158434034315651e+01
s865        ,  6.365198845674543e-01,  5.566863371528339e-01,  9.545361558548295e-01,  0.000000000000000e+00,  5.835741729845417e-02,  2.476598402552760e+01
s866        ,  4.352365441984731e-01,  8.453749201047478e-01,  2.354459817662271e+00,  0.000000000000000e+00,  1.565303648545879e-02,  1.605288785571187e+01
s867        , -5.650365137506241e-02, -2.612543753993313e-01,  4.545741204062202e-01,  9.342532685441220e-03, -3.529865215803450e-02,  3.482288468653798e+01
s868        , -2.338433808137944e+00, -1.894054864748709e+00,  5.392803639770712e+00,  3.320000000000000e-02,  6.511391965495328e-03,  5.183875795195707e+01
s869        , -2.347184475558825e-01, -9.644595406784751e-02,  8.595132319245838e-02,  4.403277931671283e-02, -1.100290980174557e-01,  3.446459084084816e+01
s870        , -8.212819619769498e-01, -1.883552207214523e-02,  3.524737231548429e-02,  0.000000000000000e+00,  6.775274868548448e-02,  3.520773762953747e+01
s871        , -1.570593293706644e-01, -7.040559396289083e-01,  1.378639697455574e-02,  1.844085451710094e-02, -3.110449861291515e-01,  3.232509610911924e+01
s872        ,  5.284306454202828e-01, -8.369450616122509e-02,  2.106284105100923e+00,  0.000000000000000e+00, -4.777057881635743e-02,  2.721896373315084e+01
s873        ,  9.554554102193652e-01,  4.460837456435194e-01, -1.861904525180272e-03,  0.000000000000000e+00, -9.367576314971109e-02,  2.242526933044901e+01
s874        ,  1.539965674145509e+00,  7.794058501267658e-01,  2.834481169790649e+00,  0.000000000000000e+00, -4.797572831358066e-03,  1.516704073068536e+01
s875        ,  6.472677808586434e-01,  1.082979770529735e+00,  9.353929545627527e-01,  0.000000000000000e+00,  5.885469314580291e-02,  1.739730744509791e+01
s876        ,  7.990955642461934e-01,  9.085725606974763e-01,  2.427059306369170e+00,  0.000000000000000e+00, -9.103748042557042e-02,  1.084372610381066e+01
s877        ,  2.414774484401117e-01,  1.026378827238305e+00,  1.162641659390660e+00,  0.000000000000000e+00,  4.543206018296231e-02,  1.719006825918172e+01
s878        , -5.588324756467096e-01, -9.246762661153110e-01,  7.795284316994145e-01,  0.000000000000000e+00, -3.909328970698608e-02,  4.224472588432040e+01
s879        , -1.108097718569436e+00, -1.171049579935131e+00,  2.004007323343062e+00,  0.000000000000000e+00,  6.517392080136200e-03,  4.490256685999037e+01
s880        , -7.450297483445957e-01, -5.160394608643402e-01,  5.624366123637740e-01,  0.000000000000000e+00, -8.766524297972936e-03,  3.812094646139944e+01
s881        , -1.759050067534673e+00,  9.948371640221798e-02,  2.480791955784444e+00,  0.000000000000000e+00, -1.794742616226935e-01,  1.869933446977739e+01
s882        , -6.605379692241985e-01, -1.007900774557942e+00,  1.289814426062164e+00,  0.000000000000000e+00, -6.699316849280576e-02,  4.124752739598691e+01
s883        ,  3.815578964726026e-01, -6.905694374492866e-02,  2.306212270197354e-01,  0.000000000000000e+00,  7.615892756855780e-02,  3.582986387119644e+01
s884        , -4.051889851605022e-01, -3.543787939333316e-01,  3.429781301880770e-01,  7.466918714555766e-03, -1.601546213687055e-02,  3.690492554840325e+01
s885        ,  2.841270750996222e-02,  9.489617322458699e-02,  1.416991099539101e-03,  0.000000000000000e+00,  4.787120740898433e-02,  3.289844993215751e+01
s886        , -1.487878849688012e+00, -1.344816266205910e+00,  1.717305846472289e+00,  0.000000000000000e+00, -8.493652190072189e-02,  4.439548182930366e+01
s887        ,  4.820147860437528e-01,  1.082756854486551e-01,  1.313754120044011e-01,  4.113710967090312e-02, -1.656939892128063e-02,  3.478286472333759e+01
s888        ,  7.081092310596756e-01,  6.035177597682089e-01,  9.929587645325176e-01,  9.126301493888638e-03,  5.010513546142015e-02,  2.478037559053477e+01
s889        , -9.770534507358716e-01, -1.317146461065673e+00,  2.250273625215188e+00,  0.000000000000000e+00, -1.337795677559300e-02,  4.566564390846992e+01
s890        , -4.782598098188896e-02,  1.149717765798672e+00,  8.598045543847214e-01,  0.000000000000000e+00,  9.514784467057780e-03,  1.469054585968356e+01
s891        , -3.221184210883460e-01, -9.366946933564972e-01,  3.092460621748879e-01,  9.248249438499142e-03, -1.279158297204274e-01,  4.104034651114523e+01
s892        , -9.718981396026354e-01, -4.130924423378981e-01, -3.862713852946323e-02,  0.000000000000000e+00, -7.839659960674911e-02,  3.522691624227762e+01
s893        ,  2.164744347352420e+00,  2.445008572008232e-01,  2.905697318093886e-04,  7.479283510256360e-02, -1.693055889904881e-01,  3.115771310760949e+01
s894        ,  2.108977331308746e-01,  4.332429861873832e-01,  1.754118153237721e-01,  5.752332863047945e-02,  1.721310617718637e-02,  3.335790555456592e+01
s895        , -7.726754766108116e-01, -6.979885774278620e-01,  4.608630300147913e-01,  0.000000000000000e+00, -3.182772247456131e-02,  4.000498712057610e+01
s896        ,  2.280269149131176e+00,  3.255808978930252e-02,  1.364623722023945e+00,  0.000000000000000e+00, -1.137153516456132e-01,  2.457939515667581e+01
s897        ,  1.732742671810001e+00,  2.906952897437129e-01,  5.437687920160932e-01,  0.000000000000000e+00,  1.985909700174742e-01,  3.486433570945105e+01
s898        , -1.952924930899203e-01, -3.835764371216670e-01,  1.329936491393655e-01,  3.632411722448378e-02, -1.420493167867011e-01,  3.625682511839746e+01
s899        , -1.243124507856434e+00, -8.504998631845351e-01,  1.213435235651812e+00,  0.000000000000000e+00,  7.053569657387293e-03,  4.207718894651509e+01
s900        , -1.127987025274472e+00, -1.159120881735519e+00,  1.262249612905752e+00,  0.000000000000000e+00, -1.054275419884544e-01,  4.194085776090942e+01
s901        ,  2.222405771151903e+00,  1.249012761212655e+00,  1.247626624852128e+00,  0.000000000000000e+00,  1.054128968204965e-01,  1.620755099428717e+01
s902        , -1.852329248500361e+00, -1.223402826042886e+00,  2.869335287369529e+00,  1.593522685117982e-02, -1.113085428257589e-03,  4.539079412374720e+01
s903        ,  1.566870488248132e+00,  9.084793893378957e-01,  1.956890399675880e+00,  0.000000000000000e+00,  7.486001002154624e-02,  1.831637932448859e+01
s904        , -1.387739856871698e+00,  2.893242363494841e-02,  2.071858299415665e+00,  0.000000000000000e+00, -1.249395218936669e-01,  2.269121696297518e+01
s905        ,  1.121219821885003e+00,  5.327402599298821e-01,  3.607390690064542e-01,  1.161271592393671e-03,  8.223543133007069e-02,  2.743356481461591e+01
s906        , -9.933730759278802e-01, -1.690714580541961e+00,  4.354916044310304e+00,  0.000000000000000e+00,  1.473725807371593e-02,  4.756769114130052e+01
s907        , -5.762178128524449e-02, -6.383345146256354e-01,  2.067691144976418e-01,  0.000000000000000e+00, -7.554735747867648e-02,  3.799646695400573e+01
s908        ,  2.416796340775907e-01, -4.523225797279906e-01,  1.375104307746207e-01,  0.000000000000000e+00, -3.528594065296997e-02,  3.708888175766518e+01
s909        , -4.906300545514419e-01, -2.320315230041561e-01,  7.382119733458137e-01,  0.000000000000000e+00, -5.537002941982938e-02,  3.192053360907636e+01
s910        , -1.582982857801990e+00, -2.044679764016389e+00,  4.897407451352843e+00,  0.000000000000000e+00, -1.994583604498551e-02,  5.005899643520686e+01
s911        , -7.523355700553859e-01, -8.447325882994523e-01,  1.465615008384709e+00,  0.000000000000000e+00,  9.476316135691734e-03,  4.155496195979167e+01
s912        ,  2.234392115693804e-01, -2.713122216573687e-01,  9.546218195251506e-02,  0.000000000000000e+00, -2.781304923524458e-01,  2.514751910566230e+01
s913        , -1.421242973618926e+00, -1.000347803616090e+00,  8.667035841826115e-01,  0.000000000000000e+00, -9.975293392693509e-02,  4.076087746220485e+01
s914        ,  5.670067347130128e-02,  1.280498429202832e-01,  5.188799630312214e-01,  0.000000000000000e+00, -5.485369416328267e-02,  2.732369446146040e+01
s915        , -5.612055763432976e-01, -2.193775960158597e-01, -1.179195579712141e-02,  0.000000000000000e+00, -1.435485323254516e-01,  2.989344440718013e+01
s916        ,  8.997740464690429e-01,  2.640037614636714e-01,  7.873096885761163e-01,  0.000000000000000e+00, -2.303090477736391e-02,  2.607653468360112e+01
s917        , -1.606823724089288e+00, -6.908468600553550e-01,  5.783647348716207e-01,  0.000000000000000e+00, -1.747703939796175e-04,  4.088981260850630e+01
s918        ,  3.499868789687911e+00,  1.007607719663592e+00,  2.204760739885436e+00,  0.000000000000000e+00, -6.636363812152890e-02,  1.088050543798811e+01
s919        , -8.715752962891429e-01,  4.787644148288350e-01,  6.511465791108133e-02,  0.000000000000000e+00,  5.564250995174952e-02,  2.764809267621521e+01
s920        , -1.856154837094557e+00, -1.673004825993633e+00,  3.578819741950523e+00,  0.000000000000000e+00,  1.356961498203456e-02,  4.891973684939604e+01
s921        ,  2.276110916770269e-01,  1.394191574463659e+00,  2.425784514517565e+00,  0.000000000000000e+00,  2.510058486984079e-02,  8.523470871130380e+00
s922        ,  1.278757880561135e+00,  1.054160165927133e+00,  2.138416279002127e+00,  0.000000000000000e+00, -2.359634705253011e-02,  1.203300503971318e+01
s923        , -2.625003058195762e-01, -8.564397707948685e-01,  6.566833802824482e-01,  0.000000000000000e+00, -8.265122382834070e-02,  3.984274320957341e+01
s924        , -1.727834522886679e+00, -6.916623067059517e-01, -1.694939125566798e-01,  0.000000000000000e+00, -6.681618500943920e-02,  3.988865475159533e+01
s925        ,  1.850614154947128e+00,  1.124376924935565e+00,  1.985277082227245e+00,  0.000000000000000e+00,  4.757003261759218e-02,  1.414385025231479e+01
s926        , -9.602025879025963e-01, -1.324101180269513e+00,  3.522515983716745e+00,  1.372266623392430e-02, -1.706347626981951e-02,  4.454156223515475e+01
s927        , -1.294474937930480e+00, -1.092469145088959e+00,  2.867644807401769e+00,  2.456871227901512e-02,  5.382610956675707e-02,  4.671064999239217e+01
s928        , -8.964192424384732e-01, -8.297625130681356e-01,  1.020477805565325e-01,  0.000000000000000e+00, -2.207697885453774e-01,  3.525433436818025e+01
s929        ,  3.373466507702030e-01,  3.915789489772052e-01,  3.334193717004104e-01,  0.000000000000000e+00, -1.828398375848808e-02,  2.542457971642418e+01
s930        , -4.361686703935594e-01,  2.086701408505982e-01,  1.100697451853371e+00,  0.000000000000000e+00, -4.487734481481295e-02,  2.533985011151746e+01
s931        ,  1.180800691213646e+00,  6.572909704133645e-01,  6.948348016764145e-01,  0.000000000000000e+00,  6.513269806313607e-02,  2.416162251946522e+01
s932        ,  4.707166528445574e-01,  1.314105534968828e-01,  1.856309194921167e-01,  3.208335675868144e-02,  4.088989605046997e-02,  3.551274293983269e+01
s933        ,  1.703804210339992e+00,  1.703013054158720e-01,  1.597137853283687e-02,  4.978600751157305e-02, -2.154410555271720e-01,  2.741506125063828e+01
s934        , -1.834005051426063e+00, -1.815876435533843e+00,  5.055561406184331e+00,  0.000000000000000e+00,  4.513261434878243e-02,  4.903297153540214e+01
s935        , -1.778081906893596e+00, -1.636083426847018e+00,  2.659653812967655e+00,  0.000000000000000e+00, -3.388395182802784e-02,  4.849828437141089e+01
s936        , -1.576278502143039e+00, -6.587833176235027e-01,  5.151436642375714e-01,  0.000000000000000e+00,  5.055422048384231e-03,  4.077552171329486e+01
s937        ,  1.612912677482048e-01,  1.030498373563218e+00,  2.269418423741369e+00,  0.000000000000000e+00, -8.198416891192378e-02,  9.810634695977837e+00
s938        ,  3.756397573989944e-01, -6.288878685535781e-01,  6.444391920018333e-01,  0.000000000000000e+00, -3.914680919773081e-03,  3.972905216228698e+01
s939        , -1.269094165370334e+00, -9.626577949825224e-01,  8.856684517979406e-01,  0.000000000000000e+00, -1.067744386422662e-01,  3.991464148930217e+01
s940        ,  1.741633513389911e-01,  1.108411202392764e+00,  4.192565571415093e-01,  0.000000000000000e+00, -8.638081976504203e-03,  1.550052555175915e+01
s941        , -7.405880410109714e-01, -2.971295511541032e-01,  7.468678128371620e-01,  2.394120540838687e-02,  2.863805746288721e-02,  3.892950719877535e+01
s942        , -9.892731562449668e-01, -6.604143264033273e-01,  1.939858092797292e+00,  5.415841081136006e-02, -2.705166379761166e-02,  4.292428728909260e+01
s943        , -2.404390935905114e-01,  1.469594770582523e-01,  5.628046697390613e-03,  0.000000000000000e+00,  9.655581364193713e-03,  3.066347925418642e+01
s944        , -1.000366609598995e+00, -5.189829245751909e-01,  6.383279211977235e-01,  0.000000000000000e+00,  3.502632841029119e-02,  3.971015208120562e+01
s945        , -6.403848269203397e-01, -4.992294230846090e-01,  9.735850896074387e-03,  0.000000000000000e+00, -1.059263247725107e-01,  3.526589184797587e+01
s946        ,  1.042678968069443e+00,  3.310675054538579e-01,  2.758507457641379e-01,  0.000000000000000e+00, -2.299769791023923e-01,  1.814079919350330e+01
s947        ,  5.081125559242120e-03, -9.851663598063685e-01,  5.482354326068403e-02,  0.000000000000000e+00, -2.738577007257604e-01,  3.547668257577808e+01
s948        , -9.507722609706112e-01, -6.884928443196547e-01,  8.103399189317769e-01,  0.000000000000000e+00, -4.007577945167688e-02,  3.880721152634793e+01
s949        , -1.109777834090980e-01, -5.177800741999778e-01, -1.171228014591863e-01,  0.000000000000000e+00, -3.243540404814005e-02,  3.866461465076384e+01
s950        ,  6.358188156380660e-01,  5.053682210214900e-01,  2.597856250234594e+00,  0.000000000000000e+00, -2.849655194265321e-02,  1.861274206592892e+01
s951        , -2.185819524191360e+00, -1.121480669984617e+00,  3.159895155165948e+00,  3.109477647812850e-02, -1.835899213302340e-02,  4.445468419588586e+01
s952        ,  1.305064709156519e+00,  1.335002609045092e+00,  1.914938056125020e+00,  0.000000000000000e+00,  3.463458960606108e-02,  1.081542459160165e+01
s953        ,  1.664044937420125e+00,  1.135531673308096e+00,  2.029013546237362e+00,  0.000000000000000e+00,  4.023089736030833e-02,  1.360718228328263e+01
s954        ,  1.051351309197190e+00,  6.635089692980045e-01,  1.529643197431819e+00,  0.000000000000000e+00, -2.958623922904002e-02,  1.860576028642658e+01
s955        , -1.399028311662238e+00, -4.732271705278659e-01,  2.727385722916172e-03,  0.000000000000000e+00, -1.559905365074429e-01,  3.296027118440392e+01
s956        ,  1.385421265834244e+00,  6.516157938979457e-01,  9.454463031037526e-01,  0.000000000000000e+00,  5.055360210227722e-02,  2.314083613105002e+01
s957        , -9.408889636329510e-01, -4.431874369782585e-01,  3.234608459310284e-01,  0.000000000000000e+00, -1.998997424815141e-02,  3.716202035927429e+01
s958        ,  9.732055185777991e-01,  2.112515184884001e-01,  2.199503089981847e-02,  0.000000000000000e+00,  3.522743083204768e-02,  3.071903766300478e+01
s959        , -5.141793956906318e-01, -5.217358082700132e-01,  4.412275532212142e-01,  0.000000000000000e+00, -6.692817288317651e-03,  3.853958195555231e+01
s960        , -1.427508420922605e+00, -6.671288624363019e-01,  1.168601313927187e+00,  0.000000000000000e+00,  2.534800175630715e-02,  4.029789198933279e+01
s961        , -2.005936182526318e-01,  3.323299008124292e-01, -1.683234228572460e-04,  4.251561849229488e-02,  4.006111691929454e-02,  3.427222291880069e+01
s962        , -1.040812919577019e+00, -9.231858647638098e-01,  8.679976415977158e-01,  0.000000000000000e+00, -6.191289088459812e-02,  4.114547050751538e+01
s963        ,  3.350397487530737e-01,  2.026064667135916e-01,  5.140680135178339e-01,  6.269082027274578e-02,  6.073567168277647e-02,  3.820360998054432e+01
s964        , -1.211148190797335e+00, -1.099378657826468e+00,  2.075371966094171e+00,  0.000000000000000e+00, -2.080229675600383e-02,  4.267342274209123e+01
s965        , -3.546684926971408e-01, -8.734707409919280e-01,  1.193342018187089e-01,  0.000000000000000e+00, -5.053750062764484e-02,  4.247693859699184e+01
s966        , -1.297482551855562e+00, -1.275562483223834e+00,  2.510887226267067e+00,  0.000000000000000e+00,  9.607234444024927e-03,  4.542228713386622e+01
s967        , -7.045435460678467e-02,  2.623873939843091e-01,  1.952947079660030e+00,  0.000000000000000e+00, -1.134515703460617e-01,  2.009665144998936e+01
s968        ,  9.299065987644251e-02,  1.999088134224027e-01,  4.384535476002407e-02,  0.000000000000000e+00, -1.350469999245242e-01,  2.418875833058075e+01
s969        ,  6.950554955433741e-01, -1.590520127543371e-01,  1.271779615468859e-02,  0.000000000000000e+00, -2.266786994952413e-01,  2.574622187913831e+01
s970        ,  2.496136210729474e-01, -5.419406629434098e-02,  1.116719526148822e-01,  0.000000000000000e+00,  4.541517328799480e-02,  3.467298923633042e+01
s971        , -1.044044119112301e+00, -4.969538269791243e-01,  1.640696580070944e-01,  0.000000000000000e+00, -4.609029360315796e-02,  3.724089757656758e+01
s972        , -1.696855601622959e-01,  9.254107193764671e-02,  9.610952779404330e-03,  5.528513911423592e-02, -2.799403321916783e-01,  2.665959825343542e+01
s973        ,  4.802864320387065e-01, -9.708900423347977e-02,  6.093741507946771e-02,  4.083298625572678e-02, -7.684916285318706e-02,  3.544312175180453e+01
s974        , -1.989928973862810e-01, -2.717493671266067e-01,  8.994348545595146e-03,  0.000000000000000e+00, -1.016457543829100e-01,  3.222357227182673e+01
s975        ,  5.144117291211028e-01, -3.279499196784599e-01,  2.617803231808349e-01,  0.000000000000000e+00,  4.063379430781860e-02,  3.803186575666858e+01
s976        ,  3.695887594461370e-01,  9.922952978340043e-01,  8.102251868193687e-01,  0.000000000000000e+00, -1.183348167744858e-02,  1.618484725744621e+01
s977        , -5.208667084829633e-01, -7.227467599835795e-01,  3.404325971835211e-02,  0.000000000000000e+00, -1.158820696029050e-01,  3.798080708539290e+01
s978        , -1.415530554889297e+00, -6.295913877843162e-01,  1.062585889579508e+00,  0.000000000000000e+00, -4.552855881584860e-02,  3.722754832393872e+01
s979        , -9.075955878756907e-02,  1.171857783264331e+00,  1.210277082651824e+00,  1.574074074074074e-03, -7.256002145032242e-02,  1.061760966512643e+01
s980        , -1.408049785649008e+00, -1.755011746002893e+00,  3.735870800723281e+00,  0.000000000000000e+00, -2.202687225096217e-02,  4.835492119091099e+01
s981        ,  7.617332134276670e-01,  6.523006967689882e-01,  8.086992995064263e-03,  7.297934713130111e-02, -2.674733480730840e-02,  3.073312318827622e+01
s982        ,  5.658342892742037e-01,  4.233640301454369e-01,  5.947369679705838e-01,  0.000000000000000e+00,  7.399633092447858e-02,  2.802189199934017e+01
s983        , -6.523400746561840e-01, -7.628177468505455e-01,  1.030536198538294e+00,  0.000000000000000e+00,  1.490576482435541e-02,  4.153420701374404e+01
s984        ,  1.408650344937474e+00,  8.557596423445402e-02,  3.057363067909482e-01,  4.424130703770107e-02, -3.559055817430312e-02,  3.435793475648750e+01
s985        , -1.892295500046385e+00, -2.129861404242940e+00,  4.326990373111980e+00,  0.000000000000000e+00, -7.336737826865650e-02,  5.038781975537421e+01
s986        ,  7.279494111089814e-01,  2.770531050204754e-01,  2.712795320221956e-03,  1.980149006212718e-02,  6.363320017989699e-03,  3.104601853072436e+01
s987        ,  6.069333137359153e-01, -1.860114068291212e-01, -4.348685670652228e-02,  0.000000000000000e+00, -2.088827861971249e-02,  3.427588361885675e+01
s988        ,  7.956867077796174e-01,  3.926249006073870e-01, -2.421378941974090e-01,  0.000000000000000e+00,  1.075286340816741e-01,  3.154079843110402e+01
s989        , -1.492402946081943e-01,  3.416627998085522e-01, -2.222271070539229e-03,  0.000000000000000e+00,  7.372309220697079e-02,  3.043174750910963e+01
s990        ,  4.998144921024051e-01,  8.582144283773561e-01,  2.389024990256912e+00,  0.000000000000000e+00,  8.263109397478541e-03,  1.550992718183086e+01
s991        , -1.388778051347251e+00, -1.479151341992499e+00,  5.934257542045245e+00,  7.836601380297760e-02,  2.673398108277658e-03,  5.002303353515075e+01
s992        ,  4.282998930275517e-01, -1.151672863513618e-01,  1.298656310192657e+00,  8.978085351787773e-02,  3.878328602931608e-04,  4.187151665561554e+01
s993        ,  5.363050420459536e-01,  5.348090281209883e-01,  4.518320025050164e-01,  0.000000000000000e+00,  7.885726633437762e-02,  2.694187222965685e+01
s994        , -6.815023874245365e-01,  2.903127259730205e-01,  4.733274054058867e-01,  0.000000000000000e+00,  5.627358311659586e-02,  2.946614476258040e+01
s995        , -2.391036276757255e+00, -2.372237820232040e+00,  7.021528164625424e+00,  0.000000000000000e+00,  2.722573157148134e-02,  5.201381977373496e+01
s996        ,  4.431453520331272e-01,  2.587737047612690e-01,  1.539124279495176e+00,  0.000000000000000e+00, -1.289271889769526e-01,  2.042231923922586e+01
s997        , -6.841651286789517e-01, -1.884476989114647e+00,  3.374648971669930e+00,  0.000000000000000e+00, -6.945096306066000e-02,  4.909872890433413e+01
s998        , -1.890503332016519e-01, -5.920914231679957e-01,  3.852478944092604e-02,  0.000000000000000e+00, -1.263813329583866e-01,  3.571739700713916e+01
s999        , -1.955891416531250e-01, -3.689482743449308e-01,  7.079265762477365e-01,  0.000000000000000e+00,  7.012999540126139e-02,  3.881435858438226e+01
s1000       ,  1.922227018092693e+00,  1.034032012674173e+00,  2.221810890689497e+00,  0.000000000000000e+00,  2.148830906648164e-02,  1.389925189826206e+01
s1001       ,  7.564584951078414e-01,  6.619428616178977e-01,  8.827483729419851e-02,  3.667355371900827e-02,  4.674031846623877e-02,  2.900184239664640e+01
s1002       , -1.216448226111712e+00, -6.653584811571571e-01,  1.430060493741618e+00,  0.000000000000000e+00,  1.069151817433329e-02,  3.914596205751893e+01
s1003       ,  9.406214986730431e-01,  6.945547972219743e-01,  3.003453426069049e+00,  0.000000000000000e+00, -2.245071641583712e-02,  1.531720041861632e+01
s1004       , -6.084517344429569e-01, -4.866403659062883e-01,  1.857917222180151e-01,  0.000000000000000e+00, -2.508850023512249e-02,  3.786868365460541e+01
s1005       ,  1.047447652274055e-01,  3.579543040119533e-01, -2.077425392940730e-02,  0.000000000000000e+00,  3.210764530442042e-03,  2.748982937240808e+01
s1006       ,  1.789223857816157e+00,  4.814581446687050e-01,  1.441879232634819e+00,  1.526372321781898e-01,  2.804558501552720e-02,  4.165661907896235e+01
s1007       , -3.471776742826870e-02, -3.296577821857909e-01,  7.516144544325800e-01,  0.000000000000000e+00,  7.164692071636813e-02,  3.822621076801400e+01
s1008       , -4.304906904704673e-01,  5.890445097206389e-01,  1.612190513724679e+00,  0.000000000000000e+00,  2.429498977278999e-02,  2.158400840449731e+01
s1009       ,  5.526661980887815e-01,  6.907450538032520e-01,  1.113330226443322e+00,  0.000000000000000e+00,  7.899708411774131e-02,  2.334196380369567e+01
s1010       ,  1.084664986478008e-01,  4.312196598112830e-01,  1.812800695933643e-01,  0.000000000000000e+00, -7.546046150711475e-02,  2.295703365487185e+01
s1011       , -1.857041478323650e-01, -3.127933867869812e-01,  8.855599324351331e-01,  0.000000000000000e+00, -2.343332822221171e-01,  2.576466489645854e+01
s1012       , -9.197930097533304e-01, -1.829849756632224e+00,  4.558121657405078e+00,  0.000000000000000e+00, -2.742630883841038e-02,  4.745502518351338e+01
s1013       , -4.019119417889337e-01, -1.092949565005514e-01,  6.025786060021882e-01,  1.460920379839299e-02,  1.124450416860311e-01,  3.875128659919332e+01
s1014       , -1.358932079618377e+00, -2.302010490278011e+00,  7.129377111534943e+00,  2.453528670447385e-02, -5.031768409925447e-02,  5.066867865387810e+01
s1015       , -1.527440174864809e+00, -9.899303193189932e-01,  1.085814820600818e+00,  0.000000000000000e+00, -4.342056835181407e-02,  4.234673169532800e+01
s1016       ,  1.494747075983483e+00,  8.340665479235667e-01,  5.871405835984584e-01,  0.000000000000000e+00,  1.245695442192356e-01,  2.421421796352504e+01
s1017       ,  5.541257590705128e-01, -1.057654056527673e-01,  6.102537786295031e-02,  5.660250218997776e-03, -8.930034820211619e-02,  3.092113792813457e+01
s1018       , -1.957085120530336e+00, -1.635287641978528e+00,  3.933349748844918e+00,  0.000000000000000e+00,  4.080621750078319e-02,  4.869747174228420e+01
s1019       ,  7.131485583147716e-01,  6.862666887079305e-01,  1.906200724289075e+00,  0.000000000000000e+00, -1.556242912935379e-03,  1.857884577634063e+01
s1020       , -1.923756067205053e+00, -7.920718517970720e-01,  1.209692942023147e+00,  0.000000000000000e+00, -2.619020138220698e-02,  3.996326214715823e+01
s1021       ,  3.885529621363158e-01,  8.313107783412581e-01,  2.365039094726296e+00,  0.000000000000000e+00, -6.840573468602967e-02,  1.294902827582905e+01
s1022       , -1.875446506562856e+00, -1.276350704722769e+00,  3.028481793054815e+00,  1.212548259714332e-02,  4.635314858572465e-02,  4.720198871011493e+01
s1023       ,  1.372593741804168e+00,  2.977539136139220e-01,  9.909517577567693e-02,  5.273386321949515e-02,  1.453324165658092e-02,  3.476155057233499e+01
s1024       , -8.235465806555776e-01, -1.148223913052699e+00,  1.911391307889198e+00,  0.000000000000000e+00, -3.121633586038519e-02,  4.330464878060381e+01
s1025       , -3.055697164838789e-01,  3.210007255453897e-01,  1.857338041712037e-01,  0.000000000000000e+00, -7.880423130832703e-02,  2.437286562998927e+01
s1026       , -1.058405261469002e+00, -7.744700992713476e-01,  1.000738079914318e+00,  7.963988919667590e-03, -5.609012384866334e-02,  3.993329985128807e+01
s1027       ,  1.001215100946893e+00,  1.111494346651560e+00,  2.539959516803361e+00,  0.000000000000000e+00,  4.085306037906478e-02,  1.288605728900989e+01
s1028       , -1.207050253018809e-01, -2.824590874562740e-01,  2.998526684701617e-01,  0.000000000000000e+00,  4.917365122655079e-02,  3.764215059107201e+01
s1029       , -3.485019297637044e-02,  2.036624632236574e-01, -3.347591961332829e-02,  0.000000000000000e+00, -1.014064931179768e-01,  2.561255167160605e+01
s1030       ,  7.570890498814408e-01,  5.880328182637238e-01, -2.386992976376988e-02,  0.000000000000000e+00,  4.089679484104189e-02,  2.571928908205074e+01
s1031       , -3.425236517205575e-01,  1.633957417167613e-01,  5.942183087259444e-01,  9.229622855594506e-02, -1.233489061717505e-02,  3.923596891455175e+01
s1032       , -9.690806500330096e-01, -3.957344621149375e-01,  1.040117363735365e-02,  0.000000000000000e+00, -2.698929335953210e-02,  3.688370233981916e+01
s1033       ,  3.580879227715397e-01,  2.701183791619757e-01,  8.430289448490917e-01,  0.000000000000000e+00,  5.678148994477383e-02,  2.898616646553321e+01
s1034       , -1.559175075401338e+00, -9.518793380415964e-01,  2.233008876884833e+00,  0.000000000000000e+00,  2.928164889350016e-02,  4.221103927555210e+01
s1035       , -5.297528349600488e-01, -7.826584637959493e-01, -1.817069879137501e-02,  0.000000000000000e+00, -1.258066289449262e-01,  3.855006643437809e+01
s1036       , -2.199501197760688e+00, -1.389370736711704e+00,  2.329092288493696e+00,  0.000000000000000e+00,  1.392376316549408e-02,  4.758307194481210e+01
s1037       , -2.563451324430153e-01, -4.006484049797505e-01,  4.924711053980605e-01,  0.000000000000000e+00,  1.132641614305366e-02,  3.742472643326298e+01
s1038       ,  1.208934872396009e+00,  7.538485143561742e-01,  2.286625031617934e+00,  0.000000000000000e+00, -1.229444854447198e-01,  1.208082050791536e+01
s1039       ,  1.284684643971159e+00,  8.486924686256005e-01,  2.940139402362532e+00,  0.000000000000000e+00, -1.908944006936991e-02,  1.340708635539496e+01
s1040       ,  3.246719543370283e-02,  1.845651842397880e-01, -5.421240061307101e-02,  0.000000000000000e+00,  6.677007124724138e-02,  3.248827446989220e+01
s1041       ,  2.496032441662194e+00,  1.206602518969063e+00,  1.342689712064833e+00,  0.000000000000000e+00,  6.988884874870044e-02,  1.521824305658345e+01
