# c0 + a0 * (Ge * S) + a1 * (poly_dist_avg_fixed - SBI) + a2 * (pockets-per-volume + face-area-count)
# Property Label: $E$; Unit of the Property: Unitless
# RMSE: 0.657470690342534; Max AE: 2.28661813390137
# Coefficients
# Task   a0                      a1                      a2                      c0
# all ,  9.091395973310664e+00,  2.650536927579653e+00, -7.452965003271553e-02,  2.252351806591994e+00, 
# Feature Rung, Units, and Expressions
# 0;  1; Unitless;                                         18|10|mult; (Ge * S); $\left(Ge S\right)$; (Ge .* S); (newdata$Ge * newdata$S); Ge,S
# 1;  1; Unitless;                                         30|5|sub; (poly_dist_avg_fixed - SBI); $\left(poly_{dist, avg, fixed} - SBI\right)$; (poly_dist_avg_fixed - SBI); (newdata$poly_dist_avg_fixed - newdata$SBI); poly_dist_avg_fixed,SBI
# 2;  1; Unitless;                                         36|34|add; (pockets-per-volume + face-area-count); $\left(pockets-per-volume + face-area-count\right)$; (pockets_sub_per_sub_volume + face_sub_area_sub_count); (newdata$pockets_sub_per_sub_volume + newdata$face_sub_area_sub_count); pockets-per-volume,face-area-count
# Number of Samples Per Task
# Task, n_samples               
# all , 1041                  

# Sample ID , Property Value        ,  Property Value (EST) ,  Feature 0 Value      ,  Feature 1 Value      ,  Feature 2 Value      
s1          ,  6.774572406644882e-01,  4.371424790031646e-01,  0.000000000000000e+00,  6.417673197130047e-02,  2.663788337525630e+01
s2          ,  1.967875961713064e+00,  5.842476089239748e-01,  0.000000000000000e+00,  1.762139112243052e-01,  2.864854021968480e+01
s3          , -1.271285198486554e+00, -9.468306427205415e-01,  0.000000000000000e+00, -9.027419476714434e-02,  3.971449431434900e+01
s4          , -1.922048452937919e-01, -7.917645487896010e-01,  0.000000000000000e+00,  1.920029984140204e-02,  4.152719699841941e+01
s5          ,  2.455067115358116e-01,  1.447965351302565e-01,  0.000000000000000e+00,  1.983272356832427e-01,  3.533129341448784e+01
s6          ,  1.771859120156342e-01,  5.202336320370675e-01,  0.000000000000000e+00,  5.454548565305867e-02,  2.518048853962593e+01
s7          , -1.787554844087500e-01,  2.807077673631255e-01,  0.000000000000000e+00, -3.783601111138252e-02,  2.510891026275293e+01
s8          ,  1.258527874893824e+00,  1.069389069080619e+00,  1.822916666666667e-01,  1.467242940128557e-02,  3.863077683169563e+01
s9          ,  1.207996528852184e+00,  1.358199792907288e+00,  0.000000000000000e+00,  1.292047585025767e-01,  1.659224210461170e+01
s10         , -3.778119871449526e-01,  4.636522177302802e-01,  5.078125000000000e-02, -1.646476650975018e-03,  3.013576465851754e+01
s11         ,  2.051916464504999e-01, -1.125611073414198e+00,  0.000000000000000e+00, -1.724462936149827e-01,  3.919094762250037e+01
s12         , -9.030892502610830e-01, -9.815278680351105e-01,  0.000000000000000e+00, -1.409712193009257e-01,  3.837707879868677e+01
s13         , -1.915336013610817e+00, -6.238301031743156e-01,  0.000000000000000e+00,  5.375670547540484e-03,  3.878228761029047e+01
s14         , -4.972857440368104e-01, -6.609001682208682e-02,  9.989258861439311e-02, -1.317028649891022e-02,  4.282452110258616e+01
s15         ,  9.892906044607527e-01,  2.224587076406856e-01,  3.961632479540865e-02, -1.921777951832675e-01,  2.523407061557405e+01
s16         ,  7.196956197004112e-01,  9.405575679231644e-01,  0.000000000000000e+00,  5.277935271314915e-02,  1.947799112717624e+01
s17         , -8.233048349290433e-01, -1.055499296279345e+00,  0.000000000000000e+00, -1.857006927403524e-01,  3.777885120955160e+01
s18         ,  6.436893120625885e-01, -5.008978846915224e-01,  0.000000000000000e+00, -8.429535440795718e-02,  3.394382960997833e+01
s19         ,  6.782210382119218e-01,  1.186660010229670e+00,  0.000000000000000e+00, -1.342198368609421e-02,  1.382156406891458e+01
s20         ,  1.358387811126361e-01, -9.058087003661055e-01,  0.000000000000000e+00,  1.541991098392556e-02,  4.292293803924665e+01
s21         ,  1.192439177417436e+00,  3.155425400050471e-01,  0.000000000000000e+00, -1.919254219138963e-01,  1.916155312464206e+01
s22         , -1.675888320916539e+00, -1.288369259087114e+00,  0.000000000000000e+00,  1.612057280721170e-02,  4.808085423217966e+01
s23         ,  1.682267394333138e+00,  1.220862392541902e+00,  0.000000000000000e+00,  9.352393369827960e-02,  1.716602792805679e+01
s24         , -5.344901610254715e-02,  1.410453114736487e-02,  0.000000000000000e+00,  6.687921798360624e-02,  3.241009599988077e+01
s25         ,  7.630444568978922e-01,  1.580068549411489e+00,  0.000000000000000e+00, -8.905669092553886e-02,  5.853176675897799e+00
s26         , -7.690353008448225e-01, -1.459799242463438e+00,  0.000000000000000e+00, -3.523633035661504e-02,  4.855457999151128e+01
s27         ,  1.318355805735755e-01, -1.724469505160009e-02,  0.000000000000000e+00,  1.691170850964692e-02,  3.105370290268286e+01
s28         , -1.557515501210242e+00, -1.005736676957923e+00,  0.000000000000000e+00, -4.265692276589221e-02,  4.219830273134875e+01
s29         ,  1.315402392066626e+00,  1.755509345118899e+00,  0.000000000000000e+00, -7.845193593381650e-03,  6.387370475251926e+00
s30         , -1.602536800620832e+00, -6.484615959526772e-01,  0.000000000000000e+00, -1.619826925130835e-02,  3.834553483716489e+01
s31         , -6.577868421803238e-01, -3.163170518729093e-01,  0.000000000000000e+00, -1.207052165515109e-01,  3.017235722503085e+01
s32         ,  1.122204297021453e+00, -1.874391262758943e-01,  0.000000000000000e+00, -1.792878633159145e-01,  2.635973508019736e+01
s33         ,  1.732999170998263e+00,  9.815890827881675e-01,  0.000000000000000e+00, -9.568277274339740e-02,  1.364761542376425e+01
s34         ,  1.815120104294484e+00,  6.809070941335855e-01,  1.962809917355372e-02, -5.765245815444058e-02,  2.142880805482727e+01
s35         ,  5.934117724273275e-01,  1.168000412344375e+00,  0.000000000000000e+00,  5.677885583507125e-04,  1.456945441595308e+01
s36         ,  9.702627198604924e-01,  1.610259745013067e-01,  0.000000000000000e+00,  1.629377962925679e-01,  3.385496211179049e+01
s37         ,  1.142962175227537e+00,  3.175320979435656e-01,  0.000000000000000e+00,  1.583645380015084e-01,  3.159240334024050e+01
s38         ,  2.376281988155590e-01,  8.664268135053457e-01,  0.000000000000000e+00, -1.419888531000411e-01,  1.354599537495671e+01
s39         , -9.901628269429662e-01, -1.700526206099959e-01,  0.000000000000000e+00, -2.723013418260190e-01,  2.281856502098313e+01
s40         , -6.175077579414836e-01,  9.491546022647412e-02,  7.384563150746943e-03, -9.260031202555204e-02,  2.655495882056330e+01
s41         , -6.558266813617915e-01, -5.681078698263744e-01,  0.000000000000000e+00, -9.025294777910879e-02,  3.463374515208191e+01
s42         , -1.132806252875512e-01, -5.732117579457663e-01,  0.000000000000000e+00,  4.224146301611585e-02,  3.941419449638512e+01
s43         ,  3.987508132795206e-01,  2.837089463236266e-01,  0.000000000000000e+00, -1.515331048154459e-01,  2.102517279386634e+01
s44         , -1.257042213831158e-02,  2.018963378493854e-01,  2.637119113573407e-02,  3.573119977985214e-02,  3.199952331832727e+01
s45         , -2.453536714432208e-01, -2.224506757630196e-01,  0.000000000000000e+00, -1.454166799769833e-02,  3.268845691975061e+01
s46         ,  4.319604697532172e-01,  6.991869303051361e-01,  1.367166474432911e-01, -2.259393293949527e-02,  3.671322754824214e+01
s47         , -5.858250576994644e-01, -8.327670109668572e-02,  4.966974241156713e-02, -1.818849580632207e-01,  3.092867073594050e+01
s48         , -1.351740028810569e+00, -6.441671667584288e-01,  7.742878013148284e-02,  5.549921803268201e-04,  4.832876176050090e+01
s49         ,  1.400180920836999e+00,  3.225438115356907e-01,  0.000000000000000e+00,  1.614930442366636e-01,  3.163641948295521e+01
s50         ,  6.339509690024701e-01,  5.822603818789118e-01,  1.140992751502213e-01,  2.557466259082548e-02,  3.723618320709463e+01
s51         ,  9.663578673416964e-01,  1.187942417107087e+00,  0.000000000000000e+00,  6.292220179653368e-02,  1.651942560270706e+01
s52         ,  1.470345916377529e-01,  1.699567689906010e-01,  0.000000000000000e+00,  1.294351048128195e-01,  3.254365962497115e+01
s53         , -1.879048126514940e+00, -1.353996554525319e-01,  0.000000000000000e+00, -3.543787261125286e-02,  3.077730904474448e+01
s54         ,  2.462378298792408e+00,  1.562963275069304e+00,  0.000000000000000e+00,  3.240651398480088e-02,  1.040234582066618e+01
s55         ,  2.147693442064033e-01, -4.789845149607195e-01,  0.000000000000000e+00,  1.037224488311621e-02,  3.701652078637559e+01
s56         ,  1.250856345991485e+00,  1.545307463447657e+00,  0.000000000000000e+00, -5.572711894520566e-02,  7.504899811912695e+00
s57         ,  3.470878239384724e-01,  9.317930339569409e-01,  0.000000000000000e+00, -1.096863046908764e-02,  1.732848620602472e+01
s58         ,  2.650904256602346e+00,  7.436467613464111e-01,  0.000000000000000e+00, -8.132544466581365e-02,  1.735079864777800e+01
s59         ,  2.436955679659398e-02, -1.865721521429786e-01,  0.000000000000000e+00, -2.302372611462891e-03,  3.264233005306387e+01
s60         , -1.350996154759193e+00, -9.833036721019410e-01,  0.000000000000000e+00, -6.271095263825216e-03,  4.319131657947904e+01
s61         , -1.175408395594881e+00, -7.243684644957815e-01,  0.000000000000000e+00,  1.411277091648948e-02,  4.044198101331916e+01
s62         ,  5.137509822735412e-02, -9.678611845507890e-02,  0.000000000000000e+00,  2.031579391632099e-02,  3.224200953554143e+01
s63         ,  1.630781368412474e+00,  1.224415854645188e+00,  0.000000000000000e+00,  1.617517296053618e-01,  1.954477021864827e+01
s64         , -7.346563779561162e-02,  1.101153864996291e+00,  0.000000000000000e+00, -9.804473453489643e-02,  1.195935780947528e+01
s65         ,  6.477994742971301e-01,  5.407746631844121e-01,  0.000000000000000e+00, -3.719311306161904e-02,  2.164233191861327e+01
s66         ,  1.102507059534665e+00,  6.242064653203425e-01,  0.000000000000000e+00,  1.078330413574009e-01,  2.568052846836815e+01
s67         , -2.689254974131806e-01, -2.260665793291898e-01,  0.000000000000000e+00, -1.988369118045880e-02,  3.254699206458096e+01
s68         ,  1.634793292022643e+00,  1.301464142232482e+00,  0.000000000000000e+00,  9.131628620930743e-02,  1.600604393718564e+01
s69         ,  3.008420412735001e-01,  6.404714592218193e-01,  0.000000000000000e+00, -8.820696908593106e-03,  2.131367534651878e+01
s70         ,  4.428344099007711e-01,  3.840094190515979e-01,  0.000000000000000e+00,  1.424079259842320e-02,  2.557489714984337e+01
s71         , -2.587880550234566e-02, -4.625636462431451e-01,  0.000000000000000e+00,  6.754938472415900e-02,  3.882961465955464e+01
s72         ,  3.320850724266521e-01,  8.335061726514683e-01,  0.000000000000000e+00,  2.275633506458724e-02,  1.984662667430073e+01
s73         , -1.001377721869569e+00, -5.284584888741044e-01,  0.000000000000000e+00, -1.756592006992091e-01,  3.106440317816374e+01
s74         ,  1.535377236435878e+00,  1.663193212429059e+00,  0.000000000000000e+00, -2.492008469316470e-02,  7.018776946029758e+00
s75         ,  2.223324131252060e-01, -4.597030733092589e-02,  0.000000000000000e+00, -1.795533436956769e-01,  2.445213878217813e+01
s76         , -5.720277382811452e-01, -5.849306955928144e-01,  0.000000000000000e+00,  1.842545880608908e-02,  3.872445207901895e+01
s77         , -1.197863875151751e+00, -6.977641533257195e-01,  0.000000000000000e+00, -3.037842026807180e-03,  3.947508201305198e+01
s78         , -1.436625202734528e+00, -7.884283532021028e-01,  0.000000000000000e+00,  2.747967858061907e-02,  4.177687754153273e+01
s79         ,  4.409066269069510e-01,  7.669142465157148e-01,  0.000000000000000e+00,  7.832634511504244e-02,  2.271638776598131e+01
s80         ,  6.309139277294878e-01,  1.372144747154791e-01,  0.000000000000000e+00, -2.865350118939010e-02,  2.736079087952870e+01
s81         , -1.685326208098238e+00, -6.088182690185726e-01,  0.000000000000000e+00, -3.845866992930501e-02,  3.702196306525193e+01
s82         , -1.663665661245249e-01, -3.173971594030003e-01,  0.000000000000000e+00,  1.820306433793015e-02,  3.512691739554111e+01
s83         , -1.321966357459877e+00, -7.325409293826723e-01,  0.000000000000000e+00,  1.857893074638033e-02,  4.071046726586034e+01
s84         ,  1.425519064192979e+00,  9.843108106681431e-03,  2.319177212916512e-02,  5.347882866070613e-02,  3.481972465058006e+01
s85         , -6.984731689207798e-01, -6.650351901365474e-01,  0.000000000000000e+00, -8.310080002996516e-02,  3.618862098981784e+01
s86         , -2.932580333118892e-01, -5.193623880315204e-01,  0.000000000000000e+00, -1.867348931828320e-01,  3.054846579281356e+01
s87         ,  3.346071912195332e-02, -3.080578831621339e-01,  0.000000000000000e+00, -1.519201262087351e-02,  3.381396126497314e+01
s88         , -7.344698336486584e-02, -1.824776699359387e-01,  4.349110043222637e-03,  1.334564701862967e-03,  3.324725488445475e+01
s89         ,  2.903456543575506e-01,  5.364039369495086e-01,  0.000000000000000e+00,  1.317220184251488e-01,  2.770819321903674e+01
s90         ,  3.160753830639385e-01, -1.407346487912853e-01,  0.000000000000000e+00,  3.817497618747001e-03,  3.224495046921333e+01
s91         ,  4.911838748491691e-01,  1.563709486013853e+00,  0.000000000000000e+00,  4.800421880404987e-02,  1.094704288615001e+01
s92         , -8.899315452749768e-01, -1.219279249434937e+00,  0.000000000000000e+00, -1.069581074933497e-01,  4.277672900667467e+01
s93         ,  8.806558878772817e-01, -2.392351422630405e-01,  0.000000000000000e+00, -1.293794901492889e-01,  2.882962460711596e+01
s94         ,  2.174850994919374e-01,  5.263810015062522e-01,  4.095000000000000e-02, -1.735612690428595e-02,  2.753616062885555e+01
s95         , -7.665153489308597e-01, -1.087216972345709e+00,  0.000000000000000e+00,  4.971330122950937e-03,  4.498539133802525e+01
s96         ,  5.275622810365228e-01, -8.916659657481674e-02,  0.000000000000000e+00,  7.120710367779670e-03,  3.167051110411887e+01
s97         ,  2.030602111680013e+00,  1.446093751638148e+00,  0.000000000000000e+00,  1.010255559560225e-01,  1.441077505627750e+01
s98         , -9.469867286116609e-01, -7.338251148613339e-01,  0.000000000000000e+00, -1.208787885717524e-01,  3.576808998046594e+01
s99         , -9.198822372946849e-01, -1.401906295633797e+00,  0.000000000000000e+00, -8.857929017039712e-02,  4.588073902278285e+01
s100        , -4.843791818667553e-01, -4.370063925580177e-01,  0.000000000000000e+00, -1.088685894687253e-01,  3.221265605642576e+01
s101        , -2.042448773263304e-01, -5.370346462883191e-02,  0.000000000000000e+00, -2.783549937789082e-02,  2.995151931133752e+01
s102        , -5.164158759195604e-01, -1.396586616956446e+00,  0.000000000000000e+00, -3.305954752284347e-02,  4.778383999477786e+01
s103        ,  1.172650799800637e-01,  9.120315546581448e-01,  3.305555555555555e-02, -5.577181127736516e-02,  2.003251257242104e+01
s104        , -1.768695959917696e+00, -1.435780732450437e+00,  0.000000000000000e+00, -6.487659096760498e-02,  4.717820005063560e+01
s105        ,  5.247327840013729e-01,  1.043208643170477e-01,  0.000000000000000e+00,  3.601098284934251e-02,  3.010183706928408e+01
s106        ,  5.297962102782025e-01,  1.259957172529972e+00,  0.000000000000000e+00,  4.847092451593871e-03,  1.348781365745181e+01
s107        ,  1.497385912477808e-01, -6.715297609205981e-01,  0.000000000000000e+00,  3.036495981063803e-02,  4.031100392228280e+01
s108        ,  4.406641357796892e-01,  6.642999802998739e-01,  0.000000000000000e+00, -5.032873838055096e-02,  1.951778447983373e+01
s109        , -6.596772585897818e-01, -5.111453177447118e-01,  0.000000000000000e+00, -9.691587494450357e-03,  3.673449711080097e+01
s110        ,  1.094420195469493e+00,  2.839419739825697e-01,  0.000000000000000e+00,  1.947373942589631e-01,  3.333664502896254e+01
s111        ,  3.915962330096326e-01,  7.513291098928405e-01,  1.470588235294118e-02, -9.129841215537482e-02,  1.868692369879776e+01
s112        ,  8.365523515867515e-01,  7.683443428578673e-01,  0.000000000000000e+00, -1.171336407038922e-01,  1.574595376566878e+01
s113        , -1.291655352083360e-01,  7.501842869995556e-03,  0.000000000000000e+00, -9.884270838888576e-02,  2.660503187986086e+01
s114        ,  1.376602311009741e+00,  8.152184050500351e-01,  0.000000000000000e+00,  1.828469050540282e-02,  1.993297497417171e+01
s115        ,  2.854337653329592e+00,  9.132565245261324e-01,  0.000000000000000e+00,  7.118942550315577e-02,  2.049902934663614e+01
s116        , -4.031277243707178e-01, -8.910249431472717e-02,  0.000000000000000e+00, -1.466379350342228e-01,  2.620145188199989e+01
s117        , -1.548008576871541e+00, -9.282002544907599e-01,  0.000000000000000e+00, -1.924222192853661e-02,  4.199066867909266e+01
s118        , -1.376296935489929e+00, -1.101631817472152e+00,  0.000000000000000e+00, -5.822228772308922e-02,  4.293141453155096e+01
s119        ,  1.159776550977451e-01, -2.337417153661296e-01,  0.000000000000000e+00,  9.885661389616279e-02,  3.687279661744117e+01
s120        , -1.608916416404319e-01,  3.309694363290190e-01,  0.000000000000000e+00, -1.120039725625773e-01,  2.179685137709824e+01
s121        ,  3.197271174130288e-01,  7.890714909052026e-01,  0.000000000000000e+00,  6.658883019111358e-02,  2.200166602624423e+01
s122        , -1.530552753436365e+00, -7.871259453731825e-01,  0.000000000000000e+00, -8.368274788751065e-02,  3.780607499500059e+01
s123        , -1.233881263109963e+00, -1.324346518259329e+00,  0.000000000000000e+00, -9.493814147275809e-02,  4.461393919845897e+01
s124        , -5.427146006639550e-01,  4.497370362843611e-02,  0.000000000000000e+00,  1.114778303349343e-01,  3.358199331103940e+01
s125        ,  9.732454451545894e-01,  3.502316997931576e-03,  5.925044616299822e-02,  3.535112674642983e-02,  3.865868446806643e+01
s126        , -1.840471966312827e-01, -6.537415129285638e-01,  0.000000000000000e+00, -3.991442447421012e-02,  3.757294797814502e+01
s127        , -1.081994746251625e+00, -1.425518898318586e+00,  0.000000000000000e+00, -8.708086254909274e-02,  4.625084998420898e+01
s128        ,  4.539347974729817e-01,  9.187556388590636e-01,  0.000000000000000e+00, -9.454374834470586e-02,  1.453118954668504e+01
s129        , -9.281932508350824e-01, -7.956671696418995e-01,  0.000000000000000e+00, -8.823799820043138e-03,  4.058292461646615e+01
s130        , -7.213314288938638e-01,  3.171483349830531e-01,  0.000000000000000e+00, -1.869988338203971e-01,  1.931521423382157e+01
s131        , -2.205996399193568e-01, -1.239264668524007e-01,  0.000000000000000e+00,  1.970709731724071e-02,  3.258451718950951e+01
s132        , -1.239159936584262e+00, -6.756632567733742e-01,  0.000000000000000e+00, -1.654307544542313e-02,  3.869825002177662e+01
s133        , -3.218370754810609e-01, -6.553860184094311e-01,  0.000000000000000e+00, -1.927999394950019e-01,  3.215786555663066e+01
s134        , -1.004593496203065e+00, -1.082415184515218e+00,  0.000000000000000e+00, -2.458190369916332e-01,  3.600197444749836e+01
s135        ,  9.616883013837800e-01,  2.055041839608531e-01,  0.000000000000000e+00,  9.826954054493198e-02,  3.095834567435846e+01
s136        ,  1.177397001560173e+00,  1.114781147928558e+00,  0.000000000000000e+00,  8.378167039785522e-02,  1.824290157421150e+01
s137        , -1.190015539084228e+00, -7.533834034027949e-01,  0.000000000000000e+00, -1.284850346752433e-01,  3.576000799382255e+01
s138        ,  2.514478411301381e-01,  9.700070568130759e-02,  0.000000000000000e+00,  9.123256555866485e-02,  3.216392917274533e+01
s139        , -1.987650229798378e-01,  2.761775012417584e-01,  3.731762065095398e-02, -5.462182804522972e-03,  3.087316059086877e+01
s140        , -1.883191692860165e-02, -2.599718154678072e-01,  3.602339181286550e-02, -1.514036413950832e-01,  3.271886554913606e+01
s141        ,  4.763479271249645e-01,  6.032554968490209e-01,  0.000000000000000e+00,  8.212167499753137e-02,  2.504725087343347e+01
s142        , -1.264849480226229e+00, -2.352168641825916e-01,  9.355932203389832e-02,  2.962891278354848e-03,  4.489497489463811e+01
s143        ,  5.343202969822768e-02,  1.158399218735890e+00,  0.000000000000000e+00, -2.219419713583631e-02,  1.388878182461891e+01
s144        ,  1.580293395785219e-01,  3.800344278959458e-01,  0.000000000000000e+00, -1.086256560027857e-01,  2.125866773133393e+01
s145        ,  9.188749641933952e-01,  5.345821946463121e-01,  2.398929319966667e-02, -6.094271626859124e-02,  2.380710032621820e+01
s146        ,  8.965084025411505e-01,  9.301299943702419e-01,  0.000000000000000e+00,  3.081872601432678e-02,  1.883690562034608e+01
s147        ,  6.848734553557310e-01,  6.932304338158157e-01,  0.000000000000000e+00,  9.720782843579812e-02,  2.437653082897340e+01
s148        ,  2.946101194283518e-01,  3.922316785535536e-01,  6.185384106707957e-02, -4.762891705155911e-02,  3.080942531161428e+01
s149        , -1.049624548293927e+00, -3.100173175662415e-01,  0.000000000000000e+00,  4.805547542941799e-02,  3.608955543432199e+01
s150        ,  3.591106519707902e-01,  8.381369387947271e-01,  0.000000000000000e+00,  3.787029360864480e-02,  2.032199908090832e+01
s151        , -1.331621263631160e-02,  7.528994810722178e-02,  4.210526315789474e-03,  1.118182323663473e-02,  3.012196159378948e+01
s152        ,  6.334057303004041e-01,  3.756634447722957e-01,  8.749389454012614e-02,  2.587728717147218e-02,  3.677353518179105e+01
s153        ,  1.034338109925286e+00,  3.518348774533304e-01,  0.000000000000000e+00,  1.023656347937307e-02,  2.586419388533415e+01
s154        , -3.383324211856340e-02, -2.761679724582522e-01,  0.000000000000000e+00, -6.444729285904408e-03,  3.369716327645819e+01
s155        ,  1.136039203602913e+00,  5.737307759933321e-01,  1.016158991853731e-01,  5.164130380979219e-02,  3.675488330900070e+01
s156        , -1.392262169733224e+00, -8.717454583646531e-01,  0.000000000000000e+00,  1.017720963865532e-02,  4.227944628131795e+01
s157        , -5.253740885024729e-01, -2.611120245306586e-01,  0.000000000000000e+00, -6.330586682565643e-02,  3.147296803807821e+01
s158        ,  3.989423304234663e-01,  4.010996880156590e-01,  0.000000000000000e+00, -7.305482821000481e-02,  2.224104900452507e+01
s159        ,  5.765884380454732e-01,  5.077325278684388e-01,  0.000000000000000e+00,  3.720448417236266e-02,  2.473151473386566e+01
s160        , -8.116051377987674e-01, -9.773461776391099e-01,  0.000000000000000e+00, -2.235758311170068e-02,  4.253928984223614e+01
s161        , -3.068617279191663e-01, -4.520942053510442e-01,  0.000000000000000e+00, -2.680732651534783e-01,  2.675321730991151e+01
s162        ,  7.336330388262124e-01, -4.775394534307535e-01,  0.000000000000000e+00,  2.146755888201490e-02,  3.739172015917462e+01
s163        ,  5.366582957206302e-01,  1.565452236670462e-01,  4.574202431795375e-02,  1.464306474136409e-02,  3.422097677005915e+01
s164        ,  1.442528357282191e+00,  1.268519244733093e+00,  1.704330261330640e-03, -6.532502325113149e-02,  1.108526494286731e+01
s165        , -1.062713736405366e-01,  5.682120102488581e-01,  0.000000000000000e+00,  3.958517527091893e-02,  2.400469832339335e+01
s166        , -8.326065002207604e-01,  1.042295608370161e-01,  0.000000000000000e+00,  4.785987396067161e-02,  3.052445044406384e+01
s167        ,  3.946237056414995e-01,  2.454689924528535e-01,  9.243200000000000e-02, -1.729085517640993e-01,  3.205325966444885e+01
s168        ,  2.235679947771067e+00,  1.348027741865784e+00,  0.000000000000000e+00, -4.750613356088840e-03,  1.196480042782716e+01
s169        ,  1.625062009748738e+00,  9.751971720682284e-01,  0.000000000000000e+00, -6.488047491514029e-02,  1.482881697951283e+01
s170        ,  1.327620092596634e-01,  7.584959184012661e-01,  1.363062442607897e-01,  5.052551964441654e-03,  3.685059439773369e+01
s171        ,  5.954984467350798e-01,  3.593881122127804e-01,  0.000000000000000e+00, -3.948417628879491e-02,  2.399460384270826e+01
s172        ,  5.199772380778388e-01, -3.415640475609858e-01,  0.000000000000000e+00, -2.030914519696767e-01,  2.758116347157474e+01
s173        ,  6.222838143288129e-01,  7.551305547546767e-01,  2.929687500000000e-02, -6.187523967628239e-02,  2.146217156361165e+01
s174        ,  1.054103529053623e+00,  3.355574151723233e-01,  0.000000000000000e+00,  5.615468936068208e-03,  2.591825398821096e+01
s175        , -5.255654946879281e-01, -1.899494625487375e-01,  0.000000000000000e+00, -2.550803381866390e-02,  3.186236997640561e+01
s176        ,  9.849433920982633e-01,  1.137231921241703e+00,  0.000000000000000e+00,  3.671304655694335e-02,  1.626774270966270e+01
s177        , -4.422819104749493e-01, -3.464244934254948e-01,  0.000000000000000e+00, -1.330052914986941e-01,  3.013888918505178e+01
s178        , -6.072036959750036e-01, -6.345016063864302e-01,  0.000000000000000e+00,  4.322755443659537e-02,  4.027161862405194e+01
s179        ,  1.274608736041423e+00,  9.563091369791645e-01,  0.000000000000000e+00, -2.305760003647837e-01,  9.189530149835809e+00
s180        , -1.497077617346340e+00, -9.281705949903110e-01,  3.152621592854829e-02, -2.635815005343829e-02,  4.558288496696603e+01
s181        , -2.083438027973673e+00, -1.144116027738755e+00,  0.000000000000000e+00, -1.853700715606053e-03,  4.550611106643595e+01
s182        ,  1.836267684377070e+00,  8.641227720675404e-01,  0.000000000000000e+00,  3.362359937880061e-02,  1.982230730544973e+01
s183        ,  9.114464311238878e-01,  7.291796404731921e-01,  5.240614764424287e-02, -3.000902056086123e-02,  2.576259499123502e+01
s184        ,  1.514590021168478e+00,  2.567765192992875e-01,  0.000000000000000e+00, -7.228515001850538e-02,  2.420487453062168e+01
s185        ,  1.833338059507960e+00,  1.424274464009621e+00,  0.000000000000000e+00, -7.031536712494324e-02,  8.610048016590827e+00
s186        ,  2.453649877689343e-01,  3.895258168719140e-01,  0.000000000000000e+00, -5.898548334964165e-02,  2.289669664571942e+01
s187        ,  3.720198183543537e-01, -3.260494522306758e-01,  0.000000000000000e+00,  2.143840819004136e-02,  3.535806957690185e+01
s188        ,  1.146530015212694e+00,  9.521039370047535e-01,  0.000000000000000e+00, -6.601067961425075e-02,  1.509847591074270e+01
s189        ,  1.953473158179789e-01,  3.184156826690603e-01,  5.692803437164339e-02, -3.967930586182708e-02,  3.148169835629636e+01
s190        , -2.653274521332475e-01,  1.366082901391170e-01,  7.699167657550536e-02,  2.345224528319223e-02,  3.861371113032668e+01
s191        , -1.734213411135429e+00, -1.636629412388723e+00,  0.000000000000000e+00, -1.704082333598441e-01,  4.612000595988307e+01
s192        , -1.380433379832566e+00, -5.344800455245311e-01,  6.992221153966212e-02, -7.671003053032080e-02,  4.319354236204931e+01
s193        ,  1.331098677791819e+00,  1.335393742227585e+00,  0.000000000000000e+00, -3.623881831711878e-02,  1.101448534700875e+01
s194        ,  5.090097107027989e-01, -1.686898639244290e-01,  0.000000000000000e+00, -8.069160243001494e-02,  2.961459764753001e+01
s195        , -9.924573921340460e-02, -2.845761651098901e-01,  5.190311418685121e-02,  1.590200978577891e-02,  4.093603817867390e+01
s196        , -5.779338669443590e-01, -6.566716491002156e-01,  0.000000000000000e+00, -1.600849378393534e-01,  3.333857619496430e+01
s197        ,  2.483047809304522e-01,  3.441788772343672e-01,  1.345048828879899e-02, -7.684261044653640e-03,  2.697032960550749e+01
s198        , -5.206217556690500e-01,  3.745684659215256e-01,  0.000000000000000e+00, -5.137171381976741e-02,  2.336815905339176e+01
s199        , -5.943289801913764e-01, -5.119283127579952e-01,  4.087395957193817e-03, -1.447110827710503e-01,  3.244182932189392e+01
s200        , -1.021605773659559e+00, -9.340986921579111e-01,  0.000000000000000e+00, -1.942755437029102e-02,  4.206321976693527e+01
s201        , -1.880186336712063e-01, -3.916923330869517e-01,  0.000000000000000e+00, -1.638587230847052e-01,  2.964901273878118e+01
s202        ,  8.974446090874552e-01,  5.771453827710737e-01,  0.000000000000000e+00,  1.545248913035473e-01,  2.797249622849522e+01
s203        ,  1.491847227695687e+00,  7.049279446744103e-01,  7.641291810841985e-02,  3.897439067259525e-02,  3.146971733525477e+01
s204        ,  5.673187961114483e-01,  2.119955819421733e-01,  0.000000000000000e+00, -4.630514921080982e-02,  2.572966216650319e+01
s205        ,  7.052663182498152e-02,  2.335506365489868e-01,  0.000000000000000e+00, -3.044131787681947e-02,  2.600462140954039e+01
s206        ,  4.612958000362408e-01, -3.361125452157934e-01,  0.000000000000000e+00, -1.138391999557320e-02,  3.432581328848212e+01
s207        , -1.890335631962240e-01, -2.811904726118328e-01,  0.000000000000000e+00,  1.483483571841512e-01,  3.926954006602033e+01
s208        ,  1.196645888991632e+00,  3.972128802536832e-01,  0.000000000000000e+00,  9.471986075750852e-03,  2.522814442821423e+01
s209        ,  1.251755561530769e-01,  5.215274280764803e-01,  1.089665326055731e-01,  1.210629886089915e-02,  3.694597338441638e+01
s210        ,  4.275859111659360e-01, -9.367739022145161e-02,  0.000000000000000e+00, -6.159258012929933e-02,  2.928734789117724e+01
s211        ,  5.283027681041661e-01,  6.461408887532301e-01,  7.709750566893424e-02, -2.813320633654748e-02,  2.995541730255495e+01
s212        , -5.193859304496163e-01, -5.983559737475557e-01,  0.000000000000000e+00, -6.803577353717574e-03,  3.800735205492641e+01
s213        , -7.895660096178727e-01, -8.355412784685483e-01,  0.000000000000000e+00, -7.290111270796858e-02,  3.883911963219716e+01
s214        , -8.273130453363812e-01, -1.200203647048610e+00,  0.000000000000000e+00, -1.899955504580081e-02,  4.564889852415380e+01
s215        ,  7.097242197335737e-01,  5.352886039914257e-01,  1.115046569592024e-01, -5.733533064882912e-02,  3.460135368424694e+01
s216        , -4.103389107009319e-01, -3.389628112794267e-01,  0.000000000000000e+00, -1.390861389853273e-01,  2.982251586315883e+01
s217        ,  5.083753923761842e-01, -1.157627151050546e+00,  0.000000000000000e+00, -3.551026167772440e-01,  3.312462030494709e+01
s218        ,  1.227559854195250e+00,  5.238163360014094e-01,  0.000000000000000e+00, -5.972214296871786e-02,  2.106865823962053e+01
s219        ,  4.233903461072759e-01, -2.185573398349452e-01,  0.000000000000000e+00,  4.604547481557850e-02,  3.479091041800634e+01
s220        , -9.401298955648565e-02,  6.211648435242263e-01,  0.000000000000000e+00, -1.154153745310332e-01,  1.778183917784514e+01
s221        ,  1.262898065596499e+00,  4.883415711189842e-02,  0.000000000000000e+00,  3.554668284527707e-02,  3.082981664352175e+01
s222        , -8.196925206317609e-01, -5.218167745168278e-02,  7.581234567901235e-02,  4.809406674087502e-02,  4.187928746211948e+01
s223        ,  4.013207508237785e-01, -6.027665052144262e-01,  0.000000000000000e+00, -2.100501468850244e-01,  3.083836620506388e+01
s224        ,  7.221682333138075e-01,  3.203827644277304e-01,  0.000000000000000e+00,  1.369469822605442e-01,  3.079247084561701e+01
s225        ,  7.658761358813224e-01,  5.052388548613080e-01,  0.000000000000000e+00, -4.349055149471792e-02,  2.189517377683673e+01
s226        ,  1.021677840387193e+00,  5.370700735835845e-01,  0.000000000000000e+00, -1.230154650577792e-02,  2.257726997228458e+01
s227        , -1.713769108940136e-01,  6.239979003875964e-01,  0.000000000000000e+00,  9.628966958872198e-02,  2.527280391585008e+01
s228        ,  1.274319171489858e-01, -2.473850955368020e-01,  1.833751713578664e-02,  2.368892251926148e-02,  3.661950504653452e+01
s229        ,  2.041762025685344e-01, -3.577230261989519e-01,  0.000000000000000e+00,  2.222879704910162e-02,  3.581115809686055e+01
s230        , -1.775628277285172e+00, -7.634436559370097e-01,  0.000000000000000e+00, -1.734105153057607e-02,  3.984766282654639e+01
s231        , -2.906010097813954e-01, -3.901640223823777e-01,  2.650300494807704e-02, -4.893927562038693e-02,  3.694837937640029e+01
s232        ,  7.153226846206260e-01,  1.153758656570050e+00,  0.000000000000000e+00,  3.406577424326618e-02,  1.595184925862982e+01
s233        , -3.817422129899863e-01,  3.067360746492187e-01,  0.000000000000000e+00, -5.951189742828267e-03,  2.589361258129151e+01
s234        , -1.045314287465124e-01,  1.134627721013401e+00,  4.364946124965660e-03, -1.370791220943913e-01,  1.065447461168640e+01
s235        , -2.007585327297883e+00, -1.373822135527815e+00,  1.669261737434948e-02, -1.245455237400356e-03,  5.064604502698855e+01
s236        ,  1.304199689079254e+00, -4.936575520269439e-01,  0.000000000000000e+00,  3.896722671554517e-02,  3.823033424607701e+01
s237        , -2.782406460538666e-01, -8.871341374099728e-03,  0.000000000000000e+00,  4.984901522385382e-02,  3.211272027400926e+01
s238        , -2.322383208123123e-01, -3.282056117462018e-02,  0.000000000000000e+00, -2.900323671963090e-02,  2.962979454287715e+01
s239        , -3.517230695261006e-01, -4.784198479904318e-01,  4.252681599834713e-02, -5.678304364609814e-02,  3.980824038434133e+01
s240        , -8.445222562838290e-01, -9.715769420627658e-01,  0.000000000000000e+00, -1.151599168589681e-01,  3.916150330991589e+01
s241        , -1.536302083677280e+00, -1.210798021868364e+00,  0.000000000000000e+00, -7.565242383755777e-04,  4.643983477059977e+01
s242        ,  2.935750684089247e-01,  1.295322969393080e-01,  0.000000000000000e+00,  7.075882020539498e-02,  3.099931872140679e+01
s243        ,  1.616760901218624e-01,  5.403498400517193e-01,  4.878135626413146e-02,  7.345532772664214e-02,  3.153360642493188e+01
s244        ,  1.913693632034482e-02,  5.784873422061334e-01,  3.846065795196996e-03, -4.233248016102334e-02,  2.142270584748113e+01
s245        ,  1.011107650821608e+00,  1.759266138440196e-02,  0.000000000000000e+00, -8.244044597449937e-02,  2.705296077387985e+01
s246        , -1.106818107812668e+00, -8.213712008737954e-01,  0.000000000000000e+00, -4.486349574664150e-02,  3.964610935368622e+01
s247        , -1.990274764442437e+00, -1.016427971962370e+00,  0.000000000000000e+00, -1.561082473796377e-01,  3.830702415644861e+01
s248        , -9.667152724294116e-02,  2.785288333565190e-01,  4.225932797361369e-02, -5.823985865399620e-02,  2.956745886265197e+01
s249        , -3.381305046273163e-03, -9.622888073294560e-01,  0.000000000000000e+00, -1.439833488717788e-01,  3.801181716990003e+01
s250        , -1.066763974390572e+00, -8.466108884958863e-01,  0.000000000000000e+00, -1.092506737430128e-01,  3.769492743808483e+01
s251        ,  1.207378380322024e+00,  3.359431467139546e-01,  0.000000000000000e+00, -6.157729748716778e-02,  2.352346694527830e+01
s252        , -7.806439949963919e-01, -2.635089484930626e-01,  4.065803465315568e-02,  3.378488853493039e-03,  3.883627329268999e+01
s253        ,  1.425727038542695e-01, -5.404061324317473e-01,  0.000000000000000e+00, -2.218552753066315e-01,  2.958181526784816e+01
s254        ,  2.519006949731616e-01, -2.601156804466020e-01,  0.000000000000000e+00,  2.208863834638448e-02,  3.449652906631211e+01
s255        ,  2.957126742656839e-01, -9.965974212262108e-02,  0.000000000000000e+00,  2.070497934859371e-02,  3.229440712530259e+01
s256        , -1.208240274724157e+00, -1.056514761380207e+00,  0.000000000000000e+00, -1.136208567946473e-02,  4.399257126345308e+01
s257        ,  9.313485666439150e-01,  5.101684292009394e-01,  7.308641975308641e-02, -3.812014498190508e-02,  3.093536742312168e+01
s258        , -6.564646920389060e-01, -5.465714576725356e-01,  0.000000000000000e+00, -4.063735420997619e-02,  3.610928610439629e+01
s259        ,  6.730828234081326e-01,  8.207291272247093e-01,  0.000000000000000e+00,  3.445253624853548e-02,  2.043402053108118e+01
s260        , -1.076132473957489e+00, -1.068840620221017e+00,  5.246913580246913e-02, -9.811616038409192e-02,  4.747304742377295e+01
s261        ,  4.986447736713935e-01,  4.000556013535617e-02,  2.935925411624677e-02,  9.714582199967445e-03,  3.361094153623304e+01
s262        , -7.901168230278026e-01, -7.758138924729487e-01,  0.000000000000000e+00, -1.709502390142547e-01,  3.455075633185916e+01
s263        , -1.546259780331375e+00, -6.185077160013028e-01,  7.745036370381123e-02,  2.471083966284984e-02,  4.884617650480617e+01
s264        , -5.529113966692345e-01,  4.402596516995301e-01,  0.000000000000000e+00,  9.866090394048943e-02,  2.782243742168243e+01
s265        , -4.420703395591482e-01,  4.752379584329229e-01,  2.559016068240428e-02, -7.599116249626320e-02,  2.426345419284286e+01
s266        ,  1.642224930755288e-01,  1.013550719974579e+00,  0.000000000000000e+00, -2.805708522321537e-03,  1.652180644925150e+01
s267        , -5.742332897034260e-01, -6.125978686641531e-01,  0.000000000000000e+00, -5.680093039273311e-02,  3.642036036044468e+01
s268        , -1.103100765949088e+00, -9.199523390808801e-01,  0.000000000000000e+00, -8.963847879477693e-02,  3.937646354446895e+01
s269        ,  7.960085847259791e-01,  7.464115726741869e-01,  0.000000000000000e+00,  2.303928547421696e-02,  2.102527933734313e+01
s270        , -4.283987476508868e-01, -1.887656071379293e-01,  0.000000000000000e+00, -2.272890819282860e-01,  2.467044066403395e+01
s271        ,  2.199521430164574e-01, -2.598416062429365e-01,  0.000000000000000e+00, -2.007681881844391e-02,  3.299329947328246e+01
s272        ,  4.892735632468817e-01,  7.595846745781236e-01,  0.000000000000000e+00, -1.935545274134452e-02,  1.934082327154587e+01
s273        , -7.406199765582813e-01, -5.546662031022174e-01,  8.972921006248998e-03, -7.568958153294372e-02,  3.606586580687319e+01
s274        ,  1.772759222941352e-01,  8.422696558567817e-01,  0.000000000000000e+00,  2.474323525449218e-02,  1.979970399481652e+01
s275        ,  2.643568451335951e-01, -3.522442390308766e-01,  0.000000000000000e+00, -9.439596906058520e-02,  3.159005902724134e+01
s276        , -5.816893010125334e-01, -2.528856967750599e-01,  4.610995749966039e-02, -5.190848992273538e-02,  3.739258153889852e+01
s277        , -1.588157064474181e+00,  2.916666738630431e-01,  0.000000000000000e+00, -1.423265839595442e-01,  2.124581646999342e+01
s278        ,  1.926575532177041e+00,  6.473822473107189e-01,  9.832702020202021e-02, -1.889890543227241e-02,  3.285681855475715e+01
s279        ,  1.613883746546309e+00,  1.098540019751751e+00,  0.000000000000000e+00,  1.165813443226609e-01,  1.962728852734740e+01
s280        , -1.609264987376504e+00, -1.073732885822091e+00,  0.000000000000000e+00,  9.541757864138703e-03,  4.496700940519496e+01
s281        , -1.346496740458654e+00,  4.057225320176912e-01,  0.000000000000000e+00, -8.355406892773204e-02,  2.180563210371216e+01
s282        , -1.354536059868065e+00, -6.217367702409429e-01,  0.000000000000000e+00, -1.123604627864083e-01,  3.456708866721824e+01
s283        ,  4.444527822772946e-01,  5.532755105697520e-01,  1.474287329299470e-01,  1.891545577136819e-03,  4.084847969899062e+01
s284        ,  2.385788249720763e+00,  5.843091835899048e-01,  0.000000000000000e+00,  1.435174190708499e-01,  2.748491159023446e+01
s285        ,  4.002184027452821e-01,  3.651718746490156e-01,  1.572189710891781e-02, -2.919830171698301e-02,  2.620061608005881e+01
s286        ,  1.951350507345722e+00,  1.889820940285482e+00,  0.000000000000000e+00,  4.913590947906338e-02,  6.611696266313817e+00
s287        , -7.632184401675010e-01, -1.174519898630797e+00,  0.000000000000000e+00, -6.537472281669261e-02,  4.365502302558333e+01
s288        ,  7.091749484961576e-01, -3.563103163323049e-01,  3.050632017512887e-02, -1.427757722079837e-01,  3.364533043725960e+01
s289        ,  2.314010563846089e+00,  1.515853644464396e+00,  0.000000000000000e+00,  5.678268406481557e-03,  1.008388771306167e+01
s290        ,  7.654861282396249e-01,  4.576584266906316e-01,  0.000000000000000e+00,  3.949763875702266e-02,  2.548493558127939e+01
s291        , -1.053228118031399e+00,  2.655864854045951e-01,  0.000000000000000e+00, -2.293529280933818e-01,  1.850078344956815e+01
s292        , -1.544830063612452e+00, -7.052026992497957e-01,  0.000000000000000e+00, -8.271296982550733e-02,  3.674136030059833e+01
s293        , -1.690406548169091e+00, -1.427109972972628e+00,  0.000000000000000e+00, -1.020506058248812e-01,  4.573982138447580e+01
s294        ,  1.421215154761337e+00,  1.465361151165812e+00,  0.000000000000000e+00, -2.698033466911826e-02,  9.599914688357721e+00
s295        , -1.705271840139647e+00, -1.167396868194646e+00,  0.000000000000000e+00, -1.007389725137089e-01,  4.230177260605274e+01
s296        , -7.627385590929443e-01,  2.090645591909266e-01,  0.000000000000000e+00, -1.434764627592420e-01,  2.231323485202467e+01
s297        ,  3.113058113377143e-01,  3.748649085755904e-01,  0.000000000000000e+00, -1.551193795144417e-01,  1.967454903902635e+01
s298        ,  4.087923101857815e-01,  5.362817586880004e-01,  0.000000000000000e+00,  9.730786066073388e-02,  2.648594385003207e+01
s299        , -3.373353052859910e-01, -5.366308604740473e-01,  0.000000000000000e+00,  1.763578342152437e-02,  3.804830642605753e+01
s300        , -1.247040873629315e+00, -1.382006684348960e+00,  0.000000000000000e+00, -3.752722396391836e-02,  4.742932774383566e+01
s301        ,  1.197929368440681e+00,  1.432946177115902e+00,  0.000000000000000e+00,  5.754219844795816e-02,  1.304076097137027e+01
s302        , -1.485192472843855e+00, -7.115768808685448e-01,  0.000000000000000e+00, -4.580865861794602e-02,  3.813933307003366e+01
s303        , -8.549580863671642e-01,  4.175804436382342e-01,  0.000000000000000e+00, -6.358821310605628e-02,  2.235658499974099e+01
s304        ,  1.882993199254014e+00,  4.225950428796410e-01,  3.142984561150163e-02, -6.501905239223610e-02,  2.607234215284395e+01
s305        , -5.165357198073315e-01, -6.439187323639266e-01,  4.266666666666667e-03, -4.409754022969299e-02,  3.781284810914065e+01
s306        ,  1.036931584747022e+00,  2.122717239550500e-01,  0.000000000000000e+00,  1.629229261799553e-02,  2.795214260286216e+01
s307        ,  5.869139350739364e-01,  4.956674775922867e-01,  8.954878630600412e-02,  5.413202333416627e-02,  3.641888469699400e+01
s308        , -1.992374094653734e+00,  2.659872138248782e-01,  0.000000000000000e+00, -1.460126981609539e-01,  2.145927887349416e+01
s309        ,  1.168183907358183e+00,  4.392897652180126e-01,  0.000000000000000e+00,  2.113035885278142e-01,  3.184142156383856e+01
s310        , -1.689353307212060e-01,  7.254868193911479e-02,  9.592872008324661e-02, -2.241472888978274e-03,  4.086947941042365e+01
s311        ,  4.171830243610439e-01,  1.335023764161378e-01,  6.631780385781301e-02, -1.811884657570459e-01,  3.007560245892867e+01
s312        , -6.851064106122525e-01, -2.542710862458004e-01,  2.960609376315125e-02, -3.444402072345702e-02,  3.601906710176878e+01
s313        , -3.693039585493864e-01, -5.535921458317468e-01,  0.000000000000000e+00, -3.401841235776146e-02,  3.643887893019416e+01
s314        , -1.774434185617937e-01, -2.044097602600909e-01,  0.000000000000000e+00, -2.009558990973449e-02,  3.224887628829328e+01
s315        , -3.815749786763621e-01, -3.015874118374993e-01,  0.000000000000000e+00,  6.538825092970207e-02,  3.659286191403500e+01
s316        ,  6.374559564486622e-01,  1.081915317370185e+00,  0.000000000000000e+00,  5.355116388137504e-02,  1.760877484367876e+01
s317        , -2.030534733815181e+00, -1.312759736005982e+00,  0.000000000000000e+00, -4.385742385398295e-03,  4.767883612616977e+01
s318        , -8.028512356005929e-02, -3.264615659351020e-01,  0.000000000000000e+00, -5.603621426444376e-02,  3.260832858158631e+01
s319        , -5.934013466311562e-01,  2.010351362193072e-01,  0.000000000000000e+00, -7.238204015422040e-02,  2.494933760233869e+01
s320        ,  2.790171268766068e+00,  5.035531348647031e-01,  0.000000000000000e+00, -2.667562605179413e-02,  2.251578987790884e+01
s321        , -1.062277605983095e+00, -7.125550514176457e-01,  0.000000000000000e+00,  4.342290154125955e-02,  4.132584630003505e+01
s322        ,  7.515966182544803e-02,  3.066308834033564e-01,  0.000000000000000e+00, -5.909354282777711e-02,  2.400509468321353e+01
s323        ,  7.526438612763078e-01,  5.165630326904851e-01,  0.000000000000000e+00, -7.840021427167887e-02,  2.050172126359834e+01
s324        , -2.651743878812372e-01, -8.540685723787482e-01,  0.000000000000000e+00, -3.328672233052261e-02,  4.049653649132575e+01
s325        ,  3.264086782559880e-02,  9.490895008062732e-01,  5.141986921078563e-02,  2.545570086415569e-02,  2.466417019304107e+01
s326        , -8.716201269332444e-01,  5.934700493723986e-01,  0.000000000000000e+00,  1.374786726098992e-02,  2.274693341946641e+01
s327        , -1.671151256925621e-01, -4.787261746792399e-01,  0.000000000000000e+00,  6.476342836307158e-02,  3.894739661906409e+01
s328        , -8.227567374308942e-02,  5.738216715440327e-01,  0.000000000000000e+00, -3.845818724394540e-02,  2.115393388937221e+01
s329        , -3.051380631011923e-01,  1.805584528588837e-01,  0.000000000000000e+00,  2.506815016290787e-02,  2.868975515794599e+01
s330        ,  2.650804092125521e-01, -1.418005705794363e-01,  0.000000000000000e+00, -1.430840872505679e-01,  2.703491455119284e+01
s331        , -1.375958879843693e-01, -1.057265787637984e-01,  0.000000000000000e+00,  2.453930126330675e-02,  3.251217077320954e+01
s332        , -2.261103407740682e-02,  3.288538170893642e-01,  0.000000000000000e+00,  1.673447899805272e-01,  3.175986381185258e+01
s333        ,  1.323183942483754e+00,  1.761604680602913e+00,  0.000000000000000e+00, -1.713426875717422e-02,  5.975234201765791e+00
s334        , -8.334838045052184e-01, -5.910269102249446e-01,  2.946189432675919e-02,  1.034533384662270e-02,  4.211275850988450e+01
s335        , -6.616430929673620e-01, -7.317184625299515e-01,  1.798611111111111e-02, -9.402290610726996e-02,  3.888892462670996e+01
s336        ,  7.402611706142617e-01,  5.644244670160421e-01,  0.000000000000000e+00,  1.853120836162756e-01,  2.923807986983811e+01
s337        , -2.672477917829363e+00, -9.467129394347746e-01,  0.000000000000000e+00, -1.605858511632677e-02,  4.235228357822271e+01
s338        ,  5.119490895181960e-01,  2.835606801585477e-01,  0.000000000000000e+00,  6.655499651682883e-02,  2.878314337279969e+01
s339        , -5.205367300996894e-01, -5.159875134006424e-01,  0.000000000000000e+00,  8.107053038740548e-02,  4.002728784065683e+01
s340        , -5.182275979842598e-01, -8.771084175444286e-01,  0.000000000000000e+00, -1.417627448592139e-01,  3.694788359697455e+01
s341        ,  1.970306289887119e+00,  1.322970914610005e+00,  0.000000000000000e+00,  7.901644163557275e-02,  1.528005146841723e+01
s342        , -6.893119617348112e-02, -1.423732718766497e-01,  7.774262813683228e-02, -5.875856888141755e-02,  3.952483792613307e+01
s343        , -9.390007101093139e-01, -8.817810488629823e-01,  0.000000000000000e+00, -1.696508054866018e-01,  3.601878084146017e+01
s344        ,  1.061951331424555e+00,  8.136340041932950e-01,  0.000000000000000e+00,  1.077897750309878e-01,  2.313734977659072e+01
s345        , -7.723215780687482e-01, -4.869979528432138e-01,  0.000000000000000e+00, -6.983874451631567e-03,  3.650679616916541e+01
s346        ,  3.961380156477509e-01,  9.005845393578678e-01,  0.000000000000000e+00,  1.862812040979467e-02,  1.879979025336416e+01
s347        , -1.709617878224923e+00, -1.254115137447938e+00,  0.000000000000000e+00, -8.919900648566666e-02,  4.387571499411091e+01
s348        ,  3.055057864420297e-01,  4.738577770806573e-01,  5.892722236212541e-02, -9.084254988266510e-03,  3.072799331945760e+01
s349        , -2.198294962810686e-01, -2.737189875493975e-01,  4.629045154231368e-02,  2.869393461421439e-02,  4.056063527551093e+01
s350        ,  4.405144181634823e-01,  5.939533821066494e-01,  0.000000000000000e+00,  1.879935100554451e-01,  2.893723724834240e+01
s351        ,  8.658280652293555e-01,  1.351239983517414e+00,  0.000000000000000e+00,  8.792605603627229e-02,  1.521760911257876e+01
s352        ,  9.704682100223125e-01, -5.014498640458602e-01,  7.569204152249136e-03, -3.010384728389935e-02,  3.680179556319659e+01
s353        , -6.298376205439114e-02,  7.949991158175296e-02,  5.420397411380302e-02, -2.082984819195870e-01,  2.835836298428208e+01
s354        , -5.109688604423303e-01,  5.916445199164386e-01,  0.000000000000000e+00, -9.745004235492732e-02,  1.881683799942730e+01
s355        , -1.498401072816738e+00, -5.780820872696446e-01,  0.000000000000000e+00, -4.553689386700477e-03,  3.781534155531809e+01
s356        ,  1.467186882538691e-01,  4.499490819829479e-01,  0.000000000000000e+00,  4.377261143847405e-02,  2.574040864006749e+01
s357        , -9.744403926942342e-02, -5.225812085006574e-01,  2.349619052693271e-02, -1.743481509744875e-02,  3.947871168728781e+01
s358        , -9.190473297739495e-02,  2.669376460834307e-01,  0.000000000000000e+00,  1.497477066202821e-02,  2.717180802863512e+01
s359        ,  4.402510249016559e-01,  8.196316296439541e-01,  0.000000000000000e+00,  8.548298643985935e-02,  2.226356877374728e+01
s360        , -8.756909416699599e-01, -6.943135624694947e-01,  0.000000000000000e+00, -8.988842484646156e-02,  3.634007107849143e+01
s361        , -1.770572058768898e-01,  6.866202370655461e-01,  0.000000000000000e+00,  7.023235832400831e-03,  2.125794116510492e+01
s362        ,  8.704386959032419e-01,  5.330876475391055e-01,  1.498026792665575e-02,  4.741022814421715e-02,  2.658161236678280e+01
s363        , -1.069662019131376e+00, -4.991439995241165e-01,  0.000000000000000e+00, -2.145471333095831e-01,  2.928808475035815e+01
s364        , -9.988945697241733e-01, -1.164654797582805e+00,  0.000000000000000e+00,  3.136816532100795e-02,  4.696317617447726e+01
s365        ,  1.902823636872192e-01,  5.008766825949884e-02,  0.000000000000000e+00,  8.809508970215446e-02,  3.268180416327321e+01
s366        ,  1.236798092554710e+00,  5.902366706114293e-01,  0.000000000000000e+00,  5.246205211179966e-02,  2.416713001615944e+01
s367        ,  9.184480967949833e-01,  6.014936619333202e-01,  0.000000000000000e+00, -3.606384963196002e-02,  2.086779662558167e+01
s368        ,  1.622937156969908e-01,  2.586371027760830e-01,  8.393175983005122e-02, -1.935261899087776e-01,  3.010645096784649e+01
s369        ,  9.732086991131189e-01,  6.609366097581035e-01,  0.000000000000000e+00, -3.599301554408499e-02,  2.007274124248074e+01
s370        , -8.475872099006457e-01, -6.946639350535220e-01,  0.000000000000000e+00,  5.166120863470398e-02,  4.137877584963122e+01
s371        ,  5.916391131784779e-01,  5.116086321494524e-01,  0.000000000000000e+00, -3.992532039465468e-02,  2.193649960349198e+01
s372        ,  7.596908414790238e-01,  1.239064125544272e+00,  0.000000000000000e+00,  1.378695168467244e-01,  1.849889173010109e+01
s373        , -1.946434670867691e+00, -9.028248530223744e-01,  4.544667590027700e-02, -2.119894324766677e-02,  4.712435658089361e+01
s374        , -9.564014283175248e-01, -6.701371044059705e-01,  0.000000000000000e+00, -1.385608728738796e-02,  3.871966175480821e+01
s375        ,  7.284511861928945e-01,  4.613420406117146e-01,  0.000000000000000e+00,  4.926389892209886e-02,  2.578283338813955e+01
s376        ,  2.037232105036610e+00,  1.586045973231503e+00,  0.000000000000000e+00,  1.699875769913900e-02,  9.544680111241346e+00
s377        ,  7.637732850848320e-01,  7.037906398471592e-01,  0.000000000000000e+00, -1.284155092053018e-01,  1.621087871728755e+01
s378        ,  9.950925555332779e-01,  9.527311334165467e-02,  3.526637131080694e-02, -2.555697064312549e-01,  2.415551789283454e+01
s379        , -8.163846007494810e-01, -9.678198986150925e-01,  0.000000000000000e+00, -6.344664352844512e-02,  4.095019944765946e+01
s380        , -9.184292068832668e-01, -9.178177510765382e-01,  6.759512848901579e-03, -1.732275681087279e-01,  3.719965004800866e+01
s381        ,  1.520868814304400e-01,  1.578038028586770e-01,  0.000000000000000e+00, -1.175799213080600e-01,  2.392199721294510e+01
s382        , -7.921265824309522e-01, -6.517395858624724e-01,  3.361140971097216e-02,  5.225085906502419e-04,  4.308420815424556e+01
s383        ,  6.672838300456271e-01,  1.318790848929607e-02,  0.000000000000000e+00,  3.600543958055744e-02,  3.132441443479084e+01
s384        , -8.703903476353084e-01, -1.223384580614178e+00,  0.000000000000000e+00, -2.818960526243375e-01,  3.661040255507304e+01
s385        ,  8.850482925000751e-01,  5.605399483788029e-01,  0.000000000000000e+00,  3.486314579207911e-02,  2.393970604670074e+01
s386        ,  9.061627662896373e-01,  7.909901868907248e-01,  0.000000000000000e+00,  1.352037546832940e-03,  1.965587178396212e+01
s387        , -1.106690246889199e+00, -1.102134918954939e+00,  0.000000000000000e+00,  1.565081079103094e-02,  4.556535252754344e+01
s388        ,  2.054813205480302e+00,  1.520649932316340e+00,  0.000000000000000e+00,  2.512398335134308e-02,  1.071109175430002e+01
s389        ,  5.830110458201297e-01,  5.383602635925573e-01,  0.000000000000000e+00, -1.649031491914327e-02,  2.241099151311784e+01
s390        ,  4.058167767744563e-02,  4.438370546107340e-01,  9.896949290888685e-03,  5.017089809926535e-02,  2.725722788343578e+01
s391        , -3.572825686809578e-01, -2.334340204984211e-01,  1.999231064975009e-02,  1.862137156039459e-03,  3.585793709955593e+01
s392        , -7.654037138178210e-02,  1.026014153199122e-01,  0.000000000000000e+00,  6.776644377096724e-02,  3.125424380652910e+01
s393        ,  3.686774220084653e-01, -2.830602744827049e-01,  0.000000000000000e+00,  5.651501856334933e-02,  3.602871103729868e+01
s394        , -2.015273820649741e-01, -1.310675306053387e+00,  0.000000000000000e+00, -2.167173193903201e-01,  4.009960939630581e+01
s395        , -6.768380070474945e-01,  3.228915702776500e-01,  0.000000000000000e+00, -1.576099289921509e-01,  2.028332749052037e+01
s396        , -1.571978956162156e+00, -1.470844992699627e-01,  0.000000000000000e+00, -2.990413488656318e-02,  3.113088939823728e+01
s397        , -4.953598502673375e-01, -5.782878999102907e-01,  2.468444179898811e-02, -3.157089019891628e-02,  3.986837358908732e+01
s398        ,  1.555253169293308e-01,  9.531268275483966e-01,  0.000000000000000e+00, -6.398123197831498e-02,  1.515692560634817e+01
s399        , -1.863721424692930e+00, -1.042322767179728e+00,  0.000000000000000e+00, -1.615646617553652e-02,  4.363164542067269e+01
s400        , -1.580914135378971e+00, -9.419590405866707e-01,  0.000000000000000e+00,  1.400778586797018e-02,  4.335776431899085e+01
s401        , -1.745467987214961e+00, -8.502428705391774e-01,  0.000000000000000e+00,  2.679412381737149e-02,  4.258189177539633e+01
s402        , -6.980793622242579e-01, -8.618549689541182e-01,  0.000000000000000e+00, -1.014025914450861e-01,  3.817857002038259e+01
s403        ,  2.251226886668626e-01,  8.322293587075926e-01,  1.170655567117586e-02, -3.724097829867373e-02,  1.915805041547993e+01
s404        ,  7.040030298805582e-01,  4.474901202356714e-01,  0.000000000000000e+00, -6.259718259909658e-02,  2.199051708408049e+01
s405        ,  7.810975699633603e-01,  6.501630717526541e-01,  0.000000000000000e+00,  1.038510745045737e-01,  2.519064348159978e+01
s406        , -7.486530226048839e-01, -7.962393986276783e-02,  0.000000000000000e+00,  3.009812323726403e-02,  3.235963046233695e+01
s407        , -5.898664718227482e-01, -1.546474115050565e+00,  0.000000000000000e+00, -2.089322161152073e-02,  5.022762973637867e+01
s408        , -1.653430955336652e+00, -7.991342524376557e-01,  1.462773475040986e-02,  2.345045431393706e-02,  4.356157423979118e+01
s409        ,  3.615421057666913e-01,  3.228271141544861e-01,  7.380835224837701e-02,  4.535320641109909e-02,  3.650568593905319e+01
s410        , -1.927277741805878e+00, -6.047763651178566e-01,  0.000000000000000e+00, -1.050919182896709e-02,  3.796171281424530e+01
s411        , -7.559092474121808e-01, -1.075580208348105e+00,  0.000000000000000e+00, -1.156891397222242e-01,  4.053814390192621e+01
s412        ,  1.873884464024186e+00,  5.674964971611474e-01,  0.000000000000000e+00, -1.264070577559797e-01,  1.811103009808065e+01
s413        , -8.487613459239006e-02,  1.391413560706685e-01,  9.997519995039990e-02, -1.186768467841404e-01,  3.632872574529372e+01
s414        , -7.984251397438490e-02, -3.542490779938110e-01,  0.000000000000000e+00, -2.346268171047885e-01,  2.662985591342339e+01
s415        ,  3.823952603345894e-01,  2.567279554090085e-03,  6.113062547303460e-02, -2.598847392897498e-02,  3.671912907504514e+01
s416        , -9.819900149129637e-01, -6.720227102628820e-01,  0.000000000000000e+00,  4.657322283413324e-02,  4.089404099543298e+01
s417        , -1.482842264827313e+00, -8.658008939961057e-01,  3.921253192302279e-02,  3.899973022897020e-02,  4.800800190237453e+01
s418        ,  5.288306085486906e-02,  3.283373955707600e-01,  0.000000000000000e+00,  6.871017173228570e-02,  2.825899836606624e+01
s419        , -1.062501299146121e+00, -1.086920195284101e+00,  0.000000000000000e+00, -6.745023443097654e-02,  4.240584335704727e+01
s420        ,  1.615525737358244e+00,  1.244271249182496e+00,  0.000000000000000e+00,  4.808728593469092e-03,  1.369691484762231e+01
s421        , -8.420822469136372e-01,  3.204178409524294e-02,  0.000000000000000e+00, -1.724913502144698e-01,  2.365656256659313e+01
s422        , -2.976491469173829e-01, -7.488078094706241e-02,  5.396960934619340e-02,  2.244346622926414e-02,  3.860717058768807e+01
s423        ,  2.602465190009081e-01, -2.983980386476142e-01,  0.000000000000000e+00, -4.388950586048970e-02,  3.266376654330919e+01
s424        , -1.598544685575905e-02,  6.786470167286192e-01,  0.000000000000000e+00, -6.410637007410752e-02,  1.883530230012698e+01
s425        , -6.873434672527887e-01, -2.133704661550873e-02,  6.850302447848945e-02, -4.462439078067815e-03,  3.870471836753702e+01
s426        ,  3.868281565378119e-01,  1.064771908537103e+00,  0.000000000000000e+00,  9.553604841377802e-02,  1.933192657765323e+01
s427        , -4.350921811790253e-01, -5.882202109417407e-01,  0.000000000000000e+00, -1.091513468101359e-01,  3.423150841307472e+01
s428        ,  1.434023500487657e+00,  3.810619194800378e-01,  0.000000000000000e+00, -1.587090527121410e-02,  2.454356710132852e+01
s429        , -1.410084545291047e-01,  1.773764422697566e-02,  1.444924000750610e-02, -5.114424292537070e-02,  2.992658920712489e+01
s430        , -2.958129836419498e-04,  4.553624228251785e-02,  0.000000000000000e+00, -4.099729855310935e-02,  2.815189269830796e+01
s431        ,  4.037460271826608e-01, -7.356250223528749e-02,  0.000000000000000e+00,  5.006498201951842e-03,  3.138595466586262e+01
s432        , -1.066289337790876e+00,  2.295920898720429e-01,  0.000000000000000e+00, -2.058841344652629e-02,  2.640813911960809e+01
s433        ,  1.465780698491131e-01, -1.069055440342130e-01,  0.000000000000000e+00,  1.878829431575874e-01,  3.833706488992668e+01
s434        ,  4.355472814078697e-01,  5.331863015597489e-01,  2.053417836124943e-02, -6.134807072681753e-02,  2.338994646880186e+01
s435        ,  1.360224600447043e-01, -3.335768112593822e-01,  0.000000000000000e+00,  4.119230974409987e-02,  3.616158609060108e+01
s436        , -1.176834064700477e+00, -7.829058579378463e-01,  0.000000000000000e+00, -1.236426484794929e-01,  3.632833721509082e+01
s437        ,  4.255542297351823e-01, -4.854836574281762e-04,  0.000000000000000e+00,  1.865528543425393e-01,  3.686187334066047e+01
s438        ,  4.759340095896715e-01,  3.166051706188506e-01,  0.000000000000000e+00,  1.079136777465292e-01,  2.981063003591160e+01
s439        , -1.323840968987944e+00, -3.753548228751562e-01,  6.805293005671077e-02,  3.965840601486116e-02,  4.496893292692072e+01
s440        ,  1.911375936580773e+00,  2.367255087526128e-01,  0.000000000000000e+00,  1.884956006961547e-02,  2.771497990351247e+01
s441        , -5.968585101940267e-01, -7.858867801573284e-01,  0.000000000000000e+00, -1.980328456792854e-01,  3.372275618226352e+01
s442        ,  1.602708630643594e+00,  9.161399463277915e-01,  2.842724476693840e-02, -2.096308141606440e-02,  2.065073131010176e+01
s443        , -3.418194688489122e-01, -1.227290061378095e+00,  0.000000000000000e+00, -1.221847023674251e-01,  4.234270254824268e+01
s444        ,  7.637447106545253e-02, -3.775734922061558e-01,  0.000000000000000e+00, -4.306302060401027e-02,  3.375549424114790e+01
s445        ,  1.017156754691856e+00,  1.775315246275904e-01,  0.000000000000000e+00,  4.310837276073287e-03,  2.799216572783643e+01
s446        ,  1.325048844178530e-01, -2.257963300852639e-01,  1.544090614660108e-02, -5.520866527466808e-02,  3.317062298728960e+01
s447        , -1.204238242348799e-02,  5.812461855067586e-02,  0.000000000000000e+00,  1.565631893635133e-02,  2.999779065849214e+01
s448        ,  1.955645847805345e-01,  1.384393782845468e-01,  0.000000000000000e+00,  1.864718338274029e-01,  3.499497057447065e+01
s449        ,  1.023488117482967e+00,  1.922639114485856e-01,  0.000000000000000e+00,  6.643807086561621e-02,  3.000395754425631e+01
s450        ,  1.292595058164963e+00,  6.946975890920077e-01,  0.000000000000000e+00,  3.371137216222592e-02,  2.209868761724195e+01
s451        , -1.076547322827218e+00, -1.219810504573493e+00,  1.247165532879818e-02, -1.201323962348608e-01,  4.383667056465410e+01
s452        ,  1.041326926021929e+00,  8.271506021569914e-01,  1.269333333333333e-01,  4.044719180718319e-02,  3.604483818591903e+01
s453        , -2.986039119797084e-01,  1.342486508799245e-02,  5.760000000000000e-02,  2.584543507319181e-02,  3.798616561858019e+01
s454        , -1.068578759667890e+00, -9.218144648342870e-01,  0.000000000000000e+00,  6.943332572099851e-02,  4.505860236537187e+01
s455        , -1.019022963464540e-01, -5.987366206150715e-01,  0.000000000000000e+00, -1.019281468252538e-02,  3.789192615630694e+01
s456        , -1.276108587100781e+00, -5.739998356066836e-01,  4.361228202028123e-02,  2.094952546860498e-03,  4.331700088507854e+01
s457        , -1.562653854847452e+00, -8.462991469043408e-01,  0.000000000000000e+00,  3.026298479052219e-02,  4.265234186430503e+01
s458        , -1.571215894852860e-01,  2.705314794039055e-01,  0.000000000000000e+00,  1.516743588800155e-01,  3.198510680407232e+01
s459        , -7.908915586506604e-01, -1.070837586987284e+00,  0.000000000000000e+00, -1.290662334489463e-01,  3.999877329909169e+01
s460        ,  1.259413921430306e+00,  3.183317773660332e-01,  1.721935127095212e-02, -1.017105179409511e-01,  2.443296708771121e+01
s461        , -2.175818754703068e+00, -1.091548208338704e+00,  0.000000000000000e+00,  3.190065033995253e-02,  4.600120710570350e+01
s462        ,  1.056177437374778e+00,  9.719237420207383e-01,  5.522682445759369e-03, -1.081475514023744e-01,  1.400768524262391e+01
s463        ,  7.682398919925582e-01,  3.412876700278193e-01,  1.010848126232742e-01, -8.284007003106192e-03,  3.767774472720003e+01
s464        , -1.670624175566991e+00, -5.010970722650057e-01,  8.674893102314082e-02, -7.948261331204406e-02,  4.469960824857367e+01
s465        ,  3.572362737692147e-01,  1.117765458273374e-01,  1.757080383173678e-02, -8.264189132791228e-03,  3.057056965241676e+01
s466        , -1.202841334482275e+00, -4.317087958350867e-01,  3.654354303704953e-02, -5.821140537008808e-02,  3.840083700444840e+01
s467        , -9.998937028287650e-01, -8.560805670790890e-01,  3.482263168253872e-02, -1.024811015818614e-01,  4.231052690605443e+01
s468        , -9.085815979292673e-01, -7.291192260300199e-01,  0.000000000000000e+00, -5.730238956482515e-02,  3.796594954893541e+01
s469        ,  1.368123103534694e+00,  6.550679930151566e-01,  2.117439466718949e-02, -4.125402499251787e-02,  2.254731241324500e+01
s470        ,  6.270281968061774e-01, -1.859261863142270e-01,  0.000000000000000e+00, -6.723140001915565e-02,  3.032455785677896e+01
s471        , -2.645435144970039e-02, -1.560340436740018e-01,  0.000000000000000e+00,  1.833397449381283e-03,  3.237966818372545e+01
s472        , -9.877961354209573e-01, -2.607083107995840e-01,  7.586974403638652e-02, -4.693021833421074e-03,  4.280689596352892e+01
s473        ,  9.062936723193107e-01,  1.011052570818718e-01,  0.000000000000000e+00,  2.717771798319640e-02,  2.983084039246123e+01
s474        , -1.654729567131913e+00, -1.491736322378086e+00,  0.000000000000000e+00, -1.341906344034330e-01,  4.546393141066763e+01
s475        ,  1.613264697983012e+00,  1.261072380137897e+00,  0.000000000000000e+00,  1.202257221868341e-03,  1.334322720126256e+01
s476        ,  6.116129809221722e-01,  5.112391016224880e-01,  0.000000000000000e+00, -1.921514731891442e-01,  1.652775947629076e+01
s477        ,  5.840337661930541e-01, -5.388996230313472e-01,  0.000000000000000e+00,  5.979014337430599e-02,  3.957790505184727e+01
s478        , -1.152221920522414e+00, -1.037762130523727e+00,  0.000000000000000e+00,  8.678716453717136e-02,  4.723149135969674e+01
s479        , -5.094753281829528e-01, -5.087153169286704e-01,  0.000000000000000e+00,  5.790097352820073e-03,  3.725247588241540e+01
s480        ,  2.973171178971667e-01,  1.468303625983856e+00,  0.000000000000000e+00, -4.808168419468600e-02,  8.809995764392774e+00
s481        , -1.675140558535767e+00, -3.983458896929581e-01,  0.000000000000000e+00, -1.623666184890751e-01,  2.979135118974504e+01
s482        ,  5.105384321341787e-01,  2.424783478442916e-01,  0.000000000000000e+00, -1.695185762580318e-01,  2.093875674687912e+01
s483        ,  6.412437341666035e-01,  1.206247702455221e-01,  0.000000000000000e+00, -1.200922673243057e-01,  2.433149821971007e+01
s484        ,  2.259666720581154e+00,  1.418027869405772e+00,  0.000000000000000e+00, -1.112011110879773e-01,  7.239820469072321e+00
s485        , -6.133731587036794e-02, -1.038865140651532e+00,  0.000000000000000e+00, -2.432927804846352e-01,  3.550748523834238e+01
s486        ,  1.705016907792880e+00,  8.292363766748698e-01,  0.000000000000000e+00,  1.776653974917725e-02,  1.972646187057458e+01
s487        , -8.949077256537036e-01, -4.610326258678867e-01,  0.000000000000000e+00, -1.413561862959706e-01,  3.137965413381091e+01
s488        ,  4.414328374469543e-01, -6.023571320199128e-02,  0.000000000000000e+00, -3.413728650366016e-03,  3.090768982457709e+01
s489        ,  1.128277752007163e+00,  3.923618517245311e-01,  6.943837889772032e-02,  3.480044693599359e-02,  3.466434662899238e+01
s490        ,  1.504039442617624e+00,  1.477671324381928e+00,  0.000000000000000e+00,  6.978729068025880e-02,  1.287614087564584e+01
s491        , -5.198334157682940e-01, -5.520529148790962e-01,  2.571332379429341e-02,  2.148158968639044e-02,  4.152860606809806e+01
s492        ,  1.151627147663105e+00,  4.330626665032931e-01,  0.000000000000000e+00,  1.300774409226367e-01,  2.903628555547051e+01
s493        , -8.097664188918848e-01,  7.233318501017207e-01,  0.000000000000000e+00,  7.846367463037407e-03,  2.079463733585366e+01
s494        ,  6.975315577850428e-01,  3.273945123470980e-01,  1.041666666666667e-01,  1.787601477036362e-02,  3.917043410396735e+01
s495        ,  5.757891210893783e-02, -1.739569382819366e-01,  0.000000000000000e+00,  6.919164122861411e-02,  3.501564469824640e+01
s496        ,  1.842735197085195e-01,  1.208826205174639e+00,  0.000000000000000e+00,  4.455587709069053e-02,  1.558604660664615e+01
s497        , -3.806010851052651e-01, -7.721768799354614e-01,  0.000000000000000e+00, -6.001011488321153e-02,  3.844737845600213e+01
s498        ,  2.924357353950326e-01,  6.336535514862169e-01,  0.000000000000000e+00, -1.624982374367268e-02,  2.114094855557318e+01
s499        , -7.813708299191796e-01, -2.704398897916827e-01,  5.228337589736372e-02,  1.260236729301584e-02,  4.067540378953075e+01
s500        ,  1.758078897939561e-01,  1.024373663145148e-01,  0.000000000000000e+00,  1.262115211052757e-01,  3.333495778609507e+01
s501        ,  5.268597846364342e-01,  2.359052547922058e-02,  0.000000000000000e+00,  6.235529312009747e-02,  3.212193116574088e+01
s502        , -1.555727833576514e+00, -3.117101985383743e-01,  0.000000000000000e+00,  3.283876299406774e-02,  3.557110972530333e+01
s503        ,  1.172585934883692e+00,  1.420309810530416e+00,  0.000000000000000e+00,  7.974561089624171e-02,  1.399994072287271e+01
s504        ,  2.953705009587213e-01, -3.172698123982447e-01,  0.000000000000000e+00,  4.248813637813868e-02,  3.598887143931497e+01
s505        ,  1.048522988543108e+00,  1.069178170920325e+00,  1.248699271592092e-02, -7.949414479543479e-02,  1.457132381789771e+01
s506        ,  3.661355339494778e-01, -3.247102003248181e-01,  0.000000000000000e+00,  2.612694056695015e-02,  3.550684092213726e+01
s507        ,  7.001138090247849e-01,  3.225568228038531e-01,  0.000000000000000e+00,  9.483869020632169e-02,  2.926578124794411e+01
s508        ,  5.464601963517310e-01, -2.632011047589424e-01,  0.000000000000000e+00, -1.638266844166509e-01,  2.792612381338229e+01
s509        ,  2.946634304577050e-01,  4.383974800912092e-01,  8.625000000000001e-02, -2.301904536764190e-02,  3.404114199249010e+01
s510        , -1.105581921856613e+00, -6.924547111058452e-01,  0.000000000000000e+00, -9.536745835458255e-02,  3.612027624519784e+01
s511        ,  1.309201174401844e+00,  2.727617471377255e-01,  0.000000000000000e+00, -1.238093189835026e-01,  2.215801210370766e+01
s512        ,  7.885562671323768e-01,  7.420803129959066e-01,  1.216287432574865e-01,  2.740405549736290e-02,  3.607533404714789e+01
s513        , -5.799590652888761e-01, -4.012448041245174e-01,  0.000000000000000e+00,  1.829165218751154e-02,  3.625509188785738e+01
s514        ,  1.756955937636850e+00,  1.430330140075006e+00,  0.000000000000000e+00, -8.292879586687341e-03,  1.073453427710067e+01
s515        ,  1.301480913945963e+00,  5.869581562719040e-01,  1.476112495550018e-01,  2.018842162326909e-02,  4.106950892454480e+01
s516        ,  1.639096205345820e+00,  9.943306123889524e-01,  0.000000000000000e+00,  2.916592629609271e-02,  1.791671580762484e+01
s517        ,  1.265571797582470e+00,  1.159889939454412e+00,  5.796401400797005e-03, -6.391458614692022e-02,  1.309212207853896e+01
s518        ,  1.441905473368953e+00,  6.228166617516773e-01,  1.379978095585784e-01, -5.743565063724933e-02,  3.665511056088529e+01
s519        , -3.428509295553606e-01, -7.092494019924112e-02,  0.000000000000000e+00, -9.633803262690471e-02,  2.774639667401514e+01
s520        , -7.417091464175271e-01,  2.849943382715781e-02,  0.000000000000000e+00, -8.315452365922887e-02,  2.688122426754078e+01
s521        , -3.011966055380439e-01, -7.402486446961984e-01,  0.000000000000000e+00, -1.036511382006867e-01,  3.646695349714610e+01
s522        , -6.069082570615004e-01, -6.239031865132472e-01,  2.737408688965782e-03, -1.144972593930479e-01,  3.485408349789917e+01
s523        ,  1.256149620532759e+00,  8.020412675534376e-01,  2.678298132843588e-02, -1.821806038086160e-02,  2.207869733898506e+01
s524        ,  7.847794981407887e-02,  6.546542547669416e-01,  0.000000000000000e+00, -1.728681592304659e-01,  1.528927227864060e+01
s525        ,  7.540604241380652e-01, -9.090841748834455e-02,  4.231111111111112e-02, -1.566318344197187e-02,  3.604486861224449e+01
s526        ,  6.882803931636601e-01,  9.771056497498265e-01,  0.000000000000000e+00, -1.182940596127618e-02,  1.668989293475087e+01
s527        , -3.347470952839998e-01,  1.823685539194373e-01,  0.000000000000000e+00, -9.759300732920617e-02,  2.430320526230637e+01
s528        , -8.880876507782670e-01, -1.702320303318450e+00,  0.000000000000000e+00, -1.356108870573077e-01,  4.823892832456686e+01
s529        ,  9.212434057068957e-01,  1.656502793324475e+00,  0.000000000000000e+00,  7.103741655173024e-03,  8.247425589395927e+00
s530        ,  1.578253206298823e+00,  1.216876644155084e+00,  0.000000000000000e+00,  1.582189867912559e-01,  1.952029063510636e+01
s531        , -1.270304683847079e+00, -6.850416776786483e-01,  0.000000000000000e+00, -4.475055069771305e-03,  3.925326610645655e+01
s532        , -1.264611305197325e-01, -3.423964718571795e-01,  0.000000000000000e+00,  6.953684069026350e-02,  3.728795507970379e+01
s533        ,  8.237391297987288e-01,  4.224782416790636e-01,  0.000000000000000e+00, -9.277112048501687e-02,  2.125302189878992e+01
s534        ,  1.456467143630557e+00,  4.467880455024194e-01,  0.000000000000000e+00, -1.209643980888277e-01,  1.992419334292943e+01
s535        , -1.038398689934333e+00, -4.602103905732884e-01,  0.000000000000000e+00,  8.930916310031650e-03,  3.671336064829296e+01
s536        ,  5.135961834965114e-02,  3.340420702171394e-01,  7.174744897959184e-02, -1.445675248975264e-02,  3.397676022475206e+01
s537        , -8.440212331633648e-02,  2.931491221305680e-01,  0.000000000000000e+00,  5.856433700838526e-02,  2.837031465213135e+01
s538        , -1.317636610189325e+00, -6.596915283054656e-01,  0.000000000000000e+00, -6.204718755558182e-02,  3.686566315315918e+01
s539        ,  2.901282138702423e-01, -3.849789411100901e-01,  0.000000000000000e+00,  1.470881071283311e-02,  3.590942655013718e+01
s540        , -9.824868919009931e-02,  2.390004269350965e-01,  0.000000000000000e+00, -3.626194398559945e-02,  2.572449699167581e+01
s541        , -2.175405710121729e+00, -9.315329550225950e-01,  0.000000000000000e+00, -3.031728271033433e-02,  4.164151693835475e+01
s542        ,  2.591231555634874e-01, -7.324220931996637e-01,  0.000000000000000e+00, -1.487931676951653e-01,  3.475653130139471e+01
s543        , -1.058007309971476e+00, -1.177919568435212e+00,  0.000000000000000e+00, -3.119636647441892e-01,  3.493106650060567e+01
s544        ,  3.414925189823615e-01,  3.047375765404345e-01,  0.000000000000000e+00, -4.651900676316534e-02,  2.447769289122734e+01
s545        , -3.918998056173665e-01,  3.091327995867985e-01,  0.000000000000000e+00,  1.533915358476751e-01,  3.152824327118339e+01
s546        ,  5.616853932534658e-01,  4.744940057755771e-01,  0.000000000000000e+00, -1.798105654971639e-02,  2.321489964966974e+01
s547        , -1.305950209492648e+00, -1.416945536211352e+00,  0.000000000000000e+00, -1.031883108895289e-01,  4.556297946931809e+01
s548        , -3.050762501887698e-01, -3.350848712499355e-02,  0.000000000000000e+00,  1.066660890950919e-01,  3.446390397186254e+01
s549        ,  1.039973910986755e+00,  1.008630553408541e+00,  0.000000000000000e+00, -2.252151963143351e-01,  8.678157732074371e+00
s550        ,  2.095033672336812e+00,  1.546957377790150e+00,  0.000000000000000e+00,  1.586001177679736e-02,  1.002865269540380e+01
s551        , -1.303711602903422e+00, -1.134685850881875e+00,  0.000000000000000e+00, -5.633655793266372e-02,  4.344197951928376e+01
s552        ,  3.401293169548341e-01,  4.573858104219930e-01,  0.000000000000000e+00, -6.029685088498538e-02,  2.193954977065932e+01
s553        , -5.647880997296292e-02,  5.340971924971680e-01,  9.570275849127415e-02, -2.927838395157906e-02,  3.368757062902478e+01
s554        , -1.031552667181044e+00, -9.456343369901146e-01,  0.000000000000000e+00, -1.683068411784706e-02,  4.231035289213247e+01
s555        , -8.490058291493487e-01,  3.644691576493007e-01,  0.000000000000000e+00,  3.865219482961835e-02,  2.670523365931444e+01
s556        , -7.911863624049646e-01, -2.634404620342696e-01,  4.294149221685454e-03, -5.378818024593476e-02,  3.236650810115226e+01
s557        ,  2.474068956648234e-01,  6.090552138999852e-01,  0.000000000000000e+00, -6.509448795265438e-03,  2.181739827797663e+01
s558        , -5.007238229142660e-01, -3.001856081158594e-01,  3.910166891783613e-02, -1.874674246655086e-02,  3.835167930646503e+01
s559        ,  2.118829903875907e-01, -2.125091300010142e-01,  0.000000000000000e+00, -1.534243377533063e-01,  2.761590941168981e+01
s560        ,  1.297132454751414e+00,  6.248213365145232e-01,  9.698791066184005e-02,  5.033890956477654e-02,  3.545852030787514e+01
s561        , -5.288135218546878e-01,  6.645776556813654e-01,  0.000000000000000e+00, -1.321945541245917e-02,  2.083379561685617e+01
s562        , -7.943538387030609e-01, -3.238737529258455e-01,  4.285714285714286e-02,  4.557311836475487e-02,  4.141506162034430e+01
s563        , -1.695221398164227e+00, -7.303111641155935e-01,  0.000000000000000e+00, -2.440468421401199e-01,  3.134065170748382e+01
s564        , -8.235878596232101e-01, -8.981639457465684e-01,  0.000000000000000e+00,  2.137857637612114e-02,  4.303227584021567e+01
s565        ,  5.786852470915557e-01, -2.868021094734408e-02,  3.474122546103510e-02,  1.327322705961921e-02,  3.531560167152230e+01
s566        , -8.302212330074121e-01, -3.062056448465498e-01,  5.276450779230949e-02, -9.934897940055976e-04,  4.073046367984502e+01
s567        ,  5.393556498613846e-01,  4.886667065779784e-01,  0.000000000000000e+00, -2.064196581913411e-02,  2.293010642881583e+01
s568        ,  6.041187276553234e-01,  1.330785921829678e-01,  4.227231915358295e-02, -3.702694733491650e-02,  3.227502496337734e+01
s569        ,  5.614800719887970e-01,  5.513285039646076e-01,  0.000000000000000e+00,  2.008858731203316e-01,  2.996765349872834e+01
s570        ,  4.733969246303092e-01, -8.815443177524918e-02,  0.000000000000000e+00,  4.979885813717211e-02,  3.317471569671654e+01
s571        ,  5.730080514530493e-01,  2.504184358898724e-01,  6.648199445983378e-02,  3.033980930035095e-02,  3.604960295907521e+01
s572        ,  2.101230454819456e+00,  1.621863244666773e+00,  0.000000000000000e+00,  1.274719923343094e-01,  1.299292005818340e+01
s573        , -3.811463660619586e-01, -1.121866628820327e+00,  0.000000000000000e+00, -1.384514872124494e-01,  4.034968169791942e+01
s574        ,  6.881700420271472e-01, -1.436190716041983e-01,  0.000000000000000e+00, -2.228890266834542e-01,  2.422116944634789e+01
s575        ,  3.262214597255070e-01, -2.083058928763979e-01,  0.000000000000000e+00, -6.607638314363404e-02,  3.066591356462880e+01
s576        , -9.238693298049331e-01, -9.520589905961001e-01,  0.000000000000000e+00, -1.322307022748905e-01,  3.829252433891673e+01
s577        , -6.565756372879821e-01, -3.794450435542087e-01,  0.000000000000000e+00, -7.190124713065765e-02,  3.275501680761639e+01
s578        ,  6.712394147332970e-01,  5.710155982941725e-01,  1.037886485701844e-01, -2.074144781170190e-02,  3.448216831153329e+01
s579        ,  5.839122855740916e-01,  7.726812657596760e-02,  4.789201183431953e-02, -1.700768570289968e-02,  3.442132659184620e+01
s580        ,  8.930567879170550e-01,  8.119595907886727e-01,  0.000000000000000e+00, -3.850087736639557e-02,  1.795720519299359e+01
s581        ,  2.904861379712105e-01,  1.524309214092212e-01,  0.000000000000000e+00,  2.990260563153699e-03,  2.828198817924460e+01
s582        ,  1.328044708555014e+00,  8.190068310359586e-01,  0.000000000000000e+00, -3.103891378079982e-03,  1.912149052375355e+01
s583        , -1.299353843688629e-01, -1.353071823845786e-01,  1.862839989339169e-02,  6.977991597465077e-02,  3.679034306007309e+01
s584        ,  3.159094534140010e-01,  8.786562125692876e-01,  2.534402221941674e-02, -1.378620575093475e-02,  2.103280087124581e+01
s585        ,  6.465779848987863e-01,  1.627361319487979e+00,  0.000000000000000e+00,  9.857794026599032e-03,  8.736374502096474e+00
s586        , -1.841977151216957e+00, -1.241945501477647e+00,  0.000000000000000e+00, -7.712236961556150e-02,  4.414191691517433e+01
s587        , -1.519059721495913e+00, -1.364469248830094e+00,  0.000000000000000e+00, -5.634387510928804e-03,  4.832824119902608e+01
s588        ,  9.387912361205542e-01,  2.810173198187784e-01,  0.000000000000000e+00, -9.630080662032819e-02,  2.302554274596802e+01
s589        ,  7.816518315318011e-01,  2.492769300844531e-01,  0.000000000000000e+00,  1.662561440795622e-01,  3.278886892337102e+01
s590        ,  1.602915956175816e+00,  3.645223516939169e-01,  0.000000000000000e+00, -2.669326635362484e-02,  2.438060511370241e+01
s591        ,  6.259814475720535e-01,  4.056065740748496e-01,  5.592293098049329e-02,  5.523077856376955e-02,  3.356454725163872e+01
s592        , -1.866544971407417e+00, -1.557643703194959e+00,  0.000000000000000e+00, -1.757941235363962e-02,  5.049534818057644e+01
s593        , -1.403474560349544e+00, -8.780231884827110e-01,  0.000000000000000e+00, -1.276103398746579e-01,  3.746346689767491e+01
s594        , -1.647273275131083e+00, -5.798617822232717e-01,  2.048707294552170e-02, -7.955886396094514e-03,  4.021731363688004e+01
s595        , -6.257274702470922e-01,  1.347444413872629e+00,  0.000000000000000e+00, -3.375985081647231e-02,  1.094095653344388e+01
s596        , -8.694069998626694e-01, -4.941778461428825e-01,  0.000000000000000e+00,  8.228748150209914e-02,  3.977793616141176e+01
s597        ,  1.839102866755815e+00,  8.735524538322108e-01,  0.000000000000000e+00, -4.805683474775185e-02,  1.679094074759441e+01
s598        , -9.091043104888928e-01, -3.117401398613404e-01,  0.000000000000000e+00, -9.544036192089894e-02,  3.100945384536134e+01
s599        ,  1.564046405735407e+00,  1.491694807586932e+00,  0.000000000000000e+00,  5.137357660963687e-02,  1.203312454193837e+01
s600        ,  2.905731218387105e-01, -8.904272625184051e-01,  0.000000000000000e+00,  9.262240181206347e-02,  4.546215048570704e+01
s601        ,  3.859556967138555e-01, -2.420185350626038e-01,  0.000000000000000e+00, -3.662530088097546e-02,  3.216563646996251e+01
s602        , -1.440073457507333e+00, -9.155980585427335e-01,  0.000000000000000e+00, -7.119853555372127e-02,  3.997382942429264e+01
s603        , -1.400421335117203e+00, -9.123686449421351e-01,  0.000000000000000e+00, -1.378770320228336e-02,  4.197223029595369e+01
s604        , -1.410598066968925e+00, -1.067413920787763e+00,  0.000000000000000e+00, -7.236036737437608e-02,  4.196949670617920e+01
s605        , -1.621387133323043e-01, -1.081771292098611e+00,  0.000000000000000e+00, -2.036758346823780e-01,  3.749209578178323e+01
s606        , -9.979698047533583e-01, -3.915783897064458e-01,  0.000000000000000e+00, -2.013774814499400e-01,  2.831318467758948e+01
s607        ,  8.102904644198852e-01,  6.619357287742678e-01,  0.000000000000000e+00,  1.035416028730174e-02,  2.170760444069068e+01
s608        ,  6.515689709358394e-01, -1.082035138304431e-01,  0.000000000000000e+00, -9.551527899216511e-03,  3.133301500792880e+01
s609        ,  1.387300347613353e-02, -6.325862561070834e-01,  0.000000000000000e+00, -5.916316448570751e-02,  3.660454475875982e+01
s610        ,  1.548918422462740e-02,  2.279097779908552e-01,  0.000000000000000e+00,  1.713890008572490e-01,  3.325810470418420e+01
s611        ,  1.874583079024923e-01,  1.347463030594782e-01,  0.000000000000000e+00,  5.704374513741312e-02,  3.044160351632885e+01
s612        , -6.619121708260401e-01, -4.557890088720362e-01,  0.000000000000000e+00, -1.182208440851918e-01,  3.213207229009361e+01
s613        ,  1.853178585757171e+00,  1.483266226044925e+00,  0.000000000000000e+00, -8.949710399242500e-02,  7.136357158127548e+00
s614        , -3.191525488535212e-01, -2.828811470127999e-01,  2.111414836459610e-02, -9.248879492196990e-02,  3.330278714054106e+01
s615        , -1.037736039722638e-01, -4.877731376369305e-01,  0.000000000000000e+00, -3.480926434739395e-02,  3.552762829950188e+01
s616        , -8.799864633294985e-01, -1.064769462592042e+00,  0.000000000000000e+00,  6.896242778809472e-03,  4.475265902720216e+01
s617        , -1.183843594802837e+00, -1.172812562185087e+00,  0.000000000000000e+00, -1.070515761404292e-01,  4.214993914076225e+01
s618        , -1.123650075268739e+00, -6.059194885561117e-01,  8.582033854451732e-02, -4.293487420979657e-02,  4.729255409489559e+01
s619        ,  9.176659138352715e-01,  8.147515804934160e-01,  0.000000000000000e+00, -1.650144970065841e-01,  1.342047370083701e+01
s620        ,  1.595155267894712e+00,  1.462230756214117e+00,  0.000000000000000e+00,  6.498128022748484e-02,  1.291239570828242e+01
s621        ,  1.133359360912494e+00,  1.744979081007587e-01,  0.000000000000000e+00,  2.077117235718901e-02,  2.861825671953142e+01
s622        , -1.002419121282031e+00,  1.109886918659693e-01,  0.000000000000000e+00,  5.791197431867412e-02,  3.079124804959319e+01
s623        ,  1.034471969936265e-01, -4.344191065834138e-01,  0.000000000000000e+00, -9.269193023064864e-03,  3.572004663392772e+01
s624        ,  1.639327811745190e+00,  8.592053775799060e-01,  0.000000000000000e+00,  6.872102784535128e-02,  2.113647454839692e+01
s625        , -4.972654620844768e-01,  5.505789534924197e-01,  0.000000000000000e+00, -5.673740094593199e-02,  2.081571932830077e+01
s626        ,  3.826916613216537e-01, -3.066235182484771e-01,  0.000000000000000e+00,  7.987345117729958e-03,  3.461905532758784e+01
s627        ,  3.687647283893495e-01, -2.187321586848565e-01,  3.242431620809999e-02, -6.256795642588153e-02,  3.488581501398733e+01
s628        , -2.769187143037049e-02,  1.241730593844011e+00,  0.000000000000000e+00, -2.375132926053003e-02,  1.271530776070809e+01
s629        , -6.084255915863079e-01, -1.229164337616880e+00,  0.000000000000000e+00,  1.776719854586195e-02,  4.734503326535685e+01
s630        ,  2.575662011885660e-01,  6.458625713041513e-01,  9.202526715101018e-02,  6.036162177077521e-02,  3.492728175802176e+01
s631        ,  1.966623425207500e-01,  3.071939301643685e-01,  0.000000000000000e+00,  1.190814346014971e-01,  3.033406993371980e+01
s632        , -1.969402937452175e-01,  3.442521232173665e-01,  0.000000000000000e+00, -3.420153785028091e-02,  2.438555988824124e+01
s633        ,  2.667860134858853e+00,  1.140904723187453e+00,  0.000000000000000e+00, -1.824628746701789e-01,  8.423795038663203e+00
s634        ,  6.040142711820374e-01,  2.307349404473142e-01,  2.948960302457466e-02,  7.604739479191290e-02,  3.342676305853372e+01
s635        ,  1.911892919802316e+00,  1.285563311785385e+00,  0.000000000000000e+00, -2.158411038124406e-01,  5.295794069728316e+00
s636        , -2.071432026808114e-01, -6.917214724940983e-01,  0.000000000000000e+00,  5.235755855114266e-02,  4.136406007690312e+01
s637        , -3.698619835175476e-01, -5.490617451953352e-01,  0.000000000000000e+00, -1.331030478578941e-02,  3.711454563681746e+01
s638        ,  1.470155794820396e-01,  9.600326469528191e-01,  0.000000000000000e+00, -3.574904327047540e-02,  1.606830301496725e+01
s639        ,  1.040284966432418e-01, -7.531908497377429e-01,  0.000000000000000e+00, -4.053775453043383e-02,  3.888513953458140e+01
s640        , -7.663785491668940e-02, -1.677246855888370e-02,  3.654967281380131e-02, -2.722018063374632e-03,  3.480758346326370e+01
s641        ,  1.396787091256106e+00,  1.037852867414037e+00,  0.000000000000000e+00,  9.933665023673233e-02,  1.982827503206828e+01
s642        ,  1.137451761223006e+00,  4.790534039777441e-01,  0.000000000000000e+00, -1.434310777029254e-01,  1.869227930076918e+01
s643        ,  6.186651151125386e-02, -2.574615226616501e-01,  3.002469135802469e-02, -1.764294493201917e-01,  3.106343469765278e+01
s644        , -1.171820789178678e+00, -9.466669001104937e-01,  0.000000000000000e+00, -8.843577626537752e-02,  3.977767794012966e+01
s645        ,  4.823756822475945e-01, -3.942908209463969e-02,  2.965561224489796e-02,  3.099546886284429e-02,  3.546972830389200e+01
s646        ,  8.205150420430785e-01,  1.139872242521796e+00,  0.000000000000000e+00, -7.570366136355497e-02,  1.223438207039557e+01
s647        ,  3.518506790799084e-01,  7.155885260223327e-02,  0.000000000000000e+00, -2.866720362003687e-02,  2.824123649125524e+01
s648        ,  4.210663223398269e-02,  8.927739560990524e-01,  0.000000000000000e+00, -3.578949404246090e-02,  1.696930650229603e+01
s649        ,  5.870347574891154e-01,  1.582890199719874e+00,  0.000000000000000e+00,  1.170263936786750e-01,  1.314435777424016e+01
s650        , -7.940906852652418e-01, -1.283151974674831e+00,  0.000000000000000e+00, -1.746720400844113e-01,  4.122559394091751e+01
s651        ,  1.648126188438620e+00,  1.304620008845427e+00,  0.000000000000000e+00,  2.629518695876731e-02,  1.365132080120838e+01
s652        ,  2.998843396621518e+00,  1.333628464696442e+00,  0.000000000000000e+00, -9.996219649293092e-03,  1.197145018374903e+01
s653        ,  4.493206753989470e-01,  5.704742808542924e-01,  0.000000000000000e+00,  6.179649751597599e-02,  2.476425722633481e+01
s654        ,  8.907143716152748e-01,  1.913214079025414e-01,  0.000000000000000e+00, -4.028950458435981e-02,  2.622099497497819e+01
s655        ,  3.986925365877028e-01,  1.742218127921609e-01,  0.000000000000000e+00, -4.599231658456382e-03,  2.771970027423631e+01
s656        ,  8.200524881394200e-01,  7.723650441525383e-01,  0.000000000000000e+00,  1.943649691291609e-01,  2.676999408515110e+01
s657        ,  2.253026077099693e-01, -2.348505470984086e-01,  0.000000000000000e+00, -1.442178360240985e-02,  3.285909544209117e+01
s658        , -2.085098433395276e+00, -1.451188568412643e+00,  0.000000000000000e+00,  3.131835265451396e-02,  5.080596545890455e+01
s659        , -3.565026754081164e-01, -4.907987515727483e-01,  0.000000000000000e+00,  3.972538533492541e-02,  3.821893914310534e+01
s660        ,  9.769972243844465e-01,  2.892835487663028e-01,  0.000000000000000e+00, -1.049870040778287e-01,  2.260571901064734e+01
s661        ,  7.549182821078514e-01,  1.477535669154508e+00,  0.000000000000000e+00,  1.051283779791723e-02,  1.076995265484510e+01
s662        , -2.199791631405239e+00, -1.202583142115225e+00,  3.864734299516908e-02,  3.053584294118042e-02,  5.215682114187693e+01
s663        ,  6.537369904412299e-01,  7.263850581186801e-01,  0.000000000000000e+00,  1.573870818085438e-02,  2.103435042309898e+01
s664        , -1.032617581813699e+00, -1.088499066295753e+00,  0.000000000000000e+00, -1.097155489892870e-02,  4.443560864731599e+01
s665        , -1.725197455699346e-01,  5.861076986188833e-01,  8.004326663061115e-02, -3.107768274129294e-02,  3.101552996914905e+01
s666        , -9.556704567146264e-01, -5.843116223176690e-01,  0.000000000000000e+00,  1.276343903170570e-02,  3.851478430565660e+01
s667        , -1.074909955617834e+00,  4.115791522023304e-02,  0.000000000000000e+00,  1.372937061694361e-01,  3.455129506669839e+01
s668        ,  8.157451056201823e-01,  9.466964321327570e-01,  0.000000000000000e+00, -1.165598861969183e-01,  1.337332311881658e+01
s669        ,  8.201013628253863e-01,  3.284840303530865e-01,  0.000000000000000e+00, -1.087560068720989e-01,  2.194570836184442e+01
s670        , -8.377594254676490e-01, -2.276918643941950e-01,  1.037104440799320e-01, -1.299040243116162e-02,  4.546492358208338e+01
s671        , -5.700208727194026e-01, -1.241195017846359e-01,  0.000000000000000e+00, -4.498951951436678e-02,  3.028626760703833e+01
s672        , -7.390594172975108e-01, -1.671013436278481e-01,  0.000000000000000e+00, -1.350943788538911e-02,  3.198251816810424e+01
s673        ,  5.527317739358688e-01,  1.619310000602692e-02,  0.000000000000000e+00,  4.994629477158286e-02,  3.177987826635615e+01
s674        , -1.509604783948018e-01,  5.792702842373165e-02,  6.410109658661661e-02, -1.407294832507172e-02,  3.676244768548357e+01
s675        , -7.328015214360989e-01, -4.119593358650078e-01,  4.039256198347107e-02,  4.515789465828495e-02,  4.228154276593953e+01
s676        ,  2.481079887957650e-01, -1.786971179977501e-01,  2.487540049839801e-02, -1.805551770890634e-01,  2.923176044995235e+01
s677        , -1.497784796529649e+00, -1.136375662930457e+00,  2.389053254437870e-02, -1.146952860934164e-01,  4.430346403394271e+01
s678        , -6.955981656855925e-02, -1.873363201929967e-02,  0.000000000000000e+00,  3.912719995245525e-02,  3.186374182510759e+01
s679        ,  6.295281558129772e-01,  3.876477296701850e-01,  5.485051997933559e-02,  1.654438386073312e-02,  3.229886860740910e+01
s680        , -5.120635862296855e-01,  2.432260851236565e-01,  1.083256832144623e-01,  4.991653128218571e-02,  4.194656770477575e+01
s681        , -4.577628444983341e-01, -6.120190793047917e-01,  0.000000000000000e+00,  4.219302293520699e-02,  3.993316820844231e+01
s682        ,  1.425186289801849e+00,  7.224874709507700e-02,  2.663758344900522e-02,  3.116309345706630e-02,  3.360910466223793e+01
s683        , -8.653733268557260e-01,  2.253558903769437e-02,  0.000000000000000e+00, -9.976313732947839e-02,  2.637058321337333e+01
s684        ,  6.149991181690390e-01,  1.541053723779850e+00,  0.000000000000000e+00,  9.371772800784273e-02,  1.287675953455474e+01
s685        ,  1.739338045322250e+00,  3.778797546921142e-01,  0.000000000000000e+00,  1.775271602200792e-01,  3.146418029176552e+01
s686        ,  9.590771410105176e-01, -2.479835736094191e-01,  0.000000000000000e+00,  6.504740385682689e-03,  3.377952846542106e+01
s687        ,  5.412604899045221e-01,  9.127521359888102e-01,  0.000000000000000e+00, -9.593338915043365e-02,  1.456232089639058e+01
s688        , -1.405336687520458e+00, -4.619156885776379e-01,  0.000000000000000e+00,  5.248733646098974e-02,  3.828526120057266e+01
s689        ,  3.354058241185732e-01,  3.743995988065159e-01,  9.070294784580497e-03,  4.895574899154283e-02,  2.804485018873236e+01
s690        , -6.091694712828630e-01, -1.454103921108652e+00,  0.000000000000000e+00, -3.146326783605908e-01,  3.854184467284755e+01
s691        , -6.034950511663356e-01, -7.272862849014485e-01,  0.000000000000000e+00,  1.565395761279320e-01,  4.554632977825765e+01
s692        , -9.120972373870817e-01, -6.532277552277219e-01,  0.000000000000000e+00,  3.732425358661291e-02,  4.031293415340770e+01
s693        , -4.067329829645623e-01, -3.400527927522528e-01,  2.882347803301598e-02, -6.505954792236970e-02,  3.598577902932919e+01
s694        , -7.579589601320627e-01,  1.032803363448942e+00,  0.000000000000000e+00, -2.795012517810708e-02,  1.536926047184164e+01
s695        ,  1.455973696410247e+00,  9.923384709184122e-01,  0.000000000000000e+00,  6.334881749311144e-02,  1.915910936292841e+01
s696        , -6.516257166940767e-01,  3.956966517701279e-01,  0.000000000000000e+00, -6.616307738608873e-02,  2.255863906820587e+01
s697        ,  7.238448013551266e-01,  4.662938238844077e-01,  7.074202229911572e-02,  2.488638735632659e-02,  3.347881020464122e+01
s698        ,  1.662019888207613e+00,  9.939210912100591e-01,  0.000000000000000e+00,  8.115081380853678e-02,  1.977097629517628e+01
s699        , -1.247862087380916e+00, -7.883882780644500e-01,  1.940271693315460e-02,  7.731882524492084e-05,  4.316862889122701e+01
s700        , -1.114444246482743e+00, -1.112385087819910e+00,  0.000000000000000e+00, -8.576109334595017e-02,  4.209631935976694e+01
s701        , -4.217745973052512e-01, -8.966309595632143e-01,  0.000000000000000e+00,  1.760503590932594e-02,  4.287750663717705e+01
s702        , -8.481384521188839e-01, -5.258723025469094e-01,  0.000000000000000e+00, -9.630921767789846e-03,  3.693425360428262e+01
s703        , -9.416435374285391e-01,  2.337544548210779e-02,  0.000000000000000e+00, -1.397867830220934e-01,  2.493593261079948e+01
s704        ,  9.487448855648490e-01,  7.305393713913326e-01,  8.476898542260955e-02,  3.901247154933281e-02,  3.214673413009942e+01
s705        , -2.365138337942842e-01, -4.810345206243438e-01,  0.000000000000000e+00, -9.525210431711324e-02,  3.328765271546474e+01
s706        ,  5.583280652770263e-01,  6.056355855742641e-01,  4.422513871542352e-03, -1.717306571297814e-02,  2.202351950222319e+01
s707        ,  9.205089121966433e-01,  3.990255599756583e-01,  9.205895956081964e-02, -7.784605868878840e-02,  3.332817001774765e+01
s708        ,  1.060945132046508e+00, -4.632366173248013e-01,  0.000000000000000e+00, -1.353270916320062e-01,  3.162364198959238e+01
s709        ,  1.331106470481227e+00,  3.032058066615320e-01,  4.156486287209588e-02,  4.590085269890559e-02,  3.285525332385180e+01
s710        ,  1.914467968020750e-01,  4.465774097282424e-01,  0.000000000000000e+00, -2.246271234022472e-01,  1.624040782183722e+01
s711        , -7.721035544159953e-02,  9.385749879245939e-01,  0.000000000000000e+00, -2.573077360213555e-02,  1.671249566465145e+01
s712        , -1.414340169349908e+00, -6.932756659733541e-01,  4.186622855869904e-02, -6.938322821795767e-03,  4.438313680521716e+01
s713        ,  5.574707555573186e-01,  1.510683201334593e-01,  0.000000000000000e+00,  6.166606028203234e-02,  3.038698900934445e+01
s714        , -1.685969281548289e+00, -8.546856466163923e-01,  5.761316872427983e-02,  2.446798697405337e-02,  4.958663947508119e+01
s715        , -2.519985050786606e-01, -3.727759926790539e-01,  0.000000000000000e+00,  5.135135634164528e-02,  3.704883176459045e+01
s716        , -1.286737305127487e+00, -8.674392265627091e-01,  0.000000000000000e+00,  3.429437167678798e-02,  4.307935875564701e+01
s717        ,  3.452976089232733e-01, -3.169774249549615e-01,  0.000000000000000e+00, -5.363784092604212e-03,  3.428316545987204e+01
s718        ,  1.123110480867275e+00,  7.988845383861596e-01,  0.000000000000000e+00,  1.468025503182535e-02,  2.002394785993065e+01
s719        ,  6.888993521047061e-01,  7.629134510682445e-01,  0.000000000000000e+00, -2.399128856330418e-02,  1.913129282937197e+01
s720        ,  7.093644696892669e-01,  1.018949016763681e+00,  0.000000000000000e+00, -2.918485291327116e-02,  1.551123960662969e+01
s721        , -7.747236109533535e-01, -3.922474905309645e-01,  7.561436672967864e-02, -5.211121005033115e-02,  4.285431044359299e+01
s722        ,  3.328206388143558e-02,  5.841931306073653e-01,  0.000000000000000e+00, -5.512854730744560e-02,  2.042191832263144e+01
s723        ,  9.358910152584168e-02,  7.531803236497980e-02,  3.119792177237526e-02, -2.355694902005566e-01,  2.463825874682500e+01
s724        , -2.029371048190847e-01,  7.246047846685597e-01,  1.237593128882949e-02, -7.019139050159617e-02,  1.951192096900604e+01
s725        , -2.472238890656029e-01, -6.864735877582335e-01,  0.000000000000000e+00, -1.209455634436440e-02,  3.900150242032322e+01
s726        , -1.287360963264701e+00, -1.316685564562632e+00,  0.000000000000000e+00, -1.030370547583868e-01,  4.422312262517926e+01
s727        ,  1.020824855481523e+00, -3.870821560192605e-01,  0.000000000000000e+00, -8.578929959604530e-02,  3.236357952817370e+01
s728        ,  1.643163575608417e-01,  8.638498618341584e-01,  0.000000000000000e+00,  1.190817532715316e-01,  2.286516209933783e+01
s729        , -1.007289241750789e+00, -3.487853878768741e-01,  0.000000000000000e+00,  5.960207943779716e-02,  3.702036311411828e+01
s730        , -4.777207265671770e-02, -1.825181948497820e-01,  2.424697766546001e-02,  1.163039598052007e-02,  3.604116843973009e+01
s731        , -1.404307349772385e+00, -8.975516239700834e-01,  0.000000000000000e+00, -9.927937902158010e-02,  3.873303804661676e+01
s732        , -8.950540078294739e-01, -6.354807638575499e-01,  0.000000000000000e+00,  5.223251938860757e-02,  4.060500472739579e+01
s733        ,  7.802433523350311e-01,  1.155208508211154e-01,  0.000000000000000e+00, -1.304291579586545e-01,  2.403236370199127e+01
s734        , -3.943979845876157e-01, -7.685966507806179e-01,  1.257887517146776e-02, -4.745544168848889e-02,  4.038024585549869e+01
s735        ,  2.101468865327815e-01,  3.689364392569676e-01,  0.000000000000000e+00, -7.104177701950919e-02,  2.274418990562615e+01
s736        , -9.765048604112493e-01, -5.501477817464786e-01,  0.000000000000000e+00,  5.572692538983498e-02,  3.958432463656658e+01
s737        ,  1.458335451821299e-01,  1.568447324555080e-01,  0.000000000000000e+00, -1.940856782329332e-01,  2.121405126914892e+01
s738        , -6.859666936017034e-01, -4.492782017873242e-01,  6.874906387440258e-02, -3.469453055372843e-03,  4.451193660453173e+01
s739        , -4.324785166901873e-01, -4.372611429408106e-01,  0.000000000000000e+00, -7.792950677595678e-02,  3.331637694508292e+01
s740        , -8.464136206988212e-01, -6.882511179431008e-01,  0.000000000000000e+00,  4.056895687401724e-03,  3.959975493069356e+01
s741        ,  7.826811446288888e-01,  7.731247879138463e-01,  7.495069033530573e-02,  2.429604478934344e-02,  2.985430611737725e+01
s742        , -1.076711651730049e+00, -7.457894254832507e-01,  0.000000000000000e+00, -2.276747672148095e-02,  3.941780476612429e+01
s743        ,  1.126163901269626e+00,  1.194247353576583e-01,  1.294260204081633e-01,  3.533206016788416e-02,  4.566288987970952e+01
s744        ,  4.575225784544250e-01,  3.788284453067283e-01,  2.551775147928994e-02,  6.944926402354348e-03,  2.849769356609713e+01
s745        ,  6.120442964942220e-02,  9.350845639187790e-01,  6.037918125830215e-03, -1.183700731926771e-01,  1.420127555446011e+01
s746        , -7.321682226189938e-01, -8.433666819828358e-01,  0.000000000000000e+00, -1.020518308071999e-01,  3.790741458269393e+01
s747        ,  3.433900501625798e-01,  1.216593917229813e-01,  0.000000000000000e+00, -1.331857230694434e-01,  2.385196679263523e+01
s748        ,  1.070072189769298e+00,  5.491215994031164e-01,  4.787100025195263e-02, -1.851022984091828e-02,  2.803424378712818e+01
s749        , -3.065637698166305e-01,  2.178538473725729e-01,  0.000000000000000e+00, -1.886791759402255e-01,  2.058773703151721e+01
s750        ,  5.825873454256546e-01, -5.758367481313380e-01,  0.000000000000000e+00, -2.307768136484631e-01,  2.973992346865919e+01
s751        ,  1.285276821036511e+00,  9.949138253109435e-02,  0.000000000000000e+00,  1.657658603880261e-01,  3.478117711828100e+01
s752        , -1.346601886455474e+00, -1.013495132319516e+00,  0.000000000000000e+00,  1.867918698748000e-03,  4.388586186792114e+01
s753        ,  1.060914810725354e+00,  8.439340256899155e-01,  0.000000000000000e+00,  1.162158959317366e-01,  2.303046242518845e+01
s754        , -2.988071870667106e-01,  2.446026503839054e-01,  1.220930232558139e-01, -1.308079967085790e-02,  4.136708051469575e+01
s755        ,  3.446486458262937e-01,  7.915120205495112e-01,  0.000000000000000e+00, -2.988374639354485e-02,  1.853801556944768e+01
s756        ,  7.815527627219405e-01,  8.961990456539444e-01,  1.563842584636536e-01,  2.452565814644149e-02,  3.814468657730310e+01
s757        , -1.199593062238569e-01, -5.657774749440887e-01,  0.000000000000000e+00,  2.226427874258238e-02,  3.860398610816332e+01
s758        , -4.537603905509296e-01, -4.368998254157566e-01,  0.000000000000000e+00,  2.912123580269314e-02,  3.711863052711489e+01
s759        ,  8.887536211540953e-01, -1.862306408456615e-01,  0.000000000000000e+00, -2.512344808743451e-01,  2.378484505992938e+01
s760        , -2.895515595576988e-01, -5.954110098490339e-02,  0.000000000000000e+00, -6.223958725034093e-02,  2.880631510103884e+01
s761        ,  1.508586595387194e+00,  9.460389307104646e-01,  0.000000000000000e+00,  1.824384310927558e-01,  2.401557868199961e+01
s762        , -1.358921391484776e+00, -1.375881103107862e+00,  0.000000000000000e+00,  2.403595253420289e-02,  4.953654133436423e+01
s763        ,  6.364126482871526e-01,  6.720717504411149e-01,  1.239409722222222e-01, -6.948991039148117e-03,  3.607501113182879e+01
s764        , -9.313282224456001e-01, -4.158018586116339e-01,  0.000000000000000e+00, -2.631854698171876e-02,  3.486391501110969e+01
s765        ,  1.388135281387673e-01,  5.710786882833370e-01,  6.485260770975057e-02,  4.388791060220962e-02,  3.203021054811562e+01
s766        , -5.439787958329916e-01, -4.096955134119931e-01,  0.000000000000000e+00,  1.321226820607470e-02,  3.618783831129451e+01
s767        , -9.653950427427375e-02, -8.338608074633644e-01,  0.000000000000000e+00, -2.562662874867207e-01,  3.229546032648079e+01
s768        ,  5.676322320535289e-02,  6.870722529599498e-01,  0.000000000000000e+00,  7.891301498576697e-03,  2.128274772475666e+01
s769        ,  2.392616163662374e+00,  1.169273513307683e+00,  0.000000000000000e+00, -5.102996092524464e-02,  1.271737485716018e+01
s770        ,  2.218993464697082e+00,  4.191920600851904e-01,  4.466128729592794e-02,  5.603483128005221e-02,  3.203712324534244e+01
s771        , -1.301691995085942e+00, -1.009106519355460e+00,  0.000000000000000e+00, -1.501303196957212e-01,  3.842138489027696e+01
s772        ,  5.381680992613423e-01,  2.167652765610493e-01,  4.595137731594941e-02, -1.563861399585034e-02,  3.236158994143075e+01
s773        ,  3.401653127948082e-01,  1.127141685353774e+00,  0.000000000000000e+00, -7.845026939402533e-03,  1.481848616158378e+01
s774        ,  1.961582265617426e+00,  9.576075943031286e-01,  0.000000000000000e+00,  1.565767054140571e-02,  1.792904495958561e+01
s775        ,  1.370640331855435e-01, -5.805751326933806e-01,  0.000000000000000e+00, -1.478837773611622e-01,  3.275146905061495e+01
s776        , -1.362945069319552e+00, -4.974668034504037e-01,  0.000000000000000e+00,  3.712207049731964e-03,  3.702765209147171e+01
s777        , -3.352331847361073e-01, -5.396547683075599e-01,  0.000000000000000e+00, -2.577731743161607e-01,  2.829436682594750e+01
s778        ,  1.725306869739156e-02,  8.013380347139165e-03,  3.144944065616734e-02,  3.364397454694940e-03,  3.406932949460161e+01
s779        ,  1.449489553403749e+00,  1.469386334221889e-01,  0.000000000000000e+00,  4.246874853328775e-02,  2.975967495421990e+01
s780        ,  4.890100260675969e-01,  6.374966998557037e-01,  1.022455278407659e-01,  5.307661016109570e-02,  3.602715430544675e+01
s781        , -1.480324044989625e+00, -9.480439730613943e-01,  0.000000000000000e+00, -9.511697165254317e-02,  3.955854794104892e+01
s782        ,  4.189986042737073e-03,  2.892713806257152e-02,  0.000000000000000e+00, -3.064346340938176e-03,  2.972377442295038e+01
s783        , -6.272127818216120e-01,  4.161740258394717e-01,  0.000000000000000e+00, -8.720164578671052e-02,  2.153567872309308e+01
s784        , -7.567615030290812e-01, -4.606258190517878e-01,  0.000000000000000e+00, -1.350330098105295e-01,  3.159907024472767e+01
s785        , -5.703210531845893e-01, -6.305476739453215e-01,  0.000000000000000e+00, -1.314888857058557e-01,  3.400503467137109e+01
s786        , -8.599325133308396e-02, -2.665454606842310e-01,  0.000000000000000e+00, -7.940301011555413e-02,  3.097339992594433e+01
s787        ,  2.785466688170735e-01, -3.749539099720924e-01,  0.000000000000000e+00,  7.184904666330338e-02,  3.780702400614640e+01
s788        , -2.115784691919650e-01, -2.652591581357400e-01,  0.000000000000000e+00, -4.336108973502042e-02,  3.223791865533096e+01
s789        ,  5.205927430670391e-01,  1.555173620975487e+00,  0.000000000000000e+00, -1.242590740365360e-01,  4.935283087125118e+00
s790        ,  2.374718073624741e-01,  1.658041800417634e+00,  0.000000000000000e+00,  7.626059117492889e-02,  1.068623720697680e+01
s791        , -1.870737338196531e-01, -6.779085089059294e-01,  0.000000000000000e+00, -3.288157150296406e-02,  3.814732116338205e+01
s792        ,  3.003547556082288e-01,  5.626010933977863e-01,  0.000000000000000e+00,  1.053540447914725e-03,  2.270966199778405e+01
s793        , -5.143092658197446e-01, -1.005118226414849e+00,  0.000000000000000e+00, -1.649769456142241e-01,  3.783987373104652e+01
s794        , -1.010636071412045e+00, -4.036266752277189e-01,  0.000000000000000e+00, -1.075462509175261e-01,  3.181181142403490e+01
s795        ,  7.888417803219110e-01,  9.630644908091490e-02,  0.000000000000000e+00,  3.611815820795163e-02,  3.021318184922348e+01
s796        , -5.465110200553928e-01, -4.849303085390408e-01,  0.000000000000000e+00,  2.835221854203605e-02,  3.773572955355306e+01
s797        , -1.192872691111335e+00, -4.094555181454678e-01,  1.676968556839559e-02, -2.416672124674916e-01,  2.916583272299225e+01
s798        , -5.479719952294668e-01,  4.400516225406497e-01,  1.251056635672020e-01,  4.980352101699517e-02,  4.134852881062584e+01
s799        , -1.767142590180783e+00,  4.510732362890408e-01,  0.000000000000000e+00, -1.830464749443865e-01,  1.765883951450000e+01
s800        ,  8.963412972756590e-01,  8.696874350135805e-01,  0.000000000000000e+00, -1.722389467783322e-01,  1.242644615087391e+01
s801        , -1.947046181282547e-01,  6.905272201382207e-01,  0.000000000000000e+00, -4.256481291008382e-02,  1.944199358757249e+01
s802        ,  1.600748538223649e+00,  1.268147784915779e+00,  0.000000000000000e+00,  1.591037805583010e-01,  1.886382757394381e+01
s803        ,  6.740572620180488e-01,  1.278461813989248e+00,  0.000000000000000e+00,  1.121984647989302e-01,  1.705732102877200e+01
s804        , -1.928070676221089e+00, -1.124451119776020e+00,  0.000000000000000e+00,  6.058447724343585e-02,  4.746277916221369e+01
s805        , -3.708716392635017e-01, -4.906894726611455e-01,  0.000000000000000e+00, -2.318913857292701e-01,  2.855782359444607e+01
s806        ,  7.676901054132433e-01,  2.839156174290856e-01,  0.000000000000000e+00,  1.409661355674374e-02,  2.691277609741106e+01
s807        , -3.131290990966100e-01,  2.118578953906676e-01,  0.000000000000000e+00,  5.287843028087430e-02,  2.925882708929952e+01
s808        ,  9.833675917069939e-01, -1.952890242968826e-01,  0.000000000000000e+00, -2.441628048619325e-01,  2.415787944087436e+01
s809        ,  5.790963636372375e-01,  2.967330431023281e-01,  5.395362663495838e-02,  4.788183978522990e-02,  3.452377853385833e+01
s810        ,  1.050626461500014e+00,  3.858363705417394e-01,  0.000000000000000e+00,  1.046423619607312e-01,  2.876538236359965e+01
s811        ,  5.249115464039674e-01,  1.142116430017657e+00,  0.000000000000000e+00,  1.116122788512656e-01,  1.886588549152890e+01
s812        ,  1.605931526374292e+00,  1.192051146181821e+00,  0.000000000000000e+00,  1.154955853149471e-01,  1.833399155450295e+01
s813        ,  9.497331683917801e-01,  6.965568330345506e-01,  0.000000000000000e+00, -1.814285906745933e-02,  2.022962210295428e+01
s814        , -7.865406237894391e-01, -4.042264536954141e-01,  0.000000000000000e+00, -1.750120029804539e-01,  2.942053910967683e+01
s815        , -2.660810322736745e-01, -1.090609756207317e-01,  0.000000000000000e+00, -1.523291330483593e-01,  2.626684533018096e+01
s816        , -9.674450919852262e-01, -1.375233217168291e+00,  0.000000000000000e+00, -1.029394228241197e-01,  4.501215664891254e+01
s817        ,  7.270946209036595e-01, -1.954771781789146e-01,  0.000000000000000e+00, -1.082083658300714e-01,  2.899542281919553e+01
s818        ,  6.532804155454610e-01,  3.269283578962985e-01,  0.000000000000000e+00,  1.167926588711471e-02,  2.624968416405742e+01
s819        ,  8.081292268835972e-01,  1.754165050369484e+00,  0.000000000000000e+00, -1.441094177523916e-02,  6.171906384695505e+00
s820        ,  1.390381735794342e+00,  9.394723449224149e-01,  1.493229166666667e-01,  3.974530783182985e-02,  3.724396438013256e+01
s821        ,  1.516978402347242e+00,  9.817777846732283e-01,  0.000000000000000e+00,  8.668255755900550e-02,  2.013063714974341e+01
s822        ,  3.033561593600319e-01,  4.113038733070047e-01,  1.173964497041420e-01, -1.293166679924555e-01,  3.442370839544321e+01
s823        , -8.238895392622755e-01, -6.220245091562009e-01,  0.000000000000000e+00, -7.187429616178584e-02,  3.601078011837535e+01
s824        ,  2.038981274745353e+00,  1.681142475569958e+00,  0.000000000000000e+00, -2.311817199015859e-02,  6.842025452154186e+00
s825        ,  1.320628175421427e-01,  5.685797435171835e-02,  0.000000000000000e+00, -4.834006973123949e-02,  2.773884878606513e+01
s826        ,  9.525953446348725e-01,  9.718072491817589e-01,  0.000000000000000e+00, -1.106581881606715e-01,  1.324628443737437e+01
s827        , -2.151354450670567e+00, -1.039493955828563e-01,  5.516040063869938e-03, -1.644170039690224e-01,  2.644124003256683e+01
s828        ,  8.438987064828646e-01, -1.310533360503943e-01,  0.000000000000000e+00, -1.358747943365526e-02,  3.149606935790448e+01
s829        , -1.571185202221650e+00, -9.683565881210749e-01,  0.000000000000000e+00, -9.007058932571997e-02,  4.001055915742822e+01
s830        ,  3.133543223982471e-01,  7.906613656957644e-01,  1.101354453627181e-01, -2.577567060888583e-02,  3.213024638586766e+01
s831        , -8.984804340484778e-01,  5.874539920221076e-01,  0.000000000000000e+00,  3.451611445132274e-02,  2.356624577934689e+01
s832        , -1.855362237616736e+00, -5.872645209512126e-01,  0.000000000000000e+00, -3.667744709855407e-02,  3.679611266650704e+01
s833        ,  4.948389352249701e-01,  5.471062418361288e-01,  0.000000000000000e+00,  1.552761269743869e-02,  2.343231284248592e+01
s834        ,  1.120605859544544e+00,  2.180468598756149e-01,  0.000000000000000e+00,  1.858979169486454e-01,  3.390642837098568e+01
s835        , -8.435182612795279e-01, -8.662575052955837e-01,  0.000000000000000e+00,  2.254183590317142e-02,  4.264554145859001e+01
s836        ,  1.128844146448547e+00, -4.674216337811834e-01,  3.611719661759587e-02,  1.941217272107203e-02,  4.158857388369356e+01
s837        , -1.924657877822013e+00, -9.761500903648814e-01,  1.706916030022035e-02, -1.366613219008350e-02,  4.491449782310383e+01
s838        , -1.075095206150813e+00, -1.494361989558075e+00,  0.000000000000000e+00, -1.218614720559001e-01,  4.593762969387105e+01
s839        ,  3.864893622265216e-02,  7.548075868051654e-01,  0.000000000000000e+00,  5.014165007624771e-02,  2.187648156415601e+01
s840        , -1.233908351649846e+00, -2.673921157526760e-01,  0.000000000000000e+00, -3.831457140139898e-02,  3.244600954008756e+01
s841        ,  6.618283364070194e-01,  1.879449815201677e-01,  7.567412624639135e-02, -7.396228675998927e-02,  3.429977865566723e+01
s842        , -1.380664268040651e+00, -8.646064226370007e-01,  0.000000000000000e+00,  4.905280382309016e-03,  4.199617004304341e+01
s843        ,  5.539120810708922e-02, -3.307637503036207e-01,  0.000000000000000e+00,  3.939259238172052e-03,  3.479899218412044e+01
s844        , -2.111176459361614e+00, -1.259672738669157e+00,  0.000000000000000e+00,  5.784195834970039e-02,  4.917957873439121e+01
s845        ,  1.677967143093475e-01, -3.961355802494539e-01,  0.000000000000000e+00, -1.072452416481853e-01,  3.172200476599484e+01
s846        , -1.112697847471129e-01,  1.144120124483254e-01,  0.000000000000000e+00, -6.921772063329051e-02,  2.622413588020746e+01
s847        ,  9.946887487236225e-02, -1.691871204068289e-01,  0.000000000000000e+00,  3.588133342231084e-02,  3.376701386818200e+01
s848        , -1.578942777693122e+00, -1.156710847673399e+00,  0.000000000000000e+00, -5.643088198333988e-02,  4.373414495146396e+01
s849        ,  4.886541057537146e-01,  7.401185369146792e-01,  0.000000000000000e+00, -4.520150458449718e-02,  1.868283310042010e+01
s850        , -1.729847647025637e+00, -1.520205367423304e+00,  0.000000000000000e+00,  1.289501224873657e-02,  5.107679800577571e+01
s851        , -3.749493322034730e-03, -1.945140622881842e-01,  0.000000000000000e+00,  8.169504866121527e-02,  3.573613469254209e+01
s852        , -1.822550475295671e-01, -4.294819168050199e-01,  0.000000000000000e+00, -6.550336515527054e-02,  3.365391671732296e+01
s853        , -7.026997334075608e-02,  7.062040316834164e-01,  0.000000000000000e+00,  3.693904896940170e-02,  2.205908772615966e+01
s854        ,  4.598855993128227e-01,  6.045557932813954e-01,  3.362978638222425e-02, -1.666788166832495e-02,  2.561878233836728e+01
s855        ,  1.247409464273019e-01,  8.156293143134219e-02,  0.000000000000000e+00,  3.500908211034029e-02,  3.037156003149291e+01
s856        , -7.920260931956873e-01, -6.327028428702532e-01,  2.917564501058332e-02, -7.398620738958811e-02,  3.963790001584283e+01
s857        ,  1.951476409171481e+00,  1.144210044635064e+00,  0.000000000000000e+00,  1.191174293348464e-01,  1.910470405405473e+01
s858        ,  5.125085136741685e-01,  5.854235550250755e-01,  0.000000000000000e+00,  1.205655096949019e-01,  2.665370877675836e+01
s859        , -6.666214518700430e-01, -5.586942369833330e-01,  2.913043478260870e-02, -4.204414863725613e-02,  3.977534835070013e+01
s860        ,  6.811400510310224e-02,  2.048768657220545e-02,  0.000000000000000e+00, -2.364888969218454e-02,  2.910495170233876e+01
s861        ,  1.248756919249408e-01,  1.471121659090646e-01,  0.000000000000000e+00, -2.753629739647645e-02,  2.726772052052673e+01
s862        , -4.702662470572295e-01, -1.185182045010937e-01,  0.000000000000000e+00, -5.613363645670032e-02,  2.981478825957005e+01
s863        ,  4.846741731606912e-01,  3.830964342030057e-01,  0.000000000000000e+00,  2.165322542744663e-01,  3.278134416682582e+01
s864        ,  5.444121402657593e-01, -4.489538002426017e-01,  0.000000000000000e+00, -1.349500942397344e-01,  3.144540994950429e+01
s865        ,  6.365198845674543e-01,  5.799167397175207e-01,  0.000000000000000e+00,  6.772763610857724e-02,  2.484849541873607e+01
s866        ,  4.352365441984731e-01,  1.096472420318311e+00,  0.000000000000000e+00,  1.565303648545879e-02,  1.606566429577418e+01
s867        , -5.650365137506241e-02, -3.285527318281671e-01,  9.342532685441220e-03, -3.342212952121114e-02,  3.458025916975959e+01
s868        , -2.338433808137944e+00, -1.266245366295596e+00,  3.320000000000000e-02,  1.846256485656207e-02,  5.191715280338978e+01
s869        , -2.347184475558825e-01, -2.011383128580615e-01,  4.403277931671283e-02, -1.100290980174557e-01,  3.437790682628265e+01
s870        , -8.212819619769498e-01, -1.905819830771440e-01,  0.000000000000000e+00,  6.775274868548448e-02,  3.518753879635634e+01
s871        , -1.570593293706644e-01, -8.096285128677287e-01,  1.844085451710094e-02, -3.097349275779282e-01,  3.231827286988581e+01
s872        ,  5.284306454202828e-01,  2.818536452243003e-01,  0.000000000000000e+00, -4.777057881635743e-02,  2.474022724316691e+01
s873        ,  9.554554102193652e-01,  5.598701163878415e-01,  0.000000000000000e+00, -1.686366802216381e-02,  2.210910576735101e+01
s874        ,  1.539965674145509e+00,  1.134969383166141e+00,  0.000000000000000e+00, -4.797572831358066e-03,  1.482183639650369e+01
s875        ,  6.472677808586434e-01,  8.583554547428809e-01,  0.000000000000000e+00, -4.066671939351413e-02,  1.725766469866007e+01
s876        ,  7.990955642461934e-01,  1.212737794787969e+00,  0.000000000000000e+00, -9.103748042557042e-02,  1.071138543910796e+01
s877        ,  2.414774484401117e-01,  1.108177113624330e+00,  0.000000000000000e+00,  4.623470582133432e-02,  1.699620872400250e+01
s878        , -5.588324756467096e-01, -1.000931368434890e+00,  0.000000000000000e+00, -3.909328970698608e-02,  4.226056295253461e+01
s879        , -1.108097718569436e+00, -1.070485417043152e+00,  0.000000000000000e+00,  1.043924691810989e-02,  4.495535443433560e+01
s880        , -7.450297483445957e-01, -6.085552253330753e-01,  0.000000000000000e+00, -2.356416247110651e-03,  3.830235701351438e+01
s881        , -1.759050067534673e+00,  3.722871571614272e-01,  0.000000000000000e+00, -1.794742616226935e-01,  1.884299055252598e+01
s882        , -6.605379692241985e-01, -9.770352258994275e-01,  0.000000000000000e+00, -6.272100712360321e-02,  4.109965209323709e+01
s883        ,  3.815578964726026e-01, -2.156425825107329e-01,  0.000000000000000e+00,  7.615892756855780e-02,  3.582274219476535e+01
s884        , -4.051889851605022e-01, -4.571637902941195e-01,  7.466918714555766e-03, -1.306532963041540e-02,  3.680106067531890e+01
s885        ,  2.841270750996222e-02, -7.874983689810167e-02,  0.000000000000000e+00,  4.787120740898433e-02,  3.297997569311644e+01
s886        , -1.487878849688012e+00, -1.058240064612813e+00,  0.000000000000000e+00, -2.577529690347566e-03,  4.432813024250603e+01
s887        ,  4.820147860437528e-01, -3.928227495697545e-03,  4.113710967090312e-02, -1.656939892128063e-02,  3.470237660393440e+01
s888        ,  7.081092310596756e-01,  2.989858306283797e-01,  9.126301493888638e-03, -6.456036487981173e-02,  2.502651179263098e+01
s889        , -9.770534507358716e-01, -1.180593009440887e+00,  0.000000000000000e+00, -1.086430240504625e-02,  4.567509145449668e+01
s890        , -4.782598098188896e-02,  9.936017282011260e-01,  0.000000000000000e+00, -6.425230633222329e-02,  1.460421412548382e+01
s891        , -3.221184210883460e-01, -9.107420444356564e-01,  9.248249438499142e-03, -7.214417078884719e-02,  4.100317871620356e+01
s892        , -9.718981396026354e-01, -4.222373220383226e-01,  0.000000000000000e+00, -2.066268815989827e-02,  3.515140497090012e+01
s893        ,  2.164744347352420e+00,  1.737102842041822e-01,  7.479283510256360e-02, -1.693055889904881e-01,  3.099252560011886e+01
s894        ,  2.108977331308746e-01,  3.492131388728610e-01,  5.752332863047945e-02,  1.721310617718637e-02,  3.316438489215623e+01
s895        , -7.726754766108116e-01, -5.773495389935679e-01,  0.000000000000000e+00,  6.237449712810625e-02,  4.018571470881886e+01
s896        ,  2.280269149131176e+00,  1.076705842299606e-01,  0.000000000000000e+00, -1.137153516456132e-01,  2.473209632385911e+01
s897        ,  1.732742671810001e+00,  1.599262358048179e-01,  0.000000000000000e+00,  2.009182358109143e-01,  3.522043606907997e+01
s898        , -1.952924930899203e-01, -4.959144389692574e-01,  3.632411722448378e-02, -1.420493167867011e-01,  3.625397701134123e+01
s899        , -1.243124507856434e+00, -8.889133866730052e-01,  0.000000000000000e+00,  7.053569657387293e-03,  4.239870895309536e+01
s900        , -1.127987025274472e+00, -1.181100472900499e+00,  0.000000000000000e+00, -1.048820677941607e-01,  4.233829736726306e+01
s901        ,  2.222405771151903e+00,  1.344682533978222e+00,  0.000000000000000e+00,  1.054128968204965e-01,  1.592748721828917e+01
s902        , -1.852329248500361e+00, -9.471780559603395e-01,  1.593522685117982e-02,  1.454500339159421e-02,  4.539073223740017e+01
s903        ,  1.566870488248132e+00,  1.072643172235124e+00,  0.000000000000000e+00,  7.486001002154624e-02,  1.849100129563225e+01
s904        , -1.387739856871698e+00,  2.522998822937936e-01,  0.000000000000000e+00, -1.249395218936669e-01,  2.239236474439786e+01
s905        ,  1.121219821885003e+00,  1.295943736586276e-01,  1.161271592393671e-03, -2.946245747945234e-02,  2.757592019261703e+01
s906        , -9.933730759278802e-01, -1.271104559887287e+00,  0.000000000000000e+00,  1.473725807371593e-02,  4.780000995108838e+01
s907        , -5.762178128524449e-02, -6.976827061605340e-01,  0.000000000000000e+00, -3.962697894260774e-02,  3.817275058299460e+01
s908        ,  2.416796340775907e-01, -6.099430910742449e-01,  0.000000000000000e+00, -3.528594065296997e-02,  3.714988877213001e+01
s909        , -4.906300545514419e-01, -5.113275281572558e-01,  0.000000000000000e+00, -1.683410281326541e-01,  3.109480887458403e+01
s910        , -1.582982857801990e+00, -1.509834517996482e+00,  0.000000000000000e+00, -8.157141831527603e-03,  5.018895858626130e+01
s911        , -7.523355700553859e-01, -8.269510789963959e-01,  0.000000000000000e+00,  1.313103127999460e-02,  4.178346694941209e+01
s912        ,  2.234392115693804e-01, -3.432460069929666e-01,  0.000000000000000e+00, -2.776678137064370e-01,  2.495153296626831e+01
s913        , -1.421242973618926e+00, -1.066292393333987e+00,  0.000000000000000e+00, -9.844307866995489e-02,  4.102685553071055e+01
s914        ,  5.670067347130128e-02,  5.518934474401815e-02,  0.000000000000000e+00, -6.879795721471138e-02,  2.703368303519361e+01
s915        , -5.612055763432976e-01, -3.390846809306904e-01,  0.000000000000000e+00, -1.435485323254516e-01,  2.966545261816864e+01
s916        ,  8.997740464690429e-01, -5.195816651697016e-02,  0.000000000000000e+00, -1.296324659221693e-01,  2.630784304378685e+01
s917        , -1.606823724089288e+00, -7.958245729607412e-01,  0.000000000000000e+00, -1.747703939796175e-04,  4.089262652960024e+01
s918        ,  3.499868789687911e+00,  1.263921055226160e+00,  0.000000000000000e+00, -6.636363812152890e-02,  1.090212388652732e+01
s919        , -8.715752962891429e-01,  3.539648572914098e-01,  0.000000000000000e+00,  5.564250995174952e-02,  2.745041035041571e+01
s920        , -1.856154837094557e+00, -1.345936046483593e+00,  0.000000000000000e+00,  2.227872240029041e-02,  4.907226087726734e+01
s921        ,  2.276110916770269e-01,  1.698976110379239e+00,  0.000000000000000e+00,  2.510058486984079e-02,  8.317571906509713e+00
s922        ,  1.278757880561135e+00,  1.316348140150117e+00,  0.000000000000000e+00, -1.852867901161381e-02,  1.189986425688319e+01
s923        , -2.625003058195762e-01, -9.409932079785093e-01,  0.000000000000000e+00, -8.265122382834070e-02,  3.990727036016199e+01
s924        , -1.727834522886679e+00, -8.623171488180388e-01,  0.000000000000000e+00, -5.754647623704773e-02,  3.974444927342866e+01
s925        ,  1.850614154947128e+00,  1.328409748852369e+00,  0.000000000000000e+00,  4.757003261759218e-02,  1.408873093296160e+01
s926        , -9.602025879025963e-01, -1.023538255734990e+00,  1.372266623392430e-02, -1.706347626981951e-02,  4.502128856676824e+01
s927        , -1.294474937930480e+00, -8.452346215723496e-01,  2.456871227901512e-02,  5.829427114694749e-02,  4.663193020311979e+01
s928        , -8.964192424384732e-01, -9.686288587090641e-01,  0.000000000000000e+00, -2.207697885453774e-01,  3.536608835692324e+01
s929        ,  3.373466507702030e-01,  2.530200682100618e-01,  0.000000000000000e+00, -4.422702988624622e-02,  2.525312223584974e+01
s930        , -4.361686703935594e-01,  3.088290242524061e-02,  0.000000000000000e+00, -1.229751693950314e-01,  2.543308167525009e+01
s931        ,  1.180800691213646e+00,  7.335822545338764e-01,  0.000000000000000e+00,  1.002383089273797e-01,  2.394288569240525e+01
s932        ,  4.707166528445574e-01,  2.127380348171126e-02,  3.208335675868144e-02,  4.088989605046997e-02,  3.530327435924022e+01
s933        ,  1.703804210339992e+00,  1.028664089761060e-01,  4.978600751157305e-02, -2.148529073159922e-01,  2.727282551444542e+01
s934        , -1.834005051426063e+00, -1.261592717359399e+00,  0.000000000000000e+00,  5.589015936305415e-02,  4.913592715951265e+01
s935        , -1.778081906893596e+00, -1.236631751915756e+00,  0.000000000000000e+00,  5.639719728695936e-02,  4.881904598950472e+01
s936        , -1.576278502143039e+00, -7.883325584684551e-01,  0.000000000000000e+00,  5.055422048384231e-03,  4.097810665344023e+01
s937        ,  1.612912677482048e-01,  1.306837141948095e+00,  0.000000000000000e+00, -8.198416891192378e-02,  9.770777095374269e+00
s938        ,  3.756397573989944e-01, -7.317548690408033e-01,  0.000000000000000e+00, -3.914680919773081e-03,  3.989996824069211e+01
s939        , -1.269094165370334e+00, -9.895213302575681e-01,  0.000000000000000e+00, -1.032479948520375e-01,  3.982590167125107e+01
s940        ,  1.741633513389911e-01,  9.780911681862630e-01,  0.000000000000000e+00, -5.062216818951801e-02,  1.529706246795489e+01
s941        , -7.405880410109714e-01, -3.687121044511232e-01,  2.394120540838687e-02,  2.863805746288721e-02,  3.910697443298412e+01
s942        , -9.892731562449668e-01, -5.089661688774001e-01,  5.415841081136006e-02, -2.099566010216407e-02,  4.290968439563568e+01
s943        , -2.404390935905114e-01,  1.039039855066859e-02,  0.000000000000000e+00,  1.034544984312934e-02,  3.044939032836992e+01
s944        , -1.000366609598995e+00, -6.154124714938538e-01,  0.000000000000000e+00,  3.649011125994232e-02,  3.977588334536022e+01
s945        , -6.403848269203397e-01, -4.826011085155941e-01,  0.000000000000000e+00, -4.332510506491448e-02,  3.515537941063238e+01
s946        ,  1.042678968069443e+00,  3.459181059298500e-01,  0.000000000000000e+00, -2.107794643034170e-01,  1.808347344122601e+01
s947        ,  5.081125559242120e-03, -1.118404598605043e+00,  0.000000000000000e+00, -2.738577007257604e-01,  3.548770798414259e+01
s948        , -9.507722609706112e-01, -7.703291799452816e-01,  0.000000000000000e+00, -3.731002891506166e-02,  3.922988201132588e+01
s949        , -1.109777834090980e-01, -5.621266625252601e-01,  0.000000000000000e+00,  1.724282811558381e-02,  3.837642093472883e+01
s950        ,  6.358188156380660e-01,  8.113068317809877e-01,  0.000000000000000e+00, -2.849655194265321e-02,  1.832175263105229e+01
s951        , -2.185819524191360e+00, -8.399301924440827e-01,  3.109477647812850e-02, -1.294963930680741e-02,  4.482314657391235e+01
s952        ,  1.305064709156519e+00,  1.220238860125615e+00,  0.000000000000000e+00, -8.684202845968550e-02,  1.075994510662592e+01
s953        ,  1.664044937420125e+00,  1.359223404011407e+00,  0.000000000000000e+00,  4.686799315200851e-02,  1.365032237109605e+01
s954        ,  1.051351309197190e+00,  7.811585029267452e-01,  0.000000000000000e+00, -2.686132073462832e-02,  1.878442177737335e+01
s955        , -1.399028311662238e+00, -6.077228620296897e-01,  0.000000000000000e+00, -1.551300031836334e-01,  3.285802181457912e+01
s956        ,  1.385421265834244e+00,  6.758606489620795e-01,  0.000000000000000e+00,  5.945627706550138e-02,  2.326701138147356e+01
s957        , -9.408889636329510e-01, -5.516654525194613e-01,  0.000000000000000e+00, -1.927764173098966e-02,  3.693726129960888e+01
s958        ,  9.732055185777991e-01,  4.142689665874721e-02,  0.000000000000000e+00,  2.439003026560388e-02,  3.053243353240127e+01
s959        , -5.141793956906318e-01, -6.472056055658704e-01,  0.000000000000000e+00, -6.692817288317651e-03,  3.866672997284480e+01
s960        , -1.427508420922605e+00, -7.123135911311045e-01,  0.000000000000000e+00,  2.610286253641454e-02,  4.070664490521104e+01
s961        , -2.005936182526318e-01, -5.307564038607504e-02,  4.251561849229488e-02, -5.080950616839888e-02,  3.431226761762278e+01
s962        , -1.040812919577019e+00, -8.086505840099316e-01,  0.000000000000000e+00,  1.533319451119741e-02,  4.161623712858062e+01
s963        ,  3.350397487530737e-01,  1.287770075387851e-01,  6.269082027274578e-02,  6.073567168277647e-02,  3.830024707492834e+01
s964        , -1.211148190797335e+00, -1.001321383955398e+00,  0.000000000000000e+00, -1.876139465738215e-02,  4.298886979596310e+01
s965        , -3.546684926971408e-01, -8.984972727476799e-01,  0.000000000000000e+00, -8.109414012748006e-04,  4.224761082102679e+01
s966        , -1.297482551855562e+00, -1.063732208424488e+00,  0.000000000000000e+00,  2.012503452273846e-02,  4.520920413162778e+01
s967        , -7.045435460678467e-02,  4.441312317489357e-01,  0.000000000000000e+00, -1.134515703460617e-01,  2.022702370784222e+01
s968        ,  9.299065987644251e-02,  1.130010077257433e-01,  0.000000000000000e+00, -1.350469999245242e-01,  2.390194691408705e+01
s969        ,  6.950554955433741e-01, -2.539328068399569e-01,  0.000000000000000e+00, -2.266786994952413e-01,  2.556652753484902e+01
s970        ,  2.496136210729474e-01, -1.981700460248361e-01,  0.000000000000000e+00,  4.541517328799480e-02,  3.449494859241348e+01
s971        , -1.044044119112301e+00, -6.582223978774056e-01,  0.000000000000000e+00, -4.609029360315796e-02,  3.741343449281247e+01
s972        , -1.696855601622959e-01,  4.618615895623779e-02,  5.528513911423592e-02, -2.702772805646595e-01,  2.673304953217703e+01
s973        ,  4.802864320387065e-01, -3.393094895526350e-02,  4.083298625572678e-02, -4.297992043665350e-03,  3.550425387188994e+01
s974        , -1.989928973862810e-01, -3.212939789986788e-01,  0.000000000000000e+00, -6.844289268952031e-02,  3.209776739910401e+01
s975        ,  5.144117291211028e-01, -4.446119035603480e-01,  0.000000000000000e+00,  6.546273172173245e-02,  3.851453880034336e+01
s976        ,  3.695887594461370e-01,  8.138493213695039e-01,  0.000000000000000e+00, -8.978222592913157e-02,  1.610810435081934e+01
s977        , -5.208667084829633e-01, -8.308137630413612e-01,  0.000000000000000e+00, -9.150464542295288e-02,  3.811408112942721e+01
s978        , -1.415530554889297e+00, -6.169289339561641e-01,  0.000000000000000e+00, -2.107605274811264e-02,  3.774897484714730e+01
s979        , -9.075955878756907e-02,  1.027470965139362e+00,  1.574074074074074e-03, -1.722448602033247e-01,  1.050118991908728e+01
s980        , -1.408049785649008e+00, -1.424839500521689e+00,  0.000000000000000e+00, -1.789519508753448e-02,  4.870222025884479e+01
s981        ,  7.617332134276670e-01,  5.543438093283570e-01,  7.297934713130111e-02, -3.080049493770706e-02,  3.058989663425364e+01
s982        ,  5.658342892742037e-01,  9.433196037189751e-02,  0.000000000000000e+00, -2.231183956392252e-02,  2.816169793649054e+01
s983        , -6.523400746561840e-01, -7.996661562071723e-01,  0.000000000000000e+00,  1.537860002921465e-02,  4.149730353910788e+01
s984        ,  1.408650344937474e+00,  1.827608851524998e-02,  4.424130703770107e-02, -3.521370453878163e-02,  3.412005468132649e+01
s985        , -1.892295500046385e+00, -1.435677862106147e+00,  0.000000000000000e+00,  3.419105034014577e-02,  5.070001413610228e+01
s986        ,  7.279494111089814e-01,  1.498985131426078e-01,  1.980149006212718e-02,  6.363320017989699e-03,  3.085138188823012e+01
s987        ,  6.069333137359153e-01, -3.313008056094109e-01,  0.000000000000000e+00, -3.517657681669728e-03,  3.454100387547141e+01
s988        ,  7.956867077796174e-01,  1.297873150535218e-01,  0.000000000000000e+00,  1.075286340816741e-01,  3.230356114495804e+01
s989        , -1.492402946081943e-01,  3.163911992256150e-01,  0.000000000000000e+00,  1.219444171400443e-01,  3.031248351651396e+01
s990        ,  4.998144921024051e-01,  1.103825528347304e+00,  0.000000000000000e+00,  8.263109397478541e-03,  1.570419228220670e+01
s991        , -1.388778051347251e+00, -7.444471257860705e-01,  7.836601380297760e-02,  9.440641245134093e-03,  5.010459812050538e+01
s992        ,  4.282998930275517e-01, -5.652169022509312e-02,  8.978085351787773e-02,  3.878328602931608e-04,  4.194484679474013e+01
s993        ,  5.363050420459536e-01,  4.917098280568093e-01,  0.000000000000000e+00,  8.859833809275902e-02,  2.677424547809222e+01
s994        , -6.815023874245365e-01,  1.973620039700452e-01,  0.000000000000000e+00,  5.627358311659586e-02,  2.957406900142665e+01
s995        , -2.391036276757255e+00, -1.514445030900532e+00,  0.000000000000000e+00,  4.638008615656319e-02,  5.219035601062648e+01
s996        ,  4.431453520331272e-01,  4.012391382483509e-01,  0.000000000000000e+00, -1.232702614916716e-01,  2.045334021451094e+01
s997        , -6.841651286789517e-01, -1.597938425321405e+00,  0.000000000000000e+00, -6.812379444102459e-02,  4.923846546293664e+01
s998        , -1.890503332016519e-01, -5.852904668914589e-01,  0.000000000000000e+00, -6.590856443701916e-02,  3.573006432246016e+01
s999        , -1.955891416531250e-01, -3.342686805376456e-01,  0.000000000000000e+00,  1.255679476096346e-01,  3.917156417490013e+01
s1000       ,  1.922227018092693e+00,  1.283183599442479e+00,  0.000000000000000e+00,  2.148830906648164e-02,  1.376799385735801e+01
s1001       ,  7.564584951078414e-01,  4.400356926647593e-01,  3.667355371900827e-02,  3.893085973849658e-03,  2.892873748534618e+01
s1002       , -1.216448226111712e+00, -6.771688937518556e-01,  0.000000000000000e+00,  1.176684206601844e-02,  3.972525227827041e+01
s1003       ,  9.406214986730431e-01,  1.058473954652140e+00,  0.000000000000000e+00, -2.245071641583712e-02,  1.522040420867554e+01
s1004       , -6.084517344429569e-01, -6.403528832255461e-01,  0.000000000000000e+00, -2.508850023512249e-02,  3.792056842137546e+01
s1005       ,  1.047447652274055e-01,  2.331186105664926e-01,  0.000000000000000e+00,  3.210764530442042e-03,  2.720720471770769e+01
s1006       ,  1.789223857816157e+00,  6.082860212183441e-01,  1.526372321781898e-01,  2.804558501552720e-02,  4.167585867841203e+01
s1007       , -3.471776742826870e-02, -4.280404931968644e-01,  0.000000000000000e+00,  7.164692071636813e-02,  3.851212380086341e+01
s1008       , -4.304906904704673e-01,  7.184997517849541e-01,  0.000000000000000e+00,  2.429498977278999e-02,  2.144444287144007e+01
s1009       ,  5.526661980887815e-01,  7.064630334484343e-01,  0.000000000000000e+00,  7.899708411774131e-02,  2.355134447831507e+01
s1010       ,  1.084664986478008e-01,  4.697620679918526e-01,  0.000000000000000e+00, -3.307208802060618e-02,  2.274170007889952e+01
s1011       , -1.857041478323650e-01, -2.548226598935663e-01,  0.000000000000000e+00, -2.204531571361561e-01,  2.579986933858676e+01
s1012       , -9.197930097533304e-01, -1.367668204019839e+00,  0.000000000000000e+00, -2.742630883841038e-02,  4.759616561584938e+01
s1013       , -4.019119417889337e-01, -3.658994590978719e-01,  1.460920379839299e-02,  5.172558953211329e-02,  3.875195853145365e+01
s1014       , -1.358932079618377e+00, -1.437848768542858e+00,  2.453528670447385e-02, -4.493945814582299e-02,  5.090788547775988e+01
s1015       , -1.527440174864809e+00, -6.737593357057308e-01,  0.000000000000000e+00,  8.328652701333192e-02,  4.222299657029214e+01
s1016       ,  1.494747075983483e+00,  8.034276636143556e-01,  0.000000000000000e+00,  1.296258570282439e-01,  2.405086114067787e+01
s1017       ,  5.541257590705128e-01, -6.330605387804722e-02,  5.660250218997776e-03, -2.683491455039271e-02,  3.080640394187897e+01
s1018       , -1.957085120530336e+00, -1.235479771800071e+00,  0.000000000000000e+00,  5.048087220453869e-02,  4.859318395721532e+01
s1019       ,  7.131485583147716e-01,  8.724069545721955e-01,  0.000000000000000e+00, -1.556242912935379e-03,  1.846003532965537e+01
s1020       , -1.923756067205053e+00, -8.190434624066425e-01,  0.000000000000000e+00, -1.782329197389032e-02,  4.057652188254372e+01
s1021       ,  3.885529621363158e-01,  1.107195670226319e+00,  0.000000000000000e+00, -6.840573468602967e-02,  1.293235927042524e+01
s1022       , -1.875446506562856e+00, -1.013059873001430e+00,  1.212548259714332e-02,  5.832623195461108e-02,  4.736698848504157e+01
s1023       ,  1.372593741804168e+00,  1.935661426732809e-01,  5.273386321949515e-02,  1.453324165658092e-02,  3.457323344744906e+01
s1024       , -8.235465806555776e-01, -1.056144639969756e+00,  0.000000000000000e+00, -2.599887466802273e-02,  4.346706938455490e+01
s1025       , -3.055697164838789e-01,  3.575903535882756e-01,  0.000000000000000e+00, -3.496086946896501e-02,  2.417958995735102e+01
s1026       , -1.058405261469002e+00, -7.834433821552556e-01,  7.963988919667590e-03, -4.881359205168496e-02,  3.996821044959457e+01
s1027       ,  1.001215100946893e+00,  1.396608198019277e+00,  0.000000000000000e+00,  4.085306037906478e-02,  1.293480048932070e+01
s1028       , -1.207050253018809e-01, -4.326370967586883e-01,  0.000000000000000e+00,  4.917365122655079e-02,  3.777456999401933e+01
s1029       , -3.485019297637044e-02,  8.735456364090677e-02,  0.000000000000000e+00, -1.014064931179768e-01,  2.544243247369571e+01
s1030       ,  7.570890498814408e-01,  4.653221064336479e-01,  0.000000000000000e+00,  4.089679484104189e-02,  2.543186724038231e+01
s1031       , -3.425236517205575e-01,  1.414235024428221e-01,  9.229622855594506e-02, -9.974399402965337e-03,  3.922723841535716e+01
s1032       , -9.690806500330096e-01, -4.911749102267868e-01,  0.000000000000000e+00,  4.550727501923701e-03,  3.697305148890930e+01
s1033       ,  3.580879227715397e-01,  2.830212941430204e-01,  0.000000000000000e+00,  5.678148994477383e-02,  2.844280024688253e+01
s1034       , -1.559175075401338e+00, -8.230218600830965e-01,  0.000000000000000e+00,  3.324477831572614e-02,  4.244606244442952e+01
s1035       , -5.297528349600488e-01, -8.987433731042003e-01,  0.000000000000000e+00, -9.986771407351358e-02,  3.872810504818378e+01
s1036       , -2.199501197760688e+00, -1.202037600658802e+00,  0.000000000000000e+00,  3.313785036894802e-02,  4.752769537760352e+01
s1037       , -2.563451324430153e-01, -5.150949713410022e-01,  0.000000000000000e+00,  1.132641614305366e-02,  3.753496576126841e+01
s1038       ,  1.208934872396009e+00,  1.049617608058731e+00,  0.000000000000000e+00, -1.189355213488158e-01,  1.190789446626565e+01
s1039       ,  1.284684643971159e+00,  1.206324873053227e+00,  0.000000000000000e+00, -1.908944006936991e-02,  1.335615647290883e+01
s1040       ,  3.246719543370283e-02,  2.074710894344323e-02,  0.000000000000000e+00,  8.401544214308826e-02,  3.293039385611502e+01
s1041       ,  2.496032441662194e+00,  1.336150778908201e+00,  0.000000000000000e+00,  7.598122687343106e-02,  1.499526798829797e+01
