# c0 + a0 * (Ge * S) + a1 * (SBI / RBI) + a2 * (face-area-count + Na-Na-max)
# Property Label: $E$; Unit of the Property: Unitless
# RMSE: 0.661037301772288; Max AE: 2.40024404113953
# Coefficients
# Task   a0                      a1                      a2                      c0
# all ,  8.553675068338631e+00, -3.141062475266348e+00, -8.477110991324202e-02,  2.828552383215011e+00, 
# Feature Rung, Units, and Expressions
# 0;  1; Unitless;                                         18|10|mult; (Ge * S); $\left(Ge S\right)$; (Ge .* S); (newdata$Ge * newdata$S); Ge,S
# 1;  1; Unitless;                                         5|6|div; (SBI / RBI); $\left(\frac{ SBI }{ RBI } \right)$; (SBI ./ RBI); (newdata$SBI / newdata$RBI); SBI,RBI
# 2;  1; Unitless;                                         34|23|add; (face-area-count + Na-Na-max); $\left(face-area-count + Na-Na-max\right)$; (face_sub_area_sub_count + Na_sub_Na_sub_max); (newdata$face_sub_area_sub_count + newdata$Na_sub_Na_sub_max); face-area-count,Na-Na-max
# Number of Samples Per Task
# Task, n_samples               
# all , 1041                  

# Sample ID , Property Value        ,  Property Value (EST) ,  Feature 0 Value      ,  Feature 1 Value      ,  Feature 2 Value      
s1          ,  6.774572406644882e-01,  2.580051407258210e-01,  0.000000000000000e+00,  1.564883258840960e-01,  2.452495474419457e+01
s2          ,  1.967875961713064e+00,  2.180562756754121e-01,  0.000000000000000e+00,  6.144104922158480e-02,  2.851804035434776e+01
s3          , -1.271285198486554e+00, -7.441773234245797e-01,  0.000000000000000e+00,  6.078048417183867e-02,  3.989347800258820e+01
s4          , -1.922048452937919e-01, -7.945446987305100e-01,  0.000000000000000e+00,  2.282930473001996e-02,  4.189385762621559e+01
s5          ,  2.455067115358116e-01, -2.436290050592831e-01,  0.000000000000000e+00,  4.175591120953398e-02,  3.469370007616308e+01
s6          ,  1.771859120156342e-01,  3.739449815826488e-01,  0.000000000000000e+00,  1.552696566258131e-01,  2.320242959742447e+01
s7          , -1.787554844087500e-01,  3.065016324775627e-03,  0.000000000000000e+00,  2.485611752559967e-01,  2.412073156265368e+01
s8          ,  1.258527874893824e+00,  9.454538992349590e-01,  1.822916666666667e-01,  1.459186697390555e-02,  4.006704885653777e+01
s9          ,  1.207996528852184e+00,  1.175416530710703e+00,  0.000000000000000e+00,  9.058453379737527e-02,  1.614470040506203e+01
s10         , -3.778119871449526e-01,  6.393548650035554e-01,  5.078125000000000e-02,  1.840420022469098e-02,  3.026685730773553e+01
s11         ,  2.051916464504999e-01, -1.033229017620390e+00,  0.000000000000000e+00,  1.436394038059001e-01,  4.023305891667098e+01
s12         , -9.030892502610830e-01, -9.764215098687492e-01,  0.000000000000000e+00,  1.498331701538028e-01,  3.933343031813481e+01
s13         , -1.915336013610817e+00, -5.539981657100328e-01,  0.000000000000000e+00,  1.623118402970565e-02,  3.930074042028995e+01
s14         , -4.972857440368104e-01, -9.564779241380084e-02,  9.989258861439311e-02,  1.968949979583515e-02,  4.384516110748118e+01
s15         ,  9.892906044607527e-01,  5.237823581509455e-01,  3.961632479540865e-02,  1.557876064322299e-01,  2.541309878205803e+01
s16         ,  7.196956197004112e-01,  7.920942610377342e-01,  0.000000000000000e+00,  1.526146764854170e-01,  1.836811963754634e+01
s17         , -8.233048349290433e-01, -9.519384103597219e-01,  0.000000000000000e+00,  1.802457811196824e-01,  3.791772382671752e+01
s18         ,  6.436893120625885e-01, -4.806369590318198e-01,  0.000000000000000e+00,  1.277545828012626e-01,  3.430300982424952e+01
s19         ,  6.782210382119218e-01,  1.266382278278728e+00,  0.000000000000000e+00,  1.458329922364571e-01,  1.302447928895253e+01
s20         ,  1.358387811126361e-01, -9.728981047558349e-01,  0.000000000000000e+00,  1.932018865015732e-02,  4.412782340841368e+01
s21         ,  1.192439177417436e+00,  4.821078673215986e-01,  0.000000000000000e+00,  2.466234440762989e-01,  1.854151575687785e+01
s22         , -1.675888320916539e+00, -1.337354730058174e+00,  0.000000000000000e+00,  1.168523417218950e-02,  4.871002711803825e+01
s23         ,  1.682267394333138e+00,  1.180806693536624e+00,  0.000000000000000e+00,  8.449597681069053e-02,  1.630671757184834e+01
s24         , -5.344901610254715e-02, -1.465128360693142e-01,  0.000000000000000e+00,  6.309264325936483e-02,  3.275747230299261e+01
s25         ,  7.630444568978922e-01,  1.411485401446201e+00,  0.000000000000000e+00,  3.125912742285646e-01,  5.133803965043874e+00
s26         , -7.690353008448225e-01, -1.464138579812058e+00,  0.000000000000000e+00,  2.854967680698260e-02,  4.958074335500854e+01
s27         ,  1.318355805735755e-01,  6.966494337967699e-02,  0.000000000000000e+00,  2.744611801605310e-02,  3.152816414906797e+01
s28         , -1.557515501210242e+00, -9.122711891182798e-01,  0.000000000000000e+00,  3.557993652964780e-02,  4.281015988279236e+01
s29         ,  1.315402392066626e+00,  1.741624449515335e+00,  0.000000000000000e+00,  1.933267254901162e-01,  5.658491569680673e+00
s30         , -1.602536800620832e+00, -5.570540573984331e-01,  0.000000000000000e+00,  2.372887825461163e-02,  3.905897368733755e+01
s31         , -6.577868421803238e-01, -9.526484796503487e-02,  0.000000000000000e+00,  1.103018948408573e-01,  3.040366099939489e+01
s32         ,  1.122204297021453e+00,  1.149746827709852e-01,  0.000000000000000e+00,  1.507769404095947e-01,  2.642383605783215e+01
s33         ,  1.732999170998263e+00,  1.210537530430483e+00,  0.000000000000000e+00,  1.611718985579538e-01,  1.311489080766462e+01
s34         ,  1.815120104294484e+00,  9.939523575467226e-01,  1.962809917355372e-02,  5.663153876471738e-02,  2.152395089252602e+01
s35         ,  5.934117724273275e-01,  1.042917901131925e+00,  0.000000000000000e+00,  2.012158756547847e-01,  1.360844333425176e+01
s36         ,  9.702627198604924e-01, -3.097343763222700e-01,  0.000000000000000e+00,  9.713358196578610e-02,  3.342157620722355e+01
s37         ,  1.142962175227537e+00, -6.563681963513135e-02,  0.000000000000000e+00,  7.352795709525552e-02,  3.141675623524211e+01
s38         ,  2.376281988155590e-01,  1.234526483413047e+00,  0.000000000000000e+00,  1.523209031312679e-01,  1.315986575991963e+01
s39         , -9.901628269429662e-01, -4.030924133499392e-01,  0.000000000000000e+00,  4.354737823824014e-01,  2.198619838372723e+01
s40         , -6.175077579414836e-01,  3.459665312524627e-01,  7.384563150746943e-03,  9.673480092968441e-02,  2.644652116407959e+01
s41         , -6.558266813617915e-01, -4.372985426102103e-01,  0.000000000000000e+00,  8.839085479997742e-02,  3.525033153057148e+01
s42         , -1.132806252875512e-01, -6.500433556755367e-01,  0.000000000000000e+00,  1.504789489447888e-02,  4.047757973698234e+01
s43         ,  3.987508132795206e-01, -9.433485743608672e-02,  0.000000000000000e+00,  4.099318644592708e-01,  1.929036490681441e+01
s44         , -1.257042213831158e-02,  2.960972316026047e-01,  2.637119113573407e-02,  4.464135718911251e-03,  3.236956110837379e+01
s45         , -2.453536714432208e-01, -2.711639111858100e-02,  0.000000000000000e+00,  1.947514774951199e-02,  3.296519440877116e+01
s46         ,  4.319604697532172e-01,  6.442314833924683e-01,  1.367166474432911e-01,  4.563840830721419e-02,  3.787136431274796e+01
s47         , -5.858250576994644e-01,  1.291362659712254e-01,  4.966974241156713e-02,  1.505992797553116e-01,  3.127519753878689e+01
s48         , -1.351740028810569e+00, -8.176066729305522e-01,  7.742878013148284e-02,  7.307029727215503e-03,  5.055387206599325e+01
s49         ,  1.400180920836999e+00,  1.166663722414012e-01,  0.000000000000000e+00,  2.894930637868923e-02,  3.091801480132682e+01
s50         ,  6.339509690024701e-01,  4.927486865423107e-01,  1.140992751502213e-01,  2.146677852774903e-02,  3.827180430529547e+01
s51         ,  9.663578673416964e-01,  1.074258510075195e+00,  0.000000000000000e+00,  1.194076914730058e-01,  1.627001056854544e+01
s52         ,  1.470345916377529e-01, -1.097394940617424e-01,  0.000000000000000e+00,  6.586818307194747e-02,  3.222083327575750e+01
s53         , -1.879048126514940e+00, -4.313499441634532e-01,  0.000000000000000e+00,  2.145555780968318e-01,  3.050532020644777e+01
s54         ,  2.462378298792408e+00,  1.608840946759391e+00,  0.000000000000000e+00,  1.270348760022682e-01,  9.681210441088995e+00
s55         ,  2.147693442064033e-01, -4.382267780351601e-01,  0.000000000000000e+00,  2.722175946167758e-02,  3.752780773249525e+01
s56         ,  1.250856345991485e+00,  1.460177485527226e+00,  0.000000000000000e+00,  2.519018924045563e-01,  6.808160428687487e+00
s57         ,  3.470878239384724e-01,  8.942607209078093e-01,  0.000000000000000e+00,  1.768910123314602e-01,  1.626339377497775e+01
s58         ,  2.650904256602346e+00,  5.112747630797263e-01,  0.000000000000000e+00,  3.156024030931676e-01,  1.564154056768255e+01
s59         ,  2.436955679659398e-02, -4.086558074480928e-02,  0.000000000000000e+00,  2.836259138597821e-02,  3.279807584566848e+01
s60         , -1.350996154759193e+00, -9.090348604097755e-01,  0.000000000000000e+00,  1.573414684273981e-02,  4.350733769053318e+01
s61         , -1.175408395594881e+00, -7.458265557939057e-01,  0.000000000000000e+00,  1.647871097416823e-02,  4.155446686887051e+01
s62         ,  5.137509822735412e-02,  3.519879197089759e-02,  0.000000000000000e+00,  8.876891731342200e-03,  3.262279711283809e+01
s63         ,  1.630781368412474e+00,  9.837676548375425e-01,  0.000000000000000e+00,  6.789663548711644e-02,  1.924614595847342e+01
s64         , -7.346563779561162e-02,  1.086837416333803e+00,  0.000000000000000e+00,  2.596157113473102e-01,  1.092643235326925e+01
s65         ,  6.477994742971301e-01,  6.902826936574680e-01,  0.000000000000000e+00,  1.065469180647050e-01,  2.127610650863356e+01
s66         ,  1.102507059534665e+00,  4.569336072806198e-01,  0.000000000000000e+00,  5.435203154023017e-02,  2.596280326471319e+01
s67         , -2.689254974131806e-01, -2.919059275409306e-01,  0.000000000000000e+00,  2.229631962974289e-01,  2.854884150953647e+01
s68         ,  1.634793292022643e+00,  1.223057287285364e+00,  0.000000000000000e+00,  7.658562450513204e-02,  1.610141551819558e+01
s69         ,  3.008420412735001e-01,  7.273957736457313e-01,  0.000000000000000e+00,  1.647065340826228e-01,  1.868328841691585e+01
s70         ,  4.428344099007711e-01,  1.692417780702140e-01,  0.000000000000000e+00,  1.657782047756617e-01,  2.522782713468846e+01
s71         , -2.587880550234566e-02, -5.695631513132868e-01,  0.000000000000000e+00,  5.684554023199795e-03,  3.987514140910609e+01
s72         ,  3.320850724266521e-01,  7.204860740118515e-01,  0.000000000000000e+00,  1.631627107692504e-01,  1.882200248028001e+01
s73         , -1.001377721869569e+00, -3.191780619451068e-01,  0.000000000000000e+00,  1.492537126346377e-01,  3.160174748037360e+01
s74         ,  1.535377236435878e+00,  1.577958575677386e+00,  0.000000000000000e+00,  2.296036169830307e-01,  6.244987267343824e+00
s75         ,  2.223324131252060e-01,  1.279136791653812e-02,  0.000000000000000e+00,  2.412778063074605e-01,  2.427586891215240e+01
s76         , -5.720277382811452e-01, -4.939639807795766e-01,  0.000000000000000e+00,  1.169061037761077e-02,  3.876079279588674e+01
s77         , -1.197863875151751e+00, -6.418863334180389e-01,  0.000000000000000e+00,  2.255117451175510e-02,  4.010333322378670e+01
s78         , -1.436625202734528e+00, -8.110620990373194e-01,  0.000000000000000e+00,  1.067770886926103e-02,  4.253896327760566e+01
s79         ,  4.409066269069510e-01,  7.099902843710773e-01,  0.000000000000000e+00,  1.082748855482707e-01,  2.097959930753118e+01
s80         ,  6.309139277294878e-01,  3.102128781236457e-01,  0.000000000000000e+00,  5.039713408297228e-02,  2.784013280913424e+01
s81         , -1.685326208098238e+00, -4.299156832977578e-01,  0.000000000000000e+00,  3.399698688348783e-02,  3.717872055664333e+01
s82         , -1.663665661245249e-01, -2.180000807093494e-01,  0.000000000000000e+00,  1.079702974385312e-02,  3.553850270492927e+01
s83         , -1.321966357459877e+00, -6.666751302722091e-01,  0.000000000000000e+00,  6.078952104615737e-03,  4.100610631027572e+01
s84         ,  1.425519064192979e+00, -1.000366079645403e-01,  2.319177212916512e-02,  2.944579227402180e-02,  3.579607255550339e+01
s85         , -6.984731689207798e-01, -5.444479109890046e-01,  0.000000000000000e+00,  8.211453188180910e-02,  3.674687547000490e+01
s86         , -2.932580333118892e-01, -5.194594200118812e-01,  0.000000000000000e+00,  2.381156626772616e-01,  3.067171862063835e+01
s87         ,  3.346071912195332e-02, -2.304884319476570e-01,  0.000000000000000e+00,  4.225495344330943e-02,  3.452019643841710e+01
s88         , -7.344698336486584e-02, -1.331074705170243e-02,  4.349110043222637e-03,  1.210691989721417e-02,  3.351419387501610e+01
s89         ,  2.903456543575506e-01,  3.074301803812602e-01,  0.000000000000000e+00,  8.080045348301436e-02,  2.674641080828379e+01
s90         ,  3.160753830639385e-01, -5.769371823860947e-02,  0.000000000000000e+00,  3.465098021458435e-02,  3.276358196339407e+01
s91         ,  4.911838748491691e-01,  1.457178529332783e+00,  0.000000000000000e+00,  1.583624751077688e-01,  1.030949608569883e+01
s92         , -8.899315452749768e-01, -1.090748278988281e+00,  0.000000000000000e+00,  8.003775444723639e-02,  4.326824408525924e+01
s93         ,  8.806558878772817e-01, -1.580634954541620e-01,  0.000000000000000e+00,  1.865637581118737e-01,  2.831869797713126e+01
s94         ,  2.174850994919374e-01,  6.466828500769335e-01,  4.095000000000000e-02,  6.078607181601763e-02,  2.761801373584101e+01
s95         , -7.665153489308597e-01, -1.194611899831077e+00,  0.000000000000000e+00,  2.720385238003489e-02,  4.645114694360475e+01
s96         ,  5.275622810365228e-01,  4.693914835705559e-02,  0.000000000000000e+00,  2.261714347824278e-02,  3.197517853611724e+01
s97         ,  2.030602111680013e+00,  1.437214921586042e+00,  0.000000000000000e+00,  6.629886319138709e-02,  1.395627108712512e+01
s98         , -9.469867286116609e-01, -5.368210098592248e-01,  0.000000000000000e+00,  9.612591359622738e-02,  3.613773484989954e+01
s99         , -9.198822372946849e-01, -1.369723738464951e+00,  0.000000000000000e+00,  6.889177344867291e-02,  4.697216730229196e+01
s100        , -4.843791818667553e-01, -3.168413610674885e-01,  0.000000000000000e+00,  1.207479578111631e-01,  3.263041934767352e+01
s101        , -2.042448773263304e-01,  7.188395614071474e-03,  0.000000000000000e+00,  1.830312526245842e-01,  2.650020025076900e+01
s102        , -5.164158759195604e-01, -1.446240431468446e+00,  0.000000000000000e+00,  2.816870328468602e-02,  4.938372473951857e+01
s103        ,  1.172650799800637e-01,  1.225543549217788e+00,  3.305555555555555e-02,  6.350950365888672e-02,  1.989201271969815e+01
s104        , -1.768695959917696e+00, -1.341862662807559e+00,  0.000000000000000e+00,  3.600186719315020e-02,  4.786218956074859e+01
s105        ,  5.247327840013729e-01, -7.440251745981685e-02,  0.000000000000000e+00,  1.207212645764399e-01,  2.977148546397452e+01
s106        ,  5.297962102782025e-01,  1.250682316793705e+00,  0.000000000000000e+00,  1.726369120492337e-01,  1.221650561373421e+01
s107        ,  1.497385912477808e-01, -6.484096100826702e-01,  0.000000000000000e+00,  3.486209001791099e-03,  4.088670770700616e+01
s108        ,  4.406641357796892e-01,  5.917707826193683e-01,  0.000000000000000e+00,  2.347260502470492e-01,  1.768871982131401e+01
s109        , -6.596772585897818e-01, -4.346613295808663e-01,  0.000000000000000e+00,  3.491408378108594e-02,  3.720072083048413e+01
s110        ,  1.094420195469493e+00, -1.166855772183255e-01,  0.000000000000000e+00,  5.794826175481183e-02,  3.259623299442897e+01
s111        ,  3.915962330096326e-01,  9.735493304272504e-01,  1.470588235294118e-02,  1.427354395882396e-01,  1.807752028273709e+01
s112        ,  8.365523515867515e-01,  4.120884355524383e-01,  0.000000000000000e+00,  3.808204300082780e-01,  1.439503607299303e+01
s113        , -1.291655352083360e-01,  1.914766384803039e-01,  0.000000000000000e+00,  1.144155129555760e-01,  2.686869940399117e+01
s114        ,  1.376602311009741e+00,  7.076478406337312e-01,  0.000000000000000e+00,  1.759348989960826e-01,  1.850019464013092e+01
s115        ,  2.854337653329592e+00,  7.891460325419206e-01,  0.000000000000000e+00,  1.115520530744715e-01,  1.992441038521908e+01
s116        , -4.031277243707178e-01, -8.130264451500298e-01,  0.000000000000000e+00,  4.282514030049490e-01,  2.708958769982211e+01
s117        , -1.548008576871541e+00, -8.829298133276819e-01,  0.000000000000000e+00,  2.059057369889735e-02,  4.301944284892766e+01
s118        , -1.376296935489929e+00, -9.537247186240241e-01,  0.000000000000000e+00,  4.392774818150331e-02,  4.298985001060948e+01
s119        ,  1.159776550977451e-01, -5.680814688206413e-01,  0.000000000000000e+00,  1.095744976994322e-01,  3.600818146877874e+01
s120        , -1.608916416404319e-01,  5.953487700120454e-01,  0.000000000000000e+00,  1.273700742216929e-01,  2.162442198137322e+01
s121        ,  3.197271174130288e-01,  7.260725953192380e-01,  0.000000000000000e+00,  8.280412732307448e-02,  2.173366436572147e+01
s122        , -1.530552753436365e+00, -5.205652803497607e-01,  0.000000000000000e+00,  4.272217444649596e-02,  3.792476762235832e+01
s123        , -1.233881263109963e+00, -1.148793295348536e+00,  0.000000000000000e+00,  6.992386011553192e-02,  4.432772520348807e+01
s124        , -5.427146006639550e-01, -2.958855923759569e-01,  0.000000000000000e+00,  8.201460323068153e-02,  3.381841981181128e+01
s125        ,  9.732454451545894e-01,  3.544248564705033e-03,  5.925044616299822e-02,  6.144935004093206e-03,  3.907599626120892e+01
s126        , -1.840471966312827e-01, -6.290342415579127e-01,  0.000000000000000e+00,  5.654082298553209e-02,  3.869228998805438e+01
s127        , -1.081994746251625e+00, -1.337013786390012e+00,  0.000000000000000e+00,  5.548936066562700e-02,  4.708291097198703e+01
s128        ,  4.539347974729817e-01,  1.026776553419239e+00,  0.000000000000000e+00,  1.972267669903250e-01,  1.394666454284185e+01
s129        , -9.281932508350824e-01, -7.271924175582858e-01,  0.000000000000000e+00,  3.625603378556939e-02,  4.060183165078278e+01
s130        , -7.213314288938638e-01, -3.861504522912551e-01,  0.000000000000000e+00,  5.281327026075386e-01,  1.835300992256671e+01
s131        , -2.205996399193568e-01, -1.672246439745928e-02,  0.000000000000000e+00,  1.338560113680673e-02,  3.306822148538217e+01
s132        , -1.239159936584262e+00, -5.917520300934900e-01,  0.000000000000000e+00,  3.192451042869641e-02,  3.916461085572096e+01
s133        , -3.218370754810609e-01, -5.983999322955476e-01,  0.000000000000000e+00,  2.022157474758008e-01,  3.293315401984943e+01
s134        , -1.004593496203065e+00, -9.184411392457452e-01,  0.000000000000000e+00,  2.180495322044044e-01,  3.612181463989295e+01
s135        ,  9.616883013837800e-01, -5.086399672835329e-02,  0.000000000000000e+00,  9.852220085527724e-02,  3.031636597051030e+01
s136        ,  1.177397001560173e+00,  9.703508833175372e-01,  0.000000000000000e+00,  9.948110515808896e-02,  1.823410281013577e+01
s137        , -1.190015539084228e+00, -6.170812540953663e-01,  0.000000000000000e+00,  1.244459677959036e-01,  3.603516670708686e+01
s138        ,  2.514478411301381e-01, -2.133952040176568e-01,  0.000000000000000e+00,  9.141174388023464e-02,  3.249712775438695e+01
s139        , -1.987650229798378e-01,  4.395774849522995e-01,  3.731762065095398e-02,  2.101841435838466e-02,  3.116813675918432e+01
s140        , -1.883191692860165e-02, -6.988013454265207e-02,  3.602339181286550e-02,  1.268518739359138e-01,  3.312585204937130e+01
s141        ,  4.763479271249645e-01,  6.464227809431529e-01,  0.000000000000000e+00,  9.207370514209390e-02,  2.232978126661990e+01
s142        , -1.264849480226229e+00, -3.472777520538379e-01,  9.355932203389832e-02,  1.724379398723736e-02,  4.626508188167171e+01
s143        ,  5.343202969822768e-02,  1.017583182438219e+00,  0.000000000000000e+00,  2.261488764816195e-01,  1.298344981165340e+01
s144        ,  1.580293395785219e-01,  6.827854393786170e-02,  0.000000000000000e+00,  3.619424512655422e-01,  1.915027406226572e+01
s145        ,  9.188749641933952e-01,  7.347806210355183e-01,  2.398929319966667e-02,  8.832602934602091e-02,  2.384693095359254e+01
s146        ,  8.965084025411505e-01,  7.815148854380765e-01,  0.000000000000000e+00,  1.718084867791199e-01,  1.778172196359647e+01
s147        ,  6.848734553557310e-01,  5.421930570591833e-01,  0.000000000000000e+00,  7.593826892741096e-02,  2.415719790960720e+01
s148        ,  2.946101194283518e-01,  3.524742544944073e-01,  6.185384106707957e-02,  1.016439015193586e-01,  3.168397753413603e+01
s149        , -1.049624548293927e+00, -3.030590226270471e-01,  0.000000000000000e+00,  6.444445772227997e-03,  3.670317637975151e+01
s150        ,  3.591106519707902e-01,  6.887639791049456e-01,  0.000000000000000e+00,  1.685718585679793e-01,  1.899578366290491e+01
s151        , -1.331621263631160e-02,  2.254167315958049e-01,  4.210526315789474e-03,  1.435297625391285e-02,  3.060084423958198e+01
s152        ,  6.334057303004041e-01,  3.817527087868844e-01,  8.749389454012614e-02,  1.412043286361029e-02,  3.716880503523121e+01
s153        ,  1.034338109925286e+00,  1.985252606985899e-01,  0.000000000000000e+00,  1.886032167133017e-01,  2.403663981595985e+01
s154        , -3.383324211856340e-02, -1.110236351289999e-01,  0.000000000000000e+00,  1.740836523386044e-02,  3.403158527126413e+01
s155        ,  1.136039203602913e+00,  4.443471029630390e-01,  1.016158991853731e-01,  7.151765547223733e-03,  3.811358049428726e+01
s156        , -1.392262169733224e+00, -8.583991342732755e-01,  0.000000000000000e+00,  1.637472140436044e-02,  4.288627927914163e+01
s157        , -5.253740885024729e-01, -7.372740922515586e-02,  0.000000000000000e+00,  6.471100485649561e-02,  3.183889518623653e+01
s158        ,  3.989423304234663e-01,  6.491151598484040e-01,  0.000000000000000e+00,  1.018147110679707e-01,  2.193708277388530e+01
s159        ,  5.765884380454732e-01,  2.614919113021270e-01,  0.000000000000000e+00,  1.554744581056028e-01,  2.452139045746164e+01
s160        , -8.116051377987674e-01, -8.438292100281779e-01,  0.000000000000000e+00,  2.624413034860836e-02,  4.234870988339382e+01
s161        , -3.068617279191663e-01, -1.106649798052364e-01,  0.000000000000000e+00,  2.244930366451171e-01,  2.635415192678390e+01
s162        ,  7.336330388262124e-01, -7.710753732561693e-01,  0.000000000000000e+00,  1.442543751312398e-01,  3.711778405489454e+01
s163        ,  5.366582957206302e-01,  2.431795612864995e-01,  4.574202431795375e-02,  1.615040101768590e-02,  3.451536519115602e+01
s164        ,  1.442528357282191e+00,  1.606148961708615e+00,  1.704330261330640e-03,  1.083045140409672e-01,  1.057896333706996e+01
s165        , -1.062713736405366e-01,  4.210212402682731e-01,  0.000000000000000e+00,  1.647482724920051e-01,  2.229588038060951e+01
s166        , -8.326065002207604e-01,  1.351049029710727e-01,  0.000000000000000e+00,  1.213192959644498e-02,  3.132364710281071e+01
s167        ,  3.946237056414995e-01,  3.635345196746553e-01,  9.243200000000000e-02,  1.574972769817146e-01,  3.256937857247347e+01
s168        ,  2.235679947771067e+00,  1.473221606584955e+00,  0.000000000000000e+00,  1.318121956572923e-01,  1.110402395381907e+01
s169        ,  1.625062009748738e+00,  1.289186566841470e+00,  0.000000000000000e+00,  1.024946078612398e-01,  1.436130600330017e+01
s170        ,  1.327620092596634e-01,  6.078993584673267e-01,  1.363062442607897e-01,  5.398488051043168e-02,  3.794927857886283e+01
s171        ,  5.954984467350798e-01,  3.005684077040380e-01,  0.000000000000000e+00,  2.310156740778258e-01,  2.126136265422673e+01
s172        ,  5.199772380778388e-01, -1.036247677173745e-01,  0.000000000000000e+00,  1.893164443646113e-01,  2.757451653022078e+01
s173        ,  6.222838143288129e-01,  9.871167895911968e-01,  2.929687500000000e-02,  9.092299275460974e-02,  2.130957992716982e+01
s174        ,  1.054103529053623e+00,  3.859264246386367e-01,  0.000000000000000e+00,  8.318730419183255e-02,  2.573199101903110e+01
s175        , -5.255654946879281e-01, -8.752468404857483e-02,  0.000000000000000e+00,  4.516979651673307e-02,  3.272572362504958e+01
s176        ,  9.849433920982633e-01,  1.126311819641718e+00,  0.000000000000000e+00,  1.283037087973251e-01,  1.532633700044975e+01
s177        , -4.422819104749493e-01, -1.461142108355125e-01,  0.000000000000000e+00,  1.742003989447626e-01,  2.863584374715737e+01
s178        , -6.072036959750036e-01, -6.747579773340284e-01,  0.000000000000000e+00,  8.614988342956193e-03,  4.100748648328244e+01
s179        ,  1.274608736041423e+00,  4.079611402826654e-01,  0.000000000000000e+00,  5.480758234323579e-01,  8.246333462705588e+00
s180        , -1.497077617346340e+00, -1.113701362431510e+00,  3.152621592854829e-02,  2.358728595761077e-02,  4.881178998663093e+01
s181        , -2.083438027973673e+00, -1.355639824936152e+00,  0.000000000000000e+00,  6.819731980461010e-03,  4.910601038722155e+01
s182        ,  1.836267684377070e+00,  7.314270592816643e-01,  0.000000000000000e+00,  1.276389952789554e-01,  2.000921383733066e+01
s183        ,  9.114464311238878e-01,  9.428909124607441e-01,  5.240614764424287e-02,  4.633757201599827e-02,  2.581513233543556e+01
s184        ,  1.514590021168478e+00,  1.381304534967791e-01,  0.000000000000000e+00,  2.542791672423703e-01,  2.231556459727022e+01
s185        ,  1.833338059507960e+00,  1.363759440901906e+00,  0.000000000000000e+00,  2.571185676222683e-01,  7.752257326029296e+00
s186        ,  2.453649877689343e-01,  6.263565806801319e-01,  0.000000000000000e+00,  9.207926754207732e-02,  2.256628552423408e+01
s187        ,  3.720198183543537e-01, -3.215581018303628e-01,  0.000000000000000e+00,  2.208495907767655e-02,  3.634186519406951e+01
s188        ,  1.146530015212694e+00,  1.283254719144540e+00,  0.000000000000000e+00,  9.468935640266427e-02,  1.472049240766178e+01
s189        ,  1.953473158179789e-01,  2.675214806739898e-01,  5.692803437164339e-02,  1.054966453366649e-01,  3.204633347000016e+01
s190        , -2.653274521332475e-01,  1.231780595656895e-01,  7.699167657550536e-02,  1.537688706704041e-02,  3.911281034875527e+01
s191        , -1.734213411135429e+00, -1.476035688457506e+00,  0.000000000000000e+00,  1.269698636772357e-01,  4.607427933152674e+01
s192        , -1.380433379832566e+00, -3.699146320436322e-01,  6.992221153966212e-02,  3.439082042482664e-02,  4.351170087395919e+01
s193        ,  1.331098677791819e+00,  1.263510511427038e+00,  0.000000000000000e+00,  2.110500303954026e-01,  1.064183944072947e+01
s194        ,  5.090097107027989e-01,  6.707321126057098e-02,  0.000000000000000e+00,  9.819863173545705e-02,  2.893711238649844e+01
s195        , -9.924573921340460e-02, -3.560428140571750e-01,  5.190311418685121e-02,  1.772850322887747e-02,  4.214727444860796e+01
s196        , -5.779338669443590e-01, -4.432767535389535e-01,  0.000000000000000e+00,  1.344806837829063e-01,  3.361306593946356e+01
s197        ,  2.483047809304522e-01,  5.418564972277480e-01,  1.345048828879899e-02,  2.740464740319909e-02,  2.731670359257996e+01
s198        , -5.206217556690500e-01,  4.302882997630448e-01,  0.000000000000000e+00,  2.040012379285759e-01,  2.073210380146384e+01
s199        , -5.943289801913764e-01, -4.619598710786637e-01,  4.087395957193817e-03,  1.761441776498252e-01,  3.270211570158519e+01
s200        , -1.021605773659559e+00, -8.591277995303805e-01,  0.000000000000000e+00,  4.160655481857062e-02,  4.195994836354068e+01
s201        , -1.880186336712063e-01, -2.003769621717248e-01,  0.000000000000000e+00,  1.479073616916758e-01,  3.025020062124716e+01
s202        ,  8.974446090874552e-01,  2.524168423567281e-01,  0.000000000000000e+00,  6.870088974311503e-02,  2.784370473011898e+01
s203        ,  1.491847227695687e+00,  7.598182559748001e-01,  7.641291810841985e-02,  1.073043872241960e-02,  3.171647067144364e+01
s204        ,  5.673187961114483e-01,  4.407758373747108e-01,  0.000000000000000e+00,  5.971817122981710e-02,  2.595457392678422e+01
s205        ,  7.052663182498152e-02,  1.229805816525342e-01,  0.000000000000000e+00,  1.907695348029473e-01,  2.484753091618882e+01
s206        ,  4.612958000362408e-01, -6.903856270797339e-01,  0.000000000000000e+00,  2.150839381252181e-01,  3.354144974776314e+01
s207        , -1.890335631962240e-01, -7.527017852999132e-01,  0.000000000000000e+00,  4.796747543848830e-02,  4.046880281375128e+01
s208        ,  1.196645888991632e+00,  6.186266305353163e-01,  0.000000000000000e+00,  1.885748718805849e-02,  2.537059157885946e+01
s209        ,  1.251755561530769e-01,  5.244193892478930e-01,  1.089665326055731e-01,  2.128638268637529e-02,  3.738697597037484e+01
s210        ,  4.275859111659360e-01,  1.967905204390963e-02,  0.000000000000000e+00,  1.099310515799685e-01,  2.906146955853247e+01
s211        ,  5.283027681041661e-01,  7.541244375822456e-01,  7.709750566893424e-02,  5.139744744077754e-02,  3.034586154240836e+01
s212        , -5.193859304496163e-01, -5.267883949139960e-01,  0.000000000000000e+00,  2.804943724205071e-02,  3.854185401960027e+01
s213        , -7.895660096178727e-01, -7.427221711428160e-01,  0.000000000000000e+00,  7.362580106229134e-02,  3.940034897322841e+01
s214        , -8.273130453363812e-01, -1.250606459753318e+00,  0.000000000000000e+00,  2.768773055015650e-02,  4.709375582787232e+01
s215        ,  7.097242197335737e-01,  6.027057403358991e-01,  1.115046569592024e-01,  6.681760723557470e-02,  3.503248891490617e+01
s216        , -4.103389107009319e-01, -2.111675591311744e-01,  0.000000000000000e+00,  1.665866850229525e-01,  2.968535813341380e+01
s217        ,  5.083753923761842e-01, -1.188009649541090e+00,  0.000000000000000e+00,  3.812567882569322e-01,  3.325437928802355e+01
s218        ,  1.227559854195250e+00,  6.833353479940236e-01,  0.000000000000000e+00,  1.305381222734484e-01,  2.046910367850540e+01
s219        ,  4.233903461072759e-01, -2.906252633615329e-01,  0.000000000000000e+00,  3.647841955462061e-02,  3.544363940535308e+01
s220        , -9.401298955648565e-02,  8.360693664327772e-01,  0.000000000000000e+00,  1.899630938723524e-01,  1.646548066154614e+01
s221        ,  1.262898065596499e+00,  1.494736330042219e-01,  0.000000000000000e+00,  1.108847226448047e-02,  3.119281048436222e+01
s222        , -8.196925206317609e-01, -1.489615073940507e-01,  7.581234567901235e-02,  7.003983553211462e-03,  4.251434380755404e+01
s223        ,  4.013207508237785e-01, -4.383480244890490e-01,  0.000000000000000e+00,  2.037657344148935e-01,  3.098767384639386e+01
s224        ,  7.221682333138075e-01,  4.169769626231012e-02,  0.000000000000000e+00,  8.926510258596303e-02,  2.956747204837055e+01
s225        ,  7.658761358813224e-01,  3.591270140402962e-01,  0.000000000000000e+00,  2.573980901874761e-01,  1.959301805274769e+01
s226        ,  1.021677840387193e+00,  3.546097319549135e-01,  0.000000000000000e+00,  2.226907720329006e-01,  2.093233208171401e+01
s227        , -1.713769108940136e-01,  3.841708441670026e-01,  0.000000000000000e+00,  8.952930348686072e-02,  2.551770769124719e+01
s228        ,  1.274319171489858e-01, -2.065962627498785e-01,  1.833751713578664e-02,  1.460500864549045e-02,  3.711319301725641e+01
s229        ,  2.041762025685344e-01, -3.968232780580627e-01,  0.000000000000000e+00,  1.924874889432532e-02,  3.733482010161689e+01
s230        , -1.775628277285172e+00, -7.303229071968564e-01,  0.000000000000000e+00,  3.228841511772272e-02,  4.078577436155144e+01
s231        , -2.906010097813954e-01, -2.256058160435641e-01,  2.650300494807704e-02,  3.890489071207873e-02,  3.726096783245653e+01
s232        ,  7.153226846206260e-01,  1.206057506645145e+00,  0.000000000000000e+00,  1.126272900783369e-01,  1.496648472943584e+01
s233        , -3.817422129899863e-01,  1.304682584826939e-01,  0.000000000000000e+00,  2.106699180805905e-01,  2.402182479934524e+01
s234        , -1.045314287465124e-01,  1.438167045781035e+00,  4.364946124965660e-03,  1.850385446146437e-01,  9.985760952960572e+00
s235        , -2.007585327297883e+00, -1.475844246588988e+00,  1.669261737434948e-02,  1.692337422125558e-02,  5.183396187262409e+01
s236        ,  1.304199689079254e+00, -4.351858999425988e-01,  0.000000000000000e+00,  8.939212178888947e-03,  3.816936763639823e+01
s237        , -2.782406460538666e-01, -2.679176357598467e-01,  0.000000000000000e+00,  1.208196551935145e-01,  3.205063537038194e+01
s238        , -2.322383208123123e-01, -1.522257827486140e-01,  0.000000000000000e+00,  2.515242652136894e-01,  2.584282236158091e+01
s239        , -3.517230695261006e-01, -5.492406653181252e-01,  4.252681599834713e-02,  6.713573017816667e-02,  4.164952063356495e+01
s240        , -8.445222562838290e-01, -8.387315494137662e-01,  0.000000000000000e+00,  1.117372162634915e-01,  3.912076129387525e+01
s241        , -1.536302083677280e+00, -1.304486229179936e+00,  0.000000000000000e+00,  1.977425013667386e-02,  4.802256879118902e+01
s242        ,  2.935750684089247e-01,  1.471119251708104e-01,  0.000000000000000e+00,  4.979126893864440e-03,  3.144704265552940e+01
s243        ,  1.616760901218624e-01,  4.311716772029985e-01,  4.878135626413146e-02,  1.038538037124942e-02,  3.281801372141975e+01
s244        ,  1.913693632034482e-02,  7.407538287098452e-01,  3.846065795196996e-03,  1.077001735407259e-01,  2.102607338448752e+01
s245        ,  1.011107650821608e+00,  2.304325828560687e-01,  0.000000000000000e+00,  8.897735274271397e-02,  2.735172842355428e+01
s246        , -1.106818107812668e+00, -6.567564836603306e-01,  0.000000000000000e+00,  3.162683073242936e-02,  3.994246411443043e+01
s247        , -1.990274764442437e+00, -8.555348060374937e-01,  0.000000000000000e+00,  1.211217287728011e-01,  3.897125182678317e+01
s248        , -9.667152724294116e-02,  3.377140866469666e-01,  4.225932797361369e-02,  1.148842864584061e-01,  2.939034463531604e+01
s249        , -3.381305046273163e-03, -8.362732953835113e-01,  0.000000000000000e+00,  1.288370791186815e-01,  3.845815357723240e+01
s250        , -1.066763974390572e+00, -7.232550216823688e-01,  0.000000000000000e+00,  9.763011069673685e-02,  3.828126269731474e+01
s251        ,  1.207378380322024e+00,  3.195155902624545e-01,  0.000000000000000e+00,  2.530002723309402e-01,  2.022324743720120e+01
s252        , -7.806439949963919e-01, -2.128953083125444e-01,  4.065803465315568e-02,  1.333452660510741e-02,  3.948678660865655e+01
s253        ,  1.425727038542695e-01, -2.421578289949271e-01,  0.000000000000000e+00,  1.761671000381867e-01,  2.969594650205544e+01
s254        ,  2.519006949731616e-01, -2.567823448042508e-01,  0.000000000000000e+00,  3.048665547786744e-02,  3.526642793235812e+01
s255        ,  2.957126742656839e-01,  2.323036418315727e-02,  0.000000000000000e+00,  1.826134033037943e-02,  3.241625609225123e+01
s256        , -1.208240274724157e+00, -1.032854970891466e+00,  0.000000000000000e+00,  2.334012803744233e-02,  4.468615024195194e+01
s257        ,  9.313485666439150e-01,  5.804165853596435e-01,  7.308641975308641e-02,  7.361761389472180e-02,  3.116693602941022e+01
s258        , -6.564646920389060e-01, -3.300531491352956e-01,  0.000000000000000e+00,  2.889250114235092e-02,  3.618983382823741e+01
s259        ,  6.730828234081326e-01,  1.057859252000468e+00,  0.000000000000000e+00,  1.140730424761717e-02,  2.046525140078890e+01
s260        , -1.076132473957489e+00, -1.063534235570485e+00,  5.246913580246913e-02,  5.985744512112034e-02,  4.898926753549993e+01
s261        ,  4.986447736713935e-01,  1.539707400168866e-01,  2.935925411624677e-02,  2.050604072839473e-02,  3.375324932087597e+01
s262        , -7.901168230278026e-01, -8.217139597029703e-01,  0.000000000000000e+00,  2.036364421587802e-01,  3.551482998084472e+01
s263        , -1.546259780331375e+00, -7.729012764033705e-01,  7.745036370381123e-02,  5.986379208103092e-03,  5.007761863583922e+01
s264        , -5.529113966692345e-01,  2.022901997484481e-01,  0.000000000000000e+00,  9.733717299873355e-02,  2.737394902917562e+01
s265        , -4.420703395591482e-01,  6.539386799658133e-01,  2.559016068240428e-02,  1.261729276469152e-01,  2.355975492465338e+01
s266        ,  1.642224930755288e-01,  8.706664897058236e-01,  0.000000000000000e+00,  2.011429611809496e-01,  1.564310396946453e+01
s267        , -5.742332897034260e-01, -4.209731519416247e-01,  0.000000000000000e+00,  4.683317659919767e-02,  3.659760506519860e+01
s268        , -1.103100765949088e+00, -8.067991037161928e-01,  0.000000000000000e+00,  8.330792172266518e-02,  3.979747467702690e+01
s269        ,  7.960085847259791e-01,  1.004587108664823e+00,  0.000000000000000e+00,  1.130312039401778e-02,  2.109753510432387e+01
s270        , -4.283987476508868e-01,  1.067786018613632e-01,  0.000000000000000e+00,  1.950899332302331e-01,  2.487857142534006e+01
s271        ,  2.199521430164574e-01, -4.297805299691904e-02,  0.000000000000000e+00,  1.885140988472785e-02,  3.317541769708310e+01
s272        ,  4.892735632468817e-01,  1.089473594875882e+00,  0.000000000000000e+00,  3.134697808411782e-02,  1.935347989952212e+01
s273        , -7.406199765582813e-01, -4.659546342623377e-01,  8.972921006248998e-03,  9.511438784736810e-02,  3.624463849533038e+01
s274        ,  1.772759222941352e-01,  7.006626408566605e-01,  0.000000000000000e+00,  1.613692703446606e-01,  1.912230221211729e+01
s275        ,  2.643568451335951e-01, -2.338227258377832e-01,  0.000000000000000e+00,  1.203638967224665e-01,  3.166532315582797e+01
s276        , -5.816893010125334e-01, -8.159617978200151e-02,  4.610995749966039e-02,  2.992555906485170e-02,  3.787328146959322e+01
s277        , -1.588157064474181e+00, -3.035786621533447e-01,  0.000000000000000e+00,  4.257411893534843e-01,  2.117291342713078e+01
s278        ,  1.926575532177041e+00,  5.298621174732432e-01,  9.832702020202021e-02,  8.336524601620990e-02,  3.394897393617114e+01
s279        ,  1.613883746546309e+00,  9.907744221945569e-01,  0.000000000000000e+00,  7.836116897095531e-02,  1.877574370887353e+01
s280        , -1.609264987376504e+00, -1.138326525825574e+00,  0.000000000000000e+00,  1.606565544713190e-02,  4.619988679614139e+01
s281        , -1.346496740458654e+00,  1.860724763403445e-01,  0.000000000000000e+00,  2.976260934516256e-01,  2.014386451730184e+01
s282        , -1.354536059868065e+00, -4.036319070966359e-01,  0.000000000000000e+00,  1.173486892725842e-01,  3.378019621126281e+01
s283        ,  4.444527822772946e-01,  4.621646431884354e-01,  1.474287329299470e-01,  2.354913775110178e-02,  4.191847798109658e+01
s284        ,  2.385788249720763e+00,  3.916355704709575e-01,  0.000000000000000e+00,  6.172868739827475e-02,  2.645975912554974e+01
s285        ,  4.002184027452821e-01,  4.851869136390832e-01,  1.572189710891781e-02,  8.275259081664706e-02,  2.616356460860452e+01
s286        ,  1.951350507345722e+00,  1.926767178108854e+00,  0.000000000000000e+00,  1.301362117764499e-01,  5.815887442389390e+00
s287        , -7.632184401675010e-01, -1.165816836390164e+00,  0.000000000000000e+00,  7.960852376057236e-02,  4.416969267880962e+01
s288        ,  7.091749484961576e-01, -1.078683342771685e-01,  3.050632017512887e-02,  9.958024589017954e-02,  3.402779669995684e+01
s289        ,  2.314010563846089e+00,  1.406769112447035e+00,  0.000000000000000e+00,  1.959554845724211e-01,  9.511198475283416e+00
s290        ,  7.654861282396249e-01,  6.358213942374440e-01,  0.000000000000000e+00,  4.604870327085796e-03,  2.569586272751425e+01
s291        , -1.053228118031399e+00, -5.179027559907330e-01,  0.000000000000000e+00,  5.983919300615745e-01,  1.730387514907350e+01
s292        , -1.544830063612452e+00, -5.837655259267005e-01,  0.000000000000000e+00,  9.802333719407436e-02,  3.662120840647487e+01
s293        , -1.690406548169091e+00, -1.295312105830946e+00,  0.000000000000000e+00,  6.437440748950060e-02,  4.626175659758092e+01
s294        ,  1.421215154761337e+00,  1.290828716583277e+00,  0.000000000000000e+00,  2.501957941959392e-01,  8.869095223394757e+00
s295        , -1.705271840139647e+00, -1.033780222140946e+00,  0.000000000000000e+00,  7.375419648696188e-02,  4.282904954403807e+01
s296        , -7.627385590929443e-01,  3.446845578832303e-02,  0.000000000000000e+00,  3.334828505377271e-01,  2.060364033507768e+01
s297        ,  3.113058113377143e-01,  6.721533615227266e-01,  0.000000000000000e+00,  1.602531121932824e-01,  1.949996863470461e+01
s298        ,  4.087923101857815e-01,  3.792521152256523e-01,  0.000000000000000e+00,  1.243880819021312e-01,  2.428409317352404e+01
s299        , -3.373353052859910e-01, -5.168650210251329e-01,  0.000000000000000e+00,  2.094560050459564e-02,  3.868801491250654e+01
s300        , -1.247040873629315e+00, -1.401838532091667e+00,  0.000000000000000e+00,  4.732196382603234e-02,  4.815024451908479e+01
s301        ,  1.197929368440681e+00,  1.313077374105986e+00,  0.000000000000000e+00,  1.497081427255371e-01,  1.233005419914582e+01
s302        , -1.485192472843855e+00, -5.479015795725819e-01,  0.000000000000000e+00,  2.703726143608413e-02,  3.882841971545987e+01
s303        , -8.549580863671642e-01,  2.071309112142365e-01,  0.000000000000000e+00,  2.774228026737818e-01,  2.064405100428641e+01
s304        ,  1.882993199254014e+00,  5.696245039300223e-01,  3.142984561150163e-02,  1.107534577810526e-01,  2.571495215861559e+01
s305        , -5.165357198073315e-01, -4.686318055497103e-01,  4.266666666666667e-03,  3.360247925631773e-02,  3.808057232814525e+01
s306        ,  1.036931584747022e+00,  2.784872040859385e-01,  0.000000000000000e+00,  4.188686330758209e-02,  2.852971875751298e+01
s307        ,  5.869139350739364e-01,  3.715776038594245e-01,  8.954878630600412e-02,  7.236424667452602e-03,  3.775125678404391e+01
s308        , -1.992374094653734e+00, -1.051912559465917e-01,  0.000000000000000e+00,  4.071280313247113e-01,  1.952232380857355e+01
s309        ,  1.168183907358183e+00,  4.644406383843869e-02,  0.000000000000000e+00,  3.564146702943618e-02,  3.149842260482028e+01
s310        , -1.689353307212060e-01,  5.217451021374631e-02,  9.592872008324661e-02,  2.042753576242186e-02,  4.167406575052537e+01
s311        ,  4.171830243610439e-01,  2.989276888364047e-01,  6.631780385781301e-02,  1.571914804314638e-01,  3.070783645363929e+01
s312        , -6.851064106122525e-01, -6.372423582664766e-02,  2.960609376315125e-02,  2.776826959186715e-02,  3.607709818411371e+01
s313        , -3.693039585493864e-01, -4.786443212656204e-01,  0.000000000000000e+00,  5.880968036930209e-02,  3.683415054357392e+01
s314        , -1.774434185617937e-01, -2.075038400791529e-02,  0.000000000000000e+00,  3.320240457704945e-02,  3.238145569789866e+01
s315        , -3.815749786763621e-01, -5.742972970707214e-01,  0.000000000000000e+00,  7.386892559170875e-02,  3.740452110709078e+01
s316        ,  6.374559564486622e-01,  8.966597011088362e-01,  0.000000000000000e+00,  1.552950197840079e-01,  1.703530040298907e+01
s317        , -2.030534733815181e+00, -1.325901706260245e+00,  0.000000000000000e+00,  1.426547191158530e-02,  4.847931512478458e+01
s318        , -8.028512356005929e-02, -1.759967677868435e-01,  0.000000000000000e+00,  6.576459733805802e-02,  3.300627354019355e+01
s319        , -5.934013466311562e-01,  4.161988325867418e-01,  0.000000000000000e+00,  9.268083734344904e-02,  2.502311521511812e+01
s320        ,  2.790171268766068e+00,  4.121822873016192e-01,  0.000000000000000e+00,  2.206313945481687e-01,  2.032948611143820e+01
s321        , -1.062277605983095e+00, -8.598748060486461e-01,  0.000000000000000e+00,  8.095642831365964e-03,  4.321045546179289e+01
s322        ,  7.515966182544803e-02,  5.582329883520201e-01,  0.000000000000000e+00,  6.721970867514215e-02,  2.429103609062813e+01
s323        ,  7.526438612763078e-01,  8.246783969461386e-01,  0.000000000000000e+00,  9.089337419058369e-02,  2.027072927447965e+01
s324        , -2.651743878812372e-01, -7.138835797999232e-01,  0.000000000000000e+00,  4.171389338365331e-02,  4.024260176965532e+01
s325        ,  3.264086782559880e-02,  1.131069131636181e+00,  5.141986921078563e-02,  1.368870207819745e-02,  2.470552808114504e+01
s326        , -8.716201269332444e-01,  4.828034573991205e-01,  0.000000000000000e+00,  1.989994982554937e-01,  2.029794196406932e+01
s327        , -1.671151256925621e-01, -5.375666378628123e-01,  0.000000000000000e+00,  3.927907775806404e-03,  3.956278525536964e+01
s328        , -8.227567374308942e-02,  6.254009137395975e-01,  0.000000000000000e+00,  1.914004430373690e-01,  1.889736635206117e+01
s329        , -3.051380631011923e-01, -7.452681884068735e-02,  0.000000000000000e+00,  2.036352605682379e-01,  2.670070179286575e+01
s330        ,  2.650804092125521e-01,  1.011114938418176e-01,  0.000000000000000e+00,  1.877838444463691e-01,  2.521613913406527e+01
s331        , -1.375958879843693e-01, -8.541292446444482e-02,  0.000000000000000e+00,  4.382710326138550e-02,  3.275056373647657e+01
s332        , -2.261103407740682e-02,  8.193940343718431e-02,  0.000000000000000e+00,  3.112201833055769e-02,  3.124716402269713e+01
s333        ,  1.323183942483754e+00,  1.723979746394679e+00,  0.000000000000000e+00,  2.067255816444950e-01,  5.370162902256477e+00
s334        , -8.334838045052184e-01, -5.700804576600698e-01,  2.946189432675919e-02,  9.196474160443965e-03,  4.272391402755515e+01
s335        , -6.616430929673620e-01, -5.394091702720636e-01,  1.798611111111111e-02,  6.516358712616026e-02,  3.913038308444582e+01
s336        ,  7.402611706142617e-01,  2.185111249714757e-01,  0.000000000000000e+00,  4.110958344648175e-02,  2.926602578219185e+01
s337        , -2.672477917829363e+00, -1.187713717495653e+00,  0.000000000000000e+00,  1.063574332258928e-01,  4.343685911400311e+01
s338        ,  5.119490895181960e-01,  1.205801943179292e-01,  0.000000000000000e+00,  9.573413106544928e-02,  2.839723703828881e+01
s339        , -5.205367300996894e-01, -6.304811072277623e-01,  0.000000000000000e+00,  2.263567856389805e-03,  4.072051770847023e+01
s340        , -5.182275979842598e-01, -6.238708683810716e-01,  0.000000000000000e+00,  9.990586258290372e-02,  3.702455587510866e+01
s341        ,  1.970306289887119e+00,  1.216404298527323e+00,  0.000000000000000e+00,  1.134075374322321e-01,  1.481551823176910e+01
s342        , -6.893119617348112e-02,  2.069928300849888e-02,  7.774262813683228e-02,  3.604845810869534e-02,  3.963151862267194e+01
s343        , -9.390007101093139e-01, -8.938430198916865e-01,  0.000000000000000e+00,  2.059470885802827e-01,  3.628008096655103e+01
s344        ,  1.061951331424555e+00,  6.830315200905519e-01,  0.000000000000000e+00,  9.506760036487936e-02,  2.178699315008278e+01
s345        , -7.723215780687482e-01, -3.977135206691087e-01,  0.000000000000000e+00,  3.297467406769855e-02,  3.683672887770153e+01
s346        ,  3.961380156477509e-01,  6.885749400028234e-01,  0.000000000000000e+00,  1.889769329141262e-01,  1.824193516077981e+01
s347        , -1.709617878224923e+00, -1.096140604630983e+00,  0.000000000000000e+00,  6.407214083734829e-02,  4.392343564172425e+01
s348        ,  3.055057864420297e-01,  5.328650118903067e-01,  5.892722236212541e-02,  5.329484014878674e-02,  3.105219766813737e+01
s349        , -2.198294962810686e-01, -3.859676729422179e-01,  4.629045154231368e-02,  2.118596857836977e-02,  4.180583562183101e+01
s350        ,  4.405144181634823e-01,  3.125990007520394e-01,  0.000000000000000e+00,  2.124905055404117e-02,  2.889202217169562e+01
s351        ,  8.658280652293555e-01,  1.178546003590001e+00,  0.000000000000000e+00,  1.077656114456876e-01,  1.547116538560217e+01
s352        ,  9.704682100223125e-01, -3.074310386957690e-01,  7.569204152249136e-03,  2.481617921369440e-02,  3.683777136625189e+01
s353        , -6.298376205439114e-02,  2.913290641865145e-01,  5.420397411380302e-02,  1.773755803546196e-01,  2.882725876812412e+01
s354        , -5.109688604423303e-01,  2.532716811209532e-01,  0.000000000000000e+00,  3.204957632321185e-01,  1.850375072744889e+01
s355        , -1.498401072816738e+00, -5.398144759644308e-01,  0.000000000000000e+00,  2.681406861697632e-02,  3.874129049151953e+01
s356        ,  1.467186882538691e-01,  3.304042981169570e-01,  0.000000000000000e+00,  1.267259892344999e-01,  2.477369752291641e+01
s357        , -9.744403926942342e-02, -5.210850927827031e-01,  2.349619052693271e-02,  3.843024752605525e-02,  4.046077077674077e+01
s358        , -9.190473297739495e-02,  4.299149656124936e-01,  0.000000000000000e+00,  2.243109380227917e-02,  2.746430892510133e+01
s359        ,  4.402510249016559e-01,  7.217239198554410e-01,  0.000000000000000e+00,  7.483534707471239e-02,  2.208023423021468e+01
s360        , -8.756909416699599e-01, -5.058146866606115e-01,  0.000000000000000e+00,  6.646237479596906e-02,  3.687110622458263e+01
s361        , -1.770572058768898e-01,  4.588553233113297e-01,  0.000000000000000e+00,  2.094733567474332e-01,  2.019235280991466e+01
s362        ,  8.704386959032419e-01,  6.431673837244318e-01,  1.498026792665575e-02,  1.081825602212861e-02,  2.689053532584253e+01
s363        , -1.069662019131376e+00, -2.540773654866744e-01,  0.000000000000000e+00,  1.833743800326051e-01,  2.956950035479574e+01
s364        , -9.988945697241733e-01, -1.328350043200766e+00,  0.000000000000000e+00,  1.250989319477199e-02,  4.857324711857854e+01
s365        ,  1.902823636872192e-01, -1.772738018235196e-01,  0.000000000000000e+00,  1.568407129985919e-01,  2.964665331640365e+01
s366        ,  1.236798092554710e+00,  4.290813773895781e-01,  0.000000000000000e+00,  1.437990924237988e-01,  2.297703869430425e+01
s367        ,  9.184480967949833e-01,  4.115522822497872e-01,  0.000000000000000e+00,  2.483277808433963e-01,  1.931067115515204e+01
s368        ,  1.622937156969908e-01,  3.701969905987839e-01,  8.393175983005122e-02,  1.743860719399621e-01,  3.100729541027290e+01
s369        ,  9.732086991131189e-01,  7.926757821703467e-01,  0.000000000000000e+00,  1.235341519338762e-01,  1.943879363709858e+01
s370        , -8.475872099006457e-01, -8.262363477817298e-01,  0.000000000000000e+00,  6.675462334138289e-03,  4.286626293406935e+01
s371        ,  5.916391131784779e-01,  8.307338607350290e-01,  0.000000000000000e+00,  4.599798176069945e-02,  2.186282555377931e+01
s372        ,  7.596908414790238e-01,  1.088292573710683e+00,  0.000000000000000e+00,  5.978361422322245e-02,  1.831373617522323e+01
s373        , -1.946434670867691e+00, -1.003345276052980e+00,  4.544667590027700e-02,  1.714383549030287e-02,  4.915334839639083e+01
s374        , -9.564014283175248e-01, -7.631397834706135e-01,  0.000000000000000e+00,  1.220606658481093e-01,  3.784652569451540e+01
s375        ,  7.284511861928945e-01,  5.725616336004737e-01,  0.000000000000000e+00,  1.177885367224596e-02,  2.617628383790177e+01
s376        ,  2.037232105036610e+00,  1.559168609538146e+00,  0.000000000000000e+00,  1.669242654316134e-01,  8.789129080423162e+00
s377        ,  7.637732850848320e-01,  7.899875737589481e-01,  0.000000000000000e+00,  2.431734311481345e-01,  1.503745640701781e+01
s378        ,  9.950925555332779e-01,  3.971547713899346e-01,  3.526637131080694e-02,  2.075797373214320e-01,  2.454885598951001e+01
s379        , -8.163846007494810e-01, -8.431508311847646e-01,  0.000000000000000e+00,  4.857238284536107e-02,  4.151336851566007e+01
s380        , -9.184292068832668e-01, -8.352407233577304e-01,  6.759512848901579e-03,  1.671663266821075e-01,  3.770779821692406e+01
s381        ,  1.520868814304400e-01,  4.678000731229415e-01,  0.000000000000000e+00,  1.020441501865413e-01,  2.406745955324549e+01
s382        , -7.921265824309522e-01, -6.225830972062583e-01,  3.361140971097216e-02,  1.968671368045600e-02,  4.337325963807375e+01
s383        ,  6.672838300456271e-01, -1.190894747058646e-02,  0.000000000000000e+00,  5.157630193743810e-02,  3.159634156964723e+01
s384        , -8.703903476353084e-01, -1.027490530893153e+00,  0.000000000000000e+00,  2.452564785251684e-01,  3.640010135239222e+01
s385        ,  8.850482925000751e-01,  5.089224986646232e-01,  0.000000000000000e+00,  1.346025481515579e-01,  2.237595890177196e+01
s386        ,  9.061627662896373e-01,  1.005145908991952e+00,  0.000000000000000e+00,  5.543248579548969e-02,  1.945579779323471e+01
s387        , -1.106690246889199e+00, -1.124446515145121e+00,  0.000000000000000e+00,  1.651406447761375e-02,  4.601953653913381e+01
s388        ,  2.054813205480302e+00,  1.511631157832258e+00,  0.000000000000000e+00,  1.472455694032074e-01,  1.007906695518733e+01
s389        ,  5.830110458201297e-01,  6.083153677285129e-01,  0.000000000000000e+00,  1.635120916908447e-01,  2.013227527362459e+01
s390        ,  4.058167767744563e-02,  5.737307708999348e-01,  9.896949290888685e-03,  7.866508315778814e-03,  2.730609176881275e+01
s391        , -3.572825686809578e-01, -9.669408351430198e-02,  1.999231064975009e-02,  1.144371635977273e-02,  3.610084580689487e+01
s392        , -7.654037138178210e-02, -8.404611015904662e-02,  0.000000000000000e+00,  5.800868893627285e-02,  3.220896340877590e+01
s393        ,  3.686774220084653e-01, -2.829238392662679e-01,  0.000000000000000e+00,  8.260093388061256e-03,  3.639837624227987e+01
s394        , -2.015273820649741e-01, -1.288704395899513e+00,  0.000000000000000e+00,  2.082731622082446e-01,  4.085186295474213e+01
s395        , -6.768380070474945e-01, -1.277567835136730e-01,  0.000000000000000e+00,  4.379749325097370e-01,  1.864553316256784e+01
s396        , -1.571978956162156e+00, -5.393730006324131e-01,  0.000000000000000e+00,  2.469583488087789e-01,  3.057897654169446e+01
s397        , -4.953598502673375e-01, -4.840114980430674e-01,  2.468444179898811e-02,  3.277939719761898e-02,  4.035271503052829e+01
s398        ,  1.555253169293308e-01,  1.270586921844447e+00,  0.000000000000000e+00,  9.522602074298694e-02,  1.485004245236605e+01
s399        , -1.863721424692930e+00, -1.122049709090012e+00,  0.000000000000000e+00,  1.393585794822577e-02,  4.608679414297637e+01
s400        , -1.580914135378971e+00, -9.907765562049664e-01,  0.000000000000000e+00,  6.444043937990926e-03,  4.481583169909557e+01
s401        , -1.745467987214961e+00, -9.825658094416569e-01,  0.000000000000000e+00,  1.032716741514964e-02,  4.457509071758518e+01
s402        , -6.980793622242579e-01, -7.803192892544812e-01,  0.000000000000000e+00,  1.146705152184676e-01,  3.832301385958178e+01
s403        ,  2.251226886668626e-01,  1.060990180520470e+00,  1.170655567117586e-02,  8.081036339694000e-02,  1.903792315150907e+01
s404        ,  7.040030298805582e-01,  5.798190066057176e-01,  0.000000000000000e+00,  1.767478889006072e-01,  1.997799978004654e+01
s405        ,  7.810975699633603e-01,  3.761712792455167e-01,  0.000000000000000e+00,  1.038441978446293e-01,  2.508165804389760e+01
s406        , -7.486530226048839e-01, -8.263248769555975e-03,  0.000000000000000e+00,  1.341617332607488e-02,  3.296729978230248e+01
s407        , -5.898664718227482e-01, -1.657266868356964e+00,  0.000000000000000e+00,  2.088913661399316e-02,  5.214282522591547e+01
s408        , -1.653430955336652e+00, -7.963689562393901e-01,  1.462773475040986e-02,  7.018934899372472e-03,  4.397719128936578e+01
s409        ,  3.615421057666913e-01,  1.907640662071062e-01,  7.380835224837701e-02,  1.429611274365108e-02,  3.803437278913215e+01
s410        , -1.927277741805878e+00, -5.351149384250862e-01,  0.000000000000000e+00,  3.052117480108549e-02,  3.854849143907342e+01
s411        , -7.559092474121808e-01, -1.012194054716102e+00,  0.000000000000000e+00,  9.821880925168688e-02,  4.166791051149760e+01
s412        ,  1.873884464024186e+00,  9.661472948490020e-01,  0.000000000000000e+00,  1.071022613518430e-01,  1.800130015732154e+01
s413        , -8.487613459239006e-02,  1.998048341386283e-01,  9.997519995039990e-02,  1.076326301050880e-01,  3.710960151431929e+01
s414        , -7.984251397438490e-02, -1.118878791860163e-01,  0.000000000000000e+00,  2.155933063705067e-01,  2.669834357670109e+01
s415        ,  3.823952603345894e-01,  1.124329033753479e-02,  6.113062547303460e-02,  5.449204594724094e-02,  3.738346333339346e+01
s416        , -9.819900149129637e-01, -6.531595775077612e-01,  0.000000000000000e+00,  5.413754919191559e-03,  4.087131832816302e+01
s417        , -1.482842264827313e+00, -9.958724070127278e-01,  3.921253192302279e-02,  4.296522815747220e-03,  4.891218723639439e+01
s418        ,  5.288306085486906e-02,  4.076676191078867e-01,  0.000000000000000e+00,  3.026609288126769e-03,  2.844575230538791e+01
s419        , -1.062501299146121e+00, -9.257770539600183e-01,  0.000000000000000e+00,  4.625247418231651e-02,  4.257402704560982e+01
s420        ,  1.615525737358244e+00,  1.264751136397500e+00,  0.000000000000000e+00,  1.535670589266395e-01,  1.275714711878624e+01
s421        , -8.420822469136372e-01,  1.039776449616729e-01,  0.000000000000000e+00,  2.516079756159255e-01,  2.281742411474873e+01
s422        , -2.976491469173829e-01, -8.884298988511263e-02,  5.396960934619340e-02,  1.627369333270039e-02,  3.925768095943551e+01
s423        ,  2.602465190009081e-01, -1.753667863037789e-01,  0.000000000000000e+00,  6.009562857567037e-02,  3.320889685829694e+01
s424        , -1.598544685575905e-02,  4.416438185679310e-01,  0.000000000000000e+00,  2.922867167691309e-01,  1.732686676024418e+01
s425        , -6.873434672527887e-01, -9.467529510775563e-03,  6.850302447848945e-02,  2.559287238099617e-02,  3.944249069836357e+01
s426        ,  3.868281565378119e-01,  9.604909724985387e-01,  0.000000000000000e+00,  7.446273971645355e-02,  1.927743183804088e+01
s427        , -4.350921811790253e-01, -4.409182662925897e-01,  0.000000000000000e+00,  1.006781210505893e-01,  3.483774583602508e+01
s428        ,  1.434023500487657e+00,  5.585588310297869e-01,  0.000000000000000e+00,  5.694800788728648e-02,  2.466779429583291e+01
s429        , -1.410084545291047e-01,  1.291792692479738e-01,  1.444924000750610e-02,  9.017688421453973e-02,  2.995968783978640e+01
s430        , -2.958129836419498e-04, -9.590522997127415e-02,  0.000000000000000e+00,  2.528056968892538e-01,  2.513095708354181e+01
s431        ,  4.037460271826608e-01,  7.792570121629172e-02,  0.000000000000000e+00,  2.383103884346505e-02,  3.156466752504931e+01
s432        , -1.066289337790876e+00,  1.197426097659755e-01,  0.000000000000000e+00,  2.194302619662148e-01,  2.382374860628808e+01
s433        ,  1.465780698491131e-01, -5.334021843178443e-01,  0.000000000000000e+00,  3.535922286434415e-02,  3.834902058928056e+01
s434        ,  4.355472814078697e-01,  6.696098297967938e-01,  2.053417836124943e-02,  1.165773053371014e-01,  2.322027688050991e+01
s435        ,  1.360224600447043e-01, -2.952411751076580e-01,  0.000000000000000e+00,  5.287614965030823e-03,  3.665381794047954e+01
s436        , -1.176834064700477e+00, -5.925782851076633e-01,  0.000000000000000e+00,  1.024948943772633e-01,  3.655948122962754e+01
s437        ,  4.255542297351823e-01, -4.717100344516125e-01,  0.000000000000000e+00,  3.945524276028427e-02,  3.746949920120839e+01
s438        ,  4.759340095896715e-01,  1.391786315469901e-01,  0.000000000000000e+00,  5.399583073813310e-02,  2.972438931723869e+01
s439        , -1.323840968987944e+00, -4.834470792068544e-01,  6.805293005671077e-02,  5.799928890630269e-03,  4.572175802044470e+01
s440        ,  1.911375936580773e+00,  2.407740712188815e-01,  0.000000000000000e+00,  6.753781356959057e-02,  2.802414434071315e+01
s441        , -5.968585101940267e-01, -5.243100510692291e-01,  0.000000000000000e+00,  1.480803642556813e-01,  3.406505779802061e+01
s442        ,  1.602708630643594e+00,  1.153309128783226e+00,  2.842724476693840e-02,  5.469715686519362e-02,  2.060364060481005e+01
s443        , -3.418194688489122e-01, -1.121192865293476e+00,  0.000000000000000e+00,  1.185609495183880e-01,  4.219996532551613e+01
s444        ,  7.637447106545253e-02, -2.799115931509011e-01,  0.000000000000000e+00,  7.420924644594000e-02,  3.391919841535091e+01
s445        ,  1.017156754691856e+00,  3.469843757796442e-01,  0.000000000000000e+00,  2.849651050838976e-02,  2.821785263929603e+01
s446        ,  1.325048844178530e-01, -9.686534257830193e-02,  1.544090614660108e-02,  6.416229606975922e-02,  3.369020934305679e+01
s447        , -1.204238242348799e-02, -9.506901022826098e-02,  0.000000000000000e+00,  1.718935626141044e-01,  2.811916673753386e+01
s448        ,  1.955645847805345e-01, -2.114015428675078e-01,  0.000000000000000e+00,  2.645660344433592e-02,  3.488042193627837e+01
s449        ,  1.023488117482967e+00, -7.168280805366045e-02,  0.000000000000000e+00,  1.210436165170327e-01,  2.972745823589645e+01
s450        ,  1.292595058164963e+00,  4.950145833376129e-01,  0.000000000000000e+00,  1.505287365728345e-01,  2.194990293135885e+01
s451        , -1.076547322827218e+00, -1.099007290322918e+00,  1.247165532879818e-02,  8.619513580094036e-02,  4.439594878516588e+01
s452        ,  1.041326926021929e+00,  7.444380423937709e-01,  1.269333333333333e-01,  1.434309710790571e-02,  3.686171230492315e+01
s453        , -2.986039119797084e-01,  1.147628898310415e-02,  5.760000000000000e-02,  1.712957409191223e-02,  3.840887206859846e+01
s454        , -1.068578759667890e+00, -1.075879247107995e+00,  0.000000000000000e+00,  1.674053274453393e-03,  4.599648781750746e+01
s455        , -1.019022963464540e-01, -4.986405017978317e-01,  0.000000000000000e+00,  3.186497492669024e-02,  3.806842934223761e+01
s456        , -1.276108587100781e+00, -5.486426929886843e-01,  4.361228202028123e-02,  1.988272037194859e-02,  4.350288090484609e+01
s457        , -1.562653854847452e+00, -8.714220210808357e-01,  0.000000000000000e+00,  8.615594839172068e-03,  4.332740583912872e+01
s458        , -1.571215894852860e-01, -1.173349741694580e-01,  0.000000000000000e+00,  6.514144063549647e-02,  3.233736145987760e+01
s459        , -7.908915586506604e-01, -1.145798059595233e+00,  0.000000000000000e+00,  2.005139387524787e-01,  3.945357843550580e+01
s460        ,  1.259413921430306e+00,  5.620739582669487e-01,  1.721935127095212e-02,  1.274549361462509e-01,  2.375129033289203e+01
s461        , -2.175818754703068e+00, -1.149041970384674e+00,  0.000000000000000e+00,  6.240057843793578e-03,  4.669036356978003e+01
s462        ,  1.056177437374778e+00,  1.191834474282618e+00,  5.522682445759369e-03,  1.783399658971554e-01,  1.325664093002109e+01
s463        ,  7.682398919925582e-01,  2.969351944234377e-01,  1.010848126232742e-01,  3.484334034611847e-02,  3.877286406659867e+01
s464        , -1.670624175566991e+00, -2.860875863709329e-01,  8.674893102314082e-02,  3.552261823737871e-02,  4.417877008744877e+01
s465        ,  3.572362737692147e-01,  2.984983939693269e-01,  1.757080383173678e-02,  2.137833728363040e-02,  3.082651914739735e+01
s466        , -1.202841334482275e+00, -4.433506058240506e-01,  3.654354303704953e-02,  7.888679315128115e-02,  3.936124275920353e+01
s467        , -9.998937028287650e-01, -7.279217658306298e-01,  3.482263168253872e-02,  6.665035873104476e-02,  4.299793512718895e+01
s468        , -9.085815979292673e-01, -7.176210297584436e-01,  0.000000000000000e+00,  8.044548011266749e-02,  3.885155140067708e+01
s469        ,  1.368123103534694e+00,  8.485646026287581e-01,  2.117439466718949e-02,  8.637392899898516e-02,  2.229298126510572e+01
s470        ,  6.270281968061774e-01, -6.784504847581863e-02,  0.000000000000000e+00,  9.643008880967135e-02,  3.059420244583869e+01
s471        , -2.645435144970039e-02,  9.092117882044892e-03,  0.000000000000000e+00,  1.598176242695879e-02,  3.266750375120947e+01
s472        , -9.877961354209573e-01, -2.565020209487390e-01,  7.586974403638652e-02,  1.578394665054394e-02,  4.346340614631789e+01
s473        ,  9.062936723193107e-01,  1.223271423424461e-01,  0.000000000000000e+00,  4.982729919568534e-02,  3.007763592731773e+01
s474        , -1.654729567131913e+00, -1.284501129906355e+00,  0.000000000000000e+00,  7.993393478150371e-02,  4.555769098731030e+01
s475        ,  1.613264697983012e+00,  1.253953761901630e+00,  0.000000000000000e+00,  1.564402243690324e-01,  1.277805733620998e+01
s476        ,  6.116129809221722e-01, -4.552576224977756e-02,  0.000000000000000e+00,  5.046890754853246e-01,  1.520350777641104e+01
s477        ,  5.840337661930541e-01, -7.876946035499222e-01,  0.000000000000000e+00,  1.220627847882514e-01,  3.813610742089676e+01
s478        , -1.152221920522414e+00, -1.451522912441473e+00,  0.000000000000000e+00,  7.974394990324374e-02,  4.753499831617075e+01
s479        , -5.094753281829528e-01, -4.065327920505246e-01,  0.000000000000000e+00,  3.028140313865548e-02,  3.704056015524458e+01
s480        ,  2.973171178971667e-01,  1.398350144747274e+00,  0.000000000000000e+00,  2.356310984169682e-01,  8.140394032007487e+00
s481        , -1.675140558535767e+00, -2.078311033652591e-01,  0.000000000000000e+00,  1.486995641121297e-01,  3.030877935052077e+01
s482        ,  5.105384321341787e-01,  2.888006067882498e-01,  0.000000000000000e+00,  2.541104692819598e-01,  2.054443923850081e+01
s483        ,  6.412437341666035e-01,  5.491506261004586e-02,  0.000000000000000e+00,  3.009228968329261e-01,  2.156890128353738e+01
s484        ,  2.259666720581154e+00,  1.324045211022556e+00,  0.000000000000000e+00,  3.059185440130486e-01,  6.412537404090731e+00
s485        , -6.133731587036794e-02, -9.219629926926971e-01,  0.000000000000000e+00,  2.293050160642029e-01,  3.574630552389098e+01
s486        ,  1.705016907792880e+00,  8.210846080190450e-01,  0.000000000000000e+00,  1.285411127884263e-01,  1.891814452976445e+01
s487        , -8.949077256537036e-01, -2.374613648099739e-01,  0.000000000000000e+00,  1.575440230915302e-01,  3.033059413190537e+01
s488        ,  4.414328374469543e-01,  1.060572367979318e-01,  0.000000000000000e+00,  2.296506457005626e-02,  3.126490199982619e+01
s489        ,  1.128277752007163e+00,  3.930721565465158e-01,  6.943837889772032e-02,  1.221294870213815e-02,  3.528409531516473e+01
s490        ,  1.504039442617624e+00,  1.468345029023032e+00,  0.000000000000000e+00,  9.805557315008170e-02,  1.241234984367189e+01
s491        , -5.198334157682940e-01, -5.545615287089349e-01,  2.571332379429341e-02,  9.966873941371860e-03,  4.213405673831361e+01
s492        ,  1.151627147663105e+00,  1.888546058094467e-01,  0.000000000000000e+00,  7.972324722609581e-02,  2.818509843250341e+01
s493        , -8.097664188918848e-01,  6.268007411065268e-01,  0.000000000000000e+00,  1.850833447920765e-01,  1.911492364136415e+01
s494        ,  6.975315577850428e-01,  2.044119640687194e-01,  1.041666666666667e-01,  1.647455440700317e-02,  4.085590760419326e+01
s495        ,  5.757891210893783e-02, -1.689875925964963e-01,  0.000000000000000e+00,  1.334619455114660e-03,  3.531094326576344e+01
s496        ,  1.842735197085195e-01,  1.172412541290238e+00,  0.000000000000000e+00,  1.283613009901969e-01,  1.478037715196147e+01
s497        , -3.806010851052651e-01, -5.638955535777352e-01,  0.000000000000000e+00,  3.953369668473716e-02,  3.855405608081136e+01
s498        ,  2.924357353950326e-01,  5.808837635734823e-01,  0.000000000000000e+00,  1.775592840652736e-01,  1.993537441067473e+01
s499        , -7.813708299191796e-01, -2.991433932558993e-01,  5.228337589736372e-02,  2.018035746526934e-02,  4.142358198913492e+01
s500        ,  1.758078897939561e-01, -1.948837014763569e-01,  0.000000000000000e+00,  7.214728658510532e-02,  3.299257203272406e+01
s501        ,  5.268597846364342e-01, -2.223065498197720e-01,  0.000000000000000e+00,  1.211218416353664e-01,  3.150138843376920e+01
s502        , -1.555727833576514e+00, -2.640285259533957e-01,  0.000000000000000e+00,  1.358834394090472e-02,  3.597804812318726e+01
s503        ,  1.172585934883692e+00,  1.300041250355609e+00,  0.000000000000000e+00,  1.125346762587839e-01,  1.386123981742438e+01
s504        ,  2.953705009587213e-01, -3.097749821617573e-01,  0.000000000000000e+00,  1.190485042321089e-02,  3.658007415040778e+01
s505        ,  1.048522988543108e+00,  1.362808162946392e+00,  1.248699271592092e-02,  1.179339723656447e-01,  1.418072648352467e+01
s506        ,  3.661355339494778e-01, -2.899510779843042e-01,  0.000000000000000e+00,  2.011200190121724e-02,  3.604211871062981e+01
s507        ,  7.001138090247849e-01,  5.446314214129577e-02,  0.000000000000000e+00,  1.377887463725218e-01,  2.761891619356117e+01
s508        ,  5.464601963517310e-01,  3.560757143907356e-02,  0.000000000000000e+00,  1.219708347676805e-01,  2.842745366996577e+01
s509        ,  2.946634304577050e-01,  4.230715171117359e-01,  8.625000000000001e-02,  6.559345023496070e-02,  3.464862284565155e+01
s510        , -1.105581921856613e+00, -6.003143978675993e-01,  0.000000000000000e+00,  1.157773376170173e-01,  3.615857965696803e+01
s511        ,  1.309201174401844e+00,  4.530763657274788e-01,  0.000000000000000e+00,  2.123130968155369e-01,  2.015530193979164e+01
s512        ,  7.885562671323768e-01,  6.330706407774587e-01,  1.216287432574865e-01,  3.342369041348621e-02,  3.693320277030705e+01
s513        , -5.799590652888761e-01, -2.978893806910103e-01,  0.000000000000000e+00,  9.052493060343841e-03,  3.654555568302909e+01
s514        ,  1.756955937636850e+00,  1.375225746284486e+00,  0.000000000000000e+00,  1.791959553257254e-01,  1.050429735848351e+01
s515        ,  1.301480913945963e+00,  3.641935262316953e-01,  1.476112495550018e-01,  1.531125133660955e-02,  4.339785015025236e+01
s516        ,  1.639096205345820e+00,  8.134322946883461e-01,  0.000000000000000e+00,  1.690445644731362e-01,  1.750762201805874e+01
s517        ,  1.265571797582470e+00,  1.483352006801157e+00,  5.796401400797005e-03,  1.003540926050553e-01,  1.273502773699266e+01
s518        ,  1.441905473368953e+00,  6.624718951328843e-01,  1.379978095585784e-01,  6.187623871783556e-02,  3.718379743838975e+01
s519        , -3.428509295553606e-01, -1.454340013086428e-01,  0.000000000000000e+00,  3.288363195260811e-01,  2.289802460699372e+01
s520        , -7.417091464175271e-01,  2.735815989844825e-01,  0.000000000000000e+00,  1.069367378623824e-01,  2.617726501369029e+01
s521        , -3.011966055380439e-01, -6.924050990309567e-01,  0.000000000000000e+00,  1.236072197887779e-01,  3.695480082426148e+01
s522        , -6.069082570615004e-01, -3.887538148701553e-01,  2.737408688965782e-03,  7.961981379852648e-02,  3.527888565090520e+01
s523        ,  1.256149620532759e+00,  9.486281654909616e-01,  2.678298132843588e-02,  7.841437160600113e-02,  2.197343763815337e+01
s524        ,  7.847794981407887e-02,  1.393907620230739e-01,  0.000000000000000e+00,  4.807829844400981e-01,  1.390794848890389e+01
s525        ,  7.540604241380652e-01, -6.884366289511545e-02,  4.231111111111112e-02,  4.241660899876352e-02,  3.687669450925238e+01
s526        ,  6.882803931636601e-01,  8.906026017012891e-01,  0.000000000000000e+00,  1.670050016974052e-01,  1.667285752123233e+01
s527        , -3.347470952839998e-01, -2.630391654109041e-01,  0.000000000000000e+00,  3.384029392273989e-01,  2.393087428930786e+01
s528        , -8.880876507782670e-01, -1.668372704550066e+00,  0.000000000000000e+00,  9.229575046562707e-02,  4.962797318162487e+01
s529        ,  9.212434057068957e-01,  1.598102889707996e+00,  0.000000000000000e+00,  1.920987586937909e-01,  7.397040001840903e+00
s530        ,  1.578253206298823e+00,  1.062621475762926e+00,  0.000000000000000e+00,  4.562903046994088e-02,  1.914104078288943e+01
s531        , -1.270304683847079e+00, -6.293285766381556e-01,  0.000000000000000e+00,  3.880037080544135e-02,  3.935310714350644e+01
s532        , -1.264611305197325e-01, -3.764993729328379e-01,  0.000000000000000e+00,  3.655200555644834e-03,  3.767286456566820e+01
s533        ,  8.237391297987288e-01,  6.905420309199326e-01,  0.000000000000000e+00,  1.311387992566501e-01,  2.036183308989442e+01
s534        ,  1.456467143630557e+00,  4.245582910326950e-01,  0.000000000000000e+00,  2.711780660687184e-01,  1.831056413354919e+01
s535        , -1.038398689934333e+00, -3.614085320288685e-01,  0.000000000000000e+00,  2.201978606896616e-02,  3.681437455169807e+01
s536        ,  5.135961834965114e-02,  3.538036940306060e-01,  7.174744897959184e-02,  5.075838359397065e-02,  3.455207562722146e+01
s537        , -8.440212331633648e-02,  1.791247336549930e-01,  0.000000000000000e+00,  1.005203489464429e-01,  2.752927212905494e+01
s538        , -1.317636610189325e+00, -4.350003702995893e-01,  0.000000000000000e+00,  3.827469191546833e-02,  3.708019817368848e+01
s539        ,  2.901282138702423e-01, -2.729745205224496e-01,  0.000000000000000e+00,  1.803456504200996e-02,  3.591883144319448e+01
s540        , -9.824868919009931e-02,  2.269218609433132e-01,  0.000000000000000e+00,  2.426112938181342e-01,  2.170047428972473e+01
s541        , -2.175405710121729e+00, -8.609790231514345e-01,  0.000000000000000e+00,  3.925058985938114e-02,  4.206908291134683e+01
s542        ,  2.591231555634874e-01, -6.180665750013374e-01,  0.000000000000000e+00,  1.483363027470372e-01,  3.516157057502760e+01
s543        , -1.058007309971476e+00, -1.256210391112870e+00,  0.000000000000000e+00,  3.491271670618770e-01,  3.524942086793416e+01
s544        ,  3.414925189823615e-01,  2.518639018730751e-02,  0.000000000000000e+00,  2.634093236488435e-01,  2.330960220883419e+01
s545        , -3.918998056173665e-01, -2.254128878372530e-02,  0.000000000000000e+00,  6.375628126066848e-02,  3.127045537189833e+01
s546        ,  5.616853932534658e-01,  7.567672447451368e-01,  0.000000000000000e+00,  3.122649547411577e-02,  2.328270524382676e+01
s547        , -1.305950209492648e+00, -1.283155758332676e+00,  0.000000000000000e+00,  7.484595985241281e-02,  4.573034739780397e+01
s548        , -3.050762501887698e-01, -2.791236473142935e-01,  0.000000000000000e+00,  6.893349017779159e-02,  3.410538843011040e+01
s549        ,  1.039973910986755e+00,  1.197083486155906e+00,  0.000000000000000e+00,  3.110664925398921e-01,  7.719488522670725e+00
s550        ,  2.095033672336812e+00,  1.463765306544671e+00,  0.000000000000000e+00,  1.741785339307849e-01,  9.645755736598122e+00
s551        , -1.303711602903422e+00, -1.082573511948375e+00,  0.000000000000000e+00,  4.584566772583977e-02,  4.443874561123048e+01
s552        ,  3.401293169548341e-01,  7.150605955124067e-01,  0.000000000000000e+00,  8.950443182627101e-02,  2.161529768099496e+01
s553        , -5.647880997296292e-02,  6.451212168526448e-01,  9.570275849127415e-02,  3.861179050516951e-02,  3.398279699687849e+01
s554        , -1.031552667181044e+00, -8.681161476127106e-01,  0.000000000000000e+00,  2.458638146363021e-02,  4.269663537865674e+01
s555        , -8.490058291493487e-01,  1.462460633451528e-01,  0.000000000000000e+00,  1.705276561948958e-01,  2.532311185022741e+01
s556        , -7.911863624049646e-01, -2.105061103504866e-01,  4.294149221685454e-03,  1.030742843480292e-01,  3.246420256604821e+01
s557        ,  2.474068956648234e-01,  5.325306418367595e-01,  0.000000000000000e+00,  1.851150540262021e-01,  2.022580326392323e+01
s558        , -5.007238229142660e-01, -1.964579660702976e-01,  3.910166891783613e-02,  2.045072102682452e-02,  3.887216211750921e+01
s559        ,  2.118829903875907e-01,  5.410155468615940e-02,  0.000000000000000e+00,  1.310566705694241e-01,  2.787262831509535e+01
s560        ,  1.297132454751414e+00,  5.220680997463396e-01,  9.698791066184005e-02,  8.917267460413953e-03,  3.666435022269039e+01
s561        , -5.288135218546878e-01,  5.377890104019427e-01,  0.000000000000000e+00,  2.080056349429351e-01,  1.931559796640207e+01
s562        , -7.943538387030609e-01, -4.200280453007359e-01,  4.285714285714286e-02,  7.835103394954175e-03,  4.235589173344675e+01
s563        , -1.695221398164227e+00, -3.868974796962164e-01,  0.000000000000000e+00,  1.817417620704020e-01,  3.119680321031156e+01
s564        , -8.235878596232101e-01, -9.130881307011678e-01,  0.000000000000000e+00,  2.958804024619009e-02,  4.304181736816259e+01
s565        ,  5.786852470915557e-01,  5.477194778021754e-02,  3.474122546103510e-02,  1.234113717310490e-02,  3.576904100619982e+01
s566        , -8.302212330074121e-01, -3.058574796914337e-01,  5.276450779230949e-02,  1.460870092792866e-02,  4.175778138363880e+01
s567        ,  5.393556498613846e-01,  7.466539892093658e-01,  0.000000000000000e+00,  4.010796826843429e-02,  2.307291672741164e+01
s568        ,  6.041187276553234e-01,  3.340432936963342e-01,  4.227231915358295e-02,  3.113113376325773e-02,  3.253830153563193e+01
s569        ,  5.614800719887970e-01,  1.440887203529475e-01,  0.000000000000000e+00,  4.525914126407194e-02,  2.999019212060095e+01
s570        ,  4.733969246303092e-01, -5.180389689270726e-02,  0.000000000000000e+00,  9.337095829379981e-03,  3.363206971912880e+01
s571        ,  5.730080514530493e-01,  2.379846088323778e-01,  6.648199445983378e-02,  1.716087586611198e-02,  3.663193478107701e+01
s572        ,  2.101230454819456e+00,  1.572818763005197e+00,  0.000000000000000e+00,  6.718747507074278e-02,  1.232369806796667e+01
s573        , -3.811463660619586e-01, -1.065617259725112e+00,  0.000000000000000e+00,  1.322226867041604e-01,  4.103815470760230e+01
s574        ,  6.881700420271472e-01,  2.017646558841690e-01,  0.000000000000000e+00,  1.754037242697580e-01,  2.448751317671347e+01
s575        ,  3.262214597255070e-01, -1.718862644128549e-02,  0.000000000000000e+00,  7.911903596362023e-02,  3.063806970759044e+01
s576        , -9.238693298049331e-01, -8.059861845450689e-01,  0.000000000000000e+00,  1.090739123739369e-01,  3.883316613337850e+01
s577        , -6.565756372879821e-01, -1.985344763107482e-01,  0.000000000000000e+00,  7.602932788922012e-02,  3.289179525343992e+01
s578        ,  6.712394147332970e-01,  5.072109785482737e-01,  1.037886485701844e-01,  6.578552762380668e-02,  3.541866245653971e+01
s579        ,  5.839122855740916e-01,  2.208808514547389e-01,  4.789201183431953e-02,  2.624868357384158e-02,  3.462117562651709e+01
s580        ,  8.930567879170550e-01,  8.411833425993187e-01,  0.000000000000000e+00,  1.826589784388052e-01,  1.667579649621002e+01
s581        ,  2.904861379712105e-01,  3.707404284011782e-01,  0.000000000000000e+00,  1.690632964632444e-02,  2.836707127732962e+01
s582        ,  1.328044708555014e+00,  6.703614581996968e-01,  0.000000000000000e+00,  2.036563893853892e-01,  1.791286540924992e+01
s583        , -1.299353843688629e-01, -2.023248076032362e-01,  1.862839989339169e-02,  4.832684384194087e-03,  3.745425428810418e+01
s584        ,  3.159094534140010e-01,  1.190034056674635e+00,  2.534402221941674e-02,  2.312753501489027e-02,  2.102907260473268e+01
s585        ,  6.465779848987863e-01,  1.608086199117347e+00,  0.000000000000000e+00,  1.688598000165945e-01,  8.140355875849684e+00
s586        , -1.841977151216957e+00, -1.159636379679659e+00,  0.000000000000000e+00,  6.108376064669558e-02,  4.478319156566998e+01
s587        , -1.519059721495913e+00, -1.354161627852332e+00,  0.000000000000000e+00,  1.333123632073126e-02,  4.884729914648137e+01
s588        ,  9.387912361205542e-01,  1.586195166534465e-01,  0.000000000000000e+00,  3.219402009688501e-01,  1.956679089982634e+01
s589        ,  7.816518315318011e-01, -5.357595860005349e-02,  0.000000000000000e+00,  3.204196632723805e-02,  3.281167990601401e+01
s590        ,  1.602915956175816e+00,  4.068846264589556e-01,  0.000000000000000e+00,  2.000726715181006e-01,  2.115375152878753e+01
s591        ,  6.259814475720535e-01,  3.688707363507855e-01,  5.592293098049329e-02,  7.490056785884549e-03,  3.438083439057892e+01
s592        , -1.866544971407417e+00, -1.651375153564354e+00,  0.000000000000000e+00,  2.304859375011019e-02,  5.199330843201263e+01
s593        , -1.403474560349544e+00, -7.397953634273047e-01,  0.000000000000000e+00,  1.441257192293350e-01,  3.675355744945350e+01
s594        , -1.647273275131083e+00, -5.028028643852802e-01,  2.048707294552170e-02,  1.458521030275697e-02,  4.082501644066796e+01
s595        , -6.257274702470922e-01,  1.271934583511861e+00,  0.000000000000000e+00,  2.186271048400495e-01,  1.026170832851231e+01
s596        , -8.694069998626694e-01, -8.059225683032420e-01,  0.000000000000000e+00,  7.788963380481709e-02,  3.998790093737092e+01
s597        ,  1.839102866755815e+00,  6.901804992622518e-01,  0.000000000000000e+00,  2.636852783253467e-01,  1.545479293907648e+01
s598        , -9.091043104888928e-01, -1.000516744118127e-01,  0.000000000000000e+00,  1.090463819215709e-01,  3.050664975315422e+01
s599        ,  1.564046405735407e+00,  1.483312217478744e+00,  0.000000000000000e+00,  1.232951129370157e-01,  1.130057768603591e+01
s600        ,  2.905731218387105e-01, -1.400503113405770e+00,  0.000000000000000e+00,  7.798111353671298e-02,  4.699846387747687e+01
s601        ,  3.859556967138555e-01, -1.063520425162268e-01,  0.000000000000000e+00,  5.097476577900055e-02,  3.273272586140671e+01
s602        , -1.440073457507333e+00, -8.215312485670228e-01,  0.000000000000000e+00,  6.961104693851108e-02,  4.047877853541529e+01
s603        , -1.400421335117203e+00, -8.330548714934451e-01,  0.000000000000000e+00,  1.902583806863418e-02,  4.248907336918015e+01
s604        , -1.410598066968925e+00, -9.862243366889460e-01,  0.000000000000000e+00,  6.641835985753654e-02,  4.253987597634838e+01
s605        , -1.621387133323043e-01, -1.168505766988131e+00,  0.000000000000000e+00,  2.560489302290399e-01,  3.766368597622750e+01
s606        , -9.979698047533583e-01, -2.178367142286661e-01,  0.000000000000000e+00,  1.941825188096532e-01,  2.874150965761246e+01
s607        ,  8.102904644198852e-01,  5.827810832327180e-01,  0.000000000000000e+00,  1.706051479238271e-01,  2.017066750100902e+01
s608        ,  6.515689709358394e-01, -4.680622413549251e-02,  0.000000000000000e+00,  6.673753331641394e-02,  3.144623030755040e+01
s609        ,  1.387300347613353e-02, -4.240011768448029e-01,  0.000000000000000e+00,  3.933610741448048e-02,  3.691111738821724e+01
s610        ,  1.548918422462740e-02, -2.056792158130016e-01,  0.000000000000000e+00,  6.766668726407914e-02,  3.328594269586716e+01
s611        ,  1.874583079024923e-01, -1.930907408901739e-02,  0.000000000000000e+00,  1.662750987995153e-01,  2.743365028809643e+01
s612        , -6.619121708260401e-01, -2.005653927915088e-01,  0.000000000000000e+00,  9.198166511890364e-02,  3.232466369843969e+01
s613        ,  1.853178585757171e+00,  1.336268846202842e+00,  0.000000000000000e+00,  3.005164880023534e-01,  6.468506474792432e+00
s614        , -3.191525488535212e-01, -6.783372628827333e-02,  2.111414836459610e-02,  6.566275537433719e-02,  3.386458971656537e+01
s615        , -1.037736039722638e-01, -3.185789966723545e-01,  0.000000000000000e+00,  3.904261170776659e-02,  3.567838265195642e+01
s616        , -8.799864633294985e-01, -1.151123130487450e+00,  0.000000000000000e+00,  2.682317522239834e-02,  4.595223831008718e+01
s617        , -1.183843594802837e+00, -1.256233328762299e+00,  0.000000000000000e+00,  1.231761391454972e-01,  4.362195761319812e+01
s618        , -1.123650075268739e+00, -7.072081874907794e-01,  8.582033854451732e-02,  1.889825277826023e-02,  4.966879957723430e+01
s619        ,  9.176659138352715e-01,  3.929212136754827e-01,  0.000000000000000e+00,  4.486181443581337e-01,  1.210900213083355e+01
s620        ,  1.595155267894712e+00,  1.350865359903761e+00,  0.000000000000000e+00,  1.382120823439956e-01,  1.231025804546049e+01
s621        ,  1.133359360912494e+00,  3.146628800517774e-01,  0.000000000000000e+00,  1.849183040966459e-02,  2.896984020945120e+01
s622        , -1.002419121282031e+00, -1.440398705755732e-01,  0.000000000000000e+00,  1.200256225236946e-01,  3.061873647127356e+01
s623        ,  1.034471969936265e-01, -2.776181245109686e-01,  0.000000000000000e+00,  1.848320881280121e-02,  3.595698578467514e+01
s624        ,  1.639327811745190e+00,  6.755753717843198e-01,  0.000000000000000e+00,  1.215919816647273e-01,  2.089212943351692e+01
s625        , -4.972654620844768e-01,  2.871051866602614e-01,  0.000000000000000e+00,  2.861130775996756e-01,  1.937863201867582e+01
s626        ,  3.826916613216537e-01, -2.013934172340330e-01,  0.000000000000000e+00,  1.729712175239480e-02,  3.510175180468723e+01
s627        ,  3.687647283893495e-01, -4.334417482918473e-02,  3.242431620809999e-02,  5.369614348704364e-02,  3.516033569547594e+01
s628        , -2.769187143037049e-02,  1.155909962650941e+00,  0.000000000000000e+00,  2.101592983490800e-01,  1.194415096992030e+01
s629        , -6.084255915863079e-01, -1.321360526110167e+00,  0.000000000000000e+00,  1.608221938810174e-02,  4.835842845141098e+01
s630        ,  2.575662011885660e-01,  5.338882987435092e-01,  9.202526715101018e-02,  1.046413240158534e-02,  3.596685034861372e+01
s631        ,  1.966623425207500e-01,  1.036473389017978e-02,  0.000000000000000e+00,  6.716306324281905e-02,  3.075604736468832e+01
s632        , -1.969402937452175e-01,  6.385571445964020e-01,  0.000000000000000e+00,  3.848212435837534e-02,  2.440832123049467e+01
s633        ,  2.667860134858853e+00,  1.248661569741180e+00,  0.000000000000000e+00,  2.887035439221720e-01,  7.939673620792700e+00
s634        ,  6.040142711820374e-01,  1.641820160745109e-01,  2.948960302457466e-02,  4.759430942699760e-03,  3.422941120316752e+01
s635        ,  1.911892919802316e+00,  8.087749460353240e-01,  0.000000000000000e+00,  5.225168371141007e-01,  4.465193481754781e+00
s636        , -2.071432026808114e-01, -9.183169845179755e-01,  0.000000000000000e+00,  8.445760016719547e-02,  4.107039264508798e+01
s637        , -3.698619835175476e-01, -4.067959249300719e-01,  0.000000000000000e+00,  1.885981498835608e-02,  3.746687349316579e+01
s638        ,  1.470155794820396e-01,  8.197437195508266e-01,  0.000000000000000e+00,  2.370103695054941e-01,  1.491480159992529e+01
s639        ,  1.040284966432418e-01, -6.305876511819291e-01,  0.000000000000000e+00,  4.765317255678355e-02,  3.903993289268550e+01
s640        , -7.663785491668940e-02,  5.926198254395931e-02,  3.654967281380131e-02,  2.913949591756670e-02,  3.527611531405023e+01
s641        ,  1.396787091256106e+00,  8.450849531106757e-01,  0.000000000000000e+00,  1.046524371434033e-01,  1.952018309706635e+01
s642        ,  1.137451761223006e+00,  6.880281617069779e-01,  0.000000000000000e+00,  1.987724490141110e-01,  1.788542750407207e+01
s643        ,  6.186651151125386e-02, -1.358831664702649e-01,  3.002469135802469e-02,  1.699997497880269e-01,  3.170038910043051e+01
s644        , -1.171820789178678e+00, -9.595513020165769e-01,  0.000000000000000e+00,  1.140066998440712e-01,  4.046191588069114e+01
s645        ,  4.823756822475945e-01, -3.285234094715994e-02,  2.965561224489796e-02,  1.802060161484010e-02,  3.607910009522966e+01
s646        ,  8.205150420430785e-01,  1.480995488368847e+00,  0.000000000000000e+00,  1.167493471368060e-01,  1.157045015155195e+01
s647        ,  3.518506790799084e-01,  3.321183432850900e-01,  0.000000000000000e+00,  3.192331892188677e-02,  2.826624428099082e+01
s648        ,  4.210663223398269e-02,  9.791316006709760e-01,  0.000000000000000e+00,  1.745609222398962e-01,  1.534855473026152e+01
s649        ,  5.870347574891154e-01,  1.473382171891594e+00,  0.000000000000000e+00,  8.361360507782649e-02,  1.288805413907942e+01
s650        , -7.940906852652418e-01, -1.293625110306051e+00,  0.000000000000000e+00,  1.842237801143351e-01,  4.180102271137864e+01
s651        ,  1.648126188438620e+00,  1.365597285678480e+00,  0.000000000000000e+00,  1.163119681704906e-01,  1.294794818677220e+01
s652        ,  2.998843396621518e+00,  1.233073550372565e+00,  0.000000000000000e+00,  1.970954556307185e-01,  1.151795339372749e+01
s653        ,  4.493206753989470e-01,  3.834153527265096e-01,  0.000000000000000e+00,  1.350472074760890e-01,  2.384002423424868e+01
s654        ,  8.907143716152748e-01,  2.496741988461746e-01,  0.000000000000000e+00,  2.094179042811759e-01,  2.266200673258171e+01
s655        ,  3.986925365877028e-01,  3.013605850712446e-01,  0.000000000000000e+00,  9.194380720722425e-02,  2.640511086598823e+01
s656        ,  8.200524881394200e-01,  4.302457705427631e-01,  0.000000000000000e+00,  3.916798811620437e-02,  2.684024683995957e+01
s657        ,  2.253026077099693e-01, -7.561202031921033e-02,  0.000000000000000e+00,  3.202918538352652e-02,  3.307210126282344e+01
s658        , -2.085098433395276e+00, -1.527948742972926e+00,  0.000000000000000e+00,  2.805587540238370e-03,  5.128738558329375e+01
s659        , -3.565026754081164e-01, -4.929663509698097e-01,  0.000000000000000e+00,  1.126771016680980e-02,  3.876469419783253e+01
s660        ,  9.769972243844465e-01,  6.306275926294775e-01,  0.000000000000000e+00,  9.287040000112508e-02,  2.248658846191721e+01
s661        ,  7.549182821078514e-01,  1.313469068729324e+00,  0.000000000000000e+00,  1.897725585849664e-01,  1.084090856920122e+01
s662        , -2.199791631405239e+00, -1.390754406016109e+00,  3.864734299516908e-02,  3.237777143765933e-03,  5.355260238804217e+01
s663        ,  6.537369904412299e-01,  8.563165863617044e-01,  0.000000000000000e+00,  6.573821935340077e-02,  2.082959565657032e+01
s664        , -1.032617581813699e+00, -1.040057875808960e+00,  0.000000000000000e+00,  1.648979670593982e-02,  4.502494754725338e+01
s665        , -1.725197455699346e-01,  4.985693796177832e-01,  8.004326663061115e-02,  9.246128510763575e-02,  3.213618917441850e+01
s666        , -9.556704567146264e-01, -5.472762842952061e-01,  0.000000000000000e+00,  2.907005814600606e-02,  3.874572129674233e+01
s667        , -1.074909955617834e+00, -3.427054163636831e-01,  0.000000000000000e+00,  6.792590218793007e-02,  3.489276358590562e+01
s668        ,  8.157451056201823e-01,  6.535372886375508e-01,  0.000000000000000e+00,  3.554696162218643e-01,  1.248612673644244e+01
s669        ,  8.201013628253863e-01,  6.253791544015601e-01,  0.000000000000000e+00,  1.110364305109686e-01,  2.187538732766141e+01
s670        , -8.377594254676490e-01, -3.993181757608490e-01,  1.037104440799320e-01,  1.706424761513395e-02,  4.790990863671265e+01
s671        , -5.700208727194026e-01,  7.057205519989296e-02,  0.000000000000000e+00,  6.147165051811142e-02,  3.025669990525075e+01
s672        , -7.390594172975108e-01, -4.013074429757029e-01,  0.000000000000000e+00,  1.747289627015883e-01,  3.162663837774926e+01
s673        ,  5.527317739358688e-01,  9.936562124828274e-02,  0.000000000000000e+00,  4.639594988390209e-03,  3.202286140911096e+01
s674        , -1.509604783948018e-01,  1.496927761514963e-01,  6.410109658661661e-02,  2.450572584706101e-02,  3.716107464118701e+01
s675        , -7.328015214360989e-01, -4.809989823157421e-01,  4.039256198347107e-02,  5.332569646366216e-03,  4.291917712562367e+01
s676        ,  2.481079887957650e-01,  3.954378659979518e-02,  2.487540049839801e-02,  1.573800571241362e-01,  2.957899336757082e+01
s677        , -1.497784796529649e+00, -1.034379744528922e+00,  2.389053254437870e-02,  8.453840252092994e-02,  4.484716055212101e+01
s678        , -6.955981656855925e-02,  1.138200900604724e-02,  0.000000000000000e+00,  1.553986892239257e-02,  3.265686479626753e+01
s679        ,  6.295281558129772e-01,  4.115295970740176e-01,  5.485051997933559e-02,  2.275432039939851e-02,  3.320380696085734e+01
s680        , -5.120635862296855e-01,  7.425681496102410e-02,  1.083256832144623e-01,  8.777089340472791e-03,  4.309615483147262e+01
s681        , -4.577628444983341e-01, -8.175420670304976e-01,  0.000000000000000e+00,  6.992593063887660e-02,  4.042005273936389e+01
s682        ,  1.425186289801849e+00,  8.055538935493134e-02,  2.663758344900522e-02,  2.484003646976779e-02,  3.418407667205173e+01
s683        , -8.653733268557260e-01, -2.096449015848085e-01,  0.000000000000000e+00,  3.272441219561147e-01,  2.371448309606189e+01
s684        ,  6.149991181690390e-01,  1.473676839555945e+00,  0.000000000000000e+00,  9.853015401047169e-02,  1.233186843117244e+01
s685        ,  1.739338045322250e+00,  5.939326653213062e-03,  0.000000000000000e+00,  6.285194125839431e-02,  3.096799351883125e+01
s686        ,  9.590771410105176e-01, -1.169459818167540e-01,  0.000000000000000e+00,  2.191576264072440e-02,  3.393443342110565e+01
s687        ,  5.412604899045221e-01,  6.591798820771164e-01,  0.000000000000000e+00,  3.302645983601847e-01,  1.335349702839008e+01
s688        , -1.405336687520458e+00, -6.492890383252470e-01,  0.000000000000000e+00,  7.581136349865931e-02,  3.821718502649650e+01
s689        ,  3.354058241185732e-01,  4.773590476670044e-01,  9.070294784580497e-03,  7.695975734049897e-03,  2.836584482356705e+01
s690        , -6.091694712828630e-01, -1.533641040054905e+00,  0.000000000000000e+00,  3.597446514840570e-01,  3.812870919259573e+01
s691        , -6.034950511663356e-01, -1.234854115242198e+00,  0.000000000000000e+00,  4.952527657420226e-02,  4.609877722059120e+01
s692        , -9.120972373870817e-01, -6.587224916892427e-01,  0.000000000000000e+00,  4.926286426483168e-03,  4.095500347961453e+01
s693        , -4.067329829645623e-01, -1.343744898854093e-01,  2.882347803301598e-02,  4.381287674642231e-02,  3.623704536364371e+01
s694        , -7.579589601320627e-01,  8.715888553879629e-01,  0.000000000000000e+00,  2.343179861317438e-01,  1.440297402686150e+01
s695        ,  1.455973696410247e+00,  9.485071160063250e-01,  0.000000000000000e+00,  1.086795538075558e-01,  1.815094789356683e+01
s696        , -6.516257166940767e-01, -6.297674479912119e-02,  0.000000000000000e+00,  3.230972017338621e-01,  2.213797405395520e+01
s697        ,  7.238448013551266e-01,  5.287514934938780e-01,  7.074202229911572e-02,  1.356647030327839e-02,  3.376494697642711e+01
s698        ,  1.662019888207613e+00,  8.832313526876230e-01,  0.000000000000000e+00,  9.305048580829550e-02,  1.950008255101809e+01
s699        , -1.247862087380916e+00, -7.955770942212821e-01,  1.940271693315460e-02,  1.914866665888042e-02,  4.400021256120423e+01
s700        , -1.114444246482743e+00, -1.050861975507568e+00,  0.000000000000000e+00,  7.311654690953845e-02,  4.305418108408949e+01
s701        , -4.217745973052512e-01, -1.159867530832737e+00,  0.000000000000000e+00,  1.129312545394826e-01,  4.286478957097398e+01
s702        , -8.481384521188839e-01, -4.445144778366887e-01,  0.000000000000000e+00,  2.710491275677139e-02,  3.760630997941025e+01
s703        , -9.416435374285391e-01, -2.154884887711279e-01,  0.000000000000000e+00,  3.614199718575035e-01,  2.251708350316813e+01
s704        ,  9.487448855648490e-01,  7.178139542330335e-01,  8.476898542260955e-02,  1.193411165112682e-02,  3.301052680259402e+01
s705        , -2.365138337942842e-01, -2.643343413909687e-01,  0.000000000000000e+00,  8.154784693740419e-02,  3.346352130525792e+01
s706        ,  5.583280652770263e-01,  6.901013752752365e-01,  4.422513871542352e-03,  1.099703379668337e-01,  2.159764163139961e+01
s707        ,  9.205089121966433e-01,  4.698276606882446e-01,  9.205895956081964e-02,  8.456967589766534e-02,  3.398007313080827e+01
s708        ,  1.060945132046508e+00, -2.066193934049934e-01,  0.000000000000000e+00,  9.112342116861756e-02,  3.242788044868995e+01
s709        ,  1.331106470481227e+00,  2.319306100644787e-01,  4.156486287209588e-02,  3.465656060963900e-02,  3.354085708298143e+01
s710        ,  1.914467968020750e-01,  5.485492028999110e-01,  0.000000000000000e+00,  3.060927044046491e-01,  1.555420088171917e+01
s711        , -7.721035544159953e-02,  7.416951091148503e-01,  0.000000000000000e+00,  2.472560597704906e-01,  1.545586160560807e+01
s712        , -1.414340169349908e+00, -6.873816400587121e-01,  4.186622855869904e-02,  1.472266975265715e-02,  4.515452631354407e+01
s713        ,  5.574707555573186e-01,  2.069585434412695e-01,  0.000000000000000e+00,  5.993155031937643e-03,  3.070349047049450e+01
s714        , -1.685969281548289e+00, -9.850564887735738e-01,  5.761316872427983e-02,  5.181759810129537e-03,  5.060847935114560e+01
s715        , -2.519985050786606e-01, -4.002764315140475e-01,  0.000000000000000e+00,  6.800946747755492e-03,  3.783678920077892e+01
s716        , -1.286737305127487e+00, -9.087897391676636e-01,  0.000000000000000e+00,  6.186832743290798e-03,  4.385820709457531e+01
s717        ,  3.452976089232733e-01, -2.921631314762423e-01,  0.000000000000000e+00,  5.571739819022310e-02,  3.474891020102503e+01
s718        ,  1.123110480867275e+00,  7.993791603868226e-01,  0.000000000000000e+00,  1.454358257845857e-01,  1.854818474720993e+01
s719        ,  6.888993521047061e-01,  8.456285477711742e-01,  0.000000000000000e+00,  1.260269766400350e-01,  1.872177006851528e+01
s720        ,  7.093644696892669e-01,  8.875442269841189e-01,  0.000000000000000e+00,  2.480723927893952e-01,  1.370510865411124e+01
s721        , -7.747236109533535e-01, -3.635171759955473e-01,  7.561436672967864e-02,  4.022300952615162e-02,  4.379448730409534e+01
s722        ,  3.328206388143558e-02,  3.959256301327547e-01,  0.000000000000000e+00,  2.737998845441713e-01,  1.855118107593216e+01
s723        ,  9.358910152584168e-02,  3.740812094446127e-01,  3.119792177237526e-02,  2.008056239019746e-01,  2.466152739414864e+01
s724        , -2.029371048190847e-01,  8.949665639037290e-01,  1.237593128882949e-02,  1.283904694331589e-01,  1.930095088031995e+01
s725        , -2.472238890656029e-01, -9.603282859280657e-01,  0.000000000000000e+00,  1.791210893896596e-01,  3.805836847051141e+01
s726        , -1.287360963264701e+00, -1.223675383354766e+00,  0.000000000000000e+00,  8.755698724760536e-02,  4.455770136010588e+01
s727        ,  1.020824855481523e+00, -1.420275084883023e-01,  0.000000000000000e+00,  6.251951082862060e-02,  3.272579779958937e+01
s728        ,  1.643163575608417e-01,  6.301908215985754e-01,  0.000000000000000e+00,  8.014566155142669e-02,  2.296323633787614e+01
s729        , -1.007289241750789e+00, -5.915032818058399e-01,  0.000000000000000e+00,  8.251320524693367e-02,  3.728719059524781e+01
s730        , -4.777207265671770e-02, -1.919553703509775e-01,  2.424697766546001e-02,  2.802546984153224e-02,  3.703949108898212e+01
s731        , -1.404307349772385e+00, -8.842909622622104e-01,  0.000000000000000e+00,  1.190031990885572e-01,  3.938897185374606e+01
s732        , -8.950540078294739e-01, -6.564215953057162e-01,  0.000000000000000e+00,  4.667208545078304e-03,  4.093746075104113e+01
s733        ,  7.802433523350311e-01,  2.879302108245927e-01,  0.000000000000000e+00,  1.712766690666855e-01,  2.362398529812820e+01
s734        , -3.943979845876157e-01, -7.726630229791787e-01,  1.257887517146776e-02,  6.144764788199004e-02,  4.147403661198752e+01
s735        ,  2.101468865327815e-01,  6.519457161650237e-01,  0.000000000000000e+00,  7.363467654191920e-02,  2.294785982720645e+01
s736        , -9.765048604112493e-01, -7.956795264360670e-01,  0.000000000000000e+00,  7.666993326441289e-02,  3.991226330238878e+01
s737        ,  1.458335451821299e-01,  2.115853093929050e-01,  0.000000000000000e+00,  2.751429532248152e-01,  2.067598112030715e+01
s738        , -6.859666936017034e-01, -5.402450265836878e-01,  6.874906387440258e-02,  2.737098333979731e-02,  4.566273343258835e+01
s739        , -4.324785166901873e-01, -3.252893581168430e-01,  0.000000000000000e+00,  1.094592062602435e-01,  3.314836314932349e+01
s740        , -8.464136206988212e-01, -7.309246122488435e-01,  0.000000000000000e+00,  2.731012694908748e-02,  4.097733513297662e+01
s741        ,  7.826811446288888e-01,  8.781661177279987e-01,  7.495069033530573e-02,  1.396176476580511e-02,  3.005310823434854e+01
s742        , -1.076711651730049e+00, -6.067797141406945e-01,  0.000000000000000e+00,  1.600586372781322e-02,  3.993172535879783e+01
s743        ,  1.126163901269626e+00, -8.093706728823857e-02,  1.294260204081633e-01,  7.946734541349124e-03,  4.708675383487675e+01
s744        ,  4.575225784544250e-01,  4.965696177940111e-01,  2.551775147928994e-02,  2.936381765752550e-02,  2.899596026040567e+01
s745        ,  6.120442964942220e-02,  1.260395494030794e+00,  6.037918125830215e-03,  1.480346976172504e-01,  1.362276660504667e+01
s746        , -7.321682226189938e-01, -5.935810465743527e-01,  0.000000000000000e+00,  6.112887019429280e-02,  3.810406437726809e+01
s747        ,  3.433900501625798e-01,  3.572765397021342e-01,  0.000000000000000e+00,  1.455153651179498e-01,  2.376048859838705e+01
s748        ,  1.070072189769298e+00,  7.370914349576485e-01,  4.787100025195263e-02,  3.572960787821532e-02,  2.817829094713246e+01
s749        , -3.065637698166305e-01,  3.758429123466671e-01,  0.000000000000000e+00,  2.413757471302447e-01,  1.998951259282087e+01
s750        ,  5.825873454256546e-01, -3.407884739574176e-01,  0.000000000000000e+00,  1.942755102563311e-01,  3.018846095871735e+01
s751        ,  1.285276821036511e+00, -3.158454913574635e-01,  0.000000000000000e+00,  6.097720293333377e-02,  3.483338455299161e+01
s752        , -1.346601886455474e+00, -1.081721787327936e+00,  0.000000000000000e+00,  2.029281080664719e-02,  4.537551989041073e+01
s753        ,  1.060914810725354e+00,  7.202845229547457e-01,  0.000000000000000e+00,  1.003292377936102e-01,  2.115257731189124e+01
s754        , -2.988071870667106e-01,  2.227710064365733e-01,  1.220930232558139e-01,  2.491442939887671e-02,  4.213543564780363e+01
s755        ,  3.446486458262937e-01,  6.146647349256089e-01,  0.000000000000000e+00,  2.366852958109297e-01,  1.734605514396690e+01
s756        ,  7.815527627219405e-01,  7.839435400810801e-01,  1.563842584636536e-01,  1.910295269689113e-02,  3.919100990127708e+01
s757        , -1.199593062238569e-01, -5.985026958942505e-01,  0.000000000000000e+00,  2.272265533863874e-02,  3.958520541397871e+01
s758        , -4.537603905509296e-01, -3.986153194969417e-01,  0.000000000000000e+00,  1.185735759344844e-02,  3.762983644998922e+01
s759        ,  8.887536211540953e-01,  2.131029915185576e-01,  0.000000000000000e+00,  1.921453020424428e-01,  2.373342752868615e+01
s760        , -2.895515595576988e-01,  1.714511267433343e-01,  0.000000000000000e+00,  6.354187356544672e-02,  2.898997387579618e+01
s761        ,  1.508586595387194e+00,  6.817346855017190e-01,  0.000000000000000e+00,  3.634690378730279e-02,  2.397809588921473e+01
s762        , -1.358921391484776e+00, -1.613327541303816e+00,  0.000000000000000e+00,  1.341757207892019e-02,  5.190134347486314e+01
s763        ,  6.364126482871526e-01,  6.522553905173325e-01,  1.239409722222222e-01,  3.764762423449273e-02,  3.678369034174422e+01
s764        , -9.313282224456001e-01, -7.035573387442842e-01,  0.000000000000000e+00,  1.801781234715113e-01,  3.499021049145993e+01
s765        ,  1.388135281387673e-01,  5.918538150727639e-01,  6.485260770975057e-02,  1.075483042544457e-02,  3.253048250012237e+01
s766        , -5.439787958329916e-01, -3.780082897630170e-01,  0.000000000000000e+00,  2.235341477085209e-02,  3.699783102824885e+01
s767        , -9.653950427427375e-02, -8.706960333081883e-01,  0.000000000000000e+00,  2.913675977902605e-01,  3.284190323147840e+01
s768        ,  5.676322320535289e-02,  6.062099962678256e-01,  0.000000000000000e+00,  1.543905946173143e-01,  2.049509420649079e+01
s769        ,  2.392616163662374e+00,  1.558773332656081e+00,  0.000000000000000e+00,  6.952921750889043e-02,  1.240261494255705e+01
s770        ,  2.218993464697082e+00,  4.223418389944742e-01,  4.466128729592794e-02,  6.200257698094995e-03,  3.266151982585581e+01
s771        , -1.301691995085942e+00, -9.023832772913485e-01,  0.000000000000000e+00,  1.402891198689258e-01,  3.881368043623978e+01
s772        ,  5.381680992613423e-01,  3.895279789153929e-01,  4.595137731594941e-02,  2.408256564718518e-02,  3.251618050490789e+01
s773        ,  3.401653127948082e-01,  9.385253796095505e-01,  0.000000000000000e+00,  2.275685306108809e-01,  1.386344985638250e+01
s774        ,  1.961582265617426e+00,  8.864219878869815e-01,  0.000000000000000e+00,  1.637321218066309e-01,  1.684344552037582e+01
s775        ,  1.370640331855435e-01, -5.706409990479004e-01,  0.000000000000000e+00,  1.939395700265255e-01,  3.291235751470886e+01
s776        , -1.362945069319552e+00, -3.898840801198165e-01,  0.000000000000000e+00,  1.504226261763721e-02,  3.740882689785446e+01
s777        , -3.352331847361073e-01, -2.699465574402224e-01,  0.000000000000000e+00,  2.187016706545166e-01,  2.844770266842485e+01
s778        ,  1.725306869739156e-02,  1.377567492974681e-01,  3.144944065616734e-02,  1.713923936026220e-02,  3.428017530661504e+01
s779        ,  1.449489553403749e+00, -1.700772870703080e-01,  0.000000000000000e+00,  1.451286519170186e-01,  2.999573215763188e+01
s780        ,  4.890100260675969e-01,  5.512642377761141e-01,  1.022455278407659e-01,  9.403862912714419e-03,  3.683241908779311e+01
s781        , -1.480324044989625e+00, -7.929675539345173e-01,  0.000000000000000e+00,  7.669728317783352e-02,  3.987925818671717e+01
s782        ,  4.189986042737073e-03,  2.019386803888144e-01,  0.000000000000000e+00,  2.841755358820011e-02,  2.993180570843361e+01
s783        , -6.272127818216120e-01,  1.513235759037161e-01,  0.000000000000000e+00,  3.217474635059644e-01,  1.965999884732243e+01
s784        , -7.567615030290812e-01, -2.790641256773001e-01,  0.000000000000000e+00,  1.230088512849259e-01,  3.210100734531646e+01
s785        , -5.703210531845893e-01, -3.147041440758760e-01,  0.000000000000000e+00,  8.476923639612215e-02,  3.393834364955782e+01
s786        , -8.599325133308396e-02, -8.677064781910193e-02,  0.000000000000000e+00,  8.449389044229118e-02,  3.125973512778820e+01
s787        ,  2.785466688170735e-01, -4.508812393108705e-01,  0.000000000000000e+00,  3.106854158844829e-03,  3.857062627654301e+01
s788        , -2.115784691919650e-01, -3.935110359812155e-02,  0.000000000000000e+00,  3.700944321269316e-02,  3.245981462698069e+01
s789        ,  5.205927430670391e-01,  1.403571960502543e+00,  0.000000000000000e+00,  3.410949732607564e-01,  4.170994128341537e+00
s790        ,  2.374718073624741e-01,  1.616135989894865e+00,  0.000000000000000e+00,  1.112145306041396e-01,  1.018135312158158e+01
s791        , -1.870737338196531e-01, -5.679177872802748e-01,  0.000000000000000e+00,  3.443385307798535e-02,  3.879047107061089e+01
s792        ,  3.003547556082288e-01,  3.317344329837297e-01,  0.000000000000000e+00,  1.977868223349804e-01,  2.212495726919488e+01
s793        , -5.143092658197446e-01, -1.052572403859450e+00,  0.000000000000000e+00,  1.935624727108758e-01,  3.861142045647875e+01
s794        , -1.010636071412045e+00, -3.225456297083285e-01,  0.000000000000000e+00,  1.279124089706219e-01,  3.243224192532752e+01
s795        ,  7.888417803219110e-01,  2.215597575281731e-01,  0.000000000000000e+00,  1.093440967470462e-02,  3.034815710684192e+01
s796        , -5.465110200553928e-01, -4.344712676419360e-01,  0.000000000000000e+00,  7.912150274208574e-03,  3.819899368836894e+01
s797        , -1.192872691111335e+00, -8.401753630205366e-02,  1.676968556839559e-02,  1.829801752462678e-01,  2.927011574135377e+01
s798        , -5.479719952294668e-01,  1.677687788932647e-01,  1.251056635672020e-01,  8.402754006370342e-03,  4.370006748970856e+01
s799        , -1.767142590180783e+00, -1.154728739231701e-01,  0.000000000000000e+00,  4.847787023911317e-01,  1.676638500668096e+01
s800        ,  8.963412972756590e-01,  1.227665647743302e+00,  0.000000000000000e+00,  1.911254760171047e-01,  1.180295593287576e+01
s801        , -1.947046181282547e-01,  9.674373434916672e-01,  0.000000000000000e+00,  7.869959069670825e-02,  1.903849920354746e+01
s802        ,  1.600748538223649e+00,  1.067866539157122e+00,  0.000000000000000e+00,  6.288977626018549e-02,  1.843959727988587e+01
s803        ,  6.740572620180488e-01,  1.076476311272196e+00,  0.000000000000000e+00,  8.987511974448499e-02,  1.733813214617060e+01
s804        , -1.928070676221089e+00, -1.239967810528360e+00,  0.000000000000000e+00,  1.251345370420815e-03,  4.794781670213590e+01
s805        , -3.708716392635017e-01, -6.779431558662921e-01,  0.000000000000000e+00,  3.584787549115927e-01,  2.808139914983515e+01
s806        ,  7.676901054132433e-01,  3.548990362032276e-01,  0.000000000000000e+00,  6.186723185339161e-02,  2.688798706211632e+01
s807        , -3.131290990966100e-01,  2.101736309226987e-01,  0.000000000000000e+00,  9.236464987681386e-02,  2.746520151624726e+01
s808        ,  9.833675917069939e-01, -2.959527182098474e-01,  0.000000000000000e+00,  3.580817053836233e-01,  2.358997181482698e+01
s809        ,  5.790963636372375e-01,  2.462260575235273e-01,  5.395362663495838e-02,  1.273535906718332e-02,  3.543454322215003e+01
s810        ,  1.050626461500014e+00,  2.509396523500258e-01,  0.000000000000000e+00,  9.230431241798832e-02,  2.698654200900375e+01
s811        ,  5.249115464039674e-01,  9.554247345286748e-01,  0.000000000000000e+00,  9.736348933598810e-02,  1.848864368386949e+01
s812        ,  1.605931526374292e+00,  1.003848674729827e+00,  0.000000000000000e+00,  9.750181941154423e-02,  1.791228643597352e+01
s813        ,  9.497331683917801e-01,  4.730048415349462e-01,  0.000000000000000e+00,  2.178883579979374e-01,  1.971363355140281e+01
s814        , -7.865406237894391e-01, -2.480300289350343e-01,  0.000000000000000e+00,  1.664637717120797e-01,  3.012475957844000e+01
s815        , -2.660810322736745e-01,  4.182931492875674e-02,  0.000000000000000e+00,  1.770114191101403e-01,  2.631461525405000e+01
s816        , -9.674450919852262e-01, -1.286113767139506e+00,  0.000000000000000e+00,  9.159722196572490e-02,  4.514454933427185e+01
s817        ,  7.270946209036595e-01, -3.465905875078201e-02,  0.000000000000000e+00,  2.083607390131054e-01,  2.605530758761408e+01
s818        ,  6.532804155454610e-01,  5.158701739676883e-01,  0.000000000000000e+00,  2.008288615798413e-02,  2.653734994674199e+01
s819        ,  8.081292268835972e-01,  1.713814029125155e+00,  0.000000000000000e+00,  2.034368838432355e-01,  5.611940113225256e+00
s820        ,  1.390381735794342e+00,  7.933847520738304e-01,  1.493229166666667e-01,  1.445666239367632e-02,  3.853928613351498e+01
s821        ,  1.516978402347242e+00,  8.527234902940095e-01,  0.000000000000000e+00,  8.863066953983061e-02,  2.002373714829174e+01
s822        ,  3.033561593600319e-01,  4.804413741549034e-01,  1.173964497041420e-01,  1.214154968528720e-01,  3.504623728492009e+01
s823        , -8.238895392622755e-01, -5.287203754753080e-01,  0.000000000000000e+00,  7.855005698618275e-02,  3.669342215106578e+01
s824        ,  2.038981274745353e+00,  1.735656784185361e+00,  0.000000000000000e+00,  1.830766354017167e-01,  6.108690212989731e+00
s825        ,  1.320628175421427e-01,  2.731714419323987e-01,  0.000000000000000e+00,  5.737940688392355e-02,  2.801837373484077e+01
s826        ,  9.525953446348725e-01,  1.269818396235197e+00,  0.000000000000000e+00,  1.544867752504736e-01,  1.266329266437925e+01
s827        , -2.151354450670567e+00, -1.968220505409621e-01,  5.516040063869938e-03,  2.763632778529115e-01,  2.600511576145479e+01
s828        ,  8.438987064828646e-01,  2.653538604421524e-03,  0.000000000000000e+00,  3.848104198925072e-02,  3.190978023500498e+01
s829        , -1.571185202221650e+00, -9.239886932542039e-01,  0.000000000000000e+00,  1.034427476769700e-01,  4.043383349481441e+01
s830        ,  3.133543223982471e-01,  7.032658575924313e-01,  1.101354453627181e-01,  7.327646563146137e-02,  3.346875350754032e+01
s831        , -8.984804340484778e-01,  3.959945309221604e-01,  0.000000000000000e+00,  1.503790639086870e-01,  2.312353606776819e+01
s832        , -1.855362237616736e+00, -3.967881212619719e-01,  0.000000000000000e+00,  3.374298330361956e-02,  3.679734391835741e+01
s833        ,  4.948389352249701e-01,  7.705446143391801e-01,  0.000000000000000e+00,  1.847934969729971e-02,  2.359250668088640e+01
s834        ,  1.120605859544544e+00, -1.885044626573427e-01,  0.000000000000000e+00,  5.397224450826711e-02,  3.359076761948501e+01
s835        , -8.435182612795279e-01, -8.559573620152112e-01,  0.000000000000000e+00,  1.063184356696017e-02,  4.307026844517939e+01
s836        ,  1.128844146448547e+00, -5.032533628836222e-01,  3.611719661759587e-02,  1.803670182269586e-02,  4.227957032460822e+01
s837        , -1.924657877822013e+00, -8.692647444121615e-01,  1.706916030022035e-02,  8.953278717466710e-03,  4.501177788777023e+01
s838        , -1.075095206150813e+00, -1.550100963850348e+00,  0.000000000000000e+00,  1.132403867934994e-01,  4.745671280629567e+01
s839        ,  3.864893622265216e-02,  6.238121251907280e-01,  0.000000000000000e+00,  1.544801450814828e-01,  2.028413303653740e+01
s840        , -1.233908351649846e+00, -9.338052668076413e-02,  0.000000000000000e+00,  4.793290302129406e-02,  3.269241926549429e+01
s841        ,  6.618283364070194e-01,  2.714656901761652e-01,  7.567412624639135e-02,  7.840272198326242e-02,  3.489526956858287e+01
s842        , -1.380664268040651e+00, -8.421558326457936e-01,  0.000000000000000e+00,  1.273592247612367e-02,  4.282949570200215e+01
s843        ,  5.539120810708922e-02, -2.221653312043683e-01,  0.000000000000000e+00,  2.503301858556799e-02,  3.506014539787616e+01
s844        , -2.111176459361614e+00, -1.405286467986743e+00,  0.000000000000000e+00,  1.861789319387686e-03,  4.987537451097266e+01
s845        ,  1.677967143093475e-01, -2.367233114636487e-01,  0.000000000000000e+00,  1.065186191042242e-01,  3.221255519820240e+01
s846        , -1.112697847471129e-01,  5.447533865658549e-03,  0.000000000000000e+00,  2.658955166351210e-01,  2.345032903001645e+01
s847        ,  9.946887487236225e-02, -1.095715422314951e-01,  0.000000000000000e+00,  1.327154045151517e-02,  3.416773934786976e+01
s848        , -1.578942777693122e+00, -1.127338703420119e+00,  0.000000000000000e+00,  4.980964939469157e-02,  4.481993771113506e+01
s849        ,  4.886541057537146e-01,  1.034895424427624e+00,  0.000000000000000e+00,  7.613127131574010e-02,  1.833789696577234e+01
s850        , -1.729847647025637e+00, -1.646758659316474e+00,  0.000000000000000e+00,  9.891258472684655e-03,  5.242637481399242e+01
s851        , -3.749493322034730e-03, -3.260158387511791e-01,  0.000000000000000e+00,  4.927038022106462e-03,  3.703021101096125e+01
s852        , -1.822550475295671e-01, -1.267645218688052e-01,  0.000000000000000e+00,  3.826781012829435e-02,  3.344435770135342e+01
s853        , -7.026997334075608e-02,  5.184850423808840e-01,  0.000000000000000e+00,  1.731264148693065e-01,  2.083571227766651e+01
s854        ,  4.598855993128227e-01,  8.372744366040905e-01,  3.362978638222425e-02,  3.110164926063174e-02,  2.573098300544853e+01
s855        ,  1.247409464273019e-01,  2.089738110058961e-01,  0.000000000000000e+00,  3.703599556702418e-03,  3.076455336360717e+01
s856        , -7.920260931956873e-01, -5.277210943224970e-01,  2.917564501058332e-02,  6.765299874528613e-02,  4.002932334662170e+01
s857        ,  1.951476409171481e+00,  1.023861377353101e+00,  0.000000000000000e+00,  5.927388238920151e-02,  1.909268428574641e+01
s858        ,  5.125085136741685e-01,  3.687293991254994e-01,  0.000000000000000e+00,  6.170069009653006e-02,  2.673100852458333e+01
s859        , -6.666214518700430e-01, -4.332373667699532e-01,  2.913043478260870e-02,  2.785710506025611e-02,  4.038476221255338e+01
s860        ,  6.811400510310224e-02,  6.300666475835071e-02,  0.000000000000000e+00,  1.635709704444734e-01,  2.656281230073736e+01
s861        ,  1.248756919249408e-01,  3.812562985140318e-01,  0.000000000000000e+00,  3.568977167894662e-02,  2.754702969584025e+01
s862        , -4.702662470572295e-01,  1.257133264843957e-01,  0.000000000000000e+00,  5.271360967921446e-02,  2.993074312732402e+01
s863        ,  4.846741731606912e-01, -7.194620460355283e-02,  0.000000000000000e+00,  3.426013084294315e-02,  3.294619333506928e+01
s864        ,  5.444121402657593e-01, -3.212708755242040e-01,  0.000000000000000e+00,  1.458660580306089e-01,  3.175195960273472e+01
s865        ,  6.365198845674543e-01,  3.465998483529962e-01,  0.000000000000000e+00,  1.220608832321894e-01,  2.475550546632283e+01
s866        ,  4.352365441984731e-01,  9.185362059232314e-01,  0.000000000000000e+00,  1.883977000268589e-01,  1.555066617223806e+01
s867        , -5.650365137506241e-02, -1.257435070719821e-01,  9.342532685441220e-03,  2.451462828095256e-02,  3.488460754178758e+01
s868        , -2.338433808137944e+00, -1.382110863160547e+00,  3.320000000000000e-02,  6.057893750919189e-03,  5.279648975322787e+01
s869        , -2.347184475558825e-01, -7.391988255590043e-02,  4.403277931671283e-02,  9.744408638663718e-02,  3.507133966110595e+01
s870        , -8.212819619769498e-01, -1.919532797048471e-01,  0.000000000000000e+00,  8.389871157507077e-03,  3.532043589518909e+01
s871        , -1.570593293706644e-01, -7.306315245927997e-01,  1.844085451710094e-02,  3.025177525180203e-01,  3.263722543711969e+01
s872        ,  5.284306454202828e-01,  2.260478658153711e-01,  0.000000000000000e+00,  2.414114074422951e-01,  2.175524428391762e+01
s873        ,  9.554554102193652e-01,  8.683886309505613e-01,  0.000000000000000e+00,  2.591003838119018e-02,  2.216295982080918e+01
s874        ,  1.539965674145509e+00,  1.065393845093434e+00,  0.000000000000000e+00,  1.873131348667613e-01,  1.385845107218035e+01
s875        ,  6.472677808586434e-01,  1.117848344333184e+00,  0.000000000000000e+00,  8.810959340023966e-02,  1.691550697883882e+01
s876        ,  7.990955642461934e-01,  1.005933582037014e+00,  0.000000000000000e+00,  3.086133604989688e-01,  1.006527997595034e+01
s877        ,  2.414774484401117e-01,  9.910655712724332e-01,  0.000000000000000e+00,  1.302593685679729e-01,  1.684930159276716e+01
s878        , -5.588324756467096e-01, -1.060363873137422e+00,  0.000000000000000e+00,  6.541080613387783e-02,  4.345179426691684e+01
s879        , -1.108097718569436e+00, -1.145938298219287e+00,  0.000000000000000e+00,  2.001088124728175e-02,  4.614349460865578e+01
s880        , -7.450297483445957e-01, -4.997313623208370e-01,  0.000000000000000e+00,  1.533438818548155e-02,  3.869381299339198e+01
s881        , -1.759050067534673e+00, -2.694982516480866e-01,  0.000000000000000e+00,  4.994604875871383e-01,  1.803933015611049e+01
s882        , -6.605379692241985e-01, -8.832535713422209e-01,  0.000000000000000e+00,  4.528067349104722e-02,  4.210840855868179e+01
s883        ,  3.815578964726026e-01, -2.637986812892814e-01,  0.000000000000000e+00,  3.082788101684578e-03,  3.636460390378058e+01
s884        , -4.051889851605022e-01, -2.956745488810575e-01,  7.466918714555766e-03,  1.819837350509499e-02,  3.693397790377708e+01
s885        ,  2.841270750996222e-02, -6.681458760982384e-02,  0.000000000000000e+00,  1.215636526409397e-02,  3.370467923544126e+01
s886        , -1.487878849688012e+00, -1.056172498651825e+00,  0.000000000000000e+00,  1.798217446548761e-02,  4.515974548814529e+01
s887        ,  4.820147860437528e-01,  5.207787083918491e-02,  4.113710967090312e-02,  3.911381849904316e-02,  3.545416636959868e+01
s888        ,  7.081092310596756e-01,  4.570656162505178e-01,  9.126301493888638e-03,  1.281331501823802e-01,  2.414827358917942e+01
s889        , -9.770534507358716e-01, -1.215246973586682e+00,  0.000000000000000e+00,  2.171930622912449e-02,  4.689778938939608e+01
s890        , -4.782598098188896e-02,  1.358730892086688e+00,  0.000000000000000e+00,  9.061354521775093e-02,  1.398116275352502e+01
s891        , -3.221184210883460e-01, -8.386349870230587e-01,  9.248249438499142e-03,  7.152328130507402e-02,  4.154286524589361e+01
s892        , -9.718981396026354e-01, -3.950129368670781e-01,  0.000000000000000e+00,  8.733717688756873e-02,  3.479055298536500e+01
s893        ,  2.164744347352420e+00,  3.109936462286038e-01,  7.479283510256360e-02,  1.566796673873640e-01,  3.143962282378447e+01
s894        ,  2.108977331308746e-01,  4.499063262923912e-01,  5.752332863047945e-02,  1.307960259093143e-02,  3.337927358605010e+01
s895        , -7.726754766108116e-01, -8.115009558711521e-01,  0.000000000000000e+00,  5.755684412203824e-02,  4.080710632855953e+01
s896        ,  2.280269149131176e+00, -7.320670134729035e-02,  0.000000000000000e+00,  3.058236309448090e-01,  2.289869691854338e+01
s897        ,  1.732742671810001e+00, -3.021928444158273e-01,  0.000000000000000e+00,  4.153323780019984e-02,  3.539279756948947e+01
s898        , -1.952924930899203e-01, -4.968784762679030e-01,  3.632411722448378e-02,  1.568930155949624e-01,  3.708014198074880e+01
s899        , -1.243124507856434e+00, -9.190827789363438e-01,  0.000000000000000e+00,  2.702396657821783e-02,  4.320754085381519e+01
s900        , -1.127987025274472e+00, -1.022640230497448e+00,  0.000000000000000e+00,  8.185103792648089e-02,  4.239762100081406e+01
s901        ,  2.222405771151903e+00,  1.241853640009842e+00,  0.000000000000000e+00,  8.203167513556378e-02,  1.567788988505390e+01
s902        , -1.852329248500361e+00, -9.728751741355808e-01,  1.593522685117982e-02,  5.810560666585488e-03,  4.623604645399976e+01
s903        ,  1.566870488248132e+00,  9.549025377355260e-01,  0.000000000000000e+00,  1.172893888190993e-01,  1.775648035107012e+01
s904        , -1.387739856871698e+00, -4.727324174387348e-02,  0.000000000000000e+00,  3.562052120140766e-01,  2.072596196753017e+01
s905        ,  1.121219821885003e+00,  2.074962544191714e-01,  1.161271592393671e-03,  9.330500889700263e-02,  2.757911756558582e+01
s906        , -9.933730759278802e-01, -1.542971830082712e+00,  0.000000000000000e+00,  1.400084158337842e-02,  5.104978216761582e+01
s907        , -5.762178128524449e-02, -5.624473161926700e-01,  0.000000000000000e+00,  4.675964028561713e-02,  3.826922581607975e+01
s908        ,  2.416796340775907e-01, -5.357235889811225e-01,  0.000000000000000e+00,  5.638154039259784e-02,  3.759745548493006e+01
s909        , -4.906300545514419e-01, -3.868421715521295e-01,  0.000000000000000e+00,  2.428354792514304e-01,  2.893241749149292e+01
s910        , -1.582982857801990e+00, -1.492981377598585e+00,  0.000000000000000e+00,  1.437246412559464e-02,  5.044630131005950e+01
s911        , -7.523355700553859e-01, -8.779641607722213e-01,  0.000000000000000e+00,  1.361890473569695e-02,  4.321919008866720e+01
s912        ,  2.234392115693804e-01, -3.948641124115859e-03,  0.000000000000000e+00,  2.312847106031211e-01,  2.484362067355504e+01
s913        , -1.421242973618926e+00, -9.300671230950277e-01,  0.000000000000000e+00,  7.677793891078998e-02,  4.149356080236488e+01
s914        ,  5.670067347130128e-02,  3.045696154415571e-01,  0.000000000000000e+00,  8.966298509361430e-02,  2.645176796871526e+01
s915        , -5.612055763432976e-01, -1.495586584307111e-01,  0.000000000000000e+00,  1.395456905786327e-01,  2.996055274000030e+01
s916        ,  8.997740464690429e-01,  1.259834141643963e-01,  0.000000000000000e+00,  1.757346374575443e-01,  2.536920297409302e+01
s917        , -1.606823724089288e+00, -7.820699242894511e-01,  0.000000000000000e+00,  2.854378222433471e-02,  4.153495816984015e+01
s918        ,  3.499868789687911e+00,  1.099624748548385e+00,  0.000000000000000e+00,  2.824040594657447e-01,  9.931199927398605e+00
s919        , -8.715752962891429e-01,  4.076782516645596e-01,  0.000000000000000e+00,  1.191998637969251e-02,  2.811609653414717e+01
s920        , -1.856154837094557e+00, -1.402903295623591e+00,  0.000000000000000e+00,  1.117519396271791e-02,  4.950216766918816e+01
s921        ,  2.276110916770269e-01,  1.745039007227501e+00,  0.000000000000000e+00,  1.368649355143322e-01,  7.710316209527330e+00
s922        ,  1.278757880561135e+00,  1.376360022278605e+00,  0.000000000000000e+00,  1.578900279330432e-01,  1.128037511784181e+01
s923        , -2.625003058195762e-01, -8.366337761833824e-01,  0.000000000000000e+00,  9.616525004810932e-02,  3.967301011499816e+01
s924        , -1.727834522886679e+00, -1.127941611235991e+00,  0.000000000000000e+00,  2.201481918626938e-01,  3.851541844072677e+01
s925        ,  1.850614154947128e+00,  1.242493798727701e+00,  0.000000000000000e+00,  1.381970382214467e-01,  1.358921753786103e+01
s926        , -9.602025879025963e-01, -1.094797423459240e+00,  1.372266623392430e-02,  2.539851334686107e-02,  4.672524308768532e+01
s927        , -1.294474937930480e+00, -9.821895713602991e-01,  2.456871227901512e-02,  2.298178633396937e-03,  4.734721555136453e+01
s928        , -8.964192424384732e-01, -8.203476230228772e-01,  0.000000000000000e+00,  2.052908743799669e-01,  3.543740959960102e+01
s929        ,  3.373466507702030e-01,  4.562543652169033e-01,  0.000000000000000e+00,  7.616904686115106e-02,  2.516242013710547e+01
s930        , -4.361686703935594e-01,  2.052960126642609e-01,  0.000000000000000e+00,  1.438543136677912e-01,  2.561487028075898e+01
s931        ,  1.180800691213646e+00,  6.014860255542742e-01,  0.000000000000000e+00,  6.780623922868205e-02,  2.375906987760192e+01
s932        ,  4.707166528445574e-01,  2.077122608631399e-02,  3.208335675868144e-02,  1.080043881298078e-02,  3.595903033464953e+01
s933        ,  1.703804210339992e+00,  3.483789383770852e-01,  4.978600751157305e-02,  1.831536123552428e-01,  2.749438858885548e+01
s934        , -1.834005051426063e+00, -1.457046017763241e+00,  0.000000000000000e+00,  1.320932441689160e-03,  5.050599519146438e+01
s935        , -1.778081906893596e+00, -1.608684489150402e+00,  0.000000000000000e+00,  7.080259770072174e-02,  4.972025839805477e+01
s936        , -1.576278502143039e+00, -7.779252029519763e-01,  0.000000000000000e+00,  3.051768525435949e-02,  4.141292515546193e+01
s937        ,  1.612912677482048e-01,  1.081928967778344e+00,  0.000000000000000e+00,  3.088437764470351e-01,  9.160264851009522e+00
s938        ,  3.756397573989944e-01, -6.587963993276085e-01,  0.000000000000000e+00,  2.971697865553410e-02,  4.003729453917714e+01
s939        , -1.269094165370334e+00, -8.192953050476515e-01,  0.000000000000000e+00,  7.143059715297723e-02,  4.038498166961949e+01
s940        ,  1.741633513389911e-01,  1.291165766648473e+00,  0.000000000000000e+00,  7.797243922744988e-02,  1.524658949171448e+01
s941        , -7.405880410109714e-01, -4.166964468555578e-01,  2.394120540838687e-02,  1.572117712107879e-02,  4.011570599743925e+01
s942        , -9.892731562449668e-01, -4.504040768498063e-01,  5.415841081136006e-02,  1.588218759627117e-02,  4.355638340299974e+01
s943        , -2.404390935905114e-01,  1.577060218901387e-01,  0.000000000000000e+00,  1.941588376657082e-02,  3.078713797746182e+01
s944        , -1.000366609598995e+00, -6.248409570358491e-01,  0.000000000000000e+00,  8.833842196590872e-03,  4.041053247410184e+01
s945        , -6.403848269203397e-01, -3.421880599929934e-01,  0.000000000000000e+00,  5.703202405407823e-02,  3.529031642531244e+01
s946        ,  1.042678968069443e+00,  7.358086036920444e-01,  0.000000000000000e+00,  1.895023629860431e-01,  1.766527558393192e+01
s947        ,  5.081125559242120e-03, -1.257857402989885e+00,  0.000000000000000e+00,  3.248841150684424e-01,  3.616713862412660e+01
s948        , -9.507722609706112e-01, -5.695025970091763e-01,  0.000000000000000e+00,  3.641453303806283e-02,  3.873577519870412e+01
s949        , -1.109777834090980e-01, -7.512010908628173e-01,  0.000000000000000e+00,  1.442675710707925e-01,  3.688284868971778e+01
s950        ,  6.358188156380660e-01,  7.077084955701145e-01,  0.000000000000000e+00,  2.256128893862898e-01,  1.665873796276211e+01
s951        , -2.185819524191360e+00, -8.216783609084692e-01,  3.109477647812850e-02,  1.466061572335476e-02,  4.565417926564776e+01
s952        ,  1.305064709156519e+00,  1.517727157160169e+00,  0.000000000000000e+00,  1.470632639253055e-01,  1.001391071932006e+01
s953        ,  1.664044937420125e+00,  1.380017151434960e+00,  0.000000000000000e+00,  1.162019104673007e-01,  1.278192266641178e+01
s954        ,  1.051351309197190e+00,  9.458569657124642e-01,  0.000000000000000e+00,  1.427767656404271e-01,  1.691879082481453e+01
s955        , -1.399028311662238e+00, -3.872908282780769e-01,  0.000000000000000e+00,  1.174543910433816e-01,  3.358351252148402e+01
s956        ,  1.385421265834244e+00,  5.123804916543093e-01,  0.000000000000000e+00,  1.273521068533515e-01,  2.260382068299672e+01
s957        , -9.408889636329510e-01, -4.537775710466043e-01,  0.000000000000000e+00,  3.658279107715035e-02,  3.736439366206634e+01
s958        ,  9.732055185777991e-01,  8.068742387320693e-02,  0.000000000000000e+00,  3.725892655532899e-02,  3.103453931371960e+01
s959        , -5.141793956906318e-01, -5.880006908345021e-01,  0.000000000000000e+00,  3.380760119684789e-02,  3.905058326992856e+01
s960        , -1.427508420922605e+00, -7.114441368456115e-01,  0.000000000000000e+00,  8.666768481494651e-03,  4.143833509313119e+01
s961        , -2.005936182526318e-01, -4.815188377101132e-02,  4.251561849229488e-02,  8.546588509253616e-02,  3.505811556980370e+01
s962        , -1.040812919577019e+00, -1.120297357560248e+00,  0.000000000000000e+00,  9.434801269893349e-02,  4.308657444981893e+01
s963        ,  3.350397487530737e-01, -4.371305057018837e-02,  6.269082027274578e-02,  5.411495902485472e-03,  4.000778681466507e+01
s964        , -1.211148190797335e+00, -1.077609547629274e+00,  0.000000000000000e+00,  2.936982920404999e-02,  4.499067508175558e+01
s965        , -3.546684926971408e-01, -9.828597040529852e-01,  0.000000000000000e+00,  1.184796876516145e-01,  4.057113313514594e+01
s966        , -1.297482551855562e+00, -1.071231548829343e+00,  0.000000000000000e+00,  6.810593702241532e-03,  4.575133480853620e+01
s967        , -7.045435460678467e-02,  1.235277709584763e-01,  0.000000000000000e+00,  3.450964062675780e-01,  1.912273228272254e+01
s968        ,  9.299065987644251e-02,  4.623474427317347e-01,  0.000000000000000e+00,  1.027429572652065e-01,  2.410588813702003e+01
s969        ,  6.950554955433741e-01, -4.313045077282140e-03,  0.000000000000000e+00,  2.113000229389615e-01,  2.558842107217662e+01
s970        ,  2.496136210729474e-01, -1.637459219151918e-01,  0.000000000000000e+00,  8.480684497741371e-03,  3.498432364899956e+01
s971        , -1.044044119112301e+00, -5.713609099837291e-01,  0.000000000000000e+00,  6.904347083155835e-02,  3.754868186892011e+01
s972        , -1.696855601622959e-01,  3.097337456605889e-01,  5.528513911423592e-02,  2.238556807339210e-01,  2.699699316617626e+01
s973        ,  4.802864320387065e-01,  2.933017870213739e-02,  4.083298625572678e-02,  2.752464697066461e-02,  3.612124069631263e+01
s974        , -1.989928973862810e-01, -1.395064841487135e-01,  0.000000000000000e+00,  7.217388601793276e-02,  3.233833065420817e+01
s975        ,  5.144117291211028e-01, -7.055859166492144e-01,  0.000000000000000e+00,  8.126292925751474e-02,  3.867929021454312e+01
s976        ,  3.695887594461370e-01,  1.149875127691431e+00,  0.000000000000000e+00,  1.167511222025099e-01,  1.547643634689630e+01
s977        , -5.208667084829633e-01, -7.101814196830611e-01,  0.000000000000000e+00,  8.194504423698562e-02,  3.870822621963406e+01
s978        , -1.415530554889297e+00, -4.791070105022914e-01,  0.000000000000000e+00,  2.117729955956632e-02,  3.823401835908931e+01
s979        , -9.075955878756907e-02,  1.333346784996497e+00,  1.574074074074074e-03,  2.117774664286624e-01,  9.949892886135634e+00
s980        , -1.408049785649008e+00, -1.449445205312350e+00,  0.000000000000000e+00,  2.444508103268250e-02,  4.955950283168923e+01
s981        ,  7.617332134276670e-01,  6.386421877522506e-01,  7.297934713130111e-02,  6.324954338681871e-02,  3.085344821944783e+01
s982        ,  5.658342892742037e-01,  2.148610741122874e-01,  0.000000000000000e+00,  8.202429548929879e-02,  2.779305207744003e+01
s983        , -6.523400746561840e-01, -8.208489078235326e-01,  0.000000000000000e+00,  1.848980571505536e-02,  4.236494791453733e+01
s984        ,  1.408650344937474e+00,  1.759579390551900e-01,  4.424130703770107e-02,  3.088711186800028e-02,  3.461086995444271e+01
s985        , -1.892295500046385e+00, -1.741365887480613e+00,  0.000000000000000e+00,  7.201699280373815e-02,  5.124043322617565e+01
s986        ,  7.279494111089814e-01,  3.061983231277106e-01,  1.980149006212718e-02,  1.956704309773272e-02,  3.102788520538874e+01
s987        ,  6.069333137359153e-01, -4.373743240386387e-01,  0.000000000000000e+00,  1.216093896820510e-01,  3.402036400885697e+01
s988        ,  7.956867077796174e-01, -2.760956164776651e-02,  0.000000000000000e+00,  1.002395659211478e-01,  2.997841137637267e+01
s989        , -1.492402946081943e-01,  3.502474368934161e-02,  0.000000000000000e+00,  6.566741265770944e-02,  3.052056527780054e+01
s990        ,  4.998144921024051e-01,  9.381255236436152e-01,  0.000000000000000e+00,  2.032870120363932e-01,  1.476788089286661e+01
s991        , -1.388778051347251e+00, -9.624392703890843e-01,  7.836601380297760e-02,  5.304892012150584e-03,  5.243114168718351e+01
s992        ,  4.282998930275517e-01, -2.456147174932957e-01,  8.978085351787773e-02,  3.093818614135638e-02,  4.417713272068324e+01
s993        ,  5.363050420459536e-01,  3.301758203699441e-01,  0.000000000000000e+00,  8.261394588210962e-02,  2.641089635127395e+01
s994        , -6.815023874245365e-01, -5.689664590254662e-03,  0.000000000000000e+00,  1.653855905149863e-01,  2.730594866408951e+01
s995        , -2.391036276757255e+00, -1.652330361936851e+00,  0.000000000000000e+00,  1.172887115243258e-03,  5.281514702389273e+01
s996        ,  4.431453520331272e-01, -9.224338289929834e-02,  0.000000000000000e+00,  3.904633283232309e-01,  1.998706940707326e+01
s997        , -6.841651286789517e-01, -1.624396135411462e+00,  0.000000000000000e+00,  5.735706870943941e-02,  5.040380368718672e+01
s998        , -1.890503332016519e-01, -4.350722938501437e-01,  0.000000000000000e+00,  6.753855032058177e-02,  3.599671956804965e+01
s999        , -1.955891416531250e-01, -5.902393231422445e-01,  0.000000000000000e+00,  5.027699193272239e-02,  3.846674341017133e+01
s1000       ,  1.922227018092693e+00,  1.200989609635733e+00,  0.000000000000000e+00,  1.719172229093389e-01,  1.282937119685944e+01
s1001       ,  7.564584951078414e-01,  4.401585431241339e-01,  3.667355371900827e-02,  6.966157330123671e-02,  2.929389683444612e+01
s1002       , -1.216448226111712e+00, -7.277572723419685e-01,  0.000000000000000e+00,  1.837471553170518e-02,  4.127105955893747e+01
s1003       ,  9.406214986730431e-01,  9.943771574031279e-01,  0.000000000000000e+00,  2.053853023299037e-01,  1.402656118233092e+01
s1004       , -6.084517344429569e-01, -5.707824767371772e-01,  0.000000000000000e+00,  5.118806836295060e-02,  3.820346274279540e+01
s1005       ,  1.047447652274055e-01,  4.224283995431586e-01,  0.000000000000000e+00,  2.735422302709801e-02,  2.737020504457181e+01
s1006       ,  1.789223857816157e+00,  4.157136693436314e-01,  1.526372321781898e-01,  1.061619157047712e-02,  4.347120008282757e+01
s1007       , -3.471776742826870e-02, -5.231228947296787e-01,  0.000000000000000e+00,  4.571607153864653e-03,  3.936854876239749e+01
s1008       , -4.304906904704673e-01,  5.544618683580482e-01,  0.000000000000000e+00,  1.619606927367992e-01,  2.082504124624531e+01
s1009       ,  5.526661980887815e-01,  5.144082366521334e-01,  0.000000000000000e+00,  1.340215903450617e-01,  2.233277304251450e+01
s1010       ,  1.084664986478008e-01,  7.352075169248071e-01,  0.000000000000000e+00,  5.033652952181179e-02,  2.282894118355530e+01
s1011       , -1.857041478323650e-01, -2.959083141173831e-01,  0.000000000000000e+00,  3.436882808948364e-01,  2.412277410449935e+01
s1012       , -9.197930097533304e-01, -1.563942008096901e+00,  0.000000000000000e+00,  3.809221692596738e-02,  5.040448759605768e+01
s1013       , -4.019119417889337e-01, -6.213619648425919e-01,  1.460920379839299e-02,  5.403306939327165e-02,  4.016882033450420e+01
s1014       , -1.358932079618377e+00, -1.589762877912074e+00,  2.453528670447385e-02,  3.083581664156744e-02,  5.345364605224812e+01
s1015       , -1.527440174864809e+00, -1.030001969585630e+00,  0.000000000000000e+00,  8.038929513673210e-02,  4.253862616785489e+01
s1016       ,  1.494747075983483e+00,  5.611108088238077e-01,  0.000000000000000e+00,  7.331338107314983e-02,  2.403129634910215e+01
s1017       ,  5.541257590705128e-01,  9.128927497462991e-02,  5.660250218997776e-03,  4.829901983303961e-02,  3.107153856219623e+01
s1018       , -1.957085120530336e+00, -1.367132632700496e+00,  0.000000000000000e+00,  8.497749319111070e-04,  4.946279250154623e+01
s1019       ,  7.131485583147716e-01,  8.426826764089654e-01,  0.000000000000000e+00,  1.897219601779409e-01,  1.639640177390219e+01
s1020       , -1.923756067205053e+00, -7.995543117945352e-01,  0.000000000000000e+00,  1.493509120192743e-02,  4.224546126782605e+01
s1021       ,  3.885529621363158e-01,  8.770571267264056e-01,  0.000000000000000e+00,  2.876406576492029e-01,  1.236267852878558e+01
s1022       , -1.875446506562856e+00, -1.136751805689666e+00,  1.212548259714332e-02,  3.137196753603762e-03,  4.788385453772482e+01
s1023       ,  1.372593741804168e+00,  2.029567667471968e-01,  5.273386321949515e-02,  2.125272281839634e-02,  3.550629242066007e+01
s1024       , -8.235465806555776e-01, -9.372652097594716e-01,  0.000000000000000e+00,  2.541173515948195e-02,  4.348176812838734e+01
s1025       , -3.055697164838789e-01,  5.828004802112923e-01,  0.000000000000000e+00,  5.026060823050611e-02,  2.462961962682367e+01
s1026       , -1.058405261469002e+00, -6.138898814970983e-01,  7.963988919667590e-03,  3.132644635066266e-02,  4.025151158874083e+01
s1027       ,  1.001215100946893e+00,  1.363696790268948e+00,  0.000000000000000e+00,  1.472652090216174e-01,  1.182344282152001e+01
s1028       , -1.207050253018809e-01, -4.428658253558262e-01,  0.000000000000000e+00,  1.368788173727868e-02,  3.808400904723412e+01
s1029       , -3.485019297637044e-02,  3.194517695996071e-01,  0.000000000000000e+00,  1.082538095513901e-01,  2.558735678757551e+01
s1030       ,  7.570890498814408e-01,  6.330512221434370e-01,  0.000000000000000e+00,  9.300339147575460e-03,  2.555455764334023e+01
s1031       , -3.425236517205575e-01,  2.175980402260662e-01,  9.229622855594506e-02,  2.596913966766977e-02,  3.915078622140479e+01
s1032       , -9.690806500330096e-01, -5.161735289995470e-01,  0.000000000000000e+00,  8.881127072263145e-02,  3.616520021390069e+01
s1033       ,  3.580879227715397e-01,  1.956570849846750e-01,  0.000000000000000e+00,  1.536763670520030e-01,  2.536463460899138e+01
s1034       , -1.559175075401338e+00, -8.326362320884830e-01,  0.000000000000000e+00,  6.269355888800968e-03,  4.295680663499554e+01
s1035       , -5.297528349600488e-01, -7.792978133756909e-01,  0.000000000000000e+00,  1.100401395603194e-01,  3.848253546265205e+01
s1036       , -2.199501197760688e+00, -1.269794877823566e+00,  0.000000000000000e+00,  5.351946209926197e-03,  4.814772943053516e+01
s1037       , -2.563451324430153e-01, -3.923752895893049e-01,  0.000000000000000e+00,  1.273553578904049e-02,  3.752368657777901e+01
s1038       ,  1.208934872396009e+00,  9.267533491524854e-01,  0.000000000000000e+00,  3.034096860912666e-01,  1.119214146682653e+01
s1039       ,  1.284684643971159e+00,  9.953030065071362e-01,  0.000000000000000e+00,  2.431934228246880e-01,  1.261471795209585e+01
s1040       ,  3.246719543370283e-02, -1.183768933751694e-01,  0.000000000000000e+00,  7.342306837105206e-02,  3.204278951273518e+01
s1041       ,  2.496032441662194e+00,  1.240633819482275e+00,  0.000000000000000e+00,  1.074033244690978e-01,  1.475217220588317e+01
