sample_id,T,E,ln_D
s1,500.0,0.4148104871669471,-15.755912113046147
s2,700.0,0.4148104871669471,-13.147010440931407
s3,900.0,0.4148104871669471,-11.466627597187363
s4,1100.0,0.4148104871669471,-10.531195380475284
s5,500.0,0.3422111929106982,-16.76053957577113
s6,700.0,0.3422111929106982,-14.731652485436395
s7,900.0,0.3422111929106982,-13.276395723264535
s8,1100.0,0.3422111929106982,-12.438154681887147
s9,500.0,0.3098184069643846,-14.695191396785987
s10,700.0,0.3098184069643846,-12.732762142626253
s11,900.0,0.3098184069643846,-11.56984372531678
s12,1100.0,0.3098184069643846,-10.74748491541494
s13,500.0,0.33613839969009623,-14.824906409440976
s14,700.0,0.33613839969009623,-12.990154934417026
s15,900.0,0.33613839969009623,-11.408136898088665
s16,1100.0,0.33613839969009623,-10.599318181984566
s17,500.0,0.36490794022980216,-16.61617250197141
s18,700.0,0.36490794022980216,-15.382376875468935
s19,900.0,0.36490794022980216,-13.045929190210451
s20,1100.0,0.36490794022980216,-12.062961642908816
s21,500.0,0.3407892375254205,-14.349206197546161
s22,700.0,0.3407892375254205,-12.099011537975464
s23,900.0,0.3407892375254205,-10.841187962298502
s24,1100.0,0.3407892375254205,-10.0323779965023
s25,500.0,0.34767667371959776,-16.503086890381628
s26,700.0,0.34767667371959776,-14.652454952547817
s27,900.0,0.34767667371959776,-13.209349485747108
s28,1100.0,0.34767667371959776,-12.006182412525359
s29,500.0,0.2806829385133619,-14.588913920328613
s30,700.0,0.2806829385133619,-13.113080308012025
s31,900.0,0.2806829385133619,-11.897814928189398
s32,1100.0,0.2806829385133619,-10.978932903637622
s33,500.0,0.3045902517658174,-16.017037557408223
s34,700.0,0.3045902517658174,-14.493304328395215
s35,900.0,0.3045902517658174,-12.95134400980532
s36,1100.0,0.3045902517658174,-12.191533017050611
s37,500.0,0.3094841454596282,-16.588117866644577
s38,700.0,0.3094841454596282,-14.60744563371568
s39,900.0,0.3094841454596282,-13.543207398936959
s40,1100.0,0.3094841454596282,-12.598982871127538
s41,500.0,0.35683137520963887,-15.063673362411775
s42,700.0,0.35683137520963887,-12.92327801429672
s43,900.0,0.35683137520963887,-11.444907325592647
s44,1100.0,0.35683137520963887,-10.545101923307842
s45,500.0,0.3734380360944447,-15.498210898800634
s46,700.0,0.3734380360944447,-13.030063069190115
s47,900.0,0.3734380360944447,-11.681892593448204
s48,1100.0,0.3734380360944447,-10.752073121523507
s49,500.0,0.32890301821612783,-14.531482963711055
s50,700.0,0.32890301821612783,-12.273888674281501
s51,900.0,0.32890301821612783,-11.088753796626417
s52,1100.0,0.32890301821612783,-10.384259893486323
s53,500.0,0.3166502385491129,-14.651697480634432
s54,700.0,0.3166502385491129,-12.814526293208994
s55,900.0,0.3166502385491129,-11.449428635621194
s56,1100.0,0.3166502385491129,-10.646064425580263
s57,500.0,0.37615745986373555,-15.811978797280311
s58,700.0,0.37615745986373555,-13.499232385184198
s59,900.0,0.37615745986373555,-12.05519609706438
s60,1100.0,0.37615745986373555,-11.008286757009666
s61,500.0,0.3301976321696667,-16.193155002158832
s62,700.0,0.3301976321696667,-14.622271004968917
s63,900.0,0.3301976321696667,-13.074572425493812
s64,1100.0,0.3301976321696667,-11.944378634039126
s65,500.0,0.31875434318967527,-16.84922037807049
s66,700.0,0.31875434318967527,-15.452774686067952
s67,900.0,0.31875434318967527,-14.022489608292775
s68,1100.0,0.31875434318967527,-12.663431529287703
s69,500.0,0.32893839491502236,-14.265361830187556
s70,700.0,0.32893839491502236,-12.27696148988738
s71,900.0,0.32893839491502236,-10.940768579337366
s72,1100.0,0.32893839491502236,-10.09149526642792
s73,500.0,0.3407396330997306,-16.067514133853038
s74,700.0,0.3407396330997306,-14.235967963477183
s75,900.0,0.3407396330997306,-12.639144704369706
s76,1100.0,0.3407396330997306,-11.76874332211041
s77,500.0,0.32644688977586744,-15.024453484498173
s78,700.0,0.32644688977586744,-12.82958977816056
s79,900.0,0.32644688977586744,-11.731951110792734
s80,1100.0,0.32644688977586744,-10.845920151359234
s81,500.0,0.36764581741548635,-16.358899432754498
s82,700.0,0.36764581741548635,-13.984109645500018
s83,900.0,0.36764581741548635,-12.707520439928581
s84,1100.0,0.36764581741548635,-11.635846927264346
s85,500.0,0.3588738706394696,-16.098593606896927
s86,700.0,0.3588738706394696,-14.259372964744726
s87,900.0,0.3588738706394696,-12.644857355955041
s88,1100.0,0.3588738706394696,-11.497145968371719
s89,500.0,0.32285019314284424,-14.256990563905111
s90,700.0,0.32285019314284424,-12.205575637404937
s91,900.0,0.32285019314284424,-10.925837135513019
s92,1100.0,0.32285019314284424,-10.183487235929379
s93,500.0,0.45638255434016484,-17.833692996875204
s94,700.0,0.45638255434016484,-14.977219796557094
s95,900.0,0.45638255434016484,-12.996263117401467
s96,1100.0,0.45638255434016484,-12.152934513604015
s97,500.0,0.36962551242516517,-14.37292967204356
s98,700.0,0.36962551242516517,-12.480330581033177
s99,900.0,0.36962551242516517,-10.600166041916369
s100,1100.0,0.36962551242516517,-9.753325940300352
s101,500.0,0.35091668349212374,-15.07280660180631
s102,700.0,0.35091668349212374,-12.759990442701747
s103,900.0,0.35091668349212374,-11.511097086304462
s104,1100.0,0.35091668349212374,-10.60029839038564
s105,500.0,0.36667270797750134,-17.27846250712225
s106,700.0,0.36667270797750134,-14.633354925544943
s107,900.0,0.36667270797750134,-13.512779834648935
s108,1100.0,0.36667270797750134,-12.596085613964936
s109,500.0,0.3097557780126785,-13.978379869808803
s110,700.0,0.3097557780126785,-12.014031521972395
s111,900.0,0.3097557780126785,-10.7199436958765
s112,1100.0,0.3097557780126785,-10.105231924918035
s113,500.0,0.3663836241971582,-16.428931683746526
s114,700.0,0.3663836241971582,-14.515347917740181
s115,900.0,0.3663836241971582,-12.851243151719421
s116,1100.0,0.3663836241971582,-11.754576833707578
s117,500.0,0.35084039286020974,-16.82966437283499
s118,700.0,0.35084039286020974,-14.882876001711825
s119,900.0,0.35084039286020974,-13.311866127133934
s120,1100.0,0.35084039286020974,-12.38777283657143
s121,500.0,0.2984704895511851,-14.207463675360263
s122,700.0,0.2984704895511851,-12.28252156553352
s123,900.0,0.2984704895511851,-11.169558698107398
s124,1100.0,0.2984704895511851,-10.414293243903604
s125,500.0,0.3807178161704293,-16.933305324103753
s126,700.0,0.3807178161704293,-14.702578044941063
s127,900.0,0.3807178161704293,-13.122371404864376
s128,1100.0,0.3807178161704293,-12.092267485142656
s129,500.0,0.3352917799860231,-14.744612082763277
s130,700.0,0.3352917799860231,-12.779449708779573
s131,900.0,0.3352917799860231,-11.348168579566801
s132,1100.0,0.3352917799860231,-10.503390235281902
s133,500.0,0.37711492315454104,-17.16094441986192
s134,700.0,0.37711492315454104,-14.823027210268778
s135,900.0,0.37711492315454104,-13.376269408265827
s136,1100.0,0.37711492315454104,-12.352357440632273
s137,500.0,0.33239678579562437,-14.907813290922618
s138,700.0,0.33239678579562437,-12.798502226123167
s139,900.0,0.33239678579562437,-11.54189210615087
s140,1100.0,0.33239678579562437,-10.678945123547713
s141,500.0,0.2695680653141137,-12.62179431497255
s142,700.0,0.2695680653141137,-10.728773484796006
s143,900.0,0.2695680653141137,-9.817856496395107
s144,1100.0,0.2695680653141137,-9.206669114586937
s145,500.0,0.3583626032233921,-16.44088958394727
s146,700.0,0.3583626032233921,-14.51324154590196
s147,900.0,0.3583626032233921,-12.957300559698576
s148,1100.0,0.3583626032233921,-11.851928360704264
s149,500.0,0.32836754634949944,-14.612385587972822
s150,700.0,0.32836754634949944,-12.623941741243238
s151,900.0,0.32836754634949944,-11.229376065497181
s152,1100.0,0.32836754634949944,-10.480818532178597
s153,500.0,0.33879570910334483,-15.016226279555987
s154,700.0,0.33879570910334483,-13.036379295891454
s155,900.0,0.33879570910334483,-11.619409529505376
s156,1100.0,0.33879570910334483,-10.712077430376672
s157,500.0,0.3700692789770689,-16.233970188786056
s158,700.0,0.3700692789770689,-14.311282863423404
s159,900.0,0.3700692789770689,-12.588129179834157
s160,1100.0,0.3700692789770689,-11.531902370433123
s161,500.0,0.3648058097496108,-14.773666350374278
s162,700.0,0.3648058097496108,-12.501742820752142
s163,900.0,0.3648058097496108,-10.989187835734107
s164,1100.0,0.3648058097496108,-10.18886686701965
s165,500.0,0.3001221221274675,-14.223114459349283
s166,700.0,0.3001221221274675,-12.449031731164071
s167,900.0,0.3001221221274675,-11.173578550512293
s168,1100.0,0.3001221221274675,-10.429744504267298
s169,500.0,0.24743424665543878,-12.589845608342173
s170,700.0,0.24743424665543878,-10.847977257920059
s171,900.0,0.24743424665543878,-9.959662945246288
s172,1100.0,0.24743424665543878,-9.48579731584702
s173,500.0,0.32992916046873416,-15.962999949624969
s174,700.0,0.32992916046873416,-14.238490210633968
s175,900.0,0.32992916046873416,-12.766811113075095
s176,1100.0,0.32992916046873416,-11.739395139272712
s177,500.0,0.2985751903807019,-13.487877008876485
s178,700.0,0.2985751903807019,-11.44242487790698
s179,900.0,0.2985751903807019,-10.3371563750385
s180,1100.0,0.2985751903807019,-9.737745706155478
s181,500.0,0.31918523315486746,-15.42057609084416
s182,700.0,0.31918523315486746,-13.588926772780837
s183,900.0,0.31918523315486746,-12.374308858222777
s184,1100.0,0.31918523315486746,-11.285186026552834
s185,500.0,0.32219848947794083,-14.363074992320104
s186,700.0,0.32219848947794083,-12.302541244022281
s187,900.0,0.32219848947794083,-11.073338423980209
s188,1100.0,0.32219848947794083,-10.276627330012523
s189,500.0,0.3475263680976589,-14.886735192184851
s190,700.0,0.3475263680976589,-13.28760036128912
s191,900.0,0.3475263680976589,-11.608613123806903
s192,1100.0,0.3475263680976589,-10.42063708282911
s193,500.0,0.43719575740986805,-16.709620968201843
s194,700.0,0.43719575740986805,-14.14334687146534
s195,900.0,0.43719575740986805,-12.257594314530035
s196,1100.0,0.43719575740986805,-11.191736455812405
s197,500.0,0.32510743705954875,-14.700583556594573
s198,700.0,0.32510743705954875,-12.7531855181814
s199,900.0,0.32510743705954875,-11.523208899145251
s200,1100.0,0.32510743705954875,-10.517818180582573
s201,500.0,0.3262082298571204,-14.221248994278127
s202,700.0,0.3262082298571204,-12.226213486560557
s203,900.0,0.3262082298571204,-10.847179236361143
s204,1100.0,0.3262082298571204,-10.121343267493344
s205,500.0,0.33589018539106263,-14.455269338758534
s206,700.0,0.33589018539106263,-12.120769077365232
s207,900.0,0.33589018539106263,-10.911274743168851
s208,1100.0,0.33589018539106263,-10.231289966000991
s209,500.0,0.4120137349045458,-16.89013290841563
s210,700.0,0.4120137349045458,-14.780856707079218
s211,900.0,0.4120137349045458,-12.750326953710916
s212,1100.0,0.4120137349045458,-11.704452484714693
s213,500.0,0.3567768977234476,-17.20944815722343
s214,700.0,0.3567768977234476,-16.045929634465136
s215,900.0,0.3567768977234476,-14.072754684543018
s216,1100.0,0.3567768977234476,-12.56779843916713
s217,500.0,0.33718452768471063,-15.625666807066917
s218,700.0,0.33718452768471063,-13.522615561483258
s219,900.0,0.33718452768471063,-12.194296372693785
s220,1100.0,0.33718452768471063,-11.35065760314259
s221,500.0,0.30673136981044374,-13.98744736555374
s222,700.0,0.30673136981044374,-11.921922617321151
s223,900.0,0.30673136981044374,-10.80072230519604
s224,1100.0,0.30673136981044374,-10.112376369187167
s225,500.0,0.33917176832985,-14.226721854415624
s226,700.0,0.33917176832985,-12.311608834856571
s227,900.0,0.33917176832985,-10.760050257460755
s228,1100.0,0.33917176832985,-9.964220742139501
s229,500.0,0.2900002167589202,-13.128456062247029
s230,700.0,0.2900002167589202,-11.309069488545358
s231,900.0,0.2900002167589202,-10.127763420410165
s232,1100.0,0.2900002167589202,-9.477545447995979
s233,500.0,0.3165403987587705,-16.197024854784633
s234,700.0,0.3165403987587705,-14.563011418121476
s235,900.0,0.3165403987587705,-13.001539475584957
s236,1100.0,0.3165403987587705,-12.219306430646421
s237,500.0,0.3946782634760216,-16.72765451482195
s238,700.0,0.3946782634760216,-14.384458512191076
s239,900.0,0.3946782634760216,-12.781996872433318
s240,1100.0,0.3946782634760216,-11.7018277580493
s241,500.0,0.4081733154486487,-16.50980416381348
s242,700.0,0.4081733154486487,-14.448476730764146
s243,900.0,0.4081733154486487,-12.53844010892067
s244,1100.0,0.4081733154486487,-11.304646547585886
s245,500.0,0.26491898670672553,-13.80421394955886
s246,700.0,0.26491898670672553,-12.463825215922665
s247,900.0,0.26491898670672553,-11.192943637630542
s248,1100.0,0.26491898670672553,-10.444195626561289
s249,500.0,0.41978834638562584,-17.27933600205615
s250,700.0,0.41978834638562584,-14.730980662535508
s251,900.0,0.41978834638562584,-13.115321150858941
s252,1100.0,0.41978834638562584,-11.907437217857593
s253,500.0,0.3347728025512034,-14.949588123724832
s254,700.0,0.3347728025512034,-12.912847222374586
s255,900.0,0.3347728025512034,-11.616130134974032
s256,1100.0,0.3347728025512034,-10.672009762114618
s257,500.0,0.38395307209140084,-16.239225489812437
s258,700.0,0.38395307209140084,-13.860482519583325
s259,900.0,0.38395307209140084,-12.38993790777435
s260,1100.0,0.38395307209140084,-11.341450546667959
s261,500.0,0.30674449019083344,-13.677373383509172
s262,700.0,0.30674449019083344,-11.675324683856184
s263,900.0,0.30674449019083344,-10.547054114407063
s264,1100.0,0.30674449019083344,-9.780116365898552
s265,500.0,0.39329906522592295,-17.411462325920176
s266,700.0,0.39329906522592295,-16.187696071764957
s267,900.0,0.39329906522592295,-13.640966817562516
s268,1100.0,0.39329906522592295,-12.476567740765582
s269,500.0,0.38145750019265606,-14.877118886172072
s270,700.0,0.38145750019265606,-12.810339276761995
s271,900.0,0.38145750019265606,-10.997195045576317
s272,1100.0,0.38145750019265606,-10.08545543917926
s273,500.0,0.33405435137424067,-14.331869669902717
s274,700.0,0.33405435137424067,-12.038635730898038
s275,900.0,0.33405435137424067,-10.80695182781046
s276,1100.0,0.33405435137424067,-10.135315448324333
s277,500.0,0.32285842134921006,-14.952781334373345
s278,700.0,0.32285842134921006,-12.919404439245225
s279,900.0,0.32285842134921006,-11.674985919517445
s280,1100.0,0.32285842134921006,-10.852209499951929
s281,500.0,0.3522478087132517,-15.701559865088017
s282,700.0,0.3522478087132517,-13.524043125881267
s283,900.0,0.3522478087132517,-12.169254808958216
s284,1100.0,0.3522478087132517,-11.209411416900954
s285,500.0,0.36374643619774405,-16.392066794170535
s286,700.0,0.36374643619774405,-14.379591624005633
s287,900.0,0.36374643619774405,-12.750448411721425
s288,1100.0,0.36374643619774405,-11.784548535679615
s289,500.0,0.3198816152791402,-16.561591758528973
s290,700.0,0.3198816152791402,-15.159193115841976
s291,900.0,0.3198816152791402,-13.123279841500745
s292,1100.0,0.3198816152791402,-12.694213367892475
s293,500.0,0.3694378040039659,-16.16936532813614
s294,700.0,0.3694378040039659,-13.678800196310663
s295,900.0,0.3694378040039659,-12.464021504220417
s296,1100.0,0.3694378040039659,-11.428068343937124
s297,500.0,0.36042269265217663,-14.7692533305889
s298,700.0,0.36042269265217663,-12.80557786923377
s299,900.0,0.36042269265217663,-11.06206195555759
s300,1100.0,0.36042269265217663,-10.263067324622957
s301,500.0,0.43362057207042976,-15.54181169575925
s302,700.0,0.43362057207042976,-12.626243119317504
s303,900.0,0.43362057207042976,-10.984450445679254
s304,1100.0,0.43362057207042976,-10.093349512767624
s305,500.0,0.32797554116373207,-13.556231325553487
s306,700.0,0.32797554116373207,-11.338297060504619
s307,900.0,0.32797554116373207,-10.121156711231496
s308,1100.0,0.32797554116373207,-9.426718491799877
s309,500.0,0.3046609524168015,-16.131532445300216
s310,700.0,0.3046609524168015,-15.211121450320153
s311,900.0,0.3046609524168015,-13.473776196180873
s312,1100.0,0.3046609524168015,-12.167127786069317
s313,500.0,0.28702802702615826,-13.693321238727007
s314,700.0,0.28702802702615826,-11.825314951944364
s315,900.0,0.28702802702615826,-10.722948998184535
s316,1100.0,0.28702802702615826,-10.070214401638703
s317,500.0,0.3713003482545022,-15.961038713945534
s318,700.0,0.3713003482545022,-13.370093880605076
s319,900.0,0.3713003482545022,-12.203785657389673
s320,1100.0,0.3713003482545022,-11.201385584512906
s321,500.0,0.28635609492157427,-13.710151023292028
s322,700.0,0.28635609492157427,-11.832930035719844
s323,900.0,0.28635609492157427,-10.721615568808364
s324,1100.0,0.28635609492157427,-10.107453572626905
s325,500.0,0.3568155054796046,-16.185140687374012
s326,700.0,0.3568155054796046,-14.301670789652125
s327,900.0,0.3568155054796046,-12.65908718409165
s328,1100.0,0.3568155054796046,-11.65310847106989
s329,500.0,0.2914030162177893,-14.63129145817202
s330,700.0,0.2914030162177893,-12.98962365793822
s331,900.0,0.2914030162177893,-11.733246657304218
s332,1100.0,0.2914030162177893,-10.925120387988057
s333,500.0,0.3093173462027479,-15.583444359590429
s334,700.0,0.3093173462027479,-13.99285147584431
s335,900.0,0.3093173462027479,-12.527241159422346
s336,1100.0,0.3093173462027479,-11.660615486517337
s337,500.0,0.29352548884266766,-14.366669266645731
s338,700.0,0.29352548884266766,-12.561294248282076
s339,900.0,0.29352548884266766,-11.437623162012375
s340,1100.0,0.29352548884266766,-10.616755040953587
s341,500.0,0.2886252268535277,-13.40858470992052
s342,700.0,0.2886252268535277,-11.444178636666901
s343,900.0,0.2886252268535277,-10.398549843960023
s344,1100.0,0.2886252268535277,-9.765536505617755
s345,500.0,0.30019875012174685,-16.904500939984523
s346,700.0,0.30019875012174685,-15.839600550807384
s347,900.0,0.30019875012174685,-14.001971840759227
s348,1100.0,0.30019875012174685,-13.132227928792862
s349,500.0,0.33405599074979064,-14.348796287974926
s350,700.0,0.33405599074979064,-12.321403463817642
s351,900.0,0.33405599074979064,-10.943272270619435
s352,1100.0,0.33405599074979064,-10.124997502058385
s353,500.0,0.3295744351777446,-15.034794736009978
s354,700.0,0.3295744351777446,-13.21964385164417
s355,900.0,0.3295744351777446,-11.830301376130036
s356,1100.0,0.3295744351777446,-10.8086868155411
s357,500.0,0.39854947999677237,-14.811799431990577
s358,700.0,0.39854947999677237,-12.399204422792907
s359,900.0,0.39854947999677237,-10.666728472712249
s360,1100.0,0.39854947999677237,-9.818933987263549
s361,500.0,0.27610747249150647,-12.886099257831914
s362,700.0,0.27610747249150647,-10.91233059402655
s363,900.0,0.27610747249150647,-9.982756069745415
s364,1100.0,0.27610747249150647,-9.400417041876688
s365,500.0,0.3726395683510095,-15.808242754139789
s366,700.0,0.3726395683510095,-13.409456993475686
s367,900.0,0.3726395683510095,-12.081425989075283
s368,1100.0,0.3726395683510095,-11.036566482731674
s369,500.0,0.27486836102246454,-14.081327445249832
s370,700.0,0.27486836102246454,-12.693560672363214
s371,900.0,0.27486836102246454,-11.371992926343228
s372,1100.0,0.27486836102246454,-10.595550218799797
s373,500.0,0.35196357538283435,-14.175957480766638
s374,700.0,0.35196357538283435,-11.773829417722718
s375,900.0,0.35196357538283435,-10.503336902210574
s376,1100.0,0.35196357538283435,-9.733605463688129
s377,500.0,0.24828019162968573,-12.900278116957384
s378,700.0,0.24828019162968573,-11.185723598144648
s379,900.0,0.24828019162968573,-10.27622930744938
s380,1100.0,0.24828019162968573,-9.782109324334392
s381,500.0,0.3805522519943511,-15.639741522240698
s382,700.0,0.3805522519943511,-13.309833578347092
s383,900.0,0.3805522519943511,-11.812236630301683
s384,1100.0,0.3805522519943511,-10.796238161139199
s385,500.0,0.4250465479516051,-16.49006866380947
s386,700.0,0.4250465479516051,-13.783738970479092
s387,900.0,0.4250465479516051,-12.134502234346158
s388,1100.0,0.4250465479516051,-11.109659512904322
s389,500.0,0.3605370300093725,-14.74432582637551
s390,700.0,0.3605370300093725,-12.263056216018231
s391,900.0,0.3605370300093725,-10.93752775747459
s392,1100.0,0.3605370300093725,-10.215520058048263
s393,500.0,0.41040175714595567,-16.17902320789352
s394,700.0,0.41040175714595567,-13.753443376428123
s395,900.0,0.41040175714595567,-11.984519632534445
s396,1100.0,0.41040175714595567,-11.005370409962465
s397,500.0,0.3578182051232452,-15.88005443066773
s398,700.0,0.3578182051232452,-13.51330985923455
s399,900.0,0.3578182051232452,-12.284842891562684
s400,1100.0,0.3578182051232452,-11.298096214177491
s401,500.0,0.35391043122901467,-16.066272541373422
s402,700.0,0.35391043122901467,-14.180258136672318
s403,900.0,0.35391043122901467,-12.607956965016015
s404,1100.0,0.35391043122901467,-11.546891339052166
s405,500.0,0.3163759243347785,-14.511319344606942
s406,700.0,0.3163759243347785,-12.880756474718778
s407,900.0,0.3163759243347785,-11.43950520047658
s408,1100.0,0.3163759243347785,-10.468437745906467
s409,500.0,0.32834899200568174,-15.020925908615382
s410,700.0,0.32834899200568174,-12.667465973355059
s411,900.0,0.32834899200568174,-11.620712690602172
s412,1100.0,0.32834899200568174,-10.84574133722841
s413,500.0,0.3269594085613143,-15.570368497237661
s414,700.0,0.3269594085613143,-13.906468203939614
s415,900.0,0.3269594085613143,-12.390792046269807
s416,1100.0,0.3269594085613143,-11.39812292146538
s417,500.0,0.33442521697845234,-14.349318630421704
s418,700.0,0.33442521697845234,-11.980849365120255
s419,900.0,0.33442521697845234,-10.806223376356252
s420,1100.0,0.33442521697845234,-10.145360940190422
s421,500.0,0.24843294824592524,-12.137425277982828
s422,700.0,0.24843294824592524,-10.407350997395874
s423,900.0,0.24843294824592524,-9.562921143224479
s424,1100.0,0.24843294824592524,-8.986869612359977
s425,500.0,0.39481252943174633,-16.590534338052468
s426,700.0,0.39481252943174633,-14.007464248608873
s427,900.0,0.39481252943174633,-12.511889158777612
s428,1100.0,0.39481252943174633,-11.600923749695225
s429,500.0,0.3940454540189,-17.002500834263568
s430,700.0,0.3940454540189,-14.897160352595984
s431,900.0,0.3940454540189,-13.001807733225627
s432,1100.0,0.3940454540189,-12.05302996212257
s433,500.0,0.38378779600587953,-15.664747560737933
s434,700.0,0.38378779600587953,-13.39132306664152
s435,900.0,0.38378779600587953,-11.788025142237087
s436,1100.0,0.38378779600587953,-10.800480657223403
s437,500.0,0.3096945906968859,-14.314191185572804
s438,700.0,0.3096945906968859,-12.60893664970678
s439,900.0,0.3096945906968859,-11.222413137559244
s440,1100.0,0.3096945906968859,-10.387712611438035
s441,500.0,0.3306030603527163,-16.45030650736458
s442,700.0,0.3306030603527163,-14.454824207444716
s443,900.0,0.3306030603527163,-13.020105881895548
s444,1100.0,0.3306030603527163,-12.304951809926752
s445,500.0,0.284513613568231,-13.387622590854814
s446,700.0,0.284513613568231,-11.2883036482129
s447,900.0,0.284513613568231,-10.361486309284627
s448,1100.0,0.284513613568231,-9.805291275813545
s449,500.0,0.353661364124891,-14.336758925319566
s450,700.0,0.353661364124891,-12.170846290437668
s451,900.0,0.353661364124891,-10.659840446576695
s452,1100.0,0.353661364124891,-9.901844942075778
s453,500.0,0.408921979619022,-16.09955695453763
s454,700.0,0.408921979619022,-13.120298725170233
s455,900.0,0.408921979619022,-11.814768648556445
s456,1100.0,0.408921979619022,-10.920576560071952
s457,500.0,0.32161570770372044,-15.469296527640996
s458,700.0,0.32161570770372044,-13.80142341516
s459,900.0,0.32161570770372044,-12.212476211497286
s460,1100.0,0.32161570770372044,-11.432274949354122
s461,500.0,0.3416224425446906,-16.37830542970395
s462,700.0,0.3416224425446906,-14.455228340260884
s463,900.0,0.3416224425446906,-13.09883206308523
s464,1100.0,0.3416224425446906,-11.96825188013905
s465,500.0,0.3931500172535583,-16.748074845178248
s466,700.0,0.3931500172535583,-14.351399599994577
s467,900.0,0.3931500172535583,-12.826397198961278
s468,1100.0,0.3931500172535583,-11.72772295684626
s469,500.0,0.34563628954523135,-15.236429377160482
s470,700.0,0.34563628954523135,-13.12636871419607
s471,900.0,0.34563628954523135,-11.726496079443121
s472,1100.0,0.34563628954523135,-10.856833200721594
s473,500.0,0.386437025339119,-15.255413068865394
s474,700.0,0.386437025339119,-12.54023309723926
s475,900.0,0.386437025339119,-11.17925924947527
s476,1100.0,0.386437025339119,-10.390835996724144
s477,500.0,0.3135749155312287,-14.90045415348265
s478,700.0,0.3135749155312287,-13.031382829957513
s479,900.0,0.3135749155312287,-11.803459649736688
s480,1100.0,0.3135749155312287,-10.885334192162443
s481,500.0,0.4089191473674941,-17.09928581270984
s482,700.0,0.4089191473674941,-14.610238048520356
s483,900.0,0.4089191473674941,-13.071098769471346
s484,1100.0,0.4089191473674941,-11.849975926457356
s485,500.0,0.3603029172997076,-16.51833889258148
s486,700.0,0.3603029172997076,-14.954994425781734
s487,900.0,0.3603029172997076,-13.046598015007264
s488,1100.0,0.3603029172997076,-11.942412110858012
s489,500.0,0.34243834531985406,-15.842198362515218
s490,700.0,0.34243834531985406,-14.040097981352163
s491,900.0,0.34243834531985406,-12.568796114401916
s492,1100.0,0.34243834531985406,-11.43230324615536
s493,500.0,0.3231566989004724,-14.344208354507998
s494,700.0,0.3231566989004724,-12.2636433649973
s495,900.0,0.3231566989004724,-11.04288721642619
s496,1100.0,0.3231566989004724,-10.24456892212065
s497,500.0,0.33076432882529944,-16.96687428130489
s498,700.0,0.33076432882529944,-15.261828510413595
s499,900.0,0.33076432882529944,-13.765653890872148
s500,1100.0,0.33076432882529944,-12.73437374801331
s501,500.0,0.30265834731837415,-16.260318653429746
s502,700.0,0.30265834731837415,-14.673898723965321
s503,900.0,0.30265834731837415,-13.33392583264868
s504,1100.0,0.30265834731837415,-12.38206156488143
s505,500.0,0.292970938735755,-14.44652906875201
s506,700.0,0.292970938735755,-13.140592082491644
s507,900.0,0.292970938735755,-11.659365485114353
s508,1100.0,0.292970938735755,-10.700809547943384
s509,500.0,0.3316725570184401,-15.507576943667393
s510,700.0,0.3316725570184401,-13.507171969715026
s511,900.0,0.3316725570184401,-12.216324194501887
s512,1100.0,0.3316725570184401,-11.265890914706207
s513,500.0,0.32458663290238,-14.374743190819109
s514,700.0,0.32458663290238,-12.466199696549145
s515,900.0,0.32458663290238,-11.050119912302447
s516,1100.0,0.32458663290238,-10.288330356972363
s517,500.0,0.2638843773455591,-12.943955034890427
s518,700.0,0.2638843773455591,-11.240742039732543
s519,900.0,0.2638843773455591,-10.20903034937786
s520,1100.0,0.2638843773455591,-9.617312364322798
s521,500.0,0.27304163585305746,-13.687287259333992
s522,700.0,0.27304163585305746,-12.055146041704145
s523,900.0,0.27304163585305746,-10.912293569545614
s524,1100.0,0.27304163585305746,-10.233886766387013
s525,500.0,0.35906886233639285,-16.348044640870107
s526,700.0,0.35906886233639285,-14.333202432772454
s527,900.0,0.35906886233639285,-12.904120593331445
s528,1100.0,0.35906886233639285,-11.712038019868467
s529,500.0,0.3696664236981486,-15.265773316302363
s530,700.0,0.3696664236981486,-13.090775952187634
s531,900.0,0.3696664236981486,-11.54729404151533
s532,1100.0,0.3696664236981486,-10.574005975171787
s533,500.0,0.2995176334434691,-13.589072045413566
s534,700.0,0.2995176334434691,-11.510900555265538
s535,900.0,0.2995176334434691,-10.480001163852167
s536,1100.0,0.2995176334434691,-9.794665328387646
s537,500.0,0.28861339904338495,-12.515310431208313
s538,700.0,0.28861339904338495,-10.36467380354053
s539,900.0,0.28861339904338495,-9.485236063465312
s540,1100.0,0.28861339904338495,-8.856290587734449
s541,500.0,0.3568424105981529,-15.518250066327319
s542,700.0,0.3568424105981529,-13.416028681286432
s543,900.0,0.3568424105981529,-11.985948661729367
s544,1100.0,0.3568424105981529,-10.95716540838957
s545,500.0,0.24408845280274935,-12.515506683152273
s546,700.0,0.24408845280274935,-10.980748326521534
s547,900.0,0.24408845280274935,-10.023889242739282
s548,1100.0,0.24408845280274935,-9.423245183962534
s549,500.0,0.34954467801159245,-15.151188127445035
s550,700.0,0.34954467801159245,-12.99950728718403
s551,900.0,0.34954467801159245,-11.575561245619156
s552,1100.0,0.34954467801159245,-10.733876360631793
s553,500.0,0.37553123395797594,-17.16590059353486
s554,700.0,0.37553123395797594,-15.31874127828759
s555,900.0,0.37553123395797594,-13.50466119241885
s556,1100.0,0.37553123395797594,-12.388370075994986
s557,500.0,0.3676890242127704,-15.172457686677614
s558,700.0,0.3676890242127704,-12.964832533537248
s559,900.0,0.3676890242127704,-11.390430564597228
s560,1100.0,0.3676890242127704,-10.545539665112976
s561,500.0,0.33294813998987316,-15.152729791844921
s562,700.0,0.33294813998987316,-12.93088834611486
s563,900.0,0.33294813998987316,-11.70881879509312
s564,1100.0,0.33294813998987316,-10.9409977662283
s565,500.0,0.36147952430851327,-15.71494590073632
s566,700.0,0.36147952430851327,-13.331757671903953
s567,900.0,0.36147952430851327,-12.079547961939786
s568,1100.0,0.36147952430851327,-11.089125827435339
s569,500.0,0.268209510837572,-13.172757648509512
s570,700.0,0.268209510837572,-11.352435209092231
s571,900.0,0.268209510837572,-10.38683381179173
s572,1100.0,0.268209510837572,-9.78194462101475
s573,500.0,0.40028397486816075,-15.67547130773729
s574,700.0,0.40028397486816075,-13.094546790788037
s575,900.0,0.40028397486816075,-11.590095861529038
s576,1100.0,0.40028397486816075,-10.594679198329725
s577,500.0,0.42192661808134413,-17.17630807447705
s578,700.0,0.42192661808134413,-14.727467932780401
s579,900.0,0.42192661808134413,-12.867972995100805
s580,1100.0,0.42192661808134413,-11.861746975690599
s581,500.0,0.28207030015761625,-12.710630836176053
s582,700.0,0.28207030015761625,-10.685097404037467
s583,900.0,0.28207030015761625,-9.725192314051617
s584,1100.0,0.28207030015761625,-9.159080169182017
s585,500.0,0.34856513271314504,-14.164776041754184
s586,700.0,0.34856513271314504,-12.128057779816878
s587,900.0,0.34856513271314504,-10.603514385144926
s588,1100.0,0.34856513271314504,-9.77339364161288
s589,500.0,0.2976482768807738,-15.462836407156423
s590,700.0,0.2976482768807738,-13.75808441965091
s591,900.0,0.2976482768807738,-12.509463743517138
s592,1100.0,0.2976482768807738,-11.669390217023357
s593,500.0,0.2952041641249652,-13.082580507360127
s594,700.0,0.2952041641249652,-11.204464387570194
s595,900.0,0.2952041641249652,-10.002698461500605
s596,1100.0,0.2952041641249652,-9.376378428339525
s597,500.0,0.2733794323134232,-13.433506721335487
s598,700.0,0.2733794323134232,-11.61960752948986
s599,900.0,0.2733794323134232,-10.571149610834583
s600,1100.0,0.2733794323134232,-9.99601181204037
s601,500.0,0.34336598477848385,-15.36729547226238
s602,700.0,0.34336598477848385,-13.23405472732069
s603,900.0,0.34336598477848385,-11.884997560429968
s604,1100.0,0.34336598477848385,-11.008502126324712
s605,500.0,0.36460282500190727,-16.779441641259616
s606,700.0,0.36460282500190727,-14.743504872219102
s607,900.0,0.36460282500190727,-13.15864806455742
s608,1100.0,0.36460282500190727,-12.142041832661645
s609,500.0,0.3970584477931049,-15.389939540390086
s610,700.0,0.3970584477931049,-12.843051048078493
s611,900.0,0.3970584477931049,-11.249924705241924
s612,1100.0,0.3970584477931049,-10.400548737168593
s613,500.0,0.28780325933436535,-13.527805430564108
s614,700.0,0.28780325933436535,-11.57350031434202
s615,900.0,0.28780325933436535,-10.487304304123265
s616,1100.0,0.28780325933436535,-9.917425131815216
s617,500.0,0.4042290560895014,-16.95942368239437
s618,700.0,0.4042290560895014,-14.472806371162857
s619,900.0,0.4042290560895014,-12.88523002544775
s620,1100.0,0.4042290560895014,-11.817590579320532
s621,500.0,0.3393606219621698,-14.219144140701761
s622,700.0,0.3393606219621698,-13.00731672374365
s623,900.0,0.3393606219621698,-10.934556607965744
s624,1100.0,0.3393606219621698,-9.955485223405955
s625,500.0,0.2817846001901572,-17.218073712859145
s626,700.0,0.2817846001901572,-16.54240614679189
s627,900.0,0.2817846001901572,-14.691259314236119
s628,1100.0,0.2817846001901572,-13.615104404779848
s629,500.0,0.2689394423507691,-13.066946568314426
s630,700.0,0.2689394423507691,-11.198894293967815
s631,900.0,0.2689394423507691,-10.222005499733768
s632,1100.0,0.2689394423507691,-9.689141318286843
s633,500.0,0.42401573651816743,-16.105686445534644
s634,700.0,0.42401573651816743,-13.689571004253898
s635,900.0,0.42401573651816743,-11.842772905251506
s636,1100.0,0.42401573651816743,-10.73439037606083
s637,500.0,0.33791880529083734,-14.69958879574686
s638,700.0,0.33791880529083734,-12.715326995247846
s639,900.0,0.33791880529083734,-11.265173509209953
s640,1100.0,0.33791880529083734,-10.430889732227175
s641,500.0,0.313122216240799,-13.97090813949345
s642,700.0,0.313122216240799,-11.868397222077062
s643,900.0,0.313122216240799,-10.735460524478828
s644,1100.0,0.313122216240799,-10.006191250350966
s645,500.0,0.27629911056177714,-14.466783426764264
s646,700.0,0.27629911056177714,-13.096540785693408
s647,900.0,0.27629911056177714,-11.880040734686846
s648,1100.0,0.27629911056177714,-10.890739531878005
s649,500.0,0.29439838098139953,-13.695234210711831
s650,700.0,0.29439838098139953,-11.995586003381211
s651,900.0,0.29439838098139953,-10.815348880940482
s652,1100.0,0.29439838098139953,-9.918374803015556
s653,500.0,0.3585155725791844,-15.295032222039637
s654,700.0,0.3585155725791844,-13.607777413927213
s655,900.0,0.3585155725791844,-11.850970821071071
s656,1100.0,0.3585155725791844,-10.716721711718279
s657,500.0,0.3664892896999329,-16.333212068455005
s658,700.0,0.3664892896999329,-14.285127801212735
s659,900.0,0.3664892896999329,-12.809562161747897
s660,1100.0,0.3664892896999329,-11.607369344114554
s661,500.0,0.3428064481308552,-14.895269547139513
s662,700.0,0.3428064481308552,-12.669014424182839
s663,900.0,0.3428064481308552,-11.353411620031887
s664,1100.0,0.3428064481308552,-10.56559269354666
s665,500.0,0.25731298681271264,-13.164119695802787
s666,700.0,0.25731298681271264,-11.553956686926513
s667,900.0,0.25731298681271264,-10.425556059097207
s668,1100.0,0.25731298681271264,-9.967493900150831
s669,500.0,0.35662531455986013,-15.219941458672247
s670,700.0,0.35662531455986013,-13.313794202472893
s671,900.0,0.35662531455986013,-11.61846451309831
s672,1100.0,0.35662531455986013,-10.729692331214972
s673,500.0,0.39592087050729174,-16.46060855285067
s674,700.0,0.39592087050729174,-14.37417882084614
s675,900.0,0.39592087050729174,-12.445526656872971
s676,1100.0,0.39592087050729174,-11.48924159737163
s677,500.0,0.3208956005605536,-14.751385910906885
s678,700.0,0.3208956005605536,-12.711546643047285
s679,900.0,0.3208956005605536,-11.472462119973855
s680,1100.0,0.3208956005605536,-10.6846536840003
s681,500.0,0.29390344690647885,-14.131630786422615
s682,700.0,0.29390344690647885,-12.520757839244977
s683,900.0,0.29390344690647885,-11.170686046906052
s684,1100.0,0.29390344690647885,-10.421308804408346
s685,500.0,0.32948006243265593,-15.118872805478848
s686,700.0,0.32948006243265593,-13.29932540908155
s687,900.0,0.32948006243265593,-11.826733559059157
s688,1100.0,0.32948006243265593,-10.942331381423166
s689,500.0,0.2979707850093212,-16.16800548598967
s690,700.0,0.2979707850093212,-15.359604894803939
s691,900.0,0.2979707850093212,-13.56975071788556
s692,1100.0,0.2979707850093212,-12.303473894877712
s693,500.0,0.3407421542225382,-15.89203754588484
s694,700.0,0.3407421542225382,-14.140308904637852
s695,900.0,0.3407421542225382,-12.64197351582546
s696,1100.0,0.3407421542225382,-11.50610969344621
s697,500.0,0.2861066965997097,-13.424925855231548
s698,700.0,0.2861066965997097,-11.607551824632434
s699,900.0,0.2861066965997097,-10.51427248091989
s700,1100.0,0.2861066965997097,-9.792178750100351
s701,500.0,0.41507637205392645,-14.661950300389028
s702,700.0,0.41507637205392645,-11.65137252256605
s703,900.0,0.41507637205392645,-10.200499482588823
s704,1100.0,0.41507637205392645,-9.46916607815545
s705,500.0,0.423963042940548,-17.47555642548953
s706,700.0,0.423963042940548,-14.766764955268616
s707,900.0,0.423963042940548,-13.271459343466464
s708,1100.0,0.423963042940548,-12.029708772252821
s709,500.0,0.33935743162480786,-14.922077243742372
s710,700.0,0.33935743162480786,-12.492215777860489
s711,900.0,0.33935743162480786,-11.448753337780174
s712,1100.0,0.33935743162480786,-10.584622140086196
s713,500.0,0.3876915897017638,-15.187117452462386
s714,700.0,0.3876915897017638,-12.971515929316189
s715,900.0,0.3876915897017638,-11.198320589504943
s716,1100.0,0.3876915897017638,-10.325484526605473
s717,500.0,0.3120695441199605,-14.932159777637674
s718,700.0,0.3120695441199605,-13.11239902743474
s719,900.0,0.3120695441199605,-11.80631143912534
s720,1100.0,0.3120695441199605,-10.966452296702375
s721,500.0,0.3217019671158545,-13.705843390079421
s722,700.0,0.3217019671158545,-11.505901982903943
s723,900.0,0.3217019671158545,-10.27643719489991
s724,1100.0,0.3217019671158545,-9.68501099832134
s725,500.0,0.3156014935916359,-14.161135288684848
s726,700.0,0.3156014935916359,-12.185585710353788
s727,900.0,0.3156014935916359,-10.853856324631069
s728,1100.0,0.3156014935916359,-10.21167297845468
s729,500.0,0.34769887399361066,-13.929142002209655
s730,700.0,0.34769887399361066,-11.49919590953017
s731,900.0,0.34769887399361066,-10.272242839912339
s732,1100.0,0.34769887399361066,-9.548225973424149
s733,500.0,0.2725450340747969,-13.042550644309747
s734,700.0,0.2725450340747969,-11.382575958456044
s735,900.0,0.2725450340747969,-10.2336872482849
s736,1100.0,0.2725450340747969,-9.612484086194177
s737,500.0,0.3407789638180025,-14.29154097939297
s738,700.0,0.3407789638180025,-12.144746104495962
s739,900.0,0.3407789638180025,-10.765646172273815
s740,1100.0,0.3407789638180025,-9.999945447514998
s741,500.0,0.3364246887640942,-15.853724808766573
s742,700.0,0.3364246887640942,-14.051703525674684
s743,900.0,0.3364246887640942,-12.568854474249266
s744,1100.0,0.3364246887640942,-11.554858232002305
s745,500.0,0.4034181584154775,-16.56045021471009
s746,700.0,0.4034181584154775,-14.284605256055958
s747,900.0,0.4034181584154775,-12.569063855503135
s748,1100.0,0.4034181584154775,-11.417720653352449
s749,500.0,0.34092586078290726,-16.306748915297373
s750,700.0,0.34092586078290726,-14.520422897276088
s751,900.0,0.34092586078290726,-12.973977701964733
s752,1100.0,0.34092586078290726,-11.958386786859762
s753,500.0,0.2815501259315814,-13.39821218697675
s754,700.0,0.2815501259315814,-11.409049489800028
s755,900.0,0.2815501259315814,-10.424023976364495
s756,1100.0,0.2815501259315814,-9.854808609964815
s757,500.0,0.3527689068371038,-14.87586583272424
s758,700.0,0.3527689068371038,-12.788084616008966
s759,900.0,0.3527689068371038,-11.322053617767923
s760,1100.0,0.3527689068371038,-10.399712110766242
s761,500.0,0.3506778790416764,-16.208369323640035
s762,700.0,0.3506778790416764,-14.808501043870537
s763,900.0,0.3506778790416764,-12.724400584110096
s764,1100.0,0.3506778790416764,-11.83068195197643
s765,500.0,0.24986713426903714,-17.176198381582086
s766,700.0,0.24986713426903714,-15.790833102317448
s767,900.0,0.24986713426903714,-14.514031779458357
s768,1100.0,0.24986713426903714,-14.099758121522648
s769,500.0,0.27483228557847184,-12.844848328541334
s770,700.0,0.27483228557847184,-11.103795300886963
s771,900.0,0.27483228557847184,-10.00549898522993
s772,1100.0,0.27483228557847184,-9.379990081346769
s773,500.0,0.3358052503638968,-16.567944617650753
s774,700.0,0.3358052503638968,-14.65747249634646
s775,900.0,0.3358052503638968,-13.256330637773262
s776,1100.0,0.3358052503638968,-12.278790807120343
s777,500.0,0.3722688658158932,-15.52220045334882
s778,700.0,0.3722688658158932,-13.280983104510344
s779,900.0,0.3722688658158932,-11.712849394202724
s780,1100.0,0.3722688658158932,-10.825794744975086
s781,500.0,0.2895425637621089,-13.480029818821032
s782,700.0,0.2895425637621089,-11.451879271669304
s783,900.0,0.2895425637621089,-10.443852296528258
s784,1100.0,0.2895425637621089,-9.826164562609243
s785,500.0,0.38557771617802006,-15.392688388428494
s786,700.0,0.38557771617802006,-13.334368576134528
s787,900.0,0.38557771617802006,-11.451640089987114
s788,1100.0,0.38557771617802006,-10.564427313269784
s789,500.0,0.35837324481821864,-16.370092303777266
s790,700.0,0.35837324481821864,-14.55776071429377
s791,900.0,0.35837324481821864,-13.015927988330946
s792,1100.0,0.35837324481821864,-11.726119941446374
s793,500.0,0.3637146449257446,-16.443291634338372
s794,700.0,0.3637146449257446,-14.713147987706591
s795,900.0,0.3637146449257446,-12.961312248036391
s796,1100.0,0.3637146449257446,-11.789224968368174
s797,500.0,0.37684721509182767,-15.6531156589674
s798,700.0,0.37684721509182767,-13.598419548114268
s799,900.0,0.37684721509182767,-11.97651790973803
s800,1100.0,0.37684721509182767,-10.8307889273345
s801,500.0,0.3724353039489206,-14.946000808343964
s802,700.0,0.3724353039489206,-12.500239471731378
s803,900.0,0.3724353039489206,-11.047259660321341
s804,1100.0,0.3724353039489206,-10.26626799355756
s805,500.0,0.41022175497697194,-17.23550588652722
s806,700.0,0.41022175497697194,-14.63116806811349
s807,900.0,0.41022175497697194,-13.128713968512283
s808,1100.0,0.41022175497697194,-11.99019383194525
s809,500.0,0.28644522710119097,-14.672594661848942
s810,700.0,0.28644522710119097,-13.250399330284237
s811,900.0,0.28644522710119097,-11.95966423387886
s812,1100.0,0.28644522710119097,-10.982281954572866
s813,500.0,0.29884903319471745,-13.366466702807527
s814,700.0,0.29884903319471745,-11.18990069486118
s815,900.0,0.29884903319471745,-10.19494504122056
s816,1100.0,0.29884903319471745,-9.603888342726044
s817,500.0,0.28498498358828384,-14.2915872659931
s818,700.0,0.28498498358828384,-12.687342895878205
s819,900.0,0.28498498358828384,-11.520839553615447
s820,1100.0,0.28498498358828384,-10.632057993907749
s821,500.0,0.28998395402273347,-14.12886778391386
s822,700.0,0.28998395402273347,-12.537035094272175
s823,900.0,0.28998395402273347,-11.361181693910314
s824,1100.0,0.28998395402273347,-10.382457846265847
s825,500.0,0.3464268208752559,-15.253885542808622
s826,700.0,0.3464268208752559,-13.396499445602839
s827,900.0,0.3464268208752559,-11.759285043886493
s828,1100.0,0.3464268208752559,-10.889050413672582
s829,500.0,0.3176834996554009,-13.840185532213942
s830,700.0,0.3176834996554009,-11.49550589264737
s831,900.0,0.3176834996554009,-10.451709181338867
s832,1100.0,0.3176834996554009,-9.845406220393139
s833,500.0,0.3068822034422211,-14.32024360363505
s834,700.0,0.3068822034422211,-12.660037801284378
s835,900.0,0.3068822034422211,-11.226663075827302
s836,1100.0,0.3068822034422211,-10.450310301666356
s837,500.0,0.28225794747705446,-13.685655847649421
s838,700.0,0.28225794747705446,-11.84370839120389
s839,900.0,0.28225794747705446,-10.762979031828648
s840,1100.0,0.28225794747705446,-10.122955336742354
s841,500.0,0.39972602476834684,-14.809330472232583
s842,700.0,0.39972602476834684,-11.928839831480934
s843,900.0,0.39972602476834684,-10.589965810146872
s844,1100.0,0.39972602476834684,-9.76861227655368
s845,500.0,0.28384807355783964,-12.59867993081356
s846,700.0,0.28384807355783964,-10.590591437410183
s847,900.0,0.28384807355783964,-9.563200453090536
s848,1100.0,0.28384807355783964,-9.046474122629215
s849,500.0,0.37289915208242846,-17.268243945781183
s850,700.0,0.37289915208242846,-15.283083186176462
s851,900.0,0.37289915208242846,-13.500582028184324
s852,1100.0,0.37289915208242846,-12.575278547563476
s853,500.0,0.39436011793679737,-14.545383756915585
s854,700.0,0.39436011793679737,-11.945769209060098
s855,900.0,0.39436011793679737,-10.351621205008193
s856,1100.0,0.39436011793679737,-9.625014409345301
s857,500.0,0.31210040369644165,-14.652292983581637
s858,700.0,0.31210040369644165,-12.707611580712147
s859,900.0,0.31210040369644165,-11.43761326501329
s860,1100.0,0.31210040369644165,-10.716972975280724
s861,500.0,0.3543617573073324,-15.214206314136748
s862,700.0,0.3543617573073324,-12.937480266510608
s863,900.0,0.3543617573073324,-11.619264463272714
s864,1100.0,0.3543617573073324,-10.705442296525154
s865,500.0,0.36335784064968524,-15.686352919245122
s866,700.0,0.36335784064968524,-13.710719248926356
s867,900.0,0.36335784064968524,-12.020059609881482
s868,1100.0,0.36335784064968524,-11.10466832959962
s869,500.0,0.28233252271188114,-13.275677670196515
s870,700.0,0.28233252271188114,-11.324983607763315
s871,900.0,0.28233252271188114,-10.354416208016557
s872,1100.0,0.28233252271188114,-9.694963911909298
s873,500.0,0.4053379157913426,-16.40816312041515
s874,700.0,0.4053379157913426,-13.808461152496253
s875,900.0,0.4053379157913426,-12.239545540136453
s876,1100.0,0.4053379157913426,-11.282788902054758
s877,500.0,0.3414951792576925,-15.156665779520491
s878,700.0,0.3414951792576925,-13.220089370545162
s879,900.0,0.3414951792576925,-11.859111782604575
s880,1100.0,0.3414951792576925,-10.756868722989775
s881,500.0,0.3677220813045814,-16.80342370915705
s882,700.0,0.3677220813045814,-15.079392722823533
s883,900.0,0.3677220813045814,-13.353244421966295
s884,1100.0,0.3677220813045814,-12.06288516389129
s885,500.0,0.35480124115946504,-14.453200100962922
s886,700.0,0.35480124115946504,-12.6052674287488
s887,900.0,0.35480124115946504,-10.885007120452753
s888,1100.0,0.35480124115946504,-9.98478152256037
s889,500.0,0.33956349126669194,-15.283124277201722
s890,700.0,0.33956349126669194,-13.237064450286722
s891,900.0,0.33956349126669194,-11.886349846062659
s892,1100.0,0.33956349126669194,-10.955889481748338
s893,500.0,0.2788756610961797,-13.856473919430254
s894,700.0,0.2788756610961797,-12.500834173188991
s895,900.0,0.2788756610961797,-11.126949949769786
s896,1100.0,0.2788756610961797,-10.316847703553506
s897,500.0,0.37944159072288597,-15.195127891340729
s898,700.0,0.37944159072288597,-12.794786423331383
s899,900.0,0.37944159072288597,-11.301138189778891
s900,1100.0,0.37944159072288597,-10.397478156890006
s901,500.0,0.22622339724791785,-12.121204167210362
s902,700.0,0.22622339724791785,-10.814346617907658
s903,900.0,0.22622339724791785,-9.917032316250323
s904,1100.0,0.22622339724791785,-9.213968730949691
s905,500.0,0.3257614788270178,-15.262503146514627
s906,700.0,0.3257614788270178,-13.245774175303003
s907,900.0,0.3257614788270178,-12.107145137710177
s908,1100.0,0.3257614788270178,-11.045997720564293
s909,500.0,0.38005442657828725,-15.444988320328315
s910,700.0,0.38005442657828725,-12.995389518702407
s911,900.0,0.38005442657828725,-11.537786576123034
s912,1100.0,0.38005442657828725,-10.636778035836318
s913,500.0,0.2892759861163021,-14.25648540487167
s914,700.0,0.2892759861163021,-13.055233310157007
s915,900.0,0.2892759861163021,-11.474823574934796
s916,1100.0,0.2892759861163021,-10.587360313026966
s917,500.0,0.2976049917166654,-14.109553589024562
s918,700.0,0.2976049917166654,-12.225359825172761
s919,900.0,0.2976049917166654,-11.072038264753507
s920,1100.0,0.2976049917166654,-10.337199912298317
s921,500.0,0.32453239590643645,-14.914384807081898
s922,700.0,0.32453239590643645,-13.090458327695604
s923,900.0,0.32453239590643645,-11.698561377842076
s924,1100.0,0.32453239590643645,-10.781021677898329
s925,500.0,0.46729825360835986,-17.424249986128427
s926,700.0,0.46729825360835986,-14.514366722192534
s927,900.0,0.46729825360835986,-12.56149599344692
s928,1100.0,0.46729825360835986,-11.559722747078302
s929,500.0,0.4363186408456555,-15.831648301479017
s930,700.0,0.4363186408456555,-12.827211933730208
s931,900.0,0.4363186408456555,-11.24785328979827
s932,1100.0,0.4363186408456555,-10.337857933711122
s933,500.0,0.35189537642446733,-16.382937019739295
s934,700.0,0.35189537642446733,-14.490525251106034
s935,900.0,0.35189537642446733,-13.036035388853643
s936,1100.0,0.35189537642446733,-11.835949815936795
s937,500.0,0.340622643626613,-16.275864900281675
s938,700.0,0.340622643626613,-14.365116140312622
s939,900.0,0.340622643626613,-12.88764198667058
s940,1100.0,0.340622643626613,-11.945280457510979
s941,500.0,0.2905555861628825,-13.937751815934512
s942,700.0,0.2905555861628825,-12.055272812670637
s943,900.0,0.2905555861628825,-10.909378565687986
s944,1100.0,0.2905555861628825,-10.283271616455046
s945,500.0,0.26917846803711576,-16.900817446963448
s946,700.0,0.26917846803711576,-15.813233380720844
s947,900.0,0.26917846803711576,-14.628314511349908
s948,1100.0,0.26917846803711576,-13.315977347116611
s949,500.0,0.3616490434506036,-16.876446188185078
s950,700.0,0.3616490434506036,-14.613473142272657
s951,900.0,0.3616490434506036,-13.199512115573686
s952,1100.0,0.3616490434506036,-12.288303773900099
s953,500.0,0.29289592401626935,-13.618730338875064
s954,700.0,0.29289592401626935,-11.655517459159041
s955,900.0,0.29289592401626935,-10.675120553720411
s956,1100.0,0.29289592401626935,-9.864720671447822
s957,500.0,0.26391520701543325,-12.735412915148489
s958,700.0,0.26391520701543325,-11.011733649223018
s959,900.0,0.26391520701543325,-9.966877183769498
s960,1100.0,0.26391520701543325,-9.42386066898023
s961,500.0,0.36352696898491893,-15.14337202974105
s962,700.0,0.36352696898491893,-12.747835301905521
s963,900.0,0.36352696898491893,-11.379492394297941
s964,1100.0,0.36352696898491893,-10.551305959316066
s965,500.0,0.39386345005250933,-17.042142192887756
s966,700.0,0.39386345005250933,-14.579239844266455
s967,900.0,0.39386345005250933,-13.098715847231592
s968,1100.0,0.39386345005250933,-12.011723446363298
s969,500.0,0.30636207473104815,-13.212595248529556
s970,700.0,0.30636207473104815,-11.05760566255994
s971,900.0,0.30636207473104815,-9.93782894908892
s972,1100.0,0.30636207473104815,-9.379632354630658
s973,500.0,0.3860840710516244,-15.939766218485014
s974,700.0,0.3860840710516244,-14.541176777820441
s975,900.0,0.3860840710516244,-12.183476463918531
s976,1100.0,0.3860840710516244,-11.096958789289618
s977,500.0,0.38840908122106504,-15.709386001092724
s978,700.0,0.38840908122106504,-13.123271759049462
s979,900.0,0.38840908122106504,-11.692522544968636
s980,1100.0,0.38840908122106504,-10.796539703673181
s981,500.0,0.33268916027860457,-13.361655003134484
s982,700.0,0.33268916027860457,-11.056528212371775
s983,900.0,0.33268916027860457,-9.876663548959511
s984,1100.0,0.33268916027860457,-9.164993567433896
s985,500.0,0.3998084103078089,-16.44511421590129
s986,700.0,0.3998084103078089,-14.312865853269278
s987,900.0,0.3998084103078089,-12.389163155363198
s988,1100.0,0.3998084103078089,-11.422023254376407
s989,500.0,0.3476971139086756,-14.727191175555017
s990,700.0,0.3476971139086756,-12.686325646126132
s991,900.0,0.3476971139086756,-11.176609763469964
s992,1100.0,0.3476971139086756,-10.344389911148966
s993,500.0,0.39375348256666665,-14.93538393947397
s994,700.0,0.39375348256666665,-12.483799252866138
s995,900.0,0.39375348256666665,-10.812232437195261
s996,1100.0,0.39375348256666665,-10.008129996035114
s997,500.0,0.3954400137822034,-17.22349336023687
s998,700.0,0.3954400137822034,-15.223409805953912
s999,900.0,0.3954400137822034,-13.390496324072219
s1000,1100.0,0.3954400137822034,-12.172244175537568
s1001,500.0,0.33910907369244847,-14.660258928895193
s1002,700.0,0.33910907369244847,-12.418028242876575
s1003,900.0,0.33910907369244847,-11.114504651990295
s1004,1100.0,0.33910907369244847,-10.394750147681412
s1005,500.0,0.3778981072284622,-15.052274716073299
s1006,700.0,0.3778981072284622,-12.939843780370671
s1007,900.0,0.3778981072284622,-11.229553745755172
s1008,1100.0,0.3778981072284622,-10.284172969533667
s1009,500.0,0.3348528499025226,-14.624798352931334
s1010,700.0,0.3348528499025226,-12.60857116797346
s1011,900.0,0.3348528499025226,-11.198427880932552
s1012,1100.0,0.3348528499025226,-10.400318572031749
s1013,500.0,0.3012316253305881,-13.02879342694494
s1014,700.0,0.3012316253305881,-10.98623973439551
s1015,900.0,0.3012316253305881,-9.912579082099485
s1016,1100.0,0.3012316253305881,-9.213732669949295
s1017,500.0,0.277861623851171,-13.773120184251924
s1018,700.0,0.277861623851171,-11.964175580177244
s1019,900.0,0.277861623851171,-10.925278759483913
s1020,1100.0,0.277861623851171,-10.250299062620984
s1021,500.0,0.3505857922887835,-14.58251483105969
s1022,700.0,0.3505857922887835,-12.194980292653634
s1023,900.0,0.3505857922887835,-10.88942597635284
s1024,1100.0,0.3505857922887835,-10.177622028355515
s1025,500.0,0.34659616854622555,-14.521102804471981
s1026,700.0,0.34659616854622555,-12.368245668696964
s1027,900.0,0.34659616854622555,-10.951507863516895
s1028,1100.0,0.34659616854622555,-10.151592202216692
s1029,500.0,0.35621307904917754,-15.468308016325539
s1030,700.0,0.35621307904917754,-13.240319053439167
s1031,900.0,0.35621307904917754,-11.891952792374367
s1032,1100.0,0.35621307904917754,-10.924163720367112
s1033,500.0,0.4106251392116062,-16.394068965078077
s1034,700.0,0.4106251392116062,-14.052326671148494
s1035,900.0,0.4106251392116062,-12.28719165425381
s1036,1100.0,0.4106251392116062,-11.18025311566686
s1037,500.0,0.2976596412253803,-14.242092610901787
s1038,700.0,0.2976596412253803,-12.49008309322868
s1039,900.0,0.2976596412253803,-11.317157149224487
s1040,1100.0,0.2976596412253803,-10.425767362674883
s1041,500.0,0.29292841959098975,-14.199139971259342
s1042,700.0,0.29292841959098975,-12.51934648686447
s1043,900.0,0.29292841959098975,-11.224765577956228
s1044,1100.0,0.29292841959098975,-10.503132691661182
s1045,500.0,0.40021716157002324,-16.154925642687214
s1046,700.0,0.40021716157002324,-13.77303986804568
s1047,900.0,0.40021716157002324,-12.08182717971099
s1048,1100.0,0.40021716157002324,-11.097651728583877
s1049,500.0,0.3405834506113637,-14.279008154930674
s1050,700.0,0.3405834506113637,-11.97236780014266
s1051,900.0,0.3405834506113637,-10.719189109526209
s1052,1100.0,0.3405834506113637,-9.986197274146766
s1053,500.0,0.3825349516396728,-16.009481450448565
s1054,700.0,0.3825349516396728,-13.84187249549217
s1055,900.0,0.3825349516396728,-12.142310378172535
s1056,1100.0,0.3825349516396728,-11.177227977732967
s1057,500.0,0.3352874615164048,-16.362392721151053
s1058,700.0,0.3352874615164048,-14.856918079202204
s1059,900.0,0.3352874615164048,-13.092743189775979
s1060,1100.0,0.3352874615164048,-12.118327193635912
s1061,500.0,0.3011513157679883,-14.578445658379792
s1062,700.0,0.3011513157679883,-12.843373398226626
s1063,900.0,0.3011513157679883,-11.514088665462051
s1064,1100.0,0.3011513157679883,-10.781091424640515
s1065,500.0,0.3473294796138958,-15.75409903109665
s1066,700.0,0.3473294796138958,-13.56003594224995
s1067,900.0,0.3473294796138958,-12.336569091904881
s1068,1100.0,0.3473294796138958,-11.281523980432185
s1069,500.0,0.24443491735883163,-12.27757272251924
s1070,700.0,0.24443491735883163,-10.602881755289424
s1071,900.0,0.24443491735883163,-9.76031490190726
s1072,1100.0,0.24443491735883163,-9.172990015979252
s1073,500.0,0.34121660058581654,-16.2270090036622
s1074,700.0,0.34121660058581654,-14.698563640448604
s1075,900.0,0.34121660058581654,-13.083121964265708
s1076,1100.0,0.34121660058581654,-11.806697217393095
s1077,500.0,0.38479286027376136,-15.464094448827357
s1078,700.0,0.38479286027376136,-12.846806525440334
s1079,900.0,0.38479286027376136,-11.445289807196318
s1080,1100.0,0.38479286027376136,-10.61069391283726
s1081,500.0,0.35341966787000006,-14.228868876407178
s1082,700.0,0.35341966787000006,-11.933814342048052
s1083,900.0,0.35341966787000006,-10.508945644454554
s1084,1100.0,0.35341966787000006,-9.803073171135157
s1085,500.0,0.43701973769274965,-17.46656343532695
s1086,700.0,0.43701973769274965,-14.58154723152911
s1087,900.0,0.43701973769274965,-13.224067438856837
s1088,1100.0,0.43701973769274965,-11.788938331578251
s1089,500.0,0.33359688656877934,-14.836853477354234
s1090,700.0,0.33359688656877934,-12.682608571040133
s1091,900.0,0.33359688656877934,-11.470834968104699
s1092,1100.0,0.33359688656877934,-10.580569953708341
s1093,500.0,0.3756490866754437,-15.359035057839836
s1094,700.0,0.3756490866754437,-13.227999107105775
s1095,900.0,0.3756490866754437,-11.51025988573291
s1096,1100.0,0.3756490866754437,-10.641787497809844
s1097,500.0,0.29118227711023836,-13.827406734991971
s1098,700.0,0.29118227711023836,-11.952418955900656
s1099,900.0,0.29118227711023836,-10.854350781601605
s1100,1100.0,0.29118227711023836,-10.13246347672077
s1101,500.0,0.31043061542792283,-15.152275134917339
s1102,700.0,0.31043061542792283,-13.264835202288168
s1103,900.0,0.31043061542792283,-12.058631303604011
s1104,1100.0,0.31043061542792283,-11.18733106894203
s1105,500.0,0.3119814402440511,-13.730964327803525
s1106,700.0,0.3119814402440511,-11.677131904692141
s1107,900.0,0.3119814402440511,-10.432976167943835
s1108,1100.0,0.3119814402440511,-9.827889039700029
s1109,500.0,0.3331768646739141,-14.807082765249962
s1110,700.0,0.3331768646739141,-12.960806183326428
s1111,900.0,0.3331768646739141,-11.475422612801651
s1112,1100.0,0.3331768646739141,-10.58418636137578
s1113,500.0,0.29705308689329657,-13.625157168284188
s1114,700.0,0.29705308689329657,-11.725506639994697
s1115,900.0,0.29705308689329657,-10.574729581136998
s1116,1100.0,0.29705308689329657,-9.86729971112719
s1117,500.0,0.31244043174907987,-16.487142649928664
s1118,700.0,0.31244043174907987,-14.660043766244724
s1119,900.0,0.31244043174907987,-13.449404481066265
s1120,1100.0,0.31244043174907987,-12.465079825511657
s1121,500.0,0.4006605336013789,-16.696652604553535
s1122,700.0,0.4006605336013789,-13.862982081375462
s1123,900.0,0.4006605336013789,-12.639508788767818
s1124,1100.0,0.4006605336013789,-11.556636080993329
s1125,500.0,0.3189874906798953,-14.379519062300238
s1126,700.0,0.3189874906798953,-12.332717733670078
s1127,900.0,0.3189874906798953,-11.137042926878951
s1128,1100.0,0.3189874906798953,-10.32477866147623
s1129,500.0,0.370194916178928,-15.69054308092746
s1130,700.0,0.370194916178928,-14.271750849169715
s1131,900.0,0.370194916178928,-11.922109678595845
s1132,1100.0,0.370194916178928,-11.128041056411888
s1133,500.0,0.3223332975738634,-14.082448616250934
s1134,700.0,0.3223332975738634,-12.05213888117201
s1135,900.0,0.3223332975738634,-10.728311271820242
s1136,1100.0,0.3223332975738634,-10.033769522024782
s1137,500.0,0.3566243190307646,-15.071188658863322
s1138,700.0,0.3566243190307646,-13.155343250276731
s1139,900.0,0.3566243190307646,-11.578762301193992
s1140,1100.0,0.3566243190307646,-10.519106802539628
s1141,500.0,0.2936993420292958,-16.071671694037253
s1142,700.0,0.2936993420292958,-14.432401296010452
s1143,900.0,0.2936993420292958,-13.274198473831769
s1144,1100.0,0.2936993420292958,-12.270155700416048
s1145,500.0,0.36428480675963193,-15.215303104872119
s1146,700.0,0.36428480675963193,-13.077213022574432
s1147,900.0,0.36428480675963193,-11.443592993880031
s1148,1100.0,0.36428480675963193,-10.652101876555756
s1149,500.0,0.24688356204522882,-12.411134148095657
s1150,700.0,0.24688356204522882,-10.708114844434865
s1151,900.0,0.24688356204522882,-9.807335772029056
s1152,1100.0,0.24688356204522882,-9.307740671731336
s1153,500.0,0.39537478548282906,-16.248046964232838
s1154,700.0,0.39537478548282906,-13.768917141280065
s1155,900.0,0.39537478548282906,-12.291391474221166
s1156,1100.0,0.39537478548282906,-11.196278375245779
s1157,500.0,0.32492052142883376,-15.287731607245455
s1158,700.0,0.32492052142883376,-13.702828156028293
s1159,900.0,0.32492052142883376,-12.094422670871086
s1160,1100.0,0.32492052142883376,-11.170153447574108
s1161,500.0,0.3352840080614266,-15.04225897760969
s1162,700.0,0.3352840080614266,-13.116952112338124
s1163,900.0,0.3352840080614266,-11.719481262486578
s1164,1100.0,0.3352840080614266,-10.766189929062506
s1165,500.0,0.3828817080701688,-16.51062533511386
s1166,700.0,0.3828817080701688,-14.444125552007659
s1167,900.0,0.3828817080701688,-12.687649062010752
s1168,1100.0,0.3828817080701688,-11.662658953535383
s1169,500.0,0.34033278145847523,-14.11632155619445
s1170,700.0,0.34033278145847523,-11.992281396705023
s1171,900.0,0.34033278145847523,-10.603641290622003
s1172,1100.0,0.34033278145847523,-9.82850219340837
s1173,500.0,0.3071213680998857,-14.593300087010924
s1174,700.0,0.3071213680998857,-12.857855665978867
s1175,900.0,0.3071213680998857,-11.575899755828528
s1176,1100.0,0.3071213680998857,-10.665967627677068
s1177,500.0,0.31701079062425247,-14.978919989284284
s1178,700.0,0.31701079062425247,-12.970905077430531
s1179,900.0,0.31701079062425247,-11.755418054206316
s1180,1100.0,0.31701079062425247,-10.953749910837285
s1181,500.0,0.37720999305639724,-16.35096107524269
s1182,700.0,0.37720999305639724,-14.632332049193732
s1183,900.0,0.37720999305639724,-12.867691673883282
s1184,1100.0,0.37720999305639724,-11.464422297346225
s1185,500.0,0.30358075828185443,-13.94044684088756
s1186,700.0,0.30358075828185443,-11.86072976301959
s1187,900.0,0.30358075828185443,-10.746861833126195
s1188,1100.0,0.30358075828185443,-10.121931510093804
s1189,500.0,0.29077055254963974,-13.906892812602464
s1190,700.0,0.29077055254963974,-12.17784065373505
s1191,900.0,0.29077055254963974,-11.030432962176363
s1192,1100.0,0.29077055254963974,-10.18696655909956
s1193,500.0,0.3519417808747285,-16.918799230723963
s1194,700.0,0.3519417808747285,-15.236599373363658
s1195,900.0,0.3519417808747285,-13.480076919979268
s1196,1100.0,0.3519417808747285,-12.452681299966736
s1197,500.0,0.32611629064457776,-14.947925653534291
s1198,700.0,0.32611629064457776,-13.454327056201011
s1199,900.0,0.32611629064457776,-11.728003705811608
s1200,1100.0,0.32611629064457776,-10.837659465361583
s1201,500.0,0.37582960666852755,-14.983053729142098
s1202,700.0,0.37582960666852755,-12.96617879089102
s1203,900.0,0.37582960666852755,-11.161267740325206
s1204,1100.0,0.37582960666852755,-10.264432824045638
s1205,500.0,0.39034001951481806,-16.880390876997872
s1206,700.0,0.39034001951481806,-14.71528874675657
s1207,900.0,0.39034001951481806,-12.954074492921773
s1208,1100.0,0.39034001951481806,-11.945439585816938
s1209,500.0,0.31495233837181025,-14.354356859842941
s1210,700.0,0.31495233837181025,-12.294929080271793
s1211,900.0,0.31495233837181025,-11.097021995540114
s1212,1100.0,0.31495233837181025,-10.376228565301922
s1213,500.0,0.28679683802741873,-13.507716396244316
s1214,700.0,0.28679683802741873,-11.532209215241915
s1215,900.0,0.28679683802741873,-10.524888617714199
s1216,1100.0,0.28679683802741873,-9.87978676057146
s1217,500.0,0.2857025922775096,-14.49460775327996
s1218,700.0,0.2857025922775096,-12.035498988502598
s1219,900.0,0.2857025922775096,-11.339980368686325
s1220,1100.0,0.2857025922775096,-10.9100773973724
s1221,500.0,0.36133273743761135,-14.718310194358057
s1222,700.0,0.36133273743761135,-12.308094795480006
s1223,900.0,0.36133273743761135,-11.01395305368496
s1224,1100.0,0.36133273743761135,-10.12929847478865
s1225,500.0,0.2776893320224943,-13.448745495228456
s1226,700.0,0.2776893320224943,-11.686609591311122
s1227,900.0,0.2776893320224943,-10.61459340986676
s1228,1100.0,0.2776893320224943,-9.928194463727129
s1229,500.0,0.3101115774711514,-16.386181090063317
s1230,700.0,0.3101115774711514,-14.545433368673448
s1231,900.0,0.3101115774711514,-13.169084723498507
s1232,1100.0,0.3101115774711514,-12.502039842922105
s1233,500.0,0.25548205286914505,-12.79304785757977
s1234,700.0,0.25548205286914505,-11.15904686017336
s1235,900.0,0.25548205286914505,-10.13737620602408
s1236,1100.0,0.25548205286914505,-9.578861777141526
s1237,500.0,0.29903932145159334,-14.690692985144915
s1238,700.0,0.29903932145159334,-13.114027486293853
s1239,900.0,0.29903932145159334,-11.72787632546733
s1240,1100.0,0.29903932145159334,-10.897034535005611
s1241,500.0,0.29820280060970805,-13.683137701518406
s1242,700.0,0.29820280060970805,-11.575001094732988
s1243,900.0,0.29820280060970805,-10.62594850358469
s1244,1100.0,0.29820280060970805,-9.878474893941902
s1245,500.0,0.3555626695792107,-16.59858795839794
s1246,700.0,0.3555626695792107,-14.235509382690424
s1247,900.0,0.3555626695792107,-12.997213731502441
s1248,1100.0,0.3555626695792107,-12.059837261744416
s1249,500.0,0.2745489707696087,-13.305840082794447
s1250,700.0,0.2745489707696087,-11.465447820887166
s1251,900.0,0.2745489707696087,-10.487184352330244
s1252,1100.0,0.2745489707696087,-9.819892620143634
s1253,500.0,0.31750710318679126,-14.801893588240969
s1254,700.0,0.31750710318679126,-12.688486586292598
s1255,900.0,0.31750710318679126,-11.593065246939906
s1256,1100.0,0.31750710318679126,-10.74451482468491
s1257,500.0,0.40035916939198296,-15.798089676570209
s1258,700.0,0.40035916939198296,-13.23294823598555
s1259,900.0,0.40035916939198296,-11.627554239373987
s1260,1100.0,0.40035916939198296,-10.765491616015705
s1261,500.0,0.3018502476599046,-14.091247915428184
s1262,700.0,0.3018502476599046,-12.22696112645535
s1263,900.0,0.3018502476599046,-10.99776103306757
s1264,1100.0,0.3018502476599046,-10.278941954465157
s1265,500.0,0.44848516750075523,-16.738430592999443
s1266,700.0,0.44848516750075523,-14.535237548462712
s1267,900.0,0.44848516750075523,-12.163960202428115
s1268,1100.0,0.44848516750075523,-11.14510574285186
s1269,500.0,0.30479543527027414,-15.533605561276042
s1270,700.0,0.30479543527027414,-13.766004055736703
s1271,900.0,0.30479543527027414,-12.591988808875922
s1272,1100.0,0.30479543527027414,-11.600048138426885
s1273,500.0,0.28231994006982675,-14.420710047560508
s1274,700.0,0.28231994006982675,-12.756256897179771
s1275,900.0,0.28231994006982675,-11.645909300296001
s1276,1100.0,0.28231994006982675,-10.800988901100203
s1277,500.0,0.332962309041274,-16.5217386871527
s1278,700.0,0.332962309041274,-15.293012255393103
s1279,900.0,0.332962309041274,-13.034456188940068
s1280,1100.0,0.332962309041274,-12.479282138653815
s1281,500.0,0.37103581402527624,-15.466782840731575
s1282,700.0,0.37103581402527624,-13.454206707448705
s1283,900.0,0.37103581402527624,-11.729734154885989
s1284,1100.0,0.37103581402527624,-10.785266800323864
s1285,500.0,0.2603638438966018,-12.608099184290216
s1286,700.0,0.2603638438966018,-10.732361065075374
s1287,900.0,0.2603638438966018,-9.93682874491013
s1288,1100.0,0.2603638438966018,-9.282180327380201
s1289,500.0,0.40970004625270406,-17.125575669663046
s1290,700.0,0.40970004625270406,-14.933847279149393
s1291,900.0,0.40970004625270406,-13.180095838865267
s1292,1100.0,0.40970004625270406,-11.860399930356566
s1293,500.0,0.3409175160953544,-15.276671937556603
s1294,700.0,0.3409175160953544,-13.416094043701158
s1295,900.0,0.3409175160953544,-11.941886712495092
s1296,1100.0,0.3409175160953544,-10.918693421919102
s1297,500.0,0.33940821592585646,-14.623809084823248
s1298,700.0,0.33940821592585646,-12.29134493797974
s1299,900.0,0.33940821592585646,-11.066682909688065
s1300,1100.0,0.33940821592585646,-10.346176725437685
s1301,500.0,0.364971396550946,-14.941192281235242
s1302,700.0,0.364971396550946,-12.644524599551122
s1303,900.0,0.364971396550946,-11.230159626853302
s1304,1100.0,0.364971396550946,-10.309186677817676
s1305,500.0,0.39519174871786616,-15.043675981324313
s1306,700.0,0.39519174871786616,-12.429271711290829
s1307,900.0,0.39519174871786616,-10.900874247803518
s1308,1100.0,0.39519174871786616,-10.078426802142747
s1309,500.0,0.3272863320306303,-14.207355666357248
s1310,700.0,0.3272863320306303,-12.261219785720407
s1311,900.0,0.3272863320306303,-10.926138378660053
s1312,1100.0,0.3272863320306303,-10.044396947199623
s1313,500.0,0.35387375740913773,-14.960794775526415
s1314,700.0,0.35387375740913773,-12.724161753702282
s1315,900.0,0.35387375740913773,-11.27724799850538
s1316,1100.0,0.35387375740913773,-10.51549698191782
s1317,500.0,0.33723234601934915,-15.789881470754484
s1318,700.0,0.33723234601934915,-13.95198591251059
s1319,900.0,0.33723234601934915,-12.679355395802988
s1320,1100.0,0.33723234601934915,-11.375091763328097
s1321,500.0,0.32432018163863313,-13.911807552932364
s1322,700.0,0.32432018163863313,-11.642585236703212
s1323,900.0,0.32432018163863313,-10.526418673994563
s1324,1100.0,0.32432018163863313,-9.810866411028924
s1325,500.0,0.3319109444529864,-14.287794354305653
s1326,700.0,0.3319109444529864,-12.071536643697696
s1327,900.0,0.3319109444529864,-10.79460665019609
s1328,1100.0,0.3319109444529864,-10.122237939867023
s1329,500.0,0.3418376211015409,-16.150439904794627
s1330,700.0,0.3418376211015409,-15.109173427822258
s1331,900.0,0.3418376211015409,-12.948507503614373
s1332,1100.0,0.3418376211015409,-11.822855261177727
s1333,500.0,0.3097239034549819,-14.24218739063992
s1334,700.0,0.3097239034549819,-12.34100525095184
s1335,900.0,0.3097239034549819,-10.992867339764976
s1336,1100.0,0.3097239034549819,-10.373796231122636
s1337,500.0,0.29557166936268064,-13.954858732482444
s1338,700.0,0.29557166936268064,-12.306984454607598
s1339,900.0,0.29557166936268064,-11.082748042039999
s1340,1100.0,0.29557166936268064,-10.160855822361908
s1341,500.0,0.33438074637663096,-13.760167000741086
s1342,700.0,0.33438074637663096,-11.453719645795383
s1343,900.0,0.33438074637663096,-10.246825371516719
s1344,1100.0,0.33438074637663096,-9.549581614311078
s1345,500.0,0.365191701262423,-16.615375774836615
s1346,700.0,0.365191701262423,-15.093880128734817
s1347,900.0,0.365191701262423,-12.906534709698493
s1348,1100.0,0.365191701262423,-12.091881762498932
s1349,500.0,0.32909900285957955,-14.069173300074045
s1350,700.0,0.32909900285957955,-11.929369384175466
s1351,900.0,0.32909900285957955,-10.67018728209495
s1352,1100.0,0.32909900285957955,-9.911555382200774
s1353,500.0,0.3499696480645332,-14.40015264581368
s1354,700.0,0.3499696480645332,-12.051836425229576
s1355,900.0,0.3499696480645332,-10.824762896598008
s1356,1100.0,0.3499696480645332,-9.946506814033388
s1357,500.0,0.33251165637480656,-14.489713136464472
s1358,700.0,0.33251165637480656,-12.262801751485403
s1359,900.0,0.33251165637480656,-10.995375524064505
s1360,1100.0,0.33251165637480656,-10.312778378093924
s1361,500.0,0.3702668650498246,-17.048234864641813
s1362,700.0,0.3702668650498246,-14.852660082718
s1363,900.0,0.3702668650498246,-13.30021757939158
s1364,1100.0,0.3702668650498246,-12.359371078342662
s1365,500.0,0.34946620135637296,-13.786980052768227
s1366,700.0,0.34946620135637296,-11.484895993509202
s1367,900.0,0.34946620135637296,-10.152160501582438
s1368,1100.0,0.34946620135637296,-9.381801538930652
s1369,500.0,0.26193550319025194,-12.82187662277631
s1370,700.0,0.26193550319025194,-11.096155390511713
s1371,900.0,0.26193550319025194,-10.069546351023234
s1372,1100.0,0.26193550319025194,-9.535500018997261
s1373,500.0,0.36872633074680167,-16.04444874790081
s1374,700.0,0.36872633074680167,-13.442669531184329
s1375,900.0,0.36872633074680167,-12.207323274771914
s1376,1100.0,0.36872633074680167,-11.372267275885529
s1377,500.0,0.34142495522586647,-16.51729679491657
s1378,700.0,0.34142495522586647,-14.826163849254469
s1379,900.0,0.34142495522586647,-13.237918470854353
s1380,1100.0,0.34142495522586647,-12.14460673751887
s1381,500.0,0.31231548847910434,-13.664982061690036
s1382,700.0,0.31231548847910434,-11.441404868270254
s1383,900.0,0.31231548847910434,-10.382518048865014
s1384,1100.0,0.31231548847910434,-9.722623357783355
s1385,500.0,0.29862587134464474,-14.169201322553004
s1386,700.0,0.29862587134464474,-12.492483036941278
s1387,900.0,0.29862587134464474,-11.287662015646935
s1388,1100.0,0.29862587134464474,-10.323042124652646
s1389,500.0,0.29277213722486767,-16.550532435504035
s1390,700.0,0.29277213722486767,-15.469503559383645
s1391,900.0,0.29277213722486767,-13.514988831907262
s1392,1100.0,0.29277213722486767,-12.978858525411608
s1393,500.0,0.31387562002228875,-14.360895180945805
s1394,700.0,0.31387562002228875,-12.264460586121675
s1395,900.0,0.31387562002228875,-11.101208257471898
s1396,1100.0,0.31387562002228875,-10.39738814437554
s1397,500.0,0.28710885172508954,-13.284576510122278
s1398,700.0,0.28710885172508954,-11.289806164442115
s1399,900.0,0.28710885172508954,-10.317543164991294
s1400,1100.0,0.28710885172508954,-9.639642248467833
s1401,500.0,0.3667593041107658,-14.663533387059152
s1402,700.0,0.3667593041107658,-12.640434063729849
s1403,900.0,0.3667593041107658,-10.984478044772597
s1404,1100.0,0.3667593041107658,-10.022767918940339
s1405,500.0,0.3326939444965566,-13.804944336931404
s1406,700.0,0.3326939444965566,-11.45815613731003
s1407,900.0,0.3326939444965566,-10.282062929383994
s1408,1100.0,0.3326939444965566,-9.623092716296382
s1409,500.0,0.37708313689486206,-15.840397161102869
s1410,700.0,0.37708313689486206,-13.446332032335725
s1411,900.0,0.37708313689486206,-12.045300875456457
s1412,1100.0,0.37708313689486206,-11.029912746553588
s1413,500.0,0.2678868601051257,-12.858940646380331
s1414,700.0,0.2678868601051257,-11.013128835042721
s1415,900.0,0.2678868601051257,-10.127077925905597
s1416,1100.0,0.2678868601051257,-9.440051505168015
s1417,500.0,0.35862353498669863,-15.826099687057459
s1418,700.0,0.35862353498669863,-13.555279793118661
s1419,900.0,0.35862353498669863,-12.359115839121658
s1420,1100.0,0.35862353498669863,-11.17312201387289
s1421,500.0,0.3898110153158995,-16.768214020796282
s1422,700.0,0.3898110153158995,-14.440533560254664
s1423,900.0,0.3898110153158995,-12.967912218616938
s1424,1100.0,0.3898110153158995,-11.748822605078457
s1425,500.0,0.29509356972980233,-13.715382748871486
s1426,700.0,0.29509356972980233,-11.925198042168278
s1427,900.0,0.29509356972980233,-10.710094695519368
s1428,1100.0,0.29509356972980233,-9.982651608545586
s1429,500.0,0.34982930598143985,-15.020194860561023
s1430,700.0,0.34982930598143985,-12.789444042629318
s1431,900.0,0.34982930598143985,-11.45748014956139
s1432,1100.0,0.34982930598143985,-10.579190760264211
s1433,500.0,0.2765416493298691,-13.09300572816658
s1434,700.0,0.2765416493298691,-11.032498873731079
s1435,900.0,0.2765416493298691,-10.181696472590415
s1436,1100.0,0.2765416493298691,-9.591474522467761
s1437,500.0,0.2852625691700292,-13.327596748054537
s1438,700.0,0.2852625691700292,-11.500936013965855
s1439,900.0,0.2852625691700292,-10.436563691962117
s1440,1100.0,0.2852625691700292,-9.697308007213175
s1441,500.0,0.37825577186086146,-15.077859129167424
s1442,700.0,0.37825577186086146,-12.587520593531687
s1443,900.0,0.37825577186086146,-11.131768682042694
s1444,1100.0,0.37825577186086146,-10.316534284492535
s1445,500.0,0.25569662711110996,-12.87159809181426
s1446,700.0,0.25569662711110996,-11.10507572784964
s1447,900.0,0.25569662711110996,-10.190795013437503
s1448,1100.0,0.25569662711110996,-9.648189922809962
s1449,500.0,0.40906432752063826,-16.57712579031443
s1450,700.0,0.40906432752063826,-14.109140121480511
s1451,900.0,0.40906432752063826,-12.419358140430438
s1452,1100.0,0.40906432752063826,-11.400180524079847
s1453,500.0,0.3516323280321323,-14.76732359161688
s1454,700.0,0.3516323280321323,-12.698325434943225
s1455,900.0,0.3516323280321323,-11.238592696985334
s1456,1100.0,0.3516323280321323,-10.299804045091976
s1457,500.0,0.25536872134166655,-12.767623840287921
s1458,700.0,0.25536872134166655,-10.952270316236774
s1459,900.0,0.25536872134166655,-10.090068129426983
s1460,1100.0,0.25536872134166655,-9.540969456096043
s1461,500.0,0.4035915975868382,-15.578120770079465
s1462,700.0,0.4035915975868382,-13.034593506720157
s1463,900.0,0.4035915975868382,-11.459960310984338
s1464,1100.0,0.4035915975868382,-10.463408674106029
s1465,500.0,0.4038411174808576,-16.432119373386442
s1466,700.0,0.4038411174808576,-14.209062988857387
s1467,900.0,0.4038411174808576,-12.452551996418002
s1468,1100.0,0.4038411174808576,-11.28321259375953
s1469,500.0,0.3420646632714333,-15.87808942619374
s1470,700.0,0.3420646632714333,-14.199538414596292
s1471,900.0,0.3420646632714333,-12.489034619405436
s1472,1100.0,0.3420646632714333,-11.556885206499942
s1473,500.0,0.34726585004027427,-13.345097504180268
s1474,700.0,0.34726585004027427,-10.705193523006121
s1475,900.0,0.34726585004027427,-9.622012764322433
s1476,1100.0,0.34726585004027427,-8.977635771595311
s1477,500.0,0.2614700605173067,-13.897416356486294
s1478,700.0,0.2614700605173067,-13.001919404520633
s1479,900.0,0.2614700605173067,-11.406046036036347
s1480,1100.0,0.2614700605173067,-10.596157176178487
s1481,500.0,0.25576277643080264,-12.24387315119496
s1482,700.0,0.25576277643080264,-10.410700289412716
s1483,900.0,0.25576277643080264,-9.513456138791508
s1484,1100.0,0.25576277643080264,-9.03704270167438
s1485,500.0,0.34572774211407725,-14.390317706252603
s1486,700.0,0.34572774211407725,-12.148533838728767
s1487,900.0,0.34572774211407725,-10.81318464341096
s1488,1100.0,0.34572774211407725,-10.027070940476449
s1489,500.0,0.35423182569904094,-16.35455326754398
s1490,700.0,0.35423182569904094,-14.877014476079578
s1491,900.0,0.35423182569904094,-12.965813701836208
s1492,1100.0,0.35423182569904094,-11.850864014408986
s1493,500.0,0.40769134155340225,-16.566037652260245
s1494,700.0,0.40769134155340225,-14.062703849326576
s1495,900.0,0.40769134155340225,-12.47382881124777
s1496,1100.0,0.40769134155340225,-11.37148075712025
s1497,500.0,0.3890424156126898,-17.025742876005847
s1498,700.0,0.3890424156126898,-14.74682085563428
s1499,900.0,0.3890424156126898,-13.130089669623969
s1500,1100.0,0.3890424156126898,-12.079709209273377
s1501,500.0,0.3192323852512225,-14.209678581752172
s1502,700.0,0.3192323852512225,-12.012601796414351
s1503,900.0,0.3192323852512225,-10.901771249276942
s1504,1100.0,0.3192323852512225,-10.164919197748626
s1505,500.0,0.3023308715502032,-13.355197323219073
s1506,700.0,0.3023308715502032,-11.299989659213326
s1507,900.0,0.3023308715502032,-10.180193077935302
s1508,1100.0,0.3023308715502032,-9.551729298093019
s1509,500.0,0.26466416636256823,-13.12943052714917
s1510,700.0,0.26466416636256823,-11.350445597141507
s1511,900.0,0.26466416636256823,-10.370329196792357
s1512,1100.0,0.26466416636256823,-9.791513265519193
s1513,500.0,0.36939802725561355,-15.738427313888364
s1514,700.0,0.36939802725561355,-13.641589105714308
s1515,900.0,0.36939802725561355,-12.050265740551406
s1516,1100.0,0.36939802725561355,-11.045980972392043
s1517,500.0,0.38213549442697403,-14.831233544663672
s1518,700.0,0.38213549442697403,-12.64752177346268
s1519,900.0,0.38213549442697403,-10.87062357814486
s1520,1100.0,0.38213549442697403,-10.055351477750781
s1521,500.0,0.34389063679935,-15.340084878379164
s1522,700.0,0.34389063679935,-13.403336534218598
s1523,900.0,0.34389063679935,-11.889668964017057
s1524,1100.0,0.34389063679935,-10.98327887525009
s1525,500.0,0.4087693676268296,-16.16955683505209
s1526,700.0,0.4087693676268296,-13.913294179532025
s1527,900.0,0.4087693676268296,-11.9975984060095
s1528,1100.0,0.4087693676268296,-11.036625495144875
s1529,500.0,0.30316570019212336,-13.0243596093534
s1530,700.0,0.30316570019212336,-10.843645435387417
s1531,900.0,0.30316570019212336,-9.816733841104087
s1532,1100.0,0.30316570019212336,-9.206052769337035
s1533,500.0,0.2897833104725733,-15.502941408563634
s1534,700.0,0.2897833104725733,-13.56077338983453
s1535,900.0,0.2897833104725733,-12.212441695609927
s1536,1100.0,0.2897833104725733,-11.99841248044925
s1537,500.0,0.30458542620420814,-14.622555005099418
s1538,700.0,0.30458542620420814,-12.956503011588774
s1539,900.0,0.30458542620420814,-11.594381334517701
s1540,1100.0,0.30458542620420814,-10.755493933907482
s1541,500.0,0.28435546985791793,-13.546943418984505
s1542,700.0,0.28435546985791793,-11.871464995004656
s1543,900.0,0.28435546985791793,-10.645337156159993
s1544,1100.0,0.28435546985791793,-9.960448651909552
s1545,500.0,0.36201439966611026,-16.485043935502315
s1546,700.0,0.36201439966611026,-14.651931885248358
s1547,900.0,0.36201439966611026,-13.048679262349895
s1548,1100.0,0.36201439966611026,-11.820206949813866
s1549,500.0,0.3805084808126721,-16.35539967920453
s1550,700.0,0.3805084808126721,-13.911278309316932
s1551,900.0,0.3805084808126721,-12.456757788211723
s1552,1100.0,0.3805084808126721,-11.53534607681707
s1553,500.0,0.34954966822025163,-14.86753558001227
s1554,700.0,0.34954966822025163,-12.458484258292705
s1555,900.0,0.34954966822025163,-11.176073535763884
s1556,1100.0,0.34954966822025163,-10.476621919098472
s1557,500.0,0.30484052957121033,-13.714385380089645
s1558,700.0,0.30484052957121033,-11.672757051784217
s1559,900.0,0.30484052957121033,-10.559114441457902
s1560,1100.0,0.30484052957121033,-9.858293434566432
s1561,500.0,0.4668533218473251,-18.274012077722706
s1562,700.0,0.4668533218473251,-15.460851510726071
s1563,900.0,0.4668533218473251,-13.469880558308066
s1564,1100.0,0.4668533218473251,-12.398912958935979
s1565,500.0,0.37223798792481966,-14.960524584731436
s1566,700.0,0.37223798792481966,-12.616945827274089
s1567,900.0,0.37223798792481966,-11.09763360812246
s1568,1100.0,0.37223798792481966,-10.279329273265034
s1569,500.0,0.35277904309876096,-15.859602989063347
s1570,700.0,0.35277904309876096,-14.511942956409932
s1571,900.0,0.35277904309876096,-12.531196786708051
s1572,1100.0,0.35277904309876096,-11.366791734877914
s1573,500.0,0.3245895441962278,-14.887745578236753
s1574,700.0,0.3245895441962278,-13.020556614835844
s1575,900.0,0.3245895441962278,-11.627806198612681
s1576,1100.0,0.3245895441962278,-10.771496439161835
s1577,500.0,0.3484068205848646,-15.770686153640652
s1578,700.0,0.3484068205848646,-13.72717002314547
s1579,900.0,0.3484068205848646,-12.283687920007683
s1580,1100.0,0.3484068205848646,-11.339910818136817
s1581,500.0,0.3584301192544848,-14.830799329907792
s1582,700.0,0.3584301192544848,-12.399652196728352
s1583,900.0,0.3584301192544848,-11.119315061615573
s1584,1100.0,0.3584301192544848,-10.293187939398988
s1585,500.0,0.2608228726713607,-14.203853373664831
s1586,700.0,0.2608228726713607,-12.825650494893324
s1587,900.0,0.2608228726713607,-11.746462497666457
s1588,1100.0,0.2608228726713607,-10.82431363323576
s1589,500.0,0.3695023623294384,-16.58928924334047
s1590,700.0,0.3695023623294384,-14.156541416876996
s1591,900.0,0.3695023623294384,-12.972499515792402
s1592,1100.0,0.3695023623294384,-11.806267355188021
s1593,500.0,0.3248617198912007,-13.881290399319873
s1594,700.0,0.3248617198912007,-11.775433984520589
s1595,900.0,0.3248617198912007,-10.486383213325587
s1596,1100.0,0.3248617198912007,-9.800131354643591
s1597,500.0,0.24617848660509176,-12.815921954523729
s1598,700.0,0.24617848660509176,-11.135311018925947
s1599,900.0,0.24617848660509176,-10.267753255802319
s1600,1100.0,0.24617848660509176,-9.697255769802496
s1601,500.0,0.36891094858241547,-15.126822709623765
s1602,700.0,0.36891094858241547,-12.688368006564481
s1603,900.0,0.36891094858241547,-11.297195106835394
s1604,1100.0,0.36891094858241547,-10.471199788445738
s1605,500.0,0.38506381535572065,-16.775805352871817
s1606,700.0,0.38506381535572065,-14.98098527604638
s1607,900.0,0.38506381535572065,-12.970491963995679
s1608,1100.0,0.38506381535572065,-11.91987394922564
s1609,500.0,0.3546726828809497,-15.929270403029836
s1610,700.0,0.3546726828809497,-13.63937192352078
s1611,900.0,0.3546726828809497,-12.34568234584633
s1612,1100.0,0.3546726828809497,-11.406873706826925
s1613,500.0,0.3046833717099515,-16.163739048867672
s1614,700.0,0.3046833717099515,-14.32603303004591
s1615,900.0,0.3046833717099515,-12.991895425947645
s1616,1100.0,0.3046833717099515,-12.349439846102976
s1617,500.0,0.32704468577514006,-15.020746505508077
s1618,700.0,0.32704468577514006,-13.332450046072395
s1619,900.0,0.32704468577514006,-11.886146987356533
s1620,1100.0,0.32704468577514006,-10.818519276269148
s1621,500.0,0.3396020978521158,-14.149776429506344
s1622,700.0,0.3396020978521158,-11.77632542301686
s1623,900.0,0.3396020978521158,-10.522401651432675
s1624,1100.0,0.3396020978521158,-9.901692863281863
s1625,500.0,0.357759402776974,-16.55219633009565
s1626,700.0,0.357759402776974,-14.589068198118257
s1627,900.0,0.357759402776974,-13.105366324742366
s1628,1100.0,0.357759402776974,-11.948165873989577
s1629,500.0,0.3019989536452117,-13.76243011238371
s1630,700.0,0.3019989536452117,-11.775816727264443
s1631,900.0,0.3019989536452117,-10.662302089205472
s1632,1100.0,0.3019989536452117,-9.933295729744417
s1633,500.0,0.26486310524406076,-12.999981584707108
s1634,700.0,0.26486310524406076,-11.245357604764132
s1635,900.0,0.26486310524406076,-10.264159155461236
s1636,1100.0,0.26486310524406076,-9.649271007698308
s1637,500.0,0.30918802162501013,-12.875468817863656
s1638,700.0,0.30918802162501013,-10.67509991373282
s1639,900.0,0.30918802162501013,-9.599597515044806
s1640,1100.0,0.30918802162501013,-8.987287382552967
s1641,500.0,0.3434631742415586,-15.15776876104137
s1642,700.0,0.3434631742415586,-13.562784992872379
s1643,900.0,0.3434631742415586,-11.824434867717239
s1644,1100.0,0.3434631742415586,-10.793589916800169
s1645,500.0,0.3051999173472176,-13.10216228524447
s1646,700.0,0.3051999173472176,-10.918554935502828
s1647,900.0,0.3051999173472176,-9.908935150194617
s1648,1100.0,0.3051999173472176,-9.240049111205128
s1649,500.0,0.38098431454598797,-17.118158062738143
s1650,700.0,0.38098431454598797,-14.853863962844862
s1651,900.0,0.38098431454598797,-13.145213197450495
s1652,1100.0,0.38098431454598797,-12.357341404642112
s1653,500.0,0.35488424371669447,-16.449885987479618
s1654,700.0,0.35488424371669447,-14.251081238882573
s1655,900.0,0.35488424371669447,-12.910215084668263
s1656,1100.0,0.35488424371669447,-11.912815958257088
s1657,500.0,0.2891886819978439,-16.195538799176283
s1658,700.0,0.2891886819978439,-14.951797412835555
s1659,900.0,0.2891886819978439,-13.435060613175345
s1660,1100.0,0.2891886819978439,-12.509969900182252
s1661,500.0,0.3740501451820412,-16.70132919253141
s1662,700.0,0.3740501451820412,-14.709607106653156
s1663,900.0,0.3740501451820412,-13.05124211984826
s1664,1100.0,0.3740501451820412,-11.922217691162615
s1665,500.0,0.38526665249924236,-15.461295711447137
s1666,700.0,0.38526665249924236,-13.542173861933135
s1667,900.0,0.38526665249924236,-11.624629859658691
s1668,1100.0,0.38526665249924236,-10.60099796242928
s1669,500.0,0.2884684890084093,-13.608991810905726
s1670,700.0,0.2884684890084093,-11.707410851817427
s1671,900.0,0.2884684890084093,-10.632233662619162
s1672,1100.0,0.2884684890084093,-9.959435195662778
s1673,500.0,0.4050528306625862,-15.764015530913088
s1674,700.0,0.4050528306625862,-13.161139728099931
s1675,900.0,0.4050528306625862,-11.576853186177322
s1676,1100.0,0.4050528306625862,-10.653414391990566
s1677,500.0,0.3689371873843969,-15.726853939781085
s1678,700.0,0.3689371873843969,-13.701319737782784
s1679,900.0,0.3689371873843969,-12.03917717931227
s1680,1100.0,0.3689371873843969,-11.052605237507983
s1681,500.0,0.35270492145842697,-16.120005107931085
s1682,700.0,0.35270492145842697,-14.361559689772445
s1683,900.0,0.35270492145842697,-12.806921206919206
s1684,1100.0,0.35270492145842697,-11.559814418282746
s1685,500.0,0.3862648631262234,-16.094045344775683
s1686,700.0,0.3862648631262234,-13.509551364084961
s1687,900.0,0.3862648631262234,-12.149578043322377
s1688,1100.0,0.3862648631262234,-11.178636891355001
s1689,500.0,0.3577345160802481,-15.19895534547688
s1690,700.0,0.3577345160802481,-12.912138825450894
s1691,900.0,0.3577345160802481,-11.508361030071168
s1692,1100.0,0.3577345160802481,-10.683018286705098
s1693,500.0,0.42286617386364966,-16.321643099375063
s1694,700.0,0.42286617386364966,-13.761315507164298
s1695,900.0,0.42286617386364966,-12.004455253094884
s1696,1100.0,0.42286617386364966,-10.979303034564445
s1697,500.0,0.33977256322552224,-14.445660568326458
s1698,700.0,0.33977256322552224,-12.167142279218025
s1699,900.0,0.33977256322552224,-10.864906194339847
s1700,1100.0,0.33977256322552224,-10.1826833170265
s1701,500.0,0.3654182090291765,-15.922077117367534
s1702,700.0,0.3654182090291765,-13.662217264589568
s1703,900.0,0.3654182090291765,-12.243906160129418
s1704,1100.0,0.3654182090291765,-11.269477408510642
s1705,500.0,0.335870330142252,-16.52858363203112
s1706,700.0,0.335870330142252,-15.08128924874301
s1707,900.0,0.335870330142252,-13.487055416675915
s1708,1100.0,0.335870330142252,-12.156485872862051
s1709,500.0,0.3618761800132641,-16.762439519471602
s1710,700.0,0.3618761800132641,-14.612691328204486
s1711,900.0,0.3618761800132641,-13.261674260563673
s1712,1100.0,0.3618761800132641,-12.08930887911495
s1713,500.0,0.30962677003714517,-15.397882321615278
s1714,700.0,0.30962677003714517,-14.051829922247967
s1715,900.0,0.30962677003714517,-12.32574185335332
s1716,1100.0,0.30962677003714517,-11.51432410024557
s1717,500.0,0.29445258195731716,-12.861679513625122
s1718,700.0,0.29445258195731716,-10.871974929816073
s1719,900.0,0.29445258195731716,-9.745031591212397
s1720,1100.0,0.29445258195731716,-9.172584106861137
s1721,500.0,0.31843017687950725,-14.53473211914181
s1722,700.0,0.31843017687950725,-12.612851272644855
s1723,900.0,0.31843017687950725,-11.2966559519799
s1724,1100.0,0.31843017687950725,-10.505553493629211
s1725,500.0,0.3446837175402901,-16.367333318624784
s1726,700.0,0.3446837175402901,-14.595171938280277
s1727,900.0,0.3446837175402901,-13.160352111372832
s1728,1100.0,0.3446837175402901,-11.8859390190221
s1729,500.0,0.2525990049758769,-12.62474385020636
s1730,700.0,0.2525990049758769,-10.972492355517899
s1731,900.0,0.2525990049758769,-10.05427403970176
s1732,1100.0,0.2525990049758769,-9.410847102600455
s1733,500.0,0.3740003217997189,-15.712908106564743
s1734,700.0,0.3740003217997189,-13.82908475194203
s1735,900.0,0.3740003217997189,-11.950270398105362
s1736,1100.0,0.3740003217997189,-11.012839378361118
s1737,500.0,0.3315079064028583,-15.120444901777692
s1738,700.0,0.3315079064028583,-13.279846361259539
s1739,900.0,0.3315079064028583,-11.82675511328808
s1740,1100.0,0.3315079064028583,-10.906386056456894
s1741,500.0,0.3639263636266049,-16.85711603759757
s1742,700.0,0.3639263636266049,-14.719786093200462
s1743,900.0,0.3639263636266049,-13.332281740086865
s1744,1100.0,0.3639263636266049,-12.163460737266783
s1745,500.0,0.2667917962047649,-14.024577644973627
s1746,700.0,0.2667917962047649,-12.427383937901011
s1747,900.0,0.2667917962047649,-11.420186501535614
s1748,1100.0,0.2667917962047649,-10.590531703525334
s1749,500.0,0.3089237892387675,-13.732120498510183
s1750,700.0,0.3089237892387675,-11.62531579619616
s1751,900.0,0.3089237892387675,-10.520107458683118
s1752,1100.0,0.3089237892387675,-9.826858210472956
s1753,500.0,0.35055167872875675,-14.601727322662068
s1754,700.0,0.35055167872875675,-12.414634013795846
s1755,900.0,0.35055167872875675,-10.996384352837142
s1756,1100.0,0.35055167872875675,-10.178168720275176
s1757,500.0,0.3692076727509169,-15.174823956292848
s1758,700.0,0.3692076727509169,-12.68906094233999
s1759,900.0,0.3692076727509169,-11.335322048703413
s1760,1100.0,0.3692076727509169,-10.512578062230961
s1761,500.0,0.2318311025445478,-12.178123940699006
s1762,700.0,0.2318311025445478,-10.637043499294588
s1763,900.0,0.2318311025445478,-9.749289790417434
s1764,1100.0,0.2318311025445478,-9.26347316582353
s1765,500.0,0.3265347374902795,-13.513364342274873
s1766,700.0,0.3265347374902795,-11.14528961526423
s1767,900.0,0.3265347374902795,-10.056060621917025
s1768,1100.0,0.3265347374902795,-9.399250278780373
s1769,500.0,0.3584804815275503,-16.19423709573005
s1770,700.0,0.3584804815275503,-14.392175144784494
s1771,900.0,0.3584804815275503,-12.81464137951576
s1772,1100.0,0.3584804815275503,-11.563995408533652
s1773,500.0,0.39788488270702954,-16.76731171959576
s1774,700.0,0.39788488270702954,-14.0569541938231
s1775,900.0,0.39788488270702954,-12.78468275188448
s1776,1100.0,0.39788488270702954,-11.65237607809404
s1777,500.0,0.2730371521907268,-14.017705466790309
s1778,700.0,0.2730371521907268,-12.626945459189503
s1779,900.0,0.2730371521907268,-11.309055874073103
s1780,1100.0,0.2730371521907268,-10.562980659897608
s1781,500.0,0.36211280947571933,-14.645847612115329
s1782,700.0,0.36211280947571933,-12.431197989665671
s1783,900.0,0.36211280947571933,-10.897106636858968
s1784,1100.0,0.36211280947571933,-10.096504101033624
s1785,500.0,0.3248909222178484,-14.914353587340358
s1786,700.0,0.3248909222178484,-13.157257023086453
s1787,900.0,0.3248909222178484,-11.924344383994455
s1788,1100.0,0.3248909222178484,-10.659408291409472
s1789,500.0,0.4100866500210901,-16.650923450444992
s1790,700.0,0.4100866500210901,-14.176683486284801
s1791,900.0,0.4100866500210901,-12.5463441165374
s1792,1100.0,0.4100866500210901,-11.425795609982712
s1793,500.0,0.4077035120642233,-16.67139557466283
s1794,700.0,0.4077035120642233,-14.09058758582159
s1795,900.0,0.4077035120642233,-12.485503338251432
s1796,1100.0,0.4077035120642233,-11.51719087040958
s1797,500.0,0.35128738604096615,-14.812105482189734
s1798,700.0,0.35128738604096615,-12.887779452793872
s1799,900.0,0.35128738604096615,-11.21741580712935
s1800,1100.0,0.35128738604096615,-10.408333738845988
s1801,500.0,0.40196096574036666,-16.31743950609136
s1802,700.0,0.40196096574036666,-14.001114207607658
s1803,900.0,0.40196096574036666,-12.234292071142807
s1804,1100.0,0.40196096574036666,-11.244989263328423
s1805,500.0,0.39335913246990006,-14.432999719123176
s1806,700.0,0.39335913246990006,-11.263502496628922
s1807,900.0,0.39335913246990006,-10.14829011899149
s1808,1100.0,0.39335913246990006,-9.496962992248577
s1809,500.0,0.31434244292814884,-16.120129134909604
s1810,700.0,0.31434244292814884,-15.237118837794576
s1811,900.0,0.31434244292814884,-13.30890648216592
s1812,1100.0,0.31434244292814884,-12.077748232688082
s1813,500.0,0.2954937683740685,-14.138495812422846
s1814,700.0,0.2954937683740685,-12.290803932421845
s1815,900.0,0.2954937683740685,-11.11383371973388
s1816,1100.0,0.2954937683740685,-10.401110906720179
s1817,500.0,0.328757537903237,-15.070496283722601
s1818,700.0,0.328757537903237,-12.955407646837207
s1819,900.0,0.328757537903237,-11.764306229847426
s1820,1100.0,0.328757537903237,-10.871019983914616
s1821,500.0,0.29603070702821616,-13.221570770169883
s1822,700.0,0.29603070702821616,-11.110499141590232
s1823,900.0,0.29603070702821616,-10.070561392388775
s1824,1100.0,0.29603070702821616,-9.506270759477921
s1825,500.0,0.3752548454071995,-16.076941717666298
s1826,700.0,0.3752548454071995,-13.88874662782267
s1827,900.0,0.3752548454071995,-12.283553490748787
s1828,1100.0,0.3752548454071995,-11.327489794672495
s1829,500.0,0.4063982174271985,-17.064028865789197
s1830,700.0,0.4063982174271985,-15.088718560052511
s1831,900.0,0.4063982174271985,-13.118217324676767
s1832,1100.0,0.4063982174271985,-11.888206719753299
s1833,500.0,0.363342608932784,-14.47080446629908
s1834,700.0,0.363342608932784,-12.51627730754779
s1835,900.0,0.363342608932784,-10.758201982527774
s1836,1100.0,0.363342608932784,-9.918138778863934
s1837,500.0,0.42286052074822794,-16.907062843132522
s1838,700.0,0.42286052074822794,-14.86854952937086
s1839,900.0,0.42286052074822794,-12.66493970634597
s1840,1100.0,0.42286052074822794,-11.599668927751054
s1841,500.0,0.4561249695873122,-17.720513140138824
s1842,700.0,0.4561249695873122,-14.451944293627403
s1843,900.0,0.4561249695873122,-12.949059419751546
s1844,1100.0,0.4561249695873122,-11.947306939783132
s1845,500.0,0.32296572933702944,-14.132232360435024
s1846,700.0,0.32296572933702944,-12.109668623825048
s1847,900.0,0.32296572933702944,-10.87898229367247
s1848,1100.0,0.32296572933702944,-10.017775462578868
s1849,500.0,0.32788236899824075,-15.354207614457918
s1850,700.0,0.32788236899824075,-13.885521106131923
s1851,900.0,0.32788236899824075,-12.18268451371788
s1852,1100.0,0.32788236899824075,-11.1900342953506
s1853,500.0,0.3399876353037695,-14.58200954714616
s1854,700.0,0.3399876353037695,-12.59105686852339
s1855,900.0,0.3399876353037695,-11.14887619861212
s1856,1100.0,0.3399876353037695,-10.275613881279531
s1857,500.0,0.34907597268846535,-16.38994424372458
s1858,700.0,0.34907597268846535,-14.25137046744915
s1859,900.0,0.34907597268846535,-12.958301042647294
s1860,1100.0,0.34907597268846535,-11.902922859295039
s1861,500.0,0.36640719639683667,-16.234860483405697
s1862,700.0,0.36640719639683667,-13.894267557441992
s1863,900.0,0.36640719639683667,-12.665144096757214
s1864,1100.0,0.36640719639683667,-11.493122213758003
s1865,500.0,0.37816615967370765,-15.074370916844487
s1866,700.0,0.37816615967370765,-12.554138327433812
s1867,900.0,0.37816615967370765,-11.123456090625709
s1868,1100.0,0.37816615967370765,-10.312899686208736
s1869,500.0,0.3574578188880968,-15.379921130235381
s1870,700.0,0.3574578188880968,-12.95527195940452
s1871,900.0,0.3574578188880968,-11.594823135849177
s1872,1100.0,0.3574578188880968,-10.90097596165873
s1873,500.0,0.3505282125401336,-16.88831688844773
s1874,700.0,0.3505282125401336,-15.29464066460981
s1875,900.0,0.3505282125401336,-13.430487355089548
s1876,1100.0,0.3505282125401336,-12.470357291577542
s1877,500.0,0.24207471702778272,-12.469059364951253
s1878,700.0,0.24207471702778272,-10.871038995275892
s1879,900.0,0.24207471702778272,-10.000893459310635
s1880,1100.0,0.24207471702778272,-9.389581919286455
s1881,500.0,0.3692343515507073,-15.604708333985707
s1882,700.0,0.3692343515507073,-13.477026674277129
s1883,900.0,0.3692343515507073,-12.016765095569797
s1884,1100.0,0.3692343515507073,-10.85505714558421
s1885,500.0,0.2616242581695024,-12.587198157999234
s1886,700.0,0.2616242581695024,-10.731332829346748
s1887,900.0,0.2616242581695024,-9.849434240854466
s1888,1100.0,0.2616242581695024,-9.279100983243483
s1889,500.0,0.33738787374749424,-15.74141284760104
s1890,700.0,0.33738787374749424,-13.360463732168668
s1891,900.0,0.33738787374749424,-12.122217247775561
s1892,1100.0,0.33738787374749424,-11.526234905288833
s1893,500.0,0.3218248018442034,-14.195033486290571
s1894,700.0,0.3218248018442034,-12.353567386821886
s1895,900.0,0.3218248018442034,-10.882426266404051
s1896,1100.0,0.3218248018442034,-10.159855763734516
s1897,500.0,0.3584013103427141,-15.206459644103566
s1898,700.0,0.3584013103427141,-12.711808592536569
s1899,900.0,0.3584013103427141,-11.461490156378591
s1900,1100.0,0.3584013103427141,-10.678602027514886
s1901,500.0,0.2681249919474407,-13.642112910085508
s1902,700.0,0.2681249919474407,-12.25741987629192
s1903,900.0,0.2681249919474407,-10.906449154583731
s1904,1100.0,0.2681249919474407,-10.28873804698487
s1905,500.0,0.3540517096548346,-16.22440908019061
s1906,700.0,0.3540517096548346,-14.287002761033216
s1907,900.0,0.3540517096548346,-12.767535696151983
s1908,1100.0,0.3540517096548346,-11.694241131573321
s1909,500.0,0.3394603832575186,-14.506589757247223
s1910,700.0,0.3394603832575186,-12.522495812514785
s1911,900.0,0.3394603832575186,-11.043821403414146
s1912,1100.0,0.3394603832575186,-10.226797144649836
s1913,500.0,0.364992219618899,-16.61904461415436
s1914,700.0,0.364992219618899,-14.792911448736374
s1915,900.0,0.364992219618899,-12.941450630760214
s1916,1100.0,0.364992219618899,-12.03707870357715
s1917,500.0,0.3786857774384471,-14.92790201790967
s1918,700.0,0.3786857774384471,-12.289407107622589
s1919,900.0,0.3786857774384471,-10.947610427196098
s1920,1100.0,0.3786857774384471,-10.156341120405893
s1921,500.0,0.31029090359465045,-14.205222050490592
s1922,700.0,0.31029090359465045,-12.412154453253464
s1923,900.0,0.31029090359465045,-11.084857063832454
s1924,1100.0,0.31029090359465045,-10.271342048322635
s1925,500.0,0.3888866679614153,-16.707107387676363
s1926,700.0,0.3888866679614153,-14.454972921881238
s1927,900.0,0.3888866679614153,-12.732689965484271
s1928,1100.0,0.3888866679614153,-11.81135506605617
s1929,500.0,0.32108007472731076,-15.906854784202357
s1930,700.0,0.32108007472731076,-14.195043031221747
s1931,900.0,0.32108007472731076,-12.726071218471285
s1932,1100.0,0.32108007472731076,-11.830583507631514
s1933,500.0,0.3191167046222041,-13.634144993741474
s1934,700.0,0.3191167046222041,-11.569454615787304
s1935,900.0,0.3191167046222041,-10.296465705267115
s1936,1100.0,0.3191167046222041,-9.627290944628172
s1937,500.0,0.3723767846142394,-16.53312124543369
s1938,700.0,0.3723767846142394,-14.557492612370014
s1939,900.0,0.3723767846142394,-12.846816523018
s1940,1100.0,0.3723767846142394,-11.805560300403362
s1941,500.0,0.31398907989935715,-13.699166910948247
s1942,700.0,0.31398907989935715,-11.669682652135375
s1943,900.0,0.31398907989935715,-10.45724335270243
s1944,1100.0,0.31398907989935715,-9.733649829679187
s1945,500.0,0.28219601050483717,-14.168601206888912
s1946,700.0,0.28219601050483717,-12.37730783906391
s1947,900.0,0.28219601050483717,-11.328740605722325
s1948,1100.0,0.28219601050483717,-10.568507525540104
s1949,500.0,0.3851758288567487,-15.6771536474037
s1950,700.0,0.3851758288567487,-13.17850726612036
s1951,900.0,0.3851758288567487,-11.680003418486768
s1952,1100.0,0.3851758288567487,-10.82246893319296
s1953,500.0,0.3485396779850516,-14.06303277722796
s1954,700.0,0.3485396779850516,-12.168754997262132
s1955,900.0,0.3485396779850516,-10.417754670568181
s1956,1100.0,0.3485396779850516,-9.739517355951183
s1957,500.0,0.2629852677360142,-13.595703233311445
s1958,700.0,0.2629852677360142,-12.015382539162454
s1959,900.0,0.2629852677360142,-10.931630366533696
s1960,1100.0,0.2629852677360142,-10.263450213044084
s1961,500.0,0.27698089773813944,-14.455743679695235
s1962,700.0,0.27698089773813944,-13.306902885265519
s1963,900.0,0.27698089773813944,-12.004988180681377
s1964,1100.0,0.27698089773813944,-10.824912626460575
s1965,500.0,0.29192504085378,-12.780354030656657
s1966,700.0,0.29192504085378,-10.815792495662746
s1967,900.0,0.29192504085378,-9.705443137353912
s1968,1100.0,0.29192504085378,-9.115803308810401
s1969,500.0,0.3085479114722002,-13.82187883962455
s1970,700.0,0.3085479114722002,-11.73120115804479
s1971,900.0,0.3085479114722002,-10.598910510261424
s1972,1100.0,0.3085479114722002,-9.931591672606203
s1973,500.0,0.3292269747569142,-15.386510671063727
s1974,700.0,0.3292269747569142,-13.464744325376717
s1975,900.0,0.3292269747569142,-12.06400676105616
s1976,1100.0,0.3292269747569142,-11.216225527511835
s1977,500.0,0.25945239260203623,-13.001751003056436
s1978,700.0,0.25945239260203623,-11.187770888660777
s1979,900.0,0.25945239260203623,-10.285787255688541
s1980,1100.0,0.25945239260203623,-9.725508803388365
s1981,500.0,0.322272302937624,-14.066710797546767
s1982,700.0,0.322272302937624,-11.914475679117169
s1983,900.0,0.322272302937624,-10.734518047744624
s1984,1100.0,0.322272302937624,-9.989071196656957
s1985,500.0,0.39299385340908155,-16.563492489540717
s1986,700.0,0.39299385340908155,-14.078893094726288
s1987,900.0,0.39299385340908155,-12.544273642339954
s1988,1100.0,0.39299385340908155,-11.587029371385078
s1989,500.0,0.25295211419858116,-12.8931122552177
s1990,700.0,0.25295211419858116,-11.135445018992199
s1991,900.0,0.25295211419858116,-10.31092017710701
s1992,1100.0,0.25295211419858116,-9.664122682806902
s1993,500.0,0.42825286786938466,-17.034915816349145
s1994,700.0,0.42825286786938466,-14.517361435034504
s1995,900.0,0.42825286786938466,-12.67126628238961
s1996,1100.0,0.42825286786938466,-11.630837843461915
s1997,500.0,0.26802787790592836,-12.890980347006165
s1998,700.0,0.26802787790592836,-11.046321655592418
s1999,900.0,0.26802787790592836,-10.104231963131177
s2000,1100.0,0.26802787790592836,-9.500220200770116
s2001,500.0,0.40929354761066555,-17.27579898263388
s2002,700.0,0.40929354761066555,-14.99788318000607
s2003,900.0,0.40929354761066555,-13.237091443333105
s2004,1100.0,0.40929354761066555,-12.056733001983677
s2005,500.0,0.3239957888668609,-14.127038168709985
s2006,700.0,0.3239957888668609,-11.885617765823651
s2007,900.0,0.3239957888668609,-10.727554369868736
s2008,1100.0,0.3239957888668609,-10.04362622976787
s2009,500.0,0.3733586152663454,-16.737463656759395
s2010,700.0,0.3733586152663454,-14.534904699672417
s2011,900.0,0.3733586152663454,-12.860724367281593
s2012,1100.0,0.3733586152663454,-12.065097739990062
s2013,500.0,0.3554715359062003,-14.980095624366431
s2014,700.0,0.3554715359062003,-12.633082531211379
s2015,900.0,0.3554715359062003,-11.248843086096448
s2016,1100.0,0.3554715359062003,-10.517255349447874
s2017,500.0,0.31210549577618285,-14.21297822121195
s2018,700.0,0.31210549577618285,-12.241484812201266
s2019,900.0,0.31210549577618285,-11.094531562197636
s2020,1100.0,0.31210549577618285,-10.220315116670495
s2021,500.0,0.3009835821041725,-15.95153989037489
s2022,700.0,0.3009835821041725,-14.666011599766898
s2023,900.0,0.3009835821041725,-13.026571800878715
s2024,1100.0,0.3009835821041725,-12.145720678154232
s2025,500.0,0.26927141165183727,-12.762096864363789
s2026,700.0,0.26927141165183727,-10.893833208532042
s2027,900.0,0.26927141165183727,-9.95216595766756
s2028,1100.0,0.26927141165183727,-9.359082499216074
s2029,500.0,0.36315196767689395,-15.034668992992476
s2030,700.0,0.36315196767689395,-12.961121377960028
s2031,900.0,0.36315196767689395,-11.409960676018224
s2032,1100.0,0.36315196767689395,-10.419179434372145
s2033,500.0,0.39567912218956397,-15.915126272972445
s2034,700.0,0.39567912218956397,-13.76785336984484
s2035,900.0,0.39567912218956397,-12.04478792227404
s2036,1100.0,0.39567912218956397,-10.858845181720094
s2037,500.0,0.3676975267431616,-17.225986262357154
s2038,700.0,0.3676975267431616,-14.57920912898595
s2039,900.0,0.3676975267431616,-13.851501780238085
s2040,1100.0,0.3676975267431616,-12.308750165308734
s2041,500.0,0.3554403650341606,-15.09633646713075
s2042,700.0,0.3554403650341606,-13.106148415575664
s2043,900.0,0.3554403650341606,-11.44767462188872
s2044,1100.0,0.3554403650341606,-10.640545606918096
s2045,500.0,0.36730798397644754,-15.291917205044658
s2046,700.0,0.36730798397644754,-13.110339106387954
s2047,900.0,0.36730798397644754,-11.506934390511045
s2048,1100.0,0.36730798397644754,-10.6770845080252
s2049,500.0,0.2679999487194928,-13.211893851375638
s2050,700.0,0.2679999487194928,-11.440189942403931
s2051,900.0,0.2679999487194928,-10.47224377054572
s2052,1100.0,0.2679999487194928,-9.806208369947711
s2053,500.0,0.25666032834805147,-12.564956068929165
s2054,700.0,0.25666032834805147,-10.86249207226265
s2055,900.0,0.25666032834805147,-9.94539608997797
s2056,1100.0,0.25666032834805147,-9.300222675966431
s2057,500.0,0.36539633909097147,-14.441587376911894
s2058,700.0,0.36539633909097147,-12.138311126453459
s2059,900.0,0.36539633909097147,-10.632541807402463
s2060,1100.0,0.36539633909097147,-9.855530804043905
s2061,500.0,0.35516351493780046,-15.295995379739134
s2062,700.0,0.35516351493780046,-13.355722868986764
s2063,900.0,0.35516351493780046,-11.775495764155265
s2064,1100.0,0.35516351493780046,-10.781315468043498
s2065,500.0,0.297596178277401,-13.281399551524272
s2066,700.0,0.297596178277401,-11.2241732008178
s2067,900.0,0.297596178277401,-10.1514672842343
s2068,1100.0,0.297596178277401,-9.535062478065036
s2069,500.0,0.3048818551769439,-14.444396827281063
s2070,700.0,0.3048818551769439,-12.953742079843835
s2071,900.0,0.3048818551769439,-11.316536505011321
s2072,1100.0,0.3048818551769439,-10.65311220099668
s2073,500.0,0.28718266260771785,-13.85766574253811
s2074,700.0,0.28718266260771785,-11.966375893489639
s2075,900.0,0.28718266260771785,-10.93017249141098
s2076,1100.0,0.28718266260771785,-10.20469568250302
s2077,500.0,0.3362561032329484,-14.539458414243212
s2078,700.0,0.3362561032329484,-12.985333944641987
s2079,900.0,0.3362561032329484,-11.262141237002771
s2080,1100.0,0.3362561032329484,-10.275656495935042
s2081,500.0,0.36613194747435074,-14.825730951803832
s2082,700.0,0.36613194747435074,-12.57068188593092
s2083,900.0,0.36613194747435074,-11.054536898833502
s2084,1100.0,0.36613194747435074,-10.212961893011236
s2085,500.0,0.3309471698656823,-14.54322410590108
s2086,700.0,0.3309471698656823,-12.473459440985325
s2087,900.0,0.3309471698656823,-11.131728785140478
s2088,1100.0,0.3309471698656823,-10.370633016838987
s2089,500.0,0.3783547336425936,-16.180404025278627
s2090,700.0,0.3783547336425936,-13.779263660520852
s2091,900.0,0.3783547336425936,-12.240368465642623
s2092,1100.0,0.3783547336425936,-11.427068835892365
s2093,500.0,0.33577314678516523,-14.495303930177021
s2094,700.0,0.33577314678516523,-12.324676289135983
s2095,900.0,0.33577314678516523,-11.021519107281154
s2096,1100.0,0.33577314678516523,-10.258462268668456
s2097,500.0,0.38220531180689776,-14.984665542501881
s2098,700.0,0.38220531180689776,-12.890560946140114
s2099,900.0,0.38220531180689776,-11.075894180423688
s2100,1100.0,0.38220531180689776,-10.191969684759309
s2101,500.0,0.34447576965191756,-15.010848948728027
s2102,700.0,0.34447576965191756,-12.811480950081574
s2103,900.0,0.34447576965191756,-11.511782530614992
s2104,1100.0,0.34447576965191756,-10.632345513057892
s2105,500.0,0.33748106826094043,-14.816402656828172
s2106,700.0,0.33748106826094043,-12.843169698368447
s2107,900.0,0.33748106826094043,-11.376417731161355
s2108,1100.0,0.33748106826094043,-10.560024044565111
s2109,500.0,0.3261432295784477,-14.550821416224993
s2110,700.0,0.3261432295784477,-12.476775017377294
s2111,900.0,0.3261432295784477,-11.207837316107636
s2112,1100.0,0.3261432295784477,-10.423246303738074
s2113,500.0,0.3679871108638863,-16.914465132967422
s2114,700.0,0.3679871108638863,-15.479715625492698
s2115,900.0,0.3679871108638863,-13.555758051964103
s2116,1100.0,0.3679871108638863,-12.161004393369222
s2117,500.0,0.35893117513457146,-14.928311245455864
s2118,700.0,0.35893117513457146,-13.045579069841361
s2119,900.0,0.35893117513457146,-11.313350144489567
s2120,1100.0,0.35893117513457146,-10.408833134047079
s2121,500.0,0.411616489032942,-16.378436544348794
s2122,700.0,0.411616489032942,-14.020281889328013
s2123,900.0,0.411616489032942,-12.221094566500796
s2124,1100.0,0.411616489032942,-11.172927323921291
s2125,500.0,0.3641836846668607,-15.88759725123348
s2126,700.0,0.3641836846668607,-13.728205801602854
s2127,900.0,0.3641836846668607,-12.30980147558698
s2128,1100.0,0.3641836846668607,-11.215579660678557
s2129,500.0,0.32768285638386957,-13.572343501498198
s2130,700.0,0.32768285638386957,-11.254026796769894
s2131,900.0,0.32768285638386957,-10.140962711289388
s2132,1100.0,0.32768285638386957,-9.431171966625351
s2133,500.0,0.3473807944678637,-15.652560918939265
s2134,700.0,0.3473807944678637,-13.799133481865281
s2135,900.0,0.3473807944678637,-12.115046748959749
s2136,1100.0,0.3473807944678637,-11.295482896691421
s2137,500.0,0.3435578594608653,-14.423227002607364
s2138,700.0,0.3435578594608653,-11.875369966892935
s2139,900.0,0.3435578594608653,-10.723330492494656
s2140,1100.0,0.3435578594608653,-10.120934407450843
s2141,500.0,0.38693278212914856,-15.20618516836464
s2142,700.0,0.38693278212914856,-12.771419217734609
s2143,900.0,0.38693278212914856,-11.2322296623878
s2144,1100.0,0.38693278212914856,-10.317427491115057
s2145,500.0,0.3703960141836469,-15.2889019486747
s2146,700.0,0.3703960141836469,-12.97955348755235
s2147,900.0,0.3703960141836469,-11.474483594695027
s2148,1100.0,0.3703960141836469,-10.617918458429179
s2149,500.0,0.36878461122416467,-15.597511703150422
s2150,700.0,0.36878461122416467,-13.5307170771256
s2151,900.0,0.36878461122416467,-11.957973921075496
s2152,1100.0,0.36878461122416467,-10.893198184822504
s2153,500.0,0.3647060117176969,-15.883583511280246
s2154,700.0,0.3647060117176969,-13.84230763900041
s2155,900.0,0.3647060117176969,-12.289865050178932
s2156,1100.0,0.3647060117176969,-11.228602265507318
s2157,500.0,0.3411176052123413,-16.536585333682584
s2158,700.0,0.3411176052123413,-14.605770198418822
s2159,900.0,0.3411176052123413,-13.27398061095573
s2160,1100.0,0.3411176052123413,-12.124836810587176
s2161,500.0,0.2966877851445783,-14.747019650836199
s2162,700.0,0.2966877851445783,-13.225878823369756
s2163,900.0,0.2966877851445783,-11.87117640276307
s2164,1100.0,0.2966877851445783,-10.9542262041886
s2165,500.0,0.2969419665041044,-14.775610127032111
s2166,700.0,0.2969419665041044,-12.95151023315961
s2167,900.0,0.2969419665041044,-11.790867181823664
s2168,1100.0,0.2969419665041044,-10.994356047013385
s2169,500.0,0.2786588154686815,-14.37827818000013
s2170,700.0,0.2786588154686815,-12.613385494998395
s2171,900.0,0.2786588154686815,-11.612132662921923
s2172,1100.0,0.2786588154686815,-10.802765174692105
s2173,500.0,0.2986222926048429,-16.13346680793677
s2174,700.0,0.2986222926048429,-15.110194082981483
s2175,900.0,0.2986222926048429,-13.222622568610948
s2176,1100.0,0.2986222926048429,-12.399336627213625
s2177,500.0,0.36474305944094965,-14.996894032574843
s2178,700.0,0.36474305944094965,-12.99684369212428
s2179,900.0,0.36474305944094965,-11.35571199761518
s2180,1100.0,0.36474305944094965,-10.373608886077921
s2181,500.0,0.3592779982706821,-15.544973547026347
s2182,700.0,0.3592779982706821,-13.617837243673664
s2183,900.0,0.3592779982706821,-12.00721413922512
s2184,1100.0,0.3592779982706821,-10.970173686393267
s2185,500.0,0.278970238734343,-13.495776109457445
s2186,700.0,0.278970238734343,-11.60472668493202
s2187,900.0,0.278970238734343,-10.553842589734268
s2188,1100.0,0.278970238734343,-9.993772701305886
s2189,500.0,0.37055307388414005,-15.252541949306163
s2190,700.0,0.37055307388414005,-12.81253893227109
s2191,900.0,0.37055307388414005,-11.411352636166445
s2192,1100.0,0.37055307388414005,-10.574519369361031
s2193,500.0,0.34505530070007223,-15.382943563624945
s2194,700.0,0.34505530070007223,-13.049730596407738
s2195,900.0,0.34505530070007223,-11.873109389582273
s2196,1100.0,0.34505530070007223,-10.980712920213033
s2197,500.0,0.41736313878355374,-16.46408785971109
s2198,700.0,0.41736313878355374,-13.947967949993828
s2199,900.0,0.41736313878355374,-12.309278036848898
s2200,1100.0,0.41736313878355374,-11.134019040556955
s2201,500.0,0.2908295851935348,-13.7231656102106
s2202,700.0,0.2908295851935348,-11.834571482056147
s2203,900.0,0.2908295851935348,-10.702761500805416
s2204,1100.0,0.2908295851935348,-10.05860484877512
s2205,500.0,0.3541885834487107,-15.739047973328509
s2206,700.0,0.3541885834487107,-13.823940973768654
s2207,900.0,0.3541885834487107,-12.268699457513197
s2208,1100.0,0.3541885834487107,-11.217231755861253
s2209,500.0,0.2940204354352246,-13.558762265246449
s2210,700.0,0.2940204354352246,-11.36348176597581
s2211,900.0,0.2940204354352246,-10.439317933979742
s2212,1100.0,0.2940204354352246,-9.848621346891024
s2213,500.0,0.3528136067820502,-14.40059034344136
s2214,700.0,0.3528136067820502,-12.281257698164465
s2215,900.0,0.3528136067820502,-10.779468996174183
s2216,1100.0,0.3528136067820502,-9.95633516841766
s2217,500.0,0.2515265579802832,-12.745023822779624
s2218,700.0,0.2515265579802832,-11.125044076408178
s2219,900.0,0.2515265579802832,-10.134019807775685
s2220,1100.0,0.2515265579802832,-9.576981342061464
s2221,500.0,0.2919898129352979,-15.478062903236655
s2222,700.0,0.2919898129352979,-13.952572991325333
s2223,900.0,0.2919898129352979,-12.725705404193436
s2224,1100.0,0.2919898129352979,-11.697967699832152
s2225,500.0,0.31707074643920974,-14.297211450012446
s2226,700.0,0.31707074643920974,-12.315275449779495
s2227,900.0,0.31707074643920974,-11.016841711522813
s2228,1100.0,0.31707074643920974,-10.30633110643355
s2229,500.0,0.32377981807917455,-15.038480726042076
s2230,700.0,0.32377981807917455,-13.396070836059337
s2231,900.0,0.32377981807917455,-11.84934969426253
s2232,1100.0,0.32377981807917455,-10.930015778457552
s2233,500.0,0.27215944264887615,-13.133027997519104
s2234,700.0,0.27215944264887615,-11.285582402107893
s2235,900.0,0.27215944264887615,-10.279072071785622
s2236,1100.0,0.27215944264887615,-9.707195983740599
s2237,500.0,0.3308081098466515,-13.981388877948964
s2238,700.0,0.3308081098466515,-11.849443169296912
s2239,900.0,0.3308081098466515,-10.516327127027433
s2240,1100.0,0.3308081098466515,-9.831791981023338
s2241,500.0,0.34851682033772197,-14.656711360534743
s2242,700.0,0.34851682033772197,-12.527477207897531
s2243,900.0,0.34851682033772197,-11.070724605804639
s2244,1100.0,0.34851682033772197,-10.266317677429825
s2245,500.0,0.26725537426698165,-12.970816228225441
s2246,700.0,0.26725537426698165,-11.19548171168764
s2247,900.0,0.26725537426698165,-10.290185957110777
s2248,1100.0,0.26725537426698165,-9.544852246140941
s2249,500.0,0.2635617300421435,-14.265507373810262
s2250,700.0,0.2635617300421435,-12.613199431893358
s2251,900.0,0.2635617300421435,-11.658079090863438
s2252,1100.0,0.2635617300421435,-10.881286630920142
s2253,500.0,0.5303733831420344,-18.433481899826695
s2254,700.0,0.5303733831420344,-14.880777280036371
s2255,900.0,0.5303733831420344,-12.759371005480402
s2256,1100.0,0.5303733831420344,-11.826625608280663
s2257,500.0,0.27610690604471994,-13.587493816697183
s2258,700.0,0.27610690604471994,-12.142296549359957
s2259,900.0,0.27610690604471994,-10.815418834643157
s2260,1100.0,0.27610690604471994,-10.106514505035747
s2261,500.0,0.31468397235933254,-14.689875533712938
s2262,700.0,0.31468397235933254,-12.749293395085312
s2263,900.0,0.31468397235933254,-11.469981576814224
s2264,1100.0,0.31468397235933254,-10.713080895423044
s2265,500.0,0.3878098409063402,-16.3148205331806
s2266,700.0,0.3878098409063402,-13.619197374320933
s2267,900.0,0.3878098409063402,-12.20983696416792
s2268,1100.0,0.3878098409063402,-11.445191631740864
s2269,500.0,0.3883858142877225,-16.52556668556915
s2270,700.0,0.3883858142877225,-14.336881563106243
s2271,900.0,0.3883858142877225,-12.70802534633153
s2272,1100.0,0.3883858142877225,-11.560895044275686
s2273,500.0,0.3613171066549192,-14.757453234410361
s2274,700.0,0.3613171066549192,-12.324688788633084
s2275,900.0,0.3613171066549192,-11.050990959279716
s2276,1100.0,0.3613171066549192,-10.166576729801344
s2277,500.0,0.2846145018909851,-13.495095114219758
s2278,700.0,0.2846145018909851,-11.557902847715605
s2279,900.0,0.2846145018909851,-10.534363560740793
s2280,1100.0,0.2846145018909851,-9.898515590368408
s2281,500.0,0.35163915256322786,-16.177016917257884
s2282,700.0,0.35163915256322786,-14.38443076477522
s2283,900.0,0.35163915256322786,-12.787004679554464
s2284,1100.0,0.35163915256322786,-11.673002500300315
s2285,500.0,0.39404050613552505,-16.109684449957644
s2286,700.0,0.39404050613552505,-13.91114195967235
s2287,900.0,0.39404050613552505,-12.125607069947797
s2288,1100.0,0.39404050613552505,-11.13743845585596
s2289,500.0,0.3161129882450507,-14.4583810283349
s2290,700.0,0.3161129882450507,-12.19725139458995
s2291,900.0,0.3161129882450507,-11.21170280188872
s2292,1100.0,0.3161129882450507,-10.424598766606303
s2293,500.0,0.4312529352181883,-17.374663335336443
s2294,700.0,0.4312529352181883,-14.764489995429424
s2295,900.0,0.4312529352181883,-13.083122948812074
s2296,1100.0,0.4312529352181883,-11.864845062874155
s2297,500.0,0.36562263316223353,-15.328793585748581
s2298,700.0,0.36562263316223353,-12.97702542038737
s2299,900.0,0.36562263316223353,-11.595544021153145
s2300,1100.0,0.36562263316223353,-10.689693058909457
s2301,500.0,0.3564145318090782,-15.18710588397043
s2302,700.0,0.3564145318090782,-13.04957636161659
s2303,900.0,0.3564145318090782,-11.529781111743489
s2304,1100.0,0.3564145318090782,-10.697575988320553
s2305,500.0,0.29446622445091053,-13.876283885267812
s2306,700.0,0.29446622445091053,-11.986477172150323
s2307,900.0,0.29446622445091053,-10.81924573258269
s2308,1100.0,0.29446622445091053,-10.168553598279212
s2309,500.0,0.22858556800824467,-15.123797450696504
s2310,700.0,0.22858556800824467,-14.061825105013767
s2311,900.0,0.22858556800824467,-12.891965358304633
s2312,1100.0,0.22858556800824467,-12.226653210599629
s2313,500.0,0.29511132006976404,-13.615723054612829
s2314,700.0,0.29511132006976404,-11.762868390491299
s2315,900.0,0.29511132006976404,-10.556543552780296
s2316,1100.0,0.29511132006976404,-9.903365451297867
s2317,500.0,0.323737701419664,-14.280446267008546
s2318,700.0,0.323737701419664,-12.237404567375652
s2319,900.0,0.323737701419664,-10.967678006963558
s2320,1100.0,0.323737701419664,-10.18253538539703
s2321,500.0,0.4135228812688099,-15.57941725596326
s2322,700.0,0.4135228812688099,-12.916028694220614
s2323,900.0,0.4135228812688099,-11.387703169526496
s2324,1100.0,0.4135228812688099,-10.31506024462279
s2325,500.0,0.36902196357079253,-16.292249203363824
s2326,700.0,0.36902196357079253,-14.73562325520944
s2327,900.0,0.36902196357079253,-12.690411368010066
s2328,1100.0,0.36902196357079253,-11.637651824410666
s2329,500.0,0.32950246192430127,-13.937041693752743
s2330,700.0,0.32950246192430127,-11.455532369451744
s2331,900.0,0.32950246192430127,-10.411707652229351
s2332,1100.0,0.32950246192430127,-9.792357706840342
s2333,500.0,0.34705575005446815,-15.516379815614599
s2334,700.0,0.34705575005446815,-13.313865037631134
s2335,900.0,0.34705575005446815,-11.949463830345048
s2336,1100.0,0.34705575005446815,-11.130111427032164
s2337,500.0,0.36746034204571504,-16.239226010852217
s2338,700.0,0.36746034204571504,-14.193671447489344
s2339,900.0,0.36746034204571504,-12.724488325571148
s2340,1100.0,0.36746034204571504,-11.491915009592923
s2341,500.0,0.2721008496918803,-13.216367163608185
s2342,700.0,0.2721008496918803,-11.292491451577652
s2343,900.0,0.2721008496918803,-10.411963787402632
s2344,1100.0,0.2721008496918803,-9.752899080243992
s2345,500.0,0.3002008209856672,-15.748648123533105
s2346,700.0,0.3002008209856672,-14.227545089086854
s2347,900.0,0.3002008209856672,-12.736030212082014
s2348,1100.0,0.3002008209856672,-11.970511464680076
s2349,500.0,0.34354673786391404,-15.593210285887098
s2350,700.0,0.34354673786391404,-13.761898841512904
s2351,900.0,0.34354673786391404,-12.167144445846782
s2352,1100.0,0.34354673786391404,-11.244342336386799
s2353,500.0,0.3067551306712678,-13.685446984410635
s2354,700.0,0.3067551306712678,-11.563139479508632
s2355,900.0,0.3067551306712678,-10.431499763630063
s2356,1100.0,0.3067551306712678,-9.838894456178311
s2357,500.0,0.4275791688215046,-16.511200187454545
s2358,700.0,0.4275791688215046,-14.413444036081625
s2359,900.0,0.4275791688215046,-12.234615656940996
s2360,1100.0,0.4275791688215046,-11.13210020325452
s2361,500.0,0.3372418555025008,-14.906443911394199
s2362,700.0,0.3372418555025008,-12.721789916007182
s2363,900.0,0.3372418555025008,-11.460229930706486
s2364,1100.0,0.3372418555025008,-10.62670783250746
s2365,500.0,0.3767646360442773,-16.24886270287417
s2366,700.0,0.3767646360442773,-14.359753382311615
s2367,900.0,0.3767646360442773,-12.524404473252893
s2368,1100.0,0.3767646360442773,-11.47875253187424
s2369,500.0,0.3449932635653408,-16.190329715207834
s2370,700.0,0.3449932635653408,-14.292828238774193
s2371,900.0,0.3449932635653408,-12.94304211283449
s2372,1100.0,0.3449932635653408,-11.707521524775816
s2373,500.0,0.33226566101744065,-16.234831750365345
s2374,700.0,0.33226566101744065,-14.639771113134675
s2375,900.0,0.33226566101744065,-13.059764390347892
s2376,1100.0,0.33226566101744065,-11.977821973320202
s2377,500.0,0.2994952595444455,-14.460000998836378
s2378,700.0,0.2994952595444455,-12.748912892159863
s2379,900.0,0.2994952595444455,-11.440723103401542
s2380,1100.0,0.2994952595444455,-10.670002328290382
s2381,500.0,0.3554961097686798,-14.312821657244323
s2382,700.0,0.3554961097686798,-12.19051631921817
s2383,900.0,0.3554961097686798,-10.609685143958375
s2384,1100.0,0.3554961097686798,-9.866892450237847
s2385,500.0,0.2743135603539669,-12.67215049523805
s2386,700.0,0.2743135603539669,-10.797534976853964
s2387,900.0,0.2743135603539669,-9.816976645433895
s2388,1100.0,0.2743135603539669,-9.205522686242565
s2389,500.0,0.35347385351457417,-15.155995540836361
s2390,700.0,0.35347385351457417,-13.54727410917016
s2391,900.0,0.35347385351457417,-11.70186603146327
s2392,1100.0,0.35347385351457417,-10.68251543196576
s2393,500.0,0.3740415410661358,-16.150408701737245
s2394,700.0,0.3740415410661358,-14.354454033540643
s2395,900.0,0.3740415410661358,-12.416882872121032
s2396,1100.0,0.3740415410661358,-11.446363013520592
s2397,500.0,0.3396353701232993,-14.732817599106916
s2398,700.0,0.3396353701232993,-13.068836273109024
s2399,900.0,0.3396353701232993,-11.344514480759825
s2400,1100.0,0.3396353701232993,-10.455610809116635
s2401,500.0,0.31635330862370836,-15.16039075615436
s2402,700.0,0.31635330862370836,-13.274424343483714
s2403,900.0,0.31635330862370836,-11.985425897920953
s2404,1100.0,0.31635330862370836,-11.137646906814876
s2405,500.0,0.36639697299787677,-15.78403270630306
s2406,700.0,0.36639697299787677,-13.480995952547731
s2407,900.0,0.36639697299787677,-12.096758903448027
s2408,1100.0,0.36639697299787677,-11.11311750649484
s2409,500.0,0.2891216311290385,-14.59326610695169
s2410,700.0,0.2891216311290385,-12.827816090005234
s2411,900.0,0.2891216311290385,-11.691212044724981
s2412,1100.0,0.2891216311290385,-10.91088838633649
s2413,500.0,0.27361441551227716,-13.037846219810168
s2414,700.0,0.27361441551227716,-11.029578630128315
s2415,900.0,0.27361441551227716,-10.144061087294334
s2416,1100.0,0.27361441551227716,-9.585202826233303
s2417,500.0,0.36417007374051263,-14.991000770152079
s2418,700.0,0.36417007374051263,-12.43047671379345
s2419,900.0,0.36417007374051263,-11.178546234270382
s2420,1100.0,0.36417007374051263,-10.39048925083968
s2421,500.0,0.32886704457686605,-15.697820228739035
s2422,700.0,0.32886704457686605,-13.72447053882863
s2423,900.0,0.32886704457686605,-12.483992282281658
s2424,1100.0,0.32886704457686605,-11.466020822838509
s2425,500.0,0.231522811534696,-12.67912815819983
s2426,700.0,0.231522811534696,-11.084824262759565
s2427,900.0,0.231522811534696,-10.290418188923649
s2428,1100.0,0.231522811534696,-9.73981141253074
s2429,500.0,0.4233667167599936,-16.310486477331143
s2430,700.0,0.4233667167599936,-13.687317949161782
s2431,900.0,0.4233667167599936,-11.968734330386782
s2432,1100.0,0.4233667167599936,-10.963841002829966
s2433,500.0,0.33209564046774054,-14.782524223502211
s2434,700.0,0.33209564046774054,-12.804144152904888
s2435,900.0,0.33209564046774054,-11.386739568022408
s2436,1100.0,0.33209564046774054,-10.594626727896928
s2437,500.0,0.33485055072537506,-15.27683641694671
s2438,700.0,0.33485055072537506,-13.789978555506556
s2439,900.0,0.33485055072537506,-12.136791220596505
s2440,1100.0,0.33485055072537506,-10.971283246341967
s2441,500.0,0.4422156016825402,-17.13970960368897
s2442,700.0,0.4422156016825402,-14.710435510645649
s2443,900.0,0.4422156016825402,-12.67276012373114
s2444,1100.0,0.4422156016825402,-11.562798833499151
s2445,500.0,0.4066724485617802,-16.7703584775849
s2446,700.0,0.4066724485617802,-14.209926191597761
s2447,900.0,0.4066724485617802,-12.639008755375139
s2448,1100.0,0.4066724485617802,-11.606859241733195
s2449,500.0,0.4034521719909081,-16.982578318534884
s2450,700.0,0.4034521719909081,-14.307403636032348
s2451,900.0,0.4034521719909081,-12.863084096579415
s2452,1100.0,0.4034521719909081,-11.851745957540917
s2453,500.0,0.35246386287594156,-15.010163662162991
s2454,700.0,0.35246386287594156,-12.908092355594977
s2455,900.0,0.35246386287594156,-11.444619986641445
s2456,1100.0,0.35246386287594156,-10.543726363275912
s2457,500.0,0.3327093140771048,-14.62246418689743
s2458,700.0,0.3327093140771048,-12.655504814509916
s2459,900.0,0.3327093140771048,-11.207304319412463
s2460,1100.0,0.3327093140771048,-10.436295958808287
s2461,500.0,0.41569334811000214,-16.815434337349465
s2462,700.0,0.41569334811000214,-14.540248596798689
s2463,900.0,0.41569334811000214,-12.604872371049568
s2464,1100.0,0.41569334811000214,-11.580617239611188
s2465,500.0,0.2973119524786406,-13.696824912537686
s2466,700.0,0.2973119524786406,-11.87047660696843
s2467,900.0,0.2973119524786406,-10.556882838857554
s2468,1100.0,0.2973119524786406,-9.994804254973575
s2469,500.0,0.33205104956716086,-15.96978881303823
s2470,700.0,0.33205104956716086,-14.077303399093088
s2471,900.0,0.33205104956716086,-12.725746779755672
s2472,1100.0,0.33205104956716086,-11.71116399769037
s2473,500.0,0.26221745024246584,-12.765817952624477
s2474,700.0,0.26221745024246584,-10.911519767034491
s2475,900.0,0.26221745024246584,-10.003465224562838
s2476,1100.0,0.26221745024246584,-9.461252057141
s2477,500.0,0.23226755349633202,-12.099319645197285
s2478,700.0,0.23226755349633202,-10.6545675119692
s2479,900.0,0.23226755349633202,-9.715700091979706
s2480,1100.0,0.23226755349633202,-9.166129420607675
s2481,500.0,0.2873258758748404,-13.383600013246982
s2482,700.0,0.2873258758748404,-11.485101163897484
s2483,900.0,0.2873258758748404,-10.438150549178598
s2484,1100.0,0.2873258758748404,-9.737031623802128
s2485,500.0,0.3178280284977156,-15.699339347910705
s2486,700.0,0.3178280284977156,-13.615995664644904
s2487,900.0,0.3178280284977156,-12.45151018072483
s2488,1100.0,0.3178280284977156,-11.662391284824102
s2489,500.0,0.3992553581711244,-15.305912558535697
s2490,700.0,0.3992553581711244,-12.524131500268986
s2491,900.0,0.3992553581711244,-11.11037940512445
s2492,1100.0,0.3992553581711244,-10.274640515647668
s2493,500.0,0.2765953872654453,-13.351191347306436
s2494,700.0,0.2765953872654453,-11.510671054809048
s2495,900.0,0.2765953872654453,-10.541404158558294
s2496,1100.0,0.2765953872654453,-9.82469476316618
s2497,500.0,0.3254315252668126,-16.666667043413703
s2498,700.0,0.3254315252668126,-14.794551986096883
s2499,900.0,0.3254315252668126,-13.70474272714345
s2500,1100.0,0.3254315252668126,-12.36990025504208
s2501,500.0,0.3969997503942866,-15.470117498344765
s2502,700.0,0.3969997503942866,-12.92284787439282
s2503,900.0,0.3969997503942866,-11.344832801158908
s2504,1100.0,0.3969997503942866,-10.473529872935227
s2505,500.0,0.31913768751065763,-16.063720640730715
s2506,700.0,0.31913768751065763,-14.713131720851647
s2507,900.0,0.31913768751065763,-12.804772154744484
s2508,1100.0,0.31913768751065763,-12.11748709669739
s2509,500.0,0.35473437464973673,-15.651197968363364
s2510,700.0,0.35473437464973673,-13.545564964036107
s2511,900.0,0.35473437464973673,-12.080166921108104
s2512,1100.0,0.35473437464973673,-11.147763547262818
s2513,500.0,0.36161584367084054,-16.40461418636736
s2514,700.0,0.36161584367084054,-14.837978545020336
s2515,900.0,0.36161584367084054,-12.884654775252242
s2516,1100.0,0.36161584367084054,-11.832074836177352
s2517,500.0,0.34182079275610827,-15.105274595157264
s2518,700.0,0.34182079275610827,-13.158498878549102
s2519,900.0,0.34182079275610827,-11.759415127712927
s2520,1100.0,0.34182079275610827,-10.725084376048668
s2521,500.0,0.29048868607403877,-14.824532948071024
s2522,700.0,0.29048868607403877,-13.220541143484262
s2523,900.0,0.29048868607403877,-12.08917666832258
s2524,1100.0,0.29048868607403877,-11.049642107937123
s2525,500.0,0.3633710786686852,-15.509680031886834
s2526,700.0,0.3633710786686852,-13.370526279760073
s2527,900.0,0.3633710786686852,-11.806222407124855
s2528,1100.0,0.3633710786686852,-10.924404114244933
s2529,500.0,0.2932818509140071,-13.751298544165815
s2530,700.0,0.2932818509140071,-11.648654717442483
s2531,900.0,0.2932818509140071,-10.648423434998103
s2532,1100.0,0.2932818509140071,-10.058401300026839
s2533,500.0,0.33594072181470047,-14.780273213349286
s2534,700.0,0.33594072181470047,-12.76013208107827
s2535,900.0,0.33594072181470047,-11.327602621601725
s2536,1100.0,0.33594072181470047,-10.550860617913536
s2537,500.0,0.4202592618609365,-17.29006886059141
s2538,700.0,0.4202592618609365,-14.925661988495117
s2539,900.0,0.4202592618609365,-13.071088973811312
s2540,1100.0,0.4202592618609365,-11.967380432807323
s2541,500.0,0.25098851587942883,-13.152762256855343
s2542,700.0,0.25098851587942883,-11.537561119334988
s2543,900.0,0.25098851587942883,-10.657901751084092
s2544,1100.0,0.25098851587942883,-9.930424163831548
s2545,500.0,0.39287772778686675,-15.411588152445105
s2546,700.0,0.39287772778686675,-12.841713645190639
s2547,900.0,0.39287772778686675,-11.248931229273712
s2548,1100.0,0.39287772778686675,-10.504138352603086
s2549,500.0,0.3117345420790691,-15.475661567797701
s2550,700.0,0.3117345420790691,-13.625086430960687
s2551,900.0,0.3117345420790691,-12.296997140415087
s2552,1100.0,0.3117345420790691,-11.540537786388047
s2553,500.0,0.35911107280456006,-15.021273973737024
s2554,700.0,0.35911107280456006,-12.732466116311466
s2555,900.0,0.35911107280456006,-11.323138161807202
s2556,1100.0,0.35911107280456006,-10.485266563694736
s2557,500.0,0.3408924026581933,-15.30805848278435
s2558,700.0,0.3408924026581933,-13.229001801580486
s2559,900.0,0.3408924026581933,-11.90089620039745
s2560,1100.0,0.3408924026581933,-10.958617628065959
s2561,500.0,0.36186016794109277,-15.09328821716568
s2562,700.0,0.36186016794109277,-13.048871796632596
s2563,900.0,0.36186016794109277,-11.459117982115231
s2564,1100.0,0.36186016794109277,-10.509792071270407
s2565,500.0,0.2094981021160616,-14.146623137740796
s2566,700.0,0.2094981021160616,-12.990202379477974
s2567,900.0,0.2094981021160616,-12.40357060499236
s2568,1100.0,0.2094981021160616,-11.296989494486787
s2569,500.0,0.3501340571046481,-16.205588215394677
s2570,700.0,0.3501340571046481,-15.211645415026629
s2571,900.0,0.3501340571046481,-13.123848176646122
s2572,1100.0,0.3501340571046481,-11.673941278536217
s2573,500.0,0.38748000045614434,-16.565495976277067
s2574,700.0,0.38748000045614434,-14.189049442756263
s2575,900.0,0.38748000045614434,-12.743263772129199
s2576,1100.0,0.38748000045614434,-11.591682118813937
s2577,500.0,0.36824458059408,-15.714650231871534
s2578,700.0,0.36824458059408,-13.60424913868939
s2579,900.0,0.36824458059408,-12.011661814943242
s2580,1100.0,0.36824458059408,-11.048507772054702
s2581,500.0,0.36080594386090764,-15.805952082754928
s2582,700.0,0.36080594386090764,-13.567535148469675
s2583,900.0,0.36080594386090764,-12.134313879577926
s2584,1100.0,0.36080594386090764,-11.233145760682824
s2585,500.0,0.4520188427464398,-17.75501984631208
s2586,700.0,0.4520188427464398,-15.08775416894458
s2587,900.0,0.4520188427464398,-13.169128293201863
s2588,1100.0,0.4520188427464398,-12.038538470320484
s2589,500.0,0.30765586565935094,-14.39715302283792
s2590,700.0,0.30765586565935094,-12.521161705548048
s2591,900.0,0.30765586565935094,-11.304422197022006
s2592,1100.0,0.30765586565935094,-10.481672114381125
s2593,500.0,0.32751833950813186,-15.713529626669729
s2594,700.0,0.32751833950813186,-14.29442914100637
s2595,900.0,0.32751833950813186,-12.657283999562944
s2596,1100.0,0.32751833950813186,-11.499076218257201
s2597,500.0,0.403391592446973,-16.934933273519853
s2598,700.0,0.403391592446973,-14.790232559032475
s2599,900.0,0.403391592446973,-13.04950398635854
s2600,1100.0,0.403391592446973,-11.753163216520937
s2601,500.0,0.2876475457015807,-13.455345332068584
s2602,700.0,0.2876475457015807,-11.556228364882001
s2603,900.0,0.2876475457015807,-10.443745339553523
s2604,1100.0,0.2876475457015807,-9.83974469239468
s2605,500.0,0.32461719478464623,-14.291027000963076
s2606,700.0,0.32461719478464623,-12.210893599568333
s2607,900.0,0.32461719478464623,-11.098302609949572
s2608,1100.0,0.32461719478464623,-10.105854425104308
s2609,500.0,0.3806836388063698,-15.035175429936459
s2610,700.0,0.3806836388063698,-12.712344866624512
s2611,900.0,0.3806836388063698,-11.077101538414686
s2612,1100.0,0.3806836388063698,-10.262775740967484
s2613,500.0,0.3990701969333611,-15.349169326619839
s2614,700.0,0.3990701969333611,-12.657384386714611
s2615,900.0,0.3990701969333611,-11.159238734125694
s2616,1100.0,0.3990701969333611,-10.331199381488053
s2617,500.0,0.330160081261243,-13.911210089513883
s2618,700.0,0.330160081261243,-11.729664034937294
s2619,900.0,0.330160081261243,-10.413504825661196
s2620,1100.0,0.330160081261243,-9.783714307118071
s2621,500.0,0.3511549547073698,-14.675479130106165
s2622,700.0,0.3511549547073698,-12.352215741689992
s2623,900.0,0.3511549547073698,-10.989786731418839
s2624,1100.0,0.3511549547073698,-10.265997437589176
s2625,500.0,0.3884445992890358,-15.734767552645032
s2626,700.0,0.3884445992890358,-13.46174573828585
s2627,900.0,0.3884445992890358,-11.85132055368958
s2628,1100.0,0.3884445992890358,-10.793238727699391
s2629,500.0,0.2881934609200796,-13.942092561891165
s2630,700.0,0.2881934609200796,-12.013013508778457
s2631,900.0,0.2881934609200796,-10.916391122295241
s2632,1100.0,0.2881934609200796,-10.320415609820735
s2633,500.0,0.30218628600445424,-13.672930246971662
s2634,700.0,0.30218628600445424,-11.609549825060249
s2635,900.0,0.30218628600445424,-10.515389774055645
s2636,1100.0,0.30218628600445424,-9.86110393696298
s2637,500.0,0.24375989312437082,-12.18095053117236
s2638,700.0,0.24375989312437082,-10.430784884755269
s2639,900.0,0.24375989312437082,-9.613061696373963
s2640,1100.0,0.24375989312437082,-9.105115861809743
s2641,500.0,0.349959673353325,-16.124073615155428
s2642,700.0,0.349959673353325,-14.136309615728107
s2643,900.0,0.349959673353325,-12.696264036401718
s2644,1100.0,0.349959673353325,-11.64164104150778
s2645,500.0,0.36924323339268517,-14.96393705945774
s2646,700.0,0.36924323339268517,-13.213169478803227
s2647,900.0,0.36924323339268517,-11.378372291776413
s2648,1100.0,0.36924323339268517,-10.268029997109071
s2649,500.0,0.36675705229329364,-16.54534509698402
s2650,700.0,0.36675705229329364,-14.286210134883163
s2651,900.0,0.36675705229329364,-12.966646187350968
s2652,1100.0,0.36675705229329364,-11.814428823877162
s2653,500.0,0.3082148173326723,-14.280227023147466
s2654,700.0,0.3082148173326723,-12.268875174396088
s2655,900.0,0.3082148173326723,-11.110660186371854
s2656,1100.0,0.3082148173326723,-10.377766117695824
s2657,500.0,0.2849566000242558,-14.601105550969317
s2658,700.0,0.2849566000242558,-13.104964605901962
s2659,900.0,0.2849566000242558,-11.820147958764931
s2660,1100.0,0.2849566000242558,-10.963564779666223
s2661,500.0,0.3607096799787242,-14.811878045783581
s2662,700.0,0.3607096799787242,-12.746779031883019
s2663,900.0,0.3607096799787242,-11.058538588959319
s2664,1100.0,0.3607096799787242,-10.311411572334732
s2665,500.0,0.4287245589264435,-16.722161994645397
s2666,700.0,0.4287245589264435,-14.338552278975907
s2667,900.0,0.4287245589264435,-12.433009001412406
s2668,1100.0,0.4287245589264435,-11.288215627802305
s2669,500.0,0.3216157003619058,-13.921825924539384
s2670,700.0,0.3216157003619058,-11.471021384921992
s2671,900.0,0.3216157003619058,-10.52712053082935
s2672,1100.0,0.3216157003619058,-9.846515167814163
s2673,500.0,0.30326850211110185,-14.852144394716976
s2674,700.0,0.30326850211110185,-12.732488257944324
s2675,900.0,0.30326850211110185,-11.826927219594896
s2676,1100.0,0.30326850211110185,-10.939913271144887
s2677,500.0,0.4130797094395094,-15.524470001457926
s2678,700.0,0.4130797094395094,-12.682061521622197
s2679,900.0,0.4130797094395094,-11.175416196267657
s2680,1100.0,0.4130797094395094,-10.3287883820838
s2681,500.0,0.37597487019323017,-15.865823118052402
s2682,700.0,0.37597487019323017,-13.817966637395575
s2683,900.0,0.37597487019323017,-12.123479481971605
s2684,1100.0,0.37597487019323017,-11.09611314544363
s2685,500.0,0.30127358541220745,-15.34814627388955
s2686,700.0,0.30127358541220745,-13.74967563506857
s2687,900.0,0.30127358541220745,-12.483171252759156
s2688,1100.0,0.30127358541220745,-11.458190203461754
s2689,500.0,0.2973748497281133,-14.218825944596889
s2690,700.0,0.2973748497281133,-12.34367245079753
s2691,900.0,0.2973748497281133,-11.198338680271942
s2692,1100.0,0.2973748497281133,-10.442366111761265
s2693,500.0,0.2788602474909709,-12.659000352785426
s2694,700.0,0.2788602474909709,-10.859539376993313
s2695,900.0,0.2788602474909709,-9.705799929239562
s2696,1100.0,0.2788602474909709,-9.178572098145725
s2697,500.0,0.33633508674458523,-14.799349922621216
s2698,700.0,0.33633508674458523,-12.56808502024311
s2699,900.0,0.33633508674458523,-11.319082610512584
s2700,1100.0,0.33633508674458523,-10.547437267412354
s2701,500.0,0.40734904914621917,-16.939288669750372
s2702,700.0,0.40734904914621917,-14.82305478130311
s2703,900.0,0.40734904914621917,-13.069294114895012
s2704,1100.0,0.40734904914621917,-11.684260103214422
s2705,500.0,0.31311943034375256,-15.088830739993458
s2706,700.0,0.31311943034375256,-13.177697970684992
s2707,900.0,0.31311943034375256,-11.886129645070042
s2708,1100.0,0.31311943034375256,-11.134052465162044
s2709,500.0,0.27233980883982595,-13.216502038413092
s2710,700.0,0.27233980883982595,-11.58615134274577
s2711,900.0,0.27233980883982595,-10.4281007870753
s2712,1100.0,0.27233980883982595,-9.783008156864025
s2713,500.0,0.3186406804637795,-14.418628561206017
s2714,700.0,0.3186406804637795,-12.520016733312007
s2715,900.0,0.3186406804637795,-11.169790561252707
s2716,1100.0,0.3186406804637795,-10.395158719700609
s2717,500.0,0.3625463621398807,-15.949907183958938
s2718,700.0,0.3625463621398807,-13.887785118399977
s2719,900.0,0.3625463621398807,-12.340938370871642
s2720,1100.0,0.3625463621398807,-11.337909534913127
s2721,500.0,0.3413603579475227,-14.61458663389517
s2722,700.0,0.3413603579475227,-12.538508486424162
s2723,900.0,0.3413603579475227,-11.23308281837882
s2724,1100.0,0.3413603579475227,-10.243219417970094
s2725,500.0,0.3689405274271485,-16.158357790066393
s2726,700.0,0.3689405274271485,-14.04552837841733
s2727,900.0,0.3689405274271485,-12.492242960678116
s2728,1100.0,0.3689405274271485,-11.45931415605751
s2729,500.0,0.38694049600640085,-16.528413886429547
s2730,700.0,0.38694049600640085,-14.303447467234935
s2731,900.0,0.38694049600640085,-12.573550207567905
s2732,1100.0,0.38694049600640085,-11.659677372110117
s2733,500.0,0.3202619050354717,-14.268210742180683
s2734,700.0,0.3202619050354717,-12.296554472970408
s2735,900.0,0.3202619050354717,-10.977046460456462
s2736,1100.0,0.3202619050354717,-10.229278927982445
s2737,500.0,0.35590243738572197,-16.097704175165504
s2738,700.0,0.35590243738572197,-14.326559364658923
s2739,900.0,0.35590243738572197,-12.593253018387761
s2740,1100.0,0.35590243738572197,-11.586047589075404
s2741,500.0,0.3196194218889968,-14.603869015579804
s2742,700.0,0.3196194218889968,-12.866421612442098
s2743,900.0,0.3196194218889968,-11.376597087251305
s2744,1100.0,0.3196194218889968,-10.575024551215375
s2745,500.0,0.30258196571419754,-13.755069003859534
s2746,700.0,0.30258196571419754,-11.71596218009507
s2747,900.0,0.30258196571419754,-10.611497349928875
s2748,1100.0,0.30258196571419754,-9.93217158308101
s2749,500.0,0.3478600085461389,-14.707121511997414
s2750,700.0,0.3478600085461389,-12.824672267012602
s2751,900.0,0.3478600085461389,-11.223432581563252
s2752,1100.0,0.3478600085461389,-10.307624892794477
s2753,500.0,0.2779296564477739,-13.085852555404523
s2754,700.0,0.2779296564477739,-11.221777659812428
s2755,900.0,0.2779296564477739,-10.17030583948356
s2756,1100.0,0.2779296564477739,-9.59128919707447
s2757,500.0,0.23557257774732895,-12.172725502057165
s2758,700.0,0.23557257774732895,-10.610070067931652
s2759,900.0,0.23557257774732895,-9.716564851211603
s2760,1100.0,0.23557257774732895,-9.20493992000114
s2761,500.0,0.2764588743105503,-13.848933930005542
s2762,700.0,0.2764588743105503,-12.154347534209066
s2763,900.0,0.2764588743105503,-11.056179710654293
s2764,1100.0,0.2764588743105503,-10.336753424473898
s2765,500.0,0.32518132913475956,-14.929735380055487
s2766,700.0,0.32518132913475956,-13.002421333004401
s2767,900.0,0.32518132913475956,-11.682211975021703
s2768,1100.0,0.32518132913475956,-10.78749845880528
s2769,500.0,0.35000556486233225,-15.661893418315731
s2770,700.0,0.35000556486233225,-13.684868500418425
s2771,900.0,0.35000556486233225,-12.07688633777423
s2772,1100.0,0.35000556486233225,-11.267344831110792
s2773,500.0,0.30683259263743146,-14.386583740006511
s2774,700.0,0.30683259263743146,-12.691199573139953
s2775,900.0,0.30683259263743146,-11.330601399348705
s2776,1100.0,0.30683259263743146,-10.49152568475684
s2777,500.0,0.3296243533429779,-15.029418614535627
s2778,700.0,0.3296243533429779,-13.139514574723602
s2779,900.0,0.3296243533429779,-11.761514282631346
s2780,1100.0,0.3296243533429779,-10.826629380353344
s2781,500.0,0.34532845595512224,-14.763765348688457
s2782,700.0,0.34532845595512224,-12.421546639895183
s2783,900.0,0.34532845595512224,-11.175414346123148
s2784,1100.0,0.34532845595512224,-10.398970708381759
s2785,500.0,0.36585053016844515,-15.946684231653592
s2786,700.0,0.36585053016844515,-13.51644423740763
s2787,900.0,0.36585053016844515,-12.296066659466272
s2788,1100.0,0.36585053016844515,-11.246331796369388
s2789,500.0,0.3458582559469018,-14.474392130075138
s2790,700.0,0.3458582559469018,-12.36098971469565
s2791,900.0,0.3458582559469018,-10.936688402846382
s2792,1100.0,0.3458582559469018,-10.105831990855771
s2793,500.0,0.36237274997565233,-16.564492985585954
s2794,700.0,0.36237274997565233,-14.415481238703649
s2795,900.0,0.36237274997565233,-12.89173194248654
s2796,1100.0,0.36237274997565233,-11.97813766551765
s2797,500.0,0.25372715768074244,-13.094974451893913
s2798,700.0,0.25372715768074244,-11.51541203566672
s2799,900.0,0.25372715768074244,-10.532786740554776
s2800,1100.0,0.25372715768074244,-9.867502544638246
s2801,500.0,0.3531117082444724,-15.340452643166966
s2802,700.0,0.3531117082444724,-12.864849313520493
s2803,900.0,0.3531117082444724,-11.660919622278795
s2804,1100.0,0.3531117082444724,-10.871185024740015
s2805,500.0,0.26085964707102843,-17.623467471230484
s2806,700.0,0.26085964707102843,-17.102207191969278
s2807,900.0,0.26085964707102843,-15.054169521072433
s2808,1100.0,0.26085964707102843,-14.43083926907339
s2809,500.0,0.3156029077940111,-14.549575146789426
s2810,700.0,0.3156029077940111,-12.634099456890324
s2811,900.0,0.3156029077940111,-11.321188485075119
s2812,1100.0,0.3156029077940111,-10.565171466568447
s2813,500.0,0.27649558142656305,-13.712814287705356
s2814,700.0,0.27649558142656305,-12.013951549711285
s2815,900.0,0.27649558142656305,-10.90155258156742
s2816,1100.0,0.27649558142656305,-10.209624199984669
s2817,500.0,0.4080057738359912,-16.906778470562205
s2818,700.0,0.4080057738359912,-14.577405800620898
s2819,900.0,0.4080057738359912,-12.843882315602794
s2820,1100.0,0.4080057738359912,-11.71599059424633
s2821,500.0,0.30549186543768336,-15.091738502727319
s2822,700.0,0.30549186543768336,-13.434191615497344
s2823,900.0,0.30549186543768336,-12.145704517056847
s2824,1100.0,0.30549186543768336,-11.164630786423047
s2825,500.0,0.275685745824773,-13.424352630074731
s2826,700.0,0.275685745824773,-11.747143067908958
s2827,900.0,0.275685745824773,-10.63418769544808
s2828,1100.0,0.275685745824773,-9.926738521465937
s2829,500.0,0.3029692214651238,-14.539309520340703
s2830,700.0,0.3029692214651238,-12.75836542831511
s2831,900.0,0.3029692214651238,-11.49227986216227
s2832,1100.0,0.3029692214651238,-10.693994502365754
s2833,500.0,0.3995450651142464,-16.477387418193903
s2834,700.0,0.3995450651142464,-14.307564810912208
s2835,900.0,0.3995450651142464,-12.445403929011789
s2836,1100.0,0.3995450651142464,-11.440093831365672
s2837,500.0,0.2587824243022462,-12.91733831565348
s2838,700.0,0.2587824243022462,-11.127465561983325
s2839,900.0,0.2587824243022462,-10.21110752820067
s2840,1100.0,0.2587824243022462,-9.6508945107932
s2841,500.0,0.3103954785478393,-13.352633879567545
s2842,700.0,0.3103954785478393,-11.2454240872657
s2843,900.0,0.3103954785478393,-10.131458735058448
s2844,1100.0,0.3103954785478393,-9.426775971479602
s2845,500.0,0.31517390332063194,-15.660481965782346
s2846,700.0,0.31517390332063194,-13.673206467363775
s2847,900.0,0.31517390332063194,-12.351635798030587
s2848,1100.0,0.31517390332063194,-11.717612101768218
s2849,500.0,0.3157030864251143,-14.313409907559805
s2850,700.0,0.3157030864251143,-12.046104139057846
s2851,900.0,0.3157030864251143,-10.995547083709571
s2852,1100.0,0.3157030864251143,-10.325303058519093
s2853,500.0,0.41302545042280936,-16.492512364379078
s2854,700.0,0.41302545042280936,-13.939704094738536
s2855,900.0,0.41302545042280936,-12.28558205070468
s2856,1100.0,0.41302545042280936,-11.26144425086367
s2857,500.0,0.32017506822473857,-14.177421762193202
s2858,700.0,0.32017506822473857,-12.052017463502587
s2859,900.0,0.32017506822473857,-10.810408414580087
s2860,1100.0,0.32017506822473857,-10.159508675209796
s2861,500.0,0.38110240672815593,-16.33562386649612
s2862,700.0,0.38110240672815593,-14.033186221126284
s2863,900.0,0.38110240672815593,-12.516236381409806
s2864,1100.0,0.38110240672815593,-11.482071711096546
s2865,500.0,0.38197896319986163,-17.361839402019672
s2866,700.0,0.38197896319986163,-15.597064157934186
s2867,900.0,0.38197896319986163,-13.63657679955005
s2868,1100.0,0.38197896319986163,-12.519639062335475
s2869,500.0,0.30876466124035223,-14.207746517594348
s2870,700.0,0.30876466124035223,-12.306913710324446
s2871,900.0,0.30876466124035223,-11.109061995966492
s2872,1100.0,0.30876466124035223,-10.272628049559122
s2873,500.0,0.36860540714483075,-15.923370870514141
s2874,700.0,0.36860540714483075,-13.954148806955113
s2875,900.0,0.36860540714483075,-12.289853367213082
s2876,1100.0,0.36860540714483075,-11.233134221920112
s2877,500.0,0.3494518721773782,-15.296030052806191
s2878,700.0,0.3494518721773782,-12.985311907728935
s2879,900.0,0.3494518721773782,-11.641368188595543
s2880,1100.0,0.3494518721773782,-10.900831480617285
s2881,500.0,0.2889387327892394,-13.918194619577521
s2882,700.0,0.2889387327892394,-12.219204158670165
s2883,900.0,0.2889387327892394,-10.97492898810746
s2884,1100.0,0.2889387327892394,-10.271573169739714
s2885,500.0,0.33515622227326336,-14.958695896940608
s2886,700.0,0.33515622227326336,-13.031129126630066
s2887,900.0,0.33515622227326336,-11.616611854096439
s2888,1100.0,0.33515622227326336,-10.69521818162354
s2889,500.0,0.39297298500719985,-14.472312938578286
s2890,700.0,0.39297298500719985,-12.523235438049314
s2891,900.0,0.39297298500719985,-10.343104480384135
s2892,1100.0,0.39297298500719985,-9.635614924367513
s2893,500.0,0.25479722687871786,-12.52796225641333
s2894,700.0,0.25479722687871786,-10.694002646796964
s2895,900.0,0.25479722687871786,-9.821186850466471
s2896,1100.0,0.25479722687871786,-9.324720268053042
s2897,500.0,0.42542251723667374,-16.330784843900943
s2898,700.0,0.42542251723667374,-13.792351876507597
s2899,900.0,0.42542251723667374,-11.983092719898911
s2900,1100.0,0.42542251723667374,-10.964065168915782
s2901,500.0,0.34140163238328186,-15.807314519423155
s2902,700.0,0.34140163238328186,-13.836242320743603
s2903,900.0,0.34140163238328186,-12.441754313825601
s2904,1100.0,0.34140163238328186,-11.441777003893135
s2905,500.0,0.3565303572011397,-14.507633484150993
s2906,700.0,0.3565303572011397,-12.073139013712092
s2907,900.0,0.3565303572011397,-10.83073347731525
s2908,1100.0,0.3565303572011397,-9.983430760559001
s2909,500.0,0.3629396592722891,-14.724784360653743
s2910,700.0,0.3629396592722891,-12.62926010834003
s2911,900.0,0.3629396592722891,-10.989744049933684
s2912,1100.0,0.3629396592722891,-10.170909707434316
s2913,500.0,0.31461539321129284,-16.574648786709847
s2914,700.0,0.31461539321129284,-14.178591431900601
s2915,900.0,0.31461539321129284,-13.482783248011081
s2916,1100.0,0.31461539321129284,-12.461376351279744
s2917,500.0,0.42172467053373397,-15.380974641430456
s2918,700.0,0.42172467053373397,-12.911723076901062
s2919,900.0,0.42172467053373397,-10.989205055479284
s2920,1100.0,0.42172467053373397,-10.113172449057572
s2921,500.0,0.34543230411637815,-14.210236802416066
s2922,700.0,0.34543230411637815,-12.134599384184803
s2923,900.0,0.34543230411637815,-10.667225847712235
s2924,1100.0,0.34543230411637815,-9.857563352913163
s2925,500.0,0.3417794069311213,-17.52261719302145
s2926,700.0,0.3417794069311213,-15.82478525977812
s2927,900.0,0.3417794069311213,-14.029346183978538
s2928,1100.0,0.3417794069311213,-13.261303377083326
s2929,500.0,0.3014499929408717,-13.395847166226796
s2930,700.0,0.3014499929408717,-11.419360621553883
s2931,900.0,0.3014499929408717,-10.21741581753126
s2932,1100.0,0.3014499929408717,-9.621141491960683
s2933,500.0,0.3255217810350611,-14.44664446309392
s2934,700.0,0.3255217810350611,-12.42152493434204
s2935,900.0,0.3255217810350611,-11.123933838039939
s2936,1100.0,0.3255217810350611,-10.325818361452027
s2937,500.0,0.3401565206514627,-14.47788754923585
s2938,700.0,0.3401565206514627,-12.606459959226116
s2939,900.0,0.3401565206514627,-11.02279058433248
s2940,1100.0,0.3401565206514627,-10.198233559050632
s2941,500.0,0.3446462025618343,-16.139578835182164
s2942,700.0,0.3446462025618343,-14.668001729106269
s2943,900.0,0.3446462025618343,-12.900379523306881
s2944,1100.0,0.3446462025618343,-11.720725431931394
s2945,500.0,0.39188431449444006,-16.727444890287046
s2946,700.0,0.39188431449444006,-14.594137337567261
s2947,900.0,0.39188431449444006,-12.828178255517173
s2948,1100.0,0.39188431449444006,-11.755285053143993
s2949,500.0,0.3473005190242371,-15.732436905601705
s2950,700.0,0.3473005190242371,-13.979559697669684
s2951,900.0,0.3473005190242371,-12.382166590030446
s2952,1100.0,0.3473005190242371,-11.287726956810213
s2953,500.0,0.30747302519322195,-13.307711406342872
s2954,700.0,0.30747302519322195,-11.42293040040463
s2955,900.0,0.30747302519322195,-10.093858866579163
s2956,1100.0,0.30747302519322195,-9.461243404493498
s2957,500.0,0.33928535862865133,-15.575529556312949
s2958,700.0,0.33928535862865133,-13.666772690584068
s2959,900.0,0.33928535862865133,-12.349944299981415
s2960,1100.0,0.33928535862865133,-11.178387052721945
s2961,500.0,0.25319178539791487,-13.977471771650132
s2962,700.0,0.25319178539791487,-12.590177161059726
s2963,900.0,0.25319178539791487,-11.39292186090239
s2964,1100.0,0.25319178539791487,-10.79987592768237
s2965,500.0,0.33785043875620097,-14.994030300506985
s2966,700.0,0.33785043875620097,-13.124511531160751
s2967,900.0,0.33785043875620097,-11.576733015020713
s2968,1100.0,0.33785043875620097,-10.733844809451815
s2969,500.0,0.2675480406468385,-14.36068818233601
s2970,700.0,0.2675480406468385,-12.913372135180204
s2971,900.0,0.2675480406468385,-11.721732772047641
s2972,1100.0,0.2675480406468385,-10.95459056614961
s2973,500.0,0.3865455249891579,-16.174064514751016
s2974,700.0,0.3865455249891579,-13.510850398708929
s2975,900.0,0.3865455249891579,-12.221665694208355
s2976,1100.0,0.3865455249891579,-11.246634329970664
s2977,500.0,0.2618450589282877,-12.826308945943357
s2978,700.0,0.2618450589282877,-10.905286890981198
s2979,900.0,0.2618450589282877,-10.056162759283511
s2980,1100.0,0.2618450589282877,-9.522768004117598
s2981,500.0,0.27917776401885386,-14.069230145431717
s2982,700.0,0.27917776401885386,-12.298245701421237
s2983,900.0,0.27917776401885386,-11.278146999377935
s2984,1100.0,0.27917776401885386,-10.49761184726495
s2985,500.0,0.35635220585413313,-14.909051535711983
s2986,700.0,0.35635220585413313,-12.783407312347816
s2987,900.0,0.35635220585413313,-11.299240782931788
s2988,1100.0,0.35635220585413313,-10.396018098234077
s2989,500.0,0.2751120925270589,-16.753329655771648
s2990,700.0,0.2751120925270589,-16.33546929016541
s2991,900.0,0.2751120925270589,-14.109286879432924
s2992,1100.0,0.2751120925270589,-13.369217937423933
s2993,500.0,0.3764463001455358,-15.058353079499053
s2994,700.0,0.3764463001455358,-12.355824995999097
s2995,900.0,0.3764463001455358,-11.159906586578124
s2996,1100.0,0.3764463001455358,-10.271033864943147
s2997,500.0,0.36215234019614284,-14.760724555910006
s2998,700.0,0.36215234019614284,-12.133890453143819
s2999,900.0,0.36215234019614284,-10.896699232516665
s3000,1100.0,0.36215234019614284,-10.214193019578428
s3001,500.0,0.34460694722612273,-14.857490978600186
s3002,700.0,0.34460694722612273,-12.629192857673823
s3003,900.0,0.34460694722612273,-11.27501568139184
s3004,1100.0,0.34460694722612273,-10.518686556979317
s3005,500.0,0.33964163365841377,-15.576251510255572
s3006,700.0,0.33964163365841377,-13.83897519633785
s3007,900.0,0.33964163365841377,-12.316685521226722
s3008,1100.0,0.33964163365841377,-11.216859817792571
s3009,500.0,0.34768319974199013,-14.183638833092157
s3010,700.0,0.34768319974199013,-11.488418313260732
s3011,900.0,0.34768319974199013,-10.483519775652836
s3012,1100.0,0.34768319974199013,-9.788083619329752
s3013,500.0,0.2951230712168202,-14.383369108988902
s3014,700.0,0.2951230712168202,-12.4911558676986
s3015,900.0,0.2951230712168202,-11.401617679069934
s3016,1100.0,0.2951230712168202,-10.622135080190567
s3017,500.0,0.2552022548210238,-12.755246710121817
s3018,700.0,0.2552022548210238,-11.007578702016435
s3019,900.0,0.2552022548210238,-10.109175078797538
s3020,1100.0,0.2552022548210238,-9.52395863952661
s3021,500.0,0.26063104805528703,-13.363192123154873
s3022,700.0,0.26063104805528703,-11.75901848170259
s3023,900.0,0.26063104805528703,-10.688348617252755
s3024,1100.0,0.26063104805528703,-10.074386140349409
s3025,500.0,0.36060992492709715,-15.882897320130862
s3026,700.0,0.36060992492709715,-13.578449087764707
s3027,900.0,0.36060992492709715,-12.21932529803195
s3028,1100.0,0.36060992492709715,-11.29935935338642
s3029,500.0,0.35362947606226736,-16.689255328336515
s3030,700.0,0.35362947606226736,-15.052643811539198
s3031,900.0,0.35362947606226736,-13.37770099037117
s3032,1100.0,0.35362947606226736,-12.129974323384952
s3033,500.0,0.27792425846763175,-12.732546723257506
s3034,700.0,0.27792425846763175,-10.92655207508686
s3035,900.0,0.27792425846763175,-9.95956625392107
s3036,1100.0,0.27792425846763175,-9.16758420491945
s3037,500.0,0.3940160341654499,-16.148926746168495
s3038,700.0,0.3940160341654499,-13.929193340399166
s3039,900.0,0.3940160341654499,-12.350519554749967
s3040,1100.0,0.3940160341654499,-11.071114960054068
s3041,500.0,0.3645790933856309,-16.215789667276628
s3042,700.0,0.3645790933856309,-14.216867654958303
s3043,900.0,0.3645790933856309,-12.709167379627537
s3044,1100.0,0.3645790933856309,-11.520958536413822
s3045,500.0,0.22499080258097234,-12.334782107117645
s3046,700.0,0.22499080258097234,-10.78398975338902
s3047,900.0,0.22499080258097234,-9.976871751273995
s3048,1100.0,0.22499080258097234,-9.498455822140128
s3049,500.0,0.3457133148186597,-16.419394244685726
s3050,700.0,0.3457133148186597,-14.587083140394542
s3051,900.0,0.3457133148186597,-13.029723465588733
s3052,1100.0,0.3457133148186597,-12.01250465435551
s3053,500.0,0.35185013551350824,-16.315050192455672
s3054,700.0,0.35185013551350824,-14.395753293273414
s3055,900.0,0.35185013551350824,-12.815280376111083
s3056,1100.0,0.35185013551350824,-11.849622173833529
s3057,500.0,0.3176541751814252,-14.386249647542291
s3058,700.0,0.3176541751814252,-12.56730531098316
s3059,900.0,0.3176541751814252,-11.18859324052828
s3060,1100.0,0.3176541751814252,-10.363258260130722
s3061,500.0,0.358594376089984,-15.124919014121495
s3062,700.0,0.358594376089984,-12.723343225627637
s3063,900.0,0.358594376089984,-11.42588257444721
s3064,1100.0,0.358594376089984,-10.581883154669608
s3065,500.0,0.31276782218659427,-14.551411401010846
s3066,700.0,0.31276782218659427,-12.522943994591637
s3067,900.0,0.31276782218659427,-11.457333473560125
s3068,1100.0,0.31276782218659427,-10.525370928281161
s3069,500.0,0.34823419038429126,-14.982883247838886
s3070,700.0,0.34823419038429126,-13.383197287875603
s3071,900.0,0.34823419038429126,-11.595191193739897
s3072,1100.0,0.34823419038429126,-10.565102545823983
s3073,500.0,0.29691180501802117,-13.890359012249018
s3074,700.0,0.29691180501802117,-12.217704073323587
s3075,900.0,0.29691180501802117,-10.926876667795561
s3076,1100.0,0.29691180501802117,-10.120034716051812
s3077,500.0,0.34797297047912,-15.750075414030484
s3078,700.0,0.34797297047912,-14.002739689473742
s3079,900.0,0.34797297047912,-12.276465274548501
s3080,1100.0,0.34797297047912,-11.362821436781369
s3081,500.0,0.29414457194521143,-13.829739091073888
s3082,700.0,0.29414457194521143,-11.871913600477011
s3083,900.0,0.29414457194521143,-10.78827387454434
s3084,1100.0,0.29414457194521143,-10.109012739718112
s3085,500.0,0.32832021337449907,-13.859755782501308
s3086,700.0,0.32832021337449907,-11.93098697638053
s3087,900.0,0.32832021337449907,-10.534534623091947
s3088,1100.0,0.32832021337449907,-9.705731865060821
s3089,500.0,0.38051290375642777,-15.642507477214743
s3090,700.0,0.38051290375642777,-13.08503441561508
s3091,900.0,0.38051290375642777,-11.725314371551962
s3092,1100.0,0.38051290375642777,-10.816051208276631
s3093,500.0,0.33299245513587805,-14.969274423168368
s3094,700.0,0.33299245513587805,-12.792234268479229
s3095,900.0,0.33299245513587805,-11.706678038591427
s3096,1100.0,0.33299245513587805,-10.662860678368103
s3097,500.0,0.3482812376724152,-15.788876818884736
s3098,700.0,0.3482812376724152,-14.27642567020364
s3099,900.0,0.3482812376724152,-12.322728031123415
s3100,1100.0,0.3482812376724152,-11.42653294957822
s3101,500.0,0.30978786844487916,-13.84855081371736
s3102,700.0,0.30978786844487916,-11.717802698927347
s3103,900.0,0.30978786844487916,-10.58945837250706
s3104,1100.0,0.30978786844487916,-9.950830993205859
s3105,500.0,0.37969034571270704,-15.476329869060882
s3106,700.0,0.37969034571270704,-12.974825361940184
s3107,900.0,0.37969034571270704,-11.540044477897967
s3108,1100.0,0.37969034571270704,-10.682968464206526
s3109,500.0,0.35973896873659345,-15.085955797624484
s3110,700.0,0.35973896873659345,-12.873220723321454
s3111,900.0,0.35973896873659345,-11.374410510545445
s3112,1100.0,0.35973896873659345,-10.557595599335343
s3113,500.0,0.3223070377648855,-14.292466137111354
s3114,700.0,0.3223070377648855,-12.180879413671235
s3115,900.0,0.3223070377648855,-10.936103925741497
s3116,1100.0,0.3223070377648855,-10.233570138211466
s3117,500.0,0.3151999274952796,-13.987328443855217
s3118,700.0,0.3151999274952796,-11.711350921117145
s3119,900.0,0.3151999274952796,-10.69097270044846
s3120,1100.0,0.3151999274952796,-9.994790281139087
s3121,500.0,0.3172001907628938,-14.28709836428491
s3122,700.0,0.3172001907628938,-12.41007992621273
s3123,900.0,0.3172001907628938,-11.014983655345336
s3124,1100.0,0.3172001907628938,-10.304760809837568
s3125,500.0,0.38247394664885914,-16.983550177193987
s3126,700.0,0.38247394664885914,-15.156930145644909
s3127,900.0,0.38247394664885914,-13.272254697081785
s3128,1100.0,0.38247394664885914,-12.115935309681525
s3129,500.0,0.3794465954292207,-15.360705555024973
s3130,700.0,0.3794465954292207,-13.39982375705028
s3131,900.0,0.3794465954292207,-11.529877850356053
s3132,1100.0,0.3794465954292207,-10.592347563479532
s3133,500.0,0.35887373317364213,-14.89435295466882
s3134,700.0,0.35887373317364213,-12.888570661859232
s3135,900.0,0.35887373317364213,-11.206000338927211
s3136,1100.0,0.35887373317364213,-10.398517299514154
s3137,500.0,0.2905342836964425,-13.349532218039533
s3138,700.0,0.2905342836964425,-11.557066122040888
s3139,900.0,0.2905342836964425,-10.362757383636707
s3140,1100.0,0.2905342836964425,-9.685558020707397
s3141,500.0,0.2970656172133855,-13.492117272625983
s3142,700.0,0.2970656172133855,-11.41127617166812
s3143,900.0,0.2970656172133855,-10.372570613532844
s3144,1100.0,0.2970656172133855,-9.745799546533565
s3145,500.0,0.29233772663593066,-13.787967351791007
s3146,700.0,0.29233772663593066,-11.761311358496751
s3147,900.0,0.29233772663593066,-10.741285480467596
s3148,1100.0,0.29233772663593066,-10.091494748595387
s3149,500.0,0.29921866753769677,-13.724695781922092
s3150,700.0,0.29921866753769677,-11.930127868795129
s3151,900.0,0.29921866753769677,-10.730438698376
s3152,1100.0,0.29921866753769677,-9.913416372921787
s3153,500.0,0.3161491401118104,-16.10816015541559
s3154,700.0,0.3161491401118104,-14.248068298148546
s3155,900.0,0.3161491401118104,-13.103255776133194
s3156,1100.0,0.3161491401118104,-11.998522871112428
s3157,500.0,0.4408061204246441,-17.876580767844736
s3158,700.0,0.4408061204246441,-15.244050952467827
s3159,900.0,0.4408061204246441,-13.63676681096195
s3160,1100.0,0.4408061204246441,-12.168559466960023
s3161,500.0,0.24742710196171003,-12.922137742705885
s3162,700.0,0.24742710196171003,-11.305069938001642
s3163,900.0,0.24742710196171003,-10.375626552310818
s3164,1100.0,0.24742710196171003,-9.790130958824447
s3165,500.0,0.34096342177944894,-15.242645545842583
s3166,700.0,0.34096342177944894,-13.2924333959321
s3167,900.0,0.34096342177944894,-11.813082331072069
s3168,1100.0,0.34096342177944894,-10.923257239272985
s3169,500.0,0.3922677185643843,-16.215884394874816
s3170,700.0,0.3922677185643843,-13.891134729629666
s3171,900.0,0.3922677185643843,-12.331505720806527
s3172,1100.0,0.3922677185643843,-11.200756094975631
s3173,500.0,0.2516380835542497,-13.050328834801032
s3174,700.0,0.2516380835542497,-11.416054657442354
s3175,900.0,0.2516380835542497,-10.460663240044214
s3176,1100.0,0.2516380835542497,-9.866426793039041
s3177,500.0,0.2735049336805075,-16.2188512969136
s3178,700.0,0.2735049336805075,-14.558492097265695
s3179,900.0,0.2735049336805075,-13.532503482653714
s3180,1100.0,0.2735049336805075,-12.704131460631647
s3181,500.0,0.3707298380865266,-15.076695434683497
s3182,700.0,0.3707298380865266,-12.57693960610908
s3183,900.0,0.3707298380865266,-11.164147502430719
s3184,1100.0,0.3707298380865266,-10.426385518067994
s3185,500.0,0.3923605494985385,-16.581563361162747
s3186,700.0,0.3923605494985385,-14.256988875518314
s3187,900.0,0.3923605494985385,-12.606735797803497
s3188,1100.0,0.3923605494985385,-11.614966448625374
s3189,500.0,0.42444956698722247,-17.11137802155215
s3190,700.0,0.42444956698722247,-14.73356650054407
s3191,900.0,0.42444956698722247,-12.886707276345923
s3192,1100.0,0.42444956698722247,-11.716951076600978
s3193,500.0,0.29241086024363894,-14.79211897486345
s3194,700.0,0.29241086024363894,-13.340229912197184
s3195,900.0,0.29241086024363894,-11.9439670198085
s3196,1100.0,0.29241086024363894,-11.068561681923969
s3197,500.0,0.3511922103206197,-15.892825550685583
s3198,700.0,0.3511922103206197,-14.072229787516628
s3199,900.0,0.3511922103206197,-12.395722818571194
s3200,1100.0,0.3511922103206197,-11.451829563716965
s3201,500.0,0.3567978100334045,-16.174096172214657
s3202,700.0,0.3567978100334045,-14.294936300053859
s3203,900.0,0.3567978100334045,-12.6881665510924
s3204,1100.0,0.3567978100334045,-11.620769080322546
s3205,500.0,0.2990578335249087,-13.447958993346752
s3206,700.0,0.2990578335249087,-11.270231932070809
s3207,900.0,0.2990578335249087,-10.297523499809985
s3208,1100.0,0.2990578335249087,-9.669891877825828
s3209,500.0,0.37615850221522873,-16.478735288804614
s3210,700.0,0.37615850221522873,-14.582241858353031
s3211,900.0,0.37615850221522873,-12.71069689298585
s3212,1100.0,0.37615850221522873,-11.742242076148223
s3213,500.0,0.3197765013913596,-14.140060906814915
s3214,700.0,0.3197765013913596,-12.18089831324255
s3215,900.0,0.3197765013913596,-10.844905031473681
s3216,1100.0,0.3197765013913596,-10.113619271488568
s3217,500.0,0.3428155461235601,-15.26569094358261
s3218,700.0,0.3428155461235601,-13.238881736965457
s3219,900.0,0.3428155461235601,-11.829539647463424
s3220,1100.0,0.3428155461235601,-10.906497653604537
s3221,500.0,0.3127714674815478,-15.354556193241145
s3222,700.0,0.3127714674815478,-13.545309847855934
s3223,900.0,0.3127714674815478,-12.269546696474183
s3224,1100.0,0.3127714674815478,-11.35554228353902
s3225,500.0,0.335675575790016,-16.1151376042093
s3226,700.0,0.335675575790016,-14.308735981061915
s3227,900.0,0.335675575790016,-12.84946257164999
s3228,1100.0,0.335675575790016,-11.818030039859034
s3229,500.0,0.2977897705893177,-14.30198761014114
s3230,700.0,0.2977897705893177,-12.4933977008538
s3231,900.0,0.2977897705893177,-11.283395690315814
s3232,1100.0,0.2977897705893177,-10.527007537437784
s3233,500.0,0.35656666775416795,-14.862576286433898
s3234,700.0,0.35656666775416795,-12.383298953965298
s3235,900.0,0.35656666775416795,-11.124136427255943
s3236,1100.0,0.35656666775416795,-10.36528276683491
s3237,500.0,0.43870169063856146,-17.21830011154095
s3238,700.0,0.43870169063856146,-14.371548626728714
s3239,900.0,0.43870169063856146,-12.776978705729745
s3240,1100.0,0.43870169063856146,-11.627184998962314
s3241,500.0,0.31364661124809684,-16.07019982908726
s3242,700.0,0.31364661124809684,-14.381719772509578
s3243,900.0,0.31364661124809684,-13.040539923794569
s3244,1100.0,0.31364661124809684,-12.042975313892404
s3245,500.0,0.30699701960857984,-14.202888339249123
s3246,700.0,0.30699701960857984,-12.290794847670657
s3247,900.0,0.30699701960857984,-11.08660000042566
s3248,1100.0,0.30699701960857984,-10.306639335114204
s3249,500.0,0.44431474046073305,-16.132169622788428
s3250,700.0,0.44431474046073305,-12.89906498592191
s3251,900.0,0.44431474046073305,-11.330250898269318
s3252,1100.0,0.44431474046073305,-10.58658660553213
s3253,500.0,0.3826983382379898,-16.126684243082927
s3254,700.0,0.3826983382379898,-13.962714452580851
s3255,900.0,0.3826983382379898,-12.397348948262092
s3256,1100.0,0.3826983382379898,-11.215739971323313
s3257,500.0,0.3130861447428592,-15.66246133858271
s3258,700.0,0.3130861447428592,-13.828364611057996
s3259,900.0,0.3130861447428592,-12.587945485250767
s3260,1100.0,0.3130861447428592,-11.648515316945476
s3261,500.0,0.32129248439127234,-14.228453051063065
s3262,700.0,0.32129248439127234,-12.39413836900466
s3263,900.0,0.32129248439127234,-11.012024654126447
s3264,1100.0,0.32129248439127234,-10.150290926796362
s3265,500.0,0.32537731761005767,-16.42555891956683
s3266,700.0,0.32537731761005767,-14.597945096777801
s3267,900.0,0.32537731761005767,-13.228569347045404
s3268,1100.0,0.32537731761005767,-12.266513944554342
s3269,500.0,0.32423790546939313,-14.18316776587182
s3270,700.0,0.32423790546939313,-11.97660517128244
s3271,900.0,0.32423790546939313,-10.811586304373611
s3272,1100.0,0.32423790546939313,-10.085186768765526
s3273,500.0,0.37685146596676244,-15.680797978410345
s3274,700.0,0.37685146596676244,-13.357472321937188
s3275,900.0,0.37685146596676244,-11.899584423571552
s3276,1100.0,0.37685146596676244,-10.877015707227239
s3277,500.0,0.2752636158435082,-13.794796439991861
s3278,700.0,0.2752636158435082,-12.284776184299227
s3279,900.0,0.2752636158435082,-11.021783158477643
s3280,1100.0,0.2752636158435082,-10.319517387601874
s3281,500.0,0.3147553421407279,-14.089217345394886
s3282,700.0,0.3147553421407279,-12.049673282723596
s3283,900.0,0.3147553421407279,-10.820896592717775
s3284,1100.0,0.3147553421407279,-10.123518207392884
s3285,500.0,0.2722588492050967,-13.280145886782723
s3286,700.0,0.2722588492050967,-11.447692046881084
s3287,900.0,0.2722588492050967,-10.454251949090118
s3288,1100.0,0.2722588492050967,-9.8392297663833
s3289,500.0,0.29896214238107877,-13.621121661394694
s3290,700.0,0.29896214238107877,-11.693427853354878
s3291,900.0,0.29896214238107877,-10.5735070255571
s3292,1100.0,0.29896214238107877,-9.8243718721846
s3293,500.0,0.28423831704182534,-15.96938316730435
s3294,700.0,0.28423831704182534,-14.694444579667461
s3295,900.0,0.28423831704182534,-13.218719653130105
s3296,1100.0,0.28423831704182534,-12.359961711043615
s3297,500.0,0.3542166351872757,-14.352838755227983
s3298,700.0,0.3542166351872757,-12.304156697263572
s3299,900.0,0.3542166351872757,-10.72388563920459
s3300,1100.0,0.3542166351872757,-9.898855176392514
s3301,500.0,0.3344910730122576,-15.915513026615214
s3302,700.0,0.3344910730122576,-14.039124357823498
s3303,900.0,0.3344910730122576,-12.72419738063607
s3304,1100.0,0.3344910730122576,-11.587562217593263
s3305,500.0,0.2968966978680442,-13.743361297781366
s3306,700.0,0.2968966978680442,-11.835868410124315
s3307,900.0,0.2968966978680442,-10.650115337625746
s3308,1100.0,0.2968966978680442,-10.01080414223059
s3309,500.0,0.22282797399911056,-11.883061196552928
s3310,700.0,0.22282797399911056,-10.3882133764966
s3311,900.0,0.22282797399911056,-9.592581876526083
s3312,1100.0,0.22282797399911056,-9.055206358044297
s3313,500.0,0.31815014259404434,-14.345987815748112
s3314,700.0,0.31815014259404434,-12.223424157264452
s3315,900.0,0.31815014259404434,-11.036975056858532
s3316,1100.0,0.31815014259404434,-10.331592342209035
s3317,500.0,0.34420936916784106,-16.177417480195302
s3318,700.0,0.34420936916784106,-15.230948166336642
s3319,900.0,0.34420936916784106,-13.002678637191691
s3320,1100.0,0.34420936916784106,-11.807373237307766
s3321,500.0,0.3490999885217233,-15.211273569350597
s3322,700.0,0.3490999885217233,-13.02922021096842
s3323,900.0,0.3490999885217233,-11.648731265929857
s3324,1100.0,0.3490999885217233,-10.79000103691459
s3325,500.0,0.3436192913908619,-15.053366900477998
s3326,700.0,0.3436192913908619,-13.152272257974765
s3327,900.0,0.3436192913908619,-11.636418669555752
s3328,1100.0,0.3436192913908619,-10.687960775850593
s3329,500.0,0.27392538142740014,-13.522613761005434
s3330,700.0,0.27392538142740014,-11.902560251042535
s3331,900.0,0.27392538142740014,-10.78222211474189
s3332,1100.0,0.27392538142740014,-10.0364289390441
s3333,500.0,0.30924560469472906,-14.40762664223166
s3334,700.0,0.30924560469472906,-12.300892148906009
s3335,900.0,0.30924560469472906,-11.290604036999383
s3336,1100.0,0.30924560469472906,-10.444135733326526
s3337,500.0,0.38558313301653024,-14.99003101572939
s3338,700.0,0.38558313301653024,-12.102992919269862
s3339,900.0,0.38558313301653024,-10.869773954578358
s3340,1100.0,0.38558313301653024,-10.139577842798225
s3341,500.0,0.2697812523400519,-13.273474268479092
s3342,700.0,0.2697812523400519,-11.634658626346198
s3343,900.0,0.2697812523400519,-10.540447426127612
s3344,1100.0,0.2697812523400519,-9.852584381891825
s3345,500.0,0.36388685236110285,-16.014817419475772
s3346,700.0,0.36388685236110285,-14.101097960455329
s3347,900.0,0.36388685236110285,-12.47019407223455
s3348,1100.0,0.36388685236110285,-11.365573905996813
s3349,500.0,0.3093996673167827,-14.389141932248359
s3350,700.0,0.3093996673167827,-12.56807755660314
s3351,900.0,0.3093996673167827,-11.293671334099464
s3352,1100.0,0.3093996673167827,-10.452876639106142
s3353,500.0,0.26246737920913094,-13.257830483482957
s3354,700.0,0.26246737920913094,-11.528666009656718
s3355,900.0,0.26246737920913094,-10.576819885275688
s3356,1100.0,0.26246737920913094,-9.922171561925055
s3357,500.0,0.2798298645315657,-13.602728090161607
s3358,700.0,0.2798298645315657,-11.59650858891323
s3359,900.0,0.2798298645315657,-10.621396645136201
s3360,1100.0,0.2798298645315657,-10.09072362700516
s3361,500.0,0.3541043329858651,-15.966603040697025
s3362,700.0,0.3541043329858651,-13.688437081295897
s3363,900.0,0.3541043329858651,-12.400050946613947
s3364,1100.0,0.3541043329858651,-11.44637640487698
s3365,500.0,0.24573946751704623,-14.865744851957828
s3366,700.0,0.24573946751704623,-13.534320968755438
s3367,900.0,0.24573946751704623,-12.751185636312718
s3368,1100.0,0.24573946751704623,-11.565593757661551
s3369,500.0,0.3022304372754655,-16.969907896935744
s3370,700.0,0.3022304372754655,-15.90659980424584
s3371,900.0,0.3022304372754655,-13.90793181347783
s3372,1100.0,0.3022304372754655,-13.250864524002111
s3373,500.0,0.32629931506041704,-14.456703364855219
s3374,700.0,0.32629931506041704,-12.616730886281095
s3375,900.0,0.32629931506041704,-11.202412667472881
s3376,1100.0,0.32629931506041704,-10.31155424202027
s3377,500.0,0.3090590124743702,-15.505036773909527
s3378,700.0,0.3090590124743702,-14.001746048654732
s3379,900.0,0.3090590124743702,-12.376426375330334
s3380,1100.0,0.3090590124743702,-11.639617178264706
s3381,500.0,0.31037763403110374,-14.28374940169982
s3382,700.0,0.31037763403110374,-12.418601615800597
s3383,900.0,0.31037763403110374,-11.164777897917942
s3384,1100.0,0.31037763403110374,-10.337028235156815
s3385,500.0,0.3946412493054137,-16.309782489952063
s3386,700.0,0.3946412493054137,-14.371624830526667
s3387,900.0,0.3946412493054137,-12.320862530136406
s3388,1100.0,0.3946412493054137,-11.367910143375617
s3389,500.0,0.3088958430550548,-13.304721157074841
s3390,700.0,0.3088958430550548,-11.380817596964883
s3391,900.0,0.3088958430550548,-10.07115159778432
s3392,1100.0,0.3088958430550548,-9.438685013315533
s3393,500.0,0.28368713136655227,-13.55492379970254
s3394,700.0,0.28368713136655227,-11.582644137539543
s3395,900.0,0.28368713136655227,-10.620526905704446
s3396,1100.0,0.28368713136655227,-9.954751002600354
s3397,500.0,0.2730861131113976,-13.154160898725298
s3398,700.0,0.2730861131113976,-11.353971108148807
s3399,900.0,0.2730861131113976,-10.359028499346783
s3400,1100.0,0.2730861131113976,-9.686527407359582
s3401,500.0,0.3572298681566054,-15.035712005664793
s3402,700.0,0.3572298681566054,-12.92570777862982
s3403,900.0,0.3572298681566054,-11.424340279991295
s3404,1100.0,0.3572298681566054,-10.510559890287293
s3405,500.0,0.32501063325851254,-14.102596973740905
s3406,700.0,0.32501063325851254,-12.112593199804136
s3407,900.0,0.32501063325851254,-10.741214678497705
s3408,1100.0,0.32501063325851254,-10.017240787939032
s3409,500.0,0.2907841642855974,-13.09583522482562
s3410,700.0,0.2907841642855974,-11.335799931128365
s3411,900.0,0.2907841642855974,-10.10965506732046
s3412,1100.0,0.2907841642855974,-9.431933566247723
s3413,500.0,0.24450088681529988,-12.454273370305806
s3414,700.0,0.24450088681529988,-10.914922695892772
s3415,900.0,0.24450088681529988,-10.017697734745616
s3416,1100.0,0.24450088681529988,-9.323660213120242
s3417,500.0,0.3498825344518092,-14.475342658429163
s3418,700.0,0.3498825344518092,-12.01884257206281
s3419,900.0,0.3498825344518092,-10.738088400529014
s3420,1100.0,0.3498825344518092,-10.097059984642591
s3421,500.0,0.35798600371423206,-15.609728444208644
s3422,700.0,0.35798600371423206,-13.384457034925818
s3423,900.0,0.35798600371423206,-11.973789608291955
s3424,1100.0,0.35798600371423206,-11.06814384852161
s3425,500.0,0.33690803903950584,-14.956949800340315
s3426,700.0,0.33690803903950584,-12.932939503014397
s3427,900.0,0.33690803903950584,-11.53203435748192
s3428,1100.0,0.33690803903950584,-10.694754898101266
s3429,500.0,0.2622805821238187,-14.02447519467098
s3430,700.0,0.2622805821238187,-12.73890830309051
s3431,900.0,0.2622805821238187,-11.386350248563238
s3432,1100.0,0.2622805821238187,-10.733288272696768
s3433,500.0,0.2859796240983414,-13.570051546316561
s3434,700.0,0.2859796240983414,-11.46213307086873
s3435,900.0,0.2859796240983414,-10.548835418823986
s3436,1100.0,0.2859796240983414,-9.958219440581862
s3437,500.0,0.2816830974705518,-13.637447165161861
s3438,700.0,0.2816830974705518,-11.733928505909564
s3439,900.0,0.2816830974705518,-10.721899094898848
s3440,1100.0,0.2816830974705518,-10.071781067786729
s3441,500.0,0.3542017424991515,-15.930788310355753
s3442,700.0,0.3542017424991515,-13.694071951431429
s3443,900.0,0.3542017424991515,-12.43240460960027
s3444,1100.0,0.3542017424991515,-11.377163746057427
s3445,500.0,0.29704999883129807,-13.854678322792054
s3446,700.0,0.29704999883129807,-12.101048812196487
s3447,900.0,0.29704999883129807,-10.806660668406144
s3448,1100.0,0.29704999883129807,-10.116930784053707
s3449,500.0,0.33031200451158155,-13.987810777562297
s3450,700.0,0.33031200451158155,-11.953264506549829
s3451,900.0,0.33031200451158155,-10.539538516167182
s3452,1100.0,0.33031200451158155,-9.85181310402683
s3453,500.0,0.32027410400429324,-13.950940434903378
s3454,700.0,0.32027410400429324,-12.123136690134151
s3455,900.0,0.32027410400429324,-10.700181916729399
s3456,1100.0,0.32027410400429324,-9.91047979088963
s3457,500.0,0.3652434024383321,-15.043278976792864
s3458,700.0,0.3652434024383321,-13.907979382700177
s3459,900.0,0.3652434024383321,-11.551097927296821
s3460,1100.0,0.3652434024383321,-10.45540163723906
s3461,500.0,0.36492515683528076,-15.379422132770266
s3462,700.0,0.36492515683528076,-12.914483773616245
s3463,900.0,0.36492515683528076,-11.607734437117182
s3464,1100.0,0.36492515683528076,-10.757181561969109
s3465,500.0,0.4225961313101547,-17.10976733900822
s3466,700.0,0.4225961313101547,-14.98847327918992
s3467,900.0,0.4225961313101547,-12.860921007916836
s3468,1100.0,0.4225961313101547,-11.79857334872159
s3469,500.0,0.3391586114283963,-16.224315707805193
s3470,700.0,0.3391586114283963,-14.180361206695704
s3471,900.0,0.3391586114283963,-12.872941714891502
s3472,1100.0,0.3391586114283963,-11.879277683284966
s3473,500.0,0.35104143989271036,-15.282674358588913
s3474,700.0,0.35104143989271036,-12.96582835149478
s3475,900.0,0.35104143989271036,-11.720804340229948
s3476,1100.0,0.35104143989271036,-10.807493460762842
s3477,500.0,0.3793961361737691,-15.43863884739681
s3478,700.0,0.3793961361737691,-13.235020757597196
s3479,900.0,0.3793961361737691,-11.577047050991894
s3480,1100.0,0.3793961361737691,-10.652646575646747
s3481,500.0,0.25841459193060345,-12.860285941046866
s3482,700.0,0.25841459193060345,-11.19831849510086
s3483,900.0,0.25841459193060345,-10.225960327789672
s3484,1100.0,0.25841459193060345,-9.579136089823207
s3485,500.0,0.3233038183694111,-14.46886968871769
s3486,700.0,0.3233038183694111,-12.585968381156682
s3487,900.0,0.3233038183694111,-11.109372205683352
s3488,1100.0,0.3233038183694111,-10.427864727724419
s3489,500.0,0.33211199999042523,-16.74952736689826
s3490,700.0,0.33211199999042523,-14.773664562718508
s3491,900.0,0.33211199999042523,-13.578436328584658
s3492,1100.0,0.33211199999042523,-12.437202171091299
s3493,500.0,0.3489777117428807,-16.345957707328754
s3494,700.0,0.3489777117428807,-15.026343054353438
s3495,900.0,0.3489777117428807,-13.038510281968314
s3496,1100.0,0.3489777117428807,-11.91179950249313
s3497,500.0,0.34837021981543775,-15.258989618680145
s3498,700.0,0.34837021981543775,-13.404465082924247
s3499,900.0,0.34837021981543775,-11.791486981901391
s3500,1100.0,0.34837021981543775,-10.845734659296776
s3501,500.0,0.3219751318465843,-16.361529637271083
s3502,700.0,0.3219751318465843,-15.637283978918646
s3503,900.0,0.3219751318465843,-13.428651748451873
s3504,1100.0,0.3219751318465843,-12.276981539399523
s3505,500.0,0.3823906415530817,-15.929105153195756
s3506,700.0,0.3823906415530817,-13.42991461379972
s3507,900.0,0.3823906415530817,-12.047941223496451
s3508,1100.0,0.3823906415530817,-11.058541619207283
s3509,500.0,0.3242592075286634,-14.316384250386063
s3510,700.0,0.3242592075286634,-12.174561092934457
s3511,900.0,0.3242592075286634,-10.958779858190516
s3512,1100.0,0.3242592075286634,-10.219771377413341
s3513,500.0,0.30312227340682607,-13.18414271410154
s3514,700.0,0.30312227340682607,-11.044060524833792
s3515,900.0,0.30312227340682607,-9.942442613033286
s3516,1100.0,0.30312227340682607,-9.391426087844167
s3517,500.0,0.3180651087693261,-14.400220253597764
s3518,700.0,0.3180651087693261,-12.520075105681576
s3519,900.0,0.3180651087693261,-11.27534631357872
s3520,1100.0,0.3180651087693261,-10.320779544861113
s3521,500.0,0.24573584479025234,-12.719028793880426
s3522,700.0,0.24573584479025234,-11.031363297249362
s3523,900.0,0.24573584479025234,-10.159936752543913
s3524,1100.0,0.24573584479025234,-9.61308596454711
s3525,500.0,0.2546696751982661,-12.521510957264574
s3526,700.0,0.2546696751982661,-10.829550047182304
s3527,900.0,0.2546696751982661,-9.893091855676364
s3528,1100.0,0.2546696751982661,-9.297870870476205
s3529,500.0,0.3594772880102406,-15.419644094357515
s3530,700.0,0.3594772880102406,-13.425615192791978
s3531,900.0,0.3594772880102406,-11.738019790002488
s3532,1100.0,0.3594772880102406,-10.9112975431155
s3533,500.0,0.34038281883197047,-15.152391054103312
s3534,700.0,0.34038281883197047,-13.426230198732117
s3535,900.0,0.34038281883197047,-11.839059589088365
s3536,1100.0,0.34038281883197047,-10.811521719172562
s3537,500.0,0.4058512953216726,-16.96514997496255
s3538,700.0,0.4058512953216726,-14.474808441305782
s3539,900.0,0.4058512953216726,-12.833898042942197
s3540,1100.0,0.4058512953216726,-11.826156019934475
s3541,500.0,0.2910962911308838,-13.655415342798827
s3542,700.0,0.2910962911308838,-11.596423186726087
s3543,900.0,0.2910962911308838,-10.580011071988698
s3544,1100.0,0.2910962911308838,-9.991727843892034
s3545,500.0,0.34901606443314187,-14.912459706155817
s3546,700.0,0.34901606443314187,-12.865523308523953
s3547,900.0,0.34901606443314187,-11.45758459961011
s3548,1100.0,0.34901606443314187,-10.452779283641245
s3549,500.0,0.2561910276641918,-12.393041234338066
s3550,700.0,0.2561910276641918,-10.623302959431832
s3551,900.0,0.2561910276641918,-9.755722482554988
s3552,1100.0,0.2561910276641918,-9.136460958638269
s3553,500.0,0.39283656311072623,-16.179107772116815
s3554,700.0,0.39283656311072623,-13.887872996979967
s3555,900.0,0.39283656311072623,-12.145153558669502
s3556,1100.0,0.39283656311072623,-11.241874902075475
s3557,500.0,0.3598247663415537,-15.016503669294584
s3558,700.0,0.3598247663415537,-12.861337957056245
s3559,900.0,0.3598247663415537,-11.328561940499466
s3560,1100.0,0.3598247663415537,-10.482004293952546
s3561,500.0,0.3098966446824211,-13.812063719023461
s3562,700.0,0.3098966446824211,-11.715251927486209
s3563,900.0,0.3098966446824211,-10.54196564724137
s3564,1100.0,0.3098966446824211,-9.923520975413727
s3565,500.0,0.3813561889301751,-15.442045490950372
s3566,700.0,0.3813561889301751,-13.094590543913746
s3567,900.0,0.3813561889301751,-11.5506694226312
s3568,1100.0,0.3813561889301751,-10.617373366843667
s3569,500.0,0.4448517060137088,-16.49676631674441
s3570,700.0,0.4448517060137088,-13.400551406558161
s3571,900.0,0.4448517060137088,-11.850256965547866
s3572,1100.0,0.4448517060137088,-10.87577325914545
s3573,500.0,0.35026551351332463,-14.386851397926712
s3574,700.0,0.35026551351332463,-12.16913526414169
s3575,900.0,0.35026551351332463,-10.803324594837278
s3576,1100.0,0.35026551351332463,-9.951697871694419
s3577,500.0,0.38639583434746116,-14.261290963216345
s3578,700.0,0.38639583434746116,-11.244454742487777
s3579,900.0,0.38639583434746116,-10.028986868010257
s3580,1100.0,0.38639583434746116,-9.439768235394354
s3581,500.0,0.3838110724338711,-15.773393031020689
s3582,700.0,0.3838110724338711,-13.321302304441732
s3583,900.0,0.3838110724338711,-11.78279687874957
s3584,1100.0,0.3838110724338711,-10.945648994492243
s3585,500.0,0.23634322233769953,-12.38824148223573
s3586,700.0,0.23634322233769953,-10.865027461766768
s3587,900.0,0.23634322233769953,-9.947558731361232
s3588,1100.0,0.23634322233769953,-9.404244673364543
s3589,500.0,0.31070999759071916,-13.797677547696502
s3590,700.0,0.31070999759071916,-11.952027587191328
s3591,900.0,0.31070999759071916,-10.673985119175686
s3592,1100.0,0.31070999759071916,-9.850644329777277
s3593,500.0,0.36294247715011035,-15.443194187504192
s3594,700.0,0.36294247715011035,-13.00115363252726
s3595,900.0,0.36294247715011035,-11.684983596858004
s3596,1100.0,0.36294247715011035,-10.851346538861671
s3597,500.0,0.33029656452149353,-14.285311585093254
s3598,700.0,0.33029656452149353,-11.932117459552646
s3599,900.0,0.33029656452149353,-10.77011861141055
s3600,1100.0,0.33029656452149353,-10.139985186180404
s3601,500.0,0.29253932097171675,-15.114253521127663
s3602,700.0,0.29253932097171675,-13.425155521609513
s3603,900.0,0.29253932097171675,-12.40114761375273
s3604,1100.0,0.29253932097171675,-11.278875702405553
s3605,500.0,0.42628229368708476,-17.00598358356665
s3606,700.0,0.42628229368708476,-14.639855390617985
s3607,900.0,0.42628229368708476,-12.686084769440791
s3608,1100.0,0.42628229368708476,-11.634141022149732
s3609,500.0,0.3586440507041789,-16.053422845447123
s3610,700.0,0.3586440507041789,-13.906862867483753
s3611,900.0,0.3586440507041789,-12.424950849012882
s3612,1100.0,0.3586440507041789,-11.507778860672547
s3613,500.0,0.23953894658088407,-12.780788728513889
s3614,700.0,0.23953894658088407,-11.157821133541374
s3615,900.0,0.23953894658088407,-10.297642362819062
s3616,1100.0,0.23953894658088407,-9.750090562769058
s3617,500.0,0.3703506793972428,-14.808993246073578
s3618,700.0,0.3703506793972428,-12.443902970183698
s3619,900.0,0.3703506793972428,-10.949663423252163
s3620,1100.0,0.3703506793972428,-10.155520013785617
s3621,500.0,0.3617285123089449,-14.308473231240542
s3622,700.0,0.3617285123089449,-11.888071438150149
s3623,900.0,0.3617285123089449,-10.529325268806247
s3624,1100.0,0.3617285123089449,-9.752525744198312
s3625,500.0,0.4005510248552961,-14.725082545584339
s3626,700.0,0.4005510248552961,-12.191680299510105
s3627,900.0,0.4005510248552961,-10.536615594475972
s3628,1100.0,0.4005510248552961,-9.703731683813391
s3629,500.0,0.25946523320073595,-13.802363410476548
s3630,700.0,0.25946523320073595,-12.468914687731505
s3631,900.0,0.25946523320073595,-11.231480328729798
s3632,1100.0,0.25946523320073595,-10.515899032282162
s3633,500.0,0.3059476294831955,-13.704289215714551
s3634,700.0,0.3059476294831955,-11.571622812035939
s3635,900.0,0.3059476294831955,-10.488780763299864
s3636,1100.0,0.3059476294831955,-9.848972474996787
s3637,500.0,0.2866858123443824,-15.204059398839686
s3638,700.0,0.2866858123443824,-13.611106729168837
s3639,900.0,0.2866858123443824,-12.318049998966812
s3640,1100.0,0.2866858123443824,-11.580454129451068
s3641,500.0,0.356056055533526,-14.649690552649727
s3642,700.0,0.356056055533526,-12.340170812516863
s3643,900.0,0.356056055533526,-10.986155809653136
s3644,1100.0,0.356056055533526,-10.144644773578245
s3645,500.0,0.28491339216413747,-13.759317357426186
s3646,700.0,0.28491339216413747,-11.904930642167415
s3647,900.0,0.28491339216413747,-10.857314677380343
s3648,1100.0,0.28491339216413747,-10.1371226541829
s3649,500.0,0.3746056873041465,-16.46697787122973
s3650,700.0,0.3746056873041465,-13.71011471631562
s3651,900.0,0.3746056873041465,-12.60136584066244
s3652,1100.0,0.3746056873041465,-11.685537980523815
s3653,500.0,0.339226708804737,-15.255211716742002
s3654,700.0,0.339226708804737,-13.389270106769471
s3655,900.0,0.339226708804737,-11.857548922951931
s3656,1100.0,0.339226708804737,-10.960717325206952
s3657,500.0,0.3044814000255195,-14.386951401218134
s3658,700.0,0.3044814000255195,-12.817092729114236
s3659,900.0,0.3044814000255195,-11.417330980102921
s3660,1100.0,0.3044814000255195,-10.50334611775218
s3661,500.0,0.3694404183572732,-16.43776774527695
s3662,700.0,0.3694404183572732,-14.444261305181948
s3663,900.0,0.3694404183572732,-12.900720452460812
s3664,1100.0,0.3694404183572732,-11.675982914888849
s3665,500.0,0.37413424891711383,-16.010968065484576
s3666,700.0,0.37413424891711383,-13.87695776628921
s3667,900.0,0.37413424891711383,-12.370428939905873
s3668,1100.0,0.37413424891711383,-11.20425714713716
s3669,500.0,0.32449037800615804,-15.889057447744676
s3670,700.0,0.32449037800615804,-13.974194050901243
s3671,900.0,0.32449037800615804,-12.919083243585527
s3672,1100.0,0.32449037800615804,-11.606868710814004
s3673,500.0,0.34211982560020465,-16.167193920670623
s3674,700.0,0.34211982560020465,-14.65108211282816
s3675,900.0,0.34211982560020465,-12.991758871342142
s3676,1100.0,0.34211982560020465,-11.75045119904551
s3677,500.0,0.39997980032098573,-15.1947188606464
s3678,700.0,0.39997980032098573,-12.400708016482413
s3679,900.0,0.39997980032098573,-10.970963976951431
s3680,1100.0,0.39997980032098573,-10.164685753378917
s3681,500.0,0.3251253765922197,-14.943209820246079
s3682,700.0,0.3251253765922197,-13.017630759618658
s3683,900.0,0.3251253765922197,-11.647848116751437
s3684,1100.0,0.3251253765922197,-10.828709991058222
s3685,500.0,0.34490387279879786,-14.90135237541171
s3686,700.0,0.34490387279879786,-12.813909317655568
s3687,900.0,0.34490387279879786,-11.414816240672186
s3688,1100.0,0.34490387279879786,-10.524851322478714
s3689,500.0,0.307356333503826,-13.925384653173802
s3690,700.0,0.307356333503826,-12.137476709125192
s3691,900.0,0.307356333503826,-10.821777046422493
s3692,1100.0,0.307356333503826,-10.034048014039282
s3693,500.0,0.33101156185470937,-14.590598275030334
s3694,700.0,0.33101156185470937,-13.069716674513723
s3695,900.0,0.33101156185470937,-11.366742654177488
s3696,1100.0,0.33101156185470937,-10.393317437771056
s3697,500.0,0.30535570382832167,-13.68627757484988
s3698,700.0,0.30535570382832167,-11.520452231194389
s3699,900.0,0.30535570382832167,-10.51499637399545
s3700,1100.0,0.30535570382832167,-9.81189696840948
s3701,500.0,0.3078100928828901,-14.50809014453495
s3702,700.0,0.3078100928828901,-12.797360586379362
s3703,900.0,0.3078100928828901,-11.481273855677731
s3704,1100.0,0.3078100928828901,-10.577609488090054
s3705,500.0,0.2690253439075867,-13.373168524168873
s3706,700.0,0.2690253439075867,-11.656451901472616
s3707,900.0,0.2690253439075867,-10.575974179137145
s3708,1100.0,0.2690253439075867,-9.989580054034306
s3709,500.0,0.36907203681123696,-15.349232523796566
s3710,700.0,0.36907203681123696,-13.288169809720662
s3711,900.0,0.36907203681123696,-11.564870847634355
s3712,1100.0,0.36907203681123696,-10.72100907195825
s3713,500.0,0.30457513629693506,-13.912404770761514
s3714,700.0,0.30457513629693506,-11.831361851800692
s3715,900.0,0.30457513629693506,-10.768474218962979
s3716,1100.0,0.30457513629693506,-10.048873469660807
s3717,500.0,0.37608347427837346,-15.310687170451857
s3718,700.0,0.37608347427837346,-12.899962428370708
s3719,900.0,0.37608347427837346,-11.377653242608558
s3720,1100.0,0.37608347427837346,-10.591597143990773
s3721,500.0,0.3300736976688698,-16.352898963587474
s3722,700.0,0.3300736976688698,-14.531829287643278
s3723,900.0,0.3300736976688698,-13.131991884193873
s3724,1100.0,0.3300736976688698,-12.12633026646817
s3725,500.0,0.30259909222979275,-13.671853363195288
s3726,700.0,0.30259909222979275,-11.483941747841245
s3727,900.0,0.30259909222979275,-10.442523321809679
s3728,1100.0,0.30259909222979275,-9.87438060723441
s3729,500.0,0.29453007939563497,-13.425172199625774
s3730,700.0,0.29453007939563497,-11.36147679789934
s3731,900.0,0.29453007939563497,-10.417106072737866
s3732,1100.0,0.29453007939563497,-9.663719073791441
s3733,500.0,0.2952305805801947,-16.19273946985443
s3734,700.0,0.2952305805801947,-14.941901010364617
s3735,900.0,0.2952305805801947,-13.924444896118287
s3736,1100.0,0.2952305805801947,-12.12823863167029
s3737,500.0,0.42815763574110877,-16.66256731671466
s3738,700.0,0.42815763574110877,-14.032701117229436
s3739,900.0,0.42815763574110877,-12.325251631856196
s3740,1100.0,0.42815763574110877,-11.229100803097351
s3741,500.0,0.34197177301299886,-15.57208416185168
s3742,700.0,0.34197177301299886,-13.528761430526702
s3743,900.0,0.34197177301299886,-12.22631176811646
s3744,1100.0,0.34197177301299886,-11.175074192437084
s3745,500.0,0.3473489459223816,-15.042107447239133
s3746,700.0,0.3473489459223816,-12.86637234364717
s3747,900.0,0.3473489459223816,-11.478049172838867
s3748,1100.0,0.3473489459223816,-10.653075825629308
s3749,500.0,0.31768112240451707,-14.314738549605263
s3750,700.0,0.31768112240451707,-12.191901964596983
s3751,900.0,0.31768112240451707,-11.070433230880123
s3752,1100.0,0.31768112240451707,-10.272608958460731
s3753,500.0,0.39957889297879234,-16.869741085212283
s3754,700.0,0.39957889297879234,-14.39339957216641
s3755,900.0,0.39957889297879234,-12.799972604667067
s3756,1100.0,0.39957889297879234,-11.807892892688537
s3757,500.0,0.2949424619859573,-13.555472638144101
s3758,700.0,0.2949424619859573,-11.462933887048083
s3759,900.0,0.2949424619859573,-10.45418981366769
s3760,1100.0,0.2949424619859573,-9.834272035803668
s3761,500.0,0.35277855382372136,-14.5649754124802
s3762,700.0,0.35277855382372136,-12.474778699587267
s3763,900.0,0.35277855382372136,-10.92458759723714
s3764,1100.0,0.35277855382372136,-10.136274945485654
s3765,500.0,0.27118449489063473,-12.951536991343394
s3766,700.0,0.27118449489063473,-11.114311991344856
s3767,900.0,0.27118449489063473,-10.156925002733287
s3768,1100.0,0.27118449489063473,-9.511285452313185
s3769,500.0,0.35121085320699746,-16.632668871662236
s3770,700.0,0.35121085320699746,-14.858939914443301
s3771,900.0,0.35121085320699746,-13.1856916595973
s3772,1100.0,0.35121085320699746,-12.17043769857387
s3773,500.0,0.37109933501554,-14.628659766140842
s3774,700.0,0.37109933501554,-12.773051467793444
s3775,900.0,0.37109933501554,-10.848793242602877
s3776,1100.0,0.37109933501554,-9.992760572713228
s3777,500.0,0.3790491606310204,-15.917524260180857
s3778,700.0,0.3790491606310204,-13.557534988496558
s3779,900.0,0.3790491606310204,-12.046782816693213
s3780,1100.0,0.3790491606310204,-11.119733077215942
s3781,500.0,0.345036516395039,-14.756385274569126
s3782,700.0,0.345036516395039,-12.503037755296422
s3783,900.0,0.345036516395039,-11.128295441731181
s3784,1100.0,0.345036516395039,-10.43171179388864
s3785,500.0,0.32886983043897244,-14.612914232788095
s3786,700.0,0.32886983043897244,-12.558851778932024
s3787,900.0,0.32886983043897244,-11.245249581862288
s3788,1100.0,0.32886983043897244,-10.454489269723135
s3789,500.0,0.3783109032488962,-16.855163367013454
s3790,700.0,0.3783109032488962,-14.317933142577683
s3791,900.0,0.3783109032488962,-13.0794218406317
s3792,1100.0,0.3783109032488962,-11.99161235677168
s3793,500.0,0.3611845220429188,-14.954305045694248
s3794,700.0,0.3611845220429188,-12.802469561026545
s3795,900.0,0.3611845220429188,-11.22628328079553
s3796,1100.0,0.3611845220429188,-10.418838227841002
s3797,500.0,0.2869556796981426,-15.397434606880307
s3798,700.0,0.2869556796981426,-14.06980167413664
s3799,900.0,0.2869556796981426,-12.639835484434888
s3800,1100.0,0.2869556796981426,-11.736843759521733
s3801,500.0,0.3299965137238869,-15.00928056992173
s3802,700.0,0.3299965137238869,-12.960034310694418
s3803,900.0,0.3299965137238869,-11.623933166156917
s3804,1100.0,0.3299965137238869,-10.841751026148083
s3805,500.0,0.3556941026308408,-16.19398454782003
s3806,700.0,0.3556941026308408,-14.537024420469221
s3807,900.0,0.3556941026308408,-12.68401051450479
s3808,1100.0,0.3556941026308408,-11.705741971750092
s3809,500.0,0.31607146799110347,-14.716986841803307
s3810,700.0,0.31607146799110347,-13.53977795675436
s3811,900.0,0.31607146799110347,-11.680005811685811
s3812,1100.0,0.31607146799110347,-10.726516507586684
s3813,500.0,0.3058906931391092,-14.451718576758628
s3814,700.0,0.3058906931391092,-12.726159222499938
s3815,900.0,0.3058906931391092,-11.409657505300872
s3816,1100.0,0.3058906931391092,-10.560918491895286
s3817,500.0,0.34030000451261855,-15.137608649329659
s3818,700.0,0.34030000451261855,-12.932914903966692
s3819,900.0,0.34030000451261855,-11.695089730849881
s3820,1100.0,0.34030000451261855,-10.799665027109814
s3821,500.0,0.3044407447673968,-13.97516835232458
s3822,700.0,0.3044407447673968,-12.35709366766443
s3823,900.0,0.3044407447673968,-10.890304139693061
s3824,1100.0,0.3044407447673968,-10.149068352339253
s3825,500.0,0.36138329039456735,-16.676615838131983
s3826,700.0,0.36138329039456735,-14.36747414650639
s3827,900.0,0.36138329039456735,-13.03503287054869
s3828,1100.0,0.36138329039456735,-12.066745579936562
s3829,500.0,0.39845350160839377,-16.44579137271689
s3830,700.0,0.39845350160839377,-14.142757792380523
s3831,900.0,0.39845350160839377,-12.361986362664952
s3832,1100.0,0.39845350160839377,-11.436696820887677
s3833,500.0,0.3236310872028567,-14.849896578843989
s3834,700.0,0.3236310872028567,-12.798213880635545
s3835,900.0,0.3236310872028567,-11.576879108620885
s3836,1100.0,0.3236310872028567,-10.7305478306955
s3837,500.0,0.3964861407383765,-15.780828515734845
s3838,700.0,0.3964861407383765,-13.406434934158113
s3839,900.0,0.3964861407383765,-11.884649854228352
s3840,1100.0,0.3964861407383765,-10.691548724214254
s3841,500.0,0.35796990932291783,-15.394009065101889
s3842,700.0,0.35796990932291783,-13.74526968614619
s3843,900.0,0.35796990932291783,-11.83668102649026
s3844,1100.0,0.35796990932291783,-10.893603286249338
s3845,500.0,0.2426529921990752,-12.64549637423015
s3846,700.0,0.2426529921990752,-10.958365430130895
s3847,900.0,0.2426529921990752,-10.103541082010429
s3848,1100.0,0.2426529921990752,-9.583789838889453
s3849,500.0,0.33446273578651065,-14.540268935158696
s3850,700.0,0.33446273578651065,-12.49830597445857
s3851,900.0,0.33446273578651065,-11.093083345381041
s3852,1100.0,0.33446273578651065,-10.330343005639525
s3853,500.0,0.34129988156942187,-15.451572765657003
s3854,700.0,0.34129988156942187,-13.69333739588404
s3855,900.0,0.34129988156942187,-12.17678319998061
s3856,1100.0,0.34129988156942187,-11.06868639079433
s3857,500.0,0.33874168190684356,-14.888244593837912
s3858,700.0,0.33874168190684356,-13.0325965302621
s3859,900.0,0.33874168190684356,-11.51166908552716
s3860,1100.0,0.33874168190684356,-10.592014299077604
s3861,500.0,0.34558368698685515,-14.687715213886694
s3862,700.0,0.34558368698685515,-12.322806516343753
s3863,900.0,0.34558368698685515,-11.107169065252597
s3864,1100.0,0.34558368698685515,-10.310829524158466
s3865,500.0,0.23952425083642478,-16.45871692493296
s3866,700.0,0.23952425083642478,-15.018925769180658
s3867,900.0,0.23952425083642478,-14.275718952729934
s3868,1100.0,0.23952425083642478,-13.288785020747559
s3869,500.0,0.3251254851859828,-14.0973050208918
s3870,700.0,0.3251254851859828,-11.806157303687334
s3871,900.0,0.3251254851859828,-10.679030685436128
s3872,1100.0,0.3251254851859828,-9.997359479307235
s3873,500.0,0.3257730087099981,-14.727653206425328
s3874,700.0,0.3257730087099981,-12.700837992042961
s3875,900.0,0.3257730087099981,-11.452719970721132
s3876,1100.0,0.3257730087099981,-10.575730942691433
s3877,500.0,0.3085977495362517,-14.459803245080002
s3878,700.0,0.3085977495362517,-12.536936755356136
s3879,900.0,0.3085977495362517,-11.314432898743553
s3880,1100.0,0.3085977495362517,-10.550232342500776
s3881,500.0,0.3327440685331187,-14.536825226885504
s3882,700.0,0.3327440685331187,-12.477634287462083
s3883,900.0,0.3327440685331187,-11.106901357317483
s3884,1100.0,0.3327440685331187,-10.344721825397242
s3885,500.0,0.3033171091450907,-13.622695474354463
s3886,700.0,0.3033171091450907,-11.605773074312562
s3887,900.0,0.3033171091450907,-10.491604863877294
s3888,1100.0,0.3033171091450907,-9.783337275371055
s3889,500.0,0.38268104637358147,-16.10342974642253
s3890,700.0,0.38268104637358147,-13.822968629940926
s3891,900.0,0.38268104637358147,-12.286834164856028
s3892,1100.0,0.38268104637358147,-11.224075241415882
s3893,500.0,0.382313298725254,-15.590821490308505
s3894,700.0,0.382313298725254,-13.513663721014268
s3895,900.0,0.382313298725254,-11.73595047336587
s3896,1100.0,0.382313298725254,-10.768860534093067
s3897,500.0,0.4039186944715392,-16.2536843093258
s3898,700.0,0.4039186944715392,-13.59927006651402
s3899,900.0,0.4039186944715392,-12.102859685514428
s3900,1100.0,0.4039186944715392,-11.135135335378635
s3901,500.0,0.3489429108351634,-14.781414077919372
s3902,700.0,0.3489429108351634,-12.51786518847942
s3903,900.0,0.3489429108351634,-11.094282848707882
s3904,1100.0,0.3489429108351634,-10.419976222037706
s3905,500.0,0.32966036954134875,-14.784690158538812
s3906,700.0,0.32966036954134875,-12.848481561718515
s3907,900.0,0.32966036954134875,-11.4189194145043
s3908,1100.0,0.32966036954134875,-10.628722332315267
s3909,500.0,0.29490640422866415,-14.317007837475805
s3910,700.0,0.29490640422866415,-12.51606742204628
s3911,900.0,0.29490640422866415,-11.368554864967633
s3912,1100.0,0.29490640422866415,-10.554463860300014
s3913,500.0,0.34223903233597897,-13.91793988016544
s3914,700.0,0.34223903233597897,-11.94131136961642
s3915,900.0,0.34223903233597897,-10.389687992202672
s3916,1100.0,0.34223903233597897,-9.6271682152167
s3917,500.0,0.37220850181638393,-16.041026093308595
s3918,700.0,0.37220850181638393,-14.38204107046124
s3919,900.0,0.37220850181638393,-12.43233650059699
s3920,1100.0,0.37220850181638393,-11.319771574402294
s3921,500.0,0.3176089315550728,-13.782978916938914
s3922,700.0,0.3176089315550728,-11.765854791401466
s3923,900.0,0.3176089315550728,-10.433652480376313
s3924,1100.0,0.3176089315550728,-9.815788693762267
s3925,500.0,0.31567102158563864,-15.548799897994712
s3926,700.0,0.31567102158563864,-13.538599070206747
s3927,900.0,0.31567102158563864,-12.317035205554388
s3928,1100.0,0.31567102158563864,-11.551205732769017
s3929,500.0,0.24675594835770884,-12.914802045948154
s3930,700.0,0.24675594835770884,-11.339504520763976
s3931,900.0,0.24675594835770884,-10.404902831575457
s3932,1100.0,0.24675594835770884,-9.780307105919578
s3933,500.0,0.33887849861270986,-16.70317917300509
s3934,700.0,0.33887849861270986,-15.373096438197047
s3935,900.0,0.33887849861270986,-13.402847624792006
s3936,1100.0,0.33887849861270986,-12.439311521542836
s3937,500.0,0.2699755123067992,-16.33350843589997
s3938,700.0,0.2699755123067992,-15.180628661499227
s3939,900.0,0.2699755123067992,-13.610230018058957
s3940,1100.0,0.2699755123067992,-12.975023701517124
s3941,500.0,0.31474260751626737,-14.151602775458331
s3942,700.0,0.31474260751626737,-12.210664321402252
s3943,900.0,0.31474260751626737,-10.949683251271251
s3944,1100.0,0.31474260751626737,-10.163775094011338
s3945,500.0,0.37090990241876864,-16.460661783437484
s3946,700.0,0.37090990241876864,-14.677095105871832
s3947,900.0,0.37090990241876864,-13.041463213787557
s3948,1100.0,0.37090990241876864,-11.638752767936671
s3949,500.0,0.33085372606040386,-14.027481114714577
s3950,700.0,0.33085372606040386,-12.020083772423263
s3951,900.0,0.33085372606040386,-10.626181072818662
s3952,1100.0,0.33085372606040386,-9.86000332803607
s3953,500.0,0.3688282530086364,-16.378011920183926
s3954,700.0,0.3688282530086364,-13.923853713038444
s3955,900.0,0.3688282530086364,-12.628954945859999
s3956,1100.0,0.3688282530086364,-11.676880305877184
s3957,500.0,0.2680810054507281,-14.135442272847396
s3958,700.0,0.2680810054507281,-12.478725148279889
s3959,900.0,0.2680810054507281,-11.368521014820454
s3960,1100.0,0.2680810054507281,-10.760303326720953
s3961,500.0,0.34481267971227647,-15.68689246277779
s3962,700.0,0.34481267971227647,-13.561714678244186
s3963,900.0,0.34481267971227647,-12.268671588114614
s3964,1100.0,0.34481267971227647,-11.268594295355985
s3965,500.0,0.26882151739471194,-14.338638786330177
s3966,700.0,0.26882151739471194,-12.83116483059162
s3967,900.0,0.26882151739471194,-11.735804960262536
s3968,1100.0,0.26882151739471194,-10.881548146160638
s3969,500.0,0.2614180347504383,-12.497175194829044
s3970,700.0,0.2614180347504383,-10.801162440585378
s3971,900.0,0.2614180347504383,-9.886953571585575
s3972,1100.0,0.2614180347504383,-9.145408734414762
s3973,500.0,0.2707779766530445,-13.194619012237492
s3974,700.0,0.2707779766530445,-11.360167768808761
s3975,900.0,0.2707779766530445,-10.45462195212427
s3976,1100.0,0.2707779766530445,-9.731584563101478
s3977,500.0,0.3613148799460861,-15.571202138243795
s3978,700.0,0.3613148799460861,-13.68619232872519
s3979,900.0,0.3613148799460861,-11.931290636041098
s3980,1100.0,0.3613148799460861,-11.02373024338586
s3981,500.0,0.2426258161532844,-12.747836151319122
s3982,700.0,0.2426258161532844,-11.14463809304107
s3983,900.0,0.2426258161532844,-10.23356409972478
s3984,1100.0,0.2426258161532844,-9.683558095428817
s3985,500.0,0.37164563483523283,-15.762763106177127
s3986,700.0,0.37164563483523283,-13.548024662383133
s3987,900.0,0.37164563483523283,-12.018477371579786
s3988,1100.0,0.37164563483523283,-11.045027913719933
s3989,500.0,0.2836013562154277,-13.085318489759052
s3990,700.0,0.2836013562154277,-11.066257968652629
s3991,900.0,0.2836013562154277,-10.097499130102081
s3992,1100.0,0.2836013562154277,-9.50938881340224
s3993,500.0,0.36855777614401203,-15.18418879313917
s3994,700.0,0.36855777614401203,-12.951624890001154
s3995,900.0,0.36855777614401203,-11.482957157016097
s3996,1100.0,0.36855777614401203,-10.493725494585172
s3997,500.0,0.28804399189494945,-13.30743986179567
s3998,700.0,0.28804399189494945,-11.258680894663025
s3999,900.0,0.28804399189494945,-10.268068321167624
s4000,1100.0,0.28804399189494945,-9.678406702518576
s4001,500.0,0.32932230480505637,-13.905702686035406
s4002,700.0,0.32932230480505637,-11.930008343355764
s4003,900.0,0.32932230480505637,-10.499343635121056
s4004,1100.0,0.32932230480505637,-9.772325631484124
s4005,500.0,0.25328427217975524,-12.884979674702734
s4006,700.0,0.25328427217975524,-11.01718496210459
s4007,900.0,0.25328427217975524,-10.257070731752524
s4008,1100.0,0.25328427217975524,-9.659409430395115
s4009,500.0,0.2670819647852183,-12.63751928083205
s4010,700.0,0.2670819647852183,-10.940713127081816
s4011,900.0,0.2670819647852183,-9.933992129766684
s4012,1100.0,0.2670819647852183,-9.238765562388322
s4013,500.0,0.3081146583845673,-15.821924809783683
s4014,700.0,0.3081146583845673,-14.20239276930043
s4015,900.0,0.3081146583845673,-12.961775240036543
s4016,1100.0,0.3081146583845673,-11.807146906744745
s4017,500.0,0.319539650198764,-15.44853634415903
s4018,700.0,0.319539650198764,-13.980111144208351
s4019,900.0,0.319539650198764,-12.348307116534414
s4020,1100.0,0.319539650198764,-11.390091668543201
s4021,500.0,0.269735729812874,-13.104048770832676
s4022,700.0,0.269735729812874,-11.226587204047146
s4023,900.0,0.269735729812874,-10.328436046809156
s4024,1100.0,0.269735729812874,-9.67258883888274
s4025,500.0,0.35317674044142205,-15.611568469381888
s4026,700.0,0.35317674044142205,-13.340040306168568
s4027,900.0,0.35317674044142205,-12.004551466548687
s4028,1100.0,0.35317674044142205,-11.130881353331835
s4029,500.0,0.349497990353775,-16.913343623569638
s4030,700.0,0.349497990353775,-15.143492762689842
s4031,900.0,0.349497990353775,-13.38621211536261
s4032,1100.0,0.349497990353775,-12.525908054887939
s4033,500.0,0.4976340167282901,-18.479756370826532
s4034,700.0,0.4976340167282901,-15.413452500856117
s4035,900.0,0.4976340167282901,-13.415821225482347
s4036,1100.0,0.4976340167282901,-12.175831191850046
s4037,500.0,0.35930803521499566,-14.878383875573553
s4038,700.0,0.35930803521499566,-12.57031913647401
s4039,900.0,0.35930803521499566,-11.108969991035247
s4040,1100.0,0.35930803521499566,-10.375625488791508
s4041,500.0,0.3022043511969089,-13.672400286066535
s4042,700.0,0.3022043511969089,-11.558940423337136
s4043,900.0,0.3022043511969089,-10.48883121973118
s4044,1100.0,0.3022043511969089,-9.867346577889675
s4045,500.0,0.2959620006346137,-13.579529633140137
s4046,700.0,0.2959620006346137,-11.72060439877898
s4047,900.0,0.2959620006346137,-10.506262577654965
s4048,1100.0,0.2959620006346137,-9.859283895838798
s4049,500.0,0.3048873561712177,-15.284450851960383
s4050,700.0,0.3048873561712177,-13.899182701043994
s4051,900.0,0.3048873561712177,-12.416127732131303
s4052,1100.0,0.3048873561712177,-11.364689308396436
s4053,500.0,0.2930979978426474,-14.70022699898512
s4054,700.0,0.2930979978426474,-13.215813515847865
s4055,900.0,0.2930979978426474,-11.812877627551547
s4056,1100.0,0.2930979978426474,-10.98166686097654
s4057,500.0,0.3020643548997461,-13.677982185386885
s4058,700.0,0.3020643548997461,-11.833856104499672
s4059,900.0,0.3020643548997461,-10.638988702212151
s4060,1100.0,0.3020643548997461,-9.83470639004956
s4061,500.0,0.3405727533850256,-14.265007254865921
s4062,700.0,0.3405727533850256,-11.557954705071403
s4063,900.0,0.3405727533850256,-10.590333928993292
s4064,1100.0,0.3405727533850256,-9.977368803464795
s4065,500.0,0.3360448122342163,-13.978047077864174
s4066,700.0,0.3360448122342163,-12.082091122005906
s4067,900.0,0.3360448122342163,-10.596774018778975
s4068,1100.0,0.3360448122342163,-9.725451381776463
s4069,500.0,0.3058501567583122,-14.138417537710778
s4070,700.0,0.3058501567583122,-12.172500658217592
s4071,900.0,0.3058501567583122,-10.997592445440134
s4072,1100.0,0.3058501567583122,-10.267840445451599
s4073,500.0,0.3471997243453305,-16.654821208110175
s4074,700.0,0.3471997243453305,-14.79741180109845
s4075,900.0,0.3471997243453305,-13.197061675259636
s4076,1100.0,0.3471997243453305,-12.256115950012703
s4077,500.0,0.3030587641547618,-14.361997390214794
s4078,700.0,0.3030587641547618,-12.47657408887382
s4079,900.0,0.3030587641547618,-11.358110629910815
s4080,1100.0,0.3030587641547618,-10.47591088375876
s4081,500.0,0.2918920198194935,-13.897477452765315
s4082,700.0,0.2918920198194935,-12.466637436873889
s4083,900.0,0.2918920198194935,-11.035020747828327
s4084,1100.0,0.2918920198194935,-10.19396054269522
s4085,500.0,0.3426340308034848,-16.44355488302141
s4086,700.0,0.3426340308034848,-14.736028286603897
s4087,900.0,0.3426340308034848,-13.022355691004421
s4088,1100.0,0.3426340308034848,-12.12600902082903
s4089,500.0,0.3580198962701228,-16.04061590038492
s4090,700.0,0.3580198962701228,-14.330698801161695
s4091,900.0,0.3580198962701228,-12.610980929036112
s4092,1100.0,0.3580198962701228,-11.459617952078323
s4093,500.0,0.32501384407711115,-14.21297514414442
s4094,700.0,0.32501384407711115,-11.815582098908079
s4095,900.0,0.32501384407711115,-10.759028930695163
s4096,1100.0,0.32501384407711115,-10.119175227669656
s4097,500.0,0.2702274729970204,-14.107857507513232
s4098,700.0,0.2702274729970204,-12.651562191751763
s4099,900.0,0.2702274729970204,-11.41064182510169
s4100,1100.0,0.2702274729970204,-10.686095816714532
s4101,500.0,0.2748742084690145,-12.514322705615426
s4102,700.0,0.2748742084690145,-10.671593565571094
s4103,900.0,0.2748742084690145,-9.686176076480338
s4104,1100.0,0.2748742084690145,-9.02763172990223
s4105,500.0,0.4727149002726016,-17.88678455923064
s4106,700.0,0.4727149002726016,-14.478732281983607
s4107,900.0,0.4727149002726016,-13.051196870837416
s4108,1100.0,0.4727149002726016,-11.839951576361063
s4109,500.0,0.36571244081132454,-15.498603649204005
s4110,700.0,0.36571244081132454,-13.266771314135767
s4111,900.0,0.36571244081132454,-11.79337532638477
s4112,1100.0,0.36571244081132454,-10.85998262755587
s4113,500.0,0.2928814985574405,-13.816384383430705
s4114,700.0,0.2928814985574405,-11.886615634310818
s4115,900.0,0.2928814985574405,-10.816494862480184
s4116,1100.0,0.2928814985574405,-10.098712096105594
s4117,500.0,0.3307251983654364,-14.751007867459293
s4118,700.0,0.3307251983654364,-12.878747551491662
s4119,900.0,0.3307251983654364,-11.497034169355649
s4120,1100.0,0.3307251983654364,-10.523924689254956
s4121,500.0,0.29620802499193477,-14.032402088392546
s4122,700.0,0.29620802499193477,-12.347862884635633
s4123,900.0,0.29620802499193477,-11.13532400637209
s4124,1100.0,0.29620802499193477,-10.235788146917713
s4125,500.0,0.3402164477680421,-15.43875729398681
s4126,700.0,0.3402164477680421,-13.2993963438087
s4127,900.0,0.3402164477680421,-12.095187476714345
s4128,1100.0,0.3402164477680421,-11.0570072770433
s4129,500.0,0.30985409492396576,-13.622636504450757
s4130,700.0,0.30985409492396576,-11.663116421233745
s4131,900.0,0.30985409492396576,-10.418214139880607
s4132,1100.0,0.30985409492396576,-9.718553552561717
s4133,500.0,0.3745504159617032,-15.264103454641088
s4134,700.0,0.3745504159617032,-12.734818239335457
s4135,900.0,0.3745504159617032,-11.358757418649079
s4136,1100.0,0.3745504159617032,-10.538983159772862
s4137,500.0,0.34485270508791077,-15.617025972339516
s4138,700.0,0.34485270508791077,-13.576536159974417
s4139,900.0,0.34485270508791077,-12.092027443777722
s4140,1100.0,0.34485270508791077,-11.269607501923867
s4141,500.0,0.2352247815666725,-16.576883899232886
s4142,700.0,0.2352247815666725,-15.12500619086601
s4143,900.0,0.2352247815666725,-14.99386780959507
s4144,1100.0,0.2352247815666725,-13.147535527592227
s4145,500.0,0.35452374171883927,-16.26631456753722
s4146,700.0,0.35452374171883927,-14.24471899512716
s4147,900.0,0.35452374171883927,-12.739210844767657
s4148,1100.0,0.35452374171883927,-11.754515337054128
s4149,500.0,0.3770021569232449,-16.39006636163056
s4150,700.0,0.3770021569232449,-14.03146402707975
s4151,900.0,0.3770021569232449,-12.585066973373564
s4152,1100.0,0.3770021569232449,-11.591674220128263
s4153,500.0,0.33078641265327463,-14.292306278043984
s4154,700.0,0.33078641265327463,-11.97355217947947
s4155,900.0,0.33078641265327463,-10.85167691138929
s4156,1100.0,0.33078641265327463,-10.102181201600748
s4157,500.0,0.3859856142514988,-14.366858938144873
s4158,700.0,0.3859856142514988,-11.691199534485936
s4159,900.0,0.3859856142514988,-10.30477635592191
s4160,1100.0,0.3859856142514988,-9.508130450765748
s4161,500.0,0.3078802155778817,-13.946666249830328
s4162,700.0,0.3078802155778817,-11.926947568910087
s4163,900.0,0.3078802155778817,-10.722816745622305
s4164,1100.0,0.3078802155778817,-10.078883262573346
s4165,500.0,0.26807199064286846,-13.82024922608552
s4166,700.0,0.26807199064286846,-12.276433807165922
s4167,900.0,0.26807199064286846,-11.180815680118714
s4168,1100.0,0.26807199064286846,-10.391160857510744
s4169,500.0,0.30510895120506487,-14.745583367740323
s4170,700.0,0.30510895120506487,-13.01019163529886
s4171,900.0,0.30510895120506487,-11.75996066581842
s4172,1100.0,0.30510895120506487,-10.835673587155462
s4173,500.0,0.25570301692324565,-13.117530642055755
s4174,700.0,0.25570301692324565,-11.46341062637473
s4175,900.0,0.25570301692324565,-10.494377357914232
s4176,1100.0,0.25570301692324565,-9.878531786125805
s4177,500.0,0.3466026161684293,-14.12004479885859
s4178,700.0,0.3466026161684293,-11.945991810616707
s4179,900.0,0.3466026161684293,-10.526866704909375
s4180,1100.0,0.3466026161684293,-9.760385228335753
s4181,500.0,0.3582158350048521,-14.992179949311154
s4182,700.0,0.3582158350048521,-12.574256004355062
s4183,900.0,0.3582158350048521,-11.207188332670349
s4184,1100.0,0.3582158350048521,-10.500968500567554
s4185,500.0,0.3553745964634309,-14.589113998294119
s4186,700.0,0.3553745964634309,-12.215339491406118
s4187,900.0,0.3553745964634309,-10.857990762188379
s4188,1100.0,0.3553745964634309,-10.123968749619605
s4189,500.0,0.31039931291070105,-13.844785902677534
s4190,700.0,0.31039931291070105,-11.616058421055115
s4191,900.0,0.31039931291070105,-10.583003519176433
s4192,1100.0,0.31039931291070105,-9.923561407218935
s4193,500.0,0.35523126502048835,-14.597131749478606
s4194,700.0,0.35523126502048835,-12.315427754362913
s4195,900.0,0.35523126502048835,-10.917595660770559
s4196,1100.0,0.35523126502048835,-10.119382577819703
s4197,500.0,0.25079066370049236,-17.020210619275957
s4198,700.0,0.25079066370049236,-16.00554790550709
s4199,900.0,0.25079066370049236,-14.922924131702182
s4200,1100.0,0.25079066370049236,-13.66898120641837
s4201,500.0,0.24128428462371415,-12.864481052386813
s4202,700.0,0.24128428462371415,-11.362429784211496
s4203,900.0,0.24128428462371415,-10.371389972409554
s4204,1100.0,0.24128428462371415,-9.82663154483385
s4205,500.0,0.3408581285219584,-16.306581345119138
s4206,700.0,0.3408581285219584,-14.52786195915998
s4207,900.0,0.3408581285219584,-12.93616491950873
s4208,1100.0,0.3408581285219584,-11.981373102952196
s4209,500.0,0.34851091533793427,-15.422705718746673
s4210,700.0,0.34851091533793427,-13.3906793844119
s4211,900.0,0.34851091533793427,-11.900028377124015
s4212,1100.0,0.34851091533793427,-11.011573156156238
s4213,500.0,0.37329620587892476,-17.370746776003585
s4214,700.0,0.37329620587892476,-15.779550523598175
s4215,900.0,0.37329620587892476,-13.845402683419746
s4216,1100.0,0.37329620587892476,-12.594307545858406
s4217,500.0,0.32718361816265823,-14.910293737866413
s4218,700.0,0.32718361816265823,-13.159715651460543
s4219,900.0,0.32718361816265823,-11.691534394908835
s4220,1100.0,0.32718361816265823,-10.743160797388786
s4221,500.0,0.4115882684687927,-16.19683940381359
s4222,700.0,0.4115882684687927,-13.970162698911842
s4223,900.0,0.4115882684687927,-11.978081520053253
s4224,1100.0,0.4115882684687927,-11.045115454609014
s4225,500.0,0.3558201210991955,-15.841220536340774
s4226,700.0,0.3558201210991955,-13.639765369523097
s4227,900.0,0.3558201210991955,-12.13834429750272
s4228,1100.0,0.3558201210991955,-11.377912791108852
s4229,500.0,0.3440241278840013,-16.281493224103002
s4230,700.0,0.3440241278840013,-14.06147371900692
s4231,900.0,0.3440241278840013,-12.77299560165587
s4232,1100.0,0.3440241278840013,-11.913051016624348
s4233,500.0,0.3315279391407585,-14.43928170399814
s4234,700.0,0.3315279391407585,-12.771695351251756
s4235,900.0,0.3315279391407585,-11.20582291334498
s4236,1100.0,0.3315279391407585,-10.216843529453426
s4237,500.0,0.2972578349062794,-13.283454308439703
s4238,700.0,0.2972578349062794,-11.32057790879825
s4239,900.0,0.2972578349062794,-10.252218457686826
s4240,1100.0,0.2972578349062794,-9.502136105022899
s4241,500.0,0.23410800226414324,-12.287800304475295
s4242,700.0,0.23410800226414324,-10.767473076828297
s4243,900.0,0.23410800226414324,-9.834463406051125
s4244,1100.0,0.23410800226414324,-9.350140471416388
s4245,500.0,0.3428359553327053,-15.512160801812428
s4246,700.0,0.3428359553327053,-13.833742094083659
s4247,900.0,0.3428359553327053,-12.18682675996616
s4248,1100.0,0.3428359553327053,-11.142242119946323
s4249,500.0,0.3573450529239958,-15.070856840493965
s4250,700.0,0.3573450529239958,-12.69464673866308
s4251,900.0,0.3573450529239958,-11.380465671686368
s4252,1100.0,0.3573450529239958,-10.548489574205778
s4253,500.0,0.28409597015149624,-13.77292284606676
s4254,700.0,0.28409597015149624,-11.970979849840779
s4255,900.0,0.28409597015149624,-10.939340278828372
s4256,1100.0,0.28409597015149624,-10.134723110412937
s4257,500.0,0.38549087447223296,-15.249166874641825
s4258,700.0,0.38549087447223296,-12.885841599319022
s4259,900.0,0.38549087447223296,-11.338815451623484
s4260,1100.0,0.38549087447223296,-10.360724498097138
s4261,500.0,0.2688819184175751,-13.108709012287871
s4262,700.0,0.2688819184175751,-11.206332337037576
s4263,900.0,0.2688819184175751,-10.298769795903246
s4264,1100.0,0.2688819184175751,-9.707480565853567
s4265,500.0,0.34743723532972115,-14.664354739046354
s4266,700.0,0.34743723532972115,-12.284784106540581
s4267,900.0,0.34743723532972115,-10.98452537354251
s4268,1100.0,0.34743723532972115,-10.308078674849101
s4269,500.0,0.3259767342141323,-13.358929870222585
s4270,700.0,0.3259767342141323,-11.043067501585139
s4271,900.0,0.3259767342141323,-9.885186709535024
s4272,1100.0,0.3259767342141323,-9.271286025669278
s4273,500.0,0.3656177677753238,-15.089395918737543
s4274,700.0,0.3656177677753238,-13.031599810686957
s4275,900.0,0.3656177677753238,-11.378226875987263
s4276,1100.0,0.3656177677753238,-10.481210336363658
s4277,500.0,0.25857334589608866,-13.807375833250635
s4278,700.0,0.25857334589608866,-12.28947163745948
s4279,900.0,0.25857334589608866,-11.271241963973056
s4280,1100.0,0.25857334589608866,-10.490155840696646
s4281,500.0,0.3542357815413741,-14.874102329085217
s4282,700.0,0.3542357815413741,-12.9095656265638
s4283,900.0,0.3542357815413741,-11.284399961725534
s4284,1100.0,0.3542357815413741,-10.410362137729033
s4285,500.0,0.28864851627157445,-13.200701091610389
s4286,700.0,0.28864851627157445,-11.238638222728778
s4287,900.0,0.28864851627157445,-10.168903177464252
s4288,1100.0,0.28864851627157445,-9.569650607206347
s4289,500.0,0.2842867340871646,-13.58480432118793
s4290,700.0,0.2842867340871646,-11.738132664362908
s4291,900.0,0.2842867340871646,-10.645084151119399
s4292,1100.0,0.2842867340871646,-9.995547017431798
s4293,500.0,0.30363047642823543,-14.730039901052434
s4294,700.0,0.30363047642823543,-12.942438529221194
s4295,900.0,0.30363047642823543,-11.760905463468905
s4296,1100.0,0.30363047642823543,-10.82907622585381
s4297,500.0,0.21070909297096985,-14.323187287936836
s4298,700.0,0.21070909297096985,-13.612601401004413
s4299,900.0,0.21070909297096985,-12.12298304928953
s4300,1100.0,0.21070909297096985,-11.771116983419954
s4301,500.0,0.33085949364305056,-14.822832841951083
s4302,700.0,0.33085949364305056,-12.706361229210179
s4303,900.0,0.33085949364305056,-11.45009697519249
s4304,1100.0,0.33085949364305056,-10.623447087032023
s4305,500.0,0.3152330278559075,-14.143956128868238
s4306,700.0,0.3152330278559075,-12.072353550234302
s4307,900.0,0.3152330278559075,-10.7996159972388
s4308,1100.0,0.3152330278559075,-10.207372239006977
s4309,500.0,0.2835862938100759,-13.522134190141754
s4310,700.0,0.2835862938100759,-11.45258397860706
s4311,900.0,0.2835862938100759,-10.518315417121872
s4312,1100.0,0.2835862938100759,-9.947935998861885
s4313,500.0,0.4213965404462661,-16.586548294126562
s4314,700.0,0.4213965404462661,-13.889296655771814
s4315,900.0,0.4213965404462661,-12.342874230508258
s4316,1100.0,0.4213965404462661,-11.208989940386498
s4317,500.0,0.44970945148169816,-17.52428545885817
s4318,700.0,0.44970945148169816,-14.232681662333448
s4319,900.0,0.44970945148169816,-12.911197442428014
s4320,1100.0,0.44970945148169816,-11.771603967003024
s4321,500.0,0.37918989864181113,-15.07221672703385
s4322,700.0,0.37918989864181113,-12.375788763160088
s4323,900.0,0.37918989864181113,-11.04907807494653
s4324,1100.0,0.37918989864181113,-10.307138343263905
s4325,500.0,0.36001340551838196,-16.748351562069093
s4326,700.0,0.36001340551838196,-14.109806104512824
s4327,900.0,0.36001340551838196,-13.249258517452837
s4328,1100.0,0.36001340551838196,-12.035106872455613
s4329,500.0,0.31843550873473436,-14.817226018834493
s4330,700.0,0.31843550873473436,-13.113175027637563
s4331,900.0,0.31843550873473436,-11.654913989075371
s4332,1100.0,0.31843550873473436,-10.777882028730312
s4333,500.0,0.36022350898676253,-15.279327647971057
s4334,700.0,0.36022350898676253,-12.93835333008356
s4335,900.0,0.36022350898676253,-11.59661466694808
s4336,1100.0,0.36022350898676253,-10.70777070472484
s4337,500.0,0.3194118271026294,-14.039838122327838
s4338,700.0,0.3194118271026294,-12.400973045133707
s4339,900.0,0.3194118271026294,-10.778044667205334
s4340,1100.0,0.3194118271026294,-10.048178409633616
s4341,500.0,0.2897881141212322,-14.185315326560472
s4342,700.0,0.2897881141212322,-12.417460682047096
s4343,900.0,0.2897881141212322,-11.307480522868813
s4344,1100.0,0.2897881141212322,-10.47756496426533
s4345,500.0,0.3131884544790352,-14.652783762062606
s4346,700.0,0.3131884544790352,-12.7980322633276
s4347,900.0,0.3131884544790352,-11.572197359406113
s4348,1100.0,0.3131884544790352,-10.63739521265655
s4349,500.0,0.3198982570051745,-16.426705778715604
s4350,700.0,0.3198982570051745,-14.389170056731933
s4351,900.0,0.3198982570051745,-13.286578813173888
s4352,1100.0,0.3198982570051745,-12.30075594813105
s4353,500.0,0.3089028744823507,-14.954674851625548
s4354,700.0,0.3089028744823507,-13.091222727939838
s4355,900.0,0.3089028744823507,-11.914209991170159
s4356,1100.0,0.3089028744823507,-10.990365213004358
s4357,500.0,0.3123721135329773,-16.60624678980736
s4358,700.0,0.3123721135329773,-15.36178567240887
s4359,900.0,0.3123721135329773,-13.23652321797905
s4360,1100.0,0.3123721135329773,-12.854693990276138
s4361,500.0,0.3146709650564316,-14.097550925501885
s4362,700.0,0.3146709650564316,-12.313350295497711
s4363,900.0,0.3146709650564316,-10.873882119736479
s4364,1100.0,0.3146709650564316,-10.145983855275894
s4365,500.0,0.3787016024094955,-16.502524934028653
s4366,700.0,0.3787016024094955,-14.127571487602038
s4367,900.0,0.3787016024094955,-12.560734169710754
s4368,1100.0,0.3787016024094955,-11.747961750125208
s4369,500.0,0.30273228831906357,-13.462493791840107
s4370,700.0,0.30273228831906357,-11.265116599427428
s4371,900.0,0.30273228831906357,-10.260764348856059
s4372,1100.0,0.30273228831906357,-9.646021607460483
s4373,500.0,0.3468538936498687,-15.154528255449621
s4374,700.0,0.3468538936498687,-13.095519898504225
s4375,900.0,0.3468538936498687,-11.673560089131497
s4376,1100.0,0.3468538936498687,-10.745169085673728
s4377,500.0,0.37111699535967113,-16.574476445022107
s4378,700.0,0.37111699535967113,-14.385515652057663
s4379,900.0,0.37111699535967113,-12.980442706881021
s4380,1100.0,0.37111699535967113,-11.78645740774585
s4381,500.0,0.3608622333324839,-15.978298010103455
s4382,700.0,0.3608622333324839,-13.932662168611037
s4383,900.0,0.3608622333324839,-12.374097322308858
s4384,1100.0,0.3608622333324839,-11.395384005602278
s4385,500.0,0.35450106514905344,-15.628553491113466
s4386,700.0,0.35450106514905344,-13.920850808022424
s4387,900.0,0.35450106514905344,-12.084693820734815
s4388,1100.0,0.35450106514905344,-11.172418376526206
s4389,500.0,0.3213015184075966,-14.074076030055167
s4390,700.0,0.3213015184075966,-12.264912384553954
s4391,900.0,0.3213015184075966,-10.813757603402246
s4392,1100.0,0.3213015184075966,-10.02376245066281
s4393,500.0,0.3748584381176797,-15.162175572411398
s4394,700.0,0.3748584381176797,-12.62689464711747
s4395,900.0,0.3748584381176797,-11.2149739107464
s4396,1100.0,0.3748584381176797,-10.454009971520316
s4397,500.0,0.29598859065144817,-13.67550198314046
s4398,700.0,0.29598859065144817,-11.638194498470277
s4399,900.0,0.29598859065144817,-10.566320418373943
s4400,1100.0,0.29598859065144817,-9.94856271082872
s4401,500.0,0.4200797109660462,-16.844444686421426
s4402,700.0,0.4200797109660462,-14.181789279133808
s4403,900.0,0.4200797109660462,-12.67384570835926
s4404,1100.0,0.4200797109660462,-11.45437890926566
s4405,500.0,0.3203620932036238,-14.731080623132643
s4406,700.0,0.3203620932036238,-12.853984055794614
s4407,900.0,0.3203620932036238,-11.538011830502088
s4408,1100.0,0.3203620932036238,-10.649899176640577
s4409,500.0,0.30697994095099584,-13.30703290728384
s4410,700.0,0.30697994095099584,-11.083431315085113
s4411,900.0,0.30697994095099584,-10.059242990008824
s4412,1100.0,0.30697994095099584,-9.43831649784743
s4413,500.0,0.27091011699612094,-12.957673265783862
s4414,700.0,0.27091011699612094,-11.207568716651238
s4415,900.0,0.27091011699612094,-10.150710310181283
s4416,1100.0,0.27091011699612094,-9.54180405045636
s4417,500.0,0.30172844454041714,-13.351941122830857
s4418,700.0,0.30172844454041714,-11.441421274834875
s4419,900.0,0.30172844454041714,-10.19069736907994
s4420,1100.0,0.30172844454041714,-9.572528835811804
s4421,500.0,0.3748346331564005,-16.167189827961263
s4422,700.0,0.3748346331564005,-13.442907241907234
s4423,900.0,0.3748346331564005,-12.282124179894955
s4424,1100.0,0.3748346331564005,-11.397318330111363
s4425,500.0,0.35191147030845826,-16.077977223949386
s4426,700.0,0.35191147030845826,-13.995281549338506
s4427,900.0,0.35191147030845826,-12.639055014157169
s4428,1100.0,0.35191147030845826,-11.553826230354433
s4429,500.0,0.4118467968859836,-16.66950661731377
s4430,700.0,0.4118467968859836,-14.237859600486626
s4431,900.0,0.4118467968859836,-12.39611272553156
s4432,1100.0,0.4118467968859836,-11.513531731163473
s4433,500.0,0.3633405867266022,-16.047676034594716
s4434,700.0,0.3633405867266022,-13.927305275457732
s4435,900.0,0.3633405867266022,-12.469808603097286
s4436,1100.0,0.3633405867266022,-11.39608788342953
s4437,500.0,0.4078659733137083,-17.29238279087796
s4438,700.0,0.4078659733137083,-14.912816893488666
s4439,900.0,0.4078659733137083,-13.038017704168325
s4440,1100.0,0.4078659733137083,-12.202775481166174
s4441,500.0,0.28423757417220596,-12.873481452529425
s4442,700.0,0.28423757417220596,-10.976675716788108
s4443,900.0,0.28423757417220596,-10.005054526452943
s4444,1100.0,0.28423757417220596,-9.238228800558879
s4445,500.0,0.3211211549478276,-15.523886078722656
s4446,700.0,0.3211211549478276,-13.62940250627869
s4447,900.0,0.3211211549478276,-12.425462636064202
s4448,1100.0,0.3211211549478276,-11.374499950742278
s4449,500.0,0.4150720815375191,-16.479892324082186
s4450,700.0,0.4150720815375191,-13.766547161738732
s4451,900.0,0.4150720815375191,-12.22778957099955
s4452,1100.0,0.4150720815375191,-11.214718242559247
s4453,500.0,0.29244298729513296,-13.233057857755192
s4454,700.0,0.29244298729513296,-11.327172910670301
s4455,900.0,0.29244298729513296,-10.214139787498786
s4456,1100.0,0.29244298729513296,-9.537060829371613
s4457,500.0,0.2354749833201263,-12.303358979100691
s4458,700.0,0.2354749833201263,-10.676922194400895
s4459,900.0,0.2354749833201263,-9.810492042449358
s4460,1100.0,0.2354749833201263,-9.348268597236284
s4461,500.0,0.24054333554087345,-12.61618736663363
s4462,700.0,0.24054333554087345,-11.041431151399117
s4463,900.0,0.24054333554087345,-10.166633557038962
s4464,1100.0,0.24054333554087345,-9.55645658784584
s4465,500.0,0.3491642712816681,-14.825232175086985
s4466,700.0,0.3491642712816681,-12.533303482006744
s4467,900.0,0.3491642712816681,-11.158904524295911
s4468,1100.0,0.3491642712816681,-10.444256100794867
s4469,500.0,0.3181916557828672,-13.906315077657307
s4470,700.0,0.3181916557828672,-12.166101954219675
s4471,900.0,0.3181916557828672,-10.662456266839865
s4472,1100.0,0.3181916557828672,-9.911105824811369
s4473,500.0,0.3637063381328343,-16.378536361896927
s4474,700.0,0.3637063381328343,-14.450606926509446
s4475,900.0,0.3637063381328343,-12.96613215424819
s4476,1100.0,0.3637063381328343,-11.657084881305408
s4477,500.0,0.32930416821809766,-16.343303086946584
s4478,700.0,0.32930416821809766,-15.024699220273718
s4479,900.0,0.32930416821809766,-13.150906090741492
s4480,1100.0,0.32930416821809766,-12.187938384436771
s4481,500.0,0.3513561330098778,-15.059860634683712
s4482,700.0,0.3513561330098778,-13.036804066865134
s4483,900.0,0.3513561330098778,-11.497893515504531
s4484,1100.0,0.3513561330098778,-10.622295824397838
s4485,500.0,0.39080769781245756,-16.65386540652626
s4486,700.0,0.39080769781245756,-13.967433889628067
s4487,900.0,0.39080769781245756,-12.683735366982198
s4488,1100.0,0.39080769781245756,-11.658680425073937
s4489,500.0,0.33027609514593614,-14.508746368656082
s4490,700.0,0.33027609514593614,-12.086799434632477
s4491,900.0,0.33027609514593614,-11.023554295789557
s4492,1100.0,0.33027609514593614,-10.337079449449774
s4493,500.0,0.4830548128158629,-17.638211626670294
s4494,700.0,0.4830548128158629,-14.563397602267997
s4495,900.0,0.4830548128158629,-12.64930676441821
s4496,1100.0,0.4830548128158629,-11.545199751283045
s4497,500.0,0.3035306187024603,-14.50872120972043
s4498,700.0,0.3035306187024603,-12.568653477442629
s4499,900.0,0.3035306187024603,-11.45373518860733
s4500,1100.0,0.3035306187024603,-10.63473343532342
s4501,500.0,0.33611220193025143,-14.815149131901977
s4502,700.0,0.33611220193025143,-12.694010384856275
s4503,900.0,0.33611220193025143,-11.391323605137574
s4504,1100.0,0.33611220193025143,-10.551972049756557
s4505,500.0,0.35466695661018927,-15.900362357976247
s4506,700.0,0.35466695661018927,-13.7838542850617
s4507,900.0,0.35466695661018927,-12.352803444435255
s4508,1100.0,0.35466695661018927,-11.383501270239103
s4509,500.0,0.32910357289589753,-13.945649636129973
s4510,700.0,0.32910357289589753,-11.873831076244318
s4511,900.0,0.32910357289589753,-10.531399225745266
s4512,1100.0,0.32910357289589753,-9.806370431575537
s4513,500.0,0.3583465187200235,-15.376949701966355
s4514,700.0,0.3583465187200235,-13.322665210348857
s4515,900.0,0.3583465187200235,-11.813742512716066
s4516,1100.0,0.3583465187200235,-10.813836197295442
s4517,500.0,0.3831636145574649,-16.06321374176606
s4518,700.0,0.3831636145574649,-13.927644674414955
s4519,900.0,0.3831636145574649,-12.19415231931528
s4520,1100.0,0.3831636145574649,-11.225760243797403
s4521,500.0,0.36287757775238205,-15.205027903834733
s4522,700.0,0.36287757775238205,-13.20908695107761
s4523,900.0,0.36287757775238205,-11.504068722283845
s4524,1100.0,0.36287757775238205,-10.647936635945461
s4525,500.0,0.3984119773971692,-17.150252669156046
s4526,700.0,0.3984119773971692,-14.707579954922702
s4527,900.0,0.3984119773971692,-13.081935423502067
s4528,1100.0,0.3984119773971692,-12.11284172694929
s4529,500.0,0.34344221558031524,-14.716592456454082
s4530,700.0,0.34344221558031524,-12.831455418499438
s4531,900.0,0.34344221558031524,-11.291756055493526
s4532,1100.0,0.34344221558031524,-10.360977059229926
s4533,500.0,0.38666531008084043,-16.155478881164978
s4534,700.0,0.38666531008084043,-13.961883509402425
s4535,900.0,0.38666531008084043,-12.318111527458248
s4536,1100.0,0.38666531008084043,-11.231018048498342
s4537,500.0,0.38878183092427554,-15.922613444429496
s4538,700.0,0.38878183092427554,-13.585072259924038
s4539,900.0,0.38878183092427554,-11.94110803334405
s4540,1100.0,0.38878183092427554,-11.020101639416076
s4541,500.0,0.2876234559745537,-13.841494469529598
s4542,700.0,0.2876234559745537,-11.937265966200746
s4543,900.0,0.2876234559745537,-10.819759680996246
s4544,1100.0,0.2876234559745537,-10.231180362243153
s4545,500.0,0.28814152955243205,-14.555658999926575
s4546,700.0,0.28814152955243205,-13.040587244595887
s4547,900.0,0.28814152955243205,-11.766147203300854
s4548,1100.0,0.28814152955243205,-10.864654456157366
s4549,500.0,0.2645525650218699,-13.42742755515437
s4550,700.0,0.2645525650218699,-11.722511618160208
s4551,900.0,0.2645525650218699,-10.701192935241806
s4552,1100.0,0.2645525650218699,-10.084090718162361
s4553,500.0,0.2629362234357144,-13.183381189279162
s4554,700.0,0.2629362234357144,-11.35682004151934
s4555,900.0,0.2629362234357144,-10.430632603257038
s4556,1100.0,0.2629362234357144,-9.865047070949094
s4557,500.0,0.35336520118983283,-16.06435681054872
s4558,700.0,0.35336520118983283,-14.562157987098
s4559,900.0,0.35336520118983283,-12.615373219878736
s4560,1100.0,0.35336520118983283,-11.605521355810865
s4561,500.0,0.2610279600084509,-13.671808722924784
s4562,700.0,0.2610279600084509,-12.11538793997853
s4563,900.0,0.2610279600084509,-11.059240702331268
s4564,1100.0,0.2610279600084509,-10.348581157951815
s4565,500.0,0.27054759920233507,-13.627268428320583
s4566,700.0,0.27054759920233507,-11.891937949146264
s4567,900.0,0.27054759920233507,-10.88778552012131
s4568,1100.0,0.27054759920233507,-10.182479445692799
s4569,500.0,0.390154334264857,-16.759572954382612
s4570,700.0,0.390154334264857,-15.216450996731473
s4571,900.0,0.390154334264857,-13.026191148063768
s4572,1100.0,0.390154334264857,-11.812058662948413
s4573,500.0,0.3459894096050246,-16.071789259442973
s4574,700.0,0.3459894096050246,-13.727867026064574
s4575,900.0,0.3459894096050246,-12.705727775606563
s4576,1100.0,0.3459894096050246,-11.572062240586416
s4577,500.0,0.36663416952429806,-14.693047565600146
s4578,700.0,0.36663416952429806,-12.135198517901015
s4579,900.0,0.36663416952429806,-10.820186432636554
s4580,1100.0,0.36663416952429806,-10.083516380971552
s4581,500.0,0.3632139865215464,-14.734718053249521
s4582,700.0,0.3632139865215464,-12.736309238668042
s4583,900.0,0.3632139865215464,-11.103346076399541
s4584,1100.0,0.3632139865215464,-10.132849311387135
s4585,500.0,0.35730940106662223,-15.407547009438366
s4586,700.0,0.35730940106662223,-13.48657485252556
s4587,900.0,0.35730940106662223,-11.82448502843988
s4588,1100.0,0.35730940106662223,-10.893015729452747
s4589,500.0,0.37940832720174134,-16.260002763772217
s4590,700.0,0.37940832720174134,-13.948558498095563
s4591,900.0,0.37940832720174134,-12.490835280441024
s4592,1100.0,0.37940832720174134,-11.406786106678055
s4593,500.0,0.34168167045792386,-14.770357456936644
s4594,700.0,0.34168167045792386,-12.42894797736268
s4595,900.0,0.34168167045792386,-11.258251943896195
s4596,1100.0,0.34168167045792386,-10.426899545725336
s4597,500.0,0.2570342067629407,-12.59369712402662
s4598,700.0,0.2570342067629407,-10.79362991271303
s4599,900.0,0.2570342067629407,-9.878202358234818
s4600,1100.0,0.2570342067629407,-9.361319484486822
s4601,500.0,0.35074683439510496,-15.124620620026938
s4602,700.0,0.35074683439510496,-13.153774463077122
s4603,900.0,0.35074683439510496,-11.733543927431295
s4604,1100.0,0.35074683439510496,-10.610611494092435
s4605,500.0,0.33205654020803455,-13.34247115783022
s4606,700.0,0.33205654020803455,-11.007213566551716
s4607,900.0,0.33205654020803455,-9.858752432145119
s4608,1100.0,0.33205654020803455,-9.151700542035446
s4609,500.0,0.3072847657553608,-16.002695607430905
s4610,700.0,0.3072847657553608,-15.362172971308166
s4611,900.0,0.3072847657553608,-12.867212911094358
s4612,1100.0,0.3072847657553608,-12.298356097234494
s4613,500.0,0.3783813083736302,-16.00745704426759
s4614,700.0,0.3783813083736302,-14.18459357400426
s4615,900.0,0.3783813083736302,-12.305971179678036
s4616,1100.0,0.3783813083736302,-11.206185111727242
s4617,500.0,0.23443024803592794,-12.282306087733586
s4618,700.0,0.23443024803592794,-10.688472834903866
s4619,900.0,0.23443024803592794,-9.78694500929814
s4620,1100.0,0.23443024803592794,-9.35155675657044
s4621,500.0,0.3416449462929839,-16.26546698066205
s4622,700.0,0.3416449462929839,-14.371993572223177
s4623,900.0,0.3416449462929839,-12.934558604125131
s4624,1100.0,0.3416449462929839,-11.88786082250168
s4625,500.0,0.33808320542651005,-14.721037075418236
s4626,700.0,0.33808320542651005,-12.605681830963237
s4627,900.0,0.33808320542651005,-11.21084380423426
s4628,1100.0,0.33808320542651005,-10.47226363248793
s4629,500.0,0.2840363973311379,-13.84635023526998
s4630,700.0,0.2840363973311379,-12.115228687513621
s4631,900.0,0.2840363973311379,-10.94652773625451
s4632,1100.0,0.2840363973311379,-10.256268629301374
s4633,500.0,0.3128539293257899,-13.805634440796066
s4634,700.0,0.3128539293257899,-11.781468797772567
s4635,900.0,0.3128539293257899,-10.651508264111257
s4636,1100.0,0.3128539293257899,-9.812000693573154
s4637,500.0,0.2865856882976632,-16.64460926667019
s4638,700.0,0.2865856882976632,-15.693955660759901
s4639,900.0,0.2865856882976632,-14.077808917734227
s4640,1100.0,0.2865856882976632,-12.939954785111171
s4641,500.0,0.26465630269519036,-13.061333671545361
s4642,700.0,0.26465630269519036,-11.279199414241692
s4643,900.0,0.26465630269519036,-10.297201112312347
s4644,1100.0,0.26465630269519036,-9.725879909026641
s4645,500.0,0.26281563412160686,-15.403457053292103
s4646,700.0,0.26281563412160686,-14.986177399242132
s4647,900.0,0.26281563412160686,-13.175419400971572
s4648,1100.0,0.26281563412160686,-12.002913545358744
s4649,500.0,0.40076446112194425,-14.937644880109076
s4650,700.0,0.40076446112194425,-12.093181821205256
s4651,900.0,0.40076446112194425,-10.714558810253827
s4652,1100.0,0.40076446112194425,-9.886193785690644
s4653,500.0,0.31908424389042267,-13.590017361155072
s4654,700.0,0.31908424389042267,-11.397691842890351
s4655,900.0,0.31908424389042267,-10.208324118841311
s4656,1100.0,0.31908424389042267,-9.58942001690091
s4657,500.0,0.33861808401602245,-14.932001610914037
s4658,700.0,0.33861808401602245,-13.067783185521227
s4659,900.0,0.33861808401602245,-11.497850446611963
s4660,1100.0,0.33861808401602245,-10.668571871599028
s4661,500.0,0.3542720158254393,-16.52001265993265
s4662,700.0,0.3542720158254393,-14.096467061036385
s4663,900.0,0.3542720158254393,-12.819557056885628
s4664,1100.0,0.3542720158254393,-12.049771315634612
s4665,500.0,0.37948263422245504,-16.209650150139055
s4666,700.0,0.37948263422245504,-14.197586188610158
s4667,900.0,0.37948263422245504,-12.391761960519672
s4668,1100.0,0.37948263422245504,-11.425996608882045
s4669,500.0,0.2951351377502863,-13.842211886931674
s4670,700.0,0.2951351377502863,-12.01513018677904
s4671,900.0,0.2951351377502863,-10.788872250118636
s4672,1100.0,0.2951351377502863,-10.129979312928965
s4673,500.0,0.3672919427263521,-15.033999201837432
s4674,700.0,0.3672919427263521,-12.865718819718039
s4675,900.0,0.3672919427263521,-11.323998018979031
s4676,1100.0,0.3672919427263521,-10.379843429853704
s4677,500.0,0.23314333949990712,-12.619683050237663
s4678,700.0,0.23314333949990712,-11.13825050544112
s4679,900.0,0.23314333949990712,-10.228375533675054
s4680,1100.0,0.23314333949990712,-9.670137241100479
s4681,500.0,0.3579844421701478,-15.318478202281481
s4682,700.0,0.3579844421701478,-13.144390638201502
s4683,900.0,0.3579844421701478,-11.643125747802321
s4684,1100.0,0.3579844421701478,-10.806259721725036
s4685,500.0,0.26040747512438017,-12.98484170419126
s4686,700.0,0.26040747512438017,-11.308630556295466
s4687,900.0,0.26040747512438017,-10.271035976075533
s4688,1100.0,0.26040747512438017,-9.710964063060072
s4689,500.0,0.31473328417321317,-13.867152306246817
s4690,700.0,0.31473328417321317,-11.557373234716524
s4691,900.0,0.31473328417321317,-10.533799404404805
s4692,1100.0,0.31473328417321317,-9.898285421627905
s4693,500.0,0.36402326780436167,-14.761172528563499
s4694,700.0,0.36402326780436167,-12.538566402441894
s4695,900.0,0.36402326780436167,-10.979002547257572
s4696,1100.0,0.36402326780436167,-10.195938041898227
s4697,500.0,0.3013248412669287,-14.060756335170348
s4698,700.0,0.3013248412669287,-12.241510735724342
s4699,900.0,0.3013248412669287,-10.997783054927233
s4700,1100.0,0.3013248412669287,-10.247284156795171
s4701,500.0,0.2626923515470797,-13.321815631444034
s4702,700.0,0.2626923515470797,-11.679743857364524
s4703,900.0,0.2626923515470797,-10.662022367024193
s4704,1100.0,0.2626923515470797,-9.983242705456512
s4705,500.0,0.3275115625404596,-13.749481015720912
s4706,700.0,0.3275115625404596,-11.593277908917537
s4707,900.0,0.3275115625404596,-10.311830291436324
s4708,1100.0,0.3275115625404596,-9.638514236644456
s4709,500.0,0.2605122738535274,-12.68028057986717
s4710,700.0,0.2605122738535274,-10.961398755751182
s4711,900.0,0.2605122738535274,-9.984941201425858
s4712,1100.0,0.2605122738535274,-9.388094952083499
s4713,500.0,0.4302245095025842,-16.934157563654715
s4714,700.0,0.4302245095025842,-15.070361553980147
s4715,900.0,0.4302245095025842,-12.769548644953323
s4716,1100.0,0.4302245095025842,-11.481242153722459
s4717,500.0,0.35926368627673155,-16.645312561746618
s4718,700.0,0.35926368627673155,-14.420634099670528
s4719,900.0,0.35926368627673155,-13.013624690488646
s4720,1100.0,0.35926368627673155,-12.079222339919552
s4721,500.0,0.2747397478821483,-12.583469551416364
s4722,700.0,0.2747397478821483,-10.78929606248165
s4723,900.0,0.2747397478821483,-9.72069458095372
s4724,1100.0,0.2747397478821483,-9.125420937228961
s4725,500.0,0.3847754061984871,-16.024638706238818
s4726,700.0,0.3847754061984871,-13.848710391765422
s4727,900.0,0.3847754061984871,-12.130147419703864
s4728,1100.0,0.3847754061984871,-11.167312700653211
s4729,500.0,0.2130352097509295,-11.894760058108375
s4730,700.0,0.2130352097509295,-10.413062640042696
s4731,900.0,0.2130352097509295,-9.706804435615387
s4732,1100.0,0.2130352097509295,-9.18245304989685
s4733,500.0,0.26406057063848076,-13.162603857524703
s4734,700.0,0.26406057063848076,-11.695326325260755
s4735,900.0,0.26406057063848076,-10.540116485917617
s4736,1100.0,0.26406057063848076,-9.8051524752136
s4737,500.0,0.3697787124489794,-15.201709348895989
s4738,700.0,0.3697787124489794,-13.015477637782903
s4739,900.0,0.3697787124489794,-11.473256145157556
s4740,1100.0,0.3697787124489794,-10.511868886080054
s4741,500.0,0.23709893868442072,-12.144455455251103
s4742,700.0,0.23709893868442072,-10.692956705877952
s4743,900.0,0.23709893868442072,-9.896232939400758
s4744,1100.0,0.23709893868442072,-9.051162235217214
s4745,500.0,0.32550695900891474,-14.83572419323205
s4746,700.0,0.32550695900891474,-12.881763469766408
s4747,900.0,0.32550695900891474,-11.531954770387813
s4748,1100.0,0.32550695900891474,-10.715084513135682
s4749,500.0,0.26878210180103407,-13.399646013253415
s4750,700.0,0.26878210180103407,-11.64313534692414
s4751,900.0,0.26878210180103407,-10.620440744324732
s4752,1100.0,0.26878210180103407,-10.00449277317054
s4753,500.0,0.24733242888516482,-12.721081391075343
s4754,700.0,0.24733242888516482,-10.937363632552868
s4755,900.0,0.24733242888516482,-10.150405394710425
s4756,1100.0,0.24733242888516482,-9.579699304028255
s4757,500.0,0.3404452220303221,-15.880414308346937
s4758,700.0,0.3404452220303221,-13.990656155817353
s4759,900.0,0.3404452220303221,-12.538886604930582
s4760,1100.0,0.3404452220303221,-11.530117088673707
s4761,500.0,0.30545062752313457,-15.14891575256407
s4762,700.0,0.30545062752313457,-13.09931349604725
s4763,900.0,0.30545062752313457,-12.059683791876013
s4764,1100.0,0.30545062752313457,-11.244442624401639
s4765,500.0,0.3305738502038164,-15.19120493033392
s4766,700.0,0.3305738502038164,-13.36965180731437
s4767,900.0,0.3305738502038164,-11.949580225298277
s4768,1100.0,0.3305738502038164,-10.967341193940177
s4769,500.0,0.4010356555747718,-16.75599466431326
s4770,700.0,0.4010356555747718,-14.238645612553913
s4771,900.0,0.4010356555747718,-12.786042322132747
s4772,1100.0,0.4010356555747718,-11.607473290197682
s4773,500.0,0.3603805742502422,-16.11601205200938
s4774,700.0,0.3603805742502422,-13.963781219031818
s4775,900.0,0.3603805742502422,-12.582136491507121
s4776,1100.0,0.3603805742502422,-11.48689506814753
s4777,500.0,0.2836871187454379,-13.507829229557057
s4778,700.0,0.2836871187454379,-11.58219270729099
s4779,900.0,0.2836871187454379,-10.556681422171334
s4780,1100.0,0.2836871187454379,-9.923772076841837
s4781,500.0,0.28338866823751724,-13.390018228865749
s4782,700.0,0.28338866823751724,-11.513527263311923
s4783,900.0,0.28338866823751724,-10.496015731900425
s4784,1100.0,0.28338866823751724,-9.78668848393074
s4785,500.0,0.29814513560923117,-13.640472038625347
s4786,700.0,0.29814513560923117,-11.663977972514996
s4787,900.0,0.29814513560923117,-10.504603662462989
s4788,1100.0,0.29814513560923117,-9.899697338850576
s4789,500.0,0.32894516966897563,-15.97847578230828
s4790,700.0,0.32894516966897563,-14.181885990110523
s4791,900.0,0.32894516966897563,-12.797042962459088
s4792,1100.0,0.32894516966897563,-11.75326000530407
s4793,500.0,0.32347227303267223,-14.286748453425915
s4794,700.0,0.32347227303267223,-12.041436906207293
s4795,900.0,0.32347227303267223,-10.851733609562524
s4796,1100.0,0.32347227303267223,-10.231566951781998
s4797,500.0,0.3621037193546409,-14.885827056819705
s4798,700.0,0.3621037193546409,-12.636588255813392
s4799,900.0,0.3621037193546409,-11.091827621628804
s4800,1100.0,0.3621037193546409,-10.356654074980499
s4801,500.0,0.417731813425674,-17.2968283516586
s4802,700.0,0.417731813425674,-14.509313029198978
s4803,900.0,0.417731813425674,-13.011017500434562
s4804,1100.0,0.417731813425674,-11.993177460689434
s4805,500.0,0.3806827531396891,-16.859327697950814
s4806,700.0,0.3806827531396891,-14.600461825932395
s4807,900.0,0.3806827531396891,-13.080874785290089
s4808,1100.0,0.3806827531396891,-11.99677885463335
s4809,500.0,0.31637709948993264,-14.294318767027365
s4810,700.0,0.31637709948993264,-12.138121623317028
s4811,900.0,0.31637709948993264,-10.988973006303658
s4812,1100.0,0.31637709948993264,-10.303822208506732
s4813,500.0,0.23689517169257168,-12.393594237390898
s4814,700.0,0.23689517169257168,-10.721131610731806
s4815,900.0,0.23689517169257168,-9.898213179975837
s4816,1100.0,0.23689517169257168,-9.408437351213417
s4817,500.0,0.35741060385954676,-15.620704825975245
s4818,700.0,0.35741060385954676,-13.599015836660657
s4819,900.0,0.35741060385954676,-12.104584467212888
s4820,1100.0,0.35741060385954676,-11.052562472485539
s4821,500.0,0.27616046590692284,-13.299440932938628
s4822,700.0,0.27616046590692284,-11.457162489291013
s4823,900.0,0.27616046590692284,-10.456384170899344
s4824,1100.0,0.27616046590692284,-9.7986921872136
s4825,500.0,0.3781874076515245,-15.781650214106184
s4826,700.0,0.3781874076515245,-13.61787717873753
s4827,900.0,0.3781874076515245,-12.004887747413537
s4828,1100.0,0.3781874076515245,-10.975524561193321
s4829,500.0,0.3401476436014738,-14.93742402297086
s4830,700.0,0.3401476436014738,-12.951923130882914
s4831,900.0,0.3401476436014738,-11.523963432817423
s4832,1100.0,0.3401476436014738,-10.618140768003409
s4833,500.0,0.3516666819294103,-16.41539037757273
s4834,700.0,0.3516666819294103,-14.859019602960641
s4835,900.0,0.3516666819294103,-13.032731912996583
s4836,1100.0,0.3516666819294103,-11.941426617742499
s4837,500.0,0.242896935614744,-12.314012353881617
s4838,700.0,0.242896935614744,-10.73954307750396
s4839,900.0,0.242896935614744,-9.830489869399186
s4840,1100.0,0.242896935614744,-9.232184825284893
s4841,500.0,0.3774240518485728,-16.594730662496893
s4842,700.0,0.3774240518485728,-15.058659004853196
s4843,900.0,0.3774240518485728,-12.89497189481977
s4844,1100.0,0.3774240518485728,-11.85117591115837
s4845,500.0,0.42052760151476953,-15.9852458499899
s4846,700.0,0.42052760151476953,-13.36571637112786
s4847,900.0,0.42052760151476953,-11.618155399654794
s4848,1100.0,0.42052760151476953,-10.702586580569676
s4849,500.0,0.273683932721473,-13.489094887476044
s4850,700.0,0.273683932721473,-11.746474578838834
s4851,900.0,0.273683932721473,-10.673570219502912
s4852,1100.0,0.273683932721473,-10.030790829257139
s4853,500.0,0.36968158536527523,-16.48496587789935
s4854,700.0,0.36968158536527523,-14.399823581035244
s4855,900.0,0.36968158536527523,-12.928024992986801
s4856,1100.0,0.36968158536527523,-11.716583239487093
s4857,500.0,0.3407493847310192,-14.291708064737636
s4858,700.0,0.3407493847310192,-11.839817005287523
s4859,900.0,0.3407493847310192,-10.715931818148704
s4860,1100.0,0.3407493847310192,-9.983573016822431
s4861,500.0,0.2908441969693087,-13.907340977176903
s4862,700.0,0.2908441969693087,-11.978502967089359
s4863,900.0,0.2908441969693087,-10.928812733402621
s4864,1100.0,0.2908441969693087,-10.213425213500946
s4865,500.0,0.39828271621060224,-16.51671882324713
s4866,700.0,0.39828271621060224,-14.044016962978462
s4867,900.0,0.39828271621060224,-12.452325140698518
s4868,1100.0,0.39828271621060224,-11.47498417215863
s4869,500.0,0.24498647347416297,-12.698797509702642
s4870,700.0,0.24498647347416297,-11.127636873962185
s4871,900.0,0.24498647347416297,-10.161843206328617
s4872,1100.0,0.24498647347416297,-9.610696964074101
s4873,500.0,0.3546638942679008,-13.977999219536725
s4874,700.0,0.3546638942679008,-11.66070380498032
s4875,900.0,0.3546638942679008,-10.258157407979256
s4876,1100.0,0.3546638942679008,-9.527245589934497
s4877,500.0,0.38231873601707345,-15.3315058864371
s4878,700.0,0.38231873601707345,-12.634747714828462
s4879,900.0,0.38231873601707345,-11.284389722580777
s4880,1100.0,0.38231873601707345,-10.525211563792823
s4881,500.0,0.2698137994490893,-13.078638203681885
s4882,700.0,0.2698137994490893,-11.130339437763407
s4883,900.0,0.2698137994490893,-10.251948752613439
s4884,1100.0,0.2698137994490893,-9.663745783240442
s4885,500.0,0.35410346207408294,-17.040477566653248
s4886,700.0,0.35410346207408294,-15.142378421243226
s4887,900.0,0.35410346207408294,-13.717644626138972
s4888,1100.0,0.35410346207408294,-12.440890103272219
s4889,500.0,0.38593643941783806,-14.660450575839096
s4890,700.0,0.38593643941783806,-12.409360208537763
s4891,900.0,0.38593643941783806,-10.711720919649906
s4892,1100.0,0.38593643941783806,-9.801962536921252
s4893,500.0,0.30494894668678935,-16.744256618521096
s4894,700.0,0.30494894668678935,-15.497415099866679
s4895,900.0,0.30494894668678935,-13.836068420501688
s4896,1100.0,0.30494894668678935,-12.865793050360129
s4897,500.0,0.29532608432861157,-13.626712090707276
s4898,700.0,0.29532608432861157,-11.520290904371919
s4899,900.0,0.29532608432861157,-10.482800312429845
s4900,1100.0,0.29532608432861157,-9.920423584355083
s4901,500.0,0.3268110326944574,-14.00471925776434
s4902,700.0,0.3268110326944574,-11.864701944104821
s4903,900.0,0.3268110326944574,-10.61331049810127
s4904,1100.0,0.3268110326944574,-9.882691179464839
s4905,500.0,0.3236033089058727,-15.19073167726318
s4906,700.0,0.3236033089058727,-13.540072610591848
s4907,900.0,0.3236033089058727,-12.057207955712258
s4908,1100.0,0.3236033089058727,-11.053315985411352
s4909,500.0,0.36020487073882257,-17.051027212853555
s4910,700.0,0.36020487073882257,-14.843430556722751
s4911,900.0,0.36020487073882257,-13.280048521107675
s4912,1100.0,0.36020487073882257,-12.54824562560992
s4913,500.0,0.3673649263317289,-15.748620821400088
s4914,700.0,0.3673649263317289,-13.420957246937556
s4915,900.0,0.3673649263317289,-12.066962443874129
s4916,1100.0,0.3673649263317289,-11.054139822698135
s4917,500.0,0.3030973870343885,-13.817543561250814
s4918,700.0,0.3030973870343885,-11.805502945896185
s4919,900.0,0.3030973870343885,-10.690380518495969
s4920,1100.0,0.3030973870343885,-9.980548161571006
s4921,500.0,0.39181363563167987,-15.396102932565997
s4922,700.0,0.39181363563167987,-13.347123195015131
s4923,900.0,0.39181363563167987,-11.42812339083609
s4924,1100.0,0.39181363563167987,-10.475603529800345
s4925,500.0,0.3596210034140151,-17.204667215723795
s4926,700.0,0.3596210034140151,-14.461820569016789
s4927,900.0,0.3596210034140151,-13.709871280303622
s4928,1100.0,0.3596210034140151,-12.480590922260928
s4929,500.0,0.3289087598678812,-14.266933895450961
s4930,700.0,0.3289087598678812,-12.241768142126421
s4931,900.0,0.3289087598678812,-10.868072905344713
s4932,1100.0,0.3289087598678812,-10.12935182033037
s4933,500.0,0.32940689367199066,-15.75236629699634
s4934,700.0,0.32940689367199066,-14.014840023398014
s4935,900.0,0.32940689367199066,-12.403810568808442
s4936,1100.0,0.32940689367199066,-11.620376775936368
s4937,500.0,0.30698546630738804,-14.240275235585672
s4938,700.0,0.30698546630738804,-12.36706002561023
s4939,900.0,0.30698546630738804,-11.087651044164833
s4940,1100.0,0.30698546630738804,-10.370058004195977
s4941,500.0,0.3498627325947038,-14.635705104414535
s4942,700.0,0.3498627325947038,-12.111859722368797
s4943,900.0,0.3498627325947038,-10.948345238010697
s4944,1100.0,0.3498627325947038,-10.220252707488426
s4945,500.0,0.40094479149725887,-16.868514462862084
s4946,700.0,0.40094479149725887,-14.518226494054508
s4947,900.0,0.40094479149725887,-12.823579714067161
s4948,1100.0,0.40094479149725887,-11.787599169349834
s4949,500.0,0.35567526028995994,-14.984616087821438
s4950,700.0,0.35567526028995994,-12.743706867002977
s4951,900.0,0.35567526028995994,-11.310083194211904
s4952,1100.0,0.35567526028995994,-10.502343430261492
s4953,500.0,0.38933956876186615,-16.645262870932218
s4954,700.0,0.38933956876186615,-14.275032690806636
s4955,900.0,0.38933956876186615,-12.791511630384207
s4956,1100.0,0.38933956876186615,-11.657461618375017
s4957,500.0,0.3532435545210273,-15.76365567787638
s4958,700.0,0.3532435545210273,-13.894774409531706
s4959,900.0,0.3532435545210273,-12.353770815807332
s4960,1100.0,0.3532435545210273,-11.231553383923869
s4961,500.0,0.2590440152984015,-12.208659331392472
s4962,700.0,0.2590440152984015,-10.49099739594567
s4963,900.0,0.2590440152984015,-9.487325268907213
s4964,1100.0,0.2590440152984015,-8.956610767415318
s4965,500.0,0.3799331376826531,-16.269116664579506
s4966,700.0,0.3799331376826531,-14.123715273730179
s4967,900.0,0.3799331376826531,-12.580115270882994
s4968,1100.0,0.3799331376826531,-11.386667680884154
s4969,500.0,0.3252338743512265,-13.862566784925747
s4970,700.0,0.3252338743512265,-11.854016150201167
s4971,900.0,0.3252338743512265,-10.472962662155705
s4972,1100.0,0.3252338743512265,-9.786247089348134
s4973,500.0,0.2772710610599906,-13.223476174498574
s4974,700.0,0.2772710610599906,-11.228092992323141
s4975,900.0,0.2772710610599906,-10.286588764082735
s4976,1100.0,0.2772710610599906,-9.732964537597306
s4977,500.0,0.31442622668559966,-13.839951013430191
s4978,700.0,0.31442622668559966,-11.792800286861235
s4979,900.0,0.31442622668559966,-10.561491950185768
s4980,1100.0,0.31442622668559966,-9.884483512441584
s4981,500.0,0.35270096222976727,-15.08112268458461
s4982,700.0,0.35270096222976727,-12.637970088246885
s4983,900.0,0.35270096222976727,-11.400660265593263
s4984,1100.0,0.35270096222976727,-10.624272659325767
s4985,500.0,0.34811418816348394,-14.172876958592584
s4986,700.0,0.34811418816348394,-12.299269613848976
s4987,900.0,0.34811418816348394,-10.590007136003765
s4988,1100.0,0.34811418816348394,-9.825212005126605
s4989,500.0,0.36185981540743245,-14.979460458981203
s4990,700.0,0.36185981540743245,-12.872884329620437
s4991,900.0,0.36185981540743245,-11.285083269055251
s4992,1100.0,0.36185981540743245,-10.420227338864049
s4993,500.0,0.2920196531265291,-13.94290414440838
s4994,700.0,0.2920196531265291,-12.195117849816382
s4995,900.0,0.2920196531265291,-10.983325030759906
s4996,1100.0,0.2920196531265291,-10.244553700399273
s4997,500.0,0.40766631621965554,-16.251557993822423
s4998,700.0,0.40766631621965554,-13.809614643206945
s4999,900.0,0.40766631621965554,-12.125728812387592
s5000,1100.0,0.40766631621965554,-11.085060526510677
s5001,500.0,0.32923108879869456,-15.918286594136468
s5002,700.0,0.32923108879869456,-14.196623724327816
s5003,900.0,0.32923108879869456,-12.624829108514684
s5004,1100.0,0.32923108879869456,-11.761148582199082
s5005,500.0,0.29665558769188527,-13.09134443930487
s5006,700.0,0.29665558769188527,-11.0070348864001
s5007,900.0,0.29665558769188527,-9.96241783880892
s5008,1100.0,0.29665558769188527,-9.356852575384464
s5009,500.0,0.3825627143042739,-16.00080918871623
s5010,700.0,0.3825627143042739,-13.9404824701388
s5011,900.0,0.3825627143042739,-12.090234715226966
s5012,1100.0,0.3825627143042739,-11.207840605230357
s5013,500.0,0.30504482424055235,-15.042062759043672
s5014,700.0,0.30504482424055235,-13.443351428610823
s5015,900.0,0.30504482424055235,-12.083517895480066
s5016,1100.0,0.30504482424055235,-11.13828737465237
s5017,500.0,0.40900333804001954,-17.269630472647975
s5018,700.0,0.40900333804001954,-14.583685650418534
s5019,900.0,0.40900333804001954,-13.23999230924369
s5020,1100.0,0.40900333804001954,-11.990814659052337
s5021,500.0,0.29516258921473143,-16.096734428451466
s5022,700.0,0.29516258921473143,-15.6926514144503
s5023,900.0,0.29516258921473143,-13.486887172549983
s5024,1100.0,0.29516258921473143,-12.346731938804252
s5025,500.0,0.33025319745927145,-14.642002600758596
s5026,700.0,0.33025319745927145,-12.71114331377528
s5027,900.0,0.33025319745927145,-11.328714305100803
s5028,1100.0,0.33025319745927145,-10.447418189527031
s5029,500.0,0.28703340711425185,-13.373404313230182
s5030,700.0,0.28703340711425185,-11.687250174182912
s5031,900.0,0.28703340711425185,-10.58444108102582
s5032,1100.0,0.28703340711425185,-9.676318590285128
s5033,500.0,0.36033882923460225,-16.246139432461252
s5034,700.0,0.36033882923460225,-14.359104096628277
s5035,900.0,0.36033882923460225,-12.769180226839659
s5036,1100.0,0.36033882923460225,-11.625059640872337
s5037,500.0,0.2824408279489761,-13.334991236326655
s5038,700.0,0.2824408279489761,-11.42502577992283
s5039,900.0,0.2824408279489761,-10.438062948935196
s5040,1100.0,0.2824408279489761,-9.744875149951303
s5041,500.0,0.3068216537508781,-15.497362000113686
s5042,700.0,0.3068216537508781,-13.803481355213009
s5043,900.0,0.3068216537508781,-12.470477436313773
s5044,1100.0,0.3068216537508781,-11.586590341280695
s5045,500.0,0.303179727950656,-14.875388125572753
s5046,700.0,0.303179727950656,-13.134470399549958
s5047,900.0,0.303179727950656,-11.806694709043551
s5048,1100.0,0.303179727950656,-11.044277933556277
s5049,500.0,0.3438402051453578,-14.523813833629081
s5050,700.0,0.3438402051453578,-12.446814166677482
s5051,900.0,0.3438402051453578,-10.997957479665383
s5052,1100.0,0.3438402051453578,-10.189143748593702
s5053,500.0,0.30022696125971515,-12.880345155708726
s5054,700.0,0.30022696125971515,-10.768230840376182
s5055,900.0,0.30022696125971515,-9.684049509621083
s5056,1100.0,0.30022696125971515,-9.116955482841956
s5057,500.0,0.23281140098927275,-12.272411452854207
s5058,700.0,0.23281140098927275,-10.715842277619645
s5059,900.0,0.23281140098927275,-9.867178715628963
s5060,1100.0,0.23281140098927275,-9.325351967159127
s5061,500.0,0.41137369809028596,-17.23881532648382
s5062,700.0,0.41137369809028596,-14.853470705286668
s5063,900.0,0.41137369809028596,-13.18365292996793
s5064,1100.0,0.41137369809028596,-11.97692660394005
s5065,500.0,0.38336421771572127,-15.0148138233626
s5066,700.0,0.38336421771572127,-12.667296132557897
s5067,900.0,0.38336421771572127,-11.021266314006562
s5068,1100.0,0.38336421771572127,-10.211801954187145
s5069,500.0,0.29605938060135084,-16.677457147033202
s5070,700.0,0.29605938060135084,-15.066314470306054
s5071,900.0,0.29605938060135084,-13.641831892130561
s5072,1100.0,0.29605938060135084,-12.970957126588118
s5073,500.0,0.31169858877224654,-14.372545229854131
s5074,700.0,0.31169858877224654,-12.438427909581618
s5075,900.0,0.31169858877224654,-11.196656686232203
s5076,1100.0,0.31169858877224654,-10.42427028947139
s5077,500.0,0.401338177887978,-16.577263149718306
s5078,700.0,0.401338177887978,-14.07141234328254
s5079,900.0,0.401338177887978,-12.53142948779548
s5080,1100.0,0.401338177887978,-11.467210000346286
s5081,500.0,0.25675520233512544,-13.048459457269297
s5082,700.0,0.25675520233512544,-11.261780702386957
s5083,900.0,0.25675520233512544,-10.377244757875648
s5084,1100.0,0.25675520233512544,-9.798361631457666
s5085,500.0,0.30905894004234397,-14.423677963948617
s5086,700.0,0.30905894004234397,-12.384270954707027
s5087,900.0,0.30905894004234397,-11.241875804886252
s5088,1100.0,0.30905894004234397,-10.509195989617751
s5089,500.0,0.3420911066093478,-16.082126463623727
s5090,700.0,0.3420911066093478,-13.968629092960196
s5091,900.0,0.3420911066093478,-12.676100954633762
s5092,1100.0,0.3420911066093478,-11.706147913209774
s5093,500.0,0.3249244316245188,-16.242065407316456
s5094,700.0,0.3249244316245188,-14.863620985242656
s5095,900.0,0.3249244316245188,-12.944989189960559
s5096,1100.0,0.3249244316245188,-12.212166398932695
s5097,500.0,0.32761388917911477,-16.559885364453592
s5098,700.0,0.32761388917911477,-14.423608933769414
s5099,900.0,0.32761388917911477,-13.230077204312428
s5100,1100.0,0.32761388917911477,-12.390296989021719
s5101,500.0,0.3449736690962735,-14.593969640300118
s5102,700.0,0.3449736690962735,-12.548050854710468
s5103,900.0,0.3449736690962735,-11.006864830442952
s5104,1100.0,0.3449736690962735,-10.278066160655642
s5105,500.0,0.34240056106236183,-14.722256371593634
s5106,700.0,0.34240056106236183,-12.293106140369598
s5107,900.0,0.34240056106236183,-11.063310227103806
s5108,1100.0,0.34240056106236183,-10.434803392419843
s5109,500.0,0.28857193868317677,-13.453348590312926
s5110,700.0,0.28857193868317677,-11.586991665363712
s5111,900.0,0.28857193868317677,-10.444411785539893
s5112,1100.0,0.28857193868317677,-9.824983224598528
s5113,500.0,0.2709275779372218,-12.689102065956583
s5114,700.0,0.2709275779372218,-10.844164828308836
s5115,900.0,0.2709275779372218,-9.917910557915263
s5116,1100.0,0.2709275779372218,-9.239213878043303
s5117,500.0,0.2920736006561127,-13.946802636415995
s5118,700.0,0.2920736006561127,-11.933048565652166
s5119,900.0,0.2920736006561127,-10.910880531587381
s5120,1100.0,0.2920736006561127,-10.250854569174058
s5121,500.0,0.3450822832719564,-15.585746334624849
s5122,700.0,0.3450822832719564,-13.453694332967203
s5123,900.0,0.3450822832719564,-12.123211717180112
s5124,1100.0,0.3450822832719564,-11.186304943473365
s5125,500.0,0.2441001209002927,-12.423110048173568
s5126,700.0,0.2441001209002927,-10.759283715518167
s5127,900.0,0.2441001209002927,-9.862076698692452
s5128,1100.0,0.2441001209002927,-9.35020356999273
s5129,500.0,0.3279507977700284,-14.814689617156425
s5130,700.0,0.3279507977700284,-12.56015687229694
s5131,900.0,0.3279507977700284,-11.434222506881408
s5132,1100.0,0.3279507977700284,-10.649985648866654
s5133,500.0,0.37710802273402483,-17.30690646532174
s5134,700.0,0.37710802273402483,-15.311351342805477
s5135,900.0,0.37710802273402483,-13.826807145229905
s5136,1100.0,0.37710802273402483,-12.379816924350289
s5137,500.0,0.27040680473475204,-12.82981706975177
s5138,700.0,0.27040680473475204,-11.014088172984101
s5139,900.0,0.27040680473475204,-10.048082106919205
s5140,1100.0,0.27040680473475204,-9.39911392895382
s5141,500.0,0.3431818929641325,-14.064254013045161
s5142,700.0,0.3431818929641325,-11.544698691253796
s5143,900.0,0.3431818929641325,-10.419308544158019
s5144,1100.0,0.3431818929641325,-9.742200294427725
s5145,500.0,0.3749834411006227,-15.827048635445069
s5146,700.0,0.3749834411006227,-13.662190302844648
s5147,900.0,0.3749834411006227,-12.0862161818608
s5148,1100.0,0.3749834411006227,-11.05661574632281
s5149,500.0,0.31726025322902984,-13.759655037768265
s5150,700.0,0.31726025322902984,-11.806635763256448
s5151,900.0,0.31726025322902984,-10.526027524775422
s5152,1100.0,0.31726025322902984,-9.743810972538057
s5153,500.0,0.3780792869687283,-15.736889407957902
s5154,700.0,0.3780792869687283,-13.362923551367416
s5155,900.0,0.3780792869687283,-11.89960659545284
s5156,1100.0,0.3780792869687283,-10.935389666869805
s5157,500.0,0.35055145164443774,-15.74249493608011
s5158,700.0,0.35055145164443774,-13.705116399185506
s5159,900.0,0.35055145164443774,-12.304104493087035
s5160,1100.0,0.35055145164443774,-11.248357928690552
s5161,500.0,0.29527511774807086,-15.715579696210497
s5162,700.0,0.29527511774807086,-14.375468957944944
s5163,900.0,0.29527511774807086,-12.806397606254253
s5164,1100.0,0.29527511774807086,-11.992367115936936
s5165,500.0,0.37902418602040155,-16.52996856196936
s5166,700.0,0.37902418602040155,-14.675010932655315
s5167,900.0,0.37902418602040155,-12.950299503619702
s5168,1100.0,0.37902418602040155,-11.645302677212909
s5169,500.0,0.28795960440944135,-12.93999470463011
s5170,700.0,0.28795960440944135,-10.90482129583965
s5171,900.0,0.28795960440944135,-9.900718686867172
s5172,1100.0,0.28795960440944135,-9.314367537990407
s5173,500.0,0.36877568319552784,-16.00408178700126
s5174,700.0,0.36877568319552784,-13.958067842268989
s5175,900.0,0.36877568319552784,-12.327909015334429
s5176,1100.0,0.36877568319552784,-11.323268874026228
s5177,500.0,0.3137020296133569,-14.512072432133063
s5178,700.0,0.3137020296133569,-12.572592041936641
s5179,900.0,0.3137020296133569,-11.288053469438221
s5180,1100.0,0.3137020296133569,-10.554814815833705
s5181,500.0,0.33714216635648775,-14.742188676300062
s5182,700.0,0.33714216635648775,-13.088732139105142
s5183,900.0,0.33714216635648775,-11.418782156603504
s5184,1100.0,0.33714216635648775,-10.47395378688882
s5185,500.0,0.41993053472837616,-16.92391777453637
s5186,700.0,0.41993053472837616,-14.400452149939838
s5187,900.0,0.41993053472837616,-12.701707702229593
s5188,1100.0,0.41993053472837616,-11.585438907438515
s5189,500.0,0.24773365071329656,-12.62222278544986
s5190,700.0,0.24773365071329656,-10.879285539048965
s5191,900.0,0.24773365071329656,-10.00444700591433
s5192,1100.0,0.24773365071329656,-9.50593190559088
s5193,500.0,0.2835843900931124,-13.903586371809993
s5194,700.0,0.2835843900931124,-12.180949158179416
s5195,900.0,0.2835843900931124,-11.012530593575688
s5196,1100.0,0.2835843900931124,-10.317756462009118
s5197,500.0,0.3266222596623769,-15.50923503416042
s5198,700.0,0.3266222596623769,-13.541556425643712
s5199,900.0,0.3266222596623769,-12.195504185772663
s5200,1100.0,0.3266222596623769,-11.37269499639038
s5201,500.0,0.29786234563373754,-13.933504470297224
s5202,700.0,0.29786234563373754,-11.955597233466994
s5203,900.0,0.29786234563373754,-10.820637292747408
s5204,1100.0,0.29786234563373754,-10.184698551407186
s5205,500.0,0.28759554210528293,-13.223208798319208
s5206,700.0,0.28759554210528293,-11.27895720256431
s5207,900.0,0.28759554210528293,-10.232666351364976
s5208,1100.0,0.28759554210528293,-9.590232321907019
