# c0 + a0 * (face-area-avg * NBI) + a1 * (Al + O) + a2 * (O + E_T)
# Property Label: $ln_{D}$; Unit of the Property: Unitless
# RMSE: 0.357854112038479; Max AE: 1.50160209782706
# Coefficients
# Task   a0                      a1                      a2                      c0
# all ,  1.469851661171671e+00, -2.745211996193482e+00, -7.516376199737155e-01, -1.187256912695403e+01, 
# Feature Rung, Units, and Expressions
# 0;  1; A^2;                                              32|4|mult; (face-area-avg * NBI); $\left(face-area-avg NBI\right)$; (face_sub_area_sub_avg .* NBI); (newdata$face_sub_area_sub_avg * newdata$NBI); face-area-avg,NBI
# 1;  1; Unitless;                                         14|11|add; (Al + O); $\left(Al + O\right)$; (Al + O); (newdata$Al + newdata$O); Al,O
# 2;  1; Unitless;                                         11|0|add; (O + E_T); $\left(O + E_{T}\right)$; (O + E_T); (newdata$O + newdata$E_T); O,E_T
# Number of Samples Per Task
# Task, n_samples               
# all , 1041                  

# Sample ID , Property Value        ,  Property Value (EST) ,  Feature 0 Value      ,  Feature 1 Value      ,  Feature 2 Value      
s1          , -2.244947812336508e+01, -2.225537983154573e+01,  1.660432714970475e+00,  6.313868613138686e-01,  1.475459637507883e+01
s2          , -2.298888400764099e+01, -2.315737848711515e+01,  1.842957536640521e+00,  4.679245283018868e-01,  1.690858891402743e+01
s3          , -1.755271246623431e+01, -1.776270555993877e+01,  1.628232197721003e+00,  1.086956521739130e-01,  1.062347521346189e+01
s4          , -1.917258847351942e+01, -1.923581157783441e+01,  1.413999803031212e+00,  0.000000000000000e+00,  1.256138883866988e+01
s5          , -2.000094091703784e+01, -2.027762084154236e+01,  2.077113866404631e+00,  4.076923076923077e-01,  1.375516458063223e+01
s6          , -2.179532463031582e+01, -2.154112745156518e+01,  1.655850464338555e+00,  6.183206106870229e-01,  1.384309598910606e+01
s7          , -2.156980503382011e+01, -2.155791688113436e+01,  1.339741822628910e+00,  6.607929515418502e-01,  1.309215039088110e+01
s8          , -2.070680399014268e+01, -2.123740816012429e+01,  1.384535157538542e+00,  0.000000000000000e+00,  1.516675061424882e+01
s9          , -2.311678210871720e+01, -2.270452849323124e+01,  1.454078534450046e+00,  4.682926829268293e-01,  1.554429437036547e+01
s10         , -1.955558688693647e+01, -1.904353648529768e+01,  1.374357162371461e+00,  0.000000000000000e+00,  1.222805813900046e+01
s11         , -1.929232032084748e+01, -1.921898114355879e+01,  1.790405521536620e+00,  0.000000000000000e+00,  1.327507070089868e+01
s12         , -1.972420304545977e+01, -1.982309488216515e+01,  1.125751364005481e+00,  3.947368421052632e-01,  1.133734758203288e+01
s13         , -1.649771434553038e+01, -1.683870465023821e+01,  1.462384880182284e+00,  0.000000000000000e+00,  9.466828401885049e+00
s14         , -1.814284237715737e+01, -1.832151331061628e+01,  1.755858365037857e+00,  0.000000000000000e+00,  1.201349596978806e+01
s15         , -2.140988745272463e+01, -2.082639128274299e+01,  1.416908432067751e+00,  0.000000000000000e+00,  1.468322909220248e+01
s16         , -2.271802967642396e+01, -2.236833738737706e+01,  1.446645507384460e+00,  5.575221238938053e-01,  1.475658727713754e+01
s17         , -1.845283706311921e+01, -1.814265889385793e+01,  1.578135580535591e+00,  0.000000000000000e+00,  1.142800033320397e+01
s18         , -2.106370881996578e+01, -2.190665409669298e+01,  1.455968026761632e+00,  4.897119341563786e-01,  1.440824491533685e+01
s19         , -2.166440903696862e+01, -2.154433920125187e+01,  1.370620603847707e+00,  3.059360730593607e-01,  1.443051728603995e+01
s20         , -1.957524373940041e+01, -1.975924706677243e+01,  1.432970630968773e+00,  3.952569169960474e-02,  1.315052032586146e+01
s21         , -2.230012329283520e+01, -2.304052487000600e+01,  1.233888545628355e+00,  5.212765957446809e-01,  1.536721127393174e+01
s22         , -1.709175230426198e+01, -1.681392199358655e+01,  1.699146067991030e+00,  0.000000000000000e+00,  9.896851008472128e+00
s23         , -2.271630669020732e+01, -2.254797707796735e+01,  1.635415142959953e+00,  3.166666666666667e-01,  1.624440842103852e+01
s24         , -1.997593461761007e+01, -1.994266870644574e+01,  1.886721721783722e+00,  3.472803347280335e-01,  1.315785989508156e+01
s25         , -2.228124530569044e+01, -2.258822851252867e+01,  1.193161794081806e+00,  5.141242937853108e-01,  1.471194330614414e+01
s26         , -1.806502239865187e+01, -1.862603114457114e+01,  1.611667478409427e+00,  1.673469387755102e-01,  1.152546264842853e+01
s27         , -2.017409009594002e+01, -2.003898681066043e+01,  1.415580795183935e+00,  1.052631578947368e-01,  1.324859416106476e+01
s28         , -1.658938425028538e+01, -1.696737184870495e+01,  1.812942075774120e+00,  5.862068965517241e-02,  1.010943601151142e+01
s29         , -2.262132344831001e+01, -2.299553670004732e+01,  1.247707485511527e+00,  4.293785310734464e-01,  1.567002114573491e+01
s30         , -1.697997334312175e+01, -1.714745747872831e+01,  1.539591798411165e+00,  0.000000000000000e+00,  1.002858254282004e+01
s31         , -1.964904728113367e+01, -1.970467766196918e+01,  1.246696340172717e+00,  2.842105263157895e-01,  1.181998989834859e+01
s32         , -2.151059652715050e+01, -2.082853795921010e+01,  1.537511330415470e+00,  0.000000000000000e+00,  1.492192795742413e+01
s33         , -2.289264810431292e+01, -2.356394141256982e+01,  1.219267775433423e+00,  4.126984126984127e-01,  1.643154904597763e+01
s34         , -2.302504917991390e+01, -2.254443899625563e+01,  1.155029411685037e+00,  7.954545454545454e-02,  1.616633110132655e+01
s35         , -2.244061385591441e+01, -2.223633858882784e+01,  1.318273301947079e+00,  5.145631067961165e-01,  1.448683589230736e+01
s36         , -2.239655424600443e+01, -2.197425631576464e+01,  2.070246654300221e+00,  6.102236421725240e-01,  1.525928067599527e+01
s37         , -2.226102540809307e+01, -2.219567395216155e+01,  1.908723577167332e+00,  5.389830508474577e-01,  1.549818995129651e+01
s38         , -2.102436377352775e+01, -2.098864513227691e+01,  1.290785968367835e+00,  3.099415204678362e-01,  1.352045780437927e+01
s39         , -2.141661104833067e+01, -2.118262491457033e+01,  1.130932722897776e+00,  8.161434977578476e-01,  1.161713035157313e+01
s40         , -1.990275935468409e+01, -1.960017586111372e+01,  1.093427256798908e+00,  1.702127659574468e-01,  1.179759001050850e+01
s41         , -1.952311408648237e+01, -1.949489242625274e+01,  1.220807462134222e+00,  2.189054726368159e-01,  1.172877329673941e+01
s42         , -1.862175379272403e+01, -1.952768172908164e+01,  1.409715127280063e+00,  6.521739130434782e-02,  1.270312834940833e+01
s43         , -2.257821044890805e+01, -2.270906705138501e+01,  1.178284117013246e+00,  7.235023041474655e-01,  1.407890359041090e+01
s44         , -1.984867902879579e+01, -1.947432878693094e+01,  1.416696907152893e+00,  0.000000000000000e+00,  1.288399317036714e+01
s45         , -1.928264199244582e+01, -1.922959328226974e+01,  1.441512710700584e+00,  3.030303030303030e-02,  1.249624222608577e+01
s46         , -2.007096062658339e+01, -2.043768915416869e+01,  1.430754428927658e+00,  1.098039215686274e-01,  1.379212732718986e+01
s47         , -1.842882744186564e+01, -1.826753573486815e+01,  1.711270045614193e+00,  0.000000000000000e+00,  1.185448877277465e+01
s48         , -1.712958329507449e+01, -1.696271366637950e+01,  1.895603685301087e+00,  0.000000000000000e+00,  1.047898688927233e+01
s49         , -2.142142340445580e+01, -2.171891732494148e+01,  1.986319486485153e+00,  3.359683794466403e-01,  1.575711280873738e+01
s50         , -2.022197746600499e+01, -2.042488503711812e+01,  1.363737781589507e+00,  0.000000000000000e+00,  1.404507687388660e+01
s51         , -2.208446385448407e+01, -2.234929849881736e+01,  1.328108701574737e+00,  4.070351758793970e-01,  1.504907950960228e+01
s52         , -2.030062191637932e+01, -1.985220955566596e+01,  2.352433566079670e+00,  4.397759103641457e-01,  1.361040272199163e+01
s53         , -1.881589086732163e+01, -1.879127853998109e+01,  1.538978030575507e+00,  6.188524590163935e-01,  9.954128737823392e+00
s54         , -2.389190768082197e+01, -2.412959963342146e+01,  1.315450728713002e+00,  3.333333333333333e-01,  1.766207135869826e+01
s55         , -1.989931101552115e+01, -2.013932417854102e+01,  1.341451810990605e+00,  9.016393442622951e-02,  1.329227122811093e+01
s56         , -2.293632659980805e+01, -2.309083523674682e+01,  1.304119965200111e+00,  5.108695652173912e-01,  1.560949510283250e+01
s57         , -2.165250835772914e+01, -2.144553815434043e+01,  1.353488049179539e+00,  3.983050847457627e-01,  1.392820623909980e+01
s58         , -2.493828100106786e+01, -2.515677711799479e+01,  1.265565646516028e+00,  5.333333333333333e-01,  1.820064394160582e+01
s59         , -2.019609135900962e+01, -1.979943259740614e+01,  1.229439940643923e+00,  0.000000000000000e+00,  1.295033344640037e+01
s60         , -1.686951544328429e+01, -1.728561569803156e+01,  1.781088992541790e+00,  5.594405594405594e-02,  1.048032280800659e+01
s61         , -1.698686520707895e+01, -1.780788817836914e+01,  1.568829356648908e+00,  4.620462046204620e-02,  1.079565976127190e+01
s62         , -1.961666852236879e+01, -1.947173769479315e+01,  1.477185102220322e+00,  0.000000000000000e+00,  1.299883252854930e+01
s63         , -2.363642228074260e+01, -2.310372076947021e+01,  1.533976794777927e+00,  4.528301886792453e-01,  1.628810851264553e+01
s64         , -2.123215125329894e+01, -2.126022659881958e+01,  1.268463771228304e+00,  5.051546391752577e-01,  1.312514729915971e+01
s65         , -2.229595939650926e+01, -2.207453168005551e+01,  1.387683958927131e+00,  4.868421052631579e-01,  1.450854380874742e+01
s66         , -2.209517036440609e+01, -2.155073415832116e+01,  1.719530387368552e+00,  2.906403940886699e-01,  1.517719420649046e+01
s67         , -2.100952424313996e+01, -2.067472659698161e+01,  1.609145707489228e+00,  5.231316725978647e-01,  1.294673837424978e+01
s68         , -2.306714632630091e+01, -2.278134532056865e+01,  1.510460140026162e+00,  3.492063492063492e-01,  1.619168966157265e+01
s69         , -2.116954741071400e+01, -2.100782887346853e+01,  1.563943807113282e+00,  3.794466403162055e-01,  1.382629528419714e+01
s70         , -2.268552320802911e+01, -2.173014532256089e+01,  1.550210092672442e+00,  5.254237288135594e-01,  1.422727557521243e+01
s71         , -1.844586653395837e+01, -1.934525116453773e+01,  1.492291713042725e+00,  0.000000000000000e+00,  1.286009272831540e+01
s72         , -2.185924535832699e+01, -2.150554783170356e+01,  1.467638283665876e+00,  4.893617021276596e-01,  1.389870248804440e+01
s73         , -1.814705961150877e+01, -1.789350669926171e+01,  1.584107951781775e+00,  0.000000000000000e+00,  1.110820035458225e+01
s74         , -2.269683109870329e+01, -2.340203786525526e+01,  1.208603042076396e+00,  4.382022471910113e-01,  1.610214489007334e+01
s75         , -2.162544692540680e+01, -2.192073205833324e+01,  1.173803916837161e+00,  5.637254901960784e-01,  1.360487330389796e+01
s76         , -1.799713371423827e+01, -1.841542241173472e+01,  1.623327695339069e+00,  0.000000000000000e+00,  1.187926729201374e+01
s77         , -1.808839931225978e+01, -1.766062563871514e+01,  1.562100295942256e+00,  0.000000000000000e+00,  1.075533210664907e+01
s78         , -1.710463489071706e+01, -1.727568458496508e+01,  1.604721183846631e+00,  0.000000000000000e+00,  1.032654213885252e+01
s79         , -2.130172009097587e+01, -2.098283782017158e+01,  1.850591865672478e+00,  4.448398576512456e-01,  1.411475985979630e+01
s80         , -2.075517304342145e+01, -2.073852313802226e+01,  1.184921474925062e+00,  2.000000000000000e-02,  1.403962267054964e+01
s81         , -1.679587307458704e+01, -1.698663789302812e+01,  1.572972969850351e+00,  0.000000000000000e+00,  9.879901566191508e+00
s82         , -1.961963418382102e+01, -1.934591701593048e+01,  1.381780787842131e+00,  1.015228426395939e-02,  1.260779164185863e+01
s83         , -1.732943596118787e+01, -1.714720233296730e+01,  1.797431642277934e+00,  0.000000000000000e+00,  1.053245723854915e+01
s84         , -2.091958911511147e+01, -2.172085844615586e+01,  1.530031373701195e+00,  1.349480968858132e-01,  1.560159713860114e+01
s85         , -1.931803893900067e+01, -1.916381152668885e+01,  1.410001528606053e+00,  1.731601731601732e-01,  1.182534491088885e+01
s86         , -2.124992178205270e+01, -2.128852419485284e+01,  1.183841285111102e+00,  5.963302752293578e-01,  1.266431172306523e+01
s87         , -2.000999990609716e+01, -2.001449058016313e+01,  1.283246915434545e+00,  1.026785714285714e-01,  1.296666020769036e+01
s88         , -1.933594922663024e+01, -1.921982989301585e+01,  1.533935935900182e+00,  0.000000000000000e+00,  1.277466533661714e+01
s89         , -2.128477820873118e+01, -2.120401037858553e+01,  1.750631268719276e+00,  5.180722891566265e-01,  1.394607053773596e+01
s90         , -2.009844325702736e+01, -2.024358424170614e+01,  1.633142061317581e+00,  1.841004184100418e-01,  1.365830652508399e+01
s91         , -2.185233402642529e+01, -2.200274098690231e+01,  1.299106805488023e+00,  4.791666666666667e-01,  1.426784901333161e+01
s92         , -1.852873985612102e+01, -1.881490919096152e+01,  1.485550637777056e+00,  2.280701754385965e-01,  1.130834584278522e+01
s93         , -2.244477787769646e+01, -2.266054726887733e+01,  1.283256016705788e+00,  5.462555066079295e-01,  1.486698731291654e+01
s94         , -2.069748145715988e+01, -2.056094727767808e+01,  1.328825270404256e+00,  1.850000000000000e-01,  1.348214843596203e+01
s95         , -1.839144268754908e+01, -1.816761416561428e+01,  1.613311005222207e+00,  0.000000000000000e+00,  1.152998821423509e+01
s96         , -2.061908691885885e+01, -2.039926550690385e+01,  1.283464075583211e+00,  0.000000000000000e+00,  1.385401409772986e+01
s97         , -2.336181657728519e+01, -2.298084247503859e+01,  1.616993215243620e+00,  2.982456140350877e-01,  1.685155949830643e+01
s98         , -1.913590175727989e+01, -1.912053566313837e+01,  1.302121860562425e+00,  2.572815533980582e-01,  1.124957011796191e+01
s99         , -1.764848235022367e+01, -1.841620146065289e+01,  1.709357362331863e+00,  2.173913043478261e-01,  1.125455758320133e+01
s100        , -2.003395952271198e+01, -2.008651365643890e+01,  1.047698441036073e+00,  2.574257425742574e-01,  1.203667478368263e+01
s101        , -2.047737186068138e+01, -1.996128847699518e+01,  1.854688760696635e+00,  3.973509933774834e-01,  1.293711721418137e+01
s102        , -1.813404261594337e+01, -1.892325521969998e+01,  1.676534158138949e+00,  1.861313868613139e-01,  1.197914028615624e+01
s103        , -2.094885731266024e+01, -2.030261544447002e+01,  1.368924418831413e+00,  1.666666666666667e-01,  1.328383059938385e+01
s104        , -1.695125455205811e+01, -1.688033222508565e+01,  1.761941369450138e+00,  1.034482758620690e-01,  9.730178352806050e+00
s105        , -2.089913046364001e+01, -2.162032960533533e+01,  1.556445098985682e+00,  4.801762114537445e-01,  1.425862425174133e+01
s106        , -2.193421435204462e+01, -2.190393809923088e+01,  1.272109208153499e+00,  4.384236453201971e-01,  1.423241023366987e+01
s107        , -1.938858975045087e+01, -1.940199855993705e+01,  1.614965131752559e+00,  0.000000000000000e+00,  1.317548290753482e+01
s108        , -2.184761912256448e+01, -2.204767199181755e+01,  1.284293911655409e+00,  5.377358490566038e-01,  1.408474671757332e+01
s109        , -1.765266017099491e+01, -1.836793189616446e+01,  1.575143120100476e+00,  0.000000000000000e+00,  1.172185806929322e+01
s110        , -2.222643790681205e+01, -2.171074048040891e+01,  2.159347290614946e+00,  5.243902439024390e-01,  1.539642090794856e+01
s111        , -2.198367498730207e+01, -2.160347759788962e+01,  1.353917524138540e+00,  4.264705882352941e-01,  1.403630411474320e+01
s112        , -2.341727175416096e+01, -2.345071471612846e+01,  1.081859075098687e+00,  7.101449275362318e-01,  1.492583563625486e+01
s113        , -2.064750776227555e+01, -2.048088511699651e+01,  1.202337648778142e+00,  2.769230769230769e-01,  1.279254945745329e+01
s114        , -2.335281852671257e+01, -2.342012758265769e+01,  1.338987647650530e+00,  5.594713656387665e-01,  1.593827111771199e+01
s115        , -2.467653405274963e+01, -2.497980681916336e+01,  1.377304223715763e+00,  4.511627906976744e-01,  1.848381815774889e+01
s116        , -2.119630992652875e+01, -2.184201516361654e+01,  1.281792577994294e+00,  8.418803418803418e-01,  1.269541427842483e+01
s117        , -1.681518237222159e+01, -1.719290866953769e+01,  1.603214910770759e+00,  2.380952380952381e-02,  1.012650943718846e+01
s118        , -1.725426000439147e+01, -1.718993344985164e+01,  1.718464584947069e+00,  0.000000000000000e+00,  1.043488529488588e+01
s119        , -2.026224064054247e+01, -2.082809522615542e+01,  1.904653656040649e+00,  5.693950177935944e-01,  1.355969171211263e+01
s120        , -2.061376236446881e+01, -2.053840990231476e+01,  1.186434476697549e+00,  2.972972972972973e-01,  1.276356997028038e+01
s121        , -2.090204853596659e+01, -2.095414690712560e+01,  1.531183326977544e+00,  3.575129533678756e-01,  1.377091967385798e+01
s122        , -1.679179791839329e+01, -1.679817595254333e+01,  1.843329934666251e+00,  0.000000000000000e+00,  1.015785824080087e+01
s123        , -1.729435756680531e+01, -1.763615927458795e+01,  1.774914503100170e+00,  1.227436823104693e-01,  1.069064870595319e+01
s124        , -1.927065840811719e+01, -1.945212385616544e+01,  1.753580007416152e+00,  3.399014778325123e-01,  1.227181204948513e+01
s125        , -2.074667074869674e+01, -2.071906578456097e+01,  1.475191020163711e+00,  0.000000000000000e+00,  1.465441369143456e+01
s126        , -1.981090987888966e+01, -2.002097801999379e+01,  1.238498392762251e+00,  1.880341880341880e-01,  1.257603910863909e+01
s127        , -1.791042209268825e+01, -1.830244249525212e+01,  1.638914733730668e+00,  2.179487179487180e-01,  1.096342074710310e+01
s128        , -2.199486439730610e+01, -2.209080710594939e+01,  1.313913183058910e+00,  5.400000000000000e-01,  1.419178696268343e+01
s129        , -1.847106084369403e+01, -1.816879762896285e+01,  1.464026415161282e+00,  0.000000000000000e+00,  1.123963188621170e+01
s130        , -2.183307419908922e+01, -2.159358226787707e+01,  1.092913478867995e+00,  8.056872037914692e-01,  1.212772141001261e+01
s131        , -1.937195493711046e+01, -1.923067038549053e+01,  1.391420761687378e+00,  0.000000000000000e+00,  1.251039480543867e+01
s132        , -1.756898825137140e+01, -1.782825165596572e+01,  1.471619994174709e+00,  3.292181069958848e-02,  1.068116876943261e+01
s133        , -1.952720456066259e+01, -1.945359912121662e+01,  1.402966415128444e+00,  1.371681415929203e-01,  1.232858313110352e+01
s134        , -1.792604080418195e+01, -1.759359012609152e+01,  1.785200165183771e+00,  0.000000000000000e+00,  1.110242516566509e+01
s135        , -2.163690184151209e+01, -2.209399840721336e+01,  1.780875949719937e+00,  5.444015444015444e-01,  1.509311774902272e+01
s136        , -2.266590946104735e+01, -2.232931893704427e+01,  1.523694148349494e+00,  4.179894179894180e-01,  1.536496353258194e+01
s137        , -1.871948299194560e+01, -1.897149037078465e+01,  1.239230498817749e+00,  2.890995260663507e-01,  1.081208091250872e+01
s138        , -2.098569970792443e+01, -2.086363145891163e+01,  1.739415271524908e+00,  4.310344827586207e-01,  1.378917639300211e+01
s139        , -1.946420871832499e+01, -1.926673519897318e+01,  1.386936561190654e+00,  0.000000000000000e+00,  1.254960745678858e+01
s140        , -1.890485827097119e+01, -1.907142339432018e+01,  1.685059527456042e+00,  0.000000000000000e+00,  1.287274819122136e+01
s141        , -2.048387804329865e+01, -2.055577151857515e+01,  1.980197588425710e+00,  3.573883161512028e-01,  1.411942687752941e+01
s142        , -1.712146112463541e+01, -1.727108762638325e+01,  1.765601605454591e+00,  0.000000000000000e+00,  1.063503307944266e+01
s143        , -2.146398341435241e+01, -2.175325774771395e+01,  1.156613163882642e+00,  5.169082125603864e-01,  1.351943477141218e+01
s144        , -2.296743054539722e+01, -2.271784265174837e+01,  1.109068329193175e+00,  7.797356828193833e-01,  1.374984357600055e+01
s145        , -2.169591974109321e+01, -2.144885047881003e+01,  1.411203564500036e+00,  2.060301507537688e-01,  1.474772486021735e+01
s146        , -2.268369172314783e+01, -2.261263565658410e+01,  1.294956135265154e+00,  4.953703703703703e-01,  1.501197248920169e+01
s147        , -2.121406114253308e+01, -2.138689718334012e+01,  1.545821374509779e+00,  3.417085427135679e-01,  1.443301065918475e+01
s148        , -2.139826235530006e+01, -2.106475226357463e+01,  1.467113979217578e+00,  3.574297188755020e-01,  1.379308649347700e+01
s149        , -1.818204101397333e+01, -1.814836645308648e+01,  1.366408244342221e+00,  0.000000000000000e+00,  1.102155418219650e+01
s150        , -2.236615053154114e+01, -2.191238322907115e+01,  1.440818594170181e+00,  5.638766519823789e-01,  1.411536952764653e+01
s151        , -2.007280490017163e+01, -1.973714706319149e+01,  1.335504939811448e+00,  5.263157894736842e-02,  1.288265380989843e+01
s152        , -2.043501428229088e+01, -2.036370181708998e+01,  1.404862491663033e+00,  0.000000000000000e+00,  1.404409768312792e+01
s153        , -2.294208833005412e+01, -2.286845605581643e+01,  1.518711797021223e+00,  6.093750000000000e-01,  1.537350462418146e+01
s154        , -1.941555486932839e+01, -1.925062442751774e+01,  1.549365058099917e+00,  0.000000000000000e+00,  1.284580740558312e+01
s155        , -2.030625886040805e+01, -2.100578485775558e+01,  1.429628543294186e+00,  0.000000000000000e+00,  1.494677397921330e+01
s156        , -1.755225478861601e+01, -1.774414152877625e+01,  1.469051715009662e+00,  7.619047619047620e-02,  1.040621343103610e+01
s157        , -1.981494689568535e+01, -1.948594622410741e+01,  1.214192170331340e+00,  1.479591836734694e-01,  1.196305228847324e+01
s158        , -2.120666701656112e+01, -2.102154484038263e+01,  1.354767369208785e+00,  2.575757575757576e-01,  1.388060209426527e+01
s159        , -2.199339551508707e+01, -2.171833105168295e+01,  1.522380989735899e+00,  4.587155963302753e-01,  1.440077546134532e+01
s160        , -1.822712376873660e+01, -1.795976516122630e+01,  1.713310242036755e+00,  0.000000000000000e+00,  1.144901174575771e+01
s161        , -1.850131544535105e+01, -1.868243897668115e+01,  1.685184797772220e+00,  0.000000000000000e+00,  1.235547726368276e+01
s162        , -2.165239460618542e+01, -2.197869930489919e+01,  1.851244469620909e+00,  6.425992779783394e-01,  1.471868011421221e+01
s163        , -2.054863013411503e+01, -2.034310122778477e+01,  1.330028391518049e+00,  0.000000000000000e+00,  1.387034957334042e+01
s164        , -2.244259094688993e+01, -2.275615232075695e+01,  1.308812616275424e+00,  3.314606741573033e-01,  1.582865659844279e+01
s165        , -2.169401378729562e+01, -2.129977389079075e+01,  1.545657647109640e+00,  6.124031007751938e-01,  1.332811932116928e+01
s166        , -1.893544650248816e+01, -1.873909253708828e+01,  1.163815130983527e+00,  0.000000000000000e+00,  1.141129553095953e+01
s167        , -1.990371422830687e+01, -1.982808376416653e+01,  1.549976076600299e+00,  0.000000000000000e+00,  1.361527054558242e+01
s168        , -2.358382467591309e+01, -2.352630600507297e+01,  1.383673048636380e+00,  2.769953051643192e-01,  1.719860718653397e+01
s169        , -2.234616115486217e+01, -2.293738497731243e+01,  1.288642486014973e+00,  3.043478260869565e-01,  1.612935478977028e+01
s170        , -1.980105726485419e+01, -2.012699204112530e+01,  1.457582273992635e+00,  1.477272727272727e-01,  1.329272204335284e+01
s171        , -2.225344967355102e+01, -2.209505155250165e+01,  1.419731401810219e+00,  5.160000000000000e-01,  1.449202023078759e+01
s172        , -2.076076397080535e+01, -2.053095911771397e+01,  1.328392581583051e+00,  7.575757575757576e-02,  1.384039216674582e+01
s173        , -2.167162181633835e+01, -2.139249922619754e+01,  1.335452132095421e+00,  2.760416666666666e-01,  1.426891557079287e+01
s174        , -2.217746151284670e+01, -2.229359122266454e+01,  1.581422669256065e+00,  4.637096774193548e-01,  1.526333589360475e+01
s175        , -1.912249737452136e+01, -1.941281729417890e+01,  1.254138195691776e+00,  1.121076233183857e-01,  1.207481616662599e+01
s176        , -2.262880123350610e+01, -2.206646641280862e+01,  1.453490867116526e+00,  3.716814159292036e-01,  1.504710337676838e+01
s177        , -1.998504477748202e+01, -2.028993201852442e+01,  1.500697943872362e+00,  4.344262295081967e-01,  1.254670323833827e+01
s178        , -1.778030448780716e+01, -1.843892839377229e+01,  1.575031226292945e+00,  0.000000000000000e+00,  1.181609501064194e+01
s179        , -2.322340610724453e+01, -2.384455190239583e+01,  1.116664378144838e+00,  6.702127659574468e-01,  1.566371523811240e+01
s180        , -1.682543251402466e+01, -1.678830667171491e+01,  1.880786823872877e+00,  0.000000000000000e+00,  1.021797602734254e+01
s181        , -1.586682207916231e+01, -1.595250714724548e+01,  1.910922049213294e+00,  0.000000000000000e+00,  9.164935050667212e+00
s182        , -2.348293513803748e+01, -2.323877868179687e+01,  1.531451243592855e+00,  4.166666666666667e-01,  1.659493490750253e+01
s183        , -2.155098810628208e+01, -2.119037179044530e+01,  1.311776805416250e+00,  8.994708994708994e-02,  1.463337632043750e+01
s184        , -2.324937775466465e+01, -2.350672263941472e+01,  1.373334942777594e+00,  5.875000000000000e-01,  1.601827768028003e+01
s185        , -2.378592453308165e+01, -2.391031210357302e+01,  1.246067783532480e+00,  5.026737967914439e-01,  1.661616091207551e+01
s186        , -2.071202883303041e+01, -2.099900273168940e+01,  1.322926410825112e+00,  2.970297029702970e-01,  1.364424745508790e+01
s187        , -2.027503475690737e+01, -2.036784555621236e+01,  1.306279756440089e+00,  7.725321888412018e-02,  1.357467636644940e+01
s188        , -2.214013663755619e+01, -2.207017080758208e+01,  1.372313744304921e+00,  2.762430939226519e-01,  1.524185745578024e+01
s189        , -2.074030596943589e+01, -2.089083289504357e+01,  1.600921941394589e+00,  4.022556390977444e-01,  1.365964696847662e+01
s190        , -1.914542963593283e+01, -1.906538316398225e+01,  1.462795909607653e+00,  0.000000000000000e+00,  1.243006840855953e+01
s191        , -1.679323473828856e+01, -1.753710185730390e+01,  1.675951394123903e+00,  2.796934865900383e-01,  9.792105345470995e+00
s192        , -1.690928184419942e+01, -1.692009802282219e+01,  1.898245856732528e+00,  0.000000000000000e+00,  1.042745668048493e+01
s193        , -2.273712334380998e+01, -2.298763678514167e+01,  1.353877625336978e+00,  4.860335195530726e-01,  1.566020855474843e+01
s194        , -2.090019731082972e+01, -2.142829295905195e+01,  1.359353155559260e+00,  3.333333333333333e-01,  1.415402898658779e+01
s195        , -1.910778599576077e+01, -1.926940152955542e+01,  1.476517639675001e+00,  0.000000000000000e+00,  1.272833351311171e+01
s196        , -1.918378235513936e+01, -1.865986901514866e+01,  1.451596721071952e+00,  0.000000000000000e+00,  1.186866051266241e+01
s197        , -2.010118773573690e+01, -2.034018163782108e+01,  1.187964669731953e+00,  5.076142131979695e-02,  1.340325872950210e+01
s198        , -2.040069724820686e+01, -2.018422744937859e+01,  1.510238093240484e+00,  4.631147540983607e-01,  1.231994762888217e+01
s199        , -2.033728659050214e+01, -2.059693798128075e+01,  1.312992645036696e+00,  5.474137931034483e-01,  1.217542352836298e+01
s200        , -1.788348829912646e+01, -1.783635520398596e+01,  1.604413695699425e+00,  0.000000000000000e+00,  1.107187292348849e+01
s201        , -1.891783601993355e+01, -1.914755957227643e+01,  1.477885712753075e+00,  0.000000000000000e+00,  1.256890682981615e+01
s202        , -2.174492495952721e+01, -2.184743521282332e+01,  1.754599045053417e+00,  4.693877551020408e-01,  1.498767120138662e+01
s203        , -2.185008698942601e+01, -2.171586909149318e+01,  1.273291162066460e+00,  0.000000000000000e+00,  1.558576737373445e+01
s204        , -2.086349108831322e+01, -2.110819650433855e+01,  1.178315428755968e+00,  1.554404145077720e-01,  1.402385816917237e+01
s205        , -2.088054945703831e+01, -2.142313160739084e+01,  1.398422765129869e+00,  5.175438596491229e-01,  1.355077050703550e+01
s206        , -2.114956534802060e+01, -2.157823800887525e+01,  1.669505065128752e+00,  5.250000000000000e-01,  1.426000654092923e+01
s207        , -1.936064601068155e+01, -1.943312642084335e+01,  2.140321882791258e+00,  3.605015673981191e-01,  1.292758569165825e+01
s208        , -2.173553987268506e+01, -2.141665956788331e+01,  1.205752827800464e+00,  0.000000000000000e+00,  1.505561714464207e+01
s209        , -1.958079034508013e+01, -1.964396534049420e+01,  1.427787420030213e+00,  0.000000000000000e+00,  1.313137030716577e+01
s210        , -2.077095411669474e+01, -2.156320930272349e+01,  1.334311502935476e+00,  4.045454545454545e-01,  1.402446716334467e+01
s211        , -2.106003856984427e+01, -2.073582311919226e+01,  1.338390409740783e+00,  1.190476190476190e-01,  1.397439155284893e+01
s212        , -1.921431398034701e+01, -1.917852313534353e+01,  1.372748833821097e+00,  1.179245283018868e-01,  1.197380638388994e+01
s213        , -1.891211086691480e+01, -1.918353061294874e+01,  1.300607204189983e+00,  2.139737991266376e-01,  1.148859167756084e+01
s214        , -1.797391097043976e+01, -1.782265855884290e+01,  1.792163849714844e+00,  0.000000000000000e+00,  1.142080201332158e+01
s215        , -2.046416066581664e+01, -2.050070833917671e+01,  1.381739649216289e+00,  0.000000000000000e+00,  1.418115757870495e+01
s216        , -2.054695205981560e+01, -2.072337919659449e+01,  1.172051902553333e+00,  4.593301435406699e-01,  1.238973893516988e+01
s217        , -2.064527960557822e+01, -2.060416322996769e+01,  1.600774555714517e+00,  2.539682539682540e-01,  1.381955648495783e+01
s218        , -2.267569057486860e+01, -2.285209497755412e+01,  1.370412227478098e+00,  4.788732394366197e-01,  1.553836538743195e+01
s219        , -1.969996813819463e+01, -2.041526229714496e+01,  1.577778335842341e+00,  1.684981684981685e-01,  1.383543054291951e+01
s220        , -2.056541179285701e+01, -2.133489795571904e+01,  1.196313771734257e+00,  4.708737864077670e-01,  1.320860476174501e+01
s221        , -2.147236245537334e+01, -2.142345850227478e+01,  1.261970958918327e+00,  0.000000000000000e+00,  1.517459901226886e+01
s222        , -1.817717386569833e+01, -1.821314831622535e+01,  1.533496178543070e+00,  0.000000000000000e+00,  1.143448766575017e+01
s223        , -2.049263974761081e+01, -2.023527451253680e+01,  1.408200226689083e+00,  6.912442396313365e-02,  1.362729772694011e+01
s224        , -2.147370851727396e+01, -2.134926050216628e+01,  1.981275858920102e+00,  4.898648648648649e-01,  1.469337056935865e+01
s225        , -2.297636192643720e+01, -2.281298733507060e+01,  1.256052344955967e+00,  5.922746781115880e-01,  1.484852405719847e+01
s226        , -2.349615644619751e+01, -2.295537837213262e+01,  1.360576641880917e+00,  5.726495726495726e-01,  1.531404269832646e+01
s227        , -1.994214785348108e+01, -2.014023021643957e+01,  1.610831041116951e+00,  3.333333333333333e-01,  1.293212692850615e+01
s228        , -1.935600154849446e+01, -1.942101550274020e+01,  1.581541447094505e+00,  0.000000000000000e+00,  1.313542249169904e+01
s229        , -1.931982821700711e+01, -1.966573098328358e+01,  1.758899869022184e+00,  1.149068322981366e-01,  1.338815390391039e+01
s230        , -1.663964761443124e+01, -1.680463142482837e+01,  1.613869070620563e+00,  0.000000000000000e+00,  9.717728647609446e+00
s231        , -1.912412961575534e+01, -1.902275325615761e+01,  1.537442954679240e+00,  3.686635944700461e-02,  1.238467978520177e+01
s232        , -2.205202611453251e+01, -2.145107676549818e+01,  1.511596674058375e+00,  3.242009132420091e-01,  1.451541273985609e+01
s233        , -2.108987100746543e+01, -2.087922342146366e+01,  1.417677744175061e+00,  5.446808510638298e-01,  1.276568072216728e+01
s234        , -2.119865480781422e+01, -2.100367571002258e+01,  1.306551332188312e+00,  4.419889502762431e-01,  1.308900672235156e+01
s235        , -1.634470488909293e+01, -1.621972070817827e+01,  1.889721998247106e+00,  4.868913857677903e-02,  9.301158439141952e+00
s236        , -2.035495556536669e+01, -2.101007681899599e+01,  1.581141360900095e+00,  0.000000000000000e+00,  1.524877233833640e+01
s237        , -2.057488800817375e+01, -2.034852733916338e+01,  1.781371758402013e+00,  5.058365758754864e-01,  1.291271426062128e+01
s238        , -2.181497599002021e+01, -2.133215561583647e+01,  1.430115456826586e+00,  6.217228464419475e-01,  1.311121581800404e+01
s239        , -1.938605784207409e+01, -1.987095786605424e+01,  1.277121189843452e+00,  2.365145228215768e-01,  1.227491106220577e+01
s240        , -1.879589433372550e+01, -1.911544027342347e+01,  1.350896303116434e+00,  2.431192660550459e-01,  1.138989609952614e+01
s241        , -1.732119998261703e+01, -1.701618892948591e+01,  1.689726832274905e+00,  0.000000000000000e+00,  1.014753305475080e+01
s242        , -2.017650413285683e+01, -2.009752531102412e+01,  1.273864411589905e+00,  0.000000000000000e+00,  1.343379793298011e+01
s243        , -1.996072124442394e+01, -2.003425345668971e+01,  1.195779342098482e+00,  0.000000000000000e+00,  1.319692138674588e+01
s244        , -2.121993688931675e+01, -2.106137296511903e+01,  1.377471575764230e+00,  4.354066985645934e-01,  1.332849602478203e+01
s245        , -2.152256201120388e+01, -2.155704892850503e+01,  1.351606816823901e+00,  1.730769230769231e-01,  1.489548711173752e+01
s246        , -1.806013829922115e+01, -1.793928192584818e+01,  1.628268741266682e+00,  9.216589861751152e-02,  1.091884062806907e+01
s247        , -1.662499542985015e+01, -1.631468163827388e+01,  1.750077921012206e+00,  0.000000000000000e+00,  9.332246370192067e+00
s248        , -2.087245838906029e+01, -2.071950577977452e+01,  1.429517929096846e+00,  3.939393939393939e-01,  1.312689591815216e+01
s249        , -2.031192930505803e+01, -2.077236671523260e+01,  1.316837202354521e+00,  3.809523809523809e-01,  1.302430537181656e+01
s250        , -1.829082894515480e+01, -1.825960239107194e+01,  1.477615260718583e+00,  1.084905660377359e-01,  1.099077359457607e+01
s251        , -2.316191337748571e+01, -2.340332345107363e+01,  1.199607401838004e+00,  5.614035087719298e-01,  1.563629506714978e+01
s252        , -1.836403387539604e+01, -1.815507455217383e+01,  1.608866952144611e+00,  0.000000000000000e+00,  1.150461466755237e+01
s253        , -1.948978591890307e+01, -1.913898584398300e+01,  1.787322498641427e+00,  0.000000000000000e+00,  1.316261373539625e+01
s254        , -1.974328758235917e+01, -2.022063332204875e+01,  1.444342766089001e+00,  1.229508196721311e-01,  1.348190600728651e+01
s255        , -2.045692599174058e+01, -2.018834341254487e+01,  1.214040258942882e+00,  0.000000000000000e+00,  1.343763684590525e+01
s256        , -1.776850461240055e+01, -1.801033740243940e+01,  1.546041734559111e+00,  1.238938053097345e-01,  1.073669719586372e+01
s257        , -2.163660994039700e+01, -2.160136825724577e+01,  1.375699211431904e+00,  2.266666666666667e-01,  1.480583801726971e+01
s258        , -1.860059101905129e+01, -1.826914073843206e+01,  1.645305082458795e+00,  0.000000000000000e+00,  1.172762749737372e+01
s259        , -2.094542362420654e+01, -2.080728333411897e+01,  1.139513983572196e+00,  0.000000000000000e+00,  1.411535352530372e+01
s260        , -1.742875942837962e+01, -1.725647856797475e+01,  2.011107947218649e+00,  3.333333333333333e-02,  1.097394876507680e+01
s261        , -2.065616574581777e+01, -2.041170886995999e+01,  1.248441502983814e+00,  0.000000000000000e+00,  1.380208132797446e+01
s262        , -2.014040040752147e+01, -2.036603672242165e+01,  1.187429844348328e+00,  5.291479820627802e-01,  1.168939619719242e+01
s263        , -1.686996628366655e+01, -1.683781722202291e+01,  1.801935569173537e+00,  0.000000000000000e+00,  1.012965008990526e+01
s264        , -2.074271161967796e+01, -1.991086143606665e+01,  1.630820574354267e+00,  4.234234234234234e-01,  1.233702163320824e+01
s265        , -2.059536695716665e+01, -2.037654632605051e+01,  1.380167943169384e+00,  4.084507042253521e-01,  1.252110767193357e+01
s266        , -2.198651133619990e+01, -2.162019770060171e+01,  1.324807415706573e+00,  5.067873303167421e-01,  1.370828178612517e+01
s267        , -1.899333543245141e+01, -1.879567145045189e+01,  1.457716585836850e+00,  5.092592592592592e-02,  1.187530635607446e+01
s268        , -1.857298059991068e+01, -1.875630881259151e+01,  1.331335823211133e+00,  2.289719626168224e-01,  1.092551657896158e+01
s269        , -2.106917022960664e+01, -2.082715785723597e+01,  1.238883332229455e+00,  0.000000000000000e+00,  1.433611512757188e+01
s270        , -1.920756052964929e+01, -1.885187480644206e+01,  1.458295271850403e+00,  0.000000000000000e+00,  1.213720969370208e+01
s271        , -1.965184309682283e+01, -1.953242379834983e+01,  1.590713239803936e+00,  0.000000000000000e+00,  1.330157898392447e+01
s272        , -2.112049940018463e+01, -2.069906681742558e+01,  1.140386075003299e+00,  5.142857142857143e-02,  1.378525163006306e+01
s273        , -1.945398506004425e+01, -1.944880744480512e+01,  1.392034160866034e+00,  2.742616033755274e-01,  1.180012224273201e+01
s274        , -2.135203005648119e+01, -2.156701758128825e+01,  1.271455862218184e+00,  4.641148325358851e-01,  1.368905185984844e+01
s275        , -2.088724638081418e+01, -2.123139644802140e+01,  1.296880550032118e+00,  3.721973094170403e-01,  1.362796188071177e+01
s276        , -1.839432489855567e+01, -1.831240387021334e+01,  1.684542561083102e+00,  0.000000000000000e+00,  1.186191615221904e+01
s277        , -2.199306195501885e+01, -2.051115275556816e+01,  1.154241542653646e+00,  8.512396694214877e-01,  1.064118388010568e+01
s278        , -2.276883612887764e+01, -2.300330554676552e+01,  1.481513043577591e+00,  2.878787878787879e-01,  1.665437199173823e+01
s279        , -2.262380984036664e+01, -2.253111767870801e+01,  1.713269023236512e+00,  3.709677419354839e-01,  1.617589973297932e+01
s280        , -1.620731240668889e+01, -1.661672090507990e+01,  1.894494588028601e+00,  0.000000000000000e+00,  1.001649943450639e+01
s281        , -2.072632910940930e+01, -2.020063238314172e+01,  1.234525816236618e+00,  6.936170212765957e-01,  1.096074370340589e+01
s282        , -1.840721485531197e+01, -1.868298234470198e+01,  1.552803365503546e+00,  3.489361702127660e-01,  1.082290168487959e+01
s283        , -1.945843055355910e+01, -1.987248337011430e+01,  1.565530527257503e+00,  0.000000000000000e+00,  1.370475827117980e+01
s284        , -2.290375248734285e+01, -2.335756502581184e+01,  1.902030327047380e+00,  3.886792452830189e-01,  1.757986968282270e+01
s285        , -2.162506652538119e+01, -2.112245050544205e+01,  1.519399623767614e+00,  3.551401869158878e-01,  1.398045821386913e+01
s286        , -2.308167299949378e+01, -2.353170902903111e+01,  1.315281787764444e+00,  3.595505617977528e-01,  1.677053698787324e+01
s287        , -1.888746545864790e+01, -1.946879611100967e+01,  1.291395542894281e+00,  3.000000000000000e-01,  1.153590911196497e+01
s288        , -2.031934863671701e+01, -1.995553562049686e+01,  1.752138440527776e+00,  0.000000000000000e+00,  1.418017114594138e+01
s289        , -2.410980627565496e+01, -2.451606942455074e+01,  1.229183747299584e+00,  4.648648648648649e-01,  1.752715020740317e+01
s290        , -2.087284446952964e+01, -2.065098012996742e+01,  1.330713445909745e+00,  0.000000000000000e+00,  1.428130003977539e+01
s291        , -2.204275686911580e+01, -2.152594662606059e+01,  9.991684218723834e-01,  8.839285714285714e-01,  1.156865398252174e+01
s292        , -1.820983264392220e+01, -1.820446763914427e+01,  1.451089847233059e+00,  2.427983539094650e-01,  1.037501606308570e+01
s293        , -1.668568749246811e+01, -1.649821291185462e+01,  1.975912446384767e+00,  4.032258064516129e-02,  9.870777815383827e+00
s294        , -2.280852590517532e+01, -2.347835498444881e+01,  1.169572378224566e+00,  4.946236559139785e-01,  1.592128526921126e+01
s295        , -1.673628435422914e+01, -1.749010559437500e+01,  1.562763157207566e+00,  1.877394636015326e-01,  9.844081330949466e+00
s296        , -2.103716924286631e+01, -2.067134908284948e+01,  1.319226625679728e+00,  6.483050847457628e-01,  1.191812685957452e+01
s297        , -2.124288787488653e+01, -2.123562508928749e+01,  1.203760607587438e+00,  3.259668508287293e-01,  1.362033659538016e+01
s298        , -2.177880180045448e+01, -2.151572327099468e+01,  1.755736803102829e+00,  5.636363636363636e-01,  1.420435221708238e+01
s299        , -1.893486515270964e+01, -1.924586659166686e+01,  1.396940299016116e+00,  6.589147286821706e-02,  1.230074995758987e+01
s300        , -1.774017522269403e+01, -1.836119403462745e+01,  1.487614015286201e+00,  2.394957983193277e-01,  1.066701544411830e+01
s301        , -2.283171483494903e+01, -2.293866471981006e+01,  1.372751524719755e+00,  5.049504950495050e-01,  1.556287263236856e+01
s302        , -1.721456897049112e+01, -1.710166910378931e+01,  1.678508496353551e+00,  0.000000000000000e+00,  1.023932048366665e+01
s303        , -2.130552121943375e+01, -2.095181952322019e+01,  1.200482822385599e+00,  6.812227074235808e-01,  1.193884004737933e+01
s304        , -2.313677054561944e+01, -2.303549615126299e+01,  1.458291932119327e+00,  3.041474654377880e-01,  1.659237143147819e+01
s305        , -1.858159986173835e+01, -1.854956133831161e+01,  1.674338261000551e+00,  4.888888888888889e-02,  1.197892505927130e+01
s306        , -2.163460095493751e+01, -2.152562848874503e+01,  1.428308983072835e+00,  1.863636363636364e-01,  1.495515086567969e+01
s307        , -1.987289536762319e+01, -2.028232893235602e+01,  1.417527314304758e+00,  0.000000000000000e+00,  1.396060336024161e+01
s308        , -2.028550026196297e+01, -1.976617925748466e+01,  1.117665612319894e+00,  7.665198237885462e-01,  9.887947561896846e+00
s309        , -2.129242792516701e+01, -2.130000804524848e+01,  2.173996082125567e+00,  3.846153846153846e-01,  1.538911783530099e+01
s310        , -1.894855963686166e+01, -1.918329693192396e+01,  1.531345309953560e+00,  3.225806451612903e-02,  1.260317841366193e+01
s311        , -2.010039836844276e+01, -1.979344803472114e+01,  1.594257878614388e+00,  0.000000000000000e+00,  1.365578468430495e+01
s312        , -1.830057188159682e+01, -1.823535432434594e+01,  1.641987786646401e+00,  0.000000000000000e+00,  1.167619001497639e+01
s313        , -1.990312271450173e+01, -1.971181646988221e+01,  1.204205806744820e+00,  1.481481481481481e-01,  1.224333765408960e+01
s314        , -1.980645538479249e+01, -1.937562628048182e+01,  1.332434548892831e+00,  0.000000000000000e+00,  1.258789879217502e+01
s315        , -1.914671781515828e+01, -1.957317793559316e+01,  1.939189896903840e+00,  3.903345724907063e-01,  1.261163477864707e+01
s316        , -2.257620253811652e+01, -2.226260008705412e+01,  1.399302085262531e+00,  5.391304347826087e-01,  1.459050189359800e+01
s317        , -1.647333233405121e+01, -1.645635910267639e+01,  1.724148492504596e+00,  5.752212389380531e-02,  9.259943744194796e+00
s318        , -2.027102701488289e+01, -2.019709977431240e+01,  1.171037288395614e+00,  1.650485436893204e-01,  1.276238476361241e+01
s319        , -1.996146248057647e+01, -1.957985290413209e+01,  1.332276297418439e+00,  2.189054726368159e-01,  1.205978803572949e+01
s320        , -2.548773082504399e+01, -2.554468001131320e+01,  1.240179998675307e+00,  5.798319327731093e-01,  1.849725129301717e+01
s321        , -1.727661852750149e+01, -1.761555122994453e+01,  1.717284025986701e+00,  0.000000000000000e+00,  1.099883063540610e+01
s322        , -2.011073789818953e+01, -2.048091198789217e+01,  1.249413865440704e+00,  1.836734693877551e-01,  1.322522054623737e+01
s323        , -2.178223238748198e+01, -2.137010979856089e+01,  1.342076947808739e+00,  2.153846153846154e-01,  1.447362130862317e+01
s324        , -1.879130547869734e+01, -1.874630262845341e+01,  1.680019973416380e+00,  0.000000000000000e+00,  1.243034329568784e+01
s325        , -2.032679436678044e+01, -1.976193597408470e+01,  1.262546509888878e+00,  0.000000000000000e+00,  1.296518784189929e+01
s326        , -2.071891083121713e+01, -2.047476298290419e+01,  1.294926607378242e+00,  5.665236051502146e-01,  1.190775480906385e+01
s327        , -1.834375983430116e+01, -1.908555727538532e+01,  1.539265466421911e+00,  0.000000000000000e+00,  1.260644730843445e+01
s328        , -2.099505369246730e+01, -2.090596424163139e+01,  1.448688055438333e+00,  4.618473895582329e-01,  1.316443243700744e+01
s329        , -2.140321290954873e+01, -2.099590455702578e+01,  1.625968163979246e+00,  6.360294117647058e-01,  1.299460219426232e+01
s330        , -2.114112529442132e+01, -2.182151602131879e+01,  1.269513838917899e+00,  5.021834061135371e-01,  1.388480795970728e+01
s331        , -1.934637322166436e+01, -1.985161763268273e+01,  1.585885863288729e+00,  2.272727272727273e-01,  1.288673344920433e+01
s332        , -1.962462779654497e+01, -1.977521028229627e+01,  1.920590617549223e+00,  3.017241379310345e-01,  1.316768543641335e+01
s333        , -2.293624249800790e+01, -2.297776068529840e+01,  1.281319964958505e+00,  4.293478260869565e-01,  1.571221386581282e+01
s334        , -1.807355423930957e+01, -1.788805686975284e+01,  1.742003699736857e+00,  0.000000000000000e+00,  1.140971998570818e+01
s335        , -1.850164643907080e+01, -1.862011112406693e+01,  1.619665913120779e+00,  1.166666666666667e-01,  1.171832763968810e+01
s336        , -2.151296308555482e+01, -2.105022042054231e+01,  1.835962556978577e+00,  3.362831858407080e-01,  1.457228188273385e+01
s337        , -1.775953587894473e+01, -1.625793378111767e+01,  2.154090192917138e+00,  4.169381107491857e-01,  8.524020124833086e+00
s338        , -2.118082550420247e+01, -2.140127746010977e+01,  1.703758603012453e+00,  4.893617021276596e-01,  1.422171914604862e+01
s339        , -1.761381998690202e+01, -1.855922089165851e+01,  1.572783301125179e+00,  0.000000000000000e+00,  1.197173967003016e+01
s340        , -1.906967392812366e+01, -1.922440080429887e+01,  1.457127682332168e+00,  1.792452830188679e-01,  1.197588662588536e+01
s341        , -2.371082699534004e+01, -2.368539324740507e+01,  1.375028637586037e+00,  4.212962962962963e-01,  1.686632529311710e+01
s342        , -1.901967676945428e+01, -1.920672909906277e+01,  1.672209206756785e+00,  5.263157894736842e-02,  1.283540678940368e+01
s343        , -1.943128604912865e+01, -1.937083521085214e+01,  1.173583750431886e+00,  2.876712328767123e-01,  1.122022283801668e+01
s344        , -2.171448714042025e+01, -2.176141064769126e+01,  1.821536828236042e+00,  4.094202898550725e-01,  1.522314032500174e+01
s345        , -1.896311499883081e+01, -1.855157876580082e+01,  1.346751994933725e+00,  0.000000000000000e+00,  1.151956084381350e+01
s346        , -2.211462969107367e+01, -2.181593336598782e+01,  1.371563647156952e+00,  4.928909952606635e-01,  1.411088108066717e+01
s347        , -1.640817037109120e+01, -1.700493851386062e+01,  1.827572490866709e+00,  1.549295774647887e-01,  9.836276308463226e+00
s348        , -2.058778590237884e+01, -2.055331605845755e+01,  1.338984505974399e+00,  1.531100478468899e-01,  1.360833428236837e+01
s349        , -1.918353701640313e+01, -1.923546189586507e+01,  1.388868175329461e+00,  0.000000000000000e+00,  1.251177790155898e+01
s350        , -2.047073332015930e+01, -2.032002752601156e+01,  1.917695929879371e+00,  2.775330396475771e-01,  1.397521842746461e+01
s351        , -2.167714580870165e+01, -2.185680315937662e+01,  1.456848208253426e+00,  3.591160220994475e-01,  1.482061951595202e+01
s352        , -2.086238589025425e+01, -2.077757367961710e+01,  1.551853996370294e+00,  6.372549019607843e-02,  1.464942607231303e+01
s353        , -1.920058764071421e+01, -1.893273333123400e+01,  1.738868492723767e+00,  0.000000000000000e+00,  1.279345617001628e+01
s354        , -2.053223705409261e+01, -2.099386729138495e+01,  1.312839892060987e+00,  6.192893401015229e-01,  1.244069919676819e+01
s355        , -1.704257081119439e+01, -1.745395393886407e+01,  1.426704438504695e+00,  0.000000000000000e+00,  1.021559924198003e+01
s356        , -2.127143545968418e+01, -2.089841451971402e+01,  1.655540992131786e+00,  4.461538461538462e-01,  1.361621332887939e+01
s357        , -1.906625211198675e+01, -1.956798080870794e+01,  1.509468473274435e+00,  9.854014598540146e-02,  1.283010932070438e+01
s358        , -2.032987192881253e+01, -1.985100963251691e+01,  1.145034732692470e+00,  3.076923076923077e-02,  1.274151718007906e+01
s359        , -2.136102912880764e+01, -2.091572981271884e+01,  1.610938723051718e+00,  3.190476190476190e-01,  1.401625998056094e+01
s360        , -1.881386071055488e+01, -1.877833119388333e+01,  1.376741424133666e+00,  1.494845360824742e-01,  1.133392045330953e+01
s361        , -2.182643688719446e+01, -2.123905477730387e+01,  1.384408307592181e+00,  5.545851528384279e-01,  1.314317754194726e+01
s362        , -2.091897008712596e+01, -2.103994759953714e+01,  1.162467854226233e+00,  0.000000000000000e+00,  1.446978369650596e+01
s363        , -1.798497754334610e+01, -1.775913572816127e+01,  1.612816047587924e+00,  0.000000000000000e+00,  1.098556901423778e+01
s364        , -1.789393844733154e+01, -1.786871307891003e+01,  1.603256503995871e+00,  0.000000000000000e+00,  1.111265983191569e+01
s365        , -2.184332997178521e+01, -2.129380069359866e+01,  1.940445484679506e+00,  6.621621621621622e-01,  1.391045737583827e+01
s366        , -2.293131491804218e+01, -2.281126305142173e+01,  1.493600825123298e+00,  5.043103448275862e-01,  1.563203657952656e+01
s367        , -2.320311495695380e+01, -2.269063945269421e+01,  1.356819094792389e+00,  5.352112676056338e-01,  1.509121474547532e+01
s368        , -1.944159222026194e+01, -1.933682252325336e+01,  1.670837241293629e+00,  0.000000000000000e+00,  1.319803057663501e+01
s369        , -2.221834550731525e+01, -2.259065782790854e+01,  1.301586136519594e+00,  4.622641509433962e-01,  1.511661185039299e+01
s370        , -1.739352775780219e+01, -1.808540164457151e+01,  1.594789922067718e+00,  0.000000000000000e+00,  1.138439176858629e+01
s371        , -2.131349702655302e+01, -2.076609484115732e+01,  1.176212803270308e+00,  4.469273743016760e-02,  1.396908927790588e+01
s372        , -2.230067528571091e+01, -2.163203306825623e+01,  1.568291460078885e+00,  3.826530612244898e-01,  1.465354538192490e+01
s373        , -1.609460498694387e+01, -1.612759985269590e+01,  1.917618521766409e+00,  0.000000000000000e+00,  9.410978518745713e+00
s374        , -1.846307154319872e+01, -1.899750842710950e+01,  1.871389508214130e+00,  4.508196721311475e-01,  1.149225168605967e+01
s375        , -2.092466765927065e+01, -2.089311022108942e+01,  1.131970856400621e+00,  0.000000000000000e+00,  1.421478922008639e+01
s376        , -2.335896110191541e+01, -2.390071418793443e+01,  1.249458069200183e+00,  4.042553191489361e-01,  1.696947596682559e+01
s377        , -2.209438728501526e+01, -2.279613547016995e+01,  1.156925129391482e+00,  5.606060606060607e-01,  1.474792092521441e+01
s378        , -2.111108779470583e+01, -2.067224906307262e+01,  1.527105979916043e+00,  0.000000000000000e+00,  1.469364877967337e+01
s379        , -1.875225846070942e+01, -1.895036641416318e+01,  1.382875641840952e+00,  1.862745098039216e-01,  1.144042833827933e+01
s380        , -1.834869608623442e+01, -1.810500187173628e+01,  1.616195906368612e+00,  5.343511450381679e-02,  1.125716707138615e+01
s381        , -2.068155326614140e+01, -2.011974077606092e+01,  1.257960493189730e+00,  6.914893617021277e-02,  1.317970018711688e+01
s382        , -1.804666933121612e+01, -1.808282474611539e+01,  1.647476226403226e+00,  0.000000000000000e+00,  1.148399316093682e+01
s383        , -2.062194236740874e+01, -2.116154020617626e+01,  1.570355578854902e+00,  2.846441947565543e-01,  1.438958334432223e+01
s384        , -1.800916137079852e+01, -1.762426757376964e+01,  1.887576608995499e+00,  0.000000000000000e+00,  1.134343975682669e+01
s385        , -2.216424509641620e+01, -2.182504227966417e+01,  1.733216386483934e+00,  4.587813620071685e-01,  1.495480234123265e+01
s386        , -2.182057698940036e+01, -2.161198020334700e+01,  1.443781842262233e+00,  2.680412371134021e-01,  1.480198156713127e+01
s387        , -1.799817167842237e+01, -1.778391220536638e+01,  1.561954147686780e+00,  0.000000000000000e+00,  1.091907025269803e+01
s388        , -2.351217009702901e+01, -2.375403665909632e+01,  1.277587792020035e+00,  3.673469387755102e-01,  1.696414137425691e+01
s389        , -2.149803565649794e+01, -2.156637330193328e+01,  1.538308588170394e+00,  4.194756554307116e-01,  1.437306984138770e+01
s390        , -2.025125341850577e+01, -1.977459222407589e+01,  1.261228514131288e+00,  0.000000000000000e+00,  1.297944869241107e+01
s391        , -1.925641978436478e+01, -1.874006511893604e+01,  1.599674615935800e+00,  0.000000000000000e+00,  1.226492679261023e+01
s392        , -1.954014294555121e+01, -1.988700677744335e+01,  1.758460662775690e+00,  2.863636363636364e-01,  1.305547357688047e+01
s393        , -2.007195889273447e+01, -2.008034153176385e+01,  1.354526658962641e+00,  0.000000000000000e+00,  1.356867377785590e+01
s394        , -1.933645012315517e+01, -1.961533596305308e+01,  1.636745200207551e+00,  2.620967741935484e-01,  1.254464655346664e+01
s395        , -2.191328817199827e+01, -2.156331812171016e+01,  1.152649710305818e+00,  7.946428571428572e-01,  1.224461061754997e+01
s396        , -1.985518647713905e+01, -1.959129251303244e+01,  1.495276008732008e+00,  6.953125000000000e-01,  1.065377368365364e+01
s397        , -1.859895904181181e+01, -1.854255023004262e+01,  1.607246613409359e+00,  0.000000000000000e+00,  1.201695467030607e+01
s398        , -2.089338265909714e+01, -2.070756254860146e+01,  1.336458190441425e+00,  2.540540540540541e-01,  1.343992930587578e+01
s399        , -1.650074457052408e+01, -1.652671334747972e+01,  1.722046346585422e+00,  0.000000000000000e+00,  9.559522717769433e+00
s400        , -1.659170957499870e+01, -1.676292039066569e+01,  1.821065567183710e+00,  0.000000000000000e+00,  1.006741455144807e+01
s401        , -1.654426837808786e+01, -1.682948231378161e+01,  1.624660172317629e+00,  0.000000000000000e+00,  9.771893323015084e+00
s402        , -1.877939202276407e+01, -1.848346530561909e+01,  1.461273859291360e+00,  0.000000000000000e+00,  1.165289197270022e+01
s403        , -2.106694758002669e+01, -2.077267493554791e+01,  1.369203281661789e+00,  2.688172043010753e-01,  1.353667118597851e+01
s404        , -2.165676773412189e+01, -2.142341740057894e+01,  1.693805496368890e+00,  4.150943396226415e-01,  1.450295840149879e+01
s405        , -2.212611753855641e+01, -2.201814056911354e+01,  1.631352472042221e+00,  5.113122171945701e-01,  1.482064874705715e+01
s406        , -1.885653015374473e+01, -1.867045272188503e+01,  1.287613585360753e+00,  0.000000000000000e+00,  1.156206705383457e+01
s407        , -1.790225292709843e+01, -1.851691835506704e+01,  1.795276798630633e+00,  1.378091872791520e-01,  1.184723082254745e+01
s408        , -1.653237145459570e+01, -1.671237842749970e+01,  1.788854368344967e+00,  0.000000000000000e+00,  9.937182050191840e+00
s409        , -1.984138826084547e+01, -2.012955826878481e+01,  1.314489677218945e+00,  0.000000000000000e+00,  1.355585950825662e+01
s410        , -1.632163885458830e+01, -1.674350187230741e+01,  1.516188337723763e+00,  0.000000000000000e+00,  9.445382327263019e+00
s411        , -1.826950002229553e+01, -1.800440559295044e+01,  1.734088729333680e+00,  0.000000000000000e+00,  1.154903564530227e+01
s412        , -2.254085603631221e+01, -2.222914211445499e+01,  1.274940477638059e+00,  0.000000000000000e+00,  1.627186564568172e+01
s413        , -1.907038707751166e+01, -1.920076814935188e+01,  1.536408277207757e+00,  0.000000000000000e+00,  1.275413979575000e+01
s414        , -1.996831080241482e+01, -1.956324516618810e+01,  1.405926352509808e+00,  5.970149253731343e-02,  1.276317964338590e+01
s415        , -2.069762370804266e+01, -2.078532116650780e+01,  1.200149482606848e+00,  1.674008810572687e-01,  1.359330955750099e+01
s416        , -1.735494379178349e+01, -1.775003041810625e+01,  1.699525718440138e+00,  0.000000000000000e+00,  1.114301861567057e+01
s417        , -1.714858900796163e+01, -1.688093690971807e+01,  1.830839955903884e+00,  0.000000000000000e+00,  1.024354120747453e+01
s418        , -2.014294405560549e+01, -1.976575082157442e+01,  1.278540848426373e+00,  0.000000000000000e+00,  1.300154066915580e+01
s419        , -1.771416578387462e+01, -1.754454455174756e+01,  1.765387331460138e+00,  0.000000000000000e+00,  1.099842890626034e+01
s420        , -2.335906844703241e+01, -2.306274052006599e+01,  1.392565627102577e+00,  3.875598086124402e-01,  1.619544064063693e+01
s421        , -2.045819521600993e+01, -2.071869180918657e+01,  1.213589764170754e+00,  6.334841628959276e-01,  1.182866723729220e+01
s422        , -1.913624718404630e+01, -1.897019608064980e+01,  1.497872428181447e+00,  0.000000000000000e+00,  1.237202208001072e+01
s423        , -2.001718266940652e+01, -2.004265155971623e+01,  1.280589466410544e+00,  0.000000000000000e+00,  1.337394340053949e+01
s424        , -2.199980092896302e+01, -2.179906426503337e+01,  1.239633386190779e+00,  6.055045871559632e-01,  1.341914455260729e+01
s425        , -1.799669141475633e+01, -1.842754752163943e+01,  1.558325948022854e+00,  2.631578947368421e-02,  1.167217249901363e+01
s426        , -2.179879403652462e+01, -2.112468233510013e+01,  1.539106267372466e+00,  3.692307692307693e-01,  1.397050133716619e+01
s427        , -1.855895626610580e+01, -1.859891408802191e+01,  1.624247740473735e+00,  0.000000000000000e+00,  1.212518899849137e+01
s428        , -2.201089453299450e+01, -2.231181562478038e+01,  1.342116586479370e+00,  2.216748768472906e-01,  1.570359698226117e+01
s429        , -2.010895188317044e+01, -2.056712992478976e+01,  1.280668075599732e+00,  3.196347031963470e-01,  1.290447366763037e+01
s430        , -2.197039083997888e+01, -2.174331456618581e+01,  1.399619896819523e+00,  6.441947565543071e-01,  1.351652395519842e+01
s431        , -2.053790779896415e+01, -2.037329505312475e+01,  1.298927500349255e+00,  5.970149253731343e-02,  1.363165326551225e+01
s432        , -2.056150222449639e+01, -2.010063164938244e+01,  1.519969169490909e+00,  6.641509433962264e-01,  1.149351278391562e+01
s433        , -1.961788415450921e+01, -1.970270609794407e+01,  2.280598137735979e+00,  3.670033670033670e-01,  1.353681031401948e+01
s434        , -2.169585176655818e+01, -2.124365585783618e+01,  1.495118305509114e+00,  3.659574468085106e-01,  1.405472238494031e+01
s435        , -1.969212203292086e+01, -1.941940908158190e+01,  1.590523620412872e+00,  0.000000000000000e+00,  1.315085019370129e+01
s436        , -1.841763911968392e+01, -1.849065987411488e+01,  1.383094138521585e+00,  1.961722488038277e-01,  1.079309941108426e+01
s437        , -2.085473352476042e+01, -2.021233726488605e+01,  2.295011903066334e+00,  4.111111111111111e-01,  1.408192959054166e+01
s438        , -2.075193174001312e+01, -2.064569250523926e+01,  1.799571825346814e+00,  3.073394495412844e-01,  1.406863465901897e+01
s439        , -1.747889033992054e+01, -1.732881060856497e+01,  1.672154550734890e+00,  0.000000000000000e+00,  1.052909063548621e+01
s440        , -2.292628299240021e+01, -2.315021719569328e+01,  1.561296521263326e+00,  3.692946058091287e-01,  1.670849095145359e+01
s441        , -1.928590410708185e+01, -1.893357003540271e+01,  1.526363115552393e+00,  1.490384615384615e-01,  1.183467386477541e+01
s442        , -2.265396374356312e+01, -2.232939303469789e+01,  1.321704667670899e+00,  1.530054644808743e-01,  1.593786813510100e+01
s443        , -1.939450551490213e+01, -1.993366219674805e+01,  1.337765497885812e+00,  2.869565217391304e-01,  1.229269687642633e+01
s444        , -2.014197468633274e+01, -2.030721372216170e+01,  1.428692242061426e+00,  2.088888888888889e-01,  1.325261763401860e+01
s445        , -2.136890748153691e+01, -2.128988001799929e+01,  1.365074401138294e+00,  1.000000000000000e-01,  1.483327373628776e+01
s446        , -1.984877428373165e+01, -1.977110984233974e+01,  1.418347867839810e+00,  3.765690376569038e-02,  1.314453300173797e+01
s447        , -2.124129540469972e+01, -2.117707800134621e+01,  1.606558570710128e+00,  5.665399239543726e-01,  1.345148139752708e+01
s448        , -1.996883442559681e+01, -1.982277375972848e+01,  2.066833365256673e+00,  2.925764192139738e-01,  1.355035794055736e+01
s449        , -2.213132573342666e+01, -2.231140267716452e+01,  1.627525136108944e+00,  5.000000000000000e-01,  1.524464419093716e+01
s450        , -2.393776981346641e+01, -2.283846612917766e+01,  1.472024486980973e+00,  4.814814814814815e-01,  1.570941313608402e+01
s451        , -1.778758837631850e+01, -1.825665460173670e+01,  1.623758950933528e+00,  1.904761904761905e-01,  1.097320374059862e+01
s452        , -2.093231028730361e+01, -2.104178849893301e+01,  1.318153296101922e+00,  0.000000000000000e+00,  1.477668079509072e+01
s453        , -1.913112365245808e+01, -1.921491010462599e+01,  1.330506679063873e+00,  0.000000000000000e+00,  1.237030742343517e+01
s454        , -1.694745233262931e+01, -1.751494533699879e+01,  1.779943552802155e+00,  0.000000000000000e+00,  1.098751443310090e+01
s455        , -1.959305905778561e+01, -1.933049678717468e+01,  1.432512354695946e+00,  0.000000000000000e+00,  1.272356261885064e+01
s456        , -1.690137029519855e+01, -1.734046273918493e+01,  1.775866461954394e+00,  3.630363036303631e-02,  1.061481292016045e+01
s457        , -1.744399185749123e+01, -1.719076033022697e+01,  1.546758230877952e+00,  0.000000000000000e+00,  1.010020807450448e+01
s458        , -2.020627098912283e+01, -2.006001097486136e+01,  1.852012344081412e+00,  4.072398190045249e-01,  1.302710956943502e+01
s459        , -1.884232545378780e+01, -1.963834283336634e+01,  1.851782572481391e+00,  5.863453815261044e-01,  1.181151233720206e+01
s460        , -2.233016805188693e+01, -2.215610923038413e+01,  1.539483714713284e+00,  3.275109170305677e-01,  1.549585277668621e+01
s461        , -1.623645396367353e+01, -1.627790531369241e+01,  1.604701126237433e+00,  0.000000000000000e+00,  8.999029084067216e+00
s462        , -2.313545884021418e+01, -2.265838046617107e+01,  1.305580347634351e+00,  4.512820512820513e-01,  1.525463278638868e+01
s463        , -2.090493117250811e+01, -2.102483947450570e+01,  1.270447540797813e+00,  1.025641025641026e-01,  1.428624550679425e+01
s464        , -1.633431188033305e+01, -1.642718502332708e+01,  1.967093403517600e+00,  0.000000000000000e+00,  9.906304854024759e+00
s465        , -1.999082968954132e+01, -2.005514014570474e+01,  1.361165031615631e+00,  0.000000000000000e+00,  1.354812669163080e+01
s466        , -1.900684695054017e+01, -1.894443554034021e+01,  1.144956971653138e+00,  2.467532467532468e-01,  1.074639311871643e+01
s467        , -1.783078222536251e+01, -1.814277368097115e+01,  1.677504827397434e+00,  1.400778210116732e-01,  1.111086549505184e+01
s468        , -1.945030486126850e+01, -1.927523543096341e+01,  1.165348513079498e+00,  2.334801762114538e-01,  1.127485233042290e+01
s469        , -2.270314762369042e+01, -2.248332089317264e+01,  1.426629053020902e+00,  3.316831683168317e-01,  1.569525516497014e+01
s470        , -2.119907484802825e+01, -2.160753872688951e+01,  1.402273686850124e+00,  3.788546255506608e-01,  1.431017735045052e+01
s471        , -1.972012875359749e+01, -1.936098475350784e+01,  1.481058949496251e+00,  0.000000000000000e+00,  1.285905910896535e+01
s472        , -1.766462305551830e+01, -1.767538402869287e+01,  1.744978558292797e+00,  0.000000000000000e+00,  1.113259144033673e+01
s473        , -2.127822401317911e+01, -2.147216236115743e+01,  1.515930257210759e+00,  2.583333333333334e-01,  1.479250875666726e+01
s474        , -1.654177405306909e+01, -1.725843847944274e+01,  1.792378089120850e+00,  2.014388489208633e-01,  9.934849881429388e+00
s475        , -2.297159509003216e+01, -2.318311813656718e+01,  1.268937872490973e+00,  3.708920187793427e-01,  1.617471226439854e+01
s476        , -2.252587602064435e+01, -2.314308560342394e+01,  1.126574774131521e+00,  7.400000000000000e-01,  1.449496022146822e+01
s477        , -2.178946083596680e+01, -2.121891037663308e+01,  2.042800923341701e+00,  5.317725752508361e-01,  1.448720345829865e+01
s478        , -1.788602657411998e+01, -1.785075093974947e+01,  2.191497765886390e+00,  3.013100436681223e-01,  1.113861024981563e+01
s479        , -1.952938513246325e+01, -1.897102551805860e+01,  1.302774239154635e+00,  0.000000000000000e+00,  1.199160477222104e+01
s480        , -2.203955610850313e+01, -2.162648927164902e+01,  1.316106850128026e+00,  4.535519125683060e-01,  1.389407016870879e+01
s481        , -1.615402914764109e+01, -1.649881614019210e+01,  1.914212143859973e+00,  0.000000000000000e+00,  9.898193910232713e+00
s482        , -2.215324565636576e+01, -2.246859022980873e+01,  1.219203261854649e+00,  6.037735849056604e-01,  1.427627126314562e+01
s483        , -2.217560840271064e+01, -2.217608661080834e+01,  1.401150241754320e+00,  5.654008438818565e-01,  1.438306841978405e+01
s484        , -2.403070638423247e+01, -2.447420690861833e+01,  1.256399092982245e+00,  5.138121546961326e-01,  1.734590504553633e+01
s485        , -1.896886917982663e+01, -1.870451508470805e+01,  1.895646708215871e+00,  0.000000000000000e+00,  1.279641301237167e+01
s486        , -2.293847835350512e+01, -2.277577740122967e+01,  1.543572313736458e+00,  3.364055299539171e-01,  1.629578640272527e+01
s487        , -1.935879902533930e+01, -1.972403779676106e+01,  1.447597383583251e+00,  4.250000000000000e-01,  1.172440915171407e+01
s488        , -2.071941340396909e+01, -2.025230869381166e+01,  1.304346463295252e+00,  0.000000000000000e+00,  1.369933477123674e+01
s489        , -2.120929532988995e+01, -2.119204140962744e+01,  1.330692667705258e+00,  1.869158878504673e-02,  1.493283523706653e+01
s490        , -2.336106814107168e+01, -2.277838636204788e+01,  1.424481897627521e+00,  3.626943005181347e-01,  1.597035759641332e+01
s491        , -1.878377211600346e+01, -1.866908936084871e+01,  1.498681202739998e+00,  0.000000000000000e+00,  1.197300274781819e+01
s492        , -2.196689093989351e+01, -2.219897744593119e+01,  1.761520579123738e+00,  4.747081712062257e-01,  1.544947644120042e+01
s493        , -2.118321097196467e+01, -2.055201325951278e+01,  1.318074725913502e+00,  5.744680851063830e-01,  1.202678197459420e+01
s494        , -2.014379663919148e+01, -2.046871778355720e+01,  1.392306806287924e+00,  0.000000000000000e+00,  1.415926085373197e+01
s495        , -1.971897958689983e+01, -1.947737760498553e+01,  1.479045410996012e+00,  0.000000000000000e+00,  1.300997391891361e+01
s496        , -2.171934681583978e+01, -2.101819439228372e+01,  1.461288653788360e+00,  3.842592592592592e-01,  1.362176322779444e+01
s497        , -1.930074135275753e+01, -1.902764255704074e+01,  1.574639925854442e+00,  8.071748878923767e-02,  1.230376670428985e+01
s498        , -2.146882601091719e+01, -2.181752647418737e+01,  1.275710810062053e+00,  4.930875576036866e-01,  1.392483936958388e+01
s499        , -1.852368794388046e+01, -1.867510397991274e+01,  1.405156643519729e+00,  8.071748878923767e-02,  1.150330934928207e+01
s500        , -2.050589701281523e+01, -2.069457077982479e+01,  1.975475259051981e+00,  5.111111111111111e-01,  1.373341170808192e+01
s501        , -2.141899489528082e+01, -2.139691246799762e+01,  1.798058848513681e+00,  5.018726591760300e-01,  1.435462514803555e+01
s502        , -1.777920620854658e+01, -1.755441368441790e+01,  1.305710650619358e+00,  0.000000000000000e+00,  1.011264647258088e+01
s503        , -2.264989988763092e+01, -2.265607473378260e+01,  1.363546813880186e+00,  4.300518134715026e-01,  1.544245983772722e+01
s504        , -1.994570445298742e+01, -2.011776715805395e+01,  1.339561905815085e+00,  4.166666666666666e-02,  1.343702233901355e+01
s505        , -2.256898602446125e+01, -2.224777896021111e+01,  1.374037414404048e+00,  3.655913978494624e-01,  1.515519555640092e+01
s506        , -2.050664132584332e+01, -2.023989388733267e+01,  1.243642305024817e+00,  0.000000000000000e+00,  1.356410881706434e+01
s507        , -2.255451727781655e+01, -2.208309950243226e+01,  1.774119826366592e+00,  6.211604095563140e-01,  1.478505871206251e+01
s508        , -2.063695726234980e+01, -2.010836927997395e+01,  1.601716981420357e+00,  4.329004329004329e-02,  1.393124278837736e+01
s509        , -2.049565878814769e+01, -2.056578650737966e+01,  1.432096613388381e+00,  2.000000000000000e-01,  1.363575251554410e+01
s510        , -1.886667658587990e+01, -1.901490212690340e+01,  1.469544185817693e+00,  3.127572016460906e-01,  1.123381788830528e+01
s511        , -2.270091090950000e+01, -2.347589254457012e+01,  1.186131788024199e+00,  5.492957746478874e-01,  1.575071222087609e+01
s512        , -2.052865138648571e+01, -2.088723878261692e+01,  1.378490596383003e+00,  7.874015748031496e-02,  1.440147171471724e+01
s513        , -1.872228566034903e+01, -1.849523676522025e+01,  1.561742878931976e+00,  0.000000000000000e+00,  1.186502347168211e+01
s514        , -2.338235400416073e+01, -2.343450330956702e+01,  1.384058635024498e+00,  4.525139664804469e-01,  1.643617611591547e+01
s515        , -2.063189590001077e+01, -2.111183485847648e+01,  1.509414389027757e+00,  0.000000000000000e+00,  1.524388970715969e+01
s516        , -2.353360034901451e+01, -2.347799160431532e+01,  1.353449509722976e+00,  4.807692307692308e-01,  1.633098011813252e+01
s517        , -2.274108402549141e+01, -2.244541754595048e+01,  1.388876462254968e+00,  3.516483516483516e-01,  1.549808206942169e+01
s518        , -2.095244706423326e+01, -2.142469495820645e+01,  1.425524002196435e+00,  0.000000000000000e+00,  1.549607729097999e+01
s519        , -2.165153402286209e+01, -2.124990918982587e+01,  1.382030219529194e+00,  6.206896551724138e-01,  1.291153413779788e+01
s520        , -1.917430642162448e+01, -1.980503752619824e+01,  1.303773950236008e+00,  3.285714285714286e-01,  1.190310894601459e+01
s521        , -2.048146586988528e+01, -2.039482338563746e+01,  1.083940928889119e+00,  2.990654205607476e-01,  1.236565122136660e+01
s522        , -1.837039701152461e+01, -1.808996566062666e+01,  1.812716119213762e+00,  0.000000000000000e+00,  1.181662558753012e+01
s523        , -2.237538522976599e+01, -2.228295956983879e+01,  1.355897645739343e+00,  2.878787878787879e-01,  1.545035831006585e+01
s524        , -2.219430447580721e+01, -2.249890759127076e+01,  1.091938069207795e+00,  7.416267942583732e-01,  1.356425278087907e+01
s525        , -2.096151325596525e+01, -2.116160573938191e+01,  1.230145803269934e+00,  1.377777777777778e-01,  1.426078068958011e+01
s526        , -2.193172581512368e+01, -2.187303018402084e+01,  1.456152020173351e+00,  4.590163934426229e-01,  1.447598007865737e+01
s527        , -2.063376120076111e+01, -2.119085482613087e+01,  1.363358772763515e+00,  6.381909547738693e-01,  1.273253378605974e+01
s528        , -1.776721144005281e+01, -1.864115368534355e+01,  1.716104384969938e+00,  2.873134328358209e-01,  1.131165728132457e+01
s529        , -2.226349149791107e+01, -2.260002731277442e+01,  1.233827072509097e+00,  4.565217391304348e-01,  1.501754529470892e+01
s530        , -2.300566448791293e+01, -2.241039519696306e+01,  1.651418991544024e+00,  3.242009132420091e-01,  1.606514424096265e+01
s531        , -1.846679125419261e+01, -1.815292563078007e+01,  1.283112188410368e+00,  6.557377049180328e-02,  1.062523611354124e+01
s532        , -1.859817726729017e+01, -1.928075031761658e+01,  1.443802915985507e+00,  0.000000000000000e+00,  1.267945756288998e+01
s533        , -2.134099683522431e+01, -2.213407658625058e+01,  1.279238774697666e+00,  3.800000000000000e-01,  1.476591623920543e+01
s534        , -2.286936511308830e+01, -2.318060792314760e+01,  1.369082831430031e+00,  5.159817351598173e-01,  1.583729699624593e+01
s535        , -1.777040539985326e+01, -1.800850583615751e+01,  1.471870565839934e+00,  0.000000000000000e+00,  1.104171463067964e+01
s536        , -1.995222678224889e+01, -2.019894075591346e+01,  1.312363843002906e+00,  1.473214285714286e-01,  1.310594758547707e+01
s537        , -2.015268820600640e+01, -2.077337789339508e+01,  1.595973442507778e+00,  4.745762711864407e-01,  1.322956734080835e+01
s538        , -1.740140208992538e+01, -1.764049667978442e+01,  1.569688298596786e+00,  4.366812227074236e-02,  1.058390112673434e+01
s539        , -1.924950405987826e+01, -1.998885490413482e+01,  1.519561944383169e+00,  7.352941176470588e-02,  1.350113716033931e+01
s540        , -2.157643164881004e+01, -2.160037446224409e+01,  1.311332641599784e+00,  5.967741935483871e-01,  1.332689830253135e+01
s541        , -1.586673793577160e+01, -1.608308981487299e+01,  1.737621377217216e+00,  0.000000000000000e+00,  8.999770868235213e+00
s542        , -2.009907109345192e+01, -1.980113676797390e+01,  1.443870165597130e+00,  0.000000000000000e+00,  1.337192595920160e+01
s543        , -1.879069098033760e+01, -1.870768825664352e+01,  1.472112182695699e+00,  2.644628099173554e-01,  1.100649963317823e+01
s544        , -2.248614661420541e+01, -2.240054340157777e+01,  1.390754985097693e+00,  7.154471544715447e-01,  1.411334851630438e+01
s545        , -1.987972862262733e+01, -1.995689659582687e+01,  1.925025039417495e+00,  4.980988593155893e-01,  1.270085677365125e+01
s546        , -2.126472237694319e+01, -2.070011000407234e+01,  1.212744554647548e+00,  5.494505494505494e-02,  1.391529558052589e+01
s547        , -1.738356621674509e+01, -1.811146104759653e+01,  1.617542543583896e+00,  2.470588235294118e-01,  1.056122053803580e+01
s548        , -1.943625792183643e+01, -1.979169637410398e+01,  1.964997546528311e+00,  4.494382022471910e-01,  1.273696094547664e+01
s549        , -2.233202963006129e+01, -2.282216238888594e+01,  1.256108073975008e+00,  5.142857142857142e-01,  1.514567949532016e+01
s550        , -2.412763530103872e+01, -2.404424475443448e+01,  1.294938232246587e+00,  4.421052631578947e-01,  1.711113138231590e+01
s551        , -1.731823103856605e+01, -1.726877689228032e+01,  1.731484053447883e+00,  0.000000000000000e+00,  1.056524083754167e+01
s552        , -2.060923402045430e+01, -2.109708663377669e+01,  1.270989077681669e+00,  2.666666666666667e-01,  1.378407108205701e+01
s553        , -1.992869680942914e+01, -1.980468211633986e+01,  1.325431939431558e+00,  7.305936073059360e-02,  1.287819773331189e+01
s554        , -1.812921854031919e+01, -1.782701284003371e+01,  1.601634801366189e+00,  0.000000000000000e+00,  1.105400935992092e+01
s555        , -2.102602816640752e+01, -2.006675794701857e+01,  1.567183727845908e+00,  5.555555555555556e-01,  1.193739963474790e+01
s556        , -1.941820686683750e+01, -1.938479072875407e+01,  1.680280652130167e+00,  3.961352657004831e-01,  1.183350778312954e+01
s557        , -2.190718211184164e+01, -2.147433646293282e+01,  1.456192777882694e+00,  5.063291139240507e-01,  1.377282572994624e+01
s558        , -1.909304407213536e+01, -1.882199401350977e+01,  1.594331707150263e+00,  7.655502392344497e-02,  1.208387656946085e+01
s559        , -2.023025085829861e+01, -1.980186479306261e+01,  1.444248926355941e+00,  2.369668246445497e-02,  1.328708764342597e+01
s560        , -2.107002513254548e+01, -2.136464289179654e+01,  1.333425303298581e+00,  0.000000000000000e+00,  1.523608033661852e+01
s561        , -2.121559386756793e+01, -2.104335716793665e+01,  1.216613384965505e+00,  5.638766519823789e-01,  1.252075208371225e+01
s562        , -1.764234380631898e+01, -1.803479244614587e+01,  1.678109122334386e+00,  0.000000000000000e+00,  1.147999324539413e+01
s563        , -1.646928563220792e+01, -1.633938188546601e+01,  2.004240212930620e+00,  0.000000000000000e+00,  9.862130856534749e+00
s564        , -1.863449571719480e+01, -1.840517980197052e+01,  1.399271985566773e+00,  0.000000000000000e+00,  1.142749205093428e+01
s565        , -2.028655126138008e+01, -2.015474433184011e+01,  1.496771374310311e+00,  0.000000000000000e+00,  1.394582551120427e+01
s566        , -1.821002786093300e+01, -1.797271626353293e+01,  1.687402696814229e+00,  0.000000000000000e+00,  1.141557921735863e+01
s567        , -2.066943738863287e+01, -2.083409405045270e+01,  1.215903110457564e+00,  9.139784946236559e-02,  1.396659158415362e+01
s568        , -2.062629415098700e+01, -2.034739303379687e+01,  1.482817483256244e+00,  3.940886699507389e-02,  1.403091020611629e+01
s569        , -2.065075063553067e+01, -2.091821169202303e+01,  1.857194868818430e+00,  3.764705882352941e-01,  1.429139743359223e+01
s570        , -2.031634942577389e+01, -2.037049839026689e+01,  1.253291914831562e+00,  0.000000000000000e+00,  1.375673887454256e+01
s571        , -2.047206271335130e+01, -2.043056968593300e+01,  1.303902401104709e+00,  0.000000000000000e+00,  1.393562987123336e+01
s572        , -2.393038589894997e+01, -2.344301876581650e+01,  1.502773485241523e+00,  3.551401869158878e-01,  1.703529506879304e+01
s573        , -1.926109501090367e+01, -1.937971638479560e+01,  1.417662689740789e+00,  1.472868217054264e-01,  1.222206994885711e+01
s574        , -2.085894290369713e+01, -2.015745136178874e+01,  1.595476746513375e+00,  0.000000000000000e+00,  1.414244856641143e+01
s575        , -2.021973442813006e+01, -2.091564332635193e+01,  1.317787944702198e+00,  2.398190045248869e-01,  1.373224638651599e+01
s576        , -1.844714179521902e+01, -1.853455089845286e+01,  1.469375949310178e+00,  1.339712918660287e-01,  1.124739718881762e+01
s577        , -1.949977509463960e+01, -1.919462267237967e+01,  1.363183756517374e+00,  1.461187214611872e-01,  1.187354697295929e+01
s578        , -2.108198153892643e+01, -2.104787991238513e+01,  1.442299735719248e+00,  1.967871485943775e-01,  1.430883010784320e+01
s579        , -2.029210259566103e+01, -2.011159707473818e+01,  1.530926544710127e+00,  0.000000000000000e+00,  1.395521271676762e+01
s580        , -2.195204710511243e+01, -2.192822719343823e+01,  1.515540312976233e+00,  3.937007874015748e-01,  1.490410417321991e+01
s581        , -2.000078291173359e+01, -1.999956126305036e+01,  1.337676579077414e+00,  0.000000000000000e+00,  1.342825054221829e+01
s582        , -2.354247422413414e+01, -2.337567197000315e+01,  1.281371299086404e+00,  5.412844036697247e-01,  1.583287986263723e+01
s583        , -1.881717670098672e+01, -1.930644856476115e+01,  1.423128715527529e+00,  0.000000000000000e+00,  1.267321817223502e+01
s584        , -2.079214981383572e+01, -2.029137670420236e+01,  1.229317767461875e+00,  2.808988764044944e-02,  1.350199800229880e+01
s585        , -2.214462266832296e+01, -2.209519457156222e+01,  1.359247409716483e+00,  4.708994708994709e-01,  1.453865312328435e+01
s586        , -1.671124709479596e+01, -1.646739564629698e+01,  1.782371790516529e+00,  0.000000000000000e+00,  9.598573121860897e+00
s587        , -1.722924462132460e+01, -1.706812957461138e+01,  1.745601491849599e+00,  4.035874439461883e-02,  1.017849850463892e+01
s588        , -2.306180681354529e+01, -2.289197404126875e+01,  1.324688160225788e+00,  5.714285714285714e-01,  1.516396616537394e+01
s589        , -2.054966159202169e+01, -2.083627773181080e+01,  2.061562969200731e+00,  3.539518900343643e-01,  1.466428381476465e+01
s590        , -2.302597507766974e+01, -2.322910515260089e+01,  1.461873910119341e+00,  4.691358024691358e-01,  1.625437080770972e+01
s591        , -2.031576031139625e+01, -2.050948553998014e+01,  1.298861676220050e+00,  0.000000000000000e+00,  1.403076446043130e+01
s592        , -1.675983730084032e+01, -1.678573061758756e+01,  1.740215126431548e+00,  1.054687500000000e-01,  9.554451927968445e+00
s593        , -1.833051427645905e+01, -1.882483378181153e+01,  1.554463704225350e+00,  4.090909090909091e-01,  1.079516807827938e+01
s594        , -1.700453572465554e+01, -1.685399855441527e+01,  1.698159425199778e+00,  0.000000000000000e+00,  9.948240589377303e+00
s595        , -2.121342929627275e+01, -2.050120215793395e+01,  1.288444489613787e+00,  4.764397905759162e-01,  1.225926807140859e+01
s596        , -1.895402289388661e+01, -1.865340215160390e+01,  1.984922232863510e+00,  3.348416289592760e-01,  1.168004737387136e+01
s597        , -2.389559541191659e+01, -2.438519837762003e+01,  1.137130112537599e+00,  5.865384615384616e-01,  1.672863236295061e+01
s598        , -1.923753651242740e+01, -1.925353006248395e+01,  1.418704973233053e+00,  2.837837837837838e-01,  1.155769737800565e+01
s599        , -2.358158831573873e+01, -2.310496153074930e+01,  1.386807005672907e+00,  4.170854271356784e-01,  1.613251485100199e+01
s600        , -1.942143232536245e+01, -2.007405093214111e+01,  2.168496381790400e+00,  3.704918032786885e-01,  1.379889855927800e+01
s601        , -2.073803555561576e+01, -2.080465015452479e+01,  1.157769695664395e+00,  1.500000000000000e-01,  1.359970372282023e+01
s602        , -1.821856306700227e+01, -1.836529558031292e+01,  1.280252158135283e+00,  2.248803827751196e-01,  1.032034943977535e+01
s603        , -1.722454836479658e+01, -1.722114289008267e+01,  1.675076510602438e+00,  0.000000000000000e+00,  1.039156043719634e+01
s604        , -1.805154515236764e+01, -1.790969783184136e+01,  1.473497766600217e+00,  1.161048689138577e-01,  1.048938897732969e+01
s605        , -2.021935755598555e+01, -2.041764927477964e+01,  1.239280195985373e+00,  3.221757322175732e-01,  1.261538441611977e+01
s606        , -1.827906736534894e+01, -1.800205987185086e+01,  1.513384517587472e+00,  0.000000000000000e+00,  1.111432061151542e+01
s607        , -2.237721630921111e+01, -2.257122405783632e+01,  1.286826926188333e+00,  5.133928571428571e-01,  1.487515672270770e+01
s608        , -2.098562136420296e+01, -2.129661129488159e+01,  1.513501878496484e+00,  3.054393305439331e-01,  1.438215626338870e+01
s609        , -1.946776205882490e+01, -1.921629731266944e+01,  1.616530970904818e+00,  0.000000000000000e+00,  1.293148275225396e+01
s610        , -2.069261977150295e+01, -2.054408406646683e+01,  1.960076139599400e+00,  5.234899328859061e-01,  1.345787517398978e+01
s611        , -2.170289912291919e+01, -2.144751786775944e+01,  1.692255959451611e+00,  6.028880866425993e-01,  1.384611159628168e+01
s612        , -1.930046031145336e+01, -1.914075046623307e+01,  1.344223849007075e+00,  1.589743589743590e-01,  1.171784440445263e+01
s613        , -2.385958137896088e+01, -2.384608547682303e+01,  1.255842982559314e+00,  4.623655913978494e-01,  1.669704568041845e+01
s614        , -1.933674081040147e+01, -1.910623886976246e+01,  1.521565076612823e+00,  7.281553398058252e-02,  1.233340425560398e+01
s615        , -1.973716697922491e+01, -1.964155282201138e+01,  1.367860293511486e+00,  6.250000000000000e-02,  1.278270194924501e+01
s616        , -1.815004309366292e+01, -1.795478735593465e+01,  1.653897785318126e+00,  0.000000000000000e+00,  1.132620615295482e+01
s617        , -1.832352306169715e+01, -1.896417698778882e+01,  1.295112798412162e+00,  3.250000000000000e-01,  1.078051104002229e+01
s618        , -1.700993990522181e+01, -1.715313364558528e+01,  1.975523190211869e+00,  0.000000000000000e+00,  1.088861220348914e+01
s619        , -2.331208521979489e+01, -2.342589544613129e+01,  1.115070680493697e+00,  6.850000000000001e-01,  1.504959876040769e+01
s620        , -2.294394567846179e+01, -2.325428251030411e+01,  1.323225342129858e+00,  4.210526315789473e-01,  1.619235026550474e+01
s621        , -2.117716243218820e+01, -2.129226942889377e+01,  1.232260336228502e+00,  0.000000000000000e+00,  1.494196126656608e+01
s622        , -2.002792552777272e+01, -1.931895058428100e+01,  1.742404348707617e+00,  4.745762711864407e-01,  1.158090638310814e+01
s623        , -1.988853831837967e+01, -1.940802908869097e+01,  1.568349890781758e+00,  0.000000000000000e+00,  1.309234848349534e+01
s624        , -2.364575476956619e+01, -2.315612100129084e+01,  1.474732449908039e+00,  4.396135265700483e-01,  1.629024035441051e+01
s625        , -2.144171537166414e+01, -2.138517375388655e+01,  1.254102689828390e+00,  6.946902654867256e-01,  1.257105451791261e+01
s626        , -2.037069722396305e+01, -2.022023593903379e+01,  1.334827548691371e+00,  2.631578947368421e-02,  1.362015765164471e+01
s627        , -1.998545144661707e+01, -1.988573561588834e+01,  1.487005175347883e+00,  0.000000000000000e+00,  1.356883057083668e+01
s628        , -2.158119065398551e+01, -2.119158289002888e+01,  1.306241869198055e+00,  4.504950495049505e-01,  1.330733170411377e+01
s629        , -1.843917864187274e+01, -1.831990623525252e+01,  1.654884705421828e+00,  0.000000000000000e+00,  1.181390061599216e+01
s630        , -1.962256463480217e+01, -2.006261963125751e+01,  1.264542861577684e+00,  0.000000000000000e+00,  1.336912983462380e+01
s631        , -2.101091990223662e+01, -2.048518609483127e+01,  1.775416647940356e+00,  3.590909090909091e-01,  1.361884388666149e+01
s632        , -2.022844039713042e+01, -1.965473571271336e+01,  1.350848184958209e+00,  1.032608695652174e-01,  1.261810186785853e+01
s633        , -2.473876586737651e+01, -2.512962251765108e+01,  1.238324768598389e+00,  5.294117647058824e-01,  1.812556905011127e+01
s634        , -2.051539403555230e+01, -2.044506357068688e+01,  1.322516667678669e+00,  0.000000000000000e+00,  1.399131374639726e+01
s635        , -2.382235458298951e+01, -2.436390836620962e+01,  1.177331584996645e+00,  5.875706214689266e-01,  1.677515304115082e+01
s636        , -1.910586081968059e+01, -1.965005128063470e+01,  2.101370588666537e+00,  4.370370370370371e-01,  1.286048706243918e+01
s637        , -1.917066616024459e+01, -1.870776475270757e+01,  1.610097369225395e+00,  0.000000000000000e+00,  1.224233550055599e+01
s638        , -2.192001400012589e+01, -2.154278908952435e+01,  1.317858652757925e+00,  4.883720930232558e-01,  1.365896476083977e+01
s639        , -2.010078758798683e+01, -1.986762453629483e+01,  1.373686136872688e+00,  4.938271604938271e-02,  1.314277515193250e+01
s640        , -1.983289623130970e+01, -1.957842751841046e+01,  1.519139341245667e+00,  9.756097560975610e-02,  1.286649584605885e+01
s641        , -2.307886864739055e+01, -2.297482982349391e+01,  1.470016364969957e+00,  4.905660377358491e-01,  1.585372871735673e+01
s642        , -2.260273435105626e+01, -2.285578937590634e+01,  1.299358032729714e+00,  4.830917874396136e-01,  1.538892430913656e+01
s643        , -2.012782689900612e+01, -1.981489475525021e+01,  1.427673084428734e+00,  9.333333333333334e-02,  1.301767399173636e+01
s644        , -1.902512926743999e+01, -1.920685459461360e+01,  1.123066390525524e+00,  3.141592920353982e-01,  1.080652749985080e+01
s645        , -2.049081123370357e+01, -2.034085160867491e+01,  1.281707611415287e+00,  0.000000000000000e+00,  1.377286376892369e+01
s646        , -2.159630341817387e+01, -2.194576302471843e+01,  1.302135585675383e+00,  3.370165745856354e-01,  1.471714269485131e+01
s647        , -2.046804100673445e+01, -2.001689287790238e+01,  1.382240261782651e+00,  0.000000000000000e+00,  1.353845473597210e+01
s648        , -2.112203592795417e+01, -2.077725284673152e+01,  1.443001949687551e+00,  3.625498007968128e-01,  1.334473714951294e+01
s649        , -2.130712394597167e+01, -2.155056846523284e+01,  1.399820745709772e+00,  3.551912568306011e-01,  1.431601160128836e+01
s650        , -1.872664219670308e+01, -1.931294090716242e+01,  1.390510570761931e+00,  3.114754098360656e-01,  1.148046584099941e+01
s651        , -2.286060777226206e+01, -2.281524883137272e+01,  1.397372255927886e+00,  3.062200956937799e-01,  1.617264787294776e+01
s652        , -2.513277458672901e+01, -2.524939286395793e+01,  1.347441633534708e+00,  4.656084656084656e-01,  1.873132576248845e+01
s653        , -2.212366926194319e+01, -2.190235958402557e+01,  1.551191104593896e+00,  5.725806451612904e-01,  1.428608113500775e+01
s654        , -2.219498706816524e+01, -2.226185827273425e+01,  1.537179033118144e+00,  5.175097276264592e-01,  1.493810326988803e+01
s655        , -2.136195741190379e+01, -2.144103128434060e+01,  1.655104593998755e+00,  5.038759689922481e-01,  1.412645370250185e+01
s656        , -2.204727614381470e+01, -2.138087796824154e+01,  1.750351582739649e+00,  3.640552995391705e-01,  1.474335072215601e+01
s657        , -2.036339525797458e+01, -1.997472882412581e+01,  1.294708784280584e+00,  0.000000000000000e+00,  1.331118784984449e+01
s658        , -1.602366185676991e+01, -1.591401601703582e+01,  1.974332814678286e+00,  2.074688796680498e-02,  9.161953139004774e+00
s659        , -1.871169938684588e+01, -1.890442189838141e+01,  1.488572226470891e+00,  0.000000000000000e+00,  1.226632739803797e+01
s660        , -2.183022460938435e+01, -2.151165676168666e+01,  1.182097407919258e+00,  1.299435028248588e-01,  1.466115148817675e+01
s661        , -2.183692812512830e+01, -2.212629486504375e+01,  1.350236181619466e+00,  4.463276836158192e-01,  1.465215181979173e+01
s662        , -1.575332316936146e+01, -1.565689536142036e+01,  2.005183644189429e+00,  0.000000000000000e+00,  8.955976345446677e+00
s663        , -2.161244100467384e+01, -2.154885095529384e+01,  1.440745831493015e+00,  3.461538461538461e-01,  1.442676431160421e+01
s664        , -1.792030659393350e+01, -1.755834976930088e+01,  1.783439258757811e+00,  0.000000000000000e+00,  1.105209688642420e+01
s665        , -2.036353189911458e+01, -2.031689254213916e+01,  1.471148676722365e+00,  3.255813953488372e-01,  1.292232258090890e+01
s666        , -1.896012969757172e+01, -1.838606480089559e+01,  1.290976579654015e+00,  0.000000000000000e+00,  1.119028574484320e+01
s667        , -1.834472710605888e+01, -1.842970874336774e+01,  1.800610003118144e+00,  2.727272727272727e-01,  1.124887155080778e+01
s668        , -2.315183675604283e+01, -2.316760373879541e+01,  1.135793640608613e+00,  6.534653465346535e-01,  1.486165883131973e+01
s669        , -2.168824836514504e+01, -2.147689691203590e+01,  1.094872565094014e+00,  1.477272727272727e-01,  1.437938319635824e+01
s670        , -1.765957516951316e+01, -1.779229119357557e+01,  1.803230409463194e+00,  0.000000000000000e+00,  1.140204142489034e+01
s671        , -1.925271531654228e+01, -1.956012552139322e+01,  1.252026901772718e+00,  1.705069124423963e-01,  1.205337832170705e+01
s672        , -2.010246672918431e+01, -2.003379117339626e+01,  1.696523573981928e+00,  5.580524344569289e-01,  1.213734858377546e+01
s673        , -2.045224673553428e+01, -2.018388298478410e+01,  1.453112382665197e+00,  0.000000000000000e+00,  1.389921583185920e+01
s674        , -1.961862741224291e+01, -1.944588950351927e+01,  1.468314793121204e+00,  6.698564593301436e-02,  1.270244498393146e+01
s675        , -1.819835804307071e+01, -1.827085956587791e+01,  1.574030572026234e+00,  0.000000000000000e+00,  1.159053466517055e+01
s676        , -2.030955144796039e+01, -1.995327455502201e+01,  1.391917343532062e+00,  3.301886792452830e-02,  1.335214389042429e+01
s677        , -1.708028116046972e+01, -1.762905339403228e+01,  1.681679033198440e+00,  2.000000000000000e-01,  1.021670600869125e+01
s678        , -1.996975063415185e+01, -1.980955324186779e+01,  1.212352294671674e+00,  4.072398190045249e-02,  1.278164627503913e+01
s679        , -2.075675552323975e+01, -2.080855560647066e+01,  1.204868040475136e+00,  5.687203791469194e-02,  1.403713397147316e+01
s680        , -1.844365265503332e+01, -1.865836924125882e+01,  1.513110081642143e+00,  0.000000000000000e+00,  1.198695653585989e+01
s681        , -1.908965101407623e+01, -1.910146001112921e+01,  2.152700137543590e+00,  3.745928338762215e-01,  1.245906773057804e+01
s682        , -2.132701003782740e+01, -2.168818579169655e+01,  1.453337565539844e+00,  9.349593495934959e-02,  1.555954734923685e+01
s683        , -2.134055790648813e+01, -2.110790460296504e+01,  1.346102030150416e+00,  8.093385214007782e-01,  1.196334473455133e+01
s684        , -2.228765611405496e+01, -2.188962640452597e+01,  1.441644029500304e+00,  4.589371980676328e-01,  1.446997856213854e+01
s685        , -2.220524684044785e+01, -2.259575958585710e+01,  1.992350469717705e+00,  4.583333333333333e-01,  1.648856791117663e+01
s686        , -2.092862014660340e+01, -2.084074506334341e+01,  1.414635201152288e+00,  1.886792452830189e-02,  1.462896892305781e+01
s687        , -2.266843571203506e+01, -2.267125048983822e+01,  1.182895739029900e+00,  6.274509803921569e-01,  1.438841854652308e+01
s688        , -1.791243182954496e+01, -1.813946001510208e+01,  1.955675872826607e+00,  3.824561403508772e-01,  1.076518912705497e+01
s689        , -2.022924986754604e+01, -2.022042341246621e+01,  1.228667752755639e+00,  0.000000000000000e+00,  1.350892152428879e+01
s690        , -1.926971843911773e+01, -1.925936618305318e+01,  1.570304758678615e+00,  2.972972972972973e-01,  1.181256468711976e+01
s691        , -1.839442212707931e+01, -1.852658938868569e+01,  2.360058561422427e+00,  3.536121673003803e-01,  1.217636750984857e+01
s692        , -1.811967055159425e+01, -1.812130357004294e+01,  1.511120585299126e+00,  0.000000000000000e+00,  1.126853861561337e+01
s693        , -1.897178714286070e+01, -1.880788508093852e+01,  1.604122592948619e+00,  5.140186915887850e-02,  1.217611910435158e+01
s694        , -2.117746495604092e+01, -2.035909517240339e+01,  1.319739706714547e+00,  5.000000000000000e-01,  1.204535457910931e+01
s695        , -2.262578130233349e+01, -2.222389663955957e+01,  1.671933598152614e+00,  3.266932270916335e-01,  1.584803555142481e+01
s696        , -2.110358706695218e+01, -2.105569179756989e+01,  1.266819937361576e+00,  6.809523809523810e-01,  1.220774635421528e+01
s697        , -2.080079623838923e+01, -2.054394055827231e+01,  1.365294865449402e+00,  0.000000000000000e+00,  1.420651664250340e+01
s698        , -2.284382050270110e+01, -2.275540145219744e+01,  1.552236579916015e+00,  3.488372093023256e-01,  1.624021659466149e+01
s699        , -1.710021253686445e+01, -1.725728606904523e+01,  1.790592005594803e+00,  0.000000000000000e+00,  1.066554063150242e+01
s700        , -1.768315556313765e+01, -1.733222504541962e+01,  1.862134327632046e+00,  0.000000000000000e+00,  1.090514489355520e+01
s701        , -1.903295584190279e+01, -1.955485796958421e+01,  2.012548434868060e+00,  4.536082474226804e-01,  1.249962142759825e+01
s702        , -1.837939645173277e+01, -1.827726046128153e+01,  1.463754306486035e+00,  0.000000000000000e+00,  1.138340179615064e+01
s703        , -2.091048572489854e+01, -2.055954337714261e+01,  1.362395594454139e+00,  7.102040816326531e-01,  1.162772149900116e+01
s704        , -2.101614044515869e+01, -2.101487201790174e+01,  1.251441509436986e+00,  0.000000000000000e+00,  1.461041329043226e+01
s705        , -1.998067347119072e+01, -1.997651313073964e+01,  1.220160957852924e+00,  1.878172588832487e-01,  1.248181460466569e+01
s706        , -2.205053681559340e+01, -2.189112717712407e+01,  1.427061565793734e+00,  4.751131221719457e-01,  1.438437929848286e+01
s707        , -2.095566328486310e+01, -2.084450494931127e+01,  1.366543957556220e+00,  1.345291479820628e-02,  1.455970448329908e+01
s708        , -2.098548818691052e+01, -2.052045513884928e+01,  1.690854318400755e+00,  0.000000000000000e+00,  1.481191300800673e+01
s709        , -2.115794840593145e+01, -2.178074238338283e+01,  1.434323210409715e+00,  1.482889733840304e-01,  1.544538303135428e+01
s710        , -2.144561556804213e+01, -2.196159148830349e+01,  1.209603040322000e+00,  5.916230366492147e-01,  1.362734976257496e+01
s711        , -2.158487030708884e+01, -2.174040125586293e+01,  1.183877921145573e+00,  5.904761904761905e-01,  1.328695433940170e+01
s712        , -1.701606937532507e+01, -1.700508208366375e+01,  1.809288905131857e+00,  0.000000000000000e+00,  1.036656369026571e+01
s713        , -2.069677260469373e+01, -2.044806530223585e+01,  1.277730501301184e+00,  0.000000000000000e+00,  1.390772653917274e+01
s714        , -1.667903695847065e+01, -1.649077841829834e+01,  1.909735806438819e+00,  0.000000000000000e+00,  9.878746674623725e+00
s715        , -1.903979308955687e+01, -1.904661765656556e+01,  1.487803696377846e+00,  0.000000000000000e+00,  1.245400578081391e+01
s716        , -1.775292931769286e+01, -1.745624393983147e+01,  1.619531191398089e+00,  0.000000000000000e+00,  1.059572487224863e+01
s717        , -1.980553907801730e+01, -2.065697862544034e+01,  1.556680151338169e+00,  2.683823529411765e-01,  1.375095082434055e+01
s718        , -2.205506805307129e+01, -2.189294717306745e+01,  1.563489439284405e+00,  3.149606299212598e-01,  1.523851599721952e+01
s719        , -2.211926724507942e+01, -2.228052286102058e+01,  1.341259104294437e+00,  5.000000000000000e-01,  1.464375832979663e+01
s720        , -2.227273745316376e+01, -2.272441838182393e+01,  1.125384933155389e+00,  5.283018867924528e-01,  1.470881339265356e+01
s721        , -1.785735939085095e+01, -1.810748750403715e+01,  1.748183765439127e+00,  5.434782608695652e-02,  1.151524704805075e+01
s722        , -2.185625504194673e+01, -2.167000587209400e+01,  1.312462940016638e+00,  5.682819383259912e-01,  1.352581072750537e+01
s723        , -2.033801839240394e+01, -1.963196943683438e+01,  1.462416439655675e+00,  2.970297029702970e-02,  1.307464439179439e+01
s724        , -2.101306363073858e+01, -2.075177885391633e+01,  1.343326771809071e+00,  4.079601990049751e-01,  1.295007504023640e+01
s725        , -1.977835943733275e+01, -2.067241402598606e+01,  1.754296445125963e+00,  6.159695817490494e-01,  1.288843599701539e+01
s726        , -1.782642809085736e+01, -1.839501932084614e+01,  1.484002305214981e+00,  2.697095435684647e-01,  1.059460484851916e+01
s727        , -2.098840179836340e+01, -2.045232704640796e+01,  1.700359552840400e+00,  0.000000000000000e+00,  1.473986125544507e+01
s728        , -2.135488943619893e+01, -2.065402494941986e+01,  1.600971299723855e+00,  3.465346534653465e-01,  1.354819767991309e+01
s729        , -1.830313789299144e+01, -1.865607974125529e+01,  1.935677303288374e+00,  3.821138211382114e-01,  1.141465706390808e+01
s730        , -1.974102380594271e+01, -1.988974116076534e+01,  1.294689059054438e+00,  1.033057851239669e-01,  1.282077474741319e+01
s731        , -1.858542568590836e+01, -1.870646213749518e+01,  1.192159437415065e+00,  2.844036697247707e-01,  1.038458156789735e+01
s732        , -1.728575125425960e+01, -1.797039711921939e+01,  1.629440311741574e+00,  0.000000000000000e+00,  1.129914644447386e+01
s733        , -2.189672381410002e+01, -2.250958435356765e+01,  1.231338508786403e+00,  5.120772946859903e-01,  1.468944495786918e+01
s734        , -1.907291800543370e+01, -1.934473845046290e+01,  1.497845636775086e+00,  1.444444444444444e-01,  1.234271589486634e+01
s735        , -2.104653345651221e+01, -2.050164283672517e+01,  1.121668270264391e+00,  1.067415730337079e-01,  1.328396978542303e+01
s736        , -1.839280423093862e+01, -1.856038815091086e+01,  2.099352120608924e+00,  3.976833976833977e-01,  1.155055276785412e+01
s737        , -2.165426899727042e+01, -2.194956921935078e+01,  1.180576209847244e+00,  6.019900497512438e-01,  1.351672856631304e+01
s738        , -1.806822955624155e+01, -1.844409820130419e+01,  1.762544158821795e+00,  1.107011070110701e-01,  1.178534614517284e+01
s739        , -1.955458939471557e+01, -2.024750850510438e+01,  1.467780807339904e+00,  4.333333333333333e-01,  1.242988286212224e+01
s740        , -1.834079412742093e+01, -1.858340675307846e+01,  1.374649173723752e+00,  6.296296296296296e-02,  1.138649941005885e+01
s741        , -2.108323768665554e+01, -2.079865896121151e+01,  1.246032829675988e+00,  0.000000000000000e+00,  1.431218046165300e+01
s742        , -1.784982580383593e+01, -1.769209254686905e+01,  1.651954116238378e+00,  0.000000000000000e+00,  1.097290862335469e+01
s743        , -2.007117762213282e+01, -2.055964973106504e+01,  1.724083317127734e+00,  0.000000000000000e+00,  1.492903898581072e+01
s744        , -2.048858578542649e+01, -2.060283642812902e+01,  1.263648217669090e+00,  7.692307692307693e-02,  1.380515331292497e+01
s745        , -2.120349313282904e+01, -2.107519077299211e+01,  1.304596027285549e+00,  4.010989010989011e-01,  1.332967177626812e+01
s746        , -1.892251493836264e+01, -1.880402503113612e+01,  1.487889739631486e+00,  1.477832512315271e-01,  1.159167200253645e+01
s747        , -2.116880416688591e+01, -2.119708446313803e+01,  1.130638279361947e+00,  2.756756756756757e-01,  1.360974683215372e+01
s748        , -2.167842994358758e+01, -2.145501077356624e+01,  1.182002834738575e+00,  6.349206349206349e-02,  1.482830423361539e+01
s749        , -2.059667445248301e+01, -2.084640019064511e+01,  1.291755599431653e+00,  4.974358974358974e-01,  1.264832005707439e+01
s750        , -2.032384862658092e+01, -2.012263908360661e+01,  1.633811756545034e+00,  5.976095617529881e-02,  1.395283326508115e+01
s751        , -2.236553637276776e+01, -2.184196758633561e+01,  2.188281572298850e+00,  5.074626865671642e-01,  1.568941574420401e+01
s752        , -1.716732359631470e+01, -1.728146206816809e+01,  1.683464848017050e+00,  0.000000000000000e+00,  1.048821444683904e+01
s753        , -2.206691124025960e+01, -2.179455585797529e+01,  1.825258393508165e+00,  4.208633093525180e-01,  1.523272186348914e+01
s754        , -1.859855862913608e+01, -1.884127294851209e+01,  1.584520585914502e+00,  0.000000000000000e+00,  1.236994236298383e+01
s755        , -2.251644582892857e+01, -2.199858914790558e+01,  1.314585976126853e+00,  5.420560747663551e-01,  1.406290382728060e+01
s756        , -2.026279534630465e+01, -2.073718232177771e+01,  1.338496556519172e+00,  2.766798418972332e-02,  1.431015400767722e+01
s757        , -1.901185247831666e+01, -1.965553531507403e+01,  1.358125656084289e+00,  8.745247148288973e-02,  1.269113414828457e+01
s758        , -1.866312886885699e+01, -1.883127284843336e+01,  1.449020361968910e+00,  0.000000000000000e+00,  1.209166287859398e+01
s759        , -2.105033567951521e+01, -2.046081646753093e+01,  1.573294168451864e+00,  0.000000000000000e+00,  1.450267535567043e+01
s760        , -1.976737462921502e+01, -1.975760680153116e+01,  1.447050928390488e+00,  2.210526315789474e-01,  1.251288027573730e+01
s761        , -2.282845273202710e+01, -2.243176949841996e+01,  1.688344363713066e+00,  3.727272727272727e-01,  1.598855677170639e+01
s762        , -1.737428124739802e+01, -1.716492281652775e+01,  1.751437441083773e+00,  0.000000000000000e+00,  1.046608992517440e+01
s763        , -2.048674857080450e+01, -2.070081101652595e+01,  1.356703512130626e+00,  7.500000000000000e-02,  1.412449778824443e+01
s764        , -1.996103637141938e+01, -1.971994769731959e+01,  1.698798339356331e+00,  5.434782608695652e-01,  1.177748007126653e+01
s765        , -1.985538741097363e+01, -1.995226950155810e+01,  1.230560177020822e+00,  0.000000000000000e+00,  1.315586265535196e+01
s766        , -1.902823974868692e+01, -1.908344595251263e+01,  1.265468534829112e+00,  2.978723404255319e-02,  1.195942744553548e+01
s767        , -2.019726225103009e+01, -2.018440878468906e+01,  1.290830317528414e+00,  2.325581395348837e-01,  1.273319362343254e+01
s768        , -2.180287541987858e+01, -2.090989023730608e+01,  1.559997478156818e+00,  4.440000000000000e-01,  1.345250902833756e+01
s769        , -2.332774774981945e+01, -2.350608667569192e+01,  1.341683200194608e+00,  1.929824561403509e-01,  1.739643510142021e+01
s770        , -2.255011500408412e+01, -2.266448522501817e+01,  1.295695066042597e+00,  0.000000000000000e+00,  1.689164473127726e+01
s771        , -1.837836194936116e+01, -1.845574176015499e+01,  1.344717002476362e+00,  2.242990654205607e-01,  1.056886783852959e+01
s772        , -2.036442085092615e+01, -2.016379934496891e+01,  1.453401322912214e+00,  0.000000000000000e+00,  1.387306102003137e+01
s773        , -2.207703951964118e+01, -2.218455905064176e+01,  1.190518692261367e+00,  5.544554455445545e-01,  1.402241955514265e+01
s774        , -2.410464814655394e+01, -2.373740600201734e+01,  1.406651081903652e+00,  4.528301886792453e-01,  1.688219176513709e+01
s775        , -2.145476048405246e+01, -2.163421682584045e+01,  1.224980694713195e+00,  5.381165919282511e-01,  1.341729473939093e+01
s776        , -1.783304251394927e+01, -1.752466647077019e+01,  1.502993961517323e+00,  0.000000000000000e+00,  1.045886382743628e+01
s777        , -1.926023008452307e+01, -1.879637846527451e+01,  1.581611747796145e+00,  0.000000000000000e+00,  1.230452514267539e+01
s778        , -1.976550707196644e+01, -1.939193727207726e+01,  1.500140082785479e+00,  0.000000000000000e+00,  1.293755299014401e+01
s779        , -2.301809423461469e+01, -2.292769558270402e+01,  1.647042023695588e+00,  5.200000000000000e-01,  1.602969749265507e+01
s780        , -1.989864127452180e+01, -2.025104861888506e+01,  1.348896999452430e+00,  0.000000000000000e+00,  1.378477834529889e+01
s781        , -1.803783397921168e+01, -1.808418381684303e+01,  1.403634605602348e+00,  2.083333333333333e-01,  1.024806366265619e+01
s782        , -2.003060740563550e+01, -1.996852789481276e+01,  1.212485357832839e+00,  4.901960784313725e-02,  1.296311268993788e+01
s783        , -2.170310297580588e+01, -2.117415149974921e+01,  1.230439311125338e+00,  6.728110599078341e-01,  1.232393962095321e+01
s784        , -1.828106793020000e+01, -1.848341932992095e+01,  1.407413475965438e+00,  0.000000000000000e+00,  1.154750508479557e+01
s785        , -1.904288077315707e+01, -1.895444745983908e+01,  1.498568750949995e+00,  1.287128712871287e-01,  1.188233231705360e+01
s786        , -2.022975758111321e+01, -1.996489854682590e+01,  1.186942828858196e+00,  9.178743961352658e-02,  1.275213357281550e+01
s787        , -1.858814151939532e+01, -1.975869389294549e+01,  1.490583670961025e+00,  0.000000000000000e+00,  1.340680852459366e+01
s788        , -1.926046054059691e+01, -1.924755235569369e+01,  1.453263571492930e+00,  3.482587064676617e-02,  1.252659586925770e+01
s789        , -2.212378523930028e+01, -2.211224561788324e+01,  1.251564985750887e+00,  4.914285714285714e-01,  1.427578326257372e+01
s790        , -2.174169856486492e+01, -2.132347233469276e+01,  1.355165731282559e+00,  4.064171122994653e-01,  1.373945955132695e+01
s791        , -1.907773631846257e+01, -1.909053708830995e+01,  1.575396680438964e+00,  3.097345132743363e-02,  1.257060376952167e+01
s792        , -2.217884458062024e+01, -2.210138606518884e+01,  1.430624673914892e+00,  6.584362139917695e-01,  1.400152908617240e+01
s793        , -2.046845693654859e+01, -2.064776755426649e+01,  1.203464639527405e+00,  5.131578947368421e-01,  1.215397616557521e+01
s794        , -1.973890233992908e+01, -1.952169161890188e+01,  1.200268747613523e+00,  3.488372093023256e-01,  1.124971287770339e+01
s795        , -2.098054198937622e+01, -2.078943824409447e+01,  1.257963775602111e+00,  0.000000000000000e+00,  1.432324430857980e+01
s796        , -1.872193723420701e+01, -1.854643849381672e+01,  1.584306929173928e+00,  1.428571428571429e-02,  1.192509260592476e+01
s797        , -1.738396768625594e+01, -1.715368892389075e+01,  1.911573739054212e+00,  0.000000000000000e+00,  1.076429574270196e+01
s798        , -1.812351947027918e+01, -1.859807072430182e+01,  1.521156571226577e+00,  0.000000000000000e+00,  1.192246884979062e+01
s799        , -2.115781411801412e+01, -2.024321468211778e+01,  1.065672821260501e+00,  8.161434977578476e-01,  1.023969449715409e+01
s800        , -2.197753832223543e+01, -2.217875964629770e+01,  1.298030716684359e+00,  4.022988505747127e-01,  1.478066983162709e+01
s801        , -2.000340332694237e+01, -2.026778337376103e+01,  1.246816307362059e+00,  2.258064516129032e-01,  1.278270596395830e+01
s802        , -2.346278750692302e+01, -2.308142372901035e+01,  1.523643395963953e+00,  4.537037037037037e-01,  1.623504625666435e+01
s803        , -2.201425716118592e+01, -2.174400168629091e+01,  1.534851775198692e+00,  4.336734693877551e-01,  1.455077698286752e+01
s804        , -1.618324989548500e+01, -1.625110993629124e+01,  1.850454439216738e+00,  0.000000000000000e+00,  9.443958301329650e+00
s805        , -2.141738653455062e+01, -2.178443827110585e+01,  1.197553175130756e+00,  7.797356828193833e-01,  1.268105090050788e+01
s806        , -2.157933013723432e+01, -2.158778610690819e+01,  1.498841081830246e+00,  3.377192982456140e-01,  1.462297744677701e+01
s807        , -1.912040169626662e+01, -1.900493925653171e+01,  2.322598263873927e+00,  3.625730994152047e-01,  1.270679483058542e+01
s808        , -2.304047586711122e+01, -2.356114053453215e+01,  1.158120324201904e+00,  7.419354838709677e-01,  1.510577171432135e+01
s809        , -2.047218776779852e+01, -2.052270710699390e+01,  1.303161256999489e+00,  3.017241379310345e-02,  1.394656383282514e+01
s810        , -2.119146876442327e+01, -2.141865432119409e+01,  2.109686975062252e+00,  4.368932038834951e-01,  1.523027497629974e+01
s811        , -2.180116494254657e+01, -2.166829223567864e+01,  1.406966763597081e+00,  4.158415841584158e-01,  1.426509524421925e+01
s812        , -2.372646511684069e+01, -2.328792269283382e+01,  1.475820678699061e+00,  4.906542056074766e-01,  1.628130485441724e+01
s813        , -2.269928091374550e+01, -2.246940654252799e+01,  1.406979428576148e+00,  4.809523809523810e-01,  1.509314052230302e+01
s814        , -1.832573741415099e+01, -1.830129270398233e+01,  1.503973521901498e+00,  0.000000000000000e+00,  1.149402494895817e+01
s815        , -2.057906464758977e+01, -2.072671970455924e+01,  1.204663385174529e+00,  4.153846153846154e-01,  1.261845864846453e+01
s816        , -1.808215553271357e+01, -1.889685766856704e+01,  1.480202610482066e+00,  2.931726907630522e-01,  1.116913975135418e+01
s817        , -2.152086258044021e+01, -2.145911559374129e+01,  1.792280218071777e+00,  4.668989547038328e-01,  1.455381638764244e+01
s818        , -2.057353864229959e+01, -2.061694231722161e+01,  1.250824884956429e+00,  0.000000000000000e+00,  1.407979050546423e+01
s819        , -2.244567325669163e+01, -2.228498118009258e+01,  1.299031966318801e+00,  4.375000000000000e-01,  1.479538251265494e+01
s820        , -2.103220827040201e+01, -2.149961003758715e+01,  1.327238589142164e+00,  0.000000000000000e+00,  1.540354613445207e+01
s821        , -2.251724700203312e+01, -2.277908384245053e+01,  1.469034665510497e+00,  3.865979381443299e-01,  1.597110647793039e+01
s822        , -1.967652212859418e+01, -1.971373215444540e+01,  1.543957158361947e+00,  0.000000000000000e+00,  1.345136373275347e+01
s823        , -1.898228811729100e+01, -1.919884384908864e+01,  1.428378070176778e+00,  2.393162393162393e-01,  1.166626650568252e+01
s824        , -2.375965705343503e+01, -2.388995730514818e+01,  1.321743423058064e+00,  4.475138121546961e-01,  1.693852771642091e+01
s825        , -2.074394606294202e+01, -2.033968267345455e+01,  1.138661833291331e+00,  9.523809523809523e-02,  1.314373909661389e+01
s826        , -2.229590893513048e+01, -2.218591685451103e+01,  1.364572610007935e+00,  3.809523809523809e-01,  1.499828068663168e+01
s827        , -2.030439908572953e+01, -1.919650520739926e+01,  1.294174222968207e+00,  7.309236947791165e-01,  9.605213369926036e+00
s828        , -2.126632247755481e+01, -2.138395389427960e+01,  1.121646677134299e+00,  1.165048543689320e-01,  1.442212069628689e+01
s829        , -1.836528680868646e+01, -1.846092632942500e+01,  1.230931117722273e+00,  2.977777777777778e-01,  1.008488668136733e+01
s830        , -2.038358031572328e+01, -2.066668088242027e+01,  1.472536945681259e+00,  2.386363636363636e-01,  1.370795573456032e+01
s831        , -2.014217587228185e+01, -1.981147585554043e+01,  1.465733574414267e+00,  4.691943127962085e-01,  1.171479389502659e+01
s832        , -1.638297894992474e+01, -1.678545480030284e+01,  1.553690779552543e+00,  0.000000000000000e+00,  9.574534929309275e+00
s833        , -2.087813803835245e+01, -2.059120786400921e+01,  1.153443567926318e+00,  1.639344262295082e-02,  1.379524644662494e+01
s834        , -2.163260872857058e+01, -2.173259599138898e+01,  2.021959845512290e+00,  4.627831715210356e-01,  1.538184050512519e+01
s835        , -1.845033213930005e+01, -1.819098499795108e+01,  1.526694045567718e+00,  0.000000000000000e+00,  1.139169916784511e+01
s836        , -2.085703068105029e+01, -2.112280546315714e+01,  1.453270469257254e+00,  5.882352941176471e-02,  1.493385242128451e+01
s837        , -1.604298594536770e+01, -1.613919528338034e+01,  1.929728736343860e+00,  0.000000000000000e+00,  9.450087324528051e+00
s838        , -1.819387371328009e+01, -1.874206424848536e+01,  1.476057947771501e+00,  2.875000000000000e-01,  1.097581158781247e+01
s839        , -2.199016371973259e+01, -2.151562269945280e+01,  1.490831015739557e+00,  5.951417004048583e-01,  1.357111939458288e+01
s840        , -1.816847175772266e+01, -1.836946942946220e+01,  1.384996421541832e+00,  1.421800947867299e-01,  1.083278015260137e+01
s841        , -2.076446728280485e+01, -2.075520599048070e+01,  1.308276252265198e+00,  7.692307692307693e-02,  1.409514166282318e+01
s842        , -1.719569444321167e+01, -1.728421156465352e+01,  1.650312532227834e+00,  0.000000000000000e+00,  1.042704202980296e+01
s843        , -1.999816334280537e+01, -1.967403878939901e+01,  1.343239678616964e+00,  0.000000000000000e+00,  1.300604503504452e+01
s844        , -1.581596700213373e+01, -1.589711431225375e+01,  1.923134030200293e+00,  0.000000000000000e+00,  9.115119776049767e+00
s845        , -2.003183538643507e+01, -2.012425955749179e+01,  1.308345175542646e+00,  9.004739336492891e-02,  1.320791337726134e+01
s846        , -2.166933569232110e+01, -2.152169340624020e+01,  1.377301377357080e+00,  6.439999999999999e-01,  1.317873960529850e+01
s847        , -2.001719781047365e+01, -1.985573243169431e+01,  1.260105502619259e+00,  0.000000000000000e+00,  1.308520383979809e+01
s848        , -1.670780899311153e+01, -1.676802457407263e+01,  1.819403410337797e+00,  0.000000000000000e+00,  1.007095490032780e+01
s849        , -2.103364362191806e+01, -2.111393413444832e+01,  1.297453630028492e+00,  2.252747252747253e-01,  1.400941387551857e+01
s850        , -1.674889176362534e+01, -1.650425037625121e+01,  1.860273900596862e+00,  0.000000000000000e+00,  9.799945793800703e+00
s851        , -1.887785873496733e+01, -1.953040928355219e+01,  1.386643897355858e+00,  0.000000000000000e+00,  1.289983462099634e+01
s852        , -1.916613881673827e+01, -1.931173662597524e+01,  1.516004138925503e+00,  6.074766355140187e-02,  1.264000528150015e+01
s853        , -2.151831650372089e+01, -2.137559589465572e+01,  1.439650875458107e+00,  5.756302521008403e-01,  1.335600116105550e+01
s854        , -2.092228526657664e+01, -2.030490408155373e+01,  1.285510059763697e+00,  0.000000000000000e+00,  1.373247397031194e+01
s855        , -1.984690981488844e+01, -1.963133373376971e+01,  1.435982086337483e+00,  0.000000000000000e+00,  1.313058979429040e+01
s856        , -1.857995804240183e+01, -1.871736737469586e+01,  1.493160707718925e+00,  1.484716157205240e-01,  1.148417362892294e+01
s857        , -2.294003947989728e+01, -2.288483674716245e+01,  1.574378483032012e+00,  2.834224598930482e-01,  1.669463499226623e+01
s858        , -2.107902559750898e+01, -2.092132595464800e+01,  1.628175009914445e+00,  3.000000000000000e-01,  1.412697913152377e+01
s859        , -1.829183386036745e+01, -1.811872261556201e+01,  1.738313043515138e+00,  0.000000000000000e+00,  1.170938703621948e+01
s860        , -2.148418071954308e+01, -2.153710615880738e+01,  1.609214052057274e+00,  6.507352941176471e-01,  1.362815853210019e+01
s861        , -2.060440939951398e+01, -2.002944830776437e+01,  1.201853018110233e+00,  1.538461538461539e-02,  1.314621639826747e+01
s862        , -1.983634035476443e+01, -1.931128696130294e+01,  1.249321578803828e+00,  5.970149253731343e-02,  1.212172160715673e+01
s863        , -2.017821382918477e+01, -2.040402931937001e+01,  2.001058626316397e+00,  3.195488721804511e-01,  1.409654048649093e+01
s864        , -2.145828954671971e+01, -2.162310153563656e+01,  1.088431347738191e+00,  3.168316831683168e-01,  1.394368059462684e+01
s865        , -2.179521899962700e+01, -2.183822741255761e+01,  1.461897815682424e+00,  4.444444444444444e-01,  1.449413481765078e+01
s866        , -2.240641608733365e+01, -2.215957569879090e+01,  1.253195740479633e+00,  5.263157894736842e-01,  1.421452267660385e+01
s867        , -1.970162478711471e+01, -1.946444336623793e+01,  1.499200751015820e+00,  6.217616580310881e-02,  1.280509376006337e+01
s868        , -1.579821539399930e+01, -1.561142443740466e+01,  1.908795154357594e+00,  0.000000000000000e+00,  8.706989731499114e+00
s869        , -1.927595790821999e+01, -1.918440757720015e+01,  1.409929007984946e+00,  0.000000000000000e+00,  1.248503892752878e+01
s870        , -1.834436146157947e+01, -1.858050884297002e+01,  1.282106149309680e+00,  0.000000000000000e+00,  1.143163319802662e+01
s871        , -1.954632707936713e+01, -1.954418515350548e+01,  1.614373390137232e+00,  2.023346303501946e-01,  1.262450644985692e+01
s872        , -2.222687656829416e+01, -2.253184716401711e+01,  1.235278415098749e+00,  5.948275862068966e-01,  1.442453910511111e+01
s873        , -2.174135075548704e+01, -2.116497391181023e+01,  1.283803276289594e+00,  5.851063829787234e-02,  1.465969872204263e+01
s874        , -2.306987923711809e+01, -2.352176271506405e+01,  1.193819747767934e+00,  4.644549763033176e-01,  1.613663796563399e+01
s875        , -2.178123430913379e+01, -2.166166097847058e+01,  1.424245075023131e+00,  3.794871794871795e-01,  1.442283860646056e+01
s876        , -2.287277527114560e+01, -2.255079511570397e+01,  1.252664255424628e+00,  4.975124378109453e-01,  1.483917145250417e+01
s877        , -2.189016288213647e+01, -2.120360571463214e+01,  1.449528401405806e+00,  4.102564102564102e-01,  1.375049255492321e+01
s878        , -1.876974537203656e+01, -1.943742782139643e+01,  1.309151176401276e+00,  1.975806451612903e-01,  1.190296458125806e+01
s879        , -1.761744622782913e+01, -1.806018018838176e+01,  1.587911086276043e+00,  1.152263374485597e-01,  1.091654258315224e+01
s880        , -1.792977215528789e+01, -1.805004471280581e+01,  1.713029933977493e+00,  0.000000000000000e+00,  1.156857406930946e+01
s881        , -2.116921283478955e+01, -2.032627405260482e+01,  1.056476919394505e+00,  8.258928571428572e-01,  1.029660849317773e+01
s882        , -1.809005639564229e+01, -1.798085859164653e+01,  1.837694420177298e+00,  0.000000000000000e+00,  1.172031232447370e+01
s883        , -1.958200153707774e+01, -1.999956879778749e+01,  1.421308627711504e+00,  0.000000000000000e+00,  1.359180574100335e+01
s884        , -1.866641101726497e+01, -1.854243703368429e+01,  1.690133450779834e+00,  0.000000000000000e+00,  1.217889196030519e+01
s885        , -1.949202935470739e+01, -1.989410491095587e+01,  1.168743597389629e+00,  0.000000000000000e+00,  1.295759451535879e+01
s886        , -1.753621319174707e+01, -1.729287456396627e+01,  1.621311055356476e+00,  3.167420814479638e-02,  1.026617024451859e+01
s887        , -2.072504645987743e+01, -2.067613225393566e+01,  1.258887192140998e+00,  1.100917431192661e-01,  1.377221563769913e+01
s888        , -2.163711888094086e+01, -2.183701486772381e+01,  1.422732430212939e+00,  4.000000000000000e-01,  1.457825723069431e+01
s889        , -1.784767272504274e+01, -1.825331474497178e+01,  1.578646270098760e+00,  1.161825726141079e-01,  1.115188416025415e+01
s890        , -2.036577167825686e+01, -2.052521993393631e+01,  1.310896722120378e+00,  2.696629213483146e-01,  1.309034085513910e+01
s891        , -1.925489904031788e+01, -1.948781468042443e+01,  1.560769968756785e+00,  1.839080459770115e-01,  1.251198591027242e+01
s892        , -1.797999052112338e+01, -1.887690624281787e+01,  1.785104428793827e+00,  3.543307086614173e-01,  1.151547325978306e+01
s893        , -2.224398236502422e+01, -2.230056930451568e+01,  1.493461374912437e+00,  0.000000000000000e+00,  1.679421908234697e+01
s894        , -2.015695897880840e+01, -1.978296280307334e+01,  1.411946083248423e+00,  0.000000000000000e+00,  1.328531822611013e+01
s895        , -1.853378696029952e+01, -1.848609264377633e+01,  2.132626823358369e+00,  3.117408906882591e-01,  1.183066617033402e+01
s896        , -2.478440805107692e+01, -2.485579653686963e+01,  1.381346816671172e+00,  6.944444444444444e-01,  1.743819728439546e+01
s897        , -2.202247365131235e+01, -2.212754925753070e+01,  2.120012083044909e+00,  3.806451612903226e-01,  1.639903514928922e+01
s898        , -2.008627742560493e+01, -1.999837183592442e+01,  1.285137212136817e+00,  2.103004291845494e-01,  1.255584375139603e+01
s899        , -1.802005794967191e+01, -1.769832236760989e+01,  1.494887864222365e+00,  0.000000000000000e+00,  1.067404882079883e+01
s900        , -1.770516073583232e+01, -1.815419817629805e+01,  1.647641102397124e+00,  1.912350597609562e-01,  1.088082350222784e+01
s901        , -2.425916197575684e+01, -2.385895617863280e+01,  1.481498089920883e+00,  4.183673469387755e-01,  1.731614021793483e+01
s902        , -1.641892815066793e+01, -1.622909258419683e+01,  1.934992066938915e+00,  0.000000000000000e+00,  9.579981855403648e+00
s903        , -2.332207101034287e+01, -2.315336410184145e+01,  1.445589557198655e+00,  4.545454545454545e-01,  1.617504663044944e+01
s904        , -2.132463334662818e+01, -2.053613286116623e+01,  1.169597298799222e+00,  7.695473251028806e-01,  1.100281239054041e+01
s905        , -2.166343218809494e+01, -2.192736724744093e+01,  1.639371801179040e+00,  3.574297188755020e-01,  1.527758966358866e+01
s906        , -1.790842270146736e+01, -1.778335939730932e+01,  1.666396843069816e+00,  0.000000000000000e+00,  1.112257584792662e+01
s907        , -1.911599503394165e+01, -1.975027681458982e+01,  1.641075746101008e+00,  2.038461538461538e-01,  1.294539340989185e+01
s908        , -2.062377494321661e+01, -2.067719909957470e+01,  1.164430200682901e+00,  1.780821917808219e-01,  1.334059924858259e+01
s909        , -2.034650826700463e+01, -2.072336963151263e+01,  1.452693903822462e+00,  5.568627450980392e-01,  1.258231162580759e+01
s910        , -1.701866755175476e+01, -1.673260297849415e+01,  1.839791894883463e+00,  0.000000000000000e+00,  1.006369934584871e+01
s911        , -1.800428066961873e+01, -1.809079713855832e+01,  1.678594981850531e+00,  0.000000000000000e+00,  1.155545359000985e+01
s912        , -2.018815932170212e+01, -1.963339022074446e+01,  1.543534655520812e+00,  9.803921568627451e-03,  1.330784138842544e+01
s913        , -1.735412329082851e+01, -1.777640596169569e+01,  1.590768895095914e+00,  1.673640167364017e-01,  1.035416698745716e+01
s914        , -2.004618788210774e+01, -2.073377606349663e+01,  1.272291418117424e+00,  2.727272727272727e-01,  1.328112396839052e+01
s915        , -1.937730144245923e+01, -1.920679787111641e+01,  1.294322344232662e+00,  1.067961165048544e-01,  1.189870274462995e+01
s916        , -2.191302790761547e+01, -2.239785761298008e+01,  1.359026731702143e+00,  4.663677130044843e-01,  1.495744444671500e+01
s917        , -1.792924589211810e+01, -1.756381469468275e+01,  1.340943824572604e+00,  4.741379310344827e-02,  1.002088368390266e+01
s918        , -2.621730238337609e+01, -2.624976371638292e+01,  1.258012898784086e+00,  5.263157894736842e-01,  1.966564488875607e+01
s919        , -1.919355775511356e+01, -1.874618932598055e+01,  1.123199292430154e+00,  0.000000000000000e+00,  1.134131171498565e+01
s920        , -1.675861595936722e+01, -1.651863376907560e+01,  1.734492107266855e+00,  0.000000000000000e+00,  9.573111504887864e+00
s921        , -2.192756432754418e+01, -2.118189618377877e+01,  1.355296273115987e+00,  3.697916666666667e-01,  1.368512530836076e+01
s922        , -2.290193110331377e+01, -2.259360213761634e+01,  1.375171978481461e+00,  3.940886699507389e-01,  1.551342638188478e+01
s923        , -1.925371616601646e+01, -1.903371991821142e+01,  1.486934060446292e+00,  0.000000000000000e+00,  1.243514566285807e+01
s924        , -1.798705044323696e+01, -1.845089721207990e+01,  1.842083142467560e+00,  5.482625482625483e-01,  1.035182369905365e+01
s925        , -2.338449219749342e+01, -2.368869917481252e+01,  1.296014822734675e+00,  4.352331606217616e-01,  1.666530780446585e+01
s926        , -1.762302148317026e+01, -1.764762743253078e+01,  1.789203468333495e+00,  0.000000000000000e+00,  1.118214651892327e+01
s927        , -1.720744831710588e+01, -1.720698512519083e+01,  1.782006147233898e+00,  0.000000000000000e+00,  1.058182890612209e+01
s928        , -1.827654667645005e+01, -1.796990980587152e+01,  1.628518066305221e+00,  0.000000000000000e+00,  1.129669462821888e+01
s929        , -2.066098735264480e+01, -2.092950146836665e+01,  1.304330554020049e+00,  2.338308457711443e-01,  1.374623788844717e+01
s930        , -1.982419875205301e+01, -2.053998041191186e+01,  1.306675058190783e+00,  4.220183486238532e-01,  1.254527408689964e+01
s931        , -2.184683786579889e+01, -2.199634532692471e+01,  1.550575496030509e+00,  3.168316831683168e-01,  1.534399253669433e+01
s932        , -2.007807490293144e+01, -2.005171895001853e+01,  1.467709092751538e+00,  0.000000000000000e+00,  1.375192539128573e+01
s933        , -2.186904116931162e+01, -2.168248609396370e+01,  1.490656988502947e+00,  0.000000000000000e+00,  1.596641958689822e+01
s934        , -1.595875499840616e+01, -1.617870026994554e+01,  1.986104325626456e+00,  0.000000000000000e+00,  9.612890165777580e+00
s935        , -1.706347068237267e+01, -1.687378073968510e+01,  2.385250453018415e+00,  3.449612403100775e-01,  1.005828342992470e+01
s936        , -1.818003510858343e+01, -1.741640140441552e+01,  1.380733002312336e+00,  0.000000000000000e+00,  1.007573965604551e+01
s937        , -2.175658784400171e+01, -2.194263781728950e+01,  1.182350694331972e+00,  5.645161290322580e-01,  1.364784318988912e+01
s938        , -2.010166135357230e+01, -1.991622084041505e+01,  1.472578624941848e+00,  0.000000000000000e+00,  1.358117739223147e+01
s939        , -1.813809060682595e+01, -1.818257329784775e+01,  1.492320532981760e+00,  1.877934272300469e-01,  1.062741007606656e+01
s940        , -2.094308051046411e+01, -2.056124661152016e+01,  1.353761868432015e+00,  2.122905027932961e-01,  1.343163768348734e+01
s941        , -1.827480816862776e+01, -1.848299741423056e+01,  1.422553674390092e+00,  0.000000000000000e+00,  1.157655090359761e+01
s942        , -1.770857434290158e+01, -1.754651089318185e+01,  1.831299760387628e+00,  0.000000000000000e+00,  1.112993886792070e+01
s943        , -1.938132201948424e+01, -1.926926920553959e+01,  1.346940538226894e+00,  0.000000000000000e+00,  1.247476525526453e+01
s944        , -1.770272330222015e+01, -1.795155666912733e+01,  1.545542761796306e+00,  0.000000000000000e+00,  1.111001620475500e+01
s945        , -1.924477319915050e+01, -1.914933283931546e+01,  1.330364941028489e+00,  1.131221719457014e-01,  1.186962739803775e+01
s946        , -2.185513295241253e+01, -2.182329164930746e+01,  1.347714729957967e+00,  2.637362637362637e-01,  1.491097705077557e+01
s947        , -2.017292248813791e+01, -2.030849463060150e+01,  1.407870014581446e+00,  2.904564315352697e-01,  1.291569347395239e+01
s948        , -1.792501053388721e+01, -1.792250969244203e+01,  1.610850350349506e+00,  0.000000000000000e+00,  1.119908238379894e+01
s949        , -2.005207290213696e+01, -2.033394331432251e+01,  1.909389109622462e+00,  4.909090909090909e-01,  1.319817309957555e+01
s950        , -2.257823345395823e+01, -2.260844767402708e+01,  1.192097546156028e+00,  5.515695067264574e-01,  1.460000083464812e+01
s951        , -1.571913272603913e+01, -1.570343554289487e+01,  1.986351964979059e+00,  0.000000000000000e+00,  8.981068764989418e+00
s952        , -2.233989362366768e+01, -2.283005083828667e+01,  1.255702165035013e+00,  3.833333333333334e-01,  1.563365915579059e+01
s953        , -2.342860552534396e+01, -2.282796610806433e+01,  1.474843512260028e+00,  3.472222222222222e-01,  1.619131245481053e+01
s954        , -2.204077204416149e+01, -2.184740845780096e+01,  1.542165144404540e+00,  3.206751054852321e-01,  1.511535862732579e+01
s955        , -1.756302978982562e+01, -1.735879860405852e+01,  1.582703022079127e+00,  0.000000000000000e+00,  1.039406215926516e+01
s956        , -2.291971088639473e+01, -2.275429085074074e+01,  1.493385470599211e+00,  4.305555555555556e-01,  1.582519321317857e+01
s957        , -1.872997367448807e+01, -1.883654561234293e+01,  1.258245212222827e+00,  1.393034825870647e-01,  1.121683173537963e+01
s958        , -2.138547156076431e+01, -2.133191503254655e+01,  1.447879901999834e+00,  1.637931034482759e-01,  1.481813509099448e+01
s959        , -1.926386090665138e+01, -1.883690062768990e+01,  1.389704815324237e+00,  0.000000000000000e+00,  1.198315676694502e+01
s960        , -1.680470785163838e+01, -1.724532990664525e+01,  1.633745248109402e+00,  0.000000000000000e+00,  1.034291491001743e+01
s961        , -2.001579976967623e+01, -2.015177491334100e+01,  1.608513110892608e+00,  3.469387755102041e-01,  1.289326226953952e+01
s962        , -1.871905926332032e+01, -1.833279325822052e+01,  2.126301910306522e+00,  3.687500000000000e-01,  1.140612893083570e+01
s963        , -1.918665598310528e+01, -1.991262758673128e+01,  1.437737608504981e+00,  0.000000000000000e+00,  1.350826409184036e+01
s964        , -1.746488927974545e+01, -1.732064518699968e+01,  1.781202996523513e+00,  0.000000000000000e+00,  1.073147488766165e+01
s965        , -1.971186761143078e+01, -1.962585905263726e+01,  2.064182925666955e+00,  4.475524475524476e-01,  1.271717384279479e+01
s966        , -1.765956881606673e+01, -1.732751113603285e+01,  1.697245299788721e+00,  0.000000000000000e+00,  1.057642755117430e+01
s967        , -2.223688117086612e+01, -2.212754562832001e+01,  1.244181321113733e+00,  7.478260869565216e-01,  1.334525717110203e+01
s968        , -1.998239594820018e+01, -1.963196763882373e+01,  1.406392442298316e+00,  0.000000000000000e+00,  1.307356965419692e+01
s969        , -2.101894011109180e+01, -2.074235115211475e+01,  1.377158803064836e+00,  9.278350515463918e-02,  1.415481410911208e+01
s970        , -1.986554229461376e+01, -1.977901871974370e+01,  1.450184745559044e+00,  0.000000000000000e+00,  1.335484784596927e+01
s971        , -1.914500631305469e+01, -1.896804323311302e+01,  1.160366192968983e+00,  1.855203619909502e-01,  1.103157603989559e+01
s972        , -1.930540895911451e+01, -1.885814817423510e+01,  1.691620548983480e+00,  0.000000000000000e+00,  1.260183108132322e+01
s973        , -2.013055280326089e+01, -2.049743795671032e+01,  1.318912922056085e+00,  6.122448979591837e-02,  1.383033618739860e+01
s974        , -1.991254970003848e+01, -2.014865602444472e+01,  1.320985105206622e+00,  2.463768115942029e-01,  1.269412575480593e+01
s975        , -2.002907222040815e+01, -2.073724467000098e+01,  1.933057768729875e+00,  3.867595818815331e-01,  1.416140755714652e+01
s976        , -2.147573630129902e+01, -2.118290139637955e+01,  1.364518245078320e+00,  3.191489361702128e-01,  1.388945937920346e+01
s977        , -1.918950409415471e+01, -1.933806047257758e+01,  1.552400231865422e+00,  2.142857142857143e-01,  1.218543277821098e+01
s978        , -1.698999961978807e+01, -1.718906467743471e+01,  1.798024201394123e+00,  4.833836858006042e-02,  1.041276425293613e+01
s979        , -2.115978794608996e+01, -2.111552504321219e+01,  1.278881200280969e+00,  4.666666666666667e-01,  1.309357379121013e+01
s980        , -1.730989298326385e+01, -1.702244571633666e+01,  1.803252590363713e+00,  0.000000000000000e+00,  1.037786055082451e+01
s981        , -2.142850865946883e+01, -2.120688164111929e+01,  1.362326530803706e+00,  1.737089201877934e-01,  1.444826912383623e+01
s982        , -2.110948756566415e+01, -2.156516900638162e+01,  1.437194335754699e+00,  3.832599118942731e-01,  1.430600646871156e+01
s983        , -1.831465175322002e+01, -1.877072356384428e+01,  1.489320690576041e+00,  9.716599190283401e-02,  1.173503487181169e+01
s984        , -2.150201864035685e+01, -2.130251186231597e+01,  1.478109775140220e+00,  0.000000000000000e+00,  1.543635461480974e+01
s985        , -1.659952594735737e+01, -1.647994191234958e+01,  2.481293711691777e+00,  3.167938931297710e-01,  9.825000608535394e+00
s986        , -2.105203087443673e+01, -2.074904789433844e+01,  1.229521516635601e+00,  0.000000000000000e+00,  1.421388808536641e+01
s987        , -2.066592788190784e+01, -2.105173800893258e+01,  1.909956805802890e+00,  4.469696969696970e-01,  1.431473785475792e+01
s988        , -2.133344594608628e+01, -2.127605149219181e+01,  2.137769035052204e+00,  5.063291139240507e-01,  1.484186618471067e+01
s989        , -2.008246059204520e+01, -1.984613481395420e+01,  1.791987399701195e+00,  3.168316831683168e-01,  1.295538028841926e+01
s990        , -2.181814335912880e+01, -2.219079662996766e+01,  1.228654476118575e+00,  5.000000000000000e-01,  1.430418201795404e+01
s991        , -1.674874949890157e+01, -1.687207164761206e+01,  1.923256697774055e+00,  0.000000000000000e+00,  1.041247053735078e+01
s992        , -1.990187356431624e+01, -2.045155619849448e+01,  1.413077602495286e+00,  1.372549019607843e-01,  1.367574939888319e+01
s993        , -2.167451347953028e+01, -2.130406654738854e+01,  1.644382658055066e+00,  4.070796460176991e-01,  1.427679481330367e+01
s994        , -2.085856003252748e+01, -2.040421640822476e+01,  1.703265856808263e+00,  6.445993031358885e-01,  1.232726176070692e+01
s995        , -1.532250426373563e+01, -1.527029180654103e+01,  2.092573288210424e+00,  0.000000000000000e+00,  8.612521288666915e+00
s996        , -2.197589637081217e+01, -2.269976323535173e+01,  1.209654011372146e+00,  7.129186602870813e-01,  1.416652509795626e+01
s997        , -1.843774602570321e+01, -1.921049086655340e+01,  1.479558870777453e+00,  2.677824267782427e-01,  1.167788045728526e+01
s998        , -2.004154224207673e+01, -1.971408371570651e+01,  1.362803867132392e+00,  1.140350877192982e-01,  1.268108909483207e+01
s999        , -1.918982967461324e+01, -1.934129607238726e+01,  2.117724344022264e+00,  3.272727272727273e-01,  1.288258372937828e+01
s1000       , -2.386287011937712e+01, -2.389746873313821e+01,  1.289722877301338e+00,  4.646464646464646e-01,  1.682333019938849e+01
s1001       , -2.142986106465667e+01, -2.144634454228726e+01,  1.389912600136598e+00,  2.636363636363636e-01,  1.449236009743765e+01
s1002       , -1.703565403983971e+01, -1.740765047971443e+01,  1.717142378947807e+00,  0.000000000000000e+00,  1.072195658754672e+01
s1003       , -2.272857267296788e+01, -2.279261455794906e+01,  1.168449956999519e+00,  4.766355140186916e-01,  1.507246006498045e+01
s1004       , -1.957549960274314e+01, -1.930191979148726e+01,  1.206483859488827e+00,  1.176470588235294e-01,  1.181385366620019e+01
s1005       , -2.033955634118916e+01, -2.017020165532550e+01,  1.176806722086986e+00,  6.735751295336788e-02,  1.309467877813229e+01
s1006       , -2.103463075725037e+01, -2.174811877606727e+01,  1.524450869711525e+00,  0.000000000000000e+00,  1.611982419501173e+01
s1007       , -1.845815321471510e+01, -1.928270217776867e+01,  1.526728939370993e+00,  0.000000000000000e+00,  1.284421889213790e+01
s1008       , -2.105860584214290e+01, -2.079623381068567e+01,  1.338932411890566e+00,  5.066666666666667e-01,  1.264011945340512e+01
s1009       , -2.225664818829298e+01, -2.199446586592751e+01,  1.499977839275131e+00,  5.375000000000000e-01,  1.443659806460750e+01
s1010       , -2.029000137617794e+01, -2.036038764351228e+01,  1.195270334828608e+00,  1.170212765957447e-01,  1.320242644558132e+01
s1011       , -2.150175758271834e+01, -2.121754343000467e+01,  1.506584900152371e+00,  6.679389312977100e-01,  1.293947561413003e+01
s1012       , -1.789395613621291e+01, -1.858276440831311e+01,  1.573394893614866e+00,  2.052238805970149e-01,  1.125471782638213e+01
s1013       , -1.907481979836395e+01, -1.941387454823791e+01,  1.853481042262702e+00,  3.166023166023166e-01,  1.250137949850511e+01
s1014       , -1.701362802016618e+01, -1.764422630102266e+01,  1.770452640253162e+00,  1.847826086956522e-01,  1.046607073042243e+01
s1015       , -1.771043360260808e+01, -1.750625652002971e+01,  2.027404698461010e+00,  2.816901408450704e-01,  1.043105373490047e+01
s1016       , -2.325177194237830e+01, -2.267332322891904e+01,  1.598836551629142e+00,  4.095238095238095e-01,  1.600049900257526e+01
s1017       , -2.061131053204120e+01, -2.091348152259636e+01,  1.262445059039069e+00,  1.279620853080569e-01,  1.402968136631057e+01
s1018       , -1.637685178145171e+01, -1.610725710383268e+01,  1.921677515897970e+00,  0.000000000000000e+00,  9.391851443125473e+00
s1019       , -2.229355013298489e+01, -2.207299396555992e+01,  1.370157495405207e+00,  4.434389140271493e-01,  1.463074624087106e+01
s1020       , -1.626620443538163e+01, -1.647804872185218e+01,  1.700021121515238e+00,  0.000000000000000e+00,  9.451706880547947e+00
s1021       , -2.225684084822025e+01, -2.228495852835994e+01,  1.228840428003059e+00,  5.891089108910891e-01,  1.410436813547085e+01
s1022       , -1.619907626993357e+01, -1.641066880036365e+01,  1.790228269810853e+00,  0.000000000000000e+00,  9.538465716921277e+00
s1023       , -2.164326276096592e+01, -2.162499151148997e+01,  1.260510478381478e+00,  1.869158878504673e-02,  1.537160078782734e+01
s1024       , -1.814482992541786e+01, -1.797202311253864e+01,  1.694004047145403e+00,  0.000000000000000e+00,  1.142756618357285e+01
s1025       , -1.966276460675046e+01, -1.978167027900104e+01,  1.220571714929674e+00,  1.185567010309278e-01,  1.247635427993114e+01
s1026       , -1.787958226759213e+01, -1.757014272806284e+01,  1.751733508975475e+00,  0.000000000000000e+00,  1.100578495458461e+01
s1027       , -2.228548280106830e+01, -2.244529866743884e+01,  1.278070529203290e+00,  4.000000000000000e-01,  1.510464422050675e+01
s1028       , -1.939576101741603e+01, -1.943430159482215e+01,  1.344621932278706e+00,  0.000000000000000e+00,  1.268979491607855e+01
s1029       , -2.072177297910414e+01, -2.053418905478459e+01,  1.056738743270727e+00,  2.043010752688172e-01,  1.284398106992824e+01
s1030       , -2.116639743005703e+01, -2.082899075873451e+01,  1.231229252689860e+00,  1.570680628272251e-02,  1.426621977952033e+01
s1031       , -1.871817432191781e+01, -1.882794923483616e+01,  1.553437551896817e+00,  0.000000000000000e+00,  1.229143223883232e+01
s1032       , -1.793076662035363e+01, -1.880632503974896e+01,  1.828011332823428e+00,  3.601532567049809e-01,  1.148421012576948e+01
s1033       , -2.190726556241366e+01, -2.185055403947554e+01,  1.631798258095136e+00,  6.268656716417911e-01,  1.417652183436398e+01
s1034       , -1.655942363042545e+01, -1.683914634909330e+01,  1.789170346478618e+00,  0.000000000000000e+00,  1.010645559265062e+01
s1035       , -1.920990065585595e+01, -1.963826924715396e+01,  1.529919358441682e+00,  2.941176470588235e-01,  1.224930617228555e+01
s1036       , -1.624542641970273e+01, -1.611173642243901e+01,  1.696003454179174e+00,  0.000000000000000e+00,  8.956497933403799e+00
s1037       , -1.865413258865576e+01, -1.882510467673007e+01,  1.634516212723324e+00,  0.000000000000000e+00,  1.244619970004507e+01
s1038       , -2.303917859954092e+01, -2.323912747663848e+01,  1.214690096100598e+00,  5.583756345177665e-01,  1.545839751261079e+01
s1039       , -2.268866240524940e+01, -2.336554587846519e+01,  1.150222464896188e+00,  5.000000000000000e-01,  1.571372539146203e+01
s1040       , -2.002650999928207e+01, -2.026275453521161e+01,  1.916028009836890e+00,  4.179687500000000e-01,  1.338284469474207e+01
s1041       , -2.439240447433291e+01, -2.420293528758362e+01,  1.435446566199194e+00,  3.917525773195876e-01,  1.778092986637706e+01
