# c0 + a0 * (E_T / cub_root_V) + a1 * (face-area-avg / E_T)
# Property Label: $ln_{D}$; Unit of the Property: Unitless
# RMSE: 0.471255894822055; Max AE: 2.04273800589484
# Coefficients
# Task   a0                      a1                      c0
# all , -1.162233778944212e+01,  1.053577402511907e+01, -1.725056356301607e+01, 
# Feature Rung, Units, and Expressions
# 0;  1; A^-1;                                             0|21|div; (E_T / cub_root_V); $\left(\frac{ E_{T} }{ cub_{root, V} } \right)$; (E_T ./ cub_root_V); (newdata$E_T / newdata$cub_root_V); E_T,cub_root_V
# 1;  1; A^2;                                              32|0|div; (face-area-avg / E_T); $\left(\frac{ face-area-avg }{ E_{T} } \right)$; (face_sub_area_sub_avg ./ E_T); (newdata$face_sub_area_sub_avg / newdata$E_T); face-area-avg,E_T
# Number of Samples Per Task
# Task, n_samples               
# all , 1041                  

# Sample ID , Property Value        ,  Property Value (EST) ,  Feature 0 Value      ,  Feature 1 Value      
s1          , -2.244947812336508e+01, -2.187848430949738e+01,  5.600288151624674e-01,  1.785273023769763e-01
s2          , -2.298888400764099e+01, -2.247290460485414e+01,  6.057991726038179e-01,  1.725987640198555e-01
s3          , -1.755271246623431e+01, -1.789627869393322e+01,  3.442689207363340e-01,  3.184858130296954e-01
s4          , -1.917258847351942e+01, -1.915822136609430e+01,  4.127026353990429e-01,  2.742002272670965e-01
s5          , -2.000094091703784e+01, -2.025792713473950e+01,  4.737737656393893e-01,  2.371914168200186e-01
s6          , -2.179532463031582e+01, -2.153084763589702e+01,  5.368209131909156e-01,  1.859217849576567e-01
s7          , -2.156980503382011e+01, -2.103108560775248e+01,  4.890102629773755e-01,  1.806151507761732e-01
s8          , -2.070680399014268e+01, -2.090681935629177e+01,  5.129936778945775e-01,  2.188666926194139e-01
s9          , -2.311678210871720e+01, -2.290715456478239e+01,  6.144031028896449e-01,  1.408733136606655e-01
s10         , -1.955558688693647e+01, -1.945436576981000e+01,  4.064430771323952e-01,  2.391866531885453e-01
s11         , -1.929232032084748e+01, -1.940801844304291e+01,  4.244130417025775e-01,  2.634089195789996e-01
s12         , -1.972420304545977e+01, -1.897768704158947e+01,  3.960014201704300e-01,  2.729119649767394e-01
s13         , -1.649771434553038e+01, -1.727807696698097e+01,  3.194833587879088e-01,  3.498205353670782e-01
s14         , -1.814284237715737e+01, -1.843923239419799e+01,  3.836547542978292e-01,  3.103992464147319e-01
s15         , -2.140988745272463e+01, -2.119284555025675e+01,  5.048130437275874e-01,  1.826942873763845e-01
s16         , -2.271802967642396e+01, -2.257159835428314e+01,  5.926259752767892e-01,  1.486995139096716e-01
s17         , -1.845283706311921e+01, -1.864778698588721e+01,  3.718518455831509e-01,  2.775841933540951e-01
s18         , -2.106370881996578e+01, -2.094050464398358e+01,  4.978248914313283e-01,  1.989363061738647e-01
s19         , -2.166440903696862e+01, -2.264959215132723e+01,  5.924048079583639e-01,  1.410527783082114e-01
s20         , -1.957524373940041e+01, -1.946096755717316e+01,  4.338098592815747e-01,  2.687491891960654e-01
s21         , -2.230012329283520e+01, -2.232130515312068e+01,  5.791669712299075e-01,  1.576089788997455e-01
s22         , -1.709175230426198e+01, -1.667288790097881e+01,  3.155030819952101e-01,  4.028711174400567e-01
s23         , -2.271630669020732e+01, -2.329057455061970e+01,  6.456988828497973e-01,  1.390044562127534e-01
s24         , -1.997593461761007e+01, -2.008076954292366e+01,  4.500358544121166e-01,  2.278202561774379e-01
s25         , -2.228124530569044e+01, -2.278370206458684e+01,  5.953925538090468e-01,  1.316196487140282e-01
s26         , -1.806502239865187e+01, -1.752652242062442e+01,  3.390630683000078e-01,  3.478383880825129e-01
s27         , -2.017409009594002e+01, -2.024420427580180e+01,  4.536597088411039e-01,  2.163054806786991e-01
s28         , -1.658938425028538e+01, -1.711362926798971e+01,  3.134096351264836e-01,  3.587289298271981e-01
s29         , -2.262132344831001e+01, -2.337733997999142e+01,  6.383256290826437e-01,  1.226354761217143e-01
s30         , -1.697997334312175e+01, -1.757170380263661e+01,  3.246829364631810e-01,  3.276868423896840e-01
s31         , -1.964904728113367e+01, -1.923010263999199e+01,  3.944817782618419e-01,  2.472776461939692e-01
s32         , -2.151059652715050e+01, -2.148880309907781e+01,  5.285474992016691e-01,  1.807857716845267e-01
s33         , -2.289264810431292e+01, -2.339505394871564e+01,  6.424571197288816e-01,  1.255117347684950e-01
s34         , -2.302504917991390e+01, -2.203461142580120e+01,  5.661593631870380e-01,  1.704713383703924e-01
s35         , -2.244061385591441e+01, -2.253109501678215e+01,  5.827350582836130e-01,  1.416329006106836e-01
s36         , -2.239655424600443e+01, -2.101186664035730e+01,  5.179709000810212e-01,  2.143866870261807e-01
s37         , -2.226102540809307e+01, -2.145337422982703e+01,  5.387487535947005e-01,  1.954018115991528e-01
s38         , -2.102436377352775e+01, -2.105720641121190e+01,  4.995934151650278e-01,  1.898105042368268e-01
s39         , -2.141661104833067e+01, -2.035375444782271e+01,  4.452194328468236e-01,  1.965968280284532e-01
s40         , -1.990275935468409e+01, -1.937685453611209e+01,  4.000937851843156e-01,  2.395395098410020e-01
s41         , -1.952311408648237e+01, -1.917454983001494e+01,  4.042922556508987e-01,  2.633726660438693e-01
s42         , -1.862175379272403e+01, -1.937586584574732e+01,  4.170200594476119e-01,  2.583052471184119e-01
s43         , -2.257821044890805e+01, -2.210729506035504e+01,  5.536275877572430e-01,  1.497484032372155e-01
s44         , -1.984867902879579e+01, -1.955803601032147e+01,  4.176933728153664e-01,  2.417573704498071e-01
s45         , -1.928264199244582e+01, -1.952436084242440e+01,  4.122080990233639e-01,  2.389026644823618e-01
s46         , -2.007096062658339e+01, -2.031807216640941e+01,  4.717940976154190e-01,  2.292989352655356e-01
s47         , -1.842882744186564e+01, -1.916847086309050e+01,  4.020646357701276e-01,  2.614922931591507e-01
s48         , -1.712958329507449e+01, -1.682120895742247e+01,  3.270454800115749e-01,  4.015260422928962e-01
s49         , -2.142142340445580e+01, -2.179642196485402e+01,  5.631995437412787e-01,  1.898139551602869e-01
s50         , -2.022197746600499e+01, -2.009534809622057e+01,  4.534953738228952e-01,  2.302528396614023e-01
s51         , -2.208446385448407e+01, -2.238785839244018e+01,  5.719959007705825e-01,  1.433814677408801e-01
s52         , -2.030062191637932e+01, -2.002051609074039e+01,  4.728399700348526e-01,  2.586951198718043e-01
s53         , -1.881589086732163e+01, -1.844375531468813e+01,  3.523374365645107e-01,  2.754228540806260e-01
s54         , -2.389190768082197e+01, -2.469663516559169e+01,  7.396371266021569e-01,  1.091747907334227e-01
s55         , -1.989931101552115e+01, -1.968801166454309e+01,  4.307380502755832e-01,  2.438107548071180e-01
s56         , -2.293632659980805e+01, -2.331760728448292e+01,  6.374608083710599e-01,  1.273509775127575e-01
s57         , -2.165250835772914e+01, -2.211122197275083e+01,  5.589187817759974e-01,  1.552125610354366e-01
s58         , -2.493828100106786e+01, -2.465909535192701e+01,  7.398797355546602e-01,  1.130055009180943e-01
s59         , -2.019609135900962e+01, -2.007127640024246e+01,  4.475071964468940e-01,  2.259318544048532e-01
s60         , -1.686951544328429e+01, -1.740819361024474e+01,  3.359662085015653e-01,  3.556532918114013e-01
s61         , -1.698686520707895e+01, -1.776579844513682e+01,  3.346449072326206e-01,  3.202537622018857e-01
s62         , -1.961666852236879e+01, -1.976591561433748e+01,  4.263061485300076e-01,  2.315275558107703e-01
s63         , -2.363642228074260e+01, -2.304722170700018e+01,  6.268843728079693e-01,  1.413473550364832e-01
s64         , -2.123215125329894e+01, -2.154718397364060e+01,  5.085042538119984e-01,  1.531342444038888e-01
s65         , -2.229595939650926e+01, -2.186835627969387e+01,  5.425910530355921e-01,  1.602524673750176e-01
s66         , -2.209517036440609e+01, -2.175652511082706e+01,  5.505345043309242e-01,  1.796295575203078e-01
s67         , -2.100952424313996e+01, -2.065236752850780e+01,  4.776185928024496e-01,  2.039945664601565e-01
s68         , -2.306714632630091e+01, -2.264399087531546e+01,  5.955094061674338e-01,  1.450092000194870e-01
s69         , -2.116954741071400e+01, -2.182082291525593e+01,  5.479994779983414e-01,  1.707302838126772e-01
s70         , -2.268552320802911e+01, -2.135704556291725e+01,  5.160955786735387e-01,  1.795554026282287e-01
s71         , -1.844586653395837e+01, -1.925125954387876e+01,  4.109777988979419e-01,  2.634668146139577e-01
s72         , -2.185924535832699e+01, -2.171250308284526e+01,  5.312814342625418e-01,  1.625692394641123e-01
s73         , -1.814705961150877e+01, -1.899005746085283e+01,  3.885171066765188e-01,  2.634816527305959e-01
s74         , -2.269683109870329e+01, -2.365152339104185e+01,  6.577686117359380e-01,  1.180595902964650e-01
s75         , -2.162544692540680e+01, -2.123289373442449e+01,  5.100050002520485e-01,  1.846205329753561e-01
s76         , -1.799713371423827e+01, -1.876313672780172e+01,  3.834158495546801e-01,  2.793924153599610e-01
s77         , -1.808839931225978e+01, -1.799700120855645e+01,  3.485874516474937e-01,  3.136896690065690e-01
s78         , -1.710463489071706e+01, -1.761093043163903e+01,  3.371305924394058e-01,  3.376950518661431e-01
s79         , -2.130172009097587e+01, -2.147802954752371e+01,  5.374787331779486e-01,  1.916606603666290e-01
s80         , -2.075517304342145e+01, -2.117911749022166e+01,  5.138712026041626e-01,  1.939896171704129e-01
s81         , -1.679587307458704e+01, -1.758294295874652e+01,  3.201444509793206e-01,  3.216135375424789e-01
s82         , -1.961963418382102e+01, -1.931110979842480e+01,  4.038568976282279e-01,  2.499308585344222e-01
s83         , -1.732943596118787e+01, -1.762115400886648e+01,  3.299175471742824e-01,  3.287677508852189e-01
s84         , -2.091958911511147e+01, -2.105633833246036e+01,  5.108914075547050e-01,  2.023560620982410e-01
s85         , -1.931803893900067e+01, -1.919789172972661e+01,  3.982492565585229e-01,  2.544909572865008e-01
s86         , -2.124992178205270e+01, -2.034701338312822e+01,  4.578310070242003e-01,  2.111488713311125e-01
s87         , -2.000999990609716e+01, -1.987853378340793e+01,  4.382571937688881e-01,  2.340220014556813e-01
s88         , -1.933594922663024e+01, -1.949472568043025e+01,  4.138803895438561e-01,  2.435602328003997e-01
s89         , -2.128477820873118e+01, -2.094353853108566e+01,  4.937451360024968e-01,  1.941478413990889e-01
s90         , -2.009844325702736e+01, -2.024802286743719e+01,  4.579325398538365e-01,  2.206565320207743e-01
s91         , -2.185233402642529e+01, -2.229563368312610e+01,  5.594799206923687e-01,  1.383281855810773e-01
s92         , -1.852873985612102e+01, -1.814624864508811e+01,  3.586718129270035e-01,  3.106482613915202e-01
s93         , -2.244477787769646e+01, -2.170295836387272e+01,  5.395173522053550e-01,  1.725604692550196e-01
s94         , -2.069748145715988e+01, -2.088376893352885e+01,  4.900651132911710e-01,  1.957613090467853e-01
s95         , -1.839144268754908e+01, -1.800037645856468e+01,  3.579585428348122e-01,  3.237068482830829e-01
s96         , -2.061908691885885e+01, -2.068828535562483e+01,  4.856873782064637e-01,  2.094863625314273e-01
s97         , -2.336181657728519e+01, -2.384064710955086e+01,  6.831290393987083e-01,  1.280848374231196e-01
s98         , -1.913590175727989e+01, -1.882555329137887e+01,  3.846768112173168e-01,  2.748591707136182e-01
s99         , -1.764848235022367e+01, -1.755953876981605e+01,  3.419517259637732e-01,  3.478912181767591e-01
s100        , -2.003395952271198e+01, -1.962730225903159e+01,  4.213532100276626e-01,  2.392202636069007e-01
s101        , -2.047737186068138e+01, -2.060691167447060e+01,  4.891838819162561e-01,  2.210670236257692e-01
s102        , -1.813404261594337e+01, -1.782540129322028e+01,  3.603947666366214e-01,  3.430020401517604e-01
s103        , -2.094885731266024e+01, -2.079861421596960e+01,  4.830538094915996e-01,  1.961093590759042e-01
s104        , -1.695125455205811e+01, -1.647980116011336e+01,  2.954828264923761e-01,  3.991129283288412e-01
s105        , -2.089913046364001e+01, -2.136252863778835e+01,  5.230703689703526e-01,  1.867290847695492e-01
s106        , -2.193421435204462e+01, -2.260033916762083e+01,  5.869492347056882e-01,  1.397093998874610e-01
s107        , -1.938858975045087e+01, -1.916456881840426e+01,  4.046070091659756e-01,  2.646672252524096e-01
s108        , -2.184761912256448e+01, -2.222955953370197e+01,  5.642434542745733e-01,  1.498543957577894e-01
s109        , -1.765266017099491e+01, -1.863384054024937e+01,  3.762391330466737e-01,  2.837476686112017e-01
s110        , -2.222643790681205e+01, -2.070340685606627e+01,  4.956861530388444e-01,  2.190810670021240e-01
s111        , -2.198367498730207e+01, -2.183079360787597e+01,  5.400634344583997e-01,  1.610294235712484e-01
s112        , -2.341727175416096e+01, -2.292503330717872e+01,  6.073360897306801e-01,  1.313805173787979e-01
s113        , -2.064750776227555e+01, -2.010376097375758e+01,  4.378335810936779e-01,  2.121773264081602e-01
s114        , -2.335281852671257e+01, -2.309338728278933e+01,  6.252714141951300e-01,  1.351862580470083e-01
s115        , -2.467653405274963e+01, -2.451272560674094e+01,  7.344651257728795e-01,  1.209251204073947e-01
s116        , -2.119630992652875e+01, -2.080392357119002e+01,  4.830044256070978e-01,  1.955509462442099e-01
s117        , -1.681518237222159e+01, -1.744672253233794e+01,  3.345748616728325e-01,  3.504614924439711e-01
s118        , -1.725426000439147e+01, -1.748212553573359e+01,  3.268270550534912e-01,  3.385543816086582e-01
s119        , -2.026224064054247e+01, -2.015344987211169e+01,  4.635840299170764e-01,  2.358672342883129e-01
s120        , -2.061376236446881e+01, -2.033336319283261e+01,  4.513664431150731e-01,  2.053132151210319e-01
s121        , -2.090204853596659e+01, -2.113815952532187e+01,  4.956394250609668e-01,  1.777650937702672e-01
s122        , -1.679179791839329e+01, -1.746718186926692e+01,  3.157849250920896e-01,  3.277918408034626e-01
s123        , -1.729435756680531e+01, -1.742184320606341e+01,  3.362183884727607e-01,  3.546359318163841e-01
s124        , -1.927065840811719e+01, -1.962169393642148e+01,  4.271283465336785e-01,  2.461233074354576e-01
s125        , -2.074667074869674e+01, -2.049693866095707e+01,  4.838424807192994e-01,  2.256128163145052e-01
s126        , -1.981090987888966e+01, -1.959056850507563e+01,  4.293845323785823e-01,  2.515664372154195e-01
s127        , -1.791042209268825e+01, -1.737867206851823e+01,  3.310948135139735e-01,  3.530815342679616e-01
s128        , -2.199486439730610e+01, -2.230078643225636e+01,  5.694379564592600e-01,  1.488241307302656e-01
s129        , -1.847106084369403e+01, -1.839496065010442e+01,  3.727913298336298e-01,  3.026175073242792e-01
s130        , -2.183307419908922e+01, -2.100724746778128e+01,  4.785724646254617e-01,  1.713634832650405e-01
s131        , -1.937195493711046e+01, -1.981618905124392e+01,  4.379990982182375e-01,  2.396547208316760e-01
s132        , -1.756898825137140e+01, -1.800810560407698e+01,  3.444243445442722e-01,  3.080432464099978e-01
s133        , -1.952720456066259e+01, -1.968642204148350e+01,  4.267902193052178e-01,  2.396066591319435e-01
s134        , -1.792604080418195e+01, -1.875564162198190e+01,  3.899692889379973e-01,  2.873331126277556e-01
s135        , -2.163690184151209e+01, -2.166233104807992e+01,  5.534269751248363e-01,  1.917607341244528e-01
s136        , -2.266590946104735e+01, -2.207480085444119e+01,  5.579503716779574e-01,  1.576011780436899e-01
s137        , -1.871948299194560e+01, -1.860298669757889e+01,  3.697876882297810e-01,  2.795593642572756e-01
s138        , -2.098569970792443e+01, -2.066348562039031e+01,  4.836469840991440e-01,  2.095894005894826e-01
s139        , -1.946420871832499e+01, -1.962062114552826e+01,  4.138660045644986e-01,  2.315950319630764e-01
s140        , -1.890485827097119e+01, -1.967044562899996e+01,  4.308277573779797e-01,  2.455769887586934e-01
s141        , -2.048387804329865e+01, -2.127373863330144e+01,  5.244731353710463e-01,  1.967039977835235e-01
s142        , -1.712146112463541e+01, -1.716035728521890e+01,  3.242562567263227e-01,  3.662589966916968e-01
s143        , -2.146398341435241e+01, -2.225002068869087e+01,  5.611998746833953e-01,  1.445548643751395e-01
s144        , -2.296743054539722e+01, -2.196323567534778e+01,  5.426894513982687e-01,  1.513555627506898e-01
s145        , -2.169591974109321e+01, -2.144313575268313e+01,  5.160865034486082e-01,  1.713741655506263e-01
s146        , -2.268369172314783e+01, -2.274864606524451e+01,  6.003041416441661e-01,  1.403651032031738e-01
s147        , -2.121406114253308e+01, -2.143806787230561e+01,  5.159175146619991e-01,  1.716687652268834e-01
s148        , -2.139826235530006e+01, -2.058360518182468e+01,  4.683114471950742e-01,  2.002541252427043e-01
s149        , -1.818204101397333e+01, -1.863598997994967e+01,  3.781488419541562e-01,  2.856503140413506e-01
s150        , -2.236615053154114e+01, -2.183865677138474e+01,  5.405194258445354e-01,  1.607861118236804e-01
s151        , -2.007280490017163e+01, -1.986112968023750e+01,  4.360941927804229e-01,  2.332878337582753e-01
s152        , -2.043501428229088e+01, -2.031953214606289e+01,  4.675238839590480e-01,  2.244497571150639e-01
s153        , -2.294208833005412e+01, -2.260608491405270e+01,  6.046027793298422e-01,  1.586382144098272e-01
s154        , -1.941555486932839e+01, -1.992900708072116e+01,  4.408687383178135e-01,  2.321122182384753e-01
s155        , -2.030625886040805e+01, -2.056501370957172e+01,  4.861183344514003e-01,  2.216620569605587e-01
s156        , -1.755225478861601e+01, -1.764571287496307e+01,  3.393779580101108e-01,  3.368728245191734e-01
s157        , -1.981494689568535e+01, -1.922232477717894e+01,  3.946818138198043e-01,  2.482365452376948e-01
s158        , -2.120666701656112e+01, -2.098247246871635e+01,  4.876759091709220e-01,  1.837572861606237e-01
s159        , -2.199339551508707e+01, -2.163991295635702e+01,  5.352047730736752e-01,  1.737870669471127e-01
s160        , -1.822712376873660e+01, -1.799432873642094e+01,  3.471856027551353e-01,  3.123969031225672e-01
s161        , -1.850131544535105e+01, -1.988061436692183e+01,  4.469725966719489e-01,  2.434387536335485e-01
s162        , -2.165239460618542e+01, -2.086880742420360e+01,  5.092009815229713e-01,  2.182907438318870e-01
s163        , -2.054863013411503e+01, -2.046492126198143e+01,  4.744638303031740e-01,  2.183058596555912e-01
s164        , -2.244259094688993e+01, -2.290570554055498e+01,  6.119923835726322e-01,  1.383515084352401e-01
s165        , -2.169401378729562e+01, -2.131757506546438e+01,  5.186687985066977e-01,  1.861403319741814e-01
s166        , -1.893544650248816e+01, -1.933135427719486e+01,  4.042566243251365e-01,  2.484503104476906e-01
s167        , -1.990371422830687e+01, -2.050336993004949e+01,  4.809002227998873e-01,  2.217566986340555e-01
s168        , -2.358382467591309e+01, -2.433633808898866e+01,  7.145562357000366e-01,  1.157047799221070e-01
s169        , -2.234616115486217e+01, -2.302953940944516e+01,  6.267640693359809e-01,  1.428929548118302e-01
s170        , -1.980105726485419e+01, -1.997727343742433e+01,  4.502712833083902e-01,  2.379032685317212e-01
s171        , -2.225344967355102e+01, -2.225850608077085e+01,  5.752200199779597e-01,  1.592155311683186e-01
s172        , -2.076076397080535e+01, -2.060419195791379e+01,  4.689200737117791e-01,  1.989715319475044e-01
s173        , -2.167162181633835e+01, -2.127274431177824e+01,  5.051269518830396e-01,  1.754570008967987e-01
s174        , -2.217746151284670e+01, -2.174593366160296e+01,  5.412526835422804e-01,  1.703957786778008e-01
s175        , -1.912249737452136e+01, -1.975508064171151e+01,  4.282267293444844e-01,  2.346746061864415e-01
s176        , -2.262880123350610e+01, -2.261922904314983e+01,  5.929486203913135e-01,  1.445345803931627e-01
s177        , -1.998504477748202e+01, -2.042408733606012e+01,  4.610288989722404e-01,  2.073611123679369e-01
s178        , -1.778030448780716e+01, -1.851875478099840e+01,  3.658711952445672e-01,  2.832338083051503e-01
s179        , -2.322340610724453e+01, -2.329432039666369e+01,  6.335429873585927e-01,  1.252393764729865e-01
s180        , -1.682543251402466e+01, -1.670126476057772e+01,  3.054348645201244e-01,  3.890711741529968e-01
s181        , -1.586682207916231e+01, -1.580904259741362e+01,  2.601810018829907e-01,  4.238352536069674e-01
s182        , -2.348293513803748e+01, -2.257512653986419e+01,  5.928275639517950e-01,  1.485870158717687e-01
s183        , -2.155098810628208e+01, -2.111333226710159e+01,  5.014641370956963e-01,  1.865469857122867e-01
s184        , -2.324937775466465e+01, -2.286286654780436e+01,  6.132764664042926e-01,  1.438340707066107e-01
s185        , -2.378592453308165e+01, -2.365670743573371e+01,  6.585768797244589e-01,  1.184591735530042e-01
s186        , -2.071202883303041e+01, -2.134936076308170e+01,  5.180727750408903e-01,  1.824659096132739e-01
s187        , -2.027503475690737e+01, -2.012378781876076e+01,  4.508096791076827e-01,  2.245908186672657e-01
s188        , -2.214013663755619e+01, -2.215412604653610e+01,  5.655990768977445e-01,  1.585095729654594e-01
s189        , -2.074030596943589e+01, -2.054383810709069e+01,  4.800773832621361e-01,  2.170079733884146e-01
s190        , -1.914542963593283e+01, -1.912568027060506e+01,  4.019086772152946e-01,  2.653817073950979e-01
s191        , -1.679323473828856e+01, -1.685865180963651e+01,  3.153339944487951e-01,  3.850528631010262e-01
s192        , -1.690928184419942e+01, -1.725459187633075e+01,  3.260149170092488e-01,  3.592547797190410e-01
s193        , -2.273712334380998e+01, -2.277707807836442e+01,  6.023048497682392e-01,  1.398735296869328e-01
s194        , -2.090019731082972e+01, -2.132658305405889e+01,  5.172579889305824e-01,  1.837290336695543e-01
s195        , -1.910778599576077e+01, -1.934106563738230e+01,  4.246907272349645e-01,  2.700700496060798e-01
s196        , -1.918378235513936e+01, -1.937646554963069e+01,  4.081138840890773e-01,  2.484236492344740e-01
s197        , -2.010118773573690e+01, -2.049249263148339e+01,  4.609675432737418e-01,  2.008007598099063e-01
s198        , -2.040069724820686e+01, -2.056788711509847e+01,  4.598194504899773e-01,  1.923782171898719e-01
s199        , -2.033728659050214e+01, -1.983779488374545e+01,  4.300495731384790e-01,  2.288346426891182e-01
s200        , -1.788348829912646e+01, -1.811072464307164e+01,  3.615554685405419e-01,  3.172010615427802e-01
s201        , -1.891783601993355e+01, -2.005982799861134e+01,  4.567586477123727e-01,  2.372240378739961e-01
s202        , -2.174492495952721e+01, -2.146649084271762e+01,  5.288304692811308e-01,  1.832156861974005e-01
s203        , -2.185008698942601e+01, -2.158473533280418e+01,  5.428474952862997e-01,  1.874551583844861e-01
s204        , -2.086349108831322e+01, -2.094936158408461e+01,  4.884696361048942e-01,  1.877755810737457e-01
s205        , -2.088054945703831e+01, -2.145308238059895e+01,  5.253874800240159e-01,  1.806902787646387e-01
s206        , -2.114956534802060e+01, -2.092344710562987e+01,  4.975796194877035e-01,  2.002847505255328e-01
s207        , -1.936064601068155e+01, -1.853600356620201e+01,  3.703425478887124e-01,  2.865291319823275e-01
s208        , -2.173553987268506e+01, -2.131764558214519e+01,  5.170850911253581e-01,  1.843866023685235e-01
s209        , -1.958079034508013e+01, -1.962778716857974e+01,  4.253297223146808e-01,  2.435608520977331e-01
s210        , -2.077095411669474e+01, -2.133646007180772e+01,  5.174796084601962e-01,  1.830360346836693e-01
s211        , -2.106003856984427e+01, -2.088937270507721e+01,  4.957546256565133e-01,  2.015057055073173e-01
s212        , -1.921431398034701e+01, -1.898467589757368e+01,  3.974914808584859e-01,  2.738923516701623e-01
s213        , -1.891211086691480e+01, -1.862607157475942e+01,  3.769824017980913e-01,  2.853049804848375e-01
s214        , -1.797391097043976e+01, -1.754645886865663e+01,  3.368769880907999e-01,  3.435345931690744e-01
s215        , -2.046416066581664e+01, -2.045158735698336e+01,  4.698513317631660e-01,  2.144832538374341e-01
s216        , -2.054695205981560e+01, -2.019318186110393e+01,  4.476481466715681e-01,  2.145167187487477e-01
s217        , -2.064527960557822e+01, -2.076532449698785e+01,  5.029874950771593e-01,  2.212585076447643e-01
s218        , -2.267569057486860e+01, -2.258159341423470e+01,  5.930914713840545e-01,  1.482643387680712e-01
s219        , -1.969996813819463e+01, -2.026791480758155e+01,  4.669728021965658e-01,  2.287410868247149e-01
s220        , -2.056541179285701e+01, -2.181462961940410e+01,  5.360556277764261e-01,  1.581424885906487e-01
s221        , -2.147236245537334e+01, -2.149921256168593e+01,  5.371636618507643e-01,  1.893025156783245e-01
s222        , -1.817717386569833e+01, -1.824534836578461e+01,  3.643370740054803e-01,  3.074917640427947e-01
s223        , -2.049263974761081e+01, -2.061168055979102e+01,  4.770289334898538e-01,  2.072058871400081e-01
s224        , -2.147370851727396e+01, -2.107122872092062e+01,  5.171902450183017e-01,  2.078911872901266e-01
s225        , -2.297636192643720e+01, -2.237690903677557e+01,  5.721359369299968e-01,  1.445752009380873e-01
s226        , -2.349615644619751e+01, -2.243229648683699e+01,  5.783288029377227e-01,  1.461496586405376e-01
s227        , -1.994214785348108e+01, -2.045886835851724e+01,  4.667676180619600e-01,  2.103904398009507e-01
s228        , -1.935600154849446e+01, -1.963711971550517e+01,  4.256557469342453e-01,  2.430347038853701e-01
s229        , -1.931982821700711e+01, -1.914368844477407e+01,  3.994943750987400e-01,  2.610091754118245e-01
s230        , -1.663964761443124e+01, -1.728082498729212e+01,  3.210985159169280e-01,  3.513414375226419e-01
s231        , -1.912412961575534e+01, -1.935817217527686e+01,  4.133987393731552e-01,  2.559898467861341e-01
s232        , -2.205202611453251e+01, -2.230824507231425e+01,  5.693776251072710e-01,  1.480496426489394e-01
s233        , -2.108987100746543e+01, -2.075822739632920e+01,  4.731413498315409e-01,  1.890079221359472e-01
s234        , -2.119865480781422e+01, -2.129337526109017e+01,  4.997640243333908e-01,  1.675828091538421e-01
s235        , -1.634470488909293e+01, -1.564724490347959e+01,  2.783811958957937e-01,  4.592694320255752e-01
s236        , -2.035495556536669e+01, -2.086101328339799e+01,  5.083641325000772e-01,  2.181073684849381e-01
s237        , -2.057488800817375e+01, -2.029660344932294e+01,  4.704416438015954e-01,  2.298446988709321e-01
s238        , -2.181497599002021e+01, -2.106624205510378e+01,  4.986799479479742e-01,  1.879452147572687e-01
s239        , -1.938605784207409e+01, -1.890585769489499e+01,  3.911579560468643e-01,  2.743866521276132e-01
s240        , -1.879589433372550e+01, -1.863894881632416e+01,  3.772875571903850e-01,  2.844193670980101e-01
s241        , -1.732119998261703e+01, -1.685535457830953e+01,  3.110078839487243e-01,  3.805935527449679e-01
s242        , -2.017650413285683e+01, -2.043563464088988e+01,  4.676237404921190e-01,  2.135400766117509e-01
s243        , -1.996072124442394e+01, -2.015208290495624e+01,  4.498387410520440e-01,  2.208341268327243e-01
s244        , -2.121993688931675e+01, -2.124934738628627e+01,  5.044783527460565e-01,  1.769622236924099e-01
s245        , -2.152256201120388e+01, -2.167323536952821e+01,  5.413214282106579e-01,  1.773717507949535e-01
s246        , -1.806013829922115e+01, -1.810696204751817e+01,  3.554023769277868e-01,  3.107705217971640e-01
s247        , -1.662499542985015e+01, -1.704105905366256e+01,  3.131445057743396e-01,  3.653244387355097e-01
s248        , -2.087245838906029e+01, -2.054208519427227e+01,  4.622164841550225e-01,  1.974714410618038e-01
s249        , -2.031192930505803e+01, -1.982948765325798e+01,  4.432529972487068e-01,  2.441882261171728e-01
s250        , -1.829082894515480e+01, -1.843605815717267e+01,  3.707915309756624e-01,  2.965107092140418e-01
s251        , -2.316191337748571e+01, -2.343114478277652e+01,  6.534085564970836e-01,  1.341670517031091e-01
s252        , -1.836403387539604e+01, -1.856560349572391e+01,  3.749729902297037e-01,  2.888276470626525e-01
s253        , -1.948978591890307e+01, -2.031013989711944e+01,  4.656548672917002e-01,  2.232794497347833e-01
s254        , -1.974328758235917e+01, -2.030625429657552e+01,  4.667226941058987e-01,  2.248262031522641e-01
s255        , -2.045692599174058e+01, -2.036549759594793e+01,  4.638066814156590e-01,  2.159863985366155e-01
s256        , -1.776850461240055e+01, -1.770598815671172e+01,  3.492704438458361e-01,  3.420645199827455e-01
s257        , -2.163660994039700e+01, -2.125853219095926e+01,  5.118752130113570e-01,  1.842501556211475e-01
s258        , -1.860059101905129e+01, -1.897925705504066e+01,  3.914482394946393e-01,  2.677401933392988e-01
s259        , -2.094542362420654e+01, -2.113572708980004e+01,  5.031713014528879e-01,  1.863046132135052e-01
s260        , -1.742875942837962e+01, -1.722241259457472e+01,  3.407090782047072e-01,  3.785186502441937e-01
s261        , -2.065616574581777e+01, -2.048332075456960e+01,  4.725077475988374e-01,  2.144016617842257e-01
s262        , -2.014040040752147e+01, -1.939679952640856e+01,  4.081930671614274e-01,  2.465810048955269e-01
s263        , -1.686996628366655e+01, -1.647472584521467e+01,  2.975524600958002e-01,  4.018777271626633e-01
s264        , -2.074271161967796e+01, -2.012563151972507e+01,  4.417303273951266e-01,  2.144001109678780e-01
s265        , -2.059536695716665e+01, -2.060495679621108e+01,  4.626220350770429e-01,  1.919513765659626e-01
s266        , -2.198651133619990e+01, -2.188556572673025e+01,  5.371131991586369e-01,  1.525762477671616e-01
s267        , -1.899333543245141e+01, -1.913186655935042e+01,  3.985013632499574e-01,  2.610358242643442e-01
s268        , -1.857298059991068e+01, -1.828594472451920e+01,  3.614336146125109e-01,  3.004356764330593e-01
s269        , -2.106917022960664e+01, -2.111622428441992e+01,  5.055098744307864e-01,  1.907354685415718e-01
s270        , -1.920756052964929e+01, -2.023516799391797e+01,  4.508124999314673e-01,  2.140223127060646e-01
s271        , -1.965184309682283e+01, -1.987822237780932e+01,  4.349676157530605e-01,  2.304227233014942e-01
s272        , -2.112049940018463e+01, -2.089084657242739e+01,  4.907014063117513e-01,  1.957914514472348e-01
s273        , -1.945398506004425e+01, -1.922664999504967e+01,  3.970470876011210e-01,  2.504352249858571e-01
s274        , -2.135203005648119e+01, -2.202404340791163e+01,  5.525987896570451e-01,  1.565153112247819e-01
s275        , -2.088724638081418e+01, -2.070785828616071e+01,  4.802693825349033e-01,  2.016518449937790e-01
s276        , -1.839432489855567e+01, -1.885657027313575e+01,  3.862641188378376e-01,  2.736662107672999e-01
s277        , -2.199306195501885e+01, -1.996955826374176e+01,  4.183147668102580e-01,  2.033833315279950e-01
s278        , -2.276883612887764e+01, -2.212035108391284e+01,  5.795591391926243e-01,  1.771150899126383e-01
s279        , -2.262380984036664e+01, -2.273039485601790e+01,  6.047471930252079e-01,  1.469986787740145e-01
s280        , -1.620731240668889e+01, -1.650616844715911e+01,  2.911255526107807e-01,  3.918036413457343e-01
s281        , -2.072632910940930e+01, -2.001848317990406e+01,  4.216923861456331e-01,  2.024655932299487e-01
s282        , -1.840721485531197e+01, -1.872938349809705e+01,  3.708800632798375e-01,  2.687674804884543e-01
s283        , -1.945843055355910e+01, -1.966503342572223e+01,  4.405436929981676e-01,  2.568086352152236e-01
s284        , -2.290375248734285e+01, -2.326768304921588e+01,  6.591401672415347e-01,  1.560046925979977e-01
s285        , -2.162506652538119e+01, -2.118792577318349e+01,  5.057983445193243e-01,  1.842481623607949e-01
s286        , -2.308167299949378e+01, -2.399204381294168e+01,  6.843614526630124e-01,  1.150745754518510e-01
s287        , -1.888746545864790e+01, -1.823026351594850e+01,  3.630639958824158e-01,  3.075191664772828e-01
s288        , -2.031934863671701e+01, -2.039013609724406e+01,  4.691241614824662e-01,  2.195137187069538e-01
s289        , -2.410980627565496e+01, -2.424516521360292e+01,  7.017613861862734e-01,  1.102440337547035e-01
s290        , -2.087284446952964e+01, -2.074483029311408e+01,  4.872007122667108e-01,  2.057888213958721e-01
s291        , -2.204275686911580e+01, -2.095789110393287e+01,  4.719880530723124e-01,  1.687846607407329e-01
s292        , -1.820983264392220e+01, -1.819088796241181e+01,  3.437564224307410e-01,  2.899577052526962e-01
s293        , -1.668568749246811e+01, -1.664741570029771e+01,  2.997417485543762e-01,  3.879019903304305e-01
s294        , -2.280852590517532e+01, -2.363763978652494e+01,  6.584914628424644e-01,  1.201747480623109e-01
s295        , -1.673628435422914e+01, -1.721758760436595e+01,  3.235058836576662e-01,  3.599992374882600e-01
s296        , -2.103716924286631e+01, -2.054743054601316e+01,  4.559237721165458e-01,  1.900224034802614e-01
s297        , -2.124288787488653e+01, -2.086135766630816e+01,  4.860482660438757e-01,  1.934573598278580e-01
s298        , -2.177880180045448e+01, -2.153319774810415e+01,  5.400682903475355e-01,  1.892810067815530e-01
s299        , -1.893486515270964e+01, -1.924306256724944e+01,  4.175508763566037e-01,  2.714957931178983e-01
s300        , -1.774017522269403e+01, -1.713879010971474e+01,  3.201976901026184e-01,  3.638289088142952e-01
s301        , -2.283171483494903e+01, -2.323485069745874e+01,  6.332147525484320e-01,  1.305218401281788e-01
s302        , -1.721456897049112e+01, -1.774676954862088e+01,  3.372356243002699e-01,  3.249177845391034e-01
s303        , -2.130552121943375e+01, -2.068460166431223e+01,  4.601580771354682e-01,  1.816738384051264e-01
s304        , -2.313677054561944e+01, -2.272763952098074e+01,  6.077473662595320e-01,  1.505697843903282e-01
s305        , -1.858159986173835e+01, -1.897285704559508e+01,  3.922764976041782e-01,  2.692613255250567e-01
s306        , -2.163460095493751e+01, -2.149786585574805e+01,  5.292010848242236e-01,  1.806465731987682e-01
s307        , -1.987289536762319e+01, -2.027222760133208e+01,  4.723480212504422e-01,  2.342613094155950e-01
s308        , -2.028550026196297e+01, -1.941148197844639e+01,  3.774197175319819e-01,  2.112403915285236e-01
s309        , -2.129242792516701e+01, -2.093996654187149e+01,  5.158691146978424e-01,  2.188925200754100e-01
s310        , -1.894855963686166e+01, -1.906745984708484e+01,  4.054797041966648e-01,  2.748469925383779e-01
s311        , -2.010039836844276e+01, -2.032039797622628e+01,  4.576530146297918e-01,  2.134787162111996e-01
s312        , -1.830057188159682e+01, -1.891702388979501e+01,  3.898190196886656e-01,  2.718497938512447e-01
s313        , -1.990312271450173e+01, -1.940397109003636e+01,  4.138951553396268e-01,  2.521904675836512e-01
s314        , -1.980645538479249e+01, -1.990260142522929e+01,  4.388600554694095e-01,  2.324026634310702e-01
s315        , -1.914671781515828e+01, -1.955646292243192e+01,  4.302580160500171e-01,  2.557671257287811e-01
s316        , -2.257620253811652e+01, -2.248254431300359e+01,  5.830750266122127e-01,  1.466161064393278e-01
s317        , -1.647333233405121e+01, -1.611328489686881e+01,  2.841785479684162e-01,  4.214306165416444e-01
s318        , -2.027102701488289e+01, -1.995943376550700e+01,  4.436446072453631e-01,  2.322864248553770e-01
s319        , -1.996146248057647e+01, -2.010147102350632e+01,  4.415551829801675e-01,  2.165000903916403e-01
s320        , -2.548773082504399e+01, -2.447744529792120e+01,  7.263252782212194e-01,  1.152944236176970e-01
s321        , -1.727661852750149e+01, -1.769235128250715e+01,  3.373048344841282e-01,  3.301592267072191e-01
s322        , -2.011073789818953e+01, -2.081924708996323e+01,  4.823143734486275e-01,  1.933353009583839e-01
s323        , -2.178223238748198e+01, -2.131077002878434e+01,  5.097793865523559e-01,  1.769800451672763e-01
s324        , -1.879130547869734e+01, -1.906851599949577e+01,  4.082132365895882e-01,  2.777621921568190e-01
s325        , -2.032679436678044e+01, -2.009231431470003e+01,  4.430536837330092e-01,  2.190222392788695e-01
s326        , -2.071891083121713e+01, -2.057640474218801e+01,  4.544240517978266e-01,  1.856179380657551e-01
s327        , -1.834375983430116e+01, -1.922342444208868e+01,  4.112712929886040e-01,  2.664325377944725e-01
s328        , -2.099505369246730e+01, -2.121150210350609e+01,  5.042044256594882e-01,  1.802521205303418e-01
s329        , -2.140321290954873e+01, -2.066904699645553e+01,  4.830109648851260e-01,  2.083599317170265e-01
s330        , -2.114112529442132e+01, -2.174939029819212e+01,  5.373309605546212e-01,  1.657415192231610e-01
s331        , -1.934637322166436e+01, -1.996078021007378e+01,  4.466043552708882e-01,  2.354236169286606e-01
s332        , -1.962462779654497e+01, -2.021854378200349e+01,  4.566888380197918e-01,  2.220825651317033e-01
s333        , -2.293624249800790e+01, -2.326643394973116e+01,  6.297815805224849e-01,  1.237368865901841e-01
s334        , -1.807355423930957e+01, -1.812318267546142e+01,  3.611764710454676e-01,  3.156005270914256e-01
s335        , -1.850164643907080e+01, -1.858501900943274e+01,  3.730653355462608e-01,  2.848804362809610e-01
s336        , -2.151296308555482e+01, -2.104539003481420e+01,  5.061462344031581e-01,  1.981606695731995e-01
s337        , -1.775953587894473e+01, -1.571679787304989e+01,  2.630808289104080e-01,  4.357895242003806e-01
s338        , -2.118082550420247e+01, -2.108262504286858e+01,  5.058127938265387e-01,  1.942586907560244e-01
s339        , -1.761381998690202e+01, -1.845715160900390e+01,  3.672501278059456e-01,  2.906019989883049e-01
s340        , -1.906967392812366e+01, -1.917874051444154e+01,  4.025929152125595e-01,  2.611003134893108e-01
s341        , -2.371082699534004e+01, -2.390853970317952e+01,  6.831472695733415e-01,  1.216609414454963e-01
s342        , -1.901967676945428e+01, -1.917598796462196e+01,  4.045391197374861e-01,  2.635084893058311e-01
s343        , -1.943128604912865e+01, -1.885329257669411e+01,  3.825692881074615e-01,  2.699014304780651e-01
s344        , -2.171448714042025e+01, -2.224074239886311e+01,  5.856296640927897e-01,  1.723847659817624e-01
s345        , -1.896311499883081e+01, -1.891266077983170e+01,  3.881305755537108e-01,  2.704013423112479e-01
s346        , -2.211462969107367e+01, -2.196861882338678e+01,  5.482452679751459e-01,  1.569734156746924e-01
s347        , -1.640817037109120e+01, -1.682634715238915e+01,  3.119572808558945e-01,  3.843940933959256e-01
s348        , -2.058778590237884e+01, -2.069690106405070e+01,  4.813961444274113e-01,  2.039348124697015e-01
s349        , -1.918353701640313e+01, -1.920226829416637e+01,  4.147401210018786e-01,  2.722671389048900e-01
s350        , -2.047073332015930e+01, -2.080591905551979e+01,  4.900668117469229e-01,  2.031522817318363e-01
s351        , -2.167714580870165e+01, -2.197452931172521e+01,  5.502020583753212e-01,  1.585710192902809e-01
s352        , -2.086238589025425e+01, -2.066922273146142e+01,  4.920208531515382e-01,  2.182823379514659e-01
s353        , -1.920058764071421e+01, -1.983625107319429e+01,  4.392422634856106e-01,  2.391219137240566e-01
s354        , -2.053223705409261e+01, -2.057116487807594e+01,  4.531551425716115e-01,  1.847155053145895e-01
s355        , -1.704257081119439e+01, -1.799086222580532e+01,  3.439817000676325e-01,  3.091916019664745e-01
s356        , -2.127143545968418e+01, -2.128046250608713e+01,  5.229252772730061e-01,  1.943583132242013e-01
s357        , -1.906625211198675e+01, -1.942115659016660e+01,  4.249740731237884e-01,  2.627808071669345e-01
s358        , -2.032987192881253e+01, -2.012876772202137e+01,  4.404135320493090e-01,  2.126498415941241e-01
s359        , -2.136102912880764e+01, -2.154589100092979e+01,  5.280260708011560e-01,  1.747920859140088e-01
s360        , -1.881386071055488e+01, -1.840622631985549e+01,  3.595559083697189e-01,  2.869478272042740e-01
s361        , -2.182643688719446e+01, -2.122743093107613e+01,  4.959538692527700e-01,  1.696387967429135e-01
s362        , -2.091897008712596e+01, -2.104026120500677e+01,  4.976699843226081e-01,  1.892970576929652e-01
s363        , -1.798497754334610e+01, -1.893431798623914e+01,  3.823971771336679e-01,  2.620210658060646e-01
s364        , -1.789393844733154e+01, -1.768780674383190e+01,  3.516681472601382e-01,  3.464351843278564e-01
s365        , -2.184332997178521e+01, -2.080242692473479e+01,  5.047583517222272e-01,  2.196904279192604e-01
s366        , -2.293131491804218e+01, -2.241025982477282e+01,  5.832145536112083e-01,  1.536308846575817e-01
s367        , -2.320311495695380e+01, -2.254179895957678e+01,  5.862542481893446e-01,  1.444990660165639e-01
s368        , -1.944159222026194e+01, -1.999876671834016e+01,  4.493330534099170e-01,  2.348282494925135e-01
s369        , -2.221834550731525e+01, -2.268622635281198e+01,  5.982928183960661e-01,  1.440708996777638e-01
s370        , -1.739352775780219e+01, -1.809894497367355e+01,  3.508313531965216e-01,  3.064890226025007e-01
s371        , -2.131349702655302e+01, -2.081454732667157e+01,  4.861119605368032e-01,  1.979706132855871e-01
s372        , -2.230067528571091e+01, -2.171310784171696e+01,  5.319942884416424e-01,  1.632982104133854e-01
s373        , -1.609460498694387e+01, -1.591686953454475e+01,  2.733005717710053e-01,  4.280734933084938e-01
s374        , -1.846307154319872e+01, -1.863288514839977e+01,  3.790446809217794e-01,  2.869332358849976e-01
s375        , -2.092466765927065e+01, -2.113665442378612e+01,  5.063857571421752e-01,  1.897625609406626e-01
s376        , -2.335896110191541e+01, -2.423029079702356e+01,  7.036499953198142e-01,  1.137392178573431e-01
s377        , -2.209438728501526e+01, -2.239284612002141e+01,  5.669498847563197e-01,  1.373416428511083e-01
s378        , -2.111108779470583e+01, -2.158796565102479e+01,  5.320937914877285e-01,  1.752858107931718e-01
s379        , -1.875225846070942e+01, -1.839431692372064e+01,  3.735492911122167e-01,  3.035147369319283e-01
s380        , -1.834869608623442e+01, -1.861914760044441e+01,  3.851442758733840e-01,  2.949657829631631e-01
s381        , -2.068155326614140e+01, -2.033921593328362e+01,  4.541921268928275e-01,  2.078748029868924e-01
s382        , -1.804666933121612e+01, -1.825667641377464e+01,  3.721731925336662e-01,  3.150608299996506e-01
s383        , -2.062194236740874e+01, -2.099132074117656e+01,  5.041945816872205e-01,  2.011397128262633e-01
s384        , -1.800916137079852e+01, -1.872572465390379e+01,  3.925334884112459e-01,  2.930013208081263e-01
s385        , -2.216424509641620e+01, -2.204315034125423e+01,  5.773024245701356e-01,  1.819531248686042e-01
s386        , -2.182057698940036e+01, -2.183489378172936e+01,  5.454418381354048e-01,  1.665733399754422e-01
s387        , -1.799817167842237e+01, -1.760146778267917e+01,  3.389754804973736e-01,  3.406283495127698e-01
s388        , -2.351217009702901e+01, -2.393235095391849e+01,  6.784848945513091e-01,  1.142576934297241e-01
s389        , -2.149803565649794e+01, -2.211636873750404e+01,  5.735171307834401e-01,  1.708279470704083e-01
s390        , -2.025125341850577e+01, -2.002998604555234e+01,  4.351345922694160e-01,  2.162023148236904e-01
s391        , -1.925641978436478e+01, -1.930669029249484e+01,  4.129716955875007e-01,  2.604051498804632e-01
s392        , -1.954014294555121e+01, -2.041214341699547e+01,  4.681915401041460e-01,  2.163960967494609e-01
s393        , -2.007195889273447e+01, -2.029693587209846e+01,  4.673880544888402e-01,  2.264446383577526e-01
s394        , -1.933645012315517e+01, -1.893556136384418e+01,  3.973439722604612e-01,  2.783913224020142e-01
s395        , -2.191328817199827e+01, -2.116582866362564e+01,  4.931728161314878e-01,  1.724178928581829e-01
s396        , -1.985518647713905e+01, -1.913810180003714e+01,  3.934032619868051e-01,  2.548201351753674e-01
s397        , -1.859895904181181e+01, -1.876779881510664e+01,  3.823578721790335e-01,  2.777828271419680e-01
s398        , -2.089338265909714e+01, -2.122320561969266e+01,  5.009027680497763e-01,  1.754991241133405e-01
s399        , -1.650074457052408e+01, -1.681434579400997e+01,  3.043736433242689e-01,  3.771674540902103e-01
s400        , -1.659170957499870e+01, -1.691919360249316e+01,  3.001017784551837e-01,  3.625034280192068e-01
s401        , -1.654426837808786e+01, -1.701836138631871e+01,  3.115067291154670e-01,  3.656720993613012e-01
s402        , -1.877939202276407e+01, -1.896932759654982e+01,  4.001045696381269e-01,  2.782317102579276e-01
s403        , -2.106694758002669e+01, -2.090241322734924e+01,  4.845988870530902e-01,  1.879617281714780e-01
s404        , -2.165676773412189e+01, -2.200743299824748e+01,  5.735977660926037e-01,  1.812565031304995e-01
s405        , -2.212611753855641e+01, -2.186107136284605e+01,  5.504542149776596e-01,  1.696180100296295e-01
s406        , -1.885653015374473e+01, -1.928846132445988e+01,  4.071333676948705e-01,  2.556949073543427e-01
s407        , -1.790225292709843e+01, -1.743127498843044e+01,  3.438543301598710e-01,  3.621641600293228e-01
s408        , -1.653237145459570e+01, -1.704645472183041e+01,  3.152798430518406e-01,  3.671678669373053e-01
s409        , -1.984138826084547e+01, -2.021338242380720e+01,  4.682691281620962e-01,  2.353470297639841e-01
s410        , -1.632163885458830e+01, -1.713675035429444e+01,  3.022242183849058e-01,  3.441954197475433e-01
s411        , -1.826950002229553e+01, -1.844216675402879e+01,  3.768322715346189e-01,  3.025946409940548e-01
s412        , -2.254085603631221e+01, -2.242306401854090e+01,  5.886118448250295e-01,  1.583694969083675e-01
s413        , -1.907038707751166e+01, -1.966191553192229e+01,  4.377645058599317e-01,  2.540387620354136e-01
s414        , -1.996831080241482e+01, -2.037547060754385e+01,  4.617516571038500e-01,  2.127728521723378e-01
s415        , -2.069762370804266e+01, -2.008255979957339e+01,  4.518022422162213e-01,  2.295988914283508e-01
s416        , -1.735494379178349e+01, -1.803713181809309e+01,  3.549128540448322e-01,  3.168584303808905e-01
s417        , -1.714858900796163e+01, -1.675469971083311e+01,  3.099580299894168e-01,  3.889890545771907e-01
s418        , -2.014294405560549e+01, -2.034807882040297e+01,  4.603222613139334e-01,  2.137959252194590e-01
s419        , -1.771416578387462e+01, -1.798070611889741e+01,  3.527443942725497e-01,  3.198219646371254e-01
s420        , -2.335906844703241e+01, -2.350154635617985e+01,  6.537287171786070e-01,  1.278380854917246e-01
s421        , -2.045819521600993e+01, -2.027348318962774e+01,  4.414864057539076e-01,  2.000977342035505e-01
s422        , -1.913624718404630e+01, -1.909348687312137e+01,  4.027087955289215e-01,  2.693199698044140e-01
s423        , -2.001718266940652e+01, -2.027536554199763e+01,  4.571308843396528e-01,  2.171769788669529e-01
s424        , -2.199980092896302e+01, -2.168544189100983e+01,  5.239192294323010e-01,  1.570162692279240e-01
s425        , -1.799669141475633e+01, -1.858149760526805e+01,  3.872666147330971e-01,  3.008805391224194e-01
s426        , -2.179879403652462e+01, -2.126858247997902e+01,  5.014425485546545e-01,  1.717876408532326e-01
s427        , -1.855895626610580e+01, -1.940809413447269e+01,  4.191890287967960e-01,  2.576389653362217e-01
s428        , -2.201089453299450e+01, -2.233071976846878e+01,  5.848391745940765e-01,  1.629725761092109e-01
s429        , -2.010895188317044e+01, -2.046466246875585e+01,  4.627727125927862e-01,  2.054335898425397e-01
s430        , -2.197039083997888e+01, -2.133955476032288e+01,  5.137488017447729e-01,  1.786267350652295e-01
s431        , -2.053790779896415e+01, -2.051000102556441e+01,  4.753394149735630e-01,  2.149930111930816e-01
s432        , -2.056150222449639e+01, -2.009069195132804e+01,  4.439790714782129e-01,  2.201970492456972e-01
s433        , -1.961788415450921e+01, -1.932473301848844e+01,  4.221844327550255e-01,  2.688554846276261e-01
s434        , -2.169585176655818e+01, -2.132983051539426e+01,  5.095838463203338e-01,  1.749552180224420e-01
s435        , -1.969212203292086e+01, -1.981075669138912e+01,  4.384087904656888e-01,  2.406222758988308e-01
s436        , -1.841763911968392e+01, -1.847019574107271e+01,  3.656598494032587e-01,  2.876096336652697e-01
s437        , -2.085473352476042e+01, -1.965655506486807e+01,  4.459810831561987e-01,  2.636115094789373e-01
s438        , -2.075193174001312e+01, -2.100931227743784e+01,  5.037188573591518e-01,  1.989072650686829e-01
s439        , -1.747889033992054e+01, -1.742133373074031e+01,  3.383309334300300e-01,  3.570147021233505e-01
s440        , -2.292628299240021e+01, -2.242913669350831e+01,  5.896715953990916e-01,  1.589621542833267e-01
s441        , -1.928590410708185e+01, -1.927261970623078e+01,  4.068962276069203e-01,  2.569369134938377e-01
s442        , -2.265396374356312e+01, -2.215382474279038e+01,  5.679260486614351e-01,  1.611051255603258e-01
s443        , -1.939450551490213e+01, -1.914480897872833e+01,  4.125228870706469e-01,  2.752749742718500e-01
s444        , -2.014197468633274e+01, -2.026281044385856e+01,  4.561721631551072e-01,  2.173110474871633e-01
s445        , -2.136890748153691e+01, -2.141972632902081e+01,  5.256984679639535e-01,  1.841993193321749e-01
s446        , -1.984877428373165e+01, -1.991916362932393e+01,  4.384043025631103e-01,  2.303279114225273e-01
s447        , -2.124129540469972e+01, -2.096168056819156e+01,  5.018677825971630e-01,  2.013862374751398e-01
s448        , -1.996883442559681e+01, -2.001669391678294e+01,  4.523711196622773e-01,  2.364780792750630e-01
s449        , -2.213132573342666e+01, -2.188832018981466e+01,  5.591228626859513e-01,  1.765943484267516e-01
s450        , -2.393776981346641e+01, -2.268236927860904e+01,  6.036431770650580e-01,  1.503391387071107e-01
s451        , -1.778758837631850e+01, -1.804149364327486e+01,  3.631033662440958e-01,  3.254796360037576e-01
s452        , -2.093231028730361e+01, -2.087340983216937e+01,  5.022874786456070e-01,  2.102274089964747e-01
s453        , -1.913112365245808e+01, -1.941171417960649e+01,  4.233428543211277e-01,  2.618775830326456e-01
s454        , -1.694745233262931e+01, -1.742082519111426e+01,  3.351148320319092e-01,  3.535151892161735e-01
s455        , -1.959305905778561e+01, -1.946350835199628e+01,  4.199483814564324e-01,  2.532170059907663e-01
s456        , -1.690137029519855e+01, -1.730117467403242e+01,  3.235711727173293e-01,  3.521376168836757e-01
s457        , -1.744399185749123e+01, -1.733388574475639e+01,  3.241043351312651e-01,  3.496210028229189e-01
s458        , -2.020627098912283e+01, -2.005522191297415e+01,  4.468897011852090e-01,  2.267744834070000e-01
s459        , -1.884232545378780e+01, -1.874983770656819e+01,  3.902485820179873e-01,  2.881920864354730e-01
s460        , -2.233016805188693e+01, -2.221829142699178e+01,  5.699854355171242e-01,  1.572580617917967e-01
s461        , -1.623645396367353e+01, -1.619515349686158e+01,  2.877473887853054e-01,  4.175969801703787e-01
s462        , -2.313545884021418e+01, -2.250570451307166e+01,  5.758008166205386e-01,  1.363934568754836e-01
s463        , -2.090493117250811e+01, -2.034891001469591e+01,  4.690327036829445e-01,  2.233257907021270e-01
s464        , -1.633431188033305e+01, -1.656069545496568e+01,  2.972021683800380e-01,  3.933315284513239e-01
s465        , -1.999082968954132e+01, -2.028809884796224e+01,  4.537824198474297e-01,  2.122746061275571e-01
s466        , -1.900684695054017e+01, -1.832065394697244e+01,  3.550146680335069e-01,  2.900603221794297e-01
s467        , -1.783078222536251e+01, -1.808363723031152e+01,  3.651145359463545e-01,  3.236981728326256e-01
s468        , -1.945030486126850e+01, -1.863805985859458e+01,  3.750112442429776e-01,  2.819926711382536e-01
s469        , -2.270314762369042e+01, -2.241571152076005e+01,  5.859437382562586e-01,  1.561240863705901e-01
s470        , -2.119907484802825e+01, -2.113389962537579e+01,  5.066985033742518e-01,  1.903690318792633e-01
s471        , -1.972012875359749e+01, -1.999845016279053e+01,  4.462291165601311e-01,  2.314342466493973e-01
s472        , -1.766462305551830e+01, -1.770260421100856e+01,  3.380654345400160e-01,  3.300251143272612e-01
s473        , -2.127822401317911e+01, -2.116482649055335e+01,  5.075785965924997e-01,  1.884044752686591e-01
s474        , -1.654177405306909e+01, -1.672799072081782e+01,  3.102201335820952e-01,  3.918132653503416e-01
s475        , -2.297159509003216e+01, -2.379903822473927e+01,  6.729481610663819e-01,  1.208032915227413e-01
s476        , -2.252587602064435e+01, -2.251536712997197e+01,  5.823772541449584e-01,  1.427310037230590e-01
s477        , -2.178946083596680e+01, -2.041751037834724e+01,  4.859439234449036e-01,  2.354698955916774e-01
s478        , -1.788602657411998e+01, -1.752801942818924e+01,  3.430487371001472e-01,  3.520930144099532e-01
s479        , -1.952938513246325e+01, -1.918131791630613e+01,  4.013996798756377e-01,  2.595393853625890e-01
s480        , -2.203955610850313e+01, -2.206754350777923e+01,  5.450279469355748e-01,  1.440348811193368e-01
s481        , -1.615402914764109e+01, -1.747569996803208e+01,  3.303678131648635e-01,  3.430701821933280e-01
s482        , -2.215324565636576e+01, -2.208058865983793e+01,  5.585522927232510e-01,  1.577158278369910e-01
s483        , -2.217560840271064e+01, -2.194817130951524e+01,  5.485455535307877e-01,  1.592454399204130e-01
s484        , -2.403070638423247e+01, -2.408957595993799e+01,  6.922419849216799e-01,  1.145105979869484e-01
s485        , -1.896886917982663e+01, -1.923842157217684e+01,  4.215059969305200e-01,  2.762993075307898e-01
s486        , -2.293847835350512e+01, -2.306406480936076e+01,  6.281798989862266e-01,  1.411778317060147e-01
s487        , -1.935879902533930e+01, -1.961703746215607e+01,  4.098099570933890e-01,  2.274608249913616e-01
s488        , -2.071941340396909e+01, -2.025346247615697e+01,  4.524629043256546e-01,  2.141065091891423e-01
s489        , -2.120929532988995e+01, -2.092401449118644e+01,  5.030086101696228e-01,  2.062197846156102e-01
s490        , -2.336106814107168e+01, -2.301006692840092e+01,  6.125458418807582e-01,  1.290566138975399e-01
s491        , -1.878377211600346e+01, -1.869107368964893e+01,  3.855168638931900e-01,  2.885499519837901e-01
s492        , -2.196689093989351e+01, -2.195791722004745e+01,  5.692767186548693e-01,  1.811895982477792e-01
s493        , -2.118321097196467e+01, -2.068538808603468e+01,  4.644824274023023e-01,  1.863695197742040e-01
s494        , -2.014379663919148e+01, -2.030735430463782e+01,  4.797959838831907e-01,  2.391433460018560e-01
s495        , -1.971897958689983e+01, -1.978838664813912e+01,  4.385325114928952e-01,  2.428820026890109e-01
s496        , -2.171934681583978e+01, -2.178608405542014e+01,  5.336925791396447e-01,  1.582451307422199e-01
s497        , -1.930074135275753e+01, -1.920298087996574e+01,  4.055737955340868e-01,  2.620878472440864e-01
s498        , -2.146882601091719e+01, -2.207439266398061e+01,  5.575222551535274e-01,  1.571676527622345e-01
s499        , -1.852368794388046e+01, -1.846288024412209e+01,  3.727963070367196e-01,  2.961764288500903e-01
s500        , -2.050589701281523e+01, -2.050151917758043e+01,  4.885404518289035e-01,  2.303605349366253e-01
s501        , -2.141899489528082e+01, -2.104949589375905e+01,  5.145621840974262e-01,  2.070548572235302e-01
s502        , -1.777920620854658e+01, -1.817019081576353e+01,  3.522269112870213e-01,  3.012662269705703e-01
s503        , -2.264989988763092e+01, -2.261839316153900e+01,  5.877512790996141e-01,  1.388805701281083e-01
s504        , -1.994570445298742e+01, -2.029131849565170e+01,  4.677267028935083e-01,  2.273513835645960e-01
s505        , -2.256898602446125e+01, -2.246411368112715e+01,  5.830761584580844e-01,  1.483666932047158e-01
s506        , -2.050664132584332e+01, -2.025474236253189e+01,  4.594790982750300e-01,  2.217248094212470e-01
s507        , -2.255451727781655e+01, -2.137742377806771e+01,  5.319882623042415e-01,  1.951529203800811e-01
s508        , -2.063695726234980e+01, -2.075799822944566e+01,  4.838568713472771e-01,  2.008502962445778e-01
s509        , -2.049565878814769e+01, -2.042673454265245e+01,  4.696705489072744e-01,  2.166427244998599e-01
s510        , -1.886667658587990e+01, -1.891972869439775e+01,  3.787656869711343e-01,  2.593997953193612e-01
s511        , -2.270091090950000e+01, -2.314185190801225e+01,  6.284387741730595e-01,  1.340802645404203e-01
s512        , -2.052865138648571e+01, -2.075535147185414e+01,  4.950690208393888e-01,  2.134699809509481e-01
s513        , -1.872228566034903e+01, -1.907372760353267e+01,  3.989632256175847e-01,  2.670635613926407e-01
s514        , -2.338235400416073e+01, -2.316788957418988e+01,  6.306626512029830e-01,  1.340621342983303e-01
s515        , -2.063189590001077e+01, -2.064551992864725e+01,  4.988437009335202e-01,  2.280585769042700e-01
s516        , -2.353360034901451e+01, -2.332465145789441e+01,  6.459452614640698e-01,  1.360418440951123e-01
s517        , -2.274108402549141e+01, -2.243291553009233e+01,  5.819026055479779e-01,  1.500332743840311e-01
s518        , -2.095244706423326e+01, -2.125678255883475e+01,  5.309931562957875e-01,  2.055058152700385e-01
s519        , -2.165153402286209e+01, -2.108247980027448e+01,  4.972485280069038e-01,  1.848249702298153e-01
s520        , -1.917430642162448e+01, -2.025406494494955e+01,  4.494653394469034e-01,  2.107426196187416e-01
s521        , -2.048146586988528e+01, -1.956353047663753e+01,  4.225703226575050e-01,  2.466157787650771e-01
s522        , -1.837039701152461e+01, -1.911086444239896e+01,  4.086021191828803e-01,  2.741716901250437e-01
s523        , -2.237538522976599e+01, -2.192842924950917e+01,  5.458690211423483e-01,  1.581666863813123e-01
s524        , -2.219430447580721e+01, -2.201413744280021e+01,  5.431022881214720e-01,  1.469796488886842e-01
s525        , -2.096151325596525e+01, -2.050464228095939e+01,  4.766346675569306e-01,  2.169304680522453e-01
s526        , -2.193172581512368e+01, -2.163489004401591e+01,  5.293002934634599e-01,  1.677504013914491e-01
s527        , -2.063376120076111e+01, -2.040116213674642e+01,  4.495152910830812e-01,  1.968360346199790e-01
s528        , -1.776721144005281e+01, -1.751664103150211e+01,  3.481403110901574e-01,  3.587896642536905e-01
s529        , -2.226349149791107e+01, -2.291973704141457e+01,  6.036703636250242e-01,  1.278394352342471e-01
s530        , -2.300566448791293e+01, -2.288545461791840e+01,  6.155459047867652e-01,  1.441936180308366e-01
s531        , -1.846679125419261e+01, -1.798527874893716e+01,  3.406453254579603e-01,  3.060410981915804e-01
s532        , -1.859817726729017e+01, -1.948492339777692e+01,  4.238666072776751e-01,  2.555067189431932e-01
s533        , -2.134099683522431e+01, -2.237129833053016e+01,  5.822270839669537e-01,  1.562395955519859e-01
s534        , -2.286936511308830e+01, -2.303932956907279e+01,  6.226279053060085e-01,  1.374009942782658e-01
s535        , -1.777040539985326e+01, -1.837110347941746e+01,  3.596807793852985e-01,  2.904192507061455e-01
s536        , -1.995222678224889e+01, -2.008139063860944e+01,  4.459345622460998e-01,  2.232370429747537e-01
s537        , -2.015268820600640e+01, -2.081959710946694e+01,  4.880930922122249e-01,  1.996767621360548e-01
s538        , -1.740140208992538e+01, -1.819779550934710e+01,  3.504417177734119e-01,  2.966768332057669e-01
s539        , -1.924950405987826e+01, -1.998368167793931e+01,  4.507230237342855e-01,  2.377933610214309e-01
s540        , -2.157643164881004e+01, -2.141255313615820e+01,  5.124409046728456e-01,  1.702553332879318e-01
s541        , -1.586673793577160e+01, -1.636713186059338e+01,  2.792040758448922e-01,  3.918493101919372e-01
s542        , -2.009907109345192e+01, -2.028954498858319e+01,  4.662384691896581e-01,  2.258779989124330e-01
s543        , -1.879069098033760e+01, -1.882550180358664e+01,  3.853434691970599e-01,  2.755994686740945e-01
s544        , -2.248614661420541e+01, -2.161565191473489e+01,  5.256533674152760e-01,  1.655533461880159e-01
s545        , -1.987972862262733e+01, -2.001679932820780e+01,  4.537997290555116e-01,  2.380440173326887e-01
s546        , -2.126472237694319e+01, -2.075700263987618e+01,  4.818149588688833e-01,  1.986922956139005e-01
s547        , -1.738356621674509e+01, -1.735935749848723e+01,  3.373088106446928e-01,  3.617696233906607e-01
s548        , -1.943625792183643e+01, -1.976463086463685e+01,  4.417587767385730e-01,  2.486957689903608e-01
s549        , -2.233202963006129e+01, -2.267593258806801e+01,  5.969695564237761e-01,  1.435881982768238e-01
s550        , -2.412763530103872e+01, -2.378220854844675e+01,  6.690951675248190e-01,  1.181503192701649e-01
s551        , -1.731823103856605e+01, -1.741007915773449e+01,  3.259537232828928e-01,  3.444292438647560e-01
s552        , -2.060923402045430e+01, -2.120312089738486e+01,  5.004842011120354e-01,  1.769437257091603e-01
s553        , -1.992869680942914e+01, -1.994078116170953e+01,  4.369647022264919e-01,  2.266880218721117e-01
s554        , -1.812921854031919e+01, -1.786007487795089e+01,  3.393915492654648e-01,  3.165417088065163e-01
s555        , -2.102602816640752e+01, -2.021717746672069e+01,  4.548516301738437e-01,  2.201855678304538e-01
s556        , -1.941820686683750e+01, -1.938966680092153e+01,  4.101436532354681e-01,  2.494097572639675e-01
s557        , -2.190718211184164e+01, -2.150650029230636e+01,  5.187134808187077e-01,  1.682578381517628e-01
s558        , -1.909304407213536e+01, -1.897809649557295e+01,  3.958564177826984e-01,  2.727131451549607e-01
s559        , -2.023025085829861e+01, -2.056207139095058e+01,  4.728441913860722e-01,  2.072982090279172e-01
s560        , -2.107002513254548e+01, -2.108332633682724e+01,  5.135771217280649e-01,  2.027571975963757e-01
s561        , -2.121559386756793e+01, -2.121807417527381e+01,  4.937467726297081e-01,  1.680921740983891e-01
s562        , -1.764234380631898e+01, -1.818811362858764e+01,  3.631985991209749e-01,  3.116682960583397e-01
s563        , -1.646928563220792e+01, -1.753193477902152e+01,  3.240122579062202e-01,  3.307216617396171e-01
s564        , -1.863449571719480e+01, -1.845239732000403e+01,  3.789858731644936e-01,  3.039993142146240e-01
s565        , -2.028655126138008e+01, -2.037804907191179e+01,  4.726007598819329e-01,  2.244960983749264e-01
s566        , -1.821002786093300e+01, -1.829094714311141e+01,  3.642200365215965e-01,  3.030346613765295e-01
s567        , -2.066943738863287e+01, -2.106551466977768e+01,  4.956096367671263e-01,  1.846272992198741e-01
s568        , -2.062629415098700e+01, -2.072913212375670e+01,  4.873009226550881e-01,  2.073893538580258e-01
s569        , -2.065075063553067e+01, -2.106590162540147e+01,  5.116288179783761e-01,  2.022618250820163e-01
s570        , -2.031634942577389e+01, -2.061597771872201e+01,  4.862747400427424e-01,  2.169973583424614e-01
s571        , -2.047206271335130e+01, -2.026984139918815e+01,  4.626360449684018e-01,  2.237742140635530e-01
s572        , -2.393038589894997e+01, -2.394978336356176e+01,  6.857251344860800e-01,  1.205900335497934e-01
s573        , -1.926109501090367e+01, -1.914528453787093e+01,  4.144194937201515e-01,  2.773220420943207e-01
s574        , -2.085894290369713e+01, -2.119161242039494e+01,  5.070098089863562e-01,  1.852346491646616e-01
s575        , -2.021973442813006e+01, -2.095060879966872e+01,  4.983897048196195e-01,  1.986003362024148e-01
s576        , -1.844714179521902e+01, -1.860293282200429e+01,  3.771838169620610e-01,  2.877233759217511e-01
s577        , -1.949977509463960e+01, -1.941826070309139e+01,  4.094998602298138e-01,  2.459855872065949e-01
s578        , -2.108198153892643e+01, -2.050126668070424e+01,  4.691292593443908e-01,  2.089714145419179e-01
s579        , -2.029210259566103e+01, -2.046298171279811e+01,  4.752357710222092e-01,  2.193415030689142e-01
s580        , -2.195204710511243e+01, -2.274791360713663e+01,  6.204593740155626e-01,  1.626684837040000e-01
s581        , -2.000078291173359e+01, -2.033265766677320e+01,  4.548584064281586e-01,  2.092322725281083e-01
s582        , -2.354247422413414e+01, -2.308655195139216e+01,  6.228567110417419e-01,  1.331712979442074e-01
s583        , -1.881717670098672e+01, -1.953606532253719e+01,  4.260030013386409e-01,  2.530093199604854e-01
s584        , -2.079214981383572e+01, -2.066654167613160e+01,  4.750998850480704e-01,  1.998707669334679e-01
s585        , -2.214462266832296e+01, -2.241558533971760e+01,  5.699412165962615e-01,  1.384831868287266e-01
s586        , -1.671124709479596e+01, -1.674085216239907e+01,  3.052538287260573e-01,  3.851140409729785e-01
s587        , -1.722924462132460e+01, -1.672126660411731e+01,  3.080397690781007e-01,  3.900462555393263e-01
s588        , -2.306180681354529e+01, -2.274282476951624e+01,  6.049876467512300e-01,  1.460841489968190e-01
s589        , -2.054966159202169e+01, -2.058986628608622e+01,  4.824183623473278e-01,  2.152216281930314e-01
s590        , -2.302597507766974e+01, -2.280469263639889e+01,  6.065095263469849e-01,  1.418908103735151e-01
s591        , -2.031576031139625e+01, -2.044309935360495e+01,  4.693026574795987e-01,  2.146836307165673e-01
s592        , -1.675983730084032e+01, -1.601870332188115e+01,  2.927432378222982e-01,  4.398557738265729e-01
s593        , -1.833051427645905e+01, -1.874712218873108e+01,  3.807537778290382e-01,  2.779758172335292e-01
s594        , -1.700453572465554e+01, -1.725107326706843e+01,  3.182881605127278e-01,  3.510651237382563e-01
s595        , -2.121342929627275e+01, -2.099445376265447e+01,  4.716431556209518e-01,  1.649338593371245e-01
s596        , -1.895402289388661e+01, -1.856659631930959e+01,  3.771146764543876e-01,  2.910959737275570e-01
s597        , -2.389559541191659e+01, -2.403963623673258e+01,  6.909486332511461e-01,  1.178238764538834e-01
s598        , -1.923753651242740e+01, -1.943784725967181e+01,  4.057301583307942e-01,  2.399680601350039e-01
s599        , -2.358158831573873e+01, -2.311120314782955e+01,  6.186019731439736e-01,  1.261380038251310e-01
s600        , -1.942143232536245e+01, -1.884580684906435e+01,  3.981554471780135e-01,  2.878055097358352e-01
s601        , -2.073803555561576e+01, -2.055268553558087e+01,  4.791580833028008e-01,  2.151541140420747e-01
s602        , -1.821856306700227e+01, -1.784049441104272e+01,  3.425925170541993e-01,  3.219312697126805e-01
s603        , -1.722454836479658e+01, -1.757892816932586e+01,  3.347267472670463e-01,  3.380807816394666e-01
s604        , -1.805154515236764e+01, -1.792549942029448e+01,  3.499798632354816e-01,  3.220122531727104e-01
s605        , -2.021935755598555e+01, -1.952060310142502e+01,  4.168280407857174e-01,  2.443557298757567e-01
s606        , -1.827906736534894e+01, -1.924683347409472e+01,  3.992807978064959e-01,  2.509835905327793e-01
s607        , -2.237721630921111e+01, -2.250128705629577e+01,  5.849607103943527e-01,  1.469173003127315e-01
s608        , -2.098562136420296e+01, -2.100399253638221e+01,  4.977716808963502e-01,  1.928516727091312e-01
s609        , -1.946776205882490e+01, -1.957822718364359e+01,  4.251547106004614e-01,  2.480717631673019e-01
s610        , -2.069261977150295e+01, -2.003671631734772e+01,  4.516412889233619e-01,  2.337725599773244e-01
s611        , -2.170289912291919e+01, -2.121491223335347e+01,  5.192234866980168e-01,  1.964964392120643e-01
s612        , -1.930046031145336e+01, -1.907769051832032e+01,  3.867628280087664e-01,  2.532287869740432e-01
s613        , -2.385958137896088e+01, -2.399020895792022e+01,  6.852235064070620e-01,  1.161996883101185e-01
s614        , -1.933674081040147e+01, -1.959694417857074e+01,  4.244911271618479e-01,  2.455632255184127e-01
s615        , -1.973716697922491e+01, -1.980850516019868e+01,  4.331683461138798e-01,  2.350550832945457e-01
s616        , -1.815004309366292e+01, -1.782337143215720e+01,  3.486423637009443e-01,  3.302302651144278e-01
s617        , -1.832352306169715e+01, -1.787950353935033e+01,  3.433181999654829e-01,  3.190292526124893e-01
s618        , -1.700993990522181e+01, -1.696001421590701e+01,  3.144408630045392e-01,  3.744468382053133e-01
s619        , -2.331208521979489e+01, -2.298200966076590e+01,  6.115981597045447e-01,  1.306742440047725e-01
s620        , -2.294394567846179e+01, -2.312208786135538e+01,  6.231392054668705e-01,  1.301100454672802e-01
s621        , -2.117716243218820e+01, -2.153429412646406e+01,  5.352629283476522e-01,  1.838760010755336e-01
s622        , -2.002792552777272e+01, -1.933033134604523e+01,  4.052069890374728e-01,  2.495957783393510e-01
s623        , -1.988853831837967e+01, -1.980798458256352e+01,  4.409843477401755e-01,  2.437265666123329e-01
s624        , -2.364575476956619e+01, -2.295931003244616e+01,  6.206505363025047e-01,  1.428147290449329e-01
s625        , -2.144171537166414e+01, -2.108857250250095e+01,  4.857057818345750e-01,  1.715135232564180e-01
s626        , -2.037069722396305e+01, -2.046416232541671e+01,  4.742123562492467e-01,  2.181004851069204e-01
s627        , -1.998545144661707e+01, -2.013527850611968e+01,  4.561599517786695e-01,  2.294022343988528e-01
s628        , -2.158119065398551e+01, -2.191728639155117e+01,  5.398077051535570e-01,  1.525378826720754e-01
s629        , -1.843917864187274e+01, -1.790260174794170e+01,  3.610065371412352e-01,  3.363494438546037e-01
s630        , -1.962256463480217e+01, -1.995618984243147e+01,  4.400996915171883e-01,  2.286838148466653e-01
s631        , -2.101091990223662e+01, -2.059195693739527e+01,  4.802621859306932e-01,  2.126446498056747e-01
s632        , -2.022844039713042e+01, -1.989267043396447e+01,  4.317009809587097e-01,  2.254478644021977e-01
s633        , -2.473876586737651e+01, -2.426612051681144e+01,  7.075771342808069e-01,  1.146705984791616e-01
s634        , -2.051539403555230e+01, -2.048436426694987e+01,  4.698331114072952e-01,  2.113521432974360e-01
s635        , -2.382235458298951e+01, -2.387740871082531e+01,  6.763056153856639e-01,  1.170684906641706e-01
s636        , -1.910586081968059e+01, -1.909551179196771e+01,  4.155682757626178e-01,  2.833134650971973e-01
s637        , -1.917066616024459e+01, -1.923725914524099e+01,  4.091650145770691e-01,  2.627959200919258e-01
s638        , -2.192001400012589e+01, -2.198830045631805e+01,  5.472968380628198e-01,  1.540590967391564e-01
s639        , -2.010078758798683e+01, -1.959675398931771e+01,  4.251100202197702e-01,  2.462639973278826e-01
s640        , -1.983289623130970e+01, -1.974161614583581e+01,  4.346324078173902e-01,  2.430188867916226e-01
s641        , -2.307886864739055e+01, -2.282724468988715e+01,  6.113505629089963e-01,  1.450905855970637e-01
s642        , -2.260273435105626e+01, -2.262312878392384e+01,  5.951499956026083e-01,  1.465928426035387e-01
s643        , -2.012782689900612e+01, -2.011091795340276e+01,  4.489013613051076e-01,  2.237072339651884e-01
s644        , -1.902512926743999e+01, -1.834804422395791e+01,  3.599682407202023e-01,  2.929250208690463e-01
s645        , -2.049081123370357e+01, -2.044736805846663e+01,  4.782172095879156e-01,  2.241123856182886e-01
s646        , -2.159630341817387e+01, -2.222676791676627e+01,  5.664806267828469e-01,  1.525872553893126e-01
s647        , -2.046804100673445e+01, -2.053055757030926e+01,  4.743694556961850e-01,  2.119719005435315e-01
s648        , -2.112203592795417e+01, -2.199816412029923e+01,  5.624783298361375e-01,  1.698700624222467e-01
s649        , -2.130712394597167e+01, -2.204275882222464e+01,  5.498588594143904e-01,  1.517164412991263e-01
s650        , -1.872664219670308e+01, -1.839318928147580e+01,  3.664267604564781e-01,  2.957646831857934e-01
s651        , -2.286060777226206e+01, -2.365412424790928e+01,  6.638476235418501e-01,  1.245186764162536e-01
s652        , -2.513277458672901e+01, -2.440420687627441e+01,  7.178163479849394e-01,  1.128593638181140e-01
s653        , -2.212366926194319e+01, -2.154292830029306e+01,  5.264652040585506e-01,  1.733514494829358e-01
s654        , -2.219498706816524e+01, -2.231025107460633e+01,  5.859074104264526e-01,  1.660937603208979e-01
s655        , -2.136195741190379e+01, -2.140689436419188e+01,  5.310832836469033e-01,  1.913574181534144e-01
s656        , -2.204727614381470e+01, -2.150871612130170e+01,  5.319490222468344e-01,  1.826480579825062e-01
s657        , -2.036339525797458e+01, -2.025143474563294e+01,  4.591775237332903e-01,  2.217060747470430e-01
s658        , -1.602366185676991e+01, -1.550469831638388e+01,  2.671449249978863e-01,  4.604041233352080e-01
s659        , -1.871169938684588e+01, -1.925245053658378e+01,  4.172480685626356e-01,  2.702707000425968e-01
s660        , -2.183022460938435e+01, -2.116902154583039e+01,  5.100671997502804e-01,  1.907515578074077e-01
s661        , -2.183692812512830e+01, -2.223376327442731e+01,  5.639769250584391e-01,  1.491613822887642e-01
s662        , -1.575332316936146e+01, -1.518412857159868e+01,  2.646922759009649e-01,  4.881253166528967e-01
s663        , -2.161244100467384e+01, -2.182247205898597e+01,  5.439897373908384e-01,  1.661504870741138e-01
s664        , -1.792030659393350e+01, -1.771813876856733e+01,  3.437078986092682e-01,  3.347750326246306e-01
s665        , -2.036353189911458e+01, -2.026855467888619e+01,  4.603198279245871e-01,  2.213412521839791e-01
s666        , -1.896012969757172e+01, -1.868007975896472e+01,  3.780918833750667e-01,  2.814027124171558e-01
s667        , -1.834472710605888e+01, -1.863347399632798e+01,  3.719611756052842e-01,  2.790633120187361e-01
s668        , -2.315183675604283e+01, -2.290131684452345e+01,  6.073093167793575e-01,  1.336020246278688e-01
s669        , -2.168824836514504e+01, -2.106641335873273e+01,  5.027619714793566e-01,  1.924319617778980e-01
s670        , -1.765957516951316e+01, -1.772786499367568e+01,  3.479784589003168e-01,  3.385628577098356e-01
s671        , -1.925271531654228e+01, -1.996567576649424e+01,  4.365532240805229e-01,  2.238712432738444e-01
s672        , -2.010246672918431e+01, -1.970988926984610e+01,  4.292449387844113e-01,  2.400871507019826e-01
s673        , -2.045224673553428e+01, -2.058437111359089e+01,  4.804043215846556e-01,  2.135214503487223e-01
s674        , -1.961862741224291e+01, -1.957446121913209e+01,  4.249765250850068e-01,  2.482326466731229e-01
s675        , -1.819835804307071e+01, -1.830208188786977e+01,  3.693072489283297e-01,  3.075896713952446e-01
s676        , -2.030955144796039e+01, -2.049743946782334e+01,  4.693650577715402e-01,  2.095947898948623e-01
s677        , -1.708028116046972e+01, -1.725320618948669e+01,  3.315577485525940e-01,  3.655007704923722e-01
s678        , -1.996975063415185e+01, -2.001750514702294e+01,  4.469430543351252e-01,  2.304132150455356e-01
s679        , -2.075675552323975e+01, -2.070391460815303e+01,  4.871785827044706e-01,  2.096479102123772e-01
s680        , -1.844365265503332e+01, -1.866879537869442e+01,  3.873439759299113e-01,  2.926800352715195e-01
s681        , -1.908965101407623e+01, -1.864013595552931e+01,  3.824584028046350e-01,  2.900108096479618e-01
s682        , -2.132701003782740e+01, -2.113296016784659e+01,  5.115095510547327e-01,  1.957654155390978e-01
s683        , -2.134055790648813e+01, -2.056913937470603e+01,  4.677166085377542e-01,  2.009709583197100e-01
s684        , -2.228765611405496e+01, -2.251411644108562e+01,  5.836468432797107e-01,  1.442502354972119e-01
s685        , -2.220524684044785e+01, -2.188969754798886e+01,  5.667393474415665e-01,  1.848655964827495e-01
s686        , -2.092862014660340e+01, -2.092368819277416e+01,  5.004137882302581e-01,  2.033883268983741e-01
s687        , -2.266843571203506e+01, -2.250449212558125e+01,  5.794485692591127e-01,  1.405324789088225e-01
s688        , -1.791243182954496e+01, -1.811975024370036e+01,  3.537004253957001e-01,  3.076792584773829e-01
s689        , -2.022924986754604e+01, -2.037367823378955e+01,  4.591176609249769e-01,  2.100373322661633e-01
s690        , -1.926971843911773e+01, -1.916014523090428e+01,  4.158628609562265e-01,  2.775037666201089e-01
s691        , -1.839442212707931e+01, -1.826823784047959e+01,  3.837794041290080e-01,  3.267666510069925e-01
s692        , -1.811967055159425e+01, -1.841747320145468e+01,  3.733888754219875e-01,  3.011399059026221e-01
s693        , -1.897178714286070e+01, -1.924810771106891e+01,  4.084254815329406e-01,  2.609504298007636e-01
s694        , -2.117746495604092e+01, -2.098655218135826e+01,  4.793744709500866e-01,  1.742124884511347e-01
s695        , -2.262578130233349e+01, -2.314647624306042e+01,  6.424101284358884e-01,  1.490535795711215e-01
s696        , -2.110358706695218e+01, -2.069789121235740e+01,  4.675607191907347e-01,  1.885785478533383e-01
s697        , -2.080079623838923e+01, -2.066661186252801e+01,  4.874199436499618e-01,  2.134547424362909e-01
s698        , -2.284382050270110e+01, -2.314058143519718e+01,  6.337713183771154e-01,  1.400833453469122e-01
s699        , -1.710021253686445e+01, -1.749831839822528e+01,  3.379802849356308e-01,  3.493209130824149e-01
s700        , -1.768315556313765e+01, -1.752251850433039e+01,  3.331421022142672e-01,  3.416868180659429e-01
s701        , -1.903295584190279e+01, -1.882721952582729e+01,  4.003613124195631e-01,  2.920030783327793e-01
s702        , -1.837939645173277e+01, -1.869402562866178e+01,  3.769726410258361e-01,  2.788443733446022e-01
s703        , -2.091048572489854e+01, -2.017003147111765e+01,  4.390882836569874e-01,  2.072713821253036e-01
s704        , -2.101614044515869e+01, -2.098939953694973e+01,  5.039033508126202e-01,  2.010007976057017e-01
s705        , -1.998067347119072e+01, -1.944824849778112e+01,  4.074556650149924e-01,  2.408842892995018e-01
s706        , -2.205053681559340e+01, -2.182313300101573e+01,  5.408871150922137e-01,  1.626651554478017e-01
s707        , -2.095566328486310e+01, -2.084161654187561e+01,  4.936653159001483e-01,  2.037336860439524e-01
s708        , -2.098548818691052e+01, -2.116163726036061e+01,  5.167257575095358e-01,  1.987976959208718e-01
s709        , -2.115794840593145e+01, -2.142521247504276e+01,  5.321437932360055e-01,  1.907886407514787e-01
s710        , -2.144561556804213e+01, -2.133583744639674e+01,  5.054578246528788e-01,  1.698335299130016e-01
s711        , -2.158487030708884e+01, -2.182576045572302e+01,  5.321335313024841e-01,  1.527594226434630e-01
s712        , -1.701606937532507e+01, -1.725974051301116e+01,  3.265419022803392e-01,  3.593474320621854e-01
s713        , -2.069677260469373e+01, -2.076343495116154e+01,  4.870319547145618e-01,  2.038368038911285e-01
s714        , -1.667903695847065e+01, -1.625019308059749e+01,  3.028903611779442e-01,  4.290775943387486e-01
s715        , -1.903979308955687e+01, -1.932905319638844e+01,  4.113567836771932e-01,  2.565011219924965e-01
s716        , -1.775292931769286e+01, -1.761489128137607e+01,  3.372119031948123e-01,  3.374088053440935e-01
s717        , -1.980553907801730e+01, -2.037271168309567e+01,  4.721676850785535e-01,  2.245249569250835e-01
s718        , -2.205506805307129e+01, -2.285189484494519e+01,  6.185769374375437e-01,  1.507225601026180e-01
s719        , -2.211926724507942e+01, -2.238237872475221e+01,  5.759615926521342e-01,  1.482762460629340e-01
s720        , -2.227273745316376e+01, -2.299719467874170e+01,  6.133795883651608e-01,  1.311981113212618e-01
s721        , -1.785735939085095e+01, -1.806238859274311e+01,  3.659719368468583e-01,  3.266608066534182e-01
s722        , -2.185625504194673e+01, -2.160092895500816e+01,  5.197125773144954e-01,  1.603973026518497e-01
s723        , -2.033801839240394e+01, -2.067187252461395e+01,  4.780216230099201e-01,  2.025878503650466e-01
s724        , -2.101306363073858e+01, -2.117423608673609e+01,  4.972440334731776e-01,  1.761109902951755e-01
s725        , -1.977835943733275e+01, -1.992544559762997e+01,  4.537824853192302e-01,  2.466958086327571e-01
s726        , -1.782642809085736e+01, -1.743405487683518e+01,  3.254310840082258e-01,  3.415770557653106e-01
s727        , -2.098840179836340e+01, -2.084541212005009e+01,  4.956778825883832e-01,  2.055935543035830e-01
s728        , -2.135488943619893e+01, -2.111780709904280e+01,  5.034987764897008e-01,  1.883667318771066e-01
s729        , -1.830313789299144e+01, -1.863147439003618e+01,  3.748634236203324e-01,  2.824546635213636e-01
s730        , -1.974102380594271e+01, -1.954031277207349e+01,  4.185538924424574e-01,  2.443888323587637e-01
s731        , -1.858542568590836e+01, -1.808072871977628e+01,  3.483727753848345e-01,  3.055058800363177e-01
s732        , -1.728575125425960e+01, -1.808806564900270e+01,  3.524575834633943e-01,  3.093155754580257e-01
s733        , -2.189672381410002e+01, -2.210571128566753e+01,  5.641807920595707e-01,  1.615402924286467e-01
s734        , -1.907291800543370e+01, -1.920359917185244e+01,  4.124186691076003e-01,  2.695799537302828e-01
s735        , -2.104653345651221e+01, -2.043675633906782e+01,  4.630575560852061e-01,  2.083965118736713e-01
s736        , -1.839280423093862e+01, -1.854725777996238e+01,  3.904607659824359e-01,  3.076539693332344e-01
s737        , -2.165426899727042e+01, -2.137879154208212e+01,  5.169251198863436e-01,  1.784064817278250e-01
s738        , -1.806822955624155e+01, -1.818910477834797e+01,  3.719324907023840e-01,  3.212088469638086e-01
s739        , -1.955458939471557e+01, -1.975310952146627e+01,  4.280172229505018e-01,  2.346305815297279e-01
s740        , -1.834079412742093e+01, -1.845923399995021e+01,  3.748966585896676e-01,  2.988394737606896e-01
s741        , -2.108323768665554e+01, -2.094556471762716e+01,  4.989706145445765e-01,  1.997199132797182e-01
s742        , -1.784982580383593e+01, -1.821422656745364e+01,  3.626963128577499e-01,  3.086357063873747e-01
s743        , -2.007117762213282e+01, -1.978293103561975e+01,  4.615807717588273e-01,  2.688250684891456e-01
s744        , -2.048858578542649e+01, -2.086380767432163e+01,  4.924140498145470e-01,  2.002471107368339e-01
s745        , -2.120349313282904e+01, -2.116308693626888e+01,  4.968686400367262e-01,  1.767551006499211e-01
s746        , -1.892251493836264e+01, -1.880610805501662e+01,  3.875515339588910e-01,  2.798760052613030e-01
s747        , -2.116880416688591e+01, -2.064905274200952e+01,  4.722425719232055e-01,  1.983787337759775e-01
s748        , -2.167842994358758e+01, -2.105740447448699e+01,  5.005170111482695e-01,  1.908105523773806e-01
s749        , -2.059667445248301e+01, -2.050470024571994e+01,  4.566694487449506e-01,  1.949007167230944e-01
s750        , -2.032384862658092e+01, -2.100037947769648e+01,  5.112972534338012e-01,  2.081150820351275e-01
s751        , -2.236553637276776e+01, -2.119902007318386e+01,  5.407655598435807e-01,  2.217685654286489e-01
s752        , -1.716732359631470e+01, -1.724512656906656e+01,  3.136722517507812e-01,  3.465376013444580e-01
s753        , -2.206691124025960e+01, -2.219699377607101e+01,  5.836799578158975e-01,  1.743863728690761e-01
s754        , -1.859855862913608e+01, -1.903051789123563e+01,  4.084610222517097e-01,  2.816421118311814e-01
s755        , -2.251644582892857e+01, -2.204030221981096e+01,  5.504472006619791e-01,  1.525986264244385e-01
s756        , -2.026279534630465e+01, -2.051149855470459e+01,  4.861058853134281e-01,  2.267276996606760e-01
s757        , -1.901185247831666e+01, -1.951354753593204e+01,  4.266863857737770e-01,  2.559004517632109e-01
s758        , -1.866312886885699e+01, -1.905431387182034e+01,  3.939089416090623e-01,  2.633306734031369e-01
s759        , -2.105033567951521e+01, -2.156601360650779e+01,  5.313768820873201e-01,  1.765785379595435e-01
s760        , -1.976737462921502e+01, -1.955054375303469e+01,  4.141677923255306e-01,  2.385793191751568e-01
s761        , -2.282845273202710e+01, -2.249220098530331e+01,  5.940378664488151e-01,  1.577929934086259e-01
s762        , -1.737428124739802e+01, -1.674659867727547e+01,  3.148689113527958e-01,  3.951753068118453e-01
s763        , -2.048674857080450e+01, -2.034527330856388e+01,  4.611633901187485e-01,  2.149900847470914e-01
s764        , -1.996103637141938e+01, -1.944548488264290e+01,  4.152337041749152e-01,  2.497267923156289e-01
s765        , -1.985538741097363e+01, -2.023598850154490e+01,  4.572054655172781e-01,  2.209967122814968e-01
s766        , -1.902823974868692e+01, -1.923274939264374e+01,  4.013110922104366e-01,  2.545600575997223e-01
s767        , -2.019726225103009e+01, -2.013273108261984e+01,  4.515410557042474e-01,  2.245487754342332e-01
s768        , -2.180287541987858e+01, -2.157508776613059e+01,  5.338929650358691e-01,  1.784928355007975e-01
s769        , -2.332774774981945e+01, -2.335294122021125e+01,  6.538608648349976e-01,  1.420886759382631e-01
s770        , -2.255011500408412e+01, -2.212647829731119e+01,  5.760717909666487e-01,  1.726865256364105e-01
s771        , -1.837836194936116e+01, -1.809217818603770e+01,  3.516813374418976e-01,  3.080689342076313e-01
s772        , -2.036442085092615e+01, -2.056845363977720e+01,  4.789436089853036e-01,  2.134208956645824e-01
s773        , -2.207703951964118e+01, -2.248297670544508e+01,  5.781980007172103e-01,  1.411950681117320e-01
s774        , -2.410464814655394e+01, -2.376462396789782e+01,  6.757265431461581e-01,  1.271346300387070e-01
s775        , -2.145476048405246e+01, -2.062444786311083e+01,  4.772190929872795e-01,  2.062038529864955e-01
s776        , -1.783304251394927e+01, -1.811403121437855e+01,  3.552655985721167e-01,  3.099486694024927e-01
s777        , -1.926023008452307e+01, -1.991782890894513e+01,  4.331550346806536e-01,  2.246639664711545e-01
s778        , -1.976550707196644e+01, -1.988031157669899e+01,  4.419094093863074e-01,  2.378821345790287e-01
s779        , -2.301809423461469e+01, -2.255960146839118e+01,  6.093729665278199e-01,  1.683123183107156e-01
s780        , -1.989864127452180e+01, -2.036576301194293e+01,  4.780072828100882e-01,  2.316263287241291e-01
s781        , -1.803783397921168e+01, -1.773615894006713e+01,  3.360294449717792e-01,  3.245943137595962e-01
s782        , -2.003060740563550e+01, -2.039569240155252e+01,  4.661198362697878e-01,  2.156721797119969e-01
s783        , -2.170310297580588e+01, -2.092982406456086e+01,  4.748958147617636e-01,  1.746562775569741e-01
s784        , -1.828106793020000e+01, -1.937786614001239e+01,  4.160708616267363e-01,  2.570683003181847e-01
s785        , -1.904288077315707e+01, -1.934332335783960e+01,  4.091623777322666e-01,  2.527259566847138e-01
s786        , -2.022975758111321e+01, -2.012540844445412e+01,  4.482315584104544e-01,  2.215929928574867e-01
s787        , -1.858814151939532e+01, -1.971724860544527e+01,  4.371669082677498e-01,  2.481276107091809e-01
s788        , -1.926046054059691e+01, -1.990181823930650e+01,  4.393387364118155e-01,  2.330050470351293e-01
s789        , -2.212378523930028e+01, -2.250806191373299e+01,  5.772473082152020e-01,  1.377653744229729e-01
s790        , -2.174169856486492e+01, -2.181094813760787e+01,  5.298842039385477e-01,  1.516840271119591e-01
s791        , -1.907773631846257e+01, -1.929872048116523e+01,  4.114748044637255e-01,  2.595103354204680e-01
s792        , -2.217884458062024e+01, -2.150365307726099e+01,  5.190869858732426e-01,  1.689401057230019e-01
s793        , -2.046845693654859e+01, -1.949811678419383e+01,  4.183094101181752e-01,  2.481241565627069e-01
s794        , -1.973890233992908e+01, -1.921931918195633e+01,  3.950227895427098e-01,  2.488979613078948e-01
s795        , -2.098054198937622e+01, -2.104044684182336e+01,  5.065311661130497e-01,  1.990544813924942e-01
s796        , -1.872193723420701e+01, -1.893545818164146e+01,  3.939270902256787e-01,  2.746318477874518e-01
s797        , -1.738396768625594e+01, -1.834887995724504e+01,  3.580908623704483e-01,  2.907747034293837e-01
s798        , -1.812351947027918e+01, -1.851571670992648e+01,  3.827497830156410e-01,  3.021414575278030e-01
s799        , -2.115781411801412e+01, -1.983573139097132e+01,  4.013496121230280e-01,  1.973706849484799e-01
s800        , -2.197753832223543e+01, -2.194719658436158e+01,  5.542091642393233e-01,  1.655856596097210e-01
s801        , -2.000340332694237e+01, -2.087404725267041e+01,  4.818304082838309e-01,  1.876000821518010e-01
s802        , -2.346278750692302e+01, -2.307516240697970e+01,  6.275966880667500e-01,  1.394811483977958e-01
s803        , -2.201425716118592e+01, -2.172757362513825e+01,  5.307936164351263e-01,  1.606006963069144e-01
s804        , -1.618324989548500e+01, -1.629832665680686e+01,  2.983945462456062e-01,  4.195495372873648e-01
s805        , -2.141738653455062e+01, -2.069742215537165e+01,  4.756421339001408e-01,  1.975379264742147e-01
s806        , -2.157933013723432e+01, -2.148375254159415e+01,  5.246463770090529e-01,  1.769616955131168e-01
s807        , -1.912040169626662e+01, -2.008940221475064e+01,  4.764437437722265e-01,  2.561322471057983e-01
s808        , -2.304047586711122e+01, -2.232024847243307e+01,  5.774457280841981e-01,  1.558105169619316e-01
s809        , -2.047218776779852e+01, -2.036097810801568e+01,  4.643167797409703e-01,  2.169780696705958e-01
s810        , -2.119146876442327e+01, -2.150150703592552e+01,  5.458582528811915e-01,  1.986760082590909e-01
s811        , -2.180116494254657e+01, -2.209753866319037e+01,  5.605731756068176e-01,  1.583363214179733e-01
s812        , -2.372646511684069e+01, -2.317683532378016e+01,  6.342019306444527e-01,  1.371173395004313e-01
s813        , -2.269928091374550e+01, -2.238040217671595e+01,  5.799578716592519e-01,  1.528722683810273e-01
s814        , -1.832573741415099e+01, -1.933579952553985e+01,  4.128366599954613e-01,  2.574932933584701e-01
s815        , -2.057906464758977e+01, -2.004622229647943e+01,  4.348790323790021e-01,  2.143793396675101e-01
s816        , -1.808215553271357e+01, -1.769044644838461e+01,  3.383379556123419e-01,  3.314796913279374e-01
s817        , -2.152086258044021e+01, -2.151470528345708e+01,  5.435635501247811e-01,  1.948919428455883e-01
s818        , -2.057353864229959e+01, -2.085775076921168e+01,  4.860302207771998e-01,  1.937798011504956e-01
s819        , -2.244567325669163e+01, -2.276799298103587e+01,  5.956480211704132e-01,  1.333924858567404e-01
s820        , -2.103220827040201e+01, -2.086059017993388e+01,  4.961463986786522e-01,  2.046697676316512e-01
s821        , -2.251724700203312e+01, -2.245932467421974e+01,  5.836272789407762e-01,  1.494291984647223e-01
s822        , -1.967652212859418e+01, -2.010965051616444e+01,  4.612160080357565e-01,  2.374121996331420e-01
s823        , -1.898228811729100e+01, -1.936911144638730e+01,  4.120136835675305e-01,  2.534236511296803e-01
s824        , -2.375965705343503e+01, -2.391857959173932e+01,  6.793778731675395e-01,  1.165498706573463e-01
s825        , -2.074394606294202e+01, -2.036600571761840e+01,  4.630316719193376e-01,  2.150832333962042e-01
s826        , -2.229590893513048e+01, -2.221769418005593e+01,  5.645663352875073e-01,  1.513367724495173e-01
s827        , -2.030439908572953e+01, -1.859278021506784e+01,  3.446181178950218e-01,  2.527627790930966e-01
s828        , -2.126632247755481e+01, -2.107573348688973e+01,  5.090789414077790e-01,  1.985157891268953e-01
s829        , -1.836528680868646e+01, -1.765061407627300e+01,  3.318866311140217e-01,  3.281437142736295e-01
s830        , -2.038358031572328e+01, -2.041059054239611e+01,  4.716910166231639e-01,  2.204038680521603e-01
s831        , -2.014217587228185e+01, -2.011640611130133e+01,  4.361351596692479e-01,  2.091035356292307e-01
s832        , -1.638297894992474e+01, -1.750387630058819e+01,  3.261347911351804e-01,  3.357262562254056e-01
s833        , -2.087813803835245e+01, -2.077852702965796e+01,  4.813186865097004e-01,  1.961018608996874e-01
s834        , -2.163260872857058e+01, -2.072823850663765e+01,  4.919769883606629e-01,  2.126324838020771e-01
s835        , -1.845033213930005e+01, -1.827173770014559e+01,  3.648009385410616e-01,  3.054987311635926e-01
s836        , -2.085703068105029e+01, -2.038697931290548e+01,  4.802158037278574e-01,  2.320488771907342e-01
s837        , -1.604298594536770e+01, -1.625289115446763e+01,  2.814258563767307e-01,  4.051433491136964e-01
s838        , -1.819387371328009e+01, -1.754030619980278e+01,  3.364292349754328e-01,  3.436246416931329e-01
s839        , -2.199016371973259e+01, -2.130276074954132e+01,  5.085860089866207e-01,  1.764237919748367e-01
s840        , -1.816847175772266e+01, -1.889429962803325e+01,  3.848271847096162e-01,  2.685000133349042e-01
s841        , -2.076446728280485e+01, -2.051594943997996e+01,  4.763998237435342e-01,  2.155981887992780e-01
s842        , -1.719569444321167e+01, -1.758143892376664e+01,  3.382792561493905e-01,  3.417613563838909e-01
s843        , -1.999816334280537e+01, -1.986283156937768e+01,  4.405933749251489e-01,  2.380894862426051e-01
s844        , -1.581596700213373e+01, -1.570984774209315e+01,  2.833335022519948e-01,  4.587905434984532e-01
s845        , -2.003183538643507e+01, -2.033993469289539e+01,  4.643365370652485e-01,  2.189971943562761e-01
s846        , -2.166933569232110e+01, -2.146916740993370e+01,  5.258661988989040e-01,  1.796916623516881e-01
s847        , -2.001719781047365e+01, -2.008890097453580e+01,  4.501476835026110e-01,  2.271718257791170e-01
s848        , -1.670780899311153e+01, -1.685853274013045e+01,  2.990629800693311e-01,  3.671151059568084e-01
s849        , -2.103364362191806e+01, -2.138536169465687e+01,  5.143136213130904e-01,  1.749020528133740e-01
s850        , -1.674889176362534e+01, -1.598441938311450e+01,  2.815015965242229e-01,  4.307088223565088e-01
s851        , -1.887785873496733e+01, -1.976106145459521e+01,  4.397106460496364e-01,  2.467752022988331e-01
s852        , -1.916613881673827e+01, -1.986570855350028e+01,  4.393013024704751e-01,  2.363910930731434e-01
s853        , -2.151831650372089e+01, -2.129949741867802e+01,  5.020461642251085e-01,  1.695192253172687e-01
s854        , -2.092228526657664e+01, -2.055081656395990e+01,  4.690049057097335e-01,  2.041312231063945e-01
s855        , -1.984690981488844e+01, -1.976930876883573e+01,  4.331792524184892e-01,  2.387874287326128e-01
s856        , -1.857995804240183e+01, -1.850307722570042e+01,  3.723164220494799e-01,  2.918317678037373e-01
s857        , -2.294003947989728e+01, -2.280886562256962e+01,  6.097639226679115e-01,  1.450847576897318e-01
s858        , -2.107902559750898e+01, -2.134833934795508e+01,  5.233568997513456e-01,  1.883919381408606e-01
s859        , -1.829183386036745e+01, -1.853390357162206e+01,  3.746815262206192e-01,  2.915149134056196e-01
s860        , -2.148418071954308e+01, -2.113560390944349e+01,  5.099948974351264e-01,  1.938436243589067e-01
s861        , -2.060440939951398e+01, -2.019046554853465e+01,  4.435268158206229e-01,  2.102281694105850e-01
s862        , -1.983634035476443e+01, -1.980629559138964e+01,  4.297885309921579e-01,  2.315364254234588e-01
s863        , -2.017821382918477e+01, -2.058582958672692e+01,  4.851881624181930e-01,  2.186602223870358e-01
s864        , -2.145828954671971e+01, -2.084584205706613e+01,  4.928852164884887e-01,  2.024720707102823e-01
s865        , -2.179521899962700e+01, -2.189943815954282e+01,  5.537807182779508e-01,  1.696460049653804e-01
s866        , -2.240641608733365e+01, -2.241584404228232e+01,  5.755600008322814e-01,  1.446568866097983e-01
s867        , -1.970162478711471e+01, -1.940502921819590e+01,  4.103283610410331e-01,  2.481553946766308e-01
s868        , -1.579821539399930e+01, -1.519543607013677e+01,  2.698312034634379e-01,  4.927209783814997e-01
s869        , -1.927595790821999e+01, -1.956484967252627e+01,  4.181381022043947e-01,  2.416012483635985e-01
s870        , -1.834436146157947e+01, -1.888819023373587e+01,  3.841551058554343e-01,  2.683384938145538e-01
s871        , -1.954632707936713e+01, -1.988704774336187e+01,  4.502483132512908e-01,  2.464416756848484e-01
s872        , -2.222687656829416e+01, -2.223371022278829e+01,  5.658912180322927e-01,  1.512781333842163e-01
s873        , -2.174135075548704e+01, -2.118574231382285e+01,  5.068852372987336e-01,  1.856543897863754e-01
s874        , -2.306987923711809e+01, -2.378096815113019e+01,  6.713142350331358e-01,  1.207159731472646e-01
s875        , -2.178123430913379e+01, -2.166993221918606e+01,  5.277645355842407e-01,  1.627302413273550e-01
s876        , -2.287277527114560e+01, -2.289971268549632e+01,  6.082024645991340e-01,  1.347395418768056e-01
s877        , -2.189016288213647e+01, -2.138698319131661e+01,  5.075475054732763e-01,  1.672842375222338e-01
s878        , -1.876974537203656e+01, -1.858663517854054e+01,  3.726885482092882e-01,  2.843113922981854e-01
s879        , -1.761744622782913e+01, -1.751065206658978e+01,  3.343660752894438e-01,  3.441633201438423e-01
s880        , -1.792977215528789e+01, -1.873361961713978e+01,  3.843771173330653e-01,  2.832544277181830e-01
s881        , -2.116921283478955e+01, -1.981857456688865e+01,  3.987896177836988e-01,  1.961751111977481e-01
s882        , -1.809005639564229e+01, -1.856054000136161e+01,  3.861400178390093e-01,  3.016269403106066e-01
s883        , -1.958200153707774e+01, -2.023853075071112e+01,  4.670070140188012e-01,  2.315678063570290e-01
s884        , -1.866641101726497e+01, -1.911628111001839e+01,  3.994836809446720e-01,  2.635987377562408e-01
s885        , -1.949202935470739e+01, -2.036632595568658e+01,  4.691710774294089e-01,  2.218254059624412e-01
s886        , -1.753621319174707e+01, -1.729440672880201e+01,  3.220198130744754e-01,  3.510686417381484e-01
s887        , -2.072504645987743e+01, -2.032766934517842e+01,  4.662791335285441e-01,  2.223042945198604e-01
s888        , -2.163711888094086e+01, -2.180600736556564e+01,  5.427980716595474e-01,  1.663986654948861e-01
s889        , -1.784767272504274e+01, -1.762898834231014e+01,  3.397549721422603e-01,  3.388761247226373e-01
s890        , -2.036577167825686e+01, -2.108517353731190e+01,  4.928772681040895e-01,  1.797472231116798e-01
s891        , -1.925489904031788e+01, -1.935606186207250e+01,  4.230097965486338e-01,  2.667924006317335e-01
s892        , -1.797999052112338e+01, -1.922600663240056e+01,  4.109098050213998e-01,  2.657886813908164e-01
s893        , -2.224398236502422e+01, -2.210703799239475e+01,  5.736352551456626e-01,  1.718438787259917e-01
s894        , -2.015695897880840e+01, -2.013008577566680e+01,  4.561640673977286e-01,  2.298996410018513e-01
s895        , -1.853378696029952e+01, -1.842666610872340e+01,  3.729468440122306e-01,  2.997797452165362e-01
s896        , -2.478440805107692e+01, -2.406355187074593e+01,  7.090945270006220e-01,  1.355712267851067e-01
s897        , -2.202247365131235e+01, -2.097277881238503e+01,  5.098181153548664e-01,  2.091031084388844e-01
s898        , -2.008627742560493e+01, -1.950732061749233e+01,  4.186433608900251e-01,  2.476189687511304e-01
s899        , -1.802005794967191e+01, -1.784037515312987e+01,  3.492741594545625e-01,  3.293133151791742e-01
s900        , -1.770516073583232e+01, -1.799394237592318e+01,  3.614525563375531e-01,  3.281718916390871e-01
s901        , -2.425916197575684e+01, -2.335215827629633e+01,  6.424504996321736e-01,  1.295758625029253e-01
s902        , -1.641892815066793e+01, -1.632326120111335e+01,  2.838107417947751e-01,  4.010950368941662e-01
s903        , -2.332207101034287e+01, -2.324795515226559e+01,  6.388707332446362e-01,  1.355173215469638e-01
s904        , -2.132463334662818e+01, -1.997039180324051e+01,  4.132226363927951e-01,  1.976869299978085e-01
s905        , -2.166343218809494e+01, -2.166282848042272e+01,  5.376237133512227e-01,  1.742804542312411e-01
s906        , -1.790842270146736e+01, -1.724549441202961e+01,  3.227546205143307e-01,  3.565217291820911e-01
s907        , -1.911599503394165e+01, -1.975308493857687e+01,  4.423026612169533e-01,  2.503916230532472e-01
s908        , -2.062377494321661e+01, -2.006907867882042e+01,  4.522679252040095e-01,  2.313921574660226e-01
s909        , -2.034650826700463e+01, -2.064129229241368e+01,  4.767006909673732e-01,  2.040332034799278e-01
s910        , -1.701866755175476e+01, -1.645793311407564e+01,  3.072450700957280e-01,  4.141638219774252e-01
s911        , -1.800428066961873e+01, -1.839532228267871e+01,  3.782639287356674e-01,  3.086201759749679e-01
s912        , -2.018815932170212e+01, -2.082242337754792e+01,  4.870040719417958e-01,  1.982071758022416e-01
s913        , -1.735412329082851e+01, -1.755452038109919e+01,  3.288562412777327e-01,  3.339215034249186e-01
s914        , -2.004618788210774e+01, -2.101943442922744e+01,  4.964480401178628e-01,  1.899258608028399e-01
s915        , -1.937730144245923e+01, -1.967095349947576e+01,  4.221581612487635e-01,  2.359650850726283e-01
s916        , -2.191302790761547e+01, -2.194784875785548e+01,  5.521471444653041e-01,  1.632490810368158e-01
s917        , -1.792924589211810e+01, -1.753407582910579e+01,  3.231703701011669e-01,  3.295897321341630e-01
s918        , -2.621730238337609e+01, -2.548671341474308e+01,  8.006308525680929e-01,  1.014688013352977e-01
s919        , -1.919355775511356e+01, -1.953806408951263e+01,  4.133178317567553e-01,  2.388262051351100e-01
s920        , -1.675861595936722e+01, -1.617824978911523e+01,  2.860885386436712e-01,  4.173714619563271e-01
s921        , -2.192756432754418e+01, -2.198631112150171e+01,  5.383679484278593e-01,  1.443981799082574e-01
s922        , -2.290193110331377e+01, -2.323793100334460e+01,  6.333026696044942e-01,  1.303264577900657e-01
s923        , -1.925371616601646e+01, -1.919593399719244e+01,  4.150526206037736e-01,  2.732130848678975e-01
s924        , -1.798705044323696e+01, -1.822426216306315e+01,  3.676561069625507e-01,  3.131544827704915e-01
s925        , -2.338449219749342e+01, -2.341729157496511e+01,  6.434082549247031e-01,  1.244502834035043e-01
s926        , -1.762302148317026e+01, -1.738022130076589e+01,  3.230033513575055e-01,  3.440085474695826e-01
s927        , -1.720744831710588e+01, -1.711646699459939e+01,  3.194259631002507e-01,  3.650963850510441e-01
s928        , -1.827654667645005e+01, -1.885821920965440e+01,  3.876412849322043e-01,  2.750288968868023e-01
s929        , -2.066098735264480e+01, -2.123547962496507e+01,  5.124523501093152e-01,  1.870748411379907e-01
s930        , -1.982419875205301e+01, -2.080078583909889e+01,  4.805135529504231e-01,  1.931010046211565e-01
s931        , -2.184683786579889e+01, -2.240575757735890e+01,  5.899869160149210e-01,  1.615290163661766e-01
s932        , -2.007807490293144e+01, -2.015229799231704e+01,  4.532775384673829e-01,  2.246071555342656e-01
s933        , -2.186904116931162e+01, -2.204639066628635e+01,  5.661388641125675e-01,  1.693307019421275e-01
s934        , -1.595875499840616e+01, -1.587944426734487e+01,  2.845575054860311e-01,  4.440435732388454e-01
s935        , -1.706347068237267e+01, -1.647116643613967e+01,  3.154006060192019e-01,  4.219044085824611e-01
s936        , -1.818003510858343e+01, -1.772618676524857e+01,  3.437091616705454e-01,  3.340125526267418e-01
s937        , -2.175658784400171e+01, -2.190974861663560e+01,  5.342855911543160e-01,  1.471617139007655e-01
s938        , -2.010166135357230e+01, -1.974370647850790e+01,  4.371414781238174e-01,  2.455883164227176e-01
s939        , -1.813809060682595e+01, -1.793059460961931e+01,  3.469305142360487e-01,  3.181648136454873e-01
s940        , -2.094308051046411e+01, -2.100701492740751e+01,  4.923606147976972e-01,  1.865956891556025e-01
s941        , -1.827480816862776e+01, -1.864518750827575e+01,  3.871126186832801e-01,  2.946655522632861e-01
s942        , -1.770857434290158e+01, -1.769289027011011e+01,  3.402187675823664e-01,  3.333225184673825e-01
s943        , -1.938132201948424e+01, -1.995444064325251e+01,  4.438403048357585e-01,  2.329762256936756e-01
s944        , -1.770272330222015e+01, -1.813856424269809e+01,  3.523748407390063e-01,  3.044312397210256e-01
s945        , -1.924477319915050e+01, -1.934209499409728e+01,  4.052567504204487e-01,  2.485341283434836e-01
s946        , -2.185513295241253e+01, -2.190995002546772e+01,  5.551041522003380e-01,  1.701081950381247e-01
s947        , -2.017292248813791e+01, -1.974844058741044e+01,  4.328320299616847e-01,  2.403850944289440e-01
s948        , -1.792501053388721e+01, -1.843571938398306e+01,  3.726199866065050e-01,  2.985598896646471e-01
s949        , -2.005207290213696e+01, -2.006527768018547e+01,  4.643809154976518e-01,  2.451151419494777e-01
s950        , -2.257823345395823e+01, -2.263688282606642e+01,  5.909408396839793e-01,  1.406441316794161e-01
s951        , -1.571913272603913e+01, -1.574789545624976e+01,  2.634006352841196e-01,  4.331906942110417e-01
s952        , -2.233989362366768e+01, -2.300823561488044e+01,  6.159622964210399e-01,  1.329992290419872e-01
s953        , -2.342860552534396e+01, -2.345870234564403e+01,  6.505929053956530e-01,  1.284454017396768e-01
s954        , -2.204077204416149e+01, -2.240171519905532e+01,  5.770296012023224e-01,  1.476190833187159e-01
s955        , -1.756302978982562e+01, -1.830147190804165e+01,  3.547986794756153e-01,  2.916427163075276e-01
s956        , -2.291971088639473e+01, -2.261332931202443e+01,  5.987918042338221e-01,  1.515403482971504e-01
s957        , -1.872997367448807e+01, -1.873213774218560e+01,  3.824638114524820e-01,  2.812844526375672e-01
s958        , -2.138547156076431e+01, -2.116734232457612e+01,  5.092198014789672e-01,  1.899761494057426e-01
s959        , -1.926386090665138e+01, -1.884585325342329e+01,  3.839204650869874e-01,  2.720980567994917e-01
s960        , -1.680470785163838e+01, -1.746173389611267e+01,  3.166496491187273e-01,  3.292628374145835e-01
s961        , -2.001579976967623e+01, -1.972932267273507e+01,  4.234993624299109e-01,  2.319045120206236e-01
s962        , -1.871905926332032e+01, -1.791683852119395e+01,  3.435806162243226e-01,  3.157750928934030e-01
s963        , -1.918665598310528e+01, -1.977886248152491e+01,  4.377333747788770e-01,  2.429044338633495e-01
s964        , -1.746488927974545e+01, -1.752035874872494e+01,  3.329453757754841e-01,  3.416747956442485e-01
s965        , -1.971186761143078e+01, -1.921891571713489e+01,  4.184459896740713e-01,  2.747751116917034e-01
s966        , -1.765956881606673e+01, -1.739208977662781e+01,  3.299534900279941e-01,  3.505489671184535e-01
s967        , -2.223688117086612e+01, -2.150304463277090e+01,  5.138803044516602e-01,  1.632542049424108e-01
s968        , -1.998239594820018e+01, -2.059889541390061e+01,  4.727701707343887e-01,  2.037214128782045e-01
s969        , -2.101894011109180e+01, -2.090078604086731e+01,  4.876282884521333e-01,  1.914579983793998e-01
s970        , -1.986554229461376e+01, -2.015489814937684e+01,  4.561448120795231e-01,  2.275233404602132e-01
s971        , -1.914500631305469e+01, -1.861002522249936e+01,  3.706633722546873e-01,  2.798572987617858e-01
s972        , -1.930540895911451e+01, -2.016679557654352e+01,  4.552148620352210e-01,  2.253682429178087e-01
s973        , -2.013055280326089e+01, -2.021594561836313e+01,  4.569427056550623e-01,  2.226092183266228e-01
s974        , -1.991254970003848e+01, -2.013038137243906e+01,  4.505736520587549e-01,  2.237046246632817e-01
s975        , -2.002907222040815e+01, -2.014027236947302e+01,  4.585891562404539e-01,  2.316079737594099e-01
s976        , -2.147573630129902e+01, -2.156043784149048e+01,  5.260027986170367e-01,  1.711794426251758e-01
s977        , -1.918950409415471e+01, -1.925309213440275e+01,  4.039078170173986e-01,  2.554937593923269e-01
s978        , -1.698999961978807e+01, -1.744114479929230e+01,  3.070090281009569e-01,  3.205821788383738e-01
s979        , -2.115978794608996e+01, -2.121537695522063e+01,  4.980581743731945e-01,  1.731042204213335e-01
s980        , -1.730989298326385e+01, -1.686890536598815e+01,  3.147486897864278e-01,  3.834339820575696e-01
s981        , -2.142850865946883e+01, -2.111411339312509e+01,  5.060475180133313e-01,  1.915289144337833e-01
s982        , -2.110948756566415e+01, -2.147165497147111e+01,  5.252792737894001e-01,  1.788081009356050e-01
s983        , -1.831465175322002e+01, -1.836278358700957e+01,  3.664035964981049e-01,  2.986250781644267e-01
s984        , -2.150201864035685e+01, -2.086539308268036e+01,  4.937347374266803e-01,  2.015535234551586e-01
s985        , -1.659952594735737e+01, -1.588506370015262e+01,  2.992078292635845e-01,  4.596714310941019e-01
s986        , -2.105203087443673e+01, -2.091012733551992e+01,  4.991847540715065e-01,  2.033196662672897e-01
s987        , -2.066592788190784e+01, -2.076331202665899e+01,  5.018867515530098e-01,  2.202352565098555e-01
s988        , -2.133344594608628e+01, -2.107525712090665e+01,  5.217049512233263e-01,  2.124891447285993e-01
s989        , -2.008246059204520e+01, -2.007914395696003e+01,  4.496076108471555e-01,  2.275021395021453e-01
s990        , -2.181814335912880e+01, -2.219690741394718e+01,  5.532496597920902e-01,  1.408259681281202e-01
s991        , -1.674874949890157e+01, -1.637547272681495e+01,  3.013220720091329e-01,  4.154566840623169e-01
s992        , -1.990187356431624e+01, -1.973946065742111e+01,  4.513088632440564e-01,  2.616197874987519e-01
s993        , -2.167451347953028e+01, -2.134579620745840e+01,  5.191968902930972e-01,  1.840442846580558e-01
s994        , -2.085856003252748e+01, -2.011643422742607e+01,  4.511130096352530e-01,  2.256233959759689e-01
s995        , -1.532250426373563e+01, -1.470543733732178e+01,  2.481401583372472e-01,  5.153010070329470e-01
s996        , -2.197589637081217e+01, -2.202672486496242e+01,  5.525491420419738e-01,  1.562060336723385e-01
s997        , -1.843774602570321e+01, -1.776858233325351e+01,  3.463229581387896e-01,  3.328719489549569e-01
s998        , -2.004154224207673e+01, -1.987884346134476e+01,  4.422602944349727e-01,  2.384085524674394e-01
s999        , -1.918982967461324e+01, -1.918048656668718e+01,  4.134942219755351e-01,  2.729601556805048e-01
s1000       , -2.386287011937712e+01, -2.352680871437459e+01,  6.487679405796682e-01,  1.199679300263669e-01
s1001       , -2.142986106465667e+01, -2.120170549817015e+01,  5.111622614972837e-01,  1.888573661924189e-01
s1002       , -1.703565403983971e+01, -1.756379597320263e+01,  3.178264684827323e-01,  3.208738301414947e-01
s1003       , -2.272857267296788e+01, -2.321015498265275e+01,  6.293272897363891e-01,  1.285774465705128e-01
s1004       , -1.957549960274314e+01, -1.908810526441138e+01,  3.963084190299309e-01,  2.627703106359125e-01
s1005       , -2.033955634118916e+01, -2.017397888125374e+01,  4.450581163710073e-01,  2.134822216950117e-01
s1006       , -2.103463075725037e+01, -2.096017827113284e+01,  5.218061343808296e-01,  2.235234393453725e-01
s1007       , -1.845815321471510e+01, -1.925328033694125e+01,  4.094160969447934e-01,  2.615522499469175e-01
s1008       , -2.105860584214290e+01, -2.101121483651355e+01,  4.879840305009215e-01,  1.813691106397906e-01
s1009       , -2.225664818829298e+01, -2.166486025707181e+01,  5.307702245768601e-01,  1.665273135482560e-01
s1010       , -2.029000137617794e+01, -2.062979545937904e+01,  4.681605190672119e-01,  1.957034946840009e-01
s1011       , -2.150175758271834e+01, -2.118129712372731e+01,  5.196182838999470e-01,  2.001225207865396e-01
s1012       , -1.789395613621291e+01, -1.741095908168619e+01,  3.399728170034413e-01,  3.598106214820054e-01
s1013       , -1.907481979836395e+01, -1.912504276034327e+01,  4.072873967616714e-01,  2.713756481870980e-01
s1014       , -1.701362802016618e+01, -1.639821721188420e+01,  3.045079217322346e-01,  4.168123069643445e-01
s1015       , -1.771043360260808e+01, -1.747214136145929e+01,  3.326037831529408e-01,  3.458745138912964e-01
s1016       , -2.325177194237830e+01, -2.253415148687573e+01,  5.963713704904141e-01,  1.563854338565167e-01
s1017       , -2.061131053204120e+01, -2.103063325981274e+01,  5.026827790403382e-01,  1.957406600814339e-01
s1018       , -1.637685178145171e+01, -1.603364330780634e+01,  2.808681537014019e-01,  4.253379771756947e-01
s1019       , -2.229355013298489e+01, -2.236876571396658e+01,  5.720221757167228e-01,  1.452226286016571e-01
s1020       , -1.626620443538163e+01, -1.677374482646066e+01,  2.807759909630854e-01,  3.549897841180646e-01
s1021       , -2.225684084822025e+01, -2.241272313522079e+01,  5.729092004960807e-01,  1.420289268802000e-01
s1022       , -1.619907626993357e+01, -1.634758545503504e+01,  3.027109044201862e-01,  4.196356604801031e-01
s1023       , -2.164326276096592e+01, -2.127178564577808e+01,  5.242661565987167e-01,  1.966610403621878e-01
s1024       , -1.814482992541786e+01, -1.817121183312877e+01,  3.641266800050690e-01,  3.142963198678594e-01
s1025       , -1.966276460675046e+01, -2.013887754523571e+01,  4.387330772367830e-01,  2.098365089794777e-01
s1026       , -1.787958226759213e+01, -1.803584324098236e+01,  3.510363655111755e-01,  3.127044610607456e-01
s1027       , -2.228548280106830e+01, -2.318511658366301e+01,  6.289470444748895e-01,  1.305344988068829e-01
s1028       , -1.939576101741603e+01, -1.935910485247939e+01,  4.097543507923392e-01,  2.518810843713787e-01
s1029       , -2.072177297910414e+01, -2.025188514543430e+01,  4.536896054969227e-01,  2.156094330430611e-01
s1030       , -2.116639743005703e+01, -2.088446914008101e+01,  4.877223346835938e-01,  1.931104576875297e-01
s1031       , -1.871817432191781e+01, -1.894567932088352e+01,  3.904225223978339e-01,  2.697957142274674e-01
s1032       , -1.793076662035363e+01, -1.895465471519919e+01,  3.963208029700220e-01,  2.754503927284651e-01
s1033       , -2.190726556241366e+01, -2.169590875728223e+01,  5.508372417727639e-01,  1.857169005292313e-01
s1034       , -1.655942363042545e+01, -1.705935652337406e+01,  3.098384736224340e-01,  3.599407533993905e-01
s1035       , -1.920990065585595e+01, -1.959692894949442e+01,  4.315644641921023e-01,  2.533674875635619e-01
s1036       , -1.624542641970273e+01, -1.601362542496770e+01,  2.826291359864055e-01,  4.291805627987016e-01
s1037       , -1.865413258865576e+01, -1.932053791797585e+01,  4.161654344343196e-01,  2.626139184201547e-01
s1038       , -2.303917859954092e+01, -2.285894190259928e+01,  5.988766845827722e-01,  1.283217331385079e-01
s1039       , -2.268866240524940e+01, -2.368784323248269e+01,  6.649449669387153e-01,  1.225287619691480e-01
s1040       , -2.002650999928207e+01, -2.037205116709884e+01,  4.774777262407966e-01,  2.304453200527994e-01
s1041       , -2.439240447433291e+01, -2.368916559688205e+01,  6.669656477908490e-01,  1.246323255968378e-01
