# c0 + a0 * (cub_root_V * WE) + a1 * (O / RBI) + a2 * (O + E_T)
# Property Label: $ln_{D}$; Unit of the Property: Unitless
# RMSE: 0.377030060534036; Max AE: 1.47746082341753
# Coefficients
# Task   a0                      a1                      a2                      c0
# all ,  4.454950806590404e-02, -5.333311693790940e+00, -7.332102583986209e-01, -1.295730709051845e+01, 
# Feature Rung, Units, and Expressions
# 0;  1; A;                                                22|8|mult; (cub_root_V * WE); $\left(cub_{root, V} WE\right)$; (cub_root_V .* WE); (newdata$cub_root_V * newdata$WE); cub_root_V,WE
# 1;  1; Unitless;                                         12|7|div; (O / RBI); $\left(\frac{ O }{ RBI } \right)$; (O ./ RBI); (newdata$O / newdata$RBI); O,RBI
# 2;  1; Unitless;                                         12|0|add; (O + E_T); $\left(O + E_{T}\right)$; (O + E_T); (newdata$O + newdata$E_T); O,E_T
# Number of Samples Per Task
# Task, n_samples               
# all , 1041                  

# Sample ID , Property Value        ,  Property Value (EST) ,  Feature 0 Value      ,  Feature 1 Value      ,  Feature 2 Value      
s1          , -2.244947812336508e+01, -2.226476440056717e+01,  7.075875636483805e+01,  3.077831881885986e-01,  1.475459637507883e+01
s2          , -2.298888400764099e+01, -2.291748350301401e+01,  7.194138230782384e+01,  1.439216009020738e-01,  1.690858891402743e+01
s3          , -1.755271246623431e+01, -1.769056346198205e+01,  6.859749450811627e+01,  0.000000000000000e+00,  1.062347521346189e+01
s4          , -1.917258847351942e+01, -1.913763678387171e+01,  6.800994207189228e+01,  0.000000000000000e+00,  1.256138883866988e+01
s5          , -2.000094091703784e+01, -2.034530240035675e+01,  7.286211131058030e+01,  1.028514327271541e-01,  1.375516458063223e+01
s6          , -2.179532463031582e+01, -2.167112092312782e+01,  6.777920404892839e+01,  2.968969626736321e-01,  1.384309598910606e+01
s7          , -2.156980503382011e+01, -2.140070065047759e+01,  6.533283589001906e+01,  3.289963889343198e-01,  1.309215039088110e+01
s8          , -2.070680399014268e+01, -2.107964293582784e+01,  6.729774181111560e+01,  0.000000000000000e+00,  1.516675061424882e+01
s9          , -2.311678210871720e+01, -2.266308831758000e+01,  5.836008177989474e+01,  1.703365790864108e-01,  1.554429437036547e+01
s10         , -1.955558688693647e+01, -1.936929249039779e+01,  5.732391621816939e+01,  0.000000000000000e+00,  1.222805813900046e+01
s11         , -1.929232032084748e+01, -1.914493731077706e+01,  7.959207525618098e+01,  0.000000000000000e+00,  1.327507070089868e+01
s12         , -1.972420304545977e+01, -1.874027514399288e+01,  6.081786189025320e+01,  3.369657399495768e-02,  1.133734758203288e+01
s13         , -1.649771434553038e+01, -1.682601734335174e+01,  6.896743823485122e+01,  0.000000000000000e+00,  9.466828401885049e+00
s14         , -1.814284237715737e+01, -1.852320813081628e+01,  7.278458471829732e+01,  0.000000000000000e+00,  1.201349596978806e+01
s15         , -2.140988745272463e+01, -2.113596704848400e+01,  5.807548390942884e+01,  0.000000000000000e+00,  1.468322909220248e+01
s16         , -2.271802967642396e+01, -2.246783563769193e+01,  6.088699914735089e+01,  2.631260494073562e-01,  1.475658727713754e+01
s17         , -1.845283706311921e+01, -1.814421029540983e+01,  7.165564808648891e+01,  0.000000000000000e+00,  1.142800033320397e+01
s18         , -2.106370881996578e+01, -2.135509861570490e+01,  6.913440559225835e+01,  1.712673775224714e-01,  1.440824491533685e+01
s19         , -2.166440903696862e+01, -2.148492959701048e+01,  6.294604442666145e+01,  1.408570425662181e-01,  1.443051728603995e+01
s20         , -1.957524373940041e+01, -1.960973022296787e+01,  6.710900756365291e+01,  0.000000000000000e+00,  1.315052032586146e+01
s21         , -2.230012329283520e+01, -2.294938721790027e+01,  5.493311500988126e+01,  2.197370969220548e-01,  1.536721127393174e+01
s22         , -1.709175230426198e+01, -1.720819979184109e+01,  6.746606448460832e+01,  0.000000000000000e+00,  9.896851008472128e+00
s23         , -2.271630669020732e+01, -2.246054467221744e+01,  6.685905436738145e+01,  1.071020597314770e-01,  1.624440842103852e+01
s24         , -1.997593461761007e+01, -2.001864502058253e+01,  7.103915787728310e+01,  1.084916176830921e-01,  1.315785989508156e+01
s25         , -2.228124530569044e+01, -2.306769818275214e+01,  5.172824662339696e+01,  3.052346033458345e-01,  1.471194330614414e+01
s26         , -1.806502239865187e+01, -1.817167662765490e+01,  7.264317946438378e+01,  0.000000000000000e+00,  1.152546264842853e+01
s27         , -2.017409009594002e+01, -2.001219467275914e+01,  6.264767038999123e+01,  2.471359989899002e-02,  1.324859416106476e+01
s28         , -1.658938425028538e+01, -1.693461889810860e+01,  7.710591052078209e+01,  0.000000000000000e+00,  1.010943601151142e+01
s29         , -2.262132344831001e+01, -2.327749739493459e+01,  5.211229985886649e+01,  2.160660092821783e-01,  1.567002114573491e+01
s30         , -1.697997334312175e+01, -1.716916369677564e+01,  7.051038558470431e+01,  0.000000000000000e+00,  1.002858254282004e+01
s31         , -1.964904728113367e+01, -1.931723604041222e+01,  5.752061156826657e+01,  4.798257929883692e-02,  1.181998989834859e+01
s32         , -2.151059652715050e+01, -2.110312088913986e+01,  6.274136295090469e+01,  0.000000000000000e+00,  1.492192795742413e+01
s33         , -2.289264810431292e+01, -2.359503556567334e+01,  5.712198195253624e+01,  2.127579286843442e-01,  1.643154904597763e+01
s34         , -2.302504917991390e+01, -2.258997350751475e+01,  4.984686663385579e+01,  0.000000000000000e+00,  1.616633110132655e+01
s35         , -2.244061385591441e+01, -2.252781754600073e+01,  5.745648218417710e+01,  2.828021069467199e-01,  1.448683589230736e+01
s36         , -2.239655424600443e+01, -2.172809322183499e+01,  8.230765116472564e+01,  2.342428954219850e-01,  1.525928067599527e+01
s37         , -2.226102540809307e+01, -2.174516130136920e+01,  7.946605106723652e+01,  1.808624528842214e-01,  1.549818995129651e+01
s38         , -2.102436377352775e+01, -2.120517164326313e+01,  4.962784291391433e+01,  1.022670737864309e-01,  1.352045780437927e+01
s39         , -2.141661104833067e+01, -2.110285384813641e+01,  6.206427185975345e+01,  4.486293934961046e-01,  1.161713035157313e+01
s40         , -1.990275935468409e+01, -1.920801256454046e+01,  5.385937242032760e+01,  0.000000000000000e+00,  1.179759001050850e+01
s41         , -1.952311408648237e+01, -1.903895197449202e+01,  5.652165702711184e+01,  0.000000000000000e+00,  1.172877329673941e+01
s42         , -1.862175379272403e+01, -1.918673174998166e+01,  6.924070531854295e+01,  0.000000000000000e+00,  1.270312834940833e+01
s43         , -2.257821044890805e+01, -2.257862543480834e+01,  6.175821118835562e+01,  3.843427592378118e-01,  1.407890359041090e+01
s44         , -1.984867902879579e+01, -1.988624126586290e+01,  5.651559120657173e+01,  0.000000000000000e+00,  1.288399317036714e+01
s45         , -1.928264199244582e+01, -1.943696111332584e+01,  6.094651001849996e+01,  6.078412949855269e-03,  1.249624222608577e+01
s46         , -2.007096062658339e+01, -2.025277433792731e+01,  6.739290192174691e+01,  3.473613476154554e-02,  1.379212732718986e+01
s47         , -1.842882744186564e+01, -1.830825655620650e+01,  7.499259712675797e+01,  0.000000000000000e+00,  1.185448877277465e+01
s48         , -1.712958329507449e+01, -1.749381905730293e+01,  7.063576804034417e+01,  0.000000000000000e+00,  1.047898688927233e+01
s49         , -2.142142340445580e+01, -2.179066581704858e+01,  6.936130959665726e+01,  6.939294288544944e-02,  1.575711280873738e+01
s50         , -2.022197746600499e+01, -2.023140237498405e+01,  6.787727386331414e+01,  0.000000000000000e+00,  1.404507687388660e+01
s51         , -2.208446385448407e+01, -2.224361926611249e+01,  6.040394676658693e+01,  1.768392450202509e-01,  1.504907950960228e+01
s52         , -2.030062191637932e+01, -1.987721087450771e+01,  8.493533175582320e+01,  1.358338263387395e-01,  1.361040272199163e+01
s53         , -1.881589086732163e+01, -1.846491923597856e+01,  7.077289411168358e+01,  2.553836221740045e-01,  9.954128737823392e+00
s54         , -2.389190768082197e+01, -2.419006199625813e+01,  5.560412004888601e+01,  1.424779272649006e-01,  1.766207135869826e+01
s55         , -1.989931101552115e+01, -1.974454670854363e+01,  6.641577275029645e+01,  0.000000000000000e+00,  1.329227122811093e+01
s56         , -2.293632659980805e+01, -2.356439228233940e+01,  5.217697479837105e+01,  2.787202209400626e-01,  1.560949510283250e+01
s57         , -2.165250835772914e+01, -2.126734332362886e+01,  6.768087650417159e+01,  2.086662762531644e-01,  1.392820623909980e+01
s58         , -2.493828100106786e+01, -2.568951947483633e+01,  5.880509336023670e+01,  3.763236864960485e-01,  1.820064394160582e+01
s59         , -2.019609135900962e+01, -1.994084373847868e+01,  5.638178273276321e+01,  0.000000000000000e+00,  1.295033344640037e+01
s60         , -1.686951544328429e+01, -1.741747647925437e+01,  7.237141206259736e+01,  0.000000000000000e+00,  1.048032280800659e+01
s61         , -1.698686520707895e+01, -1.745935287016419e+01,  7.662133324683114e+01,  0.000000000000000e+00,  1.079565976127190e+01
s62         , -1.961666852236879e+01, -1.986836542263048e+01,  5.880691255109689e+01,  0.000000000000000e+00,  1.299883252854930e+01
s63         , -2.363642228074260e+01, -2.298146141243249e+01,  6.012662897425651e+01,  1.425301682408096e-01,  1.628810851264553e+01
s64         , -2.123215125329894e+01, -2.118064374528292e+01,  5.798126241320318e+01,  2.217910366935844e-01,  1.312514729915971e+01
s65         , -2.229595939650926e+01, -2.172996216884187e+01,  6.371414403143661e+01,  1.824899335806225e-01,  1.450854380874742e+01
s66         , -2.209517036440609e+01, -2.189428155476855e+01,  5.929925479066968e+01,  8.449770683136099e-02,  1.517719420649046e+01
s67         , -2.100952424313996e+01, -2.077240265777634e+01,  7.476889913052108e+01,  3.100009803052766e-01,  1.294673837424978e+01
s68         , -2.306714632630091e+01, -2.290377697986112e+01,  5.748834809240750e+01,  1.191819627660109e-01,  1.619168966157265e+01
s69         , -2.116954741071400e+01, -2.108883718657233e+01,  6.736621150486987e+01,  1.865782834324385e-01,  1.382629528419714e+01
s70         , -2.268552320802911e+01, -2.174193137657774e+01,  6.923342048962401e+01,  2.695051015779555e-01,  1.422727557521243e+01
s71         , -1.844586653395837e+01, -1.914905519186683e+01,  7.266979932125713e+01,  0.000000000000000e+00,  1.286009272831540e+01
s72         , -2.185924535832699e+01, -2.118836899901878e+01,  6.739196187964492e+01,  1.955013085741752e-01,  1.389870248804440e+01
s73         , -1.814705961150877e+01, -1.795692644005477e+01,  7.059622517353053e+01,  0.000000000000000e+00,  1.110820035458225e+01
s74         , -2.269683109870329e+01, -2.381006101395808e+01,  5.249729607106711e+01,  2.597307080675156e-01,  1.610214489007334e+01
s75         , -2.162544692540680e+01, -2.149906761479325e+01,  5.761465128956132e+01,  2.124819044986920e-01,  1.360487330389796e+01
s76         , -1.799713371423827e+01, -1.848032492191337e+01,  7.153800227499951e+01,  0.000000000000000e+00,  1.187926729201374e+01
s77         , -1.808839931225978e+01, -1.801763405682098e+01,  6.342590500879573e+01,  0.000000000000000e+00,  1.075533210664907e+01
s78         , -1.710463489071706e+01, -1.738738931302615e+01,  7.051580463778240e+01,  0.000000000000000e+00,  1.032654213885252e+01
s79         , -2.130172009097587e+01, -2.088857686631307e+01,  7.380893283925769e+01,  1.631884184887266e-01,  1.411475985979630e+01
s80         , -2.075517304342145e+01, -2.073174130393549e+01,  5.655643040880506e+01,  0.000000000000000e+00,  1.403962267054964e+01
s81         , -1.679587307458704e+01, -1.703119998463032e+01,  7.116020858184552e+01,  0.000000000000000e+00,  9.879901566191508e+00
s82         , -1.961963418382102e+01, -1.957955545076498e+01,  5.885393399715876e+01,  0.000000000000000e+00,  1.260779164185863e+01
s83         , -1.732943596118787e+01, -1.766428339636074e+01,  6.768939812187699e+01,  0.000000000000000e+00,  1.053245723854915e+01
s84         , -2.091958911511147e+01, -2.130233045323980e+01,  7.342089146455679e+01,  3.311955121771759e-02,  1.560159713860114e+01
s85         , -1.931803893900067e+01, -1.909001382723678e+01,  6.557962114686171e+01,  7.195949200579320e-02,  1.182534491088885e+01
s86         , -2.124992178205270e+01, -2.059641335031537e+01,  6.164702343404690e+01,  2.062222535919051e-01,  1.266431172306523e+01
s87         , -2.000999990609716e+01, -1.974099351163459e+01,  6.113651931470204e+01,  0.000000000000000e+00,  1.296666020769036e+01
s88         , -1.933594922663024e+01, -1.968494338682734e+01,  5.923475905063325e+01,  0.000000000000000e+00,  1.277466533661714e+01
s89         , -2.128477820873118e+01, -2.098146940320239e+01,  7.092532253853742e+01,  1.797098338895907e-01,  1.394607053773596e+01
s90         , -2.009844325702736e+01, -2.018735914575841e+01,  6.803591622757769e+01,  4.623922463303676e-02,  1.365830652508399e+01
s91         , -2.185233402642529e+01, -2.212505625415732e+01,  5.669756827637825e+01,  2.310505644104318e-01,  1.426784901333161e+01
s92         , -1.852873985612102e+01, -1.831899417753503e+01,  6.576297287276182e+01,  0.000000000000000e+00,  1.130834584278522e+01
s93         , -2.244477787769646e+01, -2.220026952418389e+01,  6.455340825576488e+01,  2.284054403838541e-01,  1.486698731291654e+01
s94         , -2.069748145715988e+01, -2.062579037743857e+01,  5.740213210603638e+01,  6.383847695872871e-02,  1.348214843596203e+01
s95         , -1.839144268754908e+01, -1.809864118096578e+01,  7.435708476386760e+01,  0.000000000000000e+00,  1.152998821423509e+01
s96         , -2.061908691885885e+01, -2.056533458630325e+01,  5.723694539786383e+01,  0.000000000000000e+00,  1.385401409772986e+01
s97         , -2.336181657728519e+01, -2.296035339732705e+01,  6.333801774763636e+01,  8.793552150876818e-02,  1.685155949830643e+01
s98         , -1.913590175727989e+01, -1.871326628506927e+01,  5.843945297431274e+01,  2.083280886472095e-02,  1.124957011796191e+01
s99         , -1.764848235022367e+01, -1.783323508276526e+01,  7.578151203151521e+01,  0.000000000000000e+00,  1.125455758320133e+01
s100        , -2.003395952271198e+01, -1.931608083085754e+01,  5.536850562785123e+01,  0.000000000000000e+00,  1.203667478368263e+01
s101        , -2.047737186068138e+01, -2.013319215361186e+01,  7.672730827044199e+01,  2.078299394182858e-01,  1.293711721418137e+01
s102        , -1.813404261594337e+01, -1.843931840501086e+01,  7.410221511828816e+01,  0.000000000000000e+00,  1.197914028615624e+01
s103        , -2.094885731266024e+01, -2.065513489484413e+01,  5.272983187971514e+01,  5.757679773799312e-02,  1.328383059938385e+01
s104        , -1.695125455205811e+01, -1.702433268188995e+01,  6.885016526819068e+01,  0.000000000000000e+00,  9.730178352806050e+00
s105        , -2.089913046364001e+01, -2.139129005537073e+01,  6.732194409555105e+01,  1.834831602774177e-01,  1.425862425174133e+01
s106        , -2.193421435204462e+01, -2.182108815849745e+01,  5.825105561583408e+01,  1.919047326844431e-01,  1.423241023366987e+01
s107        , -1.938858975045087e+01, -1.987368397596801e+01,  6.159489657329788e+01,  0.000000000000000e+00,  1.317548290753482e+01
s108        , -2.184761912256448e+01, -2.180816900644718e+01,  6.149899833355686e+01,  2.369130721226157e-01,  1.408474671757332e+01
s109        , -1.765266017099491e+01, -1.824533607611422e+01,  7.422209002647413e+01,  0.000000000000000e+00,  1.172185806929322e+01
s110        , -2.222643790681205e+01, -2.117679188021832e+01,  8.746033342076262e+01,  1.550604791215720e-01,  1.539642090794856e+01
s111        , -2.198367498730207e+01, -2.172799491278354e+01,  5.867995430476812e+01,  2.049924729155735e-01,  1.403630411474320e+01
s112        , -2.341727175416096e+01, -2.356204389561424e+01,  5.812576065371957e+01,  4.219582829035992e-01,  1.492583563625486e+01
s113        , -2.064750776227555e+01, -2.009056606971089e+01,  5.756732035372027e+01,  5.966767116142851e-02,  1.279254945745329e+01
s114        , -2.335281852671257e+01, -2.336768606288337e+01,  6.364249035757162e+01,  2.924105724131015e-01,  1.593827111771199e+01
s115        , -2.467653405274963e+01, -2.478383788730536e+01,  6.144189581581240e+01,  1.896030084945082e-01,  1.848381815774889e+01
s116        , -2.119630992652875e+01, -2.181310564905268e+01,  6.493184726420091e+01,  4.575154366552645e-01,  1.269541427842483e+01
s117        , -1.681518237222159e+01, -1.722986910642856e+01,  7.075944768107382e+01,  0.000000000000000e+00,  1.012650943718846e+01
s118        , -1.725426000439147e+01, -1.722913445045119e+01,  7.585128837992100e+01,  0.000000000000000e+00,  1.043488529488588e+01
s119        , -2.026224064054247e+01, -2.046197531568259e+01,  7.717869265606843e+01,  1.876575024263120e-01,  1.355969171211263e+01
s120        , -2.061376236446881e+01, -2.028710591042260e+01,  5.474959105601270e+01,  7.696638708340807e-02,  1.276356997028038e+01
s121        , -2.090204853596659e+01, -2.093108677833472e+01,  6.016416041719506e+01,  1.044536485262900e-01,  1.377091967385798e+01
s122        , -1.679179791839329e+01, -1.683095059508444e+01,  8.022989514633258e+01,  0.000000000000000e+00,  1.015785824080087e+01
s123        , -1.729435756680531e+01, -1.745678043015705e+01,  7.495077062495632e+01,  0.000000000000000e+00,  1.069064870595319e+01
s124        , -1.927065840811719e+01, -1.981353725916295e+01,  6.315279005639713e+01,  1.259700263920746e-01,  1.227181204948513e+01
s125        , -2.074667074869674e+01, -2.107068226825632e+01,  5.906667404152734e+01,  0.000000000000000e+00,  1.465441369143456e+01
s126        , -1.981090987888966e+01, -1.942452488940135e+01,  6.181130174366707e+01,  0.000000000000000e+00,  1.257603910863909e+01
s127        , -1.791042209268825e+01, -1.790630292882557e+01,  6.934973818428503e+01,  0.000000000000000e+00,  1.096342074710310e+01
s128        , -2.199486439730610e+01, -2.225993729563514e+01,  5.591002452449948e+01,  2.602192759902249e-01,  1.419178696268343e+01
s129        , -1.847106084369403e+01, -1.821006475792088e+01,  6.707718809760055e+01,  0.000000000000000e+00,  1.123963188621170e+01
s130        , -2.183307419908922e+01, -2.190068278137028e+01,  5.949253778549075e+01,  5.065462866366864e-01,  1.212772141001261e+01
s131        , -1.937195493711046e+01, -1.959495484642853e+01,  5.690527599775238e+01,  0.000000000000000e+00,  1.251039480543867e+01
s132        , -1.756898825137140e+01, -1.763748524240572e+01,  7.073847722147086e+01,  0.000000000000000e+00,  1.068116876943261e+01
s133        , -1.952720456066259e+01, -1.907886867462121e+01,  6.549751424473578e+01,  0.000000000000000e+00,  1.232858313110352e+01
s134        , -1.792604080418195e+01, -1.795370569054364e+01,  7.057347120180052e+01,  0.000000000000000e+00,  1.110242516566509e+01
s135        , -2.163690184151209e+01, -2.185650516944881e+01,  7.032012841402656e+01,  1.810313174136668e-01,  1.509311774902272e+01
s136        , -2.266590946104735e+01, -2.235501680812349e+01,  5.811840291018684e+01,  1.352081288741473e-01,  1.536496353258194e+01
s137        , -1.871948299194560e+01, -1.834791934908129e+01,  5.975377383472880e+01,  2.345350421570304e-02,  1.081208091250872e+01
s138        , -2.098569970792443e+01, -2.083592055642205e+01,  6.988952265600358e+01,  1.653366207714363e-01,  1.378917639300211e+01
s139        , -1.946420871832499e+01, -1.953082161637783e+01,  5.899024510991552e+01,  0.000000000000000e+00,  1.254960745678858e+01
s140        , -1.890485827097119e+01, -1.905752746909057e+01,  7.493260406097659e+01,  0.000000000000000e+00,  1.287274819122136e+01
s141        , -2.048387804329865e+01, -2.052213274722691e+01,  7.775439023742993e+01,  1.267949261663817e-01,  1.411942687752941e+01
s142        , -1.712146112463541e+01, -1.730320297875920e+01,  7.748277397157459e+01,  0.000000000000000e+00,  1.063503307944266e+01
s143        , -2.146398341435241e+01, -2.195428596201378e+01,  5.806727354222828e+01,  3.133623490119932e-01,  1.351943477141218e+01
s144        , -2.296743054539722e+01, -2.261462122947675e+01,  6.358527800014411e+01,  4.515919509453105e-01,  1.374984357600055e+01
s145        , -2.169591974109321e+01, -2.147906170336793e+01,  6.046870334925249e+01,  7.545451456710031e-02,  1.474772486021735e+01
s146        , -2.268369172314783e+01, -2.255967752697006e+01,  6.236289459229789e+01,  2.575650108398851e-01,  1.501197248920169e+01
s147        , -2.121406114253308e+01, -2.132117647898849e+01,  6.205513185579721e+01,  1.023685736116527e-01,  1.443301065918475e+01
s148        , -2.139826235530006e+01, -2.069825371908620e+01,  7.172509175741214e+01,  1.543190643261423e-01,  1.379308649347700e+01
s149        , -1.818204101397333e+01, -1.845613656257496e+01,  5.796443619548152e+01,  0.000000000000000e+00,  1.102155418219650e+01
s150        , -2.236615053154114e+01, -2.194872850668595e+01,  6.456893835022119e+01,  2.847015521364587e-01,  1.411536952764653e+01
s151        , -2.007280490017163e+01, -1.999340739129038e+01,  5.408799631365295e+01,  0.000000000000000e+00,  1.288265380989843e+01
s152        , -2.043501428229088e+01, -2.052026371901517e+01,  6.137710563896622e+01,  0.000000000000000e+00,  1.404409768312792e+01
s153        , -2.294208833005412e+01, -2.301966318692812e+01,  6.649749530991727e+01,  3.286467400983443e-01,  1.537350462418146e+01
s154        , -1.941555486932839e+01, -1.970364866889519e+01,  5.998576201686600e+01,  0.000000000000000e+00,  1.284580740558312e+01
s155        , -2.030625886040805e+01, -2.074137927953641e+01,  7.127027795256022e+01,  0.000000000000000e+00,  1.494677397921330e+01
s156        , -1.755225478861601e+01, -1.784665497584014e+01,  6.151795322509971e+01,  0.000000000000000e+00,  1.040621343103610e+01
s157        , -1.981494689568535e+01, -1.916498540232248e+01,  5.754843227608644e+01,  0.000000000000000e+00,  1.196305228847324e+01
s158        , -2.120666701656112e+01, -2.108611219628425e+01,  5.935959187126093e+01,  1.117215547428677e-01,  1.388060209426527e+01
s159        , -2.199339551508707e+01, -2.190573633893585e+01,  6.346509731050172e+01,  2.281831412962911e-01,  1.440077546134532e+01
s160        , -1.822712376873660e+01, -1.810864006123501e+01,  7.279990353656615e+01,  0.000000000000000e+00,  1.144901174575771e+01
s161        , -1.850131544535105e+01, -1.866255358429674e+01,  7.528514520077829e+01,  0.000000000000000e+00,  1.235547726368276e+01
s162        , -2.165239460618542e+01, -2.166760293177468e+01,  7.584978205504154e+01,  2.432783124970402e-01,  1.471868011421221e+01
s163        , -2.054863013411503e+01, -2.055627827902882e+01,  5.770908631436508e+01,  0.000000000000000e+00,  1.387034957334042e+01
s164        , -2.244259094688993e+01, -2.295644157932862e+01,  5.277755992288217e+01,  1.396159587884116e-01,  1.582865659844279e+01
s165        , -2.169401378729562e+01, -2.137341289782341e+01,  6.726713184151185e+01,  3.075968033738455e-01,  1.332811932116928e+01
s166        , -1.893544650248816e+01, -1.861217514061966e+01,  6.087633764226216e+01,  0.000000000000000e+00,  1.141129553095953e+01
s167        , -1.990371422830687e+01, -1.994011431219889e+01,  6.734190664406592e+01,  0.000000000000000e+00,  1.361527054558242e+01
s168        , -2.358382467591309e+01, -2.349780362108295e+01,  6.077974847688414e+01,  1.196272115479200e-01,  1.719860718653397e+01
s169        , -2.234616115486217e+01, -2.305341279686420e+01,  5.428754892956719e+01,  1.290719447079356e-01,  1.612935478977028e+01
s170        , -1.980105726485419e+01, -1.985963321845441e+01,  6.985871884883436e+01,  5.027598946639843e-02,  1.329272204335284e+01
s171        , -2.225344967355102e+01, -2.231852780160278e+01,  6.555477791911385e+01,  3.104929949143050e-01,  1.449202023078759e+01
s172        , -2.076076397080535e+01, -2.044892885549571e+01,  5.962570334135045e+01,  0.000000000000000e+00,  1.384039216674582e+01
s173        , -2.167162181633835e+01, -2.137198727635037e+01,  5.795354552849460e+01,  1.001941922303719e-01,  1.426891557079287e+01
s174        , -2.217746151284670e+01, -2.192792820291212e+01,  7.006496191860350e+01,  1.688906059995577e-01,  1.526333589360475e+01
s175        , -1.912249737452136e+01, -1.913860032802620e+01,  6.424778845247475e+01,  3.564793071468678e-02,  1.207481616662599e+01
s176        , -2.262880123350610e+01, -2.192479808525759e+01,  6.561134079296390e+01,  1.608294142226039e-01,  1.504710337676838e+01
s177        , -1.998504477748202e+01, -2.037834299615996e+01,  6.799996382298129e+01,  2.345689490599690e-01,  1.254670323833827e+01
s178        , -1.778030448780716e+01, -1.819099235301683e+01,  7.699292231112639e+01,  0.000000000000000e+00,  1.181609501064194e+01
s179        , -2.322340610724453e+01, -2.445884262942775e+01,  5.378289463493278e+01,  4.523906492931996e-01,  1.566371523811240e+01
s180        , -1.682543251402466e+01, -1.690356018310820e+01,  7.958947033677042e+01,  0.000000000000000e+00,  1.021797602734254e+01
s181        , -1.586682207916231e+01, -1.582507687581774e+01,  8.646682710184996e+01,  0.000000000000000e+00,  9.164935050667212e+00
s182        , -2.348293513803748e+01, -2.339350806994782e+01,  5.981291309893607e+01,  1.749870204330861e-01,  1.659493490750253e+01
s183        , -2.155098810628208e+01, -2.133779417955703e+01,  5.605812755865387e+01,  2.784526205227413e-02,  1.463337632043750e+01
s184        , -2.324937775466465e+01, -2.295824116667784e+01,  6.939198386320010e+01,  2.526661446567910e-01,  1.601827768028003e+01
s185        , -2.378592453308165e+01, -2.408682724476055e+01,  5.507240093369793e+01,  2.624689814286155e-01,  1.661616091207551e+01
s186        , -2.071202883303041e+01, -2.103900529628124e+01,  5.779249204977913e+01,  1.222923263687584e-01,  1.364424745508790e+01
s187        , -2.027503475690737e+01, -2.009240255298714e+01,  6.325538992898732e+01,  0.000000000000000e+00,  1.357467636644940e+01
s188        , -2.214013663755619e+01, -2.233047769203104e+01,  5.383610419149841e+01,  1.117610126734118e-01,  1.524185745578024e+01
s189        , -2.074030596943589e+01, -2.066430100366689e+01,  7.278451045234699e+01,  1.751472291250034e-01,  1.365964696847662e+01
s190        , -1.914542963593283e+01, -1.915050240993652e+01,  6.555983392709375e+01,  0.000000000000000e+00,  1.243006840855953e+01
s191        , -1.679323473828856e+01, -1.694561535925686e+01,  7.163634258676373e+01,  0.000000000000000e+00,  9.792105345470995e+00
s192        , -1.690928184419942e+01, -1.718604027499828e+01,  7.669635807435519e+01,  0.000000000000000e+00,  1.042745668048493e+01
s193        , -2.273712334380998e+01, -2.318261183202983e+01,  5.332071008583652e+01,  2.097178355165042e-01,  1.566020855474843e+01
s194        , -2.090019731082972e+01, -2.124796460197609e+01,  6.394296072100795e+01,  1.427641489817293e-01,  1.415402898658779e+01
s195        , -1.910778599576077e+01, -1.932102706513407e+01,  6.664102160510795e+01,  0.000000000000000e+00,  1.272833351311171e+01
s196        , -1.918378235513936e+01, -1.890684933631777e+01,  6.178926580879921e+01,  0.000000000000000e+00,  1.186866051266241e+01
s197        , -2.010118773573690e+01, -2.022847097741124e+01,  5.889116322387704e+01,  1.262432150402133e-02,  1.340325872950210e+01
s198        , -2.040069724820686e+01, -1.985816864390900e+01,  7.112361277778031e+01,  1.943017002525413e-01,  1.231994762888217e+01
s199        , -2.033728659050214e+01, -2.001375072734623e+01,  6.625684623758372e+01,  2.026898432779060e-01,  1.217542352836298e+01
s200        , -1.788348829912646e+01, -1.793884142090231e+01,  7.040428981087528e+01,  0.000000000000000e+00,  1.107187292348849e+01
s201        , -1.891783601993355e+01, -1.910194415090087e+01,  6.893486589239512e+01,  0.000000000000000e+00,  1.256890682981615e+01
s202        , -2.174492495952721e+01, -2.154091755462208e+01,  7.213116937781901e+01,  1.514826712044956e-01,  1.498767120138662e+01
s203        , -2.185008698942601e+01, -2.184826097109865e+01,  5.694093499537156e+01,  0.000000000000000e+00,  1.558576737373445e+01
s204        , -2.086349108831322e+01, -2.084949641627270e+01,  5.794411792704626e+01,  3.583788342521328e-02,  1.402385816917237e+01
s205        , -2.088054945703831e+01, -2.150282259001969e+01,  6.632033586715197e+01,  2.933430449988262e-01,  1.355077050703550e+01
s206        , -2.114956534802060e+01, -2.190435692359719e+01,  7.127833809771172e+01,  3.125415775693053e-01,  1.426000654092923e+01
s207        , -1.936064601068155e+01, -1.899519505563233e+01,  8.949448643198755e+01,  1.024100776735889e-01,  1.292758569165825e+01
s208        , -2.173553987268506e+01, -2.162230502288578e+01,  5.328756944059884e+01,  0.000000000000000e+00,  1.505561714464207e+01
s209        , -1.958079034508013e+01, -1.963298533537693e+01,  6.627182429980891e+01,  0.000000000000000e+00,  1.313137030716577e+01
s210        , -2.077095411669474e+01, -2.122697236724182e+01,  6.421787628031846e+01,  1.589363101160162e-01,  1.402446716334467e+01
s211        , -2.106003856984427e+01, -2.079376236337174e+01,  5.875731595350400e+01,  3.898094924190492e-02,  1.397439155284893e+01
s212        , -1.921431398034701e+01, -1.909038435391557e+01,  5.939999169991243e+01,  0.000000000000000e+00,  1.197380638388994e+01
s213        , -1.891211086691480e+01, -1.851407924602667e+01,  6.435045506656218e+01,  0.000000000000000e+00,  1.148859167756084e+01
s214        , -1.797391097043976e+01, -1.773784337277391e+01,  8.065886850503038e+01,  0.000000000000000e+00,  1.142080201332158e+01
s215        , -2.046416066581664e+01, -2.043431980223551e+01,  6.556205955486536e+01,  0.000000000000000e+00,  1.418115757870495e+01
s216        , -2.054695205981560e+01, -2.010394064151096e+01,  5.954456100024012e+01,  1.340688124863397e-01,  1.238973893516988e+01
s217        , -2.064527960557822e+01, -2.000528466386265e+01,  6.924123614076242e+01,  0.000000000000000e+00,  1.381955648495783e+01
s218        , -2.267569057486860e+01, -2.273504796248613e+01,  5.988306334614987e+01,  1.973657354270744e-01,  1.553836538743195e+01
s219        , -1.969996813819463e+01, -2.020758362248243e+01,  7.038465764022024e+01,  4.529995913682618e-02,  1.383543054291951e+01
s220        , -2.056541179285701e+01, -2.143095312066814e+01,  5.906576646135935e+01,  2.663096478587669e-01,  1.320860476174501e+01
s221        , -2.147236245537334e+01, -2.160736269243964e+01,  5.558122117301259e+01,  0.000000000000000e+00,  1.517459901226886e+01
s222        , -1.817717386569833e+01, -1.845091849619842e+01,  6.487775905639297e+01,  0.000000000000000e+00,  1.143448766575017e+01
s223        , -2.049263974761081e+01, -2.018950768070551e+01,  6.194173667137734e+01,  0.000000000000000e+00,  1.362729772694011e+01
s224        , -2.147370851727396e+01, -2.114868259186465e+01,  7.934715556146969e+01,  1.786736404777707e-01,  1.469337056935865e+01
s225        , -2.297636192643720e+01, -2.290415963150052e+01,  6.522309511268479e+01,  3.685175918481144e-01,  1.484852405719847e+01
s226        , -2.349615644619751e+01, -2.303301797989107e+01,  6.658460466399039e+01,  3.400530799765649e-01,  1.531404269832646e+01
s227        , -1.994214785348108e+01, -2.049926291472539e+01,  5.886412846336772e+01,  1.279422059428482e-01,  1.293212692850615e+01
s228        , -1.935600154849446e+01, -1.963711346687490e+01,  6.624585256006387e+01,  0.000000000000000e+00,  1.313542249169904e+01
s229        , -1.931982821700711e+01, -1.914020245246166e+01,  8.423805183720822e+01,  2.237396859689410e-02,  1.338815390391039e+01
s230        , -1.663964761443124e+01, -1.687449297299031e+01,  7.200870648322041e+01,  0.000000000000000e+00,  9.717728647609446e+00
s231        , -1.912412961575534e+01, -1.925116430318545e+01,  6.255326206301639e+01,  0.000000000000000e+00,  1.238467978520177e+01
s232        , -2.205202611453251e+01, -2.144155805191454e+01,  6.381018971626639e+01,  1.282718949075684e-01,  1.451541273985609e+01
s233        , -2.108987100746543e+01, -2.100789279322137e+01,  6.759412723120269e+01,  3.191155619207420e-01,  1.276568072216728e+01
s234        , -2.119865480781422e+01, -2.126701359760784e+01,  5.324328860092347e+01,  2.033773541226916e-01,  1.308900672235156e+01
s235        , -1.634470488909293e+01, -1.650159760545944e+01,  7.352301764552199e+01,  0.000000000000000e+00,  9.301158439141952e+00
s236        , -2.035495556536669e+01, -2.113518938052369e+01,  6.740083441563803e+01,  0.000000000000000e+00,  1.524877233833640e+01
s237        , -2.057488800817375e+01, -2.047208862850919e+01,  7.046984471519448e+01,  2.224591327105216e-01,  1.291271426062128e+01
s238        , -2.181497599002021e+01, -2.159076414562499e+01,  6.981769312169193e+01,  3.994746833596283e-01,  1.311121581800404e+01
s239        , -1.938605784207409e+01, -1.893956067499401e+01,  6.774119980853662e+01,  0.000000000000000e+00,  1.227491106220577e+01
s240        , -1.879589433372550e+01, -1.850598197788616e+01,  6.290785008789345e+01,  0.000000000000000e+00,  1.138989609952614e+01
s241        , -1.732119998261703e+01, -1.710857044077287e+01,  7.382824470390076e+01,  0.000000000000000e+00,  1.014753305475080e+01
s242        , -2.017650413285683e+01, -2.020490690625726e+01,  5.841138883344887e+01,  0.000000000000000e+00,  1.343379793298011e+01
s243        , -1.996072124442394e+01, -1.970337760792437e+01,  6.577059433073340e+01,  0.000000000000000e+00,  1.319692138674588e+01
s244        , -2.121993688931675e+01, -2.096703826722631e+01,  5.920360626790377e+01,  1.639942961318525e-01,  1.332849602478203e+01
s245        , -2.152256201120388e+01, -2.162249124222929e+01,  5.923883301308595e+01,  7.176049116297312e-02,  1.489548711173752e+01
s246        , -1.806013829922115e+01, -1.817960175718477e+01,  6.248130254403242e+01,  0.000000000000000e+00,  1.091884062806907e+01
s247        , -1.662499542985015e+01, -1.663173146763929e+01,  7.111356629843372e+01,  0.000000000000000e+00,  9.332246370192067e+00
s248        , -2.087245838906029e+01, -2.049675521432965e+01,  6.800919007805561e+01,  1.770849693125060e-01,  1.312689591815216e+01
s249        , -2.031192930505803e+01, -2.016465116960860e+01,  6.080408532165818e+01,  6.873437790292408e-02,  1.302430537181656e+01
s250        , -1.829082894515480e+01, -1.823007933530188e+01,  6.253213163151669e+01,  0.000000000000000e+00,  1.099077359457607e+01
s251        , -2.316191337748571e+01, -2.358305497096255e+01,  6.272723851781777e+01,  3.666621537308922e-01,  1.563629506714978e+01
s252        , -1.836403387539604e+01, -1.858055545234546e+01,  6.312197942086442e+01,  0.000000000000000e+00,  1.150461466755237e+01
s253        , -1.948978591890307e+01, -1.943181798320273e+01,  7.130162965543337e+01,  0.000000000000000e+00,  1.316261373539625e+01
s254        , -1.974328758235917e+01, -2.007038502057151e+01,  6.592885276311911e+01,  3.095714448551533e-02,  1.348190600728651e+01
s255        , -2.045692599174058e+01, -2.024393973239586e+01,  5.759840351951006e+01,  0.000000000000000e+00,  1.343763684590525e+01
s256        , -1.776850461240055e+01, -1.804312109397390e+01,  6.254709968400602e+01,  0.000000000000000e+00,  1.073669719586372e+01
s257        , -2.163660994039700e+01, -2.137641825876695e+01,  6.498427059564979e+01,  8.593837434805077e-02,  1.480583801726971e+01
s258        , -1.860059101905129e+01, -1.877780664230405e+01,  6.236471190336084e+01,  0.000000000000000e+00,  1.172762749737372e+01
s259        , -2.094542362420654e+01, -2.102275824868274e+01,  5.127039436962138e+01,  0.000000000000000e+00,  1.411535352530372e+01
s260        , -1.742875942837962e+01, -1.768522911417394e+01,  7.448544170523297e+01,  0.000000000000000e+00,  1.097394876507680e+01
s261        , -2.065616574581777e+01, -2.050287557064034e+01,  5.778423261134157e+01,  0.000000000000000e+00,  1.380208132797446e+01
s262        , -2.014040040752147e+01, -1.947454887935668e+01,  6.293335170212088e+01,  1.406455285019628e-01,  1.168939619719242e+01
s263        , -1.686996628366655e+01, -1.712942417729626e+01,  7.306581855660235e+01,  0.000000000000000e+00,  1.012965008990526e+01
s264        , -2.074271161967796e+01, -1.997155211476452e+01,  6.539082191477077e+01,  1.653275119934922e-01,  1.233702163320824e+01
s265        , -2.059536695716665e+01, -2.036334542065568e+01,  6.237732648152262e+01,  1.883094417581496e-01,  1.252110767193357e+01
s266        , -2.198651133619990e+01, -2.178095653936220e+01,  6.110286287811501e+01,  2.802572185339098e-01,  1.370828178612517e+01
s267        , -1.899333543245141e+01, -1.894116101218317e+01,  6.112845323020861e+01,  0.000000000000000e+00,  1.187530635607446e+01
s268        , -1.857298059991068e+01, -1.825053362179383e+01,  6.099897441523650e+01,  0.000000000000000e+00,  1.092551657896158e+01
s269        , -2.106917022960664e+01, -2.118291866276578e+01,  5.130864972718835e+01,  0.000000000000000e+00,  1.433611512757188e+01
s270        , -1.920756052964929e+01, -1.912778760004721e+01,  6.124974808233988e+01,  0.000000000000000e+00,  1.213720969370208e+01
s271        , -1.965184309682283e+01, -2.002947261304258e+01,  6.017324899352737e+01,  0.000000000000000e+00,  1.330157898392447e+01
s272        , -2.112049940018463e+01, -2.084508628027170e+01,  4.982566174988020e+01,  0.000000000000000e+00,  1.378525163006306e+01
s273        , -1.945398506004425e+01, -1.912927927061595e+01,  6.758397130419867e+01,  9.953181186257561e-02,  1.180012224273201e+01
s274        , -2.135203005648119e+01, -2.159278581791012e+01,  5.993713883222244e+01,  2.378813762807826e-01,  1.368905185984844e+01
s275        , -2.088724638081418e+01, -2.081304651850368e+01,  6.273225946134949e+01,  1.234259898243222e-01,  1.362796188071177e+01
s276        , -1.839432489855567e+01, -1.871229679818628e+01,  6.604537349886796e+01,  0.000000000000000e+00,  1.186191615221904e+01
s277        , -2.199306195501885e+01, -2.063394319450751e+01,  6.382717964041215e+01,  5.096046381403415e-01,  1.064118388010568e+01
s278        , -2.276883612887764e+01, -2.261342950293496e+01,  7.127172071970443e+01,  1.162666188594623e-01,  1.665437199173823e+01
s279        , -2.262380984036664e+01, -2.228679686563785e+01,  7.128681486307333e+01,  1.209279942436881e-01,  1.617589973297932e+01
s280        , -1.620731240668889e+01, -1.661792771245745e+01,  8.268507726809888e+01,  0.000000000000000e+00,  1.001649943450639e+01
s281        , -2.072632910940930e+01, -1.983038173821988e+01,  6.657591042551532e+01,  3.379643056078986e-01,  1.096074370340589e+01
s282        , -1.840721485531197e+01, -1.870573689626887e+01,  6.835966358107227e+01,  1.609425246688213e-01,  1.082290168487959e+01
s283        , -1.945843055355910e+01, -1.977250590673520e+01,  7.257701998196038e+01,  0.000000000000000e+00,  1.370475827117980e+01
s284        , -2.290375248734285e+01, -2.323737355832773e+01,  7.230702891919175e+01,  1.146695108448008e-01,  1.757986968282270e+01
s285        , -2.162506652538119e+01, -2.112583105720551e+01,  6.245769792371991e+01,  1.313195899296278e-01,  1.398045821386913e+01
s286        , -2.308167299949378e+01, -2.372874506882865e+01,  5.283548037796147e+01,  1.554199204552313e-01,  1.677053698787324e+01
s287        , -1.888746545864790e+01, -1.847942636201066e+01,  6.590707185837122e+01,  0.000000000000000e+00,  1.153590911196497e+01
s288        , -2.031934863671701e+01, -2.021673409792519e+01,  7.042995711656314e+01,  0.000000000000000e+00,  1.418017114594138e+01
s289        , -2.410980627565496e+01, -2.469288558202082e+01,  5.551498098242759e+01,  2.545617676117836e-01,  1.752715020740317e+01
s290        , -2.087284446952964e+01, -2.109068531591799e+01,  5.247684135083976e+01,  0.000000000000000e+00,  1.428130003977539e+01
s291        , -2.204275686911580e+01, -2.190983897816552e+01,  5.937343121770214e+01,  5.841273571837884e-01,  1.156865398252174e+01
s292        , -1.820983264392220e+01, -1.804590682707021e+01,  6.948092495584879e+01,  1.081640428901813e-01,  1.037501606308570e+01
s293        , -1.668568749246811e+01, -1.689005710292204e+01,  7.417827230147431e+01,  0.000000000000000e+00,  9.870777815383827e+00
s294        , -2.280852590517532e+01, -2.378892352670399e+01,  5.379598605768955e+01,  2.914795822845140e-01,  1.592128526921126e+01
s295        , -1.673628435422914e+01, -1.704808782738200e+01,  7.019158718594684e+01,  0.000000000000000e+00,  9.844081330949466e+00
s296        , -2.103716924286631e+01, -2.020766403693040e+01,  6.739057022038556e+01,  2.838913063036262e-01,  1.191812685957452e+01
s297        , -2.124288787488653e+01, -2.106264269100461e+01,  5.313414549003141e+01,  9.110008131720641e-02,  1.362033659538016e+01
s298        , -2.177880180045448e+01, -2.148765932084792e+01,  7.115879508815829e+01,  2.410631255799612e-01,  1.420435221708238e+01
s299        , -1.893486515270964e+01, -1.907696397353399e+01,  6.508218154949259e+01,  0.000000000000000e+00,  1.230074995758987e+01
s300        , -1.774017522269403e+01, -1.765241408723023e+01,  7.017043036227838e+01,  0.000000000000000e+00,  1.066701544411830e+01
s301        , -2.283171483494903e+01, -2.311521750680051e+01,  5.611166285617396e+01,  2.337758602281247e-01,  1.556287263236856e+01
s302        , -1.721456897049112e+01, -1.749140034797571e+01,  6.674555318993552e+01,  0.000000000000000e+00,  1.023932048366665e+01
s303        , -2.130552121943375e+01, -2.089812575276139e+01,  6.520358858569666e+01,  3.922378030490787e-01,  1.193884004737933e+01
s304        , -2.313677054561944e+01, -2.299265195787289e+01,  6.353437442165433e+01,  1.312642291672377e-01,  1.659237143147819e+01
s305        , -1.858159986173835e+01, -1.883449059904122e+01,  6.522826750913734e+01,  0.000000000000000e+00,  1.197892505927130e+01
s306        , -2.163460095493751e+01, -2.147692002092536e+01,  6.113816826191048e+01,  5.212862774058171e-02,  1.495515086567969e+01
s307        , -1.987289536762319e+01, -2.024026438074021e+01,  6.628805648253145e+01,  0.000000000000000e+00,  1.396060336024161e+01
s308        , -2.028550026196297e+01, -1.991584556120466e+01,  6.328718216332176e+01,  4.740031824864405e-01,  9.887947561896846e+00
s309        , -2.129242792516701e+01, -2.101386973143145e+01,  8.311846941871973e+01,  8.924858089845771e-02,  1.538911783530099e+01
s310        , -1.894855963686166e+01, -1.915131285580132e+01,  6.839074253154223e+01,  0.000000000000000e+00,  1.260317841366193e+01
s311        , -2.010039836844276e+01, -1.980525749215791e+01,  7.103582402513059e+01,  0.000000000000000e+00,  1.365578468430495e+01
s312        , -1.830057188159682e+01, -1.869104416041254e+01,  6.346568909168425e+01,  0.000000000000000e+00,  1.167619001497639e+01
s313        , -1.990312271450173e+01, -1.927233513024291e+01,  5.975178718818295e+01,  0.000000000000000e+00,  1.224333765408960e+01
s314        , -1.980645538479249e+01, -1.970492247741350e+01,  5.571242527615817e+01,  0.000000000000000e+00,  1.258789879217502e+01
s315        , -1.914671781515828e+01, -1.949596199158349e+01,  7.691834791129355e+01,  1.346910715364117e-01,  1.261163477864707e+01
s316        , -2.257620253811652e+01, -2.236376737629175e+01,  5.985078389400510e+01,  2.577905963456159e-01,  1.459050189359800e+01
s317        , -1.647333233405121e+01, -1.672133657220108e+01,  6.791222608517785e+01,  0.000000000000000e+00,  9.259943744194796e+00
s318        , -2.027102701488289e+01, -1.980482382643768e+01,  5.634169272258863e+01,  0.000000000000000e+00,  1.276238476361241e+01
s319        , -1.996146248057647e+01, -1.977025367041659e+01,  5.662111335620514e+01,  9.244331710914927e-02,  1.205978803572949e+01
s320        , -2.548773082504399e+01, -2.540531426708973e+01,  6.709545106425763e+01,  3.515080727250744e-01,  1.849725129301717e+01
s321        , -1.727661852750149e+01, -1.760700401667425e+01,  7.665086943409943e+01,  0.000000000000000e+00,  1.099883063540610e+01
s322        , -2.011073789818953e+01, -2.041709445760780e+01,  5.831430249790138e+01,  6.764905244742539e-02,  1.322522054623737e+01
s323        , -2.178223238748198e+01, -2.150071651872322e+01,  5.709778972540997e+01,  8.904040861059906e-02,  1.447362130862317e+01
s324        , -1.879130547869734e+01, -1.899112364588632e+01,  6.914192318106494e+01,  0.000000000000000e+00,  1.243034329568784e+01
s325        , -2.032679436678044e+01, -2.012568455779768e+01,  5.247715097118354e+01,  0.000000000000000e+00,  1.296518784189929e+01
s326        , -2.071891083121713e+01, -2.044656708252366e+01,  6.644659933313348e+01,  3.222266807409995e-01,  1.190775480906385e+01
s327        , -1.834375983430116e+01, -1.909386002896287e+01,  6.973418304564976e+01,  0.000000000000000e+00,  1.260644730843445e+01
s328        , -2.099505369246730e+01, -2.059347583466232e+01,  7.202325230095326e+01,  2.235894624416380e-01,  1.316443243700744e+01
s329        , -2.140321290954873e+01, -2.117107008027602e+01,  7.273628593019474e+01,  3.611926743544717e-01,  1.299460219426232e+01
s330        , -2.114112529442132e+01, -2.170468322831431e+01,  6.660490611133810e+01,  2.876464748282960e-01,  1.388480795970728e+01
s331        , -1.934637322166436e+01, -1.969472136260334e+01,  6.866825913571283e+01,  6.522519104267761e-02,  1.288673344920433e+01
s332        , -1.962462779654497e+01, -1.989541358672163e+01,  6.875126795328481e+01,  6.492394237672290e-02,  1.316768543641335e+01
s333        , -2.293624249800790e+01, -2.337085825300198e+01,  5.323557946365121e+01,  2.371535217223541e-01,  1.571221386581282e+01
s334        , -1.807355423930957e+01, -1.840939718426896e+01,  6.540215081424060e+01,  0.000000000000000e+00,  1.140971998570818e+01
s335        , -1.850164643907080e+01, -1.852427907150456e+01,  6.790256923228540e+01,  0.000000000000000e+00,  1.171832763968810e+01
s336        , -2.151296308555482e+01, -2.111831970234789e+01,  6.676376741795271e+01,  8.451766334107451e-02,  1.457228188273385e+01
s337        , -1.775953587894473e+01, -1.628207505552720e+01,  8.650745945857614e+01,  1.741382808502984e-01,  8.524020124833086e+00
s338        , -2.118082550420247e+01, -2.116272272960045e+01,  6.828425388529222e+01,  1.537384716004337e-01,  1.422171914604862e+01
s339        , -1.761381998690202e+01, -1.832097496569257e+01,  7.663686110111550e+01,  0.000000000000000e+00,  1.197173967003016e+01
s340        , -1.906967392812366e+01, -1.901497001569447e+01,  6.112704989499429e+01,  0.000000000000000e+00,  1.197588662588536e+01
s341        , -2.371082699534004e+01, -2.352790637852091e+01,  6.080188403564845e+01,  1.711376790394160e-01,  1.686632529311710e+01
s342        , -1.901967676945428e+01, -1.923936325540009e+01,  7.193425612350208e+01,  1.418254996204004e-02,  1.283540678940368e+01
s343        , -1.943128604912865e+01, -1.844171426788810e+01,  6.155792573345017e+01,  0.000000000000000e+00,  1.122022283801668e+01
s344        , -2.171448714042025e+01, -2.166656207271451e+01,  7.294506990699888e+01,  1.494679772759034e-01,  1.522314032500174e+01
s345        , -1.896311499883081e+01, -1.870047467507289e+01,  6.067614920411440e+01,  0.000000000000000e+00,  1.151956084381350e+01
s346        , -2.211462969107367e+01, -2.207734376051219e+01,  5.954822700544957e+01,  2.674957339463226e-01,  1.411088108066717e+01
s347        , -1.640817037109120e+01, -1.682285553198493e+01,  7.511890473383971e+01,  0.000000000000000e+00,  9.836276308463226e+00
s348        , -2.058778590237884e+01, -2.051655069929006e+01,  6.034615954071528e+01,  5.059989925979815e-02,  1.360833428236837e+01
s349        , -1.918353701640313e+01, -1.912865742915879e+01,  6.739498818137959e+01,  0.000000000000000e+00,  1.251177790155898e+01
s350        , -2.047073332015930e+01, -2.051585977456888e+01,  6.617654733907992e+01,  4.873366006913637e-02,  1.397521842746461e+01
s351        , -2.167714580870165e+01, -2.212410201077238e+01,  5.586291038751162e+01,  1.479061936595220e-01,  1.482061951595202e+01
s352        , -2.086238589025425e+01, -2.108466024805312e+01,  5.867082335613713e+01,  0.000000000000000e+00,  1.464942607231303e+01
s353        , -1.920058764071421e+01, -1.897503273174643e+01,  7.547934441894823e+01,  0.000000000000000e+00,  1.279345617001628e+01
s354        , -2.053223705409261e+01, -2.116317611156568e+01,  6.032362427043942e+01,  3.321779479696144e-01,  1.244069919676819e+01
s355        , -1.704257081119439e+01, -1.737290836543084e+01,  6.901492336230011e+01,  0.000000000000000e+00,  1.021559924198003e+01
s356        , -2.127143545968418e+01, -2.085063943331321e+01,  7.056161931399340e+01,  1.974890159738042e-01,  1.361621332887939e+01
s357        , -1.906625211198675e+01, -1.937133312591759e+01,  7.062980512738260e+01,  2.875911761861896e-02,  1.283010932070438e+01
s358        , -2.032987192881253e+01, -1.973978994965982e+01,  5.745805859557750e+01,  0.000000000000000e+00,  1.274151718007906e+01
s359        , -2.136102912880764e+01, -2.110747874501662e+01,  6.047574072183760e+01,  1.064011601100528e-01,  1.401625998056094e+01
s360        , -1.881386071055488e+01, -1.864041909687707e+01,  5.896888320283092e+01,  0.000000000000000e+00,  1.133392045330953e+01
s361        , -2.182643688719446e+01, -2.138655601289127e+01,  6.484419750810515e+01,  3.152475454480785e-01,  1.314317754194726e+01
s362        , -2.091897008712596e+01, -2.103546969456669e+01,  5.681838810194019e+01,  0.000000000000000e+00,  1.446978369650596e+01
s363        , -1.798497754334610e+01, -1.779262463811491e+01,  7.226599097853303e+01,  0.000000000000000e+00,  1.098556901423778e+01
s364        , -1.789393844733154e+01, -1.795057116397459e+01,  7.081227718007396e+01,  0.000000000000000e+00,  1.111265983191569e+01
s365        , -2.184332997178521e+01, -2.147531369257013e+01,  7.618845205197520e+01,  3.211652932797180e-01,  1.391045737583827e+01
s366        , -2.293131491804218e+01, -2.274903745315525e+01,  6.604150129305155e+01,  2.385529386714523e-01,  1.563203657952656e+01
s367        , -2.320311495695380e+01, -2.303760045247877e+01,  6.185874163854592e+01,  3.320706739334589e-01,  1.509121474547532e+01
s368        , -1.944159222026194e+01, -1.930622634060016e+01,  7.470367920656879e+01,  0.000000000000000e+00,  1.319803057663501e+01
s369        , -2.221834550731525e+01, -2.246470047445943e+01,  6.015490634661718e+01,  2.069277124342535e-01,  1.511661185039299e+01
s370        , -1.739352775780219e+01, -1.790548608674513e+01,  7.629655144791620e+01,  0.000000000000000e+00,  1.138439176858629e+01
s371        , -2.131349702655302e+01, -2.095946732176427e+01,  5.028381737654765e+01,  0.000000000000000e+00,  1.396908927790588e+01
s372        , -2.230067528571091e+01, -2.162041103986217e+01,  6.036644596863216e+01,  1.140510174390015e-01,  1.465354538192490e+01
s373        , -1.609460498694387e+01, -1.617225029782441e+01,  8.272331040683213e+01,  0.000000000000000e+00,  9.410978518745713e+00
s374        , -1.846307154319872e+01, -1.877081565226888e+01,  7.526224611340085e+01,  1.387820206685738e-01,  1.149225168605967e+01
s375        , -2.092466765927065e+01, -2.088029068829970e+01,  5.610489964698791e+01,  0.000000000000000e+00,  1.421478922008639e+01
s376        , -2.335896110191541e+01, -2.403933031222398e+01,  5.481243266591005e+01,  2.028188743592945e-01,  1.696947596682559e+01
s377        , -2.209438728501526e+01, -2.270798744488640e+01,  5.995384671046371e+01,  3.015514396863758e-01,  1.474792092521441e+01
s378        , -2.111108779470583e+01, -2.097531147386385e+01,  6.185320006544416e+01,  0.000000000000000e+00,  1.469364877967337e+01
s379        , -1.875225846070942e+01, -1.873903403454694e+01,  5.850822124042935e+01,  0.000000000000000e+00,  1.144042833827933e+01
s380        , -1.834869608623442e+01, -1.808153466928207e+01,  7.025089466429225e+01,  0.000000000000000e+00,  1.125716707138615e+01
s381        , -2.068155326614140e+01, -2.021665886537535e+01,  5.396557020110910e+01,  0.000000000000000e+00,  1.317970018711688e+01
s382        , -1.804666933121612e+01, -1.831764522553802e+01,  6.868411326635412e+01,  0.000000000000000e+00,  1.148399316093682e+01
s383        , -2.062194236740874e+01, -2.090115593134281e+01,  6.891536097058319e+01,  8.688863031361084e-02,  1.438958334432223e+01
s384        , -1.800916137079852e+01, -1.798077433058100e+01,  7.393255948633777e+01,  0.000000000000000e+00,  1.134343975682669e+01
s385        , -2.216424509641620e+01, -2.172394180881808e+01,  7.420478038707974e+01,  2.076395971861591e-01,  1.495480234123265e+01
s386        , -2.182057698940036e+01, -2.174982686180371e+01,  5.603389068889139e+01,  8.171982660482346e-02,  1.480198156713127e+01
s387        , -1.799817167842237e+01, -1.791900751665529e+01,  6.833462427493133e+01,  0.000000000000000e+00,  1.091907025269803e+01
s388        , -2.351217009702901e+01, -2.365329001233806e+01,  5.966871760082327e+01,  1.717342825464905e-01,  1.696414137425691e+01
s389        , -2.149803565649794e+01, -2.145894509004441e+01,  7.099855456401831e+01,  2.111458116481245e-01,  1.437306984138770e+01
s390        , -2.025125341850577e+01, -1.996258213067042e+01,  5.637301057886397e+01,  0.000000000000000e+00,  1.297944869241107e+01
s391        , -1.925641978436478e+01, -1.933970931611520e+01,  5.859476413053827e+01,  0.000000000000000e+00,  1.226492679261023e+01
s392        , -1.954014294555121e+01, -2.006446705863140e+01,  6.568764844596230e+01,  8.645758283779711e-02,  1.305547357688047e+01
s393        , -2.007195889273447e+01, -2.021141419463423e+01,  6.048515055848241e+01,  0.000000000000000e+00,  1.356867377785590e+01
s394        , -1.933645012315517e+01, -1.884522667888378e+01,  7.429810330845324e+01,  0.000000000000000e+00,  1.254464655346664e+01
s395        , -2.191328817199827e+01, -2.183694691132047e+01,  6.020417832792808e+01,  4.844705095610614e-01,  1.224461061754997e+01
s396        , -1.985518647713905e+01, -1.965789950315574e+01,  6.941293058952292e+01,  3.715230389793233e-01,  1.065377368365364e+01
s397        , -1.859895904181181e+01, -1.874176197909358e+01,  6.793564467484717e+01,  0.000000000000000e+00,  1.201695467030607e+01
s398        , -2.089338265909714e+01, -2.087389279224263e+01,  5.584576801829492e+01,  1.031616351847528e-01,  1.343992930587578e+01
s399        , -1.650074457052408e+01, -1.667912204609723e+01,  7.379038084149768e+01,  0.000000000000000e+00,  9.559522717769433e+00
s400        , -1.659170957499870e+01, -1.679369036327303e+01,  7.957772163666083e+01,  0.000000000000000e+00,  1.006741455144807e+01
s401        , -1.654426837808786e+01, -1.681203397226542e+01,  7.430217953850040e+01,  0.000000000000000e+00,  9.771893323015084e+00
s402        , -1.877939202276407e+01, -1.856141564212874e+01,  6.599200553315461e+01,  0.000000000000000e+00,  1.165289197270022e+01
s403        , -2.106694758002669e+01, -2.085920554118330e+01,  5.580541125418792e+01,  8.677083168881462e-02,  1.353667118597851e+01
s404        , -2.165676773412189e+01, -2.131953309922734e+01,  7.156974477399913e+01,  1.719203951182796e-01,  1.450295840149879e+01
s405        , -2.212611753855641e+01, -2.200172137192127e+01,  6.496406648280083e+01,  2.009782756472319e-01,  1.482064874705715e+01
s406        , -1.885653015374473e+01, -1.880897388503118e+01,  5.894025527211418e+01,  0.000000000000000e+00,  1.156206705383457e+01
s407        , -1.790225292709843e+01, -1.820885550722036e+01,  7.710439250922178e+01,  0.000000000000000e+00,  1.184723082254745e+01
s408        , -1.653237145459570e+01, -1.703985638661233e+01,  7.190863966314393e+01,  0.000000000000000e+00,  9.937182050191840e+00
s409        , -1.984138826084547e+01, -2.004409537783912e+01,  6.403004408766370e+01,  0.000000000000000e+00,  1.355585950825662e+01
s410        , -1.632163885458830e+01, -1.659568237288642e+01,  7.378478634636322e+01,  0.000000000000000e+00,  9.445382327263019e+00
s411        , -1.826950002229553e+01, -1.816247471560546e+01,  7.323770623534801e+01,  0.000000000000000e+00,  1.154903564530227e+01
s412        , -2.254085603631221e+01, -2.257958439992156e+01,  5.181699205027967e+01,  0.000000000000000e+00,  1.627186564568172e+01
s413        , -1.907038707751166e+01, -1.923726204272007e+01,  6.894601795711300e+01,  0.000000000000000e+00,  1.275413979575000e+01
s414        , -1.996831080241482e+01, -1.974689462455838e+01,  5.765510825563682e+01,  0.000000000000000e+00,  1.276317964338590e+01
s415        , -2.069762370804266e+01, -2.013795379124306e+01,  6.253957525864299e+01,  0.000000000000000e+00,  1.359330955750099e+01
s416        , -1.735494379178349e+01, -1.793956548025100e+01,  7.155897578235611e+01,  0.000000000000000e+00,  1.114301861567057e+01
s417        , -1.714858900796163e+01, -1.750288575513042e+01,  6.655720702125285e+01,  0.000000000000000e+00,  1.024354120747453e+01
s418        , -2.014294405560549e+01, -2.006755363781452e+01,  5.438031869469685e+01,  0.000000000000000e+00,  1.300154066915580e+01
s419        , -1.771416578387462e+01, -1.780579785917114e+01,  7.218194479113517e+01,  0.000000000000000e+00,  1.099842890626034e+01
s420        , -2.335906844703241e+01, -2.316778444048813e+01,  5.925874093278526e+01,  1.829560967278861e-01,  1.619544064063693e+01
s421        , -2.045819521600993e+01, -2.045264466010721e+01,  6.218660075568614e+01,  2.986549392628614e-01,  1.182866723729220e+01
s422        , -1.913624718404630e+01, -1.914985278688668e+01,  6.461907066563366e+01,  0.000000000000000e+00,  1.237202208001072e+01
s423        , -2.001718266940652e+01, -1.982273627148163e+01,  6.600484367200907e+01,  0.000000000000000e+00,  1.337394340053949e+01
s424        , -2.199980092896302e+01, -2.205593632456022e+01,  6.136395320881390e+01,  3.737469009899735e-01,  1.341914455260729e+01
s425        , -1.799669141475633e+01, -1.837108251852126e+01,  7.058172632166051e+01,  0.000000000000000e+00,  1.167217249901363e+01
s426        , -2.179879403652462e+01, -2.117541119731733e+01,  6.032162772817031e+01,  1.241420135283632e-01,  1.397050133716619e+01
s427        , -1.855895626610580e+01, -1.880279737393700e+01,  6.834694270457661e+01,  0.000000000000000e+00,  1.212518899849137e+01
s428        , -2.201089453299450e+01, -2.228558145849533e+01,  5.774699898450252e+01,  7.253211251792625e-02,  1.570359698226117e+01
s429        , -2.010895188317044e+01, -2.016812167519861e+01,  6.338825071816397e+01,  1.074449670095640e-01,  1.290447366763037e+01
s430        , -2.197039083997888e+01, -2.189806375511709e+01,  6.892832722217398e+01,  3.939439194517714e-01,  1.351652395519842e+01
s431        , -2.053790779896415e+01, -2.049255034334193e+01,  5.521104198826449e+01,  0.000000000000000e+00,  1.363165326551225e+01
s432        , -2.056150222449639e+01, -1.987687214267808e+01,  6.935719696683702e+01,  2.966698123984859e-01,  1.149351278391562e+01
s433        , -1.961788415450921e+01, -1.964160955372567e+01,  8.304548100006232e+01,  8.598964901206749e-02,  1.353681031401948e+01
s434        , -2.169585176655818e+01, -2.104000502828606e+01,  6.881749887123863e+01,  1.581413342494385e-01,  1.405472238494031e+01
s435        , -1.969212203292086e+01, -1.990004797912340e+01,  6.059769225928821e+01,  0.000000000000000e+00,  1.315085019370129e+01
s436        , -1.841763911968392e+01, -1.818834148031856e+01,  6.021563278217396e+01,  0.000000000000000e+00,  1.079309941108426e+01
s437        , -2.085473352476042e+01, -1.991846026618341e+01,  8.775886533058693e+01,  1.023289565782655e-01,  1.408192959054166e+01
s438        , -2.075193174001312e+01, -2.085201558032096e+01,  6.487855405205319e+01,  8.807827671884184e-02,  1.406863465901897e+01
s439        , -1.747889033992054e+01, -1.781530933131508e+01,  6.424391983221847e+01,  0.000000000000000e+00,  1.052909063548621e+01
s440        , -2.292628299240021e+01, -2.283185350748494e+01,  6.815948304797539e+01,  1.237844188972493e-01,  1.670849095145359e+01
s441        , -1.928590410708185e+01, -1.894428328832458e+01,  6.038962496890713e+01,  0.000000000000000e+00,  1.183467386477541e+01
s442        , -2.265396374356312e+01, -2.247676668222603e+01,  5.457014989392524e+01,  4.963604718851015e-02,  1.593786813510100e+01
s443        , -1.939450551490213e+01, -1.914500796589152e+01,  6.342226211853142e+01,  0.000000000000000e+00,  1.229269687642633e+01
s444        , -2.014197468633274e+01, -2.024765266189439e+01,  6.406552482792389e+01,  8.015244768924468e-02,  1.325261763401860e+01
s445        , -2.136890748153691e+01, -2.138779153442386e+01,  5.774175740153760e+01,  2.380188318478497e-02,  1.483327373628776e+01
s446        , -1.984877428373165e+01, -1.965046419060626e+01,  6.609611343608294e+01,  0.000000000000000e+00,  1.314453300173797e+01
s447        , -2.124129540469972e+01, -2.128341669453650e+01,  7.023052719071573e+01,  2.985163781261770e-01,  1.345148139752708e+01
s448        , -1.996883442559681e+01, -2.014212955871538e+01,  6.875572171306305e+01,  5.861172535708874e-02,  1.355035794055736e+01
s449        , -2.213132573342666e+01, -2.216863066266853e+01,  7.047657005292704e+01,  2.200303787071583e-01,  1.524464419093716e+01
s450        , -2.393776981346641e+01, -2.296321921265129e+01,  6.183814194119065e+01,  2.329637065784221e-01,  1.570941313608402e+01
s451        , -1.778758837631850e+01, -1.797237905091387e+01,  6.802754331711859e+01,  0.000000000000000e+00,  1.097320374059862e+01
s452        , -2.093231028730361e+01, -2.104105092497272e+01,  6.174411859989465e+01,  0.000000000000000e+00,  1.477668079509072e+01
s453        , -1.913112365245808e+01, -1.916060587557097e+01,  6.434947638734567e+01,  0.000000000000000e+00,  1.237030742343517e+01
s454        , -1.694745233262931e+01, -1.766292392641466e+01,  7.520939301506263e+01,  0.000000000000000e+00,  1.098751443310090e+01
s455        , -1.959305905778561e+01, -1.945439388110567e+01,  6.356882416618040e+01,  0.000000000000000e+00,  1.272356261885064e+01
s456        , -1.690137029519855e+01, -1.722325128549481e+01,  7.894465464949079e+01,  0.000000000000000e+00,  1.061481292016045e+01
s457        , -1.744399185749123e+01, -1.760499960581260e+01,  6.190604064164418e+01,  0.000000000000000e+00,  1.010020807450448e+01
s458        , -2.020627098912283e+01, -2.023510963638707e+01,  6.633894550428022e+01,  1.277929360280968e-01,  1.302710956943502e+01
s459        , -1.884232545378780e+01, -1.933496968939551e+01,  7.455430340313319e+01,  1.947566889918756e-01,  1.181151233720206e+01
s460        , -2.233016805188693e+01, -2.204566383331431e+01,  6.845393218387296e+01,  1.455432520785847e-01,  1.549585277668621e+01
s461        , -1.623645396367353e+01, -1.650266175461636e+01,  6.852658780095921e+01,  0.000000000000000e+00,  8.999029084067216e+00
s462        , -2.313545884021418e+01, -2.278551971751076e+01,  5.882517668714760e+01,  2.369994734569986e-01,  1.525463278638868e+01
s463        , -2.090493117250811e+01, -2.052707786693416e+01,  6.520949633988018e+01,  0.000000000000000e+00,  1.428624550679425e+01
s464        , -1.633431188033305e+01, -1.653985474199962e+01,  8.262395815613908e+01,  0.000000000000000e+00,  9.906304854024759e+00
s465        , -1.999082968954132e+01, -2.024205745832950e+01,  5.945913253763030e+01,  0.000000000000000e+00,  1.354812669163080e+01
s466        , -1.900684695054017e+01, -1.800949666500556e+01,  6.346144376628713e+01,  0.000000000000000e+00,  1.074639311871643e+01
s467        , -1.783078222536251e+01, -1.801793661216052e+01,  6.927059743178307e+01,  0.000000000000000e+00,  1.111086549505184e+01
s468        , -1.945030486126850e+01, -1.843784364521888e+01,  6.254391926782521e+01,  0.000000000000000e+00,  1.127485233042290e+01
s469        , -2.270314762369042e+01, -2.252917118084473e+01,  5.859050283367945e+01,  1.263980266792622e-01,  1.569525516497014e+01
s470        , -2.119907484802825e+01, -2.123337901154883e+01,  6.398961997748727e+01,  1.189522037941739e-01,  1.431017735045052e+01
s471        , -1.972012875359749e+01, -1.989431286158094e+01,  5.592403573344780e+01,  0.000000000000000e+00,  1.285905910896535e+01
s472        , -1.766462305551830e+01, -1.786462583939415e+01,  7.306952734302463e+01,  0.000000000000000e+00,  1.113259144033673e+01
s473        , -2.127822401317911e+01, -2.121773454710694e+01,  6.731693469416413e+01,  7.750242956162715e-02,  1.479250875666726e+01
s474        , -1.654177405306909e+01, -1.684095055165315e+01,  7.633508281503040e+01,  0.000000000000000e+00,  9.934849881429388e+00
s475        , -2.297159509003216e+01, -2.308975983551835e+01,  6.030763727934466e+01,  1.799376099892923e-01,  1.617471226439854e+01
s476        , -2.252587602064435e+01, -2.352946913864398e+01,  5.676150231395275e+01,  4.636904171028356e-01,  1.449496022146822e+01
s477        , -2.178946083596680e+01, -2.120267142565961e+01,  8.156158616105671e+01,  2.356372094324856e-01,  1.448720345829865e+01
s478        , -1.788602657411998e+01, -1.848388268523927e+01,  7.270928174463781e+01,  1.122745234443959e-01,  1.113861024981563e+01
s479        , -1.952938513246325e+01, -1.894090383294662e+01,  6.304830318375276e+01,  0.000000000000000e+00,  1.199160477222104e+01
s480        , -2.203955610850313e+01, -2.215366687028958e+01,  5.420939932354884e+01,  2.670174096956992e-01,  1.389407016870879e+01
s481        , -1.615402914764109e+01, -1.655433427982424e+01,  8.216544433847740e+01,  0.000000000000000e+00,  9.898193910232713e+00
s482        , -2.215324565636576e+01, -2.242292864315029e+01,  5.903264508410717e+01,  3.052490464852129e-01,  1.427627126314562e+01
s483        , -2.217560840271064e+01, -2.164346200318685e+01,  6.871355466448058e+01,  2.252815373972033e-01,  1.438306841978405e+01
s484        , -2.403070638423247e+01, -2.471299362975106e+01,  5.299307631829483e+01,  2.621835324464241e-01,  1.734590504553633e+01
s485        , -1.896886917982663e+01, -1.880746947999601e+01,  7.928929084185303e+01,  0.000000000000000e+00,  1.279641301237167e+01
s486        , -2.293847835350512e+01, -2.283108647538434e+01,  6.353699499169910e+01,  1.417662308132499e-01,  1.629578640272527e+01
s487        , -1.935879902533930e+01, -1.969451947395191e+01,  6.864357542735578e+01,  2.247745689236861e-01,  1.172440915171407e+01
s488        , -2.071941340396909e+01, -2.044830037834190e+01,  5.731824234527459e+01,  0.000000000000000e+00,  1.369933477123674e+01
s489        , -2.120929532988995e+01, -2.126452834081669e+01,  5.929777560253585e+01,  0.000000000000000e+00,  1.493283523706653e+01
s490        , -2.336106814107168e+01, -2.277632603378630e+01,  5.860662255867879e+01,  1.350540094094040e-01,  1.597035759641332e+01
s491        , -1.878377211600346e+01, -1.894743435789994e+01,  6.259555474840226e+01,  0.000000000000000e+00,  1.197300274781819e+01
s492        , -2.196689093989351e+01, -2.206457112783024e+01,  6.975711996111357e+01,  1.663497003429535e-01,  1.544947644120042e+01
s493        , -2.118321097196467e+01, -2.049153023346373e+01,  6.647068168696502e+01,  3.144949123377700e-01,  1.202678197459420e+01
s494        , -2.014379663919148e+01, -2.036451211443810e+01,  6.676864491922836e+01,  0.000000000000000e+00,  1.415926085373197e+01
s495        , -1.971897958689983e+01, -1.993074209217261e+01,  5.759011599850611e+01,  0.000000000000000e+00,  1.300997391891361e+01
s496        , -2.171934681583978e+01, -2.103341611097270e+01,  6.264060491248350e+01,  1.648320346968486e-01,  1.362176322779444e+01
s497        , -1.930074135275753e+01, -1.925754270634972e+01,  6.381888131513968e+01,  2.289148398179912e-02,  1.230376670428985e+01
s498        , -2.146882601091719e+01, -2.179893768702904e+01,  6.270990757982402e+01,  2.672806577904935e-01,  1.392483936958388e+01
s499        , -1.852368794388046e+01, -1.855616101371461e+01,  6.364807649582910e+01,  0.000000000000000e+00,  1.150330934928207e+01
s500        , -2.050589701281523e+01, -2.064538707598356e+01,  7.386313116663227e+01,  1.704696534100935e-01,  1.373341170808192e+01
s501        , -2.141899489528082e+01, -2.137703541660271e+01,  7.366591965401307e+01,  2.206040939358949e-01,  1.435462514803555e+01
s502        , -1.777920620854658e+01, -1.762981756564650e+01,  6.155366865264244e+01,  0.000000000000000e+00,  1.011264647258088e+01
s503        , -2.264989988763092e+01, -2.262541361399078e+01,  5.849407953337597e+01,  1.783917907197215e-01,  1.544245983772722e+01
s504        , -1.994570445298742e+01, -2.008235586143623e+01,  6.121535273395246e+01,  0.000000000000000e+00,  1.343702233901355e+01
s505        , -2.256898602446125e+01, -2.248971627967121e+01,  5.444974863028877e+01,  1.586582415460603e-01,  1.515519555640092e+01
s506        , -2.050664132584332e+01, -2.019526992941249e+01,  6.077240825662015e+01,  0.000000000000000e+00,  1.356410881706434e+01
s507        , -2.255451727781655e+01, -2.194650309987382e+01,  7.601236871985701e+01,  2.878048410007581e-01,  1.478505871206251e+01
s508        , -2.063695726234980e+01, -2.028517703351284e+01,  6.718521926591943e+01,  1.995163456034248e-02,  1.393124278837736e+01
s509        , -2.049565878814769e+01, -2.037302878516282e+01,  6.670381185494581e+01,  7.302593508167028e-02,  1.363575251554410e+01
s510        , -1.886667658587990e+01, -1.887685208299503e+01,  6.970299405461581e+01,  1.477559566901768e-01,  1.123381788830528e+01
s511        , -2.270091090950000e+01, -2.335671148673638e+01,  6.150749431266469e+01,  2.983041914904111e-01,  1.575071222087609e+01
s512        , -2.052865138648571e+01, -2.069597470991515e+01,  6.588130259754124e+01,  2.143892015968087e-02,  1.440147171471724e+01
s513        , -1.872228566034903e+01, -1.897952600794771e+01,  6.009803754034237e+01,  0.000000000000000e+00,  1.186502347168211e+01
s514        , -2.338235400416073e+01, -2.368975149381641e+01,  5.326136830536213e+01,  1.976331562264172e-01,  1.643617611591547e+01
s515        , -2.063189590001077e+01, -2.102816478979200e+01,  6.972284873085592e+01,  0.000000000000000e+00,  1.524388970715969e+01
s516        , -2.353360034901451e+01, -2.360432531223450e+01,  5.965685560288900e+01,  2.494996946857447e-01,  1.633098011813252e+01
s517        , -2.274108402549141e+01, -2.260940704459487e+01,  5.388869674483289e+01,  1.292746730648383e-01,  1.549808206942169e+01
s518        , -2.095244706423326e+01, -2.137289037520663e+01,  6.613540031996908e+01,  0.000000000000000e+00,  1.549607729097999e+01
s519        , -2.165153402286209e+01, -2.181136651470726e+01,  6.838566193762900e+01,  4.563276779055250e-01,  1.291153413779788e+01
s520        , -1.917430642162448e+01, -1.972214230565092e+01,  6.164978783649302e+01,  1.469670993491399e-01,  1.190310894601459e+01
s521        , -2.048146586988528e+01, -1.940054758902660e+01,  5.888688658237002e+01,  0.000000000000000e+00,  1.236565122136660e+01
s522        , -1.837039701152461e+01, -1.856585325605654e+01,  6.858717565128788e+01,  0.000000000000000e+00,  1.181662558753012e+01
s523        , -2.237538522976599e+01, -2.215139478613308e+01,  6.074275076313207e+01,  1.072103384606226e-01,  1.545035831006585e+01
s524        , -2.219430447580721e+01, -2.285327959195524e+01,  5.795653866933358e+01,  4.748378957213200e-01,  1.356425278087907e+01
s525        , -2.096151325596525e+01, -2.063395690491001e+01,  6.239128108597065e+01,  0.000000000000000e+00,  1.426078068958011e+01
s526        , -2.193172581512368e+01, -2.199020632956256e+01,  5.630517097637899e+01,  1.738750455260954e-01,  1.447598007865737e+01
s527        , -2.063376120076111e+01, -2.129417861386985e+01,  6.206792313191779e+01,  3.311905771907223e-01,  1.273253378605974e+01
s528        , -1.776721144005281e+01, -1.795669178471813e+01,  7.395005258157590e+01,  0.000000000000000e+00,  1.131165728132457e+01
s529        , -2.226349149791107e+01, -2.286415933355275e+01,  5.420760788177709e+01,  2.457677924724254e-01,  1.501754529470892e+01
s530        , -2.300566448791293e+01, -2.234429321580833e+01,  6.341587663175687e+01,  8.118851804207723e-02,  1.606514424096265e+01
s531        , -1.846679125419261e+01, -1.773829059368000e+01,  6.755514805555698e+01,  0.000000000000000e+00,  1.062523611354124e+01
s532        , -1.859817726729017e+01, -1.924040536936205e+01,  6.764631548207306e+01,  0.000000000000000e+00,  1.267945756288998e+01
s533        , -2.134099683522431e+01, -2.215965770102613e+01,  5.829459521516143e+01,  1.824054067825222e-01,  1.476591623920543e+01
s534        , -2.286936511308830e+01, -2.282522665114386e+01,  6.366645452657566e+01,  2.047808622179216e-01,  1.583729699624593e+01
s535        , -1.777040539985326e+01, -1.789746000871221e+01,  7.083682079412092e+01,  0.000000000000000e+00,  1.104171463067964e+01
s536        , -1.995222678224889e+01, -1.991300737634214e+01,  6.386490562883886e+01,  3.589424536733915e-02,  1.310594758547707e+01
s537        , -2.015268820600640e+01, -2.058699615823981e+01,  6.922842703403860e+01,  1.900745739252876e-01,  1.322956734080835e+01
s538        , -1.740140208992538e+01, -1.770003679665109e+01,  6.917708332299917e+01,  1.205814722639118e-02,  1.058390112673434e+01
s539        , -1.924950405987826e+01, -1.985482090231636e+01,  6.909163227028974e+01,  1.431376587101215e-02,  1.350113716033931e+01
s540        , -2.157643164881004e+01, -2.172064386185159e+01,  6.786910270663803e+01,  3.778990386186180e-01,  1.332689830253135e+01
s541        , -1.586673793577160e+01, -1.602269673720998e+01,  7.931254082331436e+01,  0.000000000000000e+00,  8.999770868235213e+00
s542        , -2.009907109345192e+01, -1.996245738164294e+01,  6.283532901346158e+01,  0.000000000000000e+00,  1.337192595920160e+01
s543        , -1.879069098033760e+01, -1.797095768434205e+01,  6.860744324632779e+01,  0.000000000000000e+00,  1.100649963317823e+01
s544        , -2.248614661420541e+01, -2.230507769446170e+01,  6.871446495231528e+01,  3.864229995165472e-01,  1.411334851630438e+01
s545        , -1.987972862262733e+01, -1.989553218538885e+01,  7.178860999664862e+01,  1.544957289900582e-01,  1.270085677365125e+01
s546        , -2.126472237694319e+01, -2.086102833190362e+01,  5.160811705270051e+01,  0.000000000000000e+00,  1.391529558052589e+01
s547        , -1.738356621674509e+01, -1.758047296519354e+01,  7.004408130403530e+01,  0.000000000000000e+00,  1.056122053803580e+01
s548        , -1.943625792183643e+01, -1.966438495993413e+01,  7.394594302407654e+01,  1.242122843359851e-01,  1.273696094547664e+01
s549        , -2.233202963006129e+01, -2.323377462207492e+01,  5.082686354207389e+01,  2.692157902891524e-01,  1.514567949532016e+01
s550        , -2.412763530103872e+01, -2.421632860862091e+01,  5.613113396069804e+01,  2.275469596733269e-01,  1.711113138231590e+01
s551        , -1.731823103856605e+01, -1.725007565997636e+01,  7.752665618597530e+01,  0.000000000000000e+00,  1.056524083754167e+01
s552        , -2.060923402045430e+01, -2.097726692006301e+01,  5.994120520201482e+01,  1.094420779852945e-01,  1.378407108205701e+01
s553        , -1.992869680942914e+01, -1.976651895827970e+01,  6.165102429298700e+01,  2.124533320538727e-02,  1.287819773331189e+01
s554        , -1.812921854031919e+01, -1.791335741698170e+01,  7.068232331559967e+01,  0.000000000000000e+00,  1.105400935992092e+01
s555        , -2.102602816640752e+01, -2.023146926420531e+01,  6.791813289448564e+01,  2.901119981213742e-01,  1.193739963474790e+01
s556        , -1.941820686683750e+01, -1.959979118911308e+01,  6.311192009140455e+01,  1.458080526656967e-01,  1.183350778312954e+01
s557        , -2.190718211184164e+01, -2.118224997680346e+01,  6.904639836479156e+01,  2.254788251408355e-01,  1.377282572994624e+01
s558        , -1.909304407213536e+01, -1.919162119067510e+01,  6.081742236275810e+01,  1.568970484133220e-02,  1.208387656946085e+01
s559        , -2.023025085829861e+01, -2.006470379622027e+01,  5.914391366122004e+01,  0.000000000000000e+00,  1.328708764342597e+01
s560        , -2.107002513254548e+01, -2.127383268526348e+01,  6.407982780923318e+01,  0.000000000000000e+00,  1.523608033661852e+01
s561        , -2.121559386756793e+01, -2.100345506948035e+01,  6.503067879773147e+01,  3.305430020152940e-01,  1.252075208371225e+01
s562        , -1.764234380631898e+01, -1.813014151374127e+01,  7.282716536055621e+01,  0.000000000000000e+00,  1.147999324539413e+01
s563        , -1.646928563220792e+01, -1.649845788131531e+01,  8.282616089554607e+01,  0.000000000000000e+00,  9.862130856534749e+00
s564        , -1.863449571719480e+01, -1.830519400030127e+01,  6.803369153363475e+01,  0.000000000000000e+00,  1.142749205093428e+01
s565        , -2.028655126138008e+01, -2.056840466187699e+01,  5.867909363727264e+01,  0.000000000000000e+00,  1.394582551120427e+01
s566        , -1.821002786093300e+01, -1.838318429351224e+01,  6.608698305669854e+01,  0.000000000000000e+00,  1.141557921735863e+01
s567        , -2.066943738863287e+01, -2.088136262716202e+01,  5.517662547129896e+01,  2.656863913021529e-02,  1.396659158415362e+01
s568        , -2.062629415098700e+01, -2.071373221431915e+01,  5.798175327238899e+01,  9.726866545280035e-03,  1.403091020611629e+01
s569        , -2.065075063553067e+01, -2.081517091413810e+01,  7.063087712392390e+01,  9.859454664995744e-02,  1.429139743359223e+01
s570        , -2.031634942577389e+01, -2.042734289675181e+01,  5.873344897145823e+01,  0.000000000000000e+00,  1.375673887454256e+01
s571        , -2.047206271335130e+01, -2.036965382491732e+01,  6.297263799828112e+01,  0.000000000000000e+00,  1.393562987123336e+01
s572        , -2.393038589894997e+01, -2.333015983348514e+01,  6.028354876901715e+01,  1.065008232067363e-01,  1.703529506879304e+01
s573        , -1.926109501090367e+01, -1.889739830817922e+01,  6.781793961085468e+01,  0.000000000000000e+00,  1.222206994885711e+01
s574        , -2.085894290369713e+01, -2.049186381889955e+01,  6.363328715533599e+01,  0.000000000000000e+00,  1.414244856641143e+01
s575        , -2.021973442813006e+01, -2.064896851292414e+01,  6.487122925455125e+01,  9.619142501511316e-02,  1.373224638651599e+01
s576        , -1.844714179521902e+01, -1.844855017713600e+01,  6.185172479191152e+01,  0.000000000000000e+00,  1.124739718881762e+01
s577        , -1.949977509463960e+01, -1.922504096089416e+01,  6.174390657041384e+01,  5.861050468268304e-02,  1.187354697295929e+01
s578        , -2.108198153892643e+01, -2.066841933276831e+01,  7.104877367898331e+01,  7.217263113062805e-02,  1.430883010784320e+01
s579        , -2.029210259566103e+01, -2.052378992995525e+01,  5.983505538801299e+01,  0.000000000000000e+00,  1.395521271676762e+01
s580        , -2.195204710511243e+01, -2.196338493104590e+01,  6.827675280012275e+01,  2.099880116452889e-01,  1.490410417321991e+01
s581        , -2.000078291173359e+01, -2.026793809932155e+01,  5.690523085794592e+01,  0.000000000000000e+00,  1.342825054221829e+01
s582        , -2.354247422413414e+01, -2.342059574113865e+01,  6.257962039110048e+01,  3.079418779570315e-01,  1.583287986263723e+01
s583        , -1.881717670098672e+01, -1.929017941606278e+01,  6.642635067674445e+01,  0.000000000000000e+00,  1.267321817223502e+01
s584        , -2.079214981383572e+01, -2.060182089866399e+01,  5.138127844441140e+01,  6.322721118551411e-03,  1.350199800229880e+01
s585        , -2.214462266832296e+01, -2.238657152549662e+01,  5.535741615678911e+01,  2.316610298081437e-01,  1.453865312328435e+01
s586        , -1.671124709479596e+01, -1.684587229093430e+01,  7.069005282534386e+01,  0.000000000000000e+00,  9.598573121860897e+00
s587        , -1.722924462132460e+01, -1.748795497575011e+01,  6.582186337785562e+01,  0.000000000000000e+00,  1.017849850463892e+01
s588        , -2.306180681354529e+01, -2.348056174282316e+01,  6.259815332324236e+01,  4.113009259858581e-01,  1.516396616537394e+01
s589        , -2.054966159202169e+01, -2.056357590223140e+01,  7.988312134846613e+01,  7.744142274350274e-02,  1.466428381476465e+01
s590        , -2.302597507766974e+01, -2.313496877531114e+01,  7.015764017213372e+01,  2.597407954068861e-01,  1.625437080770972e+01
s591        , -2.031576031139625e+01, -2.040872049060540e+01,  6.366146695223930e+01,  0.000000000000000e+00,  1.403076446043130e+01
s592        , -1.675983730084032e+01, -1.684397462537211e+01,  7.000648867986546e+01,  0.000000000000000e+00,  9.554451927968445e+00
s593        , -1.833051427645905e+01, -1.885866105928590e+01,  7.054171641286692e+01,  2.116555007028001e-01,  1.079516807827938e+01
s594        , -1.700453572465554e+01, -1.725245362724389e+01,  6.731848782677861e+01,  0.000000000000000e+00,  9.948240589377303e+00
s595        , -2.121342929627275e+01, -2.085571730696626e+01,  5.722563608841783e+01,  2.735941805592537e-01,  1.225926807140859e+01
s596        , -1.895402289388661e+01, -1.910564484892934e+01,  6.865330842991368e+01,  1.205401746356617e-01,  1.168004737387136e+01
s597        , -2.389559541191659e+01, -2.443852624942307e+01,  5.897390904557917e+01,  3.455400778955932e-01,  1.672863236295061e+01
s598        , -1.923753651242740e+01, -1.928627680682604e+01,  6.364662721734960e+01,  1.294080315383432e-01,  1.155769737800565e+01
s599        , -2.358158831573873e+01, -2.306342840245596e+01,  5.962456885537351e+01,  1.750959242923016e-01,  1.613251485100199e+01
s600        , -1.942143232536245e+01, -1.985178034471536e+01,  8.888215701340494e+01,  1.381197441682542e-01,  1.379889855927800e+01
s601        , -2.073803555561576e+01, -2.042714504115292e+01,  5.615335474453514e+01,  0.000000000000000e+00,  1.359970372282023e+01
s602        , -1.821856306700227e+01, -1.790632404813504e+01,  5.876538789187708e+01,  0.000000000000000e+00,  1.032034943977535e+01
s603        , -1.722454836479658e+01, -1.739127327264982e+01,  7.149871389103089e+01,  0.000000000000000e+00,  1.039156043719634e+01
s604        , -1.805154515236764e+01, -1.779177594654270e+01,  6.951221804782385e+01,  4.505200256584502e-02,  1.048938897732969e+01
s605        , -2.021935755598555e+01, -1.917432081859721e+01,  6.807517458949084e+01,  0.000000000000000e+00,  1.261538441611977e+01
s606        , -1.827906736534894e+01, -1.805855610732286e+01,  6.841567961156971e+01,  0.000000000000000e+00,  1.111432061151542e+01
s607        , -2.237721630921111e+01, -2.246846423974004e+01,  6.383106067889404e+01,  2.715352262461370e-01,  1.487515672270770e+01
s608        , -2.098562136420296e+01, -2.107039135011503e+01,  6.724359865822076e+01,  1.056771144369802e-01,  1.438215626338870e+01
s609        , -1.946776205882490e+01, -1.959127425893721e+01,  6.391829596919891e+01,  0.000000000000000e+00,  1.293148275225396e+01
s610        , -2.069261977150295e+01, -2.013780260282797e+01,  8.056198810697403e+01,  1.691332457690702e-01,  1.345787517398978e+01
s611        , -2.170289912291919e+01, -2.150012249564572e+01,  7.261978046247600e+01,  3.048537067787634e-01,  1.384611159628168e+01
s612        , -1.930046031145336e+01, -1.892695051832576e+01,  5.885587539995704e+01,  0.000000000000000e+00,  1.171784440445263e+01
s613        , -2.385958137896088e+01, -2.451791501836558e+01,  5.249551844070679e+01,  3.106535614899262e-01,  1.669704568041845e+01
s614        , -1.933674081040147e+01, -1.934564046405970e+01,  5.958865233074318e+01,  0.000000000000000e+00,  1.233340425560398e+01
s615        , -1.973716697922491e+01, -1.960472842198162e+01,  6.335342879824497e+01,  1.825830273301675e-02,  1.278270194924501e+01
s616        , -1.815004309366292e+01, -1.792631691182909e+01,  7.487132548891645e+01,  0.000000000000000e+00,  1.132620615295482e+01
s617        , -1.832352306169715e+01, -1.784374507465238e+01,  6.774358308795286e+01,  0.000000000000000e+00,  1.078051104002229e+01
s618        , -1.700993990522181e+01, -1.715505145085974e+01,  8.498180948217684e+01,  0.000000000000000e+00,  1.088861220348914e+01
s619        , -2.331208521979489e+01, -2.382092622833302e+01,  5.567341158528792e+01,  4.329996394293219e-01,  1.504959876040769e+01
s620        , -2.294394567846179e+01, -2.332973753011267e+01,  5.700615919850856e+01,  1.949313158600908e-01,  1.619235026550474e+01
s621        , -2.117716243218820e+01, -2.144650013190305e+01,  5.536326543062684e+01,  0.000000000000000e+00,  1.494196126656608e+01
s622        , -2.002792552777272e+01, -1.942251535287753e+01,  7.030532077434816e+01,  2.073826581166386e-01,  1.158090638310814e+01
s623        , -1.988853831837967e+01, -1.998134296760679e+01,  5.781002864790700e+01,  0.000000000000000e+00,  1.309234848349534e+01
s624        , -2.364575476956619e+01, -2.324356884391943e+01,  5.995186158596763e+01,  1.899225871679833e-01,  1.629024035441051e+01
s625        , -2.144171537166414e+01, -2.138907962293480e+01,  6.339281807967665e+01,  3.822512874559468e-01,  1.257105451791261e+01
s626        , -2.037069722396305e+01, -2.032303118250894e+01,  5.944453968457827e+01,  5.158104856728121e-03,  1.362015765164471e+01
s627        , -1.998545144661707e+01, -2.008501526566077e+01,  6.332499990111165e+01,  0.000000000000000e+00,  1.356883057083668e+01
s628        , -2.158119065398551e+01, -2.154323889896301e+01,  5.658292284819603e+01,  2.530512271511322e-01,  1.330733170411377e+01
s629        , -1.843917864187274e+01, -1.835022007427008e+01,  7.338263162770286e+01,  0.000000000000000e+00,  1.181390061599216e+01
s630        , -1.962256463480217e+01, -1.973597731850685e+01,  6.787309319213387e+01,  0.000000000000000e+00,  1.336912983462380e+01
s631        , -2.101091990223662e+01, -2.063155831833780e+01,  6.591996328981712e+01,  1.172774356319346e-01,  1.361884388666149e+01
s632        , -2.022844039713042e+01, -1.991355444356893e+01,  5.374323015589079e+01,  1.851759150892706e-02,  1.261810186785853e+01
s633        , -2.473876586737651e+01, -2.538427118850468e+01,  5.459790059946507e+01,  2.942675460158324e-01,  1.812556905011127e+01
s634        , -2.051539403555230e+01, -2.044478930792553e+01,  6.220253983109378e+01,  0.000000000000000e+00,  1.399131374639726e+01
s635        , -2.382235458298951e+01, -2.510684826283311e+01,  5.135752366872018e+01,  4.008352434659651e-01,  1.677515304115082e+01
s636        , -1.910586081968059e+01, -1.959899680983821e+01,  7.731755405046324e+01,  1.231331886542908e-01,  1.286048706243918e+01
s637        , -1.917066616024459e+01, -1.925393090876465e+01,  6.014841181983510e+01,  0.000000000000000e+00,  1.224233550055599e+01
s638        , -2.192001400012589e+01, -2.188886337119595e+01,  5.963594911947845e+01,  2.950165836120813e-01,  1.365896476083977e+01
s639        , -2.010078758798683e+01, -1.969035048436664e+01,  6.714908951429510e+01,  1.651595455456635e-02,  1.314277515193250e+01
s640        , -1.983289623130970e+01, -1.988886511260909e+01,  5.901822438038312e+01,  2.380212304749480e-02,  1.286649584605885e+01
s641        , -2.307886864739055e+01, -2.282722863618154e+01,  6.033222789769852e+01,  1.750462270333231e-01,  1.585372871735673e+01
s642        , -2.260273435105626e+01, -2.297910564435107e+01,  5.878956461227142e+01,  2.545374516774631e-01,  1.538892430913656e+01
s643        , -2.012782689900612e+01, -1.961855916910099e+01,  6.472439669551174e+01,  0.000000000000000e+00,  1.301767399173636e+01
s644        , -1.902512926743999e+01, -1.811145153061447e+01,  6.246280106788623e+01,  2.507762587164719e-03,  1.080652749985080e+01
s645        , -2.049081123370357e+01, -2.038766537851341e+01,  5.988947646648808e+01,  0.000000000000000e+00,  1.377286376892369e+01
s646        , -2.159630341817387e+01, -2.211576467912051e+01,  5.453573385349157e+01,  1.494826763144222e-01,  1.471714269485131e+01
s647        , -2.046804100673445e+01, -2.050022874597213e+01,  5.350479372971461e+01,  0.000000000000000e+00,  1.353845473597210e+01
s648        , -2.112203592795417e+01, -2.079313055737775e+01,  6.615963758664792e+01,  1.872578725652946e-01,  1.334473714951294e+01
s649        , -2.130712394597167e+01, -2.165465652666992e+01,  5.551353482533030e+01,  1.263386760210395e-01,  1.431601160128836e+01
s650        , -1.872664219670308e+01, -1.823223618412950e+01,  7.054323086027320e+01,  0.000000000000000e+00,  1.148046584099941e+01
s651        , -2.286060777226206e+01, -2.279010576954904e+01,  6.032469921424697e+01,  1.241785714692094e-01,  1.617264787294776e+01
s652        , -2.513277458672901e+01, -2.547370792601037e+01,  5.622187948445682e+01,  2.413242991405339e-01,  1.873132576248845e+01
s653        , -2.212366926194319e+01, -2.171629798717112e+01,  6.969694086308270e+01,  2.604861978939081e-01,  1.428608113500775e+01
s654        , -2.219498706816524e+01, -2.215403912062426e+01,  6.904157207041567e+01,  2.474502934032601e-01,  1.493810326988803e+01
s655        , -2.136195741190379e+01, -2.132366030033145e+01,  6.765381980929449e+01,  1.917451839200417e-01,  1.412645370250185e+01
s656        , -2.204727614381470e+01, -2.140015482682988e+01,  6.370053850009347e+01,  8.825649510008261e-02,  1.474335072215601e+01
s657        , -2.036339525797458e+01, -2.018664207139134e+01,  5.680342189998123e+01,  0.000000000000000e+00,  1.331118784984449e+01
s658        , -1.602366185676991e+01, -1.649147721877395e+01,  7.145910333108048e+01,  0.000000000000000e+00,  9.161953139004774e+00
s659        , -1.871169938684588e+01, -1.907556787518973e+01,  6.454698202710367e+01,  0.000000000000000e+00,  1.226632739803797e+01
s660        , -2.183022460938435e+01, -2.145027442741779e+01,  5.065688561206033e+01,  0.000000000000000e+00,  1.466115148817675e+01
s661        , -2.183692812512830e+01, -2.246395939047381e+01,  5.327372411887801e+01,  2.131625799647695e-01,  1.465215181979173e+01
s662        , -1.575332316936146e+01, -1.618677532839919e+01,  7.490869456155099e+01,  0.000000000000000e+00,  8.955976345446677e+00
s663        , -2.161244100467384e+01, -2.153217597366540e+01,  5.850024618002328e+01,  1.130956745198616e-01,  1.442676431160421e+01
s664        , -1.792030659393350e+01, -1.815680255105563e+01,  6.518624962386698e+01,  0.000000000000000e+00,  1.105209688642420e+01
s665        , -2.036353189911458e+01, -2.008456126232573e+01,  6.901119973126643e+01,  1.362923702848178e-01,  1.292232258090890e+01
s666        , -1.896012969757172e+01, -1.838400640015697e+01,  6.236057621068568e+01,  0.000000000000000e+00,  1.119028574484320e+01
s667        , -1.834472710605888e+01, -1.888003601750703e+01,  6.328901849653872e+01,  9.270704187385792e-02,  1.124887155080778e+01
s668        , -2.315183675604283e+01, -2.336211024477074e+01,  5.652491415943926e+01,  3.799214592947263e-01,  1.486165883131973e+01
s669        , -2.168824836514504e+01, -2.127963184875748e+01,  4.984985485115268e+01,  0.000000000000000e+00,  1.437938319635824e+01
s670        , -1.765957516951316e+01, -1.785854282244699e+01,  7.764076771330998e+01,  0.000000000000000e+00,  1.140204142489034e+01
s671        , -1.925271531654228e+01, -1.932367635013845e+01,  6.285003589757699e+01,  6.162152632648888e-02,  1.205337832170705e+01
s672        , -2.010246672918431e+01, -2.015798271987877e+01,  7.387574945389908e+01,  2.986091054834561e-01,  1.213734858377546e+01
s673        , -2.045224673553428e+01, -2.065844006808840e+01,  5.589095732240851e+01,  0.000000000000000e+00,  1.389921583185920e+01
s674        , -1.961862741224291e+01, -1.964653008079953e+01,  6.074317820871865e+01,  1.532607384855132e-02,  1.270244498393146e+01
s675        , -1.819835804307071e+01, -1.861237311273916e+01,  6.382186960181555e+01,  0.000000000000000e+00,  1.159053466517055e+01
s676        , -2.030955144796039e+01, -2.004696711714258e+01,  6.061276460011194e+01,  0.000000000000000e+00,  1.335214389042429e+01
s677        , -1.708028116046972e+01, -1.729507094112047e+01,  7.078035064603890e+01,  0.000000000000000e+00,  1.021670600869125e+01
s678        , -1.996975063415185e+01, -1.961094711977657e+01,  6.101064314340449e+01,  0.000000000000000e+00,  1.278164627503913e+01
s679        , -2.075675552323975e+01, -2.063930802159347e+01,  5.859031465540616e+01,  0.000000000000000e+00,  1.403713397147316e+01
s680        , -1.844365265503332e+01, -1.881054621877356e+01,  6.589793015161494e+01,  0.000000000000000e+00,  1.198695653585989e+01
s681        , -1.908965101407623e+01, -1.886118621258287e+01,  8.766217559102057e+01,  1.263885722773335e-01,  1.245906773057804e+01
s682        , -2.132701003782740e+01, -2.144407719100369e+01,  6.812831355964022e+01,  2.126881550152137e-02,  1.555954734923685e+01
s683        , -2.134055790648813e+01, -2.119741768701908e+01,  6.639780306154850e+01,  4.549617788591121e-01,  1.196334473455133e+01
s684        , -2.228765611405496e+01, -2.187590644948814e+01,  5.837639307992119e+01,  1.705698607176859e-01,  1.446997856213854e+01
s685        , -2.220524684044785e+01, -2.229187346066499e+01,  7.861860986431039e+01,  1.401379984072378e-01,  1.648856791117663e+01
s686        , -2.092862014660340e+01, -2.104413332032432e+01,  5.924383834879463e+01,  0.000000000000000e+00,  1.462896892305781e+01
s687        , -2.266843571203506e+01, -2.296258451272410e+01,  5.725915107749060e+01,  3.762030928871665e-01,  1.438841854652308e+01
s688        , -1.791243182954496e+01, -1.795147628669203e+01,  8.118554183618274e+01,  1.345876796057246e-01,  1.076518912705497e+01
s689        , -2.022924986754604e+01, -2.034730520661688e+01,  5.645139159991761e+01,  0.000000000000000e+00,  1.350892152428879e+01
s690        , -1.926971843911773e+01, -1.846616917510950e+01,  7.075794231754966e+01,  0.000000000000000e+00,  1.181256468711976e+01
s691        , -1.839442212707931e+01, -1.903934267328107e+01,  7.593299232676507e+01,  1.006833088837800e-01,  1.217636750984857e+01
s692        , -1.811967055159425e+01, -1.857864206307983e+01,  5.927951288846062e+01,  0.000000000000000e+00,  1.126853861561337e+01
s693        , -1.897178714286070e+01, -1.911532528453861e+01,  6.216987259829198e+01,  0.000000000000000e+00,  1.217611910435158e+01
s694        , -2.117746495604092e+01, -2.084095978686485e+01,  5.705308087901860e+01,  2.987940572748445e-01,  1.204535457910931e+01
s695        , -2.262578130233349e+01, -2.225312263939746e+01,  6.733634212324381e+01,  1.266894309670364e-01,  1.584803555142481e+01
s696        , -2.110358706695218e+01, -2.111550452226115e+01,  6.019497924544856e+01,  3.541906782843618e-01,  1.220774635421528e+01
s697        , -2.080079623838923e+01, -2.082487817168562e+01,  5.721258814926787e+01,  0.000000000000000e+00,  1.420651664250340e+01
s698        , -2.284382050270110e+01, -2.273035475833671e+01,  6.316743849642054e+01,  1.274316244420795e-01,  1.624021659466149e+01
s699        , -1.710021253686445e+01, -1.760579527858124e+01,  7.119260687750371e+01,  0.000000000000000e+00,  1.066554063150242e+01
s700        , -1.768315556313765e+01, -1.737799438100447e+01,  8.024952395665547e+01,  0.000000000000000e+00,  1.090514489355520e+01
s701        , -1.903295584190279e+01, -1.936332075025892e+01,  8.064981852250841e+01,  1.563892739813863e-01,  1.249962142759825e+01
s702        , -1.837939645173277e+01, -1.836639542437144e+01,  6.593425530563900e+01,  0.000000000000000e+00,  1.138340179615064e+01
s703        , -2.091048572489854e+01, -2.011989794803929e+01,  6.935089033713561e+01,  3.237339799796328e-01,  1.162772149900116e+01
s704        , -2.101614044515869e+01, -2.105459965744051e+01,  5.870350651678623e+01,  0.000000000000000e+00,  1.461041329043226e+01
s705        , -1.998067347119072e+01, -1.952356554522989e+01,  5.803736492520361e+01,  0.000000000000000e+00,  1.248181460466569e+01
s706        , -2.205053681559340e+01, -2.172546139234652e+01,  6.367475319728807e+01,  1.983868244326527e-01,  1.438437929848286e+01
s707        , -2.095566328486310e+01, -2.082017521708644e+01,  6.313103515483719e+01,  0.000000000000000e+00,  1.455970448329908e+01
s708        , -2.098548818691052e+01, -2.091426825703196e+01,  6.516986434889576e+01,  0.000000000000000e+00,  1.481191300800673e+01
s709        , -2.115794840593145e+01, -2.145373691722705e+01,  6.820055316529466e+01,  3.937846662976167e-02,  1.544538303135428e+01
s710        , -2.144561556804213e+01, -2.191291775774987e+01,  5.731257775782236e+01,  2.844658738756202e-01,  1.362734976257496e+01
s711        , -2.158487030708884e+01, -2.182058172137157e+01,  5.938694569132305e+01,  3.312768358300986e-01,  1.328695433940170e+01
s712        , -1.701606937532507e+01, -1.733971573731857e+01,  7.224461806590875e+01,  0.000000000000000e+00,  1.036656369026571e+01
s713        , -2.069677260469373e+01, -2.064874773726386e+01,  5.624859244397893e+01,  0.000000000000000e+00,  1.390772653917274e+01
s714        , -1.667903695847065e+01, -1.712718604282076e+01,  6.898660800264210e+01,  0.000000000000000e+00,  9.878746674623725e+00
s715        , -1.903979308955687e+01, -1.923757235575665e+01,  6.399934937985084e+01,  0.000000000000000e+00,  1.245400578081391e+01
s716        , -1.775292931769286e+01, -1.803031802854107e+01,  6.051432104460827e+01,  0.000000000000000e+00,  1.059572487224863e+01
s717        , -1.980553907801730e+01, -2.030585218585081e+01,  7.021722698904014e+01,  7.394088906591788e-02,  1.375095082434055e+01
s718        , -2.205506805307129e+01, -2.189734933968134e+01,  6.737128336305473e+01,  1.440687462008451e-01,  1.523851599721952e+01
s719        , -2.211926724507942e+01, -2.214513980803371e+01,  6.134462233695771e+01,  2.219543323478320e-01,  1.464375832979663e+01
s720        , -2.227273745316376e+01, -2.288845205352290e+01,  5.966139869666796e+01,  3.383222584198161e-01,  1.470881339265356e+01
s721        , -1.785735939085095e+01, -1.809112281576677e+01,  7.428323413765558e+01,  0.000000000000000e+00,  1.151524704805075e+01
s722        , -2.185625504194673e+01, -2.200236673910664e+01,  6.369593486815469e+01,  3.685175641403914e-01,  1.352581072750537e+01
s723        , -2.033801839240394e+01, -1.995138322757756e+01,  5.819115335871948e+01,  0.000000000000000e+00,  1.307464439179439e+01
s724        , -2.101306363073858e+01, -2.086682199169026e+01,  5.803231809634934e+01,  1.874441838677515e-01,  1.295007504023640e+01
s725        , -1.977835943733275e+01, -2.043405311874371e+01,  7.285628063493100e+01,  2.385992185265724e-01,  1.288843599701539e+01
s726        , -1.782642809085736e+01, -1.759157093444562e+01,  7.034441570153500e+01,  0.000000000000000e+00,  1.059460484851916e+01
s727        , -2.098840179836340e+01, -2.086693120694301e+01,  6.504658500725317e+01,  0.000000000000000e+00,  1.473986125544507e+01
s728        , -2.135488943619893e+01, -2.093050539744086e+01,  5.864420196456172e+01,  1.222675836470727e-01,  1.354819767991309e+01
s729        , -1.830313789299144e+01, -1.860513438174908e+01,  7.496516637884616e+01,  1.159026427888765e-01,  1.141465706390808e+01
s730        , -1.974102380594271e+01, -1.942588050897972e+01,  6.580881078693410e+01,  0.000000000000000e+00,  1.282077474741319e+01
s731        , -1.858542568590836e+01, -1.785112496510537e+01,  6.106159143549798e+01,  0.000000000000000e+00,  1.038458156789735e+01
s732        , -1.728575125425960e+01, -1.791038114252313e+01,  7.478367723619547e+01,  0.000000000000000e+00,  1.129914644447386e+01
s733        , -2.189672381410002e+01, -2.221478486114646e+01,  5.986749464363812e+01,  2.163934041567936e-01,  1.468944495786918e+01
s734        , -1.907291800543370e+01, -1.915057076080874e+01,  7.047198675784871e+01,  5.305335941513666e-02,  1.234271589486634e+01
s735        , -2.104653345651221e+01, -2.043128703766666e+01,  5.086392802428118e+01,  0.000000000000000e+00,  1.328396978542303e+01
s736        , -1.839280423093862e+01, -1.886215678502852e+01,  7.441029617401860e+01,  1.407770720413149e-01,  1.155055276785412e+01
s737        , -2.165426899727042e+01, -2.171019772507979e+01,  5.683754775210426e+01,  2.576956796617680e-01,  1.351672856631304e+01
s738        , -1.806822955624155e+01, -1.848421058190539e+01,  7.310313149836279e+01,  2.671423563385530e-02,  1.178534614517284e+01
s739        , -1.955458939471557e+01, -1.978640177011123e+01,  6.782872802825307e+01,  1.382093459199775e-01,  1.242988286212224e+01
s740        , -1.834079412742093e+01, -1.825306925461342e+01,  6.852906223102785e+01,  0.000000000000000e+00,  1.138649941005885e+01
s741        , -2.108323768665554e+01, -2.102326389895592e+01,  5.449848565122534e+01,  0.000000000000000e+00,  1.431218046165300e+01
s742        , -1.784982580383593e+01, -1.813727194649072e+01,  6.432134574646807e+01,  0.000000000000000e+00,  1.097290862335469e+01
s743        , -2.007117762213282e+01, -2.061246744137707e+01,  7.387206558380559e+01,  0.000000000000000e+00,  1.492903898581072e+01
s744        , -2.048858578542649e+01, -2.057938268505410e+01,  5.844496651790466e+01,  1.944196776553694e-02,  1.380515331292497e+01
s745        , -2.120349313282904e+01, -2.116325254608453e+01,  5.434301345744327e+01,  1.600221276137327e-01,  1.332967177626812e+01
s746        , -1.892251493836264e+01, -1.885305665047028e+01,  5.843798006587819e+01,  0.000000000000000e+00,  1.159167200253645e+01
s747        , -2.116880416688591e+01, -2.079456836502223e+01,  5.415503451355467e+01,  5.081934928854723e-02,  1.360974683215372e+01
s748        , -2.167842994358758e+01, -2.136485555236960e+01,  5.532533183632896e+01,  0.000000000000000e+00,  1.482830423361539e+01
s749        , -2.059667445248301e+01, -2.062935965284424e+01,  5.943060050155164e+01,  1.960842758529786e-01,  1.264832005707439e+01
s750        , -2.032384862658092e+01, -2.021386344292900e+01,  6.675279392250951e+01,  0.000000000000000e+00,  1.395283326508115e+01
s751        , -2.236553637276776e+01, -2.159552635087815e+01,  8.174287304714325e+01,  1.455349912280585e-01,  1.568941574420401e+01
s752        , -1.716732359631470e+01, -1.706499483758979e+01,  8.041342841173670e+01,  0.000000000000000e+00,  1.048821444683904e+01
s753        , -2.206691124025960e+01, -2.170832325849582e+01,  7.325644574363501e+01,  1.585819287206400e-01,  1.523272186348914e+01
s754        , -1.859855862913608e+01, -1.895368255360115e+01,  6.898826287172724e+01,  0.000000000000000e+00,  1.236994236298383e+01
s755        , -2.251644582892857e+01, -2.229172738714563e+01,  6.114034024997706e+01,  3.275876470419500e-01,  1.406290382728060e+01
s756        , -2.026279534630465e+01, -2.052426492131374e+01,  6.566613221789379e+01,  0.000000000000000e+00,  1.431015400767722e+01
s757        , -1.901185247831666e+01, -1.930976540263065e+01,  6.628157221747242e+01,  0.000000000000000e+00,  1.269113414828457e+01
s758        , -1.866312886885699e+01, -1.876939820066562e+01,  6.854486808290574e+01,  0.000000000000000e+00,  1.209166287859398e+01
s759        , -2.105033567951521e+01, -2.087064466475672e+01,  6.105954675728595e+01,  0.000000000000000e+00,  1.450267535567043e+01
s760        , -1.976737462921502e+01, -1.980579391654645e+01,  5.766092094081970e+01,  4.550274242675142e-02,  1.251288027573730e+01
s761        , -2.282845273202710e+01, -2.232360011458962e+01,  6.317746574544830e+01,  8.584613616537067e-02,  1.598855677170639e+01
s762        , -1.737428124739802e+01, -1.733665661157147e+01,  7.395132113543451e+01,  0.000000000000000e+00,  1.046608992517440e+01
s763        , -2.048674857080450e+01, -2.042225678319812e+01,  6.749976083110927e+01,  2.171336795056324e-02,  1.412449778824443e+01
s764        , -1.996103637141938e+01, -1.983521757845753e+01,  7.494039542763193e+01,  2.964572713811550e-01,  1.177748007126653e+01
s765        , -1.985538741097363e+01, -1.998954641255608e+01,  5.867122328451018e+01,  0.000000000000000e+00,  1.315586265535196e+01
s766        , -1.902823974868692e+01, -1.879744023267015e+01,  6.656495919374863e+01,  6.898985683209184e-03,  1.195942744553548e+01
s767        , -2.019726225103009e+01, -1.957227588240718e+01,  6.108124451031914e+01,  0.000000000000000e+00,  1.273319362343254e+01
s768        , -2.180287541987858e+01, -2.098505238002821e+01,  6.668806585261497e+01,  2.128411503971834e-01,  1.345250902833756e+01
s769        , -2.332774774981945e+01, -2.383148048459915e+01,  5.044705779028058e+01,  6.868533982539543e-02,  1.739643510142021e+01
s770        , -2.255011500408412e+01, -2.268262144574255e+01,  5.970465126211097e+01,  0.000000000000000e+00,  1.689164473127726e+01
s771        , -1.837836194936116e+01, -1.797713173972442e+01,  6.126616854277028e+01,  0.000000000000000e+00,  1.056886783852959e+01
s772        , -2.036442085092615e+01, -2.059567594877860e+01,  5.686935517377587e+01,  0.000000000000000e+00,  1.387306102003137e+01
s773        , -2.207703951964118e+01, -2.233591256257840e+01,  5.677763100093563e+01,  3.049960756639783e-01,  1.402241955514265e+01
s774        , -2.410464814655394e+01, -2.383988821607938e+01,  6.030237675648699e+01,  2.232808107207305e-01,  1.688219176513709e+01
s775        , -2.145476048405246e+01, -2.090981764553709e+01,  6.307184199534926e+01,  1.733691932761142e-01,  1.341729473939093e+01
s776        , -1.783304251394927e+01, -1.784909516387754e+01,  6.232971578504696e+01,  0.000000000000000e+00,  1.045886382743628e+01
s777        , -1.926023008452307e+01, -1.912102208519075e+01,  6.415534511476417e+01,  0.000000000000000e+00,  1.230452514267539e+01
s778        , -1.976550707196644e+01, -1.987747342063125e+01,  5.759390736797513e+01,  0.000000000000000e+00,  1.293755299014401e+01
s779        , -2.301809423461469e+01, -2.300993905656692e+01,  6.802782816995203e+01,  2.493946878669859e-01,  1.602969749265507e+01
s780        , -1.989864127452180e+01, -2.020793620447439e+01,  6.411993987324408e+01,  0.000000000000000e+00,  1.378477834529889e+01
s781        , -1.803783397921168e+01, -1.772851907448203e+01,  6.156686215615610e+01,  0.000000000000000e+00,  1.024806366265619e+01
s782        , -2.003060740563550e+01, -1.995419338327047e+01,  5.779181620661209e+01,  1.252431393231739e-02,  1.296311268993788e+01
s783        , -2.170310297580588e+01, -2.133907116543000e+01,  6.243626106292300e+01,  3.988572127234851e-01,  1.232393962095321e+01
s784        , -1.828106793020000e+01, -1.838965307903324e+01,  6.811305736706740e+01,  0.000000000000000e+00,  1.154750508479557e+01
s785        , -1.904288077315707e+01, -1.910377554582144e+01,  5.759389058722017e+01,  0.000000000000000e+00,  1.188233231705360e+01
s786        , -2.022975758111321e+01, -1.976240456073001e+01,  5.712515788235966e+01,  0.000000000000000e+00,  1.275213357281550e+01
s787        , -1.858814151939532e+01, -1.956035559291321e+01,  7.243539110352472e+01,  0.000000000000000e+00,  1.340680852459366e+01
s788        , -1.926046054059691e+01, -1.958356281222234e+01,  5.742763463661442e+01,  0.000000000000000e+00,  1.252659586925770e+01
s789        , -2.212378523930028e+01, -2.282966129466309e+01,  5.083158032847410e+01,  3.130747766233429e-01,  1.427578326257372e+01
s790        , -2.174169856486492e+01, -2.144821719969115e+01,  5.535545341966883e+01,  1.655736042816032e-01,  1.373945955132695e+01
s791        , -1.907773631846257e+01, -1.930238764404954e+01,  6.446345221810678e+01,  0.000000000000000e+00,  1.257060376952167e+01
s792        , -2.217884458062024e+01, -2.184454423770617e+01,  6.822221435614892e+01,  3.113334775849732e-01,  1.400152908617240e+01
s793        , -2.046845693654859e+01, -1.964601204201089e+01,  6.405413565674280e+01,  1.182877011274986e-01,  1.215397616557521e+01
s794        , -1.973890233992908e+01, -1.897327617663490e+01,  6.038012566025252e+01,  8.577580339051968e-02,  1.124971287770339e+01
s795        , -2.098054198937622e+01, -2.103874481767279e+01,  5.433307882693703e+01,  0.000000000000000e+00,  1.432324430857980e+01
s796        , -1.872193723420701e+01, -1.903135088102715e+01,  5.992336518193838e+01,  0.000000000000000e+00,  1.192509260592476e+01
s797        , -1.738396768625594e+01, -1.723272640787912e+01,  8.119220396943786e+01,  0.000000000000000e+00,  1.076429574270196e+01
s798        , -1.812351947027918e+01, -1.851114726425489e+01,  7.155716035409712e+01,  0.000000000000000e+00,  1.192246884979062e+01
s799        , -2.115781411801412e+01, -2.022285405736250e+01,  6.214786620510607e+01,  4.736934442416059e-01,  1.023969449715409e+01
s800        , -2.197753832223543e+01, -2.235468829113179e+01,  5.115126972095814e+01,  1.572768300890696e-01,  1.478066983162709e+01
s801        , -2.000340332694237e+01, -2.035375997969308e+01,  5.477817962218170e+01,  8.707210976657084e-02,  1.278270596395830e+01
s802        , -2.346278750692302e+01, -2.289327547204942e+01,  6.054170579903372e+01,  1.367572670157876e-01,  1.623504625666435e+01
s803        , -2.201425716118592e+01, -2.178955569402733e+01,  6.014137974085710e+01,  1.580141162274298e-01,  1.455077698286752e+01
s804        , -1.618324989548500e+01, -1.685425515752837e+01,  6.795718226417092e+01,  0.000000000000000e+00,  9.443958301329650e+00
s805        , -2.141738653455062e+01, -2.143069016033834e+01,  6.337545904710792e+01,  3.747862680928675e-01,  1.268105090050788e+01
s806        , -2.157933013723432e+01, -2.139537497645168e+01,  6.432101911431478e+01,  1.090918001553045e-01,  1.462297744677701e+01
s807        , -1.912040169626662e+01, -1.935086016838132e+01,  8.100831666936084e+01,  1.285657866905375e-01,  1.270679483058542e+01
s808        , -2.304047586711122e+01, -2.325622957966096e+01,  6.103660007200163e+01,  3.641951428900516e-01,  1.510577171432135e+01
s809        , -2.047218776779852e+01, -2.036528548184305e+01,  6.325064860751106e+01,  0.000000000000000e+00,  1.394656383282514e+01
s810        , -2.119146876442327e+01, -2.133088430901066e+01,  8.145954122990871e+01,  1.566692338039912e-01,  1.523027497629974e+01
s811        , -2.180116494254657e+01, -2.170277191222651e+01,  5.786351552400567e+01,  1.619897453541278e-01,  1.426509524421925e+01
s812        , -2.372646511684069e+01, -2.319453417706517e+01,  6.038458001666106e+01,  1.855715057556873e-01,  1.628130485441724e+01
s813        , -2.269928091374550e+01, -2.285851162857683e+01,  6.002110316309995e+01,  2.828767155872894e-01,  1.509314052230302e+01
s814        , -1.832573741415099e+01, -1.827494677136412e+01,  6.980766919849127e+01,  0.000000000000000e+00,  1.149402494895817e+01
s815        , -2.057906464758977e+01, -2.023076727672513e+01,  5.862503874004713e+01,  1.187242622486375e-01,  1.261845864846453e+01
s816        , -1.808215553271357e+01, -1.793345224166426e+01,  7.212610939006309e+01,  0.000000000000000e+00,  1.116913975135418e+01
s817        , -2.152086258044021e+01, -2.120631843902025e+01,  7.756346561977098e+01,  1.937666820941618e-01,  1.455381638764244e+01
s818        , -2.057353864229959e+01, -2.077981250938831e+01,  5.613847434948702e+01,  0.000000000000000e+00,  1.407979050546423e+01
s819        , -2.244567325669163e+01, -2.276556906072383e+01,  5.202630958438791e+01,  2.396038909467534e-01,  1.479538251265494e+01
s820        , -2.103220827040201e+01, -2.124465722291527e+01,  6.749093401103183e+01,  0.000000000000000e+00,  1.540354613445207e+01
s821        , -2.251724700203312e+01, -2.266988638371615e+01,  6.012909926531501e+01,  1.277108891106305e-01,  1.597110647793039e+01
s822        , -1.967652212859418e+01, -1.974912181656588e+01,  6.893147164982635e+01,  0.000000000000000e+00,  1.345136373275347e+01
s823        , -1.898228811729100e+01, -1.910414639077067e+01,  6.546265416417272e+01,  9.550202388674264e-02,  1.166626650568252e+01
s824        , -2.375965705343503e+01, -2.402095168537247e+01,  5.335349236919781e+01,  1.914409298146290e-01,  1.693852771642091e+01
s825        , -2.074394606294202e+01, -2.024549810962237e+01,  5.272635820744689e+01,  0.000000000000000e+00,  1.314373909661389e+01
s826        , -2.229590893513048e+01, -2.247025474485088e+01,  5.613332660627953e+01,  1.906444890795284e-01,  1.499828068663168e+01
s827        , -2.030439908572953e+01, -1.896153796614174e+01,  7.033517675396412e+01,  3.928117355755594e-01,  9.605213369926036e+00
s828        , -2.126632247755481e+01, -2.098590563556565e+01,  5.714649628829157e+01,  0.000000000000000e+00,  1.442212069628689e+01
s829        , -1.836528680868646e+01, -1.754111629192909e+01,  6.308786090292545e+01,  0.000000000000000e+00,  1.008488668136733e+01
s830        , -2.038358031572328e+01, -2.035369407614985e+01,  7.056425439094807e+01,  9.172087956177807e-02,  1.370795573456032e+01
s831        , -2.014217587228185e+01, -1.995182020358986e+01,  6.065543947893703e+01,  2.076151007280023e-01,  1.171479389502659e+01
s832        , -1.638297894992474e+01, -1.687754875478453e+01,  6.958338486507111e+01,  0.000000000000000e+00,  9.574534929309275e+00
s833        , -2.087813803835245e+01, -2.072132506961792e+01,  5.276821977978791e+01,  0.000000000000000e+00,  1.379524644662494e+01
s834        , -2.163260872857058e+01, -2.117536282987832e+01,  8.481103747185779e+01,  1.346672625035270e-01,  1.538184050512519e+01
s835        , -1.845033213930005e+01, -1.857483335401527e+01,  6.139202307042922e+01,  0.000000000000000e+00,  1.139169916784511e+01
s836        , -2.085703068105029e+01, -2.109909212664176e+01,  6.302805302405982e+01,  0.000000000000000e+00,  1.493385242128451e+01
s837        , -1.604298594536770e+01, -1.632091312419298e+01,  8.002995072713081e+01,  0.000000000000000e+00,  9.450087324528051e+00
s838        , -1.819387371328009e+01, -1.786989608910056e+01,  7.037089269795571e+01,  0.000000000000000e+00,  1.097581158781247e+01
s839        , -2.199016371973259e+01, -2.137598222813208e+01,  6.908567096404356e+01,  2.898618952280259e-01,  1.357111939458288e+01
s840        , -1.816847175772266e+01, -1.835923095186012e+01,  6.239762853654577e+01,  4.481305349877619e-02,  1.083278015260137e+01
s841        , -2.076446728280485e+01, -2.051879950270437e+01,  6.225007118990619e+01,  0.000000000000000e+00,  1.409514166282318e+01
s842        , -1.719569444321167e+01, -1.744251494412038e+01,  7.093246288440356e+01,  0.000000000000000e+00,  1.042704202980296e+01
s843        , -1.999816334280537e+01, -1.987921773246100e+01,  5.868201720834180e+01,  0.000000000000000e+00,  1.300604503504452e+01
s844        , -1.581596700213373e+01, -1.648756232829053e+01,  7.077618194785259e+01,  0.000000000000000e+00,  9.115119776049767e+00
s845        , -2.003183538643507e+01, -1.996709763000322e+01,  6.003179736142714e+01,  0.000000000000000e+00,  1.320791337726134e+01
s846        , -2.166933569232110e+01, -2.133874943669996e+01,  6.627839984989383e+01,  3.133747809013830e-01,  1.317873960529850e+01
s847        , -2.001719781047365e+01, -1.990803468453653e+01,  5.933798619388323e+01,  0.000000000000000e+00,  1.308520383979809e+01
s848        , -1.670780899311153e+01, -1.663187363353597e+01,  8.326827978178694e+01,  0.000000000000000e+00,  1.007095490032780e+01
s849        , -2.103364362191806e+01, -2.122887122762694e+01,  5.504373719530919e+01,  8.472964070566529e-02,  1.400941387551857e+01
s850        , -1.674889176362534e+01, -1.688287230143104e+01,  7.317377269419126e+01,  0.000000000000000e+00,  9.799945793800703e+00
s851        , -1.887785873496733e+01, -1.943145385567801e+01,  6.698489927624044e+01,  0.000000000000000e+00,  1.289983462099634e+01
s852        , -1.916613881673827e+01, -1.951013937157990e+01,  6.293477182582349e+01,  1.664329269119819e-02,  1.264000528150015e+01
s853        , -2.151831650372089e+01, -2.136238468100225e+01,  6.632397875719199e+01,  2.938176586312641e-01,  1.335600116105550e+01
s854        , -2.092228526657664e+01, -2.061265929207049e+01,  5.417430385768566e+01,  0.000000000000000e+00,  1.373247397031194e+01
s855        , -1.984690981488844e+01, -2.013205002698399e+01,  5.505650468472003e+01,  0.000000000000000e+00,  1.313058979429040e+01
s856        , -1.857995804240183e+01, -1.843780495202788e+01,  6.598986565909533e+01,  0.000000000000000e+00,  1.148417362892294e+01
s857        , -2.294003947989728e+01, -2.305839450130481e+01,  5.818614635780316e+01,  8.485796381522145e-02,  1.669463499226623e+01
s858        , -2.107902559750898e+01, -2.116335366018865e+01,  5.958983524621371e+01,  9.425633172463331e-02,  1.412697913152377e+01
s859        , -1.829183386036745e+01, -1.853599089204341e+01,  6.749252738196242e+01,  0.000000000000000e+00,  1.170938703621948e+01
s860        , -2.148418071954308e+01, -2.141196246924346e+01,  7.086504285832972e+01,  3.036298328859189e-01,  1.362815853210019e+01
s861        , -2.060440939951398e+01, -2.015412158289088e+01,  5.534557871702877e+01,  4.404782028454512e-03,  1.314621639826747e+01
s862        , -1.983634035476443e+01, -1.946936507054739e+01,  5.578095592288513e+01,  2.049411328182300e-02,  1.212172160715673e+01
s863        , -2.017821382918477e+01, -2.039548074173919e+01,  7.372918637067089e+01,  7.257114598373267e-02,  1.409654048649093e+01
s864        , -2.145828954671971e+01, -2.087897886722002e+01,  5.603755777803615e+01,  3.646285240369031e-02,  1.394368059462684e+01
s865        , -2.179521899962700e+01, -2.184321568103230e+01,  6.282368569067854e+01,  1.982679072062184e-01,  1.449413481765078e+01
s866        , -2.240641608733365e+01, -2.225550210159038e+01,  5.960851844715204e+01,  2.871557913045141e-01,  1.421452267660385e+01
s867        , -1.970162478711471e+01, -1.974073965197961e+01,  5.848310466906166e+01,  0.000000000000000e+00,  1.280509376006337e+01
s868        , -1.579821539399930e+01, -1.626606894727389e+01,  6.903089321663771e+01,  0.000000000000000e+00,  8.706989731499114e+00
s869        , -1.927595790821999e+01, -1.923668411398004e+01,  6.453004128476196e+01,  0.000000000000000e+00,  1.248503892752878e+01
s870        , -1.834436146157947e+01, -1.835000650329215e+01,  6.709594444562120e+01,  0.000000000000000e+00,  1.143163319802662e+01
s871        , -1.954632707936713e+01, -1.905645682738215e+01,  7.087099356339158e+01,  0.000000000000000e+00,  1.262450644985692e+01
s872        , -2.222687656829416e+01, -2.250730280475128e+01,  6.663060473548076e+01,  3.641520399142832e-01,  1.442453910511111e+01
s873        , -2.174135075548704e+01, -2.135849674556439e+01,  5.373648197780989e+01,  8.715411171072300e-03,  1.465969872204263e+01
s874        , -2.306987923711809e+01, -2.346177072902317e+01,  6.008319279441120e+01,  2.530494944873219e-01,  1.613663796563399e+01
s875        , -2.178123430913379e+01, -2.164783983901764e+01,  5.824230548413300e+01,  1.331678374964886e-01,  1.442283860646056e+01
s876        , -2.287277527114560e+01, -2.321225969294142e+01,  5.513121605241727e+01,  3.432742218409300e-01,  1.483917145250417e+01
s877        , -2.189016288213647e+01, -2.133549975175693e+01,  6.023958877645980e+01,  1.837197156804617e-01,  1.375049255492321e+01
s878        , -1.876974537203656e+01, -1.855503781057431e+01,  7.025094444697719e+01,  0.000000000000000e+00,  1.190296458125806e+01
s879        , -1.761744622782913e+01, -1.787962017692059e+01,  6.917714820220706e+01,  0.000000000000000e+00,  1.091654258315224e+01
s880        , -1.792977215528789e+01, -1.846400122145081e+01,  6.679092948294337e+01,  0.000000000000000e+00,  1.156857406930946e+01
s881        , -2.116921283478955e+01, -2.053617262660451e+01,  6.184552731069286e+01,  5.220910645787457e-01,  1.029660849317773e+01
s882        , -1.809005639564229e+01, -1.855566246443687e+01,  6.723077277510451e+01,  0.000000000000000e+00,  1.172031232447370e+01
s883        , -1.958200153707774e+01, -2.007526074602184e+01,  6.392209179389396e+01,  0.000000000000000e+00,  1.359180574100335e+01
s884        , -1.866641101726497e+01, -1.896169132714829e+01,  6.566412092063703e+01,  0.000000000000000e+00,  1.217889196030519e+01
s885        , -1.949202935470739e+01, -1.969121852129151e+01,  6.210460928019138e+01,  0.000000000000000e+00,  1.295759451535879e+01
s886        , -1.753621319174707e+01, -1.764738381354574e+01,  6.444307133951095e+01,  6.322996600783230e-03,  1.026617024451859e+01
s887        , -2.072504645987743e+01, -2.035458035716658e+01,  6.062146670162052e+01,  0.000000000000000e+00,  1.377221563769913e+01
s888        , -2.163711888094086e+01, -2.158332125179619e+01,  6.837950620586950e+01,  1.843807056250892e-01,  1.457825723069431e+01
s889        , -1.784767272504274e+01, -1.805340240085137e+01,  6.914959760905266e+01,  0.000000000000000e+00,  1.115188416025415e+01
s890        , -2.036577167825686e+01, -2.074264257697826e+01,  5.357283881793976e+01,  1.076267305431809e-01,  1.309034085513910e+01
s891        , -1.925489904031788e+01, -1.940182255489775e+01,  6.981427692204983e+01,  7.139855248400225e-02,  1.251198591027242e+01
s892        , -1.797999052112338e+01, -1.885831626835226e+01,  7.322625392234276e+01,  1.349892308063237e-01,  1.151547325978306e+01
s893        , -2.224398236502422e+01, -2.231663232354184e+01,  6.631652308206749e+01,  0.000000000000000e+00,  1.679421908234697e+01
s894        , -2.015695897880840e+01, -2.017651970215392e+01,  5.660486742318567e+01,  0.000000000000000e+00,  1.328531822611013e+01
s895        , -1.853378696029952e+01, -1.872733851251257e+01,  7.658661810081729e+01,  9.516822045658192e-02,  1.183066617033402e+01
s896        , -2.478440805107692e+01, -2.446948872989169e+01,  6.592047915108814e+01,  3.118215314625808e-01,  1.743819728439546e+01
s897        , -2.202247365131235e+01, -2.168488049071997e+01,  8.566662766192141e+01,  9.750765579894875e-02,  1.639903514928922e+01
s898        , -2.008627742560493e+01, -1.922954205917744e+01,  6.585568730354206e+01,  0.000000000000000e+00,  1.255584375139603e+01
s899        , -1.802005794967191e+01, -1.775605106287626e+01,  6.795985529673563e+01,  0.000000000000000e+00,  1.067404882079883e+01
s900        , -1.770516073583232e+01, -1.791626813942707e+01,  6.776663747405576e+01,  0.000000000000000e+00,  1.088082350222784e+01
s901        , -2.425916197575684e+01, -2.378232980899485e+01,  5.944534399592578e+01,  1.456715735457702e-01,  1.731614021793483e+01
s902        , -1.641892815066793e+01, -1.670427609917619e+01,  7.356247252267742e+01,  0.000000000000000e+00,  9.579981855403648e+00
s903        , -2.332207101034287e+01, -2.290071106223542e+01,  6.563917410902670e+01,  1.889795358816440e-01,  1.617504663044944e+01
s904        , -2.132463334662818e+01, -2.051408795531733e+01,  6.724666900809024e+01,  4.659791354579161e-01,  1.100281239054041e+01
s905        , -2.166343218809494e+01, -2.168148471801540e+01,  7.207396746014462e+01,  1.375040498964650e-01,  1.527758966358866e+01
s906        , -1.790842270146736e+01, -1.758026456321025e+01,  7.928772711921656e+01,  0.000000000000000e+00,  1.112257584792662e+01
s907        , -1.911599503394165e+01, -1.961491310995215e+01,  6.876559891717113e+01,  4.300974499191224e-02,  1.294539340989185e+01
s908        , -2.062377494321661e+01, -2.001388130382900e+01,  6.116543430522474e+01,  0.000000000000000e+00,  1.334059924858259e+01
s909        , -2.034650826700463e+01, -2.106352714337029e+01,  6.781849295843824e+01,  3.566303082801687e-01,  1.258231162580759e+01
s910        , -1.701866755175476e+01, -1.714998444180699e+01,  7.151886485062512e+01,  0.000000000000000e+00,  1.006369934584871e+01
s911        , -1.800428066961873e+01, -1.842470889994879e+01,  6.745698064203907e+01,  0.000000000000000e+00,  1.155545359000985e+01
s912        , -2.018815932170212e+01, -2.006712091569923e+01,  5.943122860162099e+01,  0.000000000000000e+00,  1.330784138842544e+01
s913        , -1.735412329082851e+01, -1.741094796776814e+01,  7.044164372104517e+01,  0.000000000000000e+00,  1.035416698745716e+01
s914        , -2.004618788210774e+01, -2.057239499346883e+01,  6.127349941174133e+01,  1.138009284622885e-01,  1.328112396839052e+01
s915        , -1.937730144245923e+01, -1.907724995064733e+01,  5.845873875906683e+01,  0.000000000000000e+00,  1.189870274462995e+01
s916        , -2.191302790761547e+01, -2.236504473393821e+01,  6.383200539193643e+01,  2.408391724464801e-01,  1.495744444671500e+01
s917        , -1.792924589211810e+01, -1.741975299798586e+01,  6.475871301477736e+01,  0.000000000000000e+00,  1.002088368390266e+01
s918        , -2.621730238337609e+01, -2.662425587400200e+01,  5.437643016644947e+01,  3.131899133634216e-01,  1.966564488875607e+01
s919        , -1.919355775511356e+01, -1.872928069775123e+01,  5.709586023101097e+01,  0.000000000000000e+00,  1.134131171498565e+01
s920        , -1.675861595936722e+01, -1.688320171334213e+01,  6.943306607960822e+01,  0.000000000000000e+00,  9.573111504887864e+00
s921        , -2.192756432754418e+01, -2.132855872582736e+01,  5.683256902619205e+01,  1.629457293858055e-01,  1.368512530836076e+01
s922        , -2.290193110331377e+01, -2.254923399019077e+01,  5.773627093871801e+01,  1.480217258558722e-01,  1.551342638188478e+01
s923        , -1.925371616601646e+01, -1.899560559532804e+01,  6.912035606147992e+01,  0.000000000000000e+00,  1.243514566285807e+01
s924        , -1.798705044323696e+01, -1.914607420073285e+01,  7.121210291570611e+01,  3.320953351047438e-01,  1.035182369905365e+01
s925        , -2.338449219749342e+01, -2.364037138164823e+01,  5.866221499553195e+01,  2.019875326030962e-01,  1.666530780446585e+01
s926        , -1.762302148317026e+01, -1.743536599308561e+01,  8.352068962286745e+01,  0.000000000000000e+00,  1.118214651892327e+01
s927        , -1.720744831710588e+01, -1.761840932906205e+01,  6.953170534367625e+01,  0.000000000000000e+00,  1.058182890612209e+01
s928        , -1.827654667645005e+01, -1.819094692457094e+01,  6.844548202066221e+01,  0.000000000000000e+00,  1.129669462821888e+01
s929        , -2.066098735264480e+01, -2.093873922108922e+01,  5.783670870483994e+01,  8.984031776784045e-02,  1.374623788844717e+01
s930        , -1.982419875205301e+01, -2.045203265996863e+01,  6.388923363714659e+01,  2.142450899852200e-01,  1.254527408689964e+01
s931        , -2.184683786579889e+01, -2.210005240511780e+01,  5.966739793875313e+01,  1.032240077564024e-01,  1.534399253669433e+01
s932        , -2.007807490293144e+01, -2.019753355084974e+01,  6.381274300686688e+01,  0.000000000000000e+00,  1.375192539128573e+01
s933        , -2.186904116931162e+01, -2.188870019876053e+01,  6.229809583222943e+01,  0.000000000000000e+00,  1.596641958689822e+01
s934        , -1.595875499840616e+01, -1.658961193879120e+01,  7.667794735423799e+01,  0.000000000000000e+00,  9.612890165777580e+00
s935        , -1.706347068237267e+01, -1.757779379008710e+01,  7.623037926352536e+01,  1.203147386794183e-01,  1.005828342992470e+01
s936        , -1.818003510858343e+01, -1.745017475182932e+01,  6.497867521170240e+01,  0.000000000000000e+00,  1.007573965604551e+01
s937        , -2.175658784400171e+01, -2.221207114181396e+01,  5.538646778127721e+01,  3.216510511872288e-01,  1.364784318988912e+01
s938        , -2.010166135357230e+01, -1.997574523426566e+01,  6.598098540212646e+01,  0.000000000000000e+00,  1.358117739223147e+01
s939        , -1.813809060682595e+01, -1.798158637956028e+01,  6.212968266326156e+01,  0.000000000000000e+00,  1.062741007606656e+01
s940        , -2.094308051046411e+01, -2.088042920872203e+01,  5.279186215696105e+01,  8.001765039340249e-02,  1.343163768348734e+01
s941        , -1.827480816862776e+01, -1.840803542716855e+01,  6.817847546707485e+01,  0.000000000000000e+00,  1.157655090359761e+01
s942        , -1.770857434290158e+01, -1.792151823610759e+01,  7.174881040193097e+01,  0.000000000000000e+00,  1.112993886792070e+01
s943        , -1.938132201948424e+01, -1.955488789468380e+01,  5.721825364128316e+01,  0.000000000000000e+00,  1.247476525526453e+01
s944        , -1.770272330222015e+01, -1.796084750717900e+01,  7.053809507822129e+01,  0.000000000000000e+00,  1.111001620475500e+01
s945        , -1.924477319915050e+01, -1.906496935192587e+01,  6.304887454118572e+01,  4.003629395299207e-02,  1.186962739803775e+01
s946        , -2.185513295241253e+01, -2.193668481179758e+01,  5.323635467157683e+01,  7.840340500474151e-02,  1.491097705077557e+01
s947        , -2.017292248813791e+01, -1.928845691686088e+01,  7.045575269761143e+01,  0.000000000000000e+00,  1.291569347395239e+01
s948        , -1.792501053388721e+01, -1.810439595715502e+01,  6.878175214152972e+01,  0.000000000000000e+00,  1.119908238379894e+01
s949        , -2.005207290213696e+01, -2.057225671820273e+01,  7.479792430220128e+01,  2.381493008269591e-01,  1.319817309957555e+01
s950        , -2.257823345395823e+01, -2.266465450168628e+01,  6.277029100923367e+01,  3.372881083032596e-01,  1.460000083464812e+01
s951        , -1.571913272603913e+01, -1.581685850688857e+01,  8.362517332385168e+01,  0.000000000000000e+00,  8.981068764989418e+00
s952        , -2.233989362366768e+01, -2.301420365307505e+01,  5.392409541022898e+01,  1.868312361732089e-01,  1.563365915579059e+01
s953        , -2.342860552534396e+01, -2.268813336940278e+01,  6.228131432381428e+01,  1.188364455881385e-01,  1.619131245481053e+01
s954        , -2.204077204416149e+01, -2.177250898932804e+01,  6.816181552757122e+01,  1.441958184082406e-01,  1.511535862732579e+01
s955        , -1.756302978982562e+01, -1.743751082914777e+01,  7.050199652778318e+01,  0.000000000000000e+00,  1.039406215926516e+01
s956        , -2.291971088639473e+01, -2.280767970473944e+01,  6.233601451817685e+01,  1.920415399580814e-01,  1.582519321317857e+01
s957        , -1.872997367448807e+01, -1.864295012053336e+01,  5.698498536372377e+01,  0.000000000000000e+00,  1.121683173537963e+01
s958        , -2.138547156076431e+01, -2.119398280485211e+01,  6.424198701915675e+01,  4.384067303468638e-02,  1.481813509099448e+01
s959        , -1.926386090665138e+01, -1.876836978413137e+01,  6.678212409234247e+01,  0.000000000000000e+00,  1.198315676694502e+01
s960        , -1.680470785163838e+01, -1.705471527438742e+01,  7.825278619783357e+01,  0.000000000000000e+00,  1.034291491001743e+01
s961        , -2.001579976967623e+01, -1.988395599350103e+01,  7.305010587167972e+01,  1.364111203785162e-01,  1.289326226953952e+01
s962        , -1.871905926332032e+01, -1.806395008364117e+01,  9.045776452791407e+01,  1.450133064184196e-01,  1.140612893083570e+01
s963        , -1.918665598310528e+01, -1.968981928378424e+01,  7.119911643776132e+01,  0.000000000000000e+00,  1.350826409184036e+01
s964        , -1.746488927974545e+01, -1.743865674052051e+01,  7.602952248918211e+01,  0.000000000000000e+00,  1.073147488766165e+01
s965        , -1.971186761143078e+01, -1.972951054606589e+01,  8.085763599523878e+01,  1.968774944006990e-01,  1.271717384279479e+01
s966        , -1.765956881606673e+01, -1.797203742050137e+01,  6.150494060887166e+01,  0.000000000000000e+00,  1.057642755117430e+01
s967        , -2.223688117086612e+01, -2.218027901635015e+01,  6.408808933391055e+01,  4.299739920303357e-01,  1.334525717110203e+01
s968        , -1.998239594820018e+01, -2.004831848388865e+01,  5.599756538917163e+01,  0.000000000000000e+00,  1.307356965419692e+01
s969        , -2.101894011109180e+01, -2.073487511222972e+01,  5.838194408269630e+01,  0.000000000000000e+00,  1.415481410911208e+01
s970        , -1.986554229461376e+01, -2.000932019895917e+01,  6.150232517771967e+01,  0.000000000000000e+00,  1.335484784596927e+01
s971        , -1.914500631305469e+01, -1.833127884376673e+01,  6.093205252663915e+01,  0.000000000000000e+00,  1.103157603989559e+01
s972        , -1.930540895911451e+01, -1.904450234805640e+01,  7.076613643479614e+01,  0.000000000000000e+00,  1.260183108132322e+01
s973        , -2.013055280326089e+01, -2.012022102493459e+01,  6.869245583974146e+01,  1.548469036776646e-02,  1.383033618739860e+01
s974        , -1.991254970003848e+01, -1.989022847173965e+01,  6.009622329176224e+01,  5.675935667036107e-02,  1.269412575480593e+01
s975        , -2.002907222040815e+01, -2.031467693788578e+01,  8.246427221619966e+01,  1.214673640962030e-01,  1.416140755714652e+01
s976        , -2.147573630129902e+01, -2.147214625054442e+01,  5.449887160534907e+01,  1.422836360064373e-01,  1.388945937920346e+01
s977        , -1.918950409415471e+01, -1.926631928618134e+01,  6.924157916176546e+01,  8.610150603974803e-02,  1.218543277821098e+01
s978        , -1.698999961978807e+01, -1.681871659925620e+01,  8.584462687074723e+01,  9.562508309944373e-03,  1.041276425293613e+01
s979        , -2.115978794608996e+01, -2.131740476578038e+01,  5.316451726245286e+01,  2.115398851269730e-01,  1.309357379121013e+01
s980        , -1.730989298326385e+01, -1.721281383017424e+01,  7.527910457457594e+01,  0.000000000000000e+00,  1.037786055082451e+01
s981        , -2.142850865946883e+01, -2.114084990730953e+01,  6.150788606720610e+01,  6.188832839870882e-02,  1.444826912383623e+01
s982        , -2.110948756566415e+01, -2.130997825539387e+01,  6.525587130225503e+01,  1.444651043222306e-01,  1.430600646871156e+01
s983        , -1.831465175322002e+01, -1.849800484706043e+01,  6.876731813971652e+01,  0.000000000000000e+00,  1.173503487181169e+01
s984        , -2.150201864035685e+01, -2.157613581413757e+01,  6.059022757883505e+01,  0.000000000000000e+00,  1.543635461480974e+01
s985        , -1.659952594735737e+01, -1.728679841215366e+01,  7.802695748407940e+01,  1.128309562667961e-01,  9.825000608535394e+00
s986        , -2.105203087443673e+01, -2.094170291096021e+01,  5.471155218758231e+01,  0.000000000000000e+00,  1.421388808536641e+01
s987        , -2.066592788190784e+01, -2.087016858468678e+01,  7.485254099163110e+01,  1.409617090836985e-01,  1.431473785475792e+01
s988        , -2.133344594608628e+01, -2.116744080843494e+01,  8.288865126997516e+01,  1.913583668884089e-01,  1.484186618471067e+01
s989        , -2.008246059204520e+01, -2.027320818903659e+01,  6.131636283091694e+01,  1.028436366732999e-01,  1.295538028841926e+01
s990        , -2.181814335912880e+01, -2.226311508423098e+01,  6.048371028322681e+01,  2.835676266636834e-01,  1.430418201795404e+01
s991        , -1.674874949890157e+01, -1.703508861148697e+01,  7.983811374592086e+01,  0.000000000000000e+00,  1.041247053735078e+01
s992        , -1.990187356431624e+01, -1.999305335467461e+01,  6.714896788463693e+01,  0.000000000000000e+00,  1.367574939888319e+01
s993        , -2.167451347953028e+01, -2.124669782060040e+01,  6.635302815811021e+01,  1.457805438124933e-01,  1.427679481330367e+01
s994        , -2.085856003252748e+01, -2.043916072993831e+01,  7.398179645301887e+01,  3.261072287117882e-01,  1.232726176070692e+01
s995        , -1.532250426373563e+01, -1.580232879387783e+01,  7.788564693093201e+01,  0.000000000000000e+00,  8.612521288666915e+00
s996        , -2.197589637081217e+01, -2.277082518621969e+01,  5.905730024356662e+01,  3.857734855370947e-01,  1.416652509795626e+01
s997        , -1.843774602570321e+01, -1.838239160473990e+01,  7.042181540527446e+01,  0.000000000000000e+00,  1.167788045728526e+01
s998        , -2.004154224207673e+01, -1.973546192854697e+01,  6.182119313358339e+01,  4.394154732264912e-02,  1.268108909483207e+01
s999        , -1.918982967461324e+01, -1.940348440292048e+01,  7.850456953159035e+01,  9.335188893614622e-02,  1.288258372937828e+01
s1000       , -2.386287011937712e+01, -2.388422500268049e+01,  6.005881935435333e+01,  2.376516805260267e-01,  1.682333019938849e+01
s1001       , -2.142986106465667e+01, -2.122529551634538e+01,  6.292684183358082e+01,  8.351306043566367e-02,  1.449236009743765e+01
s1002       , -1.703565403983971e+01, -1.709251587831068e+01,  8.364266933743241e+01,  0.000000000000000e+00,  1.072195658754672e+01
s1003       , -2.272857267296788e+01, -2.278406167091207e+01,  6.025994205509451e+01,  2.737554262542933e-01,  1.507246006498045e+01
s1004       , -1.957549960274314e+01, -1.888773227939812e+01,  6.131635631885030e+01,  0.000000000000000e+00,  1.181385366620019e+01
s1005       , -2.033955634118916e+01, -2.006979397280197e+01,  5.586292725379135e+01,  0.000000000000000e+00,  1.309467877813229e+01
s1006       , -2.103463075725037e+01, -2.167057219730908e+01,  6.971918414855416e+01,  0.000000000000000e+00,  1.611982419501173e+01
s1007       , -1.845815321471510e+01, -1.911872500880683e+01,  7.308936228269027e+01,  0.000000000000000e+00,  1.284421889213790e+01
s1008       , -2.105860584214290e+01, -2.076262096301634e+01,  6.412485480845103e+01,  2.614096903457587e-01,  1.264011945340512e+01
s1009       , -2.225664818829298e+01, -2.182338617712222e+01,  6.784853838593045e+01,  2.444327975162932e-01,  1.443659806460750e+01
s1010       , -2.029000137617794e+01, -2.031274097598599e+01,  5.615857819392344e+01,  3.320946200091200e-02,  1.320242644558132e+01
s1011       , -2.150175758271834e+01, -2.088208896350282e+01,  6.830866218944814e+01,  2.776029222722964e-01,  1.293947561413003e+01
s1012       , -1.789395613621291e+01, -1.794429401063041e+01,  7.329121661103535e+01,  0.000000000000000e+00,  1.125471782638213e+01
s1013       , -1.907481979836395e+01, -1.935238040801178e+01,  7.396982925441013e+01,  9.829786072102328e-02,  1.250137949850511e+01
s1014       , -1.701362802016618e+01, -1.723922739839374e+01,  7.613799263009089e+01,  0.000000000000000e+00,  1.046607073042243e+01
s1015       , -1.771043360260808e+01, -1.817825895672178e+01,  6.644402822344726e+01,  9.990884908508518e-02,  1.043105373490047e+01
s1016       , -2.325177194237830e+01, -2.266990469392362e+01,  6.171630579145182e+01,  1.369315539394393e-01,  1.600049900257526e+01
s1017       , -2.061131053204120e+01, -2.077298097435868e+01,  6.040990915041047e+01,  4.128753982454132e-02,  1.402968136631057e+01
s1018       , -1.637685178145171e+01, -1.684451273916832e+01,  6.731827813606986e+01,  0.000000000000000e+00,  9.391851443125473e+00
s1019       , -2.229355013298489e+01, -2.216592502935750e+01,  6.244723005314771e+01,  2.368506021168848e-01,  1.463074624087106e+01
s1020       , -1.626620443538163e+01, -1.619219291050680e+01,  8.294598043012621e+01,  0.000000000000000e+00,  9.451706880547947e+00
s1021       , -2.225684084822025e+01, -2.260844449281879e+01,  5.575164757970794e+01,  3.362598275982973e-01,  1.410436813547085e+01
s1022       , -1.619907626993357e+01, -1.683051579877111e+01,  7.004549186404692e+01,  0.000000000000000e+00,  9.538465716921277e+00
s1023       , -2.164326276096592e+01, -2.158152156393076e+01,  5.940359449797026e+01,  0.000000000000000e+00,  1.537160078782734e+01
s1024       , -1.814482992541786e+01, -1.821018174002052e+01,  7.016764585140632e+01,  0.000000000000000e+00,  1.142756618357285e+01
s1025       , -1.966276460675046e+01, -1.969766621229466e+01,  5.867739245582592e+01,  3.874087184005009e-02,  1.247635427993114e+01
s1026       , -1.787958226759213e+01, -1.803516825321838e+01,  6.715435024119593e+01,  0.000000000000000e+00,  1.100578495458461e+01
s1027       , -2.228548280106830e+01, -2.249046686502079e+01,  5.712732611788546e+01,  1.881146304285272e-01,  1.510464422050675e+01
s1028       , -1.939576101741603e+01, -1.925070016377981e+01,  6.758536439342832e+01,  0.000000000000000e+00,  1.268979491607855e+01
s1029       , -2.072177297910414e+01, -2.005186914929818e+01,  5.213922041368350e+01,  0.000000000000000e+00,  1.284398106992824e+01
s1030       , -2.116639743005703e+01, -2.097770704396014e+01,  5.476466168521350e+01,  0.000000000000000e+00,  1.426621977952033e+01
s1031       , -1.871817432191781e+01, -1.889070969453007e+01,  6.910966557379629e+01,  0.000000000000000e+00,  1.229143223883232e+01
s1032       , -1.793076662035363e+01, -1.864994536824459e+01,  7.594527219871432e+01,  1.229296463309699e-01,  1.148421012576948e+01
s1033       , -2.190726556241366e+01, -2.188477328306872e+01,  6.946080813749435e+01,  3.051649483496096e-01,  1.417652183436398e+01
s1034       , -1.655942363042545e+01, -1.685285909670197e+01,  7.889211492972541e+01,  0.000000000000000e+00,  1.010645559265062e+01
s1035       , -1.920990065585595e+01, -1.964456597472667e+01,  6.792959110390687e+01,  1.372827708668094e-01,  1.224930617228555e+01
s1036       , -1.624542641970273e+01, -1.661715118874094e+01,  6.525665921101844e+01,  0.000000000000000e+00,  8.956497933403799e+00
s1037       , -1.865413258865576e+01, -1.914905619645172e+01,  6.585779101931526e+01,  0.000000000000000e+00,  1.244619970004507e+01
s1038       , -2.303917859954092e+01, -2.308804763605538e+01,  5.869984959550838e+01,  2.646637614585216e-01,  1.545839751261079e+01
s1039       , -2.268866240524940e+01, -2.364292732785162e+01,  5.634120211323910e+01,  3.139003524938977e-01,  1.571372539146203e+01
s1040       , -2.002650999928207e+01, -2.034236009013694e+01,  7.141833116687394e+01,  1.414253556806396e-01,  1.338284469474207e+01
s1041       , -2.439240447433291e+01, -2.422047547319220e+01,  5.870651443361312e+01,  1.577546161497642e-01,  1.778092986637706e+01
