# c0 + a0 * ((Ge * S) + (P * PF)) + a1 * ((O - NBI) * (face-area-avg - poly_dist_avg))
# Property Label: $E$; Unit of the Property: Unitless
# RMSE: 0.638567488977239; Max AE: 2.89393458993016
# Coefficients
# Task   a0                      a1                      c0
# all ,  9.417229442286335e+00,  2.187274433009702e+00, -1.433945472461911e-01, 
# Feature Rung, Units, and Expressions
# 0;  2; Unitless;                                         18|10|mult|16|2|mult|add; ((Ge * S) + (P * PF)); $\left(\left(Ge S\right) + \left(P PF\right)\right)$; ((Ge .* S) + (P .* PF)); ((newdata$Ge * newdata$S) + (newdata$P * newdata$PF)); Ge,S,P,PF
# 1;  2; Unitless;                                         11|4|sub|32|29|sub|mult; ((O - NBI) * (face-area-avg - poly_dist_avg)); $\left(\left(O - NBI\right) \left(face-area-avg - poly_{dist, avg}\right)\right)$; ((O - NBI) .* (face_sub_area_sub_avg - poly_dist_avg)); ((newdata$O - newdata$NBI) * (newdata$face_sub_area_sub_avg - newdata$poly_dist_avg)); O,NBI,face-area-avg,poly_dist_avg
# Number of Samples Per Task
# Task, n_samples               
# all , 1041                  

# Sample ID , Property Value        ,  Property Value (EST) ,  Feature 0 Value      ,  Feature 1 Value      
s1          ,  6.774572406644882e-01,  4.664161876402984e-01,  5.834554558689270e-02,  2.759477468782551e-02
s2          ,  1.967875961713064e+00,  5.105502201261360e-01,  5.012886687094335e-02,  8.314902036164412e-02
s3          , -1.271285198486554e+00, -9.728080360340683e-01,  0.000000000000000e+00, -3.791995536868227e-01
s4          , -1.922048452937919e-01, -8.321677175669836e-01,  8.392103913200694e-03, -3.510321004019648e-01
s5          ,  2.455067115358116e-01,  3.167137018375906e-01,  5.821793311910056e-02, -4.029827415537564e-02
s6          ,  1.771859120156342e-01,  7.754392750782811e-01,  8.326039571946924e-02,  6.160707149731388e-02
s7          , -1.787554844087500e-01,  1.113014392100277e-01,  0.000000000000000e+00,  1.164444582775814e-01
s8          ,  1.258527874893824e+00,  9.696246920041705e-01,  1.822916666666667e-01, -2.759887840575059e-01
s9          ,  1.207996528852184e+00,  1.256455126111664e+00,  6.324898941406552e-02,  3.676810810366626e-01
s10         , -3.778119871449526e-01,  3.575465853529123e-01,  5.078125000000000e-02,  1.038847692821709e-02
s11         ,  2.051916464504999e-01, -1.223300635406982e+00,  0.000000000000000e+00, -4.937222654199975e-01
s12         , -9.030892502610830e-01, -3.704591980222223e-01,  0.000000000000000e+00, -1.038116878930409e-01
s13         , -1.915336013610817e+00, -7.719763885210769e-01,  0.000000000000000e+00, -2.873813325792656e-01
s14         , -4.972857440368104e-01, -6.273122488392769e-01,  9.989258861439311e-02, -6.513261923875037e-01
s15         ,  9.892906044607527e-01,  7.448728737222959e-01,  3.961632479540865e-02,  2.355403569551536e-01
s16         ,  7.196956197004112e-01,  1.262627840239585e+00,  9.834753620669123e-02,  2.193876848290640e-01
s17         , -8.233048349290433e-01, -5.623389923173593e-01,  0.000000000000000e+00, -1.915372112198551e-01
s18         ,  6.436893120625885e-01,  3.092766569206572e-01,  3.319429821414626e-02,  6.403992091464092e-02
s19         ,  6.782210382119218e-01,  1.403790596894887e+00,  0.000000000000000e+00,  7.073575774449766e-01
s20         ,  1.358387811126361e-01, -1.050757218414921e+00,  0.000000000000000e+00, -4.148371404498124e-01
s21         ,  1.192439177417436e+00,  3.572212873803026e-01,  0.000000000000000e+00,  2.288765538842985e-01
s22         , -1.675888320916539e+00, -1.849622839130275e+00,  0.000000000000000e+00, -7.800705143050127e-01
s23         ,  1.682267394333138e+00,  1.768123720267794e+00,  5.518958188196993e-02,  6.363103280974765e-01
s24         , -5.344901610254715e-02, -3.794677582083113e-02,  0.000000000000000e+00,  4.820966671304395e-02
s25         ,  7.630444568978922e-01,  7.759406415859528e-01,  0.000000000000000e+00,  4.203108558111445e-01
s26         , -7.690353008448225e-01, -1.800704261791483e+00,  0.000000000000000e+00, -7.577054298873803e-01
s27         ,  1.318355805735755e-01,  7.046169895250662e-01,  7.424001503700002e-02,  6.806474721335537e-02
s28         , -1.557515501210242e+00, -1.191609125640417e+00,  2.805201554908890e-02, -6.000101429123038e-01
s29         ,  1.315402392066626e+00,  1.079613077816148e+00,  0.000000000000000e+00,  5.591468572050530e-01
s30         , -1.602536800620832e+00, -7.668141686264845e-01,  0.000000000000000e+00, -2.850212172610021e-01
s31         , -6.577868421803238e-01, -1.225792335343253e-01,  0.000000000000000e+00,  9.516553294697323e-03
s32         ,  1.122204297021453e+00,  9.660092131226449e-01,  5.971270859591297e-02,  2.501174405206945e-01
s33         ,  1.732999170998263e+00,  6.443895618361939e-01,  0.000000000000000e+00,  3.601670175417309e-01
s34         ,  1.815120104294484e+00,  3.351029124988629e-01,  1.962809917355372e-02,  1.342561966070607e-01
s35         ,  5.934117724273275e-01,  9.100115500866985e-01,  4.357977328529177e-02,  2.939756271816780e-01
s36         ,  9.702627198604924e-01,  3.459475102296655e-01,  5.227871900979020e-02, -1.361801858606032e-03
s37         ,  1.142962175227537e+00,  3.464626466047458e-01,  4.377544826207132e-02,  3.548423209120569e-02
s38         ,  2.376281988155590e-01,  3.806752602201932e-01,  0.000000000000000e+00,  2.395994757481169e-01
s39         , -9.901628269429662e-01, -4.951180273983762e-02,  0.000000000000000e+00,  4.292225204551504e-02
s40         , -6.175077579414836e-01,  9.804839413578934e-02,  7.384563150746943e-03,  7.859133415819569e-02
s41         , -6.558266813617915e-01, -3.664604644038867e-01,  0.000000000000000e+00, -1.019835068664683e-01
s42         , -1.132806252875512e-01, -2.067630321603413e-01,  4.969062799655882e-02, -2.429126047790660e-01
s43         ,  3.987508132795206e-01,  3.349260190315899e-01,  0.000000000000000e+00,  2.186833801278467e-01
s44         , -1.257042213831158e-02, -2.120178073571580e-01,  2.637119113573407e-02, -1.449140596712476e-01
s45         , -2.453536714432208e-01, -2.953879986257495e-01,  0.000000000000000e+00, -6.948988617327485e-02
s46         ,  4.319604697532172e-01,  8.769739992727297e-01,  1.367166474432911e-01, -1.221261891070327e-01
s47         , -5.858250576994644e-01,  2.437215890242102e-01,  7.561819842957265e-02, -1.485857391502637e-01
s48         , -1.351740028810569e+00, -1.625184178442338e+00,  7.742878013148284e-02, -1.010826161437994e+00
s49         ,  1.400180920836999e+00,  5.343569159302739e-01,  5.595034831802011e-02,  6.896902986346073e-02
s50         ,  6.339509690024701e-01,  4.836472303616942e-01,  1.140992751502213e-01, -2.045729922717580e-01
s51         ,  9.663578673416964e-01,  6.960099978280014e-01,  0.000000000000000e+00,  3.837673647193722e-01
s52         ,  1.470345916377529e-01, -9.521600120833951e-02,  3.794507586984488e-02, -1.413443758897853e-01
s53         , -1.879048126514940e+00,  1.269635905917443e-01,  0.000000000000000e+00,  1.236050372819112e-01
s54         ,  2.462378298792408e+00,  1.482375160521821e+00,  0.000000000000000e+00,  7.432856541604352e-01
s55         ,  2.147693442064033e-01, -2.575268229924253e-01,  3.607116426550190e-02, -2.074832033127195e-01
s56         ,  1.250856345991485e+00,  1.354491943467341e+00,  5.644222308992413e-02,  4.418088151441026e-01
s57         ,  3.470878239384724e-01,  7.662386127969754e-01,  0.000000000000000e+00,  4.158751852603635e-01
s58         ,  2.650904256602346e+00,  2.762757758503281e-01,  0.000000000000000e+00,  1.918690753949199e-01
s59         ,  2.436955679659398e-02, -1.105762480367382e-01,  0.000000000000000e+00,  1.500419824516244e-02
s60         , -1.350996154759193e+00, -1.220183148644437e+00,  3.922200605869821e-02, -6.611658828973916e-01
s61         , -1.175408395594881e+00, -6.102368006684679e-01,  4.455224585401893e-02, -4.052536624675077e-01
s62         ,  5.137509822735412e-02, -1.111056949955881e-01,  1.834706438980630e-02, -6.423046901677058e-02
s63         ,  1.630781368412474e+00,  1.395198995840249e+00,  8.238191286036368e-02,  3.487372943578736e-01
s64         , -7.346563779561162e-02,  1.109970083968147e+00,  0.000000000000000e+00,  5.730257768750585e-01
s65         ,  6.477994742971301e-01,  1.129783977876632e+00,  7.649294334072669e-02,  2.527469432387128e-01
s66         ,  1.102507059534665e+00,  3.352360279836655e-01,  0.000000000000000e+00,  2.188251131209256e-01
s67         , -2.689254974131806e-01,  9.255698069651158e-02,  0.000000000000000e+00,  1.078746792728848e-01
s68         ,  1.634793292022643e+00,  7.519330426569419e-01,  0.000000000000000e+00,  4.093348216351421e-01
s69         ,  3.008420412735001e-01,  7.468705031222200e-01,  0.000000000000000e+00,  4.070202791806976e-01
s70         ,  4.428344099007711e-01,  1.026455859724230e-01,  0.000000000000000e+00,  1.124870887280758e-01
s71         , -2.587880550234566e-02, -4.356928701364554e-01,  4.630497520512915e-02, -3.330002343209004e-01
s72         ,  3.320850724266521e-01,  1.038595082701903e+00,  2.727302816302695e-02,  4.229708225857677e-01
s73         , -1.001377721869569e+00, -1.040518366891834e-01,  0.000000000000000e+00,  1.798709387503419e-02
s74         ,  1.535377236435878e+00,  8.740860237881904e-01,  0.000000000000000e+00,  4.651819431886846e-01
s75         ,  2.223324131252060e-01,  2.224668730902727e-01,  0.000000000000000e+00,  1.672681830935299e-01
s76         , -5.720277382811452e-01, -3.265336524508212e-01,  5.558190774377725e-02, -3.230352225603133e-01
s77         , -1.197863875151751e+00, -9.040594429834216e-01,  0.000000000000000e+00, -3.477683843680060e-01
s78         , -1.436625202734528e+00, -8.972140345234154e-01,  2.134749197231625e-02, -4.365495718267085e-01
s79         ,  4.409066269069510e-01,  8.708352508022064e-01,  5.376124660260630e-02,  2.322286568262850e-01
s80         ,  6.309139277294878e-01,  2.367826216141676e-01,  0.000000000000000e+00,  1.738132001740781e-01
s81         , -1.685326208098238e+00, -5.978267498322402e-01,  0.000000000000000e+00, -2.077618591100833e-01
s82         , -1.663665661245249e-01, -5.036686449493566e-01,  0.000000000000000e+00, -1.647137150537742e-01
s83         , -1.321966357459877e+00, -7.615557436156517e-01,  4.718615122452922e-02, -4.857753526096099e-01
s84         ,  1.425519064192979e+00,  3.966671870290450e-01,  7.385362427530759e-02, -7.106323208645753e-02
s85         , -6.984731689207798e-01, -1.835004547540474e-01,  0.000000000000000e+00, -1.833601988968089e-02
s86         , -2.932580333118892e-01,  8.334154965192070e-02,  0.000000000000000e+00,  1.036614763452986e-01
s87         ,  3.346071912195332e-02,  1.471071326245594e-01,  4.471372226150549e-02, -5.969881964232410e-02
s88         , -7.344698336486584e-02, -4.447332738385526e-01,  4.349110043222637e-03, -1.564939856532500e-01
s89         ,  2.903456543575506e-01,  8.905624653961819e-01,  7.970024199121523e-02,  1.295683536223633e-01
s90         ,  3.160753830639385e-01,  5.058831088158575e-01,  6.837011367891271e-02,  2.478248029018145e-03
s91         ,  4.911838748491691e-01,  1.350378116166046e+00,  6.138186457720950e-02,  4.186605701019711e-01
s92         , -8.899315452749768e-01, -1.081355183760607e+00,  0.000000000000000e+00, -4.288262242537973e-01
s93         ,  8.806558878772817e-01,  1.248770328860014e-01,  0.000000000000000e+00,  1.226510839625411e-01
s94         ,  2.174850994919374e-01,  7.190054487183768e-01,  4.095000000000000e-02,  2.179719394639071e-01
s95         , -7.665153489308597e-01, -1.426933934906905e+00,  0.000000000000000e+00, -5.868213738019861e-01
s96         ,  5.275622810365228e-01, -6.886265923351460e-02,  0.000000000000000e+00,  3.407523394772193e-02
s97         ,  2.030602111680013e+00,  2.176717869333176e+00,  6.825156619454613e-02,  7.668775955204942e-01
s98         , -9.469867286116609e-01, -4.194147735353306e-01,  0.000000000000000e+00, -1.261936875060228e-01
s99         , -9.198822372946849e-01, -1.774478476843831e+00,  0.000000000000000e+00, -7.457152632435148e-01
s100        , -4.843791818667553e-01, -5.564751741438762e-02,  0.000000000000000e+00,  4.011706464792487e-02
s101        , -2.042448773263304e-01,  1.643527100902620e-01,  0.000000000000000e+00,  1.406989688591528e-01
s102        , -5.164158759195604e-01, -1.785197733717799e+00,  2.031790516500949e-02, -8.380939920166779e-01
s103        ,  1.172650799800637e-01,  7.075773313359193e-01,  3.305555555555555e-02,  2.467363580118284e-01
s104        , -1.768695959917696e+00, -1.810553084532889e+00,  0.000000000000000e+00, -7.622082131654041e-01
s105        ,  5.247327840013729e-01,  2.373241249870645e-01,  5.405482466819053e-03,  1.507876646018939e-01
s106        ,  5.297962102782025e-01,  1.085389031296925e+00,  0.000000000000000e+00,  5.617875653821376e-01
s107        ,  1.497385912477808e-01, -1.137495433219537e+00,  0.000000000000000e+00, -4.544929849545478e-01
s108        ,  4.406641357796892e-01,  7.845872054200037e-01,  0.000000000000000e+00,  4.242639783382310e-01
s109        , -6.596772585897818e-01, -2.819058997138650e-01,  5.644329630247699e-02, -3.063405369325595e-01
s110        ,  1.094420195469493e+00,  1.981619637751815e-01,  4.453575497721243e-02, -3.559082976038114e-02
s111        ,  3.915962330096326e-01,  6.373781540644891e-01,  1.470588235294118e-02,  2.936458376455198e-01
s112        ,  8.365523515867515e-01,  1.038548878817726e-01,  0.000000000000000e+00,  1.130399694691018e-01
s113        , -1.291655352083360e-01,  3.404429698732942e-01,  1.882188007686455e-02,  1.401687640442025e-01
s114        ,  1.376602311009741e+00,  5.825970445642343e-01,  4.263823675070533e-02,  1.483387399486276e-01
s115        ,  2.854337653329592e+00,  6.578539578836767e-01,  1.973432135358211e-02,  2.813574116571062e-01
s116        , -4.031277243707178e-01, -7.878965321608916e-02,  0.000000000000000e+00,  2.953671155987737e-02
s117        , -1.548008576871541e+00, -1.210029023965598e+00,  0.000000000000000e+00, -4.876546173731439e-01
s118        , -1.376296935489929e+00, -1.246348113472056e+00,  0.000000000000000e+00, -5.042593419373509e-01
s119        ,  1.159776550977451e-01,  1.608908187563270e-01,  3.278514426701450e-02, -2.039003332690682e-03
s120        , -1.608916416404319e-01,  2.785745191099556e-01,  0.000000000000000e+00,  1.929200378278617e-01
s121        ,  3.197271174130288e-01,  7.022593467778326e-01,  0.000000000000000e+00,  3.866245045713806e-01
s122        , -1.530552753436365e+00, -5.789805881567842e-01,  4.473608075220807e-02, -3.917551290185931e-01
s123        , -1.233881263109963e+00, -1.668609993600467e+00,  0.000000000000000e+00, -6.973132512940182e-01
s124        , -5.427146006639550e-01, -3.458050979069137e-02,  0.000000000000000e+00,  4.974868988239895e-02
s125        ,  9.732454451545894e-01, -2.135594758313866e-01,  5.925044616299822e-02, -2.871793155812001e-01
s126        , -1.840471966312827e-01, -1.929025689124370e-01,  2.884886082184342e-02, -1.468422792891969e-01
s127        , -1.081994746251625e+00, -1.672199292881620e+00,  0.000000000000000e+00, -6.989542430356053e-01
s128        ,  4.539347974729817e-01,  1.140175857695991e+00,  6.307565674213934e-02,  3.152656396343028e-01
s129        , -9.281932508350824e-01, -8.780204952278866e-01,  0.000000000000000e+00, -3.358636378201733e-01
s130        , -7.213314288938638e-01, -7.145030879892655e-03,  0.000000000000000e+00,  6.229191651036595e-02
s131        , -2.205996399193568e-01, -2.435845212467089e-01,  0.000000000000000e+00, -4.580585430363939e-02
s132        , -1.239159936584262e+00, -7.310421151634389e-01,  0.000000000000000e+00, -2.686665921059761e-01
s133        , -3.218370754810609e-01, -1.463688015254748e-01,  0.000000000000000e+00, -1.359799316627650e-03
s134        , -1.004593496203065e+00, -6.062560909651425e-01,  6.577435980264093e-03, -2.399345777406251e-01
s135        ,  9.616883013837800e-01,  4.797149077036551e-01,  4.692892219261018e-02,  8.282866770108194e-02
s136        ,  1.177397001560173e+00,  9.020007292261907e-01,  2.582268645314482e-02,  3.667656427652942e-01
s137        , -1.190015539084228e+00, -3.060082138043982e-01,  0.000000000000000e+00, -7.434534236037761e-02
s138        ,  2.514478411301381e-01,  4.648133553609410e-02,  0.000000000000000e+00,  8.680935502044654e-02
s139        , -1.987650229798378e-01,  2.676383847429125e-01,  3.731762065095398e-02,  2.725050646564330e-02
s140        , -1.883191692860165e-02,  1.210862611396374e-01,  7.402482586924351e-02, -1.977931779940536e-01
s141        ,  4.763479271249645e-01,  8.730476867221798e-01,  5.142339704455645e-02,  2.433056854990602e-01
s142        , -1.264849480226229e+00, -9.132250099344845e-01,  9.355932203389832e-02, -7.547750020899853e-01
s143        ,  5.343202969822768e-02,  3.079300334937630e-01,  0.000000000000000e+00,  2.063410854754649e-01
s144        ,  1.580293395785219e-01, -1.596434101073592e-01,  0.000000000000000e+00, -7.428817626149294e-03
s145        ,  9.188749641933952e-01,  9.701226195599085e-01,  4.183439781501276e-02,  3.289724568362156e-01
s146        ,  8.965084025411505e-01,  4.181986905388604e-01,  0.000000000000000e+00,  2.567548128893437e-01
s147        ,  6.848734553557310e-01,  6.534127710605240e-01,  0.000000000000000e+00,  3.642923385751387e-01
s148        ,  2.946101194283518e-01,  6.944565874401085e-01,  6.185384106707957e-02,  1.167477284135408e-01
s149        , -1.049624548293927e+00, -4.832231900695337e-01,  0.000000000000000e+00, -1.553662575188320e-01
s150        ,  3.591106519707902e-01,  6.912782199024214e-01,  5.250439654130797e-02,  1.555482993152241e-01
s151        , -1.331621263631160e-02,  4.848365697929864e-02,  3.256094375824325e-02, -5.246514670103086e-02
s152        ,  6.334057303004041e-01,  3.308191752463630e-01,  8.749389454012614e-02, -1.598959654595232e-01
s153        ,  1.034338109925286e+00,  4.232489292915466e-01,  4.836152937127935e-02,  5.084494958207061e-02
s154        , -3.383324211856340e-02,  1.043092001774257e-01,  3.605117522655347e-02, -4.196932948308232e-02
s155        ,  1.136039203602913e+00,  4.936420304409110e-01,  1.314017172516407e-01, -2.744984962659092e-01
s156        , -1.392262169733224e+00, -1.049317091314077e+00,  0.000000000000000e+00, -4.141787287392791e-01
s157        , -5.253740885024729e-01, -1.861318126675126e-01,  0.000000000000000e+00, -1.953905041651074e-02
s158        ,  3.989423304234663e-01,  3.935106430178933e-01,  0.000000000000000e+00,  2.454676844209712e-01
s159        ,  5.765884380454732e-01,  2.811758295414076e-01,  0.000000000000000e+00,  1.941093309463630e-01
s160        , -8.116051377987674e-01, -1.309202112697300e+00,  0.000000000000000e+00, -5.329955618998168e-01
s161        , -3.068617279191663e-01, -3.095864204342803e-01,  0.000000000000000e+00, -7.598126265271993e-02
s162        ,  7.336330388262124e-01,  1.458907354961155e-01,  3.252165095799626e-02, -7.762430683072892e-03
s163        ,  5.366582957206302e-01,  1.437439159710971e-01,  4.574202431795375e-02, -6.566376526510893e-02
s164        ,  1.442528357282191e+00,  8.423587173744085e-01,  1.704330261330640e-03,  4.433386048269672e-01
s165        , -1.062713736405366e-01,  4.441299131486426e-01,  5.043575223511285e-02,  5.146103653193061e-02
s166        , -8.326065002207604e-01,  4.049110095939754e-02,  0.000000000000000e+00,  8.407067966892516e-02
s167        ,  3.946237056414995e-01,  5.889414601292330e-01,  9.243200000000000e-02, -6.314586882631651e-02
s168        ,  2.235679947771067e+00,  1.648820328798277e+00,  0.000000000000000e+00,  8.193827207948340e-01
s169        ,  1.625062009748738e+00,  6.419939571988923e-01,  0.000000000000000e+00,  3.590717710554429e-01
s170        ,  1.327620092596634e-01,  9.642009224597012e-01,  1.363062442607897e-01, -8.047993624287418e-02
s171        ,  5.954984467350798e-01,  2.541686587631644e-01,  0.000000000000000e+00,  1.817619225139052e-01
s172        ,  5.199772380778388e-01,  2.011896680149272e-01,  0.000000000000000e+00,  1.575404576859468e-01
s173        ,  6.222838143288129e-01,  7.512350609563955e-01,  2.929687500000000e-02,  2.828790960328751e-01
s174        ,  1.054103529053623e+00,  9.782109400766690e-01,  8.183227462813207e-02,  1.604609719149937e-01
s175        , -5.255654946879281e-01, -3.659746964709276e-04,  0.000000000000000e+00,  6.539123321297730e-02
s176        ,  9.849433920982633e-01,  9.944769912071041e-01,  0.000000000000000e+00,  5.202234896914958e-01
s177        , -4.422819104749493e-01,  1.907145649146447e-01,  0.000000000000000e+00,  1.527513452900831e-01
s178        , -6.072036959750036e-01, -3.784372512452199e-01,  5.108513699629598e-02, -3.274043482501592e-01
s179        ,  1.274608736041423e+00,  3.863492864419648e-01,  0.000000000000000e+00,  2.421935838015649e-01
s180        , -1.497077617346340e+00, -1.727541641553898e+00,  3.152621592854829e-02, -8.599911720110908e-01
s181        , -2.083438027973673e+00, -1.637499054207204e+00,  3.422592290168271e-02, -8.304480902749640e-01
s182        ,  1.836267684377070e+00,  4.692221534868098e-01,  0.000000000000000e+00,  2.800822299605252e-01
s183        ,  9.114464311238878e-01,  6.721825914518028e-01,  5.240614764424287e-02,  1.472409759312524e-01
s184        ,  1.514590021168478e+00,  5.417399561137201e-01,  0.000000000000000e+00,  3.132366442089126e-01
s185        ,  1.833338059507960e+00,  8.802162333361272e-01,  0.000000000000000e+00,  4.679846136974334e-01
s186        ,  2.453649877689343e-01,  3.948116000181687e-01,  0.000000000000000e+00,  2.460624689531002e-01
s187        ,  3.720198183543537e-01,  1.902364521247647e-01,  5.191738987463251e-02, -7.099565138217069e-02
s188        ,  1.146530015212694e+00,  6.061622239417109e-01,  0.000000000000000e+00,  3.426898608952821e-01
s189        ,  1.953473158179789e-01,  5.067399787610471e-01,  5.692803437164339e-02,  5.213345107051955e-02
s190        , -2.653274521332475e-01, -1.221675704637781e-02,  7.699167657550536e-02, -2.715116513481364e-01
s191        , -1.734213411135429e+00, -1.576246668112097e+00,  0.000000000000000e+00, -6.550856624307052e-01
s192        , -1.380433379832566e+00, -1.086403907905831e+00,  6.992221153966212e-02, -7.321819547065564e-01
s193        ,  1.331098677791819e+00,  8.094997712836125e-01,  0.000000000000000e+00,  4.356537543478783e-01
s194        ,  5.090097107027989e-01,  2.070373105139556e-01,  0.000000000000000e+00,  1.602139413653505e-01
s195        , -9.924573921340460e-02, -4.589342053326130e-01,  5.190311418685121e-02, -3.677285214029742e-01
s196        , -5.779338669443590e-01, -1.575005659652971e-01,  0.000000000000000e+00, -6.449130710907696e-03
s197        ,  2.483047809304522e-01,  3.075231970809392e-01,  1.345048828879899e-02,  1.482445024306132e-01
s198        , -5.206217556690500e-01,  7.470067556052747e-01,  0.000000000000000e+00,  4.070825724535482e-01
s199        , -5.943289801913764e-01,  4.940212451038789e-02,  4.087395957193817e-03,  7.054657791335631e-02
s200        , -1.021605773659559e+00, -1.112757039315330e+00,  0.000000000000000e+00, -4.431828386231768e-01
s201        , -1.880186336712063e-01, -2.095646137569613e-01,  0.000000000000000e+00, -3.025229276772549e-02
s202        ,  8.974446090874552e-01,  6.191944711640949e-01,  4.768365301338340e-02,  1.433478637179752e-01
s203        ,  1.491847227695687e+00,  7.482006661157578e-01,  9.026405288062093e-02,  1.899986410817724e-02
s204        ,  5.673187961114483e-01,  2.693103902012141e-01,  0.000000000000000e+00,  1.886845707237207e-01
s205        ,  7.052663182498152e-02,  6.037648486148123e-02,  0.000000000000000e+00,  9.316207835304972e-02
s206        ,  4.612958000362408e-01, -4.051788543058343e-02,  0.000000000000000e+00,  4.703418110824289e-02
s207        , -1.890335631962240e-01, -1.699309875563425e-01,  4.800039545387266e-02, -2.187961283675030e-01
s208        ,  1.196645888991632e+00,  1.880320879200533e-01,  6.048162437042474e-03,  1.254848032099593e-01
s209        ,  1.251755561530769e-01,  4.586001331408245e-01,  1.089665326055731e-01, -1.939254408539781e-01
s210        ,  4.275859111659360e-01,  3.292384917305631e-01,  1.202163774023963e-02,  1.643243813764610e-01
s211        ,  5.283027681041661e-01,  7.888200100881999e-01,  7.709750566893424e-02,  9.425870567982421e-02
s212        , -5.193859304496163e-01, -4.104165522598257e-01,  2.843494182702039e-02, -2.445053845579230e-01
s213        , -7.895660096178727e-01, -4.703737026437110e-01,  1.909197763211297e-02, -2.316914062625439e-01
s214        , -8.273130453363812e-01, -1.851137904184690e+00,  0.000000000000000e+00, -7.807631868986070e-01
s215        ,  7.097242197335737e-01,  7.525053460806943e-01,  1.115046569592024e-01, -7.048271712718804e-02
s216        , -4.103389107009319e-01,  1.610860644587268e-01,  0.000000000000000e+00,  1.392054911399256e-01
s217        ,  5.083753923761842e-01, -3.833541304054142e-01,  0.000000000000000e+00, -1.097071220409400e-01
s218        ,  1.227559854195250e+00,  9.611451808764062e-01,  5.456015763642744e-02,  2.700777718323144e-01
s219        ,  4.233903461072759e-01,  2.536068510984860e-01,  5.828987805083349e-02, -6.945985155317640e-02
s220        , -9.401298955648565e-02,  3.524814840901519e-01,  0.000000000000000e+00,  2.267095632138006e-01
s221        ,  1.262898065596499e+00,  1.335514631990943e-01,  1.647959363802100e-02,  5.566466384049728e-02
s222        , -8.196925206317609e-01, -3.762724536487939e-01,  7.581234567901235e-02, -4.328767099046447e-01
s223        ,  4.013207508237785e-01,  9.079655615801346e-02,  0.000000000000000e+00,  1.070698307765415e-01
s224        ,  7.221682333138075e-01,  3.366279720203031e-01,  3.987336659752125e-02,  4.778818597418178e-02
s225        ,  7.658761358813224e-01,  1.890232950463550e-02,  0.000000000000000e+00,  7.420050922805563e-02
s226        ,  1.021677840387193e+00,  1.247490590731807e-01,  6.177539583316358e-03,  9.599540666031471e-02
s227        , -1.713769108940136e-01,  2.795466637373772e-01,  0.000000000000000e+00,  1.933644926309492e-01
s228        ,  1.274319171489858e-01, -6.600933514110785e-03,  6.346277802751848e-02, -2.106959789969368e-01
s229        ,  2.041762025685344e-01, -4.494945227262009e-01,  4.494491278936139e-02, -3.334545132854576e-01
s230        , -1.775628277285172e+00, -9.835842510285693e-01,  0.000000000000000e+00, -3.841263314298756e-01
s231        , -2.906010097813954e-01, -3.267732554085951e-01,  2.650300494807704e-02, -1.979466225793785e-01
s232        ,  7.153226846206260e-01,  1.308552546229962e+00,  0.000000000000000e+00,  6.638156929756023e-01
s233        , -3.817422129899863e-01,  6.028653693651675e-02,  0.000000000000000e+00,  9.312095506115410e-02
s234        , -1.045314287465124e-01,  7.550303670768460e-01,  4.364946124965660e-03,  3.919577727525214e-01
s235        , -2.007585327297883e+00, -2.248119940402996e+00,  1.669261737434948e-02, -1.034128853164040e+00
s236        ,  1.304199689079254e+00, -2.678985281736646e-01,  5.979830427754961e-02, -3.143813698871871e-01
s237        , -2.782406460538666e-01,  1.058479694724823e-02,  5.856226401912013e-03,  4.518404961405249e-02
s238        , -2.322383208123123e-01, -1.787415348207274e-01,  0.000000000000000e+00, -1.616028928107513e-02
s239        , -3.517230695261006e-01, -3.532784837032648e-01,  4.252681599834713e-02, -2.790544757218832e-01
s240        , -8.445222562838290e-01, -6.133811638594311e-01,  0.000000000000000e+00, -2.148731816732004e-01
s241        , -1.536302083677280e+00, -1.680935531862151e+00,  0.000000000000000e+00, -7.029483641429918e-01
s242        ,  2.935750684089247e-01,  4.627797255735173e-01,  4.931250681434725e-02,  6.482363604442269e-02
s243        ,  1.616760901218624e-01,  3.946487258220098e-01,  4.878135626413146e-02,  3.596167332085953e-02
s244        ,  1.913693632034482e-02,  1.053773342980509e+00,  5.965004303895022e-02,  2.905121273750253e-01
s245        ,  1.011107650821608e+00,  3.079928114335380e-01,  0.000000000000000e+00,  2.063697869218072e-01
s246        , -1.106818107812668e+00, -7.858303775837481e-01,  2.180294333266031e-02, -3.875870066527796e-01
s247        , -1.990274764442437e+00, -1.068523725450647e+00,  0.000000000000000e+00, -4.229598098174965e-01
s248        , -9.667152724294116e-02,  6.128427948611268e-01,  4.225932797361369e-02,  1.637981723262704e-01
s249        , -3.381305046273163e-03, -4.173505658440010e-01,  0.000000000000000e+00, -1.252499523897625e-01
s250        , -1.066763974390572e+00, -6.883470189767563e-01,  0.000000000000000e+00, -2.491468210418880e-01
s251        ,  1.207378380322024e+00, -1.696991539187098e-02,  0.000000000000000e+00,  5.780007755147535e-02
s252        , -7.806439949963919e-01, -4.795324949559162e-01,  4.065803465315568e-02, -3.287305780470993e-01
s253        ,  1.425727038542695e-01,  3.831719208000606e-01,  5.456943945246034e-02,  5.794214020067802e-03
s254        ,  2.519006949731616e-01,  1.997504525011469e-01,  4.522072848995226e-02, -3.781371680739160e-02
s255        ,  2.957126742656839e-01, -7.219682581012665e-02,  0.000000000000000e+00,  3.255088632755421e-02
s256        , -1.208240274724157e+00, -1.074298484613236e+00,  2.660297769739358e-02, -5.401381117804096e-01
s257        ,  9.313485666439150e-01,  8.780788934410990e-01,  7.308641975308641e-02,  1.523365571912892e-01
s258        , -6.564646920389060e-01, -5.636183347183625e-01,  0.000000000000000e+00, -1.921221137733234e-01
s259        ,  6.730828234081326e-01,  3.756496530917218e-01,  0.000000000000000e+00,  2.373018184205194e-01
s260        , -1.076132473957489e+00, -1.917673559219451e+00,  5.246913580246913e-02, -1.037086553122770e+00
s261        ,  4.986447736713935e-01,  1.088853630620530e-01,  2.935925411624677e-02, -1.106533391218674e-02
s262        , -7.901168230278026e-01, -5.448966868353114e-02,  0.000000000000000e+00,  4.064642151022919e-02
s263        , -1.546259780331375e+00, -1.338608336425262e+00,  7.745036370381123e-02, -8.798994792428271e-01
s264        , -5.529113966692345e-01,  2.881290507861714e-01,  0.000000000000000e+00,  1.972882741735263e-01
s265        , -4.420703395591482e-01,  6.182200218112877e-01,  2.559016068240428e-02,  2.380250720207608e-01
s266        ,  1.642224930755288e-01,  7.110490305253776e-01,  2.509753128762805e-02,  2.825865642979760e-01
s267        , -5.742332897034260e-01, -4.338751323144715e-01,  0.000000000000000e+00, -1.328048189492973e-01
s268        , -1.103100765949088e+00, -6.736296316079459e-01,  0.000000000000000e+00, -2.424181786974706e-01
s269        ,  7.960085847259791e-01,  2.092312909918597e-01,  0.000000000000000e+00,  1.612170073020218e-01
s270        , -4.283987476508868e-01,  5.917996962996080e-01,  0.000000000000000e+00,  3.361234568696382e-01
s271        ,  2.199521430164574e-01, -4.158341625555668e-01,  0.000000000000000e+00, -1.245566679689559e-01
s272        ,  4.892735632468817e-01,  2.432340739457233e-01,  0.000000000000000e+00,  1.767627396713594e-01
s273        , -7.406199765582813e-01, -1.016172360943701e-03,  8.972921006248998e-03,  2.646138871666363e-02
s274        ,  1.772759222941352e-01,  4.327133722828396e-01,  0.000000000000000e+00,  2.633907802489616e-01
s275        ,  2.643568451335951e-01,  9.952900632709105e-02,  0.000000000000000e+00,  1.110622196772162e-01
s276        , -5.816893010125334e-01, -3.473623954770306e-01,  4.610995749966039e-02, -2.917767829897100e-01
s277        , -1.588157064474181e+00, -1.121940864870231e-02,  2.340104647640557e-02, -4.032319124174457e-02
s278        ,  1.926575532177041e+00,  9.007285895206204e-01,  9.832702020202021e-02,  5.401929696836515e-02
s279        ,  1.613883746546309e+00,  1.611700484272572e+00,  7.301464590893707e-02,  4.880500326052474e-01
s280        , -1.609264987376504e+00, -1.489509984363440e+00,  4.892766155591558e-02, -8.260867611283523e-01
s281        , -1.346496740458654e+00,  2.509820740569338e-01,  0.000000000000000e+00,  1.803050478491902e-01
s282        , -1.354536059868065e+00, -9.616918685837250e-03,  0.000000000000000e+00,  6.116179412213720e-02
s283        ,  4.444527822772946e-01,  2.746524998725917e-01,  1.474287329299470e-01, -4.436220451463479e-01
s284        ,  2.385788249720763e+00,  9.464910902137793e-01,  6.359795198731963e-02,  2.244661776895983e-01
s285        ,  4.002184027452821e-01,  5.277959722418559e-01,  1.572189710891781e-02,  2.391715457604991e-01
s286        ,  1.951350507345722e+00,  1.389290978353093e+00,  0.000000000000000e+00,  7.007284968307796e-01
s287        , -7.632184401675010e-01, -9.757099888051293e-01,  0.000000000000000e+00, -3.805262974768408e-01
s288        ,  7.091749484961576e-01, -1.164703499582920e-01,  4.281649416939633e-02, -1.720353635285930e-01
s289        ,  2.314010563846089e+00,  8.045244868639350e-01,  8.399725346626020e-03,  3.972143962169684e-01
s290        ,  7.654861282396249e-01, -1.521213385841994e-01,  0.000000000000000e+00, -3.989801739693100e-03
s291        , -1.053228118031399e+00, -2.182019662139038e-01,  0.000000000000000e+00, -3.420120394530343e-02
s292        , -1.544830063612452e+00, -1.221508279398676e-01,  0.000000000000000e+00,  9.712416048813748e-03
s293        , -1.690406548169091e+00, -1.546315768141822e+00,  3.896271062390685e-02, -8.091540685633382e-01
s294        ,  1.421215154761337e+00,  6.438708370517557e-01,  0.000000000000000e+00,  3.599298617570659e-01
s295        , -1.705271840139647e+00, -1.171368871922922e+00,  0.000000000000000e+00, -4.699795824258927e-01
s296        , -7.627385590929443e-01,  5.830516002405557e-01,  0.000000000000000e+00,  3.321239148245118e-01
s297        ,  3.113058113377143e-01,  2.465902798244382e-01,  0.000000000000000e+00,  1.782971634400755e-01
s298        ,  4.087923101857815e-01,  7.111910936475944e-01,  6.604105435584119e-02,  1.063706848592298e-01
s299        , -3.373353052859910e-01, -4.272366742835276e-01,  3.573443351428122e-02, -2.836230685409825e-01
s300        , -1.247040873629315e+00, -1.512498688842494e+00,  0.000000000000000e+00, -6.259407237309530e-01
s301        ,  1.197929368440681e+00,  1.598809589296514e+00,  9.614300642202167e-02,  3.825781407063181e-01
s302        , -1.485192472843855e+00, -9.263427400973014e-01,  0.000000000000000e+00, -3.579560849955939e-01
s303        , -8.549580863671642e-01, -9.172243421925473e-02,  0.000000000000000e+00,  2.362397340137844e-02
s304        ,  1.882993199254014e+00,  8.080646316254481e-01,  3.142984561150163e-02,  2.996775811577296e-01
s305        , -5.165357198073315e-01, -3.804942751365559e-01,  3.577097340426871e-02, -2.624102321822090e-01
s306        ,  1.036931584747022e+00,  1.006870735766293e+00,  7.694492818950874e-02,  1.946062338624460e-01
s307        ,  5.869139350739364e-01,  4.714583077790095e-01,  1.215731627749007e-01, -2.423241934580378e-01
s308        , -1.992374094653734e+00, -1.109753025124871e-01,  0.000000000000000e+00,  1.482175452903496e-02
s309        ,  1.168183907358183e+00,  3.442362186715711e-02,  4.004126312523559e-02, -9.109949345577646e-02
s310        , -1.689353307212060e-01, -1.221955435724172e-01,  9.592872008324661e-02, -4.033255956094776e-01
s311        ,  4.171830243610439e-01,  5.502455367501347e-01,  6.631780385781301e-02,  3.159645077717243e-02
s312        , -6.851064106122525e-01, -3.409195921109557e-01,  2.960609376315125e-02, -2.177744207738789e-01
s313        , -3.693039585493864e-01, -3.434493528849901e-01,  0.000000000000000e+00, -9.146305677039458e-02
s314        , -1.774434185617937e-01, -1.110487021243623e-01,  0.000000000000000e+00,  1.478819696041556e-02
s315        , -3.815749786763621e-01, -2.369720801055605e-01,  0.000000000000000e+00, -4.278271233235520e-02
s316        ,  6.374559564486622e-01,  1.138295016577798e+00,  7.720921141391174e-02,  2.535542392447143e-01
s317        , -2.030534733815181e+00, -1.790143989986424e+00,  0.000000000000000e+00, -7.528773792113028e-01
s318        , -8.028512356005929e-02,  5.106636238913099e-02,  2.368470432012500e-02, -1.306803791450833e-02
s319        , -5.934013466311562e-01,  3.257211428200884e-01,  0.000000000000000e+00,  2.144750027644101e-01
s320        ,  2.790171268766068e+00, -6.446677181962090e-02,  0.000000000000000e+00,  3.608498971844382e-02
s321        , -1.062277605983095e+00, -9.928850967981879e-01,  4.080405726529727e-02, -5.640589495200391e-01
s322        ,  7.515966182544803e-02,  3.552878101579906e-01,  0.000000000000000e+00,  2.279925874312863e-01
s323        ,  7.526438612763078e-01,  4.011210689148749e-01,  0.000000000000000e+00,  2.489470950436747e-01
s324        , -2.651743878812372e-01, -1.077334518584217e+00,  0.000000000000000e+00, -4.269880163381780e-01
s325        ,  3.264086782559880e-02,  5.178193063314538e-01,  5.141986921078563e-02,  8.091401090616446e-02
s326        , -8.716201269332444e-01,  3.915486675690222e-02,  0.000000000000000e+00,  8.345976675268142e-02
s327        , -1.671151256925621e-01, -2.987837355715988e-01,  5.964403181289517e-02, -3.278375634756419e-01
s328        , -8.227567374308942e-02,  5.063477385451743e-01,  0.000000000000000e+00,  2.970556762268355e-01
s329        , -3.051380631011923e-01,  1.402787197476804e-02,  1.769953062726422e-02, -4.232720676034714e-03
s330        ,  2.650804092125521e-01,  7.897577622604088e-02,  0.000000000000000e+00,  1.016654883887840e-01
s331        , -1.375958879843693e-01,  5.381663951669730e-01,  6.746240929610715e-02,  2.114593150464868e-02
s332        , -2.261103407740682e-02,  4.897474476395012e-01,  4.340088635893422e-02,  1.026052728720475e-01
s333        ,  1.323183942483754e+00,  9.871243971781531e-01,  0.000000000000000e+00,  5.168619572207698e-01
s334        , -8.334838045052184e-01, -1.106601784784896e+00,  2.946189432675919e-02, -5.672158177751109e-01
s335        , -6.616430929673620e-01, -7.259695673716046e-01,  1.798611111111111e-02, -3.437860123471150e-01
s336        ,  7.402611706142617e-01,  4.708243925422831e-01,  3.429094794714495e-02,  1.331763453093042e-01
s337        , -2.672477917829363e+00, -5.586208444982544e-01,  0.000000000000000e+00, -1.898373112150859e-01
s338        ,  5.119490895181960e-01,  5.828019172273193e-01,  4.201586709607547e-02,  1.511119952873754e-01
s339        , -5.205367300996894e-01, -5.418694631502136e-01,  5.409989996261387e-02, -4.151038721772815e-01
s340        , -5.182275979842598e-01, -4.978430983320437e-01,  0.000000000000000e+00, -1.620503333905519e-01
s341        ,  1.970306289887119e+00,  1.350119547488358e+00,  4.165453533548250e-02,  5.034776439338565e-01
s342        , -6.893119617348112e-02, -2.041988106703359e-01,  7.774262813683228e-02, -3.625171208827103e-01
s343        , -9.390007101093139e-01, -2.588049062724815e-01,  0.000000000000000e+00, -5.276446214729680e-02
s344        ,  1.061951331424555e+00,  1.007932647692547e+00,  5.568762378491978e-02,  2.866142698873884e-01
s345        , -7.723215780687482e-01, -4.146460537354233e-01,  0.000000000000000e+00, -1.240134764964032e-01
s346        ,  3.961380156477509e-01,  5.649749045261835e-01,  1.774270940208188e-02,  2.474688490096558e-01
s347        , -1.709617878224923e+00, -1.509102644437929e+00,  2.034955760182501e-02, -7.120023562997675e-01
s348        ,  3.055057864420297e-01,  6.892794310039376e-01,  5.892722236212541e-02,  1.269812332086705e-01
s349        , -2.198294962810686e-01, -4.064791554294953e-01,  4.629045154231368e-02, -3.195814849728136e-01
s350        ,  4.405144181634823e-01,  7.320141592045037e-01,  5.199391566113229e-02,  1.763702200533225e-01
s351        ,  8.658280652293555e-01,  6.836817239278383e-01,  0.000000000000000e+00,  3.781310011638401e-01
s352        ,  9.704682100223125e-01, -4.133772709130868e-01,  2.392234717120363e-02, -2.264301855778849e-01
s353        , -6.298376205439114e-02,  2.981450368863501e-01,  7.316333987681095e-02, -1.131345799671162e-01
s354        , -5.109688604423303e-01,  4.717941910225182e-01,  1.626604490894668e-02,  2.112252830601140e-01
s355        , -1.498401072816738e+00, -5.085082023518949e-01,  0.000000000000000e+00, -1.669263123070045e-01
s356        ,  1.467186882538691e-01,  2.491261979541685e-01,  0.000000000000000e+00,  1.794565598520935e-01
s357        , -9.744403926942342e-02, -3.521976276813964e-01,  4.145379209435830e-02, -2.739404542923009e-01
s358        , -9.190473297739495e-02,  2.419017988299959e-01,  0.000000000000000e+00,  1.761536368099987e-01
s359        ,  4.402510249016559e-01,  7.354394673459546e-01,  0.000000000000000e+00,  4.017941239238393e-01
s360        , -8.756909416699599e-01, -6.634147016664378e-01,  0.000000000000000e+00, -2.377480148683017e-01
s361        , -1.770572058768898e-01,  3.806780117025942e-01,  1.917083702351446e-02,  1.570614015841460e-01
s362        ,  8.704386959032419e-01,  3.395366821125703e-01,  1.498026792665575e-02,  1.562943378422440e-01
s363        , -1.069662019131376e+00,  1.183809195812747e-01,  1.266967362085732e-02,  6.513231317980564e-02
s364        , -9.988945697241733e-01, -1.576432161887634e+00,  0.000000000000000e+00, -6.551704683301102e-01
s365        ,  1.902823636872192e-01,  4.473555045405854e-01,  6.234400028276160e-02,  1.665221665410533e-03
s366        ,  1.236798092554710e+00,  4.802530374487403e-01,  2.348828513156623e-02,  1.839974940187784e-01
s367        ,  9.184480967949833e-01,  2.701527467412280e-01,  0.000000000000000e+00,  1.890696877110092e-01
s368        ,  1.622937156969908e-01,  3.974428613668125e-01,  9.051608132726033e-02, -1.424481961478104e-01
s369        ,  9.732086991131189e-01,  7.891732658657720e-01,  3.821191914978923e-02,  2.618406700160804e-01
s370        , -8.475872099006457e-01, -6.690309544352200e-01,  4.419058551683538e-02, -4.305766464312097e-01
s371        ,  5.916391131784779e-01,  1.424424024774009e-01,  0.000000000000000e+00,  1.306817953018720e-01
s372        ,  7.596908414790238e-01,  1.072968623422912e+00,  4.178772526234999e-02,  3.761935683900889e-01
s373        , -1.946434670867691e+00, -1.718361996336418e+00,  4.544667590027700e-02, -9.157283572671266e-01
s374        , -9.564014283175248e-01, -3.581833049815334e-01,  0.000000000000000e+00, -9.819927234269901e-02
s375        ,  7.284511861928945e-01,  2.650399107825115e-01,  0.000000000000000e+00,  1.867321502344333e-01
s376        ,  2.037232105036610e+00,  1.038374080111493e+00,  0.000000000000000e+00,  5.402927998072758e-01
s377        ,  7.637732850848320e-01,  3.710149788072132e-01,  0.000000000000000e+00,  2.351828916802058e-01
s378        ,  9.950925555332779e-01,  1.003346862786092e+00,  3.526637131080694e-02,  3.724406446248329e-01
s379        , -8.163846007494810e-01, -9.676656251619004e-01,  0.000000000000000e+00, -3.768484948555392e-01
s380        , -9.184292068832668e-01, -7.662597878375438e-01,  6.759512848901579e-03, -3.138705933040530e-01
s381        ,  1.520868814304400e-01,  5.032671245456179e-01,  3.124951225285053e-02,  1.611036272491438e-01
s382        , -7.921265824309522e-01, -1.000772642260710e+00,  3.361140971097216e-02, -5.366973775330676e-01
s383        ,  6.672838300456271e-01,  7.282416352185597e-01,  6.941204231644041e-02,  9.965235757509372e-02
s384        , -8.703903476353084e-01, -9.784155585768906e-01,  0.000000000000000e+00, -3.817632569232320e-01
s385        ,  8.850482925000751e-01,  3.177915988384469e-01,  1.389091892485118e-02,  1.510428551713664e-01
s386        ,  9.061627662896373e-01,  1.304912194089840e+00,  7.320625945069832e-02,  3.469645088993261e-01
s387        , -1.106690246889199e+00, -1.383407410844441e+00,  0.000000000000000e+00, -5.669214822266199e-01
s388        ,  2.054813205480302e+00,  1.234454446915847e+00,  0.000000000000000e+00,  6.299387828833669e-01
s389        ,  5.830110458201297e-01,  4.388087729213753e-01,  0.000000000000000e+00,  2.661775364723901e-01
s390        ,  4.058167767744563e-02,  5.746460451871228e-01,  5.054039781989426e-02,  1.106811593485433e-01
s391        , -3.572825686809578e-01, -3.687059246243348e-01,  2.957806676887526e-02, -2.303573849700240e-01
s392        , -7.654037138178210e-02,  1.427982910863528e-01,  0.000000000000000e+00,  1.308445040153196e-01
s393        ,  3.686774220084653e-01,  1.020132409528758e-01,  4.744673346540578e-02, -9.208217500833897e-02
s394        , -2.015273820649741e-01, -1.128439738315216e+00,  0.000000000000000e+00, -4.503528117930756e-01
s395        , -6.768380070474945e-01,  1.400345525916997e-01,  2.224776328283896e-02,  3.379402571080801e-02
s396        , -1.571978956162156e+00, -1.205891734237724e-01,  0.000000000000000e+00,  1.042638887843550e-02
s397        , -4.953598502673375e-01, -6.413725694749264e-01,  2.468444179898811e-02, -3.339485266599510e-01
s398        ,  1.555253169293308e-01,  7.264806245013737e-01,  0.000000000000000e+00,  3.976982305556471e-01
s399        , -1.863721424692930e+00, -1.282130785904211e+00,  1.168596809348136e-02, -5.709323268279763e-01
s400        , -1.580914135378971e+00, -1.087993414336622e+00,  4.682675316826992e-02, -6.334720164980737e-01
s401        , -1.745467987214961e+00, -1.068919191118323e+00,  1.818733650819201e-02, -5.014455196665217e-01
s402        , -6.980793622242579e-01, -6.306650550415600e-01,  0.000000000000000e+00, -2.227752038983430e-01
s403        ,  2.251226886668626e-01,  8.428022006650492e-01,  3.918718323700988e-02,  2.821603191887461e-01
s404        ,  7.040030298805582e-01,  4.494072855682594e-01,  0.000000000000000e+00,  2.710230704789758e-01
s405        ,  7.810975699633603e-01,  1.067835287497095e+00,  8.518938554483879e-02,  1.869824100935459e-01
s406        , -7.486530226048839e-01, -1.600727239320022e-01,  0.000000000000000e+00, -7.625095614024934e-03
s407        , -5.898664718227482e-01, -2.159838950200425e+00,  1.654745072516770e-02, -9.931426575169180e-01
s408        , -1.653430955336652e+00, -9.386562264863204e-01,  5.764951709121384e-02, -6.117935585631022e-01
s409        ,  3.615421057666913e-01,  1.839159771870923e-01,  7.380835224837701e-02, -1.681360408628441e-01
s410        , -1.927277741805878e+00, -6.807576504417850e-01,  0.000000000000000e+00, -2.456770376345410e-01
s411        , -7.559092474121808e-01, -1.178863129643163e+00,  0.000000000000000e+00, -4.734058821197675e-01
s412        ,  1.873884464024186e+00,  5.473357796552268e-01,  0.000000000000000e+00,  3.157949987788999e-01
s413        , -8.487613459239006e-02,  2.699247647232961e-01,  9.997519995039990e-02, -2.414740814096734e-01
s414        , -7.984251397438490e-02,  3.018933809225563e-01,  0.000000000000000e+00,  2.035811882809916e-01
s415        ,  3.823952603345894e-01,  1.874638584367412e-01,  6.113062547303460e-02, -1.119304997362543e-01
s416        , -9.819900149129637e-01, -7.096427253629433e-01,  5.446941774700223e-02, -4.933990752788305e-01
s417        , -1.482842264827313e+00, -1.619683488699558e+00,  3.921253192302279e-02, -8.437726531855197e-01
s418        ,  5.288306085486906e-02,  7.774840573404032e-01,  6.694758885084853e-02,  1.327761141388584e-01
s419        , -1.062501299146121e+00, -1.256653960620388e+00,  0.000000000000000e+00, -5.089710722043899e-01
s420        ,  1.615525737358244e+00,  1.063547232825194e+00,  0.000000000000000e+00,  5.518017135191521e-01
s421        , -8.420822469136372e-01,  1.432251652054210e-01,  0.000000000000000e+00,  1.310396665942013e-01
s422        , -2.976491469173829e-01, -2.921353593959584e-01,  5.396960934619340e-02, -3.003669756105622e-01
s423        ,  2.602465190009081e-01, -6.157786682559792e-02,  0.000000000000000e+00,  3.740576819526616e-02
s424        , -1.598544685575905e-02,  1.481495457821189e-01,  0.000000000000000e+00,  1.332910441545022e-01
s425        , -6.873434672527887e-01, -4.555447536309256e-01,  6.850302447848945e-02, -4.376491998180736e-01
s426        ,  3.868281565378119e-01,  6.578615179902417e-01,  0.000000000000000e+00,  3.663262611879479e-01
s427        , -4.350921811790253e-01,  9.463670825491394e-02,  6.093224451491101e-02, -1.535160227092617e-01
s428        ,  1.434023500487657e+00,  7.447908237302262e-01,  3.525785273225412e-02,  2.542680853216790e-01
s429        , -1.410084545291047e-01,  3.485775258455284e-01,  1.444924000750610e-02,  1.627140423273958e-01
s430        , -2.958129836419498e-04, -1.534017800085418e-01,  0.000000000000000e+00, -4.575206755642794e-03
s431        ,  4.037460271826608e-01,  2.312145462628981e-01,  3.687010162651728e-02,  1.252466838103430e-02
s432        , -1.066289337790876e+00,  5.205984899891076e-01,  3.661602877896692e-02,  1.459220151534556e-01
s433        ,  1.465780698491131e-01, -2.129182839442074e-01,  4.724557833266491e-02, -2.351996531511378e-01
s434        ,  4.355472814078697e-01,  8.306362681387534e-01,  3.250434164059700e-02,  3.053709046312515e-01
s435        ,  1.360224600447043e-01, -8.803042238006847e-02,  5.174633831475101e-02, -1.974800278023201e-01
s436        , -1.176834064700477e+00, -4.284255046221540e-01,  0.000000000000000e+00, -1.303133036597327e-01
s437        ,  4.255542297351823e-01, -2.257883372488836e-01,  3.858144104067783e-02, -2.037805891067264e-01
s438        ,  4.759340095896715e-01,  3.426977991913014e-01,  1.204636021495076e-02,  1.703714004630430e-01
s439        , -1.323840968987944e+00, -8.935336490679026e-01,  6.805293005671077e-02, -6.359554783766133e-01
s440        ,  1.911375936580773e+00,  1.029273468587895e+00,  8.000469044531430e-02,  1.916748457003560e-01
s441        , -5.968585101940267e-01, -3.627483543354658e-01,  0.000000000000000e+00, -1.002863672609398e-01
s442        ,  1.602708630643594e+00,  7.910134301456953e-01,  3.530630815406506e-02,  2.751919757580418e-01
s443        , -3.418194688489122e-01, -8.107886748756822e-01,  0.000000000000000e+00, -3.051259218127251e-01
s444        ,  7.637447106545253e-02,  1.572195826524201e-01,  1.637006795264219e-02,  6.695705019568136e-02
s445        ,  1.017156754691856e+00,  8.722715002500105e-01,  7.227725779117614e-02,  1.531652920920565e-01
s446        ,  1.325048844178530e-01,  3.479128048693695e-01,  6.625728803277392e-02, -6.064750243991700e-02
s447        , -1.204238242348799e-02, -4.614738828435705e-02,  0.000000000000000e+00,  4.446042869344993e-02
s448        ,  1.955645847805345e-01,  1.640395025167447e-01,  5.022588244914866e-02, -7.568991193034488e-02
s449        ,  1.023488117482967e+00,  8.346677535894137e-02,  0.000000000000000e+00,  1.037187282864043e-01
s450        ,  1.292595058164963e+00,  3.435971284485337e-01,  0.000000000000000e+00,  2.226477246499980e-01
s451        , -1.076547322827218e+00, -1.134305278104190e+00,  1.247165532879818e-02, -5.067307302126217e-01
s452        ,  1.041326926021929e+00,  8.049608736728644e-01,  1.269333333333333e-01, -1.129281718047957e-01
s453        , -2.986039119797084e-01, -5.535472720184886e-02,  5.760000000000000e-02, -2.077437512978670e-01
s454        , -1.068578759667890e+00, -1.274963741443741e+00,  5.460915871105866e-02, -7.524598407000709e-01
s455        , -1.019022963464540e-01, -6.063179325328976e-01,  0.000000000000000e+00, -2.116439429366535e-01
s456        , -1.276108587100781e+00, -9.239892678480915e-01,  6.974773874525472e-02, -6.571764190873403e-01
s457        , -1.562653854847452e+00, -1.133418039230082e+00,  0.000000000000000e+00, -4.526288411928324e-01
s458        , -1.571215894852860e-01,  6.480623278445520e-01,  6.309393796661097e-02,  9.019754533971248e-02
s459        , -7.908915586506604e-01, -4.395368343053903e-01,  0.000000000000000e+00, -1.353932924876307e-01
s460        ,  1.259413921430306e+00,  8.264379264654446e-01,  1.721935127095212e-02,  3.692604273869698e-01
s461        , -2.175818754703068e+00, -1.403411869709830e+00,  8.913068081673496e-03, -6.144422068584182e-01
s462        ,  1.056177437374778e+00,  6.970808398851842e-01,  5.522682445759369e-03,  3.604792373117245e-01
s463        ,  7.682398919925582e-01,  4.419181685262519e-01,  1.010848126232742e-01, -1.676178134295530e-01
s464        , -1.670624175566991e+00, -1.213604142023177e+00,  8.674893102314082e-02, -8.627834503136641e-01
s465        ,  3.572362737692147e-01,  1.333052885822673e-01,  1.757080383173678e-02,  5.085395000321653e-02
s466        , -1.202841334482275e+00, -3.309104190341022e-02,  3.654354303704953e-02, -1.069072177419551e-01
s467        , -9.998937028287650e-01, -1.002284380988786e+00,  3.482263168253872e-02, -5.426034009130793e-01
s468        , -9.085815979292673e-01, -4.615360615035650e-01,  0.000000000000000e+00, -1.454511191902012e-01
s469        ,  1.368123103534694e+00,  7.053247661640324e-01,  2.117439466718949e-02,  2.968604079709899e-01
s470        ,  6.270281968061774e-01,  6.439740737044939e-01,  5.173605439124735e-02,  1.372293854761899e-01
s471        , -2.645435144970039e-02,  2.640291547378351e-02,  2.582073669506555e-02, -3.354052788217018e-02
s472        , -9.877961354209573e-01, -7.702507155435518e-01,  7.586974403638652e-02, -6.132467583273754e-01
s473        ,  9.062936723193107e-01,  9.003766914768028e-01,  7.646438829488661e-02,  1.479871684599613e-01
s474        , -1.654729567131913e+00, -1.778129972047312e+00,  7.946325620140509e-03, -7.815973023726734e-01
s475        ,  1.613264697983012e+00,  1.152875445536034e+00,  0.000000000000000e+00,  5.926416791689694e-01
s476        ,  6.116129809221722e-01,  1.590395505796027e-01,  0.000000000000000e+00,  1.382698454576834e-01
s477        ,  5.840337661930541e-01, -9.830421885128056e-02,  1.241441137623471e-02, -3.283494327101793e-02
s478        , -1.152221920522414e+00, -1.011738632664035e+00,  0.000000000000000e+00, -3.969982331951815e-01
s479        , -5.094753281829528e-01, -3.964045780677158e-01,  0.000000000000000e+00, -1.156736562194354e-01
s480        ,  2.973171178971667e-01,  8.462438089683572e-01,  0.000000000000000e+00,  4.524527609700993e-01
s481        , -1.675140558535767e+00, -7.187390543072293e-01,  3.987583810755668e-02, -4.347257067394920e-01
s482        ,  5.105384321341787e-01,  2.160682574002667e-01,  0.000000000000000e+00,  1.643427999804464e-01
s483        ,  6.412437341666035e-01,  8.007277578742930e-01,  0.000000000000000e+00,  4.316432775293616e-01
s484        ,  2.259666720581154e+00,  9.998908067317407e-01,  0.000000000000000e+00,  5.226986320160861e-01
s485        , -6.133731587036794e-02, -1.346376939183731e+00,  0.000000000000000e+00, -5.499915208546691e-01
s486        ,  1.705016907792880e+00,  9.510231780675358e-01,  0.000000000000000e+00,  5.003568408230337e-01
s487        , -8.949077256537036e-01,  9.225881562173516e-02,  0.000000000000000e+00,  1.077383611820789e-01
s488        ,  4.414328374469543e-01, -1.298302068017216e-01,  0.000000000000000e+00,  6.201480820038152e-03
s489        ,  1.128277752007163e+00,  3.912118925581997e-01,  7.987843308043360e-02, -9.949693038971394e-02
s490        ,  1.504039442617624e+00,  1.246370126373062e+00,  0.000000000000000e+00,  6.353865123851556e-01
s491        , -5.198334157682940e-01, -7.576596701041215e-01,  2.571332379429341e-02, -3.915436398047968e-01
s492        ,  1.151627147663105e+00,  3.651476388779365e-01,  2.750723882044006e-02,  1.140689997847980e-01
s493        , -8.097664188918848e-01,  1.395139183521096e-01,  1.354401546093782e-02,  7.102966234511209e-02
s494        ,  6.975315577850428e-01,  1.452278165683971e-01,  1.041666666666667e-01, -3.165304846867840e-01
s495        ,  5.757891210893783e-02, -6.283882457229328e-03,  5.621346672200095e-02, -1.793393838278860e-01
s496        ,  1.842735197085195e-01,  1.032176145266020e+00,  0.000000000000000e+00,  5.374591659696853e-01
s497        , -3.806010851052651e-01, -6.194365260304681e-01,  0.000000000000000e+00, -2.176416327096369e-01
s498        ,  2.924357353950326e-01,  2.586896551361904e-01,  0.000000000000000e+00,  1.838288768497656e-01
s499        , -7.813708299191796e-01, -3.749267256968039e-01,  5.228337589736372e-02, -3.309583444896322e-01
s500        ,  1.758078897939561e-01,  3.709817212756199e-01,  5.288072488686518e-02,  7.491674999937146e-03
s501        ,  5.268597846364342e-01, -4.311690620845360e-02,  0.000000000000000e+00,  4.584593479646486e-02
s502        , -1.555727833576514e+00, -3.041909016227426e-01,  0.000000000000000e+00, -7.351448540240783e-02
s503        ,  1.172585934883692e+00,  8.816001521275932e-01,  1.835531496915270e-02,  3.895891955593761e-01
s504        ,  2.953705009587213e-01,  2.555579429198629e-01,  6.073675637523675e-02, -7.910277630855948e-02
s505        ,  1.048522988543108e+00,  8.381369280371076e-01,  1.248699271592092e-02,  3.949840892368173e-01
s506        ,  3.661355339494778e-01, -2.297626188965463e-01,  0.000000000000000e+00, -3.948661875570513e-02
s507        ,  7.001138090247849e-01,  2.296318542708087e-01,  3.672058893647810e-02,  1.244479880325268e-02
s508        ,  5.464601963517310e-01,  6.810829405446779e-01,  6.304820006617408e-02,  1.054911621341627e-01
s509        ,  2.946634304577050e-01,  7.430920158290256e-01,  8.625000000000001e-02,  3.394659698730672e-02
s510        , -1.105581921856613e+00, -3.289419226573304e-02,  0.000000000000000e+00,  5.051965739315523e-02
s511        ,  1.309201174401844e+00,  1.985565589785417e-01,  0.000000000000000e+00,  1.563366265632274e-01
s512        ,  7.885562671323768e-01,  9.490577297897254e-01,  1.304706456331785e-01, -6.227829773857890e-02
s513        , -5.799590652888761e-01, -3.608359384146136e-01,  2.375551335191178e-02, -2.016905168665296e-01
s514        ,  1.756955937636850e+00,  7.947116604591800e-01,  0.000000000000000e+00,  4.288927779467213e-01
s515        ,  1.301480913945963e+00,  3.680745443946538e-01,  1.476112495550018e-01, -4.016962391281680e-01
s516        ,  1.639096205345820e+00,  3.770301145861399e-01,  0.000000000000000e+00,  2.379329516123972e-01
s517        ,  1.265571797582470e+00,  1.031017628813605e+00,  3.474571723796640e-02,  3.873330990877561e-01
s518        ,  1.441905473368953e+00,  7.536296026953431e-01,  1.379978095585784e-01, -1.840340101496298e-01
s519        , -3.428509295553606e-01, -1.815031506963182e-01,  0.000000000000000e+00, -1.742287244572667e-02
s520        , -7.417091464175271e-01,  2.910074419535457e-01,  0.000000000000000e+00,  1.986042458339336e-01
s521        , -3.011966055380439e-01, -2.832376355804441e-01,  0.000000000000000e+00, -6.393486168163554e-02
s522        , -6.069082570615004e-01, -3.224424094206546e-01,  4.890382555786421e-02, -2.924125104769513e-01
s523        ,  1.256149620532759e+00,  9.027464049819566e-01,  3.849854514408983e-02,  3.125311159383917e-01
s524        ,  7.847794981407887e-02,  9.027989106251896e-02,  0.000000000000000e+00,  1.068336166610665e-01
s525        ,  7.540604241380652e-01,  1.927632123285511e-01,  5.860587640680187e-02, -9.863747409030746e-02
s526        ,  6.882803931636601e-01,  5.835197454149905e-01,  0.000000000000000e+00,  3.323379461172338e-01
s527        , -3.347470952839998e-01,  1.933749062648722e-01,  0.000000000000000e+00,  1.539676267543925e-01
s528        , -8.880876507782670e-01, -1.972718219807460e+00,  0.000000000000000e+00, -8.363484915078118e-01
s529        ,  9.212434057068957e-01,  1.032616222318771e+00,  2.231804853852841e-02,  4.415708295207200e-01
s530        ,  1.578253206298823e+00,  1.721188302253422e+00,  6.656413371654105e-02,  5.658792106671270e-01
s531        , -1.270304683847079e+00, -5.900749337698348e-01,  0.000000000000000e+00, -2.042178063175223e-01
s532        , -1.264611305197325e-01, -1.069161868494699e-01,  5.624486113271968e-02, -2.254826346417799e-01
s533        ,  8.237391297987288e-01,  4.259506626836039e-01,  0.000000000000000e+00,  2.602989370411891e-01
s534        ,  1.456467143630557e+00,  9.972571468740641e-01,  0.000000000000000e+00,  5.214945490633801e-01
s535        , -1.038398689934333e+00, -5.009074632338973e-01,  9.921297954852472e-03, -2.061671130006931e-01
s536        ,  5.135961834965114e-02,  5.728435541668983e-01,  7.174744897959184e-02,  1.855090146036572e-02
s537        , -8.440212331633648e-02,  3.731902165903673e-01,  2.381612717555067e-02,  1.336379310187961e-01
s538        , -1.317636610189325e+00, -5.521966476145346e-01,  0.000000000000000e+00, -1.869002326360252e-01
s539        ,  2.901282138702423e-01,  2.657108941257136e-02,  6.320862692868370e-02, -1.944358236178606e-01
s540        , -9.824868919009931e-02, -1.146274345109000e-01,  0.000000000000000e+00,  1.315203629738741e-02
s541        , -2.175405710121729e+00, -1.226560370963464e+00,  0.000000000000000e+00, -4.952125839220048e-01
s542        ,  2.591231555634874e-01, -2.665144500348155e-01,  0.000000000000000e+00, -5.628918846695005e-02
s543        , -1.058007309971476e+00, -3.112036277977783e-01,  0.000000000000000e+00, -7.672063368869582e-02
s544        ,  3.414925189823615e-01,  4.738507570383943e-01,  5.596404789516919e-02,  4.124723600071232e-02
s545        , -3.918998056173665e-01,  6.031552707404086e-01,  6.728366338805931e-02,  5.162777950469622e-02
s546        ,  5.616853932534658e-01,  4.919461075054898e-01,  3.614729128249871e-02,  1.348405643920063e-01
s547        , -1.305950209492648e+00, -1.579537688948043e+00,  0.000000000000000e+00, -6.565902842496588e-01
s548        , -3.050762501887698e-01,  2.178114263461864e-01,  4.095505709749162e-02, -1.119072922319934e-02
s549        ,  1.039973910986755e+00,  6.484396787480806e-01,  0.000000000000000e+00,  3.620186904963285e-01
s550        ,  2.095033672336812e+00,  7.722136042256945e-01,  0.000000000000000e+00,  4.186068915970473e-01
s551        , -1.303711602903422e+00, -1.410586478112422e+00,  0.000000000000000e+00, -5.793474800153759e-01
s552        ,  3.401293169548341e-01,  4.584216237385077e-01,  0.000000000000000e+00,  2.751443357551600e-01
s553        , -5.647880997296292e-02,  7.706125252421624e-01,  9.570275849127415e-02,  5.830195481579716e-03
s554        , -1.031552667181044e+00, -1.122741750418798e+00,  0.000000000000000e+00, -4.477477487015745e-01
s555        , -8.490058291493487e-01,  1.271577404483387e-02,  0.000000000000000e+00,  7.137207793181043e-02
s556        , -7.911863624049646e-01,  4.606257008783587e-02,  4.294149221685454e-03,  6.812959846513175e-02
s557        ,  2.474068956648234e-01,  5.734386888132463e-01,  0.000000000000000e+00,  3.277289878403922e-01
s558        , -5.007238229142660e-01, -3.446366023372330e-01,  3.910166891783613e-02, -2.603566494776903e-01
s559        ,  2.118829903875907e-01,  7.485348989358946e-01,  5.388266006219655e-02,  1.757914176716191e-01
s560        ,  1.297132454751414e+00,  7.626922495106209e-01,  1.205066822556210e-01, -1.045832548128413e-01
s561        , -5.288135218546878e-01,  2.527265370363319e-02,  0.000000000000000e+00,  7.711295775433959e-02
s562        , -7.943538387030609e-01, -5.275201221892246e-01,  7.876618749747918e-02, -5.147432886835861e-01
s563        , -1.695221398164227e+00, -4.705422207515799e-01,  4.670499029155686e-02, -3.506552591689958e-01
s564        , -8.235878596232101e-01, -9.292045374223679e-01,  0.000000000000000e+00, -3.592644701172215e-01
s565        ,  5.786852470915557e-01, -1.683422450727013e-01,  3.474122546103510e-02, -1.609829035558044e-01
s566        , -8.302212330074121e-01, -6.274245881016645e-01,  5.276450779230949e-02, -4.484693380680164e-01
s567        ,  5.393556498613846e-01,  4.811029083663381e-01,  8.956708673362195e-03,  2.469512132707151e-01
s568        ,  6.041187276553234e-01,  2.456111021449694e-01,  4.227231915358295e-02, -4.152418644233852e-03
s569        ,  5.614800719887970e-01,  5.049067646982871e-01,  3.652415209636692e-02,  1.391434869236994e-01
s570        ,  4.733969246303092e-01, -2.000114369946526e-01,  0.000000000000000e+00, -2.588467587515135e-02
s571        ,  5.730080514530493e-01,  2.171589490975844e-01,  6.648199445983378e-02, -1.213943231165224e-01
s572        ,  2.101230454819456e+00,  2.167504683160751e+00,  7.536139492036899e-02,  7.320543134351046e-01
s573        , -3.811463660619586e-01, -8.561448492669882e-01,  0.000000000000000e+00, -3.258623112235846e-01
s574        ,  6.881700420271472e-01,  1.126118621493331e+00,  5.516836391387046e-02,  3.428833695893742e-01
s575        ,  3.262214597255070e-01,  1.214301395994136e-01,  0.000000000000000e+00,  1.210751988177379e-01
s576        , -9.238693298049331e-01, -6.616405587262408e-01,  0.000000000000000e+00, -2.369368944558732e-01
s577        , -6.565756372879821e-01, -9.012899205384541e-02,  0.000000000000000e+00,  2.435247922641876e-02
s578        ,  6.712394147332970e-01,  8.807921914643680e-01,  1.037886485701844e-01,  2.138973551477609e-02
s579        ,  5.839122855740916e-01,  7.913156772811986e-02,  4.789201183431953e-02, -1.044605768137532e-01
s580        ,  8.930567879170550e-01,  5.163515259842545e-01,  0.000000000000000e+00,  3.016293078151291e-01
s581        ,  2.904861379712105e-01,  2.443503918709474e-01,  1.647310979286355e-02,  1.063487420962035e-01
s582        ,  1.328044708555014e+00,  2.081987160215678e-01,  0.000000000000000e+00,  1.607449243504229e-01
s583        , -1.299353843688629e-01,  1.088042183263138e-01,  7.234974929429451e-02, -1.961964247135041e-01
s584        ,  3.159094534140010e-01,  4.208013794358494e-01,  2.534402221941674e-02,  1.488269828141616e-01
s585        ,  6.465779848987863e-01,  1.466695868433466e+00,  6.671134497944113e-02,  4.488940019537037e-01
s586        , -1.841977151216957e+00, -1.540356647510823e+00,  0.000000000000000e+00, -6.386771038796462e-01
s587        , -1.519059721495913e+00, -1.895723757155315e+00,  0.000000000000000e+00, -8.011473930584506e-01
s588        ,  9.387912361205542e-01,  3.790691581210701e-02,  0.000000000000000e+00,  8.288921605910521e-02
s589        ,  7.816518315318011e-01,  2.926298924289611e-01,  4.937710357589509e-02, -1.324528529999071e-02
s590        ,  1.602915956175816e+00,  4.405450281702475e-01,  0.000000000000000e+00,  2.669713350111876e-01
s591        ,  6.259814475720535e-01,  5.219353482136825e-01,  8.155369376940164e-02, -4.694424672227841e-02
s592        , -1.866544971407417e+00, -2.153663235248592e+00,  0.000000000000000e+00, -9.190747432805035e-01
s593        , -1.403474560349544e+00, -8.765895823781653e-02,  0.000000000000000e+00,  2.548175398899627e-02
s594        , -1.647273275131083e+00, -9.966049078082103e-01,  2.048707294552170e-02, -4.782855828709874e-01
s595        , -6.257274702470922e-01,  6.650257970038236e-01,  0.000000000000000e+00,  3.696016979166275e-01
s596        , -8.694069998626694e-01, -4.189232161079368e-01,  0.000000000000000e+00, -1.259689523653494e-01
s597        ,  1.839102866755815e+00,  1.965946485231929e-01,  0.000000000000000e+00,  1.554396607203774e-01
s598        , -9.091043104888928e-01,  1.068340339664859e-01,  0.000000000000000e+00,  1.144020052702582e-01
s599        ,  1.564046405735407e+00,  1.221853056322056e+00,  1.953005210951788e-02,  5.400916336810985e-01
s600        ,  2.905731218387105e-01, -7.163908055467147e-01,  3.194441152347449e-03, -2.757217084745150e-01
s601        ,  3.859556967138555e-01, -1.139737873414976e-01,  0.000000000000000e+00,  1.345087724735589e-02
s602        , -1.440073457507333e+00, -7.066510124740537e-01,  0.000000000000000e+00, -2.575152238454223e-01
s603        , -1.400421335117203e+00, -1.201256868349003e+00,  0.000000000000000e+00, -4.836440755388829e-01
s604        , -1.410598066968925e+00, -6.863790442647352e-01,  0.000000000000000e+00, -2.482470826815245e-01
s605        , -1.621387133323043e-01, -3.421964565631869e-01,  0.000000000000000e+00, -9.089024509989961e-02
s606        , -9.979698047533583e-01,  1.932977343824197e-01,  0.000000000000000e+00,  1.539323445413844e-01
s607        ,  8.102904644198852e-01,  2.107153533374784e-01,  0.000000000000000e+00,  1.618955057671534e-01
s608        ,  6.515689709358394e-01,  6.574406473551841e-01,  5.327134235372093e-02,  1.367760425682590e-01
s609        ,  1.387300347613353e-02, -6.725103666708198e-01,  0.000000000000000e+00, -2.419064619598567e-01
s610        ,  1.548918422462740e-02,  3.585759029782207e-01,  4.925037807068861e-02,  1.745018331370052e-02
s611        ,  1.874583079024923e-01,  3.032352830557043e-01,  3.777354479582472e-02,  4.156208783826161e-02
s612        , -6.619121708260401e-01, -2.016589683469418e-01,  0.000000000000000e+00, -2.663791073559004e-02
s613        ,  1.853178585757171e+00,  7.865789533071547e-01,  0.000000000000000e+00,  4.251745855565535e-01
s614        , -3.191525488535212e-01, -1.227252787286999e-01,  2.111414836459610e-02, -8.145640456521293e-02
s615        , -1.037736039722638e-01, -2.785962212603142e-01,  0.000000000000000e+00, -6.181285346443013e-02
s616        , -8.799864633294985e-01, -1.467419218840578e+00,  0.000000000000000e+00, -6.053308408001282e-01
s617        , -1.183843594802837e+00, -8.468067386650306e-01,  0.000000000000000e+00, -3.215930204290554e-01
s618        , -1.123650075268739e+00, -1.480309143915727e+00,  8.582033854451732e-02, -9.807202896832059e-01
s619        ,  9.176659138352715e-01,  2.667647997588415e-01,  0.000000000000000e+00,  1.875207522270770e-01
s620        ,  1.595155267894712e+00,  7.414036030945885e-01,  0.000000000000000e+00,  4.045208671521352e-01
s621        ,  1.133359360912494e+00,  4.947776622830849e-01,  3.126505519325655e-02,  1.571554104327193e-01
s622        , -1.002419121282031e+00,  2.998860352605717e-02,  0.000000000000000e+00,  7.926904285790604e-02
s623        ,  1.034471969936265e-01, -6.236771076919193e-01,  0.000000000000000e+00, -2.195803842432596e-01
s624        ,  1.639327811745190e+00,  5.185317046495508e-01,  0.000000000000000e+00,  3.026260637010819e-01
s625        , -4.972654620844768e-01,  4.534466020278296e-01,  4.210418820646544e-02,  9.159177532965777e-02
s626        ,  3.826916613216537e-01,  1.442513973115930e-01,  4.373029532490753e-02, -5.677032484897192e-02
s627        ,  3.687647283893495e-01, -1.492855971984948e-01,  3.242431620809999e-02, -1.422950273162382e-01
s628        , -2.769187143037049e-02,  7.778300714099829e-01,  0.000000000000000e+00,  4.211746842340966e-01
s629        , -6.084255915863079e-01, -1.774132268341778e+00,  0.000000000000000e+00, -7.455569801781489e-01
s630        ,  2.575662011885660e-01,  5.666146520123969e-01,  9.202526715101018e-02, -7.160228896136690e-02
s631        ,  1.966623425207500e-01,  9.062814955905635e-02,  0.000000000000000e+00,  1.069928369634124e-01
s632        , -1.969402937452175e-01,  1.970565237868920e-01,  2.270253297829670e-02,  5.790590661324167e-02
s633        ,  2.667860134858853e+00,  5.870640461712483e-01,  0.000000000000000e+00,  3.339583649831833e-01
s634        ,  6.040142711820374e-01,  6.515395299424906e-01,  8.473829871783617e-02, -1.401709972881986e-03
s635        ,  1.911892919802316e+00,  6.611065108881578e-01,  0.000000000000000e+00,  3.678098394938721e-01
s636        , -2.071432026808114e-01, -4.873496877315390e-01,  2.378924362734011e-02, -2.596765624882784e-01
s637        , -3.698619835175476e-01, -6.890456184194271e-01,  0.000000000000000e+00, -2.494662137217126e-01
s638        ,  1.470155794820396e-01,  5.058359543772172e-01,  0.000000000000000e+00,  2.968216936226257e-01
s639        ,  1.040284966432418e-01, -6.166083125979294e-01,  0.000000000000000e+00, -2.163486018078643e-01
s640        , -7.663785491668940e-02, -5.595147165450998e-02,  3.654967281380131e-02, -1.173851691683181e-01
s641        ,  1.396787091256106e+00,  1.037641411961767e+00,  5.008529630426009e-02,  3.243174343009834e-01
s642        ,  1.137451761223006e+00,  3.689236267452529e-01,  0.000000000000000e+00,  2.342267464291123e-01
s643        ,  6.186651151125386e-02,  3.510918757717145e-01,  4.511179772220698e-02,  3.184706603918112e-02
s644        , -1.171820789178678e+00, -5.150863981460290e-01,  0.000000000000000e+00, -1.699337976480564e-01
s645        ,  4.823756822475945e-01, -7.550400835164889e-02,  2.965561224489796e-02, -9.664226979340385e-02
s646        ,  8.205150420430785e-01,  6.902664879609163e-01,  0.000000000000000e+00,  3.811414894380605e-01
s647        ,  3.518506790799084e-01, -1.529757859456560e-02,  0.000000000000000e+00,  5.856465321334337e-02
s648        ,  4.210663223398269e-02,  8.023635400513991e-01,  0.000000000000000e+00,  4.323911407843878e-01
s649        ,  5.870347574891154e-01,  9.804876721169375e-01,  0.000000000000000e+00,  5.138277128840482e-01
s650        , -7.940906852652418e-01, -8.477390157885814e-01,  0.000000000000000e+00, -3.220192482080121e-01
s651        ,  1.648126188438620e+00,  1.511786475855645e+00,  0.000000000000000e+00,  7.567322134444270e-01
s652        ,  2.998843396621518e+00,  6.846323729351221e-01,  0.000000000000000e+00,  3.785656283843374e-01
s653        ,  4.493206753989470e-01,  6.819101797227602e-01,  6.461982484653335e-02,  9.910279505737264e-02
s654        ,  8.907143716152748e-01,  3.752803804494551e-01,  0.000000000000000e+00,  2.371329906608685e-01
s655        ,  3.986925365877028e-01,  8.377693486604286e-01,  7.861921436204242e-02,  1.100861931420497e-01
s656        ,  8.200524881394200e-01,  9.137145487354896e-01,  5.689557944013253e-02,  2.383378885953499e-01
s657        ,  2.253026077099693e-01, -1.538727987299238e-01,  0.000000000000000e+00, -4.790551805296138e-03
s658        , -2.085098433395276e+00, -2.071715988236663e+00,  4.069022523502445e-02, -1.056799546139418e+00
s659        , -3.565026754081164e-01, -3.544122210129795e-01,  4.393258722368615e-02, -2.856253052735824e-01
s660        ,  9.769972243844465e-01,  8.436082184657068e-02,  0.000000000000000e+00,  1.041274774008898e-01
s661        ,  7.549182821078514e-01,  7.515183445647922e-01,  0.000000000000000e+00,  4.091452258140182e-01
s662        , -2.199791631405239e+00, -2.129300449161164e+00,  5.824162221898192e-02, -1.158693478602393e+00
s663        ,  6.537369904412299e-01,  1.392011147484882e+00,  8.328679104038403e-02,  3.433839223176651e-01
s664        , -1.032617581813699e+00, -1.565925487787899e+00,  0.000000000000000e+00, -6.503669219889783e-01
s665        , -1.725197455699346e-01,  8.141665731540555e-01,  8.004326663061115e-02,  9.316403563922424e-02
s666        , -9.556704567146264e-01, -4.451018350129489e-01,  0.000000000000000e+00, -1.379375551661375e-01
s667        , -1.074909955617834e+00, -1.806852787887336e-01,  0.000000000000000e+00, -1.704894958756056e-02
s668        ,  8.157451056201823e-01,  3.040746070408946e-01,  0.000000000000000e+00,  2.045784230520016e-01
s669        ,  8.201013628253863e-01,  1.209274505566162e-01,  0.000000000000000e+00,  1.208453744138081e-01
s670        , -8.377594254676490e-01, -8.249587386739736e-01,  1.037104440799320e-01, -7.581258272233244e-01
s671        , -5.700208727194026e-01,  1.781289702873148e-01,  0.000000000000000e+00,  1.469973372710656e-01
s672        , -7.390594172975108e-01, -8.687329194777743e-02,  0.000000000000000e+00,  2.584095276084768e-02
s673        ,  5.527317739358688e-01,  3.100916648893399e-01,  5.341573038862354e-02, -2.265009640023701e-02
s674        , -1.509604783948018e-01,  1.086255596730644e-01,  6.410109658661661e-02, -1.607638354987853e-01
s675        , -7.328015214360989e-01, -8.133903938636321e-01,  4.039256198347107e-02, -4.802240883564981e-01
s676        ,  2.481079887957650e-01,  3.615548608584989e-01,  2.487540049839801e-02,  1.237577004775017e-01
s677        , -1.497784796529649e+00, -1.293291417702862e+00,  2.389053254437870e-02, -6.285811584391134e-01
s678        , -6.955981656855925e-02,  5.892207064888161e-03,  1.444896176138395e-02,  6.042939103493017e-03
s679        ,  6.295281558129772e-01,  3.843048006957525e-01,  5.485051997933559e-02,  5.101973533551589e-03
s680        , -5.120635862296855e-01, -3.901655044306684e-02,  1.083256832144623e-01, -4.186716594404732e-01
s681        , -4.577628444983341e-01, -5.928720598013194e-01,  0.000000000000000e+00, -2.054966243703789e-01
s682        ,  1.425186289801849e+00,  5.191863436510551e-01,  8.278863586653948e-02, -5.351806179656131e-02
s683        , -8.653733268557260e-01,  1.346440824527769e-01,  3.625445022063460e-02, -2.897571762199416e-02
s684        ,  6.149991181690390e-01,  1.739026753624514e+00,  9.010939826342257e-02,  4.726615037030936e-01
s685        ,  1.739338045322250e+00,  5.127164321681426e-01,  5.740770949307284e-02,  5.280060225594703e-02
s686        ,  9.590771410105176e-01,  1.529492577182653e-01,  3.681797312709682e-02, -2.303300162660630e-02
s687        ,  5.412604899045221e-01,  2.740116124125479e-01,  0.000000000000000e+00,  1.908339225107595e-01
s688        , -1.405336687520458e+00, -2.681978348918692e-01,  5.134820402921417e-03, -7.916659515223905e-02
s689        ,  3.354058241185732e-01,  1.211977371123595e-01,  9.070294784580497e-03,  8.191712688582783e-02
s690        , -6.091694712828630e-01, -7.542601582925790e-01,  0.000000000000000e+00, -2.792816492651237e-01
s691        , -6.034950511663356e-01, -4.655050222307867e-01,  5.157957905558180e-02, -3.693396646053023e-01
s692        , -9.120972373870817e-01, -9.266287879008815e-01,  0.000000000000000e+00, -3.580868631911706e-01
s693        , -4.067329829645623e-01, -3.442425168466075e-01,  2.882347803301598e-02, -2.159241055600694e-01
s694        , -7.579589601320627e-01,  4.988645468011204e-01,  0.000000000000000e+00,  2.936344357866238e-01
s695        ,  1.455973696410247e+00,  1.325783974697320e+00,  3.318568087828058e-02,  5.288140040674620e-01
s696        , -6.516257166940767e-01,  1.940976712466878e-01,  0.000000000000000e+00,  1.542980676770805e-01
s697        ,  7.238448013551266e-01,  3.720507563501689e-01,  7.074202229911572e-02, -6.892073044456436e-02
s698        ,  1.662019888207613e+00,  1.352883786320534e+00,  3.940105138867907e-02,  5.144437183512894e-01
s699        , -1.247862087380916e+00, -9.880105057988754e-01,  6.261419894370081e-02, -6.557330962703735e-01
s700        , -1.114444246482743e+00, -1.624372702548654e+00,  0.000000000000000e+00, -6.770884041581505e-01
s701        , -4.217745973052512e-01, -5.794265403490721e-01,  0.000000000000000e+00, -1.993494673198820e-01
s702        , -8.481384521188839e-01, -5.472831313931136e-01,  0.000000000000000e+00, -1.846538221503232e-01
s703        , -9.416435374285391e-01,  3.472717858382542e-01,  0.000000000000000e+00,  2.243277412653178e-01
s704        ,  9.487448855648490e-01,  6.739088445803580e-01,  8.476898542260955e-02,  8.693196530371086e-03
s705        , -2.365138337942842e-01, -2.544956757324588e-01,  0.000000000000000e+00, -5.079432503281813e-02
s706        ,  5.583280652770263e-01,  8.775311390414885e-01,  5.632683701004992e-02,  2.242438950520107e-01
s707        ,  9.205089121966433e-01,  7.016151257825020e-01,  9.205895956081964e-02, -1.002648366511926e-02
s708        ,  1.060945132046508e+00,  3.488663589557031e-01,  5.370501290611607e-02, -6.168189200376283e-03
s709        ,  1.331106470481227e+00,  7.907294252740664e-01,  8.751205273762896e-02,  5.029222271536311e-02
s710        ,  1.914467968020750e-01,  3.386970785786428e-01,  0.000000000000000e+00,  2.204074708455642e-01
s711        , -7.721035544159953e-02,  2.381765378012209e-01,  0.000000000000000e+00,  1.744504847168940e-01
s712        , -1.414340169349908e+00, -1.123877961023908e+00,  5.189796925221407e-02, -6.717120063406427e-01
s713        ,  5.574707555573186e-01,  5.824124732453974e-01,  5.609179578116880e-02,  9.033055331725573e-02
s714        , -1.685969281548289e+00, -1.855436441601383e+00,  5.761316872427983e-02, -1.030779809384298e+00
s715        , -2.519985050786606e-01, -1.812446627044018e-01,  4.246601018376235e-02, -2.001405357510651e-01
s716        , -1.286737305127487e+00, -1.250954876537308e+00,  0.000000000000000e+00, -5.063655079473075e-01
s717        ,  3.452976089232733e-01,  3.472175309557460e-01,  5.692859085245911e-02, -2.080101289306826e-02
s718        ,  1.123110480867275e+00,  1.050486596430998e+00,  0.000000000000000e+00,  5.458305211543122e-01
s719        ,  6.888993521047061e-01,  9.326114814309731e-01,  5.816668518382593e-02,  2.415046783484691e-01
s720        ,  7.093644696892669e-01,  2.145337951971427e-01,  0.000000000000000e+00,  1.636412592044165e-01
s721        , -7.747236109533535e-01, -8.945248140307598e-01,  7.561436672967864e-02, -6.689641159466907e-01
s722        ,  3.328206388143558e-02,  2.610975243885840e-01,  1.371835458975278e-02,  1.258658606060752e-01
s723        ,  9.358910152584168e-02,  7.592490459148256e-01,  3.119792177237526e-02,  2.783581230226714e-01
s724        , -2.029371048190847e-01,  6.268000729196285e-01,  1.237593128882949e-02,  2.988411631353999e-01
s725        , -2.472238890656029e-01, -1.599249445648918e-01,  0.000000000000000e+00, -7.557532365042459e-03
s726        , -1.287360963264701e+00, -1.209490187632396e+00,  0.000000000000000e+00, -4.874082667894815e-01
s727        ,  1.020824855481523e+00,  1.524254218551786e-01,  5.134714810811349e-02, -8.582732144017202e-02
s728        ,  1.643163575608417e-01,  5.139044600737608e-01,  0.000000000000000e+00,  3.005105337493040e-01
s729        , -1.007289241750789e+00, -2.936291038251648e-01,  0.000000000000000e+00, -6.868573705780950e-02
s730        , -4.777207265671770e-02,  1.450576826371958e-01,  6.056026708932569e-02, -1.288625222922289e-01
s731        , -1.404307349772385e+00, -4.615798454983315e-01,  0.000000000000000e+00, -1.454711367948080e-01
s732        , -8.950540078294739e-01, -6.215423713515582e-01,  5.319685400524125e-02, -4.476414980690215e-01
s733        ,  7.802433523350311e-01,  2.743899262530531e-01,  0.000000000000000e+00,  1.910068838158412e-01
s734        , -3.943979845876157e-01, -4.110701443480761e-01,  1.795945275486644e-02, -1.997023682809290e-01
s735        ,  2.101468865327815e-01,  1.260427781259402e-01,  0.000000000000000e+00,  1.231840510298399e-01
s736        , -9.765048604112493e-01, -4.889698357775794e-01,  0.000000000000000e+00, -1.579935664752752e-01
s737        ,  1.458335451821299e-01,  2.572923225071276e-01,  0.000000000000000e+00,  1.831900303438244e-01
s738        , -6.859666936017034e-01, -5.746388352335299e-01,  7.201875597942974e-02, -5.072346754709852e-01
s739        , -4.324785166901873e-01,  3.851014446497444e-01,  4.475331069964581e-02,  4.893935352599992e-02
s740        , -8.464136206988212e-01, -7.001106597550127e-01,  1.498843458917988e-02, -3.190571925881117e-01
s741        ,  7.826811446288888e-01,  7.037937639136560e-01,  7.495069033530573e-02,  6.462859039595104e-02
s742        , -1.076711651730049e+00, -1.015900366790428e+00,  0.000000000000000e+00, -3.989009364241800e-01
s743        ,  1.126163901269626e+00, -6.777438433603795e-01,  1.294260204081633e-01, -8.015381150354803e-01
s744        ,  4.575225784544250e-01,  4.814286181030263e-01,  4.056531109359462e-02,  1.110104519664710e-01
s745        ,  6.120442964942220e-02,  6.180695907889093e-01,  6.037918125830215e-03,  3.221377560386325e-01
s746        , -7.321682226189938e-01, -7.072472939888709e-01,  0.000000000000000e+00, -2.577878377917193e-01
s747        ,  3.433900501625798e-01,  1.585391231668312e-01,  0.000000000000000e+00,  1.380410550483872e-01
s748        ,  1.070072189769298e+00,  4.901720036874743e-01,  4.787100025195263e-02,  8.355346506647976e-02
s749        , -3.065637698166305e-01,  4.272891965694195e-01,  0.000000000000000e+00,  2.609109013496521e-01
s750        ,  5.825873454256546e-01,  3.188509666192944e-01,  4.073914869128539e-02,  3.593312396930638e-02
s751        ,  1.285276821036511e+00,  1.985364172995641e-02,  3.691170131186875e-02, -8.428652966476854e-02
s752        , -1.346601886455474e+00, -1.287173610552090e+00,  7.904988187720603e-03, -5.569589862265002e-01
s753        ,  1.060914810725354e+00,  8.532890825172621e-01,  4.566237031830121e-02,  2.590761374271739e-01
s754        , -2.988071870667106e-01,  6.362937119750034e-02,  1.220930232558139e-01, -4.310177454785474e-01
s755        ,  3.446486458262937e-01,  2.448648424281579e-01,  0.000000000000000e+00,  1.775083107153142e-01
s756        ,  7.815527627219405e-01,  8.682882692166038e-01,  1.563842584636536e-01, -2.107753922843912e-01
s757        , -1.199593062238569e-01, -2.252334808042231e-01,  4.084121212418112e-02, -2.132562753868495e-01
s758        , -4.537603905509296e-01, -2.345568751013459e-01,  3.437360811111124e-02, -1.896728073696108e-01
s759        ,  8.887536211540953e-01,  1.015159200530057e+00,  2.971870630281240e-02,  4.017263945181612e-01
s760        , -2.895515595576988e-01, -5.512604548338088e-02,  1.162165309891394e-02, -9.681122610290430e-03
s761        ,  1.508586595387194e+00,  1.182234125704963e+00,  6.380445599399633e-02,  3.313564409099525e-01
s762        , -1.358921391484776e+00, -2.066010478673830e+00,  0.000000000000000e+00, -8.790007794230502e-01
s763        ,  6.364126482871526e-01,  8.783947721475928e-01,  1.239409722222222e-01, -6.647142723780698e-02
s764        , -9.313282224456001e-01, -8.475030094447791e-02,  0.000000000000000e+00,  2.681156301956052e-02
s765        ,  1.388135281387673e-01,  5.342648138582865e-01,  6.485260770975057e-02,  3.059857206810402e-02
s766        , -5.439787958329916e-01, -3.612006804949734e-01,  0.000000000000000e+00, -9.957878625640948e-02
s767        , -9.653950427427375e-02,  5.702387649349133e-03,  0.000000000000000e+00,  6.816562779933469e-02
s768        ,  5.676322320535289e-02,  5.080801260660502e-01,  0.000000000000000e+00,  2.978477064790669e-01
s769        ,  2.392616163662374e+00,  5.835271829723877e-01,  0.000000000000000e+00,  3.323413464941070e-01
s770        ,  2.218993464697082e+00,  7.268331330377699e-01,  8.695416916811957e-02,  2.348142395361269e-02
s771        , -1.301691995085942e+00, -6.436950337659841e-01,  0.000000000000000e+00, -2.287323798831117e-01
s772        ,  5.381680992613423e-01,  2.478270542534194e-01,  4.595137731594941e-02, -1.897935679549575e-02
s773        ,  3.401653127948082e-01,  5.996435119523870e-01,  2.195429294598532e-02,  2.451861719725441e-01
s774        ,  1.961582265617426e+00,  6.912652866724285e-01,  0.000000000000000e+00,  3.815981302218774e-01
s775        ,  1.370640331855435e-01,  4.265972525427519e-02,  0.000000000000000e+00,  8.506215301225575e-02
s776        , -1.362945069319552e+00, -6.889394453706648e-01,  0.000000000000000e+00, -2.494176724654532e-01
s777        , -3.352331847361073e-01,  2.789845714726290e-01,  4.442486805517095e-03,  1.739805464892241e-01
s778        ,  1.725306869739156e-02, -1.044563621334585e-01,  3.144944065616734e-02, -1.176022585442174e-01
s779        ,  1.449489553403749e+00,  5.539872995800796e-02,  0.000000000000000e+00,  9.088629858424227e-02
s780        ,  4.890100260675969e-01,  5.479570117866843e-01,  1.144837515563339e-01, -1.768265522377230e-01
s781        , -1.480324044989625e+00, -7.739580740587171e-01,  0.000000000000000e+00, -2.882873393920062e-01
s782        ,  4.189986042737073e-03,  2.668130302440888e-02,  0.000000000000000e+00,  7.775697813857523e-02
s783        , -6.272127818216120e-01,  6.874808096406332e-02,  0.000000000000000e+00,  9.698948838273801e-02
s784        , -7.567615030290812e-01, -1.834743773113249e-01,  0.000000000000000e+00, -1.832409754361906e-02
s785        , -5.703210531845893e-01, -2.906670501963323e-01,  0.000000000000000e+00, -6.733151575657262e-02
s786        , -8.599325133308396e-02,  5.101234649382141e-02,  0.000000000000000e+00,  8.888088792429556e-02
s787        ,  2.785466688170735e-01, -2.847666138823624e-01,  5.342112112627155e-02, -2.946365630304890e-01
s788        , -2.115784691919650e-01, -1.096271651364593e-01,  0.000000000000000e+00,  1.543810945719675e-02
s789        ,  5.205927430670391e-01,  8.506173212811712e-01,  0.000000000000000e+00,  4.544522870683383e-01
s790        ,  2.374718073624741e-01,  9.213948025447081e-01,  0.000000000000000e+00,  4.868110437910358e-01
s791        , -1.870737338196531e-01, -5.676142989782088e-01,  1.767165108030651e-02, -2.700336709767921e-01
s792        ,  3.003547556082288e-01,  6.380564119688759e-01,  5.851869721527179e-02,  1.053214710502439e-01
s793        , -5.143092658197446e-01, -1.839289873757853e-01,  0.000000000000000e+00, -1.853194071939963e-02
s794        , -1.010636071412045e+00,  4.772158327470707e-02,  0.000000000000000e+00,  8.737638388518135e-02
s795        ,  7.888417803219110e-01,  3.222611374681567e-01,  3.261656720980775e-02,  7.246369513026356e-02
s796        , -5.465110200553928e-01, -4.128988019548170e-01,  3.738415462105536e-02, -2.841707500899848e-01
s797        , -1.192872691111335e+00, -8.634945407766548e-02,  5.396410510585338e-02, -2.062600190686497e-01
s798        , -5.479719952294668e-01, -1.436731487577081e-02,  1.251056635672020e-01, -4.796478622610726e-01
s799        , -1.767142590180783e+00,  6.759191914646731e-02,  0.000000000000000e+00,  9.646090276030876e-02
s800        ,  8.963412972756590e-01,  4.759517891686602e-01,  0.000000000000000e+00,  2.831589521039786e-01
s801        , -1.947046181282547e-01,  6.061939058203050e-01,  0.000000000000000e+00,  3.427043455333851e-01
s802        ,  1.600748538223649e+00,  1.458492387373736e+00,  8.399498110235837e-02,  3.707293942364281e-01
s803        ,  6.740572620180488e-01,  1.192106298424997e+00,  6.107739749784064e-02,  3.476111493929415e-01
s804        , -1.928070676221089e+00, -1.472759778151234e+00,  5.302529620949021e-02, -8.360709492858120e-01
s805        , -3.708716392635017e-01, -1.619821987261344e-02,  0.000000000000000e+00,  5.815288902662056e-02
s806        ,  7.676901054132433e-01,  1.144100937482138e+00,  8.205913355589893e-02,  2.353274872275380e-01
s807        , -3.131290990966100e-01,  1.296108394090472e-01,  4.343800970329061e-02, -6.220541656023005e-02
s808        ,  9.833675917069939e-01,  6.607590889468654e-02,  0.000000000000000e+00,  9.576779803193010e-02
s809        ,  5.790963636372375e-01,  5.789100578490073e-01,  8.901893526699795e-02, -5.303730125100469e-02
s810        ,  1.050626461500014e+00,  5.327516022578320e-01,  5.431456704666797e-02,  7.527789246845555e-02
s811        ,  5.249115464039674e-01,  8.337685832386474e-01,  2.180837387468102e-02,  3.528540627075399e-01
s812        ,  1.605931526374292e+00,  1.271066915348076e+00,  7.823029902178778e-02,  3.098599687076472e-01
s813        ,  9.497331683917801e-01,  3.390959706019390e-01,  0.000000000000000e+00,  2.205898402900547e-01
s814        , -7.865406237894391e-01, -1.598604086458770e-01,  0.000000000000000e+00, -7.528027188169923e-03
s815        , -2.660810322736745e-01,  1.442127993372869e-01,  0.000000000000000e+00,  1.314912030438396e-01
s816        , -9.674450919852262e-01, -1.306894243466991e+00,  0.000000000000000e+00, -5.319404271643307e-01
s817        ,  7.270946209036595e-01,  1.572704582684776e-01,  0.000000000000000e+00,  1.374610341423650e-01
s818        ,  6.532804155454610e-01,  2.369735401751516e-01,  0.000000000000000e+00,  1.739004862311466e-01
s819        ,  8.081292268835972e-01,  9.310130487148547e-01,  0.000000000000000e+00,  4.912084097662380e-01
s820        ,  1.390381735794342e+00,  9.432940632879844e-01,  1.493229166666667e-01, -1.460811464190920e-01
s821        ,  1.516978402347242e+00,  6.562002269307536e-01,  0.000000000000000e+00,  3.655667355269625e-01
s822        ,  3.033561593600319e-01,  5.151158067002226e-01,  1.173964497041420e-01, -2.043817373260251e-01
s823        , -8.238895392622755e-01, -9.220424102624289e-02,  0.000000000000000e+00,  2.340369614685707e-02
s824        ,  2.038981274745353e+00,  1.408186383043483e+00,  1.973433060397755e-02,  6.244018539652663e-01
s825        ,  1.320628175421427e-01,  3.649526973352610e-02,  0.000000000000000e+00,  8.224382558716591e-02
s826        ,  9.525953446348725e-01,  6.167133059172157e-01,  0.000000000000000e+00,  3.475137100731772e-01
s827        , -2.151354450670567e+00, -7.944746240910221e-02,  5.516040063869938e-03,  5.486860615962148e-03
s828        ,  8.438987064828646e-01, -1.727805601385191e-02,  0.000000000000000e+00,  5.765919874023404e-02
s829        , -1.571185202221650e+00, -6.564291536915072e-01,  0.000000000000000e+00, -2.345542921833442e-01
s830        ,  3.133543223982471e-01,  9.380339069019946e-01,  1.101354453627181e-01,  2.023417581770020e-02
s831        , -8.984804340484778e-01,  3.975948647281714e-01,  0.000000000000000e+00,  2.473349497483761e-01
s832        , -1.855362237616736e+00, -6.534297282242846e-01,  0.000000000000000e+00, -2.331829848512800e-01
s833        ,  4.948389352249701e-01,  2.446437621232666e-01,  0.000000000000000e+00,  1.774072350105216e-01
s834        ,  1.120605859544544e+00,  1.853486157338845e-01,  4.007774001661162e-02, -2.225514528493584e-02
s835        , -8.435182612795279e-01, -1.049460459499792e+00,  0.000000000000000e+00, -4.142442752402357e-01
s836        ,  1.128844146448547e+00, -6.306452908546767e-01,  3.611719661759587e-02, -3.782674265661679e-01
s837        , -1.924657877822013e+00, -1.429206520736423e+00,  5.000284004780006e-02, -8.031457619010702e-01
s838        , -1.075095206150813e+00, -1.386462658232804e+00,  0.000000000000000e+00, -5.683183107828605e-01
s839        ,  3.864893622265216e-02,  5.571872846981882e-01,  5.614114226721256e-02,  7.858538986599903e-02
s840        , -1.233908351649846e+00, -7.852204251972804e-02,  0.000000000000000e+00,  2.965906049438802e-02
s841        ,  6.618283364070194e-01,  4.209012617613074e-01,  7.567412624639135e-02, -6.782175956548257e-02
s842        , -1.380664268040651e+00, -1.120766754315448e+00,  1.464103760602340e-02, -5.098812479345501e-01
s843        ,  5.539120810708922e-02, -3.894497993116528e-01,  0.000000000000000e+00, -1.124940009136797e-01
s844        , -2.111176459361614e+00, -1.928313970834378e+00,  4.302866568545795e-02, -1.001305646831863e+00
s845        ,  1.677967143093475e-01,  1.458143059081325e-01,  2.030260198298667e-02,  4.481129140720215e-02
s846        , -1.112697847471129e-01,  2.513698988521108e-01,  0.000000000000000e+00,  1.804823574676469e-01
s847        ,  9.946887487236225e-02, -3.918357555916414e-02,  1.513508543848479e-02, -1.751933819436789e-02
s848        , -1.578942777693122e+00, -1.553301372464304e+00,  0.000000000000000e+00, -6.445953026928009e-01
s849        ,  4.886541057537146e-01,  5.611706275863628e-01,  0.000000000000000e+00,  3.221201529170110e-01
s850        , -1.729847647025637e+00, -2.317587610442849e+00,  0.000000000000000e+00, -9.940193285233785e-01
s851        , -3.749493322034730e-03, -1.204622697934181e-01,  4.189741279027650e-02, -1.699033583637168e-01
s852        , -1.822550475295671e-01, -2.745034778596050e-01,  0.000000000000000e+00, -5.994169210536941e-02
s853        , -7.026997334075608e-02,  8.094622338314170e-01,  6.767978685834068e-02,  1.442437651472237e-01
s854        ,  4.598855993128227e-01,  5.636884391737520e-01,  4.903900769870635e-02,  1.121356312667563e-01
s855        ,  1.247409464273019e-01, -5.039736974596589e-01,  0.000000000000000e+00, -1.648531820112344e-01
s856        , -7.920260931956873e-01, -5.615334478621101e-01,  2.917564501058332e-02, -3.167835884470402e-01
s857        ,  1.951476409171481e+00,  8.277510173322961e-01,  0.000000000000000e+00,  4.439980415453333e-01
s858        ,  5.125085136741685e-01,  4.043241705041163e-01,  0.000000000000000e+00,  2.504115210621482e-01
s859        , -6.666214518700430e-01, -8.112718871761559e-01,  2.913043478260870e-02, -4.307668547722516e-01
s860        ,  6.811400510310224e-02,  5.254675473044492e-01,  6.227983855282554e-02,  3.765351253011547e-02
s861        ,  1.248756919249408e-01,  6.076955429722000e-02,  0.000000000000000e+00,  9.334178576872956e-02
s862        , -4.702662470572295e-01,  1.593147462330549e-02,  0.000000000000000e+00,  7.284226408218150e-02
s863        ,  4.846741731606912e-01,  3.094645932017978e-01,  3.827434380617445e-02,  4.225389447135886e-02
s864        ,  5.444121402657593e-01, -3.503202701056930e-02,  0.000000000000000e+00,  4.954226072423582e-02
s865        ,  6.365198845674543e-01,  3.008013726016174e-01,  0.000000000000000e+00,  2.030819329957569e-01
s866        ,  4.352365441984731e-01,  4.121198866011705e-01,  1.117399574670634e-02,  2.058664177287985e-01
s867        , -5.650365137506241e-02, -5.052623291582110e-01,  9.342532685441220e-03, -2.056662616240090e-01
s868        , -2.338433808137944e+00, -2.147670700291610e+00,  3.320000000000000e-02, -1.059276392373507e+00
s869        , -2.347184475558825e-01,  1.436028499188307e-01,  4.403277931671283e-02, -5.836916790836771e-02
s870        , -8.212819619769498e-01, -1.618296024244507e-01,  1.649422826975517e-02, -7.944361468573835e-02
s871        , -1.570593293706644e-01, -3.189272016436707e-01,  1.844085451710094e-02, -1.596481937643042e-01
s872        ,  5.284306454202828e-01, -6.770013197194466e-02,  0.000000000000000e+00,  3.460672978748736e-02
s873        ,  9.554554102193652e-01,  6.607278588144876e-01,  5.377576446049906e-02,  1.361071519919747e-01
s874        ,  1.539965674145509e+00,  6.081049965441760e-01,  0.000000000000000e+00,  3.435780771031550e-01
s875        ,  6.472677808586434e-01,  1.285981745358864e+00,  6.913374693157781e-02,  3.558437495538427e-01
s876        ,  7.990955642461934e-01,  5.191736328283791e-01,  0.000000000000000e+00,  3.029195468457392e-01
s877        ,  2.414774484401117e-01,  6.261399578900417e-01,  0.000000000000000e+00,  3.518234810971337e-01
s878        , -5.588324756467096e-01, -7.751492674866360e-01,  0.000000000000000e+00, -2.888319411163906e-01
s879        , -1.108097718569436e+00, -1.131728098528882e+00,  3.399884558575293e-02, -5.982369935792992e-01
s880        , -7.450297483445957e-01, -3.315552237885498e-01,  5.282140627800214e-02, -3.134457974636271e-01
s881        , -1.759050067534673e+00, -1.283519440155934e-01,  0.000000000000000e+00,  6.877327784561056e-03
s882        , -6.605379692241985e-01, -8.464909519967323e-01,  5.118599658577864e-02, -5.418280673633452e-01
s883        ,  3.815578964726026e-01,  1.587360224300641e-01,  6.797729390057644e-02, -1.545426576335358e-01
s884        , -4.051889851605022e-01, -2.694378064208033e-01,  4.568137392025796e-02, -2.543051892464970e-01
s885        ,  2.841270750996222e-02, -2.196405261446621e-02,  0.000000000000000e+00,  5.551680795017376e-02
s886        , -1.487878849688012e+00, -1.266678528420091e+00,  0.000000000000000e+00, -5.135542043657753e-01
s887        ,  4.820147860437528e-01,  2.233241032862711e-01,  5.770864626032357e-02, -8.080234900453399e-02
s888        ,  7.081092310596756e-01,  4.934888596013841e-01,  9.126301493888638e-03,  2.518837706899221e-01
s889        , -9.770534507358716e-01, -1.267768791954694e+00,  2.325905801465557e-02, -6.141936788404844e-01
s890        , -4.782598098188896e-02,  6.707094131333217e-01,  0.000000000000000e+00,  3.722001903799977e-01
s891        , -3.221184210883460e-01, -4.664451605982336e-01,  9.248249438499142e-03, -1.875135072509054e-01
s892        , -9.718981396026354e-01, -1.384163391683027e-01,  0.000000000000000e+00,  2.275986955618689e-03
s893        ,  2.164744347352420e+00,  6.894798318326254e-01,  7.479283510256360e-02,  5.876404366050463e-02
s894        ,  2.108977331308746e-01,  1.970379789829007e-01,  5.752332863047945e-02, -9.202222397452535e-02
s895        , -7.726754766108116e-01, -6.984152149523992e-01,  0.000000000000000e+00, -2.537498995690708e-01
s896        ,  2.280269149131176e+00,  4.438166511385673e-01,  1.240385672330904e-02,  2.150627404375757e-01
s897        ,  1.732742671810001e+00, -4.295599034041944e-02,  3.678409470198823e-02, -1.124530598527550e-01
s898        , -1.952924930899203e-01, -5.131058748765427e-02,  3.632411722448378e-02, -1.142922820566902e-01
s899        , -1.243124507856434e+00, -1.054677929750771e+00,  0.000000000000000e+00, -4.166296504689853e-01
s900        , -1.127987025274472e+00, -1.129808554167607e+00,  1.332049227808225e-02, -5.083295091866453e-01
s901        ,  2.222405771151903e+00,  1.044270950922630e+00,  3.326055773230153e-02,  3.997866849392502e-01
s902        , -1.852329248500361e+00, -1.478160801169286e+00,  4.648151861731858e-02, -8.103662498031061e-01
s903        ,  1.566870488248132e+00,  1.135491178975033e+00,  4.908932137164170e-02,  3.733415027279854e-01
s904        , -1.387739856871698e+00, -2.217800943546308e-01,  0.000000000000000e+00, -3.583708835318883e-02
s905        ,  1.121219821885003e+00,  8.431154208062108e-01,  5.283241430484372e-02,  2.235544809440878e-01
s906        , -9.933730759278802e-01, -1.783342739713236e+00,  0.000000000000000e+00, -7.497679155927711e-01
s907        , -5.762178128524449e-02, -1.505048676250570e-01,  4.026468358226822e-02, -1.766088782753270e-01
s908        ,  2.416796340775907e-01, -3.414995449484048e-01,  0.000000000000000e+00, -9.057162407810901e-02
s909        , -4.906300545514419e-01, -6.080851142405137e-02,  0.000000000000000e+00,  3.775750979199296e-02
s910        , -1.582982857801990e+00, -2.236130188386607e+00,  0.000000000000000e+00, -9.567778096600340e-01
s911        , -7.523355700553859e-01, -1.060101607408031e+00,  2.216443587060614e-02, -5.145374632599600e-01
s912        ,  2.234392115693804e-01,  5.206889768209735e-01,  0.000000000000000e+00,  3.036123469670798e-01
s913        , -1.421242973618926e+00, -1.054849397350448e+00,  0.000000000000000e+00, -4.167080437410359e-01
s914        ,  5.670067347130128e-02,  3.224017511939425e-01,  0.000000000000000e+00,  2.129574101038594e-01
s915        , -5.612055763432976e-01,  3.162697476050738e-01,  2.267204338934961e-02,  1.125402723194527e-01
s916        ,  8.997740464690429e-01,  2.155106429506903e-01,  0.000000000000000e+00,  1.640878642297418e-01
s917        , -1.606823724089288e+00, -6.921082467096428e-01,  0.000000000000000e+00, -2.508664167524779e-01
s918        ,  3.499868789687911e+00,  6.059341997577472e-01,  0.000000000000000e+00,  3.425856105184101e-01
s919        , -8.715752962891429e-01,  2.484070311966552e-01,  0.000000000000000e+00,  1.791277640015775e-01
s920        , -1.856154837094557e+00, -1.894918844382969e+00,  0.000000000000000e+00, -8.007793949873360e-01
s921        ,  2.276110916770269e-01,  1.326821867431378e+00,  0.000000000000000e+00,  6.721682439521512e-01
s922        ,  1.278757880561135e+00,  1.430930445604760e+00,  0.000000000000000e+00,  7.197656449011159e-01
s923        , -2.625003058195762e-01, -8.778120344544245e-01,  0.000000000000000e+00, -3.357683316389662e-01
s924        , -1.727834522886679e+00, -1.461933910447839e-01,  0.000000000000000e+00, -1.279603398802405e-03
s925        ,  1.850614154947128e+00,  6.904543954536964e-01,  0.000000000000000e+00,  3.812273988648541e-01
s926        , -9.602025879025963e-01, -1.619519278655330e+00,  1.372266623392430e-02, -7.339519008983902e-01
s927        , -1.294474937930480e+00, -1.222186921052223e+00,  5.815273343318370e-02, -7.435875364777437e-01
s928        , -8.964192424384732e-01, -4.622560854935158e-01,  0.000000000000000e+00, -1.457803069588161e-01
s929        ,  3.373466507702030e-01,  3.501871633424244e-01,  0.000000000000000e+00,  2.256606227090783e-01
s930        , -4.361686703935594e-01,  2.087684653707318e-01,  0.000000000000000e+00,  1.610054080558810e-01
s931        ,  1.180800691213646e+00,  6.083938344426273e-01,  0.000000000000000e+00,  3.437101309022084e-01
s932        ,  4.707166528445574e-01,  2.814361688273623e-01,  7.175143807363625e-02, -1.146948162031416e-01
s933        ,  1.703804210339992e+00,  8.283805628006211e-01,  4.978600751157305e-02,  2.299340433486002e-01
s934        , -1.834005051426063e+00, -2.037760200490555e+00,  5.084021693403677e-02, -1.084975714612247e+00
s935        , -1.778081906893596e+00, -1.147715323925454e+00,  0.000000000000000e+00, -4.591654167956015e-01
s936        , -1.576278502143039e+00, -7.869500582297297e-01,  0.000000000000000e+00, -2.942271446468666e-01
s937        ,  1.612912677482048e-01,  5.403992055320291e-01,  0.000000000000000e+00,  3.126236664492603e-01
s938        ,  3.756397573989944e-01, -7.916835550057204e-01,  0.000000000000000e+00, -2.963912520421500e-01
s939        , -1.269094165370334e+00, -9.068214659050136e-01,  0.000000000000000e+00, -3.490311536300192e-01
s940        ,  1.741633513389911e-01,  5.368883019606405e-01,  0.000000000000000e+00,  3.110185164422913e-01
s941        , -7.405880410109714e-01, -6.512763019956004e-01,  2.394120540838687e-02, -3.352764372580412e-01
s942        , -9.892731562449668e-01, -1.113100182989729e+00,  5.415841081136006e-02, -6.765167617981993e-01
s943        , -2.404390935905114e-01, -7.514716034453424e-02,  0.000000000000000e+00,  3.120202287910805e-02
s944        , -1.000366609598995e+00, -6.458915063928038e-01,  2.780473117798857e-02, -3.494488303322261e-01
s945        , -6.403848269203397e-01, -1.501289730176208e-01,  0.000000000000000e+00, -3.078912124512494e-03
s946        ,  1.042678968069443e+00,  5.041991156669975e-01,  0.000000000000000e+00,  2.960733473312244e-01
s947        ,  5.081125559242120e-03, -4.128156734963870e-01,  0.000000000000000e+00, -1.231766449532677e-01
s948        , -9.507722609706112e-01, -8.850796033678694e-01,  0.000000000000000e+00, -3.390909914770573e-01
s949        , -1.109777834090980e-01, -1.791883032443432e-01,  0.000000000000000e+00, -1.636454733707087e-02
s950        ,  6.358188156380660e-01,  7.384284564076604e-02,  0.000000000000000e+00,  9.931876384987373e-02
s951        , -2.185819524191360e+00, -1.501372274216143e+00,  5.471433778149752e-02, -8.564244026130218e-01
s952        ,  1.305064709156519e+00,  7.968469206130046e-01,  0.000000000000000e+00,  4.298689975383738e-01
s953        ,  1.664044937420125e+00,  1.799120931746522e+00,  2.876097693943082e-02,  7.642693275893886e-01
s954        ,  1.051351309197190e+00,  1.125122602002559e+00,  0.000000000000000e+00,  5.799533566088746e-01
s955        , -1.399028311662238e+00, -3.290502701566391e-01,  0.000000000000000e+00, -8.487994012483598e-02
s956        ,  1.385421265834244e+00,  4.499023489878693e-01,  0.000000000000000e+00,  2.712494085242337e-01
s957        , -9.408889636329510e-01, -4.646190450697500e-01,  0.000000000000000e+00, -1.468606284496053e-01
s958        ,  9.732055185777991e-01,  8.417251995850943e-01,  7.567705350157207e-02,  1.245621337583632e-01
s959        , -5.141793956906318e-01, -6.456810871709059e-01,  0.000000000000000e+00, -2.296403836410988e-01
s960        , -1.427508420922605e+00, -5.301077220696466e-01,  4.962438354294459e-02, -3.904573507971848e-01
s961        , -2.005936182526318e-01,  3.536506875524474e-01,  4.251561849229488e-02,  4.419468317149986e-02
s962        , -1.040812919577019e+00, -5.995718886143946e-01,  0.000000000000000e+00, -2.085597191114701e-01
s963        ,  3.350397487530737e-01,  2.821052124178247e-01,  1.040585156402516e-01, -2.534858676974782e-01
s964        , -1.211148190797335e+00, -1.480469910728671e+00,  0.000000000000000e+00, -6.112974866362135e-01
s965        , -3.546684926971408e-01, -3.688020438763490e-01,  0.000000000000000e+00, -1.030540535875948e-01
s966        , -1.297482551855562e+00, -1.507694574915297e+00,  0.000000000000000e+00, -6.237443308802458e-01
s967        , -7.045435460678467e-02,  3.517661579707632e-01,  4.010563412298150e-02,  5.370919395368268e-02
s968        ,  9.299065987644251e-02,  4.137944351305229e-01,  0.000000000000000e+00,  2.547412313552345e-01
s969        ,  6.950554955433741e-01,  4.991394493902165e-01,  2.048645579197068e-02,  2.055564382771576e-01
s970        ,  2.496136210729474e-01,  3.086613655637014e-01,  6.547952624849737e-02, -7.524424331973517e-02
s971        , -1.044044119112301e+00, -3.376353540028378e-01,  0.000000000000000e+00, -8.880495461622086e-02
s972        , -1.696855601622959e-01,  5.896683315542560e-01,  5.528513911423592e-02,  9.712088972789011e-02
s973        ,  4.802864320387065e-01,  1.440278436820486e-02,  4.083298625572678e-02, -1.036615549231823e-01
s974        , -1.989928973862810e-01,  1.138320783847041e-02,  0.000000000000000e+00,  7.076284198672152e-02
s975        ,  5.144117291211028e-01, -3.165070994027421e-01,  0.000000000000000e+00, -7.914532787655147e-02
s976        ,  3.695887594461370e-01,  5.756526745994357e-01,  0.000000000000000e+00,  3.287412000039764e-01
s977        , -5.208667084829633e-01, -2.802679970423018e-01,  0.000000000000000e+00, -6.257717263570446e-02
s978        , -1.415530554889297e+00, -4.994076982730732e-01,  4.212704868617720e-02, -3.441421080368112e-01
s979        , -9.075955878756907e-02,  6.032370790991487e-01,  1.574074074074074e-03,  3.345753960209087e-01
s980        , -1.408049785649008e+00, -1.943741203913723e+00,  0.000000000000000e+00, -8.231004895852254e-01
s981        ,  7.617332134276670e-01,  8.368884409789885e-01,  7.297934713130111e-02,  1.339656914190961e-01
s982        ,  5.658342892742037e-01,  6.677885022199344e-01,  4.206325590259986e-02,  1.897629813971755e-01
s983        , -6.523400746561840e-01, -6.470163848986278e-01,  4.244193332449966e-02, -4.129830478110204e-01
s984        ,  1.408650344937474e+00, -4.615701028119529e-02,  4.424130703770107e-02, -1.460232869801279e-01
s985        , -1.892295500046385e+00, -1.488139356928462e+00,  0.000000000000000e+00, -6.148038807512116e-01
s986        ,  7.279494111089814e-01,  1.257267148597689e-01,  1.980149006212718e-02,  3.778496454056485e-02
s987        ,  6.069333137359153e-01, -1.561880147894207e-01,  4.903860590810274e-03, -2.696243644137827e-02
s988        ,  7.956867077796174e-01,  3.801290662268247e-01,  5.137615319857960e-02,  1.815162758763096e-02
s989        , -1.492402946081943e-01,  5.276513015262055e-02,  0.000000000000000e+00,  8.968224308684244e-02
s990        ,  4.998144921024051e-01,  4.341578208037568e-01,  0.000000000000000e+00,  2.640511676695422e-01
s991        , -1.388778051347251e+00, -1.729386453506490e+00,  8.459049984505021e-02, -1.089300919894332e+00
s992        ,  4.282998930275517e-01, -2.411704681626187e-01,  8.978085351787773e-02, -4.312503286204682e-01
s993        ,  5.363050420459536e-01,  3.162543913684759e-01,  0.000000000000000e+00,  2.101468986597111e-01
s994        , -6.815023874245365e-01,  2.369586544039715e-01,  4.008886477367426e-02,  1.292551109735080e-03
s995        , -2.391036276757255e+00, -2.433568241117825e+00,  4.650040823190343e-02, -1.247250306673953e+00
s996        ,  4.431453520331272e-01,  2.175299700877122e-01,  0.000000000000000e+00,  1.650110804053376e-01
s997        , -6.841651286789517e-01, -1.526692102597662e+00,  0.000000000000000e+00, -6.324298105784765e-01
s998        , -1.890503332016519e-01, -2.508342577270453e-01,  0.000000000000000e+00, -4.912036133162156e-02
s999        , -1.955891416531250e-01, -4.571672452423732e-01,  1.358516184964763e-02, -2.019441536365042e-01
s1000       ,  1.922227018092693e+00,  6.814521862218209e-01,  0.000000000000000e+00,  3.771116788180155e-01
s1001       ,  7.564584951078414e-01,  8.114437380872807e-01,  6.334226558083636e-02,  1.638247270469100e-01
s1002       , -1.216448226111712e+00, -7.435253999627643e-01,  3.571210849104082e-02, -4.281309917548755e-01
s1003       ,  9.406214986730431e-01,  5.223880272691251e-01,  0.000000000000000e+00,  3.043891358430024e-01
s1004       , -6.084517344429569e-01, -3.686095482213719e-01,  0.000000000000000e+00, -1.029660464989223e-01
s1005       ,  1.047447652274055e-01,  3.264718261412797e-01,  2.391223173051937e-02,  1.118649754285153e-01
s1006       ,  1.789223857816157e+00,  2.282273931663668e-01,  1.526372321781898e-01, -4.872721412367275e-01
s1007       , -3.471776742826870e-02, -3.109596147081011e-01,  5.677865674932995e-02, -3.210674869585762e-01
s1008       , -4.304906904704673e-01,  1.962641337164153e-01,  0.000000000000000e+00,  1.552885526555687e-01
s1009       ,  5.526661980887815e-01,  5.632648968170941e-01,  4.002224917972633e-02,  1.507633133569314e-01
s1010       ,  1.084664986478008e-01,  3.635415657625696e-01,  0.000000000000000e+00,  2.317661219635863e-01
s1011       , -1.857041478323650e-01,  2.933606467130824e-01,  0.000000000000000e+00,  1.996801075200682e-01
s1012       , -9.197930097533304e-01, -1.781380715090640e+00,  0.000000000000000e+00, -7.488708975537975e-01
s1013       , -4.019119417889337e-01, -7.449704868799598e-02,  3.256245871006343e-02, -1.086972182051710e-01
s1014       , -1.358932079618377e+00, -2.134331802453188e+00,  2.453528670447385e-02, -1.015872377970345e+00
s1015       , -1.527440174864809e+00, -7.670360440329754e-01,  0.000000000000000e+00, -2.851226564782957e-01
s1016       ,  1.494747075983483e+00,  6.738139074988742e-01,  2.277237836133507e-02,  2.755738985804452e-01
s1017       ,  5.541257590705128e-01,  1.631946308823768e-01,  5.660250218997776e-03,  1.157995079597727e-01
s1018       , -1.957085120530336e+00, -1.716771492193454e+00,  4.135070446112361e-02, -8.973661406342286e-01
s1019       ,  7.131485583147716e-01,  7.217165696054939e-01,  0.000000000000000e+00,  3.955201522935040e-01
s1020       , -1.923756067205053e+00, -5.630749318756361e-01,  4.436234147491047e-02, -3.828741013277401e-01
s1021       ,  3.885529621363158e-01,  8.213681906042021e-01,  3.887215048396554e-02,  2.737172660149464e-01
s1022       , -1.875446506562856e+00, -1.554931659044516e+00,  4.296253422008887e-02, -8.303142607816165e-01
s1023       ,  1.372593741804168e+00,  2.336993199441854e-01,  5.273386321949515e-02, -5.464015869343980e-02
s1024       , -8.235465806555776e-01, -1.328242059204438e+00,  0.000000000000000e+00, -5.417004350605837e-01
s1025       , -3.055697164838789e-01,  3.044821256499691e-01,  0.000000000000000e+00,  2.047647364852518e-01
s1026       , -1.058405261469002e+00, -1.066008249538440e+00,  7.963988919667590e-03, -4.560984201017083e-01
s1027       ,  1.001215100946893e+00,  1.036907203576331e+00,  0.000000000000000e+00,  5.396221585228427e-01
s1028       , -1.207050253018809e-01, -3.384356863538082e-01,  1.988793698698758e-02, -1.747976381371235e-01
s1029       , -3.485019297637044e-02,  1.091090715819577e-01,  0.000000000000000e+00,  1.154421297197272e-01
s1030       ,  7.570890498814408e-01,  5.873433240229518e-01,  4.324532621599752e-02,  1.478948901448340e-01
s1031       , -3.425236517205575e-01,  5.910677368234662e-02,  9.229622855594506e-02, -3.047964306532630e-01
s1032       , -9.690806500330096e-01, -2.210598868353024e-01,  0.000000000000000e+00, -3.550781667677766e-02
s1033       ,  3.580879227715397e-01,  4.011093821601396e-01,  5.274241749698292e-02,  2.186121767563907e-02
s1034       , -1.559175075401338e+00, -1.026031485912243e+00,  4.586585818538243e-02, -6.010065444583077e-01
s1035       , -5.297528349600488e-01, -2.081271796513736e-01,  0.000000000000000e+00, -2.959511226769570e-02
s1036       , -2.199501197760688e+00, -1.689635725219344e+00,  0.000000000000000e+00, -7.069260055518117e-01
s1037       , -2.563451324430153e-01, -2.283539859438452e-01,  5.774192586923620e-02, -2.874483391563290e-01
s1038       ,  1.208934872396009e+00,  9.174146515824015e-01,  0.000000000000000e+00,  4.849913585689899e-01
s1039       ,  1.284684643971159e+00,  4.044535765346169e-01,  0.000000000000000e+00,  2.504706842053495e-01
s1040       ,  3.246719543370283e-02,  4.382188433899759e-03,  1.022842625848297e-02,  2.352393371125832e-02
s1041       ,  2.496032441662194e+00,  7.930732082384476e-01,  0.000000000000000e+00,  4.281436939744473e-01
