# c0 + a0 * ((S * PF) + (poly_dist_avg_fixed * O)) + a1 * ((rho / E_T) + (Si + Al)) + a2 * ((O + E_T) - (face-area-avg - O))
# Property Label: $ln_{D}$; Unit of the Property: Unitless
# RMSE: 0.231008085578835; Max AE: 1.55872993663156
# Coefficients
# Task   a0                      a1                      a2                      c0
# all , -4.561767664735197e+00, -2.815964581271604e+00, -6.522496997299381e-01, -1.055774694760619e+01, 
# Feature Rung, Units, and Expressions
# 0;  2; Unitless;                                         11|3|mult|31|12|mult|add; ((S * PF) + (poly_dist_avg_fixed * O)); $\left(\left(S PF\right) + \left(poly_{dist, avg, fixed} O\right)\right)$; ((S .* PF) + (poly_dist_avg_fixed .* O)); ((newdata$S * newdata$PF) + (newdata$poly_dist_avg_fixed * newdata$O)); S,PF,poly_dist_avg_fixed,O
# 1;  2; Unitless;                                         1|0|div|16|15|add|add; ((rho / E_T) + (Si + Al)); $\left(\left(\frac{ rho }{ E_{T} } \right) + \left(Si + Al\right)\right)$; ((rho ./ E_T) + (Si + Al)); ((newdata$rho / newdata$E_T) + (newdata$Si + newdata$Al)); rho,E_T,Si,Al
# 2;  2; Unitless;                                         12|0|add|33|12|sub|sub; ((O + E_T) - (face-area-avg - O)); $\left(\left(O + E_{T}\right) - \left(face-area-avg - O\right)\right)$; ((O + E_T) - (face_sub_area_sub_avg - O)); ((newdata$O + newdata$E_T) - (newdata$face_sub_area_sub_avg - newdata$O)); O,E_T,face-area-avg,O
# Number of Samples Per Task
# Task, n_samples               
# all , 1041                  

# Sample ID , Property Value        ,  Property Value (EST) ,  Feature 0 Value      ,  Feature 1 Value      ,  Feature 2 Value      
s1          , -2.244947812336508e+01, -2.227852358035510e+01,  2.432083891190839e-01,  5.832452729302638e-02,  1.601698961106788e+01
s2          , -2.298888400764099e+01, -2.298589263386521e+01,  1.759273987395432e-01,  8.461480348974690e-02,  1.745854920651478e+01
s3          , -1.755271246623431e+01, -1.729877337381713e+01,  1.032010793601023e-01, -3.355309905285299e-02,  9.758120886188646e+00
s4          , -1.917258847351942e+01, -1.921384711028917e+01,  1.547876943990350e-01,  1.385744583353820e-01,  1.159030644255308e+01
s5          , -2.000094091703784e+01, -2.028662636672934e+01,  1.483361124212565e-01,  4.710230641413380e-02,  1.367507890782019e+01
s6          , -2.179532463031582e+01, -2.154411688847549e+01,  2.336705557160131e-01,  1.956881063977560e-03,  1.520109346457744e+01
s7          , -2.156980503382011e+01, -2.167312238342542e+01,  1.747356913291689e-01,  2.684191363781039e-01,  1.466066298263028e+01
s8          , -2.070680399014268e+01, -2.096764315045841e+01,  1.716199618212020e-01,  8.044987356797989e-02,  1.441236664386382e+01
s9          , -2.311678210871720e+01, -2.283812440881234e+01,  1.771277481361364e-01,  5.911160328148285e-02,  1.733370770539213e+01
s10         , -1.955558688693647e+01, -1.953200637355062e+01,  2.172237586157711e-01,  1.873257392495915e-02,  1.215881716231323e+01
s11         , -1.929232032084748e+01, -1.931690498383802e+01,  9.193216900007425e-02,  1.327715656531245e-01,  1.221296815829490e+01
s12         , -1.972420304545977e+01, -1.932612242565087e+01,  1.703514042603274e-01,  2.779692980890596e-01,  1.105178010098376e+01
s13         , -1.649771434553038e+01, -1.645282520227940e+01,  9.737133098712353e-02, -8.545340907518142e-02,  8.725993497835416e+00
s14         , -1.814284237715737e+01, -1.819962238647807e+01,  1.197265350284812e-01,  7.655321209010708e-02,  1.054832171143743e+01
s15         , -2.140988745272463e+01, -2.140449825958795e+01,  2.172915936724074e-01,  1.750010851897539e-02,  1.503448428485377e+01
s16         , -2.271802967642396e+01, -2.246096603586211e+01,  2.097094417056591e-01,  2.918948054764108e-02,  1.665677546378918e+01
s17         , -1.845283706311921e+01, -1.865742990551806e+01,  1.473915389862891e-01,  1.060819205569409e-01,  1.092924086168015e+01
s18         , -2.106370881996578e+01, -2.133317674864659e+01,  1.451463733760710e-01,  1.389127877125856e-01,  1.490553737665334e+01
s19         , -2.166440903696862e+01, -2.159617391569491e+01,  9.279703767769749e-02, -2.598203367881356e-03,  1.628582565125665e+01
s20         , -1.957524373940041e+01, -1.954344372466396e+01,  1.396701060231544e-01,  1.797797620185585e-01,  1.202346396578578e+01
s21         , -2.230012329283520e+01, -2.254409036630314e+01,  1.463320509002296e-01,  1.798175435100924e-01,  1.657716480582064e+01
s22         , -1.709175230426198e+01, -1.694554428098671e+01,  1.298864161226292e-01,  2.088202069334089e-01,  7.983530503427941e+00
s23         , -2.271630669020732e+01, -2.262907486025505e+01,  1.087280116473826e-01,  4.909912018916465e-03,  1.772558860710775e+01
s24         , -1.997593461761007e+01, -1.998295630774809e+01,  9.336214839884124e-02,  8.119523541903266e-02,  1.344679810046569e+01
s25         , -2.228124530569044e+01, -2.257037840365906e+01,  1.550686361092763e-01,  1.018861921478446e-01,  1.689281951710844e+01
s26         , -1.806502239865187e+01, -1.792512194871289e+01,  1.030247989933323e-01,  2.317547954471688e-01,  9.574226728597395e+00
s27         , -2.017409009594002e+01, -2.016079816815613e+01,  2.120590090656236e-01, -4.326346236829167e-02,  1.342663043202151e+01
s28         , -1.658938425028538e+01, -1.657824873282146e+01,  9.520684065145321e-02, -5.965993758717511e-02,  8.822067026813091e+00
s29         , -2.262132344831001e+01, -2.294336216147899e+01,  1.408242528413418e-01,  4.069163518809255e-02,  1.782848116637198e+01
s30         , -1.697997334312175e+01, -1.677706009672553e+01,  1.067115316562351e-01, -1.257942547077908e-01,  9.331935457939423e+00
s31         , -1.964904728113367e+01, -1.961414129459969e+01,  1.759101965974351e-01,  1.771918813269938e-01,  1.188956751005533e+01
s32         , -2.151059652715050e+01, -2.127137346002080e+01,  1.906213389792607e-01, -3.577553617834866e-02,  1.524691985128140e+01
s33         , -2.289264810431292e+01, -2.303824548317219e+01,  1.279938516530566e-01, -2.839485160436617e-02,  1.836195436069559e+01
s34         , -2.302504917991390e+01, -2.262288660533741e+01,  2.675050636764889e-01,  5.479600988906539e-02,  1.639025681342996e+01
s35         , -2.244061385591441e+01, -2.260099896975650e+01,  1.886817491722066e-01,  1.321564223402567e-01,  1.657399293526562e+01
s36         , -2.239655424600443e+01, -2.172523346220528e+01,  2.538404912383170e-01, -1.842861990018265e-02,  1.542571735142870e+01
s37         , -2.226102540809307e+01, -2.170010006077440e+01,  2.034569989674704e-01, -7.202166641333574e-02,  1.597093876797735e+01
s38         , -2.102436377352775e+01, -2.100222105384280e+01,  1.907276811687547e-01,  8.265176117972803e-02,  1.432223626828362e+01
s39         , -2.141661104833067e+01, -2.087457216330408e+01,  1.272358113348676e-01,  3.732543728440049e-01,  1.331596460008614e+01
s40         , -1.990275935468409e+01, -1.973587751524456e+01,  2.450861325340974e-01,  1.059789179435923e-01,  1.189984709397699e+01
s41         , -1.952311408648237e+01, -1.935477457213316e+01,  1.877432272444174e-01,  1.852374902755562e-01,  1.137442367937086e+01
s42         , -1.862175379272403e+01, -1.908059596541590e+01,  1.619546393961917e-01, -1.874255557054764e-02,  1.201507330176204e+01
s43         , -2.257821044890805e+01, -2.251565933349235e+01,  1.528627445665929e-01,  2.924197904269995e-01,  1.600176173664130e+01
s44         , -1.984867902879579e+01, -1.974481312303886e+01,  1.911966921678272e-01,  6.093205669910703e-02,  1.248492529370290e+01
s45         , -1.928264199244582e+01, -1.926764360456976e+01,  1.504422127634787e-01, -1.464778460719035e-02,  1.236468469261862e+01
s46         , -2.007096062658339e+01, -2.035095197536059e+01,  1.655141657259067e-01,  9.107037308189801e-02,  1.346373469719428e+01
s47         , -1.842882744186564e+01, -1.864187749939943e+01,  1.264987230877769e-01,  6.519893996333245e-03,  1.148135902510109e+01
s48         , -1.712958329507449e+01, -1.699656329848586e+01,  1.202642381335927e-01,  1.963145156765251e-01,  8.183038056457788e+00
s49         , -2.142142340445580e+01, -2.130671690881572e+01,  1.013455778387051e-01, -5.760650863344162e-02,  1.601974347178668e+01
s50         , -2.022197746600499e+01, -2.049175474866511e+01,  1.909651022224593e-01,  1.055158079838918e-01,  1.343924052127610e+01
s51         , -2.208446385448407e+01, -2.208086369782672e+01,  1.374825532814274e-01, -2.650192039039160e-02,  1.681960414530423e+01
s52         , -2.030062191637932e+01, -1.951842310434249e+01,  1.507068448479051e-01, -1.064362897436981e-01,  1.314359726142406e+01
s53         , -1.881589086732163e+01, -1.891383068138440e+01,  1.347473829034959e-01,  2.413397153104755e-01,  1.082682505196520e+01
s54         , -2.389190768082197e+01, -2.392983448195979e+01,  1.098700514794928e-01,  3.225360912022955e-03,  1.971914036821630e+01
s55         , -1.989931101552115e+01, -1.991206650092293e+01,  1.923795427493435e-01,  7.450190483554982e-02,  1.267449268894254e+01
s56         , -2.293632659980805e+01, -2.312310478470728e+01,  1.629181429898211e-01,  9.293260820090343e-02,  1.772399158184214e+01
s57         , -2.165250835772914e+01, -2.130086894147007e+01,  1.301196551038253e-01, -2.967300611958947e-02,  1.568893706988958e+01
s58         , -2.493828100106786e+01, -2.529195995727292e+01,  1.951746618830893e-01,  2.197502298734152e-01,  2.027607324240823e+01
s59         , -2.019609135900962e+01, -2.032102954723968e+01,  2.338795421145947e-01,  1.050937686006035e-01,  1.287917516920066e+01
s60         , -1.686951544328429e+01, -1.700644686239379e+01,  1.087519258900268e-01,  2.508489831480779e-02,  9.017958479767637e+00
s61         , -1.698686520707895e+01, -1.729301199490966e+01,  1.259993203058973e-01, -8.269166440042139e-02,  9.801985685725171e+00
s62         , -1.961666852236879e+01, -1.965496359681422e+01,  1.703655979053442e-01, -6.130985590080431e-03,  1.278239455721043e+01
s63         , -2.363642228074260e+01, -2.318106526831608e+01,  1.709275393452716e-01,  6.825854978074211e-02,  1.786336267381120e+01
s64         , -2.123215125329894e+01, -2.142943379436629e+01,  1.094478640938497e-01,  1.887415773746771e-01,  1.508765972071221e+01
s65         , -2.229595939650926e+01, -2.183397261650666e+01,  1.454962487272347e-01,  5.319072912414047e-02,  1.604097691602274e+01
s66         , -2.209517036440609e+01, -2.177200180204949e+01,  8.567602982758113e-02,  1.760769935334172e-01,  1.583380435260019e+01
s67         , -2.100952424313996e+01, -2.121348888545150e+01,  1.864285973421610e-01,  2.211284227451123e-01,  1.407836322216359e+01
s68         , -2.306714632630091e+01, -2.292409266662811e+01,  1.102494105845022e-01,  1.453685733793460e-01,  1.756085249811187e+01
s69         , -2.116954741071400e+01, -2.157825977505233e+01,  1.237546575696694e-01,  1.858307951242680e-01,  1.522833954406964e+01
s70         , -2.268552320802911e+01, -2.215357969621453e+01,  1.772989192770571e-01,  2.428298509954151e-01,  1.548982853677422e+01
s71         , -1.844586653395837e+01, -1.893675385496683e+01,  1.491177167622803e-01, -4.239556180960048e-02,  1.198643852575380e+01
s72         , -2.185924535832699e+01, -2.176960487663554e+01,  1.397134717766959e-01,  1.669269156460314e-01,  1.549170088267438e+01
s73         , -1.814705961150877e+01, -1.793455930157057e+01,  1.084536524110939e-01, -1.121464443331747e-01,  1.103545529788828e+01
s74         , -2.269683109870329e+01, -2.324473418016345e+01,  1.588279474581387e-01,  5.315577928342904e-04,  1.833799876737595e+01
s75         , -2.162544692540680e+01, -2.151150758481315e+01,  1.547151689268592e-01,  2.465179588433166e-01,  1.464745809090895e+01
s76         , -1.799713371423827e+01, -1.817744172627950e+01,  1.435023799930249e-01, -1.035948973301000e-01,  1.112578484358868e+01
s77         , -1.808839931225978e+01, -1.813381419334197e+01,  1.552168534006551e-01,  1.443241797919840e-01,  9.906623563078401e+00
s78         , -1.710463489071706e+01, -1.706122830692473e+01,  1.164408653035432e-01, -2.884801608118173e-02,  9.281016425387476e+00
s79         , -2.130172009097587e+01, -2.111949799677846e+01,  1.476391369289717e-01,  4.139851957316149e-02,  1.498149994931557e+01
s80         , -2.075517304342145e+01, -2.068722539333105e+01,  2.061694277631165e-01, -5.363909381244392e-02,  1.431971100778225e+01
s81         , -1.679587307458704e+01, -1.661120409707137e+01,  9.568048157911778e-02, -1.760983018351567e-01,  9.371980708879056e+00
s82         , -1.961963418382102e+01, -1.968615829121133e+01,  1.887341143452520e-01,  1.226524317322267e-01,  1.214575531927091e+01
s83         , -1.732943596118787e+01, -1.745612832355251e+01,  1.297619158674554e-01,  3.226682095464339e-02,  9.529441625872874e+00
s84         , -2.091958911511147e+01, -2.110859837605989e+01,  1.513504596189272e-01, -4.491905528422731e-02,  1.531149231430982e+01
s85         , -1.931803893900067e+01, -1.947729429494629e+01,  1.646940828886863e-01,  1.538885901590923e-01,  1.185881172394262e+01
s86         , -2.124992178205270e+01, -2.078296785565109e+01,  1.460930534405334e-01,  2.863239243823075e-01,  1.341894111198535e+01
s87         , -2.000999990609716e+01, -1.996751028198563e+01,  2.182029646361467e-01,  4.482666018932077e-02,  1.270700748807513e+01
s88         , -1.933594922663024e+01, -1.930687258281762e+01,  1.431395912844273e-01,  7.218514213385817e-03,  1.238149898594999e+01
s89         , -2.128477820873118e+01, -2.129848861823390e+01,  1.889180209724475e-01,  4.619867888922330e-02,  1.494649627566362e+01
s90         , -2.009844325702736e+01, -2.005173545009390e+01,  1.578392170596422e-01, -5.497287680072099e-02,  1.368918121936472e+01
s91         , -2.185233402642529e+01, -2.218098688645628e+01,  1.803707531187179e-01,  2.661223371912036e-02,  1.644384254445571e+01
s92         , -1.852873985612102e+01, -1.843323182535399e+01,  1.234208939961684e-01,  2.299881833864781e-01,  1.021821682493008e+01
s93         , -2.244477787769646e+01, -2.232429468869053e+01,  1.421295217243701e-01,  2.622196540493960e-01,  1.591382047497937e+01
s94         , -2.069748145715988e+01, -2.076795863189452e+01,  1.931679604716583e-01,  3.392946705316530e-02,  1.415635784069479e+01
s95         , -1.839144268754908e+01, -1.818772912594617e+01,  1.140364773311811e-01,  1.948895483157219e-01,  1.005898845311809e+01
s96         , -2.061908691885885e+01, -2.057034217622303e+01,  2.042993389473460e-01,  2.271738362438509e-02,  1.382393547493843e+01
s97         , -2.336181657728519e+01, -2.310846917209966e+01,  9.719449327790099e-02,  1.975770671247213e-02,  1.847713618043598e+01
s98         , -1.913590175727989e+01, -1.900079121981639e+01,  1.608427534930675e-01,  2.003674247182243e-01,  1.095453080611585e+01
s99         , -1.764848235022367e+01, -1.781152008445691e+01,  7.641886632788981e-02,  2.596143931995367e-01,  9.465858075486391e+00
s100        , -2.003395952271198e+01, -1.993906283048052e+01,  2.193420448659373e-01,  1.859412209994267e-01,  1.204619112252321e+01
s101        , -2.047737186068138e+01, -2.050514839341560e+01,  1.279878570144224e-01,  1.912206914412346e-01,  1.353021685951174e+01
s102        , -1.813404261594337e+01, -1.810881016541544e+01,  1.052836904005037e-01,  2.283973860214048e-01,  9.854545792027629e+00
s103        , -2.094885731266024e+01, -2.074592700594850e+01,  2.072163748235819e-01,  4.119902337888268e-02,  1.399294183382451e+01
s104        , -1.695125455205811e+01, -1.679162267473534e+01,  1.036413937761099e-01,  1.935816601172408e-01,  7.996889338483333e+00
s105        , -2.089913046364001e+01, -2.106276768554921e+01,  1.251871297833768e-01,  9.989422495439861e-03,  1.518715344970363e+01
s106        , -2.193421435204462e+01, -2.203333357716892e+01,  1.279053828192712e-01,  1.032012808356407e-01,  1.625374583213559e+01
s107        , -1.938858975045087e+01, -1.926164253050789e+01,  1.165706743648612e-01,  9.241910498472579e-02,  1.213013716515895e+01
s108        , -2.184761912256448e+01, -2.196457549164917e+01,  1.287605414269453e-01,  1.556084704046010e-01,  1.591609000780049e+01
s109        , -1.765266017099491e+01, -1.811203548833691e+01,  1.480614004456280e-01, -9.490361583208690e-02,  1.095609864682043e+01
s110        , -2.222643790681205e+01, -2.119501249956417e+01,  2.048841637787537e-01, -9.200666104171346e-02,  1.527286114731044e+01
s111        , -2.198367498730207e+01, -2.186022806881284e+01,  1.399809638053614e-01,  1.582463897518109e-01,  1.566624601347695e+01
s112        , -2.341727175416096e+01, -2.317753845894984e+01,  1.805972847268583e-01,  2.132363361785015e-01,  1.716441217535916e+01
s113        , -2.064750776227555e+01, -2.044572273462215e+01,  2.086148204306297e-01,  1.043898193348224e-01,  1.325008722039598e+01
s114        , -2.335281852671257e+01, -2.333955521185258e+01,  1.985576559442333e-01,  7.207467567447817e-02,  1.789663474080801e+01
s115        , -2.467653405274963e+01, -2.436240052901795e+01,  1.518744640194198e-01, -1.274742045246153e-02,  2.015751613575209e+01
s116        , -2.119630992652875e+01, -2.160279022250958e+01,  1.709646506252641e-01,  3.839033771106148e-01,  1.408062579576027e+01
s117        , -1.681518237222159e+01, -1.672903752499224e+01,  8.673104930912501e-02, -2.753438406223817e-02,  8.973832466046373e+00
s118        , -1.725426000439147e+01, -1.717670140392107e+01,  9.148074431299889e-02,  4.581352786512183e-02,  9.310286054044951e+00
s119        , -2.026224064054247e+01, -2.029324520496072e+01,  1.595203050809060e-01,  3.884066587383544e-02,  1.364267358350399e+01
s120        , -2.061376236446881e+01, -2.048792824839051e+01,  1.999396091672906e-01,  9.397625449130972e-02,  1.342042695654965e+01
s121        , -2.090204853596659e+01, -2.078149629003110e+01,  8.606166517044131e-02,  3.791296256931456e-02,  1.490900565433331e+01
s122        , -1.679179791839329e+01, -1.667408563248236e+01,  9.284846948571485e-02, -1.523873299607992e-01,  9.385827031265780e+00
s123        , -1.729435756680531e+01, -1.717046030771193e+01,  8.685705891996080e-02,  9.578359358729718e-02,  9.117318770287147e+00
s124        , -1.927065840811719e+01, -1.967556538694637e+01,  1.131109154116016e-01,  1.543056234389832e-01,  1.252175900728414e+01
s125        , -2.074667074869674e+01, -2.071794814253936e+01,  1.852932334993523e-01,  8.296225004736489e-02,  1.392306927838479e+01
s126        , -1.981090987888966e+01, -1.966579571199458e+01,  1.932873675063509e-01,  1.204791963735104e-01,  1.209207387108627e+01
s127        , -1.791042209268825e+01, -1.781199810112441e+01,  9.857114980545580e-02,  2.734893693854475e-01,  9.251757562502119e+00
s128        , -2.199486439730610e+01, -2.200267187417688e+01,  1.440153510126546e-01,  9.611060421552535e-02,  1.612467786814589e+01
s129        , -1.847106084369403e+01, -1.835007665202430e+01,  1.480373911601843e-01,  1.316228589465837e-01,  1.034323544214101e+01
s130        , -2.183307419908922e+01, -2.163624402786288e+01,  1.816338664584765e-01,  3.512729109359929e-01,  1.419817212595733e+01
s131        , -1.937195493711046e+01, -1.929545643499101e+01,  1.680847020650221e-01, -2.155741369841189e-02,  1.231376732765378e+01
s132        , -1.756898825137140e+01, -1.743010131212329e+01,  1.191967531175040e-01, -6.364961882491842e-02,  9.977530913883445e+00
s133        , -1.952720456066259e+01, -1.951195822747246e+01,  1.556078613932038e-01,  9.989376779096298e-02,  1.220861743699095e+01
s134        , -1.792604080418195e+01, -1.817516862560894e+01,  1.210248220368593e-01,  6.012863104011017e-02,  1.057266023385008e+01
s135        , -2.163690184151209e+01, -2.164663433435809e+01,  1.600389012916167e-01,  4.457344346454328e-02,  1.568925193513413e+01
s136        , -2.266590946104735e+01, -2.234281881258587e+01,  1.158381751123906e-01,  1.507665648981840e-01,  1.660727742933689e+01
s137        , -1.871948299194560e+01, -1.869627027655066e+01,  1.680332280208796e-01,  1.542708383537301e-01,  1.063637678775942e+01
s138        , -2.098569970792443e+01, -2.108099235766326e+01,  1.420448444790068e-01,  1.788760518225450e-01,  1.436805752318578e+01
s139        , -1.946420871832499e+01, -1.957138922675171e+01,  2.000224187084574e-01, -2.127781328839175e-02,  1.251223886990710e+01
s140        , -1.890485827097119e+01, -1.916484500927046e+01,  1.330050191973230e-01, -2.947604987095904e-02,  1.239305067004513e+01
s141        , -2.048387804329865e+01, -2.073570530167202e+01,  1.220994397312422e-01, -8.128667209506484e-03,  1.478553247470329e+01
s142        , -1.712146112463541e+01, -1.727007545916734e+01,  1.115945038507998e-01,  1.457363619881725e-01,  8.881371476550854e+00
s143        , -2.146398341435241e+01, -2.177299846827295e+01,  1.813575855497139e-01,  3.356833107597729e-02,  1.578139955304115e+01
s144        , -2.296743054539722e+01, -2.242489402458791e+01,  1.900972456372005e-01,  2.346668932323446e-01,  1.585152734178379e+01
s145        , -2.169591974109321e+01, -2.170325752002329e+01,  1.797558442534528e-01,  4.969037708526913e-02,  1.561607439124874e+01
s146        , -2.268369172314783e+01, -2.271165621292098e+01,  1.789550447611053e-01,  9.361743940578966e-02,  1.697805999713211e+01
s147        , -2.121406114253308e+01, -2.112440477865990e+01,  9.402706482648475e-02,  4.178576443237686e-03,  1.552467021149510e+01
s148        , -2.139826235530006e+01, -2.115829724375974e+01,  1.543651617480485e-01,  1.586162909507101e-01,  1.448787855220544e+01
s149        , -1.818204101397333e+01, -1.825000070373040e+01,  1.708395222113862e-01,  7.936823435721571e-03,  1.056431875248347e+01
s150        , -2.236615053154114e+01, -2.224168003802059e+01,  2.096165198905249e-01,  1.256564099401566e-01,  1.590474818536140e+01
s151        , -2.007280490017163e+01, -1.996909400322760e+01,  2.154631725626488e-01,  5.757852341052866e-02,  1.267354364891318e+01
s152        , -2.043501428229088e+01, -2.051185924306563e+01,  2.025677572486606e-01,  6.122794863422032e-02,  1.358012049596061e+01
s153        , -2.294208833005412e+01, -2.290913348413988e+01,  2.193406454210742e-01,  1.106152547832961e-01,  1.692498568821478e+01
s154        , -1.941555486932839e+01, -1.934564691090960e+01,  1.622302885194906e-01, -7.857662997213105e-02,  1.267783195490246e+01
s155        , -2.030625886040805e+01, -2.062042421205654e+01,  1.629459458919341e-01,  1.959132650648803e-02,  1.420343656681520e+01
s156        , -1.755225478861601e+01, -1.760675096642613e+01,  1.459418515813332e-01,  1.060095792287018e-01,  9.328838298400852e+00
s157        , -1.981494689568535e+01, -1.961930286875763e+01,  2.071371901545908e-01,  1.454990726754902e-01,  1.181591030684890e+01
s158        , -2.120666701656112e+01, -2.137490908229383e+01,  1.777151168340054e-01,  1.252988672187258e-01,  1.480051258439107e+01
s159        , -2.199339551508707e+01, -2.217368980096600e+01,  1.604376718353318e-01,  2.375566691164902e-01,  1.566135225164325e+01
s160        , -1.822712376873660e+01, -1.816376571660042e+01,  1.124811267946492e-01,  1.450545535353657e-01,  1.024827994485751e+01
s161        , -1.850131544535105e+01, -1.841085492860716e+01,  6.842836813385690e-02, -1.345020784224944e-01,  1.214213936184507e+01
s162        , -2.165239460618542e+01, -2.141998445974029e+01,  1.556640096633432e-01,  1.699133113472598e-01,  1.483122890459547e+01
s163        , -2.054863013411503e+01, -2.066532076500324e+01,  2.182039145758733e-01,  8.069711553348714e-02,  1.362198869557455e+01
s164        , -2.244259094688993e+01, -2.253960995877053e+01,  1.407927420758087e-01, -1.406319732039509e-02,  1.744608039405568e+01
s165        , -2.169401378729562e+01, -2.160681801854869e+01,  2.251114985085706e-01,  1.218052382026352e-01,  1.483966260697654e+01
s166        , -1.893544650248816e+01, -1.866528986523073e+01,  1.812910445532844e-01, -7.770527225483362e-02,  1.149766813266155e+01
s167        , -1.990371422830687e+01, -2.020199446937616e+01,  1.582926755226749e-01,  6.880021234145293e-02,  1.338201329258209e+01
s168        , -2.358382467591309e+01, -2.340537493262963e+01,  8.322569621965174e-02,  7.098901596710392e-03,  1.908468711419160e+01
s169        , -2.234616115486217e+01, -2.253299682698552e+01,  1.509259546553328e-01, -4.906629465552724e-02,  1.751619003010349e+01
s170        , -1.980105726485419e+01, -2.007349545445254e+01,  1.586830283432696e-01,  1.064350050764391e-01,  1.301979318383925e+01
s171        , -2.225344967355102e+01, -2.255982373305849e+01,  1.777282488975886e-01,  2.327588919635377e-01,  1.615314045393701e+01
s172        , -2.076076397080535e+01, -2.091497170241550e+01,  2.041707683056111e-01,  8.880605469947153e-02,  1.406787990095149e+01
s173        , -2.167162181633835e+01, -2.159477637172417e+01,  1.829075968078748e-01,  9.081598521059181e-02,  1.525016089653634e+01
s174        , -2.217746151284670e+01, -2.192343717230266e+01,  1.636271637253981e-01, -1.768598547255403e-02,  1.635733099338290e+01
s175        , -1.912249737452136e+01, -1.892628134888626e+01,  1.421283277825658e-01, -1.124112931082807e-01,  1.232154528336940e+01
s176        , -2.262880123350610e+01, -2.240264322565053e+01,  1.238541415513935e-01,  1.272199393259615e-01,  1.674459278604544e+01
s177        , -1.998504477748202e+01, -2.055536557443789e+01,  1.202848220896914e-01,  1.986324138313904e-01,  1.362908312031962e+01
s178        , -1.778030448780716e+01, -1.799620527915582e+01,  1.287921059484082e-01, -1.183394400166854e-01,  1.101446017037665e+01
s179        , -2.322340610724453e+01, -2.357936232981292e+01,  1.575171052421415e-01,  2.377534520762359e-01,  1.783604292890519e+01
s180        , -1.682543251402466e+01, -1.669167997390201e+01,  8.710354924442298e-02,  1.089162217565787e-01,  8.324852661986217e+00
s181        , -1.586682207916231e+01, -1.575416621766696e+01,  7.986048677059299e-02, -4.993716084820796e-03,  7.429940425347811e+00
s182        , -2.348293513803748e+01, -2.324332920800981e+01,  1.244348452790176e-01,  1.771650381898438e-01,  1.781380495701580e+01
s183        , -2.155098810628208e+01, -2.149021450513398e+01,  2.297825500864402e-01,  3.067685630597082e-02,  1.502165200514079e+01
s184        , -2.324937775466465e+01, -2.308722390108681e+01,  1.260704185184054e-01,  1.880326401186234e-01,  1.751611345292627e+01
s185        , -2.378592453308165e+01, -2.391333844418100e+01,  1.411066400184102e-01,  1.805010535313741e-01,  1.871002964092694e+01
s186        , -2.071202883303041e+01, -2.087578771220720e+01,  1.539962742304694e-01,  4.775601116553237e-03,  1.472150561465031e+01
s187        , -2.027503475690737e+01, -2.027418437694332e+01,  2.125368147992768e-01,  2.781395754178144e-02,  1.329026405731811e+01
s188        , -2.214013663755619e+01, -2.218142865953063e+01,  1.664242516655147e-01,  5.764873313640934e-02,  1.640806604558474e+01
s189        , -2.074030596943589e+01, -2.079472090990037e+01,  1.394726555366221e-01,  1.491040295005158e-01,  1.407568366831819e+01
s190        , -1.914542963593283e+01, -1.933383422840455e+01,  1.820294773328878e-01,  1.089212124036855e-01,  1.171176134532144e+01
s191        , -1.679323473828856e+01, -1.663742783791321e+01,  8.401402133905768e-02,  1.108585807951680e-01,  8.254897793832995e+00
s192        , -1.690928184419942e+01, -1.680901048932949e+01,  9.526198482216129e-02, -3.390346338635816e-03,  8.932541628310837e+00
s193        , -2.273712334380998e+01, -2.275642167709254e+01,  1.195405855763404e-01,  1.272695424883800e-01,  1.731694446518782e+01
s194        , -2.090019731082972e+01, -2.108075319365101e+01,  1.321162447605027e-01,  2.827446581677276e-02,  1.508732429082025e+01
s195        , -1.910778599576077e+01, -1.932562688908964e+01,  1.542096167179990e-01,  1.378056691354953e-01,  1.176904430640973e+01
s196        , -1.918378235513936e+01, -1.933162797511598e+01,  1.842082964859906e-01,  9.382006674263457e-02,  1.175833671558564e+01
s197        , -2.010118773573690e+01, -2.036096817178204e+01,  2.110803107914486e-01, -5.884086705698059e-02,  1.380761951908578e+01
s198        , -2.040069724820686e+01, -2.058872428183825e+01,  1.095173094659792e-01,  2.165322869762652e-01,  1.367825476354903e+01
s199        , -2.033728659050214e+01, -2.031545097098645e+01,  1.347989320817322e-01,  2.781203573078582e-01,  1.281657245947482e+01
s200        , -1.788348829912646e+01, -1.788929314494412e+01,  1.182052904543658e-01,  9.968288900268765e-02,  9.983320258251231e+00
s201        , -1.891783601993355e+01, -1.886513690571417e+01,  1.043434497808853e-01, -9.131127588830638e-02,  1.240096960564618e+01
s202        , -2.174492495952721e+01, -2.180126986484063e+01,  1.724545061489992e-01,  4.272416675135545e-02,  1.584748263033268e+01
s203        , -2.185008698942601e+01, -2.187977833384692e+01,  2.447033809755525e-01,  2.895233834421391e-02,  1.552200431878264e+01
s204        , -2.086349108831322e+01, -2.093305021985527e+01,  1.994440809174725e-01, -1.829789743338626e-02,  1.459105607564336e+01
s205        , -2.088054945703831e+01, -2.097473803057341e+01,  1.584370180956050e-01, -2.904399247250611e-02,  1.498816339060125e+01
s206        , -2.114956534802060e+01, -2.196152571742536e+01,  1.837022390021169e-01,  2.736390043578302e-01,  1.501758313684077e+01
s207        , -1.936064601068155e+01, -1.936786127357131e+01,  1.143519428082747e-01,  1.533727435735056e-01,  1.204534876824048e+01
s208        , -2.173553987268506e+01, -2.180019828267949e+01,  2.600709847928264e-01,  4.006206003888007e-02,  1.524455218316582e+01
s209        , -1.958079034508013e+01, -1.977702271565411e+01,  1.888422667886238e-01,  5.245248214256173e-02,  1.258738316500937e+01
s210        , -2.077095411669474e+01, -2.094250988893502e+01,  1.370190468478785e-01, -1.722321078293366e-02,  1.503751376132011e+01
s211        , -2.106003856984427e+01, -2.100423166323945e+01,  2.086145920694290e-01,  7.000607230796001e-02,  1.425481498710623e+01
s212        , -1.921431398034701e+01, -1.913026843502621e+01,  1.909203236957084e-01,  1.201994037868333e-01,  1.128879027087194e+01
s213        , -1.891211086691480e+01, -1.874795942481466e+01,  1.747650260170341e-01,  1.222774779156479e-01,  1.080666804234351e+01
s214        , -1.797391097043976e+01, -1.782657701890992e+01,  8.635838859874936e-02,  2.136013928234154e-01,  9.618079107605213e+00
s215        , -2.046416066581664e+01, -2.071220615683912e+01,  2.000333887420737e-01,  6.027649885367065e-02,  1.390911622113932e+01
s216        , -2.054695205981560e+01, -2.034255271064368e+01,  1.600520681071203e-01,  1.844331853271519e-01,  1.308598240844587e+01
s217        , -2.064527960557822e+01, -2.038499305555937e+01,  1.024394700394816e-01,  1.923947320001344e-01,  1.351961418863048e+01
s218        , -2.267569057486860e+01, -2.263053034898328e+01,  1.524958387982943e-01,  8.307335544304648e-02,  1.708425652473149e+01
s219        , -1.969996813819463e+01, -2.000871185387654e+01,  1.604952725497377e-01, -5.044435720907327e-02,  1.358509216409707e+01
s220        , -2.056541179285701e+01, -2.090019388007403e+01,  1.257010013080149e-01, -4.936262707153734e-02,  1.519054985054106e+01
s221        , -2.147236245537334e+01, -2.149182596323440e+01,  2.236516279445707e-01,  8.055516400371360e-04,  1.519596536467920e+01
s222        , -1.817717386569833e+01, -1.839318280072845e+01,  1.737644014329323e-01,  1.062370771352129e-01,  1.033899008576781e+01
s223        , -2.049263974761081e+01, -2.065311933902978e+01,  1.792111579367542e-01,  1.136781926482383e-01,  1.373360381083573e+01
s224        , -2.147370851727396e+01, -2.127143521587686e+01,  1.869729874983625e-01,  1.220137296647979e-02,  1.506539950830763e+01
s225        , -2.297636192643720e+01, -2.300186721921146e+01,  1.995344790829387e-01,  1.956521123764860e-01,  1.683855266283638e+01
s226        , -2.349615644619751e+01, -2.332592384738683e+01,  2.077056322280355e-01,  2.242837903435065e-01,  1.715462170051064e+01
s227        , -1.994214785348108e+01, -2.031411224391881e+01,  1.098480718651202e-01,  1.199146106429609e-01,  1.367204710311027e+01
s228        , -1.935600154849446e+01, -1.941634942339239e+01,  1.721445137721622e-01, -5.189982515506490e-02,  1.260171874668993e+01
s229        , -1.931982821700711e+01, -1.898416920858748e+01,  9.861740477012859e-02, -6.202686827243394e-02,  1.249708208411314e+01
s230        , -1.663964761443124e+01, -1.645940175564705e+01,  9.162942836246679e-02, -9.069996344775981e-02,  8.798885659229210e+00
s231        , -1.912412961575534e+01, -1.915156654609589e+01,  1.547698390611920e-01,  4.725880123658624e-02,  1.188918361167404e+01
s232        , -2.205202611453251e+01, -2.202581360826287e+01,  1.033311686203568e-01,  1.527160788064398e-01,  1.620031532762760e+01
s233        , -2.108987100746543e+01, -2.138047296096068e+01,  1.926153474422584e-01,  2.170958222530341e-01,  1.430851621291395e+01
s234        , -2.119865480781422e+01, -2.117967435793841e+01,  1.312443277783756e-01,  1.390088255650219e-01,  1.476700925183355e+01
s235        , -1.634470488909293e+01, -1.620327209222502e+01,  9.174378103811016e-02,  2.594127885861986e-01,  6.893853853996038e+00
s236        , -2.035495556536669e+01, -2.054695425132324e+01,  1.653247235908724e-01, -7.518227524563956e-02,  1.448332586983398e+01
s237        , -2.057488800817375e+01, -2.076377422950527e+01,  1.641812162204296e-01,  2.369300856232451e-01,  1.347625609160808e+01
s238        , -2.181497599002021e+01, -2.186262591515091e+01,  2.253476857055161e-01,  2.524791621639055e-01,  1.466604401254371e+01
s239        , -1.938605784207409e+01, -1.936081467600271e+01,  1.590781410012595e-01,  2.195077980455653e-01,  1.143620921111967e+01
s240        , -1.879589433372550e+01, -1.864458662212888e+01,  1.473846774835887e-01,  1.374066260849949e-01,  1.077435961890514e+01
s241        , -1.732119998261703e+01, -1.717964199800936e+01,  1.121851668792222e-01,  2.122779225325371e-01,  8.451311322512590e+00
s242        , -2.017650413285683e+01, -2.024217838710942e+01,  2.342344073681494e-01, -5.847876531509585e-02,  1.346199565829186e+01
s243        , -1.996072124442394e+01, -1.984892185020745e+01,  1.655231942303868e-01, -1.359006411337391e-02,  1.314583309144957e+01
s244        , -2.121993688931675e+01, -2.110049224184098e+01,  1.603619398481714e-01,  6.798542670588531e-02,  1.474859525840765e+01
s245        , -2.152256201120388e+01, -2.165678345859391e+01,  1.710836744793702e-01,  6.406525905515301e-02,  1.554341388059208e+01
s246        , -1.806013829922115e+01, -1.804435589880509e+01,  1.327997457534764e-01,  1.188050138070811e-01,  1.003642724080650e+01
s247        , -1.662499542985015e+01, -1.642947726890697e+01,  1.088968708020037e-01, -4.199919253748064e-02,  8.421983694568752e+00
s248        , -2.087245838906029e+01, -2.094908155715229e+01,  1.532531266233473e-01,  1.611485591347332e-01,  1.416396331186496e+01
s249        , -2.031192930505803e+01, -2.024189593234743e+01,  1.481624751138058e-01,  2.602041699213100e-01,  1.268768766573417e+01
s250        , -1.829082894515480e+01, -1.832361976394639e+01,  1.511859529826279e-01,  1.175045074723145e-01,  1.034160551744667e+01
s251        , -2.316191337748571e+01, -2.277764506652968e+01,  1.829031906405143e-01, -5.530799390314713e-02,  1.769457558164268e+01
s252        , -1.836403387539604e+01, -1.846526303254116e+01,  1.470349659621645e-01,  8.122958022655546e-02,  1.074440833572701e+01
s253        , -1.948978591890307e+01, -1.948035294620244e+01,  1.287279084519577e-01, -6.702696552838969e-02,  1.306880593845969e+01
s254        , -1.974328758235917e+01, -1.987501763687472e+01,  1.692254149885545e-01, -6.898010563734923e-02,  1.339908504523355e+01
s255        , -2.045692599174058e+01, -2.048213911679208e+01,  2.244397512573883e-01,  5.525990789636853e-02,  1.340735032831602e+01
s256        , -1.776850461240055e+01, -1.781272354587496e+01,  1.562924939721873e-01,  1.530113204393671e-01,  9.369313771497412e+00
s257        , -2.163660994039700e+01, -2.166771671041626e+01,  1.767647691936021e-01,  9.720121364570411e-02,  1.537738504702761e+01
s258        , -1.860059101905129e+01, -1.852067809899365e+01,  1.231815155523066e-01,  1.436044327983128e-02,  1.128489166073686e+01
s259        , -2.094542362420654e+01, -2.102847709774441e+01,  2.569673218485285e-01, -6.999401361163275e-02,  1.455823681881190e+01
s260        , -1.742875942837962e+01, -1.731525024956861e+01,  9.938629527095115e-02,  2.070542113129026e-01,  8.771286197273987e+00
s261        , -2.065616574581777e+01, -2.082548202553119e+01,  2.335382799689873e-01,  1.008872756648285e-01,  1.367312658419628e+01
s262        , -2.014040040752147e+01, -1.985101960992892e+01,  1.519064913641535e-01,  2.788036228142947e-01,  1.198192872793188e+01
s263        , -1.686996628366655e+01, -1.693910033088421e+01,  1.318488850341512e-01,  1.830931381030358e-01,  8.070997369727390e+00
s264        , -2.074271161967796e+01, -2.057358919247751e+01,  1.473314428088917e-01,  2.295580472160421e-01,  1.333434588986670e+01
s265        , -2.059536695716665e+01, -2.077548767419403e+01,  1.482461116544188e-01,  1.684364866929522e-01,  1.390137125559895e+01
s266        , -2.198651133619990e+01, -2.213734583262347e+01,  1.829095909068391e-01,  1.731828266990236e-01,  1.572638688193595e+01
s267        , -1.899333543245141e+01, -1.895194398897448e+01,  1.602470170039323e-01,  5.714635173338815e-02,  1.150213680666415e+01
s268        , -1.857298059991068e+01, -1.852855753456874e+01,  1.555920131064644e-01,  2.077208038983863e-01,  1.023549960831799e+01
s269        , -2.106917022960664e+01, -2.101531748655488e+01,  2.338261551942954e-01, -4.623765045655283e-02,  1.459734444486990e+01
s270        , -1.920756052964929e+01, -1.927569649427860e+01,  1.535060311245289e-01, -7.956034449880561e-02,  1.263585067672942e+01
s271        , -1.965184309682283e+01, -1.950390792135232e+01,  1.286548291830354e-01, -4.005398805522246e-02,  1.298897975618376e+01
s272        , -2.112049940018463e+01, -2.091619590103512e+01,  2.622449219978177e-01, -1.410221078640624e-02,  1.410787904987985e+01
s273        , -1.945398506004425e+01, -1.960383892921158e+01,  1.538902832449760e-01,  1.838590788627871e-01,  1.199899304330712e+01
s274        , -2.135203005648119e+01, -2.133282417351142e+01,  1.576042494168638e-01, -3.480240399047205e-02,  1.556785016271387e+01
s275        , -2.088724638081418e+01, -2.098963542347430e+01,  1.566942235224360e-01,  1.620034181135147e-01,  1.419838131030879e+01
s276        , -1.839432489855567e+01, -1.848638049034351e+01,  1.335438404192652e-01, -2.992262989869563e-03,  1.123475208853229e+01
s277        , -2.199306195501885e+01, -2.074160739246832e+01,  2.041319975507342e-01,  3.473711693147252e-01,  1.268605074586961e+01
s278        , -2.276883612887764e+01, -2.258785468368377e+01,  1.503240683513422e-01,  1.098990059040118e-01,  1.691820258141519e+01
s279        , -2.262380984036664e+01, -2.259864289053608e+01,  1.324235815962916e-01,  2.943805385528594e-03,  1.752169557669041e+01
s280        , -1.620731240668889e+01, -1.648037986086534e+01,  1.088092771915138e-01,  2.487160025057908e-02,  8.211935900892325e+00
s281        , -2.072632910940930e+01, -2.025926355471069e+01,  1.570104403475757e-01,  2.365244935977326e-01,  1.275466568121261e+01
s282        , -1.840721485531197e+01, -1.890789800712712e+01,  1.227281950667825e-01,  1.507108423828845e-01,  1.129306331087616e+01
s283        , -1.945843055355910e+01, -1.957908582890254e+01,  1.422442241533576e-01,  5.398435620304110e-02,  1.260320356981589e+01
s284        , -2.290375248734285e+01, -2.305427999701644e+01,  1.371068136630759e-01, -2.795590714606918e-02,  1.832090757502163e+01
s285        , -2.162506652538119e+01, -2.131813221276256e+01,  1.203425804904712e-01,  1.552087139041561e-01,  1.498559238244550e+01
s286        , -2.308167299949378e+01, -2.345565687488339e+01,  1.259127353143261e-01,  7.920795883879029e-03,  1.885967997711725e+01
s287        , -1.888746545864790e+01, -1.880036350003003e+01,  1.483635529781833e-01,  2.811568899373399e-01,  1.038572904331500e+01
s288        , -2.031934863671701e+01, -2.033780388813308e+01,  1.266189325124653e-01,  7.507198007813308e-02,  1.378467595343471e+01
s289        , -2.410980627565496e+01, -2.431026522893409e+01,  1.689876686187126e-01,  3.897895649456903e-02,  1.973457779023890e+01
s290        , -2.087284446952964e+01, -2.076075413264324e+01,  1.996814535748097e-01,  1.360413427178892e-02,  1.418750829695351e+01
s291        , -2.204275686911580e+01, -2.164661352897316e+01,  1.869614915802729e-01,  4.147647493733433e-01,  1.390269532432851e+01
s292        , -1.820983264392220e+01, -1.854784398314855e+01,  1.466826470182344e-01,  1.617642740707812e-01,  1.052578853764285e+01
s293        , -1.668568749246811e+01, -1.673561973696814e+01,  1.125589418023976e-01,  1.047507773203458e-01,  8.232170243542297e+00
s294        , -2.280852590517532e+01, -2.327315771917758e+01,  1.710280998200349e-01,  3.057106989601084e-02,  1.816655994003308e+01
s295        , -1.673628435422914e+01, -1.671373879943972e+01,  9.530648475627178e-02,  1.651202214340033e-02,  8.700239408713262e+00
s296        , -2.103716924286631e+01, -2.073562823785808e+01,  1.161215919527926e-01,  2.988718401108311e-01,  1.350180621694240e+01
s297        , -2.124288787488653e+01, -2.111791704859880e+01,  1.987623539630374e-01,  1.249426016760338e-01,  1.426083980499653e+01
s298        , -2.177880180045448e+01, -2.158434437860378e+01,  2.187715522186381e-01,  1.888396236706905e-02,  1.529389108660877e+01
s299        , -1.893486515270964e+01, -1.903258550646461e+01,  1.764387654767635e-01,  5.739247533480349e-02,  1.151146674200880e+01
s300        , -1.774017522269403e+01, -1.768575581033095e+01,  1.185529145468997e-01,  2.689591901004801e-01,  8.938016314715004e+00
s301        , -2.283171483494903e+01, -2.305832508265207e+01,  1.923398610554227e-01,  3.617773459305314e-02,  1.766393018159957e+01
s302        , -1.721456897049112e+01, -1.691944236001053e+01,  1.027496567577148e-01, -1.012609579226701e-01,  9.472020645127559e+00
s303        , -2.130552121943375e+01, -2.105031803503102e+01,  1.918355388016096e-01,  1.891914474691030e-01,  1.392826323750181e+01
s304        , -2.313677054561944e+01, -2.301806899748801e+01,  1.475117060926106e-01,  9.840948434643565e-02,  1.764706108909465e+01
s305        , -1.858159986173835e+01, -1.848514096402400e+01,  1.334300050063146e-01, -3.869081119562238e-02,  1.138776957827270e+01
s306        , -2.163460095493751e+01, -2.152717824085876e+01,  2.046196765072253e-01, -3.043121826017501e-02,  1.551813225267836e+01
s307        , -1.987289536762319e+01, -2.014397307388254e+01,  1.864276201582193e-01,  2.360843833960223e-02,  1.329139149352018e+01
s308        , -2.028550026196297e+01, -2.024425722899787e+01,  1.871572499960533e-01,  3.491528179096314e-01,  1.203456348803885e+01
s309        , -2.129242792516701e+01, -2.072021549795283e+01,  1.403461314144030e-01, -1.114680286073561e-01,  1.508031683382122e+01
s310        , -1.894855963686166e+01, -1.916014947252024e+01,  1.558638845553480e-01,  1.159669405396139e-01,  1.159805654525199e+01
s311        , -2.010039836844276e+01, -2.027947145187038e+01,  1.487798828416136e-01,  6.050231235656938e-02,  1.360315363969778e+01
s312        , -1.830057188159682e+01, -1.835914233917456e+01,  1.346997899402672e-01, -3.599326072927150e-02,  1.117406722573889e+01
s313        , -1.990312271450173e+01, -1.973967783654332e+01,  2.009045628682160e-01,  1.808594177002215e-01,  1.189139257423242e+01
s314        , -1.980645538479249e+01, -1.987028664825302e+01,  2.102476826807268e-01,  6.708524529948123e-02,  1.251748977255125e+01
s315        , -1.914671781515828e+01, -1.924247104990621e+01,  1.090830219911404e-01, -7.338354420093388e-03,  1.258379612798509e+01
s316        , -2.257620253811652e+01, -2.250677648801674e+01,  2.039678406392529e-01,  7.688815483206984e-02,  1.656123617087545e+01
s317        , -1.647333233405121e+01, -1.634784253735528e+01,  1.051819675466645e-01,  1.500426831565189e-01,  7.493702200027903e+00
s318        , -2.027102701488289e+01, -2.011265676688190e+01,  2.282344234484773e-01,  9.930943670577952e-02,  1.262416150359097e+01
s319        , -1.996146248057647e+01, -2.011179505044364e+01,  1.851685424975775e-01,  1.195870514059445e-01,  1.283649396155284e+01
s320        , -2.548773082504399e+01, -2.507179912267667e+01,  1.955587651395996e-01,  8.932561280430543e-02,  2.049892973102139e+01
s321        , -1.727661852750149e+01, -1.741956785047849e+01,  1.192118535790058e-01, -3.848999325247363e-03,  9.703098019602178e+00
s322        , -2.011073789818953e+01, -2.024100519504569e+01,  1.692708641047860e-01, -8.750901169763205e-02,  1.403987793978096e+01
s323        , -2.178223238748198e+01, -2.171631827744009e+01,  1.893627913129207e-01,  1.081633060307503e-01,  1.531646275479954e+01
s324        , -1.879130547869734e+01, -1.870810668146910e+01,  1.117732981556137e-01,  6.236694676855237e-02,  1.144477767717537e+01
s325        , -2.032679436678044e+01, -2.028696507387017e+01,  2.649566096594758e-01,  4.543347037314449e-03,  1.304370662178399e+01
s326        , -2.071891083121713e+01, -2.093754344076230e+01,  2.059989215154439e-01,  1.494670775078115e-01,  1.382780748143361e+01
s327        , -1.834375983430116e+01, -1.879108018301639e+01,  1.630270202885802e-01, -6.974536735107341e-02,  1.178389554357848e+01
s328        , -2.099505369246730e+01, -2.065069048341871e+01,  1.252436218360308e-01,  2.879092598242781e-03,  1.458567755977929e+01
s329        , -2.140321290954873e+01, -2.148456489703569e+01,  2.440142293361496e-01,  2.032262216128261e-01,  1.416850615659551e+01
s330        , -2.114112529442132e+01, -2.095339678521467e+01,  1.101718568822972e-01, -8.729899471679128e-02,  1.554451049133494e+01
s331        , -1.934637322166436e+01, -1.955596703828063e+01,  1.633738199736428e-01, -6.839822418613296e-02,  1.294834426398553e+01
s332        , -1.962462779654497e+01, -1.964622467905161e+01,  9.413178552896524e-02, -5.596257077192861e-02,  1.351730635800485e+01
s333        , -2.293624249800790e+01, -2.327954948552254e+01,  1.533313410766557e-01,  1.309647036201516e-01,  1.786669832463918e+01
s334        , -1.807355423930957e+01, -1.805851138907592e+01,  1.212009695941802e-01,  1.124131284749986e-01,  1.016684621231805e+01
s335        , -1.850164643907080e+01, -1.835725144956666e+01,  1.185199866197759e-01,  4.578509096291562e-02,  1.093126553806583e+01
s336        , -2.151296308555482e+01, -2.130509022467967e+01,  1.173228105066405e-01,  1.476255229489465e-01,  1.501945594441619e+01
s337        , -1.775953587894473e+01, -1.620080594231317e+01,  9.947822261496088e-02,  3.241413590946204e-02,  7.816002673353394e+00
s338        , -2.118082550420247e+01, -2.108074680793416e+01,  1.238634387179692e-01,  7.042968707801446e-02,  1.496303659549501e+01
s339        , -1.761381998690202e+01, -1.818572952384332e+01,  1.381740688234327e-01, -4.909552637344496e-02,  1.094046627126790e+01
s340        , -1.906967392812366e+01, -1.893096600197580e+01,  1.315837595849609e-01,  8.369987177255435e-02,  1.155580239200253e+01
s341        , -2.371082699534004e+01, -2.360425342303976e+01,  1.509067314498153e-01,  2.883521001286250e-02,  1.882240206857647e+01
s342        , -1.901967676945428e+01, -1.911158018113130e+01,  1.344678045613160e-01,  2.897183294806052e-02,  1.204881918465740e+01
s343        , -1.943128604912865e+01, -1.912566160514315e+01,  1.814483455009899e-01,  2.074674713713071e-01,  1.097120997376643e+01
s344        , -2.171448714042025e+01, -2.180172712774088e+01,  1.507474958899039e-01, -5.345655997326330e-03,  1.620753265225495e+01
s345        , -1.896311499883081e+01, -1.900950335130812e+01,  1.991406898097423e-01,  1.030207744438975e-01,  1.112031173832471e+01
s346        , -2.211462969107367e+01, -2.227990960785869e+01,  1.808118309654008e-01,  1.868000497739964e-01,  1.590084100721524e+01
s347        , -1.640817037109120e+01, -1.629356515804261e+01,  8.478982334093754e-02, -1.850816135264852e-02,  8.280793483064793e+00
s348        , -2.058778590237884e+01, -2.070874407024770e+01,  1.940074149690717e-01,  4.635905448418261e-02,  1.400603928012619e+01
s349        , -1.918353701640313e+01, -1.932796494997318e+01,  1.622533039932561e-01,  1.633031424055401e-01,  1.160629167759549e+01
s350        , -2.047073332015930e+01, -2.025645073172448e+01,  8.575898742894209e-02, -3.712827005039681e-02,  1.443012255218720e+01
s351        , -2.167714580870165e+01, -2.193790107988141e+01,  1.255400674367297e-01,  8.400274927620473e-02,  1.620686180415152e+01
s352        , -2.086238589025425e+01, -2.069461730174709e+01,  1.471782871705904e-01,  9.394858403430137e-02,  1.410644009722562e+01
s353        , -1.920058764071421e+01, -1.932782917364395e+01,  1.193324786259911e-01,  2.788537976225293e-02,  1.249090792271198e+01
s354        , -2.053223705409261e+01, -2.108030418234841e+01,  1.528985309264942e-01,  2.333066133155902e-01,  1.405609922779436e+01
s355        , -1.704257081119439e+01, -1.690836645926114e+01,  1.068820435403043e-01, -1.740849768406507e-01,  9.740541993407236e+00
s356        , -2.127143545968418e+01, -2.113134881731306e+01,  1.472590585230990e-01,  1.283719614420730e-01,  1.462683595791268e+01
s357        , -1.906625211198675e+01, -1.939884076348409e+01,  1.432458400670695e-01,  9.820656811634772e-02,  1.212893368960354e+01
s358        , -2.032987192881253e+01, -2.006461353435397e+01,  2.072070975089265e-01,  1.860099535500552e-02,  1.304601015355785e+01
s359        , -2.136102912880764e+01, -2.121649391862302e+01,  9.886628649342398e-02,  1.072235299094839e-01,  1.518713505541838e+01
s360        , -1.881386071055488e+01, -1.878066988979905e+01,  1.605640309588406e-01,  1.824685176759667e-01,  1.069627514977972e+01
s361        , -2.182643688719446e+01, -2.185952710482965e+01,  2.082632932778679e-01,  2.020352756693982e-01,  1.499856147698539e+01
s362        , -2.091897008712596e+01, -2.108192361550441e+01,  2.342996290736781e-01, -5.243030704065417e-02,  1.472288617030905e+01
s363        , -1.798497754334610e+01, -1.798559907500834e+01,  1.168425456145730e-01, -9.864870116701341e-02,  1.099676217926478e+01
s364        , -1.789393844733154e+01, -1.777155384504562e+01,  1.238005702558531e-01,  1.751788264366424e-01,  9.437735411890507e+00
s365        , -2.184332997178521e+01, -2.118555857836742e+01,  2.724540666686601e-01, -3.232821872933675e-02,  1.452813945663361e+01
s366        , -2.293131491804218e+01, -2.296338938691432e+01,  1.797659709743033e-01,  1.511802635130720e-01,  1.710981788550982e+01
s367        , -2.320311495695380e+01, -2.308121725653903e+01,  1.949109531555955e-01,  1.978417312450253e-01,  1.698309178529015e+01
s368        , -1.944159222026194e+01, -1.965395152035701e+01,  1.261994953631746e-01,  5.497563630673553e-02,  1.282591981918634e+01
s369        , -2.221834550731525e+01, -2.222230828641363e+01,  1.465962521348786e-01, -1.469958809636509e-02,  1.692176603539372e+01
s370        , -1.739352775780219e+01, -1.779254747130195e+01,  1.310987370332783e-01, -3.712210860992681e-02,  1.033544835670850e+01
s371        , -2.131349702655302e+01, -2.118193884664930e+01,  2.665195289530667e-01,  5.747248802325437e-02,  1.417639784733058e+01
s372        , -2.230067528571091e+01, -2.195906668308596e+01,  1.295088440615258e-01,  1.333076967655363e-01,  1.599868996514779e+01
s373        , -1.609460498694387e+01, -1.624354849750899e+01,  7.743936420316240e-02,  1.736911944692346e-01,  7.425734212839719e+00
s374        , -1.846307154319872e+01, -1.830631485715758e+01,  7.669360749258124e-02,  2.617470873158761e-02,  1.123036536639186e+01
s375        , -2.092466765927065e+01, -2.085473951556094e+01,  2.240422693739464e-01, -7.417455575717828e-02,  1.454019329370532e+01
s376        , -2.335896110191541e+01, -2.366050538763888e+01,  1.413719334150623e-01, -2.569145776941526e-03,  1.911091282089033e+01
s377        , -2.209438728501526e+01, -2.234474845290856e+01,  1.327649466334312e-01,  7.444622837682119e-02,  1.682135036162394e+01
s378        , -2.111108779470583e+01, -2.137242277448848e+01,  1.679644492665490e-01,  4.060238247717184e-02,  1.523055689643908e+01
s379        , -1.875225846070942e+01, -1.870836621744813e+01,  1.532640737040439e-01,  2.324393678791135e-01,  1.042073787052219e+01
s380        , -1.834869608623442e+01, -1.837180205457468e+01,  1.284793992653150e-01,  1.344609423029761e-01,  1.050107756210808e+01
s381        , -2.068155326614140e+01, -2.049590718080940e+01,  2.499960980228042e-01,  1.311072230732778e-02,  1.343169156062145e+01
s382        , -1.804666933121612e+01, -1.824279021124238e+01,  1.292049477411053e-01,  1.546167690880685e-01,  1.021118900973356e+01
s383        , -2.062194236740874e+01, -2.078693447948840e+01,  1.667230577666348e-01, -5.567668552910469e-02,  1.475726130105468e+01
s384        , -1.800916137079852e+01, -1.818045566395060e+01,  1.049727126113471e-01,  8.587945832454183e-02,  1.058185857384293e+01
s385        , -2.216424509641620e+01, -2.166399149741202e+01,  1.524386224282952e-01,  2.747067297389651e-02,  1.584285670551633e+01
s386        , -2.182057698940036e+01, -2.171049415021869e+01,  1.888547136358301e-01, -2.252886813813810e-02,  1.587532562396916e+01
s387        , -1.799817167842237e+01, -1.799727674664565e+01,  1.563167899655278e-01,  1.950447865896689e-01,  9.470621010448880e+00
s388        , -2.351217009702901e+01, -2.355341314399771e+01,  1.249304776749748e-01,  7.232388906483500e-04,  1.904749940557739e+01
s389        , -2.149803565649794e+01, -2.149805720320504e+01,  1.293466491845509e-01,  4.770472499346758e-02,  1.566259989402199e+01
s390        , -2.025125341850577e+01, -2.029478459831438e+01,  2.628276338209027e-01, -5.994147318210123e-03,  1.311607864201437e+01
s391        , -1.925641978436478e+01, -1.915188445195858e+01,  1.533720979060027e-01,  8.682140848321504e-02,  1.172864260333856e+01
s392        , -1.954014294555121e+01, -1.966115514453317e+01,  7.442649286670951e-02, -2.703156541530732e-02,  1.355310974127545e+01
s393        , -2.007195889273447e+01, -2.022401844105833e+01,  2.202884053750982e-01,  8.403521893218434e-03,  1.324293894265204e+01
s394        , -1.933645012315517e+01, -1.915181717756457e+01,  9.874457772479213e-02,  2.305053233652272e-01,  1.149027065085279e+01
s395        , -2.191328817199827e+01, -2.157397522292067e+01,  1.897832028752070e-01,  2.907791832215453e-01,  1.430687897605666e+01
s396        , -1.985518647713905e+01, -2.022007883579106e+01,  1.991493073243585e-01,  3.820452626949219e-01,  1.177161613499516e+01
s397        , -1.859895904181181e+01, -1.868763479987842e+01,  1.453184569247673e-01,  5.043998350199792e-02,  1.123027210345199e+01
s398        , -2.089338265909714e+01, -2.081932497643655e+01,  1.574969724674536e-01, -1.243780626481526e-02,  1.468477158120713e+01
s399        , -1.650074457052408e+01, -1.627229757284623e+01,  8.449853852209603e-02, -3.203342231363634e-02,  8.308616944382672e+00
s400        , -1.659170957499870e+01, -1.667167757089495e+01,  1.039712655092095e-01, -2.172919571561376e-02,  8.740251646113959e+00
s401        , -1.654426837808786e+01, -1.637871881156872e+01,  9.927254510721475e-02, -8.032445489113964e-02,  8.576936716101475e+00
s402        , -1.877939202276407e+01, -1.887477634844053e+01,  1.588691873444391e-01,  1.407144166252138e-01,  1.103267394185435e+01
s403        , -2.106694758002669e+01, -2.097816575763524e+01,  1.936553210457412e-01,  4.504558985359530e-02,  1.442723767708089e+01
s404        , -2.165676773412189e+01, -2.134351682309135e+01,  9.258360739564274e-02,  1.168795045374503e-01,  1.538413345086062e+01
s405        , -2.212611753855641e+01, -2.212262204565241e+01,  1.881848045455446e-01,  6.671319884360286e-02,  1.612658118659786e+01
s406        , -1.885653015374473e+01, -1.868700505726909e+01,  1.806484847429695e-01, -5.513693355196186e-02,  1.143802035994839e+01
s407        , -1.790225292709843e+01, -1.775659767496732e+01,  9.318827513647074e-02,  2.265518710259832e-01,  9.407111149336899e+00
s408        , -1.653237145459570e+01, -1.671553514526109e+01,  1.236876242298114e-01, -8.274330902656805e-03,  8.611509086162350e+00
s409        , -1.984138826084547e+01, -2.015338535789272e+01,  1.769439784812694e-01,  1.038589126914873e-01,  1.302568337664272e+01
s410        , -1.632163885458830e+01, -1.617832905099420e+01,  9.387692659579855e-02, -1.966820940986555e-01,  8.809796598311824e+00
s411        , -1.826950002229553e+01, -1.835799702825489e+01,  1.085468223501813e-01,  1.642822367965685e-01,  1.049057092555776e+01
s412        , -2.254085603631221e+01, -2.244548869976008e+01,  2.359656957209595e-01, -5.349330008643868e-02,  1.680638000192990e+01
s413        , -1.907038707751166e+01, -1.942748299454719e+01,  1.533774050328608e-01,  8.994206401902313e-02,  1.213766797714892e+01
s414        , -1.996831080241482e+01, -2.014874369319181e+01,  1.889602803452489e-01,  7.550212229364954e-02,  1.305695127207233e+01
s415        , -2.069762370804266e+01, -2.054562546943519e+01,  2.009013103250156e-01,  1.677941687301850e-01,  1.318346484185066e+01
s416        , -1.735494379178349e+01, -1.762068708530424e+01,  1.397705813885340e-01, -3.957974210673586e-02,  1.002192009234126e+01
s417        , -1.714858900796163e+01, -1.707250952052162e+01,  1.163454263823328e-01,  1.945242371169877e-01,  8.334612356640735e+00
s418        , -2.014294405560549e+01, -2.021245004974621e+01,  2.626405408764058e-01, -5.070542761457879e-02,  1.318418799904836e+01
s419        , -1.771416578387462e+01, -1.758755198641758e+01,  9.634515909245488e-02,  4.717645019402081e-02,  9.900278370793981e+00
s420        , -2.335906844703241e+01, -2.341598144877710e+01,  1.279385739357664e-01,  1.704865036767544e-01,  1.808283622125592e+01
s421        , -2.045819521600993e+01, -2.063466083480252e+01,  1.351863911346466e-01,  2.758399460704602e-01,  1.331310610762585e+01
s422        , -1.913624718404630e+01, -1.927375005728596e+01,  1.760400121171077e-01,  1.241285868495728e-01,  1.159587773477590e+01
s423        , -2.001718266940652e+01, -1.987859164097274e+01,  1.589173657797797e-01, -3.730283663401787e-02,  1.333989737846166e+01
s424        , -2.199980092896302e+01, -2.226229299168915e+01,  1.944305123582448e-01,  2.610072189232762e-01,  1.545820893440004e+01
s425        , -1.799669141475633e+01, -1.799170620588148e+01,  1.207734768313869e-01, -7.185831000648034e-03,  1.058375920349418e+01
s426        , -2.179879403652462e+01, -2.152551667299156e+01,  1.170489906687142e-01,  1.633104806570333e-01,  1.529160212632058e+01
s427        , -1.855895626610580e+01, -1.872958474548890e+01,  1.637554071338234e-01, -7.571430162185876e-02,  1.171028897601556e+01
s428        , -2.201089453299450e+01, -2.204477427530500e+01,  1.811317484621478e-01, -4.833140951916436e-02,  1.655324014153863e+01
s429        , -2.010895188317044e+01, -2.023314399943795e+01,  1.506837869011254e-01,  2.984764978944737e-02,  1.365115645770589e+01
s430        , -2.197039083997888e+01, -2.217758462424583e+01,  2.141408261371739e-01,  2.743268240525008e-01,  1.513298107171175e+01
s431        , -2.053790779896415e+01, -2.052399716104009e+01,  2.261366233093060e-01,  3.384020673841923e-02,  1.355213295992427e+01
s432        , -2.056150222449639e+01, -2.017802544442578e+01,  1.759763178081697e-01,  1.660293273530188e-01,  1.280181917854765e+01
s433        , -1.961788415450921e+01, -1.953424716004380e+01,  1.243392430929615e-01,  2.951412195459983e-02,  1.276533014153082e+01
s434        , -2.169585176655818e+01, -2.150338618327977e+01,  1.301405536860693e-01,  1.389706802347781e-01,  1.527119407911654e+01
s435        , -1.969212203292086e+01, -1.963369106948328e+01,  1.724877943825033e-01,  9.904515398122862e-03,  1.266570780755627e+01
s436        , -1.841763911968392e+01, -1.827880489353804e+01,  1.461748427891688e-01,  9.330233046528520e-02,  1.041243287589113e+01
s437        , -2.085473352476042e+01, -1.990166992985156e+01,  1.418604823000262e-01,  2.046263274621316e-02,  1.324518259756882e+01
s438        , -2.075193174001312e+01, -2.071064612385985e+01,  9.107272639211857e-02,  6.872359697493159e-02,  1.463231542587363e+01
s439        , -1.747889033992054e+01, -1.757903408766722e+01,  1.502219024705906e-01,  1.626819667576243e-01,  9.011737481624490e+00
s440        , -2.292628299240021e+01, -2.273644154844756e+01,  1.702643940419417e-01, -2.222792754484537e-02,  1.757698172198981e+01
s441        , -1.928590410708185e+01, -1.912758643662712e+01,  1.313254598658919e-01,  1.520154914949244e-01,  1.156411879670769e+01
s442        , -2.265396374356312e+01, -2.247511070177828e+01,  2.152040360880452e-01,  1.893369180648185e-02,  1.668431022660672e+01
s443        , -1.939450551490213e+01, -1.919647961760563e+01,  1.444364635769363e-01,  1.871014029158935e-01,  1.142656893550730e+01
s444        , -2.014197468633274e+01, -2.048046128795765e+01,  1.732776563595280e-01,  1.047562241537107e-01,  1.354890943962705e+01
s445        , -2.136890748153691e+01, -2.141745011777381e+01,  2.268259915985773e-01, -3.867131000922970e-02,  1.523016835359553e+01
s446        , -1.984877428373165e+01, -1.990515178253564e+01,  2.000895036768056e-01,  8.038658289068593e-03,  1.289691115758839e+01
s447        , -2.124129540469972e+01, -2.154558639803943e+01,  1.936914289849825e-01,  2.246561389718319e-01,  1.452149449262296e+01
s448        , -1.996883442559681e+01, -1.999655600595167e+01,  9.319647001304707e-02,  9.516391304391901e-02,  1.340850016496248e+01
s449        , -2.213132573342666e+01, -2.226470806795236e+01,  1.707496087430185e-01,  1.208709153643559e-01,  1.623254539515766e+01
s450        , -2.393776981346641e+01, -2.308861060408039e+01,  1.660239897579977e-01,  1.913111753473221e-01,  1.722465383931653e+01
s451        , -1.778758837631850e+01, -1.770040904403314e+01,  1.052398527572780e-01,  1.004051282120003e-01,  9.781292435850606e+00
s452        , -2.093231028730361e+01, -2.111451619163790e+01,  2.173551521687139e-01,  6.321556048131771e-02,  1.439208444816610e+01
s453        , -1.913112365245808e+01, -1.936837500601406e+01,  1.742870986757537e-01,  1.237671991570800e-01,  1.175477238443082e+01
s454        , -1.694745233262931e+01, -1.722264432578153e+01,  1.365228967776466e-01,  2.473988824816472e-03,  9.252813730313367e+00
s455        , -1.959305905778561e+01, -1.954773920845905e+01,  1.757876578050854e-01,  9.609889222849170e-02,  1.213872345833417e+01
s456        , -1.690137029519855e+01, -1.697838752571176e+01,  1.067820089048917e-01, -8.612529982736587e-03,  9.134198826862002e+00
s457        , -1.744399185749123e+01, -1.755125554981131e+01,  1.545542470522552e-01,  1.535517148769359e-01,  8.978266831694000e+00
s458        , -2.020627098912283e+01, -2.037945108434420e+01,  1.437511558848911e-01,  1.354520747105770e-01,  1.346802692411582e+01
s459        , -1.884232545378780e+01, -1.880993130390787e+01,  6.696366915461464e-02,  1.818345804530390e-01,  1.139850569576696e+01
s460        , -2.233016805188693e+01, -2.228941241613256e+01,  1.061059297852465e-01,  1.282900464788705e-01,  1.669050157706267e+01
s461        , -1.623645396367353e+01, -1.599997012375313e+01,  1.349693166653415e-01, -1.939334221038691e-02,  7.483538096605524e+00
s462        , -2.313545884021418e+01, -2.281642052677269e+01,  1.306104837814265e-01,  1.556874482205083e-01,  1.720882134907367e+01
s463        , -2.090493117250811e+01, -2.083038918092541e+01,  1.967963303161949e-01,  1.430015770146486e-01,  1.375579892933631e+01
s464        , -1.633431188033305e+01, -1.621423130945999e+01,  8.369377261712867e-02, -1.470575510116568e-02,  8.150411880444151e+00
s465        , -1.999082968954132e+01, -2.011103281679072e+01,  1.877117881054552e-01, -5.324474613255694e-02,  1.356370670132398e+01
s466        , -1.900684695054017e+01, -1.875652873766927e+01,  1.868742734300296e-01,  2.130251302201763e-01,  1.034332948460020e+01
s467        , -1.783078222536251e+01, -1.770216738351510e+01,  1.082106895702294e-01,  7.438743958774999e-02,  9.875536958844368e+00
s468        , -1.945030486126850e+01, -1.905500566480053e+01,  1.865206469820959e-01,  2.222456568801527e-01,  1.076360627805090e+01
s469        , -2.270314762369042e+01, -2.252408841183833e+01,  1.411174066107767e-01,  1.130964219960033e-01,  1.687102520364630e+01
s470        , -2.119907484802825e+01, -2.127530307885223e+01,  1.664156193902848e-01,  7.167504159405379e-02,  1.495833936811961e+01
s471        , -1.972012875359749e+01, -1.971163188636133e+01,  1.884913778739785e-01,  3.511241069838994e-03,  1.270087749987357e+01
s472        , -1.766462305551830e+01, -1.783128265686353e+01,  1.278565930192515e-01,  1.145274293049649e-01,  9.762792463727612e+00
s473        , -2.127822401317911e+01, -2.127070936355754e+01,  1.824646794453122e-01, -3.632137230686445e-02,  1.530530507471930e+01
s474        , -1.654177405306909e+01, -1.629381995110634e+01,  7.787399107737698e-02,  1.482333168786790e-02,  8.185650333423901e+00
s475        , -2.297159509003216e+01, -2.299540599429140e+01,  1.200432304457517e-01, -2.323819835825091e-03,  1.823932386468573e+01
s476        , -2.252587602064435e+01, -2.291202215037373e+01,  1.671749808867316e-01,  2.892989026685173e-01,  1.652282296450672e+01
s477        , -2.178946083596680e+01, -2.102472425460933e+01,  1.782791242664639e-01,  1.107272422065167e-01,  1.432259052669496e+01
s478        , -1.788602657411998e+01, -1.824413675989559e+01,  9.063262244939709e-02,  3.072289131105547e-01,  9.824150338161623e+00
s479        , -1.952938513246325e+01, -1.940267045547498e+01,  1.825081452517129e-01,  1.591984240520590e-01,  1.159688786658813e+01
s480        , -2.203955610850313e+01, -2.217640797614539e+01,  1.597218862144215e-01,  1.624212906992801e-01,  1.599490853751525e+01
s481        , -1.615402914764109e+01, -1.638875443778363e+01,  8.278022088151007e-02, -1.506773551036218e-01,  9.011403842555463e+00
s482        , -2.215324565636576e+01, -2.227659290144857e+01,  1.341377963787692e-01,  2.492959122546033e-01,  1.595237535079930e+01
s483        , -2.217560840271064e+01, -2.205557706573100e+01,  1.019811481288236e-01,  2.513285583852475e-01,  1.582964852230402e+01
s484        , -2.403070638423247e+01, -2.421707089178464e+01,  1.271754506590545e-01,  1.597503482849983e-01,  1.936271916756208e+01
s485        , -1.896886917982663e+01, -1.896087483261972e+01,  9.436337530066705e-02,  1.288970605560112e-01,  1.166684252492059e+01
s486        , -2.293847835350512e+01, -2.303331367911835e+01,  1.028788720775277e-01,  1.598373333447704e-01,  1.771738791877632e+01
s487        , -1.935879902533930e+01, -1.995726098073759e+01,  1.254438178237806e-01,  1.940687792290650e-01,  1.269571710961447e+01
s488        , -2.071941340396909e+01, -2.072325399973490e+01,  2.212442949902417e-01,  9.781613429981881e-02,  1.361563710224315e+01
s489        , -2.120929532988995e+01, -2.125977823250002e+01,  2.213291486735217e-01,  6.133104507268855e-02,  1.459513601078868e+01
s490        , -2.336106814107168e+01, -2.307271187242079e+01,  1.208208846774403e-01,  1.153658098139533e-01,  1.784430424477252e+01
s491        , -1.878377211600346e+01, -1.896955422538782e+01,  1.739562140533742e-01,  1.612656646308784e-01,  1.098373989075610e+01
s492        , -2.196689093989351e+01, -2.208491974468006e+01,  1.697469878781543e-01,  6.106898940103170e-02,  1.622209771778925e+01
s493        , -2.118321097196467e+01, -2.077947852547189e+01,  1.987237212970737e-01,  8.746179524440044e-02,  1.390404751120491e+01
s494        , -2.014379663919148e+01, -2.037607292168478e+01,  1.645820758163479e-01,  1.419100416159679e-01,  1.328927730452947e+01
s495        , -1.971897958689983e+01, -1.972517286640065e+01,  2.061160446473368e-01,  1.873642372573028e-02,  1.253264096393201e+01
s496        , -2.171934681583978e+01, -2.169722790175322e+01,  1.321060039481715e-01,  1.799900375688623e-01,  1.537754404547232e+01
s497        , -1.930074135275753e+01, -1.936323528929083e+01,  1.415484605430327e-01,  1.572221819060004e-01,  1.183142753295873e+01
s498        , -2.146882601091719e+01, -2.140894034120187e+01,  1.535065347227188e-01, -4.592181161830717e-02,  1.576121299320415e+01
s499        , -1.852368794388046e+01, -1.867805327142634e+01,  1.764678264135944e-01,  1.432541020392938e-01,  1.059701924710405e+01
s500        , -2.050589701281523e+01, -2.052127148051515e+01,  1.750695207465194e-01,  1.995472442431402e-02,  1.396506009991315e+01
s501        , -2.141899489528082e+01, -2.143118165212355e+01,  1.695860710613221e-01,  1.388015309323204e-01,  1.488534568624349e+01
s502        , -1.777920620854658e+01, -1.751991440522698e+01,  1.665928849684375e-01, -7.481849882583394e-02,  9.831964149879276e+00
s503        , -2.264989988763092e+01, -2.268911865323214e+01,  1.509630977443288e-01,  6.539794912401713e-02,  1.726111154057740e+01
s504        , -1.994570445298742e+01, -2.006280445569208e+01,  2.125786473133287e-01, -1.295053114734388e-02,  1.314188622720332e+01
s505        , -2.256898602446125e+01, -2.239082421234952e+01,  1.417124158984303e-01,  9.988896103113144e-02,  1.671956978500411e+01
s506        , -2.050664132584332e+01, -2.047008974040390e+01,  2.075178967952809e-01,  9.137739387628248e-02,  1.335129607612591e+01
s507        , -2.255451727781655e+01, -2.214571158392133e+01,  2.436339823366095e-01,  1.033832871501888e-01,  1.561585899229728e+01
s508        , -2.063695726234980e+01, -2.041927253947353e+01,  1.667613567828611e-01, -4.339870003273446e-02,  1.414030275943720e+01
s509        , -2.049565878814769e+01, -2.064934076214448e+01,  1.699423382747564e-01,  1.140882304403594e-01,  1.379086558198708e+01
s510        , -1.886667658587990e+01, -1.929372875774526e+01,  1.401832224730009e-01,  1.798316442174461e-01,  1.163679949742843e+01
s511        , -2.270091090950000e+01, -2.272362097833601e+01,  1.284803635940024e-01,  1.235389582098347e-02,  1.770025855778980e+01
s512        , -2.052865138648571e+01, -2.082229930648523e+01,  1.798198838082783e-01,  6.922274612314994e-02,  1.418065355947959e+01
s513        , -1.872228566034903e+01, -1.869593350283314e+01,  1.533310407259761e-01,  7.493693211631547e-03,  1.137236858836021e+01
s514        , -2.338235400416073e+01, -2.337980883948302e+01,  1.239276114914124e-01,  1.646978959423113e-01,  1.808042147709192e+01
s515        , -2.063189590001077e+01, -2.077129853608851e+01,  1.547531724044044e-01,  8.330543256684168e-02,  1.421697614716640e+01
s516        , -2.353360034901451e+01, -2.357124798450482e+01,  1.706266827706746e-01,  1.579432440680978e-01,  1.807648079627971e+01
s517        , -2.274108402549141e+01, -2.245224429860118e+01,  1.577242769760501e-01,  6.062945772495523e-02,  1.687124646184276e+01
s518        , -2.095244706423326e+01, -2.130752520560745e+01,  1.773361627077995e-01,  6.134442861887524e-02,  1.497596419127206e+01
s519        , -2.165153402286209e+01, -2.184692264918138e+01,  2.178247674225733e-01,  2.751500785762055e-01,  1.459670560079330e+01
s520        , -1.917430642162448e+01, -1.933899011735402e+01,  1.292971835965604e-01, -1.034284835335893e-01,  1.300524999599563e+01
s521        , -2.048146586988528e+01, -1.999486036269013e+01,  1.998920872092499e-01,  2.294747370980882e-01,  1.207982069829058e+01
s522        , -1.837039701152461e+01, -1.841284014816611e+01,  1.284003469166237e-01, -1.286683410986869e-02,  1.120060799109026e+01
s523        , -2.237538522976599e+01, -2.235306754255530e+01,  1.783835785895762e-01,  5.869381816832039e-02,  1.658306082102652e+01
s524        , -2.219430447580721e+01, -2.251031625081457e+01,  1.810410955544918e-01,  3.009067761117737e-01,  1.575985250430995e+01
s525        , -2.096151325596525e+01, -2.090325743856665e+01,  2.053140427257035e-01,  1.220229467788853e-01,  1.389851653018776e+01
s526        , -2.193172581512368e+01, -2.181353142580513e+01,  1.027778219254306e-01,  1.943772436742536e-01,  1.569885966085589e+01
s527        , -2.063376120076111e+01, -2.115168186852838e+01,  1.447325483663465e-01,  2.934640210072256e-01,  1.396292612551117e+01
s528        , -1.776721144005281e+01, -1.773164998876963e+01,  7.762663695876866e-02,  2.736213506306444e-01,  9.274485414423152e+00
s529        , -2.226349149791107e+01, -2.264053755218636e+01,  1.661435495308905e-01,  2.600009941096679e-02,  1.725055140421485e+01
s530        , -2.300566448791293e+01, -2.247624463577792e+01,  1.103658449502875e-01,  1.016237530474245e-02,  1.745714480387050e+01
s531        , -1.846679125419261e+01, -1.837659412077299e+01,  1.729762596446873e-01,  1.828210275523356e-01,  9.988432542860899e+00
s532        , -1.859817726729017e+01, -1.898547232833997e+01,  1.728251187532659e-01, -8.137469727459053e-02,  1.206360939828102e+01
s533        , -2.134099683522431e+01, -2.155909441137324e+01,  1.289957436867080e-01, -6.658708194373231e-02,  1.625206683888302e+01
s534        , -2.286936511308830e+01, -2.296920080788126e+01,  9.334233436387653e-02,  2.126162733361672e-01,  1.745792742751917e+01
s535        , -1.777040539985326e+01, -1.755778556817899e+01,  1.201579418976577e-01, -1.369617148766405e-01,  1.048307932909261e+01
s536        , -1.995222678224889e+01, -2.023202569701569e+01,  1.869885270152517e-01,  7.890661815287138e-02,  1.318372748168204e+01
s537        , -2.015268820600640e+01, -2.038915646686340e+01,  1.469015378731730e-01, -5.680157375627388e-02,  1.429089205806469e+01
s538        , -1.740140208992538e+01, -1.721718620637028e+01,  9.902755929200807e-02, -1.597951302583285e-01,  1.020725033785662e+01
s539        , -1.924950405987826e+01, -1.960571114248780e+01,  1.653969831551706e-01, -7.520919778480790e-02,  1.303986498721124e+01
s540        , -2.157643164881004e+01, -2.186451175141890e+01,  2.070014315043894e-01,  1.663318723755767e-01,  1.516917172943504e+01
s541        , -1.586673793577160e+01, -1.582731613825534e+01,  7.137673997165692e-02, -7.090212462389062e-02,  7.885972136192191e+00
s542        , -2.009907109345192e+01, -2.027230054735855e+01,  1.793679407725392e-01,  1.164517432545615e-01,  1.313667870841732e+01
s543        , -1.879069098033760e+01, -1.864499774969553e+01,  1.230199672948621e-01,  1.829536901282392e-01,  1.074875340633445e+01
s544        , -2.248614661420541e+01, -2.224604004530812e+01,  2.124975237625481e-01,  1.400134632816366e-01,  1.582929944734090e+01
s545        , -1.987972862262733e+01, -2.006776225027318e+01,  1.787894459937026e-01,  3.832756752162563e-02,  1.316442203049692e+01
s546        , -2.126472237694319e+01, -2.099888451333690e+01,  2.694616259240813e-01, -8.362646292978809e-05,  1.412365805101204e+01
s547        , -1.738356621674509e+01, -1.745750649344436e+01,  9.079241831455044e-02,  2.331595432829921e-01,  8.936786961359816e+00
s548        , -1.943625792183643e+01, -1.941483735035732e+01,  1.197613098208324e-01, -1.067184570048475e-02,  1.278776927775815e+01
s549        , -2.233202963006129e+01, -2.251837448409601e+01,  1.224864453997454e-01,  1.478811000389554e-01,  1.684239164095623e+01
s550        , -2.412763530103872e+01, -2.411762580020072e+01,  1.566267350540352e-01,  1.277823393420036e-01,  1.914229096719013e+01
s551        , -1.731823103856605e+01, -1.725536743694538e+01,  9.289495153780651e-02,  8.396417126714301e-02,  9.256294289307538e+00
s552        , -2.060923402045430e+01, -2.077809780419423e+01,  1.553351517720721e-01, -7.496543970839989e-02,  1.490663470002590e+01
s553        , -1.992869680942914e+01, -2.012786300798859e+01,  2.090979193940357e-01,  6.713209265527736e-02,  1.292023337263725e+01
s554        , -1.812921854031919e+01, -1.817671886311868e+01,  1.331734524753365e-01,  1.764340767493044e-01,  9.987943969696445e+00
s555        , -2.102602816640752e+01, -2.074122916135553e+01,  2.028930070969284e-01,  2.416768591758865e-01,  1.315045140315566e+01
s556        , -1.941820686683750e+01, -1.962753253343045e+01,  8.707798870492779e-02,  2.501271037101245e-01,  1.221649771717089e+01
s557        , -2.190718211184164e+01, -2.184863569616180e+01,  1.434170145388204e-01,  2.326768797686066e-01,  1.530310217219442e+01
s558        , -1.909304407213536e+01, -1.908384204982468e+01,  1.441846469714826e-01,  1.341934959717962e-01,  1.148405911619512e+01
s559        , -2.023025085829861e+01, -2.028246260894974e+01,  2.130814284277772e-01, -2.186550948964158e-02,  1.351362859210196e+01
s560        , -2.107002513254548e+01, -2.132264656799427e+01,  2.087290978948062e-01,  3.776074160464029e-02,  1.488140671282775e+01
s561        , -2.121559386756793e+01, -2.114899696657934e+01,  1.926312385386929e-01,  6.653258677861591e-02,  1.460354471587237e+01
s562        , -1.764234380631898e+01, -1.791575173120801e+01,  1.358720608012726e-01,  1.244001869576016e-02,  1.027698036631591e+01
s563        , -1.646928563220792e+01, -1.664392310716680e+01,  9.340998058311371e-02, -1.228674829262493e-01,  9.208209698172517e+00
s564        , -1.863449571719480e+01, -1.849713209857124e+01,  1.437139029592063e-01,  1.765414191001366e-01,  1.040500491601519e+01
s565        , -2.028655126138008e+01, -2.028567091982978e+01,  1.684429813327604e-01,  5.033924229149008e-02,  1.351901381777299e+01
s566        , -1.821002786093300e+01, -1.830457403108684e+01,  1.378163643397920e-01,  1.145901129093204e-01,  1.041849333539149e+01
s567        , -2.066943738863287e+01, -2.088367613366749e+01,  2.167281972541120e-01, -7.028897593157778e-02,  1.461893623625480e+01
s568        , -2.062629415098700e+01, -2.052835261602324e+01,  1.726227219449992e-01,  8.802846933190871e-03,  1.404117535947283e+01
s569        , -2.065075063553067e+01, -2.084171344768684e+01,  1.406878417435295e-01, -1.663030918531611e-03,  1.479013986967266e+01
s570        , -2.031634942577389e+01, -2.015556708642965e+01,  1.863745388602324e-01, -3.965721761508689e-02,  1.358267564980856e+01
s571        , -2.047206271335130e+01, -2.067744384550670e+01,  2.124962402159378e-01,  1.154967126755046e-01,  1.353025347794277e+01
s572        , -2.393038589894997e+01, -2.354743707476275e+01,  1.248377954215250e-01,  3.139443785407239e-02,  1.890656828010156e+01
s573        , -1.926109501090367e+01, -1.916098367606804e+01,  1.384450597030513e-01,  2.028035599904719e-01,  1.134626032475196e+01
s574        , -2.085894290369713e+01, -2.075912355621833e+01,  1.703023407776001e-01, -3.558226573329138e-02,  1.460283584828661e+01
s575        , -2.021973442813006e+01, -2.018824980929188e+01,  1.263580052338318e-01, -1.035612600974825e-01,  1.432842643473118e+01
s576        , -1.844714179521902e+01, -1.859006153160489e+01,  1.451872879945654e-01,  1.532557619502150e-01,  1.063770686845809e+01
s577        , -1.949977509463960e+01, -1.962399616644272e+01,  1.837018949783133e-01,  1.378867014110933e-01,  1.201987488873966e+01
s578        , -2.108198153892643e+01, -2.101494730271021e+01,  1.678046642640957e-01,  1.076078740953961e-01,  1.439432552508819e+01
s579        , -2.029210259566103e+01, -2.025039652194541e+01,  1.700168944840670e-01,  5.014330742893160e-03,  1.364960662847154e+01
s580        , -2.195204710511243e+01, -2.151096539093505e+01,  1.196698630488623e-01, -5.842572664750075e-02,  1.620826673110147e+01
s581        , -2.000078291173359e+01, -2.011644689916375e+01,  2.059138724107944e-01, -7.969905847113716e-02,  1.355891529908063e+01
s582        , -2.354247422413414e+01, -2.346042009322932e+01,  1.920871342046435e-01,  1.369737960657822e-01,  1.784700386145516e+01
s583        , -1.881717670098672e+01, -1.921553577003811e+01,  1.857863333447889e-01, -3.259275673562766e-02,  1.211507615300596e+01
s584        , -2.079214981383572e+01, -2.071049643357725e+01,  2.546138360408237e-01, -1.809522296928480e-02,  1.386311995611720e+01
s585        , -2.214462266832296e+01, -2.237149350956193e+01,  1.662749031508027e-01,  7.268672164577002e-02,  1.663558581340065e+01
s586        , -1.671124709479596e+01, -1.657514219011772e+01,  1.137687871005231e-01,  5.563960766672617e-02,  8.189699904755187e+00
s587        , -1.722924462132460e+01, -1.717091269447215e+01,  1.152798271333832e-01,  2.404147437147912e-01,  8.294808810454642e+00
s588        , -2.306180681354529e+01, -2.328548177047876e+01,  2.005583594721588e-01,  2.474135534253021e-01,  1.704274664284327e+01
s589        , -2.054966159202169e+01, -2.037654607001522e+01,  1.106830138206766e-01, -9.267894948824364e-02,  1.467976079111914e+01
s590        , -2.302597507766974e+01, -2.350843297429923e+01,  1.570065298467188e-01,  2.117071677860978e-01,  1.784331803359635e+01
s591        , -2.031576031139625e+01, -2.053657388360691e+01,  2.114537930084940e-01,  2.401710446497542e-03,  1.380983499516621e+01
s592        , -1.675983730084032e+01, -1.662850649117743e+01,  1.042103068513733e-01,  3.037513137102847e-01,  7.267191378523000e+00
s593        , -1.833051427645905e+01, -1.895889395036938e+01,  1.178698669276045e-01,  1.981363848281446e-01,  1.120047585495825e+01
s594        , -1.700453572465554e+01, -1.707319040579668e+01,  1.157345606506541e-01,  6.628257166332994e-02,  8.893587701097120e+00
s595        , -2.121342929627275e+01, -2.119730570477143e+01,  1.653054042214935e-01,  1.820489392949121e-01,  1.437000361694287e+01
s596        , -1.895402289388661e+01, -1.904801386627468e+01,  1.000013305588860e-01,  2.380105390702091e-01,  1.128993211886854e+01
s597        , -2.389559541191659e+01, -2.388590844014675e+01,  1.807824681113137e-01,  5.313487717966795e-02,  1.894036585698124e+01
s598        , -1.923753651242740e+01, -1.961958414710645e+01,  1.548709047572178e-01,  1.521678940624009e-01,  1.215309522896855e+01
s599        , -2.358158831573873e+01, -2.336282361880270e+01,  1.439225919651780e-01,  1.179580177968771e-01,  1.811632822467286e+01
s600        , -1.942143232536245e+01, -1.990101190332351e+01,  1.118139086034567e-01,  2.488006973840477e-01,  1.246851004258112e+01
s601        , -2.073803555561576e+01, -2.057007185167049e+01,  2.030927948293379e-01,  9.305189168093576e-02,  1.352830355020595e+01
s602        , -1.821856306700227e+01, -1.820891613611588e+01,  1.738858825227215e-01,  2.208409369741830e-01,  9.560850604042413e+00
s603        , -1.722454836479658e+01, -1.716746196278796e+01,  8.454116954466577e-02,  5.593338698003063e-02,  9.300964657368985e+00
s604        , -1.805154515236764e+01, -1.806107397117287e+01,  1.343226658133600e-01,  1.735732245217042e-01,  9.814956112909957e+00
s605        , -2.021935755598555e+01, -1.992220103390127e+01,  1.463263297583734e-01,  2.459010634680761e-01,  1.227213854570582e+01
s606        , -1.827906736534894e+01, -1.819682622906599e+01,  1.234964849078075e-01, -9.999809481909092e-02,  1.127989496376981e+01
s607        , -2.237721630921111e+01, -2.240293632343550e+01,  1.709177594036603e-01,  5.361714481035507e-02,  1.673365015183134e+01
s608        , -2.098562136420296e+01, -2.118654188876834e+01,  1.676973598538647e-01,  3.236628937924451e-02,  1.498299842383449e+01
s609        , -1.946776205882490e+01, -1.940995678882528e+01,  1.396647029381077e-01,  5.194488840550966e-02,  1.237074843095218e+01
s610        , -2.069261977150295e+01, -2.045694709172359e+01,  1.993587942284702e-01,  9.795760031623271e-03,  1.374042354230357e+01
s611        , -2.170289912291919e+01, -2.164083547086175e+01,  2.326391422499476e-01,  9.853496692743560e-02,  1.493963405998993e+01
s612        , -1.930046031145336e+01, -1.906942179084180e+01,  1.666215710876284e-01,  7.170334092814877e-02,  1.157481848242183e+01
s613        , -2.385958137896088e+01, -2.411854603942133e+01,  1.654255458417181e-01,  1.717100109911296e-01,  1.889251444925859e+01
s614        , -1.933674081040147e+01, -1.923244959681335e+01,  1.505561457873719e-01,  3.770384787343174e-02,  1.208391172077402e+01
s615        , -1.973716697922491e+01, -1.970988253020873e+01,  1.679718442487580e-01,  4.493791729336041e-02,  1.266285515330732e+01
s616        , -1.815004309366292e+01, -1.801294267741581e+01,  1.091758094308628e-01,  1.910792794124675e-01,  9.841458834237889e+00
s617        , -1.832352306169715e+01, -1.819644187111506e+01,  1.415079075327546e-01,  2.092599721841022e-01,  9.818172487200535e+00
s618        , -1.700993990522181e+01, -1.706513107732945e+01,  7.868154967674119e-02,  1.407264141505856e-01,  8.818979272939339e+00
s619        , -2.331208521979489e+01, -2.332218285309316e+01,  1.721809933973687e-01,  2.582058706761950e-01,  1.725088970601767e+01
s620        , -2.294394567846179e+01, -2.323107817555388e+01,  1.530610861257024e-01,  6.961061037787011e-02,  1.805915910134189e+01
s621        , -2.117716243218820e+01, -2.136293221909332e+01,  2.356904160722416e-01, -6.089102834674822e-02,  1.518051650434201e+01
s622        , -2.002792552777272e+01, -2.004511212272980e+01,  1.578344094889510e-01,  2.757346203382823e-01,  1.225129325186347e+01
s623        , -1.988853831837967e+01, -1.977985739259575e+01,  1.510194364781352e-01,  1.208203395498543e-01,  1.256109289040645e+01
s624        , -2.364575476956619e+01, -2.333197330134048e+01,  1.539393827581875e-01,  1.621602036823941e-01,  1.780813892269569e+01
s625        , -2.144171537166414e+01, -2.143010203400906e+01,  2.010229510041451e-01,  1.629390925644626e-01,  1.455961479017690e+01
s626        , -2.037069722396305e+01, -2.043713855621946e+01,  2.211839600807912e-01,  2.130118707339125e-02,  1.350773850393315e+01
s627        , -1.998545144661707e+01, -2.011696205634043e+01,  1.768934392952566e-01,  5.679735096780761e-02,  1.317337365149506e+01
s628        , -2.158119065398551e+01, -2.183493099637534e+01,  1.578468259025631e-01,  1.909584236358142e-01,  1.536128165192002e+01
s629        , -1.843917864187274e+01, -1.824101941477941e+01,  1.219456351860444e-01,  2.322422185479569e-01,  9.924111812851823e+00
s630        , -1.962256463480217e+01, -1.992958722069167e+01,  1.718951565841167e-01,  2.232924475047943e-02,  1.306986595354698e+01
s631        , -2.101091990223662e+01, -2.077326611816446e+01,  1.166067000388059e-01,  1.749204097618732e-01,  1.409125496294491e+01
s632        , -2.022844039713042e+01, -2.002837885961249e+01,  2.141744451360414e-01,  5.639083252031371e-02,  1.277857739135408e+01
s633        , -2.473876586737651e+01, -2.471940588882240e+01,  1.267064180281413e-01,  1.824055994922216e-01,  2.003834727460494e+01
s634        , -2.051539403555230e+01, -2.062247838737636e+01,  2.316880787136773e-01, -1.287914178916269e-02,  1.386599559164170e+01
s635        , -2.382235458298951e+01, -2.411148022313672e+01,  1.528031121291678e-01,  1.885231870510698e-01,  1.889737376217725e+01
s636        , -1.910586081968059e+01, -1.924005238564105e+01,  8.992674258093485e-02,  1.511512951446201e-01,  1.202981594509342e+01
s637        , -1.917066616024459e+01, -1.909044952687570e+01,  1.355901117260890e-01,  1.084461777251322e-01,  1.166545787547582e+01
s638        , -2.192001400012589e+01, -2.215637636874408e+01,  1.741531173865840e-01,  2.157712167776641e-01,  1.563293821622151e+01
s639        , -2.010078758798683e+01, -2.006205778910966e+01,  1.764742289088770e-01,  1.701406847328482e-01,  1.260279042178235e+01
s640        , -1.983289623130970e+01, -1.984075336944724e+01,  1.652360475462423e-01,  1.138054300018784e-01,  1.258531189275072e+01
s641        , -2.307886864739055e+01, -2.287566282908716e+01,  1.586280246919654e-01,  8.293869307713569e-02,  1.741777615275568e+01
s642        , -2.260273435105626e+01, -2.281881297945136e+01,  1.328014318873179e-01,  1.938931106407899e-01,  1.703222036976602e+01
s643        , -2.012782689900612e+01, -2.008006983439358e+01,  1.791593880746646e-01,  8.704528813885326e-02,  1.297037459514638e+01
s644        , -1.902512926743999e+01, -1.879540431872170e+01,  1.800666267826294e-01,  2.418437890397164e-01,  1.032612466393300e+01
s645        , -2.049081123370357e+01, -2.054998354641053e+01,  2.074245444798324e-01,  1.033784696501445e-01,  1.342262620212456e+01
s646        , -2.159630341817387e+01, -2.168471535475406e+01,  1.403759906368710e-01, -4.063955959157440e-02,  1.625304744019522e+01
s647        , -2.046804100673445e+01, -2.044093637120870e+01,  2.051891534423902e-01,  3.536432196185904e-02,  1.356471226257774e+01
s648        , -2.112203592795417e+01, -2.065953949722498e+01,  1.095544839754407e-01, -3.835085861597681e-02,  1.488697520387856e+01
s649        , -2.130712394597167e+01, -2.149780425065365e+01,  1.250626539677728e-01, -2.411755283944501e-02,  1.600225298841184e+01
s650        , -1.872664219670308e+01, -1.861181775129228e+01,  1.263805451480204e-01,  2.015427390455854e-01,  1.059412508349866e+01
s651        , -2.286060777226206e+01, -2.291311604940273e+01,  9.588256731354840e-02,  4.979313699938417e-02,  1.805713272280488e+01
s652        , -2.513277458672901e+01, -2.514583149094775e+01,  1.531201266064459e-01,  1.621951092475367e-01,  2.059464408129800e+01
s653        , -2.212366926194319e+01, -2.183819545403585e+01,  2.053542393108082e-01,  2.747334199867514e-02,  1.573984046903912e+01
s654        , -2.219498706816524e+01, -2.242706233112857e+01,  1.404708549914167e-01,  2.361778203583140e-01,  1.619541044901615e+01
s655        , -2.136195741190379e+01, -2.107839373604433e+01,  1.601914439556976e-01, -2.401276597859246e-02,  1.511309202872664e+01
s656        , -2.204727614381470e+01, -2.159459095198223e+01,  1.295788227090089e-01,  1.062544520734205e-01,  1.555619995144128e+01
s657        , -2.036339525797458e+01, -2.041853881771911e+01,  2.183479477704303e-01,  9.146202623856282e-02,  1.319615085979668e+01
s658        , -1.602366185676991e+01, -1.588677492886990e+01,  1.148045640559619e-01,  1.203797189155619e-01,  6.847578788106482e+00
s659        , -1.871169938684588e+01, -1.886585532843430e+01,  1.807512160060230e-01, -1.062872177654593e-02,  1.151935130896672e+01
s660        , -2.183022460938435e+01, -2.149171528733212e+01,  2.355694650898186e-01,  6.984994958917845e-02,  1.481435743248987e+01
s661        , -2.183692812512830e+01, -2.218127750055029e+01,  1.393908407173576e-01,  1.132427473612636e-01,  1.635688657543508e+01
s662        , -1.575332316936146e+01, -1.576133390877588e+01,  1.001485382550434e-01,  2.089764414796469e-01,  6.375261409675137e+00
s663        , -2.161244100467384e+01, -2.159880192605834e+01,  1.784867724626417e-01, -9.334583815808853e-03,  1.571963260834098e+01
s664        , -1.792030659393350e+01, -1.779663036346748e+01,  1.152820487912817e-01,  1.516626879362241e-01,  9.637285748747143e+00
s665        , -2.036353189911458e+01, -2.048490853391290e+01,  1.546766961050599e-01,  1.673015740300124e-01,  1.341579326489558e+01
s666        , -1.896012969757172e+01, -1.884565955608853e+01,  1.936627172195269e-01,  1.436786089067371e-01,  1.073189365412674e+01
s667        , -1.834472710605888e+01, -1.874979939807996e+01,  9.194164597249839e-02,  1.631288870577980e-01,  1.121237902865255e+01
s668        , -2.315183675604283e+01, -2.307275161056129e+01,  1.676120112956230e-01,  2.289975664587881e-01,  1.702652922317690e+01
s669        , -2.168824836514504e+01, -2.150106380170162e+01,  2.590080193361159e-01,  8.857008499177434e-02,  1.458394266524360e+01
s670        , -1.765957516951316e+01, -1.772106614085377e+01,  1.060350768212626e-01,  1.232191909586527e-01,  9.708905858639909e+00
s671        , -1.925271531654228e+01, -1.914165072737185e+01,  1.444554403650840e-01, -1.074082441390511e-01,  1.261386465574732e+01
s672        , -2.010246672918431e+01, -2.058126401487982e+01,  1.746876647860138e-01,  2.938038559354490e-01,  1.287741685116473e+01
s673        , -2.045224673553428e+01, -2.044258493771047e+01,  2.085757091365300e-01, -1.369240838215250e-02,  1.375534769163908e+01
s674        , -1.961862741224291e+01, -1.969066303388064e+01,  1.796449052641632e-01,  9.568957997161409e-02,  1.233263779445161e+01
s675        , -1.819835804307071e+01, -1.832806162720413e+01,  1.542856180527157e-01,  9.827025823511855e-02,  1.040977707197128e+01
s676        , -2.030955144796039e+01, -2.049093921204335e+01,  1.946281185467407e-01,  8.474446217208545e-02,  1.350204776838268e+01
s677        , -1.708028116046972e+01, -1.697593368215740e+01,  9.950544896956544e-02,  9.304368246456128e-02,  8.742446770012473e+00
s678        , -1.996975063415185e+01, -1.962770764873416e+01,  1.942582636808287e-01, -3.015352922805655e-02,  1.267721688333675e+01
s679        , -2.075675552323975e+01, -2.081365689819294e+01,  2.205523849810698e-01,  5.671343561087688e-02,  1.393653104049131e+01
s680        , -1.844365265503332e+01, -1.877448901343901e+01,  1.748139873841225e-01,  1.088965760573153e-01,  1.090476909776472e+01
s681        , -1.908965101407623e+01, -1.882318544969907e+01,  9.343874169448026e-02,  6.040286315572983e-02,  1.175792085687259e+01
s682        , -2.132701003782740e+01, -2.143556132222545e+01,  1.916544366292294e-01, -1.578967510318747e-02,  1.540513477093465e+01
s683        , -2.134055790648813e+01, -2.099734674574911e+01,  2.074845537303285e-01,  2.160582257990022e-01,  1.362161019367306e+01
s684        , -2.228765611405496e+01, -2.213141436565857e+01,  1.646777159157983e-01,  3.802501779245895e-02,  1.642832314007369e+01
s685        , -2.220524684044785e+01, -2.234966136871151e+01,  1.755828343452558e-01,  9.324420505354319e-03,  1.681056977345103e+01
s686        , -2.092862014660340e+01, -2.092303334445669e+01,  1.992502075113475e-01,  6.048902068986749e-03,  1.447194188507856e+01
s687        , -2.266843571203506e+01, -2.286308276531297e+01,  1.792561954193889e-01,  2.529207636772444e-01,  1.652035224212044e+01
s688        , -1.791243182954496e+01, -1.773672071728593e+01,  1.024674762954547e-01, -7.419195302613346e-02,  1.061014342272670e+01
s689        , -2.022924986754604e+01, -2.036442451205084e+01,  2.160749128915393e-01, -1.562475183929091e-02,  1.359140949408896e+01
s690        , -1.926971843911773e+01, -1.887841723914360e+01,  1.039182440225719e-01,  2.084464223085227e-01,  1.113015715740678e+01
s691        , -1.839442212707931e+01, -1.855068326628072e+01,  1.168611975107835e-01,  1.402297459509969e-01,  1.083168101371929e+01
s692        , -1.811967055159425e+01, -1.813966713893718e+01,  1.420516236655264e-01,  5.672645618972315e-02,  1.038585989249818e+01
s693        , -1.897178714286070e+01, -1.887328585435738e+01,  1.394729268064644e-01,  2.434372246593683e-02,  1.166845268315232e+01
s694        , -2.117746495604092e+01, -2.116945812192215e+01,  1.820780218237059e-01,  2.164024815158729e-01,  1.406168806586062e+01
s695        , -2.262578130233349e+01, -2.256107219848177e+01,  1.122518220004983e-01,  1.045390446259215e-01,  1.716655488929402e+01
s696        , -2.110358706695218e+01, -2.124008388950288e+01,  1.715434325312806e-01,  3.087175645672412e-01,  1.384509327421547e+01
s697        , -2.080079623838923e+01, -2.078875961553461e+01,  2.171824583573354e-01,  5.011940260635545e-02,  1.395039705382725e+01
s698        , -2.284382050270110e+01, -2.276830534173548e+01,  1.171644794083018e-01,  3.906691222176845e-02,  1.773258036635617e+01
s699        , -1.710021253686445e+01, -1.733793928124617e+01,  1.366417133847002e-01,  5.405274174361405e-02,  9.206066296516813e+00
s700        , -1.768315556313765e+01, -1.763790287708511e+01,  8.209335971035614e-02,  1.936233090926011e-01,  9.444893140924513e+00
s701        , -1.903295584190279e+01, -1.943416983239376e+01,  9.489084174398706e-02,  2.884734880021478e-01,  1.169984714373973e+01
s702        , -1.837939645173277e+01, -1.819675226091057e+01,  1.442588691511928e-01, -4.131790032496893e-02,  1.088123093883435e+01
s703        , -2.091048572489854e+01, -2.059306154032450e+01,  1.321029274855363e-01,  3.356990730029425e-01,  1.301246291668682e+01
s704        , -2.101614044515869e+01, -2.117136049931405e+01,  2.305909851256831e-01,  3.221894913866482e-02,  1.452048753151321e+01
s705        , -1.998067347119072e+01, -1.986985354141095e+01,  1.929577349004255e-01,  1.521644895143835e-01,  1.227043635035700e+01
s706        , -2.205053681559340e+01, -2.191878416391591e+01,  1.594366820250102e-01,  8.416707397054998e-02,  1.593977371054329e+01
s707        , -2.095566328486310e+01, -2.109721957174111e+01,  2.072635259949994e-01,  6.732533181102833e-02,  1.441840268728919e+01
s708        , -2.098548818691052e+01, -2.080982046622603e+01,  1.496068216670376e-01, -8.487357209403917e-03,  1.470832728382670e+01
s709        , -2.115794840593145e+01, -2.145355448404322e+01,  1.697443839572242e-01, -4.062049296729598e-03,  1.553532594276859e+01
s710        , -2.144561556804213e+01, -2.160084812893240e+01,  1.318898334023622e-01,  2.090663369694049e-01,  1.510575935572136e+01
s711        , -2.158487030708884e+01, -2.188366772267732e+01,  1.877251535626251e-01,  1.443884610124976e-01,  1.542809364527530e+01
s712        , -1.701606937532507e+01, -1.720631549503054e+01,  1.081198719189953e-01,  1.225655427960425e-01,  8.907954402733617e+00
s713        , -2.069677260469373e+01, -2.079798500124338e+01,  2.524130810152596e-01, -1.389327908876223e-02,  1.399450426441996e+01
s714        , -1.667903695847065e+01, -1.659506974008989e+01,  1.165546043061277e-01,  2.113067221076483e-01,  7.528704918035944e+00
s715        , -1.903979308955687e+01, -1.906632119344008e+01,  1.800558831791524e-01, -3.033822162850975e-02,  1.191665170698396e+01
s716        , -1.775292931769286e+01, -1.778101126248069e+01,  1.328363987022516e-01,  1.731786519861696e-01,  9.397674815162405e+00
s717        , -1.980553907801730e+01, -2.014368488372578e+01,  1.515883631836577e-01, -1.726116470430220e-02,  1.371105862484855e+01
s718        , -2.205506805307129e+01, -2.227324738716170e+01,  1.047652192022806e-01,  1.325428794100510e-01,  1.665673407100001e+01
s719        , -2.211926724507942e+01, -2.203444273587818e+01,  1.527167043782836e-01,  3.793766409665573e-03,  1.651109162180371e+01
s720        , -2.227273745316376e+01, -2.245151261736696e+01,  1.892317939861275e-01, -2.405291948300533e-02,  1.701536446049809e+01
s721        , -1.785735939085095e+01, -1.774998513974263e+01,  1.108445436495679e-01,  5.978175474412704e-02,  9.993485371992717e+00
s722        , -2.185625504194673e+01, -2.218222045291525e+01,  2.017148952952548e-01,  2.150642592632842e-01,  1.548284910802446e+01
s723        , -2.033801839240394e+01, -2.036385460150653e+01,  1.893041850879709e-01,  5.229608472644000e-02,  1.348453211228738e+01
s724        , -2.101306363073858e+01, -2.115926424913775e+01,  1.468009329234500e-01,  1.610830880621918e-01,  1.453161463449940e+01
s725        , -1.977835943733275e+01, -2.019448268009612e+01,  1.309946411370660e-01,  2.022583097270197e-01,  1.298523614705371e+01
s726        , -1.782642809085736e+01, -1.786184697329265e+01,  1.118904359795548e-01,  2.536795076965757e-01,  9.320555220939086e+00
s727        , -2.098840179836340e+01, -2.072170371797915e+01,  1.519875584000159e-01,  7.568539255693348e-03,  1.448726171350967e+01
s728        , -2.135488943619893e+01, -2.122225594989845e+01,  1.199817751656685e-01,  2.143386240195435e-01,  1.458584043853993e+01
s729        , -1.830313789299144e+01, -1.848746980900975e+01,  9.047120201159778e-02,  5.243859860755887e-02,  1.129835555947081e+01
s730        , -1.974102380594271e+01, -1.974118144492839e+01,  1.983264268534202e-01,  7.015503609080449e-02,  1.238967426547876e+01
s731        , -1.858542568590836e+01, -1.833462103409876e+01,  1.771336240505006e-01,  1.850760954604484e-01,  9.885269277969162e+00
s732        , -1.728575125425960e+01, -1.763756827536021e+01,  1.366749941365429e-01, -7.911004286805975e-02,  1.024011638553282e+01
s733        , -2.189672381410002e+01, -2.187045519453565e+01,  1.292513437556088e-01,  8.648685430517396e-02,  1.606677585628879e+01
s734        , -1.907291800543370e+01, -1.931214093362870e+01,  1.347866729822007e-01,  1.603827609855322e-01,  1.178673800597594e+01
s735        , -2.104653345651221e+01, -2.078237765499740e+01,  2.604040894278567e-01,  8.533056701898520e-02,  1.348630731710762e+01
s736        , -1.839280423093862e+01, -1.879631611824297e+01,  1.082943763963377e-01,  2.023696776872396e-01,  1.099991237159532e+01
s737        , -2.165426899727042e+01, -2.156261357079077e+01,  1.462136912467952e-01,  2.443519988970061e-01,  1.479462108461214e+01
s738        , -1.806822955624155e+01, -1.840803576795548e+01,  1.200717749377838e-01,  1.856604247318941e-01,  1.039438746021502e+01
s739        , -1.955458939471557e+01, -1.986144562201548e+01,  1.528382551807079e-01,  9.212825513589401e-02,  1.279733231621330e+01
s740        , -1.834079412742093e+01, -1.844497612327211e+01,  1.498843458917988e-01,  1.288864669897845e-01,  1.048762749896331e+01
s741        , -2.108323768665554e+01, -2.115226954239323e+01,  2.526366010905710e-01,  2.733240398957121e-02,  1.435813008319577e+01
s742        , -1.784982580383593e+01, -1.771979142721587e+01,  1.116549959604527e-01,  2.261393456099433e-02,  1.010199053122194e+01
s743        , -2.007117762213282e+01, -2.000747424317069e+01,  1.355922219728688e-01,  1.318514908782693e-01,  1.297033629449090e+01
s744        , -2.048858578542649e+01, -2.063930147154478e+01,  2.072390246498851e-01, -2.564718296729562e-02,  1.411790577301528e+01
s745        , -2.120349313282904e+01, -2.110869737668265e+01,  1.509348156125550e-01,  1.074165025893655e-01,  1.465687114145836e+01
s746        , -1.892251493836264e+01, -1.878882859439646e+01,  1.305038624294815e-01,  1.711386934269533e-01,  1.096793582399965e+01
s747        , -2.116880416688591e+01, -2.107982706075400e+01,  2.174307617724732e-01,  1.306660609822516e-01,  1.404716705713886e+01
s748        , -2.167842994358758e+01, -2.161738763247519e+01,  2.518184239957938e-01,  6.261012602874472e-02,  1.492464564967233e+01
s749        , -2.059667445248301e+01, -2.065712278717565e+01,  1.355867795115327e-01,  1.777798715778465e-01,  1.376809929559212e+01
s750        , -2.032384862658092e+01, -2.033437914924704e+01,  1.425870204194989e-01,  1.663589898418594e-02,  1.392003284006483e+01
s751        , -2.236553637276776e+01, -2.114379780429833e+01,  1.730623066149155e-01, -6.835060531273904e-02,  1.531476934400553e+01
s752        , -1.716732359631470e+01, -1.720573899015098e+01,  8.629612104928325e-02,  9.309538662161754e-02,  9.186935431361444e+00
s753        , -2.206691124025960e+01, -2.202373254624107e+01,  1.609723820790316e-01,  6.384977570544043e-02,  1.617765142492462e+01
s754        , -1.859855862913608e+01, -1.873641817454304e+01,  1.483991953913844e-01,  3.962980613548588e-02,  1.133018911093002e+01
s755        , -2.251644582892857e+01, -2.253957109041955e+01,  1.925878576448371e-01,  2.311145378216952e-01,  1.602526261459910e+01
s756        , -2.026279534630465e+01, -2.058873582083510e+01,  1.807309180564320e-01,  9.939351457006665e-02,  1.368593623313251e+01
s757        , -1.901185247831666e+01, -1.931575734692155e+01,  1.706953224677313e-01,  3.986968381860127e-02,  1.206143350087883e+01
s758        , -1.866312886885699e+01, -1.858010857439589e+01,  1.616832677818936e-01, -9.347582983496219e-02,  1.157229317704398e+01
s759        , -2.105033567951521e+01, -2.112364281806280e+01,  1.648037349519597e-01, -4.310405414908784e-03,  1.506514679021392e+01
s760        , -1.976737462921502e+01, -1.974012059718873e+01,  1.480683243513967e-01,  1.216556290725504e-01,  1.251720378895477e+01
s761        , -2.282845273202710e+01, -2.227151549477552e+01,  1.268203194624898e-01, -4.566241301929997e-03,  1.709177036494699e+01
s762        , -1.737428124739802e+01, -1.719337295549167e+01,  1.135289135516208e-01,  2.512974730229613e-01,  8.294505462980649e+00
s763        , -2.048674857080450e+01, -2.076265263506710e+01,  1.903723810052793e-01,  8.110263960108995e-02,  1.396411368029643e+01
s764        , -1.996103637141938e+01, -2.010759229238774e+01,  1.652129146460385e-01,  2.378825010067944e-01,  1.245889989520551e+01
s765        , -1.985538741097363e+01, -2.014472638079090e+01,  2.223064236728154e-01,  6.193254603164168e-03,  1.311680050745624e+01
s766        , -1.902823974868692e+01, -1.894652352788234e+01,  1.548453138908260e-01,  1.222976370382656e-02,  1.172552422189312e+01
s767        , -2.019726225103009e+01, -2.013076337337739e+01,  1.694429837492264e-01,  1.654016971451987e-01,  1.277776223445626e+01
s768        , -2.180287541987858e+01, -2.157497633052233e+01,  1.465021392726254e-01,  2.299513325012043e-01,  1.487372988817775e+01
s769        , -2.332774774981945e+01, -2.324817608481783e+01,  1.869250385632908e-01, -4.747282809681876e-02,  1.835401740777250e+01
s770        , -2.255011500408412e+01, -2.263278266452628e+01,  2.396596639424192e-01,  1.748831038903853e-04,  1.683599325737765e+01
s771        , -1.837836194936116e+01, -1.837212924378594e+01,  1.620449881280718e-01,  2.136810847928830e-01,  9.924806934093748e+00
s772        , -2.036442085092615e+01, -2.038129043337544e+01,  1.897594837217582e-01, -1.725649224694001e-03,  1.374130824384883e+01
s773        , -2.207703951964118e+01, -2.214695710872790e+01,  1.862846603845610e-01,  5.632005065340402e-02,  1.622205047770630e+01
s774        , -2.410464814655394e+01, -2.391494179528992e+01,  1.574575077850730e-01,  1.529657328425544e-01,  1.871701006427730e+01
s775        , -2.145476048405246e+01, -2.114418600351042e+01,  1.503814080397229e-01,  2.772923758761716e-01,  1.398174427061178e+01
s776        , -1.783304251394927e+01, -1.761275697573446e+01,  1.405136020436922e-01, -1.346774084163667e-03,  9.839501793020583e+00
s777        , -1.926023008452307e+01, -1.958403537295330e+01,  1.577082815958569e-01,  5.141784593927878e-02,  1.251371837544941e+01
s778        , -1.976550707196644e+01, -1.973801252697398e+01,  1.759166125378935e-01,  5.591275501885082e-02,  1.260303612287115e+01
s779        , -2.301809423461469e+01, -2.293659542749922e+01,  1.794358877852320e-01,  1.616024175672180e-01,  1.702605147933719e+01
s780        , -1.989864127452180e+01, -2.014768322606522e+01,  1.847971781050759e-01,  3.712844508234545e-02,  1.325011280819869e+01
s781        , -1.803783397921168e+01, -1.797676123953345e+01,  1.428325477588468e-01,  2.070634092137865e-01,  9.481586837412802e+00
s782        , -2.003060740563550e+01, -1.997827338783372e+01,  1.986194755473449e-01, -3.038204593711802e-02,  1.318517326710199e+01
s783        , -2.170310297580588e+01, -2.159026663907838e+01,  1.911111654391551e-01,  2.950867798905927e-01,  1.430397137766648e+01
s784        , -1.828106793020000e+01, -1.815102582345516e+01,  1.107309544775358e-01, -1.239565491912166e-01,  1.140239273923245e+01
s785        , -1.904288077315707e+01, -1.887025123350289e+01,  1.297004562108416e-01,  3.703044429544364e-02,  1.167737527858054e+01
s786        , -2.022975758111321e+01, -2.020645055031818e+01,  2.158571923293112e-01,  9.925840372052228e-02,  1.285474734100243e+01
s787        , -1.858814151939532e+01, -1.918337717269245e+01,  1.410865506668198e-01, -9.320863675320036e-02,  1.264009532469629e+01
s788        , -1.926046054059691e+01, -1.919597941166057e+01,  1.485887013873946e-01, -6.098292819693465e-02,  1.246781884292509e+01
s789        , -2.212378523930028e+01, -2.242128367933829e+01,  1.515202087021260e-01,  1.670459637438587e-01,  1.640773653127756e+01
s790        , -2.174169856486492e+01, -2.168346054017011e+01,  1.419403125100035e-01,  9.768242071030521e-02,  1.564300394760605e+01
s791        , -1.907773631846257e+01, -1.911127188737660e+01,  1.555105295066973e-01,  2.561378672383235e-02,  1.191567358597837e+01
s792        , -2.217884458062024e+01, -2.197702049742613e+01,  1.966622400274315e-01,  1.182121761183925e-01,  1.562172402008434e+01
s793        , -2.046845693654859e+01, -2.000892958496035e+01,  1.511487642957355e-01,  2.921606811993122e-01,  1.217166211776693e+01
s794        , -1.973890233992908e+01, -1.952971340064066e+01,  1.772976088538141e-01,  2.065924826903249e-01,  1.162349149881772e+01
s795        , -2.098054198937622e+01, -2.111914624438036e+01,  2.508966708446750e-01,  1.288200132791304e-02,  1.438190269912569e+01
s796        , -1.872193723420701e+01, -1.870745922527938e+01,  1.627310259975351e-01,  2.518244161328738e-02,  1.124792895207638e+01
s797        , -1.738396768625594e+01, -1.755531546536087e+01,  9.670549079739024e-02, -6.644415910028670e-02,  1.033887012640053e+01
s798        , -1.812351947027918e+01, -1.852095711067820e+01,  1.418355880333752e-01,  1.249889767158908e-01,  1.067723700796618e+01
s799        , -2.115781411801412e+01, -2.054823600724477e+01,  1.700261194366100e-01,  3.956750250291844e-01,  1.241957267747362e+01
s800        , -2.197753832223543e+01, -2.195546391876694e+01,  1.582397989927994e-01,  1.129008473982918e-01,  1.588032771753015e+01
s801        , -2.000340332694237e+01, -2.023059004277697e+01,  1.745507256949047e-01, -7.365008571347395e-02,  1.392714979459194e+01
s802        , -2.346278750692302e+01, -2.302880371352975e+01,  1.668476714611601e-01,  1.797884245394826e-02,  1.787552937867291e+01
s803        , -2.201425716118592e+01, -2.206347425928143e+01,  1.556292976299861e-01,  1.146485866224678e-01,  1.605663637587857e+01
s804        , -1.618324989548500e+01, -1.628807307973093e+01,  1.409696899227910e-01,  5.225708430201972e-02,  7.573941486608005e+00
s805        , -2.141738653455062e+01, -2.127354527908739e+01,  1.321574094641684e-01,  3.642538678640138e-01,  1.393208911801518e+01
s806        , -2.157933013723432e+01, -2.146542795544175e+01,  1.767503333836775e-01, -2.161383611900545e-02,  1.558030743971044e+01
s807        , -1.912040169626662e+01, -1.906718950199075e+01,  1.136156792789433e-01, -7.808535068075351e-02,  1.258879813616761e+01
s808        , -2.304047586711122e+01, -2.286428077899408e+01,  1.283368522748581e-01,  3.224156555233351e-01,  1.657828262176667e+01
s809        , -2.047218776779852e+01, -2.060403287657663e+01,  2.204105114013916e-01,  3.694897523025695e-02,  1.370146645254015e+01
s810        , -2.119146876442327e+01, -2.130638653040974e+01,  1.581751469716809e-01, -4.633217125153813e-02,  1.557310194149087e+01
s811        , -2.180116494254657e+01, -2.174467873338755e+01,  1.503486538630963e-01,  5.039055223304443e-02,  1.588222754586539e+01
s812        , -2.372646511684069e+01, -2.335412107225920e+01,  1.831573132437940e-01,  7.332513566315745e-02,  1.802127626192878e+01
s813        , -2.269928091374550e+01, -2.291858773021964e+01,  1.694467757115830e-01,  2.459184893865594e-01,  1.670428703730724e+01
s814        , -1.832573741415099e+01, -1.814208257538414e+01,  1.083893539882995e-01, -1.145153039833472e-01,  1.136429747787128e+01
s815        , -2.057906464758977e+01, -2.047537790894535e+01,  1.738051332002173e-01,  1.850334111048500e-01,  1.319084515681745e+01
s816        , -1.808215553271357e+01, -1.816156225732542e+01,  1.109641678161827e-01,  2.620969575276947e-01,  9.750202737398325e+00
s817        , -2.152086258044021e+01, -2.130605327683402e+01,  8.842990080631677e-02,  1.772880952743610e-01,  1.509494396737429e+01
s818        , -2.057353864229959e+01, -2.064327835532437e+01,  2.072659558036453e-01, -7.838056195259377e-02,  1.435148097841536e+01
s819        , -2.244567325669163e+01, -2.259351543699034e+01,  1.562096483368748e-01,  1.028738421214373e-01,  1.691604806486905e+01
s820        , -2.103220827040201e+01, -2.139308498813254e+01,  1.980895517885454e-01,  6.671781534598212e-02,  1.493879495465582e+01
s821        , -2.251724700203312e+01, -2.247822170223136e+01,  1.098130517971049e-01,  5.635798408771252e-02,  1.726460133806254e+01
s822        , -1.967652212859418e+01, -1.991182869701672e+01,  1.597414166101798e-01,  7.143044347498995e-02,  1.291565626636110e+01
s823        , -1.898228811729100e+01, -1.914596384047730e+01,  1.382990894684549e-01,  7.255961193569969e-02,  1.188655707229907e+01
s824        , -2.375965705343503e+01, -2.378998434371913e+01,  1.224784312505602e-01,  1.079492266796785e-01,  1.896442122552540e+01
s825        , -2.074394606294202e+01, -2.062725193356837e+01,  2.465167665697779e-01,  1.088075088624313e-01,  1.324424477903609e+01
s826        , -2.229590893513048e+01, -2.238257677903615e+01,  1.404023935299688e-01,  1.390484995035535e-01,  1.654702345951446e+01
s827        , -2.030439908572953e+01, -1.969890718697499e+01,  1.430434977413252e-01,  4.185161092251144e-01,  1.120752144382589e+01
s828        , -2.126632247755481e+01, -2.113310443978147e+01,  2.097094224292187e-01,  6.644808350504820e-02,  1.446010076234438e+01
s829        , -1.836528680868646e+01, -1.809697603609835e+01,  1.651359652619043e-01,  2.445152608305098e-01,  9.348215676175949e+00
s830        , -2.038358031572328e+01, -2.058835800617828e+01,  1.502931215307142e-01,  1.218821345258396e-01,  1.380114546063229e+01
s831        , -2.014217587228185e+01, -2.042248661113850e+01,  1.434264707314539e-01,  2.491781565326231e-01,  1.304528705399647e+01
s832        , -1.638297894992474e+01, -1.627695663351300e+01,  8.698260038987493e-02, -1.951334602729381e-01,  9.002540265230470e+00
s833        , -2.087813803835245e+01, -2.089468471014830e+01,  2.539994421993692e-01, -8.190393748793517e-03,  1.410704394769257e+01
s834        , -2.163260872857058e+01, -2.136912431329738e+01,  1.718652599496887e-01,  6.421399793544437e-03,  1.534578789369300e+01
s835        , -1.845033213930005e+01, -1.856024906669888e+01,  1.604948821143669e-01,  1.825540621179479e-01,  1.035845012303403e+01
s836        , -2.085703068105029e+01, -2.088893997966289e+01,  1.746466170189438e-01,  1.601985746791080e-01,  1.392623443641089e+01
s837        , -1.604298594536770e+01, -1.614250305071203e+01,  8.974427731215472e-02,  2.842375418242925e-02,  7.811921228685020e+00
s838        , -1.819387371328009e+01, -1.810240366830961e+01,  1.237886103007287e-01,  2.929224450796197e-01,  9.436727396142706e+00
s839        , -2.199016371973259e+01, -2.161959278418482e+01,  2.186067484096175e-01,  5.337781955619876e-02,  1.520016428554886e+01
s840        , -1.816847175772266e+01, -1.813757180037626e+01,  1.377033574745472e-01, -7.924321791838690e-02,  1.100008206558328e+01
s841        , -2.076446728280485e+01, -2.080486757188293e+01,  2.058847720680095e-01,  1.025275390427789e-01,  1.382784570630003e+01
s842        , -1.719569444321167e+01, -1.705819251628056e+01,  1.073676091108383e-01, -7.813612366373533e-03,  9.249007457367810e+00
s843        , -1.999816334280537e+01, -2.008681478914319e+01,  2.058265013829081e-01,  1.230963028356949e-01,  1.263856516534276e+01
s844        , -1.581596700213373e+01, -1.571848943375940e+01,  1.256889971338377e-01,  3.925104374279378e-02,  6.863704093863198e+00
s845        , -2.003183538643507e+01, -2.011699508960976e+01,  1.969352392349707e-01,  1.939626319633773e-02,  1.319472611333983e+01
s846        , -2.166933569232110e+01, -2.168138396583029e+01,  1.563593377973380e-01,  2.931649804463160e-01,  1.469501611046099e+01
s847        , -2.001719781047365e+01, -2.006419431335546e+01,  2.175668531782189e-01,  2.784843843843499e-02,  1.293298826693065e+01
s848        , -1.670780899311153e+01, -1.670528878628646e+01,  7.256934431635281e-02,  5.944608494321763e-02,  8.660945774249518e+00
s849        , -2.103364362191806e+01, -2.114574442807643e+01,  1.790354603457851e-01, -1.774790843214544e-02,  1.505751063162909e+01
s850        , -1.674889176362534e+01, -1.663827068887090e+01,  1.071203033993758e-01,  2.530166840599410e-01,  7.480846347982256e+00
s851        , -1.887785873496733e+01, -1.914009983142498e+01,  1.607691421022238e-01, -8.062538066833801e-02,  1.238176058884667e+01
s852        , -1.916613881673827e+01, -1.899405719422941e+01,  1.208149542167855e-01, -1.059770559545474e-01,  1.254674112451791e+01
s853        , -2.151831650372089e+01, -2.167077039831220e+01,  2.165049708401602e-01,  7.994897116452684e-02,  1.517861121049758e+01
s854        , -2.092228526657664e+01, -2.079839208668292e+01,  2.588749181168992e-01,  3.639107602044790e-03,  1.387424220207721e+01
s855        , -1.984690981488844e+01, -1.974343728537617e+01,  1.674537923182770e-01,  5.007833766444570e-02,  1.269573021024275e+01
s856        , -1.857995804240183e+01, -1.843910481445909e+01,  1.442729213680948e-01,  9.264670500329773e-02,  1.067432991119959e+01
s857        , -2.294003947989728e+01, -2.276871536604826e+01,  8.987042886374573e-02,  5.560362575256677e-02,  1.785270666456017e+01
s858        , -2.107902559750898e+01, -2.093676835313801e+01,  9.508412588956207e-02,  7.750650550512495e-02,  1.491302202872011e+01
s859        , -1.829183386036745e+01, -1.836853777192573e+01,  1.166372357277688e-01,  8.512424275514405e-02,  1.079189764929127e+01
s860        , -2.148418071954308e+01, -2.119444078207626e+01,  1.896715950058673e-01,  3.011158032979399e-02,  1.485115738001791e+01
s861        , -2.060440939951398e+01, -2.066538506651766e+01,  2.515968079630214e-01,  8.323453154205579e-02,  1.337758598684948e+01
s862        , -1.983634035476443e+01, -1.992842557479653e+01,  2.232065813550903e-01,  1.075495912276749e-01,  1.234129540498698e+01
s863        , -2.017821382918477e+01, -2.022735471606099e+01,  1.173984731258343e-01, -4.416984182655990e-02,  1.419463117244435e+01
s864        , -2.145828954671971e+01, -2.126534483462311e+01,  2.040158818357711e-01,  1.988482905033814e-01,  1.413105302291191e+01
s865        , -2.179521899962700e+01, -2.186800288073695e+01,  1.517083045448516e-01,  1.089524409008708e-01,  1.580896347615907e+01
s866        , -2.240641608733365e+01, -2.233456208337320e+01,  1.899785622367244e-01,  9.625791464390623e-02,  1.631141907717768e+01
s867        , -1.970162478711471e+01, -1.958929104206806e+01,  1.539987368319672e-01,  1.095085538720214e-01,  1.229692467569212e+01
s868        , -1.579821539399930e+01, -1.578591389735022e+01,  1.073366240506962e-01,  2.309555599422616e-01,  6.267782927236688e+00
s869        , -1.927595790821999e+01, -1.967543941239911e+01,  1.921286201752991e-01,  8.763204227482140e-02,  1.225677468902898e+01
s870        , -1.834436146157947e+01, -1.822949011787261e+01,  1.550457457356986e-01, -1.012180086463745e-01,  1.111458821851694e+01
s871        , -1.954632707936713e+01, -1.949617153111950e+01,  1.073571223930727e-01,  1.671102648139717e-01,  1.223168021452800e+01
s872        , -2.222687656829416e+01, -2.206003354055540e+01,  1.874286950476320e-01, -9.005691145605579e-03,  1.636281341969536e+01
s873        , -2.174135075548704e+01, -2.146110553457829e+01,  2.597193485700880e-01, -2.136388342401125e-02,  1.499232457117000e+01
s874        , -2.306987923711809e+01, -2.327213073729484e+01,  1.574515504104922e-01,  1.554946628350832e-02,  1.832479134432785e+01
s875        , -2.178123430913379e+01, -2.164206834304182e+01,  1.583265347684417e-01,  1.769352531389049e-02,  1.581027663535512e+01
s876        , -2.287277527114560e+01, -2.303660094514613e+01,  1.772340573487740e-01,  2.090169521964569e-01,  1.699007155688118e+01
s877        , -2.189016288213647e+01, -2.177004140447620e+01,  1.383020176887241e-01,  2.149897465780943e-01,  1.529473954076177e+01
s878        , -1.876974537203656e+01, -1.891242565338691e+01,  1.408645444559688e-01,  1.823983093901756e-01,  1.103635648407008e+01
s879        , -1.761744622782913e+01, -1.774032040811048e+01,  1.536747820476032e-01,  1.238295915578334e-01,  9.402603124958747e+00
s880        , -1.792977215528789e+01, -1.801435668835309e+01,  1.408570834080057e-01, -1.021972848963074e-01,  1.088821718096300e+01
s881        , -2.116921283478955e+01, -2.071743872764292e+01,  1.898984175040141e-01,  3.970380558136102e-01,  1.253411725644252e+01
s882        , -1.809005639564229e+01, -1.816532811174606e+01,  1.364959908954097e-01,  2.719092242031095e-02,  1.059157174759892e+01
s883        , -1.958200153707774e+01, -1.987404245617991e+01,  2.000841103488665e-01, -5.840418657643009e-02,  1.313610785578241e+01
s884        , -1.866641101726497e+01, -1.858469039252030e+01,  1.437591410119273e-01, -7.246876498236887e-02,  1.161398329889784e+01
s885        , -1.949202935470739e+01, -1.940802372847210e+01,  1.462619847587443e-01, -9.960943554770958e-02,  1.297595113371550e+01
s886        , -1.753621319174707e+01, -1.768401279686093e+01,  1.404502055308396e-01,  2.026002135933596e-01,  9.068688908512918e+00
s887        , -2.072504645987743e+01, -2.057666539686867e+01,  2.117474119759279e-01,  9.593061614136433e-02,  1.346545462350107e+01
s888        , -2.163711888094086e+01, -2.161085162086563e+01,  1.212120317002815e-01,  4.810363188169868e-02,  1.589070171615919e+01
s889        , -1.784767272504274e+01, -1.795308072377035e+01,  1.463952475040086e-01,  1.655249858790715e-01,  9.599698052557223e+00
s890        , -2.036577167825686e+01, -2.048308249849818e+01,  1.588094310734950e-01, -6.048265112141672e-02,  1.436750500703235e+01
s891        , -1.925489904031788e+01, -1.948690093472729e+01,  1.257478165322015e-01,  1.889902869749468e-01,  1.199438146566700e+01
s892        , -1.797999052112338e+01, -1.807323498445784e+01,  7.390879189538437e-02, -1.673844822843699e-01,  1.172814962824550e+01
s893        , -2.224398236502422e+01, -2.245533241852059e+01,  1.785376144358474e-01,  4.628691735460914e-02,  1.679233587862154e+01
s894        , -2.015695897880840e+01, -2.011850422403052e+01,  2.047950867305122e-01,  5.432153659690352e-02,  1.299128562624368e+01
s895        , -1.853378696029952e+01, -1.875199818382129e+01,  7.821967192025955e-02,  1.991881650226298e-01,  1.115604108580452e+01
s896        , -2.478440805107692e+01, -2.428819724088356e+01,  1.372364958735732e-01,  2.801935264311518e-01,  1.888141035978579e+01
s897        , -2.202247365131235e+01, -2.178319863202951e+01,  1.381945442762706e-01,  6.268176549875391e-02,  1.597322414050739e+01
s898        , -2.008627742560493e+01, -1.981345475375251e+01,  1.721183079253415e-01,  1.899162020989914e-01,  1.216673120632933e+01
s899        , -1.802005794967191e+01, -1.794052850031120e+01,  1.425757820957810e-01,  1.717893982031029e-01,  9.580121082425119e+00
s900        , -1.770516073583232e+01, -1.753974854539758e+01,  1.077748920681201e-01,  6.033146759157237e-02,  9.690255598166882e+00
s901        , -2.425916197575684e+01, -2.386783401876554e+01,  1.426662242148054e-01,  1.081959732393317e-01,  1.894152021737012e+01
s902        , -1.641892815066793e+01, -1.647075394934706e+01,  1.055235533739339e-01,  9.490857385380801e-02,  7.917786528378102e+00
s903        , -2.332207101034287e+01, -2.302729194000731e+01,  1.622599173103369e-01,  1.011074307641856e-02,  1.793926690772475e+01
s904        , -2.132463334662818e+01, -2.090682396135809e+01,  1.911999251991170e-01,  3.484160067439406e-01,  1.302528808592383e+01
s905        , -2.166343218809494e+01, -2.178136370603682e+01,  1.342896339981330e-01,  3.226372829556585e-02,  1.612904557344308e+01
s906        , -1.790842270146736e+01, -1.782877782519145e+01,  1.007138176522100e-01,  2.770907775650493e-01,  9.246949485610237e+00
s907        , -1.911599503394165e+01, -1.922058638284910e+01,  1.241451646337164e-01, -2.721157997621110e-02,  1.253069934149622e+01
s908        , -2.062377494321661e+01, -2.035330503992196e+01,  1.900245098267431e-01,  1.619421730579524e-01,  1.298994389394692e+01
s909        , -2.034650826700463e+01, -2.091883129876652e+01,  1.347388149708228e-01,  2.443541073982757e-01,  1.388784797274798e+01
s910        , -1.701866755175476e+01, -1.681600697622115e+01,  1.066746806711593e-01,  2.344936632272152e-01,  7.836429931081847e+00
s911        , -1.800428066961873e+01, -1.813071656742193e+01,  1.317552576752698e-01,  7.326280805587998e-02,  1.037275643957408e+01
s912        , -2.018815932170212e+01, -2.042522723742701e+01,  1.663201769604050e-01,  5.286496639463705e-02,  1.373691764875049e+01
s913        , -1.735412329082851e+01, -1.720055476423456e+01,  1.037811812480179e-01,  2.278040325609154e-02,  9.360270113753598e+00
s914        , -2.004618788210774e+01, -2.022727667512788e+01,  1.382205489082970e-01, -9.606841183115794e-02,  1.427294630547166e+01
s915        , -1.937730144245923e+01, -1.943855823647305e+01,  2.040483905041464e-01,  3.609296917296478e-02,  1.203274362479487e+01
s916        , -2.191302790761547e+01, -2.238403687313885e+01,  1.360188667319211e-01,  2.073962271788257e-01,  1.628484157501956e+01
s917        , -1.792924589211810e+01, -1.795496078011346e+01,  1.817225727339769e-01,  1.794199240164476e-01,  9.295516007998975e+00
s918        , -2.621730238337609e+01, -2.596733573100491e+01,  1.708856030301413e-01,  1.536718453459065e-01,  2.176668520870561e+01
s919        , -1.919355775511356e+01, -1.885639614000099e+01,  2.070852836546501e-01, -8.629148246186905e-02,  1.164733077378195e+01
s920        , -1.675861595936722e+01, -1.674970822171974e+01,  1.313087987829917e-01,  2.153299804103714e-01,  7.645230723254057e+00
s921        , -2.192756432754418e+01, -2.182787928169166e+01,  1.241405702249195e-01,  1.587864004171802e-01,  1.572510500140668e+01
s922        , -2.290193110331377e+01, -2.279946514564527e+01,  9.698468147270851e-02,  1.616760983534711e-01,  1.739214667667556e+01
s923        , -1.925371616601646e+01, -1.920963539633969e+01,  1.439671799599362e-01,  1.649957321574870e-01,  1.154545795530557e+01
s924        , -1.798705044323696e+01, -1.904411629738402e+01,  1.677137270556994e-01,  2.916665835971152e-01,  1.057873315490962e+01
s925        , -2.338449219749342e+01, -2.352034581965733e+01,  1.503079721185580e-01,  5.102802046000655e-02,  1.860213309694849e+01
s926        , -1.762302148317026e+01, -1.769018232395442e+01,  7.843902617075693e-02,  2.024403359783926e-01,  9.512537835957991e+00
s927        , -1.720744831710588e+01, -1.729189189419485e+01,  1.404422702810686e-01,  1.062936802759126e-01,  8.883347440079399e+00
s928        , -1.827654667645005e+01, -1.858410662307476e+01,  1.443888182216966e-01,  8.906105761324513e-02,  1.091130996686199e+01
s929        , -2.066098735264480e+01, -2.084595401645220e+01,  1.673138066509980e-01,  7.801630783782765e-04,  1.459987401780064e+01
s930        , -1.982419875205301e+01, -1.986594148879569e+01,  1.103437826237118e-01, -9.547792353896811e-02,  1.391138132581450e+01
s931        , -2.184683786579889e+01, -2.162119758543496e+01,  9.769824805676598e-02, -4.085876324572264e-02,  1.645509497899431e+01
s932        , -2.007807490293144e+01, -2.017554328498424e+01,  1.929311227590984e-01, -4.143782916217102e-04,  1.339802265645394e+01
s933        , -2.186904116931162e+01, -2.210960754635469e+01,  1.815746758995057e-01,  3.700610810046218e-02,  1.628111324265945e+01
s934        , -1.595875499840616e+01, -1.597956704310763e+01,  1.183190503192128e-01,  6.343011627966731e-02,  7.211132667061470e+00
s935        , -1.706347068237267e+01, -1.713264549875168e+01,  8.948272427839873e-02,  2.680259123199788e-01,  8.297355566839819e+00
s936        , -1.818003510858343e+01, -1.778114448419513e+01,  1.559807108674788e-01,  1.718758630265400e-01,  9.241634658120727e+00
s937        , -2.175658784400171e+01, -2.195876495991430e+01,  1.588082007324709e-01,  1.465371590547573e-01,  1.573619497536500e+01
s938        , -2.010166135357230e+01, -2.006073145580242e+01,  1.657609967363103e-01,  1.415254161220511e-01,  1.279922520089685e+01
s939        , -1.813809060682595e+01, -1.808159885996078e+01,  1.249020914450381e-01,  2.075083542366963e-01,  9.765801988305526e+00
s940        , -2.094308051046411e+01, -2.089617575886329e+01,  1.901100898773064e-01,  3.495506873751825e-02,  1.436989318491813e+01
s941        , -1.827480816862776e+01, -1.831532846454908e+01,  1.332471819484619e-01,  6.918465050991097e-02,  1.066296743162841e+01
s942        , -1.770857434290158e+01, -1.776599952263603e+01,  1.145798073577163e-01,  1.278701786976292e-01,  9.697954975218028e+00
s943        , -1.938132201948424e+01, -1.927450188042708e+01,  1.752110735354381e-01, -6.922038454580255e-02,  1.243757548313979e+01
s944        , -1.770272330222015e+01, -1.774902305115316e+01,  1.414414586010723e-01, -4.878330490255602e-02,  1.024672773751806e+01
s945        , -1.924477319915050e+01, -1.941725960311221e+01,  1.781820650193585e-01,  9.688573263762308e-02,  1.191853470311386e+01
s946        , -2.185513295241253e+01, -2.180097532807406e+01,  1.661605401632018e-01,  9.008550999347247e-02,  1.568657678187568e+01
s947        , -2.017292248813791e+01, -1.994228389185302e+01,  1.295926341121249e-01,  2.194666163910526e-01,  1.253408815860326e+01
s948        , -1.792501053388721e+01, -1.786621299459196e+01,  1.094219599857593e-01,  8.538149946290235e-03,  1.040286467449791e+01
s949        , -2.005207290213696e+01, -2.037067986439413e+01,  1.544541399999413e-01,  1.562079596984582e-01,  1.329011410356695e+01
s950        , -2.257823345395823e+01, -2.242023509467822e+01,  1.877816840942431e-01,  3.339039858741484e-02,  1.672955243564343e+01
s951        , -1.571913272603913e+01, -1.561931672041410e+01,  8.231059242083144e-02, -1.181245684062802e-02,  7.235498055227001e+00
s952        , -2.233989362366768e+01, -2.248817251359160e+01,  1.281774689735836e-01, -2.529201193117945e-02,  1.750392701934329e+01
s953        , -2.342860552534396e+01, -2.305588788820709e+01,  9.973202142025657e-02,  1.187594470733733e-01,  1.795135243196777e+01
s954        , -2.204077204416149e+01, -2.230305133744358e+01,  9.320677606764222e-02,  1.627836892812521e-01,  1.665270774936399e+01
s955        , -1.756302978982562e+01, -1.748867811160025e+01,  1.098368934609096e-01, -6.528132831080867e-02,  1.013984473444618e+01
s956        , -2.291971088639473e+01, -2.293747587349306e+01,  1.485324763829594e-01,  1.684658781167956e-01,  1.721390494572729e+01
s957        , -1.872997367448807e+01, -1.875645659613877e+01,  1.844120376005876e-01,  1.233081852205747e-01,  1.074777542888686e+01
s958        , -2.138547156076431e+01, -2.125701057658807e+01,  2.002989061296690e-01, -3.575185021018507e-02,  1.515711314810554e+01
s959        , -1.926386090665138e+01, -1.913986579351039e+01,  1.768989120931294e-01,  1.365408653225601e-01,  1.133101766272410e+01
s960        , -1.680470785163838e+01, -1.694035505920173e+01,  1.208245860176042e-01, -1.155083326743854e-01,  9.439179195018992e+00
s961        , -2.001579976967623e+01, -2.025850212252472e+01,  1.249795222630065e-01,  1.855915191243742e-01,  1.319741272495883e+01
s962        , -1.871905926332032e+01, -1.817653885767146e+01,  9.412267579205083e-02,  6.714064565399186e-02,  1.073263882511845e+01
s963        , -1.918665598310528e+01, -1.962469858797146e+01,  1.645906177387996e-01, -1.630929642939491e-02,  1.282032615269664e+01
s964        , -1.746488927974545e+01, -1.735489825096323e+01,  8.616773197832892e-02,  1.028388671298903e-01,  9.374452031163123e+00
s965        , -1.971186761143078e+01, -1.947794707393746e+01,  1.201783137666678e-01,  1.193487539390936e-01,  1.232027047310858e+01
s966        , -1.765956881606673e+01, -1.768068876115122e+01,  1.216178165229849e-01,  2.134547312884525e-01,  9.148442122905223e+00
s967        , -2.223688117086612e+01, -2.203435859321074e+01,  1.922818479705922e-01,  2.209923787534175e-01,  1.529653416758520e+01
s968        , -1.998239594820018e+01, -2.003109736614377e+01,  1.791850782013484e-01, -4.335960115277396e-02,  1.345811094667335e+01
s969        , -2.101894011109180e+01, -2.103020808939589e+01,  2.048645579197068e-01,  3.816956343732533e-02,  1.445831633345916e+01
s970        , -1.986554229461376e+01, -1.987495821527684e+01,  2.073518331202417e-01, -5.874532524402827e-02,  1.308815494872015e+01
s971        , -1.914500631305469e+01, -1.896464562249272e+01,  1.979834504918400e-01,  1.908834688432815e-01,  1.068030094571382e+01
s972        , -1.930540895911451e+01, -1.959481217097700e+01,  1.211023624238395e-01,  7.610512766529313e-02,  1.267967626785933e+01
s973        , -2.013055280326089e+01, -2.023755252765292e+01,  1.548303990783097e-01,  4.147639810625930e-02,  1.357870951516634e+01
s974        , -1.991254970003848e+01, -1.985450930475745e+01,  1.469590476184814e-01,  5.833155997348818e-02,  1.297372727397656e+01
s975        , -2.002907222040815e+01, -2.007103594652449e+01,  9.497092591926795e-02, -4.336095727899843e-03,  1.393985155642878e+01
s976        , -2.147573630129902e+01, -2.147434291524311e+01,  1.559750105853908e-01,  1.069937786609175e-01,  1.518403691226967e+01
s977        , -1.918950409415471e+01, -1.945177890517357e+01,  1.313533713465045e-01,  1.433702224209102e-01,  1.209828525858411e+01
s978        , -1.698999961978807e+01, -1.680353556022521e+01,  8.023608126697170e-02, -1.590444378054325e-01,  9.701244412804748e+00
s979        , -2.115978794608996e+01, -2.113047478583128e+01,  1.342259591729970e-01,  1.502765453143383e-01,  1.462207920195206e+01
s980        , -1.730989298326385e+01, -1.704351738562077e+01,  1.005364432848818e-01,  1.765552801952206e-01,  8.478306894634933e+00
s981        , -2.142850865946883e+01, -2.136844609580893e+01,  1.926584092779167e-01,  7.947517937571827e-02,  1.488392706079706e+01
s982        , -2.110948756566415e+01, -2.112961643381160e+01,  1.480023112383785e-01, -4.688219531655760e-02,  1.537560835083273e+01
s983        , -1.831465175322002e+01, -1.851734491859163e+01,  1.710940437143892e-01,  8.036272412900242e-02,  1.065973370753158e+01
s984        , -2.150201864035685e+01, -2.140749811910551e+01,  1.858747300163937e-01,  6.738378036572437e-02,  1.504344655677073e+01
s985        , -1.659952594735737e+01, -1.665900196191788e+01,  7.488758975363295e-02,  2.936134139976452e-01,  7.562794212894893e+00
s986        , -2.105203087443673e+01, -2.114154085255421e+01,  2.431952305712076e-01,  7.426339667023713e-02,  1.420509764134566e+01
s987        , -2.066592788190784e+01, -2.057216128318652e+01,  8.622144574701207e-02,  1.067258695071659e-01,  1.428985842045836e+01
s988        , -2.133344594608628e+01, -2.108628784928157e+01,  1.887391599715657e-01, -5.708054945578833e-02,  1.506829901840384e+01
s989        , -2.008246059204520e+01, -2.025743365841532e+01,  1.027316721005047e-01,  2.000668442427193e-01,  1.328887931599111e+01
s990        , -2.181814335912880e+01, -2.228435985900465e+01,  1.833542452683291e-01,  5.997252802511924e-02,  1.643743635882475e+01
s991        , -1.674874949890157e+01, -1.683983248935940e+01,  1.004809889648866e-01,  2.356932824889596e-01,  7.911097056811990e+00
s992        , -1.990187356431624e+01, -1.994428362600354e+01,  1.524157890759160e-01,  1.973731059692997e-01,  1.247291579874866e+01
s993        , -2.167451347953028e+01, -2.142374669614242e+01,  1.299767391949217e-01,  1.134054080428030e-01,  1.526061331152354e+01
s994        , -2.085856003252748e+01, -2.073794519637230e+01,  2.469993216488638e-01,  1.103061122722614e-01,  1.340410984998579e+01
s995        , -1.532250426373563e+01, -1.517325242082346e+01,  1.005927198486074e-01,  1.056691919839257e-01,  5.916544164211402e+00
s996        , -2.197589637081217e+01, -2.241955124849471e+01,  1.608096670905519e-01,  2.636692065431103e-01,  1.592295836836844e+01
s997        , -1.843774602570321e+01, -1.843923351201055e+01,  1.141518635883723e-01,  3.120410411595100e-01,  9.937997314668339e+00
s998        , -2.004154224207673e+01, -2.003577815515694e+01,  1.803485793306283e-01,  1.546894304472688e-01,  1.260211071947771e+01
s999        , -1.918982967461324e+01, -1.941651925281759e+01,  9.878035120764686e-02,  1.441453307626870e-01,  1.226869272686681e+01
s1000       , -2.386287011937712e+01, -2.390626992639573e+01,  1.661638745748227e-01,  9.592959941505817e-02,  1.888906601192739e+01
s1001       , -2.142986106465667e+01, -2.145831170949747e+01,  1.896227248609334e-01,  7.763448572769854e-02,  1.505088310365176e+01
s1002       , -1.703565403983971e+01, -1.704881310641145e+01,  9.321465606136078e-02, -1.060466048016681e-01,  9.757714017539474e+00
s1003       , -2.272857267296788e+01, -2.253467033990254e+01,  1.597422903136327e-01, -1.248428120804452e-02,  1.729915931893753e+01
s1004       , -1.957549960274314e+01, -1.942570329347710e+01,  2.003323013108525e-01,  1.764730847412978e-01,  1.143296038075210e+01
s1005       , -2.033955634118916e+01, -2.033147500379421e+01,  2.470930612153669e-01,  1.530154314747803e-03,  1.324989197017554e+01
s1006       , -2.103463075725037e+01, -2.123422235398484e+01,  1.595443994402411e-01,  8.797203488146071e-02,  1.487305366881827e+01
s1007       , -1.845815321471510e+01, -1.883508011720422e+01,  1.516801258874957e-01, -9.054459753689482e-02,  1.202051002687644e+01
s1008       , -2.105860584214290e+01, -2.104840208324554e+01,  1.713590718256300e-01,  1.275761613261679e-01,  1.433454843273717e+01
s1009       , -2.225664818829298e+01, -2.232883500381829e+01,  2.008671510238505e-01,  1.570398004042842e-01,  1.596407061634046e+01
s1010       , -2.029000137617794e+01, -2.036631312745519e+01,  2.066067149120171e-01, -6.195432394790651e-02,  1.386054379800149e+01
s1011       , -2.150175758271834e+01, -2.100132933050510e+01,  8.544223564365604e-02,  3.400481721206411e-01,  1.394596448305823e+01
s1012       , -1.789395613621291e+01, -1.794160705395258e+01,  1.012126396316234e-01,  3.195671142974124e-01,  9.233061949902250e+00
s1013       , -1.907481979836395e+01, -1.943195281718030e+01,  1.073819553783419e-01,  1.780326349412367e-01,  1.208589401683452e+01
s1014       , -1.701362802016618e+01, -1.698802698709168e+01,  8.405240173536768e-02,  3.171761787053166e-01,  7.901415099129034e+00
s1015       , -1.771043360260808e+01, -1.806997529635363e+01,  7.990947164411737e-02,  3.136440339054064e-01,  9.604434339922653e+00
s1016       , -2.325177194237830e+01, -2.282682703379474e+01,  1.428769533745478e-01,  1.449344522696596e-01,  1.718540972988170e+01
s1017       , -2.061131053204120e+01, -2.072444405209362e+01,  1.746561062311652e-01, -1.767689189760618e-02,  1.444191393575862e+01
s1018       , -1.637685178145171e+01, -1.630509663254163e+01,  1.154373832873034e-01,  1.248013032544617e-01,  7.465415645126076e+00
s1019       , -2.229355013298489e+01, -2.258634993865031e+01,  1.568208379418060e-01,  1.944302781254518e-01,  1.650551006937060e+01
s1020       , -1.626620443538163e+01, -1.615112278737410e+01,  9.836867022697539e-02, -1.731893740898196e-01,  8.635245008660130e+00
s1021       , -2.225684084822025e+01, -2.244737706647200e+01,  1.796501073816556e-01,  1.654118349494311e-01,  1.625805915111330e+01
s1022       , -1.619907626993357e+01, -1.623105460638375e+01,  1.299561461252705e-01,  4.423223243400977e-02,  7.598196696321869e+00
s1023       , -2.164326276096592e+01, -2.176464123236232e+01,  2.256605178939634e-01,  1.092742372009545e-01,  1.513189052214701e+01
s1024       , -1.814482992541786e+01, -1.822009349346508e+01,  1.057454492691208e-01,  1.869698780614633e-01,  1.020078632931407e+01
s1025       , -1.966276460675046e+01, -1.971844389075633e+01,  1.909057005602327e-01, -9.075024445901131e-02,  1.310139195004205e+01
s1026       , -1.787958226759213e+01, -1.778760339214061e+01,  1.183658303806637e-01,  5.029271487229116e-02,  1.003952401331776e+01
s1027       , -2.228548280106830e+01, -2.249508053012824e+01,  1.415969439740730e-01,  3.034352972149525e-02,  1.718046772846212e+01
s1028       , -1.939576101741603e+01, -1.947113040271479e+01,  1.802344289445749e-01,  5.925775831479518e-02,  1.214922462942987e+01
s1029       , -2.072177297910414e+01, -2.051846351898552e+01,  2.322814033133388e-01,  1.394625291002917e-01,  1.304466868714099e+01
s1030       , -2.116639743005703e+01, -2.109955314985518e+01,  2.623549790437183e-01, -3.808762830836437e-02,  1.449177693509056e+01
s1031       , -1.871817432191781e+01, -1.892603811764252e+01,  1.617043132736507e-01,  3.616438061197445e-02,  1.154281259264160e+01
s1032       , -1.793076662035363e+01, -1.802012730841628e+01,  7.450833609088298e-02, -1.276436300600503e-01,  1.147096056441173e+01
s1033       , -2.190726556241366e+01, -2.163700717014234e+01,  2.334832566342732e-01, -2.079264591938203e-02,  1.544303540621840e+01
s1034       , -1.655942363042545e+01, -1.666647790006687e+01,  1.011746871736377e-01, -3.281126452622602e-02,  8.799683460446705e+00
s1035       , -1.920990065585595e+01, -1.970540253442275e+01,  1.300528773759763e-01,  1.903977745719293e-01,  1.229319260686435e+01
s1036       , -1.624542641970273e+01, -1.608353277176675e+01,  1.193553505692368e-01,  7.999885570132105e-02,  7.291748088335984e+00
s1037       , -1.865413258865576e+01, -1.873153449404537e+01,  1.616773924338613e-01, -8.786222751464182e-02,  1.178025803524315e+01
s1038       , -2.303917859954092e+01, -2.310738680495771e+01,  1.208794250237018e-01,  2.100400287637363e-01,  1.748831885705979e+01
s1039       , -2.268866240524940e+01, -2.308622620740138e+01,  1.841420828731070e-01, -1.514485861287519e-02,  1.798561693585618e+01
s1040       , -2.002650999928207e+01, -2.020378928154947e+01,  1.258128194901557e-01,  6.637928555415290e-02,  1.362237770107398e+01
s1041       , -2.439240447433291e+01, -2.420625114754844e+01,  1.342521468207371e-01,  1.315501009622798e-01,  1.941838636020193e+01
