# c0 + a0 * (P + B) + a1 * (O - NBI) + a2 * (AAV - E_T)
# Property Label: $ln_{D}$; Unit of the Property: Unitless
# RMSE: 0.324408018397261; Max AE: 1.79987340788611
# Coefficients
# Task   a0                      a1                      a2                      c0
# all ,  2.783983941822258e+00, -2.379821352025230e+00,  6.792588351395807e-01, -1.243851140224130e+01, 
# Feature Rung, Units, and Expressions
# 0;  1; Unitless;                                         17|9|add; (P + B); $\left(P + B\right)$; (P + B); (newdata$P + newdata$B); P,B
# 1;  1; Unitless;                                         12|5|sub; (O - NBI); $\left(O - NBI\right)$; (O - NBI); (newdata$O - newdata$NBI); O,NBI
# 2;  1; Unitless;                                         2|0|sub; (AAV - E_T); $\left(AAV - E_{T}\right)$; (AAV - E_T); (newdata$AAV - newdata$E_T); AAV,E_T
# Number of Samples Per Task
# Task, n_samples               
# all , 1041                  

# Sample ID , Property Value        ,  Property Value (EST) ,  Feature 0 Value      ,  Feature 1 Value      ,  Feature 2 Value      
s1          , -2.244947812336508e+01, -2.229374543319037e+01,  1.715328467153285e-01, -2.715477295545710e-02, -1.530698121585983e+01
s2          , -2.298888400764099e+01, -2.308639149736598e+01,  1.358490566037736e-01, -1.815442579248565e-01, -1.686856908709021e+01
s3          , -1.755271246623431e+01, -1.767137358628118e+01,  1.130434782608696e-01, -4.812376951876953e-01, -9.853141112662380e+00
s4          , -1.917258847351942e+01, -1.927344950766003e+01,  3.370786516853932e-02, -4.105290357033963e-01, -1.163881221203367e+01
s5          , -2.000094091703784e+01, -2.043324809834405e+01,  1.615384615384615e-01, -2.483960154167160e-01, -1.330213882076700e+01
s6          , -2.179532463031582e+01, -2.154407819267683e+01,  2.137404580152672e-01, -5.512500464109538e-02, -1.447431221755518e+01
s7          , -2.156980503382011e+01, -2.154752511535752e+01,  0.000000000000000e+00, -8.277153208754540e-02, -1.370021954974751e+01
s8          , -2.070680399014268e+01, -2.121424915749122e+01,  0.000000000000000e+00, -4.170919110426776e-01, -1.438088322973229e+01
s9          , -2.311678210871720e+01, -2.273694058353166e+01,  9.268292682926829e-02, -2.163641638617279e-01, -1.629918441319988e+01
s10         , -1.955558688693647e+01, -1.933552020345942e+01,  0.000000000000000e+00, -4.698997058276752e-01, -1.180004696267240e+01
s11         , -1.929232032084748e+01, -1.968867905685480e+01,  0.000000000000000e+00, -5.120166558868949e-01, -1.246752399347954e+01
s12         , -1.972420304545977e+01, -1.920016405774462e+01,  0.000000000000000e+00, -3.129036774105314e-01, -1.105073223904352e+01
s13         , -1.649771434553038e+01, -1.637442586145442e+01,  3.147410358565737e-01, -4.415825296239856e-01, -8.631519647949819e+00
s14         , -1.814284237715737e+01, -1.855304873000452e+01,  0.000000000000000e+00, -4.708682588577026e-01, -1.065149143433222e+01
s15         , -2.140988745272463e+01, -2.116817334238672e+01,  0.000000000000000e+00, -5.281961632847288e-01, -1.470231071125643e+01
s16         , -2.271802967642396e+01, -2.225047384230248e+01,  1.681415929203540e-01, -1.276391715740530e-01, -1.558143054318275e+01
s17         , -1.845283706311921e+01, -1.874283793737357e+01,  0.000000000000000e+00, -4.974842489778722e-01, -1.102414835959740e+01
s18         , -2.106370881996578e+01, -2.163894494933686e+01,  9.465020576131687e-02, -1.747640425517821e-01, -1.454503775136913e+01
s19         , -2.166440903696862e+01, -2.165533187068862e+01,  1.963470319634703e-01, -3.820189265192572e-01, -1.571210221869732e+01
s20         , -1.957524373940041e+01, -1.946670431903863e+01,  6.324110671936758e-02, -4.054592287883396e-01, -1.202660201060852e+01
s21         , -2.230012329283520e+01, -2.270231768133543e+01,  0.000000000000000e+00, -2.011038270966132e-01, -1.581488072744051e+01
s22         , -1.709175230426198e+01, -1.689944640269435e+01,  2.800000000000000e-02, -4.261549618484539e-01, -8.175174088330298e+00
s23         , -2.271630669020732e+01, -2.275246990984770e+01,  1.416666666666667e-01, -4.219941910978016e-01, -1.724324574548409e+01
s24         , -1.997593461761007e+01, -2.066474672123080e+01,  0.000000000000000e+00, -2.991872236783314e-01, -1.315882400015543e+01
s25         , -2.228124530569044e+01, -2.246079066348651e+01,  7.344632768361582e-02, -1.999286346201568e-01, -1.575621329894552e+01
s26         , -1.806502239865187e+01, -1.773427184054941e+01,  9.387755102040816e-02, -4.020125073377813e-01, -9.589616865640993e+00
s27         , -2.017409009594002e+01, -1.994533897233318e+01,  1.710526315789474e-01, -3.926592751299136e-01, -1.312827130883999e+01
s28         , -1.658938425028538e+01, -1.686456109995115e+01,  1.137931034482759e-01, -4.999085893567283e-01, -8.733844447077159e+00
s29         , -2.262132344831001e+01, -2.289647146588502e+01,  1.073446327683616e-01, -2.651997368690651e-01, -1.676523470103118e+01
s30         , -1.697997334312175e+01, -1.695544988691639e+01,  2.658227848101266e-01, -4.684972348578511e-01, -9.380701791721386e+00
s31         , -1.964904728113367e+01, -1.938785923780632e+01,  0.000000000000000e+00, -3.352484514228936e-01, -1.140534190755525e+01
s32         , -2.151059652715050e+01, -2.099789362533558e+01,  1.176470588235294e-01, -5.699400007758290e-01, -1.508006167748456e+01
s33         , -2.289264810431292e+01, -2.320527984503914e+01,  2.063492063492063e-01, -1.937354050302555e-01, -1.737525721073736e+01
s34         , -2.302504917991390e+01, -2.232496719967794e+01,  0.000000000000000e+00, -4.191121036616849e-01, -1.602315224709062e+01
s35         , -2.244061385591441e+01, -2.234903524270646e+01,  6.310679611650485e-02, -1.515902969446522e-01, -1.537995449224499e+01
s36         , -2.239655424600443e+01, -2.198304455240662e+01,  2.428115015974441e-01, -4.897242633120003e-02, -1.521814890375577e+01
s37         , -2.226102540809307e+01, -2.202644771923832e+01,  2.440677966101695e-01, -1.140059761507076e-01, -1.551504441986685e+01
s38         , -2.102436377352775e+01, -2.105753684202361e+01,  0.000000000000000e+00, -3.228953337020325e-01, -1.382014949789603e+01
s39         , -2.141661104833067e+01, -2.081107233012801e+01,  0.000000000000000e+00, -2.813849747751401e-02, -1.242460913042577e+01
s40         , -1.990275935468409e+01, -1.935115493195907e+01,  0.000000000000000e+00, -3.869184503172652e-01, -1.153233482442023e+01
s41         , -1.952311408648237e+01, -1.909439816266464e+01,  0.000000000000000e+00, -3.952063220012920e-01, -1.118337636700211e+01
s42         , -1.862175379272403e+01, -1.897052195062545e+01,  1.956521739130435e-01, -4.296229230186659e-01, -1.192347960052033e+01
s43         , -2.257821044890805e+01, -2.231683261987962e+01,  0.000000000000000e+00, -1.213761517872470e-01, -1.496804200301497e+01
s44         , -1.984867902879579e+01, -1.945839995253208e+01,  3.684210526315789e-02, -4.548275222373696e-01, -1.207914303676234e+01
s45         , -1.928264199244582e+01, -1.911501712601792e+01,  1.666666666666667e-01, -4.537271910328103e-01, -1.210185613991873e+01
s46         , -2.007096062658339e+01, -2.058435244908161e+01,  0.000000000000000e+00, -3.462363643792843e-01, -1.320530742569512e+01
s47         , -1.842882744186564e+01, -1.877133965850363e+01,  8.480565371024736e-02, -5.520479800530659e-01, -1.160485664204907e+01
s48         , -1.712958329507449e+01, -1.720708717162231e+01,  0.000000000000000e+00, -4.505204707478404e-01, -8.598686837825184e+00
s49         , -2.142142340445580e+01, -2.184092283469945e+01,  1.343873517786561e-01, -3.426167837786894e-01, -1.559333475171678e+01
s50         , -2.022197746600499e+01, -2.056113828245792e+01,  0.000000000000000e+00, -4.216982094519892e-01, -1.343551649395320e+01
s51         , -2.208446385448407e+01, -2.217709354709541e+01,  1.959798994974874e-01, -2.255789465889808e-01, -1.593063508612480e+01
s52         , -2.030062191637932e+01, -2.030994845261873e+01,  2.184873949579832e-01, -2.506589122689975e-01, -1.336195484164609e+01
s53         , -1.881589086732163e+01, -1.913277767888007e+01,  0.000000000000000e+00, -1.640725074188992e-01, -1.043008815868953e+01
s54         , -2.389190768082197e+01, -2.397389921603015e+01,  1.458333333333333e-01, -3.619875634048325e-01, -1.884826599553735e+01
s55         , -1.989931101552115e+01, -1.982891191717587e+01,  1.106557377049180e-01, -4.139263011804414e-01, -1.278383807802105e+01
s56         , -2.293632659980805e+01, -2.299750259376280e+01,  6.521739130434782e-02, -2.192770371912895e-01, -1.658041817658905e+01
s57         , -2.165250835772914e+01, -2.138602323918004e+01,  2.796610169491525e-01, -2.462097779682870e-01, -1.518128049353406e+01
s58         , -2.493828100106786e+01, -2.513603713492738e+01,  0.000000000000000e+00, -1.005577581168140e-01, -1.904551632354680e+01
s59         , -2.019609135900962e+01, -1.997155048850307e+01,  0.000000000000000e+00, -4.201930840861400e-01, -1.256225626861349e+01
s60         , -1.686951544328429e+01, -1.688817190966854e+01,  1.538461538461539e-01, -4.778417884297937e-01, -8.855451720411025e+00
s61         , -1.698686520707895e+01, -1.731900916396263e+01,  2.112211221122112e-01, -4.537663412400392e-01, -9.640532390312138e+00
s62         , -1.961666852236879e+01, -1.940893521152670e+01,  1.179487179487179e-01, -4.908263654880198e-01, -1.246486578124321e+01
s63         , -2.363642228074260e+01, -2.302142017800595e+01,  1.273584905660377e-01, -2.325087421206198e-01, -1.691667659357740e+01
s64         , -2.123215125329894e+01, -2.133406449581816e+01,  0.000000000000000e+00, -2.979059594545378e-01, -1.413969986096494e+01
s65         , -2.229595939650926e+01, -2.188329048082049e+01,  1.491228070175439e-01, -1.768543530122671e-01, -1.513534430812385e+01
s66         , -2.209517036440609e+01, -2.188556473391290e+01,  1.477832512315271e-02, -3.523994495857614e-01, -1.520310543173952e+01
s67         , -2.100952424313996e+01, -2.129086669918972e+01,  0.000000000000000e+00, -1.118030484890913e-01, -1.342408240754135e+01
s68         , -2.306714632630091e+01, -2.295699533988058e+01,  2.645502645502645e-02, -3.082856221929966e-01, -1.667376032048298e+01
s69         , -2.116954741071400e+01, -2.166247824709072e+01,  0.000000000000000e+00, -3.017775570481522e-01, -1.463675259613165e+01
s70         , -2.268552320802911e+01, -2.215166905502358e+01,  0.000000000000000e+00, -1.046811112598034e-01, -1.466639737481654e+01
s71         , -1.844586653395837e+01, -1.891814597084964e+01,  2.041522491349481e-01, -4.404369093661873e-01, -1.191909754306385e+01
s72         , -2.185924535832699e+01, -2.170355330496530e+01,  5.106382978723404e-02, -2.728328042435130e-01, -1.480510167507020e+01
s73         , -1.814705961150877e+01, -1.819851551091769e+01,  2.415254237288136e-01, -5.412410036332536e-01, -1.136601175799315e+01
s74         , -2.269683109870329e+01, -2.317387408662977e+01,  1.573033707865168e-01, -2.153515271541801e-01, -1.720373781043877e+01
s75         , -2.162544692540680e+01, -2.151762041438874e+01,  0.000000000000000e+00, -1.788097288961880e-01, -1.399266926130055e+01
s76         , -1.799713371423827e+01, -1.815149289988748e+01,  1.964285714285714e-01, -4.891048074766862e-01, -1.092929111316468e+01
s77         , -1.808839931225978e+01, -1.800835461886240e+01,  0.000000000000000e+00, -4.630041391112415e-01, -9.822044275041518e+00
s78         , -1.710463489071706e+01, -1.699510405695440e+01,  2.243346007604563e-01, -4.601717641014593e-01, -9.239869760904003e+00
s79         , -2.130172009097587e+01, -2.144306460513763e+01,  1.459074733096085e-01, -2.884984697981398e-01, -1.486522009236650e+01
s80         , -2.075517304342145e+01, -2.043093743891652e+01,  2.200000000000000e-01, -4.350665046513994e-01, -1.419235578910876e+01
s81         , -1.679587307458704e+01, -1.685396104523884e+01,  2.415254237288136e-01, -4.950331938141695e-01, -9.224676639668576e+00
s82         , -1.961963418382102e+01, -1.932780421506332e+01,  3.045685279187817e-02, -4.385107515159761e-01, -1.180354385794019e+01
s83         , -1.732943596118787e+01, -1.727355144016186e+01,  1.181434599156118e-01, -5.190790099190720e-01, -9.420951945417817e+00
s84         , -2.091958911511147e+01, -2.119885276896826e+01,  2.041522491349481e-01, -3.539157106439386e-01, -1.497360591993353e+01
s85         , -1.931803893900067e+01, -1.958056597542985e+01,  0.000000000000000e+00, -3.023281614710812e-01, -1.157370531008330e+01
s86         , -2.124992178205270e+01, -2.082465641307957e+01,  0.000000000000000e+00, -1.684806642463159e-01, -1.293630415747096e+01
s87         , -2.000999990609716e+01, -1.970084421861487e+01,  1.116071428571429e-01, -4.228880465369009e-01, -1.263059509676056e+01
s88         , -1.933594922663024e+01, -1.916442883052375e+01,  9.844559585492228e-02, -4.930049840825274e-01, -1.203260340718368e+01
s89         , -2.128477820873118e+01, -2.132142013633057e+01,  1.767068273092370e-01, -1.534351667388586e-01, -1.433916717135340e+01
s90         , -2.009844325702736e+01, -2.023576919569819e+01,  1.715481171548117e-01, -3.651924868948131e-01, -1.346163995481665e+01
s91         , -2.185233402642529e+01, -2.193592483577481e+01,  1.406250000000000e-01, -2.019341651361008e-01, -1.526587197222944e+01
s92         , -1.852873985612102e+01, -1.835422062210015e+01,  0.000000000000000e+00, -4.228822443998729e-01, -1.019065642782784e+01
s93         , -2.244477787769646e+01, -2.246866895293500e+01,  0.000000000000000e+00, -1.344315663878274e-01, -1.523731474268247e+01
s94         , -2.069748145715988e+01, -2.069754436953591e+01,  5.500000000000000e-02, -3.254844309670541e-01, -1.352466307011557e+01
s95         , -1.839144268754908e+01, -1.823564843776218e+01,  0.000000000000000e+00, -4.322523326674624e-01, -1.004892393466326e+01
s96         , -2.061908691885885e+01, -2.036882697258586e+01,  9.268292682926829e-02, -4.422342107734066e-01, -1.360421284150691e+01
s97         , -2.336181657728519e+01, -2.318150264682072e+01,  1.052631578947368e-01, -4.644048275373078e-01, -1.787425070133368e+01
s98         , -1.913590175727989e+01, -1.881339417430158e+01,  0.000000000000000e+00, -3.790721501515332e-01, -1.071315733045071e+01
s99         , -1.764848235022367e+01, -1.770120852627277e+01,  0.000000000000000e+00, -4.365771217316718e-01, -9.277277459098908e+00
s100        , -2.003395952271198e+01, -1.952564020831105e+01,  0.000000000000000e+00, -3.638578981839677e-01, -1.170841686532749e+01
s101        , -2.047737186068138e+01, -2.095544540111787e+01,  0.000000000000000e+00, -2.716975601301618e-01, -1.349047694298223e+01
s102        , -1.813404261594337e+01, -1.789036034506693e+01,  8.029197080291971e-02, -4.080280804030690e-01, -9.784803810172804e+00
s103        , -2.094885731266024e+01, -2.067522518018048e+01,  0.000000000000000e+00, -3.654920790986833e-01, -1.340655308502983e+01
s104        , -1.695125455205811e+01, -1.680873557065659e+01,  0.000000000000000e+00, -4.537063481199944e-01, -8.023398359037522e+00
s105        , -2.089913046364001e+01, -2.148050873368786e+01,  1.806167400881057e-01, -1.921823041780821e-01, -1.472515404880261e+01
s106        , -2.193421435204462e+01, -2.191148221529291e+01,  9.852216748768473e-02, -2.826642169588321e-01, -1.534016893881369e+01
s107        , -1.938858975045087e+01, -1.899235502027195e+01,  1.167512690355330e-01, -4.631231002318315e-01, -1.174961164416913e+01
s108        , -2.184761912256448e+01, -2.190660722547695e+01,  7.547169811320754e-02, -2.388687496731988e-01, -1.508507838185593e+01
s109        , -1.765266017099491e+01, -1.811523619878396e+01,  2.323232323232323e-01, -4.735777176993480e-01, -1.096863069515475e+01
s110        , -2.222643790681205e+01, -2.165512085720713e+01,  2.286585365853659e-01, -1.383561547192186e-01, -1.499053608639862e+01
s111        , -2.198367498730207e+01, -2.190350070487074e+01,  0.000000000000000e+00, -1.913098581443651e-01, -1.460455436822666e+01
s112        , -2.341727175416096e+01, -2.288198640062873e+01,  8.212560386473430e-02, -5.458104442118528e-02, -1.590263377798977e+01
s113        , -2.064750776227555e+01, -2.022698916545799e+01,  3.589743589743589e-02, -3.291394598502473e-01, -1.276642763265858e+01
s114        , -2.335281852671257e+01, -2.321912763390710e+01,  1.629955947136564e-01, -8.458159599913950e-02, -1.683552991362063e+01
s115        , -2.467653405274963e+01, -2.454577589643578e+01,  2.232558139534884e-01, -1.804540021588620e-01, -1.937148654069641e+01
s116        , -2.119630992652875e+01, -2.156948155266125e+01,  0.000000000000000e+00, -2.522382830176995e-02, -1.353092205816309e+01
s117        , -1.681518237222159e+01, -1.671864858721899e+01,  2.738095238095238e-01, -4.517432432665496e-01, -9.006120203181734e+00
s118        , -1.725426000439147e+01, -1.738484737805833e+01,  2.127659574468085e-02, -4.864346105548946e-01, -9.073414772739770e+00
s119        , -2.026224064054247e+01, -2.073755609747680e+01,  1.209964412811388e-01, -1.708826236432294e-01, -1.331240242073248e+01
s120        , -2.061376236446881e+01, -2.035179060395452e+01,  3.783783783783784e-02, -3.120369639678299e-01, -1.289819272254068e+01
s121        , -2.090204853596659e+01, -2.107744926877124e+01,  5.699481865284974e-02, -3.487935552527325e-01, -1.417379705438413e+01
s122        , -1.679179791839329e+01, -1.674003355325770e+01,  1.766666666666667e-01, -5.536085502424309e-01, -8.996347852209563e+00
s123        , -1.729435756680531e+01, -1.764180443744649e+01,  0.000000000000000e+00, -4.681560529280563e-01, -9.300461737453984e+00
s124        , -1.927065840811719e+01, -1.956035982200159e+01,  1.231527093596059e-01, -2.572202207934699e-01, -1.189066868297204e+01
s125        , -2.074667074869674e+01, -2.061846422206640e+01,  0.000000000000000e+00, -4.461861094296336e-01, -1.360570606067084e+01
s126        , -1.981090987888966e+01, -1.949370769408085e+01,  8.547008547008547e-02, -3.914703452925113e-01, -1.210845218084818e+01
s127        , -1.791042209268825e+01, -1.768841005786355e+01,  0.000000000000000e+00, -4.233848103790502e-01, -9.212215644128683e+00
s128        , -2.199486439730610e+01, -2.197800549592470e+01,  9.000000000000000e-02, -1.734023505119165e-01, -1.502037034614422e+01
s129        , -1.847106084369403e+01, -1.841568510000668e+01,  0.000000000000000e+00, -4.304302401214376e-01, -1.030758881822271e+01
s130        , -2.183307419908922e+01, -2.118510050737758e+01,  0.000000000000000e+00, -3.269116825450114e-02, -1.299120127536901e+01
s131        , -1.937195493711046e+01, -1.909484791759905e+01,  1.750000000000000e-01, -4.640892144926056e-01, -1.214262178183651e+01
s132        , -1.756898825137140e+01, -1.766681540992251e+01,  2.016460905349794e-01, -4.472653051565088e-01, -1.009054966135983e+01
s133        , -1.952720456066259e+01, -1.949987755641035e+01,  6.194690265486726e-02, -4.749361453168910e-01, -1.231355130502026e+01
s134        , -1.792604080418195e+01, -1.844807619914396e+01,  1.945525291828794e-02, -5.596073194757074e-01, -1.088759243702654e+01
s135        , -2.163690184151209e+01, -2.200987066900103e+01,  1.312741312741313e-01, -1.751712384378950e-01, -1.524264397911174e+01
s136        , -2.266590946104735e+01, -2.231656314032981e+01,  3.703703703703703e-02, -2.997173566356202e-01, -1.574427223629518e+01
s137        , -1.871948299194560e+01, -1.861231252096966e+01,  0.000000000000000e+00, -3.689555353461447e-01, -1.038168223199325e+01
s138        , -2.098569970792443e+01, -2.127836255444430e+01,  5.603448275862069e-02, -1.902462854910700e-01, -1.391016492675411e+01
s139        , -1.946420871832499e+01, -1.944469959909966e+01,  4.040404040404041e-02, -4.771964632946327e-01, -1.215194312090362e+01
s140        , -1.890485827097119e+01, -1.928110218649475e+01,  1.333333333333333e-01, -5.330357087089432e-01, -1.248760850110621e+01
s141        , -2.048387804329865e+01, -2.117143898400021e+01,  1.512027491408935e-01, -3.741087191690469e-01, -1.478697810845533e+01
s142        , -1.712146112463541e+01, -1.753172750378341e+01,  0.000000000000000e+00, -4.532789681927573e-01, -9.086284563678774e+00
s143        , -2.146398341435241e+01, -2.155335729905626e+01,  2.173913043478261e-01, -9.844953200717099e-02, -1.465472597575141e+01
s144        , -2.296743054539722e+01, -2.212162841616057e+01,  1.189427312775330e-01,  3.947315178294053e-03, -1.472908005796056e+01
s145        , -2.169591974109321e+01, -2.164884440317574e+01,  3.015075376884422e-02, -3.747362517042553e-01, -1.499587053048975e+01
s146        , -2.268369172314783e+01, -2.255731358620736e+01,  1.435185185185185e-01, -1.401521352187209e-01, -1.597607851000013e+01
s147        , -2.121406114253308e+01, -2.143920406237730e+01,  1.005025125628141e-01, -3.404968002130324e-01, -1.485562067748938e+01
s148        , -2.139826235530006e+01, -2.139496500751006e+01,  0.000000000000000e+00, -1.878551957196978e-01, -1.384378814770815e+01
s149        , -1.818204101397333e+01, -1.792606840833134e+01,  1.990049751243781e-01, -4.340131895953617e-01, -1.041496576983784e+01
s150        , -2.236615053154114e+01, -2.203709911573124e+01,  9.691629955947137e-02, -9.738544549525485e-02, -1.486938494610078e+01
s151        , -2.007280490017163e+01, -1.956904723173819e+01,  5.263157894736842e-02, -4.443734180456252e-01, -1.227012475582133e+01
s152        , -2.043501428229088e+01, -2.046329248336555e+01,  0.000000000000000e+00, -4.456776301758392e-01, -1.337548185099389e+01
s153        , -2.294208833005412e+01, -2.288059718483566e+01,  1.250000000000000e-01, -3.904993032811577e-02, -1.602189779552259e+01
s154        , -1.941555486932839e+01, -1.930170334564976e+01,  1.238095238095238e-01, -5.196301584846013e-01, -1.243193636799951e+01
s155        , -2.030625886040805e+01, -2.073928565053104e+01,  1.184668989547038e-01, -4.315035610644496e-01, -1.421768121533334e+01
s156        , -1.755225478861601e+01, -1.738366029247232e+01,  1.333333333333333e-01, -4.190620928530158e-01, -9.294895169437519e+00
s157        , -1.981494689568535e+01, -1.929575402546833e+01,  0.000000000000000e+00, -4.088647865668529e-01, -1.152766422358132e+01
s158        , -2.120666701656112e+01, -2.136952909727332e+01,  0.000000000000000e+00, -2.836102548059826e-01, -1.414182479216290e+01
s159        , -2.199339551508707e+01, -2.211665190834841e+01,  0.000000000000000e+00, -1.696016135983993e-01, -1.484229799589550e+01
s160        , -1.822712376873660e+01, -1.814249599378249e+01,  0.000000000000000e+00, -4.790284310521741e-01, -1.007566825182323e+01
s161        , -1.850131544535105e+01, -1.887360600569539e+01,  2.883895131086142e-01, -5.602711900017743e-01, -1.261862382116518e+01
s162        , -2.165239460618542e+01, -2.171825838252868e+01,  1.191335740072202e-01, -1.016314015943821e-01, -1.450592470362375e+01
s163        , -2.054863013411503e+01, -2.046321002448037e+01,  0.000000000000000e+00, -4.392463001827612e-01, -1.335282793097317e+01
s164        , -2.244259094688993e+01, -2.269191805838786e+01,  1.235955056179775e-01, -2.789757652032452e-01, -1.657896292137675e+01
s165        , -2.169401378729562e+01, -2.147033458011436e+01,  1.279069767441861e-01, -4.062518893625233e-02, -1.396315270199978e+01
s166        , -1.893544650248816e+01, -1.849548670338666e+01,  2.844036697247707e-01, -4.104965415961588e-01, -1.152087920014968e+01
s167        , -1.990371422830687e+01, -2.028919185887528e+01,  0.000000000000000e+00, -5.133599358478331e-01, -1.335630090313757e+01
s168        , -2.358382467591309e+01, -2.351973714027559e+01,  1.643192488262911e-01, -4.297134170570778e-01, -1.849269881146546e+01
s169        , -2.234616115486217e+01, -2.269096757110378e+01,  1.847826086956522e-01, -2.655246989626662e-01, -1.678121614706460e+01
s170        , -1.980105726485419e+01, -2.032840506746929e+01,  0.000000000000000e+00, -3.183653742630459e-01, -1.273085594664029e+01
s171        , -2.225344967355102e+01, -2.248086555297862e+01,  0.000000000000000e+00, -1.220243261761259e-01, -1.521180102944776e+01
s172        , -2.076076397080535e+01, -2.064355213980890e+01,  0.000000000000000e+00, -4.823775660727934e-01, -1.376943910802964e+01
s173        , -2.167162181633835e+01, -2.158016752818241e+01,  0.000000000000000e+00, -2.979359035498834e-01, -1.450211589624718e+01
s174        , -2.217746151284670e+01, -2.213120947452552e+01,  1.975806451612903e-01, -1.633926052520534e-01, -1.565177230883617e+01
s175        , -1.912249737452136e+01, -1.906270258787472e+01,  3.273542600896861e-01, -3.346271669576921e-01, -1.226615339378210e+01
s176        , -2.262880123350610e+01, -2.240335119411183e+01,  7.522123893805310e-02, -3.135700037613162e-01, -1.607707480348019e+01
s177        , -1.998504477748202e+01, -2.085310456172696e+01,  0.000000000000000e+00, -1.630768926425015e-01, -1.295925290218617e+01
s178        , -1.778030448780716e+01, -1.789652031921021e+01,  2.343234323432343e-01, -4.706196995511808e-01, -1.064447310132519e+01
s179        , -2.322340610724453e+01, -2.343867540340458e+01,  0.000000000000000e+00, -1.186783409097044e-01, -1.661015899567161e+01
s180        , -1.682543251402466e+01, -1.689948591216215e+01,  2.380952380952381e-02, -4.730920374663181e-01, -8.322504002384893e+00
s181        , -1.586682207916231e+01, -1.545981970544396e+01,  2.252252252252252e-01, -4.919449452379848e-01, -7.094604514390983e+00
s182        , -2.348293513803748e+01, -2.328928258693842e+01,  0.000000000000000e+00, -2.454257567716102e-01, -1.683429062597236e+01
s183        , -2.155098810628208e+01, -2.134855631215443e+01,  0.000000000000000e+00, -3.935622743266494e-01, -1.449617186309239e+01
s184        , -2.324937775466465e+01, -2.320617117633742e+01,  8.333333333333333e-02, -2.193455545605112e-01, -1.696210792423772e+01
s185        , -2.378592453308165e+01, -2.385986298084450e+01,  0.000000000000000e+00, -2.322446019101390e-01, -1.762811408799858e+01
s186        , -2.071202883303041e+01, -2.101644251137485e+01,  1.534653465346535e-01, -2.461746037357350e-01, -1.411984246894339e+01
s187        , -2.027503475690737e+01, -1.999111230322877e+01,  1.373390557939914e-01, -4.284643710414602e-01, -1.318292648169886e+01
s188        , -2.214013663755619e+01, -2.228640547085258e+01,  3.867403314917127e-02, -3.022569110737441e-01, -1.571548113090202e+01
s189        , -2.074030596943589e+01, -2.125361870678982e+01,  0.000000000000000e+00, -1.542074852336362e-01, -1.351781249729761e+01
s190        , -1.914542963593283e+01, -1.930908831660241e+01,  0.000000000000000e+00, -4.434444610252894e-01, -1.166844669678491e+01
s191        , -1.679323473828856e+01, -1.712809600526538e+01,  0.000000000000000e+00, -4.444930604668443e-01, -8.461279238228961e+00
s192        , -1.690928184419942e+01, -1.738447273164085e+01,  0.000000000000000e+00, -5.067240432828634e-01, -9.056744953379246e+00
s193        , -2.273712334380998e+01, -2.291626264016687e+01,  0.000000000000000e+00, -2.696261459771656e-01, -1.636992074589855e+01
s194        , -2.090019731082972e+01, -2.135328549615492e+01,  1.643835616438356e-01, -2.020003934362203e-01, -1.450572245736327e+01
s195        , -1.910778599576077e+01, -1.938187945285375e+01,  1.960784313725490e-02, -4.295271983008834e-01, -1.180721332418781e+01
s196        , -1.918378235513936e+01, -1.914315699284653e+01,  0.000000000000000e+00, -4.923243700073853e-01, -1.159541728574304e+01
s197        , -2.010118773573690e+01, -2.012103072939030e+01,  1.928934010152284e-01, -3.923119746979537e-01, -1.347522240210444e+01
s198        , -2.040069724820686e+01, -2.066334377079023e+01,  0.000000000000000e+00, -3.073885899611197e-01, -1.318549253241129e+01
s199        , -2.033728659050214e+01, -2.052358257679108e+01,  0.000000000000000e+00, -1.484312044050353e-01, -1.242282100366897e+01
s200        , -1.788348829912646e+01, -1.805228995097662e+01,  0.000000000000000e+00, -4.568363320984329e-01, -9.865116299690202e+00
s201        , -1.891783601993355e+01, -1.910807159741344e+01,  2.795275590551181e-01, -4.956608871201637e-01, -1.270111531436741e+01
s202        , -2.174492495952721e+01, -2.205890595124694e+01,  1.142857142857143e-01, -1.902415841360358e-01, -1.529800510315261e+01
s203        , -2.185008698942601e+01, -2.166841908604362e+01,  2.941176470588235e-02, -4.358149650008709e-01, -1.523565213775799e+01
s204        , -2.086349108831322e+01, -2.074844238292393e+01,  1.658031088082902e-01, -3.521784668231955e-01, -1.414725213872820e+01
s205        , -2.088054945703831e+01, -2.117376971508275e+01,  3.201754385964912e-01, -7.627194138027249e-02, -1.443946648864965e+01
s206        , -2.114956534802060e+01, -2.202552934567910e+01,  0.000000000000000e+00, -8.189140457714628e-02, -1.440085038362107e+01
s207        , -1.936064601068155e+01, -1.876340992613819e+01,  1.849529780564263e-01, -2.338943055985757e-01, -1.088897328197270e+01
s208        , -2.173553987268506e+01, -2.142089081532152e+01,  3.763440860215054e-02, -4.343405380086777e-01, -1.489977805973189e+01
s209        , -1.958079034508013e+01, -1.984691855970293e+01,  0.000000000000000e+00, -4.464224408663486e-01, -1.247067005395362e+01
s210        , -2.077095411669474e+01, -2.118966340091762e+01,  2.318181818181818e-01, -1.831018857164411e-01, -1.447501212035646e+01
s211        , -2.106003856984427e+01, -2.094258998694918e+01,  0.000000000000000e+00, -3.603304456413751e-01, -1.378208156998985e+01
s212        , -1.921431398034701e+01, -1.883983801067891e+01,  6.603773584905660e-02, -4.185804563868263e-01, -1.116116702506731e+01
s213        , -1.891211086691480e+01, -1.871778646781767e+01,  5.676855895196507e-02, -3.967984874397719e-01, -1.086717897963397e+01
s214        , -1.797391097043976e+01, -1.779647942825738e+01,  0.000000000000000e+00, -4.567837376984772e-01, -9.488329609911398e+00
s215        , -2.046416066581664e+01, -2.067909763429359e+01,  0.000000000000000e+00, -4.542774167739768e-01, -1.372331848479873e+01
s216        , -2.054695205981560e+01, -2.028597155405676e+01,  4.306220095693780e-02, -2.288645156548360e-01, -1.253130743173367e+01
s217        , -2.064527960557822e+01, -2.066136015405018e+01,  0.000000000000000e+00, -5.235233882719742e-01, -1.393981263056724e+01
s218        , -2.267569057486860e+01, -2.269764973318622e+01,  9.389671361502347e-02, -1.844402967574466e-01, -1.613446842834840e+01
s219        , -1.969996813819463e+01, -2.013266177671190e+01,  2.087912087912088e-01, -3.361988775104921e-01, -1.336090830868684e+01
s220        , -2.056541179285701e+01, -2.104074522130323e+01,  2.718446601941747e-01, -1.230140922094218e-01, -1.420930586639963e+01
s221        , -2.147236245537334e+01, -2.119636355723912e+01,  1.293532338308458e-01, -4.393147163670186e-01, -1.496257317136895e+01
s222        , -1.817717386569833e+01, -1.833573720034094e+01,  2.666666666666667e-02, -4.361466084919500e-01, -1.031921267530327e+01
s223        , -2.049263974761081e+01, -2.047904486261576e+01,  0.000000000000000e+00, -4.987151656142850e-01, -1.358449236539706e+01
s224        , -2.147370851727396e+01, -2.168845888422496e+01,  1.520270270270270e-01, -1.811209180355823e-01, -1.487536589776275e+01
s225        , -2.297636192643720e+01, -2.279706780171331e+01,  7.296137339055794e-02, -4.178630478236423e-02, -1.569522997741675e+01
s226        , -2.349615644619751e+01, -2.313826660182084e+01,  1.282051282051282e-02, -5.886979953872751e-02, -1.601090239053669e+01
s227        , -1.994214785348108e+01, -2.014880393556032e+01,  1.458333333333333e-01, -2.743747702011471e-01, -1.291003174994573e+01
s228        , -1.935600154849446e+01, -1.943285377832878e+01,  1.139240506329114e-01, -4.954139587571272e-01, -1.249965606856435e+01
s229        , -1.931982821700711e+01, -1.896640112852727e+01,  2.422360248447205e-01, -3.927943367277197e-01, -1.197930870845671e+01
s230        , -1.663964761443124e+01, -1.677191081603448e+01,  1.832061068702290e-01, -4.726875424458510e-01, -8.786568346197816e+00
s231        , -1.912412961575534e+01, -1.926721339739134e+01,  0.000000000000000e+00, -4.849438859000710e-01, -1.175219429822910e+01
s232        , -2.205202611453251e+01, -2.200151748029953e+01,  0.000000000000000e+00, -3.952631093866033e-01, -1.546341559662740e+01
s233        , -2.108987100746543e+01, -2.123338948370147e+01,  5.106382978723404e-02, -6.906811610458741e-02, -1.339902886824487e+01
s234        , -2.119865480781422e+01, -2.123794520099921e+01,  0.000000000000000e+00, -2.428187266933599e-01, -1.380519251882444e+01
s235        , -1.634470488909293e+01, -1.604081404765572e+01,  0.000000000000000e+00, -4.423778113925409e-01, -6.853179621391316e+00
s236        , -2.035495556536669e+01, -2.056125264367809e+01,  1.954022988505747e-01, -4.754069003217640e-01, -1.442472455128889e+01
s237        , -2.057488800817375e+01, -2.095369937116628e+01,  1.556420233463035e-02, -1.188433792948044e-01, -1.301616410785098e+01
s238        , -2.181497599002021e+01, -2.168412452777873e+01,  2.247191011235955e-02,  1.247357300107876e-02, -1.365972617074854e+01
s239        , -1.938605784207409e+01, -1.933921764394313e+01,  0.000000000000000e+00, -3.791846742178258e-01, -1.148766511688093e+01
s240        , -1.879589433372550e+01, -1.869717428096305e+01,  0.000000000000000e+00, -4.170067502436230e-01, -1.067496522941826e+01
s241        , -1.732119998261703e+01, -1.707558936575693e+01,  0.000000000000000e+00, -4.375166638922224e-01, -8.359537143077956e+00
s242        , -2.017650413285683e+01, -1.987570084081228e+01,  1.869158878504673e-01, -4.440634196754156e-01, -1.327086437493693e+01
s243        , -1.996072124442394e+01, -1.974931266339187e+01,  2.405063291139241e-01, -4.103101197416986e-01, -1.318618373419190e+01
s244        , -2.121993688931675e+01, -2.107258923843819e+01,  9.569377990430622e-02, -2.139412310145941e-01, -1.385278954891512e+01
s245        , -2.152256201120388e+01, -2.164964735937157e+01,  7.211538461538461e-02, -3.445144235374119e-01, -1.506316338008368e+01
s246        , -1.806013829922115e+01, -1.790599005206248e+01,  5.069124423963134e-02, -4.798546874248393e-01, -9.938141900489454e+00
s247        , -1.662499542985015e+01, -1.670780167693916e+01,  2.403433476394850e-01, -5.133250574690362e-01, -9.068743619769862e+00
s248        , -2.087245838906029e+01, -2.105469037398318e+01,  0.000000000000000e+00, -1.745940995748110e-01, -1.329637727272508e+01
s249        , -2.031192930505803e+01, -2.022980899706987e+01,  0.000000000000000e+00, -2.942142331423850e-01, -1.250108864198378e+01
s250        , -1.829082894515480e+01, -1.819793741082136e+01,  8.018867924528301e-02, -4.534116999222284e-01, -1.039619727168765e+01
s251        , -2.316191337748571e+01, -2.277845850122880e+01,  3.421052631578947e-01, -3.171170450452721e-02, -1.673563929011682e+01
s252        , -1.836403387539604e+01, -1.838836081304144e+01,  3.196347031963470e-02, -4.841827263229033e-01, -1.058669128359920e+01
s253        , -1.948978591890307e+01, -1.952631286005845e+01,  1.466165413533835e-01, -6.081518500223749e-01, -1.316622154891756e+01
s254        , -1.974328758235917e+01, -1.996294690010689e+01,  2.459016393442623e-01, -3.579448333953955e-01, -1.333934282734407e+01
s255        , -2.045692599174058e+01, -2.018242270525846e+01,  7.476635514018691e-02, -4.182960714071987e-01, -1.317248903428767e+01
s256        , -1.776850461240055e+01, -1.764312410930024e+01,  7.079646017699115e-02, -4.209615968505197e-01, -9.427219758696527e+00
s257        , -2.163660994039700e+01, -2.174845238190705e+01,  0.000000000000000e+00, -2.854663611499145e-01, -1.470617591475651e+01
s258        , -1.860059101905129e+01, -1.860889022708956e+01,  3.255813953488372e-02, -5.239896436788678e-01, -1.105325616149434e+01
s259        , -2.094542362420654e+01, -2.062744837871351e+01,  1.573033707865168e-01, -4.333155659199479e-01, -1.421855730252362e+01
s260        , -1.742875942837962e+01, -1.756205204111750e+01,  0.000000000000000e+00, -4.841558359831221e-01, -9.239106965413056e+00
s261        , -2.065616574581777e+01, -2.054768431435666e+01,  0.000000000000000e+00, -4.218863445634524e-01, -1.341636880021247e+01
s262        , -2.014040040752147e+01, -1.987703445620625e+01,  0.000000000000000e+00, -2.174040284815261e-01, -1.171262763380433e+01
s263        , -1.686996628366655e+01, -1.699610205811506e+01,  0.000000000000000e+00, -4.426402239670291e-01, -8.260467176673119e+00
s264        , -2.074271161967796e+01, -2.045362371226383e+01,  0.000000000000000e+00, -2.150432409059542e-01, -1.255320706220486e+01
s265        , -2.059536695716665e+01, -2.075971187327208e+01,  0.000000000000000e+00, -1.851594028731071e-01, -1.289912816476796e+01
s266        , -2.198651133619990e+01, -2.188274585396007e+01,  4.072398190045249e-02, -1.509352054409234e-01, -1.459945410355909e+01
s267        , -1.899333543245141e+01, -1.895129570846503e+01,  1.388888888888889e-02, -4.702493018142928e-01, -1.129254369951116e+01
s268        , -1.857298059991068e+01, -1.833928103695444e+01,  0.000000000000000e+00, -4.055964397863951e-01, -1.010810069332601e+01
s269        , -2.106917022960664e+01, -2.070848529151759e+01,  1.299435028248588e-01, -4.530722567104115e-01, -1.429494184351569e+01
s270        , -1.920756052964929e+01, -1.916683732754402e+01,  1.730769230769231e-01, -5.613937324333067e-01, -1.258163405328492e+01
s271        , -1.965184309682283e+01, -1.953599267170206e+01,  1.128205128205128e-01, -5.189952619494053e-01, -1.272959190832098e+01
s272        , -2.112049940018463e+01, -2.055823663273375e+01,  9.142857142857143e-02, -4.225163133709517e-01, -1.380883657904143e+01
s273        , -1.945398506004425e+01, -1.973170845696271e+01,  0.000000000000000e+00, -2.565218731716187e-01, -1.163573129546796e+01
s274        , -2.135203005648119e+01, -2.134687562066201e+01,  2.535885167464115e-01, -1.501432031913681e-01, -1.468021328812079e+01
s275        , -2.088724638081418e+01, -2.108349573609748e+01,  4.035874439461883e-02, -2.339797046685736e-01, -1.371225789850752e+01
s276        , -1.839432489855567e+01, -1.874185235960525e+01,  0.000000000000000e+00, -5.189266315440184e-01, -1.109782198666271e+01
s277        , -2.199306195501885e+01, -2.019318854713274e+01,  5.785123966942149e-02,  2.232763360982026e-02, -1.157526097739323e+01
s278        , -2.276883612887764e+01, -2.301483662650317e+01,  0.000000000000000e+00, -2.232075609194397e-01, -1.635241055258257e+01
s279        , -2.262380984036664e+01, -2.274217536179150e+01,  1.411290322580645e-01, -3.664600480385116e-01, -1.703131967903010e+01
s280        , -1.620731240668889e+01, -1.623902870236813e+01,  2.087227414330218e-01, -4.827351582305489e-01, -8.141846982915395e+00
s281        , -2.072632910940930e+01, -2.004583530271928e+01,  8.936170212765958e-02, -1.090121065540407e-01, -1.194763227680975e+01
s282        , -1.840721485531197e+01, -1.932344200625829e+01,  0.000000000000000e+00, -2.026693501761106e-01, -1.084600901724493e+01
s283        , -1.945843055355910e+01, -1.999245822444360e+01,  0.000000000000000e+00, -4.448161409959587e-01, -1.267930474617994e+01
s284        , -2.290375248734285e+01, -2.344961180711089e+01,  1.622641509433962e-01, -3.205290781371426e-01, -1.799850440960833e+01
s285        , -2.162506652538119e+01, -2.146052220950276e+01,  0.000000000000000e+00, -2.500922583699851e-01, -1.415835202457150e+01
s286        , -2.308167299949378e+01, -2.346905171758484e+01,  1.179775280898876e-01, -3.369231665353251e-01, -1.790304987679030e+01
s287        , -1.888746545864790e+01, -1.859995769433169e+01,  0.000000000000000e+00, -3.640284014717675e-01, -1.034623105522415e+01
s288        , -2.031934863671701e+01, -2.041069385106871e+01,  2.941176470588235e-02, -5.628922615995829e-01, -1.382926046237352e+01
s289        , -2.410980627565496e+01, -2.422720565751731e+01,  1.297297297297297e-01, -1.886034179173092e-01, -1.854771926235771e+01
s290        , -2.087284446952964e+01, -2.044684442291650e+01,  1.129943502824859e-01, -4.527881181823479e-01, -1.383929339254050e+01
s291        , -2.204275686911580e+01, -2.100920048370207e+01,  0.000000000000000e+00,  1.614630069269107e-02, -1.256113771205169e+01
s292        , -1.820983264392220e+01, -1.874414093112145e+01,  0.000000000000000e+00, -2.511199680092331e-01, -1.016291556848115e+01
s293        , -1.668568749246811e+01, -1.669385498636826e+01,  1.088709677419355e-01, -5.160530064938011e-01, -8.518921321785740e+00
s294        , -2.280852590517532e+01, -2.313777466984018e+01,  1.612903225806452e-01, -1.671909517301560e-01, -1.699820000141029e+01
s295        , -1.673628435422914e+01, -1.707905258467504e+01,  1.072796934865900e-01, -4.409774583060159e-01, -8.816453151016994e+00
s296        , -2.103716924286631e+01, -2.066430883151365e+01,  0.000000000000000e+00, -2.204137886871657e-01, -1.288219220302484e+01
s297        , -2.124288787488653e+01, -2.105633887739041e+01,  0.000000000000000e+00, -3.073952357430516e-01, -1.376408040207538e+01
s298        , -2.177880180045448e+01, -2.171322707884708e+01,  1.854545454545455e-01, -1.163735013656305e-01, -1.482198798986572e+01
s299        , -1.893486515270964e+01, -1.902441807935575e+01,  1.240310077519380e-01, -4.182954601180681e-01, -1.166959495903977e+01
s300        , -1.774017522269403e+01, -1.747254409651060e+01,  3.781512605042017e-02, -3.833099859073188e-01, -8.909002538943579e+00
s301        , -2.283171483494903e+01, -2.281239022099007e+01,  1.287128712871287e-01, -1.935129789103496e-01, -1.647787135860048e+01
s302        , -1.721456897049112e+01, -1.717113164995654e+01,  1.936936936936937e-01, -5.045206240776645e-01, -9.528811403649694e+00
s303        , -2.130552121943375e+01, -2.079538834560792e+01,  1.135371179039301e-01, -1.342528065494653e-02, -1.281530953393155e+01
s304        , -2.313677054561944e+01, -2.323727190850501e+01,  0.000000000000000e+00, -2.904634977273650e-01, -1.691551312362119e+01
s305        , -1.858159986173835e+01, -1.863541331747382e+01,  7.555555555555556e-02, -5.191004127805126e-01, -1.125140111460507e+01
s306        , -2.163460095493751e+01, -2.137775540522949e+01,  1.590909090909091e-01, -3.489984432368135e-01, -1.503507051789340e+01
s307        , -1.987289536762319e+01, -2.019289804844789e+01,  1.064638783269962e-01, -4.334376980738398e-01, -1.337087453656092e+01
s308        , -2.028550026196297e+01, -1.972245344358558e+01,  0.000000000000000e+00, -7.712956260704895e-03, -1.075039016289010e+01
s309        , -2.129242792516701e+01, -2.105157326495185e+01,  1.982248520710059e-01, -2.773057333167843e-01, -1.446408094333247e+01
s310        , -1.894855963686166e+01, -1.925911348619266e+01,  0.000000000000000e+00, -4.420812131331763e-01, -1.159009789350353e+01
s311        , -2.010039836844276e+01, -2.033767079829795e+01,  0.000000000000000e+00, -5.468740664143410e-01, -1.354508988357542e+01
s312        , -1.830057188159682e+01, -1.858392119683646e+01,  5.045871559633028e-02, -5.172967626171673e-01, -1.106641465768424e+01
s313        , -1.990312271450173e+01, -1.949615591271476e+01,  0.000000000000000e+00, -3.900068395361900e-01, -1.175662457595647e+01
s314        , -1.980645538479249e+01, -1.963346820491750e+01,  0.000000000000000e+00, -4.554613631595625e-01, -1.218809833816091e+01
s315        , -1.914671781515828e+01, -1.993783943872806e+01,  8.921933085501858e-02, -2.300460218977717e-01, -1.221210711825849e+01
s316        , -2.257620253811652e+01, -2.224998261807841e+01,  1.217391304347826e-01, -1.400905331460386e-01, -1.543414807391084e+01
s317        , -1.647333233405121e+01, -1.619277413228119e+01,  1.238938053097345e-01, -4.418147746918861e-01, -7.582707890589324e+00
s318        , -2.027102701488289e+01, -1.979193745158068e+01,  5.339805825242718e-02, -3.950163399648214e-01, -1.242847832012518e+01
s319        , -1.996146248057647e+01, -2.001607219566574e+01,  0.000000000000000e+00, -3.007938437587159e-01, -1.220947888540157e+01
s320        , -2.548773082504399e+01, -2.503663541350882e+01,  2.058823529411765e-01, -2.051315550653976e-02, -1.946255850837129e+01
s321        , -1.727661852750149e+01, -1.731373478420520e+01,  1.728813559322034e-01, -4.729031173288075e-01, -9.542676372322827e+00
s322        , -2.011073789818953e+01, -2.025515357097587e+01,  2.346938775510204e-01, -3.118520769585720e-01, -1.356210314821599e+01
s323        , -2.178223238748198e+01, -2.168001042661669e+01,  0.000000000000000e+00, -3.164630965966697e-01, -1.471401495533050e+01
s324        , -1.879130547869734e+01, -1.891132383634925e+01,  1.562500000000000e-02, -4.865844109133208e-01, -1.129804392205819e+01
s325        , -2.032679436678044e+01, -1.999561021249952e+01,  0.000000000000000e+00, -4.446111579505011e-01, -1.268322691088317e+01
s326        , -2.071891083121713e+01, -2.056924764672917e+01,  1.502145922746781e-01, -4.860370130315617e-02, -1.275596125529405e+01
s327        , -1.834375983430116e+01, -1.868971983750192e+01,  2.189781021897810e-01, -4.582827934141080e-01, -1.170609894351451e+01
s328        , -2.099505369246730e+01, -2.089016376314062e+01,  2.449799196787149e-01, -2.242959595378644e-01, -1.423236082758998e+01
s329        , -2.140321290954873e+01, -2.139178309418892e+01,  5.882352941176471e-02,  4.593159793051083e-03, -1.340594200973669e+01
s330        , -2.114112529442132e+01, -2.134422422679970e+01,  3.449781659388647e-01, -7.017073580188771e-02, -1.477068798390888e+01
s331        , -1.934637322166436e+01, -1.967199597916957e+01,  2.159090909090909e-01, -3.048437342653618e-01, -1.260203799187894e+01
s332        , -1.962462779654497e+01, -2.017597178757732e+01,  1.293103448275862e-01, -3.704442707835722e-01, -1.321889245996864e+01
s333        , -2.293624249800790e+01, -2.316267782220213e+01,  2.717391304347826e-02, -2.482212901214985e-01, -1.676907225126944e+01
s334        , -1.807355423930957e+01, -1.802959747512798e+01,  4.954954954954955e-02, -4.837671416726728e-01, -1.012914406170979e+01
s335        , -1.850164643907080e+01, -1.865214795053365e+01,  1.250000000000000e-02, -4.851736208157014e-01, -1.089873625022555e+01
s336        , -2.151296308555482e+01, -2.136441057336562e+01,  6.637168141592921e-02, -3.145331107646874e-01, -1.451465769638279e+01
s337        , -1.775953587894473e+01, -1.717252632062890e+01,  0.000000000000000e+00, -1.927707840224444e-01, -7.644766144534271e+00
s338        , -2.118082550420247e+01, -2.148335236508025e+01,  8.936170212765958e-02, -2.386095692408694e-01, -1.451798658198798e+01
s339        , -1.761381998690202e+01, -1.797708123728773e+01,  2.410423452768730e-01, -4.520776405604167e-01, -1.072564904345807e+01
s340        , -1.906967392812366e+01, -1.902836723709682e+01,  0.000000000000000e+00, -4.659963765307367e-01, -1.133418302922437e+01
s341        , -2.371082699534004e+01, -2.355067384801232e+01,  1.574074074074074e-01, -2.659713931010030e-01, -1.793623565918465e+01
s342        , -1.901967676945428e+01, -1.954245601369468e+01,  0.000000000000000e+00, -4.438130852582106e-01, -1.201330044736515e+01
s343        , -1.943128604912865e+01, -1.891987807425767e+01,  0.000000000000000e+00, -3.875318655443336e-01, -1.089956125297593e+01
s344        , -2.171448714042025e+01, -2.208423856339183e+01,  1.775362318840580e-01, -3.038841710496251e-01, -1.599268887887412e+01
s345        , -1.896311499883081e+01, -1.886074367647727e+01,  0.000000000000000e+00, -4.323573650413620e-01, -1.096955266210947e+01
s346        , -2.211462969107367e+01, -2.201989964982662e+01,  4.739336492890996e-02, -1.487274545917818e-01, -1.482097083727662e+01
s347        , -1.640817037109120e+01, -1.673889845460095e+01,  8.450704225352113e-02, -4.833560810085033e-01, -8.370821443951060e+00
s348        , -2.058778590237884e+01, -2.067745993652111e+01,  5.263157894736842e-02, -3.348600883427881e-01, -1.351823593313199e+01
s349        , -1.918353701640313e+01, -1.942471651937267e+01,  0.000000000000000e+00, -4.077056898095192e-01, -1.171346092457858e+01
s350        , -2.047073332015930e+01, -2.073760191413677e+01,  9.691629955947137e-02, -4.116123498346009e-01, -1.405718600701222e+01
s351        , -2.167714580870165e+01, -2.180099860373268e+01,  1.270718232044199e-01, -2.761813216371864e-01, -1.527181508192180e+01
s352        , -2.086238589025425e+01, -2.057593619835487e+01,  3.431372549019608e-02, -4.853015202478814e-01, -1.382077654534956e+01
s353        , -1.920058764071421e+01, -1.951801441663455e+01,  6.049822064056939e-02, -5.684070750765412e-01, -1.266179538365141e+01
s354        , -2.053223705409261e+01, -2.085424741773274e+01,  2.538071065989848e-02, -1.410507362464537e-01, -1.298778993198665e+01
s355        , -1.704257081119439e+01, -1.711025771871159e+01,  3.057851239669421e-01, -4.516920800296389e-01, -9.713519068886001e+00
s356        , -2.127143545968418e+01, -2.138710973263920e+01,  8.461538461538462e-02, -2.006149827037985e-01, -1.422372963288369e+01
s357        , -1.906625211198675e+01, -1.964465359984842e+01,  7.299270072992700e-02, -3.526384313094048e-01, -1.214348455399815e+01
s358        , -2.032987192881253e+01, -1.978336233152634e+01,  1.333333333333333e-01, -4.226028803668964e-01, -1.284012469933784e+01
s359        , -2.136102912880764e+01, -2.146254498137689e+01,  0.000000000000000e+00, -3.538129317833753e-01, -1.452472112017349e+01
s360        , -1.881386071055488e+01, -1.844145898265915e+01,  0.000000000000000e+00, -4.233204792045533e-01, -1.032062349860762e+01
s361        , -2.182643688719446e+01, -2.151600617565194e+01,  3.493449781659388e-02, -9.369368045068049e-02, -1.383526512938604e+01
s362        , -2.091897008712596e+01, -2.076948478813807e+01,  1.761658031088083e-01, -4.243996816650821e-01, -1.447373382349739e+01
s363        , -1.798497754334610e+01, -1.817225604952156e+01,  2.244897959183673e-01, -5.603070286229704e-01, -1.132433008846481e+01
s364        , -1.789393844733154e+01, -1.776023829759936e+01,  7.169811320754717e-02, -4.164501252065544e-01, -9.587523716005453e+00
s365        , -2.184332997178521e+01, -2.146672026224594e+01,  2.466216216216216e-01, -4.537621643941558e-03, -1.431795616052980e+01
s366        , -2.293131491804218e+01, -2.300706097333162e+01,  4.741379310344827e-02, -1.383512641102262e-01, -1.623799284090857e+01
s367        , -2.320311495695380e+01, -2.290025029220751e+01,  0.000000000000000e+00, -1.098704835000970e-01, -1.578663457554227e+01
s368        , -1.944159222026194e+01, -1.986271716169405e+01,  2.166064981949458e-02, -5.391066336440153e-01, -1.290743040049306e+01
s369        , -2.221834550731525e+01, -2.230618731579986e+01,  2.216981132075472e-01, -1.542316945449326e-01, -1.597612459213396e+01
s370        , -1.739352775780219e+01, -1.768804325967178e+01,  1.980198019801980e-01, -4.570657993738687e-01, -1.014127516430619e+01
s371        , -2.131349702655302e+01, -2.081190703322950e+01,  0.000000000000000e+00, -4.253212494427845e-01, -1.381738997911384e+01
s372        , -2.230067528571091e+01, -2.185839811198300e+01,  6.122448979591837e-02, -2.903146431770540e-01, -1.513595578142970e+01
s373        , -1.609460498694387e+01, -1.615326754400117e+01,  1.644736842105263e-02, -4.760023500975060e-01, -7.203948855078225e+00
s374        , -1.846307154319872e+01, -1.911937803296411e+01,  9.836065573770492e-02, -2.796200406009243e-01, -1.121832571866963e+01
s375        , -2.092466765927065e+01, -2.053050600127307e+01,  2.346938775510204e-01, -4.196471603449973e-01, -1.434514113589893e+01
s376        , -2.335896110191541e+01, -2.364972504556764e+01,  1.702127659574468e-01, -2.588984214540905e-01, -1.810976111823310e+01
s377        , -2.209438728501526e+01, -2.237766904806507e+01,  1.515151515151515e-01, -1.202715338971322e-01, -1.567472899606237e+01
s378        , -2.111108779470583e+01, -2.118751137197671e+01,  0.000000000000000e+00, -5.929154418306686e-01, -1.495752763534055e+01
s379        , -1.875225846070942e+01, -1.842089008981087e+01,  0.000000000000000e+00, -3.982548369113501e-01, -1.020252324075321e+01
s380        , -1.834869608623442e+01, -1.861314573334962e+01,  0.000000000000000e+00, -4.867357565292836e-01, -1.079555847924158e+01
s381        , -2.068155326614140e+01, -2.009979132162984e+01,  5.319148936170213e-02, -4.591553198405569e-01, -1.310556645735255e+01
s382        , -1.804666933121612e+01, -1.826406557404030e+01,  0.000000000000000e+00, -4.553358220404080e-01, -1.017163373666381e+01
s383        , -2.062194236740874e+01, -2.087611701163819e+01,  2.134831460674157e-01, -2.688702502619412e-01, -1.423875836728506e+01
s384        , -1.800916137079852e+01, -1.863835370565312e+01,  0.000000000000000e+00, -5.679240233768619e-01, -1.111711711342027e+01
s385        , -2.216424509641620e+01, -2.210277093634433e+01,  2.043010752688172e-01, -1.983382951631443e-01, -1.575988357148450e+01
s386        , -2.182057698940036e+01, -2.164124675339045e+01,  1.134020618556701e-01, -3.283245340591721e-01, -1.516328985953657e+01
s387        , -1.799817167842237e+01, -1.798079166465652e+01,  0.000000000000000e+00, -4.199541044880705e-01, -9.630638084821253e+00
s388        , -2.351217009702901e+01, -2.355581152863534e+01,  1.785714285714286e-01, -3.063756143768592e-01, -1.817209980390255e+01
s389        , -2.149803565649794e+01, -2.178064214481205e+01,  1.947565543071161e-01, -2.258790109957377e-01, -1.534301950379019e+01
s390        , -2.025125341850577e+01, -1.984156996510242e+01,  7.575757575757576e-02, -4.494456643316782e-01, -1.278388498842109e+01
s391        , -1.925641978436478e+01, -1.898380882254495e+01,  1.960784313725490e-02, -5.008608939050612e-01, -1.147109818430276e+01
s392        , -1.954014294555121e+01, -2.026574627801809e+01,  1.272727272727273e-01, -3.500252817518231e-01, -1.327116745142553e+01
s393        , -2.007195889273447e+01, -1.997624460359282e+01,  1.217391304347826e-01, -4.408472273344025e-01, -1.314048514117706e+01
s394        , -1.933645012315517e+01, -1.934203128561767e+01,  0.000000000000000e+00, -4.686697816768958e-01, -1.180532342315761e+01
s395        , -2.191328817199827e+01, -2.118849998955129e+01,  4.464285714285714e-02, -1.825193519828516e-02, -1.312858879190130e+01
s396        , -1.985518647713905e+01, -1.984408965055735e+01,  0.000000000000000e+00, -1.162720916534243e-02, -1.094317592118582e+01
s397        , -1.859895904181181e+01, -1.888012159385868e+01,  0.000000000000000e+00, -4.814849345026023e-01, -1.117020188315401e+01
s398        , -2.089338265909714e+01, -2.086442966433027e+01,  1.243243243243243e-01, -3.234718397349404e-01, -1.404742917124536e+01
s399        , -1.650074457052408e+01, -1.613723328578894e+01,  2.518796992481203e-01, -4.776111047532847e-01, -8.150913525392635e+00
s400        , -1.659170957499870e+01, -1.639980120885977e+01,  1.921824104234528e-01, -4.989942173488031e-01, -8.367708081344110e+00
s401        , -1.654426837808786e+01, -1.639605751695862e+01,  2.851985559566787e-01, -4.546654900903299e-01, -8.588120837440197e+00
s402        , -1.877939202276407e+01, -1.889649996962410e+01,  0.000000000000000e+00, -4.507038517286821e-01, -1.108647076429897e+01
s403        , -2.106694758002669e+01, -2.092083710524327e+01,  4.301075268817205e-02, -3.214516906443962e-01, -1.379012544301589e+01
s404        , -2.165676773412189e+01, -2.183424101526308e+01,  1.094339622641509e-01, -3.273611021662780e-01, -1.542777569504791e+01
s405        , -2.212611753855641e+01, -2.198505541344850e+01,  1.583710407239819e-01, -1.608225244711419e-01, -1.526689795786683e+01
s406        , -1.885653015374473e+01, -1.850820241494540e+01,  2.392344497607655e-01, -4.355399411962053e-01, -1.144221131741362e+01
s407        , -1.790225292709843e+01, -1.749357437143096e+01,  6.713780918727916e-02, -4.184167850555168e-01, -9.183142608215393e+00
s408        , -1.653237145459570e+01, -1.660838097136971e+01,  1.503759398496241e-01, -4.902832690336510e-01, -8.472912040828362e+00
s409        , -1.984138826084547e+01, -2.015606326056910e+01,  5.577689243027888e-02, -4.120229422879031e-01, -1.303387511321833e+01
s410        , -1.632163885458830e+01, -1.648423313107410e+01,  2.967479674796748e-01, -4.663677633397244e-01, -8.806267885978315e+00
s411        , -1.826950002229553e+01, -1.843295252357566e+01,  0.000000000000000e+00, -4.962086851521904e-01, -1.056346825999761e+01
s412        , -2.254085603631221e+01, -2.214827599491944e+01,  1.186440677966102e-01, -4.947445545596005e-01, -1.651428122337260e+01
s413        , -1.907038707751166e+01, -1.959724327715810e+01,  0.000000000000000e+00, -4.741933700813598e-01, -1.220039689336139e+01
s414        , -1.996831080241482e+01, -1.990446236756215e+01,  0.000000000000000e+00, -5.177110970358517e-01, -1.280514943385289e+01
s415        , -2.069762370804266e+01, -2.042259115355395e+01,  0.000000000000000e+00, -3.845389607969329e-01, -1.310135889373318e+01
s416        , -1.735494379178349e+01, -1.750231856111712e+01,  1.920289855072464e-01, -4.813484951957020e-01, -9.928374646961412e+00
s417        , -1.714858900796163e+01, -1.695051223497233e+01,  0.000000000000000e+00, -4.594760529792195e-01, -8.252335434405328e+00
s418        , -2.014294405560549e+01, -1.968790332714720e+01,  1.287128712871287e-01, -4.599603179608829e-01, -1.281153726274975e+01
s419        , -1.771416578387462e+01, -1.783449885375668e+01,  0.000000000000000e+00, -5.018813610408934e-01, -9.702303584096528e+00
s420        , -2.335906844703241e+01, -2.339678686464323e+01,  0.000000000000000e+00, -3.015394138634624e-01, -1.718915499360725e+01
s421        , -2.045819521600993e+01, -2.063696402417152e+01,  0.000000000000000e+00, -9.789425555225906e-02, -1.241268133052922e+01
s422        , -1.913624718404630e+01, -1.924964062911142e+01,  0.000000000000000e+00, -4.495371450849112e-01, -1.160227429600118e+01
s423        , -2.001718266940652e+01, -1.983170468055518e+01,  2.394957983193277e-01, -4.408965057174473e-01, -1.341050006576159e+01
s424        , -2.199980092896302e+01, -2.194193316895244e+01,  0.000000000000000e+00, -7.177831350150232e-02, -1.424234890931734e+01
s425        , -1.799669141475633e+01, -1.839931274335835e+01,  1.315789473684210e-01, -4.437235781522238e-01, -1.086934388102462e+01
s426        , -2.179879403652462e+01, -2.146935991443496e+01,  1.025641025641026e-02, -2.894837118658636e-01, -1.435140951859238e+01
s427        , -1.855895626610580e+01, -1.869017394438973e+01,  1.839080459770115e-01, -5.199387767752528e-01, -1.177904589197112e+01
s428        , -2.201089453299450e+01, -2.204272002427800e+01,  1.921182266009852e-01, -3.102506532472535e-01, -1.601363610775502e+01
s429        , -2.010895188317044e+01, -2.031455781195206e+01,  1.643835616438356e-01, -2.415331024336334e-01, -1.311502004709090e+01
s430        , -2.197039083997888e+01, -2.199159593790365e+01,  0.000000000000000e+00,  3.372204049272187e-03, -1.405216803768344e+01
s431        , -2.053790779896415e+01, -2.016546388541372e+01,  7.462686567164178e-02, -4.432125386682310e-01, -1.323424691265372e+01
s432        , -2.056150222449639e+01, -2.015323028475510e+01,  1.056603773584906e-01, -1.261156628299788e-01, -1.223246278701240e+01
s433        , -1.961788415450921e+01, -1.972342732550977e+01,  1.717171717171717e-01, -2.770924164769454e-01, -1.239940326922594e+01
s434        , -2.169585176655818e+01, -2.162841301596326e+01,  2.553191489361702e-02, -2.583296994166385e-01, -1.453902412221753e+01
s435        , -1.969212203292086e+01, -1.937926711844512e+01,  1.121495327102804e-01, -5.026323794405295e-01, -1.243878334159277e+01
s436        , -1.841763911968392e+01, -1.830078009273557e+01,  0.000000000000000e+00, -4.455558341057411e-01, -1.019141985337003e+01
s437        , -2.085473352476042e+01, -1.993268347719781e+01,  2.138888888888889e-01, -2.257226185524321e-01, -1.270033508279769e+01
s438        , -2.075193174001312e+01, -2.119790445503209e+01,  2.293577981651376e-02, -3.501052488872586e-01, -1.421613285349001e+01
s439        , -1.747889033992054e+01, -1.749408195195688e+01,  0.000000000000000e+00, -4.448355114494498e-01, -9.001280928124610e+00
s440        , -2.292628299240021e+01, -2.290225542733702e+01,  1.867219917012448e-01, -2.318250937011093e-01, -1.698215284477210e+01
s441        , -1.928590410708185e+01, -1.898958816792037e+01,  0.000000000000000e+00, -5.019668829644790e-01, -1.140311744369999e+01
s442        , -2.265396374356312e+01, -2.238710144245155e+01,  3.825136612021858e-02, -3.667322809430952e-01, -1.608788576104635e+01
s443        , -1.939450551490213e+01, -1.932257167113557e+01,  0.000000000000000e+00, -3.953357486552224e-01, -1.151974522812782e+01
s444        , -2.014197468633274e+01, -2.054153931267254e+01,  4.000000000000000e-02, -2.951396441647279e-01, -1.312720046296369e+01
s445        , -2.136890748153691e+01, -2.112374193663343e+01,  1.428571428571428e-01, -4.030012260318674e-01, -1.478378039296386e+01
s446        , -1.984877428373165e+01, -1.972041056282437e+01,  1.338912133891213e-01, -4.684799724780656e-01, -1.291046702146600e+01
s447        , -2.124129540469972e+01, -2.169301860617984e+01,  0.000000000000000e+00, -5.259360702815929e-02, -1.380868397684773e+01
s448        , -1.996883442559681e+01, -2.018994848090409e+01,  1.048034934497817e-01, -3.666638326666031e-01, -1.312578103991410e+01
s449        , -2.213132573342666e+01, -2.258451868481862e+01,  5.645161290322580e-02, -1.250526591750853e-01, -1.560637875640428e+01
s450        , -2.393776981346641e+01, -2.307875509579649e+01,  0.000000000000000e+00, -1.615053191089840e-01, -1.623033360791097e+01
s451        , -1.778758837631850e+01, -1.806445746349614e+01,  0.000000000000000e+00, -4.546364936913749e-01, -9.875321967616436e+00
s452        , -2.093231028730361e+01, -2.110099599197628e+01,  0.000000000000000e+00, -4.243260459048416e-01, -1.423949792572399e+01
s453        , -1.913112365245808e+01, -1.933563727593117e+01,  2.800000000000000e-02, -4.107128040671630e-01, -1.170761440754160e+01
s454        , -1.694745233262931e+01, -1.714907201354793e+01,  2.116040955631399e-01, -4.582460105113153e-01, -9.407616544818756e+00
s455        , -1.959305905778561e+01, -1.953736023625140e+01,  1.785714285714286e-02, -4.446279659985563e-01, -1.208184205432636e+01
s456        , -1.690137029519855e+01, -1.723820987214864e+01,  1.155115511551155e-01, -4.751005577796226e-01, -9.204054333568582e+00
s457        , -1.744399185749123e+01, -1.727103179030452e+01,  4.672897196261682e-02, -4.380206656041937e-01, -8.840553435015973e+00
s458        , -2.020627098912283e+01, -2.019529805382770e+01,  1.221719457013575e-01, -2.441880134710903e-01, -1.277574141990223e+01
s459        , -1.884232545378780e+01, -1.977673646234514e+01,  0.000000000000000e+00, -2.341099813176356e-01, -1.162349988534689e+01
s460        , -2.233016805188693e+01, -2.256735470403223e+01,  0.000000000000000e+00, -3.178818179230057e-01, -1.602532742510132e+01
s461        , -1.623645396367353e+01, -1.615625599839224e+01,  2.715517241379310e-01, -4.270130547326815e-01, -8.082272525234529e+00
s462        , -2.313545884021418e+01, -2.284642450330661e+01,  0.000000000000000e+00, -1.953392966471668e-01, -1.600683740518675e+01
s463        , -2.090493117250811e+01, -2.084173056604889e+01,  0.000000000000000e+00, -3.981986171212253e-01, -1.376627031028325e+01
s464        , -1.633431188033305e+01, -1.688282485004642e+01,  0.000000000000000e+00, -5.048409014653407e-01, -8.311624836396657e+00
s465        , -1.999082968954132e+01, -2.002001628057221e+01,  1.173469387755102e-01, -4.732967154782968e-01, -1.330061242263574e+01
s466        , -1.900684695054017e+01, -1.852755333716377e+01,  0.000000000000000e+00, -3.673145375804300e-01, -1.025115104014038e+01
s467        , -1.783078222536251e+01, -1.812598266542324e+01,  0.000000000000000e+00, -4.664183631238007e-01, -1.000717736902724e+01
s468        , -1.945030486126850e+01, -1.889686738020063e+01,  0.000000000000000e+00, -3.665279876770607e-01, -1.079209681187535e+01
s469        , -2.270314762369042e+01, -2.266156590530597e+01,  0.000000000000000e+00, -2.630866940398484e-01, -1.597204669814128e+01
s470        , -2.119907484802825e+01, -2.135839942743753e+01,  1.189427312775330e-01, -2.473916090501790e-01, -1.448603978861295e+01
s471        , -1.972012875359749e+01, -1.952335156576450e+01,  5.000000000000000e-02, -4.976631999454882e-01, -1.237876996952708e+01
s472        , -1.766462305551830e+01, -1.796613925630244e+01,  0.000000000000000e+00, -4.749488426006153e-01, -9.801744057452892e+00
s473        , -2.127822401317911e+01, -2.129083742456617e+01,  1.875000000000000e-01, -2.952686139157237e-01, -1.483530142280057e+01
s474        , -1.654177405306909e+01, -1.686282053679227e+01,  7.913669064748202e-02, -4.604571080765587e-01, -8.451020098745273e+00
s475        , -2.297159509003216e+01, -2.299078186270518e+01,  2.112676056338028e-01, -2.937679311041633e-01, -1.743010273031587e+01
s476        , -2.252587602064435e+01, -2.266884764009366e+01,  0.000000000000000e+00, -7.358551548727732e-02, -1.531883882919322e+01
s477        , -2.178946083596680e+01, -2.171192250492020e+01,  6.020066889632107e-02, -8.987952333957305e-02, -1.421388358525009e+01
s478        , -1.788602657411998e+01, -1.838558854407190e+01,  0.000000000000000e+00, -2.730213018111988e-01, -9.711789857077138e+00
s479        , -1.952938513246325e+01, -1.931493220162210e+01,  0.000000000000000e+00, -4.185897448305386e-01, -1.158997013303415e+01
s480        , -2.203955610850313e+01, -2.195229925621781e+01,  0.000000000000000e+00, -2.262892492769189e-01, -1.479894750146877e+01
s481        , -1.615402914764109e+01, -1.670336856335495e+01,  2.231638418079096e-01, -5.637040256756332e-01, -9.168311499912939e+00
s482        , -2.215324565636576e+01, -2.232811797479950e+01,  0.000000000000000e+00, -1.063923548055459e-01, -1.493215965035249e+01
s483        , -2.217560840271064e+01, -2.212763787237557e+01,  0.000000000000000e+00, -3.009821934504353e-01, -1.531877066942941e+01
s484        , -2.403070638423247e+01, -2.426550843962167e+01,  0.000000000000000e+00, -2.655339004244038e-01, -1.834193335260295e+01
s485        , -1.896886917982663e+01, -1.953527614761020e+01,  0.000000000000000e+00, -5.361537597601371e-01, -1.232625102196009e+01
s486        , -2.293847835350512e+01, -2.310013749770317e+01,  2.764976958525346e-02, -3.575006098173253e-01, -1.706181737364683e+01
s487        , -1.935879902533930e+01, -2.024429933485954e+01,  0.000000000000000e+00, -1.382295664071825e-01, -1.197592020214745e+01
s488        , -2.071941340396909e+01, -2.039936473832329e+01,  0.000000000000000e+00, -4.446964018862039e-01, -1.327793009362363e+01
s489        , -2.120929532988995e+01, -2.109870650039755e+01,  2.336448598130841e-02, -4.321207902527678e-01, -1.435919745266240e+01
s490        , -2.336106814107168e+01, -2.306677105799219e+01,  0.000000000000000e+00, -3.445000472600191e-01, -1.685382306678649e+01
s491        , -1.878377211600346e+01, -1.878086200280872e+01,  0.000000000000000e+00, -4.337956289652574e-01, -1.085699047150227e+01
s492        , -2.196689093989351e+01, -2.243053571788317e+01,  7.003891050583658e-02, -1.745155037383641e-01, -1.560867034974992e+01
s493        , -2.118321097196467e+01, -2.055506525944984e+01,  2.127659574468085e-01, -4.308159848580129e-02, -1.297210565137827e+01
s494        , -2.014379663919148e+01, -2.056106757460821e+01,  0.000000000000000e+00, -4.111838626708326e-01, -1.339857479584934e+01
s495        , -1.971897958689983e+01, -1.933850790579271e+01,  1.165048543689320e-01, -4.680688579572612e-01, -1.227553324047700e+01
s496        , -2.171934681583978e+01, -2.154996451062747e+01,  0.000000000000000e+00, -3.133296277136595e-01, -1.451158400407956e+01
s497        , -1.930074135275753e+01, -1.936188679970689e+01,  0.000000000000000e+00, -4.108179272103596e-01, -1.163186735850402e+01
s498        , -2.146882601091719e+01, -2.150558246342312e+01,  2.903225806451613e-01, -1.112177518758444e-01, -1.492803968048654e+01
s499        , -1.852368794388046e+01, -1.855046710737855e+01,  3.587443946188341e-02, -4.124311410026523e-01, -1.058998666191966e+01
s500        , -2.050589701281523e+01, -2.083584396459053e+01,  2.185185185185185e-01, -1.374583424408614e-01, -1.373969748267247e+01
s501        , -2.141899489528082e+01, -2.191269871939121e+01,  0.000000000000000e+00, -1.250044391684096e-01, -1.438579087244828e+01
s502        , -1.777920620854658e+01, -1.744629155264681e+01,  2.731481481481481e-01, -4.285797756730119e-01, -9.993485779815233e+00
s503        , -2.264989988763092e+01, -2.259040015744459e+01,  1.243523316062176e-01, -2.239488705919783e-01, -1.623982108565893e+01
s504        , -1.994570445298742e+01, -1.978165063241302e+01,  1.666666666666667e-01, -4.384924782289652e-01, -1.302989355211227e+01
s505        , -2.256898602446125e+01, -2.250811351018286e+01,  0.000000000000000e+00, -2.605978280478899e-01, -1.573741529799121e+01
s506        , -2.050664132584332e+01, -2.024426168570717e+01,  6.334841628959276e-02, -4.135137275433322e-01, -1.319997560793842e+01
s507        , -2.255451727781655e+01, -2.225561880723578e+01,  1.365187713310580e-01, -2.067710104268150e-02, -1.508464925096083e+01
s508        , -2.063695726234980e+01, -2.030494928291440e+01,  1.428571428571428e-01, -5.309256707330565e-01, -1.402655015588130e+01
s509        , -2.049565878814769e+01, -2.081781737182081e+01,  0.000000000000000e+00, -2.920012581935938e-01, -1.335899708508347e+01
s510        , -1.886667658587990e+01, -1.955113766565446e+01,  0.000000000000000e+00, -2.059809608968908e-01, -1.119282335238812e+01
s511        , -2.270091090950000e+01, -2.287870845947779e+01,  2.394366197183098e-01, -8.684125739822313e-02, -1.665558231257261e+01
s512        , -2.052865138648571e+01, -2.089062713686066e+01,  2.755905511811024e-02, -3.721192586038230e-01, -1.385983747522486e+01
s513        , -1.872228566034903e+01, -1.849439909580037e+01,  1.374407582938389e-01, -4.928630911215450e-01, -1.120551735468134e+01
s514        , -2.338235400416073e+01, -2.342299696282833e+01,  0.000000000000000e+00, -2.684631952864441e-01, -1.711185692943419e+01
s515        , -2.063189590001077e+01, -2.106999907367364e+01,  0.000000000000000e+00, -4.341764645070202e-01, -1.422837597721783e+01
s516        , -2.353360034901451e+01, -2.349720152544863e+01,  7.692307692307693e-02, -1.469052961189886e-01, -1.711048939416150e+01
s517        , -2.274108402549141e+01, -2.255622082740631e+01,  3.846153846153846e-02, -2.911663997249819e-01, -1.607297421966408e+01
s518        , -2.095244706423326e+01, -2.147257122078655e+01,  0.000000000000000e+00, -4.476397499486861e-01, -1.486820918775837e+01
s519        , -2.165153402286209e+01, -2.164106331854173e+01,  0.000000000000000e+00,  1.230931552702352e-02, -1.350480475163108e+01
s520        , -1.917430642162448e+01, -1.962098824937345e+01,  2.857142857142857e-01, -2.059268099262772e-01, -1.246648466189896e+01
s521        , -2.048146586988528e+01, -1.972805342778447e+01,  0.000000000000000e+00, -3.554411968350492e-01, -1.197691977534436e+01
s522        , -1.837039701152461e+01, -1.842982768355402e+01,  1.450980392156863e-01, -5.595175488014279e-01, -1.137536724179930e+01
s523        , -2.237538522976599e+01, -2.235486433930742e+01,  4.040404040404041e-02, -2.775028025115647e-01, -1.573662892320427e+01
s524        , -2.219430447580721e+01, -2.214594434032227e+01,  0.000000000000000e+00, -5.264811016888860e-02, -1.447566895877643e+01
s525        , -2.096151325596525e+01, -2.074390544842106e+01,  4.444444444444445e-02, -3.976424444792827e-01, -1.380246256750278e+01
s526        , -2.193172581512368e+01, -2.184862898674517e+01,  0.000000000000000e+00, -2.804462744473539e-01, -1.483606704130508e+01
s527        , -2.063376120076111e+01, -2.096842606416529e+01,  0.000000000000000e+00, -1.357366271533340e-01, -1.303324024288354e+01
s528        , -1.776721144005281e+01, -1.780868724150027e+01,  0.000000000000000e+00, -4.228414357797666e-01, -9.387383110502142e+00
s529        , -2.226349149791107e+01, -2.248264165901172e+01,  1.413043478260869e-01, -2.063012263906257e-01, -1.608882916229662e+01
s530        , -2.300566448791293e+01, -2.260483043799528e+01,  1.050228310502283e-01, -4.033786308226138e-01, -1.681048430847200e+01
s531        , -1.846679125419261e+01, -1.827578168846658e+01,  0.000000000000000e+00, -3.945901945782659e-01, -9.976056410351978e+00
s532        , -1.859817726729017e+01, -1.888685657359247e+01,  2.379182156133829e-01, -4.456612920650703e-01, -1.202972931523861e+01
s533        , -2.134099683522431e+01, -2.181342161529995e+01,  2.500000000000000e-01, -1.891450740114404e-01, -1.548899644730431e+01
s534        , -2.286936511308830e+01, -2.306714850022648e+01,  0.000000000000000e+00, -3.268587043953106e-01, -1.679257130230263e+01
s535        , -1.777040539985326e+01, -1.775558710609326e+01,  2.798353909465021e-01, -4.589947320530831e-01, -1.058279705840034e+01
s536        , -1.995222678224889e+01, -2.020459998345896e+01,  4.910714285714286e-02, -3.451133911778755e-01, -1.284357279469607e+01
s537        , -2.015268820600640e+01, -2.077733698190887e+01,  2.542372881355932e-01, -1.520635298741957e-01, -1.385112957798346e+01
s538        , -1.740140208992538e+01, -1.753289571518726e+01,  2.401746724890830e-01, -4.583039721935007e-01, -1.008998038534705e+01
s539        , -1.924950405987826e+01, -1.960603575915179e+01,  2.242647058823529e-01, -4.023753357901798e-01, -1.288088525289233e+01
s540        , -2.157643164881004e+01, -2.168712397049885e+01,  1.048387096774194e-01, -8.259427914834583e-03, -1.407436653131434e+01
s541        , -1.586673793577160e+01, -1.612932520912439e+01,  1.202749140893471e-01, -4.927250154013028e-01, -7.652833470429099e+00
s542        , -2.009907109345192e+01, -2.017153441453141e+01,  0.000000000000000e+00, -4.780356083339941e-01, -1.305932569608593e+01
s543        , -1.879069098033760e+01, -1.874150471478096e+01,  0.000000000000000e+00, -4.853033702906601e-01, -1.097950920849584e+01
s544        , -2.248614661420541e+01, -2.208369893196096e+01,  1.341463414634146e-01, -2.786036493799016e-02, -1.484699345793611e+01
s545        , -1.987972862262733e+01, -2.015304917244665e+01,  1.863117870722434e-01, -1.646074667984338e-01, -1.269760908741664e+01
s546        , -2.126472237694319e+01, -2.057962377722755e+01,  6.043956043956044e-02, -4.386275136123554e-01, -1.376975871246373e+01
s547        , -1.738356621674509e+01, -1.744202509303906e+01,  3.137254901960784e-02, -4.233596882077463e-01, -8.977983757565351e+00
s548        , -1.943625792183643e+01, -1.995857942840510e+01,  1.235955056179775e-01, -2.610474163207843e-01, -1.249214836137275e+01
s549        , -2.233202963006129e+01, -2.271638833784879e+01,  0.000000000000000e+00, -2.206819664334470e-01, -1.590418855444523e+01
s550        , -2.412763530103872e+01, -2.408015631800858e+01,  3.684210526315789e-02, -2.154071052277713e-01, -1.804443687667777e+01
s551        , -1.731823103856605e+01, -1.752113272055490e+01,  0.000000000000000e+00, -4.758160381514450e-01, -9.149646885734420e+00
s552        , -2.060923402045430e+01, -2.088382303580369e+01,  2.307692307692308e-01, -2.647232921338283e-01, -1.430642209798007e+01
s553        , -1.992869680942914e+01, -2.001275357809896e+01,  0.000000000000000e+00, -3.835497609824670e-01, -1.249453322880064e+01
s554        , -1.812921854031919e+01, -1.805331603813061e+01,  0.000000000000000e+00, -4.577335297373394e-01, -9.869770280011855e+00
s555        , -2.102602816640752e+01, -2.063076741422594e+01,  2.380952380952381e-02, -6.978764534514514e-02, -1.240267043519802e+01
s556        , -1.941820686683750e+01, -1.967558355072028e+01,  0.000000000000000e+00, -2.387327882899860e-01, -1.149077955515457e+01
s557        , -2.190718211184164e+01, -2.180253710337620e+01,  0.000000000000000e+00, -2.262956292635812e-01, -1.457849108358154e+01
s558        , -1.909304407213536e+01, -1.895439679680838e+01,  0.000000000000000e+00, -4.103300605552777e-01, -1.103025422188984e+01
s559        , -2.023025085829861e+01, -1.995193219544102e+01,  1.042654028436019e-01, -5.243444840338707e-01, -1.332561275771171e+01
s560        , -2.107002513254548e+01, -2.124472221114518e+01,  6.611570247933884e-02, -4.316374897502018e-01, -1.474768594698112e+01
s561        , -2.121559386756793e+01, -2.087368977687797e+01,  2.334801762114538e-01, -4.144664809596588e-02, -1.352035274177135e+01
s562        , -1.764234380631898e+01, -1.790760982255388e+01,  1.321428571428571e-01, -4.690141431542804e-01, -1.023638048591062e+01
s563        , -1.646928563220792e+01, -1.702044370886849e+01,  1.762820512820513e-01, -6.144921926551987e-01, -9.620898557791543e+00
s564        , -1.863449571719480e+01, -1.857678682479115e+01,  0.000000000000000e+00, -4.027899329589348e-01, -1.044792226210500e+01
s565        , -2.028655126138008e+01, -2.018679454553526e+01,  4.390243902439024e-02, -4.780820566242288e-01, -1.326189112147222e+01
s566        , -1.821002786093300e+01, -1.830230701220689e+01,  0.000000000000000e+00, -4.877850441444059e-01, -1.034162017454735e+01
s567        , -2.066943738863287e+01, -2.065009641484579e+01,  1.774193548387097e-01, -3.832417807242136e-01, -1.415890986272305e+01
s568        , -2.062629415098700e+01, -2.056797100887697e+01,  0.000000000000000e+00, -4.716099839261124e-01, -1.362044428072865e+01
s569        , -2.065075063553067e+01, -2.113917890667212e+01,  9.411764705882353e-02, -2.834058565821095e-01, -1.418773570944786e+01
s570        , -2.031634942577389e+01, -1.997818600987021e+01,  2.572815533980582e-01, -4.198385344294662e-01, -1.362526705678047e+01
s571        , -2.047206271335130e+01, -2.057771976839322e+01,  0.000000000000000e+00, -4.181272206064893e-01, -1.344741647966524e+01
s572        , -2.393038589894997e+01, -2.349749967228115e+01,  1.028037383177570e-01, -3.919654770743699e-01, -1.807558386156452e+01
s573        , -1.926109501090367e+01, -1.930631092340613e+01,  0.000000000000000e+00, -4.182575173017395e-01, -1.157611397114734e+01
s574        , -2.085894290369713e+01, -2.050106900189989e+01,  1.040723981900453e-01, -6.090369526902807e-01, -1.442998180093921e+01
s575        , -2.021973442813006e+01, -2.050953993767346e+01,  3.212669683257919e-01, -2.519662032012981e-01, -1.408162054261795e+01
s576        , -1.844714179521902e+01, -1.836296459199518e+01,  4.784688995215311e-02, -4.540521617497805e-01, -1.050883819721730e+01
s577        , -1.949977509463960e+01, -1.960296333171914e+01,  0.000000000000000e+00, -3.264249553843336e-01, -1.169110300420826e+01
s578        , -2.108198153892643e+01, -2.125370603164247e+01,  0.000000000000000e+00, -2.922915541479854e-01, -1.400172632134378e+01
s579        , -2.029210259566103e+01, -2.035056618775316e+01,  0.000000000000000e+00, -5.001463196609079e-01, -1.340036110727554e+01
s580        , -2.195204710511243e+01, -2.190148323158285e+01,  3.070866141732284e-01, -2.483724801495950e-01, -1.606011964676495e+01
s581        , -2.000078291173359e+01, -1.991913830939991e+01,  1.398963730569948e-01, -4.761052993849172e-01, -1.325436086334747e+01
s582        , -2.354247422413414e+01, -2.329346936910833e+01,  9.174311926605505e-02, -8.794869539360017e-02, -1.666473947082453e+01
s583        , -1.881717670098672e+01, -1.907622505974685e+01,  1.797752808988764e-01, -4.438341867051895e-01, -1.206381250125439e+01
s584        , -2.079214981383572e+01, -2.040146862255221e+01,  5.617977528089887e-02, -4.283896330474876e-01, -1.345415198962092e+01
s585        , -2.214462266832296e+01, -2.220445271195019e+01,  7.936507936507936e-02, -2.268133610485779e-01, -1.549728490993806e+01
s586        , -1.671124709479596e+01, -1.669138966356475e+01,  1.744680851063830e-01, -4.821723134132633e-01, -8.665442789900343e+00
s587        , -1.722924462132460e+01, -1.695533265924131e+01,  0.000000000000000e+00, -4.396886694547135e-01, -8.190105822721790e+00
s588        , -2.306180681354529e+01, -2.312234134367401e+01,  0.000000000000000e+00, -4.998357641429541e-02, -1.590377830214630e+01
s589        , -2.054966159202169e+01, -2.080596289438117e+01,  1.649484536082474e-01, -3.154100038654870e-01, -1.409961019953028e+01
s590        , -2.302597507766974e+01, -2.354311302541876e+01,  0.000000000000000e+00, -1.835506440803173e-01, -1.699119506154990e+01
s591        , -2.031576031139625e+01, -2.036686468698706e+01,  1.330472103004292e-01, -4.312038575283303e-01, -1.372811400683775e+01
s592        , -1.675983730084032e+01, -1.639842690250081e+01,  0.000000000000000e+00, -4.140824864744721e-01, -7.280520454408126e+00
s593        , -1.833051427645905e+01, -1.943202799191958e+01,  0.000000000000000e+00, -1.293301341387995e-01, -1.074892048016091e+01
s594        , -1.700453572465554e+01, -1.703596985966033e+01,  1.184210526315789e-01, -4.862330701311671e-01, -8.957246183522527e+00
s595        , -2.121342929627275e+01, -2.085435153834393e+01,  2.617801047120419e-02, -1.865492397594100e-01, -1.315061755366238e+01
s596        , -1.895402289388661e+01, -1.909878071645142e+01,  0.000000000000000e+00, -2.661866707652306e-01, -1.073780076106472e+01
s597        , -2.389559541191659e+01, -2.375261676426086e+01,  2.115384615384615e-01, -7.617065753613894e-02, -1.779041651587723e+01
s598        , -1.923753651242740e+01, -1.975713561878457e+01,  0.000000000000000e+00, -2.406177441674107e-01, -1.161744397504591e+01
s599        , -2.358158831573873e+01, -2.328480582371675e+01,  2.512562814070352e-02, -2.825049392109920e-01, -1.706058788437097e+01
s600        , -1.942143232536245e+01, -1.982986943563766e+01,  1.311475409836066e-02, -1.906015320644158e-01, -1.160303920422795e+01
s601        , -2.073803555561576e+01, -2.028746989489036e+01,  9.000000000000000e-02, -3.956790678523175e-01, -1.331033484427123e+01
s602        , -1.821856306700227e+01, -1.793440934869735e+01,  0.000000000000000e+00, -3.853345509445635e-01, -9.441062827175715e+00
s603        , -1.722454836479658e+01, -1.693030229346491e+01,  1.712062256809339e-01, -4.767968713800083e-01, -8.984966162558875e+00
s604        , -1.805154515236764e+01, -1.833019007833852e+01,  0.000000000000000e+00, -3.250192576606553e-01, -9.812410380982117e+00
s605        , -2.021935755598555e+01, -1.981364289420082e+01,  0.000000000000000e+00, -4.020189209114968e-01, -1.226611163938813e+01
s606        , -1.827906736534894e+01, -1.833419336065938e+01,  2.391304347826087e-01, -5.425266021116696e-01, -1.156044387554749e+01
s607        , -2.237721630921111e+01, -2.239415702244057e+01,  1.964285714285714e-01, -9.648015918665220e-02, -1.579972846351766e+01
s608        , -2.098562136420296e+01, -2.132154799762711e+01,  1.297071129707113e-01, -2.520777492136185e-01, -1.449232400924542e+01
s609        , -1.946776205882490e+01, -1.955178863188238e+01,  0.000000000000000e+00, -5.039162591197144e-01, -1.223761469516804e+01
s610        , -2.069261977150295e+01, -2.047966148859054e+01,  2.281879194630873e-01, -1.247467705119795e-01, -1.321042311664446e+01
s611        , -2.170289912291919e+01, -2.172198546108327e+01,  1.299638989169675e-01, -4.741776000074149e-02, -1.436585990398373e+01
s612        , -1.930046031145336e+01, -1.901319805510423e+01,  0.000000000000000e+00, -4.530131353324029e-01, -1.126636355565740e+01
s613        , -2.385958137896088e+01, -2.398481129221953e+01,  0.000000000000000e+00, -2.033468062508634e-01, -1.771081705383793e+01
s614        , -1.933674081040147e+01, -1.930859242184331e+01,  0.000000000000000e+00, -5.023937589036334e-01, -1.187424880900913e+01
s615        , -1.973716697922491e+01, -1.971219168351789e+01,  9.375000000000000e-02, -3.949862956250486e-01, -1.247635681347716e+01
s616        , -1.815004309366292e+01, -1.799341894955280e+01,  0.000000000000000e+00, -4.421883845672143e-01, -9.727126928226683e+00
s617        , -1.832352306169715e+01, -1.831139780035298e+01,  0.000000000000000e+00, -3.765630821649519e-01, -9.965331198145247e+00
s618        , -1.700993990522181e+01, -1.728335297116446e+01,  0.000000000000000e+00, -4.845286185114396e-01, -8.830114251942650e+00
s619        , -2.331208521979489e+01, -2.305230478896735e+01,  0.000000000000000e+00, -9.128956308187797e-02, -1.594538882359872e+01
s620        , -2.294394567846179e+01, -2.315059657504365e+01,  1.157894736842105e-01, -2.237926901074394e-01, -1.702889566116455e+01
s621        , -2.117716243218820e+01, -2.098914025773027e+01,  1.782178217821782e-01, -4.485076068918628e-01, -1.488998282492083e+01
s622        , -2.002792552777272e+01, -2.007782404785256e+01,  0.000000000000000e+00, -1.539756137374972e-01, -1.178600363325395e+01
s623        , -1.988853831837967e+01, -1.961058427258546e+01,  0.000000000000000e+00, -4.914988781173688e-01, -1.228066822755448e+01
s624        , -2.364575476956619e+01, -2.332759818033506e+01,  0.000000000000000e+00, -2.118555335483158e-01, -1.677308341235715e+01
s625        , -2.144171537166414e+01, -2.111205800405132e+01,  1.150442477876106e-01, -5.112280398115521e-02, -1.341976078804534e+01
s626        , -2.037069722396305e+01, -2.016221915915386e+01,  1.052631578947368e-01, -4.239057993047143e-01, -1.328739252796768e+01
s627        , -1.998545144661707e+01, -2.016865320764335e+01,  1.801801801801802e-02, -4.777188924549605e-01, -1.312782232258406e+01
s628        , -2.158119065398551e+01, -2.161551074675909e+01,  0.000000000000000e+00, -2.155625075008141e-01, -1.426554812580851e+01
s629        , -1.843917864187274e+01, -1.822359985653236e+01,  0.000000000000000e+00, -4.164699926338374e-01, -9.975891787769552e+00
s630        , -1.962256463480217e+01, -1.990102848842757e+01,  1.481481481481481e-01, -4.136137662980876e-01, -1.304257753577646e+01
s631        , -2.101091990223662e+01, -2.094459681359005e+01,  4.090909090909091e-02, -2.705753095981066e-01, -1.363824227729476e+01
s632        , -2.022844039713042e+01, -1.975421751676449e+01,  3.804347826086957e-02, -4.121105812563779e-01, -1.236990624646843e+01
s633        , -2.473876586737651e+01, -2.491359020549734e+01,  0.000000000000000e+00, -1.823811853532470e-01, -1.900470450224571e+01
s634        , -2.051539403555230e+01, -2.029395041275399e+01,  1.347826086956522e-01, -4.472352253786530e-01, -1.368404956496768e+01
s635        , -2.382235458298951e+01, -2.407691623475865e+01,  0.000000000000000e+00, -1.804368172103403e-01, -1.776614686259646e+01
s636        , -1.910586081968059e+01, -1.953584131527536e+01,  1.000000000000000e-01, -2.658077701411885e-01, -1.178976687507771e+01
s637        , -1.917066616024459e+01, -1.896161036708980e+01,  1.923076923076923e-02, -5.004598538422257e-01, -1.143546725010184e+01
s638        , -2.192001400012589e+01, -2.194274645169632e+01,  0.000000000000000e+00, -1.611234374521311e-01, -1.455657186142229e+01
s639        , -2.010078758798683e+01, -2.009547976773707e+01,  0.000000000000000e+00, -3.766416177867509e-01, -1.259211906726012e+01
s640        , -1.983289623130970e+01, -1.975457479178005e+01,  0.000000000000000e+00, -3.919956266137983e-01, -1.214403482872578e+01
s641        , -2.307886864739055e+01, -2.291042003276432e+01,  8.018867924528301e-02, -2.185819815771888e-01, -1.651114142737440e+01
s642        , -2.260273435105626e+01, -2.294970920295619e+01,  0.000000000000000e+00, -1.533048333725954e-01, -1.601162230640510e+01
s643        , -2.012782689900612e+01, -1.996298051297853e+01,  3.555555555555556e-02, -4.902474607078883e-01, -1.294080566417508e+01
s644        , -1.902512926743999e+01, -1.861756750752588e+01,  0.000000000000000e+00, -3.505035451093336e-01, -1.032477100493682e+01
s645        , -2.049081123370357e+01, -2.040810256220916e+01,  3.571428571428571e-02, -4.152396851005202e-01, -1.333396778687372e+01
s646        , -2.159630341817387e+01, -2.187123257046215e+01,  1.712707182320442e-01, -2.564212874636926e-01, -1.548713451823032e+01
s647        , -2.046804100673445e+01, -2.026495934120530e+01,  0.000000000000000e+00, -4.816550830613928e-01, -1.320954623740918e+01
s648        , -2.112203592795417e+01, -2.088037781522847e+01,  2.788844621513944e-01, -2.917882851409569e-01, -1.459337700988859e+01
s649        , -2.130712394597167e+01, -2.159983505327832e+01,  1.311475409836066e-01, -3.056982248732185e-01, -1.509578224310807e+01
s650        , -1.872664219670308e+01, -1.878046852499943e+01,  0.000000000000000e+00, -4.095137324018158e-01, -1.077133821243864e+01
s651        , -2.286060777226206e+01, -2.294988130078779e+01,  1.100478468899522e-01, -4.010714410632425e-01, -1.733097768810176e+01
s652        , -2.513277458672901e+01, -2.516451297157755e+01,  0.000000000000000e+00, -2.135367433310071e-01, -1.948326644560733e+01
s653        , -2.212366926194319e+01, -2.178502039052483e+01,  2.258064516129032e-01, -7.993285562553065e-02, -1.496539450678005e+01
s654        , -2.219498706816524e+01, -2.258987904236293e+01,  0.000000000000000e+00, -2.060888240416924e-01, -1.566681458299035e+01
s655        , -2.136195741190379e+01, -2.139221459148483e+01,  2.093023255813954e-01, -1.310467196364968e-01, -1.449854573055097e+01
s656        , -2.204727614381470e+01, -2.154819122688967e+01,  1.105990783410138e-01, -3.024024561882661e-01, -1.492398652832938e+01
s657        , -2.036339525797458e+01, -2.015770502074707e+01,  0.000000000000000e+00, -4.387101570356974e-01, -1.290118724148639e+01
s658        , -1.602366185676991e+01, -1.573769846113115e+01,  1.161825726141079e-01, -4.680509092082890e-01, -6.973063547951535e+00
s659        , -1.871169938684588e+01, -1.884765630722080e+01,  1.383399209486166e-01, -4.490103925237416e-01, -1.157562498426230e+01
s660        , -2.183022460938435e+01, -2.125587091706519e+01,  0.000000000000000e+00, -4.226852475508269e-01, -1.446175505411400e+01
s661        , -2.183692812512830e+01, -2.207088532961380e+01,  7.344632768361582e-02, -2.448616398163917e-01, -1.533962275340201e+01
s662        , -1.575332316936146e+01, -1.556613324851816e+01,  6.521739130434782e-02, -4.586800833086712e-01, -6.478771338319177e+00
s663        , -2.161244100467384e+01, -2.152889635480171e+01,  1.394230769230769e-01, -2.696810137157843e-01, -1.489907627396663e+01
s664        , -1.792030659393350e+01, -1.775648890319122e+01,  0.000000000000000e+00, -4.820150273320811e-01, -9.517855080476537e+00
s665        , -2.036353189911458e+01, -2.068312961791908e+01,  0.000000000000000e+00, -2.020565209098653e-01, -1.284558431494235e+01
s666        , -1.896012969757172e+01, -1.865380186666435e+01,  0.000000000000000e+00, -4.099670075405941e-01, -1.058644853859926e+01
s667        , -1.834472710605888e+01, -1.849314985241076e+01,  1.313131313131313e-01, -3.151235185906218e-01, -1.055584323123233e+01
s668        , -2.315183675604283e+01, -2.285068693902935e+01,  3.465346534653466e-02, -1.014387688075377e-01, -1.582615612730838e+01
s669        , -2.168824836514504e+01, -2.115383964292034e+01,  0.000000000000000e+00, -3.956818310620684e-01, -1.421693736065219e+01
s670        , -1.765957516951316e+01, -1.795506585681380e+01,  0.000000000000000e+00, -4.671208971588088e-01, -9.758016232863843e+00
s671        , -1.925271531654228e+01, -1.925959048959199e+01,  3.087557603686636e-01, -3.001386323276171e-01, -1.235895075287171e+01
s672        , -2.010246672918431e+01, -2.052817264235630e+01,  0.000000000000000e+00, -5.219901514662573e-02, -1.209242360348211e+01
s673        , -2.045224673553428e+01, -2.009291401223189e+01,  1.039603960396040e-01, -4.896292948265371e-01, -1.341028848256903e+01
s674        , -1.961862741224291e+01, -1.959193381627698e+01,  0.000000000000000e+00, -4.011473380913217e-01, -1.193665948101708e+01
s675        , -1.819835804307071e+01, -1.821210633622698e+01,  7.727272727272727e-02, -4.415073571992621e-01, -1.036339792348268e+01
s676        , -2.030955144796039e+01, -2.026722052674232e+01,  0.000000000000000e+00, -4.973727180277701e-01, -1.326794275252434e+01
s677        , -1.708028116046972e+01, -1.746933794841780e+01,  0.000000000000000e+00, -4.503435180990617e-01, -8.984150592668831e+00
s678        , -1.996975063415185e+01, -1.948311019501755e+01,  2.398190045248869e-01, -4.116561996971848e-01, -1.279618138829825e+01
s679        , -2.075675552323975e+01, -2.061450586830286e+01,  7.582938388625593e-02, -4.094213652790820e-01, -1.378186263600381e+01
s680        , -1.844365265503332e+01, -1.877318819064174e+01,  0.000000000000000e+00, -4.312891132034532e-01, -1.083691142182260e+01
s681        , -1.908965101407623e+01, -1.953674511919311e+01,  0.000000000000000e+00, -2.396520797622200e-01, -1.128960339816762e+01
s682        , -2.132701003782740e+01, -2.143367525482521e+01,  1.585365853658537e-01, -3.865149426206628e-01, -1.524656454653418e+01
s683        , -2.134055790648813e+01, -2.078826040393370e+01,  1.089494163424125e-01,  2.089076510847332e-02, -1.266578466605796e+01
s684        , -2.228765611405496e+01, -2.195878713591766e+01,  1.256038647342995e-01, -2.543609420767654e-01, -1.542164479178315e+01
s685        , -2.220524684044785e+01, -2.248130859693383e+01,  1.909722222222222e-01, -2.139769630546315e-01, -1.631732583637966e+01
s686        , -2.092862014660340e+01, -2.073832191708182e+01,  8.018867924528301e-02, -4.754498553299885e-01, -1.421334508769845e+01
s687        , -2.266843571203506e+01, -2.258108112766570e+01,  0.000000000000000e+00, -9.668607740137458e-02, -1.527056370895239e+01
s688        , -1.791243182954496e+01, -1.839036872940042e+01,  1.578947368421053e-01, -2.297349043023822e-01, -1.021431214533169e+01
s689        , -2.022924986754604e+01, -1.999426935964742e+01,  1.587301587301587e-01, -4.330293047241627e-01, -1.329124052390688e+01
s690        , -1.926971843911773e+01, -1.921594127490003e+01,  0.000000000000000e+00, -4.790389919094245e-01, -1.165602371948605e+01
s691        , -1.839442212707931e+01, -1.864857287406926e+01,  1.482889733840304e-01, -2.572825222941058e-01, -1.065158325257568e+01
s692        , -1.811967055159425e+01, -1.783893279576337e+01,  1.683168316831683e-01, -4.453107857184496e-01, -1.020048986890619e+01
s693        , -1.897178714286070e+01, -1.908031984085519e+01,  0.000000000000000e+00, -5.048596379009456e-01, -1.154682689265951e+01
s694        , -2.117746495604092e+01, -2.076614875862381e+01,  1.000000000000000e-02, -1.561478705462365e-01, -1.284794658637986e+01
s695        , -2.262578130233349e+01, -2.272588738978535e+01,  6.772908366533864e-02, -3.959889389136509e-01, -1.680996258003602e+01
s696        , -2.110358706695218e+01, -2.092223381932508e+01,  0.000000000000000e+00, -1.009597211338801e-01, -1.284339351337257e+01
s697        , -2.080079623838923e+01, -2.064888190868335e+01,  0.000000000000000e+00, -4.502285636852182e-01, -1.366464972617465e+01
s698        , -2.284382050270110e+01, -2.278958342383056e+01,  1.488372093023256e-01, -3.484469725147730e-01, -1.706959610630488e+01
s699        , -1.710021253686445e+01, -1.718893367391571e+01,  1.375464684014870e-01, -4.806059907299403e-01, -9.241110317422638e+00
s700        , -1.768315556313765e+01, -1.765019838115605e+01,  0.000000000000000e+00, -4.997483183912962e-01, -9.423504511863609e+00
s701        , -1.903295584190279e+01, -1.957421228306820e+01,  0.000000000000000e+00, -2.167868974036513e-01, -1.126465284258700e+01
s702        , -1.837939645173277e+01, -1.832188804425028e+01,  1.521739130434783e-01, -4.611415288010022e-01, -1.090079428604109e+01
s703        , -2.091048572489854e+01, -2.057237953169686e+01,  0.000000000000000e+00, -1.738205981634609e-01, -1.258361269401867e+01
s704        , -2.101614044515869e+01, -2.099091100845309e+01,  4.739336492890995e-02, -4.261380107098854e-01, -1.427802452937811e+01
s705        , -1.998067347119072e+01, -1.957746232418372e+01,  0.000000000000000e+00, -4.058176401403690e-01, -1.193171731849689e+01
s706        , -2.205053681559340e+01, -2.195120998641202e+01,  9.954751131221719e-02, -1.556175615518844e-01, -1.495774324489393e+01
s707        , -2.095566328486310e+01, -2.101785520061967e+01,  0.000000000000000e+00, -4.606893825418565e-01, -1.424449963262464e+01
s708        , -2.098548818691052e+01, -2.066371164205918e+01,  1.196581196581197e-01, -5.742271092828672e-01, -1.461134393194660e+01
s709        , -2.115794840593145e+01, -2.142706960915363e+01,  1.520912547528517e-01, -3.431680832153869e-01, -1.505855503153453e+01
s710        , -2.144561556804213e+01, -2.172892587242822e+01,  0.000000000000000e+00, -1.605520226093057e-01, -1.423978474967615e+01
s711        , -2.158487030708884e+01, -2.156760294156782e+01,  1.142857142857143e-01, -8.793913217876248e-02, -1.421628995834982e+01
s712        , -1.701606937532507e+01, -1.718523854371328e+01,  3.358208955223881e-02, -4.856893204123294e-01, -8.827375728508557e+00
s713        , -2.069677260469373e+01, -2.033792587783890e+01,  1.159420289855072e-01, -4.507134500098201e-01, -1.368375681494652e+01
s714        , -1.667903695847065e+01, -1.665400260590301e+01,  0.000000000000000e+00, -4.505423346162861e-01, -7.784516296333893e+00
s715        , -1.903979308955687e+01, -1.890045136576106e+01,  1.842105263157895e-01, -4.657440348281677e-01, -1.189998023021518e+01
s716        , -1.775292931769286e+01, -1.742499339893704e+01,  3.827751196172249e-02, -4.530042032163331e-01, -9.085071450610416e+00
s717        , -1.980553907801730e+01, -2.033350270466159e+01,  2.022058823529412e-01, -2.882936922006147e-01, -1.346175602457506e+01
s718        , -2.205506805307129e+01, -2.240931287678329e+01,  5.905511811023622e-02, -3.801347288628424e-01, -1.625280695416915e+01
s719        , -2.211926724507942e+01, -2.207050208165402e+01,  2.064220183486239e-01, -1.395526068237157e-01, -1.551511145971046e+01
s720        , -2.227273745316376e+01, -2.224031912519965e+01,  2.924528301886792e-01, -7.659537241188619e-02, -1.589714325387804e+01
s721        , -1.785735939085095e+01, -1.830696512804777e+01,  0.000000000000000e+00, -4.647472117514221e-01, -1.026776348399431e+01
s722        , -2.185625504194673e+01, -2.192180218090540e+01,  2.643171806167401e-02, -7.159146982064979e-02, -1.432038961084072e+01
s723        , -2.033801839240394e+01, -2.012577101655231e+01,  0.000000000000000e+00, -5.521127527969288e-01, -1.325148657108438e+01
s724        , -2.101306363073858e+01, -2.112332743511143e+01,  0.000000000000000e+00, -2.002090231589117e-01, -1.348716758195611e+01
s725        , -1.977835943733275e+01, -2.074859807815029e+01,  0.000000000000000e+00, -1.447464168997852e-01, -1.274117735649006e+01
s726        , -1.782642809085736e+01, -1.776093302692752e+01,  0.000000000000000e+00, -4.100729490573145e-01, -9.272344589300081e+00
s727        , -2.098840179836340e+01, -2.058897380639959e+01,  1.096491228070175e-01, -5.610969079132976e-01, -1.441429054254903e+01
s728        , -2.135488943619893e+01, -2.111182282821461e+01,  0.000000000000000e+00, -2.972649433998936e-01, -1.381027143144528e+01
s729        , -1.830313789299144e+01, -1.920102957228324e+01,  2.845528455284553e-02, -3.004535739554414e-01, -1.112501253566420e+01
s730        , -1.974102380594271e+01, -1.956012173422511e+01,  1.074380165289256e-01, -4.132090754917639e-01, -1.237242622500526e+01
s731        , -1.858542568590836e+01, -1.822689471113497e+01,  0.000000000000000e+00, -3.757731675888726e-01, -9.838158844509705e+00
s732        , -1.728575125425960e+01, -1.752409112060720e+01,  2.233676975945017e-01, -4.662201391858486e-01, -1.003586864228074e+01
s733        , -2.189672381410002e+01, -2.206143782203629e+01,  1.449275362318841e-01, -1.511077377296606e-01, -1.529021226785144e+01
s734        , -1.907291800543370e+01, -1.959258226773819e+01,  2.222222222222222e-02, -3.110479928857576e-01, -1.171302516610529e+01
s735        , -2.104653345651221e+01, -2.039313156158757e+01,  0.000000000000000e+00, -4.051782367178023e-01, -1.313029955161421e+01
s736        , -1.839280423093862e+01, -1.930997156034847e+01,  1.544401544401544e-02, -2.141541843596568e-01, -1.092971392582570e+01
s737        , -2.165426899727042e+01, -2.159952653267759e+01,  0.000000000000000e+00, -1.542551996427572e-01, -1.402722269523237e+01
s738        , -1.806822955624155e+01, -1.859719447764076e+01,  1.107011070110701e-02, -3.593107599924459e-01, -1.037100607314203e+01
s739        , -1.955458939471557e+01, -2.010526864096702e+01,  1.208333333333333e-01, -2.157271328969816e-01, -1.253800008901162e+01
s740        , -1.834079412742093e+01, -1.846534085853206e+01,  6.296296296296296e-02, -4.039835529636512e-01, -1.054609178229839e+01
s741        , -2.108323768665554e+01, -2.087648536117518e+01,  0.000000000000000e+00, -4.359155009353031e-01, -1.394957928488541e+01
s742        , -1.784982580383593e+01, -1.768152830324976e+01,  1.851851851851852e-01, -4.877868061584065e-01, -1.018671319591668e+01
s743        , -2.007117762213282e+01, -2.046727127233551e+01,  0.000000000000000e+00, -4.295924421618410e-01, -1.332498403905149e+01
s744        , -2.048858578542649e+01, -2.046096045288594e+01,  1.586538461538461e-01, -3.827460929034650e-01, -1.380181699515873e+01
s745        , -2.120349313282904e+01, -2.119635193499554e+01,  2.197802197802198e-02, -2.538488516017816e-01, -1.387268213935960e+01
s746        , -1.892251493836264e+01, -1.859891238961274e+01,  0.000000000000000e+00, -4.586263451713556e-01, -1.067612135618573e+01
s747        , -2.116880416688591e+01, -2.083830044887128e+01,  0.000000000000000e+00, -3.349645848087091e-01, -1.353967654442085e+01
s748        , -2.167842994358758e+01, -2.131199071978057e+01,  0.000000000000000e+00, -4.177578711915475e-01, -1.452711088748639e+01
s749        , -2.059667445248301e+01, -2.077552583974790e+01,  0.000000000000000e+00, -2.440920769522399e-01, -1.312888329566621e+01
s750        , -2.032384862658092e+01, -2.036669704306698e+01,  1.195219123505976e-01, -5.626470650554712e-01, -1.413295157597218e+01
s751        , -2.236553637276776e+01, -2.168311933795124e+01,  2.029850746268657e-01, -1.739139083864568e-01, -1.505110957355767e+01
s752        , -1.716732359631470e+01, -1.702308033631148e+01,  9.271523178807947e-02, -4.631824855107557e-01, -8.752154424625925e+00
s753        , -2.206691124025960e+01, -2.228554028398715e+01,  1.187050359712230e-01, -2.857832576421483e-01, -1.598450300916610e+01
s754        , -1.859855862913608e+01, -1.906961280514517e+01,  0.000000000000000e+00, -4.548127360686807e-01, -1.135572194918612e+01
s755        , -2.251644582892857e+01, -2.228648490260775e+01,  0.000000000000000e+00, -9.953607785219754e-02, -1.484684638906996e+01
s756        , -2.026279534630465e+01, -2.069533353018538e+01,  0.000000000000000e+00, -4.125421890705370e-01, -1.360099914814790e+01
s757        , -1.901185247831666e+01, -1.919324257784911e+01,  1.482889733840304e-01, -4.181850146591737e-01, -1.201717298467494e+01
s758        , -1.866312886885699e+01, -1.861093042587276e+01,  2.408163265306122e-01, -4.550792233599539e-01, -1.166838714818882e+01
s759        , -2.105033567951521e+01, -2.089511344707869e+01,  6.603773584905660e-02, -6.143613569579484e-01, -1.487285817057826e+01
s760        , -1.976737462921502e+01, -1.961529967348424e+01,  3.684210526315790e-02, -3.633504399804368e-01, -1.198963460569223e+01
s761        , -2.282845273202710e+01, -2.253589252849422e+01,  1.227272727272727e-01, -3.124583771817089e-01, -1.646301295159090e+01
s762        , -1.737428124739802e+01, -1.709330742515041e+01,  0.000000000000000e+00, -4.234677764151109e-01, -8.336400479727047e+00
s763        , -2.048674857080450e+01, -2.080972634704991e+01,  0.000000000000000e+00, -3.741648039515143e-01, -1.363495011813219e+01
s764        , -1.996103637141938e+01, -2.032405905650731e+01,  0.000000000000000e+00, -6.206085089495172e-02, -1.182648053550886e+01
s765        , -1.985538741097363e+01, -1.991368506784362e+01,  1.000000000000000e-01, -4.232507270184052e-01, -1.289763595846772e+01
s766        , -1.902823974868692e+01, -1.894123269516249e+01,  1.957446808510638e-01, -3.869225952710317e-01, -1.173113632489926e+01
s767        , -2.019726225103009e+01, -1.995467986490916e+01,  0.000000000000000e+00, -4.514619186742550e-01, -1.264697156951939e+01
s768        , -2.180287541987858e+01, -2.155701194885443e+01,  0.000000000000000e+00, -2.278550484265270e-01, -1.422249421907061e+01
s769        , -2.332774774981945e+01, -2.336024323323630e+01,  1.228070175438596e-01, -3.558943739961529e-01, -1.782912344981613e+01
s770        , -2.255011500408412e+01, -2.237229694969543e+01,  9.589041095890410e-02, -4.441937203041837e-01, -1.657371833734118e+01
s771        , -1.837836194936116e+01, -1.813386117527163e+01,  0.000000000000000e+00, -4.130042519511368e-01, -9.831636726416003e+00
s772        , -2.036442085092615e+01, -2.035141483269575e+01,  0.000000000000000e+00, -4.908811060417111e-01, -1.336914928173470e+01
s773        , -2.207703951964118e+01, -2.190037166991897e+01,  1.732673267326733e-01, -1.188149426110363e-01, -1.505610458229485e+01
s774        , -2.410464814655394e+01, -2.392122043399127e+01,  0.000000000000000e+00, -2.206143468997808e-01, -1.767769684232036e+01
s775        , -2.145476048405246e+01, -2.122776033465919e+01,  0.000000000000000e+00, -1.870914572434387e-01, -1.359495482344332e+01
s776        , -1.783304251394927e+01, -1.754132541661157e+01,  2.139534883720930e-01, -4.636421924925392e-01, -1.001362415593882e+01
s777        , -1.926023008452307e+01, -1.945924770715549e+01,  9.090909090909090e-03, -5.721390650837447e-01, -1.237765867487939e+01
s778        , -1.976550707196644e+01, -1.964393913382109e+01,  0.000000000000000e+00, -4.874362756215341e-01, -1.231553946050118e+01
s779        , -2.301809423461469e+01, -2.328829110210391e+01,  0.000000000000000e+00, -1.109362075580608e-01, -1.636163930504963e+01
s780        , -1.989864127452180e+01, -2.019989913077542e+01,  1.031746031746032e-01, -4.224653336761706e-01, -1.332925789134359e+01
s781        , -1.803783397921168e+01, -1.778540446675508e+01,  0.000000000000000e+00, -4.219600592609686e-01, -9.350018424036813e+00
s782        , -2.003060740563550e+01, -1.980729343376051e+01,  1.911764705882353e-01, -3.863102577272619e-01, -1.298527630299329e+01
s783        , -2.170310297580588e+01, -2.118407408314835e+01,  0.000000000000000e+00, -5.425368771625494e-02, -1.306523567490535e+01
s784        , -1.828106793020000e+01, -1.837528252563673e+01,  3.209876543209876e-01, -4.741164422622948e-01, -1.171675305416509e+01
s785        , -1.904288077315707e+01, -1.895712277597269e+01,  0.000000000000000e+00, -4.990282465054698e-01, -1.134502644848965e+01
s786        , -2.022975758111321e+01, -1.985812190886450e+01,  4.347826086956522e-02, -4.200402658231394e-01, -1.257293043271752e+01
s787        , -1.858814151939532e+01, -1.907823142362638e+01,  2.549019607843137e-01, -4.480803086771732e-01, -1.238955408100106e+01
s788        , -1.926046054059691e+01, -1.922294823127282e+01,  1.144278606965174e-01, -4.979044326237256e-01, -1.220142503414116e+01
s789        , -2.212378523930028e+01, -2.229891119804344e+01,  0.000000000000000e+00, -2.220563636127567e-01, -1.529439697187900e+01
s790        , -2.174169856486492e+01, -2.160551941478020e+01,  4.278074866310160e-02, -2.636577087676874e-01, -1.459468270699837e+01
s791        , -1.907773631846257e+01, -1.922021901211549e+01,  4.424778761061947e-02, -4.829243784679518e-01, -1.185728631071808e+01
s792        , -2.217884458062024e+01, -2.187261170777075e+01,  1.316872427983539e-01, -7.424160374631905e-02, -1.468865285583919e+01
s793        , -2.046845693654859e+01, -2.009808995962773e+01,  0.000000000000000e+00, -2.337110136582807e-01, -1.209519640065574e+01
s794        , -1.973890233992908e+01, -1.939386215498723e+01,  0.000000000000000e+00, -2.766349042113506e-01, -1.120882351561761e+01
s795        , -2.098054198937622e+01, -2.072925034080629e+01,  8.000000000000000e-02, -4.412195792974614e-01, -1.407928897632853e+01
s796        , -1.872193723420701e+01, -1.846680395949707e+01,  1.047619047619048e-01, -4.837563317377747e-01, -1.099904966821568e+01
s797        , -1.738396768625594e+01, -1.780801817862487e+01,  1.311475409836066e-01, -6.107293801015758e-01, -1.058219028110132e+01
s798        , -1.812351947027918e+01, -1.858701547013997e+01,  5.860805860805861e-02, -4.222769747562119e-01, -1.077146346048608e+01
s799        , -2.115781411801412e+01, -1.996362184145364e+01,  0.000000000000000e+00, -4.802179681262753e-02, -1.124666083299430e+01
s800        , -2.197753832223543e+01, -2.213340113467770e+01,  0.000000000000000e+00, -2.756477169927272e-01, -1.523849454655338e+01
s801        , -2.000340332694237e+01, -2.018656444855043e+01,  1.935483870967742e-01, -3.034754341261802e-01, -1.326314138269468e+01
s802        , -2.346278750692302e+01, -2.302306395476381e+01,  1.296296296296296e-01, -2.384839877750207e-01, -1.694933956015910e+01
s803        , -2.201425716118592e+01, -2.184548290671619e+01,  8.673469387755102e-02, -2.433027571329796e-01, -1.505678846821168e+01
s804        , -1.618324989548500e+01, -1.613167867498959e+01,  1.595330739299611e-01, -4.670260325901532e-01, -7.727162373957137e+00
s805        , -2.141738653455062e+01, -2.138030060805415e+01,  0.000000000000000e+00, -5.474404026756274e-02, -1.335583693935098e+01
s806        , -2.157933013723432e+01, -2.148875812369905e+01,  1.710526315789474e-01, -2.551899499896166e-01, -1.491885047134519e+01
s807        , -1.912040169626662e+01, -1.992313164766207e+01,  1.929824561403509e-01, -3.720187803601243e-01, -1.311314344463990e+01
s808        , -2.304047586711122e+01, -2.297527035659764e+01,  0.000000000000000e+00, -7.340264909907179e-02, -1.576931147870375e+01
s809        , -2.047218776779852e+01, -2.037794686850431e+01,  9.051724137931035e-02, -4.306407268094403e-01, -1.356814447255585e+01
s810        , -2.119146876442327e+01, -2.189423758919970e+01,  1.974110032362459e-01, -2.809095673575788e-01, -1.571393596095000e+01
s811        , -2.180116494254657e+01, -2.159413317747723e+01,  1.732673267326733e-01, -2.257769750092661e-01, -1.498000993146296e+01
s812        , -2.372646511684069e+01, -2.320115692736585e+01,  1.214953271028037e-01, -1.909640097797827e-01, -1.701169892085832e+01
s813        , -2.269928091374550e+01, -2.274091544024079e+01,  0.000000000000000e+00, -1.489072616394497e-01, -1.568883048319983e+01
s814        , -1.832573741415099e+01, -1.843476572900568e+01,  2.926829268292683e-01, -5.081619383060575e-01, -1.180759544264415e+01
s815        , -2.057906464758977e+01, -2.041389535283390e+01,  0.000000000000000e+00, -2.623793576873172e-01, -1.266056399042697e+01
s816        , -1.808215553271357e+01, -1.814384588637324e+01,  0.000000000000000e+00, -3.998015882403427e-01, -9.800079875342377e+00
s817        , -2.152086258044021e+01, -2.192919882648927e+01,  4.529616724738676e-02, -3.055988023557967e-01, -1.522845378870170e+01
s818        , -2.057353864229959e+01, -2.041675259963526e+01,  1.693121693121693e-01, -4.584498278809748e-01, -1.404565057321200e+01
s819        , -2.244567325669163e+01, -2.246248493424582e+01,  4.545454545454546e-02, -2.407629226987684e-01, -1.578704677230112e+01
s820        , -2.103220827040201e+01, -2.145096892007203e+01,  0.000000000000000e+00, -4.209927240528925e-01, -1.474304708825940e+01
s821        , -2.251724700203312e+01, -2.264412774793767e+01,  1.082474226804124e-01, -2.887386921495824e-01, -1.647990627109829e+01
s822        , -1.967652212859418e+01, -2.010803916806453e+01,  0.000000000000000e+00, -4.834659550950806e-01, -1.298487397211894e+01
s823        , -1.898228811729100e+01, -1.943062822086156e+01,  1.025641025641026e-01, -2.539321696627933e-01, -1.160377521019079e+01
s824        , -2.375965705343503e+01, -2.381189599394731e+01,  3.314917127071823e-02, -3.143064135455778e-01, -1.798086949245623e+01
s825        , -2.074394606294202e+01, -2.023237333300779e+01,  0.000000000000000e+00, -4.027812796586765e-01, -1.288523456378116e+01
s826        , -2.229590893513048e+01, -2.252848342225423e+01,  0.000000000000000e+00, -2.359041694677452e-01, -1.568088812176481e+01
s827        , -2.030439908572953e+01, -1.939044001395722e+01,  0.000000000000000e+00, -3.949620466289883e-03, -1.024841730826146e+01
s828        , -2.126632247755481e+01, -2.085055080720500e+01,  1.262135922330097e-01, -3.917706470209897e-01, -1.427402879178599e+01
s829        , -1.836528680868646e+01, -1.795462812917764e+01,  0.000000000000000e+00, -3.719620550649866e-01, -9.423977483351804e+00
s830        , -2.038358031572328e+01, -2.087759440173618e+01,  0.000000000000000e+00, -2.573860911655906e-01, -1.332572422573650e+01
s831        , -2.014217587228185e+01, -2.021862679027729e+01,  0.000000000000000e+00, -1.989031362157753e-01, -1.215069851375739e+01
s832        , -1.638297894992474e+01, -1.653040706779985e+01,  2.760000000000000e-01, -4.833498553903692e-01, -8.848705719996545e+00
s833        , -2.087813803835245e+01, -2.049673577265821e+01,  9.836065573770492e-02, -4.263685605287792e-01, -1.376020358830633e+01
s834        , -2.163260872857058e+01, -2.136641612778568e+01,  2.265372168284790e-01, -1.746013773985090e-01, -1.468379985575953e+01
s835        , -1.845033213930005e+01, -1.825565946657893e+01,  0.000000000000000e+00, -4.386863217977058e-01, -1.010092586927238e+01
s836        , -2.085703068105029e+01, -2.085860509425014e+01,  0.000000000000000e+00, -4.193678393888708e-01, -1.386528042525031e+01
s837        , -1.604298594536770e+01, -1.598262912709528e+01,  1.471571906354515e-01, -5.040245941620974e-01, -7.586635911155447e+00
s838        , -1.819387371328009e+01, -1.802766576392915e+01,  0.000000000000000e+00, -3.913654329440599e-01, -9.599483787520882e+00
s839        , -2.199016371973259e+01, -2.151505916382478e+01,  1.983805668016194e-01, -5.608346795898556e-02, -1.437199518570435e+01
s840        , -1.816847175772266e+01, -1.826396660788856e+01,  2.654028436018958e-01, -3.403253929060935e-01, -1.085631237392425e+01
s841        , -2.076446728280485e+01, -2.072180263697758e+01,  0.000000000000000e+00, -4.305116467007721e-01, -1.370292377858825e+01
s842        , -1.719569444321167e+01, -1.701578609346495e+01,  2.068965517241380e-01, -4.631078246589967e-01, -9.209133447590814e+00
s843        , -1.999816334280537e+01, -1.985954511815510e+01,  0.000000000000000e+00, -4.337785181414083e-01, -1.244496009197953e+01
s844        , -1.581596700213373e+01, -1.571866288131730e+01,  1.877394636015326e-01, -4.598674971821836e-01, -7.209648762064647e+00
s845        , -2.003183538643507e+01, -1.992160702251768e+01,  1.232227488151659e-01, -4.523239402201919e-01, -1.310633809184654e+01
s846        , -2.166933569232110e+01, -2.162540286320971e+01,  0.000000000000000e+00, -1.312077673657397e-01, -1.398456967489423e+01
s847        , -2.001719781047365e+01, -1.981241577546920e+01,  1.116279069767442e-01, -4.239083264990685e-01, -1.279850965593658e+01
s848        , -1.670780899311153e+01, -1.695919575331995e+01,  0.000000000000000e+00, -4.921030969690015e-01, -8.379429923018394e+00
s849        , -2.103364362191806e+01, -2.114496477986475e+01,  1.263736263736264e-01, -3.128925552590387e-01, -1.443176503695866e+01
s850        , -1.674889176362534e+01, -1.647598403395471e+01,  0.000000000000000e+00, -4.407267915650268e-01, -7.488049323118849e+00
s851        , -1.887785873496733e+01, -1.909498768471880e+01,  2.716981132075472e-01, -4.355913886730101e-01, -1.243930695793862e+01
s852        , -1.916613881673827e+01, -1.925740372989963e+01,  2.056074766355140e-01, -4.490692821176090e-01, -1.245475873024732e+01
s853        , -2.151831650372089e+01, -2.143170856343539e+01,  1.344537815126050e-01, -8.886941643189117e-02, -1.410214658840721e+01
s854        , -2.092228526657664e+01, -2.046379052918444e+01,  2.673796791443850e-02, -4.585822674170507e-01, -1.353101438868214e+01
s855        , -1.984690981488844e+01, -1.944404881376800e+01,  1.098901098901099e-01, -4.579871881637054e-01, -1.236847718063974e+01
s856        , -1.857995804240183e+01, -1.864604427948807e+01,  0.000000000000000e+00, -4.455272140626694e-01, -1.069961504834598e+01
s857        , -2.294003947989728e+01, -2.285984391086433e+01,  1.069518716577540e-01, -3.777986147453524e-01, -1.710419859259568e+01
s858        , -2.107902559750898e+01, -2.098064610615425e+01,  1.500000000000000e-01, -3.250452558795534e-01, -1.432926806686713e+01
s859        , -1.829183386036745e+01, -1.837930807343833e+01,  5.652173913043478e-02, -5.092523600090983e-01, -1.076185033900482e+01
s860        , -2.148418071954308e+01, -2.136566737027814e+01,  1.985294117647059e-01, -3.790445829608891e-02, -1.408898052771391e+01
s861        , -2.060440939951398e+01, -2.024502417070684e+01,  0.000000000000000e+00, -4.199951210054474e-01, -1.296416869332465e+01
s862        , -1.983634035476443e+01, -1.961830404975807e+01,  0.000000000000000e+00, -3.876355568554064e-01, -1.192814226827173e+01
s863        , -2.017821382918477e+01, -2.065041984320276e+01,  1.052631578947368e-01, -3.447073529113180e-01, -1.372864189384906e+01
s864        , -2.145828954671971e+01, -2.098198543127122e+01,  0.000000000000000e+00, -3.277738857548192e-01, -1.372601553142791e+01
s865        , -2.179521899962700e+01, -2.187375209265590e+01,  1.620370370370370e-01, -1.689030945223936e-01, -1.514637404482131e+01
s866        , -2.240641608733365e+01, -2.208804448861046e+01,  1.483253588516746e-01, -1.065815000275875e-01, -1.518730843000948e+01
s867        , -1.970162478711471e+01, -1.940607714321007e+01,  0.000000000000000e+00, -4.717949712478932e-01, -1.191056055334216e+01
s868        , -1.579821539399930e+01, -1.570311065724774e+01,  3.200000000000000e-02, -4.449285129403803e-01, -6.496105590527019e+00
s869        , -1.927595790821999e+01, -1.955093582512766e+01,  0.000000000000000e+00, -4.674209471168944e-01, -1.210849583064883e+01
s870        , -1.834436146157947e+01, -1.825543046688277e+01,  3.153526970954357e-01, -4.179580790202569e-01, -1.132045852372202e+01
s871        , -1.954632707936713e+01, -1.975511421729552e+01,  0.000000000000000e+00, -5.188901525379287e-01, -1.258941104190772e+01
s872        , -2.222687656829416e+01, -2.204239732482920e+01,  2.887931034482759e-01, -2.037213189912002e-02, -1.539378331005152e+01
s873        , -2.174135075548704e+01, -2.107810915478925e+01,  9.042553191489362e-02, -4.356696184401172e-01, -1.461616151033515e+01
s874        , -2.306987923711809e+01, -2.317124260770117e+01,  2.274881516587678e-01, -1.665670587720939e-01, -1.731660127354179e+01
s875        , -2.178123430913379e+01, -2.168581294876332e+01,  1.025641025641026e-01, -2.682441914033940e-01, -1.497398501005343e+01
s876        , -2.287277527114560e+01, -2.281859491961308e+01,  0.000000000000000e+00, -1.507341301197581e-01, -1.580959019326265e+01
s877        , -2.189016288213647e+01, -2.162694511668920e+01,  0.000000000000000e+00, -2.392870141235639e-01, -1.436550186044525e+01
s878        , -1.876974537203656e+01, -1.893594268553243e+01,  2.016129032258064e-02, -3.868480365105427e-01, -1.100344790883224e+01
s879        , -1.761744622782913e+01, -1.766229250831423e+01,  1.028806584362140e-01, -4.226457292913069e-01, -9.592838842728051e+00
s880        , -1.792977215528789e+01, -1.808681919172705e+01,  1.451612903225807e-01, -5.227672991273994e-01, -1.074189527446130e+01
s881        , -2.116921283478955e+01, -2.004958656534891e+01,  0.000000000000000e+00, -3.380796680348852e-03, -1.121681524196694e+01
s882        , -1.809005639564229e+01, -1.800670224482744e+01,  1.363636363636364e-01, -5.198331641639374e-01, -1.057761004840332e+01
s883        , -1.958200153707774e+01, -1.967605645414910e+01,  2.070312500000000e-01, -4.515782871191930e-01, -1.308572213909284e+01
s884        , -1.866641101726497e+01, -1.873112177906237e+01,  1.130434782608696e-01, -5.264654716552004e-01, -1.157175287084922e+01
s885        , -1.949202935470739e+01, -1.935649186808281e+01,  3.478260869565217e-01, -4.066151673047533e-01, -1.303478689661077e+01
s886        , -1.753621319174707e+01, -1.744286939770831e+01,  0.000000000000000e+00, -4.195660540645172e-01, -8.837353213493634e+00
s887        , -2.072504645987743e+01, -2.040902967422340e+01,  4.128440366972477e-02, -4.111829977692303e-01, -1.334394931302546e+01
s888        , -2.163711888094086e+01, -2.187502499759593e+01,  1.617021276595745e-01, -2.030461383689600e-01, -1.526649742512836e+01
s889        , -1.784767272504274e+01, -1.783827208515905e+01,  7.053941908713693e-02, -4.177299425411504e-01, -9.702139432911874e+00
s890        , -2.036577167825686e+01, -2.057681750439756e+01,  1.573033707865168e-01, -2.991838497563984e-01, -1.367408091547780e+01
s891        , -1.925489904031788e+01, -1.982138619474220e+01,  0.000000000000000e+00, -2.906289497766420e-01, -1.188725027188904e+01
s892        , -1.797999052112338e+01, -1.882705798557746e+01,  2.834645669291339e-01, -2.474226041674881e-01, -1.143382843230593e+01
s893        , -2.224398236502422e+01, -2.250979803076176e+01,  0.000000000000000e+00, -5.174877981615940e-01, -1.663992362745687e+01
s894        , -2.015695897880840e+01, -1.995730313258709e+01,  0.000000000000000e+00, -4.622829311361582e-01, -1.268874554832890e+01
s895        , -1.853378696029952e+01, -1.921760334721919e+01,  0.000000000000000e+00, -3.058496279463311e-01, -1.105169197914214e+01
s896        , -2.478440805107692e+01, -2.443202530962839e+01,  3.174603174603174e-02, -1.627904778547660e-01, -1.835722402127823e+01
s897        , -2.202247365131235e+01, -2.185660981255744e+01,  1.451612903225807e-01, -2.522896528447895e-01, -1.534412049589568e+01
s898        , -2.008627742560493e+01, -1.975131418800757e+01,  0.000000000000000e+00, -4.133516598848764e-01, -1.221405664918664e+01
s899        , -1.802005794967191e+01, -1.792340886368004e+01,  0.000000000000000e+00, -4.252752811999365e-01, -9.564802576019229e+00
s900        , -1.770516073583232e+01, -1.788913908965376e+01,  4.382470119521913e-02, -4.614232474073918e-01, -9.820615505023611e+00
s901        , -2.425916197575684e+01, -2.387614654319096e+01,  4.591836734693878e-02, -2.582568415678049e-01, -1.793142121095120e+01
s902        , -1.641892815066793e+01, -1.632883872009765e+01,  8.835341365461848e-02, -5.035785398245726e-01, -7.853749540226386e+00
s903        , -2.332207101034287e+01, -2.303219958579708e+01,  2.034632034632035e-01, -2.240075931672177e-01, -1.721468153679789e+01
s904        , -2.132463334662818e+01, -2.049660310489343e+01,  1.646090534979424e-02,  2.037466413708544e-02, -1.185914723715699e+01
s905        , -2.166343218809494e+01, -2.206162161498313e+01,  1.285140562248996e-01, -2.730270306250628e-01, -1.565036226072419e+01
s906        , -1.790842270146736e+01, -1.741641240567461e+01,  0.000000000000000e+00, -4.202300006773010e-01, -8.800729593128244e+00
s907        , -1.911599503394165e+01, -1.954295018178828e+01,  1.653846153846154e-01, -3.696029737928209e-01, -1.243186765479631e+01
s908        , -2.062377494321661e+01, -2.018360566889787e+01,  5.479452054794520e-02, -3.772154629816344e-01, -1.294844658630362e+01
s909        , -2.034650826700463e+01, -2.119288752764919e+01,  0.000000000000000e+00, -3.520577310663120e-02, -1.301147532979157e+01
s910        , -1.701866755175476e+01, -1.673031808707616e+01,  0.000000000000000e+00, -4.414066663616057e-01, -7.864860076896463e+00
s911        , -1.800428066961873e+01, -1.807266158344473e+01,  9.090909090909091e-02, -4.706896061489769e-01, -1.031623946990653e+01
s912        , -2.018815932170212e+01, -2.023648019407197e+01,  0.000000000000000e+00, -5.851798931165175e-01, -1.353032440771511e+01
s913        , -1.735412329082851e+01, -1.756307480318605e+01,  7.949790794979079e-02, -4.600950264049700e-01, -9.482141320342301e+00
s914        , -2.004618788210774e+01, -2.040232027770907e+01,  2.822966507177033e-01, -2.422389237503634e-01, -1.372997022410809e+01
s915        , -1.937730144245923e+01, -1.913422490319660e+01,  8.252427184466019e-02, -4.609938024766886e-01, -1.181072991302083e+01
s916        , -2.191302790761547e+01, -2.257323950457533e+01,  0.000000000000000e+00, -1.382629130438315e-01, -1.540468609854556e+01
s917        , -1.792924589211810e+01, -1.773746659975040e+01,  0.000000000000000e+00, -4.060045400257189e-01, -9.223543584227441e+00
s918        , -2.621730238337609e+01, -2.598500464820788e+01,  0.000000000000000e+00, -1.723168320635238e-01, -2.054677215844645e+01
s919        , -1.919355775511356e+01, -1.854305810794953e+01,  2.718446601941747e-01, -4.146785355475186e-01, -1.155409146186335e+01
s920        , -1.675861595936722e+01, -1.664709412357816e+01,  0.000000000000000e+00, -4.341066711076220e-01, -7.716762410927291e+00
s921        , -2.192756432754418e+01, -2.167215556691480e+01,  0.000000000000000e+00, -3.350969090850982e-01, -1.476773569216893e+01
s922        , -2.290193110331377e+01, -2.277832319843480e+01,  0.000000000000000e+00, -3.837084309604493e-01, -1.656654095759080e+01
s923        , -1.925371616601646e+01, -1.934227072020742e+01,  0.000000000000000e+00, -4.376625011056812e-01, -1.169704017386172e+01
s924        , -1.798705044323696e+01, -1.933275722294574e+01,  0.000000000000000e+00, -5.175884227612004e-02, -1.033099940064415e+01
s925        , -2.338449219749342e+01, -2.353800210853620e+01,  1.191709844559585e-01, -2.064099883452272e-01, -1.755218937776017e+01
s926        , -1.762302148317026e+01, -1.749408957912907e+01,  0.000000000000000e+00, -4.651203266200883e-01, -9.072361142233625e+00
s927        , -1.720744831710588e+01, -1.712334708624671e+01,  9.282700421940929e-02, -4.612548329840500e-01, -8.893470884539367e+00
s928        , -1.827654667645005e+01, -1.868462270250535e+01,  0.000000000000000e+00, -5.241587799446252e-01, -1.103190001950864e+01
s929        , -2.066098735264480e+01, -2.089533170801067e+01,  1.492537313432836e-01, -2.821571087876171e-01, -1.405034916806558e+01
s930        , -1.982419875205301e+01, -2.027286944901325e+01,  3.119266055045872e-01, -1.361481951022376e-01, -1.328913901784280e+01
s931        , -2.184683786579889e+01, -2.200524430261844e+01,  1.683168316831683e-01, -3.219690895837825e-01, -1.590196934101782e+01
s932        , -2.007807490293144e+01, -2.002736868408717e+01,  9.523809523809523e-02, -4.751742406735339e-01, -1.322740014368665e+01
s933        , -2.186904116931162e+01, -2.200618087821252e+01,  0.000000000000000e+00, -5.513590071664356e-01, -1.601717173339622e+01
s934        , -1.595875499840616e+01, -1.590666671918821e+01,  1.883561643835616e-01, -4.652886816759911e-01, -7.507947677109286e+00
s935        , -1.706347068237267e+01, -1.761429169142607e+01,  0.000000000000000e+00, -2.370778175884580e-01, -8.450362136833769e+00
s936        , -1.818003510858343e+01, -1.788666619072545e+01,  0.000000000000000e+00, -4.102702061829297e-01, -9.458139155360271e+00
s937        , -2.175658784400171e+01, -2.176027869772894e+01,  7.526881720430108e-02, -1.572248684852138e-01, -1.458277914185594e+01
s938        , -2.010166135357230e+01, -2.005314323043308e+01,  0.000000000000000e+00, -4.415027047170994e-01, -1.275703596858447e+01
s939        , -1.813809060682595e+01, -1.790871379259974e+01,  0.000000000000000e+00, -4.413493862788501e-01, -9.599485124382921e+00
s940        , -2.094308051046411e+01, -2.088484660965251e+01,  4.469273743016760e-02, -3.365304232523938e-01, -1.379686339400978e+01
s941        , -1.827480816862776e+01, -1.841027428315412e+01,  1.235521235521236e-01, -4.170230959797398e-01, -1.075903631854633e+01
s942        , -1.770857434290158e+01, -1.790370026049873e+01,  0.000000000000000e+00, -4.936305220987671e-01, -9.775274124178297e+00
s943        , -1.938132201948424e+01, -1.916620338306123e+01,  1.940298507462687e-01, -4.634516541873706e-01, -1.232343206853999e+01
s944        , -1.770272330222015e+01, -1.773035360451728e+01,  2.388663967611336e-01, -4.569588753742859e-01, -1.037060180787424e+01
s945        , -1.924477319915050e+01, -1.936832297184425e+01,  4.977375565610859e-02, -3.421871230126303e-01, -1.160489156712620e+01
s946        , -2.185513295241253e+01, -2.180648952034331e+01,  0.000000000000000e+00, -4.042055529737103e-01, -1.520762718022403e+01
s947        , -2.017292248813791e+01, -2.003487460785527e+01,  0.000000000000000e+00, -4.534582367598481e-01, -1.277202790880746e+01
s948        , -1.792501053388721e+01, -1.800889386730695e+01,  7.142857142857142e-02, -4.817717106138186e-01, -1.018134576521108e+01
s949        , -2.005207290213696e+01, -2.097884481974615e+01,  0.000000000000000e+00, -1.221075268936014e-01, -1.300082834466860e+01
s950        , -2.257823345395823e+01, -2.228946871066757e+01,  2.466367713004484e-01, -5.177080733432904e-02, -1.569474674511189e+01
s951        , -1.571913272603913e+01, -1.580358236808403e+01,  1.044303797468354e-01, -5.105626771994389e-01, -7.170832641200466e+00
s952        , -2.233989362366768e+01, -2.264713690849515e+01,  1.666666666666667e-01, -2.357632355347098e-01, -1.653816870785425e+01
s953        , -2.342860552534396e+01, -2.304691202032926e+01,  4.166666666666666e-02, -4.260848571420793e-01, -1.728119706736894e+01
s954        , -2.204077204416149e+01, -2.242461159388154e+01,  0.000000000000000e+00, -3.854517021550710e-01, -1.605191691082356e+01
s955        , -1.756302978982562e+01, -1.757654827104952e+01,  2.415254237288136e-01, -5.221111734128233e-01, -1.038333360386917e+01
s956        , -2.291971088639473e+01, -2.306693281690529e+01,  0.000000000000000e+00, -2.095832706931356e-01, -1.638137272811516e+01
s957        , -1.872997367448807e+01, -1.843240703845389e+01,  7.462686567164178e-02, -3.987946774351717e-01, -1.052723255169115e+01
s958        , -2.138547156076431e+01, -2.113799805906266e+01,  1.767241379310345e-01, -3.562832841890540e-01, -1.477989518380506e+01
s959        , -1.926386090665138e+01, -1.910429124779166e+01,  0.000000000000000e+00, -4.262122041917891e-01, -1.130657174006656e+01
s960        , -1.680470785163838e+01, -1.681625518073872e+01,  2.254901960784314e-01, -4.797319786128977e-01, -9.049836308875136e+00
s961        , -2.001579976967623e+01, -2.047337807956326e+01,  0.000000000000000e+00, -2.059005462093338e-01, -1.255025735783447e+01
s962        , -1.871905926332032e+01, -1.879574542364143e+01,  0.000000000000000e+00, -2.413220168449970e-01, -1.020455966299987e+01
s963        , -1.918665598310528e+01, -1.961100688250754e+01,  1.626297577854671e-01, -4.381720265976223e-01, -1.276100480515563e+01
s964        , -1.746488927974545e+01, -1.743398391541404e+01,  3.558718861209965e-02, -4.857815990397868e-01, -9.202118210703620e+00
s965        , -1.971186761143078e+01, -2.028478363882274e+01,  0.000000000000000e+00, -1.647128240194054e-01, -1.212830648046310e+01
s966        , -1.765956881606673e+01, -1.733883880458111e+01,  0.000000000000000e+00, -4.577801151117811e-01, -8.818085220171715e+00
s967        , -2.223688117086612e+01, -2.177251153073107e+01,  8.260869565217391e-02, -3.111320857734179e-02, -1.418903191264662e+01
s968        , -1.998239594820018e+01, -1.977331799889485e+01,  1.315789473684210e-01, -5.280507445691174e-01, -1.318758954124871e+01
s969        , -2.101894011109180e+01, -2.077195787794358e+01,  3.608247422680412e-02, -5.081668586456358e-01, -1.419671757842620e+01
s970        , -1.986554229461376e+01, -1.965010583761781e+01,  1.578947368421053e-01, -4.772637318201257e-01, -1.293611921142009e+01
s971        , -1.914500631305469e+01, -1.872007738762352e+01,  0.000000000000000e+00, -3.758554624701446e-01, -1.056450717901872e+01
s972        , -1.930540895911451e+01, -1.966478637868792e+01,  0.000000000000000e+00, -5.956300216634869e-01, -1.272529347098214e+01
s973        , -2.013055280326089e+01, -2.034887030784486e+01,  1.551020408163265e-01, -3.690712591999678e-01, -1.357433084804598e+01
s974        , -1.991254970003848e+01, -1.984307708108850e+01,  1.400966183574879e-01, -3.256237654921991e-01, -1.261598430698703e+01
s975        , -2.002907222040815e+01, -2.062991419548529e+01,  8.362369337979095e-02, -2.724609237769639e-01, -1.335664354649403e+01
s976        , -2.147573630129902e+01, -2.155246148647310e+01,  1.063829787234043e-02, -2.682564928497418e-01, -1.440094549844146e+01
s977        , -1.918950409415471e+01, -1.979536359779337e+01,  0.000000000000000e+00, -2.932745749379523e-01, -1.185820908658531e+01
s978        , -1.698999961978807e+01, -1.679245448882373e+01,  2.024169184290030e-01, -4.928032128758013e-01, -8.966025659627821e+00
s979        , -2.115978794608996e+01, -2.124553372480797e+01,  0.000000000000000e+00, -2.297373869825765e-01, -1.377053308337784e+01
s980        , -1.730989298326385e+01, -1.707340371110520e+01,  0.000000000000000e+00, -4.531668513259154e-01, -8.411150745658427e+00
s981        , -2.142850865946883e+01, -2.138315255037359e+01,  0.000000000000000e+00, -3.245833276379408e-01, -1.430543259663262e+01
s982        , -2.110948756566415e+01, -2.136020337269166e+01,  2.378854625550661e-01, -1.940425222739224e-01, -1.478927810168364e+01
s983        , -1.831465175322002e+01, -1.838658066042207e+01,  1.295546558704453e-01, -4.249888755040919e-01, -1.077666503742423e+01
s984        , -2.150201864035685e+01, -2.126461718503958e+01,  0.000000000000000e+00, -4.750852504901230e-01, -1.465821759079648e+01
s985        , -1.659952594735737e+01, -1.716024655027376e+01,  0.000000000000000e+00, -2.509233001440100e-01, -7.830428549880892e+00
s986        , -2.105203087443673e+01, -2.082976011997734e+01,  1.492537313432836e-02, -4.254454207011710e-01, -1.390528076271957e+01
s987        , -2.066592788190784e+01, -2.127238248121725e+01,  1.515151515151515e-02, -3.014240381294648e-01, -1.412331723861180e+01
s988        , -2.133344594608628e+01, -2.169060918399904e+01,  2.183544303797468e-01, -1.954655561456523e-01, -1.520063572163901e+01
s989        , -2.008246059204520e+01, -2.020360443448854e+01,  0.000000000000000e+00, -3.064039319690232e-01, -1.250521776451553e+01
s990        , -2.181814335912880e+01, -2.207268356779441e+01,  1.515151515151515e-01, -1.320280374675891e-01, -1.526692112118710e+01
s991        , -1.674874949890157e+01, -1.677658374413928e+01,  2.341137123745819e-02, -4.445879806953801e-01, -8.040070898260025e+00
s992        , -1.990187356431624e+01, -2.005459845520593e+01,  0.000000000000000e+00, -3.949519753326131e-01, -1.259608525390406e+01
s993        , -2.167451347953028e+01, -2.176591732632467e+01,  2.212389380530973e-02, -2.371089173557139e-01, -1.465314080368399e+01
s994        , -2.085856003252748e+01, -2.072609108120598e+01,  1.393728222996516e-01, -1.585113012655626e-03, -1.277769712363436e+01
s995        , -1.532250426373563e+01, -1.493026829049928e+01,  1.678082191780822e-01, -4.715083386103250e-01, -6.008074796406190e+00
s996        , -2.197589637081217e+01, -2.231452382316626e+01,  0.000000000000000e+00, -1.010386371378353e-01, -1.489338938798828e+01
s997        , -1.843774602570321e+01, -1.814752912235679e+01,  0.000000000000000e+00, -3.806194927664855e-01, -9.738296763764451e+00
s998        , -2.004154224207673e+01, -2.002811311419912e+01,  0.000000000000000e+00, -3.408252242949684e-01, -1.236745762212649e+01
s999        , -1.918982967461324e+01, -1.964268405561295e+01,  4.363636363636364e-02, -2.906621339582038e-01, -1.180312883230480e+01
s1000       , -2.386287011937712e+01, -2.382379247364260e+01,  7.575757575757576e-02, -1.925313318250701e-01, -1.774637074498395e+01
s1001       , -2.142986106465667e+01, -2.145778568302505e+01,  5.909090909090909e-02, -2.886434278331006e-01, -1.453157722041430e+01
s1002       , -1.703565403983971e+01, -1.702089433707231e+01,  1.815384615384615e-01, -4.991119452171039e-01, -9.238864533232237e+00
s1003       , -2.272857267296788e+01, -2.241666295321861e+01,  2.710280373831775e-01, -1.459753375896243e-01, -1.631202114260864e+01
s1004       , -1.957549960274314e+01, -1.920694088834436e+01,  0.000000000000000e+00, -3.886454920683589e-01, -1.132607472807445e+01
s1005       , -2.033955634118916e+01, -1.993752537776574e+01,  1.088082901554404e-01, -4.209675087896627e-01, -1.296083542611817e+01
s1006       , -2.103463075725037e+01, -2.159561513780820e+01,  0.000000000000000e+00, -4.230873691433367e-01, -1.496333292203376e+01
s1007       , -1.845815321471510e+01, -1.879660376012816e+01,  2.389078498293515e-01, -4.544601204510981e-01, -1.193174303285300e+01
s1008       , -2.105860584214290e+01, -2.088988418421088e+01,  1.688888888888889e-01, -1.017637634768359e-01, -1.349078707513612e+01
s1009       , -2.225664818829298e+01, -2.214839297325853e+01,  8.333333333333333e-02, -1.105563161742058e-01, -1.502370523096892e+01
s1010       , -2.029000137617794e+01, -2.017157700769246e+01,  1.861702127659574e-01, -3.651134388127506e-01, -1.342678927976114e+01
s1011       , -2.150175758271834e+01, -2.136568656842095e+01,  0.000000000000000e+00, -2.323529707735092e-01, -1.395658508480772e+01
s1012       , -1.789395613621291e+01, -1.762724683323859e+01,  0.000000000000000e+00, -3.885341043891830e-01, -9.000070182902267e+00
s1013       , -1.907481979836395e+01, -1.937129634970170e+01,  7.335907335907337e-02, -2.439287435586824e-01, -1.136168108934025e+01
s1014       , -1.701362802016618e+01, -1.669360126134350e+01,  0.000000000000000e+00, -4.058449205333576e-01, -7.686213261437547e+00
s1015       , -1.771043360260808e+01, -1.793239836138778e+01,  0.000000000000000e+00, -3.091353488343381e-01, -9.171134096015237e+00
s1016       , -2.325177194237830e+01, -2.285115208354326e+01,  3.809523809523810e-02, -2.462204364756551e-01, -1.634819790333215e+01
s1017       , -2.061131053204120e+01, -2.069985631597540e+01,  1.895734597156398e-01, -3.359790959197144e-01, -1.411639291480341e+01
s1018       , -1.637685178145171e+01, -1.599451804971485e+01,  1.048034934497817e-01, -4.810554431387467e-01, -7.350075769494012e+00
s1019       , -2.229355013298489e+01, -2.245265531249804e+01,  0.000000000000000e+00, -2.215834046889734e-01, -1.551908091975549e+01
s1020       , -1.626620443538163e+01, -1.605174423913403e+01,  2.136222910216718e-01, -5.066735314349713e-01, -7.970078669959213e+00
s1021       , -2.225684084822025e+01, -2.217564575129090e+01,  5.445544554455446e-02, -1.359753891866724e-01, -1.503452592917436e+01
s1022       , -1.619907626993357e+01, -1.624898335941342e+01,  1.954022988505747e-01, -4.472573646436880e-01, -7.977609072222569e+00
s1023       , -2.164326276096592e+01, -2.160668066029461e+01,  0.000000000000000e+00, -4.169740529324683e-01, -1.495820515956133e+01
s1024       , -1.814482992541786e+01, -1.802001683466213e+01,  0.000000000000000e+00, -4.716516982415674e-01, -9.869510513230901e+00
s1025       , -1.966276460675046e+01, -1.961229913095592e+01,  2.268041237113402e-01, -3.521400190250440e-01, -1.272451185926545e+01
s1026       , -1.787958226759213e+01, -1.799947705672959e+01,  0.000000000000000e+00, -5.089943223719865e-01, -9.970103973012176e+00
s1027       , -2.228548280106830e+01, -2.239210072360661e+01,  1.550000000000000e-01, -2.658478372315498e-01, -1.622029279827782e+01
s1028       , -1.939576101741603e+01, -1.937218111721053e+01,  1.106557377049180e-01, -4.206782253052432e-01, -1.213509800432687e+01
s1029       , -2.072177297910414e+01, -2.014147171677850e+01,  0.000000000000000e+00, -3.815928388108332e-01, -1.267717496578408e+01
s1030       , -2.116639743005703e+01, -2.065826336842214e+01,  1.204188481675393e-01, -4.469142699232316e-01, -1.416039325551585e+01
s1031       , -1.871817432191781e+01, -1.913360292713406e+01,  0.000000000000000e+00, -4.684424692196560e-01, -1.149768028226275e+01
s1032       , -1.793076662035363e+01, -1.868299004620836e+01,  2.375478927203065e-01, -2.763255354974765e-01, -1.113480337822416e+01
s1033       , -2.190726556241366e+01, -2.174851822988908e+01,  2.649253731343283e-01, -2.159966120014201e-02, -1.486761397086634e+01
s1034       , -1.655942363042545e+01, -1.638428700556461e+01,  2.111801242236025e-01, -4.918376810592510e-01, -8.397658150353065e+00
s1035       , -1.920990065585595e+01, -2.010644801691364e+01,  0.000000000000000e+00, -2.109635789213325e-01, -1.202780416188497e+01
s1036       , -1.624542641970273e+01, -1.596261714409523e+01,  2.009132420091324e-01, -4.412131598671085e-01, -7.557433506033376e+00
s1037       , -1.865413258865576e+01, -1.875126552298431e+01,  1.612903225806452e-01, -5.000745213447295e-01, -1.170668882156654e+01
s1038       , -2.303917859954092e+01, -2.303389319967327e+01,  0.000000000000000e+00, -2.471027019539333e-01, -1.646418346753926e+01
s1039       , -2.268866240524940e+01, -2.292516515582501e+01,  2.500000000000000e-01, -1.170327665100575e-01, -1.687304783207029e+01
s1040       , -2.002650999928207e+01, -2.084376221164330e+01,  2.734375000000000e-02, -2.233376813709040e-01, -1.326869624198180e+01
s1041       , -2.439240447433291e+01, -2.433847072676075e+01,  0.000000000000000e+00, -2.705817994188539e-01, -1.846703350670176e+01
