sample_id,E_T,rho,AAV,PF,VPA,RBI,WE,B,N,S,O,F,Na,Al,Si,P,Cl,Ge,Br,I,ln_D
s1,4.376068923108138,2.4151928450639395,19.643417918799607,0.30060764243645416,30.092044471352615,3.2705856979734174,2.779513888888889,0.0,0.0,0.0,0.4583333333333333,0.0625,0.15625,0.0,0.0,0.1909722222222222,0.0,0.0,0.13194444444444445,0.0,-10.531195380475284
s2,3.2684484709714092,2.0094176390730554,23.491188618073636,0.35714956010464505,41.988187529942635,3.717973539259104,2.1104405286343613,0.0,0.048458149779735685,0.5110132158590308,0.0,0.0,0.19823788546255505,0.0,0.2422907488986784,0.0,0.0,0.0,0.0,0.0,-10.74748491541494
s3,3.5461128641984385,2.1288118859529965,22.30884821351325,0.5201312672258233,44.180268030683116,12.327698450489503,1.9253465346534653,0.0,0.0,0.504950495049505,0.0,0.0,0.36633663366336633,0.0,0.0,0.12871287128712872,0.0,0.0,0.0,0.0,-10.599318181984566
s4,3.5951771659632756,2.49990534969722,25.551425798391406,0.27513601499610746,38.71823194960332,4.267994708896452,2.662188552188552,0.0,0.0,0.0,0.367003367003367,0.0,0.16835016835016836,0.0,0.0,0.1717171717171717,0.0,0.0,0.29292929292929293,0.0,-10.0323779965023
s5,2.961082042221009,2.0348644263777587,23.91409270188028,0.3246586900762341,42.89353135416624,1.764432878817532,2.081504424778761,0.0,0.0,0.5530973451327433,0.004424778761061947,0.0,0.11504424778761062,0.30973451327433627,0.017699115044247787,0.0,0.0,0.0,0.0,0.0,-10.978932903637622
s6,3.7644146909342298,2.2128594723193835,23.40223503869781,0.4481410237242729,44.906991560744395,4.535830599021623,1.9782159624413147,0.0,0.0,0.5211267605633803,0.0,0.0,0.29107981220657275,0.0,0.13145539906103287,0.0,0.0,0.056338028169014086,0.0,0.0,-10.545101923307842
s7,3.9396076883700597,2.007450295742377,22.074697226122822,0.40754850019263256,42.89988328850284,3.1907482171958668,2.017184466019417,0.1262135922330097,0.0,0.5145631067961165,0.0,0.0,0.22330097087378642,0.11650485436893204,0.019417475728155338,0.0,0.0,0.0,0.0,0.0,-10.752073121523507
s8,3.4697827592598856,1.9705584710112947,24.832499569026897,0.3750136699841821,44.49983922769616,3.735438555751883,2.098125,0.017857142857142856,0.0,0.46875,0.0,0.0,0.24107142857142858,0.0,0.18303571428571427,0.0,0.08035714285714286,0.0,0.008928571428571428,0.0,-10.384259893486323
s9,3.340521301362039,2.0003409087508985,24.066569914789543,0.39352342490328823,44.290578246545415,3.796863844671051,2.0303196347031967,0.0,0.0,0.54337899543379,0.0,0.0,0.2465753424657534,0.0,0.2100456621004566,0.0,0.0,0.0,0.0,0.0,-10.646064425580263
s10,3.4701559679357117,1.9839643839470371,24.34631622324434,0.3032910390515606,40.968973506700834,5.543791578803485,2.1823360655737702,0.045081967213114756,0.0,0.5942622950819673,0.0,0.0,0.15163934426229508,0.0,0.14344262295081966,0.06557377049180328,0.0,0.0,0.0,0.0,-10.09149526642792
s11,3.443871680174125,3.0804153254518627,21.992230182506944,0.564588685908046,43.55324016535693,3.080712559541102,2.1812871287128712,0.0,0.0,0.0,0.31683168316831684,0.0,0.38613861386138615,0.0,0.039603960396039604,0.0,0.034653465346534656,0.06930693069306931,0.0,0.15346534653465346,-10.845920151359234
s12,3.4059281063047258,2.2843124384766815,23.351007304132338,0.40188371926576333,41.921493427891114,2.1901625140482865,2.161184210526316,0.0,0.0,0.4780701754385965,0.0,0.07894736842105263,0.24561403508771928,0.0,0.10526315789473684,0.0,0.0,0.09210526315789473,0.0,0.0,-10.183487235929379
s13,3.899387233815752,2.7257278307960866,25.209241180318614,0.2969150796641382,41.41518193909483,4.647120503637297,2.230632411067193,0.0,0.0,0.6086956521739131,0.0,0.0,0.1067193675889328,0.02766798418972332,0.0,0.0,0.0,0.25691699604743085,0.0,0.0,-9.753325940300352
s14,3.702017284370191,1.9970055588374238,23.281675799917,0.3821787932646424,42.87708626484716,4.534373757047304,2.0586425339366516,0.06334841628959276,0.0,0.5429864253393665,0.0,0.0,0.22624434389140272,0.0,0.167420814479638,0.0,0.0,0.0,0.0,0.0,-10.60029839038564
s15,3.267787762966846,2.5597821385877046,27.482270337881783,0.40343036876208066,50.34567171141371,6.597252450260268,2.0155045871559634,0.0,0.0,0.43119266055045874,0.0,0.0,0.2798165137614679,0.0,0.11467889908256881,0.0,0.0,0.05963302752293578,0.0,0.11467889908256881,-10.105231924918035
s16,3.1487329134572764,2.136514525480516,21.91694753127767,0.4059734764653831,42.413352167009506,5.697701118014736,2.075454545454545,0.23923444976076555,0.0,0.4449760765550239,0.0,0.0,0.24401913875598086,0.0,0.0,0.0,0.0,0.0,0.07177033492822966,0.0,-10.414293243903604
s17,3.5371813972001265,2.0966236863774568,23.124865077131044,0.40063495146308914,41.77394981675282,3.1635440856038537,2.0663392857142857,0.0,0.0,0.5446428571428571,0.0,0.008928571428571428,0.23214285714285715,0.10267857142857142,0.0,0.11160714285714286,0.0,0.0,0.0,0.0,-10.503390235281902
s18,3.5066404767048263,2.283156195533974,18.41229353050768,0.5312356060722699,37.98746875767897,2.6962556756369143,2.1766326530612248,0.18877551020408162,0.0,0.17857142857142858,0.2602040816326531,0.0,0.3163265306122449,0.0,0.01020408163265306,0.0,0.0,0.0,0.0,0.04591836734693878,-10.678945123547713
s19,2.8438249990741182,3.2313151666733817,34.50144951700675,0.26587447522567326,51.579667027925126,9.154625545003947,2.310401337792642,0.0,0.0,0.3779264214046823,0.0,0.0,0.10033444816053512,0.0,0.0,0.023411371237458192,0.0,0.20735785953177258,0.0,0.2909698996655518,-9.206669114586937
s20,3.4641337656417273,1.9471208257231176,25.399061749779868,0.28694940369760596,42.38783815195052,3.7225632269393074,2.1765873015873014,0.0,0.0,0.5992063492063492,0.0,0.0,0.1349206349206349,0.0,0.26587301587301587,0.0,0.0,0.0,0.0,0.0,-10.480818532178597
s21,3.5741463144176464,2.057018658258049,21.99509347817763,0.5127845248878043,45.64573162675577,3.92294389402469,1.898652849740933,0.06217616580310881,0.0,0.48186528497409326,0.0,0.0,0.34196891191709844,0.06735751295336788,0.0,0.046632124352331605,0.0,0.0,0.0,0.0,-10.712077430376672
s22,3.848541481961301,2.223086149609455,22.140543482377474,0.38299029227916903,37.88839483251921,2.6666365720828478,2.241522633744856,0.03292181069958848,0.0,0.5020576131687243,0.0,0.0823045267489712,0.2222222222222222,0.0,0.0,0.12345679012345678,0.0,0.037037037037037035,0.0,0.0,-10.18886686701965
s23,3.16615691360449,2.4581314964070113,26.36233221930859,0.46477691356464473,51.95682951960822,2.73909007802838,1.953793103448276,0.0,0.0,0.28078817733990147,0.0,0.0,0.3448275862068966,0.1477832512315271,0.0,0.0,0.0,0.0,0.22660098522167488,0.0,-10.429744504267298
s24,2.6103229084122788,1.7006634752158178,25.3023973615195,0.24710966019850836,42.170662269199134,3.784766212238286,2.3701999999999996,0.276,0.0,0.352,0.0,0.0,0.124,0.0,0.0,0.0,0.248,0.0,0.0,0.0,-9.48579731584702
s25,3.149837461342267,2.6251330933756845,32.06251242680661,0.29695383239254614,54.55080239283069,3.752486896428846,2.137061224489796,0.09387755102040816,0.0,0.3469387755102041,0.0,0.0,0.1510204081632653,0.1673469387755102,0.0,0.0,0.0,0.0,0.0,0.24081632653061225,-9.737745706155478
s26,3.3990529181325626,2.0564804264329384,22.09280560684358,0.4573691659821177,43.966870564114416,4.885664455710958,2.035771144278607,0.19402985074626866,0.0,0.38308457711442784,0.0,0.0,0.3034825870646766,0.0,0.0,0.0,0.07960199004975124,0.0,0.03980099502487562,0.0,-10.276627330012523
s27,3.666250942157918,2.7861272402295834,21.67615493882239,0.3616103358452328,37.159122752267,2.7387530166690133,2.33175,0.0,0.0,0.38333333333333336,0.2,0.0,0.16666666666666666,0.0,0.025,0.0,0.0,0.225,0.0,0.0,-10.42063708282911
s28,3.4297410407925417,2.0614146154364987,23.859650562774,0.337531671615568,41.665359937978465,2.631287918316342,2.1104273504273507,0.0,0.0,0.5726495726495726,0.0,0.0,0.15384615384615385,0.18803418803418803,0.0,0.08547008547008547,0.0,0.0,0.0,0.0,-10.517818180582573
s29,3.4413539225813663,2.7018818806192777,20.557578935981176,0.3905551188168823,33.56870484483001,1.6311887961031122,2.5562790697674416,0.0,0.0,0.31007751937984496,0.0,0.3023255813953488,0.20930232558139536,0.0,0.0,0.0,0.0,0.17829457364341086,0.0,0.0,-10.121343267493344
s30,3.5434943120791553,2.334040739665963,24.23050103521587,0.5110967937160327,49.73629159860104,7.435898966318622,1.9286153846153846,0.08205128205128205,0.0,0.3333333333333333,0.0,0.0,0.39487179487179486,0.0,0.0,0.035897435897435895,0.0,0.0,0.15384615384615385,0.0,-10.231289966000991
s31,3.2358815813392194,2.3937476653210066,24.931863812357484,0.45567393793212607,47.823847858249316,7.378686316636301,2.0208056872037914,0.08530805687203792,0.0,0.33649289099526064,0.0,0.0,0.3412322274881517,0.0,0.0,0.052132701421800945,0.0,0.0,0.1848341232227488,0.0,-10.112376369187167
s32,3.578113574516582,2.6061675816790237,24.93853520708835,0.3745107139673548,43.596254139798894,4.579542312644264,2.14656779661017,0.0,0.0,0.5042372881355932,0.0,0.0,0.211864406779661,0.0,0.0,0.0,0.06779661016949153,0.21610169491525424,0.0,0.0,-9.964220742139501
s33,3.059375246080943,2.3063495272619474,33.034277355456204,0.20024271721640385,48.47085555894043,4.279356929502267,2.4125477707006366,0.0,0.0,0.39171974522292996,0.0,0.0,0.06687898089171974,0.0,0.21656050955414013,0.0,0.0,0.03503184713375796,0.2898089171974522,0.0,-9.477545447995979
s34,2.7947792563933405,2.357653670677822,26.26453308736046,0.4059451357356698,49.331644755390094,2.345555330232261,2.01875,0.0,0.0,0.35185185185185186,0.0,0.0,0.25925925925925924,0.20833333333333334,0.0,0.0,0.0,0.0,0.18055555555555555,0.0,-10.444195626561289
s35,3.531706412611815,2.0245085525159117,23.415445854655054,0.4567270303558595,45.72638954635468,3.849031771464352,1.9483091787439613,0.0,0.0,0.5120772946859904,0.0,0.0,0.30917874396135264,0.0,0.178743961352657,0.0,0.0,0.0,0.0,0.0,-10.672009762114618
s36,3.236019995604671,2.389631836155332,22.641981698155252,0.30597554387898174,35.207037475702926,1.9145951972054915,2.5434982332155474,0.0,0.0,0.4134275618374558,0.0,0.2226148409893993,0.1519434628975265,0.0,0.0,0.08480565371024736,0.007067137809187279,0.12014134275618374,0.0,0.0,-9.780116365898552
s37,4.024209521510407,2.6930474700384246,24.248468851252884,0.3881342003012747,43.300837234380126,5.439116685035184,2.0987999999999998,0.0,0.0,0.56,0.0,0.0,0.21333333333333335,0.0,0.0,0.0,0.0,0.22666666666666666,0.0,0.0,-10.08545543917926
s38,3.524127067427585,1.9052054970590735,20.81608000758587,0.2587712038039323,36.82844924419036,5.783489037690222,2.248695652173913,0.34782608695652173,0.0,0.5652173913043478,0.0,0.0,0.08695652173913043,0.0,0.0,0.0,0.0,0.0,0.0,0.0,-10.135315448324333
s39,3.4060149102773454,2.2046767312139135,24.32061905604915,0.4811730857643522,49.90793702126754,2.230792681254545,1.8945685279187818,0.0,0.0,0.4010152284263959,0.0,0.0,0.3248730964467005,0.18781725888324874,0.0,0.0,0.0,0.0,0.08629441624365482,0.0,-10.852209499951929
s40,3.8023015167004757,2.3957296160454864,23.361489603865095,0.38738817155396094,41.05958778861135,5.815029908702627,2.1057758620689655,0.0,0.0,0.5689655172413793,0.0,0.0,0.21551724137931033,0.03017241379310345,0.0,0.09051724137931035,0.0,0.09482758620689655,0.0,0.0,-10.263067324622957
s41,4.574507078684537,2.637535035859997,22.109355193099166,0.43114934549933354,39.20955960026178,1.8173715978538054,2.2651541850220265,0.0,0.0,0.41409691629955947,0.0,0.14977973568281938,0.2555066079295154,0.0,0.0,0.0,0.0,0.18061674008810572,0.0,0.0,-10.093349512767624
s42,3.45999828265804,1.9845786635477354,25.6030761193689,0.2539743208713006,40.15027845991939,5.343254352920361,2.2730434782608695,0.0,0.0,0.6376811594202898,0.0,0.0,0.10144927536231885,0.06521739130434782,0.0,0.1956521739130435,0.0,0.0,0.0,0.0,-9.426718491799877
s43,3.02801994643085,1.921124240484219,19.806998479663037,0.33677713117129165,34.12008497226625,1.9042886280429996,2.469152542372881,0.24152542372881355,0.0,0.3220338983050847,0.0,0.19915254237288135,0.17796610169491525,0.0,0.0,0.0,0.059322033898305086,0.0,0.0,0.0,-10.070214401638703
s44,3.0209313570815524,2.2794861239925077,27.863439532533302,0.3270001605334995,47.007707510668475,4.314783958359001,2.1701612903225804,0.0,0.0,0.40725806451612906,0.0,0.0,0.20967741935483872,0.0,0.1975806451612903,0.0,0.0,0.0,0.18548387096774194,0.0,-10.107453572626905
s45,3.0741741658460535,2.1065640078252708,19.328104088218833,0.4293012005975132,35.17081235725065,2.1929379530025495,2.2905405405405403,0.0,0.0,0.26576576576576577,0.28378378378378377,0.0,0.23423423423423423,0.0,0.21621621621621623,0.0,0.0,0.0,0.0,0.0,-10.925120387988057
s46,3.096565322244517,3.3184733841585037,24.64078543965595,0.46997997727148216,45.380113184699724,2.777842573825286,2.2820361990950224,0.0,0.0,0.0,0.334841628959276,0.0,0.3167420814479638,0.0,0.0,0.0,0.0,0.14027149321266968,0.0,0.2081447963800905,-10.616755040953587
s47,3.0448697049224482,2.4260292129524315,29.34676527077325,0.3297313518548231,50.16007397344936,4.385557694812018,2.106721991701245,0.0,0.0,0.44398340248962653,0.0,0.0,0.1950207468879668,0.11618257261410789,0.03319502074688797,0.07053941908713693,0.0,0.0,0.0,0.14107883817427386,-9.765536505617755
s48,3.524144362121474,2.7750380610970087,25.697966981533995,0.42834499129249387,47.07694791575137,5.76019581551432,2.063073394495413,0.0,0.0,0.4036697247706422,0.0,0.0,0.2889908256880734,0.0,0.0,0.0,0.0,0.1651376146788991,0.14220183486238533,0.0,-10.124997502058385
s49,3.4768659140765483,2.0651634404917147,23.112805043723764,0.4435499172677955,44.91733810384059,2.450820180146168,1.9585436893203885,0.0,0.0,0.5145631067961165,0.0,0.0,0.2669902912621359,0.1650485436893204,0.0,0.05339805825242718,0.0,0.0,0.0,0.0,-10.8086868155411
s50,4.20452242094075,2.7261837762997616,24.937411104631046,0.33717370517199213,42.44665719937203,5.396389337335215,2.1738750000000002,0.0,0.0,0.5875,0.0,0.0,0.15833333333333333,0.0,0.0,0.0,0.0,0.25416666666666665,0.0,0.0,-9.818933987263549
s51,2.9128128800700526,2.566410562670203,29.205338822395543,0.3141591529955927,46.76331037633569,5.009856894155916,2.256022304832714,0.0,0.0,0.4349442379182156,0.0,0.04460966542750929,0.19330855018587362,0.0,0.0,0.137546468401487,0.0,0.04460966542750929,0.0,0.1449814126394052,-9.400417041876688
s52,2.8997407968906344,1.9861343436387673,24.87417225084676,0.29107729209174965,41.857227787631814,3.1890050462505606,2.1658196721311476,0.0,0.0,0.5942622950819673,0.0,0.0,0.12295081967213115,0.06557377049180328,0.21721311475409835,0.0,0.0,0.0,0.0,0.0,-10.595550218799797
s53,3.7130615352040635,2.0811586431404936,24.074723605891126,0.32834315544429377,39.50723873787263,12.103046139009356,2.196328125,0.0,0.0,0.609375,0.0,0.0,0.18359375,0.0,0.0,0.20703125,0.0,0.0,0.0,0.0,-9.733605463688129
s54,2.619247257306504,2.406743032277012,26.460546326568917,0.3384261388433282,46.404689453311185,2.8095596127118725,2.248085106382979,0.17446808510638298,0.0,0.33617021276595743,0.0,0.09361702127659574,0.2127659574468085,0.0,0.0425531914893617,0.0,0.0,0.0,0.0,0.14042553191489363,-9.782109324334392
s55,4.0146595495814,2.0764953772765957,22.688343415256504,0.507531003504697,46.32203447281533,3.0440632666577625,1.891122448979592,0.0,0.0,0.4897959183673469,0.0,0.0,0.34183673469387754,0.10204081632653061,0.0,0.0663265306122449,0.0,0.0,0.0,0.0,-10.796238161139199
s56,3.8035077257309955,2.610859375562264,25.068339574863277,0.4730248105919983,48.94294869378068,6.224058017101845,1.9885365853658536,0.04390243902439024,0.0,0.35609756097560974,0.0,0.0,0.3463414634146341,0.0,0.0,0.0,0.0,0.0975609756097561,0.15609756097560976,0.0,-10.215520058048263
s57,3.3376274065699523,2.4433770433095563,23.638548935284895,0.5347046365926674,48.80216554381397,5.0529396569584035,1.9053645833333333,0.0,0.0,0.40625,0.0,0.0,0.390625,0.0,0.0,0.0,0.057291666666666664,0.125,0.020833333333333332,0.0,-10.468437745906467
s58,3.463938025442573,1.9197590051924698,19.60725415918308,0.2620249232437814,30.81139939300198,2.061350124499374,2.7334545454545456,0.0,0.0,0.0,0.4909090909090909,0.0,0.10909090909090909,0.0,0.2545454545454545,0.0,0.14545454545454545,0.0,0.0,0.0,-10.84574133722841
s59,3.5280395370865,1.9459530387588184,25.12383694225848,0.42276883051535297,45.75397947208051,3.579179629795304,2.1014732142857144,0.0,0.0,0.33035714285714285,0.0,0.0,0.3080357142857143,0.0,0.14285714285714285,0.0,0.21875,0.0,0.0,0.0,-10.145360940190422
s60,2.6208587726895662,2.578183150573948,33.007221130781026,0.2699153335407043,50.198482136396116,18.76812731791296,2.2697945205479453,0.0,0.0,0.4383561643835616,0.0,0.0,0.1541095890410959,0.0,0.0,0.18835616438356165,0.0,0.0,0.0,0.2191780821917808,-8.986869612359977
s61,4.04879312150457,2.3576312290180956,22.930043660837526,0.5288186903911671,48.153091687758824,3.419386523489263,1.8674603174603173,0.0,0.0,0.47619047619047616,0.0,0.0,0.35978835978835977,0.06349206349206349,0.0,0.0,0.0,0.10052910052910052,0.0,0.0,-10.800480657223403
s62,3.267142263589631,2.3719079563387973,25.787387908249332,0.4305862619520231,48.811841397757696,3.8630239205795847,1.9718867924528305,0.0,0.0,0.44339622641509435,0.0,0.0,0.28773584905660377,0.1179245283018868,0.0,0.0660377358490566,0.0,0.0,0.0,0.08490566037735849,-10.387712611438035
s63,3.0014939859416887,1.7846279158792486,28.488525079661496,0.28475347020658887,45.65028717584308,3.294071706714515,2.3150375939849623,0.0,0.0,0.3383458646616541,0.0,0.0,0.18045112781954886,0.0,0.19548872180451127,0.0,0.2857142857142857,0.0,0.0,0.0,-9.805291275813545
s64,3.730972462680511,2.745457756809037,25.668470042001715,0.3675082261456515,44.68215155459561,5.482383715426191,2.139744680851064,0.0,0.0,0.502127659574468,0.0,0.0,0.20851063829787234,0.0,0.0,0.0,0.0,0.2170212765957447,0.07234042553191489,0.0,-9.901844942075778
s65,4.313947748062746,2.08730039263822,15.90519295283225,0.6382015758490788,34.83994646810877,2.3579704077104893,2.1501086956521736,0.18478260869565216,0.0,0.15217391304347827,0.30434782608695654,0.0,0.358695652173913,0.0,0.0,0.0,0.0,0.0,0.0,0.0,-10.920576560071952
s66,3.6463114414186744,2.0055879054158923,23.438214752798533,0.34679473043380615,42.77474192385728,2.5865821436148937,2.073607305936073,0.0547945205479452,0.0,0.547945205479452,0.0,0.0,0.1598173515981735,0.1780821917808219,0.0593607305936073,0.0,0.0,0.0,0.0,0.0,-10.856833200721594
s67,4.076741330419331,2.040076602531751,21.537730970890884,0.485810857618294,43.075461941781825,4.924872093929238,1.9832673267326735,0.11386138613861387,0.0,0.48514851485148514,0.0,0.01485148514851485,0.3217821782178218,0.0,0.0,0.06435643564356436,0.0,0.0,0.0,0.0,-10.390835996724144
s68,3.308077990733622,1.9523720829092743,14.733786670061107,0.3576635374566498,27.22004655994344,1.9697923936224944,2.532293577981651,0.3119266055045872,0.0,0.11926605504587157,0.42201834862385323,0.0,0.14678899082568808,0.0,0.0,0.0,0.0,0.0,0.0,0.0,-10.885334192162443
s69,3.409161607776376,2.26676012776712,23.302010698806022,0.466901950180617,47.07476908849696,5.888189762437833,1.9923000000000002,0.175,0.0,0.36,0.0,0.0,0.33,0.0,0.0,0.0,0.0,0.0,0.135,0.0,-10.24456892212065
s70,3.0907150615489862,2.0157038020781215,20.058581132676398,0.4024487588005465,38.981770880484284,5.898178320306038,2.0807766990291263,0.27184466019417475,0.0,0.5145631067961165,0.0,0.0,0.21359223300970873,0.0,0.0,0.0,0.0,0.0,0.0,0.0,-10.700809547943384
s71,3.424246785083682,2.2677033334957524,23.469007345722947,0.5143433623931762,47.9058088087953,4.7648434173160386,1.9454040404040407,0.04040404040404041,0.0,0.3888888888888889,0.0,0.0,0.37373737373737376,0.0,0.0,0.0,0.10101010101010101,0.09595959595959595,0.0,0.0,-10.288330356972363
s72,2.783864580865537,1.732509024488019,24.052357268066995,0.24401372204484567,40.990637034311334,4.104307390645905,2.323884297520661,0.30578512396694213,0.0,0.4380165289256198,0.0,0.0,0.10743801652892562,0.0,0.0,0.0,0.1487603305785124,0.0,0.0,0.0,-9.617312364322798
s73,2.880469646588968,2.2674652187979807,23.93897012536691,0.3836151473477543,45.289943480423844,7.0670994103422995,2.067857142857143,0.20476190476190476,0.0,0.4523809523809524,0.0,0.0,0.23333333333333334,0.0,0.03333333333333333,0.0,0.0,0.0,0.0,0.0761904761904762,-10.233886766387013
s74,3.8998188298236798,2.5007874555697467,23.27311664853584,0.5185698653964351,47.771134173310394,5.587673199147412,1.9,0.0,0.0,0.48717948717948717,0.0,0.0,0.358974358974359,0.0,0.0,0.0,0.0,0.15384615384615385,0.0,0.0,-10.574005975171787
s75,3.1597798227973537,2.7656017771862587,28.103099993400978,0.39932748201879364,51.95531091216989,9.099147483435763,2.0335454545454543,0.07727272727272727,0.0,0.38636363636363635,0.0,0.0,0.2772727272727273,0.0,0.0,0.0,0.0,0.10454545454545454,0.0,0.15454545454545454,-9.794665328387646
s76,3.0447449267068643,2.3052096295813667,30.17643414328998,0.21110627955335567,43.60295329955557,15.58870057920768,2.384420731707317,0.0,0.0,0.5792682926829268,0.0,0.0,0.06707317073170732,0.0,0.0,0.24085365853658536,0.0,0.0,0.0,0.11280487804878049,-8.856290587734449
s77,3.7645311094487677,2.0423688166873832,21.115573765331327,0.6119048179949081,49.26967211910642,3.6713340375953765,1.7736,0.09142857142857143,0.0,0.42857142857142855,0.0,0.0,0.42857142857142855,0.05142857142857143,0.0,0.0,0.0,0.0,0.0,0.0,-10.95716540838957
s78,2.575026248962134,1.7044080918898683,24.817939691616903,0.23565024431190248,41.53206234107323,3.9089817107494533,2.360894308943089,0.2967479674796748,0.0,0.3983739837398374,0.0,0.0,0.10569105691056911,0.0,0.0,0.0,0.1991869918699187,0.0,0.0,0.0,-9.423245183962534
s79,3.687543227586591,2.003423222001025,16.839257665717355,0.5136113647860996,34.56479205068299,2.4366009086788183,2.219333333333333,0.23076923076923078,0.0,0.2205128205128205,0.26666666666666666,0.0,0.28205128205128205,0.0,0.0,0.0,0.0,0.0,0.0,0.0,-10.733876360631793
s80,3.8789581314945867,1.9888911934289433,20.519088562737732,0.4574196333051406,41.893139148922884,5.968849533185504,1.9986734693877553,0.23469387755102042,0.0,0.4897959183673469,0.0,0.0,0.2755102040816326,0.0,0.0,0.0,0.0,0.0,0.0,0.0,-10.545539665112976
s81,3.51245702192179,2.37624712578276,23.47874440465004,0.41176914627416616,44.419246170959525,1.8012751055139284,2.0891904761904763,0.0,0.0,0.3333333333333333,0.12380952380952381,0.0,0.21428571428571427,0.2571428571428571,0.0,0.0,0.0,0.0,0.0,0.07142857142857142,-10.9409977662283
s82,2.829492844490112,2.1782809487945975,32.234943406043065,0.25179397507384804,50.34446217348294,4.305596490908502,2.2831294964028777,0.0,0.0,0.39928057553956836,0.0,0.0,0.13309352517985612,0.0,0.22661870503597123,0.0,0.11510791366906475,0.0,0.0,0.12589928057553956,-9.78194462101475
s83,4.222820582001751,2.0695024826232253,18.754000783597625,0.3366609028434074,29.486059035482974,3.6997535449868044,2.7096691176470586,0.0,0.0,0.0,0.4632352941176471,0.0,0.1801470588235294,0.0,0.0,0.18382352941176472,0.17279411764705882,0.0,0.0,0.0,-10.594679198329725
s84,2.975718099804795,2.90487922537039,32.74774500294934,0.22269688613863353,47.61942736667404,5.063477563538128,2.45410094637224,0.0,0.0,0.35331230283911674,0.0,0.0,0.0694006309148265,0.0,0.0,0.0,0.0,0.24290220820189273,0.334384858044164,0.0,-9.159080169182017
s85,3.677209453798497,2.6068625068656712,24.8575205010196,0.30709587198801885,40.590128413057315,4.821558938218123,2.246589147286822,0.0,0.0,0.5930232558139535,0.0,0.011627906976744186,0.13178294573643412,0.0,0.0,0.050387596899224806,0.007751937984496124,0.2054263565891473,0.0,0.0,-9.77339364161288
s86,3.1142746110935606,2.8597772619951645,30.432170483390472,0.25118145247004003,46.28893299842029,5.2320402453546215,2.369515570934256,0.0,0.0,0.42214532871972316,0.0,0.0,0.09688581314878893,0.0,0.0,0.0,0.0,0.24567474048442905,0.23529411764705882,0.0,-9.376378428339525
s87,2.884033251266946,2.7553823701053606,31.070836953217,0.4369996119130983,59.34249940614417,8.198529728217345,1.9187735849056604,0.0,0.0,0.2783018867924528,0.0,0.0,0.36792452830188677,0.0,0.10849056603773585,0.0,0.0,0.0,0.0,0.24528301886792453,-9.99601181204037
s88,4.188792684370235,2.122793013255089,22.69316005047166,0.4931589820662767,43.13744838422988,7.346875301946715,1.9977251184834122,0.0,0.0,0.4597156398104265,0.0,0.0,0.3459715639810427,0.0,0.0,0.12796208530805686,0.06635071090047394,0.0,0.0,0.0,-10.400548737168593
s89,3.0361983076755337,1.7007024504837447,19.723897815185836,0.2432680020623653,32.53162366920263,2.624881307530337,2.6959055118110236,0.28346456692913385,0.0,0.0,0.3543307086614173,0.0,0.11023622047244094,0.0,0.0,0.0,0.25196850393700787,0.0,0.0,0.0,-9.917425131815216
s90,3.58010589760623,2.857701175368586,23.561046940585644,0.2840710954980071,37.92753897752813,2.9383265112266983,2.3929545454545456,0.0,0.0,0.4734848484848485,0.14772727272727273,0.0,0.09090909090909091,0.0,0.0,0.0,0.0,0.2878787878787879,0.0,0.0,-9.955485223405955
s91,2.837193302192411,1.7717416421633532,27.36214654226756,0.2907222823069064,44.726585694091185,3.5950319063663168,2.326156862745098,0.08235294117647059,0.0,0.3058823529411765,0.0,0.0,0.1843137254901961,0.0,0.12156862745098039,0.0,0.3058823529411765,0.0,0.0,0.0,-9.689141318286843
s92,4.473180271209432,2.999196532737797,21.32601494237025,0.285779645882333,34.12162390779238,2.4760227028427,2.5238257575757572,0.0,0.0,0.3371212121212121,0.2878787878787879,0.0,0.08333333333333333,0.0,0.0,0.0,0.0,0.2916666666666667,0.0,0.0,-10.73439037606083
s93,3.564895363341946,2.017159219208609,22.849039807314227,0.40675542115927876,42.71777007454397,5.651650616163759,2.0413023255813956,0.07441860465116279,0.0,0.5348837209302325,0.0,0.0,0.25116279069767444,0.0,0.10232558139534884,0.037209302325581395,0.0,0.0,0.0,0.0,-10.430889732227175
s94,3.3033022115340835,2.382295020291223,23.737953383932023,0.4079603891186803,42.57759892673525,5.126988165429308,2.182654867256637,0.07964601769911504,0.0,0.3141592920353982,0.084070796460177,0.0,0.2743362831858407,0.0,0.0,0.08849557522123894,0.0,0.0,0.1592920353982301,0.0,-10.006191250350966
s95,2.9148345777603,2.008175091515832,22.9287622834885,0.3831058250585562,43.7730916321144,2.2840392656512267,2.019285714285714,0.07142857142857142,0.0,0.5238095238095238,0.0,0.0,0.19047619047619047,0.21428571428571427,0.0,0.0,0.0,0.0,0.0,0.0,-10.890739531878005
s96,3.1057739519192835,1.9411179665361944,25.942523546304656,0.23805160818109222,41.20283151471912,3.846094782744698,2.2562962962962962,0.0,0.0,0.6296296296296297,0.0,0.0,0.07407407407407407,0.06296296296296296,0.17037037037037037,0.06296296296296296,0.0,0.0,0.0,0.0,-9.918374803015556
s97,3.7821822353846732,2.705739704716377,21.656639890023285,0.47750830554653734,41.34449433549899,3.0539948709007225,2.1023809523809525,0.0,0.0,0.40476190476190477,0.11904761904761904,0.0,0.2857142857142857,0.0,0.0,0.0,0.0,0.19047619047619047,0.0,0.0,-10.716721711718279
s98,3.6164578541688615,2.1478845041249084,21.0321061180393,0.5167836942328851,39.97994946762429,2.000224702677173,2.104739336492891,0.0,0.0,0.41232227488151657,0.0,0.11374407582938388,0.3459715639810427,0.023696682464454975,0.0,0.10426540284360189,0.0,0.0,0.0,0.0,-10.56559269354666
s99,2.714539289480552,1.8235241267615083,27.601599430683894,0.26098173886275405,45.88080435166658,1.8116527554395985,2.2402390438247015,0.0,0.0,0.41832669322709165,0.0,0.0,0.08764940239043825,0.3107569721115538,0.0,0.0,0.18326693227091634,0.0,0.0,0.0,-9.967493900150831
s100,3.762240841348288,2.028610484267375,21.44311533132403,0.5600228665359586,47.278194043762625,4.803405429623575,1.8410928961748636,0.09836065573770492,0.0,0.453551912568306,0.0,0.0,0.3879781420765027,0.01639344262295082,0.04371584699453552,0.0,0.0,0.0,0.0,0.0,-10.729692331214972
s101,3.385308010812161,1.996351817539801,19.69087431432571,0.2846530361262584,31.771165304709577,1.7848152057570883,2.6528136882129276,0.0,0.0,0.0,0.42585551330798477,0.0,0.09505703422053231,0.19011406844106463,0.09505703422053231,0.0,0.19391634980988592,0.0,0.0,0.0,-10.6846536840003
s102,3.100552614245205,1.9358870382078968,25.241510569833842,0.37360301966770165,46.24075045566196,1.9318465150959618,2.0838073394495416,0.0,0.0,0.3944954128440367,0.0,0.0,0.21100917431192662,0.24311926605504589,0.0,0.0,0.15137614678899083,0.0,0.0,0.0,-10.421308804408346
s103,3.4758703229578387,2.0296996801316607,20.696438012394687,0.47535745899106663,42.48216223596805,4.3405123938617445,1.986051282051282,0.13333333333333333,0.05128205128205128,0.4358974358974359,0.0,0.0,0.28717948717948716,0.03076923076923077,0.06153846153846154,0.0,0.0,0.0,0.0,0.0,-10.942331381423166
s104,3.0183003140400886,1.8092132396154343,27.989240443872625,0.2553234273814302,44.453499528503585,3.3135951047712924,2.299074074074074,0.0,0.0,0.46296296296296297,0.0,0.0,0.12962962962962962,0.0,0.24074074074074073,0.0,0.16666666666666666,0.0,0.0,0.0,-9.792178750100351
s105,4.378873892189275,2.864431552858697,27.708418211523725,0.2829254016740275,44.4002364112368,6.312925390472832,2.2568421052631575,0.0,0.0,0.5639097744360902,0.0,0.0,0.10526315789473684,0.0,0.0,0.0,0.0,0.2706766917293233,0.0,0.06015037593984962,-9.46916607815545
s106,3.5800722409446557,1.9872182630822945,24.047849816533777,0.320460726421427,41.152306376181045,2.9900007224062817,2.180164609053498,0.0,0.0,0.5349794238683128,0.04938271604938271,0.0,0.1646090534979424,0.0,0.25102880658436216,0.0,0.0,0.0,0.0,0.0,-10.584622140086196
s107,4.089976434856793,1.769995735117869,24.266562459161094,0.2019992080049198,34.46259710586746,4.309484596208645,2.8576923076923073,0.0,0.0,0.0,0.38461538461538464,0.0,0.09763313609467456,0.0,0.0,0.19822485207100593,0.31952662721893493,0.0,0.0,0.0,-10.325484526605473
s108,3.2921969818045143,2.0778766735357457,21.995286190962844,0.48550448311784417,43.34365219983854,2.9131044469372056,1.9875621890547264,0.0,0.0,0.44776119402985076,0.05970149253731343,0.0,0.31840796019900497,0.0,0.17412935323383086,0.0,0.0,0.0,0.0,0.0,-10.966452296702375
s109,3.3938148247246693,1.9750186543451942,25.378834048316616,0.3579999403892644,42.5266948917738,6.26626494847622,2.2020967741935484,0.0,0.0,0.45161290322580644,0.0,0.0,0.24193548387096775,0.0,0.0,0.16129032258064516,0.14516129032258066,0.0,0.0,0.0,-9.68501099832134
s110,3.3294575014855567,2.494518118757403,26.188596707257503,0.22940454634596016,39.69209188443711,2.2413011774659473,2.657731958762887,0.0,0.0,0.0,0.35051546391752575,0.0,0.08247422680412371,0.10309278350515463,0.15463917525773196,0.0,0.0,0.0,0.30927835051546393,0.0,-10.21167297845468
s111,3.6680708037903544,2.0046479521351053,24.30176479197519,0.2818483036819995,38.430697810565405,5.136971809327665,2.319191176470588,0.0,0.0,0.5588235294117647,0.07352941176470588,0.0,0.14338235294117646,0.0,0.0,0.22426470588235295,0.0,0.0,0.0,0.0,-9.548225973424149
s112,2.8752307153752263,1.7666948286763051,29.155971874016192,0.22417624668627686,44.34137389173293,3.2215908791748986,2.391815068493151,0.0,0.0,0.4143835616438356,0.0,0.0,0.09931506849315068,0.0,0.24315068493150685,0.0,0.24315068493150685,0.0,0.0,0.0,-9.612484086194177
s113,3.59506878285063,2.1687062073052257,27.526439760099983,0.26175212462117087,45.2220081773071,4.581080397084797,2.2137944664031624,0.06324110671936758,0.0,0.5335968379446641,0.0,0.0,0.1067193675889328,0.039525691699604744,0.18181818181818182,0.0,0.0,0.0,0.0,0.07509881422924901,-9.999945447514998
s114,2.970230489593444,1.8578813951538915,27.170503246256644,0.3039494147089678,45.16421400536701,2.3743111948424667,2.2511553784860556,0.0,0.0,0.3545816733067729,0.0,0.0,0.16334661354581673,0.19123505976095617,0.0,0.043824701195219126,0.24701195219123506,0.0,0.0,0.0,-9.854808609964815
s115,3.721557429254138,2.4728655829115262,23.55569164307739,0.4503406828839205,44.96995677314777,5.298243940851449,1.9947619047619047,0.0,0.0,0.5238095238095238,0.0,0.0,0.2857142857142857,0.0,0.047619047619047616,0.0,0.0,0.14285714285714285,0.0,0.0,-10.399712110766242
s116,2.8993602167601225,2.6813183063401977,29.899879183674003,0.23855346837670968,45.46631112981355,5.127036053893362,2.3624067796610166,0.0,0.0,0.46779661016949153,0.0,0.0,0.08135593220338982,0.0,0.061016949152542375,0.0,0.0,0.2,0.18983050847457628,0.0,-9.379990081346769
s117,3.9272734541110985,2.023049018799177,15.084654582852362,0.5036135893974071,30.169309165704718,2.083271580063771,2.3593,0.25,0.0,0.12,0.38,0.0,0.25,0.0,0.0,0.0,0.0,0.0,0.0,0.0,-10.825794744975086
s118,3.054547207449154,1.7981094217751186,26.933224342213588,0.2872326449626181,44.36060479894,3.6373347760955137,2.288531746031746,0.07142857142857142,0.0,0.38095238095238093,0.0,0.0,0.17063492063492064,0.0,0.15079365079365079,0.0,0.2261904761904762,0.0,0.0,0.0,-9.826164562609243
s119,4.0676759952082815,2.1732210838218053,20.36387730567396,0.5075580230652603,37.1935279715202,1.9442276096405606,2.2223529411764704,0.0,0.0,0.3755656108597285,0.0,0.17194570135746606,0.334841628959276,0.0,0.0,0.11764705882352941,0.0,0.0,0.0,0.0,-10.564427313269784
s120,3.975573033329519,2.864084311508718,20.537789531695836,0.42991253370303606,36.968021157052505,2.6375489225414683,2.2815999999999996,0.0,0.0,0.3288888888888889,0.22666666666666666,0.0,0.2222222222222222,0.0,0.0,0.0,0.0,0.2222222222222222,0.0,0.0,-10.8307889273345
s121,3.9290293035027952,2.1229512939253166,23.03557542335692,0.41691776415189724,41.03211872285452,12.192329115760836,2.071842105263158,0.0,0.0,0.5614035087719298,0.0,0.0,0.2675438596491228,0.0,0.0,0.17105263157894737,0.0,0.0,0.0,0.0,-10.26626799355756
s122,3.0218716625302733,2.0412393498908252,22.329987767821446,0.5006732695534083,46.07029055255792,1.4050921946395925,1.9436224489795917,0.0,0.0,0.42857142857142855,0.0,0.05612244897959184,0.3163265306122449,0.1989795918367347,0.0,0.0,0.0,0.0,0.0,0.0,-10.982281954572866
s123,3.152726383067497,1.9435993696189477,25.86582336530405,0.36388079880401475,43.34273104456356,5.838764785125746,2.219193548387097,0.0,0.0,0.3870967741935484,0.0,0.0,0.25806451612903225,0.0,0.0,0.14516129032258066,0.20967741935483872,0.0,0.0,0.0,-9.603888342726044
s124,3.0064667331596437,2.0445743293548246,21.398128031869028,0.3461724661087981,36.467232279664096,1.1790027863720283,2.4019834710743804,0.0,0.0,0.35537190082644626,0.0,0.23140495867768596,0.1487603305785124,0.2644628099173554,0.0,0.0,0.0,0.0,0.0,0.0,-10.632057993907749
s125,3.0592036813384085,2.3145005420283162,21.733261494196118,0.3132950890163651,34.98525021016938,2.312106176208445,2.625757575757576,0.0,0.0,0.0,0.3560606060606061,0.0,0.14015151515151514,0.11742424242424243,0.0,0.0,0.26515151515151514,0.12121212121212122,0.0,0.0,-10.382457846265847
s126,3.6546512006414718,2.2029883872955565,15.947759400519432,0.7310894457625683,34.933187258280675,3.368852308029976,2.1629891304347826,0.11413043478260869,0.0,0.0,0.31521739130434784,0.0,0.42934782608695654,0.0,0.0,0.0,0.14130434782608695,0.0,0.0,0.0,-10.889050413672582
s127,3.3514217533915063,1.9831243937727103,24.925819301648463,0.44544990959350805,44.70821557279806,5.403547793911553,2.1359734513274335,0.0,0.0,0.27876106194690264,0.0,0.0,0.3407079646017699,0.0,0.01327433628318584,0.08849557522123894,0.27876106194690264,0.0,0.0,0.0,-9.845406220393139
s128,3.2374728100786094,2.075554512380703,22.77389206251432,0.4470673263030784,42.40655763364735,1.913355691559822,2.124675925925926,0.0,0.0,0.41203703703703703,0.0,0.10185185185185185,0.30092592592592593,0.0,0.16203703703703703,0.0,0.0,0.0,0.023148148148148147,0.0,-10.450310301666356
s129,2.977697696821993,2.465263255812683,26.726301221919258,0.4301126093806625,49.56929371928613,3.8951755335848324,2.0337327188940097,0.0,0.0,0.3087557603686636,0.0,0.0,0.31797235023041476,0.09216589861751152,0.0,0.05069124423963134,0.0,0.0,0.2304147465437788,0.0,-10.122955336742354
s130,4.216934452870551,2.1162412782350435,24.00186911107746,0.2481572079700877,36.89649028245415,4.074575044773599,2.4252249134948096,0.0,0.0,0.5155709342560554,0.13494809688581316,0.0,0.10034602076124567,0.0,0.0,0.2041522491349481,0.0,0.04498269896193772,0.0,0.0,-9.76861227655368
s131,2.994472830385931,2.3718881504026283,30.07390435576748,0.25807231455387397,45.6562382188594,16.544921426396808,2.2938566552901025,0.0,0.0,0.5290102389078498,0.0,0.0,0.1296928327645051,0.0,0.0,0.21160409556313994,0.0,0.0,0.0,0.1296928327645051,-9.046474122629215
s132,4.160326486446628,2.8119534010919587,26.920805518080368,0.28088760744635055,42.97598471259818,5.325100347644062,2.281622641509434,0.0,0.0,0.5509433962264151,0.0,0.0,0.10566037735849057,0.0,0.0,0.0,0.0,0.2679245283018868,0.07547169811320754,0.0,-9.625014409345301
s133,3.2925225368177,2.1852706518380196,18.96727059165617,0.37037222647982737,32.51532101426771,2.1706202138725,2.393416666666667,0.0,0.0,0.2833333333333333,0.3,0.0,0.1625,0.13333333333333333,0.0,0.12083333333333333,0.0,0.0,0.0,0.0,-10.716972975280724
s134,3.7383613039332273,2.1685122947938833,23.601639778442966,0.5101633155069103,48.18668121432107,4.400458933120799,1.8931122448979594,0.0,0.0,0.4336734693877551,0.0,0.0,0.37244897959183676,0.0,0.1377551020408163,0.0,0.0,0.0,0.05612244897959184,0.0,-10.705442296525154
s135,2.978484432880156,2.3955199948149453,28.642600060819326,0.33046877909351846,48.672390313140546,4.5957366585423225,2.1188477366255145,0.0,0.0,0.46502057613168724,0.0,0.0,0.1934156378600823,0.11522633744855967,0.0,0.102880658436214,0.0,0.0,0.0,0.12345679012345678,-9.694963911909298
s136,3.6026245419860454,2.2503590357618677,23.8683810428221,0.4343586546385136,46.61089505532243,2.452582008451581,1.9585024154589374,0.0,0.0,0.5024154589371981,0.0,0.0,0.2560386473429952,0.16908212560386474,0.0,0.0,0.0,0.06280193236714976,0.0,0.00966183574879227,-10.756868722989775
s137,3.7429976660480344,2.8035096778716393,23.91232874817072,0.30550604559779587,39.33963761795832,3.1610863535163762,2.3238431372549018,0.0,0.0,0.4980392156862745,0.10980392156862745,0.0,0.11764705882352941,0.0,0.0,0.0,0.0,0.27450980392156865,0.0,0.0,-9.98478152256037
s138,3.5822460798977507,2.0816204886173466,22.178450637967103,0.5418891626832197,46.50320295057616,3.4927075358626363,1.8694358974358976,0.0,0.0,0.46153846153846156,0.015384615384615385,0.0,0.37948717948717947,0.0,0.14358974358974358,0.0,0.0,0.0,0.0,0.0,-10.955889481748338
s139,2.942016057185816,1.920419027844645,25.80158106737272,0.2878126932869585,44.549492490427724,1.7484594969026364,2.1573750000000005,0.0,0.0,0.49166666666666664,0.0,0.0,0.09583333333333334,0.325,0.0,0.0,0.0875,0.0,0.0,0.0,-10.316847703553506
s140,4.002942559716093,2.573526672497893,19.773100865113953,0.5590066827152333,37.604200752404196,1.6900669210825556,2.239859154929577,0.0,0.0,0.3004694835680751,0.0,0.22535211267605634,0.3568075117370892,0.0,0.0,0.0,0.0,0.11737089201877934,0.0,0.0,-10.397478156890006
s141,2.386557739023921,2.366383381325407,33.498585400677605,0.2079650134382628,47.34097606211466,8.272368036092757,2.474035087719298,0.0,0.0,0.3567251461988304,0.0,0.0,0.09941520467836257,0.0,0.0,0.19298245614035087,0.0,0.0,0.3508771929824561,0.0,-9.213968730949691
s142,4.009407709524874,2.1605030086627943,20.965167691745027,0.505940804538233,40.024411047876846,4.201348238862193,2.0602857142857145,0.0,0.0,0.4238095238095238,0.1,0.0,0.3333333333333333,0.0,0.0,0.14285714285714285,0.0,0.0,0.0,0.0,-10.636778035836318
s143,3.051734930065866,1.983283155553668,24.62085299603894,0.3381871330549948,42.994623888605254,3.7553593741500637,2.107008547008547,0.0,0.0,0.5726495726495726,0.0,0.0,0.18803418803418803,0.0,0.23931623931623933,0.0,0.0,0.0,0.0,0.0,-10.587360313026966
s144,3.1396022904527165,1.9372958376255558,23.91587550540136,0.2739853338838703,40.46041951941193,4.78811992297175,2.207854251012146,0.11336032388663968,0.0,0.5910931174089069,0.0,0.0,0.11336032388663968,0.0,0.18218623481781376,0.0,0.0,0.0,0.0,0.0,-10.337199912298317
s145,3.4236746085361407,2.0089254606083435,20.223067787929534,0.3945776132850964,38.948130554530984,3.392575273889291,2.110721153846154,0.22596153846153846,0.0,0.47596153846153844,0.04326923076923077,0.0,0.20192307692307693,0.052884615384615384,0.0,0.0,0.0,0.0,0.0,0.0,-10.781021677898329
s146,4.602970522317103,2.363308306582304,23.023527775888876,0.44105433952428413,42.37103010856865,8.46411074641482,2.036164383561644,0.0,0.0,0.54337899543379,0.0,0.0,0.2785388127853881,0.0,0.0,0.0958904109589041,0.0,0.0821917808219178,0.0,0.0,-10.337857933711122
s147,3.0652341500014373,2.4009562769928428,25.3735160510537,0.4273822984628756,48.20968049700203,2.040292477252505,2.0742105263157895,0.04784688995215311,0.0,0.3397129186602871,0.0,0.08133971291866028,0.2822966507177033,0.1339712918660287,0.009569377990430622,0.0,0.0,0.0,0.0,0.10526315789473684,-10.283271616455046
s148,3.089923689120196,2.1118212152671227,30.181066558602875,0.23138753640570914,46.838376517176016,4.060210704311772,2.3046830985915494,0.0,0.0,0.47183098591549294,0.0,0.0,0.10211267605633803,0.0,0.2535211267605634,0.0,0.0,0.0,0.17253521126760563,0.0,-9.864720671447822
s149,2.784189820377121,2.2886814225261802,31.83695250099146,0.2349398484207372,48.247752759234494,4.478512938010759,2.3790816326530613,0.023809523809523808,0.0,0.3707482993197279,0.0,0.0,0.10204081632653061,0.0,0.1292517006802721,0.0,0.1870748299319728,0.08503401360544217,0.0,0.10204081632653061,-9.42386066898023
s150,3.835050272117034,1.9961543144905105,20.39404936147135,0.43865835694280114,40.38425616132936,2.9381563617712225,2.07005,0.22,0.0,0.47,0.0,0.035,0.255,0.02,0.0,0.0,0.0,0.0,0.0,0.0,-10.551305959316066
s151,3.2319856800291125,2.5566714119566094,36.13105391672031,0.2464699239590768,55.87479922640359,4.4755282627148505,2.237879858657244,0.0,0.0,0.37809187279151946,0.0,0.0,0.10600706713780919,0.13780918727915195,0.04240282685512368,0.06713780918727916,0.0,0.0,0.0,0.26855123674911663,-9.379632354630658
s152,4.097545656073093,2.059905390943628,22.117979138244003,0.56247910664495,47.836559531551,4.799248875691939,1.8301612903225806,0.026881720430107527,0.0,0.46236559139784944,0.0,0.0,0.4032258064516129,0.0,0.0967741935483871,0.010752688172043012,0.0,0.0,0.0,0.0,-10.796539703673181
s153,3.509724899419444,1.9504345931745664,26.345154012974962,0.23765923467933822,39.995492879801326,9.970419646874555,2.329761092150171,0.0,0.0,0.6382252559726962,0.0,0.0,0.10238907849829351,0.0,0.0,0.23890784982935154,0.020477815699658702,0.0,0.0,0.0,-9.164993567433896
s154,3.668052235665332,2.084071755744114,22.157614508335598,0.439703185761263,41.59411846301597,9.443780891087282,2.0332710280373836,0.07476635514018691,0.0,0.5327102803738317,0.0,0.0,0.2803738317757009,0.0,0.0,0.11214953271028037,0.0,0.0,0.0,0.0,-10.344389911148966
s155,4.153926749041198,2.5659941152353434,23.97589759556867,0.35572142035593735,40.860332522025466,6.957347291129116,2.1599999999999997,0.0,0.0,0.5867768595041323,0.0,0.0,0.18181818181818182,0.0,0.0,0.06611570247933884,0.0,0.1652892561983471,0.0,0.0,-10.008129996035114
s156,3.577452173556707,2.4199642488952993,25.782029596650695,0.4866181842073246,50.813126292428,5.156708479629797,1.947192118226601,0.0,0.0,0.3103448275862069,0.0,0.0,0.3842364532019704,0.0,0.10837438423645321,0.0,0.0,0.0,0.19704433497536947,0.0,-10.394750147681412
s157,3.986659485005496,2.5289558989597327,23.104326062439448,0.4383306113650372,43.91903422679933,5.975580326744279,2.024644549763033,0.04739336492890995,0.0,0.5260663507109005,0.0,0.0,0.26540284360189575,0.0,0.0,0.0,0.0,0.16113744075829384,0.0,0.0,-10.284172969533667
s158,3.5325508771017984,2.058998745392429,22.583304507145378,0.4070287021521091,42.368677482432055,6.256832815874886,2.0552830188679243,0.11320754716981132,0.0,0.5141509433962265,0.0,0.0,0.25,0.0,0.06132075471698113,0.04245283018867924,0.0,0.0,0.018867924528301886,0.0,-10.400318572031749
s159,3.1778616863560787,2.152952574575602,26.09982330813143,0.23537331975267603,41.480076328994585,9.740868168954883,2.308352059925094,0.15730337078651685,0.0,0.5655430711610487,0.0,0.0,0.08614232209737828,0.0,0.0,0.12734082397003746,0.0,0.0,0.0,0.06367041198501873,-9.213732669949295
s160,2.931318408471427,2.294323907004921,26.461426244877284,0.40067606342959794,48.151119888219355,4.53114389114607,2.0556756756756758,0.0,0.0,0.38738738738738737,0.0,0.0,0.2882882882882883,0.0,0.16216216216216217,0.0,0.0,0.0,0.16216216216216217,0.0,-10.250299062620984
s161,3.698526527128838,2.2239365837986345,23.711160917341953,0.41776961195262724,43.1465387184419,2.982734933869377,2.1288738738738737,0.018018018018018018,0.0,0.42342342342342343,0.0,0.04054054054054054,0.2702702702702703,0.0,0.08558558558558559,0.0,0.08558558558558559,0.07657657657657657,0.0,0.0,-10.177622028355515
s162,3.6564377443838745,2.102379330895568,23.52188329742691,0.3644205382514205,40.32322850987476,6.0690274589038795,2.1308333333333334,0.0,0.0,0.5833333333333334,0.0,0.0,0.20833333333333334,0.041666666666666664,0.0,0.16666666666666666,0.0,0.0,0.0,0.0,-10.151592202216692
s163,3.757891937299067,2.0878937550314345,17.62918470502817,0.6223511517335284,38.65676646162805,2.658747557508086,2.0537912087912087,0.12637362637362637,0.0,0.23076923076923078,0.22527472527472528,0.0,0.3791208791208791,0.0,0.038461538461538464,0.0,0.0,0.0,0.0,0.0,-10.924163720367112
s164,3.1401788188292867,1.9892148845641895,24.71904367268754,0.3363125290579901,43.54354616188808,2.3215069463292264,2.111572052401747,0.0,0.0,0.519650655021834,0.0,0.0,0.1615720524017467,0.21397379912663755,0.0,0.056768558951965066,0.048034934497816595,0.0,0.0,0.0,-10.425767362674883
s165,3.090266503198123,2.49464408743259,26.90842084829616,0.4867097188439856,55.53440047414316,2.523752208220367,1.870721649484536,0.0,0.0,0.32989690721649484,0.0,0.020618556701030927,0.36597938144329895,0.14948453608247422,0.0,0.0,0.0,0.0,0.0,0.13402061855670103,-10.503132691661182
s166,3.5930062041692845,1.9329223621989589,25.553730172794616,0.3494372247665544,44.155342577990695,3.911479632571636,2.1492340425531915,0.0,0.0,0.4723404255319149,0.0,0.0,0.22127659574468084,0.02127659574468085,0.1276595744680851,0.05106382978723404,0.10638297872340426,0.0,0.0,0.0,-9.986197274146766
s167,3.1770144556519524,2.0326693251863746,21.685786558418844,0.3677416755613064,38.23982209919659,2.4063562475709617,2.2413852813852815,0.0,0.0,0.3939393939393939,0.17316017316017315,0.0,0.19913419913419914,0.0,0.23376623376623376,0.0,0.0,0.0,0.0,0.0,-10.781091424640515
s168,2.5786812982526786,2.4573801809585674,31.658059894459516,0.24617925611315836,47.32879954221695,7.502997679117856,2.383311036789298,0.013377926421404682,0.0,0.36454849498327757,0.0,0.0,0.13712374581939799,0.0,0.0,0.13377926421404682,0.0,0.046822742474916385,0.30434782608695654,0.0,-9.172990015979252
s169,4.0593961092410735,1.9985908700355277,20.65121357132782,0.5323865347095175,44.94675894936054,6.073796284311509,1.8981081081081081,0.1891891891891892,0.0,0.4594594594594595,0.0,0.0,0.35135135135135137,0.0,0.0,0.0,0.0,0.0,0.0,0.0,-10.61069391283726
s170,3.7284226730715653,2.0117613755584682,22.957031903062546,0.27917783698030774,36.22699254067098,3.7196097239123,2.4049084249084247,0.0,0.0,0.4652014652014652,0.1684981684981685,0.0,0.13553113553113552,0.0,0.02197802197802198,0.2087912087912088,0.0,0.0,0.0,0.0,-9.803073171135157
s171,3.519301014132097,1.9767347361296308,20.849651957198365,0.41512385329854967,40.507895231128266,3.913955535452399,2.0859313725490196,0.19117647058823528,0.0,0.46568627450980393,0.049019607843137254,0.0,0.24019607843137256,0.0,0.05392156862745098,0.0,0.0,0.0,0.0,0.0,-10.580569953708341
s172,3.96293330340215,2.1753240982090936,19.565008692281502,0.4078100709060619,33.540014901054,3.3332288393348493,2.350916666666667,0.0,0.0,0.325,0.25833333333333336,0.0,0.22916666666666666,0.0,0.0,0.1875,0.0,0.0,0.0,0.0,-10.641787497809844
s173,3.071845464960824,1.9853669540745946,23.8262508244943,0.290186229375108,38.533813061836405,1.7063661454906975,2.4035114503816795,0.0,0.0,0.44274809160305345,0.0,0.15648854961832062,0.13740458015267176,0.05343511450381679,0.17557251908396945,0.0,0.019083969465648856,0.015267175572519083,0.0,0.0,-10.13246347672077
s174,3.2912675245094354,2.7982041406692013,27.16763083821718,0.36053603619573943,46.573081436943745,5.548996649435535,2.16575,0.0,0.0,0.42083333333333334,0.0,0.0,0.22083333333333333,0.0,0.0,0.0,0.0,0.19583333333333333,0.1625,0.0,-9.827889039700029
s175,3.514869967140739,2.384829942577691,24.669412571808525,0.5386579314066219,52.07987098492913,5.564204111630871,1.8309473684210527,0.0,0.0,0.4,0.0,0.0,0.4105263157894737,0.05263157894736842,0.0,0.05263157894736842,0.0,0.010526315789473684,0.0,0.07368421052631578,-10.58418636137578
s176,3.133779936339751,1.8553848791621814,20.30178426840423,0.24241100845082172,34.259260952932145,1.9632442175619589,2.4541975308641977,0.32098765432098764,0.0,0.4567901234567901,0.0,0.13580246913580246,0.08641975308641975,0.0,0.0,0.0,0.0,0.0,0.0,0.0,-9.86729971112719
s177,3.3651782874590874,2.208913598163871,23.81254560214315,0.48460259425310354,45.84471396300456,2.766066178114317,2.050922330097088,0.0,0.0,0.3106796116504854,0.0,0.024271844660194174,0.33980582524271846,0.07281553398058252,0.0,0.0,0.18446601941747573,0.06796116504854369,0.0,0.0,-10.32477866147623
s178,3.4004750844890097,2.3583012863904713,25.12240188673652,0.3680695358277222,44.108033846942035,4.4166289566503405,2.1320869565217393,0.0,0.0,0.5,0.0,0.0,0.21739130434782608,0.0,0.07391304347826087,0.0,0.06956521739130435,0.1391304347826087,0.0,0.0,-10.033769522024782
s179,3.7622303389524427,2.2931989981586485,23.639974396896612,0.40139944183262866,43.30684385313834,3.2422945490289314,2.05243119266055,0.0,0.0,0.5275229357798165,0.0,0.0,0.22477064220183487,0.11009174311926606,0.0,0.04128440366972477,0.01834862385321101,0.0779816513761468,0.0,0.0,-10.519106802539628
s180,3.8430451286533978,2.0123993193173537,20.670759659413388,0.5864126062697189,47.171733581738295,6.163262039559579,1.8276404494382024,0.15730337078651685,0.0,0.43820224719101125,0.0,0.0,0.4044943820224719,0.0,0.0,0.0,0.0,0.0,0.0,0.0,-10.652101876555756
s181,2.6045134270135986,2.5116663638990895,29.96752482309666,0.2874453740567424,48.58089427843625,11.940097462312872,2.2229501915708814,0.08812260536398467,0.0,0.4521072796934866,0.0,0.0,0.16091954022988506,0.0,0.0,0.10727969348659004,0.0,0.02681992337164751,0.0,0.16475095785440613,-9.307740671731336
s182,3.5370994068002894,2.383121537643158,22.822596091939296,0.591305604483952,50.93335469298646,5.699136291302997,1.7932786885245902,0.0,0.0,0.44808743169398907,0.0,0.0,0.4371584699453552,0.0,0.0,0.0,0.0,0.11475409836065574,0.0,0.0,-10.766189929062506
s183,3.590361754417233,2.61919803643005,22.87086178714388,0.3039761757878205,35.79225262733818,1.7582532962367157,2.5433212996389893,0.0,0.0,0.4151624548736462,0.0,0.22382671480144403,0.1371841155234657,0.0,0.0,0.021660649819494584,0.0,0.20216606498194944,0.0,0.0,-9.82850219340837
s184,3.2399958924458367,2.09927563434901,20.048428283143604,0.45569485055554754,36.37819648151057,1.2326716109055451,2.3394222222222223,0.0,0.0,0.28888888888888886,0.0,0.26222222222222225,0.25333333333333335,0.19555555555555557,0.0,0.0,0.0,0.0,0.0,0.0,-10.665967627677068
s185,3.344324967807303,2.0825712046621376,23.966504452136952,0.39094941963544727,44.62728415225504,2.5752043788121117,2.019953703703704,0.0,0.0,0.5138888888888888,0.0,0.0,0.2175925925925926,0.14814814814814814,0.09722222222222222,0.0,0.0,0.0,0.023148148148148147,0.0,-10.953749910837285
s186,3.202644009904587,2.035580474088538,25.014912749283592,0.4488817939617953,46.76701079213893,4.258618949126499,2.081627906976744,0.03255813953488372,0.0,0.2744186046511628,0.0,0.0,0.3395348837209302,0.0,0.09302325581395349,0.0,0.2186046511627907,0.0,0.04186046511627907,0.0,-10.121931510093804
s187,3.067501951211156,1.8872639113401353,26.454472005179213,0.2778382921049836,43.3652420844393,3.4455712994128236,2.2247876447876447,0.0,0.0,0.5328185328185329,0.0,0.0,0.138996138996139,0.0,0.25096525096525096,0.0,0.07722007722007722,0.0,0.0,0.0,-10.18696655909956
s188,3.440384004164957,2.947571822954262,20.401794536908945,0.5164355663192972,37.262781757494864,3.151308238494147,2.348325791855203,0.0,0.0,0.0,0.40271493212669685,0.0,0.3257918552036199,0.004524886877828055,0.0,0.12217194570135746,0.0,0.0,0.0,0.14479638009049775,-10.837659465361583
s189,3.964837710248585,2.640018747356001,23.008323070426886,0.42403455318243,41.71427678622109,2.333978056017724,2.1405381165919284,0.0,0.0,0.48878923766816146,0.0,0.06278026905829596,0.24663677130044842,0.013452914798206279,0.0,0.0,0.0,0.18834080717488788,0.0,0.0,-10.264432824045638
s190,3.322609198292563,1.931528184456367,24.856161956064014,0.25883206814048726,40.587910029522256,1.7785615073441519,2.2995348837209306,0.0,0.0,0.5348837209302325,0.0,0.07751937984496124,0.08527131782945736,0.14728682170542637,0.15503875968992248,0.0,0.0,0.0,0.0,0.0,-10.376228565301922
s191,3.0255810037713764,1.9408536537765628,22.447564557540446,0.33808020938557437,36.74537637762996,1.6020059084442984,2.478871595330739,0.0,0.0,0.35797665369649806,0.0,0.2529182879377432,0.20233463035019456,0.0,0.16731517509727625,0.019455252918287938,0.0,0.0,0.0,0.0,-9.87978676057146
s192,3.014037190467319,1.6475546633438647,25.900128931741666,0.1747557808577064,37.50244913193366,2.542870093148648,2.81584375,0.0,0.0,0.0,0.36875,0.0,0.059375,0.0,0.25,0.0,0.321875,0.0,0.0,0.0,-10.9100773973724
s193,3.811902090522455,2.387041848424274,24.347180487873683,0.47788532503629655,46.460674692456195,4.36510580481888,2.037644230769231,0.0,0.0,0.3557692307692308,0.0,0.0,0.34134615384615385,0.0,0.0,0.0,0.16826923076923078,0.1346153846153846,0.0,0.0,-10.12929847478865
s194,2.9295008051549654,2.472967996453383,28.56312061476941,0.3757670599756844,51.23226395982455,4.246876404292315,2.034690265486726,0.0,0.0,0.415929203539823,0.0,0.0,0.24778761061946902,0.12389380530973451,0.0,0.07079646017699115,0.0,0.0,0.0,0.1415929203539823,-9.928194463727129
s195,2.695223738455234,1.7653729128646287,26.988486471948654,0.25126255072108017,44.582246640370855,2.44520247665141,2.3067049808429116,0.10727969348659004,0.0,0.3793103448275862,0.0,0.0,0.09961685823754789,0.18773946360153257,0.0,0.0,0.2260536398467433,0.0,0.0,0.0,-9.578861777141526
s196,3.154733840817744,2.147338554974622,20.91638888895043,0.3471101707791613,36.18382603416971,2.2468061999302127,2.317974683544304,0.0,0.0,0.35443037974683544,0.22362869198312235,0.0,0.16033755274261605,0.05063291139240506,0.18565400843881857,0.0,0.0,0.02531645569620253,0.0,0.0,-10.897034535005611
s197,3.1459089123914934,2.137130144662918,26.753501416657258,0.27546316237923363,42.33348165341646,2.247681900285185,2.3896654275092937,0.0,0.0,0.3940520446096654,0.0,0.11152416356877323,0.14869888475836432,0.0,0.21933085501858737,0.0,0.0,0.0,0.12639405204460966,0.0,-9.878474893941902
s198,2.8963713696386577,1.8271309747610411,25.551037085977804,0.3390892607546219,44.860599463930484,2.8138292601296966,2.2230000000000003,0.11304347826086956,0.0,0.30434782608695654,0.0,0.0,0.20869565217391303,0.10869565217391304,0.0,0.0,0.26521739130434785,0.0,0.0,0.0,-9.819892620143634
s199,3.349560847921877,1.787004126115495,22.036835570903463,0.2259335495024083,33.70339557902886,2.273253471224888,2.7575874125874127,0.0,0.0,0.0,0.44755244755244755,0.0,0.0944055944055944,0.0,0.2517482517482518,0.0,0.2062937062937063,0.0,0.0,0.0,-10.74451482468491
s200,4.223613851287524,2.0972904714557137,18.276760691157136,0.5112388646176848,36.021188546649476,3.0562308080094027,2.1814285714285715,0.12315270935960591,0.0,0.2857142857142857,0.22167487684729065,0.0,0.30049261083743845,0.0,0.0,0.06896551724137931,0.0,0.0,0.0,0.0,-10.765491616015705
s201,3.184387880929778,1.9345877913562166,20.09158183647293,0.30629663431251275,35.822200173556396,2.432835185820331,2.2967391304347826,0.30434782608695654,0.0,0.48695652173913045,0.0,0.07391304347826087,0.13478260869565217,0.0,0.0,0.0,0.0,0.0,0.0,0.0,-10.278941954465157
s202,2.978351691518575,2.0710051498536832,19.729055631074516,0.33861661344290345,33.525598030427325,2.11671467365541,2.4174485596707815,0.0,0.0,0.2757201646090535,0.31275720164609055,0.0,0.15637860082304528,0.0,0.2551440329218107,0.0,0.0,0.0,0.0,0.0,-10.800988901100203
s203,3.914265297884494,2.0724962727592264,16.414208859768262,0.2352878900108863,24.01337962817949,2.645973218507439,3.016518987341772,0.0,0.0,0.0,0.5063291139240507,0.17721518987341772,0.0981012658227848,0.0,0.0,0.21835443037974683,0.0,0.0,0.0,0.0,-10.785266800323864
s204,2.74672449522314,2.284796990536027,30.743250393399393,0.24365785123150618,45.816397430939894,8.799713038926713,2.3721498371335503,0.0,0.0,0.42671009771986973,0.0,0.0,0.13680781758957655,0.0,0.0,0.19218241042345277,0.0,0.0,0.24429967426710097,0.0,-9.282180327380201
s205,3.596530448680939,2.100724069723807,21.66150803334833,0.58749083035359,46.80877598010904,2.121220197219616,1.8597340425531916,0.0,0.0,0.425531914893617,0.0,0.03723404255319149,0.4148936170212766,0.06914893617021277,0.0,0.05319148936170213,0.0,0.0,0.0,0.0,-10.918693421919102
s206,3.5806079930735817,2.595113909157956,25.50510531913069,0.5442248250344002,55.92685744676852,11.120252608894159,1.8163186813186813,0.10989010989010989,0.0,0.3076923076923077,0.0,0.0,0.4340659340659341,0.0,0.0,0.0,0.0,0.0,0.0,0.14835164835164835,-10.346176725437685
s207,3.8502883501765885,2.084169369583295,20.49971745628333,0.3251406192717472,33.17227006562212,3.275965954684472,2.4634456928838953,0.0,0.0,0.3333333333333333,0.2846441947565543,0.0,0.16853932584269662,0.0,0.0,0.21348314606741572,0.0,0.0,0.0,0.0,-10.309186677817676
s208,4.16909982687346,2.3402583410964914,22.580006793782427,0.30210277336588,36.21062065100479,3.765737624530961,2.3725095057034222,0.0,0.0,0.4752851711026616,0.1482889733840304,0.0,0.13688212927756654,0.0,0.0,0.1520912547528517,0.0,0.08745247148288973,0.0,0.0,-10.078426802142747
s209,3.452727428226447,2.0556388404500416,21.568147096495686,0.31245747463460155,34.71945630167598,3.4844317607903985,2.4225,0.0,0.0,0.3939393939393939,0.22727272727272727,0.0,0.16287878787878787,0.0,0.0,0.2159090909090909,0.0,0.0,0.0,0.0,-10.044396947199623
s210,3.7332131187859456,2.182169097073005,19.238881633439586,0.5364826752307741,34.66052484754592,5.694894232320182,2.367621145374449,0.0,0.0,0.0,0.2775330396475771,0.0,0.34801762114537443,0.0,0.0,0.09691629955947137,0.2775330396475771,0.0,0.0,0.0,-10.51549698191782
s211,3.421435840975762,2.3611319302048086,26.41175772524527,0.3885566612125242,46.12202468438359,16.64133585306503,2.080940170940171,0.0,0.0,0.48717948717948717,0.0,0.0,0.2692307692307692,0.0,0.0,0.1581196581196581,0.0,0.0,0.0,0.08547008547008547,-9.810866411028924
s212,3.5015150633730667,2.0048247804500314,23.559550872740072,0.47317167484851425,44.57212327275146,5.463465179939298,2.058714285714286,0.047619047619047616,0.0,0.34285714285714286,0.0,0.0,0.3476190476190476,0.0,0.0,0.0761904761904762,0.18571428571428572,0.0,0.0,0.0,-10.122237939867023
s213,3.267451500346471,1.957068462199691,24.832404773045745,0.435871203625183,47.00419474897947,2.1597117095381804,2.054905660377359,0.0,0.0,0.3018867924528302,0.0,0.0,0.29245283018867924,0.1792452830188679,0.0,0.0,0.22641509433962265,0.0,0.0,0.0,-10.373796231122636
s214,3.11815163035802,1.8776555638741241,26.719994072065916,0.22825149293520994,42.43763764386942,3.689616292844822,2.2562962962962962,0.0,0.0,0.6296296296296297,0.0,0.0,0.07407407407407407,0.0,0.2962962962962963,0.0,0.0,0.0,0.0,0.0,-10.160855822361908
s215,3.5275703917185712,1.9939626970914506,23.820211894809628,0.25820498580054124,38.25670395227005,9.402572393084458,2.2832830188679245,0.10943396226415095,0.0,0.6226415094339622,0.0,0.0,0.10566037735849057,0.0,0.0,0.16226415094339622,0.0,0.0,0.0,0.0,-9.549581614311078
s216,3.471850311393085,2.208572924728656,24.41274557443858,0.37630464655565965,41.72674952794109,10.4818666629406,2.1370124481327797,0.0,0.0,0.5269709543568465,0.0,0.0,0.24066390041493776,0.0,0.0,0.17427385892116182,0.0,0.0,0.058091286307053944,0.0,-9.911555382200774
s217,3.6920264754780003,2.068256944793446,21.610089202449853,0.28153775839761597,34.1740945527114,3.0330269045375187,2.451029411764706,0.0,0.0,0.40808823529411764,0.22426470588235295,0.0,0.1213235294117647,0.04411764705882353,0.0,0.20220588235294118,0.0,0.0,0.0,0.0,-9.946506814033388
s218,3.5078523109937128,2.107294541570638,19.275583849757943,0.47947645882251144,33.87829888745334,4.647347756244871,2.4403879310344827,0.03879310344827586,0.0,0.0,0.3017241379310345,0.0,0.3017241379310345,0.0,0.0,0.09051724137931035,0.2672413793103448,0.0,0.0,0.0,-10.312778378093924
s219,3.6867153332523834,2.284246885110904,25.422122819887957,0.2543673183235993,39.28873526709956,8.998366071520497,2.30719723183391,0.0,0.0,0.6470588235294118,0.0,0.0,0.09342560553633218,0.0,0.0,0.16262975778546712,0.0,0.09688581314878893,0.0,0.0,-9.381801538930652
s220,2.7633048122725703,3.0190298793786,31.690080611693084,0.3350037997296292,52.958591089339464,8.598908477559544,2.146265060240964,0.0,0.0,0.39357429718875503,0.0,0.0,0.20481927710843373,0.0,0.0,0.0,0.0,0.19678714859437751,0.0,0.20481927710843373,-9.535500018997261
s221,3.2947915870523556,2.325945505265706,25.210790757075245,0.3723346704920029,41.90667867566811,3.2612375561454283,2.293784860557769,0.0,0.0,0.3545816733067729,0.0,0.099601593625498,0.2589641434262948,0.0,0.0,0.1394422310756972,0.0,0.0,0.14741035856573706,0.0,-9.722623357783355
s222,3.1503721233099964,2.2852872340702137,27.89382598345148,0.31595941837946445,49.35061520149104,2.1383945998971607,2.0742608695652174,0.0,0.0,0.46956521739130436,0.0,0.0,0.13478260869565217,0.3,0.0,0.0,0.0,0.0,0.0,0.09565217391304348,-10.323042124652646
s223,3.3112502913843467,2.0203136867375955,18.76443006857673,0.4988946011547188,36.13890235429596,1.6963534634310542,2.275,0.17307692307692307,0.0,0.3076923076923077,0.0,0.21153846153846154,0.3076923076923077,0.0,0.0,0.0,0.0,0.0,0.0,0.0,-10.39738814437554
s224,3.0288726115976075,2.17033740082119,25.378295025366924,0.2985986348244859,42.64244130112677,7.192232860736769,2.237246963562753,0.145748987854251,0.0,0.47368421052631576,0.0,0.0,0.1659919028340081,0.0,0.0,0.0931174089068826,0.0,0.0,0.1214574898785425,0.0,-9.639642248467833
s225,3.869149991701984,2.6649570151078747,23.80519140895551,0.38830010755814304,41.97709324785286,2.6074447458633045,2.1722077922077925,0.0,0.0,0.5151515151515151,0.0,0.05194805194805195,0.21645021645021645,0.0,0.0,0.0,0.0,0.21645021645021645,0.0,0.0,-10.022767918940339
s226,3.50977537082301,2.2278973366953703,23.3990347119492,0.2850107554228351,36.04716158327309,2.0498859950209494,2.507859649122807,0.0,0.0,0.4666666666666667,0.0,0.1824561403508772,0.14035087719298245,0.0,0.0,0.13333333333333333,0.0,0.07719298245614035,0.0,0.0,-9.623092716296382
s227,2.826089020606778,1.7785363060139474,29.059914038112833,0.20812019574812912,41.63996340526124,5.0549883998314264,2.5428398791540787,0.0,0.0,0.36555891238670696,0.04833836858006042,0.0,0.09969788519637462,0.0,0.0,0.20241691842900303,0.283987915407855,0.0,0.0,0.0,-9.440051505168015
s228,3.1131078886728054,1.9525194434129693,21.868448213101455,0.26500726753406634,37.377985952889695,7.058114777693863,2.2547302904564317,0.25311203319502074,0.0,0.5850622406639004,0.0,0.0,0.0995850622406639,0.0,0.0,0.06224066390041494,0.0,0.0,0.0,0.0,-9.982651608545586
s229,3.690545927981182,2.0271546216030227,23.08488254785143,0.5569419879150591,48.734752045464155,3.8843115448280607,1.8747368421052633,0.0,0.0,0.3684210526315789,0.0,0.0,0.42105263157894735,0.0,0.10526315789473684,0.0,0.10526315789473684,0.0,0.0,0.0,-10.579190760264211
s230,2.917393255514435,1.7681908365382317,29.01402825573085,0.24302429616999133,45.40613461490082,2.587513496636818,2.357184115523466,0.0,0.0,0.3574007220216607,0.0,0.0,0.10830324909747292,0.12274368231046931,0.1299638989169675,0.0,0.2815884476534296,0.0,0.0,0.0,-9.591474522467761
s231,3.0093951394448246,1.8267357503538708,23.811216647003707,0.26787504478101676,40.18142809181871,4.565594148191805,2.3074897119341564,0.24279835390946503,0.0,0.448559670781893,0.0,0.0,0.12757201646090535,0.0,0.0,0.037037037037037035,0.1440329218106996,0.0,0.0,0.0,-9.697308007213175
s232,3.9904326901947553,2.05149917331038,23.56934339534682,0.45914178252614857,44.21859114879227,4.6577273835614905,2.026556603773585,0.0,0.0,0.4339622641509434,0.0,0.0,0.32075471698113206,0.018867924528301886,0.04716981132075472,0.08018867924528301,0.09905660377358491,0.0,0.0,0.0,-10.316534284492535
s233,2.6974874027091813,1.7461596446113115,24.907945676952515,0.2971130743772605,42.90711810044377,3.8158996629258515,2.305847457627119,0.24152542372881355,0.0,0.3220338983050847,0.0,0.0,0.17796610169491525,0.0,0.0,0.0,0.2584745762711864,0.0,0.0,0.0,-9.648189922809962
s234,3.7095670207640614,2.1246073658156304,23.435964517142576,0.3780234950246679,41.0569904698813,4.4046261978913614,2.1006866952789696,0.0,0.0,0.5622317596566524,0.0,0.0,0.2145922746781116,0.07725321888412018,0.0,0.13733905579399142,0.0,0.0,0.008583690987124463,0.0,-10.299804045091976
s235,2.6940281404876076,3.101459582196497,32.94737476145197,0.3496638129183832,55.598694909950176,9.324577511649538,2.1151851851851853,0.0,0.0,0.3333333333333333,0.0,0.0,0.2345679012345679,0.0,0.0,0.0,0.0,0.1728395061728395,0.0,0.25925925925925924,-9.540969456096043
s236,4.257714552709742,2.522054978929566,23.203360251560216,0.4709385822548368,44.65552350300265,6.372976691243562,1.9832352941176472,0.0,0.0,0.5196078431372549,0.0,0.0,0.30392156862745096,0.0,0.0,0.029411764705882353,0.0,0.14705882352941177,0.0,0.0,-10.463408674106029
s237,3.6635025907779526,1.9197484395056843,26.930530529152676,0.20957516749537303,40.0036036015569,12.009294522324891,2.3619607843137254,0.0,0.0,0.673202614379085,0.0,0.0,0.0718954248366013,0.0,0.0,0.2549019607843137,0.0,0.0,0.0,0.0,-8.977635771595311
s238,2.7583945959700005,1.968082430631857,24.697745706552315,0.2743109053186696,40.89561789071977,3.6665633668714905,2.2165882352941177,0.0,0.03529411764705882,0.5686274509803921,0.0,0.0,0.11372549019607843,0.0,0.2823529411764706,0.0,0.0,0.0,0.0,0.0,-10.596157176178487
s239,2.698185249053831,1.8341220709922645,25.325041766390484,0.1786841353174059,35.43503867708391,1.9470213797987175,2.742401129943503,0.0,0.0,0.4632768361581921,0.0,0.2514124293785311,0.062146892655367235,0.0,0.0,0.2231638418079096,0.0,0.0,0.0,0.0,-9.03704270167438
s240,3.6472762259572673,2.0359438050808083,21.356908295314838,0.32452522798671624,36.18809461150572,3.971646019537077,2.303360655737705,0.10655737704918032,0.0,0.4672131147540984,0.12295081967213115,0.0,0.16393442622950818,0.0,0.0,0.13934426229508196,0.0,0.0,0.0,0.0,-10.027070940476449
s241,3.367761817905345,2.020929034286979,16.95152973419803,0.2250878684625059,24.055697797077727,2.820136746706425,3.126637426900585,0.0,0.0,0.0,0.36257309941520466,0.34210526315789475,0.1023391812865497,0.0,0.0,0.19298245614035087,0.0,0.0,0.0,0.0,-10.164919197748626
s242,3.189458252424973,2.223789974491885,25.732577306175923,0.24523469341335058,41.48403371783517,4.163865932221986,2.3418045112781956,0.13157894736842105,0.0,0.4924812030075188,0.0,0.0,0.08270676691729323,0.02631578947368421,0.0,0.0,0.12781954887218044,0.13909774436090225,0.0,0.0,-9.551729298093019
s243,2.7920910133919197,1.9950996481092587,25.216806933152817,0.36791006129375303,45.51326129398313,4.319745012796822,2.1982882882882886,0.19369369369369369,0.0,0.27927927927927926,0.0,0.0,0.25225225225225223,0.0,0.0,0.0,0.23423423423423423,0.0,0.0,0.04054054054054054,-9.791513265519193
s244,4.031362063672754,2.4580683895300153,22.80647300543622,0.35088296845680766,39.99642653938444,6.765790642803591,2.1594893617021276,0.09787234042553192,0.0,0.5702127659574469,0.0,0.0,0.1702127659574468,0.0,0.0,0.029787234042553193,0.0,0.13191489361702127,0.0,0.0,-10.055351477750781
s245,3.627895569669715,3.06225361784862,19.79241825923221,0.2909483193650179,31.525648245244128,2.2966714409775375,2.635676691729323,0.0,0.0,0.19924812030075187,0.40225563909774437,0.0,0.08646616541353383,0.0,0.0,0.0,0.02631578947368421,0.2857142857142857,0.0,0.0,-10.98327887525009
s246,3.1982653288828953,1.9683273237529002,25.45546530361209,0.2429515797367488,38.57282242435095,3.6829456102611084,2.3823232323232326,0.0,0.0,0.6094276094276094,0.0,0.050505050505050504,0.10774410774410774,0.0,0.0,0.23232323232323232,0.0,0.0,0.0,0.0,-9.206052769337035
s247,3.2132428163693967,3.07925269382711,20.086614702663628,0.45857197676571204,35.07662567480067,3.2894207767688806,2.462051282051282,0.0,0.0,0.0,0.36324786324786323,0.0,0.2606837606837607,0.0,0.0,0.008547008547008548,0.06837606837606838,0.1581196581196581,0.14102564102564102,0.0,-10.755493933907482
s248,2.9998256390760814,2.3606969989411826,28.034057448323946,0.3248192141711656,48.202444101794455,3.259635203144236,2.1078661087866113,0.0,0.0,0.47280334728033474,0.0,0.0,0.16736401673640167,0.18410041841004185,0.0,0.06694560669456066,0.0,0.0,0.0,0.1087866108786611,-9.960448651909552
s249,3.687595872101879,1.8674588453974854,17.955636392213506,0.3084212876205759,32.795005311398235,2.493143276411672,2.3962443438914027,0.3212669683257919,0.0,0.3076923076923077,0.2398190045248869,0.0,0.13122171945701358,0.0,0.0,0.0,0.0,0.0,0.0,0.0,-10.476621919098472
s250,3.2159340451378466,2.250351458363318,31.51591737596625,0.24214918986943096,49.499576443608085,5.088840822197486,2.242410071942446,0.0,0.0,0.5035971223021583,0.0,0.0,0.10431654676258993,0.0,0.2589928057553957,0.0,0.0,0.0,0.0,0.13309352517985612,-9.858293434566432
s251,3.926947705886986,1.9918108253448368,20.427142934270716,0.344201464907174,32.35281597682179,4.290763711814689,2.6552919708029195,0.0,0.0,0.0,0.39416058394160586,0.0,0.20437956204379562,0.0,0.0,0.16423357664233576,0.23722627737226276,0.0,0.0,0.0,-10.279329273265034
s252,3.4242774979584234,2.0347700582104946,17.30170919541915,0.5836867885751138,37.41997570172045,2.59332698171965,2.1019354838709674,0.1935483870967742,0.0,0.23655913978494625,0.22580645161290322,0.0,0.34408602150537637,0.0,0.0,0.0,0.0,0.0,0.0,0.0,-10.771496439161835
s253,3.781280740243728,2.353784682108354,24.062589848174497,0.5110855428239355,48.125179696349015,4.5147819682502215,1.9633168316831684,0.0,0.0,0.3712871287128713,0.0,0.0,0.37623762376237624,0.0,0.0,0.0,0.12871287128712872,0.12376237623762376,0.0,0.0,-10.293187939398988
s254,2.7515670477095875,2.172050209201122,24.939702538961377,0.34087699251310527,44.89146457013053,1.8962661618859598,2.076177777777778,0.0,0.0,0.48444444444444446,0.0,0.0,0.14666666666666667,0.29777777777777775,0.0,0.0,0.0,0.0,0.07111111111111111,0.0,-10.82431363323576
s255,3.4271488323080703,1.8507114903764619,20.508716292989156,0.24540033559578578,34.047149924308805,1.8306167412519787,2.50511811023622,0.2795275590551181,0.0,0.4251968503937008,0.0,0.17716535433070865,0.09448818897637795,0.0,0.023622047244094488,0.0,0.0,0.0,0.0,0.0,-9.800131354643591
s256,2.5970751899933546,3.350860279274458,30.62074144154551,0.32619602349720184,49.21861507782158,2.8076859721076137,2.455381679389313,0.0,0.0,0.0,0.31679389312977096,0.0,0.19083969465648856,0.0,0.0,0.0,0.0,0.18702290076335878,0.0,0.3053435114503817,-9.697255769802496
s257,3.8918488983045405,2.0128513773977392,21.22771743729675,0.47575055649511594,43.33992310114754,5.563786796711699,1.965408163265306,0.16326530612244897,0.0,0.4897959183673469,0.0,0.0,0.3010204081632653,0.02040816326530612,0.0,0.025510204081632654,0.0,0.0,0.0,0.0,-10.471199788445738
s258,3.4501781660892763,2.0215199172350955,23.198653604099615,0.30410428532392386,39.88833245596983,1.2530308509341868,2.24928870292887,0.0,0.0,0.4811715481171548,0.0,0.100418410041841,0.09623430962343096,0.32217573221757323,0.0,0.0,0.0,0.0,0.0,0.0,-10.818519276269148
s259,3.5826533624615418,2.1208522664064375,24.799234999110283,0.3960995122718684,43.21631393227312,5.824158833758359,2.1467088607594937,0.0,0.0,0.4345991561181435,0.0,0.0,0.270042194092827,0.0,0.0,0.11392405063291139,0.13924050632911392,0.04219409282700422,0.0,0.0,-9.901692863281863
s260,3.1859566639309675,2.5452858211347995,32.08339536941635,0.3065426449170897,55.16497477187419,2.5760366584918017,2.0884518828451886,0.0,0.0,0.3723849372384937,0.0,0.0,0.1506276150627615,0.26778242677824265,0.0,0.0,0.0,0.0,0.0,0.20920502092050208,-9.933295729744417
s261,2.794189731442283,1.9753053385615755,28.133373018420503,0.2723307024430212,45.71673115493325,2.308048548110584,2.297,0.0,0.0,0.36538461538461536,0.0,0.0,0.11923076923076924,0.2,0.0,0.0,0.25,0.06538461538461539,0.0,0.0,-9.649271007698308
s262,3.261798181794633,2.154127556652713,28.208991470890105,0.22444147687192512,41.836523582431205,14.132199342239534,2.350944625407166,0.0,0.0,0.6156351791530945,0.0,0.0,0.08469055374592833,0.0,0.0,0.24104234527687296,0.0,0.0,0.0,0.05863192182410423,-8.987287382552967
s263,3.6233860269440257,2.522026915044093,19.97626033175323,0.5199691916345117,39.952520663506505,2.8979388107833723,2.1155500000000003,0.055,0.0,0.315,0.185,0.0,0.315,0.0,0.0,0.0,0.0,0.13,0.0,0.0,-10.793589916800169
s264,3.2197254287373105,1.8670986086541632,27.792949981503885,0.21801121844898144,41.28070511958664,7.391076613442983,2.3839933993399343,0.0,0.0,0.5907590759075908,0.0,0.0,0.0924092409240924,0.0,0.0,0.23432343234323433,0.08250825082508251,0.0,0.0,0.0,-9.240049111205128
s265,4.064394409665198,2.3961869512356677,22.5616734531039,0.22516403027514525,33.51710142792841,3.436493494541147,2.7967637540453074,0.04854368932038835,0.0,0.0,0.4627831715210356,0.0,0.10032362459546926,0.0,0.0,0.1779935275080906,0.0,0.0,0.21035598705501618,0.0,-10.60099796242928
s266,3.043216189318776,2.239352471370461,28.89599551193161,0.279091694810399,48.615560016695795,2.089205239877342,2.1848594377510047,0.0,0.0,0.39759036144578314,0.0,0.0,0.11244979919678715,0.2931726907630522,0.0,0.0,0.0,0.0,0.19678714859437751,0.0,-9.959435195662778
s267,4.273129921534843,2.386255768003515,22.66521955179097,0.5075146480307137,44.877134712546074,7.65599608819753,1.9378787878787878,0.0,0.0,0.5050505050505051,0.0,0.0,0.3434343434343434,0.0,0.0,0.06060606060606061,0.0,0.09090909090909091,0.0,0.0,-10.653414391990566
s268,3.773942431479206,2.054918618656076,21.643738274866,0.5250105470715715,43.729185494116976,1.5962443804145212,2.020151515151515,0.0,0.0,0.3888888888888889,0.0,0.10606060606060606,0.35353535353535354,0.07575757575757576,0.07575757575757576,0.0,0.0,0.0,0.0,0.0,-10.683018286705098
s269,4.461052888794493,2.2336521762606143,17.65527161827031,0.42846956438490547,30.176740851086098,2.9833690629163265,2.459834024896266,0.0,0.0,0.2074688796680498,0.36929460580912865,0.008298755186721992,0.22821576763485477,0.0,0.0,0.18672199170124482,0.0,0.0,0.0,0.0,-10.979303034564445
s270,3.5844516974750187,2.408386793556517,25.225509887157997,0.4614048499731965,46.94138361610274,9.749791303290039,2.020140186915888,0.0,0.0,0.37383177570093457,0.0,0.0,0.35046728971962615,0.0,0.0,0.11214953271028037,0.0,0.0,0.16355140186915887,0.0,-10.1826833170265
s271,3.1063457484713313,2.039644407286801,28.192376216734587,0.22316245686001865,42.28856432510186,8.27463199286323,2.3512211221122112,0.0,0.0,0.5874587458745875,0.0,0.0,0.0924092409240924,0.0,0.0429042904290429,0.19801980198019803,0.0,0.0,0.07920792079207921,0.0,-9.172584106861137
s272,3.3592988710080856,2.0256746781026655,21.331317787842696,0.38645468873476985,38.26093507978132,1.5325340235515539,2.2673893805309735,0.061946902654867256,0.0,0.4026548672566372,0.0,0.15486725663716813,0.20353982300884957,0.13716814159292035,0.03982300884955752,0.0,0.0,0.0,0.0,0.0,-10.505553493629211
s273,2.6648088461613337,2.084308982200665,27.860832765438538,0.20991217553204952,43.84915156833221,6.635220917415192,2.3685920577617328,0.19855595667870035,0.0,0.4729241877256318,0.0,0.0,0.07942238267148015,0.0,0.0,0.08664259927797834,0.0,0.0,0.1588447653429603,0.0036101083032490976,-9.410847102600455
s274,3.4972631885035534,2.087670749551372,16.47955017083508,0.6818158134536246,37.60717859498264,2.505538540354741,2.059550561797753,0.15730337078651685,0.0,0.16853932584269662,0.2696629213483146,0.0,0.4044943820224719,0.0,0.0,0.0,0.0,0.0,0.0,0.0,-10.906386056456894
s275,2.814536576173863,2.347499674583701,26.159732481203502,0.4177258557155033,50.62392674603275,2.352772271013282,1.9507655502392345,0.0,0.0,0.41626794258373206,0.0,0.0,0.2583732057416268,0.22488038277511962,0.0,0.0,0.0,0.0,0.023923444976076555,0.07655502392344497,-10.590531703525334
s276,3.259010645872356,1.8502239420797295,27.109886499316307,0.32145406785308717,45.8782694603815,2.494844984979158,2.222892561983471,0.0,0.0,0.34297520661157027,0.0,0.0,0.19008264462809918,0.15702479338842976,0.0371900826446281,0.024793388429752067,0.24793388429752067,0.0,0.0,0.0,-9.826858210472956
s277,3.698166644014722,2.0683875522889714,23.639540369962,0.3897410248944046,41.82380219300966,7.3055274700494826,2.083478260869565,0.0,0.0,0.5652173913043478,0.0,0.0,0.24347826086956523,0.0,0.06956521739130435,0.12173913043478261,0.0,0.0,0.0,0.0,-10.178168720275176
s278,3.894979208295936,2.4310615067093346,23.716738768215336,0.5794035620121527,53.818753358642454,9.916052293556142,1.790225988700565,0.11299435028248588,0.0,0.3446327683615819,0.0,0.0,0.4463276836158192,0.0,0.0,0.0,0.0,0.0,0.0,0.096045197740113,-10.512578062230961
s279,2.4457165733295128,3.0250210376121083,35.08697566839951,0.3004456147651303,55.02275729817195,11.902315685323845,2.213913043478261,0.0,0.0,0.3333333333333333,0.0,0.0,0.18115942028985507,0.0,0.0,0.06521739130434782,0.0,0.11594202898550725,0.0,0.30434782608695654,-9.26347316582353
s280,3.4447984350776237,2.464313486285984,28.247887694275537,0.25822466937204325,43.78422592612706,4.030061372323351,2.371505376344086,0.0,0.0,0.46236559139784944,0.0,0.0,0.1039426523297491,0.0,0.0,0.0,0.1827956989247312,0.25089605734767023,0.0,0.0,-9.399250278780373
s281,2.8804223459155422,2.322523344796611,25.366097460002994,0.4128288983262781,48.03845005699683,1.71579447926786,2.0386448598130844,0.0,0.0,0.3925233644859813,0.0,0.056074766355140186,0.24766355140186916,0.22429906542056074,0.0,0.0,0.0,0.0,0.0,0.0794392523364486,-10.562980659897608
s282,3.8201315087974472,2.374195159856643,22.938184222164313,0.37324798311347795,40.489370634577895,7.587501038552719,2.1293562231759653,0.06437768240343347,0.0,0.5665236051502146,0.0,0.0,0.2017167381974249,0.0,0.0,0.06866952789699571,0.0,0.09871244635193133,0.0,0.0,-10.096504101033624
s283,3.4274569040615064,2.271629426862884,23.156832671873556,0.3457203943672808,40.56798505674088,1.623147688825614,2.195793991416309,0.0,0.0,0.4978540772532189,0.0,0.07296137339055794,0.1459227467811159,0.21030042918454936,0.0,0.0,0.0,0.07296137339055794,0.0,0.0,-10.659408291409472
s284,3.7059280338663902,2.0847654130485753,22.959407791001727,0.4154378055866216,41.54559505038405,5.101832980257945,2.0736842105263156,0.0,0.0,0.5263157894736842,0.02631578947368421,0.0,0.2631578947368421,0.0,0.07894736842105263,0.10526315789473684,0.0,0.0,0.0,0.0,-10.408333738845988
s285,4.149766528273707,1.9562906871867503,25.851124462941968,0.30602661600863623,41.64903385696209,7.292612166571518,2.247011494252874,0.0,0.0,0.5402298850574713,0.0,0.0,0.1839080459770115,0.0,0.0,0.19540229885057472,0.08045977011494253,0.0,0.0,0.0,-9.496962992248577
s286,3.1173298090543367,2.549286954666766,28.163260594607888,0.43424820882812426,55.24331885865393,2.863425082154687,1.910392156862745,0.0,0.0,0.35294117647058826,0.0,0.0,0.30392156862745096,0.18627450980392157,0.0,0.0,0.0,0.0,0.0,0.1568627450980392,-10.401110906720179
s287,3.4682480056896137,2.0594521884959263,21.72904302748308,0.42859107654216083,40.62386305138142,1.2447723556456165,2.1660465116279073,0.0,0.0,0.3953488372093023,0.0,0.13953488372093023,0.23255813953488372,0.23255813953488372,0.0,0.0,0.0,0.0,0.0,0.0,-10.871019983914616
s288,3.1229942766382663,2.2599167730848384,28.485244000050898,0.2320219999039545,43.469669229244374,3.9861631283864054,2.3859726962457337,0.0,0.0,0.4880546075085324,0.0,0.0,0.07849829351535836,0.0,0.08873720136518772,0.0,0.16723549488054607,0.17747440273037543,0.0,0.0,-9.506270759477921
s289,3.8331053543298284,2.577494744025949,24.65282719666355,0.3264013449334234,41.547771709062346,4.432180520103652,2.191659751037345,0.0,0.0,0.5850622406639004,0.0,0.008298755186721992,0.14937759336099585,0.0,0.06224066390041494,0.0,0.0,0.1950207468879668,0.0,0.0,-9.918138778863934
s290,3.4071469625403075,2.156527891727477,25.70737169079836,0.26255534646181444,41.59920146329186,4.386814035044697,2.2340074906367042,0.0,0.0,0.6179775280898876,0.0,0.0,0.09737827715355805,0.0,0.20973782771535582,0.0,0.0,0.0749063670411985,0.0,0.0,-10.017775462578868
s291,3.586720613683657,2.4153391232675387,23.63268739839919,0.3695399691057013,41.269021277801585,2.0718159246434307,2.2011965811965815,0.0,0.0,0.4700854700854701,0.0,0.07264957264957266,0.19230769230769232,0.1111111111111111,0.0,0.021367521367521368,0.0,0.10256410256410256,0.029914529914529916,0.0,-10.275613881279531
s292,3.989487320876796,2.1218949071666944,20.271284910863056,0.39427814278064344,34.40408213745072,2.6026529521609785,2.3724066390041494,0.03319502074688797,0.0,0.36929460580912865,0.11618257261410789,0.1037344398340249,0.22821576763485477,0.0,0.0,0.14937759336099585,0.0,0.0,0.0,0.0,-10.312899686208736
s293,3.7710233973150644,2.0655863950585647,16.352068184699828,0.4090148399893083,29.227712424620925,2.2328568427561044,2.5427312775330395,0.16740088105726872,0.0,0.0,0.40969162995594716,0.0,0.1894273127753304,0.07048458149779736,0.0,0.013215859030837005,0.14977973568281938,0.0,0.0,0.0,-10.90097596165873
s294,2.553782218695763,2.087322138913292,30.208733152250538,0.2520760056178772,45.016935677863515,6.445059928421087,2.423421052631579,0.0,0.0,0.34210526315789475,0.0,0.0,0.1513157894736842,0.0,0.0,0.1513157894736842,0.21052631578947367,0.02631578947368421,0.11842105263157894,0.0,-9.389581919286455
s295,3.895260657946512,2.763997065569707,21.074860306448887,0.4624320060904137,39.37671267783868,2.806812280801844,2.1805164319248824,0.0,0.0,0.3615023474178404,0.17370892018779344,0.0,0.26291079812206575,0.0,0.0,0.0,0.0,0.20187793427230047,0.0,0.0,-10.85505714558421
s296,2.760021313651124,1.790693937296201,28.9324867189732,0.24651771240108422,44.16011130790646,3.7483722573094154,2.3904137931034484,0.0,0.0,0.38620689655172413,0.0,0.0,0.1310344827586207,0.05862068965517241,0.041379310344827586,0.11379310344827587,0.2689655172413793,0.0,0.0,0.0,-9.279100983243483
s297,3.3951106772984008,1.909017235382326,25.370982424777434,0.2577790722255614,40.74733540949105,2.1333425048039474,2.307056603773585,0.0,0.0,0.5584905660377358,0.0,0.06415094339622641,0.10943396226415095,0.0,0.2679245283018868,0.0,0.0,0.0,0.0,0.0,-10.159855763734516
s298,3.7809768188449,3.385244892013798,25.36007548626948,0.5086324790427209,48.41468956469632,3.0496556971986837,2.173619047619048,0.0,0.0,0.0,0.28095238095238095,0.0,0.36666666666666664,0.0,0.0,0.0,0.0,0.10952380952380952,0.0,0.24285714285714285,-10.678602027514886
s299,2.828601207224514,1.7024615444903437,22.18827083777318,0.20906054497608625,34.181930750083055,2.8416876007617096,2.7656842105263157,0.13333333333333333,0.0,0.0,0.3824561403508772,0.0,0.08771929824561403,0.0,0.10526315789473684,0.02456140350877193,0.26666666666666666,0.0,0.0,0.0,-10.28873804698487
s300,3.581158335569615,2.2243985889998754,22.555016799907747,0.3795348522123535,38.50463582269963,2.7021258134100967,2.204476987447699,0.0,0.0,0.5271966527196653,0.0,0.058577405857740586,0.21338912133891214,0.03765690376569038,0.0,0.13389121338912133,0.0,0.029288702928870293,0.0,0.0,-10.226797144649836
s301,3.9949690606652504,2.79278309954776,27.106253051560913,0.4576519622574364,52.42247052424516,8.521172871894299,1.9501951219512195,0.0,0.0,0.40487804878048783,0.0,0.0,0.33658536585365856,0.0,0.0,0.0,0.0,0.14634146341463414,0.0,0.11219512195121951,-10.156341120405893
s302,3.273433103433576,2.9328505114986787,26.706013311020026,0.47275361792913045,51.68108131484436,4.87931574861575,2.005023923444976,0.0,0.0,0.291866028708134,0.07655502392344497,0.0,0.3492822966507177,0.0,0.0,0.0,0.0,0.1339712918660287,0.0,0.14832535885167464,-10.271342048322635
s303,3.3665414379455463,2.5358562887766842,26.913580025354154,0.2967983907827688,43.67109211661243,4.272586227564522,2.2780232558139537,0.0,0.0,0.5,0.0,0.0,0.13953488372093023,0.0,0.0,0.0,0.11627906976744186,0.2441860465116279,0.0,0.0,-9.627290944628172
s304,3.3124472433839207,2.0371661853791916,23.181168776859067,0.33131907954982864,37.347438584939574,2.2725243909072645,2.362873563218391,0.0,0.0,0.4942528735632184,0.0,0.12643678160919541,0.19540229885057472,0.0,0.0,0.1839080459770115,0.0,0.0,0.0,0.0,-9.733649829679187
s305,2.9770442888979005,2.2800436715404806,25.81407338642851,0.39638917624742126,48.45799740961141,2.2064999247295534,2.017943925233645,0.0,0.0,0.3925233644859813,0.0,0.0,0.2383177570093458,0.22897196261682243,0.0,0.0,0.0,0.0,0.14018691588785046,0.0,-10.568507525540104
s306,4.0634362600241065,2.235664249277023,17.167847087048354,0.402066079231252,28.498626164500262,2.5994123019986115,2.5970682730923693,0.0,0.0,0.14457831325301204,0.357429718875502,0.10040160642570281,0.20481927710843373,0.0,0.05622489959839357,0.1285140562248996,0.0,0.008032128514056224,0.0,0.0,-10.82246893319296
s307,3.6769409175680927,2.7269167930024434,26.15087785725909,0.3085983061857823,43.13196737495976,5.355436169055669,2.2244881889763777,0.0,0.0,0.5551181102362205,0.0,0.0,0.1377952755905512,0.0,0.015748031496062992,0.0,0.0,0.24015748031496062,0.051181102362204724,0.0,-9.739517355951183
s308,2.7743793683588107,3.068656534626295,26.791193401212848,0.4664275925472036,50.057229775950354,2.678497813290957,2.1744131455399063,0.0,0.0,0.0,0.2676056338028169,0.0,0.3474178403755869,0.014084507042253521,0.10328638497652583,0.0,0.0,0.0,0.0,0.2676056338028169,-10.263450213044084
s309,2.9220271337996366,2.2339109899341394,24.01415423285061,0.33206120894105257,42.67130482914224,2.157828414848163,2.0964935064935064,0.0,0.0,0.5627705627705628,0.0,0.0,0.12554112554112554,0.24675324675324675,0.0,0.0,0.0,0.06493506493506493,0.0,0.0,-10.824912626460575
s310,3.079681297071828,2.0457266706828,28.305012705137948,0.23815822331577238,42.89978488122471,9.994634376354822,2.332749140893471,0.0,0.0,0.5738831615120275,0.0,0.0,0.11683848797250859,0.0,0.0,0.22336769759450173,0.0,0.0,0.0859106529209622,0.0,-9.115803308810401
s311,3.2550453000962727,2.4054970239583473,25.77309015404693,0.40355286787383116,44.957570795029206,9.502992238344696,2.1135775862068966,0.0,0.0,0.4051724137931034,0.0,0.0,0.28879310344827586,0.0,0.0,0.13793103448275862,0.0,0.0,0.16810344827586207,0.0,-9.931591672606203
s312,2.7371090833459815,1.915531727970309,24.866915271240646,0.2841644157587383,43.01794831594187,4.443394896943107,2.2828270042194094,0.26582278481012656,0.0,0.3755274261603376,0.0,0.0,0.15611814345991562,0.0,0.0,0.0,0.1350210970464135,0.0,0.06751054852320675,0.0,-9.725508803388365
s313,3.3998316177966736,2.2284658270800035,24.342565465821767,0.38729001287591264,43.360194735994966,8.27539939880007,2.1139035087719296,0.07456140350877193,0.0,0.4649122807017544,0.0,0.0,0.2543859649122807,0.0,0.0,0.10964912280701754,0.0,0.0,0.09649122807017543,0.0,-9.989071196656957
s314,2.6685339937739037,1.7768206521824972,28.682391267221995,0.2579724655234595,46.49754112263938,1.8710360955213037,2.3068965517241384,0.0,0.0,0.32567049808429116,0.0,0.0,0.10344827586206896,0.2796934865900383,0.0,0.0,0.29118773946360155,0.0,0.0,0.0,-9.664122682806902
s315,2.8275766966294174,2.6478243581195224,29.846466324222153,0.29872294509578073,47.61222008864009,5.7436238712523515,2.2756716417910448,0.0,0.0,0.3619402985074627,0.0,0.0,0.1791044776119403,0.0,0.04477611940298507,0.033582089552238806,0.0,0.11567164179104478,0.26492537313432835,0.0,-9.500220200770116
s316,3.4180136393406766,2.5399880111057627,25.40835122808614,0.2919588990628104,40.35444018578388,2.6469380797162394,2.56337037037037,0.018518518518518517,0.0,0.0,0.32592592592592595,0.0,0.15925925925925927,0.1111111111111111,0.0,0.08148148148148149,0.0,0.0,0.3037037037037037,0.0,-10.04362622976787
s317,3.7500689819893074,2.205419887266678,15.521210470899238,0.3400956486355893,23.524334619956665,2.8186326295283606,2.963230240549828,0.0,0.0,0.0,0.35738831615120276,0.3024054982817869,0.16494845360824742,0.0,0.024054982817869417,0.15120274914089346,0.0,0.0,0.0,0.0,-10.517255349447874
s318,3.2925762560282767,2.620744372990609,25.688122507554166,0.2332619277690577,38.09784352569628,2.96381885740631,2.7743973941368076,0.0,0.0,0.0,0.3745928338762215,0.0,0.08469055374592833,0.0,0.0,0.0,0.250814332247557,0.24104234527687296,0.0,0.048859934853420196,-10.220315116670495
s319,2.84069543289251,2.2845042955114923,28.905224066077196,0.26959141704671646,44.70042847376964,3.8385260075702603,2.39791519434629,0.0,0.0,0.35335689045936397,0.0,0.0,0.13780918727915195,0.0,0.0176678445229682,0.0,0.29328621908127206,0.1978798586572438,0.0,0.0,-9.359082499216074
s320,3.831094172594621,2.361473850647545,22.673486781457694,0.4192482273063579,43.1000514494376,4.241830559569336,2.0334597156398106,0.07582938388625593,0.0,0.5260663507109005,0.0,0.0,0.23696682464454977,0.05687203791469194,0.0,0.0,0.0,0.10426540284360189,0.0,0.0,-10.419179434372145
s321,4.1742414034956195,2.407675072435368,22.671367469573006,0.21310064175051793,32.747530789383205,3.511931160240553,2.845476923076923,0.0,0.0,0.0,0.48923076923076925,0.0,0.08923076923076922,0.0,0.0,0.21846153846153846,0.0,0.0,0.20307692307692307,0.0,-10.858845181720094
s322,3.749740142944348,2.1445708498634106,21.35796091740142,0.5683653835656663,47.46213537200318,6.399350875255642,1.844,0.11666666666666667,0.0,0.45,0.0,0.0,0.39444444444444443,0.0,0.0,0.0,0.0,0.03888888888888889,0.0,0.0,-10.640545606918096
s323,3.8749383239241117,2.160099953914124,22.97146403098004,0.48882241344812727,46.17264270226988,4.662934617726398,1.9214427860696517,0.014925373134328358,0.0,0.4975124378109453,0.0,0.0,0.3333333333333333,0.0,0.11442786069651742,0.0,0.0,0.03980099502487562,0.0,0.0,-10.6770845080252
s324,2.8272820559474927,1.8321357653084827,26.11916706413745,0.31397091542121885,44.909934736178734,2.4479669190128304,2.2372803347280334,0.0794979079497908,0.0,0.3305439330543933,0.0,0.0,0.17154811715481172,0.16736401673640167,0.0,0.0,0.2510460251046025,0.0,0.0,0.0,-9.806208369947711
s325,2.7076540285892143,1.7057326358005456,29.53719150225518,0.22090785223990617,46.13111931251091,2.400098109576878,2.3835971223021586,0.04316546762589928,0.0,0.35251798561151076,0.0,0.0,0.07913669064748201,0.2014388489208633,0.0,0.03597122302158273,0.28776978417266186,0.0,0.0,0.0,-9.300222675966431
s326,3.854771307818794,2.4470494669966354,25.49713544388241,0.2633313213061566,40.79541671021186,4.995870732569827,2.2624999999999997,0.0,0.0,0.625,0.0,0.0,0.08333333333333333,0.0,0.125,0.0,0.0,0.16666666666666666,0.0,0.0,-9.855530804043905
s327,3.746819495707786,2.3019445862560293,22.37285152092099,0.5763048772364302,48.08877280933594,3.839873514469467,1.8502139037433156,0.0,0.0,0.44919786096256686,0.0,0.016042780748663103,0.41711229946524064,0.0,0.016042780748663103,0.026737967914438502,0.0,0.0748663101604278,0.0,0.0,-10.781315468043498
s328,3.1395093125293907,2.266225239654266,28.21677352766462,0.25494245039400626,43.99903668720589,3.3991561494726543,2.3608333333333333,0.0,0.0,0.43478260869565216,0.0,0.0,0.10144927536231885,0.05434782608695652,0.028985507246376812,0.0,0.20652173913043478,0.17391304347826086,0.0,0.0,-9.535062478065036
s329,3.2163700121747807,1.9654779402863525,16.224917388206606,0.40739029592065656,30.4396680203522,2.161921800536936,2.4371698113207545,0.2688679245283019,0.0,0.18867924528301888,0.2830188679245283,0.06132075471698113,0.19811320754716982,0.0,0.0,0.0,0.0,0.0,0.0,0.0,-10.65311220099668
s330,3.0296512840749186,2.3127383146098626,21.0940998359908,0.37827198024846714,35.542113422285894,2.7356854261664667,2.5322357723577236,0.028455284552845527,0.0,0.0,0.3170731707317073,0.0,0.2073170731707317,0.06504065040650407,0.0,0.0,0.2764227642276423,0.10569105691056911,0.0,0.0,-10.20469568250302
s331,3.547354585013004,2.5405305809519727,22.114587108290852,0.38596111240035835,39.948931550460856,2.984959177895085,2.1909375,0.049107142857142856,0.0,0.44642857142857145,0.10714285714285714,0.0,0.19642857142857142,0.04017857142857143,0.0,0.0,0.0,0.16071428571428573,0.0,0.0,-10.275656495935042
s332,3.862531654014642,2.6423921044739735,20.71911563114874,0.45514927000883576,36.29739806058386,1.6765578895046085,2.37381974248927,0.0,0.0,0.33476394849785407,0.0,0.23605150214592274,0.2703862660944206,0.0,0.0,0.0,0.0,0.15879828326180256,0.0,0.0,-10.212961893011236
s333,3.4913476636788405,2.506406019150712,26.24491208359488,0.512444072561546,54.46524765735283,4.386963263044629,1.8740414507772023,0.0,0.0,0.3005181347150259,0.0,0.0,0.40932642487046633,0.06217616580310881,0.015544041450777202,0.0,0.0,0.031088082901554404,0.14507772020725387,0.03626943005181347,-10.370633016838987
s334,3.5422596060581735,2.4485816173861474,25.350507877883235,0.4824989226971748,48.80565068078453,18.727342267675123,1.9412135922330098,0.0,0.0,0.42718446601941745,0.0,0.0,0.3640776699029126,0.0,0.0,0.11650485436893204,0.0,0.0,0.0,0.09223300970873786,-10.258462268668456
s335,4.03209860644597,2.5641076815670814,23.35023764723715,0.41033319543273566,41.92011168165409,4.043178294721279,2.1381140350877192,0.0,0.0,0.4692982456140351,0.05263157894736842,0.0,0.2412280701754386,0.0,0.0,0.03070175438596491,0.03508771929824561,0.17105263157894737,0.0,0.0,-10.191969684759309
s336,3.634068464934487,2.0191557693925715,23.537927576423304,0.46595902256164,45.965575550185136,3.700972840861274,1.9594685990338163,0.0,0.0,0.46859903381642515,0.0,0.0,0.32367149758454106,0.0,0.1642512077294686,0.0,0.043478260869565216,0.0,0.0,0.0,-10.632345513057892
s337,3.560277429436493,1.9581266014935386,18.33909776895704,0.47890295843781594,37.44232461162063,2.715093009329289,2.1566326530612243,0.23469387755102042,0.0,0.30612244897959184,0.1836734693877551,0.0,0.2755102040816326,0.0,0.0,0.0,0.0,0.0,0.0,0.0,-10.560024044565111
s338,3.440668198116116,2.433934727926488,25.740505895907646,0.48921869113177174,52.277109912307274,6.372912770513184,1.8852284263959391,0.030456852791878174,0.0,0.38578680203045684,0.0,0.0,0.37055837563451777,0.01015228426395939,0.09644670050761421,0.0,0.0,0.0,0.0,0.1065989847715736,-10.423246303738074
s339,3.786566660280521,2.1488299019804225,20.47302266904112,0.4413374004632186,35.29304654140673,2.169749208222276,2.340735930735931,0.0,0.0,0.36796536796536794,0.04329004329004329,0.16883116883116883,0.27705627705627706,0.0,0.0,0.14285714285714285,0.0,0.0,0.0,0.0,-10.408833134047079
s340,3.456910586447246,1.9968901918566846,24.877236856541924,0.2750885026309381,39.597495351537106,11.041977351038085,2.261375464684015,0.03345724907063197,0.0,0.6282527881040892,0.0,0.0,0.13382899628252787,0.0,0.0,0.20446096654275092,0.0,0.0,0.0,0.0,-9.431171966625351
s341,3.6243849145288496,2.1735959818294543,24.442912831669503,0.5119937079733042,50.1722947597427,5.246984464916271,1.9676923076923076,0.11282051282051282,0.0,0.2512820512820513,0.0,0.0,0.4,0.0,0.0,0.0,0.1794871794871795,0.0,0.0,0.05641025641025641,-10.120934407450843
s342,4.081971347377401,2.5877376306010587,24.452135004056405,0.44683431902012866,46.30758310502715,5.948292473678585,1.997429906542056,0.0,0.0,0.4953271028037383,0.0,0.0,0.2897196261682243,0.018691588785046728,0.0,0.02336448598130841,0.0,0.14018691588785046,0.0,0.03271028037383177,-10.317427491115057
s343,3.9075156898331507,2.1275301282681953,21.47736476583064,0.599814919846236,49.37004627989639,6.33117849893372,1.8092090395480227,0.12994350282485875,0.0,0.3898305084745763,0.0,0.0,0.4350282485875706,0.0,0.0,0.0,0.0,0.0,0.04519774011299435,0.0,-10.617918458429179
s344,3.8905160945197452,2.570741596136599,19.758513772509296,0.45131666227709094,35.92457049547146,2.7214034078874687,2.2548636363636363,0.0,0.0,0.32272727272727275,0.22727272727272727,0.0,0.2409090909090909,0.03636363636363636,0.0,0.05909090909090909,0.0,0.11363636363636363,0.0,0.0,-10.893198184822504
s345,3.1299261629189266,2.09748150510843,20.598333766212217,0.4507584192639661,38.62187581164792,2.4218543698210104,2.15552380952381,0.0,0.0,0.35714285714285715,0.1761904761904762,0.0,0.26666666666666666,0.0,0.2,0.0,0.0,0.0,0.0,0.0,-10.9542262041886
s346,3.1326076649124097,3.1831083581185315,21.218857355275784,0.5242770141647634,40.66947659761191,2.385506702801967,2.2536714975845413,0.0,0.0,0.03864734299516908,0.34782608695652173,0.0,0.3188405797101449,0.04830917874396135,0.0,0.0,0.0,0.1111111111111111,0.0,0.13526570048309178,-10.994356047013385
s347,2.9397284308095215,2.010742763410812,23.41358810155177,0.411600577899664,44.50691071556236,1.8186633453034462,2.05175355450237,0.0,0.0,0.3981042654028436,0.04265402843601896,0.0,0.22748815165876776,0.24644549763033174,0.0,0.0,0.08530805687203792,0.0,0.0,0.0,-10.802765174692105
s348,3.847879493694025,2.4900620765080164,23.438579134524147,0.406254773455626,42.80930569198212,2.343294548157291,2.1039819004524887,0.0,0.0,0.5067873303167421,0.0,0.04072398190045249,0.22624434389140272,0.07692307692307693,0.0,0.0,0.0,0.1493212669683258,0.0,0.0,-10.373608886077921
s349,3.790225492433281,2.0911015020477834,22.060422760218394,0.5980733648558877,48.96337734585053,3.747885476825399,1.786923076923077,0.0,0.0,0.45054945054945056,0.0,0.0,0.4340659340659341,0.054945054945054944,0.0,0.06043956043956044,0.0,0.0,0.0,0.0,-10.970173686393267
s350,2.9430138098367054,2.7095856743746705,28.35503238930964,0.446179831555777,56.42651445472617,10.349395922345868,1.9381909547738696,0.1457286432160804,0.0,0.2864321608040201,0.0,0.0,0.35175879396984927,0.0,0.0,0.0,0.0,0.0,0.0,0.21608040201005024,-9.993772701305886
s351,3.909172600870031,2.072554802195522,22.610266586370823,0.50179334168935,45.22053317274164,6.3522812351357985,1.92145,0.015,0.0,0.5,0.0,0.0,0.35,0.0,0.07,0.065,0.0,0.0,0.0,0.0,-10.574519369361031
s352,3.6401822636166914,2.0806557938619394,16.930841811963592,0.5177456899192745,33.86168362392718,2.428849886088832,2.2432178217821783,0.15346534653465346,0.0,0.20297029702970298,0.297029702970297,0.0,0.28217821782178215,0.0,0.06435643564356436,0.0,0.0,0.0,0.0,0.0,-10.980712920213033
s353,3.0681247197437513,2.5326938448238248,26.890508484144533,0.49778380580035936,55.497432403447185,7.326415566016465,1.9098453608247423,0.10824742268041238,0.0,0.24742268041237114,0.0,0.0,0.4072164948453608,0.0,0.0,0.0,0.08247422680412371,0.0,0.0,0.15463917525773196,-10.05860484877512
s354,3.1017867919741744,1.9128455255442525,22.511756360879197,0.30915040637187924,35.91161133759301,1.5217204457933604,2.5583955223880595,0.0,0.0,0.33955223880597013,0.0,0.2873134328358209,0.17537313432835822,0.0,0.19776119402985073,0.0,0.0,0.0,0.0,0.0,-9.848621346891024
s355,3.7220289940915663,2.6939743135174137,22.694148465974347,0.36305659523549283,37.82358077662395,1.8054042531680548,2.3785600000000002,0.0,0.0,0.436,0.0,0.164,0.188,0.0,0.0,0.0,0.0,0.212,0.0,0.0,-9.95633516841766
s356,2.653495000165899,1.7349209450134917,26.44954016889736,0.2308356752977529,42.51398481135647,3.8261651730757755,2.379351145038168,0.183206106870229,0.0,0.3969465648854962,0.0,0.0,0.10305343511450382,0.0,0.0916030534351145,0.0,0.22519083969465647,0.0,0.0,0.0,-9.576981342061464
s357,3.3449574753901903,2.3599599267715297,24.398900713480074,0.45857815073053226,47.859382168749384,5.686544284249731,2.004313725490196,0.11274509803921569,0.0,0.3382352941176471,0.0,0.0,0.3333333333333333,0.0,0.04411764705882353,0.0,0.0,0.0,0.1715686274509804,0.0,-10.30633110643355
s358,3.415735242141155,2.298868080903748,22.26959999053826,0.5967522954295131,48.78102855070287,3.52191543230163,1.8482608695652174,0.0,0.0,0.34782608695652173,0.06521739130434782,0.0,0.43478260869565216,0.03804347826086957,0.03260869565217391,0.03804347826086957,0.0,0.0,0.0,0.043478260869565216,-10.930015778457552
s359,2.871162894748238,2.482608078489539,27.457090744814174,0.3993970657219081,47.848018430301124,9.240646847007362,2.120295358649789,0.0,0.0,0.32489451476793246,0.0,0.0,0.3080168776371308,0.0,0.0,0.11814345991561181,0.0,0.0,0.2489451476793249,0.0,-9.707195983740599
s360,3.489880641396247,1.959889569144334,23.321257427991593,0.307906403864404,38.13538950489187,3.308731366216018,2.3756153846153847,0.03461538461538462,0.0,0.35,0.1423076923076923,0.0,0.16153846153846155,0.06153846153846154,0.0,0.13076923076923078,0.11923076923076924,0.0,0.0,0.0,-9.831791981023338
s361,3.676699779402041,2.0999630698234175,21.31754257034038,0.39854773583561315,36.39209053079537,3.981477195413583,2.312259414225941,0.0,0.0,0.3305439330543933,0.18410041841004185,0.0,0.24267782426778242,0.0,0.0,0.17154811715481172,0.07112970711297072,0.0,0.0,0.0,-10.266317677429825
s362,2.8194271216500795,2.1594420109381343,27.318354327708533,0.25519956312359887,44.07808090912486,6.564791628006225,2.30212927756654,0.14068441064638784,0.0,0.45627376425855515,0.0,0.0,0.12927756653992395,0.0,0.026615969581749048,0.08365019011406843,0.0,0.0,0.1634980988593156,0.0,-9.544852246140941
s363,2.780460793156975,2.1303684569692725,17.348124759424564,0.3452609157391001,29.23040199190714,1.8037139728543186,2.560162601626016,0.0,0.0,0.13008130081300814,0.4634146341463415,0.0,0.14634146341463414,0.0,0.2601626016260163,0.0,0.0,0.0,0.0,0.0,-10.881286630920142
s364,2.9128069043045985,2.1741784773627812,25.461035463152808,0.3367427337387923,44.93123905262262,5.050155262469529,2.150541666666667,0.1125,0.0,0.44166666666666665,0.0,0.0,0.20416666666666666,0.0,0.11666666666666667,0.0,0.0,0.0,0.125,0.0,-10.106514505035747
s365,3.3197780544243285,1.9961208608027363,23.833138944153728,0.4744932029773562,47.90947318365597,2.06003473221263,1.946243654822335,0.0,0.0,0.38071065989847713,0.0,0.0,0.3147208121827411,0.18781725888324874,0.0,0.0,0.116751269035533,0.0,0.0,0.0,-10.713080895423044
s366,3.8117371926124473,2.149184854405834,20.241053894048008,0.393289473904332,33.645725347059916,1.7018018825930912,2.4461354581673307,0.01593625498007968,0.0,0.36254980079681276,0.0,0.23904382470119523,0.21912350597609562,0.05976095617529881,0.0,0.10358565737051793,0.0,0.0,0.0,0.0,-10.166576729801344
s367,3.0025583135504816,2.0967441709725487,27.033475827365265,0.39112187430132367,47.78009681115717,4.0308895956853235,2.141929824561404,0.0,0.0,0.3026315789473684,0.0,0.0,0.2894736842105263,0.0,0.11842105263157894,0.0,0.22807017543859648,0.02631578947368421,0.0,0.03508771929824561,-9.898515590368408
s368,3.3348535460080364,2.324617920063432,24.550150148673964,0.41855969890671374,44.874454779953254,3.5260924478909117,2.1175784753363227,0.0,0.0,0.32286995515695066,0.08071748878923767,0.0,0.28699551569506726,0.0,0.16591928251121077,0.0,0.0,0.0,0.14349775784753363,0.0,-10.424598766606303
s369,3.857158611137707,2.0885129776838247,21.013231939599212,0.5677674890917588,43.36773400300263,1.5507914463808286,2.011237113402062,0.0,0.0,0.36082474226804123,0.0,0.12371134020618557,0.3865979381443299,0.09278350515463918,0.0,0.03608247422680412,0.0,0.0,0.0,0.0,-10.689693058909457
s370,3.760017175665379,2.183025100425373,18.706253178694425,0.5252213053718533,33.983026607961555,3.489389903964116,2.374816513761468,0.0,0.0,0.0,0.3073394495412844,0.0,0.3211009174311927,0.0,0.10550458715596331,0.022935779816513763,0.24311926605504589,0.0,0.0,0.0,-10.697575988320553
s371,3.1064896708023584,2.4954697021538537,28.45862441871109,0.4188524972252989,53.42233004915937,6.423515223319362,1.9659813084112148,0.0,0.0,0.38317757009345793,0.0,0.0,0.3177570093457944,0.0,0.14953271028037382,0.0,0.0,0.0,0.0,0.14953271028037382,-10.168553598279212
s372,3.1132951469834897,2.8254854689414253,27.24732752503885,0.40449997845185715,48.487370241407696,5.778411166249511,2.1085398230088495,0.0,0.0,0.3407079646017699,0.0,0.0,0.2831858407079646,0.0,0.0,0.0,0.0,0.15486725663716813,0.22123893805309736,0.0,-9.903365451297867
s373,3.4152909298334118,2.2219248852315645,25.377785137700872,0.3061081909468556,42.239534994294004,1.500088289635686,2.3533467741935485,0.0,0.0,0.3225806451612903,0.0,0.14516129032258066,0.13709677419354838,0.2620967741935484,0.0,0.0,0.0,0.0,0.13306451612903225,0.0,-10.18253538539703
s374,4.362485244945775,2.7178160275875602,25.01434376894014,0.25340154128036335,36.925936039863984,3.903746410181121,2.7265161290322584,0.0,0.0,0.0,0.38064516129032255,0.0,0.12580645161290321,0.0,0.0,0.14516129032258066,0.0,0.05161290322580645,0.2967741935483871,0.0,-10.31506024462279
s375,3.4761066277821264,1.8637580830077756,23.874036910860184,0.2363117005392773,36.244004222186724,1.5291070842723995,2.611740614334471,0.0,0.0,0.3993174061433447,0.0,0.2593856655290102,0.10238907849829351,0.0,0.23890784982935154,0.0,0.0,0.0,0.0,0.0,-9.792357706840342
s376,2.8705447647198152,1.7658328928997655,23.762807326255857,0.3175605727618639,41.8590990593276,3.621462024876236,2.3,0.24017467248908297,0.0,0.30131004366812225,0.043668122270742356,0.0,0.19213973799126638,0.0,0.0,0.0,0.22270742358078602,0.0,0.0,0.0,-9.752899080243992
s377,3.236132248011966,2.3496932515066824,25.516175844265497,0.42103405243296105,45.60765288699424,4.164202527637862,2.150660792951542,0.0,0.0,0.31718061674008813,0.0,0.0,0.29515418502202645,0.0,0.0,0.0,0.2422907488986784,0.14537444933920704,0.0,0.0,-9.838894456178311
s378,3.5577538396271606,2.0660341030555167,20.780998638653816,0.4092516988160547,37.40579754957687,2.6061448516053094,2.240533333333333,0.0,0.0,0.3466666666666667,0.2088888888888889,0.0,0.23555555555555555,0.0,0.1688888888888889,0.04,0.0,0.0,0.0,0.0,-10.62670783250746
s379,3.1595437879640142,1.9383372085066206,16.26421181834966,0.39984885333477155,31.049858925940267,2.23568016261152,2.3939999999999997,0.2857142857142857,0.0,0.19523809523809524,0.32857142857142857,0.0,0.19047619047619047,0.0,0.0,0.0,0.0,0.0,0.0,0.0,-10.670002328290382
s380,3.750328225473366,2.543501282370116,23.792237641869317,0.3084032376323121,39.70625089901365,6.702585985862877,2.2234523809523807,0.06349206349206349,0.0,0.5992063492063492,0.0,0.0,0.12698412698412698,0.0,0.0,0.03968253968253968,0.0,0.17063492063492064,0.0,0.0,-9.866892450237847
s381,2.893887892880146,2.1934281092383516,29.128957677719004,0.2262583825047706,43.47819791304858,4.888266420312982,2.4064686468646865,0.0,0.0,0.47194719471947194,0.0,0.0,0.0858085808580858,0.036303630363036306,0.0,0.11551155115511551,0.12871287128712872,0.0924092409240924,0.06930693069306931,0.0,-9.205522686242565
s382,3.7289943078846552,2.4613228981978317,26.66923025764993,0.18038076330706518,36.92662651059221,4.017544250015644,2.862944444444444,0.0,0.0,0.0,0.4111111111111111,0.0,0.06388888888888888,0.0,0.0,0.21388888888888888,0.0,0.0,0.3111111111111111,0.0,-10.68251543196576
s383,3.5830043703469054,2.160902801752476,21.331473482036472,0.434018549447077,37.99668713987748,4.259321115700294,2.1623684210526317,0.0,0.0,0.45614035087719296,0.10526315789473684,0.0,0.2675438596491228,0.0,0.0,0.17105263157894737,0.0,0.0,0.0,0.0,-10.455610809116635
s384,3.0501065525687,2.309783821305625,24.00008326588902,0.4439343928907641,46.64167125257684,2.097140173082211,2.006116504854369,0.0,0.0,0.35436893203883496,0.043689320388349516,0.0,0.27184466019417475,0.21359223300970873,0.0,0.0,0.0,0.0,0.11650485436893204,0.0,-10.91088838633649
s385,2.886512221075497,2.760565084007686,30.679848933041118,0.36179150061536147,52.31024602252334,14.167022170131673,2.0989029535864976,0.0,0.0,0.3881856540084388,0.0,0.0,0.25738396624472576,0.0,0.0,0.09282700421940929,0.0,0.06329113924050633,0.0,0.19831223628691982,-9.585202826233303
s386,3.8418347455629136,1.9714664972144287,21.438070868100954,0.5223102086251862,45.52579094461888,4.777853661154117,1.9378835978835978,0.1693121693121693,0.0,0.3968253968253968,0.0,0.0,0.35978835978835977,0.0,0.0,0.0,0.07407407407407407,0.0,0.0,0.0,-10.39048925083968
s387,2.4424642382289705,2.6159895553881882,29.06362480240003,0.3681524193614488,53.94011721801356,9.079634341399355,2.0592237442922374,0.2009132420091324,0.0,0.3242009132420091,0.0,0.0,0.2602739726027397,0.0,0.0,0.0,0.0,0.0,0.0,0.2146118721461187,-9.73981141253074
s388,4.466333397077524,2.6854009641208347,17.375766694882426,0.6879219926338364,37.34791232118405,3.339963005831741,2.1619251336898397,0.10695187165775401,0.0,0.0,0.28342245989304815,0.03208556149732621,0.42780748663101603,0.0,0.0,0.0,0.0,0.0,0.1497326203208556,0.0,-10.963841002829966
s389,3.503463525418729,2.421856482332325,24.833199374784872,0.5552760591572715,53.75657276424019,4.081571371105014,1.822445652173913,0.0,0.0,0.3423913043478261,0.0,0.0,0.42934782608695654,0.059782608695652176,0.0,0.0,0.05434782608695652,0.04891304347826087,0.0,0.06521739130434782,-10.594626727896928
s390,3.532526621790095,2.407129447418905,19.70517090842809,0.24875614686551198,29.657277427836174,3.0951332513340675,2.813053691275168,0.030201342281879196,0.0,0.0,0.5234899328859061,0.0,0.10738255033557047,0.0,0.0,0.19798657718120805,0.0,0.0,0.14093959731543623,0.0,-10.971283246341967
s391,3.718339349094832,2.165377554903512,23.467566047329317,0.49405936179533155,46.70277995557615,4.312553857944867,1.925223880597015,0.0,0.0,0.4577114427860697,0.0,0.0,0.3482587064676617,0.05970149253731343,0.014925373134328358,0.07462686567164178,0.0,0.0,0.04477611940298507,0.0,-10.543726363275912
s392,3.509937513164824,2.6402601589905768,25.743871100383817,0.5342260516453995,54.95882594463968,10.09379949298031,1.8322105263157897,0.03684210526315789,0.0,0.35789473684210527,0.0,0.0,0.42105263157894735,0.0,0.0,0.0,0.0,0.07368421052631578,0.0,0.11052631578947368,-10.436295958808287
s393,3.1365108548635887,1.8961602882614765,19.49548384882386,0.27207939878695586,32.84855497815525,1.7471942878937652,2.5073170731707317,0.2926829268292683,0.0,0.3983739837398374,0.0,0.1951219512195122,0.11382113821138211,0.0,0.0,0.0,0.0,0.0,0.0,0.0,-9.994804254973575
s394,2.7662792301605603,1.8141162249619947,27.73645898370478,0.25322309859740416,41.397699975678805,3.5997697238985675,2.4941666666666666,0.0,0.0,0.36666666666666664,0.0,0.07333333333333333,0.15333333333333332,0.0,0.0,0.17666666666666667,0.23,0.0,0.0,0.0,-9.461252057141
s395,2.45032093967427,2.2643084594510583,31.360756957703046,0.2261751930868064,45.87962591960262,5.901309970598357,2.4525949367088606,0.0,0.0,0.3639240506329114,0.0,0.0,0.10759493670886076,0.0,0.0189873417721519,0.10443037974683544,0.1550632911392405,0.08544303797468354,0.16455696202531644,0.0,-9.166129420607675
s396,3.031162121305462,2.10380128792988,27.41341783133145,0.30228420890814084,45.161848606744805,2.6453709168563835,2.276303501945525,0.0,0.0,0.35797665369649806,0.0,0.0,0.1556420233463035,0.14007782101167315,0.0,0.0,0.2490272373540856,0.09727626459143969,0.0,0.0,-9.737031623802128
s397,4.211969126455307,2.04768056449298,20.285345943788844,0.41633641542526734,33.7644244985433,4.841535255267108,2.533162055335968,0.0,0.0,0.0,0.3359683794466403,0.0,0.2648221343873518,0.0,0.0,0.13438735177865613,0.2648221343873518,0.0,0.0,0.0,-10.274640515647668
s398,2.917960167193726,2.085994472730302,24.024402268418843,0.2645606837015739,41.689403936373864,5.364848913788392,2.264576271186441,0.3050847457627119,0.0,0.4576271186440678,0.0,0.0,0.11864406779661017,0.0,0.0,0.0,0.0,0.0,0.11864406779661017,0.0,-9.82469476316618
s399,4.188173452526339,2.3466110556333835,23.55689485813622,0.41992478982007103,43.83630869253179,4.429423713918452,2.0260280373831776,0.0,0.0,0.5373831775700935,0.0,0.0,0.2523364485981308,0.018691588785046728,0.09345794392523364,0.0,0.0,0.09813084112149532,0.0,0.0,-10.473529872935227
s400,3.6060596217524554,2.455694733602728,18.356747492997396,0.3103868634663826,28.984338146838027,2.998252773363403,2.7291111111111106,0.04814814814814815,0.0,0.0,0.5111111111111111,0.0,0.14814814814814814,0.0,0.0,0.17037037037037037,0.0,0.0,0.12222222222222222,0.0,-10.725084376048668
s401,3.8334056975718163,2.214943200520974,18.714310266245594,0.4349660869190055,33.449987641242124,2.333147523082461,2.3105726872246697,0.0,0.0,0.28193832599118945,0.2775330396475771,0.0,0.22026431718061673,0.1013215859030837,0.0,0.11894273127753303,0.0,0.0,0.0,0.0,-10.924404114244933
s402,3.0939950488278933,1.9153705603138191,25.608355777840117,0.4255379850172406,46.56064686880024,3.6170489063763136,2.1165000000000007,0.0,0.0,0.2818181818181818,0.0,0.0,0.32272727272727275,0.0,0.12727272727272726,0.0,0.2681818181818182,0.0,0.0,0.0,-10.058401300026839
s403,3.544027449209986,1.9197251864122973,17.21605435800651,0.3954119104678911,33.01059964058132,2.3965294168724602,2.338421052631579,0.2822966507177033,0.0,0.24880382775119617,0.2727272727272727,0.0,0.19617224880382775,0.0,0.0,0.0,0.0,0.0,0.0,0.0,-10.550860617913536
s404,2.6478188917026015,3.2841749742855506,28.30323750417302,0.33813488778767725,46.216678962510365,2.8671569592918758,2.475271317829457,0.0,0.0,0.0,0.3449612403100775,0.0,0.19767441860465115,0.0,0.0,0.0,0.0,0.18992248062015504,0.03875968992248062,0.22868217054263565,-9.930424163831548
s405,4.144687919757204,2.099249392261465,22.4318830499442,0.4731997601774601,44.64166824790874,6.294366380575701,1.9675124378109454,0.0945273631840796,0.0,0.472636815920398,0.0,0.0,0.31840796019900497,0.0,0.04975124378109453,0.03482587064676617,0.0,0.0,0.029850746268656716,0.0,-10.504138352603086
s406,3.7884645018909233,2.018602321467565,20.04800037386523,0.3992295026004897,38.109261971942054,3.099290629857199,2.184407582938389,0.1895734597156398,0.0,0.3981042654028436,0.12796208530805686,0.0,0.21800947867298578,0.0,0.052132701421800945,0.0,0.0,0.014218009478672985,0.0,0.0,-10.485266563694736
s407,3.5962655129203616,2.086814833035735,21.479619556643932,0.5953920539131958,47.05059521931521,1.7951896233172484,1.8632608695652173,0.0,0.0,0.40217391304347827,0.0,0.05434782608695652,0.41847826086956524,0.059782608695652176,0.06521739130434782,0.0,0.0,0.0,0.0,0.0,-10.958617628065959
s408,3.817466251282102,1.8930889636219668,23.906306499780246,0.1994924664647715,35.39972308621309,3.4808570879055605,2.5768831168831166,0.0,0.0,0.4318181818181818,0.2435064935064935,0.0,0.06818181818181818,0.0,0.0,0.2564935064935065,0.0,0.0,0.0,0.0,-10.509792071270407
s409,3.2456346075502394,1.99159157930159,23.92999212481566,0.48635195053415725,47.620684328383156,2.812507585355121,1.962211055276382,0.0,0.0,0.36180904522613067,0.0,0.0,0.34673366834170855,0.08542713567839195,0.06532663316582915,0.0,0.1407035175879397,0.0,0.0,0.0,-10.481672114381125
s410,3.0345555970633042,2.264586741614198,29.767961536033965,0.24853902361970512,47.809150345751476,5.7697194669363325,2.2409056603773587,0.07169811320754717,0.0,0.4981132075471698,0.0,0.0,0.10566037735849057,0.0,0.2,0.0,0.0,0.0,0.0,0.12452830188679245,-9.83974469239468
s411,3.4245691995533125,3.0448019802927346,30.622600038563668,0.25952756186076914,44.40277005591731,3.520176681704548,2.637335423197492,0.0,0.0,0.0,0.3605015673981191,0.0,0.12539184952978055,0.0,0.0,0.18495297805642633,0.0,0.0,0.0,0.329153605015674,-10.105854425104308
s412,4.0160456228914265,2.401767102564078,23.06623502213485,0.46828599074599503,41.410248701155446,2.9957885189086944,2.1874122807017544,0.0,0.0,0.32456140350877194,0.0,0.10964912280701754,0.3333333333333333,0.0,0.0,0.10964912280701754,0.0,0.0,0.12280701754385964,0.0,-10.262775740967484
s413,4.210015756510699,2.730599239329154,25.594630421744366,0.5066996064830459,51.44779246391036,3.9219054845714547,1.9379899497487438,0.0,0.0,0.36683417085427134,0.0,0.035175879396984924,0.38190954773869346,0.0,0.0,0.0,0.0,0.12060301507537688,0.0,0.09547738693467336,-10.331199381488053
s414,3.483044223702809,2.493405604566229,25.54623614199425,0.3466485899192794,42.92462807532367,3.711009591944904,2.276518218623482,0.0,0.0,0.3765182186234818,0.05263157894736842,0.0,0.19838056680161945,0.0,0.0,0.0,0.1659919028340081,0.20647773279352227,0.0,0.0,-9.783714307118071
s415,3.704530941311294,2.0478722476173967,25.851647591468225,0.3496050112984,45.09460331744836,3.854467233074111,2.1237500000000002,0.0,0.0,0.47413793103448276,0.0,0.0,0.21982758620689655,0.0,0.20689655172413793,0.0,0.04741379310344827,0.0,0.05172413793103448,0.0,-10.265997437589176
s416,4.097920356130744,2.1448382694766317,16.359961988786058,0.5739132628300698,32.08458564791047,3.069360413868115,2.342623762376238,0.16831683168316833,0.0,0.0,0.31683168316831684,0.0,0.3217821782178218,0.0,0.0,0.0,0.19306930693069307,0.0,0.0,0.0,-10.793238727699391
s417,3.0403147634687655,3.0242643162592566,22.494061867630894,0.32939215131681204,36.41226264822749,2.824915960510151,2.605096525096525,0.015444015444015444,0.0,0.0,0.39768339768339767,0.0,0.16602316602316602,0.0,0.03474903474903475,0.0,0.0,0.16602316602316602,0.22007722007722008,0.0,-10.320415609820735
s418,3.1879329382560764,2.3240777836075663,31.086846963518195,0.26398506286752804,49.88787416899929,4.318194594401491,2.216044776119403,0.0,0.0,0.45149253731343286,0.0,0.0,0.12686567164179105,0.05223880597014925,0.19776119402985073,0.0,0.0,0.0,0.055970149253731345,0.11567164179104478,-9.86110393696298
s419,2.571560088287753,1.8195975207758344,24.544422125694382,0.17271233856556653,33.80646821086207,1.8457619614267147,2.861698630136986,0.0,0.0,0.3917808219178082,0.0,0.33424657534246577,0.06301369863013699,0.0,0.0,0.21095890410958903,0.0,0.0,0.0,0.0,-9.105115861809743
s420,3.8953543574885,2.5668347842604478,24.152333103147765,0.34111363921473786,41.8640440454561,3.3805703819981883,2.1408974358974358,0.0,0.0,0.5769230769230769,0.0,0.0,0.1452991452991453,0.10256410256410256,0.0,0.0,0.0,0.1752136752136752,0.0,0.0,-10.268029997109071
s421,3.251531302843183,2.262520350093635,25.525738274996048,0.39344035992139315,46.8323462566043,2.82646998168376,2.045630630630631,0.0,0.0,0.42342342342342343,0.0,0.0,0.24324324324324326,0.16666666666666666,0.0,0.04504504504504504,0.0,0.0,0.12162162162162163,0.0,-10.377766117695824
s422,3.0061672989931685,2.0296876378120503,23.85675622890524,0.36160613684873244,43.57308369081036,2.333184730530766,2.0473303167420815,0.0,0.0,0.5475113122171946,0.0,0.0,0.17647058823529413,0.18552036199095023,0.09049773755656108,0.0,0.0,0.0,0.0,0.0,-10.963564779666223
s423,3.8053291072746873,2.3911190648901637,23.974886396382054,0.37850892788463925,42.7052663935556,4.93610621059416,2.0905701754385966,0.0,0.0,0.5614035087719298,0.0,0.0,0.21052631578947367,0.0,0.10964912280701754,0.0,0.0,0.11842105263157894,0.0,0.0,-10.311411572334732
s424,3.3929047482614854,1.8114540132562382,27.573263018754012,0.2980621284149699,45.24843162051936,3.4153776499574886,2.270625,0.015625,0.0,0.375,0.0,0.0,0.1875,0.0,0.1875,0.0,0.234375,0.0,0.0,0.0,-9.846515167814163
s425,3.1993498440935646,2.2224275356393948,24.294359126209045,0.4439575138367989,47.87417827811783,2.1145028493421636,1.9483084577114427,0.0,0.0,0.4228855721393035,0.0,0.0,0.2736318407960199,0.21890547263681592,0.0,0.0,0.0,0.0,0.0845771144278607,0.0,-10.939913271144887
s426,4.357809976287443,2.5714933049729822,20.963796190329415,0.5112760610854502,39.35309109412715,1.7350400037761073,2.2089719626168227,0.0,0.0,0.35514018691588783,0.0,0.17757009345794392,0.32710280373831774,0.0,0.0,0.0,0.0,0.14018691588785046,0.0,0.0,-10.3287883820838
s427,3.1371743932920557,2.0400812912922297,20.480333872627117,0.3421679343409026,34.22552439116881,1.6702954157987722,2.5330120481927714,0.0,0.0,0.0,0.3253012048192771,0.0,0.14056224899598393,0.26104417670682734,0.0,0.0,0.27309236947791166,0.0,0.0,0.0,-10.442366111761265
s428,2.941853450403119,1.8695029238820728,27.700798369958708,0.21092703896512086,41.34651185269701,5.247525055356156,2.375115511551155,0.0,0.0,0.5973597359735974,0.0,0.0,0.07260726072607261,0.0462046204620462,0.0,0.21122112211221122,0.07260726072607261,0.0,0.0,0.0,-9.178572098145725
s429,3.5481878264603752,2.1215751250333503,24.382004847404723,0.4342939179179361,46.347774980201784,4.162722011789352,1.9879146919431279,0.0,0.0,0.47393364928909953,0.0,0.0,0.2985781990521327,0.0,0.17535545023696683,0.0,0.0,0.0,0.052132701421800945,0.0,-10.547437267412354
s430,2.8730656790495352,2.968824676285684,29.782898344541387,0.3839004174248427,52.692820148034784,8.757666250548109,2.0643478260869563,0.0,0.0,0.391304347826087,0.0,0.0,0.2608695652173913,0.0,0.0,0.0,0.0,0.17391304347826086,0.0,0.17391304347826086,-9.783008156864025
s431,3.361519591606613,2.0041283727561505,20.501698803591456,0.3313636437887958,32.583057027136405,3.045408556651616,2.643183520599251,0.0,0.0,0.0,0.3782771535580524,0.0,0.1760299625468165,0.07116104868913857,0.0,0.12359550561797752,0.250936329588015,0.0,0.0,0.0,-10.395158719700609
s432,3.601202236225079,2.298752626151556,21.3073271187853,0.2863430440335888,36.86012063614686,6.285573518796398,2.241898734177215,0.24050632911392406,0.0,0.5780590717299579,0.0,0.0,0.0970464135021097,0.0,0.0,0.0,0.0,0.08438818565400844,0.0,0.0,-10.243219417970094
s433,3.3786228006262684,2.73159250844363,26.02848819256194,0.48302109735716,50.59743499114842,6.258405237791629,1.9783173076923075,0.0,0.0,0.3173076923076923,0.0,0.0,0.3701923076923077,0.0,0.0,0.0,0.0,0.11538461538461539,0.1971153846153846,0.0,-10.229278927982445
s434,3.3718448848842826,1.9651309205259326,19.198580384167027,0.4831292514488816,39.62260206945113,3.060248657294403,2.0831958762886593,0.2268041237113402,0.0,0.36597938144329895,0.11855670103092783,0.0,0.28865979381443296,0.0,0.0,0.0,0.0,0.0,0.0,0.0,-10.575024551215375
s435,3.1921071858580063,1.8814892820214641,24.299712972333918,0.2449443937816678,37.578244651204884,1.5944516411495173,2.5139222614840993,0.0,0.0,0.44876325088339225,0.0,0.1978798586572438,0.10600706713780919,0.0,0.24734982332155478,0.0,0.0,0.0,0.0,0.0,-9.93217158308101
s436,3.6697707027311304,2.281097789336423,21.434727494908206,0.37028282445308125,39.571804605984376,6.325395103999106,2.1245833333333337,0.19444444444444445,0.0,0.5416666666666666,0.0,0.0,0.18518518518518517,0.0,0.0,0.0,0.0,0.0787037037037037,0.0,0.0,-10.307624892794477
s437,2.93203612256247,2.108989938282167,22.26472401155244,0.28360744897311563,33.451925239031986,1.8269320169402323,2.7009836065573767,0.0,0.0,0.34098360655737703,0.0,0.32459016393442625,0.1540983606557377,0.0,0.0,0.13114754098360656,0.0,0.04918032786885246,0.0,0.0,-9.59128919707447
s438,2.485187497686545,2.48895703857724,31.89281480721438,0.2955389932606454,51.38286830051209,15.716328232258384,2.1999999999999997,0.0421455938697318,0.0,0.42528735632183906,0.0,0.0,0.19157088122605365,0.0,0.0,0.14559386973180077,0.0,0.0,0.0,0.19540229885057472,-9.20493992000114
s439,2.916520015321969,2.0622703953002475,20.321537239885707,0.37163027153503425,38.284324621570384,3.1727383805839673,2.2461137440758296,0.26540284360189575,0.0,0.32701421800947866,0.14218009478672985,0.0,0.2037914691943128,0.0,0.0,0.0,0.0,0.0,0.061611374407582936,0.0,-10.336753424473898
s440,3.43052056981603,3.1868176462108493,21.22536035821013,0.3741477345184212,35.86353991559643,2.543332057881438,2.465795918367347,0.0,0.0,0.17959183673469387,0.3469387755102041,0.0,0.17142857142857143,0.0,0.0,0.0,0.0,0.23673469387755103,0.0,0.0653061224489796,-10.78749845880528
s441,3.2369494378211403,1.9102977956825473,18.58758014843139,0.3339753896211181,34.47440078811639,2.7670024195603466,2.308986175115207,0.3087557603686636,0.0,0.3686635944700461,0.17050691244239632,0.0,0.15207373271889402,0.0,0.0,0.0,0.0,0.0,0.0,0.0,-10.49152568475684
s442,3.477392528852052,2.0469570570407063,22.248509335039326,0.45133776577946877,43.4475606825768,2.22963004855208,2.00792270531401,0.043478260869565216,0.0,0.4782608695652174,0.0,0.033816425120772944,0.2753623188405797,0.09178743961352658,0.07729468599033816,0.0,0.0,0.0,0.0,0.0,-10.826629380353344
s443,3.6430639318960347,1.9998732609748069,22.993771772551362,0.3932297163090282,40.957655969857115,1.795173377049185,2.190877192982456,0.0,0.0,0.45614035087719296,0.0,0.10526315789473684,0.24561403508771928,0.0,0.19298245614035087,0.0,0.0,0.0,0.0,0.0,-10.398970708381759
s444,3.6486530897192226,2.0844460689520385,23.58668927327769,0.4147036662404834,41.68810197137455,7.501770314991592,2.100657894736842,0.0,0.0,0.5,0.0,0.0,0.27631578947368424,0.0,0.0,0.15789473684210525,0.06578947368421052,0.0,0.0,0.0,-10.105831990855771
s445,2.676710362986523,1.824872261847972,27.535888424625174,0.2980034126129565,46.52615630367706,1.9142614885065024,2.230938775510204,0.0,0.0,0.33877551020408164,0.0,0.0,0.1469387755102041,0.2612244897959184,0.0,0.0,0.2530612244897959,0.0,0.0,0.0,-9.867502544638246
s446,3.725173833930473,2.0147336465832897,16.774857141633213,0.3778229004075312,30.753904759660898,2.202139962507725,2.4301818181818184,0.2,0.0,0.19545454545454546,0.35,0.0,0.16818181818181818,0.05454545454545454,0.0,0.031818181818181815,0.0,0.0,0.0,0.0,-10.871185024740015
s447,3.329472420701094,2.2266344988776465,25.05889938806205,0.4332214937727885,47.634484422352216,4.80810515354642,1.9722748815165876,0.0,0.0,0.47393364928909953,0.0,0.0,0.2985781990521327,0.0,0.17535545023696683,0.0,0.0,0.0,0.0,0.052132701421800945,-10.565171466568447
s448,2.916907259315576,2.0521000968623193,27.444469903802165,0.2686210387311816,44.59726359367854,3.966984674179421,2.2237692307692307,0.0,0.0,0.5307692307692308,0.0,0.0,0.13076923076923078,0.0,0.25384615384615383,0.0,0.0,0.0,0.08461538461538462,0.0,-10.209624199984669
s449,2.9083638484822965,2.4735560099486444,31.06899651850673,0.30016589002300137,53.58276211162753,2.846057612087738,2.106344537815126,0.037815126050420166,0.0,0.3949579831932773,0.0,0.0,0.14285714285714285,0.23949579831932774,0.0,0.0,0.0,0.0,0.0,0.18487394957983194,-9.926738521465937
s450,3.1961925643847096,2.000133470833349,23.769669194214096,0.4998647132628851,48.2821405507474,2.2192425149783217,1.9426153846153846,0.0,0.0,0.3333333333333333,0.0,0.0,0.3487179487179487,0.15897435897435896,0.0,0.0,0.15897435897435896,0.0,0.0,0.0,-10.693994502365754
s451,2.7300412112769736,1.7690211092916457,29.149164583194874,0.246198465908065,44.820758445127595,3.0661844544756685,2.3921678321678326,0.0,0.0,0.3356643356643357,0.0,0.0,0.12937062937062938,0.024475524475524476,0.1958041958041958,0.0,0.3146853146853147,0.0,0.0,0.0,-9.6508945107932
s452,3.2745363233784492,2.687932461524103,28.856578767542644,0.27936191506645613,45.41923048619138,4.890264689108163,2.3243984962406015,0.0,0.0,0.42857142857142855,0.0,0.0,0.13157894736842105,0.0,0.0,0.0,0.07894736842105263,0.23308270676691728,0.12781954887218044,0.0,-9.426775971479602
s453,3.330529261373865,2.3305036270678654,21.298697952020156,0.2790930057368686,33.90147780528653,2.897998865390163,2.7079553903345728,0.08921933085501858,0.0,0.0,0.3903345724907063,0.0,0.12639405204460966,0.0,0.0,0.0,0.2379182156133829,0.15613382899628253,0.0,0.0,-10.325303058519093
s454,3.3777067103137344,2.1855273885146045,24.780905079947754,0.4305776291830597,45.571664426683554,3.530560388222541,2.0880184331797236,0.0,0.0,0.35944700460829493,0.0,0.0,0.29493087557603687,0.03686635944700461,0.05069124423963134,0.0,0.18433179723502305,0.07373271889400922,0.0,0.0,-10.159508675209796
s455,3.2573319151984585,1.9285614998249274,22.35633865739487,0.2761284281199779,38.630438121233794,4.317625142352395,2.2392340425531914,0.19574468085106383,0.0,0.548936170212766,0.029787234042553193,0.0,0.11063829787234042,0.0,0.1148936170212766,0.0,0.0,0.0,0.0,0.0,-10.272628049559122
s456,3.6865641666911886,2.0010079166330192,23.978813066306817,0.4111014017449408,46.181417757331594,1.8339619153218822,1.9901923076923078,0.0,0.0,0.46153846153846156,0.0,0.0,0.23076923076923078,0.25,0.0,0.0,0.057692307692307696,0.0,0.0,0.0,-10.900831480617285
s457,3.048177055206304,1.8813857961045752,21.083350402196583,0.32528048021345646,35.47818964231702,2.185288029843952,2.5496311475409836,0.09836065573770492,0.0,0.0,0.30327868852459017,0.0,0.1598360655737705,0.14754098360655737,0.0,0.0,0.29098360655737704,0.0,0.0,0.0,-10.271573169739714
s458,3.535751322714433,2.1722188823195654,22.339912458655466,0.5364935205828737,45.60105842076067,7.5587084547404055,1.8898989898989897,0.0,0.0,0.4898989898989899,0.0,0.0,0.3787878787878788,0.0,0.03535353535353535,0.07575757575757576,0.0,0.020202020202020204,0.0,0.0,-10.69521818162354
s459,4.145692841702279,2.79434122173169,25.637818364491373,0.27459193891392325,41.0205093831862,5.346387746968972,2.27625,0.0,0.0,0.625,0.0,0.0,0.08333333333333333,0.0,0.0,0.0,0.0,0.2916666666666667,0.0,0.0,-9.635614924367513
s460,2.68799912425873,1.7581473008533404,29.43453459334947,0.24080309828826266,45.431564263648085,2.746622514572343,2.382394366197183,0.0,0.0,0.352112676056338,0.0,0.0,0.11267605633802817,0.15492957746478872,0.0,0.08450704225352113,0.29577464788732394,0.0,0.0,0.0,-9.324720268053042
s461,4.48802119151964,2.8548809979266823,18.856722019647552,0.36900415891111077,30.285038395191492,3.251245993436864,2.6508679245283018,0.0,0.0,0.0,0.4679245283018868,0.0,0.18490566037735848,0.0,0.0,0.13584905660377358,0.0,0.05660377358490566,0.15471698113207547,0.0,-10.964065168915782
s462,3.7612390828118656,2.0679911469533416,23.894102262529415,0.23000404544737404,36.67169705532593,2.7250978517942466,2.734355400696864,0.08362369337979095,0.0,0.0,0.3310104529616725,0.0,0.09059233449477352,0.05574912891986063,0.0,0.0,0.3205574912891986,0.11846689895470383,0.0,0.0,-9.983430760559001
s463,3.828854411932225,2.666763275628758,24.9827579272504,0.42676896430057615,46.33554248045584,5.618060515606899,2.043225806451613,0.0,0.0,0.47465437788018433,0.0,0.0,0.2764976958525346,0.0,0.0,0.0,0.0,0.18433179723502305,0.06451612903225806,0.0,-10.170909707434316
s464,4.449010528723548,2.6487028194067603,23.180149171998114,0.3667370195869745,39.93076791672666,3.946149801652342,2.205466101694915,0.0,0.0,0.5127118644067796,0.06779661016949153,0.0,0.1864406779661017,0.0,0.0,0.0423728813559322,0.0,0.1906779661016949,0.0,0.0,-10.113172449057572
s465,3.6441594845044025,2.4679737707063283,23.071718942043603,0.2921015597897927,39.20578813228389,6.287035019420776,2.234320987654321,0.14814814814814814,0.0,0.588477366255144,0.0,0.0,0.10699588477366255,0.0,0.0,0.0,0.0,0.15637860082304528,0.0,0.0,-9.857563352913163
s466,3.1801653689840226,2.962007170021031,28.530502265246433,0.2953621868207869,45.48097714048107,4.14389947473463,2.328929889298893,0.0,0.0,0.36531365313653136,0.11070110701107011,0.0,0.13284132841328414,0.0,0.04059040590405904,0.01107011070110701,0.0,0.1881918819188192,0.0,0.15129151291512916,-9.621141491960683
s467,3.434112188222059,2.2047904121080757,21.443408915360166,0.31713540752896174,34.87946893194662,1.309671213212739,2.527587548638132,0.0,0.0,0.33852140077821014,0.0,0.27626459143968873,0.12840466926070038,0.20233463035019456,0.0,0.0,0.0,0.054474708171206226,0.0,0.0,-10.325818361452027
s468,3.588502280118023,2.391114730124867,22.689997781110186,0.42440317246628384,43.31726849121034,6.2733146770521415,2.0389999999999997,0.1,0.0,0.5238095238095238,0.0,0.0,0.2523809523809524,0.0,0.0,0.0,0.0,0.12380952380952381,0.0,0.0,-10.198233559050632
s469,3.24370572072971,2.889957436059978,27.677769701676684,0.2616291590075097,43.67648051189445,7.089047330796932,2.297216117216117,0.05860805860805861,0.0,0.5421245421245421,0.0,0.0,0.07692307692307693,0.0,0.0,0.0,0.0,0.23076923076923078,0.0,0.09157509157509157,-9.461243404493498
s470,2.671062419933839,2.476753099128346,18.300648445625768,0.31721955697056287,29.810490235327503,1.6509191497363997,2.670617760617761,0.0,0.0,0.0,0.5482625482625483,0.0,0.1274131274131274,0.0,0.25868725868725867,0.0,0.0,0.0,0.0,0.06563706563706563,-10.79987592768237
s471,3.5641741263509377,2.4668669340150196,20.25935697111121,0.5707379908622406,40.121471648671225,1.6581581636661842,2.1275247524752476,0.0,0.0,0.3316831683168317,0.0,0.17326732673267325,0.3712871287128713,0.0297029702970297,0.0,0.0,0.0,0.09405940594059406,0.0,0.0,-10.733844809451815
s472,2.8225146237488747,2.0766521151638013,20.243759256127063,0.4146913913756861,36.732627682488605,2.2824251046911077,2.2531555555555554,0.0,0.0,0.31555555555555553,0.23555555555555555,0.0,0.2311111111111111,0.0,0.21777777777777776,0.0,0.0,0.0,0.0,0.0,-10.95459056614961
s473,2.7623506649298686,2.1781452070520526,27.50672350511465,0.22766900443645316,45.30519165548294,4.683943083781557,2.3378571428571426,0.27380952380952384,0.0,0.38095238095238093,0.0,0.0,0.09523809523809523,0.023809523809523808,0.0,0.0,0.0,0.0,0.2261904761904762,0.0,-9.522768004117598
s474,2.9452031106774568,1.9690927307842427,24.60879865508935,0.4302893259568491,46.75671744466975,2.084970675987802,2.0400478468899523,0.0,0.0,0.3397129186602871,0.0,0.0,0.27751196172248804,0.19617224880382775,0.0,0.0,0.18660287081339713,0.0,0.0,0.0,-10.49761184726495
s475,3.7593596641439104,2.169717315860609,23.69936011816986,0.37470240293131013,42.811747310242346,4.800260250017302,2.079464285714286,0.03571428571428571,0.0,0.5535714285714286,0.0,0.0,0.21428571428571427,0.0,0.14285714285714285,0.0,0.0,0.05357142857142857,0.0,0.0,-10.396018098234077
s476,3.9713435562754076,2.1776327112825986,24.632243329808503,0.3361411442799743,42.61198298660298,4.400504861651715,2.128143459915612,0.0,0.0,0.5780590717299579,0.0,0.0,0.17721518987341772,0.0,0.18143459915611815,0.0,0.0,0.06329113924050633,0.0,0.0,-10.271033864943147
s477,3.8205485405806474,1.954268455152153,22.64207450430523,0.5496595698514449,47.77228906402861,4.502092945156348,1.9512500000000002,0.109375,0.0,0.2708333333333333,0.0,0.0,0.4166666666666667,0.0,0.0,0.0,0.203125,0.0,0.0,0.0,-10.214193019578428
s478,3.635452330877242,2.103176703770993,20.004370934690133,0.5654886016653772,39.23934298727681,1.5906375683840628,2.1749019607843136,0.0,0.0,0.29411764705882354,0.0,0.21568627450980393,0.38235294117647056,0.00980392156862745,0.09803921568627451,0.0,0.0,0.0,0.0,0.0,-10.518686556979317
s479,3.667905447302195,3.1399996798019196,31.44529315043427,0.24357613786649296,46.5573515091381,2.682395666961012,2.635377049180328,0.0,0.0,0.0,0.3704918032786885,0.0,0.08852459016393442,0.0,0.08524590163934426,0.013114754098360656,0.0,0.1377049180327869,0.0,0.30491803278688523,-9.788083619329752
s480,3.1134191164370937,1.9641689283837889,20.259453262131025,0.32518066317894523,35.378448233870586,2.5058761016420785,2.3603418803418803,0.10256410256410256,0.0,0.3333333333333333,0.23931623931623933,0.0,0.15384615384615385,0.0,0.17094017094017094,0.0,0.0,0.0,0.0,0.0,-10.622135080190567
s481,2.6922719916190054,2.587464408729252,28.799883733648382,0.35787971239736666,47.9353769526496,2.831330282046575,2.2525403225806455,0.0,0.0,0.31451612903225806,0.0,0.10887096774193548,0.25,0.04032258064516129,0.0,0.10887096774193548,0.0,0.0,0.0,0.1774193548387097,-9.52395863952661
s482,2.749543382042839,2.4936297572219916,28.284770836290576,0.40832850455781006,53.09597332426474,7.130248512083629,1.9864953271028039,0.04672897196261682,0.0,0.37850467289719625,0.0,0.0,0.3037383177570093,0.0,0.11682242990654206,0.0,0.0,0.0,0.0,0.1542056074766355,-10.074386140349409
s483,2.93197917623667,1.7843854696402226,29.533069964769673,0.19671924168793672,42.47012273694752,5.211811140001281,2.4793846153846153,0.0,0.0,0.47384615384615386,0.0,0.0,0.07692307692307693,0.0,0.046153846153846156,0.18153846153846154,0.22153846153846155,0.0,0.0,0.0,-9.16758420491945
s484,2.3735544052517974,2.901699589391851,33.59909546992638,0.32330308449004885,55.998492449877304,8.570068496654212,2.1392800000000003,0.032,0.0,0.332,0.0,0.0,0.212,0.0,0.056,0.0,0.0,0.1,0.0,0.268,-9.498455822140128
s485,3.3511123930372686,1.927589142435149,25.565660788388136,0.3256900649283857,45.23155370253287,1.8260480845399962,2.128347826086957,0.0,0.0,0.4434782608695652,0.0,0.0,0.14782608695652175,0.28695652173913044,0.0,0.0,0.12173913043478261,0.0,0.0,0.0,-10.363258260130722
s486,3.783013577902065,2.0169026405816255,19.662274082484792,0.5553159377484561,42.5253834807229,3.4400651465216754,1.9708602150537635,0.16129032258064516,0.0,0.3709677419354839,0.0913978494623656,0.0,0.3602150537634409,0.0,0.0,0.016129032258064516,0.0,0.0,0.0,0.0,-10.581883154669608
s487,3.2995635095120313,1.9728567227036164,24.254214475303524,0.3112649123457556,41.70328963739236,4.2333656880873995,2.1517573221757327,0.04602510460251046,0.0,0.5815899581589958,0.0,0.0,0.15481171548117154,0.0,0.2175732217573222,0.0,0.0,0.0,0.0,0.0,-10.525370928281161
s488,3.673718157205373,2.583149529197247,20.89530458058934,0.4574073946662319,39.70107870311978,3.02589629795047,2.1590430622009573,0.05263157894736842,0.0,0.37320574162679426,0.15311004784688995,0.0,0.2631578947368421,0.0,0.0,0.0,0.0,0.15789473684210525,0.0,0.0,-10.565102545823983
s489,3.132289474447108,2.1352375682846207,25.6305063446205,0.3670944332588191,45.49911591409376,2.566218270976361,2.13938864628821,0.0,0.0,0.3930131004366812,0.0,0.0,0.21397379912663755,0.14847161572052403,0.0,0.0,0.1703056768558952,0.07423580786026202,0.0,0.0,-10.120034716051812
s490,3.103096377773913,1.8802351991163635,23.943567483457198,0.34562020734139953,42.69008155965231,4.1247070657313,2.183478260869565,0.15217391304347827,0.0,0.41739130434782606,0.0,0.0,0.20869565217391303,0.0,0.0782608695652174,0.0,0.14347826086956522,0.0,0.0,0.0,-10.109012739718112
s491,3.4636344234906837,2.011715380872423,25.012621200720666,0.2754163791964009,40.357787581530864,4.289974320558979,2.2284410646387833,0.0,0.0,0.6197718631178707,0.0,0.0,0.11406844106463879,0.08745247148288973,0.030418250950570342,0.1482889733840304,0.0,0.0,0.0,0.0,-9.705731865060821
s492,4.014244442908637,2.069647376151641,19.343619677277783,0.48932694637782714,37.60255040068952,2.4118692649950404,2.178125,0.07211538461538461,0.0,0.30288461538461536,0.17307692307692307,0.038461538461538464,0.2932692307692308,0.0,0.1201923076923077,0.0,0.0,0.0,0.0,0.0,-10.816051208276631
s493,3.5129245272989555,2.0375796243268622,22.049968173628635,0.32197757547445466,37.42283330876409,1.1814202451585785,2.3611203319502074,0.0,0.0,0.4024896265560166,0.0,0.18672199170124482,0.12033195020746888,0.29045643153526973,0.0,0.0,0.0,0.0,0.0,0.0,-10.662860678368103
s494,3.2681263029686707,2.6966357487968637,26.29345643990503,0.3950337783930521,45.91543885774461,6.798763464701085,2.1276923076923078,0.0,0.0,0.39316239316239315,0.0,0.0,0.26495726495726496,0.0,0.0,0.05128205128205128,0.0,0.1111111111111111,0.1794871794871795,0.0,-9.950830993205859
s495,4.005566815886323,2.0472383433312746,20.349582045195294,0.6033748588592862,45.786559601689454,4.191041170331962,1.8646666666666667,0.1111111111111111,0.0,0.39444444444444443,0.05,0.0,0.4166666666666667,0.0,0.0,0.027777777777777776,0.0,0.0,0.0,0.0,-10.682968464206526
s496,3.7950885289107887,2.127294556576888,22.49861108275153,0.48379173861258085,43.12233790860709,8.672064573547049,1.9697584541062803,0.0,0.0,0.5217391304347826,0.0,0.0,0.3285024154589372,0.0,0.033816425120772944,0.11594202898550725,0.0,0.0,0.0,0.0,-10.557595599335343
s497,3.400198055007957,2.297601259684285,23.281395603902403,0.47245589182561487,47.03792173033337,4.9853523531585395,2.0153030303030306,0.16666666666666666,0.0,0.31313131313131315,0.030303030303030304,0.0,0.3383838383838384,0.0,0.0,0.0,0.0,0.0,0.15151515151515152,0.0,-10.233570138211466
s498,3.3252211550835153,2.6380238822336564,22.78289857286452,0.254101327094072,33.73621519443398,1.6023425753831506,2.7614285714285716,0.0,0.0,0.3409090909090909,0.0,0.3344155844155844,0.09415584415584416,0.0,0.0,0.0,0.0,0.2305194805194805,0.0,0.0,-9.994790281139087
s499,3.3463230562992345,2.632894220621112,25.682296093199465,0.48887356207538357,49.897032409644666,6.615688064248989,1.9729411764705882,0.0,0.0,0.3137254901960784,0.0,0.0,0.37745098039215685,0.0,0.024509803921568627,0.0196078431372549,0.0,0.06372549019607843,0.20098039215686275,0.0,-10.304760809837568
s500,4.002995357175507,2.1767339594480313,20.545898027219533,0.4282213759113347,36.11097229026464,3.736099199906993,2.2323275862068965,0.0,0.0,0.4051724137931034,0.16379310344827586,0.0,0.2543103448275862,0.0,0.0,0.17672413793103448,0.0,0.0,0.0,0.0,-10.592347563479532
s501,3.785960672756382,2.4027020348249897,24.13862559806547,0.4609001052776099,46.69808877382755,5.215097122238952,1.9740579710144928,0.0,0.0,0.47342995169082125,0.0,0.0,0.3140096618357488,0.0,0.07246376811594203,0.0,0.0,0.0966183574879227,0.043478260869565216,0.0,-10.398517299514154
s502,3.065009418312491,2.46106606310394,33.84359320582344,0.24218738768995607,53.669130054205276,3.193717135993495,2.2139179104477615,0.0,0.0,0.417910447761194,0.0,0.0,0.07462686567164178,0.20522388059701493,0.08955223880597014,0.0,0.0,0.0,0.0,0.2126865671641791,-9.685558020707397
s503,3.1339121257275173,2.421387226244087,28.579221687167163,0.2991501943194961,46.78254760256024,4.8092715160872626,2.2259143968871595,0.0,0.0,0.43190661478599224,0.0,0.0,0.17120622568093385,0.0,0.14007782101167315,0.0,0.0,0.07782101167315175,0.17898832684824903,0.0,-9.745799546533565
s504,3.084034951287786,1.958141784680257,22.726691360897178,0.36398014593386013,38.73140358688111,1.5978890115910735,2.3486776859504133,0.0,0.0,0.39669421487603307,0.0,0.19008264462809918,0.2231404958677686,0.0,0.19008264462809918,0.0,0.0,0.0,0.0,0.0,-10.091494748595387
s505,3.156625863459791,2.0615052044886064,29.52174120210038,0.2225677454118915,45.65384021964154,3.9861484466771313,2.308480565371025,0.0,0.0,0.5123674911660777,0.0,0.0,0.08480565371024736,0.0,0.26855123674911663,0.0,0.0,0.0,0.13427561837455831,0.0,-9.913416372921787
s506,2.6102475350233245,2.4771672147570416,31.61838068881205,0.33826288382140257,54.697490680645664,6.232620661867293,2.0749789029535863,0.0,0.0,0.3881856540084388,0.0,0.0,0.24050632911392406,0.0,0.18143459915611815,0.0,0.0,0.0,0.0,0.189873417721519,-9.790130958824447
s507,3.5970147335381806,3.3447253841188593,22.678507974819727,0.5783067263306568,45.58609178776895,2.975567695640818,2.138291457286432,0.0,0.0,0.0,0.3065326633165829,0.0,0.4020100502512563,0.0,0.0,0.0,0.0,0.10050251256281408,0.0,0.19095477386934673,-10.923257239272985
s508,2.6546715461151096,2.420346663197872,30.782768723096492,0.35887766203070876,54.1030480587756,3.5499718981315977,2.090818965517242,0.0,0.0,0.28879310344827586,0.0,0.0,0.2543103448275862,0.10344827586206896,0.07327586206896551,0.0,0.11637931034482758,0.0,0.0,0.16379310344827586,-9.866426793039041
s509,3.9110373857699137,2.285252696094272,23.836322470621237,0.4893525096249096,46.11325935905226,12.805249787362389,1.9465217391304348,0.0,0.0,0.47342995169082125,0.0,0.0,0.3526570048309179,0.0,0.014492753623188406,0.11594202898550725,0.0,0.0,0.0,0.043478260869565216,-10.426385518067994
s510,3.154929135081616,2.2415328385377133,28.170573835962454,0.3115334597368529,46.58271359802942,5.878901898026291,2.208181818181818,0.019762845849802372,0.0,0.42292490118577075,0.0,0.0,0.2015810276679842,0.0,0.10276679841897234,0.07114624505928854,0.0,0.0,0.18181818181818182,0.0,-9.669891877825828
s511,3.3735020048222135,2.577983350592961,25.547761454013944,0.38797167719013065,45.3073582036029,5.2558108570191475,2.1033480176211454,0.0,0.0,0.45374449339207046,0.0,0.0,0.2422907488986784,0.0,0.07488986784140969,0.0,0.0,0.11894273127753303,0.11013215859030837,0.0,-10.113619271488568
s512,3.61655383400633,2.467669400948043,15.628059443713687,0.5566188247154782,31.101385625608444,2.2151183095142213,2.373233830845771,0.208955223880597,0.0,0.0,0.4129353233830846,0.0,0.2885572139303483,0.0,0.0,0.0,0.03980099502487562,0.0,0.0,0.04975124378109453,-10.906497653604537
s513,3.1415516266129075,1.9856322445707322,24.32012124763238,0.4001425075616316,44.69082109607662,3.6210220958976977,2.044372093023256,0.0,0.0,0.49767441860465117,0.0,0.0,0.26046511627906976,0.0,0.19534883720930232,0.0,0.046511627906976744,0.0,0.0,0.0,-10.527007537437784
s514,3.7616221432397086,2.169072967067733,21.981844201451647,0.39176688780824354,42.32018603270128,6.705562899017385,2.076116504854369,0.25728155339805825,0.0,0.47572815533980584,0.0,0.0,0.22330097087378642,0.0,0.0,0.0,0.0,0.0,0.0,0.043689320388349516,-10.36528276683491
s515,3.238684070336045,1.9601097963516918,24.503113798152445,0.4326669459106172,46.023239829573306,3.1687448559977316,2.051296296296296,0.013888888888888888,0.0,0.37037037037037035,0.0,0.0,0.30092592592592593,0.05092592592592592,0.10185185185185185,0.0,0.16203703703703703,0.0,0.0,0.0,-10.306639335114204
s516,4.687325870395694,2.192075852935022,16.737040039234593,0.39194086689859775,26.558776110162654,3.3895605067076278,2.772377358490566,0.0,0.0,0.0,0.3886792452830189,0.1509433962264151,0.20754716981132076,0.0,0.0,0.16226415094339622,0.09056603773584905,0.0,0.0,0.0,-10.58658660553213
s517,3.3894949613628915,2.050126289086409,23.646417396239283,0.28758912036065065,38.518378022804875,1.9311573482063258,2.291969111969112,0.0,0.0,0.5444015444015444,0.0,0.0694980694980695,0.10810810810810811,0.16988416988416988,0.0,0.10810810810810811,0.0,0.0,0.0,0.0,-10.150290926796362
s518,3.4205678634330954,2.938467600440927,25.44962596079264,0.31132662572109154,39.99226936695983,3.5057965189819096,2.5854545454545454,0.0,0.0,0.0,0.32727272727272727,0.0,0.1781818181818182,0.0,0.014545454545454545,0.04363636363636364,0.0,0.12727272727272726,0.3090909090909091,0.0,-10.085186768765526
s519,3.975617878197895,2.5202497954025973,21.511355294852514,0.5749231141634434,45.68141742390032,3.230247565213485,1.932910052910053,0.0,0.0,0.38095238095238093,0.08994708994708994,0.0,0.3915343915343915,0.0,0.0,0.0,0.0,0.13756613756613756,0.0,0.0,-10.877015707227239
s520,2.903910562102915,2.436456067300958,26.990144475012375,0.4092945458122016,50.42895415068098,2.4857023511751497,2.0282159624413145,0.0,0.0,0.3051643192488263,0.0,0.0,0.27699530516431925,0.18779342723004694,0.0,0.0,0.0,0.0,0.2300469483568075,0.0,-10.319517387601874
s521,3.3205309743530083,2.2455941122124794,24.76306490419705,0.45223039903914214,46.08083382172321,3.394567436743006,2.0853738317757013,0.0,0.0,0.308411214953271,0.0,0.0,0.3177570093457944,0.0514018691588785,0.0,0.0,0.22897196261682243,0.09345794392523364,0.0,0.0,-10.123518207392884
s522,2.872211590369221,2.562834204831147,27.858384388788963,0.41947829779224083,52.956027982292525,11.967252919392674,1.9923696682464458,0.10900473933649289,0.0,0.35545023696682465,0.0,0.0,0.3175355450236967,0.0,0.0,0.04739336492890995,0.0,0.0,0.0,0.17061611374407584,-9.8392297663833
s523,3.1539196354337387,2.0760742875539546,25.814624799873343,0.23637685016884674,42.050237881554686,5.15035925665849,2.27984555984556,0.12355212355212356,0.0,0.5637065637065637,0.0,0.0,0.08108108108108109,0.0,0.138996138996139,0.0,0.0,0.04247104247104247,0.05019305019305019,0.0,-9.8243718721846
s524,3.736830329140442,2.653402559490006,27.279200763769023,0.27961169938387465,44.59100124846864,3.572931755639088,2.215960784313726,0.0,0.0,0.5450980392156862,0.0,0.0,0.08627450980392157,0.13725490196078433,0.0,0.0,0.0,0.16470588235294117,0.0,0.06666666666666667,-9.898855176392514
s525,3.1321301006328572,2.6931887132123586,26.375588218907183,0.4293421006095204,48.951303558819234,6.025815700480015,2.057351598173516,0.0319634703196347,0.0,0.3424657534246575,0.0,0.0,0.3105022831050228,0.0,0.0,0.0,0.0,0.1187214611872146,0.1963470319634703,0.0,-10.01080414223059
s526,2.350737511185939,2.6845352381267986,35.797847816297846,0.27710447354522044,54.72759980292647,20.05010175994873,2.2440068493150687,0.0,0.0,0.363013698630137,0.0,0.0,0.1780821917808219,0.0,0.0,0.1678082191780822,0.0,0.0,0.0,0.2910958904109589,-9.055206358044297
s527,3.3563446319713908,2.0515509274251054,20.838755966906188,0.48867354860688045,38.525431199322306,1.6174272312365474,2.2584545454545455,0.0,0.0,0.32272727272727275,0.0,0.21818181818181817,0.32727272727272727,0.0,0.12272727272727273,0.00909090909090909,0.0,0.0,0.0,0.0,-10.331592342209035
s528,3.6828519482741036,2.0327147445009834,18.24196544176052,0.48872378998731114,36.30331736429574,2.602738409445466,2.1934328358208957,0.14925373134328357,0.0,0.26865671641791045,0.23383084577114427,0.0,0.27860696517412936,0.0,0.06965174129353234,0.0,0.0,0.0,0.0,0.0,-10.79000103691459
s529,3.625032994478758,2.001958650962397,21.153074034192876,0.41175218088379484,41.49256829783987,3.982989114463492,2.0354901960784315,0.19607843137254902,0.0,0.5098039215686274,0.0,0.0,0.22549019607843138,0.06862745098039216,0.0,0.0,0.0,0.0,0.0,0.0,-10.687960775850593
s530,2.8897927752548513,2.302122077162013,28.634535626616458,0.30298421428171585,48.94271692208909,2.1641390222409944,2.160746887966805,0.0,0.0,0.36929460580912865,0.0,0.0,0.14522821576763487,0.2697095435684647,0.0,0.0,0.0,0.0,0.2157676348547718,0.0,-10.0364289390441
s531,3.2624056579546865,1.9903926953363802,21.878299426444574,0.3449707220770846,37.460685348876325,2.4887568654930505,2.336218487394958,0.0,0.0,0.31092436974789917,0.21428571428571427,0.0,0.18487394957983194,0.0,0.23109243697478993,0.0,0.058823529411764705,0.0,0.0,0.0,-10.444135733326526
s532,4.067733140481604,2.5872879329012006,27.217231196712873,0.3938459424610876,49.71081069812848,4.821908868563744,2.026742081447964,0.0,0.0,0.4434389140271493,0.0,0.0,0.25339366515837103,0.058823529411764705,0.058823529411764705,0.0,0.0,0.08144796380090498,0.0,0.10407239819004525,-10.139577842798225
s533,2.8460740288066826,2.715340449011243,32.57961208999537,0.3145089009968854,55.43059001422829,2.988825320437738,2.0981632653061224,0.0,0.0,0.3469387755102041,0.0,0.0,0.16326530612244897,0.22448979591836735,0.0,0.0,0.0,0.024489795918367346,0.0,0.24081632653061225,-9.852584381891825
s534,3.264030951126964,1.9637545486924095,25.02728018804503,0.33322818324519726,43.13212117514144,3.550632812810374,2.1395884773662552,0.0,0.0,0.5308641975308642,0.0,0.0,0.18930041152263374,0.0,0.23045267489711935,0.0,0.04938271604938271,0.0,0.0,0.0,-10.452876639106142
s535,2.7689158712722097,2.259026424647052,31.236505442246912,0.24949981113939024,49.06072606183413,4.703783102631742,2.2627338129496404,0.0,0.0,0.44964028776978415,0.0,0.0,0.1223021582733813,0.0,0.24100719424460432,0.0,0.0,0.0,0.11151079136690648,0.07553956834532374,-9.922171561925055
s536,2.9520824854201515,3.072068557023385,27.535334127358766,0.40340593074809233,48.13428637530652,2.683690248013802,2.3015720524017467,0.0,0.0,0.0,0.30131004366812225,0.0,0.2794759825327511,0.0,0.1222707423580786,0.0,0.0,0.026200873362445413,0.0,0.27074235807860264,-10.09072362700516
s537,3.4423148315743473,2.79041713318273,25.151389899385762,0.45304133217230336,47.78764080883293,4.370698366388603,2.0430143540669854,0.0,0.0,0.3827751196172249,0.06698564593301436,0.0,0.3062200956937799,0.0,0.0,0.0,0.0,0.1674641148325359,0.0,0.07655502392344497,-10.31155424202027
s538,3.274348071544057,1.8860673606948077,19.55205374606341,0.2936837228680773,35.44803240139947,3.1448564073930343,2.2998654708520183,0.3273542600896861,0.0,0.43946188340807174,0.11210762331838565,0.0,0.1210762331838565,0.0,0.0,0.0,0.0,0.0,0.0,0.0,-10.337028235156815
s539,3.2587158258766036,2.541554689505598,33.50664705075809,0.2530502734187546,52.46183595375839,3.8059370297923443,2.2293795620437957,0.0,0.0,0.41605839416058393,0.0,0.0,0.0948905109489051,0.18613138686131386,0.0,0.08029197080291971,0.0,0.0,0.0,0.22262773722627738,-9.438685013315533
s540,2.9927749607719787,2.5778888057631755,31.030962720272328,0.3392007213893626,54.18839758614719,2.762248687977151,2.0943589743589746,0.0,0.0,0.2905982905982906,0.0,0.0,0.2094017094017094,0.21794871794871795,0.0,0.0,0.0,0.0,0.1623931623931624,0.11965811965811966,-9.954751002600354
s541,2.880938862180253,2.31028038411104,30.092558063392886,0.2661157088529927,49.507111652678624,2.3783215452877786,2.2370980392156863,0.03137254901960784,0.0,0.3411764705882353,0.0,0.0,0.11372549019607843,0.24705882352941178,0.0,0.0,0.0,0.0,0.26666666666666666,0.0,-9.686527407359582
s542,3.7686186169564673,2.0609384899169574,20.57549156559068,0.3396677164467021,34.111999174531896,1.1718155362759666,2.5201587301587303,0.0,0.0,0.30158730158730157,0.0,0.30158730158730157,0.14285714285714285,0.25396825396825395,0.0,0.0,0.0,0.0,0.0,0.0,-10.510559890287293
s543,3.428719803098561,1.8957755081654097,26.401584933872623,0.2489657494249539,42.46519986351804,4.240583283028147,2.2344569288389513,0.0,0.0,0.6217228464419475,0.0,0.0,0.10112359550561797,0.0,0.24344569288389514,0.033707865168539325,0.0,0.0,0.0,0.0,-10.017240787939032
s544,3.0676455490626005,2.3139401033172264,32.293997615590975,0.23698434951120886,50.64285989717673,2.517368562329832,2.3025,0.0,0.0,0.322463768115942,0.0,0.0,0.09057971014492754,0.21739130434782608,0.05434782608695652,0.0,0.0,0.0,0.31521739130434784,0.0,-9.431933566247723
s545,2.5793772471191034,1.782597691145373,29.524891769329574,0.2076671927013925,42.76475354929805,5.8245203799903775,2.464024767801858,0.0,0.0,0.47368421052631576,0.0,0.0,0.09597523219814241,0.0,0.0,0.21362229102167182,0.21671826625386997,0.0,0.0,0.0,-9.323660213120242
s546,3.691107465025722,2.5329799408556726,25.36778299235658,0.44749852339841567,45.86495165018066,7.420922780279541,2.0948230088495574,0.0,0.0,0.3008849557522124,0.035398230088495575,0.0,0.336283185840708,0.0,0.0,0.11061946902654868,0.0,0.0,0.2168141592920354,0.0,-10.097059984642591
s547,3.5542322221779226,2.017479777038051,16.90237165870881,0.19292516602010082,23.874599967926162,2.722019203046852,3.117433628318584,0.0,0.0,0.0,0.45722713864306785,0.25073746312684364,0.07374631268436578,0.0,0.0,0.2182890855457227,0.0,0.0,0.0,0.0,-10.694754898101266
s548,2.766945243852578,2.0272177179704634,21.075835390411008,0.3278793717138643,35.81418181727184,2.244723361126374,2.3572839506172842,0.0,0.0,0.345679012345679,0.24279835390946503,0.0,0.15637860082304528,0.0,0.2551440329218107,0.0,0.0,0.0,0.0,0.0,-10.733288272696768
s549,3.0169597548174485,2.464418773151992,29.81883316353995,0.40806185524533045,54.50491635630657,5.406580059027084,2.027219730941704,0.0,0.0,0.2825112107623318,0.0,0.0,0.3273542600896861,0.0,0.12556053811659193,0.0,0.1031390134529148,0.0,0.0,0.16143497757847533,-9.958219440581862
s550,2.971633281078588,2.2608339260951125,28.445545000433327,0.31942996210346974,48.43987735581035,5.042825347998372,2.121404255319149,0.0,0.0,0.48936170212765956,0.0,0.0,0.19148936170212766,0.0,0.22127659574468084,0.0,0.0,0.0,0.0,0.09787234042553192,-10.071781067786729
s551,3.1337473586384577,2.617005308833518,26.349885068210085,0.3783877431753034,47.77255585537281,4.520758394507469,2.0626905829596414,0.03587443946188341,0.0,0.4663677130044843,0.0,0.0,0.21973094170403587,0.08071748878923767,0.0,0.0,0.0,0.11210762331838565,0.0,0.08520179372197309,-10.116930784053707
s552,3.4846469474406887,2.3647447009957823,26.393448114314527,0.2912848315784426,43.421479155807816,4.922200488736876,2.223529411764706,0.0196078431372549,0.0,0.5294117647058824,0.0,0.0,0.13725490196078433,0.0,0.13725490196078433,0.0,0.0,0.09803921568627451,0.0784313725490196,0.0,-9.85181310402683
s553,3.3787514944033195,2.385130828367751,23.400261096305215,0.33328637376652365,40.733787834309055,5.141124665068458,2.201191489361702,0.1276595744680851,0.0,0.5148936170212766,0.0,0.0,0.16170212765957448,0.0,0.0,0.0,0.059574468085106386,0.13617021276595745,0.0,0.0,-9.91047979088963
s554,3.8531578931305823,2.900010697392266,21.86365453926397,0.34354006302648915,36.78412148835629,2.7266173549666606,2.3618875502008034,0.0,0.0,0.39759036144578314,0.19678714859437751,0.0,0.14457831325301204,0.0,0.0,0.0,0.0,0.26104417670682734,0.0,0.0,-10.45540163723906
s555,3.849800541432605,2.169034838870552,18.925426334620546,0.41070486524320327,32.776644159234124,2.8903072549930338,2.377824267782427,0.0,0.0,0.2719665271966527,0.3054393305439331,0.0,0.2217573221757322,0.0,0.07112970711297072,0.1297071129707113,0.0,0.0,0.0,0.0,-10.757181561969109
s556,3.703333409744201,2.088007580874209,22.863982779376183,0.43211232942412314,45.27521342450724,2.786082154241772,1.97845,0.09,0.0,0.47,0.0,0.0,0.255,0.15,0.0,0.0,0.0,0.0,0.035,0.0,-10.807493460762842
s557,4.002463034135236,2.453255137373183,21.140732948381665,0.5937263263724936,44.10002356974241,1.8413280486988144,1.9966494845360825,0.0,0.0,0.36597938144329895,0.0,0.1134020618556701,0.41237113402061853,0.0,0.0,0.0,0.0,0.10824742268041238,0.0,0.0,-10.652646575646747
s558,2.7261607408928894,2.5718827860233264,31.066297949328998,0.32065837363091415,51.57005459588613,2.660305574576021,2.2064658634538152,0.0,0.0,0.3333333333333333,0.0,0.0642570281124498,0.19678714859437751,0.13253012048192772,0.0,0.06827309236947791,0.0,0.0,0.0,0.20481927710843373,-9.579136089823207
s559,3.4107136537248857,1.9603692390072283,21.343905489980028,0.47310379548904063,43.56797203109326,4.793582997780073,2.000656565656566,0.20202020202020202,0.0,0.42424242424242425,0.0,0.0,0.30808080808080807,0.0,0.0,0.0,0.06565656565656566,0.0,0.0,0.0,-10.427864727724419
s560,3.6751532081134006,2.249118885577676,21.357711479659066,0.6147459115399644,48.73939286383733,4.4426896448162605,1.8117415730337076,0.056179775280898875,0.0,0.4101123595505618,0.028089887640449437,0.0,0.43820224719101125,0.0,0.0056179775280898875,0.0,0.0,0.06179775280898876,0.0,0.0,-10.845734659296776
s561,3.4207925908265793,1.9405962821588274,25.25653152038328,0.3847773611756958,44.944693886666265,3.492415384703134,2.118716814159292,0.0,0.0,0.40707964601769914,0.0,0.0,0.2610619469026549,0.0,0.17699115044247787,0.0,0.15486725663716813,0.0,0.0,0.0,-10.219771377413341
s562,3.19780719532203,2.135458216265452,26.707858248583,0.2914142433274223,42.3909610573439,10.038707688024733,2.255421245421246,0.0,0.0,0.5457875457875457,0.0,0.0,0.1684981684981685,0.0,0.0,0.20146520146520147,0.0,0.0,0.08424908424908426,0.0,-9.391426087844167
s563,3.3554475623714777,2.288338426741161,25.645520101717956,0.29490639985618106,43.83383223059597,2.3765586118619457,2.1586721991701245,0.0,0.0,0.5394190871369294,0.0,0.0,0.0995850622406639,0.23651452282157676,0.0,0.0,0.0,0.07883817427385892,0.04564315352697095,0.0,-10.320779544861113
s564,2.5924055127554038,2.7981774820657783,30.382155791854228,0.3367570139216606,52.337144283778095,8.606022141511822,2.127627118644068,0.09322033898305085,0.0,0.3686440677966102,0.0,0.0,0.211864406779661,0.0,0.038135593220338986,0.0,0.0,0.07627118644067797,0.0,0.211864406779661,-9.61308596454711
s565,2.686653509906674,1.933167709367696,22.595053555206885,0.26494467219937706,33.410695304381754,1.8387844291534792,2.7211858974358973,0.0,0.0,0.3525641025641026,0.0,0.32371794871794873,0.14743589743589744,0.0,0.0,0.1762820512820513,0.0,0.0,0.0,0.0,-9.297870870476205
s566,3.7923279118825404,2.131120634186619,16.406203574036546,0.4151460473865291,29.324474104773998,2.6529583991398282,2.4619823788546253,0.13656387665198239,0.0,0.1762114537444934,0.3832599118942731,0.0,0.2026431718061674,0.0,0.0,0.1013215859030837,0.0,0.0,0.0,0.0,-10.9112975431155
s567,3.590889626787678,2.0895021802645957,22.39606431348187,0.42424775688617716,43.930741537983714,2.7475913206537332,1.9881862745098042,0.08333333333333333,0.0,0.5098039215686274,0.0,0.0,0.23529411764705882,0.15196078431372548,0.0,0.0,0.0,0.0196078431372549,0.0,0.0,-10.811521719172562
s568,3.070938350546609,2.5886216050583157,27.21430790976293,0.43476406030964126,53.89500193894229,9.50761916666397,1.9642574257425742,0.16831683168316833,0.0,0.32673267326732675,0.0,0.0,0.32673267326732675,0.0,0.0,0.0,0.0,0.0,0.0,0.1782178217821782,-9.991727843892034
s569,3.681966585904291,2.9436032150216755,22.04957475173185,0.29000404704500876,35.494437405226904,2.601767065214758,2.4711363636363637,0.0,0.0,0.38257575757575757,0.23863636363636365,0.0,0.09090909090909091,0.0,0.0,0.0,0.0,0.2878787878787879,0.0,0.0,-10.452779283641245
s570,2.70270311196158,2.310674752503127,30.156489088472135,0.2294106088701652,44.72484130512533,3.7698561830288733,2.478827361563518,0.0,0.0,0.36482084690553745,0.0,0.0,0.08794788273615635,0.0,0.0,0.0,0.30944625407166126,0.23778501628664495,0.0,0.0,-9.136460958638269
s571,3.7959936560576644,2.276773614808843,19.72321073484485,0.38806911602389854,32.23986370118871,3.8183713098442107,2.596980392156863,0.0,0.0,0.0,0.3764705882352941,0.0,0.2196078431372549,0.0,0.01568627450980392,0.09411764705882353,0.23529411764705882,0.058823529411764705,0.0,0.0,-10.482004293952546
s572,3.269273844623008,1.9907556169432972,25.311865501250832,0.41696876564473295,45.19975982366218,3.9304296405076626,2.1360444444444444,0.0,0.0,0.32,0.0,0.0,0.3022222222222222,0.04888888888888889,0.0,0.07555555555555556,0.24,0.013333333333333334,0.0,0.0,-9.923520975413727
s573,4.023140732072773,2.2541087019754285,27.58752050294411,0.19505385321162155,38.157451730125736,4.339375478766048,2.8391135734072024,0.0,0.0,0.0,0.3628808864265928,0.0,0.07479224376731301,0.0,0.0,0.20221606648199447,0.2409972299168975,0.0,0.0,0.11911357340720222,-10.617373366843667
s574,4.692990621750476,2.0730571151372863,17.75184325785157,0.7158291037163059,42.754439395670744,2.809660061825862,1.9173684210526318,0.12280701754385964,0.0,0.2222222222222222,0.19298245614035087,0.0,0.4619883040935672,0.0,0.0,0.0,0.0,0.0,0.0,0.0,-10.87577325914545
s575,3.6951477263526358,2.3635739456197578,24.16355808430196,0.2960862573253242,40.43368719439857,5.368484670206946,2.211832669322709,0.055776892430278883,0.0,0.5976095617529881,0.0,0.0,0.11952191235059761,0.0,0.10358565737051793,0.0,0.0,0.12350597609561753,0.0,0.0,-9.951697871694419
s576,4.076306783501926,3.0593093507002584,30.208864899716925,0.2731354111683688,46.991567621781954,7.352481885833541,2.284,0.0,0.0,0.49642857142857144,0.0,0.0,0.09642857142857143,0.0,0.0,0.0,0.0,0.26071428571428573,0.0,0.14642857142857144,-9.439768235394354
s577,4.04903867762315,2.2772008797072516,14.660680299984884,0.3748727845033624,22.990612288612635,2.7391839865426317,2.883731884057971,0.028985507246376812,0.0,0.0,0.40942028985507245,0.22826086956521738,0.17391304347826086,0.0,0.010869565217391304,0.14855072463768115,0.0,0.0,0.0,0.0,-10.945648994492243
s578,2.4933174605178,2.6394695757946462,34.87188114110712,0.25069291541948846,56.53143464490036,4.712257493126025,2.2285057471264373,0.16091954022988506,0.0,0.31800766283524906,0.0,0.0,0.10727969348659004,0.11494252873563218,0.0,0.0,0.0,0.0,0.0,0.2988505747126437,-9.404244673364543
s579,3.277854361499116,2.6623001575105287,24.39136329856351,0.2591813585142506,37.29684652531669,1.7658078166384925,2.5568858131487886,0.0,0.0,0.4602076124567474,0.0,0.19377162629757785,0.08996539792387544,0.0,0.0,0.0,0.0,0.2560553633217993,0.0,0.0,-9.850644329777277
s580,3.828884139308808,2.1728218599919855,18.551866531978558,0.35070497678424095,31.525199771124377,2.018358763625744,2.447407407407408,0.0,0.0,0.24279835390946503,0.345679012345679,0.0,0.13991769547325103,0.1440329218106996,0.03292181069958848,0.09465020576131687,0.0,0.0,0.0,0.0,-10.851346538861671
s581,3.4844840623090745,2.3949166925807175,25.393086248138307,0.5115915021832308,52.69748006334082,6.381294976371261,1.9191191709844562,0.09844559585492228,0.0,0.27979274611398963,0.0,0.0,0.40414507772020725,0.0,0.0,0.0,0.10362694300518134,0.015544041450777202,0.0,0.09844559585492228,-10.139985186180404
s582,2.527030951328834,2.60760861952417,30.617711655792295,0.34957536272862033,54.917482811182985,5.565152196792158,2.084159292035398,0.12389380530973451,0.0,0.3008849557522124,0.0,0.0,0.24336283185840707,0.05752212389380531,0.017699115044247787,0.0,0.0,0.0,0.06637168141592921,0.1902654867256637,-9.750090562769058
s583,3.907037427696449,1.8926103598166453,22.42459722230919,0.299348690428864,34.34504100890514,4.570575765462166,2.6929553264604813,0.0,0.0,0.0,0.3539518900343643,0.0,0.18213058419243985,0.0,0.0,0.16494845360824742,0.29896907216494845,0.0,0.0,0.0,-10.155520013785617
s584,3.816077342037475,2.4789745434136417,24.542032348782136,0.3008003932614213,39.59849391245216,7.739293518576059,2.242813688212928,0.0,0.0,0.6197718631178707,0.0,0.0,0.12927756653992395,0.0,0.0,0.10646387832699619,0.0,0.1444866920152091,0.0,0.0,-9.752525744198312
s585,4.225637842379136,2.6988839522593246,24.755108701499736,0.3225462089830267,41.14922042434723,2.6896908718704475,2.2662151394422314,0.0,0.0,0.549800796812749,0.0,0.05179282868525897,0.14741035856573706,0.0,0.0,0.0,0.0,0.250996015936255,0.0,0.0,-9.703731683813391
s586,2.737244546037168,2.1576915621717387,25.701914077132194,0.3455707940514971,45.17306110526266,3.7714615579555906,2.088448275862069,0.0,0.0,0.5258620689655172,0.0,0.0,0.1939655172413793,0.04741379310344827,0.1896551724137931,0.0,0.0,0.0,0.0,0.04310344827586207,-10.515899032282162
s587,3.2276134642207692,2.9493514281743956,27.790436932846266,0.34783152029789777,44.8397847444084,3.5121230243690045,2.464866920152091,0.0,0.0,0.0,0.35361216730038025,0.0,0.23193916349809887,0.0,0.0,0.1482889733840304,0.0,0.0,0.0,0.2661596958174905,-9.848972474996787
s588,3.7562354079964138,2.1467730400548426,21.517458047957177,0.36360626615865727,34.479782173232586,4.4032496365991,2.5965413533834583,0.0,0.0,0.0,0.31954887218045114,0.0,0.22180451127819548,0.0,0.0,0.10526315789473684,0.30451127819548873,0.04887218045112782,0.0,0.0,-10.144644773578245
s589,3.0057114749970366,2.3932389014462716,24.63622342179303,0.4346676451201091,49.02852383940989,8.206513289559716,1.9887562189054724,0.19900497512437812,0.0,0.39303482587064675,0.0,0.0,0.29850746268656714,0.0,0.0,0.0,0.0,0.0,0.0,0.10945273631840796,-10.1371226541829
s590,3.578693172458803,2.120411919413825,12.604969042696712,0.27615726805370916,20.244344220088667,1.9287166229238186,2.9699999999999998,0.2830188679245283,0.0,0.0,0.32075471698113206,0.3018867924528302,0.09433962264150944,0.0,0.0,0.0,0.0,0.0,0.0,0.0,-10.960717325206952
s591,3.212145385755098,1.9905976656364626,22.121900413437633,0.283313949493117,36.035045327549334,1.1539533691385084,2.4910424710424715,0.0,0.0,0.3667953667953668,0.0,0.2471042471042471,0.0888030888030888,0.2972972972972973,0.0,0.0,0.0,0.0,0.0,0.0,-10.50334611775218
s592,4.219611673779145,2.2757857695800983,22.473566280630664,0.35418356140290835,37.60882520432072,4.395916404120474,2.2532113821138213,0.0,0.0,0.5040650406504065,0.09349593495934959,0.0,0.1910569105691057,0.0,0.0,0.15853658536585366,0.0,0.052845528455284556,0.0,0.0,-10.164685753378917
s593,3.4299302950034285,2.035703840192518,22.36244222242414,0.375254922859959,39.83310020869301,2.5951541233169158,2.1756140350877198,0.0,0.0,0.4473684210526316,0.11403508771929824,0.0,0.21052631578947367,0.0,0.22807017543859648,0.0,0.0,0.0,0.0,0.0,-10.828709991058222
s594,3.63858476559444,2.2722886435837744,21.717752583132068,0.479780943394291,41.10860310378567,1.7777313471143938,2.1307075471698114,0.0,0.0,0.4056603773584906,0.0,0.12264150943396226,0.30660377358490565,0.0330188679245283,0.07075471698113207,0.0,0.0,0.06132075471698113,0.0,0.0,-10.524851322478714
s595,3.2424746745258446,1.8733663294777356,26.272753687028747,0.2587733853709649,44.024614286372504,2.4318985159399964,2.1995967741935485,0.020161290322580645,0.0,0.5443548387096774,0.0,0.0,0.0846774193548387,0.1975806451612903,0.10080645161290322,0.0,0.05241935483870968,0.0,0.0,0.0,-10.034048014039282
s596,3.492026970954804,2.66667277927212,22.982625448964303,0.4327100044868979,42.65419468917951,3.4388427813439812,2.1037899543378993,0.0,0.0,0.4657534246575342,0.0730593607305936,0.0,0.2557077625570776,0.0,0.0,0.0,0.0,0.2054794520547945,0.0,0.0,-10.393317437771056
s597,3.2213689078673973,2.3084215607195717,23.712558160790657,0.36788863442403436,39.010982780655546,2.650917898282077,2.3716470588235294,0.0196078431372549,0.0,0.34901960784313724,0.0,0.14901960784313725,0.23921568627450981,0.0,0.0,0.12549019607843137,0.0,0.00784313725490196,0.10980392156862745,0.0,-9.81189696840948
s598,3.2472616371960816,2.06435323928292,21.738824264317245,0.4670440938206019,41.85231587335842,1.8175623956091043,2.0740776699029126,0.03398058252427184,0.0,0.4368932038834951,0.0,0.0825242718446602,0.2912621359223301,0.10679611650485436,0.0,0.04854368932038835,0.0,0.0,0.0,0.0,-10.577609488090054
s599,2.838099525985844,2.4721457423366657,27.456045837901364,0.39292036964205085,52.41608750872077,5.058854969116974,2.0062857142857142,0.13333333333333333,0.0,0.37142857142857144,0.0,0.0,0.26666666666666666,0.0761904761904762,0.0,0.0,0.0,0.0,0.0,0.1523809523809524,-9.989580054034306
s600,3.893548308550503,2.0904984926464474,21.83856919143532,0.5506571538170351,45.83699687433123,6.932066463143648,1.872251308900524,0.041884816753926704,0.0,0.47643979057591623,0.0,0.0,0.387434554973822,0.015706806282722512,0.0,0.07853403141361257,0.0,0.0,0.0,0.0,-10.72100907195825
s601,3.213134262355377,2.1331934075475893,27.978995882804988,0.296117547802702,46.44513316545625,4.138564526866471,2.1924899598393575,0.0,0.0,0.46987951807228917,0.0,0.0,0.17269076305220885,0.0,0.2248995983935743,0.0,0.0,0.0,0.13253012048192772,0.0,-10.048873469660807
s602,3.967515902320386,2.084052338343708,18.779304390952692,0.6186358777447772,39.8796464032591,1.748523347136208,2.079100529100529,0.12169312169312169,0.0,0.30158730158730157,0.0,0.1693121693121693,0.4074074074074074,0.0,0.0,0.0,0.0,0.0,0.0,0.0,-10.591597143990773
s603,3.1922878630949034,2.7152280575087713,26.541031742161707,0.4003964808565197,47.32121938524954,4.275614429850728,2.159652173913044,0.05652173913043478,0.0,0.29130434782608694,0.0,0.030434782608695653,0.2826086956521739,0.0,0.0,0.0,0.0,0.1,0.2391304347826087,0.0,-9.87438060723441
s604,3.107163312496193,2.2017522817362942,32.04366604631095,0.20671614278755754,47.75134548077707,4.061735483593538,2.3791776315789472,0.0,0.0,0.41776315789473684,0.0,0.0,0.0756578947368421,0.0,0.2532894736842105,0.0,0.0,0.0,0.2532894736842105,0.0,-9.663719073791441
s605,3.664379215932277,2.002610620196273,22.728664633286467,0.4366373342643736,44.217583922939085,4.786031665745059,1.98803738317757,0.07476635514018691,0.0,0.514018691588785,0.0,0.0,0.2803738317757009,0.0,0.1308411214953271,0.0,0.0,0.0,0.0,0.0,-10.653075825629308
s606,3.3513966744360872,2.0833755333217345,23.710151630085292,0.2613342177426064,38.199688737359644,2.5757951608083154,2.39551724137931,0.0,0.0,0.40229885057471265,0.1839080459770115,0.0,0.10344827586206896,0.0,0.25287356321839083,0.0,0.0,0.022988505747126436,0.034482758620689655,0.0,-10.272608958460731
s607,3.1115137681711817,2.8164519078840464,28.40165377302114,0.40767598863496984,51.681697849268026,7.2528301322593585,2.0703153153153155,0.04954954954954955,0.0,0.2972972972972973,0.0,0.0,0.30180180180180183,0.0,0.0,0.0,0.0,0.0990990990990991,0.17117117117117117,0.08108108108108109,-9.834272035803668
s608,3.7216592007368865,2.6548349782761003,21.865767257604354,0.40621923067991117,37.15651359159338,1.865216129648279,2.380658436213992,0.0,0.0,0.3662551440329218,0.0,0.18930041152263374,0.23045267489711935,0.0,0.0,0.0,0.03292181069958848,0.18106995884773663,0.0,0.0,-10.136274945485654
s609,2.8608776229952673,3.0907410854358157,31.75218978868913,0.31784120078163774,51.39885722044055,7.8521181818455394,2.2045173745173745,0.0,0.0,0.3783783783783784,0.0,0.0,0.1776061776061776,0.0,0.0,0.0,0.0,0.20463320463320464,0.05019305019305019,0.1891891891891892,-9.511285452313185
s610,3.9149354165050636,2.7133534061923,23.833432593413832,0.3208347433465392,39.56661358645172,3.6727669534586784,2.2772047244094487,0.0,0.0,0.5236220472440944,0.07874015748031496,0.0,0.1377952755905512,0.0,0.0,0.027559055118110236,0.0,0.23228346456692914,0.0,0.0,-9.992760572713228
s611,3.639984097427453,2.084043213173209,20.561698056435397,0.46618096711637025,41.75932491873991,4.020922732649633,2.0330964467005077,0.19289340101522842,0.0,0.4416243654822335,0.050761421319796954,0.0,0.28426395939086296,0.0,0.0,0.0,0.0,0.030456852791878174,0.0,0.0,-10.43171179388864
s612,3.4694326427495037,1.961410601375355,22.609650941160606,0.3775204999737304,41.17529927495912,3.423100214401658,2.1574107142857146,0.09375,0.0,0.42857142857142855,0.0625,0.0,0.22321428571428573,0.0,0.13392857142857142,0.0,0.05803571428571429,0.0,0.0,0.0,-10.454489269723135
s613,3.8103384830373357,2.4058769083809564,23.320357929371465,0.5123819979703363,45.96148213264476,4.051548030562531,2.0194088669950743,0.0,0.0,0.33004926108374383,0.03940886699507389,0.0,0.3645320197044335,0.0,0.0,0.0,0.13793103448275862,0.12807881773399016,0.0,0.0,-10.418838227841002
s614,3.481318657837919,2.1057041028189944,15.123436439234995,0.3747070675619972,26.05205109240482,2.496789872447547,2.6491525423728812,0.1906779661016949,0.0,0.0,0.4745762711864407,0.0,0.1652542372881356,0.0,0.0,0.0635593220338983,0.1059322033898305,0.0,0.0,0.0,-10.841751026148083
s615,3.334415525517718,2.5278828805077356,18.482705777276927,0.361134764715502,29.639948898925795,3.22402996232758,2.6696958174904943,0.0,0.0,0.0,0.49809885931558934,0.0,0.19011406844106463,0.0,0.0,0.18631178707224336,0.0,0.0,0.12547528517110265,0.0,-10.726516507586684
s616,3.227012810732828,2.3747384956020037,23.658355492444652,0.4877802795018843,45.990074228303634,1.8411484041160342,2.0762980769230768,0.0,0.0,0.2692307692307692,0.0,0.10096153846153846,0.33653846153846156,0.14903846153846154,0.0,0.0,0.0,0.0,0.14423076923076922,0.0,-10.560918491895286
s617,3.5900159719970786,2.101380551798198,20.23345030882537,0.5694099804262698,41.30996104718518,1.3068864813449257,2.0924489795918366,0.0,0.0,0.30612244897959184,0.0,0.1836734693877551,0.3673469387755102,0.14285714285714285,0.0,0.0,0.0,0.0,0.0,0.0,-10.799665027109814
s618,3.2117164905917988,2.1174570161298987,22.720519202962233,0.27869603842179563,35.930123390731,2.3163761794421407,2.6477573529411766,0.03308823529411765,0.0,0.0,0.31985294117647056,0.0,0.11764705882352941,0.1323529411764706,0.0,0.0,0.3125,0.08455882352941177,0.0,0.0,-10.149068352339253
s619,3.414166196550706,2.1706527589003968,20.874217836882472,0.427701817147547,40.38283263770722,2.553368197486339,2.157729468599034,0.14009661835748793,0.0,0.30434782608695654,0.14492753623188406,0.0,0.24154589371980675,0.10144927536231885,0.0,0.0,0.0,0.0,0.06763285024154589,0.0,-10.7305478306955
s620,4.182755095654056,1.8563315838909555,25.43751609497597,0.1648203823638792,35.19842343374578,3.941525288203274,2.924453781512605,0.0,0.0,0.0,0.3949579831932773,0.0,0.05322128851540616,0.0,0.0,0.16806722689075632,0.3277310924369748,0.056022408963585436,0.0,0.0,-10.691548724214254
s621,3.776425727070386,2.2148978706841813,19.07179186974008,0.5097594914695196,35.51299175744705,3.405528264432496,2.2037037037037037,0.0,0.0,0.3101851851851852,0.22685185185185186,0.0,0.3101851851851852,0.0,0.0,0.1527777777777778,0.0,0.0,0.0,0.0,-10.893603286249338
s622,2.559882768427235,2.777326714480312,32.65432105708167,0.39455463839988786,57.96774823311397,23.79280300514859,2.013187772925764,0.0,0.0,0.2925764192139738,0.0,0.0,0.3318777292576419,0.0,0.0,0.10480349344978165,0.0,0.0,0.0,0.27074235807860264,-9.583789838889453
s623,3.528435344075608,2.46044142480856,24.72240039657371,0.4959871159054496,48.72473087868404,5.332896455066155,1.967241379310345,0.0,0.0,0.35467980295566504,0.0,0.0,0.3694581280788177,0.0,0.034482758620689655,0.0,0.06403940886699508,0.08866995073891626,0.08866995073891626,0.0,-10.330343005639525
s624,3.5735763511623135,1.964189063692071,20.143663449321917,0.2709595746773845,31.27275927767656,2.3704880002115667,2.728113879003559,0.0,0.0,0.0,0.44483985765124556,0.0,0.1103202846975089,0.12455516014234876,0.0,0.12099644128113879,0.199288256227758,0.0,0.0,0.0,-10.592014299077604
s625,3.645756507471468,1.9468127434862095,21.04310344027614,0.315186108796563,37.375064319296456,2.7086125563726022,2.25609243697479,0.23949579831932774,0.0,0.5042016806722689,0.0,0.058823529411764705,0.14705882352941177,0.0,0.05042016806722689,0.0,0.0,0.0,0.0,0.0,-10.310829524158466
s626,3.4299314406200576,1.9444704336230727,25.232496770929185,0.39937931441492724,45.25828785896818,3.7449562952885063,2.1100884955752215,0.0,0.0,0.3893805309734513,0.0,0.0,0.27876106194690264,0.030973451327433628,0.08849557522123894,0.04424778761061947,0.168141592920354,0.0,0.0,0.0,-9.997359479307235
s627,3.4367625301370506,2.0181671646896384,23.480941400729,0.4913928397537917,46.72939823313403,3.703744351879903,1.9423383084577117,0.0,0.0,0.42786069651741293,0.0,0.0,0.35323383084577115,0.0,0.14427860696517414,0.0,0.07462686567164178,0.0,0.0,0.0,-10.575730942691433
s628,3.2555710698393985,3.014246298533676,21.477748045832826,0.5061482342011673,41.92291205100059,2.698272657136612,2.260689655172414,0.12315270935960591,0.0,0.0,0.3399014778325123,0.0,0.3251231527093596,0.0,0.0,0.0,0.0,0.03940886699507389,0.0,0.1724137931034483,-10.550232342500776
s629,3.5103041574508467,2.1278032526620287,23.930615220781327,0.516414733901311,47.861230441562626,5.580272774662719,1.9406500000000002,0.0,0.0,0.365,0.0,0.0,0.395,0.0,0.055,0.05,0.09,0.0,0.045,0.0,-10.344721825397242
s630,3.199862627008808,2.2924352275438635,26.60155426343254,0.3275986728484817,44.69784968073356,4.794271308521068,2.1471255060728747,0.0,0.0,0.5222672064777328,0.0,0.0,0.17813765182186234,0.09716599190283401,0.0,0.12955465587044535,0.0,0.0,0.0,0.0728744939271255,-9.783337275371055
s631,4.033237821128676,2.203111210198809,19.759667790315024,0.4836538343340549,36.22605761557756,3.575072746803841,2.190727272727273,0.0,0.0,0.35909090909090907,0.18636363636363637,0.0,0.29545454545454547,0.0,0.0,0.1590909090909091,0.0,0.0,0.0,0.0,-10.768860534093067
s632,3.681194847492098,2.173233628511508,22.207486801457488,0.5279465023734807,47.733333699684515,6.207219186190157,1.8975935828877004,0.1443850267379679,0.0,0.40641711229946526,0.0,0.0,0.37433155080213903,0.0,0.0,0.0,0.0,0.016042780748663103,0.058823529411764705,0.0,-10.419976222037706
s633,3.4777724839672075,2.0739028594085442,21.012861416885354,0.5349438922450003,41.81767470093023,1.5496231672249254,2.0858706467661694,0.0,0.0,0.35323383084577115,0.0,0.14925373134328357,0.3582089552238806,0.05970149253731343,0.07960199004975124,0.0,0.0,0.0,0.0,0.0,-10.628722332315267
s634,3.111133374627602,1.9741161671090395,20.635116508097592,0.3349275229882713,38.12250337936674,5.81687606275253,2.156605504587156,0.28440366972477066,0.0,0.5412844036697247,0.0,0.0,0.1559633027522936,0.0,0.01834862385321101,0.0,0.0,0.0,0.0,0.0,-10.554463860300014
s635,3.6104718661014013,2.0707194562922204,28.47630698706422,0.18554181946377393,40.75275933259853,5.135737622966348,2.5353726708074533,0.0,0.0,0.45652173913043476,0.11490683229813664,0.0,0.059006211180124224,0.0,0.0,0.2422360248447205,0.0,0.0,0.12732919254658384,0.0,-9.6271682152167
s636,3.350635092599178,2.5196709383400444,25.681867855620354,0.3604967717935515,43.94854851349119,4.247167115212124,2.1951851851851854,0.0,0.0,0.448559670781893,0.0,0.0,0.20987654320987653,0.0,0.0,0.0,0.13580246913580246,0.205761316872428,0.0,0.0,-9.815788693762267
s637,2.6031671585141365,2.623421462022886,33.95132801962765,0.2931630610324347,55.71499982708128,4.238588101590168,2.1449609375,0.0,0.0,0.35546875,0.0,0.0,0.1640625,0.10546875,0.12109375,0.0,0.0,0.0,0.0,0.25390625,-9.780307105919578
s638,3.320396629643621,3.1304412684009706,25.845807540540743,0.33213521586590317,41.837900956250344,3.220846458712441,2.4725096525096526,0.019305019305019305,0.0,0.10810810810810811,0.3166023166023166,0.0,0.17374517374517376,0.0,0.0,0.05405405405405406,0.0,0.13513513513513514,0.0,0.19305019305019305,-10.163775094011338
s639,3.4903618724681875,2.4885931558626386,21.982899930378487,0.31338716349442525,34.128148510698075,1.790122795000964,2.5914590747330957,0.0,0.0,0.3807829181494662,0.0,0.26334519572953735,0.15302491103202848,0.0,0.0,0.060498220640569395,0.0,0.1423487544483986,0.0,0.0,-9.86000332803607
s640,2.8281371689534103,2.032201019959127,19.22020669828798,0.264538943660924,30.939844928951395,1.9328149173185982,2.586060606060606,0.0,0.0,0.21212121212121213,0.4090909090909091,0.0,0.09090909090909091,0.0,0.2878787878787879,0.0,0.0,0.0,0.0,0.0,-10.760303326720953
s641,2.835949245565528,1.9970005781981546,24.300090025488924,0.36429367965102954,44.89338665725917,1.7769841931783454,2.048440366972477,0.0,0.0,0.48623853211009177,0.0,0.0,0.1743119266055046,0.28440366972477066,0.0,0.0,0.05504587155963303,0.0,0.0,0.0,-10.881548146160638
s642,2.757845746920526,2.2448354649008264,30.794039795322696,0.2171883284660756,44.665228892314886,8.85726089363165,2.418633540372671,0.0,0.0,0.4658385093167702,0.0,0.0,0.09937888198757763,0.0,0.0,0.2111801242236025,0.0,0.0,0.2236024844720497,0.0,-9.145408734414762
s643,2.856589033672598,2.410555311667579,33.145477315869236,0.2556708053154388,52.16646145736234,5.617889798455267,2.224801444043321,0.0,0.0,0.44404332129963897,0.0,0.0,0.1263537906137184,0.0,0.23826714801444043,0.0,0.0,0.0,0.0,0.19133574007220217,-9.731584563101478
s644,2.5595960730491836,2.550636405736069,35.524396715176984,0.26730253736677506,55.481922959658476,5.517384448193043,2.233201438848921,0.0,0.0,0.3345323741007194,0.0,0.0,0.15467625899280577,0.0,0.20503597122302158,0.0,0.046762589928057555,0.0,0.0,0.2589928057553957,-9.683558095428817
s645,2.9918700705032326,3.0373499130422283,30.939544292084488,0.31569764380184484,49.430041176702986,2.844025575600144,2.3125555555555555,0.0,0.0,0.3148148148148148,0.0,0.09259259259259259,0.17407407407407408,0.03333333333333333,0.0,0.0,0.0,0.16666666666666666,0.0,0.21851851851851853,-9.50938881340224
s646,3.888123083794037,2.2827008489084353,23.80786764135361,0.36663221915304195,42.51404935956002,3.0618111096966536,2.085288888888889,0.0,0.0,0.56,0.0,0.0,0.18222222222222223,0.13777777777777778,0.0,0.044444444444444446,0.0,0.07555555555555556,0.0,0.0,-10.493725494585172
s647,3.038737930731709,2.8662352540250415,28.81557285272643,0.35696016907596245,48.62627918897585,5.575012452887697,2.19320987654321,0.0,0.0,0.32098765432098764,0.0,0.0,0.23868312757201646,0.0,0.0,0.0,0.0,0.16872427983539096,0.2716049382716049,0.0,-9.678406702518576
s648,3.474206049095727,2.5373238527450046,24.34098636809263,0.30199892153757085,39.379684952200776,2.098967733439151,2.3664566929133857,0.0,0.0,0.5078740157480315,0.0,0.11023622047244094,0.13385826771653545,0.0,0.051181102362204724,0.0,0.0,0.1968503937007874,0.0,0.0,-9.772325631484124
s649,2.6720381149664645,2.6361659252998533,34.163430692120684,0.32266725536153446,57.40385973437971,6.67511804877537,2.101902834008097,0.0,0.0,0.3319838056680162,0.0,0.0,0.23076923076923078,0.0,0.17408906882591094,0.0,0.0,0.0,0.0,0.2631578947368421,-9.659409430395115
s650,2.8175977275831654,1.9392026698007296,28.471503672576,0.2200733531034934,42.08830977685146,7.439962335921233,2.395718954248366,0.0,0.0,0.5490196078431373,0.0,0.0,0.09803921568627451,0.0,0.0,0.22549019607843138,0.08496732026143791,0.0,0.042483660130718956,0.0,-9.238765562388322
s651,2.8455937860870617,1.7584501435744035,28.853595344423223,0.24109878407724944,44.707219160040395,3.3276892480972036,2.375709219858156,0.02127659574468085,0.0,0.37943262411347517,0.0,0.0,0.12411347517730496,0.0,0.20921985815602837,0.0,0.26595744680851063,0.0,0.0,0.0,-9.67258883888274
s652,3.790542369037471,2.2948691337634006,23.978875132122226,0.5138084542143788,47.48757624204601,10.272914219271465,1.9317821782178217,0.0,0.0,0.40594059405940597,0.0,0.0,0.3910891089108911,0.0,0.0,0.10396039603960396,0.0,0.0,0.09900990099009901,0.0,-10.375625488791508
s653,3.1881235181226337,2.2134400711625846,24.654028231189386,0.43827692846236194,45.54727249490919,4.316139488317752,2.1188532110091747,0.05045871559633028,0.0,0.3073394495412844,0.0,0.0,0.3119266055045872,0.0,0.0,0.0,0.23394495412844038,0.0963302752293578,0.0,0.0,-9.867346577889675
s654,3.1222694542840483,2.792430193167657,27.478151272556687,0.387098914083265,49.46067229060201,7.891211637630417,2.0672,0.02666666666666667,0.0,0.4488888888888889,0.0,0.0,0.24888888888888888,0.0,0.0,0.0,0.0,0.1688888888888889,0.0,0.10666666666666667,-9.859283895838798
s655,3.092055479465773,2.155136780988891,17.467809204313827,0.3821871178723399,30.160246108167787,1.8907832947253616,2.4895833333333335,0.0,0.0,0.15416666666666667,0.425,0.0,0.175,0.0,0.24583333333333332,0.0,0.0,0.0,0.0,0.0,-10.98166686097654
s656,3.1866466185159035,1.7975181332878203,28.262757822428977,0.22290819414866922,43.964289946000605,3.340838923179438,2.3202857142857143,0.0,0.0,0.5285714285714286,0.0,0.0,0.08571428571428572,0.0,0.2714285714285714,0.0,0.11428571428571428,0.0,0.0,0.0,-9.83470639004956
s657,3.5928933531175633,2.793457054444902,29.213389111283753,0.46866169081382975,59.33028510229793,11.525811482475437,1.891522842639594,0.116751269035533,0.0,0.24873096446700507,0.0,0.0,0.39086294416243655,0.0,0.0,0.0,0.0,0.0,0.0,0.2436548223350254,-9.977368803464795
s658,3.5451255575368688,2.6621288533774417,25.53671505469808,0.26339476801895473,40.55831214569695,5.278089865952468,2.282777777777778,0.0,0.0,0.6296296296296297,0.0,0.0,0.07407407407407407,0.0,0.05555555555555555,0.0,0.0,0.24074074074074073,0.0,0.0,-9.725451381776463
s659,3.226585169673238,2.3040247520276074,25.54453417290681,0.4223181911272454,48.99906100439399,6.438559674655894,1.9869194312796208,0.07582938388625593,0.0,0.43601895734597157,0.0,0.0,0.2938388625592417,0.0,0.10900473933649289,0.0,0.0,0.0,0.0,0.08530805687203792,-10.267840445451599
s660,3.1971372005343226,1.9585796030870866,21.646244900558514,0.3066797366815373,39.24481799044345,3.7930168290119903,2.1629596412556054,0.23318385650224216,0.0,0.5515695067264574,0.0,0.0,0.1210762331838565,0.09417040358744394,0.0,0.0,0.0,0.0,0.0,0.0,-10.47591088375876
s661,3.079332939625667,2.1532989152333424,22.82523576426792,0.32821852086205566,40.797862350305614,3.9407212336577797,2.164140969162996,0.15859030837004406,0.0,0.5242290748898678,0.0,0.0,0.14977973568281938,0.07048458149779736,0.0,0.0,0.03524229074889868,0.06167400881057269,0.0,0.0,-10.19396054269522
s662,3.42875367582821,1.8901860271492865,21.942887867641335,0.40803519611853073,41.191035119958265,3.6499786838170727,2.1978504672897197,0.205607476635514,0.0,0.2850467289719626,0.06074766355140187,0.0,0.2616822429906542,0.0,0.0,0.0,0.18691588785046728,0.0,0.0,0.0,-10.119175227669656
s663,2.8507814612613083,2.0689681939879754,19.168807109852263,0.38204753993573004,33.367923487520635,2.1680793869164643,2.4205957446808513,0.0,0.0,0.19148936170212766,0.34893617021276596,0.0,0.19574468085106383,0.0,0.2297872340425532,0.0,0.03404255319148936,0.0,0.0,0.0,-10.686095816714532
s664,2.899802484890139,2.093862272360706,29.656863964359033,0.21434679750435723,43.580274276264646,9.458161960939647,2.3896485623003194,0.0,0.0,0.5463258785942492,0.0,0.0,0.0926517571884984,0.0,0.0,0.2268370607028754,0.0,0.0,0.134185303514377,0.0,-9.02763172990223
s665,3.858106042493478,2.156779512200335,17.229915745425544,0.6067727947047155,34.633871043835214,2.896224901843827,2.264723618090452,0.10050251256281408,0.0,0.0,0.2964824120603015,0.0,0.35678391959798994,0.04522613065326633,0.0,0.0,0.20100502512562815,0.0,0.0,0.0,-10.85998262755587
s666,3.089771506848929,1.854207848491509,21.24640771842151,0.3495888881401497,38.951747483772735,3.369531368643322,2.2643181818181817,0.2590909090909091,0.0,0.33636363636363636,0.09090909090909091,0.0,0.19545454545454546,0.0,0.0,0.0,0.11818181818181818,0.0,0.0,0.0,-10.098712096105594
s667,3.489005961590555,2.041457693240747,21.16613334618756,0.3548022832517615,38.658805533119455,5.146875399950128,2.133393665158371,0.19909502262443438,0.0,0.5475113122171946,0.0,0.0,0.17194570135746606,0.04072398190045249,0.0,0.04072398190045249,0.0,0.0,0.0,0.0,-10.523924689254956
s668,3.124864903477615,1.9153404328468346,25.20908904646796,0.285526416815898,42.715400884292904,1.4909442009725935,2.251557377049181,0.0,0.0,0.4426229508196721,0.0,0.06147540983606557,0.09836065573770492,0.3114754098360656,0.0,0.0,0.0860655737704918,0.0,0.0,0.0,-10.235788146917713
s669,3.268824963311125,2.8245031563350604,27.672404840200187,0.352590923706959,47.72487211570755,7.009854252870721,2.1294117647058823,0.0,0.0,0.4957983193277311,0.0,0.0,0.20168067226890757,0.0,0.0,0.0,0.0,0.2184873949579832,0.0,0.08403361344537816,-9.718553552561717
s670,3.95134280866812,2.170553048631244,19.179202391228873,0.5727605214723844,36.6305487111759,1.7881216449000334,2.2372169811320752,0.014150943396226415,0.0,0.28773584905660377,0.0,0.2358490566037736,0.37735849056603776,0.0,0.0330188679245283,0.05188679245283019,0.0,0.0,0.0,0.0,-10.538983159772862
s671,3.4896517455110354,1.8830337089148856,24.590325130170747,0.2899766822998021,42.89440173082414,2.5126740357717923,2.1944827586206896,0.11637931034482758,0.0,0.47413793103448276,0.0,0.0,0.11637931034482758,0.1939655172413793,0.0,0.0,0.09913793103448276,0.0,0.0,0.0,-10.102181201600748
s672,4.071979141195108,2.465956924662288,25.320630173267674,0.2514273466181994,39.07000462219258,7.767576831714537,2.31794425087108,0.0,0.0,0.6480836236933798,0.0,0.0,0.07665505226480836,0.0,0.0,0.11846689895470383,0.0,0.156794425087108,0.0,0.0,-9.508130450765748
s673,3.2480014009095144,2.4082776140903377,26.420950504740258,0.4618042629659779,50.43999641814051,7.819267443678857,1.9794761904761904,0.023809523809523808,0.0,0.3523809523809524,0.0,0.0,0.35714285714285715,0.014285714285714285,0.0,0.08095238095238096,0.06666666666666667,0.0,0.0,0.10476190476190476,-10.078883262573346
s674,2.828042066679618,1.9267447442673522,24.380824828880737,0.24118449934118424,38.98012113359972,2.577130034212497,2.345243445692884,0.0,0.0,0.5093632958801498,0.11610486891385768,0.0,0.08239700374531835,0.0,0.29213483146067415,0.0,0.0,0.0,0.0,0.0,-10.391160857510744
s675,3.218765775787241,2.021537422978998,23.972459193874773,0.3628970376204787,43.42552034300265,2.7554494410012733,2.056923076923077,0.0,0.0,0.5520361990950227,0.0,0.0,0.19004524886877827,0.11764705882352941,0.14027149321266968,0.0,0.0,0.0,0.0,0.0,-10.835673587155462
s676,2.69755481242802,2.4212108417823317,30.86599480330913,0.3006630002838638,51.44332467218193,6.039000487591528,2.1507599999999996,0.028,0.0,0.432,0.0,0.0,0.18,0.0,0.192,0.0,0.0,0.0,0.0,0.168,-9.878531786125805
s677,3.6565057639736067,2.7992550339429756,26.31196265776293,0.33579192735741853,44.15363596679394,4.426922577196791,2.234244897959184,0.0,0.0,0.44081632653061226,0.04081632653061224,0.0,0.17959183673469387,0.0,0.0,0.0,0.0,0.22448979591836735,0.11428571428571428,0.0,-9.760385228335753
s678,3.779020135281848,2.100495064241362,20.020980864291992,0.5379036441973895,40.654848897899036,1.7250787051153362,2.098140703517588,0.10050251256281408,0.0,0.35175879396984927,0.0,0.1407035175879397,0.34673366834170855,0.04522613065326633,0.0,0.0,0.0,0.01507537688442211,0.0,0.0,-10.500968500567554
s679,3.7490463133344623,2.3602442978866103,24.177753307781856,0.4165148538070256,42.96200780075082,6.632935043412636,2.103333333333333,0.0,0.0,0.46320346320346323,0.0,0.0,0.2727272727272727,0.0,0.0,0.09523809523809523,0.06060606060606061,0.06926406926406926,0.03896103896103896,0.0,-10.123968749619605
s680,3.2745767742269174,2.07836441913641,25.97797265380875,0.36947990643637646,45.31923696540358,3.832576832302249,2.161589958158996,0.0,0.0,0.39330543933054396,0.0,0.0,0.24686192468619247,0.0,0.11715481171548117,0.0,0.1799163179916318,0.06276150627615062,0.0,0.0,-9.923561407218935
s681,3.747534229400787,2.2062689097728456,22.335538811083723,0.2819029730782777,38.00143756052437,3.953872395367084,2.2796326530612245,0.15510204081632653,0.0,0.5265306122448979,0.061224489795918366,0.0,0.10612244897959183,0.0,0.07346938775510205,0.0,0.0,0.07755102040816327,0.0,0.0,-10.119382577819703
s682,2.5454435030984643,2.2234676870425414,22.71947401291484,0.3295191025567126,39.50475705230715,2.0586627283142604,2.3862231759656654,0.24034334763948498,0.0,0.33047210300429186,0.0,0.16738197424892703,0.18454935622317598,0.0,0.0,0.0,0.0,0.0,0.0,0.07725321888412018,-9.82663154483385
s683,3.4516438419153235,2.189101622719197,18.667982021213955,0.3844417056181693,34.64650900547337,2.337397083374419,2.318310502283105,0.1643835616438356,0.0,0.2876712328767123,0.2511415525114155,0.0,0.1780821917808219,0.0684931506849315,0.0,0.0,0.0,0.0502283105022831,0.0,0.0,-10.743160797388786
s684,3.4974745251126365,2.2117565572497866,23.752169527462172,0.33799292463751895,40.479049476379195,3.8397988542055876,2.1484297520661157,0.0,0.0,0.5867768595041323,0.0,0.0,0.16115702479338842,0.10330578512396695,0.0,0.10743801652892562,0.0,0.04132231404958678,0.0,0.0,-10.216843529453426
s685,3.135939938182524,1.6296652176335302,20.661493748304505,0.20678241530947974,33.821680849135426,2.628985752856513,2.6866536964980545,0.30739299610894943,0.0,0.06614785992217899,0.32684824902723736,0.0,0.08171206225680934,0.0,0.0,0.0,0.2178988326848249,0.0,0.0,0.0,-9.502136105022899
s686,2.469736867927188,2.621854021123419,31.78822994425688,0.33134810003239246,52.22352062270773,8.550759638401598,2.189209486166008,0.0,0.0,0.32806324110671936,0.05533596837944664,0.0,0.24110671936758893,0.0,0.0,0.15019762845849802,0.0,0.0,0.0,0.22529644268774704,-9.350140471416388
s687,3.7698337657933134,1.9950852080350203,22.642926567711346,0.4503372525183434,44.20761853696024,4.421883450424147,2.0065853658536583,0.09268292682926829,0.0,0.45365853658536587,0.0,0.0,0.2975609756097561,0.0,0.0975609756097561,0.0,0.05853658536585366,0.0,0.0,0.0,-10.548489574205778
s688,2.9970880308526646,2.383337685565746,28.936599918097798,0.30315578032831525,49.60559985959619,1.859047815215188,2.157,0.0,0.0,0.4083333333333333,0.0,0.041666666666666664,0.12916666666666668,0.2875,0.0,0.0,0.0,0.0,0.0,0.13333333333333333,-10.134723110412937
s689,4.066759853255073,2.1618061400504662,19.481925379617376,0.49488660214412167,34.093369414330404,1.841783326835111,2.403160173160173,0.0,0.0,0.29004329004329005,0.0,0.2813852813852814,0.3203463203463203,0.0,0.0,0.10822510822510822,0.0,0.0,0.0,0.0,-10.360724498097138
s690,2.836586449896789,2.3246748533124757,29.105692518714893,0.2649643972314525,47.64435017394735,5.006045590640932,2.3030739299610894,0.17120622568093385,0.0,0.31906614785992216,0.0,0.0,0.1517509727626459,0.0,0.06614785992217899,0.0,0.0,0.0,0.2918287937743191,0.0,-9.707480565853567
s691,3.665310630502668,1.9832808492376992,22.21882411412748,0.5298850316704442,46.61122884811527,5.306728161662787,1.9275647668393785,0.10880829015544041,0.0,0.38860103626943004,0.0,0.0,0.38341968911917096,0.0,0.0,0.031088082901554404,0.08808290155440414,0.0,0.0,0.0,-10.308078674849101
s692,3.4389117449594027,2.0509090346614123,26.27740018285569,0.2723744119455546,41.14290085772834,10.8015513511865,2.2749999999999995,0.0,0.0,0.5985401459854015,0.0,0.0,0.14233576642335766,0.0,0.0,0.21897810218978103,0.0,0.0,0.040145985401459854,0.0,-9.271286025669278
s693,3.8571072834371947,2.1840639701432805,19.640948689349685,0.5300960184767552,35.873137688812236,1.8633842345208398,2.281266968325792,0.0,0.0,0.3212669683257919,0.0,0.22624434389140272,0.34841628959276016,0.0,0.0,0.10407239819004525,0.0,0.0,0.0,0.0,-10.481210336363658
s694,2.727835525683228,2.408895371817892,27.384087623892135,0.3790238262710499,51.02334275220928,2.3718102776311327,1.993165137614679,0.0,0.0,0.42201834862385323,0.0,0.0,0.21559633027522937,0.24770642201834864,0.0,0.0,0.0,0.0,0.0,0.11467889908256881,-10.490155840696646
s695,3.737032314788715,2.2375814587244878,20.836223880636418,0.4471274856821961,40.129023770114564,3.9565479096941867,2.0963461538461536,0.125,0.0,0.4423076923076923,0.07692307692307693,0.0,0.2644230769230769,0.0,0.0,0.03365384615384615,0.0,0.057692307692307696,0.0,0.0,-10.410362137729033
s696,3.0451153980804193,1.769893480289381,20.24031907596876,0.21901451013904302,32.70539362885195,1.6346417131827435,2.646566037735849,0.2981132075471698,0.0,0.3584905660377358,0.0,0.26037735849056604,0.0830188679245283,0.0,0.0,0.0,0.0,0.0,0.0,0.0,-9.569650607206347
s697,2.999100506805791,1.978502698249142,19.354749228528664,0.3448966707900047,32.70285214475533,1.74800916726376,2.515510204081633,0.18775510204081633,0.0,0.33877551020408164,0.0,0.2530612244897959,0.1836734693877551,0.0,0.0,0.036734693877551024,0.0,0.0,0.0,0.0,-9.995547017431798
s698,3.203168514568822,2.0625956562370678,21.45027977617047,0.41915087111747495,39.475724966229656,2.4930466347674907,2.1559817351598176,0.0,0.0,0.3972602739726027,0.1461187214611872,0.0,0.2465753424657534,0.0,0.2100456621004566,0.0,0.0,0.0,0.0,0.0,-10.82907622585381
s699,3.490422717938499,2.730598564471427,19.301767605055343,0.46018718107851925,33.428423605856665,3.2009877089532557,2.4956066945606694,0.0,0.0,0.0,0.3472803347280335,0.0,0.25523012552301255,0.0,0.0,0.0,0.2301255230125523,0.16736401673640167,0.0,0.0,-10.623447087032023
s700,3.325570349387827,2.4165623476882017,24.91335156925677,0.4513828850333864,49.8267031385135,7.26441240815827,1.9791584158415843,0.1782178217821782,0.0,0.3564356435643564,0.0,0.0,0.3217821782178218,0.0,0.0,0.0,0.0297029702970297,0.0,0.0,0.11386138613861387,-10.207372239006977
s701,2.991711168725176,2.4501327341547787,25.63965107318665,0.38899159882996437,47.3347404428061,5.52046253770097,2.1260648148148147,0.18518518518518517,0.0,0.28703703703703703,0.0,0.0,0.27314814814814814,0.0,0.0,0.0,0.0,0.0,0.25462962962962965,0.0,-9.947935998861885
s702,4.00028731851979,2.519047321066767,25.876833442483523,0.4765773108381024,50.274990688253716,4.422199870121896,1.9705392156862744,0.0,0.0,0.3088235294117647,0.0,0.0,0.3627450980392157,0.06372549019607843,0.0,0.03431372549019608,0.0,0.024509803921568627,0.20588235294117646,0.0,-10.307138343263905
s703,3.3593551197449996,2.0448971702010437,21.227368660222766,0.49393879869376345,42.45473732044552,1.4770075535634153,2.06095,0.045,0.0,0.39,0.0,0.11,0.305,0.15,0.0,0.0,0.0,0.0,0.0,0.0,-10.777882028730312
s704,3.8002002162869726,1.9909781888761156,20.00796577988151,0.4899414704742525,41.52190747867882,2.746970145721892,2.0325388601036267,0.16580310880829016,0.0,0.38341968911917096,0.09844559585492228,0.0,0.29533678756476683,0.05699481865284974,0.0,0.0,0.0,0.0,0.0,0.0,-10.70777070472484
s705,3.3696548508293915,2.2385878581031737,24.949668364533874,0.2904784977929229,41.58278060755648,4.8966136480618365,2.2022,0.028,0.0,0.6,0.0,0.0,0.124,0.0,0.152,0.0,0.0,0.096,0.0,0.0,-10.048178409633616
s706,3.057137656169379,2.29872799691523,25.09998761986209,0.4360802300908013,49.95146051081461,3.301689725418044,1.9430348258706467,0.07462686567164178,0.0,0.4228855721393035,0.0,0.0,0.2835820895522388,0.13930348258706468,0.0,0.0,0.0,0.0,0.0,0.07960199004975124,-10.47756496426533
s707,3.304000995930415,2.004944978280931,22.25223446077946,0.40091074573909885,42.1203009436183,5.152325593981846,2.047641509433962,0.12264150943396226,0.0,0.5283018867924528,0.0,0.0,0.2358490566037736,0.0,0.11320754716981132,0.0,0.0,0.0,0.0,0.0,-10.63739521265655
s708,3.25879000435431,2.200543829816931,23.67976210261555,0.4891432442204795,48.34618095950674,2.51362670914505,1.898622448979592,0.0,0.0,0.42346938775510207,0.0,0.0,0.32653061224489793,0.14795918367346939,0.03571428571428571,0.0,0.0,0.0,0.0663265306122449,0.0,-10.990365213004358
s709,3.3196408330768477,2.015147893711634,23.958309775143107,0.24212599125294035,38.05143317228614,2.7226257872603816,2.38262962962963,0.0,0.0,0.48518518518518516,0.14444444444444443,0.0,0.08148148148148149,0.0,0.24074074074074073,0.022222222222222223,0.0,0.025925925925925925,0.0,0.0,-10.145983855275894
s710,3.193693023487348,2.4751139945953775,27.63138190658902,0.3753639749623767,46.76080014961221,3.3882508240537628,2.215,0.0,0.0,0.36363636363636365,0.0,0.09090909090909091,0.2727272727272727,0.0,0.0,0.13636363636363635,0.0,0.0,0.0,0.13636363636363635,-9.646021607460483
s711,3.6591566313253794,2.0307911447372766,19.245712850868514,0.6221895871996642,44.24014512472375,3.2285123822135673,1.8997175141242937,0.15254237288135594,0.0,0.3389830508474576,0.096045197740113,0.0,0.4124293785310734,0.0,0.0,0.0,0.0,0.0,0.0,0.0,-10.745169085673728
s712,3.3895902662775703,2.6329983877552503,25.502362750772047,0.3770610601895532,44.82233453165991,5.3701374894222065,2.1197844827586207,0.0,0.0,0.4827586206896552,0.0,0.0,0.22413793103448276,0.0,0.04741379310344827,0.0,0.0,0.15948275862068967,0.08620689655172414,0.0,-10.02376245066281
s713,3.954592307478055,2.0936104706269276,21.22526949911528,0.4862347140991384,44.04813992827152,6.263381960992206,1.9541968911917098,0.17616580310880828,0.0,0.48186528497409326,0.0,0.0,0.31088082901554404,0.0,0.0,0.0,0.0,0.031088082901554404,0.0,0.0,-10.454009971520316
s714,3.1225499673133332,2.1983506400525874,28.919927208974325,0.31699226642128425,48.13518085789017,4.272327651643176,2.207620967741936,0.0,0.0,0.3548387096774194,0.0,0.0,0.21370967741935484,0.0,0.18548387096774194,0.0,0.06451612903225806,0.0,0.1814516129032258,0.0,-9.94856271082872
s715,3.379679741910728,2.4803354977234755,23.464904094132066,0.5520285221984121,50.09361548185498,2.7760038788216455,1.9280000000000002,0.015789473684210527,0.0,0.24210526315789474,0.12631578947368421,0.0,0.4,0.09473684210526316,0.0,0.021052631578947368,0.0,0.0,0.0,0.1,-10.649899176640577
s716,3.238503897980201,1.926476238710996,26.554660627013117,0.28296243942286603,41.538016623260745,6.468184099762579,2.3089642857142856,0.0,0.0,0.5071428571428571,0.0,0.0,0.16428571428571428,0.0,0.0,0.19642857142857142,0.13214285714285715,0.0,0.0,0.0,-9.43831649784743
s717,2.857983056405184,2.080816639882421,30.946350252258437,0.19894220272430183,46.26632562466353,4.777546923582153,2.4049337748344373,0.052980132450331126,0.0,0.4337748344370861,0.0,0.0,0.0695364238410596,0.0,0.16887417218543047,0.039735099337748346,0.046357615894039736,0.0,0.18874172185430463,0.0,-9.54180405045636
s718,3.183102911377617,2.7054120961582178,26.920596396913904,0.29869867469907535,44.51575744064844,6.182365770411545,2.2398814229249013,0.06719367588932806,0.0,0.49407114624505927,0.0,0.0,0.1383399209486166,0.0,0.0,0.0,0.0,0.18972332015810275,0.07905138339920949,0.03162055335968379,-9.572528835811804
s719,2.9985818912385174,2.1624301424716634,29.382574035772027,0.23602346849534694,44.223772145677295,7.642939445341615,2.350677966101695,0.0,0.0,0.5050847457627119,0.0,0.0,0.1152542372881356,0.0,0.04745762711864407,0.17288135593220338,0.0,0.0,0.15932203389830507,0.0,-9.238228800558879
s720,3.0851454051307132,2.3074167288798835,31.997864197939492,0.24190626401104653,51.04421193480824,2.140414659176364,2.2759701492537316,0.0,0.0,0.3208955223880597,0.0,0.0,0.08582089552238806,0.2873134328358209,0.0,0.0,0.0,0.0,0.30597014925373134,0.0,-9.537060829371613
s721,2.4841579192328593,2.999046957799631,35.78843981163551,0.29745167337769113,56.840463230244644,8.22159088306089,2.194037037037037,0.0,0.0,0.31851851851851853,0.0,0.0,0.17777777777777778,0.0,0.07037037037037037,0.0,0.0,0.12222222222222222,0.0,0.3111111111111111,-9.348268597236284
s722,2.5376268148629046,2.7109145621930484,34.9236949270952,0.28818340631971073,55.83608709900846,5.112733888871423,2.2005243445692884,0.0,0.0,0.31835205992509363,0.0,0.0,0.16853932584269662,0.04868913857677903,0.10486891385767791,0.0,0.0449438202247191,0.052434456928838954,0.0,0.26217228464419473,-9.55645658784584
s723,3.6835301032310994,2.2875177591184204,22.463477269105223,0.504174796746925,47.17330226512099,7.501131845432437,1.9185714285714288,0.15873015873015872,0.0,0.42857142857142855,0.0,0.0,0.3439153439153439,0.0,0.0,0.0,0.0,0.021164021164021163,0.0,0.047619047619047616,-10.444256100794867
s724,3.3567825779277416,2.0213422808881365,24.773471913306274,0.28810887020889236,40.4528845166647,4.468843723545296,2.2092248062015503,0.0,0.0,0.6124031007751938,0.0,0.0,0.12790697674418605,0.06589147286821706,0.06976744186046512,0.12403100775193798,0.0,0.0,0.0,0.0,-9.911105824811369
s725,3.7066532842723445,2.26708583515871,22.17558012509876,0.5369703015751748,47.0919622881311,6.017162424806465,1.8779894179894179,0.06349206349206349,0.0,0.4708994708994709,0.0,0.0,0.37037037037037035,0.0,0.021164021164021163,0.0,0.0,0.07407407407407407,0.0,0.0,-10.622295824397838
s726,3.484268119363987,2.096158797204387,18.442445442019913,0.48361965506345783,33.811149977036486,3.3121864730000903,2.4085,0.12727272727272726,0.0,0.0,0.2863636363636364,0.0,0.2863636363636364,0.0,0.031818181818181815,0.0,0.2590909090909091,0.00909090909090909,0.0,0.0,-10.337079449449774
s727,3.202115059306682,1.9932617581354009,22.09437254788014,0.37559564751734764,40.02341256624187,2.82549059307342,2.173348416289593,0.049773755656108594,0.0,0.43891402714932126,0.11312217194570136,0.0,0.21266968325791855,0.0,0.18552036199095023,0.0,0.0,0.0,0.0,0.0,-10.63473343532342
s728,3.5458364893085585,2.667013958046841,19.549956201790483,0.3740681603102342,32.081979408066445,2.9554017947378424,2.6302343749999997,0.0,0.0,0.0,0.41796875,0.0,0.1875,0.0,0.0,0.02734375,0.19140625,0.17578125,0.0,0.0,-10.551972049756557
s729,3.4718985232742385,2.081037008944813,24.532846523196778,0.24601914147373058,38.632183605493815,3.42639670980745,2.357591240875912,0.0,0.0,0.5364963503649635,0.09854014598540146,0.0,0.08759124087591241,0.0,0.16058394160583941,0.072992700729927,0.0,0.043795620437956206,0.0,0.0,-9.806370431575537
s730,3.780398791228142,2.039888478991747,18.942133811034786,0.6736201929036287,45.250652993027536,3.069089679404953,1.8676744186046512,0.12790697674418605,0.0,0.29651162790697677,0.12209302325581395,0.0,0.45348837209302323,0.0,0.0,0.0,0.0,0.0,0.0,0.0,-10.813836197295442
s731,3.828199479093328,2.1139434350910733,22.634717774179187,0.4746777334019868,43.592789787308064,4.560876365615821,1.9652884615384616,0.0,0.0,0.5192307692307693,0.0,0.0,0.3125,0.057692307692307696,0.0,0.11057692307692307,0.0,0.0,0.0,0.0,-10.647936635945461
s732,3.623164922249293,2.6178200910527916,24.580267561608046,0.4959495473835294,48.917166137457585,5.945065650397771,1.9435820895522389,0.0,0.0,0.4129353233830846,0.0,0.0,0.3582089552238806,0.0,0.0,0.0,0.0,0.13930348258706468,0.08955223880597014,0.0,-10.360977059229926
s733,3.0343014609961836,1.968694127004733,18.754938636960485,0.36415630165122737,32.92851821756419,1.6714964323788954,2.457826086956522,0.2391304347826087,0.0,0.3391304347826087,0.0,0.23043478260869565,0.19130434782608696,0.0,0.0,0.0,0.0,0.0,0.0,0.0,-10.231180362243153
s734,3.039766910289717,2.2696018417132118,24.916790820756837,0.46742874679564794,50.871781259045186,2.2632516935573848,1.8818367346938774,0.0,0.0,0.42857142857142855,0.0,0.0,0.30612244897959184,0.20408163265306123,0.0,0.0,0.0,0.0,0.0,0.061224489795918366,-10.864654456157366
s735,2.790913668136879,2.5225574281240446,29.052889191211793,0.3951556233481167,53.06354141535379,5.009366625449853,2.0276470588235296,0.0,0.0,0.34841628959276016,0.03167420814479638,0.0,0.29411764705882354,0.0,0.1583710407239819,0.0,0.0,0.0,0.0,0.167420814479638,-10.084090718162361
s736,2.77386197247554,2.695423496828991,32.35608120282758,0.38369255896633503,58.661838278297154,5.742981582659202,1.9920179372197313,0.0,0.0,0.3004484304932735,0.0,0.0,0.3004484304932735,0.04035874439461883,0.10762331838565023,0.0,0.0,0.0,0.0,0.25112107623318386,-9.865047070949094
s737,2.753730629273046,2.0943336365277534,21.913064464559202,0.3527849328743384,40.80363727883434,5.616070760484531,2.143935185185185,0.27314814814814814,0.0,0.4722222222222222,0.0,0.0,0.18981481481481483,0.0,0.0,0.0,0.0,0.0,0.06481481481481481,0.0,-10.348581157951815
s738,2.854158652489326,2.357274248567067,23.734801013396883,0.3923431745375822,44.373758416350725,5.551813800866858,2.1172093023255814,0.21395348837209302,0.0,0.3581395348837209,0.0,0.0,0.25116279069767444,0.0,0.0,0.0,0.0,0.0,0.17674418604651163,0.0,-10.182479445692799
s739,3.8678298766326003,2.654836667831496,23.207804254530192,0.41854591580509354,39.737103687612844,2.3775301987647466,2.330042016806723,0.0,0.0,0.3025210084033613,0.0,0.1638655462184874,0.2689075630252101,0.0,0.01680672268907563,0.029411764705882353,0.0,0.10084033613445378,0.11764705882352941,0.0,-10.083516380971552
s740,3.8317484442370384,2.7657598973286204,23.56333108026016,0.3592872886107245,40.68488819613261,3.4540933571779004,2.215625,0.0,0.0,0.5041666666666667,0.075,0.0,0.175,0.0,0.0,0.0,0.0,0.24583333333333332,0.0,0.0,-10.132849311387135
s741,3.769457654316072,2.7417612882929454,18.441152521045467,0.5683800693875556,36.88230504209092,3.1828100511744917,2.2555,0.15,0.0,0.0,0.3,0.0,0.35,0.0,0.0,0.0,0.0,0.0,0.2,0.0,-10.893015729452747
s742,3.6045919424520734,2.031817695382594,21.81481839110231,0.4283849018410187,41.09755964752315,2.060686962086284,2.1104739336492893,0.07582938388625593,0.0,0.4597156398104265,0.0,0.07109004739336493,0.2559241706161137,0.09004739336492891,0.0,0.04739336492890995,0.0,0.0,0.0,0.0,-10.426899545725336
s743,2.711598282080952,2.3331455783934816,29.42791505001724,0.2860948525663465,46.31849351067802,8.357722156682373,2.281466165413534,0.0,0.0,0.4323308270676692,0.0,0.0,0.18045112781954886,0.0,0.0,0.15037593984962405,0.0,0.03383458646616541,0.20300751879699247,0.0,-9.361319484486822
s744,3.7002254508026304,2.3641553577668852,23.99576577163524,0.3619412495537979,43.23046690604124,2.656462056643738,2.07863436123348,0.0,0.0,0.5550660792951542,0.0,0.0,0.16740088105726872,0.16740088105726872,0.0,0.0,0.0,0.11013215859030837,0.0,0.0,-10.610611494092435
s745,3.503051034807526,1.9328296977965942,26.504485653008114,0.22681589549631057,40.31471765115444,8.802249087594898,2.3223529411764705,0.0,0.0,0.657439446366782,0.0,0.0,0.08650519031141868,0.0,0.05190311418685121,0.2041522491349481,0.0,0.0,0.0,0.0,-9.151700542035446
s746,2.4731364196529437,2.819027530422722,31.37159699856038,0.24813745022399625,47.62631046931707,5.278308291639588,2.3920477815699654,0.04436860068259386,0.0,0.33447098976109213,0.0,0.0,0.10921501706484642,0.0,0.0,0.0,0.0,0.18771331058020477,0.3242320819112628,0.0,-9.35155675657044
s747,3.5666297127543376,2.161526484717363,20.610332266412975,0.5674194143042699,43.510701451316294,2.2670536543811717,2.025,0.13157894736842105,0.0,0.3157894736842105,0.0,0.10526315789473684,0.39473684210526316,0.0,0.0,0.0,0.0,0.0,0.05263157894736842,0.0,-10.47226363248793
s748,2.9964595636950175,2.323910464623477,24.56911433521238,0.4109156670809887,46.094267602345305,2.1550357069324955,2.1096226415094343,0.08018867924528301,0.0,0.36792452830188677,0.0,0.08018867924528301,0.25943396226415094,0.10849056603773585,0.018867924528301886,0.0,0.0,0.0,0.0,0.08490566037735849,-10.256268629301374
s749,3.300471902109493,1.9620129064196923,23.612092967634574,0.3119086661934168,39.896295014279154,6.195117464628129,2.2329795918367346,0.1306122448979592,0.0,0.5183673469387755,0.0,0.0,0.1673469387755102,0.0,0.0,0.11020408163265306,0.07346938775510205,0.0,0.0,0.0,-9.812000693573154
s750,2.7920080551459288,3.067879302807707,32.37179736762566,0.39915430897323395,58.217022685326775,10.341246245806747,2.013946188340807,0.0,0.0,0.2914798206278027,0.0,0.0,0.3094170403587444,0.0,0.0,0.0,0.0,0.13452914798206278,0.0,0.2645739910313901,-9.725879909026641
s751,4.2278895014920055,1.9176671890609314,24.604554089667186,0.2205180539461226,37.031096559196044,3.943203822160176,2.477718120805369,0.0,0.0,0.5033557046979866,0.1610738255033557,0.0,0.087248322147651,0.0,0.0,0.2483221476510067,0.0,0.0,0.0,0.0,-9.886193785690644
s752,3.366198991445362,1.773779439433017,19.777192065267453,0.2149455799028211,31.43160881801432,1.5797839898689687,2.7235205992509366,0.2883895131086142,0.0,0.31835205992509363,0.0,0.31086142322097376,0.08239700374531835,0.0,0.0,0.0,0.0,0.0,0.0,0.0,-9.58942001690091
s753,3.5722724475588197,2.0007984470107916,19.429245850856976,0.529853779331099,41.507934317739846,3.0432239397452028,2.0067553191489367,0.18617021276595744,0.0,0.3670212765957447,0.10106382978723404,0.0,0.32978723404255317,0.015957446808510637,0.0,0.0,0.0,0.0,0.0,0.0,-10.668571871599028
s754,3.1135464130791615,1.9395930019350616,23.503576411880665,0.33399734063865505,39.49240390295594,1.661334612512551,2.331578947368421,0.0,0.0,0.44129554655870445,0.0,0.15384615384615385,0.19433198380566802,0.0,0.21052631578947367,0.0,0.0,0.0,0.0,0.0,-10.129979312928965
s755,3.874769095762814,2.614400475648689,24.27463766342341,0.4815784946184393,47.61563541671522,5.760803846765682,1.962941176470588,0.0,0.0,0.45098039215686275,0.0,0.0,0.3333333333333333,0.0,0.0,0.0,0.0,0.1568627450980392,0.058823529411764705,0.0,-10.379843429853704
s756,2.4595600983554142,2.3004615027649113,26.36906940565417,0.2954045421354644,45.997173700088524,8.272299857975465,2.191163793103448,0.2413793103448276,0.0,0.45689655172413796,0.0,0.0,0.15517241379310345,0.0,0.0,0.03017241379310345,0.0,0.0,0.0,0.11637931034482758,-9.670137241100479
s757,3.7765790422422407,2.0089936636229266,17.420233430580183,0.3931858474065351,32.059085052916444,2.3348532226812257,2.393150684931507,0.1643835616438356,0.0,0.2100456621004566,0.3333333333333333,0.0,0.1917808219178082,0.0,0.1004566210045662,0.0,0.0,0.0,0.0,0.0,-10.806259721725036
s758,2.7471847855626206,2.4770266138368404,33.53180323394731,0.2881316117097293,54.23044720551973,5.541838012831148,2.183473282442748,0.0,0.0,0.3702290076335878,0.0,0.0,0.17938931297709923,0.0,0.20229007633587787,0.0,0.03435114503816794,0.0,0.0,0.21374045801526717,-9.710964063060072
s759,3.320298272458687,2.049723469048755,24.639299942084765,0.4185392713005479,43.59260758984229,5.37859271673907,2.1538695652173914,0.021739130434782608,0.0,0.34347826086956523,0.0,0.0,0.3,0.0,0.0,0.09130434782608696,0.2217391304347826,0.021739130434782608,0.0,0.0,-9.898285421627905
s760,3.840286007247965,2.769770506620866,22.58046114731438,0.25973759868835716,34.52779508769236,1.9956694035847138,2.6453979238754326,0.0,0.0,0.35294117647058826,0.12802768166089964,0.17301038062283736,0.08304498269896193,0.0,0.0,0.0,0.0,0.2629757785467128,0.0,0.0,-10.195938041898227
s761,3.1788450736492604,1.9479961420357952,24.41181747020911,0.3044992757435083,40.63282776291387,1.9825299316299818,2.2658498023715414,0.0,0.0,0.5217391304347826,0.0,0.07905138339920949,0.15810276679841898,0.0,0.24110671936758893,0.0,0.0,0.0,0.0,0.0,-10.247284156795171
s762,2.7712892308836805,2.6310938501720527,30.679108816449652,0.3420664796772394,53.345017568901326,1.9799329400452197,2.1379828326180257,0.0,0.0,0.296137339055794,0.0,0.06437768240343347,0.2017167381974249,0.22317596566523606,0.0,0.0,0.0,0.0,0.0,0.2145922746781116,-9.983242705456512
s763,3.45510351143816,2.1319519646330605,24.651962869392886,0.29882500604252193,39.65104871161388,9.583323729683798,2.2328838951310863,0.0,0.0,0.6217228464419475,0.0,0.0,0.149812734082397,0.0,0.018726591760299626,0.1797752808988764,0.0,0.0299625468164794,0.0,0.0,-9.638514236644456
s764,2.7482903662458247,1.702760409523062,30.697542066828152,0.19625274854248453,45.03271501312998,3.1431948679359007,2.472700964630225,0.0,0.0,0.36977491961414793,0.0,0.0,0.07395498392282958,0.0,0.24437299035369775,0.0,0.31189710610932475,0.0,0.0,0.0,-9.388094952083499
s765,2.898383984602003,1.9285399901749294,28.320861270105276,0.20873035244202987,42.00243676290973,4.666785218034965,2.4056677524429966,0.0,0.0,0.5472312703583062,0.0,0.0,0.06840390879478828,0.048859934853420196,0.0,0.17263843648208468,0.1270358306188925,0.035830618892508145,0.0,0.0,-9.125420937228961
s766,2.2474281382950303,2.724314702495176,35.270103536471524,0.31765677723001073,56.90820386559512,21.289962187514043,2.1536121673003805,0.0,0.0,0.3231939163498099,0.0,0.0,0.23954372623574144,0.0,0.0,0.14068441064638784,0.0,0.0,0.0,0.2965779467680608,-9.18245304989685
s767,2.785723342920664,2.5924386866555444,33.78529220778598,0.2773997206380756,55.93591425130126,2.5745780541102703,2.13924,0.0,0.0,0.36,0.0,0.0,0.112,0.284,0.0,0.0,0.0,0.0,0.0,0.244,-9.8051524752136
s768,3.9010034269544835,2.3634750085699854,23.838764235305565,0.4449897598762434,45.70919013925561,3.1623082960715805,2.0008612440191387,0.0,0.0,0.47368421052631576,0.0,0.0,0.27751196172248804,0.0861244019138756,0.0,0.0,0.04784688995215311,0.11483253588516747,0.0,0.0,-10.511868886080054
s769,2.501289936918187,2.3460553811429263,32.81385123326576,0.19995144432035689,47.09919164085134,8.493263493815453,2.4546846846846844,0.05405405405405406,0.0,0.3993993993993994,0.0,0.0,0.07807807807807808,0.0,0.0,0.17117117117117117,0.0,0.0,0.25225225225225223,0.04504504504504504,-9.051162235217214
s770,3.433955822339317,2.8972530162280696,19.508514149209155,0.5901955839677804,40.71342083313211,2.6053430209123754,2.180833333333333,0.14583333333333334,0.0,0.0,0.3333333333333333,0.0,0.375,0.0,0.0,0.0,0.0,0.0,0.0,0.14583333333333334,-10.715084513135682
s771,2.8355334283190605,2.1219811684200027,21.307276294824533,0.3323270109842905,36.9743912174896,2.1083701792101484,2.4065677966101693,0.24152542372881355,0.0,0.3305084745762712,0.0,0.16101694915254236,0.18220338983050846,0.0,0.0,0.0,0.0,0.0,0.0847457627118644,0.0,-10.00449277317054
s772,2.609248775539315,2.253823404062073,29.116949451936783,0.23911288560508026,46.65728044707941,5.854237705095504,2.3494736842105266,0.20300751879699247,0.0,0.3533834586466165,0.0,0.0,0.12406015037593984,0.0,0.0,0.04887218045112782,0.0,0.0,0.2706766917293233,0.0,-9.579699304028255
s773,3.4874093047867256,2.071120371418874,22.199056626099516,0.5199454790828231,46.08717190853267,1.7404237361175248,1.912303664921466,0.0,0.0,0.44502617801047123,0.0,0.03664921465968586,0.3403141361256545,0.14659685863874344,0.010471204188481676,0.020942408376963352,0.0,0.0,0.0,0.0,-10.967341193940177
s774,2.9927748276247508,2.4462711809364674,24.559650191330007,0.3478975594784278,43.704574356225066,5.84415521558883,2.170619469026549,0.16371681415929204,0.0,0.42920353982300885,0.0,0.0,0.19911504424778761,0.0,0.0,0.0,0.0,0.0752212389380531,0.13274336283185842,0.0,-9.923772076841837
s775,2.989626305508742,1.9351666151646962,27.380978924677695,0.30136866925947786,45.695408536548236,2.2966285941230455,2.2510317460317464,0.0,0.0,0.3492063492063492,0.0,0.0,0.15476190476190477,0.19047619047619047,0.01984126984126984,0.0,0.25,0.03571428571428571,0.0,0.0,-9.78668848393074
s776,3.1453005718978346,2.592219391592745,28.749561068182135,0.3424710640542437,49.37424618231277,3.1998135515031456,2.159535864978903,0.0,0.0,0.32489451476793246,0.0,0.0,0.2109704641350211,0.1308016877637131,0.0,0.0,0.0,0.0759493670886076,0.25738396624472576,0.0,-9.899697338850576
s777,3.4124907766271644,1.9372673395548938,23.064000986782993,0.4896119504732183,46.358641983433856,3.66789352943325,2.0141293532338307,0.11442786069651742,0.0,0.3034825870646766,0.0,0.0,0.35323383084577115,0.03482587064676617,0.0,0.0,0.19402985074626866,0.0,0.0,0.0,-10.231566951781998
s778,3.8200356120021897,2.2984519444105467,22.963960175762928,0.4099096777241983,40.6285449263498,9.693720338844951,2.0887826086956522,0.0,0.0,0.5652173913043478,0.0,0.0,0.24782608695652175,0.0,0.0,0.13478260869565217,0.0,0.05217391304347826,0.0,0.0,-10.356654074980499
s779,3.337639803942027,2.394709662937327,25.755145906378925,0.46234005309879533,49.14743439015427,5.151288914422647,2.0102884615384613,0.019230769230769232,0.0,0.2932692307692308,0.0,0.0,0.3557692307692308,0.0,0.10096153846153846,0.0,0.04326923076923077,0.0,0.1875,0.0,-10.303822208506732
s780,2.499140284418618,2.685510176414919,33.47621641891166,0.3502265814871748,56.815268710969725,12.916196232779502,2.083609958506224,0.0,0.0,0.3278008298755187,0.0,0.0,0.27385892116182575,0.02074688796680498,0.0,0.11618257261410789,0.0,0.0,0.0,0.26141078838174275,-9.408437351213417
s781,2.9133719373878093,1.8102096320380676,24.547006185557045,0.2706991682948922,41.71274477685568,3.7430056477929425,2.2810288065843625,0.20164609053497942,0.0,0.4403292181069959,0.0,0.0,0.12757201646090535,0.03292181069958848,0.04938271604938271,0.0,0.14814814814814814,0.0,0.0,0.0,-9.7986921872136
s782,3.9897114777346374,2.1414679044876475,21.28255256718475,0.5946966893278719,45.467271393531036,4.2722072226238295,1.8627659574468087,0.0,0.0,0.4308510638297872,0.03723404255319149,0.0,0.42021276595744683,0.02127659574468085,0.0,0.09042553191489362,0.0,0.0,0.0,0.0,-10.975524561193321
s783,3.58840863112942,1.8658512059374774,20.178427486432476,0.17367169340429003,28.139447705689026,3.237602313192901,3.0492717086834733,0.0,0.0,0.0,0.43977591036414565,0.1484593837535014,0.06442577030812324,0.0,0.0,0.2184873949579832,0.12885154061624648,0.0,0.0,0.0,-10.618140768003409
s784,2.5624562645979703,2.645115939626654,33.57756129372841,0.22420539731201306,49.79306650387047,5.2692712197415865,2.4023355263157895,0.01644736842105263,0.0,0.34539473684210525,0.0,0.0,0.08881578947368421,0.0,0.08881578947368421,0.0,0.0,0.13157894736842105,0.2894736842105263,0.039473684210526314,-9.232184825284893
s785,4.436381974974863,2.0540272032212705,19.893011808466873,0.642552740655536,45.72809207920305,2.1492710608206598,1.874406779661017,0.11864406779661017,0.0,0.3672316384180791,0.0,0.06779661016949153,0.4463276836158192,0.0,0.0,0.0,0.0,0.0,0.0,0.0,-10.702586580569676
s786,2.8872455971790303,2.688899614600845,29.687049685832513,0.4406794814090568,57.44993874387962,8.556909290204652,1.925885167464115,0.03827751196172249,0.0,0.3014354066985646,0.0,0.0,0.3588516746411483,0.0,0.0861244019138756,0.0,0.0,0.0,0.0,0.215311004784689,-10.030790829257139
s787,3.5947567364407007,2.04984358585863,21.22718193444648,0.37219156139370385,34.220790270077316,1.8579910320856836,2.5224436090225564,0.0,0.0,0.3458646616541353,0.0,0.2744360902255639,0.23308270676691728,0.0,0.0,0.14661654135338345,0.0,0.0,0.0,0.0,-9.983573016822431
s788,3.0682788675771686,1.8971463229029262,26.086288579500277,0.34449618249003955,46.10599841958191,1.9468805659846102,2.1501315789473683,0.0,0.0,0.35964912280701755,0.0,0.0,0.18859649122807018,0.24561403508771928,0.0,0.0,0.20614035087719298,0.0,0.0,0.0,-10.213425213500946
s789,2.5844999736486076,2.0757922308344154,25.91403718130974,0.22422205575933948,43.362822216724965,5.215919025804542,2.3274900398406375,0.3147410358565737,0.0,0.4342629482071713,0.0,0.0,0.08764940239043825,0.0,0.0,0.0,0.0,0.0,0.16334661354581673,0.0,-9.610696964074101
s790,3.741548716509741,2.6242521262863563,26.97633711970503,0.2628221095283892,42.28313514830175,4.3461305135761625,2.333010752688172,0.0,0.0,0.5412186379928315,0.0,0.0,0.08960573476702509,0.0,0.0,0.0,0.0967741935483871,0.2724014336917563,0.0,0.0,-9.527245589934497
s791,4.033295182175451,2.1195479281355927,16.104390115173025,0.2751344461872197,23.8098399310453,2.7886343302737533,3.0057605177993527,0.0,0.0,0.0,0.4368932038834951,0.23948220064724918,0.1262135922330097,0.0,0.0,0.19741100323624594,0.0,0.0,0.0,0.0,-10.525211563792823
s792,2.846417386549078,2.1777938620477704,28.0515441541966,0.25475405434480725,45.47486350462933,6.030118629453958,2.3012260536398466,0.14942528735632185,0.0,0.421455938697318,0.0,0.0,0.13409961685823754,0.0,0.0421455938697318,0.05747126436781609,0.0,0.0,0.19540229885057472,0.0,-9.663745783240442
s793,4.071460368242063,2.764867400148818,24.452085280636055,0.2815702086892235,39.09405251454984,3.1852233284551383,2.387265917602996,0.0,0.0,0.46441947565543074,0.11610486891385768,0.0,0.09737827715355805,0.0,0.0,0.0,0.0449438202247191,0.27715355805243447,0.0,0.0,-9.801962536921252
s794,3.1155608158323074,2.318944363645343,29.95187635235527,0.29335834313368997,48.601157854765106,4.308177031546474,2.235813953488372,0.0,0.0,0.36046511627906974,0.0,0.0,0.18604651162790697,0.0,0.19767441860465115,0.0,0.0,0.0,0.2558139534883721,0.0,-9.920423584355083
s795,3.447713228444745,2.718054072569926,28.095265360283207,0.3313731801334246,48.105562271564025,4.031828448480719,2.1292857142857144,0.0,0.0,0.47478991596638653,0.0,0.0,0.1638655462184874,0.1134453781512605,0.0,0.0,0.0,0.13865546218487396,0.0,0.1092436974789916,-9.882691179464839
s796,3.1975446549948154,2.068128894176338,25.82622748127128,0.3843891457938676,45.91329330003787,2.7286391016406153,2.16175,0.0125,0.0,0.30833333333333335,0.0,0.0,0.25,0.11666666666666667,0.0,0.0,0.25416666666666665,0.058333333333333334,0.0,0.0,-9.980548161571006
s797,4.133462213668047,2.1507178355684284,21.99846164321987,0.4435948799418502,39.32008498433784,2.884240568827957,2.1337444933920704,0.0,0.0,0.4977973568281938,0.0,0.06167400881057269,0.28634361233480177,0.0,0.0,0.15418502202643172,0.0,0.0,0.0,0.0,-10.475603529800345
s798,3.469843331170632,2.850348241487373,28.053265605409468,0.4691447247001859,55.03783537823186,9.718783460161061,1.919368932038835,0.0,0.0,0.3592233009708738,0.0,0.0,0.3640776699029126,0.0,0.0,0.0,0.0,0.1262135922330097,0.0,0.15048543689320387,-10.12935182033037
s799,3.23856218806964,1.9764881513436552,24.249156022605995,0.5038363875882694,48.49831204521198,2.426294025603889,1.983217821782178,0.0,0.0,0.25742574257425743,0.0,0.0,0.3712871287128713,0.12871287128712872,0.0,0.0,0.24257425742574257,0.0,0.0,0.0,-10.370058004195977
s800,3.690898564107882,2.1068149638316687,22.63014963791364,0.49055347291558965,45.726900299289476,4.705218360188906,1.991530612244898,0.11734693877551021,0.0,0.3826530612244898,0.0,0.0,0.34183673469387754,0.0,0.0,0.0,0.11224489795918367,0.04591836734693878,0.0,0.0,-10.220252707488426
s801,3.7522181849921985,1.953513916034246,19.65016706308182,0.4359057309973867,39.300334126163634,3.3681916581831013,2.1056,0.25,0.0,0.415,0.085,0.0,0.25,0.0,0.0,0.0,0.0,0.0,0.0,0.0,-10.502343430261492
s802,2.732800881690946,2.4504817974846786,31.720637803611268,0.2344146173052075,46.2832942498146,5.48157348801485,2.403208722741433,0.0,0.0,0.46417445482866043,0.0,0.04672897196261682,0.1059190031152648,0.0,0.0,0.2087227414330218,0.0,0.0,0.0,0.17445482866043613,-8.956610767415318
s803,3.4310748988312136,2.7358535983128474,26.90721167277714,0.3275783336417484,45.08776010032929,4.6520357112893755,2.200322580645161,0.0,0.0,0.47580645161290325,0.0,0.0,0.1693548387096774,0.03225806451612903,0.0,0.0,0.0,0.20161290322580644,0.12096774193548387,0.0,-9.786247089348134
s804,2.925088229732989,2.036308136817104,29.79154094721608,0.24707278250929007,46.250955835180825,4.066959237642195,2.3588256227758007,0.03558718861209965,0.0,0.3487544483985765,0.0,0.0,0.13167259786476868,0.0,0.18861209964412812,0.0,0.15658362989323843,0.0,0.1387900355871886,0.0,-9.732964537597306
s805,3.317058950477388,2.4768079875292,25.325639913486526,0.391264823405151,44.31986984860143,4.197341721030329,2.1671428571428573,0.0,0.0,0.4025974025974026,0.0,0.0,0.24675324675324675,0.0,0.0,0.0,0.16883116883116883,0.18181818181818182,0.0,0.0,-9.884483512441584
s806,3.7208406434113086,2.0657892643792093,21.486482848878893,0.4629621580032817,40.194541191437274,1.564446480050941,2.1682949308755766,0.0,0.0,0.3870967741935484,0.0,0.14746543778801843,0.2903225806451613,0.06912442396313365,0.10599078341013825,0.0,0.0,0.0,0.0,0.0,-10.624272659325767
s807,3.6724521863453656,2.7025096972172387,23.853520914316622,0.32447475248942775,39.005757469951696,1.995473147028061,2.3635,0.0,0.0,0.49230769230769234,0.0,0.11923076923076924,0.15,0.0,0.0,0.0,0.0,0.23846153846153847,0.0,0.0,-9.825212005126605
s808,3.8174625322064206,2.252914062847983,20.539149146063636,0.3236547989934781,32.86263863370185,2.257221626001229,2.68405303030303,0.0,0.0,0.0,0.3181818181818182,0.09090909090909091,0.14772727272727273,0.12878787878787878,0.0,0.015151515151515152,0.2159090909090909,0.08333333333333333,0.0,0.0,-10.420227338864049
s809,3.080679415102425,2.369942818819194,27.491640168382606,0.360768767065723,49.35507053851371,2.298594047107505,2.085833333333334,0.0,0.0,0.34210526315789475,0.0,0.0,0.2149122807017544,0.22807017543859648,0.0,0.0,0.0,0.0,0.2149122807017544,0.0,-10.244553700399273
s810,3.1295864938977904,2.4128339676576327,28.19514813435859,0.27174412160254513,43.85911932011334,7.736964489445905,2.3040714285714285,0.0,0.0,0.5,0.0,0.0,0.1392857142857143,0.0,0.0,0.13214285714285715,0.0,0.08571428571428572,0.14285714285714285,0.0,-9.356852575384464
s811,3.48402655880049,2.766569169396056,24.738526749079238,0.49279797466961367,48.76344214962728,4.098835024719548,2.008878048780488,0.0,0.0,0.3121951219512195,0.0975609756097561,0.0,0.35121951219512193,0.0,0.024390243902439025,0.0,0.0,0.11707317073170732,0.0,0.0975609756097561,-10.447418189527031
s812,3.0280767040033765,2.4129795388896307,34.21901810057186,0.21821327157978837,51.41450458327137,5.478560426584579,2.300769230769231,0.0,0.0,0.46153846153846156,0.0,0.0,0.07023411371237458,0.0,0.26421404682274247,0.0,0.0,0.0,0.0,0.2040133779264214,-9.676318590285128
s813,2.9796270056861096,2.2388199720535864,29.524959766791408,0.2344396907113055,44.512248988512965,2.6143747137188145,2.4515488215488217,0.0,0.0,0.3501683501683502,0.0,0.08754208754208755,0.1111111111111111,0.0,0.2255892255892256,0.0,0.0,0.0,0.2255892255892256,0.0,-9.744875149951303
s814,3.6273635378127493,2.057049081674792,24.08785005092674,0.32597644743638754,40.81552369740364,3.8994505317095767,2.1522131147540984,0.0,0.0,0.5901639344262295,0.0,0.0,0.1598360655737705,0.09016393442622951,0.04918032786885246,0.11065573770491803,0.0,0.0,0.0,0.0,-10.189143748593702
s815,3.167262920522704,1.9231250960685593,25.571803748386458,0.22469470709675526,37.92111385126576,2.6263259121798495,2.475559210526316,0.0,0.0,0.5723684210526315,0.0,0.10197368421052631,0.09539473684210527,0.0,0.0,0.23026315789473684,0.0,0.0,0.0,0.0,-9.116955482841956
s816,2.4560582924809036,1.687278006689108,28.772401751748408,0.20363364050737418,43.83648643852771,3.54306575193947,2.460549828178694,0.12027491408934708,0.0,0.35051546391752575,0.0,0.0,0.08247422680412371,0.0,0.140893470790378,0.0,0.30584192439862545,0.0,0.0,0.0,-9.325351967159127
s817,4.044324556100825,2.3177449200830362,22.367876448472263,0.44882046500111283,39.06032155927245,2.510307002275145,2.2735042735042734,0.0,0.0,0.3333333333333333,0.0,0.15384615384615385,0.3076923076923077,0.0,0.0,0.11965811965811966,0.0,0.0,0.08547008547008547,0.0,-10.211801954187145
s818,3.2882835653909637,2.0037954117684595,23.508237890423423,0.4962822266120851,45.897035881302884,3.589313642219456,2.0176097560975608,0.0,0.0,0.3121951219512195,0.02926829268292683,0.0,0.36585365853658536,0.0,0.12195121951219512,0.0,0.17073170731707318,0.0,0.0,0.0,-10.42427028947139
s819,2.708654907591289,2.5957643703335225,26.78382107027586,0.3716546454697061,47.70868128142892,5.7738553408988675,2.153815789473684,0.11842105263157894,0.0,0.31140350877192985,0.0,0.0,0.2543859649122807,0.0,0.0,0.0,0.0,0.06578947368421052,0.25,0.0,-9.798361631457666
s820,3.260436427644421,2.0061722217166795,20.84164934337544,0.2871516247683805,34.28787472619832,2.1424221349973624,2.452156862745098,0.0,0.0,0.3137254901960784,0.29411764705882354,0.0,0.11764705882352941,0.0,0.27450980392156865,0.0,0.0,0.0,0.0,0.0,-10.509195989617751
s821,3.639321085957065,2.5848936397301645,21.500606774061463,0.3603967288325272,34.72147677798745,3.9638952699262844,2.586269230769231,0.0,0.0,0.0,0.4076923076923077,0.0,0.21923076923076923,0.0,0.0,0.16153846153846155,0.0,0.0,0.21153846153846154,0.0,-10.278066160655642
s822,3.612175923403667,2.8090367415202353,21.984797737212574,0.4792386283689601,39.027276603268845,4.991772848034552,2.3460262008733626,0.0,0.0,0.0,0.2925764192139738,0.0,0.3318777292576419,0.0,0.0,0.10480349344978165,0.0,0.0,0.27074235807860264,0.0,-10.434803392419843
s823,3.0443075380692552,1.690893875245644,21.42275831357273,0.2308302803979527,34.514443949644985,2.586907815378078,2.69551724137931,0.23754789272030652,0.0,0.0,0.31800766283524906,0.0,0.09961685823754789,0.0421455938697318,0.0,0.0,0.30268199233716475,0.0,0.0,0.0,-9.824983224598528
s824,2.858167261684663,2.2477362587170915,30.325160420252367,0.25494303938153834,46.62901010856011,5.510873779318838,2.3200000000000003,0.0,0.0,0.42657342657342656,0.0,0.0,0.13986013986013987,0.055944055944055944,0.0,0.15384615384615385,0.0,0.0,0.22377622377622378,0.0,-9.239213878043303
s825,3.0812485379066756,2.534191944869268,27.338472223767138,0.43003872648806835,53.61525620583455,4.092270264000575,1.9434653465346536,0.07425742574257425,0.0,0.3564356435643564,0.0,0.0,0.30198019801980197,0.11386138613861387,0.0,0.0,0.0,0.0,0.0,0.15346534653465346,-10.250854569174058
s826,2.5751493422797593,2.537023209007717,30.83872569520207,0.33237807623997523,50.804823741454726,19.318880187213715,2.1471984435797666,0.0,0.0,0.42412451361867703,0.0,0.0,0.23346303501945526,0.0,0.0,0.15953307392996108,0.0,0.0,0.0,0.1828793774319066,-9.35020356999273
s827,3.459737250693833,1.8912252487679249,16.389608057904,0.31885113324948916,29.934738684270947,2.2157636002444483,2.4779638009049774,0.3212669683257919,0.0,0.21266968325791855,0.334841628959276,0.0,0.13122171945701358,0.0,0.0,0.0,0.0,0.0,0.0,0.0,-10.649985648866654
s828,2.852673332534318,2.8529393393916447,36.77783305977634,0.26065688628046607,57.6743291164674,3.6278751275933057,2.215217391304348,0.0,0.0,0.322463768115942,0.0,0.0,0.10144927536231885,0.18478260869565216,0.0,0.0,0.0,0.07608695652173914,0.0,0.31521739130434784,-9.39911392895382
s829,3.6204186326883905,1.830966699328553,25.75893630665174,0.2238020835493611,38.83453849276935,1.8880141613340506,2.5446127946127945,0.0,0.0,0.4107744107744108,0.0,0.16498316498316498,0.09090909090909091,0.0,0.24579124579124578,0.0,0.08754208754208755,0.0,0.0,0.0,-9.742200294427725
s830,3.346956689005337,1.9898875518836296,25.106151140673553,0.31756984478835987,41.51540025222488,6.31263040596965,2.195612648221344,0.0,0.0,0.5691699604743083,0.0,0.0,0.18181818181818182,0.0,0.07509881422924901,0.1383399209486166,0.03557312252964427,0.0,0.0,0.0,-9.743810972538057
s831,3.9885708518956884,2.1530715678032233,17.845059582047146,0.3574879661142952,28.8866901984388,2.53801091448486,2.659420849420849,0.0,0.0,0.0,0.4594594594594595,0.0,0.16602316602316602,0.08494208494208494,0.0,0.13127413127413126,0.1583011583011583,0.0,0.0,0.0,-10.935389666869805
s832,3.0378476797273204,2.206083793964493,28.033305426390957,0.283652062229672,43.961319873204,9.429323018753294,2.279202898550724,0.0,0.0,0.4927536231884058,0.0,0.0,0.17028985507246377,0.0,0.0,0.19202898550724637,0.0,0.0,0.14492753623188406,0.0,-9.314367537990407
s833,3.3094189886150644,2.146360730642486,26.24913106856747,0.2985564618920814,46.03392388890568,1.8822376178190998,2.100297872340426,0.0,0.0,0.5234042553191489,0.0,0.0,0.09787234042553192,0.33191489361702126,0.0,0.0,0.0,0.0,0.0,0.04680851063829787,-10.554814815833705
s834,3.556702162807661,2.3332758257556043,21.676785671828583,0.4243248664926268,38.70854584255103,1.6981792711302308,2.231955555555556,0.0,0.0,0.4222222222222222,0.0,0.13777777777777778,0.24,0.09333333333333334,0.0,0.035555555555555556,0.0,0.07111111111111111,0.0,0.0,-10.47395378688882
s835,2.613481490062401,2.6842322035470514,30.89144486348387,0.34572848408038864,51.2797984733832,9.309462077549695,2.1793172690763054,0.0,0.0,0.30522088353413657,0.0,0.0,0.2570281124497992,0.0,0.0,0.08835341365461848,0.0,0.05220883534136546,0.21285140562248997,0.08433734939759036,-9.50593190559088
s836,2.9916910853451752,2.9963157540272536,23.595474019126907,0.5199651297620902,47.6724883243584,2.94181830435664,2.144747474747475,0.13131313131313133,0.0,0.0,0.2727272727272727,0.0,0.37373737373737376,0.0,0.0,0.0,0.0,0.0,0.0,0.2222222222222222,-10.317756462009118
s837,3.142317261538504,3.1747572969404563,23.85767491946075,0.3831847346254959,39.81652503450546,3.275682672142461,2.479635627530364,0.0,0.0,0.0,0.3117408906882591,0.0,0.23076923076923078,0.0,0.0,0.0,0.0,0.1700404858299595,0.2874493927125506,0.0,-10.184698551407186
s838,3.0340069819036377,2.8137552316559975,28.682510129880455,0.33162803814368363,47.61296681560154,5.485492361862401,2.2189156626506024,0.0,0.0,0.3855421686746988,0.0,0.0,0.20080321285140562,0.0,0.0,0.0,0.0,0.19678714859437751,0.21686746987951808,0.0,-9.590232321907019
