sample_id,E_T,rho,AAV,PF,VPA,RBI,WE,B,N,S,O,F,Na,Al,Si,P,Cl,Ge,Br,I,ln_D
s1,7.1905866361371,2.0094176390730554,23.491188618073636,0.35714956010464505,41.988187529942635,3.717973539259104,2.1104405286343613,0.0,0.048458149779735685,0.5110132158590308,0.0,0.0,0.19823788546255505,0.0,0.2422907488986784,0.0,0.0,0.0,0.0,0.0,-14.695191396785987
s2,7.801448301236565,2.1288118859529965,22.30884821351325,0.5201312672258233,44.180268030683116,12.327698450489503,1.9253465346534653,0.0,0.0,0.504950495049505,0.0,0.0,0.36633663366336633,0.0,0.0,0.12871287128712872,0.0,0.0,0.0,0.0,-14.824906409440976
s3,7.909389765119206,2.49990534969722,25.551425798391406,0.27513601499610746,38.71823194960332,4.267994708896452,2.662188552188552,0.0,0.0,0.0,0.367003367003367,0.0,0.16835016835016836,0.0,0.0,0.1717171717171717,0.0,0.0,0.29292929292929293,0.0,-14.349206197546161
s4,6.51438049288622,2.0348644263777587,23.91409270188028,0.3246586900762341,42.89353135416624,1.764432878817532,2.081504424778761,0.0,0.0,0.5530973451327433,0.004424778761061947,0.0,0.11504424778761062,0.30973451327433627,0.017699115044247787,0.0,0.0,0.0,0.0,0.0,-14.588913920328613
s5,7.633522070371748,1.9705584710112947,24.832499569026897,0.3750136699841821,44.49983922769616,3.735438555751883,2.098125,0.017857142857142856,0.0,0.46875,0.0,0.0,0.24107142857142858,0.0,0.18303571428571427,0.0,0.08035714285714286,0.0,0.008928571428571428,0.0,-14.531482963711055
s6,7.349146862996486,2.0003409087508985,24.066569914789543,0.39352342490328823,44.290578246545415,3.796863844671051,2.0303196347031967,0.0,0.0,0.54337899543379,0.0,0.0,0.2465753424657534,0.0,0.2100456621004566,0.0,0.0,0.0,0.0,0.0,-14.651697480634432
s7,7.634343129458566,1.9839643839470371,24.34631622324434,0.3032910390515606,40.968973506700834,5.543791578803485,2.1823360655737702,0.045081967213114756,0.0,0.5942622950819673,0.0,0.0,0.15163934426229508,0.0,0.14344262295081966,0.06557377049180328,0.0,0.0,0.0,0.0,-14.265361830187556
s8,7.493041833870397,2.2843124384766815,23.351007304132338,0.40188371926576333,41.921493427891114,2.1901625140482865,2.161184210526316,0.0,0.0,0.4780701754385965,0.0,0.07894736842105263,0.24561403508771928,0.0,0.10526315789473684,0.0,0.0,0.09210526315789473,0.0,0.0,-14.256990563905111
s9,8.578651914394655,2.7257278307960866,25.209241180318614,0.2969150796641382,41.41518193909483,4.647120503637297,2.230632411067193,0.0,0.0,0.6086956521739131,0.0,0.0,0.1067193675889328,0.02766798418972332,0.0,0.0,0.0,0.25691699604743085,0.0,0.0,-14.37292967204356
s10,7.189133078527061,2.5597821385877046,27.482270337881783,0.40343036876208066,50.34567171141371,6.597252450260268,2.0155045871559634,0.0,0.0,0.43119266055045874,0.0,0.0,0.2798165137614679,0.0,0.11467889908256881,0.0,0.0,0.05963302752293578,0.0,0.11467889908256881,-13.978379869808803
s11,6.927212409606008,2.136514525480516,21.91694753127767,0.4059734764653831,42.413352167009506,5.697701118014736,2.075454545454545,0.23923444976076555,0.0,0.4449760765550239,0.0,0.0,0.24401913875598086,0.0,0.0,0.0,0.0,0.0,0.07177033492822966,0.0,-14.207463675360263
s12,7.781799073840278,2.0966236863774568,23.124865077131044,0.40063495146308914,41.77394981675282,3.1635440856038537,2.0663392857142857,0.0,0.0,0.5446428571428571,0.0,0.008928571428571428,0.23214285714285715,0.10267857142857142,0.0,0.11160714285714286,0.0,0.0,0.0,0.0,-14.744612082763277
s13,7.714609048750617,2.283156195533974,18.41229353050768,0.5312356060722699,37.98746875767897,2.6962556756369143,2.1766326530612248,0.18877551020408162,0.0,0.17857142857142858,0.2602040816326531,0.0,0.3163265306122449,0.0,0.01020408163265306,0.0,0.0,0.0,0.0,0.04591836734693878,-14.907813290922618
s14,6.25641499796306,3.2313151666733817,34.50144951700675,0.26587447522567326,51.579667027925126,9.154625545003947,2.310401337792642,0.0,0.0,0.3779264214046823,0.0,0.0,0.10033444816053512,0.0,0.0,0.023411371237458192,0.0,0.20735785953177258,0.0,0.2909698996655518,-12.62179431497255
s15,7.621094284411799,1.9471208257231176,25.399061749779868,0.28694940369760596,42.38783815195052,3.7225632269393074,2.1765873015873014,0.0,0.0,0.5992063492063492,0.0,0.0,0.1349206349206349,0.0,0.26587301587301587,0.0,0.0,0.0,0.0,0.0,-14.612385587972822
s16,8.466791260314862,2.223086149609455,22.140543482377474,0.38299029227916903,37.88839483251921,2.6666365720828478,2.241522633744856,0.03292181069958848,0.0,0.5020576131687243,0.0,0.0823045267489712,0.2222222222222222,0.0,0.0,0.12345679012345678,0.0,0.037037037037037035,0.0,0.0,-14.773666350374278
s17,6.965545209929878,2.4581314964070113,26.36233221930859,0.46477691356464473,51.95682951960822,2.73909007802838,1.953793103448276,0.0,0.0,0.28078817733990147,0.0,0.0,0.3448275862068966,0.1477832512315271,0.0,0.0,0.0,0.0,0.22660098522167488,0.0,-14.223114459349283
s18,5.742710398507013,1.7006634752158178,25.3023973615195,0.24710966019850836,42.170662269199134,3.784766212238286,2.3701999999999996,0.276,0.0,0.352,0.0,0.0,0.124,0.0,0.0,0.0,0.248,0.0,0.0,0.0,-12.589845608342173
s19,6.929642414952987,2.6251330933756845,32.06251242680661,0.29695383239254614,54.55080239283069,3.752486896428846,2.137061224489796,0.09387755102040816,0.0,0.3469387755102041,0.0,0.0,0.1510204081632653,0.1673469387755102,0.0,0.0,0.0,0.0,0.0,0.24081632653061225,-13.487877008876485
s20,7.4779164198916375,2.0564804264329384,22.09280560684358,0.4573691659821177,43.966870564114416,4.885664455710958,2.035771144278607,0.19402985074626866,0.0,0.38308457711442784,0.0,0.0,0.3034825870646766,0.0,0.0,0.0,0.07960199004975124,0.0,0.03980099502487562,0.0,-14.363074992320104
s21,8.065752072747419,2.7861272402295834,21.67615493882239,0.3616103358452328,37.159122752267,2.7387530166690133,2.33175,0.0,0.0,0.38333333333333336,0.2,0.0,0.16666666666666666,0.0,0.025,0.0,0.0,0.225,0.0,0.0,-14.886735192184851
s22,7.545430289743591,2.0614146154364987,23.859650562774,0.337531671615568,41.665359937978465,2.631287918316342,2.1104273504273507,0.0,0.0,0.5726495726495726,0.0,0.0,0.15384615384615385,0.18803418803418803,0.0,0.08547008547008547,0.0,0.0,0.0,0.0,-14.700583556594573
s23,7.570978629679006,2.7018818806192777,20.557578935981176,0.3905551188168823,33.56870484483001,1.6311887961031122,2.5562790697674416,0.0,0.0,0.31007751937984496,0.0,0.3023255813953488,0.20930232558139536,0.0,0.0,0.0,0.0,0.17829457364341086,0.0,0.0,-14.221248994278127
s24,7.795687486574141,2.334040739665963,24.23050103521587,0.5110967937160327,49.73629159860104,7.435898966318622,1.9286153846153846,0.08205128205128205,0.0,0.3333333333333333,0.0,0.0,0.39487179487179486,0.0,0.0,0.035897435897435895,0.0,0.0,0.15384615384615385,0.0,-14.455269338758534
s25,7.118939478946283,2.3937476653210066,24.931863812357484,0.45567393793212607,47.823847858249316,7.378686316636301,2.0208056872037914,0.08530805687203792,0.0,0.33649289099526064,0.0,0.0,0.3412322274881517,0.0,0.0,0.052132701421800945,0.0,0.0,0.1848341232227488,0.0,-13.98744736555374
s26,7.87184986393648,2.6061675816790237,24.93853520708835,0.3745107139673548,43.596254139798894,4.579542312644264,2.14656779661017,0.0,0.0,0.5042372881355932,0.0,0.0,0.211864406779661,0.0,0.0,0.0,0.06779661016949153,0.21610169491525424,0.0,0.0,-14.226721854415624
s27,6.730625541378074,2.3063495272619474,33.034277355456204,0.20024271721640385,48.47085555894043,4.279356929502267,2.4125477707006366,0.0,0.0,0.39171974522292996,0.0,0.0,0.06687898089171974,0.0,0.21656050955414013,0.0,0.0,0.03503184713375796,0.2898089171974522,0.0,-13.128456062247029
s28,6.148514364065349,2.357653670677822,26.26453308736046,0.4059451357356698,49.331644755390094,2.345555330232261,2.01875,0.0,0.0,0.35185185185185186,0.0,0.0,0.25925925925925924,0.20833333333333334,0.0,0.0,0.0,0.0,0.18055555555555555,0.0,-13.80421394955886
s29,7.769754107745993,2.0245085525159117,23.415445854655054,0.4567270303558595,45.72638954635468,3.849031771464352,1.9483091787439613,0.0,0.0,0.5120772946859904,0.0,0.0,0.30917874396135264,0.0,0.178743961352657,0.0,0.0,0.0,0.0,0.0,-14.949588123724832
s30,7.1192439903302756,2.389631836155332,22.641981698155252,0.30597554387898174,35.207037475702926,1.9145951972054915,2.5434982332155474,0.0,0.0,0.4134275618374558,0.0,0.2226148409893993,0.1519434628975265,0.0,0.0,0.08480565371024736,0.007067137809187279,0.12014134275618374,0.0,0.0,-13.677373383509172
s31,8.853260947322894,2.6930474700384246,24.248468851252884,0.3881342003012747,43.300837234380126,5.439116685035184,2.0987999999999998,0.0,0.0,0.56,0.0,0.0,0.21333333333333335,0.0,0.0,0.0,0.0,0.22666666666666666,0.0,0.0,-14.877118886172072
s32,7.753079548340686,1.9052054970590735,20.81608000758587,0.2587712038039323,36.82844924419036,5.783489037690222,2.248695652173913,0.34782608695652173,0.0,0.5652173913043478,0.0,0.0,0.08695652173913043,0.0,0.0,0.0,0.0,0.0,0.0,0.0,-14.331869669902717
s33,7.49323280261016,2.2046767312139135,24.32061905604915,0.4811730857643522,49.90793702126754,2.230792681254545,1.8945685279187818,0.0,0.0,0.4010152284263959,0.0,0.0,0.3248730964467005,0.18781725888324874,0.0,0.0,0.0,0.0,0.08629441624365482,0.0,-14.952781334373345
s34,8.365063336741047,2.3957296160454864,23.361489603865095,0.38738817155396094,41.05958778861135,5.815029908702627,2.1057758620689655,0.0,0.0,0.5689655172413793,0.0,0.0,0.21551724137931033,0.03017241379310345,0.0,0.09051724137931035,0.0,0.09482758620689655,0.0,0.0,-14.7692533305889
s35,7.611996221847688,1.9845786635477354,25.6030761193689,0.2539743208713006,40.15027845991939,5.343254352920361,2.2730434782608695,0.0,0.0,0.6376811594202898,0.0,0.0,0.10144927536231885,0.06521739130434782,0.0,0.1956521739130435,0.0,0.0,0.0,0.0,-13.556231325553487
s36,6.66164388214787,1.921124240484219,19.806998479663037,0.33677713117129165,34.12008497226625,1.9042886280429996,2.469152542372881,0.24152542372881355,0.0,0.3220338983050847,0.0,0.19915254237288135,0.17796610169491525,0.0,0.0,0.0,0.059322033898305086,0.0,0.0,0.0,-13.693321238727007
s37,6.646048985579415,2.2794861239925077,27.863439532533302,0.3270001605334995,47.007707510668475,4.314783958359001,2.1701612903225804,0.0,0.0,0.40725806451612906,0.0,0.0,0.20967741935483872,0.0,0.1975806451612903,0.0,0.0,0.0,0.18548387096774194,0.0,-13.710151023292028
s38,6.763183164861317,2.1065640078252708,19.328104088218833,0.4293012005975132,35.17081235725065,2.1929379530025495,2.2905405405405403,0.0,0.0,0.26576576576576577,0.28378378378378377,0.0,0.23423423423423423,0.0,0.21621621621621623,0.0,0.0,0.0,0.0,0.0,-14.63129145817202
s39,6.812443708937937,3.3184733841585037,24.64078543965595,0.46997997727148216,45.380113184699724,2.777842573825286,2.2820361990950224,0.0,0.0,0.0,0.334841628959276,0.0,0.3167420814479638,0.0,0.0,0.0,0.0,0.14027149321266968,0.0,0.2081447963800905,-14.366669266645731
s40,6.698713350829386,2.4260292129524315,29.34676527077325,0.3297313518548231,50.16007397344936,4.385557694812018,2.106721991701245,0.0,0.0,0.44398340248962653,0.0,0.0,0.1950207468879668,0.11618257261410789,0.03319502074688797,0.07053941908713693,0.0,0.0,0.0,0.14107883817427386,-13.40858470992052
s41,7.753117596667242,2.7750380610970087,25.697966981533995,0.42834499129249387,47.07694791575137,5.76019581551432,2.063073394495413,0.0,0.0,0.4036697247706422,0.0,0.0,0.2889908256880734,0.0,0.0,0.0,0.0,0.1651376146788991,0.14220183486238533,0.0,-14.348796287974926
s42,9.249949326069649,2.7261837762997616,24.937411104631046,0.33717370517199213,42.44665719937203,5.396389337335215,2.1738750000000002,0.0,0.0,0.5875,0.0,0.0,0.15833333333333333,0.0,0.0,0.0,0.0,0.25416666666666665,0.0,0.0,-14.811799431990577
s43,6.408188336154115,2.566410562670203,29.205338822395543,0.3141591529955927,46.76331037633569,5.009856894155916,2.256022304832714,0.0,0.0,0.4349442379182156,0.0,0.04460966542750929,0.19330855018587362,0.0,0.0,0.137546468401487,0.0,0.04460966542750929,0.0,0.1449814126394052,-12.886099257831914
s44,6.379429753159395,1.9861343436387673,24.87417225084676,0.29107729209174965,41.857227787631814,3.1890050462505606,2.1658196721311476,0.0,0.0,0.5942622950819673,0.0,0.0,0.12295081967213115,0.06557377049180328,0.21721311475409835,0.0,0.0,0.0,0.0,0.0,-14.081327445249832
s45,8.16873537744894,2.0811586431404936,24.074723605891126,0.32834315544429377,39.50723873787263,12.103046139009356,2.196328125,0.0,0.0,0.609375,0.0,0.0,0.18359375,0.0,0.0,0.20703125,0.0,0.0,0.0,0.0,-14.175957480766638
s46,5.762343966074309,2.406743032277012,26.460546326568917,0.3384261388433282,46.404689453311185,2.8095596127118725,2.248085106382979,0.17446808510638298,0.0,0.33617021276595743,0.0,0.09361702127659574,0.2127659574468085,0.0,0.0425531914893617,0.0,0.0,0.0,0.0,0.14042553191489363,-12.900278116957384
s47,8.36771699660819,2.610859375562264,25.068339574863277,0.4730248105919983,48.94294869378068,6.224058017101845,1.9885365853658536,0.04390243902439024,0.0,0.35609756097560974,0.0,0.0,0.3463414634146341,0.0,0.0,0.0,0.0,0.0975609756097561,0.15609756097560976,0.0,-14.74432582637551
s48,7.3427802944538945,2.4433770433095563,23.638548935284895,0.5347046365926674,48.80216554381397,5.0529396569584035,1.9053645833333333,0.0,0.0,0.40625,0.0,0.0,0.390625,0.0,0.0,0.0,0.057291666666666664,0.125,0.020833333333333332,0.0,-14.511319344606942
s49,7.761686981590299,1.9459530387588184,25.12383694225848,0.42276883051535297,45.75397947208051,3.579179629795304,2.1014732142857144,0.0,0.0,0.33035714285714285,0.0,0.0,0.3080357142857143,0.0,0.14285714285714285,0.0,0.21875,0.0,0.0,0.0,-14.349318630421704
s50,5.7658892999170455,2.578183150573948,33.007221130781026,0.2699153335407043,50.198482136396116,18.76812731791296,2.2697945205479453,0.0,0.0,0.4383561643835616,0.0,0.0,0.1541095890410959,0.0,0.0,0.18835616438356165,0.0,0.0,0.0,0.2191780821917808,-12.137425277982828
s51,7.187712979897188,2.3719079563387973,25.787387908249332,0.4305862619520231,48.811841397757696,3.8630239205795847,1.9718867924528305,0.0,0.0,0.44339622641509435,0.0,0.0,0.28773584905660377,0.1179245283018868,0.0,0.0660377358490566,0.0,0.0,0.0,0.08490566037735849,-14.314191185572804
s52,6.603286769071715,1.7846279158792486,28.488525079661496,0.28475347020658887,45.65028717584308,3.294071706714515,2.3150375939849623,0.0,0.0,0.3383458646616541,0.0,0.0,0.18045112781954886,0.0,0.19548872180451127,0.0,0.2857142857142857,0.0,0.0,0.0,-13.387622590854814
s53,8.208139417897124,2.745457756809037,25.668470042001715,0.3675082261456515,44.68215155459561,5.482383715426191,2.139744680851064,0.0,0.0,0.502127659574468,0.0,0.0,0.20851063829787234,0.0,0.0,0.0,0.0,0.2170212765957447,0.07234042553191489,0.0,-14.336758925319566
s54,7.277771579613969,1.9523720829092743,14.733786670061107,0.3576635374566498,27.22004655994344,1.9697923936224944,2.532293577981651,0.3119266055045872,0.0,0.11926605504587157,0.42201834862385323,0.0,0.14678899082568808,0.0,0.0,0.0,0.0,0.0,0.0,0.0,-14.90045415348265
s55,7.500155537108027,2.26676012776712,23.302010698806022,0.466901950180617,47.07476908849696,5.888189762437833,1.9923000000000002,0.175,0.0,0.36,0.0,0.0,0.33,0.0,0.0,0.0,0.0,0.0,0.135,0.0,-14.344208354507998
s56,6.79957313540777,2.0157038020781215,20.058581132676398,0.4024487588005465,38.981770880484284,5.898178320306038,2.0807766990291263,0.27184466019417475,0.0,0.5145631067961165,0.0,0.0,0.21359223300970873,0.0,0.0,0.0,0.0,0.0,0.0,0.0,-14.44652906875201
s57,7.533342927184101,2.2677033334957524,23.469007345722947,0.5143433623931762,47.9058088087953,4.7648434173160386,1.9454040404040407,0.04040404040404041,0.0,0.3888888888888889,0.0,0.0,0.37373737373737376,0.0,0.0,0.0,0.10101010101010101,0.09595959595959595,0.0,0.0,-14.374743190819109
s58,6.124502077904181,1.732509024488019,24.052357268066995,0.24401372204484567,40.990637034311334,4.104307390645905,2.323884297520661,0.30578512396694213,0.0,0.4380165289256198,0.0,0.0,0.10743801652892562,0.0,0.0,0.0,0.1487603305785124,0.0,0.0,0.0,-12.943955034890427
s59,6.337033222495729,2.2674652187979807,23.93897012536691,0.3836151473477543,45.289943480423844,7.0670994103422995,2.067857142857143,0.20476190476190476,0.0,0.4523809523809524,0.0,0.0,0.23333333333333334,0.0,0.03333333333333333,0.0,0.0,0.0,0.0,0.0761904761904762,-13.687287259333992
s60,6.9515156101541775,2.7656017771862587,28.103099993400978,0.39932748201879364,51.95531091216989,9.099147483435763,2.0335454545454543,0.07727272727272727,0.0,0.38636363636363635,0.0,0.0,0.2772727272727273,0.0,0.0,0.0,0.0,0.10454545454545454,0.0,0.15454545454545454,-13.589072045413566
s61,6.698438838755101,2.3052096295813667,30.17643414328998,0.21110627955335567,43.60295329955557,15.58870057920768,2.384420731707317,0.0,0.0,0.5792682926829268,0.0,0.0,0.06707317073170732,0.0,0.0,0.24085365853658536,0.0,0.0,0.0,0.11280487804878049,-12.515310431208313
s62,5.665057747716694,1.7044080918898683,24.817939691616903,0.23565024431190248,41.53206234107323,3.9089817107494533,2.360894308943089,0.2967479674796748,0.0,0.3983739837398374,0.0,0.0,0.10569105691056911,0.0,0.0,0.0,0.1991869918699187,0.0,0.0,0.0,-12.515506683152273
s63,6.224884257878246,2.1782809487945975,32.234943406043065,0.25179397507384804,50.34446217348294,4.305596490908502,2.2831294964028777,0.0,0.0,0.39928057553956836,0.0,0.0,0.13309352517985612,0.0,0.22661870503597123,0.0,0.11510791366906475,0.0,0.0,0.12589928057553956,-13.172757648509512
s64,6.546579819570549,2.90487922537039,32.74774500294934,0.22269688613863353,47.61942736667404,5.063477563538128,2.45410094637224,0.0,0.0,0.35331230283911674,0.0,0.0,0.0694006309148265,0.0,0.0,0.0,0.0,0.24290220820189273,0.334384858044164,0.0,-12.710630836176053
s65,8.089860798356693,2.6068625068656712,24.8575205010196,0.30709587198801885,40.590128413057315,4.821558938218123,2.246589147286822,0.0,0.0,0.5930232558139535,0.0,0.011627906976744186,0.13178294573643412,0.0,0.0,0.050387596899224806,0.007751937984496124,0.2054263565891473,0.0,0.0,-14.164776041754184
s66,6.851404144405834,2.8597772619951645,30.432170483390472,0.25118145247004003,46.28893299842029,5.2320402453546215,2.369515570934256,0.0,0.0,0.42214532871972316,0.0,0.0,0.09688581314878893,0.0,0.0,0.0,0.0,0.24567474048442905,0.23529411764705882,0.0,-13.082580507360127
s67,6.34487315278728,2.7553823701053606,31.070836953217,0.4369996119130983,59.34249940614417,8.198529728217345,1.9187735849056604,0.0,0.0,0.2783018867924528,0.0,0.0,0.36792452830188677,0.0,0.10849056603773585,0.0,0.0,0.0,0.0,0.24528301886792453,-13.433506721335487
s68,6.679636276886174,1.7007024504837447,19.723897815185836,0.2432680020623653,32.53162366920263,2.624881307530337,2.6959055118110236,0.28346456692913385,0.0,0.0,0.3543307086614173,0.0,0.11023622047244094,0.0,0.0,0.0,0.25196850393700787,0.0,0.0,0.0,-13.527805430564108
s69,7.876232974733705,2.857701175368586,23.561046940585644,0.2840710954980071,37.92753897752813,2.9383265112266983,2.3929545454545456,0.0,0.0,0.4734848484848485,0.14772727272727273,0.0,0.09090909090909091,0.0,0.0,0.0,0.0,0.2878787878787879,0.0,0.0,-14.219144140701761
s70,6.241825264823305,1.7717416421633532,27.36214654226756,0.2907222823069064,44.726585694091185,3.5950319063663168,2.326156862745098,0.08235294117647059,0.0,0.3058823529411765,0.0,0.0,0.1843137254901961,0.0,0.12156862745098039,0.0,0.3058823529411765,0.0,0.0,0.0,-13.066946568314426
s71,7.84276979935228,2.017159219208609,22.849039807314227,0.40675542115927876,42.71777007454397,5.651650616163759,2.0413023255813956,0.07441860465116279,0.0,0.5348837209302325,0.0,0.0,0.25116279069767444,0.0,0.10232558139534884,0.037209302325581395,0.0,0.0,0.0,0.0,-14.69958879574686
s72,7.267264865374984,2.382295020291223,23.737953383932023,0.4079603891186803,42.57759892673525,5.126988165429308,2.182654867256637,0.07964601769911504,0.0,0.3141592920353982,0.084070796460177,0.0,0.2743362831858407,0.0,0.0,0.08849557522123894,0.0,0.0,0.1592920353982301,0.0,-13.97090813949345
s73,6.41263607107266,2.008175091515832,22.9287622834885,0.3831058250585562,43.7730916321144,2.2840392656512267,2.019285714285714,0.07142857142857142,0.0,0.5238095238095238,0.0,0.0,0.19047619047619047,0.21428571428571427,0.0,0.0,0.0,0.0,0.0,0.0,-14.466783426764264
s74,6.832702694222424,1.9411179665361944,25.942523546304656,0.23805160818109222,41.20283151471912,3.846094782744698,2.2562962962962962,0.0,0.0,0.6296296296296297,0.0,0.0,0.07407407407407407,0.06296296296296296,0.17037037037037037,0.06296296296296296,0.0,0.0,0.0,0.0,-13.695234210711831
s75,7.956207279171495,2.1478845041249084,21.0321061180393,0.5167836942328851,39.97994946762429,2.000224702677173,2.104739336492891,0.0,0.0,0.41232227488151657,0.0,0.11374407582938388,0.3459715639810427,0.023696682464454975,0.0,0.10426540284360189,0.0,0.0,0.0,0.0,-14.895269547139513
s76,5.971986436857214,1.8235241267615083,27.601599430683894,0.26098173886275405,45.88080435166658,1.8116527554395985,2.2402390438247015,0.0,0.0,0.41832669322709165,0.0,0.0,0.08764940239043825,0.3107569721115538,0.0,0.0,0.18326693227091634,0.0,0.0,0.0,-13.164119695802787
s77,7.447677623786754,1.996351817539801,19.69087431432571,0.2846530361262584,31.771165304709577,1.7848152057570883,2.6528136882129276,0.0,0.0,0.0,0.42585551330798477,0.0,0.09505703422053231,0.19011406844106463,0.09505703422053231,0.0,0.19391634980988592,0.0,0.0,0.0,-14.751385910906885
s78,6.821215751339451,1.9358870382078968,25.241510569833842,0.37360301966770165,46.24075045566196,1.9318465150959618,2.0838073394495416,0.0,0.0,0.3944954128440367,0.0,0.0,0.21100917431192662,0.24311926605504589,0.0,0.0,0.15137614678899083,0.0,0.0,0.0,-14.131630786422615
s79,6.640260690888195,1.8092132396154343,27.989240443872625,0.2553234273814302,44.453499528503585,3.3135951047712924,2.299074074074074,0.0,0.0,0.46296296296296297,0.0,0.0,0.12962962962962962,0.0,0.24074074074074073,0.0,0.16666666666666666,0.0,0.0,0.0,-13.424925855231548
s80,9.633522562816404,2.864431552858697,27.708418211523725,0.2829254016740275,44.4002364112368,6.312925390472832,2.2568421052631575,0.0,0.0,0.5639097744360902,0.0,0.0,0.10526315789473684,0.0,0.0,0.0,0.0,0.2706766917293233,0.0,0.06015037593984962,-14.661950300389028
s81,7.876158930078242,1.9872182630822945,24.047849816533777,0.320460726421427,41.152306376181045,2.9900007224062817,2.180164609053498,0.0,0.0,0.5349794238683128,0.04938271604938271,0.0,0.1646090534979424,0.0,0.25102880658436216,0.0,0.0,0.0,0.0,0.0,-14.922077243742372
s82,7.24283335996993,2.0778766735357457,21.995286190962844,0.48550448311784417,43.34365219983854,2.9131044469372056,1.9875621890547264,0.0,0.0,0.44776119402985076,0.05970149253731343,0.0,0.31840796019900497,0.0,0.17412935323383086,0.0,0.0,0.0,0.0,0.0,-14.932159777637674
s83,7.466392614394272,1.9750186543451942,25.378834048316616,0.3579999403892644,42.5266948917738,6.26626494847622,2.2020967741935484,0.0,0.0,0.45161290322580644,0.0,0.0,0.24193548387096775,0.0,0.0,0.16129032258064516,0.14516129032258066,0.0,0.0,0.0,-13.705843390079421
s84,7.324806503268224,2.494518118757403,26.188596707257503,0.22940454634596016,39.69209188443711,2.2413011774659473,2.657731958762887,0.0,0.0,0.0,0.35051546391752575,0.0,0.08247422680412371,0.10309278350515463,0.15463917525773196,0.0,0.0,0.0,0.30927835051546393,0.0,-14.161135288684848
s85,8.06975576833878,2.0046479521351053,24.30176479197519,0.2818483036819995,38.430697810565405,5.136971809327665,2.319191176470588,0.0,0.0,0.5588235294117647,0.07352941176470588,0.0,0.14338235294117646,0.0,0.0,0.22426470588235295,0.0,0.0,0.0,0.0,-13.929142002209655
s86,6.325507573825497,1.7666948286763051,29.155971874016192,0.22417624668627686,44.34137389173293,3.2215908791748986,2.391815068493151,0.0,0.0,0.4143835616438356,0.0,0.0,0.09931506849315068,0.0,0.24315068493150685,0.0,0.24315068493150685,0.0,0.0,0.0,-13.042550644309747
s87,7.909151322271386,2.1687062073052257,27.526439760099983,0.26175212462117087,45.2220081773071,4.581080397084797,2.2137944664031624,0.06324110671936758,0.0,0.5335968379446641,0.0,0.0,0.1067193675889328,0.039525691699604744,0.18181818181818182,0.0,0.0,0.0,0.0,0.07509881422924901,-14.29154097939297
s88,6.534507077105577,1.8578813951538915,27.170503246256644,0.3039494147089678,45.16421400536701,2.3743111948424667,2.2511553784860556,0.0,0.0,0.3545816733067729,0.0,0.0,0.16334661354581673,0.19123505976095617,0.0,0.043824701195219126,0.24701195219123506,0.0,0.0,0.0,-13.39821218697675
s89,8.187426344359103,2.4728655829115262,23.55569164307739,0.4503406828839205,44.96995677314777,5.298243940851449,1.9947619047619047,0.0,0.0,0.5238095238095238,0.0,0.0,0.2857142857142857,0.0,0.047619047619047616,0.0,0.0,0.14285714285714285,0.0,0.0,-14.87586583272424
s90,6.378592476872269,2.6813183063401977,29.899879183674003,0.23855346837670968,45.46631112981355,5.127036053893362,2.3624067796610166,0.0,0.0,0.46779661016949153,0.0,0.0,0.08135593220338982,0.0,0.061016949152542375,0.0,0.0,0.2,0.18983050847457628,0.0,-12.844848328541334
s91,6.720003856388139,1.7981094217751186,26.933224342213588,0.2872326449626181,44.36060479894,3.6373347760955137,2.288531746031746,0.07142857142857142,0.0,0.38095238095238093,0.0,0.0,0.17063492063492064,0.0,0.15079365079365079,0.0,0.2261904761904762,0.0,0.0,0.0,-13.480029818821032
s92,8.643864467706148,2.1229512939253166,23.03557542335692,0.41691776415189724,41.03211872285452,12.192329115760836,2.071842105263158,0.0,0.0,0.5614035087719298,0.0,0.0,0.2675438596491228,0.0,0.0,0.17105263157894737,0.0,0.0,0.0,0.0,-14.946000808343964
s93,6.6481176575666,2.0412393498908252,22.329987767821446,0.5006732695534083,46.07029055255792,1.4050921946395925,1.9436224489795917,0.0,0.0,0.42857142857142855,0.0,0.05612244897959184,0.3163265306122449,0.1989795918367347,0.0,0.0,0.0,0.0,0.0,0.0,-14.672594661848942
s94,6.935998042748493,1.9435993696189477,25.86582336530405,0.36388079880401475,43.34273104456356,5.838764785125746,2.219193548387097,0.0,0.0,0.3870967741935484,0.0,0.0,0.25806451612903225,0.0,0.0,0.14516129032258066,0.20967741935483872,0.0,0.0,0.0,-13.366466702807527
s95,6.614226812951216,2.0445743293548246,21.398128031869028,0.3461724661087981,36.467232279664096,1.1790027863720283,2.4019834710743804,0.0,0.0,0.35537190082644626,0.0,0.23140495867768596,0.1487603305785124,0.2644628099173554,0.0,0.0,0.0,0.0,0.0,0.0,-14.2915872659931
s96,6.730248098944498,2.3145005420283162,21.733261494196118,0.3132950890163651,34.98525021016938,2.312106176208445,2.625757575757576,0.0,0.0,0.0,0.3560606060606061,0.0,0.14015151515151514,0.11742424242424243,0.0,0.0,0.26515151515151514,0.12121212121212122,0.0,0.0,-14.12886778391386
s97,7.373127857461314,1.9831243937727103,24.925819301648463,0.44544990959350805,44.70821557279806,5.403547793911553,2.1359734513274335,0.0,0.0,0.27876106194690264,0.0,0.0,0.3407079646017699,0.0,0.01327433628318584,0.08849557522123894,0.27876106194690264,0.0,0.0,0.0,-13.840185532213942
s98,7.122440182172941,2.075554512380703,22.77389206251432,0.4470673263030784,42.40655763364735,1.913355691559822,2.124675925925926,0.0,0.0,0.41203703703703703,0.0,0.10185185185185185,0.30092592592592593,0.0,0.16203703703703703,0.0,0.0,0.0,0.023148148148148147,0.0,-14.32024360363505
s99,6.550934933008384,2.465263255812683,26.726301221919258,0.4301126093806625,49.56929371928613,3.8951755335848324,2.0337327188940097,0.0,0.0,0.3087557603686636,0.0,0.0,0.31797235023041476,0.09216589861751152,0.0,0.05069124423963134,0.0,0.0,0.2304147465437788,0.0,-13.685655847649421
s100,9.277255796315211,2.1162412782350435,24.00186911107746,0.2481572079700877,36.89649028245415,4.074575044773599,2.4252249134948096,0.0,0.0,0.5155709342560554,0.13494809688581316,0.0,0.10034602076124567,0.0,0.0,0.2041522491349481,0.0,0.04498269896193772,0.0,0.0,-14.809330472232583
s101,6.587840226849048,2.3718881504026283,30.07390435576748,0.25807231455387397,45.6562382188594,16.544921426396808,2.2938566552901025,0.0,0.0,0.5290102389078498,0.0,0.0,0.1296928327645051,0.0,0.0,0.21160409556313994,0.0,0.0,0.0,0.1296928327645051,-12.59867993081356
s102,9.152718270182582,2.8119534010919587,26.920805518080368,0.28088760744635055,42.97598471259818,5.325100347644062,2.281622641509434,0.0,0.0,0.5509433962264151,0.0,0.0,0.10566037735849057,0.0,0.0,0.0,0.0,0.2679245283018868,0.07547169811320754,0.0,-14.545383756915585
s103,7.24354958099894,2.1852706518380196,18.96727059165617,0.37037222647982737,32.51532101426771,2.1706202138725,2.393416666666667,0.0,0.0,0.2833333333333333,0.3,0.0,0.1625,0.13333333333333333,0.0,0.12083333333333333,0.0,0.0,0.0,0.0,-14.652292983581637
s104,6.552665752336344,2.3955199948149453,28.642600060819326,0.33046877909351846,48.672390313140546,4.5957366585423225,2.1188477366255145,0.0,0.0,0.46502057613168724,0.0,0.0,0.1934156378600823,0.11522633744855967,0.0,0.102880658436214,0.0,0.0,0.0,0.12345679012345678,-13.275677670196515
s105,8.234594865305676,2.8035096778716393,23.91232874817072,0.30550604559779587,39.33963761795832,3.1610863535163762,2.3238431372549018,0.0,0.0,0.4980392156862745,0.10980392156862745,0.0,0.11764705882352941,0.0,0.0,0.0,0.0,0.27450980392156865,0.0,0.0,-14.453200100962922
s106,6.472435325808795,1.920419027844645,25.80158106737272,0.2878126932869585,44.549492490427724,1.7484594969026364,2.1573750000000005,0.0,0.0,0.49166666666666664,0.0,0.0,0.09583333333333334,0.325,0.0,0.0,0.0875,0.0,0.0,0.0,-13.856473919430254
s107,5.250427025852626,2.366383381325407,33.498585400677605,0.2079650134382628,47.34097606211466,8.272368036092757,2.474035087719298,0.0,0.0,0.3567251461988304,0.0,0.0,0.09941520467836257,0.0,0.0,0.19298245614035087,0.0,0.0,0.3508771929824561,0.0,-12.121204167210362
s108,6.713816846144905,1.983283155553668,24.62085299603894,0.3381871330549948,42.994623888605254,3.7553593741500637,2.107008547008547,0.0,0.0,0.5726495726495726,0.0,0.0,0.18803418803418803,0.0,0.23931623931623933,0.0,0.0,0.0,0.0,0.0,-14.25648540487167
s109,6.907125038995977,1.9372958376255558,23.91587550540136,0.2739853338838703,40.46041951941193,4.78811992297175,2.207854251012146,0.11336032388663968,0.0,0.5910931174089069,0.0,0.0,0.11336032388663968,0.0,0.18218623481781376,0.0,0.0,0.0,0.0,0.0,-14.109553589024562
s110,7.532084138779509,2.0089254606083435,20.223067787929534,0.3945776132850964,38.948130554530984,3.392575273889291,2.110721153846154,0.22596153846153846,0.0,0.47596153846153844,0.04326923076923077,0.0,0.20192307692307693,0.052884615384615384,0.0,0.0,0.0,0.0,0.0,0.0,-14.914384807081898
s111,6.743515130003162,2.4009562769928428,25.3735160510537,0.4273822984628756,48.20968049700203,2.040292477252505,2.0742105263157895,0.04784688995215311,0.0,0.3397129186602871,0.0,0.08133971291866028,0.2822966507177033,0.1339712918660287,0.009569377990430622,0.0,0.0,0.0,0.0,0.10526315789473684,-13.937751815934512
s112,6.7978321160644315,2.1118212152671227,30.181066558602875,0.23138753640570914,46.838376517176016,4.060210704311772,2.3046830985915494,0.0,0.0,0.47183098591549294,0.0,0.0,0.10211267605633803,0.0,0.2535211267605634,0.0,0.0,0.0,0.17253521126760563,0.0,-13.618730338875064
s113,6.125217604829666,2.2886814225261802,31.83695250099146,0.2349398484207372,48.247752759234494,4.478512938010759,2.3790816326530613,0.023809523809523808,0.0,0.3707482993197279,0.0,0.0,0.10204081632653061,0.0,0.1292517006802721,0.0,0.1870748299319728,0.08503401360544217,0.0,0.10204081632653061,-12.735412915148489
s114,7.110368496064047,2.5566714119566094,36.13105391672031,0.2464699239590768,55.87479922640359,4.4755282627148505,2.237879858657244,0.0,0.0,0.37809187279151946,0.0,0.0,0.10600706713780919,0.13780918727915195,0.04240282685512368,0.06713780918727916,0.0,0.0,0.0,0.26855123674911663,-13.212595248529556
s115,7.721394778722777,1.9504345931745664,26.345154012974962,0.23765923467933822,39.995492879801326,9.970419646874555,2.329761092150171,0.0,0.0,0.6382252559726962,0.0,0.0,0.10238907849829351,0.0,0.0,0.23890784982935154,0.020477815699658702,0.0,0.0,0.0,-13.361655003134484
s116,8.06971491846373,2.084071755744114,22.157614508335598,0.439703185761263,41.59411846301597,9.443780891087282,2.0332710280373836,0.07476635514018691,0.0,0.5327102803738317,0.0,0.0,0.2803738317757009,0.0,0.0,0.11214953271028037,0.0,0.0,0.0,0.0,-14.727191175555017
s117,9.138638847890634,2.5659941152353434,23.97589759556867,0.35572142035593735,40.860332522025466,6.957347291129116,2.1599999999999997,0.0,0.0,0.5867768595041323,0.0,0.0,0.18181818181818182,0.0,0.0,0.06611570247933884,0.0,0.1652892561983471,0.0,0.0,-14.93538393947397
s118,7.870394781824755,2.4199642488952993,25.782029596650695,0.4866181842073246,50.813126292428,5.156708479629797,1.947192118226601,0.0,0.0,0.3103448275862069,0.0,0.0,0.3842364532019704,0.0,0.10837438423645321,0.0,0.0,0.0,0.19704433497536947,0.0,-14.660258928895193
s119,7.7716119296239565,2.058998745392429,22.583304507145378,0.4070287021521091,42.368677482432055,6.256832815874886,2.0552830188679243,0.11320754716981132,0.0,0.5141509433962265,0.0,0.0,0.25,0.0,0.06132075471698113,0.04245283018867924,0.0,0.0,0.018867924528301886,0.0,-14.624798352931334
s120,6.991295709983373,2.152952574575602,26.09982330813143,0.23537331975267603,41.480076328994585,9.740868168954883,2.308352059925094,0.15730337078651685,0.0,0.5655430711610487,0.0,0.0,0.08614232209737828,0.0,0.0,0.12734082397003746,0.0,0.0,0.0,0.06367041198501873,-13.02879342694494
s121,6.448900498637139,2.294323907004921,26.461426244877284,0.40067606342959794,48.151119888219355,4.53114389114607,2.0556756756756758,0.0,0.0,0.38738738738738737,0.0,0.0,0.2882882882882883,0.0,0.16216216216216217,0.0,0.0,0.0,0.16216216216216217,0.0,-13.773120184251924
s122,8.136758359683444,2.2239365837986345,23.711160917341953,0.41776961195262724,43.1465387184419,2.982734933869377,2.1288738738738737,0.018018018018018018,0.0,0.42342342342342343,0.0,0.04054054054054054,0.2702702702702703,0.0,0.08558558558558559,0.0,0.08558558558558559,0.07657657657657657,0.0,0.0,-14.58251483105969
s123,8.044163037644523,2.102379330895568,23.52188329742691,0.3644205382514205,40.32322850987476,6.0690274589038795,2.1308333333333334,0.0,0.0,0.5833333333333334,0.0,0.0,0.20833333333333334,0.041666666666666664,0.0,0.16666666666666666,0.0,0.0,0.0,0.0,-14.521102804471981
s124,6.90839340142443,1.9892148845641895,24.71904367268754,0.3363125290579901,43.54354616188808,2.3215069463292264,2.111572052401747,0.0,0.0,0.519650655021834,0.0,0.0,0.1615720524017467,0.21397379912663755,0.0,0.056768558951965066,0.048034934497816595,0.0,0.0,0.0,-14.242092610901787
s125,6.798586307035871,2.49464408743259,26.90842084829616,0.4867097188439856,55.53440047414316,2.523752208220367,1.870721649484536,0.0,0.0,0.32989690721649484,0.0,0.020618556701030927,0.36597938144329895,0.14948453608247422,0.0,0.0,0.0,0.0,0.0,0.13402061855670103,-14.199139971259342
s126,7.9046136491724255,1.9329223621989589,25.553730172794616,0.3494372247665544,44.155342577990695,3.911479632571636,2.1492340425531915,0.0,0.0,0.4723404255319149,0.0,0.0,0.22127659574468084,0.02127659574468085,0.1276595744680851,0.05106382978723404,0.10638297872340426,0.0,0.0,0.0,-14.279008154930674
s127,6.989431802434295,2.0326693251863746,21.685786558418844,0.3677416755613064,38.23982209919659,2.4063562475709617,2.2413852813852815,0.0,0.0,0.3939393939393939,0.17316017316017315,0.0,0.19913419913419914,0.0,0.23376623376623376,0.0,0.0,0.0,0.0,0.0,-14.578445658379792
s128,5.673098856155892,2.4573801809585674,31.658059894459516,0.24617925611315836,47.32879954221695,7.502997679117856,2.383311036789298,0.013377926421404682,0.0,0.36454849498327757,0.0,0.0,0.13712374581939799,0.0,0.0,0.13377926421404682,0.0,0.046822742474916385,0.30434782608695654,0.0,-12.27757272251924
s129,8.202529880757444,2.0117613755584682,22.957031903062546,0.27917783698030774,36.22699254067098,3.7196097239123,2.4049084249084247,0.0,0.0,0.4652014652014652,0.1684981684981685,0.0,0.13553113553113552,0.0,0.02197802197802198,0.2087912087912088,0.0,0.0,0.0,0.0,-14.228868876407178
s130,7.742462231090613,1.9767347361296308,20.849651957198365,0.41512385329854967,40.507895231128266,3.913955535452399,2.0859313725490196,0.19117647058823528,0.0,0.46568627450980393,0.049019607843137254,0.0,0.24019607843137256,0.0,0.05392156862745098,0.0,0.0,0.0,0.0,0.0,-14.836853477354234
s131,6.758060022913812,1.9853669540745946,23.8262508244943,0.290186229375108,38.533813061836405,1.7063661454906975,2.4035114503816795,0.0,0.0,0.44274809160305345,0.0,0.15648854961832062,0.13740458015267176,0.05343511450381679,0.17557251908396945,0.0,0.019083969465648856,0.015267175572519083,0.0,0.0,-13.827406734991971
s132,7.2407885539207575,2.7982041406692013,27.16763083821718,0.36053603619573943,46.573081436943745,5.548996649435535,2.16575,0.0,0.0,0.42083333333333334,0.0,0.0,0.22083333333333333,0.0,0.0,0.0,0.0,0.19583333333333333,0.1625,0.0,-13.730964327803525
s133,7.732713927709626,2.384829942577691,24.669412571808525,0.5386579314066219,52.07987098492913,5.564204111630871,1.8309473684210527,0.0,0.0,0.4,0.0,0.0,0.4105263157894737,0.05263157894736842,0.0,0.05263157894736842,0.0,0.010526315789473684,0.0,0.07368421052631578,-14.807082765249962
s134,6.8943158599474526,1.8553848791621814,20.30178426840423,0.24241100845082172,34.259260952932145,1.9632442175619589,2.4541975308641977,0.32098765432098764,0.0,0.4567901234567901,0.0,0.13580246913580246,0.08641975308641975,0.0,0.0,0.0,0.0,0.0,0.0,0.0,-13.625157168284188
s135,7.403392232409992,2.208913598163871,23.81254560214315,0.48460259425310354,45.84471396300456,2.766066178114317,2.050922330097088,0.0,0.0,0.3106796116504854,0.0,0.024271844660194174,0.33980582524271846,0.07281553398058252,0.0,0.0,0.18446601941747573,0.06796116504854369,0.0,0.0,-14.379519062300238
s136,7.4810451858758205,2.3583012863904713,25.12240188673652,0.3680695358277222,44.108033846942035,4.4166289566503405,2.1320869565217393,0.0,0.0,0.5,0.0,0.0,0.21739130434782608,0.0,0.07391304347826087,0.0,0.06956521739130435,0.1391304347826087,0.0,0.0,-14.082448616250934
s137,5.729929539429917,2.5116663638990895,29.96752482309666,0.2874453740567424,48.58089427843625,11.940097462312872,2.2229501915708814,0.08812260536398467,0.0,0.4521072796934866,0.0,0.0,0.16091954022988506,0.0,0.0,0.10727969348659004,0.0,0.02681992337164751,0.0,0.16475095785440613,-12.411134148095657
s138,7.898795859717912,2.61919803643005,22.87086178714388,0.3039761757878205,35.79225262733818,1.7582532962367157,2.5433212996389893,0.0,0.0,0.4151624548736462,0.0,0.22382671480144403,0.1371841155234657,0.0,0.0,0.021660649819494584,0.0,0.20216606498194944,0.0,0.0,-14.11632155619445
s139,7.1279909633808405,2.09927563434901,20.048428283143604,0.45569485055554754,36.37819648151057,1.2326716109055451,2.3394222222222223,0.0,0.0,0.28888888888888886,0.0,0.26222222222222225,0.25333333333333335,0.19555555555555557,0.0,0.0,0.0,0.0,0.0,0.0,-14.593300087010924
s140,7.357514929176067,2.0825712046621376,23.966504452136952,0.39094941963544727,44.62728415225504,2.5752043788121117,2.019953703703704,0.0,0.0,0.5138888888888888,0.0,0.0,0.2175925925925926,0.14814814814814814,0.09722222222222222,0.0,0.0,0.0,0.023148148148148147,0.0,-14.978919989284284
s141,7.045816821790092,2.035580474088538,25.014912749283592,0.4488817939617953,46.76701079213893,4.258618949126499,2.081627906976744,0.03255813953488372,0.0,0.2744186046511628,0.0,0.0,0.3395348837209302,0.0,0.09302325581395349,0.0,0.2186046511627907,0.0,0.04186046511627907,0.0,-13.94044684088756
s142,6.748504292664543,1.8872639113401353,26.454472005179213,0.2778382921049836,43.3652420844393,3.4455712994128236,2.2247876447876447,0.0,0.0,0.5328185328185329,0.0,0.0,0.138996138996139,0.0,0.25096525096525096,0.0,0.07722007722007722,0.0,0.0,0.0,-13.906892812602464
s143,7.568844809162906,2.947571822954262,20.401794536908945,0.5164355663192972,37.262781757494864,3.151308238494147,2.348325791855203,0.0,0.0,0.0,0.40271493212669685,0.0,0.3257918552036199,0.004524886877828055,0.0,0.12217194570135746,0.0,0.0,0.0,0.14479638009049775,-14.947925653534291
s144,8.722642962546887,2.640018747356001,23.008323070426886,0.42403455318243,41.71427678622109,2.333978056017724,2.1405381165919284,0.0,0.0,0.48878923766816146,0.0,0.06278026905829596,0.24663677130044842,0.013452914798206279,0.0,0.0,0.0,0.18834080717488788,0.0,0.0,-14.983053729142098
s145,7.309740236243639,1.931528184456367,24.856161956064014,0.25883206814048726,40.587910029522256,1.7785615073441519,2.2995348837209306,0.0,0.0,0.5348837209302325,0.0,0.07751937984496124,0.08527131782945736,0.14728682170542637,0.15503875968992248,0.0,0.0,0.0,0.0,0.0,-14.354356859842941
s146,6.656278208297028,1.9408536537765628,22.447564557540446,0.33808020938557437,36.74537637762996,1.6020059084442984,2.478871595330739,0.0,0.0,0.35797665369649806,0.0,0.2529182879377432,0.20233463035019456,0.0,0.16731517509727625,0.019455252918287938,0.0,0.0,0.0,0.0,-13.507716396244316
s147,6.630881819028101,1.6475546633438647,25.900128931741666,0.1747557808577064,37.50244913193366,2.542870093148648,2.81584375,0.0,0.0,0.0,0.36875,0.0,0.059375,0.0,0.25,0.0,0.321875,0.0,0.0,0.0,-14.49460775327996
s148,8.3861845991494,2.387041848424274,24.347180487873683,0.47788532503629655,46.460674692456195,4.36510580481888,2.037644230769231,0.0,0.0,0.3557692307692308,0.0,0.0,0.34134615384615385,0.0,0.0,0.0,0.16826923076923078,0.1346153846153846,0.0,0.0,-14.718310194358057
s149,6.444901771340923,2.472967996453383,28.56312061476941,0.3757670599756844,51.23226395982455,4.246876404292315,2.034690265486726,0.0,0.0,0.415929203539823,0.0,0.0,0.24778761061946902,0.12389380530973451,0.0,0.07079646017699115,0.0,0.0,0.0,0.1415929203539823,-13.448745495228456
s150,5.929492224601515,1.7653729128646287,26.988486471948654,0.25126255072108017,44.582246640370855,2.44520247665141,2.3067049808429116,0.10727969348659004,0.0,0.3793103448275862,0.0,0.0,0.09961685823754789,0.18773946360153257,0.0,0.0,0.2260536398467433,0.0,0.0,0.0,-12.79304785757977
s151,6.940414449799037,2.147338554974622,20.91638888895043,0.3471101707791613,36.18382603416971,2.2468061999302127,2.317974683544304,0.0,0.0,0.35443037974683544,0.22362869198312235,0.0,0.16033755274261605,0.05063291139240506,0.18565400843881857,0.0,0.0,0.02531645569620253,0.0,0.0,-14.690692985144915
s152,6.920999607261285,2.137130144662918,26.753501416657258,0.27546316237923363,42.33348165341646,2.247681900285185,2.3896654275092937,0.0,0.0,0.3940520446096654,0.0,0.11152416356877323,0.14869888475836432,0.0,0.21933085501858737,0.0,0.0,0.0,0.12639405204460966,0.0,-13.683137701518406
s153,6.372017013205046,1.8271309747610411,25.551037085977804,0.3390892607546219,44.860599463930484,2.8138292601296966,2.2230000000000003,0.11304347826086956,0.0,0.30434782608695654,0.0,0.0,0.20869565217391303,0.10869565217391304,0.0,0.0,0.26521739130434785,0.0,0.0,0.0,-13.305840082794447
s154,7.369033865428129,1.787004126115495,22.036835570903463,0.2259335495024083,33.70339557902886,2.273253471224888,2.7575874125874127,0.0,0.0,0.0,0.44755244755244755,0.0,0.0944055944055944,0.0,0.2517482517482518,0.0,0.2062937062937063,0.0,0.0,0.0,-14.801893588240969
s155,7.005653338045511,1.9345877913562166,20.09158183647293,0.30629663431251275,35.822200173556396,2.432835185820331,2.2967391304347826,0.30434782608695654,0.0,0.48695652173913045,0.0,0.07391304347826087,0.13478260869565217,0.0,0.0,0.0,0.0,0.0,0.0,0.0,-14.091247915428184
s156,6.552373721340865,2.0710051498536832,19.729055631074516,0.33861661344290345,33.525598030427325,2.11671467365541,2.4174485596707815,0.0,0.0,0.2757201646090535,0.31275720164609055,0.0,0.15637860082304528,0.0,0.2551440329218107,0.0,0.0,0.0,0.0,0.0,-14.420710047560508
s157,6.042793889490908,2.284796990536027,30.743250393399393,0.24365785123150618,45.816397430939894,8.799713038926713,2.3721498371335503,0.0,0.0,0.42671009771986973,0.0,0.0,0.13680781758957655,0.0,0.0,0.19218241042345277,0.0,0.0,0.24429967426710097,0.0,-12.608099184290216
s158,7.87733758476188,2.595113909157956,25.50510531913069,0.5442248250344002,55.92685744676852,11.120252608894159,1.8163186813186813,0.10989010989010989,0.0,0.3076923076923077,0.0,0.0,0.4340659340659341,0.0,0.0,0.0,0.0,0.0,0.0,0.14835164835164835,-14.623809084823248
s159,8.470634370388495,2.084169369583295,20.49971745628333,0.3251406192717472,33.17227006562212,3.275965954684472,2.4634456928838953,0.0,0.0,0.3333333333333333,0.2846441947565543,0.0,0.16853932584269662,0.0,0.0,0.21348314606741572,0.0,0.0,0.0,0.0,-14.941192281235242
s160,7.596000342098184,2.0556388404500416,21.568147096495686,0.31245747463460155,34.71945630167598,3.4844317607903985,2.4225,0.0,0.0,0.3939393939393939,0.22727272727272727,0.0,0.16287878787878787,0.0,0.0,0.2159090909090909,0.0,0.0,0.0,0.0,-14.207355666357248
s161,8.21306886132908,2.182169097073005,19.238881633439586,0.5364826752307741,34.66052484754592,5.694894232320182,2.367621145374449,0.0,0.0,0.0,0.2775330396475771,0.0,0.34801762114537443,0.0,0.0,0.09691629955947137,0.2775330396475771,0.0,0.0,0.0,-14.960794775526415
s162,7.527158850146676,2.3611319302048086,26.41175772524527,0.3885566612125242,46.12202468438359,16.64133585306503,2.080940170940171,0.0,0.0,0.48717948717948717,0.0,0.0,0.2692307692307692,0.0,0.0,0.1581196581196581,0.0,0.0,0.0,0.08547008547008547,-13.911807552932364
s163,7.703333139420747,2.0048247804500314,23.559550872740072,0.47317167484851425,44.57212327275146,5.463465179939298,2.058714285714286,0.047619047619047616,0.0,0.34285714285714286,0.0,0.0,0.3476190476190476,0.0,0.0,0.0761904761904762,0.18571428571428572,0.0,0.0,0.0,-14.287794354305653
s164,7.188393300762235,1.957068462199691,24.832404773045745,0.435871203625183,47.00419474897947,2.1597117095381804,2.054905660377359,0.0,0.0,0.3018867924528302,0.0,0.0,0.29245283018867924,0.1792452830188679,0.0,0.0,0.22641509433962265,0.0,0.0,0.0,-14.24218739063992
s165,6.859933586787644,1.8776555638741241,26.719994072065916,0.22825149293520994,42.43763764386942,3.689616292844822,2.2562962962962962,0.0,0.0,0.6296296296296297,0.0,0.0,0.07407407407407407,0.0,0.2962962962962963,0.0,0.0,0.0,0.0,0.0,-13.954858732482444
s166,7.760654861780857,1.9939626970914506,23.820211894809628,0.25820498580054124,38.25670395227005,9.402572393084458,2.2832830188679245,0.10943396226415095,0.0,0.6226415094339622,0.0,0.0,0.10566037735849057,0.0,0.0,0.16226415094339622,0.0,0.0,0.0,0.0,-13.760167000741086
s167,7.638070685064786,2.208572924728656,24.41274557443858,0.37630464655565965,41.72674952794109,10.4818666629406,2.1370124481327797,0.0,0.0,0.5269709543568465,0.0,0.0,0.24066390041493776,0.0,0.0,0.17427385892116182,0.0,0.0,0.058091286307053944,0.0,-14.069173300074045
s168,8.1224582460516,2.068256944793446,21.610089202449853,0.28153775839761597,34.1740945527114,3.0330269045375187,2.451029411764706,0.0,0.0,0.40808823529411764,0.22426470588235295,0.0,0.1213235294117647,0.04411764705882353,0.0,0.20220588235294118,0.0,0.0,0.0,0.0,-14.40015264581368
s169,7.717275084186167,2.107294541570638,19.275583849757943,0.47947645882251144,33.87829888745334,4.647347756244871,2.4403879310344827,0.03879310344827586,0.0,0.0,0.3017241379310345,0.0,0.3017241379310345,0.0,0.0,0.09051724137931035,0.2672413793103448,0.0,0.0,0.0,-14.489713136464472
s170,8.110773733155243,2.284246885110904,25.422122819887957,0.2543673183235993,39.28873526709956,8.998366071520497,2.30719723183391,0.0,0.0,0.6470588235294118,0.0,0.0,0.09342560553633218,0.0,0.0,0.16262975778546712,0.0,0.09688581314878893,0.0,0.0,-13.786980052768227
s171,6.079270586999654,3.0190298793786,31.690080611693084,0.3350037997296292,52.958591089339464,8.598908477559544,2.146265060240964,0.0,0.0,0.39357429718875503,0.0,0.0,0.20481927710843373,0.0,0.0,0.0,0.0,0.19678714859437751,0.0,0.20481927710843373,-12.82187662277631
s172,7.248541491515182,2.325945505265706,25.210790757075245,0.3723346704920029,41.90667867566811,3.2612375561454283,2.293784860557769,0.0,0.0,0.3545816733067729,0.0,0.099601593625498,0.2589641434262948,0.0,0.0,0.1394422310756972,0.0,0.0,0.14741035856573706,0.0,-13.664982061690036
s173,6.930818671281991,2.2852872340702137,27.89382598345148,0.31595941837946445,49.35061520149104,2.1383945998971607,2.0742608695652174,0.0,0.0,0.46956521739130436,0.0,0.0,0.13478260869565217,0.3,0.0,0.0,0.0,0.0,0.0,0.09565217391304348,-14.169201322553004
s174,7.284750641045562,2.0203136867375955,18.76443006857673,0.4988946011547188,36.13890235429596,1.6963534634310542,2.275,0.17307692307692307,0.0,0.3076923076923077,0.0,0.21153846153846154,0.3076923076923077,0.0,0.0,0.0,0.0,0.0,0.0,0.0,-14.360895180945805
s175,6.663519745514736,2.17033740082119,25.378295025366924,0.2985986348244859,42.64244130112677,7.192232860736769,2.237246963562753,0.145748987854251,0.0,0.47368421052631576,0.0,0.0,0.1659919028340081,0.0,0.0,0.0931174089068826,0.0,0.0,0.1214574898785425,0.0,-13.284576510122278
s176,8.512129981744364,2.6649570151078747,23.80519140895551,0.38830010755814304,41.97709324785286,2.6074447458633045,2.1722077922077925,0.0,0.0,0.5151515151515151,0.0,0.05194805194805195,0.21645021645021645,0.0,0.0,0.0,0.0,0.21645021645021645,0.0,0.0,-14.663533387059152
s177,7.721505815810622,2.2278973366953703,23.3990347119492,0.2850107554228351,36.04716158327309,2.0498859950209494,2.507859649122807,0.0,0.0,0.4666666666666667,0.0,0.1824561403508772,0.14035087719298245,0.0,0.0,0.13333333333333333,0.0,0.07719298245614035,0.0,0.0,-13.804944336931404
s178,6.217395845334911,1.7785363060139474,29.059914038112833,0.20812019574812912,41.63996340526124,5.0549883998314264,2.5428398791540787,0.0,0.0,0.36555891238670696,0.04833836858006042,0.0,0.09969788519637462,0.0,0.0,0.20241691842900303,0.283987915407855,0.0,0.0,0.0,-12.858940646380331
s179,6.848837355080171,1.9525194434129693,21.868448213101455,0.26500726753406634,37.377985952889695,7.058114777693863,2.2547302904564317,0.25311203319502074,0.0,0.5850622406639004,0.0,0.0,0.0995850622406639,0.0,0.0,0.06224066390041494,0.0,0.0,0.0,0.0,-13.715382748871486
s180,6.418265162131758,1.7681908365382317,29.01402825573085,0.24302429616999133,45.40613461490082,2.587513496636818,2.357184115523466,0.0,0.0,0.3574007220216607,0.0,0.0,0.10830324909747292,0.12274368231046931,0.1299638989169675,0.0,0.2815884476534296,0.0,0.0,0.0,-13.09300572816658
s181,6.620669306778614,1.8267357503538708,23.811216647003707,0.26787504478101676,40.18142809181871,4.565594148191805,2.3074897119341564,0.24279835390946503,0.0,0.448559670781893,0.0,0.0,0.12757201646090535,0.0,0.0,0.037037037037037035,0.1440329218106996,0.0,0.0,0.0,-13.327596748054537
s182,5.934472285960198,1.7461596446113115,24.907945676952515,0.2971130743772605,42.90711810044377,3.8158996629258515,2.305847457627119,0.24152542372881355,0.0,0.3220338983050847,0.0,0.0,0.17796610169491525,0.0,0.0,0.0,0.2584745762711864,0.0,0.0,0.0,-12.87159809181426
s183,8.161047445680934,2.1246073658156304,23.435964517142576,0.3780234950246679,41.0569904698813,4.4046261978913614,2.1006866952789696,0.0,0.0,0.5622317596566524,0.0,0.0,0.2145922746781116,0.07725321888412018,0.0,0.13733905579399142,0.0,0.0,0.008583690987124463,0.0,-14.76732359161688
s184,5.926861909072736,3.101459582196497,32.94737476145197,0.3496638129183832,55.598694909950176,9.324577511649538,2.1151851851851853,0.0,0.0,0.3333333333333333,0.0,0.0,0.2345679012345679,0.0,0.0,0.0,0.0,0.1728395061728395,0.0,0.25925925925925924,-12.767623840287921
s185,8.059705699711495,1.9197484395056843,26.930530529152676,0.20957516749537303,40.0036036015569,12.009294522324891,2.3619607843137254,0.0,0.0,0.673202614379085,0.0,0.0,0.0718954248366013,0.0,0.0,0.2549019607843137,0.0,0.0,0.0,0.0,-13.345097504180268
s186,6.068468111134001,1.968082430631857,24.697745706552315,0.2743109053186696,40.89561789071977,3.6665633668714905,2.2165882352941177,0.0,0.03529411764705882,0.5686274509803921,0.0,0.0,0.11372549019607843,0.0,0.2823529411764706,0.0,0.0,0.0,0.0,0.0,-13.897416356486294
s187,5.936007547918428,1.8341220709922645,25.325041766390484,0.1786841353174059,35.43503867708391,1.9470213797987175,2.742401129943503,0.0,0.0,0.4632768361581921,0.0,0.2514124293785311,0.062146892655367235,0.0,0.0,0.2231638418079096,0.0,0.0,0.0,0.0,-12.24387315119496
s188,8.024007697105988,2.0359438050808083,21.356908295314838,0.32452522798671624,36.18809461150572,3.971646019537077,2.303360655737705,0.10655737704918032,0.0,0.4672131147540984,0.12295081967213115,0.0,0.16393442622950818,0.0,0.0,0.13934426229508196,0.0,0.0,0.0,0.0,-14.390317706252603
s189,7.409075999391759,2.020929034286979,16.95152973419803,0.2250878684625059,24.055697797077727,2.820136746706425,3.126637426900585,0.0,0.0,0.0,0.36257309941520466,0.34210526315789475,0.1023391812865497,0.0,0.0,0.19298245614035087,0.0,0.0,0.0,0.0,-14.209678581752172
s190,7.01680815533494,2.223789974491885,25.732577306175923,0.24523469341335058,41.48403371783517,4.163865932221986,2.3418045112781956,0.13157894736842105,0.0,0.4924812030075188,0.0,0.0,0.08270676691729323,0.02631578947368421,0.0,0.0,0.12781954887218044,0.13909774436090225,0.0,0.0,-13.355197323219073
s191,6.142600229462223,1.9950996481092587,25.216806933152817,0.36791006129375303,45.51326129398313,4.319745012796822,2.1982882882882886,0.19369369369369369,0.0,0.27927927927927926,0.0,0.0,0.25225225225225223,0.0,0.0,0.0,0.23423423423423423,0.0,0.0,0.04054054054054054,-13.12943052714917
s192,8.868996540080058,2.4580683895300153,22.80647300543622,0.35088296845680766,39.99642653938444,6.765790642803591,2.1594893617021276,0.09787234042553192,0.0,0.5702127659574469,0.0,0.0,0.1702127659574468,0.0,0.0,0.029787234042553193,0.0,0.13191489361702127,0.0,0.0,-14.831233544663672
s193,7.036183723542369,1.9683273237529002,25.45546530361209,0.2429515797367488,38.57282242435095,3.6829456102611084,2.3823232323232326,0.0,0.0,0.6094276094276094,0.0,0.050505050505050504,0.10774410774410774,0.0,0.0,0.23232323232323232,0.0,0.0,0.0,0.0,-13.0243596093534
s194,7.069134196012672,3.07925269382711,20.086614702663628,0.45857197676571204,35.07662567480067,3.2894207767688806,2.462051282051282,0.0,0.0,0.0,0.36324786324786323,0.0,0.2606837606837607,0.0,0.0,0.008547008547008548,0.06837606837606838,0.1581196581196581,0.14102564102564102,0.0,-14.622555005099418
s195,6.599616405967378,2.3606969989411826,28.034057448323946,0.3248192141711656,48.202444101794455,3.259635203144236,2.1078661087866113,0.0,0.0,0.47280334728033474,0.0,0.0,0.16736401673640167,0.18410041841004185,0.0,0.06694560669456066,0.0,0.0,0.0,0.1087866108786611,-13.546943418984505
s196,8.112710918624135,1.8674588453974854,17.955636392213506,0.3084212876205759,32.795005311398235,2.493143276411672,2.3962443438914027,0.3212669683257919,0.0,0.3076923076923077,0.2398190045248869,0.0,0.13122171945701358,0.0,0.0,0.0,0.0,0.0,0.0,0.0,-14.86753558001227
s197,7.075054899303263,2.250351458363318,31.51591737596625,0.24214918986943096,49.499576443608085,5.088840822197486,2.242410071942446,0.0,0.0,0.5035971223021583,0.0,0.0,0.10431654676258993,0.0,0.2589928057553957,0.0,0.0,0.0,0.0,0.13309352517985612,-13.714385380089645
s198,8.639284952951368,1.9918108253448368,20.427142934270716,0.344201464907174,32.35281597682179,4.290763711814689,2.6552919708029195,0.0,0.0,0.0,0.39416058394160586,0.0,0.20437956204379562,0.0,0.0,0.16423357664233576,0.23722627737226276,0.0,0.0,0.0,-14.960524584731436
s199,7.533410495508531,2.0347700582104946,17.30170919541915,0.5836867885751138,37.41997570172045,2.59332698171965,2.1019354838709674,0.1935483870967742,0.0,0.23655913978494625,0.22580645161290322,0.0,0.34408602150537637,0.0,0.0,0.0,0.0,0.0,0.0,0.0,-14.887745578236753
s200,8.3188176285362,2.353784682108354,24.062589848174497,0.5110855428239355,48.125179696349015,4.5147819682502215,1.9633168316831684,0.0,0.0,0.3712871287128713,0.0,0.0,0.37623762376237624,0.0,0.0,0.0,0.12871287128712872,0.12376237623762376,0.0,0.0,-14.830799329907792
s201,6.053447504961093,2.172050209201122,24.939702538961377,0.34087699251310527,44.89146457013053,1.8962661618859598,2.076177777777778,0.0,0.0,0.48444444444444446,0.0,0.0,0.14666666666666667,0.29777777777777775,0.0,0.0,0.0,0.0,0.07111111111111111,0.0,-14.203853373664831
s202,7.539727431077754,1.8507114903764619,20.508716292989156,0.24540033559578578,34.047149924308805,1.8306167412519787,2.50511811023622,0.2795275590551181,0.0,0.4251968503937008,0.0,0.17716535433070865,0.09448818897637795,0.0,0.023622047244094488,0.0,0.0,0.0,0.0,0.0,-13.881290399319873
s203,5.7135654179853805,3.350860279274458,30.62074144154551,0.32619602349720184,49.21861507782158,2.8076859721076137,2.455381679389313,0.0,0.0,0.0,0.31679389312977096,0.0,0.19083969465648856,0.0,0.0,0.0,0.0,0.18702290076335878,0.0,0.3053435114503817,-12.815921954523729
s204,7.881837397415391,2.1208522664064375,24.799234999110283,0.3960995122718684,43.21631393227312,5.824158833758359,2.1467088607594937,0.0,0.0,0.4345991561181435,0.0,0.0,0.270042194092827,0.0,0.0,0.11392405063291139,0.13924050632911392,0.04219409282700422,0.0,0.0,-14.149776429506344
s205,7.009104660648128,2.5452858211347995,32.08339536941635,0.3065426449170897,55.16497477187419,2.5760366584918017,2.0884518828451886,0.0,0.0,0.3723849372384937,0.0,0.0,0.1506276150627615,0.26778242677824265,0.0,0.0,0.0,0.0,0.0,0.20920502092050208,-13.76243011238371
s206,6.147217409173023,1.9753053385615755,28.133373018420503,0.2723307024430212,45.71673115493325,2.308048548110584,2.297,0.0,0.0,0.36538461538461536,0.0,0.0,0.11923076923076924,0.2,0.0,0.0,0.25,0.06538461538461539,0.0,0.0,-12.999981584707108
s207,7.175955999948192,2.154127556652713,28.208991470890105,0.22444147687192512,41.836523582431205,14.132199342239534,2.350944625407166,0.0,0.0,0.6156351791530945,0.0,0.0,0.08469055374592833,0.0,0.0,0.24104234527687296,0.0,0.0,0.0,0.05863192182410423,-12.875468817863656
s208,7.083395943222082,1.8670986086541632,27.792949981503885,0.21801121844898144,41.28070511958664,7.391076613442983,2.3839933993399343,0.0,0.0,0.5907590759075908,0.0,0.0,0.0924092409240924,0.0,0.0,0.23432343234323433,0.08250825082508251,0.0,0.0,0.0,-13.10216228524447
s209,6.695075616501306,2.239352471370461,28.89599551193161,0.279091694810399,48.615560016695795,2.089205239877342,2.1848594377510047,0.0,0.0,0.39759036144578314,0.0,0.0,0.11244979919678715,0.2931726907630522,0.0,0.0,0.0,0.0,0.19678714859437751,0.0,-13.608991810905726
s210,7.885793734445041,2.408386793556517,25.225509887157997,0.4614048499731965,46.94138361610274,9.749791303290039,2.020140186915888,0.0,0.0,0.37383177570093457,0.0,0.0,0.35046728971962615,0.0,0.0,0.11214953271028037,0.0,0.0,0.16355140186915887,0.0,-14.445660568326458
s211,6.833960646636928,2.039644407286801,28.192376216734587,0.22316245686001865,42.28856432510186,8.27463199286323,2.3512211221122112,0.0,0.0,0.5874587458745875,0.0,0.0,0.0924092409240924,0.0,0.0429042904290429,0.19801980198019803,0.0,0.0,0.07920792079207921,0.0,-12.861679513625122
s212,7.390457516217788,2.0256746781026655,21.331317787842696,0.38645468873476985,38.26093507978132,1.5325340235515539,2.2673893805309735,0.061946902654867256,0.0,0.4026548672566372,0.0,0.15486725663716813,0.20353982300884957,0.13716814159292035,0.03982300884955752,0.0,0.0,0.0,0.0,0.0,-14.53473211914181
s213,5.862579461554933,2.084308982200665,27.860832765438538,0.20991217553204952,43.84915156833221,6.635220917415192,2.3685920577617328,0.19855595667870035,0.0,0.4729241877256318,0.0,0.0,0.07942238267148015,0.0,0.0,0.08664259927797834,0.0,0.0,0.1588447653429603,0.0036101083032490976,-12.62474385020636
s214,6.191980467582499,2.347499674583701,26.159732481203502,0.4177258557155033,50.62392674603275,2.352772271013282,1.9507655502392345,0.0,0.0,0.41626794258373206,0.0,0.0,0.2583732057416268,0.22488038277511962,0.0,0.0,0.0,0.0,0.023923444976076555,0.07655502392344497,-14.024577644973627
s215,7.169823420919183,1.8502239420797295,27.109886499316307,0.32145406785308717,45.8782694603815,2.494844984979158,2.222892561983471,0.0,0.0,0.34297520661157027,0.0,0.0,0.19008264462809918,0.15702479338842976,0.0371900826446281,0.024793388429752067,0.24793388429752067,0.0,0.0,0.0,-13.732120498510183
s216,8.135966616832388,2.0683875522889714,23.639540369962,0.3897410248944046,41.82380219300966,7.3055274700494826,2.083478260869565,0.0,0.0,0.5652173913043478,0.0,0.0,0.24347826086956523,0.0,0.06956521739130435,0.12173913043478261,0.0,0.0,0.0,0.0,-14.601727322662068
s217,5.380576461324928,3.0250210376121083,35.08697566839951,0.3004456147651303,55.02275729817195,11.902315685323845,2.213913043478261,0.0,0.0,0.3333333333333333,0.0,0.0,0.18115942028985507,0.0,0.0,0.06521739130434782,0.0,0.11594202898550725,0.0,0.30434782608695654,-12.178123940699006
s218,7.5785565571707725,2.464313486285984,28.247887694275537,0.25822466937204325,43.78422592612706,4.030061372323351,2.371505376344086,0.0,0.0,0.46236559139784944,0.0,0.0,0.1039426523297491,0.0,0.0,0.0,0.1827956989247312,0.25089605734767023,0.0,0.0,-13.513364342274873
s219,6.336929161014193,2.322523344796611,25.366097460002994,0.4128288983262781,48.03845005699683,1.71579447926786,2.0386448598130844,0.0,0.0,0.3925233644859813,0.0,0.056074766355140186,0.24766355140186916,0.22429906542056074,0.0,0.0,0.0,0.0,0.0,0.0794392523364486,-14.017705466790309
s220,8.404289319354383,2.374195159856643,22.938184222164313,0.37324798311347795,40.489370634577895,7.587501038552719,2.1293562231759653,0.06437768240343347,0.0,0.5665236051502146,0.0,0.0,0.2017167381974249,0.0,0.0,0.06866952789699571,0.0,0.09871244635193133,0.0,0.0,-14.645847612115329
s221,7.540405188935314,2.271629426862884,23.156832671873556,0.3457203943672808,40.56798505674088,1.623147688825614,2.195793991416309,0.0,0.0,0.4978540772532189,0.0,0.07296137339055794,0.1459227467811159,0.21030042918454936,0.0,0.0,0.0,0.07296137339055794,0.0,0.0,-14.914353587340358
s222,8.153041674506058,2.0847654130485753,22.959407791001727,0.4154378055866216,41.54559505038405,5.101832980257945,2.0736842105263156,0.0,0.0,0.5263157894736842,0.02631578947368421,0.0,0.2631578947368421,0.0,0.07894736842105263,0.10526315789473684,0.0,0.0,0.0,0.0,-14.812105482189734
s223,9.129486362202154,1.9562906871867503,25.851124462941968,0.30602661600863623,41.64903385696209,7.292612166571518,2.247011494252874,0.0,0.0,0.5402298850574713,0.0,0.0,0.1839080459770115,0.0,0.0,0.19540229885057472,0.08045977011494253,0.0,0.0,0.0,-14.432999719123176
s224,6.858125579919541,2.549286954666766,28.163260594607888,0.43424820882812426,55.24331885865393,2.863425082154687,1.910392156862745,0.0,0.0,0.35294117647058826,0.0,0.0,0.30392156862745096,0.18627450980392157,0.0,0.0,0.0,0.0,0.0,0.1568627450980392,-14.138495812422846
s225,6.870587408604186,2.2599167730848384,28.485244000050898,0.2320219999039545,43.469669229244374,3.9861631283864054,2.3859726962457337,0.0,0.0,0.4880546075085324,0.0,0.0,0.07849829351535836,0.0,0.08873720136518772,0.0,0.16723549488054607,0.17747440273037543,0.0,0.0,-13.221570770169883
s226,8.432831779525623,2.577494744025949,24.65282719666355,0.3264013449334234,41.547771709062346,4.432180520103652,2.191659751037345,0.0,0.0,0.5850622406639004,0.0,0.008298755186721992,0.14937759336099585,0.0,0.06224066390041494,0.0,0.0,0.1950207468879668,0.0,0.0,-14.47080446629908
s227,7.495723317588676,2.156527891727477,25.70737169079836,0.26255534646181444,41.59920146329186,4.386814035044697,2.2340074906367042,0.0,0.0,0.6179775280898876,0.0,0.0,0.09737827715355805,0.0,0.20973782771535582,0.0,0.0,0.0749063670411985,0.0,0.0,-14.132232360435024
s228,7.8907853501040455,2.4153391232675387,23.63268739839919,0.3695399691057013,41.269021277801585,2.0718159246434307,2.2011965811965815,0.0,0.0,0.4700854700854701,0.0,0.07264957264957266,0.19230769230769232,0.1111111111111111,0.0,0.021367521367521368,0.0,0.10256410256410256,0.029914529914529916,0.0,-14.58200954714616
s229,5.618320881130678,2.087322138913292,30.208733152250538,0.2520760056178772,45.016935677863515,6.445059928421087,2.423421052631579,0.0,0.0,0.34210526315789475,0.0,0.0,0.1513157894736842,0.0,0.0,0.1513157894736842,0.21052631578947367,0.02631578947368421,0.11842105263157894,0.0,-12.469059364951253
s230,6.072046890032473,1.790693937296201,28.9324867189732,0.24651771240108422,44.16011130790646,3.7483722573094154,2.3904137931034484,0.0,0.0,0.38620689655172413,0.0,0.0,0.1310344827586207,0.05862068965517241,0.041379310344827586,0.11379310344827587,0.2689655172413793,0.0,0.0,0.0,-12.587198157999234
s231,7.469243490056481,1.909017235382326,25.370982424777434,0.2577790722255614,40.74733540949105,2.1333425048039474,2.307056603773585,0.0,0.0,0.5584905660377358,0.0,0.06415094339622641,0.10943396226415095,0.0,0.2679245283018868,0.0,0.0,0.0,0.0,0.0,-14.195033486290571
s232,6.22292265589393,1.7024615444903437,22.18827083777318,0.20906054497608625,34.181930750083055,2.8416876007617096,2.7656842105263157,0.13333333333333333,0.0,0.0,0.3824561403508772,0.0,0.08771929824561403,0.0,0.10526315789473684,0.02456140350877193,0.26666666666666666,0.0,0.0,0.0,-13.642112910085508
s233,7.878548338253153,2.2243985889998754,22.555016799907747,0.3795348522123535,38.50463582269963,2.7021258134100967,2.204476987447699,0.0,0.0,0.5271966527196653,0.0,0.058577405857740586,0.21338912133891214,0.03765690376569038,0.0,0.13389121338912133,0.0,0.029288702928870293,0.0,0.0,-14.506589757247223
s234,8.78893193346355,2.79278309954776,27.106253051560913,0.4576519622574364,52.42247052424516,8.521172871894299,1.9501951219512195,0.0,0.0,0.40487804878048783,0.0,0.0,0.33658536585365856,0.0,0.0,0.0,0.0,0.14634146341463414,0.0,0.11219512195121951,-14.92790201790967
s235,7.201552827553867,2.9328505114986787,26.706013311020026,0.47275361792913045,51.68108131484436,4.87931574861575,2.005023923444976,0.0,0.0,0.291866028708134,0.07655502392344497,0.0,0.3492822966507177,0.0,0.0,0.0,0.0,0.1339712918660287,0.0,0.14832535885167464,-14.205222050490592
s236,7.406391163480201,2.5358562887766842,26.913580025354154,0.2967983907827688,43.67109211661243,4.272586227564522,2.2780232558139537,0.0,0.0,0.5,0.0,0.0,0.13953488372093023,0.0,0.0,0.0,0.11627906976744186,0.2441860465116279,0.0,0.0,-13.634144993741474
s237,7.287383935444625,2.0371661853791916,23.181168776859067,0.33131907954982864,37.347438584939574,2.2725243909072645,2.362873563218391,0.0,0.0,0.4942528735632184,0.0,0.12643678160919541,0.19540229885057472,0.0,0.0,0.1839080459770115,0.0,0.0,0.0,0.0,-13.699166910948247
s238,6.549497435575381,2.2800436715404806,25.81407338642851,0.39638917624742126,48.45799740961141,2.2064999247295534,2.017943925233645,0.0,0.0,0.3925233644859813,0.0,0.0,0.2383177570093458,0.22897196261682243,0.0,0.0,0.0,0.0,0.14018691588785046,0.0,-14.168601206888912
s239,8.089270018649804,2.7269167930024434,26.15087785725909,0.3085983061857823,43.13196737495976,5.355436169055669,2.2244881889763777,0.0,0.0,0.5551181102362205,0.0,0.0,0.1377952755905512,0.0,0.015748031496062992,0.0,0.0,0.24015748031496062,0.051181102362204724,0.0,-14.06303277722796
s240,6.103634610389383,3.068656534626295,26.791193401212848,0.4664275925472036,50.057229775950354,2.678497813290957,2.1744131455399063,0.0,0.0,0.0,0.2676056338028169,0.0,0.3474178403755869,0.014084507042253521,0.10328638497652583,0.0,0.0,0.0,0.0,0.2676056338028169,-13.595703233311445
s241,6.4284596943592,2.2339109899341394,24.01415423285061,0.33206120894105257,42.67130482914224,2.157828414848163,2.0964935064935064,0.0,0.0,0.5627705627705628,0.0,0.0,0.12554112554112554,0.24675324675324675,0.0,0.0,0.0,0.06493506493506493,0.0,0.0,-14.455743679695235
s242,6.775298853558021,2.0457266706828,28.305012705137948,0.23815822331577238,42.89978488122471,9.994634376354822,2.332749140893471,0.0,0.0,0.5738831615120275,0.0,0.0,0.11683848797250859,0.0,0.0,0.22336769759450173,0.0,0.0,0.0859106529209622,0.0,-12.780354030656657
s243,7.161099660211799,2.4054970239583473,25.77309015404693,0.40355286787383116,44.957570795029206,9.502992238344696,2.1135775862068966,0.0,0.0,0.4051724137931034,0.0,0.0,0.28879310344827586,0.0,0.0,0.13793103448275862,0.0,0.0,0.16810344827586207,0.0,-13.82187883962455
s244,6.021639983361159,1.915531727970309,24.866915271240646,0.2841644157587383,43.01794831594187,4.443394896943107,2.2828270042194094,0.26582278481012656,0.0,0.3755274261603376,0.0,0.0,0.15611814345991562,0.0,0.0,0.0,0.1350210970464135,0.0,0.06751054852320675,0.0,-13.001751003056436
s245,7.479629559152682,2.2284658270800035,24.342565465821767,0.38729001287591264,43.360194735994966,8.27539939880007,2.1139035087719296,0.07456140350877193,0.0,0.4649122807017544,0.0,0.0,0.2543859649122807,0.0,0.0,0.10964912280701754,0.0,0.0,0.09649122807017543,0.0,-14.066710797546767
s246,5.870774786302587,1.7768206521824972,28.682391267221995,0.2579724655234595,46.49754112263938,1.8710360955213037,2.3068965517241384,0.0,0.0,0.32567049808429116,0.0,0.0,0.10344827586206896,0.2796934865900383,0.0,0.0,0.29118773946360155,0.0,0.0,0.0,-12.8931122552177
s247,6.220668732584718,2.6478243581195224,29.846466324222153,0.29872294509578073,47.61222008864009,5.7436238712523515,2.2756716417910448,0.0,0.0,0.3619402985074627,0.0,0.0,0.1791044776119403,0.0,0.04477611940298507,0.033582089552238806,0.0,0.11567164179104478,0.26492537313432835,0.0,-12.890980347006165
s248,7.519630006549488,2.5399880111057627,25.40835122808614,0.2919588990628104,40.35444018578388,2.6469380797162394,2.56337037037037,0.018518518518518517,0.0,0.0,0.32592592592592595,0.0,0.15925925925925927,0.1111111111111111,0.0,0.08148148148148149,0.0,0.0,0.3037037037037037,0.0,-14.127038168709985
s249,8.250151760376475,2.205419887266678,15.521210470899238,0.3400956486355893,23.524334619956665,2.8186326295283606,2.963230240549828,0.0,0.0,0.0,0.35738831615120276,0.3024054982817869,0.16494845360824742,0.0,0.024054982817869417,0.15120274914089346,0.0,0.0,0.0,0.0,-14.980095624366431
s250,7.243667763262208,2.620744372990609,25.688122507554166,0.2332619277690577,38.09784352569628,2.96381885740631,2.7743973941368076,0.0,0.0,0.0,0.3745928338762215,0.0,0.08469055374592833,0.0,0.0,0.0,0.250814332247557,0.24104234527687296,0.0,0.048859934853420196,-14.21297822121195
s251,6.249529952363522,2.2845042955114923,28.905224066077196,0.26959141704671646,44.70042847376964,3.8385260075702603,2.39791519434629,0.0,0.0,0.35335689045936397,0.0,0.0,0.13780918727915195,0.0,0.0176678445229682,0.0,0.29328621908127206,0.1978798586572438,0.0,0.0,-12.762096864363789
s252,6.220020523084483,1.8321357653084827,26.11916706413745,0.31397091542121885,44.909934736178734,2.4479669190128304,2.2372803347280334,0.0794979079497908,0.0,0.3305439330543933,0.0,0.0,0.17154811715481172,0.16736401673640167,0.0,0.0,0.2510460251046025,0.0,0.0,0.0,-13.211893851375638
s253,5.956838862896271,1.7057326358005456,29.53719150225518,0.22090785223990617,46.13111931251091,2.400098109576878,2.3835971223021586,0.04316546762589928,0.0,0.35251798561151076,0.0,0.0,0.07913669064748201,0.2014388489208633,0.0,0.03597122302158273,0.28776978417266186,0.0,0.0,0.0,-12.564956068929165
s254,8.480496877201347,2.4470494669966354,25.49713544388241,0.2633313213061566,40.79541671021186,4.995870732569827,2.2624999999999997,0.0,0.0,0.625,0.0,0.0,0.08333333333333333,0.0,0.125,0.0,0.0,0.16666666666666666,0.0,0.0,-14.441587376911894
s255,6.906920487564659,2.266225239654266,28.21677352766462,0.25494245039400626,43.99903668720589,3.3991561494726543,2.3608333333333333,0.0,0.0,0.43478260869565216,0.0,0.0,0.10144927536231885,0.05434782608695652,0.028985507246376812,0.0,0.20652173913043478,0.17391304347826086,0.0,0.0,-13.281399551524272
s256,7.076014026784517,1.9654779402863525,16.224917388206606,0.40739029592065656,30.4396680203522,2.161921800536936,2.4371698113207545,0.2688679245283019,0.0,0.18867924528301888,0.2830188679245283,0.06132075471698113,0.19811320754716982,0.0,0.0,0.0,0.0,0.0,0.0,0.0,-14.444396827281063
s257,6.6652328249648205,2.3127383146098626,21.0940998359908,0.37827198024846714,35.542113422285894,2.7356854261664667,2.5322357723577236,0.028455284552845527,0.0,0.0,0.3170731707317073,0.0,0.2073170731707317,0.06504065040650407,0.0,0.0,0.2764227642276423,0.10569105691056911,0.0,0.0,-13.85766574253811
s258,7.804180087028608,2.5405305809519727,22.114587108290852,0.38596111240035835,39.948931550460856,2.984959177895085,2.1909375,0.049107142857142856,0.0,0.44642857142857145,0.10714285714285714,0.0,0.19642857142857142,0.04017857142857143,0.0,0.0,0.0,0.16071428571428573,0.0,0.0,-14.539458414243212
s259,8.497569638832212,2.6423921044739735,20.71911563114874,0.45514927000883576,36.29739806058386,1.6765578895046085,2.37381974248927,0.0,0.0,0.33476394849785407,0.0,0.23605150214592274,0.2703862660944206,0.0,0.0,0.0,0.0,0.15879828326180256,0.0,0.0,-14.825730951803832
s260,7.680964860093449,2.506406019150712,26.24491208359488,0.512444072561546,54.46524765735283,4.386963263044629,1.8740414507772023,0.0,0.0,0.3005181347150259,0.0,0.0,0.40932642487046633,0.06217616580310881,0.015544041450777202,0.0,0.0,0.031088082901554404,0.14507772020725387,0.03626943005181347,-14.54322410590108
s261,7.792971133327981,2.4485816173861474,25.350507877883235,0.4824989226971748,48.80565068078453,18.727342267675123,1.9412135922330098,0.0,0.0,0.42718446601941745,0.0,0.0,0.3640776699029126,0.0,0.0,0.11650485436893204,0.0,0.0,0.0,0.09223300970873786,-14.495303930177021
s262,8.870616934181134,2.5641076815670814,23.35023764723715,0.41033319543273566,41.92011168165409,4.043178294721279,2.1381140350877192,0.0,0.0,0.4692982456140351,0.05263157894736842,0.0,0.2412280701754386,0.0,0.0,0.03070175438596491,0.03508771929824561,0.17105263157894737,0.0,0.0,-14.984665542501881
s263,7.832610344760284,1.9581266014935386,18.33909776895704,0.47890295843781594,37.44232461162063,2.715093009329289,2.1566326530612243,0.23469387755102042,0.0,0.30612244897959184,0.1836734693877551,0.0,0.2755102040816326,0.0,0.0,0.0,0.0,0.0,0.0,0.0,-14.816402656828172
s264,7.5694700358554545,2.433934727926488,25.740505895907646,0.48921869113177174,52.277109912307274,6.372912770513184,1.8852284263959391,0.030456852791878174,0.0,0.38578680203045684,0.0,0.0,0.37055837563451777,0.01015228426395939,0.09644670050761421,0.0,0.0,0.0,0.0,0.1065989847715736,-14.550821416224993
s265,8.330446652617146,2.1488299019804225,20.47302266904112,0.4413374004632186,35.29304654140673,2.169749208222276,2.340735930735931,0.0,0.0,0.36796536796536794,0.04329004329004329,0.16883116883116883,0.27705627705627706,0.0,0.0,0.14285714285714285,0.0,0.0,0.0,0.0,-14.928311245455864
s266,7.605203290183941,1.9968901918566846,24.877236856541924,0.2750885026309381,39.597495351537106,11.041977351038085,2.261375464684015,0.03345724907063197,0.0,0.6282527881040892,0.0,0.0,0.13382899628252787,0.0,0.0,0.20446096654275092,0.0,0.0,0.0,0.0,-13.572343501498198
s267,7.973646811963469,2.1735959818294543,24.442912831669503,0.5119937079733042,50.1722947597427,5.246984464916271,1.9676923076923076,0.11282051282051282,0.0,0.2512820512820513,0.0,0.0,0.4,0.0,0.0,0.0,0.1794871794871795,0.0,0.0,0.05641025641025641,-14.423227002607364
s268,6.885837558421638,2.09748150510843,20.598333766212217,0.4507584192639661,38.62187581164792,2.4218543698210104,2.15552380952381,0.0,0.0,0.35714285714285715,0.1761904761904762,0.0,0.26666666666666666,0.0,0.2,0.0,0.0,0.0,0.0,0.0,-14.747019650836199
s269,6.891736862807301,3.1831083581185315,21.218857355275784,0.5242770141647634,40.66947659761191,2.385506702801967,2.2536714975845413,0.0,0.0,0.03864734299516908,0.34782608695652173,0.0,0.3188405797101449,0.04830917874396135,0.0,0.0,0.0,0.1111111111111111,0.0,0.13526570048309178,-14.775610127032111
s270,6.467402547780947,2.010742763410812,23.41358810155177,0.411600577899664,44.50691071556236,1.8186633453034462,2.05175355450237,0.0,0.0,0.3981042654028436,0.04265402843601896,0.0,0.22748815165876776,0.24644549763033174,0.0,0.0,0.08530805687203792,0.0,0.0,0.0,-14.37827818000013
s271,8.465334886126854,2.4900620765080164,23.438579134524147,0.406254773455626,42.80930569198212,2.343294548157291,2.1039819004524887,0.0,0.0,0.5067873303167421,0.0,0.04072398190045249,0.22624434389140272,0.07692307692307693,0.0,0.0,0.0,0.1493212669683258,0.0,0.0,-14.996894032574843
s272,6.474630381640751,2.7095856743746705,28.35503238930964,0.446179831555777,56.42651445472617,10.349395922345868,1.9381909547738696,0.1457286432160804,0.0,0.2864321608040201,0.0,0.0,0.35175879396984927,0.0,0.0,0.0,0.0,0.0,0.0,0.21608040201005024,-13.495776109457445
s273,6.749874383436253,2.5326938448238248,26.890508484144533,0.49778380580035936,55.497432403447185,7.326415566016465,1.9098453608247423,0.10824742268041238,0.0,0.24742268041237114,0.0,0.0,0.4072164948453608,0.0,0.0,0.0,0.08247422680412371,0.0,0.0,0.15463917525773196,-13.7231656102106
s274,6.823930942343184,1.9128455255442525,22.511756360879197,0.30915040637187924,35.91161133759301,1.5217204457933604,2.5583955223880595,0.0,0.0,0.33955223880597013,0.0,0.2873134328358209,0.17537313432835822,0.0,0.19776119402985073,0.0,0.0,0.0,0.0,0.0,-13.558762265246449
s275,8.188463787001446,2.6939743135174137,22.694148465974347,0.36305659523549283,37.82358077662395,1.8054042531680548,2.3785600000000002,0.0,0.0,0.436,0.0,0.164,0.188,0.0,0.0,0.0,0.0,0.212,0.0,0.0,-14.40059034344136
s276,5.837689000364977,1.7349209450134917,26.44954016889736,0.2308356752977529,42.51398481135647,3.8261651730757755,2.379351145038168,0.183206106870229,0.0,0.3969465648854962,0.0,0.0,0.10305343511450382,0.0,0.0916030534351145,0.0,0.22519083969465647,0.0,0.0,0.0,-12.745023822779624
s277,7.358906445858418,2.3599599267715297,24.398900713480074,0.45857815073053226,47.859382168749384,5.686544284249731,2.004313725490196,0.11274509803921569,0.0,0.3382352941176471,0.0,0.0,0.3333333333333333,0.0,0.04411764705882353,0.0,0.0,0.0,0.1715686274509804,0.0,-14.297211450012446
s278,6.316558368446123,2.482608078489539,27.457090744814174,0.3993970657219081,47.848018430301124,9.240646847007362,2.120295358649789,0.0,0.0,0.32489451476793246,0.0,0.0,0.3080168776371308,0.0,0.0,0.11814345991561181,0.0,0.0,0.2489451476793249,0.0,-13.133027997519104
s279,7.6777374110717425,1.959889569144334,23.321257427991593,0.307906403864404,38.13538950489187,3.308731366216018,2.3756153846153847,0.03461538461538462,0.0,0.35,0.1423076923076923,0.0,0.16153846153846155,0.06153846153846154,0.0,0.13076923076923078,0.11923076923076924,0.0,0.0,0.0,-13.981388877948964
s280,8.08873951468449,2.0999630698234175,21.31754257034038,0.39854773583561315,36.39209053079537,3.981477195413583,2.312259414225941,0.0,0.0,0.3305439330543933,0.18410041841004185,0.0,0.24267782426778242,0.0,0.0,0.17154811715481172,0.07112970711297072,0.0,0.0,0.0,-14.656711360534743
s281,6.2027396676301745,2.1594420109381343,27.318354327708533,0.25519956312359887,44.07808090912486,6.564791628006225,2.30212927756654,0.14068441064638784,0.0,0.45627376425855515,0.0,0.0,0.12927756653992395,0.0,0.026615969581749048,0.08365019011406843,0.0,0.0,0.1634980988593156,0.0,-12.970816228225441
s282,6.1170137449453446,2.1303684569692725,17.348124759424564,0.3452609157391001,29.23040199190714,1.8037139728543186,2.560162601626016,0.0,0.0,0.13008130081300814,0.4634146341463415,0.0,0.14634146341463414,0.0,0.2601626016260163,0.0,0.0,0.0,0.0,0.0,-14.265507373810262
s283,6.408175189470116,2.1741784773627812,25.461035463152808,0.3367427337387923,44.93123905262262,5.050155262469529,2.150541666666667,0.1125,0.0,0.44166666666666665,0.0,0.0,0.20416666666666666,0.0,0.11666666666666667,0.0,0.0,0.0,0.125,0.0,-13.587493816697183
s284,7.303511719733523,1.9961208608027363,23.833138944153728,0.4744932029773562,47.90947318365597,2.06003473221263,1.946243654822335,0.0,0.0,0.38071065989847713,0.0,0.0,0.3147208121827411,0.18781725888324874,0.0,0.0,0.116751269035533,0.0,0.0,0.0,-14.689875533712938
s285,8.385821823747383,2.149184854405834,20.241053894048008,0.393289473904332,33.645725347059916,1.7018018825930912,2.4461354581673307,0.01593625498007968,0.0,0.36254980079681276,0.0,0.23904382470119523,0.21912350597609562,0.05976095617529881,0.0,0.10358565737051793,0.0,0.0,0.0,0.0,-14.757453234410361
s286,6.605628289811059,2.0967441709725487,27.033475827365265,0.39112187430132367,47.78009681115717,4.0308895956853235,2.141929824561404,0.0,0.0,0.3026315789473684,0.0,0.0,0.2894736842105263,0.0,0.11842105263157894,0.0,0.22807017543859648,0.02631578947368421,0.0,0.03508771929824561,-13.495095114219758
s287,7.33667780121768,2.324617920063432,24.550150148673964,0.41855969890671374,44.874454779953254,3.5260924478909117,2.1175784753363227,0.0,0.0,0.32286995515695066,0.08071748878923767,0.0,0.28699551569506726,0.0,0.16591928251121077,0.0,0.0,0.0,0.14349775784753363,0.0,-14.4583810283349
s288,6.834277275765189,2.4954697021538537,28.45862441871109,0.4188524972252989,53.42233004915937,6.423515223319362,1.9659813084112148,0.0,0.0,0.38317757009345793,0.0,0.0,0.3177570093457944,0.0,0.14953271028037382,0.0,0.0,0.0,0.0,0.14953271028037382,-13.876283885267812
s289,6.849249323363677,2.8254854689414253,27.24732752503885,0.40449997845185715,48.487370241407696,5.778411166249511,2.1085398230088495,0.0,0.0,0.3407079646017699,0.0,0.0,0.2831858407079646,0.0,0.0,0.0,0.0,0.15486725663716813,0.22123893805309736,0.0,-13.615723054612829
s290,7.5136400456335055,2.2219248852315645,25.377785137700872,0.3061081909468556,42.239534994294004,1.500088289635686,2.3533467741935485,0.0,0.0,0.3225806451612903,0.0,0.14516129032258066,0.13709677419354838,0.2620967741935484,0.0,0.0,0.0,0.0,0.13306451612903225,0.0,-14.280446267008546
s291,7.647434581120677,1.8637580830077756,23.874036910860184,0.2363117005392773,36.244004222186724,1.5291070842723995,2.611740614334471,0.0,0.0,0.3993174061433447,0.0,0.2593856655290102,0.10238907849829351,0.0,0.23890784982935154,0.0,0.0,0.0,0.0,0.0,-13.937041693752743
s292,6.315198482383593,1.7658328928997655,23.762807326255857,0.3175605727618639,41.8590990593276,3.621462024876236,2.3,0.24017467248908297,0.0,0.30131004366812225,0.043668122270742356,0.0,0.19213973799126638,0.0,0.0,0.0,0.22270742358078602,0.0,0.0,0.0,-13.216367163608185
s293,7.119490945626325,2.3496932515066824,25.516175844265497,0.42103405243296105,45.60765288699424,4.164202527637862,2.150660792951542,0.0,0.0,0.31718061674008813,0.0,0.0,0.29515418502202645,0.0,0.0,0.0,0.2422907488986784,0.14537444933920704,0.0,0.0,-13.685446984410635
s294,7.827058447179754,2.0660341030555167,20.780998638653816,0.4092516988160547,37.40579754957687,2.6061448516053094,2.240533333333333,0.0,0.0,0.3466666666666667,0.2088888888888889,0.0,0.23555555555555555,0.0,0.1688888888888889,0.04,0.0,0.0,0.0,0.0,-14.906443911394199
s295,6.9509963335208305,1.9383372085066206,16.26421181834966,0.39984885333477155,31.049858925940267,2.23568016261152,2.3939999999999997,0.2857142857142857,0.0,0.19523809523809524,0.32857142857142857,0.0,0.19047619047619047,0.0,0.0,0.0,0.0,0.0,0.0,0.0,-14.460000998836378
s296,8.250722096041406,2.543501282370116,23.792237641869317,0.3084032376323121,39.70625089901365,6.702585985862877,2.2234523809523807,0.06349206349206349,0.0,0.5992063492063492,0.0,0.0,0.12698412698412698,0.0,0.0,0.03968253968253968,0.0,0.17063492063492064,0.0,0.0,-14.312821657244323
s297,6.366553364336321,2.1934281092383516,29.128957677719004,0.2262583825047706,43.47819791304858,4.888266420312982,2.4064686468646865,0.0,0.0,0.47194719471947194,0.0,0.0,0.0858085808580858,0.036303630363036306,0.0,0.11551155115511551,0.12871287128712872,0.0924092409240924,0.06930693069306931,0.0,-12.67215049523805
s298,7.882609614763192,2.160902801752476,21.331473482036472,0.434018549447077,37.99668713987748,4.259321115700294,2.1623684210526317,0.0,0.0,0.45614035087719296,0.10526315789473684,0.0,0.2675438596491228,0.0,0.0,0.17105263157894737,0.0,0.0,0.0,0.0,-14.732817599106916
s299,6.710234415651139,2.309783821305625,24.00008326588902,0.4439343928907641,46.64167125257684,2.097140173082211,2.006116504854369,0.0,0.0,0.35436893203883496,0.043689320388349516,0.0,0.27184466019417475,0.21359223300970873,0.0,0.0,0.0,0.0,0.11650485436893204,0.0,-14.59326610695169
s300,6.350326886366093,2.760565084007686,30.679848933041118,0.36179150061536147,52.31024602252334,14.167022170131673,2.0989029535864976,0.0,0.0,0.3881856540084388,0.0,0.0,0.25738396624472576,0.0,0.0,0.09282700421940929,0.0,0.06329113924050633,0.0,0.19831223628691982,-13.037846219810168
s301,8.45203644023841,1.9714664972144287,21.438070868100954,0.5223102086251862,45.52579094461888,4.777853661154117,1.9378835978835978,0.1693121693121693,0.0,0.3968253968253968,0.0,0.0,0.35978835978835977,0.0,0.0,0.0,0.07407407407407407,0.0,0.0,0.0,-14.991000770152079
s302,5.373421324103735,2.6159895553881882,29.06362480240003,0.3681524193614488,53.94011721801356,9.079634341399355,2.0592237442922374,0.2009132420091324,0.0,0.3242009132420091,0.0,0.0,0.2602739726027397,0.0,0.0,0.0,0.0,0.0,0.0,0.2146118721461187,-12.67912815819983
s303,7.707619755921203,2.421856482332325,24.833199374784872,0.5552760591572715,53.75657276424019,4.081571371105014,1.822445652173913,0.0,0.0,0.3423913043478261,0.0,0.0,0.42934782608695654,0.059782608695652176,0.0,0.0,0.05434782608695652,0.04891304347826087,0.0,0.06521739130434782,-14.782524223502211
s304,7.721862528962612,2.6402601589905768,25.743871100383817,0.5342260516453995,54.95882594463968,10.09379949298031,1.8322105263157897,0.03684210526315789,0.0,0.35789473684210527,0.0,0.0,0.42105263157894735,0.0,0.0,0.0,0.0,0.07368421052631578,0.0,0.11052631578947368,-14.62246418689743
s305,6.9003238806998946,1.8961602882614765,19.49548384882386,0.27207939878695586,32.84855497815525,1.7471942878937652,2.5073170731707317,0.2926829268292683,0.0,0.3983739837398374,0.0,0.1951219512195122,0.11382113821138211,0.0,0.0,0.0,0.0,0.0,0.0,0.0,-13.696824912537686
s306,6.085814306353233,1.8141162249619947,27.73645898370478,0.25322309859740416,41.397699975678805,3.5997697238985675,2.4941666666666666,0.0,0.0,0.36666666666666664,0.0,0.07333333333333333,0.15333333333333332,0.0,0.0,0.17666666666666667,0.23,0.0,0.0,0.0,-12.765817952624477
s307,5.390706067283395,2.2643084594510583,31.360756957703046,0.2261751930868064,45.87962591960262,5.901309970598357,2.4525949367088606,0.0,0.0,0.3639240506329114,0.0,0.0,0.10759493670886076,0.0,0.0189873417721519,0.10443037974683544,0.1550632911392405,0.08544303797468354,0.16455696202531644,0.0,-12.099319645197285
s308,6.668556666872016,2.10380128792988,27.41341783133145,0.30228420890814084,45.161848606744805,2.6453709168563835,2.276303501945525,0.0,0.0,0.35797665369649806,0.0,0.0,0.1556420233463035,0.14007782101167315,0.0,0.0,0.2490272373540856,0.09727626459143969,0.0,0.0,-13.383600013246982
s309,6.419512367826196,2.085994472730302,24.024402268418843,0.2645606837015739,41.689403936373864,5.364848913788392,2.264576271186441,0.3050847457627119,0.0,0.4576271186440678,0.0,0.0,0.11864406779661017,0.0,0.0,0.0,0.0,0.0,0.11864406779661017,0.0,-13.351191347306436
s310,6.741962443416495,2.04359201953224,23.038808729057973,0.37137558565155887,42.39915219885456,1.371752881306119,2.098904109589041,0.0,0.0,0.4885844748858447,0.0,0.0547945205479452,0.1689497716894977,0.2876712328767123,0.0,0.0,0.0,0.0,0.0,0.0,-14.824532948071024
s311,6.806789107421365,1.9153705603138191,25.608355777840117,0.4255379850172406,46.56064686880024,3.6170489063763136,2.1165000000000007,0.0,0.0,0.2818181818181818,0.0,0.0,0.32272727272727275,0.0,0.12727272727272726,0.0,0.2681818181818182,0.0,0.0,0.0,-13.751298544165815
s312,7.796860388261968,1.9197251864122973,17.21605435800651,0.3954119104678911,33.01059964058132,2.3965294168724602,2.338421052631579,0.2822966507177033,0.0,0.24880382775119617,0.2727272727272727,0.0,0.19617224880382775,0.0,0.0,0.0,0.0,0.0,0.0,0.0,-14.780273213349286
s313,5.825201561745723,3.2841749742855506,28.30323750417302,0.33813488778767725,46.216678962510365,2.8671569592918758,2.475271317829457,0.0,0.0,0.0,0.3449612403100775,0.0,0.19767441860465115,0.0,0.0,0.0,0.0,0.18992248062015504,0.03875968992248062,0.22868217054263565,-13.152762256855343
s314,4.862249044954288,2.060294246522488,17.559766476483208,0.2448187393041414,27.21763803854898,1.809091800207288,2.793440860215054,0.0,0.0,0.0,0.5483870967741935,0.0,0.07526881720430108,0.0,0.27956989247311825,0.0,0.0967741935483871,0.0,0.0,0.0,-14.146623137740796
s315,7.140396136610526,1.99159157930159,23.92999212481566,0.48635195053415725,47.620684328383156,2.812507585355121,1.962211055276382,0.0,0.0,0.36180904522613067,0.0,0.0,0.34673366834170855,0.08542713567839195,0.06532663316582915,0.0,0.1407035175879397,0.0,0.0,0.0,-14.39715302283792
s316,6.676022313539269,2.264586741614198,29.767961536033965,0.24853902361970512,47.809150345751476,5.7697194669363325,2.2409056603773587,0.07169811320754717,0.0,0.4981132075471698,0.0,0.0,0.10566037735849057,0.0,0.2,0.0,0.0,0.0,0.0,0.12452830188679245,-13.455345332068584
s317,7.534052239017288,3.0448019802927346,30.622600038563668,0.25952756186076914,44.40277005591731,3.520176681704548,2.637335423197492,0.0,0.0,0.0,0.3605015673981191,0.0,0.12539184952978055,0.0,0.0,0.18495297805642633,0.0,0.0,0.0,0.329153605015674,-14.291027000963076
s318,7.66269729214618,2.493405604566229,25.54623614199425,0.3466485899192794,42.92462807532367,3.711009591944904,2.276518218623482,0.0,0.0,0.3765182186234818,0.05263157894736842,0.0,0.19838056680161945,0.0,0.0,0.0,0.1659919028340081,0.20647773279352227,0.0,0.0,-13.911210089513883
s319,8.149968070884846,2.0478722476173967,25.851647591468225,0.3496050112984,45.09460331744836,3.854467233074111,2.1237500000000002,0.0,0.0,0.47413793103448276,0.0,0.0,0.21982758620689655,0.0,0.20689655172413793,0.0,0.04741379310344827,0.0,0.05172413793103448,0.0,-14.675479130106165
s320,6.688692479631284,3.0242643162592566,22.494061867630894,0.32939215131681204,36.41226264822749,2.824915960510151,2.605096525096525,0.015444015444015444,0.0,0.0,0.39768339768339767,0.0,0.16602316602316602,0.0,0.03474903474903475,0.0,0.0,0.16602316602316602,0.22007722007722008,0.0,-13.942092561891165
s321,7.013452464163367,2.3240777836075663,31.086846963518195,0.26398506286752804,49.88787416899929,4.318194594401491,2.216044776119403,0.0,0.0,0.45149253731343286,0.0,0.0,0.12686567164179105,0.05223880597014925,0.19776119402985073,0.0,0.0,0.0,0.055970149253731345,0.11567164179104478,-13.672930246971662
s322,5.657432194233056,1.8195975207758344,24.544422125694382,0.17271233856556653,33.80646821086207,1.8457619614267147,2.861698630136986,0.0,0.0,0.3917808219178082,0.0,0.33424657534246577,0.06301369863013699,0.0,0.0,0.21095890410958903,0.0,0.0,0.0,0.0,-12.18095053117236
s323,8.569779586474699,2.5668347842604478,24.152333103147765,0.34111363921473786,41.8640440454561,3.3805703819981883,2.1408974358974358,0.0,0.0,0.5769230769230769,0.0,0.0,0.1452991452991453,0.10256410256410256,0.0,0.0,0.0,0.1752136752136752,0.0,0.0,-14.96393705945774
s324,7.153368866255002,2.262520350093635,25.525738274996048,0.39344035992139315,46.8323462566043,2.82646998168376,2.045630630630631,0.0,0.0,0.42342342342342343,0.0,0.0,0.24324324324324326,0.16666666666666666,0.0,0.04504504504504504,0.0,0.0,0.12162162162162163,0.0,-14.280227023147466
s325,6.6135680577849705,2.0296876378120503,23.85675622890524,0.36160613684873244,43.57308369081036,2.333184730530766,2.0473303167420815,0.0,0.0,0.5475113122171946,0.0,0.0,0.17647058823529413,0.18552036199095023,0.09049773755656108,0.0,0.0,0.0,0.0,0.0,-14.601105550969317
s326,8.371724036004313,2.3911190648901637,23.974886396382054,0.37850892788463925,42.7052663935556,4.93610621059416,2.0905701754385966,0.0,0.0,0.5614035087719298,0.0,0.0,0.21052631578947367,0.0,0.10964912280701754,0.0,0.0,0.11842105263157894,0.0,0.0,-14.811878045783581
s327,7.464390446175268,1.8114540132562382,27.573263018754012,0.2980621284149699,45.24843162051936,3.4153776499574886,2.270625,0.015625,0.0,0.375,0.0,0.0,0.1875,0.0,0.1875,0.0,0.234375,0.0,0.0,0.0,-13.921825924539384
s328,7.038569657005842,2.2224275356393948,24.294359126209045,0.4439575138367989,47.87417827811783,2.1145028493421636,1.9483084577114427,0.0,0.0,0.4228855721393035,0.0,0.0,0.2736318407960199,0.21890547263681592,0.0,0.0,0.0,0.0,0.0845771144278607,0.0,-14.852144394716976
s329,6.9017836652425215,2.0400812912922297,20.480333872627117,0.3421679343409026,34.22552439116881,1.6702954157987722,2.5330120481927714,0.0,0.0,0.0,0.3253012048192771,0.0,0.14056224899598393,0.26104417670682734,0.0,0.0,0.27309236947791166,0.0,0.0,0.0,-14.218825944596889
s330,6.472077590886861,1.8695029238820728,27.700798369958708,0.21092703896512086,41.34651185269701,5.247525055356156,2.375115511551155,0.0,0.0,0.5973597359735974,0.0,0.0,0.07260726072607261,0.0462046204620462,0.0,0.21122112211221122,0.07260726072607261,0.0,0.0,0.0,-12.659000352785426
s331,7.806013218212826,2.1215751250333503,24.382004847404723,0.4342939179179361,46.347774980201784,4.162722011789352,1.9879146919431279,0.0,0.0,0.47393364928909953,0.0,0.0,0.2985781990521327,0.0,0.17535545023696683,0.0,0.0,0.0,0.052132701421800945,0.0,-14.799349922621216
s332,6.320744493908977,2.968824676285684,29.782898344541387,0.3839004174248427,52.692820148034784,8.757666250548109,2.0643478260869563,0.0,0.0,0.391304347826087,0.0,0.0,0.2608695652173913,0.0,0.0,0.0,0.0,0.17391304347826086,0.0,0.17391304347826086,-13.216502038413092
s333,7.395343101534548,2.0041283727561505,20.501698803591456,0.3313636437887958,32.583057027136405,3.045408556651616,2.643183520599251,0.0,0.0,0.0,0.3782771535580524,0.0,0.1760299625468165,0.07116104868913857,0.0,0.12359550561797752,0.250936329588015,0.0,0.0,0.0,-14.418628561206017
s334,7.922644919695173,2.298752626151556,21.3073271187853,0.2863430440335888,36.86012063614686,6.285573518796398,2.241898734177215,0.24050632911392406,0.0,0.5780590717299579,0.0,0.0,0.0970464135021097,0.0,0.0,0.0,0.0,0.08438818565400844,0.0,0.0,-14.61458663389517
s335,7.43297016137779,2.73159250844363,26.02848819256194,0.48302109735716,50.59743499114842,6.258405237791629,1.9783173076923075,0.0,0.0,0.3173076923076923,0.0,0.0,0.3701923076923077,0.0,0.0,0.0,0.0,0.11538461538461539,0.1971153846153846,0.0,-14.268210742180683
s336,7.418058746745421,1.9651309205259326,19.198580384167027,0.4831292514488816,39.62260206945113,3.060248657294403,2.0831958762886593,0.2268041237113402,0.0,0.36597938144329895,0.11855670103092783,0.0,0.28865979381443296,0.0,0.0,0.0,0.0,0.0,0.0,0.0,-14.603869015579804
s337,7.022635808887614,1.8814892820214641,24.299712972333918,0.2449443937816678,37.578244651204884,1.5944516411495173,2.5139222614840993,0.0,0.0,0.44876325088339225,0.0,0.1978798586572438,0.10600706713780919,0.0,0.24734982332155478,0.0,0.0,0.0,0.0,0.0,-13.755069003859534
s338,8.073495546008486,2.281097789336423,21.434727494908206,0.37028282445308125,39.571804605984376,6.325395103999106,2.1245833333333337,0.19444444444444445,0.0,0.5416666666666666,0.0,0.0,0.18518518518518517,0.0,0.0,0.0,0.0,0.0787037037037037,0.0,0.0,-14.707121511997414
s339,6.450479469637434,2.108989938282167,22.26472401155244,0.28360744897311563,33.451925239031986,1.8269320169402323,2.7009836065573767,0.0,0.0,0.34098360655737703,0.0,0.32459016393442625,0.1540983606557377,0.0,0.0,0.13114754098360656,0.0,0.04918032786885246,0.0,0.0,-13.085852555404523
s340,5.467412494910399,2.48895703857724,31.89281480721438,0.2955389932606454,51.38286830051209,15.716328232258384,2.1999999999999997,0.0421455938697318,0.0,0.42528735632183906,0.0,0.0,0.19157088122605365,0.0,0.0,0.14559386973180077,0.0,0.0,0.0,0.19540229885057472,-12.172725502057165
s341,6.416344033708332,2.0622703953002475,20.321537239885707,0.37163027153503425,38.284324621570384,3.1727383805839673,2.2461137440758296,0.26540284360189575,0.0,0.32701421800947866,0.14218009478672985,0.0,0.2037914691943128,0.0,0.0,0.0,0.0,0.0,0.061611374407582936,0.0,-13.848933930005542
s342,7.547145253595266,3.1868176462108493,21.22536035821013,0.3741477345184212,35.86353991559643,2.543332057881438,2.465795918367347,0.0,0.0,0.17959183673469387,0.3469387755102041,0.0,0.17142857142857143,0.0,0.0,0.0,0.0,0.23673469387755103,0.0,0.0653061224489796,-14.929735380055487
s343,7.1212887632065085,1.9102977956825473,18.58758014843139,0.3339753896211181,34.47440078811639,2.7670024195603466,2.308986175115207,0.3087557603686636,0.0,0.3686635944700461,0.17050691244239632,0.0,0.15207373271889402,0.0,0.0,0.0,0.0,0.0,0.0,0.0,-14.386583740006511
s344,8.014740650171277,1.9998732609748069,22.993771772551362,0.3932297163090282,40.957655969857115,1.795173377049185,2.190877192982456,0.0,0.0,0.45614035087719296,0.0,0.10526315789473684,0.24561403508771928,0.0,0.19298245614035087,0.0,0.0,0.0,0.0,0.0,-14.763765348688457
s345,8.027036797382289,2.0844460689520385,23.58668927327769,0.4147036662404834,41.68810197137455,7.501770314991592,2.100657894736842,0.0,0.0,0.5,0.0,0.0,0.27631578947368424,0.0,0.0,0.15789473684210525,0.06578947368421052,0.0,0.0,0.0,-14.474392130075138
s346,5.888762798570351,1.824872261847972,27.535888424625174,0.2980034126129565,46.52615630367706,1.9142614885065024,2.230938775510204,0.0,0.0,0.33877551020408164,0.0,0.0,0.1469387755102041,0.2612244897959184,0.0,0.0,0.2530612244897959,0.0,0.0,0.0,-13.094974451893913
s347,7.324839325542406,2.2266344988776465,25.05889938806205,0.4332214937727885,47.634484422352216,4.80810515354642,1.9722748815165876,0.0,0.0,0.47393364928909953,0.0,0.0,0.2985781990521327,0.0,0.17535545023696683,0.0,0.0,0.0,0.0,0.052132701421800945,-14.549575146789426
s348,6.417195970494266,2.0521000968623193,27.444469903802165,0.2686210387311816,44.59726359367854,3.966984674179421,2.2237692307692307,0.0,0.0,0.5307692307692308,0.0,0.0,0.13076923076923078,0.0,0.25384615384615383,0.0,0.0,0.0,0.08461538461538462,0.0,-13.712814287705356
s349,6.398400466661052,2.4735560099486444,31.06899651850673,0.30016589002300137,53.58276211162753,2.846057612087738,2.106344537815126,0.037815126050420166,0.0,0.3949579831932773,0.0,0.0,0.14285714285714285,0.23949579831932774,0.0,0.0,0.0,0.0,0.0,0.18487394957983194,-13.424352630074731
s350,7.031623641646361,2.000133470833349,23.769669194214096,0.4998647132628851,48.2821405507474,2.2192425149783217,1.9426153846153846,0.0,0.0,0.3333333333333333,0.0,0.0,0.3487179487179487,0.15897435897435896,0.0,0.0,0.15897435897435896,0.0,0.0,0.0,-14.539309520340703
s351,6.006090664809342,1.7690211092916457,29.149164583194874,0.246198465908065,44.820758445127595,3.0661844544756685,2.3921678321678326,0.0,0.0,0.3356643356643357,0.0,0.0,0.12937062937062938,0.024475524475524476,0.1958041958041958,0.0,0.3146853146853147,0.0,0.0,0.0,-12.91733831565348
s352,7.203979911432588,2.687932461524103,28.856578767542644,0.27936191506645613,45.41923048619138,4.890264689108163,2.3243984962406015,0.0,0.0,0.42857142857142855,0.0,0.0,0.13157894736842105,0.0,0.0,0.0,0.07894736842105263,0.23308270676691728,0.12781954887218044,0.0,-13.352633879567545
s353,7.3271643750225035,2.3305036270678654,21.298697952020156,0.2790930057368686,33.90147780528653,2.897998865390163,2.7079553903345728,0.08921933085501858,0.0,0.0,0.3903345724907063,0.0,0.12639405204460966,0.0,0.0,0.0,0.2379182156133829,0.15613382899628253,0.0,0.0,-14.313409907559805
s354,7.430954762690216,2.1855273885146045,24.780905079947754,0.4305776291830597,45.571664426683554,3.530560388222541,2.0880184331797236,0.0,0.0,0.35944700460829493,0.0,0.0,0.29493087557603687,0.03686635944700461,0.05069124423963134,0.0,0.18433179723502305,0.07373271889400922,0.0,0.0,-14.177421762193202
s355,7.166130213436609,1.9285614998249274,22.35633865739487,0.2761284281199779,38.630438121233794,4.317625142352395,2.2392340425531914,0.19574468085106383,0.0,0.548936170212766,0.029787234042553193,0.0,0.11063829787234042,0.0,0.1148936170212766,0.0,0.0,0.0,0.0,0.0,-14.207746517594348
s356,6.705989521453868,1.8813857961045752,21.083350402196583,0.32528048021345646,35.47818964231702,2.185288029843952,2.5496311475409836,0.09836065573770492,0.0,0.0,0.30327868852459017,0.0,0.1598360655737705,0.14754098360655737,0.0,0.0,0.29098360655737704,0.0,0.0,0.0,-13.918194619577521
s357,7.778652909971752,2.1722188823195654,22.339912458655466,0.5364935205828737,45.60105842076067,7.5587084547404055,1.8898989898989897,0.0,0.0,0.4898989898989899,0.0,0.0,0.3787878787878788,0.0,0.03535353535353535,0.07575757575757576,0.0,0.020202020202020204,0.0,0.0,-14.958695896940608
s358,9.120524251745014,2.79434122173169,25.637818364491373,0.27459193891392325,41.0205093831862,5.346387746968972,2.27625,0.0,0.0,0.625,0.0,0.0,0.08333333333333333,0.0,0.0,0.0,0.0,0.2916666666666667,0.0,0.0,-14.472312938578286
s359,5.913598073369205,1.7581473008533404,29.43453459334947,0.24080309828826266,45.431564263648085,2.746622514572343,2.382394366197183,0.0,0.0,0.352112676056338,0.0,0.0,0.11267605633802817,0.15492957746478872,0.0,0.08450704225352113,0.29577464788732394,0.0,0.0,0.0,-12.52796225641333
s360,8.274725982186105,2.0679911469533416,23.894102262529415,0.23000404544737404,36.67169705532593,2.7250978517942466,2.734355400696864,0.08362369337979095,0.0,0.0,0.3310104529616725,0.0,0.09059233449477352,0.05574912891986063,0.0,0.0,0.3205574912891986,0.11846689895470383,0.0,0.0,-14.507633484150993
s361,8.423479706250895,2.666763275628758,24.9827579272504,0.42676896430057615,46.33554248045584,5.618060515606899,2.043225806451613,0.0,0.0,0.47465437788018433,0.0,0.0,0.2764976958525346,0.0,0.0,0.0,0.0,0.18433179723502305,0.06451612903225806,0.0,-14.724784360653743
s362,8.017150865909684,2.4679737707063283,23.071718942043603,0.2921015597897927,39.20578813228389,6.287035019420776,2.234320987654321,0.14814814814814814,0.0,0.588477366255144,0.0,0.0,0.10699588477366255,0.0,0.0,0.0,0.0,0.15637860082304528,0.0,0.0,-14.210236802416066
s363,6.996363811764849,2.962007170021031,28.530502265246433,0.2953621868207869,45.48097714048107,4.14389947473463,2.328929889298893,0.0,0.0,0.36531365313653136,0.11070110701107011,0.0,0.13284132841328414,0.0,0.04059040590405904,0.01107011070110701,0.0,0.1881918819188192,0.0,0.15129151291512916,-13.395847166226796
s364,7.555046814088529,2.2047904121080757,21.443408915360166,0.31713540752896174,34.87946893194662,1.309671213212739,2.527587548638132,0.0,0.0,0.33852140077821014,0.0,0.27626459143968873,0.12840466926070038,0.20233463035019456,0.0,0.0,0.0,0.054474708171206226,0.0,0.0,-14.44664446309392
s365,7.894705016259651,2.391114730124867,22.689997781110186,0.42440317246628384,43.31726849121034,6.2733146770521415,2.0389999999999997,0.1,0.0,0.5238095238095238,0.0,0.0,0.2523809523809524,0.0,0.0,0.0,0.0,0.12380952380952381,0.0,0.0,-14.47788754923585
s366,7.1361525856053625,2.889957436059978,27.677769701676684,0.2616291590075097,43.67648051189445,7.089047330796932,2.297216117216117,0.05860805860805861,0.0,0.5421245421245421,0.0,0.0,0.07692307692307693,0.0,0.0,0.0,0.0,0.23076923076923078,0.0,0.09157509157509157,-13.307711406342872
s367,5.876337323854445,2.476753099128346,18.300648445625768,0.31721955697056287,29.810490235327503,1.6509191497363997,2.670617760617761,0.0,0.0,0.0,0.5482625482625483,0.0,0.1274131274131274,0.0,0.25868725868725867,0.0,0.0,0.0,0.0,0.06563706563706563,-13.977471771650132
s368,7.841183077972063,2.4668669340150196,20.25935697111121,0.5707379908622406,40.121471648671225,1.6581581636661842,2.1275247524752476,0.0,0.0,0.3316831683168317,0.0,0.17326732673267325,0.3712871287128713,0.0297029702970297,0.0,0.0,0.0,0.09405940594059406,0.0,0.0,-14.994030300506985
s369,6.209532172247524,2.0766521151638013,20.243759256127063,0.4146913913756861,36.732627682488605,2.2824251046911077,2.2531555555555554,0.0,0.0,0.31555555555555553,0.23555555555555555,0.0,0.2311111111111111,0.0,0.21777777777777776,0.0,0.0,0.0,0.0,0.0,-14.36068818233601
s370,6.07717146284571,2.1781452070520526,27.50672350511465,0.22766900443645316,45.30519165548294,4.683943083781557,2.3378571428571426,0.27380952380952384,0.0,0.38095238095238093,0.0,0.0,0.09523809523809523,0.023809523809523808,0.0,0.0,0.0,0.0,0.2261904761904762,0.0,-12.826308945943357
s371,6.479446843490405,1.9690927307842427,24.60879865508935,0.4302893259568491,46.75671744466975,2.084970675987802,2.0400478468899523,0.0,0.0,0.3397129186602871,0.0,0.0,0.27751196172248804,0.19617224880382775,0.0,0.0,0.18660287081339713,0.0,0.0,0.0,-14.069230145431717
s372,8.270591261116602,2.169717315860609,23.69936011816986,0.37470240293131013,42.811747310242346,4.800260250017302,2.079464285714286,0.03571428571428571,0.0,0.5535714285714286,0.0,0.0,0.21428571428571427,0.0,0.14285714285714285,0.0,0.0,0.05357142857142857,0.0,0.0,-14.909051535711983
s373,8.405206789277424,1.954268455152153,22.64207450430523,0.5496595698514449,47.77228906402861,4.502092945156348,1.9512500000000002,0.109375,0.0,0.2708333333333333,0.0,0.0,0.4166666666666667,0.0,0.0,0.0,0.203125,0.0,0.0,0.0,-14.760724555910006
s374,7.997995127929932,2.103176703770993,20.004370934690133,0.5654886016653772,39.23934298727681,1.5906375683840628,2.1749019607843136,0.0,0.0,0.29411764705882354,0.0,0.21568627450980393,0.38235294117647056,0.00980392156862745,0.09803921568627451,0.0,0.0,0.0,0.0,0.0,-14.857490978600186
s375,8.06939198406483,3.1399996798019196,31.44529315043427,0.24357613786649296,46.5573515091381,2.682395666961012,2.635377049180328,0.0,0.0,0.0,0.3704918032786885,0.0,0.08852459016393442,0.0,0.08524590163934426,0.013114754098360656,0.0,0.1377049180327869,0.0,0.30491803278688523,-14.183638833092157
s376,6.8495220561616055,1.9641689283837889,20.259453262131025,0.32518066317894523,35.378448233870586,2.5058761016420785,2.3603418803418803,0.10256410256410256,0.0,0.3333333333333333,0.23931623931623933,0.0,0.15384615384615385,0.0,0.17094017094017094,0.0,0.0,0.0,0.0,0.0,-14.383369108988902
s377,5.922998381561811,2.587464408729252,28.799883733648382,0.35787971239736666,47.9353769526496,2.831330282046575,2.2525403225806455,0.0,0.0,0.31451612903225806,0.0,0.10887096774193548,0.25,0.04032258064516129,0.0,0.10887096774193548,0.0,0.0,0.0,0.1774193548387097,-12.755246710121817
s378,6.048995440494246,2.4936297572219916,28.284770836290576,0.40832850455781006,53.09597332426474,7.130248512083629,1.9864953271028039,0.04672897196261682,0.0,0.37850467289719625,0.0,0.0,0.3037383177570093,0.0,0.11682242990654206,0.0,0.0,0.0,0.0,0.1542056074766355,-13.363192123154873
s379,6.450354187720673,1.7843854696402226,29.533069964769673,0.19671924168793672,42.47012273694752,5.211811140001281,2.4793846153846153,0.0,0.0,0.47384615384615386,0.0,0.0,0.07692307692307693,0.0,0.046153846153846156,0.18153846153846154,0.22153846153846155,0.0,0.0,0.0,-12.732546723257506
s380,5.221819691553954,2.901699589391851,33.59909546992638,0.32330308449004885,55.998492449877304,8.570068496654212,2.1392800000000003,0.032,0.0,0.332,0.0,0.0,0.212,0.0,0.056,0.0,0.0,0.1,0.0,0.268,-12.334782107117645
s381,7.372447264681991,1.927589142435149,25.565660788388136,0.3256900649283857,45.23155370253287,1.8260480845399962,2.128347826086957,0.0,0.0,0.4434782608695652,0.0,0.0,0.14782608695652175,0.28695652173913044,0.0,0.0,0.12173913043478261,0.0,0.0,0.0,-14.386249647542291
s382,7.259039720926468,1.9728567227036164,24.254214475303524,0.3112649123457556,41.70328963739236,4.2333656880873995,2.1517573221757327,0.04602510460251046,0.0,0.5815899581589958,0.0,0.0,0.15481171548117154,0.0,0.2175732217573222,0.0,0.0,0.0,0.0,0.0,-14.551411401010846
s383,8.08217994585182,2.583149529197247,20.89530458058934,0.4574073946662319,39.70107870311978,3.02589629795047,2.1590430622009573,0.05263157894736842,0.0,0.37320574162679426,0.15311004784688995,0.0,0.2631578947368421,0.0,0.0,0.0,0.0,0.15789473684210525,0.0,0.0,-14.982883247838886
s384,6.891036843783637,2.1352375682846207,25.6305063446205,0.3670944332588191,45.49911591409376,2.566218270976361,2.13938864628821,0.0,0.0,0.3930131004366812,0.0,0.0,0.21397379912663755,0.14847161572052403,0.0,0.0,0.1703056768558952,0.07423580786026202,0.0,0.0,-13.890359012249018
s385,6.826812031102608,1.8802351991163635,23.943567483457198,0.34562020734139953,42.69008155965231,4.1247070657313,2.183478260869565,0.15217391304347827,0.0,0.41739130434782606,0.0,0.0,0.20869565217391303,0.0,0.0782608695652174,0.0,0.14347826086956522,0.0,0.0,0.0,-13.829739091073888
s386,7.619995731679504,2.011715380872423,25.012621200720666,0.2754163791964009,40.357787581530864,4.289974320558979,2.2284410646387833,0.0,0.0,0.6197718631178707,0.0,0.0,0.11406844106463879,0.08745247148288973,0.030418250950570342,0.1482889733840304,0.0,0.0,0.0,0.0,-13.859755782501308
s387,7.728433960057702,2.0375796243268622,22.049968173628635,0.32197757547445466,37.42283330876409,1.1814202451585785,2.3611203319502074,0.0,0.0,0.4024896265560166,0.0,0.18672199170124482,0.12033195020746888,0.29045643153526973,0.0,0.0,0.0,0.0,0.0,0.0,-14.969274423168368
s388,7.189877866531075,2.6966357487968637,26.29345643990503,0.3950337783930521,45.91543885774461,6.798763464701085,2.1276923076923078,0.0,0.0,0.39316239316239315,0.0,0.0,0.26495726495726496,0.0,0.0,0.05128205128205128,0.0,0.1111111111111111,0.1794871794871795,0.0,-13.84855081371736
s389,7.480435721017505,2.297601259684285,23.281395603902403,0.47245589182561487,47.03792173033337,4.9853523531585395,2.0153030303030306,0.16666666666666666,0.0,0.31313131313131315,0.030303030303030304,0.0,0.3383838383838384,0.0,0.0,0.0,0.0,0.0,0.15151515151515152,0.0,-14.292466137111354
s390,7.315486541183733,2.6380238822336564,22.78289857286452,0.254101327094072,33.73621519443398,1.6023425753831506,2.7614285714285716,0.0,0.0,0.3409090909090909,0.0,0.3344155844155844,0.09415584415584416,0.0,0.0,0.0,0.0,0.2305194805194805,0.0,0.0,-13.987328443855217
s391,7.3619107238583155,2.632894220621112,25.682296093199465,0.48887356207538357,49.897032409644666,6.615688064248989,1.9729411764705882,0.0,0.0,0.3137254901960784,0.0,0.0,0.37745098039215685,0.0,0.024509803921568627,0.0196078431372549,0.0,0.06372549019607843,0.20098039215686275,0.0,-14.28709836428491
s392,8.32911348006404,2.4027020348249897,24.13862559806547,0.4609001052776099,46.69808877382755,5.215097122238952,1.9740579710144928,0.0,0.0,0.47342995169082125,0.0,0.0,0.3140096618357488,0.0,0.07246376811594203,0.0,0.0,0.0966183574879227,0.043478260869565216,0.0,-14.89435295466882
s393,6.743020720287481,2.46106606310394,33.84359320582344,0.24218738768995607,53.669130054205276,3.193717135993495,2.2139179104477615,0.0,0.0,0.417910447761194,0.0,0.0,0.07462686567164178,0.20522388059701493,0.08955223880597014,0.0,0.0,0.0,0.0,0.2126865671641791,-13.349532218039533
s394,6.894606676600538,2.421387226244087,28.579221687167163,0.2991501943194961,46.78254760256024,4.8092715160872626,2.2259143968871595,0.0,0.0,0.43190661478599224,0.0,0.0,0.17120622568093385,0.0,0.14007782101167315,0.0,0.0,0.07782101167315175,0.17898832684824903,0.0,-13.492117272625983
s395,6.784876892833129,1.958141784680257,22.726691360897178,0.36398014593386013,38.73140358688111,1.5978890115910735,2.3486776859504133,0.0,0.0,0.39669421487603307,0.0,0.19008264462809918,0.2231404958677686,0.0,0.19008264462809918,0.0,0.0,0.0,0.0,0.0,-13.787967351791007
s396,6.94457689961154,2.0615052044886064,29.52174120210038,0.2225677454118915,45.65384021964154,3.9861484466771313,2.308480565371025,0.0,0.0,0.5123674911660777,0.0,0.0,0.08480565371024736,0.0,0.26855123674911663,0.0,0.0,0.0,0.13427561837455831,0.0,-13.724695781922092
s397,5.742544577051313,2.4771672147570416,31.61838068881205,0.33826288382140257,54.697490680645664,6.232620661867293,2.0749789029535863,0.0,0.0,0.3881856540084388,0.0,0.0,0.24050632911392406,0.0,0.18143459915611815,0.0,0.0,0.0,0.0,0.189873417721519,-12.922137742705885
s398,5.840277401453241,2.420346663197872,30.782768723096492,0.35887766203070876,54.1030480587756,3.5499718981315977,2.090818965517242,0.0,0.0,0.28879310344827586,0.0,0.0,0.2543103448275862,0.10344827586206896,0.07327586206896551,0.0,0.11637931034482758,0.0,0.0,0.16379310344827586,-13.050328834801032
s399,6.786574253385048,2.0359903166346487,23.944394376322474,0.3333872981491006,42.79824821594651,2.134532379995368,2.0802643171806166,0.0,0.0,0.5594713656387665,0.0,0.0,0.13656387665198239,0.23348017621145375,0.07048458149779736,0.0,0.0,0.0,0.0,0.0,-14.79211897486345
s400,6.940844097179555,2.2415328385377133,28.170573835962454,0.3115334597368529,46.58271359802942,5.878901898026291,2.208181818181818,0.019762845849802372,0.0,0.42292490118577075,0.0,0.0,0.2015810276679842,0.0,0.10276679841897234,0.07114624505928854,0.0,0.0,0.18181818181818182,0.0,-13.447958993346752
s401,7.42170441060887,2.577983350592961,25.547761454013944,0.38797167719013065,45.3073582036029,5.2558108570191475,2.1033480176211454,0.0,0.0,0.45374449339207046,0.0,0.0,0.2422907488986784,0.0,0.07488986784140969,0.0,0.0,0.11894273127753303,0.11013215859030837,0.0,-14.140060906814915
s402,6.911413578548396,1.9856322445707322,24.32012124763238,0.4001425075616316,44.69082109607662,3.6210220958976977,2.044372093023256,0.0,0.0,0.49767441860465117,0.0,0.0,0.26046511627906976,0.0,0.19534883720930232,0.0,0.046511627906976744,0.0,0.0,0.0,-14.30198761014114
s403,8.275568715127358,2.169072967067733,21.981844201451647,0.39176688780824354,42.32018603270128,6.705562899017385,2.076116504854369,0.25728155339805825,0.0,0.47572815533980584,0.0,0.0,0.22330097087378642,0.0,0.0,0.0,0.0,0.0,0.0,0.043689320388349516,-14.862576286433898
s404,7.1251049547392995,1.9601097963516918,24.503113798152445,0.4326669459106172,46.023239829573306,3.1687448559977316,2.051296296296296,0.013888888888888888,0.0,0.37037037037037035,0.0,0.0,0.30092592592592593,0.05092592592592592,0.10185185185185185,0.0,0.16203703703703703,0.0,0.0,0.0,-14.202888339249123
s405,7.456888914998361,2.050126289086409,23.646417396239283,0.28758912036065065,38.518378022804875,1.9311573482063258,2.291969111969112,0.0,0.0,0.5444015444015444,0.0,0.0694980694980695,0.10810810810810811,0.16988416988416988,0.0,0.10810810810810811,0.0,0.0,0.0,0.0,-14.228453051063065
s406,7.525249299552809,2.938467600440927,25.44962596079264,0.31132662572109154,39.99226936695983,3.5057965189819096,2.5854545454545454,0.0,0.0,0.0,0.32727272727272727,0.0,0.1781818181818182,0.0,0.014545454545454545,0.04363636363636364,0.0,0.12727272727272726,0.3090909090909091,0.0,-14.18316776587182
s407,6.3886032366264125,2.436456067300958,26.990144475012375,0.4092945458122016,50.42895415068098,2.4857023511751497,2.0282159624413145,0.0,0.0,0.3051643192488263,0.0,0.0,0.27699530516431925,0.18779342723004694,0.0,0.0,0.0,0.0,0.2300469483568075,0.0,-13.794796439991861
s408,7.305168143576618,2.2455941122124794,24.76306490419705,0.45223039903914214,46.08083382172321,3.394567436743006,2.0853738317757013,0.0,0.0,0.308411214953271,0.0,0.0,0.3177570093457944,0.0514018691588785,0.0,0.0,0.22897196261682243,0.09345794392523364,0.0,0.0,-14.089217345394886
s409,6.318865498812286,2.562834204831147,27.858384388788963,0.41947829779224083,52.956027982292525,11.967252919392674,1.9923696682464458,0.10900473933649289,0.0,0.35545023696682465,0.0,0.0,0.3175355450236967,0.0,0.0,0.04739336492890995,0.0,0.0,0.0,0.17061611374407584,-13.280145886782723
s410,6.938623197954225,2.0760742875539546,25.814624799873343,0.23637685016884674,42.050237881554686,5.15035925665849,2.27984555984556,0.12355212355212356,0.0,0.5637065637065637,0.0,0.0,0.08108108108108109,0.0,0.138996138996139,0.0,0.0,0.04247104247104247,0.05019305019305019,0.0,-13.621121661394694
s411,8.221026724108972,2.653402559490006,27.279200763769023,0.27961169938387465,44.59100124846864,3.572931755639088,2.215960784313726,0.0,0.0,0.5450980392156862,0.0,0.0,0.08627450980392157,0.13725490196078433,0.0,0.0,0.0,0.16470588235294117,0.0,0.06666666666666667,-14.352838755227983
s412,6.8906862213922855,2.6931887132123586,26.375588218907183,0.4293421006095204,48.951303558819234,6.025815700480015,2.057351598173516,0.0319634703196347,0.0,0.3424657534246575,0.0,0.0,0.3105022831050228,0.0,0.0,0.0,0.0,0.1187214611872146,0.1963470319634703,0.0,-13.743361297781366
s413,5.171622524609065,2.6845352381267986,35.797847816297846,0.27710447354522044,54.72759980292647,20.05010175994873,2.2440068493150687,0.0,0.0,0.363013698630137,0.0,0.0,0.1780821917808219,0.0,0.0,0.1678082191780822,0.0,0.0,0.0,0.2910958904109589,-11.883061196552928
s414,7.383958190337059,2.0515509274251054,20.838755966906188,0.48867354860688045,38.525431199322306,1.6174272312365474,2.2584545454545455,0.0,0.0,0.32272727272727275,0.0,0.21818181818181817,0.32727272727272727,0.0,0.12272727272727273,0.00909090909090909,0.0,0.0,0.0,0.0,-14.345987815748112
s415,6.357544105560673,2.302122077162013,28.634535626616458,0.30298421428171585,48.94271692208909,2.1641390222409944,2.160746887966805,0.0,0.0,0.36929460580912865,0.0,0.0,0.14522821576763487,0.2697095435684647,0.0,0.0,0.0,0.0,0.2157676348547718,0.0,-13.522613761005434
s416,7.17729244750031,1.9903926953363802,21.878299426444574,0.3449707220770846,37.460685348876325,2.4887568654930505,2.336218487394958,0.0,0.0,0.31092436974789917,0.21428571428571427,0.0,0.18487394957983194,0.0,0.23109243697478993,0.0,0.058823529411764705,0.0,0.0,0.0,-14.40762664223166
s417,8.949012909059528,2.5872879329012006,27.217231196712873,0.3938459424610876,49.71081069812848,4.821908868563744,2.026742081447964,0.0,0.0,0.4434389140271493,0.0,0.0,0.25339366515837103,0.058823529411764705,0.058823529411764705,0.0,0.0,0.08144796380090498,0.0,0.10407239819004525,-14.99003101572939
s418,6.261362863374702,2.715340449011243,32.57961208999537,0.3145089009968854,55.43059001422829,2.988825320437738,2.0981632653061224,0.0,0.0,0.3469387755102041,0.0,0.0,0.16326530612244897,0.22448979591836735,0.0,0.0,0.0,0.024489795918367346,0.0,0.24081632653061225,-13.273474268479092
s419,7.1808680924793205,1.9637545486924095,25.02728018804503,0.33322818324519726,43.13212117514144,3.550632812810374,2.1395884773662552,0.0,0.0,0.5308641975308642,0.0,0.0,0.18930041152263374,0.0,0.23045267489711935,0.0,0.04938271604938271,0.0,0.0,0.0,-14.389141932248359
s420,6.091614916798861,2.259026424647052,31.236505442246912,0.24949981113939024,49.06072606183413,4.703783102631742,2.2627338129496404,0.0,0.0,0.44964028776978415,0.0,0.0,0.1223021582733813,0.0,0.24100719424460432,0.0,0.0,0.0,0.11151079136690648,0.07553956834532374,-13.257830483482957
s421,6.494581467924333,3.072068557023385,27.535334127358766,0.40340593074809233,48.13428637530652,2.683690248013802,2.3015720524017467,0.0,0.0,0.0,0.30131004366812225,0.0,0.2794759825327511,0.0,0.1222707423580786,0.0,0.0,0.026200873362445413,0.0,0.27074235807860264,-13.602728090161607
s422,5.703376208059347,2.277695111627175,16.229889765481815,0.3920234664707779,27.50064654706643,1.652929596453787,2.6160245901639345,0.0,0.0,0.0,0.42213114754098363,0.06147540983606557,0.14344262295081966,0.19672131147540983,0.06967213114754098,0.0,0.10655737704918032,0.0,0.0,0.0,-14.865744851957828
s423,7.573092629463564,2.79041713318273,25.151389899385762,0.45304133217230336,47.78764080883293,4.370698366388603,2.0430143540669854,0.0,0.0,0.3827751196172249,0.06698564593301436,0.0,0.3062200956937799,0.0,0.0,0.0,0.0,0.1674641148325359,0.0,0.07655502392344497,-14.456703364855219
s424,7.203565757396926,1.8860673606948077,19.55205374606341,0.2936837228680773,35.44803240139947,3.1448564073930343,2.2998654708520183,0.3273542600896861,0.0,0.43946188340807174,0.11210762331838565,0.0,0.1210762331838565,0.0,0.0,0.0,0.0,0.0,0.0,0.0,-14.28374940169982
s425,7.169174816928527,2.541554689505598,33.50664705075809,0.2530502734187546,52.46183595375839,3.8059370297923443,2.2293795620437957,0.0,0.0,0.41605839416058393,0.0,0.0,0.0948905109489051,0.18613138686131386,0.0,0.08029197080291971,0.0,0.0,0.0,0.22262773722627738,-13.304721157074841
s426,6.5841049136983525,2.5778888057631755,31.030962720272328,0.3392007213893626,54.18839758614719,2.762248687977151,2.0943589743589746,0.0,0.0,0.2905982905982906,0.0,0.0,0.2094017094017094,0.21794871794871795,0.0,0.0,0.0,0.0,0.1623931623931624,0.11965811965811966,-13.55492379970254
s427,6.338065496796556,2.31028038411104,30.092558063392886,0.2661157088529927,49.507111652678624,2.3783215452877786,2.2370980392156863,0.03137254901960784,0.0,0.3411764705882353,0.0,0.0,0.11372549019607843,0.24705882352941178,0.0,0.0,0.0,0.0,0.26666666666666666,0.0,-13.154160898725298
s428,7.543183566816834,1.8957755081654097,26.401584933872623,0.2489657494249539,42.46519986351804,4.240583283028147,2.2344569288389513,0.0,0.0,0.6217228464419475,0.0,0.0,0.10112359550561797,0.0,0.24344569288389514,0.033707865168539325,0.0,0.0,0.0,0.0,-14.102596973740905
s429,6.748820207937721,2.3139401033172264,32.293997615590975,0.23698434951120886,50.64285989717673,2.517368562329832,2.3025,0.0,0.0,0.322463768115942,0.0,0.0,0.09057971014492754,0.21739130434782608,0.05434782608695652,0.0,0.0,0.0,0.31521739130434784,0.0,-13.09583522482562
s430,5.674629943662028,1.782597691145373,29.524891769329574,0.2076671927013925,42.76475354929805,5.8245203799903775,2.464024767801858,0.0,0.0,0.47368421052631576,0.0,0.0,0.09597523219814241,0.0,0.0,0.21362229102167182,0.21671826625386997,0.0,0.0,0.0,-12.454273370305806
s431,8.120436423056589,2.5329799408556726,25.36778299235658,0.44749852339841567,45.86495165018066,7.420922780279541,2.0948230088495574,0.0,0.0,0.3008849557522124,0.035398230088495575,0.0,0.336283185840708,0.0,0.0,0.11061946902654868,0.0,0.0,0.2168141592920354,0.0,-14.475342658429163
s432,7.8193108887914295,2.017479777038051,16.90237165870881,0.19292516602010082,23.874599967926162,2.722019203046852,3.117433628318584,0.0,0.0,0.0,0.45722713864306785,0.25073746312684364,0.07374631268436578,0.0,0.0,0.2182890855457227,0.0,0.0,0.0,0.0,-14.956949800340315
s433,6.087279536475671,2.0272177179704634,21.075835390411008,0.3278793717138643,35.81418181727184,2.244723361126374,2.3572839506172842,0.0,0.0,0.345679012345679,0.24279835390946503,0.0,0.15637860082304528,0.0,0.2551440329218107,0.0,0.0,0.0,0.0,0.0,-14.02447519467098
s434,6.6373114605983865,2.464418773151992,29.81883316353995,0.40806185524533045,54.50491635630657,5.406580059027084,2.027219730941704,0.0,0.0,0.2825112107623318,0.0,0.0,0.3273542600896861,0.0,0.12556053811659193,0.0,0.1031390134529148,0.0,0.0,0.16143497757847533,-13.570051546316561
s435,6.537593218372893,2.2608339260951125,28.445545000433327,0.31942996210346974,48.43987735581035,5.042825347998372,2.121404255319149,0.0,0.0,0.48936170212765956,0.0,0.0,0.19148936170212766,0.0,0.22127659574468084,0.0,0.0,0.0,0.0,0.09787234042553192,-13.637447165161861
s436,6.894244189004607,2.617005308833518,26.349885068210085,0.3783877431753034,47.77255585537281,4.520758394507469,2.0626905829596414,0.03587443946188341,0.0,0.4663677130044843,0.0,0.0,0.21973094170403587,0.08071748878923767,0.0,0.0,0.0,0.11210762331838565,0.0,0.08520179372197309,-13.854678322792054
s437,7.666223284369515,2.3647447009957823,26.393448114314527,0.2912848315784426,43.421479155807816,4.922200488736876,2.223529411764706,0.0196078431372549,0.0,0.5294117647058824,0.0,0.0,0.13725490196078433,0.0,0.13725490196078433,0.0,0.0,0.09803921568627451,0.0784313725490196,0.0,-13.987810777562297
s438,7.433253287687302,2.385130828367751,23.400261096305215,0.33328637376652365,40.733787834309055,5.141124665068458,2.201191489361702,0.1276595744680851,0.0,0.5148936170212766,0.0,0.0,0.16170212765957448,0.0,0.0,0.0,0.059574468085106386,0.13617021276595745,0.0,0.0,-13.950940434903378
s439,5.997553629964357,2.5718827860233264,31.066297949328998,0.32065837363091415,51.57005459588613,2.660305574576021,2.2064658634538152,0.0,0.0,0.3333333333333333,0.0,0.0642570281124498,0.19678714859437751,0.13253012048192772,0.0,0.06827309236947791,0.0,0.0,0.0,0.20481927710843373,-12.860285941046866
s440,7.5035700381947485,1.9603692390072283,21.343905489980028,0.47310379548904063,43.56797203109326,4.793582997780073,2.000656565656566,0.20202020202020202,0.0,0.42424242424242425,0.0,0.0,0.30808080808080807,0.0,0.0,0.0,0.06565656565656566,0.0,0.0,0.0,-14.46886968871769
s441,7.525743699818474,1.9405962821588274,25.25653152038328,0.3847773611756958,44.944693886666265,3.492415384703134,2.118716814159292,0.0,0.0,0.40707964601769914,0.0,0.0,0.2610619469026549,0.0,0.17699115044247787,0.0,0.15486725663716813,0.0,0.0,0.0,-14.316384250386063
s442,7.035175829708466,2.135458216265452,26.707858248583,0.2914142433274223,42.3909610573439,10.038707688024733,2.255421245421246,0.0,0.0,0.5457875457875457,0.0,0.0,0.1684981684981685,0.0,0.0,0.20146520146520147,0.0,0.0,0.08424908424908426,0.0,-13.18414271410154
s443,7.381984637217251,2.288338426741161,25.645520101717956,0.29490639985618106,43.83383223059597,2.3765586118619457,2.1586721991701245,0.0,0.0,0.5394190871369294,0.0,0.0,0.0995850622406639,0.23651452282157676,0.0,0.0,0.0,0.07883817427385892,0.04564315352697095,0.0,-14.400220253597764
s444,5.703292128061888,2.7981774820657783,30.382155791854228,0.3367570139216606,52.337144283778095,8.606022141511822,2.127627118644068,0.09322033898305085,0.0,0.3686440677966102,0.0,0.0,0.211864406779661,0.0,0.038135593220338986,0.0,0.0,0.07627118644067797,0.0,0.211864406779661,-12.719028793880426
s445,5.910637721794683,1.933167709367696,22.595053555206885,0.26494467219937706,33.410695304381754,1.8387844291534792,2.7211858974358973,0.0,0.0,0.3525641025641026,0.0,0.32371794871794873,0.14743589743589744,0.0,0.0,0.1762820512820513,0.0,0.0,0.0,0.0,-12.521510957264574
s446,6.75606437120254,2.5886216050583157,27.21430790976293,0.43476406030964126,53.89500193894229,9.50761916666397,1.9642574257425742,0.16831683168316833,0.0,0.32673267326732675,0.0,0.0,0.32673267326732675,0.0,0.0,0.0,0.0,0.0,0.0,0.1782178217821782,-13.655415342798827
s447,8.10032648898944,2.9436032150216755,22.04957475173185,0.29000404704500876,35.494437405226904,2.601767065214758,2.4711363636363637,0.0,0.0,0.38257575757575757,0.23863636363636365,0.0,0.09090909090909091,0.0,0.0,0.0,0.0,0.2878787878787879,0.0,0.0,-14.912459706155817
s448,5.945946846315476,2.310674752503127,30.156489088472135,0.2294106088701652,44.72484130512533,3.7698561830288733,2.478827361563518,0.0,0.0,0.36482084690553745,0.0,0.0,0.08794788273615635,0.0,0.0,0.0,0.30944625407166126,0.23778501628664495,0.0,0.0,-12.393041234338066
s449,7.192402458170617,1.9907556169432972,25.311865501250832,0.41696876564473295,45.19975982366218,3.9304296405076626,2.1360444444444444,0.0,0.0,0.32,0.0,0.0,0.3022222222222222,0.04888888888888889,0.0,0.07555555555555556,0.24,0.013333333333333334,0.0,0.0,-13.812063719023461
s450,8.129324997975798,2.3635739456197578,24.16355808430196,0.2960862573253242,40.43368719439857,5.368484670206946,2.211832669322709,0.055776892430278883,0.0,0.5976095617529881,0.0,0.0,0.11952191235059761,0.0,0.10358565737051793,0.0,0.0,0.12350597609561753,0.0,0.0,-14.386851397926712
s451,8.967874923704237,3.0593093507002584,30.208864899716925,0.2731354111683688,46.991567621781954,7.352481885833541,2.284,0.0,0.0,0.49642857142857144,0.0,0.0,0.09642857142857143,0.0,0.0,0.0,0.0,0.26071428571428573,0.0,0.14642857142857144,-14.261290963216345
s452,5.4852984131391604,2.6394695757946462,34.87188114110712,0.25069291541948846,56.53143464490036,4.712257493126025,2.2285057471264373,0.16091954022988506,0.0,0.31800766283524906,0.0,0.0,0.10727969348659004,0.11494252873563218,0.0,0.0,0.0,0.0,0.0,0.2988505747126437,-12.38824148223573
s453,7.2112795952980555,2.6623001575105287,24.39136329856351,0.2591813585142506,37.29684652531669,1.7658078166384925,2.5568858131487886,0.0,0.0,0.4602076124567474,0.0,0.19377162629757785,0.08996539792387544,0.0,0.0,0.0,0.0,0.2560553633217993,0.0,0.0,-13.797677547696502
s454,7.665864937079963,2.3949166925807175,25.393086248138307,0.5115915021832308,52.69748006334082,6.381294976371261,1.9191191709844562,0.09844559585492228,0.0,0.27979274611398963,0.0,0.0,0.40414507772020725,0.0,0.0,0.0,0.10362694300518134,0.015544041450777202,0.0,0.09844559585492228,-14.285311585093254
s455,5.559468092923434,2.60760861952417,30.617711655792295,0.34957536272862033,54.917482811182985,5.565152196792158,2.084159292035398,0.12389380530973451,0.0,0.3008849557522124,0.0,0.0,0.24336283185840707,0.05752212389380531,0.017699115044247787,0.0,0.0,0.0,0.06637168141592921,0.1902654867256637,-12.780788728513889
s456,8.595482340932188,1.8926103598166453,22.42459722230919,0.299348690428864,34.34504100890514,4.570575765462166,2.6929553264604813,0.0,0.0,0.0,0.3539518900343643,0.0,0.18213058419243985,0.0,0.0,0.16494845360824742,0.29896907216494845,0.0,0.0,0.0,-14.808993246073578
s457,8.395370152482444,2.4789745434136417,24.542032348782136,0.3008003932614213,39.59849391245216,7.739293518576059,2.242813688212928,0.0,0.0,0.6197718631178707,0.0,0.0,0.12927756653992395,0.0,0.0,0.10646387832699619,0.0,0.1444866920152091,0.0,0.0,-14.308473231240542
s458,9.2964032532341,2.6988839522593246,24.755108701499736,0.3225462089830267,41.14922042434723,2.6896908718704475,2.2662151394422314,0.0,0.0,0.549800796812749,0.0,0.05179282868525897,0.14741035856573706,0.0,0.0,0.0,0.0,0.250996015936255,0.0,0.0,-14.725082545584339
s459,6.021938001281769,2.1576915621717387,25.701914077132194,0.3455707940514971,45.17306110526266,3.7714615579555906,2.088448275862069,0.0,0.0,0.5258620689655172,0.0,0.0,0.1939655172413793,0.04741379310344827,0.1896551724137931,0.0,0.0,0.0,0.0,0.04310344827586207,-13.802363410476548
s460,7.100749621285692,2.9493514281743956,27.790436932846266,0.34783152029789777,44.8397847444084,3.5121230243690045,2.464866920152091,0.0,0.0,0.0,0.35361216730038025,0.0,0.23193916349809887,0.0,0.0,0.1482889733840304,0.0,0.0,0.0,0.2661596958174905,-13.704289215714551
s461,8.263717897592109,2.1467730400548426,21.517458047957177,0.36360626615865727,34.479782173232586,4.4032496365991,2.5965413533834583,0.0,0.0,0.0,0.31954887218045114,0.0,0.22180451127819548,0.0,0.0,0.10526315789473684,0.30451127819548873,0.04887218045112782,0.0,0.0,-14.649690552649727
s462,6.61256524499348,2.3932389014462716,24.63622342179303,0.4346676451201091,49.02852383940989,8.206513289559716,1.9887562189054724,0.19900497512437812,0.0,0.39303482587064675,0.0,0.0,0.29850746268656714,0.0,0.0,0.0,0.0,0.0,0.0,0.10945273631840796,-13.759317357426186
s463,7.066719848661215,1.9905976656364626,22.121900413437633,0.283313949493117,36.035045327549334,1.1539533691385084,2.4910424710424715,0.0,0.0,0.3667953667953668,0.0,0.2471042471042471,0.0888030888030888,0.2972972972972973,0.0,0.0,0.0,0.0,0.0,0.0,-14.386951401218134
s464,7.545846649007543,2.035703840192518,22.36244222242414,0.375254922859959,39.83310020869301,2.5951541233169158,2.1756140350877198,0.0,0.0,0.4473684210526316,0.11403508771929824,0.0,0.21052631578947367,0.0,0.22807017543859648,0.0,0.0,0.0,0.0,0.0,-14.943209820246079
s465,8.004886484307768,2.2722886435837744,21.717752583132068,0.479780943394291,41.10860310378567,1.7777313471143938,2.1307075471698114,0.0,0.0,0.4056603773584906,0.0,0.12264150943396226,0.30660377358490565,0.0330188679245283,0.07075471698113207,0.0,0.0,0.06132075471698113,0.0,0.0,-14.90135237541171
s466,7.133444283956858,1.8733663294777356,26.272753687028747,0.2587733853709649,44.024614286372504,2.4318985159399964,2.1995967741935485,0.020161290322580645,0.0,0.5443548387096774,0.0,0.0,0.0846774193548387,0.1975806451612903,0.10080645161290322,0.0,0.05241935483870968,0.0,0.0,0.0,-13.925384653173802
s467,7.682459336100569,2.66667277927212,22.982625448964303,0.4327100044868979,42.65419468917951,3.4388427813439812,2.1037899543378993,0.0,0.0,0.4657534246575342,0.0730593607305936,0.0,0.2557077625570776,0.0,0.0,0.0,0.0,0.2054794520547945,0.0,0.0,-14.590598275030334
s468,7.0870115973082735,2.3084215607195717,23.712558160790657,0.36788863442403436,39.010982780655546,2.650917898282077,2.3716470588235294,0.0196078431372549,0.0,0.34901960784313724,0.0,0.14901960784313725,0.23921568627450981,0.0,0.0,0.12549019607843137,0.0,0.00784313725490196,0.10980392156862745,0.0,-13.68627757484988
s469,7.14397560183138,2.06435323928292,21.738824264317245,0.4670440938206019,41.85231587335842,1.8175623956091043,2.0740776699029126,0.03398058252427184,0.0,0.4368932038834951,0.0,0.0825242718446602,0.2912621359223301,0.10679611650485436,0.0,0.04854368932038835,0.0,0.0,0.0,0.0,-14.50809014453495
s470,6.243818957168856,2.4721457423366657,27.456045837901364,0.39292036964205085,52.41608750872077,5.058854969116974,2.0062857142857142,0.13333333333333333,0.0,0.37142857142857144,0.0,0.0,0.26666666666666666,0.0761904761904762,0.0,0.0,0.0,0.0,0.0,0.1523809523809524,-13.373168524168873
s471,7.068895377181829,2.1331934075475893,27.978995882804988,0.296117547802702,46.44513316545625,4.138564526866471,2.1924899598393575,0.0,0.0,0.46987951807228917,0.0,0.0,0.17269076305220885,0.0,0.2248995983935743,0.0,0.0,0.0,0.13253012048192772,0.0,-13.912404770761514
s472,7.023033298808787,2.7152280575087713,26.541031742161707,0.4003964808565197,47.32121938524954,4.275614429850728,2.159652173913044,0.05652173913043478,0.0,0.29130434782608694,0.0,0.030434782608695653,0.2826086956521739,0.0,0.0,0.0,0.0,0.1,0.2391304347826087,0.0,-13.671853363195288
s473,6.835759287491624,2.2017522817362942,32.04366604631095,0.20671614278755754,47.75134548077707,4.061735483593538,2.3791776315789472,0.0,0.0,0.41776315789473684,0.0,0.0,0.0756578947368421,0.0,0.2532894736842105,0.0,0.0,0.0,0.2532894736842105,0.0,-13.425172199625774
s474,7.373072683759392,2.0833755333217345,23.710151630085292,0.2613342177426064,38.199688737359644,2.5757951608083154,2.39551724137931,0.0,0.0,0.40229885057471265,0.1839080459770115,0.0,0.10344827586206896,0.0,0.25287356321839083,0.0,0.0,0.022988505747126436,0.034482758620689655,0.0,-14.314738549605263
s475,6.8453302899766,2.8164519078840464,28.40165377302114,0.40767598863496984,51.681697849268026,7.2528301322593585,2.0703153153153155,0.04954954954954955,0.0,0.2972972972972973,0.0,0.0,0.30180180180180183,0.0,0.0,0.0,0.0,0.0990990990990991,0.17117117117117117,0.08108108108108109,-13.555472638144101
s476,8.18765024162115,2.6548349782761003,21.865767257604354,0.40621923067991117,37.15651359159338,1.865216129648279,2.380658436213992,0.0,0.0,0.3662551440329218,0.0,0.18930041152263374,0.23045267489711935,0.0,0.0,0.0,0.03292181069958848,0.18106995884773663,0.0,0.0,-14.5649754124802
s477,6.293930770589587,3.0907410854358157,31.75218978868913,0.31784120078163774,51.39885722044055,7.8521181818455394,2.2045173745173745,0.0,0.0,0.3783783783783784,0.0,0.0,0.1776061776061776,0.0,0.0,0.0,0.0,0.20463320463320464,0.05019305019305019,0.1891891891891892,-12.951536991343394
s478,8.612857916311139,2.7133534061923,23.833432593413832,0.3208347433465392,39.56661358645172,3.6727669534586784,2.2772047244094487,0.0,0.0,0.5236220472440944,0.07874015748031496,0.0,0.1377952755905512,0.0,0.0,0.027559055118110236,0.0,0.23228346456692914,0.0,0.0,-14.628659766140842
s479,8.007965014340396,2.084043213173209,20.561698056435397,0.46618096711637025,41.75932491873991,4.020922732649633,2.0330964467005077,0.19289340101522842,0.0,0.4416243654822335,0.050761421319796954,0.0,0.28426395939086296,0.0,0.0,0.0,0.0,0.030456852791878174,0.0,0.0,-14.756385274569126
s480,7.632751814048907,1.961410601375355,22.609650941160606,0.3775204999737304,41.17529927495912,3.423100214401658,2.1574107142857146,0.09375,0.0,0.42857142857142855,0.0625,0.0,0.22321428571428573,0.0,0.13392857142857142,0.0,0.05803571428571429,0.0,0.0,0.0,-14.612914232788095
s481,8.382744662682137,2.4058769083809564,23.320357929371465,0.5123819979703363,45.96148213264476,4.051548030562531,2.0194088669950743,0.0,0.0,0.33004926108374383,0.03940886699507389,0.0,0.3645320197044335,0.0,0.0,0.0,0.13793103448275862,0.12807881773399016,0.0,0.0,-14.954305045694248
s482,7.33571415613898,2.5278828805077356,18.482705777276927,0.361134764715502,29.639948898925795,3.22402996232758,2.6696958174904943,0.0,0.0,0.0,0.49809885931558934,0.0,0.19011406844106463,0.0,0.0,0.18631178707224336,0.0,0.0,0.12547528517110265,0.0,-14.716986841803307
s483,7.099428183612222,2.3747384956020037,23.658355492444652,0.4877802795018843,45.990074228303634,1.8411484041160342,2.0762980769230768,0.0,0.0,0.2692307692307692,0.0,0.10096153846153846,0.33653846153846156,0.14903846153846154,0.0,0.0,0.0,0.0,0.14423076923076922,0.0,-14.451718576758628
s484,7.065776279301957,2.1174570161298987,22.720519202962233,0.27869603842179563,35.930123390731,2.3163761794421407,2.6477573529411766,0.03308823529411765,0.0,0.0,0.31985294117647056,0.0,0.11764705882352941,0.1323529411764706,0.0,0.0,0.3125,0.08455882352941177,0.0,0.0,-13.97516835232458
s485,7.511165632411553,2.1706527589003968,20.874217836882472,0.427701817147547,40.38283263770722,2.553368197486339,2.157729468599034,0.14009661835748793,0.0,0.30434782608695654,0.14492753623188406,0.0,0.24154589371980675,0.10144927536231885,0.0,0.0,0.0,0.0,0.06763285024154589,0.0,-14.849896578843989
s486,5.631742090539917,2.777326714480312,32.65432105708167,0.39455463839988786,57.96774823311397,23.79280300514859,2.013187772925764,0.0,0.0,0.2925764192139738,0.0,0.0,0.3318777292576419,0.0,0.0,0.10480349344978165,0.0,0.0,0.0,0.27074235807860264,-12.64549637423015
s487,7.762557756966337,2.46044142480856,24.72240039657371,0.4959871159054496,48.72473087868404,5.332896455066155,1.967241379310345,0.0,0.0,0.35467980295566504,0.0,0.0,0.3694581280788177,0.0,0.034482758620689655,0.0,0.06403940886699508,0.08866995073891626,0.08866995073891626,0.0,-14.540268935158696
s488,7.861867972557089,1.964189063692071,20.143663449321917,0.2709595746773845,31.27275927767656,2.3704880002115667,2.728113879003559,0.0,0.0,0.0,0.44483985765124556,0.0,0.1103202846975089,0.12455516014234876,0.0,0.12099644128113879,0.199288256227758,0.0,0.0,0.0,-14.888244593837912
s489,8.02066431643723,1.9468127434862095,21.04310344027614,0.315186108796563,37.375064319296456,2.7086125563726022,2.25609243697479,0.23949579831932774,0.0,0.5042016806722689,0.0,0.058823529411764705,0.14705882352941177,0.0,0.05042016806722689,0.0,0.0,0.0,0.0,0.0,-14.687715213886694
s490,7.545849169364126,1.9444704336230727,25.232496770929185,0.39937931441492724,45.25828785896818,3.7449562952885063,2.1100884955752215,0.0,0.0,0.3893805309734513,0.0,0.0,0.27876106194690264,0.030973451327433628,0.08849557522123894,0.04424778761061947,0.168141592920354,0.0,0.0,0.0,-14.0973050208918
s491,7.56087756630151,2.0181671646896384,23.480941400729,0.4913928397537917,46.72939823313403,3.703744351879903,1.9423383084577117,0.0,0.0,0.42786069651741293,0.0,0.0,0.35323383084577115,0.0,0.14427860696517414,0.0,0.07462686567164178,0.0,0.0,0.0,-14.727653206425328
s492,7.162256353646676,3.014246298533676,21.477748045832826,0.5061482342011673,41.92291205100059,2.698272657136612,2.260689655172414,0.12315270935960591,0.0,0.0,0.3399014778325123,0.0,0.3251231527093596,0.0,0.0,0.0,0.0,0.03940886699507389,0.0,0.1724137931034483,-14.459803245080002
s493,7.722669146391862,2.1278032526620287,23.930615220781327,0.516414733901311,47.861230441562626,5.580272774662719,1.9406500000000002,0.0,0.0,0.365,0.0,0.0,0.395,0.0,0.055,0.05,0.09,0.0,0.045,0.0,-14.536825226885504
s494,7.039697779419377,2.2924352275438635,26.60155426343254,0.3275986728484817,44.69784968073356,4.794271308521068,2.1471255060728747,0.0,0.0,0.5222672064777328,0.0,0.0,0.17813765182186234,0.09716599190283401,0.0,0.12955465587044535,0.0,0.0,0.0,0.0728744939271255,-13.622695474354463
s495,8.098628664482614,2.173233628511508,22.207486801457488,0.5279465023734807,47.733333699684515,6.207219186190157,1.8975935828877004,0.1443850267379679,0.0,0.40641711229946526,0.0,0.0,0.37433155080213903,0.0,0.0,0.0,0.0,0.016042780748663103,0.058823529411764705,0.0,-14.781414077919372
s496,7.651099464727856,2.0739028594085442,21.012861416885354,0.5349438922450003,41.81767470093023,1.5496231672249254,2.0858706467661694,0.0,0.0,0.35323383084577115,0.0,0.14925373134328357,0.3582089552238806,0.05970149253731343,0.07960199004975124,0.0,0.0,0.0,0.0,0.0,-14.784690158538812
s497,6.844493424180724,1.9741161671090395,20.635116508097592,0.3349275229882713,38.12250337936674,5.81687606275253,2.156605504587156,0.28440366972477066,0.0,0.5412844036697247,0.0,0.0,0.1559633027522936,0.0,0.01834862385321101,0.0,0.0,0.0,0.0,0.0,-14.317007837475805
s498,7.943038105423082,2.0707194562922204,28.47630698706422,0.18554181946377393,40.75275933259853,5.135737622966348,2.5353726708074533,0.0,0.0,0.45652173913043476,0.11490683229813664,0.0,0.059006211180124224,0.0,0.0,0.2422360248447205,0.0,0.0,0.12732919254658384,0.0,-13.91793988016544
s499,7.371397203718192,2.5196709383400444,25.681867855620354,0.3604967717935515,43.94854851349119,4.247167115212124,2.1951851851851854,0.0,0.0,0.448559670781893,0.0,0.0,0.20987654320987653,0.0,0.0,0.0,0.13580246913580246,0.205761316872428,0.0,0.0,-13.782978916938914
s500,5.7269677487311,2.623421462022886,33.95132801962765,0.2931630610324347,55.71499982708128,4.238588101590168,2.1449609375,0.0,0.0,0.35546875,0.0,0.0,0.1640625,0.10546875,0.12109375,0.0,0.0,0.0,0.0,0.25390625,-12.914802045948154
s501,7.304872585215966,3.1304412684009706,25.845807540540743,0.33213521586590317,41.837900956250344,3.220846458712441,2.4725096525096526,0.019305019305019305,0.0,0.10810810810810811,0.3166023166023166,0.0,0.17374517374517376,0.0,0.0,0.05405405405405406,0.0,0.13513513513513514,0.0,0.19305019305019305,-14.151602775458331
s502,7.678796119430013,2.4885931558626386,21.982899930378487,0.31338716349442525,34.128148510698075,1.790122795000964,2.5914590747330957,0.0,0.0,0.3807829181494662,0.0,0.26334519572953735,0.15302491103202848,0.0,0.0,0.060498220640569395,0.0,0.1423487544483986,0.0,0.0,-14.027481114714577
s503,6.221901771697503,2.032201019959127,19.22020669828798,0.264538943660924,30.939844928951395,1.9328149173185982,2.586060606060606,0.0,0.0,0.21212121212121213,0.4090909090909091,0.0,0.09090909090909091,0.0,0.2878787878787879,0.0,0.0,0.0,0.0,0.0,-14.135442272847396
s504,6.2390883402441615,1.9970005781981546,24.300090025488924,0.36429367965102954,44.89338665725917,1.7769841931783454,2.048440366972477,0.0,0.0,0.48623853211009177,0.0,0.0,0.1743119266055046,0.28440366972477066,0.0,0.0,0.05504587155963303,0.0,0.0,0.0,-14.338638786330177
s505,6.067260643225157,2.2448354649008264,30.794039795322696,0.2171883284660756,44.665228892314886,8.85726089363165,2.418633540372671,0.0,0.0,0.4658385093167702,0.0,0.0,0.09937888198757763,0.0,0.0,0.2111801242236025,0.0,0.0,0.2236024844720497,0.0,-12.497175194829044
s506,6.284495874079716,2.410555311667579,33.145477315869236,0.2556708053154388,52.16646145736234,5.617889798455267,2.224801444043321,0.0,0.0,0.44404332129963897,0.0,0.0,0.1263537906137184,0.0,0.23826714801444043,0.0,0.0,0.0,0.0,0.19133574007220217,-13.194619012237492
s507,5.6311113607082035,2.550636405736069,35.524396715176984,0.26730253736677506,55.481922959658476,5.517384448193043,2.233201438848921,0.0,0.0,0.3345323741007194,0.0,0.0,0.15467625899280577,0.0,0.20503597122302158,0.0,0.046762589928057555,0.0,0.0,0.2589928057553957,-12.747836151319122
s508,6.582114155107112,3.0373499130422283,30.939544292084488,0.31569764380184484,49.430041176702986,2.844025575600144,2.3125555555555555,0.0,0.0,0.3148148148148148,0.0,0.09259259259259259,0.17407407407407408,0.03333333333333333,0.0,0.0,0.0,0.16666666666666666,0.0,0.21851851851851853,-13.085318489759052
s509,6.685223447609759,2.8662352540250415,28.81557285272643,0.35696016907596245,48.62627918897585,5.575012452887697,2.19320987654321,0.0,0.0,0.32098765432098764,0.0,0.0,0.23868312757201646,0.0,0.0,0.0,0.0,0.16872427983539096,0.2716049382716049,0.0,-13.30743986179567
s510,7.6432533080106,2.5373238527450046,24.34098636809263,0.30199892153757085,39.379684952200776,2.098967733439151,2.3664566929133857,0.0,0.0,0.5078740157480315,0.0,0.11023622047244094,0.13385826771653545,0.0,0.051181102362204724,0.0,0.0,0.1968503937007874,0.0,0.0,-13.905702686035406
s511,5.878483852926222,2.6361659252998533,34.163430692120684,0.32266725536153446,57.40385973437971,6.67511804877537,2.101902834008097,0.0,0.0,0.3319838056680162,0.0,0.0,0.23076923076923078,0.0,0.17408906882591094,0.0,0.0,0.0,0.0,0.2631578947368421,-12.884979674702734
s512,6.198715000682964,1.9392026698007296,28.471503672576,0.2200733531034934,42.08830977685146,7.439962335921233,2.395718954248366,0.0,0.0,0.5490196078431373,0.0,0.0,0.09803921568627451,0.0,0.0,0.22549019607843138,0.08496732026143791,0.0,0.042483660130718956,0.0,-12.63751928083205
s513,6.260306329391535,1.7584501435744035,28.853595344423223,0.24109878407724944,44.707219160040395,3.3276892480972036,2.375709219858156,0.02127659574468085,0.0,0.37943262411347517,0.0,0.0,0.12411347517730496,0.0,0.20921985815602837,0.0,0.26595744680851063,0.0,0.0,0.0,-13.104048770832676
s514,8.339193211882437,2.2948691337634006,23.978875132122226,0.5138084542143788,47.48757624204601,10.272914219271465,1.9317821782178217,0.0,0.0,0.40594059405940597,0.0,0.0,0.3910891089108911,0.0,0.0,0.10396039603960396,0.0,0.0,0.09900990099009901,0.0,-14.878383875573553
s515,7.013871739869794,2.2134400711625846,24.654028231189386,0.43827692846236194,45.54727249490919,4.316139488317752,2.1188532110091747,0.05045871559633028,0.0,0.3073394495412844,0.0,0.0,0.3119266055045872,0.0,0.0,0.0,0.23394495412844038,0.0963302752293578,0.0,0.0,-13.672400286066535
s516,6.868992799424906,2.792430193167657,27.478151272556687,0.387098914083265,49.46067229060201,7.891211637630417,2.0672,0.02666666666666667,0.0,0.4488888888888889,0.0,0.0,0.24888888888888888,0.0,0.0,0.0,0.0,0.1688888888888889,0.0,0.10666666666666667,-13.579529633140137
s517,6.8025220548247,2.155136780988891,17.467809204313827,0.3821871178723399,30.160246108167787,1.8907832947253616,2.4895833333333335,0.0,0.0,0.15416666666666667,0.425,0.0,0.175,0.0,0.24583333333333332,0.0,0.0,0.0,0.0,0.0,-14.70022699898512
s518,7.010622560734987,1.7975181332878203,28.262757822428977,0.22290819414866922,43.964289946000605,3.340838923179438,2.3202857142857143,0.0,0.0,0.5285714285714286,0.0,0.0,0.08571428571428572,0.0,0.2714285714285714,0.0,0.11428571428571428,0.0,0.0,0.0,-13.677982185386885
s519,7.904365376858639,2.793457054444902,29.213389111283753,0.46866169081382975,59.33028510229793,11.525811482475437,1.891522842639594,0.116751269035533,0.0,0.24873096446700507,0.0,0.0,0.39086294416243655,0.0,0.0,0.0,0.0,0.0,0.0,0.2436548223350254,-14.265007254865921
s520,7.799276226581111,2.6621288533774417,25.53671505469808,0.26339476801895473,40.55831214569695,5.278089865952468,2.282777777777778,0.0,0.0,0.6296296296296297,0.0,0.0,0.07407407407407407,0.0,0.05555555555555555,0.0,0.0,0.24074074074074073,0.0,0.0,-13.978047077864174
s521,7.098487373281124,2.3040247520276074,25.54453417290681,0.4223181911272454,48.99906100439399,6.438559674655894,1.9869194312796208,0.07582938388625593,0.0,0.43601895734597157,0.0,0.0,0.2938388625592417,0.0,0.10900473933649289,0.0,0.0,0.0,0.0,0.08530805687203792,-14.138417537710778
s522,7.0337018411755095,1.9585796030870866,21.646244900558514,0.3066797366815373,39.24481799044345,3.7930168290119903,2.1629596412556054,0.23318385650224216,0.0,0.5515695067264574,0.0,0.0,0.1210762331838565,0.09417040358744394,0.0,0.0,0.0,0.0,0.0,0.0,-14.361997390214794
s523,6.774532467176467,2.1532989152333424,22.82523576426792,0.32821852086205566,40.797862350305614,3.9407212336577797,2.164140969162996,0.15859030837004406,0.0,0.5242290748898678,0.0,0.0,0.14977973568281938,0.07048458149779736,0.0,0.0,0.03524229074889868,0.06167400881057269,0.0,0.0,-13.897477452765315
s524,7.5432580868220604,1.8901860271492865,21.942887867641335,0.40803519611853073,41.191035119958265,3.6499786838170727,2.1978504672897197,0.205607476635514,0.0,0.2850467289719626,0.06074766355140187,0.0,0.2616822429906542,0.0,0.0,0.0,0.18691588785046728,0.0,0.0,0.0,-14.21297514414442
s525,6.271719214774878,2.0689681939879754,19.168807109852263,0.38204753993573004,33.367923487520635,2.1680793869164643,2.4205957446808513,0.0,0.0,0.19148936170212766,0.34893617021276596,0.0,0.19574468085106383,0.0,0.2297872340425532,0.0,0.03404255319148936,0.0,0.0,0.0,-14.107857507513232
s526,6.379565466758305,2.093862272360706,29.656863964359033,0.21434679750435723,43.580274276264646,9.458161960939647,2.3896485623003194,0.0,0.0,0.5463258785942492,0.0,0.0,0.0926517571884984,0.0,0.0,0.2268370607028754,0.0,0.0,0.134185303514377,0.0,-12.514322705615426
s527,6.797497315067644,1.854207848491509,21.24640771842151,0.3495888881401497,38.951747483772735,3.369531368643322,2.2643181818181817,0.2590909090909091,0.0,0.33636363636363636,0.09090909090909091,0.0,0.19545454545454546,0.0,0.0,0.0,0.11818181818181818,0.0,0.0,0.0,-13.816384383430705
s528,7.675813115499221,2.041457693240747,21.16613334618756,0.3548022832517615,38.658805533119455,5.146875399950128,2.133393665158371,0.19909502262443438,0.0,0.5475113122171946,0.0,0.0,0.17194570135746606,0.04072398190045249,0.0,0.04072398190045249,0.0,0.0,0.0,0.0,-14.751007867459293
s529,6.874702787650753,1.9153404328468346,25.20908904646796,0.285526416815898,42.715400884292904,1.4909442009725935,2.251557377049181,0.0,0.0,0.4426229508196721,0.0,0.06147540983606557,0.09836065573770492,0.3114754098360656,0.0,0.0,0.0860655737704918,0.0,0.0,0.0,-14.032402088392546
s530,7.191414919284475,2.8245031563350604,27.672404840200187,0.352590923706959,47.72487211570755,7.009854252870721,2.1294117647058823,0.0,0.0,0.4957983193277311,0.0,0.0,0.20168067226890757,0.0,0.0,0.0,0.0,0.2184873949579832,0.0,0.08403361344537816,-13.622636504450757
s531,7.677233840124277,1.8830337089148856,24.590325130170747,0.2899766822998021,42.89440173082414,2.5126740357717923,2.1944827586206896,0.11637931034482758,0.0,0.47413793103448276,0.0,0.0,0.11637931034482758,0.1939655172413793,0.0,0.0,0.09913793103448276,0.0,0.0,0.0,-14.292306278043984
s532,8.958354110629237,2.465956924662288,25.320630173267674,0.2514273466181994,39.07000462219258,7.767576831714537,2.31794425087108,0.0,0.0,0.6480836236933798,0.0,0.0,0.07665505226480836,0.0,0.0,0.11846689895470383,0.0,0.156794425087108,0.0,0.0,-14.366858938144873
s533,7.145603082000932,2.4082776140903377,26.420950504740258,0.4618042629659779,50.43999641814051,7.819267443678857,1.9794761904761904,0.023809523809523808,0.0,0.3523809523809524,0.0,0.0,0.35714285714285715,0.014285714285714285,0.0,0.08095238095238096,0.06666666666666667,0.0,0.0,0.10476190476190476,-13.946666249830328
s534,6.22169254669516,1.9267447442673522,24.380824828880737,0.24118449934118424,38.98012113359972,2.577130034212497,2.345243445692884,0.0,0.0,0.5093632958801498,0.11610486891385768,0.0,0.08239700374531835,0.0,0.29213483146067415,0.0,0.0,0.0,0.0,0.0,-13.82024922608552
s535,7.08128470673193,2.021537422978998,23.972459193874773,0.3628970376204787,43.42552034300265,2.7554494410012733,2.056923076923077,0.0,0.0,0.5520361990950227,0.0,0.0,0.19004524886877827,0.11764705882352941,0.14027149321266968,0.0,0.0,0.0,0.0,0.0,-14.745583367740323
s536,5.934620587341644,2.4212108417823317,30.86599480330913,0.3006630002838638,51.44332467218193,6.039000487591528,2.1507599999999996,0.028,0.0,0.432,0.0,0.0,0.18,0.0,0.192,0.0,0.0,0.0,0.0,0.168,-13.117530642055755
s537,8.044312680741935,2.7992550339429756,26.31196265776293,0.33579192735741853,44.15363596679394,4.426922577196791,2.234244897959184,0.0,0.0,0.44081632653061226,0.04081632653061224,0.0,0.17959183673469387,0.0,0.0,0.0,0.0,0.22448979591836735,0.11428571428571428,0.0,-14.12004479885859
s538,8.313844297620065,2.100495064241362,20.020980864291992,0.5379036441973895,40.654848897899036,1.7250787051153362,2.098140703517588,0.10050251256281408,0.0,0.35175879396984927,0.0,0.1407035175879397,0.34673366834170855,0.04522613065326633,0.0,0.0,0.0,0.01507537688442211,0.0,0.0,-14.992179949311154
s539,8.247901889335816,2.3602442978866103,24.177753307781856,0.4165148538070256,42.96200780075082,6.632935043412636,2.103333333333333,0.0,0.0,0.46320346320346323,0.0,0.0,0.2727272727272727,0.0,0.0,0.09523809523809523,0.06060606060606061,0.06926406926406926,0.03896103896103896,0.0,-14.589113998294119
s540,7.204068903299218,2.07836441913641,25.97797265380875,0.36947990643637646,45.31923696540358,3.832576832302249,2.161589958158996,0.0,0.0,0.39330543933054396,0.0,0.0,0.24686192468619247,0.0,0.11715481171548117,0.0,0.1799163179916318,0.06276150627615062,0.0,0.0,-13.844785902677534
s541,8.244575304681732,2.2062689097728456,22.335538811083723,0.2819029730782777,38.00143756052437,3.953872395367084,2.2796326530612245,0.15510204081632653,0.0,0.5265306122448979,0.061224489795918366,0.0,0.10612244897959183,0.0,0.07346938775510205,0.0,0.0,0.07755102040816327,0.0,0.0,-14.597131749478606
s542,5.599975706816621,2.2234676870425414,22.71947401291484,0.3295191025567126,39.50475705230715,2.0586627283142604,2.3862231759656654,0.24034334763948498,0.0,0.33047210300429186,0.0,0.16738197424892703,0.18454935622317598,0.0,0.0,0.0,0.0,0.0,0.0,0.07725321888412018,-12.864481052386813
s543,7.593616452213711,2.189101622719197,18.667982021213955,0.3844417056181693,34.64650900547337,2.337397083374419,2.318310502283105,0.1643835616438356,0.0,0.2876712328767123,0.2511415525114155,0.0,0.1780821917808219,0.0684931506849315,0.0,0.0,0.0,0.0502283105022831,0.0,0.0,-14.910293737866413
s544,7.6944439552478,2.2117565572497866,23.752169527462172,0.33799292463751895,40.479049476379195,3.8397988542055876,2.1484297520661157,0.0,0.0,0.5867768595041323,0.0,0.0,0.16115702479338842,0.10330578512396695,0.0,0.10743801652892562,0.0,0.04132231404958678,0.0,0.0,-14.43928170399814
s545,6.8990678640015535,1.6296652176335302,20.661493748304505,0.20678241530947974,33.821680849135426,2.628985752856513,2.6866536964980545,0.30739299610894943,0.0,0.06614785992217899,0.32684824902723736,0.0,0.08171206225680934,0.0,0.0,0.0,0.2178988326848249,0.0,0.0,0.0,-13.283454308439703
s546,5.433421109439814,2.621854021123419,31.78822994425688,0.33134810003239246,52.22352062270773,8.550759638401598,2.189209486166008,0.0,0.0,0.32806324110671936,0.05533596837944664,0.0,0.24110671936758893,0.0,0.0,0.15019762845849802,0.0,0.0,0.0,0.22529644268774704,-12.287800304475295
s547,6.593593667875862,2.383337685565746,28.936599918097798,0.30315578032831525,49.60559985959619,1.859047815215188,2.157,0.0,0.0,0.4083333333333333,0.0,0.041666666666666664,0.12916666666666668,0.2875,0.0,0.0,0.0,0.0,0.0,0.13333333333333333,-13.77292284606676
s548,6.240490189772936,2.3246748533124757,29.105692518714893,0.2649643972314525,47.64435017394735,5.006045590640932,2.3030739299610894,0.17120622568093385,0.0,0.31906614785992216,0.0,0.0,0.1517509727626459,0.0,0.06614785992217899,0.0,0.0,0.0,0.2918287937743191,0.0,-13.108709012287871
s549,8.063683387105868,1.9832808492376992,22.21882411412748,0.5298850316704442,46.61122884811527,5.306728161662787,1.9275647668393785,0.10880829015544041,0.0,0.38860103626943004,0.0,0.0,0.38341968911917096,0.0,0.0,0.031088082901554404,0.08808290155440414,0.0,0.0,0.0,-14.664354739046354
s550,7.5656058389106855,2.0509090346614123,26.27740018285569,0.2723744119455546,41.14290085772834,10.8015513511865,2.2749999999999995,0.0,0.0,0.5985401459854015,0.0,0.0,0.14233576642335766,0.0,0.0,0.21897810218978103,0.0,0.0,0.040145985401459854,0.0,-13.358929870222585
s551,6.001238156503101,2.408895371817892,27.384087623892135,0.3790238262710499,51.02334275220928,2.3718102776311327,1.993165137614679,0.0,0.0,0.42201834862385323,0.0,0.0,0.21559633027522937,0.24770642201834864,0.0,0.0,0.0,0.0,0.0,0.11467889908256881,-13.807375833250635
s552,8.221471092535172,2.2375814587244878,20.836223880636418,0.4471274856821961,40.129023770114564,3.9565479096941867,2.0963461538461536,0.125,0.0,0.4423076923076923,0.07692307692307693,0.0,0.2644230769230769,0.0,0.0,0.03365384615384615,0.0,0.057692307692307696,0.0,0.0,-14.874102329085217
s553,6.699253875776923,1.769893480289381,20.24031907596876,0.21901451013904302,32.70539362885195,1.6346417131827435,2.646566037735849,0.2981132075471698,0.0,0.3584905660377358,0.0,0.26037735849056604,0.0830188679245283,0.0,0.0,0.0,0.0,0.0,0.0,0.0,-13.200701091610389
s554,6.59802111497274,1.978502698249142,19.354749228528664,0.3448966707900047,32.70285214475533,1.74800916726376,2.515510204081633,0.18775510204081633,0.0,0.33877551020408164,0.0,0.2530612244897959,0.1836734693877551,0.0,0.0,0.036734693877551024,0.0,0.0,0.0,0.0,-13.58480432118793
s555,7.046970732051408,2.0625956562370678,21.45027977617047,0.41915087111747495,39.475724966229656,2.4930466347674907,2.1559817351598176,0.0,0.0,0.3972602739726027,0.1461187214611872,0.0,0.2465753424657534,0.0,0.2100456621004566,0.0,0.0,0.0,0.0,0.0,-14.730039901052434
s556,4.89035497559639,1.7165664456490843,23.830202238670015,0.18862310087337575,35.17246195803703,2.3942932519680444,2.8072312703583058,0.0,0.0,0.0,0.4169381107491857,0.0,0.06514657980456026,0.0,0.25732899022801303,0.0,0.26058631921824105,0.0,0.0,0.0,-14.323187287936836
s557,7.678929979464697,2.730598564471427,19.301767605055343,0.46018718107851925,33.428423605856665,3.2009877089532557,2.4956066945606694,0.0,0.0,0.0,0.3472803347280335,0.0,0.25523012552301255,0.0,0.0,0.0,0.2301255230125523,0.16736401673640167,0.0,0.0,-14.822832841951083
s558,7.316254768653219,2.4165623476882017,24.91335156925677,0.4513828850333864,49.8267031385135,7.26441240815827,1.9791584158415843,0.1782178217821782,0.0,0.3564356435643564,0.0,0.0,0.3217821782178218,0.0,0.0,0.0,0.0297029702970297,0.0,0.0,0.11386138613861387,-14.143956128868238
s559,6.581764571195387,2.4501327341547787,25.63965107318665,0.38899159882996437,47.3347404428061,5.52046253770097,2.1260648148148147,0.18518518518518517,0.0,0.28703703703703703,0.0,0.0,0.27314814814814814,0.0,0.0,0.0,0.0,0.0,0.25462962962962965,0.0,-13.522134190141754
s560,7.390581263439,2.0448971702010437,21.227368660222766,0.49393879869376345,42.45473732044552,1.4770075535634153,2.06095,0.045,0.0,0.39,0.0,0.11,0.305,0.15,0.0,0.0,0.0,0.0,0.0,0.0,-14.817226018834493
s561,7.413240671824661,2.2385878581031737,24.949668364533874,0.2904784977929229,41.58278060755648,4.8966136480618365,2.2022,0.028,0.0,0.6,0.0,0.0,0.124,0.0,0.152,0.0,0.0,0.096,0.0,0.0,-14.039838122327838
s562,6.725702843572633,2.29872799691523,25.09998761986209,0.4360802300908013,49.95146051081461,3.301689725418044,1.9430348258706467,0.07462686567164178,0.0,0.4228855721393035,0.0,0.0,0.2835820895522388,0.13930348258706468,0.0,0.0,0.0,0.0,0.0,0.07960199004975124,-14.185315326560472
s563,7.2688021910469125,2.004944978280931,22.25223446077946,0.40091074573909885,42.1203009436183,5.152325593981846,2.047641509433962,0.12264150943396226,0.0,0.5283018867924528,0.0,0.0,0.2358490566037736,0.0,0.11320754716981132,0.0,0.0,0.0,0.0,0.0,-14.652783762062606
s564,7.169338009579482,2.200543829816931,23.67976210261555,0.4891432442204795,48.34618095950674,2.51362670914505,1.898622448979592,0.0,0.0,0.42346938775510207,0.0,0.0,0.32653061224489793,0.14795918367346939,0.03571428571428571,0.0,0.0,0.0,0.0663265306122449,0.0,-14.954674851625548
s565,7.303209832769065,2.015147893711634,23.958309775143107,0.24212599125294035,38.05143317228614,2.7226257872603816,2.38262962962963,0.0,0.0,0.48518518518518516,0.14444444444444443,0.0,0.08148148148148149,0.0,0.24074074074074073,0.022222222222222223,0.0,0.025925925925925925,0.0,0.0,-14.097550925501885
s566,7.026124651672165,2.4751139945953775,27.63138190658902,0.3753639749623767,46.76080014961221,3.3882508240537628,2.215,0.0,0.0,0.36363636363636365,0.0,0.09090909090909091,0.2727272727272727,0.0,0.0,0.13636363636363635,0.0,0.0,0.0,0.13636363636363635,-13.462493791840107
s567,7.457098585810654,2.6329983877552503,25.502362750772047,0.3770610601895532,44.82233453165991,5.3701374894222065,2.1197844827586207,0.0,0.0,0.4827586206896552,0.0,0.0,0.22413793103448276,0.0,0.04741379310344827,0.0,0.0,0.15948275862068967,0.08620689655172414,0.0,-14.074076030055167
s568,6.869609928089332,2.1983506400525874,28.919927208974325,0.31699226642128425,48.13518085789017,4.272327651643176,2.207620967741936,0.0,0.0,0.3548387096774194,0.0,0.0,0.21370967741935484,0.0,0.18548387096774194,0.0,0.06451612903225806,0.0,0.1814516129032258,0.0,-13.67550198314046
s569,7.435295432203601,2.4803354977234755,23.464904094132066,0.5520285221984121,50.09361548185498,2.7760038788216455,1.9280000000000002,0.015789473684210527,0.0,0.24210526315789474,0.12631578947368421,0.0,0.4,0.09473684210526316,0.0,0.021052631578947368,0.0,0.0,0.0,0.1,-14.731080623132643
s570,7.124708575556442,1.926476238710996,26.554660627013117,0.28296243942286603,41.538016623260745,6.468184099762579,2.3089642857142856,0.0,0.0,0.5071428571428571,0.0,0.0,0.16428571428571428,0.0,0.0,0.19642857142857142,0.13214285714285715,0.0,0.0,0.0,-13.30703290728384
s571,6.287562724091404,2.080816639882421,30.946350252258437,0.19894220272430183,46.26632562466353,4.777546923582153,2.4049337748344373,0.052980132450331126,0.0,0.4337748344370861,0.0,0.0,0.0695364238410596,0.0,0.16887417218543047,0.039735099337748346,0.046357615894039736,0.0,0.18874172185430463,0.0,-12.957673265783862
s572,7.002826405030757,2.7054120961582178,26.920596396913904,0.29869867469907535,44.51575744064844,6.182365770411545,2.2398814229249013,0.06719367588932806,0.0,0.49407114624505927,0.0,0.0,0.1383399209486166,0.0,0.0,0.0,0.0,0.18972332015810275,0.07905138339920949,0.03162055335968379,-13.351941122830857
s573,6.596880160724738,2.1624301424716634,29.382574035772027,0.23602346849534694,44.223772145677295,7.642939445341615,2.350677966101695,0.0,0.0,0.5050847457627119,0.0,0.0,0.1152542372881356,0.0,0.04745762711864407,0.17288135593220338,0.0,0.0,0.15932203389830507,0.0,-12.873481452529425
s574,6.787319891287569,2.3074167288798835,31.997864197939492,0.24190626401104653,51.04421193480824,2.140414659176364,2.2759701492537316,0.0,0.0,0.3208955223880597,0.0,0.0,0.08582089552238806,0.2873134328358209,0.0,0.0,0.0,0.0,0.30597014925373134,0.0,-13.233057857755192
s575,5.465147422312291,2.999046957799631,35.78843981163551,0.29745167337769113,56.840463230244644,8.22159088306089,2.194037037037037,0.0,0.0,0.31851851851851853,0.0,0.0,0.17777777777777778,0.0,0.07037037037037037,0.0,0.0,0.12222222222222222,0.0,0.3111111111111111,-12.303358979100691
s576,5.5827789926983895,2.7109145621930484,34.9236949270952,0.28818340631971073,55.83608709900846,5.112733888871423,2.2005243445692884,0.0,0.0,0.31835205992509363,0.0,0.0,0.16853932584269662,0.04868913857677903,0.10486891385767791,0.0,0.0449438202247191,0.052434456928838954,0.0,0.26217228464419473,-12.61618736663363
s577,8.103766227108418,2.2875177591184204,22.463477269105223,0.504174796746925,47.17330226512099,7.501131845432437,1.9185714285714288,0.15873015873015872,0.0,0.42857142857142855,0.0,0.0,0.3439153439153439,0.0,0.0,0.0,0.0,0.021164021164021163,0.0,0.047619047619047616,-14.825232175086985
s578,7.384921671441031,2.0213422808881365,24.773471913306274,0.28810887020889236,40.4528845166647,4.468843723545296,2.2092248062015503,0.0,0.0,0.6124031007751938,0.0,0.0,0.12790697674418605,0.06589147286821706,0.06976744186046512,0.12403100775193798,0.0,0.0,0.0,0.0,-13.906315077657307
s579,7.665389862600771,2.096158797204387,18.442445442019913,0.48361965506345783,33.811149977036486,3.3121864730000903,2.4085,0.12727272727272726,0.0,0.0,0.2863636363636364,0.0,0.2863636363636364,0.0,0.031818181818181815,0.0,0.2590909090909091,0.00909090909090909,0.0,0.0,-14.508746368656082
s580,7.0446531304747,1.9932617581354009,22.09437254788014,0.37559564751734764,40.02341256624187,2.82549059307342,2.173348416289593,0.049773755656108594,0.0,0.43891402714932126,0.11312217194570136,0.0,0.21266968325791855,0.0,0.18552036199095023,0.0,0.0,0.0,0.0,0.0,-14.50872120972043
s581,7.800840276478828,2.667013958046841,19.549956201790483,0.3740681603102342,32.081979408066445,2.9554017947378424,2.6302343749999997,0.0,0.0,0.0,0.41796875,0.0,0.1875,0.0,0.0,0.02734375,0.19140625,0.17578125,0.0,0.0,-14.815149131901977
s582,7.638176751203324,2.081037008944813,24.532846523196778,0.24601914147373058,38.632183605493815,3.42639670980745,2.357591240875912,0.0,0.0,0.5364963503649635,0.09854014598540146,0.0,0.08759124087591241,0.0,0.16058394160583941,0.072992700729927,0.0,0.043795620437956206,0.0,0.0,-13.945649636129973
s583,7.970962828948444,2.6178200910527916,24.580267561608046,0.4959495473835294,48.917166137457585,5.945065650397771,1.9435820895522389,0.0,0.0,0.4129353233830846,0.0,0.0,0.3582089552238806,0.0,0.0,0.0,0.0,0.13930348258706468,0.08955223880597014,0.0,-14.716592456454082
s584,6.675463214191604,1.968694127004733,18.754938636960485,0.36415630165122737,32.92851821756419,1.6714964323788954,2.457826086956522,0.2391304347826087,0.0,0.3391304347826087,0.0,0.23043478260869565,0.19130434782608696,0.0,0.0,0.0,0.0,0.0,0.0,0.0,-13.841494469529598
s585,6.687487202637378,2.2696018417132118,24.916790820756837,0.46742874679564794,50.871781259045186,2.2632516935573848,1.8818367346938774,0.0,0.0,0.42857142857142855,0.0,0.0,0.30612244897959184,0.20408163265306123,0.0,0.0,0.0,0.0,0.0,0.061224489795918366,-14.555658999926575
s586,6.140010069901133,2.5225574281240446,29.052889191211793,0.3951556233481167,53.06354141535379,5.009366625449853,2.0276470588235296,0.0,0.0,0.34841628959276016,0.03167420814479638,0.0,0.29411764705882354,0.0,0.1583710407239819,0.0,0.0,0.0,0.0,0.167420814479638,-13.42742755515437
s587,6.102496339446188,2.695423496828991,32.35608120282758,0.38369255896633503,58.661838278297154,5.742981582659202,1.9920179372197313,0.0,0.0,0.3004484304932735,0.0,0.0,0.3004484304932735,0.04035874439461883,0.10762331838565023,0.0,0.0,0.0,0.0,0.25112107623318386,-13.183381189279162
s588,6.058207384400701,2.0943336365277534,21.913064464559202,0.3527849328743384,40.80363727883434,5.616070760484531,2.143935185185185,0.27314814814814814,0.0,0.4722222222222222,0.0,0.0,0.18981481481481483,0.0,0.0,0.0,0.0,0.0,0.06481481481481481,0.0,-13.671808722924784
s589,6.279149035476517,2.357274248567067,23.734801013396883,0.3923431745375822,44.373758416350725,5.551813800866858,2.1172093023255814,0.21395348837209302,0.0,0.3581395348837209,0.0,0.0,0.25116279069767444,0.0,0.0,0.0,0.0,0.0,0.17674418604651163,0.0,-13.627268428320583
s590,8.50922572859172,2.654836667831496,23.207804254530192,0.41854591580509354,39.737103687612844,2.3775301987647466,2.330042016806723,0.0,0.0,0.3025210084033613,0.0,0.1638655462184874,0.2689075630252101,0.0,0.01680672268907563,0.029411764705882353,0.0,0.10084033613445378,0.11764705882352941,0.0,-14.693047565600146
s591,8.429846577321484,2.7657598973286204,23.56333108026016,0.3592872886107245,40.68488819613261,3.4540933571779004,2.215625,0.0,0.0,0.5041666666666667,0.075,0.0,0.175,0.0,0.0,0.0,0.0,0.24583333333333332,0.0,0.0,-14.734718053249521
s592,7.930102273394561,2.031817695382594,21.81481839110231,0.4283849018410187,41.09755964752315,2.060686962086284,2.1104739336492893,0.07582938388625593,0.0,0.4597156398104265,0.0,0.07109004739336493,0.2559241706161137,0.09004739336492891,0.0,0.04739336492890995,0.0,0.0,0.0,0.0,-14.770357456936644
s593,5.9655162205780945,2.3331455783934816,29.42791505001724,0.2860948525663465,46.31849351067802,8.357722156682373,2.281466165413534,0.0,0.0,0.4323308270676692,0.0,0.0,0.18045112781954886,0.0,0.0,0.15037593984962405,0.0,0.03383458646616541,0.20300751879699247,0.0,-12.59369712402662
s594,7.706712276576557,1.9328296977965942,26.504485653008114,0.22681589549631057,40.31471765115444,8.802249087594898,2.3223529411764705,0.0,0.0,0.657439446366782,0.0,0.0,0.08650519031141868,0.0,0.05190311418685121,0.2041522491349481,0.0,0.0,0.0,0.0,-13.34247115783022
s595,5.440900123236476,2.819027530422722,31.37159699856038,0.24813745022399625,47.62631046931707,5.278308291639588,2.3920477815699654,0.04436860068259386,0.0,0.33447098976109213,0.0,0.0,0.10921501706484642,0.0,0.0,0.0,0.0,0.18771331058020477,0.3242320819112628,0.0,-12.282306087733586
s596,7.846585368059543,2.161526484717363,20.610332266412975,0.5674194143042699,43.510701451316294,2.2670536543811717,2.025,0.13157894736842105,0.0,0.3157894736842105,0.0,0.10526315789473684,0.39473684210526316,0.0,0.0,0.0,0.0,0.0,0.05263157894736842,0.0,-14.721037075418236
s597,6.592211040129039,2.323910464623477,24.56911433521238,0.4109156670809887,46.094267602345305,2.1550357069324955,2.1096226415094343,0.08018867924528301,0.0,0.36792452830188677,0.0,0.08018867924528301,0.25943396226415094,0.10849056603773585,0.018867924528301886,0.0,0.0,0.0,0.0,0.08490566037735849,-13.84635023526998
s598,7.261038184640884,1.9620129064196923,23.612092967634574,0.3119086661934168,39.896295014279154,6.195117464628129,2.2329795918367346,0.1306122448979592,0.0,0.5183673469387755,0.0,0.0,0.1673469387755102,0.0,0.0,0.11020408163265306,0.07346938775510205,0.0,0.0,0.0,-13.805634440796066
s599,6.142417721321043,3.067879302807707,32.37179736762566,0.39915430897323395,58.217022685326775,10.341246245806747,2.013946188340807,0.0,0.0,0.2914798206278027,0.0,0.0,0.3094170403587444,0.0,0.0,0.0,0.0,0.13452914798206278,0.0,0.2645739910313901,-13.061333671545361
s600,9.301356903282413,1.9176671890609314,24.604554089667186,0.2205180539461226,37.031096559196044,3.943203822160176,2.477718120805369,0.0,0.0,0.5033557046979866,0.1610738255033557,0.0,0.087248322147651,0.0,0.0,0.2483221476510067,0.0,0.0,0.0,0.0,-14.937644880109076
s601,7.405637781179796,1.773779439433017,19.777192065267453,0.2149455799028211,31.43160881801432,1.5797839898689687,2.7235205992509366,0.2883895131086142,0.0,0.31835205992509363,0.0,0.31086142322097376,0.08239700374531835,0.0,0.0,0.0,0.0,0.0,0.0,0.0,-13.590017361155072
s602,7.858999384629404,2.0007984470107916,19.429245850856976,0.529853779331099,41.507934317739846,3.0432239397452028,2.0067553191489367,0.18617021276595744,0.0,0.3670212765957447,0.10106382978723404,0.0,0.32978723404255317,0.015957446808510637,0.0,0.0,0.0,0.0,0.0,0.0,-14.932001610914037
s603,6.8498021087741545,1.9395930019350616,23.503576411880665,0.33399734063865505,39.49240390295594,1.661334612512551,2.331578947368421,0.0,0.0,0.44129554655870445,0.0,0.15384615384615385,0.19433198380566802,0.0,0.21052631578947367,0.0,0.0,0.0,0.0,0.0,-13.842211886931674
s604,5.411032216381911,2.3004615027649113,26.36906940565417,0.2954045421354644,45.997173700088524,8.272299857975465,2.191163793103448,0.2413793103448276,0.0,0.45689655172413796,0.0,0.0,0.15517241379310345,0.0,0.0,0.03017241379310345,0.0,0.0,0.0,0.11637931034482758,-12.619683050237663
s605,6.043806528237765,2.4770266138368404,33.53180323394731,0.2881316117097293,54.23044720551973,5.541838012831148,2.183473282442748,0.0,0.0,0.3702290076335878,0.0,0.0,0.17938931297709923,0.0,0.20229007633587787,0.0,0.03435114503816794,0.0,0.0,0.21374045801526717,-12.98484170419126
s606,7.30465619940911,2.049723469048755,24.639299942084765,0.4185392713005479,43.59260758984229,5.37859271673907,2.1538695652173914,0.021739130434782608,0.0,0.34347826086956523,0.0,0.0,0.3,0.0,0.0,0.09130434782608696,0.2217391304347826,0.021739130434782608,0.0,0.0,-13.867152306246817
s607,8.448629215945523,2.769770506620866,22.58046114731438,0.25973759868835716,34.52779508769236,1.9956694035847138,2.6453979238754326,0.0,0.0,0.35294117647058826,0.12802768166089964,0.17301038062283736,0.08304498269896193,0.0,0.0,0.0,0.0,0.2629757785467128,0.0,0.0,-14.761172528563499
s608,6.993459162028373,1.9479961420357952,24.41181747020911,0.3044992757435083,40.63282776291387,1.9825299316299818,2.2658498023715414,0.0,0.0,0.5217391304347826,0.0,0.07905138339920949,0.15810276679841898,0.0,0.24110671936758893,0.0,0.0,0.0,0.0,0.0,-14.060756335170348
s609,6.096836307944097,2.6310938501720527,30.679108816449652,0.3420664796772394,53.345017568901326,1.9799329400452197,2.1379828326180257,0.0,0.0,0.296137339055794,0.0,0.06437768240343347,0.2017167381974249,0.22317596566523606,0.0,0.0,0.0,0.0,0.0,0.2145922746781116,-13.321815631444034
s610,7.601227725163952,2.1319519646330605,24.651962869392886,0.29882500604252193,39.65104871161388,9.583323729683798,2.2328838951310863,0.0,0.0,0.6217228464419475,0.0,0.0,0.149812734082397,0.0,0.018726591760299626,0.1797752808988764,0.0,0.0299625468164794,0.0,0.0,-13.749481015720912
s611,6.046238805740814,1.702760409523062,30.697542066828152,0.19625274854248453,45.03271501312998,3.1431948679359007,2.472700964630225,0.0,0.0,0.36977491961414793,0.0,0.0,0.07395498392282958,0.0,0.24437299035369775,0.0,0.31189710610932475,0.0,0.0,0.0,-12.68028057986717
s612,6.376444766124406,1.9285399901749294,28.320861270105276,0.20873035244202987,42.00243676290973,4.666785218034965,2.4056677524429966,0.0,0.0,0.5472312703583062,0.0,0.0,0.06840390879478828,0.048859934853420196,0.0,0.17263843648208468,0.1270358306188925,0.035830618892508145,0.0,0.0,-12.583469551416364
s613,4.944341904249066,2.724314702495176,35.270103536471524,0.31765677723001073,56.90820386559512,21.289962187514043,2.1536121673003805,0.0,0.0,0.3231939163498099,0.0,0.0,0.23954372623574144,0.0,0.0,0.14068441064638784,0.0,0.0,0.0,0.2965779467680608,-11.894760058108375
s614,6.128591354425461,2.5924386866555444,33.78529220778598,0.2773997206380756,55.93591425130126,2.5745780541102703,2.13924,0.0,0.0,0.36,0.0,0.0,0.112,0.284,0.0,0.0,0.0,0.0,0.0,0.244,-13.162603857524703
s615,5.502837861220011,2.3460553811429263,32.81385123326576,0.19995144432035689,47.09919164085134,8.493263493815453,2.4546846846846844,0.05405405405405406,0.0,0.3993993993993994,0.0,0.0,0.07807807807807808,0.0,0.0,0.17117117117117117,0.0,0.0,0.25225225225225223,0.04504504504504504,-12.144455455251103
s616,7.554702809146497,2.8972530162280696,19.508514149209155,0.5901955839677804,40.71342083313211,2.6053430209123754,2.180833333333333,0.14583333333333334,0.0,0.0,0.3333333333333333,0.0,0.375,0.0,0.0,0.0,0.0,0.0,0.0,0.14583333333333334,-14.83572419323205
s617,6.238173542301933,2.1219811684200027,21.307276294824533,0.3323270109842905,36.9743912174896,2.1083701792101484,2.4065677966101693,0.24152542372881355,0.0,0.3305084745762712,0.0,0.16101694915254236,0.18220338983050846,0.0,0.0,0.0,0.0,0.0,0.0847457627118644,0.0,-13.399646013253415
s618,5.740347306186493,2.253823404062073,29.116949451936783,0.23911288560508026,46.65728044707941,5.854237705095504,2.3494736842105266,0.20300751879699247,0.0,0.3533834586466165,0.0,0.0,0.12406015037593984,0.0,0.0,0.04887218045112782,0.0,0.0,0.2706766917293233,0.0,-12.721081391075343
s619,6.584104620774451,2.4462711809364674,24.559650191330007,0.3478975594784278,43.704574356225066,5.84415521558883,2.170619469026549,0.16371681415929204,0.0,0.42920353982300885,0.0,0.0,0.19911504424778761,0.0,0.0,0.0,0.0,0.0752212389380531,0.13274336283185842,0.0,-13.507829229557057
s620,6.577177872119233,1.9351666151646962,27.380978924677695,0.30136866925947786,45.695408536548236,2.2966285941230455,2.2510317460317464,0.0,0.0,0.3492063492063492,0.0,0.0,0.15476190476190477,0.19047619047619047,0.01984126984126984,0.0,0.25,0.03571428571428571,0.0,0.0,-13.390018228865749
s621,6.919661258175236,2.592219391592745,28.749561068182135,0.3424710640542437,49.37424618231277,3.1998135515031456,2.159535864978903,0.0,0.0,0.32489451476793246,0.0,0.0,0.2109704641350211,0.1308016877637131,0.0,0.0,0.0,0.0759493670886076,0.25738396624472576,0.0,-13.640472038625347
s622,7.507479708579761,1.9372673395548938,23.064000986782993,0.4896119504732183,46.358641983433856,3.66789352943325,2.0141293532338307,0.11442786069651742,0.0,0.3034825870646766,0.0,0.0,0.35323383084577115,0.03482587064676617,0.0,0.0,0.19402985074626866,0.0,0.0,0.0,-14.286748453425915
s623,8.404078346404816,2.2984519444105467,22.963960175762928,0.4099096777241983,40.6285449263498,9.693720338844951,2.0887826086956522,0.0,0.0,0.5652173913043478,0.0,0.0,0.24782608695652175,0.0,0.0,0.13478260869565217,0.0,0.05217391304347826,0.0,0.0,-14.885827056819705
s624,7.342807568672459,2.394709662937327,25.755145906378925,0.46234005309879533,49.14743439015427,5.151288914422647,2.0102884615384613,0.019230769230769232,0.0,0.2932692307692308,0.0,0.0,0.3557692307692308,0.0,0.10096153846153846,0.0,0.04326923076923077,0.0,0.1875,0.0,-14.294318767027365
s625,5.49810862572096,2.685510176414919,33.47621641891166,0.3502265814871748,56.815268710969725,12.916196232779502,2.083609958506224,0.0,0.0,0.3278008298755187,0.0,0.0,0.27385892116182575,0.02074688796680498,0.0,0.11618257261410789,0.0,0.0,0.0,0.26141078838174275,-12.393594237390898
s626,6.40941826225318,1.8102096320380676,24.547006185557045,0.2706991682948922,41.71274477685568,3.7430056477929425,2.2810288065843625,0.20164609053497942,0.0,0.4403292181069959,0.0,0.0,0.12757201646090535,0.03292181069958848,0.04938271604938271,0.0,0.14814814814814814,0.0,0.0,0.0,-13.299440932938628
s627,7.894498988484723,1.8658512059374774,20.178427486432476,0.17367169340429003,28.139447705689026,3.237602313192901,3.0492717086834733,0.0,0.0,0.0,0.43977591036414565,0.1484593837535014,0.06442577030812324,0.0,0.0,0.2184873949579832,0.12885154061624648,0.0,0.0,0.0,-14.93742402297086
s628,5.637403782115535,2.645115939626654,33.57756129372841,0.22420539731201306,49.79306650387047,5.2692712197415865,2.4023355263157895,0.01644736842105263,0.0,0.34539473684210525,0.0,0.0,0.08881578947368421,0.0,0.08881578947368421,0.0,0.0,0.13157894736842105,0.2894736842105263,0.039473684210526314,-12.314012353881617
s629,6.351940313793866,2.688899614600845,29.687049685832513,0.4406794814090568,57.44993874387962,8.556909290204652,1.925885167464115,0.03827751196172249,0.0,0.3014354066985646,0.0,0.0,0.3588516746411483,0.0,0.0861244019138756,0.0,0.0,0.0,0.0,0.215311004784689,-13.489094887476044
s630,7.908464820169541,2.04984358585863,21.22718193444648,0.37219156139370385,34.220790270077316,1.8579910320856836,2.5224436090225564,0.0,0.0,0.3458646616541353,0.0,0.2744360902255639,0.23308270676691728,0.0,0.0,0.14661654135338345,0.0,0.0,0.0,0.0,-14.291708064737636
s631,6.75021350866977,1.8971463229029262,26.086288579500277,0.34449618249003955,46.10599841958191,1.9468805659846102,2.1501315789473683,0.0,0.0,0.35964912280701755,0.0,0.0,0.18859649122807018,0.24561403508771928,0.0,0.0,0.20614035087719298,0.0,0.0,0.0,-13.907340977176903
s632,5.6858999420269365,2.0757922308344154,25.91403718130974,0.22422205575933948,43.362822216724965,5.215919025804542,2.3274900398406375,0.3147410358565737,0.0,0.4342629482071713,0.0,0.0,0.08764940239043825,0.0,0.0,0.0,0.0,0.0,0.16334661354581673,0.0,-12.698797509702642
s633,8.23140717632143,2.6242521262863563,26.97633711970503,0.2628221095283892,42.28313514830175,4.3461305135761625,2.333010752688172,0.0,0.0,0.5412186379928315,0.0,0.0,0.08960573476702509,0.0,0.0,0.0,0.0967741935483871,0.2724014336917563,0.0,0.0,-13.977999219536725
s634,6.262118250407972,2.1777938620477704,28.0515441541966,0.25475405434480725,45.47486350462933,6.030118629453958,2.3012260536398466,0.14942528735632185,0.0,0.421455938697318,0.0,0.0,0.13409961685823754,0.0,0.0421455938697318,0.05747126436781609,0.0,0.0,0.19540229885057472,0.0,-13.078638203681885
s635,8.957212810132539,2.764867400148818,24.452085280636055,0.2815702086892235,39.09405251454984,3.1852233284551383,2.387265917602996,0.0,0.0,0.46441947565543074,0.11610486891385768,0.0,0.09737827715355805,0.0,0.0,0.0,0.0449438202247191,0.27715355805243447,0.0,0.0,-14.660450575839096
s636,6.854233794831075,2.318944363645343,29.95187635235527,0.29335834313368997,48.601157854765106,4.308177031546474,2.235813953488372,0.0,0.0,0.36046511627906974,0.0,0.0,0.18604651162790697,0.0,0.19767441860465115,0.0,0.0,0.0,0.2558139534883721,0.0,-13.626712090707276
s637,7.584969102578439,2.718054072569926,28.095265360283207,0.3313731801334246,48.105562271564025,4.031828448480719,2.1292857142857144,0.0,0.0,0.47478991596638653,0.0,0.0,0.1638655462184874,0.1134453781512605,0.0,0.0,0.0,0.13865546218487396,0.0,0.1092436974789916,-14.00471925776434
s638,7.034598240988593,2.068128894176338,25.82622748127128,0.3843891457938676,45.91329330003787,2.7286391016406153,2.16175,0.0125,0.0,0.30833333333333335,0.0,0.0,0.25,0.11666666666666667,0.0,0.0,0.25416666666666665,0.058333333333333334,0.0,0.0,-13.817543561250814
s639,7.633655328575389,2.850348241487373,28.053265605409468,0.4691447247001859,55.03783537823186,9.718783460161061,1.919368932038835,0.0,0.0,0.3592233009708738,0.0,0.0,0.3640776699029126,0.0,0.0,0.0,0.0,0.1262135922330097,0.0,0.15048543689320387,-14.266933895450961
s640,7.124836813753207,1.9764881513436552,24.249156022605995,0.5038363875882694,48.49831204521198,2.426294025603889,1.983217821782178,0.0,0.0,0.25742574257425743,0.0,0.0,0.3712871287128713,0.12871287128712872,0.0,0.0,0.24257425742574257,0.0,0.0,0.0,-14.240275235585672
s641,8.11997684103734,2.1068149638316687,22.63014963791364,0.49055347291558965,45.726900299289476,4.705218360188906,1.991530612244898,0.11734693877551021,0.0,0.3826530612244898,0.0,0.0,0.34183673469387754,0.0,0.0,0.0,0.11224489795918367,0.04591836734693878,0.0,0.0,-14.635705104414535
s642,8.254880006982836,1.953513916034246,19.65016706308182,0.4359057309973867,39.300334126163634,3.3681916581831013,2.1056,0.25,0.0,0.415,0.085,0.0,0.25,0.0,0.0,0.0,0.0,0.0,0.0,0.0,-14.984616087821438
s643,6.012161939720081,2.4504817974846786,31.720637803611268,0.2344146173052075,46.2832942498146,5.48157348801485,2.403208722741433,0.0,0.0,0.46417445482866043,0.0,0.04672897196261682,0.1059190031152648,0.0,0.0,0.2087227414330218,0.0,0.0,0.0,0.17445482866043613,-12.208659331392472
s644,7.54836477742867,2.7358535983128474,26.90721167277714,0.3275783336417484,45.08776010032929,4.6520357112893755,2.200322580645161,0.0,0.0,0.47580645161290325,0.0,0.0,0.1693548387096774,0.03225806451612903,0.0,0.0,0.0,0.20161290322580644,0.12096774193548387,0.0,-13.862566784925747
s645,6.435194105412576,2.036308136817104,29.79154094721608,0.24707278250929007,46.250955835180825,4.066959237642195,2.3588256227758007,0.03558718861209965,0.0,0.3487544483985765,0.0,0.0,0.13167259786476868,0.0,0.18861209964412812,0.0,0.15658362989323843,0.0,0.1387900355871886,0.0,-13.223476174498574
s646,7.297529691050253,2.4768079875292,25.325639913486526,0.391264823405151,44.31986984860143,4.197341721030329,2.1671428571428573,0.0,0.0,0.4025974025974026,0.0,0.0,0.24675324675324675,0.0,0.0,0.0,0.16883116883116883,0.18181818181818182,0.0,0.0,-13.839951013430191
s647,8.079394809959805,2.7025096972172387,23.853520914316622,0.32447475248942775,39.005757469951696,1.995473147028061,2.3635,0.0,0.0,0.49230769230769234,0.0,0.11923076923076924,0.15,0.0,0.0,0.0,0.0,0.23846153846153847,0.0,0.0,-14.172876958592584
s648,8.398417570854125,2.252914062847983,20.539149146063636,0.3236547989934781,32.86263863370185,2.257221626001229,2.68405303030303,0.0,0.0,0.0,0.3181818181818182,0.09090909090909091,0.14772727272727273,0.12878787878787878,0.0,0.015151515151515152,0.2159090909090909,0.08333333333333333,0.0,0.0,-14.979460458981203
s649,6.777494713225334,2.369942818819194,27.491640168382606,0.360768767065723,49.35507053851371,2.298594047107505,2.085833333333334,0.0,0.0,0.34210526315789475,0.0,0.0,0.2149122807017544,0.22807017543859648,0.0,0.0,0.0,0.0,0.2149122807017544,0.0,-13.94290414440838
s650,6.885090286575139,2.4128339676576327,28.19514813435859,0.27174412160254513,43.85911932011334,7.736964489445905,2.3040714285714285,0.0,0.0,0.5,0.0,0.0,0.1392857142857143,0.0,0.0,0.13214285714285715,0.0,0.08571428571428572,0.14285714285714285,0.0,-13.09134443930487
s651,7.664858429361077,2.766569169396056,24.738526749079238,0.49279797466961367,48.76344214962728,4.098835024719548,2.008878048780488,0.0,0.0,0.3121951219512195,0.0975609756097561,0.0,0.35121951219512193,0.0,0.024390243902439025,0.0,0.0,0.11707317073170732,0.0,0.0975609756097561,-14.642002600758596
s652,6.661768748807428,2.4129795388896307,34.21901810057186,0.21821327157978837,51.41450458327137,5.478560426584579,2.300769230769231,0.0,0.0,0.46153846153846156,0.0,0.0,0.07023411371237458,0.0,0.26421404682274247,0.0,0.0,0.0,0.0,0.2040133779264214,-13.373404313230182
s653,6.555179412509441,2.2388199720535864,29.524959766791408,0.2344396907113055,44.512248988512965,2.6143747137188145,2.4515488215488217,0.0,0.0,0.3501683501683502,0.0,0.08754208754208755,0.1111111111111111,0.0,0.2255892255892256,0.0,0.0,0.0,0.2255892255892256,0.0,-13.334991236326655
s654,7.036509294298568,2.3112669920942333,23.03461619467093,0.5108965902753333,48.09425359326901,1.974400782318085,1.9352105263157893,0.0,0.0,0.3263157894736842,0.09473684210526316,0.0,0.33157894736842103,0.18947368421052632,0.0,0.0,0.0,0.0,0.0,0.05789473684210526,-14.875388125572753
s655,7.9801997831880485,2.057049081674792,24.08785005092674,0.32597644743638754,40.81552369740364,3.8994505317095767,2.1522131147540984,0.0,0.0,0.5901639344262295,0.0,0.0,0.1598360655737705,0.09016393442622951,0.04918032786885246,0.11065573770491803,0.0,0.0,0.0,0.0,-14.523813833629081
s656,6.967978425149949,1.9231250960685593,25.571803748386458,0.22469470709675526,37.92111385126576,2.6263259121798495,2.475559210526316,0.0,0.0,0.5723684210526315,0.0,0.10197368421052631,0.09539473684210527,0.0,0.0,0.23026315789473684,0.0,0.0,0.0,0.0,-12.880345155708726
s657,5.403328243457987,1.687278006689108,28.772401751748408,0.20363364050737418,43.83648643852771,3.54306575193947,2.460549828178694,0.12027491408934708,0.0,0.35051546391752575,0.0,0.0,0.08247422680412371,0.0,0.140893470790378,0.0,0.30584192439862545,0.0,0.0,0.0,-12.272411452854207
s658,7.2342238438601205,2.0037954117684595,23.508237890423423,0.4962822266120851,45.897035881302884,3.589313642219456,2.0176097560975608,0.0,0.0,0.3121951219512195,0.02926829268292683,0.0,0.36585365853658536,0.0,0.12195121951219512,0.0,0.17073170731707318,0.0,0.0,0.0,-14.372545229854131
s659,5.959040796700835,2.5957643703335225,26.78382107027586,0.3716546454697061,47.70868128142892,5.7738553408988675,2.153815789473684,0.11842105263157894,0.0,0.31140350877192985,0.0,0.0,0.2543859649122807,0.0,0.0,0.0,0.0,0.06578947368421052,0.25,0.0,-13.048459457269297
s660,7.172960140817726,2.0061722217166795,20.84164934337544,0.2871516247683805,34.28787472619832,2.1424221349973624,2.452156862745098,0.0,0.0,0.3137254901960784,0.29411764705882354,0.0,0.11764705882352941,0.0,0.27450980392156865,0.0,0.0,0.0,0.0,0.0,-14.423677963948617
s661,8.006506389105542,2.5848936397301645,21.500606774061463,0.3603967288325272,34.72147677798745,3.9638952699262844,2.586269230769231,0.0,0.0,0.0,0.4076923076923077,0.0,0.21923076923076923,0.0,0.0,0.16153846153846155,0.0,0.0,0.21153846153846154,0.0,-14.593969640300118
s662,7.946787031488068,2.8090367415202353,21.984797737212574,0.4792386283689601,39.027276603268845,4.991772848034552,2.3460262008733626,0.0,0.0,0.0,0.2925764192139738,0.0,0.3318777292576419,0.0,0.0,0.10480349344978165,0.0,0.0,0.27074235807860264,0.0,-14.722256371593634
s663,6.697476583752361,1.690893875245644,21.42275831357273,0.2308302803979527,34.514443949644985,2.586907815378078,2.69551724137931,0.23754789272030652,0.0,0.0,0.31800766283524906,0.0,0.09961685823754789,0.0421455938697318,0.0,0.0,0.30268199233716475,0.0,0.0,0.0,-13.453348590312926
s664,6.287967975706259,2.2477362587170915,30.325160420252367,0.25494303938153834,46.62901010856011,5.510873779318838,2.3200000000000003,0.0,0.0,0.42657342657342656,0.0,0.0,0.13986013986013987,0.055944055944055944,0.0,0.15384615384615385,0.0,0.0,0.22377622377622378,0.0,-12.689102065956583
s665,6.778746783394687,2.534191944869268,27.338472223767138,0.43003872648806835,53.61525620583455,4.092270264000575,1.9434653465346536,0.07425742574257425,0.0,0.3564356435643564,0.0,0.0,0.30198019801980197,0.11386138613861387,0.0,0.0,0.0,0.0,0.0,0.15346534653465346,-13.946802636415995
s666,5.6653285530154704,2.537023209007717,30.83872569520207,0.33237807623997523,50.804823741454726,19.318880187213715,2.1471984435797666,0.0,0.0,0.42412451361867703,0.0,0.0,0.23346303501945526,0.0,0.0,0.15953307392996108,0.0,0.0,0.0,0.1828793774319066,-12.423110048173568
s667,7.611421951526433,1.8912252487679249,16.389608057904,0.31885113324948916,29.934738684270947,2.2157636002444483,2.4779638009049774,0.3212669683257919,0.0,0.21266968325791855,0.334841628959276,0.0,0.13122171945701358,0.0,0.0,0.0,0.0,0.0,0.0,0.0,-14.814689617156425
s668,6.2758813315754995,2.8529393393916447,36.77783305977634,0.26065688628046607,57.6743291164674,3.6278751275933057,2.215217391304348,0.0,0.0,0.322463768115942,0.0,0.0,0.10144927536231885,0.18478260869565216,0.0,0.0,0.0,0.07608695652173914,0.0,0.31521739130434784,-12.82981706975177
s669,7.964920991914458,1.830966699328553,25.75893630665174,0.2238020835493611,38.83453849276935,1.8880141613340506,2.5446127946127945,0.0,0.0,0.4107744107744108,0.0,0.16498316498316498,0.09090909090909091,0.0,0.24579124579124578,0.0,0.08754208754208755,0.0,0.0,0.0,-14.064254013045161
s670,7.36330471581174,1.9898875518836296,25.106151140673553,0.31756984478835987,41.51540025222488,6.31263040596965,2.195612648221344,0.0,0.0,0.5691699604743083,0.0,0.0,0.18181818181818182,0.0,0.07509881422924901,0.1383399209486166,0.03557312252964427,0.0,0.0,0.0,-13.759655037768265
s671,6.683264895400105,2.206083793964493,28.033305426390957,0.283652062229672,43.961319873204,9.429323018753294,2.279202898550724,0.0,0.0,0.4927536231884058,0.0,0.0,0.17028985507246377,0.0,0.0,0.19202898550724637,0.0,0.0,0.14492753623188406,0.0,-12.93999470463011
s672,7.280721774953141,2.146360730642486,26.24913106856747,0.2985564618920814,46.03392388890568,1.8822376178190998,2.100297872340426,0.0,0.0,0.5234042553191489,0.0,0.0,0.09787234042553192,0.33191489361702126,0.0,0.0,0.0,0.0,0.0,0.04680851063829787,-14.512072432133063
s673,7.824744758176854,2.3332758257556043,21.676785671828583,0.4243248664926268,38.70854584255103,1.6981792711302308,2.231955555555556,0.0,0.0,0.4222222222222222,0.0,0.13777777777777778,0.24,0.09333333333333334,0.0,0.035555555555555556,0.0,0.07111111111111111,0.0,0.0,-14.742188676300062
s674,5.749659278137282,2.6842322035470514,30.89144486348387,0.34572848408038864,51.2797984733832,9.309462077549695,2.1793172690763054,0.0,0.0,0.30522088353413657,0.0,0.0,0.2570281124497992,0.0,0.0,0.08835341365461848,0.0,0.05220883534136546,0.21285140562248997,0.08433734939759036,-12.62222278544986
s675,6.581720387759384,2.9963157540272536,23.595474019126907,0.5199651297620902,47.6724883243584,2.94181830435664,2.144747474747475,0.13131313131313133,0.0,0.0,0.2727272727272727,0.0,0.37373737373737376,0.0,0.0,0.0,0.0,0.0,0.0,0.2222222222222222,-13.903586371809993
s676,6.913097975384709,3.1747572969404563,23.85767491946075,0.3831847346254959,39.81652503450546,3.275682672142461,2.479635627530364,0.0,0.0,0.0,0.3117408906882591,0.0,0.23076923076923078,0.0,0.0,0.0,0.0,0.1700404858299595,0.2874493927125506,0.0,-13.933504470297224
s677,6.674815360188003,2.8137552316559975,28.682510129880455,0.33162803814368363,47.61296681560154,5.485492361862401,2.2189156626506024,0.0,0.0,0.3855421686746988,0.0,0.0,0.20080321285140562,0.0,0.0,0.0,0.0,0.19678714859437751,0.21686746987951808,0.0,-13.223208798319208
