sample_id,rho,AAV,PF,VPA,RBI,WE,B,N,S,O,F,Na,Al,Si,P,Cl,Ge,Br,I,E_T
s1,2.4151928450639395,19.643417918799607,0.30060764243645416,30.092044471352615,3.2705856979734174,2.779513888888889,0.0,0.0,0.0,0.4583333333333333,0.0625,0.15625,0.0,0.0,0.1909722222222222,0.0,0.0,0.13194444444444445,0.0,9.627351630837904
s2,2.4321412527232416,14.683504906748924,0.5683016740813543,28.80225962477673,1.1600788042368413,2.3348039215686276,0.0,0.0,0.06372549019607843,0.44607843137254904,0.0,0.22549019607843138,0.2647058823529412,0.0,0.0,0.0,0.0,0.0,0.0,7.942391979192743
s3,2.0094176390730554,23.491188618073636,0.35714956010464505,41.988187529942635,3.717973539259104,2.1104405286343613,0.0,0.048458149779735685,0.5110132158590308,0.0,0.0,0.19823788546255505,0.0,0.2422907488986784,0.0,0.0,0.0,0.0,0.0,7.1905866361371
s4,2.1288118859529965,22.30884821351325,0.5201312672258233,44.180268030683116,12.327698450489503,1.9253465346534653,0.0,0.0,0.504950495049505,0.0,0.0,0.36633663366336633,0.0,0.0,0.12871287128712872,0.0,0.0,0.0,0.0,7.801448301236565
s5,2.260671135463873,12.049710598220024,0.4189792998568869,21.84622327969971,1.6353067100442658,2.6404035874439464,0.24663677130044842,0.0,0.0,0.5515695067264574,0.0,0.14798206278026907,0.0,0.053811659192825115,0.0,0.0,0.0,0.0,0.0,8.469161610331188
s6,2.49990534969722,25.551425798391406,0.27513601499610746,38.71823194960332,4.267994708896452,2.662188552188552,0.0,0.0,0.0,0.367003367003367,0.0,0.16835016835016836,0.0,0.0,0.1717171717171717,0.0,0.0,0.29292929292929293,0.0,7.909389765119206
s7,3.1353062291862637,13.658071748103355,0.8644171270493188,30.1135798783484,1.698585545733467,2.1982513661202185,0.0,0.0,0.0,0.453551912568306,0.0,0.4262295081967213,0.0,0.0,0.0,0.0,0.12021857923497267,0.0,0.0,8.0692405213746
s8,2.0348644263777587,23.91409270188028,0.3246586900762341,42.89353135416624,1.764432878817532,2.081504424778761,0.0,0.0,0.5530973451327433,0.004424778761061947,0.0,0.11504424778761062,0.30973451327433627,0.017699115044247787,0.0,0.0,0.0,0.0,0.0,6.51438049288622
s9,2.4481975965981113,14.6232388446649,0.35779754372575556,24.151929962801393,1.5315364826112678,2.7164843750000003,0.0,0.0,0.0,0.60546875,0.0,0.12890625,0.0,0.21484375,0.01953125,0.0,0.03125,0.0,0.0,7.069246192646957
s10,2.4718965170118077,13.391027682504252,0.5008182386663784,24.018827430523526,1.458522553591289,2.5629646017699113,0.030973451327433628,0.0,0.0,0.5575221238938053,0.0,0.1902654867256637,0.13716814159292035,0.0,0.084070796460177,0.0,0.0,0.0,0.0,7.182828748758404
s11,2.2128594723193835,23.40223503869781,0.4481410237242729,44.906991560744395,4.535830599021623,1.9782159624413147,0.0,0.0,0.5211267605633803,0.0,0.0,0.29107981220657275,0.0,0.13145539906103287,0.0,0.0,0.056338028169014086,0.0,0.0,8.281712320055306
s12,2.007450295742377,22.074697226122822,0.40754850019263256,42.89988328850284,3.1907482171958668,2.017184466019417,0.1262135922330097,0.0,0.5145631067961165,0.0,0.0,0.22330097087378642,0.11650485436893204,0.019417475728155338,0.0,0.0,0.0,0.0,0.0,8.667136914414131
s13,1.9705584710112947,24.832499569026897,0.3750136699841821,44.49983922769616,3.735438555751883,2.098125,0.017857142857142856,0.0,0.46875,0.0,0.0,0.24107142857142858,0.0,0.18303571428571427,0.0,0.08035714285714286,0.0,0.008928571428571428,0.0,7.633522070371748
s14,2.0003409087508985,24.066569914789543,0.39352342490328823,44.290578246545415,3.796863844671051,2.0303196347031967,0.0,0.0,0.54337899543379,0.0,0.0,0.2465753424657534,0.0,0.2100456621004566,0.0,0.0,0.0,0.0,0.0,7.349146862996486
s15,2.034557338851201,21.906261638475762,0.5136918428473205,46.799740773107295,2.670055019176033,1.871808510638298,0.07446808510638298,0.0,0.46808510638297873,0.0,0.0,0.32978723404255317,0.1276595744680851,0.0,0.0,0.0,0.0,0.0,0.0,8.730252119237013
s16,2.4388546100836814,13.86284772250298,0.5033684147589088,24.082903342742384,1.959141103983971,2.605378151260504,0.0,0.0,0.0,0.5756302521008403,0.0,0.226890756302521,0.0,0.06302521008403361,0.13445378151260504,0.0,0.0,0.0,0.0,7.663568812540761
s17,3.2427040562865965,14.424743234002838,0.4478423673743901,24.728131258290595,1.6477422247049451,2.656375,0.0,0.0,0.0,0.5833333333333334,0.0,0.16666666666666666,0.0,0.07083333333333333,0.0,0.0,0.17916666666666667,0.0,0.0,7.397981103859396
s18,1.9839643839470371,24.34631622324434,0.3032910390515606,40.968973506700834,5.543791578803485,2.1823360655737702,0.045081967213114756,0.0,0.5942622950819673,0.0,0.0,0.15163934426229508,0.0,0.14344262295081966,0.06557377049180328,0.0,0.0,0.0,0.0,7.634343129458566
s19,2.2126388525711937,18.776666740010743,0.3874720291623459,34.042249455466646,1.5260726893388712,2.288430493273543,0.0,0.0,0.28699551569506726,0.2645739910313901,0.0,0.13901345291479822,0.273542600896861,0.03587443946188341,0.0,0.0,0.0,0.0,0.0,7.9082384942055315
s20,3.0804153254518627,21.992230182506944,0.564588685908046,43.55324016535693,3.080712559541102,2.1812871287128712,0.0,0.0,0.0,0.31683168316831684,0.0,0.38613861386138615,0.0,0.039603960396039604,0.0,0.034653465346534656,0.06930693069306931,0.0,0.15346534653465346,7.576517696383075
s21,3.3535551196986604,18.18339103188736,0.5931938616260334,35.32773114766685,2.2558572495444382,2.317205882352941,0.0,0.0,0.0,0.4264705882352941,0.0,0.3333333333333333,0.0,0.0,0.0,0.0,0.15196078431372548,0.0,0.08823529411764706,8.53270510116396
s22,2.3048334946930074,12.230599970697183,0.6848284116198428,25.524730373628902,1.6199816446506081,2.3755208333333333,0.21875,0.0,0.0,0.4791666666666667,0.0,0.3020833333333333,0.0,0.0,0.0,0.0,0.0,0.0,0.0,8.329116670513413
s23,2.2843124384766815,23.351007304132338,0.40188371926576333,41.921493427891114,2.1901625140482865,2.161184210526316,0.0,0.0,0.4780701754385965,0.0,0.07894736842105263,0.24561403508771928,0.0,0.10526315789473684,0.0,0.0,0.09210526315789473,0.0,0.0,7.493041833870397
s24,2.485825054997347,13.547584656148526,0.598779141557712,25.40172123027848,1.4172196767607224,2.462666666666667,0.0,0.0,0.0,0.5333333333333333,0.0,0.26666666666666666,0.0,0.2,0.0,0.0,0.0,0.0,0.0,10.592199244577964
s25,2.7257278307960866,25.209241180318614,0.2969150796641382,41.41518193909483,4.647120503637297,2.230632411067193,0.0,0.0,0.6086956521739131,0.0,0.0,0.1067193675889328,0.02766798418972332,0.0,0.0,0.0,0.25691699604743085,0.0,0.0,8.578651914394655
s26,1.9970055588374238,23.281675799917,0.3821787932646424,42.87708626484716,4.534373757047304,2.0586425339366516,0.06334841628959276,0.0,0.5429864253393665,0.0,0.0,0.22624434389140272,0.0,0.167420814479638,0.0,0.0,0.0,0.0,0.0,8.14443802561442
s27,3.1923898564626625,14.049175149004956,0.62497330319703,26.927585702259528,1.5070043606634331,2.440724637681159,0.0,0.0,0.0,0.5217391304347826,0.0,0.27053140096618356,0.057971014492753624,0.0,0.0,0.0,0.1497584541062802,0.0,0.0,8.510120168948882
s28,2.5597821385877046,27.482270337881783,0.40343036876208066,50.34567171141371,6.597252450260268,2.0155045871559634,0.0,0.0,0.43119266055045874,0.0,0.0,0.2798165137614679,0.0,0.11467889908256881,0.0,0.0,0.05963302752293578,0.0,0.11467889908256881,7.189133078527061
s29,2.2414794697114684,11.656867642365096,0.4811842642291061,22.064785180191066,1.561534524095354,2.5806603773584906,0.29245283018867924,0.0,0.0,0.5283018867924528,0.0,0.1792452830188679,0.0,0.0,0.0,0.0,0.0,0.0,0.0,8.503410813013494
s30,2.901841611301404,13.884544651612648,0.5417499097671322,24.62337215559429,1.9805886120076732,2.575418502202643,0.0,0.0,0.0,0.5638766519823789,0.0,0.23788546255506607,0.0,0.013215859030837005,0.09691629955947137,0.0,0.0881057268722467,0.0,0.0,8.142667393573289
s31,2.136514525480516,21.91694753127767,0.4059734764653831,42.413352167009506,5.697701118014736,2.075454545454545,0.23923444976076555,0.0,0.4449760765550239,0.0,0.0,0.24401913875598086,0.0,0.0,0.0,0.0,0.0,0.07177033492822966,0.0,6.927212409606008
s32,2.3687465397468763,14.22044457643112,0.3868922349702348,23.33611417670749,1.8541945671441944,2.723125,0.0,0.0,0.0,0.609375,0.0,0.15625,0.0,0.109375,0.125,0.0,0.0,0.0,0.0,8.836093594042303
s33,2.0966236863774568,23.124865077131044,0.40063495146308914,41.77394981675282,3.1635440856038537,2.0663392857142857,0.0,0.0,0.5446428571428571,0.0,0.008928571428571428,0.23214285714285715,0.10267857142857142,0.0,0.11160714285714286,0.0,0.0,0.0,0.0,7.781799073840278
s34,2.4104141304890914,13.921704451767411,0.4667252846040244,24.362982790592962,1.3893199244784074,2.5952380952380953,0.0,0.0,0.0,0.5714285714285714,0.0,0.19047619047619047,0.0,0.23809523809523808,0.0,0.0,0.0,0.0,0.0,8.75247391945513
s35,2.283156195533974,18.41229353050768,0.5312356060722699,37.98746875767897,2.6962556756369143,2.1766326530612248,0.18877551020408162,0.0,0.17857142857142858,0.2602040816326531,0.0,0.3163265306122449,0.0,0.01020408163265306,0.0,0.0,0.0,0.0,0.04591836734693878,7.714609048750617
s36,3.2313151666733817,34.50144951700675,0.26587447522567326,51.579667027925126,9.154625545003947,2.310401337792642,0.0,0.0,0.3779264214046823,0.0,0.0,0.10033444816053512,0.0,0.0,0.023411371237458192,0.0,0.20735785953177258,0.0,0.2909698996655518,6.25641499796306
s37,2.5928576544141286,13.1302861877286,0.9214759329476807,30.234211616480327,1.3871628975342176,2.1198857142857146,0.0,0.0,0.0,0.4342857142857143,0.0,0.44571428571428573,0.05714285714285714,0.06285714285714286,0.0,0.0,0.0,0.0,0.0,8.317250646523553
s38,1.9471208257231176,25.399061749779868,0.28694940369760596,42.38783815195052,3.7225632269393074,2.1765873015873014,0.0,0.0,0.5992063492063492,0.0,0.0,0.1349206349206349,0.0,0.26587301587301587,0.0,0.0,0.0,0.0,0.0,7.621094284411799
s39,2.057018658258049,21.99509347817763,0.5127845248878043,45.64573162675577,3.92294389402469,1.898652849740933,0.06217616580310881,0.0,0.48186528497409326,0.0,0.0,0.34196891191709844,0.06735751295336788,0.0,0.046632124352331605,0.0,0.0,0.0,0.0,7.863121891718822
s40,2.700308774510153,15.897638238749733,0.5379101201545535,28.333693957771686,2.54411684819136,2.499049773755656,0.0,0.0,0.0,0.5113122171945701,0.0,0.28054298642533937,0.0,0.0,0.1583710407239819,0.0,0.0,0.0,0.049773755656108594,8.588951308381437
s41,2.223086149609455,22.140543482377474,0.38299029227916903,37.88839483251921,2.6666365720828478,2.241522633744856,0.03292181069958848,0.0,0.5020576131687243,0.0,0.0823045267489712,0.2222222222222222,0.0,0.0,0.12345679012345678,0.0,0.037037037037037035,0.0,0.0,8.466791260314862
s42,2.4581314964070113,26.36233221930859,0.46477691356464473,51.95682951960822,2.73909007802838,1.953793103448276,0.0,0.0,0.28078817733990147,0.0,0.0,0.3448275862068966,0.1477832512315271,0.0,0.0,0.0,0.0,0.22660098522167488,0.0,6.965545209929878
s43,1.7006634752158178,25.3023973615195,0.24710966019850836,42.170662269199134,3.784766212238286,2.3701999999999996,0.276,0.0,0.352,0.0,0.0,0.124,0.0,0.0,0.0,0.248,0.0,0.0,0.0,5.742710398507013
s44,2.5165312057450815,13.62098224012173,0.7774968693944774,28.413661877243214,1.5803860658344853,2.3079896907216493,0.0,0.0,0.0,0.35051546391752575,0.12886597938144329,0.36597938144329895,0.15463917525773196,0.0,0.0,0.0,0.0,0.0,0.0,7.657337843103465
s45,2.6251330933756845,32.06251242680661,0.29695383239254614,54.55080239283069,3.752486896428846,2.137061224489796,0.09387755102040816,0.0,0.3469387755102041,0.0,0.0,0.1510204081632653,0.1673469387755102,0.0,0.0,0.0,0.0,0.0,0.24081632653061225,6.929642414952987
s46,2.057533541223055,23.419101117443653,0.37523602335771483,43.96217227309596,1.6957505327017874,2.012336448598131,0.0,0.0,0.5327102803738317,0.0,0.0,0.16822429906542055,0.29906542056074764,0.0,0.0,0.0,0.0,0.0,0.0,7.4079816446784985
s47,2.0564804264329384,22.09280560684358,0.4573691659821177,43.966870564114416,4.885664455710958,2.035771144278607,0.19402985074626866,0.0,0.38308457711442784,0.0,0.0,0.3034825870646766,0.0,0.0,0.0,0.07960199004975124,0.0,0.03980099502487562,0.0,7.4779164198916375
s48,2.7861272402295834,21.67615493882239,0.3616103358452328,37.159122752267,2.7387530166690133,2.33175,0.0,0.0,0.38333333333333336,0.2,0.0,0.16666666666666666,0.0,0.025,0.0,0.0,0.225,0.0,0.0,8.065752072747419
s49,2.4048003302644196,12.469996766272509,0.6714647295230171,23.715261707286093,2.315487434506999,2.566572769953052,0.1643192488262911,0.0,0.0,0.27699530516431925,0.24882629107981222,0.30985915492957744,0.0,0.0,0.0,0.0,0.0,0.0,0.0,10.146892179226201
s50,2.0614146154364987,23.859650562774,0.337531671615568,41.665359937978465,2.631287918316342,2.1104273504273507,0.0,0.0,0.5726495726495726,0.0,0.0,0.15384615384615385,0.18803418803418803,0.0,0.08547008547008547,0.0,0.0,0.0,0.0,7.545430289743591
s51,2.7018818806192777,20.557578935981176,0.3905551188168823,33.56870484483001,1.6311887961031122,2.5562790697674416,0.0,0.0,0.31007751937984496,0.0,0.3023255813953488,0.20930232558139536,0.0,0.0,0.0,0.0,0.17829457364341086,0.0,0.0,7.570978629679006
s52,2.334040739665963,24.23050103521587,0.5110967937160327,49.73629159860104,7.435898966318622,1.9286153846153846,0.08205128205128205,0.0,0.3333333333333333,0.0,0.0,0.39487179487179486,0.0,0.0,0.035897435897435895,0.0,0.0,0.15384615384615385,0.0,7.795687486574141
s53,2.744075109125846,13.503028881084576,0.6902634465463396,24.928668703540794,2.4933116673919655,2.5492129629629625,0.0,0.0,0.0,0.2962962962962963,0.24537037037037038,0.3287037037037037,0.05092592592592592,0.0,0.041666666666666664,0.0,0.037037037037037035,0.0,0.0,9.562441706215767
s54,3.15015249823734,15.172605765563041,0.3107606055968468,24.257998439552857,1.6347706187758693,2.8047191011235957,0.0,0.0,0.0,0.6254681647940075,0.0,0.08239700374531835,0.0,0.09737827715355805,0.0,0.0,0.1947565543071161,0.0,0.0,8.280447950103838
s55,2.2282163351479336,13.390963729134373,0.3333755005578202,23.852654142520603,1.764295654772363,2.6734649122807017,0.3201754385964912,0.0,0.0,0.5175438596491229,0.0,0.11842105263157894,0.0,0.0,0.0,0.0,0.0,0.043859649122807015,0.0,7.825727923778901
s56,2.3937476653210066,24.931863812357484,0.45567393793212607,47.823847858249316,7.378686316636301,2.0208056872037914,0.08530805687203792,0.0,0.33649289099526064,0.0,0.0,0.3412322274881517,0.0,0.0,0.052132701421800945,0.0,0.0,0.1848341232227488,0.0,7.118939478946283
s57,2.6061675816790237,24.93853520708835,0.3745107139673548,43.596254139798894,4.579542312644264,2.14656779661017,0.0,0.0,0.5042372881355932,0.0,0.0,0.211864406779661,0.0,0.0,0.0,0.06779661016949153,0.21610169491525424,0.0,0.0,7.87184986393648
s58,2.3063495272619474,33.034277355456204,0.20024271721640385,48.47085555894043,4.279356929502267,2.4125477707006366,0.0,0.0,0.39171974522292996,0.0,0.0,0.06687898089171974,0.0,0.21656050955414013,0.0,0.0,0.03503184713375796,0.2898089171974522,0.0,6.730625541378074
s59,2.598859942841625,13.714503704894481,0.4234829371868268,23.949207962278418,1.1208813336869339,2.5743589743589745,0.0,0.0,0.0,0.5128205128205128,0.0,0.09829059829059829,0.32905982905982906,0.0,0.0,0.05982905982905983,0.0,0.0,0.0,7.346597587321452
s60,2.5710177433025536,12.944207976941788,0.8863737794316677,28.695593587437234,1.8104214644116168,2.19375,0.02717391304347826,0.0,0.0,0.42934782608695654,0.021739130434782608,0.42934782608695654,0.0,0.09239130434782608,0.0,0.0,0.0,0.0,0.0,9.160102121533143
s61,2.4189084845070963,15.272031384989074,0.6338063166922822,27.871457277605053,3.993186734532916,2.47986301369863,0.0,0.0,0.0,0.3242009132420091,0.1278538812785388,0.3470319634703196,0.0,0.0,0.1050228310502283,0.0958904109589041,0.0,0.0,0.0,9.473309271873642
s62,2.357653670677822,26.26453308736046,0.4059451357356698,49.331644755390094,2.345555330232261,2.01875,0.0,0.0,0.35185185185185186,0.0,0.0,0.25925925925925924,0.20833333333333334,0.0,0.0,0.0,0.0,0.18055555555555555,0.0,6.148514364065349
s63,2.6076147462080357,13.000462798555322,0.855314274312043,28.117280006177825,1.488364045080626,2.2156989247311825,0.0,0.0,0.0,0.46236559139784944,0.0,0.40860215053763443,0.0,0.12903225806451613,0.0,0.0,0.0,0.0,0.0,9.742882945859217
s64,2.0245085525159117,23.415445854655054,0.4567270303558595,45.72638954635468,3.849031771464352,1.9483091787439613,0.0,0.0,0.5120772946859904,0.0,0.0,0.30917874396135264,0.0,0.178743961352657,0.0,0.0,0.0,0.0,0.0,7.769754107745993
s65,2.5516711928544806,14.720095562596885,0.6132908993493057,29.890806295477372,2.2734862569602448,2.342613065326633,0.19597989949748743,0.0,0.0,0.40703517587939697,0.0,0.31155778894472363,0.0,0.0,0.0,0.0,0.0,0.08542713567839195,0.0,8.9111807659691
s66,2.389631836155332,22.641981698155252,0.30597554387898174,35.207037475702926,1.9145951972054915,2.5434982332155474,0.0,0.0,0.4134275618374558,0.0,0.2226148409893993,0.1519434628975265,0.0,0.0,0.08480565371024736,0.007067137809187279,0.12014134275618374,0.0,0.0,7.1192439903302756
s67,3.39389825684333,15.647123396813575,0.5809656202911829,29.136022876825244,2.0667660579112623,2.451296296296296,0.0,0.0,0.0,0.48148148148148145,0.0,0.2777777777777778,0.0,0.0,0.0,0.0,0.18518518518518517,0.05555555555555555,0.0,9.128092259359644
s68,2.6930474700384246,24.248468851252884,0.3881342003012747,43.300837234380126,5.439116685035184,2.0987999999999998,0.0,0.0,0.56,0.0,0.0,0.21333333333333335,0.0,0.0,0.0,0.0,0.22666666666666666,0.0,0.0,8.853260947322894
s69,1.9052054970590735,20.81608000758587,0.2587712038039323,36.82844924419036,5.783489037690222,2.248695652173913,0.34782608695652173,0.0,0.5652173913043478,0.0,0.0,0.08695652173913043,0.0,0.0,0.0,0.0,0.0,0.0,0.0,7.753079548340686
s70,2.2046767312139135,24.32061905604915,0.4811730857643522,49.90793702126754,2.230792681254545,1.8945685279187818,0.0,0.0,0.4010152284263959,0.0,0.0,0.3248730964467005,0.18781725888324874,0.0,0.0,0.0,0.0,0.08629441624365482,0.0,7.49323280261016
s71,2.187062942770896,18.348917209399144,0.5732315982039128,37.07230211694928,2.3055153338008942,2.124949494949495,0.0,0.0,0.23737373737373738,0.25757575757575757,0.0,0.3434343434343434,0.0,0.16161616161616163,0.0,0.0,0.0,0.0,0.0,8.175332159116204
s72,2.566212904663175,13.260839351001927,0.8405629467409582,28.160658846509726,2.032709046012007,2.2427513227513227,0.0,0.0,0.0,0.4708994708994709,0.0,0.41798941798941797,0.0,0.031746031746031744,0.07936507936507936,0.0,0.0,0.0,0.0,8.44220422115419
s73,2.3091359975705985,14.46519036508301,0.304871600173585,23.305028921522634,1.3601841072215595,2.766666666666666,0.0,0.0,0.0,0.6206896551724138,0.0,0.09195402298850575,0.0,0.28735632183908044,0.0,0.0,0.0,0.0,0.0,7.424144002640064
s74,2.139594853314204,15.758815344349976,0.4712577903955395,30.486680152153674,1.7636513162885747,2.3606763285024157,0.14492753623188406,0.0,0.13526570048309178,0.38164251207729466,0.0,0.20772946859903382,0.13043478260869565,0.0,0.0,0.0,0.0,0.0,0.0,8.574295382843832
s75,2.3957296160454864,23.361489603865095,0.38738817155396094,41.05958778861135,5.815029908702627,2.1057758620689655,0.0,0.0,0.5689655172413793,0.0,0.0,0.21551724137931033,0.03017241379310345,0.0,0.09051724137931035,0.0,0.09482758620689655,0.0,0.0,8.365063336741047
s76,2.637535035859997,22.109355193099166,0.43114934549933354,39.20955960026178,1.8173715978538054,2.2651541850220265,0.0,0.0,0.41409691629955947,0.0,0.14977973568281938,0.2555066079295154,0.0,0.0,0.0,0.0,0.18061674008810572,0.0,0.0,10.06391557310598
s77,1.9845786635477354,25.6030761193689,0.2539743208713006,40.15027845991939,5.343254352920361,2.2730434782608695,0.0,0.0,0.6376811594202898,0.0,0.0,0.10144927536231885,0.06521739130434782,0.0,0.1956521739130435,0.0,0.0,0.0,0.0,7.611996221847688
s78,3.1218587075260142,13.605779189215333,0.7796222574937897,28.55718489164979,1.741410543170275,2.290628272251309,0.02617801047120419,0.0,0.0,0.47643979057591623,0.0,0.3717277486910995,0.0,0.0,0.0,0.0,0.1256544502617801,0.0,0.0,7.070887086618086
s79,1.921124240484219,19.806998479663037,0.33677713117129165,34.12008497226625,1.9042886280429996,2.469152542372881,0.24152542372881355,0.0,0.3220338983050847,0.0,0.19915254237288135,0.17796610169491525,0.0,0.0,0.0,0.059322033898305086,0.0,0.0,0.0,6.66164388214787
s80,2.061035834052003,22.154889703410444,0.5998080447783736,51.306060365792575,1.8877318717652871,1.7429545454545454,0.0,0.0,0.4318181818181818,0.0,0.0,0.42045454545454547,0.14772727272727273,0.0,0.0,0.0,0.0,0.0,0.0,8.617523239859635
s81,2.2794861239925077,27.863439532533302,0.3270001605334995,47.007707510668475,4.314783958359001,2.1701612903225804,0.0,0.0,0.40725806451612906,0.0,0.0,0.20967741935483872,0.0,0.1975806451612903,0.0,0.0,0.0,0.18548387096774194,0.0,6.646048985579415
s82,2.4922041639361963,12.994581798301644,0.7856878665882816,27.1191272312382,2.0738606195979172,2.300520833333333,0.0625,0.0,0.0,0.4791666666666667,0.0,0.3802083333333333,0.0,0.0,0.078125,0.0,0.0,0.0,0.0,8.281343998915766
s83,2.1065640078252708,19.328104088218833,0.4293012005975132,35.17081235725065,2.1929379530025495,2.2905405405405403,0.0,0.0,0.26576576576576577,0.28378378378378377,0.0,0.23423423423423423,0.0,0.21621621621621623,0.0,0.0,0.0,0.0,0.0,6.763183164861317
s84,2.641588108656985,15.666870307090495,0.6408821694124993,31.818282994812673,1.3600440742909239,2.2801015228426396,0.0,0.0,0.0,0.4517766497461929,0.0,0.3147208121827411,0.16751269035532995,0.0,0.025380710659898477,0.0,0.0,0.0,0.04060913705583756,7.178957498760083
s85,3.3184733841585037,24.64078543965595,0.46997997727148216,45.380113184699724,2.777842573825286,2.2820361990950224,0.0,0.0,0.0,0.334841628959276,0.0,0.3167420814479638,0.0,0.0,0.0,0.0,0.14027149321266968,0.0,0.2081447963800905,6.812443708937937
s86,2.4260292129524315,29.34676527077325,0.3297313518548231,50.16007397344936,4.385557694812018,2.106721991701245,0.0,0.0,0.44398340248962653,0.0,0.0,0.1950207468879668,0.11618257261410789,0.03319502074688797,0.07053941908713693,0.0,0.0,0.0,0.14107883817427386,6.698713350829386
s87,2.6178996205241574,13.537183005060157,0.540932708176472,25.503085839890122,1.0198232448906177,2.452085308056872,0.0,0.0,0.0,0.5165876777251185,0.0,0.18009478672985782,0.2890995260663507,0.0,0.0,0.0,0.0,0.014218009478672985,0.0,6.967323671826372
s88,2.7750380610970087,25.697966981533995,0.42834499129249387,47.07694791575137,5.76019581551432,2.063073394495413,0.0,0.0,0.4036697247706422,0.0,0.0,0.2889908256880734,0.0,0.0,0.0,0.0,0.1651376146788991,0.14220183486238533,0.0,7.753117596667242
s89,2.0651634404917147,23.112805043723764,0.4435499172677955,44.91733810384059,2.450820180146168,1.9585436893203885,0.0,0.0,0.5145631067961165,0.0,0.0,0.2669902912621359,0.1650485436893204,0.0,0.05339805825242718,0.0,0.0,0.0,0.0,7.649105010968406
s90,2.7261837762997616,24.937411104631046,0.33717370517199213,42.44665719937203,5.396389337335215,2.1738750000000002,0.0,0.0,0.5875,0.0,0.0,0.15833333333333333,0.0,0.0,0.0,0.0,0.25416666666666665,0.0,0.0,9.249949326069649
s91,2.566410562670203,29.205338822395543,0.3141591529955927,46.76331037633569,5.009856894155916,2.256022304832714,0.0,0.0,0.4349442379182156,0.0,0.04460966542750929,0.19330855018587362,0.0,0.0,0.137546468401487,0.0,0.04460966542750929,0.0,0.1449814126394052,6.408188336154115
s92,2.094870929891237,18.70279684618694,0.6485824841223802,42.37722323376534,2.6528225410494266,1.9487150837988827,0.0782122905027933,0.0,0.2681564245810056,0.17318435754189945,0.0,0.41899441340782123,0.03910614525139665,0.0,0.0223463687150838,0.0,0.0,0.0,0.0,8.648605247617484
s93,1.9861343436387673,24.87417225084676,0.29107729209174965,41.857227787631814,3.1890050462505606,2.1658196721311476,0.0,0.0,0.5942622950819673,0.0,0.0,0.12295081967213115,0.06557377049180328,0.21721311475409835,0.0,0.0,0.0,0.0,0.0,6.379429753159395
s94,2.0811586431404936,24.074723605891126,0.32834315544429377,39.50723873787263,12.103046139009356,2.196328125,0.0,0.0,0.609375,0.0,0.0,0.18359375,0.0,0.0,0.20703125,0.0,0.0,0.0,0.0,8.16873537744894
s95,2.406743032277012,26.460546326568917,0.3384261388433282,46.404689453311185,2.8095596127118725,2.248085106382979,0.17446808510638298,0.0,0.33617021276595743,0.0,0.09361702127659574,0.2127659574468085,0.0,0.0425531914893617,0.0,0.0,0.0,0.0,0.14042553191489363,5.762343966074309
s96,2.0764953772765957,22.688343415256504,0.507531003504697,46.32203447281533,3.0440632666577625,1.891122448979592,0.0,0.0,0.4897959183673469,0.0,0.0,0.34183673469387754,0.10204081632653061,0.0,0.0663265306122449,0.0,0.0,0.0,0.0,8.83225100907908
s97,2.4082930504389486,12.911484779896012,0.8916155766289302,29.464670395147298,2.313413626416835,2.203314606741573,0.11797752808988764,0.0,0.0,0.3595505617977528,0.07865168539325842,0.4438202247191011,0.0,0.0,0.0,0.0,0.0,0.0,0.0,9.864920736579611
s98,2.610859375562264,25.068339574863277,0.4730248105919983,48.94294869378068,6.224058017101845,1.9885365853658536,0.04390243902439024,0.0,0.35609756097560974,0.0,0.0,0.3463414634146341,0.0,0.0,0.0,0.0,0.0975609756097561,0.15609756097560976,0.0,8.36771699660819
s99,2.2613175710447386,15.429061068936067,0.6766063800258648,31.67881687558147,2.6618684035618245,2.264145077720207,0.08808290155440414,0.0,0.11398963730569948,0.27461139896373055,0.09844559585492228,0.37823834196891193,0.0,0.0,0.046632124352331605,0.0,0.0,0.0,0.0,9.525029255992946
s100,2.074257963081613,22.131499393781883,0.44420930808455295,43.8290478190582,1.6292181405985422,1.9893069306930695,0.0,0.0,0.44554455445544555,0.0594059405940594,0.0,0.2376237623762376,0.25742574257425743,0.0,0.0,0.0,0.0,0.0,0.0,8.304615691286356
s101,3.0359097103552206,16.49711392491301,0.4688313951077795,28.506042443783496,2.314116347540618,2.5618297872340423,0.0,0.0,0.1148936170212766,0.3659574468085106,0.09787234042553192,0.2170212765957447,0.0,0.0,0.02553191489361702,0.0,0.17872340425531916,0.0,0.0,8.213920025343791
s102,2.4433770433095563,23.638548935284895,0.5347046365926674,48.80216554381397,5.0529396569584035,1.9053645833333333,0.0,0.0,0.40625,0.0,0.0,0.390625,0.0,0.0,0.0,0.057291666666666664,0.125,0.020833333333333332,0.0,7.3427802944538945
s103,1.9197590051924698,19.60725415918308,0.2620249232437814,30.81139939300198,2.061350124499374,2.7334545454545456,0.0,0.0,0.0,0.4909090909090909,0.0,0.10909090909090909,0.0,0.2545454545454545,0.0,0.14545454545454545,0.0,0.0,0.0,7.62066365597366
s104,2.8377726928749283,18.42956046209544,0.5096858304915171,34.738906003772854,2.4488247865273927,2.286244131455399,0.0,0.0,0.215962441314554,0.3145539906103286,0.0,0.27230046948356806,0.0,0.023474178403755867,0.0,0.0,0.17370892018779344,0.0,0.0,7.5884127634499805
s105,1.9459530387588184,25.12383694225848,0.42276883051535297,45.75397947208051,3.579179629795304,2.1014732142857144,0.0,0.0,0.33035714285714285,0.0,0.0,0.3080357142857143,0.0,0.14285714285714285,0.0,0.21875,0.0,0.0,0.0,7.761686981590299
s106,2.578183150573948,33.007221130781026,0.2699153335407043,50.198482136396116,18.76812731791296,2.2697945205479453,0.0,0.0,0.4383561643835616,0.0,0.0,0.1541095890410959,0.0,0.0,0.18835616438356165,0.0,0.0,0.0,0.2191780821917808,5.7658892999170455
s107,2.124615468119581,13.437959869559373,0.44082089663364393,25.329959754125227,1.6525337576247876,2.533380281690141,0.23943661971830985,0.0,0.03755868544600939,0.49295774647887325,0.0,0.17370892018779344,0.056338028169014086,0.0,0.0,0.0,0.0,0.0,0.0,9.163218304965826
s108,2.5539650416610695,13.344654655096386,0.7593712350186488,28.50903494497864,1.0346922667705436,2.242340425531915,0.0,0.0,0.0,0.46808510638297873,0.0,0.32978723404255317,0.20212765957446807,0.0,0.0,0.0,0.0,0.0,0.0,9.145415223907584
s109,2.3576312290180956,22.930043660837526,0.5288186903911671,48.153091687758824,3.419386523489263,1.8674603174603173,0.0,0.0,0.47619047619047616,0.0,0.0,0.35978835978835977,0.06349206349206349,0.0,0.0,0.0,0.10052910052910052,0.0,0.0,8.907344867310053
s110,2.3719079563387973,25.787387908249332,0.4305862619520231,48.811841397757696,3.8630239205795847,1.9718867924528305,0.0,0.0,0.44339622641509435,0.0,0.0,0.28773584905660377,0.1179245283018868,0.0,0.0660377358490566,0.0,0.0,0.0,0.08490566037735849,7.187712979897188
s111,2.239571880485662,13.73733062601648,0.3239227382348901,23.0193107787303,1.5791894992108237,2.7320161290322584,0.10483870967741936,0.0,0.0,0.5967741935483871,0.0,0.10483870967741936,0.0,0.1935483870967742,0.0,0.0,0.0,0.0,0.0,7.672978409935292
s112,1.7846279158792486,28.488525079661496,0.28475347020658887,45.65028717584308,3.294071706714515,2.3150375939849623,0.0,0.0,0.3383458646616541,0.0,0.0,0.18045112781954886,0.0,0.19548872180451127,0.0,0.2857142857142857,0.0,0.0,0.0,6.603286769071715
s113,2.745457756809037,25.668470042001715,0.3675082261456515,44.68215155459561,5.482383715426191,2.139744680851064,0.0,0.0,0.502127659574468,0.0,0.0,0.20851063829787234,0.0,0.0,0.0,0.0,0.2170212765957447,0.07234042553191489,0.0,8.208139417897124
s114,2.08730039263822,15.90519295283225,0.6382015758490788,34.83994646810877,2.3579704077104893,2.1501086956521736,0.18478260869565216,0.0,0.15217391304347827,0.30434782608695654,0.0,0.358695652173913,0.0,0.0,0.0,0.0,0.0,0.0,0.0,9.49068504573804
s115,2.1835398408459374,19.95204549798621,0.5189460006758208,40.95419865376116,1.5981871451533682,2.051282051282051,0.0,0.0,0.28717948717948716,0.18974358974358974,0.0,0.28717948717948716,0.22564102564102564,0.0,0.0,0.0,0.0,0.0,0.010256410256410256,7.46439061657171
s116,2.371426498408645,14.266431345592876,0.38953970854465964,23.072870447810686,2.082610091793765,2.751297709923664,0.0,0.0,0.0,0.6183206106870229,0.0,0.16793893129770993,0.0,0.0,0.21374045801526717,0.0,0.0,0.0,0.0,7.928727650609704
s117,2.781822264715723,13.62996928456834,0.7611676647670473,27.126311419287994,2.096616735089196,2.405073891625616,0.0,0.0,0.0,0.3103448275862069,0.1921182266009852,0.3645320197044335,0.08374384236453201,0.0,0.0,0.0,0.04926108374384237,0.0,0.0,9.124632999567014
s118,2.0055879054158923,23.438214752798533,0.34679473043380615,42.77474192385728,2.5865821436148937,2.073607305936073,0.0547945205479452,0.0,0.547945205479452,0.0,0.0,0.1598173515981735,0.1780821917808219,0.0593607305936073,0.0,0.0,0.0,0.0,0.0,8.021885171121083
s119,2.040076602531751,21.537730970890884,0.485810857618294,43.075461941781825,4.924872093929238,1.9832673267326735,0.11386138613861387,0.0,0.48514851485148514,0.0,0.01485148514851485,0.3217821782178218,0.0,0.0,0.06435643564356436,0.0,0.0,0.0,0.0,8.968830926922529
s120,1.9523720829092743,14.733786670061107,0.3576635374566498,27.22004655994344,1.9697923936224944,2.532293577981651,0.3119266055045872,0.0,0.11926605504587157,0.42201834862385323,0.0,0.14678899082568808,0.0,0.0,0.0,0.0,0.0,0.0,0.0,7.277771579613969
s121,2.5471663733069634,14.206419845766778,0.5842375669785554,27.109498421279692,1.9269331426428389,2.431201923076923,0.07692307692307693,0.0,0.0,0.4807692307692308,0.0,0.27403846153846156,0.0,0.125,0.0,0.0,0.0,0.04326923076923077,0.0,9.490619311909677
s122,2.7243517529452372,13.406773556233736,0.7266872123082216,26.175129324075385,2.3193085948094008,2.394731707317073,0.0,0.0,0.0,0.4878048780487805,0.024390243902439025,0.35121951219512193,0.0,0.0,0.1024390243902439,0.0,0.03414634146341464,0.0,0.0,8.362283466244515
s123,2.307192271626199,12.107808233648605,0.46178501339841627,21.120387294785544,2.0282371008715674,2.7611637931034485,0.2413793103448276,0.0,0.004310344827586207,0.33189655172413796,0.23706896551724138,0.1853448275862069,0.0,0.0,0.0,0.0,0.0,0.0,0.0,7.947663967689638
s124,2.26676012776712,23.302010698806022,0.466901950180617,47.07476908849696,5.888189762437833,1.9923000000000002,0.175,0.0,0.36,0.0,0.0,0.33,0.0,0.0,0.0,0.0,0.0,0.135,0.0,7.500155537108027
s125,2.5359719356067347,13.37558723907614,0.485489255172934,23.664500499903905,1.3145385576355286,2.5769565217391306,0.0,0.0,0.0,0.5652173913043478,0.0,0.16956521739130434,0.1826086956521739,0.0,0.08260869565217391,0.0,0.0,0.0,0.0,7.676721295760406
s126,2.774512957187231,15.06233241607384,0.5608171315524593,28.75536188523187,1.3310021983415534,2.3980952380952383,0.0,0.0,0.0,0.4714285714285714,0.0,0.23333333333333334,0.20952380952380953,0.0,0.0,0.0,0.03333333333333333,0.05238095238095238,0.0,7.024408552307285
s127,2.0157038020781215,20.058581132676398,0.4024487588005465,38.981770880484284,5.898178320306038,2.0807766990291263,0.27184466019417475,0.0,0.5145631067961165,0.0,0.0,0.21359223300970873,0.0,0.0,0.0,0.0,0.0,0.0,0.0,6.79957313540777
s128,2.0673599205379585,22.17924963120265,0.5268822075156222,47.969074783763865,1.8774938093695694,1.8417204301075267,0.0,0.021505376344086023,0.44086021505376344,0.0,0.0,0.3333333333333333,0.20430107526881722,0.0,0.0,0.0,0.0,0.0,0.0,7.697800396812369
s129,2.2677033334957524,23.469007345722947,0.5143433623931762,47.9058088087953,4.7648434173160386,1.9454040404040407,0.04040404040404041,0.0,0.3888888888888889,0.0,0.0,0.37373737373737376,0.0,0.0,0.0,0.10101010101010101,0.09595959595959595,0.0,0.0,7.533342927184101
s130,1.732509024488019,24.052357268066995,0.24401372204484567,40.990637034311334,4.104307390645905,2.323884297520661,0.30578512396694213,0.0,0.4380165289256198,0.0,0.0,0.10743801652892562,0.0,0.0,0.0,0.1487603305785124,0.0,0.0,0.0,6.124502077904181
s131,2.2674652187979807,23.93897012536691,0.3836151473477543,45.289943480423844,7.0670994103422995,2.067857142857143,0.20476190476190476,0.0,0.4523809523809524,0.0,0.0,0.23333333333333334,0.0,0.03333333333333333,0.0,0.0,0.0,0.0,0.0761904761904762,6.337033222495729
s132,2.5985280374297828,15.389711153270405,0.5214025188004624,27.65143223473787,2.3948824400545536,2.4761085972850676,0.0,0.0,0.08144796380090498,0.4751131221719457,0.0,0.25339366515837103,0.0,0.03619909502262444,0.09954751131221719,0.0,0.05429864253393665,0.0,0.0,8.333642239874484
s133,2.5007874555697467,23.27311664853584,0.5185698653964351,47.771134173310394,5.587673199147412,1.9,0.0,0.0,0.48717948717948717,0.0,0.0,0.358974358974359,0.0,0.0,0.0,0.0,0.15384615384615385,0.0,0.0,8.579601425612095
s134,2.7656017771862587,28.103099993400978,0.39932748201879364,51.95531091216989,9.099147483435763,2.0335454545454543,0.07727272727272727,0.0,0.38636363636363635,0.0,0.0,0.2772727272727273,0.0,0.0,0.0,0.0,0.10454545454545454,0.0,0.15454545454545454,6.9515156101541775
s135,2.3052096295813667,30.17643414328998,0.21110627955335567,43.60295329955557,15.58870057920768,2.384420731707317,0.0,0.0,0.5792682926829268,0.0,0.0,0.06707317073170732,0.0,0.0,0.24085365853658536,0.0,0.0,0.0,0.11280487804878049,6.698438838755101
s136,2.0423688166873832,21.115573765331327,0.6119048179949081,49.26967211910642,3.6713340375953765,1.7736,0.09142857142857143,0.0,0.42857142857142855,0.0,0.0,0.42857142857142855,0.05142857142857143,0.0,0.0,0.0,0.0,0.0,0.0,8.281968440787288
s137,1.7044080918898683,24.817939691616903,0.23565024431190248,41.53206234107323,3.9089817107494533,2.360894308943089,0.2967479674796748,0.0,0.3983739837398374,0.0,0.0,0.10569105691056911,0.0,0.0,0.0,0.1991869918699187,0.0,0.0,0.0,5.665057747716694
s138,2.003423222001025,16.839257665717355,0.5136113647860996,34.56479205068299,2.4366009086788183,2.219333333333333,0.23076923076923078,0.0,0.2205128205128205,0.26666666666666666,0.0,0.28205128205128205,0.0,0.0,0.0,0.0,0.0,0.0,0.0,8.1125951006905
s139,3.3820394250430894,14.372053855639388,0.5954967982951874,26.853047993431463,1.6117390351455143,2.4914084507042253,0.0,0.0,0.0,0.5352112676056338,0.0,0.26291079812206575,0.0,0.0,0.0,0.0,0.20187793427230047,0.0,0.0,8.715718019493625
s140,1.9888911934289433,20.519088562737732,0.4574196333051406,41.893139148922884,5.968849533185504,1.9986734693877553,0.23469387755102042,0.0,0.4897959183673469,0.0,0.0,0.2755102040816326,0.0,0.0,0.0,0.0,0.0,0.0,0.0,8.53370788928809
s141,2.37624712578276,23.47874440465004,0.41176914627416616,44.419246170959525,1.8012751055139284,2.0891904761904763,0.0,0.0,0.3333333333333333,0.12380952380952381,0.0,0.21428571428571427,0.2571428571428571,0.0,0.0,0.0,0.0,0.0,0.07142857142857142,7.727405448227938
s142,2.066223801351862,22.094851000069863,0.6116281497769096,50.70485037195521,3.040809071156431,1.749832402234637,0.0,0.0,0.43575418994413406,0.0,0.0,0.44692737430167595,0.0446927374301676,0.07262569832402235,0.0,0.0,0.0,0.0,0.0,8.389591380956231
s143,2.1782809487945975,32.234943406043065,0.25179397507384804,50.34446217348294,4.305596490908502,2.2831294964028777,0.0,0.0,0.39928057553956836,0.0,0.0,0.13309352517985612,0.0,0.22661870503597123,0.0,0.11510791366906475,0.0,0.0,0.12589928057553956,6.224884257878246
s144,2.0695024826232253,18.754000783597625,0.3366609028434074,29.486059035482974,3.6997535449868044,2.7096691176470586,0.0,0.0,0.0,0.4632352941176471,0.0,0.1801470588235294,0.0,0.0,0.18382352941176472,0.17279411764705882,0.0,0.0,0.0,9.290205280403852
s145,2.5704578508536375,13.280444463808388,0.8822623422099333,30.527774936286843,1.0853043879723339,2.1256497175141242,0.0,0.0,0.0,0.4350282485875706,0.0,0.4124293785310734,0.15254237288135594,0.0,0.0,0.0,0.0,0.0,0.0,9.792510171143572
s146,2.90487922537039,32.74774500294934,0.22269688613863353,47.61942736667404,5.063477563538128,2.45410094637224,0.0,0.0,0.35331230283911674,0.0,0.0,0.0694006309148265,0.0,0.0,0.0,0.0,0.24290220820189273,0.334384858044164,0.0,6.546579819570549
s147,2.6068625068656712,24.8575205010196,0.30709587198801885,40.590128413057315,4.821558938218123,2.246589147286822,0.0,0.0,0.5930232558139535,0.0,0.011627906976744186,0.13178294573643412,0.0,0.0,0.050387596899224806,0.007751937984496124,0.2054263565891473,0.0,0.0,8.089860798356693
s148,2.16476110011347,19.99016852248756,0.3643616647086389,36.242338052965245,1.4347681303659647,2.2362331838565024,0.0,0.0,0.34977578475336324,0.20179372197309417,0.0,0.1210762331838565,0.3273542600896861,0.0,0.0,0.0,0.0,0.0,0.0,6.9081296459385735
s149,2.8597772619951645,30.432170483390472,0.25118145247004003,46.28893299842029,5.2320402453546215,2.369515570934256,0.0,0.0,0.42214532871972316,0.0,0.0,0.09688581314878893,0.0,0.0,0.0,0.0,0.24567474048442905,0.23529411764705882,0.0,6.851404144405834
s150,2.7553823701053606,31.070836953217,0.4369996119130983,59.34249940614417,8.198529728217345,1.9187735849056604,0.0,0.0,0.2783018867924528,0.0,0.0,0.36792452830188677,0.0,0.10849056603773585,0.0,0.0,0.0,0.0,0.24528301886792453,6.34487315278728
s151,2.0540256247454387,23.039170439421728,0.4622733439737124,45.630978346039164,2.8299258601931023,1.9324509803921568,0.0,0.0,0.5049019607843137,0.0,0.0,0.29411764705882354,0.08823529411764706,0.11274509803921569,0.0,0.0,0.0,0.0,0.0,7.969193585505869
s152,2.4935708999362065,14.072914398775017,0.6757911690908533,28.73837256170901,1.1906132847229913,2.2962371134020616,0.0,0.0,0.0,0.4536082474226804,0.0,0.29381443298969073,0.21649484536082475,0.0,0.0,0.03608247422680412,0.0,0.0,0.0,8.462080179948535
s153,2.122793013255089,22.69316005047166,0.4931589820662767,43.13744838422988,7.346875301946715,1.9977251184834122,0.0,0.0,0.4597156398104265,0.0,0.0,0.3459715639810427,0.0,0.0,0.12796208530805686,0.06635071090047394,0.0,0.0,0.0,9.21534390561452
s154,1.7007024504837447,19.723897815185836,0.2432680020623653,32.53162366920263,2.624881307530337,2.6959055118110236,0.28346456692913385,0.0,0.0,0.3543307086614173,0.0,0.11023622047244094,0.0,0.0,0.0,0.25196850393700787,0.0,0.0,0.0,6.679636276886174
s155,3.1624467676077783,17.016889671772752,0.5977749319850456,32.194115595245755,2.9907190690681094,2.3607142857142858,0.0,0.0,0.0,0.4095238095238095,0.0,0.32857142857142857,0.0,0.0,0.0380952380952381,0.0,0.10476190476190476,0.11904761904761904,0.0,9.381766813453464
s156,2.857701175368586,23.561046940585644,0.2840710954980071,37.92753897752813,2.9383265112266983,2.3929545454545456,0.0,0.0,0.4734848484848485,0.14772727272727273,0.0,0.09090909090909091,0.0,0.0,0.0,0.0,0.2878787878787879,0.0,0.0,7.876232974733705
s157,2.691503736225152,12.609844155704947,0.4789194361475144,22.77907331353153,0.9476896121426723,2.544107142857143,0.0,0.0,0.0,0.5535714285714286,0.0,0.11607142857142858,0.33035714285714285,0.0,0.0,0.0,0.0,0.0,0.0,6.539948998671028
s158,1.7717416421633532,27.36214654226756,0.2907222823069064,44.726585694091185,3.5950319063663168,2.326156862745098,0.08235294117647059,0.0,0.3058823529411765,0.0,0.0,0.1843137254901961,0.0,0.12156862745098039,0.0,0.3058823529411765,0.0,0.0,0.0,6.241825264823305
s159,2.999196532737797,21.32601494237025,0.285779645882333,34.12162390779238,2.4760227028427,2.5238257575757572,0.0,0.0,0.3371212121212121,0.2878787878787879,0.0,0.08333333333333333,0.0,0.0,0.0,0.0,0.2916666666666667,0.0,0.0,9.840996596660752
s160,2.017159219208609,22.849039807314227,0.40675542115927876,42.71777007454397,5.651650616163759,2.0413023255813956,0.07441860465116279,0.0,0.5348837209302325,0.0,0.0,0.25116279069767444,0.0,0.10232558139534884,0.037209302325581395,0.0,0.0,0.0,0.0,7.84276979935228
s161,2.382295020291223,23.737953383932023,0.4079603891186803,42.57759892673525,5.126988165429308,2.182654867256637,0.07964601769911504,0.0,0.3141592920353982,0.084070796460177,0.0,0.2743362831858407,0.0,0.0,0.08849557522123894,0.0,0.0,0.1592920353982301,0.0,7.267264865374984
s162,2.008175091515832,22.9287622834885,0.3831058250585562,43.7730916321144,2.2840392656512267,2.019285714285714,0.07142857142857142,0.0,0.5238095238095238,0.0,0.0,0.19047619047619047,0.21428571428571427,0.0,0.0,0.0,0.0,0.0,0.0,6.41263607107266
s163,1.9411179665361944,25.942523546304656,0.23805160818109222,41.20283151471912,3.846094782744698,2.2562962962962962,0.0,0.0,0.6296296296296297,0.0,0.0,0.07407407407407407,0.06296296296296296,0.17037037037037037,0.06296296296296296,0.0,0.0,0.0,0.0,6.832702694222424
s164,2.705739704716377,21.656639890023285,0.47750830554653734,41.34449433549899,3.0539948709007225,2.1023809523809525,0.0,0.0,0.40476190476190477,0.11904761904761904,0.0,0.2857142857142857,0.0,0.0,0.0,0.0,0.19047619047619047,0.0,0.0,8.320800917846281
s165,2.3812634099684087,13.585868648737607,0.5513190160901762,25.099316656142378,2.2527156587168276,2.498073394495413,0.10091743119266056,0.0,0.04128440366972477,0.5,0.0,0.25229357798165136,0.0,0.0,0.10550458715596331,0.0,0.0,0.0,0.0,8.505863207497077
s166,2.1478845041249084,21.0321061180393,0.5167836942328851,39.97994946762429,2.000224702677173,2.104739336492891,0.0,0.0,0.41232227488151657,0.0,0.11374407582938388,0.3459715639810427,0.023696682464454975,0.0,0.10426540284360189,0.0,0.0,0.0,0.0,7.956207279171495
s167,1.8235241267615083,27.601599430683894,0.26098173886275405,45.88080435166658,1.8116527554395985,2.2402390438247015,0.0,0.0,0.41832669322709165,0.0,0.0,0.08764940239043825,0.3107569721115538,0.0,0.0,0.18326693227091634,0.0,0.0,0.0,5.971986436857214
s168,2.028610484267375,21.44311533132403,0.5600228665359586,47.278194043762625,4.803405429623575,1.8410928961748636,0.09836065573770492,0.0,0.453551912568306,0.0,0.0,0.3879781420765027,0.01639344262295082,0.04371584699453552,0.0,0.0,0.0,0.0,0.0,8.276929850966233
s169,2.3859045265285643,15.253596624823189,0.8068084057340845,34.56194678282723,1.7315098199720576,2.099441340782123,0.0,0.0,0.0,0.36312849162011174,0.0,0.43575418994413406,0.12290502793296089,0.0,0.0,0.0782122905027933,0.0,0.0,0.0,9.188941833158308
s170,1.996351817539801,19.69087431432571,0.2846530361262584,31.771165304709577,1.7848152057570883,2.6528136882129276,0.0,0.0,0.0,0.42585551330798477,0.0,0.09505703422053231,0.19011406844106463,0.09505703422053231,0.0,0.19391634980988592,0.0,0.0,0.0,7.447677623786754
s171,1.9358870382078968,25.241510569833842,0.37360301966770165,46.24075045566196,1.9318465150959618,2.0838073394495416,0.0,0.0,0.3944954128440367,0.0,0.0,0.21100917431192662,0.24311926605504589,0.0,0.0,0.15137614678899083,0.0,0.0,0.0,6.821215751339451
s172,2.0296996801316607,20.696438012394687,0.47535745899106663,42.48216223596805,4.3405123938617445,1.986051282051282,0.13333333333333333,0.05128205128205128,0.4358974358974359,0.0,0.0,0.28717948717948716,0.03076923076923077,0.06153846153846154,0.0,0.0,0.0,0.0,0.0,7.646914710507245
s173,3.247000377173939,13.97002297461762,0.7049872991172327,27.940045949235227,1.6733933886110628,2.3689,0.01,0.0,0.0,0.5,0.0,0.33,0.0,0.0,0.0,0.0,0.16,0.0,0.0,6.915614748782852
s174,2.8088418011620018,17.847167393652892,0.6262211052455127,35.34439032860668,2.8342316346548904,2.236633663366337,0.0,0.0,0.0,0.3465346534653465,0.0,0.37623762376237624,0.0,0.1188118811881188,0.0,0.0,0.0,0.15841584158415842,0.0,7.908297007036147
s175,1.8092132396154343,27.989240443872625,0.2553234273814302,44.453499528503585,3.3135951047712924,2.299074074074074,0.0,0.0,0.46296296296296297,0.0,0.0,0.12962962962962962,0.0,0.24074074074074073,0.0,0.16666666666666666,0.0,0.0,0.0,6.640260690888195
s176,2.864431552858697,27.708418211523725,0.2829254016740275,44.4002364112368,6.312925390472832,2.2568421052631575,0.0,0.0,0.5639097744360902,0.0,0.0,0.10526315789473684,0.0,0.0,0.0,0.0,0.2706766917293233,0.0,0.06015037593984962,9.633522562816404
s177,3.2522009043521214,14.273144289669192,0.6454985155728402,27.017023119730958,2.0280748140314877,2.4801886792452827,0.0,0.0,0.0,0.4528301886792453,0.07547169811320754,0.3018867924528302,0.0,0.0,0.0,0.0,0.16981132075471697,0.0,0.0,9.839773629507981
s178,1.9872182630822945,24.047849816533777,0.320460726421427,41.152306376181045,2.9900007224062817,2.180164609053498,0.0,0.0,0.5349794238683128,0.04938271604938271,0.0,0.1646090534979424,0.0,0.25102880658436216,0.0,0.0,0.0,0.0,0.0,7.876158930078242
s179,1.769995735117869,24.266562459161094,0.2019992080049198,34.46259710586746,4.309484596208645,2.8576923076923073,0.0,0.0,0.0,0.38461538461538464,0.0,0.09763313609467456,0.0,0.0,0.19822485207100593,0.31952662721893493,0.0,0.0,0.0,8.997948156684945
s180,2.0778766735357457,21.995286190962844,0.48550448311784417,43.34365219983854,2.9131044469372056,1.9875621890547264,0.0,0.0,0.44776119402985076,0.05970149253731343,0.0,0.31840796019900497,0.0,0.17412935323383086,0.0,0.0,0.0,0.0,0.0,7.24283335996993
s181,1.9750186543451942,25.378834048316616,0.3579999403892644,42.5266948917738,6.26626494847622,2.2020967741935484,0.0,0.0,0.45161290322580644,0.0,0.0,0.24193548387096775,0.0,0.0,0.16129032258064516,0.14516129032258066,0.0,0.0,0.0,7.466392614394272
s182,2.494518118757403,26.188596707257503,0.22940454634596016,39.69209188443711,2.2413011774659473,2.657731958762887,0.0,0.0,0.0,0.35051546391752575,0.0,0.08247422680412371,0.10309278350515463,0.15463917525773196,0.0,0.0,0.0,0.30927835051546393,0.0,7.324806503268224
s183,2.0046479521351053,24.30176479197519,0.2818483036819995,38.430697810565405,5.136971809327665,2.319191176470588,0.0,0.0,0.5588235294117647,0.07352941176470588,0.0,0.14338235294117646,0.0,0.0,0.22426470588235295,0.0,0.0,0.0,0.0,8.06975576833878
s184,1.7666948286763051,29.155971874016192,0.22417624668627686,44.34137389173293,3.2215908791748986,2.391815068493151,0.0,0.0,0.4143835616438356,0.0,0.0,0.09931506849315068,0.0,0.24315068493150685,0.0,0.24315068493150685,0.0,0.0,0.0,6.325507573825497
s185,2.1687062073052257,27.526439760099983,0.26175212462117087,45.2220081773071,4.581080397084797,2.2137944664031624,0.06324110671936758,0.0,0.5335968379446641,0.0,0.0,0.1067193675889328,0.039525691699604744,0.18181818181818182,0.0,0.0,0.0,0.0,0.07509881422924901,7.909151322271386
s186,2.4521647504734023,16.46393957725653,0.708114738968881,36.541914671471794,1.9571469137243007,2.0743956043956047,0.02197802197802198,0.0,0.13736263736263737,0.3131868131868132,0.0,0.3956043956043956,0.08791208791208792,0.0,0.0,0.0,0.04395604395604396,0.0,0.0,7.808092794731099
s187,2.405818958424161,15.012423467696209,0.732014568973881,30.983086731202853,2.797896056441852,2.2225773195876286,0.0,0.0,0.07731958762886598,0.4072164948453608,0.0,0.4020618556701031,0.0,0.0,0.1134020618556701,0.0,0.0,0.0,0.0,9.36294665994728
s188,2.403138319960956,14.008793700508733,0.43904439449084226,23.775487900159153,1.7314513777827119,2.654356846473029,0.0,0.0,0.0,0.5892116182572614,0.0,0.1825726141078838,0.0,0.14522821576763487,0.08298755186721991,0.0,0.0,0.0,0.0,7.91256065925392
s189,1.8578813951538915,27.170503246256644,0.3039494147089678,45.16421400536701,2.3743111948424667,2.2511553784860556,0.0,0.0,0.3545816733067729,0.0,0.0,0.16334661354581673,0.19123505976095617,0.0,0.043824701195219126,0.24701195219123506,0.0,0.0,0.0,6.534507077105577
s190,2.4728655829115262,23.55569164307739,0.4503406828839205,44.96995677314777,5.298243940851449,1.9947619047619047,0.0,0.0,0.5238095238095238,0.0,0.0,0.2857142857142857,0.0,0.047619047619047616,0.0,0.0,0.14285714285714285,0.0,0.0,8.187426344359103
s191,2.2624960618876355,13.884177388488569,0.3007439976423707,22.14856869116036,2.054186350798152,2.8238059701492535,0.08955223880597014,0.0,0.0,0.6268656716417911,0.0,0.10820895522388059,0.0,0.0,0.17537313432835822,0.0,0.0,0.0,0.0,8.13889560446888
s192,2.659558761102123,12.790646067883785,0.49271405812443436,23.002532847887785,1.0697350017380627,2.562735426008969,0.0,0.0,0.0,0.5067264573991032,0.04932735426008968,0.13452914798206278,0.3094170403587444,0.0,0.0,0.0,0.0,0.0,0.0,5.799175375307358
s193,2.6813183063401977,29.899879183674003,0.23855346837670968,45.46631112981355,5.127036053893362,2.3624067796610166,0.0,0.0,0.46779661016949153,0.0,0.0,0.08135593220338982,0.0,0.061016949152542375,0.0,0.0,0.2,0.18983050847457628,0.0,6.378592476872269
s194,2.4597491981609654,13.682536304931384,0.51901108197898,24.456186938735637,1.5181674364525781,2.553039647577093,0.0,0.0,0.0,0.5594713656387665,0.0,0.22026431718061673,0.00881057268722467,0.18502202643171806,0.02643171806167401,0.0,0.0,0.0,0.0,7.793716226450307
s195,2.023049018799177,15.084654582852362,0.5036135893974071,30.169309165704718,2.083271580063771,2.3593,0.25,0.0,0.12,0.38,0.0,0.25,0.0,0.0,0.0,0.0,0.0,0.0,0.0,8.640001599044416
s196,1.7981094217751186,26.933224342213588,0.2872326449626181,44.36060479894,3.6373347760955137,2.288531746031746,0.07142857142857142,0.0,0.38095238095238093,0.0,0.0,0.17063492063492064,0.0,0.15079365079365079,0.0,0.2261904761904762,0.0,0.0,0.0,6.720003856388139
s197,2.1732210838218053,20.36387730567396,0.5075580230652603,37.1935279715202,1.9442276096405606,2.2223529411764704,0.0,0.0,0.3755656108597285,0.0,0.17194570135746606,0.334841628959276,0.0,0.0,0.11764705882352941,0.0,0.0,0.0,0.0,8.948887189458219
s198,2.4151689428296037,15.129271918981017,0.6049752295116344,28.060273559135734,2.8820361714066625,2.4246082949308754,0.0,0.0,0.0,0.4470046082949309,0.0,0.31336405529953915,0.0,0.06451612903225806,0.08294930875576037,0.09216589861751152,0.0,0.0,0.0,8.31749762768357
s199,2.386900717940988,15.295183010211613,0.5129526788731085,27.45906871124606,2.403401012989585,2.457061403508772,0.0,0.021929824561403508,0.09649122807017543,0.43859649122807015,0.0,0.24561403508771928,0.04824561403508772,0.0,0.14912280701754385,0.0,0.0,0.0,0.0,8.44146637637013
s200,2.864084311508718,20.537789531695836,0.42991253370303606,36.968021157052505,2.6375489225414683,2.2815999999999996,0.0,0.0,0.3288888888888889,0.22666666666666666,0.0,0.2222222222222222,0.0,0.0,0.0,0.0,0.2222222222222222,0.0,0.0,8.746260673324942
s201,2.1229512939253166,23.03557542335692,0.41691776415189724,41.03211872285452,12.192329115760836,2.071842105263158,0.0,0.0,0.5614035087719298,0.0,0.0,0.2675438596491228,0.0,0.0,0.17105263157894737,0.0,0.0,0.0,0.0,8.643864467706148
s202,2.5442144527054418,13.244430691668134,0.7053647905589143,25.74618302679414,2.0337915175024164,2.3977884615384615,0.009615384615384616,0.0,0.0,0.5144230769230769,0.0,0.33653846153846156,0.0,0.03365384615384615,0.10576923076923077,0.0,0.0,0.0,0.0,9.520851579129097
s203,2.0412393498908252,22.329987767821446,0.5006732695534083,46.07029055255792,1.4050921946395925,1.9436224489795917,0.0,0.0,0.42857142857142855,0.0,0.05612244897959184,0.3163265306122449,0.1989795918367347,0.0,0.0,0.0,0.0,0.0,0.0,6.6481176575666
s204,1.9435993696189477,25.86582336530405,0.36388079880401475,43.34273104456356,5.838764785125746,2.219193548387097,0.0,0.0,0.3870967741935484,0.0,0.0,0.25806451612903225,0.0,0.0,0.14516129032258066,0.20967741935483872,0.0,0.0,0.0,6.935998042748493
s205,2.0445743293548246,21.398128031869028,0.3461724661087981,36.467232279664096,1.1790027863720283,2.4019834710743804,0.0,0.0,0.35537190082644626,0.0,0.23140495867768596,0.1487603305785124,0.2644628099173554,0.0,0.0,0.0,0.0,0.0,0.0,6.614226812951216
s206,2.3145005420283162,21.733261494196118,0.3132950890163651,34.98525021016938,2.312106176208445,2.625757575757576,0.0,0.0,0.0,0.3560606060606061,0.0,0.14015151515151514,0.11742424242424243,0.0,0.0,0.26515151515151514,0.12121212121212122,0.0,0.0,6.730248098944498
s207,2.2029883872955565,15.947759400519432,0.7310894457625683,34.933187258280675,3.368852308029976,2.1629891304347826,0.11413043478260869,0.0,0.0,0.31521739130434784,0.0,0.42934782608695654,0.0,0.0,0.0,0.14130434782608695,0.0,0.0,0.0,8.040232641411238
s208,1.9831243937727103,24.925819301648463,0.44544990959350805,44.70821557279806,5.403547793911553,2.1359734513274335,0.0,0.0,0.27876106194690264,0.0,0.0,0.3407079646017699,0.0,0.01327433628318584,0.08849557522123894,0.27876106194690264,0.0,0.0,0.0,7.373127857461314
s209,2.075554512380703,22.77389206251432,0.4470673263030784,42.40655763364735,1.913355691559822,2.124675925925926,0.0,0.0,0.41203703703703703,0.0,0.10185185185185185,0.30092592592592593,0.0,0.16203703703703703,0.0,0.0,0.0,0.023148148148148147,0.0,7.122440182172941
s210,2.465263255812683,26.726301221919258,0.4301126093806625,49.56929371928613,3.8951755335848324,2.0337327188940097,0.0,0.0,0.3087557603686636,0.0,0.0,0.31797235023041476,0.09216589861751152,0.0,0.05069124423963134,0.0,0.0,0.2304147465437788,0.0,6.550934933008384
s211,2.1162412782350435,24.00186911107746,0.2481572079700877,36.89649028245415,4.074575044773599,2.4252249134948096,0.0,0.0,0.5155709342560554,0.13494809688581316,0.0,0.10034602076124567,0.0,0.0,0.2041522491349481,0.0,0.04498269896193772,0.0,0.0,9.277255796315211
s212,2.3718881504026283,30.07390435576748,0.25807231455387397,45.6562382188594,16.544921426396808,2.2938566552901025,0.0,0.0,0.5290102389078498,0.0,0.0,0.1296928327645051,0.0,0.0,0.21160409556313994,0.0,0.0,0.0,0.1296928327645051,6.587840226849048
s213,2.5199141314340983,13.12080605345394,0.6462779283844647,25.98434139997739,1.2900008617854697,2.3886138613861387,0.034653465346534656,0.0,0.0,0.4900990099009901,0.01485148514851485,0.2623762376237624,0.16336633663366337,0.034653465346534656,0.0,0.0,0.0,0.0,0.0,8.654629935848208
s214,2.8119534010919587,26.920805518080368,0.28088760744635055,42.97598471259818,5.325100347644062,2.281622641509434,0.0,0.0,0.5509433962264151,0.0,0.0,0.10566037735849057,0.0,0.0,0.0,0.0,0.2679245283018868,0.07547169811320754,0.0,9.152718270182582
s215,2.1852706518380196,18.96727059165617,0.37037222647982737,32.51532101426771,2.1706202138725,2.393416666666667,0.0,0.0,0.2833333333333333,0.3,0.0,0.1625,0.13333333333333333,0.0,0.12083333333333333,0.0,0.0,0.0,0.0,7.24354958099894
s216,2.1685122947938833,23.601639778442966,0.5101633155069103,48.18668121432107,4.400458933120799,1.8931122448979594,0.0,0.0,0.4336734693877551,0.0,0.0,0.37244897959183676,0.0,0.1377551020408163,0.0,0.0,0.0,0.05612244897959184,0.0,8.2243948686531
s217,2.3147276840379236,16.18393536348365,0.6472635567918792,32.36787072696727,3.5907412842047752,2.2906999999999997,0.08,0.0,0.0,0.345,0.0,0.37,0.0,0.0,0.035,0.155,0.015,0.0,0.0,8.433185292995233
s218,2.3955199948149453,28.642600060819326,0.33046877909351846,48.672390313140546,4.5957366585423225,2.1188477366255145,0.0,0.0,0.46502057613168724,0.0,0.0,0.1934156378600823,0.11522633744855967,0.0,0.102880658436214,0.0,0.0,0.0,0.12345679012345678,6.552665752336344
s219,2.365210696957385,12.644817442285538,0.8448151083321006,28.85612185547213,1.687140694496174,2.204494382022472,0.15730337078651685,0.0,0.0,0.43820224719101125,0.0,0.4044943820224719,0.0,0.0,0.0,0.0,0.0,0.0,0.0,9.407502378462443
s220,2.2503590357618677,23.8683810428221,0.4343586546385136,46.61089505532243,2.452582008451581,1.9585024154589374,0.0,0.0,0.5024154589371981,0.0,0.0,0.2560386473429952,0.16908212560386474,0.0,0.0,0.0,0.06280193236714976,0.0,0.00966183574879227,7.9257739923693
s221,2.5090302212384055,13.524345404733316,0.5849090311240057,24.25795286880736,2.1188404764542432,2.5412389380530973,0.0,0.0,0.0,0.5575221238938053,0.0,0.2743362831858407,0.0,0.0,0.168141592920354,0.0,0.0,0.0,0.0,8.534475112530037
s222,2.8035096778716393,23.91232874817072,0.30550604559779587,39.33963761795832,3.1610863535163762,2.3238431372549018,0.0,0.0,0.4980392156862745,0.10980392156862745,0.0,0.11764705882352941,0.0,0.0,0.0,0.0,0.27450980392156865,0.0,0.0,8.234594865305676
s223,2.0816204886173466,22.178450637967103,0.5418891626832197,46.50320295057616,3.4927075358626363,1.8694358974358976,0.0,0.0,0.46153846153846156,0.015384615384615385,0.0,0.37948717948717947,0.0,0.14358974358974358,0.0,0.0,0.0,0.0,0.0,7.880941375775051
s224,1.920419027844645,25.80158106737272,0.2878126932869585,44.549492490427724,1.7484594969026364,2.1573750000000005,0.0,0.0,0.49166666666666664,0.0,0.0,0.09583333333333334,0.325,0.0,0.0,0.0875,0.0,0.0,0.0,6.472435325808795
s225,2.573526672497893,19.773100865113953,0.5590066827152333,37.604200752404196,1.6900669210825556,2.239859154929577,0.0,0.0,0.3004694835680751,0.0,0.22535211267605634,0.3568075117370892,0.0,0.0,0.0,0.0,0.11737089201877934,0.0,0.0,8.806473631375404
s226,2.366383381325407,33.498585400677605,0.2079650134382628,47.34097606211466,8.272368036092757,2.474035087719298,0.0,0.0,0.3567251461988304,0.0,0.0,0.09941520467836257,0.0,0.0,0.19298245614035087,0.0,0.0,0.3508771929824561,0.0,5.250427025852626
s227,3.1085451018128447,19.857102392038627,0.32383180003434525,32.42488871611372,2.388845352593483,2.5218604651162786,0.0,0.0,0.2868217054263566,0.32558139534883723,0.0,0.10852713178294573,0.0,0.0,0.0,0.0,0.27906976744186046,0.0,0.0,7.560609968829537
s228,2.1605030086627943,20.965167691745027,0.505940804538233,40.024411047876846,4.201348238862193,2.0602857142857145,0.0,0.0,0.4238095238095238,0.1,0.0,0.3333333333333333,0.0,0.0,0.14285714285714285,0.0,0.0,0.0,0.0,8.820696960954724
s229,1.983283155553668,24.62085299603894,0.3381871330549948,42.994623888605254,3.7553593741500637,2.107008547008547,0.0,0.0,0.5726495726495726,0.0,0.0,0.18803418803418803,0.0,0.23931623931623933,0.0,0.0,0.0,0.0,0.0,6.713816846144905
s230,1.9372958376255558,23.91587550540136,0.2739853338838703,40.46041951941193,4.78811992297175,2.207854251012146,0.11336032388663968,0.0,0.5910931174089069,0.0,0.0,0.11336032388663968,0.0,0.18218623481781376,0.0,0.0,0.0,0.0,0.0,6.907125038995977
s231,2.0089254606083435,20.223067787929534,0.3945776132850964,38.948130554530984,3.392575273889291,2.110721153846154,0.22596153846153846,0.0,0.47596153846153844,0.04326923076923077,0.0,0.20192307692307693,0.052884615384615384,0.0,0.0,0.0,0.0,0.0,0.0,7.532084138779509
s232,2.2808616955877885,13.767562165457635,0.5303598863775193,25.739355352812126,2.379512826721535,2.502511627906977,0.18604651162790697,0.0,0.0,0.4511627906976744,0.0,0.24186046511627907,0.0,0.0,0.037209302325581395,0.08372093023255814,0.0,0.0,0.0,10.845542104516554
s233,2.363308306582304,23.023527775888876,0.44105433952428413,42.37103010856865,8.46411074641482,2.036164383561644,0.0,0.0,0.54337899543379,0.0,0.0,0.2785388127853881,0.0,0.0,0.0958904109589041,0.0,0.0821917808219178,0.0,0.0,10.126535149097625
s234,3.124923802529414,15.690036195955177,0.6273205190395101,30.776609461296733,2.080420720671713,2.328529411764706,0.0,0.0,0.08333333333333333,0.4264705882352941,0.0,0.3137254901960784,0.0,0.0,0.0,0.0,0.17647058823529413,0.0,0.0,8.167152545352431
s235,2.3185248185172074,16.449661632622355,0.5466555238520548,32.73645532828802,1.3514340128820164,2.2311442786069655,0.0,0.0,0.15422885572139303,0.3482587064676617,0.0,0.24378109452736318,0.2537313432835821,0.0,0.0,0.0,0.0,0.0,0.0,7.905523281283838
s236,2.4009562769928428,25.3735160510537,0.4273822984628756,48.20968049700203,2.040292477252505,2.0742105263157895,0.04784688995215311,0.0,0.3397129186602871,0.0,0.08133971291866028,0.2822966507177033,0.1339712918660287,0.009569377990430622,0.0,0.0,0.0,0.0,0.10526315789473684,6.743515130003162
s237,2.524120544615496,13.175467779632331,0.37616493567332127,22.389081611543023,1.2628835101744402,2.668230452674897,0.01646090534979424,0.0,0.0,0.588477366255144,0.0,0.09053497942386832,0.18106995884773663,0.12345679012345678,0.0,0.0,0.0,0.0,0.0,6.247372820640849
s238,2.5571602998192113,13.90696704675631,0.616188967327821,27.538548607438234,1.0567395441586829,2.36035,0.0,0.0,0.0,0.49,0.0,0.245,0.25,0.0,0.0,0.0,0.0,0.015,0.0,8.393525756868973
s239,2.1118212152671227,30.181066558602875,0.23138753640570914,46.838376517176016,4.060210704311772,2.3046830985915494,0.0,0.0,0.47183098591549294,0.0,0.0,0.10211267605633803,0.0,0.2535211267605634,0.0,0.0,0.0,0.17253521126760563,0.0,6.7978321160644315
s240,2.2886814225261802,31.83695250099146,0.2349398484207372,48.247752759234494,4.478512938010759,2.3790816326530613,0.023809523809523808,0.0,0.3707482993197279,0.0,0.0,0.10204081632653061,0.0,0.1292517006802721,0.0,0.1870748299319728,0.08503401360544217,0.0,0.10204081632653061,6.125217604829666
s241,1.9961543144905105,20.39404936147135,0.43865835694280114,40.38425616132936,2.9381563617712225,2.07005,0.22,0.0,0.47,0.0,0.035,0.255,0.02,0.0,0.0,0.0,0.0,0.0,0.0,8.437110598657474
s242,2.572829824983906,13.246819994487398,0.804347856411414,28.300024533677625,1.3325111078851488,2.238085106382979,0.0,0.0,0.0,0.46808510638297873,0.0,0.3723404255319149,0.11702127659574468,0.0,0.0425531914893617,0.0,0.0,0.0,0.0,9.141191087255164
s243,2.5566714119566094,36.13105391672031,0.2464699239590768,55.87479922640359,4.4755282627148505,2.237879858657244,0.0,0.0,0.37809187279151946,0.0,0.0,0.10600706713780919,0.13780918727915195,0.04240282685512368,0.06713780918727916,0.0,0.0,0.0,0.26855123674911663,7.110368496064047
s244,1.8777164798961716,20.585272498285082,0.194769701767009,29.613900787006642,3.3818433096114817,2.915060975609756,0.0,0.0,0.0,0.524390243902439,0.0,0.07621951219512195,0.0,0.0,0.22865853658536586,0.17073170731707318,0.0,0.0,0.0,8.960639198071771
s245,2.059905390943628,22.117979138244003,0.56247910664495,47.836559531551,4.799248875691939,1.8301612903225806,0.026881720430107527,0.0,0.46236559139784944,0.0,0.0,0.4032258064516129,0.0,0.0967741935483871,0.010752688172043012,0.0,0.0,0.0,0.0,9.014600443360804
s246,1.9504345931745664,26.345154012974962,0.23765923467933822,39.995492879801326,9.970419646874555,2.329761092150171,0.0,0.0,0.6382252559726962,0.0,0.0,0.10238907849829351,0.0,0.0,0.23890784982935154,0.020477815699658702,0.0,0.0,0.0,7.721394778722777
s247,2.6668383705081733,15.126584990212152,0.621110924333976,30.87694668105159,1.8052555798849825,2.323939393939394,0.12626262626262627,0.0,0.0,0.4444444444444444,0.0,0.30808080808080807,0.05555555555555555,0.0,0.0,0.0,0.020202020202020204,0.0,0.045454545454545456,9.279167885286526
s248,2.084071755744114,22.157614508335598,0.439703185761263,41.59411846301597,9.443780891087282,2.0332710280373836,0.07476635514018691,0.0,0.5327102803738317,0.0,0.0,0.2803738317757009,0.0,0.0,0.11214953271028037,0.0,0.0,0.0,0.0,8.06971491846373
s249,2.5659941152353434,23.97589759556867,0.35572142035593735,40.860332522025466,6.957347291129116,2.1599999999999997,0.0,0.0,0.5867768595041323,0.0,0.0,0.18181818181818182,0.0,0.0,0.06611570247933884,0.0,0.1652892561983471,0.0,0.0,9.138638847890634
s250,3.1039746183335146,13.57586335767819,0.5381262713732278,25.08083230486312,1.7577485961336268,2.548990825688073,0.09174311926605505,0.0,0.0,0.5412844036697247,0.0,0.22018348623853212,0.0,0.0,0.0,0.0,0.14678899082568808,0.0,0.0,9.177781611997807
s251,2.4199642488952993,25.782029596650695,0.4866181842073246,50.813126292428,5.156708479629797,1.947192118226601,0.0,0.0,0.3103448275862069,0.0,0.0,0.3842364532019704,0.0,0.10837438423645321,0.0,0.0,0.0,0.19704433497536947,0.0,7.870394781824755
s252,2.5289558989597327,23.104326062439448,0.4383306113650372,43.91903422679933,5.975580326744279,2.024644549763033,0.04739336492890995,0.0,0.5260663507109005,0.0,0.0,0.26540284360189575,0.0,0.0,0.0,0.0,0.16113744075829384,0.0,0.0,8.770650867012092
s253,2.058998745392429,22.583304507145378,0.4070287021521091,42.368677482432055,6.256832815874886,2.0552830188679243,0.11320754716981132,0.0,0.5141509433962265,0.0,0.0,0.25,0.0,0.06132075471698113,0.04245283018867924,0.0,0.0,0.018867924528301886,0.0,7.7716119296239565
s254,2.152952574575602,26.09982330813143,0.23537331975267603,41.480076328994585,9.740868168954883,2.308352059925094,0.15730337078651685,0.0,0.5655430711610487,0.0,0.0,0.08614232209737828,0.0,0.0,0.12734082397003746,0.0,0.0,0.0,0.06367041198501873,6.991295709983373
s255,2.294323907004921,26.461426244877284,0.40067606342959794,48.151119888219355,4.53114389114607,2.0556756756756758,0.0,0.0,0.38738738738738737,0.0,0.0,0.2882882882882883,0.0,0.16216216216216217,0.0,0.0,0.0,0.16216216216216217,0.0,6.448900498637139
s256,2.2239365837986345,23.711160917341953,0.41776961195262724,43.1465387184419,2.982734933869377,2.1288738738738737,0.018018018018018018,0.0,0.42342342342342343,0.0,0.04054054054054054,0.2702702702702703,0.0,0.08558558558558559,0.0,0.08558558558558559,0.07657657657657657,0.0,0.0,8.136758359683444
s257,2.102379330895568,23.52188329742691,0.3644205382514205,40.32322850987476,6.0690274589038795,2.1308333333333334,0.0,0.0,0.5833333333333334,0.0,0.0,0.20833333333333334,0.041666666666666664,0.0,0.16666666666666666,0.0,0.0,0.0,0.0,8.044163037644523
s258,2.0878937550314345,17.62918470502817,0.6223511517335284,38.65676646162805,2.658747557508086,2.0537912087912087,0.12637362637362637,0.0,0.23076923076923078,0.22527472527472528,0.0,0.3791208791208791,0.0,0.038461538461538464,0.0,0.0,0.0,0.0,0.0,8.267362262057947
s259,2.6420275541095766,13.065197298742216,0.6868163194470915,25.05161683887271,2.46596568208798,2.523971291866029,0.11004784688995216,0.0,0.0,0.3062200956937799,0.215311004784689,0.3253588516746411,0.0,0.0,0.0,0.0,0.0430622009569378,0.0,0.0,9.530213738450776
s260,1.9892148845641895,24.71904367268754,0.3363125290579901,43.54354616188808,2.3215069463292264,2.111572052401747,0.0,0.0,0.519650655021834,0.0,0.0,0.1615720524017467,0.21397379912663755,0.0,0.056768558951965066,0.048034934497816595,0.0,0.0,0.0,6.90839340142443
s261,2.49464408743259,26.90842084829616,0.4867097188439856,55.53440047414316,2.523752208220367,1.870721649484536,0.0,0.0,0.32989690721649484,0.0,0.020618556701030927,0.36597938144329895,0.14948453608247422,0.0,0.0,0.0,0.0,0.0,0.13402061855670103,6.798586307035871
s262,2.28508619578613,15.203727132750174,0.7636076345502693,35.14627830687705,2.374088729065945,2.0842134831460672,0.12359550561797752,0.0,0.10112359550561797,0.33146067415730335,0.0,0.42696629213483145,0.0,0.0,0.0,0.0,0.016853932584269662,0.0,0.0,9.288654608145832
s263,1.9329223621989589,25.553730172794616,0.3494372247665544,44.155342577990695,3.911479632571636,2.1492340425531915,0.0,0.0,0.4723404255319149,0.0,0.0,0.22127659574468084,0.02127659574468085,0.1276595744680851,0.05106382978723404,0.10638297872340426,0.0,0.0,0.0,7.9046136491724255
s264,2.3971832237597237,14.223432296066601,0.554716061652211,24.786422457116046,2.2238863028423705,2.658481012658228,0.0,0.0,0.0,0.3206751054852321,0.25316455696202533,0.270042194092827,0.0,0.15611814345991562,0.0,0.0,0.0,0.0,0.0,8.878267557007309
s265,3.4215371617806247,14.46505113249,0.4774336661290094,24.270220020956366,2.0860627710921995,2.737,0.0,0.0,0.0,0.444,0.152,0.192,0.0,0.0,0.0,0.0,0.212,0.0,0.0,7.78169884632239
s266,2.0326693251863746,21.685786558418844,0.3677416755613064,38.23982209919659,2.4063562475709617,2.2413852813852815,0.0,0.0,0.3939393939393939,0.17316017316017315,0.0,0.19913419913419914,0.0,0.23376623376623376,0.0,0.0,0.0,0.0,0.0,6.989431802434295
s267,1.948552453822725,13.49251161878886,0.2844615084147924,23.951822951183303,1.7458354266754146,2.674279475982533,0.34497816593886466,0.0,0.0611353711790393,0.5021834061135371,0.0,0.09170305676855896,0.0,0.0,0.0,0.0,0.0,0.0,0.0,8.061182480791835
s268,2.4573801809585674,31.658059894459516,0.24617925611315836,47.32879954221695,7.502997679117856,2.383311036789298,0.013377926421404682,0.0,0.36454849498327757,0.0,0.0,0.13712374581939799,0.0,0.0,0.13377926421404682,0.0,0.046822742474916385,0.30434782608695654,0.0,5.673098856155892
s269,2.5194333602561465,13.500973240164656,0.7545039895854698,29.19977933337935,1.4040460976542204,2.2424731182795696,0.07526881720430108,0.0,0.0,0.45161290322580644,0.0,0.34946236559139787,0.11290322580645161,0.0,0.0,0.0,0.0,0.0,0.010752688172043012,7.919308449877067
s270,1.9985908700355277,20.65121357132782,0.5323865347095175,44.94675894936054,6.073796284311509,1.8981081081081081,0.1891891891891892,0.0,0.4594594594594595,0.0,0.0,0.35135135135135137,0.0,0.0,0.0,0.0,0.0,0.0,0.0,8.93067144033036
s271,2.0117613755584682,22.957031903062546,0.27917783698030774,36.22699254067098,3.7196097239123,2.4049084249084247,0.0,0.0,0.4652014652014652,0.1684981684981685,0.0,0.13553113553113552,0.0,0.02197802197802198,0.2087912087912088,0.0,0.0,0.0,0.0,8.202529880757444
s272,3.009681775478721,15.472556226630397,0.724341035059011,31.589802296037064,2.871990305008437,2.2601020408163266,0.0,0.0,0.0,0.41836734693877553,0.0,0.39285714285714285,0.0,0.0,0.04591836734693878,0.0,0.07142857142857142,0.07142857142857142,0.0,10.142806931232032
s273,1.9767347361296308,20.849651957198365,0.41512385329854967,40.507895231128266,3.913955535452399,2.0859313725490196,0.19117647058823528,0.0,0.46568627450980393,0.049019607843137254,0.0,0.24019607843137256,0.0,0.05392156862745098,0.0,0.0,0.0,0.0,0.0,7.742462231090613
s274,2.1753240982090936,19.565008692281502,0.4078100709060619,33.540014901054,3.3332288393348493,2.350916666666667,0.0,0.0,0.325,0.25833333333333336,0.0,0.22916666666666666,0.0,0.0,0.1875,0.0,0.0,0.0,0.0,8.71845326748473
s275,1.9853669540745946,23.8262508244943,0.290186229375108,38.533813061836405,1.7063661454906975,2.4035114503816795,0.0,0.0,0.44274809160305345,0.0,0.15648854961832062,0.13740458015267176,0.05343511450381679,0.17557251908396945,0.0,0.019083969465648856,0.015267175572519083,0.0,0.0,6.758060022913812
s276,2.0575683089066623,23.08124788931849,0.4343832653227385,45.7099222906111,1.735905207857926,1.9382178217821782,0.0,0.0,0.504950495049505,0.0,0.0,0.2376237623762376,0.25742574257425743,0.0,0.0,0.0,0.0,0.0,0.0,7.20479540455593
s277,2.7982041406692013,27.16763083821718,0.36053603619573943,46.573081436943745,5.548996649435535,2.16575,0.0,0.0,0.42083333333333334,0.0,0.0,0.22083333333333333,0.0,0.0,0.0,0.0,0.19583333333333333,0.1625,0.0,7.2407885539207575
s278,2.384829942577691,24.669412571808525,0.5386579314066219,52.07987098492913,5.564204111630871,1.8309473684210527,0.0,0.0,0.4,0.0,0.0,0.4105263157894737,0.05263157894736842,0.0,0.05263157894736842,0.0,0.010526315789473684,0.0,0.07368421052631578,7.732713927709626
s279,1.8553848791621814,20.30178426840423,0.24241100845082172,34.259260952932145,1.9632442175619589,2.4541975308641977,0.32098765432098764,0.0,0.4567901234567901,0.0,0.13580246913580246,0.08641975308641975,0.0,0.0,0.0,0.0,0.0,0.0,0.0,6.8943158599474526
s280,2.477546863765805,14.45365418270332,0.5020563081628557,26.599582067327937,1.1886893898613324,2.4684931506849317,0.0,0.0,0.0,0.4794520547945205,0.0,0.1735159817351598,0.2831050228310502,0.0,0.0,0.0639269406392694,0.0,0.0,0.0,7.251441304396424
s281,2.4265898757733355,14.150192702909305,0.5862124521923939,26.041110940648203,1.5385641496879652,2.5537899543378995,0.0,0.0,0.0,0.3150684931506849,0.228310502283105,0.2557077625570776,0.2009132420091324,0.0,0.0,0.0,0.0,0.0,0.0,9.298944845690915
s282,2.208913598163871,23.81254560214315,0.48460259425310354,45.84471396300456,2.766066178114317,2.050922330097088,0.0,0.0,0.3106796116504854,0.0,0.024271844660194174,0.33980582524271846,0.07281553398058252,0.0,0.0,0.18446601941747573,0.06796116504854369,0.0,0.0,7.403392232409992
s283,2.4725663170412173,19.6728146954328,0.2729847671322716,30.78739926912366,2.0330001160754665,2.7153068592057763,0.0,0.0,0.0,0.49458483754512633,0.0,0.09386281588447654,0.148014440433213,0.0,0.11913357400722022,0.0,0.0,0.1444043321299639,0.0,8.591867226752916
s284,2.3583012863904713,25.12240188673652,0.3680695358277222,44.108033846942035,4.4166289566503405,2.1320869565217393,0.0,0.0,0.5,0.0,0.0,0.21739130434782608,0.0,0.07391304347826087,0.0,0.06956521739130435,0.1391304347826087,0.0,0.0,7.4810451858758205
s285,2.2931989981586485,23.639974396896612,0.40139944183262866,43.30684385313834,3.2422945490289314,2.05243119266055,0.0,0.0,0.5275229357798165,0.0,0.0,0.22477064220183487,0.11009174311926606,0.0,0.04128440366972477,0.01834862385321101,0.0779816513761468,0.0,0.0,8.276906745695372
s286,2.9625382402065865,13.343530662035489,0.4239569469219701,23.553353365562632,1.7581523784666888,2.6624034334763946,0.15021459227467812,0.0,0.0,0.5665236051502146,0.0,0.15021459227467812,0.0,0.0,0.0,0.0,0.13304721030042918,0.0,0.0,6.8164786738474366
s287,2.0123993193173537,20.670759659413388,0.5864126062697189,47.171733581738295,6.163262039559579,1.8276404494382024,0.15730337078651685,0.0,0.43820224719101125,0.0,0.0,0.4044943820224719,0.0,0.0,0.0,0.0,0.0,0.0,0.0,8.454699283037474
s288,2.5116663638990895,29.96752482309666,0.2874453740567424,48.58089427843625,11.940097462312872,2.2229501915708814,0.08812260536398467,0.0,0.4521072796934866,0.0,0.0,0.16091954022988506,0.0,0.0,0.10727969348659004,0.0,0.02681992337164751,0.0,0.16475095785440613,5.729929539429917
s289,2.27914479736942,18.913772742042546,0.6345903127020073,40.43634172436676,2.8887640411467674,2.0051075268817202,0.0,0.0,0.26881720430107525,0.1989247311827957,0.0,0.40860215053763443,0.0,0.06451612903225806,0.03225806451612903,0.0,0.026881720430107527,0.0,0.0,9.176267726033526
s290,2.1233066248792065,15.935911730763586,0.2491839300585317,23.824976944012885,1.9119044854156495,2.99317880794702,0.0,0.0,0.0,0.3973509933774834,0.271523178807947,0.08609271523178808,0.0,0.24503311258278146,0.0,0.0,0.0,0.0,0.0,7.541092158095853
s291,2.383121537643158,22.822596091939296,0.591305604483952,50.93335469298646,5.699136291302997,1.7932786885245902,0.0,0.0,0.44808743169398907,0.0,0.0,0.4371584699453552,0.0,0.0,0.0,0.0,0.11475409836065574,0.0,0.0,7.781618694960636
s292,2.885403865882872,15.952111106362167,0.7380553362438086,34.50107750910887,2.304269821012274,2.1466666666666665,0.0,0.0,0.0967741935483871,0.3655913978494624,0.0,0.40860215053763443,0.0,0.0,0.0,0.0,0.12903225806451613,0.0,0.0,8.886315439570353
s293,2.61919803643005,22.87086178714388,0.3039761757878205,35.79225262733818,1.7582532962367157,2.5433212996389893,0.0,0.0,0.4151624548736462,0.0,0.22382671480144403,0.1371841155234657,0.0,0.0,0.021660649819494584,0.0,0.20216606498194944,0.0,0.0,7.898795859717912
s294,2.09927563434901,20.048428283143604,0.45569485055554754,36.37819648151057,1.2326716109055451,2.3394222222222223,0.0,0.0,0.28888888888888886,0.0,0.26222222222222225,0.25333333333333335,0.19555555555555557,0.0,0.0,0.0,0.0,0.0,0.0,7.1279909633808405
s295,2.0825712046621376,23.966504452136952,0.39094941963544727,44.62728415225504,2.5752043788121117,2.019953703703704,0.0,0.0,0.5138888888888888,0.0,0.0,0.2175925925925926,0.14814814814814814,0.09722222222222222,0.0,0.0,0.0,0.023148148148148147,0.0,7.357514929176067
s296,2.574095119643706,16.279913688002544,0.569903105917332,29.434083947908594,3.872113549396278,2.4380973451327437,0.0,0.0,0.0,0.4247787610619469,0.0,0.3141592920353982,0.0,0.0,0.13274336283185842,0.07079646017699115,0.0,0.05752212389380531,0.0,8.754680400252976
s297,2.035580474088538,25.014912749283592,0.4488817939617953,46.76701079213893,4.258618949126499,2.081627906976744,0.03255813953488372,0.0,0.2744186046511628,0.0,0.0,0.3395348837209302,0.0,0.09302325581395349,0.0,0.2186046511627907,0.0,0.04186046511627907,0.0,7.045816821790092
s298,1.8872639113401353,26.454472005179213,0.2778382921049836,43.3652420844393,3.4455712994128236,2.2247876447876447,0.0,0.0,0.5328185328185329,0.0,0.0,0.138996138996139,0.0,0.25096525096525096,0.0,0.07722007722007722,0.0,0.0,0.0,6.748504292664543
s299,2.483531400569895,13.731089122802647,0.5368181668821485,25.467062732035718,1.1870165033456388,2.5098617511520738,0.0,0.0,0.0,0.45622119815668205,0.08294930875576037,0.1935483870967742,0.2672811059907834,0.0,0.0,0.0,0.0,0.0,0.0,8.1682295479204
s300,2.947571822954262,20.401794536908945,0.5164355663192972,37.262781757494864,3.151308238494147,2.348325791855203,0.0,0.0,0.0,0.40271493212669685,0.0,0.3257918552036199,0.004524886877828055,0.0,0.12217194570135746,0.0,0.0,0.0,0.14479638009049775,7.568844809162906
s301,2.640018747356001,23.008323070426886,0.42403455318243,41.71427678622109,2.333978056017724,2.1405381165919284,0.0,0.0,0.48878923766816146,0.0,0.06278026905829596,0.24663677130044842,0.013452914798206279,0.0,0.0,0.0,0.18834080717488788,0.0,0.0,8.722642962546887
s302,2.5351206170168865,13.501265096400983,0.7434959106211716,27.70572108323951,1.4384691648015535,2.331522842639594,0.0,0.0,0.0,0.38071065989847713,0.1065989847715736,0.3350253807106599,0.17766497461928935,0.0,0.0,0.0,0.0,0.0,0.0,9.059415660204463
s303,1.931528184456367,24.856161956064014,0.25883206814048726,40.587910029522256,1.7785615073441519,2.2995348837209306,0.0,0.0,0.5348837209302325,0.0,0.07751937984496124,0.08527131782945736,0.14728682170542637,0.15503875968992248,0.0,0.0,0.0,0.0,0.0,7.309740236243639
s304,1.9408536537765628,22.447564557540446,0.33808020938557437,36.74537637762996,1.6020059084442984,2.478871595330739,0.0,0.0,0.35797665369649806,0.0,0.2529182879377432,0.20233463035019456,0.0,0.16731517509727625,0.019455252918287938,0.0,0.0,0.0,0.0,6.656278208297028
s305,1.6475546633438647,25.900128931741666,0.1747557808577064,37.50244913193366,2.542870093148648,2.81584375,0.0,0.0,0.0,0.36875,0.0,0.059375,0.0,0.25,0.0,0.321875,0.0,0.0,0.0,6.630881819028101
s306,2.387041848424274,24.347180487873683,0.47788532503629655,46.460674692456195,4.36510580481888,2.037644230769231,0.0,0.0,0.3557692307692308,0.0,0.0,0.34134615384615385,0.0,0.0,0.0,0.16826923076923078,0.1346153846153846,0.0,0.0,8.3861845991494
s307,2.472967996453383,28.56312061476941,0.3757670599756844,51.23226395982455,4.246876404292315,2.034690265486726,0.0,0.0,0.415929203539823,0.0,0.0,0.24778761061946902,0.12389380530973451,0.0,0.07079646017699115,0.0,0.0,0.0,0.1415929203539823,6.444901771340923
s308,2.6439690433752534,12.512510156831036,0.3871627139528176,22.190154731255046,1.7059101192415769,2.6853744493392067,0.23348017621145375,0.0,0.0,0.5638766519823789,0.0,0.1277533039647577,0.0,0.0,0.0,0.0,0.07488986784140969,0.0,0.0,7.197390841054173
s309,1.7653729128646287,26.988486471948654,0.25126255072108017,44.582246640370855,2.44520247665141,2.3067049808429116,0.10727969348659004,0.0,0.3793103448275862,0.0,0.0,0.09961685823754789,0.18773946360153257,0.0,0.0,0.2260536398467433,0.0,0.0,0.0,5.929492224601515
s310,2.147338554974622,20.91638888895043,0.3471101707791613,36.18382603416971,2.2468061999302127,2.317974683544304,0.0,0.0,0.35443037974683544,0.22362869198312235,0.0,0.16033755274261605,0.05063291139240506,0.18565400843881857,0.0,0.0,0.02531645569620253,0.0,0.0,6.940414449799037
s311,2.137130144662918,26.753501416657258,0.27546316237923363,42.33348165341646,2.247681900285185,2.3896654275092937,0.0,0.0,0.3940520446096654,0.0,0.11152416356877323,0.14869888475836432,0.0,0.21933085501858737,0.0,0.0,0.0,0.12639405204460966,0.0,6.920999607261285
s312,2.3819057334483253,15.05315417545491,0.5326337962909574,28.49347040353963,1.483477815552101,2.3852830188679244,0.0,0.0,0.07547169811320754,0.4528301886792453,0.0,0.22641509433962265,0.1509433962264151,0.09433962264150944,0.0,0.0,0.0,0.0,0.0,8.252266885096375
s313,1.8271309747610411,25.551037085977804,0.3390892607546219,44.860599463930484,2.8138292601296966,2.2230000000000003,0.11304347826086956,0.0,0.30434782608695654,0.0,0.0,0.20869565217391303,0.10869565217391304,0.0,0.0,0.26521739130434785,0.0,0.0,0.0,6.372017013205046
s314,1.787004126115495,22.036835570903463,0.2259335495024083,33.70339557902886,2.273253471224888,2.7575874125874127,0.0,0.0,0.0,0.44755244755244755,0.0,0.0944055944055944,0.0,0.2517482517482518,0.0,0.2062937062937063,0.0,0.0,0.0,7.369033865428129
s315,2.0972904714557137,18.276760691157136,0.5112388646176848,36.021188546649476,3.0562308080094027,2.1814285714285715,0.12315270935960591,0.0,0.2857142857142857,0.22167487684729065,0.0,0.30049261083743845,0.0,0.0,0.06896551724137931,0.0,0.0,0.0,0.0,9.291950472832553
s316,1.9345877913562166,20.09158183647293,0.30629663431251275,35.822200173556396,2.432835185820331,2.2967391304347826,0.30434782608695654,0.0,0.48695652173913045,0.0,0.07391304347826087,0.13478260869565217,0.0,0.0,0.0,0.0,0.0,0.0,0.0,7.005653338045511
s317,2.3820542634088078,12.758046128049227,0.7770768926755256,26.62548757158097,2.339543673411158,2.373333333333333,0.14583333333333334,0.0,0.0,0.3333333333333333,0.14583333333333334,0.375,0.0,0.0,0.0,0.0,0.0,0.0,0.0,10.408908507193237
s318,2.2019887972836916,18.3842214188255,0.39784134487843187,33.06194658385553,1.73191191621408,2.3317488789237664,0.0,0.0,0.25112107623318386,0.30493273542600896,0.0,0.16143497757847533,0.17937219730941703,0.1031390134529148,0.0,0.0,0.0,0.0,0.0,7.074008304038459
s319,2.0710051498536832,19.729055631074516,0.33861661344290345,33.525598030427325,2.11671467365541,2.4174485596707815,0.0,0.0,0.2757201646090535,0.31275720164609055,0.0,0.15637860082304528,0.0,0.2551440329218107,0.0,0.0,0.0,0.0,0.0,6.552373721340865
s320,2.777267648978787,14.84413876129548,0.33627298443510756,24.31524570101777,1.5496796910467525,2.743820224719101,0.0,0.0,0.0,0.6104868913857678,0.0,0.10112359550561797,0.033707865168539325,0.149812734082397,0.0,0.0,0.10486891385767791,0.0,0.0,7.727734298255436
s321,2.0724962727592264,16.414208859768262,0.2352878900108863,24.01337962817949,2.645973218507439,3.016518987341772,0.0,0.0,0.0,0.5063291139240507,0.17721518987341772,0.0981012658227848,0.0,0.0,0.21835443037974683,0.0,0.0,0.0,0.0,8.611383655345886
s322,2.284796990536027,30.743250393399393,0.24365785123150618,45.816397430939894,8.799713038926713,2.3721498371335503,0.0,0.0,0.42671009771986973,0.0,0.0,0.13680781758957655,0.0,0.0,0.19218241042345277,0.0,0.0,0.24429967426710097,0.0,6.042793889490908
s323,2.7450235086693358,15.205787137751884,0.6468505750517445,28.782382796458933,3.1770830994472226,2.380283018867925,0.0,0.0,0.0,0.4528301886792453,0.0,0.3443396226415094,0.0,0.0,0.12735849056603774,0.0,0.0,0.07547169811320754,0.0,9.508743222439017
s324,2.100724069723807,21.66150803334833,0.58749083035359,46.80877598010904,2.121220197219616,1.8597340425531916,0.0,0.0,0.425531914893617,0.0,0.03723404255319149,0.4148936170212766,0.06914893617021277,0.0,0.05319148936170213,0.0,0.0,0.0,0.0,7.912366987098065
s325,2.595113909157956,25.50510531913069,0.5442248250344002,55.92685744676852,11.120252608894159,1.8163186813186813,0.10989010989010989,0.0,0.3076923076923077,0.0,0.0,0.4340659340659341,0.0,0.0,0.0,0.0,0.0,0.0,0.14835164835164835,7.87733758476188
s326,2.084169369583295,20.49971745628333,0.3251406192717472,33.17227006562212,3.275965954684472,2.4634456928838953,0.0,0.0,0.3333333333333333,0.2846441947565543,0.0,0.16853932584269662,0.0,0.0,0.21348314606741572,0.0,0.0,0.0,0.0,8.470634370388495
s327,2.3402583410964914,22.580006793782427,0.30210277336588,36.21062065100479,3.765737624530961,2.3725095057034222,0.0,0.0,0.4752851711026616,0.1482889733840304,0.0,0.13688212927756654,0.0,0.0,0.1520912547528517,0.0,0.08745247148288973,0.0,0.0,9.172019619121611
s328,2.0556388404500416,21.568147096495686,0.31245747463460155,34.71945630167598,3.4844317607903985,2.4225,0.0,0.0,0.3939393939393939,0.22727272727272727,0.0,0.16287878787878787,0.0,0.0,0.2159090909090909,0.0,0.0,0.0,0.0,7.596000342098184
s329,2.182169097073005,19.238881633439586,0.5364826752307741,34.66052484754592,5.694894232320182,2.367621145374449,0.0,0.0,0.0,0.2775330396475771,0.0,0.34801762114537443,0.0,0.0,0.09691629955947137,0.2775330396475771,0.0,0.0,0.0,8.21306886132908
s330,2.185955773857905,12.245951011484317,0.3417985755624388,20.491558025883787,1.936099112043452,2.8664940239043823,0.2788844621513944,0.0,0.0,0.36254980079681276,0.2350597609561753,0.12350597609561753,0.0,0.0,0.0,0.0,0.0,0.0,0.0,7.82683774124063
s331,2.3611319302048086,26.41175772524527,0.3885566612125242,46.12202468438359,16.64133585306503,2.080940170940171,0.0,0.0,0.48717948717948717,0.0,0.0,0.2692307692307692,0.0,0.0,0.1581196581196581,0.0,0.0,0.0,0.08547008547008547,7.527158850146676
s332,2.0048247804500314,23.559550872740072,0.47317167484851425,44.57212327275146,5.463465179939298,2.058714285714286,0.047619047619047616,0.0,0.34285714285714286,0.0,0.0,0.3476190476190476,0.0,0.0,0.0761904761904762,0.18571428571428572,0.0,0.0,0.0,7.703333139420747
s333,2.2105966513253983,15.271361158916573,0.2527921107355813,23.062871954282187,2.061748812893845,2.9027702702702705,0.0,0.0,0.0,0.6621621621621622,0.0,0.09121621621621621,0.0,0.0,0.24662162162162163,0.0,0.0,0.0,0.0,7.933721737534466
s334,1.957068462199691,24.832404773045745,0.435871203625183,47.00419474897947,2.1597117095381804,2.054905660377359,0.0,0.0,0.3018867924528302,0.0,0.0,0.29245283018867924,0.1792452830188679,0.0,0.0,0.22641509433962265,0.0,0.0,0.0,7.188393300762235
s335,1.8776555638741241,26.719994072065916,0.22825149293520994,42.43763764386942,3.689616292844822,2.2562962962962962,0.0,0.0,0.6296296296296297,0.0,0.0,0.07407407407407407,0.0,0.2962962962962963,0.0,0.0,0.0,0.0,0.0,6.859933586787644
s336,1.9939626970914506,23.820211894809628,0.25820498580054124,38.25670395227005,9.402572393084458,2.2832830188679245,0.10943396226415095,0.0,0.6226415094339622,0.0,0.0,0.10566037735849057,0.0,0.0,0.16226415094339622,0.0,0.0,0.0,0.0,7.760654861780857
s337,2.658259797076787,16.10329085774585,0.26897831395970206,24.702954038322186,2.1582694974706067,2.8549829351535836,0.0,0.0,0.0,0.621160409556314,0.0,0.08532423208191127,0.0,0.04436860068259386,0.13651877133105803,0.0,0.08191126279863481,0.030716723549488054,0.0,8.475747430421777
s338,2.208572924728656,24.41274557443858,0.37630464655565965,41.72674952794109,10.4818666629406,2.1370124481327797,0.0,0.0,0.5269709543568465,0.0,0.0,0.24066390041493776,0.0,0.0,0.17427385892116182,0.0,0.0,0.058091286307053944,0.0,7.638070685064786
s339,2.068256944793446,21.610089202449853,0.28153775839761597,34.1740945527114,3.0330269045375187,2.451029411764706,0.0,0.0,0.40808823529411764,0.22426470588235295,0.0,0.1213235294117647,0.04411764705882353,0.0,0.20220588235294118,0.0,0.0,0.0,0.0,8.1224582460516
s340,2.107294541570638,19.275583849757943,0.47947645882251144,33.87829888745334,4.647347756244871,2.4403879310344827,0.03879310344827586,0.0,0.0,0.3017241379310345,0.0,0.3017241379310345,0.0,0.0,0.09051724137931035,0.2672413793103448,0.0,0.0,0.0,7.717275084186167
s341,2.5899760485206307,13.046306847680702,0.7381421265985154,26.223076763838225,1.4493148805140625,2.338009950248756,0.0,0.0,0.0,0.4975124378109453,0.0,0.3383084577114428,0.0,0.16417910447761194,0.0,0.0,0.0,0.0,0.0,8.593537090705233
s342,2.284246885110904,25.422122819887957,0.2543673183235993,39.28873526709956,8.998366071520497,2.30719723183391,0.0,0.0,0.6470588235294118,0.0,0.0,0.09342560553633218,0.0,0.0,0.16262975778546712,0.0,0.09688581314878893,0.0,0.0,8.110773733155243
s343,3.0190298793786,31.690080611693084,0.3350037997296292,52.958591089339464,8.598908477559544,2.146265060240964,0.0,0.0,0.39357429718875503,0.0,0.0,0.20481927710843373,0.0,0.0,0.0,0.0,0.19678714859437751,0.0,0.20481927710843373,6.079270586999654
s344,2.3890271451629856,15.020032881311495,0.34998360180145033,25.641341847381785,1.932939241322133,2.6640167364016736,0.14225941422594143,0.0,0.0,0.5271966527196653,0.0,0.13389121338912133,0.0,0.13807531380753138,0.0,0.0,0.0,0.058577405857740586,0.0,8.557782774232033
s345,2.5161180074865475,13.437223476426352,0.6162838238406443,24.95484359907753,1.8082935846143893,2.4860180995475116,0.0,0.0,0.0,0.5067873303167421,0.03167420814479638,0.28054298642533937,0.0,0.14027149321266968,0.04072398190045249,0.0,0.0,0.0,0.0,7.924144160269485
s346,2.325945505265706,25.210790757075245,0.3723346704920029,41.90667867566811,3.2612375561454283,2.293784860557769,0.0,0.0,0.3545816733067729,0.0,0.099601593625498,0.2589641434262948,0.0,0.0,0.1394422310756972,0.0,0.0,0.14741035856573706,0.0,7.248541491515182
s347,2.2852872340702137,27.89382598345148,0.31595941837946445,49.35061520149104,2.1383945998971607,2.0742608695652174,0.0,0.0,0.46956521739130436,0.0,0.0,0.13478260869565217,0.3,0.0,0.0,0.0,0.0,0.0,0.09565217391304348,6.930818671281991
s348,2.433074534838114,13.91000478064715,0.3327640609536819,22.769880437110313,1.3427390387960854,2.7355642023346305,0.0,0.0,0.0,0.6108949416342413,0.0,0.08171206225680934,0.19844357976653695,0.0,0.10894941634241245,0.0,0.0,0.0,0.0,6.794959143936325
s349,2.0203136867375955,18.76443006857673,0.4988946011547188,36.13890235429596,1.6963534634310542,2.275,0.17307692307692307,0.0,0.3076923076923077,0.0,0.21153846153846154,0.3076923076923077,0.0,0.0,0.0,0.0,0.0,0.0,0.0,7.284750641045562
s350,2.17033740082119,25.378295025366924,0.2985986348244859,42.64244130112677,7.192232860736769,2.237246963562753,0.145748987854251,0.0,0.47368421052631576,0.0,0.0,0.1659919028340081,0.0,0.0,0.0931174089068826,0.0,0.0,0.1214574898785425,0.0,6.663519745514736
s351,2.6649570151078747,23.80519140895551,0.38830010755814304,41.97709324785286,2.6074447458633045,2.1722077922077925,0.0,0.0,0.5151515151515151,0.0,0.05194805194805195,0.21645021645021645,0.0,0.0,0.0,0.0,0.21645021645021645,0.0,0.0,8.512129981744364
s352,2.2278973366953703,23.3990347119492,0.2850107554228351,36.04716158327309,2.0498859950209494,2.507859649122807,0.0,0.0,0.4666666666666667,0.0,0.1824561403508772,0.14035087719298245,0.0,0.0,0.13333333333333333,0.0,0.07719298245614035,0.0,0.0,7.721505815810622
s353,2.540694990727153,18.794173695043217,0.5918626364089787,37.77818752842024,2.5307269547077156,2.1438190954773866,0.0,0.0,0.25125628140703515,0.19095477386934673,0.05527638190954774,0.36180904522613067,0.01507537688442211,0.0,0.03015075376884422,0.0,0.09547738693467336,0.0,0.0,8.751736191002196
s354,1.7785363060139474,29.059914038112833,0.20812019574812912,41.63996340526124,5.0549883998314264,2.5428398791540787,0.0,0.0,0.36555891238670696,0.04833836858006042,0.0,0.09969788519637462,0.0,0.0,0.20241691842900303,0.283987915407855,0.0,0.0,0.0,6.217395845334911
s355,3.0431500594369685,18.269361644052708,0.3308317566117154,29.209099155461505,2.274992500011666,2.7363295880149807,0.0,0.0,0.0,0.50187265917603,0.0,0.12359550561797752,0.0,0.0,0.0,0.12359550561797752,0.250936329588015,0.0,0.0,8.323306621275213
s356,2.363966783666004,15.044505646715209,0.49538928641121505,26.441858409378273,2.114039540389603,2.5460775862068963,0.0,0.0,0.0,0.5043103448275862,0.0,0.23275862068965517,0.0,0.15086206896551724,0.04741379310344827,0.06465517241379311,0.0,0.0,0.0,9.047137982578803
s357,1.9525194434129693,21.868448213101455,0.26500726753406634,37.377985952889695,7.058114777693863,2.2547302904564317,0.25311203319502074,0.0,0.5850622406639004,0.0,0.0,0.0995850622406639,0.0,0.0,0.06224066390041494,0.0,0.0,0.0,0.0,6.848837355080171
s358,2.0271546216030227,23.08488254785143,0.5569419879150591,48.734752045464155,3.8843115448280607,1.8747368421052633,0.0,0.0,0.3684210526315789,0.0,0.0,0.42105263157894735,0.0,0.10526315789473684,0.0,0.10526315789473684,0.0,0.0,0.0,8.1192010415586
s359,1.7681908365382317,29.01402825573085,0.24302429616999133,45.40613461490082,2.587513496636818,2.357184115523466,0.0,0.0,0.3574007220216607,0.0,0.0,0.10830324909747292,0.12274368231046931,0.1299638989169675,0.0,0.2815884476534296,0.0,0.0,0.0,6.418265162131758
s360,1.8267357503538708,23.811216647003707,0.26787504478101676,40.18142809181871,4.565594148191805,2.3074897119341564,0.24279835390946503,0.0,0.448559670781893,0.0,0.0,0.12757201646090535,0.0,0.0,0.037037037037037035,0.1440329218106996,0.0,0.0,0.0,6.620669306778614
s361,2.05149917331038,23.56934339534682,0.45914178252614857,44.21859114879227,4.6577273835614905,2.026556603773585,0.0,0.0,0.4339622641509434,0.0,0.0,0.32075471698113206,0.018867924528301886,0.04716981132075472,0.08018867924528301,0.09905660377358491,0.0,0.0,0.0,8.778951918428461
s362,1.7461596446113115,24.907945676952515,0.2971130743772605,42.90711810044377,3.8158996629258515,2.305847457627119,0.24152542372881355,0.0,0.3220338983050847,0.0,0.0,0.17796610169491525,0.0,0.0,0.0,0.2584745762711864,0.0,0.0,0.0,5.934472285960198
s363,2.349257243558716,12.16163049396383,0.6070587213233716,23.128815135841922,2.0612256592794234,2.5679812206572765,0.2112676056338028,0.0,0.0,0.37089201877934275,0.15492957746478872,0.26291079812206575,0.0,0.0,0.0,0.0,0.0,0.0,0.0,9.493988803345836
s364,2.1246073658156304,23.435964517142576,0.3780234950246679,41.0569904698813,4.4046261978913614,2.1006866952789696,0.0,0.0,0.5622317596566524,0.0,0.0,0.2145922746781116,0.07725321888412018,0.0,0.13733905579399142,0.0,0.0,0.008583690987124463,0.0,8.161047445680934
s365,3.101459582196497,32.94737476145197,0.3496638129183832,55.598694909950176,9.324577511649538,2.1151851851851853,0.0,0.0,0.3333333333333333,0.0,0.0,0.2345679012345679,0.0,0.0,0.0,0.0,0.1728395061728395,0.0,0.25925925925925924,5.926861909072736
s366,2.522054978929566,23.203360251560216,0.4709385822548368,44.65552350300265,6.372976691243562,1.9832352941176472,0.0,0.0,0.5196078431372549,0.0,0.0,0.30392156862745096,0.0,0.0,0.029411764705882353,0.0,0.14705882352941177,0.0,0.0,9.366972015961432
s367,2.3370117740986345,16.514297407461502,0.5848741799449664,30.27621191367946,4.341806042490548,2.403318181818182,0.013636363636363636,0.0,0.0,0.37272727272727274,0.0,0.33181818181818185,0.0,0.0,0.10909090909090909,0.17272727272727273,0.0,0.0,0.0,9.3727631322252
s368,2.199277052528778,13.117007284420804,0.518896999769295,25.15095892150411,1.951034754347766,2.5044497607655503,0.2535885167464115,0.0,0.0,0.46411483253588515,0.0,0.22488038277511962,0.0,0.0,0.0,0.05741626794258373,0.0,0.0,0.0,7.938991167484299
s369,1.9197484395056843,26.930530529152676,0.20957516749537303,40.0036036015569,12.009294522324891,2.3619607843137254,0.0,0.0,0.673202614379085,0.0,0.0,0.0718954248366013,0.0,0.0,0.2549019607843137,0.0,0.0,0.0,0.0,8.059705699711495
s370,1.968082430631857,24.697745706552315,0.2743109053186696,40.89561789071977,3.6665633668714905,2.2165882352941177,0.0,0.03529411764705882,0.5686274509803921,0.0,0.0,0.11372549019607843,0.0,0.2823529411764706,0.0,0.0,0.0,0.0,0.0,6.068468111134001
s371,1.8341220709922645,25.325041766390484,0.1786841353174059,35.43503867708391,1.9470213797987175,2.742401129943503,0.0,0.0,0.4632768361581921,0.0,0.2514124293785311,0.062146892655367235,0.0,0.0,0.2231638418079096,0.0,0.0,0.0,0.0,5.936007547918428
s372,2.0359438050808083,21.356908295314838,0.32452522798671624,36.18809461150572,3.971646019537077,2.303360655737705,0.10655737704918032,0.0,0.4672131147540984,0.12295081967213115,0.0,0.16393442622950818,0.0,0.0,0.13934426229508196,0.0,0.0,0.0,0.0,8.024007697105988
s373,2.495677349505875,14.253262275441772,0.4217293832089545,24.04632002931674,2.198122778829508,2.675685483870968,0.07258064516129033,0.0,0.0,0.5725806451612904,0.0,0.1814516129032258,0.0,0.0,0.1532258064516129,0.0,0.0,0.0,0.020161290322580645,8.221379281247088
s374,2.5158758741064653,14.221395136725073,0.7273602038574304,30.36028175255913,2.1600050752294306,2.252368421052632,0.11578947368421053,0.0,0.0,0.42105263157894735,0.0,0.3736842105263158,0.0,0.042105263157894736,0.0,0.0,0.0,0.04736842105263158,0.0,9.462123122270452
s375,2.067013966869043,11.969080209226533,0.3129044142198346,21.319924122684757,1.5311193234957265,2.718859649122807,0.34210526315789475,0.0,0.0,0.5614035087719298,0.0,0.09649122807017543,0.0,0.0,0.0,0.0,0.0,0.0,0.0,9.029299524210273
s376,2.020929034286979,16.95152973419803,0.2250878684625059,24.055697797077727,2.820136746706425,3.126637426900585,0.0,0.0,0.0,0.36257309941520466,0.34210526315789475,0.1023391812865497,0.0,0.0,0.19298245614035087,0.0,0.0,0.0,0.0,7.409075999391759
s377,2.223789974491885,25.732577306175923,0.24523469341335058,41.48403371783517,4.163865932221986,2.3418045112781956,0.13157894736842105,0.0,0.4924812030075188,0.0,0.0,0.08270676691729323,0.02631578947368421,0.0,0.0,0.12781954887218044,0.13909774436090225,0.0,0.0,7.01680815533494
s378,1.9950996481092587,25.216806933152817,0.36791006129375303,45.51326129398313,4.319745012796822,2.1982882882882886,0.19369369369369369,0.0,0.27927927927927926,0.0,0.0,0.25225225225225223,0.0,0.0,0.0,0.23423423423423423,0.0,0.0,0.04054054054054054,6.142600229462223
s379,2.069850324846741,21.668306729816507,0.596187980199889,49.09654309667282,3.108023384256981,1.7829608938547488,0.03910614525139665,0.0,0.441340782122905,0.0,0.0,0.41899441340782123,0.0782122905027933,0.0,0.0223463687150838,0.0,0.0,0.0,0.0,8.573372202849674
s380,2.4580683895300153,22.80647300543622,0.35088296845680766,39.99642653938444,6.765790642803591,2.1594893617021276,0.09787234042553192,0.0,0.5702127659574469,0.0,0.0,0.1702127659574468,0.0,0.0,0.029787234042553193,0.0,0.13191489361702127,0.0,0.0,8.868996540080058
s381,3.06225361784862,19.79241825923221,0.2909483193650179,31.525648245244128,2.2966714409775375,2.635676691729323,0.0,0.0,0.19924812030075187,0.40225563909774437,0.0,0.08646616541353383,0.0,0.0,0.0,0.02631578947368421,0.2857142857142857,0.0,0.0,7.981370253273373
s382,2.3787380436466377,14.395760917490847,0.5173609195833254,24.122626402281963,3.067674646020575,2.7276612903225805,0.0,0.0,0.0,0.3709677419354839,0.22580645161290322,0.2620967741935484,0.0,0.0,0.14112903225806453,0.0,0.0,0.0,0.0,9.487143068480055
s383,1.9683273237529002,25.45546530361209,0.2429515797367488,38.57282242435095,3.6829456102611084,2.3823232323232326,0.0,0.0,0.6094276094276094,0.0,0.050505050505050504,0.10774410774410774,0.0,0.0,0.23232323232323232,0.0,0.0,0.0,0.0,7.036183723542369
s384,2.213162377180797,17.937280615556997,0.2550688838559433,27.969996892054997,1.8332431460951264,2.769963768115942,0.0,0.0,0.0,0.5434782608695652,0.0,0.08333333333333333,0.0,0.2753623188405797,0.0,0.050724637681159424,0.0,0.04710144927536232,0.0,6.725591355516808
s385,3.07925269382711,20.086614702663628,0.45857197676571204,35.07662567480067,3.2894207767688806,2.462051282051282,0.0,0.0,0.0,0.36324786324786323,0.0,0.2606837606837607,0.0,0.0,0.008547008547008548,0.06837606837606838,0.1581196581196581,0.14102564102564102,0.0,7.069134196012672
s386,2.3606969989411826,28.034057448323946,0.3248192141711656,48.202444101794455,3.259635203144236,2.1078661087866113,0.0,0.0,0.47280334728033474,0.0,0.0,0.16736401673640167,0.18410041841004185,0.0,0.06694560669456066,0.0,0.0,0.0,0.1087866108786611,6.599616405967378
s387,2.550924508631188,13.366585264294297,0.7174094400203258,25.619288423230735,2.6906113198229686,2.4317391304347824,0.0,0.0,0.0,0.45893719806763283,0.06280193236714976,0.3526570048309179,0.0,0.0,0.12560386473429952,0.0,0.0,0.0,0.0,8.402005322516452
s388,2.395745518541039,14.230307754129692,0.47380300023135524,23.78084987099524,1.9939608008236998,2.748112449799197,0.0,0.0,0.0,0.3333333333333333,0.26506024096385544,0.20883534136546184,0.04819277108433735,0.14457831325301204,0.0,0.0,0.0,0.0,0.0,8.831235122137072
s389,1.8674588453974854,17.955636392213506,0.3084212876205759,32.795005311398235,2.493143276411672,2.3962443438914027,0.3212669683257919,0.0,0.3076923076923077,0.2398190045248869,0.0,0.13122171945701358,0.0,0.0,0.0,0.0,0.0,0.0,0.0,8.112710918624135
s390,2.250351458363318,31.51591737596625,0.24214918986943096,49.499576443608085,5.088840822197486,2.242410071942446,0.0,0.0,0.5035971223021583,0.0,0.0,0.10431654676258993,0.0,0.2589928057553957,0.0,0.0,0.0,0.0,0.13309352517985612,7.075054899303263
s391,2.235885158130837,12.614961716044148,0.3352668050110157,21.756238321873237,1.6495550963536878,2.7198739495798314,0.20588235294117646,0.0,0.0,0.5798319327731093,0.0,0.10504201680672269,0.0,0.1092436974789916,0.0,0.0,0.0,0.0,0.0,10.835215667148816
s392,1.9918108253448368,20.427142934270716,0.344201464907174,32.35281597682179,4.290763711814689,2.6552919708029195,0.0,0.0,0.0,0.39416058394160586,0.0,0.20437956204379562,0.0,0.0,0.16423357664233576,0.23722627737226276,0.0,0.0,0.0,8.639284952951368
s393,2.633901372285655,15.960105788131653,0.45756302578817554,27.360181351082844,2.452916633158529,2.591666666666667,0.03333333333333333,0.0,0.0,0.5333333333333333,0.0,0.225,0.0,0.0,0.15833333333333333,0.0,0.0,0.0,0.05,8.187661597223277
s394,2.0347700582104946,17.30170919541915,0.5836867885751138,37.41997570172045,2.59332698171965,2.1019354838709674,0.1935483870967742,0.0,0.23655913978494625,0.22580645161290322,0.0,0.34408602150537637,0.0,0.0,0.0,0.0,0.0,0.0,0.0,7.533410495508531
s395,2.1413514498758035,19.580015160995703,0.6169783228447389,43.75287338444725,1.6980899507437326,1.917900552486188,0.0,0.0,0.292817679558011,0.15469613259668508,0.0,0.3812154696132597,0.1712707182320442,0.0,0.0,0.0,0.0,0.0,0.0,8.086186526433648
s396,2.353784682108354,24.062589848174497,0.5110855428239355,48.125179696349015,4.5147819682502215,1.9633168316831684,0.0,0.0,0.3712871287128713,0.0,0.0,0.37623762376237624,0.0,0.0,0.0,0.12871287128712872,0.12376237623762376,0.0,0.0,8.3188176285362
s397,2.172050209201122,24.939702538961377,0.34087699251310527,44.89146457013053,1.8962661618859598,2.076177777777778,0.0,0.0,0.48444444444444446,0.0,0.0,0.14666666666666667,0.29777777777777775,0.0,0.0,0.0,0.0,0.07111111111111111,0.0,6.053447504961093
s398,2.8063763629155316,13.492100575956135,0.8147627038784845,28.318584725358495,2.058737720460406,2.2681675392670155,0.0,0.0,0.0,0.47643979057591623,0.0,0.4031413612565445,0.0,0.0,0.06806282722513089,0.0,0.05235602094240838,0.0,0.0,8.575793719359542
s399,1.8507114903764619,20.508716292989156,0.24540033559578578,34.047149924308805,1.8306167412519787,2.50511811023622,0.2795275590551181,0.0,0.4251968503937008,0.0,0.17716535433070865,0.09448818897637795,0.0,0.023622047244094488,0.0,0.0,0.0,0.0,0.0,7.539727431077754
s400,3.350860279274458,30.62074144154551,0.32619602349720184,49.21861507782158,2.8076859721076137,2.455381679389313,0.0,0.0,0.0,0.31679389312977096,0.0,0.19083969465648856,0.0,0.0,0.0,0.0,0.18702290076335878,0.0,0.3053435114503817,5.7135654179853805
s401,2.0128513773977392,21.22771743729675,0.47575055649511594,43.33992310114754,5.563786796711699,1.965408163265306,0.16326530612244897,0.0,0.4897959183673469,0.0,0.0,0.3010204081632653,0.02040816326530612,0.0,0.025510204081632654,0.0,0.0,0.0,0.0,8.562067576269989
s402,2.5598320311201537,13.301676676670999,0.778117469098622,27.30344159948257,1.7487038832437534,2.3005128205128202,0.0,0.0,0.0,0.48717948717948717,0.0,0.37435897435897436,0.046153846153846156,0.0,0.09230769230769231,0.0,0.0,0.0,0.0,8.936960046647913
s403,2.2747766123740463,15.77023676367063,0.4841995244340107,28.61534896633783,1.7525331784772606,2.4519111111111114,0.0,0.0,0.08444444444444445,0.4666666666666667,0.0,0.2311111111111111,0.0,0.21777777777777776,0.0,0.0,0.0,0.0,0.0,8.231611151560212
s404,2.2276749002185423,19.011254012278474,0.35247705936148055,33.86379620937102,1.388594369832112,2.3001754385964914,0.0,0.0,0.3157894736842105,0.24561403508771928,0.0,0.09649122807017543,0.34210526315789475,0.0,0.0,0.0,0.0,0.0,0.0,7.071407416805357
s405,2.0215199172350955,23.198653604099615,0.30410428532392386,39.88833245596983,1.2530308509341868,2.24928870292887,0.0,0.0,0.4811715481171548,0.0,0.100418410041841,0.09623430962343096,0.32217573221757323,0.0,0.0,0.0,0.0,0.0,0.0,7.590391965396407
s406,2.1208522664064375,24.799234999110283,0.3960995122718684,43.21631393227312,5.824158833758359,2.1467088607594937,0.0,0.0,0.4345991561181435,0.0,0.0,0.270042194092827,0.0,0.0,0.11392405063291139,0.13924050632911392,0.04219409282700422,0.0,0.0,7.881837397415391
s407,2.1741474446608717,12.191649609641976,0.3469551731769654,21.42774779876469,1.6957843528126915,2.713189655172414,0.27586206896551724,0.0,0.0,0.5689655172413793,0.0,0.11637931034482758,0.0,0.0,0.03879310344827586,0.0,0.0,0.0,0.0,8.303250945500546
s408,2.5452858211347995,32.08339536941635,0.3065426449170897,55.16497477187419,2.5760366584918017,2.0884518828451886,0.0,0.0,0.3723849372384937,0.0,0.0,0.1506276150627615,0.26778242677824265,0.0,0.0,0.0,0.0,0.0,0.20920502092050208,7.009104660648128
s409,1.9753053385615755,28.133373018420503,0.2723307024430212,45.71673115493325,2.308048548110584,2.297,0.0,0.0,0.36538461538461536,0.0,0.0,0.11923076923076924,0.2,0.0,0.0,0.25,0.06538461538461539,0.0,0.0,6.147217409173023
s410,2.154127556652713,28.208991470890105,0.22444147687192512,41.836523582431205,14.132199342239534,2.350944625407166,0.0,0.0,0.6156351791530945,0.0,0.0,0.08469055374592833,0.0,0.0,0.24104234527687296,0.0,0.0,0.0,0.05863192182410423,7.175955999948192
s411,2.522026915044093,19.97626033175323,0.5199691916345117,39.952520663506505,2.8979388107833723,2.1155500000000003,0.055,0.0,0.315,0.185,0.0,0.315,0.0,0.0,0.0,0.0,0.13,0.0,0.0,7.971449259276857
s412,1.8670986086541632,27.792949981503885,0.21801121844898144,41.28070511958664,7.391076613442983,2.3839933993399343,0.0,0.0,0.5907590759075908,0.0,0.0,0.0924092409240924,0.0,0.0,0.23432343234323433,0.08250825082508251,0.0,0.0,0.0,7.083395943222082
s413,2.433236253671654,15.120190625488979,0.46804436577654795,28.043430476334226,1.1894165311070022,2.402119815668203,0.0,0.0,0.10599078341013825,0.43317972350230416,0.0,0.15207373271889402,0.3087557603686636,0.0,0.0,0.0,0.0,0.0,0.0,8.842278764499476
s414,2.48913628611332,13.992418335806475,0.700840630468215,27.984836671612918,1.8061690403660002,2.3202,0.0,0.0,0.03,0.47,0.0,0.34,0.07,0.0,0.09,0.0,0.0,0.0,0.0,8.236521274664716
s415,2.5121490991088518,13.603841576002454,0.41141875325236416,22.985801283590362,1.2734063257280543,2.7151020408163267,0.0,0.0,0.0,0.4122448979591837,0.17959183673469387,0.11020408163265306,0.2979591836734694,0.0,0.0,0.0,0.0,0.0,0.0,6.7117906016954025
s416,2.8435080511366717,13.093542015308723,0.5309950763248777,24.172692951339158,1.923282858782075,2.578888888888889,0.14351851851851852,0.0,0.0,0.49537037037037035,0.046296296296296294,0.2175925925925926,0.0,0.0,0.0,0.0,0.09722222222222222,0.0,0.0,8.681343376413128
s417,2.3961869512356677,22.5616734531039,0.22516403027514525,33.51710142792841,3.436493494541147,2.7967637540453074,0.04854368932038835,0.0,0.0,0.4627831715210356,0.0,0.10032362459546926,0.0,0.0,0.1779935275080906,0.0,0.0,0.21035598705501618,0.0,8.941667701263434
s418,2.239352471370461,28.89599551193161,0.279091694810399,48.615560016695795,2.089205239877342,2.1848594377510047,0.0,0.0,0.39759036144578314,0.0,0.0,0.11244979919678715,0.2931726907630522,0.0,0.0,0.0,0.0,0.19678714859437751,0.0,6.695075616501306
s419,2.386255768003515,22.66521955179097,0.5075146480307137,44.877134712546074,7.65599608819753,1.9378787878787878,0.0,0.0,0.5050505050505051,0.0,0.0,0.3434343434343434,0.0,0.0,0.06060606060606061,0.0,0.09090909090909091,0.0,0.0,9.400885827376655
s420,2.2529257205640048,17.707587355724524,0.4797303192498707,31.54163997738429,3.0957349476755573,2.362280701754386,0.0,0.0,0.2236842105263158,0.33771929824561403,0.0,0.2675438596491228,0.0,0.0,0.17105263157894737,0.0,0.0,0.0,0.0,8.56267655357616
s421,2.3129586691812114,14.647812274893301,0.35610372446777117,23.150278020664686,2.338127667930715,2.817345454545455,0.0,0.0,0.0,0.5636363636363636,0.06909090909090909,0.15272727272727274,0.0,0.02909090909090909,0.18545454545454546,0.0,0.0,0.0,0.0,8.185941305386338
s422,2.355310838399877,13.821081357088433,0.45834933661518557,22.9448017300684,2.186182903835199,2.79251968503937,0.05905511811023622,0.0,0.0,0.31496062992125984,0.2874015748031496,0.2047244094488189,0.0,0.13385826771653545,0.0,0.0,0.0,0.0,0.0,8.964835207883675
s423,2.054918618656076,21.643738274866,0.5250105470715715,43.729185494116976,1.5962443804145212,2.020151515151515,0.0,0.0,0.3888888888888889,0.0,0.10606060606060606,0.35353535353535354,0.07575757575757576,0.07575757575757576,0.0,0.0,0.0,0.0,0.0,8.302673349254253
s424,2.2336521762606143,17.65527161827031,0.42846956438490547,30.176740851086098,2.9833690629163265,2.459834024896266,0.0,0.0,0.2074688796680498,0.36929460580912865,0.008298755186721992,0.22821576763485477,0.0,0.0,0.18672199170124482,0.0,0.0,0.0,0.0,9.814316355347884
s425,2.408386793556517,25.225509887157997,0.4614048499731965,46.94138361610274,9.749791303290039,2.020140186915888,0.0,0.0,0.37383177570093457,0.0,0.0,0.35046728971962615,0.0,0.0,0.11214953271028037,0.0,0.0,0.16355140186915887,0.0,7.885793734445041
s426,2.5321793985775414,14.225335291197597,0.3436163195776948,22.846750619196175,1.9315653123624368,2.896943396226415,0.10943396226415095,0.0,0.0,0.3320754716981132,0.29056603773584905,0.12075471698113208,0.0830188679245283,0.0,0.0,0.0,0.06415094339622641,0.0,0.0,8.48100445738979
s427,2.6075332040604944,13.448073905948666,0.4202079436364091,22.596423501832106,2.0531905372959685,2.7077732793522267,0.06477732793522267,0.0,0.0,0.5951417004048583,0.0,0.1659919028340081,0.0,0.0,0.13360323886639677,0.0,0.04048582995951417,0.0,0.0,7.795226665384871
s428,2.5838138168269844,13.382908321710465,0.6905717920592388,26.0082935308713,1.8195165246525566,2.3963106796116502,0.0,0.0,0.0,0.5145631067961165,0.0,0.32524271844660196,0.0,0.08737864077669903,0.06310679611650485,0.0,0.009708737864077669,0.0,0.0,8.398797377583982
s429,2.359375974337474,14.465496017201732,0.4534571344634047,24.341938125498068,1.7928852670096422,2.731803278688525,0.0,0.0,0.0,0.3483606557377049,0.2459016393442623,0.1885245901639344,0.11475409836065574,0.10245901639344263,0.0,0.0,0.0,0.0,0.0,7.1861389277472085
s430,2.039644407286801,28.192376216734587,0.22316245686001865,42.28856432510186,8.27463199286323,2.3512211221122112,0.0,0.0,0.5874587458745875,0.0,0.0,0.0924092409240924,0.0,0.0429042904290429,0.19801980198019803,0.0,0.0,0.07920792079207921,0.0,6.833960646636928
s431,2.0256746781026655,21.331317787842696,0.38645468873476985,38.26093507978132,1.5325340235515539,2.2673893805309735,0.061946902654867256,0.0,0.4026548672566372,0.0,0.15486725663716813,0.20353982300884957,0.13716814159292035,0.03982300884955752,0.0,0.0,0.0,0.0,0.0,7.390457516217788
s432,2.7237805419066023,15.519388233088637,0.6727478307800617,30.880415361758008,2.233055982788244,2.2918974358974364,0.0,0.0,0.0,0.41025641025641024,0.010256410256410256,0.358974358974359,0.0,0.13846153846153847,0.0,0.0,0.0,0.08205128205128205,0.0,7.999776892933866
s433,2.084308982200665,27.860832765438538,0.20991217553204952,43.84915156833221,6.635220917415192,2.3685920577617328,0.19855595667870035,0.0,0.4729241877256318,0.0,0.0,0.07942238267148015,0.0,0.0,0.08664259927797834,0.0,0.0,0.1588447653429603,0.0036101083032490976,5.862579461554933
s434,2.792444182157336,16.720292971855795,0.7212978248430368,37.362629974146934,2.427998538899105,2.1253591160220995,0.1270718232044199,0.0,0.0,0.35911602209944754,0.0,0.425414364640884,0.0,0.0,0.0,0.0,0.0,0.0,0.08839779005524862,8.680187023727038
s435,2.087670749551372,16.47955017083508,0.6818158134536246,37.60717859498264,2.505538540354741,2.059550561797753,0.15730337078651685,0.0,0.16853932584269662,0.2696629213483146,0.0,0.4044943820224719,0.0,0.0,0.0,0.0,0.0,0.0,0.0,7.693979014707818
s436,2.7448432249982972,13.52204797390782,0.6342185223285607,25.081218016119355,2.091350275864232,2.483565217391304,0.0,0.0,0.0,0.5391304347826087,0.0,0.2956521739130435,0.0,0.0,0.12173913043478261,0.0,0.043478260869565216,0.0,0.0,8.44638016337182
s437,2.347499674583701,26.159732481203502,0.4177258557155033,50.62392674603275,2.352772271013282,1.9507655502392345,0.0,0.0,0.41626794258373206,0.0,0.0,0.2583732057416268,0.22488038277511962,0.0,0.0,0.0,0.0,0.023923444976076555,0.07655502392344497,6.191980467582499
s438,1.8502239420797295,27.109886499316307,0.32145406785308717,45.8782694603815,2.494844984979158,2.222892561983471,0.0,0.0,0.34297520661157027,0.0,0.0,0.19008264462809918,0.15702479338842976,0.0371900826446281,0.024793388429752067,0.24793388429752067,0.0,0.0,0.0,7.169823420919183
s439,2.0683875522889714,23.639540369962,0.3897410248944046,41.82380219300966,7.3055274700494826,2.083478260869565,0.0,0.0,0.5652173913043478,0.0,0.0,0.24347826086956523,0.0,0.06956521739130435,0.12173913043478261,0.0,0.0,0.0,0.0,8.135966616832388
s440,2.4310615067093346,23.716738768215336,0.5794035620121527,53.818753358642454,9.916052293556142,1.790225988700565,0.11299435028248588,0.0,0.3446327683615819,0.0,0.0,0.4463276836158192,0.0,0.0,0.0,0.0,0.0,0.0,0.096045197740113,8.56895425825106
s441,3.0250210376121083,35.08697566839951,0.3004456147651303,55.02275729817195,11.902315685323845,2.213913043478261,0.0,0.0,0.3333333333333333,0.0,0.0,0.18115942028985507,0.0,0.0,0.06521739130434782,0.0,0.11594202898550725,0.0,0.30434782608695654,5.380576461324928
s442,2.464313486285984,28.247887694275537,0.25822466937204325,43.78422592612706,4.030061372323351,2.371505376344086,0.0,0.0,0.46236559139784944,0.0,0.0,0.1039426523297491,0.0,0.0,0.0,0.1827956989247312,0.25089605734767023,0.0,0.0,7.5785565571707725
s443,2.4335724802064047,12.96690863491804,0.6683460783312959,25.310408200849658,1.950885896434964,2.467192118226601,0.09852216748768473,0.0,0.0,0.37438423645320196,0.13793103448275862,0.30049261083743845,0.06403940886699508,0.024630541871921183,0.0,0.0,0.0,0.0,0.0,8.319986488357083
s444,2.3468322478122947,15.734651066164671,0.5606758079838965,29.048586583688618,2.241991788076354,2.4246296296296297,0.0,0.0,0.0,0.4305555555555556,0.0,0.28703703703703703,0.0,0.1712962962962963,0.0,0.1111111111111111,0.0,0.0,0.0,9.234524663484683
s445,2.322523344796611,25.366097460002994,0.4128288983262781,48.03845005699683,1.71579447926786,2.0386448598130844,0.0,0.0,0.3925233644859813,0.0,0.056074766355140186,0.24766355140186916,0.22429906542056074,0.0,0.0,0.0,0.0,0.0,0.0794392523364486,6.336929161014193
s446,2.374195159856643,22.938184222164313,0.37324798311347795,40.489370634577895,7.587501038552719,2.1293562231759653,0.06437768240343347,0.0,0.5665236051502146,0.0,0.0,0.2017167381974249,0.0,0.0,0.06866952789699571,0.0,0.09871244635193133,0.0,0.0,8.404289319354383
s447,2.271629426862884,23.156832671873556,0.3457203943672808,40.56798505674088,1.623147688825614,2.195793991416309,0.0,0.0,0.4978540772532189,0.0,0.07296137339055794,0.1459227467811159,0.21030042918454936,0.0,0.0,0.0,0.07296137339055794,0.0,0.0,7.540405188935314
s448,2.73254663638157,16.603163458905527,0.7185700553952451,35.2584033003724,2.9300268354528076,2.160952380952381,0.026455026455026454,0.0,0.0,0.3492063492063492,0.0,0.42328042328042326,0.0,0.07936507936507936,0.0,0.005291005291005291,0.0,0.1164021164021164,0.0,9.51771592331136
s449,2.326488465050292,14.509885916829445,0.4362224376421141,24.48543248464969,1.806169114613785,2.6956378600823045,0.0,0.0,0.0,0.4691358024691358,0.12345679012345678,0.18930041152263374,0.0,0.21810699588477367,0.0,0.0,0.0,0.0,0.0,9.462405588097198
s450,2.0847654130485753,22.959407791001727,0.4154378055866216,41.54559505038405,5.101832980257945,2.0736842105263156,0.0,0.0,0.5263157894736842,0.02631578947368421,0.0,0.2631578947368421,0.0,0.07894736842105263,0.10526315789473684,0.0,0.0,0.0,0.0,8.153041674506058
s451,2.433195825481273,14.048080292452651,0.48997681767343687,23.04619708108243,2.5786936179122666,2.786972111553785,0.0,0.0,0.0,0.32669322709163345,0.28286852589641437,0.23107569721115537,0.0,0.09163346613545817,0.06772908366533864,0.0,0.0,0.0,0.0,9.329126622336883
s452,1.9562906871867503,25.851124462941968,0.30602661600863623,41.64903385696209,7.292612166571518,2.247011494252874,0.0,0.0,0.5402298850574713,0.0,0.0,0.1839080459770115,0.0,0.0,0.19540229885057472,0.08045977011494253,0.0,0.0,0.0,9.129486362202154
s453,2.860886199820573,15.064674059810923,0.3297377424169135,24.42161446963139,1.690009671524504,2.747049808429119,0.0,0.0,0.022988505747126436,0.5938697318007663,0.0,0.09961685823754789,0.0,0.16091954022988506,0.0,0.0,0.12260536398467432,0.0,0.0,7.295585150786962
s454,2.549286954666766,28.163260594607888,0.43424820882812426,55.24331885865393,2.863425082154687,1.910392156862745,0.0,0.0,0.35294117647058826,0.0,0.0,0.30392156862745096,0.18627450980392157,0.0,0.0,0.0,0.0,0.0,0.1568627450980392,6.858125579919541
s455,2.0594521884959263,21.72904302748308,0.42859107654216083,40.62386305138142,1.2447723556456165,2.1660465116279073,0.0,0.0,0.3953488372093023,0.0,0.13953488372093023,0.23255813953488372,0.23255813953488372,0.0,0.0,0.0,0.0,0.0,0.0,7.63014561251715
s456,2.2599167730848384,28.485244000050898,0.2320219999039545,43.469669229244374,3.9861631283864054,2.3859726962457337,0.0,0.0,0.4880546075085324,0.0,0.0,0.07849829351535836,0.0,0.08873720136518772,0.0,0.16723549488054607,0.17747440273037543,0.0,0.0,6.870587408604186
s457,2.233595771743824,17.212596117257068,0.738520019298918,40.472861140577415,1.6809075815060384,1.952873563218391,0.0,0.0,0.16091954022988506,0.26436781609195403,0.0,0.4367816091954023,0.13793103448275862,0.0,0.0,0.0,0.0,0.0,0.0,8.70930330760137
s458,3.0187081584278905,13.732212908134505,0.7772960739588116,27.88479968080372,2.3820396095537,2.3469849246231154,0.0,0.0,0.0,0.41708542713567837,0.07537688442211055,0.38190954773869346,0.0,0.0,0.02512562814070352,0.0,0.10050251256281408,0.0,0.0,9.432110957558056
s459,2.577494744025949,24.65282719666355,0.3264013449334234,41.547771709062346,4.432180520103652,2.191659751037345,0.0,0.0,0.5850622406639004,0.0,0.008298755186721992,0.14937759336099585,0.0,0.06224066390041494,0.0,0.0,0.1950207468879668,0.0,0.0,8.432831779525623
s460,2.9430504513449063,13.74125645661317,0.7351539758867967,27.086130515439415,2.5440749827547133,2.433560975609756,0.03414634146341464,0.0,0.0,0.3463414634146341,0.16097560975609757,0.36097560975609755,0.0,0.0,0.0,0.0,0.0975609756097561,0.0,0.0,9.814185151987173
s461,2.4999982817998,13.94571521041708,0.785608153838676,30.32382260869761,1.4538045136924438,2.182887700534759,0.0,0.0,0.03208556149732621,0.42780748663101603,0.0,0.37967914438502676,0.10160427807486631,0.058823529411764705,0.0,0.0,0.0,0.0,0.0,10.586220950713237
s462,2.156527891727477,25.70737169079836,0.26255534646181444,41.59920146329186,4.386814035044697,2.2340074906367042,0.0,0.0,0.6179775280898876,0.0,0.0,0.09737827715355805,0.0,0.20973782771535582,0.0,0.0,0.0749063670411985,0.0,0.0,7.495723317588676
s463,2.1172717610461946,20.734319983342658,0.5243238021412268,42.55991996580863,1.976760876582771,1.9886153846153845,0.0,0.0,0.36923076923076925,0.11794871794871795,0.0,0.31794871794871793,0.15897435897435896,0.0,0.035897435897435895,0.0,0.0,0.0,0.0,7.609833785681915
s464,2.4153391232675387,23.63268739839919,0.3695399691057013,41.269021277801585,2.0718159246434307,2.2011965811965815,0.0,0.0,0.4700854700854701,0.0,0.07264957264957266,0.19230769230769232,0.1111111111111111,0.0,0.021367521367521368,0.0,0.10256410256410256,0.029914529914529916,0.0,7.8907853501040455
s465,2.712801552258832,13.972526637735161,0.5340968015259444,24.322546369390846,2.0242559179644273,2.6515744680851068,0.0,0.0,0.0,0.39574468085106385,0.17872340425531916,0.2297872340425532,0.09361702127659574,0.0,0.05106382978723404,0.0,0.05106382978723404,0.0,0.0,8.101716901858527
s466,2.706291899479183,17.3733407085302,0.7065942154505702,37.84906368644083,1.9170855272806022,2.1072677595628413,0.0,0.0,0.0,0.3333333333333333,0.0,0.41530054644808745,0.12568306010928962,0.0,0.0,0.0,0.0,0.12568306010928962,0.0,8.50395790105017
s467,2.1218949071666944,20.271284910863056,0.39427814278064344,34.40408213745072,2.6026529521609785,2.3724066390041494,0.03319502074688797,0.0,0.36929460580912865,0.11618257261410789,0.1037344398340249,0.22821576763485477,0.0,0.0,0.14937759336099585,0.0,0.0,0.0,0.0,8.77687210592895
s468,2.0655863950585647,16.352068184699828,0.4090148399893083,29.227712424620925,2.2328568427561044,2.5427312775330395,0.16740088105726872,0.0,0.0,0.40969162995594716,0.0,0.1894273127753304,0.07048458149779736,0.0,0.013215859030837005,0.14977973568281938,0.0,0.0,0.0,8.296251474093141
s469,2.9768196168038643,13.86536144575976,0.5907598251682972,25.801629125152935,1.6404256461516622,2.4882242990654206,0.0,0.0,0.0,0.5373831775700935,0.0,0.2570093457943925,0.004672897196261682,0.09813084112149532,0.0,0.0,0.102803738317757,0.0,0.0,8.135421989210137
s470,2.087322138913292,30.208733152250538,0.2520760056178772,45.016935677863515,6.445059928421087,2.423421052631579,0.0,0.0,0.34210526315789475,0.0,0.0,0.1513157894736842,0.0,0.0,0.1513157894736842,0.21052631578947367,0.02631578947368421,0.11842105263157894,0.0,5.618320881130678
s471,2.763997065569707,21.074860306448887,0.4624320060904137,39.37671267783868,2.806812280801844,2.1805164319248824,0.0,0.0,0.3615023474178404,0.17370892018779344,0.0,0.26291079812206575,0.0,0.0,0.0,0.0,0.20187793427230047,0.0,0.0,8.569573447482325
s472,1.790693937296201,28.9324867189732,0.24651771240108422,44.16011130790646,3.7483722573094154,2.3904137931034484,0.0,0.0,0.38620689655172413,0.0,0.0,0.1310344827586207,0.05862068965517241,0.041379310344827586,0.11379310344827587,0.2689655172413793,0.0,0.0,0.0,6.072046890032473
s473,2.0912341582874383,22.09384098377545,0.3503510900510377,40.203546708181605,1.5305707758953433,2.1347747747747747,0.0,0.0,0.4594594594594595,0.09009009009009009,0.0,0.12612612612612611,0.32432432432432434,0.0,0.0,0.0,0.0,0.0,0.0,7.830447389920017
s474,1.909017235382326,25.370982424777434,0.2577790722255614,40.74733540949105,2.1333425048039474,2.307056603773585,0.0,0.0,0.5584905660377358,0.0,0.06415094339622641,0.10943396226415095,0.0,0.2679245283018868,0.0,0.0,0.0,0.0,0.0,7.469243490056481
s475,3.385244892013798,25.36007548626948,0.5086324790427209,48.41468956469632,3.0496556971986837,2.173619047619048,0.0,0.0,0.0,0.28095238095238095,0.0,0.36666666666666664,0.0,0.0,0.0,0.0,0.10952380952380952,0.0,0.24285714285714285,8.318149001458778
s476,1.7024615444903437,22.18827083777318,0.20906054497608625,34.181930750083055,2.8416876007617096,2.7656842105263157,0.13333333333333333,0.0,0.0,0.3824561403508772,0.0,0.08771929824561403,0.0,0.10526315789473684,0.02456140350877193,0.26666666666666666,0.0,0.0,0.0,6.22292265589393
s477,2.499490490817736,12.666807802398242,0.8627179540915041,28.304842126346724,1.7275333651079845,2.2049723756906077,0.08839779005524862,0.0,0.0,0.44751381215469616,0.0,0.4088397790055249,0.0,0.055248618784530384,0.0,0.0,0.0,0.0,0.0,8.21719896144907
s478,2.2243985889998754,22.555016799907747,0.3795348522123535,38.50463582269963,2.7021258134100967,2.204476987447699,0.0,0.0,0.5271966527196653,0.0,0.058577405857740586,0.21338912133891214,0.03765690376569038,0.0,0.13389121338912133,0.0,0.029288702928870293,0.0,0.0,7.878548338253153
s479,2.653957822341039,14.633847712797454,0.3401421168257149,23.177307938187894,2.0514013940455293,2.805802919708029,0.0,0.0,0.0,0.6313868613138686,0.0,0.12773722627737227,0.0,0.0,0.17153284671532848,0.0,0.06934306569343066,0.0,0.0,8.471117653727315
s480,2.79278309954776,27.106253051560913,0.4576519622574364,52.42247052424516,8.521172871894299,1.9501951219512195,0.0,0.0,0.40487804878048783,0.0,0.0,0.33658536585365856,0.0,0.0,0.0,0.0,0.14634146341463414,0.0,0.11219512195121951,8.78893193346355
s481,2.9328505114986787,26.706013311020026,0.47275361792913045,51.68108131484436,4.87931574861575,2.005023923444976,0.0,0.0,0.291866028708134,0.07655502392344497,0.0,0.3492822966507177,0.0,0.0,0.0,0.0,0.1339712918660287,0.0,0.14832535885167464,7.201552827553867
s482,2.555170856994011,13.314372227473873,0.7469572037403222,26.36767833284043,2.159977059037494,2.3596039603960395,0.0,0.0,0.0,0.504950495049505,0.0,0.36633663366336633,0.0,0.0,0.12871287128712872,0.0,0.0,0.0,0.0,9.025684771327004
s483,2.1452215561526415,15.65788494709486,0.2638313897106644,24.30865011123568,1.6875161881188423,2.8744483985765124,0.0,0.0,0.0,0.5231316725978647,0.12099644128113879,0.08540925266903915,0.0,0.2704626334519573,0.0,0.0,0.0,0.0,0.0,7.451959091409009
s484,2.5358562887766842,26.913580025354154,0.2967983907827688,43.67109211661243,4.272586227564522,2.2780232558139537,0.0,0.0,0.5,0.0,0.0,0.13953488372093023,0.0,0.0,0.0,0.11627906976744186,0.2441860465116279,0.0,0.0,7.406391163480201
s485,2.3796260769398954,12.162198447116472,0.597855018163551,23.528739051898217,1.8001584228165954,2.4913526570048306,0.18840579710144928,0.0,0.0,0.5169082125603864,0.0,0.25120772946859904,0.0,0.0,0.043478260869565216,0.0,0.0,0.0,0.0,8.642506290346587
s486,2.0371661853791916,23.181168776859067,0.33131907954982864,37.347438584939574,2.2725243909072645,2.362873563218391,0.0,0.0,0.4942528735632184,0.0,0.12643678160919541,0.19540229885057472,0.0,0.0,0.1839080459770115,0.0,0.0,0.0,0.0,7.287383935444625
s487,2.2800436715404806,25.81407338642851,0.39638917624742126,48.45799740961141,2.2064999247295534,2.017943925233645,0.0,0.0,0.3925233644859813,0.0,0.0,0.2383177570093458,0.22897196261682243,0.0,0.0,0.0,0.0,0.14018691588785046,0.0,6.549497435575381
s488,2.235664249277023,17.167847087048354,0.402066079231252,28.498626164500262,2.5994123019986115,2.5970682730923693,0.0,0.0,0.14457831325301204,0.357429718875502,0.10040160642570281,0.20481927710843373,0.0,0.05622489959839357,0.1285140562248996,0.0,0.008032128514056224,0.0,0.0,8.939559772053034
s489,2.7269167930024434,26.15087785725909,0.3085983061857823,43.13196737495976,5.355436169055669,2.2244881889763777,0.0,0.0,0.5551181102362205,0.0,0.0,0.1377952755905512,0.0,0.015748031496062992,0.0,0.0,0.24015748031496062,0.051181102362204724,0.0,8.089270018649804
s490,3.068656534626295,26.791193401212848,0.4664275925472036,50.057229775950354,2.678497813290957,2.1744131455399063,0.0,0.0,0.0,0.2676056338028169,0.0,0.3474178403755869,0.014084507042253521,0.10328638497652583,0.0,0.0,0.0,0.0,0.2676056338028169,6.103634610389383
s491,2.2339109899341394,24.01415423285061,0.33206120894105257,42.67130482914224,2.157828414848163,2.0964935064935064,0.0,0.0,0.5627705627705628,0.0,0.0,0.12554112554112554,0.24675324675324675,0.0,0.0,0.0,0.06493506493506493,0.0,0.0,6.4284596943592
s492,2.0457266706828,28.305012705137948,0.23815822331577238,42.89978488122471,9.994634376354822,2.332749140893471,0.0,0.0,0.5738831615120275,0.0,0.0,0.11683848797250859,0.0,0.0,0.22336769759450173,0.0,0.0,0.0859106529209622,0.0,6.775298853558021
s493,2.4054970239583473,25.77309015404693,0.40355286787383116,44.957570795029206,9.502992238344696,2.1135775862068966,0.0,0.0,0.4051724137931034,0.0,0.0,0.28879310344827586,0.0,0.0,0.13793103448275862,0.0,0.0,0.16810344827586207,0.0,7.161099660211799
s494,2.1396056227516036,13.025950171369704,0.501014978177974,25.314582408510944,1.768143926417144,2.485728155339806,0.27184466019417475,0.0,0.043689320388349516,0.470873786407767,0.0,0.21359223300970873,0.0,0.0,0.0,0.0,0.0,0.0,0.0,7.641040789468175
s495,1.915531727970309,24.866915271240646,0.2841644157587383,43.01794831594187,4.443394896943107,2.2828270042194094,0.26582278481012656,0.0,0.3755274261603376,0.0,0.0,0.15611814345991562,0.0,0.0,0.0,0.1350210970464135,0.0,0.06751054852320675,0.0,6.021639983361159
s496,2.2284658270800035,24.342565465821767,0.38729001287591264,43.360194735994966,8.27539939880007,2.1139035087719296,0.07456140350877193,0.0,0.4649122807017544,0.0,0.0,0.2543859649122807,0.0,0.0,0.10964912280701754,0.0,0.0,0.09649122807017543,0.0,7.479629559152682
s497,2.280670515509322,11.97704301920476,0.6013801274049536,23.954086038409546,1.5928621807129701,2.4625,0.25,0.0,0.0,0.5,0.0,0.25,0.0,0.0,0.0,0.0,0.0,0.0,0.0,9.12100858724063
s498,1.7768206521824972,28.682391267221995,0.2579724655234595,46.49754112263938,1.8710360955213037,2.3068965517241384,0.0,0.0,0.32567049808429116,0.0,0.0,0.10344827586206896,0.2796934865900383,0.0,0.0,0.29118773946360155,0.0,0.0,0.0,5.870774786302587
s499,2.54180284271933,13.355947479630622,0.8929784598299841,29.844771528557285,1.9335768281881138,2.1877348066298343,0.011049723756906077,0.0,0.0,0.3701657458563536,0.07734806629834254,0.4419889502762431,0.07734806629834254,0.0,0.022099447513812154,0.0,0.0,0.0,0.0,9.939336331759584
s500,2.6478243581195224,29.846466324222153,0.29872294509578073,47.61222008864009,5.7436238712523515,2.2756716417910448,0.0,0.0,0.3619402985074627,0.0,0.0,0.1791044776119403,0.0,0.04477611940298507,0.033582089552238806,0.0,0.11567164179104478,0.26492537313432835,0.0,6.220668732584718
