# c0 + a0 * (O / RBI) + a1 * (face-area-avg - E_T)
# Property Label: $ln_{D}$; Unit of the Property: Unitless
# RMSE: 0.387570013579273; Max AE: 1.46566864252326
# Coefficients
# Task   a0                      a1                      c0
# all , -4.367786846152764e+00,  7.233190840483652e-01, -1.250811872487207e+01, 
# Feature Rung, Units, and Expressions
# 0;  1; Unitless;                                         12|7|div; (O / RBI); $\left(\frac{ O }{ RBI } \right)$; (O ./ RBI); (newdata$O / newdata$RBI); O,RBI
# 1;  1; Unitless;                                         33|0|sub; (face-area-avg - E_T); $\left(face-area-avg - E_{T}\right)$; (face_sub_area_sub_avg - E_T); (newdata$face_sub_area_sub_avg - newdata$E_T); face-area-avg,E_T
# Number of Samples Per Task
# Task, n_samples               
# all , 1041                  

# Sample ID , Property Value        ,  Property Value (EST) ,  Feature 0 Value      ,  Feature 1 Value      
s1          , -2.244947812336508e+01, -2.224427587119879e+01,  3.077831881885986e-01, -1.160183101836766e+01
s2          , -2.298888400764099e+01, -2.297606593070581e+01,  1.439216009020738e-01, -1.360302603308405e+01
s3          , -1.755271246623431e+01, -1.774498438874851e+01,  0.000000000000000e+00, -7.240049072901664e+00
s4          , -1.917258847351942e+01, -1.910265726890553e+01,  0.000000000000000e+00, -9.117053164316232e+00
s5          , -2.000094091703784e+01, -2.032187315227618e+01,  1.028514327271541e-01, -1.018156641355539e+01
s6          , -2.179532463031582e+01, -2.159215574182566e+01,  2.968969626736321e-01, -1.076600153439930e+01
s7          , -2.156980503382011e+01, -2.140426258128158e+01,  3.289963889343198e-01, -1.031240281210619e+01
s8          , -2.070680399014268e+01, -2.107746368692895e+01,  0.000000000000000e+00, -1.184725406952471e+01
s9          , -2.311678210871720e+01, -2.262068268802037e+01,  1.703365790864108e-01, -1.295219537297537e+01
s10         , -1.955558688693647e+01, -1.923735134255949e+01,  0.000000000000000e+00, -9.303269837737986e+00
s11         , -1.929232032084748e+01, -1.958094876258150e+01,  0.000000000000000e+00, -9.778298670240128e+00
s12         , -1.972420304545977e+01, -1.859011823117434e+01,  3.369657399495768e-02, -8.204981984478989e+00
s13         , -1.649771434553038e+01, -1.696024708722403e+01,  0.000000000000000e+00, -6.155137422109360e+00
s14         , -1.814284237715737e+01, -1.850046715860854e+01,  0.000000000000000e+00, -8.284515873959428e+00
s15         , -2.140988745272463e+01, -2.118844466582823e+01,  0.000000000000000e+00, -1.200068701681835e+01
s16         , -2.271802967642396e+01, -2.240064038680291e+01,  2.631260494073562e-01, -1.208767106698464e+01
s17         , -1.845283706311921e+01, -1.847967332993436e+01,  0.000000000000000e+00, -8.255768079061216e+00
s18         , -2.106370881996578e+01, -2.140437555244612e+01,  1.712673775224714e-01, -1.126501098692357e+01
s19         , -2.166440903696862e+01, -2.189885453483651e+01,  1.408570425662181e-01, -1.213226979044971e+01
s20         , -1.957524373940041e+01, -1.946379275646217e+01,  0.000000000000000e+00, -9.616328650779812e+00
s21         , -2.230012329283520e+01, -2.263693127688724e+01,  2.197370969220548e-01, -1.267635259828722e+01
s22         , -1.709175230426198e+01, -1.678271432137100e+01,  0.000000000000000e+00, -5.909695583551210e+00
s23         , -2.271630669020732e+01, -2.289530922881635e+01,  1.071020597314770e-01, -1.371371467310823e+01
s24         , -1.997593461761007e+01, -2.013711002844687e+01,  1.084916176830921e-01, -9.892070043132339e+00
s25         , -2.228124530569044e+01, -2.280887833505326e+01,  3.052346033458345e-01, -1.239779251296096e+01
s26         , -1.806502239865187e+01, -1.794492079683027e+01,  0.000000000000000e+00, -7.516464298893938e+00
s27         , -2.017409009594002e+01, -2.006650687071660e+01,  2.471359989899002e-02, -1.030035647281009e+01
s28         , -1.658938425028538e+01, -1.719731594980193e+01,  0.000000000000000e+00, -6.482888849945390e+00
s29         , -2.262132344831001e+01, -2.314170881181558e+01,  2.160660092821783e-01, -1.339638345979570e+01
s30         , -1.697997334312175e+01, -1.738498770147089e+01,  0.000000000000000e+00, -6.742347995719033e+00
s31         , -1.964904728113367e+01, -1.910160943219699e+01,  4.798257929883692e-02, -8.825860079466834e+00
s32         , -2.151059652715050e+01, -2.135015615852447e+01,  0.000000000000000e+00, -1.222425569662030e+01
s33         , -2.289264810431292e+01, -2.356986849091935e+01,  2.127579286843442e-01, -1.400829690129894e+01
s34         , -2.302504917991390e+01, -2.220814228716871e+01,  0.000000000000000e+00, -1.341043500194451e+01
s35         , -2.244061385591441e+01, -2.241834921789036e+01,  2.828021069467199e-01, -1.199333926277557e+01
s36         , -2.239655424600443e+01, -2.185555526627917e+01,  2.342428954219850e-01, -1.150849422828392e+01
s37         , -2.226102540809307e+01, -2.200406491942443e+01,  1.808624528842214e-01, -1.203615077201476e+01
s38         , -2.102436377352775e+01, -2.076846727869472e+01,  1.022670737864309e-01, -1.080251848245343e+01
s39         , -2.141661104833067e+01, -2.093450278315912e+01,  4.486293934961046e-01, -8.940544549692632e+00
s40         , -1.990275935468409e+01, -1.899744900201397e+01,  0.000000000000000e+00, -8.971601082086192e+00
s41         , -1.952311408648237e+01, -1.875740393449662e+01,  0.000000000000000e+00, -8.639735004153007e+00
s42         , -1.862175379272403e+01, -1.932311803800522e+01,  0.000000000000000e+00, -9.421843641937507e+00
s43         , -2.257821044890805e+01, -2.256483932110844e+01,  3.843427592378118e-01, -1.158270745620642e+01
s44         , -1.984867902879579e+01, -1.957436235669736e+01,  0.000000000000000e+00, -9.769192860605903e+00
s45         , -1.928264199244582e+01, -1.939736975653165e+01,  6.078412949855269e-03, -9.487793106635129e+00
s46         , -2.007096062658339e+01, -2.028722491237914e+01,  3.473613476154554e-02, -1.054498121675357e+01
s47         , -1.842882744186564e+01, -1.884051063196718e+01,  0.000000000000000e+00, -8.754631319352400e+00
s48         , -1.712958329507449e+01, -1.704434257567972e+01,  0.000000000000000e+00, -6.271400756383662e+00
s49         , -2.142142340445580e+01, -2.184835805957667e+01,  6.939294288544944e-02, -1.249399601206904e+01
s50         , -2.022197746600499e+01, -2.032803565616464e+01,  0.000000000000000e+00, -1.081115804041152e+01
s51         , -2.208446385448407e+01, -2.235285045019244e+01,  1.768392450202509e-01, -1.254264652642666e+01
s52         , -2.030062191637932e+01, -2.016350158519688e+01,  1.358338263387395e-01, -9.763449929806711e+00
s53         , -1.881589086732163e+01, -1.861930443920608e+01,  2.553836221740045e-01, -6.906667608877179e+00
s54         , -2.389190768082197e+01, -2.429621944058000e+01,  1.424779272649006e-01, -1.543687667777141e+01
s55         , -1.989931101552115e+01, -1.977854064082168e+01,  0.000000000000000e+00, -1.005147254688426e+01
s56         , -2.293632659980805e+01, -2.329012196615997e+01,  2.787202209400626e-01, -1.322322739360983e+01
s57         , -2.165250835772914e+01, -2.168698650176479e+01,  2.086662762531644e-01, -1.142989054563044e+01
s58         , -2.493828100106786e+01, -2.548681437189490e+01,  3.763236864960485e-01, -1.567080732310909e+01
s59         , -2.019609135900962e+01, -1.975898791464666e+01,  0.000000000000000e+00, -1.002444059569394e+01
s60         , -1.686951544328429e+01, -1.739266465317980e+01,  0.000000000000000e+00, -6.752961502092934e+00
s61         , -1.698686520707895e+01, -1.781605774680859e+01,  0.000000000000000e+00, -7.338309107273060e+00
s62         , -1.961666852236879e+01, -1.973352998276608e+01,  0.000000000000000e+00, -9.989244604820744e+00
s63         , -2.363642228074260e+01, -2.296563232066076e+01,  1.425301682408096e-01, -1.359700361660709e+01
s64         , -2.123215125329894e+01, -2.130200860453194e+01,  2.217910366935844e-01, -1.081839824161451e+01
s65         , -2.229595939650926e+01, -2.185135806164831e+01,  1.824899335806225e-01, -1.181520354405036e+01
s66         , -2.209517036440609e+01, -2.171071286527757e+01,  8.449770683136099e-02, -1.221248873807780e+01
s67         , -2.100952424313996e+01, -2.101522628472528e+01,  3.100009803052766e-01, -9.889258438676938e+00
s68         , -2.306714632630091e+01, -2.282616550291026e+01,  1.191819627660109e-01, -1.354517748091799e+01
s69         , -2.116954741071400e+01, -2.138883055499873e+01,  1.865782834324385e-01, -1.115106435852503e+01
s70         , -2.268552320802911e+01, -2.181653084339471e+01,  2.695051015779555e-01, -1.124161032136639e+01
s71         , -1.844586653395837e+01, -1.935931395180093e+01,  0.000000000000000e+00, -9.471885061546020e+00
s72         , -2.185924535832699e+01, -2.154116868436000e+01,  1.955013085741752e-01, -1.130779222596192e+01
s73         , -1.814705961150877e+01, -1.842587668081945e+01,  0.000000000000000e+00, -8.181393366294326e+00
s74         , -2.269683109870329e+01, -2.363497720026695e+01,  2.597307080675156e-01, -1.381466399203632e+01
s75         , -2.162544692540680e+01, -2.128371452138393e+01,  2.124819044986920e-01, -1.084931989499707e+01
s76         , -1.799713371423827e+01, -1.869993992685334e+01,  0.000000000000000e+00, -8.560290110591437e+00
s77         , -1.808839931225978e+01, -1.784729531636771e+01,  0.000000000000000e+00, -7.381495538058597e+00
s78         , -1.710463489071706e+01, -1.745512937072447e+01,  0.000000000000000e+00, -6.839319955674805e+00
s79         , -2.130172009097587e+01, -2.123016507087927e+01,  1.631884184887266e-01, -1.107294732700863e+01
s80         , -2.075517304342145e+01, -2.069325653424524e+01,  0.000000000000000e+00, -1.131608164347267e+01
s81         , -1.679587307458704e+01, -1.735608638599609e+01,  0.000000000000000e+00, -6.702391472917180e+00
s82         , -1.961963418382102e+01, -1.934834148414244e+01,  0.000000000000000e+00, -9.456715452585794e+00
s83         , -1.732943596118787e+01, -1.762178570809059e+01,  0.000000000000000e+00, -7.069724960936600e+00
s84         , -2.091958911511147e+01, -2.157627777322193e+01,  3.311955121771759e-02, -1.233687884777828e+01
s85         , -1.931803893900067e+01, -1.910575724131881e+01,  7.195949200579320e-02, -8.686809089344949e+00
s86         , -2.124992178205270e+01, -2.047271862644190e+01,  2.062222535919051e-01, -9.765904440694671e+00
s87         , -2.000999990609716e+01, -1.969225148549614e+01,  0.000000000000000e+00, -9.932176433690920e+00
s88         , -1.933594922663024e+01, -1.949774262193221e+01,  0.000000000000000e+00, -9.663264873283470e+00
s89         , -2.128477820873118e+01, -2.112007530962741e+01,  1.797098338895907e-01, -1.082098137430691e+01
s90         , -2.009844325702736e+01, -2.030568046927042e+01,  4.623922463303676e-02, -1.050103451544213e+01
s91         , -2.185233402642529e+01, -2.211128307104427e+01,  2.310505644104318e-01, -1.188131893609695e+01
s92         , -1.852873985612102e+01, -1.814670046976447e+01,  0.000000000000000e+00, -7.795427867509963e+00
s93         , -2.244477787769646e+01, -2.217693303360515e+01,  2.284054403838541e-01, -1.198805371220504e+01
s94         , -2.069748145715988e+01, -2.052218464041982e+01,  6.383847695872871e-02, -1.069408125154869e+01
s95         , -1.839144268754908e+01, -1.814830927690592e+01,  0.000000000000000e+00, -7.797652068663955e+00
s96         , -2.061908691885885e+01, -2.042975532277841e+01,  0.000000000000000e+00, -1.095178707793731e+01
s97         , -2.336181657728519e+01, -2.333192842638181e+01,  8.793552150876818e-02, -1.443308536659058e+01
s98         , -1.913590175727989e+01, -1.847668836494188e+01,  2.083280886472095e-02, -8.125841694436835e+00
s99         , -1.764848235022367e+01, -1.781669913428711e+01,  0.000000000000000e+00, -7.339195835540938e+00
s100        , -2.003395952271198e+01, -1.913173838838466e+01,  0.000000000000000e+00, -9.157258268979538e+00
s101        , -2.047737186068138e+01, -2.048099415636249e+01,  2.078299394182858e-01, -9.767637425407809e+00
s102        , -1.813404261594337e+01, -1.820083573959731e+01,  0.000000000000000e+00, -7.870270728740504e+00
s103        , -2.094885731266024e+01, -2.038683189815077e+01,  5.757679773799312e-02, -1.054476532097845e+01
s104        , -1.695125455205811e+01, -1.673717617257910e+01,  0.000000000000000e+00, -5.846738377255726e+00
s105        , -2.089913046364001e+01, -2.145622924172356e+01,  1.834831602774177e-01, -1.126293410828425e+01
s106        , -2.193421435204462e+01, -2.196967681913477e+01,  1.919047326844431e-01, -1.192192950152069e+01
s107        , -1.938858975045087e+01, -1.951589759225024e+01,  0.000000000000000e+00, -9.688364405037031e+00
s108        , -2.184761912256448e+01, -2.196614014289269e+01,  2.369130721226157e-01, -1.164525560528221e+01
s109        , -1.765266017099491e+01, -1.858096700048808e+01,  0.000000000000000e+00, -8.395808170339869e+00
s110        , -2.222643790681205e+01, -2.158590941999551e+01,  1.550604791215720e-01, -1.161385031767859e+01
s111        , -2.198367498730207e+01, -2.166252019542637e+01,  2.049924729155735e-01, -1.141824987883369e+01
s112        , -2.341727175416096e+01, -2.340411386431098e+01,  4.219582829035992e-01, -1.251587508389594e+01
s113        , -2.064750776227555e+01, -1.999131981539817e+01,  5.966767116142851e-02, -9.985337841305601e+00
s114        , -2.335281852671257e+01, -2.340530302144125e+01,  2.924105724131015e-01, -1.329979736033619e+01
s115        , -2.467653405274963e+01, -2.480235768085578e+01,  1.896030084945082e-01, -1.585205434552549e+01
s116        , -2.119630992652875e+01, -2.159517531030040e+01,  4.575154366552645e-01, -9.800276027031581e+00
s117        , -1.681518237222159e+01, -1.726579182727155e+01,  0.000000000000000e+00, -6.577557826583433e+00
s118        , -1.725426000439147e+01, -1.750054599811153e+01,  0.000000000000000e+00, -6.902109156718510e+00
s119        , -2.026224064054247e+01, -2.057650023058084e+01,  1.876575024263120e-01, -1.002148801944863e+01
s120        , -2.061376236446881e+01, -2.009705467924902e+01,  7.696638708340807e-02, -1.002705906870995e+01
s121        , -2.090204853596659e+01, -2.098187544160513e+01,  1.044536485262900e-01, -1.108435491539053e+01
s122        , -1.679179791839329e+01, -1.744708261499267e+01,  0.000000000000000e+00, -6.828195189428131e+00
s123        , -1.729435756680531e+01, -1.749855787147063e+01,  0.000000000000000e+00, -6.899360540395857e+00
s124        , -1.927065840811719e+01, -1.956472101836867e+01,  1.259700263920746e-01, -8.995189277733374e+00
s125        , -2.074667074869674e+01, -2.071648122765898e+01,  0.000000000000000e+00, -1.134819014707216e+01
s126        , -1.981090987888966e+01, -1.931623646259630e+01,  0.000000000000000e+00, -9.412329755796971e+00
s127        , -1.791042209268825e+01, -1.763821544391391e+01,  0.000000000000000e+00, -7.092439328890732e+00
s128        , -2.199486439730610e+01, -2.209281764980506e+01,  2.602192759902249e-01, -1.167965394589618e+01
s129        , -1.847106084369403e+01, -1.817772697717890e+01,  0.000000000000000e+00, -7.838322501563826e+00
s130        , -2.183307419908922e+01, -2.167995397522292e+01,  5.065462866366864e-01, -9.621409411266500e+00
s131        , -1.937195493711046e+01, -1.938848871552335e+01,  0.000000000000000e+00, -9.512219630847216e+00
s132        , -1.756898825137140e+01, -1.785410270965009e+01,  0.000000000000000e+00, -7.390906866243507e+00
s133        , -1.952720456066259e+01, -1.928892592993275e+01,  0.000000000000000e+00, -9.374572515229367e+00
s134        , -1.792604080418195e+01, -1.823125858103670e+01,  0.000000000000000e+00, -7.912330785097817e+00
s135        , -2.163690184151209e+01, -2.185387939699318e+01,  1.810313174136668e-01, -1.182749723303022e+01
s136        , -2.266590946104735e+01, -2.225135132467456e+01,  1.352081288741473e-01, -1.265371329868170e+01
s137        , -1.871948299194560e+01, -1.822259809887201e+01,  2.345350421570304e-02, -7.758732750946121e+00
s138        , -2.098569970792443e+01, -2.086737832264000e+01,  1.653366207714363e-01, -1.055841695428631e+01
s139        , -1.946420871832499e+01, -1.948321536819529e+01,  0.000000000000000e+00, -9.643180716709569e+00
s140        , -1.890485827097119e+01, -1.953263016758335e+01,  0.000000000000000e+00, -9.711497453372299e+00
s141        , -2.048387804329865e+01, -2.105821758062568e+01,  1.267949261663817e-01, -1.105499055870410e+01
s142        , -1.712146112463541e+01, -1.738318557965003e+01,  0.000000000000000e+00, -6.739856533982985e+00
s143        , -2.146398341435241e+01, -2.192225929939512e+01,  3.133623490119932e-01, -1.112294809560283e+01
s144        , -2.296743054539722e+01, -2.257736364359211e+01,  4.515919509453105e-01, -1.119393600157142e+01
s145        , -2.169591974109321e+01, -2.156244648406382e+01,  7.545451456710031e-02, -1.206211575968780e+01
s146        , -2.268369172314783e+01, -2.265939055755372e+01,  2.575650108398851e-01, -1.247897776426215e+01
s147        , -2.121406114253308e+01, -2.142511249203942e+01,  1.023685736116527e-01, -1.170972789834563e+01
s148        , -2.139826235530006e+01, -2.095429540863298e+01,  1.543190643261423e-01, -1.074511108014246e+01
s149        , -1.818204101397333e+01, -1.820298619623046e+01,  0.000000000000000e+00, -7.873243768828312e+00
s150        , -2.236615053154114e+01, -2.197765377731083e+01,  2.847015521364587e-01, -1.137260102677981e+01
s151        , -2.007280490017163e+01, -1.965254920681534e+01,  0.000000000000000e+00, -9.877287409529432e+00
s152        , -2.043501428229088e+01, -2.038644029346101e+01,  0.000000000000000e+00, -1.089190336924962e+01
s153        , -2.294208833005412e+01, -2.292862882416087e+01,  3.286467400983443e-01, -1.242197446328608e+01
s154        , -1.941555486932839e+01, -1.964303838839468e+01,  0.000000000000000e+00, -9.864138553608985e+00
s155        , -2.030625886040805e+01, -2.092295350430251e+01,  0.000000000000000e+00, -1.163364131405632e+01
s156        , -1.755225478861601e+01, -1.749948544109221e+01,  0.000000000000000e+00, -6.900642919973609e+00
s157        , -1.981494689568535e+01, -1.901320610016229e+01,  0.000000000000000e+00, -8.993385517884741e+00
s158        , -2.120666701656112e+01, -2.103918297887598e+01,  1.117215547428677e-01, -1.111969598776474e+01
s159        , -2.199339551508707e+01, -2.183676626795786e+01,  2.281831412962911e-01, -1.151911017387302e+01
s160        , -1.822712376873660e+01, -1.820235847370235e+01,  0.000000000000000e+00, -7.872375932569105e+00
s161        , -1.850131544535105e+01, -1.926947064498300e+01,  0.000000000000000e+00, -9.347675278064180e+00
s162        , -2.165239460618542e+01, -2.161336878426136e+01,  2.432783124970402e-01, -1.111910693838779e+01
s163        , -2.054863013411503e+01, -2.035061257538451e+01,  0.000000000000000e+00, -1.084237098600878e+01
s164        , -2.244259094688993e+01, -2.277650920617085e+01,  1.396159587884116e-01, -1.335313549164413e+01
s165        , -2.169401378729562e+01, -2.133712674097568e+01,  3.075968033738455e-01, -1.034880858184045e+01
s166        , -1.893544650248816e+01, -1.871141574801699e+01,  0.000000000000000e+00, -8.576155613682293e+00
s167        , -1.990371422830687e+01, -2.017240274737839e+01,  0.000000000000000e+00, -1.059599309838456e+01
s168        , -2.358382467591309e+01, -2.385415502750615e+01,  1.196272115479200e-01, -1.496370050270846e+01
s169        , -2.234616115486217e+01, -2.288277858060353e+01,  1.290719447079356e-01, -1.356372495872482e+01
s170        , -1.980105726485419e+01, -1.997374874552503e+01,  5.027598946639843e-02, -1.001775754986136e+01
s171        , -2.225344967355102e+01, -2.236387884278398e+01,  3.104929949143050e-01, -1.175082074612358e+01
s172        , -2.076076397080535e+01, -2.052723056683036e+01,  0.000000000000000e+00, -1.108654813457416e+01
s173        , -2.167162181633835e+01, -2.130984089779244e+01,  1.001941922303719e-01, -1.156349318370312e+01
s174        , -2.217746151284670e+01, -2.212658736552184e+01,  1.688906059995577e-01, -1.227783238293809e+01
s175        , -1.912249737452136e+01, -1.928607124385890e+01,  3.564793071468678e-02, -9.155364626983710e+00
s176        , -2.262880123350610e+01, -2.229136367883887e+01,  1.608294142226039e-01, -1.255431600563668e+01
s177        , -1.998504477748202e+01, -2.047700777642188e+01,  2.345689490599690e-01, -9.600661774970481e+00
s178        , -1.778030448780716e+01, -1.863418104383858e+01,  0.000000000000000e+00, -8.469377421482340e+00
s179        , -2.322340610724453e+01, -2.409881170598649e+01,  4.523906492931996e-01, -1.329253888891750e+01
s180        , -1.682543251402466e+01, -1.702340635110635e+01,  0.000000000000000e+00, -6.242456096917204e+00
s181        , -1.586682207916231e+01, -1.632761417461582e+01,  0.000000000000000e+00, -5.280512479176290e+00
s182        , -2.348293513803748e+01, -2.325173976764266e+01,  1.749870204330861e-01, -1.379655985408540e+01
s183        , -2.155098810628208e+01, -2.118689234283644e+01,  2.784526205227413e-02, -1.183039634562246e+01
s184        , -2.324937775466465e+01, -2.328897631724944e+01,  2.526661446567910e-01, -1.337897194017659e+01
s185        , -2.378592453308165e+01, -2.398361256210989e+01,  2.624689814286155e-01, -1.428012270161551e+01
s186        , -2.071202883303041e+01, -2.093498271642823e+01,  1.222923263687584e-01, -1.091180552417102e+01
s187        , -2.027503475690737e+01, -2.012172382235423e+01,  0.000000000000000e+00, -1.052592868816534e+01
s188        , -2.214013663755619e+01, -2.210532890796553e+01,  1.117610126734118e-01, -1.259342122019379e+01
s189        , -2.074030596943589e+01, -2.078148884096288e+01,  1.751472291250034e-01, -1.038043170457323e+01
s190        , -1.914542963593283e+01, -1.911300251619358e+01,  0.000000000000000e+00, -9.131355631258135e+00
s191        , -1.679323473828856e+01, -1.686367655689450e+01,  0.000000000000000e+00, -6.021627146410525e+00
s192        , -1.690928184419942e+01, -1.734086164388637e+01,  0.000000000000000e+00, -6.681343027707474e+00
s193        , -2.273712334380998e+01, -2.294113702880974e+01,  2.097178355165042e-01, -1.315742348079495e+01
s194        , -2.090019731082972e+01, -2.129175758916307e+01,  1.427641489817293e-01, -1.128143259624100e+01
s195        , -1.910778599576077e+01, -1.922832577576999e+01,  0.000000000000000e+00, -9.290791849822904e+00
s196        , -1.918378235513936e+01, -1.896027291426280e+01,  0.000000000000000e+00, -8.920204556581709e+00
s197        , -2.010118773573690e+01, -2.028201813721860e+01,  1.262432150402133e-02, -1.067130570333957e+01
s198        , -2.040069724820686e+01, -2.035020812569273e+01,  1.943017002525413e-01, -9.668514414317436e+00
s199        , -2.033728659050214e+01, -1.999732345411077e+01,  2.026898432779060e-01, -9.129993724151662e+00
s200        , -1.788348829912646e+01, -1.797631196262669e+01,  0.000000000000000e+00, -7.559863078891178e+00
s201        , -1.891783601993355e+01, -1.944276684659483e+01,  0.000000000000000e+00, -9.587259999985116e+00
s202        , -2.174492495952721e+01, -2.174710190970027e+01,  1.514826712044956e-01, -1.185830618226519e+01
s203        , -2.185008698942601e+01, -2.166832916809180e+01,  0.000000000000000e+00, -1.266413488214730e+01
s204        , -2.086349108831322e+01, -2.084579495809826e+01,  3.583788342521328e-02, -1.131056013567112e+01
s205        , -2.088054945703831e+01, -2.151316011482799e+01,  2.933430449988262e-01, -1.067824929126742e+01
s206        , -2.114956534802060e+01, -2.181823865937881e+01,  3.125415775693053e-01, -1.098409418241265e+01
s207        , -1.936064601068155e+01, -1.944088270853069e+01,  1.024100776735889e-01, -8.966248418586986e+00
s208        , -2.173553987268506e+01, -2.139016102472321e+01,  0.000000000000000e+00, -1.227956305278023e+01
s209        , -1.958079034508013e+01, -1.969290690824573e+01,  0.000000000000000e+00, -9.933082565941604e+00
s210        , -2.077095411669474e+01, -2.128291173323670e+01,  1.589363101160162e-01, -1.117154691735402e+01
s211        , -2.106003856984427e+01, -2.068075701724302e+01,  3.898094924190492e-02, -1.106341307937415e+01
s212        , -1.921431398034701e+01, -1.879685187006378e+01,  0.000000000000000e+00, -8.694272394963125e+00
s213        , -1.891211086691480e+01, -1.844717545276221e+01,  0.000000000000000e+00, -8.210839253196074e+00
s214        , -1.797391097043976e+01, -1.793110333444007e+01,  0.000000000000000e+00, -7.497361440010607e+00
s215        , -2.046416066581664e+01, -2.056555824942277e+01,  0.000000000000000e+00, -1.113953675804293e+01
s216        , -2.054695205981560e+01, -2.000794695476381e+01,  1.340688124863397e-01, -9.559051304904129e+00
s217        , -2.064527960557822e+01, -2.029237891886648e+01,  0.000000000000000e+00, -1.076186204078353e+01
s218        , -2.267569057486860e+01, -2.267978795214372e+01,  1.973657354270744e-01, -1.287069285119196e+01
s219        , -1.969996813819463e+01, -2.033030015869581e+01,  4.529995913682618e-02, -1.054074340953632e+01
s220        , -2.056541179285701e+01, -2.142770945658619e+01,  2.663096478587669e-01, -1.072335449989922e+01
s221        , -2.147236245537334e+01, -2.140639678380176e+01,  0.000000000000000e+00, -1.230200924483655e+01
s222        , -1.817717386569833e+01, -1.823570417056788e+01,  0.000000000000000e+00, -7.918476882483075e+00
s223        , -2.049263974761081e+01, -2.032259873546535e+01,  0.000000000000000e+00, -1.080364141210847e+01
s224        , -2.147370851727396e+01, -2.142638906229157e+01,  1.786736404777707e-01, -1.125072203990449e+01
s225        , -2.297636192643720e+01, -2.295464255780144e+01,  3.685175918481144e-01, -1.221717736689552e+01
s226        , -2.349615644619751e+01, -2.309777457593086e+01,  3.400530799765649e-01, -1.258694355247324e+01
s227        , -1.994214785348108e+01, -2.026261374778106e+01,  1.279422059428482e-01, -9.948127869723004e+00
s228        , -1.935600154849446e+01, -1.970012303604553e+01,  0.000000000000000e+00, -9.943058976019731e+00
s229        , -1.931982821700711e+01, -1.970074132296060e+01,  2.237396859689410e-02, -9.808807798413323e+00
s230        , -1.663964761443124e+01, -1.706755181546820e+01,  0.000000000000000e+00, -6.303487895103385e+00
s231        , -1.912412961575534e+01, -1.917301765554334e+01,  0.000000000000000e+00, -9.214327504492635e+00
s232        , -2.205202611453251e+01, -2.181346118723976e+01,  1.282718949075684e-01, -1.209020798692846e+01
s233        , -2.108987100746543e+01, -2.107085990256569e+01,  3.191155619207420e-01, -9.911134079042505e+00
s234        , -2.119865480781422e+01, -2.105448301837533e+01,  2.033773541226916e-01, -1.058738187647315e+01
s235        , -1.634470488909293e+01, -1.614599468848670e+01,  0.000000000000000e+00, -5.029420685617342e+00
s236        , -2.035495556536669e+01, -2.113218180745380e+01,  0.000000000000000e+00, -1.192290273099593e+01
s237        , -2.057488800817375e+01, -2.039124767145033e+01,  2.224591327105216e-01, -9.555222619366910e+00
s238        , -2.181497599002021e+01, -2.158895147253401e+01,  3.994746833596283e-01, -1.014215253281246e+01
s239        , -1.938605784207409e+01, -1.895060557684121e+01,  0.000000000000000e+00, -8.906839310682924e+00
s240        , -1.879589433372550e+01, -1.840345067409022e+01,  0.000000000000000e+00, -8.150389059586818e+00
s241        , -1.732119998261703e+01, -1.705450277951636e+01,  0.000000000000000e+00, -6.285447397846196e+00
s242        , -2.017650413285683e+01, -2.015008878386583e+01,  0.000000000000000e+00, -1.056514369318476e+01
s243        , -1.996072124442394e+01, -1.994571286619574e+01,  0.000000000000000e+00, -1.028259077542375e+01
s244        , -2.121993688931675e+01, -2.092839516218801e+01,  1.639942961318525e-01, -1.065087936669458e+01
s245        , -2.152256201120388e+01, -2.158172168786569e+01,  7.176049116297312e-02, -1.211107051757640e+01
s246        , -1.806013829922115e+01, -1.795151929670773e+01,  0.000000000000000e+00, -7.525586828663973e+00
s247        , -1.662499542985015e+01, -1.679230055549032e+01,  0.000000000000000e+00, -5.922948702860152e+00
s248        , -2.087245838906029e+01, -2.067286848841744e+01,  1.770849693125060e-01, -1.021856125039917e+01
s249        , -2.031192930505803e+01, -1.986094764520200e+01,  6.873437790292408e-02, -9.750346650850247e+00
s250        , -1.829082894515480e+01, -1.810074341797479e+01,  0.000000000000000e+00, -7.731891521237360e+00
s251        , -2.316191337748571e+01, -2.355062588145380e+01,  3.666621537308922e-01, -1.305233780324621e+01
s252        , -1.836403387539604e+01, -1.842614468245056e+01,  0.000000000000000e+00, -8.181763882760741e+00
s253        , -1.948978591890307e+01, -1.990309621356916e+01,  0.000000000000000e+00, -1.022367258348547e+01
s254        , -1.974328758235917e+01, -2.013367239867630e+01,  3.095714448551533e-02, -1.035551201470180e+01
s255        , -2.045692599174058e+01, -2.012849508032583e+01,  0.000000000000000e+00, -1.053529005871525e+01
s256        , -1.776850461240055e+01, -1.761768381071736e+01,  0.000000000000000e+00, -7.064054023360507e+00
s257        , -2.163660994039700e+01, -2.148588181650815e+01,  8.593837434805077e-02, -1.189295676042706e+01
s258        , -1.860059101905129e+01, -1.871974449973817e+01,  0.000000000000000e+00, -8.587670243815605e+00
s259        , -2.094542362420654e+01, -2.081587098354190e+01,  0.000000000000000e+00, -1.148559804640012e+01
s260        , -1.742875942837962e+01, -1.744123045817835e+01,  0.000000000000000e+00, -6.820104490670993e+00
s261        , -2.065616574581777e+01, -2.035098954698896e+01,  0.000000000000000e+00, -1.084289215517570e+01
s262        , -2.014040040752147e+01, -1.938273911075164e+01,  1.406455285019628e-01, -8.654977913039405e+00
s263        , -1.686996628366655e+01, -1.689054221059516e+01,  0.000000000000000e+00, -6.058769334821067e+00
s264        , -2.074271161967796e+01, -2.000000986226926e+01,  1.653275119934922e-01, -9.359321431580243e+00
s265        , -2.059536695716665e+01, -2.041018351502353e+01,  1.883094417581496e-01, -9.787615788885327e+00
s266        , -2.198651133619990e+01, -2.182418114973661e+01,  2.802572185339098e-01, -1.118725996682219e+01
s267        , -1.899333543245141e+01, -1.885555180181471e+01,  0.000000000000000e+00, -8.775425973024955e+00
s268        , -1.857298059991068e+01, -1.803651998445312e+01,  0.000000000000000e+00, -7.643101615180655e+00
s269        , -2.106917022960664e+01, -2.089985660776651e+01,  0.000000000000000e+00, -1.160170949164854e+01
s270        , -1.920756052964929e+01, -1.940827610320468e+01,  0.000000000000000e+00, -9.539576005257498e+00
s271        , -1.965184309682283e+01, -1.991244174694828e+01,  0.000000000000000e+00, -1.023659293023867e+01
s272        , -2.112049940018463e+01, -2.052699119904370e+01,  0.000000000000000e+00, -1.108621720484766e+01
s273        , -1.945398506004425e+01, -1.921933214135545e+01,  9.953181186257561e-02, -8.677331783819763e+00
s274        , -2.135203005648119e+01, -2.161578132218887e+01,  2.378813762807826e-01, -1.115503189255459e+01
s275        , -2.088724638081418e+01, -2.077440324235348e+01,  1.234259898243222e-01, -1.068295621263695e+01
s276        , -1.839432489855567e+01, -1.874002655678851e+01,  0.000000000000000e+00, -8.615710506401825e+00
s277        , -2.199306195501885e+01, -2.052739331249559e+01,  5.096046381403415e-01, -8.009508224213144e+00
s278        , -2.276883612887764e+01, -2.275742010305455e+01,  1.162666188594623e-01, -1.346774028850329e+01
s279        , -2.262380984036664e+01, -2.278782515004943e+01,  1.209279942436881e-01, -1.348162787024724e+01
s280        , -1.620731240668889e+01, -1.691457748727919e+01,  0.000000000000000e+00, -6.091998482529299e+00
s281        , -2.072632910940930e+01, -2.003473944507275e+01,  3.379643056078986e-01, -8.364862486184286e+00
s282        , -1.840721485531197e+01, -1.875091293248881e+01,  1.609425246688213e-01, -7.658904192566862e+00
s283        , -1.945843055355910e+01, -1.987531021483488e+01,  0.000000000000000e+00, -1.018525800360357e+01
s284        , -2.290375248734285e+01, -2.350381276097978e+01,  1.146695108448008e-01, -1.450928405793766e+01
s285        , -2.162506652538119e+01, -2.112129823501687e+01,  1.313195899296278e-01, -1.111487821890570e+01
s286        , -2.308167299949378e+01, -2.369136057812358e+01,  1.554199204552313e-01, -1.452249913034876e+01
s287        , -1.888746545864790e+01, -1.828627797171893e+01,  0.000000000000000e+00, -7.988395957295809e+00
s288        , -2.031934863671701e+01, -2.051340136504659e+01,  0.000000000000000e+00, -1.106742904579474e+01
s289        , -2.410980627565496e+01, -2.460089270721115e+01,  2.545617676117836e-01, -1.518127018130313e+01
s290        , -2.087284446952964e+01, -2.071227005636912e+01,  0.000000000000000e+00, -1.134236813658919e+01
s291        , -2.204275686911580e+01, -2.168210375129958e+01,  5.841273571837884e-01, -9.155905582050643e+00
s292        , -1.820983264392220e+01, -1.818433294677030e+01,  1.081640428901813e-01, -7.194303113102764e+00
s293        , -1.668568749246811e+01, -1.687832833124322e+01,  0.000000000000000e+00, -6.041883454686982e+00
s294        , -2.280852590517532e+01, -2.361920925148754e+01,  2.914795822845140e-01, -1.360114790021668e+01
s295        , -1.673628435422914e+01, -1.706518776489371e+01,  0.000000000000000e+00, -6.300219558035243e+00
s296        , -2.103716924286631e+01, -2.050716941631894e+01,  2.838913063036262e-01, -9.344525987350860e+00
s297        , -2.124288787488653e+01, -2.076171326132791e+01,  9.110008131720641e-02, -1.086061321046221e+01
s298        , -2.177880180045448e+01, -2.156006306371320e+01,  2.410631255799612e-01, -1.105878742348466e+01
s299        , -1.893486515270964e+01, -1.898988815473348e+01,  0.000000000000000e+00, -8.961148091909056e+00
s300        , -1.774017522269403e+01, -1.741659592018047e+01,  0.000000000000000e+00, -6.786046854779505e+00
s301        , -2.283171483494903e+01, -2.299928186495213e+01,  2.337758602281247e-01, -1.309253443144933e+01
s302        , -1.721456897049112e+01, -1.750797737853244e+01,  0.000000000000000e+00, -6.912383156927823e+00
s303        , -2.130552121943375e+01, -2.095204044802578e+01,  3.922378030490787e-01, -9.305313180402747e+00
s304        , -2.313677054561944e+01, -2.308908569008300e+01,  1.312642291672377e-01, -1.383570959537233e+01
s305        , -1.858159986173835e+01, -1.883966615700468e+01,  0.000000000000000e+00, -8.753463819446594e+00
s306        , -2.163460095493751e+01, -2.148858584570823e+01,  5.212862774058171e-02, -1.210085642603838e+01
s307        , -1.987289536762319e+01, -2.024052568984845e+01,  0.000000000000000e+00, -1.069017413683965e+01
s308        , -2.028550026196297e+01, -1.990059132981926e+01,  4.740031824864405e-01, -7.357925232196011e+00
s309        , -2.129242792516701e+01, -2.137533054576775e+01,  8.924858089845771e-02, -1.172012909677737e+01
s310        , -1.894855963686166e+01, -1.911870017221580e+01,  0.000000000000000e+00, -9.139232730242345e+00
s311        , -2.010039836844276e+01, -2.027697458058412e+01,  0.000000000000000e+00, -1.074056530104297e+01
s312        , -1.830057188159682e+01, -1.865779216422008e+01,  0.000000000000000e+00, -8.502020166437099e+00
s313        , -1.990312271450173e+01, -1.913060012815133e+01,  0.000000000000000e+00, -9.155684606320222e+00
s314        , -1.980645538479249e+01, -1.949714422916007e+01,  0.000000000000000e+00, -9.662437585872796e+00
s315        , -1.914671781515828e+01, -1.967536455583841e+01,  1.346910715364117e-01, -9.095493379759189e+00
s316        , -2.257620253811652e+01, -2.230756708952533e+01,  2.577905963456159e-01, -1.199121408539118e+01
s317        , -1.647333233405121e+01, -1.638331514276872e+01,  0.000000000000000e+00, -5.357519942937840e+00
s318        , -2.027102701488289e+01, -1.959509497719929e+01,  0.000000000000000e+00, -9.797856034244148e+00
s319        , -1.996146248057647e+01, -1.962236156962124e+01,  9.244331710914927e-02, -9.277330417866315e+00
s320        , -2.548773082504399e+01, -2.550922538155063e+01,  3.515080727250744e-01, -1.585164082238815e+01
s321        , -1.727661852750149e+01, -1.783714691821293e+01,  0.000000000000000e+00, -7.367465218136751e+00
s322        , -2.011073789818953e+01, -2.041302471350796e+01,  6.764905244742539e-02, -1.052015564778396e+01
s323        , -2.178223238748198e+01, -2.138504267194573e+01,  8.904040861059906e-02, -1.173481331926348e+01
s324        , -1.879130547869734e+01, -1.900183434857298e+01,  0.000000000000000e+00, -8.977663892615766e+00
s325        , -2.032679436678044e+01, -1.983210301299310e+01,  0.000000000000000e+00, -1.012552336809534e+01
s326        , -2.071891083121713e+01, -2.059618014087019e+01,  3.222266807409995e-01, -9.236095252716183e+00
s327        , -1.834375983430116e+01, -1.919714183340501e+01,  0.000000000000000e+00, -9.247679559475962e+00
s328        , -2.099505369246730e+01, -2.104990948950864e+01,  2.235894624416380e-01, -1.045900739864865e+01
s329        , -2.140321290954873e+01, -2.116235354206611e+01,  3.611926743544717e-01, -9.783541401416505e+00
s330        , -2.114112529442132e+01, -2.184004233442020e+01,  2.876464748282960e-01, -1.116456802888794e+01
s331        , -1.934637322166436e+01, -1.979410406180202e+01,  6.522519104267761e-02, -9.679124690408152e+00
s332        , -1.962462779654497e+01, -2.003114427507736e+01,  6.492394237672290e-02, -1.000865561043014e+01
s333        , -2.293624249800790e+01, -2.323050778643279e+01,  2.371535217223541e-01, -1.339181177779532e+01
s334        , -1.807355423930957e+01, -1.815637737730828e+01,  0.000000000000000e+00, -7.808806344253102e+00
s335        , -1.850164643907080e+01, -1.856953651838341e+01,  0.000000000000000e+00, -8.380005349210510e+00
s336        , -2.151296308555482e+01, -2.113394939068223e+01,  8.451766334107451e-02, -1.141498366307360e+01
s337        , -1.775953587894473e+01, -1.657725187408966e+01,  1.741382808502984e-01, -4.574100600512814e+00
s338        , -2.118082550420247e+01, -2.123750503449310e+01,  1.537384716004337e-01, -1.114015876716206e+01
s339        , -1.761381998690202e+01, -1.865107110073373e+01,  0.000000000000000e+00, -8.492728190551809e+00
s340        , -1.906967392812366e+01, -1.890875401845466e+01,  0.000000000000000e+00, -8.848978873554245e+00
s341        , -2.371082699534004e+01, -2.370345763806149e+01,  1.711376790394160e-01, -1.444431128696910e+01
s342        , -1.901967676945428e+01, -1.937968418935548e+01,  1.418254996204004e-02, -9.414405425612941e+00
s343        , -1.943128604912865e+01, -1.843345364891624e+01,  0.000000000000000e+00, -8.191868643753322e+00
s344        , -2.171448714042025e+01, -2.202889862972609e+01,  1.494679772759034e-01, -1.226006037356857e+01
s345        , -1.896311499883081e+01, -1.858736689770457e+01,  0.000000000000000e+00, -8.404656128810240e+00
s346        , -2.211462969107367e+01, -2.198042316572942e+01,  2.674957339463226e-01, -1.148032766707615e+01
s347        , -1.640817037109120e+01, -1.688801092628084e+01,  0.000000000000000e+00, -6.055269794479683e+00
s348        , -2.058778590237884e+01, -2.047676942503750e+01,  5.059989925979815e-02, -1.071123560351656e+01
s349        , -1.918353701640313e+01, -1.909410674430198e+01,  0.000000000000000e+00, -9.105231929688088e+00
s350        , -2.047073332015930e+01, -2.061598259465717e+01,  4.873366006913637e-02, -1.091496934683717e+01
s351        , -2.167714580870165e+01, -2.195572541978282e+01,  1.479061936595220e-01, -1.216832814436241e+01
s352        , -2.086238589025425e+01, -2.079136280149857e+01,  0.000000000000000e+00, -1.145171509960138e+01
s353        , -1.920058764071421e+01, -1.954909507564393e+01,  0.000000000000000e+00, -9.734260447497148e+00
s354        , -2.053223705409261e+01, -2.102899870977846e+01,  3.321779479696144e-01, -9.774382660571350e+00
s355        , -1.704257081119439e+01, -1.761259723124191e+01,  0.000000000000000e+00, -7.057021747304721e+00
s356        , -2.127143545968418e+01, -2.104537652535760e+01,  1.974890159738042e-01, -1.061034893660061e+01
s357        , -1.906625211198675e+01, -1.942277434951940e+01,  2.875911761861896e-02, -9.385957150484661e+00
s358        , -2.032987192881253e+01, -1.976448150455314e+01,  0.000000000000000e+00, -1.003203557006644e+01
s359        , -2.136102912880764e+01, -2.114856666884788e+01,  1.064011601100528e-01, -1.130304804163726e+01
s360        , -1.881386071055488e+01, -1.835374964475644e+01,  0.000000000000000e+00, -8.081676605526283e+00
s361        , -2.182643688719446e+01, -2.144596413495377e+01,  3.152475454480785e-01, -1.045307872353341e+01
s362        , -2.091897008712596e+01, -2.099315516802183e+01,  0.000000000000000e+00, -1.173069621730374e+01
s363        , -1.798497754334610e+01, -1.837215226170719e+01,  0.000000000000000e+00, -8.107118512641119e+00
s364        , -1.789393844733154e+01, -1.776147201455934e+01,  0.000000000000000e+00, -7.262843474673211e+00
s365        , -2.184332997178521e+01, -2.138840773067797e+01,  3.211652932797180e-01, -1.033777156898292e+01
s366        , -2.293131491804218e+01, -2.281118446538604e+01,  2.385529386714523e-01, -1.280364027040446e+01
s367        , -2.320311495695380e+01, -2.296578981067399e+01,  3.320706739334589e-01, -1.245267457038366e+01
s368        , -1.944159222026194e+01, -1.981274467352008e+01,  0.000000000000000e+00, -1.009876015957514e+01
s369        , -2.221834550731525e+01, -2.248458591324530e+01,  2.069277124342535e-01, -1.254308264219913e+01
s370        , -1.739352775780219e+01, -1.821886803645563e+01,  0.000000000000000e+00, -7.895200662508322e+00
s371        , -2.131349702655302e+01, -2.061191095834432e+01,  0.000000000000000e+00, -1.120362010651773e+01
s372        , -2.230067528571091e+01, -2.164304714261053e+01,  1.140510174390015e-01, -1.194048114372791e+01
s373        , -1.609460498694387e+01, -1.640130273277128e+01,  0.000000000000000e+00, -5.382388068775041e+00
s374        , -1.846307154319872e+01, -1.888527930452627e+01,  1.387820206685738e-01, -7.978484769122481e+00
s375        , -2.092466765927065e+01, -2.083884097059321e+01,  0.000000000000000e+00, -1.151735441445107e+01
s376        , -2.335896110191541e+01, -2.401311205267519e+01,  2.028188743592945e-01, -1.468110540757560e+01
s377        , -2.209438728501526e+01, -2.273451809433722e+01,  3.015514396863758e-01, -1.231722922047063e+01
s378        , -2.111108779470583e+01, -2.127334324730793e+01,  0.000000000000000e+00, -1.211806063981822e+01
s379        , -1.875225846070942e+01, -1.827159009780118e+01,  0.000000000000000e+00, -7.968089740797904e+00
s380        , -1.834869608623442e+01, -1.824887659932141e+01,  0.000000000000000e+00, -7.936687972227598e+00
s381        , -2.068155326614140e+01, -2.005955014866973e+01,  0.000000000000000e+00, -1.043997260729365e+01
s382        , -1.804666933121612e+01, -1.819762855377399e+01,  0.000000000000000e+00, -7.865836743941755e+00
s383        , -2.062194236740874e+01, -2.103789930056720e+01,  8.688863031361084e-02, -1.126787573959012e+01
s384        , -1.800916137079852e+01, -1.830899089132857e+01,  0.000000000000000e+00, -8.019796925569061e+00
s385        , -2.216424509641620e+01, -2.199246909234699e+01,  2.076395971861591e-01, -1.185842466389456e+01
s386        , -2.182057698940036e+01, -2.162659829449326e+01,  8.171982660482346e-02, -1.211297334624301e+01
s387        , -1.799817167842237e+01, -1.771581748801595e+01,  0.000000000000000e+00, -7.199725374307519e+00
s388        , -2.351217009702901e+01, -2.389135735295907e+01,  1.717342825464905e-01, -1.470048298495602e+01
s389        , -2.149803565649794e+01, -2.179911003741074e+01,  2.111458116481245e-01, -1.156993033691638e+01
s390        , -2.025125341850577e+01, -1.986663316074804e+01,  0.000000000000000e+00, -1.017326183997648e+01
s391        , -1.925641978436478e+01, -1.906940160971850e+01,  0.000000000000000e+00, -9.071076692907653e+00
s392        , -1.954014294555121e+01, -2.012322308308003e+01,  8.645758283779711e-02, -1.000592439042425e+01
s393        , -2.007195889273447e+01, -2.010016288338877e+01,  0.000000000000000e+00, -1.049612035123500e+01
s394        , -1.933645012315517e+01, -1.905583873854436e+01,  0.000000000000000e+00, -9.052325810381189e+00
s395        , -2.191328817199827e+01, -2.162250805028923e+01,  4.844705095610614e-01, -9.675294846692424e+00
s396        , -1.985518647713905e+01, -1.956586615345355e+01,  3.715230389793233e-01, -7.513992241799446e+00
s397        , -1.859895904181181e+01, -1.878569730129154e+01,  0.000000000000000e+00, -8.678851028351575e+00
s398        , -2.089338265909714e+01, -2.082246236216434e+01,  1.031616351847528e-01, -1.087176569445924e+01
s399        , -1.650074457052408e+01, -1.681474743896103e+01,  0.000000000000000e+00, -5.953981871990807e+00
s400        , -1.659170957499870e+01, -1.715033884565355e+01,  0.000000000000000e+00, -6.417942265257699e+00
s401        , -1.654426837808786e+01, -1.699167324339805e+01,  0.000000000000000e+00, -6.198584576853476e+00
s402        , -1.877939202276407e+01, -1.859172979992205e+01,  0.000000000000000e+00, -8.410687909684963e+00
s403        , -2.106694758002669e+01, -2.070542172330547e+01,  8.677083168881462e-02, -1.080893159543747e+01
s404        , -2.165676773412189e+01, -2.165120857010650e+01,  1.719203951182796e-01, -1.160231824367332e+01
s405        , -2.212611753855641e+01, -2.198058211184268e+01,  2.009782756472319e-01, -1.188221534282300e+01
s406        , -1.885653015374473e+01, -1.873278966492522e+01,  0.000000000000000e+00, -8.605705389679638e+00
s407        , -1.790225292709843e+01, -1.797394334154575e+01,  0.000000000000000e+00, -7.556588423026051e+00
s408        , -1.653237145459570e+01, -1.705676005267225e+01,  0.000000000000000e+00, -6.288568113455224e+00
s409        , -1.984138826084547e+01, -2.000570311500188e+01,  0.000000000000000e+00, -1.036552823709056e+01
s410        , -1.632163885458830e+01, -1.698859220471229e+01,  0.000000000000000e+00, -6.194324992454697e+00
s411        , -1.826950002229553e+01, -1.833399055278856e+01,  0.000000000000000e+00, -8.054359350384486e+00
s412        , -2.254085603631221e+01, -2.241390014204903e+01,  0.000000000000000e+00, -1.369489846961456e+01
s413        , -1.907038707751166e+01, -1.938984441827938e+01,  0.000000000000000e+00, -9.514093911211067e+00
s414        , -1.996831080241482e+01, -1.977568277890429e+01,  0.000000000000000e+00, -1.004752150787476e+01
s415        , -2.069762370804266e+01, -2.008293371287314e+01,  0.000000000000000e+00, -1.047230075225635e+01
s416        , -1.735494379178349e+01, -1.801421109677675e+01,  0.000000000000000e+00, -7.612259227404149e+00
s417        , -1.714858900796163e+01, -1.703531196676882e+01,  0.000000000000000e+00, -6.258915797656517e+00
s418        , -2.014294405560549e+01, -1.990178821326810e+01,  0.000000000000000e+00, -1.022186425251522e+01
s419        , -1.771416578387462e+01, -1.791918905794810e+01,  0.000000000000000e+00, -7.480889765538407e+00
s420        , -2.335906844703241e+01, -2.327965503403676e+01,  1.829560967278861e-01, -1.378703161077715e+01
s421        , -2.045819521600993e+01, -2.040513338147866e+01,  2.986549392628614e-01, -9.114308866921718e+00
s422        , -1.913624718404630e+01, -1.904691562595132e+01,  0.000000000000000e+00, -9.039989467002691e+00
s423        , -2.001718266940652e+01, -2.008085780519672e+01,  0.000000000000000e+00, -1.046943077727270e+01
s424        , -2.199980092896302e+01, -2.199279207043507e+01,  3.737469009899735e-01, -1.085582659271243e+01
s425        , -1.799669141475633e+01, -1.841057817730285e+01,  0.000000000000000e+00, -8.160242944780531e+00
s426        , -2.179879403652462e+01, -2.119834627554878e+01,  1.241420135283632e-01, -1.126474038446328e+01
s427        , -1.855895626610580e+01, -1.901890754170746e+01,  0.000000000000000e+00, -9.001267850413912e+00
s428        , -2.201089453299450e+01, -2.219826608751060e+01,  7.253211251792625e-02, -1.295879337677244e+01
s429        , -2.010895188317044e+01, -2.024960234581873e+01,  1.074449670095640e-01, -1.005391267524017e+01
s430        , -2.197039083997888e+01, -2.189645145802898e+01,  3.939439194517714e-01, -1.060067380047296e+01
s431        , -2.053790779896415e+01, -2.024831507370162e+01,  0.000000000000000e+00, -1.070094308241977e+01
s432        , -2.056150222449639e+01, -2.000369581697156e+01,  2.966698123984859e-01, -8.571302381730369e+00
s433        , -1.961788415450921e+01, -1.984856587446888e+01,  8.598964901206749e-02, -9.629032117823819e+00
s434        , -2.169585176655818e+01, -2.136789932260804e+01,  1.581413342494385e-01, -1.129384408392299e+01
s435        , -1.969212203292086e+01, -1.973151777074991e+01,  0.000000000000000e+00, -9.986462690088308e+00
s436        , -1.841763911968392e+01, -1.806964686156704e+01,  0.000000000000000e+00, -7.688900043349476e+00
s437        , -2.085473352476042e+01, -2.023674716197902e+01,  1.023289565782655e-01, -1.006703338425531e+01
s438        , -2.075193174001312e+01, -2.086674869344338e+01,  8.807827671884184e-02, -1.102407361555771e+01
s439        , -1.747889033992054e+01, -1.740502543603471e+01,  0.000000000000000e+00, -6.770050478628342e+00
s440        , -2.292628299240021e+01, -2.298854854107818e+01,  1.237844188972493e-01, -1.374188249528256e+01
s441        , -1.928590410708185e+01, -1.886892113754122e+01,  0.000000000000000e+00, -8.793909289753831e+00
s442        , -2.265396374356312e+01, -2.230299425952477e+01,  4.963604718851015e-02, -1.324184038811737e+01
s443        , -1.939450551490213e+01, -1.895204190724473e+01,  0.000000000000000e+00, -8.908825060036420e+00
s444        , -2.014197468633274e+01, -2.024270398562699e+01,  8.015244768924468e-02, -1.020918238838715e+01
s445        , -2.136890748153691e+01, -2.130595233952369e+01,  2.380188318478497e-02, -1.201941474252895e+01
s446        , -1.984877428373165e+01, -1.982592355392072e+01,  0.000000000000000e+00, -1.011698016882318e+01
s447        , -2.124129540469972e+01, -2.125499425835395e+01,  2.985163781261770e-01, -1.029009159012252e+01
s448        , -1.996883442559681e+01, -2.008599693515768e+01,  5.861172535708874e-02, -1.012260681172768e+01
s449        , -2.213132573342666e+01, -2.225085374910540e+01,  2.200303787071583e-01, -1.214082335725432e+01
s450        , -2.393776981346641e+01, -2.288437458262761e+01,  2.329637065784221e-01, -1.293857752535885e+01
s451        , -1.778758837631850e+01, -1.786187297581090e+01,  0.000000000000000e+00, -7.401649381313511e+00
s452        , -2.093231028730361e+01, -2.094940974168315e+01,  0.000000000000000e+00, -1.167021747797083e+01
s453        , -1.913112365245808e+01, -1.911260149562122e+01,  0.000000000000000e+00, -9.130801214015172e+00
s454        , -1.694745233262931e+01, -1.764604310204955e+01,  0.000000000000000e+00, -7.103261189267799e+00
s455        , -1.959305905778561e+01, -1.938090873377621e+01,  0.000000000000000e+00, -9.501740186969249e+00
s456        , -1.690137029519855e+01, -1.748233921632032e+01,  0.000000000000000e+00, -6.876937994789095e+00
s457        , -1.744399185749123e+01, -1.725957516895820e+01,  0.000000000000000e+00, -6.568963198776082e+00
s458        , -2.020627098912283e+01, -2.012697320919415e+01,  1.277929360280968e-01, -9.761504065106628e+00
s459        , -1.884232545378780e+01, -1.927261388695926e+01,  1.947566889918756e-01, -8.175975980903033e+00
s460        , -2.233016805188693e+01, -2.239000690010770e+01,  1.455432520785847e-01, -1.278299781821082e+01
s461        , -1.623645396367353e+01, -1.629907868335246e+01,  0.000000000000000e+00, -5.241061714095338e+00
s462        , -2.313545884021418e+01, -2.279038877565553e+01,  2.369994734569986e-01, -1.278427055500521e+01
s463        , -2.090493117250811e+01, -2.053389255132476e+01,  0.000000000000000e+00, -1.109575843282471e+01
s464        , -1.633431188033305e+01, -1.685515273195423e+01,  0.000000000000000e+00, -6.009842824486432e+00
s465        , -1.999082968954132e+01, -2.022752713781910e+01,  0.000000000000000e+00, -1.067220343439863e+01
s466        , -1.900684695054017e+01, -1.802653040776683e+01,  0.000000000000000e+00, -7.629290868434733e+00
s467        , -1.783078222536251e+01, -1.794335433132296e+01,  0.000000000000000e+00, -7.514298635714496e+00
s468        , -1.945030486126850e+01, -1.836369528183755e+01,  0.000000000000000e+00, -8.095426605077581e+00
s469        , -2.270314762369042e+01, -2.243799293226198e+01,  1.263980266792622e-01, -1.296494835528703e+01
s470        , -2.119907484802825e+01, -2.124549523106840e+01,  1.189522037941739e-01, -1.136126339864933e+01
s471        , -1.972012875359749e+01, -1.965670470528375e+01,  0.000000000000000e+00, -9.883032451461887e+00
s472        , -1.766462305551830e+01, -1.790303510915038e+01,  0.000000000000000e+00, -7.458556677480913e+00
s473        , -2.127822401317911e+01, -2.137881195200070e+01,  7.750242956162715e-02, -1.179587172923805e+01
s474        , -1.654177405306909e+01, -1.687858905445268e+01,  0.000000000000000e+00, -6.042243908621086e+00
s475        , -2.297159509003216e+01, -2.334432547139647e+01,  1.799376099892923e-01, -1.389466674131466e+01
s476        , -2.252587602064435e+01, -2.321760171105493e+01,  4.636904171028356e-01, -1.200601819195654e+01
s477        , -2.178946083596680e+01, -2.125467414988680e+01,  2.356372094324856e-01, -1.066934703007967e+01
s478        , -1.788602657411998e+01, -1.807734007376671e+01,  1.122745234443959e-01, -7.021562508499425e+00
s479        , -1.952938513246325e+01, -1.893069385339777e+01,  0.000000000000000e+00, -8.879311040127705e+00
s480        , -2.203955610850313e+01, -2.199590129911622e+01,  2.670174096956992e-01, -1.150461480693502e+01
s481        , -1.615402914764109e+01, -1.721144227901455e+01,  0.000000000000000e+00, -6.502418722064286e+00
s482        , -2.215324565636576e+01, -2.226317771983997e+01,  3.052490464852129e-01, -1.164326562185104e+01
s483        , -2.217560840271064e+01, -2.204135143586743e+01,  2.252815373972033e-01, -1.181947381703416e+01
s484        , -2.403070638423247e+01, -2.451901800118752e+01,  2.621835324464241e-01, -1.502205282792117e+01
s485        , -1.896886917982663e+01, -1.920661253855936e+01,  0.000000000000000e+00, -9.260772958175391e+00
s486        , -2.293847835350512e+01, -2.304705549554794e+01,  1.417662308132499e-01, -1.371418549747239e+01
s487        , -1.935879902533930e+01, -1.980390928046076e+01,  2.247745689236861e-01, -8.729236224150245e+00
s488        , -2.071941340396909e+01, -2.029552968549132e+01,  0.000000000000000e+00, -1.076621802515381e+01
s489        , -2.120929532988995e+01, -2.108190132274822e+01,  0.000000000000000e+00, -1.185338917077828e+01
s490        , -2.336106814107168e+01, -2.293036506477378e+01,  1.350540094094040e-01, -1.359339112007403e+01
s491        , -1.878377211600346e+01, -1.866949055812006e+01,  0.000000000000000e+00, -8.518193379833464e+00
s492        , -2.196689093989351e+01, -2.210367283052776e+01,  1.663497003429535e-01, -1.226149602330035e+01
s493        , -2.118321097196467e+01, -2.062161771855895e+01,  3.144949123377700e-01, -9.317951649600525e+00
s494        , -2.014379663919148e+01, -2.030055661649308e+01,  0.000000000000000e+00, -1.077316783625741e+01
s495        , -1.971897958689983e+01, -1.963287347315382e+01,  0.000000000000000e+00, -9.850085398556068e+00
s496        , -2.171934681583978e+01, -2.128782165068306e+01,  1.648320346968486e-01, -1.114273342233367e+01
s497        , -1.930074135275753e+01, -1.913210677050924e+01,  2.289148398179912e-02, -9.019536559851536e+00
s498        , -2.146882601091719e+01, -2.186403280365363e+01,  2.672806577904935e-01, -1.132071490720637e+01
s499        , -1.852368794388046e+01, -1.836432721763934e+01,  0.000000000000000e+00, -8.096300266253850e+00
s500        , -2.050589701281523e+01, -2.061348131409946e+01,  1.704696534100935e-01, -1.017640435835975e+01
s501        , -2.141899489528082e+01, -2.141694918911390e+01,  2.206040939358949e-01, -1.098447280012581e+01
s502        , -1.777920620854658e+01, -1.761912582090094e+01,  0.000000000000000e+00, -7.066047625099189e+00
s503        , -2.264989988763092e+01, -2.263798631398222e+01,  1.783917907197215e-01, -1.292747623885129e+01
s504        , -1.994570445298742e+01, -2.001768741434183e+01,  0.000000000000000e+00, -1.038209671925043e+01
s505        , -2.256898602446125e+01, -2.231153906628619e+01,  1.586582415460603e-01, -1.259531949574046e+01
s506        , -2.050664132584332e+01, -2.014391574838705e+01,  0.000000000000000e+00, -1.055660937463169e+01
s507        , -2.255451727781655e+01, -2.201086169872791e+01,  2.878048410007581e-01, -1.139977218480564e+01
s508        , -2.063695726234980e+01, -2.062305863499918e+01,  1.995163456034248e-02, -1.109855332200583e+01
s509        , -2.049565878814769e+01, -2.044000981396062e+01,  7.302593508167028e-02, -1.052499448487078e+01
s510        , -1.886667658587990e+01, -1.900379110617447e+01,  1.477559566901768e-01, -8.088139779869472e+00
s511        , -2.270091090950000e+01, -2.336753287334359e+01,  2.983041914904111e-01, -1.321199071817725e+01
s512        , -2.052865138648571e+01, -2.075013569122153e+01,  2.143892015968087e-02, -1.126525832454801e+01
s513        , -1.872228566034903e+01, -1.879832429626736e+01,  0.000000000000000e+00, -8.696308047327415e+00
s514        , -2.338235400416073e+01, -2.343168338412737e+01,  1.976331562264172e-01, -1.390858527168795e+01
s515        , -2.063189590001077e+01, -2.101969641914933e+01,  0.000000000000000e+00, -1.176738991405920e+01
s516        , -2.353360034901451e+01, -2.350295313509301e+01,  2.494996946857447e-01, -1.369391896894996e+01
s517        , -2.274108402549141e+01, -2.240501531396825e+01,  1.292746730648383e-01, -1.290198555291937e+01
s518        , -2.095244706423326e+01, -2.141329294337223e+01,  0.000000000000000e+00, -1.231154329380962e+01
s519        , -2.165153402286209e+01, -2.174833173832470e+01,  4.563276779055250e-01, -1.001918951702492e+01
s520        , -1.917430642162448e+01, -1.975776867605718e+01,  1.469670993491399e-01, -9.135289160141779e+00
s521        , -2.048146586988528e+01, -1.924662189015856e+01,  0.000000000000000e+00, -9.316086515471948e+00
s522        , -1.837039701152461e+01, -1.871191177488516e+01,  0.000000000000000e+00, -8.576841378622152e+00
s523        , -2.237538522976599e+01, -2.220903822312975e+01,  1.072103384606226e-01, -1.276428037883823e+01
s524        , -2.219430447580721e+01, -2.263249783754359e+01,  4.748378957213200e-01, -1.112978846434915e+01
s525        , -2.096151325596525e+01, -2.058555520242254e+01,  0.000000000000000e+00, -1.116718285979908e+01
s526        , -2.193172581512368e+01, -2.178118688022808e+01,  1.738750455260954e-01, -1.177021207705845e+01
s527        , -2.063376120076111e+01, -2.110343360129089e+01,  3.311905771907223e-01, -9.883252339734259e+00
s528        , -1.776721144005281e+01, -1.775446167003370e+01,  0.000000000000000e+00, -7.253151563205312e+00
s529        , -2.226349149791107e+01, -2.276740731163591e+01,  2.457677924724254e-01, -1.269955052780076e+01
s530        , -2.300566448791293e+01, -2.260670873608061e+01,  8.118851804207723e-02, -1.347119975807825e+01
s531        , -1.846679125419261e+01, -1.784149548843908e+01,  0.000000000000000e+00, -7.373477184808237e+00
s532        , -1.859817726729017e+01, -1.933608521146752e+01,  0.000000000000000e+00, -9.439770963016503e+00
s533        , -2.134099683522431e+01, -2.208466647114330e+01,  1.824054067825222e-01, -1.213826650434723e+01
s534        , -2.286936511308830e+01, -2.308740900939010e+01,  2.047808622179216e-01, -1.338945887335552e+01
s535        , -1.777040539985326e+01, -1.817531517064155e+01,  0.000000000000000e+00, -7.834988141126578e+00
s536        , -1.995222678224889e+01, -1.996824269505462e+01,  3.589424536733915e-02, -1.009698999857463e+01
s537        , -2.015268820600640e+01, -2.072204888407775e+01,  1.900745739252876e-01, -1.020811575176552e+01
s538        , -1.740140208992538e+01, -1.792288798249988e+01,  1.205814722639118e-02, -7.413190055448432e+00
s539        , -1.924950405987826e+01, -1.997352821536041e+01,  1.431376587101215e-02, -1.023461177156364e+01
s540        , -2.157643164881004e+01, -2.179894170046746e+01,  3.778990386186180e-01, -1.056275258601134e+01
s541        , -1.586673793577160e+01, -1.646700093202561e+01,  0.000000000000000e+00, -5.473216861631753e+00
s542        , -2.009907109345192e+01, -1.999555772929981e+01,  0.000000000000000e+00, -1.035150208193193e+01
s543        , -1.879069098033760e+01, -1.827522437223552e+01,  0.000000000000000e+00, -7.973114182312696e+00
s544        , -2.248614661420541e+01, -2.235612552119873e+01,  3.864229995165472e-01, -1.128159574653468e+01
s545        , -1.987972862262733e+01, -1.990831822952249e+01,  1.544957289900582e-01, -9.297964397868936e+00
s546        , -2.126472237694319e+01, -2.057344011241444e+01,  0.000000000000000e+00, -1.115043355748523e+01
s547        , -1.738356621674509e+01, -1.738364505179592e+01,  0.000000000000000e+00, -6.740491761444876e+00
s548        , -1.943625792183643e+01, -1.976676426237368e+01,  1.242122843359851e-01, -9.285131422578687e+00
s549        , -2.233202963006129e+01, -2.283603861539800e+01,  2.692157902891524e-01, -1.265284285284030e+01
s550        , -2.412763530103872e+01, -2.413447872841944e+01,  2.275469596733269e-01, -1.469957536125677e+01
s551        , -1.731823103856605e+01, -1.751801687938502e+01,  0.000000000000000e+00, -6.926262924618150e+00
s552        , -2.060923402045430e+01, -2.103348599528224e+01,  1.094420779852945e-01, -1.112558451621372e+01
s553        , -1.992869680942914e+01, -1.976348475703166e+01,  2.124533320538727e-02, -9.902366885102170e+00
s554        , -1.812921854031919e+01, -1.797276138387173e+01,  0.000000000000000e+00, -7.554954347968327e+00
s555        , -2.102602816640752e+01, -2.019524829559706e+01,  2.901119981213742e-01, -8.875726277657687e+00
s556        , -1.941820686683750e+01, -1.938074041861501e+01,  1.458080526656967e-01, -8.621040612319311e+00
s557        , -2.190718211184164e+01, -2.152505444662727e+01,  2.254788251408355e-01, -1.110449378753293e+01
s558        , -1.909304407213536e+01, -1.889322512716689e+01,  1.568970484133220e-02, -8.732767121966974e+00
s559        , -2.023025085829861e+01, -2.012662031901785e+01,  0.000000000000000e+00, -1.053269817174680e+01
s560        , -2.107002513254548e+01, -2.129417103617192e+01,  0.000000000000000e+00, -1.214685538521250e+01
s561        , -2.121559386756793e+01, -2.114672822713853e+01,  3.305430020152940e-01, -9.947018244986783e+00
s562        , -1.764234380631898e+01, -1.822381745530333e+01,  0.000000000000000e+00, -7.902043311840892e+00
s563        , -1.646928563220792e+01, -1.728239397113915e+01,  0.000000000000000e+00, -6.600510551368023e+00
s564        , -1.863449571719480e+01, -1.826106765932730e+01,  0.000000000000000e+00, -7.953542304257194e+00
s565        , -2.028655126138008e+01, -2.033084506720445e+01,  0.000000000000000e+00, -1.081504209532140e+01
s566        , -1.821002786093300e+01, -1.826303561565827e+01,  0.000000000000000e+00, -7.956263034809412e+00
s567        , -2.066943738863287e+01, -2.080740219901476e+01,  2.656863913021529e-02, -1.131345418930269e+01
s568        , -2.062629415098700e+01, -2.057207692594061e+01,  9.726866545280035e-03, -1.108981291689716e+01
s569        , -2.065075063553067e+01, -2.096793928517510e+01,  9.859454664995744e-02, -1.110046834573230e+01
s570        , -2.031634942577389e+01, -2.029939572053996e+01,  0.000000000000000e+00, -1.077156287935978e+01
s571        , -2.047206271335130e+01, -2.033240248458076e+01,  0.000000000000000e+00, -1.081719524931754e+01
s572        , -2.393038589894997e+01, -2.358343824976201e+01,  1.065008232067363e-01, -1.466869444505583e+01
s573        , -1.926109501090367e+01, -1.889692173230625e+01,  0.000000000000000e+00, -8.832620552020424e+00
s574        , -2.085894290369713e+01, -2.084276327930666e+01,  0.000000000000000e+00, -1.152277706788294e+01
s575        , -2.021973442813006e+01, -2.074938631938183e+01,  9.619142501511316e-02, -1.081282676774100e+01
s576        , -1.844714179521902e+01, -1.830281459534595e+01,  0.000000000000000e+00, -8.011258099318201e+00
s577        , -1.949977509463960e+01, -1.916017436176192e+01,  5.861050468268304e-02, -8.842649926630134e+00
s578        , -2.108198153892643e+01, -2.089778558010754e+01,  7.217263113062805e-02, -1.116302937997828e+01
s579        , -2.029210259566103e+01, -2.038814155048961e+01,  0.000000000000000e+00, -1.089425538382538e+01
s580        , -2.195204710511243e+01, -2.221364154090867e+01,  2.099880116452889e-01, -1.215001806911388e+01
s581        , -2.000078291173359e+01, -2.018877439985067e+01,  0.000000000000000e+00, -1.061862716519316e+01
s582        , -2.354247422413414e+01, -2.344087787896069e+01,  3.079418779570315e-01, -1.325519384405906e+01
s583        , -1.881717670098672e+01, -1.935561836937320e+01,  0.000000000000000e+00, -9.466775860766971e+00
s584        , -2.079214981383572e+01, -2.033374242089303e+01,  6.322721118551411e-03, -1.078086776619051e+01
s585        , -2.214462266832296e+01, -2.228630724801918e+01,  2.316610298081437e-01, -1.211960629508116e+01
s586        , -1.671124709479596e+01, -1.677716809564161e+01,  0.000000000000000e+00, -5.902027839326429e+00
s587        , -1.722924462132460e+01, -1.699878252898389e+01,  0.000000000000000e+00, -6.208413275891877e+00
s588        , -2.306180681354529e+01, -2.331772733255562e+01,  4.113009259858581e-01, -1.246079915782977e+01
s589        , -2.054966159202169e+01, -2.096955719467251e+01,  7.744142274350274e-02, -1.123043898790711e+01
s590        , -2.302597507766974e+01, -2.344029741605844e+01,  2.597407954068861e-01, -1.354545521841062e+01
s591        , -2.031576031139625e+01, -2.047807443099444e+01,  0.000000000000000e+00, -1.101858900433693e+01
s592        , -1.675983730084032e+01, -1.637922921363448e+01,  0.000000000000000e+00, -5.351871081703093e+00
s593        , -1.833051427645905e+01, -1.885675383808734e+01,  2.116555007028001e-01, -7.498998880232804e+00
s594        , -1.700453572465554e+01, -1.717769333446437e+01,  0.000000000000000e+00, -6.455760275889617e+00
s595        , -2.121342929627275e+01, -2.082017519513595e+01,  2.735941805592537e-01, -9.839440938568323e+00
s596        , -1.895402289388661e+01, -1.885202344798302e+01,  1.205401746356617e-01, -8.042662031457425e+00
s597        , -2.389559541191659e+01, -2.436049941580253e+01,  3.455400778955932e-01, -1.429954706295001e+01
s598        , -1.923753651242740e+01, -1.927112989031785e+01,  1.294080315383432e-01, -8.568534418886793e+00
s599        , -2.358158831573873e+01, -2.320632566731160e+01,  1.750959242923016e-01, -1.373311652708509e+01
s600        , -1.942143232536245e+01, -2.002895770201349e+01,  1.381197441682542e-01, -9.563637304648797e+00
s601        , -2.073803555561576e+01, -2.022858903005551e+01,  0.000000000000000e+00, -1.067367151710214e+01
s602        , -1.821856306700227e+01, -1.756983785718764e+01,  0.000000000000000e+00, -6.997906240749920e+00
s603        , -1.722454836479658e+01, -1.748337758957822e+01,  0.000000000000000e+00, -6.878373562135243e+00
s604        , -1.805154515236764e+01, -1.779197010712939e+01,  4.505200256584502e-02, -7.032959519864177e+00
s605        , -2.021935755598555e+01, -1.940333362354079e+01,  0.000000000000000e+00, -9.532742949455576e+00
s606        , -1.827906736534894e+01, -1.852961159706566e+01,  0.000000000000000e+00, -8.324808518104808e+00
s607        , -2.237721630921111e+01, -2.255606742562047e+01,  2.715352262461370e-01, -1.225177229070712e+01
s608        , -2.098562136420296e+01, -2.118804420210154e+01,  1.056771144369802e-01, -1.136199852609270e+01
s609        , -1.946776205882490e+01, -1.954134585308308e+01,  0.000000000000000e+00, -9.723547025534764e+00
s610        , -2.069261977150295e+01, -2.041544131576677e+01,  1.691332457690702e-01, -9.910680891558098e+00
s611        , -2.170289912291919e+01, -2.153647665051845e+01,  3.048537067787634e-01, -1.064097724630550e+01
s612        , -1.930046031145336e+01, -1.883755772564700e+01,  0.000000000000000e+00, -8.750548879962508e+00
s613        , -2.385958137896088e+01, -2.424332522951948e+01,  3.106535614899262e-01, -1.434821532286192e+01
s614        , -1.933674081040147e+01, -1.923843913289853e+01,  0.000000000000000e+00, -9.304773724975346e+00
s615        , -1.973716697922491e+01, -1.962594538041480e+01,  1.825830273301675e-02, -9.730253820541781e+00
s616        , -1.815004309366292e+01, -1.799518119728839e+01,  0.000000000000000e+00, -7.585950092323888e+00
s617        , -1.832352306169715e+01, -1.781815794201117e+01,  0.000000000000000e+00, -7.341212660143291e+00
s618        , -1.700993990522181e+01, -1.743493852302457e+01,  0.000000000000000e+00, -6.811405791448840e+00
s619        , -2.331208521979489e+01, -2.355129923867587e+01,  4.329996394293219e-01, -1.265268757059862e+01
s620        , -2.294394567846179e+01, -2.328296388482940e+01,  1.949313158600908e-01, -1.371929338169770e+01
s621        , -2.117716243218820e+01, -2.132862836272981e+01,  0.000000000000000e+00, -1.219449318064440e+01
s622        , -2.002792552777272e+01, -1.944223464646938e+01,  2.073826581166386e-01, -8.334237003142835e+00
s623        , -1.988853831837967e+01, -1.966998693207638e+01,  0.000000000000000e+00, -9.901395338720841e+00
s624        , -2.364575476956619e+01, -2.316534141872164e+01,  1.899225871679833e-01, -1.358692385223009e+01
s625        , -2.144171537166414e+01, -2.137694124771820e+01,  3.822512874559468e-01, -9.953049126365526e+00
s626        , -2.037069722396305e+01, -2.021882005014336e+01,  5.158104856728121e-03, -1.062901835756477e+01
s627        , -1.998545144661707e+01, -2.007122300869522e+01,  0.000000000000000e+00, -1.045611051970729e+01
s628        , -2.158119065398551e+01, -2.149444728027943e+01,  2.530512271511322e-01, -1.089568201345406e+01
s629        , -1.843917864187274e+01, -1.817915857934128e+01,  0.000000000000000e+00, -7.840301714049640e+00
s630        , -1.962256463480217e+01, -1.996685942325827e+01,  0.000000000000000e+00, -1.031182622286166e+01
s631        , -2.101091990223662e+01, -2.057191222263059e+01,  1.172774356319346e-01, -1.044013744914533e+01
s632        , -2.022844039713042e+01, -1.962173232360936e+01,  1.851759150892706e-02, -9.722863479227545e+00
s633        , -2.473876586737651e+01, -2.512663223803213e+01,  2.942675460158324e-01, -1.566834865325447e+01
s634        , -2.051539403555230e+01, -2.048938033808328e+01,  0.000000000000000e+00, -1.103421959854932e+01
s635        , -2.382235458298951e+01, -2.469435870780202e+01,  4.008352434659651e-01, -1.442721104583367e+01
s636        , -1.910586081968059e+01, -1.954376759919588e+01,  1.231331886542908e-01, -8.983351187455018e+00
s637        , -1.917066616024459e+01, -1.903614555785185e+01,  0.000000000000000e+00, -9.025099678613330e+00
s638        , -2.192001400012589e+01, -2.185557899769068e+01,  2.950165836120813e-01, -1.114154305789335e+01
s639        , -2.010078758798683e+01, -1.971866492462111e+01,  1.651595455456635e-02, -9.868961276039881e+00
s640        , -1.983289623130970e+01, -1.960356969215061e+01,  2.380212304749480e-02, -9.665842532717827e+00
s641        , -2.307886864739055e+01, -2.280492284573712e+01,  1.750462270333231e-01, -1.317847091716283e+01
s642        , -2.260273435105626e+01, -2.284787958106219e+01,  2.545374516774631e-01, -1.275784881998636e+01
s643        , -2.012782689900612e+01, -1.981763864379494e+01,  0.000000000000000e+00, -1.010552615038444e+01
s644        , -1.902512926743999e+01, -1.804370843831708e+01,  2.507762587164719e-03, -7.637896556084943e+00
s645        , -2.049081123370357e+01, -2.023764707955521e+01,  0.000000000000000e+00, -1.068619441287451e+01
s646        , -2.159630341817387e+01, -2.197532276888904e+01,  1.494826763144222e-01, -1.218590214342217e+01
s647        , -2.046804100673445e+01, -2.022498056334097e+01,  0.000000000000000e+00, -1.066868275516551e+01
s648        , -2.112203592795417e+01, -2.112116035111664e+01,  1.872578725652946e-01, -1.077690237341242e+01
s649        , -2.130712394597167e+01, -2.162601490508403e+01,  1.263386760210395e-01, -1.184273436418019e+01
s650        , -1.872664219670308e+01, -1.835611699085693e+01,  0.000000000000000e+00, -8.084949498710900e+00
s651        , -2.286060777226206e+01, -2.309795691730083e+01,  1.241785714692094e-01, -1.389076119097623e+01
s652        , -2.513277458672901e+01, -2.529999818437346e+01,  2.413242991405339e-01, -1.622772939207211e+01
s653        , -2.212366926194319e+01, -2.184558948235070e+01,  2.604861978939081e-01, -1.133624530244662e+01
s654        , -2.219498706816524e+01, -2.233878087501333e+01,  2.474502934032601e-01, -1.209680790470171e+01
s655        , -2.136195741190379e+01, -2.131355660069979e+01,  1.917451839200417e-01, -1.101579642983101e+01
s656        , -2.204727614381470e+01, -2.139473372339019e+01,  8.825649510008261e-02, -1.175294503851914e+01
s657        , -2.036339525797458e+01, -2.000171647268061e+01,  0.000000000000000e+00, -1.036001664143494e+01
s658        , -1.602366185676991e+01, -1.608402899164792e+01,  0.000000000000000e+00, -4.943752136003024e+00
s659        , -1.871169938684588e+01, -1.898261909689344e+01,  0.000000000000000e+00, -8.951098505218560e+00
s660        , -2.183022460938435e+01, -2.108994812588034e+01,  0.000000000000000e+00, -1.186451400255664e+01
s661        , -2.183692812512830e+01, -2.221659660268105e+01,  2.131625799647695e-01, -1.213493374987459e+01
s662        , -1.575332316936146e+01, -1.582405756676670e+01,  0.000000000000000e+00, -4.584337555889666e+00
s663        , -2.161244100467384e+01, -2.149466558428638e+01,  1.130956745198616e-01, -1.174111017831492e+01
s664        , -1.792030659393350e+01, -1.782605523420567e+01,  0.000000000000000e+00, -7.352130790700963e+00
s665        , -2.036353189911458e+01, -2.019813534812785e+01,  1.362923702848178e-01, -9.808562718110693e+00
s666        , -1.896012969757172e+01, -1.832455097338258e+01,  0.000000000000000e+00, -8.041308983521292e+00
s667        , -1.834472710605888e+01, -1.863674325773724e+01,  9.270704187385792e-02, -7.913105102643865e+00
s668        , -2.315183675604283e+01, -2.317393525948676e+01,  3.799214592947263e-01, -1.245149033221666e+01
s669        , -2.168824836514504e+01, -2.090753882574789e+01,  0.000000000000000e+00, -1.161233027872688e+01
s670        , -1.765957516951316e+01, -1.796319863425520e+01,  0.000000000000000e+00, -7.541733696353543e+00
s671        , -1.925271531654228e+01, -1.944817864188880e+01,  6.162152632648888e-02, -9.222638213209352e+00
s672        , -2.010246672918431e+01, -2.017704938731771e+01,  2.986091054834561e-01, -8.799255929694205e+00
s673        , -2.045224673553428e+01, -2.041503435505330e+01,  0.000000000000000e+00, -1.093143510873070e+01
s674        , -1.961862741224291e+01, -1.944581407552141e+01,  1.532607384855132e-02, -9.498925824596467e+00
s675        , -1.819835804307071e+01, -1.831304798130543e+01,  0.000000000000000e+00, -8.025405916215549e+00
s676        , -2.030955144796039e+01, -2.014174197377008e+01,  0.000000000000000e+00, -1.055360409706484e+01
s677        , -1.708028116046972e+01, -1.719702896621049e+01,  0.000000000000000e+00, -6.482492090620548e+00
s678        , -1.996975063415185e+01, -1.962310914629236e+01,  0.000000000000000e+00, -9.836586063232568e+00
s679        , -2.075675552323975e+01, -2.053282184823837e+01,  0.000000000000000e+00, -1.109427816898265e+01
s680        , -1.844365265503332e+01, -1.864086180165547e+01,  0.000000000000000e+00, -8.478613674146246e+00
s681        , -1.908965101407623e+01, -1.926612381455503e+01,  1.263885722773335e-01, -8.579846547738853e+00
s682        , -2.132701003782740e+01, -2.159790032287357e+01,  2.126881550152137e-02, -1.243833343241242e+01
s683        , -2.134055790648813e+01, -2.105647669734286e+01,  4.549617788591121e-01, -9.070937078758149e+00
s684        , -2.228765611405496e+01, -2.192568780558395e+01,  1.705698607176859e-01, -1.198994534774250e+01
s685        , -2.220524684044785e+01, -2.257167432874869e+01,  1.401379984072378e-01, -1.306679570085190e+01
s686        , -2.092862014660340e+01, -2.093739536220613e+01,  0.000000000000000e+00, -1.165360740954877e+01
s687        , -2.266843571203506e+01, -2.277920173092191e+01,  3.762030928871665e-01, -1.192821850788936e+01
s688        , -1.791243182954496e+01, -1.829531780800910e+01,  1.345876796057246e-01, -7.188181400386313e+00
s689        , -2.022924986754604e+01, -2.022704992887479e+01,  0.000000000000000e+00, -1.067154368553422e+01
s690        , -1.926971843911773e+01, -1.868130967380917e+01,  0.000000000000000e+00, -8.534533493000341e+00
s691        , -1.839442212707931e+01, -1.870512080246948e+01,  1.006833088837800e-01, -7.959473173588689e+00
s692        , -1.811967055159425e+01, -1.820435195894834e+01,  0.000000000000000e+00, -7.875131957247500e+00
s693        , -1.897178714286070e+01, -1.901709037635985e+01,  0.000000000000000e+00, -8.998755590765743e+00
s694        , -2.117746495604092e+01, -2.070931858925746e+01,  2.987940572748445e-01, -9.534009627831974e+00
s695        , -2.262578130233349e+01, -2.261494715277960e+01,  1.266894309670364e-01, -1.320783069114257e+01
s696        , -2.110358706695218e+01, -2.094338809295141e+01,  3.541906782843618e-01, -9.523100018163483e+00
s697        , -2.080079623838923e+01, -2.059053556669015e+01,  0.000000000000000e+00, -1.117406829166096e+01
s698        , -2.284382050270110e+01, -2.294905754554185e+01,  1.274316244420795e-01, -1.366526179888110e+01
s699        , -1.710021253686445e+01, -1.752784050368947e+01,  0.000000000000000e+00, -6.939844239588400e+00
s700        , -1.768315556313765e+01, -1.770082688807701e+01,  0.000000000000000e+00, -7.179000634328258e+00
s701        , -1.903295584190279e+01, -1.941284426718384e+01,  1.563892739813863e-01, -8.601529623294830e+00
s702        , -1.837939645173277e+01, -1.844599282792387e+01,  0.000000000000000e+00, -8.209204255773194e+00
s703        , -2.091048572489854e+01, -2.035302622448916e+01,  3.237339799796328e-01, -8.890829264750003e+00
s704        , -2.101614044515869e+01, -2.095193491206640e+01,  0.000000000000000e+00, -1.167370856570643e+01
s705        , -1.998067347119072e+01, -1.936166944250055e+01,  0.000000000000000e+00, -9.475141564452654e+00
s706        , -2.205053681559340e+01, -2.179892003391688e+01,  1.983868244326527e-01, -1.164671323157645e+01
s707        , -2.095566328486310e+01, -2.089384780051900e+01,  0.000000000000000e+00, -1.159340222120590e+01
s708        , -2.098548818691052e+01, -2.109199137735963e+01,  0.000000000000000e+00, -1.186733882983461e+01
s709        , -2.115794840593145e+01, -2.163378026655607e+01,  3.937846662976167e-02, -1.237858227520259e+01
s710        , -2.144561556804213e+01, -2.170713413013226e+01,  2.844658738756202e-01, -1.100002651476412e+01
s711        , -2.158487030708884e+01, -2.177956132110405e+01,  3.312768358300986e-01, -1.081748866138720e+01
s712        , -1.701606937532507e+01, -1.731194524283549e+01,  0.000000000000000e+00, -6.641365648859635e+00
s713        , -2.069677260469373e+01, -2.051730075381032e+01,  0.000000000000000e+00, -1.107282001203595e+01
s714        , -1.667903695847065e+01, -1.658763677946115e+01,  0.000000000000000e+00, -5.639997816394264e+00
s715        , -1.903979308955687e+01, -1.920572022794855e+01,  0.000000000000000e+00, -9.259539324734103e+00
s716        , -1.775292931769286e+01, -1.758627728016629e+01,  0.000000000000000e+00, -7.020634001348519e+00
s717        , -1.980553907801730e+01, -2.041841005672314e+01,  7.394088906591788e-02, -1.048960750037225e+01
s718        , -2.205506805307129e+01, -2.230489916910065e+01,  1.440687462008451e-01, -1.267423889650590e+01
s719        , -2.211926724507942e+01, -2.219108548925824e+01,  2.219543323478320e-01, -1.204657493943304e+01
s720        , -2.227273745316376e+01, -2.289716926225786e+01,  3.383222584198161e-01, -1.232005517872270e+01
s721        , -1.785735939085095e+01, -1.811649415198944e+01,  0.000000000000000e+00, -7.753667158521099e+00
s722        , -2.185625504194673e+01, -2.199219126868312e+01,  3.685175641403914e-01, -1.088657350295470e+01
s723        , -2.033801839240394e+01, -2.004935690675816e+01,  0.000000000000000e+00, -1.042588029017335e+01
s724        , -2.101306363073858e+01, -2.080111570668292e+01,  1.874441838677515e-01, -1.033331057614634e+01
s725        , -1.977835943733275e+01, -2.034087135466597e+01,  2.385992185265724e-01, -9.388114113628390e+00
s726        , -1.782642809085736e+01, -1.755379802258845e+01,  0.000000000000000e+00, -6.975730917365100e+00
s727        , -2.098840179836340e+01, -2.097778071181086e+01,  0.000000000000000e+00, -1.170944078999645e+01
s728        , -2.135488943619893e+01, -2.079245556457424e+01,  1.222675836470727e-01, -1.071490890681295e+01
s729        , -1.830313789299144e+01, -1.877416078419203e+01,  1.159026427888765e-01, -7.963019568729139e+00
s730        , -1.974102380594271e+01, -1.951528723529713e+01,  0.000000000000000e+00, -9.687520576958160e+00
s731        , -1.858542568590836e+01, -1.772471826415542e+01,  0.000000000000000e+00, -7.212030837187947e+00
s732        , -1.728575125425960e+01, -1.815300534732797e+01,  0.000000000000000e+00, -7.804144459816922e+00
s733        , -2.189672381410002e+01, -2.213058784892648e+01,  2.163934041567936e-01, -1.199651585468736e+01
s734        , -1.907291800543370e+01, -1.918451770910181e+01,  5.305335941513666e-02, -8.909861997227729e+00
s735        , -2.104653345651221e+01, -2.011427951647416e+01,  0.000000000000000e+00, -1.051563681830563e+01
s736        , -1.839280423093862e+01, -1.870821604065374e+01,  1.407770720413149e-01, -7.721644838982652e+00
s737        , -2.165426899727042e+01, -2.145936135222765e+01,  2.576956796617680e-01, -1.081912948241146e+01
s738        , -1.806822955624155e+01, -1.835684832928628e+01,  2.671423563385530e-02, -7.924645766742081e+00
s739        , -1.955458939471557e+01, -1.982696734032185e+01,  1.382093459199775e-01, -9.283841392295018e+00
s740        , -1.834079412742093e+01, -1.828292752957341e+01,  0.000000000000000e+00, -7.983763918380458e+00
s741        , -2.108323768665554e+01, -2.079283686894376e+01,  0.000000000000000e+00, -1.145375302100798e+01
s742        , -1.784982580383593e+01, -1.799541781444528e+01,  0.000000000000000e+00, -7.586277219261503e+00
s743        , -2.007117762213282e+01, -2.040368110199609e+01,  0.000000000000000e+00, -1.091573905797303e+01
s744        , -2.048858578542649e+01, -2.053449604920777e+01,  1.944196776553694e-02, -1.097919179571247e+01
s745        , -2.120349313282904e+01, -2.095797125434962e+01,  1.600221276137327e-01, -1.071575485332368e+01
s746        , -1.892251493836264e+01, -1.854598221031204e+01,  0.000000000000000e+00, -8.347441148167261e+00
s747        , -2.116880416688591e+01, -2.057125126952714e+01,  5.081934928854723e-02, -1.084053308177088e+01
s748        , -2.167842994358758e+01, -2.118715737135423e+01,  0.000000000000000e+00, -1.199890731197939e+01
s749        , -2.059667445248301e+01, -2.056001870870658e+01,  1.960842758529786e-01, -9.947816699034249e+00
s750        , -2.032384862658092e+01, -2.050009893375345e+01,  0.000000000000000e+00, -1.104903822549633e+01
s751        , -2.236553637276776e+01, -2.170833600379158e+01,  1.455349912280585e-01, -1.184062697564049e+01
s752        , -1.716732359631470e+01, -1.746549729220575e+01,  0.000000000000000e+00, -6.853653770045149e+00
s753        , -2.206691124025960e+01, -2.204614747315157e+01,  1.585819287206400e-01, -1.222887226543093e+01
s754        , -1.859855862913608e+01, -1.893556514162019e+01,  0.000000000000000e+00, -8.886045672643069e+00
s755        , -2.251644582892857e+01, -2.222930581038293e+01,  3.275876470419500e-01, -1.146154477688930e+01
s756        , -2.026279534630465e+01, -2.051211144258856e+01,  0.000000000000000e+00, -1.106564570772656e+01
s757        , -1.901185247831666e+01, -1.933875876034429e+01,  0.000000000000000e+00, -9.443467186351040e+00
s758        , -1.866312886885699e+01, -1.895112480387051e+01,  0.000000000000000e+00, -8.907557150210119e+00
s759        , -2.105033567951521e+01, -2.114586079401109e+01,  0.000000000000000e+00, -1.194181414486424e+01
s760        , -1.976737462921502e+01, -1.952876675097533e+01,  4.550274242675142e-02, -9.431386364211665e+00
s761        , -2.282845273202710e+01, -2.239599608220929e+01,  8.584613616537067e-02, -1.315176101777648e+01
s762        , -1.737428124739802e+01, -1.708683675559444e+01,  0.000000000000000e+00, -6.330149627873245e+00
s763        , -2.048674857080450e+01, -2.058044069842112e+01,  2.171336795056324e-02, -1.102899506809569e+01
s764        , -1.996103637141938e+01, -1.989952684225914e+01,  2.964572713811550e-01, -8.428570573418561e+00
s765        , -1.985538741097363e+01, -1.992102561397605e+01,  0.000000000000000e+00, -1.024846026129226e+01
s766        , -1.902823974868692e+01, -1.897060589974488e+01,  6.898985683209184e-03, -8.892830312111322e+00
s767        , -2.019726225103009e+01, -1.965015008644959e+01,  0.000000000000000e+00, -9.873970587923777e+00
s768        , -2.180287541987858e+01, -2.116757319396623e+01,  2.128411503971834e-01, -1.068658336623186e+01
s769        , -2.332774774981945e+01, -2.348361465530974e+01,  6.868533982539543e-02, -1.475903683734543e+01
s770        , -2.255011500408412e+01, -2.261627528895104e+01,  0.000000000000000e+00, -1.397468529034841e+01
s771        , -1.837836194936116e+01, -1.779769909867037e+01,  0.000000000000000e+00, -7.312927987732466e+00
s772        , -2.036442085092615e+01, -2.040116456897538e+01,  0.000000000000000e+00, -1.091225991152687e+01
s773        , -2.207703951964118e+01, -2.223719313324734e+01,  3.049960756639783e-01, -1.160886909545507e+01
s774        , -2.410464814655394e+01, -2.385620639345713e+01,  2.232808107207305e-01, -1.434062077066273e+01
s775        , -2.145476048405246e+01, -2.081722848419192e+01,  1.733691932761142e-01, -1.044057905279238e+01
s776        , -1.783304251394927e+01, -1.772842315041485e+01,  0.000000000000000e+00, -7.217152900660541e+00
s777        , -1.926023008452307e+01, -1.940868529444542e+01,  0.000000000000000e+00, -9.540141718577889e+00
s778        , -1.976550707196644e+01, -1.964000168874134e+01,  0.000000000000000e+00, -9.859940268619260e+00
s779        , -2.301809423461469e+01, -2.292767670480402e+01,  2.493946878669859e-01, -1.289922435136840e+01
s780        , -1.989864127452180e+01, -2.016941373724200e+01,  0.000000000000000e+00, -1.059186074490143e+01
s781        , -1.803783397921168e+01, -1.751464443749595e+01,  0.000000000000000e+00, -6.921600470711647e+00
s782        , -2.003060740563550e+01, -1.988923625499802e+01,  1.252431393231739e-02, -1.012888247807575e+01
s783        , -2.170310297580588e+01, -2.128284329273049e+01,  3.988572127234851e-01, -9.722681781421645e+00
s784        , -1.828106793020000e+01, -1.871347862948749e+01,  0.000000000000000e+00, -8.579007579731575e+00
s785        , -1.904288077315707e+01, -1.893072819257551e+01,  0.000000000000000e+00, -8.879358514580534e+00
s786        , -2.022975758111321e+01, -1.968803720819379e+01,  0.000000000000000e+00, -9.926350129096882e+00
s787        , -1.858814151939532e+01, -1.979932638016161e+01,  0.000000000000000e+00, -1.008020915815075e+01
s788        , -1.926046054059691e+01, -1.945764972232376e+01,  0.000000000000000e+00, -9.607835809551254e+00
s789        , -2.212378523930028e+01, -2.250809990611115e+01,  3.130747766233429e-01, -1.193461845597345e+01
s790        , -2.174169856486492e+01, -2.141250554197240e+01,  1.655736042816032e-01, -1.131063286822113e+01
s791        , -1.907773631846257e+01, -1.924106365560230e+01,  0.000000000000000e+00, -9.308402168855304e+00
s792        , -2.217884458062024e+01, -2.195062052220782e+01,  3.113334775849732e-01, -1.117440934080575e+01
s793        , -2.046845693654859e+01, -1.954164097640612e+01,  1.182877011274986e-01, -9.009670738968032e+00
s794        , -1.973890233992908e+01, -1.890867053112544e+01,  8.577580339051968e-02, -8.330903350094861e+00
s795        , -2.098054198937622e+01, -2.080613532167168e+01,  0.000000000000000e+00, -1.147213834087746e+01
s796        , -1.872193723420701e+01, -1.876488839508154e+01,  0.000000000000000e+00, -8.650082388523167e+00
s797        , -1.738396768625594e+01, -1.803016144935697e+01,  0.000000000000000e+00, -7.634310840491617e+00
s798        , -1.812351947027918e+01, -1.852627580574499e+01,  0.000000000000000e+00, -8.320196734185050e+00
s799        , -2.115781411801412e+01, -2.022765442896123e+01,  4.736934442416059e-01, -7.811965471166877e+00
s800        , -2.197753832223543e+01, -2.195635277833379e+01,  1.572768300890696e-01, -1.211261057119883e+01
s801        , -2.000340332694237e+01, -2.026717123609383e+01,  8.707210976657084e-02, -1.020122413225749e+01
s802        , -2.346278750692302e+01, -2.292822174680181e+01,  1.367572670157876e-01, -1.358014277041469e+01
s803        , -2.201425716118592e+01, -2.176954001243883e+01,  1.580141162274298e-01, -1.184988685937812e+01
s804        , -1.618324989548500e+01, -1.647317308914968e+01,  0.000000000000000e+00, -5.481749965845627e+00
s805        , -2.141738653455062e+01, -2.124994665466498e+01,  3.747862680928675e-01, -9.822554878730582e+00
s806        , -2.157933013723432e+01, -2.148889851502756e+01,  1.090918001553045e-01, -1.175731464572471e+01
s807        , -1.912040169626662e+01, -1.971152136738539e+01,  1.285657866905375e-01, -9.182468480393364e+00
s808        , -2.304047586711122e+01, -2.305819959112848e+01,  3.641951428900516e-01, -1.238644784755803e+01
s809        , -2.047218776779852e+01, -2.040709970752786e+01,  0.000000000000000e+00, -1.092046533384100e+01
s810        , -2.119146876442327e+01, -2.176685198199262e+01,  1.566692338039912e-01, -1.185429173321979e+01
s811        , -2.180116494254657e+01, -2.164696194330612e+01,  1.619897453541278e-01, -1.165641378114240e+01
s812        , -2.372646511684069e+01, -2.317422423840963e+01,  1.855715057556873e-01, -1.362547864286421e+01
s813        , -2.269928091374550e+01, -2.269718949021127e+01,  2.828767155872894e-01, -1.237838979417202e+01
s814        , -1.832573741415099e+01, -1.868120632446393e+01,  0.000000000000000e+00, -8.534390610906513e+00
s815        , -2.057906464758977e+01, -2.008935321864789e+01,  1.187242622486375e-01, -9.764255331516704e+00
s816        , -1.808215553271357e+01, -1.790899531387846e+01,  0.000000000000000e+00, -7.466796754176699e+00
s817        , -2.152086258044021e+01, -2.163101436319906e+01,  1.937666820941618e-01, -1.144247988969144e+01
s818        , -2.057353864229959e+01, -2.071881129448552e+01,  0.000000000000000e+00, -1.135141150107474e+01
s819        , -2.244567325669163e+01, -2.255466283373902e+01,  2.396038909467534e-01, -1.244264887265288e+01
s820        , -2.103220827040201e+01, -2.136943277832589e+01,  0.000000000000000e+00, -1.225090592641035e+01
s821        , -2.251724700203312e+01, -2.268259543191077e+01,  1.277108891106305e-01, -1.329518739039353e+01
s822        , -1.967652212859418e+01, -1.992781441175033e+01,  0.000000000000000e+00, -1.025784588089500e+01
s823        , -1.898228811729100e+01, -1.909595199818574e+01,  9.550202388674264e-02, -8.531090808586466e+00
s824        , -2.375965705343503e+01, -2.393174589896067e+01,  1.914409298146290e-01, -1.463732152589117e+01
s825        , -2.074394606294202e+01, -1.997041451481081e+01,  0.000000000000000e+00, -1.031674119279807e+01
s826        , -2.229590893513048e+01, -2.231372317455718e+01,  1.906444890795284e-01, -1.240518901806282e+01
s827        , -2.030439908572953e+01, -1.911147699122519e+01,  3.928117355755594e-01, -6.757239567544630e+00
s828        , -2.126632247755481e+01, -2.086903781429165e+01,  0.000000000000000e+00, -1.155910202538017e+01
s829        , -1.836528680868646e+01, -1.740903553807547e+01,  0.000000000000000e+00, -6.775594507714797e+00
s830        , -2.038358031572328e+01, -2.050404152999627e+01,  9.172087956177807e-02, -1.050062928154242e+01
s831        , -2.014217587228185e+01, -1.987532542252810e+01,  2.076151007280023e-01, -8.931588194072315e+00
s832        , -1.638297894992474e+01, -1.710850922861896e+01,  0.000000000000000e+00, -6.360112162392893e+00
s833        , -2.087813803835245e+01, -2.052970779892467e+01,  0.000000000000000e+00, -1.108997294687199e+01
s834        , -2.163260872857058e+01, -2.159298758054420e+01,  1.346672625035270e-01, -1.174678111677431e+01
s835        , -1.845033213930005e+01, -1.823069348161774e+01,  0.000000000000000e+00, -7.911549526271079e+00
s836        , -2.085703068105029e+01, -2.080348102556008e+01,  0.000000000000000e+00, -1.146846873479332e+01
s837        , -1.604298594536770e+01, -1.657421883436779e+01,  0.000000000000000e+00, -5.621447296451866e+00
s838        , -1.819387371328009e+01, -1.771909187347531e+01,  0.000000000000000e+00, -7.204252263659076e+00
s839        , -2.199016371973259e+01, -2.150407245858853e+01,  2.898618952280259e-01, -1.068670650479024e+01
s840        , -1.816847175772266e+01, -1.836033354040206e+01,  4.481305349877619e-02, -7.820173799733280e+00
s841        , -2.076446728280485e+01, -2.050531871091718e+01,  0.000000000000000e+00, -1.105625464944926e+01
s842        , -1.719569444321167e+01, -1.747260624039370e+01,  0.000000000000000e+00, -6.863482002625663e+00
s843        , -1.999816334280537e+01, -1.967580756456519e+01,  0.000000000000000e+00, -9.909442454602587e+00
s844        , -1.581596700213373e+01, -1.607638848821425e+01,  0.000000000000000e+00, -4.933189019942395e+00
s845        , -2.003183538643507e+01, -1.996945699335611e+01,  0.000000000000000e+00, -1.031541740434038e+01
s846        , -2.166933569232110e+01, -2.141634925762514e+01,  3.133747809013830e-01, -1.042344444255238e+01
s847        , -2.001719781047365e+01, -1.982276556015658e+01,  0.000000000000000e+00, -1.011261419281925e+01
s848        , -1.670780899311153e+01, -1.711837751617313e+01,  0.000000000000000e+00, -6.373755225007719e+00
s849        , -2.103364362191806e+01, -2.110469929714076e+01,  8.472964070566529e-02, -1.137326491660100e+01
s850        , -1.674889176362534e+01, -1.654353230095321e+01,  0.000000000000000e+00, -5.579022681795180e+00
s851        , -1.887785873496733e+01, -1.953623075552274e+01,  0.000000000000000e+00, -9.716475322778480e+00
s852        , -1.916613881673827e+01, -1.952875085846689e+01,  1.664329269119819e-02, -9.605633159593175e+00
s853        , -2.151831650372089e+01, -2.146865357728488e+01,  2.938176586312641e-01, -1.061385233320131e+01
s854        , -2.092228526657664e+01, -2.041345184410390e+01,  0.000000000000000e+00, -1.092924726247544e+01
s855        , -1.984690981488844e+01, -1.973781594833448e+01,  0.000000000000000e+00, -9.995170019569109e+00
s856        , -1.857995804240183e+01, -1.839067532377956e+01,  0.000000000000000e+00, -8.132726937029300e+00
s857        , -2.294003947989728e+01, -2.302706855376509e+01,  8.485796381522145e-02, -1.403019573871913e+01
s858        , -2.107902559750898e+01, -2.103696051183181e+01,  9.425633172463331e-02, -1.122208773430278e+01
s859        , -1.829183386036745e+01, -1.850872038441085e+01,  0.000000000000000e+00, -8.295926088323071e+00
s860        , -2.148418071954308e+01, -2.143156513065373e+01,  3.036298328859189e-01, -1.050332582555639e+01
s861        , -2.060440939951398e+01, -2.002843793294426e+01,  4.404782028454512e-03, -1.037036105432906e+01
s862        , -1.983634035476443e+01, -1.930223860140376e+01,  2.049411328182300e-02, -9.269223093894578e+00
s863        , -2.017821382918477e+01, -2.061127066648363e+01,  7.257114598373267e-02, -1.076451156410102e+01
s864        , -2.145828954671971e+01, -2.067676293743194e+01,  3.646285240369031e-02, -1.107309681452048e+01
s865        , -2.179521899962700e+01, -2.181250773705417e+01,  1.982679072062184e-01, -1.166621653039132e+01
s866        , -2.240641608733365e+01, -2.223105594247642e+01,  2.871557913045141e-01, -1.170811349556712e+01
s867        , -1.970162478711471e+01, -1.947183028780485e+01,  0.000000000000000e+00, -9.627440664163583e+00
s868        , -1.579821539399930e+01, -1.570292742557162e+01,  0.000000000000000e+00, -4.416873232237199e+00
s869        , -1.927595790821999e+01, -1.935696524448193e+01,  0.000000000000000e+00, -9.468637936769703e+00
s870        , -1.834436146157947e+01, -1.855802172312971e+01,  0.000000000000000e+00, -8.364085963827705e+00
s871        , -1.954632707936713e+01, -1.938927156001601e+01,  0.000000000000000e+00, -9.513301925660006e+00
s872        , -2.222687656829416e+01, -2.260454843807592e+01,  3.641520399142832e-01, -1.175952827852915e+01
s873        , -2.174135075548704e+01, -2.115928131678902e+01,  8.715411171072300e-03, -1.190773992224600e+01
s874        , -2.306987923711809e+01, -2.358093907406089e+01,  2.530494944873219e-01, -1.378030016843162e+01
s875        , -2.178123430913379e+01, -2.161013492269761e+01,  1.331678374964886e-01, -1.177954191556773e+01
s876        , -2.287277527114560e+01, -2.298332949074840e+01,  3.432742218409300e-01, -1.240927044930010e+01
s877        , -2.189016288213647e+01, -2.134564767939216e+01,  1.837197156804617e-01, -1.110862491283967e+01
s878        , -1.876974537203656e+01, -1.866994101871503e+01,  0.000000000000000e+00, -8.518816148684589e+00
s879        , -1.761744622782913e+01, -1.768669931550317e+01,  0.000000000000000e+00, -7.159469043242932e+00
s880        , -1.792977215528789e+01, -1.850568110862653e+01,  0.000000000000000e+00, -8.291724241791796e+00
s881        , -2.116921283478955e+01, -2.045591179209449e+01,  5.220910645787457e-01, -7.835284189021250e+00
s882        , -1.809005639564229e+01, -1.842859419948877e+01,  0.000000000000000e+00, -8.185150378558003e+00
s883        , -1.958200153707774e+01, -2.006273889639227e+01,  0.000000000000000e+00, -1.044438110112833e+01
s884        , -1.866641101726497e+01, -1.899524311765693e+01,  0.000000000000000e+00, -8.968551412299114e+00
s885        , -1.949202935470739e+01, -1.980154096152995e+01,  0.000000000000000e+00, -1.008327085169262e+01
s886        , -1.753621319174707e+01, -1.733964937263522e+01,  6.322996600783230e-03, -6.641485414009582e+00
s887        , -2.072504645987743e+01, -2.025529501169936e+01,  0.000000000000000e+00, -1.071059295638504e+01
s888        , -2.163711888094086e+01, -2.186237283380703e+01,  1.843807056250892e-01, -1.181901414846356e+01
s889        , -1.784767272504274e+01, -1.784098893930576e+01,  0.000000000000000e+00, -7.372776872671464e+00
s890        , -2.036577167825686e+01, -2.058477509075593e+01,  1.076267305431809e-01, -1.051619667678270e+01
s891        , -1.925489904031788e+01, -1.935808278847724e+01,  7.139855248400225e-02, -9.039040375705103e+00
s892        , -1.797999052112338e+01, -1.902506037768224e+01,  1.349892308063237e-01, -8.194637189644087e+00
s893        , -2.224398236502422e+01, -2.256821076815851e+01,  0.000000000000000e+00, -1.390823533506240e+01
s894        , -2.015695897880840e+01, -1.990841676925732e+01,  0.000000000000000e+00, -1.023102833533206e+01
s895        , -1.853378696029952e+01, -1.875792929578645e+01,  9.516822045658192e-02, -8.065784794145236e+00
s896        , -2.478440805107692e+01, -2.450052807026965e+01,  3.118215314625808e-01, -1.469674946557513e+01
s897        , -2.202247365131235e+01, -2.209766479958656e+01,  9.750765579894875e-02, -1.266889484932202e+01
s898        , -2.008627742560493e+01, -1.934115401957370e+01,  0.000000000000000e+00, -9.446778669875018e+00
s899        , -1.802005794967191e+01, -1.768631839686308e+01,  0.000000000000000e+00, -7.158942417237213e+00
s900        , -1.770516073583232e+01, -1.779561238327729e+01,  0.000000000000000e+00, -7.310043070910692e+00
s901        , -2.425916197575684e+01, -2.378312410850599e+01,  1.456715735457702e-01, -1.470822937685821e+01
s902        , -1.641892815066793e+01, -1.665816101457612e+01,  0.000000000000000e+00, -5.737498679665079e+00
s903        , -2.332207101034287e+01, -2.316352043669259e+01,  1.889795358816440e-01, -1.359010096316958e+01
s904        , -2.132463334662818e+01, -2.058715017547369e+01,  4.659791354579161e-01, -8.355557105365662e+00
s905        , -2.166343218809494e+01, -2.201990252012718e+01,  1.375040498964650e-01, -1.231986769234578e+01
s906        , -1.790842270146736e+01, -1.768501168942102e+01,  0.000000000000000e+00, -7.157135873664856e+00
s907        , -1.911599503394165e+01, -1.963788658901398e+01,  4.300974499191224e-02, -9.597300304668414e+00
s908        , -2.062377494321661e+01, -1.992480780988016e+01,  0.000000000000000e+00, -1.025368920656346e+01
s909        , -2.034650826700463e+01, -2.098931147164448e+01,  3.566303082801687e-01, -9.571858022294272e+00
s910        , -1.701866755175476e+01, -1.677257597584043e+01,  0.000000000000000e+00, -5.895679161540292e+00
s911        , -1.800428066961873e+01, -1.828686495404857e+01,  0.000000000000000e+00, -7.989207469590434e+00
s912        , -2.018815932170212e+01, -2.022602863507077e+01,  0.000000000000000e+00, -1.067013173080146e+01
s913        , -1.735412329082851e+01, -1.749662475774483e+01,  0.000000000000000e+00, -6.896687980292807e+00
s914        , -2.004618788210774e+01, -2.062734399752806e+01,  1.138009284622885e-01, -1.053776575557459e+01
s915        , -1.937730144245923e+01, -1.908383012299212e+01,  0.000000000000000e+00, -9.091024339239427e+00
s916        , -2.191302790761547e+01, -2.234960036473675e+01,  2.408391724464801e-01, -1.215168749761193e+01
s917        , -1.792924589211810e+01, -1.736745106105927e+01,  0.000000000000000e+00, -6.718103314777580e+00
s918        , -2.621730238337609e+01, -2.634939601576247e+01,  3.131899133634216e-01, -1.724457543293561e+01
s919        , -1.919355775511356e+01, -1.875232209185272e+01,  0.000000000000000e+00, -8.632709276841265e+00
s920        , -1.675861595936722e+01, -1.654248007336659e+01,  0.000000000000000e+00, -5.577567960621881e+00
s921        , -2.192756432754418e+01, -2.146033307716124e+01,  1.629457293858055e-01, -1.139262369896228e+01
s922        , -2.290193110331377e+01, -2.271816687185177e+01,  1.480217258558722e-01, -1.322171778783336e+01
s923        , -1.925371616601646e+01, -1.904526044659068e+01,  0.000000000000000e+00, -9.037701155526962e+00
s924        , -1.798705044323696e+01, -1.882913258105937e+01,  3.320953351047438e-01, -6.733532029306232e+00
s925        , -2.338449219749342e+01, -2.366889300808399e+01,  2.019875326030962e-01, -1.421023725475766e+01
s926        , -1.762302148317026e+01, -1.781394813612793e+01,  0.000000000000000e+00, -7.335392537356425e+00
s927        , -1.720744831710588e+01, -1.736769562282970e+01,  0.000000000000000e+00, -6.718441425268271e+00
s928        , -1.827654667645005e+01, -1.843194084325391e+01,  0.000000000000000e+00, -8.189777166152776e+00
s929        , -2.066098735264480e+01, -2.084587527494169e+01,  8.984031776784045e-02, -1.098457564177554e+01
s930        , -1.982419875205301e+01, -2.051957856772266e+01,  2.142450899852200e-01, -9.782242875935536e+00
s931        , -2.184683786579889e+01, -2.207268271690817e+01,  1.032240077564024e-01, -1.259983834207964e+01
s932        , -2.007807490293144e+01, -2.022097467098152e+01,  0.000000000000000e+00, -1.066314454602960e+01
s933        , -2.186904116931162e+01, -2.210136559762115e+01,  0.000000000000000e+00, -1.326281455074621e+01
s934        , -1.595875499840616e+01, -1.637378767382899e+01,  0.000000000000000e+00, -5.344348067413147e+00
s935        , -1.706347068237267e+01, -1.709522996380012e+01,  1.203147386794183e-01, -5.615228735834371e+00
s936        , -1.818003510858343e+01, -1.736181844453930e+01,  0.000000000000000e+00, -6.710316133927261e+00
s937        , -2.175658784400171e+01, -2.205343606121343e+01,  3.216510511872288e-01, -1.125425042064875e+01
s938        , -2.010166135357230e+01, -1.991910060160183e+01,  0.000000000000000e+00, -1.024579890143507e+01
s939        , -1.813809060682595e+01, -1.774939161299696e+01,  0.000000000000000e+00, -7.246142129680666e+00
s940        , -2.094308051046411e+01, -2.063523306240994e+01,  8.001765039340249e-02, -1.075267398332527e+01
s941        , -1.827480816862776e+01, -1.841426507463970e+01,  0.000000000000000e+00, -8.165340138284975e+00
s942        , -1.770857434290158e+01, -1.787520391489245e+01,  0.000000000000000e+00, -7.420079614077361e+00
s943        , -1.938132201948424e+01, -1.942915508788938e+01,  0.000000000000000e+00, -9.568441529678395e+00
s944        , -1.770272330222015e+01, -1.809776961957619e+01,  0.000000000000000e+00, -7.727780198220752e+00
s945        , -1.924477319915050e+01, -1.907323250631512e+01,  4.003629395299207e-02, -8.834612447359655e+00
s946        , -2.185513295241253e+01, -2.172212104654910e+01,  7.840340500474151e-02, -1.226506137644024e+01
s947        , -2.017292248813791e+01, -1.960456846399109e+01,  0.000000000000000e+00, -9.810953278601051e+00
s948        , -1.792501053388721e+01, -1.819014136148416e+01,  0.000000000000000e+00, -7.855485582946633e+00
s949        , -2.005207290213696e+01, -2.048675774742395e+01,  2.381493008269591e-01, -9.592521187392695e+00
s950        , -2.257823345395823e+01, -2.271366463776985e+01,  3.372881083032596e-01, -1.207260190234821e+01
s951        , -1.571913272603913e+01, -1.619021311268691e+01,  0.000000000000000e+00, -5.090553351926549e+00
s952        , -2.233989362366768e+01, -2.288791467353222e+01,  1.868312361732089e-01, -1.322204424543133e+01
s953        , -2.342860552534396e+01, -2.304758108692698e+01,  1.188364455881385e-01, -1.385337442237522e+01
s954        , -2.204077204416149e+01, -2.225949956628123e+01,  1.441958184082406e-01, -1.261070590235594e+01
s955        , -1.756302978982562e+01, -1.783370711610399e+01,  0.000000000000000e+00, -7.362709637667780e+00
s956        , -2.291971088639473e+01, -2.279471302472525e+01,  1.920415399580814e-01, -1.306172890507840e+01
s957        , -1.872997367448807e+01, -1.833930840191407e+01,  0.000000000000000e+00, -8.061711360365674e+00
s958        , -2.138547156076431e+01, -2.128566808182740e+01,  4.384067303468638e-02, -1.187036652467728e+01
s959        , -1.926386090665138e+01, -1.881731507426760e+01,  0.000000000000000e+00, -8.722563096335598e+00
s960        , -1.680470785163838e+01, -1.752605619125399e+01,  0.000000000000000e+00, -6.937377399607488e+00
s961        , -2.001579976967623e+01, -2.007439630241511e+01,  1.364111203785162e-01, -9.636774466493565e+00
s962        , -1.871905926332032e+01, -1.860404751746491e+01,  1.450133064184196e-01, -7.552049573651367e+00
s963        , -1.918665598310528e+01, -1.990553688503162e+01,  0.000000000000000e+00, -1.022704685013526e+01
s964        , -1.746488927974545e+01, -1.761822367806957e+01,  0.000000000000000e+00, -7.064800398458470e+00
s965        , -1.971186761143078e+01, -1.980430070470578e+01,  1.968774944006990e-01, -8.898234805949716e+00
s966        , -1.765956881606673e+01, -1.747650478174581e+01,  0.000000000000000e+00, -6.868871797306995e+00
s967        , -2.223688117086612e+01, -2.212107064990124e+01,  4.299739920303357e-01, -1.069364454641443e+01
s968        , -1.998239594820018e+01, -2.003801763796631e+01,  0.000000000000000e+00, -1.041020357288231e+01
s969        , -2.101894011109180e+01, -2.078633329826652e+01,  0.000000000000000e+00, -1.144476173234899e+01
s970        , -1.986554229461376e+01, -1.997010136098753e+01,  0.000000000000000e+00, -1.031630825271646e+01
s971        , -1.914500631305469e+01, -1.825438901120931e+01,  0.000000000000000e+00, -7.944308968285175e+00
s972        , -1.930540895911451e+01, -1.956899944649536e+01,  0.000000000000000e+00, -9.761778552978377e+00
s973        , -2.013055280326089e+01, -2.031814592672124e+01,  1.548469036776646e-02, -1.070398050554739e+01
s974        , -1.991254970003848e+01, -1.980252249962411e+01,  5.675935667036107e-02, -9.741884541262817e+00
s975        , -2.002907222040815e+01, -2.072549487530426e+01,  1.214673640962030e-01, -1.062716685459659e+01
s976        , -2.147573630129902e+01, -2.126500785703719e+01,  1.422836360064373e-01, -1.124735226514421e+01
s977        , -1.918950409415471e+01, -1.933084085930716e+01,  8.610150603974803e-02, -8.912593696324587e+00
s978        , -1.698999961978807e+01, -1.764333643752005e+01,  9.562508309944373e-03, -7.041775651940362e+00
s979        , -2.115978794608996e+01, -2.105413237412952e+01,  2.115398851269730e-01, -1.053760738470097e+01
s980        , -1.730989298326385e+01, -1.713637436736431e+01,  0.000000000000000e+00, -6.398636154583707e+00
s981        , -2.142850865946883e+01, -2.112594768302267e+01,  6.188832839870882e-02, -1.154056918382396e+01
s982        , -2.110948756566415e+01, -2.140899702728585e+01,  1.444651043222306e-01, -1.143324668518506e+01
s983        , -1.831465175322002e+01, -1.846151157390467e+01,  0.000000000000000e+00, -8.230659165954648e+00
s984        , -2.150201864035685e+01, -2.142310090355938e+01,  0.000000000000000e+00, -1.232510295289154e+01
s985        , -1.659952594735737e+01, -1.671703239448094e+01,  1.128309562667961e-01, -5.137555727396570e+00
s986        , -2.105203087443673e+01, -2.069892985856010e+01,  0.000000000000000e+00, -1.132392510348911e+01
s987        , -2.066592788190784e+01, -2.101812904425986e+01,  1.409617090836985e-01, -1.091402092760620e+01
s988        , -2.133344594608628e+01, -2.150976328321034e+01,  1.913583668884089e-01, -1.128939105939005e+01
s989        , -2.008246059204520e+01, -2.001926412680747e+01,  1.028436366732999e-01, -9.763251757354499e+00
s990        , -2.181814335912880e+01, -2.232538685688002e+01,  2.835676266636834e-01, -1.186019472105887e+01
s991        , -1.674874949890157e+01, -1.691062930248302e+01,  0.000000000000000e+00, -6.086540055006454e+00
s992        , -1.990187356431624e+01, -1.981212449083050e+01,  0.000000000000000e+00, -1.009790274726118e+01
s993        , -2.167451347953028e+01, -2.133071220408417e+01,  1.457805438124933e-01, -1.131707336091183e+01
s994        , -2.085856003252748e+01, -2.047619455914857e+01,  3.261072287117882e-01, -9.046780479852893e+00
s995        , -1.532250426373563e+01, -1.552760006094046e+01,  0.000000000000000e+00, -4.174480395524159e+00
s996        , -2.197589637081217e+01, -2.255611836362250e+01,  3.857734855370947e-01, -1.156201110610792e+01
s997        , -1.843774602570321e+01, -1.814323849269220e+01,  0.000000000000000e+00, -7.790641629805712e+00
s998        , -2.004154224207673e+01, -1.962290467455833e+01,  4.394154732264912e-02, -9.570960852496878e+00
s999        , -1.918982967461324e+01, -1.951846935470850e+01,  9.335188893614622e-02, -9.128211356353663e+00
s1000       , -2.386287011937712e+01, -2.395915243756689e+01,  2.376516805260267e-01, -1.439616630912903e+01
s1001       , -2.142986106465667e+01, -2.124242595089583e+01,  8.351306043566367e-02, -1.157102054093084e+01
s1002       , -1.703565403983971e+01, -1.777501098256220e+01,  0.000000000000000e+00, -7.281561310689771e+00
s1003       , -2.272857267296788e+01, -2.290381404226034e+01,  2.737554262542933e-01, -1.271913069960790e+01
s1004       , -1.957549960274314e+01, -1.880788340728753e+01,  0.000000000000000e+00, -8.709523668525556e+00
s1005       , -2.033955634118916e+01, -1.995772494287672e+01,  0.000000000000000e+00, -1.029919766019409e+01
s1006       , -2.103463075725037e+01, -2.156166185766335e+01,  0.000000000000000e+00, -1.251666564929996e+01
s1007       , -1.845815321471510e+01, -1.936864439225163e+01,  0.000000000000000e+00, -9.484784542088525e+00
s1008       , -2.105860584214290e+01, -2.083449825072405e+01,  2.614096903457587e-01, -9.932819245817814e+00
s1009       , -2.225664818829298e+01, -2.195505246781436e+01,  2.444327975162932e-01, -1.158451860316465e+01
s1010       , -2.029000137617794e+01, -2.027505874665833e+01,  3.320946200091200e-02, -1.053738016676086e+01
s1011       , -2.150175758271834e+01, -2.099498423390218e+01,  2.776029222722964e-01, -1.005691025869463e+01
s1012       , -1.789395613621291e+01, -1.771974180967404e+01,  0.000000000000000e+00, -7.205150810666972e+00
s1013       , -1.907481979836395e+01, -1.935918034307663e+01,  9.829786072102328e-02, -8.878125376148564e+00
s1014       , -1.701362802016618e+01, -1.692302958787714e+01,  0.000000000000000e+00, -6.103683644423056e+00
s1015       , -1.771043360260808e+01, -1.775324782750728e+01,  9.990884908508518e-02, -6.648170429671083e+00
s1016       , -2.325177194237830e+01, -2.261985884334726e+01,  1.369315539394393e-01, -1.315277377323991e+01
s1017       , -2.061131053204120e+01, -2.077558626041556e+01,  4.128753982454132e-02, -1.118058757267228e+01
s1018       , -1.637685178145171e+01, -1.641197333813687e+01,  0.000000000000000e+00, -5.397140348371855e+00
s1019       , -2.229355013298489e+01, -2.231431443604585e+01,  2.368506021168848e-01, -1.212698926406009e+01
s1020       , -1.626620443538163e+01, -1.691779554324800e+01,  0.000000000000000e+00, -6.096447495475005e+00
s1021       , -2.225684084822025e+01, -2.241952195436750e+01,  3.362598275982973e-01, -1.167215432830674e+01
s1022       , -1.619907626993357e+01, -1.651225791794241e+01,  0.000000000000000e+00, -5.535785355834197e+00
s1023       , -2.164326276096592e+01, -2.144010095045206e+01,  0.000000000000000e+00, -1.234860578486099e+01
s1024       , -1.814482992541786e+01, -1.817599223050668e+01,  0.000000000000000e+00, -7.835924187029503e+00
s1025       , -1.966276460675046e+01, -1.974031033342319e+01,  3.874087184005009e-02, -9.764680476268749e+00
s1026       , -1.787958226759213e+01, -1.797946839902383e+01,  0.000000000000000e+00, -7.564226901810764e+00
s1027       , -2.228548280106830e+01, -2.257752864014032e+01,  1.881146304285272e-01, -1.278518085704937e+01
s1028       , -1.939576101741603e+01, -1.937493080909967e+01,  0.000000000000000e+00, -9.493475612166279e+00
s1029       , -2.072177297910414e+01, -1.979533976021265e+01,  0.000000000000000e+00, -1.007469759342520e+01
s1030       , -2.116639743005703e+01, -2.083443533095909e+01,  0.000000000000000e+00, -1.151126354842627e+01
s1031       , -1.871817432191781e+01, -1.900009303488433e+01,  0.000000000000000e+00, -8.975256499078039e+00
s1032       , -1.793076662035363e+01, -1.889703883775239e+01,  1.229296463309699e-01, -8.090467609233446e+00
s1033       , -2.190726556241366e+01, -2.182157880842788e+01,  3.051649483496096e-01, -1.103325601694463e+01
s1034       , -1.655942363042545e+01, -1.718707483835083e+01,  0.000000000000000e+00, -6.468730352434473e+00
s1035       , -1.920990065585595e+01, -1.956418255005386e+01,  1.372827708668094e-01, -8.926132445241306e+00
s1036       , -1.624542641970273e+01, -1.620611872409476e+01,  0.000000000000000e+00, -5.112543109640149e+00
s1037       , -1.865413258865576e+01, -1.914649131899445e+01,  0.000000000000000e+00, -9.177654427376481e+00
s1038       , -2.303917859954092e+01, -2.317061818354265e+01,  2.646637614585216e-01, -1.314289194405257e+01
s1039       , -2.268866240524940e+01, -2.353519366843354e+01,  3.139003524938977e-01, -1.334960645430760e+01
s1040       , -2.002650999928207e+01, -2.034251992520451e+01,  1.414253556806396e-01, -9.977180958211143e+00
s1041       , -2.439240447433291e+01, -2.420746515827428e+01,  1.577546161497642e-01, -1.522192368330652e+01
