# c0 + a0 * ((B + SBI) * (face-area-count + face-area-max)) + a1 * ((Ge * S) + (poly_dist_avg_fixed * P)) + a2 * ((O - NBI) * (face-area-avg - poly_dist_avg))
# Property Label: $E$; Unit of the Property: Unitless
# RMSE: 0.604024338578957; Max AE: 3.03500393884593
# Coefficients
# Task   a0                      a1                      a2                      c0
# all , -6.819921218899108e-02,  8.144436358276742e+00,  2.183411114073519e+00,  3.996949348534688e-01, 
# Feature Rung, Units, and Expressions
# 0;  2; Unitless;                                         8|5|add|34|31|add|mult; ((B + SBI) * (face-area-count + face-area-max)); $\left(\left(B + SBI\right) \left(face-area-count + face-area-max\right)\right)$; ((B + SBI) .* (face_sub_area_sub_count + face_sub_area_sub_max)); ((newdata$B + newdata$SBI) * (newdata$face_sub_area_sub_count + newdata$face_sub_area_sub_max)); B,SBI,face-area-count,face-area-max
# 1;  2; Unitless;                                         18|10|mult|30|16|mult|add; ((Ge * S) + (poly_dist_avg_fixed * P)); $\left(\left(Ge S\right) + \left(poly_{dist, avg, fixed} P\right)\right)$; ((Ge .* S) + (poly_dist_avg_fixed .* P)); ((newdata$Ge * newdata$S) + (newdata$poly_dist_avg_fixed * newdata$P)); Ge,S,poly_dist_avg_fixed,P
# 2;  2; Unitless;                                         11|4|sub|32|29|sub|mult; ((O - NBI) * (face-area-avg - poly_dist_avg)); $\left(\left(O - NBI\right) \left(face-area-avg - poly_{dist, avg}\right)\right)$; ((O - NBI) .* (face_sub_area_sub_avg - poly_dist_avg)); ((newdata$O - newdata$NBI) * (newdata$face_sub_area_sub_avg - newdata$poly_dist_avg)); O,NBI,face-area-avg,poly_dist_avg
# Number of Samples Per Task
# Task, n_samples               
# all , 1041                  

# Sample ID , Property Value        ,  Property Value (EST) ,  Feature 0 Value      ,  Feature 1 Value      ,  Feature 2 Value      
s1          ,  6.774572406644882e-01,  4.714134712550693e-01,  7.722484019090802e+00,  6.607395542541587e-02,  2.759477468782551e-02
s2          ,  1.967875961713064e+00,  6.071631423277071e-01,  5.719465577966875e+00,  5.107569640825448e-02,  8.314902036164412e-02
s3          , -1.271285198486554e+00, -1.213261097973244e+00,  1.151050705219003e+01,  0.000000000000000e+00, -3.791995536868227e-01
s4          , -1.922048452937919e-01, -6.035649413868058e-01,  3.939354260895160e+00,  3.910444983461126e-03, -3.510321004019648e-01
s5          ,  2.455067115358116e-01,  3.824533975080022e-01,  5.981601760857115e+00,  5.877468605370541e-02, -4.029827415537564e-02
s6          ,  1.771859120156342e-01,  6.845977096129340e-01,  7.441107847387886e+00,  8.077500691417734e-02,  6.160707149731388e-02
s7          , -1.787554844087500e-01,  3.986458474438304e-02,  9.004157889433115e+00,  0.000000000000000e+00,  1.164444582775814e-01
s8          ,  1.258527874893824e+00,  1.080876635934727e+00,  2.945550128968186e+00,  1.822916666666667e-01, -2.759887840575059e-01
s9          ,  1.207996528852184e+00,  1.210900302543295e+00,  4.063233109275661e+00,  3.505653348527699e-02,  3.676810810366626e-01
s10         , -3.778119871449526e-01,  6.415992809885014e-01,  2.849924836792299e+00,  5.078125000000000e-02,  1.038847692821709e-02
s11         ,  2.051916464504999e-01, -1.388238103320978e+00,  1.040971491904519e+01,  0.000000000000000e+00, -4.937222654199975e-01
s12         , -9.030892502610830e-01, -4.429307699350693e-01,  9.031806847932646e+00,  0.000000000000000e+00, -1.038116878930409e-01
s13         , -1.915336013610817e+00, -1.286725071608464e+00,  1.552728216268229e+01,  0.000000000000000e+00, -2.873813325792656e-01
s14         , -4.972857440368104e-01, -4.926202101347406e-01,  4.160915048244483e+00,  9.989258861439311e-02, -6.513261923875037e-01
s15         ,  9.892906044607527e-01,  7.421232756487587e-01,  7.250900891173162e+00,  3.961632479540865e-02,  2.355403569551536e-01
s16         ,  7.196956197004112e-01,  9.886726736533975e-01,  5.940484852085561e+00,  6.324570464138925e-02,  2.193876848290640e-01
s17         , -8.233048349290433e-01, -8.005939961201025e-01,  1.146764647471601e+01,  0.000000000000000e+00, -1.915372112198551e-01
s18         ,  6.436893120625885e-01,  7.460615659528691e-02,  8.778786191309642e+00,  1.642741658351195e-02,  6.403992091464092e-02
s19         ,  6.782210382119218e-01,  1.461798812536383e+00,  7.072640622268506e+00,  0.000000000000000e+00,  7.073575774449766e-01
s20         ,  1.358387811126361e-01, -9.527888594345337e-01,  6.550277590618803e+00,  0.000000000000000e+00, -4.148371404498124e-01
s21         ,  1.192439177417436e+00,  4.479184990207028e-01,  6.620429075975070e+00,  0.000000000000000e+00,  2.288765538842985e-01
s22         , -1.675888320916539e+00, -1.640432106241762e+00,  4.940121734353485e+00,  0.000000000000000e+00, -7.800705143050127e-01
s23         ,  1.682267394333138e+00,  1.753593119897033e+00,  4.619839225303851e+00,  3.433516157285768e-02,  6.363103280974765e-01
s24         , -5.344901610254715e-02,  5.867367195658330e-02,  6.543811441211430e+00,  0.000000000000000e+00,  4.820966671304395e-02
s25         ,  7.630444568978922e-01,  1.150066037371991e+00,  2.453698306097079e+00,  0.000000000000000e+00,  4.203108558111445e-01
s26         , -7.690353008448225e-01, -1.961182547739348e+00,  1.035928426599775e+01,  0.000000000000000e+00, -7.577054298873803e-01
s27         ,  1.318355805735755e-01,  4.837073435041176e-01,  3.680690710104572e+00,  2.288915790463834e-02,  6.806474721335537e-02
s28         , -1.557515501210242e+00, -1.209404846648441e+00,  5.617354815446769e+00,  1.032216379267618e-02, -6.000101429123038e-01
s29         ,  1.315402392066626e+00,  1.449499023195867e+00,  2.507996332925429e+00,  0.000000000000000e+00,  5.591468572050530e-01
s30         , -1.602536800620832e+00, -1.198369082621898e+00,  1.430728438998654e+01,  0.000000000000000e+00, -2.850212172610021e-01
s31         , -6.577868421803238e-01, -5.349180512706535e-02,  6.949717936600419e+00,  0.000000000000000e+00,  9.516553294697323e-03
s32         ,  1.122204297021453e+00,  5.250981202784651e-01,  7.768419565537452e+00,  1.339492083829990e-02,  2.501174405206945e-01
s33         ,  1.732999170998263e+00,  7.301495463281924e-01,  6.685385987819410e+00,  0.000000000000000e+00,  3.601670175417309e-01
s34         ,  1.815120104294484e+00,  6.289406643305828e-01,  3.280837706172987e+00,  1.962809917355372e-02,  1.342561966070607e-01
s35         ,  5.934117724273275e-01,  8.958261134427919e-01,  4.900386189563115e+00,  2.314021452111968e-02,  2.939756271816780e-01
s36         ,  9.702627198604924e-01,  6.689928406293510e-01,  8.069802947286075e+00,  1.010045933723146e-01, -1.361801858606032e-03
s37         ,  1.142962175227537e+00,  5.023710710603790e-01,  8.187968651037165e+00,  7.165781095709649e-02,  3.548423209120569e-02
s38         ,  2.376281988155590e-01,  6.741632384187208e-01,  3.646315649809173e+00,  0.000000000000000e+00,  2.395994757481169e-01
s39         , -9.901628269429662e-01, -2.278763619769208e-01,  1.057619576291916e+01,  0.000000000000000e+00,  4.292225204551504e-02
s40         , -6.175077579414836e-01,  2.761773701577408e-01,  5.209119729961911e+00,  7.384563150746943e-03,  7.859133415819569e-02
s41         , -6.558266813617915e-01, -2.765739728912642e-01,  6.651059020202493e+00,  0.000000000000000e+00, -1.019835068664683e-01
s42         , -1.132806252875512e-01, -1.502236901637924e-01,  3.152153598908755e+00,  2.399599426565118e-02, -2.429126047790660e-01
s43         ,  3.987508132795206e-01,  2.380539289249093e-01,  9.371321281421372e+00,  0.000000000000000e+00,  2.186833801278467e-01
s44         , -1.257042213831158e-02,  1.062803788565083e-01,  2.812145027287310e+00,  2.637119113573407e-02, -1.449140596712476e-01
s45         , -2.453536714432208e-01, -3.591656401484052e-01,  8.902384143866218e+00,  0.000000000000000e+00, -6.948988617327485e-02
s46         ,  4.319604697532172e-01,  8.823485195646015e-01,  5.339867708189696e+00,  1.367166474432911e-01, -1.221261891070327e-01
s47         , -5.858250576994644e-01, -5.803672922535863e-02,  8.964407696298984e+00,  5.869744838970749e-02, -1.485857391502637e-01
s48         , -1.351740028810569e+00, -1.374391720724933e+00,  2.898147149127664e+00,  7.742878013148284e-02, -1.010826161437994e+00
s49         ,  1.400180920836999e+00,  5.788341742512991e-01,  4.422478512759878e+00,  4.053823113548206e-02,  6.896902986346073e-02
s50         ,  6.339509690024701e-01,  6.384215405485718e-01,  3.576005154577377e+00,  1.140992751502213e-01, -2.045729922717580e-01
s51         ,  9.663578673416964e-01,  7.112690222092102e-01,  7.717799445140892e+00,  0.000000000000000e+00,  3.837673647193722e-01
s52         ,  1.470345916377529e-01,  2.652796847115601e-01,  6.387237036958958e+00,  7.487346431934137e-02, -1.413443758897853e-01
s53         , -1.879048126514940e+00, -5.087407434940983e-02,  1.056389946797615e+01,  0.000000000000000e+00,  1.236050372819112e-01
s54         ,  2.462378298792408e+00,  1.736704729146753e+00,  4.191959917949975e+00,  0.000000000000000e+00,  7.432856541604352e-01
s55         ,  2.147693442064033e-01, -2.165790772188254e-01,  3.933564133691228e+00,  1.289384438865031e-02, -2.074832033127195e-01
s56         ,  1.250856345991485e+00,  1.380282931648411e+00,  2.545719416451849e+00,  2.327402042711730e-02,  4.418088151441026e-01
s57         ,  3.470878239384724e-01,  6.608038647807015e-01,  9.485704465982906e+00,  0.000000000000000e+00,  4.158751852603635e-01
s58         ,  2.650904256602346e+00,  3.440077316769293e-01,  6.959263305352835e+00,  0.000000000000000e+00,  1.918690753949199e-01
s59         ,  2.436955679659398e-02,  1.816505755329246e-01,  3.677530641142507e+00,  0.000000000000000e+00,  1.500419824516244e-02
s60         , -1.350996154759193e+00, -1.202546272789199e+00,  3.804032930920439e+00,  1.237504646335106e-02, -6.611658828973916e-01
s61         , -1.175408395594881e+00, -5.493562018066187e-01,  3.478782480304701e+00,  2.124572295887202e-02, -4.052536624675077e-01
s62         ,  5.137509822735412e-02, -4.680869035935298e-02,  4.860760129943026e+00,  3.098791014147258e-03, -6.423046901677058e-02
s63         ,  1.630781368412474e+00,  1.269084612843347e+00,  4.158079006845684e+00,  4.807337044085762e-02,  3.487372943578736e-01
s64         , -7.346563779561162e-02,  1.348040609878077e+00,  4.440009864276512e+00,  0.000000000000000e+00,  5.730257768750585e-01
s65         ,  6.477994742971301e-01,  8.439644227145119e-01,  5.475395449228346e+00,  3.264027703229993e-02,  2.527469432387128e-01
s66         ,  1.102507059534665e+00,  5.156811823900320e-01,  5.305031024221470e+00,  0.000000000000000e+00,  2.188251131209256e-01
s67         , -2.689254974131806e-01, -1.150221504255216e-01,  1.100088747141908e+01,  0.000000000000000e+00,  1.078746792728848e-01
s68         ,  1.634793292022643e+00,  1.016331936392815e+00,  4.063231648896608e+00,  0.000000000000000e+00,  4.093348216351421e-01
s69         ,  3.008420412735001e-01,  8.683540226703754e-01,  6.158920314732581e+00,  0.000000000000000e+00,  4.070202791806976e-01
s70         ,  4.428344099007711e-01,  1.030386860152785e-01,  7.951144758888849e+00,  0.000000000000000e+00,  1.124870887280758e-01
s71         , -2.587880550234566e-02, -2.631667606101266e-01,  1.925191164326475e+00,  2.400549642251538e-02, -3.330002343209004e-01
s72         ,  3.320850724266521e-01,  1.063190669319929e+00,  5.965576995866423e+00,  1.802754474538011e-02,  4.229708225857677e-01
s73         , -1.001377721869569e+00, -6.819848341663840e-01,  1.643645071133877e+01,  0.000000000000000e+00,  1.798709387503419e-02
s74         ,  1.535377236435878e+00,  1.204396299377725e+00,  3.093614332605018e+00,  0.000000000000000e+00,  4.651819431886846e-01
s75         ,  2.223324131252060e-01,  1.991440141241982e-01,  8.295786894997239e+00,  0.000000000000000e+00,  1.672681830935299e-01
s76         , -5.720277382811452e-01, -3.563800565678442e-01,  2.950260678097754e+00,  1.847262979710313e-02, -3.230352225603133e-01
s77         , -1.197863875151751e+00, -6.401893403860867e-01,  4.113873323192862e+00,  0.000000000000000e+00, -3.477683843680060e-01
s78         , -1.436625202734528e+00, -1.085596475432513e+00,  8.777250567980296e+00,  8.162302175590483e-03, -4.365495718267085e-01
s79         ,  4.409066269069510e-01,  9.432326975894101e-01,  5.643465101464185e+00,  5.173679157340034e-02,  2.322286568262850e-01
s80         ,  6.309139277294878e-01,  8.005498153741120e-02,  1.025152056612295e+01,  0.000000000000000e+00,  1.738132001740781e-01
s81         , -1.685326208098238e+00, -9.789941596297753e-01,  1.356407959168534e+01,  0.000000000000000e+00, -2.077618591100833e-01
s82         , -1.663665661245249e-01, -2.097129821788860e-01,  3.662361381117599e+00,  0.000000000000000e+00, -1.647137150537742e-01
s83         , -1.321966357459877e+00, -7.498004531151103e-01,  2.357442383617264e+00,  8.831504850886846e-03, -4.857753526096099e-01
s84         ,  1.425519064192979e+00,  4.416968535550915e-01,  4.107541466529876e+00,  5.860359643022856e-02, -7.106323208645753e-02
s85         , -6.984731689207798e-01, -1.439382035201399e-01,  7.384221204242864e+00,  0.000000000000000e+00, -1.833601988968089e-02
s86         , -2.932580333118892e-01, -5.449237755447980e-02,  9.978457376834550e+00,  0.000000000000000e+00,  1.036614763452986e-01
s87         ,  3.346071912195332e-02,  5.462109226048509e-02,  4.727701090855724e+00,  1.322359324019802e-02, -5.969881964232410e-02
s88         , -7.344698336486584e-02, -3.204630441441212e-01,  6.068813819312743e+00,  4.349110043222637e-03, -1.564939856532500e-01
s89         ,  2.903456543575506e-01,  7.687657162967784e-01,  6.431665282572719e+00,  6.443715444021464e-02,  1.295683536223633e-01
s90         ,  3.160753830639385e-01,  2.931622522344637e-01,  4.545988995130421e+00,  2.432202088207329e-02,  2.478248029018145e-03
s91         ,  4.911838748491691e-01,  1.288451725591556e+00,  3.883698453468069e+00,  2.940827496500836e-02,  4.186605701019711e-01
s92         , -8.899315452749768e-01, -1.092564974542455e+00,  8.151941166319563e+00,  0.000000000000000e+00, -4.288262242537973e-01
s93         ,  8.806558878772817e-01,  7.278581048626059e-02,  8.720142728278965e+00,  0.000000000000000e+00,  1.226510839625411e-01
s94         ,  2.174850994919374e-01,  7.634713562447567e-01,  6.534688427584790e+00,  4.095000000000000e-02,  2.179719394639071e-01
s95         , -7.665153489308597e-01, -1.218523344766912e+00,  4.940613817524775e+00,  0.000000000000000e+00, -5.868213738019861e-01
s96         ,  5.275622810365228e-01,  4.853878417513102e-02,  6.239901921669759e+00,  0.000000000000000e+00,  3.407523394772193e-02
s97         ,  2.030602111680013e+00,  2.147924809617450e+00,  3.014190784006428e+00,  3.430393880396505e-02,  7.668775955204942e-01
s98         , -9.469867286116609e-01, -3.816920424626178e-01,  7.417303825852293e+00,  0.000000000000000e+00, -1.261936875060228e-01
s99         , -9.198822372946849e-01, -1.759568105297128e+00,  7.786894150313547e+00,  0.000000000000000e+00, -7.457152632435148e-01
s100        , -4.843791818667553e-01,  1.750935012295478e-02,  6.888314607578883e+00,  0.000000000000000e+00,  4.011706464792487e-02
s101        , -2.042448773263304e-01,  1.061740887816907e-01,  8.808379439235031e+00,  0.000000000000000e+00,  1.406989688591528e-01
s102        , -5.164158759195604e-01, -1.741939305662927e+00,  5.281861828587869e+00,  5.953550345148460e-03, -8.380939920166779e-01
s103        ,  1.172650799800637e-01,  9.581863449219623e-01,  3.657730885204073e+00,  3.305555555555555e-02,  2.467363580118284e-01
s104        , -1.768695959917696e+00, -1.695902329158444e+00,  6.325342570717948e+00,  0.000000000000000e+00, -7.622082131654041e-01
s105        ,  5.247327840013729e-01, -1.307845996676532e-01,  1.308813696308140e+01,  4.038294509141188e-03,  1.507876646018939e-01
s106        ,  5.297962102782025e-01,  1.272741917151423e+00,  5.184315483380056e+00,  0.000000000000000e+00,  5.617875653821376e-01
s107        ,  1.497385912477808e-01, -1.045226932210873e+00,  6.636100592950691e+00,  0.000000000000000e+00, -4.544929849545478e-01
s108        ,  4.406641357796892e-01,  7.648520407140296e-01,  8.228622615009730e+00,  0.000000000000000e+00,  4.242639783382310e-01
s109        , -6.596772585897818e-01, -3.653878873715938e-01,  4.709465622539880e+00,  2.762209024624181e-02, -3.063405369325595e-01
s110        ,  1.094420195469493e+00,  6.156205022531837e-01,  6.363431600602800e+00,  8.933902490352631e-02, -3.559082976038114e-02
s111        ,  3.915962330096326e-01,  7.893532106919525e-01,  5.443793567074914e+00,  1.470588235294118e-02,  2.936458376455198e-01
s112        ,  8.365523515867515e-01,  1.210335679079488e-01,  7.704987722771842e+00,  0.000000000000000e+00,  1.130399694691018e-01
s113        , -1.291655352083360e-01,  3.194778745597756e-01,  6.209597819285617e+00,  4.570799020876527e-03,  1.401687640442025e-01
s114        ,  1.376602311009741e+00,  4.358177182961933e-01,  7.766893670513634e+00,  2.970547608614514e-02,  1.483387399486276e-01
s115        ,  2.854337653329592e+00,  5.147056938888552e-01,  8.817156737059307e+00,  1.252572899129236e-02,  2.813574116571062e-01
s116        , -4.031277243707178e-01, -3.843949616872621e-01,  1.244267570836737e+01,  0.000000000000000e+00,  2.953671155987737e-02
s117        , -1.548008576871541e+00, -1.718388880342963e+00,  1.544494826238876e+01,  0.000000000000000e+00, -4.876546173731439e-01
s118        , -1.376296935489929e+00, -1.183186556924027e+00,  7.065712707658977e+00,  0.000000000000000e+00, -5.042593419373509e-01
s119        ,  1.159776550977451e-01,  9.607937361117146e-02,  9.568245237770372e+00,  4.338952298200643e-02, -2.039003332690682e-03
s120        , -1.608916416404319e-01,  4.066701625793935e-01,  6.074095487305079e+00,  0.000000000000000e+00,  1.929200378278617e-01
s121        ,  3.197271174130288e-01,  8.004422666931554e-01,  6.501730653220226e+00,  0.000000000000000e+00,  3.866245045713806e-01
s122        , -1.530552753436365e+00, -7.446582360215744e-01,  5.716554353302388e+00,  1.238561279292408e-02, -3.917551290185931e-01
s123        , -1.233881263109963e+00, -1.661813492594498e+00,  7.903125377581292e+00,  0.000000000000000e+00, -6.973132512940182e-01
s124        , -5.427146006639550e-01, -3.297173795957407e-01,  1.228803280786745e+01,  0.000000000000000e+00,  4.974868988239895e-02
s125        ,  9.732454451545894e-01,  1.112110519186761e-01,  2.111679254266557e+00,  5.925044616299822e-02, -2.871793155812001e-01
s126        , -1.840471966312827e-01, -2.281443302260648e-01,  5.615912274996044e+00,  9.304338456349009e-03, -1.468422792891969e-01
s127        , -1.081994746251625e+00, -1.620636306031719e+00,  7.246810667589846e+00,  0.000000000000000e+00, -6.989542430356053e-01
s128        ,  4.539347974729817e-01,  9.480277381557516e-01,  4.865654117071212e+00,  2.355130189122283e-02,  3.152656396343028e-01
s129        , -9.281932508350824e-01, -6.763653155380365e-01,  5.025451757595238e+00,  0.000000000000000e+00, -3.358636378201733e-01
s130        , -7.213314288938638e-01, -1.562942790994320e-01,  1.014671657585918e+01,  0.000000000000000e+00,  6.229191651036595e-02
s131        , -2.205996399193568e-01, -2.847977067496000e-01,  8.570181552936159e+00,  0.000000000000000e+00, -4.580585430363939e-02
s132        , -1.239159936584262e+00, -1.058233108351771e+00,  1.277607749494570e+01,  0.000000000000000e+00, -2.686665921059761e-01
s133        , -3.218370754810609e-01, -4.343818460393757e-01,  1.218647185613927e+01,  0.000000000000000e+00, -1.359799316627650e-03
s134        , -1.004593496203065e+00, -9.739648580998486e-01,  1.270078276050980e+01,  2.013572022049377e-03, -2.399345777406251e-01
s135        ,  9.616883013837800e-01,  4.164233804751205e-01,  7.867073299561029e+00,  4.572540036903335e-02,  8.282866770108194e-02
s136        ,  1.177397001560173e+00,  9.787757056334354e-01,  4.740821323072083e+00,  1.247488039671899e-02,  3.667656427652942e-01
s137        , -1.190015539084228e+00, -3.233425959469924e-01,  8.221665119200946e+00,  0.000000000000000e+00, -7.434534236037761e-02
s138        ,  2.514478411301381e-01, -6.880374994737398e-02,  9.648780011336585e+00,  0.000000000000000e+00,  8.680935502044654e-02
s139        , -1.987650229798378e-01,  4.581993991733708e-01,  4.471101219620048e+00,  3.731762065095398e-02,  2.725050646564330e-02
s140        , -1.883191692860165e-02, -2.002237136468770e-01,  8.495804160941585e+00,  5.050715693664010e-02, -1.977931779940536e-01
s141        ,  4.763479271249645e-01,  9.631800397342873e-01,  5.696137497351755e+00,  5.165745527091017e-02,  2.433056854990602e-01
s142        , -1.264849480226229e+00, -7.630796432868494e-01,  4.058381102904637e+00,  9.355932203389832e-02, -7.547750020899853e-01
s143        ,  5.343202969822768e-02,  3.401284233063864e-01,  7.479469549452467e+00,  0.000000000000000e+00,  2.063410854754649e-01
s144        ,  1.580293395785219e-01, -3.380500727733091e-01,  1.057966538759943e+01,  0.000000000000000e+00, -7.428817626149294e-03
s145        ,  9.188749641933952e-01,  9.883901962759695e-01,  5.350369395937154e+00,  2.889139411423015e-02,  3.289724568362156e-01
s146        ,  8.965084025411505e-01,  4.134833942187324e-01,  8.017876382118446e+00,  0.000000000000000e+00,  2.567548128893437e-01
s147        ,  6.848734553557310e-01,  6.598764665197754e-01,  7.847867914768684e+00,  0.000000000000000e+00,  3.642923385751387e-01
s148        ,  2.946101194283518e-01,  6.651022185970070e-01,  7.232718095574159e+00,  6.185384106707957e-02,  1.167477284135408e-01
s149        , -1.049624548293927e+00, -5.836043294450673e-01,  9.443963210235994e+00,  0.000000000000000e+00, -1.553662575188320e-01
s150        ,  3.591106519707902e-01,  6.040602465288640e-01,  6.285806020741069e+00,  3.602783935618396e-02,  1.555482993152241e-01
s151        , -1.331621263631160e-02,  1.894492866305974e-01,  2.478206887233955e+00,  9.002353301199835e-03, -5.246514670103086e-02
s152        ,  6.334057303004041e-01,  5.561107662723095e-01,  3.036017421247844e+00,  8.749389454012614e-02, -1.598959654595232e-01
s153        ,  1.034338109925286e+00,  3.164423594562568e-01,  8.221652815819594e+00,  4.499295290688702e-02,  5.084494958207061e-02
s154        , -3.383324211856340e-02,  1.982947588930288e-02,  5.033027096405017e+00,  6.755448991158701e-03, -4.196932948308232e-02
s155        ,  1.136039203602913e+00,  5.924856338459964e-01,  2.036612863685439e+00,  1.143147442520243e-01, -2.744984962659092e-01
s156        , -1.392262169733224e+00, -1.169284807082811e+00,  9.745820824912512e+00,  0.000000000000000e+00, -4.141787287392791e-01
s157        , -5.253740885024729e-01, -3.885071784359290e-04,  5.240847375239158e+00,  0.000000000000000e+00, -1.953905041651074e-02
s158        ,  3.989423304234663e-01,  5.740711776951404e-01,  5.301829975205131e+00,  0.000000000000000e+00,  2.454676844209712e-01
s159        ,  5.765884380454732e-01,  2.839888109831949e-01,  7.911038516234203e+00,  0.000000000000000e+00,  1.941093309463630e-01
s160        , -8.116051377987674e-01, -1.095718924300132e+00,  4.863185583883015e+00,  0.000000000000000e+00, -5.329955618998168e-01
s161        , -3.068617279191663e-01, -8.414936233592614e-01,  1.576690097087396e+01,  0.000000000000000e+00, -7.598126265271993e-02
s162        ,  7.336330388262124e-01, -7.433492950391829e-02,  1.117993433016040e+01,  3.749571035686368e-02, -7.762430683072892e-03
s163        ,  5.366582957206302e-01,  4.298549381422588e-01,  2.918098338794343e+00,  4.574202431795375e-02, -6.566376526510893e-02
s164        ,  1.442528357282191e+00,  1.117051315587410e+00,  3.878561895363040e+00,  1.704330261330640e-03,  4.433386048269672e-01
s165        , -1.062713736405366e-01,  4.089364798332272e-01,  7.126851838743557e+00,  4.701695854925842e-02,  5.146103653193061e-02
s166        , -8.326065002207604e-01, -1.688056482177761e-01,  1.102742121630388e+01,  0.000000000000000e+00,  8.407067966892516e-02
s167        ,  3.946237056414995e-01,  3.932056042891958e-01,  9.111871827892063e+00,  9.243200000000000e-02, -6.314586882631651e-02
s168        ,  2.235679947771067e+00,  1.849914776535709e+00,  4.968231841770371e+00,  0.000000000000000e+00,  8.193827207948340e-01
s169        ,  1.625062009748738e+00,  7.713665694551290e-01,  6.045959298301324e+00,  0.000000000000000e+00,  3.590717710554429e-01
s170        ,  1.327620092596634e-01,  9.305798688758471e-01,  5.916957064320279e+00,  1.363062442607897e-01, -8.047993624287418e-02
s171        ,  5.954984467350798e-01,  2.537404957355343e-01,  7.959262628224139e+00,  0.000000000000000e+00,  1.817619225139052e-01
s172        ,  5.199772380778388e-01,  1.729142534665836e-01,  8.368956902800461e+00,  0.000000000000000e+00,  1.575404576859468e-01
s173        ,  6.222838143288129e-01,  9.328598549545732e-01,  4.737341762170491e+00,  2.929687500000000e-02,  2.828790960328751e-01
s174        ,  1.054103529053623e+00,  7.232033790629773e-01,  5.915301546469554e+00,  4.623709530274912e-02,  1.604609719149937e-01
s175        , -5.255654946879281e-01, -4.735113792302061e-01,  1.489727266391892e+01,  0.000000000000000e+00,  6.539123321297730e-02
s176        ,  9.849433920982633e-01,  1.154155294482248e+00,  5.592460342632957e+00,  0.000000000000000e+00,  5.202234896914958e-01
s177        , -4.422819104749493e-01,  8.893291651299684e-02,  9.447044660151116e+00,  0.000000000000000e+00,  1.527513452900831e-01
s178        , -6.072036959750036e-01, -2.820516580874455e-01,  2.505934399304089e+00,  2.504954826579043e-02, -3.274043482501592e-01
s179        ,  1.274608736041423e+00,  6.228766265932681e-01,  4.481378319193674e+00,  0.000000000000000e+00,  2.421935838015649e-01
s180        , -1.497077617346340e+00, -1.637187503409626e+00,  6.098771542751937e+00,  3.152621592854829e-02, -8.599911720110908e-01
s181        , -2.083438027973673e+00, -1.685006740434937e+00,  5.126982785004513e+00,  9.597238910642656e-03, -8.304480902749640e-01
s182        ,  1.836267684377070e+00,  6.035460539350418e-01,  5.977833490788362e+00,  0.000000000000000e+00,  2.800822299605252e-01
s183        ,  9.114464311238878e-01,  8.771140989235604e-01,  3.971995347183122e+00,  5.240614764424287e-02,  1.472409759312524e-01
s184        ,  1.514590021168478e+00,  3.915326435696212e-01,  1.014801548831378e+01,  0.000000000000000e+00,  3.132366442089126e-01
s185        ,  1.833338059507960e+00,  1.217770722158249e+00,  2.987234205771132e+00,  0.000000000000000e+00,  4.679846136974334e-01
s186        ,  2.453649877689343e-01,  3.563985042829993e-01,  8.512590415710887e+00,  0.000000000000000e+00,  2.460624689531002e-01
s187        ,  3.720198183543537e-01,  1.408955928846072e-01,  3.468874997316072e+00,  1.630412326495233e-02, -7.099565138217069e-02
s188        ,  1.146530015212694e+00,  8.669654532118460e-01,  4.119729885179576e+00,  0.000000000000000e+00,  3.426898608952821e-01
s189        ,  1.953473158179789e-01,  4.680672667856237e-01,  7.464942206092623e+00,  5.692803437164339e-02,  5.213345107051955e-02
s190        , -2.653274521332475e-01,  2.110450326187731e-01,  3.268104541285719e+00,  7.699167657550536e-02, -2.715116513481364e-01
s191        , -1.734213411135429e+00, -1.754902558584972e+00,  1.062000797619097e+01,  0.000000000000000e+00, -6.550856624307052e-01
s192        , -1.380433379832566e+00, -1.018452192921564e+00,  5.703437030643500e+00,  6.992221153966212e-02, -7.321819547065564e-01
s193        ,  1.331098677791819e+00,  1.073819977996065e+00,  4.062894527587279e+00,  0.000000000000000e+00,  4.356537543478783e-01
s194        ,  5.090097107027989e-01, -3.371762286917512e-02,  1.148437691272486e+01,  0.000000000000000e+00,  1.602139413653505e-01
s195        , -9.924573921340460e-02, -2.847420995582099e-01,  4.461284732536797e+00,  5.190311418685121e-02, -3.677285214029742e-01
s196        , -5.779338669443590e-01, -2.215464727796973e-01,  8.902746593029809e+00,  0.000000000000000e+00, -6.449130710907696e-03
s197        ,  2.483047809304522e-01,  2.734809451249507e-01,  8.203017481219439e+00,  1.345048828879899e-02,  1.482445024306132e-01
s198        , -5.206217556690500e-01,  7.637614210330441e-01,  7.694548221568005e+00,  0.000000000000000e+00,  4.070825724535482e-01
s199        , -5.943289801913764e-01, -6.856221124994744e-02,  9.612704363901141e+00,  4.087395957193817e-03,  7.054657791335631e-02
s200        , -1.021605773659559e+00, -9.642089313621341e-01,  5.810236190134062e+00,  0.000000000000000e+00, -4.431828386231768e-01
s201        , -1.880186336712063e-01, -7.364303916848670e-01,  1.569038849477813e+01,  0.000000000000000e+00, -3.025229276772549e-02
s202        ,  8.974446090874552e-01,  6.527451089575564e-01,  5.893224347710978e+00,  4.198892323627806e-02,  1.433478637179752e-01
s203        ,  1.491847227695687e+00,  9.358097797989327e-01,  2.249687105018194e+00,  7.957054241834317e-02,  1.899986410817724e-02
s204        ,  5.673187961114483e-01,  2.218209829619806e-01,  8.648926017345785e+00,  0.000000000000000e+00,  1.886845707237207e-01
s205        ,  7.052663182498152e-02, -5.023906441869819e-01,  1.620981622578244e+01,  0.000000000000000e+00,  9.316207835304972e-02
s206        ,  4.612958000362408e-01, -3.456931573584318e-01,  1.243537892541646e+01,  0.000000000000000e+00,  4.703418110824289e-02
s207        , -1.890335631962240e-01, -7.381247099970784e-02,  6.944352623016431e+00,  5.866751848424528e-02, -2.187961283675030e-01
s208        ,  1.196645888991632e+00,  4.797811574015757e-01,  2.971498429949834e+00,  1.074986669477588e-03,  1.254848032099593e-01
s209        ,  1.251755561530769e-01,  6.156132808557266e-01,  3.638365798656422e+00,  1.089665326055731e-01, -1.939254408539781e-01
s210        ,  4.275859111659360e-01, -6.639581381184761e-02,  1.278095513264269e+01,  5.742894871491501e-03,  1.643243813764610e-01
s211        ,  5.283027681041661e-01,  9.047732051376325e-01,  4.818867448015991e+00,  7.709750566893424e-02,  9.425870567982421e-02
s212        , -5.193859304496163e-01, -3.730946111133181e-01,  4.304339324474783e+00,  6.706268751866426e-03, -2.445053845579230e-01
s213        , -7.895660096178727e-01, -5.125895555954627e-01,  6.623639940280348e+00,  5.564550421543794e-03, -2.316914062625439e-01
s214        , -8.273130453363812e-01, -1.658858064214675e+00,  5.188124143630229e+00,  0.000000000000000e+00, -7.807631868986070e-01
s215        ,  7.097242197335737e-01,  7.393824801124680e-01,  6.078696157402568e+00,  1.115046569592024e-01, -7.048271712718804e-02
s216        , -4.103389107009319e-01,  5.167022789334919e-02,  9.559751535668594e+00,  0.000000000000000e+00,  1.392054911399256e-01
s217        ,  5.083753923761842e-01, -8.646842813143850e-01,  1.502720388867012e+01,  0.000000000000000e+00, -1.097071220409400e-01
s218        ,  1.227559854195250e+00,  7.438977970204870e-01,  6.098433349150749e+00,  2.092476335825175e-02,  2.700777718323144e-01
s219        ,  4.233903461072759e-01,  2.365003287618342e-01,  4.700439561468231e+00,  3.794382658433034e-02, -6.945985155317640e-02
s220        , -9.401298955648565e-02,  2.224329791625180e-01,  9.857329932430430e+00,  0.000000000000000e+00,  2.267095632138006e-01
s221        ,  1.262898065596499e+00,  2.004505060073103e-01,  5.141731773514638e+00,  3.668612582842704e-03,  5.566466384049728e-02
s222        , -8.196925206317609e-01, -1.710937099569003e-01,  3.564405542717142e+00,  7.581234567901235e-02, -4.328767099046447e-01
s223        ,  4.013207508237785e-01, -5.484006304691671e-02,  1.009267459706765e+01,  0.000000000000000e+00,  1.070698307765415e-01
s224        ,  7.221682333138075e-01,  4.988863693759080e-01,  7.005061811937617e+00,  5.802609956845733e-02,  4.778818597418178e-02
s225        ,  7.658761358813224e-01, -4.250917448873623e-02,  8.859549934188102e+00,  0.000000000000000e+00,  7.420050922805563e-02
s226        ,  1.021677840387193e+00,  1.312054594947204e-01,  7.565476970129493e+00,  4.650126094657511e-03,  9.599540666031471e-02
s227        , -1.713769108940136e-01,  1.197119548285855e-01,  1.029597175340733e+01,  0.000000000000000e+00,  1.933644926309492e-01
s228        ,  1.274319171489858e-01, -2.579102898125063e-02,  3.162835622230946e+00,  3.072685022124369e-02, -2.106959789969368e-01
s229        ,  2.041762025685344e-01, -3.240776936584974e-01,  3.439785310052061e+00,  2.933122681172722e-02, -3.334545132854576e-01
s230        , -1.775628277285172e+00, -1.261238538530859e+00,  1.205626495880220e+01,  0.000000000000000e+00, -3.841263314298756e-01
s231        , -2.906010097813954e-01, -1.682652675052808e-01,  5.155681018043841e+00,  2.650300494807704e-02, -1.979466225793785e-01
s232        ,  7.153226846206260e-01,  1.560449609167431e+00,  4.232129348144776e+00,  0.000000000000000e+00,  6.638156929756023e-01
s233        , -3.817422129899863e-01, -6.491966262305623e-02,  9.793895035902038e+00,  0.000000000000000e+00,  9.312095506115410e-02
s234        , -1.045314287465124e-01,  1.069006212138462e+00,  3.255810423398074e+00,  4.364946124965660e-03,  3.919577727525214e-01
s235        , -2.007585327297883e+00, -2.031005726974898e+00,  4.526799949665530e+00,  1.669261737434948e-02, -1.034128853164040e+00
s236        ,  1.304199689079254e+00, -2.940199261198735e-01,  2.537442160604938e+00,  2.035260208718247e-02, -3.143813698871871e-01
s237        , -2.782406460538666e-01, -5.682130261283293e-02,  8.743723948072033e+00,  5.051729729859372e-03,  4.518404961405249e-02
s238        , -2.322383208123123e-01, -3.456789172994963e-01,  1.041198679776901e+01,  0.000000000000000e+00, -1.616028928107513e-02
s239        , -3.517230695261006e-01, -3.001431157173643e-01,  6.406296190866033e+00,  4.252681599834713e-02, -2.790544757218832e-01
s240        , -8.445222562838290e-01, -6.564380612202720e-01,  8.606793014932926e+00,  0.000000000000000e+00, -2.148731816732004e-01
s241        , -1.536302083677280e+00, -1.434282529682153e+00,  4.386446471214584e+00,  0.000000000000000e+00, -7.029483641429918e-01
s242        ,  2.935750684089247e-01,  3.893077097826855e-01,  3.805088753764494e+00,  1.320903965831448e-02,  6.482363604442269e-02
s243        ,  1.616760901218624e-01,  2.033219756607815e-01,  9.856253560569472e+00,  4.878135626413146e-02,  3.596167332085953e-02
s244        ,  1.913693632034482e-02,  8.558350260319012e-01,  5.496638136247017e+00,  2.415134275986783e-02,  2.905121273750253e-01
s245        ,  1.011107650821608e+00,  3.144985670434988e-01,  7.856197117046992e+00,  0.000000000000000e+00,  2.063697869218072e-01
s246        , -1.106818107812668e+00, -7.606606083983677e-01,  5.079704399476682e+00,  3.970572243311559e-03, -3.875870066527796e-01
s247        , -1.990274764442437e+00, -1.868904306572780e+00,  1.972316173003295e+01,  0.000000000000000e+00, -4.229598098174965e-01
s248        , -9.667152724294116e-02,  5.876236095545577e-01,  7.535108778406291e+00,  4.225932797361369e-02,  1.637981723262704e-01
s249        , -3.381305046273163e-03, -4.981601497742187e-01,  9.155280926302121e+00,  0.000000000000000e+00, -1.252499523897625e-01
s250        , -1.066763974390572e+00, -9.312156901627349e-01,  1.153855978184285e+01,  0.000000000000000e+00, -2.491468210418880e-01
s251        ,  1.207378380322024e+00, -4.039757731607335e-01,  1.363464488647726e+01,  0.000000000000000e+00,  5.780007755147535e-02
s252        , -7.806439949963919e-01, -2.977368809662287e-01,  4.557451382279430e+00,  4.065803465315568e-02, -3.287305780470993e-01
s253        ,  1.425727038542695e-01, -1.147357064821347e-01,  9.575102803103587e+00,  1.546241748797585e-02,  5.794214020067802e-03
s254        ,  2.519006949731616e-01, -5.427601498702039e-02,  7.828387407376689e+00,  1.995003539187650e-02, -3.781371680739160e-02
s255        ,  2.957126742656839e-01,  1.090159425046471e-01,  5.304327538665354e+00,  0.000000000000000e+00,  3.255088632755421e-02
s256        , -1.208240274724157e+00, -1.040496015377683e+00,  4.566766665145029e+00,  6.213136520772431e-03, -5.401381117804096e-01
s257        ,  9.313485666439150e-01,  9.151240622815686e-01,  6.047458404848638e+00,  7.308641975308641e-02,  1.523365571912892e-01
s258        , -6.564646920389060e-01, -4.084407021793938e-01,  5.698805984501225e+00,  0.000000000000000e+00, -1.921221137733234e-01
s259        ,  6.730828234081326e-01,  5.941212225995121e-01,  4.746405854163628e+00,  0.000000000000000e+00,  2.373018184205194e-01
s260        , -1.076132473957489e+00, -2.011063729011464e+00,  8.412177742576313e+00,  5.246913580246913e-02, -1.037086553122770e+00
s261        ,  4.986447736713935e-01,  3.993590211818949e-01,  3.156785986125657e+00,  2.935925411624677e-02, -1.106533391218674e-02
s262        , -7.901168230278026e-01, -2.041507089869010e-01,  1.015544710976766e+01,  0.000000000000000e+00,  4.064642151022919e-02
s263        , -1.546259780331375e+00, -1.071742895777201e+00,  2.654650701737616e+00,  7.745036370381123e-02, -8.798994792428271e-01
s264        , -5.529113966692345e-01,  3.621995435782557e-01,  6.866014822641329e+00,  0.000000000000000e+00,  1.972882741735263e-01
s265        , -4.420703395591482e-01,  6.799466980223932e-01,  6.567117789339633e+00,  2.559016068240428e-02,  2.380250720207608e-01
s266        ,  1.642224930755288e-01,  7.614363921973621e-01,  5.498140692666036e+00,  1.469809212644243e-02,  2.825865642979760e-01
s267        , -5.742332897034260e-01, -3.006883415075305e-01,  6.017895888991407e+00,  0.000000000000000e+00, -1.328048189492973e-01
s268        , -1.103100765949088e+00, -6.323020941006432e-01,  7.371030649731484e+00,  0.000000000000000e+00, -2.424181786974706e-01
s269        ,  7.960085847259791e-01,  4.610034652316108e-01,  4.262431570869212e+00,  0.000000000000000e+00,  1.612170073020218e-01
s270        , -4.283987476508868e-01,  2.684116292970222e-01,  1.268605558945277e+01,  0.000000000000000e+00,  3.361234568696382e-01
s271        ,  2.199521430164574e-01, -3.593522335864401e-01,  7.142146362552159e+00,  0.000000000000000e+00, -1.245566679689559e-01
s272        ,  4.892735632468817e-01,  5.154282283204044e-01,  3.962104960051329e+00,  0.000000000000000e+00,  1.767627396713594e-01
s273        , -7.406199765582813e-01, -1.934086387079872e-02,  8.063015031631920e+00,  8.972921006248998e-03,  2.646138871666363e-02
s274        ,  1.772759222941352e-01,  2.374093989728418e-01,  1.081208813347165e+01,  0.000000000000000e+00,  2.633907802489616e-01
s275        ,  2.643568451335951e-01,  3.234183332993332e-02,  8.942150015317734e+00,  0.000000000000000e+00,  1.110622196772162e-01
s276        , -5.816893010125334e-01, -1.874905678542376e-01,  4.775076365042737e+00,  4.610995749966039e-02, -2.917767829897100e-01
s277        , -1.588157064474181e+00, -1.548784713187203e-01,  9.244149346840068e+00,  2.012568989936816e-02, -4.032319124174457e-02
s278        ,  1.926575532177041e+00,  8.619686156674591e-01,  6.693490969228665e+00,  9.832702020202021e-02,  5.401929696836515e-02
s279        ,  1.613883746546309e+00,  1.578000427455046e+00,  4.363879690380551e+00,  5.037853647685005e-02,  4.880500326052474e-01
s280        , -1.609264987376504e+00, -1.517382077751848e+00,  4.095570540218636e+00,  2.037276489613123e-02, -8.260867611283523e-01
s281        , -1.346496740458654e+00,  1.305221535106365e-01,  9.719361931974216e+00,  0.000000000000000e+00,  1.803050478491902e-01
s282        , -1.354536059868065e+00, -7.943812157911254e-02,  8.983599338035049e+00,  0.000000000000000e+00,  6.116179412213720e-02
s283        ,  4.444527822772946e-01,  3.422771235342658e-01,  4.245392738931253e+00,  1.474287329299470e-01, -4.436220451463479e-01
s284        ,  2.385788249720763e+00,  9.849661729409940e-01,  5.440065817426852e+00,  5.723876686905110e-02,  2.244661776895983e-01
s285        ,  4.002184027452821e-01,  6.482373071188314e-01,  5.890294278473445e+00,  1.572189710891781e-02,  2.391715457604991e-01
s286        ,  1.951350507345722e+00,  1.772000358272741e+00,  2.311947007131771e+00,  0.000000000000000e+00,  7.007284968307796e-01
s287        , -7.632184401675010e-01, -9.559397081803187e-01,  7.694946599549144e+00,  0.000000000000000e+00, -3.805262974768408e-01
s288        ,  7.091749484961576e-01, -2.877569159586507e-01,  8.545505085122752e+00,  3.327041633972703e-02, -1.720353635285930e-01
s289        ,  2.314010563846089e+00,  1.004298408905638e+00,  4.320959688110991e+00,  3.929945781830525e-03,  3.972143962169684e-01
s290        ,  7.654861282396249e-01,  1.066862002725106e-01,  4.168631102830460e+00,  0.000000000000000e+00, -3.989801739693100e-03
s291        , -1.053228118031399e+00, -3.058363395042363e-01,  9.250194618093683e+00,  0.000000000000000e+00, -3.420120394530343e-02
s292        , -1.544830063612452e+00, -1.309590564434903e-01,  8.091885092648150e+00,  0.000000000000000e+00,  9.712416048813748e-03
s293        , -1.690406548169091e+00, -1.899237939168241e+00,  8.846767713884899e+00,  8.733041508877368e-03, -8.091540685633382e-01
s294        ,  1.421215154761337e+00,  8.718501301077253e-01,  4.600048228177449e+00,  0.000000000000000e+00,  3.599298617570659e-01
s295        , -1.705271840139647e+00, -1.441997118528235e+00,  1.195810601837163e+01,  0.000000000000000e+00, -4.699795824258927e-01
s296        , -7.627385590929443e-01,  5.113589093075508e-01,  8.995691485749987e+00,  0.000000000000000e+00,  3.321239148245118e-01
s297        ,  3.113058113377143e-01,  4.188238386271230e-01,  5.427732852153718e+00,  0.000000000000000e+00,  1.782971634400755e-01
s298        ,  4.087923101857815e-01,  7.395305460764890e-01,  7.018782756878111e+00,  7.198289782677771e-02,  1.063706848592298e-01
s299        , -3.373353052859910e-01, -3.514207078237145e-01,  3.580961573642097e+00,  1.379701070044946e-02, -2.836230685409825e-01
s300        , -1.247040873629315e+00, -1.541221068674018e+00,  8.419893018570615e+00,  0.000000000000000e+00, -6.259407237309530e-01
s301        ,  1.197929368440681e+00,  1.367067761448534e+00,  3.918760774619059e+00,  4.902780772000970e-02,  3.825781407063181e-01
s302        , -1.485192472843855e+00, -1.205522874973628e+00,  1.207715586530527e+01,  0.000000000000000e+00, -3.579560849955939e-01
s303        , -8.549580863671642e-01, -2.456082712117769e-01,  1.021835927103108e+01,  0.000000000000000e+00,  2.362397340137844e-02
s304        ,  1.882993199254014e+00,  8.493930095606981e-01,  6.753738777629402e+00,  3.142984561150163e-02,  2.996775811577296e-01
s305        , -5.165357198073315e-01, -4.319583184900527e-01,  5.096675856084854e+00,  1.091363948433776e-02, -2.624102321822090e-01
s306        ,  1.036931584747022e+00,  7.506996293185957e-01,  4.238184484843119e+00,  2.641559392150478e-02,  1.946062338624460e-01
s307        ,  5.869139350739364e-01,  5.570776694943882e-01,  2.028567137549513e+00,  1.012743812113201e-01, -2.423241934580378e-01
s308        , -1.992374094653734e+00, -1.767857516251609e-01,  8.927415002393170e+00,  0.000000000000000e+00,  1.482175452903496e-02
s309        ,  1.168183907358183e+00,  4.732550572919206e-01,  4.642832687811760e+00,  7.233223695973076e-02, -9.109949345577646e-02
s310        , -1.689353307212060e-01,  2.841467363688377e-02,  3.987436512725192e+00,  9.592872008324661e-02, -4.033255956094776e-01
s311        ,  4.171830243610439e-01,  3.979716289083475e-01,  8.956591448376244e+00,  6.631780385781301e-02,  3.159645077717243e-02
s312        , -6.851064106122525e-01, -2.619240098396521e-01,  6.264776186881503e+00,  2.960609376315125e-02, -2.177744207738789e-01
s313        , -3.693039585493864e-01, -1.813433172644396e-01,  5.591513233049461e+00,  0.000000000000000e+00, -9.146305677039458e-02
s314        , -1.774434185617937e-01,  1.522120387382479e-01,  4.102270403658152e+00,  0.000000000000000e+00,  1.478819696041556e-02
s315        , -3.815749786763621e-01, -4.619949125938235e-01,  1.126519754688069e+01,  0.000000000000000e+00, -4.278271233235520e-02
s316        ,  6.374559564486622e-01,  9.554563108572223e-01,  5.468716320974954e+00,  4.605725433789581e-02,  2.535542392447143e-01
s317        , -2.030534733815181e+00, -1.929389862556277e+00,  1.004768146303980e+01,  0.000000000000000e+00, -7.528773792113028e-01
s318        , -8.028512356005929e-02,  5.065706940266586e-02,  5.370010355000705e+00,  5.614324603589387e-03, -1.306803791450833e-02
s319        , -5.934013466311562e-01,  4.819598646019274e-01,  5.660214577091786e+00,  0.000000000000000e+00,  2.144750027644101e-01
s320        ,  2.790171268766068e+00, -2.448326700798623e-01,  1.060592856309519e+01,  0.000000000000000e+00,  3.608498971844382e-02
s321        , -1.062277605983095e+00, -8.599351676331080e-01,  2.585345231888847e+00,  1.820395892575485e-02, -5.640589495200391e-01
s322        ,  7.515966182544803e-02,  2.047223584197352e-01,  1.015809572459273e+01,  0.000000000000000e+00,  2.279925874312863e-01
s323        ,  7.526438612763078e-01,  6.349835378019861e-01,  4.520070559347598e+00,  0.000000000000000e+00,  2.489470950436747e-01
s324        , -2.651743878812372e-01, -9.740927563894219e-01,  6.473642387106276e+00,  0.000000000000000e+00, -4.269880163381780e-01
s325        ,  3.264086782559880e-02,  8.614777209632243e-01,  1.960017024166811e+00,  5.141986921078563e-02,  8.091401090616446e-02
s326        , -8.716201269332444e-01, -1.140863425106984e-01,  1.020551759074876e+01,  0.000000000000000e+00,  8.345976675268142e-02
s327        , -1.671151256925621e-01, -2.376746241014184e-01,  1.653030545201145e+00,  2.347246552689837e-02, -3.278375634756419e-01
s328        , -8.227567374308942e-02,  3.241908327054603e-01,  1.061740662214265e+01,  0.000000000000000e+00,  2.970556762268355e-01
s329        , -3.051380631011923e-01, -3.696875565163482e-02,  8.962330075267889e+00,  2.256778999640690e-02, -4.232720676034714e-03
s330        ,  2.650804092125521e-01, -4.874111158520849e-01,  1.626241084571309e+01,  0.000000000000000e+00,  1.016654883887840e-01
s331        , -1.375958879843693e-01,  4.161705139144081e-01,  5.005697018702635e+00,  3.827028619504157e-02,  2.114593150464868e-02
s332        , -2.261103407740682e-02,  4.367383962732574e-01,  6.114163482351493e+00,  2.823953565868957e-02,  1.026052728720475e-01
s333        ,  1.323183942483754e+00,  1.382819505369596e+00,  2.131953825486614e+00,  0.000000000000000e+00,  5.168619572207698e-01
s334        , -8.334838045052184e-01, -9.476860638889604e-01,  5.115399287982278e+00,  2.946189432675919e-02, -5.672158177751109e-01
s335        , -6.616430929673620e-01, -7.332116235487973e-01,  7.753272779641481e+00,  1.798611111111111e-02, -3.437860123471150e-01
s336        ,  7.402611706142617e-01,  5.455210757793411e-01,  4.890725944753537e+00,  2.315581786315274e-02,  1.331763453093042e-01
s337        , -2.672477917829363e+00, -7.489809551537663e-01,  1.076527090664688e+01,  0.000000000000000e+00, -1.898373112150859e-01
s338        ,  5.119490895181960e-01,  4.734011002941401e-01,  7.097244994295002e+00,  2.796916358147691e-02,  1.511119952873754e-01
s339        , -5.205367300996894e-01, -3.733968372731603e-01,  1.300645747369982e+00,  2.725218068187561e-02, -4.151038721772815e-01
s340        , -5.182275979842598e-01, -5.071077774233365e-01,  8.108307934410698e+00,  0.000000000000000e+00, -1.620503333905519e-01
s341        ,  1.970306289887119e+00,  1.321613764854766e+00,  5.373441989469466e+00,  2.321642022304851e-02,  5.034776439338565e-01
s342        , -6.893119617348112e-02, -1.223661640336310e-01,  5.333009922278442e+00,  7.774262813683228e-02, -3.625171208827103e-01
s343        , -9.390007101093139e-01, -4.219266819505584e-01,  1.035811237475760e+01,  0.000000000000000e+00, -5.276446214729680e-02
s344        ,  1.061951331424555e+00,  1.050865326098997e+00,  6.159813588225980e+00,  5.469599408394743e-02,  2.866142698873884e-01
s345        , -7.723215780687482e-01, -1.691618517387283e-01,  4.370789253239689e+00,  0.000000000000000e+00, -1.240134764964032e-01
s346        ,  3.961380156477509e-01,  5.482112715087401e-01,  6.990816734619905e+00,  1.043145178646543e-02,  2.474688490096558e-01
s347        , -1.709617878224923e+00, -1.606479252679082e+00,  7.497297387152958e+00,  7.333772796764297e-03, -7.120023562997675e-01
s348        ,  3.055057864420297e-01,  7.045115870895942e-01,  6.632988584607459e+00,  5.892722236212541e-02,  1.269812332086705e-01
s349        , -2.198294962810686e-01, -1.748804470228352e-01,  3.721556953084294e+00,  4.629045154231368e-02, -3.195814849728136e-01
s350        ,  4.405144181634823e-01,  7.858342738533893e-01,  3.560972846601397e+00,  2.994758291169406e-02,  1.763702200533225e-01
s351        ,  8.658280652293555e-01,  7.990198888680864e-01,  6.250665701547069e+00,  0.000000000000000e+00,  3.781310011638401e-01
s352        ,  9.704682100223125e-01, -2.899529975152018e-01,  4.093314609379910e+00,  1.030188944873322e-02, -2.264301855778849e-01
s353        , -6.298376205439114e-02,  4.705450634463734e-02,  8.810952295465338e+00,  6.081192782108283e-02, -1.131345799671162e-01
s354        , -5.109688604423303e-01,  3.413866652605156e-01,  8.643193994678770e+00,  8.589805108230012e-03,  2.112252830601140e-01
s355        , -1.498401072816738e+00, -1.021185538710396e+00,  1.549008667598616e+01,  0.000000000000000e+00, -1.669263123070045e-01
s356        ,  1.467186882538691e-01,  1.913071765300884e-01,  8.800911129802310e+00,  0.000000000000000e+00,  1.794565598520935e-01
s357        , -9.744403926942342e-02, -2.959119830687296e-01,  5.231158285873933e+00,  3.183505611692634e-02, -2.739404542923009e-01
s358        , -9.190473297739495e-02,  3.527495942316656e-01,  6.327949182481733e+00,  0.000000000000000e+00,  1.761536368099987e-01
s359        ,  4.402510249016559e-01,  9.366883398456058e-01,  4.989622897836591e+00,  0.000000000000000e+00,  4.017941239238393e-01
s360        , -8.756909416699599e-01, -5.592776603451961e-01,  6.449794991287366e+00,  0.000000000000000e+00, -2.377480148683017e-01
s361        , -1.770572058768898e-01,  3.509797555703341e-01,  7.309339902547426e+00,  1.311894760805467e-02,  1.570614015841460e-01
s362        ,  8.704386959032419e-01,  4.179508454570501e-01,  6.525071304831753e+00,  1.498026792665575e-02,  1.562943378422440e-01
s363        , -1.069662019131376e+00, -4.459453390240085e-01,  1.494976540769670e+01,  3.893619086769275e-03,  6.513231317980564e-02
s364        , -9.988945697241733e-01, -1.510621340321033e+00,  7.035415477823354e+00,  0.000000000000000e+00, -6.551704683301102e-01
s365        ,  1.902823636872192e-01,  5.967358183079556e-01,  9.282418178192659e+00,  1.014752391163887e-01,  1.665221665410533e-03
s366        ,  1.236798092554710e+00,  4.702056084541553e-01,  6.875170664187973e+00,  1.690107419416527e-02,  1.839974940187784e-01
s367        ,  9.184480967949833e-01,  2.789680904116450e-01,  7.823311806680617e+00,  0.000000000000000e+00,  1.890696877110092e-01
s368        ,  1.622937156969908e-01,  1.688703071080569e-01,  9.139826021840799e+00,  8.638133447042884e-02, -1.424481961478104e-01
s369        ,  9.732086991131189e-01,  5.502918379786674e-01,  8.202385254177782e+00,  1.697935626455234e-02,  2.618406700160804e-01
s370        , -8.475872099006457e-01, -5.254074204547539e-01,  2.307616551947361e+00,  2.116796095681547e-02, -4.305766464312097e-01
s371        ,  5.916391131784779e-01,  4.772328311899170e-01,  3.046870796057118e+00,  0.000000000000000e+00,  1.306817953018720e-01
s372        ,  7.596908414790238e-01,  1.134443949101799e+00,  3.744917894897434e+00,  2.072141504984412e-02,  3.761935683900889e-01
s373        , -1.946434670867691e+00, -1.574299775511428e+00,  5.054615531999476e+00,  4.544667590027700e-02, -9.157283572671266e-01
s374        , -9.564014283175248e-01, -7.974670522257414e-01,  1.441002869254357e+01,  0.000000000000000e+00, -9.819927234269901e-02
s375        ,  7.284511861928945e-01,  2.620448972223912e-01,  7.996618616304477e+00,  0.000000000000000e+00,  1.867321502344333e-01
s376        ,  2.037232105036610e+00,  1.280096416404845e+00,  4.388317882212119e+00,  0.000000000000000e+00,  5.402927998072758e-01
s377        ,  7.637732850848320e-01,  3.885157839784086e-01,  7.693345327151232e+00,  0.000000000000000e+00,  2.351828916802058e-01
s378        ,  9.950925555332779e-01,  9.130374551193022e-01,  8.608211450332902e+00,  3.526637131080694e-02,  3.724406446248329e-01
s379        , -8.163846007494810e-01, -8.344900505020760e-01,  6.031884829198773e+00,  0.000000000000000e+00, -3.768484948555392e-01
s380        , -9.184292068832668e-01, -9.492890473550495e-01,  1.053865344700348e+01,  6.759512848901579e-03, -3.138705933040530e-01
s381        ,  1.520868814304400e-01,  4.282294622971409e-01,  5.367458023849625e+00,  5.259478248709747e-03,  1.611036272491438e-01
s382        , -7.921265824309522e-01, -7.805471778426561e-01,  4.137248392509119e+00,  3.361140971097216e-02, -5.366973775330676e-01
s383        ,  6.672838300456271e-01,  6.142593251050256e-01,  5.269780882753774e+00,  4.375713850703929e-02,  9.965235757509372e-02
s384        , -8.703903476353084e-01, -1.381223241911350e+00,  1.389124607522457e+01,  0.000000000000000e+00, -3.817632569232320e-01
s385        ,  8.850482925000751e-01,  2.483586435134188e-01,  9.188029087890955e+00,  1.786390106581585e-02,  1.510428551713664e-01
s386        ,  9.061627662896373e-01,  1.083029099326883e+00,  3.569069553018505e+00,  2.077193852036408e-02,  3.469645088993261e-01
s387        , -1.106690246889199e+00, -1.113190094437118e+00,  4.033219085107760e+00,  0.000000000000000e+00, -5.669214822266199e-01
s388        ,  2.054813205480302e+00,  1.445147165984305e+00,  4.838224636499779e+00,  0.000000000000000e+00,  6.299387828833669e-01
s389        ,  5.830110458201297e-01,  3.335301692474489e-01,  9.491894939528954e+00,  0.000000000000000e+00,  2.661775364723901e-01
s390        ,  4.058167767744563e-02,  6.764667006883945e-01,  1.658945028711741e+00,  1.820236906475447e-02,  1.106811593485433e-01
s391        , -3.572825686809578e-01, -1.200605000291586e-01,  2.815343682689453e+00,  2.151329486324105e-02, -2.303573849700240e-01
s392        , -7.654037138178210e-02,  1.390788980791796e-02,  9.845779266001962e+00,  0.000000000000000e+00,  1.308445040153196e-01
s393        ,  3.686774220084653e-01,  1.648818446326634e-01,  2.193947656662674e+00,  1.422635659139191e-02, -9.208217500833897e-02
s394        , -2.015273820649741e-01, -1.458466870628792e+00,  1.282795567395457e+01,  0.000000000000000e+00, -4.503528117930756e-01
s395        , -6.768380070474945e-01, -2.479668551815727e-02,  9.133965631374178e+00,  1.530509700606508e-02,  3.379402571080801e-02
s396        , -1.571978956162156e+00, -3.527067351025128e-01,  1.136621287009441e+01,  0.000000000000000e+00,  1.042638887843550e-02
s397        , -4.953598502673375e-01, -4.786981653714409e-01,  5.136232950724399e+00,  2.468444179898811e-02, -3.339485266599510e-01
s398        ,  1.555253169293308e-01,  9.109757370740027e-01,  5.235514061842431e+00,  0.000000000000000e+00,  3.976982305556471e-01
s399        , -1.863721424692930e+00, -1.662504147766273e+00,  1.234122119329216e+01,  3.197577689517600e-03, -5.709323268279763e-01
s400        , -1.580914135378971e+00, -1.042546869997295e+00,  2.489676874977615e+00,  1.358989536357983e-02, -6.334720164980737e-01
s401        , -1.745467987214961e+00, -1.403731401035051e+00,  1.137587421431895e+01,  8.258526590731060e-03, -5.014455196665217e-01
s402        , -6.980793622242579e-01, -6.982096974722545e-01,  8.966302638504615e+00,  0.000000000000000e+00, -2.227752038983430e-01
s403        ,  2.251226886668626e-01,  8.976611559282678e-01,  4.018663843106673e+00,  1.914975395459012e-02,  2.821603191887461e-01
s404        ,  7.040030298805582e-01,  4.116281062052351e-01,  8.501881389708437e+00,  0.000000000000000e+00,  2.710230704789758e-01
s405        ,  7.810975699633603e-01,  8.153555992483514e-01,  6.852223554848152e+00,  5.828732884154035e-02,  1.869824100935459e-01
s406        , -7.486530226048839e-01, -3.277745967387795e-01,  1.042271296496671e+01,  0.000000000000000e+00, -7.625095614024934e-03
s407        , -5.898664718227482e-01, -2.056577918785194e+00,  4.802547921328194e+00,  4.873983371287024e-03, -9.931426575169180e-01
s408        , -1.653430955336652e+00, -8.917662298258869e-01,  2.571359661607448e+00,  2.697551851563295e-02, -6.117935585631022e-01
s409        ,  3.615421057666913e-01,  3.060404542729412e-01,  4.804627463619689e+00,  7.380835224837701e-02, -1.681360408628441e-01
s410        , -1.927277741805878e+00, -1.200131359602803e+00,  1.559273613110763e+01,  0.000000000000000e+00, -2.456770376345410e-01
s411        , -7.559092474121808e-01, -1.256729272821554e+00,  9.131843656215674e+00,  0.000000000000000e+00, -4.734058821197675e-01
s412        ,  1.873884464024186e+00,  6.529007704049155e-01,  6.397500213670595e+00,  0.000000000000000e+00,  3.157949987788999e-01
s413        , -8.487613459239006e-02,  1.319093283449833e-01,  8.134845682124917e+00,  9.997519995039990e-02, -2.414740814096734e-01
s414        , -7.984251397438490e-02,  2.260270344153614e-01,  9.064171120247995e+00,  0.000000000000000e+00,  2.035811882809916e-01
s415        ,  3.823952603345894e-01,  2.816612338281270e-01,  5.447539358294143e+00,  6.113062547303460e-02, -1.119304997362543e-01
s416        , -9.819900149129637e-01, -6.687013395784536e-01,  2.108232161783763e+00,  1.874611281055225e-02, -4.933990752788305e-01
s417        , -1.482842264827313e+00, -1.276279930069302e+00,  2.243959160057040e+00,  3.921253192302279e-02, -8.437726531855197e-01
s418        ,  5.288306085486906e-02,  7.286615709152902e-01,  1.056898950330936e+00,  1.364630572998933e-02,  1.327761141388584e-01
s419        , -1.062501299146121e+00, -1.152767345125971e+00,  6.468831090950257e+00,  0.000000000000000e+00, -5.089710722043899e-01
s420        ,  1.615525737358244e+00,  1.328424261487811e+00,  4.048150390111870e+00,  0.000000000000000e+00,  5.518017135191521e-01
s421        , -8.420822469136372e-01,  9.857963337651282e-02,  8.610491925858575e+00,  0.000000000000000e+00,  1.310396665942013e-01
s422        , -2.976491469173829e-01, -4.715994572359961e-02,  3.381011729145286e+00,  5.396960934619340e-02, -3.003669756105622e-01
s423        ,  2.602465190009081e-01, -4.283212732885677e-01,  1.333869335072587e+01,  0.000000000000000e+00,  3.740576819526616e-02
s424        , -1.598544685575905e-02,  2.046282053559326e-01,  7.127587857817034e+00,  0.000000000000000e+00,  1.332910441545022e-01
s425        , -6.873434672527887e-01, -6.111646854903057e-01,  8.991453081757559e+00,  6.850302447848945e-02, -4.376491998180736e-01
s426        ,  3.868281565378119e-01,  8.888861503937260e-01,  4.555032302332853e+00,  0.000000000000000e+00,  3.663262611879479e-01
s427        , -4.350921811790253e-01, -2.886924485074329e-01,  7.806572057189127e+00,  2.200315198308824e-02, -1.535160227092617e-01
s428        ,  1.434023500487657e+00,  5.371335126168946e-01,  7.427914978413352e+00,  1.090864488887402e-02,  2.542680853216790e-01
s429        , -1.410084545291047e-01,  7.980769773879354e-02,  1.162535131663474e+01,  1.444924000750610e-02,  1.627140423273958e-01
s430        , -2.958129836419498e-04, -2.560766399666880e-01,  9.469053920317075e+00,  0.000000000000000e+00, -4.575206755642794e-03
s431        ,  4.037460271826608e-01,  2.696531891188421e-01,  3.268303624987252e+00,  8.043219157102313e-03,  1.252466838103430e-02
s432        , -1.066289337790876e+00,  4.403447473514182e-01,  8.499953481199103e+00,  3.704764585435152e-02,  1.459220151534556e-01
s433        ,  1.465780698491131e-01, -3.962359896402756e-02,  5.859312531133371e+00,  5.817707704349573e-02, -2.351996531511378e-01
s434        ,  4.355472814078697e-01,  8.513178905960361e-01,  6.242113015804061e+00,  2.585567735629632e-02,  3.053709046312515e-01
s435        ,  1.360224600447043e-01, -7.652299386883310e-02,  1.902530020972890e+00,  1.040135911909947e-02, -1.974800278023201e-01
s436        , -1.176834064700477e+00, -4.189905916756307e-01,  7.832319375281981e+00,  0.000000000000000e+00, -1.303133036597327e-01
s437        ,  4.255542297351823e-01,  1.654361745033220e-01,  5.724824616076019e+00,  7.380579146690551e-02, -2.037805891067264e-01
s438        ,  4.759340095896715e-01,  4.266090871974967e-01,  5.871476791697877e+00,  6.796472118814819e-03,  1.703714004630430e-01
s439        , -1.323840968987944e+00, -6.006431033329589e-01,  2.434610769755064e+00,  6.805293005671077e-02, -6.359554783766133e-01
s440        ,  1.911375936580773e+00,  7.651755893903678e-01,  5.690755494006502e+00,  4.114228325417597e-02,  1.916748457003560e-01
s441        , -5.968585101940267e-01, -4.619206190749037e-01,  9.423117429566382e+00,  0.000000000000000e+00, -1.002863672609398e-01
s442        ,  1.602708630643594e+00,  9.693840964926154e-01,  4.044529482328592e+00,  3.004083485611688e-02,  2.751919757580418e-01
s443        , -3.418194688489122e-01, -8.937969176924083e-01,  9.197709233499070e+00,  0.000000000000000e+00, -3.051259218127251e-01
s444        ,  7.637447106545253e-02,  1.422216067173795e-01,  6.637092929000188e+00,  6.013480998503435e-03,  6.695705019568136e-02
s445        ,  1.017156754691856e+00,  6.466579561281851e-01,  3.398469036660573e+00,  1.771922878774494e-02,  1.531652920920565e-01
s446        ,  1.325048844178530e-01,  1.253271032988401e-01,  5.814775378464708e+00,  3.126228605396034e-02, -6.064750243991700e-02
s447        , -1.204238242348799e-02, -1.113061089855795e-01,  8.916179798378339e+00,  0.000000000000000e+00,  4.446042869344993e-02
s448        ,  1.955645847805345e-01,  1.826031986183776e-01,  4.746709648221424e+00,  3.338381015392730e-02, -7.568991193034488e-02
s449        ,  1.023488117482967e+00, -4.165129044310703e-02,  9.792002399149148e+00,  0.000000000000000e+00,  1.037187282864043e-01
s450        ,  1.292595058164963e+00,  4.162494298452078e-01,  6.885373107111166e+00,  0.000000000000000e+00,  2.226477246499980e-01
s451        , -1.076547322827218e+00, -1.191623930986252e+00,  8.599688206564444e+00,  1.247165532879818e-02, -5.067307302126217e-01
s452        ,  1.041326926021929e+00,  9.906726471399523e-01,  2.877659595778486e+00,  1.269333333333333e-01, -1.129281718047957e-01
s453        , -2.986039119797084e-01,  1.271657836899673e-01,  4.223782954250215e+00,  5.760000000000000e-02, -2.077437512978670e-01
s454        , -1.068578759667890e+00, -1.164999943098844e+00,  1.307344428317610e+00,  2.055319163087644e-02, -7.524598407000709e-01
s455        , -1.019022963464540e-01, -4.216674014432611e-01,  5.267752918713208e+00,  0.000000000000000e+00, -2.116439429366535e-01
s456        , -1.276108587100781e+00, -8.707790943673368e-01,  4.167086977211492e+00,  5.508107588494637e-02, -6.571764190873403e-01
s457        , -1.562653854847452e+00, -9.207203351352826e-01,  4.870150503464593e+00,  0.000000000000000e+00, -4.526288411928324e-01
s458        , -1.571215894852860e-01,  4.795181386513462e-01,  6.925200000196218e+00,  4.360990122350628e-02,  9.019754533971248e-02
s459        , -7.908915586506604e-01, -8.138006076206863e-01,  1.345875257828597e+01,  0.000000000000000e+00, -1.353932924876307e-01
s460        ,  1.259413921430306e+00,  8.778821780092504e-01,  6.866677392809263e+00,  1.721935127095212e-02,  3.692604273869698e-01
s461        , -2.175818754703068e+00, -1.869236218221503e+00,  1.389862474446115e+01,  2.520008446915836e-03, -6.144422068584182e-01
s462        ,  1.056177437374778e+00,  9.172864881095758e-01,  4.610932377313862e+00,  5.522682445759369e-03,  3.604792373117245e-01
s463        ,  7.682398919925582e-01,  5.511617422085342e-01,  4.484412785256504e+00,  1.010848126232742e-01, -1.676178134295530e-01
s464        , -1.670624175566991e+00, -1.177052625995690e+00,  5.857219188326607e+00,  8.674893102314082e-02, -8.627834503136641e-01
s465        ,  3.572362737692147e-01,  1.942778664844047e-01,  6.738442084909514e+00,  1.757080383173678e-02,  5.085395000321653e-02
s466        , -1.202841334482275e+00,  1.220260596588882e-02,  6.623192080497796e+00,  3.654354303704953e-02, -1.069072177419551e-01
s467        , -9.998937028287650e-01, -1.021471719607912e+00,  7.625470284006743e+00,  3.482263168253872e-02, -5.426034009130793e-01
s468        , -9.085815979292673e-01, -3.625423075941924e-01,  6.519982239987250e+00,  0.000000000000000e+00, -1.454511191902012e-01
s469        ,  1.368123103534694e+00,  8.748616973106720e-01,  5.065381993998733e+00,  2.117439466718949e-02,  2.968604079709899e-01
s470        ,  6.270281968061774e-01,  3.833658553780221e-01,  6.873644695437374e+00,  1.876371813488666e-02,  1.372293854761899e-01
s471        , -2.645435144970039e-02,  1.636264731213719e-01,  2.931110072485368e+00,  4.550799560583350e-03, -3.354052788217018e-02
s472        , -9.877961354209573e-01, -5.760691454145139e-01,  3.734802589561976e+00,  7.586974403638652e-02, -6.132467583273754e-01
s473        ,  9.062936723193107e-01,  6.718546003896100e-01,  5.074638572676748e+00,  3.623690787157893e-02,  1.479871684599613e-01
s474        , -1.654729567131913e+00, -1.986854735046522e+00,  1.021849662196506e+01,  2.074052207075380e-03, -7.815973023726734e-01
s475        ,  1.613264697983012e+00,  1.225600656228616e+00,  6.863344788917233e+00,  0.000000000000000e+00,  5.926416791689694e-01
s476        ,  6.116129809221722e-01,  1.401300898875603e-01,  8.232716247858296e+00,  0.000000000000000e+00,  1.382698454576834e-01
s477        ,  5.840337661930541e-01, -2.356006814739965e-01,  1.067430025615500e+01,  2.018254236978836e-02, -3.283494327101793e-02
s478        , -1.152221920522414e+00, -1.190359470642319e+00,  1.060487398103150e+01,  0.000000000000000e+00, -3.969982331951815e-01
s479        , -5.094753281829528e-01, -1.407190943226793e-01,  4.220736183629687e+00,  0.000000000000000e+00, -1.156736562194354e-01
s480        ,  2.973171178971667e-01,  1.174451781502778e+00,  3.125161323791052e+00,  0.000000000000000e+00,  4.524527609700993e-01
s481        , -1.675140558535767e+00, -8.794351970112891e-01,  8.226697040351210e+00,  2.837631171840489e-02, -4.347257067394920e-01
s482        ,  5.105384321341787e-01,  2.154780263480624e-01,  7.962625770453315e+00,  0.000000000000000e+00,  1.643427999804464e-01
s483        ,  6.412437341666035e-01,  7.052441635910565e-01,  9.338898211465732e+00,  0.000000000000000e+00,  4.316432775293616e-01
s484        ,  2.259666720581154e+00,  1.359219261194077e+00,  2.664864743755441e+00,  0.000000000000000e+00,  5.226986320160861e-01
s485        , -6.133731587036794e-02, -1.637047613675892e+00,  1.225651913592061e+01,  0.000000000000000e+00, -5.499915208546691e-01
s486        ,  1.705016907792880e+00,  1.070672605248960e+00,  6.180526186903317e+00,  0.000000000000000e+00,  5.003568408230337e-01
s487        , -8.949077256537036e-01,  1.389674623030274e-03,  9.289585247580394e+00,  0.000000000000000e+00,  1.077383611820789e-01
s488        ,  4.414328374469543e-01,  1.979712659887398e-01,  3.156400845428866e+00,  0.000000000000000e+00,  6.201480820038152e-03
s489        ,  1.128277752007163e+00,  5.923659242846113e-01,  2.581684463740070e+00,  7.194881435992463e-02, -9.949693038971394e-02
s490        ,  1.504039442617624e+00,  1.568784583478400e+00,  3.199748461089325e+00,  0.000000000000000e+00,  6.353865123851556e-01
s491        , -5.198334157682940e-01, -4.399101478275851e-01,  2.846438702999913e+00,  2.571332379429341e-02, -3.915436398047968e-01
s492        ,  1.151627147663105e+00,  3.997632366471364e-01,  6.641802188883567e+00,  2.504463755579326e-02,  1.140689997847980e-01
s493        , -8.097664188918848e-01, -3.408287886954989e-02,  1.004081168262513e+01,  1.177622052130807e-02,  7.102966234511209e-02
s494        ,  6.975315577850428e-01,  3.380397720085688e-01,  3.209975085203848e+00,  1.041666666666667e-01, -3.165304846867840e-01
s495        ,  5.757891210893783e-02,  3.547457820675182e-02,  9.093686011136493e-01,  1.097306989067702e-02, -1.793393838278860e-01
s496        ,  1.842735197085195e-01,  1.280191737857537e+00,  4.296200849401061e+00,  0.000000000000000e+00,  5.374591659696853e-01
s497        , -3.806010851052651e-01, -4.493279828036850e-01,  5.481320764789849e+00,  0.000000000000000e+00, -2.176416327096369e-01
s498        ,  2.924357353950326e-01, -6.253065008539588e-02,  1.266289697521902e+01,  0.000000000000000e+00,  1.838288768497656e-01
s499        , -7.813708299191796e-01, -2.721839883228900e-01,  5.499761816527388e+00,  5.228337589736372e-02, -3.309583444896322e-01
s500        ,  1.758078897939561e-01,  2.857646656766296e-01,  8.879406562956756e+00,  5.835650691550647e-02,  7.491674999937146e-03
s501        ,  5.268597846364342e-01, -9.104337864676866e-02,  8.663426132146782e+00,  0.000000000000000e+00,  4.584593479646486e-02
s502        , -1.555727833576514e+00, -6.246630850373103e-01,  1.266650519398831e+01,  0.000000000000000e+00, -7.351448540240783e-02
s503        ,  1.172585934883692e+00,  9.653967923260359e-01,  5.263966229886134e+00,  9.094162514718600e-03,  3.895891955593761e-01
s504        ,  2.953705009587213e-01,  2.027413391503316e-01,  2.639137953818515e+00,  1.912316674845817e-02, -7.910277630855948e-02
s505        ,  1.048522988543108e+00,  1.103955115266691e+00,  3.810190456007653e+00,  1.248699271592092e-02,  3.949840892368173e-01
s506        ,  3.661355339494778e-01, -6.905691923515120e-02,  5.609101917191643e+00,  0.000000000000000e+00, -3.948661875570513e-02
s507        ,  7.001138090247849e-01,  3.172242903579728e-01,  8.002206471679491e+00,  5.354593018387021e-02,  1.244479880325268e-02
s508        ,  5.464601963517310e-01,  2.383294898565394e-01,  7.463407621593377e+00,  1.440277682096198e-02,  1.054911621341627e-01
s509        ,  2.946634304577050e-01,  7.570604645428409e-01,  6.146866949098385e+00,  8.625000000000001e-02,  3.394659698730672e-02
s510        , -1.105581921856613e+00, -9.513134378412233e-02,  8.872997805195684e+00,  0.000000000000000e+00,  5.051965739315523e-02
s511        ,  1.309201174401844e+00, -7.560312176653616e-02,  1.197440789098649e+01,  0.000000000000000e+00,  1.563366265632274e-01
s512        ,  7.885562671323768e-01,  9.832552628539557e-01,  4.468706955078503e+00,  1.257670517920319e-01, -6.227829773857890e-02
s513        , -5.799590652888761e-01, -3.951192408833408e-01,  5.726871745855941e+00,  4.435823447850582e-03, -2.016905168665296e-01
s514        ,  1.756955937636850e+00,  1.084718452182252e+00,  3.686637025794557e+00,  0.000000000000000e+00,  4.288927779467213e-01
s515        ,  1.301480913945963e+00,  4.951709720842380e-01,  3.367580799983881e+00,  1.476112495550018e-01, -4.016962391281680e-01
s516        ,  1.639096205345820e+00,  4.323722591889275e-01,  7.138324784020764e+00,  0.000000000000000e+00,  2.379329516123972e-01
s517        ,  1.265571797582470e+00,  1.139145697960714e+00,  3.092962149615281e+00,  1.285306275838814e-02,  3.873330990877561e-01
s518        ,  1.441905473368953e+00,  7.096586273532643e-01,  6.043013821938944e+00,  1.379978095585784e-01, -1.840340101496298e-01
s519        , -3.428509295553606e-01, -3.473683295204508e-01,  1.039633667720413e+01,  0.000000000000000e+00, -1.742287244572667e-02
s520        , -7.417091464175271e-01, -1.075540842268854e-01,  1.379610858449527e+01,  0.000000000000000e+00,  1.986042458339336e-01
s521        , -3.011966055380439e-01, -2.673131606650841e-01,  7.733403231764210e+00,  0.000000000000000e+00, -6.393486168163554e-02
s522        , -6.069082570615004e-01, -6.715315774399102e-01,  8.119768307940131e+00,  1.485578736358252e-02, -2.924125104769513e-01
s523        ,  1.256149620532759e+00,  9.769505029110207e-01,  5.203972983324042e+00,  3.066860648809972e-02,  3.125311159383917e-01
s524        ,  7.847794981407887e-02,  1.571991994745081e-01,  6.975996145454027e+00,  0.000000000000000e+00,  1.068336166610665e-01
s525        ,  7.540604241380652e-01,  2.459232441236748e-01,  4.755865599847270e+00,  4.738704272116007e-02, -9.863747409030746e-02
s526        ,  6.882803931636601e-01,  7.520860808614716e-01,  5.472779042350598e+00,  0.000000000000000e+00,  3.323379461172338e-01
s527        , -3.347470952839998e-01, -3.552978342741692e-02,  1.131097150515869e+01,  0.000000000000000e+00,  1.539676267543925e-01
s528        , -8.880876507782670e-01, -2.077522292604274e+00,  9.547392337269130e+00,  0.000000000000000e+00, -8.363484915078118e-01
s529        ,  9.212434057068957e-01,  1.213375594680516e+00,  3.387053434831444e+00,  9.889496995886340e-03,  4.415708295207200e-01
s530        ,  1.578253206298823e+00,  1.689147180831894e+00,  3.479177636758127e+00,  3.575231596981145e-02,  5.658792106671270e-01
s531        , -1.270304683847079e+00, -3.758382249333984e-01,  4.833512311960219e+00,  0.000000000000000e+00, -2.042178063175223e-01
s532        , -1.264611305197325e-01, -9.434640073761608e-02,  2.708586378114818e+00,  2.246974548013293e-02, -2.254826346417799e-01
s533        ,  8.237391297987288e-01,  2.298774199998703e-01,  1.082354301872726e+01,  0.000000000000000e+00,  2.602989370411891e-01
s534        ,  1.456467143630557e+00,  1.019899585791392e+00,  7.601735075460381e+00,  0.000000000000000e+00,  5.214945490633801e-01
s535        , -1.038398689934333e+00, -8.688762505032982e-01,  1.248464673370046e+01,  4.054234175219962e-03, -2.061671130006931e-01
s536        ,  5.135961834965114e-02,  5.555861519564113e-01,  6.876260653937528e+00,  7.174744897959184e-02,  1.855090146036572e-02
s537        , -8.440212331633648e-02,  3.954220278223336e-02,  1.190886875158949e+01,  1.967431310801424e-02,  1.336379310187961e-01
s538        , -1.317636610189325e+00, -9.570240696902943e-01,  1.390982284010125e+01,  0.000000000000000e+00, -1.869002326360252e-01
s539        ,  2.901282138702423e-01, -5.365541240032923e-02,  3.297636623867407e+00,  2.407523396527424e-02, -1.944358236178606e-01
s540        , -9.824868919009931e-02, -2.746255544234014e-01,  1.030857643271678e+01,  0.000000000000000e+00,  1.315203629738741e-02
s541        , -2.175405710121729e+00, -1.397622029123990e+00,  1.049959789020375e+01,  0.000000000000000e+00, -4.952125839220048e-01
s542        ,  2.591231555634874e-01, -3.611503841494265e-01,  9.354109216601129e+00,  0.000000000000000e+00, -5.628918846695005e-02
s543        , -1.058007309971476e+00, -7.637145660743756e-01,  1.460276130306888e+01,  0.000000000000000e+00, -7.672063368869582e-02
s544        ,  3.414925189823615e-01,  2.753499497092616e-01,  8.879634428905092e+00,  4.803026222030198e-02,  4.124723600071232e-02
s545        , -3.918998056173665e-01,  6.074715439653935e-01,  6.592610417622473e+00,  6.687544163123225e-02,  5.162777950469622e-02
s546        ,  5.616853932534658e-01,  5.480370619238915e-01,  2.856753819430434e+00,  5.986675800157349e-03,  1.348405643920063e-01
s547        , -1.305950209492648e+00, -1.689411610177800e+00,  9.611548285798024e+00,  0.000000000000000e+00, -6.565902842496588e-01
s548        , -3.050762501887698e-01,  1.955491559781989e-01,  7.308047243083069e+00,  3.912993291175712e-02, -1.119072922319934e-02
s549        ,  1.039973910986755e+00,  9.771568877999379e-01,  3.122817295826982e+00,  0.000000000000000e+00,  3.620186904963285e-01
s550        ,  2.095033672336812e+00,  1.070273253212138e+00,  3.569141246200274e+00,  0.000000000000000e+00,  4.186068915970473e-01
s551        , -1.303711602903422e+00, -1.305406835527079e+00,  6.453858182184991e+00,  0.000000000000000e+00, -5.793474800153759e-01
s552        ,  3.401293169548341e-01,  3.288212937120641e-01,  9.848014665366074e+00,  0.000000000000000e+00,  2.751443357551600e-01
s553        , -5.647880997296292e-02,  8.832540227868626e-01,  4.525208453534565e+00,  9.570275849127415e-02,  5.830195481579716e-03
s554        , -1.031552667181044e+00, -8.904614704993108e-01,  4.582736141735315e+00,  0.000000000000000e+00, -4.477477487015745e-01
s555        , -8.490058291493487e-01, -3.722249847713513e-02,  8.691479014139167e+00,  0.000000000000000e+00,  7.137207793181043e-02
s556        , -7.911863624049646e-01,  1.905042241087768e-02,  8.275357469140816e+00,  4.294149221685454e-03,  6.812959846513175e-02
s557        ,  2.474068956648234e-01,  6.492464369197146e-01,  6.833152428463933e+00,  0.000000000000000e+00,  3.277289878403922e-01
s558        , -5.007238229142660e-01, -1.241335215968162e-01,  4.015059698969344e+00,  3.910166891783613e-02, -2.603566494776903e-01
s559        ,  2.118829903875907e-01,  3.737006422693899e-01,  7.362857519611590e+00,  1.133557321206714e-02,  1.757914176716191e-01
s560        ,  1.297132454751414e+00,  8.683196434964335e-01,  2.250061885833528e+00,  1.044179560287664e-01, -1.045832548128413e-01
s561        , -5.288135218546878e-01, -1.937019686998419e-01,  1.116972129300027e+01,  0.000000000000000e+00,  7.711295775433959e-02
s562        , -7.943538387030609e-01, -4.323277259282350e-01,  2.514130939692232e+00,  5.688979392427906e-02, -5.147432886835861e-01
s563        , -1.695221398164227e+00, -9.278823680266365e-01,  1.013742115553604e+01,  1.588954937340334e-02, -3.506552591689958e-01
s564        , -8.235878596232101e-01, -6.992642034347514e-01,  4.612034233927981e+00,  0.000000000000000e+00, -3.592644701172215e-01
s565        ,  5.786852470915557e-01,  3.208551957766509e-02,  4.385171685318308e+00,  3.474122546103510e-02, -1.609829035558044e-01
s566        , -8.302212330074121e-01, -3.908481880103031e-01,  3.535046135533655e+00,  5.276450779230949e-02, -4.484693380680164e-01
s567        ,  5.393556498613846e-01,  4.766539944029420e-01,  7.003745470649203e+00,  1.892452547079097e-03,  2.469512132707151e-01
s568        ,  6.041187276553234e-01,  4.519929349462873e-01,  4.148431732146377e+00,  4.227231915358295e-02, -4.152418644233852e-03
s569        ,  5.614800719887970e-01,  6.385800897972193e-01,  5.152230692174917e+00,  3.517196043588237e-02,  1.391434869236994e-01
s570        ,  4.733969246303092e-01, -3.978356288328573e-01,  1.086542865983350e+01,  0.000000000000000e+00, -2.588467587515135e-02
s571        ,  5.730080514530493e-01,  4.638681271103157e-01,  3.111934280507545e+00,  6.648199445983378e-02, -1.213943231165224e-01
s572        ,  2.101230454819456e+00,  2.108426094056138e+00,  2.697420472238224e+00,  3.613725656938883e-02,  7.320543134351046e-01
s573        , -3.811463660619586e-01, -9.518932792635297e-01,  9.385692320901420e+00,  0.000000000000000e+00, -3.258623112235846e-01
s574        ,  6.881700420271472e-01,  6.862626911200109e-01,  8.067562959313156e+00,  1.081889900150328e-02,  3.428833695893742e-01
s575        ,  3.262214597255070e-01, -3.979160598761535e-01,  1.557155713945854e+01,  0.000000000000000e+00,  1.210751988177379e-01
s576        , -9.238693298049331e-01, -8.607141345330014e-01,  1.089570387760876e+01,  0.000000000000000e+00, -2.369368944558732e-01
s577        , -6.565756372879821e-01,  2.676033733472883e-02,  6.247961781965136e+00,  0.000000000000000e+00,  2.435247922641876e-02
s578        ,  6.712394147332970e-01,  8.684403821443978e-01,  6.206188728069598e+00,  1.037886485701844e-01,  2.138973551477609e-02
s579        ,  5.839122855740916e-01,  2.873205232005587e-01,  4.022736640262375e+00,  4.789201183431953e-02, -1.044605768137532e-01
s580        ,  8.930567879170550e-01,  4.309766971958172e-01,  9.198039105395523e+00,  0.000000000000000e+00,  3.016293078151291e-01
s581        ,  2.904861379712105e-01,  2.686175029545205e-01,  5.670938513009758e+00,  2.882100192984188e-03,  1.063487420962035e-01
s582        ,  1.328044708555014e+00,  2.180316543026322e-01,  7.809995420950574e+00,  0.000000000000000e+00,  1.607449243504229e-01
s583        , -1.299353843688629e-01,  1.760580518221997e-01,  1.714932999647004e+00,  3.949906864157511e-02, -1.961964247135041e-01
s584        ,  3.159094534140010e-01,  7.018455203140640e-01,  3.360928543917481e+00,  2.534402221941674e-02,  1.488269828141616e-01
s585        ,  6.465779848987863e-01,  1.429245021721328e+00,  2.621857426902522e+00,  2.802386008159596e-02,  4.488940019537037e-01
s586        , -1.841977151216957e+00, -2.098239162870853e+00,  1.617965040052670e+01,  0.000000000000000e+00, -6.386771038796462e-01
s587        , -1.519059721495913e+00, -1.615601596505733e+00,  3.901253413412650e+00,  0.000000000000000e+00, -8.011473930584506e-01
s588        ,  9.387912361205542e-01, -2.270869217558003e-02,  8.847387575933618e+00,  0.000000000000000e+00,  8.288921605910521e-02
s589        ,  7.816518315318011e-01,  4.612380546999300e-01,  4.833348149235463e+00,  5.158043362516969e-02, -1.324528529999071e-02
s590        ,  1.602915956175816e+00,  4.569486280111326e-01,  7.707632829953138e+00,  0.000000000000000e+00,  2.669713350111876e-01
s591        ,  6.259814475720535e-01,  5.346876173814552e-01,  4.115042870606684e+00,  6.361814761262977e-02, -4.694424672227841e-02
s592        , -1.866544971407417e+00, -1.956166753858899e+00,  5.119467928777783e+00,  0.000000000000000e+00, -9.190747432805035e-01
s593        , -1.403474560349544e+00, -2.362766815518547e-01,  1.014100807138981e+01,  0.000000000000000e+00,  2.548175398899627e-02
s594        , -1.647273275131083e+00, -1.044001120135099e+00,  8.302994143831249e+00,  2.048707294552170e-02, -4.782855828709874e-01
s595        , -6.257274702470922e-01,  9.260629129077955e-01,  4.114775932889446e+00,  0.000000000000000e+00,  3.696016979166275e-01
s596        , -8.694069998626694e-01, -5.126236921781304e-01,  9.344339853118843e+00,  0.000000000000000e+00, -1.259689523653494e-01
s597        ,  1.839102866755815e+00,  1.152215611134716e-01,  9.147643154525936e+00,  0.000000000000000e+00,  1.554396607203774e-01
s598        , -9.091043104888928e-01,  1.447606744922719e-01,  7.400684757793278e+00,  0.000000000000000e+00,  1.144020052702582e-01
s599        ,  1.564046405735407e+00,  1.425547912247968e+00,  3.284519639956443e+00,  8.670035660552895e-03,  5.400916336810985e-01
s600        ,  2.905731218387105e-01, -8.375761781855788e-01,  9.787401435380197e+00,  3.958014463839175e-03, -2.757217084745150e-01
s601        ,  3.859556967138555e-01, -8.951472050417127e-02,  7.603877428913555e+00,  0.000000000000000e+00,  1.345087724735589e-02
s602        , -1.440073457507333e+00, -6.268389179014449e-01,  6.807589648999388e+00,  0.000000000000000e+00, -2.575152238454223e-01
s603        , -1.400421335117203e+00, -1.423295679257007e+00,  1.124641677967765e+01,  0.000000000000000e+00, -4.836440755388829e-01
s604        , -1.410598066968925e+00, -6.207568451628345e-01,  7.015130018325402e+00,  0.000000000000000e+00, -2.482470826815245e-01
s605        , -1.621387133323043e-01, -6.219869959249326e-01,  1.207097755301201e+01,  0.000000000000000e+00, -9.089024509989961e-02
s606        , -9.979698047533583e-01, -3.710816104904556e-01,  1.623001353979940e+01,  0.000000000000000e+00,  1.539323445413844e-01
s607        ,  8.102904644198852e-01,  6.713188869005510e-02,  1.005946360308124e+01,  0.000000000000000e+00,  1.618955057671534e-01
s608        ,  6.515689709358394e-01,  4.761896439899135e-01,  6.097180143163007e+00,  2.378056030791705e-02,  1.367760425682590e-01
s609        ,  1.387300347613353e-02, -4.863628055320402e-01,  5.247516375767233e+00,  0.000000000000000e+00, -2.419064619598567e-01
s610        ,  1.548918422462740e-02,  5.224495739108879e-01,  7.762915467589962e+00,  7.539851832999833e-02,  1.745018331370052e-02
s611        ,  1.874583079024923e-01,  3.022504630268549e-01,  8.748386776370271e+00,  5.014975521555756e-02,  4.156208783826161e-02
s612        , -6.619121708260401e-01, -1.250387963539882e-01,  6.841313937156988e+00,  0.000000000000000e+00, -2.663791073559004e-02
s613        ,  1.853178585757171e+00,  1.131279322255887e+00,  2.884879778055887e+00,  0.000000000000000e+00,  4.251745855565535e-01
s614        , -3.191525488535212e-01, -2.874273885423667e-02,  6.195785533581653e+00,  2.111414836459610e-02, -8.145640456521293e-02
s615        , -1.037736039722638e-01, -3.006300422432171e-01,  8.289862708137173e+00,  0.000000000000000e+00, -6.181285346443013e-02
s616        , -8.799864633294985e-01, -1.262603854740174e+00,  4.994378866947639e+00,  0.000000000000000e+00, -6.053308408001282e-01
s617        , -1.183843594802837e+00, -9.124842013377412e-01,  8.944522108078074e+00,  0.000000000000000e+00, -3.215930204290554e-01
s618        , -1.123650075268739e+00, -1.351346706868173e+00,  4.526215729532196e+00,  8.582033854451732e-02, -9.807202896832059e-01
s619        ,  9.176659138352715e-01,  3.748274682243961e-01,  6.368143373233943e+00,  0.000000000000000e+00,  1.875207522270770e-01
s620        ,  1.595155267894712e+00,  9.311135788186036e-01,  5.158662423761631e+00,  0.000000000000000e+00,  4.045208671521352e-01
s621        ,  1.133359360912494e+00,  3.976320709204451e-01,  5.921166407171959e+00,  7.197692746517014e-03,  1.571554104327193e-01
s622        , -1.002419121282031e+00, -4.957739875882994e-03,  8.471206123412269e+00,  0.000000000000000e+00,  7.926904285790604e-02
s623        ,  1.034471969936265e-01, -3.211820915224955e-01,  3.540257537251610e+00,  0.000000000000000e+00, -2.195803842432596e-01
s624        ,  1.639327811745190e+00,  6.598892923609985e-01,  5.873422001939095e+00,  0.000000000000000e+00,  3.026260637010819e-01
s625        , -4.972654620844768e-01,  2.628976736191622e-01,  8.558191762482517e+00,  3.031298467522824e-02,  9.159177532965777e-02
s626        ,  3.826916613216537e-01,  1.451381536511445e-01,  3.124763725104999e+00,  1.012993382501419e-02, -5.677032484897192e-02
s627        ,  3.687647283893495e-01, -7.944612684799973e-02,  6.342159733468754e+00,  3.242431620809999e-02, -1.422950273162382e-01
s628        , -2.769187143037049e-02,  1.017117406869556e+00,  4.430769869740844e+00,  0.000000000000000e+00,  4.211746842340966e-01
s629        , -6.084255915863079e-01, -1.500178407560326e+00,  3.988549676555422e+00,  0.000000000000000e+00, -7.455569801781489e-01
s630        ,  2.575662011885660e-01,  4.780637040653021e-01,  7.548297295796781e+00,  9.202526715101018e-02, -7.160228896136690e-02
s631        ,  1.966623425207500e-01,  1.069728553438338e-01,  7.717558780638930e+00,  0.000000000000000e+00,  1.069928369634124e-01
s632        , -1.969402937452175e-01,  3.288385205468373e-01,  3.353190368622557e+00,  3.854917111775117e-03,  5.790590661324167e-02
s633        ,  2.667860134858853e+00,  9.142482768976834e-01,  3.146884792498118e+00,  0.000000000000000e+00,  3.339583649831833e-01
s634        ,  6.040142711820374e-01,  6.646850186871521e-01,  1.557942225380207e+00,  4.595787957673630e-02, -1.401709972881986e-03
s635        ,  1.911892919802316e+00,  1.048739894553267e+00,  2.258605734181551e+00,  0.000000000000000e+00,  3.678098394938721e-01
s636        , -2.071432026808114e-01, -6.744348293744449e-01,  1.012108069046598e+01,  2.248168564523371e-02, -2.596765624882784e-01
s637        , -3.698619835175476e-01, -4.490459283713612e-01,  4.458314837368228e+00,  0.000000000000000e+00, -2.494662137217126e-01
s638        ,  1.470155794820396e-01,  6.585837074965996e-01,  5.706737653099460e+00,  0.000000000000000e+00,  2.968216936226257e-01
s639        ,  1.040284966432418e-01, -4.481559787762752e-01,  5.505532393654203e+00,  0.000000000000000e+00, -2.163486018078643e-01
s640        , -7.663785491668940e-02,  1.382798901467792e-01,  4.439808557112681e+00,  3.654967281380131e-02, -1.173851691683181e-01
s641        ,  1.396787091256106e+00,  1.000860449555484e+00,  5.031041881730148e+00,  2.899652064261733e-02,  3.243174343009834e-01
s642        ,  1.137451761223006e+00,  4.896819484631479e-01,  6.179342168778783e+00,  0.000000000000000e+00,  2.342267464291123e-01
s643        ,  6.186651151125386e-02,  1.250963208631005e-01,  9.108264457416613e+00,  3.401617942441265e-02,  3.184706603918112e-02
s644        , -1.171820789178678e+00, -5.238635649366352e-01,  8.101606156644245e+00,  0.000000000000000e+00, -1.699337976480564e-01
s645        ,  4.823756822475945e-01,  1.257318648212755e-01,  4.464589852248148e+00,  2.965561224489796e-02, -9.664226979340385e-02
s646        ,  8.205150420430785e-01,  8.834312473631494e-01,  5.109329571114364e+00,  0.000000000000000e+00,  3.811414894380605e-01
s647        ,  3.518506790799084e-01,  2.863160097345496e-01,  3.537425610845072e+00,  0.000000000000000e+00,  5.856465321334337e-02
s648        ,  4.210663223398269e-02,  7.360120715405689e-01,  8.911693643091199e+00,  0.000000000000000e+00,  4.323911407843878e-01
s649        ,  5.870347574891154e-01,  1.195424424339862e+00,  4.782572101269306e+00,  0.000000000000000e+00,  5.138277128840482e-01
s650        , -7.940906852652418e-01, -1.065425433519531e+00,  1.117344230866401e+01,  0.000000000000000e+00, -3.220192482080121e-01
s651        ,  1.648126188438620e+00,  1.714756812190082e+00,  4.944274824480074e+00,  0.000000000000000e+00,  7.567322134444270e-01
s652        ,  2.998843396621518e+00,  9.340051672434226e-01,  4.285301232230517e+00,  0.000000000000000e+00,  3.785656283843374e-01
s653        ,  4.493206753989470e-01,  4.639994471522808e-01,  8.792573581795331e+00,  5.495395136486417e-02,  9.910279505737264e-02
s654        ,  8.907143716152748e-01,  3.600276936246888e-01,  8.173496887419962e+00,  0.000000000000000e+00,  2.371329906608685e-01
s655        ,  3.986925365877028e-01,  6.125937134627579e-01,  6.326925432818609e+00,  4.960769208823448e-02,  1.100861931420497e-01
s656        ,  8.200524881394200e-01,  8.934459156914251e-01,  4.699945333424028e+00,  3.608524176706577e-02,  2.383378885953499e-01
s657        ,  2.253026077099693e-01,  1.147424328256317e-01,  4.024866991321608e+00,  0.000000000000000e+00, -4.790551805296138e-03
s658        , -2.085098433395276e+00, -1.974385723043965e+00,  1.914640264691607e+00,  7.848814989333068e-03, -1.056799546139418e+00
s659        , -3.565026754081164e-01, -2.857275870648787e-01,  2.737343106041299e+00,  1.533557165962601e-02, -2.856253052735824e-01
s660        ,  9.769972243844465e-01,  3.194964306050371e-01,  4.509606281575484e+00,  0.000000000000000e+00,  1.041274774008898e-01
s661        ,  7.549182821078514e-01,  9.532915304541126e-01,  4.981518507432908e+00,  0.000000000000000e+00,  4.091452258140182e-01
s662        , -2.199791631405239e+00, -1.921726462217543e+00,  2.096309883816783e+00,  4.315209660114791e-02, -1.158693478602393e+00
s663        ,  6.537369904412299e-01,  1.103457202852518e+00,  4.286437597526124e+00,  3.024711005503868e-02,  3.433839223176651e-01
s664        , -1.032617581813699e+00, -1.303037332247096e+00,  4.145413008886351e+00,  0.000000000000000e+00, -6.503669219889783e-01
s665        , -1.725197455699346e-01,  7.837885449696276e-01,  6.909596996607549e+00,  8.004326663061115e-02,  9.316403563922424e-02
s666        , -9.556704567146264e-01, -1.926647260066372e-01,  4.269628057510558e+00,  0.000000000000000e+00, -1.379375551661375e-01
s667        , -1.074909955617834e+00, -4.662195886625433e-01,  1.215101510567042e+01,  0.000000000000000e+00, -1.704894958756056e-02
s668        ,  8.157451056201823e-01,  4.367465678114135e-01,  6.006332866401539e+00,  0.000000000000000e+00,  2.045784230520016e-01
s669        ,  8.201013628253863e-01,  3.448408473842114e-01,  4.673209716346086e+00,  0.000000000000000e+00,  1.208453744138081e-01
s670        , -8.377594254676490e-01, -6.923398187681395e-01,  4.126110831219701e+00,  1.037104440799320e-01, -7.581258272233244e-01
s671        , -5.700208727194026e-01, -2.703772611830381e-01,  1.453136750651996e+01,  0.000000000000000e+00,  1.469973372710656e-01
s672        , -7.390594172975108e-01, -2.474290033030579e-01,  1.031603355861607e+01,  0.000000000000000e+00,  2.584095276084768e-02
s673        ,  5.527317739358688e-01,  3.269960399481252e-01,  1.552648260928865e+00,  1.014741375291595e-02, -2.265009640023701e-02
s674        , -1.509604783948018e-01,  2.919013326778525e-01,  4.088718178726170e+00,  6.410109658661661e-02, -1.607638354987853e-01
s675        , -7.328015214360989e-01, -7.052160194742563e-01,  5.650490388636163e+00,  4.039256198347107e-02, -4.802240883564981e-01
s676        ,  2.481079887957650e-01,  3.082578335361366e-01,  8.273514284509895e+00,  2.487540049839801e-02,  1.237577004775017e-01
s677        , -1.497784796529649e+00, -1.364869392255984e+00,  8.602565084234532e+00,  2.389053254437870e-02, -6.285811584391134e-01
s678        , -6.955981656855925e-02, -1.598540524455775e-01,  8.977355042828169e+00,  4.850591498860197e-03,  6.042939103493017e-03
s679        ,  6.295281558129772e-01,  4.677009312456229e-01,  5.716492405138507e+00,  5.485051997933559e-02,  5.101973533551589e-03
s680        , -5.120635862296855e-01,  1.833291951983262e-01,  2.705090165572693e+00,  1.083256832144623e-01, -4.186716594404732e-01
s681        , -4.577628444983341e-01, -6.198334950262145e-01,  8.370255285983411e+00,  0.000000000000000e+00, -2.054966243703789e-01
s682        ,  1.425186289801849e+00,  4.259707372649877e-01,  3.739766637624064e+00,  4.888943252577475e-02, -5.351806179656131e-02
s683        , -8.653733268557260e-01, -3.847397950900910e-02,  9.916193655809685e+00,  3.700361467802037e-02, -2.897571762199416e-02
s684        ,  6.149991181690390e-01,  1.579148607285879e+00,  3.220388157883947e+00,  4.506969067169216e-02,  4.726615037030936e-01
s685        ,  1.739338045322250e+00,  6.344992762695458e-01,  6.984304853314943e+00,  7.315951431052323e-02,  5.280060225594703e-02
s686        ,  9.590771410105176e-01,  1.805593608626238e-01,  3.515572975203771e+00,  8.707078296572246e-03, -2.303300162660630e-02
s687        ,  5.412604899045221e-01,  4.087440184080838e-01,  5.976899303001349e+00,  0.000000000000000e+00,  1.908339225107595e-01
s688        , -1.405336687520458e+00, -6.203610167204846e-01,  1.320832016324504e+01,  6.580480129065900e-03, -7.916659515223905e-02
s689        ,  3.354058241185732e-01,  2.293371669540057e-01,  6.203722275065690e+00,  9.070294784580497e-03,  8.191712688582783e-02
s690        , -6.091694712828630e-01, -1.279793807049931e+00,  1.568496248866964e+01,  0.000000000000000e+00, -2.792816492651237e-01
s691        , -6.034950511663356e-01, -5.813148246775737e-01,  8.412387392303373e+00,  4.900630863355435e-02, -3.693396646053023e-01
s692        , -9.120972373870817e-01, -1.008013855883846e+00,  9.176908849146750e+00,  0.000000000000000e+00, -3.580868631911706e-01
s693        , -4.067329829645623e-01, -2.163749856556920e-01,  5.562671457929934e+00,  2.882347803301598e-02, -2.159241055600694e-01
s694        , -7.579589601320627e-01,  6.447663149240377e-01,  5.807300374718764e+00,  0.000000000000000e+00,  2.936344357866238e-01
s695        ,  1.455973696410247e+00,  1.413939756247532e+00,  4.837425209304784e+00,  2.327171919522526e-02,  5.288140040674620e-01
s696        , -6.516257166940767e-01,  6.312980592032014e-02,  9.874912380411136e+00,  0.000000000000000e+00,  1.542980676770805e-01
s697        ,  7.238448013551266e-01,  6.447667906009429e-01,  2.648120822572992e+00,  7.074202229911572e-02, -6.892073044456436e-02
s698        ,  1.662019888207613e+00,  1.247948548103633e+00,  6.643963349011311e+00,  2.187070282288300e-02,  5.144437183512894e-01
s699        , -1.247862087380916e+00, -1.061579117314374e+00,  4.327274849976871e+00,  3.260847063019857e-02, -6.557330962703735e-01
s700        , -1.114444246482743e+00, -1.629833978803336e+00,  8.081714569960502e+00,  0.000000000000000e+00, -6.770884041581505e-01
s701        , -4.217745973052512e-01, -8.056577911446821e-01,  1.129178561965258e+01,  0.000000000000000e+00, -1.993494673198820e-01
s702        , -8.481384521188839e-01, -6.708536689782332e-01,  9.785646708691171e+00,  0.000000000000000e+00, -1.846538221503232e-01
s703        , -9.416435374285391e-01,  1.439758892343612e-01,  1.093148593897035e+01,  0.000000000000000e+00,  2.243277412653178e-01
s704        ,  9.487448855648490e-01,  8.451244679424662e-01,  3.870233794357226e+00,  8.476898542260955e-02,  8.693196530371086e-03
s705        , -2.365138337942842e-01, -1.310842294965527e-01,  6.156585348492940e+00,  0.000000000000000e+00, -5.079432503281813e-02
s706        ,  5.583280652770263e-01,  7.153993285730056e-01,  6.004968331077992e+00,  2.893041090065748e-02,  2.242438950520107e-01
s707        ,  9.205089121966433e-01,  6.756886917416524e-01,  6.625921767869490e+00,  9.205895956081964e-02, -1.002648366511926e-02
s708        ,  1.060945132046508e+00, -2.818941416968960e-02,  7.411516380611586e+00,  1.117854178105797e-02, -6.168189200376283e-03
s709        ,  1.331106470481227e+00,  7.770342449073919e-01,  4.245038470491206e+00,  6.839503274638650e-02,  5.029222271536311e-02
s710        ,  1.914467968020750e-01,  4.342946511116423e-01,  6.549055199833590e+00,  0.000000000000000e+00,  2.204074708455642e-01
s711        , -7.721035544159953e-02,  2.603630819803002e-01,  7.628079025574496e+00,  0.000000000000000e+00,  1.744504847168940e-01
s712        , -1.414340169349908e+00, -9.670901490282793e-01,  3.847096475220642e+00,  4.447297628841239e-02, -6.717120063406427e-01
s713        ,  5.574707555573186e-01,  5.946952890894102e-01,  1.606115018915498e+00,  1.317554640211873e-02,  9.033055331725573e-02
s714        , -1.685969281548289e+00, -1.555796671641675e+00,  2.552849146027894e+00,  5.761316872427983e-02, -1.030779809384298e+00
s715        , -2.519985050786606e-01, -2.788336940088064e-01,  4.951055918715449e+00,  1.180174418522942e-02, -2.001405357510651e-01
s716        , -1.286737305127487e+00, -9.857446494240325e-01,  4.103207316624098e+00,  0.000000000000000e+00, -5.063655079473075e-01
s717        ,  3.452976089232733e-01,  2.315982466352288e-01,  5.750091929150106e+00,  3.308666213898709e-02, -2.080101289306826e-02
s718        ,  1.123110480867275e+00,  1.136700332965324e+00,  6.668215270827139e+00,  0.000000000000000e+00,  5.458305211543122e-01
s719        ,  6.888993521047061e-01,  6.683615139495056e-01,  7.067136034670247e+00,  2.742187187198247e-02,  2.415046783484691e-01
s720        ,  7.093644696892669e-01,  1.284742238119942e-01,  9.215896121610038e+00,  0.000000000000000e+00,  1.636412592044165e-01
s721        , -7.747236109533535e-01, -8.422786747482500e-01,  5.823913631552615e+00,  7.561436672967864e-02, -6.689641159466907e-01
s722        ,  3.328206388143558e-02,  2.423182637093387e-01,  7.475287900381416e+00,  9.529837573004163e-03,  1.258658606060752e-01
s723        ,  9.358910152584168e-02,  6.942975336451331e-01,  8.317649000436036e+00,  3.119792177237526e-02,  2.783581230226714e-01
s724        , -2.029371048190847e-01,  7.891853794306714e-01,  5.334338116742791e+00,  1.237593128882949e-02,  2.988411631353999e-01
s725        , -2.472238890656029e-01, -4.720445773563575e-01,  1.254029606205740e+01,  0.000000000000000e+00, -7.557532365042459e-03
s726        , -1.287360963264701e+00, -1.247419178107662e+00,  8.547041343327427e+00,  0.000000000000000e+00, -4.874082667894815e-01
s727        ,  1.020824855481523e+00, -1.205990223376348e-01,  6.210416370739307e+00,  1.113003652983817e-02, -8.582732144017202e-02
s728        ,  1.643163575608417e-01,  6.891629210767687e-01,  5.376455845926685e+00,  0.000000000000000e+00,  3.005105337493040e-01
s729        , -1.007289241750789e+00, -3.919661933817085e-01,  9.409081219099603e+00,  0.000000000000000e+00, -6.868573705780950e-02
s730        , -4.777207265671770e-02,  1.531780062895727e-01,  3.914633315345851e+00,  3.705816211641799e-02, -1.288625222922289e-01
s731        , -1.404307349772385e+00, -4.876940376042620e-01,  8.354431925461613e+00,  0.000000000000000e+00, -1.454711367948080e-01
s732        , -8.950540078294739e-01, -5.278510909441687e-01,  1.906806467868414e+00,  2.208650018235798e-02, -4.476414980690215e-01
s733        ,  7.802433523350311e-01,  8.608947458788668e-02,  1.071349638510316e+01,  0.000000000000000e+00,  1.910068838158412e-01
s734        , -3.943979845876157e-01, -3.653953366012594e-01,  6.645178277499434e+00,  1.524206426039027e-02, -1.997023682809290e-01
s735        ,  2.101468865327815e-01,  3.979136405018051e-01,  3.969880468656201e+00,  0.000000000000000e+00,  1.231840510298399e-01
s736        , -9.765048604112493e-01, -5.936027708830574e-01,  9.506455806933101e+00,  0.000000000000000e+00, -1.579935664752752e-01
s737        ,  1.458335451821299e-01,  2.598152480666178e-01,  7.915910135896964e+00,  0.000000000000000e+00,  1.831900303438244e-01
s738        , -6.859666936017034e-01, -5.011137799132254e-01,  5.324733322292664e+00,  6.996625742159132e-02, -5.072346754709852e-01
s739        , -4.324785166901873e-01,  1.222905542102193e-01,  7.938337933353820e+00,  1.929283712034185e-02,  4.893935352599992e-02
s740        , -8.464136206988212e-01, -5.213265219260441e-01,  4.110483314167478e+00,  6.868896118001858e-03, -3.190571925881117e-01
s741        ,  7.826811446288888e-01,  9.895288665814750e-01,  2.371112115285212e+00,  7.495069033530573e-02,  6.462859039595104e-02
s742        , -1.076711651730049e+00, -1.228047602897914e+00,  1.109657685856165e+01,  0.000000000000000e+00, -3.989009364241800e-01
s743        ,  1.126163901269626e+00, -4.847449221127946e-01,  2.763296063323013e+00,  1.294260204081633e-01, -8.015381150354803e-01
s744        ,  4.575225784544250e-01,  4.166486449175115e-01,  6.847627176081899e+00,  2.966135698136277e-02,  1.110104519664710e-01
s745        ,  6.120442964942220e-02,  8.579615817564117e-01,  4.314829165348079e+00,  6.037918125830215e-03,  3.221377560386325e-01
s746        , -7.321682226189938e-01, -6.063329849382293e-01,  6.498184883077209e+00,  0.000000000000000e+00, -2.577878377917193e-01
s747        ,  3.433900501625798e-01,  2.932858697873357e-01,  5.979679614584258e+00,  0.000000000000000e+00,  1.380410550483872e-01
s748        ,  1.070072189769298e+00,  7.351532550641513e-01,  3.472995528709861e+00,  4.787100025195263e-02,  8.355346506647976e-02
s749        , -3.065637698166305e-01,  4.503267668550078e-01,  7.610702721167450e+00,  0.000000000000000e+00,  2.609109013496521e-01
s750        ,  5.825873454256546e-01, -1.629441164103486e-01,  1.063541453060007e+01,  1.034215936906318e-02,  3.593312396930638e-02
s751        ,  1.285276821036511e+00,  3.694442871459670e-01,  6.583967116901136e+00,  7.401406823782547e-02, -8.428652966476854e-02
s752        , -1.346601886455474e+00, -1.235263198195617e+00,  6.611030904212924e+00,  3.926534087637615e-03, -5.569589862265002e-01
s753        ,  1.060914810725354e+00,  9.575304979756716e-01,  5.536891754053732e+00,  4.540246674023968e-02,  2.590761374271739e-01
s754        , -2.988071870667106e-01,  1.501596331394653e-01,  4.440303837097605e+00,  1.220930232558139e-01, -4.310177454785474e-01
s755        ,  3.446486458262937e-01,  3.242290493461170e-01,  6.789513970930146e+00,  0.000000000000000e+00,  1.775083107153142e-01
s756        ,  7.815527627219405e-01,  9.800201222626833e-01,  3.418325689031928e+00,  1.563842584636536e-01, -2.107753922843912e-01
s757        , -1.199593062238569e-01, -1.761303014088814e-01,  3.736368840723352e+00,  1.775669801889712e-02, -2.132562753868495e-01
s758        , -4.537603905509296e-01, -4.418879093807662e-01,  7.617666975111534e+00,  1.130461996197378e-02, -1.896728073696108e-01
s759        ,  8.887536211540953e-01,  7.182468473103234e-01,  8.762649371686102e+00,  4.791469902875550e-03,  4.017263945181612e-01
s760        , -2.895515595576988e-01,  4.572934510756434e-03,  5.770697062602639e+00,  2.403218952314394e-03, -9.681122610290430e-03
s761        ,  1.508586595387194e+00,  1.145310780258468e+00,  4.108226898164447e+00,  3.711814228170432e-02,  3.313564409099525e-01
s762        , -1.358921391484776e+00, -1.786076782066199e+00,  3.908427052052104e+00,  0.000000000000000e+00, -8.790007794230502e-01
s763        ,  6.364126482871526e-01,  9.399887368593953e-01,  4.750804225475378e+00,  1.239409722222222e-01, -6.647142723780698e-02
s764        , -9.313282224456001e-01, -3.015766494475953e-01,  1.114107076307703e+01,  0.000000000000000e+00,  2.681156301956052e-02
s765        ,  1.388135281387673e-01,  6.243570491809834e-01,  5.430195925648755e+00,  6.485260770975057e-02,  3.059857206810402e-02
s766        , -5.439787958329916e-01, -5.456302684096910e-01,  1.067319916552444e+01,  0.000000000000000e+00, -9.957878625640948e-02
s767        , -9.653950427427375e-02, -2.716536698197427e-01,  1.202627079819074e+01,  0.000000000000000e+00,  6.816562779933469e-02
s768        ,  5.676322320535289e-02,  6.139714845428610e-01,  6.393731378156559e+00,  0.000000000000000e+00,  2.978477064790669e-01
s769        ,  2.392616163662374e+00,  8.609525717610835e-01,  3.876586608671320e+00,  0.000000000000000e+00,  3.323413464941070e-01
s770        ,  2.218993464697082e+00,  7.834165465349739e-01,  1.701426314275680e+00,  5.506678720895911e-02,  2.348142395361269e-02
s771        , -1.301691995085942e+00, -7.555191607116964e-01,  9.615906901718635e+00,  0.000000000000000e+00, -2.287323798831117e-01
s772        ,  5.381680992613423e-01,  4.868037239086976e-01,  3.602674174938521e+00,  4.595137731594941e-02, -1.897935679549575e-02
s773        ,  3.401653127948082e-01,  5.617233626972739e-01,  7.000582707578183e+00,  1.278424139894046e-02,  2.451861719725441e-01
s774        ,  1.961582265617426e+00,  8.506146776208128e-01,  5.605135948043745e+00,  0.000000000000000e+00,  3.815981302218774e-01
s775        ,  1.370640331855435e-01, -7.615776953363315e-02,  9.700674442217052e+00,  0.000000000000000e+00,  8.506215301225575e-02
s776        , -1.362945069319552e+00, -9.181470361232307e-01,  1.133826371375742e+01,  0.000000000000000e+00, -2.494176724654532e-01
s777        , -3.352331847361073e-01,  8.745646913581323e-02,  1.025253043473755e+01,  8.723714847034672e-04,  1.739805464892241e-01
s778        ,  1.725306869739156e-02,  1.816237230554678e-01,  3.188234796282068e+00,  3.144944065616734e-02, -1.176022585442174e-01
s779        ,  1.449489553403749e+00,  1.326920864665207e-02,  8.575874440189892e+00,  0.000000000000000e+00,  9.088629858424227e-02
s780        ,  4.890100260675969e-01,  5.741442210087415e-01,  4.541440019769873e+00,  1.068529409333386e-01, -1.768265522377230e-01
s781        , -1.480324044989625e+00, -7.294611436935343e-01,  7.327156452878737e+00,  0.000000000000000e+00, -2.882873393920062e-01
s782        ,  4.189986042737073e-03, -4.872327237148039e-02,  9.064527839066104e+00,  0.000000000000000e+00,  7.775697813857523e-02
s783        , -6.272127818216120e-01,  1.159338762901890e-02,  8.795841694553433e+00,  0.000000000000000e+00,  9.698948838273801e-02
s784        , -7.567615030290812e-01, -8.204355649534293e-01,  1.730403363464793e+01,  0.000000000000000e+00, -1.832409754361906e-02
s785        , -5.703210531845893e-01, -2.282230368893878e-01,  7.051483096019823e+00,  0.000000000000000e+00, -6.733151575657262e-02
s786        , -8.599325133308396e-02,  8.860908617214311e-02,  7.406967778514868e+00,  0.000000000000000e+00,  8.888088792429556e-02
s787        ,  2.785466688170735e-01, -1.123968705769981e-01,  1.398830806751253e+00,  2.782514221239513e-02, -2.946365630304890e-01
s788        , -2.115784691919650e-01, -1.363057729329503e-01,  8.353592794837445e+00,  0.000000000000000e+00,  1.543810945719675e-02
s789        ,  5.205927430670391e-01,  1.270264869623317e+00,  1.784276324102964e+00,  0.000000000000000e+00,  4.544522870683383e-01
s790        ,  2.374718073624741e-01,  1.247218142962327e+00,  3.158180695128143e+00,  0.000000000000000e+00,  4.868110437910358e-01
s791        , -1.870737338196531e-01, -4.978427505257378e-01,  5.023002932589904e+00,  4.250960325330826e-03, -2.700336709767921e-01
s792        ,  3.003547556082288e-01,  4.873677762763319e-01,  7.653316934666653e+00,  4.661623467316894e-02,  1.053214710502439e-01
s793        , -5.143092658197446e-01, -3.666391834021193e-01,  1.064339674352824e+01,  0.000000000000000e+00, -1.853194071939963e-02
s794        , -1.010636071412045e+00,  7.227992498003813e-02,  7.598234069330470e+00,  0.000000000000000e+00,  8.737638388518135e-02
s795        ,  7.888417803219110e-01,  4.341640536076906e-01,  2.634047200494274e+00,  6.862479234121235e-03,  7.246369513026356e-02
s796        , -5.465110200553928e-01, -3.902078625146325e-01,  3.356694748137266e+00,  7.303478281147849e-03, -2.841707500899848e-01
s797        , -1.192872691111335e+00, -4.820401879481196e-01,  9.778695846605862e+00,  2.891724335924800e-02, -2.062600190686497e-01
s798        , -5.479719952294668e-01,  3.106829887867346e-02,  4.989401882128354e+00,  1.251056635672020e-01, -4.796478622610726e-01
s799        , -1.767142590180783e+00,  4.723405850175638e-02,  8.256322403721677e+00,  0.000000000000000e+00,  9.646090276030876e-02
s800        ,  8.963412972756590e-01,  7.671970218174399e-01,  3.676733323757424e+00,  0.000000000000000e+00,  2.831589521039786e-01
s801        , -1.947046181282547e-01,  6.317742009824101e-01,  7.568785535520707e+00,  0.000000000000000e+00,  3.427043455333851e-01
s802        ,  1.600748538223649e+00,  1.339157758818558e+00,  3.786603174380257e+00,  4.767076327461715e-02,  3.707293942364281e-01
s803        ,  6.740572620180488e-01,  1.110721739762253e+00,  4.420195107568148e+00,  3.112585952599723e-02,  3.476111493929415e-01
s804        , -1.928070676221089e+00, -1.398013237806013e+00,  1.207486355075872e+00,  1.352187474561955e-02, -8.360709492858120e-01
s805        , -3.708716392635017e-01, -2.946577865106281e-01,  1.204301866866557e+01,  0.000000000000000e+00,  5.815288902662056e-02
s806        ,  7.676901054132433e-01,  8.456385922714347e-01,  5.195506448523139e+00,  3.517204143652697e-02,  2.353274872275380e-01
s807        , -3.131290990966100e-01,  3.055327440623272e-01,  6.610920430858101e+00,  6.047286155169564e-02, -6.220541656023005e-02
s808        ,  9.833675917069939e-01, -6.165293254930818e-02,  9.830734409924268e+00,  0.000000000000000e+00,  9.576779803193010e-02
s809        ,  5.790963636372375e-01,  6.366983792926236e-01,  2.588161759957390e+00,  6.499114821615808e-02, -5.303730125100469e-02
s810        ,  1.050626461500014e+00,  6.860444889203650e-01,  6.746559082995012e+00,  7.147173307609285e-02,  7.527789246845555e-02
s811        ,  5.249115464039674e-01,  7.729151834672732e-01,  7.320426503990268e+00,  1.252905448859136e-02,  3.528540627075399e-01
s812        ,  1.605931526374292e+00,  1.134192134917346e+00,  4.566490754468915e+00,  4.535323946989186e-02,  3.098599687076472e-01
s813        ,  9.497331683917801e-01,  3.472418958383006e-01,  7.831341899905268e+00,  0.000000000000000e+00,  2.205898402900547e-01
s814        , -7.865406237894391e-01, -7.858910456815412e-01,  1.714314820918180e+01,  0.000000000000000e+00, -7.528027188169923e-03
s815        , -2.660810322736745e-01,  1.806578175877856e-01,  7.421441614192170e+00,  0.000000000000000e+00,  1.314912030438396e-01
s816        , -9.674450919852262e-01, -1.349861816469401e+00,  8.623444344159012e+00,  0.000000000000000e+00, -5.319404271643307e-01
s817        ,  7.270946209036595e-01,  2.099804721981502e-02,  9.953646318537853e+00,  0.000000000000000e+00,  1.374610341423650e-01
s818        ,  6.532804155454610e-01,  2.960646366971997e-01,  7.086981462436356e+00,  0.000000000000000e+00,  1.739004862311466e-01
s819        ,  8.081292268835972e-01,  1.326496045824785e+00,  2.136517205431710e+00,  0.000000000000000e+00,  4.912084097662380e-01
s820        ,  1.390381735794342e+00,  1.097006135038086e+00,  2.930892987991599e+00,  1.493229166666667e-01, -1.460811464190920e-01
s821        ,  1.516978402347242e+00,  7.147831787720089e-01,  7.083574924998723e+00,  0.000000000000000e+00,  3.655667355269625e-01
s822        ,  3.033561593600319e-01,  3.437633415265204e-01,  8.296432343979575e+00,  1.173964497041420e-01, -2.043817373260251e-01
s823        , -8.238895392622755e-01, -2.789288511735460e-01,  1.069988424913589e+01,  0.000000000000000e+00,  2.340369614685707e-02
s824        ,  2.038981274745353e+00,  1.660668978463291e+00,  2.374004033187894e+00,  7.312145149287174e-03,  6.244018539652663e-01
s825        ,  1.320628175421427e-01,  2.889986608693594e-01,  4.256183429665885e+00,  0.000000000000000e+00,  8.224382558716591e-02
s826        ,  9.525953446348725e-01,  8.907120555479078e-01,  3.925971687624263e+00,  0.000000000000000e+00,  3.475137100731772e-01
s827        , -2.151354450670567e+00, -1.895780665986989e-01,  9.474861811624171e+00,  5.516040063869938e-03,  5.486860615962148e-03
s828        ,  8.438987064828646e-01, -1.940198089989062e-02,  7.991157575267918e+00,  0.000000000000000e+00,  5.765919874023404e-02
s829        , -1.571185202221650e+00, -6.574996047966064e-01,  7.992263748338433e+00,  0.000000000000000e+00, -2.345542921833442e-01
s830        ,  3.133543223982471e-01,  9.288992491976057e-01,  6.040631883339716e+00,  1.101354453627181e-01,  2.023417581770020e-02
s831        , -8.984804340484778e-01,  4.429425249605207e-01,  7.284340568270675e+00,  0.000000000000000e+00,  2.473349497483761e-01
s832        , -1.855362237616736e+00, -1.128399737975059e+00,  1.494094021596176e+01,  0.000000000000000e+00, -2.331829848512800e-01
s833        ,  4.948389352249701e-01,  4.828635290877667e-01,  4.460232378664191e+00,  0.000000000000000e+00,  1.774072350105216e-01
s834        ,  1.120605859544544e+00,  3.431797275622847e-01,  8.010162847081380e+00,  6.610202305757257e-02, -2.225514528493584e-02
s835        , -8.435182612795279e-01, -7.176581756331011e-01,  3.121554474790173e+00,  0.000000000000000e+00, -4.142442752402357e-01
s836        ,  1.128844146448547e+00, -3.901236045960880e-01,  3.783906546739138e+00,  3.611719661759587e-02, -3.782674265661679e-01
s837        , -1.924657877822013e+00, -1.402804838167927e+00,  3.610358172572406e+00,  2.422772849387447e-02, -8.031457619010702e-01
s838        , -1.075095206150813e+00, -1.532631933225946e+00,  1.013874397945385e+01,  0.000000000000000e+00, -5.683183107828605e-01
s839        ,  3.864893622265216e-02,  4.445919827724747e-01,  7.718201362421492e+00,  4.907498433685291e-02,  7.858538986599903e-02
s840        , -1.233908351649846e+00, -4.705385456466604e-01,  1.370970972839894e+01,  0.000000000000000e+00,  2.965906049438802e-02
s841        ,  6.618283364070194e-01,  4.371248984464126e-01,  6.316940389045085e+00,  7.567412624639135e-02, -6.782175956548257e-02
s842        , -1.380664268040651e+00, -1.328506043224282e+00,  9.577296276472932e+00,  4.695655389015156e-03, -5.098812479345501e-01
s843        ,  5.539120810708922e-02, -9.774387717161531e-02,  3.692391042080226e+00,  0.000000000000000e+00, -1.124940009136797e-01
s844        , -2.111176459361614e+00, -1.938314530236363e+00,  3.739514331500920e+00,  1.268158281576777e-02, -1.001305646831863e+00
s845        ,  1.677967143093475e-01, -1.047009369509037e-01,  9.465906999848459e+00,  5.320203220821068e-03,  4.481129140720215e-02
s846        , -1.112697847471129e-01,  1.764877413557585e-01,  9.051048522029740e+00,  0.000000000000000e+00,  1.804823574676469e-01
s847        ,  9.946887487236225e-02,  4.513299423677528e-02,  5.130767902890803e+00,  4.126044397862653e-03, -1.751933819436789e-02
s848        , -1.578942777693122e+00, -1.464557013549592e+00,  6.698543659977343e+00,  0.000000000000000e+00, -6.445953026928009e-01
s849        ,  4.886541057537146e-01,  6.731973555630093e-01,  6.302393934484558e+00,  0.000000000000000e+00,  3.221201529170110e-01
s850        , -1.729847647025637e+00, -2.015001399133566e+00,  3.582790425908132e+00,  0.000000000000000e+00, -9.940193285233785e-01
s851        , -3.749493322034730e-03, -1.820781627688880e-01,  5.571787809649456e+00,  2.077336171677242e-02, -1.699033583637168e-01
s852        , -1.822550475295671e-01, -5.469035074831159e-01,  1.196085789578995e+01,  0.000000000000000e+00, -5.994169210536941e-02
s853        , -7.026997334075608e-02,  6.586938671911994e-01,  6.859503873458449e+00,  5.057050413784765e-02,  1.442437651472237e-01
s854        ,  4.598855993128227e-01,  7.313181992023415e-01,  3.071704873209465e+00,  3.637734032831767e-02,  1.121356312667563e-01
s855        ,  1.247409464273019e-01, -2.866738187825631e-01,  4.786367369431444e+00,  0.000000000000000e+00, -1.648531820112344e-01
s856        , -7.920260931956873e-01, -5.376476043748465e-01,  7.086488244439590e+00,  2.917564501058332e-02, -3.167835884470402e-01
s857        ,  1.951476409171481e+00,  9.530869165785012e-01,  6.100338456388831e+00,  0.000000000000000e+00,  4.439980415453333e-01
s858        ,  5.125085136741685e-01,  2.935665141770226e-01,  9.573126989302457e+00,  0.000000000000000e+00,  2.504115210621482e-01
s859        , -6.666214518700430e-01, -8.022067079074059e-01,  7.311103173315280e+00,  2.913043478260870e-02, -4.307668547722516e-01
s860        ,  6.811400510310224e-02,  3.833579261226103e-01,  8.538324741205148e+00,  5.939722443767734e-02,  3.765351253011547e-02
s861        ,  1.248756919249408e-01,  3.686454037453961e-01,  3.443632499920533e+00,  0.000000000000000e+00,  9.334178576872956e-02
s862        , -4.702662470572295e-01,  2.413709565010384e-01,  4.653552103274506e+00,  0.000000000000000e+00,  7.284226408218150e-02
s863        ,  4.846741731606912e-01,  4.667338674795879e-01,  4.988091372995157e+00,  3.867243820615719e-02,  4.225389447135886e-02
s864        ,  5.444121402657593e-01, -1.023752676147041e-02,  7.596914504830563e+00,  0.000000000000000e+00,  4.954226072423582e-02
s865        ,  6.365198845674543e-01,  1.048141557009020e-01,  1.082552283268476e+01,  0.000000000000000e+00,  2.030819329957569e-01
s866        ,  4.352365441984731e-01,  4.252462282193913e-01,  7.041196193780640e+00,  6.908311354062707e-03,  2.058664177287985e-01
s867        , -5.650365137506241e-02, -2.381724099705966e-01,  3.884253172190013e+00,  9.342532685441220e-03, -2.056662616240090e-01
s868        , -2.338433808137944e+00, -1.955737353342905e+00,  4.589374528840509e+00,  3.320000000000000e-02, -1.059276392373507e+00
s869        , -2.347184475558825e-01,  1.219851473359897e-01,  7.461788048224465e+00,  4.403277931671283e-02, -5.836916790836771e-02
s870        , -8.212819619769498e-01, -4.413448095778353e-01,  1.073244646662651e+01,  7.902661138085023e-03, -7.944361468573835e-02
s871        , -1.570593293706644e-01, -6.699428602855300e-01,  1.277508188987061e+01,  1.844085451710094e-02, -1.596481937643042e-01
s872        ,  5.284306454202828e-01, -4.435583305755367e-01,  1.347250143187229e+01,  0.000000000000000e+00,  3.460672978748736e-02
s873        ,  9.554554102193652e-01,  5.977737077288177e-01,  2.466321050145507e+00,  8.484572055867541e-03,  1.361071519919747e-01
s874        ,  1.539965674145509e+00,  6.358848826304178e-01,  7.536483601859794e+00,  0.000000000000000e+00,  3.435780771031550e-01
s875        ,  6.472677808586434e-01,  1.068734677734437e+00,  3.951806380560300e+00,  1.984135181373638e-02,  3.558437495538427e-01
s876        ,  7.990955642461934e-01,  7.688071158832633e-01,  4.285763938347781e+00,  0.000000000000000e+00,  3.029195468457392e-01
s877        ,  2.414774484401117e-01,  8.348912265312326e-01,  4.882446533531994e+00,  0.000000000000000e+00,  3.518234810971337e-01
s878        , -5.588324756467096e-01, -7.420922903952558e-01,  7.494930491268642e+00,  0.000000000000000e+00, -2.888319411163906e-01
s879        , -1.108097718569436e+00, -1.114286067688343e+00,  4.304866625777974e+00,  1.053538965390738e-02, -5.982369935792992e-01
s880        , -7.450297483445957e-01, -4.179028817025517e-01,  3.464599298910360e+00,  1.265479395847655e-02, -3.134457974636271e-01
s881        , -1.759050067534673e+00, -2.165580085768711e-01,  9.256250286307242e+00,  0.000000000000000e+00,  6.877327784561056e-03
s882        , -6.605379692241985e-01, -1.131125858653396e+00,  6.576625117067826e+00,  1.236835529265640e-02, -5.418280673633452e-01
s883        ,  3.815578964726026e-01,  1.617980068726429e-01,  1.345977803563448e+00,  2.349184715860106e-02, -1.545426576335358e-01
s884        , -4.051889851605022e-01, -3.384280274798653e-01,  4.497930872034146e+00,  1.521101654400055e-02, -2.543051892464970e-01
s885        ,  2.841270750996222e-02, -3.947371151414127e-01,  1.342607980505356e+01,  0.000000000000000e+00,  5.551680795017376e-02
s886        , -1.487878849688012e+00, -1.008213586617548e+00,  4.202520157936156e+00,  0.000000000000000e+00, -5.135542043657753e-01
s887        ,  4.820147860437528e-01,  2.891345727667234e-01,  4.490435344935094e+00,  4.568867891085205e-02, -8.080234900453399e-02
s888        ,  7.081092310596756e-01,  2.908011642745233e-01,  1.075068396141741e+01,  9.126301493888638e-03,  2.518837706899221e-01
s889        , -9.770534507358716e-01, -1.203867104809204e+00,  4.560248715247633e+00,  5.952607712112768e-03, -6.141936788404844e-01
s890        , -4.782598098188896e-02,  8.443483665065030e-01,  5.396141522325941e+00,  0.000000000000000e+00,  3.722001903799977e-01
s891        , -3.221184210883460e-01, -4.592816510749430e-01,  7.696266163319876e+00,  9.248249438499142e-03, -1.875135072509054e-01
s892        , -9.718981396026354e-01, -7.787527595165435e-01,  1.735235747745818e+01,  0.000000000000000e+00,  2.275986955618689e-03
s893        ,  2.164744347352420e+00,  5.238423720376217e-01,  8.992832830684979e+00,  7.479283510256360e-02,  5.876404366050463e-02
s894        ,  2.108977331308746e-01,  4.875389142470149e-01,  2.635349550487965e+00,  5.752332863047945e-02, -9.202222397452535e-02
s895        , -7.726754766108116e-01, -6.836798159789481e-01,  7.761591122950177e+00,  0.000000000000000e+00, -2.537498995690708e-01
s896        ,  2.280269149131176e+00,  3.276967837325172e-01,  9.132903342215451e+00,  9.980836063532599e-03,  2.150627404375757e-01
s897        ,  1.732742671810001e+00,  1.928971948594237e-01,  5.725710400681508e+00,  5.270130925789983e-02, -1.124530598527550e-01
s898        , -1.952924930899203e-01, -1.895295846979655e-01,  9.318537872553470e+00,  3.632411722448378e-02, -1.142922820566902e-01
s899        , -1.243124507856434e+00, -8.168077828928519e-01,  4.499009572273359e+00,  0.000000000000000e+00, -4.166296504689853e-01
s900        , -1.127987025274472e+00, -1.243541872738618e+00,  8.288577331117407e+00,  3.920459946238009e-03, -5.083295091866453e-01
s901        ,  2.222405771151903e+00,  1.144196040395118e+00,  3.752640779470551e+00,  1.565848802357621e-02,  3.997866849392502e-01
s902        , -1.852329248500361e+00, -1.368074209543743e+00,  2.603859758089894e+00,  2.199964591327790e-02, -8.103662498031061e-01
s903        ,  1.566870488248132e+00,  1.020047074525273e+00,  6.916426277779388e+00,  3.399731600788011e-02,  3.733415027279854e-01
s904        , -1.387739856871698e+00, -2.973625879941681e-01,  9.073571467752819e+00,  0.000000000000000e+00, -3.583708835318883e-02
s905        ,  1.121219821885003e+00,  6.721608648810334e-01,  6.570812788367805e+00,  2.854449800016957e-02,  2.235544809440878e-01
s906        , -9.933730759278802e-01, -1.492718000658639e+00,  3.744344361683651e+00,  0.000000000000000e+00, -7.497679155927711e-01
s907        , -5.762178128524449e-02, -3.619650623665577e-01,  7.311284497394978e+00,  1.504998355567431e-02, -1.766088782753270e-01
s908        ,  2.416796340775907e-01, -3.071328022174954e-01,  7.464494531526397e+00,  0.000000000000000e+00, -9.057162407810901e-02
s909        , -4.906300545514419e-01, -2.676008390573819e-01,  1.099332259664214e+01,  0.000000000000000e+00,  3.775750979199296e-02
s910        , -1.582982857801990e+00, -1.974170797681226e+00,  4.176388847935061e+00,  0.000000000000000e+00, -9.567778096600340e-01
s911        , -7.523355700553859e-01, -9.569971048008669e-01,  4.211879102824371e+00,  6.630491111600819e-03, -5.145374632599600e-01
s912        ,  2.234392115693804e-01,  4.295143287706865e-01,  9.282969091582046e+00,  0.000000000000000e+00,  3.036123469670798e-01
s913        , -1.421242973618926e+00, -1.272153451813081e+00,  1.117319963355153e+01,  0.000000000000000e+00, -4.167080437410359e-01
s914        ,  5.670067347130128e-02, -3.055073813516790e-02,  1.312653358154516e+01,  0.000000000000000e+00,  2.129574101038594e-01
s915        , -5.612055763432976e-01,  8.738107920082824e-02,  8.820609820959113e+00,  5.343906181532759e-03,  1.125402723194527e-01
s916        ,  8.997740464690429e-01,  1.979814212469515e-01,  8.211015377985795e+00,  0.000000000000000e+00,  1.640878642297418e-01
s917        , -1.606823724089288e+00, -4.583128059794612e-01,  4.549366603942300e+00,  0.000000000000000e+00, -2.508664167524779e-01
s918        ,  3.499868789687911e+00,  8.568596401576929e-01,  4.264573077726589e+00,  0.000000000000000e+00,  3.425856105184101e-01
s919        , -8.715752962891429e-01,  1.409620209340650e-01,  9.528591956147054e+00,  0.000000000000000e+00,  1.791277640015775e-01
s920        , -1.856154837094557e+00, -1.592396899196191e+00,  3.572786184655887e+00,  0.000000000000000e+00, -8.007793949873360e-01
s921        ,  2.276110916770269e-01,  1.715577625327245e+00,  2.224907283065729e+00,  0.000000000000000e+00,  6.721682439521512e-01
s922        ,  1.278757880561135e+00,  1.725259746259612e+00,  3.606779159231309e+00,  0.000000000000000e+00,  7.197656449011159e-01
s923        , -2.625003058195762e-01, -8.890661300513218e-01,  8.147319302026217e+00,  0.000000000000000e+00, -3.357683316389662e-01
s924        , -1.727834522886679e+00, -5.757791443734817e-01,  1.426233746291591e+01,  0.000000000000000e+00, -1.279603398802405e-03
s925        ,  1.850614154947128e+00,  8.442775378867373e-01,  5.686187921979998e+00,  0.000000000000000e+00,  3.812273988648541e-01
s926        , -9.602025879025963e-01, -1.422166951837876e+00,  4.854990552749103e+00,  1.372266623392430e-02, -7.339519008983902e-01
s927        , -1.294474937930480e+00, -1.064607922702824e+00,  1.606039170599140e+00,  3.300228870744763e-02, -7.435875364777437e-01
s928        , -8.964192424384732e-01, -7.144741351432198e-01,  1.166979356541940e+01,  0.000000000000000e+00, -1.457803069588161e-01
s929        ,  3.373466507702030e-01,  2.898281462411085e-01,  8.835537550995090e+00,  0.000000000000000e+00,  2.256606227090783e-01
s930        , -4.361686703935594e-01, -2.537607465791992e-01,  1.473619190824099e+01,  0.000000000000000e+00,  1.610054080558810e-01
s931        ,  1.180800691213646e+00,  5.414467970006016e-01,  8.925449989034806e+00,  0.000000000000000e+00,  3.437101309022084e-01
s932        ,  4.707166528445574e-01,  3.235968669482687e-01,  2.555116277812531e+00,  4.280035724795040e-02, -1.146948162031416e-01
s933        ,  1.703804210339992e+00,  7.011802176718633e-01,  8.886235092629470e+00,  4.978600751157305e-02,  2.299340433486002e-01
s934        , -1.834005051426063e+00, -1.932784906082915e+00,  1.280099587175207e+00,  1.519687437803797e-02, -1.084975714612247e+00
s935        , -1.778081906893596e+00, -1.319379062781470e+00,  1.050638417082606e+01,  0.000000000000000e+00, -4.591654167956015e-01
s936        , -1.576278502143039e+00, -5.566000839493129e-01,  4.602343502867666e+00,  0.000000000000000e+00, -2.942271446468666e-01
s937        ,  1.612912677482048e-01,  7.624168719403761e-01,  4.690142898930049e+00,  0.000000000000000e+00,  3.126236664492603e-01
s938        ,  3.756397573989944e-01, -5.619696599998182e-01,  4.611792877587844e+00,  0.000000000000000e+00, -2.963912520421500e-01
s939        , -1.269094165370334e+00, -8.616437924489521e-01,  7.320615756164517e+00,  0.000000000000000e+00, -3.490311536300192e-01
s940        ,  1.741633513389911e-01,  8.204111254123543e-01,  3.788388261845300e+00,  0.000000000000000e+00,  3.110185164422913e-01
s941        , -7.405880410109714e-01, -6.804062820275023e-01,  7.962592584925616e+00,  2.394120540838687e-02, -3.352764372580412e-01
s942        , -9.892731562449668e-01, -9.003613164151332e-01,  3.871478223065695e+00,  5.415841081136006e-02, -6.765167617981993e-01
s943        , -2.404390935905114e-01, -1.429108448162831e-01,  8.955127245651070e+00,  0.000000000000000e+00,  3.120202287910805e-02
s944        , -1.000366609598995e+00, -8.623942437469698e-01,  8.430547265671064e+00,  9.314083854392731e-03, -3.494488303322261e-01
s945        , -6.403848269203397e-01, -1.286799839572685e-01,  7.648950348769976e+00,  0.000000000000000e+00, -3.078912124512494e-03
s946        ,  1.042678968069443e+00,  6.444409858136211e-01,  5.890152881394084e+00,  0.000000000000000e+00,  2.960733473312244e-01
s947        ,  5.081125559242120e-03, -8.125645793190295e-01,  1.383174714647977e+01,  0.000000000000000e+00, -1.231766449532677e-01
s948        , -9.507722609706112e-01, -8.801834240867143e-01,  7.910697237556295e+00,  0.000000000000000e+00, -3.390909914770573e-01
s949        , -1.109777834090980e-01, -3.726343048904555e-01,  1.080069228908608e+01,  0.000000000000000e+00, -1.636454733707087e-02
s950        ,  6.358188156380660e-01, -5.069379862115173e-02,  9.783726305392516e+00,  0.000000000000000e+00,  9.931876384987373e-02
s951        , -2.185819524191360e+00, -1.421019495165804e+00,  3.909255669482310e+00,  3.877742694776687e-02, -8.564244026130218e-01
s952        ,  1.305064709156519e+00,  1.027812722145807e+00,  4.552295394091148e+00,  0.000000000000000e+00,  4.298689975383738e-01
s953        ,  1.664044937420125e+00,  1.936271981587879e+00,  3.612377720184296e+00,  1.402481551222358e-02,  7.642693275893886e-01
s954        ,  1.051351309197190e+00,  1.291396203582312e+00,  5.492370420602616e+00,  0.000000000000000e+00,  5.799533566088746e-01
s955        , -1.399028311662238e+00, -8.937967752654252e-01,  1.624892531628563e+01,  0.000000000000000e+00, -8.487994012483598e-02
s956        ,  1.385421265834244e+00,  5.475760871592746e-01,  6.515732465068054e+00,  0.000000000000000e+00,  2.712494085242337e-01
s957        , -9.408889636329510e-01, -4.407633811138711e-01,  7.621806336269643e+00,  0.000000000000000e+00, -1.468606284496053e-01
s958        ,  9.732055185777991e-01,  6.166265566193900e-01,  4.259598548504535e+00,  2.891084532022775e-02,  1.245621337583632e-01
s959        , -5.141793956906318e-01, -4.223788993704871e-01,  4.702025991931301e+00,  0.000000000000000e+00, -2.296403836410988e-01
s960        , -1.427508420922605e+00, -4.625848945490010e-01,  2.582233244055164e+00,  2.042564463819933e-02, -3.904573507971848e-01
s961        , -2.005936182526318e-01,  2.982630378170533e-01,  7.979458868106116e+00,  4.251561849229488e-02,  4.419468317149986e-02
s962        , -1.040812919577019e+00, -7.162020777301619e-01,  9.685235103554751e+00,  0.000000000000000e+00, -2.085597191114701e-01
s963        ,  3.350397487530737e-01,  3.757254410890480e-01,  1.847975662338445e+00,  8.048744228648307e-02, -2.534858676974782e-01
s964        , -1.211148190797335e+00, -1.388662368703120e+00,  6.651742192750725e+00,  0.000000000000000e+00, -6.112974866362135e-01
s965        , -3.546684926971408e-01, -6.116922945415845e-01,  1.153060040140039e+01,  0.000000000000000e+00, -1.030540535875948e-01
s966        , -1.297482551855562e+00, -1.143057974864097e+00,  2.651974993964548e+00,  0.000000000000000e+00, -6.237443308802458e-01
s967        , -7.045435460678467e-02,  1.762784513105162e-01,  8.351513536498302e+00,  2.810273162647117e-02,  5.370919395368268e-02
s968        ,  9.299065987644251e-02,  3.474912131067115e-01,  8.921049642253212e+00,  0.000000000000000e+00,  2.547412313552345e-01
s969        ,  6.950554955433741e-01,  3.011456497042402e-01,  8.461176312510478e+00,  3.644458664381499e-03,  2.055564382771576e-01
s970        ,  2.496136210729474e-01,  2.183587494236229e-01,  2.305928769598682e+00,  1.721610323746743e-02, -7.524424331973517e-02
s971        , -1.044044119112301e+00, -2.028099871248465e-01,  5.991377084417742e+00,  0.000000000000000e+00, -8.880495461622086e-02
s972        , -1.696855601622959e-01,  3.913262138011023e-01,  9.834275597036674e+00,  5.528513911423592e-02,  9.712088972789011e-02
s973        ,  4.802864320387065e-01, -1.342611400173798e-01,  9.386940421738856e+00,  4.083298625572678e-02, -1.036615549231823e-01
s974        , -1.989928973862810e-01, -1.725700318785661e-01,  1.065656506962683e+01,  0.000000000000000e+00,  7.076284198672152e-02
s975        ,  5.144117291211028e-01, -5.610730875563387e-01,  1.155381724518436e+01,  0.000000000000000e+00, -7.914532787655147e-02
s976        ,  3.695887594461370e-01,  8.259359193713578e-01,  4.274773796752438e+00,  0.000000000000000e+00,  3.287412000039764e-01
s977        , -5.208667084829633e-01, -2.714309429110013e-01,  7.837248648315843e+00,  0.000000000000000e+00, -6.257717263570446e-02
s978        , -1.415530554889297e+00, -4.749695982460798e-01,  3.885627016051305e+00,  1.740278461622891e-02, -3.441421080368112e-01
s979        , -9.075955878756907e-02,  9.042743299513493e-01,  3.500864328573153e+00,  1.574074074074074e-03,  3.345753960209087e-01
s980        , -1.408049785649008e+00, -1.756424565050881e+00,  5.263297498949083e+00,  0.000000000000000e+00, -8.231004895852254e-01
s981        ,  7.617332134276670e-01,  9.101346380037874e-01,  5.519684355516838e+00,  7.297934713130111e-02,  1.339656914190961e-01
s982        ,  5.658342892742037e-01,  3.077284160055004e-01,  9.786859850269524e+00,  1.978761979745646e-02,  1.897629813971755e-01
s983        , -6.523400746561840e-01, -6.509398781724518e-01,  3.793059279921745e+00,  1.347676049477356e-02, -4.129830478110204e-01
s984        ,  1.408650344937474e+00,  1.486477672480481e-01,  4.289474908659169e+00,  4.424130703770107e-02, -1.460232869801279e-01
s985        , -1.892295500046385e+00, -1.685307415578249e+00,  1.088916866321030e+01,  0.000000000000000e+00, -6.148038807512116e-01
s986        ,  7.279494111089814e-01,  4.199796921305444e-01,  3.276978174416326e+00,  1.980149006212718e-02,  3.778496454056485e-02
s987        ,  6.069333137359153e-01, -2.636626088234895e-01,  9.353872709413750e+00,  4.105783130810099e-03, -2.696243644137827e-02
s988        ,  7.956867077796174e-01,  5.946064131683152e-01,  7.443301636241405e+00,  8.139376273773768e-02,  1.815162758763096e-02
s989        , -1.492402946081943e-01,  1.522914205682174e-01,  6.498853965466356e+00,  0.000000000000000e+00,  8.968224308684244e-02
s990        ,  4.998144921024051e-01,  4.656546474063296e-01,  7.486487383549659e+00,  0.000000000000000e+00,  2.640511676695422e-01
s991        , -1.388778051347251e+00, -1.503173609289477e+00,  2.548178465012141e+00,  7.972398901438692e-02, -1.089300919894332e+00
s992        ,  4.282998930275517e-01, -1.338710573017782e-01,  4.738818367431970e+00,  8.978085351787773e-02, -4.312503286204682e-01
s993        ,  5.363050420459536e-01,  4.054481808656145e-01,  6.643534632833884e+00,  0.000000000000000e+00,  2.101468986597111e-01
s994        , -6.815023874245365e-01,  2.608901116015944e-01,  8.454389811368847e+00,  5.340525873488946e-02,  1.292551109735080e-03
s995        , -2.391036276757255e+00, -2.315008973465477e+00,  1.275258633928746e+00,  1.172922265868506e-02, -1.247250306673953e+00
s996        ,  4.431453520331272e-01,  7.422267650782538e-02,  1.005523763746107e+01,  0.000000000000000e+00,  1.650110804053376e-01
s997        , -6.841651286789517e-01, -1.495430428525975e+00,  7.540718867336167e+00,  0.000000000000000e+00, -6.324298105784765e-01
s998        , -1.890503332016519e-01, -1.402709866547298e-01,  6.344882363894509e+00,  0.000000000000000e+00, -4.912036133162156e-02
s999        , -1.955891416531250e-01, -4.158069406908691e-01,  7.065225366310887e+00,  1.317071349435292e-02, -2.019441536365042e-01
s1000       ,  1.922227018092693e+00,  8.670894141308031e-01,  5.219933487124794e+00,  0.000000000000000e+00,  3.771116788180155e-01
s1001       ,  7.564584951078414e-01,  7.740917708328239e-01,  5.499994094427207e+00,  4.810589133905505e-02,  1.638247270469100e-01
s1002       , -1.216448226111712e+00, -6.292147064304523e-01,  3.711382636208346e+00,  1.952126449520716e-02, -4.281309917548755e-01
s1003       ,  9.406214986730431e-01,  5.018190281698685e-01,  8.247639684278397e+00,  0.000000000000000e+00,  3.043891358430024e-01
s1004       , -6.084517344429569e-01, -1.988418003524507e-01,  5.479821729792486e+00,  0.000000000000000e+00, -1.029660464989223e-01
s1005       ,  1.047447652274055e-01,  3.660088135724048e-01,  4.690786536305847e+00,  5.153775236131978e-03,  1.118649754285153e-01
s1006       ,  1.789223857816157e+00,  3.849784338123730e-01,  2.843805807136712e+00,  1.526372321781898e-01, -4.872721412367275e-01
s1007       , -3.471776742826870e-02, -1.915936191853146e-01,  1.735569492870928e+00,  2.800663267943235e-02, -3.210674869585762e-01
s1008       , -4.304906904704673e-01,  6.247923708958830e-02,  9.916162193287128e+00,  0.000000000000000e+00,  1.552885526555687e-01
s1009       ,  5.526661980887815e-01,  5.137821531019315e-01,  6.872904795030552e+00,  3.114219395718612e-02,  1.507633133569314e-01
s1010       ,  1.084664986478008e-01,  3.739417581626692e-01,  7.797654638269504e+00,  0.000000000000000e+00,  2.317661219635863e-01
s1011       , -1.857041478323650e-01,  1.310091808427482e-01,  1.033251701026515e+01,  0.000000000000000e+00,  1.996801075200682e-01
s1012       , -9.197930097533304e-01, -1.638685232353084e+00,  5.913369282973623e+00,  0.000000000000000e+00, -7.488708975537975e-01
s1013       , -4.019119417889337e-01, -1.571319237965904e-01,  7.886710584903639e+00,  2.681232864924682e-02, -1.086972182051710e-01
s1014       , -1.358932079618377e+00, -2.021391137126510e+00,  5.906888065210258e+00,  2.453528670447385e-02, -1.015872377970345e+00
s1015       , -1.527440174864809e+00, -8.704448174374777e-01,  9.495707567229159e+00,  0.000000000000000e+00, -2.851226564782957e-01
s1016       ,  1.494747075983483e+00,  7.497853117797191e-01,  5.276416628854474e+00,  1.329087938367886e-02,  2.755738985804452e-01
s1017       ,  5.541257590705128e-01, -2.301878869245144e-02,  1.058151818396772e+01,  5.660250218997776e-03,  1.157995079597727e-01
s1018       , -1.957085120530336e+00, -1.570003726780276e+00,  1.037050351589879e+00,  7.409544079463393e-03, -8.973661406342286e-01
s1019       ,  7.131485583147716e-01,  8.678365572088015e-01,  5.798329061434347e+00,  0.000000000000000e+00,  3.955201522935040e-01
s1020       , -1.923756067205053e+00, -5.500255229830251e-01,  3.432399979004908e+00,  1.477549574768984e-02, -3.828741013277401e-01
s1021       ,  3.885529621363158e-01,  8.179318920655161e-01,  4.967113247698662e+00,  1.956585327919022e-02,  2.737172660149464e-01
s1022       , -1.875446506562856e+00, -1.650054384096677e+00,  6.147832668601001e+00,  2.240123230837153e-02, -8.303142607816165e-01
s1023       ,  1.372593741804168e+00,  4.824106899885803e-01,  3.335374423179319e+00,  5.273386321949515e-02, -5.464015869343980e-02
s1024       , -8.235465806555776e-01, -1.110246022692380e+00,  4.797507135851133e+00,  0.000000000000000e+00, -5.417004350605837e-01
s1025       , -3.055697164838789e-01,  2.116355709084256e-01,  9.313083611540666e+00,  0.000000000000000e+00,  2.047647364852518e-01
s1026       , -1.058405261469002e+00, -8.833984862373371e-01,  5.162893399235702e+00,  7.963988919667590e-03, -4.560984201017083e-01
s1027       ,  1.001215100946893e+00,  1.205522473580155e+00,  5.460319373785120e+00,  0.000000000000000e+00,  5.396221585228427e-01
s1028       , -1.207050253018809e-01, -2.266091924331994e-01,  4.566575118207636e+00,  8.200420638251434e-03, -1.747976381371235e-01
s1029       , -3.485019297637044e-02,  2.965223487808971e-01,  5.208714349229434e+00,  0.000000000000000e+00,  1.154421297197272e-01
s1030       ,  7.570890498814408e-01,  6.032819764794488e-01,  2.737904003061900e+00,  8.274923869775790e-03,  1.478948901448340e-01
s1031       , -3.425236517205575e-01,  1.864364087330749e-01,  4.391009248832942e+00,  9.229622855594506e-02, -3.047964306532630e-01
s1032       , -9.690806500330096e-01, -7.955395492533354e-01,  1.638884507112629e+01,  0.000000000000000e+00, -3.550781667677766e-02
s1033       ,  3.580879227715397e-01,  2.927981764885755e-01,  1.006787423758574e+01,  6.531972060601690e-02,  2.186121767563907e-02
s1034       , -1.559175075401338e+00, -9.213159767822077e-01,  2.367372513205491e+00,  1.874732526687774e-02, -6.010065444583077e-01
s1035       , -5.297528349600488e-01, -2.769864063962595e-01,  8.974635110242358e+00,  0.000000000000000e+00, -2.959511226769570e-02
s1036       , -2.199501197760688e+00, -1.986606256684776e+00,  1.235778342795677e+01,  0.000000000000000e+00, -7.069260055518117e-01
s1037       , -2.563451324430153e-01, -3.144928084997879e-01,  3.024679911793968e+00,  1.469849317064234e-02, -2.874483391563290e-01
s1038       ,  1.208934872396009e+00,  1.137998526321029e+00,  4.701402270939202e+00,  0.000000000000000e+00,  4.849913585689899e-01
s1039       ,  1.284684643971159e+00,  4.148268865848686e-01,  7.796989244371289e+00,  0.000000000000000e+00,  2.504706842053495e-01
s1040       ,  3.246719543370283e-02,  3.580070871339738e-02,  7.071803462779188e+00,  8.230745200290561e-03,  2.352393371125832e-02
s1041       ,  2.496032441662194e+00,  1.061723278704759e+00,  3.999831482467530e+00,  0.000000000000000e+00,  4.281436939744473e-01
