# c0 + a0 * ((B + SBI) * (face-area-count + AAV)) + a1 * ((Ge * S) + (poly_dist_avg * P)) + a2 * ((O - NBI) * (face-area-avg - poly_dist_avg))
# Property Label: $E$; Unit of the Property: Unitless
# RMSE: 0.604604119863418; Max AE: 3.0338068081574
# Coefficients
# Task   a0                      a1                      a2                      c0
# all , -6.977921695282985e-02,  8.084448194450573e+00,  2.171070093230453e+00,  4.072966790047253e-01, 
# Feature Rung, Units, and Expressions
# 0;  2; Unitless;                                         8|5|add|34|1|add|mult; ((B + SBI) * (face-area-count + AAV)); $\left(\left(B + SBI\right) \left(face-area-count + AAV\right)\right)$; ((B + SBI) .* (face_sub_area_sub_count + AAV)); ((newdata$B + newdata$SBI) * (newdata$face_sub_area_sub_count + newdata$AAV)); B,SBI,face-area-count,AAV
# 1;  2; Unitless;                                         18|10|mult|29|16|mult|add; ((Ge * S) + (poly_dist_avg * P)); $\left(\left(Ge S\right) + \left(poly_{dist, avg} P\right)\right)$; ((Ge .* S) + (poly_dist_avg .* P)); ((newdata$Ge * newdata$S) + (newdata$poly_dist_avg * newdata$P)); Ge,S,poly_dist_avg,P
# 2;  2; Unitless;                                         11|4|sub|32|29|sub|mult; ((O - NBI) * (face-area-avg - poly_dist_avg)); $\left(\left(O - NBI\right) \left(face-area-avg - poly_{dist, avg}\right)\right)$; ((O - NBI) .* (face_sub_area_sub_avg - poly_dist_avg)); ((newdata$O - newdata$NBI) * (newdata$face_sub_area_sub_avg - newdata$poly_dist_avg)); O,NBI,face-area-avg,poly_dist_avg
# Number of Samples Per Task
# Task, n_samples               
# all , 1041                  

# Sample ID , Property Value        ,  Property Value (EST) ,  Feature 0 Value      ,  Feature 1 Value      ,  Feature 2 Value      
s1          ,  6.774572406644882e-01,  4.727190150746540e-01,  7.576171626873116e+00,  6.607395542541587e-02,  2.759477468782551e-02
s2          ,  1.967875961713064e+00,  6.023535231245167e-01,  5.709211800787432e+00,  5.107569640825448e-02,  8.314902036164412e-02
s3          , -1.271285198486554e+00, -1.213701099606543e+00,  1.143218572909367e+01,  0.000000000000000e+00, -3.791995536868227e-01
s4          , -1.922048452937919e-01, -6.036188377743007e-01,  4.018589258576071e+00,  3.910444983461126e-03, -3.510321004019648e-01
s5          ,  2.455067115358116e-01,  3.394071449750085e-01,  5.811803874238657e+00,  5.258787699542063e-02, -4.029827415537564e-02
s6          ,  1.771859120156342e-01,  6.805257524050728e-01,  7.359577511599002e+00,  8.077500691417734e-02,  6.160707149731388e-02
s7          , -1.787554844087500e-01,  2.944591628809945e-02,  9.037932369344652e+00,  0.000000000000000e+00,  1.164444582775814e-01
s8          ,  1.258527874893824e+00,  1.067642020799995e+00,  3.069555777072597e+00,  1.822916666666667e-01, -2.759887840575059e-01
s9          ,  1.207996528852184e+00,  1.206590536028358e+00,  4.046767548156036e+00,  3.505653348527699e-02,  3.676810810366626e-01
s10         , -3.778119871449526e-01,  6.359748723751961e-01,  2.929443923327791e+00,  5.078125000000000e-02,  1.038847692821709e-02
s11         ,  2.051916464504999e-01, -1.404892796091103e+00,  1.060894436205711e+01,  0.000000000000000e+00, -4.937222654199975e-01
s12         , -9.030892502610830e-01, -4.509714176770862e-01,  9.069830150104462e+00,  0.000000000000000e+00, -1.038116878930409e-01
s13         , -1.915336013610817e+00, -1.297041107295533e+00,  1.548330315192632e+01,  0.000000000000000e+00, -2.873813325792656e-01
s14         , -4.972857440368104e-01, -4.970528365089200e-01,  4.268479483618183e+00,  9.989258861439311e-02, -6.513261923875037e-01
s15         ,  9.892906044607527e-01,  7.146030196106945e-01,  7.514334962309071e+00,  3.961632479540865e-02,  2.355403569551536e-01
s16         ,  7.196956197004112e-01,  9.831723943322708e-01,  5.900567055676016e+00,  6.324570464138925e-02,  2.193876848290640e-01
s17         , -8.233048349290433e-01, -8.034955740904093e-01,  1.139238267193974e+01,  0.000000000000000e+00, -1.915372112198551e-01
s18         ,  6.436893120625885e-01,  1.143917180272275e-01,  8.545833371781846e+00,  2.033304424623780e-02,  6.403992091464092e-02
s19         ,  6.782210382119218e-01,  1.500558445046602e+00,  6.340872467341607e+00,  0.000000000000000e+00,  7.073575774449766e-01
s20         ,  1.358387811126361e-01, -9.590068312199524e-01,  6.673376706815631e+00,  0.000000000000000e+00, -4.148371404498124e-01
s21         ,  1.192439177417436e+00,  4.363455940816087e-01,  6.704834856763059e+00,  0.000000000000000e+00,  2.288765538842985e-01
s22         , -1.675888320916539e+00, -1.629438138294031e+00,  4.917611117823372e+00,  0.000000000000000e+00, -7.800705143050127e-01
s23         ,  1.682267394333138e+00,  1.742336180146716e+00,  4.643440716839614e+00,  3.433516157285768e-02,  6.363103280974765e-01
s24         , -5.344901610254715e-02,  5.477802480097228e-02,  6.551882347979108e+00,  0.000000000000000e+00,  4.820966671304395e-02
s25         ,  7.630444568978922e-01,  1.132686853416258e+00,  2.681803589550760e+00,  0.000000000000000e+00,  4.203108558111445e-01
s26         , -7.690353008448225e-01, -1.946996630223436e+00,  1.016436901836833e+01,  0.000000000000000e+00, -7.577054298873803e-01
s27         ,  1.318355805735755e-01,  4.338936612899730e-01,  3.729636043189949e+00,  1.720274834779099e-02,  6.806474721335537e-02
s28         , -1.557515501210242e+00, -1.212153749260790e+00,  5.688532025897731e+00,  9.914709958754753e-03, -6.000101429123038e-01
s29         ,  1.315402392066626e+00,  1.433233094563197e+00,  2.694363910250105e+00,  0.000000000000000e+00,  5.591468572050530e-01
s30         , -1.602536800620832e+00, -1.207896980997583e+00,  1.427921754903555e+01,  0.000000000000000e+00, -2.850212172610021e-01
s31         , -6.577868421803238e-01, -4.911031930430462e-02,  6.836822242936244e+00,  0.000000000000000e+00,  9.516553294697323e-03
s32         ,  1.122204297021453e+00,  5.052242401660381e-01,  7.930520024445092e+00,  1.339492083829990e-02,  2.501174405206945e-01
s33         ,  1.732999170998263e+00,  7.218380318706026e-01,  6.698362462320912e+00,  0.000000000000000e+00,  3.601670175417309e-01
s34         ,  1.815120104294484e+00,  6.141779211553546e-01,  3.486435255104923e+00,  1.962809917355372e-02,  1.342561966070607e-01
s35         ,  5.934117724273275e-01,  8.873376436349047e-01,  4.948129375262207e+00,  2.314021452111968e-02,  2.939756271816780e-01
s36         ,  9.702627198604924e-01,  6.661231232362054e-01,  7.950553405829226e+00,  1.010045933723146e-01, -1.361801858606032e-03
s37         ,  1.142962175227537e+00,  5.034488796261888e-01,  8.028184312272684e+00,  7.165781095709649e-02,  3.548423209120569e-02
s38         ,  2.376281988155590e-01,  6.565907847638552e-01,  3.882146607842031e+00,  0.000000000000000e+00,  2.395994757481169e-01
s39         , -9.901628269429662e-01, -1.988570326242479e-01,  1.002219514517967e+01,  0.000000000000000e+00,  4.292225204551504e-02
s40         , -6.175077579414836e-01,  2.651983107549911e-01,  5.337202077092563e+00,  7.384563150746943e-03,  7.859133415819569e-02
s41         , -6.558266813617915e-01, -2.817876814805504e-01,  6.702153436901784e+00,  0.000000000000000e+00, -1.019835068664683e-01
s42         , -1.132806252875512e-01, -1.494237711177117e-01,  3.200588096078236e+00,  2.399599426565118e-02, -2.429126047790660e-01
s43         ,  3.987508132795206e-01,  2.519189512716632e-01,  9.030692829946139e+00,  0.000000000000000e+00,  2.186833801278467e-01
s44         , -1.257042213831158e-02,  1.127976223460844e-01,  2.766970060886420e+00,  2.637119113573407e-02, -1.449140596712476e-01
s45         , -2.453536714432208e-01, -3.689764095585916e-01,  8.962635326408153e+00,  0.000000000000000e+00, -6.948988617327485e-02
s46         ,  4.319604697532172e-01,  8.718060241499845e-01,  5.383046816252247e+00,  1.367166474432911e-01, -1.221261891070327e-01
s47         , -5.858250576994644e-01, -7.217972850991244e-02,  9.024542812265437e+00,  5.848750173905307e-02, -1.485857391502637e-01
s48         , -1.351740028810569e+00, -1.364890783072689e+00,  2.917515904406672e+00,  7.742878013148284e-02, -1.010826161437994e+00
s49         ,  1.400180920836999e+00,  5.477693255180670e-01,  4.408824121300189e+00,  3.690794178006576e-02,  6.896902986346073e-02
s50         ,  6.339509690024701e-01,  6.315862431218708e-01,  3.640020919509626e+00,  1.140992751502213e-01, -2.045729922717580e-01
s51         ,  9.663578673416964e-01,  7.100146132666119e-01,  7.602090381679087e+00,  0.000000000000000e+00,  3.837673647193722e-01
s52         ,  1.470345916377529e-01,  2.502058800939153e-01,  6.528203022210306e+00,  7.487346431934137e-02, -1.413443758897853e-01
s53         , -1.879048126514940e+00, -4.481735012474480e-02,  1.032498300220098e+01,  0.000000000000000e+00,  1.236050372819112e-01
s54         ,  2.462378298792408e+00,  1.721757694031382e+00,  4.288730262631032e+00,  0.000000000000000e+00,  7.432856541604352e-01
s55         ,  2.147693442064033e-01, -2.181056419804020e-01,  4.000924237961901e+00,  1.289384438865031e-02, -2.074832033127195e-01
s56         ,  1.250856345991485e+00,  1.354629611511043e+00,  2.866506592263034e+00,  2.327402042711730e-02,  4.418088151441026e-01
s57         ,  3.470878239384724e-01,  6.702682335599561e-01,  9.170676465355012e+00,  0.000000000000000e+00,  4.158751852603635e-01
s58         ,  2.650904256602346e+00,  3.464317586187023e-01,  6.841953129317119e+00,  0.000000000000000e+00,  1.918690753949199e-01
s59         ,  2.436955679659398e-02,  1.830800672494163e-01,  3.680061041841025e+00,  0.000000000000000e+00,  1.500419824516244e-02
s60         , -1.350996154759193e+00, -1.198179024794496e+00,  3.839822687064163e+00,  1.210986689627925e-02, -6.611658828973916e-01
s61         , -1.175408395594881e+00, -5.453119454909219e-01,  3.504402528911811e+00,  2.124572295887202e-02, -4.052536624675077e-01
s62         ,  5.137509822735412e-02, -5.627358703126766e-02,  5.000866243143863e+00,  3.071961654717413e-03, -6.423046901677058e-02
s63         ,  1.630781368412474e+00,  1.260369616530107e+00,  4.194756810021459e+00,  4.807337044085762e-02,  3.487372943578736e-01
s64         , -7.346563779561162e-02,  1.338165493273090e+00,  4.488590245530389e+00,  0.000000000000000e+00,  5.730257768750585e-01
s65         ,  6.477994742971301e-01,  9.864117640922682e-01,  5.357347446058514e+00,  4.999911626302845e-02,  2.527469432387128e-01
s66         ,  1.102507059534665e+00,  5.110833748722723e-01,  5.321039402434961e+00,  0.000000000000000e+00,  2.188251131209256e-01
s67         , -2.689254974131806e-01, -3.654135739199521e-02,  9.716955219506948e+00,  0.000000000000000e+00,  1.078746792728848e-01
s68         ,  1.634793292022643e+00,  1.012457438558439e+00,  4.063299105345807e+00,  0.000000000000000e+00,  4.093348216351421e-01
s69         ,  3.008420412735001e-01,  8.653424764057108e-01,  6.099577734646327e+00,  0.000000000000000e+00,  4.070202791806976e-01
s70         ,  4.428344099007711e-01,  9.558818334524916e-02,  7.966925886361880e+00,  0.000000000000000e+00,  1.124870887280758e-01
s71         , -2.587880550234566e-02, -2.584681933962917e-01,  1.961461031163390e+00,  2.400549642251538e-02, -3.330002343209004e-01
s72         ,  3.320850724266521e-01,  1.048485765129512e+00,  6.059869788353568e+00,  1.802754474538011e-02,  4.229708225857677e-01
s73         , -1.001377721869569e+00, -6.939772721108279e-01,  1.634190296894014e+01,  0.000000000000000e+00,  1.798709387503419e-02
s74         ,  1.535377236435878e+00,  1.179057475790174e+00,  3.413363152861693e+00,  0.000000000000000e+00,  4.651819431886846e-01
s75         ,  2.223324131252060e-01,  1.918943655292297e-01,  8.291197416702900e+00,  0.000000000000000e+00,  1.672681830935299e-01
s76         , -5.720277382811452e-01, -3.541081831967067e-01,  2.977827886055085e+00,  1.827184034278679e-02, -3.230352225603133e-01
s77         , -1.197863875151751e+00, -6.394509605938036e-01,  4.180587195801827e+00,  0.000000000000000e+00, -3.477683843680060e-01
s78         , -1.436625202734528e+00, -1.097449118779140e+00,  8.920544120491575e+00,  8.102285247828791e-03, -4.365495718267085e-01
s79         ,  4.409066269069510e-01,  9.384678483817426e-01,  5.607356324109366e+00,  5.173679157340034e-02,  2.322286568262850e-01
s80         ,  6.309139277294878e-01,  6.260803545775256e-02,  1.034762663991616e+01,  0.000000000000000e+00,  1.738132001740781e-01
s81         , -1.685326208098238e+00, -1.002743664703744e+00,  1.374298575933959e+01,  0.000000000000000e+00, -2.077618591100833e-01
s82         , -1.663665661245249e-01, -2.058293552556371e-01,  3.661849827506100e+00,  0.000000000000000e+00, -1.647137150537742e-01
s83         , -1.321966357459877e+00, -7.496024017313223e-01,  2.384764429296639e+00,  7.936256413947629e-03, -4.857753526096099e-01
s84         ,  1.425519064192979e+00,  5.187230584324336e-01,  4.183442223520279e+00,  6.897526540479715e-02, -7.106323208645753e-02
s85         , -6.984731689207798e-01, -1.338503747327088e-01,  7.184635930566110e+00,  0.000000000000000e+00, -1.833601988968089e-02
s86         , -2.932580333118892e-01, -5.963209977561415e-02,  9.916779524217208e+00,  0.000000000000000e+00,  1.036614763452986e-01
s87         ,  3.346071912195332e-02,  5.933499409593979e-02,  4.661227678965148e+00,  1.322359324019802e-02, -5.969881964232410e-02
s88         , -7.344698336486584e-02, -3.264551828890612e-01,  6.150149334551596e+00,  4.349110043222637e-03, -1.564939856532500e-01
s89         ,  2.903456543575506e-01,  7.724422246344281e-01,  6.211585291587854e+00,  6.398496388273944e-02,  1.295683536223633e-01
s90         ,  3.160753830639385e-01,  3.185778053785968e-01,  4.528787975589671e+00,  2.744973429712022e-02,  2.478248029018145e-03
s91         ,  4.911838748491691e-01,  1.272144499998343e+00,  4.039072229814140e+00,  2.940827496500836e-02,  4.186605701019711e-01
s92         , -8.899315452749768e-01, -1.089387206261668e+00,  8.106598487317907e+00,  0.000000000000000e+00, -4.288262242537973e-01
s93         ,  8.806558878772817e-01,  7.300903033026307e-02,  8.606742454186806e+00,  0.000000000000000e+00,  1.226510839625411e-01
s94         ,  2.174850994919374e-01,  7.575298853436199e-01,  6.507056484516335e+00,  4.095000000000000e-02,  2.179719394639071e-01
s95         , -7.665153489308597e-01, -1.210396588900305e+00,  4.925004151414365e+00,  0.000000000000000e+00, -5.868213738019861e-01
s96         ,  5.275622810365228e-01,  4.035025451481548e-02,  6.318874947130780e+00,  0.000000000000000e+00,  3.407523394772193e-02
s97         ,  2.030602111680013e+00,  2.133208913353088e+00,  3.077411876418806e+00,  3.410333097470210e-02,  7.668775955204942e-01
s98         , -9.469867286116609e-01, -3.872029076963255e-01,  7.459588521237277e+00,  0.000000000000000e+00, -1.261936875060228e-01
s99         , -9.198822372946849e-01, -1.776932457818826e+00,  8.100248976886226e+00,  0.000000000000000e+00, -7.457152632435148e-01
s100        , -4.843791818667553e-01,  9.128970954891874e-03,  6.954286512890658e+00,  0.000000000000000e+00,  4.011706464792487e-02
s101        , -2.042448773263304e-01,  1.271737516071082e-01,  8.392043883667258e+00,  0.000000000000000e+00,  1.406989688591528e-01
s102        , -5.164158759195604e-01, -1.739102075174214e+00,  5.340488756986780e+00,  5.667321963170169e-03, -8.380939920166779e-01
s103        ,  1.172650799800637e-01,  9.440976465474165e-01,  3.813698380378156e+00,  3.305555555555555e-02,  2.467363580118284e-01
s104        , -1.768695959917696e+00, -1.687744498571907e+00,  6.308951868236015e+00,  0.000000000000000e+00, -7.622082131654041e-01
s105        ,  5.247327840013729e-01, -1.210740838854200e-01,  1.267049160373412e+01,  3.512377084694893e-03,  1.507876646018939e-01
s106        ,  5.297962102782025e-01,  1.261408057217212e+00,  5.238935311993268e+00,  0.000000000000000e+00,  5.617875653821376e-01
s107        ,  1.497385912477808e-01, -1.047097441862497e+00,  6.701966775658974e+00,  0.000000000000000e+00, -4.544929849545478e-01
s108        ,  4.406641357796892e-01,  7.763774306611628e-01,  7.911038665306794e+00,  0.000000000000000e+00,  4.242639783382310e-01
s109        , -6.596772585897818e-01, -3.687641456454523e-01,  4.790586922405449e+00,  2.762209024624181e-02, -3.063405369325595e-01
s110        ,  1.094420195469493e+00,  6.220749524349665e-01,  6.165277826918638e+00,  8.933902490352631e-02, -3.559082976038114e-02
s111        ,  3.915962330096326e-01,  7.892412652684324e-01,  5.366498367834398e+00,  1.470588235294118e-02,  2.936458376455198e-01
s112        ,  8.365523515867515e-01,  1.209986166925101e-01,  7.619973146527292e+00,  0.000000000000000e+00,  1.130399694691018e-01
s113        , -1.291655352083360e-01,  3.033345427372089e-01,  6.209820167091409e+00,  3.097062432258025e-03,  1.401687640442025e-01
s114        ,  1.376602311009741e+00,  4.497898791043357e-01,  7.447962403069049e+00,  2.970547608614514e-02,  1.483387399486276e-01
s115        ,  2.854337653329592e+00,  5.038715700424607e-01,  8.821184944847751e+00,  1.252572899129236e-02,  2.813574116571062e-01
s116        , -4.031277243707178e-01, -3.629865564120017e-01,  1.195785139149390e+01,  0.000000000000000e+00,  2.953671155987737e-02
s117        , -1.548008576871541e+00, -1.744353930748890e+00,  1.566251818056151e+01,  0.000000000000000e+00, -4.876546173731439e-01
s118        , -1.376296935489929e+00, -1.192274639421566e+00,  7.234087224786047e+00,  0.000000000000000e+00, -5.042593419373509e-01
s119        ,  1.159776550977451e-01,  1.056890109002989e-01,  9.164255579457553e+00,  4.233977645824821e-02, -2.039003332690682e-03
s120        , -1.608916416404319e-01,  3.930896246324209e-01,  6.206002271106033e+00,  0.000000000000000e+00,  1.929200378278617e-01
s121        ,  3.197271174130288e-01,  8.026649727757560e-01,  6.363221383153213e+00,  0.000000000000000e+00,  3.866245045713806e-01
s122        , -1.530552753436365e+00, -7.612348312546009e-01,  5.875268998963303e+00,  1.137591609784875e-02, -3.917551290185931e-01
s123        , -1.233881263109963e+00, -1.669408402981383e+00,  8.065283060840517e+00,  0.000000000000000e+00, -6.973132512940182e-01
s124        , -5.427146006639550e-01, -3.078281425427611e-01,  1.179624464523570e+01,  0.000000000000000e+00,  4.974868988239895e-02
s125        ,  9.732454451545894e-01,  1.144074783978702e-01,  2.126850173129445e+00,  5.925044616299822e-02, -2.871793155812001e-01
s126        , -1.840471966312827e-01, -2.334658328676382e-01,  5.691925052530632e+00,  9.304338456349009e-03, -1.468422792891969e-01
s127        , -1.081994746251625e+00, -1.626727781313083e+00,  7.402573850547175e+00,  0.000000000000000e+00, -6.989542430356053e-01
s128        ,  4.539347974729817e-01,  1.005131352564334e+00,  4.945473146786034e+00,  3.197028533719825e-02,  3.152656396343028e-01
s129        , -9.281932508350824e-01, -6.756133246545017e-01,  5.069224328260669e+00,  0.000000000000000e+00, -3.358636378201733e-01
s130        , -7.213314288938638e-01, -1.232012883242549e-01,  9.540635641765331e+00,  0.000000000000000e+00,  6.229191651036595e-02
s131        , -2.205996399193568e-01, -2.925181893825202e-01,  8.603810335383752e+00,  0.000000000000000e+00, -4.580585430363939e-02
s132        , -1.239159936584262e+00, -1.046012094704300e+00,  1.246810738970771e+01,  0.000000000000000e+00, -2.686665921059761e-01
s133        , -3.218370754810609e-01, -4.443955718154038e-01,  1.216322091669135e+01,  0.000000000000000e+00, -1.359799316627650e-03
s134        , -1.004593496203065e+00, -9.840996018601628e-01,  1.270247559739884e+01,  1.965168848442422e-03, -2.399345777406251e-01
s135        ,  9.616883013837800e-01,  4.291080260851167e-01,  7.377337713935204e+00,  4.413032826313684e-02,  8.282866770108194e-02
s136        ,  1.177397001560173e+00,  9.746060224323528e-01,  4.677168414998393e+00,  1.204838875922432e-02,  3.667656427652942e-01
s137        , -1.190015539084228e+00, -3.283569848687151e-01,  8.229451971237079e+00,  0.000000000000000e+00, -7.434534236037761e-02
s138        ,  2.514478411301381e-01, -5.867712999522029e-02,  9.378766803013278e+00,  0.000000000000000e+00,  8.680935502044654e-02
s139        , -1.987650229798378e-01,  4.519239991444633e-01,  4.531833749005336e+00,  3.731762065095398e-02,  2.725050646564330e-02
s140        , -1.883191692860165e-02, -2.126106745738135e-01,  8.581451899907124e+00,  5.050715693664010e-02, -1.977931779940536e-01
s141        ,  4.763479271249645e-01,  9.570232786913178e-01,  5.676892574990517e+00,  5.165745527091017e-02,  2.433056854990602e-01
s142        , -1.264849480226229e+00, -7.593476817839844e-01,  4.075001571261223e+00,  9.355932203389832e-02, -7.547750020899853e-01
s143        ,  5.343202969822768e-02,  3.499624694553305e-01,  7.241628543517103e+00,  0.000000000000000e+00,  2.063410854754649e-01
s144        ,  1.580293395785219e-01, -3.047916428841645e-01,  9.973741014937968e+00,  0.000000000000000e+00, -7.428817626149294e-03
s145        ,  9.188749641933952e-01,  9.850443514599942e-01,  5.435470217640809e+00,  3.003399361822741e-02,  3.289724568362156e-01
s146        ,  8.965084025411505e-01,  4.049413076155935e-01,  8.022274989479726e+00,  0.000000000000000e+00,  2.567548128893437e-01
s147        ,  6.848734553557310e-01,  6.503877415519401e-01,  7.850663318514568e+00,  0.000000000000000e+00,  3.642923385751387e-01
s148        ,  2.946101194283518e-01,  6.579764955277705e-01,  7.206183743258188e+00,  6.185384106707957e-02,  1.167477284135408e-01
s149        , -1.049624548293927e+00, -5.916374439062371e-01,  9.481663976853408e+00,  0.000000000000000e+00, -1.553662575188320e-01
s150        ,  3.591106519707902e-01,  6.031485487276362e-01,  6.206999887933293e+00,  3.602783935618396e-02,  1.555482993152241e-01
s151        , -1.331621263631160e-02,  1.891883803133856e-01,  2.536311732519335e+00,  9.002353301199835e-03, -5.246514670103086e-02
s152        ,  6.334057303004041e-01,  5.556318347885056e-01,  3.036138302647138e+00,  8.749389454012614e-02, -1.598959654595232e-01
s153        ,  1.034338109925286e+00,  3.265531895014815e-01,  7.951861027601676e+00,  4.499295290688702e-02,  5.084494958207061e-02
s154        , -3.383324211856340e-02,  2.160369276617032e-02,  4.991327749403363e+00,  6.644400514591709e-03, -4.196932948308232e-02
s155        ,  1.136039203602913e+00,  5.900892707974363e-01,  2.084052622621208e+00,  1.143147442520243e-01, -2.744984962659092e-01
s156        , -1.392262169733224e+00, -1.155546725485495e+00,  9.510458589994970e+00,  0.000000000000000e+00, -4.141787287392791e-01
s157        , -5.253740885024729e-01, -6.791701033095794e-03,  5.326338532569903e+00,  0.000000000000000e+00, -1.953905041651074e-02
s158        ,  3.989423304234663e-01,  5.723314439618756e-01,  5.272240068163035e+00,  0.000000000000000e+00,  2.454676844209712e-01
s159        ,  5.765884380454732e-01,  3.023319698473281e-01,  7.543645448871303e+00,  0.000000000000000e+00,  1.941093309463630e-01
s160        , -8.116051377987674e-01, -1.091296288197379e+00,  4.892893010932612e+00,  0.000000000000000e+00, -5.329955618998168e-01
s161        , -3.068617279191663e-01, -8.763161238911117e-01,  1.603130852931222e+01,  0.000000000000000e+00, -7.598126265271993e-02
s162        ,  7.336330388262124e-01, -4.634387237170838e-02,  1.047841655576543e+01,  3.641410332733877e-02, -7.762430683072892e-03
s163        ,  5.366582957206302e-01,  4.258048652406743e-01,  2.991294712248828e+00,  4.574202431795375e-02, -6.566376526510893e-02
s164        ,  1.442528357282191e+00,  1.095706812243281e+00,  4.125692937688854e+00,  1.704330261330640e-03,  4.433386048269672e-01
s165        , -1.062713736405366e-01,  4.068113616943160e-01,  7.055352895066670e+00,  4.701695854925842e-02,  5.146103653193061e-02
s166        , -8.326065002207604e-01, -1.727915914342834e-01,  1.092892184934217e+01,  0.000000000000000e+00,  8.407067966892516e-02
s167        ,  3.946237056414995e-01,  3.693616171718282e-01,  9.287904025357513e+00,  9.243200000000000e-02, -6.314586882631651e-02
s168        ,  2.235679947771067e+00,  1.831474002222625e+00,  5.084035222828269e+00,  0.000000000000000e+00,  8.193827207948340e-01
s169        ,  1.625062009748738e+00,  7.517465665768379e-01,  6.235668941137428e+00,  0.000000000000000e+00,  3.590717710554429e-01
s170        ,  1.327620092596634e-01,  9.226031357645276e-01,  5.903286807347514e+00,  1.363062442607897e-01, -8.047993624287418e-02
s171        ,  5.954984467350798e-01,  2.531548492951315e-01,  7.864228458432846e+00,  0.000000000000000e+00,  1.817619225139052e-01
s172        ,  5.199772380778388e-01,  1.477212598575584e-01,  8.621575614837360e+00,  0.000000000000000e+00,  1.575404576859468e-01
s173        ,  6.222838143288129e-01,  9.199145438441939e-01,  4.849317082235372e+00,  2.929687500000000e-02,  2.828790960328751e-01
s174        ,  1.054103529053623e+00,  9.123749169302491e-01,  5.806749315795886e+00,  6.950340053555058e-02,  1.604609719149937e-01
s175        , -5.255654946879281e-01, -4.807004106693392e-01,  1.476035538143779e+01,  0.000000000000000e+00,  6.539123321297730e-02
s176        ,  9.849433920982633e-01,  1.147201371002460e+00,  5.582421031333389e+00,  0.000000000000000e+00,  5.202234896914958e-01
s177        , -4.422819104749493e-01,  1.094101362355406e-01,  9.021603390229398e+00,  0.000000000000000e+00,  1.527513452900831e-01
s178        , -6.072036959750036e-01, -2.825256909712656e-01,  2.575383091740284e+00,  2.482589158484587e-02, -3.274043482501592e-01
s179        ,  1.274608736041423e+00,  6.087443061571234e-01,  4.648541981070888e+00,  0.000000000000000e+00,  2.421935838015649e-01
s180        , -1.497077617346340e+00, -1.631220875975711e+00,  6.109104100645474e+00,  3.152621592854829e-02, -8.599911720110908e-01
s181        , -2.083438027973673e+00, -1.698141987121812e+00,  5.264938961581043e+00,  8.028459473326069e-03, -8.304480902749640e-01
s182        ,  1.836267684377070e+00,  6.162222132295909e-01,  5.720222099332938e+00,  0.000000000000000e+00,  2.800822299605252e-01
s183        ,  9.114464311238878e-01,  8.713701391318760e-01,  4.002220390415831e+00,  5.240614764424287e-02,  1.472409759312524e-01
s184        ,  1.514590021168478e+00,  3.958625865347467e-01,  9.909724313519593e+00,  0.000000000000000e+00,  3.132366442089126e-01
s185        ,  1.833338059507960e+00,  1.200859168552997e+00,  3.188125620449658e+00,  0.000000000000000e+00,  4.679846136974334e-01
s186        ,  2.453649877689343e-01,  3.479604756397551e-01,  8.506187038136741e+00,  0.000000000000000e+00,  2.460624689531002e-01
s187        ,  3.720198183543537e-01,  1.370305145594131e-01,  3.553199357899280e+00,  1.630412326495233e-02, -7.099565138217069e-02
s188        ,  1.146530015212694e+00,  8.623888167196719e-01,  4.140367048306175e+00,  0.000000000000000e+00,  3.426898608952821e-01
s189        ,  1.953473158179789e-01,  4.601221690490236e-01,  7.460554214490078e+00,  5.692803437164339e-02,  5.213345107051955e-02
s190        , -2.653274521332475e-01,  2.100318482438434e-01,  3.299395368531136e+00,  7.699167657550536e-02, -2.715116513481364e-01
s191        , -1.734213411135429e+00, -1.775309317576817e+00,  1.089678473875941e+01,  0.000000000000000e+00, -6.550856624307052e-01
s192        , -1.380433379832566e+00, -1.022325502617224e+00,  5.808123843856171e+00,  6.992221153966212e-02, -7.321819547065564e-01
s193        ,  1.331098677791819e+00,  1.079394680273378e+00,  3.922899220618014e+00,  0.000000000000000e+00,  4.356537543478783e-01
s194        ,  5.090097107027989e-01, -3.163477895465955e-02,  1.127509291352642e+01,  0.000000000000000e+00,  1.602139413653505e-01
s195        , -9.924573921340460e-02, -2.845154650964860e-01,  4.486375747684781e+00,  5.190311418685121e-02, -3.677285214029742e-01
s196        , -5.779338669443590e-01, -2.231908070087924e-01,  8.834807814144305e+00,  0.000000000000000e+00, -6.449130710907696e-03
s197        ,  2.483047809304522e-01,  2.512792143536874e-01,  8.406606891581655e+00,  1.345048828879899e-02,  1.482445024306132e-01
s198        , -5.206217556690500e-01,  7.826386134435628e-01,  7.286737889794558e+00,  0.000000000000000e+00,  4.070825724535482e-01
s199        , -5.943289801913764e-01, -5.363334360150540e-02,  9.274049741734261e+00,  4.087395957193817e-03,  7.054657791335631e-02
s200        , -1.021605773659559e+00, -9.602238354133266e-01,  5.808885873917169e+00,  0.000000000000000e+00, -4.431828386231768e-01
s201        , -1.880186336712063e-01, -7.712190187290677e-01,  1.594795554106604e+01,  0.000000000000000e+00, -3.025229276772549e-02
s202        ,  8.974446090874552e-01,  6.505354296748066e-01,  5.781709604133967e+00,  4.149493590408656e-02,  1.433478637179752e-01
s203        ,  1.491847227695687e+00,  9.356720962307085e-01,  2.237894810509441e+00,  7.957054241834317e-02,  1.899986410817724e-02
s204        ,  5.673187961114483e-01,  2.100284644305405e-01,  8.697656259696217e+00,  0.000000000000000e+00,  1.886845707237207e-01
s205        ,  7.052663182498152e-02, -4.419243646226555e-01,  1.506870514860710e+01,  0.000000000000000e+00,  9.316207835304972e-02
s206        ,  4.612958000362408e-01, -3.046060640250237e-01,  1.166561166118715e+01,  0.000000000000000e+00,  4.703418110824289e-02
s207        , -1.890335631962240e-01, -8.342212485086475e-02,  6.809619025784099e+00,  5.683415853161262e-02, -2.187961283675030e-01
s208        ,  1.196645888991632e+00,  4.722639669017251e-01,  3.097766053928207e+00,  1.074986669477588e-03,  1.254848032099593e-01
s209        ,  1.251755561530769e-01,  6.074802300683579e-01,  3.722096966722934e+00,  1.089665326055731e-01, -1.939254408539781e-01
s210        ,  4.275859111659360e-01, -4.776576766415114e-02,  1.249824552377386e+01,  7.458219512202833e-03,  1.643243813764610e-01
s211        ,  5.283027681041661e-01,  8.966639359109005e-01,  4.851957435300946e+00,  7.709750566893424e-02,  9.425870567982421e-02
s212        , -5.193859304496163e-01, -3.693879112889695e-01,  4.295078674135390e+00,  6.662293219067302e-03, -2.445053845579230e-01
s213        , -7.895660096178727e-01, -5.212809552409388e-01,  6.743349831182711e+00,  5.564550421543794e-03, -2.316914062625439e-01
s214        , -8.273130453363812e-01, -1.652847916380046e+00,  5.231543235297123e+00,  0.000000000000000e+00, -7.807631868986070e-01
s215        ,  7.097242197335737e-01,  7.248191169694438e-01,  6.175309558271002e+00,  1.115046569592024e-01, -7.048271712718804e-02
s216        , -4.103389107009319e-01,  5.268829048211654e-02,  9.413021467322734e+00,  0.000000000000000e+00,  1.392054911399256e-01
s217        ,  5.083753923761842e-01, -8.533834637021903e-01,  1.465333570195618e+01,  0.000000000000000e+00, -1.097071220409400e-01
s218        ,  1.227559854195250e+00,  8.506922682711703e-01,  5.808969630431417e+00,  3.245529710851152e-02,  2.700777718323144e-01
s219        ,  4.233903461072759e-01,  2.862744730287038e-01,  4.707151178698529e+00,  4.431240266780216e-02, -6.945985155317640e-02
s220        , -9.401298955648565e-02,  2.243421224011372e-01,  9.675616016195907e+00,  0.000000000000000e+00,  2.267095632138006e-01
s221        ,  1.262898065596499e+00,  1.910206525191426e-01,  5.256387758246970e+00,  3.668612582842704e-03,  5.566466384049728e-02
s222        , -8.196925206317609e-01, -1.697727302403874e-01,  3.585089119386469e+00,  7.581234567901235e-02, -4.328767099046447e-01
s223        ,  4.013207508237785e-01, -6.319265822072750e-02,  1.007385114663629e+01,  0.000000000000000e+00,  1.070698307765415e-01
s224        ,  7.221682333138075e-01,  4.968570155261704e-01,  6.926133336674827e+00,  5.802609956845733e-02,  4.778818597418178e-02
s225        ,  7.658761358813224e-01, -4.018410067887584e-02,  8.721440462458823e+00,  0.000000000000000e+00,  7.420050922805563e-02
s226        ,  1.021677840387193e+00,  1.256969244224016e-01,  7.561079611091180e+00,  4.650126094657511e-03,  9.599540666031471e-02
s227        , -1.713769108940136e-01,  1.429633706186421e-01,  9.804368769175081e+00,  0.000000000000000e+00,  1.933644926309492e-01
s228        ,  1.274319171489858e-01, -2.544913475251936e-02,  3.201622354930196e+00,  3.068813355535164e-02, -2.106959789969368e-01
s229        ,  2.041762025685344e-01, -2.577702476895009e-01,  3.563684204593032e+00,  3.804307732806487e-02, -3.334545132854576e-01
s230        , -1.775628277285172e+00, -1.277216818502878e+00,  1.218913516746448e+01,  0.000000000000000e+00, -3.841263314298756e-01
s231        , -2.906010097813954e-01, -1.743713442060810e-01,  5.247611213812680e+00,  2.650300494807704e-02, -1.979466225793785e-01
s232        ,  7.153226846206260e-01,  1.553353853403222e+00,  4.229529033514226e+00,  0.000000000000000e+00,  6.638156929756023e-01
s233        , -3.817422129899863e-01, -4.780448307970703e-02,  9.419327292180306e+00,  0.000000000000000e+00,  9.312095506115410e-02
s234        , -1.045314287465124e-01,  1.052687846107788e+00,  3.451813053603473e+00,  4.364946124965660e-03,  3.919577727525214e-01
s235        , -2.007585327297883e+00, -2.025229250675807e+00,  4.619001451964875e+00,  1.669261737434948e-02, -1.034128853164040e+00
s236        ,  1.304199689079254e+00, -2.874743702160072e-01,  2.533227286076109e+00,  2.035260208718247e-02, -3.143813698871871e-01
s237        , -2.782406460538666e-01, -5.216544904607276e-02,  8.571872006210651e+00,  5.019346846975657e-03,  4.518404961405249e-02
s238        , -2.322383208123123e-01, -3.125868225749033e-01,  9.813787123556454e+00,  0.000000000000000e+00, -1.616028928107513e-02
s239        , -3.517230695261006e-01, -3.055672050543174e-01,  6.460704460978408e+00,  4.252681599834713e-02, -2.790544757218832e-01
s240        , -8.445222562838290e-01, -6.570299204072870e-01,  8.567334042286197e+00,  0.000000000000000e+00, -2.148731816732004e-01
s241        , -1.536302083677280e+00, -1.429457512145787e+00,  4.451239699126435e+00,  0.000000000000000e+00, -7.029483641429918e-01
s242        ,  2.935750684089247e-01,  3.817846754855299e-01,  3.912862164537528e+00,  1.320903965831448e-02,  6.482363604442269e-02
s243        ,  1.616760901218624e-01,  1.986468991829222e-01,  9.760720606883094e+00,  4.878135626413146e-02,  3.596167332085953e-02
s244        ,  1.913693632034482e-02,  9.444140381765854e-01,  5.394329944977997e+00,  3.498164382413649e-02,  2.905121273750253e-01
s245        ,  1.011107650821608e+00,  3.042887717808873e-01,  7.897067405164785e+00,  0.000000000000000e+00,  2.063697869218072e-01
s246        , -1.106818107812668e+00, -7.583431704345887e-01,  5.084214204741324e+00,  3.786429762462327e-03, -3.875870066527796e-01
s247        , -1.990274764442437e+00, -1.842172539717333e+00,  1.907722504092769e+01,  0.000000000000000e+00, -4.229598098174965e-01
s248        , -9.667152724294116e-02,  5.893580912399916e-01,  7.383276443347786e+00,  4.225932797361369e-02,  1.637981723262704e-01
s249        , -3.381305046273163e-03, -4.955040424783314e-01,  9.041005663585633e+00,  0.000000000000000e+00, -1.252499523897625e-01
s250        , -1.066763974390572e+00, -9.264919388286492e-01,  1.136260107908444e+01,  0.000000000000000e+00, -2.491468210418880e-01
s251        ,  1.207378380322024e+00, -4.063028593405209e-01,  1.345798361048491e+01,  0.000000000000000e+00,  5.780007755147535e-02
s252        , -7.806439949963919e-01, -2.958429862996623e-01,  4.559241666937085e+00,  4.065803465315568e-02, -3.287305780470993e-01
s253        ,  1.425727038542695e-01, -1.407157808585745e-01,  9.789117494144911e+00,  1.515067519991182e-02,  5.794214020067802e-03
s254        ,  2.519006949731616e-01, -1.150469769485867e-01,  7.925664915270508e+00,  1.395262393005662e-02, -3.781371680739160e-02
s255        ,  2.957126742656839e-01,  1.015336310569015e-01,  5.394633534168010e+00,  0.000000000000000e+00,  3.255088632755421e-02
s256        , -1.208240274724157e+00, -1.036060871827501e+00,  4.570363485499544e+00,  5.966583484233842e-03, -5.401381117804096e-01
s257        ,  9.313485666439150e-01,  9.050231994908159e-01,  6.074447602870587e+00,  7.308641975308641e-02,  1.523365571912892e-01
s258        , -6.564646920389060e-01, -4.155656272808508e-01,  5.814793409022918e+00,  0.000000000000000e+00, -1.921221137733234e-01
s259        ,  6.730828234081326e-01,  5.829406135283196e-01,  4.866132945400274e+00,  0.000000000000000e+00,  2.373018184205194e-01
s260        , -1.076132473957489e+00, -2.010685915151923e+00,  8.463537290511979e+00,  5.246913580246913e-02, -1.037086553122770e+00
s261        ,  4.986447736713935e-01,  3.955938018257033e-01,  3.224923414278086e+00,  2.935925411624677e-02, -1.106533391218674e-02
s262        , -7.901168230278026e-01, -2.078559695936939e-01,  1.008034927092415e+01,  0.000000000000000e+00,  4.064642151022919e-02
s263        , -1.546259780331375e+00, -1.060731169985588e+00,  2.634707948732912e+00,  7.745036370381123e-02, -8.798994792428271e-01
s264        , -5.529113966692345e-01,  3.544711005028268e-01,  6.895351815574917e+00,  0.000000000000000e+00,  1.972882741735263e-01
s265        , -4.420703395591482e-01,  6.779051265163250e-01,  6.492520493924648e+00,  2.559016068240428e-02,  2.380250720207608e-01
s266        ,  1.642224930755288e-01,  7.523409926324368e-01,  5.550318649801754e+00,  1.469809212644243e-02,  2.825865642979760e-01
s267        , -5.742332897034260e-01, -3.048326241106388e-01,  6.073452110305929e+00,  0.000000000000000e+00, -1.328048189492973e-01
s268        , -1.103100765949088e+00, -6.390014985892956e-01,  7.451951203752493e+00,  0.000000000000000e+00, -2.424181786974706e-01
s269        ,  7.960085847259791e-01,  4.463015523939964e-01,  4.457036969825886e+00,  0.000000000000000e+00,  1.612170073020218e-01
s270        , -4.283987476508868e-01,  2.525685633723539e-01,  1.267534574188726e+01,  0.000000000000000e+00,  3.361234568696382e-01
s271        ,  2.199521430164574e-01, -3.734060023646526e-01,  7.312799525602131e+00,  0.000000000000000e+00, -1.245566679689559e-01
s272        ,  4.892735632468817e-01,  4.976221389682816e-01,  4.205246928075653e+00,  0.000000000000000e+00,  1.767627396713594e-01
s273        , -7.406199765582813e-01,  1.569205829742411e-03,  7.677330604514166e+00,  8.972921006248998e-03,  2.646138871666363e-02
s274        ,  1.772759222941352e-01,  2.501530501393356e-01,  1.044699993107304e+01,  0.000000000000000e+00,  2.633907802489616e-01
s275        ,  2.643568451335951e-01,  3.155269565159427e-02,  8.840280443375041e+00,  0.000000000000000e+00,  1.110622196772162e-01
s276        , -5.816893010125334e-01, -1.890961843811036e-01,  4.810867665928799e+00,  4.610995749966039e-02, -2.917767829897100e-01
s277        , -1.588157064474181e+00, -1.593795489363750e-01,  9.198109104254232e+00,  2.012568989936816e-02, -4.032319124174457e-02
s278        ,  1.926575532177041e+00,  8.479385009804172e-01,  6.757851114700188e+00,  9.832702020202021e-02,  5.401929696836515e-02
s279        ,  1.613883746546309e+00,  1.566275670883734e+00,  4.412409878113960e+00,  5.037853647685005e-02,  4.880500326052474e-01
s280        , -1.609264987376504e+00, -1.516926004392455e+00,  4.129692297296939e+00,  1.947396644483133e-02, -8.260867611283523e-01
s281        , -1.346496740458654e+00,  1.403118654606316e-01,  9.436043271065309e+00,  0.000000000000000e+00,  1.803050478491902e-01
s282        , -1.354536059868065e+00, -5.538699734077224e-02,  8.533632855394758e+00,  0.000000000000000e+00,  6.116179412213720e-02
s283        ,  4.444527822772946e-01,  3.393713762698854e-01,  4.251562492684127e+00,  1.474287329299470e-01, -4.436220451463479e-01
s284        ,  2.385788249720763e+00,  9.693844215100296e-01,  5.469791459484925e+00,  5.645823822992767e-02,  2.244661776895983e-01
s285        ,  4.002184027452821e-01,  6.418627497258798e-01,  5.901398727432869e+00,  1.572189710891781e-02,  2.391715457604991e-01
s286        ,  1.951350507345722e+00,  1.754391352631552e+00,  2.496961372246286e+00,  0.000000000000000e+00,  7.007284968307796e-01
s287        , -7.632184401675010e-01, -9.510348172239429e-01,  7.626658127286454e+00,  0.000000000000000e+00, -3.805262974768408e-01
s288        ,  7.091749484961576e-01, -2.695240736470871e-01,  8.187469797756123e+00,  3.314948713252586e-02, -1.720353635285930e-01
s289        ,  2.314010563846089e+00,  9.877317719973681e-01,  4.495846471405474e+00,  3.929945781830525e-03,  3.972143962169684e-01
s290        ,  7.654861282396249e-01,  9.970151169267753e-02,  4.283983700750861e+00,  0.000000000000000e+00, -3.989801739693100e-03
s291        , -1.053228118031399e+00, -3.044379572126203e-01,  9.135691872411723e+00,  0.000000000000000e+00, -3.420120394530343e-02
s292        , -1.544830063612452e+00, -1.275363289883236e-01,  7.966832651410185e+00,  0.000000000000000e+00,  9.712416048813748e-03
s293        , -1.690406548169091e+00, -1.892563944914383e+00,  8.674582546211836e+00,  7.690710748140392e-03, -8.091540685633382e-01
s294        ,  1.421215154761337e+00,  8.496788847674677e-01,  4.858907387679485e+00,  0.000000000000000e+00,  3.599298617570659e-01
s295        , -1.705271840139647e+00, -1.456984476169144e+00,  1.209418185232090e+01,  0.000000000000000e+00, -4.699795824258927e-01
s296        , -7.627385590929443e-01,  5.132893453212577e-01,  8.814539045649745e+00,  0.000000000000000e+00,  3.321239148245118e-01
s297        ,  3.113058113377143e-01,  4.097090529004727e-01,  5.512863029358225e+00,  0.000000000000000e+00,  1.782971634400755e-01
s298        ,  4.087923101857815e-01,  7.361062098373330e-01,  6.937175728927256e+00,  7.198289782677771e-02,  1.063706848592298e-01
s299        , -3.373353052859910e-01, -3.498538365171947e-01,  3.624663373327649e+00,  1.379701070044946e-02, -2.836230685409825e-01
s300        , -1.247040873629315e+00, -1.541719133383773e+00,  8.456022476722161e+00,  0.000000000000000e+00, -6.259407237309530e-01
s301        ,  1.197929368440681e+00,  1.355665660606990e+00,  3.992560561365522e+00,  4.902780772000970e-02,  3.825781407063181e-01
s302        , -1.485192472843855e+00, -1.217610273585023e+00,  1.214916473394986e+01,  0.000000000000000e+00, -3.579560849955939e-01
s303        , -8.549580863671642e-01, -2.304788224800105e-01,  9.874928864357164e+00,  0.000000000000000e+00,  2.362397340137844e-02
s304        ,  1.882993199254014e+00,  8.529224197062305e-01,  6.579154539349267e+00,  3.142984561150163e-02,  2.996775811577296e-01
s305        , -5.165357198073315e-01, -4.355563273724004e-01,  5.158417004782986e+00,  1.073769020386999e-02, -2.624102321822090e-01
s306        ,  1.036931584747022e+00,  7.627616503145241e-01,  4.296818938492848e+00,  2.879477390809999e-02,  1.946062338624460e-01
s307        ,  5.869139350739364e-01,  5.543038698395921e-01,  2.087118408173050e+00,  1.012743812113201e-01, -2.423241934580378e-01
s308        , -1.992374094653734e+00, -1.763539994000463e-01,  8.825403512456409e+00,  0.000000000000000e+00,  1.482175452903496e-02
s309        ,  1.168183907358183e+00,  4.619972779199450e-01,  4.761908378088951e+00,  7.233223695973076e-02, -9.109949345577646e-02
s310        , -1.689353307212060e-01,  2.787459297224149e-02,  4.002692028375047e+00,  9.592872008324661e-02, -4.033255956094776e-01
s311        ,  4.171830243610439e-01,  3.787758270937520e-01,  9.075220940524794e+00,  6.631780385781301e-02,  3.159645077717243e-02
s312        , -6.851064106122525e-01, -2.690612104614646e-01,  6.347209213039437e+00,  2.960609376315125e-02, -2.177744207738789e-01
s313        , -3.693039585493864e-01, -1.845312459515891e-01,  5.635706947421161e+00,  0.000000000000000e+00, -9.146305677039458e-02
s314        , -1.774434185617937e-01,  1.520967093171380e-01,  4.117360360110711e+00,  0.000000000000000e+00,  1.478819696041556e-02
s315        , -3.815749786763621e-01, -4.319870892306573e-01,  1.069658751670837e+01,  0.000000000000000e+00, -4.278271233235520e-02
s316        ,  6.374559564486622e-01,  9.484729667809699e-01,  5.469468437731281e+00,  4.605725433789581e-02,  2.535542392447143e-01
s317        , -2.030534733815181e+00, -1.935832297164405e+00,  1.015459108365664e+01,  0.000000000000000e+00, -7.528773792113028e-01
s318        , -8.028512356005929e-02,  4.545914484469746e-02,  5.429333271642863e+00,  5.614324603589387e-03, -1.306803791450833e-02
s319        , -5.934013466311562e-01,  4.828477292829203e-01,  5.590335217330274e+00,  0.000000000000000e+00,  2.144750027644101e-01
s320        ,  2.790171268766068e+00, -2.436355393913295e-01,  1.045118148690720e+01,  0.000000000000000e+00,  3.608498971844382e-02
s321        , -1.062277605983095e+00, -8.559656840716272e-01,  2.616444317024391e+00,  1.780240100827496e-02, -5.640589495200391e-01
s322        ,  7.515966182544803e-02,  1.970297723200735e-01,  1.010694624463460e+01,  0.000000000000000e+00,  2.279925874312863e-01
s323        ,  7.526438612763078e-01,  6.278779899364130e-01,  4.584463625186324e+00,  0.000000000000000e+00,  2.489470950436747e-01
s324        , -2.651743878812372e-01, -9.717292336983108e-01,  6.477645063987654e+00,  0.000000000000000e+00, -4.269880163381780e-01
s325        ,  3.264086782559880e-02,  8.573165039136698e-01,  2.025695318253924e+00,  5.141986921078563e-02,  8.091401090616446e-02
s326        , -8.716201269332444e-01, -9.526970599274684e-02,  9.798954738119606e+00,  0.000000000000000e+00,  8.345976675268142e-02
s327        , -1.671151256925621e-01, -2.323624503382570e-01,  1.686214556853682e+00,  2.347246552689837e-02, -3.278375634756419e-01
s328        , -8.227567374308942e-02,  3.374682120832054e-01,  1.024312385283888e+01,  0.000000000000000e+00,  2.970556762268355e-01
s329        , -3.051380631011923e-01, -3.167078309991946e-02,  8.773759360684123e+00,  2.256778999640690e-02, -4.232720676034714e-03
s330        ,  2.650804092125521e-01, -4.647608856247957e-01,  1.566054355013453e+01,  0.000000000000000e+00,  1.016654883887840e-01
s331        , -1.375958879843693e-01,  5.162937819081072e-01,  4.975057294544805e+00,  5.074476276693127e-02,  2.114593150464868e-02
s332        , -2.261103407740682e-02,  3.915215394349283e-01,  5.820882002039472e+00,  2.073588761223777e-02,  1.026052728720475e-01
s333        ,  1.323183942483754e+00,  1.376272218630377e+00,  2.195037501330221e+00,  0.000000000000000e+00,  5.168619572207698e-01
s334        , -8.334838045052184e-01, -9.454873292924799e-01,  5.151990578462496e+00,  2.946189432675919e-02, -5.672158177751109e-01
s335        , -6.616430929673620e-01, -7.246304356482890e-01,  7.609018723032762e+00,  1.798611111111111e-02, -3.437860123471150e-01
s336        ,  7.402611706142617e-01,  5.234798576870252e-01,  4.881723113774052e+00,  2.074239459290865e-02,  1.331763453093042e-01
s337        , -2.672477917829363e+00, -7.203167059762243e-01,  1.025324311830902e+01,  0.000000000000000e+00, -1.898373112150859e-01
s338        ,  5.119490895181960e-01,  4.543160341820990e-01,  7.006709966005131e+00,  2.571200301174369e-02,  1.511119952873754e-01
s339        , -5.205367300996894e-01, -3.653014249216272e-01,  1.314106812469920e+00,  2.725218068187561e-02, -4.151038721772815e-01
s340        , -5.182275979842598e-01, -5.187897457344826e-01,  8.229725373747799e+00,  0.000000000000000e+00, -1.620503333905519e-01
s341        ,  1.970306289887119e+00,  1.314805248556344e+00,  5.349280898486787e+00,  2.321642022304851e-02,  5.034776439338565e-01
s342        , -6.893119617348112e-02, -1.268760481900619e-01,  5.383105655784360e+00,  7.774262813683228e-02, -3.625171208827103e-01
s343        , -9.390007101093139e-01, -4.245226267444484e-01,  1.027904856657609e+01,  0.000000000000000e+00, -5.276446214729680e-02
s344        ,  1.061951331424555e+00,  1.043834216046687e+00,  6.132328247657750e+00,  5.469599408394743e-02,  2.866142698873884e-01
s345        , -7.723215780687482e-01, -1.746054659265913e-01,  4.480706557137116e+00,  0.000000000000000e+00, -1.240134764964032e-01
s346        ,  3.961380156477509e-01,  5.658767070314550e-01,  6.635567735560659e+00,  1.043145178646543e-02,  2.474688490096558e-01
s347        , -1.709617878224923e+00, -1.622179893841880e+00,  7.738616242607664e+00,  6.967084156926083e-03, -7.120023562997675e-01
s348        ,  3.055057864420297e-01,  6.903607452142722e-01,  6.721416325979147e+00,  5.892722236212541e-02,  1.269812332086705e-01
s349        , -2.198294962810686e-01, -1.781282847254422e-01,  3.809499853326942e+00,  4.629045154231368e-02, -3.195814849728136e-01
s350        ,  4.405144181634823e-01,  7.382744091444763e-01,  3.563909376169255e+00,  2.433714965735138e-02,  1.763702200533225e-01
s351        ,  8.658280652293555e-01,  8.093764231384857e-01,  6.002778221192913e+00,  0.000000000000000e+00,  3.781310011638401e-01
s352        ,  9.704682100223125e-01, -2.961806249353396e-01,  4.217171994245710e+00,  1.019110490968656e-02, -2.264301855778849e-01
s353        , -6.298376205439114e-02,  2.064861358601683e-02,  9.026477374398786e+00,  6.046616280151586e-02, -1.131345799671162e-01
s354        , -5.109688604423303e-01,  3.839576137552287e-01,  7.888228527048516e+00,  8.474350738495739e-03,  2.112252830601140e-01
s355        , -1.498401072816738e+00, -1.034803400354343e+00,  1.547296461732935e+01,  0.000000000000000e+00, -1.669263123070045e-01
s356        ,  1.467186882538691e-01,  1.885220543757286e-01,  8.718747806659428e+00,  0.000000000000000e+00,  1.794565598520935e-01
s357        , -9.744403926942342e-02, -3.471117104624012e-01,  5.203879729857690e+00,  2.516661446092083e-02, -2.739404542923009e-01
s358        , -9.190473297739495e-02,  3.386615920331388e-01,  6.464345680010680e+00,  0.000000000000000e+00,  1.761536368099987e-01
s359        ,  4.402510249016559e-01,  9.310489454274782e-01,  4.995340373332877e+00,  0.000000000000000e+00,  4.017941239238393e-01
s360        , -8.756909416699599e-01, -5.562042465070078e-01,  6.410695623148765e+00,  0.000000000000000e+00, -2.377480148683017e-01
s361        , -1.770572058768898e-01,  3.455601666222254e-01,  7.291387015845452e+00,  1.311894760805467e-02,  1.570614015841460e-01
s362        ,  8.704386959032419e-01,  3.987978731886549e-01,  6.720223999585074e+00,  1.498026792665575e-02,  1.562943378422440e-01
s363        , -1.069662019131376e+00, -4.550419820137624e-01,  1.483168603675406e+01,  3.859009139331326e-03,  6.513231317980564e-02
s364        , -9.988945697241733e-01, -1.500444860504385e+00,  6.955087072385629e+00,  0.000000000000000e+00, -6.551704683301102e-01
s365        ,  1.902823636872192e-01,  5.987101960560958e-01,  9.065351220386217e+00,  1.014752391163887e-01,  1.665221665410533e-03
s366        ,  1.236798092554710e+00,  4.632685698287863e-01,  6.880779770677560e+00,  1.690107419416527e-02,  1.839974940187784e-01
s367        ,  9.184480967949833e-01,  2.833722529245448e-01,  7.658554995927066e+00,  0.000000000000000e+00,  1.890696877110092e-01
s368        ,  1.622937156969908e-01,  1.444602670050776e-01,  9.329494425655845e+00,  8.626852511199040e-02, -1.424481961478104e-01
s369        ,  9.732086991131189e-01,  6.098033329386643e-01,  8.153277175976719e+00,  2.510517701739467e-02,  2.618406700160804e-01
s370        , -8.475872099006457e-01, -5.184823317630116e-01,  2.323015672482809e+00,  2.116796095681547e-02, -4.305766464312097e-01
s371        ,  5.916391131784779e-01,  4.658734282510671e-01,  3.226499208430652e+00,  0.000000000000000e+00,  1.306817953018720e-01
s372        ,  7.596908414790238e-01,  1.128372333155881e+00,  3.735352289927619e+00,  2.040745421575557e-02,  3.761935683900889e-01
s373        , -1.946434670867691e+00, -1.578031273450900e+00,  5.225464190034922e+00,  4.544667590027700e-02, -9.157283572671266e-01
s374        , -9.564014283175248e-01, -7.615846707428756e-01,  1.369582360079232e+01,  0.000000000000000e+00, -9.819927234269901e-02
s375        ,  7.284511861928945e-01,  2.477471804172915e-01,  8.096366082582074e+00,  0.000000000000000e+00,  1.867321502344333e-01
s376        ,  2.037232105036610e+00,  1.274961814190702e+00,  4.375921906228333e+00,  0.000000000000000e+00,  5.402927998072758e-01
s377        ,  7.637732850848320e-01,  3.791968913506389e-01,  7.720039773226368e+00,  0.000000000000000e+00,  2.351828916802058e-01
s378        ,  9.950925555332779e-01,  8.949350044833901e-01,  8.685473954916299e+00,  3.526637131080694e-02,  3.724406446248329e-01
s379        , -8.163846007494810e-01, -8.285464530937079e-01,  5.985716857800356e+00,  0.000000000000000e+00, -3.768484948555392e-01
s380        , -9.184292068832668e-01, -9.630727265671513e-01,  1.065619981454179e+01,  6.759512848901579e-03, -3.138705933040530e-01
s381        ,  1.520868814304400e-01,  4.224953339009019e-01,  5.404024407752073e+00,  5.259478248709747e-03,  1.611036272491438e-01
s382        , -7.921265824309522e-01, -7.793932976363444e-01,  4.201996876990314e+00,  3.361140971097216e-02, -5.366973775330676e-01
s383        ,  6.672838300456271e-01,  7.536985621366907e-01,  5.249659058967548e+00,  6.139772515650229e-02,  9.965235757509372e-02
s384        , -8.703903476353084e-01, -1.371163247053277e+00,  1.360899674325177e+01,  0.000000000000000e+00, -3.817632569232320e-01
s385        ,  8.850482925000751e-01,  2.534713223406951e-01,  8.973585436812602e+00,  1.786390106581585e-02,  1.510428551713664e-01
s386        ,  9.061627662896373e-01,  1.136959704256546e+00,  3.642451089713754e+00,  2.851723900656131e-02,  3.469645088993261e-01
s387        , -1.106690246889199e+00, -1.096275007821173e+00,  3.908691204405144e+00,  0.000000000000000e+00, -5.669214822266199e-01
s388        ,  2.054813205480302e+00,  1.431376461694686e+00,  4.923550082632099e+00,  0.000000000000000e+00,  6.299387828833669e-01
s389        ,  5.830110458201297e-01,  3.254589755104285e-01,  9.454502661805895e+00,  0.000000000000000e+00,  2.661775364723901e-01
s390        ,  4.058167767744563e-02,  6.766778773415970e-01,  1.692072102341264e+00,  1.820236906475447e-02,  1.106811593485433e-01
s391        , -3.572825686809578e-01, -1.178807175886309e-01,  2.848797434159499e+00,  2.148959121316067e-02, -2.303573849700240e-01
s392        , -7.654037138178210e-02,  1.147185615832935e-04,  9.906309932392281e+00,  0.000000000000000e+00,  1.308445040153196e-01
s393        ,  3.686774220084653e-01,  1.662074207829060e-01,  2.238268808692275e+00,  1.422635659139191e-02, -9.208217500833897e-02
s394        , -2.015273820649741e-01, -1.456967086949919e+00,  1.270458860935244e+01,  0.000000000000000e+00, -4.503528117930756e-01
s395        , -6.768380070474945e-01, -1.203092135178396e-02,  8.834006595121018e+00,  1.530509700606508e-02,  3.379402571080801e-02
s396        , -1.571978956162156e+00, -3.302000759618225e-01,  1.089340364129843e+01,  0.000000000000000e+00,  1.042638887843550e-02
s397        , -4.953598502673375e-01, -4.764286959726260e-01,  5.134190703839362e+00,  2.468444179898811e-02, -3.339485266599510e-01
s398        ,  1.555253169293308e-01,  8.915879095656103e-01,  5.433415857696493e+00,  0.000000000000000e+00,  3.976982305556471e-01
s399        , -1.863721424692930e+00, -1.685672845887936e+00,  1.254484284766693e+01,  2.713096221408873e-03, -5.709323268279763e-01
s400        , -1.580914135378971e+00, -1.054043009394860e+00,  2.516813885007767e+00,  1.108223610006213e-02, -6.334720164980737e-01
s401        , -1.745467987214961e+00, -1.413140558334061e+00,  1.141103942301410e+01,  7.976985911501594e-03, -5.014455196665217e-01
s402        , -6.980793622242579e-01, -6.862249690733121e-01,  8.739866854529044e+00,  0.000000000000000e+00, -2.227752038983430e-01
s403        ,  2.251226886668626e-01,  9.006036532126022e-01,  4.127174160364787e+00,  2.086823006359867e-02,  2.821603191887461e-01
s404        ,  7.040030298805582e-01,  4.098634782047709e-01,  8.395670075924942e+00,  0.000000000000000e+00,  2.710230704789758e-01
s405        ,  7.810975699633603e-01,  8.257056811867596e-01,  6.574504942562960e+00,  5.828732884154035e-02,  1.869824100935459e-01
s406        , -7.486530226048839e-01, -3.437319080554407e-01,  1.052568375066507e+01,  0.000000000000000e+00, -7.625095614024934e-03
s407        , -5.898664718227482e-01, -2.055984767797606e+00,  4.918641733706822e+00,  4.467818090346438e-03, -9.931426575169180e-01
s408        , -1.653430955336652e+00, -8.912338047621449e-01,  2.624947022911191e+00,  2.633240477786091e-02, -6.117935585631022e-01
s409        ,  3.615421057666913e-01,  2.940994643638467e-01,  4.942186224764770e+00,  7.380835224837701e-02, -1.681360408628441e-01
s410        , -1.927277741805878e+00, -1.209897254864539e+00,  1.553201529332305e+01,  0.000000000000000e+00, -2.456770376345410e-01
s411        , -7.559092474121808e-01, -1.257243455481222e+00,  9.125106438021108e+00,  0.000000000000000e+00, -4.734058821197675e-01
s412        ,  1.873884464024186e+00,  6.318968282941868e-01,  6.606736909398053e+00,  0.000000000000000e+00,  3.157949987788999e-01
s413        , -8.487613459239006e-02,  1.098258026609332e-01,  8.332825589413831e+00,  9.997519995039990e-02, -2.414740814096734e-01
s414        , -7.984251397438490e-02,  2.096754278384181e-01,  9.166200317493631e+00,  0.000000000000000e+00,  2.035811882809916e-01
s415        ,  3.823952603345894e-01,  2.790774971807132e-01,  5.437401172241344e+00,  6.113062547303460e-02, -1.119304997362543e-01
s416        , -9.819900149129637e-01, -6.639194725287364e-01,  2.137395300775529e+00,  1.844697271251152e-02, -4.933990752788305e-01
s417        , -1.482842264827313e+00, -1.265359741145969e+00,  2.261110644813847e+00,  3.921253192302279e-02, -8.437726531855197e-01
s418        ,  5.288306085486906e-02,  7.291802098709790e-01,  1.099260993535654e+00,  1.364630572998933e-02,  1.327761141388584e-01
s419        , -1.062501299146121e+00, -1.154543650063655e+00,  6.546769594660314e+00,  0.000000000000000e+00, -5.089710722043899e-01
s420        ,  1.615525737358244e+00,  1.317301539102733e+00,  4.127236591253572e+00,  0.000000000000000e+00,  5.518017135191521e-01
s421        , -8.420822469136372e-01,  1.172589833267142e-01,  8.233597651804422e+00,  0.000000000000000e+00,  1.310396665942013e-01
s422        , -2.976491469173829e-01, -4.762052200113176e-02,  3.426721659249338e+00,  5.396960934619340e-02, -3.003669756105622e-01
s423        ,  2.602465190009081e-01, -4.340863211902016e-01,  1.322160931472827e+01,  0.000000000000000e+00,  3.740576819526616e-02
s424        , -1.598544685575905e-02,  1.942817330201596e-01,  7.199839258492719e+00,  0.000000000000000e+00,  1.332910441545022e-01
s425        , -6.873434672527887e-01, -6.377360969833665e-01,  9.296103737232531e+00,  6.850302447848945e-02, -4.376491998180736e-01
s426        ,  3.868281565378119e-01,  8.877874247919174e-01,  4.511791017312659e+00,  0.000000000000000e+00,  3.663262611879479e-01
s427        , -4.350921811790253e-01, -3.046305726697600e-01,  7.975391134538238e+00,  2.200315198308824e-02, -1.535160227092617e-01
s428        ,  1.434023500487657e+00,  5.492920578075123e-01,  7.407053244650601e+00,  1.321301291916026e-02,  2.542680853216790e-01
s429        , -1.410084545291047e-01,  9.947573763757084e-02,  1.114799934239038e+01,  1.444924000750610e-02,  1.627140423273958e-01
s430        , -2.958129836419498e-04, -2.426780124361547e-01,  9.172381474501506e+00,  0.000000000000000e+00, -4.575206755642794e-03
s431        ,  4.037460271826608e-01,  2.649053019632108e-01,  3.362151494792588e+00,  8.043219157102313e-03,  1.252466838103430e-02
s432        , -1.066289337790876e+00,  4.414572606598403e-01,  8.342829576575246e+00,  3.704764585435152e-02,  1.459220151534556e-01
s433        ,  1.465780698491131e-01, -1.042802125217153e-01,  5.776415309660371e+00,  4.974140087218884e-02, -2.351996531511378e-01
s434        ,  4.355472814078697e-01,  8.714662285993531e-01,  6.209043276603989e+00,  2.900013500433861e-02,  3.053709046312515e-01
s435        ,  1.360224600447043e-01, -7.356925641446388e-02,  1.945618365062239e+00,  1.034588520379761e-02, -1.974800278023201e-01
s436        , -1.176834064700477e+00, -4.319645465480967e-01,  7.972888397460813e+00,  0.000000000000000e+00, -1.303133036597327e-01
s437        ,  4.255542297351823e-01,  1.557782110720997e-01,  5.815135804419375e+00,  7.380579146690551e-02, -2.037805891067264e-01
s438        ,  4.759340095896715e-01,  4.262777431293605e-01,  5.640760736861034e+00,  5.281829760907517e-03,  1.703714004630430e-01
s439        , -1.323840968987944e+00, -5.907240763892241e-01,  2.400245094491172e+00,  6.805293005671077e-02, -6.359554783766133e-01
s440        ,  1.911375936580773e+00,  9.302771634261252e-01,  5.556147648610592e+00,  6.117233725742975e-02,  1.916748457003560e-01
s441        , -5.968585101940267e-01, -4.770143629529623e-01,  9.552734157067707e+00,  0.000000000000000e+00, -1.002863672609398e-01
s442        ,  1.602708630643594e+00,  9.564101272980591e-01,  4.185110039694209e+00,  3.014257440929760e-02,  2.751919757580418e-01
s443        , -3.418194688489122e-01, -8.994173760911008e-01,  9.232896551624567e+00,  0.000000000000000e+00, -3.051259218127251e-01
s444        ,  7.637447106545253e-02,  1.389284221938571e-01,  6.575537802580635e+00,  5.578509726504715e-03,  6.695705019568136e-02
s445        ,  1.017156754691856e+00,  5.940234224654469e-01,  3.466034223381463e+00,  1.188099796148758e-02,  1.531652920920565e-01
s446        ,  1.325048844178530e-01,  1.152473355323100e-01,  5.920354437605564e+00,  3.126228605396034e-02, -6.064750243991700e-02
s447        , -1.204238242348799e-02, -9.700439887186671e-02,  8.610411683915867e+00,  0.000000000000000e+00,  4.446042869344993e-02
s448        ,  1.955645847805345e-01,  1.070287077411816e-01,  4.716648826821171e+00,  2.389577989965323e-02, -7.568991193034488e-02
s449        ,  1.023488117482967e+00, -1.928511774669445e-02,  9.340351673514958e+00,  0.000000000000000e+00,  1.037187282864043e-01
s450        ,  1.292595058164963e+00,  4.219568704921718e-01,  6.717238245061219e+00,  0.000000000000000e+00,  2.226477246499980e-01
s451        , -1.076547322827218e+00, -1.203618949243215e+00,  8.764703484429086e+00,  1.247165532879818e-02, -5.067307302126217e-01
s452        ,  1.041326926021929e+00,  9.853071959314597e-01,  2.909182317195811e+00,  1.269333333333333e-01, -1.129281718047957e-01
s453        , -2.986039119797084e-01,  1.212617985958794e-01,  4.308916953226160e+00,  5.760000000000000e-02, -2.077437512978670e-01
s454        , -1.068578759667890e+00, -1.158438575368886e+00,  1.298398773674688e+00,  1.960666306892818e-02, -7.524598407000709e-01
s455        , -1.019022963464540e-01, -4.224338919215380e-01,  5.305831050718143e+00,  0.000000000000000e+00, -2.116439429366535e-01
s456        , -1.276108587100781e+00, -8.753658045745035e-01,  4.290725469473378e+00,  5.486052215677973e-02, -6.571764190873403e-01
s457        , -1.562653854847452e+00, -9.124944325014147e-01,  4.830982429721215e+00,  0.000000000000000e+00, -4.526288411928324e-01
s458        , -1.571215894852860e-01,  4.636083651303816e-01,  6.686986533239853e+00,  4.046029724625306e-02,  9.019754533971248e-02
s459        , -7.908915586506604e-01, -7.982700846523823e-01,  1.306432596011296e+01,  0.000000000000000e+00, -1.353932924876307e-01
s460        ,  1.259413921430306e+00,  8.757527731466955e-01,  6.770542151294153e+00,  1.721935127095212e-02,  3.692604273869698e-01
s461        , -2.175818754703068e+00, -1.869693005161105e+00,  1.378157802220956e+01,  2.310007743006183e-03, -6.144422068584182e-01
s462        ,  1.056177437374778e+00,  9.175308366099943e-01,  4.543464196426828e+00,  5.522682445759369e-03,  3.604792373117245e-01
s463        ,  7.682398919925582e-01,  5.432277209064771e-01,  4.548257791167376e+00,  1.010848126232742e-01, -1.676178134295530e-01
s464        , -1.670624175566991e+00, -1.187784892082438e+00,  6.065351295696495e+00,  8.674893102314082e-02, -8.627834503136641e-01
s465        ,  3.572362737692147e-01,  1.774239854830071e-01,  6.912236305760196e+00,  1.757080383173678e-02,  5.085395000321653e-02
s466        , -1.202841334482275e+00,  4.633794268081332e-03,  6.678123120617978e+00,  3.654354303704953e-02, -1.069072177419551e-01
s467        , -9.998937028287650e-01, -1.018542653186469e+00,  7.585798478842415e+00,  3.482263168253872e-02, -5.426034009130793e-01
s468        , -9.085815979292673e-01, -3.692635963029768e-01,  6.603337218851836e+00,  0.000000000000000e+00, -1.454511191902012e-01
s469        ,  1.368123103534694e+00,  8.629354177279106e-01,  5.159835941781291e+00,  2.117439466718949e-02,  2.968604079709899e-01
s470        ,  6.270281968061774e-01,  4.049307580419748e-01,  6.840226009211518e+00,  2.189451583624002e-02,  1.372293854761899e-01
s471        , -2.645435144970039e-02,  1.607145043082228e-01,  3.016097187110962e+00,  4.539278549037571e-03, -3.354052788217018e-02
s472        , -9.877961354209573e-01, -5.791865582163307e-01,  3.847084667284645e+00,  7.586974403638652e-02, -6.132467583273754e-01
s473        ,  9.062936723193107e-01,  7.531926889189364e-01,  5.007212560729373e+00,  4.626226266744229e-02,  1.479871684599613e-01
s474        , -1.654729567131913e+00, -2.014805041913583e+00,  1.060848670798629e+01,  1.861933231351761e-03, -7.815973023726734e-01
s475        ,  1.613264697983012e+00,  1.235909552775468e+00,  6.564329206854294e+00,  0.000000000000000e+00,  5.926416791689694e-01
s476        ,  6.116129809221722e-01,  1.563766146735634e-01,  7.897961809638577e+00,  0.000000000000000e+00,  1.382698454576834e-01
s477        ,  5.840337661930541e-01, -1.963351108795169e-01,  9.938059153737616e+00,  1.993026059016601e-02, -3.283494327101793e-02
s478        , -1.152221920522414e+00, -1.182910344053894e+00,  1.043714824709990e+01,  0.000000000000000e+00, -3.969982331951815e-01
s479        , -5.094753281829528e-01, -1.381260524540882e-01,  4.217403529551099e+00,  0.000000000000000e+00, -1.156736562194354e-01
s480        ,  2.973171178971667e-01,  1.156466661274032e+00,  3.341061792510814e+00,  0.000000000000000e+00,  4.524527609700993e-01
s481        , -1.675140558535767e+00, -9.222608116968539e-01,  8.516707300398997e+00,  2.579664701673172e-02, -4.347257067394920e-01
s482        ,  5.105384321341787e-01,  2.374202474557908e-01,  7.547751216243432e+00,  0.000000000000000e+00,  1.643427999804464e-01
s483        ,  6.412437341666035e-01,  7.076249866125648e-01,  9.125919306469156e+00,  0.000000000000000e+00,  4.316432775293616e-01
s484        ,  2.259666720581154e+00,  1.339567282494700e+00,  2.902651722067018e+00,  0.000000000000000e+00,  5.226986320160861e-01
s485        , -6.133731587036794e-02, -1.648969418658296e+00,  1.235605661479340e+01,  0.000000000000000e+00, -5.499915208546691e-01
s486        ,  1.705016907792880e+00,  1.064646380773051e+00,  6.147390154518451e+00,  0.000000000000000e+00,  5.003568408230337e-01
s487        , -8.949077256537036e-01,  2.027551256785276e-02,  8.898476185433369e+00,  0.000000000000000e+00,  1.077383611820789e-01
s488        ,  4.414328374469543e-01,  1.935918684575049e-01,  3.255534670773269e+00,  0.000000000000000e+00,  6.201480820038152e-03
s489        ,  1.128277752007163e+00,  5.896229628939590e-01,  2.627220202862187e+00,  7.194881435992463e-02, -9.949693038971394e-02
s490        ,  1.504039442617624e+00,  1.556281344377018e+00,  3.303046370739940e+00,  0.000000000000000e+00,  6.353865123851556e-01
s491        , -5.198334157682940e-01, -4.339407547850090e-01,  2.852522427581776e+00,  2.571332379429341e-02, -3.915436398047968e-01
s492        ,  1.151627147663105e+00,  4.111460182678341e-01,  6.380409626083026e+00,  2.491419673519017e-02,  1.140689997847980e-01
s493        , -8.097664188918848e-01,  1.059215641927855e-02,  9.259478268477684e+00,  1.177622052130807e-02,  7.102966234511209e-02
s494        ,  6.975315577850428e-01,  3.332703454053810e-01,  3.281012527127692e+00,  1.041666666666667e-01, -3.165304846867840e-01
s495        ,  5.757891210893783e-02,  4.256694244910653e-02,  9.183619658142830e-01,  1.097306989067702e-02, -1.793393838278860e-01
s496        ,  1.842735197085195e-01,  1.266555412454949e+00,  4.408229291639651e+00,  0.000000000000000e+00,  5.374591659696853e-01
s497        , -3.806010851052651e-01, -4.495419911819373e-01,  5.507706264871423e+00,  0.000000000000000e+00, -2.176416327096369e-01
s498        ,  2.924357353950326e-01, -1.538074771444065e-02,  1.177689918869904e+01,  0.000000000000000e+00,  1.838288768497656e-01
s499        , -7.813708299191796e-01, -2.640653327229144e-01,  5.381408794372144e+00,  5.228337589736372e-02, -3.309583444896322e-01
s500        ,  1.758078897939561e-01,  2.887548663435792e-01,  8.523919344739959e+00,  5.689759424261882e-02,  7.491674999937146e-03
s501        ,  5.268597846364342e-01, -8.105058201939469e-02,  8.424886730304259e+00,  0.000000000000000e+00,  4.584593479646486e-02
s502        , -1.555727833576514e+00, -6.308328853675287e-01,  1.259005907575223e+01,  0.000000000000000e+00, -7.351448540240783e-02
s503        ,  1.172585934883692e+00,  9.726503094398662e-01,  5.073044982017839e+00,  9.094162514718600e-03,  3.895891955593761e-01
s504        ,  2.953705009587213e-01,  2.035365028411268e-01,  2.674474768705013e+00,  1.912316674845817e-02, -7.910277630855948e-02
s505        ,  1.048522988543108e+00,  1.091918325679719e+00,  3.924763768421261e+00,  1.248699271592092e-02,  3.949840892368173e-01
s506        ,  3.661355339494778e-01, -7.050577957704851e-02,  5.618782477646726e+00,  0.000000000000000e+00, -3.948661875570513e-02
s507        ,  7.001138090247849e-01,  3.219561838395190e-01,  7.813907178507999e+00,  5.354593018387021e-02,  1.244479880325268e-02
s508        ,  5.464601963517310e-01,  1.468833894199743e-01,  7.559062127860834e+00,  4.703281964459252e-03,  1.054911621341627e-01
s509        ,  2.946634304577050e-01,  7.475836826398986e-01,  6.172283287635985e+00,  8.625000000000001e-02,  3.394659698730672e-02
s510        , -1.105581921856613e+00, -8.733434243544203e-02,  8.660354258993843e+00,  0.000000000000000e+00,  5.051965739315523e-02
s511        ,  1.309201174401844e+00, -4.788823085091709e-02,  1.138738322043292e+01,  0.000000000000000e+00,  1.563366265632274e-01
s512        ,  7.885562671323768e-01,  9.701121162271390e-01,  4.510351383164478e+00,  1.252719728347646e-01, -6.227829773857890e-02
s513        , -5.799590652888761e-01, -3.963846749861444e-01,  5.746137693862067e+00,  4.349571325253487e-03, -2.016905168665296e-01
s514        ,  1.756955937636850e+00,  1.089007456946458e+00,  3.574782239668101e+00,  0.000000000000000e+00,  4.288927779467213e-01
s515        ,  1.301480913945963e+00,  4.886994769815626e-01,  3.437155375310487e+00,  1.476112495550018e-01, -4.016962391281680e-01
s516        ,  1.639096205345820e+00,  4.398065449738784e-01,  6.937011772399088e+00,  0.000000000000000e+00,  2.379329516123972e-01
s517        ,  1.265571797582470e+00,  1.155155033460435e+00,  3.234291404503099e+00,  1.640400993632963e-02,  3.873330990877561e-01
s518        ,  1.441905473368953e+00,  6.906731755167030e-01,  6.201114445457052e+00,  1.379978095585784e-01, -1.840340101496298e-01
s519        , -3.428509295553606e-01, -3.122011504604367e-01,  9.768976808967061e+00,  0.000000000000000e+00, -1.742287244572667e-02
s520        , -7.417091464175271e-01, -9.615405110148101e-02,  1.339416676539453e+01,  0.000000000000000e+00,  1.986042458339336e-01
s521        , -3.011966055380439e-01, -2.740540244132538e-01,  7.775146540737328e+00,  0.000000000000000e+00, -6.393486168163554e-02
s522        , -6.069082570615004e-01, -6.857947040075201e-01,  8.242167950003909e+00,  1.445846347261148e-02, -2.924125104769513e-01
s523        ,  1.256149620532759e+00,  9.895902834031868e-01,  5.140762167134629e+00,  3.246789361879333e-02,  3.125311159383917e-01
s524        ,  7.847794981407887e-02,  1.492764158295134e-01,  7.021625559239379e+00,  0.000000000000000e+00,  1.068336166610665e-01
s525        ,  7.540604241380652e-01,  2.410554622317091e-01,  4.803585556108726e+00,  4.738704272116007e-02, -9.863747409030746e-02
s526        ,  6.882803931636601e-01,  7.497507683170395e-01,  5.432489828664846e+00,  0.000000000000000e+00,  3.323379461172338e-01
s527        , -3.347470952839998e-01,  1.598454194629884e-02,  1.039832028096628e+01,  0.000000000000000e+00,  1.539676267543925e-01
s528        , -8.880876507782670e-01, -2.084105155696863e+00,  9.682404973493686e+00,  0.000000000000000e+00, -8.363484915078118e-01
s529        ,  9.212434057068957e-01,  1.201193953504830e+00,  3.507277443556724e+00,  9.889496995886340e-03,  4.415708295207200e-01
s530        ,  1.578253206298823e+00,  1.675256409997042e+00,  3.512187478893519e+00,  3.518780571765653e-02,  5.658792106671270e-01
s531        , -1.270304683847079e+00, -3.769234276573699e-01,  4.884676981849833e+00,  0.000000000000000e+00, -2.042178063175223e-01
s532        , -1.264611305197325e-01, -9.541079260366164e-02,  2.792011271825163e+00,  2.246974548013293e-02, -2.254826346417799e-01
s533        ,  8.237391297987288e-01,  2.343139962932826e-01,  1.057779024261910e+01,  0.000000000000000e+00,  2.602989370411891e-01
s534        ,  1.456467143630557e+00,  1.014476243226649e+00,  7.524040508898110e+00,  0.000000000000000e+00,  5.214945490633801e-01
s535        , -1.038398689934333e+00, -8.829659772501168e-01,  1.254579353851015e+01,  4.054234175219962e-03, -2.061671130006931e-01
s536        ,  5.135961834965114e-02,  5.421077528086075e-01,  6.957698712023018e+00,  7.174744897959184e-02,  1.855090146036572e-02
s537        , -8.440212331633648e-02,  3.485188012102625e-02,  1.164624263551677e+01,  1.856448006089549e-02,  1.336379310187961e-01
s538        , -1.317636610189325e+00, -9.728439884647924e-01,  1.396357260119862e+01,  0.000000000000000e+00, -1.869002326360252e-01
s539        ,  2.901282138702423e-01, -1.549746555401573e-01,  3.348529872122442e+00,  1.156792119078018e-02, -1.944358236178606e-01
s540        , -9.824868919009931e-02, -2.512471712662130e-01,  9.846740518824534e+00,  0.000000000000000e+00,  1.315203629738741e-02
s541        , -2.175405710121729e+00, -1.418881453504677e+00,  1.076304571134206e+01,  0.000000000000000e+00, -4.952125839220048e-01
s542        ,  2.591231555634874e-01, -3.762600213356316e-01,  9.477734998582966e+00,  0.000000000000000e+00, -5.628918846695005e-02
s543        , -1.058007309971476e+00, -7.575826491299429e-01,  1.430674487898457e+01,  0.000000000000000e+00, -7.672063368869582e-02
s544        ,  3.414925189823615e-01,  2.750360008430924e-01,  8.743426939994677e+00,  4.803026222030198e-02,  4.124723600071232e-02
s545        , -3.918998056173665e-01,  5.990401895454505e-01,  6.374040136774831e+00,  6.486917838229529e-02,  5.162777950469622e-02
s546        ,  5.616853932534658e-01,  5.496600660739537e-01,  2.848755097585728e+00,  5.986675800157349e-03,  1.348405643920063e-01
s547        , -1.305950209492648e+00, -1.695288296953617e+00,  9.703196394077162e+00,  0.000000000000000e+00, -6.565902842496588e-01
s548        , -3.050762501887698e-01,  1.745266451598361e-01,  7.062950627398278e+00,  3.517531203237742e-02, -1.119072922319934e-02
s549        ,  1.039973910986755e+00,  9.533020260139430e-01,  3.438883604555568e+00,  0.000000000000000e+00,  3.620186904963285e-01
s550        ,  2.095033672336812e+00,  1.063277549293435e+00,  3.623486245893566e+00,  0.000000000000000e+00,  4.186068915970473e-01
s551        , -1.303711602903422e+00, -1.300443437582876e+00,  6.447996248538367e+00,  0.000000000000000e+00, -5.793474800153759e-01
s552        ,  3.401293169548341e-01,  3.293734717512994e-01,  9.677392143705140e+00,  0.000000000000000e+00,  2.751443357551600e-01
s553        , -5.647880997296292e-02,  8.737202494629908e-01,  4.585006820791290e+00,  9.570275849127415e-02,  5.830195481579716e-03
s554        , -1.031552667181044e+00, -8.855210941369809e-01,  4.596297302121657e+00,  0.000000000000000e+00, -4.477477487015745e-01
s555        , -8.490058291493487e-01, -3.165335987166812e-02,  8.511184973132245e+00,  0.000000000000000e+00,  7.137207793181043e-02
s556        , -7.911863624049646e-01,  2.182757679026551e-02,  8.141379161819673e+00,  4.294149221685454e-03,  6.812959846513175e-02
s557        ,  2.474068956648234e-01,  6.470882343399780e-01,  6.760337381954221e+00,  0.000000000000000e+00,  3.277289878403922e-01
s558        , -5.007238229142660e-01, -1.224530789937342e-01,  4.021435775300521e+00,  3.910166891783613e-02, -2.603566494776903e-01
s559        ,  2.118829903875907e-01,  3.592844107421704e-01,  7.470843540072248e+00,  1.133557321206714e-02,  1.757914176716191e-01
s560        ,  1.297132454751414e+00,  8.652382082629438e-01,  2.280943481459450e+00,  1.044179560287664e-01, -1.045832548128413e-01
s561        , -5.288135218546878e-01, -1.364535831692770e-01,  1.019168643058485e+01,  0.000000000000000e+00,  7.711295775433959e-02
s562        , -7.943538387030609e-01, -4.311457831210567e-01,  2.580912806436149e+00,  5.679984103282307e-02, -5.147432886835861e-01
s563        , -1.695221398164227e+00, -9.587702485867575e-01,  1.036775784086456e+01,  1.468056192107917e-02, -3.506552591689958e-01
s564        , -8.235878596232101e-01, -6.970787863942874e-01,  4.648764101014637e+00,  0.000000000000000e+00, -3.592644701172215e-01
s565        ,  5.786852470915557e-01,  2.722637403047473e-02,  4.463059182862857e+00,  3.474122546103510e-02, -1.609829035558044e-01
s566        , -8.302212330074121e-01, -3.903600880575070e-01,  3.590901992693579e+00,  5.276450779230949e-02, -4.484693380680164e-01
s567        ,  5.393556498613846e-01,  4.601759358029358e-01,  7.081587480301054e+00,  1.345607279050172e-03,  2.469512132707151e-01
s568        ,  6.041187276553234e-01,  4.446684116192356e-01,  4.232799716117549e+00,  4.227231915358295e-02, -4.152418644233852e-03
s569        ,  5.614800719887970e-01,  6.332167696938835e-01,  5.111949892038917e+00,  3.470090739433037e-02,  1.391434869236994e-01
s570        ,  4.733969246303092e-01, -4.093000373322839e-01,  1.089721702072879e+01,  0.000000000000000e+00, -2.588467587515135e-02
s571        ,  5.730080514530493e-01,  4.613497172059164e-01,  3.150818066867582e+00,  6.648199445983378e-02, -1.213943231165224e-01
s572        ,  2.101230454819456e+00,  2.096917381756663e+00,  2.749676920591777e+00,  3.613725656938883e-02,  7.320543134351046e-01
s573        , -3.811463660619586e-01, -9.599581805359612e-01,  9.455321655131453e+00,  0.000000000000000e+00, -3.258623112235846e-01
s574        ,  6.881700420271472e-01,  6.709254983957658e-01,  8.127404636955617e+00,  1.067839381966557e-02,  3.428833695893742e-01
s575        ,  3.262214597255070e-01, -3.999811377177021e-01,  1.533609298927724e+01,  0.000000000000000e+00,  1.210751988177379e-01
s576        , -9.238693298049331e-01, -8.580255850256839e-01,  1.076130818438354e+01,  0.000000000000000e+00, -2.369368944558732e-01
s577        , -6.565756372879821e-01,  2.126999742804128e-02,  6.289804329817410e+00,  0.000000000000000e+00,  2.435247922641876e-02
s578        ,  6.712394147332970e-01,  8.546354338152344e-01,  6.279431497513427e+00,  1.037886485701844e-01,  2.138973551477609e-02
s579        ,  5.839122855740916e-01,  2.811316546782575e-01,  4.106584900211820e+00,  4.789201183431953e-02, -1.044605768137532e-01
s580        ,  8.930567879170550e-01,  4.265167342313936e-01,  9.109278406523922e+00,  0.000000000000000e+00,  3.016293078151291e-01
s581        ,  2.904861379712105e-01,  2.535792565444226e-01,  5.845697377991324e+00,  2.882100192984188e-03,  1.063487420962035e-01
s582        ,  1.328044708555014e+00,  2.170547364694707e-01,  7.727665399220006e+00,  0.000000000000000e+00,  1.607449243504229e-01
s583        , -1.299353843688629e-01,  1.789950803231109e-01,  1.743693725188936e+00,  3.949906864157511e-02, -1.961964247135041e-01
s584        ,  3.159094534140010e-01,  6.900720970542324e-01,  3.514382057937028e+00,  2.534402221941674e-02,  1.488269828141616e-01
s585        ,  6.465779848987863e-01,  1.412948726209651e+00,  2.801489455486913e+00,  2.802386008159596e-02,  4.488940019537037e-01
s586        , -1.841977151216957e+00, -2.081349324845561e+00,  1.579314432735913e+01,  0.000000000000000e+00, -6.386771038796462e-01
s587        , -1.519059721495913e+00, -1.604099146350326e+00,  3.898706404232219e+00,  0.000000000000000e+00, -8.011473930584506e-01
s588        ,  9.387912361205542e-01, -1.158751713572159e-02,  8.581960651442964e+00,  0.000000000000000e+00,  8.288921605910521e-02
s589        ,  7.816518315318011e-01,  4.455305371822229e-01,  4.705875165591412e+00,  4.890409037103352e-02, -1.324528529999071e-02
s590        ,  1.602915956175816e+00,  4.676713182924134e-01,  7.441167507739593e+00,  0.000000000000000e+00,  2.669713350111876e-01
s591        ,  6.259814475720535e-01,  5.265362090082316e-01,  4.201234282808173e+00,  6.361814761262977e-02, -4.694424672227841e-02
s592        , -1.866544971407417e+00, -1.947228560608474e+00,  5.146941549605295e+00,  0.000000000000000e+00, -9.190747432805035e-01
s593        , -1.403474560349544e+00, -2.230351913636563e-01,  9.826056730336251e+00,  0.000000000000000e+00,  2.548175398899627e-02
s594        , -1.647273275131083e+00, -1.055523971808316e+00,  8.456039369163721e+00,  2.048707294552170e-02, -4.782855828709874e-01
s595        , -6.257274702470922e-01,  9.174021156237129e-01,  4.189295450715765e+00,  0.000000000000000e+00,  3.696016979166275e-01
s596        , -8.694069998626694e-01, -4.847270554297858e-01,  8.864191034081895e+00,  0.000000000000000e+00, -1.259689523653494e-01
s597        ,  1.839102866755815e+00,  1.201064515383986e-01,  8.951958096355416e+00,  0.000000000000000e+00,  1.554396607203774e-01
s598        , -9.091043104888928e-01,  1.449287702246999e-01,  7.319409751661921e+00,  0.000000000000000e+00,  1.144020052702582e-01
s599        ,  1.564046405735407e+00,  1.416467181377186e+00,  3.346250580830843e+00,  8.670035660552895e-03,  5.400916336810985e-01
s600        ,  2.905731218387105e-01, -8.408099892838206e-01,  9.694248890254238e+00,  3.334993668605230e-03, -2.757217084745150e-01
s601        ,  3.859556967138555e-01, -1.008943591412822e-01,  7.701345170277984e+00,  0.000000000000000e+00,  1.345087724735589e-02
s602        , -1.440073457507333e+00, -6.250726081543072e-01,  6.782616755883456e+00,  0.000000000000000e+00, -2.575152238454223e-01
s603        , -1.400421335117203e+00, -1.436635235779608e+00,  1.137740951077810e+01,  0.000000000000000e+00, -4.836440755388829e-01
s604        , -1.410598066968925e+00, -6.262272888209095e-01,  7.087527955757793e+00,  0.000000000000000e+00, -2.482470826815245e-01
s605        , -1.621387133323043e-01, -6.281411980810117e-01,  1.201086542357610e+01,  0.000000000000000e+00, -9.089024509989961e-02
s606        , -9.979698047533583e-01, -3.707651293100108e-01,  1.593969904651208e+01,  0.000000000000000e+00,  1.539323445413844e-01
s607        ,  8.102904644198852e-01,  7.365405472544889e-02,  9.818526847928128e+00,  0.000000000000000e+00,  1.618955057671534e-01
s608        ,  6.515689709358394e-01,  5.441362274537662e-01,  6.009221451991565e+00,  3.206253959951478e-02,  1.367760425682590e-01
s609        ,  1.387300347613353e-02, -4.887981408777756e-01,  5.315320967459269e+00,  0.000000000000000e+00, -2.419064619598567e-01
s610        ,  1.548918422462740e-02,  5.155858155007575e-01,  7.726539126390563e+00,  7.539851832999833e-02,  1.745018331370052e-02
s611        ,  1.874583079024923e-01,  3.103127431162704e-01,  8.493234313757080e+00,  5.014975521555756e-02,  4.156208783826161e-02
s612        , -6.619121708260401e-01, -1.264459914049697e-01,  6.820224127582630e+00,  0.000000000000000e+00, -2.663791073559004e-02
s613        ,  1.853178585757171e+00,  1.126631420046480e+00,  2.919910755081476e+00,  0.000000000000000e+00,  4.251745855565535e-01
s614        , -3.191525488535212e-01, -3.884687371317302e-02,  6.305491043059932e+00,  2.111414836459610e-02, -8.145640456521293e-02
s615        , -1.037736039722638e-01, -2.989389956489816e-01,  8.197793871870724e+00,  0.000000000000000e+00, -6.181285346443013e-02
s616        , -8.799864633294985e-01, -1.250649201470667e+00,  4.925968082108871e+00,  0.000000000000000e+00, -6.053308408001282e-01
s617        , -1.183843594802837e+00, -9.223305207842289e-01,  9.048915114232665e+00,  0.000000000000000e+00, -3.215930204290554e-01
s618        , -1.123650075268739e+00, -1.354229291102913e+00,  4.673648897005265e+00,  8.582033854451732e-02, -9.807202896832059e-01
s619        ,  9.176659138352715e-01,  3.858147452870966e-01,  6.142267704546541e+00,  0.000000000000000e+00,  1.875207522270770e-01
s620        ,  1.595155267894712e+00,  9.288596601522114e-01,  5.111553141321094e+00,  0.000000000000000e+00,  4.045208671521352e-01
s621        ,  1.133359360912494e+00,  3.821645093291978e-01,  6.083716239910240e+00,  7.197692746517014e-03,  1.571554104327193e-01
s622        , -1.002419121282031e+00,  7.989475895108233e-04,  8.291815313349581e+00,  0.000000000000000e+00,  7.926904285790604e-02
s623        ,  1.034471969936265e-01, -3.183026603629807e-01,  3.566605429885391e+00,  0.000000000000000e+00, -2.195803842432596e-01
s624        ,  1.639327811745190e+00,  6.537247643848842e-01,  5.884192011367396e+00,  0.000000000000000e+00,  3.026260637010819e-01
s625        , -4.972654620844768e-01,  2.628149682597124e-01,  8.432276182934586e+00,  3.031298467522824e-02,  9.159177532965777e-02
s626        ,  3.826916613216537e-01,  6.892953389985136e-02,  3.141487658312472e+00,  5.066218649952460e-04, -5.677032484897192e-02
s627        ,  3.687647283893495e-01, -8.739428909299152e-02,  6.418690464865216e+00,  3.242431620809999e-02, -1.422950273162382e-01
s628        , -2.769187143037049e-02,  1.011748350932486e+00,  4.441839598862050e+00,  0.000000000000000e+00,  4.211746842340966e-01
s629        , -6.084255915863079e-01, -1.489628245461150e+00,  3.987841568786801e+00,  0.000000000000000e+00, -7.455569801781489e-01
s630        ,  2.575662011885660e-01,  4.682787422230624e-01,  7.560099933913292e+00,  9.202526715101018e-02, -7.160228896136690e-02
s631        ,  1.966623425207500e-01,  1.123933207422904e-01,  7.555147933803253e+00,  0.000000000000000e+00,  1.069928369634124e-01
s632        , -1.969402937452175e-01,  3.050934120514264e-01,  3.465772957014702e+00,  1.721561412642839e-03,  5.790590661324167e-02
s633        ,  2.667860134858853e+00,  8.980256929239075e-01,  3.357991317648978e+00,  0.000000000000000e+00,  3.339583649831833e-01
s634        ,  6.040142711820374e-01,  6.642531540060185e-01,  1.598533429194621e+00,  4.595787957673630e-02, -1.401709972881986e-03
s635        ,  1.911892919802316e+00,  1.025430914134934e+00,  2.585393119455372e+00,  0.000000000000000e+00,  3.678098394938721e-01
s636        , -2.071432026808114e-01, -7.304116754334985e-01,  9.921041255541441e+00,  1.463923716433823e-02, -2.596765624882784e-01
s637        , -3.698619835175476e-01, -4.495458704597645e-01,  4.517590299056217e+00,  0.000000000000000e+00, -2.494662137217126e-01
s638        ,  1.470155794820396e-01,  6.472298569070557e-01,  5.796676171032336e+00,  0.000000000000000e+00,  2.968216936226257e-01
s639        ,  1.040284966432418e-01, -4.503047752393207e-01,  5.558868271751754e+00,  0.000000000000000e+00, -2.163486018078643e-01
s640        , -7.663785491668940e-02,  1.445929626463640e-01,  4.347085505137960e+00,  3.654967281380131e-02, -1.173851691683181e-01
s641        ,  1.396787091256106e+00,  9.858758414495944e-01,  5.128436705042443e+00,  2.873685030850434e-02,  3.243174343009834e-01
s642        ,  1.137451761223006e+00,  4.919291336455916e-01,  6.074734685724524e+00,  0.000000000000000e+00,  2.342267464291123e-01
s643        ,  6.186651151125386e-02,  1.070353015897671e-01,  9.234922065909277e+00,  3.401617942441265e-02,  3.184706603918112e-02
s644        , -1.171820789178678e+00, -5.235750519855419e-01,  8.053021653529859e+00,  0.000000000000000e+00, -1.699337976480564e-01
s645        ,  4.823756822475945e-01,  1.260936584027117e-01,  4.458851121682293e+00,  2.965561224489796e-02, -9.664226979340385e-02
s646        ,  8.205150420430785e-01,  8.770934419651496e-01,  5.125997992921781e+00,  0.000000000000000e+00,  3.811414894380605e-01
s647        ,  3.518506790799084e-01,  2.787807922209710e-01,  3.663896860127900e+00,  0.000000000000000e+00,  5.856465321334337e-02
s648        ,  4.210663223398269e-02,  7.318194189692424e-01,  8.802459545877086e+00,  0.000000000000000e+00,  4.323911407843878e-01
s649        ,  5.870347574891154e-01,  1.191200182073597e+00,  4.752883335891873e+00,  0.000000000000000e+00,  5.138277128840482e-01
s650        , -7.940906852652418e-01, -1.077412581235416e+00,  1.125812147680333e+01,  0.000000000000000e+00, -3.220192482080121e-01
s651        ,  1.648126188438620e+00,  1.696023329909770e+00,  5.075895685783711e+00,  0.000000000000000e+00,  7.567322134444270e-01
s652        ,  2.998843396621518e+00,  9.396484062617807e-01,  4.149384293734622e+00,  0.000000000000000e+00,  3.785656283843374e-01
s653        ,  4.493206753989470e-01,  4.681873077876088e-01,  8.577637937896812e+00,  5.495395136486417e-02,  9.910279505737264e-02
s654        ,  8.907143716152748e-01,  3.694883477607344e-01,  7.919846331317804e+00,  0.000000000000000e+00,  2.371329906608685e-01
s655        ,  3.986925365877028e-01,  8.087190027607053e-01,  6.336440304911653e+00,  7.478176745665414e-02,  1.100861931420497e-01
s656        ,  8.200524881394200e-01,  8.787736295119342e-01,  4.644838431290024e+00,  3.440455927380517e-02,  2.383378885953499e-01
s657        ,  2.253026077099693e-01,  1.146473713278552e-01,  4.044881789274279e+00,  0.000000000000000e+00, -4.790551805296138e-03
s658        , -2.085098433395276e+00, -1.968964959181233e+00,  1.933896933307315e+00,  6.564463445624020e-03, -1.056799546139418e+00
s659        , -3.565026754081164e-01, -2.827081144230883e-01,  2.778361213541663e+00,  1.533557165962601e-02, -2.856253052735824e-01
s660        ,  9.769972243844465e-01,  3.046449481252599e-01,  4.710855141442455e+00,  0.000000000000000e+00,  1.041274774008898e-01
s661        ,  7.549182821078514e-01,  9.833553123415320e-01,  4.474460216816265e+00,  0.000000000000000e+00,  4.091452258140182e-01
s662        , -2.199791631405239e+00, -1.914968063809246e+00,  2.119155333173238e+00,  4.220609834389236e-02, -1.158693478602393e+00
s663        ,  6.537369904412299e-01,  1.224561692243793e+00,  4.247044815821888e+00,  4.553309041714506e-02,  3.433839223176651e-01
s664        , -1.032617581813699e+00, -1.295227319581600e+00,  4.163586771489691e+00,  0.000000000000000e+00, -6.503669219889783e-01
s665        , -1.725197455699346e-01,  7.808459410297517e-01,  6.818964910818231e+00,  8.004326663061115e-02,  9.316403563922424e-02
s666        , -9.556704567146264e-01, -1.902129422475183e-01,  4.271150258094580e+00,  0.000000000000000e+00, -1.379375551661375e-01
s667        , -1.074909955617834e+00, -4.583514182562460e-01,  1.187507783657954e+01,  0.000000000000000e+00, -1.704894958756056e-02
s668        ,  8.157451056201823e-01,  4.323735489163670e-01,  6.005759943968687e+00,  0.000000000000000e+00,  2.045784230520016e-01
s669        ,  8.201013628253863e-01,  3.328965717604522e-01,  4.826134488826061e+00,  0.000000000000000e+00,  1.208453744138081e-01
s670        , -8.377594254676490e-01, -6.922415144188128e-01,  4.185137182299822e+00,  1.037104440799320e-01, -7.581258272233244e-01
s671        , -5.700208727194026e-01, -2.676610279759691e-01,  1.424635117912569e+01,  0.000000000000000e+00,  1.469973372710656e-01
s672        , -7.390594172975108e-01, -2.333743184166533e-01,  9.985401779616542e+00,  0.000000000000000e+00,  2.584095276084768e-02
s673        ,  5.527317739358688e-01,  3.294615117207054e-01,  1.586381533180756e+00,  1.014741375291595e-02, -2.265009640023701e-02
s674        , -1.509604783948018e-01,  2.902370028053992e-01,  4.102254624473238e+00,  6.410109658661661e-02, -1.607638354987853e-01
s675        , -7.328015214360989e-01, -6.980628964651835e-01,  5.579182613211808e+00,  4.039256198347107e-02, -4.802240883564981e-01
s676        ,  2.481079887957650e-01,  2.869164795408280e-01,  8.457686316858963e+00,  2.487540049839801e-02,  1.237577004775017e-01
s677        , -1.497784796529649e+00, -1.373783894638282e+00,  8.735102208048515e+00,  2.389053254437870e-02, -6.285811584391134e-01
s678        , -6.955981656855925e-02, -1.726580553837686e-01,  9.061275864756404e+00,  4.850591498860197e-03,  6.042939103493017e-03
s679        ,  6.295281558129772e-01,  4.588259004390641e-01,  5.775125109312083e+00,  5.485051997933559e-02,  5.101973533551589e-03
s680        , -5.120635862296855e-01,  1.861832941381517e-01,  2.692796629904874e+00,  1.083256832144623e-01, -4.186716594404732e-01
s681        , -4.577628444983341e-01, -6.105861964968073e-01,  8.193489767270947e+00,  0.000000000000000e+00, -2.054966243703789e-01
s682        ,  1.425186289801849e+00,  3.847980644761727e-01,  3.753716311224880e+00,  4.398868360490824e-02, -5.351806179656131e-02
s683        , -8.653733268557260e-01, -2.852281646434994e-02,  9.631305949395358e+00,  3.700361467802037e-02, -2.897571762199416e-02
s684        ,  6.149991181690390e-01,  1.568769404503836e+00,  3.282812831535057e+00,  4.506969067169216e-02,  4.726615037030936e-01
s685        ,  1.739338045322250e+00,  6.773841369311168e-01,  6.248288142949133e+00,  7.315951431052323e-02,  5.280060225594703e-02
s686        ,  9.590771410105176e-01,  1.782072382200310e-01,  3.575206402475787e+00,  8.707078296572246e-03, -2.303300162660630e-02
s687        ,  5.412604899045221e-01,  4.091498751199791e-01,  5.910938010389735e+00,  0.000000000000000e+00,  1.908339225107595e-01
s688        , -1.405336687520458e+00, -6.134987663799985e-01,  1.271471554874515e+01,  4.737945692927448e-03, -7.916659515223905e-02
s689        ,  3.354058241185732e-01,  2.155388012187706e-01,  6.347649769198407e+00,  9.070294784580497e-03,  8.191712688582783e-02
s690        , -6.091694712828630e-01, -1.289705028613031e+00,  1.563017928457763e+01,  0.000000000000000e+00, -2.792816492651237e-01
s691        , -6.034950511663356e-01, -6.481335726064841e-01,  8.148137464698806e+00,  3.896403227421944e-02, -3.693396646053023e-01
s692        , -9.120972373870817e-01, -1.006310014284384e+00,  9.116969803001707e+00,  0.000000000000000e+00, -3.580868631911706e-01
s693        , -4.067329829645623e-01, -2.156435609699048e-01,  5.548583143160769e+00,  2.882347803301598e-02, -2.159241055600694e-01
s694        , -7.579589601320627e-01,  6.404207601175282e-01,  5.795090263616586e+00,  0.000000000000000e+00,  2.936344357866238e-01
s695        ,  1.455973696410247e+00,  1.403739773289398e+00,  4.869475438323337e+00,  2.327171919522526e-02,  5.288140040674620e-01
s696        , -6.516257166940767e-01,  8.397687835485856e-02,  9.434209060727028e+00,  0.000000000000000e+00,  1.542980676770805e-01
s697        ,  7.238448013551266e-01,  6.395056372109467e-01,  2.723870055726493e+00,  7.074202229911572e-02, -6.892073044456436e-02
s698        ,  1.662019888207613e+00,  1.248328164564706e+00,  6.464547376054305e+00,  2.167484578267808e-02,  5.144437183512894e-01
s699        , -1.247862087380916e+00, -1.055528751715568e+00,  4.324752707904770e+00,  3.248149222926547e-02, -6.557330962703735e-01
s700        , -1.114444246482743e+00, -1.637822221640004e+00,  8.241888359002449e+00,  0.000000000000000e+00, -6.770884041581505e-01
s701        , -4.217745973052512e-01, -7.758175387673832e-01,  1.075266510485057e+01,  0.000000000000000e+00, -1.993494673198820e-01
s702        , -8.481384521188839e-01, -6.833226420743563e-01,  9.884360420296302e+00,  0.000000000000000e+00, -1.846538221503232e-01
s703        , -9.416435374285391e-01,  2.038183276349462e-01,  9.895634139598156e+00,  0.000000000000000e+00,  2.243277412653178e-01
s704        ,  9.487448855648490e-01,  8.348867830720349e-01,  3.963843650847381e+00,  8.476898542260955e-02,  8.693196530371086e-03
s705        , -2.365138337942842e-01, -1.423819882540159e-01,  6.297012870912464e+00,  0.000000000000000e+00, -5.079432503281813e-02
s706        ,  5.583280652770263e-01,  8.273945382890200e-01,  5.629202311952912e+00,  4.033051690136513e-02,  2.242438950520107e-01
s707        ,  9.205089121966433e-01,  6.569993854368100e-01,  6.775297929559309e+00,  9.205895956081964e-02, -1.002648366511926e-02
s708        ,  1.060945132046508e+00, -3.873065916567183e-02,  7.487189994941470e+00,  1.110953843673045e-02, -6.168189200376283e-03
s709        ,  1.331106470481227e+00,  8.036299708909593e-01,  4.311052122513853e+00,  7.272817865074271e-02,  5.029222271536311e-02
s710        ,  1.914467968020750e-01,  4.389281274360183e-01,  6.404322653092641e+00,  0.000000000000000e+00,  2.204074708455642e-01
s711        , -7.721035544159953e-02,  2.636756056020423e-01,  7.485972562205764e+00,  0.000000000000000e+00,  1.744504847168940e-01
s712        , -1.414340169349908e+00, -9.631572294999171e-01,  3.885264693999221e+00,  4.440509223295111e-02, -6.717120063406427e-01
s713        ,  5.574707555573186e-01,  5.953870693198845e-01,  1.641471484207547e+00,  1.317554640211873e-02,  9.033055331725573e-02
s714        , -1.685969281548289e+00, -1.541364003718160e+00,  2.529924402157822e+00,  5.761316872427983e-02, -1.030779809384298e+00
s715        , -2.519985050786606e-01, -2.823503114871607e-01,  5.023536572303971e+00,  1.180174418522942e-02, -2.001405357510651e-01
s716        , -1.286737305127487e+00, -9.814280613290481e-01,  4.146932889509758e+00,  0.000000000000000e+00, -5.063655079473075e-01
s717        ,  3.452976089232733e-01,  2.739622623254749e-01,  5.761723115652173e+00,  3.882448870740152e-02, -2.080101289306826e-02
s718        ,  1.123110480867275e+00,  1.129913136434449e+00,  6.626899572882675e+00,  0.000000000000000e+00,  5.458305211543122e-01
s719        ,  6.888993521047061e-01,  7.485935436825784e-01,  7.062887999858606e+00,  3.832247628336487e-02,  2.415046783484691e-01
s720        ,  7.093644696892669e-01,  1.516100843700235e-01,  8.755662003558864e+00,  0.000000000000000e+00,  1.636412592044165e-01
s721        , -7.747236109533535e-01, -8.473498036118312e-01,  5.926964298011502e+00,  7.561436672967864e-02, -6.689641159466907e-01
s722        ,  3.328206388143558e-02,  2.377211462326214e-01,  7.450393388687402e+00,  9.529837573004163e-03,  1.258658606060752e-01
s723        ,  9.358910152584168e-02,  6.741882430679853e-01,  8.450387380828884e+00,  3.119792177237526e-02,  2.783581230226714e-01
s724        , -2.029371048190847e-01,  7.812078252228756e-01,  5.373326864751174e+00,  1.237593128882949e-02,  2.988411631353999e-01
s725        , -2.472238890656029e-01, -4.321525564555706e-01,  1.179493463677444e+01,  0.000000000000000e+00, -7.557532365042459e-03
s726        , -1.287360963264701e+00, -1.245806492059200e+00,  8.525542214756351e+00,  0.000000000000000e+00, -4.874082667894815e-01
s727        ,  1.020824855481523e+00, -1.301249702364425e-01,  6.297106951436811e+00,  1.092500954113062e-02, -8.582732144017202e-02
s728        ,  1.643163575608417e-01,  6.908270953265254e-01,  5.286660302470961e+00,  0.000000000000000e+00,  3.005105337493040e-01
s729        , -1.007289241750789e+00, -3.851634927452031e-01,  9.219630862683928e+00,  0.000000000000000e+00, -6.868573705780950e-02
s730        , -4.777207265671770e-02,  1.482481746312689e-01,  3.996515582667026e+00,  3.705816211641799e-02, -1.288625222922289e-01
s731        , -1.404307349772385e+00, -4.905461341541423e-01,  8.340804096853953e+00,  0.000000000000000e+00, -1.454711367948080e-01
s732        , -8.950540078294739e-01, -5.198809742092222e-01,  1.918533291637698e+00,  2.208650018235798e-02, -4.476414980690215e-01
s733        ,  7.802433523350311e-01,  9.782828251365716e-02,  1.037784258935306e+01,  0.000000000000000e+00,  1.910068838158412e-01
s734        , -3.943979845876157e-01, -3.798742403209170e-01,  6.675148771317175e+00,  1.387646647046851e-02, -1.997023682809290e-01
s735        ,  2.101468865327815e-01,  3.876246063143035e-01,  4.114595926726538e+00,  0.000000000000000e+00,  1.231840510298399e-01
s736        , -9.765048604112493e-01, -5.680714449519041e-01,  9.062197090672528e+00,  0.000000000000000e+00, -1.579935664752752e-01
s737        ,  1.458335451821299e-01,  2.684914220552911e-01,  7.688874662631651e+00,  0.000000000000000e+00,  1.831900303438244e-01
s738        , -6.859666936017034e-01, -4.971503708195799e-01,  5.260238964020873e+00,  6.974506195999765e-02, -5.072346754709852e-01
s739        , -4.324785166901873e-01,  1.254200905320708e-01,  7.793847632047194e+00,  1.926182539283599e-02,  4.893935352599992e-02
s740        , -8.464136206988212e-01, -5.229234415244565e-01,  4.199758026637296e+00,  6.868896118001858e-03, -3.190571925881117e-01
s741        ,  7.826811446288888e-01,  9.841558937242485e-01,  2.427498696715942e+00,  7.495069033530573e-02,  6.462859039595104e-02
s742        , -1.076711651730049e+00, -1.233258538607282e+00,  1.109948431928395e+01,  0.000000000000000e+00, -3.989009364241800e-01
s743        ,  1.126163901269626e+00, -4.809443092975281e-01,  2.785693558291317e+00,  1.294260204081633e-01, -8.015381150354803e-01
s744        ,  4.575225784544250e-01,  3.758867807927695e-01,  7.071828750943050e+00,  2.734203953520177e-02,  1.110104519664710e-01
s745        ,  6.120442964942220e-02,  8.496968727862361e-01,  4.382346261518760e+00,  6.037918125830215e-03,  3.221377560386325e-01
s746        , -7.321682226189938e-01, -6.137245257076420e-01,  6.611506403061076e+00,  0.000000000000000e+00, -2.577878377917193e-01
s747        ,  3.433900501625798e-01,  2.814668655510185e-01,  6.098185653113465e+00,  0.000000000000000e+00,  1.380410550483872e-01
s748        ,  1.070072189769298e+00,  7.258419093924418e-01,  3.580805736559664e+00,  4.787100025195263e-02,  8.355346506647976e-02
s749        , -3.065637698166305e-01,  4.664954400100754e-01,  7.269458100333539e+00,  0.000000000000000e+00,  2.609109013496521e-01
s750        ,  5.825873454256546e-01, -1.583681565573797e-01,  1.038458886089595e+01,  1.001309066186572e-02,  3.593312396930638e-02
s751        ,  1.285276821036511e+00,  3.651465000947842e-01,  6.556696039324871e+00,  7.401406823782547e-02, -8.428652966476854e-02
s752        , -1.346601886455474e+00, -1.237089005171760e+00,  6.691570467967164e+00,  3.926534087637615e-03, -5.569589862265002e-01
s753        ,  1.060914810725354e+00,  9.542539902652531e-01,  5.482564143670721e+00,  4.540246674023968e-02,  2.590761374271739e-01
s754        , -2.988071870667106e-01,  1.455617061718644e-01,  4.485862281886128e+00,  1.220930232558139e-01, -4.310177454785474e-01
s755        ,  3.446486458262937e-01,  3.296572344715244e-01,  6.635534897734342e+00,  0.000000000000000e+00,  1.775083107153142e-01
s756        ,  7.815527627219405e-01,  9.726447655418023e-01,  3.458396488247688e+00,  1.563842584636536e-01, -2.107753922843912e-01
s757        , -1.199593062238569e-01, -1.782650320898596e-01,  3.813750085883747e+00,  1.775669801889712e-02, -2.132562753868495e-01
s758        , -4.537603905509296e-01, -4.473609450904933e-01,  7.656381115851121e+00,  1.130461996197378e-02, -1.896728073696108e-01
s759        ,  8.887536211540953e-01,  7.126140832736514e-01,  8.673181059668279e+00,  4.743555203846794e-03,  4.017263945181612e-01
s760        , -2.895515595576988e-01, -1.495060725722523e-03,  5.789711147232678e+00,  2.007331345849539e-03, -9.681122610290430e-03
s761        ,  1.508586595387194e+00,  1.128587626445277e+00,  4.143688118569154e+00,  3.599951333622830e-02,  3.313564409099525e-01
s762        , -1.358921391484776e+00, -1.770930211069466e+00,  3.867263029405565e+00,  0.000000000000000e+00, -8.790007794230502e-01
s763        ,  6.364126482871526e-01,  9.301783141668536e-01,  4.797970238534474e+00,  1.239409722222222e-01, -6.647142723780698e-02
s764        , -9.313282224456001e-01, -2.604517966830930e-01,  1.040364581338153e+01,  0.000000000000000e+00,  2.681156301956052e-02
s765        ,  1.388135281387673e-01,  6.104247633888243e-01,  5.554678377876289e+00,  6.485260770975057e-02,  3.059857206810402e-02
s766        , -5.439787958329916e-01, -5.437202900902931e-01,  1.053070636820524e+01,  0.000000000000000e+00, -9.957878625640948e-02
s767        , -9.653950427427375e-02, -2.797574187846248e-01,  1.196697942677184e+01,  0.000000000000000e+00,  6.816562779933469e-02
s768        ,  5.676322320535289e-02,  6.162804188006823e-01,  6.272132694952491e+00,  0.000000000000000e+00,  2.978477064790669e-01
s769        ,  2.392616163662374e+00,  8.390850393485985e-01,  4.152353815739848e+00,  0.000000000000000e+00,  3.323413464941070e-01
s770        ,  2.218993464697082e+00,  7.812143708003922e-01,  1.751907219090575e+00,  5.506678720895911e-02,  2.348142395361269e-02
s771        , -1.301691995085942e+00, -7.568684668844802e-01,  9.566904670524279e+00,  0.000000000000000e+00, -2.287323798831117e-01
s772        ,  5.381680992613423e-01,  4.816254848116637e-01,  3.668100916252466e+00,  4.595137731594941e-02, -1.897935679549575e-02
s773        ,  3.401653127948082e-01,  5.612520189268753e-01,  6.903410265291722e+00,  1.278424139894046e-02,  2.451861719725441e-01
s774        ,  1.961582265617426e+00,  8.458329006316641e-01,  5.588197798121397e+00,  0.000000000000000e+00,  3.815981302218774e-01
s775        ,  1.370640331855435e-01, -7.993247710905602e-02,  9.629013937469153e+00,  0.000000000000000e+00,  8.506215301225575e-02
s776        , -1.362945069319552e+00, -9.249198730718606e-01,  1.133164482482237e+01,  0.000000000000000e+00, -2.494176724654532e-01
s777        , -3.352331847361073e-01,  7.676990740249356e-02,  1.024982858086596e+01,  8.626784682067620e-04,  1.739805464892241e-01
s778        ,  1.725306869739156e-02,  1.793202115705890e-01,  3.251757538280329e+00,  3.144944065616734e-02, -1.176022585442174e-01
s779        ,  1.449489553403749e+00,  1.461476796969444e-02,  8.455274529299018e+00,  0.000000000000000e+00,  9.088629858424227e-02
s780        ,  4.890100260675969e-01,  5.631717014285494e-01,  4.644208087676508e+00,  1.068529409333386e-01, -1.768265522377230e-01
s781        , -1.480324044989625e+00, -7.309509351688124e-01,  7.342524260610772e+00,  0.000000000000000e+00, -2.882873393920062e-01
s782        ,  4.189986042737073e-03, -6.257057163236562e-02,  9.152912977591450e+00,  0.000000000000000e+00,  7.775697813857523e-02
s783        , -6.272127818216120e-01,  3.021616703020638e-02,  8.421583319819298e+00,  0.000000000000000e+00,  9.698948838273801e-02
s784        , -7.567615030290812e-01, -8.446053821214420e-01,  1.737077619806425e+01,  0.000000000000000e+00, -1.832409754361906e-02
s785        , -5.703210531845893e-01, -2.442234970324794e-01,  7.241966274683757e+00,  0.000000000000000e+00, -6.733151575657262e-02
s786        , -8.599325133308396e-02,  8.333033892075994e-02,  7.408122364938738e+00,  0.000000000000000e+00,  8.888088792429556e-02
s787        ,  2.785466688170735e-01, -1.063337233228118e-01,  1.417394705733371e+00,  2.782514221239513e-02, -2.946365630304890e-01
s788        , -2.115784691919650e-01, -1.387122254060672e-01,  8.305139373247556e+00,  0.000000000000000e+00,  1.543810945719675e-02
s789        ,  5.205927430670391e-01,  1.250364658603016e+00,  2.057629705891050e+00,  0.000000000000000e+00,  4.544522870683383e-01
s790        ,  2.374718073624741e-01,  1.236121197940642e+00,  3.268543117175975e+00,  0.000000000000000e+00,  4.868110437910358e-01
s791        , -1.870737338196531e-01, -4.986907742921189e-01,  5.072900062850867e+00,  4.237465213186918e-03, -2.700336709767921e-01
s792        ,  3.003547556082288e-01,  4.860083399108921e-01,  7.549743208751712e+00,  4.661623467316894e-02,  1.053214710502439e-01
s793        , -5.143092658197446e-01, -3.669915378528408e-01,  1.051966626522009e+01,  0.000000000000000e+00, -1.853194071939963e-02
s794        , -1.010636071412045e+00,  6.423440596895597e-02,  7.634974283297743e+00,  0.000000000000000e+00,  8.737638388518135e-02
s795        ,  7.888417803219110e-01,  4.351037889330203e-01,  2.651162012792307e+00,  6.862479234121235e-03,  7.246369513026356e-02
s796        , -5.465110200553928e-01, -3.881565909583288e-01,  3.399699090143200e+00,  7.264526396981728e-03, -2.841707500899848e-01
s797        , -1.192872691111335e+00, -4.854051939652567e-01,  9.651199310689814e+00,  2.827109666824521e-02, -2.062600190686497e-01
s798        , -5.479719952294668e-01,  2.613753579399969e-02,  5.033307701813570e+00,  1.251056635672020e-01, -4.796478622610726e-01
s799        , -1.767142590180783e+00,  5.104203960135942e-02,  8.106683411690854e+00,  0.000000000000000e+00,  9.646090276030876e-02
s800        ,  8.963412972756590e-01,  7.454609320142581e-01,  3.963840404240481e+00,  0.000000000000000e+00,  2.831589521039786e-01
s801        , -1.947046181282547e-01,  6.136727388836551e-01,  7.705146589595161e+00,  0.000000000000000e+00,  3.427043455333851e-01
s802        ,  1.600748538223649e+00,  1.327655244279362e+00,  3.868096592421391e+00,  4.767076327461715e-02,  3.707293942364281e-01
s803        ,  6.740572620180488e-01,  1.117416671831224e+00,  4.221451505286688e+00,  3.092374355504920e-02,  3.476111493929415e-01
s804        , -1.928070676221089e+00, -1.388727950362385e+00,  1.200874360017993e+00,  1.273309871879174e-02, -8.360709492858120e-01
s805        , -3.708716392635017e-01, -2.623223693345034e-01,  1.140558867374332e+01,  0.000000000000000e+00,  5.815288902662056e-02
s806        ,  7.676901054132433e-01,  9.751507341233067e-01,  5.179935693010978e+00,  5.175287563786000e-02,  2.353274872275380e-01
s807        , -3.131290990966100e-01,  2.941585761671905e-01,  6.692186013024676e+00,  6.047286155169564e-02, -6.220541656023005e-02
s808        ,  9.833675917069939e-01, -6.574277408408971e-02,  9.758751746251242e+00,  0.000000000000000e+00,  9.576779803193010e-02
s809        ,  5.790963636372375e-01,  6.324975156864616e-01,  2.652208546895088e+00,  6.499114821615808e-02, -5.303730125100469e-02
s810        ,  1.050626461500014e+00,  6.904970336004286e-01,  6.564171537707044e+00,  7.147173307609285e-02,  7.527789246845555e-02
s811        ,  5.249115464039674e-01,  7.721821480887135e-01,  7.200939586544070e+00,  1.252905448859136e-02,  3.528540627075399e-01
s812        ,  1.605931526374292e+00,  1.124010322517805e+00,  4.624155968966956e+00,  4.535323946989186e-02,  3.098599687076472e-01
s813        ,  9.497331683917801e-01,  3.777551976867218e-01,  7.286660823177995e+00,  0.000000000000000e+00,  2.205898402900547e-01
s814        , -7.865406237894391e-01, -7.915618554236108e-01,  1.694651661881566e+01,  0.000000000000000e+00, -7.528027188169923e-03
s815        , -2.660810322736745e-01,  1.687367534895585e-01,  7.509922966329419e+00,  0.000000000000000e+00,  1.314912030438396e-01
s816        , -9.674450919852262e-01, -1.355101904180592e+00,  8.706297618663227e+00,  0.000000000000000e+00, -5.319404271643307e-01
s817        ,  7.270946209036595e-01,  2.952902251192718e-02,  9.690638935672290e+00,  0.000000000000000e+00,  1.374610341423650e-01
s818        ,  6.532804155454610e-01,  2.798731309493100e-01,  7.236734875535356e+00,  0.000000000000000e+00,  1.739004862311466e-01
s819        ,  8.081292268835972e-01,  1.306698172536118e+00,  2.393927615557765e+00,  0.000000000000000e+00,  4.912084097662380e-01
s820        ,  1.390381735794342e+00,  1.088999324714251e+00,  2.985678820270033e+00,  1.493229166666667e-01, -1.460811464190920e-01
s821        ,  1.516978402347242e+00,  7.149273863334117e-01,  6.965402027688952e+00,  0.000000000000000e+00,  3.655667355269625e-01
s822        ,  3.033561593600319e-01,  3.206585419153915e-01,  8.483852374326036e+00,  1.173964497041420e-01, -2.043817373260251e-01
s823        , -8.238895392622755e-01, -2.812898587747362e-01,  1.059624390819378e+01,  0.000000000000000e+00,  2.340369614685707e-02
s824        ,  2.038981274745353e+00,  1.662160665938571e+00,  2.291095687209836e+00,  7.312145149287174e-03,  6.244018539652663e-01
s825        ,  1.320628175421427e-01,  2.786778885247145e-01,  4.402111602553758e+00,  0.000000000000000e+00,  8.224382558716591e-02
s826        ,  9.525953446348725e-01,  8.817581263497035e-01,  4.012873571965460e+00,  0.000000000000000e+00,  3.475137100731772e-01
s827        , -2.151354450670567e+00, -1.942328046081253e-01,  9.430257481702425e+00,  5.516040063869938e-03,  5.486860615962148e-03
s828        ,  8.438987064828646e-01, -2.868061484866452e-02,  8.041928246590698e+00,  0.000000000000000e+00,  5.765919874023404e-02
s829        , -1.571185202221650e+00, -6.592450277027306e-01,  7.986731895918169e+00,  0.000000000000000e+00, -2.345542921833442e-01
s830        ,  3.133543223982471e-01,  9.143785893217354e-01,  6.122628265639709e+00,  1.101354453627181e-01,  2.023417581770020e-02
s831        , -8.984804340484778e-01,  4.486677493908628e-01,  7.102550926563808e+00,  0.000000000000000e+00,  2.473349497483761e-01
s832        , -1.855362237616736e+00, -1.122510994874774e+00,  1.466842297629375e+01,  0.000000000000000e+00, -2.331829848512800e-01
s833        ,  4.948389352249701e-01,  4.727034591084964e-01,  4.582406855703634e+00,  0.000000000000000e+00,  1.774072350105216e-01
s834        ,  1.120605859544544e+00,  3.558148374066709e-01,  7.703765758365301e+00,  6.610202305757257e-02, -2.225514528493584e-02
s835        , -8.435182612795279e-01, -7.049543964374602e-01,  3.051019020750876e+00,  0.000000000000000e+00, -4.142442752402357e-01
s836        ,  1.128844146448547e+00, -3.863550929581365e-01,  3.789011849535027e+00,  3.611719661759587e-02, -3.782674265661679e-01
s837        , -1.924657877822013e+00, -1.409537209267228e+00,  3.718701459075249e+00,  2.304918373028507e-02, -8.031457619010702e-01
s838        , -1.075095206150813e+00, -1.521365507156428e+00,  9.957166739989583e+00,  0.000000000000000e+00, -5.683183107828605e-01
s839        ,  3.864893622265216e-02,  4.489205952542835e-01,  7.534258263796805e+00,  4.907498433685291e-02,  7.858538986599903e-02
s840        , -1.233908351649846e+00, -4.799894819945940e-01,  1.363841702143668e+01,  0.000000000000000e+00,  2.965906049438802e-02
s841        ,  6.618283364070194e-01,  4.168074073612887e-01,  6.520953529578994e+00,  7.567412624639135e-02, -6.782175956548257e-02
s842        , -1.380664268040651e+00, -1.332048965558849e+00,  9.575204240676511e+00,  4.427332223928575e-03, -5.098812479345501e-01
s843        ,  5.539120810708922e-02, -9.900224902007168e-02,  3.755653594542662e+00,  0.000000000000000e+00, -1.124940009136797e-01
s844        , -2.111176459361614e+00, -1.934672578392488e+00,  3.657386596260504e+00,  1.077934539340260e-02, -1.001305646831863e+00
s845        ,  1.677967143093475e-01, -1.257105720322632e-01,  9.649099579721945e+00,  5.320203220821068e-03,  4.481129140720215e-02
s846        , -1.112697847471129e-01,  1.801367698741133e-01,  8.870832675046877e+00,  0.000000000000000e+00,  1.804823574676469e-01
s847        ,  9.946887487236225e-02,  4.027513335770817e-02,  5.192701243229759e+00,  4.126044397862653e-03, -1.751933819436789e-02
s848        , -1.578942777693122e+00, -1.472032751490278e+00,  6.876945135486679e+00,  0.000000000000000e+00, -6.445953026928009e-01
s849        ,  4.886541057537146e-01,  6.757787218620137e-01,  6.174666417637135e+00,  0.000000000000000e+00,  3.221201529170110e-01
s850        , -1.729847647025637e+00, -1.997895724758028e+00,  3.541265985826017e+00,  0.000000000000000e+00, -9.940193285233785e-01
s851        , -3.749493322034730e-03, -1.843500455054235e-01,  5.599314639991118e+00,  2.077336171677242e-02, -1.699033583637168e-01
s852        , -1.822550475295671e-01, -5.456854295071102e-01,  1.179211417635248e+01,  0.000000000000000e+00, -5.994169210536941e-02
s853        , -7.026997334075608e-02,  6.536900409046227e-01,  6.815848677943454e+00,  5.057050413784765e-02,  1.442437651472237e-01
s854        ,  4.598855993128227e-01,  7.213573687534147e-01,  3.202735123372596e+00,  3.637734032831767e-02,  1.121356312667563e-01
s855        ,  1.247409464273019e-01, -2.898219296481493e-01,  4.861200945314573e+00,  0.000000000000000e+00, -1.648531820112344e-01
s856        , -7.920260931956873e-01, -5.354144652981037e-01,  7.033910402846279e+00,  2.917564501058332e-02, -3.167835884470402e-01
s857        ,  1.951476409171481e+00,  9.594582012505293e-01,  5.901317973867881e+00,  0.000000000000000e+00,  4.439980415453333e-01
s858        ,  5.125085136741685e-01,  2.959742450439296e-01,  9.386511155347822e+00,  0.000000000000000e+00,  2.504115210621482e-01
s859        , -6.666214518700430e-01, -7.991959996396334e-01,  7.262493849963542e+00,  2.913043478260870e-02, -4.307668547722516e-01
s860        ,  6.811400510310224e-02,  5.072140308540023e-01,  8.241883360820603e+00,  7.338547910195428e-02,  3.765351253011547e-02
s861        ,  1.248756919249408e-01,  3.627857555266217e-01,  3.542064439851709e+00,  0.000000000000000e+00,  9.334178576872956e-02
s862        , -4.702662470572295e-01,  2.359666020576629e-01,  4.721688669017369e+00,  0.000000000000000e+00,  7.284226408218150e-02
s863        ,  4.846741731606912e-01,  4.485204479994803e-01,  4.919605164038147e+00,  3.621444425237601e-02,  4.225389447135886e-02
s864        ,  5.444121402657593e-01, -2.132484741213735e-02,  7.683967668893885e+00,  0.000000000000000e+00,  4.954226072423582e-02
s865        ,  6.365198845674543e-01,  1.145344102587520e-01,  1.051412457729992e+01,  0.000000000000000e+00,  2.030819329957569e-01
s866        ,  4.352365441984731e-01,  4.140768947210628e-01,  7.108421589246328e+00,  6.908311354062707e-03,  2.058664177287985e-01
s867        , -5.650365137506241e-02, -2.370509777356019e-01,  3.917513270851572e+00,  9.342532685441220e-03, -2.056662616240090e-01
s868        , -2.338433808137944e+00, -1.942879188860001e+00,  4.568928484663784e+00,  3.320000000000000e-02, -1.059276392373507e+00
s869        , -2.347184475558825e-01,  1.085765208833235e-01,  7.566397985081227e+00,  4.403277931671283e-02, -5.836916790836771e-02
s870        , -8.212819619769498e-01, -4.598175110656973e-01,  1.087035971197549e+01,  7.902661138085023e-03, -7.944361468573835e-02
s871        , -1.570593293706644e-01, -6.728647469045015e-01,  1.264901181953423e+01,  1.844085451710094e-02, -1.596481937643042e-01
s872        ,  5.284306454202828e-01, -4.205634911845101e-01,  1.294072713463914e+01,  0.000000000000000e+00,  3.460672978748736e-02
s873        ,  9.554554102193652e-01,  5.361150260379972e-01,  2.566955557759472e+00,  1.538797496461671e-03,  1.361071519919747e-01
s874        ,  1.539965674145509e+00,  6.329092961002070e-01,  7.456653908061710e+00,  0.000000000000000e+00,  3.435780771031550e-01
s875        ,  6.472677808586434e-01,  1.141883353661232e+00,  4.025582773670529e+00,  3.004867617674325e-02,  3.558437495538427e-01
s876        ,  7.990955642461934e-01,  7.557217074372853e-01,  4.431613793949357e+00,  0.000000000000000e+00,  3.029195468457392e-01
s877        ,  2.414774484401117e-01,  8.286186724865972e-01,  4.908502264447582e+00,  0.000000000000000e+00,  3.518234810971337e-01
s878        , -5.588324756467096e-01, -7.435555098924300e-01,  7.506214922470825e+00,  0.000000000000000e+00, -2.888319411163906e-01
s879        , -1.108097718569436e+00, -1.109122931686258e+00,  4.292338789915183e+00,  1.013190664588540e-02, -5.982369935792992e-01
s880        , -7.450297483445957e-01, -4.228865770422687e-01,  3.503262442818157e+00,  1.172429440270622e-02, -3.134457974636271e-01
s881        , -1.759050067534673e+00, -1.960798669565170e-01,  8.860914949126132e+00,  0.000000000000000e+00,  6.877327784561056e-03
s882        , -6.605379692241985e-01, -1.132817536902622e+00,  6.578593374882622e+00,  1.178578783321969e-02, -5.418280673633452e-01
s883        ,  3.815578964726026e-01,  1.661149020936937e-01,  1.369712362991688e+00,  2.349184715860106e-02, -1.545426576335358e-01
s884        , -4.051889851605022e-01, -3.416516274092510e-01,  4.551913567357925e+00,  1.494165661949813e-02, -2.543051892464970e-01
s885        ,  2.841270750996222e-02, -4.233814239671446e-01,  1.363169473551301e+01,  0.000000000000000e+00,  5.551680795017376e-02
s886        , -1.487878849688012e+00, -9.992440299900258e-01,  4.178587083322548e+00,  0.000000000000000e+00, -5.135542043657753e-01
s887        ,  4.820147860437528e-01,  2.847332550572870e-01,  4.535786328793982e+00,  4.568867891085205e-02, -8.080234900453399e-02
s888        ,  7.081092310596756e-01,  3.104601102092476e-01,  1.028207299072690e+01,  9.126301493888638e-03,  2.518837706899221e-01
s889        , -9.770534507358716e-01, -1.196042970546910e+00,  4.536769213777902e+00,  5.775295993028557e-03, -6.141936788404844e-01
s890        , -4.782598098188896e-02,  8.267851481773110e-01,  5.568767461503438e+00,  0.000000000000000e+00,  3.722001903799977e-01
s891        , -3.221184210883460e-01, -4.462248060102756e-01,  7.469036391924934e+00,  9.248249438499142e-03, -1.875135072509054e-01
s892        , -9.718981396026354e-01, -7.710275764210155e-01,  1.695727803075727e+01,  0.000000000000000e+00,  2.275986955618689e-03
s893        ,  2.164744347352420e+00,  5.076405435742708e-01,  9.055644667222055e+00,  7.479283510256360e-02,  5.876404366050463e-02
s894        ,  2.108977331308746e-01,  4.845409418332250e-01,  2.694404111763190e+00,  5.752332863047945e-02, -9.202222397452535e-02
s895        , -7.726754766108116e-01, -6.781766999290868e-01,  7.660799076901832e+00,  0.000000000000000e+00, -2.537498995690708e-01
s896        ,  2.280269149131176e+00,  3.279117640226894e-01,  8.985350916606210e+00,  9.980836063532599e-03,  2.150627404375757e-01
s897        ,  1.732742671810001e+00,  1.867433488409689e-01,  5.728635497379091e+00,  5.236348035240046e-02, -1.124530598527550e-01
s898        , -1.952924930899203e-01, -2.043911188639944e-01,  9.418444560120793e+00,  3.632411722448378e-02, -1.142922820566902e-01
s899        , -1.243124507856434e+00, -8.167078083262447e-01,  4.578330442725656e+00,  0.000000000000000e+00, -4.166296504689853e-01
s900        , -1.127987025274472e+00, -1.246803276908333e+00,  8.340340878794297e+00,  3.896554702663387e-03, -5.083295091866453e-01
s901        ,  2.222405771151903e+00,  1.139989184703346e+00,  3.752731204360955e+00,  1.565848802357621e-02,  3.997866849392502e-01
s902        , -1.852329248500361e+00, -1.364971051375408e+00,  2.573494116472938e+00,  2.061620031473678e-02, -8.103662498031061e-01
s903        ,  1.566870488248132e+00,  1.028134214249676e+00,  6.657606608277163e+00,  3.399731600788011e-02,  3.733415027279854e-01
s904        , -1.387739856871698e+00, -2.846131376696234e-01,  8.800686117435406e+00,  0.000000000000000e+00, -3.583708835318883e-02
s905        ,  1.121219821885003e+00,  7.847372970675495e-01,  6.516676277193817e+00,  4.289924676283920e-02,  2.235544809440878e-01
s906        , -9.933730759278802e-01, -1.486222083596095e+00,  3.808011551250921e+00,  0.000000000000000e+00, -7.497679155927711e-01
s907        , -5.762178128524449e-02, -3.973791641247889e-01,  7.236273273645986e+00,  1.035270328557301e-02, -1.766088782753270e-01
s908        ,  2.416796340775907e-01, -3.149179189985601e-01,  7.532002745563591e+00,  0.000000000000000e+00, -9.057162407810901e-02
s909        , -4.906300545514419e-01, -2.331248230588574e-01,  1.035259112833221e+01,  0.000000000000000e+00,  3.775750979199296e-02
s910        , -1.582982857801990e+00, -1.960056622233226e+00,  4.157708061049644e+00,  0.000000000000000e+00, -9.567778096600340e-01
s911        , -7.523355700553859e-01, -9.578193304964298e-01,  4.292407881813469e+00,  6.370471852322355e-03, -5.145374632599600e-01
s912        ,  2.234392115693804e-01,  4.096689985335398e-01,  9.412420998517442e+00,  0.000000000000000e+00,  3.036123469670798e-01
s913        , -1.421242973618926e+00, -1.274644456972600e+00,  1.113854237040237e+01,  0.000000000000000e+00, -4.167080437410359e-01
s914        ,  5.670067347130128e-02, -3.938752080343016e-02,  1.302722649683721e+01,  0.000000000000000e+00,  2.129574101038594e-01
s915        , -5.612055763432976e-01,  7.950590643571956e-02,  8.818186153942388e+00,  5.343906181532759e-03,  1.125402723194527e-01
s916        ,  8.997740464690429e-01,  2.168055701946562e-01,  7.835246472755778e+00,  0.000000000000000e+00,  1.640878642297418e-01
s917        , -1.606823724089288e+00, -4.530350490975636e-01,  4.524028315028188e+00,  0.000000000000000e+00, -2.508664167524779e-01
s918        ,  3.499868789687911e+00,  8.509969057832216e-01,  4.300379965455466e+00,  0.000000000000000e+00,  3.425856105184101e-01
s919        , -8.715752962891429e-01,  1.241686754235045e-01,  9.630760622128689e+00,  0.000000000000000e+00,  1.791277640015775e-01
s920        , -1.856154837094557e+00, -1.579459706100061e+00,  3.557050368455586e+00,  0.000000000000000e+00, -8.007793949873360e-01
s921        ,  2.276110916770269e-01,  1.697564552094327e+00,  2.422734251781956e+00,  0.000000000000000e+00,  6.721682439521512e-01
s922        ,  1.278757880561135e+00,  1.711768022628961e+00,  3.700103461032548e+00,  0.000000000000000e+00,  7.197656449011159e-01
s923        , -2.625003058195762e-01, -8.904174337890389e-01,  8.150528976313707e+00,  0.000000000000000e+00, -3.357683316389662e-01
s924        , -1.727834522886679e+00, -5.359322367720109e-01,  1.347752021554121e+01,  0.000000000000000e+00, -1.279603398802405e-03
s925        ,  1.850614154947128e+00,  8.419836518335456e-01,  5.631826333510672e+00,  0.000000000000000e+00,  3.812273988648541e-01
s926        , -9.602025879025963e-01, -1.425072785465619e+00,  5.013650798841726e+00,  1.372266623392430e-02, -7.339519008983902e-01
s927        , -1.294474937930480e+00, -1.054987589935409e+00,  1.595829680176942e+00,  3.258752265359029e-02, -7.435875364777437e-01
s928        , -8.964192424384732e-01, -7.319671622559176e-01,  1.179096889546043e+01,  0.000000000000000e+00, -1.457803069588161e-01
s929        ,  3.373466507702030e-01,  2.811718286050474e-01,  8.828558222422629e+00,  0.000000000000000e+00,  2.256606227090783e-01
s930        , -4.361686703935594e-01, -2.288706729431159e-01,  1.412628890479910e+01,  0.000000000000000e+00,  1.610054080558810e-01
s931        ,  1.180800691213646e+00,  5.232905574556181e-01,  9.031699337028133e+00,  0.000000000000000e+00,  3.437101309022084e-01
s932        ,  4.707166528445574e-01,  3.206136867204544e-01,  2.632442521908370e+00,  4.280035724795040e-02, -1.146948162031416e-01
s933        ,  1.703804210339992e+00,  6.878515945407099e-01,  8.901510149496817e+00,  4.978600751157305e-02,  2.299340433486002e-01
s934        , -1.834005051426063e+00, -1.930927852079221e+00,  1.277506974769619e+00,  1.317062446096624e-02, -1.084975714612247e+00
s935        , -1.778081906893596e+00, -1.296191294023321e+00,  1.012633416702113e+01,  0.000000000000000e+00, -4.591654167956015e-01
s936        , -1.576278502143039e+00, -5.520935001830531e-01,  4.594525975335902e+00,  0.000000000000000e+00, -2.942271446468666e-01
s937        ,  1.612912677482048e-01,  7.624899544143147e-01,  4.636546974626540e+00,  0.000000000000000e+00,  3.126236664492603e-01
s938        ,  3.756397573989944e-01, -5.610940246984450e-01,  4.656178941058651e+00,  0.000000000000000e+00, -2.963912520421500e-01
s939        , -1.269094165370334e+00, -8.653777380669425e-01,  7.379035482268019e+00,  0.000000000000000e+00, -3.490311536300192e-01
s940        ,  1.741633513389911e-01,  8.076489265464871e-01,  3.939435894398534e+00,  0.000000000000000e+00,  3.110185164422913e-01
s941        , -7.405880410109714e-01, -6.885079558818558e-01,  8.046055091262042e+00,  2.394120540838687e-02, -3.352764372580412e-01
s942        , -9.892731562449668e-01, -8.997220464679683e-01,  3.956683593173061e+00,  5.415841081136006e-02, -6.765167617981993e-01
s943        , -2.404390935905114e-01, -1.596701402472099e-01,  9.095954722480142e+00,  0.000000000000000e+00,  3.120202287910805e-02
s944        , -1.000366609598995e+00, -8.682980739145846e-01,  8.471206220930322e+00,  9.177780188230884e-03, -3.494488303322261e-01
s945        , -6.403848269203397e-01, -1.226178381761266e-01,  7.498364212102540e+00,  0.000000000000000e+00, -3.078912124512494e-03
s946        ,  1.042678968069443e+00,  6.418300073796568e-01,  5.850777340973949e+00,  0.000000000000000e+00,  2.960733473312244e-01
s947        ,  5.081125559242120e-03, -8.134658596116910e-01,  1.366219700083993e+01,  0.000000000000000e+00, -1.231766449532677e-01
s948        , -9.507722609706112e-01, -8.900547744543381e-01,  8.041952424870315e+00,  0.000000000000000e+00, -3.390909914770573e-01
s949        , -1.109777834090980e-01, -3.532737040124029e-01,  1.039051218064659e+01,  0.000000000000000e+00, -1.636454733707087e-02
s950        ,  6.358188156380660e-01, -4.772957482711454e-02,  9.611088817122655e+00,  0.000000000000000e+00,  9.931876384987373e-02
s951        , -2.185819524191360e+00, -1.420718457025999e+00,  3.978045738993135e+00,  3.821252617794051e-02, -8.564244026130218e-01
s952        ,  1.305064709156519e+00,  1.009297578585963e+00,  4.747471230656252e+00,  0.000000000000000e+00,  4.298689975383738e-01
s953        ,  1.664044937420125e+00,  1.921052105547065e+00,  3.678373595589883e+00,  1.374826985423607e-02,  7.642693275893886e-01
s954        ,  1.051351309197190e+00,  1.297007761872377e+00,  5.293958878675991e+00,  0.000000000000000e+00,  5.799533566088746e-01
s955        , -1.399028311662238e+00, -9.078131888557135e-01,  1.620582198714908e+01,  0.000000000000000e+00, -8.487994012483598e-02
s956        ,  1.385421265834244e+00,  5.442095748176431e-01,  6.477409787301507e+00,  0.000000000000000e+00,  2.712494085242337e-01
s957        , -9.408889636329510e-01, -4.342312397321033e-01,  7.490528315761848e+00,  0.000000000000000e+00, -1.468606284496053e-01
s958        ,  9.732055185777991e-01,  6.234182180222068e-01,  4.349767864366012e+00,  3.082607559274584e-02,  1.245621337583632e-01
s959        , -5.141793956906318e-01, -4.208971449128603e-01,  4.723877240113691e+00,  0.000000000000000e+00, -2.296403836410988e-01
s960        , -1.427508420922605e+00, -4.618716217934830e-01,  2.654257441134638e+00,  2.025543093288100e-02, -3.904573507971848e-01
s961        , -2.005936182526318e-01,  3.189275516268030e-01,  7.567212997020159e+00,  4.251561849229488e-02,  4.419468317149986e-02
s962        , -1.040812919577019e+00, -7.139996133348017e-01,  9.580195260373442e+00,  0.000000000000000e+00, -2.085597191114701e-01
s963        ,  3.350397487530737e-01,  3.754918618011062e-01,  1.894056626449372e+00,  8.048744228648307e-02, -2.534858676974782e-01
s964        , -1.211148190797335e+00, -1.393588908823298e+00,  6.788782064513936e+00,  0.000000000000000e+00, -6.112974866362135e-01
s965        , -3.546684926971408e-01, -5.587129246830140e-01,  1.063743708186512e+01,  0.000000000000000e+00, -1.030540535875948e-01
s966        , -1.297482551855562e+00, -1.132982356513365e+00,  2.666787921219319e+00,  0.000000000000000e+00, -6.237443308802458e-01
s967        , -7.045435460678467e-02,  1.826566018015806e-01,  8.146287744508719e+00,  2.810273162647117e-02,  5.370919395368268e-02
s968        ,  9.299065987644251e-02,  3.289866508531622e-01,  9.048125281864568e+00,  0.000000000000000e+00,  2.547412313552345e-01
s969        ,  6.950554955433741e-01,  2.795742508349275e-01,  8.648181040226504e+00,  3.644458664381499e-03,  2.055564382771576e-01
s970        ,  2.496136210729474e-01,  2.241835315910976e-01,  2.277688439746358e+00,  1.721610323746743e-02, -7.524424331973517e-02
s971        , -1.044044119112301e+00, -2.112303853041752e-01,  6.101032682821913e+00,  0.000000000000000e+00, -8.880495461622086e-02
s972        , -1.696855601622959e-01,  3.799459051360713e-01,  9.818924688421228e+00,  5.528513911423592e-02,  9.712088972789011e-02
s973        ,  4.802864320387065e-01, -1.436034853400441e-01,  9.400446913668269e+00,  4.083298625572678e-02, -1.036615549231823e-01
s974        , -1.989928973862810e-01, -1.773947350356174e-01,  1.058083676245329e+01,  0.000000000000000e+00,  7.076284198672152e-02
s975        ,  5.144117291211028e-01, -5.552916575006424e-01,  1.133228942176600e+01,  0.000000000000000e+00, -7.914532787655147e-02
s976        ,  3.695887594461370e-01,  8.180071026263385e-01,  4.342407056882606e+00,  0.000000000000000e+00,  3.287412000039764e-01
s977        , -5.208667084829633e-01, -2.688821714758735e-01,  7.743271507583025e+00,  0.000000000000000e+00, -6.257717263570446e-02
s978        , -1.415530554889297e+00, -5.233019800381535e-01,  4.071687119300578e+00,  1.245318369013130e-02, -3.441421080368112e-01
s979        , -9.075955878756907e-02,  8.955792419844679e-01,  3.594617488006859e+00,  1.574074074074074e-03,  3.345753960209087e-01
s980        , -1.408049785649008e+00, -1.748835137293980e+00,  5.289869616714138e+00,  0.000000000000000e+00, -8.231004895852254e-01
s981        ,  7.617332134276670e-01,  8.990734159669560e-01,  5.575727807429322e+00,  7.297934713130111e-02,  1.339656914190961e-01
s982        ,  5.658342892742037e-01,  3.843825577235356e-01,  9.655649601017323e+00,  2.954571636676582e-02,  1.897629813971755e-01
s983        , -6.523400746561840e-01, -6.467487798718324e-01,  3.810407471983589e+00,  1.341550249252459e-02, -4.129830478110204e-01
s984        ,  1.408650344937474e+00,  1.447920517926563e-01,  4.344336379416588e+00,  4.424130703770107e-02, -1.460232869801279e-01
s985        , -1.892295500046385e+00, -1.662704085577899e+00,  1.053635277074904e+01,  0.000000000000000e+00, -6.148038807512116e-01
s986        ,  7.279494111089814e-01,  4.124664598091234e-01,  3.395683652107550e+00,  1.980149006212718e-02,  3.778496454056485e-02
s987        ,  6.069333137359153e-01, -2.597032467714938e-01,  9.165018604238329e+00,  3.842591904476118e-03, -2.696243644137827e-02
s988        ,  7.956867077796174e-01,  5.883420469571959e-01,  7.400294365587485e+00,  8.139376273773768e-02,  1.815162758763096e-02
s989        , -1.492402946081943e-01,  1.610691865284056e-01,  6.318986477507399e+00,  0.000000000000000e+00,  8.968224308684244e-02
s990        ,  4.998144921024051e-01,  4.667627166807296e-01,  7.363332206511403e+00,  0.000000000000000e+00,  2.640511676695422e-01
s991        , -1.388778051347251e+00, -1.493356586052970e+00,  2.564492115382282e+00,  7.956555857305583e-02, -1.089300919894332e+00
s992        ,  4.282998930275517e-01, -1.374800149077855e-01,  4.791264168149810e+00,  8.978085351787773e-02, -4.312503286204682e-01
s993        ,  5.363050420459536e-01,  3.967503533647483e-01,  6.689527238758677e+00,  0.000000000000000e+00,  2.101468986597111e-01
s994        , -6.815023874245365e-01,  2.688948223052912e-01,  8.211042604540985e+00,  5.340525873488946e-02,  1.292551109735080e-03
s995        , -2.391036276757255e+00, -2.321794791306411e+00,  1.290676855399452e+00,  8.514964526256942e-03, -1.247250306673953e+00
s996        ,  4.431453520331272e-01,  1.288740443359868e-01,  9.124110074476734e+00,  0.000000000000000e+00,  1.650110804053376e-01
s997        , -6.841651286789517e-01, -1.490455242066726e+00,  7.519466342131859e+00,  0.000000000000000e+00, -6.324298105784765e-01
s998        , -1.890503332016519e-01, -1.409136005099602e-01,  6.328052267445528e+00,  0.000000000000000e+00, -4.912036133162156e-02
s999        , -1.955891416531250e-01, -4.271194158817191e-01,  6.920426737069032e+00,  1.075160285253299e-02, -2.019441536365042e-01
s1000       ,  1.922227018092693e+00,  8.575767355694043e-01,  5.280309054974284e+00,  0.000000000000000e+00,  3.771116788180155e-01
s1001       ,  7.564584951078414e-01,  7.844294397062068e-01,  5.559257845772930e+00,  5.063777325905987e-02,  1.638247270469100e-01
s1002       , -1.216448226111712e+00, -6.329365573104810e-01,  3.825943035420217e+00,  1.932605185025509e-02, -4.281309917548755e-01
s1003       ,  9.406214986730431e-01,  4.878232725938816e-01,  8.316567328867295e+00,  0.000000000000000e+00,  3.043891358430024e-01
s1004       , -6.084517344429569e-01, -1.957585977309871e-01,  5.438707814968327e+00,  0.000000000000000e+00, -1.029660464989223e-01
s1005       ,  1.047447652274055e-01,  3.566977241860960e-01,  4.802734983115894e+00,  5.153775236131978e-03,  1.118649754285153e-01
s1006       ,  1.789223857816157e+00,  3.817177541683907e-01,  2.890040281737953e+00,  1.526372321781898e-01, -4.872721412367275e-01
s1007       , -3.471776742826870e-02, -1.874229398863502e-01,  1.778147942365205e+00,  2.800663267943235e-02, -3.210674869585762e-01
s1008       , -4.304906904704673e-01,  7.480585478687568e-02,  9.596455591670846e+00,  0.000000000000000e+00,  1.552885526555687e-01
s1009       ,  5.526661980887815e-01,  5.314993463786384e-01,  6.518882369051969e+00,  3.114219395718612e-02,  1.507633133569314e-01
s1010       ,  1.084664986478008e-01,  3.577448507896824e-01,  7.921159743134246e+00,  0.000000000000000e+00,  2.317661219635863e-01
s1011       , -1.857041478323650e-01,  1.455891850629908e-01,  9.963238825989738e+00,  0.000000000000000e+00,  1.996801075200682e-01
s1012       , -9.197930097533304e-01, -1.637905761756814e+00,  6.009686690455712e+00,  0.000000000000000e+00, -7.488708975537975e-01
s1013       , -4.019119417889337e-01, -1.243450527367040e-01,  7.723640191307448e+00,  3.009446119810725e-02, -1.086972182051710e-01
s1014       , -1.358932079618377e+00, -2.018413430357413e+00,  5.997978246059363e+00,  2.453528670447385e-02, -1.015872377970345e+00
s1015       , -1.527440174864809e+00, -8.721185406174885e-01,  9.464049269658425e+00,  0.000000000000000e+00, -2.851226564782957e-01
s1016       ,  1.494747075983483e+00,  7.418948321409726e-01,  5.296480821459530e+00,  1.309825794333569e-02,  2.755738985804452e-01
s1017       ,  5.541257590705128e-01, -3.067815031871773e-02,  1.053528127186886e+01,  5.660250218997776e-03,  1.157995079597727e-01
s1018       , -1.957085120530336e+00, -1.561679745485699e+00,  1.038082486626197e+00,  6.395606468589454e-03, -8.973661406342286e-01
s1019       ,  7.131485583147716e-01,  8.622696235444145e-01,  5.785806247261396e+00,  0.000000000000000e+00,  3.955201522935040e-01
s1020       , -1.923756067205053e+00, -5.661028408348351e-01,  3.541956239239025e+00,  1.298813739111446e-02, -3.828741013277401e-01
s1021       ,  3.885529621363158e-01,  7.985935060217435e-01,  5.175490442788989e+00,  1.956585327919022e-02,  2.737172660149464e-01
s1022       , -1.875446506562856e+00, -1.654563075351796e+00,  6.160955867351633e+00,  2.111676359446801e-02, -8.303142607816165e-01
s1023       ,  1.372593741804168e+00,  4.794007309673400e-01,  3.376256272110388e+00,  5.273386321949515e-02, -5.464015869343980e-02
s1024       , -8.235465806555776e-01, -1.110204002034889e+00,  4.893019467679900e+00,  0.000000000000000e+00, -5.417004350605837e-01
s1025       , -3.055697164838789e-01,  1.964612266257769e-01,  9.392396139287916e+00,  0.000000000000000e+00,  2.047647364852518e-01
s1026       , -1.058405261469002e+00, -8.842694284596117e-01,  5.241229979713294e+00,  7.963988919667590e-03, -4.560984201017083e-01
s1027       ,  1.001215100946893e+00,  1.199029789643956e+00,  5.443231322457128e+00,  0.000000000000000e+00,  5.396221585228427e-01
s1028       , -1.207050253018809e-01, -2.300504147856685e-01,  4.645294963761666e+00,  8.200420638251434e-03, -1.747976381371235e-01
s1029       , -3.485019297637044e-02,  2.841116498910903e-01,  5.357153616379254e+00,  0.000000000000000e+00,  1.154421297197272e-01
s1030       ,  7.570890498814408e-01,  5.981553300195220e-01,  2.825049117300044e+00,  8.274923869775790e-03,  1.478948901448340e-01
s1031       , -3.425236517205575e-01,  1.828099390392175e-01,  4.427054596547725e+00,  9.229622855594506e-02, -3.047964306532630e-01
s1032       , -9.690806500330096e-01, -8.121007956136523e-01,  1.637031147150456e+01,  0.000000000000000e+00, -3.550781667677766e-02
s1033       ,  3.580879227715397e-01,  3.042831739901869e-01,  9.724236926959819e+00,  6.531972060601690e-02,  2.186121767563907e-02
s1034       , -1.559175075401338e+00, -9.223162673296968e-01,  2.430254282673264e+00,  1.791039110317785e-02, -6.010065444583077e-01
s1035       , -5.297528349600488e-01, -2.729084315281176e-01,  8.827156197511208e+00,  0.000000000000000e+00, -2.959511226769570e-02
s1036       , -2.199501197760688e+00, -1.989666646280773e+00,  1.235579093826633e+01,  0.000000000000000e+00, -7.069260055518117e-01
s1037       , -2.563451324430153e-01, -3.125754333142274e-01,  3.075856046758376e+00,  1.469849317064234e-02, -2.874483391563290e-01
s1038       ,  1.208934872396009e+00,  1.122818882184450e+00,  4.835652299060835e+00,  0.000000000000000e+00,  4.849913585689899e-01
s1039       ,  1.284684643971159e+00,  4.067762046272770e-01,  7.800458501198148e+00,  0.000000000000000e+00,  2.504706842053495e-01
s1040       ,  3.246719543370283e-02,  3.822152074431476e-02,  6.920055494800418e+00,  7.759192089857248e-03,  2.352393371125832e-02
s1041       ,  2.496032441662194e+00,  1.060604633197707e+00,  3.958514117274709e+00,  0.000000000000000e+00,  4.281436939744473e-01
