# c0 + a0 * (Cl + P) + a1 * (Al + O) + a2 * (face-area-avg / E_T) + a3 * (O + E_T)
# Property Label: $ln_{D}$; Unit of the Property: Unitless
# RMSE: 0.329094308554863; Max AE: 1.82478462617579
# Coefficients
# Task   a0                      a1                      a2                      a3                      c0
# all ,  1.825604175663931e+00, -1.977468621400802e+00,  9.119088186288012e+00, -5.225258678962001e-01, -1.510597878233269e+01, 
# Feature Rung, Units, and Expressions
# 0;  1; Unitless;                                         18|17|add; (Cl + P); $\left(Cl + P\right)$; (Cl + P); (newdata$Cl + newdata$P); Cl,P
# 1;  1; Unitless;                                         15|12|add; (Al + O); $\left(Al + O\right)$; (Al + O); (newdata$Al + newdata$O); Al,O
# 2;  1; A^2;                                              33|0|div; (face-area-avg / E_T); $\left(\frac{ face-area-avg }{ E_{T} } \right)$; (face_sub_area_sub_avg ./ E_T); (newdata$face_sub_area_sub_avg / newdata$E_T); face-area-avg,E_T
# 3;  1; Unitless;                                         12|0|add; (O + E_T); $\left(O + E_{T}\right)$; (O + E_T); (newdata$O + newdata$E_T); O,E_T
# Number of Samples Per Task
# Task, n_samples               
# all , 1041                  

# Sample ID , Property Value        ,  Property Value (EST) ,  Feature 0 Value      ,  Feature 1 Value      ,  Feature 2 Value      ,  Feature 3 Value      
s1          , -2.244947812336508e+01, -2.212302746962902e+01,  1.715328467153285e-01,  6.313868613138686e-01,  1.785273023769763e-01,  1.475459637507883e+01
s2          , -2.298888400764099e+01, -2.304450999649845e+01,  1.358490566037736e-01,  4.679245283018868e-01,  1.725987640198555e-01,  1.690858891402743e+01
s3          , -1.755271246623431e+01, -1.748347943765390e+01,  2.652173913043478e-01,  1.086956521739130e-01,  3.184858130296954e-01,  1.062347521346189e+01
s4          , -1.917258847351942e+01, -1.910763611468704e+01,  3.370786516853932e-02,  0.000000000000000e+00,  2.742002272670965e-01,  1.256138883866988e+01
s5          , -2.000094091703784e+01, -2.064173210160335e+01,  1.615384615384615e-01,  4.076923076923077e-01,  2.371914168200186e-01,  1.375516458063223e+01
s6          , -2.179532463031582e+01, -2.147642150856777e+01,  2.137404580152672e-01,  6.183206106870229e-01,  1.859217849576567e-01,  1.384309598910606e+01
s7          , -2.156980503382011e+01, -2.151011015743788e+01,  5.286343612334802e-02,  6.607929515418502e-01,  1.806151507761732e-01,  1.309215039088110e+01
s8          , -2.070680399014268e+01, -2.103513363917065e+01,  0.000000000000000e+00,  0.000000000000000e+00,  2.188666926194139e-01,  1.516675061424882e+01
s9          , -2.311678210871720e+01, -2.261141640433532e+01,  1.414634146341464e-01,  4.682926829268293e-01,  1.408733136606655e-01,  1.554429437036547e+01
s10         , -1.955558688693647e+01, -1.920969938479225e+01,  5.729166666666666e-02,  0.000000000000000e+00,  2.391866531885453e-01,  1.222805813900046e+01
s11         , -1.929232032084748e+01, -1.948068025444427e+01,  8.754208754208755e-02,  0.000000000000000e+00,  2.634089195789996e-01,  1.327507070089868e+01
s12         , -1.972420304545977e+01, -1.932190761053327e+01,  0.000000000000000e+00,  3.947368421052632e-01,  2.729119649767394e-01,  1.133734758203288e+01
s13         , -1.649771434553038e+01, -1.686259719786520e+01,  0.000000000000000e+00,  0.000000000000000e+00,  3.498205353670782e-01,  9.466828401885049e+00
s14         , -1.814284237715737e+01, -1.840865644395326e+01,  7.894736842105263e-02,  0.000000000000000e+00,  3.103992464147319e-01,  1.201349596978806e+01
s15         , -2.140988745272463e+01, -2.111234048953823e+01,  0.000000000000000e+00,  0.000000000000000e+00,  1.826942873763845e-01,  1.468322909220248e+01
s16         , -2.271802967642396e+01, -2.225619588750310e+01,  1.681415929203540e-01,  5.575221238938053e-01,  1.486995139096716e-01,  1.475658727713754e+01
s17         , -1.845283706311921e+01, -1.854608983644254e+01,  0.000000000000000e+00,  0.000000000000000e+00,  2.775841933540951e-01,  1.142800033320397e+01
s18         , -2.106370881996578e+01, -2.161613791458064e+01,  9.465020576131687e-02,  4.897119341563786e-01,  1.989363061738647e-01,  1.440824491533685e+01
s19         , -2.166440903696862e+01, -2.196500361172779e+01,  0.000000000000000e+00,  3.059360730593607e-01,  1.410527783082114e-01,  1.443051728603995e+01
s20         , -1.957524373940041e+01, -1.960487908769287e+01,  0.000000000000000e+00,  3.952569169960474e-02,  2.687491891960654e-01,  1.315052032586146e+01
s21         , -2.230012329283520e+01, -2.272930212400630e+01,  0.000000000000000e+00,  5.212765957446809e-01,  1.576089788997455e-01,  1.536721127393174e+01
s22         , -1.709175230426198e+01, -1.660352219732970e+01,  0.000000000000000e+00,  0.000000000000000e+00,  4.028711174400567e-01,  9.896851008472128e+00
s23         , -2.271630669020732e+01, -2.277014647571561e+01,  1.000000000000000e-01,  3.166666666666667e-01,  1.390044562127534e-01,  1.624440842103852e+01
s24         , -1.997593461761007e+01, -2.017040578597769e+01,  2.301255230125523e-01,  3.472803347280335e-01,  2.278202561774379e-01,  1.315785989508156e+01
s25         , -2.228124530569044e+01, -2.260976320160417e+01,  0.000000000000000e+00,  5.141242937853108e-01,  1.316196487140282e-01,  1.471194330614414e+01
s26         , -1.806502239865187e+01, -1.828728554042338e+01,  0.000000000000000e+00,  1.673469387755102e-01,  3.478383880825129e-01,  1.152546264842853e+01
s27         , -2.017409009594002e+01, -1.995208338451868e+01,  1.710526315789474e-01,  1.052631578947368e-01,  2.163054806786991e-01,  1.324859416106476e+01
s28         , -1.658938425028538e+01, -1.653429470027742e+01,  3.827586206896552e-01,  5.862068965517241e-02,  3.587289298271981e-01,  1.010943601151142e+01
s29         , -2.262132344831001e+01, -2.302472903183921e+01,  0.000000000000000e+00,  4.293785310734464e-01,  1.226354761217143e-01,  1.567002114573491e+01
s30         , -1.697997334312175e+01, -1.711147228747996e+01,  1.350210970464135e-01,  0.000000000000000e+00,  3.276868423896840e-01,  1.002858254282004e+01
s31         , -1.964904728113367e+01, -1.958929999801235e+01,  0.000000000000000e+00,  2.842105263157895e-01,  2.472776461939692e-01,  1.181998989834859e+01
s32         , -2.151059652715050e+01, -2.103969378231016e+01,  1.176470588235294e-01,  0.000000000000000e+00,  1.807857716845267e-01,  1.492192795742413e+01
s33         , -2.289264810431292e+01, -2.336343379190626e+01,  0.000000000000000e+00,  4.126984126984127e-01,  1.255117347684950e-01,  1.643154904597763e+01
s34         , -2.302504917991390e+01, -2.215606044425522e+01,  0.000000000000000e+00,  7.954545454545454e-02,  1.704713383703924e-01,  1.616633110132655e+01
s35         , -2.244061385591441e+01, -2.228648673619859e+01,  6.310679611650485e-02,  5.145631067961165e-01,  1.416329006106836e-01,  1.448683589230736e+01
s36         , -2.239655424600443e+01, -2.188775696928852e+01,  2.428115015974441e-01,  6.102236421725240e-01,  2.143866870261807e-01,  1.525928067599527e+01
s37         , -2.226102540809307e+01, -2.191259020424970e+01,  3.152542372881356e-01,  5.389830508474577e-01,  1.954018115991528e-01,  1.549818995129651e+01
s38         , -2.102436377352775e+01, -2.105276863529490e+01,  0.000000000000000e+00,  3.099415204678362e-01,  1.898105042368268e-01,  1.352045780437927e+01
s39         , -2.141661104833067e+01, -2.099734424719220e+01,  0.000000000000000e+00,  8.161434977578476e-01,  1.965968280284532e-01,  1.161713035157313e+01
s40         , -1.990275935468409e+01, -1.942273323095957e+01,  0.000000000000000e+00,  1.702127659574468e-01,  2.395395098410020e-01,  1.179759001050850e+01
s41         , -1.952311408648237e+01, -1.926572636424961e+01,  0.000000000000000e+00,  2.189054726368159e-01,  2.633726660438693e-01,  1.172877329673941e+01
s42         , -1.862175379272403e+01, -1.915996553985097e+01,  1.956521739130435e-01,  6.521739130434782e-02,  2.583052471184119e-01,  1.270312834940833e+01
s43         , -2.257821044890805e+01, -2.252770430902588e+01,  0.000000000000000e+00,  7.235023041474655e-01,  1.497484032372155e-01,  1.407890359041090e+01
s44         , -1.984867902879579e+01, -1.963359171483060e+01,  0.000000000000000e+00,  0.000000000000000e+00,  2.417573704498071e-01,  1.288399317036714e+01
s45         , -1.928264199244582e+01, -1.951693742316306e+01,  0.000000000000000e+00,  3.030303030303030e-02,  2.389026644823618e-01,  1.249624222608577e+01
s46         , -2.007096062658339e+01, -2.043885868180782e+01,  0.000000000000000e+00,  1.098039215686274e-01,  2.292989352655356e-01,  1.379212732718986e+01
s47         , -1.842882744186564e+01, -1.874796118361177e+01,  9.187279151943463e-02,  0.000000000000000e+00,  2.614922931591507e-01,  1.185448877277465e+01
s48         , -1.712958329507449e+01, -1.691996911256248e+01,  0.000000000000000e+00,  0.000000000000000e+00,  4.015260422928962e-01,  1.047898688927233e+01
s49         , -2.142142340445580e+01, -2.154411605539104e+01,  3.992094861660079e-01,  3.359683794466403e-01,  1.898139551602869e-01,  1.575711280873738e+01
s50         , -2.022197746600499e+01, -2.034519881551357e+01,  0.000000000000000e+00,  0.000000000000000e+00,  2.302528396614023e-01,  1.404507687388660e+01
s51         , -2.208446385448407e+01, -2.231094701801642e+01,  8.542713567839195e-02,  4.070351758793970e-01,  1.433814677408801e-01,  1.504907950960228e+01
s52         , -2.030062191637932e+01, -2.009424231762293e+01,  3.473389355742297e-01,  4.397759103641457e-01,  2.586951198718043e-01,  1.361040272199163e+01
s53         , -1.881589086732163e+01, -1.882489297182686e+01,  1.065573770491803e-01,  6.188524590163935e-01,  2.754228540806260e-01,  9.954128737823392e+00
s54         , -2.389190768082197e+01, -2.399844961059709e+01,  0.000000000000000e+00,  3.333333333333333e-01,  1.091747907334227e-01,  1.766207135869826e+01
s55         , -1.989931101552115e+01, -1.980448534255612e+01,  1.106557377049180e-01,  9.016393442622951e-02,  2.438107548071180e-01,  1.329227122811093e+01
s56         , -2.293632659980805e+01, -2.299218635676784e+01,  6.521739130434782e-02,  5.108695652173912e-01,  1.273509775127575e-01,  1.560949510283250e+01
s57         , -2.165250835772914e+01, -2.175606561078295e+01,  0.000000000000000e+00,  3.983050847457627e-01,  1.552125610354366e-01,  1.392820623909980e+01
s58         , -2.493828100106786e+01, -2.464042885719599e+01,  0.000000000000000e+00,  5.333333333333333e-01,  1.130055009180943e-01,  1.820064394160582e+01
s59         , -2.019609135900962e+01, -1.981257050154879e+01,  0.000000000000000e+00,  0.000000000000000e+00,  2.259318544048532e-01,  1.295033344640037e+01
s60         , -1.686951544328429e+01, -1.716875025595876e+01,  1.538461538461539e-01,  5.594405594405594e-02,  3.556532918114013e-01,  1.048032280800659e+01
s61         , -1.698686520707895e+01, -1.739977787533978e+01,  2.838283828382838e-01,  4.620462046204620e-02,  3.202537622018857e-01,  1.079565976127190e+01
s62         , -1.961666852236879e+01, -1.972135032308615e+01,  3.589743589743589e-02,  0.000000000000000e+00,  2.315275558107703e-01,  1.299883252854930e+01
s63         , -2.363642228074260e+01, -2.299092912056662e+01,  1.273584905660377e-01,  4.528301886792453e-01,  1.413473550364832e-01,  1.628810851264553e+01
s64         , -2.123215125329894e+01, -2.156669053495606e+01,  0.000000000000000e+00,  5.051546391752577e-01,  1.531342444038888e-01,  1.312514729915971e+01
s65         , -2.229595939650926e+01, -2.191618761340209e+01,  1.491228070175439e-01,  4.868421052631579e-01,  1.602524673750176e-01,  1.450854380874742e+01
s66         , -2.209517036440609e+01, -2.197312984083862e+01,  0.000000000000000e+00,  2.906403940886699e-01,  1.796295575203078e-01,  1.517719420649046e+01
s67         , -2.100952424313996e+01, -2.104521651411203e+01,  0.000000000000000e+00,  5.231316725978647e-01,  2.039945664601565e-01,  1.294673837424978e+01
s68         , -2.306714632630091e+01, -2.292508910924785e+01,  5.291005291005291e-03,  3.492063492063492e-01,  1.450092000194870e-01,  1.619168966157265e+01
s69         , -2.116954741071400e+01, -2.152401503606040e+01,  0.000000000000000e+00,  3.794466403162055e-01,  1.707302838126772e-01,  1.382629528419714e+01
s70         , -2.268552320802911e+01, -2.194172568584592e+01,  0.000000000000000e+00,  5.254237288135594e-01,  1.795554026282287e-01,  1.422727557521243e+01
s71         , -1.844586653395837e+01, -1.905043158130428e+01,  2.041522491349481e-01,  0.000000000000000e+00,  2.634668146139577e-01,  1.286009272831540e+01
s72         , -2.185924535832699e+01, -2.176040220106591e+01,  5.106382978723404e-02,  4.893617021276596e-01,  1.625692394641123e-01,  1.389870248804440e+01
s73         , -1.814705961150877e+01, -1.839928983386281e+01,  5.932203389830509e-02,  0.000000000000000e+00,  2.634816527305959e-01,  1.110820035458225e+01
s74         , -2.269683109870329e+01, -2.330970139450567e+01,  0.000000000000000e+00,  4.382022471910113e-01,  1.180595902964650e-01,  1.610214489007334e+01
s75         , -2.162544692540680e+01, -2.164605555981458e+01,  0.000000000000000e+00,  5.637254901960784e-01,  1.846205329753561e-01,  1.360487330389796e+01
s76         , -1.799713371423827e+01, -1.816555778781175e+01,  3.285714285714286e-01,  0.000000000000000e+00,  2.793924153599610e-01,  1.187926729201374e+01
s77         , -1.808839931225978e+01, -1.786535427107296e+01,  0.000000000000000e+00,  0.000000000000000e+00,  3.136896690065690e-01,  1.075533210664907e+01
s78         , -1.710463489071706e+01, -1.726968108139549e+01,  8.365019011406843e-02,  0.000000000000000e+00,  3.376950518661431e-01,  1.032654213885252e+01
s79         , -2.130172009097587e+01, -2.134682303201285e+01,  1.459074733096085e-01,  4.448398576512456e-01,  1.916606603666290e-01,  1.411475985979630e+01
s80         , -2.075517304342145e+01, -2.071258574942357e+01,  0.000000000000000e+00,  2.000000000000000e-02,  1.939896171704129e-01,  1.403962267054964e+01
s81         , -1.679587307458704e+01, -1.686378844643837e+01,  2.584745762711864e-01,  0.000000000000000e+00,  3.216135375424789e-01,  9.879901566191508e+00
s82         , -1.961963418382102e+01, -1.943481033636678e+01,  0.000000000000000e+00,  1.015228426395939e-02,  2.499308585344222e-01,  1.260779164185863e+01
s83         , -1.732943596118787e+01, -1.739571483510599e+01,  1.181434599156118e-01,  0.000000000000000e+00,  3.287677508852189e-01,  1.053245723854915e+01
s84         , -2.091958911511147e+01, -2.130706852106079e+01,  2.041522491349481e-01,  1.349480968858132e-01,  2.023560620982410e-01,  1.560159713860114e+01
s85         , -1.931803893900067e+01, -1.930672072185891e+01,  0.000000000000000e+00,  1.731601731601732e-01,  2.544909572865008e-01,  1.182534491088885e+01
s86         , -2.124992178205270e+01, -2.097714848588913e+01,  0.000000000000000e+00,  5.963302752293578e-01,  2.111488713311125e-01,  1.266431172306523e+01
s87         , -2.000999990609716e+01, -1.974662007932157e+01,  1.116071428571429e-01,  1.026785714285714e-01,  2.340220014556813e-01,  1.296666020769036e+01
s88         , -1.933594922663024e+01, -1.937084285299083e+01,  1.036269430051813e-01,  0.000000000000000e+00,  2.435602328003997e-01,  1.277466533661714e+01
s89         , -2.128477820873118e+01, -2.132458508052949e+01,  1.767068273092370e-01,  5.180722891566265e-01,  1.941478413990889e-01,  1.394607053773596e+01
s90         , -2.009844325702736e+01, -2.015163003023492e+01,  2.426778242677824e-01,  1.841004184100418e-01,  2.206565320207743e-01,  1.365830652508399e+01
s91         , -2.185233402642529e+01, -2.210478376960348e+01,  7.812500000000000e-02,  4.791666666666667e-01,  1.383281855810773e-01,  1.426784901333161e+01
s92         , -1.852873985612102e+01, -1.863305473316530e+01,  0.000000000000000e+00,  2.280701754385965e-01,  3.106482613915202e-01,  1.130834584278522e+01
s93         , -2.244477787769646e+01, -2.238097321799702e+01,  0.000000000000000e+00,  5.462555066079295e-01,  1.725604692550196e-01,  1.486698731291654e+01
s94         , -2.069748145715988e+01, -2.073141714923748e+01,  0.000000000000000e+00,  1.850000000000000e-01,  1.957613090467853e-01,  1.348214843596203e+01
s95         , -1.839144268754908e+01, -1.817878458481005e+01,  0.000000000000000e+00,  0.000000000000000e+00,  3.237068482830829e-01,  1.152998821423509e+01
s96         , -2.061908691885885e+01, -2.032787027417337e+01,  5.853658536585366e-02,  0.000000000000000e+00,  2.094863625314273e-01,  1.385401409772986e+01
s97         , -2.336181657728519e+01, -2.314094008943052e+01,  1.052631578947368e-01,  2.982456140350877e-01,  1.280848374231196e-01,  1.685155949830643e+01
s98         , -1.913590175727989e+01, -1.898647135384233e+01,  0.000000000000000e+00,  2.572815533980582e-01,  2.748591707136182e-01,  1.124957011796191e+01
s99         , -1.764848235022367e+01, -1.824421003640691e+01,  0.000000000000000e+00,  2.173913043478261e-01,  3.478912181767591e-01,  1.125455758320133e+01
s100        , -2.003395952271198e+01, -1.972303336876376e+01,  0.000000000000000e+00,  2.574257425742574e-01,  2.392202636069007e-01,  1.203667478368263e+01
s101        , -2.047737186068138e+01, -2.063577662031048e+01,  0.000000000000000e+00,  3.973509933774834e-01,  2.210670236257692e-01,  1.293711721418137e+01
s102        , -1.813404261594337e+01, -1.845901122459217e+01,  8.029197080291971e-02,  1.861313868613139e-01,  3.430020401517604e-01,  1.197914028615624e+01
s103        , -2.094885731266024e+01, -2.058836345925904e+01,  0.000000000000000e+00,  1.666666666666667e-01,  1.961093590759042e-01,  1.328383059938385e+01
s104        , -1.695125455205811e+01, -1.654280584572799e+01,  1.163793103448276e-01,  1.034482758620690e-01,  3.991129283288412e-01,  9.730178352806050e+00
s105        , -2.089913046364001e+01, -2.150564775609008e+01,  1.629955947136564e-01,  4.801762114537445e-01,  1.867290847695492e-01,  1.425862425174133e+01
s106        , -2.193421435204462e+01, -2.213572795540951e+01,  0.000000000000000e+00,  4.384236453201971e-01,  1.397093998874610e-01,  1.423241023366987e+01
s107        , -1.938858975045087e+01, -1.957698565644699e+01,  0.000000000000000e+00,  0.000000000000000e+00,  2.646672252524096e-01,  1.317548290753482e+01
s108        , -2.184761912256448e+01, -2.216244360312441e+01,  0.000000000000000e+00,  5.377358490566038e-01,  1.498543957577894e-01,  1.408474671757332e+01
s109        , -1.765266017099491e+01, -1.821930256759399e+01,  2.323232323232323e-01,  0.000000000000000e+00,  2.837476686112017e-01,  1.172185806929322e+01
s110        , -2.222643790681205e+01, -2.146102416551333e+01,  3.993902439024390e-01,  5.243902439024390e-01,  2.190810670021240e-01,  1.539642090794856e+01
s111        , -2.198367498730207e+01, -2.181520146399618e+01,  0.000000000000000e+00,  4.264705882352941e-01,  1.610294235712484e-01,  1.403630411474320e+01
s112        , -2.341727175416096e+01, -2.311133278915523e+01,  0.000000000000000e+00,  7.101449275362318e-01,  1.313805173787979e-01,  1.492583563625486e+01
s113        , -2.064750776227555e+01, -2.033762522583386e+01,  3.589743589743589e-02,  2.769230769230769e-01,  2.121773264081602e-01,  1.279254945745329e+01
s114        , -2.335281852671257e+01, -2.315489551856406e+01,  8.370044052863436e-02,  5.594713656387665e-01,  1.351862580470083e-01,  1.593827111771199e+01
s115        , -2.467653405274963e+01, -2.433291459453956e+01,  1.209302325581395e-01,  4.511627906976744e-01,  1.209251204073947e-01,  1.848381815774889e+01
s116        , -2.119630992652875e+01, -2.151198260034799e+01,  5.982905982905983e-02,  8.418803418803418e-01,  1.955509462442099e-01,  1.269541427842483e+01
s117        , -1.681518237222159e+01, -1.724853524548779e+01,  0.000000000000000e+00,  2.380952380952381e-02,  3.504614924439711e-01,  1.012650943718846e+01
s118        , -1.725426000439147e+01, -1.698563599025413e+01,  2.659574468085106e-01,  0.000000000000000e+00,  3.385543816086582e-01,  1.043488529488588e+01
s119        , -2.026224064054247e+01, -2.058162205257355e+01,  3.202846975088968e-01,  5.693950177935944e-01,  2.358672342883129e-01,  1.355969171211263e+01
s120        , -2.061376236446881e+01, -2.049090102064098e+01,  0.000000000000000e+00,  2.972972972972973e-01,  2.053132151210319e-01,  1.276356997028038e+01
s121        , -2.090204853596659e+01, -2.102811023540172e+01,  1.968911917098446e-01,  3.575129533678756e-01,  1.777650937702672e-01,  1.377091967385798e+01
s122        , -1.679179791839329e+01, -1.668214740777128e+01,  4.066666666666667e-01,  0.000000000000000e+00,  3.277918408034626e-01,  1.015785824080087e+01
s123        , -1.729435756680531e+01, -1.718681567391355e+01,  2.815884476534296e-01,  1.227436823104693e-01,  3.546359318163841e-01,  1.069064870595319e+01
s124        , -1.927065840811719e+01, -1.994604238572569e+01,  0.000000000000000e+00,  3.399014778325123e-01,  2.461233074354576e-01,  1.227181204948513e+01
s125        , -2.074667074869674e+01, -2.070590584703071e+01,  0.000000000000000e+00,  0.000000000000000e+00,  2.256128163145052e-01,  1.465441369143456e+01
s126        , -1.981090987888966e+01, -1.959902516825283e+01,  8.547008547008547e-02,  1.880341880341880e-01,  2.515664372154195e-01,  1.257603910863909e+01
s127        , -1.791042209268825e+01, -1.804585482620265e+01,  0.000000000000000e+00,  2.179487179487180e-01,  3.530815342679616e-01,  1.096342074710310e+01
s128        , -2.199486439730610e+01, -2.206794288937656e+01,  9.000000000000000e-02,  5.400000000000000e-01,  1.488241307302656e-01,  1.419178696268343e+01
s129        , -1.847106084369403e+01, -1.807840815708643e+01,  7.722007722007722e-02,  0.000000000000000e+00,  3.026175073242792e-01,  1.123963188621170e+01
s130        , -2.183307419908922e+01, -2.147356938606124e+01,  0.000000000000000e+00,  8.056872037914692e-01,  1.713634832650405e-01,  1.212772141001261e+01
s131        , -1.937195493711046e+01, -1.945755115224435e+01,  0.000000000000000e+00,  0.000000000000000e+00,  2.396547208316760e-01,  1.251039480543867e+01
s132        , -1.756898825137140e+01, -1.767273420426503e+01,  1.481481481481481e-01,  3.292181069958848e-02,  3.080432464099978e-01,  1.068116876943261e+01
s133        , -1.952720456066259e+01, -1.963423382405282e+01,  0.000000000000000e+00,  1.371681415929203e-01,  2.396066591319435e-01,  1.232858313110352e+01
s134        , -1.792604080418195e+01, -1.825154954391510e+01,  1.945525291828794e-02,  0.000000000000000e+00,  2.873331126277556e-01,  1.110242516566509e+01
s135        , -2.163690184151209e+01, -2.179172730193056e+01,  2.895752895752896e-01,  5.444015444015444e-01,  1.917607341244528e-01,  1.509311774902272e+01
s136        , -2.266590946104735e+01, -2.245633663522787e+01,  3.703703703703703e-02,  4.179894179894180e-01,  1.576011780436899e-01,  1.536496353258194e+01
s137        , -1.871948299194560e+01, -1.862219074535522e+01,  8.530805687203792e-02,  2.890995260663507e-01,  2.795593642572756e-01,  1.081208091250872e+01
s138        , -2.098569970792443e+01, -2.125227308217007e+01,  0.000000000000000e+00,  4.310344827586207e-01,  2.095894005894826e-01,  1.378917639300211e+01
s139        , -1.946420871832499e+01, -1.936713332828201e+01,  1.010101010101010e-01,  0.000000000000000e+00,  2.315950319630764e-01,  1.254960745678858e+01
s140        , -1.890485827097119e+01, -1.934947059605776e+01,  1.333333333333333e-01,  0.000000000000000e+00,  2.455769887586934e-01,  1.287274819122136e+01
s141        , -2.048387804329865e+01, -2.112067127396811e+01,  1.512027491408935e-01,  3.573883161512028e-01,  1.967039977835235e-01,  1.411942687752941e+01
s142        , -1.712146112463541e+01, -1.732311058242031e+01,  0.000000000000000e+00,  0.000000000000000e+00,  3.662589966916968e-01,  1.063503307944266e+01
s143        , -2.146398341435241e+01, -2.187419438421964e+01,  0.000000000000000e+00,  5.169082125603864e-01,  1.445548643751395e-01,  1.351943477141218e+01
s144        , -2.296743054539722e+01, -2.245230585187244e+01,  0.000000000000000e+00,  7.797356828193833e-01,  1.513555627506898e-01,  1.374984357600055e+01
s145        , -2.169591974109321e+01, -2.160164520210268e+01,  3.015075376884422e-02,  2.060301507537688e-01,  1.713741655506263e-01,  1.474772486021735e+01
s146        , -2.268369172314783e+01, -2.264970034507862e+01,  0.000000000000000e+00,  4.953703703703703e-01,  1.403651032031738e-01,  1.501197248920169e+01
s147        , -2.121406114253308e+01, -2.139089990212508e+01,  2.010050251256282e-01,  3.417085427135679e-01,  1.716687652268834e-01,  1.443301065918475e+01
s148        , -2.139826235530006e+01, -2.119389429898034e+01,  0.000000000000000e+00,  3.574297188755020e-01,  2.002541252427043e-01,  1.379308649347700e+01
s149        , -1.818204101397333e+01, -1.826015554276597e+01,  0.000000000000000e+00,  0.000000000000000e+00,  2.856503140413506e-01,  1.102155418219650e+01
s150        , -2.236615053154114e+01, -2.195351934706128e+01,  9.691629955947137e-02,  5.638766519823789e-01,  1.607861118236804e-01,  1.411536952764653e+01
s151        , -2.007280490017163e+01, -1.971811918189144e+01,  5.263157894736842e-02,  5.263157894736842e-02,  2.332878337582753e-01,  1.288265380989843e+01
s152        , -2.043501428229088e+01, -2.039760598450492e+01,  0.000000000000000e+00,  0.000000000000000e+00,  2.244497571150639e-01,  1.404409768312792e+01
s153        , -2.294208833005412e+01, -2.266921618097899e+01,  1.250000000000000e-01,  6.093750000000000e-01,  1.586382144098272e-01,  1.537350462418146e+01
s154        , -1.941555486932839e+01, -1.922345923157125e+01,  2.619047619047619e-01,  0.000000000000000e+00,  2.321122182384753e-01,  1.284580740558312e+01
s155        , -2.030625886040805e+01, -2.067842531768246e+01,  1.184668989547038e-01,  0.000000000000000e+00,  2.216620569605587e-01,  1.494677397921330e+01
s156        , -1.755225478861601e+01, -1.762218576845990e+01,  0.000000000000000e+00,  7.619047619047620e-02,  3.368728245191734e-01,  1.040621343103610e+01
s157        , -1.981494689568535e+01, -1.938587675793514e+01,  0.000000000000000e+00,  1.479591836734694e-01,  2.482365452376948e-01,  1.196305228847324e+01
s158        , -2.120666701656112e+01, -2.119260151942837e+01,  0.000000000000000e+00,  2.575757575757576e-01,  1.837572861606237e-01,  1.388060209426527e+01
s159        , -2.199339551508707e+01, -2.195307258741367e+01,  0.000000000000000e+00,  4.587155963302753e-01,  1.737870669471127e-01,  1.440077546134532e+01
s160        , -1.822712376873660e+01, -1.812182775808160e+01,  6.451612903225806e-02,  0.000000000000000e+00,  3.123969031225672e-01,  1.144901174575771e+01
s161        , -1.850131544535105e+01, -1.934209580046592e+01,  0.000000000000000e+00,  0.000000000000000e+00,  2.434387536335485e-01,  1.235547726368276e+01
s162        , -2.165239460618542e+01, -2.185948649821221e+01,  1.191335740072202e-01,  6.425992779783394e-01,  2.182907438318870e-01,  1.471868011421221e+01
s163        , -2.054863013411503e+01, -2.036284484538333e+01,  0.000000000000000e+00,  0.000000000000000e+00,  2.183058596555912e-01,  1.387034957334042e+01
s164        , -2.244259094688993e+01, -2.277067478531242e+01,  0.000000000000000e+00,  3.314606741573033e-01,  1.383515084352401e-01,  1.582865659844279e+01
s165        , -2.169401378729562e+01, -2.135033620034405e+01,  1.279069767441861e-01,  6.124031007751938e-01,  1.861403319741814e-01,  1.332811932116928e+01
s166        , -1.893544650248816e+01, -1.880303559258422e+01,  0.000000000000000e+00,  0.000000000000000e+00,  2.484503104476906e-01,  1.141129553095953e+01
s167        , -1.990371422830687e+01, -2.019809095006066e+01,  0.000000000000000e+00,  0.000000000000000e+00,  2.217566986340555e-01,  1.361527054558242e+01
s168        , -2.358382467591309e+01, -2.358532336163521e+01,  0.000000000000000e+00,  2.769953051643192e-01,  1.157047799221070e-01,  1.719860718653397e+01
s169        , -2.234616115486217e+01, -2.283276871241329e+01,  0.000000000000000e+00,  3.043478260869565e-01,  1.428929548118302e-01,  1.612935478977028e+01
s170        , -1.980105726485419e+01, -2.017443506553495e+01,  0.000000000000000e+00,  1.477272727272727e-01,  2.379032685317212e-01,  1.329272204335284e+01
s171        , -2.225344967355102e+01, -2.224690757028649e+01,  0.000000000000000e+00,  5.160000000000000e-01,  1.592155311683186e-01,  1.449202023078759e+01
s172        , -2.076076397080535e+01, -2.067331099378920e+01,  0.000000000000000e+00,  7.575757575757576e-02,  1.989715319475044e-01,  1.384039216674582e+01
s173        , -2.167162181633835e+01, -2.150771214485183e+01,  0.000000000000000e+00,  2.760416666666666e-01,  1.754570008967987e-01,  1.426891557079287e+01
s174        , -2.217746151284670e+01, -2.208387977049549e+01,  1.975806451612903e-01,  4.637096774193548e-01,  1.703957786778008e-01,  1.526333589360475e+01
s175        , -1.912249737452136e+01, -1.949705345792135e+01,  0.000000000000000e+00,  1.121076233183857e-01,  2.346746061864415e-01,  1.207481616662599e+01
s176        , -2.262880123350610e+01, -2.238544428618686e+01,  0.000000000000000e+00,  3.716814159292036e-01,  1.445345803931627e-01,  1.504710337676838e+01
s177        , -1.998504477748202e+01, -2.063007574825738e+01,  0.000000000000000e+00,  4.344262295081967e-01,  2.073611123679369e-01,  1.254670323833827e+01
s178        , -1.778030448780716e+01, -1.811895076386476e+01,  3.168316831683168e-01,  0.000000000000000e+00,  2.832338083051503e-01,  1.181609501064194e+01
s179        , -2.322340610724453e+01, -2.347393097749651e+01,  0.000000000000000e+00,  6.702127659574468e-01,  1.252393764729865e-01,  1.566371523811240e+01
s180        , -1.682543251402466e+01, -1.655563663563318e+01,  1.870748299319728e-01,  0.000000000000000e+00,  3.890711741529968e-01,  1.021797602734254e+01
s181        , -1.586682207916231e+01, -1.571741256495182e+01,  1.711711711711712e-01,  0.000000000000000e+00,  4.238352536069674e-01,  9.164935050667212e+00
s182        , -2.348293513803748e+01, -2.324622870540136e+01,  0.000000000000000e+00,  4.166666666666667e-01,  1.485870158717687e-01,  1.659493490750253e+01
s183        , -2.155098810628208e+01, -2.122902557878113e+01,  0.000000000000000e+00,  8.994708994708994e-02,  1.865469857122867e-01,  1.463337632043750e+01
s184        , -2.324937775466465e+01, -2.332607046952994e+01,  0.000000000000000e+00,  5.875000000000000e-01,  1.438340707066107e-01,  1.601827768028003e+01
s185        , -2.378592453308165e+01, -2.370213469386870e+01,  0.000000000000000e+00,  5.026737967914439e-01,  1.184591735530042e-01,  1.661616091207551e+01
s186        , -2.071202883303041e+01, -2.115889522208607e+01,  0.000000000000000e+00,  2.970297029702970e-01,  1.824659096132739e-01,  1.364424745508790e+01
s187        , -2.027503475690737e+01, -2.005307391337058e+01,  1.373390557939914e-01,  7.725321888412018e-02,  2.245908186672657e-01,  1.357467636644940e+01
s188        , -2.214013663755619e+01, -2.217104285363227e+01,  0.000000000000000e+00,  2.762430939226519e-01,  1.585095729654594e-01,  1.524185745578024e+01
s189        , -2.074030596943589e+01, -2.101198851218330e+01,  2.631578947368421e-02,  4.022556390977444e-01,  2.170079733884146e-01,  1.365964696847662e+01
s190        , -1.914542963593283e+01, -1.918097187276081e+01,  0.000000000000000e+00,  0.000000000000000e+00,  2.653817073950979e-01,  1.243006840855953e+01
s191        , -1.679323473828856e+01, -1.673276765178009e+01,  2.911877394636015e-01,  2.796934865900383e-01,  3.850528631010262e-01,  9.792105345470995e+00
s192        , -1.690928184419942e+01, -1.674309407043024e+01,  2.932862190812721e-01,  0.000000000000000e+00,  3.592547797190410e-01,  1.042745668048493e+01
s193        , -2.273712334380998e+01, -2.283165514643064e+01,  7.821229050279330e-02,  4.860335195530726e-01,  1.398735296869328e-01,  1.566020855474843e+01
s194        , -2.090019731082972e+01, -2.148554000949690e+01,  0.000000000000000e+00,  3.333333333333333e-01,  1.837290336695543e-01,  1.415402898658779e+01
s195        , -1.910778599576077e+01, -1.929406969931065e+01,  0.000000000000000e+00,  0.000000000000000e+00,  2.700700496060798e-01,  1.272833351311171e+01
s196        , -1.918378235513936e+01, -1.904226375254832e+01,  0.000000000000000e+00,  0.000000000000000e+00,  2.484236492344740e-01,  1.186866051266241e+01
s197        , -2.010118773573690e+01, -2.037878746386052e+01,  0.000000000000000e+00,  5.076142131979695e-02,  2.008007598099063e-01,  1.340325872950210e+01
s198        , -2.040069724820686e+01, -2.070495107621202e+01,  0.000000000000000e+00,  4.631147540983607e-01,  1.923782171898719e-01,  1.231994762888217e+01
s199        , -2.033728659050214e+01, -2.046368284051865e+01,  0.000000000000000e+00,  5.474137931034483e-01,  2.288346426891182e-01,  1.217542352836298e+01
s200        , -1.788348829912646e+01, -1.769446697531151e+01,  1.666666666666667e-01,  0.000000000000000e+00,  3.172010615427802e-01,  1.107187292348849e+01
s201        , -1.891783601993355e+01, -1.951029081080855e+01,  0.000000000000000e+00,  0.000000000000000e+00,  2.372240378739961e-01,  1.256890682981615e+01
s202        , -2.174492495952721e+01, -2.174032605950655e+01,  2.489795918367347e-01,  4.693877551020408e-01,  1.832156861974005e-01,  1.498767120138662e+01
s203        , -2.185008698942601e+01, -2.148683104537814e+01,  2.941176470588235e-02,  0.000000000000000e+00,  1.874551583844861e-01,  1.558576737373445e+01
s204        , -2.086349108831322e+01, -2.102884390257639e+01,  0.000000000000000e+00,  1.554404145077720e-01,  1.877755810737457e-01,  1.402385816917237e+01
s205        , -2.088054945703831e+01, -2.156230305837874e+01,  0.000000000000000e+00,  5.175438596491229e-01,  1.806902787646387e-01,  1.355077050703550e+01
s206        , -2.114956534802060e+01, -2.176895780016162e+01,  0.000000000000000e+00,  5.250000000000000e-01,  2.002847505255328e-01,  1.426000654092923e+01
s207        , -1.936064601068155e+01, -1.962332190163580e+01,  1.849529780564263e-01,  3.605015673981191e-01,  2.865291319823275e-01,  1.292758569165825e+01
s208        , -2.173553987268506e+01, -2.127186035775461e+01,  1.075268817204301e-02,  0.000000000000000e+00,  1.843866023685235e-01,  1.505561714464207e+01
s209        , -1.958079034508013e+01, -1.962263678512291e+01,  6.779661016949153e-02,  0.000000000000000e+00,  2.435608520977331e-01,  1.313137030716577e+01
s210        , -2.077095411669474e+01, -2.150689245379692e+01,  3.181818181818181e-02,  4.045454545454545e-01,  1.830360346836693e-01,  1.402446716334467e+01
s211        , -2.106003856984427e+01, -2.080582448936414e+01,  0.000000000000000e+00,  1.190476190476190e-01,  2.015057055073173e-01,  1.397439155284893e+01
s212        , -1.921431398034701e+01, -1.897758713475886e+01,  6.603773584905660e-02,  1.179245283018868e-01,  2.738923516701623e-01,  1.197380638388994e+01
s213        , -1.891211086691480e+01, -1.873914062083556e+01,  1.048034934497817e-01,  2.139737991266376e-01,  2.853049804848375e-01,  1.148859167756084e+01
s214        , -1.797391097043976e+01, -1.794092101626485e+01,  0.000000000000000e+00,  0.000000000000000e+00,  3.435345931690744e-01,  1.142080201332158e+01
s215        , -2.046416066581664e+01, -2.056010874769271e+01,  0.000000000000000e+00,  0.000000000000000e+00,  2.144832538374341e-01,  1.418115757870495e+01
s216        , -2.054695205981560e+01, -2.053205194245190e+01,  0.000000000000000e+00,  4.593301435406699e-01,  2.145167187487477e-01,  1.238973893516988e+01
s217        , -2.064527960557822e+01, -2.081159293845092e+01,  0.000000000000000e+00,  2.539682539682540e-01,  2.212585076447643e-01,  1.381955648495783e+01
s218        , -2.267569057486860e+01, -2.264867963413888e+01,  9.389671361502347e-02,  4.788732394366197e-01,  1.482643387680712e-01,  1.553836538743195e+01
s219        , -1.969996813819463e+01, -2.020146873026484e+01,  2.087912087912088e-01,  1.684981684981685e-01,  2.287410868247149e-01,  1.383543054291951e+01
s220        , -2.056541179285701e+01, -2.149683928696575e+01,  0.000000000000000e+00,  4.708737864077670e-01,  1.581424885906487e-01,  1.320860476174501e+01
s221        , -2.147236245537334e+01, -2.124525471196462e+01,  3.482587064676617e-02,  0.000000000000000e+00,  1.893025156783245e-01,  1.517459901226886e+01
s222        , -1.817717386569833e+01, -1.827674986096368e+01,  0.000000000000000e+00,  0.000000000000000e+00,  3.074917640427947e-01,  1.143448766575017e+01
s223        , -2.049263974761081e+01, -2.047375697599371e+01,  0.000000000000000e+00,  6.912442396313365e-02,  2.072058871400081e-01,  1.362729772694011e+01
s224        , -2.147370851727396e+01, -2.143099618481025e+01,  2.331081081081081e-01,  4.898648648648649e-01,  2.078911872901266e-01,  1.469337056935865e+01
s225        , -2.297636192643720e+01, -2.271752728660912e+01,  0.000000000000000e+00,  5.922746781115880e-01,  1.445752009380873e-01,  1.484852405719847e+01
s226        , -2.349615644619751e+01, -2.288420198797006e+01,  1.282051282051282e-02,  5.726495726495726e-01,  1.461496586405376e-01,  1.531404269832646e+01
s227        , -1.994214785348108e+01, -2.060393686243099e+01,  0.000000000000000e+00,  3.333333333333333e-01,  2.103904398009507e-01,  1.293212692850615e+01
s228        , -1.935600154849446e+01, -1.929114365061193e+01,  2.531645569620253e-01,  0.000000000000000e+00,  2.430347038853701e-01,  1.313542249169904e+01
s229        , -1.931982821700711e+01, -1.950646738929199e+01,  2.422360248447205e-01,  1.149068322981366e-01,  2.610091754118245e-01,  1.338815390391039e+01
s230        , -1.663964761443124e+01, -1.656872048837058e+01,  2.251908396946565e-01,  0.000000000000000e+00,  3.513414375226419e-01,  9.717728647609446e+00
s231        , -1.912412961575534e+01, -1.897928551832649e+01,  1.843317972350230e-01,  3.686635944700461e-02,  2.559898467861341e-01,  1.238467978520177e+01
s232        , -2.205202611453251e+01, -2.198167680779900e+01,  0.000000000000000e+00,  3.242009132420091e-01,  1.480496426489394e-01,  1.451541273985609e+01
s233        , -2.108987100746543e+01, -2.112988656276078e+01,  0.000000000000000e+00,  5.446808510638298e-01,  1.890079221359472e-01,  1.276568072216728e+01
s234        , -2.119865480781422e+01, -2.129114024482602e+01,  0.000000000000000e+00,  4.419889502762431e-01,  1.675828091538421e-01,  1.308900672235156e+01
s235        , -1.634470488909293e+01, -1.579218783414385e+01,  4.494382022471910e-02,  4.868913857677903e-02,  4.592694320255752e-01,  9.301158439141952e+00
s236        , -2.035495556536669e+01, -2.058130151046938e+01,  2.758620689655172e-01,  0.000000000000000e+00,  2.181073684849381e-01,  1.524877233833640e+01
s237        , -2.057488800817375e+01, -2.072909381368224e+01,  1.556420233463035e-02,  5.058365758754864e-01,  2.298446988709321e-01,  1.291271426062128e+01
s238        , -2.181497599002021e+01, -2.147247663929421e+01,  0.000000000000000e+00,  6.217228464419475e-01,  1.879452147572687e-01,  1.311121581800404e+01
s239        , -1.938605784207409e+01, -1.948548130795364e+01,  0.000000000000000e+00,  2.365145228215768e-01,  2.743866521276132e-01,  1.227491106220577e+01
s240        , -1.879589433372550e+01, -1.866825663073810e+01,  1.513761467889908e-01,  2.431192660550459e-01,  2.844193670980101e-01,  1.138989609952614e+01
s241        , -1.732119998261703e+01, -1.693766112815771e+01,  0.000000000000000e+00,  0.000000000000000e+00,  3.805935527449679e-01,  1.014753305475080e+01
s242        , -2.017650413285683e+01, -1.997345426126140e+01,  1.121495327102804e-01,  0.000000000000000e+00,  2.135400766117509e-01,  1.343379793298011e+01
s243        , -1.996072124442394e+01, -1.998790570637048e+01,  0.000000000000000e+00,  0.000000000000000e+00,  2.208341268327243e-01,  1.319692138674588e+01
s244        , -2.121993688931675e+01, -2.114303273172109e+01,  9.569377990430622e-02,  4.354066985645934e-01,  1.769622236924099e-01,  1.332849602478203e+01
s245        , -2.152256201120388e+01, -2.161404166034773e+01,  0.000000000000000e+00,  1.730769230769231e-01,  1.773717507949535e-01,  1.489548711173752e+01
s246        , -1.806013829922115e+01, -1.806712468929355e+01,  5.069124423963134e-02,  9.216589861751152e-02,  3.107705217971640e-01,  1.091884062806907e+01
s247        , -1.662499542985015e+01, -1.665089314290318e+01,  0.000000000000000e+00,  0.000000000000000e+00,  3.653244387355097e-01,  9.332246370192067e+00
s248        , -2.087245838906029e+01, -2.094336476968106e+01,  0.000000000000000e+00,  3.939393939393939e-01,  1.974714410618038e-01,  1.312689591815216e+01
s249        , -2.031192930505803e+01, -2.043806266205180e+01,  0.000000000000000e+00,  3.809523809523809e-01,  2.441882261171728e-01,  1.302430537181656e+01
s250        , -1.829082894515480e+01, -1.835957167824517e+01,  0.000000000000000e+00,  1.084905660377359e-01,  2.965107092140418e-01,  1.099077359457607e+01
s251        , -2.316191337748571e+01, -2.316302407934209e+01,  0.000000000000000e+00,  5.614035087719298e-01,  1.341670517031091e-01,  1.563629506714978e+01
s252        , -1.836403387539604e+01, -1.848359276210445e+01,  0.000000000000000e+00,  0.000000000000000e+00,  2.888276470626525e-01,  1.150461466755237e+01
s253        , -1.948978591890307e+01, -1.968001618576957e+01,  1.466165413533835e-01,  0.000000000000000e+00,  2.232794497347833e-01,  1.316261373539625e+01
s254        , -1.974328758235917e+01, -2.008915736732770e+01,  1.393442622950820e-01,  1.229508196721311e-01,  2.248262031522641e-01,  1.348190600728651e+01
s255        , -2.045692599174058e+01, -2.015789262241914e+01,  0.000000000000000e+00,  0.000000000000000e+00,  2.159863985366155e-01,  1.343763684590525e+01
s256        , -1.776850461240055e+01, -1.771261407888174e+01,  7.079646017699115e-02,  1.238938053097345e-01,  3.420645199827455e-01,  1.073669719586372e+01
s257        , -2.163660994039700e+01, -2.161044494564141e+01,  0.000000000000000e+00,  2.266666666666667e-01,  1.842501556211475e-01,  1.480583801726971e+01
s258        , -1.860059101905129e+01, -1.839333552070401e+01,  2.186046511627907e-01,  0.000000000000000e+00,  2.677401933392988e-01,  1.172762749737372e+01
s259        , -2.094542362420654e+01, -2.078268793639747e+01,  0.000000000000000e+00,  0.000000000000000e+00,  1.863046132135052e-01,  1.411535352530372e+01
s260        , -1.742875942837962e+01, -1.745432155403472e+01,  0.000000000000000e+00,  3.333333333333333e-02,  3.785186502441937e-01,  1.097394876507680e+01
s261        , -2.065616574581777e+01, -2.036277564590943e+01,  0.000000000000000e+00,  0.000000000000000e+00,  2.144016617842257e-01,  1.380208132797446e+01
s262        , -2.014040040752147e+01, -2.001177027735407e+01,  0.000000000000000e+00,  5.291479820627802e-01,  2.465810048955269e-01,  1.168939619719242e+01
s263        , -1.686996628366655e+01, -1.673422455294394e+01,  0.000000000000000e+00,  0.000000000000000e+00,  4.018777271626633e-01,  1.012965008990526e+01
s264        , -2.074271161967796e+01, -2.043456473279893e+01,  0.000000000000000e+00,  4.234234234234234e-01,  2.144001109678780e-01,  1.233702163320824e+01
s265        , -2.059536695716665e+01, -2.070585835624185e+01,  0.000000000000000e+00,  4.084507042253521e-01,  1.919513765659626e-01,  1.252110767193357e+01
s266        , -2.198651133619990e+01, -2.180536453348945e+01,  4.072398190045249e-02,  5.067873303167421e-01,  1.525762477671616e-01,  1.370828178612517e+01
s267        , -1.899333543245141e+01, -1.873561377043409e+01,  1.620370370370370e-01,  5.092592592592592e-02,  2.610358242643442e-01,  1.187530635607446e+01
s268        , -1.857298059991068e+01, -1.852792925852408e+01,  0.000000000000000e+00,  2.289719626168224e-01,  3.004356764330593e-01,  1.092551657896158e+01
s269        , -2.106917022960664e+01, -2.085763622374347e+01,  0.000000000000000e+00,  0.000000000000000e+00,  1.907354685415718e-01,  1.433611512757188e+01
s270        , -1.920756052964929e+01, -1.949629646797263e+01,  0.000000000000000e+00,  0.000000000000000e+00,  2.140223127060646e-01,  1.213720969370208e+01
s271        , -1.965184309682283e+01, -1.962748020703678e+01,  1.794871794871795e-01,  0.000000000000000e+00,  2.304227233014942e-01,  1.330157898392447e+01
s272        , -2.112049940018463e+01, -2.062538822887370e+01,  0.000000000000000e+00,  5.142857142857143e-02,  1.957914514472348e-01,  1.378525163006306e+01
s273        , -1.945398506004425e+01, -1.953045071162875e+01,  0.000000000000000e+00,  2.742616033755274e-01,  2.504352249858571e-01,  1.180012224273201e+01
s274        , -2.135203005648119e+01, -2.164453870007237e+01,  5.741626794258373e-02,  4.641148325358851e-01,  1.565153112247819e-01,  1.368905185984844e+01
s275        , -2.088724638081418e+01, -2.112406893462399e+01,  0.000000000000000e+00,  3.721973094170403e-01,  2.016518449937790e-01,  1.362796188071177e+01
s276        , -1.839432489855567e+01, -1.836622350217444e+01,  2.422907488986784e-01,  0.000000000000000e+00,  2.736662107672999e-01,  1.186191615221904e+01
s277        , -2.199306195501885e+01, -2.038928835976787e+01,  5.785123966942149e-02,  8.512396694214877e-01,  2.033833315279950e-01,  1.064118388010568e+01
s278        , -2.276883612887764e+01, -2.276246210734339e+01,  0.000000000000000e+00,  2.878787878787879e-01,  1.771150899126383e-01,  1.665437199173823e+01
s279        , -2.262380984036664e+01, -2.269374223293315e+01,  1.411290322580645e-01,  3.709677419354839e-01,  1.469986787740145e-01,  1.617589973297932e+01
s280        , -1.620731240668889e+01, -1.638592177717328e+01,  2.087227414330218e-01,  0.000000000000000e+00,  3.918036413457343e-01,  1.001649943450639e+01
s281        , -2.072632910940930e+01, -2.035855519423360e+01,  0.000000000000000e+00,  6.936170212765957e-01,  2.024655932299487e-01,  1.096074370340589e+01
s282        , -1.840721485531197e+01, -1.893817262240985e+01,  3.404255319148936e-02,  3.489361702127660e-01,  2.687674804884543e-01,  1.082290168487959e+01
s283        , -1.945843055355910e+01, -1.974853752892220e+01,  9.677419354838709e-02,  0.000000000000000e+00,  2.568086352152236e-01,  1.370475827117980e+01
s284        , -2.290375248734285e+01, -2.317632805972600e+01,  2.528301886792453e-01,  3.886792452830189e-01,  1.560046925979977e-01,  1.757986968282270e+01
s285        , -2.162506652538119e+01, -2.143323317921620e+01,  0.000000000000000e+00,  3.551401869158878e-01,  1.842481623607949e-01,  1.398045821386913e+01
s286        , -2.308167299949378e+01, -2.353064292922348e+01,  0.000000000000000e+00,  3.595505617977528e-01,  1.150745754518510e-01,  1.677053698787324e+01
s287        , -1.888746545864790e+01, -1.892273589137398e+01,  0.000000000000000e+00,  3.000000000000000e-01,  3.075191664772828e-01,  1.153590911196497e+01
s288        , -2.031934863671701e+01, -2.046002581783292e+01,  2.941176470588235e-02,  0.000000000000000e+00,  2.195137187069538e-01,  1.418017114594138e+01
s289        , -2.410980627565496e+01, -2.415856251248530e+01,  1.081081081081081e-02,  4.648648648648649e-01,  1.102440337547035e-01,  1.752715020740317e+01
s290        , -2.087284446952964e+01, -2.069172107024113e+01,  0.000000000000000e+00,  0.000000000000000e+00,  2.057888213958721e-01,  1.428130003977539e+01
s291        , -2.204275686911580e+01, -2.135967855271288e+01,  0.000000000000000e+00,  8.839285714285714e-01,  1.687846607407329e-01,  1.156865398252174e+01
s292        , -1.820983264392220e+01, -1.836316929682425e+01,  0.000000000000000e+00,  2.427983539094650e-01,  2.899577052526962e-01,  1.037501606308570e+01
s293        , -1.668568749246811e+01, -1.660738441430830e+01,  1.088709677419355e-01,  4.032258064516129e-02,  3.879019903304305e-01,  9.870777815383827e+00
s294        , -2.280852590517532e+01, -2.330748081927756e+01,  0.000000000000000e+00,  4.946236559139785e-01,  1.201747480623109e-01,  1.592128526921126e+01
s295        , -1.673628435422914e+01, -1.692546555921836e+01,  2.260536398467433e-01,  1.877394636015326e-01,  3.599992374882600e-01,  9.844081330949466e+00
s296        , -2.103716924286631e+01, -2.088268027080130e+01,  0.000000000000000e+00,  6.483050847457628e-01,  1.900224034802614e-01,  1.191812685957452e+01
s297        , -2.124288787488653e+01, -2.110339147744604e+01,  0.000000000000000e+00,  3.259668508287293e-01,  1.934573598278580e-01,  1.362033659538016e+01
s298        , -2.177880180045448e+01, -2.157805669003029e+01,  1.854545454545455e-01,  5.636363636363636e-01,  1.892810067815530e-01,  1.420435221708238e+01
s299        , -1.893486515270964e+01, -1.896151154439920e+01,  1.240310077519380e-01,  6.589147286821706e-02,  2.714957931178983e-01,  1.230074995758987e+01
s300        , -1.774017522269403e+01, -1.783557780706808e+01,  0.000000000000000e+00,  2.394957983193277e-01,  3.638289088142952e-01,  1.066701544411830e+01
s301        , -2.283171483494903e+01, -2.281128714519136e+01,  1.287128712871287e-01,  5.049504950495050e-01,  1.305218401281788e-01,  1.556287263236856e+01
s302        , -1.721456897049112e+01, -1.706571567812107e+01,  2.342342342342342e-01,  0.000000000000000e+00,  3.249177845391034e-01,  1.023932048366665e+01
s303        , -2.130552121943375e+01, -2.103472831432153e+01,  0.000000000000000e+00,  6.812227074235808e-01,  1.816738384051264e-01,  1.193884004737933e+01
s304        , -2.313677054561944e+01, -2.300430499215798e+01,  0.000000000000000e+00,  3.041474654377880e-01,  1.505697843903282e-01,  1.659237143147819e+01
s305        , -1.858159986173835e+01, -1.843045592660892e+01,  3.155555555555555e-01,  4.888888888888889e-02,  2.692613255250567e-01,  1.197892505927130e+01
s306        , -2.163460095493751e+01, -2.135119115152298e+01,  1.590909090909091e-01,  1.863636363636364e-01,  1.806465731987682e-01,  1.495515086567969e+01
s307        , -1.987289536762319e+01, -2.007014472947029e+01,  1.064638783269962e-01,  0.000000000000000e+00,  2.342613094155950e-01,  1.396060336024161e+01
s308        , -2.028550026196297e+01, -1.986213630419386e+01,  0.000000000000000e+00,  7.665198237885462e-01,  2.112403915285236e-01,  9.887947561896846e+00
s309        , -2.129242792516701e+01, -2.096644633333078e+01,  5.177514792899409e-01,  3.846153846153846e-01,  2.188925200754100e-01,  1.538911783530099e+01
s310        , -1.894855963686166e+01, -1.924890086885630e+01,  0.000000000000000e+00,  3.225806451612903e-02,  2.748469925383779e-01,  1.260317841366193e+01
s311        , -2.010039836844276e+01, -2.023464609219370e+01,  3.292181069958848e-02,  0.000000000000000e+00,  2.134787162111996e-01,  1.365578468430495e+01
s312        , -1.830057188159682e+01, -1.830097697494307e+01,  2.339449541284404e-01,  0.000000000000000e+00,  2.718497938512447e-01,  1.167619001497639e+01
s313        , -1.990312271450173e+01, -1.949665061662716e+01,  0.000000000000000e+00,  1.481481481481481e-01,  2.521904675836512e-01,  1.224333765408960e+01
s314        , -1.980645538479249e+01, -1.942794202356047e+01,  7.462686567164178e-02,  0.000000000000000e+00,  2.324026634310702e-01,  1.258789879217502e+01
s315        , -1.914671781515828e+01, -1.970105109701894e+01,  2.379182156133829e-01,  3.903345724907063e-01,  2.557671257287811e-01,  1.261163477864707e+01
s316        , -2.257620253811652e+01, -2.223675429593706e+01,  1.217391304347826e-01,  5.391304347826087e-01,  1.466161064393278e-01,  1.459050189359800e+01
s317        , -1.647333233405121e+01, -1.621522416232941e+01,  0.000000000000000e+00,  5.752212389380531e-02,  4.214306165416444e-01,  9.259943744194796e+00
s318        , -2.027102701488289e+01, -1.988530916266631e+01,  5.339805825242718e-02,  1.650485436893204e-01,  2.322864248553770e-01,  1.276238476361241e+01
s319        , -1.996146248057647e+01, -1.986612527891797e+01,  0.000000000000000e+00,  2.189054726368159e-01,  2.165000903916403e-01,  1.205978803572949e+01
s320        , -2.548773082504399e+01, -2.486649050429857e+01,  0.000000000000000e+00,  5.798319327731093e-01,  1.152944236176970e-01,  1.849725129301717e+01
s321        , -1.727661852750149e+01, -1.752678827679751e+01,  1.728813559322034e-01,  0.000000000000000e+00,  3.301592267072191e-01,  1.099883063540610e+01
s322        , -2.011073789818953e+01, -2.061666548971009e+01,  0.000000000000000e+00,  1.836734693877551e-01,  1.933353009583839e-01,  1.322522054623737e+01
s323        , -2.178223238748198e+01, -2.148083999758387e+01,  0.000000000000000e+00,  2.153846153846154e-01,  1.769800451672763e-01,  1.447362130862317e+01
s324        , -1.879130547869734e+01, -1.864034079739374e+01,  2.343750000000000e-01,  0.000000000000000e+00,  2.777621921568190e-01,  1.243034329568784e+01
s325        , -2.032679436678044e+01, -1.988334169711609e+01,  0.000000000000000e+00,  0.000000000000000e+00,  2.190222392788695e-01,  1.296518784189929e+01
s326        , -2.071891083121713e+01, -2.075570500492277e+01,  0.000000000000000e+00,  5.665236051502146e-01,  1.856179380657551e-01,  1.190775480906385e+01
s327        , -1.834375983430116e+01, -1.886378445767918e+01,  2.189781021897810e-01,  0.000000000000000e+00,  2.664325377944725e-01,  1.260644730843445e+01
s328        , -2.099505369246730e+01, -2.125428900468657e+01,  0.000000000000000e+00,  4.618473895582329e-01,  1.802521205303418e-01,  1.316443243700744e+01
s329        , -2.140321290954873e+01, -2.114628170317026e+01,  5.882352941176471e-02,  6.360294117647058e-01,  2.083599317170265e-01,  1.299460219426232e+01
s330        , -2.114112529442132e+01, -2.184279050990314e+01,  0.000000000000000e+00,  5.021834061135371e-01,  1.657415192231610e-01,  1.388480795970728e+01
s331        , -1.934637322166436e+01, -1.974804178707239e+01,  2.159090909090909e-01,  2.272727272727273e-01,  2.354236169286606e-01,  1.288673344920433e+01
s332        , -1.962462779654497e+01, -1.990476893037270e+01,  3.577586206896551e-01,  3.017241379310345e-01,  2.220825651317033e-01,  1.316768543641335e+01
s333        , -2.293624249800790e+01, -2.303667124217824e+01,  0.000000000000000e+00,  4.293478260869565e-01,  1.237368865901841e-01,  1.571221386581282e+01
s334        , -1.807355423930957e+01, -1.818986358213178e+01,  0.000000000000000e+00,  0.000000000000000e+00,  3.156005270914256e-01,  1.140971998570818e+01
s335        , -1.850164643907080e+01, -1.839795522607396e+01,  2.541666666666667e-01,  1.166666666666667e-01,  2.848804362809610e-01,  1.171832763968810e+01
s336        , -2.151296308555482e+01, -2.145714942861031e+01,  6.637168141592921e-02,  3.362831858407080e-01,  1.981606695731995e-01,  1.457228188273385e+01
s337        , -1.775953587894473e+01, -1.593475125276894e+01,  2.605863192182410e-01,  4.169381107491857e-01,  4.357895242003806e-01,  8.524020124833086e+00
s338        , -2.118082550420247e+01, -2.124401291096737e+01,  2.680851063829787e-01,  4.893617021276596e-01,  1.942586907560244e-01,  1.422171914604862e+01
s339        , -1.761381998690202e+01, -1.827144927570735e+01,  2.410423452768730e-01,  0.000000000000000e+00,  2.906019989883049e-01,  1.197173967003016e+01
s340        , -1.906967392812366e+01, -1.892380013221761e+01,  2.264150943396226e-01,  1.792452830188679e-01,  2.611003134893108e-01,  1.197588662588536e+01
s341        , -2.371082699534004e+01, -2.352440720013752e+01,  6.481481481481481e-02,  4.212962962962963e-01,  1.216609414454963e-01,  1.686632529311710e+01
s342        , -1.901967676945428e+01, -1.921089548787425e+01,  1.659919028340081e-01,  5.263157894736842e-02,  2.635084893058311e-01,  1.283540678940368e+01
s343        , -1.943128604912865e+01, -1.907644134891474e+01,  0.000000000000000e+00,  2.876712328767123e-01,  2.699014304780651e-01,  1.122022283801668e+01
s344        , -2.171448714042025e+01, -2.202689246275633e+01,  1.485507246376812e-01,  4.094202898550725e-01,  1.723847659817624e-01,  1.522314032500174e+01
s345        , -1.896311499883081e+01, -1.857452180167860e+01,  4.651162790697674e-02,  0.000000000000000e+00,  2.704013423112479e-01,  1.151956084381350e+01
s346        , -2.211462969107367e+01, -2.197058830729919e+01,  2.843601895734597e-02,  4.928909952606635e-01,  1.569734156746924e-01,  1.411088108066717e+01
s347        , -1.640817037109120e+01, -1.635248849782743e+01,  3.802816901408451e-01,  1.549295774647887e-01,  3.843940933959256e-01,  9.836276308463226e+00
s348        , -2.058778590237884e+01, -2.065975623992192e+01,  0.000000000000000e+00,  1.531100478468899e-01,  2.039348124697015e-01,  1.360833428236837e+01
s349        , -1.918353701640313e+01, -1.916087833936727e+01,  0.000000000000000e+00,  0.000000000000000e+00,  2.722671389048900e-01,  1.251177790155898e+01
s350        , -2.047073332015930e+01, -2.042104494789844e+01,  3.744493392070485e-01,  2.775330396475771e-01,  2.031522817318363e-01,  1.397521842746461e+01
s351        , -2.167714580870165e+01, -2.211425341411116e+01,  0.000000000000000e+00,  3.591160220994475e-01,  1.585710192902809e-01,  1.482061951595202e+01
s352        , -2.086238589025425e+01, -2.083351884236938e+01,  3.431372549019608e-02,  6.372549019607843e-02,  2.182823379514659e-01,  1.464942607231303e+01
s353        , -1.920058764071421e+01, -1.949987094821715e+01,  6.049822064056939e-02,  0.000000000000000e+00,  2.391219137240566e-01,  1.279345617001628e+01
s354        , -2.053223705409261e+01, -2.110041905127779e+01,  2.538071065989848e-02,  6.192893401015229e-01,  1.847155053145895e-01,  1.244069919676819e+01
s355        , -1.704257081119439e+01, -1.735277067685884e+01,  1.487603305785124e-01,  0.000000000000000e+00,  3.091916019664745e-01,  1.021559924198003e+01
s356        , -2.127143545968418e+01, -2.123940689373884e+01,  5.000000000000000e-02,  4.461538461538462e-01,  1.943583132242013e-01,  1.361621332887939e+01
s357        , -1.906625211198675e+01, -1.947532570350649e+01,  7.299270072992700e-02,  9.854014598540146e-02,  2.627808071669345e-01,  1.283010932070438e+01
s358        , -2.032987192881253e+01, -1.988542363522164e+01,  0.000000000000000e+00,  3.076923076923077e-02,  2.126498415941241e-01,  1.274151718007906e+01
s359        , -2.136102912880764e+01, -2.118861210005998e+01,  1.523809523809524e-01,  3.190476190476190e-01,  1.747920859140088e-01,  1.401625998056094e+01
s360        , -1.881386071055488e+01, -1.870714384221299e+01,  0.000000000000000e+00,  1.494845360824742e-01,  2.869478272042740e-01,  1.133392045330953e+01
s361        , -2.182643688719446e+01, -2.145957605958217e+01,  3.493449781659388e-02,  5.545851528384279e-01,  1.696387967429135e-01,  1.314317754194726e+01
s362        , -2.091897008712596e+01, -2.094059850411275e+01,  0.000000000000000e+00,  0.000000000000000e+00,  1.892970576929652e-01,  1.446978369650596e+01
s363        , -1.798497754334610e+01, -1.838976654954562e+01,  3.673469387755102e-02,  0.000000000000000e+00,  2.620210658060646e-01,  1.098556901423778e+01
s364        , -1.789393844733154e+01, -1.775345800892101e+01,  0.000000000000000e+00,  0.000000000000000e+00,  3.464351843278564e-01,  1.111265983191569e+01
s365        , -2.184332997178521e+01, -2.123034764530973e+01,  2.466216216216216e-01,  6.621621621621622e-01,  2.196904279192604e-01,  1.391045737583827e+01
s366        , -2.293131491804218e+01, -2.266581298863878e+01,  1.120689655172414e-01,  5.043103448275862e-01,  1.536308846575817e-01,  1.563203657952656e+01
s367        , -2.320311495695380e+01, -2.273219262648910e+01,  0.000000000000000e+00,  5.352112676056338e-01,  1.444990660165639e-01,  1.509121474547532e+01
s368        , -1.944159222026194e+01, -1.982132787539754e+01,  2.166064981949458e-02,  0.000000000000000e+00,  2.348282494925135e-01,  1.319803057663501e+01
s369        , -2.221834550731525e+01, -2.247594701639026e+01,  7.075471698113207e-02,  4.622641509433962e-01,  1.440708996777638e-01,  1.511661185039299e+01
s370        , -1.739352775780219e+01, -1.789821176908298e+01,  1.980198019801980e-01,  0.000000000000000e+00,  3.064890226025007e-01,  1.138439176858629e+01
s371        , -2.131349702655302e+01, -2.068825628601783e+01,  0.000000000000000e+00,  4.469273743016760e-02,  1.979706132855871e-01,  1.396908927790588e+01
s372        , -2.230067528571091e+01, -2.191861725658674e+01,  6.122448979591837e-02,  3.826530612244898e-01,  1.632982104133854e-01,  1.465354538192490e+01
s373        , -1.609460498694387e+01, -1.611981856490026e+01,  0.000000000000000e+00,  0.000000000000000e+00,  4.280734933084938e-01,  9.410978518745713e+00
s374        , -1.846307154319872e+01, -1.885466895542896e+01,  2.909836065573770e-01,  4.508196721311475e-01,  2.869332358849976e-01,  1.149225168605967e+01
s375        , -2.092466765927065e+01, -2.080311232884612e+01,  0.000000000000000e+00,  0.000000000000000e+00,  1.897625609406626e-01,  1.421478922008639e+01
s376        , -2.335896110191541e+01, -2.373517319041279e+01,  0.000000000000000e+00,  4.042553191489361e-01,  1.137392178573431e-01,  1.696947596682559e+01
s377        , -2.209438728501526e+01, -2.266829930445155e+01,  0.000000000000000e+00,  5.606060606060607e-01,  1.373416428511083e-01,  1.474792092521441e+01
s378        , -2.111108779470583e+01, -2.118534359706553e+01,  0.000000000000000e+00,  0.000000000000000e+00,  1.752858107931718e-01,  1.469364877967337e+01
s379        , -1.875225846070942e+01, -1.868447287508019e+01,  0.000000000000000e+00,  1.862745098039216e-01,  3.035147369319283e-01,  1.144042833827933e+01
s380        , -1.834869608623442e+01, -1.836914727745021e+01,  1.908396946564886e-02,  5.343511450381679e-02,  2.949657829631631e-01,  1.125716707138615e+01
s381        , -2.068155326614140e+01, -2.013671764746426e+01,  5.319148936170213e-02,  6.914893617021277e-02,  2.078748029868924e-01,  1.317970018711688e+01
s382        , -1.804666933121612e+01, -1.823359478285332e+01,  0.000000000000000e+00,  0.000000000000000e+00,  3.150608299996506e-01,  1.148399316093682e+01
s383        , -2.062194236740874e+01, -2.096383676946246e+01,  2.134831460674157e-01,  2.846441947565543e-01,  2.011397128262633e-01,  1.438958334432223e+01
s384        , -1.800916137079852e+01, -1.836131460304865e+01,  0.000000000000000e+00,  0.000000000000000e+00,  2.930013208081263e-01,  1.134343975682669e+01
s385        , -2.216424509641620e+01, -2.207007824877415e+01,  5.376344086021505e-02,  4.587813620071685e-01,  1.819531248686042e-01,  1.495480234123265e+01
s386        , -2.182057698940036e+01, -2.164441592854151e+01,  1.134020618556701e-01,  2.680412371134021e-01,  1.665733399754422e-01,  1.480198156713127e+01
s387        , -1.799817167842237e+01, -1.770525548478662e+01,  0.000000000000000e+00,  0.000000000000000e+00,  3.406283495127698e-01,  1.091907025269803e+01
s388        , -2.351217009702901e+01, -2.365467253927882e+01,  0.000000000000000e+00,  3.673469387755102e-01,  1.142576934297241e-01,  1.696414137425691e+01
s389        , -2.149803565649794e+01, -2.188798440757467e+01,  0.000000000000000e+00,  4.194756554307116e-01,  1.708279470704083e-01,  1.437306984138770e+01
s390        , -2.025125341850577e+01, -1.977820515355094e+01,  7.575757575757576e-02,  0.000000000000000e+00,  2.162023148236904e-01,  1.297944869241107e+01
s391        , -1.925641978436478e+01, -1.910426661309408e+01,  1.960784313725490e-02,  0.000000000000000e+00,  2.604051498804632e-01,  1.226492679261023e+01
s392        , -1.954014294555121e+01, -2.004774401416761e+01,  2.590909090909091e-01,  2.863636363636364e-01,  2.163960967494609e-01,  1.305547357688047e+01
s393        , -2.007195889273447e+01, -1.990874573294738e+01,  1.217391304347826e-01,  0.000000000000000e+00,  2.264446383577526e-01,  1.356867377785590e+01
s394        , -1.933645012315517e+01, -1.964049423759072e+01,  0.000000000000000e+00,  2.620967741935484e-01,  2.783913224020142e-01,  1.254464655346664e+01
s395        , -2.191328817199827e+01, -2.142169173125800e+01,  4.464285714285714e-02,  7.946428571428572e-01,  1.724178928581829e-01,  1.224461061754997e+01
s396        , -1.985518647713905e+01, -1.972408248926524e+01,  0.000000000000000e+00,  6.953125000000000e-01,  2.548201351753674e-01,  1.065377368365364e+01
s397        , -1.859895904181181e+01, -1.852356637216405e+01,  1.799163179916318e-01,  0.000000000000000e+00,  2.777828271419680e-01,  1.201695467030607e+01
s398        , -2.089338265909714e+01, -2.103068143797470e+01,  0.000000000000000e+00,  2.540540540540541e-01,  1.754991241133405e-01,  1.343992930587578e+01
s399        , -1.650074457052408e+01, -1.657243215555686e+01,  4.887218045112782e-02,  0.000000000000000e+00,  3.771674540902103e-01,  9.559522717769433e+00
s400        , -1.659170957499870e+01, -1.670991356940185e+01,  1.921824104234528e-01,  0.000000000000000e+00,  3.625034280192068e-01,  1.006741455144807e+01
s401        , -1.654426837808786e+01, -1.671927460955719e+01,  8.664259927797834e-02,  0.000000000000000e+00,  3.656720993613012e-01,  9.771893323015084e+00
s402        , -1.877939202276407e+01, -1.865769677180476e+01,  0.000000000000000e+00,  0.000000000000000e+00,  2.782317102579276e-01,  1.165289197270022e+01
s403        , -2.106694758002669e+01, -2.091825704406088e+01,  4.301075268817205e-02,  2.688172043010753e-01,  1.879617281714780e-01,  1.353667118597851e+01
s404        , -2.165676773412189e+01, -2.185209170327797e+01,  0.000000000000000e+00,  4.150943396226415e-01,  1.812565031304995e-01,  1.450295840149879e+01
s405        , -2.212611753855641e+01, -2.202537057222177e+01,  1.583710407239819e-01,  5.113122171945701e-01,  1.696180100296295e-01,  1.482064874705715e+01
s406        , -1.885653015374473e+01, -1.881575349536266e+01,  0.000000000000000e+00,  0.000000000000000e+00,  2.556949073543427e-01,  1.156206705383457e+01
s407        , -1.790225292709843e+01, -1.814380271561863e+01,  6.713780918727916e-02,  1.378091872791520e-01,  3.621641600293228e-01,  1.184723082254745e+01
s408        , -1.653237145459570e+01, -1.667565035607031e+01,  1.503759398496241e-01,  0.000000000000000e+00,  3.671678669373053e-01,  9.937182050191840e+00
s409        , -1.984138826084547e+01, -2.004311571816471e+01,  0.000000000000000e+00,  0.000000000000000e+00,  2.353470297639841e-01,  1.355585950825662e+01
s410        , -1.632163885458830e+01, -1.653905039040730e+01,  1.991869918699187e-01,  0.000000000000000e+00,  3.441954197475433e-01,  9.445382327263019e+00
s411        , -1.826950002229553e+01, -1.838126144033546e+01,  0.000000000000000e+00,  0.000000000000000e+00,  3.025946409940548e-01,  1.154903564530227e+01
s412        , -2.254085603631221e+01, -2.216426409280742e+01,  0.000000000000000e+00,  0.000000000000000e+00,  1.583694969083675e-01,  1.627186564568172e+01
s413        , -1.907038707751166e+01, -1.945374487464005e+01,  0.000000000000000e+00,  0.000000000000000e+00,  2.540387620354136e-01,  1.275413979575000e+01
s414        , -1.996831080241482e+01, -1.995283372814378e+01,  0.000000000000000e+00,  5.970149253731343e-02,  2.127728521723378e-01,  1.276317964338590e+01
s415        , -2.069762370804266e+01, -2.044613210752410e+01,  0.000000000000000e+00,  1.674008810572687e-01,  2.295988914283508e-01,  1.359330955750099e+01
s416        , -1.735494379178349e+01, -1.768846536846679e+01,  1.920289855072464e-01,  0.000000000000000e+00,  3.168584303808905e-01,  1.114301861567057e+01
s417        , -1.714858900796163e+01, -1.691126854990860e+01,  0.000000000000000e+00,  0.000000000000000e+00,  3.889890545771907e-01,  1.024354120747453e+01
s418        , -2.014294405560549e+01, -1.971501745324231e+01,  1.287128712871287e-01,  0.000000000000000e+00,  2.137959252194590e-01,  1.300154066915580e+01
s419        , -1.771416578387462e+01, -1.741485649958636e+01,  2.857142857142857e-01,  0.000000000000000e+00,  3.198219646371254e-01,  1.099842890626034e+01
s420        , -2.335906844703241e+01, -2.316913604432483e+01,  0.000000000000000e+00,  3.875598086124402e-01,  1.278380854917246e-01,  1.619544064063693e+01
s421        , -2.045819521600993e+01, -2.071474956675659e+01,  0.000000000000000e+00,  6.334841628959276e-01,  2.000977342035505e-01,  1.182866723729220e+01
s422        , -1.913624718404630e+01, -1.911472780234637e+01,  0.000000000000000e+00,  0.000000000000000e+00,  2.693199698044140e-01,  1.237202208001072e+01
s423        , -2.001718266940652e+01, -2.011375414257489e+01,  0.000000000000000e+00,  0.000000000000000e+00,  2.171769788669529e-01,  1.337394340053949e+01
s424        , -2.199980092896302e+01, -2.188335005155216e+01,  0.000000000000000e+00,  6.055045871559632e-01,  1.570162692279240e-01,  1.341914455260729e+01
s425        , -1.799669141475633e+01, -1.827992542359778e+01,  1.278195488721804e-01,  2.631578947368421e-02,  3.008805391224194e-01,  1.167217249901363e+01
s426        , -2.179879403652462e+01, -2.156952273243500e+01,  0.000000000000000e+00,  3.692307692307693e-01,  1.717876408532326e-01,  1.397050133716619e+01
s427        , -1.855895626610580e+01, -1.875652794537601e+01,  1.839080459770115e-01,  0.000000000000000e+00,  2.576389653362217e-01,  1.212518899849137e+01
s428        , -2.201089453299450e+01, -2.213780450796015e+01,  6.896551724137931e-02,  2.216748768472906e-01,  1.629725761092109e-01,  1.570359698226117e+01
s429        , -2.010895188317044e+01, -2.060760065893660e+01,  0.000000000000000e+00,  3.196347031963470e-01,  2.054335898425397e-01,  1.290447366763037e+01
s430        , -2.197039083997888e+01, -2.181367416063106e+01,  0.000000000000000e+00,  6.441947565543071e-01,  1.786267350652295e-01,  1.351652395519842e+01
s431        , -2.053790779896415e+01, -2.025014871780570e+01,  7.462686567164178e-02,  5.970149253731343e-02,  2.149930111930816e-01,  1.363165326551225e+01
s432        , -2.056150222449639e+01, -2.022408383882424e+01,  1.056603773584906e-01,  6.641509433962264e-01,  2.201970492456972e-01,  1.149351278391562e+01
s433        , -1.961788415450921e+01, -2.013984552300296e+01,  1.717171717171717e-01,  3.670033670033670e-01,  2.688554846276261e-01,  1.353681031401948e+01
s434        , -2.169585176655818e+01, -2.153156093015518e+01,  2.553191489361702e-02,  3.659574468085106e-01,  1.749552180224420e-01,  1.405472238494031e+01
s435        , -1.969212203292086e+01, -1.957864178464796e+01,  1.121495327102804e-01,  0.000000000000000e+00,  2.406222758988308e-01,  1.315085019370129e+01
s436        , -1.841763911968392e+01, -1.817017629303125e+01,  1.866028708133971e-01,  1.961722488038277e-01,  2.876096336652697e-01,  1.079309941108426e+01
s437        , -2.085473352476042e+01, -2.048273753487249e+01,  2.138888888888889e-01,  4.111111111111111e-01,  2.636115094789373e-01,  1.408192959054166e+01
s438        , -2.075193174001312e+01, -2.076539434148336e+01,  2.660550458715596e-01,  3.073394495412844e-01,  1.989072650686829e-01,  1.406863465901897e+01
s439        , -1.747889033992054e+01, -1.735205245233369e+01,  0.000000000000000e+00,  0.000000000000000e+00,  3.570147021233505e-01,  1.052909063548621e+01
s440        , -2.292628299240021e+01, -2.277639566208686e+01,  1.867219917012448e-01,  3.692946058091287e-01,  1.589621542833267e-01,  1.670849095145359e+01
s441        , -1.928590410708185e+01, -1.924159052340413e+01,  0.000000000000000e+00,  1.490384615384615e-01,  2.569369134938377e-01,  1.183467386477541e+01
s442        , -2.265396374356312e+01, -2.224740686150373e+01,  1.092896174863388e-02,  1.530054644808743e-01,  1.611051255603258e-01,  1.593786813510100e+01
s443        , -1.939450551490213e+01, -1.936417417319111e+01,  1.217391304347826e-01,  2.869565217391304e-01,  2.752749742718500e-01,  1.229269687642633e+01
s444        , -2.014197468633274e+01, -2.038918276366518e+01,  4.000000000000000e-02,  2.088888888888889e-01,  2.173110474871633e-01,  1.325261763401860e+01
s445        , -2.136890748153691e+01, -2.111396444390069e+01,  1.428571428571428e-01,  1.000000000000000e-01,  1.841993193321749e-01,  1.483327373628776e+01
s446        , -1.984877428373165e+01, -1.970398974845838e+01,  1.338912133891213e-01,  3.765690376569038e-02,  2.303279114225273e-01,  1.314453300173797e+01
s447        , -2.124129540469972e+01, -2.132834284774355e+01,  4.942965779467681e-02,  5.665399239543726e-01,  2.013862374751398e-01,  1.345148139752708e+01
s448        , -1.996883442559681e+01, -2.041715785958463e+01,  1.048034934497817e-01,  2.925764192139738e-01,  2.364780792750630e-01,  1.355035794055736e+01
s449        , -2.213132573342666e+01, -2.227338322132923e+01,  9.677419354838709e-02,  5.000000000000000e-01,  1.765943484267516e-01,  1.524464419093716e+01
s450        , -2.393776981346641e+01, -2.289571217309943e+01,  0.000000000000000e+00,  4.814814814814815e-01,  1.503391387071107e-01,  1.570941313608402e+01
s451        , -1.778758837631850e+01, -1.779194373280627e+01,  2.500000000000000e-01,  1.904761904761905e-01,  3.254796360037576e-01,  1.097320374059862e+01
s452        , -2.093231028730361e+01, -2.091009445759889e+01,  0.000000000000000e+00,  0.000000000000000e+00,  2.102274089964747e-01,  1.477668079509072e+01
s453        , -1.913112365245808e+01, -1.918169963121930e+01,  0.000000000000000e+00,  0.000000000000000e+00,  2.618775830326456e-01,  1.237030742343517e+01
s454        , -1.694745233262931e+01, -1.723719779140852e+01,  2.116040955631399e-01,  0.000000000000000e+00,  3.535151892161735e-01,  1.098751443310090e+01
s455        , -1.959305905778561e+01, -1.929856083903723e+01,  8.035714285714286e-02,  0.000000000000000e+00,  2.532170059907663e-01,  1.272356261885064e+01
s456        , -1.690137029519855e+01, -1.706725129839995e+01,  2.442244224422442e-01,  3.630363036303631e-02,  3.521376168836757e-01,  1.061481292016045e+01
s457        , -1.744399185749123e+01, -1.719537401587470e+01,  0.000000000000000e+00,  0.000000000000000e+00,  3.496210028229189e-01,  1.010020807450448e+01
s458        , -2.020627098912283e+01, -2.042727035293728e+01,  1.221719457013575e-01,  4.072398190045249e-01,  2.267744834070000e-01,  1.302710956943502e+01
s459        , -1.884232545378780e+01, -1.931067148991077e+01,  2.730923694779117e-01,  5.863453815261044e-01,  2.881920864354730e-01,  1.181151233720206e+01
s460        , -2.233016805188693e+01, -2.241655513137242e+01,  0.000000000000000e+00,  3.275109170305677e-01,  1.572580617917967e-01,  1.549585277668621e+01
s461        , -1.623645396367353e+01, -1.594501769159626e+01,  3.017241379310345e-02,  0.000000000000000e+00,  4.175969801703787e-01,  8.999029084067216e+00
s462        , -2.313545884021418e+01, -2.272553115300970e+01,  0.000000000000000e+00,  4.512820512820513e-01,  1.363934568754836e-01,  1.525463278638868e+01
s463        , -2.090493117250811e+01, -2.073720132956599e+01,  0.000000000000000e+00,  1.025641025641026e-01,  2.233257907021270e-01,  1.428624550679425e+01
s464        , -1.633431188033305e+01, -1.613052805585445e+01,  3.094462540716613e-01,  0.000000000000000e+00,  3.933315284513239e-01,  9.906304854024759e+00
s465        , -1.999082968954132e+01, -2.004455983284674e+01,  1.122448979591837e-01,  0.000000000000000e+00,  2.122746061275571e-01,  1.354812669163080e+01
s466        , -1.900684695054017e+01, -1.856410831882972e+01,  0.000000000000000e+00,  2.467532467532468e-01,  2.900603221794297e-01,  1.074639311871643e+01
s467        , -1.783078222536251e+01, -1.778223556564869e+01,  2.490272373540856e-01,  1.400778210116732e-01,  3.236981728326256e-01,  1.111086549505184e+01
s468        , -1.945030486126850e+01, -1.888756446786903e+01,  0.000000000000000e+00,  2.334801762114538e-01,  2.819926711382536e-01,  1.127485233042290e+01
s469        , -2.270314762369042e+01, -2.253933935523730e+01,  0.000000000000000e+00,  3.316831683168317e-01,  1.561240863705901e-01,  1.569525516497014e+01
s470        , -2.119907484802825e+01, -2.137945541969396e+01,  1.189427312775330e-01,  3.788546255506608e-01,  1.903690318792633e-01,  1.431017735045052e+01
s471        , -1.972012875359749e+01, -1.945911591445741e+01,  1.400000000000000e-01,  0.000000000000000e+00,  2.314342466493973e-01,  1.285905910896535e+01
s472        , -1.766462305551830e+01, -1.791351766538837e+01,  0.000000000000000e+00,  0.000000000000000e+00,  3.300251143272612e-01,  1.113259144033673e+01
s473        , -2.127822401317911e+01, -2.128591551169772e+01,  1.875000000000000e-01,  2.583333333333334e-01,  1.884044752686591e-01,  1.479250875666726e+01
s474        , -1.654177405306909e+01, -1.653153118806245e+01,  3.237410071942446e-01,  2.014388489208633e-01,  3.918132653503416e-01,  9.934849881429388e+00
s475        , -2.297159509003216e+01, -2.318949580673326e+01,  0.000000000000000e+00,  3.708920187793427e-01,  1.208032915227413e-01,  1.617471226439854e+01
s476        , -2.252587602064435e+01, -2.284172062214488e+01,  0.000000000000000e+00,  7.400000000000000e-01,  1.427310037230590e-01,  1.449496022146822e+01
s477        , -2.178946083596680e+01, -2.122607960505121e+01,  1.939799331103679e-01,  5.317725752508361e-01,  2.354698955916774e-01,  1.448720345829865e+01
s478        , -1.788602657411998e+01, -1.831125467876139e+01,  0.000000000000000e+00,  3.013100436681223e-01,  3.520930144099532e-01,  1.113861024981563e+01
s479        , -1.952938513246325e+01, -1.900513993046927e+01,  0.000000000000000e+00,  0.000000000000000e+00,  2.595393853625890e-01,  1.199160477222104e+01
s480        , -2.203955610850313e+01, -2.194940774829936e+01,  0.000000000000000e+00,  4.535519125683060e-01,  1.440348811193368e-01,  1.389407016870879e+01
s481        , -1.615402914764109e+01, -1.674214505891334e+01,  2.231638418079096e-01,  0.000000000000000e+00,  3.430701821933280e-01,  9.898193910232713e+00
s482        , -2.215324565636576e+01, -2.232141859059211e+01,  0.000000000000000e+00,  6.037735849056604e-01,  1.577158278369910e-01,  1.427627126314562e+01
s483        , -2.217560840271064e+01, -2.228739330878221e+01,  0.000000000000000e+00,  5.654008438818565e-01,  1.592454399204130e-01,  1.438306841978405e+01
s484        , -2.403070638423247e+01, -2.414147804259501e+01,  0.000000000000000e+00,  5.138121546961326e-01,  1.145105979869484e-01,  1.734590504553633e+01
s485        , -1.896886917982663e+01, -1.927283784639684e+01,  0.000000000000000e+00,  0.000000000000000e+00,  2.762993075307898e-01,  1.279641301237167e+01
s486        , -2.293847835350512e+01, -2.299876699774131e+01,  0.000000000000000e+00,  3.364055299539171e-01,  1.411778317060147e-01,  1.629578640272527e+01
s487        , -1.935879902533930e+01, -1.999847469197552e+01,  0.000000000000000e+00,  4.250000000000000e-01,  2.274608249913616e-01,  1.172440915171407e+01
s488        , -2.071941340396909e+01, -2.031177943471969e+01,  0.000000000000000e+00,  0.000000000000000e+00,  2.141065091891423e-01,  1.369933477123674e+01
s489        , -2.120929532988995e+01, -2.102254280020161e+01,  2.336448598130841e-02,  1.869158878504673e-02,  2.062197846156102e-01,  1.493283523706653e+01
s490        , -2.336106814107168e+01, -2.294394625632597e+01,  2.590673575129534e-02,  3.626943005181347e-01,  1.290566138975399e-01,  1.597035759641332e+01
s491        , -1.878377211600346e+01, -1.873086997617062e+01,  0.000000000000000e+00,  0.000000000000000e+00,  2.885499519837901e-01,  1.197300274781819e+01
s492        , -2.196689093989351e+01, -2.209578351028738e+01,  2.023346303501946e-01,  4.747081712062257e-01,  1.811895982477792e-01,  1.544947644120042e+01
s493        , -2.118321097196467e+01, -2.076460777058622e+01,  3.404255319148936e-02,  5.744680851063830e-01,  1.863695197742040e-01,  1.202678197459420e+01
s494        , -2.014379663919148e+01, -2.032378958734276e+01,  0.000000000000000e+00,  0.000000000000000e+00,  2.391433460018560e-01,  1.415926085373197e+01
s495        , -1.971897958689983e+01, -1.947647254561557e+01,  1.165048543689320e-01,  0.000000000000000e+00,  2.428820026890109e-01,  1.300997391891361e+01
s496        , -2.171934681583978e+01, -2.154051176059144e+01,  0.000000000000000e+00,  3.842592592592592e-01,  1.582451307422199e-01,  1.362176322779444e+01
s497        , -1.930074135275753e+01, -1.930462926758989e+01,  0.000000000000000e+00,  8.071748878923767e-02,  2.620878472440864e-01,  1.230376670428985e+01
s498        , -2.146882601091719e+01, -2.183136489927995e+01,  5.069124423963134e-02,  4.930875576036866e-01,  1.571676527622345e-01,  1.392483936958388e+01
s499        , -1.852368794388046e+01, -1.857551281163993e+01,  0.000000000000000e+00,  8.071748878923767e-02,  2.961764288500903e-01,  1.150330934928207e+01
s500        , -2.050589701281523e+01, -2.088104094626042e+01,  1.703703703703704e-01,  5.111111111111111e-01,  2.303605349366253e-01,  1.373341170808192e+01
s501        , -2.141899489528082e+01, -2.148529120802404e+01,  1.235955056179775e-01,  5.018726591760300e-01,  2.070548572235302e-01,  1.435462514803555e+01
s502        , -1.777920620854658e+01, -1.764282486585056e+01,  0.000000000000000e+00,  0.000000000000000e+00,  3.012662269705703e-01,  1.011264647258088e+01
s503        , -2.264989988763092e+01, -2.271171786688416e+01,  2.590673575129534e-02,  4.300518134715026e-01,  1.388805701281083e-01,  1.544245983772722e+01
s504        , -1.994570445298742e+01, -1.983206038924727e+01,  1.666666666666667e-01,  4.166666666666666e-02,  2.273513835645960e-01,  1.343702233901355e+01
s505        , -2.256898602446125e+01, -2.239493705183734e+01,  0.000000000000000e+00,  3.655913978494624e-01,  1.483666932047158e-01,  1.515519555640092e+01
s506        , -2.050664132584332e+01, -2.017164842400748e+01,  0.000000000000000e+00,  0.000000000000000e+00,  2.217248094212470e-01,  1.356410881706434e+01
s507        , -2.255451727781655e+01, -2.203103370674742e+01,  1.365187713310580e-01,  6.211604095563140e-01,  1.951529203800811e-01,  1.478505871206251e+01
s508        , -2.063695726234980e+01, -2.037864605320759e+01,  1.428571428571428e-01,  4.329004329004329e-02,  2.008502962445778e-01,  1.393124278837736e+01
s509        , -2.049565878814769e+01, -2.065092181458340e+01,  0.000000000000000e+00,  2.000000000000000e-01,  2.166427244998599e-01,  1.363575251554410e+01
s510        , -1.886667658587990e+01, -1.922891716755721e+01,  0.000000000000000e+00,  3.127572016460906e-01,  2.593997953193612e-01,  1.123381788830528e+01
s511        , -2.270091090950000e+01, -2.319965875737858e+01,  0.000000000000000e+00,  5.492957746478874e-01,  1.340802645404203e-01,  1.575071222087609e+01
s512        , -2.052865138648571e+01, -2.078986297219148e+01,  2.755905511811024e-02,  7.874015748031496e-02,  2.134699809509481e-01,  1.440147171471724e+01
s513        , -1.872228566034903e+01, -1.877521062439425e+01,  5.213270142180094e-02,  0.000000000000000e+00,  2.670635613926407e-01,  1.186502347168211e+01
s514        , -2.338235400416073e+01, -2.336661371654845e+01,  0.000000000000000e+00,  4.525139664804469e-01,  1.340621342983303e-01,  1.643617611591547e+01
s515        , -2.063189590001077e+01, -2.099161920725087e+01,  0.000000000000000e+00,  0.000000000000000e+00,  2.280585769042700e-01,  1.524388970715969e+01
s516        , -2.353360034901451e+01, -2.334946683680805e+01,  0.000000000000000e+00,  4.807692307692308e-01,  1.360418440951123e-01,  1.633098011813252e+01
s517        , -2.274108402549141e+01, -2.246111894233235e+01,  3.846153846153846e-02,  3.516483516483516e-01,  1.500332743840311e-01,  1.549808206942169e+01
s518        , -2.095244706423326e+01, -2.132905436554611e+01,  0.000000000000000e+00,  0.000000000000000e+00,  2.055058152700385e-01,  1.549607729097999e+01
s519        , -2.165153402286209e+01, -2.139454847773473e+01,  0.000000000000000e+00,  6.206896551724138e-01,  1.848249702298153e-01,  1.291153413779788e+01
s520        , -1.917430642162448e+01, -2.005362027198816e+01,  0.000000000000000e+00,  3.285714285714286e-01,  2.107426196187416e-01,  1.190310894601459e+01
s521        , -2.048146586988528e+01, -1.990983286909506e+01,  0.000000000000000e+00,  2.990654205607476e-01,  2.466157787650771e-01,  1.236565122136660e+01
s522        , -1.837039701152461e+01, -1.855118007666174e+01,  1.254901960784314e-01,  0.000000000000000e+00,  2.741716901250437e-01,  1.181662558753012e+01
s523        , -2.237538522976599e+01, -2.226924508372251e+01,  2.020202020202020e-02,  2.878787878787879e-01,  1.581666863813123e-01,  1.545035831006585e+01
s524        , -2.219430447580721e+01, -2.231987507365541e+01,  0.000000000000000e+00,  7.416267942583732e-01,  1.469796488886842e-01,  1.356425278087907e+01
s525        , -2.096151325596525e+01, -2.077071078949079e+01,  4.444444444444445e-02,  1.377777777777778e-01,  2.169304680522453e-01,  1.426078068958011e+01
s526        , -2.193172581512368e+01, -2.204801264774875e+01,  0.000000000000000e+00,  4.590163934426229e-01,  1.677504013914491e-01,  1.447598007865737e+01
s527        , -2.063376120076111e+01, -2.122609447899956e+01,  0.000000000000000e+00,  6.381909547738693e-01,  1.968360346199790e-01,  1.273253378605974e+01
s528        , -1.776721144005281e+01, -1.831293102988289e+01,  0.000000000000000e+00,  2.873134328358209e-01,  3.587896642536905e-01,  1.131165728132457e+01
s529        , -2.226349149791107e+01, -2.264040419253106e+01,  2.717391304347826e-02,  4.565217391304348e-01,  1.278394352342471e-01,  1.501754529470892e+01
s530        , -2.300566448791293e+01, -2.245982698040372e+01,  2.009132420091324e-01,  3.242009132420091e-01,  1.441936180308366e-01,  1.606514424096265e+01
s531        , -1.846679125419261e+01, -1.799679381465990e+01,  0.000000000000000e+00,  6.557377049180328e-02,  3.060410981915804e-01,  1.062523611354124e+01
s532        , -1.859817726729017e+01, -1.902807025332200e+01,  2.044609665427509e-01,  0.000000000000000e+00,  2.555067189431932e-01,  1.267945756288998e+01
s533        , -2.134099683522431e+01, -2.214822740660987e+01,  0.000000000000000e+00,  3.800000000000000e-01,  1.562395955519859e-01,  1.476591623920543e+01
s534        , -2.286936511308830e+01, -2.314874204721329e+01,  0.000000000000000e+00,  5.159817351598173e-01,  1.374009942782658e-01,  1.583729699624593e+01
s535        , -1.777040539985326e+01, -1.789663947164598e+01,  1.810699588477366e-01,  0.000000000000000e+00,  2.904192507061455e-01,  1.104171463067964e+01
s536        , -1.995222678224889e+01, -2.020978063996319e+01,  0.000000000000000e+00,  1.473214285714286e-01,  2.232370429747537e-01,  1.310594758547707e+01
s537        , -2.015268820600640e+01, -2.082693518448803e+01,  1.694915254237288e-01,  4.745762711864407e-01,  1.996767621360548e-01,  1.322956734080835e+01
s538        , -1.740140208992538e+01, -1.761069543858052e+01,  2.227074235807860e-01,  4.366812227074236e-02,  2.966768332057669e-01,  1.058390112673434e+01
s539        , -1.924950405987826e+01, -1.972819708635827e+01,  2.242647058823529e-01,  7.352941176470588e-02,  2.377933610214309e-01,  1.350113716033931e+01
s540        , -2.157643164881004e+01, -2.169715672759247e+01,  0.000000000000000e+00,  5.967741935483871e-01,  1.702553332879318e-01,  1.332689830253135e+01
s541        , -1.586673793577160e+01, -1.567693715647261e+01,  3.058419243986255e-01,  0.000000000000000e+00,  3.918493101919372e-01,  8.999770868235213e+00
s542        , -2.009907109345192e+01, -2.003335460818349e+01,  0.000000000000000e+00,  0.000000000000000e+00,  2.258779989124330e-01,  1.337192595920160e+01
s543        , -1.879069098033760e+01, -1.886691060486422e+01,  0.000000000000000e+00,  2.644628099173554e-01,  2.755994686740945e-01,  1.100649963317823e+01
s544        , -2.248614661420541e+01, -2.214074907842492e+01,  1.341463414634146e-01,  7.154471544715447e-01,  1.655533461880159e-01,  1.411334851630438e+01
s545        , -1.987972862262733e+01, -2.021660389293269e+01,  1.863117870722434e-01,  4.980988593155893e-01,  2.380440173326887e-01,  1.270085677365125e+01
s546        , -2.126472237694319e+01, -2.056350152508120e+01,  6.043956043956044e-02,  5.494505494505494e-02,  1.986922956139005e-01,  1.391529558052589e+01
s547        , -1.738356621674509e+01, -1.781403168236299e+01,  0.000000000000000e+00,  2.470588235294118e-01,  3.617696233906607e-01,  1.056122053803580e+01
s548        , -1.943625792183643e+01, -1.969849476567953e+01,  3.745318352059925e-01,  4.494382022471910e-01,  2.486957689903608e-01,  1.273696094547664e+01
s549        , -2.233202963006129e+01, -2.272757852534067e+01,  0.000000000000000e+00,  5.142857142857142e-01,  1.435881982768238e-01,  1.514567949532016e+01
s550        , -2.412763530103872e+01, -2.378616300497251e+01,  3.157894736842105e-02,  4.421052631578947e-01,  1.181503192701649e-01,  1.711113138231590e+01
s551        , -1.731823103856605e+01, -1.704181286603581e+01,  2.431506849315068e-01,  0.000000000000000e+00,  3.444292438647560e-01,  1.056524083754167e+01
s552        , -2.060923402045430e+01, -2.122227201458213e+01,  0.000000000000000e+00,  2.666666666666667e-01,  1.769437257091603e-01,  1.378407108205701e+01
s553        , -1.992869680942914e+01, -1.991245476098774e+01,  0.000000000000000e+00,  7.305936073059360e-02,  2.266880218721117e-01,  1.287819773331189e+01
s554        , -1.812921854031919e+01, -1.799541285961316e+01,  0.000000000000000e+00,  0.000000000000000e+00,  3.165417088065163e-01,  1.105400935992092e+01
s555        , -2.102602816640752e+01, -2.034734742289083e+01,  4.761904761904762e-02,  5.555555555555556e-01,  2.201855678304538e-01,  1.193739963474790e+01
s556        , -1.941820686683750e+01, -1.979824819371106e+01,  0.000000000000000e+00,  3.961352657004831e-01,  2.494097572639675e-01,  1.183350778312954e+01
s557        , -2.190718211184164e+01, -2.176952837100234e+01,  0.000000000000000e+00,  5.063291139240507e-01,  1.682578381517628e-01,  1.377282572994624e+01
s558        , -1.909304407213536e+01, -1.908460681173192e+01,  0.000000000000000e+00,  7.655502392344497e-02,  2.727131451549607e-01,  1.208387656946085e+01
s559        , -2.023025085829861e+01, -2.001496722723777e+01,  1.042654028436019e-01,  2.369668246445497e-02,  2.072982090279172e-01,  1.328708764342597e+01
s560        , -2.107002513254548e+01, -2.109756301575130e+01,  6.611570247933884e-02,  0.000000000000000e+00,  2.027571975963757e-01,  1.523608033661852e+01
s561        , -2.121559386756793e+01, -2.123059665819519e+01,  0.000000000000000e+00,  5.638766519823789e-01,  1.680921740983891e-01,  1.252075208371225e+01
s562        , -1.764234380631898e+01, -1.802120098791449e+01,  1.321428571428571e-01,  0.000000000000000e+00,  3.116682960583397e-01,  1.147999324539413e+01
s563        , -1.646928563220792e+01, -1.692149602001500e+01,  1.762820512820513e-01,  0.000000000000000e+00,  3.307216617396171e-01,  9.862130856534749e+00
s564        , -1.863449571719480e+01, -1.830494242922981e+01,  0.000000000000000e+00,  0.000000000000000e+00,  3.039993142146240e-01,  1.142749205093428e+01
s565        , -2.028655126138008e+01, -2.034583364254512e+01,  0.000000000000000e+00,  0.000000000000000e+00,  2.244960983749264e-01,  1.394582551120427e+01
s566        , -1.821002786093300e+01, -1.830751441982633e+01,  0.000000000000000e+00,  0.000000000000000e+00,  3.030346613765295e-01,  1.141557921735863e+01
s567        , -2.066943738863287e+01, -2.087154269894771e+01,  1.612903225806452e-02,  9.139784946236559e-02,  1.846272992198741e-01,  1.396659158415362e+01
s568        , -2.062629415098700e+01, -2.037241283381097e+01,  1.379310344827586e-01,  3.940886699507389e-02,  2.073893538580258e-01,  1.403091020611629e+01
s569        , -2.065075063553067e+01, -2.087224349208324e+01,  3.294117647058823e-01,  3.764705882352941e-01,  2.022618250820163e-01,  1.429139743359223e+01
s570        , -2.031634942577389e+01, -2.031541265525799e+01,  0.000000000000000e+00,  0.000000000000000e+00,  2.169973583424614e-01,  1.375673887454256e+01
s571        , -2.047206271335130e+01, -2.034708908361628e+01,  0.000000000000000e+00,  0.000000000000000e+00,  2.237742140635530e-01,  1.393562987123336e+01
s572        , -2.393038589894997e+01, -2.342228961457145e+01,  1.028037383177570e-01,  3.551401869158878e-01,  1.205900335497934e-01,  1.703529506879304e+01
s573        , -1.926109501090367e+01, -1.925465740025606e+01,  0.000000000000000e+00,  1.472868217054264e-01,  2.773220420943207e-01,  1.222206994885711e+01
s574        , -2.085894290369713e+01, -2.061660788807841e+01,  1.040723981900453e-01,  0.000000000000000e+00,  1.852346491646616e-01,  1.414244856641143e+01
s575        , -2.021973442813006e+01, -2.094461332021869e+01,  0.000000000000000e+00,  2.398190045248869e-01,  1.986003362024148e-01,  1.373224638651599e+01
s576        , -1.844714179521902e+01, -1.862418394753955e+01,  0.000000000000000e+00,  1.339712918660287e-01,  2.877233759217511e-01,  1.124739718881762e+01
s577        , -1.949977509463960e+01, -1.935599514378046e+01,  0.000000000000000e+00,  1.461187214611872e-01,  2.459855872065949e-01,  1.187354697295929e+01
s578        , -2.108198153892643e+01, -2.106622430683195e+01,  0.000000000000000e+00,  1.967871485943775e-01,  2.089714145419179e-01,  1.430883010784320e+01
s579        , -2.029210259566103e+01, -2.009055089911132e+01,  1.682692307692308e-01,  0.000000000000000e+00,  2.193415030689142e-01,  1.395521271676762e+01
s580        , -2.195204710511243e+01, -2.218890145594067e+01,  0.000000000000000e+00,  3.937007874015748e-01,  1.626684837040000e-01,  1.490410417321991e+01
s581        , -2.000078291173359e+01, -1.999702045979087e+01,  1.191709844559585e-01,  0.000000000000000e+00,  2.092322725281083e-01,  1.342825054221829e+01
s582        , -2.354247422413414e+01, -2.323504018752834e+01,  0.000000000000000e+00,  5.412844036697247e-01,  1.331712979442074e-01,  1.583287986263723e+01
s583        , -1.881717670098672e+01, -1.909265030265512e+01,  1.797752808988764e-01,  0.000000000000000e+00,  2.530093199604854e-01,  1.267321817223502e+01
s584        , -2.079214981383572e+01, -2.039402972867698e+01,  0.000000000000000e+00,  2.808988764044944e-02,  1.998707669334679e-01,  1.350199800229880e+01
s585        , -2.214462266832296e+01, -2.222626043785644e+01,  7.936507936507936e-02,  4.708994708994709e-01,  1.384831868287266e-01,  1.453865312328435e+01
s586        , -1.671124709479596e+01, -1.660959263198787e+01,  0.000000000000000e+00,  0.000000000000000e+00,  3.851140409729785e-01,  9.598573121860897e+00
s587        , -1.722924462132460e+01, -1.694744949699426e+01,  0.000000000000000e+00,  4.035874439461883e-02,  3.900462555393263e-01,  1.017849850463892e+01
s588        , -2.306180681354529e+01, -2.282737119569438e+01,  0.000000000000000e+00,  5.714285714285714e-01,  1.460841489968190e-01,  1.516396616537394e+01
s589        , -2.054966159202169e+01, -2.065882038644327e+01,  4.639175257731959e-01,  3.539518900343643e-01,  2.152216281930314e-01,  1.466428381476465e+01
s590        , -2.302597507766974e+01, -2.323309451167631e+01,  0.000000000000000e+00,  4.691358024691358e-01,  1.418908103735151e-01,  1.625437080770972e+01
s591        , -2.031576031139625e+01, -2.035433382174022e+01,  6.866952789699571e-02,  0.000000000000000e+00,  2.146836307165673e-01,  1.403076446043130e+01
s592        , -1.675983730084032e+01, -1.629590462115781e+01,  0.000000000000000e+00,  1.054687500000000e-01,  4.398557738265729e-01,  9.554451927968445e+00
s593        , -1.833051427645905e+01, -1.902081179654054e+01,  0.000000000000000e+00,  4.090909090909091e-01,  2.779758172335292e-01,  1.079516807827938e+01
s594        , -1.700453572465554e+01, -1.710279800783800e+01,  0.000000000000000e+00,  0.000000000000000e+00,  3.510651237382563e-01,  9.948240589377303e+00
s595        , -2.121342929627275e+01, -2.094986179876822e+01,  0.000000000000000e+00,  4.764397905759162e-01,  1.649338593371245e-01,  1.225926807140859e+01
s596        , -1.895402289388661e+01, -1.921671463274428e+01,  0.000000000000000e+00,  3.348416289592760e-01,  2.910959737275570e-01,  1.168004737387136e+01
s597        , -2.389559541191659e+01, -2.393253700960366e+01,  0.000000000000000e+00,  5.865384615384616e-01,  1.178238764538834e-01,  1.672863236295061e+01
s598        , -1.923753651242740e+01, -1.951805826108798e+01,  0.000000000000000e+00,  2.837837837837838e-01,  2.399680601350039e-01,  1.155769737800565e+01
s599        , -2.358158831573873e+01, -2.316427541863164e+01,  2.512562814070352e-02,  4.170854271356784e-01,  1.261380038251310e-01,  1.613251485100199e+01
s600        , -1.942143232536245e+01, -2.040042996987543e+01,  1.311475409836066e-02,  3.704918032786885e-01,  2.878055097358352e-01,  1.379889855927800e+01
s601        , -2.073803555561576e+01, -2.054678672684829e+01,  0.000000000000000e+00,  1.500000000000000e-01,  2.151541140420747e-01,  1.359970372282023e+01
s602        , -1.821856306700227e+01, -1.800760259241616e+01,  0.000000000000000e+00,  2.248803827751196e-01,  3.219312697126805e-01,  1.032034943977535e+01
s603        , -1.722454836479658e+01, -1.745284945671504e+01,  0.000000000000000e+00,  0.000000000000000e+00,  3.380807816394666e-01,  1.039156043719634e+01
s604        , -1.805154515236764e+01, -1.788009146273448e+01,  0.000000000000000e+00,  1.161048689138577e-01,  3.220122531727104e-01,  1.048938897732969e+01
s605        , -2.021935755598555e+01, -2.010663442468515e+01,  0.000000000000000e+00,  3.221757322175732e-01,  2.443557298757567e-01,  1.261538441611977e+01
s606        , -1.827906736534894e+01, -1.862475731056179e+01,  0.000000000000000e+00,  0.000000000000000e+00,  2.509835905327793e-01,  1.111432061151542e+01
s607        , -2.237721630921111e+01, -2.248074923899346e+01,  4.017857142857143e-02,  5.133928571428571e-01,  1.469173003127315e-01,  1.487515672270770e+01
s608        , -2.098562136420296e+01, -2.122959890061057e+01,  1.297071129707113e-01,  3.054393305439331e-01,  1.928516727091312e-01,  1.438215626338870e+01
s609        , -1.946776205882490e+01, -1.920147383236186e+01,  2.187500000000000e-01,  0.000000000000000e+00,  2.480717631673019e-01,  1.293148275225396e+01
s610        , -2.069261977150295e+01, -2.068001389156656e+01,  1.979865771812080e-01,  5.234899328859061e-01,  2.337725599773244e-01,  1.345787517398978e+01
s611        , -2.170289912291919e+01, -2.150399154070475e+01,  1.299638989169675e-01,  6.028880866425993e-01,  1.964964392120643e-01,  1.384611159628168e+01
s612        , -1.930046031145336e+01, -1.894378251283090e+01,  1.589743589743590e-01,  1.589743589743590e-01,  2.532287869740432e-01,  1.171784440445263e+01
s613        , -2.385958137896088e+01, -2.368529531148136e+01,  0.000000000000000e+00,  4.623655913978494e-01,  1.161996883101185e-01,  1.669704568041845e+01
s614        , -1.933674081040147e+01, -1.911841733457560e+01,  1.844660194174757e-01,  7.281553398058252e-02,  2.455632255184127e-01,  1.233340425560398e+01
s615        , -1.973716697922491e+01, -1.965942472572206e+01,  5.803571428571429e-02,  6.250000000000000e-02,  2.350550832945457e-01,  1.278270194924501e+01
s616        , -1.815004309366292e+01, -1.801281557301695e+01,  0.000000000000000e+00,  0.000000000000000e+00,  3.302302651144278e-01,  1.132620615295482e+01
s617        , -1.832352306169715e+01, -1.831275571789072e+01,  8.749999999999999e-02,  3.250000000000000e-01,  3.190292526124893e-01,  1.078051104002229e+01
s618        , -1.700993990522181e+01, -1.738094658547503e+01,  0.000000000000000e+00,  0.000000000000000e+00,  3.744468382053133e-01,  1.088861220348914e+01
s619        , -2.331208521979489e+01, -2.313271948700780e+01,  0.000000000000000e+00,  6.850000000000001e-01,  1.306742440047725e-01,  1.504959876040769e+01
s620        , -2.294394567846179e+01, -2.321303404646235e+01,  0.000000000000000e+00,  4.210526315789473e-01,  1.301100454672802e-01,  1.619235026550474e+01
s621        , -2.117716243218820e+01, -2.111926921442502e+01,  6.435643564356436e-02,  0.000000000000000e+00,  1.838760010755336e-01,  1.494196126656608e+01
s622        , -2.002792552777272e+01, -1.981967571232176e+01,  0.000000000000000e+00,  4.745762711864407e-01,  2.495957783393510e-01,  1.158090638310814e+01
s623        , -1.988853831837967e+01, -1.972450548219152e+01,  0.000000000000000e+00,  0.000000000000000e+00,  2.437265666123329e-01,  1.309234848349534e+01
s624        , -2.364575476956619e+01, -2.318503260763279e+01,  0.000000000000000e+00,  4.396135265700483e-01,  1.428147290449329e-01,  1.629024035441051e+01
s625        , -2.144171537166414e+01, -2.133088121548268e+01,  8.407079646017700e-02,  6.946902654867256e-01,  1.715135232564180e-01,  1.257105451791261e+01
s626        , -2.037069722396305e+01, -2.009385571031461e+01,  1.052631578947368e-01,  2.631578947368421e-02,  2.181004851069204e-01,  1.362015765164471e+01
s627        , -1.998545144661707e+01, -1.994785914465928e+01,  8.558558558558559e-02,  0.000000000000000e+00,  2.294022343988528e-01,  1.356883057083668e+01
s628        , -2.158119065398551e+01, -2.155923725106348e+01,  0.000000000000000e+00,  4.504950495049505e-01,  1.525378826720754e-01,  1.330733170411377e+01
s629        , -1.843917864187274e+01, -1.821184721502438e+01,  0.000000000000000e+00,  0.000000000000000e+00,  3.363494438546037e-01,  1.181390061599216e+01
s630        , -1.962256463480217e+01, -2.000630707782297e+01,  0.000000000000000e+00,  0.000000000000000e+00,  2.286838148466653e-01,  1.336912983462380e+01
s631        , -2.101091990223662e+01, -2.099314269499062e+01,  0.000000000000000e+00,  3.590909090909091e-01,  2.126446498056747e-01,  1.361884388666149e+01
s632        , -2.022844039713042e+01, -1.977812725175814e+01,  3.804347826086957e-02,  1.032608695652174e-01,  2.254478644021977e-01,  1.261810186785853e+01
s633        , -2.473876586737651e+01, -2.457826133395499e+01,  0.000000000000000e+00,  5.294117647058824e-01,  1.146705984791616e-01,  1.812556905011127e+01
s634        , -2.051539403555230e+01, -2.024340361434499e+01,  1.347826086956522e-01,  0.000000000000000e+00,  2.113521432974360e-01,  1.399131374639726e+01
s635        , -2.382235458298951e+01, -2.396577476086117e+01,  0.000000000000000e+00,  5.875706214689266e-01,  1.170684906641706e-01,  1.677515304115082e+01
s636        , -1.910586081968059e+01, -1.995782956791624e+01,  8.148148148148149e-02,  4.370370370370371e-01,  2.833134650971973e-01,  1.286048706243918e+01
s637        , -1.917066616024459e+01, -1.902746410615212e+01,  4.326923076923077e-02,  0.000000000000000e+00,  2.627959200919258e-01,  1.224233550055599e+01
s638        , -2.192001400012589e+01, -2.180400319901118e+01,  0.000000000000000e+00,  4.883720930232558e-01,  1.540590967391564e-01,  1.365896476083977e+01
s639        , -2.010078758798683e+01, -1.982536843784727e+01,  0.000000000000000e+00,  4.938271604938271e-02,  2.462639973278826e-01,  1.314277515193250e+01
s640        , -1.983289623130970e+01, -1.980586879943264e+01,  0.000000000000000e+00,  9.756097560975610e-02,  2.430188867916226e-01,  1.286649584605885e+01
s641        , -2.307886864739055e+01, -2.272693898480338e+01,  1.698113207547170e-01,  4.905660377358491e-01,  1.450905855970637e-01,  1.585372871735673e+01
s642        , -2.260273435105626e+01, -2.276559560469116e+01,  0.000000000000000e+00,  4.830917874396136e-01,  1.465928426035387e-01,  1.538892430913656e+01
s643        , -2.012782689900612e+01, -1.998769755572254e+01,  3.555555555555556e-02,  9.333333333333334e-02,  2.237072339651884e-01,  1.301767399173636e+01
s644        , -1.902512926743999e+01, -1.870269998798278e+01,  0.000000000000000e+00,  3.141592920353982e-01,  2.929250208690463e-01,  1.080652749985080e+01
s645        , -2.049081123370357e+01, -2.025895576851311e+01,  0.000000000000000e+00,  0.000000000000000e+00,  2.241123856182886e-01,  1.377286376892369e+01
s646        , -2.159630341817387e+01, -2.207104960504837e+01,  0.000000000000000e+00,  3.370165745856354e-01,  1.525872553893126e-01,  1.471714269485131e+01
s647        , -2.046804100673445e+01, -2.005501227855219e+01,  1.052631578947368e-01,  0.000000000000000e+00,  2.119719005435315e-01,  1.353845473597210e+01
s648        , -2.112203592795417e+01, -2.124681991856069e+01,  0.000000000000000e+00,  3.625498007968128e-01,  1.698700624222467e-01,  1.334473714951294e+01
s649        , -2.130712394597167e+01, -2.172576150273407e+01,  9.836065573770492e-02,  3.551912568306011e-01,  1.517164412991263e-01,  1.431601160128836e+01
s650        , -1.872664219670308e+01, -1.886652610982525e+01,  8.606557377049180e-02,  3.114754098360656e-01,  2.957646831857934e-01,  1.148046584099941e+01
s651        , -2.286060777226206e+01, -2.302664948772147e+01,  0.000000000000000e+00,  3.062200956937799e-01,  1.245186764162536e-01,  1.617264787294776e+01
s652        , -2.513277458672901e+01, -2.478513267251699e+01,  0.000000000000000e+00,  4.656084656084656e-01,  1.128593638181140e-01,  1.873132576248845e+01
s653        , -2.212366926194319e+01, -2.184254915813274e+01,  1.532258064516129e-01,  5.725806451612904e-01,  1.733514494829358e-01,  1.428608113500775e+01
s654        , -2.219498706816524e+01, -2.242025975824654e+01,  0.000000000000000e+00,  5.175097276264592e-01,  1.660937603208979e-01,  1.493810326988803e+01
s655        , -2.136195741190379e+01, -2.135670681048911e+01,  2.093023255813954e-01,  5.038759689922481e-01,  1.913574181534144e-01,  1.412645370250185e+01
s656        , -2.204727614381470e+01, -2.167900080331504e+01,  1.013824884792627e-01,  3.640552995391705e-01,  1.826480579825062e-01,  1.474335072215601e+01
s657        , -2.036339525797458e+01, -1.996028742465390e+01,  4.347826086956522e-02,  0.000000000000000e+00,  2.217060747470430e-01,  1.331118784984449e+01
s658        , -1.602366185676991e+01, -1.552379342613347e+01,  1.161825726141079e-01,  2.074688796680498e-02,  4.604041233352080e-01,  9.161953139004774e+00
s659        , -1.871169938684588e+01, -1.873333342565684e+01,  1.739130434782609e-01,  0.000000000000000e+00,  2.702707000425968e-01,  1.226632739803797e+01
s660        , -2.183022460938435e+01, -2.120177542704255e+01,  4.519774011299435e-02,  1.299435028248588e-01,  1.907515578074077e-01,  1.466115148817675e+01
s661        , -2.183692812512830e+01, -2.228449031864918e+01,  0.000000000000000e+00,  4.463276836158192e-01,  1.491613822887642e-01,  1.465215181979173e+01
s662        , -1.575332316936146e+01, -1.521538914468640e+01,  6.521739130434782e-02,  0.000000000000000e+00,  4.881253166528967e-01,  8.955976345446677e+00
s663        , -2.161244100467384e+01, -2.155917239889580e+01,  1.394230769230769e-01,  3.461538461538461e-01,  1.661504870741138e-01,  1.442676431160421e+01
s664        , -1.792030659393350e+01, -1.763985124127943e+01,  1.031390134529148e-01,  0.000000000000000e+00,  3.347750326246306e-01,  1.105209688642420e+01
s665        , -2.036353189911458e+01, -2.048362319924187e+01,  0.000000000000000e+00,  3.255813953488372e-01,  2.213412521839791e-01,  1.292232258090890e+01
s666        , -1.896012969757172e+01, -1.838705640277067e+01,  0.000000000000000e+00,  0.000000000000000e+00,  2.814027124171558e-01,  1.119028574484320e+01
s667        , -1.834472710605888e+01, -1.897831182443334e+01,  0.000000000000000e+00,  2.727272727272727e-01,  2.790633120187361e-01,  1.124887155080778e+01
s668        , -2.315183675604283e+01, -2.294545853504217e+01,  0.000000000000000e+00,  6.534653465346535e-01,  1.336020246278688e-01,  1.486165883131973e+01
s669        , -2.168824836514504e+01, -2.115690048385205e+01,  0.000000000000000e+00,  1.477272727272727e-01,  1.924319617778980e-01,  1.437938319635824e+01
s670        , -1.765957516951316e+01, -1.797645581760427e+01,  0.000000000000000e+00,  0.000000000000000e+00,  3.385628577098356e-01,  1.140204142489034e+01
s671        , -1.925271531654228e+01, -1.969985121026255e+01,  0.000000000000000e+00,  1.705069124423963e-01,  2.238712432738444e-01,  1.205337832170705e+01
s672        , -2.010246672918431e+01, -2.036221266361758e+01,  0.000000000000000e+00,  5.580524344569289e-01,  2.400871507019826e-01,  1.213734858377546e+01
s673        , -2.045224673553428e+01, -2.023176712944383e+01,  1.039603960396040e-01,  0.000000000000000e+00,  2.135214503487223e-01,  1.389921583185920e+01
s674        , -1.961862741224291e+01, -1.961214148915413e+01,  0.000000000000000e+00,  6.698564593301436e-02,  2.482326466731229e-01,  1.270244498393146e+01
s675        , -1.819835804307071e+01, -1.835739562898733e+01,  0.000000000000000e+00,  0.000000000000000e+00,  3.075896713952446e-01,  1.159053466517055e+01
s676        , -2.030955144796039e+01, -2.023679975974876e+01,  0.000000000000000e+00,  3.301886792452830e-02,  2.095947898948623e-01,  1.335214389042429e+01
s677        , -1.708028116046972e+01, -1.705053087865242e+01,  2.500000000000000e-01,  2.000000000000000e-01,  3.655007704923722e-01,  1.021670600869125e+01
s678        , -1.996975063415185e+01, -1.968974569299287e+01,  4.072398190045249e-02,  4.072398190045249e-02,  2.304132150455356e-01,  1.278164627503913e+01
s679        , -2.075675552323975e+01, -2.064140928266569e+01,  0.000000000000000e+00,  5.687203791469194e-02,  2.096479102123772e-01,  1.403713397147316e+01
s680        , -1.844365265503332e+01, -1.870049859766003e+01,  0.000000000000000e+00,  0.000000000000000e+00,  2.926800352715195e-01,  1.198695653585989e+01
s681        , -1.908965101407623e+01, -1.925438769579830e+01,  2.508143322475570e-01,  3.745928338762215e-01,  2.900108096479618e-01,  1.245906773057804e+01
s682        , -2.132701003782740e+01, -2.134650290230958e+01,  1.585365853658537e-01,  9.349593495934959e-02,  1.957654155390978e-01,  1.555954734923685e+01
s683        , -2.134055790648813e+01, -2.092600700164542e+01,  1.089494163424125e-01,  8.093385214007782e-01,  2.009709583197100e-01,  1.196334473455133e+01
s684        , -2.228765611405496e+01, -2.202971723899553e+01,  1.256038647342995e-01,  4.589371980676328e-01,  1.442502354972119e-01,  1.446997856213854e+01
s685        , -2.220524684044785e+01, -2.259357646203276e+01,  1.909722222222222e-01,  4.583333333333333e-01,  1.848655964827495e-01,  1.648856791117663e+01
s686        , -2.092862014660340e+01, -2.060535716779053e+01,  1.792452830188679e-01,  1.886792452830189e-02,  2.033883268983741e-01,  1.462896892305781e+01
s687        , -2.266843571203506e+01, -2.258353622799389e+01,  0.000000000000000e+00,  6.274509803921569e-01,  1.405324789088225e-01,  1.438841854652308e+01
s688        , -1.791243182954496e+01, -1.814994211848995e+01,  2.912280701754386e-01,  3.824561403508772e-01,  3.076792584773829e-01,  1.076518912705497e+01
s689        , -2.022924986754604e+01, -2.024939077080552e+01,  0.000000000000000e+00,  0.000000000000000e+00,  2.100373322661633e-01,  1.350892152428879e+01
s690        , -1.926971843911773e+01, -1.933566415434676e+01,  0.000000000000000e+00,  2.972972972972973e-01,  2.775037666201089e-01,  1.181256468711976e+01
s691        , -1.839442212707931e+01, -1.891717187233587e+01,  1.482889733840304e-01,  3.536121673003803e-01,  3.267666510069925e-01,  1.217636750984857e+01
s692        , -1.811967055159425e+01, -1.824796034404143e+01,  0.000000000000000e+00,  0.000000000000000e+00,  3.011399059026221e-01,  1.126853861561337e+01
s693        , -1.897178714286070e+01, -1.877231941561837e+01,  2.289719626168224e-01,  5.140186915887850e-02,  2.609504298007636e-01,  1.217611910435158e+01
s694        , -2.117746495604092e+01, -2.080006340326107e+01,  0.000000000000000e+00,  5.000000000000000e-01,  1.742124884511347e-01,  1.204535457910931e+01
s695        , -2.262578130233349e+01, -2.255013368414436e+01,  6.772908366533864e-02,  3.266932270916335e-01,  1.490535795711215e-01,  1.584803555142481e+01
s696        , -2.110358706695218e+01, -2.111173959921047e+01,  0.000000000000000e+00,  6.809523809523810e-01,  1.885785478533383e-01,  1.220774635421528e+01
s697        , -2.080079623838923e+01, -2.058273860068066e+01,  0.000000000000000e+00,  0.000000000000000e+00,  2.134547424362909e-01,  1.420651664250340e+01
s698        , -2.284382050270110e+01, -2.288541775803063e+01,  6.511627906976744e-02,  3.488372093023256e-01,  1.400833453469122e-01,  1.624021659466149e+01
s699        , -1.710021253686445e+01, -1.724240603861590e+01,  1.375464684014870e-01,  0.000000000000000e+00,  3.493209130824149e-01,  1.066554063150242e+01
s700        , -1.768315556313765e+01, -1.768832685633595e+01,  0.000000000000000e+00,  0.000000000000000e+00,  3.416868180659429e-01,  1.090514489355520e+01
s701        , -1.903295584190279e+01, -1.987154857086519e+01,  0.000000000000000e+00,  4.536082474226804e-01,  2.920030783327793e-01,  1.249962142759825e+01
s702        , -1.837939645173277e+01, -1.824935974253734e+01,  1.434782608695652e-01,  0.000000000000000e+00,  2.788443733446022e-01,  1.138340179615064e+01
s703        , -2.091048572489854e+01, -2.069604432437847e+01,  0.000000000000000e+00,  7.102040816326531e-01,  2.072713821253036e-01,  1.162772149900116e+01
s704        , -2.101614044515869e+01, -2.090735366835736e+01,  0.000000000000000e+00,  0.000000000000000e+00,  2.010007976057017e-01,  1.461041329043226e+01
s705        , -1.998067347119072e+01, -1.980280745074076e+01,  0.000000000000000e+00,  1.878172588832487e-01,  2.408842892995018e-01,  1.248181460466569e+01
s706        , -2.205053681559340e+01, -2.189661810043808e+01,  9.954751131221719e-02,  4.751131221719457e-01,  1.626651554478017e-01,  1.438437929848286e+01
s707        , -2.095566328486310e+01, -2.088253827110825e+01,  0.000000000000000e+00,  1.345291479820628e-02,  2.037336860439524e-01,  1.455970448329908e+01
s708        , -2.098548818691052e+01, -2.081428439881117e+01,  1.196581196581197e-01,  0.000000000000000e+00,  1.987976959208718e-01,  1.481191300800673e+01
s709        , -2.115794840593145e+01, -2.145235087783346e+01,  1.520912547528517e-01,  1.482889733840304e-01,  1.907886407514787e-01,  1.544538303135428e+01
s710        , -2.144561556804213e+01, -2.184781059855368e+01,  0.000000000000000e+00,  5.916230366492147e-01,  1.698335299130016e-01,  1.362734976257496e+01
s711        , -2.158487030708884e+01, -2.182337762220451e+01,  0.000000000000000e+00,  5.904761904761905e-01,  1.527594226434630e-01,  1.328695433940170e+01
s712        , -1.701606937532507e+01, -1.718454794628472e+01,  3.358208955223881e-02,  0.000000000000000e+00,  3.593474320621854e-01,  1.036656369026571e+01
s713        , -2.069677260469373e+01, -2.030265562013175e+01,  1.159420289855072e-01,  0.000000000000000e+00,  2.038368038911285e-01,  1.390772653917274e+01
s714        , -1.667903695847065e+01, -1.635508304068179e+01,  0.000000000000000e+00,  0.000000000000000e+00,  4.290775943387486e-01,  9.878746674623725e+00
s715        , -1.903979308955687e+01, -1.907428671395099e+01,  1.096491228070175e-01,  0.000000000000000e+00,  2.565011219924965e-01,  1.245400578081391e+01
s716        , -1.775292931769286e+01, -1.756565846643088e+01,  0.000000000000000e+00,  0.000000000000000e+00,  3.374088053440935e-01,  1.059572487224863e+01
s717        , -1.980553907801730e+01, -2.040531319230840e+01,  2.022058823529412e-01,  2.683823529411765e-01,  2.245249569250835e-01,  1.375095082434055e+01
s718        , -2.205506805307129e+01, -2.231687002463700e+01,  0.000000000000000e+00,  3.149606299212598e-01,  1.507225601026180e-01,  1.523851599721952e+01
s719        , -2.211926724507942e+01, -2.220170184492902e+01,  1.055045871559633e-01,  5.000000000000000e-01,  1.482762460629340e-01,  1.464375832979663e+01
s720        , -2.227273745316376e+01, -2.264000752279814e+01,  0.000000000000000e+00,  5.283018867924528e-01,  1.311981113212618e-01,  1.470881339265356e+01
s721        , -1.785735939085095e+01, -1.787458870868447e+01,  2.065217391304348e-01,  5.434782608695652e-02,  3.266608066534182e-01,  1.151524704805075e+01
s722        , -2.185625504194673e+01, -2.178639347028233e+01,  2.643171806167401e-02,  5.682819383259912e-01,  1.603973026518497e-01,  1.352581072750537e+01
s723        , -2.033801839240394e+01, -2.014913890936463e+01,  0.000000000000000e+00,  2.970297029702970e-02,  2.025878503650466e-01,  1.307464439179439e+01
s724        , -2.101306363073858e+01, -2.107348482328968e+01,  0.000000000000000e+00,  4.079601990049751e-01,  1.761109902951755e-01,  1.295007504023640e+01
s725        , -1.977835943733275e+01, -2.045492517509172e+01,  1.939163498098859e-01,  6.159695817490494e-01,  2.466958086327571e-01,  1.288843599701539e+01
s726        , -1.782642809085736e+01, -1.806040474118494e+01,  0.000000000000000e+00,  2.697095435684647e-01,  3.415770557653106e-01,  1.059460484851916e+01
s727        , -2.098840179836340e+01, -2.073293592882255e+01,  1.096491228070175e-01,  0.000000000000000e+00,  2.055935543035830e-01,  1.473986125544507e+01
s728        , -2.135488943619893e+01, -2.115279109756407e+01,  0.000000000000000e+00,  3.465346534653465e-01,  1.883667318771066e-01,  1.354819767991309e+01
s729        , -1.830313789299144e+01, -1.874568292459095e+01,  2.764227642276423e-01,  3.821138211382114e-01,  2.824546635213636e-01,  1.141465706390808e+01
s730        , -1.974102380594271e+01, -1.958470657719449e+01,  1.074380165289256e-01,  1.033057851239669e-01,  2.443888323587637e-01,  1.282077474741319e+01
s731        , -1.858542568590836e+01, -1.820816357707607e+01,  5.504587155963303e-02,  2.844036697247707e-01,  3.055058800363177e-01,  1.038458156789735e+01
s732        , -1.728575125425960e+01, -1.778161807328653e+01,  2.233676975945017e-01,  0.000000000000000e+00,  3.093155754580257e-01,  1.129914644447386e+01
s733        , -2.189672381410002e+01, -2.232111036753452e+01,  0.000000000000000e+00,  5.120772946859903e-01,  1.615402924286467e-01,  1.468944495786918e+01
s734        , -1.907291800543370e+01, -1.934210912091519e+01,  2.222222222222222e-02,  1.444444444444444e-01,  2.695799537302828e-01,  1.234271589486634e+01
s735        , -2.104653345651221e+01, -2.035788856535005e+01,  0.000000000000000e+00,  1.067415730337079e-01,  2.083965118736713e-01,  1.328396978542303e+01
s736        , -1.839280423093862e+01, -1.912232415499618e+01,  0.000000000000000e+00,  3.976833976833977e-01,  3.076539693332344e-01,  1.155055276785412e+01
s737        , -2.165426899727042e+01, -2.173233110145994e+01,  0.000000000000000e+00,  6.019900497512438e-01,  1.784064817278250e-01,  1.351672856631304e+01
s738        , -1.806822955624155e+01, -1.853369352876512e+01,  1.107011070110701e-02,  1.107011070110701e-01,  3.212088469638086e-01,  1.178534614517284e+01
s739        , -1.955458939471557e+01, -2.009760637992254e+01,  1.208333333333333e-01,  4.333333333333333e-01,  2.346305815297279e-01,  1.242988286212224e+01
s740        , -1.834079412742093e+01, -1.834013758957795e+01,  6.296296296296296e-02,  6.296296296296296e-02,  2.988394737606896e-01,  1.138649941005885e+01
s741        , -2.108323768665554e+01, -2.076319979778941e+01,  0.000000000000000e+00,  0.000000000000000e+00,  1.997199132797182e-01,  1.431218046165300e+01
s742        , -1.784982580383593e+01, -1.802513116011303e+01,  0.000000000000000e+00,  0.000000000000000e+00,  3.086357063873747e-01,  1.097290862335469e+01
s743        , -2.007117762213282e+01, -2.045534832901221e+01,  0.000000000000000e+00,  0.000000000000000e+00,  2.688250684891456e-01,  1.492903898581072e+01
s744        , -2.048858578542649e+01, -2.058413180556171e+01,  3.365384615384615e-02,  7.692307692307693e-02,  2.002471107368339e-01,  1.380515331292497e+01
s745        , -2.120349313282904e+01, -2.125239223679725e+01,  0.000000000000000e+00,  4.010989010989011e-01,  1.767551006499211e-01,  1.332967177626812e+01
s746        , -1.892251493836264e+01, -1.890295002470123e+01,  0.000000000000000e+00,  1.477832512315271e-01,  2.798760052613030e-01,  1.159167200253645e+01
s747        , -2.116880416688591e+01, -2.095353038839619e+01,  0.000000000000000e+00,  2.756756756756757e-01,  1.983787337759775e-01,  1.360974683215372e+01
s748        , -2.167842994358758e+01, -2.123968663069135e+01,  0.000000000000000e+00,  6.349206349206349e-02,  1.908105523773806e-01,  1.482830423361539e+01
s749        , -2.059667445248301e+01, -2.092140025255359e+01,  0.000000000000000e+00,  4.974358974358974e-01,  1.949007167230944e-01,  1.264832005707439e+01
s750        , -2.032384862658092e+01, -2.042794431479235e+01,  1.035856573705179e-01,  5.976095617529881e-02,  2.081150820351275e-01,  1.395283326508115e+01
s751        , -2.236553637276776e+01, -2.150053147768477e+01,  4.298507462686567e-01,  5.074626865671642e-01,  2.217685654286489e-01,  1.568941574420401e+01
s752        , -1.716732359631470e+01, -1.726906397190249e+01,  8.609271523178808e-02,  0.000000000000000e+00,  3.465376013444580e-01,  1.048821444683904e+01
s753        , -2.206691124025960e+01, -2.209076086059586e+01,  1.187050359712230e-01,  4.208633093525180e-01,  1.743863728690761e-01,  1.523272186348914e+01
s754        , -1.859855862913608e+01, -1.878899484130609e+01,  1.162790697674419e-01,  0.000000000000000e+00,  2.816421118311814e-01,  1.236994236298383e+01
s755        , -2.251644582892857e+01, -2.213454835724256e+01,  0.000000000000000e+00,  5.420560747663551e-01,  1.525986264244385e-01,  1.406290382728060e+01
s756        , -2.026279534630465e+01, -2.057056710799517e+01,  0.000000000000000e+00,  2.766798418972332e-02,  2.267276996606760e-01,  1.431015400767722e+01
s757        , -1.901185247831666e+01, -1.930606343041908e+01,  1.482889733840304e-01,  8.745247148288973e-02,  2.559004517632109e-01,  1.269113414828457e+01
s758        , -1.866312886885699e+01, -1.868753473668749e+01,  1.836734693877551e-01,  0.000000000000000e+00,  2.633306734031369e-01,  1.209166287859398e+01
s759        , -2.105033567951521e+01, -2.097904180494863e+01,  5.188679245283019e-02,  0.000000000000000e+00,  1.765785379595435e-01,  1.450267535567043e+01
s760        , -1.976737462921502e+01, -1.986734742781695e+01,  2.105263157894737e-02,  2.210526315789474e-01,  2.385793191751568e-01,  1.251288027573730e+01
s761        , -2.282845273202710e+01, -2.224405310045780e+01,  2.818181818181818e-01,  3.727272727272727e-01,  1.577929934086259e-01,  1.598855677170639e+01
s762        , -1.737428124739802e+01, -1.697114303210348e+01,  0.000000000000000e+00,  0.000000000000000e+00,  3.951753068118453e-01,  1.046608992517440e+01
s763        , -2.048674857080450e+01, -2.067419085235187e+01,  0.000000000000000e+00,  7.500000000000000e-02,  2.149900847470914e-01,  1.412449778824443e+01
s764        , -1.996103637141938e+01, -1.996484423351966e+01,  5.072463768115942e-02,  5.434782608695652e-01,  2.497267923156289e-01,  1.177748007126653e+01
s765        , -1.985538741097363e+01, -1.996496882606899e+01,  0.000000000000000e+00,  0.000000000000000e+00,  2.209967122814968e-01,  1.315586265535196e+01
s766        , -1.902823974868692e+01, -1.909263669453179e+01,  0.000000000000000e+00,  2.978723404255319e-02,  2.545600575997223e-01,  1.195942744553548e+01
s767        , -2.019726225103009e+01, -2.017159816978096e+01,  0.000000000000000e+00,  2.325581395348837e-01,  2.245487754342332e-01,  1.273319362343254e+01
s768        , -2.180287541987858e+01, -2.138556689809582e+01,  0.000000000000000e+00,  4.440000000000000e-01,  1.784928355007975e-01,  1.345250902833756e+01
s769        , -2.332774774981945e+01, -2.328196371734668e+01,  0.000000000000000e+00,  1.929824561403509e-01,  1.420886759382631e-01,  1.739643510142021e+01
s770        , -2.255011500408412e+01, -2.218249851522279e+01,  9.589041095890410e-02,  0.000000000000000e+00,  1.726865256364105e-01,  1.689164473127726e+01
s771        , -1.837836194936116e+01, -1.826272220752413e+01,  0.000000000000000e+00,  2.242990654205607e-01,  3.080689342076313e-01,  1.056886783852959e+01
s772        , -2.036442085092615e+01, -2.017382930855615e+01,  1.287128712871287e-01,  0.000000000000000e+00,  2.134208956645824e-01,  1.387306102003137e+01
s773        , -2.207703951964118e+01, -2.217864018729972e+01,  3.465346534653466e-02,  5.544554455445545e-01,  1.411950681117320e-01,  1.402241955514265e+01
s774        , -2.410464814655394e+01, -2.366346627248317e+01,  0.000000000000000e+00,  4.528301886792453e-01,  1.271346300387070e-01,  1.688219176513709e+01
s775        , -2.145476048405246e+01, -2.130057991630909e+01,  0.000000000000000e+00,  5.381165919282511e-01,  2.062038529864955e-01,  1.341729473939093e+01
s776        , -1.783304251394927e+01, -1.774455643146804e+01,  0.000000000000000e+00,  0.000000000000000e+00,  3.099486694024927e-01,  1.045886382743628e+01
s777        , -1.926023008452307e+01, -1.947008453743111e+01,  9.090909090909090e-03,  0.000000000000000e+00,  2.246639664711545e-01,  1.230452514267539e+01
s778        , -1.976550707196644e+01, -1.958000611155753e+01,  6.403940886699508e-02,  0.000000000000000e+00,  2.378821345790287e-01,  1.293755299014401e+01
s779        , -2.301809423461469e+01, -2.282929085235713e+01,  8.000000000000000e-02,  5.200000000000000e-01,  1.683123183107156e-01,  1.602969749265507e+01
s780        , -1.989864127452180e+01, -2.012421652291987e+01,  3.968253968253968e-02,  0.000000000000000e+00,  2.316263287241291e-01,  1.378477834529889e+01
s781        , -1.803783397921168e+01, -1.791282559943473e+01,  0.000000000000000e+00,  2.083333333333333e-01,  3.245943137595962e-01,  1.024806366265619e+01
s782        , -2.003060740563550e+01, -2.000974160149924e+01,  0.000000000000000e+00,  4.901960784313725e-02,  2.156721797119969e-01,  1.296311268993788e+01
s783        , -2.170310297580588e+01, -2.128331279043995e+01,  0.000000000000000e+00,  6.728110599078341e-01,  1.746562775569741e-01,  1.232393962095321e+01
s784        , -1.828106793020000e+01, -1.879562039830058e+01,  0.000000000000000e+00,  0.000000000000000e+00,  2.570683003181847e-01,  1.154750508479557e+01
s785        , -1.904288077315707e+01, -1.882185558983596e+01,  2.425742574257426e-01,  1.287128712871287e-01,  2.527259566847138e-01,  1.188233231705360e+01
s786        , -2.022975758111321e+01, -1.993007918333994e+01,  0.000000000000000e+00,  9.178743961352658e-02,  2.215929928574867e-01,  1.275213357281550e+01
s787        , -1.858814151939532e+01, -1.938333539486143e+01,  2.549019607843137e-01,  0.000000000000000e+00,  2.481276107091809e-01,  1.340680852459366e+01
s788        , -1.926046054059691e+01, -1.924130094962910e+01,  1.940298507462687e-01,  3.482587064676617e-02,  2.330050470351293e-01,  1.252659586925770e+01
s789        , -2.212378523930028e+01, -2.228093480278681e+01,  0.000000000000000e+00,  4.914285714285714e-01,  1.377653744229729e-01,  1.427578326257372e+01
s790        , -2.174169856486492e+01, -2.160803298415506e+01,  5.347593582887700e-02,  4.064171122994653e-01,  1.516840271119591e-01,  1.373945955132695e+01
s791        , -1.907773631846257e+01, -1.898145688116128e+01,  2.123893805309734e-01,  3.097345132743363e-02,  2.595103354204680e-01,  1.257060376952167e+01
s792        , -2.217884458062024e+01, -2.188308617461468e+01,  1.646090534979424e-01,  6.584362139917695e-01,  1.689401057230019e-01,  1.400152908617240e+01
s793        , -2.046845693654859e+01, -2.020883329646215e+01,  0.000000000000000e+00,  5.131578947368421e-01,  2.481241565627069e-01,  1.215397616557521e+01
s794        , -1.973890233992908e+01, -1.940433694415609e+01,  0.000000000000000e+00,  3.488372093023256e-01,  2.488979613078948e-01,  1.124971287770339e+01
s795        , -2.098054198937622e+01, -2.065638480465052e+01,  6.500000000000000e-02,  0.000000000000000e+00,  1.990544813924942e-01,  1.432324430857980e+01
s796        , -1.872193723420701e+01, -1.859151170924251e+01,  1.476190476190476e-01,  1.428571428571429e-02,  2.746318477874518e-01,  1.192509260592476e+01
s797        , -1.738396768625594e+01, -1.783957809621738e+01,  1.311475409836066e-01,  0.000000000000000e+00,  2.907747034293837e-01,  1.076429574270196e+01
s798        , -1.812351947027918e+01, -1.858052256960531e+01,  0.000000000000000e+00,  0.000000000000000e+00,  3.021414575278030e-01,  1.192246884979062e+01
s799        , -2.115781411801412e+01, -2.027054151239325e+01,  0.000000000000000e+00,  8.161434977578476e-01,  1.973706849484799e-01,  1.023969449715409e+01
s800        , -2.197753832223543e+01, -2.211480423526221e+01,  0.000000000000000e+00,  4.022988505747127e-01,  1.655856596097210e-01,  1.478066983162709e+01
s801        , -2.000340332694237e+01, -2.052105678988916e+01,  0.000000000000000e+00,  2.258064516129032e-01,  1.876000821518010e-01,  1.278270596395830e+01
s802        , -2.346278750692302e+01, -2.283412015959104e+01,  2.083333333333333e-01,  4.537037037037037e-01,  1.394811483977958e-01,  1.623504625666435e+01
s803        , -2.201425716118592e+01, -2.194383669979809e+01,  8.673469387755102e-02,  4.336734693877551e-01,  1.606006963069144e-01,  1.455077698286752e+01
s804        , -1.618324989548500e+01, -1.592353781514764e+01,  1.595330739299611e-01,  0.000000000000000e+00,  4.195495372873648e-01,  9.443958301329650e+00
s805        , -2.141738653455062e+01, -2.147269298406347e+01,  0.000000000000000e+00,  7.797356828193833e-01,  1.975379264742147e-01,  1.268105090050788e+01
s806        , -2.157933013723432e+01, -2.148868837361061e+01,  1.710526315789474e-01,  3.377192982456140e-01,  1.769616955131168e-01,  1.462297744677701e+01
s807        , -1.912040169626662e+01, -1.977458257995129e+01,  1.929824561403509e-01,  3.625730994152047e-01,  2.561322471057983e-01,  1.270679483058542e+01
s808        , -2.304047586711122e+01, -2.304543955153200e+01,  0.000000000000000e+00,  7.419354838709677e-01,  1.558105169619316e-01,  1.510577171432135e+01
s809        , -2.047218776779852e+01, -2.030919334910883e+01,  9.051724137931035e-02,  3.017241379310345e-02,  2.169780696705958e-01,  1.394656383282514e+01
s810        , -2.119146876442327e+01, -2.175599564255993e+01,  1.974110032362459e-01,  4.368932038834951e-01,  1.986760082590909e-01,  1.523027497629974e+01
s811        , -2.180116494254657e+01, -2.187502735044638e+01,  3.465346534653466e-02,  4.158415841584158e-01,  1.583363214179733e-01,  1.426509524421925e+01
s812        , -2.372646511684069e+01, -2.311144754016064e+01,  1.214953271028037e-01,  4.906542056074766e-01,  1.371173395004313e-01,  1.628130485441724e+01
s813        , -2.269928091374550e+01, -2.254954767814524e+01,  0.000000000000000e+00,  4.809523809523810e-01,  1.528722683810273e-01,  1.509314052230302e+01
s814        , -1.832573741415099e+01, -1.876380009489402e+01,  0.000000000000000e+00,  0.000000000000000e+00,  2.574932933584701e-01,  1.149402494895817e+01
s815        , -2.057906464758977e+01, -2.056591577812343e+01,  0.000000000000000e+00,  4.153846153846154e-01,  2.143793396675101e-01,  1.261845864846453e+01
s816        , -1.808215553271357e+01, -1.849909048401556e+01,  0.000000000000000e+00,  2.931726907630522e-01,  3.314796913279374e-01,  1.116913975135418e+01
s817        , -2.152086258044021e+01, -2.185676554017324e+01,  0.000000000000000e+00,  4.668989547038328e-01,  1.948919428455883e-01,  1.455381638764244e+01
s818        , -2.057353864229959e+01, -2.056070850164627e+01,  7.407407407407407e-02,  0.000000000000000e+00,  1.937798011504956e-01,  1.407979050546423e+01
s819        , -2.244567325669163e+01, -2.248567355056103e+01,  0.000000000000000e+00,  4.375000000000000e-01,  1.333924858567404e-01,  1.479538251265494e+01
s820        , -2.103220827040201e+01, -2.128832843481631e+01,  0.000000000000000e+00,  0.000000000000000e+00,  2.046697676316512e-01,  1.540354613445207e+01
s821        , -2.251724700203312e+01, -2.270255701651015e+01,  8.247422680412371e-02,  3.865979381443299e-01,  1.494291984647223e-01,  1.597110647793039e+01
s822        , -1.967652212859418e+01, -1.996968150622193e+01,  0.000000000000000e+00,  0.000000000000000e+00,  2.374121996331420e-01,  1.345136373275347e+01
s823        , -1.898228811729100e+01, -1.936415254401968e+01,  0.000000000000000e+00,  2.393162393162393e-01,  2.534236511296803e-01,  1.166626650568252e+01
s824        , -2.375965705343503e+01, -2.373856880713285e+01,  2.209944751381215e-02,  4.475138121546961e-01,  1.165498706573463e-01,  1.693852771642091e+01
s825        , -2.074394606294202e+01, -2.020088983335544e+01,  0.000000000000000e+00,  9.523809523809523e-02,  2.150832333962042e-01,  1.314373909661389e+01
s826        , -2.229590893513048e+01, -2.231623642085163e+01,  0.000000000000000e+00,  3.809523809523809e-01,  1.513367724495173e-01,  1.499828068663168e+01
s827        , -2.030439908572953e+01, -1.926536383308433e+01,  0.000000000000000e+00,  7.309236947791165e-01,  2.527627790930966e-01,  9.605213369926036e+00
s828        , -2.126632247755481e+01, -2.106201162240046e+01,  0.000000000000000e+00,  1.165048543689320e-01,  1.985157891268953e-01,  1.442212069628689e+01
s829        , -1.836528680868646e+01, -1.797206769161767e+01,  0.000000000000000e+00,  2.977777777777778e-01,  3.281437142736295e-01,  1.008488668136733e+01
s830        , -2.038358031572328e+01, -2.073075386126597e+01,  0.000000000000000e+00,  2.386363636363636e-01,  2.204038680521603e-01,  1.370795573456032e+01
s831        , -2.014217587228185e+01, -2.024824507898321e+01,  0.000000000000000e+00,  4.691943127962085e-01,  2.091035356292307e-01,  1.171479389502659e+01
s832        , -1.638297894992474e+01, -1.659465378343604e+01,  2.480000000000000e-01,  0.000000000000000e+00,  3.357262562254056e-01,  9.574534929309275e+00
s833        , -2.087813803835245e+01, -2.055849926004154e+01,  0.000000000000000e+00,  1.639344262295082e-02,  1.961018608996874e-01,  1.379524644662494e+01
s834        , -2.163260872857058e+01, -2.179456744418883e+01,  1.779935275080906e-01,  4.627831715210356e-01,  2.126324838020771e-01,  1.538184050512519e+01
s835        , -1.845033213930005e+01, -1.827256640654348e+01,  0.000000000000000e+00,  0.000000000000000e+00,  3.054987311635926e-01,  1.139169916784511e+01
s836        , -2.085703068105029e+01, -2.090955048877854e+01,  0.000000000000000e+00,  5.882352941176471e-02,  2.320488771907342e-01,  1.493385242128451e+01
s837        , -1.604298594536770e+01, -1.610512795125430e+01,  1.337792642140468e-01,  0.000000000000000e+00,  4.051433491136964e-01,  9.450087324528051e+00
s838        , -1.819387371328009e+01, -1.827610307619100e+01,  0.000000000000000e+00,  2.875000000000000e-01,  3.436246416931329e-01,  1.097581158781247e+01
s839        , -2.199016371973259e+01, -2.152138301221320e+01,  1.336032388663968e-01,  5.951417004048583e-01,  1.764237919748367e-01,  1.357111939458288e+01
s840        , -1.816847175772266e+01, -1.859906800970750e+01,  0.000000000000000e+00,  1.421800947867299e-01,  2.685000133349042e-01,  1.083278015260137e+01
s841        , -2.076446728280485e+01, -2.065710898723166e+01,  0.000000000000000e+00,  7.692307692307693e-02,  2.155981887992780e-01,  1.409514166282318e+01
s842        , -1.719569444321167e+01, -1.733290624080496e+01,  5.747126436781609e-02,  0.000000000000000e+00,  3.417613563838909e-01,  1.042704202980296e+01
s843        , -1.999816334280537e+01, -1.973081473089207e+01,  0.000000000000000e+00,  0.000000000000000e+00,  2.380894862426051e-01,  1.300604503504452e+01
s844        , -1.581596700213373e+01, -1.541931645256006e+01,  1.455938697318008e-01,  0.000000000000000e+00,  4.587905434984532e-01,  9.115119776049767e+00
s845        , -2.003183538643507e+01, -2.010194482490456e+01,  4.739336492890995e-02,  9.004739336492891e-02,  2.189971943562761e-01,  1.320791337726134e+01
s846        , -2.166933569232110e+01, -2.162707680922569e+01,  0.000000000000000e+00,  6.439999999999999e-01,  1.796916623516881e-01,  1.317873960529850e+01
s847        , -2.001719781047365e+01, -1.980380690490293e+01,  3.720930232558139e-02,  0.000000000000000e+00,  2.271718257791170e-01,  1.308520383979809e+01
s848        , -1.670780899311153e+01, -1.645115754714067e+01,  3.118971061093248e-01,  0.000000000000000e+00,  3.671151059568084e-01,  1.007095490032780e+01
s849        , -2.103364362191806e+01, -2.127678638321259e+01,  0.000000000000000e+00,  2.252747252747253e-01,  1.749020528133740e-01,  1.400941387551857e+01
s850        , -1.674889176362534e+01, -1.629903222989285e+01,  0.000000000000000e+00,  0.000000000000000e+00,  4.307088223565088e-01,  9.799945793800703e+00
s851        , -1.887785873496733e+01, -1.929988111991130e+01,  1.622641509433962e-01,  0.000000000000000e+00,  2.467752022988331e-01,  1.289983462099634e+01
s852        , -1.916613881673827e+01, -1.933392946121266e+01,  1.869158878504673e-01,  6.074766355140187e-02,  2.363910930731434e-01,  1.264000528150015e+01
s853        , -2.151831650372089e+01, -2.143180549179170e+01,  1.344537815126050e-01,  5.756302521008403e-01,  1.695192253172687e-01,  1.335600116105550e+01
s854        , -2.092228526657664e+01, -2.037124809107650e+01,  2.673796791443850e-02,  0.000000000000000e+00,  2.041312231063945e-01,  1.373247397031194e+01
s855        , -1.984690981488844e+01, -1.978952799019360e+01,  0.000000000000000e+00,  0.000000000000000e+00,  2.387874287326128e-01,  1.313058979429040e+01
s856        , -1.857995804240183e+01, -1.842820415514231e+01,  1.703056768558952e-01,  1.484716157205240e-01,  2.918317678037373e-01,  1.148417362892294e+01
s857        , -2.294003947989728e+01, -2.306677574205671e+01,  0.000000000000000e+00,  2.834224598930482e-01,  1.450847576897318e-01,  1.669463499226623e+01
s858        , -2.107902559750898e+01, -2.136296870271167e+01,  0.000000000000000e+00,  3.000000000000000e-01,  1.883919381408606e-01,  1.412697913152377e+01
s859        , -1.829183386036745e+01, -1.856608620300182e+01,  0.000000000000000e+00,  0.000000000000000e+00,  2.915149134056196e-01,  1.170938703621948e+01
s860        , -2.148418071954308e+01, -2.138373954411270e+01,  1.985294117647059e-01,  6.507352941176471e-01,  1.938436243589067e-01,  1.362815853210019e+01
s861        , -2.060440939951398e+01, -2.008855029346703e+01,  0.000000000000000e+00,  1.538461538461539e-02,  2.102281694105850e-01,  1.314621639826747e+01
s862        , -1.983634035476443e+01, -1.944654863187729e+01,  0.000000000000000e+00,  5.970149253731343e-02,  2.315364254234588e-01,  1.212172160715673e+01
s863        , -2.017821382918477e+01, -2.036161592972377e+01,  4.097744360902256e-01,  3.195488721804511e-01,  2.186602223870358e-01,  1.409654048649093e+01
s864        , -2.145828954671971e+01, -2.117207663037102e+01,  0.000000000000000e+00,  3.168316831683168e-01,  2.024720707102823e-01,  1.394368059462684e+01
s865        , -2.179521899962700e+01, -2.201139722044423e+01,  0.000000000000000e+00,  4.444444444444444e-01,  1.696460049653804e-01,  1.449413481765078e+01
s866        , -2.240641608733365e+01, -2.222012884070304e+01,  1.913875598086124e-02,  5.263157894736842e-01,  1.446568866097983e-01,  1.421452267660385e+01
s867        , -1.970162478711471e+01, -1.965697200171737e+01,  0.000000000000000e+00,  6.217616580310881e-02,  2.481553946766308e-01,  1.280509376006337e+01
s868        , -1.579821539399930e+01, -1.516244009545256e+01,  0.000000000000000e+00,  0.000000000000000e+00,  4.927209783814997e-01,  8.706989731499114e+00
s869        , -1.927595790821999e+01, -1.942655149391258e+01,  0.000000000000000e+00,  0.000000000000000e+00,  2.416012483635985e-01,  1.248503892752878e+01
s870        , -1.834436146157947e+01, -1.851867363581925e+01,  6.224066390041494e-02,  0.000000000000000e+00,  2.683384938145538e-01,  1.143163319802662e+01
s871        , -1.954632707936713e+01, -1.985539698099887e+01,  0.000000000000000e+00,  2.023346303501946e-01,  2.464416756848484e-01,  1.262450644985692e+01
s872        , -2.222687656829416e+01, -2.243990784511356e+01,  0.000000000000000e+00,  5.948275862068966e-01,  1.512781333842163e-01,  1.442453910511111e+01
s873        , -2.174135075548704e+01, -2.102367355013310e+01,  9.042553191489362e-02,  5.851063829787234e-02,  1.856543897863754e-01,  1.465969872204263e+01
s874        , -2.306987923711809e+01, -2.335541507732214e+01,  0.000000000000000e+00,  4.644549763033176e-01,  1.207159731472646e-01,  1.613663796563399e+01
s875        , -2.178123430913379e+01, -2.172151615720578e+01,  1.025641025641026e-01,  3.794871794871795e-01,  1.627302413273550e-01,  1.442283860646056e+01
s876        , -2.287277527114560e+01, -2.261494319438607e+01,  0.000000000000000e+00,  4.975124378109453e-01,  1.347395418768056e-01,  1.483917145250417e+01
s877        , -2.189016288213647e+01, -2.157675630246356e+01,  0.000000000000000e+00,  4.102564102564102e-01,  1.672842375222338e-01,  1.375049255492321e+01
s878        , -1.876974537203656e+01, -1.902793755488223e+01,  5.241935483870968e-02,  1.975806451612903e-01,  2.843113922981854e-01,  1.190296458125806e+01
s879        , -1.761744622782913e+01, -1.771173611017003e+01,  1.028806584362140e-01,  1.152263374485597e-01,  3.441633201438423e-01,  1.091654258315224e+01
s880        , -1.792977215528789e+01, -1.792004085262714e+01,  3.548387096774194e-01,  0.000000000000000e+00,  2.832544277181830e-01,  1.156857406930946e+01
s881        , -2.116921283478955e+01, -2.033046214228970e+01,  0.000000000000000e+00,  8.258928571428572e-01,  1.961751111977481e-01,  1.029660849317773e+01
s882        , -1.809005639564229e+01, -1.823063645968601e+01,  1.363636363636364e-01,  0.000000000000000e+00,  3.016269403106066e-01,  1.172031232447370e+01
s883        , -1.958200153707774e+01, -1.971840451165908e+01,  2.070312500000000e-01,  0.000000000000000e+00,  2.315678063570290e-01,  1.359180574100335e+01
s884        , -1.866641101726497e+01, -1.849449125743444e+01,  3.130434782608695e-01,  0.000000000000000e+00,  2.635987377562408e-01,  1.217889196030519e+01
s885        , -1.949202935470739e+01, -1.985381166338694e+01,  0.000000000000000e+00,  0.000000000000000e+00,  2.218254059624412e-01,  1.295759451535879e+01
s886        , -1.753621319174707e+01, -1.733152714858343e+01,  0.000000000000000e+00,  3.167420814479638e-02,  3.510686417381484e-01,  1.026617024451859e+01
s887        , -2.072504645987743e+01, -2.038394190879821e+01,  5.963302752293578e-02,  1.100917431192661e-01,  2.223042945198604e-01,  1.377221563769913e+01
s888        , -2.163711888094086e+01, -2.199707863804710e+01,  0.000000000000000e+00,  4.000000000000000e-01,  1.663986654948861e-01,  1.457825723069431e+01
s889        , -1.784767272504274e+01, -1.794385579993774e+01,  7.053941908713693e-02,  1.161825726141079e-01,  3.388761247226373e-01,  1.115188416025415e+01
s890        , -2.036577167825686e+01, -2.084013968524710e+01,  0.000000000000000e+00,  2.696629213483146e-01,  1.797472231116798e-01,  1.309034085513910e+01
s891        , -1.925489904031788e+01, -1.957458404055323e+01,  0.000000000000000e+00,  1.839080459770115e-01,  2.667924006317335e-01,  1.251198591027242e+01
s892        , -1.797999052112338e+01, -1.894004412216972e+01,  2.519685039370079e-01,  3.543307086614173e-01,  2.657886813908164e-01,  1.151547325978306e+01
s893        , -2.224398236502422e+01, -2.231433319959886e+01,  0.000000000000000e+00,  0.000000000000000e+00,  1.718438787259917e-01,  1.679421908234697e+01
s894        , -2.015695897880840e+01, -1.995142611841625e+01,  0.000000000000000e+00,  0.000000000000000e+00,  2.298996410018513e-01,  1.328531822611013e+01
s895        , -1.853378696029952e+01, -1.917054778702771e+01,  0.000000000000000e+00,  3.117408906882591e-01,  2.997797452165362e-01,  1.183066617033402e+01
s896        , -2.478440805107692e+01, -2.429688839040863e+01,  3.174603174603174e-02,  6.944444444444444e-01,  1.355712267851067e-01,  1.743819728439546e+01
s897        , -2.202247365131235e+01, -2.225577597507619e+01,  1.451612903225807e-01,  3.806451612903226e-01,  2.091031084388844e-01,  1.639903514928922e+01
s898        , -2.008627742560493e+01, -1.982453522284029e+01,  0.000000000000000e+00,  2.103004291845494e-01,  2.476189687511304e-01,  1.255584375139603e+01
s899        , -1.802005794967191e+01, -1.768040824434926e+01,  0.000000000000000e+00,  0.000000000000000e+00,  3.293133151791742e-01,  1.067404882079883e+01
s900        , -1.770516073583232e+01, -1.764607082727244e+01,  2.908366533864542e-01,  1.912350597609562e-01,  3.281718916390871e-01,  1.088082350222784e+01
s901        , -2.425916197575684e+01, -2.371597579896476e+01,  4.591836734693878e-02,  4.183673469387755e-01,  1.295758625029253e-01,  1.731614021793483e+01
s902        , -1.641892815066793e+01, -1.629284774233495e+01,  8.835341365461848e-02,  0.000000000000000e+00,  4.010950368941662e-01,  9.579981855403648e+00
s903        , -2.332207101034287e+01, -2.304704696422854e+01,  9.523809523809523e-02,  4.545454545454545e-01,  1.355173215469638e-01,  1.617504663044944e+01
s904        , -2.132463334662818e+01, -2.057426401614619e+01,  0.000000000000000e+00,  7.695473251028806e-01,  1.976869299978085e-01,  1.100281239054041e+01
s905        , -2.166343218809494e+01, -2.197182600513708e+01,  1.285140562248996e-01,  3.574297188755020e-01,  1.742804542312411e-01,  1.527758966358866e+01
s906        , -1.790842270146736e+01, -1.766665929177248e+01,  0.000000000000000e+00,  0.000000000000000e+00,  3.565217291820911e-01,  1.112257584792662e+01
s907        , -1.911599503394165e+01, -1.953363674627186e+01,  2.500000000000000e-01,  2.038461538461538e-01,  2.503916230532472e-01,  1.294539340989185e+01
s908        , -2.062377494321661e+01, -2.031885343968245e+01,  0.000000000000000e+00,  1.780821917808219e-01,  2.313921574660226e-01,  1.334059924858259e+01
s909        , -2.034650826700463e+01, -2.092114391414243e+01,  0.000000000000000e+00,  5.568627450980392e-01,  2.040332034799278e-01,  1.258231162580759e+01
s910        , -1.701866755175476e+01, -1.652501400726596e+01,  3.435114503816794e-02,  0.000000000000000e+00,  4.141638219774252e-01,  1.006369934584871e+01
s911        , -1.800428066961873e+01, -1.819978271554034e+01,  7.114624505928854e-02,  0.000000000000000e+00,  3.086201759749679e-01,  1.155545359000985e+01
s912        , -2.018815932170212e+01, -2.027158838561757e+01,  0.000000000000000e+00,  9.803921568627451e-03,  1.982071758022416e-01,  1.330784138842544e+01
s913        , -1.735412329082851e+01, -1.734388565649926e+01,  2.510460251046025e-01,  1.673640167364017e-01,  3.339215034249186e-01,  1.035416698745716e+01
s914        , -2.004618788210774e+01, -2.085306856105361e+01,  0.000000000000000e+00,  2.727272727272727e-01,  1.899258608028399e-01,  1.328112396839052e+01
s915        , -1.937730144245923e+01, -1.929413674849748e+01,  4.854368932038835e-02,  1.067961165048544e-01,  2.359650850726283e-01,  1.189870274462995e+01
s916        , -2.191302790761547e+01, -2.235517517555726e+01,  0.000000000000000e+00,  4.663677130044843e-01,  1.632490810368158e-01,  1.495744444671500e+01
s917        , -1.792924589211810e+01, -1.743035118180798e+01,  0.000000000000000e+00,  4.741379310344827e-02,  3.295897321341630e-01,  1.002088368390266e+01
s918        , -2.621730238337609e+01, -2.549725695666691e+01,  0.000000000000000e+00,  5.263157894736842e-01,  1.014688013352977e-01,  1.966564488875607e+01
s919        , -1.919355775511356e+01, -1.885423030346333e+01,  0.000000000000000e+00,  0.000000000000000e+00,  2.388262051351100e-01,  1.134131171498565e+01
s920        , -1.675861595936722e+01, -1.630213001187162e+01,  0.000000000000000e+00,  0.000000000000000e+00,  4.173714619563271e-01,  9.573111504887864e+00
s921        , -2.192756432754418e+01, -2.167128244211810e+01,  0.000000000000000e+00,  3.697916666666667e-01,  1.443981799082574e-01,  1.368512530836076e+01
s922        , -2.290193110331377e+01, -2.280298488385385e+01,  0.000000000000000e+00,  3.940886699507389e-01,  1.303264577900657e-01,  1.551342638188478e+01
s923        , -1.925371616601646e+01, -1.911220984767512e+01,  0.000000000000000e+00,  0.000000000000000e+00,  2.732130848678975e-01,  1.243514566285807e+01
s924        , -1.798705044323696e+01, -1.874356308615206e+01,  0.000000000000000e+00,  5.482625482625483e-01,  3.131544827704915e-01,  1.035182369905365e+01
s925        , -2.338449219749342e+01, -2.344522912564528e+01,  5.181347150259067e-02,  4.352331606217616e-01,  1.244502834035043e-01,  1.666530780446585e+01
s926        , -1.762302148317026e+01, -1.781189531586357e+01,  0.000000000000000e+00,  0.000000000000000e+00,  3.440085474695826e-01,  1.118214651892327e+01
s927        , -1.720744831710588e+01, -1.713644661714047e+01,  9.282700421940929e-02,  0.000000000000000e+00,  3.650963850510441e-01,  1.058182890612209e+01
s928        , -1.827654667645005e+01, -1.850078118281284e+01,  0.000000000000000e+00,  0.000000000000000e+00,  2.750288968868023e-01,  1.129669462821888e+01
s929        , -2.066098735264480e+01, -2.104518485175606e+01,  0.000000000000000e+00,  2.338308457711443e-01,  1.870748411379907e-01,  1.374623788844717e+01
s930        , -1.982419875205301e+01, -2.073483196464355e+01,  0.000000000000000e+00,  4.220183486238532e-01,  1.931010046211565e-01,  1.254527408689964e+01
s931        , -2.184683786579889e+01, -2.192467103347992e+01,  1.930693069306931e-01,  3.168316831683168e-01,  1.615290163661766e-01,  1.534399253669433e+01
s932        , -2.007807490293144e+01, -1.995899333240787e+01,  1.558441558441558e-01,  0.000000000000000e+00,  2.246071555342656e-01,  1.375192539128573e+01
s933        , -2.186904116931162e+01, -2.190470443051526e+01,  0.000000000000000e+00,  0.000000000000000e+00,  1.693307019421275e-01,  1.596641958689822e+01
s934        , -1.595875499840616e+01, -1.573582625606632e+01,  1.883561643835616e-01,  0.000000000000000e+00,  4.440435732388454e-01,  9.612890165777580e+00
s935        , -1.706347068237267e+01, -1.719645858136559e+01,  0.000000000000000e+00,  3.449612403100775e-01,  4.219044085824611e-01,  1.005828342992470e+01
s936        , -1.818003510858343e+01, -1.732492346807360e+01,  0.000000000000000e+00,  0.000000000000000e+00,  3.340125526267418e-01,  1.007573965604551e+01
s937        , -2.175658784400171e+01, -2.201166217477031e+01,  0.000000000000000e+00,  5.645161290322580e-01,  1.471617139007655e-01,  1.364784318988912e+01
s938        , -2.010166135357230e+01, -1.987639495260620e+01,  4.741379310344827e-02,  0.000000000000000e+00,  2.455883164227176e-01,  1.358117739223147e+01
s939        , -1.813809060682595e+01, -1.812905807206383e+01,  0.000000000000000e+00,  1.877934272300469e-01,  3.181648136454873e-01,  1.062741007606656e+01
s940        , -2.094308051046411e+01, -2.084257218346823e+01,  0.000000000000000e+00,  2.122905027932961e-01,  1.865956891556025e-01,  1.343163768348734e+01
s941        , -1.827480816862776e+01, -1.846794493392940e+01,  0.000000000000000e+00,  0.000000000000000e+00,  2.946655522632861e-01,  1.157655090359761e+01
s942        , -1.770857434290158e+01, -1.788206230854492e+01,  0.000000000000000e+00,  0.000000000000000e+00,  3.333225184673825e-01,  1.112993886792070e+01
s943        , -1.938132201948424e+01, -1.935451385130599e+01,  7.960199004975124e-02,  0.000000000000000e+00,  2.329762256936756e-01,  1.247476525526453e+01
s944        , -1.770272330222015e+01, -1.796511878985871e+01,  9.311740890688260e-02,  0.000000000000000e+00,  3.044312397210256e-01,  1.111001620475500e+01
s945        , -1.924477319915050e+01, -1.926545705183776e+01,  0.000000000000000e+00,  1.131221719457014e-01,  2.485341283434836e-01,  1.186962739803775e+01
s946        , -2.185513295241253e+01, -2.186764856107052e+01,  0.000000000000000e+00,  2.637362637362637e-01,  1.701081950381247e-01,  1.491097705077557e+01
s947        , -2.017292248813791e+01, -2.023703832876928e+01,  0.000000000000000e+00,  2.904564315352697e-01,  2.403850944289440e-01,  1.291569347395239e+01
s948        , -1.792501053388721e+01, -1.782226078399919e+01,  2.261904761904762e-01,  0.000000000000000e+00,  2.985598896646471e-01,  1.119908238379894e+01
s949        , -2.005207290213696e+01, -2.047235393828290e+01,  1.454545454545454e-01,  4.909090909090909e-01,  2.451151419494777e-01,  1.319817309957555e+01
s950        , -2.257823345395823e+01, -2.254302204214703e+01,  0.000000000000000e+00,  5.515695067264574e-01,  1.406441316794161e-01,  1.460000083464812e+01
s951        , -1.571913272603913e+01, -1.537478266227644e+01,  2.594936708860759e-01,  0.000000000000000e+00,  4.331906942110417e-01,  8.981068764989418e+00
s952        , -2.233989362366768e+01, -2.282016804096698e+01,  0.000000000000000e+00,  3.833333333333334e-01,  1.329992290419872e-01,  1.563365915579059e+01
s953        , -2.342860552534396e+01, -2.300560763801865e+01,  4.166666666666666e-02,  3.472222222222222e-01,  1.284454017396768e-01,  1.619131245481053e+01
s954        , -2.204077204416149e+01, -2.229211818763748e+01,  0.000000000000000e+00,  3.206751054852321e-01,  1.476190833187159e-01,  1.511535862732579e+01
s955        , -1.756302978982562e+01, -1.787762948417284e+01,  0.000000000000000e+00,  0.000000000000000e+00,  2.916427163075276e-01,  1.039406215926516e+01
s956        , -2.291971088639473e+01, -2.264170699324516e+01,  1.111111111111111e-01,  4.305555555555556e-01,  1.515403482971504e-01,  1.582519321317857e+01
s957        , -1.872997367448807e+01, -1.867747405654161e+01,  0.000000000000000e+00,  1.393034825870647e-01,  2.812844526375672e-01,  1.121683173537963e+01
s958        , -2.138547156076431e+01, -2.111769581995864e+01,  1.767241379310345e-01,  1.637931034482759e-01,  1.899761494057426e-01,  1.481813509099448e+01
s959        , -1.926386090665138e+01, -1.879604870421931e+01,  4.938271604938271e-02,  0.000000000000000e+00,  2.720980567994917e-01,  1.198315676694502e+01
s960        , -1.680470785163838e+01, -1.694106998321877e+01,  3.104575163398693e-01,  0.000000000000000e+00,  3.292628374145835e-01,  1.034291491001743e+01
s961        , -2.001579976967623e+01, -2.041434468594165e+01,  0.000000000000000e+00,  3.469387755102041e-01,  2.319045120206236e-01,  1.289326226953952e+01
s962        , -1.871905926332032e+01, -1.832797049222505e+01,  3.218750000000000e-01,  3.687500000000000e-01,  3.157750928934030e-01,  1.140612893083570e+01
s963        , -1.918665598310528e+01, -1.965243168255203e+01,  1.626297577854671e-01,  0.000000000000000e+00,  2.429044338633495e-01,  1.350826409184036e+01
s964        , -1.746488927974545e+01, -1.731182969072882e+01,  1.565836298932384e-01,  0.000000000000000e+00,  3.416747956442485e-01,  1.073147488766165e+01
s965        , -1.971186761143078e+01, -1.975374287665522e+01,  2.062937062937063e-01,  4.475524475524476e-01,  2.747751116917034e-01,  1.271717384279479e+01
s966        , -1.765956881606673e+01, -1.743574882298596e+01,  0.000000000000000e+00,  0.000000000000000e+00,  3.505489671184535e-01,  1.057642755117430e+01
s967        , -2.223688117086612e+01, -2.191848321780129e+01,  8.260869565217391e-02,  7.478260869565216e-01,  1.632542049424108e-01,  1.334525717110203e+01
s968        , -1.998239594820018e+01, -2.007950358292182e+01,  0.000000000000000e+00,  0.000000000000000e+00,  2.037214128782045e-01,  1.307356965419692e+01
s969        , -2.101894011109180e+01, -2.087391709282406e+01,  3.608247422680412e-02,  9.278350515463918e-02,  1.914579983793998e-01,  1.415481410911208e+01
s970        , -1.986554229461376e+01, -1.960106800880703e+01,  2.236842105263158e-01,  0.000000000000000e+00,  2.275233404602132e-01,  1.335484784596927e+01
s971        , -1.914500631305469e+01, -1.868507993432500e+01,  0.000000000000000e+00,  1.855203619909502e-01,  2.798572987617858e-01,  1.103157603989559e+01
s972        , -1.930540895911451e+01, -1.963560862362614e+01,  0.000000000000000e+00,  0.000000000000000e+00,  2.253682429178087e-01,  1.260183108132322e+01
s973        , -2.013055280326089e+01, -2.042376361638095e+01,  0.000000000000000e+00,  6.122448979591837e-02,  2.226092183266228e-01,  1.383033618739860e+01
s974        , -1.991254970003848e+01, -2.018620807352955e+01,  0.000000000000000e+00,  2.463768115942029e-01,  2.237046246632817e-01,  1.269412575480593e+01
s975        , -2.002907222040815e+01, -2.057322086196185e+01,  3.205574912891986e-01,  3.867595818815331e-01,  2.316079737594099e-01,  1.416140755714652e+01
s976        , -2.147573630129902e+01, -2.143368717291143e+01,  0.000000000000000e+00,  3.191489361702128e-01,  1.711794426251758e-01,  1.388945937920346e+01
s977        , -1.918950409415471e+01, -1.945966729260635e+01,  5.882352941176471e-02,  2.142857142857143e-01,  2.554937593923269e-01,  1.218543277821098e+01
s978        , -1.698999961978807e+01, -1.683110521237827e+01,  4.864048338368581e-01,  4.833836858006042e-02,  3.205821788383738e-01,  1.041276425293613e+01
s979        , -2.115978794608996e+01, -2.129197582999396e+01,  0.000000000000000e+00,  4.666666666666667e-01,  1.731042204213335e-01,  1.309357379121013e+01
s980        , -1.730989298326385e+01, -1.682196958970924e+01,  1.151079136690648e-01,  0.000000000000000e+00,  3.834339820575696e-01,  1.037786055082451e+01
s981        , -2.142850865946883e+01, -2.125250802384618e+01,  0.000000000000000e+00,  1.737089201877934e-01,  1.915289144337833e-01,  1.444826912383623e+01
s982        , -2.110948756566415e+01, -2.152358172697258e+01,  1.013215859030837e-01,  3.832599118942731e-01,  1.788081009356050e-01,  1.430600646871156e+01
s983        , -1.831465175322002e+01, -1.847027682042105e+01,  1.295546558704453e-01,  9.716599190283401e-02,  2.986250781644267e-01,  1.173503487181169e+01
s984        , -2.150201864035685e+01, -2.133388901994500e+01,  0.000000000000000e+00,  0.000000000000000e+00,  2.015535234551586e-01,  1.543635461480974e+01
s985        , -1.659952594735737e+01, -1.667446141863953e+01,  0.000000000000000e+00,  3.167938931297710e-01,  4.596714310941019e-01,  9.825000608535394e+00
s986        , -2.105203087443673e+01, -2.067901302362016e+01,  0.000000000000000e+00,  0.000000000000000e+00,  2.033196662672897e-01,  1.421388808536641e+01
s987        , -2.066592788190784e+01, -2.103949822097244e+01,  2.310606060606061e-01,  4.469696969696970e-01,  2.202352565098555e-01,  1.431473785475792e+01
s988        , -2.133344594608628e+01, -2.152615171729938e+01,  2.183544303797468e-01,  5.063291139240507e-01,  2.124891447285993e-01,  1.484186618471067e+01
s989        , -2.008246059204520e+01, -2.036414923946811e+01,  3.465346534653466e-02,  3.168316831683168e-01,  2.275021395021453e-01,  1.295538028841926e+01
s990        , -2.181814335912880e+01, -2.228481379423003e+01,  0.000000000000000e+00,  5.000000000000000e-01,  1.408259681281202e-01,  1.430418201795404e+01
s991        , -1.674874949890157e+01, -1.671543795016933e+01,  2.341137123745819e-02,  0.000000000000000e+00,  4.154566840623169e-01,  1.041247053735078e+01
s992        , -1.990187356431624e+01, -2.013759495439691e+01,  0.000000000000000e+00,  1.372549019607843e-01,  2.616197874987519e-01,  1.367574939888319e+01
s993        , -2.167451347953028e+01, -2.141799613155415e+01,  1.504424778761062e-01,  4.070796460176991e-01,  1.840442846580558e-01,  1.427679481330367e+01
s994        , -2.085856003252748e+01, -2.051004757679880e+01,  1.393728222996516e-01,  6.445993031358885e-01,  2.256233959759689e-01,  1.232726176070692e+01
s995        , -1.532250426373563e+01, -1.460081723220917e+01,  1.678082191780822e-01,  0.000000000000000e+00,  5.153010070329470e-01,  8.612521288666915e+00
s996        , -2.197589637081217e+01, -2.239758785795795e+01,  5.263157894736842e-02,  7.129186602870813e-01,  1.562060336723385e-01,  1.416652509795626e+01
s997        , -1.843774602570321e+01, -1.870201609251846e+01,  0.000000000000000e+00,  2.677824267782427e-01,  3.328719489549569e-01,  1.167788045728526e+01
s998        , -2.004154224207673e+01, -1.978360806086660e+01,  0.000000000000000e+00,  1.140350877192982e-01,  2.384085524674394e-01,  1.268108909483207e+01
s999        , -1.918982967461324e+01, -1.991582311643485e+01,  4.363636363636364e-02,  3.272727272727273e-01,  2.729601556805048e-01,  1.288258372937828e+01
s1000       , -2.386287011937712e+01, -2.372142966611884e+01,  0.000000000000000e+00,  4.646464646464646e-01,  1.199679300263669e-01,  1.682333019938849e+01
s1001       , -2.142986106465667e+01, -2.136986086934277e+01,  5.909090909090909e-02,  2.636363636363636e-01,  1.888573661924189e-01,  1.449236009743765e+01
s1002       , -1.703565403983971e+01, -1.704654278617062e+01,  4.030769230769231e-01,  0.000000000000000e+00,  3.208738301414947e-01,  1.072195658754672e+01
s1003       , -2.272857267296788e+01, -2.275175175789038e+01,  0.000000000000000e+00,  4.766355140186916e-01,  1.285774465705128e-01,  1.507246006498045e+01
s1004       , -1.957549960274314e+01, -1.911544065425909e+01,  0.000000000000000e+00,  1.176470588235294e-01,  2.627703106359125e-01,  1.181385366620019e+01
s1005       , -2.033955634118916e+01, -2.004958953719990e+01,  4.663212435233161e-02,  6.735751295336788e-02,  2.134822216950117e-01,  1.309467877813229e+01
s1006       , -2.103463075725037e+01, -2.149067395507250e+01,  0.000000000000000e+00,  0.000000000000000e+00,  2.235234393453725e-01,  1.611982419501173e+01
s1007       , -1.845815321471510e+01, -1.895876181971070e+01,  2.593856655290102e-01,  0.000000000000000e+00,  2.615522499469175e-01,  1.284421889213790e+01
s1008       , -2.105860584214290e+01, -2.105876469068504e+01,  0.000000000000000e+00,  5.066666666666667e-01,  1.813691106397906e-01,  1.264011945340512e+01
s1009       , -2.225664818829298e+01, -2.204165316053575e+01,  8.333333333333333e-02,  5.375000000000000e-01,  1.665273135482560e-01,  1.443659806460750e+01
s1010       , -2.029000137617794e+01, -2.045135659526201e+01,  0.000000000000000e+00,  1.170212765957447e-01,  1.957034946840009e-01,  1.320242644558132e+01
s1011       , -2.150175758271834e+01, -2.136308287026620e+01,  0.000000000000000e+00,  6.679389312977100e-01,  2.001225207865396e-01,  1.293947561413003e+01
s1012       , -1.789395613621291e+01, -1.811153897907504e+01,  0.000000000000000e+00,  2.052238805970149e-01,  3.598106214820054e-01,  1.125471782638213e+01
s1013       , -1.907481979836395e+01, -1.969096432701085e+01,  5.405405405405406e-02,  3.166023166023166e-01,  2.713756481870980e-01,  1.250137949850511e+01
s1014       , -1.701362802016618e+01, -1.713922510034791e+01,  0.000000000000000e+00,  1.847826086956522e-01,  4.168123069643445e-01,  1.046607073042243e+01
s1015       , -1.771043360260808e+01, -1.795944740914832e+01,  0.000000000000000e+00,  2.816901408450704e-01,  3.458745138912964e-01,  1.043105373490047e+01
s1016       , -2.325177194237830e+01, -2.278083450534740e+01,  3.809523809523810e-02,  4.095238095238095e-01,  1.563854338565167e-01,  1.600049900257526e+01
s1017       , -2.061131053204120e+01, -2.090491488207214e+01,  0.000000000000000e+00,  1.279620853080569e-01,  1.957406600814339e-01,  1.402968136631057e+01
s1018       , -1.637685178145171e+01, -1.594343989069539e+01,  1.048034934497817e-01,  0.000000000000000e+00,  4.253379771756947e-01,  9.391851443125473e+00
s1019       , -2.229355013298489e+01, -2.230351074094657e+01,  0.000000000000000e+00,  4.434389140271493e-01,  1.452226286016571e-01,  1.463074624087106e+01
s1020       , -1.626620443538163e+01, -1.602192545826774e+01,  4.303405572755418e-01,  0.000000000000000e+00,  3.549897841180646e-01,  9.451706880547947e+00
s1021       , -2.225684084822025e+01, -2.224623197132366e+01,  5.445544554455446e-02,  5.891089108910891e-01,  1.420289268802000e-01,  1.410436813547085e+01
s1022       , -1.619907626993357e+01, -1.606752900904279e+01,  1.072796934865900e-01,  0.000000000000000e+00,  4.196356604801031e-01,  9.538465716921277e+00
s1023       , -2.164326276096592e+01, -2.138163048538270e+01,  0.000000000000000e+00,  1.869158878504673e-02,  1.966610403621878e-01,  1.537160078782734e+01
s1024       , -1.814482992541786e+01, -1.821108186284456e+01,  0.000000000000000e+00,  0.000000000000000e+00,  3.142963198678594e-01,  1.142756618357285e+01
s1025       , -1.966276460675046e+01, -1.994612115669296e+01,  0.000000000000000e+00,  1.185567010309278e-01,  2.098365089794777e-01,  1.247635427993114e+01
s1026       , -1.787958226759213e+01, -1.758884069632224e+01,  2.280701754385965e-01,  0.000000000000000e+00,  3.127044610607456e-01,  1.100578495458461e+01
s1027       , -2.228548280106830e+01, -2.259917795550375e+01,  0.000000000000000e+00,  4.000000000000000e-01,  1.305344988068829e-01,  1.510464422050675e+01
s1028       , -1.939576101741603e+01, -1.932008731421710e+01,  6.557377049180328e-02,  0.000000000000000e+00,  2.518810843713787e-01,  1.268979491607855e+01
s1029       , -2.072177297910414e+01, -2.025512867008660e+01,  0.000000000000000e+00,  2.043010752688172e-01,  2.156094330430611e-01,  1.284398106992824e+01
s1030       , -2.116639743005703e+01, -2.068714402176355e+01,  7.853403141361257e-02,  1.570680628272251e-02,  1.931104576875297e-01,  1.426621977952033e+01
s1031       , -1.871817432191781e+01, -1.882035761557325e+01,  1.358024691358025e-01,  0.000000000000000e+00,  2.697957142274674e-01,  1.229143223883232e+01
s1032       , -1.793076662035363e+01, -1.875453347808458e+01,  3.026819923371648e-01,  3.601532567049809e-01,  2.754503927284651e-01,  1.148421012576948e+01
s1033       , -2.190726556241366e+01, -2.173945463314888e+01,  1.753731343283582e-01,  6.268656716417911e-01,  1.857169005292313e-01,  1.417652183436398e+01
s1034       , -1.655942363042545e+01, -1.671900047354903e+01,  2.111801242236025e-01,  0.000000000000000e+00,  3.599407533993905e-01,  1.010645559265062e+01
s1035       , -1.920990065585595e+01, -1.977768607656119e+01,  0.000000000000000e+00,  2.941176470588235e-01,  2.533674875635619e-01,  1.224930617228555e+01
s1036       , -1.624542641970273e+01, -1.587224523829295e+01,  0.000000000000000e+00,  0.000000000000000e+00,  4.291805627987016e-01,  8.956497933403799e+00
s1037       , -1.865413258865576e+01, -1.865518125743305e+01,  3.064516129032258e-01,  0.000000000000000e+00,  2.626139184201547e-01,  1.244619970004507e+01
s1038       , -2.303917859954092e+01, -2.311738445440037e+01,  0.000000000000000e+00,  5.583756345177665e-01,  1.283217331385079e-01,  1.545839751261079e+01
s1039       , -2.268866240524940e+01, -2.318819050533599e+01,  0.000000000000000e+00,  5.000000000000000e-01,  1.225287619691480e-01,  1.571372539146203e+01
s1040       , -2.002650999928207e+01, -2.042457930011863e+01,  2.187500000000000e-01,  4.179687500000000e-01,  2.304453200527994e-01,  1.338284469474207e+01
s1041       , -2.439240447433291e+01, -2.385632356854004e+01,  9.793814432989691e-02,  3.917525773195876e-01,  1.246323255968378e-01,  1.778092986637706e+01
